0.21,1,328.1,0.01,-0.06,32,-80,FWD,2.01;2.10;0.64;0.42;0.34;0.33;0.41;0.61;1.91;4.46;2.51;1.86;1.64;1.57;1.66;1.83,tick=173018 goal=0 lap=0 last=0.0 best=0.0
0.47,2,330.4,0.04,-0.05,32,-80,FWD,2.00;2.10;0.64;0.41;0.35;0.33;0.39;0.58;1.85;4.50;2.56;1.86;1.63;1.56;1.68;1.82,tick=173044 goal=0 lap=0 last=0.0 best=0.0
0.73,3,320.7,0.13,-0.21,32,-80,FWD,1.94;2.06;0.80;0.47;0.38;0.35;0.40;0.53;1.37;5.08;2.74;1.94;1.65;1.55;1.60;1.75,tick=173070 goal=0 lap=0 last=0.0 best=0.0
0.99,4,314.5,0.19,-0.33,32,-80,FWD,1.79;2.02;2.01;0.57;0.42;0.39;0.40;0.51;0.93;6.00;3.29;2.10;1.68;1.51;1.52;1.62,tick=173096 goal=0 lap=0 last=0.0 best=0.0
1.25,5,309.7,0.25,-0.41,32,-44.23166666666669,FWD,1.60;1.76;1.91;1.98;0.56;0.46;0.44;0.49;0.77;2.46;4.39;2.42;1.77;1.52;1.44;1.47,tick=173122 goal=0 lap=0 last=0.0 best=0.0
1.51,6,294.9,0.29,-0.27,32,-30.512500000000017,FWD,1.40;1.54;1.78;1.85;1.99;0.56;0.55;0.58;0.73;1.44;5.99;2.93;1.90;1.53;1.36;1.32,tick=173148 goal=0 lap=0 last=0.0 best=0.0
1.77,7,291.4,0.33,-0.20,32,-50.26083333333332,FWD,1.22;1.31;1.54;1.75;1.90;0.78;0.65;0.68;0.80;1.31;6.00;3.42;1.97;1.48;1.24;1.17,tick=173174 goal=0 lap=0 last=0.0 best=0.0
2.03,8,280.6,0.36,-0.40,32,-53.588333333333324,FWD,1.03;1.09;1.25;1.54;1.78;2.03;0.85;0.82;0.91;1.29;3.36;4.32;2.10;1.43;1.13;1.01,tick=173200 goal=0 lap=0 last=0.0 best=0.0
2.29,9,265.5,0.39,-0.42,16,-80,BEND,0.81;0.83;0.96;1.17;1.60;1.88;2.27;0.98;1.04;1.26;2.29;6.00;2.51;1.46;1.03;0.86,tick=173227 goal=0 lap=0 last=0.0 best=0.0
2.56,10,252.5,0.39,-0.66,16,-80,BEND,0.61;-1.00;0.67;0.83;1.13;1.65;2.01;2.52;1.18;1.30;1.77;3.78;4.25;1.68;1.01;0.72,tick=173253 goal=0 lap=0 last=0.0 best=0.0
3.03,11,227.7,0.30,-0.01,16,70,REV,0.39;0.33;0.31;0.36;0.44;0.68;1.25;2.04;2.63;1.50;1.59;2.01;3.57;4.80;1.28;0.61,tick=173300 goal=0 lap=0 last=0.0 best=0.0
3.29,12,227.4,0.13,0.18,16,70,REV,0.28;0.22;0.26;0.26;0.37;0.62;1.28;2.18;2.84;1.60;1.72;2.25;4.40;3.61;0.90;0.41,tick=173326 goal=0 lap=0 last=0.0 best=0.0
3.55,13,232.0,-0.02,-0.06,16,70,REV,0.24;0.20;0.21;0.24;0.34;0.61;1.41;2.25;2.93;1.64;1.78;2.41;5.99;2.69;0.73;0.34,tick=173352 goal=0 lap=0 last=0.0 best=0.0
4.02,14,218.3,-0.16,0.03,16,70,REV,0.36;0.29;0.28;0.31;0.40;0.60;1.16;2.03;2.63;1.57;1.62;2.00;3.45;5.22;1.28;0.56,tick=173399 goal=0 lap=0 last=0.0 best=0.0
4.28,15,222.3,-0.16,-0.20,16,70,REV,0.47;0.37;0.34;0.35;0.46;0.63;1.12;1.94;2.50;1.53;1.52;1.85;3.04;6.00;1.61;0.73,tick=173425 goal=0 lap=0 last=0.0 best=0.0
4.54,16,215.9,-0.14,-0.23,16,70,REV,0.58;0.45;0.40;0.40;0.44;0.61;0.95;1.70;2.25;2.85;1.43;1.62;2.44;6.00;2.46;1.02,tick=173451 goal=0 lap=0 last=0.0 best=0.0
4.80,17,208.9,-0.16,-0.25,16,-80,BEND,0.74;0.55;0.44;0.43;0.47;0.59;0.87;1.41;2.02;2.60;1.34;1.47;2.01;4.15;3.97;1.38,tick=173477 goal=0 lap=0 last=0.0 best=0.0
5.06,18,203.8,-0.11,0.17,16,-80,BEND,0.89;0.59;0.48;0.46;0.49;0.60;0.83;1.29;1.86;2.41;1.32;1.41;1.79;3.41;4.97;1.67,tick=173503 goal=0 lap=0 last=0.0 best=0.0
5.32,19,204.3,-0.06,0.08,16,-80,BEND,0.85;0.58;0.49;0.47;0.51;0.63;0.86;1.39;1.92;2.48;1.28;1.41;1.89;4.06;4.12;1.52,tick=173529 goal=0 lap=0 last=0.0 best=0.0
5.58,20,211.3,0.01,0.00,16,-80,BEND,0.83;0.58;0.48;0.49;0.53;0.67;0.89;1.44;1.94;2.52;1.28;1.41;1.95;4.69;3.79;1.49,tick=173555 goal=0 lap=0 last=0.0 best=0.0
5.84,21,210.2,0.05,-0.07,16,-80,BEND,0.84;0.59;0.50;0.47;0.51;0.65;0.89;1.41;1.92;2.48;1.27;1.40;1.91;4.22;3.95;1.51,tick=173581 goal=0 lap=0 last=0.0 best=0.0
6.10,22,205.3,0.09,-0.15,16,-80,BEND,0.88;0.60;0.48;0.46;0.50;0.59;0.85;1.34;1.89;2.45;1.32;1.40;1.85;3.66;4.55;1.60,tick=173607 goal=0 lap=0 last=0.0 best=0.0
6.36,23,200.0,0.12,-0.17,16,-80,BEND,0.88;0.59;0.48;0.46;0.49;0.55;0.77;1.23;1.83;2.39;1.36;1.40;1.75;3.13;5.62;1.77,tick=173633 goal=0 lap=0 last=0.0 best=0.0
6.62,24,193.9,0.14,-0.21,16,-80,BEND,0.99;0.63;0.47;0.44;0.44;0.52;0.72;1.10;1.81;2.29;2.98;1.40;1.65;2.66;6.00;2.12,tick=173659 goal=0 lap=0 last=0.0 best=0.0
6.88,25,188.4,0.16,-0.24,16,-80,BEND,1.13;0.65;0.47;0.42;0.41;0.50;0.61;0.96;1.65;2.21;2.79;1.40;1.58;2.26;6.00;2.85,tick=173685 goal=0 lap=0 last=0.0 best=0.0
7.14,26,181.1,0.17,-0.29,16,-80,BEND,1.37;0.70;0.49;0.39;0.38;0.43;0.57;0.88;1.46;2.12;2.68;1.43;1.52;1.97;3.65;4.50,tick=173711 goal=0 lap=0 last=0.0 best=0.0
7.40,27,168.7,0.20,-0.31,16,-80,BEND,1.83;0.84;0.53;0.43;0.40;0.42;0.53;0.74;1.24;2.06;2.59;1.51;1.50;1.76;2.79;5.99,tick=173737 goal=0 lap=0 last=0.0 best=0.0
7.67,28,164.1,0.19,-0.32,32,-80,FWD,3.00;1.06;0.61;0.45;0.40;0.43;0.50;0.68;1.11;1.84;2.46;2.99;1.48;1.63;2.23;6.00,tick=173764 goal=0 lap=0 last=0.0 best=0.0
7.93,29,153.5,0.25,-0.41,32,-80,FWD,5.71;1.48;0.80;0.51;0.44;0.42;0.46;0.62;0.97;1.66;2.32;2.87;1.48;1.48;1.89;3.09,tick=173790 goal=0 lap=0 last=0.0 best=0.0
8.19,30,140.8,0.28,-0.45,50,-80,FAST,6.00;2.89;1.08;0.67;0.52;0.47;0.50;0.59;0.89;1.42;2.25;2.69;1.51;1.43;1.58;2.22,tick=173816 goal=0 lap=0 last=0.0 best=0.0
8.45,31,125.5,0.36,-0.57,32,-80,FWD,2.56;6.00;1.95;0.96;0.68;0.58;0.55;0.61;0.79;1.20;1.92;2.51;2.92;1.41;1.38;1.67,tick=173839 goal=0 lap=0 last=0.0 best=0.0
8.71,32,111.3,0.40,-0.65,32,61.604166666666686,FWD,1.58;2.64;5.99;1.89;1.06;0.81;0.71;0.74;0.81;1.08;1.64;2.30;2.72;1.41;1.25;1.26,tick=173868 goal=0 lap=0 last=0.0 best=0.0
8.97,33,101.5,0.42,0.55,32,80,FWD,1.22;1.75;6.00;3.39;1.56;1.09;0.93;0.90;0.97;1.20;1.67;2.23;2.64;1.34;1.09;1.05,tick=173894 goal=0 lap=0 last=0.0 best=0.0
9.23,34,116.5,0.43,0.70,16,73.88499999999996,BEND,1.32;2.59;4.42;2.04;1.33;1.10;1.06;1.13;1.39;1.85;2.35;2.67;1.23;0.93;0.86;0.96,tick=173920 goal=0 lap=0 last=0.0 best=0.0
9.49,35,136.3,0.43,0.66,32,65.25249999999998,FWD,2.07;5.10;2.30;1.49;1.23;1.17;1.26;1.55;2.02;2.56;2.82;1.08;0.81;0.76;0.81;1.09,tick=173946 goal=0 lap=0 last=0.0 best=0.0
9.75,36,151.7,0.41,0.55,32,53.66583333333331,FWD,6.00;-1.00;1.61;1.27;1.22;1.28;1.54;2.08;2.69;2.99;1.09;0.78;0.70;0.75;0.96;1.61,tick=173972 goal=0 lap=0 last=0.0 best=0.0
10.01,37,169.3,0.45,0.46,32,33.34500000000001,FWD,3.12;1.77;1.32;1.17;1.21;1.45;1.94;2.68;3.21;1.32;0.87;0.71;0.76;0.89;1.34;6.00,tick=173998 goal=0 lap=0 last=0.0 best=0.0
10.27,38,181.3,0.45,0.29,32,-7.5383333333333145,FWD,2.02;1.32;1.11;1.06;1.21;1.63;2.40;3.22;2.02;1.08;0.85;0.81;0.88;1.15;2.31;4.23,tick=174024 goal=0 lap=0 last=0.0 best=0.0
10.53,39,0.0,0.47,-0.09,32,-80,FWD,1.55;1.08;0.94;0.96;1.12;1.63;2.61;3.55;1.94;1.15;0.94;0.94;1.04;1.47;6.00;2.99,tick=174050 goal=0 lap=0 last=0.0 best=0.0
10.79,40,174.8,0.47,-0.75,32,-51.429166666666674,FWD,1.71;1.04;0.84;0.79;0.89;1.19;2.00;3.29;3.91;1.53;1.13;1.03;1.07;1.36;2.81;4.26,tick=174076 goal=0 lap=0 last=0.0 best=0.0
11.05,41,156.3,0.49,-0.51,32,-36.21249999999999,FWD,3.07;1.42;0.90;0.75;0.73;0.83;1.18;2.19;3.68;4.17;1.51;1.17;1.08;1.12;1.48;4.32,tick=174102 goal=0 lap=0 last=0.0 best=0.0
11.31,42,146.3,0.48,-0.32,32,-80,FWD,6.00;1.97;1.10;0.81;0.73;0.77;0.94;1.50;3.08;4.38;1.93;1.27;1.06;1.04;-1.00;1.91,tick=174128 goal=0 lap=0 last=0.0 best=0.0
11.57,43,127.7,0.49,-0.79,32,16.948333333333327,FWD,2.56;4.96;1.63;1.05;0.82;0.79;0.85;1.14;2.05;3.92;4.58;1.50;1.07;0.95;0.96;1.20,tick=174155 goal=0 lap=0 last=0.0 best=0.0
11.84,44,113.8,0.50,0.17,16,-67.18833333333335,BEND,1.20;5.12;2.94;1.49;1.07;0.93;0.92;1.07;1.57;3.11;4.64;1.86;1.08;0.84;-1.00;0.85,tick=174181 goal=0 lap=0 last=0.0 best=0.0
12.10,45,112.9,0.47,-0.62,16,80,BEND,0.88;2.45;4.15;1.74;1.27;1.08;1.05;1.21;1.68;3.19;4.75;1.72;0.89;0.66;0.61;0.64,tick=174207 goal=0 lap=0 last=0.0 best=0.0
12.57,46,116.6,0.37,-0.02,16,-70,REV,0.51;2.66;3.65;1.86;1.44;1.31;1.38;1.62;2.45;4.34;5.12;0.63;0.39;0.29;0.26;0.33,tick=174254 goal=0 lap=0 last=0.0 best=0.0
12.83,47,114.2,0.19,-0.22,16,-70,REV,0.32;1.03;4.60;2.06;1.55;1.40;1.42;1.64;2.39;4.27;5.25;-1.00;0.24;0.19;0.19;0.22,tick=174280 goal=0 lap=0 last=0.0 best=0.0
13.09,48,109.3,0.02,-0.04,16,-70,REV,-1.00;0.54;6.00;2.35;1.64;1.42;1.44;1.60;2.22;3.91;5.30;0.43;0.22;0.16;0.15;0.17,tick=174303 goal=0 lap=0 last=0.0 best=0.0
13.56,49,113.5,-0.15,-0.01,16,-70,REV,0.33;1.04;4.57;2.07;1.53;1.37;1.41;1.64;2.38;4.23;5.25;0.49;0.29;0.20;0.19;0.21,tick=174353 goal=0 lap=0 last=0.0 best=0.0
13.82,50,118.0,0.00,0.22,16,-70,REV,0.43;1.80;3.91;1.92;1.47;1.33;1.38;1.62;2.44;4.34;5.18;0.57;0.33;0.24;0.24;0.30,tick=174379 goal=0 lap=0 last=0.0 best=0.0
14.08,51,123.4,-0.13,0.21,16,-70,REV,0.63;6.00;2.88;1.70;1.39;1.30;1.39;1.70;2.82;4.65;1.82;0.57;0.35;0.31;0.30;0.38,tick=174405 goal=0 lap=0 last=0.0 best=0.0
14.34,52,132.8,-0.14,0.21,16,80,BEND,0.94;6.00;2.31;1.57;1.31;1.27;1.39;1.87;3.27;4.91;1.30;0.56;0.39;0.36;0.35;0.45,tick=174431 goal=0 lap=0 last=0.0 best=0.0
14.60,53,132.9,-0.10,-0.21,16,80,BEND,1.21;5.80;2.13;1.50;1.29;1.24;1.42;1.93;3.43;4.92;1.18;0.57;0.42;0.36;0.40;0.53,tick=174457 goal=0 lap=0 last=0.0 best=0.0
14.86,54,127.8,-0.04,-0.10,16,80,BEND,0.98;6.00;2.35;1.57;1.32;1.23;1.35;1.77;3.03;4.70;1.58;0.65;0.46;0.38;0.40;0.53,tick=174483 goal=0 lap=0 last=0.0 best=0.0
15.12,55,128.1,-0.01,0.03,16,80,BEND,0.93;6.00;2.42;1.58;1.31;1.24;1.32;1.74;2.92;4.61;1.74;0.69;0.48;0.40;0.42;0.50,tick=174509 goal=0 lap=0 last=0.0 best=0.0
15.38,56,126.0,0.03,0.08,16,80,BEND,0.96;6.00;2.39;1.56;1.31;1.23;1.34;1.77;3.04;4.67;1.63;0.68;0.46;0.39;0.40;0.52,tick=174535 goal=0 lap=0 last=0.0 best=0.0
15.64,57,130.3,0.08,0.14,16,80,BEND,1.10;6.00;2.21;1.52;1.29;1.27;1.38;1.86;3.30;4.83;1.34;0.61;0.41;0.37;0.41;0.52,tick=174563 goal=0 lap=0 last=0.0 best=0.0
15.91,58,137.4,0.11,0.16,16,80,BEND,1.49;4.69;2.00;1.47;1.28;1.28;1.46;2.09;3.72;5.05;1.03;0.54;0.39;0.35;0.38;0.54,tick=174588 goal=0 lap=0 last=0.0 best=0.0
16.17,59,141.8,0.14,0.24,16,80,BEND,4.18;3.40;1.81;1.42;1.30;1.32;1.59;2.40;4.26;5.07;0.75;0.44;0.35;0.34;0.40;0.60,tick=174614 goal=0 lap=0 last=0.0 best=0.0
16.43,60,149.4,0.17,0.27,16,80,BEND,6.00;2.57;1.61;1.33;1.28;1.38;1.75;2.98;4.80;1.59;0.58;0.38;0.31;0.33;0.43;0.78,tick=174640 goal=0 lap=0 last=0.0 best=0.0
16.69,61,158.7,0.17,0.26,32,80,FWD,5.36;2.05;1.47;1.28;1.28;1.45;2.03;3.71;5.20;0.94;0.47;0.34;0.33;0.35;0.49;1.27,tick=174666 goal=0 lap=0 last=0.0 best=0.0
16.95,62,161.1,0.20,0.36,32,80,FWD,3.10;1.69;1.33;1.23;1.29;1.59;2.47;4.57;2.81;0.65;0.41;0.33;0.35;0.40;0.69;5.98,tick=174692 goal=0 lap=0 last=0.0 best=0.0
17.21,63,175.6,0.26,0.43,32,80,FWD,2.00;1.38;1.18;1.19;1.36;1.85;3.45;5.32;1.15;0.53;0.39;0.38;0.40;0.55;1.37;6.00,tick=174718 goal=0 lap=0 last=0.0 best=0.0
17.47,64,187.7,0.30,0.51,32,-41.26750000000002,FWD,1.42;1.12;1.09;1.18;1.49;2.40;4.80;2.65;0.77;0.53;0.45;0.49;0.61;1.08;6.00;2.47,tick=174744 goal=0 lap=0 last=0.0 best=0.0
17.73,65,197.1,0.36,-0.26,16,-64.83333333333331,BEND,1.10;0.96;0.96;1.11;1.51;2.90;5.41;1.82;0.80;0.61;0.58;0.66;0.93;2.16;5.37;1.66,tick=174770 goal=0 lap=0 last=0.0 best=0.0
17.99,66,189.0,0.34,-0.44,16,-80,BEND,1.10;0.86;0.82;0.87;1.10;1.75;4.39;5.88;1.26;0.82;0.71;0.74;0.92;1.57;6.00;2.00,tick=174796 goal=0 lap=0 last=0.0 best=0.0
18.25,67,175.0,0.34,-0.52,16,-46.142500000000005,BEND,1.27;0.82;0.71;0.71;0.80;1.14;2.10;5.35;2.81;1.13;-1.00;0.79;0.89;1.20;2.67;5.32,tick=174822 goal=0 lap=0 last=0.0 best=0.0
18.51,68,155.5,0.34,-0.27,16,-42.94333333333332,BEND,2.03;0.92;0.67;0.63;0.65;0.81;1.30;3.22;5.99;1.75;1.03;0.86;0.88;1.05;1.65;6.00,tick=174848 goal=0 lap=0 last=0.0 best=0.0
18.77,69,147.3,0.29,-0.24,32,-42.10916666666667,FWD,4.22;1.07;0.70;0.59;0.60;0.69;1.01;1.99;5.68;2.77;1.18;0.93;0.86;0.98;1.37;3.09,tick=174874 goal=0 lap=0 last=0.0 best=0.0
19.03,70,143.0,0.33,-0.27,32,-38.5675,FWD,6.00;1.38;0.75;0.58;0.57;0.62;0.81;1.50;4.61;5.99;1.34;0.98;0.88;0.93;1.18;2.12,tick=174900 goal=0 lap=0 last=0.0 best=0.0
19.29,71,135.3,0.36,-0.29,32,-28.961666666666662,FWD,5.06;2.27;0.90;0.61;0.56;0.59;0.71;1.18;2.93;6.00;1.62;1.02;0.87;0.88;1.03;1.58,tick=174926 goal=0 lap=0 last=0.0 best=0.0
19.55,72,129.3,0.38,-0.21,32,-11.64833333333333,FWD,2.69;5.63;1.21;0.74;0.61;0.60;0.68;1.02;2.19;6.00;2.15;1.09;0.86;0.83;0.89;1.23,tick=174952 goal=0 lap=0 last=0.0 best=0.0
19.81,73,121.0,0.42,-0.12,32,15.353333333333328,FWD,1.92;5.99;1.64;0.88;0.68;0.65;0.72;0.99;1.99;5.74;2.72;1.06;0.79;0.73;0.78;1.02,tick=174978 goal=0 lap=0 last=0.0 best=0.0
20.07,74,120.5,0.42,0.14,16,38.510000000000005,BEND,1.67;6.00;1.83;1.02;0.80;0.74;0.80;1.09;2.19;5.99;1.86;0.94;0.69;0.63;0.70;0.90,tick=175005 goal=0 lap=0 last=0.0 best=0.0
20.34,75,126.8,0.41,0.31,16,43.40916666666667,BEND,2.01;5.98;1.61;1.01;0.83;0.81;0.93;1.37;3.05;5.99;1.22;0.74;0.61;0.56;0.67;0.90,tick=175031 goal=0 lap=0 last=0.0 best=0.0
20.60,76,138.7,0.41,0.37,32,40.474166666666655,FWD,4.80;2.91;1.33;0.95;0.83;0.87;1.08;1.94;5.36;2.09;0.82;0.60;0.53;0.55;0.65;1.07,tick=175057 goal=0 lap=0 last=0.0 best=0.0
20.86,77,144.4,0.40,0.32,32,32.87916666666666,FWD,6.00;1.88;1.10;0.89;0.82;0.94;1.30;2.92;5.99;1.20;0.69;0.55;0.52;0.57;0.78;1.59,tick=175083 goal=0 lap=0 last=0.0 best=0.0
21.12,78,154.0,0.42,0.28,32,18.171666666666653,FWD,3.66;1.39;0.95;0.81;0.84;0.98;1.55;4.37;5.99;0.96;0.65;0.56;0.56;0.65;1.01;3.07,tick=175109 goal=0 lap=0 last=0.0 best=0.0
21.38,79,160.4,0.45,0.18,32,-80,FWD,2.24;1.10;0.84;0.74;0.78;1.02;1.80;6.00;1.94;0.91;0.67;0.59;0.63;0.81;-1.00;6.00,tick=175135 goal=0 lap=0 last=0.0 best=0.0
21.64,80,162.3,0.45,-0.71,32,2.424999999999983,FWD,2.52;1.07;0.76;0.67;0.69;0.84;1.35;4.85;2.90;1.13;0.79;0.68;0.70;0.86;1.37;5.21,tick=175161 goal=0 lap=0 last=0.0 best=0.0
21.90,81,144.8,0.46,-0.00,32,-80,FWD,6.00;1.58;0.90;0.69;0.67;0.72;0.94;1.81;6.00;1.76;0.97;0.74;0.73;-1.00;1.05;1.93,tick=175187 goal=0 lap=0 last=0.0 best=0.0
22.16,82,138.2,0.47,-0.76,32,19.884999999999994,FWD,6.00;2.24;1.03;0.71;0.65;0.66;0.83;1.32;5.38;2.65;1.13;0.79;0.71;0.72;0.89;1.47,tick=175213 goal=0 lap=0 last=0.0 best=0.0
22.42,83,126.1,0.49,0.17,16,30.53666666666666,BEND,1.90;6.00;1.63;0.95;0.76;0.72;0.80;1.06;2.18;6.00;1.48;0.85;0.67;0.64;0.70;0.96,tick=175239 goal=0 lap=0 last=0.0 best=0.0
22.68,84,130.6,0.48,0.32,16,36.029166666666676,BEND,2.58;4.34;1.44;0.95;0.81;0.78;0.92;1.35;4.12;3.63;1.05;0.69;0.57;0.58;0.68;0.99,tick=175265 goal=0 lap=0 last=0.0 best=0.0
22.94,85,138.6,0.44,0.31,32,34.48666666666667,FWD,6.00;2.47;1.22;0.90;0.82;0.85;1.08;1.84;5.98;1.67;0.81;0.61;0.53;0.56;0.70;1.21,tick=175291 goal=0 lap=0 last=0.0 best=0.0
23.20,86,148.8,0.44,0.30,32,25.849166666666665,FWD,6.00;1.77;1.07;0.84;0.81;0.90;1.24;2.62;6.00;1.20;0.71;0.56;0.54;0.60;0.83;1.69,tick=175317 goal=0 lap=0 last=0.0 best=0.0
23.46,87,158.2,0.44,0.23,32,9.981666666666673,FWD,3.51;1.34;0.92;0.77;0.77;0.93;1.46;5.04;2.66;1.00;0.68;0.57;0.58;0.69;1.05;3.18,tick=175343 goal=0 lap=0 last=0.0 best=0.0
23.72,88,161.4,0.47,0.09,32,-13.420833333333347,FWD,-1.00;1.08;0.79;0.69;0.72;0.93;1.58;6.00;2.06;0.98;0.71;0.63;0.66;0.83;1.39;6.00,tick=175369 goal=0 lap=0 last=0.0 best=0.0
23.98,89,164.2,0.47,-0.12,16,-33.06750000000001,BEND,1.92;0.94;0.70;0.61;0.65;0.82;1.40;6.00;2.30;1.10;0.81;0.72;0.76;0.95;1.56;6.00,tick=175395 goal=0 lap=0 last=0.0 best=0.0
24.24,90,156.8,0.46,-0.27,16,-39.54833333333334,BEND,2.50;0.94;0.65;0.57;0.56;0.69;1.05;3.28;3.67;1.37;0.93;0.80;0.80;0.96;1.44;4.41,tick=175421 goal=0 lap=0 last=0.0 best=0.0
24.50,91,147.9,0.44,-0.31,32,-80,FWD,5.98;1.21;0.71;0.56;0.52;0.58;0.80;1.60;5.99;1.86;1.08;-1.00;0.81;0.87;1.21;2.44,tick=175445 goal=0 lap=0 last=0.0 best=0.0
24.77,92,134.8,0.41,-0.67,32,-9.253333333333323,FWD,4.31;2.48;0.93;0.63;0.56;0.54;0.64;0.98;2.98;3.91;1.40;0.95;0.81;0.81;0.97;1.46,tick=175474 goal=0 lap=0 last=0.0 best=0.0
25.03,93,118.3,0.43,-0.08,32,12.124999999999995,FWD,1.75;6.00;1.67;0.87;0.67;0.60;0.65;0.83;1.47;6.00;2.06;1.06;0.81;0.74;0.78;1.00,tick=175500 goal=0 lap=0 last=0.0 best=0.0
25.29,94,122.0,0.44,0.09,16,42.11833333333332,BEND,1.52;5.99;1.95;1.02;0.76;0.70;0.75;0.95;1.73;5.99;1.79;0.92;0.69;0.61;0.66;0.88,tick=175526 goal=0 lap=0 last=0.0 best=0.0
25.55,95,127.4,0.42,0.37,16,46.386666666666656,BEND,1.74;6.00;1.68;1.00;0.82;0.79;0.87;1.21;2.62;6.00;1.20;0.69;0.56;0.55;0.60;0.84,tick=175552 goal=0 lap=0 last=0.0 best=0.0
25.81,96,134.5,0.42,0.35,32,44.17333333333333,FWD,4.07;3.00;1.32;0.93;0.82;0.86;1.06;1.69;6.00;1.83;0.80;0.57;0.51;0.51;0.61;1.00,tick=175578 goal=0 lap=0 last=0.0 best=0.0
26.07,97,151.9,0.38,0.36,32,-80,FWD,6.00;1.86;1.09;0.88;0.82;0.95;1.28;2.65;6.00;1.11;0.64;-1.00;0.49;0.55;0.75;1.52,tick=175604 goal=0 lap=0 last=0.0 best=0.0
26.33,98,146.6,0.41,-0.73,32,57.21583333333332,FWD,6.00;1.72;1.04;0.82;0.78;0.90;1.26;2.73;6.00;1.12;0.68;0.54;0.50;0.58;0.80;1.75,tick=175630 goal=0 lap=0 last=0.0 best=0.0
26.59,99,137.9,0.43,0.48,32,35.40083333333333,FWD,5.58;2.66;1.27;0.91;0.81;0.84;1.07;1.78;6.00;1.68;0.80;0.56;0.50;0.53;0.66;1.08,tick=175656 goal=0 lap=0 last=0.0 best=0.0
26.85,100,152.8,0.44,0.29,32,28.15,FWD,5.62;1.57;1.01;0.85;0.81;0.94;1.32;3.25;3.79;1.03;0.65;0.53;0.52;0.58;0.85;2.02,tick=175682 goal=0 lap=0 last=0.0 best=0.0
27.11,101,158.0,0.45,0.26,32,1.4566666666666652,FWD,2.57;1.16;0.85;0.76;0.76;0.97;1.60;6.00;1.97;0.90;0.64;0.57;0.59;0.74;1.19;5.46,tick=175708 goal=0 lap=0 last=0.0 best=0.0
27.37,102,165.1,0.46,0.02,16,-25.655833333333312,BEND,1.75;0.96;0.73;0.65;0.73;0.94;1.72;6.00;1.76;0.93;0.71;0.65;0.70;0.92;1.63;6.00,tick=175734 goal=0 lap=0 last=0.0 best=0.0
27.63,103,160.9,0.46,-0.25,16,-40.80833333333332,BEND,1.73;0.85;0.64;0.57;0.62;0.77;1.30;6.00;2.31;1.13;0.83;0.75;0.79;0.99;1.67;6.00,tick=175760 goal=0 lap=0 last=0.0 best=0.0
27.89,104,152.7,0.43,-0.32,16,-43.64999999999999,BEND,2.72;0.94;0.62;0.52;0.52;0.62;0.90;2.52;4.48;1.47;0.96;0.82;0.80;0.95;1.41;3.77,tick=175786 goal=0 lap=0 last=0.0 best=0.0
28.15,105,143.4,0.41,-0.33,32,-35.56083333333333,FWD,6.00;1.24;0.69;0.54;0.51;0.54;0.70;1.30;6.00;2.14;1.16;0.86;0.82;0.88;1.15;2.13,tick=175812 goal=0 lap=0 last=0.0 best=0.0
28.41,106,133.0,0.41,-0.29,32,-25.77833333333333,FWD,4.79;2.18;0.89;0.59;0.51;0.51;0.63;0.96;3.18;3.56;1.35;0.94;0.80;0.82;0.98;1.50,tick=175839 goal=0 lap=0 last=0.0 best=0.0
28.68,107,129.8,0.43,-0.23,32,-4.802500000000007,FWD,2.51;5.60;1.19;0.72;0.58;0.54;0.64;0.87;1.92;6.00;1.59;0.96;0.78;0.76;0.84;1.19,tick=175865 goal=0 lap=0 last=0.0 best=0.0
28.94,108,122.3,0.45,-0.04,16,80,BEND,1.82;6.00;1.55;-1.00;0.67;0.62;0.67;0.90;1.76;6.00;1.69;0.94;0.71;0.67;0.73;0.98,tick=175891 goal=0 lap=0 last=0.0 best=0.0
29.20,109,126.8,0.43,0.71,16,11.765,BEND,2.25;5.24;1.39;0.88;0.72;0.73;0.82;1.19;2.76;4.65;1.20;0.76;0.60;0.60;0.68;0.95,tick=175917 goal=0 lap=0 last=0.0 best=0.0
29.46,110,140.7,0.39,0.08,32,22.255833333333335,FWD,6.00;-1.00;1.04;0.80;0.73;0.79;1.02;1.84;6.00;1.59;0.82;0.63;0.56;0.60;0.80;1.40,tick=175943 goal=0 lap=0 last=0.0 best=0.0
29.72,111,148.7,0.41,0.18,32,17.156666666666666,FWD,5.99;1.70;0.99;0.78;0.74;0.81;1.06;2.16;6.00;1.35;0.77;0.60;0.58;0.61;0.84;1.66,tick=175969 goal=0 lap=0 last=0.0 best=0.0
29.98,112,152.7,0.41,0.13,32,7.722500000000003,FWD,5.29;1.42;0.89;0.74;0.72;0.81;1.16;2.77;4.68;1.18;0.75;0.60;0.60;0.67;0.95;2.23,tick=175995 goal=0 lap=0 last=0.0 best=0.0
30.24,113,153.0,0.44,0.08,32,-6.016666666666659,FWD,3.51;1.20;0.82;0.68;0.68;0.81;1.19;3.35;3.41;1.14;0.75;0.65;0.63;0.74;1.10;3.00,tick=176021 goal=0 lap=0 last=0.0 best=0.0
30.50,114,153.6,0.45,-0.06,32,-14.866666666666655,FWD,3.11;1.11;0.75;0.64;0.62;0.75;1.14;3.27;3.47;1.21;0.81;0.66;0.68;0.79;1.19;3.38,tick=176047 goal=0 lap=0 last=0.0 best=0.0
30.76,115,154.8,0.46,-0.10,32,-25.25333333333333,FWD,3.74;1.11;0.74;0.59;0.58;0.68;0.97;2.46;4.80;1.37;0.89;0.74;0.72;0.83;1.19;2.93,tick=176073 goal=0 lap=0 last=0.0 best=0.0
31.02,116,146.5,0.46,-0.22,32,-24.52166666666667,FWD,6.00;1.27;0.72;0.57;0.54;0.59;0.84;1.69;5.97;1.69;0.99;0.78;0.75;0.80;1.10;2.24,tick=176099 goal=0 lap=0 last=0.0 best=0.0
31.28,117,141.8,0.45,-0.25,32,-16.91999999999999,FWD,5.99;1.64;0.81;0.61;0.55;0.59;0.75;1.26;5.99;2.21;1.11;0.81;0.74;0.78;0.97;1.70,tick=176125 goal=0 lap=0 last=0.0 best=0.0
31.56,118,134.9,0.00,-0.14,32,-3.55916666666666,FWD,-1.00;2.66;1.00;0.70;0.60;0.59;0.73;1.07;3.42;3.31;1.22;0.85;0.71;0.71;0.86;1.31,tick=176153 goal=0 lap=0 last=0.0 best=0.0
31.82,119,0.0,0.48,-0.06,32,-80,FWD,2.63;4.11;1.24;0.79;0.66;0.66;0.77;1.09;2.73;4.31;1.23;-1.00;0.66;0.65;0.73;1.08,tick=176179 goal=0 lap=0 last=0.0 best=0.0
32.08,120,123.2,0.49,-0.81,16,76.32583333333335,BEND,1.44;6.00;1.89;1.00;0.76;0.69;0.77;0.99;1.82;5.99;1.53;0.81;0.60;0.57;0.60;0.79,tick=176205 goal=0 lap=0 last=0.0 best=0.0
32.34,121,111.3,0.48,0.77,16,80,BEND,0.75;2.02;4.56;-1.00;1.03;0.87;0.85;1.00;1.52;4.21;2.38;0.77;0.51;0.44;0.46;0.50,tick=176231 goal=0 lap=0 last=0.0 best=0.0
32.61,122,128.8,0.44,0.72,16,80,BEND,1.43;5.54;1.76;1.17;0.97;0.97;1.11;1.64;4.29;2.04;0.64;0.43;0.32;0.32;0.38;0.57,tick=176258 goal=0 lap=0 last=0.0 best=0.0
32.87,123,153.6,0.43,0.65,32,66.72,FWD,6.00;1.87;1.18;0.99;0.96;1.11;1.59;3.76;2.50;0.66;0.42;0.34;0.32;0.37;0.54;1.21,tick=176284 goal=0 lap=0 last=0.0 best=0.0
33.13,124,166.5,0.40,0.49,32,38.611666666666665,FWD,2.03;1.17;0.94;0.88;0.98;1.35;2.73;5.97;0.90;0.50;-1.00;0.38;0.42;0.60;1.13;6.00,tick=176310 goal=0 lap=0 last=0.0 best=0.0
33.39,125,185.4,0.41,0.35,16,-79.36249999999998,BEND,1.19;0.86;0.76;0.80;0.99;1.65;5.99;1.74;0.80;0.58;0.51;0.52;0.65;1.07;5.08;2.58,tick=176336 goal=0 lap=0 last=0.0 best=0.0
33.65,126,180.5,0.41,-0.67,16,-80,BEND,0.94;0.70;0.61;0.66;0.81;1.35;5.99;2.17;1.02;0.74;0.69;0.68;0.85;1.41;6.00;2.01,tick=176362 goal=0 lap=0 last=0.0 best=0.0
33.91,127,166.2,0.37,-0.63,16,-45.00166666666667,BEND,1.42;0.73;0.56;0.53;0.56;0.69;1.26;5.99;2.19;1.12;0.82;0.76;0.82;1.04;1.82;5.98,tick=176388 goal=0 lap=0 last=0.0 best=0.0
34.17,128,150.5,0.37,-0.30,16,-44.77000000000002,BEND,4.77;0.98;0.59;0.49;0.45;0.52;0.72;1.60;6.00;1.72;1.05;0.83;0.79;0.90;1.24;2.70,tick=176414 goal=0 lap=0 last=0.0 best=0.0
34.43,129,142.5,0.35,-0.29,32,-35.75666666666667,FWD,6.00;1.47;0.70;0.52;0.45;0.50;0.61;1.04;6.00;2.60;1.24;0.90;0.80;0.82;1.05;1.76,tick=176440 goal=0 lap=0 last=0.0 best=0.0
34.69,130,131.6,0.35,-0.27,32,-21.135833333333338,FWD,3.38;2.91;0.93;0.60;0.50;0.51;0.58;-1.00;2.24;4.76;1.45;0.94;0.79;0.79;0.90;1.31,tick=176466 goal=0 lap=0 last=0.0 best=0.0
34.95,131,122.5,0.39,-0.17,32,1.2583333333333258,FWD,2.12;6.00;1.26;0.74;0.58;0.56;0.60;0.81;1.67;6.00;1.69;0.96;0.74;0.71;0.78;1.06,tick=176492 goal=0 lap=0 last=0.0 best=0.0
35.21,132,122.3,0.41,0.01,16,24.12833333333334,BEND,1.66;6.00;1.60;0.87;0.67;0.62;0.69;0.87;1.66;6.00;1.69;0.91;0.68;0.63;0.69;0.91,tick=176518 goal=0 lap=0 last=0.0 best=0.0
35.47,133,123.4,0.41,0.20,16,37.91166666666666,BEND,1.61;5.99;1.64;0.95;0.72;0.70;0.77;1.04;2.07;6.00;1.31;0.76;0.60;0.57;0.61;0.81,tick=176544 goal=0 lap=0 last=0.0 best=0.0
35.73,134,131.1,0.38,0.29,16,44.404999999999994,BEND,2.13;4.58;1.44;0.93;0.78;0.78;0.90;1.32;3.41;3.13;0.94;0.61;0.50;0.50;0.58;0.85,tick=176570 goal=0 lap=0 last=0.0 best=0.0
35.99,135,133.2,0.36,0.31,32,42.196666666666665,FWD,6.00;2.45;1.19;0.88;0.80;0.84;1.04;1.79;6.00;1.47;0.72;0.51;0.47;0.50;0.62;1.04,tick=176596 goal=0 lap=0 last=0.0 best=0.0
36.25,136,151.7,0.36,0.32,32,32.12499999999999,FWD,6.00;1.67;1.03;0.82;0.78;0.87;1.24;2.69;5.21;1.02;0.60;0.49;0.46;0.52;0.74;1.56,tick=176622 goal=0 lap=0 last=0.0 best=0.0
36.51,137,156.0,0.39,0.27,32,16.19833333333333,FWD,3.06;1.25;0.88;0.76;0.77;0.93;1.47;5.15;2.14;0.86;0.60;0.53;0.51;0.61;0.96;3.27,tick=176648 goal=0 lap=0 last=0.0 best=0.0
36.77,138,162.8,0.41,0.15,16,-6.921666666666656,BEND,1.98;1.00;0.76;0.68;0.73;0.94;1.62;6.00;1.65;0.83;0.61;0.55;0.60;0.77;1.31;6.00,tick=176674 goal=0 lap=0 last=0.0 best=0.0
37.03,139,167.7,0.41,-0.09,16,-80,BEND,1.66;0.87;0.65;0.62;0.66;0.84;1.54;6.00;1.76;0.93;-1.00;0.64;-1.00;0.89;1.59;5.99,tick=176701 goal=0 lap=0 last=0.0 best=0.0
37.30,140,158.5,0.40,-0.61,16,-22.614166666666662,BEND,2.24;0.91;0.61;0.54;0.57;0.66;1.06;3.63;3.05;1.21;0.84;0.71;0.73;0.88;1.37;4.53,tick=176727 goal=0 lap=0 last=0.0 best=0.0
37.56,141,142.5,0.36,-0.14,32,-80,FWD,5.98;1.31;0.71;0.54;0.51;0.54;0.74;1.41;5.99;1.87;1.03;0.78;0.72;0.80;-1.00;1.92,tick=176753 goal=0 lap=0 last=0.0 best=0.0
37.82,142,133.5,0.36,-0.60,32,-1.8016666666666659,FWD,4.44;2.22;0.90;0.62;0.53;0.55;0.64;1.03;3.45;3.13;1.23;0.83;0.71;0.75;0.88;1.35,tick=176779 goal=0 lap=0 last=0.0 best=0.0
38.08,143,120.9,0.39,-0.02,16,14.175000000000008,BEND,1.84;6.00;1.41;0.82;0.64;0.59;0.63;0.86;1.67;6.00;1.62;0.89;0.69;0.67;0.71;0.94,tick=176805 goal=0 lap=0 last=0.0 best=0.0
38.34,144,125.8,0.37,0.13,16,29.03,BEND,1.71;6.00;1.53;0.89;0.68;0.65;0.74;0.97;1.97;6.00;1.36;0.79;0.64;0.58;0.65;0.87,tick=176831 goal=0 lap=0 last=0.0 best=0.0
38.60,145,127.9,0.38,0.19,16,41.16500000000001,BEND,1.97;5.40;1.41;0.92;0.75;0.71;0.82;1.19;2.79;4.19;1.04;0.65;0.53;0.51;0.59;0.84,tick=176857 goal=0 lap=0 last=0.0 best=0.0
38.86,146,134.7,0.36,0.29,16,38.14083333333334,BEND,3.47;2.92;1.22;0.87;0.76;0.78;0.95;1.51;5.72;1.93;0.79;0.57;0.50;0.48;0.61;0.95,tick=176883 goal=0 lap=0 last=0.0 best=0.0
39.12,147,144.9,0.32,0.24,32,36.248333333333335,FWD,6.00;1.94;1.07;0.83;0.75;0.83;1.08;2.06;5.99;1.23;0.66;0.49;0.47;0.50;0.67;1.23,tick=176909 goal=0 lap=0 last=0.0 best=0.0
39.38,148,151.4,0.35,0.21,32,27.109166666666653,FWD,5.39;1.48;0.95;0.79;0.76;0.88;1.24;3.00;3.69;0.97;0.61;0.51;0.49;0.56;0.81;1.88,tick=176935 goal=0 lap=0 last=0.0 best=0.0
39.64,149,157.1,0.39,0.19,32,7.517499999999993,FWD,2.77;1.16;0.81;0.71;0.74;0.89;1.44;5.35;2.10;0.86;0.60;0.52;0.55;0.67;1.03;3.70,tick=176961 goal=0 lap=0 last=0.0 best=0.0
39.90,150,164.3,0.41,0.10,16,-13.947500000000016,BEND,1.97;0.97;0.74;0.64;0.69;0.86;1.50;6.00;1.81;0.88;0.65;0.59;0.62;0.78;1.34;6.00,tick=176987 goal=0 lap=0 last=0.0 best=0.0
40.16,151,166.1,0.40,-0.14,16,-29.52416666666666,BEND,1.75;0.87;0.63;0.56;0.60;0.79;1.34;6.00;2.01;0.96;0.72;0.65;0.68;0.88;1.48;6.00,tick=177013 goal=0 lap=0 last=0.0 best=0.0
40.42,152,161.0,0.37,-0.21,16,-37.719166666666666,BEND,2.08;0.86;0.60;0.52;0.52;0.66;1.03;3.68;2.97;1.20;0.83;0.73;0.72;0.87;1.41;4.81,tick=177039 goal=0 lap=0 last=0.0 best=0.0
40.68,153,149.1,0.36,-0.27,16,-35.77000000000001,BEND,3.85;0.97;0.59;0.51;0.50;0.55;0.80;1.80;6.00;1.52;0.95;0.77;0.75;0.84;1.19;2.74,tick=177065 goal=0 lap=0 last=0.0 best=0.0
40.94,154,147.0,0.36,-0.21,32,-33.14999999999999,FWD,5.99;1.27;0.68;0.53;0.48;0.52;0.67;1.20;5.98;2.06;1.09;0.82;0.73;0.82;1.05;1.88,tick=177091 goal=0 lap=0 last=0.0 best=0.0
41.20,155,135.1,0.36,-0.24,32,-23.39000000000001,FWD,5.35;1.88;0.81;0.56;0.50;0.50;0.61;0.98;3.69;2.98;1.22;0.87;0.75;0.77;0.92;1.46,tick=177117 goal=0 lap=0 last=0.0 best=0.0
41.47,156,126.6,0.40,-0.16,32,-10.617499999999996,FWD,2.89;3.40;1.01;0.65;0.51;0.53;0.64;0.87;2.21;4.82;1.37;0.87;0.74;0.72;0.83;1.20,tick=177144 goal=0 lap=0 last=0.0 best=0.0
41.73,157,124.1,0.38,-0.12,32,10.744166666666663,FWD,2.07;5.99;1.26;0.73;0.61;0.59;0.64;0.89;1.89;6.00;1.41;0.85;0.68;0.64;0.74;1.00,tick=177170 goal=0 lap=0 last=0.0 best=0.0
41.99,158,124.9,0.42,0.07,16,28.54416666666668,BEND,1.83;6.00;1.43;0.86;0.68;0.66;0.72;0.98;2.08;6.00;1.27;0.78;0.61;0.58;0.64;0.88,tick=177196 goal=0 lap=0 last=0.0 best=0.0
42.25,159,127.6,0.42,0.24,16,34.81416666666666,BEND,2.12;4.53;1.36;0.88;0.72;0.71;0.82;1.18;3.03;3.46;1.01;0.65;0.54;0.52;0.61;0.85,tick=177222 goal=0 lap=0 last=0.0 best=0.0
42.51,160,138.4,0.40,0.30,16,34.221666666666664,BEND,4.24;2.60;1.18;0.84;0.73;0.75;0.96;1.55;6.00;1.72;0.77;0.55;0.48;0.50;0.61;0.96,tick=177248 goal=0 lap=0 last=0.0 best=0.0
42.77,161,145.8,0.36,0.25,32,31.768333333333345,FWD,5.98;1.82;1.02;0.78;0.77;0.84;1.10;2.12;6.00;1.15;-1.00;0.51;0.45;0.52;0.69;1.30,tick=177274 goal=0 lap=0 last=0.0 best=0.0
43.03,162,150.7,0.37,0.27,32,19.99416666666666,FWD,4.68;1.38;0.91;0.74;0.74;0.84;1.24;3.13;3.27;0.93;0.60;0.49;0.49;0.56;0.82;2.01,tick=177300 goal=0 lap=0 last=0.0 best=0.0
43.29,163,161.9,0.41,0.17,32,6.425833333333339,FWD,2.63;1.13;0.79;0.68;0.72;0.88;1.37;5.40;2.06;0.87;0.62;0.52;0.53;0.64;1.04;3.89,tick=177326 goal=0 lap=0 last=0.0 best=0.0
43.55,164,161.4,0.42,0.06,16,80,BEND,1.96;0.94;0.69;-1.00;0.65;0.83;1.39;6.00;1.88;0.91;0.65;-1.00;0.60;0.77;1.30;6.00,tick=177352 goal=0 lap=0 last=0.0 best=0.0
43.81,165,167.3,0.42,0.64,16,-77.605,BEND,1.20;0.73;0.55;0.54;0.62;0.83;1.77;6.00;1.50;0.89;0.68;0.68;0.74;1.02;2.09;5.98,tick=177378 goal=0 lap=0 last=0.0 best=0.0
44.07,166,180.3,0.40,-0.64,16,-80,BEND,0.72;0.51;0.42;0.44;0.52;0.78;2.77;3.43;1.36;0.93;0.80;0.80;0.95;1.49;4.85;1.79,tick=177404 goal=0 lap=0 last=0.0 best=0.0
44.33,167,160.8,0.36,-0.60,16,40.2525,BEND,1.07;0.52;-1.00;0.32;0.37;0.44;0.74;4.64;2.83;1.35;0.98;0.87;0.92;1.14;1.91;6.00,tick=177430 goal=0 lap=0 last=0.0 best=0.0
44.59,168,152.0,0.36,0.26,16,-80,BEND,1.91;0.56;0.37;0.31;0.31;0.37;0.51;1.30;6.00;1.74;1.13;0.93;0.91;1.06;1.50;3.76,tick=177456 goal=0 lap=0 last=0.0 best=0.0
44.85,169,149.4,0.32,-0.52,16,34.72333333333335,BEND,1.58;0.51;-1.00;0.27;0.27;0.32;0.47;1.20;5.85;1.78;1.16;0.96;0.94;1.11;1.60;4.09,tick=177483 goal=0 lap=0 last=0.0 best=0.0
45.12,170,140.4,0.32,0.26,16,-80,BEND,6.00;0.64;0.36;0.27;0.27;0.27;0.37;0.69;5.99;2.44;1.31;1.02;0.96;1.04;1.37;2.54,tick=177509 goal=0 lap=0 last=0.0 best=0.0
45.38,171,143.4,0.32,0.00,16,-80,BEND,6.00;0.62;0.35;0.27;0.25;0.27;0.36;0.67;5.99;2.46;1.35;1.04;0.94;1.04;1.37;2.51,tick=177535 goal=0 lap=0 last=0.0 best=0.0
45.64,172,129.3,0.30,-0.46,32,-74.37083333333332,FWD,3.73;1.83;0.52;0.34;0.26;0.28;0.31;0.46;1.09;5.97;1.83;1.17;0.96;0.95;1.07;1.54,tick=177561 goal=0 lap=0 last=0.0 best=0.0
45.90,173,119.3,0.31,-0.49,32,-48.583333333333336,FWD,1.81;6.00;1.13;0.49;0.37;0.32;0.33;0.42;0.69;-1.00;3.11;1.39;1.00;0.89;0.91;1.14,tick=177587 goal=0 lap=0 last=0.0 best=0.0
46.16,174,102.0,0.35,-0.37,16,80,BEND,1.17;2.40;5.88;0.97;0.56;0.45;0.45;0.47;0.66;-1.00;6.00;1.76;1.02;0.83;0.78;0.87,tick=177613 goal=0 lap=0 last=0.0 best=0.0
46.42,175,102.5,0.37,0.56,16,80,BEND,0.95;1.78;5.98;1.33;0.77;0.60;0.55;0.60;0.83;1.60;6.00;1.57;0.89;0.68;0.62;0.71,tick=177639 goal=0 lap=0 last=0.0 best=0.0
46.68,176,118.8,0.33,0.53,16,40.03749999999999,BEND,1.19;6.00;2.06;1.01;0.73;0.66;0.70;0.88;1.50;5.98;1.70;0.82;0.60;0.56;0.55;0.72,tick=177665 goal=0 lap=0 last=0.0 best=0.0
46.94,177,125.8,0.32,0.26,16,42.21333333333334,BEND,2.02;4.46;1.36;0.88;0.74;0.73;0.83;1.23;3.12;3.14;0.94;0.59;0.49;0.47;0.56;0.81,tick=177691 goal=0 lap=0 last=0.0 best=0.0
47.20,178,136.3,0.31,0.25,16,39.90083333333335,BEND,4.41;2.51;1.16;0.84;0.74;0.80;0.97;1.59;6.00;1.57;0.73;0.50;0.46;0.48;0.60;0.95,tick=177717 goal=0 lap=0 last=0.0 best=0.0
47.46,179,145.0,0.29,0.25,32,35.714999999999996,FWD,5.99;1.78;1.00;0.81;0.76;0.81;1.09;2.16;6.00;1.08;0.61;0.48;0.43;0.49;0.64;1.26,tick=177743 goal=0 lap=0 last=0.0 best=0.0
47.72,180,154.4,0.32,0.22,32,24.015,FWD,4.52;1.38;0.89;0.74;0.73;0.87;1.25;3.17;3.00;0.89;0.57;0.50;0.47;0.54;0.78;1.95,tick=177769 goal=0 lap=0 last=0.0 best=0.0
47.98,181,156.3,0.35,0.14,32,9.09583333333335,FWD,2.59;1.11;0.79;0.67;0.71;0.87;1.40;5.64;1.93;0.82;0.58;0.51;0.52;0.64;0.98;3.83,tick=177795 goal=0 lap=0 last=0.0 best=0.0
48.24,182,163.7,0.38,0.07,16,-80,BEND,1.91;0.95;0.70;0.63;0.69;0.85;1.49;-1.00;1.72;0.85;0.62;-1.00;0.57;0.76;1.26;6.00,tick=177821 goal=0 lap=0 last=0.0 best=0.0
48.50,183,157.8,0.00,-0.63,16,-5.984166666666663,BEND,1.98;0.90;0.66;0.56;0.58;0.70;1.21;5.53;2.22;1.00;0.69;0.59;0.65;0.80;1.29;5.58,tick=177847 goal=0 lap=0 last=0.0 best=0.0
48.76,184,144.7,0.35,-0.04,32,-16.865833333333327,FWD,6.00;1.29;0.74;0.57;0.54;0.59;0.81;1.58;6.00;1.55;0.88;0.69;0.65;0.72;0.96;1.83,tick=177873 goal=0 lap=0 last=0.0 best=0.0
49.02,185,140.7,0.36,-0.13,32,-12.332499999999996,FWD,5.98;1.40;0.76;0.58;0.53;0.59;0.76;1.43;6.00;1.73;0.92;0.71;0.64;0.70;0.90;1.66,tick=177899 goal=0 lap=0 last=0.0 best=0.0
49.28,186,139.1,0.38,-0.10,32,-7.1483333333333405,FWD,6.00;1.65;0.80;0.61;0.56;0.57;0.74;1.25;5.98;1.99;0.98;0.71;0.63;0.68;0.84;1.44,tick=177925 goal=0 lap=0 last=0.0 best=0.0
49.54,187,136.7,0.43,-0.06,32,-1.3416666666666628,FWD,5.91;1.92;0.88;0.64;0.58;0.59;0.73;1.21;5.75;2.19;0.99;0.71;0.62;0.64;0.80;1.30,tick=177952 goal=0 lap=0 last=0.0 best=0.0
49.81,188,138.8,0.44,-0.04,32,5.993333333333344,FWD,4.81;2.12;0.93;0.67;0.58;0.61;0.75;1.19;5.02;2.24;0.96;0.67;0.59;0.62;0.74;1.20,tick=177978 goal=0 lap=0 last=0.0 best=0.0
50.07,189,133.6,0.44,0.05,32,10.445833333333338,FWD,4.93;2.17;0.97;0.68;0.61;0.64;0.79;1.28;5.68;2.07;0.89;0.64;0.56;0.59;0.71;1.18,tick=178004 goal=0 lap=0 last=0.0 best=0.0
50.33,190,138.5,0.45,0.10,32,14.502500000000005,FWD,6.00;1.99;0.98;0.71;0.63;0.65;0.85;1.41;5.99;1.76;0.84;0.60;0.55;0.57;0.71;1.19,tick=178030 goal=0 lap=0 last=0.0 best=0.0
50.59,191,139.4,0.45,0.14,32,13.978333333333342,FWD,6.00;1.73;0.92;0.70;0.66;0.69;0.90;1.63;6.00;1.46;0.77;0.58;0.52;0.56;0.75;-1.00,tick=178056 goal=0 lap=0 last=0.0 best=0.0
50.85,192,146.8,0.49,0.13,32,9.422500000000005,FWD,6.00;1.46;0.85;0.68;0.64;0.73;0.95;1.93;5.99;1.25;0.71;0.57;0.52;0.59;0.80;1.59,tick=178082 goal=0 lap=0 last=0.0 best=0.0
51.11,193,149.8,0.49,0.09,32,1.0233333333333388,FWD,5.25;1.26;0.77;0.63;0.63;0.70;0.99;2.27;5.11;1.17;0.69;0.58;0.55;0.63;0.87;1.98,tick=178108 goal=0 lap=0 last=0.0 best=0.0
51.37,194,149.0,0.49,0.03,32,-80,FWD,3.99;1.12;0.73;0.61;0.60;0.67;0.98;2.37;4.30;1.18;0.74;-1.00;0.58;0.67;0.99;2.33,tick=178131 goal=0 lap=0 last=0.0 best=0.0
51.63,195,143.5,0.49,-0.81,32,14.615833333333345,FWD,6.00;1.42;0.78;0.60;0.56;0.58;0.79;1.45;5.99;1.63;0.89;0.67;0.62;0.67;0.86;1.59,tick=178160 goal=0 lap=0 last=0.0 best=0.0
51.89,196,128.1,0.49,0.12,16,80,BEND,2.26;4.11;1.19;0.75;-1.00;0.61;0.71;0.99;2.42;4.16;1.13;0.70;0.59;0.56;0.66;0.96,tick=178186 goal=0 lap=0 last=0.0 best=0.0
52.15,197,139.8,0.49,0.75,32,-3.1291666666666735,FWD,5.99;1.89;0.97;0.70;0.65;0.67;0.87;1.51;6.00;1.56;0.78;0.58;0.53;0.55;0.71;1.20,tick=178210 goal=0 lap=0 last=0.0 best=0.0
52.41,198,155.1,0.47,-0.01,32,-80,FWD,2.80;1.08;0.72;0.63;0.63;0.74;1.13;3.56;2.61;0.97;0.65;-1.00;0.57;0.68;1.03;3.08,tick=178238 goal=0 lap=0 last=0.0 best=0.0
52.67,199,147.3,0.47,-0.77,32,80,FWD,6.00;1.22;-1.00;0.59;0.55;0.64;0.88;1.86;6.00;1.32;0.78;0.62;0.60;0.68;0.92;1.91,tick=178264 goal=0 lap=0 last=0.0 best=0.0
52.93,200,136.3,0.49,0.79,32,-14.12916666666666,FWD,4.08;2.27;0.97;0.68;0.60;0.60;0.75;1.19;4.46;2.26;0.95;0.65;0.57;0.60;0.69;1.12,tick=178290 goal=0 lap=0 last=0.0 best=0.0
53.19,201,150.9,0.48,-0.15,32,-3.779166666666666,FWD,4.43;1.14;0.72;0.59;0.59;0.65;0.95;2.22;4.76;1.20;0.74;0.60;0.58;0.68;0.94;2.18,tick=178316 goal=0 lap=0 last=0.0 best=0.0
53.45,202,150.8,0.49,-0.04,32,-10.995000000000001,FWD,6.00;1.20;0.72;0.57;0.55;0.60;0.84;1.77;5.99;1.36;0.80;0.63;0.61;0.67;0.92;1.91,tick=178342 goal=0 lap=0 last=0.0 best=0.0
53.71,203,143.3,0.50,-0.09,32,-12.900000000000006,FWD,6.00;1.25;0.73;0.55;0.52;0.60;0.78;1.54;6.00;1.48;0.85;0.67;0.63;0.68;0.91;1.76,tick=178368 goal=0 lap=0 last=0.0 best=0.0
53.97,204,142.9,0.49,-0.17,32,-7.952500000000015,FWD,6.00;1.46;0.77;0.57;0.54;0.56;0.74;1.31;6.00;1.73;0.91;0.68;0.62;0.67;0.85;1.52,tick=178394 goal=0 lap=0 last=0.0 best=0.0
54.23,205,139.8,0.52,-0.03,32,-3.249166666666672,FWD,5.99;1.73;0.84;0.62;0.54;0.59;0.70;1.19;6.00;1.99;0.94;0.67;0.60;0.65;0.78;1.32,tick=178420 goal=0 lap=0 last=0.0 best=0.0
54.49,206,138.4,0.50,-0.01,32,4.970000000000004,FWD,5.07;2.02;0.92;0.64;0.58;0.59;0.74;1.18;5.33;2.10;0.92;0.66;0.58;0.60;0.72;1.18,tick=178447 goal=0 lap=0 last=0.0 best=0.0
54.76,207,137.0,0.50,0.04,32,12.147499999999999,FWD,4.87;2.11;0.94;0.68;0.60;0.62;0.76;1.26;5.71;1.97;0.86;0.61;0.55;0.56;0.69;1.13,tick=178473 goal=0 lap=0 last=0.0 best=0.0
55.02,208,141.0,0.51,0.09,32,15.523333333333326,FWD,5.99;1.92;0.95;0.69;0.64;0.63;0.83;1.40;6.00;1.65;0.78;0.59;0.53;0.54;0.69;1.15,tick=178499 goal=0 lap=0 last=0.0 best=0.0
55.28,209,142.1,0.51,0.16,32,11.84333333333333,FWD,6.00;1.59;0.86;0.70;0.62;0.68;0.90;1.69;6.00;1.32;0.71;0.56;0.50;0.56;0.73;1.34,tick=178525 goal=0 lap=0 last=0.0 best=0.0
55.54,210,148.6,0.00,0.14,32,4.029166666666665,FWD,5.99;1.32;0.81;0.64;0.59;0.69;0.96;2.03;6.00;1.14;0.69;0.54;0.52;0.61;0.81;1.68,tick=178551 goal=0 lap=0 last=0.0 best=0.0
55.80,211,150.0,0.52,0.06,32,-3.0441666666666687,FWD,4.41;1.16;0.73;0.61;0.60;0.68;0.96;2.26;4.46;1.12;0.71;0.57;0.57;0.64;0.90;2.07,tick=178577 goal=0 lap=0 last=0.0 best=0.0
56.06,212,150.1,0.52,-0.05,32,-11.25166666666667,FWD,3.95;1.09;0.69;0.55;0.56;0.64;0.92;2.14;4.51;1.17;0.73;0.61;0.58;0.67;0.98;2.27,tick=178603 goal=0 lap=0 last=0.0 best=0.0
56.32,213,152.2,0.51,-0.14,32,-16.940833333333337,FWD,4.92;1.08;0.67;0.53;0.51;0.59;0.82;1.78;6.00;1.32;0.82;0.65;0.63;0.71;0.97;2.12,tick=178629 goal=0 lap=0 last=0.0 best=0.0
56.58,214,147.0,0.53,-0.19,32,-17.04249999999999,FWD,5.98;1.19;0.67;0.53;0.51;0.54;0.71;1.39;6.00;1.57;0.89;0.69;0.64;0.70;0.93;1.75,tick=178655 goal=0 lap=0 last=0.0 best=0.0
56.84,215,140.5,0.51,-0.17,32,-9.794166666666666,FWD,6.00;1.50;0.75;0.55;0.49;0.53;0.67;1.12;6.00;1.96;0.95;0.69;0.62;0.65;0.84;1.41,tick=178681 goal=0 lap=0 last=0.0 best=0.0
57.10,216,136.4,0.51,-0.13,32,-0.4333333333333389,FWD,4.17;2.05;0.87;0.62;0.52;0.54;0.66;1.04;3.88;2.44;1.00;0.72;0.60;0.61;0.75;1.18,tick=178705 goal=0 lap=0 last=0.0 best=0.0
57.36,217,135.3,0.52,-0.02,32,80,FWD,3.13;2.55;0.98;0.66;-1.00;0.60;0.71;1.07;3.36;2.58;0.97;0.65;0.59;0.57;0.67;1.04,tick=178733 goal=0 lap=0 last=0.0 best=0.0
57.62,218,146.2,0.51,0.82,32,-7.743333333333322,FWD,6.00;1.72;0.91;0.67;0.59;0.66;0.82;1.47;6.00;1.48;0.76;0.57;0.52;0.53;0.69;1.21,tick=178759 goal=0 lap=0 last=0.0 best=0.0
57.88,219,160.8,0.50,-0.06,16,-12.038333333333329,BEND,-1.00;0.92;0.64;0.55;0.59;0.70;1.08;4.05;2.28;0.93;0.66;0.57;0.59;0.69;1.08;3.84,tick=178785 goal=0 lap=0 last=0.0 best=0.0
58.14,220,155.5,0.49,-0.10,16,-25.517500000000016,BEND,2.46;0.88;0.59;0.50;0.50;0.59;0.89;2.62;3.17;1.11;0.73;0.63;0.64;0.75;1.10;3.13,tick=178811 goal=0 lap=0 last=0.0 best=0.0
58.40,221,149.6,0.47,-0.26,16,-27.01833333333333,BEND,3.96;0.94;0.60;0.47;0.46;0.52;0.73;1.65;6.00;1.36;0.85;0.69;0.64;0.76;1.04;2.32,tick=178837 goal=0 lap=0 last=0.0 best=0.0
58.66,222,140.9,0.43,-0.22,32,-23.83749999999999,FWD,5.99;1.19;0.64;0.50;0.44;0.49;0.63;1.16;6.00;1.78;0.95;0.72;0.66;0.72;0.92;1.68,tick=178863 goal=0 lap=0 last=0.0 best=0.0
58.92,223,135.3,0.41,-0.22,32,-18.247500000000006,FWD,5.20;1.69;0.73;0.51;0.46;0.47;0.58;0.94;3.91;2.46;1.06;0.77;0.66;0.68;0.83;1.30,tick=178890 goal=0 lap=0 last=0.0 best=0.0
59.19,224,132.1,0.46,-0.14,32,-2.9958333333333327,FWD,2.79;2.75;0.91;0.59;0.49;0.50;0.60;0.87;2.34;3.55;1.15;0.74;0.63;0.62;0.71;1.05,tick=178913 goal=0 lap=0 last=0.0 best=0.0
59.45,225,129.1,0.44,-0.02,16,15.690833333333332,BEND,2.05;4.32;1.12;0.71;0.56;0.57;0.64;0.89;2.10;4.64;1.14;0.71;0.57;0.55;0.63;0.92,tick=178942 goal=0 lap=0 last=0.0 best=0.0
59.71,226,131.8,0.44,0.15,16,26.305833333333347,BEND,1.99;4.06;1.19;0.76;0.62;0.61;0.72;1.02;2.54;3.44;0.97;0.61;0.50;0.50;0.57;0.83,tick=178968 goal=0 lap=0 last=0.0 best=0.0
59.97,227,138.8,0.41,0.19,16,33.787499999999994,BEND,2.77;2.77;1.13;0.78;0.66;0.68;0.82;1.25;4.29;1.94;0.75;0.54;0.45;0.46;0.54;0.85,tick=178994 goal=0 lap=0 last=0.0 best=0.0
60.23,228,145.1,0.00,0.31,16,29.220000000000006,BEND,6.00;1.90;0.98;0.74;0.68;0.72;0.92;1.65;6.00;1.24;0.63;0.46;0.43;0.44;0.58;0.99,tick=179020 goal=0 lap=0 last=0.0 best=0.0
60.49,229,151.6,0.34,0.21,32,26.10916666666667,FWD,6.00;1.45;0.87;0.71;0.66;0.76;-1.00;-1.00;5.12;0.95;0.56;0.46;0.43;0.46;0.67;1.41,tick=179046 goal=0 lap=0 last=0.0 best=0.0
60.75,230,157.7,0.37,0.20,32,80,FWD,3.30;1.16;0.77;-1.00;0.65;0.77;1.17;3.26;2.46;0.84;0.56;0.46;0.46;0.52;0.81;2.23,tick=179072 goal=0 lap=0 last=0.0 best=0.0
61.01,231,166.3,0.41,0.63,16,-28.067500000000003,BEND,1.59;0.85;0.64;0.59;0.64;0.84;1.51;6.00;1.39;0.73;0.57;0.52;0.56;0.72;1.26;5.99,tick=179098 goal=0 lap=0 last=0.0 best=0.0
61.27,232,177.7,0.39,-0.20,16,-76.67250000000001,BEND,0.87;0.57;0.50;0.49;0.59;0.86;2.47;3.26;1.10;0.74;0.61;0.60;0.73;1.08;3.00;2.49,tick=179122 goal=0 lap=0 last=0.0 best=0.0
61.53,233,162.3,0.37,-0.60,16,-58.715833333333336,BEND,0.97;0.55;0.41;0.40;0.42;0.57;1.05;6.00;1.81;0.98;0.76;0.69;0.76;0.99;1.89;6.00,tick=179150 goal=0 lap=0 last=0.0 best=0.0
61.79,234,152.8,0.34,-0.44,16,80,BEND,2.36;0.65;0.42;0.37;0.33;-1.00;0.56;1.38;5.61;1.51;0.95;0.79;0.78;0.87;1.24;2.96,tick=179176 goal=0 lap=0 last=0.0 best=0.0
62.05,235,145.7,0.33,0.54,16,-79.72500000000001,BEND,5.99;0.80;0.47;0.36;0.34;0.37;0.49;0.94;6.00;1.88;1.05;0.82;0.76;0.84;1.10;2.10,tick=179200 goal=0 lap=0 last=0.0 best=0.0
62.31,236,150.7,0.33,-0.50,16,-67.99833333333333,BEND,1.52;0.54;0.36;0.31;0.29;0.36;0.53;1.54;4.21;1.43;0.95;0.80;0.79;0.96;1.40;3.91,tick=179228 goal=0 lap=0 last=0.0 best=0.0
62.57,237,144.8,0.33,0.00,16,-74.42166666666667,BEND,5.99;0.87;0.42;0.32;0.28;0.30;0.38;0.67;5.26;2.46;1.20;0.91;0.82;0.85;1.07;1.82,tick=179254 goal=0 lap=0 last=0.0 best=0.0
62.83,238,127.0,0.30,-0.48,32,-41.592499999999994,FWD,2.70;2.82;0.64;0.42;0.34;0.32;0.35;0.50;1.13;6.00;1.63;0.99;0.80;0.78;0.89;1.23,tick=179280 goal=0 lap=0 last=0.0 best=0.0
63.09,239,117.1,0.34,-0.22,16,-20.816666666666663,BEND,1.52;5.99;1.22;0.57;0.42;0.37;0.42;0.48;0.82;4.49;2.39;1.10;0.79;0.71;0.74;0.92,tick=179307 goal=0 lap=0 last=0.0 best=0.0
63.36,240,108.4,0.31,-0.13,16,28.533333333333324,BEND,1.09;3.03;2.37;0.83;0.56;0.48;0.47;0.55;0.82;2.36;3.33;1.13;0.77;0.64;0.63;0.75,tick=179333 goal=0 lap=0 last=0.0 best=0.0
63.62,241,108.5,0.32,0.20,16,65.705,BEND,0.91;2.49;2.96;1.03;0.68;0.59;0.57;0.68;1.00;2.77;2.89;0.96;0.62;0.52;0.52;0.63,tick=179359 goal=0 lap=0 last=0.0 best=0.0
63.88,242,118.4,0.32,0.41,16,55.01916666666666,BEND,1.00;5.99;1.97;0.97;0.73;0.63;0.68;0.88;1.47;6.00;1.38;0.66;0.50;0.43;0.45;0.57,tick=179385 goal=0 lap=0 last=0.0 best=0.0
64.14,243,126.9,0.29,0.34,16,52.650833333333345,BEND,1.46;5.15;1.41;0.87;0.73;0.71;0.81;1.15;2.73;3.00;0.77;0.48;0.38;0.38;0.44;0.62,tick=179411 goal=0 lap=0 last=0.0 best=0.0
64.40,244,136.9,0.29,0.32,16,48.13166666666668,BEND,3.69;2.43;1.12;0.80;0.74;0.76;0.95;1.58;5.99;1.22;0.56;0.40;0.35;0.37;0.46;0.76,tick=179437 goal=0 lap=0 last=0.0 best=0.0
64.66,245,145.1,0.28,0.28,32,43.28583333333333,FWD,6.00;1.63;0.96;0.77;0.71;0.82;1.09;2.27;5.99;0.80;0.46;0.37;0.36;0.39;0.52;1.06,tick=179463 goal=0 lap=0 last=0.0 best=0.0
64.92,246,154.6,0.30,0.26,32,33.1275,FWD,3.45;1.24;0.84;0.72;0.71;0.85;1.28;3.75;1.88;0.67;0.45;0.38;0.39;0.43;0.67;1.90,tick=179489 goal=0 lap=0 last=0.0 best=0.0
65.18,247,162.7,0.36,0.21,16,16.308333333333334,BEND,2.00;0.98;0.72;0.69;0.69;0.89;1.51;6.00;1.30;0.62;0.47;0.42;0.45;0.54;0.95;6.00,tick=179515 goal=0 lap=0 last=0.0 best=0.0
65.44,248,166.9,0.34,0.08,16,-9.880833333333326,BEND,1.42;0.81;0.64;0.58;0.65;0.88;1.67;6.00;1.19;0.68;0.50;0.48;0.54;0.70;1.35;6.00,tick=179541 goal=0 lap=0 last=0.0 best=0.0
65.70,249,168.9,0.33,-0.08,16,-35.89916666666665,BEND,1.17;0.67;0.54;0.51;0.55;0.76;1.55;5.99;1.31;0.76;0.59;0.56;0.60;0.85;1.67;6.00,tick=179567 goal=0 lap=0 last=0.0 best=0.0
65.96,250,168.0,0.33,-0.24,16,-46.50916666666667,BEND,1.19;0.63;0.48;0.46;0.47;0.61;1.12;5.98;1.71;0.91;0.69;0.63;0.69;0.88;1.60;6.00,tick=179593 goal=0 lap=0 last=0.0 best=0.0
66.22,251,157.3,0.00,-0.29,16,-48.291666666666664,BEND,1.56;0.64;0.45;0.39;0.40;0.49;0.77;2.79;2.82;1.14;0.79;0.69;0.71;0.84;1.33;4.60,tick=179619 goal=0 lap=0 last=0.0 best=0.0
66.48,252,146.5,0.28,-0.26,16,-45.513333333333335,BEND,3.60;0.78;0.45;0.39;0.37;0.43;0.56;1.25;6.00;1.54;0.92;0.75;0.71;0.79;1.10;2.38,tick=179645 goal=0 lap=0 last=0.0 best=0.0
66.74,253,137.5,0.28,-0.27,32,-39.295000000000016,FWD,6.00;1.06;0.53;0.41;0.36;0.39;0.49;0.83;6.00;2.19;1.08;0.79;0.73;0.73;0.94;1.62,tick=179671 goal=0 lap=0 last=0.0 best=0.0
67.00,254,134.0,0.31,-0.23,32,-31.02916666666666,FWD,3.60;1.81;0.66;0.45;0.38;0.38;0.47;0.69;2.04;3.47;1.24;0.83;0.70;0.69;0.84;1.25,tick=179697 goal=0 lap=0 last=0.0 best=0.0
67.26,255,125.8,0.35,-0.22,16,-13.395000000000008,BEND,2.07;4.88;0.92;0.54;0.45;0.41;0.47;0.66;1.39;5.98;1.40;0.83;0.69;0.66;0.72;0.99,tick=179723 goal=0 lap=0 last=0.0 best=0.0
67.53,256,0.0,0.34,-0.07,16,9.150000000000007,BEND,1.50;6.00;1.28;0.68;0.53;0.48;0.52;0.69;1.26;6.00;1.54;0.82;0.62;0.58;0.63;0.81,tick=179750 goal=0 lap=0 last=0.0 best=0.0
67.79,257,119.0,0.32,0.08,16,29.180833333333325,BEND,1.26;6.00;1.52;0.79;0.60;0.55;0.59;0.77;1.39;6.00;1.39;0.74;0.56;0.51;0.55;0.70,tick=179776 goal=0 lap=0 last=0.0 best=0.0
68.05,258,123.7,0.34,0.19,16,41.903333333333336,BEND,1.26;6.00;1.46;0.83;0.66;0.60;0.69;0.93;1.83;5.99;1.05;0.60;0.47;0.43;0.48;0.62,tick=179802 goal=0 lap=0 last=0.0 best=0.0
68.31,259,131.3,0.33,0.26,16,47.819999999999986,BEND,1.64;4.21;1.27;0.83;0.70;0.69;0.79;1.14;2.89;2.59;0.76;0.47;0.40;0.39;0.46;0.66,tick=179828 goal=0 lap=0 last=0.0 best=0.0
68.57,260,134.5,0.30,0.28,16,44.51833333333334,BEND,3.76;2.32;1.07;0.78;0.70;0.73;0.89;1.50;6.00;1.25;0.59;0.41;0.35;0.37;0.48;0.75,tick=179854 goal=0 lap=0 last=0.0 best=0.0
68.83,261,147.9,0.29,0.24,32,80,FWD,5.99;1.58;0.93;0.74;0.69;-1.00;1.04;2.13;6.00;0.85;0.49;0.39;0.35;0.39;0.54;1.08,tick=179881 goal=0 lap=0 last=0.0 best=0.0
69.09,262,160.5,0.29,0.52,32,18.19333333333333,FWD,2.81;1.15;0.78;0.68;0.71;0.82;1.31;4.53;1.64;0.65;0.45;0.38;0.39;0.47;0.73;2.43,tick=179906 goal=0 lap=0 last=0.0 best=0.0
69.35,263,172.1,0.36,0.09,16,80,BEND,1.41;0.81;-1.00;0.63;0.67;0.91;1.85;6.00;1.05;0.61;0.47;0.44;0.49;0.64;1.30;6.00,tick=179932 goal=0 lap=0 last=0.0 best=0.0
69.61,264,176.2,0.35,0.52,16,-72.42833333333333,BEND,0.94;0.64;0.54;0.53;0.62;0.94;2.71;2.80;0.97;0.64;0.54;0.53;0.64;0.95;2.63;2.67,tick=179958 goal=0 lap=0 last=0.0 best=0.0
70.08,265,176.2,0.27,0.00,16,70,REV,0.58;0.39;0.31;0.33;0.37;0.56;1.57;4.04;1.34;0.91;0.74;0.75;0.88;1.29;3.51;1.69,tick=180005 goal=0 lap=0 last=0.0 best=0.0
70.34,266,179.4,0.10,0.11,16,70,REV,0.44;0.30;0.27;0.27;0.32;0.50;1.61;3.61;1.36;0.93;0.81;0.81;0.96;1.48;4.61;1.15,tick=180031 goal=0 lap=0 last=0.0 best=0.0
70.60,267,183.0,-0.04,-0.04,16,70,REV,0.41;0.27;0.25;0.28;0.32;0.50;1.85;3.21;1.35;0.94;0.81;0.84;1.02;1.56;5.72;0.97,tick=180057 goal=0 lap=0 last=0.0 best=0.0
71.08,268,171.9,-0.14,0.01,16,70,REV,0.62;0.40;0.33;0.31;0.35;0.51;1.17;6.00;1.52;0.96;0.77;0.74;0.85;1.20;2.74;2.44,tick=180105 goal=0 lap=0 last=0.0 best=0.0
71.34,269,173.2,-0.16,-0.22,16,70,REV,0.75;0.45;0.36;0.35;0.38;0.53;1.15;5.99;1.55;0.94;0.75;0.69;0.80;1.09;2.29;4.00,tick=180131 goal=0 lap=0 last=0.0 best=0.0
71.60,270,165.8,-0.13,-0.22,16,70,REV,1.05;0.54;0.41;0.38;0.41;0.52;0.93;6.00;1.90;0.97;0.76;0.68;0.72;0.93;1.65;6.00,tick=180157 goal=0 lap=0 last=0.0 best=0.0
71.86,271,158.2,-0.14,-0.23,16,-43.38166666666667,BEND,1.55;0.67;0.46;0.40;0.43;0.51;0.80;2.99;2.61;1.09;0.77;0.66;0.68;0.81;1.28;4.61,tick=180183 goal=0 lap=0 last=0.0 best=0.0
72.12,272,153.0,-0.11,0.09,16,-43.64666666666667,BEND,2.06;0.74;0.50;0.42;0.44;0.50;0.75;2.21;3.27;1.16;0.76;0.65;0.64;0.75;1.14;3.25,tick=180209 goal=0 lap=0 last=0.0 best=0.0
72.38,273,161.3,-0.06,0.04,16,80,BEND,1.79;0.71;0.48;0.43;-1.00;0.52;0.83;2.83;2.70;1.06;0.74;0.62;0.64;0.79;1.19;3.95,tick=180235 goal=0 lap=0 last=0.0 best=0.0
72.64,274,161.5,0.01,0.02,16,-43.805,BEND,1.72;0.73;0.51;0.43;0.45;0.53;0.84;3.06;2.59;1.06;0.71;0.65;0.66;0.79;1.22;4.18,tick=180261 goal=0 lap=0 last=0.0 best=0.0
72.90,275,158.3,0.05,0.00,16,-42.39416666666666,BEND,1.68;0.70;0.49;0.45;0.45;0.54;0.85;3.13;2.55;1.04;0.72;0.64;0.65;0.79;1.23;4.34,tick=180287 goal=0 lap=0 last=0.0 best=0.0
73.16,276,154.8,0.08,-0.11,16,-39.770833333333336,BEND,1.85;0.71;0.49;0.43;0.43;0.53;0.79;2.53;2.90;1.10;0.75;0.64;0.64;0.79;1.18;3.68,tick=180313 goal=0 lap=0 last=0.0 best=0.0
73.42,277,154.8,0.10,-0.07,16,-40.66416666666666,BEND,2.20;0.74;0.50;0.43;0.41;0.49;0.73;1.99;3.63;1.21;0.78;0.68;0.63;0.76;1.13;3.03,tick=180339 goal=0 lap=0 last=0.0 best=0.0
73.68,278,151.4,0.14,-0.13,16,-39.36833333333335,BEND,2.95;0.79;0.49;0.41;0.41;0.46;0.65;1.56;5.13;1.30;0.83;0.67;0.64;0.76;1.08;2.49,tick=180365 goal=0 lap=0 last=0.0 best=0.0
73.94,279,145.3,0.15,-0.13,16,-39.68083333333333,BEND,5.26;0.86;0.52;0.41;0.39;0.43;0.60;1.26;6.00;1.49;0.88;0.69;0.67;0.74;1.01;2.07,tick=180391 goal=0 lap=0 last=0.0 best=0.0
74.20,280,142.3,0.15,-0.14,16,-36.62583333333333,BEND,5.98;0.98;0.55;0.42;0.39;0.40;0.55;1.04;5.99;1.73;0.91;0.71;0.67;0.71;0.96;1.75,tick=180418 goal=0 lap=0 last=0.0 best=0.0
74.47,281,140.4,0.19,-0.16,32,-32.944999999999986,FWD,5.99;1.19;0.59;0.43;0.40;0.40;0.51;0.86;6.00;2.12;0.99;0.74;0.65;0.71;0.88;1.47,tick=180444 goal=0 lap=0 last=0.0 best=0.0
74.73,282,133.4,0.22,-0.15,32,-26.58333333333335,FWD,4.46;1.58;0.67;0.45;0.40;0.41;0.51;0.79;2.91;2.66;1.08;0.76;0.65;0.67;0.80;1.27,tick=180470 goal=0 lap=0 last=0.0 best=0.0
74.99,283,134.9,0.27,-0.14,32,-15.515,FWD,2.81;2.41;0.79;0.52;0.43;0.46;0.50;0.74;1.96;3.69;1.17;0.77;0.64;0.64;0.74;1.09,tick=180496 goal=0 lap=0 last=0.0 best=0.0
75.25,284,130.0,0.31,-0.12,16,-1.8224999999999887,BEND,2.04;4.19;0.94;0.59;0.49;0.46;0.53;0.74;1.67;5.72;1.23;0.77;0.61;0.58;0.65;0.93,tick=180522 goal=0 lap=0 last=0.0 best=0.0
75.51,285,122.7,0.33,-0.00,16,13.656666666666666,BEND,-1.00;6.00;1.14;0.67;0.54;0.52;0.57;0.78;1.64;6.00;1.19;0.71;0.55;0.54;0.60;0.82,tick=180548 goal=0 lap=0 last=0.0 best=0.0
75.77,286,126.2,0.31,0.11,16,24.68916666666667,BEND,1.57;5.98;1.21;0.74;0.59;0.57;0.64;0.88;1.90;5.69;1.04;0.62;0.52;0.49;0.55;0.75,tick=180574 goal=0 lap=0 last=0.0 best=0.0
76.03,287,128.6,0.28,0.16,16,32.60916666666667,BEND,1.78;4.01;1.17;0.76;0.62;0.59;0.72;1.04;2.55;3.04;0.86;0.55;0.46;0.44;0.50;0.72,tick=180600 goal=0 lap=0 last=0.0 best=0.0
76.29,288,0.0,0.31,0.19,16,34.903333333333336,BEND,2.54;2.67;1.07;0.74;0.65;0.67;0.77;1.24;4.25;1.75;0.69;0.49;0.43;0.42;0.49;0.76,tick=180626 goal=0 lap=0 last=0.0 best=0.0
76.55,289,141.2,0.30,0.23,16,32.333333333333336,BEND,5.98;1.91;0.96;0.72;0.67;0.69;0.89;1.54;5.98;1.17;0.57;0.45;0.41;0.42;0.53;0.90,tick=180652 goal=0 lap=0 last=0.0 best=0.0
76.81,290,145.7,0.27,0.18,32,32.62999999999998,FWD,6.00;1.53;0.87;0.72;0.66;0.73;0.97;1.98;6.00;0.91;0.53;0.43;0.38;0.43;0.56;1.14,tick=180678 goal=0 lap=0 last=0.0 best=0.0
77.07,291,152.3,0.33,0.18,32,23.2375,FWD,4.25;1.23;0.79;0.65;0.65;0.73;1.08;2.66;2.82;0.80;0.49;0.41;0.40;0.46;0.67;1.63,tick=180704 goal=0 lap=0 last=0.0 best=0.0
77.33,292,159.1,0.34,0.16,32,8.956666666666658,FWD,2.42;1.00;0.71;0.61;0.61;0.75;1.19;4.23;1.82;0.74;0.52;0.43;0.46;0.55;0.84;2.90,tick=180730 goal=0 lap=0 last=0.0 best=0.0
77.59,293,161.5,0.37,0.09,16,-7.285833333333331,BEND,1.80;0.83;0.63;0.56;0.57;0.73;1.20;6.00;1.61;0.79;0.55;0.48;0.50;0.64;1.05;5.48,tick=180756 goal=0 lap=0 last=0.0 best=0.0
77.85,294,161.1,0.36,-0.09,16,-23.685833333333328,BEND,1.54;0.75;0.55;0.48;0.51;0.64;1.10;6.00;1.78;0.85;0.61;0.55;0.58;0.72;1.21;5.99,tick=180782 goal=0 lap=0 last=0.0 best=0.0
78.11,295,160.1,0.35,-0.14,16,-33.855000000000004,BEND,1.60;0.70;0.50;0.43;0.43;0.57;0.90;3.82;2.24;0.96;0.69;0.59;0.62;0.75;1.22;4.84,tick=180808 goal=0 lap=0 last=0.0 best=0.0
78.37,296,151.6,0.35,-0.24,16,80,BEND,2.36;0.73;-1.00;0.41;0.39;0.46;0.67;1.74;4.04;1.22;0.79;0.65;0.66;0.75;1.09;2.76,tick=180835 goal=0 lap=0 last=0.0 best=0.0
78.64,297,157.4,0.32,0.49,16,-65.92416666666668,BEND,2.16;0.67;0.44;0.38;0.38;0.43;0.64;1.69;4.00;1.26;0.82;0.67;0.67;0.77;1.16;2.91,tick=180861 goal=0 lap=0 last=0.0 best=0.0
78.90,298,158.9,0.32,-0.41,16,-80,BEND,1.08;0.50;0.36;0.33;0.34;0.43;0.70;3.67;2.42;1.13;0.79;0.70;0.74;-1.00;1.50;6.00,tick=180887 goal=0 lap=0 last=0.0 best=0.0
79.16,299,146.7,0.30,-0.50,16,-52.10749999999999,BEND,4.11;0.66;0.38;0.31;0.30;0.32;0.47;0.94;6.00;1.67;0.97;0.76;0.73;0.82;1.11;2.26,tick=180913 goal=0 lap=0 last=0.0 best=0.0
79.42,300,138.2,0.31,-0.32,32,-48.785833333333336,FWD,4.79;1.24;0.51;0.34;0.30;0.30;0.36;0.60;2.09;3.05;1.23;0.86;0.74;0.76;0.90;1.40,tick=180939 goal=0 lap=0 last=0.0 best=0.0
79.68,301,122.4,0.30,-0.31,32,-32.22833333333334,FWD,2.25;3.75;0.71;0.43;0.37;0.34;0.37;0.52;1.13;6.00;1.52;0.90;0.72;0.71;0.78;1.09,tick=180965 goal=0 lap=0 last=0.0 best=0.0
79.94,302,115.6,0.35,-0.23,16,-4.28750000000001,BEND,1.41;5.98;1.20;0.60;0.45;0.40;0.40;0.54;0.93;5.99;1.91;0.94;0.70;0.62;0.64;0.83,tick=180991 goal=0 lap=0 last=0.0 best=0.0
80.20,303,111.2,0.37,-0.02,16,32.635833333333316,BEND,1.06;3.96;1.88;0.81;0.57;0.49;0.52;0.62;0.99;3.82;2.10;0.89;0.60;0.54;0.54;0.66,tick=181017 goal=0 lap=0 last=0.0 best=0.0
80.46,304,115.6,0.33,0.18,16,51.52333333333334,BEND,0.94;4.61;1.94;0.91;0.65;0.57;0.59;0.76;1.23;6.00;1.53;0.70;0.52;0.44;0.47;0.58,tick=181043 goal=0 lap=0 last=0.0 best=0.0
80.72,305,125.1,0.33,0.30,16,52.61833333333333,BEND,1.10;5.99;1.51;0.88;0.68;0.64;0.73;0.95;1.94;6.00;0.89;0.50;0.39;0.38;0.42;0.55,tick=181069 goal=0 lap=0 last=0.0 best=0.0
80.98,306,133.4,0.31,0.27,16,53.65249999999999,BEND,1.89;3.07;1.18;0.82;0.70;0.70;0.84;1.29;-1.00;1.54;0.57;0.38;0.33;0.34;0.39;0.62,tick=181095 goal=0 lap=0 last=0.0 best=0.0
81.24,307,142.5,0.32,0.38,16,42.60249999999999,BEND,5.99;1.78;0.97;0.74;0.70;0.73;1.01;1.87;5.99;0.83;0.45;0.34;0.32;0.34;0.45;0.81,tick=181121 goal=0 lap=0 last=0.0 best=0.0
81.50,308,150.6,0.31,0.27,32,38.362500000000004,FWD,4.22;1.30;0.84;0.70;0.69;0.81;1.17;2.98;2.18;0.62;0.43;0.34;0.34;0.37;0.55;1.40,tick=181147 goal=0 lap=0 last=0.0 best=0.0
81.76,309,160.5,0.31,0.23,32,23.25416666666667,FWD,2.31;1.03;0.76;0.64;0.67;0.85;1.35;5.99;1.32;0.58;0.40;0.37;0.40;0.47;0.75;3.24,tick=181173 goal=0 lap=0 last=0.0 best=0.0
82.02,310,168.4,0.36,0.17,16,0.14583333333332948,BEND,1.51;0.84;0.62;0.58;0.65;0.83;1.57;6.00;1.11;0.59;0.46;0.45;0.45;0.59;1.10;6.00,tick=181199 goal=0 lap=0 last=0.0 best=0.0
82.28,311,168.6,0.35,-0.01,16,-23.999166666666646,BEND,1.19;0.70;0.55;0.53;0.59;0.78;1.56;6.00;1.17;0.67;0.54;0.50;0.56;0.76;1.47;6.00,tick=181225 goal=0 lap=0 last=0.0 best=0.0
82.54,312,167.8,0.34,-0.17,16,-42.48333333333333,BEND,1.08;0.59;0.47;0.43;0.47;0.63;1.21;6.00;1.48;0.81;0.62;0.57;0.64;0.82;1.56;5.98,tick=181251 goal=0 lap=0 last=0.0 best=0.0
82.80,313,160.0,0.31,-0.27,16,-46.495,BEND,1.23;0.58;0.43;0.37;0.41;0.50;0.82;4.33;2.18;1.00;0.72;0.64;0.66;0.82;1.35;5.99,tick=181277 goal=0 lap=0 last=0.0 best=0.0
83.07,314,153.0,0.31,-0.29,16,-80,BEND,2.07;0.64;0.41;0.37;0.34;0.40;0.56;-1.00;4.42;1.30;0.85;0.69;-1.00;0.78;1.14;2.85,tick=181304 goal=0 lap=0 last=0.0 best=0.0
83.33,315,139.0,0.30,-0.49,16,-35.97500000000001,BEND,6.00;0.92;0.47;0.36;0.34;0.34;0.44;0.80;-1.00;1.99;1.00;0.75;0.70;0.73;0.93;1.64,tick=181330 goal=0 lap=0 last=0.0 best=0.0
83.59,316,129.2,0.29,-0.19,32,-30.117500000000003,FWD,2.84;2.15;0.65;0.43;0.37;0.35;0.42;0.57;1.52;4.30;1.26;0.82;0.68;0.66;0.77;1.12,tick=181356 goal=0 lap=0 last=0.0 best=0.0
83.85,317,125.2,0.31,-0.19,16,-12.381666666666668,BEND,1.82;5.43;0.92;0.53;0.41;0.39;0.43;0.60;1.20;6.00;1.45;0.84;0.66;0.61;0.67;0.92,tick=181382 goal=0 lap=0 last=0.0 best=0.0
84.11,318,120.9,0.32,-0.09,16,6.7125,BEND,1.39;5.72;1.20;0.64;0.48;0.45;0.46;0.62;1.12;6.00;1.53;0.79;0.63;0.56;0.59;0.78,tick=181408 goal=0 lap=0 last=0.0 best=0.0
84.37,319,118.6,0.33,0.06,16,30.196666666666673,BEND,1.15;5.65;1.48;0.77;0.57;0.53;0.55;0.70;1.27;6.00;1.37;0.71;0.54;0.48;0.51;0.67,tick=181434 goal=0 lap=0 last=0.0 best=0.0
84.63,320,122.4,0.30,0.19,16,80,BEND,1.12;5.35;-1.00;0.81;0.63;0.57;0.64;0.85;1.61;6.00;1.04;0.58;0.44;0.42;0.46;0.59,tick=181460 goal=0 lap=0 last=0.0 best=0.0
84.89,321,129.8,0.31,0.49,16,35.31333333333334,BEND,1.67;3.60;1.18;0.77;0.67;0.63;0.76;1.12;2.98;2.16;0.69;0.48;0.36;0.36;0.44;0.62,tick=181486 goal=0 lap=0 last=0.0 best=0.0
85.15,322,141.4,0.28,0.24,16,-80,BEND,5.21;1.78;0.93;0.69;0.63;0.71;0.90;1.63;6.00;0.98;0.50;0.38;0.34;0.38;-1.00;0.85,tick=181512 goal=0 lap=0 last=0.0 best=0.0
85.41,323,143.4,0.28,-0.44,16,58.667500000000004,BEND,5.07;1.71;0.92;0.71;0.66;0.69;0.92;1.65;5.99;0.98;0.50;0.39;0.34;0.36;0.48;0.88,tick=181538 goal=0 lap=0 last=0.0 best=0.0
85.67,324,134.6,0.29,0.31,16,44.97416666666666,BEND,2.30;2.69;1.10;0.76;0.68;0.69;0.82;1.29;4.53;1.42;0.57;0.40;0.33;0.35;0.41;0.64,tick=181564 goal=0 lap=0 last=0.0 best=0.0
85.93,325,144.5,0.27,0.25,16,42.77166666666666,BEND,4.72;1.67;0.93;0.71;0.68;0.73;0.97;1.83;6.00;0.83;0.46;0.35;0.32;0.34;0.45;0.87,tick=181590 goal=0 lap=0 last=0.0 best=0.0
86.19,326,152.8,0.27,0.27,32,34.62666666666666,FWD,4.12;1.27;0.83;0.69;0.66;0.76;1.11;2.67;2.48;0.67;-1.00;0.34;0.34;0.38;0.56;1.34,tick=181616 goal=0 lap=0 last=0.0 best=0.0
86.45,327,159.9,0.31,0.22,32,24.89083333333334,FWD,2.47;1.05;0.73;0.64;0.66;0.81;1.25;4.67;1.47;0.60;0.41;0.35;0.37;0.45;0.70;4.63,tick=181643 goal=0 lap=0 last=0.0 best=0.0
86.72,328,162.8,0.34,0.16,16,2.778333333333329,BEND,1.65;0.85;0.64;0.57;0.63;0.81;1.40;6.00;1.21;-1.00;0.44;0.41;0.46;0.58;1.01;4.33,tick=181669 goal=0 lap=0 last=0.0 best=0.0
86.98,329,167.5,0.35,0.01,16,-17.20499999999999,BEND,1.27;0.72;0.56;0.52;0.54;0.75;1.42;6.00;1.21;0.66;0.53;0.48;0.53;0.68;1.30;3.98,tick=181695 goal=0 lap=0 last=0.0 best=0.0
87.24,330,165.5,0.33,0.00,16,-40.160833333333336,BEND,1.13;0.63;0.48;0.44;0.49;0.65;1.18;5.99;1.44;0.77;0.58;0.54;0.62;0.79;1.46;3.83,tick=181721 goal=0 lap=0 last=0.0 best=0.0
87.50,331,162.8,0.32,-0.24,16,80,BEND,1.26;0.59;0.42;-1.00;0.41;0.50;0.83;4.41;2.05;0.95;0.68;0.61;0.64;0.79;1.32;3.85,tick=181747 goal=0 lap=0 last=0.0 best=0.0
87.76,332,161.8,0.29,0.50,16,-77.55166666666665,BEND,1.16;0.53;0.39;0.34;0.36;0.45;0.75;3.55;2.25;1.02;0.75;0.66;0.67;0.83;1.39;3.69,tick=181773 goal=0 lap=0 last=0.0 best=0.0
88.23,333,157.4,0.25,0.02,16,70,REV,0.90;-1.00;0.27;0.23;0.24;0.29;0.47;1.87;2.97;1.23;0.86;0.75;0.77;0.94;1.56;3.44,tick=181820 goal=0 lap=0 last=0.0 best=0.0
88.49,334,160.0,0.07,0.11,16,70,REV,0.76;0.36;0.26;0.20;0.26;0.27;0.47;2.10;2.78;1.22;0.87;0.77;0.80;-1.00;1.69;3.29,tick=181846 goal=0 lap=0 last=0.0 best=0.0
88.75,335,160.2,-0.07,-0.09,16,70,REV,0.71;0.30;0.23;0.22;0.23;0.29;0.47;2.49;2.63;1.21;0.86;0.78;0.82;1.02;1.76;3.22,tick=181872 goal=0 lap=0 last=0.0 best=0.0
89.22,336,153.3,-0.14,-0.00,16,70,REV,1.61;0.45;0.29;0.25;0.24;0.28;0.40;1.04;5.14;1.45;0.93;0.76;0.74;0.87;1.29;3.67,tick=181919 goal=0 lap=0 last=0.0 best=0.0
89.48,337,150.6,-0.15,-0.22,16,70,REV,2.66;0.51;0.31;0.27;0.25;0.27;0.38;0.93;6.00;1.54;0.96;0.76;0.74;0.85;1.18;3.78,tick=181945 goal=0 lap=0 last=0.0 best=0.0
89.74,338,143.7,-0.12,-0.23,16,70,REV,3.30;0.66;0.36;0.27;0.26;0.27;0.36;0.69;5.99;-1.00;1.03;0.80;0.73;0.79;1.04;2.05,tick=181971 goal=0 lap=0 last=0.0 best=0.0
90.00,339,138.0,-0.16,-0.19,16,-60.844999999999985,BEND,3.69;0.87;0.41;0.28;0.26;0.27;0.33;0.52;2.37;2.67;1.18;0.82;0.74;0.78;0.95;1.57,tick=181997 goal=0 lap=0 last=0.0 best=0.0
90.27,340,133.4,-0.11,0.16,32,-73.92583333333333,FWD,3.87;1.01;0.42;0.27;0.25;0.24;0.29;0.47;1.54;3.33;1.27;0.89;0.75;0.77;0.93;1.44,tick=182024 goal=0 lap=0 last=0.0 best=0.0
90.53,341,0.0,-0.03,0.00,16,-70.45249999999999,BEND,3.79;0.81;0.38;0.26;0.22;0.25;0.32;0.51;2.30;2.71;1.20;0.85;0.75;0.76;0.96;1.62,tick=182050 goal=0 lap=0 last=0.0 best=0.0
90.79,342,136.6,0.03,-0.06,32,-70.95333333333336,FWD,3.80;-1.00;0.38;0.26;0.22;0.23;0.31;0.49;2.17;2.77;1.22;0.86;0.77;0.77;0.97;1.59,tick=182076 goal=0 lap=0 last=0.0 best=0.0
91.05,343,132.3,0.09,-0.13,32,-65.22166666666666,FWD,3.85;1.01;0.39;0.29;0.23;0.25;0.29;0.47;1.58;3.29;1.29;0.88;0.77;0.76;0.91;1.47,tick=182102 goal=0 lap=0 last=0.0 best=0.0
91.31,344,126.8,0.18,-0.24,32,-80,FWD,3.93;1.81;0.48;0.33;0.26;0.26;0.28;0.41;1.04;5.39;1.46;0.91;0.75;0.74;-1.00;1.23,tick=182128 goal=0 lap=0 last=0.0 best=0.0
91.57,345,121.9,0.23,-0.37,16,80,BEND,1.92;3.34;0.72;0.42;0.30;-1.00;0.34;0.41;0.74;6.00;1.85;1.00;0.75;0.69;0.77;1.00,tick=182154 goal=0 lap=0 last=0.0 best=0.0
91.83,346,114.0,0.25,0.40,16,-34.18166666666665,BEND,1.40;3.48;1.19;0.54;0.38;0.34;0.36;0.45;0.74;3.57;2.23;1.01;0.73;0.64;0.66;0.84,tick=182180 goal=0 lap=0 last=0.0 best=0.0
92.09,347,122.3,0.26,-0.19,16,80,BEND,1.82;3.08;0.96;0.52;0.43;-1.00;0.43;0.59;1.13;6.00;1.46;0.81;0.63;0.57;0.66;0.89,tick=182206 goal=0 lap=0 last=0.0 best=0.0
92.35,348,122.6,0.25,0.43,16,-8.426666666666666,BEND,1.63;3.02;1.10;0.61;0.48;0.45;0.49;0.66;1.27;6.00;1.34;0.75;0.57;0.53;0.60;0.80,tick=182232 goal=0 lap=0 last=0.0 best=0.0
92.61,349,132.7,0.25,-0.02,16,7.745000000000001,BEND,3.30;2.57;0.90;0.59;0.50;0.49;0.57;0.84;2.19;3.13;0.95;0.63;0.52;0.51;0.57;0.89,tick=182258 goal=0 lap=0 last=0.0 best=0.0
92.87,350,128.9,0.26,0.05,16,14.381666666666664,BEND,3.19;2.54;0.97;0.64;0.52;0.52;0.60;0.88;2.30;2.96;0.90;0.56;0.51;0.48;0.58;0.84,tick=182284 goal=0 lap=0 last=0.0 best=0.0
93.13,351,134.6,0.27,0.08,16,21.03833333333333,BEND,3.01;2.38;0.99;0.66;0.55;0.55;0.65;0.96;2.76;2.36;0.81;0.54;0.46;0.46;0.54;0.83,tick=182310 goal=0 lap=0 last=0.0 best=0.0
93.39,352,135.1,0.25,0.10,16,24.152500000000003,BEND,2.83;2.19;0.97;0.67;0.56;0.58;0.71;1.09;3.70;1.78;0.71;0.47;0.44;0.44;0.55;0.87,tick=182336 goal=0 lap=0 last=0.0 best=0.0
93.65,353,137.3,0.25,0.11,16,23.47416666666667,BEND,2.64;1.96;0.92;0.64;0.59;0.60;0.75;1.25;6.00;1.37;0.64;0.48;0.41;0.44;0.55;0.97,tick=182362 goal=0 lap=0 last=0.0 best=0.0
93.92,354,140.1,0.26,0.16,32,23.005833333333324,FWD,2.43;1.74;0.87;0.65;0.61;0.64;0.81;1.43;6.00;1.11;0.59;0.43;0.43;0.45;0.58;2.76,tick=182389 goal=0 lap=0 last=0.0 best=0.0
94.18,355,0.0,0.28,0.13,32,19.64583333333334,FWD,2.23;1.57;0.81;0.64;0.58;0.65;0.87;1.68;6.00;0.96;0.55;0.44;0.43;0.46;0.63;2.56,tick=182415 goal=0 lap=0 last=0.0 best=0.0
94.44,356,150.6,0.34,0.14,32,12.311666666666666,FWD,1.96;1.36;0.79;0.59;0.58;0.66;0.89;2.02;4.30;0.85;0.54;0.45;0.43;0.50;0.73;2.39,tick=182441 goal=0 lap=0 last=0.0 best=0.0
94.70,357,153.3,0.35,0.07,32,-30.686666666666685,FWD,1.73;1.22;0.70;0.59;0.58;0.66;0.94;2.42;2.80;0.83;0.56;0.46;0.45;0.54;2.49;2.13,tick=182467 goal=0 lap=0 last=0.0 best=0.0
94.96,358,155.9,0.37,-0.28,32,-26.80750000000001,FWD,1.55;1.10;0.72;0.59;0.54;0.60;0.87;2.07;3.45;0.92;0.63;0.52;0.52;0.63;2.31;1.95,tick=182493 goal=0 lap=0 last=0.0 best=0.0
95.22,359,143.8,0.39,-0.20,32,-26.534166666666685,FWD,1.45;1.10;0.81;0.62;0.56;0.57;0.73;1.39;6.00;1.19;0.71;0.55;0.53;0.66;2.23;1.85,tick=182519 goal=0 lap=0 last=0.0 best=0.0
95.48,360,133.7,0.43,-0.25,32,-80,FWD,1.39;1.09;0.84;0.68;0.59;0.58;0.69;1.10;5.29;1.61;0.80;0.60;0.55;3.08;2.16;1.68,tick=182545 goal=0 lap=0 last=0.0 best=0.0
95.74,361,123.2,0.44,-0.73,32,-47.3675,FWD,1.32;1.04;0.89;0.71;0.68;0.62;0.67;0.87;1.81;5.69;0.99;0.66;0.57;1.49;2.31;1.64,tick=182571 goal=0 lap=0 last=0.0 best=0.0
96.00,362,103.9,0.45,-0.40,32,-35.483333333333334,FWD,1.32;1.04;0.85;0.76;0.74;0.72;0.75;0.84;1.15;2.93;1.97;0.73;0.58;0.90;2.84;1.81,tick=182597 goal=0 lap=0 last=0.0 best=0.0
96.26,363,94.0,0.48,-0.34,16,-46.61833333333333,BEND,1.25;0.98;0.83;0.78;0.73;0.80;0.82;0.97;1.18;1.98;5.99;0.70;0.62;0.88;3.39;1.91,tick=182623 goal=0 lap=0 last=0.0 best=0.0
96.52,364,86.1,0.44,-0.40,16,-80,BEND,1.24;0.91;0.77;0.70;0.72;0.75;0.93;1.05;1.27;1.76;4.49;0.66;0.66;0.85;4.89;2.09,tick=182649 goal=0 lap=0 last=0.0 best=0.0
96.78,365,67.9,0.41,-0.68,16,7.300833333333337,BEND,1.47;0.93;0.72;0.65;0.67;0.71;0.84;1.11;1.33;1.64;2.56;0.76;0.67;0.75;1.02;2.90,tick=182675 goal=0 lap=0 last=0.0 best=0.0
97.04,366,57.1,0.40,0.03,32,-8.830000000000007,FWD,1.87;1.06;0.74;0.63;0.61;0.70;0.81;1.05;1.39;1.68;2.17;0.81;0.67;0.67;0.79;6.00,tick=182701 goal=0 lap=0 last=0.0 best=0.0
97.30,367,55.7,0.40,-0.08,16,-4.136666666666661,BEND,1.65;0.95;0.68;0.57;0.60;0.67;0.88;1.20;1.58;1.91;2.45;0.72;0.61;0.62;0.79;5.51,tick=182727 goal=0 lap=0 last=0.0 best=0.0
97.56,368,55.6,0.38,-0.03,16,-7.6474999999999955,BEND,1.55;0.87;0.65;0.55;0.55;0.65;0.89;1.30;1.78;2.11;2.69;0.69;0.61;0.60;0.77;5.91,tick=182753 goal=0 lap=0 last=0.0 best=0.0
97.82,369,54.5,0.37,-0.06,16,-9.529999999999996,BEND,1.39;0.80;0.58;0.51;0.53;0.59;0.84;1.35;1.96;2.29;1.01;0.65;0.56;0.57;0.84;6.00,tick=182779 goal=0 lap=0 last=0.0 best=0.0
98.08,370,49.1,0.35,-0.05,16,-15.762500000000003,BEND,1.29;0.74;0.56;0.48;0.48;0.56;0.77;1.37;2.13;2.46;0.98;0.62;0.52;0.56;1.01;6.00,tick=182805 goal=0 lap=0 last=0.0 best=0.0
98.34,371,46.6,0.32,-0.10,16,-80,BEND,1.23;0.68;0.49;0.42;0.45;0.51;0.70;1.37;2.21;2.61;0.96;0.59;0.52;0.58;-1.00;6.00,tick=182832 goal=0 lap=0 last=0.0 best=0.0
98.61,372,39.3,0.32,-0.51,16,-11.501666666666665,BEND,1.51;0.70;0.48;0.40;0.40;0.43;0.59;1.06;2.09;2.70;1.13;0.59;0.52;0.58;0.94;4.55,tick=182858 goal=0 lap=0 last=0.0 best=0.0
98.87,373,29.2,0.30,-0.09,16,80,BEND,4.01;0.88;0.52;-1.00;0.37;0.42;0.51;0.80;1.76;2.67;2.99;0.63;0.49;0.55;0.76;1.79,tick=182884 goal=0 lap=0 last=0.0 best=0.0
99.13,374,37.8,0.30,0.47,16,-39.537499999999994,BEND,2.33;0.75;0.48;0.41;0.37;0.43;0.56;0.96;2.10;2.93;0.93;0.55;0.48;0.61;0.87;2.37,tick=182910 goal=0 lap=0 last=0.0 best=0.0
99.39,375,41.6,0.29,-0.22,16,-39.43083333333334,BEND,1.16;0.55;0.40;0.35;0.36;0.42;0.62;1.26;2.64;3.18;0.66;0.54;0.56;0.72;1.23;5.91,tick=182936 goal=0 lap=0 last=0.0 best=0.0
99.65,376,30.4,0.28,-0.22,16,-39.156666666666666,BEND,1.69;0.59;0.38;0.34;0.33;0.38;0.52;1.00;2.44;3.28;0.74;0.57;0.58;0.69;1.05;2.87,tick=182962 goal=0 lap=0 last=0.0 best=0.0
99.91,377,29.6,0.29,-0.24,16,-39.696666666666665,BEND,4.97;0.65;0.39;0.32;0.30;0.34;0.47;0.79;2.06;3.28;0.80;0.63;0.60;0.67;0.95;1.95,tick=182988 goal=0 lap=0 last=0.0 best=0.0
100.17,378,19.9,0.27,-0.22,16,-35.36833333333334,BEND,6.00;0.85;0.44;0.35;0.31;0.31;0.40;0.67;1.61;3.25;0.91;0.66;0.59;0.66;0.82;1.47,tick=183014 goal=0 lap=0 last=0.0 best=0.0
100.43,379,13.7,0.29,-0.20,32,-28.273333333333333,FWD,3.68;1.35;0.53;0.37;0.33;0.31;0.41;0.60;1.36;3.15;1.03;0.68;0.60;0.59;0.75;1.19,tick=183040 goal=0 lap=0 last=0.0 best=0.0
100.69,380,13.3,0.30,-0.15,16,-17.974166666666672,BEND,2.28;2.48;0.67;0.44;0.33;0.37;0.40;0.57;1.19;3.00;1.11;0.68;0.59;0.58;0.65;0.95,tick=183066 goal=0 lap=0 last=0.0 best=0.0
100.95,381,5.4,0.32,0.00,16,-5.537499999999998,BEND,1.63;6.00;0.87;0.52;0.42;0.39;0.44;0.59;1.14;2.93;1.16;0.66;0.56;0.52;0.58;0.80,tick=183092 goal=0 lap=0 last=0.0 best=0.0
101.21,382,3.0,0.29,-0.05,16,14.835833333333342,BEND,1.30;6.00;1.12;0.61;0.48;0.44;0.47;0.65;1.20;2.94;1.10;0.65;0.50;0.49;0.50;0.68,tick=183118 goal=0 lap=0 last=0.0 best=0.0
101.47,383,5.2,0.29,0.10,16,29.96666666666666,BEND,1.16;6.00;1.24;0.69;0.55;0.52;-1.00;0.72;1.42;3.26;0.95;0.56;0.43;0.43;0.46;0.59,tick=183144 goal=0 lap=0 last=0.0 best=0.0
101.73,384,7.7,0.27,0.17,16,36.97749999999999,BEND,1.22;5.98;1.19;0.71;0.57;0.54;0.62;0.89;1.77;3.70;0.75;0.49;0.38;0.37;0.41;0.56,tick=183170 goal=0 lap=0 last=0.0 best=0.0
101.99,385,15.9,0.29,0.23,16,40.92083333333334,BEND,1.59;3.28;1.07;0.72;0.60;0.60;0.70;1.08;2.39;1.64;0.60;0.41;0.33;0.33;0.40;0.60,tick=183196 goal=0 lap=0 last=0.0 best=0.0
102.25,386,19.1,0.28,0.24,16,40.321666666666665,BEND,3.11;2.10;0.96;0.69;0.62;0.64;0.79;1.34;3.14;0.97;0.48;0.35;0.31;0.34;0.41;0.67,tick=183222 goal=0 lap=0 last=0.0 best=0.0
102.52,387,25.3,0.27,0.23,16,39.22833333333334,BEND,5.99;1.53;0.86;0.67;0.62;0.68;0.89;1.75;3.97;0.73;0.42;0.33;0.31;0.32;0.43;0.84,tick=183249 goal=0 lap=0 last=0.0 best=0.0
102.78,388,32.1,0.27,0.22,32,31.19833333333333,FWD,4.61;1.20;0.76;0.62;0.60;0.72;0.99;2.31;-1.00;0.62;0.38;0.31;0.33;0.37;0.51;1.22,tick=183275 goal=0 lap=0 last=0.0 best=0.0
103.04,389,38.6,0.28,0.15,16,21.666666666666664,BEND,2.48;0.97;0.68;0.59;0.58;0.72;1.12;2.98;1.36;0.60;0.40;0.35;0.36;0.42;0.65;2.16,tick=183301 goal=0 lap=0 last=0.0 best=0.0
103.30,390,40.8,0.32,0.11,16,4.020000000000007,BEND,1.67;0.80;0.57;0.54;0.56;0.69;1.22;3.65;1.19;0.58;0.42;0.39;0.39;0.52;0.86;5.27,tick=183327 goal=0 lap=0 last=0.0 best=0.0
103.56,391,46.9,0.30,0.06,16,-13.519166666666665,BEND,1.33;0.67;0.51;0.48;0.51;0.67;1.19;4.04;1.22;0.65;0.49;0.47;0.46;0.61;1.08;6.00,tick=183353 goal=0 lap=0 last=0.0 best=0.0
103.82,392,45.9,0.30,-0.08,16,-29.507500000000007,BEND,1.20;0.62;0.45;0.40;0.44;0.58;1.01;3.95;1.41;0.72;0.55;0.50;0.52;0.70;1.18;5.99,tick=183379 goal=0 lap=0 last=0.0 best=0.0
104.08,393,43.9,0.31,-0.17,16,-34.97666666666666,BEND,1.28;0.58;0.43;0.38;0.41;0.48;0.79;3.27;1.81;0.86;0.62;0.56;0.57;0.71;1.17;5.39,tick=183405 goal=0 lap=0 last=0.0 best=0.0
104.34,394,37.1,0.30,-0.20,16,-39.92499999999998,BEND,1.72;0.60;0.41;0.33;0.33;0.40;0.61;1.80;2.71;1.04;0.70;0.60;0.58;0.71;1.04;2.97,tick=183431 goal=0 lap=0 last=0.0 best=0.0
104.60,395,27.6,0.28,-0.20,16,-40.06249999999999,BEND,3.55;0.68;0.40;0.34;0.31;0.35;0.48;1.06;5.26;1.30;0.79;0.65;0.61;0.68;0.94;2.02,tick=183457 goal=0 lap=0 last=0.0 best=0.0
104.86,396,24.7,0.27,-0.23,16,-34.7475,BEND,6.00;0.87;0.45;0.35;0.30;0.33;0.42;0.75;4.23;1.72;0.89;0.67;0.61;0.64;0.84;1.49,tick=183483 goal=0 lap=0 last=0.0 best=0.0
105.12,397,17.9,0.27,-0.19,32,-28.904166666666658,FWD,4.24;1.31;0.55;0.38;0.32;0.32;0.40;0.62;2.46;2.33;0.99;0.69;0.61;0.61;0.73;1.17,tick=183509 goal=0 lap=0 last=0.0 best=0.0
105.38,398,13.2,0.30,-0.19,16,80,BEND,2.44;2.21;0.65;0.42;-1.00;0.37;0.41;0.60;1.51;3.23;1.06;0.68;0.59;0.57;0.66;0.96,tick=183535 goal=0 lap=0 last=0.0 best=0.0
105.64,399,16.6,0.31,0.50,16,-26.664166666666667,BEND,2.49;2.19;0.72;0.47;0.41;0.41;0.46;0.69;1.86;2.78;0.98;0.66;0.54;0.55;0.61;0.93,tick=183561 goal=0 lap=0 last=0.0 best=0.0
105.90,400,20.9,0.30,-0.16,32,-7.3883333333333505,FWD,6.00;1.25;0.62;0.46;0.39;0.43;0.53;0.92;4.60;1.60;0.75;0.55;0.51;0.54;0.67;1.16,tick=183587 goal=0 lap=0 last=0.0 best=0.0
106.16,401,18.6,0.33,-0.01,16,-5.465833333333343,BEND,3.97;1.60;0.69;0.48;0.43;0.43;0.54;0.84;3.65;1.87;0.80;0.56;0.50;0.51;0.64;0.98,tick=183614 goal=0 lap=0 last=0.0 best=0.0
106.43,402,16.7,0.31,-0.03,16,2.1333333333333355,BEND,3.24;1.84;0.75;0.50;0.45;0.46;0.56;-1.00;3.21;1.91;0.79;0.55;0.49;0.48;0.58;0.92,tick=183640 goal=0 lap=0 last=0.0 best=0.0
106.69,403,15.9,0.31,-0.02,16,9.790833333333332,BEND,2.96;1.99;0.78;0.54;0.48;0.47;0.58;0.92;3.20;1.89;0.74;0.53;0.45;0.46;0.54;0.85,tick=183666 goal=0 lap=0 last=0.0 best=0.0
106.95,404,17.4,0.30,0.05,16,14.2025,BEND,3.12;1.94;0.81;0.57;0.51;0.51;0.61;0.99;3.90;1.66;0.68;0.49;0.43;0.43;0.53;0.82,tick=183692 goal=0 lap=0 last=0.0 best=0.0
107.21,405,17.9,0.30,0.07,16,17.125833333333333,BEND,4.13;1.79;0.82;0.58;0.51;0.55;0.65;1.09;5.01;1.41;0.64;0.46;0.41;0.43;0.53;0.84,tick=183718 goal=0 lap=0 last=0.0 best=0.0
107.47,406,21.1,0.28,0.09,16,20.230833333333326,BEND,6.00;1.58;0.79;0.57;0.53;0.58;0.73;1.22;5.95;1.17;0.61;0.43;0.39;0.40;0.52;0.93,tick=183744 goal=0 lap=0 last=0.0 best=0.0
107.73,407,25.9,0.29,0.10,32,16.51416666666667,FWD,6.00;1.37;0.74;0.56;0.54;0.59;0.75;1.40;5.99;0.99;0.55;0.43;0.40;0.42;0.57;1.03,tick=183770 goal=0 lap=0 last=0.0 best=0.0
107.99,408,27.0,0.29,0.12,32,13.107500000000009,FWD,6.00;1.20;0.69;0.56;0.51;0.57;0.79;1.60;5.99;0.88;0.53;0.41;0.39;0.44;0.58;1.21,tick=183796 goal=0 lap=0 last=0.0 best=0.0
108.25,409,31.6,0.34,0.12,32,-80,FWD,4.54;1.04;0.67;0.54;0.53;0.60;0.82;1.83;3.64;0.83;0.53;0.41;0.40;-1.00;0.64;1.45,tick=183822 goal=0 lap=0 last=0.0 best=0.0
108.51,410,27.5,0.38,-0.60,32,24.64833333333333,FWD,6.00;1.14;0.64;0.52;0.49;0.54;0.72;1.46;6.00;0.99;0.59;0.45;0.42;0.48;0.63;1.27,tick=183848 goal=0 lap=0 last=0.0 best=0.0
108.77,411,18.0,0.39,0.24,16,13.184166666666666,BEND,2.84;2.07;0.85;0.58;0.52;0.54;0.63;0.99;3.52;1.67;0.69;0.49;0.40;0.42;0.51;0.81,tick=183874 goal=0 lap=0 last=0.0 best=0.0
109.03,412,25.4,0.38,0.11,16,18.20583333333333,BEND,6.00;1.59;0.79;0.60;0.51;0.55;0.68;1.21;6.00;1.19;0.58;0.43;0.38;0.43;0.53;0.89,tick=183900 goal=0 lap=0 last=0.0 best=0.0
109.29,413,0.0,0.37,0.13,16,18.379166666666666,BEND,5.99;1.39;0.76;0.59;0.51;0.57;0.77;1.41;6.00;0.97;0.54;0.39;0.38;0.42;0.55;1.00,tick=183926 goal=0 lap=0 last=0.0 best=0.0
109.55,414,29.0,0.36,0.16,32,11.839999999999993,FWD,6.00;1.16;0.70;0.55;0.52;0.59;0.81;1.66;5.26;0.85;0.53;0.43;0.39;0.43;0.60;1.24,tick=183952 goal=0 lap=0 last=0.0 best=0.0
109.81,415,33.3,0.36,0.08,32,7.55333333333334,FWD,3.92;1.02;0.65;0.52;0.51;0.57;0.84;1.93;3.27;0.82;0.53;0.42;0.41;0.46;0.66;1.57,tick=183978 goal=0 lap=0 last=0.0 best=0.0
110.07,416,35.1,0.39,0.04,16,-2.7091666666666683,BEND,2.84;0.89;0.59;0.49;0.48;0.57;0.83;2.13;2.64;0.82;0.54;0.44;0.45;0.53;0.74;1.97,tick=184004 goal=0 lap=0 last=0.0 best=0.0
110.33,417,35.0,0.38,-0.03,16,-11.648333333333335,BEND,2.45;0.83;0.53;0.43;0.44;0.52;0.79;2.10;2.65;0.87;0.57;0.47;0.47;0.56;0.82;2.27,tick=184031 goal=0 lap=0 last=0.0 best=0.0
110.60,418,31.6,0.35,-0.10,16,-18.229999999999997,BEND,2.62;0.79;0.51;0.40;0.41;0.46;0.67;1.74;3.34;0.98;0.64;0.52;0.52;0.58;0.85;2.16,tick=184057 goal=0 lap=0 last=0.0 best=0.0
110.86,419,31.6,0.34,-0.12,16,-22.360833333333336,BEND,3.72;0.80;0.50;0.40;0.40;0.42;0.63;1.33;5.32;1.11;0.67;0.56;0.54;0.61;0.85;1.84,tick=184083 goal=0 lap=0 last=0.0 best=0.0
111.12,420,25.5,0.33,-0.14,16,-21.984166666666667,BEND,6.00;0.91;0.51;0.39;0.38;0.41;0.55;1.06;5.99;1.34;0.75;0.56;0.54;0.60;0.81;1.54,tick=184109 goal=0 lap=0 last=0.0 best=0.0
111.38,421,21.8,0.32,-0.12,32,-18.37083333333332,FWD,6.00;1.08;0.55;0.43;0.37;0.39;0.51;0.88;5.99;1.60;0.80;0.60;0.53;0.58;0.73;1.29,tick=184135 goal=0 lap=0 last=0.0 best=0.0
111.64,422,17.5,0.32,-0.12,32,-12.169166666666676,FWD,4.81;1.37;0.62;0.44;0.39;0.40;0.49;0.81;3.44;1.90;0.84;0.59;0.54;0.54;0.67;1.09,tick=184158 goal=0 lap=0 last=0.0 best=0.0
111.90,423,17.5,0.37,-0.06,16,-6.220833333333334,BEND,3.07;1.84;0.70;0.49;0.42;0.42;0.51;0.77;2.47;2.24;0.87;0.60;0.52;0.53;0.61;0.95,tick=184187 goal=0 lap=0 last=0.0 best=0.0
112.16,424,12.9,0.37,-0.04,16,8.205833333333334,BEND,2.32;2.35;0.81;0.56;0.46;0.48;0.54;0.82;2.21;2.50;0.85;0.55;0.46;0.48;0.58;0.84,tick=184213 goal=0 lap=0 last=0.0 best=0.0
112.42,425,14.3,0.33,0.05,16,16.073333333333338,BEND,2.15;2.52;0.87;0.61;0.49;0.49;0.57;0.88;2.42;2.27;0.75;0.51;0.44;0.43;0.53;0.76,tick=184239 goal=0 lap=0 last=0.0 best=0.0
112.68,426,18.1,0.33,0.11,16,20.800833333333326,BEND,2.47;2.27;0.89;0.61;0.50;0.53;0.65;0.99;3.15;1.76;0.68;0.47;0.40;0.41;0.48;0.77,tick=184265 goal=0 lap=0 last=0.0 best=0.0
112.94,427,18.4,0.31,0.14,16,26.4375,BEND,3.66;1.89;0.87;0.64;0.55;0.57;0.71;-1.00;5.20;1.31;0.57;0.43;0.36;0.39;0.48;0.78,tick=184291 goal=0 lap=0 last=0.0 best=0.0
113.20,428,24.9,0.31,0.16,16,23.88416666666666,BEND,6.00;1.55;0.79;0.61;0.55;0.60;0.77;1.35;6.00;1.02;0.55;0.41;0.35;0.39;0.50;0.88,tick=184317 goal=0 lap=0 last=0.0 best=0.0
113.46,429,31.6,0.30,0.13,32,21.349166666666658,FWD,6.00;1.27;0.74;0.57;0.56;0.60;0.83;1.65;5.98;0.84;0.48;0.39;0.34;0.39;0.54;1.09,tick=184343 goal=0 lap=0 last=0.0 best=0.0
113.72,430,30.7,0.32,0.13,32,15.660833333333326,FWD,4.32;1.07;0.67;0.56;0.56;0.61;0.87;2.03;3.06;0.76;0.50;0.39;0.37;0.43;0.61;1.44,tick=184369 goal=0 lap=0 last=0.0 best=0.0
113.98,431,36.6,0.36,0.13,16,80,BEND,2.60;0.93;-1.00;0.52;0.51;0.61;0.92;-1.00;2.12;0.74;0.51;0.42;0.41;0.50;0.74;2.08,tick=184395 goal=0 lap=0 last=0.0 best=0.0
114.24,432,46.8,0.34,0.57,16,-32.31166666666667,BEND,1.37;0.68;0.52;0.47;0.47;0.63;1.07;6.00;1.35;0.67;0.49;0.45;0.48;0.63;1.07;6.00,tick=184421 goal=0 lap=0 last=0.0 best=0.0
114.50,433,51.5,0.34,-0.21,16,-58.38083333333334,BEND,0.78;0.50;0.40;0.37;0.43;0.62;1.40;4.67;1.09;0.67;0.55;0.53;0.63;0.88;1.98;3.29,tick=184448 goal=0 lap=0 last=0.0 best=0.0
114.77,434,50.4,0.35,-0.37,16,-58.909166666666664,BEND,0.84;0.46;0.32;0.29;0.31;0.40;0.75;6.00;1.74;0.90;0.67;0.62;0.65;0.83;1.50;5.99,tick=184474 goal=0 lap=0 last=0.0 best=0.0
115.03,435,34.6,0.33,-0.36,16,-55.70083333333333,BEND,1.54;0.50;0.32;0.26;0.28;0.30;0.45;1.15;4.02;1.24;0.81;0.67;0.67;0.78;1.14;2.87,tick=184500 goal=0 lap=0 last=0.0 best=0.0
115.29,436,23.2,0.30,-0.37,16,-49.30916666666666,BEND,5.99;0.69;0.35;0.28;0.26;0.28;0.35;0.61;6.00;1.84;0.96;0.72;0.68;0.73;0.92;1.65,tick=184526 goal=0 lap=0 last=0.0 best=0.0
115.55,437,11.9,0.31,-0.27,32,-41.00833333333334,FWD,3.34;1.31;0.48;0.32;0.27;0.29;0.34;0.46;1.43;3.23;1.17;0.77;0.68;0.67;0.77;1.17,tick=184552 goal=0 lap=0 last=0.0 best=0.0
115.81,438,7.5,0.33,-0.24,16,-24.629166666666663,BEND,1.86;5.86;0.71;0.42;0.31;0.32;0.34;0.47;0.95;5.99;1.37;0.82;0.63;0.61;0.66;0.92,tick=184578 goal=0 lap=0 last=0.0 best=0.0
116.07,439,358.9,0.34,-0.14,16,0.8316666666666697,BEND,1.25;6.00;1.12;0.57;0.41;0.38;0.39;0.51;0.86;6.00;1.64;0.80;0.60;0.54;0.56;0.73,tick=184604 goal=0 lap=0 last=0.0 best=0.0
116.33,440,356.8,0.31,0.01,16,29.21333333333333,BEND,0.99;4.13;1.59;0.72;0.51;0.46;0.46;0.59;0.97;4.31;1.61;0.73;0.51;0.47;0.50;0.60,tick=184630 goal=0 lap=0 last=0.0 best=0.0
116.59,441,355.3,0.29,0.18,16,45.20833333333333,BEND,0.88;5.16;1.64;0.81;0.58;0.51;0.57;-1.00;1.19;6.00;1.20;0.59;0.43;0.40;0.42;0.51,tick=184656 goal=0 lap=0 last=0.0 best=0.0
116.85,442,6.0,0.32,0.26,16,52.36333333333334,BEND,0.97;6.00;1.36;0.78;0.64;0.61;0.65;0.87;1.75;5.99;0.75;0.44;0.33;0.31;0.36;0.48,tick=184682 goal=0 lap=0 last=0.0 best=0.0
117.11,443,11.9,0.28,0.33,32,49.48666666666666,FWD,1.41;3.45;1.15;0.76;0.65;0.63;0.77;1.13;3.16;1.46;0.52;0.33;0.29;0.30;0.35;-1.00,tick=184708 goal=0 lap=0 last=0.0 best=0.0
117.37,444,23.0,0.30,0.32,16,46.655833333333334,BEND,4.69;1.91;0.96;0.72;0.65;0.68;0.88;1.53;6.00;0.78;0.39;0.30;0.27;0.30;0.35;0.66,tick=184734 goal=0 lap=0 last=0.0 best=0.0
117.63,445,33.8,0.31,0.32,32,40.228333333333325,FWD,5.45;1.32;0.80;0.67;0.66;0.74;1.01;2.34;2.36;0.57;0.36;0.29;0.28;0.32;0.43;1.00,tick=184760 goal=0 lap=0 last=0.0 best=0.0
117.89,446,37.1,0.33,0.29,16,26.82500000000001,BEND,2.35;0.99;0.69;0.62;0.62;0.79;1.23;4.90;1.15;0.51;0.37;0.31;0.32;0.38;0.63;2.32,tick=184786 goal=0 lap=0 last=0.0 best=0.0
118.15,447,44.9,0.33,0.19,16,4.629999999999991,BEND,1.45;0.77;0.60;0.52;0.61;0.78;1.43;6.00;0.97;0.50;0.39;0.36;0.39;0.53;0.93;6.00,tick=184812 goal=0 lap=0 last=0.0 best=0.0
118.41,448,52.7,0.34,0.03,16,-21.15916666666667,BEND,1.09;0.63;0.51;0.47;0.51;0.70;1.47;5.99;1.02;0.59;0.45;0.45;0.49;0.67;1.31;5.65,tick=184838 goal=0 lap=0 last=0.0 best=0.0
118.67,449,46.5,0.33,-0.12,16,-39.434999999999995,BEND,0.98;0.54;0.45;0.40;0.43;0.59;1.17;6.00;1.21;0.70;0.55;0.54;0.57;0.75;1.48;5.68,tick=184864 goal=0 lap=0 last=0.0 best=0.0
118.93,450,45.4,0.29,-0.20,16,-80,BEND,1.01;0.52;0.38;0.35;0.36;0.43;0.77;5.99;1.70;0.87;0.64;0.55;-1.00;0.78;1.31;6.00,tick=184892 goal=0 lap=0 last=0.0 best=0.0
119.20,451,34.4,0.30,-0.48,16,-37.96833333333333,BEND,1.93;0.56;0.38;0.30;0.30;0.37;0.51;1.32;3.67;1.15;0.75;0.62;0.62;0.72;1.04;2.62,tick=184917 goal=0 lap=0 last=0.0 best=0.0
119.46,452,24.9,0.29,-0.21,16,-41.060833333333335,BEND,6.00;0.85;0.43;0.31;0.30;0.31;0.38;0.70;6.00;1.76;0.91;0.70;0.63;0.67;0.84;1.46,tick=184943 goal=0 lap=0 last=0.0 best=0.0
119.72,453,15.9,0.29,-0.23,32,-32.03916666666667,FWD,4.24;1.30;0.51;0.35;0.31;0.32;0.36;0.60;2.03;2.53;1.03;0.70;0.62;0.63;0.74;1.17,tick=184969 goal=0 lap=0 last=0.0 best=0.0
119.98,454,10.4,0.33,-0.17,16,-19.299999999999997,BEND,2.13;2.88;0.69;0.43;0.34;0.36;0.38;0.55;1.29;4.37;1.15;0.72;0.59;0.58;0.66;0.93,tick=184995 goal=0 lap=0 last=0.0 best=0.0
120.24,455,1.4,0.32,-0.12,16,-1.1033333333333353,BEND,1.47;4.81;0.95;0.53;0.41;0.39;0.43;0.58;1.12;5.98;1.25;0.72;0.55;0.54;0.57;0.77,tick=185021 goal=0 lap=0 last=0.0 best=0.0
120.50,456,359.4,0.30,-0.01,16,19.093333333333337,BEND,1.18;5.34;1.18;0.65;0.49;0.44;0.47;0.63;1.17;6.00;1.20;0.67;0.50;0.45;0.50;0.65,tick=185047 goal=0 lap=0 last=0.0 best=0.0
120.76,457,3.7,0.29,0.12,16,35.007499999999986,BEND,1.08;5.07;1.32;0.72;0.55;0.52;0.55;0.73;1.42;6.00;0.99;0.56;0.44;0.40;0.45;0.57,tick=185073 goal=0 lap=0 last=0.0 best=0.0
121.02,458,9.7,0.30,0.24,16,-80,BEND,1.17;4.09;1.21;0.73;0.58;0.55;0.64;0.88;1.95;3.40;0.74;0.44;0.35;-1.00;0.39;0.54,tick=185099 goal=0 lap=0 last=0.0 best=0.0
121.28,459,8.0,0.29,-0.45,16,72.21583333333334,BEND,1.07;4.01;1.29;0.79;0.61;0.61;0.67;0.98;2.15;2.82;0.65;0.40;0.34;0.31;0.36;0.49,tick=185125 goal=0 lap=0 last=0.0 best=0.0
121.75,460,12.6,0.23,-0.01,16,-70,REV,0.76;4.04;1.46;0.90;0.72;0.70;0.80;1.12;2.59;1.84;0.43;0.28;0.21;0.22;0.26;0.35,tick=185172 goal=0 lap=0 last=0.0 best=0.0
122.01,461,5.6,0.06,-0.12,16,-70,REV,0.63;4.24;1.56;0.93;0.78;0.73;0.82;1.14;2.46;2.00;0.41;0.24;0.20;0.20;0.22;0.30,tick=185198 goal=0 lap=0 last=0.0 best=0.0
122.27,462,8.1,-0.07,0.12,16,-70,REV,0.61;4.31;1.58;0.95;0.76;0.72;0.81;1.11;2.39;2.20;0.40;0.27;0.20;0.19;0.21;0.29,tick=185225 goal=0 lap=0 last=0.0 best=0.0
122.75,463,18.0,-0.15,0.00,16,-70,REV,1.40;2.81;1.18;0.82;0.70;0.72;0.84;1.34;4.79;0.93;0.37;0.26;0.22;0.24;0.26;0.41,tick=185272 goal=0 lap=0 last=0.0 best=0.0
123.01,464,20.0,-0.16,0.20,16,-70,REV,1.94;2.49;1.12;0.78;0.69;0.71;0.86;1.41;6.00;0.85;0.37;0.25;0.21;0.25;0.29;-1.00,tick=185298 goal=0 lap=0 last=0.0 best=0.0
123.27,465,24.2,-0.16,0.21,16,-70,REV,5.25;1.82;0.96;0.73;0.68;0.73;0.95;1.77;5.99;0.62;0.31;0.27;0.23;0.25;0.32;0.60,tick=185324 goal=0 lap=0 last=0.0 best=0.0
123.53,466,31.2,-0.14,0.21,16,55.08333333333333,BEND,4.27;1.44;0.87;0.70;0.67;0.77;1.06;2.46;2.10;0.47;0.28;0.23;0.23;0.26;0.37;0.79,tick=185350 goal=0 lap=0 last=0.0 best=0.0
123.79,467,35.7,-0.10,-0.09,16,69.775,BEND,3.72;1.34;0.88;0.73;0.69;0.82;1.17;3.09;1.36;0.40;0.27;0.21;0.21;0.25;0.37;0.91,tick=185376 goal=0 lap=0 last=0.0 best=0.0
124.05,468,31.2,-0.06,-0.05,16,69.15166666666667,BEND,4.40;1.48;0.90;0.72;0.72;0.79;1.11;2.52;1.95;0.43;0.29;0.22;0.20;0.25;0.33;0.74,tick=185402 goal=0 lap=0 last=0.0 best=0.0
124.31,469,27.7,0.02,0.03,16,66.16333333333334,BEND,-1.00;1.55;0.91;0.71;0.70;0.80;1.08;2.32;2.33;0.46;0.28;0.23;0.23;0.23;0.32;0.71,tick=185428 goal=0 lap=0 last=0.0 best=0.0
124.57,470,31.8,0.05,0.03,16,66.71583333333334,BEND,4.51;1.50;0.90;0.73;0.71;0.79;1.10;2.45;2.05;0.47;0.27;0.20;0.19;0.26;0.34;0.71,tick=185454 goal=0 lap=0 last=0.0 best=0.0
124.83,471,35.0,0.09,0.12,16,62.099166666666655,BEND,3.96;1.40;0.87;0.71;0.70;0.80;1.16;2.85;1.53;0.44;0.26;0.21;0.22;0.24;0.37;0.85,tick=185480 goal=0 lap=0 last=0.0 best=0.0
125.09,472,39.6,0.10,0.12,32,58.49916666666667,FWD,3.21;1.25;0.82;0.69;0.72;0.83;1.24;3.80;1.11;0.41;0.27;0.24;0.23;0.26;0.40;1.15,tick=185506 goal=0 lap=0 last=0.0 best=0.0
125.35,473,45.1,0.14,0.18,32,50.57000000000001,FWD,2.48;1.10;0.77;0.68;0.68;0.86;1.39;5.99;0.89;0.40;0.28;0.24;0.24;0.30;0.48;2.05,tick=185532 goal=0 lap=0 last=0.0 best=0.0
125.61,474,47.9,0.24,0.22,16,36.164999999999985,BEND,1.73;0.93;0.70;0.64;0.69;0.89;1.67;6.00;0.72;0.38;0.29;0.25;0.28;0.39;0.69;5.22,tick=185558 goal=0 lap=0 last=0.0 best=0.0
125.87,475,55.9,0.25,0.12,16,16.835000000000008,BEND,1.27;0.77;0.62;0.61;0.69;0.92;2.09;3.00;0.68;0.41;0.33;0.33;0.37;0.50;1.11;3.89,tick=185584 goal=0 lap=0 last=0.0 best=0.0
126.13,476,58.5,0.25,0.09,16,-19.24999999999999,BEND,0.98;0.62;0.53;0.54;0.64;0.91;2.46;2.19;0.74;0.47;0.39;0.39;0.46;0.69;1.79;2.74,tick=185610 goal=0 lap=0 last=0.0 best=0.0
126.39,477,58.4,0.24,-0.11,16,-43.035833333333336,BEND,0.82;0.55;0.47;0.46;0.56;0.79;2.19;2.49;0.86;0.58;0.47;0.47;0.54;0.80;2.20;2.40,tick=185636 goal=0 lap=0 last=0.0 best=0.0
126.65,478,55.5,0.26,-0.20,16,-53.644999999999996,BEND,0.80;0.49;0.40;0.37;0.43;0.59;1.36;4.59;1.12;0.67;0.53;0.52;0.60;0.85;1.83;2.85,tick=185662 goal=0 lap=0 last=0.0 best=0.0
126.91,479,41.4,0.26,-0.25,16,-52.65333333333332,BEND,0.93;0.48;0.35;0.34;0.34;0.45;0.82;5.99;1.62;0.84;0.65;0.58;0.64;0.80;1.45;4.08,tick=185689 goal=0 lap=0 last=0.0 best=0.0
127.18,480,38.2,0.26,-0.27,16,-50.28916666666667,BEND,1.29;0.50;0.35;0.30;0.31;0.37;0.55;1.82;-1.00;1.06;0.74;0.62;0.63;0.76;1.18;5.12,tick=185715 goal=0 lap=0 last=0.0 best=0.0
127.44,481,33.3,0.25,-0.23,16,-50.32999999999999,BEND,2.24;0.60;0.36;0.29;0.29;0.30;0.42;0.93;6.00;1.36;0.83;0.67;0.62;0.73;1.01;2.41,tick=185741 goal=0 lap=0 last=0.0 best=0.0
127.70,482,25.1,0.26,-0.25,16,-45.611666666666665,BEND,3.69;0.79;0.41;0.30;0.29;0.28;0.37;0.65;6.00;1.87;0.95;0.71;0.65;0.69;0.89;1.53,tick=185767 goal=0 lap=0 last=0.0 best=0.0
127.96,483,19.6,0.25,-0.23,32,-38.36333333333332,FWD,4.67;1.28;0.49;0.32;0.30;0.30;0.34;0.57;1.67;2.79;1.10;0.75;0.64;0.64;0.77;1.18,tick=185793 goal=0 lap=0 last=0.0 best=0.0
128.22,484,14.5,0.28,-0.20,16,-27.375833333333347,BEND,5.31;2.05;0.64;0.41;0.32;0.29;0.36;0.52;1.11;5.10;1.26;0.77;0.61;0.61;0.69;0.95,tick=185819 goal=0 lap=0 last=0.0 best=0.0
128.48,485,2.3,0.30,-0.15,16,-8.70749999999999,BEND,1.55;3.12;0.94;0.52;0.39;0.35;0.41;0.52;0.95;6.00;1.40;0.77;0.61;0.57;0.60;0.79,tick=185845 goal=0 lap=0 last=0.0 best=0.0
128.74,486,2.9,0.31,-0.06,16,15.207499999999996,BEND,-1.00;3.56;1.22;0.65;0.47;0.43;0.47;0.59;0.99;6.00;1.45;0.70;0.55;0.49;0.53;0.66,tick=185871 goal=0 lap=0 last=0.0 best=0.0
129.00,487,359.0,0.30,0.06,16,33.10249999999999,BEND,1.00;3.51;1.35;0.75;0.56;0.50;0.52;0.66;1.17;6.00;1.26;0.64;0.47;0.43;0.45;0.56,tick=185897 goal=0 lap=0 last=0.0 best=0.0
129.26,488,5.0,0.27,0.19,16,40.74083333333334,BEND,1.05;3.07;1.27;0.77;0.59;0.56;0.59;0.80;1.49;6.00;0.91;0.52;0.39;0.37;0.40;0.52,tick=185923 goal=0 lap=0 last=0.0 best=0.0
129.52,489,9.7,0.28,0.25,16,47.016666666666666,BEND,1.72;2.45;1.14;0.77;0.62;0.60;0.69;0.97;2.24;2.58;0.64;0.41;0.33;0.31;0.35;0.51,tick=185949 goal=0 lap=0 last=0.0 best=0.0
129.78,490,0.0,0.28,0.30,16,46.7375,BEND,3.80;1.81;0.97;0.73;0.64;0.65;0.79;1.23;4.46;1.17;0.49;0.32;0.27;0.30;0.34;0.56,tick=185975 goal=0 lap=0 last=0.0 best=0.0
130.04,491,27.4,0.28,0.27,16,43.76916666666668,BEND,2.93;1.38;0.85;0.67;0.62;0.68;0.91;1.65;6.00;0.73;0.39;0.28;0.25;0.29;0.39;0.81,tick=185999 goal=0 lap=0 last=0.0 best=0.0
130.30,492,34.3,0.26,0.00,32,45.35916666666667,FWD,2.18;1.09;0.78;0.65;0.65;0.73;-1.00;2.35;2.32;0.57;0.36;0.28;0.29;0.33;0.51;4.07,tick=186027 goal=0 lap=0 last=0.0 best=0.0
130.56,493,36.8,0.29,0.26,16,18.37333333333333,BEND,1.57;0.89;0.64;0.60;0.62;0.76;1.19;4.28;1.26;0.52;0.36;0.31;0.33;0.44;0.75;3.25,tick=186053 goal=0 lap=0 last=0.0 best=0.0
130.82,494,44.3,0.30,0.14,16,-7.726666666666674,BEND,1.11;0.71;0.57;0.54;0.56;0.76;1.34;5.99;1.05;0.52;0.41;0.38;0.41;0.56;1.33;2.48,tick=186079 goal=0 lap=0 last=0.0 best=0.0
131.08,495,48.0,0.31,-0.00,16,80,BEND,0.91;0.60;0.50;-1.00;0.52;0.69;1.27;5.97;1.14;0.60;0.45;0.44;0.51;0.71;3.99;2.10,tick=186105 goal=0 lap=0 last=0.0 best=0.0
131.34,496,50.0,0.29,0.48,16,-80,BEND,0.69;0.48;0.41;0.40;0.46;0.64;1.33;6.00;1.10;0.65;0.54;0.50;0.61;0.96;3.44;1.57,tick=186132 goal=0 lap=0 last=0.0 best=0.0
131.82,497,49.9,0.24,0.01,16,70,REV,0.44;0.28;0.24;0.21;0.27;0.38;-1.00;6.00;1.54;0.85;0.70;0.68;0.80;1.23;3.14;1.15,tick=186179 goal=0 lap=0 last=0.0 best=0.0
132.08,498,49.9,0.09,0.11,16,70,REV,0.33;0.21;0.20;0.20;0.22;0.32;0.76;5.99;1.50;0.88;0.74;0.72;0.87;1.45;2.81;0.88,tick=186205 goal=0 lap=0 last=0.0 best=0.0
132.34,499,51.0,-0.05,-0.14,16,70,REV,0.33;0.21;0.19;0.18;0.23;0.32;0.79;6.00;1.49;0.88;0.74;0.73;0.88;1.49;2.75;0.86,tick=186231 goal=0 lap=0 last=0.0 best=0.0
132.81,500,42.2,-0.16,-0.01,16,70,REV,0.56;0.33;0.24;0.24;0.28;0.36;0.64;3.12;2.08;0.94;0.71;0.65;0.75;1.00;3.80;1.69,tick=186278 goal=0 lap=0 last=0.0 best=0.0
133.07,501,40.7,-0.15,-0.19,16,70,REV,0.68;0.39;0.30;0.25;0.30;0.40;0.65;2.38;2.31;0.95;0.70;0.61;0.68;0.91;4.12;2.04,tick=186304 goal=0 lap=0 last=0.0 best=0.0
133.33,502,35.2,-0.15,-0.19,16,70,REV,1.01;0.49;0.34;0.29;0.33;0.36;0.57;1.43;3.97;1.12;0.71;0.61;0.63;0.79;1.39;2.78,tick=186330 goal=0 lap=0 last=0.0 best=0.0
133.59,503,28.0,-0.15,-0.19,16,-41.260000000000005,BEND,1.47;0.58;0.39;0.34;0.31;0.36;0.52;1.01;5.99;1.36;0.76;0.61;0.59;0.68;1.05;3.51,tick=186356 goal=0 lap=0 last=0.0 best=0.0
133.85,504,26.1,-0.10,0.07,16,-45.70166666666666,BEND,1.79;0.68;0.42;0.35;0.30;0.35;0.48;0.88;6.00;1.55;0.81;0.63;0.58;0.66;0.94;3.91,tick=186382 goal=0 lap=0 last=0.0 best=0.0
134.11,505,28.3,-0.04,0.06,16,-43.24833333333333,BEND,1.68;0.64;0.43;0.35;0.33;0.36;0.51;0.98;5.99;1.42;0.78;0.59;0.59;0.64;0.98;3.79,tick=186408 goal=0 lap=0 last=0.0 best=0.0
134.37,506,23.4,-0.01,0.00,16,-43.78583333333333,BEND,1.63;0.64;0.42;0.34;0.34;0.39;0.52;1.00;5.99;1.39;0.76;0.62;0.59;0.68;1.00;3.74,tick=186434 goal=0 lap=0 last=0.0 best=0.0
134.63,507,27.5,0.05,-0.05,16,-40.68,BEND,1.66;0.65;0.40;0.35;0.31;0.38;0.51;0.97;6.00;1.41;0.77;0.59;0.59;0.64;0.99;3.76,tick=186460 goal=0 lap=0 last=0.0 best=0.0
134.89,508,26.3,0.08,-0.06,16,-40.896666666666654,BEND,1.75;0.67;0.42;0.34;0.34;0.37;0.49;0.93;6.00;1.49;0.80;0.64;0.58;0.66;0.95;3.87,tick=186486 goal=0 lap=0 last=0.0 best=0.0
135.15,509,25.2,0.11,-0.07,16,-40.26583333333333,BEND,1.90;0.69;0.42;0.34;0.31;0.35;0.46;0.84;6.00;1.65;0.83;0.60;0.59;0.65;0.92;3.98,tick=186512 goal=0 lap=0 last=0.0 best=0.0
135.41,510,16.3,0.13,-0.10,16,-38.64249999999999,BEND,2.09;0.75;0.44;0.34;0.31;0.35;0.46;0.76;3.55;1.93;0.87;0.62;0.60;0.64;0.89;4.16,tick=186538 goal=0 lap=0 last=0.0 best=0.0
135.67,511,17.8,0.17,-0.13,16,-35.688333333333325,BEND,2.31;0.82;0.45;0.34;0.32;0.32;0.42;0.69;2.30;2.37;0.91;0.66;0.59;0.62;0.83;1.93,tick=186564 goal=0 lap=0 last=0.0 best=0.0
135.93,512,12.0,0.17,-0.19,32,-28.495000000000005,FWD,2.56;1.01;0.50;0.38;0.33;0.33;0.43;0.65;1.73;3.21;0.97;0.67;0.59;0.59;0.77;1.46,tick=186590 goal=0 lap=0 last=0.0 best=0.0
136.19,513,7.1,0.22,-0.10,32,-25.150833333333328,FWD,2.80;1.18;0.55;0.42;0.36;0.33;0.41;0.61;1.45;4.80;1.02;0.67;0.56;0.59;0.73;1.23,tick=186616 goal=0 lap=0 last=0.0 best=0.0
136.45,514,3.4,0.23,-0.14,32,-17.22416666666666,FWD,3.02;1.35;0.65;0.43;0.35;0.36;0.42;0.61;1.31;6.00;1.09;0.66;0.55;0.56;0.66;1.04,tick=186643 goal=0 lap=0 last=0.0 best=0.0
136.72,515,2.5,0.31,-0.10,16,-5.914999999999999,BEND,3.17;1.51;0.76;0.48;0.41;0.40;0.45;0.64;1.26;6.00;1.13;0.64;0.53;0.53;0.60;0.90,tick=186669 goal=0 lap=0 last=0.0 best=0.0
136.98,516,0.4,0.00,-0.04,16,5.959999999999994,BEND,3.18;1.61;0.85;0.54;0.47;0.43;0.50;0.71;1.30;6.00;1.09;0.63;0.47;0.47;0.54;0.80,tick=186695 goal=0 lap=0 last=0.0 best=0.0
137.24,517,0.7,0.29,0.01,16,18.614166666666666,BEND,3.00;1.61;0.88;0.61;0.50;0.49;0.56;0.77;1.45;5.99;0.91;0.54;0.43;0.43;0.49;0.74,tick=186721 goal=0 lap=0 last=0.0 best=0.0
137.50,518,4.3,0.31,0.09,16,23.21333333333334,BEND,2.72;1.45;0.86;0.64;0.54;0.54;0.59;0.87;1.75;6.00;0.76;0.48;0.41;0.41;0.47;0.79,tick=186747 goal=0 lap=0 last=0.0 best=0.0
137.76,519,2.6,0.29,0.12,16,26.592500000000005,BEND,2.34;1.27;0.80;0.63;0.56;0.56;0.67;1.01;2.21;4.29;0.62;0.42;0.35;0.37;0.47;0.90,tick=186773 goal=0 lap=0 last=0.0 best=0.0
138.02,520,9.6,0.29,0.12,32,24.95666666666666,FWD,1.96;1.09;0.74;0.60;0.57;0.59;0.73;1.20;2.94;1.20;0.53;0.38;0.35;0.37;0.53;3.40,tick=186799 goal=0 lap=0 last=0.0 best=0.0
138.28,521,16.9,0.29,0.16,16,17.028333333333318,BEND,1.59;0.92;0.68;0.58;0.55;0.61;0.82;1.40;4.15;0.88;-1.00;0.38;0.36;0.41;0.61;2.83,tick=186825 goal=0 lap=0 last=0.0 best=0.0
138.54,522,16.1,0.31,0.10,16,3.5258333333333387,BEND,1.24;0.77;0.59;0.52;0.55;0.62;0.88;1.66;5.97;0.75;0.48;0.41;0.40;0.49;0.83;2.31,tick=186851 goal=0 lap=0 last=0.0 best=0.0
138.80,523,21.8,0.30,0.02,16,-74.87750000000003,BEND,1.01;0.64;0.52;0.47;0.50;0.62;0.91;1.84;5.99;0.73;0.49;0.45;0.46;0.57;3.85;1.96,tick=186877 goal=0 lap=0 last=0.0 best=0.0
139.06,524,15.4,0.29,-0.46,16,-80,BEND,0.95;0.60;0.44;0.42;0.43;0.52;0.79;1.52;5.66;0.89;0.55;0.52;0.51;0.63;4.12;1.91,tick=186906 goal=0 lap=0 last=0.0 best=0.0
139.32,525,359.8,0.30,-0.51,16,-8.146666666666661,BEND,1.28;0.68;0.48;0.40;0.38;0.42;0.56;0.98;2.38;2.07;0.71;0.54;0.50;0.56;0.84;2.60,tick=186929 goal=0 lap=0 last=0.0 best=0.0
139.58,526,350.4,0.30,-0.08,16,-15.969999999999994,BEND,1.59;0.79;0.52;0.41;0.37;0.39;0.51;0.79;1.61;5.62;0.84;0.57;0.49;0.53;0.69;3.64,tick=186955 goal=0 lap=0 last=0.0 best=0.0
139.84,527,350.5,0.29,-0.08,16,-14.544999999999995,BEND,1.51;0.78;0.48;0.40;0.39;0.41;0.49;0.80;1.66;5.15;0.84;0.55;0.50;0.50;0.70;3.70,tick=186981 goal=0 lap=0 last=0.0 best=0.0
140.10,528,348.6,0.27,-0.04,16,-13.812500000000007,BEND,1.51;0.77;0.51;0.41;0.37;0.40;0.49;0.78;1.65;4.64;0.82;0.55;0.46;0.51;0.66;3.95,tick=187007 goal=0 lap=0 last=0.0 best=0.0
140.36,529,345.6,0.28,-0.10,16,-10.780833333333332,BEND,1.48;0.77;0.50;0.40;0.37;0.39;0.51;0.77;1.66;4.33;0.81;0.52;0.46;0.47;0.67;4.27,tick=187033 goal=0 lap=0 last=0.0 best=0.0
140.62,530,343.6,0.27,-0.09,16,-11.137500000000003,BEND,1.43;0.76;0.50;0.40;0.37;0.41;0.52;0.80;1.67;4.17;0.77;0.51;0.46;0.48;0.70;4.60,tick=187060 goal=0 lap=0 last=0.0 best=0.0
140.89,531,344.2,0.27,-0.04,16,-15.67666666666667,BEND,1.38;0.74;0.48;0.38;0.34;0.41;0.52;0.80;1.73;4.10;0.75;0.51;0.45;0.49;0.73;4.94,tick=187086 goal=0 lap=0 last=0.0 best=0.0
141.15,532,337.8,0.26,-0.09,16,-15.155833333333327,BEND,1.35;0.73;0.47;0.39;0.35;0.40;0.50;0.82;1.72;4.00;0.72;0.49;0.45;0.48;0.81;5.59,tick=187112 goal=0 lap=0 last=0.0 best=0.0
141.41,533,334.8,0.29,-0.10,16,-18.25999999999999,BEND,1.34;0.67;0.47;0.37;0.38;0.39;0.51;0.80;1.70;3.85;0.70;0.50;0.46;0.51;0.87;5.99,tick=187138 goal=0 lap=0 last=0.0 best=0.0
141.67,534,339.0,0.26,-0.11,16,-19.319166666666668,BEND,1.36;0.67;0.45;0.38;0.36;0.38;0.50;0.80;1.67;3.74;0.68;0.47;0.45;0.52;0.90;5.98,tick=187164 goal=0 lap=0 last=0.0 best=0.0
141.93,535,335.2,0.28,-0.07,16,-25.89083333333333,BEND,1.43;0.65;0.44;0.35;0.35;0.37;0.49;0.78;1.63;3.59;0.69;0.49;0.49;0.56;0.91;6.00,tick=187190 goal=0 lap=0 last=0.0 best=0.0
142.19,536,328.5,0.27,-0.15,16,-24.5325,BEND,1.60;0.64;0.42;0.35;0.36;0.35;0.48;0.73;1.55;3.37;0.70;0.51;0.49;0.57;0.86;4.76,tick=187216 goal=0 lap=0 last=0.0 best=0.0
142.45,537,323.2,0.26,-0.16,16,-26.629166666666663,BEND,1.94;0.69;0.43;0.33;0.32;0.36;0.46;0.72;1.48;3.16;0.73;0.52;0.52;0.57;0.85;2.63,tick=187242 goal=0 lap=0 last=0.0 best=0.0
142.71,538,321.1,0.26,-0.12,16,-25.055000000000003,BEND,2.53;0.72;0.46;0.35;0.33;0.36;0.45;0.69;1.41;3.02;0.77;0.55;0.51;0.56;0.78;1.95,tick=187268 goal=0 lap=0 last=0.0 best=0.0
142.97,539,317.7,0.26,-0.11,16,-25.492499999999993,BEND,3.90;0.84;0.46;0.36;0.31;0.34;0.44;0.67;1.31;2.89;0.79;0.56;0.50;0.57;0.75;1.56,tick=187294 goal=0 lap=0 last=0.0 best=0.0
143.23,540,315.0,0.26,-0.10,32,-21.28166666666667,FWD,6.00;-1.00;0.48;0.37;0.34;0.34;0.42;0.66;1.29;2.80;0.80;0.56;0.51;0.53;0.71;1.31,tick=187320 goal=0 lap=0 last=0.0 best=0.0
143.49,541,307.3,0.28,-0.10,32,-15.189166666666662,FWD,6.00;1.14;0.55;0.39;0.35;0.36;0.43;0.63;1.27;2.67;0.83;0.56;0.50;0.52;0.64;1.12,tick=187346 goal=0 lap=0 last=0.0 best=0.0
143.75,542,304.9,0.33,-0.13,16,-7.639166666666663,BEND,5.94;1.41;0.61;0.44;0.37;0.38;0.45;-1.00;1.30;2.67;0.84;0.57;0.48;0.50;0.61;0.97,tick=187372 goal=0 lap=0 last=0.0 best=0.0
144.01,543,303.7,0.34,-0.05,16,1.024999999999999,BEND,3.23;1.71;0.70;0.49;0.42;0.41;0.48;-1.00;1.35;2.74;0.82;0.55;0.47;0.45;0.56;0.84,tick=187398 goal=0 lap=0 last=0.0 best=0.0
144.27,544,297.4,0.30,0.02,16,10.725,BEND,2.67;1.91;0.77;0.53;0.44;0.46;0.54;0.77;1.50;2.96;0.75;0.49;0.41;0.42;0.50;0.78,tick=187424 goal=0 lap=0 last=0.0 best=0.0
144.53,545,304.3,0.30,0.06,16,17.154166666666672,BEND,2.89;1.86;0.80;0.54;0.48;0.47;0.57;0.85;1.71;3.27;0.67;0.45;0.39;0.38;0.46;0.75,tick=187450 goal=0 lap=0 last=0.0 best=0.0
144.79,546,304.4,0.31,0.10,16,18.750833333333336,BEND,5.03;1.67;0.77;0.55;0.50;0.52;0.61;0.97;2.03;3.72;0.58;0.41;0.37;0.39;0.46;0.77,tick=187476 goal=0 lap=0 last=0.0 best=0.0
145.05,547,307.2,0.31,0.09,16,19.89500000000001,BEND,5.99;1.44;0.76;0.55;0.50;0.53;0.67;1.10;2.38;1.15;0.52;0.38;0.36;0.39;0.48;0.83,tick=187502 goal=0 lap=0 last=0.0 best=0.0
145.32,548,308.2,0.31,0.12,16,18.876666666666672,BEND,6.00;1.24;0.72;0.55;0.51;0.55;0.72;1.26;2.79;0.91;0.50;0.37;0.36;0.39;0.50;0.96,tick=187529 goal=0 lap=0 last=0.0 best=0.0
145.58,549,315.8,0.29,0.10,32,13.391666666666673,FWD,4.65;1.10;0.67;0.52;0.51;0.55;0.75;1.42;3.25;0.81;0.47;0.40;0.37;0.41;0.54;1.17,tick=187555 goal=0 lap=0 last=0.0 best=0.0
145.84,550,316.9,0.30,0.05,16,12.175,BEND,3.17;0.96;0.61;0.53;0.51;0.56;0.78;1.63;3.63;0.76;0.49;0.37;0.38;0.44;0.60;1.44,tick=187581 goal=0 lap=0 last=0.0 best=0.0
146.10,551,322.7,0.33,0.07,16,1.847500000000001,BEND,2.44;0.86;0.57;0.48;0.47;0.54;0.78;-1.00;3.98;0.76;0.48;0.40;0.39;0.47;0.69;1.83,tick=187607 goal=0 lap=0 last=0.0 best=0.0
146.36,552,323.0,0.31,0.05,16,-6.333333333333335,BEND,2.02;0.77;0.52;0.46;0.46;0.53;0.77;1.90;4.29;0.78;0.50;0.45;0.44;0.51;0.76;2.32,tick=187633 goal=0 lap=0 last=0.0 best=0.0
146.62,553,318.0,0.30,-0.03,16,-13.833333333333337,BEND,1.91;0.72;0.48;0.41;0.42;0.49;0.72;1.79;4.41;0.83;0.55;0.47;0.47;0.55;0.79;2.48,tick=187659 goal=0 lap=0 last=0.0 best=0.0
146.88,554,323.8,0.29,-0.12,16,-22.199999999999992,BEND,1.99;0.70;0.43;0.37;0.37;0.43;0.64;1.56;4.40;0.92;0.59;0.50;0.50;0.58;0.85;2.33,tick=187685 goal=0 lap=0 last=0.0 best=0.0
147.14,555,317.0,0.28,-0.10,16,-23.9375,BEND,2.43;0.70;0.45;0.36;0.34;0.41;0.60;1.28;4.24;1.05;0.64;0.53;0.50;0.57;0.81;1.94,tick=187711 goal=0 lap=0 last=0.0 best=0.0
147.40,556,314.3,0.29,-0.10,16,-24.974999999999994,BEND,4.32;0.77;0.46;0.36;0.34;0.37;0.50;1.02;3.94;1.22;0.71;0.57;0.51;0.57;0.77;1.56,tick=187737 goal=0 lap=0 last=0.0 best=0.0
147.66,557,311.0,0.27,-0.15,16,-21.110000000000014,BEND,6.00;0.88;0.47;0.36;0.34;0.36;0.46;0.83;3.50;1.47;0.75;0.55;0.53;0.56;0.69;1.31,tick=187763 goal=0 lap=0 last=0.0 best=0.0
147.92,558,306.1,0.27,-0.14,32,-16.234999999999996,FWD,6.00;1.09;0.52;0.39;0.35;0.35;0.44;0.77;2.85;1.76;0.81;0.56;0.49;0.54;0.67;1.10,tick=187789 goal=0 lap=0 last=0.0 best=0.0
148.18,559,302.2,0.29,-0.10,16,-13.111666666666661,BEND,4.32;1.31;0.56;0.41;0.34;0.36;0.45;0.72;2.31;2.08;0.84;0.57;0.49;0.51;0.60;0.98,tick=187815 goal=0 lap=0 last=0.0 best=0.0
148.44,560,303.9,0.30,-0.10,16,-2.5199999999999907,BEND,2.98;1.60;0.65;0.45;0.40;0.39;0.47;0.68;2.02;2.40;0.83;0.54;0.48;0.47;0.56;0.89,tick=187841 goal=0 lap=0 last=0.0 best=0.0
148.70,561,298.9,0.30,-0.04,16,4.926666666666663,BEND,2.32;1.96;0.73;0.51;0.45;0.42;0.49;0.73;1.94;2.67;0.82;0.53;0.45;0.46;0.55;0.77,tick=187868 goal=0 lap=0 last=0.0 best=0.0
148.97,562,295.7,0.30,0.04,16,12.009166666666674,BEND,2.17;2.10;0.79;0.52;0.46;0.45;0.51;0.79;2.10;2.38;0.73;0.48;0.39;0.42;0.47;0.70,tick=187894 goal=0 lap=0 last=0.0 best=0.0
149.23,563,297.6,0.30,0.07,16,18.8175,BEND,2.29;2.00;0.81;0.56;0.47;0.47;0.57;0.88;2.48;1.90;0.67;0.44;0.37;0.38;0.46;0.68,tick=187920 goal=0 lap=0 last=0.0 best=0.0
149.49,564,305.4,0.30,0.14,16,22.05166666666667,BEND,2.95;1.75;0.80;0.57;0.52;0.53;0.62;1.01;3.21;1.42;0.57;0.39;0.37;0.36;0.44;0.71,tick=187946 goal=0 lap=0 last=0.0 best=0.0
149.75,565,307.2,0.29,0.13,16,-80,BEND,6.00;1.48;0.78;0.55;0.51;0.53;0.69;1.13;4.28;1.09;0.52;-1.00;0.34;0.35;0.44;0.77,tick=187972 goal=0 lap=0 last=0.0 best=0.0
150.01,566,303.4,0.29,-0.50,16,44.09166666666667,BEND,3.85;1.68;0.78;0.57;0.51;0.53;0.66;1.10;3.87;1.18;0.53;0.36;0.34;0.34;0.43;0.69,tick=187998 goal=0 lap=0 last=0.0 best=0.0
150.27,567,296.5,0.00,0.25,16,37.27083333333333,BEND,1.45;3.04;0.97;0.65;0.56;0.56;0.65;0.94;2.38;1.93;0.56;0.38;0.30;0.29;0.35;0.52,tick=188024 goal=0 lap=0 last=0.0 best=0.0
150.53,568,304.3,0.26,0.18,16,38.98416666666667,BEND,2.93;1.93;0.87;0.63;0.56;0.58;0.72;1.18;4.14;0.98;0.43;0.32;0.28;0.28;0.36;0.59,tick=188050 goal=0 lap=0 last=0.0 best=0.0
150.79,569,307.7,0.27,0.18,16,37.71333333333333,BEND,6.00;1.42;0.77;0.62;0.56;0.62;0.82;1.50;5.75;0.68;0.37;0.29;0.25;0.31;0.38;0.74,tick=188076 goal=0 lap=0 last=0.0 best=0.0
151.05,570,318.8,0.27,0.17,32,30.685833333333335,FWD,4.47;1.10;0.70;0.57;0.54;0.65;0.89;2.00;3.02;0.58;0.36;0.29;0.28;0.33;0.44;1.04,tick=188102 goal=0 lap=0 last=0.0 best=0.0
151.31,571,323.5,0.29,0.21,16,20.729166666666668,BEND,2.47;0.90;0.63;0.55;0.56;0.65;0.99;2.87;1.47;0.52;0.37;0.31;0.31;0.37;0.59;1.74,tick=188128 goal=0 lap=0 last=0.0 best=0.0
151.57,572,328.5,0.31,0.12,16,5.34166666666667,BEND,1.64;0.76;0.55;0.47;0.50;0.65;1.06;4.26;1.16;0.54;0.38;0.36;0.37;0.45;0.75;4.33,tick=188154 goal=0 lap=0 last=0.0 best=0.0
151.83,573,329.9,0.30,0.04,16,-11.865833333333338,BEND,1.26;0.62;0.47;0.42;0.48;0.58;1.04;5.24;1.18;0.60;0.44;0.40;0.43;0.54;0.97;5.98,tick=188180 goal=0 lap=0 last=0.0 best=0.0
152.09,574,329.6,0.30,-0.05,16,-28.431666666666683,BEND,1.14;0.54;0.41;0.37;0.40;0.49;0.89;4.88;1.34;0.65;0.49;0.43;0.51;0.64;1.07;5.98,tick=188206 goal=0 lap=0 last=0.0 best=0.0
152.35,575,326.0,0.29,-0.17,16,80,BEND,1.20;0.54;0.38;0.31;0.35;-1.00;0.70;3.00;1.78;0.79;0.58;0.51;0.54;0.67;1.06;5.04,tick=188232 goal=0 lap=0 last=0.0 best=0.0
152.82,576,334.0,0.23,0.00,16,70,REV,0.57;0.33;0.25;0.24;0.26;0.35;0.79;5.97;1.32;0.79;0.61;0.59;0.66;0.90;1.83;3.42,tick=188280 goal=0 lap=0 last=0.0 best=0.0
153.09,577,337.3,0.07,0.06,16,70,REV,0.46;0.28;0.23;0.21;0.22;0.31;0.70;5.99;1.31;0.82;0.65;0.61;0.70;0.97;2.20;2.21,tick=188306 goal=0 lap=0 last=0.0 best=0.0
153.35,578,338.1,-0.09,-0.10,16,70,REV,0.45;0.28;0.22;0.23;0.23;0.30;0.74;5.99;1.32;0.79;0.66;0.62;0.68;0.98;2.20;2.14,tick=188332 goal=0 lap=0 last=0.0 best=0.0
153.82,579,329.6,-0.15,0.00,16,70,REV,0.81;0.40;0.28;0.26;0.26;0.35;0.59;3.83;1.72;0.86;0.66;0.59;0.61;0.78;1.32;6.00,tick=188379 goal=0 lap=0 last=0.0 best=0.0
154.08,580,329.1,-0.14,-0.22,16,70,REV,0.98;0.44;0.32;0.29;0.28;0.36;0.61;2.83;1.88;0.87;0.62;0.55;0.59;0.72;1.15;6.00,tick=188405 goal=0 lap=0 last=0.0 best=0.0
154.34,581,322.0,-0.15,-0.19,16,70,REV,1.70;0.55;0.36;0.30;0.29;0.36;0.54;1.52;3.09;0.96;0.64;0.55;0.57;0.64;0.93;2.71,tick=188431 goal=0 lap=0 last=0.0 best=0.0
154.60,582,314.5,-0.14,-0.21,16,-28.775833333333328,BEND,3.90;0.69;0.39;0.34;0.29;0.35;0.48;1.03;-1.00;1.15;0.67;0.57;0.53;0.59;0.80;1.65,tick=188457 goal=0 lap=0 last=0.0 best=0.0
154.86,583,308.8,-0.10,0.05,16,-33.438333333333325,BEND,5.99;0.78;0.44;0.33;0.32;0.33;0.47;0.86;6.00;1.27;0.72;0.57;0.53;0.57;0.75;1.39,tick=188483 goal=0 lap=0 last=0.0 best=0.0
155.12,584,309.8,-0.04,0.03,16,-33.044999999999995,BEND,6.00;0.74;0.41;0.33;0.31;0.35;0.48;0.94;6.00;1.23;0.71;0.56;0.51;0.57;0.78;1.48,tick=188509 goal=0 lap=0 last=0.0 best=0.0
155.38,585,313.7,-0.00,0.00,16,80,BEND,5.75;0.73;0.42;-1.00;0.31;0.36;0.47;0.97;6.00;1.21;0.69;0.54;0.52;0.57;0.75;1.52,tick=188535 goal=0 lap=0 last=0.0 best=0.0
155.64,586,310.2,0.06,0.08,16,-34.459999999999994,BEND,5.49;0.73;0.42;0.33;0.32;0.35;0.48;1.00;6.00;1.18;0.71;0.56;0.51;0.58;0.77;1.56,tick=188561 goal=0 lap=0 last=0.0 best=0.0
155.90,587,313.9,0.09,-0.04,16,-32.65583333333335,BEND,3.62;0.69;0.40;0.34;0.30;0.34;0.49;1.05;6.00;1.12;0.69;0.55;0.52;0.59;0.79;1.71,tick=188587 goal=0 lap=0 last=0.0 best=0.0
156.16,588,315.1,0.11,-0.06,16,-31.960833333333337,BEND,5.81;0.74;0.40;0.32;0.31;0.35;0.46;0.95;6.00;1.22;0.72;0.55;0.53;0.58;0.78;1.54,tick=188613 goal=0 lap=0 last=0.0 best=0.0
156.42,589,309.7,0.13,-0.11,16,-29.03833333333334,BEND,6.00;0.80;0.42;0.32;0.31;0.33;0.44;0.84;6.00;1.32;0.74;0.56;0.53;0.56;0.75;1.38,tick=188639 goal=0 lap=0 last=0.0 best=0.0
156.68,590,305.6,0.16,-0.09,16,-28.99999999999999,BEND,6.00;0.92;0.46;0.31;0.33;0.32;0.42;0.75;4.93;1.49;0.76;0.58;0.53;0.57;0.70;1.25,tick=188665 goal=0 lap=0 last=0.0 best=0.0
156.95,591,302.8,0.17,-0.12,32,-24.116666666666664,FWD,5.98;1.10;0.49;0.35;0.31;0.33;0.40;0.68;3.33;1.74;0.80;0.58;0.54;0.54;0.68;1.12,tick=188692 goal=0 lap=0 last=0.0 best=0.0
157.21,592,299.1,0.20,-0.09,16,-20.35416666666667,BEND,3.86;1.37;0.57;0.37;0.33;0.32;0.39;0.64;2.37;2.03;0.85;0.59;0.53;0.53;0.64;0.98,tick=188718 goal=0 lap=0 last=0.0 best=0.0
157.47,593,296.1,0.24,-0.09,16,-11.062499999999996,BEND,2.71;1.77;0.64;0.43;0.35;0.32;0.41;0.63;1.88;2.50;0.88;0.60;0.50;0.49;0.58;0.88,tick=188744 goal=0 lap=0 last=0.0 best=0.0
157.73,594,296.8,0.25,-0.05,16,-0.6058333333333303,BEND,2.08;2.31;0.71;0.47;0.40;0.38;0.43;0.63;1.65;3.06;0.88;0.56;0.48;0.44;0.55;0.78,tick=188770 goal=0 lap=0 last=0.0 best=0.0
157.99,595,293.0,0.25,0.03,16,4.357499999999998,BEND,1.81;2.73;0.81;0.51;0.42;0.40;0.48;0.70;1.64;3.20;0.84;0.54;0.45;0.45;0.50;0.70,tick=188796 goal=0 lap=0 last=0.0 best=0.0
158.25,596,296.4,0.25,0.02,16,15.335000000000003,BEND,1.68;2.87;0.88;0.56;0.44;0.45;0.51;0.72;1.79;2.82;0.79;0.51;0.42;0.41;0.45;0.66,tick=188822 goal=0 lap=0 last=0.0 best=0.0
158.51,597,298.8,0.25,0.05,16,23.860000000000014,BEND,1.75;2.69;0.92;0.59;0.47;0.46;0.54;0.79;2.14;2.15;0.70;0.46;0.38;0.36;0.43;0.62,tick=188845 goal=0 lap=0 last=0.0 best=0.0
158.77,598,297.8,0.26,0.12,16,27.666666666666664,BEND,2.07;2.27;0.88;0.60;0.51;0.51;0.60;0.88;2.77;1.63;0.62;0.39;0.35;0.35;0.40;0.61,tick=188874 goal=0 lap=0 last=0.0 best=0.0
159.03,599,297.0,0.26,0.14,16,28.692499999999995,BEND,3.20;1.78;0.83;0.58;0.53;0.54;0.68;1.07;4.43;1.16;0.53;0.36;0.33;0.33;0.41;0.67,tick=188900 goal=0 lap=0 last=0.0 best=0.0
159.29,600,308.4,0.25,0.14,16,29.02749999999999,BEND,6.00;1.47;0.78;0.60;0.53;0.56;0.70;1.25;6.00;0.88;0.46;0.36;0.29;0.34;0.43;0.76,tick=188926 goal=0 lap=0 last=0.0 best=0.0
159.55,601,313.8,0.25,0.16,16,80,BEND,6.00;1.23;0.74;0.57;-1.00;0.58;0.77;1.50;5.99;0.74;0.42;0.31;0.31;0.33;0.47;0.96,tick=188952 goal=0 lap=0 last=0.0 best=0.0
159.81,602,317.4,0.23,0.38,16,11.276666666666678,BEND,2.88;0.95;0.63;0.54;0.53;0.62;0.89;2.38;1.87;0.60;0.38;0.33;0.32;0.39;0.58;1.67,tick=188978 goal=0 lap=0 last=0.0 best=0.0
160.07,603,329.3,0.28,0.07,16,3.1708333333333387,BEND,1.46;0.73;0.54;0.48;0.52;0.62;1.06;5.77;1.14;0.55;0.41;0.37;0.37;0.48;0.83;5.99,tick=189004 goal=0 lap=0 last=0.0 best=0.0
160.33,604,327.8,0.25,0.00,16,-11.173333333333336,BEND,1.24;0.64;0.48;0.43;0.46;0.59;1.03;6.00;1.22;0.61;0.45;0.39;0.42;0.56;1.00;5.98,tick=189030 goal=0 lap=0 last=0.0 best=0.0
160.59,605,328.5,0.26,-0.05,16,-24.73916666666667,BEND,1.12;0.55;0.43;0.40;0.43;0.52;0.90;5.75;1.38;0.66;0.47;0.46;0.48;0.63;1.10;5.98,tick=189056 goal=0 lap=0 last=0.0 best=0.0
160.85,606,322.8,0.26,-0.11,16,-80,BEND,1.15;0.54;0.39;0.35;0.39;0.47;0.73;3.41;1.72;0.80;0.57;0.52;0.54;-1.00;1.11;5.99,tick=189083 goal=0 lap=0 last=0.0 best=0.0
161.12,607,319.2,0.25,-0.43,16,-27.07999999999999,BEND,1.78;0.57;0.38;0.34;0.31;0.36;0.55;1.41;3.15;0.98;0.63;0.54;0.53;0.65;0.95;2.42,tick=189109 goal=0 lap=0 last=0.0 best=0.0
161.38,608,312.4,0.26,-0.15,16,-31.784166666666668,BEND,5.99;0.74;0.40;0.34;0.29;0.35;0.43;0.83;6.00;1.35;0.74;0.58;0.55;0.60;0.81;1.49,tick=189135 goal=0 lap=0 last=0.0 best=0.0
161.64,609,304.3,0.24,-0.15,16,-30.819999999999993,BEND,5.99;0.94;0.44;0.32;0.31;0.31;0.42;0.70;4.21;1.68;0.80;0.61;0.54;0.59;0.74;1.28,tick=189161 goal=0 lap=0 last=0.0 best=0.0
161.90,610,300.0,0.27,-0.18,32,-21.944166666666668,FWD,3.83;1.32;0.53;0.38;0.32;0.33;0.40;0.61;2.02;2.23;0.88;0.62;0.56;0.56;0.67;1.05,tick=189187 goal=0 lap=0 last=0.0 best=0.0
162.16,611,297.0,0.27,-0.10,16,-15.328333333333337,BEND,2.20;2.20;0.63;0.41;0.33;0.33;0.41;0.62;1.55;3.05;0.93;0.64;0.52;0.51;0.60;0.89,tick=189213 goal=0 lap=0 last=0.0 best=0.0
162.42,612,291.6,0.29,-0.08,16,-80,BEND,1.62;3.29;0.79;0.48;0.39;0.39;0.44;0.59;1.42;4.35;0.95;0.59;-1.00;0.47;0.56;0.74,tick=189239 goal=0 lap=0 last=0.0 best=0.0
162.68,613,286.2,0.30,-0.47,16,34.35749999999999,BEND,1.07;6.00;1.18;0.61;0.48;0.44;0.46;0.60;1.10;6.00;1.09;0.59;0.47;0.45;0.46;0.59,tick=189265 goal=0 lap=0 last=0.0 best=0.0
163.15,614,280.5,0.24,0.02,16,-70,REV,0.67;4.77;1.89;0.84;0.62;-1.00;0.57;0.72;1.22;5.99;0.95;0.47;0.37;0.32;0.32;0.40,tick=189312 goal=0 lap=0 last=0.0 best=0.0
163.41,615,278.7,0.06,-0.07,16,-70,REV,0.54;2.30;2.19;-1.00;0.66;0.60;0.62;0.75;1.27;5.29;0.91;0.40;0.29;0.26;0.27;0.33,tick=189338 goal=0 lap=0 last=0.0 best=0.0
163.67,616,0.0,-0.07,0.11,16,-70,REV,0.53;2.15;2.23;0.94;0.69;0.60;0.62;0.76;1.25;5.14;0.89;0.41;0.30;0.25;0.25;0.34,tick=189364 goal=0 lap=0 last=0.0 best=0.0
164.14,617,287.8,-0.15,0.01,16,-70,REV,0.87;6.00;1.33;0.74;0.57;0.56;0.60;0.82;1.64;6.00;0.72;0.42;0.31;0.32;0.34;0.46,tick=189411 goal=0 lap=0 last=0.0 best=0.0
164.40,618,290.6,-0.15,0.21,16,-70,REV,1.05;6.00;1.16;0.69;0.56;0.51;0.59;0.82;1.74;4.05;0.69;0.44;0.36;0.33;0.38;0.50,tick=189437 goal=0 lap=0 last=0.0 best=0.0
164.66,619,294.9,-0.13,0.20,16,-70,REV,1.66;2.69;0.91;0.59;0.49;0.51;0.59;0.91;2.48;1.71;0.62;-1.00;0.35;0.36;0.41;0.63,tick=189463 goal=0 lap=0 last=0.0 best=0.0
164.93,620,300.8,-0.14,0.23,16,13.057500000000015,BEND,4.91;1.73;0.76;0.54;0.48;0.50;0.64;1.09;5.08;1.17;0.56;0.40;0.37;0.38;0.48;0.78,tick=189490 goal=0 lap=0 last=0.0 best=0.0
165.19,621,305.2,-0.10,-0.06,16,18.54083333333333,BEND,6.00;1.39;0.69;0.53;0.49;0.52;0.68;1.23;5.99;0.97;0.52;0.41;0.37;0.40;0.53;0.90,tick=189516 goal=0 lap=0 last=0.0 best=0.0
165.45,622,306.8,-0.05,-0.03,16,18.124166666666667,BEND,5.99;1.42;0.71;0.54;0.48;0.52;0.66;1.19;5.98;1.03;0.55;0.41;0.36;0.41;0.52;0.88,tick=189542 goal=0 lap=0 last=0.0 best=0.0
165.71,623,304.7,-0.00,0.02,16,-80,BEND,6.00;1.45;0.71;0.53;0.47;0.53;0.66;1.19;6.00;1.03;0.54;0.40;0.38;-1.00;0.49;0.88,tick=189568 goal=0 lap=0 last=0.0 best=0.0
165.97,624,305.9,0.06,-0.07,16,18.91583333333333,BEND,6.00;1.50;0.71;0.51;0.48;0.53;0.66;1.15;6.00;1.04;0.53;0.42;0.37;0.41;0.49;0.86,tick=189594 goal=0 lap=0 last=0.0 best=0.0
166.23,625,304.3,0.10,0.04,16,19.133333333333333,BEND,5.42;1.63;0.75;0.56;0.47;0.52;0.64;1.09;5.62;1.11;0.54;0.40;0.36;0.40;0.50;0.82,tick=189620 goal=0 lap=0 last=0.0 best=0.0
166.49,626,307.9,0.13,0.02,16,21.179166666666667,BEND,5.85;1.55;0.74;0.54;0.47;0.53;0.64;1.17;6.00;1.06;0.56;0.40;0.35;0.37;0.47;0.85,tick=189646 goal=0 lap=0 last=0.0 best=0.0
166.75,627,306.0,0.14,0.05,16,21.43166666666667,BEND,5.99;1.46;0.72;0.55;0.51;0.55;0.69;1.23;5.99;0.98;0.50;0.40;0.35;0.37;0.50;0.86,tick=189672 goal=0 lap=0 last=0.0 best=0.0
167.01,628,308.7,0.17,0.07,16,16.682499999999997,BEND,6.00;1.34;0.70;0.53;0.49;0.53;0.70;1.31;5.99;0.91;0.52;0.40;0.36;0.39;0.51;0.91,tick=189698 goal=0 lap=0 last=0.0 best=0.0
167.27,629,310.5,0.20,0.07,16,16.354166666666668,BEND,6.00;1.25;0.66;0.52;0.51;0.55;0.72;1.43;6.00;0.84;0.49;0.39;0.36;0.39;0.53;0.98,tick=189724 goal=0 lap=0 last=0.0 best=0.0
167.53,630,310.2,0.19,0.06,32,80,FWD,6.00;1.14;-1.00;0.53;0.48;0.56;0.74;1.54;6.00;0.82;0.48;0.40;0.35;0.39;0.54;1.07,tick=189750 goal=0 lap=0 last=0.0 best=0.0
167.79,631,316.3,0.21,0.37,16,-1.225833333333334,BEND,3.15;0.94;0.60;0.49;0.47;0.56;0.79;1.96;2.54;0.73;0.48;0.40;0.38;0.43;0.61;1.38,tick=189776 goal=0 lap=0 last=0.0 best=0.0
168.05,632,323.7,0.23,-0.04,16,-1.3008333333333293,BEND,1.79;0.75;0.51;0.46;0.46;0.55;0.93;3.68;1.42;0.64;0.46;0.41;0.41;0.50;0.80;4.15,tick=189802 goal=0 lap=0 last=0.0 best=0.0
168.31,633,322.4,0.27,-0.01,16,-13.45833333333333,BEND,1.65;0.70;0.47;0.43;0.42;0.55;0.83;3.30;1.57;-1.00;0.51;0.42;0.46;0.57;0.86;4.31,tick=189828 goal=0 lap=0 last=0.0 best=0.0
168.57,634,325.4,0.24,-0.04,16,-22.38916666666666,BEND,1.61;0.64;0.43;0.39;0.39;0.48;0.76;2.82;1.79;0.79;0.56;0.48;0.50;0.58;0.91;4.11,tick=189855 goal=0 lap=0 last=0.0 best=0.0
168.84,635,321.3,0.25,-0.10,16,-28.009999999999998,BEND,1.75;0.64;0.44;0.35;0.34;0.42;0.64;1.99;2.29;0.88;0.62;0.51;0.51;0.61;0.88;3.20,tick=189881 goal=0 lap=0 last=0.0 best=0.0
169.10,636,317.7,0.26,-0.15,16,-29.49083333333334,BEND,2.12;0.67;0.42;0.33;0.33;0.37;0.54;1.35;3.51;1.03;0.66;0.53;0.52;0.62;0.85;2.27,tick=189907 goal=0 lap=0 last=0.0 best=0.0
169.36,637,313.7,0.28,-0.19,16,-27.8475,BEND,3.13;0.77;0.44;0.34;0.30;0.35;0.47;0.98;6.00;1.20;0.72;0.57;0.54;0.59;0.80;1.71,tick=189933 goal=0 lap=0 last=0.0 best=0.0
169.62,638,309.2,0.26,-0.12,16,-27.86,BEND,5.99;0.88;0.46;0.34;0.31;0.33;0.44;0.78;6.00;1.45;0.77;0.58;0.54;0.57;0.74;1.38,tick=189959 goal=0 lap=0 last=0.0 best=0.0
169.88,639,304.6,0.26,-0.14,32,-20.453333333333333,FWD,5.09;1.09;0.54;0.38;0.34;0.34;0.43;0.68;3.87;1.73;0.83;0.61;0.54;0.54;0.69;1.16,tick=189985 goal=0 lap=0 last=0.0 best=0.0
170.14,640,300.8,0.27,-0.14,16,-14.032500000000006,BEND,3.92;1.35;0.59;0.42;0.34;0.35;0.42;0.65;2.34;2.10;0.87;0.61;0.50;0.53;0.63;0.99,tick=190011 goal=0 lap=0 last=0.0 best=0.0
170.40,641,295.1,0.30,-0.11,16,-1.4499999999999944,BEND,2.96;1.67;0.67;0.48;0.38;0.39;0.45;0.66;1.81;2.52;0.89;0.58;0.47;0.46;0.57;0.86,tick=190037 goal=0 lap=0 last=0.0 best=0.0
170.66,642,294.1,0.30,0.01,16,4.179166666666662,BEND,2.44;1.94;0.78;0.48;0.45;0.43;0.47;0.68;1.75;2.70;0.86;0.53;0.45;0.44;0.52;0.77,tick=190063 goal=0 lap=0 last=0.0 best=0.0
170.92,643,300.0,0.29,0.02,16,11.646666666666672,BEND,2.33;2.03;0.81;0.54;0.44;0.46;0.53;0.75;1.91;2.50;0.78;0.52;0.41;0.42;0.48;0.74,tick=190089 goal=0 lap=0 last=0.0 best=0.0
171.18,644,294.5,0.29,0.08,16,19.259999999999994,BEND,2.44;1.98;0.81;0.59;0.49;0.48;0.58;0.84;2.26;2.11;0.69;0.46;0.39;0.39;0.46;0.71,tick=190115 goal=0 lap=0 last=0.0 best=0.0
171.44,645,300.3,0.29,0.10,16,24.714166666666664,BEND,2.90;1.74;0.82;0.57;0.52;0.53;0.63;-1.00;3.14;1.60;0.60;0.40;0.34;0.37;0.42;0.74,tick=190141 goal=0 lap=0 last=0.0 best=0.0
171.70,646,299.8,0.00,0.15,16,22.45083333333332,BEND,3.47;1.46;0.76;0.57;0.50;0.57;0.68;1.08;5.13;1.16;0.52;0.38;0.34;0.37;0.46;0.82,tick=190167 goal=0 lap=0 last=0.0 best=0.0
171.96,647,306.7,0.28,0.13,16,22.96916666666666,BEND,4.26;1.25;0.71;0.57;0.53;0.58;0.73;-1.00;6.00;0.90;0.45;0.35;0.33;0.38;0.49;0.95,tick=190193 goal=0 lap=0 last=0.0 best=0.0
172.22,648,309.6,0.27,0.10,32,18.400833333333328,FWD,4.96;1.08;0.66;0.52;0.51;0.58;0.79;1.50;5.99;0.76;0.45;0.35;0.32;0.39;0.54;1.17,tick=190219 goal=0 lap=0 last=0.0 best=0.0
172.48,649,312.2,0.30,0.12,16,10.645000000000003,BEND,5.50;0.95;0.64;0.50;0.50;0.57;0.82;1.71;3.64;0.72;0.44;0.38;0.35;0.42;0.62;1.50,tick=190246 goal=0 lap=0 last=0.0 best=0.0
172.75,650,313.4,0.30,0.08,16,1.2041666666666662,BEND,5.91;0.83;0.54;0.47;0.50;0.57;0.82;1.96;2.66;0.71;0.45;0.39;0.40;0.48;0.71;1.89,tick=190272 goal=0 lap=0 last=0.0 best=0.0
173.01,651,314.5,0.30,-0.03,16,-7.3841666666666645,BEND,6.00;0.74;0.51;0.43;0.44;0.53;0.82;2.04;2.45;0.75;0.50;0.42;0.43;0.53;0.80;2.10,tick=190298 goal=0 lap=0 last=0.0 best=0.0
173.27,652,319.3,0.29,-0.05,16,-15.811666666666662,BEND,5.78;0.68;0.47;0.40;0.41;0.48;0.74;1.91;2.74;0.79;0.55;0.47;0.47;0.55;0.84;2.07,tick=190324 goal=0 lap=0 last=0.0 best=0.0
173.53,653,317.4,0.28,-0.05,16,-23.958333333333332,BEND,5.24;0.66;0.47;0.37;0.36;0.43;0.66;1.63;3.60;0.90;0.58;0.51;0.51;0.56;0.87;1.93,tick=190350 goal=0 lap=0 last=0.0 best=0.0
173.79,654,315.7,0.30,-0.15,16,-25.075000000000003,BEND,4.53;0.69;0.42;0.35;0.35;0.38;0.56;1.31;6.00;1.05;0.63;0.53;0.52;0.57;0.82;1.69,tick=190376 goal=0 lap=0 last=0.0 best=0.0
174.05,655,310.7,0.28,-0.13,16,-27.4675,BEND,3.69;0.75;0.44;0.33;0.34;0.36;-1.00;0.99;6.00;1.21;0.70;0.56;0.53;0.59;0.77;1.41,tick=190402 goal=0 lap=0 last=0.0 best=0.0
174.31,656,304.3,0.26,-0.15,16,-24.036666666666672,BEND,2.92;0.91;0.47;0.36;0.32;0.34;0.46;0.83;5.17;1.44;0.76;0.59;0.53;0.56;0.73;1.19,tick=190428 goal=0 lap=0 last=0.0 best=0.0
174.57,657,299.0,0.27,-0.11,32,-19.997500000000002,FWD,2.27;1.44;0.54;0.38;0.34;0.35;0.41;0.70;2.79;1.76;0.82;0.60;0.53;0.56;0.64;1.02,tick=190454 goal=0 lap=0 last=0.0 best=0.0
174.83,658,293.1,0.30,-0.12,16,-10.441666666666674,BEND,1.79;4.80;0.59;0.43;0.35;0.37;0.45;0.68;2.17;2.23;0.87;0.56;0.49;0.52;0.60;0.88,tick=190480 goal=0 lap=0 last=0.0 best=0.0
175.09,659,290.5,0.30,-0.07,16,-0.2608333333333399,BEND,1.42;4.03;0.73;0.48;0.39;0.38;0.47;0.68;1.88;2.88;0.88;0.57;0.46;0.47;0.53;0.74,tick=190506 goal=0 lap=0 last=0.0 best=0.0
175.35,660,293.6,0.29,0.04,16,11.857500000000002,BEND,1.23;3.58;0.91;0.53;0.45;0.42;0.49;0.72;1.86;2.99;0.82;0.50;0.43;0.43;0.47;0.66,tick=190532 goal=0 lap=0 last=0.0 best=0.0
175.61,661,295.9,0.00,0.07,16,24.36333333333333,BEND,1.09;3.41;1.06;0.58;0.48;0.46;0.54;0.79;2.14;2.27;0.74;0.47;0.40;0.37;0.44;0.60,tick=190558 goal=0 lap=0 last=0.0 best=0.0
175.87,662,295.6,0.28,0.10,16,80,BEND,1.06;3.58;1.11;0.61;0.50;-1.00;0.59;0.92;2.90;1.60;0.62;0.42;0.35;0.35;0.38;0.57,tick=190584 goal=0 lap=0 last=0.0 best=0.0
176.13,663,306.0,0.30,0.47,16,25.16,BEND,1.40;4.87;0.94;0.61;0.53;0.55;0.70;1.23;5.98;0.97;0.49;0.35;0.30;0.32;0.39;0.59,tick=190610 goal=0 lap=0 last=0.0 best=0.0
176.39,664,317.0,0.29,0.13,16,26.99916666666666,BEND,2.38;1.76;0.74;0.56;0.53;0.57;0.82;2.02;2.49;0.68;0.42;0.34;0.31;0.34;0.44;0.73,tick=190636 goal=0 lap=0 last=0.0 best=0.0
176.65,665,318.4,0.28,0.12,16,80,BEND,2.86;1.37;-1.00;0.54;0.51;0.58;0.85;2.74;1.80;0.66;0.39;0.35;0.33;0.34;0.49;0.85,tick=190663 goal=0 lap=0 last=0.0 best=0.0
176.92,666,326.2,0.27,0.45,16,6.701666666666668,BEND,4.06;0.98;0.63;0.50;0.53;0.61;1.01;5.99;1.21;0.57;0.39;0.36;0.34;0.39;0.54;1.23,tick=190689 goal=0 lap=0 last=0.0 best=0.0
177.18,667,331.2,0.27,-0.03,16,5.594166666666662,BEND,6.00;0.75;0.52;0.48;0.47;0.60;1.32;5.58;0.95;0.56;0.41;0.39;0.38;0.45;0.75;1.99,tick=190715 goal=0 lap=0 last=0.0 best=0.0
177.44,668,335.8,0.28,-0.01,16,-10.68500000000001,BEND,1.91;0.67;0.48;0.41;0.42;0.56;1.15;5.08;1.07;0.62;0.48;0.41;0.42;0.53;0.88;2.15,tick=190741 goal=0 lap=0 last=0.0 best=0.0
177.70,669,335.6,0.25,-0.02,16,-21.769166666666663,BEND,1.83;0.59;0.44;0.38;0.39;0.49;0.90;5.99;1.23;0.69;0.53;0.46;0.45;0.58;0.93;2.14,tick=190767 goal=0 lap=0 last=0.0 best=0.0
177.96,670,332.3,0.26,-0.15,16,-26.569166666666668,BEND,5.85;0.58;0.39;0.35;0.36;0.41;0.70;6.00;1.46;0.80;0.57;0.49;0.51;0.61;0.90;1.93,tick=190793 goal=0 lap=0 last=0.0 best=0.0
178.22,671,329.6,0.28,-0.17,16,-32.70666666666667,BEND,4.46;0.61;0.38;0.31;0.31;0.38;0.53;6.00;1.87;0.94;0.64;0.53;0.53;0.63;0.87;1.67,tick=190819 goal=0 lap=0 last=0.0 best=0.0
178.48,672,324.0,0.26,-0.17,16,-31.53333333333333,BEND,3.30;0.71;0.39;0.33;0.28;0.35;0.46;1.15;2.47;1.11;0.69;0.55;0.53;0.62;0.79;1.36,tick=190845 goal=0 lap=0 last=0.0 best=0.0
178.74,673,319.7,0.24,-0.18,16,-80,BEND,2.47;0.96;0.42;0.31;0.29;0.31;0.41;0.76;3.46;1.32;0.78;0.60;0.55;-1.00;0.75;1.15,tick=190871 goal=0 lap=0 last=0.0 best=0.0
179.00,674,312.7,0.28,-0.43,16,-14.369166666666667,BEND,1.72;5.35;0.56;0.36;0.31;0.31;0.38;0.61;6.00;1.74;0.87;0.63;0.54;0.56;0.63;0.92,tick=190897 goal=0 lap=0 last=0.0 best=0.0
179.26,675,304.0,0.26,-0.03,16,-6.244166666666669,BEND,1.16;2.79;0.89;0.49;0.36;0.34;0.38;0.52;1.15;2.58;1.07;0.65;0.54;0.51;0.53;0.68,tick=190923 goal=0 lap=0 last=0.0 best=0.0
179.52,676,299.5,0.26,-0.02,16,22.7925,BEND,0.98;2.27;1.48;0.59;0.43;0.40;0.40;0.56;1.15;2.79;1.03;0.62;0.49;0.44;0.47;0.57,tick=190949 goal=0 lap=0 last=0.0 best=0.0
179.78,677,299.9,0.25,0.10,16,55.33666666666667,BEND,0.85;2.06;2.44;0.66;0.48;0.44;0.48;0.67;1.37;2.61;0.91;0.55;0.41;0.39;0.40;0.51,tick=190975 goal=0 lap=0 last=0.0 best=0.0
180.04,678,307.5,0.27,0.28,16,41.41416666666666,BEND,0.88;2.61;1.51;0.67;0.55;0.51;0.56;0.79;5.99;1.90;0.71;0.44;0.35;0.34;0.36;0.49,tick=191001 goal=0 lap=0 last=0.0 best=0.0
180.30,679,313.3,0.28,0.23,16,-80,BEND,1.00;4.54;1.14;0.66;0.55;0.54;0.66;1.04;5.31;1.15;0.53;-1.00;0.32;0.29;0.35;0.50,
180.56,680,314.0,0.26,-0.42,16,69.17916666666666,BEND,-1.00;4.41;1.25;0.69;0.57;0.58;0.68;1.07;5.09;1.13;0.49;0.33;0.27;0.28;0.34;0.47,tick=191054 goal=0 lap=0 last=0.0 best=0.0
181.04,681,318.5,0.21,-0.03,16,-70,REV,0.64;3.88;1.60;0.82;0.64;0.63;0.76;1.19;4.83;0.96;0.36;0.24;0.20;0.20;0.23;0.33,tick=191101 goal=0 lap=0 last=0.0 best=0.0
181.30,682,318.1,0.06,-0.04,16,-70,REV,0.55;2.98;1.82;0.86;0.67;0.66;0.76;1.14;5.73;1.02;0.35;0.24;0.18;0.20;0.21;0.29,tick=191127 goal=0 lap=0 last=0.0 best=0.0
181.56,683,316.2,-0.06,0.09,16,-70,REV,0.54;3.18;1.76;0.86;0.67;0.64;0.73;1.17;5.35;1.00;0.35;0.21;0.17;0.18;0.22;0.29,tick=191153 goal=0 lap=0 last=0.0 best=0.0
182.03,684,324.1,-0.15,0.01,16,-70,REV,1.07;6.00;1.08;0.70;0.63;0.67;0.85;1.75;2.60;0.61;0.31;0.24;0.21;0.21;0.27;0.41,tick=191200 goal=0 lap=0 last=0.0 best=0.0
182.29,685,325.9,-0.16,0.20,16,-70,REV,1.32;5.99;0.97;0.67;-1.00;0.67;0.91;2.11;2.14;0.54;0.31;0.21;0.20;0.20;0.28;0.46,tick=191226 goal=0 lap=0 last=0.0 best=0.0
182.55,686,334.0,-0.15,0.18,16,-70,REV,2.36;1.98;0.82;0.63;0.64;0.71;1.03;6.00;1.23;0.45;0.26;0.23;0.19;0.24;0.32;0.59,tick=191252 goal=0 lap=0 last=0.0 best=0.0
182.81,687,343.1,-0.16,0.19,16,53.12083333333333,BEND,4.72;1.34;0.74;0.62;0.65;0.79;1.34;3.91;0.79;0.34;0.22;0.19;0.18;0.24;0.34;0.78,tick=191276 goal=0 lap=0 last=0.0 best=0.0
183.07,688,339.1,-0.12,-0.16,16,71.1425,BEND,5.97;1.18;0.74;0.66;0.69;0.87;1.62;2.84;0.60;0.30;0.20;0.16;0.16;0.22;0.34;0.93,tick=191304 goal=0 lap=0 last=0.0 best=0.0
183.33,689,342.6,-0.08,-0.09,16,71.3875,BEND,4.95;1.33;0.79;0.67;0.70;0.83;1.45;3.46;0.66;0.27;0.21;0.16;0.15;0.22;0.30;0.74,tick=191330 goal=0 lap=0 last=0.0 best=0.0
183.59,690,338.9,0.02,0.03,16,69.87166666666667,BEND,4.53;1.39;0.79;0.68;0.69;0.83;1.42;3.78;0.68;0.27;0.20;0.15;0.14;0.20;0.27;0.70,tick=191356 goal=0 lap=0 last=0.0 best=0.0
183.85,691,337.3,0.06,0.06,16,66.08083333333335,BEND,4.81;1.33;0.78;0.67;0.66;0.85;1.46;3.56;0.65;0.28;-1.00;0.17;0.17;0.20;0.30;0.75,tick=191382 goal=0 lap=0 last=0.0 best=0.0
184.11,692,343.5,0.08,0.09,16,63.532500000000006,BEND,5.61;1.21;0.75;0.68;0.67;0.85;1.55;3.00;0.60;0.29;0.18;0.17;0.19;0.21;0.33;0.87,tick=191408 goal=0 lap=0 last=0.0 best=0.0
184.37,693,345.4,0.12,0.14,32,56.62333333333332,FWD,6.00;1.05;0.73;0.63;0.68;0.89;1.81;2.42;0.56;0.29;0.20;0.19;0.18;0.26;0.39;1.09,tick=191434 goal=0 lap=0 last=0.0 best=0.0
184.63,694,0.0,0.16,0.18,16,48.45416666666667,BEND,3.67;0.91;0.67;0.62;0.68;0.90;5.37;1.88;0.52;0.28;0.21;0.21;0.22;0.28;0.52;1.50,tick=191461 goal=0 lap=0 last=0.0 best=0.0
184.90,695,351.7,0.20,0.19,16,32.78,BEND,1.80;0.77;0.59;0.56;0.67;0.96;6.00;1.40;0.50;0.33;0.26;0.24;0.27;0.38;0.69;2.60,tick=191487 goal=0 lap=0 last=0.0 best=0.0
185.16,696,359.8,0.20,0.00,16,20.18333333333335,BEND,1.23;0.66;0.54;0.54;0.62;0.97;5.39;1.25;0.53;0.37;0.31;0.31;0.35;0.50;0.91;4.40,tick=191513 goal=0 lap=0 last=0.0 best=0.0
185.42,697,9.4,0.20,0.08,16,80,BEND,0.95;0.57;-1.00;0.47;0.58;0.95;4.38;1.27;0.59;0.42;0.35;0.36;0.43;0.60;1.20;5.44,tick=191539 goal=0 lap=0 last=0.0 best=0.0
185.89,698,12.4,0.18,-0.02,16,70,REV,0.51;0.37;0.35;0.34;0.49;1.14;2.68;1.08;0.67;0.53;0.47;0.54;0.65;1.03;2.92;1.27,tick=191586 goal=0 lap=0 last=0.0 best=0.0
186.15,699,18.0,0.02,0.04,16,70,REV,0.42;0.33;0.30;0.33;0.44;1.01;2.74;1.15;0.71;0.56;0.53;0.56;0.68;1.13;3.23;1.04,tick=191612 goal=0 lap=0 last=0.0 best=0.0
186.41,700,16.1,-0.11,-0.16,16,70,REV,0.47;0.34;0.30;0.33;0.44;0.98;2.88;1.16;0.70;0.56;0.51;0.55;0.68;1.05;2.86;1.21,tick=191638 goal=0 lap=0 last=0.0 best=0.0
186.88,701,3.3,-0.17,-0.01,16,70,REV,0.77;0.46;0.39;0.41;0.50;0.85;4.17;1.34;0.69;0.48;0.43;0.43;0.52;0.73;1.43;5.99,tick=191685 goal=0 lap=0 last=0.0 best=0.0
187.14,702,1.9,-0.16,-0.21,16,70,REV,0.93;0.54;0.44;0.45;0.54;0.89;4.58;1.35;0.67;0.47;0.38;0.38;0.45;0.63;1.22;5.44,tick=191711 goal=0 lap=0 last=0.0 best=0.0
187.40,703,355.3,-0.14,-0.22,16,70,REV,1.36;0.64;0.50;0.49;0.56;0.81;6.00;1.65;0.67;0.41;0.35;0.34;0.39;0.51;0.92;3.40,tick=191737 goal=0 lap=0 last=0.0 best=0.0
187.66,704,349.6,0.00,-0.24,16,27.5325,BEND,2.46;0.77;0.54;0.50;0.57;0.76;1.92;2.24;-1.00;0.42;0.32;0.29;0.31;0.42;0.72;1.93,tick=191763 goal=0 lap=0 last=0.0 best=0.0
187.92,705,342.3,-0.10,-0.02,16,31.80333333333333,BEND,5.98;0.89;0.60;0.56;0.57;0.74;1.52;2.81;0.79;0.42;0.34;0.28;0.30;0.36;0.59;1.40,tick=191789 goal=0 lap=0 last=0.0 best=0.0
188.18,706,348.9,-0.07,-0.02,16,36.59833333333334,BEND,6.00;0.94;0.63;0.56;0.58;0.75;1.46;2.96;0.82;0.40;0.30;0.27;0.26;0.34;0.54;1.28,tick=191815 goal=0 lap=0 last=0.0 best=0.0
188.44,707,342.4,0.00,0.00,16,35.8575,BEND,5.99;0.97;0.63;0.56;0.60;0.75;1.43;3.03;0.80;0.42;0.30;0.28;0.28;0.34;0.53;1.25,tick=191841 goal=0 lap=0 last=0.0 best=0.0
188.70,708,341.3,0.06,0.06,16,32.51916666666666,BEND,6.00;0.95;0.63;0.55;0.59;0.75;1.46;2.96;0.80;0.41;0.30;0.28;0.28;0.34;0.56;1.27,tick=191867 goal=0 lap=0 last=0.0 best=0.0
188.96,709,344.0,0.08,0.04,16,29.098333333333336,BEND,6.00;0.91;0.61;0.54;0.57;0.73;1.51;2.82;0.80;0.41;0.31;0.25;0.30;0.37;0.58;1.35,tick=191893 goal=0 lap=0 last=0.0 best=0.0
189.23,710,346.5,0.11,0.07,16,25.194999999999997,BEND,6.00;0.85;0.59;0.53;0.57;0.75;1.57;2.67;0.79;0.42;0.32;0.29;0.31;0.39;0.62;1.52,tick=191920 goal=0 lap=0 last=0.0 best=0.0
189.49,711,346.6,0.13,0.09,16,17.427500000000002,BEND,3.46;0.80;0.55;0.51;0.56;0.74;1.64;2.53;0.80;0.46;0.34;0.30;0.34;0.42;0.66;1.69,tick=191946 goal=0 lap=0 last=0.0 best=0.0
189.75,712,351.5,0.16,0.04,32,9.11416666666667,FWD,2.33;-1.00;0.51;0.48;0.52;0.72;1.72;2.40;0.84;0.47;0.37;0.34;0.37;0.47;0.75;2.03,tick=191972 goal=0 lap=0 last=0.0 best=0.0
190.01,713,356.1,0.20,0.06,16,-2.599999999999995,BEND,1.92;0.67;0.48;0.43;0.48;0.67;1.69;2.43;0.88;0.51;0.40;0.38;0.41;0.50;0.81;2.35,tick=191998 goal=0 lap=0 last=0.0 best=0.0
190.27,714,353.4,0.24,0.01,16,-15.67249999999999,BEND,1.71;0.62;0.43;0.40;0.41;0.59;1.38;2.58;0.96;0.58;0.46;0.42;0.46;0.56;0.89;2.51,tick=192024 goal=0 lap=0 last=0.0 best=0.0
190.53,715,350.7,0.23,-0.06,16,-22.4675,BEND,1.81;0.59;0.42;0.35;0.39;0.50;1.04;3.00;1.12;0.65;0.50;0.46;0.48;0.58;0.90;2.36,tick=192050 goal=0 lap=0 last=0.0 best=0.0
190.79,716,348.5,0.25,-0.13,16,-27.91916666666667,BEND,2.48;0.58;0.40;0.32;0.33;0.41;0.77;3.60;1.38;0.76;0.57;0.49;0.50;0.60;0.87;2.07,tick=192076 goal=0 lap=0 last=0.0 best=0.0
191.05,717,347.9,0.24,-0.11,16,-34.5125,BEND,6.00;0.61;0.38;0.30;0.30;0.33;0.55;4.54;1.68;0.85;0.63;0.54;0.53;0.59;0.84;1.75,tick=192102 goal=0 lap=0 last=0.0 best=0.0
191.31,718,341.4,0.24,-0.16,16,-30.884999999999998,BEND,5.13;0.72;0.38;0.31;0.28;0.32;0.45;6.00;2.14;1.03;0.70;0.56;0.51;0.58;0.76;1.42,tick=192128 goal=0 lap=0 last=0.0 best=0.0
191.57,719,334.9,0.25,-0.15,16,-28.00166666666667,BEND,3.79;0.96;0.44;0.32;0.28;0.30;0.39;0.82;2.82;1.20;0.75;0.59;0.51;0.55;0.71;1.16,tick=192154 goal=0 lap=0 last=0.0 best=0.0
191.83,720,331.8,0.26,-0.15,16,-24.160833333333333,BEND,2.78;1.37;0.52;0.33;0.31;0.28;0.37;0.63;3.54;1.42;0.83;0.59;0.53;0.54;0.65;0.98,tick=192180 goal=0 lap=0 last=0.0 best=0.0
192.09,721,325.8,0.24,-0.10,16,-14.385833333333329,BEND,2.00;2.55;0.62;0.39;0.33;0.33;0.40;0.58;4.30;1.65;0.85;0.59;0.53;0.50;0.58;0.85,tick=192206 goal=0 lap=0 last=0.0 best=0.0
192.35,722,325.2,0.23,-0.09,16,-1.3549999999999942,BEND,1.57;6.00;0.76;0.47;0.38;0.37;0.41;0.60;5.09;1.87;0.88;0.59;0.47;0.47;0.54;0.73,tick=192232 goal=0 lap=0 last=0.0 best=0.0
192.61,723,322.9,0.25,-0.01,16,9.808333333333334,BEND,1.35;5.39;0.91;0.54;0.41;0.39;-1.00;0.62;5.56;1.97;0.89;0.56;0.45;0.43;0.48;0.65,tick=192258 goal=0 lap=0 last=0.0 best=0.0
192.87,724,325.4,0.27,0.05,16,20.198333333333334,BEND,1.26;5.27;0.99;0.57;0.47;0.44;0.49;0.67;5.53;1.91;0.82;0.50;0.39;0.40;0.45;0.60,tick=192284 goal=0 lap=0 last=0.0 best=0.0
193.13,725,325.7,0.28,0.06,16,31.058333333333334,BEND,1.25;5.65;0.99;0.61;0.49;0.47;0.53;0.77;5.14;1.69;0.70;0.43;0.36;0.32;0.40;0.55,tick=192310 goal=0 lap=0 last=0.0 best=0.0
193.39,726,328.9,0.27,0.17,16,32.71083333333333,BEND,1.42;6.00;0.95;0.64;0.53;0.51;0.60;0.88;4.49;1.39;0.57;0.39;0.32;0.32;0.38;0.56,tick=192337 goal=0 lap=0 last=0.0 best=0.0
193.66,727,335.5,0.26,0.16,16,80,BEND,-1.00;2.47;0.89;0.60;0.53;-1.00;0.68;-1.00;3.65;1.04;0.47;0.33;0.29;0.30;0.38;0.61,tick=192363 goal=0 lap=0 last=0.0 best=0.0
193.92,728,342.0,0.27,0.43,16,24.489999999999995,BEND,3.28;1.48;0.79;0.58;0.54;0.58;0.78;1.53;2.48;0.71;0.38;0.30;0.29;0.30;0.42;0.77,tick=192389 goal=0 lap=0 last=0.0 best=0.0
194.18,729,353.4,0.24,0.13,32,22.628333333333337,FWD,5.59;1.03;0.65;0.54;0.53;0.62;0.92;5.14;1.55;0.54;0.36;0.30;0.32;0.38;0.52;1.23,tick=192415 goal=0 lap=0 last=0.0 best=0.0
194.44,730,354.5,0.28,0.14,16,12.60333333333333,BEND,5.98;0.89;0.59;0.51;0.52;0.63;0.95;4.67;1.34;0.55;0.40;0.32;0.34;0.43;0.62;1.72,tick=192441 goal=0 lap=0 last=0.0 best=0.0
194.70,731,358.7,0.31,0.06,16,2.957499999999992,BEND,2.23;0.75;0.55;0.47;0.48;0.58;0.98;4.29;1.27;0.57;0.43;0.38;0.40;0.45;0.74;2.16,tick=192467 goal=0 lap=0 last=0.0 best=0.0
194.96,732,359.8,0.29,0.06,16,-13.067500000000004,BEND,1.56;0.68;0.48;0.41;0.46;0.53;0.92;4.27;1.30;0.63;0.46;0.42;0.43;0.55;0.84;2.41,tick=192493 goal=0 lap=0 last=0.0 best=0.0
195.22,733,359.2,0.30,-0.09,16,80,BEND,1.53;0.61;0.43;0.38;-1.00;0.48;0.81;4.70;1.52;0.72;0.52;0.46;0.50;0.56;0.91;2.35,tick=192519 goal=0 lap=0 last=0.0 best=0.0
195.48,734,2.1,0.29,0.48,16,-52.35333333333334,BEND,1.08;0.53;0.38;0.34;0.34;0.46;0.78;4.33;1.41;0.74;0.58;0.50;0.51;0.64;1.12;2.82,tick=192545 goal=0 lap=0 last=0.0 best=0.0
195.95,735,4.2,0.22,0.04,16,70,REV,0.68;0.36;0.25;0.24;0.25;0.31;0.54;4.60;1.63;0.90;0.65;0.59;0.64;0.82;1.33;3.12,tick=192592 goal=0 lap=0 last=0.0 best=0.0
196.21,736,7.0,0.07,0.06,16,-70,REV,0.57;0.30;0.23;-1.00;0.22;0.29;0.53;4.49;1.61;0.90;0.67;0.64;0.66;0.87;1.41;3.36,tick=192618 goal=0 lap=0 last=0.0 best=0.0
196.47,737,8.7,-0.08,0.11,16,70,REV,0.54;0.30;0.21;0.21;0.22;0.27;0.54;4.32;1.55;0.92;0.69;0.64;0.67;0.90;1.47;3.57,tick=192644 goal=0 lap=0 last=0.0 best=0.0
196.94,738,2.7,-0.15,-0.04,16,70,REV,0.73;0.38;0.29;0.26;0.29;0.34;0.61;4.52;1.58;0.86;0.66;0.58;0.62;0.79;1.33;3.12,tick=192691 goal=0 lap=0 last=0.0 best=0.0
197.20,739,7.4,-0.14,-0.20,16,70,REV,0.93;0.43;0.31;0.28;0.28;0.37;0.62;4.84;1.69;0.86;0.62;0.57;0.59;0.72;1.18;2.75,tick=192717 goal=0 lap=0 last=0.0 best=0.0
197.46,740,353.1,-0.16,-0.22,16,70,REV,5.58;0.56;0.37;0.30;0.30;0.36;0.54;1.79;2.23;0.94;0.64;0.56;0.53;0.63;0.98;2.05,tick=192743 goal=0 lap=0 last=0.0 best=0.0
197.72,741,346.3,-0.14,-0.17,16,-29.02583333333334,BEND,4.64;0.68;0.41;0.34;0.31;0.35;0.49;1.14;2.98;1.09;0.67;0.53;0.53;0.61;0.80;1.59,tick=192770 goal=0 lap=0 last=0.0 best=0.0
197.99,742,346.5,-0.12,0.06,16,-33.35,BEND,3.99;0.78;0.43;0.34;0.30;0.35;0.45;0.97;3.38;1.19;0.72;0.57;0.52;0.57;0.77;1.43,tick=192796 goal=0 lap=0 last=0.0 best=0.0
198.25,743,345.5,-0.07,0.06,16,-34.249166666666675,BEND,4.39;0.73;0.42;0.34;0.30;0.34;0.48;1.03;3.13;1.15;0.69;0.53;0.53;0.59;0.77;1.51,tick=192822 goal=0 lap=0 last=0.0 best=0.0
198.51,744,348.4,-0.00,-0.01,16,-32.275833333333345,BEND,4.53;0.73;0.42;0.33;0.32;0.36;0.49;1.08;3.02;1.09;0.69;0.55;0.52;0.59;0.79;1.56,tick=192848 goal=0 lap=0 last=0.0 best=0.0
198.77,745,348.2,0.04,-0.02,16,-31.865833333333345,BEND,4.45;0.72;0.42;0.32;0.31;0.36;0.49;1.05;3.07;1.14;0.68;0.54;0.52;0.58;0.79;1.55,tick=192874 goal=0 lap=0 last=0.0 best=0.0
199.03,746,347.9,0.07,-0.04,16,-31.255000000000003,BEND,4.17;0.76;0.42;0.34;0.31;0.34;0.47;0.98;3.28;1.16;0.70;0.56;0.55;0.58;0.78;1.47,tick=192900 goal=0 lap=0 last=0.0 best=0.0
199.29,747,345.1,0.11,-0.08,16,-27.446666666666673,BEND,3.73;0.81;0.43;0.35;0.33;0.35;0.45;0.88;3.62;1.22;0.73;0.56;0.52;0.57;0.74;1.36,tick=192926 goal=0 lap=0 last=0.0 best=0.0
199.55,748,343.2,0.14,-0.06,16,-29.33833333333333,BEND,3.28;0.89;0.46;0.34;0.31;0.34;0.44;0.81;4.00;1.36;0.74;0.58;0.54;0.56;0.74;1.28,tick=192952 goal=0 lap=0 last=0.0 best=0.0
199.81,749,342.0,0.14,-0.09,32,-24.599999999999994,FWD,2.82;1.02;0.51;0.36;0.33;0.33;0.41;0.72;4.49;1.49;0.79;0.59;0.56;0.56;0.67;1.15,tick=192978 goal=0 lap=0 last=0.0 best=0.0
200.07,750,340.5,0.20,-0.13,32,-19.349166666666655,FWD,2.34;1.41;0.53;0.37;0.32;0.33;0.42;0.67;5.14;1.70;0.81;0.58;0.49;0.53;0.65;1.05,tick=193002 goal=0 lap=0 last=0.0 best=0.0
200.33,751,335.8,0.26,-0.09,16,-12.150833333333336,BEND,1.93;-1.00;0.59;0.41;0.37;0.34;0.42;0.63;5.84;1.96;0.86;0.57;0.50;0.50;0.60;0.94,tick=193030 goal=0 lap=0 last=0.0 best=0.0
200.59,752,334.8,0.27,-0.04,16,-6.294166666666665,BEND,1.59;4.85;0.69;0.45;0.38;0.36;0.44;0.66;1.93;2.23;0.86;0.57;0.50;0.47;0.56;0.81,tick=193056 goal=0 lap=0 last=0.0 best=0.0
200.85,753,327.4,0.26,-0.05,16,6.95666666666667,BEND,1.37;4.34;0.80;0.50;0.42;0.41;0.49;0.69;1.81;2.40;0.85;0.54;0.45;0.44;0.49;0.72,tick=193085 goal=0 lap=0 last=0.0 best=0.0
201.11,754,328.9,0.26,0.03,16,17.316666666666663,BEND,1.22;4.10;0.95;0.54;0.44;0.44;0.53;0.74;1.94;2.30;0.78;0.48;0.43;0.38;0.47;0.64,tick=193108 goal=0 lap=0 last=0.0 best=0.0
201.37,755,336.9,0.26,0.09,16,24.496666666666652,BEND,1.16;4.15;1.02;0.57;0.48;0.49;0.56;0.83;2.43;1.87;0.69;0.43;0.37;0.38;0.44;0.61,tick=193135 goal=0 lap=0 last=0.0 best=0.0
201.64,756,334.5,0.27,0.14,16,29.50333333333333,BEND,1.18;4.37;1.03;0.60;0.51;0.49;0.63;0.95;5.99;1.45;0.57;0.41;0.34;0.35;0.42;0.58,tick=193161 goal=0 lap=0 last=0.0 best=0.0
201.90,757,341.2,0.26,0.17,16,31.75166666666667,BEND,1.31;4.83;0.99;0.62;0.52;0.54;0.68;1.11;5.41;1.09;0.51;0.38;0.33;0.34;0.41;0.59,tick=193187 goal=0 lap=0 last=0.0 best=0.0
202.16,758,344.7,0.29,0.18,16,32.4825,BEND,1.63;5.66;0.93;0.61;0.53;0.56;0.76;1.34;4.35;0.81;0.46;0.36;0.33;0.32;0.40;0.60,tick=193213 goal=0 lap=0 last=0.0 best=0.0
202.42,759,352.4,0.25,0.19,16,32.089999999999996,BEND,2.20;2.03;0.86;0.58;0.54;0.57;0.81;1.71;-1.00;0.71;0.40;0.32;0.28;0.32;0.40;0.67,tick=193239 goal=0 lap=0 last=0.0 best=0.0
202.68,760,355.2,0.00,0.17,16,31.72083333333333,BEND,3.08;1.50;0.76;0.60;0.55;0.60;0.85;2.38;1.96;0.65;0.41;0.32;0.31;0.31;0.43;0.76,tick=193265 goal=0 lap=0 last=0.0 best=0.0
202.94,761,359.1,0.28,0.14,16,27.625000000000007,BEND,3.65;1.23;0.71;0.55;0.54;0.61;0.92;6.00;1.44;0.59;0.38;0.31;0.31;0.33;0.45;0.96,tick=193291 goal=0 lap=0 last=0.0 best=0.0
203.20,762,3.2,0.27,0.16,32,17.25666666666667,FWD,4.28;1.01;0.64;0.52;0.53;0.60;0.99;5.89;1.22;0.58;0.40;0.34;0.32;0.40;0.54;1.27,tick=193317 goal=0 lap=0 last=0.0 best=0.0
203.46,763,6.6,0.28,0.13,16,10.270000000000003,BEND,4.92;0.86;0.60;0.49;0.52;0.62;0.99;5.20;1.18;0.58;0.41;0.36;0.35;0.42;0.65;1.59,tick=193343 goal=0 lap=0 last=0.0 best=0.0
203.72,764,8.6,0.30,0.09,16,-3.291666666666674,BEND,5.51;0.77;0.53;0.45;0.44;0.56;0.97;4.91;-1.00;0.62;0.46;0.39;0.39;0.49;0.74;1.90,tick=193369 goal=0 lap=0 last=0.0 best=0.0
203.98,765,9.2,0.30,-0.04,16,-10.88166666666667,BEND,5.68;0.68;0.46;0.41;0.43;0.53;0.85;4.99;1.34;0.69;0.50;0.42;0.46;0.54;0.83;2.08,tick=193395 goal=0 lap=0 last=0.0 best=0.0
204.24,766,8.2,0.30,-0.08,16,-22.32583333333333,BEND,5.15;0.63;0.43;0.38;0.38;0.46;0.74;5.56;1.55;0.77;0.53;0.49;0.50;0.58;0.88;1.99,tick=193421 goal=0 lap=0 last=0.0 best=0.0
204.50,767,9.1,0.29,-0.13,16,-26.785833333333336,BEND,4.30;0.61;0.41;0.34;0.35;0.41;0.61;6.00;1.86;0.88;0.62;0.52;0.52;0.59;0.85;1.79,tick=193447 goal=0 lap=0 last=0.0 best=0.0
204.76,768,5.5,0.28,-0.16,16,-27.94083333333335,BEND,3.46;0.69;0.40;0.35;0.33;0.37;0.53;1.29;2.37;1.04;0.66;0.55;0.53;0.60;0.81;1.52,tick=193473 goal=0 lap=0 last=0.0 best=0.0
205.02,769,358.2,0.26,0.00,16,-33.497499999999995,BEND,2.78;0.84;0.43;0.32;0.30;0.33;0.47;0.90;3.28;1.24;0.72;0.57;0.54;0.58;0.74;1.24,tick=193499 goal=0 lap=0 last=0.0 best=0.0
205.28,770,354.8,0.26,-0.15,32,-80,FWD,2.22;1.18;0.50;0.34;0.32;0.34;0.42;0.72;4.70;1.51;0.80;0.59;0.53;0.54;-1.00;1.04,tick=193525 goal=0 lap=0 last=0.0 best=0.0
205.54,771,346.9,0.28,-0.49,16,-0.030833333333331936,BEND,1.56;3.51;0.68;0.44;0.35;0.32;0.39;0.59;2.07;2.19;0.94;0.63;0.52;0.50;0.59;0.81,tick=193551 goal=0 lap=0 last=0.0 best=0.0
205.80,772,335.7,0.30,0.01,16,16.61083333333332,BEND,1.00;2.13;1.33;0.58;0.42;0.40;0.40;0.53;1.06;3.54;1.13;0.65;0.50;0.44;0.48;0.59,tick=193575 goal=0 lap=0 last=0.0 best=0.0
206.07,773,338.3,0.30,0.09,16,80,BEND,0.85;1.99;6.00;0.67;0.51;0.46;0.49;0.64;1.30;3.15;0.95;0.56;0.40;0.39;0.40;0.52,tick=193604 goal=0 lap=0 last=0.0 best=0.0
206.33,774,343.7,0.29,0.46,16,35.34,BEND,0.92;2.34;1.31;0.69;0.53;0.51;0.59;0.82;5.99;1.98;0.67;0.40;0.33;0.32;0.35;0.50,tick=193630 goal=0 lap=0 last=0.0 best=0.0
206.59,775,355.0,0.28,0.19,16,35.55416666666668,BEND,1.24;4.84;0.91;0.62;0.53;0.55;0.69;-1.00;4.34;0.98;0.46;0.32;0.30;0.31;0.35;0.57,tick=193656 goal=0 lap=0 last=0.0 best=0.0
206.85,776,2.2,0.28,0.26,16,31.354999999999997,BEND,1.43;6.00;0.81;0.59;0.55;0.59;0.76;1.59;3.01;0.75;0.40;0.30;0.29;0.31;0.38;0.61,tick=193682 goal=0 lap=0 last=0.0 best=0.0
207.11,777,8.4,0.27,0.19,16,35.985833333333325,BEND,1.71;4.58;0.77;0.60;0.56;0.62;0.84;2.25;2.07;0.62;0.38;0.29;0.27;0.30;0.41;0.70,tick=193708 goal=0 lap=0 last=0.0 best=0.0
207.37,778,13.7,0.28,0.21,16,27.135833333333345,BEND,2.14;2.22;0.70;0.55;0.52;0.65;0.91;6.00;1.51;0.55;0.36;0.30;0.29;0.32;0.46;0.81,tick=193734 goal=0 lap=0 last=0.0 best=0.0
207.63,779,19.2,0.27,0.14,16,19.345,BEND,3.32;1.31;0.64;0.50;0.53;0.62;1.01;5.36;1.23;0.55;0.38;0.33;0.32;0.37;0.52;0.91,tick=193760 goal=0 lap=0 last=0.0 best=0.0
207.89,780,21.1,0.26,0.08,32,11.759166666666662,FWD,6.00;1.10;0.59;0.46;0.48;0.61;1.04;4.51;1.14;0.57;0.38;0.38;0.35;0.39;0.57;1.03,tick=193786 goal=0 lap=0 last=0.0 best=0.0
208.15,781,22.5,0.32,0.07,16,4.200833333333337,BEND,6.00;1.00;0.54;0.46;0.45;0.56;1.03;4.12;1.15;0.60;0.43;0.38;0.37;0.44;0.60;1.14,tick=193812 goal=0 lap=0 last=0.0 best=0.0
208.41,782,26.0,0.31,0.06,16,-1.76166666666667,BEND,6.00;0.91;0.51;0.43;0.42;0.53;0.91;4.10;1.21;0.65;0.50;0.41;0.39;0.46;0.64;1.19,tick=193838 goal=0 lap=0 last=0.0 best=0.0
208.67,783,28.1,0.29,0.00,16,80,BEND,5.99;0.92;0.52;0.41;0.37;-1.00;0.78;4.36;1.37;0.75;0.50;0.43;0.43;0.49;0.67;1.20,tick=193864 goal=0 lap=0 last=0.0 best=0.0
208.93,784,31.7,0.29,0.47,16,-29.42083333333333,BEND,4.35;0.78;0.47;0.38;0.36;0.42;0.77;3.85;1.30;0.75;0.54;0.45;0.44;0.51;0.72;1.43,tick=193890 goal=0 lap=0 last=0.0 best=0.0
209.19,785,39.9,0.28,-0.18,16,-27.129166666666666,BEND,1.67;0.58;0.38;0.34;0.35;0.42;0.88;2.69;1.17;0.73;0.55;0.49;0.50;0.62;0.92;2.89,tick=193916 goal=0 lap=0 last=0.0 best=0.0
209.45,786,32.2,0.29,-0.11,16,-34.671666666666674,BEND,2.45;0.61;0.35;0.30;0.30;0.35;0.54;3.82;1.50;0.87;0.60;0.55;0.51;0.61;0.84;2.02,tick=193943 goal=0 lap=0 last=0.0 best=0.0
209.72,787,31.3,0.27,-0.23,16,-32.65333333333333,BEND,6.00;0.76;0.38;0.30;0.26;0.32;0.43;5.04;1.94;1.04;0.69;0.56;0.54;0.60;0.78;1.52,tick=193969 goal=0 lap=0 last=0.0 best=0.0
209.98,788,26.3,0.28,-0.21,16,-26.4475,BEND,5.73;0.96;0.45;0.35;0.29;0.30;0.39;0.70;2.56;1.25;0.76;0.60;0.55;0.55;0.73;1.21,tick=193995 goal=0 lap=0 last=0.0 best=0.0
210.24,789,20.7,0.27,-0.12,32,-21.89583333333334,FWD,4.28;1.33;0.56;0.37;0.31;0.33;0.37;0.60;3.27;1.50;0.83;0.62;0.54;0.54;0.64;1.01,tick=194021 goal=0 lap=0 last=0.0 best=0.0
210.50,790,14.4,0.28,-0.16,16,-10.179166666666656,BEND,2.47;1.94;0.66;0.42;0.34;0.32;0.39;0.56;4.12;1.71;0.89;0.61;0.52;0.50;0.57;0.86,tick=194047 goal=0 lap=0 last=0.0 best=0.0
210.76,791,16.9,0.30,-0.07,16,3.925000000000015,BEND,1.74;2.71;0.82;0.50;0.41;0.39;0.42;0.57;4.92;1.93;0.91;0.59;0.47;0.46;0.52;0.74,tick=194073 goal=0 lap=0 last=0.0 best=0.0
211.02,792,9.8,0.30,0.01,16,17.115000000000002,BEND,1.49;3.11;0.91;0.57;0.47;0.45;0.46;0.65;5.21;2.01;0.86;0.53;0.42;0.40;0.46;0.64,tick=194099 goal=0 lap=0 last=0.0 best=0.0
211.28,793,13.4,0.29,0.11,16,24.74750000000001,BEND,1.54;2.81;0.93;0.60;0.49;0.48;0.54;0.75;5.02;1.89;0.73;0.45;0.36;0.36;0.42;0.62,tick=194125 goal=0 lap=0 last=0.0 best=0.0
211.54,794,15.4,0.28,0.13,16,31.51416666666667,BEND,2.02;2.27;0.90;0.61;0.52;0.52;0.62;0.88;4.35;1.53;0.59;0.38;0.33;0.32;0.40;0.60,tick=194151 goal=0 lap=0 last=0.0 best=0.0
211.80,795,0.0,0.29,0.18,16,31.9875,BEND,3.64;1.80;0.85;0.62;0.54;0.55;0.69;1.06;3.65;1.13;0.47;0.35;0.31;0.33;0.40;0.66,tick=194177 goal=0 lap=0 last=0.0 best=0.0
212.06,796,28.3,0.29,0.15,16,30.228333333333335,BEND,4.65;1.43;0.77;0.59;0.53;0.58;0.77;1.30;2.96;0.81;0.42;0.33;0.32;0.31;0.43;0.82,tick=194203 goal=0 lap=0 last=0.0 best=0.0
212.32,797,31.7,0.28,0.18,32,25.281666666666673,FWD,5.37;1.15;0.70;0.57;0.54;0.61;0.84;1.64;2.49;0.67;0.40;0.33;0.31;0.35;0.48;1.05,tick=194229 goal=0 lap=0 last=0.0 best=0.0
212.58,798,37.3,0.29,0.16,16,80,BEND,2.68;0.95;0.62;-1.00;-1.00;0.63;0.89;2.24;1.99;0.60;0.41;0.32;0.34;0.38;0.57;1.66,tick=194255 goal=0 lap=0 last=0.0 best=0.0
212.84,799,47.6,0.32,0.58,16,-11.533333333333328,BEND,1.48;0.74;0.56;0.49;0.49;0.64;1.07;4.34;1.21;0.55;0.41;0.35;0.39;0.47;0.81;3.56,tick=194281 goal=0 lap=0 last=0.0 best=0.0
213.10,800,55.3,0.32,-0.06,16,-34.37083333333333,BEND,0.90;0.54;0.44;0.41;0.47;0.65;1.34;3.20;0.93;0.55;0.46;0.44;0.50;0.69;1.62;5.04,tick=194307 goal=0 lap=0 last=0.0 best=0.0
213.36,801,45.4,0.28,-0.20,16,-44.08999999999999,BEND,0.83;0.48;0.36;0.35;0.38;0.50;0.96;3.97;1.25;0.66;0.52;0.49;0.54;0.74;1.52;4.44,tick=194333 goal=0 lap=0 last=0.0 best=0.0
213.62,802,44.2,0.29,-0.29,16,-45.762499999999996,BEND,0.91;0.45;0.33;0.31;0.31;0.37;0.63;5.41;1.93;0.87;0.63;0.56;0.57;0.73;1.26;3.60,tick=194360 goal=0 lap=0 last=0.0 best=0.0
213.89,803,35.8,0.28,-0.24,16,-51.31416666666667,BEND,1.27;0.49;0.30;0.26;0.27;0.31;0.46;1.13;3.24;1.11;0.73;0.59;0.60;0.72;1.09;2.66,tick=194386 goal=0 lap=0 last=0.0 best=0.0
214.15,804,31.5,0.30,-0.31,16,-44.478333333333325,BEND,4.18;0.56;0.34;0.26;0.27;0.27;0.36;0.67;4.59;1.49;0.83;0.65;0.60;0.66;0.91;1.86,tick=194412 goal=0 lap=0 last=0.0 best=0.0
214.41,805,16.6,0.27,-0.19,16,-44.290000000000006,BEND,3.18;0.77;0.38;0.28;0.24;0.24;0.31;0.52;2.03;2.23;0.95;0.69;0.60;0.63;0.79;1.35,tick=194438 goal=0 lap=0 last=0.0 best=0.0
214.67,806,16.1,0.29,-0.20,32,-34.80166666666666,FWD,2.34;1.42;0.48;0.31;0.28;0.27;0.31;0.46;1.18;3.58;1.11;0.70;0.61;0.60;0.69;1.04,tick=194464 goal=0 lap=0 last=0.0 best=0.0
214.93,807,5.4,0.00,-0.18,16,-21.335,BEND,1.70;3.69;0.66;0.39;0.31;0.30;0.34;0.47;0.91;4.71;1.27;0.72;0.57;0.55;0.62;0.85,tick=194490 goal=0 lap=0 last=0.0 best=0.0
215.19,808,2.9,0.30,-0.10,16,3.468333333333341,BEND,1.24;2.90;0.98;0.52;0.40;0.39;0.38;0.49;0.89;5.80;1.41;0.72;0.50;0.48;0.50;0.69,tick=194516 goal=0 lap=0 last=0.0 best=0.0
215.45,809,358.6,0.29,0.01,16,25.354166666666664,BEND,1.00;2.44;1.36;0.62;0.48;0.42;0.46;0.58;0.98;6.00;1.31;0.62;0.47;0.42;0.44;0.57,tick=194542 goal=0 lap=0 last=0.0 best=0.0
215.71,810,2.5,0.31,0.15,16,41.45916666666666,BEND,0.91;2.37;1.48;0.70;0.53;0.51;0.54;0.70;1.22;-1.00;0.97;0.50;0.40;0.36;0.39;0.51,tick=194568 goal=0 lap=0 last=0.0 best=0.0
215.97,811,6.1,0.28,0.26,16,44.46416666666667,BEND,0.94;2.62;1.32;0.71;0.57;0.53;0.61;0.84;1.71;4.52;0.66;0.41;0.33;0.31;0.37;0.47,tick=194594 goal=0 lap=0 last=0.0 best=0.0
216.23,812,15.2,0.28,0.23,16,48.92833333333334,BEND,1.17;3.17;1.09;0.70;0.59;0.59;0.69;1.07;2.77;1.33;0.47;0.33;0.27;0.27;0.32;0.48,tick=194620 goal=0 lap=0 last=0.0 best=0.0
216.49,813,24.1,0.27,0.25,16,45.45583333333333,BEND,1.48;3.91;0.92;0.68;0.60;0.64;0.80;1.39;6.00;0.75;0.40;0.29;0.27;0.27;0.35;0.58,tick=194646 goal=0 lap=0 last=0.0 best=0.0
216.75,814,33.4,0.29,0.25,16,40.82499999999999,BEND,2.01;5.11;0.82;0.64;0.58;0.68;0.93;1.92;4.38;0.55;0.34;0.29;0.26;0.28;0.39;0.74,tick=194672 goal=0 lap=0 last=0.0 best=0.0
217.01,815,35.2,0.28,0.21,16,30.47083333333333,BEND,2.57;1.26;0.73;0.59;0.59;0.68;1.05;2.92;1.31;0.49;0.33;0.31;0.31;0.33;0.50;0.98,tick=194698 goal=0 lap=0 last=0.0 best=0.0
217.27,816,42.0,0.25,0.21,16,21.392500000000005,BEND,3.16;0.96;0.64;0.55;0.55;0.71;1.18;6.00;1.02;0.49;0.37;0.33;0.31;0.38;0.59;1.19,tick=194724 goal=0 lap=0 last=0.0 best=0.0
217.53,817,47.2,0.29,0.11,16,10.07916666666667,BEND,3.55;0.82;0.58;0.51;0.53;0.69;1.26;6.00;0.97;0.51;0.38;0.37;0.37;0.47;0.69;1.48,tick=194750 goal=0 lap=0 last=0.0 best=0.0
217.79,818,47.2,0.27,0.04,16,-1.6016666666666601,BEND,3.80;0.72;0.50;0.47;0.48;0.64;1.23;5.98;1.00;0.58;0.44;0.40;0.42;0.51;0.79;1.58,tick=194777 goal=0 lap=0 last=0.0 best=0.0
218.06,819,51.3,0.26,-0.01,16,-13.30666666666667,BEND,3.79;0.67;0.47;0.40;0.43;0.57;1.12;6.00;1.13;0.63;0.51;0.47;0.46;0.55;0.83;1.59,tick=194803 goal=0 lap=0 last=0.0 best=0.0
218.32,820,51.0,0.26,-0.06,16,-20.83833333333333,BEND,3.50;0.64;0.42;0.35;0.38;0.49;0.88;5.99;1.31;0.74;0.53;0.49;0.48;0.56;0.82;1.52,tick=194829 goal=0 lap=0 last=0.0 best=0.0
218.58,821,44.0,0.27,-0.14,16,-26.628333333333337,BEND,3.03;0.67;0.41;0.34;0.33;0.41;0.67;5.99;1.59;0.84;0.62;0.53;0.52;0.60;0.82;1.37,tick=194855 goal=0 lap=0 last=0.0 best=0.0
218.84,822,42.6,0.27,-0.16,16,-28.15916666666667,BEND,2.50;0.86;0.42;0.33;0.30;0.36;0.54;2.80;2.03;-1.00;0.66;0.55;0.54;0.58;0.78;1.19,tick=194881 goal=0 lap=0 last=0.0 best=0.0
219.10,823,38.5,0.25,-0.14,32,-25.953333333333333,FWD,2.02;5.87;0.48;0.33;0.31;0.32;0.44;1.15;2.81;1.14;0.73;0.58;0.53;0.56;0.70;1.02,tick=194907 goal=0 lap=0 last=0.0 best=0.0
219.36,824,33.8,0.29,-0.14,16,-19.253333333333345,BEND,1.60;4.17;0.58;0.37;0.31;0.33;0.39;0.80;4.61;1.32;-1.00;0.60;0.53;0.53;0.64;0.88,tick=194933 goal=0 lap=0 last=0.0 best=0.0
219.62,825,29.5,0.29,-0.09,16,-3.6991666666666645,BEND,1.28;3.00;0.85;0.45;0.33;0.36;0.41;0.65;6.00;1.55;0.84;0.59;0.47;0.50;0.56;0.75,tick=194959 goal=0 lap=0 last=0.0 best=0.0
219.88,826,29.3,0.30,-0.03,16,20.262500000000006,BEND,1.01;2.34;1.34;0.55;0.43;0.39;0.45;0.64;5.99;1.71;0.88;0.56;0.46;0.44;0.49;0.61,tick=194985 goal=0 lap=0 last=0.0 best=0.0
220.14,827,24.8,0.28,0.12,16,46.45,BEND,0.88;-1.00;2.01;0.68;0.49;0.43;0.49;0.71;5.99;1.67;0.79;0.49;0.42;0.41;0.40;0.52,tick=195011 goal=0 lap=0 last=0.0 best=0.0
220.40,828,34.1,0.28,0.26,16,41.20083333333333,BEND,0.91;2.54;1.48;0.68;0.53;0.48;0.56;0.85;4.99;1.36;0.64;0.45;0.35;0.33;0.37;0.49,tick=195037 goal=0 lap=0 last=0.0 best=0.0
220.66,829,40.0,0.29,0.23,16,42.168333333333344,BEND,1.02;4.21;1.15;0.67;0.55;0.54;0.65;1.19;2.76;1.00;0.52;0.34;0.31;0.31;0.35;0.49,tick=195063 goal=0 lap=0 last=0.0 best=0.0
220.92,830,47.1,0.29,0.25,16,42.58333333333333,BEND,1.21;6.00;0.96;0.67;0.56;0.58;0.73;5.88;2.11;0.79;0.44;0.30;0.28;0.28;0.34;0.50,tick=195089 goal=0 lap=0 last=0.0 best=0.0
221.18,831,57.6,0.27,0.19,16,44.634166666666665,BEND,1.62;6.00;0.87;0.65;0.58;0.62;0.83;6.00;1.69;0.64;0.36;0.28;0.25;0.26;0.36;0.61,tick=195116 goal=0 lap=0 last=0.0 best=0.0
221.45,832,66.9,0.26,0.25,16,34.39666666666666,BEND,2.71;1.72;0.76;0.58;0.58;0.66;0.93;3.73;1.27;0.54;0.33;0.27;0.27;0.29;0.43;0.74,tick=195139 goal=0 lap=0 last=0.0 best=0.0
221.71,833,70.5,0.27,0.12,16,29.956666666666667,BEND,5.14;1.21;0.69;0.55;0.55;0.66;1.07;2.94;1.10;0.49;0.33;0.30;0.28;0.34;0.47;0.94,tick=195168 goal=0 lap=0 last=0.0 best=0.0
221.97,834,73.1,0.26,0.14,32,18.810833333333335,FWD,6.00;1.01;0.62;0.51;0.54;0.66;1.16;2.61;1.04;0.51;0.35;0.30;0.33;0.39;0.58;1.18,tick=195194 goal=0 lap=0 last=0.0 best=0.0
222.23,835,78.2,0.29,0.09,16,8.539166666666668,BEND,6.00;0.84;0.54;0.46;0.51;0.65;1.19;2.47;1.00;0.52;0.41;0.36;0.35;0.44;0.65;1.55,tick=195220 goal=0 lap=0 last=0.0 best=0.0
222.49,836,77.3,0.32,0.06,16,-1.8399999999999999,BEND,2.53;0.73;0.51;0.44;0.47;0.61;1.13;2.52;1.06;0.58;0.45;0.40;0.42;0.49;0.73;1.96,tick=195246 goal=0 lap=0 last=0.0 best=0.0
222.75,837,85.0,0.29,0.00,16,-15.626666666666669,BEND,2.14;0.65;0.45;0.39;0.41;0.52;0.98;2.71;1.18;0.66;0.51;0.44;0.46;0.54;0.82;2.19,tick=195272 goal=0 lap=0 last=0.0 best=0.0
223.01,838,82.8,0.31,-0.08,16,-23.499999999999993,BEND,2.44;0.65;0.41;0.36;0.36;0.43;0.76;3.06;1.41;0.78;0.58;0.47;0.51;0.57;0.85;2.10,tick=195298 goal=0 lap=0 last=0.0 best=0.0
223.27,839,77.7,0.30,0.00,16,-28.70416666666668,BEND,5.96;0.66;0.44;0.33;0.34;0.37;0.58;3.67;1.73;0.89;0.62;0.52;0.49;0.56;0.80;1.77,tick=195324 goal=0 lap=0 last=0.0 best=0.0
223.53,840,74.4,0.28,-0.14,16,-27.2175,BEND,5.20;0.74;0.41;0.33;0.30;0.35;0.48;1.50;2.18;1.06;0.67;0.54;0.49;0.58;0.77;1.46,tick=195350 goal=0 lap=0 last=0.0 best=0.0
223.79,841,67.4,0.29,-0.14,16,-80,BEND,4.22;0.95;0.46;0.35;0.29;0.33;0.42;0.82;2.73;1.25;0.75;-1.00;0.53;0.55;0.69;1.18,tick=195376 goal=0 lap=0 last=0.0 best=0.0
224.05,842,60.5,0.29,-0.45,16,-7.589166666666671,BEND,2.54;1.78;0.56;0.39;0.33;0.33;0.37;0.59;3.57;1.60;0.84;0.61;0.51;0.52;0.61;0.92,tick=195402 goal=0 lap=0 last=0.0 best=0.0
224.31,843,49.8,0.26,-0.08,16,-80,BEND,1.34;4.77;0.89;0.51;0.37;0.37;0.40;0.55;1.28;2.38;1.01;0.63;-1.00;0.45;0.51;0.68,tick=195428 goal=0 lap=0 last=0.0 best=0.0
224.57,844,44.3,0.27,-0.42,16,38.075833333333335,BEND,0.95;3.61;1.37;0.62;0.46;0.41;0.43;0.57;1.01;2.92;1.14;0.62;0.45;0.42;0.44;0.55,tick=195454 goal=0 lap=0 last=0.0 best=0.0
225.04,845,44.1,0.22,-0.03,16,-70,REV,0.58;2.11;6.00;0.90;0.62;0.56;0.56;0.70;1.13;3.34;0.98;0.44;0.33;0.30;0.29;0.35,tick=195501 goal=0 lap=0 last=0.0 best=0.0
225.31,846,43.2,0.04,-0.07,16,-70,REV,0.49;1.61;5.77;1.00;0.68;0.59;0.59;0.73;1.18;3.53;0.93;0.42;0.28;0.24;0.26;0.32,tick=195528 goal=0 lap=0 last=0.0 best=0.0
225.57,847,40.1,-0.07,0.12,16,-70,REV,0.50;1.64;5.80;1.00;0.66;0.59;0.59;-1.00;1.17;3.52;0.95;0.41;0.29;0.26;0.25;0.31,tick=195554 goal=0 lap=0 last=0.0 best=0.0
226.04,848,49.1,-0.15,0.00,16,-70,REV,0.82;3.96;1.40;0.73;0.57;0.53;0.57;0.77;1.81;2.26;0.74;0.41;0.33;0.30;0.32;0.43,tick=195601 goal=0 lap=0 last=0.0 best=0.0
226.30,849,54.8,-0.16,0.20,16,-70,REV,1.01;4.48;1.19;0.66;0.52;0.50;0.56;0.76;4.83;2.01;0.72;0.45;0.35;0.34;0.34;0.51,tick=195627 goal=0 lap=0 last=0.0 best=0.0
226.56,850,57.4,-0.17,0.22,16,-70,REV,1.55;5.54;0.91;0.60;0.50;0.48;0.56;0.84;3.97;1.52;0.64;0.42;0.37;0.35;0.42;0.60,tick=195653 goal=0 lap=0 last=0.0 best=0.0
226.82,851,63.7,-0.13,0.20,16,12.052499999999991,BEND,2.72;1.86;0.74;0.52;0.47;0.48;0.60;1.02;3.13;1.17;0.58;0.41;0.36;0.39;0.46;0.78,tick=195679 goal=0 lap=0 last=0.0 best=0.0
227.08,852,71.0,-0.12,-0.03,16,16.110833333333336,BEND,3.72;1.43;0.67;0.51;0.45;0.50;0.62;1.24;2.65;0.99;0.54;0.40;0.36;0.39;0.51;0.88,tick=195705 goal=0 lap=0 last=0.0 best=0.0
227.34,853,67.7,-0.06,-0.02,16,14.034166666666659,BEND,3.58;1.45;0.68;0.51;0.45;0.48;0.61;1.22;2.65;1.01;0.52;0.42;0.37;0.40;0.51;0.86,tick=195731 goal=0 lap=0 last=0.0 best=0.0
227.60,854,64.2,0.01,0.01,16,13.503333333333336,BEND,3.54;1.49;0.69;0.50;0.45;0.47;0.61;1.18;2.66;1.00;0.55;0.41;0.36;0.40;0.49;0.84,tick=195757 goal=0 lap=0 last=0.0 best=0.0
227.86,855,63.8,0.05,0.05,16,14.296666666666658,BEND,3.55;1.47;0.69;0.51;0.45;0.48;0.62;1.23;2.66;1.01;0.53;0.40;0.37;0.37;0.49;0.86,tick=195781 goal=0 lap=0 last=0.0 best=0.0
228.12,856,68.8,0.08,-0.01,16,16.350833333333334,BEND,3.66;1.46;0.69;0.51;0.45;0.49;0.62;1.23;2.63;0.99;0.54;0.38;0.38;0.38;0.49;0.85,tick=195809 goal=0 lap=0 last=0.0 best=0.0
228.38,857,71.3,0.11,0.04,16,14.435833333333342,BEND,3.80;1.38;0.68;0.52;0.45;0.48;0.63;1.29;2.62;0.97;0.51;0.40;0.36;0.38;0.52;0.90,tick=195835 goal=0 lap=0 last=0.0 best=0.0
228.64,858,70.3,0.15,0.04,16,12.82333333333334,BEND,3.93;1.32;0.67;0.50;0.46;0.51;0.65;1.35;2.57;0.94;0.52;0.41;0.36;0.40;0.53;0.92,tick=195861 goal=0 lap=0 last=0.0 best=0.0
228.90,859,72.6,0.15,0.02,16,14.220833333333339,BEND,4.08;1.27;0.66;0.50;0.47;0.51;0.67;1.42;2.48;0.90;0.50;0.40;0.35;0.40;0.52;0.97,tick=195888 goal=0 lap=0 last=0.0 best=0.0
229.17,860,72.3,0.16,0.07,32,10.73583333333334,FWD,4.23;1.19;0.64;0.48;0.47;0.51;0.66;1.50;2.42;0.86;0.50;0.39;0.38;0.40;0.53;1.04,tick=195914 goal=0 lap=0 last=0.0 best=0.0
229.43,861,73.4,0.22,0.08,32,8.956666666666665,FWD,4.29;1.13;0.63;0.48;0.48;0.52;0.69;1.59;2.32;0.86;0.47;0.40;0.39;0.41;0.55;1.07,tick=195940 goal=0 lap=0 last=0.0 best=0.0
229.69,862,77.6,0.27,0.04,32,8.159166666666664,FWD,4.41;1.07;0.60;0.49;0.44;0.52;0.70;1.65;2.27;0.82;0.50;0.39;0.38;0.43;0.56;1.16,tick=195966 goal=0 lap=0 last=0.0 best=0.0
229.95,863,76.6,0.30,0.02,16,4.109999999999999,BEND,4.45;0.99;0.57;0.47;0.44;0.50;0.69;1.70;2.28;0.81;0.51;0.41;0.40;0.44;0.60;1.30,tick=195992 goal=0 lap=0 last=0.0 best=0.0
230.21,864,78.4,0.32,0.04,16,-1.201666666666665,BEND,4.43;0.92;0.55;0.45;0.44;0.49;0.67;1.66;2.31;0.85;0.53;0.42;0.41;0.46;0.65;1.44,tick=196018 goal=0 lap=0 last=0.0 best=0.0
230.47,865,79.2,0.31,-0.01,16,-6.047500000000003,BEND,4.30;0.87;0.53;0.44;0.42;0.48;0.67;1.54;2.45;0.86;0.56;0.45;0.43;0.50;0.69;1.51,tick=196044 goal=0 lap=0 last=0.0 best=0.0
230.73,866,78.2,0.29,-0.01,16,-10.36916666666667,BEND,4.09;0.89;0.52;0.43;0.40;0.43;0.62;1.40;2.65;0.91;0.56;0.46;0.46;0.49;0.72;1.51,tick=196070 goal=0 lap=0 last=0.0 best=0.0
230.99,867,75.6,0.29,-0.07,16,-12.934166666666666,BEND,3.78;0.94;0.52;0.41;0.38;0.41;0.59;1.24;2.99;1.01;0.61;0.49;0.45;0.53;0.72;1.44,tick=196096 goal=0 lap=0 last=0.0 best=0.0
231.25,868,73.9,0.30,-0.06,32,-15.238333333333339,FWD,3.46;1.03;0.52;0.39;0.36;0.41;0.56;1.09;3.41;1.07;0.64;0.51;0.48;0.54;0.68;1.34,tick=196122 goal=0 lap=0 last=0.0 best=0.0
231.51,869,71.1,0.30,-0.10,32,-10.722500000000004,FWD,3.04;1.35;0.56;0.41;0.38;0.41;0.53;0.95;-1.00;1.22;0.67;0.53;0.47;0.51;0.65;1.20,tick=196148 goal=0 lap=0 last=0.0 best=0.0
231.77,870,67.9,0.34,-0.07,32,-6.7425,FWD,2.60;5.16;0.62;0.44;0.38;0.41;0.50;0.89;4.55;1.36;0.69;0.52;0.49;0.49;0.63;1.07,tick=196174 goal=0 lap=0 last=0.0 best=0.0
232.03,871,69.8,0.36,-0.05,16,1.0183333333333247,BEND,2.23;4.59;0.73;0.48;0.41;0.43;0.51;0.86;5.08;1.46;0.70;0.51;0.46;0.47;0.60;0.96,tick=196200 goal=0 lap=0 last=0.0 best=0.0
232.29,872,64.9,0.38,-0.00,16,9.917499999999997,BEND,1.97;4.15;0.85;0.53;0.46;0.45;0.53;-1.00;5.40;1.48;0.68;0.48;0.44;0.46;0.56;0.86,tick=196226 goal=0 lap=0 last=0.0 best=0.0
232.55,873,67.9,0.35,0.07,16,16.67416666666666,BEND,1.86;3.98;0.95;0.58;0.47;0.50;0.59;0.95;5.40;1.37;0.65;0.46;0.42;0.43;0.55;0.83,tick=196253 goal=0 lap=0 last=0.0 best=0.0
232.82,874,68.3,0.35,0.14,16,19.684166666666663,BEND,1.86;4.05;0.97;0.62;0.50;0.53;0.64;1.06;5.10;1.16;0.59;0.46;0.42;0.42;0.54;0.83,tick=196279 goal=0 lap=0 last=0.0 best=0.0
233.08,875,73.9,0.34,0.15,16,23.810833333333328,BEND,1.95;4.28;0.95;0.63;0.55;0.57;0.69;1.24;4.49;0.99;0.55;0.42;0.40;0.42;0.54;0.88,tick=196305 goal=0 lap=0 last=0.0 best=0.0
233.34,876,77.9,0.31,0.17,16,20.855,BEND,2.09;4.75;0.91;0.62;0.56;0.59;0.76;1.50;3.54;0.89;0.54;0.43;0.39;0.45;0.56;0.97,tick=196331 goal=0 lap=0 last=0.0 best=0.0
233.60,877,82.2,0.30,0.16,32,19.27083333333333,FWD,2.23;5.42;0.85;0.64;0.58;0.61;0.81;1.86;2.50;0.82;0.51;0.43;0.40;0.46;0.61;1.04,tick=196357 goal=0 lap=0 last=0.0 best=0.0
233.86,878,86.4,0.31,0.17,32,16.566666666666666,FWD,2.36;6.00;0.84;0.64;0.57;0.60;0.87;2.39;2.01;0.82;0.53;0.45;0.41;0.47;0.66;1.11,tick=196383 goal=0 lap=0 last=0.0 best=0.0
234.12,879,92.5,0.35,0.09,32,11.030833333333332,FWD,2.52;2.19;0.77;0.60;0.58;0.63;0.88;3.82;1.75;0.79;0.55;0.46;0.46;0.53;0.70;1.22,tick=196409 goal=0 lap=0 last=0.0 best=0.0
234.38,880,90.4,0.40,0.06,32,4.1766666666666765,FWD,2.64;1.73;0.75;0.56;0.54;0.63;0.90;6.00;1.67;0.83;0.58;0.50;0.48;0.57;0.72;1.27,tick=196435 goal=0 lap=0 last=0.0 best=0.0
234.64,881,94.5,0.42,0.05,32,80,FWD,2.64;1.65;0.73;-1.00;0.53;0.63;0.88;6.00;1.74;0.88;0.62;0.52;0.54;0.57;0.77;1.24,tick=196461 goal=0 lap=0 last=0.0 best=0.0
234.90,882,101.7,0.43,0.70,32,-29.044999999999995,FWD,3.30;1.14;0.66;0.55;0.52;0.62;0.97;5.15;1.50;0.85;0.62;0.56;0.55;0.64;0.85;1.42,tick=196487 goal=0 lap=0 last=0.0 best=0.0
235.16,883,113.4,0.44,-0.27,16,-29.16333333333332,BEND,6.00;0.70;0.51;0.45;0.45;0.60;-1.00;2.65;1.26;0.83;0.66;0.61;0.65;0.79;1.12;2.14,tick=196513 goal=0 lap=0 last=0.0 best=0.0
235.42,884,103.8,0.43,-0.24,16,-35.01916666666666,BEND,3.82;0.82;0.49;0.42;0.39;0.46;0.72;4.89;1.80;1.10;0.80;0.69;0.66;0.76;0.96;1.60,tick=196539 goal=0 lap=0 last=0.0 best=0.0
235.68,885,98.8,0.38,-0.28,32,-31.226666666666667,FWD,2.44;1.42;0.55;0.41;0.39;0.39;0.53;1.28;2.59;1.39;0.94;0.74;0.69;0.70;0.84;1.23,tick=196565 goal=0 lap=0 last=0.0 best=0.0
235.94,886,91.2,0.38,-0.25,16,-18.812500000000007,BEND,1.67;5.47;0.76;0.47;0.41;0.39;0.49;0.81;3.85;-1.00;1.05;0.78;0.69;0.63;0.73;0.96,tick=196591 goal=0 lap=0 last=0.0 best=0.0
236.20,887,80.5,0.40,-0.17,16,9.049166666666665,BEND,1.19;2.88;1.26;0.60;0.48;0.45;0.51;0.71;5.73;2.17;1.17;0.78;0.60;0.56;0.60;0.76,tick=196617 goal=0 lap=0 last=0.0 best=0.0
236.46,888,83.1,0.37,0.07,16,48.55166666666666,BEND,0.94;2.19;2.26;0.78;0.57;0.50;0.56;0.78;5.99;2.34;1.17;0.72;0.52;0.47;0.49;0.60,tick=196644 goal=0 lap=0 last=0.0 best=0.0
236.73,889,90.7,0.35,0.33,16,47.61249999999999,BEND,0.87;2.53;1.76;0.79;0.61;0.58;0.65;0.96;4.95;1.97;0.95;0.55;0.42;0.38;0.42;0.53,tick=196670 goal=0 lap=0 last=0.0 best=0.0
236.99,890,97.3,0.33,0.33,16,46.95666666666666,BEND,1.01;6.00;1.25;0.76;0.65;0.64;0.79;1.39;3.23;1.38;0.63;0.41;0.34;0.33;0.39;0.53,tick=196696 goal=0 lap=0 last=0.0 best=0.0
237.25,891,105.0,0.33,0.30,16,46.08166666666668,BEND,1.52;3.65;1.01;0.72;0.63;0.71;0.93;5.99;2.43;0.91;0.46;0.33;0.30;0.30;0.38;0.58,tick=196722 goal=0 lap=0 last=0.0 best=0.0
237.51,892,115.6,0.31,0.28,16,-80,BEND,3.25;1.74;0.86;0.67;0.65;0.75;1.09;4.36;1.82;0.68;0.41;0.33;-1.00;0.31;0.41;0.72,tick=196748 goal=0 lap=0 last=0.0 best=0.0
237.77,893,117.7,0.32,-0.50,16,-80,BEND,4.22;1.61;0.83;0.65;0.61;0.71;1.09;-1.00;1.86;0.70;0.42;-1.00;0.31;0.32;0.42;0.75,tick=196774 goal=0 lap=0 last=0.0 best=0.0
238.03,894,106.3,0.30,-0.49,16,76.37416666666667,BEND,0.96;6.00;1.23;0.75;0.63;0.64;0.79;1.38;3.48;1.30;0.54;0.34;0.30;0.30;0.30;0.45,tick=196800 goal=0 lap=0 last=0.0 best=0.0
238.50,895,103.4,0.23,0.02,16,-70,REV,0.70;6.00;1.39;0.85;0.70;0.71;0.89;1.53;3.48;0.97;0.38;0.25;0.17;0.18;0.23;0.30,tick=196847 goal=0 lap=0 last=0.0 best=0.0
238.76,896,103.6,0.07,-0.09,16,-70,REV,0.56;6.00;1.52;0.90;0.73;0.73;0.86;1.41;3.79;1.04;0.34;0.20;0.17;0.18;0.19;0.26,tick=196873 goal=0 lap=0 last=0.0 best=0.0
239.02,897,103.5,-0.07,0.07,16,-70,REV,0.56;6.00;1.57;0.91;0.73;0.72;0.87;1.39;3.87;1.11;0.34;0.22;0.19;0.16;0.17;0.25,tick=196899 goal=0 lap=0 last=0.0 best=0.0
239.49,898,111.1,-0.16,-0.00,16,-70,REV,1.15;3.18;1.13;0.78;0.67;0.75;0.96;6.00;2.65;0.68;0.30;0.23;0.18;0.20;0.24;0.37,tick=196946 goal=0 lap=0 last=0.0 best=0.0
239.75,899,113.4,-0.13,0.22,16,-70,REV,1.53;2.62;1.06;0.76;0.68;0.75;1.03;5.67;2.33;0.61;0.30;0.25;0.21;0.23;0.26;0.43,tick=196972 goal=0 lap=0 last=0.0 best=0.0
240.01,900,116.2,-0.14,0.21,16,-70,REV,6.00;1.78;0.91;0.71;0.71;0.83;1.23;4.22;1.54;0.47;-1.00;0.20;0.20;0.23;0.31;0.54,tick=196998 goal=0 lap=0 last=0.0 best=0.0
240.27,901,127.2,-0.15,0.17,16,67.39666666666665,BEND,6.00;1.39;0.88;0.70;0.74;0.90;1.66;3.22;0.93;0.36;0.25;0.20;0.19;0.22;0.35;0.72,tick=197024 goal=0 lap=0 last=0.0 best=0.0
240.53,902,127.6,-0.12,-0.17,16,80,BEND,5.16;1.27;0.84;0.73;0.78;1.00;2.30;2.76;0.72;0.33;0.21;0.20;0.20;0.23;0.32;0.83,tick=197051 goal=0 lap=0 last=0.0 best=0.0
240.80,903,125.3,-0.05,-0.08,16,80,BEND,5.99;1.45;0.89;0.75;0.76;0.94;1.80;3.08;0.83;0.33;0.21;0.17;0.20;0.19;0.29;0.63,tick=197077 goal=0 lap=0 last=0.0 best=0.0
241.06,904,123.3,0.01,0.01,16,80,BEND,5.99;1.52;0.90;0.76;0.79;0.95;1.70;3.21;0.90;0.34;0.22;0.19;0.17;0.20;0.28;0.59,tick=197103 goal=0 lap=0 last=0.0 best=0.0
241.32,905,123.0,0.04,0.05,16,79.04916666666668,BEND,5.99;1.48;0.89;0.74;0.77;0.95;1.76;3.13;0.85;0.34;0.20;0.17;0.15;0.21;0.29;0.61,tick=197129 goal=0 lap=0 last=0.0 best=0.0
241.58,906,131.7,0.06,0.14,16,75.24833333333332,BEND,6.00;1.35;0.86;0.75;0.79;0.98;2.09;2.85;0.76;0.33;0.21;0.18;0.18;0.21;0.32;0.76,tick=197152 goal=0 lap=0 last=0.0 best=0.0
241.84,907,129.0,0.11,0.19,32,68.97916666666669,FWD,3.60;1.18;0.79;0.72;0.80;1.05;5.99;2.48;0.66;0.30;0.21;0.20;0.18;0.25;0.37;1.09,tick=197181 goal=0 lap=0 last=0.0 best=0.0
242.10,908,141.7,0.18,0.22,16,63.40583333333334,BEND,2.30;1.00;0.76;0.71;0.78;1.12;5.01;2.02;0.58;0.31;0.23;0.18;0.23;0.29;0.47;1.98,tick=197207 goal=0 lap=0 last=0.0 best=0.0
242.36,909,143.0,0.20,0.26,16,48.06666666666669,BEND,1.49;0.83;0.67;0.67;0.78;1.22;3.97;1.49;0.53;0.32;0.25;0.24;0.29;0.37;0.74;5.98,tick=197233 goal=0 lap=0 last=0.0 best=0.0
242.62,910,154.5,0.21,0.16,16,29.66249999999999,BEND,1.07;0.70;0.61;0.62;0.78;1.43;3.33;1.20;0.54;0.36;0.30;0.31;0.35;0.53;1.22;4.38,tick=197259 goal=0 lap=0 last=0.0 best=0.0
242.88,911,156.6,0.21,0.15,16,-3.599999999999997,BEND,0.82;0.59;0.52;0.56;0.74;1.58;3.02;1.13;0.59;0.41;0.36;0.39;0.45;0.69;2.06;2.30,tick=197285 goal=0 lap=0 last=0.0 best=0.0
243.14,912,162.3,0.20,-0.00,16,-80,BEND,0.69;0.50;0.45;0.47;0.65;1.40;3.05;1.23;0.67;0.50;0.46;0.45;-1.00;0.89;3.08;1.65,tick=197311 goal=0 lap=0 last=0.0 best=0.0
243.61,913,145.5,0.16,-0.03,16,70,REV,0.68;0.39;0.31;0.32;-1.00;0.55;4.67;2.41;1.11;0.72;0.59;0.55;0.62;0.84;1.63;5.42,tick=197358 goal=0 lap=0 last=0.0 best=0.0
243.87,914,145.2,0.02,0.05,16,70,REV,0.61;0.37;0.29;0.30;0.34;0.50;4.66;2.44;1.14;0.75;0.60;0.57;0.67;0.90;1.82;3.96,tick=197384 goal=0 lap=0 last=0.0 best=0.0
244.13,915,150.7,-0.10,-0.14,16,70,REV,0.65;0.39;0.31;0.32;0.33;0.51;4.82;2.52;1.18;0.74;0.59;0.57;0.62;0.87;1.69;5.85,tick=197411 goal=0 lap=0 last=0.0 best=0.0
244.40,916,139.3,-0.17,-0.19,16,-43.36333333333334,BEND,0.89;0.46;0.36;0.32;0.36;0.52;1.26;2.93;1.30;0.77;0.59;0.55;0.59;0.74;1.26;6.00,tick=197437 goal=0 lap=0 last=0.0 best=0.0
244.66,917,142.4,-0.11,0.09,16,-40.78166666666667,BEND,1.16;0.52;0.39;0.35;0.37;0.52;1.15;3.09;1.37;0.77;0.58;0.52;0.54;0.68;1.11;4.79,tick=197463 goal=0 lap=0 last=0.0 best=0.0
244.92,918,139.2,-0.06,0.03,16,-34.975,BEND,1.07;0.51;0.41;0.38;0.41;0.56;1.53;2.84;1.24;0.72;0.56;0.49;0.53;0.69;1.15;6.00,tick=197489 goal=0 lap=0 last=0.0 best=0.0
245.18,919,142.7,0.01,-0.00,16,-32.55250000000001,BEND,1.04;0.55;0.40;0.39;0.43;0.59;1.86;2.74;1.20;0.70;0.55;0.51;0.54;0.68;1.17;6.00,tick=197515 goal=0 lap=0 last=0.0 best=0.0
245.44,920,139.1,0.04,-0.04,16,-31.996666666666666,BEND,1.04;0.51;0.38;0.39;0.41;0.59;1.64;2.80;1.23;0.72;0.54;0.49;0.54;0.68;1.16;6.00,tick=197541 goal=0 lap=0 last=0.0 best=0.0
245.70,921,136.3,0.08,-0.07,16,-34.540000000000006,BEND,1.09;0.50;0.38;0.37;0.40;0.55;1.29;2.95;1.30;0.75;0.57;0.49;0.54;0.70;1.16;5.98,tick=197567 goal=0 lap=0 last=0.0 best=0.0
245.96,922,139.8,0.11,-0.09,16,-36.87666666666667,BEND,1.17;0.51;0.39;0.34;0.37;0.48;1.03;3.21;1.43;0.81;0.59;0.53;0.54;0.69;1.07;4.43,tick=197593 goal=0 lap=0 last=0.0 best=0.0
246.22,923,133.6,0.15,-0.09,16,-40.29333333333334,BEND,1.32;0.52;0.36;0.33;0.34;0.44;0.82;3.54;1.62;0.88;0.60;0.54;0.56;0.69;1.06;3.29,tick=197619 goal=0 lap=0 last=0.0 best=0.0
246.48,924,130.3,0.15,-0.14,16,-42.983333333333334,BEND,1.71;0.55;0.36;0.29;0.31;0.37;0.64;3.99;1.93;0.99;0.67;0.57;0.59;0.68;0.97;2.50,tick=197645 goal=0 lap=0 last=0.0 best=0.0
246.74,925,128.4,0.17,-0.19,16,-41.35666666666667,BEND,2.91;0.58;0.35;0.29;0.28;0.34;0.50;4.61;2.40;1.11;0.73;0.58;0.57;0.68;0.91;1.94,tick=197671 goal=0 lap=0 last=0.0 best=0.0
247.00,926,122.8,0.19,-0.16,16,-40.750833333333325,BEND,6.00;0.67;0.37;0.30;0.28;0.32;0.44;1.18;2.88;1.30;0.80;0.63;0.59;0.64;0.85;1.58,tick=197697 goal=0 lap=0 last=0.0 best=0.0
247.26,927,118.5,0.20,-0.19,16,-38.56583333333334,BEND,5.99;0.84;0.41;0.29;0.29;0.29;0.37;0.75;3.45;1.52;0.86;0.65;0.61;0.62;0.78;1.31,tick=197723 goal=0 lap=0 last=0.0 best=0.0
247.52,928,112.0,0.21,-0.18,32,-31.523333333333326,FWD,3.79;1.17;0.49;0.33;0.28;0.27;0.36;0.60;4.04;1.83;0.94;0.65;0.57;0.59;0.70;1.11,tick=197749 goal=0 lap=0 last=0.0 best=0.0
247.78,929,110.3,0.00,-0.13,16,-26.523333333333323,BEND,2.34;1.95;0.56;0.37;0.31;0.31;0.34;0.52;4.66;2.23;1.00;0.70;0.57;0.56;0.66;0.93,tick=197773 goal=0 lap=0 last=0.0 best=0.0
248.05,930,104.9,0.25,-0.17,16,-11.259166666666669,BEND,1.64;4.16;0.74;0.44;0.36;0.34;0.38;0.55;1.72;2.75;1.07;0.67;0.55;0.54;0.59;0.78,tick=197802 goal=0 lap=0 last=0.0 best=0.0
248.31,931,102.0,0.27,-0.07,16,5.730833333333344,BEND,1.28;5.98;0.97;0.55;0.41;0.38;0.41;0.56;1.26;3.14;1.12;0.66;0.51;0.47;0.50;0.68,tick=197828 goal=0 lap=0 last=0.0 best=0.0
248.57,932,101.4,0.25,0.03,16,20.001666666666672,BEND,1.07;5.99;1.11;0.61;0.47;0.42;0.45;0.64;1.36;3.23;1.02;0.58;0.46;0.41;0.44;0.60,tick=197854 goal=0 lap=0 last=0.0 best=0.0
248.83,933,100.7,0.28,0.11,16,32.32583333333333,BEND,-1.00;6.00;1.15;0.66;0.52;0.49;0.53;0.72;1.74;2.86;0.88;0.49;0.40;0.36;0.39;0.53,tick=197880 goal=0 lap=0 last=0.0 best=0.0
249.09,934,106.5,0.26,0.20,16,36.11416666666668,BEND,1.14;4.48;1.10;0.65;0.55;0.53;0.63;0.84;5.60;2.18;0.66;0.42;0.34;0.32;0.37;0.50,tick=197906 goal=0 lap=0 last=0.0 best=0.0
249.35,935,112.4,0.26,0.00,16,48.430833333333325,BEND,1.52;2.72;0.99;0.69;0.57;0.57;0.66;1.02;5.00;1.39;0.52;0.34;0.30;0.30;0.34;0.53,tick=197932 goal=0 lap=0 last=0.0 best=0.0
249.61,936,117.9,0.26,0.27,16,39.06749999999999,BEND,3.81;1.85;0.88;0.65;0.58;0.61;0.77;1.29;4.20;0.88;0.41;0.31;0.28;0.28;0.35;0.60,tick=197958 goal=0 lap=0 last=0.0 best=0.0
249.87,937,127.0,0.25,0.19,16,39.232499999999995,BEND,5.99;1.39;0.78;0.62;0.58;0.65;0.86;1.79;2.97;0.65;0.36;0.29;0.26;0.28;0.38;0.79,tick=197984 goal=0 lap=0 last=0.0 best=0.0
250.13,938,129.0,0.26,0.19,32,32.960833333333326,FWD,3.55;1.09;0.72;0.61;0.58;0.64;0.95;5.95;1.81;0.55;0.35;0.29;0.28;0.33;0.47;1.19,tick=198010 goal=0 lap=0 last=0.0 best=0.0
250.39,939,140.6,0.29,0.20,16,19.2725,BEND,2.10;0.90;0.63;0.54;0.56;0.68;1.06;5.30;1.27;0.51;0.36;0.31;0.33;0.38;0.63;2.33,tick=198036 goal=0 lap=0 last=0.0 best=0.0
250.65,940,142.3,0.29,0.10,16,80,BEND,1.52;0.76;0.56;0.50;-1.00;0.66;1.13;4.83;1.10;0.53;0.39;0.34;0.36;0.46;0.78;6.00,tick=198062 goal=0 lap=0 last=0.0 best=0.0
250.91,941,147.7,0.30,0.47,16,-38.66666666666667,BEND,0.97;0.58;0.45;0.41;0.49;0.68;1.37;3.58;0.92;0.53;0.43;0.41;0.47;0.66;1.34;5.34,tick=198088 goal=0 lap=0 last=0.0 best=0.0
251.39,942,157.2,0.22,-0.01,16,70,REV,0.59;0.37;0.32;0.30;0.34;0.48;1.14;3.48;1.11;0.72;0.58;0.57;0.64;0.91;2.26;2.03,tick=198136 goal=0 lap=0 last=0.0 best=0.0
251.65,943,157.0,0.07,0.09,16,70,REV,0.46;0.32;0.26;0.26;0.30;0.44;1.11;3.31;1.13;0.74;0.61;0.59;0.71;1.04;2.74;1.48,tick=198159 goal=0 lap=0 last=0.0 best=0.0
251.91,944,156.6,-0.06,-0.11,16,70,REV,0.48;0.30;0.26;0.25;0.28;0.45;1.12;3.27;1.12;0.74;0.61;0.61;0.72;1.04;2.83;1.44,tick=198188 goal=0 lap=0 last=0.0 best=0.0
252.38,945,148.3,-0.16,-0.01,16,70,REV,0.79;0.42;0.33;0.31;0.33;0.45;0.84;4.84;1.38;0.76;0.58;0.53;0.58;0.78;1.50;5.98,tick=198235 goal=0 lap=0 last=0.0 best=0.0
252.64,946,143.4,-0.14,-0.20,16,70,REV,0.93;0.50;0.38;0.37;0.35;0.46;0.84;5.10;1.45;0.74;0.56;0.51;0.55;0.71;1.28;6.00,tick=198258 goal=0 lap=0 last=0.0 best=0.0
252.90,947,136.9,-0.14,-0.21,16,70,REV,1.39;0.61;0.41;0.37;0.37;0.46;0.70;5.89;1.93;0.83;0.56;0.48;0.52;0.61;0.97;3.91,tick=198287 goal=0 lap=0 last=0.0 best=0.0
253.16,948,130.6,-0.15,-0.19,16,-13.827499999999993,BEND,2.43;0.74;0.47;0.38;0.39;0.44;0.65;1.54;2.88;0.93;0.57;0.47;0.47;0.56;0.79;2.00,tick=198313 goal=0 lap=0 last=0.0 best=0.0
253.42,949,126.3,-0.12,0.06,16,-14.467499999999996,BEND,4.39;0.86;0.51;0.40;0.39;0.45;0.58;1.22;3.62;1.03;0.62;0.50;0.46;0.50;0.71;1.52,tick=198339 goal=0 lap=0 last=0.0 best=0.0
253.68,950,128.6,-0.05,0.01,16,-14.002499999999998,BEND,3.87;0.83;0.51;0.40;0.40;0.43;0.60;1.29;3.44;1.00;0.60;0.48;0.45;0.53;0.71;1.58,tick=198365 goal=0 lap=0 last=0.0 best=0.0
253.94,951,129.7,0.01,-0.04,16,-80,BEND,3.72;0.83;0.49;0.44;0.40;0.45;0.60;1.32;3.37;0.99;0.60;0.49;0.45;-1.00;0.73;1.59,tick=198391 goal=0 lap=0 last=0.0 best=0.0
254.20,952,128.7,0.04,-0.12,16,-10.81666666666667,BEND,4.17;0.84;0.51;0.41;0.38;0.45;-1.00;1.25;3.50;1.02;0.61;0.49;0.46;0.54;0.71;1.54,tick=198417 goal=0 lap=0 last=0.0 best=0.0
254.46,953,121.8,0.08,0.00,16,-14.258333333333328,BEND,5.99;0.89;0.51;0.41;0.39;0.45;0.57;1.14;3.91;1.07;0.61;0.49;0.47;0.53;0.71;1.43,tick=198441 goal=0 lap=0 last=0.0 best=0.0
254.72,954,125.1,0.12,-0.00,16,-12.825000000000001,BEND,5.99;0.90;0.54;0.41;0.39;0.42;0.56;1.10;4.13;1.11;0.63;0.50;0.46;0.51;0.69;-1.00,tick=198469 goal=0 lap=0 last=0.0 best=0.0
254.98,955,124.8,0.14,-0.06,16,-11.561666666666683,BEND,6.00;0.94;0.52;0.42;0.39;0.41;0.54;1.05;4.39;1.20;0.64;0.52;0.48;0.50;0.67;1.29,tick=198496 goal=0 lap=0 last=0.0 best=0.0
255.25,956,120.5,0.16,-0.03,16,-12.26833333333333,BEND,6.00;0.96;0.53;0.41;0.38;0.42;0.55;0.99;4.65;1.22;0.67;0.52;0.48;0.50;0.67;1.26,tick=198522 goal=0 lap=0 last=0.0 best=0.0
255.51,957,122.4,0.17,-0.04,32,-11.225833333333334,FWD,5.98;1.01;0.55;0.42;0.37;0.41;0.52;0.96;4.94;1.30;0.64;0.51;0.46;0.50;0.66;1.20,tick=198548 goal=0 lap=0 last=0.0 best=0.0
255.77,958,122.0,0.20,-0.03,32,-8.886666666666656,FWD,6.00;1.08;0.56;0.43;0.39;0.41;0.52;0.92;5.26;1.35;0.68;0.51;0.46;0.49;0.64;1.14,tick=198574 goal=0 lap=0 last=0.0 best=0.0
256.03,959,118.0,0.25,-0.04,32,-8.111666666666673,FWD,5.99;1.16;0.59;0.42;0.39;0.40;0.52;0.89;5.61;1.41;0.70;0.52;0.46;0.48;0.63;1.05,tick=198600 goal=0 lap=0 last=0.0 best=0.0
256.29,960,118.7,0.32,-0.07,16,-0.7291666666666696,BEND,5.88;1.29;0.63;0.45;0.41;0.44;0.52;0.85;5.97;1.51;0.69;0.52;0.44;0.47;0.57;1.00,tick=198623 goal=0 lap=0 last=0.0 best=0.0
256.55,961,116.1,0.32,-0.02,16,0.99166666666667,BEND,4.67;1.40;0.64;0.46;0.42;0.45;0.52;0.88;6.00;1.52;0.69;0.49;0.45;0.45;0.56;0.93,tick=198652 goal=0 lap=0 last=0.0 best=0.0
256.81,962,115.8,0.34,0.01,16,5.00833333333333,BEND,4.48;1.45;0.66;0.48;0.44;0.46;0.57;0.92;5.99;1.46;0.65;0.47;0.42;0.44;0.53;0.89,tick=198678 goal=0 lap=0 last=0.0 best=0.0
257.07,963,119.6,0.30,0.02,16,9.229166666666666,BEND,4.72;1.47;0.70;0.50;0.45;0.47;0.58;0.95;5.98;1.36;0.62;0.46;0.41;0.42;0.52;0.88,tick=198704 goal=0 lap=0 last=0.0 best=0.0
257.33,964,114.1,0.28,0.06,16,10.317499999999999,BEND,6.00;1.40;0.69;0.51;0.46;0.48;0.60;1.04;6.00;1.23;0.59;0.42;0.39;0.41;0.53;0.89,tick=198730 goal=0 lap=0 last=0.0 best=0.0
257.59,965,118.1,0.28,0.04,16,10.08500000000001,BEND,6.00;1.33;0.70;0.51;0.44;0.48;0.64;1.12;5.99;1.11;0.58;0.42;0.39;0.42;0.52;0.91,tick=198756 goal=0 lap=0 last=0.0 best=0.0
257.85,966,124.2,0.27,0.08,16,-80,BEND,5.99;1.24;0.67;0.52;0.46;0.52;0.65;1.22;6.00;1.00;0.56;0.41;0.38;0.40;-1.00;1.00,tick=198782 goal=0 lap=0 last=0.0 best=0.0
258.11,967,120.3,0.30,-0.49,16,29.894166666666663,BEND,5.71;1.44;0.70;0.51;0.47;0.50;0.62;1.05;6.00;1.18;0.58;0.42;0.38;0.39;0.49;0.85,tick=198808 goal=0 lap=0 last=0.0 best=0.0
258.37,968,110.0,0.28,0.16,16,-80,BEND,1.80;2.57;0.90;0.61;0.51;0.50;0.57;0.88;2.43;1.87;0.65;-1.00;0.35;0.37;0.44;0.64,tick=198835 goal=0 lap=0 last=0.0 best=0.0
258.64,969,105.2,0.29,-0.43,16,47.4525,BEND,1.56;2.92;0.95;0.61;0.51;0.52;0.62;0.93;2.38;1.87;0.60;0.40;0.33;0.34;0.41;0.57,tick=198861 goal=0 lap=0 last=0.0 best=0.0
259.11,970,107.3,0.20,0.02,16,-70,REV,1.03;4.27;1.15;0.75;0.62;0.62;0.69;0.96;2.34;1.85;0.49;0.33;0.28;0.26;0.30;0.42,tick=198908 goal=0 lap=0 last=0.0 best=0.0
259.37,971,105.4,0.07,-0.08,16,-70,REV,0.87;5.29;1.25;0.76;0.63;0.61;0.70;0.98;2.21;2.10;0.49;0.32;0.26;0.24;0.27;0.37,tick=198934 goal=0 lap=0 last=0.0 best=0.0
259.63,972,106.1,-0.08,0.13,16,-70,REV,0.88;5.22;1.26;0.78;0.63;0.59;0.68;1.01;2.24;2.08;0.48;0.31;0.24;0.24;0.29;0.40,tick=198960 goal=0 lap=0 last=0.0 best=0.0
259.89,973,113.8,-0.16,0.23,16,49.83833333333333,BEND,1.38;2.94;1.07;0.70;0.57;0.61;0.73;1.09;3.10;1.23;0.44;0.31;0.25;0.26;0.31;0.47,tick=198986 goal=0 lap=0 last=0.0 best=0.0
260.15,974,0.0,-0.13,-0.12,16,55.540833333333325,BEND,2.00;2.29;0.97;0.68;0.58;0.60;0.73;1.18;5.99;1.03;0.43;0.30;0.27;0.28;0.34;0.52,tick=199012 goal=0 lap=0 last=0.0 best=0.0
260.41,975,114.3,-0.04,-0.04,16,52.14166666666666,BEND,1.53;2.75;1.01;0.69;0.58;0.59;0.72;1.07;3.11;1.27;0.49;0.33;0.30;0.28;0.35;0.49,tick=199038 goal=0 lap=0 last=0.0 best=0.0
260.67,976,110.4,-0.01,0.01,16,53.30416666666666,BEND,1.40;2.99;1.04;0.71;0.58;0.58;0.69;1.04;2.88;1.41;0.49;0.32;0.28;0.28;0.33;0.50,tick=199064 goal=0 lap=0 last=0.0 best=0.0
260.93,977,109.2,0.04,0.06,16,51.61666666666667,BEND,1.48;2.80;1.00;0.69;0.60;0.60;0.72;1.06;3.04;1.30;0.48;0.31;0.28;0.28;0.32;0.49,tick=199090 goal=0 lap=0 last=0.0 best=0.0
261.19,978,116.0,0.09,0.05,16,52.27166666666668,BEND,1.77;2.46;0.99;0.69;0.58;0.63;0.72;1.14;3.71;1.11;0.44;0.30;0.28;0.26;0.34;0.54,tick=199116 goal=0 lap=0 last=0.0 best=0.0
261.45,979,119.4,0.11,0.12,16,47.665,BEND,2.59;2.05;0.94;0.65;0.59;0.63;0.77;1.26;6.00;-1.00;0.40;0.29;0.26;0.28;0.34;0.58,tick=199143 goal=0 lap=0 last=0.0 best=0.0
261.72,980,121.7,0.13,0.16,16,46.347500000000004,BEND,-1.00;1.71;0.87;0.66;0.59;0.62;0.81;1.43;6.00;0.76;0.36;0.29;0.26;0.26;0.35;0.62,tick=199169 goal=0 lap=0 last=0.0 best=0.0
261.98,981,122.1,0.16,0.15,16,43.527499999999996,BEND,6.00;1.45;0.81;0.62;0.58;0.67;0.87;1.72;5.56;0.63;0.35;0.28;0.26;0.27;0.37;0.73,tick=199195 goal=0 lap=0 last=0.0 best=0.0
262.24,982,134.5,0.17,0.18,16,39.31833333333333,BEND,5.25;1.22;0.76;0.59;0.60;0.68;0.95;2.09;2.41;0.55;0.34;0.27;0.27;0.29;0.41;0.95,tick=199221 goal=0 lap=0 last=0.0 best=0.0
262.50,983,131.3,0.18,0.12,32,33.65083333333334,FWD,3.05;1.05;0.68;0.59;0.57;0.70;1.02;2.80;1.46;0.50;0.33;0.28;0.30;0.32;0.49;1.37,tick=199247 goal=0 lap=0 last=0.0 best=0.0
262.76,984,139.4,0.20,0.16,16,22.257500000000014,BEND,2.09;0.88;0.64;0.55;0.58;0.71;1.11;4.14;1.14;0.48;0.35;0.31;0.32;0.39;0.62;2.36,tick=199273 goal=0 lap=0 last=0.0 best=0.0
263.02,985,139.5,0.24,0.11,16,11.22333333333333,BEND,1.58;0.76;0.57;0.53;0.54;0.67;1.18;5.98;1.01;0.51;0.35;0.35;0.36;0.44;0.76;6.00,tick=199299 goal=0 lap=0 last=0.0 best=0.0
263.28,986,144.2,0.25,0.06,16,-6.923333333333344,BEND,1.23;0.65;0.49;0.47;0.51;0.64;1.20;5.99;1.03;0.56;0.43;0.38;0.40;0.55;0.99;6.00,tick=199325 goal=0 lap=0 last=0.0 best=0.0
263.54,987,144.6,0.24,-0.01,16,-21.787500000000005,BEND,1.08;0.57;0.45;0.42;0.46;0.57;1.08;5.99;1.12;0.64;0.46;0.44;0.49;0.61;1.14;5.99,tick=199351 goal=0 lap=0 last=0.0 best=0.0
263.81,988,143.6,0.24,-0.15,16,-31.211666666666673,BEND,-1.00;0.54;0.40;0.37;0.39;0.51;0.90;6.00;1.37;0.70;0.54;0.47;0.51;0.67;1.20;6.00,tick=199378 goal=0 lap=0 last=0.0 best=0.0
264.07,989,139.5,0.26,-0.15,16,-39.97500000000001,BEND,1.11;0.51;0.36;0.32;0.33;0.42;0.70;3.12;1.84;0.85;0.59;0.54;0.54;0.68;1.13;5.45,tick=199404 goal=0 lap=0 last=0.0 best=0.0
264.33,990,131.0,0.25,-0.20,16,-43.475,BEND,1.49;0.52;0.35;0.29;0.29;0.33;0.54;1.51;2.84;1.00;0.67;0.57;0.58;0.67;1.01;2.89,tick=199430 goal=0 lap=0 last=0.0 best=0.0
264.59,991,127.4,0.24,-0.21,16,-41.0925,BEND,3.12;0.57;0.37;0.28;0.28;0.32;0.41;0.90;6.00;1.25;0.75;0.61;0.58;0.64;0.90;1.93,tick=199456 goal=0 lap=0 last=0.0 best=0.0
264.85,992,120.1,0.23,-0.18,16,-40.41666666666667,BEND,6.00;0.72;0.39;0.29;0.26;0.29;0.38;0.68;6.00;1.58;0.86;0.64;0.59;0.63;0.82;1.47,tick=199482 goal=0 lap=0 last=0.0 best=0.0
265.11,993,117.8,0.25,-0.21,32,-33.56333333333333,FWD,4.46;1.07;0.45;0.31;0.29;0.29;0.35;0.54;2.11;2.21;0.93;0.67;0.58;0.60;0.74;1.15,tick=199508 goal=0 lap=0 last=0.0 best=0.0
265.37,994,106.5,0.27,-0.17,16,-24.211666666666666,BEND,2.30;2.00;0.58;0.37;0.30;0.32;0.36;0.54;1.29;3.52;1.03;0.69;0.56;0.56;0.65;0.93,tick=199534 goal=0 lap=0 last=0.0 best=0.0
265.63,995,104.8,0.29,-0.12,16,-7.4716666666666764,BEND,1.57;4.84;0.79;0.46;0.35;0.34;0.37;0.52;1.09;6.00;1.14;0.66;0.53;0.50;0.55;0.75,tick=199560 goal=0 lap=0 last=0.0 best=0.0
265.89,996,101.0,0.29,-0.08,16,13.330833333333327,BEND,1.21;5.98;1.02;0.57;0.43;0.40;0.43;0.59;1.06;6.00;1.15;0.63;0.47;0.44;0.50;0.65,tick=199586 goal=0 lap=0 last=0.0 best=0.0
266.15,997,99.1,0.28,0.10,16,25.72166666666666,BEND,1.06;5.99;1.17;0.64;0.51;0.47;0.51;0.66;1.25;6.00;0.99;0.55;0.41;0.40;0.44;0.55,tick=199612 goal=0 lap=0 last=0.0 best=0.0
266.42,998,103.4,0.29,0.15,16,36.34166666666666,BEND,1.07;5.43;1.15;0.66;0.54;0.51;0.55;0.78;1.60;4.93;0.77;0.43;0.35;0.35;0.37;0.51,tick=199639 goal=0 lap=0 last=0.0 best=0.0
266.68,999,111.7,0.30,0.20,16,40.736666666666665,BEND,1.29;3.38;1.06;0.67;0.56;0.56;0.66;0.94;2.37;1.89;0.57;0.38;0.30;0.30;0.36;0.55,tick=199665 goal=0 lap=0 last=0.0 best=0.0
266.94,1000,113.4,0.25,0.20,16,42.95583333333334,BEND,2.25;2.19;0.94;0.66;0.58;0.60;0.72;1.14;4.59;1.03;0.44;0.33;0.28;0.28;0.34;0.55,tick=199691 goal=0 lap=0 last=0.0 best=0.0
267.20,1001,120.1,0.26,0.21,16,39.39666666666666,BEND,-1.00;1.53;0.83;0.64;0.59;0.63;0.83;1.51;5.98;0.70;0.39;0.30;0.28;0.30;0.37;0.69,tick=199717 goal=0 lap=0 last=0.0 best=0.0
267.46,1002,126.4,0.26,0.21,16,34.29083333333333,BEND,4.53;1.20;0.73;0.59;0.59;0.66;0.91;2.09;2.45;0.55;0.36;0.28;0.29;0.30;0.44;0.98,tick=199743 goal=0 lap=0 last=0.0 best=0.0
267.72,1003,135.1,0.27,0.17,16,26.125833333333333,BEND,2.57;0.96;0.68;0.56;0.58;0.67;1.03;3.14;1.39;0.53;0.35;0.30;0.30;0.35;0.56;1.71,tick=199769 goal=0 lap=0 last=0.0 best=0.0
267.98,1004,138.9,0.25,0.11,16,13.948333333333338,BEND,1.76;0.82;0.59;0.53;0.55;0.68;1.13;5.56;1.12;0.53;0.37;0.35;0.34;0.43;0.72;5.94,tick=199795 goal=0 lap=0 last=0.0 best=0.0
268.24,1005,146.5,0.27,0.07,16,-2.124166666666672,BEND,1.33;0.68;0.51;0.48;0.51;0.66;1.12;6.00;1.09;0.56;0.42;0.38;0.40;0.52;0.92;5.49,tick=199821 goal=0 lap=0 last=0.0 best=0.0
268.50,1006,141.9,0.25,-0.01,16,-19.563333333333336,BEND,1.13;0.62;0.46;0.43;0.45;0.57;1.07;5.98;1.17;0.62;0.47;0.43;0.46;0.61;1.10;5.15,tick=199847 goal=0 lap=0 last=0.0 best=0.0
268.76,1007,144.2,0.27,-0.12,16,-30.300833333333337,BEND,1.06;0.55;0.42;0.38;0.41;0.50;0.88;6.00;1.38;0.70;-1.00;0.49;0.50;0.67;1.18;5.16,tick=199873 goal=0 lap=0 last=0.0 best=0.0
269.02,1008,138.2,0.26,-0.16,16,-38.985,BEND,1.15;0.52;0.37;0.32;0.35;0.43;0.69;3.11;1.85;0.84;0.60;0.52;0.55;0.68;1.13;5.32,tick=199899 goal=0 lap=0 last=0.0 best=0.0
269.28,1009,133.5,0.26,-0.24,16,8.397499999999965,BEND,1.49;0.53;0.37;0.31;0.31;-1.00;0.54;1.50;2.88;1.01;0.67;0.58;0.56;0.67;-1.00;3.06,tick=199925 goal=0 lap=0 last=0.0 best=0.0
269.54,1010,131.8,0.28,0.03,16,-51.879999999999995,BEND,1.83;0.53;0.35;0.26;0.29;0.32;0.45;1.08;4.14;1.16;0.71;0.61;0.59;0.67;0.97;2.40,tick=199952 goal=0 lap=0 last=0.0 best=0.0
269.81,1011,123.7,0.27,-0.25,16,-45.265,BEND,2.24;0.53;0.34;0.27;0.27;0.30;0.41;0.88;5.99;1.28;0.77;0.63;0.60;0.67;0.95;2.14,tick=199978 goal=0 lap=0 last=0.0 best=0.0
270.07,1012,123.3,0.28,-0.21,16,-44.75750000000001,BEND,4.26;0.71;0.38;0.28;0.26;0.26;0.33;0.62;6.00;1.75;0.87;0.68;0.62;0.65;0.83;1.48,tick=200004 goal=0 lap=0 last=0.0 best=0.0
270.33,1013,111.2,0.27,-0.20,32,-36.91416666666667,FWD,4.76;1.10;0.45;0.30;0.26;0.28;0.32;0.49;1.67;2.52;1.01;0.68;0.61;0.60;0.74;1.15,tick=200030 goal=0 lap=0 last=0.0 best=0.0
270.59,1014,104.5,0.29,-0.21,16,-24.94416666666666,BEND,-1.00;2.13;0.58;0.37;0.30;0.29;0.33;0.45;1.08;4.63;1.13;0.71;0.58;0.57;0.65;0.92,tick=200056 goal=0 lap=0 last=0.0 best=0.0
270.85,1015,98.2,0.32,-0.14,16,-8.203333333333338,BEND,1.46;3.61;0.83;0.47;0.36;0.34;0.36;0.51;0.95;6.00;1.25;0.71;0.55;0.52;0.56;0.73,tick=200082 goal=0 lap=0 last=0.0 best=0.0
271.11,1016,97.2,0.29,-0.08,16,14.286666666666662,BEND,1.12;3.92;1.12;0.58;0.44;0.40;0.44;0.54;0.97;6.00;1.27;0.67;0.48;0.46;0.50;0.63,tick=200108 goal=0 lap=0 last=0.0 best=0.0
271.37,1017,96.4,0.28,0.08,16,29.09666666666668,BEND,1.00;3.82;1.25;0.66;0.50;0.44;0.50;0.64;1.13;6.00;1.07;0.56;0.43;0.38;0.43;0.55,tick=200134 goal=0 lap=0 last=0.0 best=0.0
271.63,1018,105.3,0.28,0.17,16,41.9675,BEND,0.96;3.49;1.23;0.71;0.56;0.54;0.57;0.76;1.48;6.00;0.80;0.46;0.34;0.33;0.35;0.49,tick=200160 goal=0 lap=0 last=0.0 best=0.0
271.89,1019,105.6,0.28,0.26,16,45.64500000000001,BEND,1.18;2.89;1.11;0.72;0.61;0.57;0.65;0.94;-1.00;2.20;0.57;0.37;0.31;0.30;0.33;0.49,tick=200186 goal=0 lap=0 last=0.0 best=0.0
272.15,1020,114.8,0.27,0.29,16,44.269999999999996,BEND,3.77;2.08;0.96;0.68;0.59;0.63;0.76;1.17;4.44;0.98;0.43;0.30;0.26;0.28;0.35;0.52,tick=200212 goal=0 lap=0 last=0.0 best=0.0
272.41,1021,120.8,0.28,0.27,16,42.21833333333333,BEND,3.29;1.50;0.83;0.64;0.59;0.65;0.83;1.57;6.00;0.65;0.36;0.27;0.24;0.26;0.38;0.69,tick=200238 goal=0 lap=0 last=0.0 best=0.0
272.67,1022,127.8,0.28,0.24,32,38.94,FWD,2.72;1.16;0.74;0.64;0.61;0.69;0.98;2.20;2.19;0.52;0.33;0.27;0.26;0.30;0.43;1.04,tick=200264 goal=0 lap=0 last=0.0 best=0.0
272.93,1023,135.7,0.28,0.23,16,24.705000000000005,BEND,2.00;0.93;0.66;0.56;0.58;0.69;1.09;3.56;1.21;0.49;0.34;0.29;0.29;0.36;0.56;3.37,tick=200290 goal=0 lap=0 last=0.0 best=0.0
273.20,1024,137.1,0.30,0.11,16,8.987500000000008,BEND,1.43;0.74;0.56;0.51;0.55;0.70;1.23;6.00;0.99;0.50;0.37;0.33;0.35;0.47;0.81;2.93,tick=200317 goal=0 lap=0 last=0.0 best=0.0
273.46,1025,145.0,0.30,0.07,16,-13.110833333333332,BEND,1.09;0.62;0.48;0.47;0.49;0.67;1.23;6.00;1.01;0.55;0.43;0.41;0.44;0.58;1.10;2.53,tick=200343 goal=0 lap=0 last=0.0 best=0.0
273.72,1026,144.4,0.29,-0.06,16,-30.52249999999999,BEND,0.94;0.53;0.43;0.40;0.42;0.55;1.05;6.00;1.17;0.63;0.48;0.44;0.50;0.67;1.29;2.29,tick=200369 goal=0 lap=0 last=0.0 best=0.0
273.98,1027,134.9,0.30,-0.17,16,-41.47583333333335,BEND,0.93;0.48;0.37;0.34;0.35;0.44;0.79;5.73;1.53;0.74;0.55;0.53;0.55;0.70;1.27;2.29,tick=200395 goal=0 lap=0 last=0.0 best=0.0
274.24,1028,135.5,0.29,-0.25,16,-44.789166666666674,BEND,1.05;0.49;0.34;0.28;0.31;0.37;0.57;1.92;2.39;0.95;0.64;0.57;0.57;0.71;1.11;2.40,tick=200421 goal=0 lap=0 last=0.0 best=0.0
274.50,1029,124.2,0.27,-0.21,16,-47.75999999999999,BEND,1.29;0.52;0.34;0.27;0.24;0.29;0.43;0.99;5.49;1.19;0.76;0.61;0.60;0.68;0.96;2.55,tick=200447 goal=0 lap=0 last=0.0 best=0.0
274.76,1030,119.2,0.28,-0.26,16,-42.33916666666667,BEND,1.65;0.62;0.35;0.28;0.26;0.25;0.35;0.66;5.99;1.60;0.85;0.66;0.60;0.64;0.83;2.59,tick=200473 goal=0 lap=0 last=0.0 best=0.0
275.02,1031,111.5,0.28,-0.24,16,-35.97083333333333,BEND,1.87;0.83;0.41;0.29;0.28;0.26;0.31;0.52;1.83;2.45;0.98;0.67;0.60;0.60;0.72;2.63,tick=200499 goal=0 lap=0 last=0.0 best=0.0
275.28,1032,106.2,0.27,-0.20,32,-26.958333333333343,FWD,2.01;1.06;0.52;0.35;0.31;0.28;0.33;0.47;1.18;4.47;1.08;0.69;0.58;0.56;0.67;1.09,tick=200525 goal=0 lap=0 last=0.0 best=0.0
275.54,1033,100.5,0.28,-0.18,16,-14.842500000000001,BEND,2.01;1.22;0.61;0.42;0.32;0.35;0.37;0.49;0.97;5.99;1.22;0.70;0.55;0.52;0.58;0.87,tick=200551 goal=0 lap=0 last=0.0 best=0.0
275.80,1034,99.1,0.29,-0.06,16,-3.0058333333333382,BEND,1.99;1.32;0.73;0.48;0.39;0.37;0.41;0.56;0.98;5.99;1.26;0.64;0.49;0.47;0.50;0.75,tick=200577 goal=0 lap=0 last=0.0 best=0.0
276.06,1035,94.9,0.30,-0.01,16,13.553333333333336,BEND,1.89;1.29;0.80;0.56;0.45;0.44;0.46;0.61;1.07;5.99;1.16;0.59;0.44;0.40;0.42;0.66,tick=200603 goal=0 lap=0 last=0.0 best=0.0
276.33,1036,98.0,0.29,0.06,32,22.53666666666667,FWD,1.70;1.18;0.81;0.58;0.50;0.48;0.54;0.71;1.27;-1.00;0.94;0.48;0.37;0.36;0.40;2.13,tick=200630 goal=0 lap=0 last=0.0 best=0.0
276.59,1037,99.1,0.31,0.14,32,28.802500000000002,FWD,1.48;1.04;0.73;0.58;0.55;0.51;0.58;0.84;1.59;6.00;0.67;0.38;0.31;0.29;0.38;1.90,tick=200656 goal=0 lap=0 last=0.0 best=0.0
276.85,1038,103.2,0.33,0.17,16,-10.696666666666669,BEND,1.22;0.87;0.64;0.57;0.52;0.57;0.68;1.01;2.25;2.06;0.45;0.32;0.29;0.33;2.04;1.63,tick=200682 goal=0 lap=0 last=0.0 best=0.0
277.11,1039,105.3,0.36,0.00,16,-10.235833333333325,BEND,1.00;0.72;0.58;0.52;0.51;0.58;0.73;1.14;2.83;1.09;0.39;0.32;0.33;0.44;1.78;1.36,tick=200708 goal=0 lap=0 last=0.0 best=0.0
277.37,1040,103.3,0.33,-0.05,16,-80,BEND,0.86;0.64;0.55;0.47;0.49;0.57;0.74;1.15;2.64;1.08;0.43;0.36;0.40;2.34;1.59;1.20,tick=200734 goal=0 lap=0 last=0.0 best=0.0
277.63,1041,93.4,0.33,-0.55,16,-80,BEND,0.76;0.56;0.44;0.44;0.43;0.52;0.66;1.01;2.01;6.00;0.50;0.44;0.50;2.44;1.50;1.08,tick=200760 goal=0 lap=0 last=0.0 best=0.0
277.89,1042,83.9,0.30,-0.50,16,-80,BEND,0.82;0.56;0.47;0.38;0.36;0.45;0.56;0.81;1.37;3.18;0.66;0.48;0.51;3.46;1.76;1.17,tick=200786 goal=0 lap=0 last=0.0 best=0.0
278.15,1043,69.4,0.30,-0.45,16,-80,BEND,0.85;0.58;0.44;0.40;0.37;0.38;0.49;0.67;1.07;1.92;6.00;0.56;0.56;-1.00;2.37;1.26,tick=200812 goal=0 lap=0 last=0.0 best=0.0
278.41,1044,54.4,0.29,-0.43,16,-80,BEND,0.93;0.60;0.47;0.38;0.36;0.41;0.44;0.61;0.92;1.49;2.93;0.60;0.54;1.41;3.62;1.54,tick=200838 goal=0 lap=0 last=0.0 best=0.0
278.67,1045,39.8,0.30,-0.47,16,-80,BEND,1.05;0.69;0.49;0.43;0.36;0.36;0.46;0.58;0.83;1.28;2.10;0.67;0.57;0.90;5.09;2.30,tick=200864 goal=0 lap=0 last=0.0 best=0.0
278.93,1046,26.0,0.29,-0.44,16,-47.11666666666668,BEND,1.39;0.78;0.54;0.43;0.41;0.41;0.44;0.59;0.75;1.19;1.75;0.93;0.55;0.74;1.67;3.73,tick=200890 goal=0 lap=0 last=0.0 best=0.0
279.19,1047,14.8,0.29,-0.30,16,-72.21583333333334,BEND,2.15;0.93;0.59;0.48;0.43;0.44;0.48;0.58;0.80;1.13;1.61;2.43;0.56;0.67;1.11;4.99,tick=200916 goal=0 lap=0 last=0.0 best=0.0
279.45,1048,4.8,0.28,-0.36,32,-52.00666666666667,FWD,3.15;1.18;0.68;0.53;0.47;0.47;0.50;0.62;0.81;1.14;1.59;2.21;0.57;0.65;0.90;2.41,tick=200942 goal=0 lap=0 last=0.0 best=0.0
279.71,1049,353.8,0.29,-0.31,32,-34.178333333333335,FWD,4.35;1.83;0.85;0.59;0.50;0.51;0.54;0.65;0.83;1.14;1.56;2.05;0.58;0.59;0.74;1.29,tick=200968 goal=0 lap=0 last=0.0 best=0.0
279.97,1050,344.2,0.34,-0.23,16,-13.602500000000008,BEND,5.28;2.61;1.13;0.71;0.58;0.55;0.58;0.70;0.94;1.25;1.58;2.01;0.55;0.55;0.61;0.95,tick=200994 goal=0 lap=0 last=0.0 best=0.0
280.23,1051,340.0,0.33,-0.09,16,42.39083333333331,BEND,1.97;3.18;1.42;0.84;0.66;0.61;0.64;0.79;1.04;1.36;1.69;0.66;0.51;0.50;0.55;0.77,tick=201020 goal=0 lap=0 last=0.0 best=0.0
280.49,1052,341.5,0.32,0.30,16,45.39333333333333,BEND,1.88;3.09;1.46;0.92;0.70;0.68;0.71;0.92;1.22;1.56;1.87;0.57;0.46;0.47;0.49;0.70,tick=201046 goal=0 lap=0 last=0.0 best=0.0
280.76,1053,347.5,0.33,0.30,16,46.279999999999994,BEND,4.21;2.25;1.24;0.86;0.73;0.73;0.84;1.15;1.50;1.88;0.65;0.46;0.42;0.43;0.51;0.85,tick=201073 goal=0 lap=0 last=0.0 best=0.0
281.02,1054,0.1,0.29,0.29,32,40.505,FWD,3.24;1.68;1.05;0.81;0.73;0.79;0.98;1.41;1.87;1.01;0.54;0.45;0.37;0.44;0.59;1.29,tick=201099 goal=0 lap=0 last=0.0 best=0.0
281.28,1055,4.1,0.34,0.27,32,30.348333333333326,FWD,-1.00;1.31;0.93;0.78;0.73;0.83;1.13;1.69;2.13;0.77;0.51;0.41;0.43;0.51;0.75;4.56,tick=201125 goal=0 lap=0 last=0.0 best=0.0
281.54,1056,14.2,0.33,0.20,32,8.983333333333338,FWD,1.84;1.08;0.80;0.71;0.71;0.84;1.28;1.97;2.44;0.72;0.52;0.46;0.49;0.61;1.09;3.47,tick=201148 goal=0 lap=0 last=0.0 best=0.0
281.80,1057,15.4,0.39,0.06,16,-15.231666666666662,BEND,1.41;0.89;0.70;0.65;0.69;0.86;1.37;2.21;1.43;0.74;0.56;0.53;0.58;0.78;1.54;2.77,tick=201177 goal=0 lap=0 last=0.0 best=0.0
282.06,1058,19.7,0.39,-0.13,16,-37.32083333333333,BEND,1.22;0.75;0.60;0.58;0.63;0.77;1.26;2.32;1.67;0.86;0.66;0.64;0.68;0.93;1.73;2.48,tick=201203 goal=0 lap=0 last=0.0 best=0.0
282.32,1059,15.8,0.35,-0.24,16,-45.44,BEND,1.22;0.70;0.53;0.51;0.53;0.66;0.99;2.15;2.99;1.05;0.77;0.69;0.76;0.95;1.56;2.55,tick=201229 goal=0 lap=0 last=0.0 best=0.0
282.58,1060,359.2,0.35,-0.31,16,-46.62833333333333,BEND,1.40;0.74;0.51;0.45;0.47;0.54;0.77;1.56;2.94;1.40;0.89;0.75;0.76;0.92;1.30;3.08,tick=201255 goal=0 lap=0 last=0.0 best=0.0
282.84,1061,357.8,0.33,-0.29,16,-43.038333333333334,BEND,1.72;0.84;0.54;0.45;0.42;0.46;0.65;1.11;2.73;1.96;1.03;0.82;0.74;0.84;1.11;4.24,tick=201281 goal=0 lap=0 last=0.0 best=0.0
283.10,1062,340.5,0.33,-0.30,32,-37.833333333333336,FWD,2.17;1.02;0.59;0.46;0.41;0.42;0.55;0.88;2.15;3.43;1.21;0.86;0.77;0.78;0.96;1.73,tick=201307 goal=0 lap=0 last=0.0 best=0.0
283.36,1063,334.3,0.33,-0.27,32,-28.31,FWD,2.79;1.26;0.71;0.51;0.44;0.45;0.51;0.78;1.57;3.40;1.44;0.92;0.76;0.73;0.83;1.15,tick=201333 goal=0 lap=0 last=0.0 best=0.0
283.62,1064,329.0,0.36,-0.19,16,-15.37666666666667,BEND,3.69;1.50;0.85;0.58;0.49;0.47;0.54;0.74;1.39;-1.00;1.74;0.93;0.73;0.67;0.72;0.92,tick=201359 goal=0 lap=0 last=0.0 best=0.0
283.88,1065,328.7,0.35,-0.13,16,3.545000000000001,BEND,5.17;1.73;0.96;0.67;0.55;0.53;0.59;0.78;1.35;3.18;1.90;0.90;0.65;0.57;0.60;0.73,tick=201385 goal=0 lap=0 last=0.0 best=0.0
284.14,1066,324.0,0.36,0.03,16,19.40416666666666,BEND,5.41;1.77;1.00;0.74;0.61;0.61;0.66;0.87;1.47;3.31;1.72;0.79;0.55;0.50;0.51;0.61,tick=201411 goal=0 lap=0 last=0.0 best=0.0
284.40,1067,326.0,0.34,0.12,16,34.461666666666666,BEND,4.65;1.62;0.97;0.74;0.66;0.66;0.74;0.99;1.75;3.75;1.27;0.62;0.44;0.40;0.40;0.56,tick=201437 goal=0 lap=0 last=0.0 best=0.0
284.66,1068,331.7,0.32,0.23,16,43.3275,BEND,3.13;1.38;0.89;0.73;0.66;0.70;0.85;1.19;2.26;4.19;0.87;0.46;0.35;0.30;0.34;0.58,tick=201463 goal=0 lap=0 last=0.0 best=0.0
284.92,1069,338.6,0.28,0.28,32,42.411666666666676,FWD,2.05;1.12;0.79;0.68;0.66;0.74;0.92;1.48;3.11;2.00;0.55;0.34;0.26;0.30;0.38;6.00,tick=201489 goal=0 lap=0 last=0.0 best=0.0
285.18,1070,348.8,0.32,0.30,16,33.50833333333333,BEND,1.43;0.86;0.69;0.63;0.66;0.77;1.08;1.93;4.15;0.95;0.37;0.29;0.28;0.34;0.53;4.59,tick=201516 goal=0 lap=0 last=0.0 best=0.0
285.45,1071,357.0,0.32,0.24,16,-13.76083333333333,BEND,1.00;0.68;0.56;0.54;0.62;0.79;1.24;2.56;4.75;0.57;0.36;0.31;0.34;0.47;1.96;2.22,tick=201542 goal=0 lap=0 last=0.0 best=0.0
285.71,1072,351.4,0.34,-0.06,16,-80,BEND,0.78;-1.00;0.48;0.47;0.56;0.76;1.27;2.92;4.96;0.55;0.40;0.39;0.44;0.69;6.00;1.59,tick=201568 goal=0 lap=0 last=0.0 best=0.0
285.97,1073,349.3,0.31,-0.52,16,-50.704999999999984,BEND,0.75;0.47;0.38;0.39;0.42;0.54;0.95;2.11;4.82;0.74;-1.00;0.47;0.53;0.76;2.43;1.94,tick=201594 goal=0 lap=0 last=0.0 best=0.0
286.23,1074,333.3,0.29,-0.28,16,-41.59583333333333,BEND,0.94;0.47;0.34;0.31;0.33;0.39;0.59;1.30;3.37;2.07;0.62;0.52;0.54;0.69;1.28;5.17,tick=201620 goal=0 lap=0 last=0.0 best=0.0
286.49,1075,329.4,0.28,-0.24,16,-40.61666666666668,BEND,1.28;0.50;0.34;0.29;0.29;0.32;0.46;0.90;2.44;5.28;0.73;0.57;0.55;0.65;1.02;6.00,tick=201646 goal=0 lap=0 last=0.0 best=0.0
286.75,1076,323.6,0.27,-0.19,16,-41.01166666666668,BEND,2.53;0.57;0.35;0.29;0.25;0.29;0.38;0.69;1.90;4.89;0.83;0.58;0.55;0.64;0.88;2.06,tick=201672 goal=0 lap=0 last=0.0 best=0.0
287.01,1077,314.3,0.28,-0.25,16,-36.21583333333333,BEND,4.57;0.73;0.38;0.28;0.25;0.27;0.34;0.58;1.52;3.97;0.93;0.62;0.56;0.60;0.78;1.48,tick=201696 goal=0 lap=0 last=0.0 best=0.0
287.27,1078,309.5,0.28,-0.20,32,-28.67083333333334,FWD,6.00;1.07;0.48;0.31;0.30;0.28;0.36;0.53;1.21;3.28;1.05;0.64;0.56;0.56;0.69;1.13,tick=201724 goal=0 lap=0 last=0.0 best=0.0
287.53,1079,303.4,0.30,-0.17,16,-19.895000000000003,BEND,2.44;1.93;0.57;0.37;0.30;0.32;0.36;0.52;1.06;2.84;1.17;0.63;0.55;0.53;0.61;0.95,tick=201750 goal=0 lap=0 last=0.0 best=0.0
287.79,1080,297.7,0.00,-0.09,16,-4.645000000000003,BEND,1.63;3.27;0.75;0.48;0.38;0.36;0.40;0.53;1.01;2.65;1.23;0.63;0.53;0.49;0.52;0.77,tick=201776 goal=0 lap=0 last=0.0 best=0.0
288.06,1081,292.5,0.30,-0.04,16,10.78916666666666,BEND,1.30;3.79;0.96;0.54;0.44;0.42;0.46;0.63;1.07;2.71;1.07;0.60;0.46;0.45;0.47;0.65,tick=201803 goal=0 lap=0 last=0.0 best=0.0
288.32,1082,295.1,0.30,0.10,16,25.191666666666666,BEND,1.15;3.74;1.08;0.63;0.48;0.46;0.52;0.68;1.26;2.98;0.88;0.50;0.39;0.39;0.42;0.58,tick=201829 goal=0 lap=0 last=0.0 best=0.0
288.58,1083,298.0,0.30,0.18,16,33.719166666666666,BEND,1.16;3.29;1.09;0.63;0.54;0.50;0.56;0.80;1.57;3.51;0.69;0.42;0.36;0.32;0.39;0.55,tick=201855 goal=0 lap=0 last=0.0 best=0.0
288.84,1084,302.3,0.29,0.17,16,39.88500000000001,BEND,1.48;2.66;1.01;0.64;0.56;0.56;0.64;0.96;2.09;4.37;0.55;0.35;0.29;0.31;0.35;0.55,tick=201881 goal=0 lap=0 last=0.0 best=0.0
289.10,1085,309.1,0.29,0.20,16,40.28833333333333,BEND,5.46;2.02;0.91;0.65;0.57;0.59;0.71;1.17;2.72;0.95;0.45;0.33;0.29;0.28;0.35;0.58,tick=201907 goal=0 lap=0 last=0.0 best=0.0
289.36,1086,317.0,0.29,0.23,16,34.665833333333325,BEND,3.73;1.46;0.79;0.62;0.57;0.61;0.83;1.51;3.60;0.68;0.39;0.30;0.27;0.32;0.41;0.73,tick=201933 goal=0 lap=0 last=0.0 best=0.0
289.62,1087,324.5,0.28,0.18,32,29.508333333333333,FWD,2.81;1.15;0.70;0.58;0.56;0.64;0.92;2.00;4.51;0.59;0.36;0.32;0.28;0.34;0.46;1.07,tick=201959 goal=0 lap=0 last=0.0 best=0.0
289.88,1088,324.5,0.29,0.16,16,20.3575,BEND,2.11;0.93;0.63;0.53;0.54;0.66;0.99;2.58;1.35;0.53;0.37;0.31;0.31;0.39;0.57;6.00,tick=201985 goal=0 lap=0 last=0.0 best=0.0
290.14,1089,333.0,0.30,0.17,16,5.853333333333332,BEND,1.67;0.81;0.56;0.52;0.53;0.64;1.07;3.15;1.14;0.56;0.41;0.36;0.39;0.44;0.75;4.25,tick=202011 goal=0 lap=0 last=0.0 best=0.0
290.40,1090,331.5,0.29,0.03,16,-10.21750000000001,BEND,1.29;0.65;0.50;0.46;0.47;0.59;1.03;3.52;1.15;0.62;0.47;0.42;0.42;0.55;0.98;3.30,tick=202037 goal=0 lap=0 last=0.0 best=0.0
290.66,1091,333.3,0.28,-0.06,16,-24.6825,BEND,1.15;0.59;0.45;0.40;0.42;0.54;0.93;3.55;1.29;0.67;0.51;0.46;0.48;0.63;1.12;3.03,tick=202064 goal=0 lap=0 last=0.0 best=0.0
290.93,1092,332.3,0.29,-0.14,16,-35.01916666666667,BEND,1.14;0.53;0.40;0.35;0.36;0.46;0.73;3.02;1.61;0.79;0.59;0.51;0.53;0.67;1.16;3.10,tick=202090 goal=0 lap=0 last=0.0 best=0.0
291.19,1093,323.3,0.00,-0.20,16,-40.21666666666667,BEND,1.25;0.55;0.36;0.31;0.32;0.36;0.57;1.67;2.53;0.97;0.63;0.54;0.56;0.67;1.06;3.95,tick=202116 goal=0 lap=0 last=0.0 best=0.0
291.45,1094,321.3,0.29,-0.24,16,-41.23083333333334,BEND,1.47;0.59;0.36;0.30;0.30;0.33;0.47;0.97;5.07;1.21;0.75;0.61;0.57;0.68;0.95;6.00,tick=202142 goal=0 lap=0 last=0.0 best=0.0
291.71,1095,314.4,0.26,-0.26,16,-36.6175,BEND,1.89;0.74;0.40;0.30;0.27;0.31;0.40;0.71;4.08;1.56;0.81;0.62;0.58;0.64;0.83;5.19,tick=202168 goal=0 lap=0 last=0.0 best=0.0
291.97,1096,306.2,0.27,-0.20,16,-33.618333333333325,BEND,2.42;0.86;0.45;0.32;0.27;0.30;0.38;0.61;2.43;2.03;0.93;0.64;0.58;0.59;0.77;2.21,tick=202194 goal=0 lap=0 last=0.0 best=0.0
292.23,1097,300.0,0.25,-0.18,32,-23.508333333333326,FWD,3.71;1.07;0.57;0.37;0.32;0.33;0.36;0.54;1.35;-1.00;1.01;0.66;0.57;0.57;0.69;1.40,tick=202218 goal=0 lap=0 last=0.0 best=0.0
292.49,1098,293.1,0.29,-0.14,32,-12.38166666666666,FWD,5.61;1.31;0.63;0.45;0.37;0.37;0.39;0.54;1.14;5.59;1.11;0.68;0.52;0.52;0.62;1.09,tick=202246 goal=0 lap=0 last=0.0 best=0.0
292.75,1099,293.7,0.31,-0.07,16,-2.1041666666666616,BEND,5.13;1.50;0.72;0.50;0.42;0.41;0.44;0.58;1.12;5.28;1.11;0.63;0.52;0.47;0.57;0.95,tick=202272 goal=0 lap=0 last=0.0 best=0.0
293.01,1100,287.3,0.35,-0.04,16,10.904166666666672,BEND,4.71;1.63;0.79;0.57;0.45;0.47;0.51;0.68;1.23;5.30;1.00;0.57;0.43;0.44;0.54;0.91,tick=202299 goal=0 lap=0 last=0.0 best=0.0
293.28,1101,294.4,0.33,0.04,16,18.138333333333325,BEND,4.59;1.58;0.82;0.57;0.50;0.50;0.58;0.76;1.43;5.69;0.81;0.47;0.39;0.42;0.49;0.87,tick=202325 goal=0 lap=0 last=0.0 best=0.0
293.54,1102,298.7,0.32,0.07,16,18.084166666666665,BEND,4.71;1.41;0.80;0.58;0.50;0.50;0.63;0.90;1.80;6.00;0.63;0.45;0.37;0.41;0.52;0.95,tick=202351 goal=0 lap=0 last=0.0 best=0.0
293.80,1103,298.1,0.31,0.09,32,19.71333333333333,FWD,4.87;1.24;0.76;0.58;0.54;0.56;0.70;1.04;2.28;1.82;0.54;0.41;0.37;0.40;0.56;1.19,tick=202377 goal=0 lap=0 last=0.0 best=0.0
294.06,1104,302.7,0.32,0.09,32,12.14166666666667,FWD,4.99;1.10;0.69;0.56;0.52;0.58;0.74;1.20;3.07;1.06;0.51;0.40;0.40;0.46;0.62;1.61,tick=202403 goal=0 lap=0 last=0.0 best=0.0
294.32,1105,306.3,0.35,0.07,16,5.028333333333341,BEND,2.33;0.93;0.62;0.54;0.51;0.59;0.82;1.38;4.34;0.83;0.51;0.42;0.42;0.49;0.74;2.49,tick=202429 goal=0 lap=0 last=0.0 best=0.0
294.58,1106,305.3,0.35,0.07,16,-7.447500000000003,BEND,1.85;0.82;0.57;0.48;0.51;0.59;0.81;1.52;5.15;0.82;0.54;0.48;0.44;0.54;0.89;3.06,tick=202455 goal=0 lap=0 last=0.0 best=0.0
294.84,1107,307.3,0.36,-0.07,16,-17.16083333333333,BEND,1.65;0.72;0.52;0.45;0.45;0.56;0.78;1.54;5.33;0.87;0.58;0.50;0.51;0.62;0.99;3.09,tick=202482 goal=0 lap=0 last=0.0 best=0.0
295.11,1108,307.6,0.33,-0.08,16,-25.054166666666664,BEND,1.74;0.67;0.47;0.42;0.41;0.48;0.69;1.43;4.68;0.99;0.65;0.54;0.54;0.61;1.00;2.82,tick=202508 goal=0 lap=0 last=0.0 best=0.0
295.37,1109,300.9,0.31,-0.14,16,-30.470000000000017,BEND,4.16;0.70;0.45;0.40;0.38;0.43;0.63;1.23;3.62;1.15;0.70;0.56;0.56;0.67;0.97;2.45,tick=202534 goal=0 lap=0 last=0.0 best=0.0
295.63,1110,296.8,0.31,-0.17,16,-32.05499999999999,BEND,3.65;0.76;0.46;0.34;0.35;0.39;0.54;1.01;2.75;1.43;0.77;0.61;0.58;0.64;0.89;1.85,tick=202560 goal=0 lap=0 last=0.0 best=0.0
295.89,1111,292.3,0.31,-0.21,16,-29.54083333333334,BEND,3.12;0.94;0.49;0.37;0.35;0.36;0.47;0.83;2.26;2.10;0.85;0.64;0.59;0.63;0.81;1.47,tick=202586 goal=0 lap=0 last=0.0 best=0.0
296.15,1112,287.1,0.30,-0.18,32,-22.595,FWD,2.66;1.33;0.55;0.40;0.37;0.36;0.43;0.72;1.90;6.00;0.93;0.66;0.56;0.60;0.72;1.19,tick=202612 goal=0 lap=0 last=0.0 best=0.0
296.41,1113,281.7,0.29,-0.09,16,-13.98833333333334,BEND,2.18;3.47;0.69;0.45;0.39;0.39;0.44;0.68;1.64;5.16;1.00;0.65;0.56;0.55;0.65;0.97,tick=202638 goal=0 lap=0 last=0.0 best=0.0
296.67,1114,277.5,0.33,-0.11,16,1.6416666666666586,BEND,1.75;3.03;0.87;0.54;0.43;0.41;0.47;0.68;1.51;4.35;1.01;0.64;0.53;0.51;0.60;0.82,tick=202664 goal=0 lap=0 last=0.0 best=0.0
296.93,1115,276.6,0.32,0.02,16,-80,BEND,1.51;2.75;0.99;0.60;0.49;0.47;0.52;0.73;1.58;4.35;0.95;0.60;-1.00;0.47;0.52;0.74,tick=202690 goal=0 lap=0 last=0.0 best=0.0
297.20,1116,272.2,0.29,-0.49,16,80,BEND,1.09;2.25;3.58;0.71;0.56;0.50;0.55;0.74;1.39;3.73;1.04;0.56;0.44;0.42;0.44;0.60,tick=202717 goal=0 lap=0 last=0.0 best=0.0
297.67,1117,268.6,0.23,0.01,16,-70,REV,0.85;1.97;3.31;0.85;0.69;0.63;0.68;0.95;1.88;4.71;0.67;0.39;0.32;0.31;0.34;0.45,tick=202764 goal=0 lap=0 last=0.0 best=0.0
297.93,1118,271.9,0.09,-0.08,16,-70,REV,0.71;1.76;3.05;0.94;0.71;0.64;0.72;0.96;1.83;4.54;0.67;0.36;0.29;0.26;0.30;0.39,tick=202790 goal=0 lap=0 last=0.0 best=0.0
298.19,1119,267.0,-0.05,0.07,16,-70,REV,0.68;1.75;2.99;0.95;0.73;0.67;0.73;0.95;1.80;4.46;0.66;0.38;0.29;0.29;0.27;0.39,tick=202816 goal=0 lap=0 last=0.0 best=0.0
298.45,1120,274.6,-0.15,0.22,16,-80,BEND,0.91;2.03;3.41;0.84;0.68;0.65;0.72;1.01;2.13;5.40;0.60;0.36;0.29;-1.00;0.31;0.45,tick=202842 goal=0 lap=0 last=0.0 best=0.0
298.71,1121,281.1,-0.12,0.16,16,52.8125,BEND,-1.00;2.51;1.18;0.75;0.65;0.64;0.77;1.15;2.76;1.43;0.53;0.35;0.33;0.32;0.36;0.54,tick=202868 goal=0 lap=0 last=0.0 best=0.0
298.97,1122,280.9,-0.05,-0.08,16,55.538333333333334,BEND,-1.00;2.69;1.05;0.72;0.64;0.65;0.78;1.23;3.03;1.19;0.51;0.36;0.30;0.31;0.39;0.61,tick=202894 goal=0 lap=0 last=0.0 best=0.0
299.23,1123,283.0,-0.01,0.00,16,52.97,BEND,1.44;2.68;1.07;0.73;0.63;0.65;0.76;1.21;2.90;1.29;0.53;0.35;0.32;0.33;0.39;0.60,tick=202921 goal=0 lap=0 last=0.0 best=0.0
299.50,1124,282.6,0.04,0.10,16,49.67499999999999,BEND,1.48;2.71;1.06;0.73;0.64;0.62;0.76;1.22;2.99;1.24;0.50;0.36;0.31;0.32;0.40;0.61,tick=202947 goal=0 lap=0 last=0.0 best=0.0
299.76,1125,285.8,0.08,0.11,16,48.49833333333333,BEND,1.54;2.75;1.01;0.72;0.62;0.65;0.78;1.30;3.21;1.04;0.50;0.34;0.30;0.33;0.38;0.62,tick=202973 goal=0 lap=0 last=0.0 best=0.0
300.02,1126,286.9,0.11,0.10,16,49.385000000000005,BEND,1.64;2.86;0.97;0.71;0.66;0.66;0.83;1.43;3.59;0.91;0.46;0.32;0.32;0.32;0.40;0.68,tick=202999 goal=0 lap=0 last=0.0 best=0.0
300.28,1127,292.8,0.13,0.08,16,46.725,BEND,1.76;3.00;0.91;0.70;0.62;0.68;0.88;1.63;4.12;0.79;0.42;0.34;0.29;0.34;0.41;0.75,tick=203022 goal=0 lap=0 last=0.0 best=0.0
300.54,1128,297.2,0.15,0.15,16,-80,BEND,1.87;3.21;0.84;0.65;0.63;0.69;0.94;1.96;5.06;0.68;0.39;0.31;0.28;-1.00;0.47;0.90,tick=203051 goal=0 lap=0 last=0.0 best=0.0
300.80,1129,297.9,0.16,-0.30,16,48.7225,BEND,1.83;3.13;0.82;0.64;0.60;0.69;0.96;2.04;5.38;0.69;0.41;0.36;0.31;0.36;0.47;0.91,tick=203077 goal=0 lap=0 last=0.0 best=0.0
301.06,1130,290.2,0.18,0.17,16,41.35166666666667,BEND,1.56;2.67;0.93;0.67;0.64;0.67;0.88;1.66;4.51;0.80;0.43;0.35;0.31;0.34;0.44;0.78,tick=203103 goal=0 lap=0 last=0.0 best=0.0
301.33,1131,298.5,0.20,0.18,16,36.399166666666666,BEND,1.67;2.91;0.86;0.64;0.61;0.71;0.97;2.11;5.92;0.67;0.41;0.33;0.32;0.36;0.49;0.86,tick=203130 goal=0 lap=0 last=0.0 best=0.0
301.59,1132,302.0,0.20,0.14,16,29.706666666666663,BEND,1.76;3.10;0.78;0.62;0.61;0.70;1.02;2.65;1.86;0.60;0.42;0.34;0.35;0.39;0.55;0.96,tick=203156 goal=0 lap=0 last=0.0 best=0.0
301.85,1133,302.2,0.22,0.14,32,23.410833333333333,FWD,1.87;3.35;0.72;0.59;0.60;0.73;1.13;3.38;1.39;0.60;0.41;0.35;0.36;0.43;0.62;1.03,tick=203182 goal=0 lap=0 last=0.0 best=0.0
302.11,1134,311.0,0.25,0.12,32,13.912500000000005,FWD,1.89;3.61;0.69;0.53;0.57;0.73;1.19;3.94;1.23;0.60;0.42;0.38;0.43;0.47;0.65;1.11,tick=203208 goal=0 lap=0 last=0.0 best=0.0
302.37,1135,312.2,0.29,0.11,32,4.660000000000002,FWD,1.91;3.79;0.62;0.51;0.55;0.68;1.23;4.43;1.19;0.65;0.48;0.43;0.44;0.51;0.71;1.14,tick=203234 goal=0 lap=0 last=0.0 best=0.0
302.63,1136,315.7,0.34,0.01,32,-2.75416666666666,FWD,1.82;3.84;0.65;0.48;0.48;0.61;1.16;4.82;1.27;0.68;0.54;0.49;0.49;0.57;0.72;1.10,tick=203260 goal=0 lap=0 last=0.0 best=0.0
302.89,1137,0.0,0.36,-0.01,32,-6.07333333333334,FWD,1.67;3.54;0.74;0.48;0.43;0.53;0.99;4.89;1.44;0.80;0.62;0.53;0.53;0.56;0.72;1.03,tick=203286 goal=0 lap=0 last=0.0 best=0.0
303.15,1138,314.0,0.37,-0.03,16,3.741666666666662,BEND,1.44;3.00;0.95;0.55;0.44;0.47;0.75;4.66;1.68;0.89;0.66;0.57;0.50;0.55;0.65;0.88,tick=203312 goal=0 lap=0 last=0.0 best=0.0
303.41,1139,313.7,0.40,0.05,16,80,BEND,1.22;2.56;-1.00;0.63;0.49;0.48;0.64;4.54;1.92;1.03;0.69;0.56;0.52;0.52;0.57;0.77,tick=203338 goal=0 lap=0 last=0.0 best=0.0
303.68,1140,319.7,0.39,0.56,16,19.620833333333326,BEND,1.25;3.23;1.64;0.65;0.53;0.56;0.73;6.00;1.66;0.97;0.67;0.53;0.48;0.46;0.55;0.75,tick=203365 goal=0 lap=0 last=0.0 best=0.0
303.94,1141,337.2,0.35,0.13,16,15.77333333333333,BEND,-1.00;6.00;0.95;0.59;0.55;0.57;0.93;2.78;1.38;0.86;0.62;0.48;0.44;0.47;0.60;0.85,tick=203391 goal=0 lap=0 last=0.0 best=0.0
304.20,1142,339.3,0.32,0.10,16,17.796666666666674,BEND,1.80;5.99;0.94;0.61;0.52;0.60;0.87;2.68;1.43;0.89;0.60;0.50;0.45;0.47;0.56;0.87,tick=203417 goal=0 lap=0 last=0.0 best=0.0
304.46,1143,338.3,0.31,0.13,16,17.610833333333325,BEND,1.93;6.00;0.96;0.61;0.53;0.60;0.85;2.65;1.51;0.93;0.61;0.47;0.45;0.48;0.57;0.85,tick=203443 goal=0 lap=0 last=0.0 best=0.0
304.72,1144,342.4,0.32,0.10,16,20.349166666666676,BEND,2.22;3.60;0.94;0.63;0.56;0.58;0.86;2.62;1.53;0.92;0.58;0.47;0.44;0.46;0.57;0.84,tick=203469 goal=0 lap=0 last=0.0 best=0.0
304.98,1145,349.3,0.30,0.09,16,22.015833333333337,BEND,2.77;2.75;0.94;0.63;0.56;0.59;0.90;2.62;1.58;0.91;0.59;0.47;0.44;0.45;0.56;0.91,tick=203495 goal=0 lap=0 last=0.0 best=0.0
305.24,1146,347.5,0.31,0.17,16,19.499999999999993,BEND,3.96;2.15;0.90;0.63;0.56;0.62;0.90;2.62;1.59;0.88;0.56;0.46;0.43;0.45;0.58;0.97,tick=203521 goal=0 lap=0 last=0.0 best=0.0
305.50,1147,353.3,0.30,0.08,32,19.480833333333337,FWD,4.61;1.77;0.83;0.62;0.56;0.62;0.92;2.60;1.62;0.87;0.57;0.43;0.41;0.48;0.60;1.07,tick=203547 goal=0 lap=0 last=0.0 best=0.0
305.76,1148,359.7,0.32,0.11,32,16.68166666666667,FWD,4.87;1.56;0.79;0.62;0.57;0.62;0.91;2.64;1.62;0.85;0.55;0.44;0.43;0.47;0.67;1.21,tick=203573 goal=0 lap=0 last=0.0 best=0.0
306.02,1149,357.2,0.34,0.12,32,8.090000000000005,FWD,5.01;1.33;0.76;0.58;0.56;0.64;0.91;2.69;1.63;-1.00;0.57;0.47;0.46;0.52;0.70;1.44,tick=203600 goal=0 lap=0 last=0.0 best=0.0
306.29,1150,6.8,0.34,0.04,32,3.389166666666661,FWD,5.03;1.20;0.71;0.56;0.55;0.61;0.91;2.80;1.68;0.87;0.59;0.49;0.48;0.55;0.77;1.73,tick=203626 goal=0 lap=0 last=0.0 best=0.0
306.55,1151,6.5,0.39,0.02,32,80,FWD,4.87;1.08;0.67;0.53;-1.00;0.60;0.86;3.00;1.79;0.93;0.62;0.54;0.50;0.59;0.85;1.98,tick=203652 goal=0 lap=0 last=0.0 best=0.0
306.81,1152,11.7,0.40,0.70,16,-42.341666666666676,BEND,2.02;0.84;0.58;0.50;0.50;0.61;0.98;2.90;1.56;0.86;0.63;0.54;0.56;0.69;1.09;3.44,tick=203678 goal=0 lap=0 last=0.0 best=0.0
307.07,1153,21.7,0.41,-0.33,16,-60.82583333333333,BEND,0.99;0.56;0.43;0.41;0.44;0.61;1.26;2.62;1.34;0.85;0.65;0.65;0.72;0.94;1.96;4.29,tick=203704 goal=0 lap=0 last=0.0 best=0.0
307.33,1154,14.0,0.39,-0.48,16,-54.95333333333333,BEND,1.52;0.58;0.39;0.34;0.34;0.41;0.61;3.51;2.19;1.17;0.83;0.71;0.74;0.87;1.38;3.35,tick=203730 goal=0 lap=0 last=0.0 best=0.0
307.59,1155,354.3,0.37,-0.42,16,-45.00416666666667,BEND,3.82;0.86;0.49;0.34;0.33;0.37;0.45;0.81;3.25;1.73;1.00;0.78;0.73;0.77;1.06;2.01,tick=203756 goal=0 lap=0 last=0.0 best=0.0
307.85,1156,348.5,0.35,-0.32,32,-35.74416666666667,FWD,2.95;1.62;0.64;0.41;0.36;0.35;0.41;0.61;4.01;2.53;1.24;0.86;0.73;0.72;0.86;1.33,tick=203782 goal=0 lap=0 last=0.0 best=0.0
308.11,1157,342.8,0.00,-0.27,32,-15.594166666666666,FWD,2.06;3.56;0.91;0.55;0.42;0.40;-1.00;0.57;1.12;3.30;1.50;0.86;0.71;0.67;0.74;1.02,tick=203808 goal=0 lap=0 last=0.0 best=0.0
308.37,1158,333.9,0.40,-0.08,16,10.280000000000005,BEND,1.41;2.97;1.38;0.70;0.53;0.49;0.49;0.61;1.07;3.86;1.70;0.88;0.65;0.59;0.64;0.82,tick=203834 goal=0 lap=0 last=0.0 best=0.0
308.63,1159,330.4,0.36,0.05,16,38.79999999999999,BEND,1.16;2.67;1.65;0.86;0.64;0.57;0.60;0.74;1.21;4.05;1.54;0.75;0.55;0.51;0.53;0.68,tick=203860 goal=0 lap=0 last=0.0 best=0.0
308.89,1160,338.1,0.37,0.29,16,46.79583333333334,BEND,1.20;2.65;1.54;0.89;0.68;0.65;0.70;0.93;1.66;3.66;1.03;0.59;0.46;0.43;0.47;0.61,tick=203886 goal=0 lap=0 last=0.0 best=0.0
309.15,1161,344.2,0.34,0.34,16,48.332499999999996,BEND,1.53;2.84;1.24;0.83;0.71;0.69;0.84;1.22;4.96;2.06;0.70;0.45;0.38;0.36;0.43;0.64,tick=203912 goal=0 lap=0 last=0.0 best=0.0
309.41,1162,355.0,0.33,0.33,16,48.523333333333326,BEND,1.98;3.04;1.05;0.81;0.73;0.78;0.99;1.65;4.35;1.00;0.52;0.38;0.34;0.36;0.47;0.83,tick=203939 goal=0 lap=0 last=0.0 best=0.0
309.68,1163,3.6,0.33,0.32,32,80,FWD,2.29;3.22;-1.00;0.75;0.72;0.83;1.16;2.48;2.79;0.72;0.43;0.38;0.35;0.40;0.60;1.16,tick=203965 goal=0 lap=0 last=0.0 best=0.0
309.94,1164,14.0,0.34,0.53,16,12.86083333333333,BEND,2.61;1.00;0.76;0.68;0.73;0.91;1.50;4.90;1.24;0.59;0.45;0.41;0.42;0.53;0.82;1.71,tick=203991 goal=0 lap=0 last=0.0 best=0.0
310.20,1165,31.4,0.33,0.11,16,-7.844166666666666,BEND,2.87;0.75;0.60;0.59;0.70;0.98;2.20;3.32;0.94;0.58;0.50;0.49;0.54;0.75;1.26;2.03,tick=204017 goal=0 lap=0 last=0.0 best=0.0
310.46,1166,26.7,0.33,-0.05,16,-80,BEND,2.74;0.62;0.52;0.53;0.61;0.89;2.06;-1.00;1.06;0.70;0.57;0.56;0.65;-1.00;1.33;2.00,tick=204043 goal=0 lap=0 last=0.0 best=0.0
310.72,1167,25.2,0.33,-0.53,16,-28.63999999999999,BEND,2.33;0.56;0.43;0.42;0.47;0.61;1.23;5.04;1.56;0.86;0.71;0.66;0.69;0.82;1.18;1.71,tick=204069 goal=0 lap=0 last=0.0 best=0.0
310.98,1168,9.1,0.29,-0.19,32,-80,FWD,1.87;2.50;0.42;0.34;0.36;0.46;0.71;2.20;3.07;1.18;0.81;0.70;0.71;-1.00;0.96;1.34,tick=204095 goal=0 lap=0 last=0.0 best=0.0
311.24,1169,359.2,0.32,-0.52,32,-31.20916666666667,FWD,1.53;2.07;0.48;0.36;0.35;0.37;0.56;1.20;4.97;1.51;0.92;0.75;0.68;0.72;0.87;1.12,tick=204121 goal=0 lap=0 last=0.0 best=0.0
311.50,1170,348.4,0.34,-0.19,16,7.978333333333343,BEND,1.10;1.51;2.13;0.50;0.37;0.34;0.43;-1.00;2.45;2.87;1.18;0.82;0.70;0.64;0.70;0.86,tick=204147 goal=0 lap=0 last=0.0 best=0.0
311.76,1171,346.7,0.36,0.05,16,80,BEND,0.88;1.19;1.75;2.55;-1.00;0.40;0.45;0.68;2.01;3.52;1.23;0.79;0.63;0.57;0.58;0.68,tick=204173 goal=0 lap=0 last=0.0 best=0.0
312.02,1172,353.6,0.35,0.54,16,80,BEND,0.76;1.12;1.72;2.57;0.65;0.51;0.54;0.94;6.00;2.06;0.96;0.64;0.53;0.49;0.51;0.57,tick=204199 goal=0 lap=0 last=0.0 best=0.0
312.28,1173,9.6,0.32,0.51,16,80,BEND,0.78;1.28;2.10;3.07;0.65;0.57;0.71;2.26;3.21;1.17;0.68;0.51;0.46;0.45;0.46;0.56,tick=204225 goal=0 lap=0 last=0.0 best=0.0
312.54,1174,23.6,0.31,0.48,16,70.56666666666666,BEND,0.89;1.56;2.52;0.88;0.63;0.65;1.14;5.73;1.53;0.84;0.56;0.44;0.39;0.38;0.44;0.59,tick=204251 goal=0 lap=0 last=0.0 best=0.0
312.80,1175,40.2,0.00,0.42,16,80,BEND,1.07;1.92;3.04;0.73;0.64;0.72;3.87;2.43;1.16;0.67;0.53;0.40;0.35;0.39;0.46;0.65,tick=204277 goal=0 lap=0 last=0.0 best=0.0
313.06,1176,55.8,0.30,0.49,16,33.1725,BEND,1.36;2.31;1.21;0.66;0.64;0.81;4.88;1.69;0.97;0.63;-1.00;0.38;0.38;0.41;0.51;0.75,tick=204303 goal=0 lap=0 last=0.0 best=0.0
313.32,1177,64.8,0.28,0.18,16,28.365833333333327,BEND,1.63;2.73;0.86;0.59;0.63;0.89;2.86;1.47;0.88;0.58;0.48;0.41;0.40;0.45;0.58;0.91,tick=204329 goal=0 lap=0 last=0.0 best=0.0
313.58,1178,70.6,0.30,0.15,16,21.585833333333326,BEND,1.70;2.92;0.79;0.59;0.58;0.83;2.65;1.50;0.96;0.64;0.48;0.43;0.44;0.47;0.61;0.97,tick=204355 goal=0 lap=0 last=0.0 best=0.0
313.84,1179,74.3,0.28,0.14,32,9.840833333333336,FWD,1.70;3.10;0.74;0.57;0.52;0.75;2.58;1.55;1.02;0.70;0.54;0.47;0.47;0.51;0.66;1.01,tick=204381 goal=0 lap=0 last=0.0 best=0.0
314.10,1180,75.3,0.29,0.05,32,7.895833333333332,FWD,1.67;3.17;0.76;0.54;0.53;0.65;2.65;1.67;1.11;0.74;0.57;0.48;0.47;0.51;0.69;1.03,tick=204408 goal=0 lap=0 last=0.0 best=0.0
314.37,1181,76.2,0.33,0.04,16,5.545833333333334,BEND,1.58;3.10;0.81;0.56;0.51;0.57;2.82;1.83;1.22;0.81;0.60;0.50;0.47;0.53;0.68;0.99,tick=204434 goal=0 lap=0 last=0.0 best=0.0
314.63,1182,77.4,0.35,0.06,16,7.829166666666671,BEND,1.44;2.96;0.99;0.56;0.49;0.55;3.00;2.01;-1.00;0.89;0.63;0.52;0.49;0.53;0.65;0.91,tick=204460 goal=0 lap=0 last=0.0 best=0.0
314.89,1183,81.7,0.34,0.01,16,39.648333333333326,BEND,1.30;2.79;2.24;0.58;0.51;0.56;0.78;2.22;1.50;0.97;0.67;0.54;0.51;0.52;0.64;0.86,tick=204486 goal=0 lap=0 last=0.0 best=0.0
315.15,1184,85.3,0.31,0.27,16,25.821666666666665,BEND,1.26;3.10;1.86;0.60;0.51;0.54;0.80;2.27;1.57;0.93;0.64;0.53;0.48;0.52;0.59;0.78,tick=204512 goal=0 lap=0 last=0.0 best=0.0
315.41,1185,93.6,0.32,0.17,16,21.634999999999994,BEND,1.33;4.52;1.38;0.62;0.51;0.56;0.88;2.28;1.50;0.90;0.61;0.52;0.47;0.49;0.60;0.78,tick=204538 goal=0 lap=0 last=0.0 best=0.0
315.67,1186,95.7,0.29,0.17,16,25.64916666666667,BEND,1.37;6.00;1.32;0.67;0.53;0.57;0.88;2.34;1.53;0.90;0.61;0.51;0.46;0.48;0.55;0.77,tick=204564 goal=0 lap=0 last=0.0 best=0.0
315.93,1187,100.3,0.30,0.15,16,27.795833333333338,BEND,1.48;6.00;1.25;0.69;0.55;0.58;0.89;2.38;1.52;0.92;0.62;0.50;0.44;0.47;0.54;0.74,tick=204590 goal=0 lap=0 last=0.0 best=0.0
316.19,1188,107.9,0.28,0.14,16,30.395000000000003,BEND,1.68;5.99;1.15;0.68;0.57;0.60;0.91;2.40;1.48;0.88;-1.00;0.48;0.41;0.42;0.52;0.76,tick=204616 goal=0 lap=0 last=0.0 best=0.0
316.45,1189,111.7,0.29,0.18,16,28.53166666666666,BEND,2.15;3.58;1.07;0.70;0.60;0.61;0.95;2.40;1.46;0.87;0.57;0.47;0.41;0.46;0.51;0.81,tick=204642 goal=0 lap=0 last=0.0 best=0.0
316.71,1190,108.7,0.28,0.17,16,27.986666666666668,BEND,3.14;2.40;0.99;0.67;0.60;0.65;1.00;2.38;1.43;0.84;0.55;0.45;0.41;0.45;0.53;0.89,tick=204668 goal=0 lap=0 last=0.0 best=0.0
316.97,1191,124.7,0.28,0.18,32,25.491666666666667,FWD,5.58;1.84;0.91;0.66;0.61;0.66;1.05;2.36;1.43;0.82;0.53;0.43;0.40;0.45;0.55;1.02,tick=204694 goal=0 lap=0 last=0.0 best=0.0
317.23,1192,124.2,0.31,0.14,32,24.569166666666668,FWD,6.00;1.51;0.86;0.66;0.61;0.68;1.08;2.39;1.41;-1.00;0.54;0.43;0.40;0.46;0.61;1.22,tick=204720 goal=0 lap=0 last=0.0 best=0.0
317.49,1193,124.1,0.31,0.13,32,14.722499999999993,FWD,6.00;1.26;0.76;0.60;0.59;0.69;1.10;2.35;1.41;0.78;0.55;0.45;0.43;0.48;0.72;1.58,tick=204746 goal=0 lap=0 last=0.0 best=0.0
317.75,1194,135.0,0.36,0.12,32,2.8508333333333242,FWD,3.46;1.06;0.69;0.57;0.59;0.68;1.07;2.42;1.42;0.80;0.54;0.48;0.47;0.56;0.84;2.21,tick=204772 goal=0 lap=0 last=0.0 best=0.0
318.01,1195,136.4,0.40,-0.00,16,-9.634166666666665,BEND,2.57;0.93;0.63;0.53;0.52;0.66;1.02;2.59;1.55;0.84;0.58;0.53;0.53;0.65;0.95;2.83,tick=204798 goal=0 lap=0 last=0.0 best=0.0
318.27,1196,134.8,0.38,-0.10,16,-80,BEND,2.51;0.87;0.59;0.48;0.51;0.59;0.88;2.86;1.78;-1.00;0.65;0.56;-1.00;0.67;1.02;2.86,tick=204824 goal=0 lap=0 last=0.0 best=0.0
318.54,1197,129.9,0.35,-0.62,32,-6.043333333333344,FWD,5.99;1.03;0.60;0.47;0.43;0.51;0.67;1.55;2.38;1.24;0.75;0.62;0.58;0.68;0.89;1.80,tick=204851 goal=0 lap=0 last=0.0 best=0.0
318.80,1198,110.8,0.35,-0.04,32,-10.239999999999997,FWD,3.67;1.93;0.78;0.53;0.47;0.48;0.59;0.93;-1.00;1.87;0.94;0.67;0.59;0.60;0.74;1.15,tick=204877 goal=0 lap=0 last=0.0 best=0.0
319.06,1199,112.7,0.40,-0.07,32,1.1941666666666566,FWD,2.95;2.41;0.87;0.58;0.51;0.52;0.60;0.92;3.46;2.03;0.95;0.67;0.56;0.58;0.68;1.03,tick=204903 goal=0 lap=0 last=0.0 best=0.0
319.32,1200,113.3,0.42,-0.00,16,13.704999999999993,BEND,2.49;3.04;0.96;0.64;0.57;0.56;0.66;0.98;3.76;2.12;0.91;0.64;0.52;0.51;0.61;0.93,tick=204929 goal=0 lap=0 last=0.0 best=0.0
319.58,1201,115.9,0.42,0.12,16,19.2675,BEND,2.57;2.85;0.99;0.67;0.57;0.59;0.71;1.09;3.87;1.90;0.80;0.57;0.47;0.48;0.58;0.89,tick=204955 goal=0 lap=0 last=0.0 best=0.0
319.84,1202,120.7,0.38,0.10,16,26.269999999999996,BEND,3.48;2.25;0.96;0.69;0.61;0.63;0.79;1.28;3.83;1.49;0.71;0.50;0.44;0.46;0.57;0.93,tick=204981 goal=0 lap=0 last=0.0 best=0.0
320.10,1203,124.1,0.36,0.17,32,23.291666666666664,FWD,6.00;1.75;0.90;0.70;0.61;0.67;0.85;1.59;3.62;1.17;0.62;0.47;0.43;0.48;0.60;1.05,tick=205007 goal=0 lap=0 last=0.0 best=0.0
320.36,1204,126.3,0.37,0.18,32,17.093333333333337,FWD,6.00;1.39;0.82;0.64;0.62;0.68;0.94;2.00;3.29;0.96;0.59;0.48;0.42;0.49;0.66;1.34,tick=205033 goal=0 lap=0 last=0.0 best=0.0
320.62,1205,0.0,0.39,0.14,32,11.820833333333326,FWD,6.00;1.17;0.75;0.62;0.61;0.72;0.99;2.52;2.67;0.89;0.58;0.48;0.45;0.52;0.76;1.77,tick=205059 goal=0 lap=0 last=0.0 best=0.0
320.88,1206,137.0,0.41,0.09,16,80,BEND,3.02;1.00;0.69;0.57;0.59;-1.00;1.01;5.03;2.22;0.88;0.59;0.52;0.52;0.59;0.88;2.50,tick=205085 goal=0 lap=0 last=0.0 best=0.0
321.14,1207,146.1,0.41,0.66,16,-51.096666666666664,BEND,1.39;0.70;0.54;0.50;0.53;0.69;1.25;4.59;1.50;0.78;0.62;0.56;0.61;0.77;1.36;6.00,tick=205111 goal=0 lap=0 last=0.0 best=0.0
321.40,1208,153.8,0.41,-0.37,16,-80,BEND,0.77;0.49;0.40;0.39;0.45;0.66;1.72;3.57;1.23;0.82;0.69;0.67;0.77;1.11;2.55;3.20,tick=205137 goal=0 lap=0 last=0.0 best=0.0
321.66,1209,143.2,0.35,-0.58,16,-63.283333333333346,BEND,1.10;0.50;0.35;0.32;0.31;0.40;0.66;5.45;2.41;1.15;0.85;0.75;0.76;0.94;1.54;5.09,tick=205163 goal=0 lap=0 last=0.0 best=0.0
321.92,1210,124.8,0.34,-0.44,16,-57.943333333333335,BEND,6.00;0.73;0.40;0.29;0.28;0.32;0.39;0.78;5.09;1.88;1.06;0.82;0.77;0.83;1.09;2.02,tick=205189 goal=0 lap=0 last=0.0 best=0.0
322.18,1211,111.3,0.33,-0.39,32,-44.55,FWD,3.31;1.72;0.55;0.38;0.31;0.31;0.35;0.52;1.60;3.46;1.34;0.90;0.77;0.76;0.87;1.32,tick=205215 goal=0 lap=0 last=0.0 best=0.0
322.44,1212,103.7,0.34,-0.34,16,-24.115,BEND,1.79;6.00;0.93;0.50;0.39;0.35;0.38;0.52;0.96;5.36;1.73;0.98;0.74;0.69;0.76;0.98,tick=205241 goal=0 lap=0 last=0.0 best=0.0
322.70,1213,100.5,0.36,-0.19,16,13.780833333333337,BEND,1.25;3.81;1.77;0.71;0.50;0.43;0.46;0.55;0.89;5.99;2.22;1.00;0.71;0.61;0.65;0.77,tick=205268 goal=0 lap=0 last=0.0 best=0.0
322.97,1214,88.5,0.00,0.09,16,54.87583333333334,BEND,0.97;2.82;2.59;0.91;0.63;0.56;0.55;0.65;1.01;3.92;2.13;0.87;0.61;0.52;0.53;0.64,tick=205294 goal=0 lap=0 last=0.0 best=0.0
323.23,1215,98.1,0.32,0.36,16,80,BEND,0.99;4.23;2.00;0.93;-1.00;0.61;0.64;0.83;1.43;5.96;1.31;0.65;0.48;0.43;0.47;0.58,tick=205320 goal=0 lap=0 last=0.0 best=0.0
323.49,1216,113.5,0.33,0.49,16,44.572500000000005,BEND,1.52;6.00;1.34;0.83;0.69;0.70;0.77;1.15;3.10;2.27;0.72;0.46;0.38;0.37;0.45;0.65,tick=205346 goal=0 lap=0 last=0.0 best=0.0
323.75,1217,121.3,0.30,0.30,16,-80,BEND,4.71;2.06;1.02;0.75;0.69;0.73;0.94;1.74;5.90;1.01;0.54;0.41;0.37;-1.00;0.51;0.86,tick=205372 goal=0 lap=0 last=0.0 best=0.0
324.01,1218,126.9,0.30,-0.49,16,61.98166666666666,BEND,5.82;1.95;0.99;0.75;0.68;0.74;0.97;1.80;5.81;0.97;0.51;0.41;0.37;0.40;0.50;0.92,tick=205395 goal=0 lap=0 last=0.0 best=0.0
324.27,1219,118.6,0.28,0.35,16,49.15083333333334,BEND,2.22;3.19;1.19;0.81;0.71;0.73;0.89;1.41;5.99;1.32;0.57;0.40;0.36;0.35;0.44;0.68,tick=205424 goal=0 lap=0 last=0.0 best=0.0
324.53,1220,130.2,0.27,0.28,16,44.786666666666676,BEND,5.99;1.82;0.98;0.77;0.69;0.78;1.05;2.10;4.84;0.80;0.48;0.37;0.33;0.36;0.51;0.95,tick=205450 goal=0 lap=0 last=0.0 best=0.0
324.79,1221,134.5,0.28,0.22,32,37.062499999999986,FWD,5.98;1.34;0.86;0.70;0.72;0.83;1.21;3.55;1.95;0.68;0.44;0.37;0.37;0.40;0.62;1.50,tick=205476 goal=0 lap=0 last=0.0 best=0.0
325.05,1222,143.9,0.28,0.23,32,21.752499999999994,FWD,2.62;1.08;0.76;0.67;0.70;0.87;1.42;5.99;1.34;0.62;0.44;0.40;0.41;0.51;0.82;2.86,tick=205502 goal=0 lap=0 last=0.0 best=0.0
325.31,1223,145.6,0.34,0.12,16,2.7050000000000103,BEND,1.68;0.88;0.66;0.61;0.65;0.84;1.63;6.00;1.15;0.65;0.50;0.45;0.46;0.61;1.13;5.98,tick=205528 goal=0 lap=0 last=0.0 best=0.0
325.57,1224,153.6,0.34,0.02,16,-26.17249999999999,BEND,1.31;0.71;0.58;0.51;0.58;0.78;1.62;5.67;1.21;0.70;0.55;0.53;0.58;0.77;1.44;6.00,tick=205554 goal=0 lap=0 last=0.0 best=0.0
325.83,1225,150.3,0.32,-0.17,16,-37.044166666666655,BEND,1.21;0.66;0.49;0.47;0.53;0.68;1.32;5.99;1.43;0.81;0.63;0.57;0.64;0.83;1.55;6.00,tick=205580 goal=0 lap=0 last=0.0 best=0.0
326.09,1226,143.6,0.31,-0.27,16,-44.34666666666668,BEND,1.48;0.64;0.45;0.41;0.42;0.53;0.88;6.00;2.12;1.02;0.75;0.65;0.67;0.84;1.35;4.78,tick=205606 goal=0 lap=0 last=0.0 best=0.0
326.35,1227,135.2,0.31,-0.26,16,-48.03916666666667,BEND,2.86;0.71;0.45;0.38;0.38;0.43;0.63;1.71;3.56;1.29;0.84;0.72;0.72;0.82;1.15;2.67,tick=205632 goal=0 lap=0 last=0.0 best=0.0
326.61,1228,128.9,0.29,-0.26,16,-43.29583333333333,BEND,6.00;0.92;0.50;0.38;0.37;0.39;0.51;0.98;6.00;1.74;0.98;0.77;0.71;0.76;0.99;1.81,tick=205658 goal=0 lap=0 last=0.0 best=0.0
326.87,1229,118.4,0.29,-0.26,32,-36.04916666666665,FWD,4.24;1.52;0.59;0.41;0.38;0.38;0.46;0.74;3.71;2.48;1.14;0.81;0.71;0.72;0.87;1.36,tick=205685 goal=0 lap=0 last=0.0 best=0.0
327.14,1230,111.5,0.32,-0.22,32,-20.59583333333332,FWD,2.38;3.84;0.80;0.51;0.41;0.40;0.44;0.67;1.61;3.89;1.27;0.83;0.68;0.66;0.78;1.08,tick=205711 goal=0 lap=0 last=0.0 best=0.0
327.40,1231,103.1,0.34,-0.12,16,-2.489166666666674,BEND,1.64;6.00;1.14;0.62;0.46;0.44;0.49;0.65;1.30;6.00;1.43;0.84;0.65;0.61;0.68;0.86,tick=205737 goal=0 lap=0 last=0.0 best=0.0
327.66,1232,104.0,0.35,-0.01,16,25.003333333333334,BEND,1.29;5.99;1.48;0.76;0.57;0.53;0.54;0.72;1.32;5.99;1.45;0.77;0.58;0.54;0.58;0.74,tick=205763 goal=0 lap=0 last=0.0 best=0.0
327.92,1233,106.2,0.33,0.17,16,41.10666666666666,BEND,1.20;6.00;1.59;0.84;0.64;0.60;0.65;0.85;1.64;6.00;1.17;0.65;0.51;0.46;0.50;0.64,tick=205789 goal=0 lap=0 last=0.0 best=0.0
328.18,1234,110.2,0.33,0.27,16,80,BEND,1.36;6.00;-1.00;0.82;0.68;0.65;0.74;1.03;2.45;3.10;0.86;0.53;0.43;0.41;0.46;0.62,tick=205815 goal=0 lap=0 last=0.0 best=0.0
328.44,1235,0.0,0.32,0.47,16,34.29333333333334,BEND,3.38;2.48;1.08;0.76;0.66;0.70;0.88;1.49;6.00;1.23;0.58;0.43;0.38;0.39;0.48;0.79,tick=205841 goal=0 lap=0 last=0.0 best=0.0
328.70,1236,136.4,0.30,0.18,32,33.820833333333326,FWD,5.80;1.46;0.89;0.72;0.68;0.76;1.08;2.58;2.89;0.81;0.50;0.40;0.38;0.43;0.62;1.27,tick=205867 goal=0 lap=0 last=0.0 best=0.0
328.96,1237,141.3,0.33,0.24,32,20.586666666666684,FWD,3.40;1.16;0.78;0.67;0.65;0.80;1.23;4.67;1.81;0.70;0.46;0.40;0.42;0.49;0.74;2.04,tick=205893 goal=0 lap=0 last=0.0 best=0.0
329.22,1238,147.1,0.37,0.17,16,5.388333333333332,BEND,2.12;0.96;0.68;0.62;0.66;0.79;1.35;5.99;1.45;0.70;0.51;0.43;0.47;0.59;0.97;6.00,tick=205919 goal=0 lap=0 last=0.0 best=0.0
329.48,1239,149.9,0.35,0.05,16,-15.388333333333323,BEND,1.61;0.80;0.58;0.54;0.58;0.75;1.35;5.99;1.42;0.75;0.56;0.53;0.53;0.69;1.20;6.00,tick=205945 goal=0 lap=0 last=0.0 best=0.0
329.74,1240,146.1,0.00,-0.09,16,-30.074999999999996,BEND,1.46;0.72;0.54;0.47;0.52;0.65;1.12;6.00;1.66;0.85;0.62;0.58;0.60;0.77;1.32;5.92,tick=205971 goal=0 lap=0 last=0.0 best=0.0
330.00,1241,141.8,0.33,-0.20,16,-39.1325,BEND,1.67;0.70;0.49;0.42;0.43;0.56;0.89;6.00;2.26;1.03;0.73;0.63;0.67;0.80;1.27;6.00,tick=205997 goal=0 lap=0 last=0.0 best=0.0
330.26,1242,139.7,0.34,-0.26,16,-39.28999999999999,BEND,2.66;0.76;0.50;0.43;0.39;0.47;0.65;1.71;3.64;1.27;0.81;0.69;0.67;0.80;1.13;2.79,tick=206024 goal=0 lap=0 last=0.0 best=0.0
330.53,1243,129.2,0.30,-0.21,16,-37.69916666666667,BEND,4.86;0.96;0.53;0.41;0.37;0.43;0.56;1.07;6.00;1.67;0.95;0.74;0.67;0.75;0.96;1.88,tick=206050 goal=0 lap=0 last=0.0 best=0.0
330.79,1244,125.0,0.28,-0.25,32,-29.966666666666676,FWD,5.37;1.36;0.60;0.44;0.39;0.41;0.49;0.83;6.00;2.24;1.04;0.76;0.68;0.69;0.87;1.41,tick=206076 goal=0 lap=0 last=0.0 best=0.0
331.05,1245,115.9,0.33,-0.19,32,-18.275000000000013,FWD,3.24;2.23;0.77;0.50;0.42;0.43;0.49;0.74;2.08;3.17;1.18;0.78;0.65;0.66;0.76;1.14,tick=206102 goal=0 lap=0 last=0.0 best=0.0
331.31,1246,114.0,0.35,-0.15,16,-1.9183333333333366,BEND,2.17;3.84;0.96;0.59;0.47;0.46;0.52;0.72;1.62;4.50;1.25;0.76;0.62;0.60;0.68;0.97,tick=206128 goal=0 lap=0 last=0.0 best=0.0
331.57,1247,111.4,0.37,0.03,16,12.970833333333333,BEND,1.67;4.21;1.19;0.69;0.54;0.53;0.57;0.78;1.58;5.64;1.24;0.72;0.61;0.53;0.62;0.82,tick=206154 goal=0 lap=0 last=0.0 best=0.0
331.83,1248,115.2,0.33,0.10,16,28.923333333333336,BEND,1.55;4.07;1.30;0.78;0.59;0.58;0.65;0.88;1.85;4.89;1.06;0.64;0.51;0.50;0.53;0.75,tick=206180 goal=0 lap=0 last=0.0 best=0.0
332.09,1249,114.4,0.00,0.20,16,37.27166666666667,BEND,1.78;3.57;1.25;0.78;0.66;0.64;0.73;1.05;2.57;2.92;0.86;0.54;0.44;0.44;0.50;0.72,tick=206206 goal=0 lap=0 last=0.0 best=0.0
332.35,1250,121.0,0.32,0.26,16,38.33083333333334,BEND,4.54;2.69;1.11;0.78;0.68;0.68;0.81;1.29;5.95;1.61;0.66;0.46;0.40;0.42;0.50;0.77,tick=206232 goal=0 lap=0 last=0.0 best=0.0
332.61,1251,0.0,0.00,0.24,16,37.51083333333332,BEND,4.08;1.86;0.99;0.74;0.67;0.73;0.93;1.67;5.99;1.06;0.55;0.42;0.36;0.40;0.55;0.96,tick=206258 goal=0 lap=0 last=0.0 best=0.0
332.87,1252,130.7,0.29,0.22,32,-80,FWD,3.49;1.41;0.86;0.71;0.68;0.77;1.04;2.28;3.72;0.83;0.51;-1.00;0.39;0.44;0.63;1.39,tick=206284 goal=0 lap=0 last=0.0 best=0.0
333.14,1253,136.6,0.31,-0.51,32,45.98833333333334,FWD,3.30;1.37;0.86;0.68;0.66;0.74;1.03;2.21;3.91;0.87;0.55;0.43;0.43;0.47;0.64;1.47,tick=206311 goal=0 lap=0 last=0.0 best=0.0
333.40,1254,133.5,0.34,0.33,16,26.83083333333333,BEND,3.62;1.90;0.95;0.73;0.67;0.68;0.89;1.53;6.00;1.19;0.60;0.45;0.41;0.45;0.58;0.99,tick=206337 goal=0 lap=0 last=0.0 best=0.0
333.66,1255,141.4,0.35,0.19,32,22.740833333333345,FWD,2.99;1.37;0.81;0.67;0.64;0.74;1.03;2.22;4.00;0.88;0.53;0.44;0.41;0.47;0.67;1.51,tick=206363 goal=0 lap=0 last=0.0 best=0.0
333.92,1256,139.3,0.36,0.15,50,10.54333333333333,FAST,2.44;-1.00;0.73;0.64;0.62;0.74;1.09;3.08;2.32;0.82;0.55;0.48;0.46;0.55;0.81;3.56,tick=206389 goal=0 lap=0 last=0.0 best=0.0
334.18,1257,147.4,0.41,0.12,16,-4.022500000000003,BEND,2.02;0.94;0.65;0.60;0.59;0.72;1.16;4.51;1.88;0.80;0.55;0.50;0.52;0.62;1.01;3.23,tick=206415 goal=0 lap=0 last=0.0 best=0.0
334.44,1258,149.3,0.43,-0.05,16,-20.477499999999992,BEND,1.69;0.83;0.60;0.51;0.55;0.64;1.05;4.81;1.97;0.88;0.63;0.55;0.57;0.72;1.19;-1.00,tick=206441 goal=0 lap=0 last=0.0 best=0.0
334.70,1259,141.4,0.42,-0.13,16,-35.374166666666675,BEND,1.64;0.79;0.54;0.45;0.46;0.58;0.89;2.87;2.60;1.04;0.72;0.63;0.65;0.77;1.25;2.70,tick=206467 goal=0 lap=0 last=0.0 best=0.0
334.96,1260,133.5,0.40,-0.27,16,80,BEND,1.70;0.86;-1.00;0.43;0.40;0.48;0.70;1.61;4.89;1.31;0.83;0.69;0.67;0.77;1.14;2.72,tick=206493 goal=0 lap=0 last=0.0 best=0.0
335.22,1261,138.3,0.35,0.62,16,80,BEND,1.55;0.79;0.53;-1.00;0.41;0.45;0.65;1.53;4.94;1.32;0.85;0.70;0.69;0.80;3.03;2.50,tick=206519 goal=0 lap=0 last=0.0 best=0.0
335.48,1262,153.8,0.34,0.56,16,-80,BEND,0.80;0.49;0.39;0.36;0.41;0.51;0.99;5.99;1.71;0.99;0.77;0.72;0.83;2.96;2.43;1.55,tick=206545 goal=0 lap=0 last=0.0 best=0.0
335.95,1263,159.2,0.24,-0.00,16,70,REV,0.46;0.28;0.18;0.22;0.22;0.27;0.53;6.00;2.27;1.25;0.94;0.90;1.01;2.81;2.09;1.06,tick=206592 goal=0 lap=0 last=0.0 best=0.0
336.21,1264,154.2,0.12,0.14,16,70,REV,0.34;0.21;0.17;0.13;0.18;0.26;0.46;6.00;2.18;1.25;0.97;-1.00;1.29;2.63;1.80;0.79,tick=206618 goal=0 lap=0 last=0.0 best=0.0
336.47,1265,155.1,-0.03,-0.07,16,70,REV,0.30;0.22;0.16;0.14;0.18;0.24;0.47;5.99;2.06;1.24;0.98;0.96;3.18;2.56;1.68;0.72,tick=206644 goal=0 lap=0 last=0.0 best=0.0
336.94,1266,146.1,-0.16,0.02,16,70,REV,0.51;0.29;0.24;0.20;0.20;0.27;0.42;2.61;2.76;1.35;1.00;0.92;0.97;2.88;2.22;1.26,tick=206691 goal=0 lap=0 last=0.0 best=0.0
337.20,1267,145.7,-0.15,-0.23,16,70,REV,0.63;0.34;0.25;0.23;0.22;0.28;0.46;1.91;3.06;1.38;0.99;0.88;0.92;3.01;2.42;1.43,tick=206718 goal=0 lap=0 last=0.0 best=0.0
337.47,1268,142.7,-0.14,-0.23,16,70,REV,0.92;0.43;0.29;0.25;0.23;0.28;0.38;1.04;-1.00;1.58;1.02;0.89;0.87;1.09;2.71;1.86,tick=206744 goal=0 lap=0 last=0.0 best=0.0
337.73,1269,135.4,-0.15,-0.18,16,-80,BEND,1.23;0.54;0.32;0.25;0.26;0.26;0.36;0.70;6.00;1.88;1.11;0.89;0.85;0.96;2.94;2.28,tick=206770 goal=0 lap=0 last=0.0 best=0.0
337.99,1270,128.7,-0.12,0.16,16,-80,BEND,1.43;0.61;0.32;0.28;0.23;0.26;0.33;0.63;5.98;2.06;1.17;0.89;0.85;0.94;3.08;2.45,tick=206796 goal=0 lap=0 last=0.0 best=0.0
338.25,1271,136.7,-0.04,0.08,16,-80,BEND,1.26;0.52;0.33;0.25;0.25;0.28;0.36;0.79;5.99;1.79;1.10;0.87;0.84;0.95;3.04;2.37,tick=206819 goal=0 lap=0 last=0.0 best=0.0
338.51,1272,136.0,0.01,0.00,16,-80,BEND,1.21;0.51;0.31;0.23;0.26;0.28;0.39;0.84;6.00;1.71;1.06;0.86;0.84;0.97;3.03;2.30,tick=206848 goal=0 lap=0 last=0.0 best=0.0
338.77,1273,133.9,0.04,-0.09,16,-80,BEND,1.25;0.52;0.32;0.26;0.26;0.29;0.38;0.81;5.99;1.76;1.08;0.88;0.83;0.97;3.02;2.34,tick=206874 goal=0 lap=0 last=0.0 best=0.0
339.03,1274,134.5,0.09,-0.14,32,-80,FWD,1.36;-1.00;0.34;0.28;0.25;0.26;0.37;0.68;6.00;1.95;1.13;0.88;0.83;0.94;3.04;2.44,tick=206900 goal=0 lap=0 last=0.0 best=0.0
339.29,1275,127.9,0.13,-0.22,16,-80,BEND,1.54;0.65;0.38;0.29;0.23;0.27;0.33;0.56;5.98;2.37;1.22;0.92;0.84;0.90;3.09;2.52,tick=206926 goal=0 lap=0 last=0.0 best=0.0
339.55,1276,123.0,0.17,-0.28,16,-71.00333333333332,BEND,1.81;0.91;0.43;0.31;0.27;0.27;0.30;0.47;1.48;3.69;1.42;0.98;0.85;0.85;1.11;2.68,tick=206952 goal=0 lap=0 last=0.0 best=0.0
339.81,1277,109.5,0.19,-0.25,32,-62.12583333333333,FWD,2.08;1.14;0.56;0.38;0.29;0.28;0.31;0.43;0.84;6.00;1.73;1.06;0.86;0.83;0.95;2.76,tick=206978 goal=0 lap=0 last=0.0 best=0.0
340.07,1278,106.6,0.20,-0.27,32,80,FWD,2.26;1.39;0.76;0.44;0.35;-1.00;0.36;0.43;0.71;5.33;2.29;1.16;0.85;0.77;0.84;2.83,tick=207004 goal=0 lap=0 last=0.0 best=0.0
340.33,1279,103.0,0.27,0.44,32,80,FWD,2.25;1.50;0.86;-1.00;0.41;0.36;0.39;0.50;0.76;3.06;2.59;1.14;0.81;0.72;0.78;2.78,tick=207028 goal=0 lap=0 last=0.0 best=0.0
340.59,1280,117.7,0.29,0.50,32,-80,FWD,1.65;1.04;0.69;0.48;0.42;0.45;0.51;0.70;1.60;5.20;1.30;0.82;0.68;0.68;2.79;2.31,tick=207056 goal=0 lap=0 last=0.0 best=0.0
340.85,1281,121.2,0.34,-0.58,16,-63.453333333333326,BEND,1.26;0.80;0.56;0.46;0.45;0.47;0.57;0.90;3.29;2.40;-1.00;0.73;0.66;0.96;2.44;1.90,tick=207082 goal=0 lap=0 last=0.0 best=0.0
341.11,1282,110.7,0.34,-0.47,16,-60.542500000000004,BEND,1.49;0.96;0.65;0.51;0.45;0.46;0.52;0.71;1.29;6.00;1.55;0.84;0.65;0.77;2.64;2.05,tick=207108 goal=0 lap=0 last=0.0 best=0.0
341.37,1283,93.7,0.34,0.00,32,-69.55999999999999,FWD,1.65;1.13;0.76;0.59;0.52;0.49;0.54;0.66;1.02;2.50;3.09;0.94;0.63;0.69;2.94;2.14,tick=207134 goal=0 lap=0 last=0.0 best=0.0
341.63,1284,80.6,0.36,-0.49,32,-61.68000000000002,FWD,1.75;1.28;0.90;0.70;0.58;0.57;0.58;0.71;0.94;1.59;6.00;1.17;0.62;0.63;3.63;2.30,tick=207160 goal=0 lap=0 last=0.0 best=0.0
341.89,1285,65.3,0.39,-0.44,32,-29.95416666666665,FWD,1.85;1.42;1.07;0.82;0.71;0.63;0.66;0.73;0.93;1.32;2.70;2.93;0.61;0.57;0.79;2.66,tick=207187 goal=0 lap=0 last=0.0 best=0.0
342.16,1286,55.2,0.39,-0.23,32,-80,FWD,1.97;1.49;1.20;0.95;0.81;0.74;0.74;0.83;1.01;1.35;2.11;6.00;0.52;0.48;0.64;3.29,tick=207213 goal=0 lap=0 last=0.0 best=0.0
342.42,1287,47.0,0.41,-0.62,32,-2.2724999999999973,FWD,2.20;1.55;1.25;1.07;0.91;0.88;0.87;0.94;1.07;1.37;1.88;3.77;0.49;0.43;0.52;5.54,tick=207239 goal=0 lap=0 last=0.0 best=0.0
342.68,1288,30.0,0.44,-0.04,32,28.96833333333331,FWD,3.07;1.72;1.31;1.12;1.04;0.98;0.99;1.07;1.19;1.47;1.81;2.74;0.39;0.36;0.40;4.81,tick=207265 goal=0 lap=0 last=0.0 best=0.0
342.94,1289,0.0,0.46,0.30,32,80,FWD,2.50;1.51;1.21;1.07;1.04;1.09;1.16;1.27;1.47;1.73;2.16;0.35;0.28;0.31;0.49;5.99,tick=207291 goal=0 lap=0 last=0.0 best=0.0
343.20,1290,46.1,0.46,0.73,32,11.159999999999993,FWD,1.57;1.15;1.00;1.00;1.05;1.18;1.37;1.57;1.86;2.23;0.35;0.33;0.38;0.57;2.42;3.47,tick=207317 goal=0 lap=0 last=0.0 best=0.0
343.46,1291,61.1,0.49,0.11,16,-80,BEND,1.03;0.86;0.81;0.90;1.05;1.29;1.60;1.97;2.33;0.53;0.48;0.53;0.77;1.95;5.12;1.51,tick=207343 goal=0 lap=0 last=0.0 best=0.0
343.72,1292,59.4,0.46,-0.73,16,-80,BEND,0.83;0.67;0.61;0.68;0.84;1.15;1.60;2.03;2.47;0.74;0.65;0.73;0.99;1.99;-1.00;1.37,tick=207369 goal=0 lap=0 last=0.0 best=0.0
343.98,1293,32.3,0.41,-0.66,16,-74.90833333333333,BEND,1.02;0.63;0.52;0.50;0.53;0.70;1.09;1.70;2.25;2.75;0.87;0.80;0.87;1.23;2.50;5.77,tick=207395 goal=0 lap=0 last=0.0 best=0.0
344.24,1294,14.1,0.39,-0.63,16,-53.103333333333325,BEND,2.87;0.77;0.52;0.43;0.42;0.49;0.69;1.22;2.00;2.58;1.17;0.89;0.84;0.99;1.41;3.18,tick=207421 goal=0 lap=0 last=0.0 best=0.0
344.50,1295,359.3,0.37,-0.39,32,-45.67083333333333,FWD,5.53;1.50;0.66;0.48;0.42;0.46;0.56;0.84;1.59;2.39;2.95;0.99;0.85;0.89;1.07;1.66,tick=207447 goal=0 lap=0 last=0.0 best=0.0
344.76,1296,348.0,0.36,-0.36,32,-27.23666666666667,FWD,2.40;5.98;0.95;0.60;0.46;0.46;0.52;0.74;1.34;2.29;2.90;1.08;0.87;0.80;0.90;1.22,tick=207473 goal=0 lap=0 last=0.0 best=0.0
345.02,1297,341.2,0.39,-0.26,16,-80,BEND,1.50;6.00;1.74;0.82;0.58;0.56;0.58;0.73;1.19;2.21;2.90;1.14;0.81;0.72;-1.00;0.93,tick=207499 goal=0 lap=0 last=0.0 best=0.0
345.28,1298,326.8,0.41,-0.62,16,80,BEND,0.96;1.98;6.00;1.33;0.81;0.66;0.64;0.76;1.08;1.95;2.85;1.32;0.78;0.64;0.61;0.70,tick=207525 goal=0 lap=0 last=0.0 best=0.0
345.54,1299,318.5,0.36,0.59,16,80,BEND,0.62;1.05;5.82;2.33;1.16;0.85;0.78;0.84;1.09;1.83;2.82;1.48;0.70;0.53;0.46;0.48,tick=207551 goal=0 lap=0 last=0.0 best=0.0
346.02,1300,348.9,0.28,0.00,16,-70,REV,0.81;6.00;2.27;1.27;1.02;0.95;1.07;1.48;2.53;3.31;0.66;0.38;0.29;0.28;0.33;0.41,tick=207599 goal=0 lap=0 last=0.0 best=0.0
346.28,1301,345.6,0.11,-0.14,16,-70,REV,0.62;6.00;2.59;1.37;1.06;1.00;1.06;1.45;2.53;3.37;0.63;0.37;0.26;0.25;0.27;0.34,tick=207625 goal=0 lap=0 last=0.0 best=0.0
346.54,1302,345.1,-0.04,0.06,16,-70,REV,0.54;4.00;2.86;1.44;1.11;0.99;-1.00;1.43;2.41;3.35;0.66;0.36;0.26;0.25;0.25;0.31,tick=207651 goal=0 lap=0 last=0.0 best=0.0
347.01,1303,353.5,-0.16,-0.01,16,70,REV,0.87;6.00;2.08;1.25;1.01;0.96;1.12;1.57;2.71;3.41;0.59;0.35;0.29;-1.00;0.30;0.42,tick=207698 goal=0 lap=0 last=0.0 best=0.0
347.27,1304,343.7,-0.14,-0.19,16,-70,REV,0.86;5.99;2.20;1.25;0.99;0.94;1.08;1.47;2.50;3.27;0.68;0.40;0.32;0.30;0.32;0.41,tick=207724 goal=0 lap=0 last=0.0 best=0.0
347.53,1305,345.9,-0.16,0.19,16,-70,REV,0.84;6.00;2.41;1.28;0.98;0.91;0.98;1.36;2.30;3.11;0.82;0.46;0.37;0.33;0.35;0.45,tick=207750 goal=0 lap=0 last=0.0 best=0.0
347.79,1306,349.3,-0.15,0.20,16,80,BEND,1.18;5.99;1.85;1.13;0.91;0.91;1.04;1.48;2.50;3.17;0.71;0.44;0.37;0.34;0.42;0.56,tick=207776 goal=0 lap=0 last=0.0 best=0.0
348.05,1307,348.5,-0.10,-0.16,16,-31.889166666666668,BEND,1.52;5.50;1.68;1.06;0.88;0.88;1.07;1.56;2.57;3.13;0.67;0.45;0.39;0.38;-1.00;0.64,tick=207802 goal=0 lap=0 last=0.0 best=0.0
348.31,1308,347.9,-0.04,0.02,16,80,BEND,1.32;6.00;1.78;-1.00;0.90;0.86;1.01;1.44;2.40;3.05;0.77;0.48;0.39;0.36;0.44;0.62,tick=207826 goal=0 lap=0 last=0.0 best=0.0
348.57,1309,350.6,0.01,0.04,16,80,BEND,1.36;5.99;1.73;1.10;0.86;0.86;1.01;1.45;2.40;3.06;0.77;0.48;0.40;0.37;0.43;0.61,tick=207854 goal=0 lap=0 last=0.0 best=0.0
348.83,1310,351.0,0.04,0.08,16,80,BEND,-1.00;6.00;1.69;1.06;0.88;0.87;1.02;1.48;2.48;3.07;0.76;0.48;0.40;0.38;0.45;0.64,tick=207880 goal=0 lap=0 last=0.0 best=0.0
349.09,1311,356.3,0.09,0.14,16,-79.57333333333334,BEND,1.68;4.75;1.57;1.02;0.87;0.91;1.07;1.59;2.60;3.14;0.68;0.46;-1.00;0.39;0.44;0.66,tick=207907 goal=0 lap=0 last=0.0 best=0.0
349.36,1312,358.4,0.10,-0.18,16,80,BEND,1.88;4.11;1.51;1.03;0.87;0.90;1.11;1.70;2.69;3.22;0.61;0.44;0.37;0.36;0.46;0.66,tick=207933 goal=0 lap=0 last=0.0 best=0.0
349.62,1313,354.2,0.13,0.27,16,80,BEND,1.49;5.20;1.64;1.08;0.90;0.91;1.07;1.64;2.69;3.25;0.63;0.43;0.38;0.34;0.41;0.61,tick=207959 goal=0 lap=0 last=0.0 best=0.0
349.88,1314,2.8,0.16,0.22,16,79.60333333333334,BEND,2.80;3.13;1.41;1.01;0.92;0.94;1.21;1.97;2.99;1.15;0.54;0.38;0.34;0.36;0.47;0.72,tick=207985 goal=0 lap=0 last=0.0 best=0.0
350.14,1315,6.5,0.16,0.28,16,72.44583333333331,BEND,6.00;2.16;1.22;0.97;0.90;0.99;1.38;2.43;3.26;0.79;0.46;0.36;0.32;0.38;0.49;0.92,tick=208011 goal=0 lap=0 last=0.0 best=0.0
350.40,1316,19.9,0.20,0.30,32,61.4075,FWD,4.92;1.63;1.06;0.91;0.90;1.07;1.65;2.92;3.52;0.64;0.41;0.36;0.37;0.41;0.61;1.52,tick=208037 goal=0 lap=0 last=0.0 best=0.0
350.66,1317,26.7,0.23,0.29,32,52.59666666666666,FWD,2.73;1.34;0.95;0.88;0.91;1.17;2.02;3.30;1.14;0.58;0.44;0.38;0.39;0.47;0.79;3.94,tick=208063 goal=0 lap=0 last=0.0 best=0.0
350.92,1318,33.1,0.28,0.32,32,80,FWD,1.80;1.06;0.83;-1.00;0.91;1.28;2.59;3.61;0.94;0.57;0.44;0.41;0.47;0.63;1.26;6.00,tick=208089 goal=0 lap=0 last=0.0 best=0.0
351.18,1319,48.5,0.30,0.49,16,-47.87166666666667,BEND,1.18;0.82;0.74;0.77;0.93;1.57;3.29;1.85;0.81;0.58;0.49;0.51;0.62;0.98;3.47;2.74,tick=208115 goal=0 lap=0 last=0.0 best=0.0
351.44,1320,51.1,0.32,-0.29,16,-80,BEND,0.85;0.65;0.59;0.66;0.90;1.82;3.70;1.53;0.89;0.68;0.61;0.66;0.87;1.59;6.00;1.54,tick=208141 goal=0 lap=0 last=0.0 best=0.0
351.70,1321,43.4,0.31,-0.50,16,-80,BEND,0.88;0.60;0.50;0.50;0.62;0.93;2.77;4.12;1.28;0.87;0.74;0.73;0.86;1.27;3.50;2.45,tick=208167 goal=0 lap=0 last=0.0 best=0.0
351.96,1322,22.5,0.31,-0.52,16,-59.51666666666667,BEND,1.29;0.67;0.48;0.45;0.45;0.57;1.03;3.57;2.40;1.20;0.88;0.80;0.82;1.03;1.75;6.00,tick=208193 goal=0 lap=0 last=0.0 best=0.0
352.22,1323,14.5,0.29,-0.36,16,-57.21583333333335,BEND,3.58;0.84;0.49;0.40;0.40;0.46;0.64;1.49;4.22;1.74;1.07;0.86;0.82;0.93;1.28;2.72,tick=208219 goal=0 lap=0 last=0.0 best=0.0
352.48,1324,3.3,0.30,-0.31,32,-49.879999999999995,FWD,5.99;1.26;0.60;0.43;0.39;0.42;0.55;0.86;3.65;2.61;1.28;0.94;0.82;0.86;1.07;1.74,tick=208243 goal=0 lap=0 last=0.0 best=0.0
352.74,1325,352.4,0.32,-0.31,32,-35.312499999999986,FWD,3.05;2.76;0.80;0.52;0.44;0.43;0.49;0.72;1.85;4.66;1.57;0.99;0.84;0.81;0.91;1.29,tick=208271 goal=0 lap=0 last=0.0 best=0.0
353.00,1326,343.9,0.34,-0.23,32,-10.961666666666659,FWD,1.85;6.00;1.25;0.67;0.51;0.46;0.50;0.68;1.24;4.41;-1.00;1.06;0.80;0.73;0.79;1.03,tick=208297 goal=0 lap=0 last=0.0 best=0.0
353.26,1327,340.6,0.37,-0.05,16,21.190000000000005,BEND,1.34;5.92;1.84;0.87;0.62;0.55;0.58;0.72;1.21;4.25;2.26;1.05;0.75;0.65;0.68;0.82,tick=208323 goal=0 lap=0 last=0.0 best=0.0
353.52,1328,338.9,0.38,0.14,16,50.8575,BEND,1.17;5.45;2.10;1.02;0.72;0.65;0.67;0.87;1.41;4.56;1.93;0.88;0.61;0.56;0.57;0.71,tick=208349 goal=0 lap=0 last=0.0 best=0.0
353.79,1329,348.9,0.35,0.34,16,53.279999999999994,BEND,1.28;6.00;1.70;1.00;0.77;0.74;0.79;1.07;2.16;5.22;1.16;0.65;0.50;0.47;0.52;0.68,tick=208376 goal=0 lap=0 last=0.0 best=0.0
354.05,1330,357.5,0.33,0.36,16,50.427499999999995,BEND,2.32;3.31;1.31;0.91;0.78;0.80;0.95;1.47;4.48;2.00;0.75;0.49;0.41;0.44;0.50;0.78,tick=208402 goal=0 lap=0 last=0.0 best=0.0
354.31,1331,8.8,0.33,0.31,32,46.8525,FWD,6.00;1.95;1.08;0.86;0.78;0.85;1.14;2.13;5.54;1.09;0.57;0.43;0.39;0.43;0.56;1.06,tick=208428 goal=0 lap=0 last=0.0 best=0.0
354.57,1332,14.8,0.34,0.31,32,35.06000000000002,FWD,4.12;1.40;0.92;0.79;0.79;0.91;1.33;3.96;2.58;0.80;0.53;0.42;0.42;0.49;0.71;1.83,tick=208454 goal=0 lap=0 last=0.0 best=0.0
354.83,1333,27.5,0.36,0.27,32,80,FWD,2.17;1.08;0.78;0.72;-1.00;0.96;1.64;5.56;1.50;0.71;0.51;0.46;0.49;0.60;1.01;5.98,tick=208480 goal=0 lap=0 last=0.0 best=0.0
355.09,1334,0.0,0.41,0.64,16,-46.65583333333332,BEND,1.23;0.78;0.65;0.63;0.72;1.08;2.68;3.81;1.07;0.67;0.57;0.54;0.62;0.88;2.13;4.07,tick=208506 goal=0 lap=0 last=0.0 best=0.0
355.35,1335,50.3,0.41,-0.34,16,-80,BEND,0.76;0.55;0.53;0.52;0.67;1.15;5.55;2.23;1.05;0.77;0.69;0.71;0.88;1.45;5.99;1.55,tick=208532 goal=0 lap=0 last=0.0 best=0.0
355.61,1336,34.3,0.35,-0.61,16,-80,BEND,0.84;0.51;0.42;0.39;0.46;0.62;1.30;6.00;1.75;1.04;0.82;0.79;0.87;1.20;2.45;4.27,tick=208558 goal=0 lap=0 last=0.0 best=0.0
355.87,1337,18.0,0.35,-0.57,16,-66.32833333333332,BEND,1.82;0.61;0.41;0.35;0.33;0.40;0.59;1.54;5.99;1.59;1.03;0.86;0.85;1.00;1.42;3.58,tick=208584 goal=0 lap=0 last=0.0 best=0.0
356.13,1338,0.5,0.34,-0.43,32,-59.76916666666666,FWD,6.00;1.09;0.50;0.35;0.33;0.34;0.41;0.70;3.52;3.05;1.36;0.97;0.85;0.88;1.09;1.74,tick=208610 goal=0 lap=0 last=0.0 best=0.0
356.39,1339,349.2,0.33,-0.42,32,-38.457499999999996,FWD,2.42;4.61;0.77;0.47;0.37;0.37;0.40;0.56;1.17;6.00;1.85;1.06;0.84;0.78;0.88;1.18,tick=208636 goal=0 lap=0 last=0.0 best=0.0
356.65,1340,338.7,0.36,-0.28,16,-2.3158333333333356,BEND,1.40;4.99;1.62;0.72;0.52;0.44;0.45;0.57;0.90;3.64;2.90;1.19;0.85;0.72;0.73;0.89,tick=208662 goal=0 lap=0 last=0.0 best=0.0
356.91,1341,332.9,0.00,0.00,16,-80,BEND,1.01;2.58;3.05;1.00;0.67;0.55;0.54;0.62;0.96;2.58;3.87;1.14;-1.00;0.61;0.61;0.70,tick=208688 goal=0 lap=0 last=0.0 best=0.0
357.17,1342,326.5,0.36,-0.60,16,80,BEND,0.72;1.44;6.00;1.49;0.88;0.70;0.66;0.74;0.99;2.04;6.00;1.15;0.66;0.50;0.49;0.52,tick=208714 goal=0 lap=0 last=0.0 best=0.0
357.64,1343,325.2,0.27,-0.01,16,-70,REV,0.40;0.85;6.00;1.83;1.15;0.92;0.89;1.02;1.42;3.16;-1.00;0.54;0.32;0.28;0.26;0.29,tick=208762 goal=0 lap=0 last=0.0 best=0.0
357.91,1344,322.7,0.13,-0.14,16,-70,REV,0.28;0.56;6.00;2.13;1.26;0.99;0.94;1.04;1.46;2.99;4.02;0.45;0.27;0.21;0.19;0.19,tick=208785 goal=0 lap=0 last=0.0 best=0.0
358.17,1345,321.4,0.00,0.06,16,-70,REV,0.24;0.46;6.00;2.31;1.32;1.04;0.96;1.06;1.41;2.81;5.99;0.43;0.24;0.18;0.17;0.18,tick=208814 goal=0 lap=0 last=0.0 best=0.0
358.64,1346,331.9,-0.14,0.01,16,-70,REV,0.42;1.00;5.51;1.71;1.10;0.95;0.90;1.07;1.56;4.07;1.63;0.46;0.30;0.23;0.25;0.27,tick=208861 goal=0 lap=0 last=0.0 best=0.0
358.90,1347,333.3,-0.14,0.22,16,-70,REV,0.51;1.41;4.12;1.51;1.02;0.86;0.88;1.05;1.57;4.79;1.51;0.52;0.33;0.29;0.29;0.33,tick=208887 goal=0 lap=0 last=0.0 best=0.0
359.16,1348,343.0,-0.14,0.22,16,-70,REV,0.70;3.43;2.59;1.25;0.91;0.82;0.85;1.08;1.83;6.00;1.09;0.52;0.37;0.33;0.34;0.41,tick=208913 goal=0 lap=0 last=0.0 best=0.0
359.42,1349,346.1,-0.15,0.00,16,80,BEND,0.98;5.98;1.88;1.07;0.83;0.80;0.88;1.17;2.25;5.98;0.89;0.52;0.40;0.35;0.40;0.49,tick=208939 goal=0 lap=0 last=0.0 best=0.0
359.68,1350,345.5,-0.12,-0.17,16,80,BEND,1.21;5.99;1.65;1.00;0.80;0.74;0.88;1.18;2.53;5.34;0.88;0.51;0.41;0.40;0.44;0.58,tick=208965 goal=0 lap=0 last=0.0 best=0.0
359.94,1351,348.2,-0.05,-0.04,16,80,BEND,1.03;5.99;1.89;1.04;0.79;0.74;0.80;1.09;2.01;6.00;1.06;0.58;0.41;0.38;0.43;0.54,tick=208991 goal=0 lap=0 last=0.0 best=0.0
360.20,1352,348.2,0.00,0.01,16,80,BEND,0.98;6.00;1.99;1.05;0.80;0.75;0.81;1.04;1.89;5.99;1.13;0.59;0.44;0.42;0.44;0.55,tick=209017 goal=0 lap=0 last=0.0 best=0.0
360.46,1353,345.5,0.05,0.07,16,80,BEND,1.01;6.00;1.91;1.04;0.81;0.75;0.81;1.06;2.00;6.00;1.07;0.56;0.44;0.40;0.41;0.57,tick=209043 goal=0 lap=0 last=0.0 best=0.0
