0.23,1,220.2,-0.01,0.03,16,-85,BEND,1.01;0.37;0.26;0.22;0.21;0.26;0.41;1.26;3.15;1.22;0.83;0.71;0.70;0.83;1.29;3.97,tick=149201 goal=0 lap=0 last=0.0 best=0.0
0.51,2,225.5,0.04,-0.04,16,-85,BEND,1.03;0.39;0.27;0.22;0.20;0.27;0.41;1.25;3.22;1.21;0.82;0.70;0.71;0.86;1.30;3.90,tick=149229 goal=0 lap=0 last=0.0 best=0.0
0.79,3,214.3,0.06,-0.12,16,-85,BEND,1.23;0.39;0.28;0.20;0.22;0.26;0.37;0.98;4.00;1.31;0.86;0.70;0.70;0.83;1.21;3.21,tick=149257 goal=0 lap=0 last=0.0 best=0.0
1.07,4,213.5,0.11,-0.15,16,-85,BEND,2.18;0.45;0.28;0.22;0.20;0.25;0.33;0.73;6.00;1.49;0.91;0.74;0.71;0.81;1.10;2.42,tick=149283 goal=0 lap=0 last=0.0 best=0.0
1.35,5,205.8,0.12,-0.21,16,-85,BEND,6.00;0.57;0.28;0.21;0.19;0.23;0.28;0.53;6.00;1.89;1.01;0.75;0.71;0.77;0.99;1.79,tick=149314 goal=0 lap=0 last=0.0 best=0.0
1.63,6,197.1,0.16,-0.25,20,-48.759999999999984,FWD,4.79;0.87;0.35;0.25;0.20;0.22;0.26;0.41;1.45;2.87;1.15;0.83;0.70;0.70;0.89;1.37,tick=149342 goal=0 lap=0 last=0.0 best=0.0
1.91,7,189.4,0.17,-0.17,30,-47.01,FWD,2.51;2.01;0.49;0.30;0.23;-1.00;0.27;0.38;0.85;5.86;1.38;0.87;0.69;0.70;0.79;1.11,tick=149370 goal=0 lap=0 last=0.0 best=0.0
2.20,8,182.6,0.22,-0.22,20,-37.24,FWD,1.74;6.00;0.67;0.37;0.29;0.26;0.30;0.40;0.73;6.00;1.63;0.91;0.69;0.65;0.70;0.92,tick=149398 goal=0 lap=0 last=0.0 best=0.0
2.48,9,179.3,0.27,-0.18,16,-22.56,BEND,1.24;5.85;1.11;0.51;0.36;0.32;0.34;0.41;0.68;3.27;2.06;0.94;0.68;0.60;0.61;0.76,tick=149426 goal=0 lap=0 last=0.0 best=0.0
2.76,10,175.7,0.27,-0.13,16,45.08,BEND,0.92;2.70;1.99;0.71;0.48;0.41;0.40;0.47;0.71;2.09;2.56;0.92;0.62;0.53;0.53;0.63,tick=149454 goal=0 lap=0 last=0.0 best=0.0
3.04,11,169.7,0.25,0.23,16,58.12,BEND,0.81;2.28;2.40;0.84;0.57;0.48;0.50;0.58;0.88;2.54;2.13;0.80;0.51;0.45;0.46;0.52,tick=149482 goal=0 lap=0 last=0.0 best=0.0
3.32,12,181.4,0.26,0.28,16,68.28,BEND,0.87;5.97;1.62;0.81;0.62;0.54;0.60;0.74;1.31;6.00;1.08;0.54;0.41;0.38;0.40;0.48,tick=149510 goal=0 lap=0 last=0.0 best=0.0
3.60,13,191.8,0.28,0.36,16,78.03999999999999,BEND,1.22;4.54;1.19;0.76;0.61;0.59;0.70;0.98;2.35;2.34;0.63;0.42;0.30;0.33;0.34;0.54,tick=149538 goal=0 lap=0 last=0.0 best=0.0
3.88,14,204.6,0.26,0.38,16,81.48,BEND,4.37;1.95;0.95;0.70;0.61;0.67;0.83;1.41;6.00;0.90;0.44;0.34;0.28;0.30;0.38;0.66,tick=149566 goal=0 lap=0 last=0.0 best=0.0
4.16,15,218.8,0.26,0.45,30,23.900000000000002,FWD,3.42;1.14;0.75;0.63;0.61;0.73;1.09;2.94;1.67;0.57;0.36;0.29;0.31;0.35;0.53;1.45,tick=149592 goal=0 lap=0 last=0.0 best=0.0
4.44,16,222.3,0.28,0.12,20,23.544999999999995,FWD,1.58;0.83;0.62;0.57;0.62;0.81;1.40;5.99;0.98;0.50;0.39;0.32;0.36;0.47;0.86;6.00,tick=149622 goal=0 lap=0 last=0.0 best=0.0
4.72,17,229.5,0.31,0.14,16,6.480000000000001,BEND,1.17;0.67;0.54;0.50;0.54;0.74;1.52;5.98;0.96;0.56;0.45;0.42;0.46;0.59;1.24;6.00,tick=149650 goal=0 lap=0 last=0.0 best=0.0
5.00,18,231.6,0.31,0.05,16,-59.56,BEND,0.87;0.56;0.42;0.42;0.49;0.68;1.53;4.29;1.01;0.61;0.53;0.48;0.55;0.79;1.79;3.80,tick=149678 goal=0 lap=0 last=0.0 best=0.0
5.28,19,232.1,0.30,-0.31,16,-72.92,BEND,0.79;0.46;0.37;0.35;0.38;0.51;1.07;5.98;1.30;0.77;0.62;0.58;0.66;0.87;1.72;5.38,tick=149707 goal=0 lap=0 last=0.0 best=0.0
5.56,20,215.3,0.29,-0.45,16,-82.84,BEND,1.24;0.51;0.34;0.29;0.30;0.35;0.54;1.88;2.66;1.06;0.73;0.64;0.66;0.76;1.21;4.05,tick=149735 goal=0 lap=0 last=0.0 best=0.0
5.84,21,203.5,0.29,-0.45,16,-83.72,BEND,6.00;0.74;0.38;0.27;0.28;0.30;0.38;0.67;6.00;1.72;0.93;0.69;0.63;0.70;0.90;1.65,tick=149763 goal=0 lap=0 last=0.0 best=0.0
6.12,22,187.9,0.27,-0.46,20,-25.425,FWD,2.28;2.54;0.60;0.40;0.29;0.29;0.32;0.47;1.10;5.17;1.25;0.80;0.65;0.62;0.71;1.00,tick=149791 goal=0 lap=0 last=0.0 best=0.0
6.41,23,179.7,0.28,-0.13,16,-19.679999999999996,BEND,1.25;6.00;1.17;0.55;0.39;0.34;0.39;0.48;0.77;4.48;1.82;0.86;0.65;0.58;0.59;0.73,tick=149819 goal=0 lap=0 last=0.0 best=0.0
6.69,24,177.2,0.29,-0.10,16,51.64,BEND,0.93;3.17;1.85;0.75;0.51;0.44;0.45;0.54;0.82;2.83;2.06;0.83;0.55;0.48;0.49;0.58,tick=149847 goal=0 lap=0 last=0.0 best=0.0
6.97,25,177.1,0.29,0.29,16,64.12,BEND,0.80;2.86;2.09;0.86;0.59;0.52;0.53;0.64;1.02;-1.00;1.61;0.67;0.47;0.41;0.41;0.51,tick=149875 goal=0 lap=0 last=0.0 best=0.0
7.25,26,185.5,0.27,0.36,16,75.47999999999999,BEND,0.95;6.00;1.41;0.80;0.63;0.58;0.64;0.86;1.67;5.99;0.78;0.46;0.35;0.32;0.38;0.48,tick=149903 goal=0 lap=0 last=0.0 best=0.0
7.53,27,197.5,0.28,0.44,16,83.32000000000001,BEND,2.01;2.55;1.05;0.74;0.64;0.67;0.78;1.18;4.26;1.22;0.50;0.35;0.29;0.28;0.36;0.57,tick=149931 goal=0 lap=0 last=0.0 best=0.0
7.81,28,208.6,0.26,0.49,20,23.744999999999997,FWD,6.00;1.35;0.82;0.66;0.63;0.70;0.97;2.11;3.16;0.61;0.37;0.31;0.30;0.30;0.46;0.96,tick=149959 goal=0 lap=0 last=0.0 best=0.0
8.09,29,221.1,0.28,0.16,20,25.749999999999996,FWD,2.10;0.95;0.67;0.61;0.61;0.76;1.24;5.74;1.13;0.51;0.36;0.34;0.34;0.42;0.66;3.15,tick=149987 goal=0 lap=0 last=0.0 best=0.0
8.37,30,227.0,0.28,0.14,16,13.600000000000003,BEND,1.51;0.78;0.59;0.54;0.58;0.75;1.34;6.00;1.05;0.53;0.39;0.37;0.42;0.52;0.93;5.63,tick=150015 goal=0 lap=0 last=0.0 best=0.0
8.65,31,231.3,0.29,0.09,16,4.4799999999999995,BEND,1.16;0.66;0.50;0.49;0.53;0.70;1.38;5.98;1.02;0.59;0.47;0.44;0.48;0.63;1.26;6.00,tick=150043 goal=0 lap=0 last=0.0 best=0.0
8.93,32,229.9,0.30,0.03,16,-63.160000000000004,BEND,0.91;0.56;0.44;0.41;0.46;0.62;1.30;6.00;1.12;0.67;0.53;0.51;0.57;0.78;1.62;5.98,tick=150071 goal=0 lap=0 last=0.0 best=0.0
9.21,33,230.1,0.28,-0.37,16,-72.84,BEND,0.87;0.48;0.35;0.35;0.36;0.49;0.95;6.00;1.43;0.81;0.62;0.57;0.62;0.83;1.55;6.00,tick=150099 goal=0 lap=0 last=0.0 best=0.0
9.49,34,216.2,0.26,-0.42,16,-83.32000000000001,BEND,1.50;0.54;0.34;0.28;0.31;0.34;0.52;1.55;3.10;1.12;0.75;0.64;0.65;0.75;1.12;3.43,tick=150128 goal=0 lap=0 last=0.0 best=0.0
9.77,35,206.4,0.25,-0.45,20,-27.849999999999994,FWD,5.45;0.83;-1.00;0.33;0.28;0.32;0.39;0.69;5.99;1.81;0.91;0.69;0.63;0.67;0.86;1.53,tick=150156 goal=0 lap=0 last=0.0 best=0.0
10.05,36,190.0,0.27,-0.18,30,-28.964999999999996,FWD,2.78;1.86;0.57;0.40;0.32;0.32;0.36;0.52;1.35;3.77;1.15;0.75;0.62;0.62;0.69;1.05,tick=150184 goal=0 lap=0 last=0.0 best=0.0
10.33,37,188.9,0.29,-0.13,20,-20.180000000000003,FWD,1.89;5.79;0.78;0.46;0.34;0.34;0.39;0.55;1.13;6.00;1.25;0.73;0.59;0.56;0.65;0.90,tick=150212 goal=0 lap=0 last=0.0 best=0.0
10.62,38,181.6,0.31,-0.14,16,-7.359999999999998,BEND,1.27;4.95;1.11;0.60;0.44;0.40;0.45;0.58;1.05;6.00;1.36;0.74;0.56;0.49;0.55;0.70,tick=150240 goal=0 lap=0 last=0.0 best=0.0
10.90,39,179.8,0.32,-0.05,16,60.28,BEND,0.97;4.05;1.52;0.77;0.55;0.50;0.52;0.63;1.12;6.00;1.35;0.65;0.46;0.43;0.45;0.56,tick=150268 goal=0 lap=0 last=0.0 best=0.0
11.18,40,182.6,0.30,0.36,16,72.12,BEND,0.91;4.33;1.51;0.82;0.61;0.56;0.62;0.78;1.41;5.99;0.96;0.50;0.39;0.35;0.37;0.48,tick=150296 goal=0 lap=0 last=0.0 best=0.0
11.46,41,196.2,0.29,0.45,16,80.2,BEND,1.73;2.76;1.08;0.73;0.64;0.61;0.75;1.11;3.29;1.49;-1.00;-1.00;0.30;0.33;0.35;0.56,tick=150324 goal=0 lap=0 last=0.0 best=0.0
11.74,42,208.6,0.29,0.46,20,22.099999999999994,FWD,4.58;1.39;0.84;0.65;0.60;0.69;0.95;1.93;4.70;0.68;0.40;0.31;0.30;0.33;0.44;0.92,tick=150352 goal=0 lap=0 last=0.0 best=0.0
12.02,43,220.6,0.28,0.12,20,29.22,FWD,2.14;0.96;0.69;0.60;0.60;0.73;1.17;4.33;1.26;0.52;0.38;0.30;0.34;0.40;0.66;2.48,tick=150380 goal=0 lap=0 last=0.0 best=0.0
12.30,44,220.8,0.30,0.21,20,15.430000000000007,FWD,1.57;0.80;0.59;0.54;0.59;0.74;1.26;6.00;1.11;0.55;0.41;0.36;0.39;0.50;0.86;3.35,tick=150408 goal=0 lap=0 last=0.0 best=0.0
12.58,45,229.3,0.29,0.10,16,1.519999999999997,BEND,1.14;0.65;0.53;0.47;0.53;0.71;1.33;6.00;1.07;0.60;0.47;0.45;0.47;0.62;1.25;4.03,tick=150436 goal=0 lap=0 last=0.0 best=0.0
12.86,46,231.6,0.28,0.01,16,-63.08,BEND,0.90;0.54;0.44;0.41;0.46;0.61;1.25;6.00;1.16;0.68;0.54;0.51;0.56;0.77;1.63;4.12,tick=150464 goal=0 lap=0 last=0.0 best=0.0
13.14,47,223.2,0.29,-0.38,20,-18.819999999999997,FWD,0.85;-1.00;0.35;0.32;0.36;0.48;0.86;6.00;1.53;0.82;0.62;0.57;0.65;0.84;1.57;3.75,tick=150492 goal=0 lap=0 last=0.0 best=0.0
13.42,48,220.9,0.29,-0.12,16,-82.76,BEND,1.07;0.48;0.34;0.29;0.30;0.35;0.55;1.83;2.73;1.06;0.74;0.64;0.66;0.78;1.23;2.74,tick=150520 goal=0 lap=0 last=0.0 best=0.0
13.70,49,211.3,0.29,-0.53,16,-85,BEND,3.87;0.52;0.33;0.28;0.25;0.29;0.41;0.89;6.00;1.38;0.85;0.68;0.68;0.75;1.07;2.09,tick=150548 goal=0 lap=0 last=0.0 best=0.0
13.98,50,196.6,0.29,-0.52,30,-33.2,FWD,2.51;1.01;0.44;0.31;0.25;0.26;0.32;0.50;1.53;3.04;1.13;0.77;0.68;0.67;0.83;1.27,tick=150577 goal=0 lap=0 last=0.0 best=0.0
14.26,51,179.5,0.29,-0.20,20,-28.354999999999997,FWD,1.55;3.16;0.73;0.42;-1.00;0.31;0.33;0.44;0.83;6.00;1.56;0.86;0.67;0.61;0.68;0.88,tick=150605 goal=0 lap=0 last=0.0 best=0.0
14.54,52,177.6,0.31,-0.22,16,-12.480000000000002,BEND,1.12;2.33;3.73;0.57;0.42;0.37;0.41;0.49;0.83;3.60;1.85;0.86;0.60;0.53;0.56;0.69,tick=150633 goal=0 lap=0 last=0.0 best=0.0
14.82,53,171.8,0.32,-0.10,16,55.16,BEND,0.86;1.73;3.35;0.77;0.55;0.46;0.47;0.56;0.88;2.63;2.09;0.76;0.51;0.46;0.45;0.56,tick=150661 goal=0 lap=0 last=0.0 best=0.0
15.10,54,175.2,0.32,0.34,16,70.52000000000001,BEND,0.70;1.54;3.23;0.89;0.60;0.55;0.56;0.73;1.14;3.91;1.40;0.57;0.42;0.36;0.38;0.46,tick=150689 goal=0 lap=0 last=0.0 best=0.0
15.39,55,186.7,0.30,0.38,16,80.84,BEND,0.81;2.20;3.44;0.82;0.65;0.62;0.71;0.97;1.98;4.54;0.62;0.38;0.30;0.30;0.33;0.45,tick=150717 goal=0 lap=0 last=0.0 best=0.0
15.67,56,200.0,0.30,0.47,16,85,BEND,1.26;2.94;3.50;0.73;0.64;0.68;0.85;1.48;6.00;0.79;0.42;0.29;0.26;0.28;0.35;0.53,tick=150745 goal=0 lap=0 last=0.0 best=0.0
15.95,57,217.6,0.30,0.50,20,28.740000000000002,FWD,2.33;3.27;0.84;0.65;0.65;0.77;1.20;3.25;1.33;0.48;0.32;0.27;0.28;0.31;0.43;0.85,tick=150773 goal=0 lap=0 last=0.0 best=0.0
16.23,58,228.4,0.28,0.17,30,26.305,FWD,2.85;3.21;0.64;0.59;0.64;0.84;1.62;6.00;0.80;0.44;0.35;0.31;0.31;0.42;0.64;1.46,tick=150801 goal=0 lap=0 last=0.0 best=0.0
16.51,59,235.8,0.30,0.13,30,11.870000000000001,FWD,2.82;1.48;0.59;0.52;0.59;0.81;1.87;3.98;0.83;0.48;0.40;-1.00;0.38;0.51;0.80;1.86,tick=150829 goal=0 lap=0 last=0.0 best=0.0
16.79,60,234.4,0.35,0.07,30,-2.6800000000000006,FWD,2.72;1.15;0.54;0.45;0.50;0.72;2.07;2.71;0.89;0.58;0.46;0.45;0.48;0.62;1.01;1.99,tick=150857 goal=0 lap=0 last=0.0 best=0.0
17.07,61,242.2,0.35,-0.01,30,-12.584999999999999,FWD,2.55;1.17;0.49;0.40;0.40;0.56;1.77;2.92;1.08;0.69;0.56;0.52;0.58;0.71;1.14;1.98,tick=150885 goal=0 lap=0 last=0.0 best=0.0
17.35,62,238.9,0.40,-0.07,45,-26.154999999999994,FWD,2.31;2.57;0.56;0.40;0.34;0.42;0.87;4.13;1.32;0.84;0.66;0.59;0.63;0.78;1.14;1.82,tick=150913 goal=0 lap=0 last=0.0 best=0.0
17.63,63,233.2,0.43,-0.22,45,-24.1,FWD,2.01;2.26;0.73;0.46;0.40;0.40;0.52;6.00;1.76;1.03;0.78;0.67;0.68;0.79;1.07;1.55,tick=150941 goal=0 lap=0 last=0.0 best=0.0
17.91,64,225.5,0.51,-0.25,30,-21.569999999999993,FWD,1.67;1.93;2.24;0.63;0.49;0.45;0.51;0.76;2.63;1.33;0.91;0.71;0.70;0.76;0.93;1.26,tick=150969 goal=0 lap=0 last=0.0 best=0.0
18.19,65,218.5,0.51,-0.23,20,-4.565000000000008,FWD,1.23;-1.00;1.81;2.48;0.67;0.58;0.60;0.74;4.50;1.71;1.05;0.78;0.67;0.70;0.79;0.96,tick=150997 goal=0 lap=0 last=0.0 best=0.0
18.47,66,211.3,0.49,-0.05,16,65.16,BEND,0.89;1.19;1.49;1.85;3.59;0.74;0.73;0.85;6.00;2.08;1.11;0.77;0.64;0.62;0.61;0.71,tick=151025 goal=0 lap=0 last=0.0 best=0.0
18.75,67,217.7,0.47,0.59,16,85,BEND,0.65;0.95;1.28;1.72;3.93;0.93;0.91;1.12;4.64;1.76;0.91;0.64;0.52;0.47;0.48;0.54,tick=151054 goal=0 lap=0 last=0.0 best=0.0
19.03,68,237.2,0.41,0.00,16,85,BEND,0.67;0.90;1.32;2.62;2.30;0.99;1.17;5.97;2.01;0.99;0.64;0.43;0.40;0.38;0.37;0.46,tick=151082 goal=0 lap=0 last=0.0 best=0.0
19.31,69,262.4,0.40,0.00,16,85,BEND,0.64;0.99;1.88;4.82;1.11;1.16;1.95;2.37;1.18;0.66;0.44;0.34;0.31;0.30;0.36;0.47,tick=151110 goal=0 lap=0 last=0.0 best=0.0
19.59,70,285.3,0.37,0.66,16,85,BEND,0.73;1.28;6.00;1.43;1.04;1.58;2.89;1.47;0.84;0.54;0.35;0.31;0.31;0.33;0.34;0.46,tick=151138 goal=0 lap=0 last=0.0 best=0.0
19.87,71,302.9,0.34,0.61,16,85,BEND,0.91;5.98;1.80;1.10;1.20;3.54;1.92;1.19;0.71;0.46;0.39;0.30;0.28;0.29;0.38;0.53,tick=151166 goal=0 lap=0 last=0.0 best=0.0
20.16,72,318.0,0.33,0.54,16,85,BEND,5.04;2.19;1.17;0.97;1.92;2.46;1.54;1.02;0.65;0.46;0.34;0.29;0.31;0.35;0.44;0.70,tick=151194 goal=0 lap=0 last=0.0 best=0.0
20.44,73,342.5,0.33,0.54,30,57.77999999999999,FWD,2.74;1.22;0.89;0.99;2.99;1.92;1.33;0.90;-1.00;0.44;0.37;0.37;0.34;0.41;0.61;2.10,tick=151222 goal=0 lap=0 last=0.0 best=0.0
20.72,74,355.2,0.32,0.40,20,70,FWD,1.30;0.85;0.74;3.65;2.41;1.72;1.30;0.94;0.66;0.52;0.43;0.42;0.45;0.61;1.37;4.76,tick=151250 goal=0 lap=0 last=0.0 best=0.0
21.00,75,4.6,0.00,0.46,16,-25,BEND,0.80;0.63;0.63;2.94;2.11;1.66;1.27;1.00;0.74;0.58;0.51;0.54;0.66;1.16;6.00;1.44,tick=151278 goal=0 lap=0 last=0.0 best=0.0
21.28,76,19.5,0.34,-0.20,16,-25,BEND,0.51;0.45;0.48;2.60;2.00;1.67;1.36;1.07;0.86;0.68;0.65;0.71;1.02;2.59;2.45;0.77,tick=151306 goal=0 lap=0 last=0.0 best=0.0
21.56,77,9.1,0.32,-0.15,-45,70,REV,0.37;0.28;0.29;0.35;2.20;1.85;1.65;1.40;1.10;0.87;0.77;0.86;1.14;2.33;3.96;0.60,tick=151334 goal=0 lap=0 last=0.0 best=0.0
21.84,78,13.5,0.24,0.29,-45,70,REV,0.19;0.16;0.15;0.17;0.25;1.97;1.79;1.58;1.27;0.98;0.88;0.96;1.31;2.66;1.93;0.32,tick=151362 goal=0 lap=0 last=0.0 best=0.0
22.12,79,19.1,-0.01,-0.06,-45,70,REV,0.11;0.11;0.11;0.10;0.19;1.98;1.82;1.56;1.24;1.00;0.97;1.11;1.60;4.16;0.45;0.17,tick=151390 goal=0 lap=0 last=0.0 best=0.0
22.40,80,14.8,-0.13,-0.24,-45,70,REV,0.16;0.14;0.14;0.16;0.22;1.97;1.80;-1.00;1.27;0.99;0.91;1.01;1.41;3.15;0.95;0.27,tick=151418 goal=0 lap=0 last=0.0 best=0.0
22.68,81,3.8,-0.17,-0.19,-45,70,REV,0.27;0.20;0.18;0.21;0.32;1.98;1.78;1.53;1.26;0.98;0.85;0.91;1.15;2.10;6.00;0.48,tick=151446 goal=0 lap=0 last=0.0 best=0.0
22.96,82,2.7,-0.16,-0.24,-45,70,REV,0.39;0.28;0.26;0.27;0.38;1.99;1.75;1.53;1.25;0.98;0.82;0.82;1.00;1.56;5.73;0.87,tick=151474 goal=0 lap=0 last=0.0 best=0.0
23.24,83,352.5,-0.16,-0.21,16,-85,BEND,0.54;0.36;0.31;0.33;0.41;2.05;1.78;1.52;1.28;1.04;0.84;0.78;0.85;1.22;2.92;1.82,tick=151503 goal=0 lap=0 last=0.0 best=0.0
23.52,84,350.1,-0.12,0.20,16,-84.6,BEND,0.72;0.42;0.36;0.37;0.49;2.03;1.73;1.47;1.25;0.98;0.81;0.74;0.77;1.08;2.29;3.63,tick=151531 goal=0 lap=0 last=0.0 best=0.0
23.80,85,351.0,-0.06,0.05,16,-79.64,BEND,0.64;0.46;0.39;0.41;2.47;1.91;1.61;1.35;1.12;0.91;0.76;0.72;0.81;1.15;2.97;1.94,tick=151559 goal=0 lap=0 last=0.0 best=0.0
24.08,86,355.6,0.01,0.01,16,-78.6,BEND,0.62;0.45;0.39;0.43;2.43;1.88;1.58;1.32;1.09;0.90;0.75;0.73;0.80;1.18;3.25;1.75,tick=151587 goal=0 lap=0 last=0.0 best=0.0
24.37,87,355.8,0.06,-0.12,16,-79.64,BEND,0.67;0.43;0.39;0.41;2.49;1.91;1.63;1.37;1.13;0.94;0.76;0.72;0.79;1.15;2.93;1.95,tick=151615 goal=0 lap=0 last=0.0 best=0.0
24.65,88,347.4,0.09,-0.12,16,-85,BEND,0.68;0.43;0.35;0.35;0.56;2.00;1.71;1.45;1.24;0.97;0.79;0.73;0.80;1.09;2.40;3.04,tick=151643 goal=0 lap=0 last=0.0 best=0.0
24.93,89,345.2,0.13,-0.21,16,-85,BEND,0.74;0.44;0.34;0.33;0.41;2.20;1.81;1.56;1.34;1.05;0.85;0.76;0.79;1.01;1.88;5.99,tick=151671 goal=0 lap=0 last=0.0 best=0.0
25.21,90,0.0,0.16,-0.24,16,-85,BEND,0.96;0.45;0.33;0.29;0.32;0.45;1.99;1.70;1.47;1.19;0.96;0.78;0.77;0.95;1.49;5.99,tick=151699 goal=0 lap=0 last=0.0 best=0.0
25.49,91,331.1,0.17,0.00,16,-85,BEND,1.88;0.52;0.35;0.28;0.27;0.33;2.19;1.90;1.67;1.38;1.07;0.85;0.78;0.89;1.22;2.82,tick=151727 goal=0 lap=0 last=0.0 best=0.0
25.77,92,315.8,0.17,-0.31,16,-85,BEND,6.00;0.70;0.35;0.29;0.27;0.29;0.39;2.12;1.87;1.57;1.23;0.91;0.78;0.81;1.02;1.80,tick=151755 goal=0 lap=0 last=0.0 best=0.0
26.05,93,310.2,0.18,-0.35,30,-47.925,FWD,3.31;1.46;0.48;0.32;0.26;0.28;0.33;0.54;2.10;1.81;1.42;1.02;0.78;0.77;0.88;1.29,tick=151783 goal=0 lap=0 last=0.0 best=0.0
26.33,94,301.4,0.23,-0.20,20,-39.72,FWD,1.83;6.00;0.75;0.42;0.32;0.30;0.32;0.46;2.31;2.05;1.65;1.12;0.79;0.71;0.76;0.99,tick=151811 goal=0 lap=0 last=0.0 best=0.0
26.61,95,291.0,0.27,-0.23,16,-23.680000000000003,BEND,1.31;5.00;1.30;0.58;0.42;0.36;0.38;0.48;0.90;2.25;1.84;1.18;0.78;0.66;0.68;0.78,tick=151839 goal=0 lap=0 last=0.0 best=0.0
26.89,96,282.9,0.28,-0.12,16,45.24000000000001,BEND,0.98;2.51;2.63;0.81;0.53;0.45;0.45;0.52;0.80;-1.00;2.00;1.22;0.71;0.57;0.56;0.67,tick=151867 goal=0 lap=0 last=0.0 best=0.0
27.17,97,285.5,0.26,0.23,16,59.800000000000004,BEND,0.81;2.09;3.24;0.96;0.63;0.54;0.54;0.65;0.96;2.57;2.06;0.97;0.58;0.48;0.48;0.57,tick=151893 goal=0 lap=0 last=0.0 best=0.0
27.45,98,294.8,0.28,0.31,16,70.44,BEND,0.85;5.00;1.91;0.90;0.65;0.60;0.64;0.82;2.94;2.50;1.58;0.62;0.45;0.41;0.42;0.50,tick=151923 goal=0 lap=0 last=0.0 best=0.0
27.73,99,306.9,0.26,0.35,16,81.48,BEND,1.24;6.00;1.31;0.81;0.67;0.67;0.76;1.07;2.92;2.23;0.71;0.43;0.34;0.36;0.39;0.53,tick=151952 goal=0 lap=0 last=0.0 best=0.0
28.01,100,318.8,0.27,0.44,16,85,BEND,5.18;2.06;1.00;0.74;0.68;0.72;0.92;3.22;2.68;1.00;0.48;0.35;0.31;0.32;0.41;0.72,tick=151980 goal=0 lap=0 last=0.0 best=0.0
28.29,101,334.9,0.28,0.47,30,27.065000000000005,FWD,3.74;1.21;0.80;0.68;0.66;0.80;1.19;3.10;2.10;0.61;0.39;0.31;0.32;0.41;0.59;1.60,tick=152008 goal=0 lap=0 last=0.0 best=0.0
28.58,102,346.0,0.28,0.18,20,21.36,FWD,1.69;0.87;0.65;0.60;0.66;0.86;1.68;2.91;1.03;0.54;0.40;0.36;0.40;0.52;0.95;5.99,tick=152036 goal=0 lap=0 last=0.0 best=0.0
28.86,103,350.7,0.29,0.11,16,7.920000000000003,BEND,1.25;0.74;0.58;0.54;0.62;0.83;3.54;2.94;0.99;0.58;0.46;0.44;0.50;0.66;1.38;6.00,tick=152064 goal=0 lap=0 last=0.0 best=0.0
29.14,104,352.6,0.30,0.04,16,-58.760000000000005,BEND,0.95;0.59;0.49;0.48;0.53;0.77;3.65;3.05;1.07;0.66;0.54;0.53;0.60;0.86;1.94;4.24,tick=152092 goal=0 lap=0 last=0.0 best=0.0
29.42,105,347.7,0.29,-0.31,16,-73.16,BEND,0.89;0.50;0.41;0.38;0.44;0.59;1.26;3.33;1.36;0.78;0.62;0.61;0.67;0.92;1.90;6.00,tick=152120 goal=0 lap=0 last=0.0 best=0.0
29.70,106,339.2,0.30,-0.41,30,-26.575000000000003,FWD,1.34;-1.00;0.39;0.33;0.34;0.41;0.64;3.84;2.89;1.10;0.75;0.67;0.68;0.81;1.32;4.62,tick=152148 goal=0 lap=0 last=0.0 best=0.0
29.98,107,328.2,0.32,-0.17,16,-85,BEND,5.75;0.71;0.39;0.33;0.29;0.34;0.46;0.94;3.73;1.54;0.92;0.73;0.69;0.76;1.03;2.12,tick=152176 goal=0 lap=0 last=0.0 best=0.0
30.26,108,318.2,0.33,-0.51,30,-28.499999999999993,FWD,6.00;1.07;0.49;0.34;0.33;0.33;0.39;0.63;4.16;2.44;1.06;0.76;0.70;0.71;0.90;1.46,tick=152204 goal=0 lap=0 last=0.0 best=0.0
30.54,109,303.9,0.32,-0.21,20,-27.870000000000005,FWD,1.93;6.00;0.82;0.48;0.36;0.34;0.37;0.52;1.04;4.00;1.48;0.85;0.68;0.65;0.72;0.96,tick=152232 goal=0 lap=0 last=0.0 best=0.0
30.82,110,294.1,0.36,-0.18,16,-11.279999999999998,BEND,1.31;5.99;1.30;0.64;0.47;0.43;0.45;0.57;0.97;4.41;1.68;0.83;0.65;0.57;0.61;0.76,tick=152260 goal=0 lap=0 last=0.0 best=0.0
31.10,111,290.9,0.33,-0.09,16,55.56,BEND,0.94;3.55;2.08;0.88;0.59;0.52;0.51;0.65;1.01;4.71;1.85;0.79;0.55;0.51;0.52;0.61,tick=152288 goal=0 lap=0 last=0.0 best=0.0
31.38,112,300.5,0.32,0.34,16,74.03999999999999,BEND,0.83;4.14;2.12;0.97;0.70;0.61;0.64;0.80;1.30;4.76;1.29;0.59;0.43;0.37;0.43;0.50,tick=152316 goal=0 lap=0 last=0.0 best=0.0
31.66,113,305.3,0.30,0.47,16,85,BEND,1.25;5.53;1.38;0.85;0.70;0.69;0.78;1.09;2.67;2.40;0.64;0.40;0.34;0.32;0.37;0.51,tick=152344 goal=0 lap=0 last=0.0 best=0.0
31.94,114,326.0,0.30,0.51,20,32.239999999999995,FWD,6.00;1.82;0.98;0.77;0.71;0.74;0.96;1.84;4.73;0.77;0.40;0.31;0.30;0.34;0.43;0.80,tick=152373 goal=0 lap=0 last=0.0 best=0.0
32.22,115,338.9,0.28,0.17,30,36.06999999999999,FWD,3.08;1.17;0.81;0.69;0.69;0.83;1.26;5.38;1.41;0.55;0.36;0.33;0.33;0.40;0.62;1.99,tick=152401 goal=0 lap=0 last=0.0 best=0.0
32.50,116,342.6,0.30,0.22,20,21.155,FWD,1.90;0.95;0.71;0.63;0.67;0.85;1.46;5.35;1.11;0.56;0.42;0.39;0.40;0.49;0.87;6.00,tick=152429 goal=0 lap=0 last=0.0 best=0.0
32.78,117,351.7,0.34,0.12,16,11.279999999999998,BEND,1.29;0.73;0.59;0.57;0.63;0.84;1.68;5.12;0.99;0.58;0.45;0.43;0.50;0.68;1.39;5.99,tick=152457 goal=0 lap=0 last=0.0 best=0.0
33.06,118,354.3,0.34,0.08,16,-60.040000000000006,BEND,0.98;0.60;0.50;0.47;0.54;0.75;1.74;4.76;1.09;0.68;0.57;0.53;0.61;0.85;2.00;4.03,tick=152485 goal=0 lap=0 last=0.0 best=0.0
33.35,119,353.4,0.32,-0.40,16,-75.08,BEND,0.85;0.50;0.40;0.39;0.41;0.57;1.21;5.51;1.37;-1.00;0.63;0.64;0.71;0.96;2.03;5.35,tick=152513 goal=0 lap=0 last=0.0 best=0.0
33.63,120,339.7,0.31,-0.48,16,-83.08,BEND,-1.00;0.57;0.39;0.34;0.33;0.40;0.61;2.05;2.84;1.14;0.78;0.69;0.73;0.84;1.32;4.54,tick=152541 goal=0 lap=0 last=0.0 best=0.0
33.91,121,320.9,0.30,-0.47,20,-31.904999999999994,FWD,6.00;0.88;0.45;0.35;0.31;0.32;0.42;0.74;6.00;1.95;1.03;0.76;0.70;0.75;0.98;1.74,tick=152569 goal=0 lap=0 last=0.0 best=0.0
34.19,122,307.2,0.29,-0.20,30,-32.525000000000006,FWD,2.81;2.34;0.66;0.41;0.34;0.34;0.38;0.55;1.36;4.48;1.30;0.84;0.70;0.68;0.79;1.14,tick=152597 goal=0 lap=0 last=0.0 best=0.0
34.47,123,303.9,0.31,-0.20,20,-20.284999999999997,FWD,1.82;6.00;0.92;0.54;0.40;0.39;0.42;0.56;1.09;6.00;1.49;0.86;0.66;0.62;0.69;0.93,tick=152625 goal=0 lap=0 last=0.0 best=0.0
34.75,124,297.5,0.34,-0.14,16,-7.280000000000002,BEND,1.26;6.00;1.45;0.69;0.52;0.46;0.48;0.60;1.02;6.00;1.71;0.83;-1.00;0.55;0.59;0.73,tick=152651 goal=0 lap=0 last=0.0 best=0.0
35.03,125,293.4,0.31,-0.03,16,61.24000000000001,BEND,0.95;3.88;2.10;0.91;0.64;0.55;0.55;0.68;1.09;4.62;1.72;0.76;0.54;0.47;0.47;0.58,tick=152681 goal=0 lap=0 last=0.0 best=0.0
35.31,126,295.5,0.30,0.34,16,77.48,BEND,0.85;5.99;2.03;0.97;0.72;0.65;0.66;0.84;1.41;6.00;1.13;0.57;0.41;0.37;0.38;0.50,tick=152709 goal=0 lap=0 last=0.0 best=0.0
35.59,127,307.3,0.30,0.45,16,85,BEND,1.43;4.26;1.34;0.84;0.72;0.71;0.82;1.20;3.08;1.88;0.60;0.38;0.31;0.31;0.38;0.55,tick=152737 goal=0 lap=0 last=0.0 best=0.0
35.87,128,325.2,0.29,0.49,20,32.69,FWD,6.00;1.68;0.98;0.77;0.73;0.77;1.05;2.09;6.00;0.70;0.40;0.33;0.33;0.32;0.46;0.88,tick=152765 goal=0 lap=0 last=0.0 best=0.0
36.15,129,341.5,0.30,0.18,30,35.68499999999999,FWD,2.62;1.11;0.79;0.70;0.73;0.85;1.37;5.99;1.24;0.53;0.38;0.34;0.35;0.42;0.69;2.76,tick=152793 goal=0 lap=0 last=0.0 best=0.0
36.43,130,345.0,0.31,0.24,20,21.305,FWD,1.71;0.92;0.67;0.62;0.69;0.88;1.58;6.00;1.04;0.55;-1.00;0.38;0.43;0.53;0.99;5.99,tick=152822 goal=0 lap=0 last=0.0 best=0.0
36.71,131,350.0,0.33,0.12,16,6.640000000000006,BEND,1.18;0.71;0.60;0.55;0.62;0.87;1.88;4.44;0.96;0.59;0.50;0.47;0.53;0.73;1.65;5.75,tick=152850 goal=0 lap=0 last=0.0 best=0.0
36.99,132,356.8,0.30,0.04,16,-61.72,BEND,0.90;0.58;0.47;0.48;0.54;0.80;1.94;3.48;1.07;0.69;0.57;0.57;0.65;0.95;2.43;3.02,tick=152878 goal=0 lap=0 last=0.0 best=0.0
37.27,133,354.6,0.00,-0.42,16,-79.16,BEND,0.80;0.48;0.37;0.36;0.41;0.58;1.26;5.99;1.37;0.83;0.67;0.67;-1.00;1.03;2.29;3.89,tick=152906 goal=0 lap=0 last=0.0 best=0.0
37.56,134,340.2,0.00,-0.45,16,-85,BEND,1.25;0.52;0.35;0.30;0.32;0.38;0.60;2.15;2.82;1.19;0.84;0.73;0.73;0.91;1.44;5.31,tick=152934 goal=0 lap=0 last=0.0 best=0.0
37.84,135,326.5,0.30,-0.47,20,-38.095,FWD,6.00;0.81;0.43;0.31;0.28;0.31;0.39;0.72;5.99;2.01;1.06;0.79;0.74;0.78;1.02;1.84,tick=152962 goal=0 lap=0 last=0.0 best=0.0
38.12,136,310.2,0.28,-0.22,30,-39.099999999999994,FWD,2.94;2.25;0.61;0.41;-1.00;0.31;0.35;0.52;1.27;4.78;1.37;0.88;-1.00;0.71;0.83;1.19,tick=152990 goal=0 lap=0 last=0.0 best=0.0
38.40,137,305.8,0.31,-0.25,20,-26.74000000000001,FWD,1.81;6.00;0.95;0.51;0.41;0.36;0.42;0.53;1.01;6.00;1.65;0.92;0.70;0.66;0.71;0.95,tick=153018 goal=0 lap=0 last=0.0 best=0.0
38.68,138,297.7,0.33,-0.19,16,-8.319999999999993,BEND,1.21;5.50;1.62;0.73;0.51;0.46;0.47;0.57;0.93;3.92;2.07;0.91;0.65;0.56;0.61;0.76,tick=153046 goal=0 lap=0 last=0.0 best=0.0
38.96,139,291.0,0.32,-0.07,16,59.88,BEND,0.90;2.69;2.70;0.97;0.64;0.55;0.56;0.67;0.98;2.89;2.33;0.85;0.57;0.49;0.49;0.62,tick=153074 goal=0 lap=0 last=0.0 best=0.0
39.24,140,292.5,0.30,0.37,16,77.4,BEND,0.77;3.01;2.55;1.08;0.75;0.67;0.68;0.82;1.29;4.73;1.48;0.64;0.45;0.39;0.39;0.49,tick=153102 goal=0 lap=0 last=0.0 best=0.0
39.52,141,308.4,0.30,0.47,16,85,BEND,1.11;6.00;1.54;0.93;0.78;0.72;0.83;1.12;2.45;3.08;0.67;0.43;0.34;0.32;0.34;0.50,tick=153130 goal=0 lap=0 last=0.0 best=0.0
39.80,142,321.7,0.32,0.50,16,85,BEND,6.00;2.08;1.09;0.80;0.75;0.79;1.01;1.82;6.00;0.77;0.40;0.31;0.28;0.30;0.40;0.74,tick=153158 goal=0 lap=0 last=0.0 best=0.0
40.08,143,339.7,0.29,0.51,30,36.14,FWD,2.83;1.21;0.85;0.75;0.75;0.91;1.43;5.37;1.20;0.53;0.37;0.30;0.33;0.39;0.62;2.46,tick=153187 goal=0 lap=0 last=0.0 best=0.0
40.36,144,350.0,0.29,0.25,20,24.695000000000004,FWD,1.45;0.85;0.70;0.65;0.75;1.03;2.21;4.03;0.80;0.49;0.40;0.36;0.42;0.57;1.29;6.00,tick=153215 goal=0 lap=0 last=0.0 best=0.0
40.64,145,0.6,0.32,0.14,16,-44.760000000000005,BEND,1.01;0.69;0.59;0.59;0.68;1.02;2.94;2.28;0.81;0.55;0.47;0.46;0.58;0.85;2.52;2.91,tick=153243 goal=0 lap=0 last=0.0 best=0.0
40.92,146,356.3,0.33,-0.27,16,-64.68,BEND,0.82;0.55;0.47;0.47;0.56;0.84;2.47;2.74;1.01;0.69;0.59;0.59;0.69;1.05;3.17;2.32,tick=153271 goal=0 lap=0 last=0.0 best=0.0
41.20,147,346.2,0.32,-0.41,16,-75.64,BEND,0.95;0.54;0.42;0.39;0.41;0.56;1.03;6.00;1.64;0.90;0.71;0.65;0.73;0.95;1.83;5.99,tick=153299 goal=0 lap=0 last=0.0 best=0.0
41.49,148,334.0,0.30,-0.49,16,-85,BEND,1.92;0.61;0.41;0.33;0.33;0.39;0.59;1.54;3.94;1.31;0.86;0.73;0.71;0.84;1.25;3.37,tick=153327 goal=0 lap=0 last=0.0 best=0.0
41.77,149,321.4,0.30,-0.49,30,-31.849999999999994,FWD,6.00;1.11;0.50;0.37;0.32;0.34;0.42;0.71;3.53;2.36;1.11;0.80;0.72;0.73;0.95;1.57,tick=153355 goal=0 lap=0 last=0.0 best=0.0
42.05,150,307.5,0.31,-0.17,30,-28.590000000000007,FWD,2.30;4.34;0.79;0.49;0.38;0.36;0.42;0.59;1.20;6.00;1.45;0.87;0.70;0.66;0.75;1.08,tick=153383 goal=0 lap=0 last=0.0 best=0.0
42.33,151,297.7,0.35,-0.19,20,-19.755000000000003,FWD,1.55;6.00;1.20;0.60;0.48;0.41;0.49;0.58;1.04;5.99;1.68;0.90;0.68;0.63;0.66;0.87,tick=153411 goal=0 lap=0 last=0.0 best=0.0
42.61,152,294.5,0.35,-0.11,16,53.72,BEND,1.09;4.47;1.96;0.85;0.59;0.52;0.54;0.65;1.03;4.05;1.99;0.86;0.61;0.54;0.56;0.66,tick=153439 goal=0 lap=0 last=0.0 best=0.0
42.89,153,298.1,0.33,0.41,16,70.12,BEND,0.91;3.87;2.28;1.01;0.70;0.61;0.61;0.76;-1.00;5.15;1.55;0.68;0.49;0.42;0.45;0.55,tick=153467 goal=0 lap=0 last=0.0 best=0.0
43.17,154,307.7,0.33,0.45,16,82.68,BEND,1.33;6.00;1.43;0.89;0.72;0.69;0.79;1.12;2.50;2.98;0.72;0.44;0.37;0.35;0.40;0.57,tick=153495 goal=0 lap=0 last=0.0 best=0.0
43.45,155,322.9,0.32,0.55,20,28.52499999999999,FWD,5.99;1.91;1.03;0.77;0.71;0.77;1.00;1.84;5.99;0.89;0.47;0.37;0.33;0.38;0.46;0.88,tick=153523 goal=0 lap=0 last=0.0 best=0.0
43.73,156,338.7,0.30,0.18,30,33.765,FWD,3.24;1.22;0.82;0.71;0.71;0.83;1.28;3.93;1.60;0.62;0.42;0.36;0.36;0.44;0.67;2.12,tick=153551 goal=0 lap=0 last=0.0 best=0.0
44.01,157,343.3,0.33,0.24,20,17.735000000000003,FWD,2.03;0.99;0.72;0.64;0.69;0.86;1.47;5.99;1.26;0.62;0.47;0.42;0.44;0.54;0.91;6.00,tick=153579 goal=0 lap=0 last=0.0 best=0.0
44.29,158,353.3,0.34,0.09,16,8.479999999999999,BEND,1.41;0.79;0.63;0.59;0.64;0.83;1.66;5.98;1.13;0.65;0.51;0.48;0.53;0.71;1.40;5.99,tick=153608 goal=0 lap=0 last=0.0 best=0.0
44.57,159,351.4,0.34,0.05,16,-60.03999999999999,BEND,1.06;0.65;0.50;0.50;-1.00;0.78;1.64;5.82;1.22;0.73;0.60;0.57;0.63;0.89;1.93;5.52,tick=153636 goal=0 lap=0 last=0.0 best=0.0
44.85,160,349.3,0.32,-0.34,16,-75.0,BEND,0.98;0.57;0.45;0.40;0.44;0.59;1.16;5.99;1.54;0.88;0.69;0.65;0.71;0.95;1.91;6.00,tick=153664 goal=0 lap=0 last=0.0 best=0.0
45.13,161,334.2,0.31,-0.42,16,-83.47999999999999,BEND,1.83;0.63;0.42;0.36;0.36;0.43;0.64;1.79;3.51;1.27;0.86;0.72;0.72;0.85;1.29;3.72,tick=153692 goal=0 lap=0 last=0.0 best=0.0
45.42,162,320.5,0.30,-0.53,30,-26.805,FWD,6.00;1.09;0.52;0.37;0.36;0.38;0.46;0.76;4.58;2.24;1.10;0.80;0.72;0.75;0.95;1.62,tick=153720 goal=0 lap=0 last=0.0 best=0.0
45.70,163,304.6,0.31,-0.18,30,-28.450000000000006,FWD,2.45;3.65;0.80;0.47;0.39;0.38;0.42;0.59;1.33;6.00;1.41;0.87;0.71;0.68;0.79;1.09,tick=153748 goal=0 lap=0 last=0.0 best=0.0
45.98,164,299.9,0.00,-0.17,20,-16.26,FWD,1.68;6.00;1.14;0.62;0.49;0.44;0.47;0.62;1.16;5.99;1.57;0.87;0.68;0.62;0.68;0.89,tick=153776 goal=0 lap=0 last=0.0 best=0.0
46.26,165,295.1,0.00,-0.12,16,53.48,BEND,1.18;5.99;1.76;0.80;0.60;0.52;0.53;0.69;1.15;5.93;1.76;0.84;0.61;0.54;0.56;0.71,tick=153804 goal=0 lap=0 last=0.0 best=0.0
46.54,166,297.7,0.34,0.38,16,69.0,BEND,1.06;6.00;1.90;0.93;0.68;0.62;0.64;0.82;1.43;6.00;1.32;0.66;0.49;0.45;0.48;0.61,tick=153832 goal=0 lap=0 last=0.0 best=0.0
46.82,167,311.0,0.32,0.45,16,78.28,BEND,1.76;4.20;1.29;0.85;0.71;0.68;0.80;1.15;2.99;2.27;0.72;0.48;0.39;0.39;-1.00;0.68,tick=153860 goal=0 lap=0 last=0.0 best=0.0
47.10,168,327.7,0.32,0.50,30,22.709999999999994,FWD,6.00;1.70;0.96;0.74;0.70;0.77;1.02;1.99;5.99;0.88;0.50;0.40;0.38;0.41;0.55;1.08,tick=153888 goal=0 lap=0 last=0.0 best=0.0
47.38,169,338.4,0.31,0.16,30,25.835000000000008,FWD,2.71;1.13;0.79;0.68;0.69;0.84;1.31;4.70;1.57;0.67;0.44;0.41;0.43;0.50;0.79;2.96,tick=153914 goal=0 lap=0 last=0.0 best=0.0
47.66,170,343.8,0.35,0.16,20,12.169999999999995,FWD,1.82;0.89;0.69;0.61;0.65;0.83;1.44;6.00;1.34;0.69;0.52;0.47;0.47;0.61;1.08;6.00,tick=153944 goal=0 lap=0 last=0.0 best=0.0
47.94,171,348.4,0.36,0.07,16,-56.120000000000005,BEND,1.29;0.73;0.57;0.53;0.59;0.76;1.52;5.99;1.29;-1.00;0.56;0.54;0.60;0.78;1.58;-1.00,tick=153972 goal=0 lap=0 last=0.0 best=0.0
48.22,172,348.2,0.36,-0.42,16,-67.72,BEND,1.22;0.63;0.49;0.47;0.48;0.62;1.16;6.00;1.63;0.87;0.69;0.63;0.67;-1.00;1.63;5.99,tick=154000 goal=0 lap=0 last=0.0 best=0.0
48.50,173,333.4,0.34,-0.47,16,-77.96000000000001,BEND,2.70;0.77;0.47;0.41;0.40;0.48;0.66;1.65;4.35;1.30;0.85;0.69;0.69;0.79;1.15;2.90,tick=154029 goal=0 lap=0 last=0.0 best=0.0
48.78,174,317.4,0.34,-0.49,30,-20.099999999999987,FWD,6.00;1.46;0.65;0.45;0.40;0.41;0.50;0.80;3.36;2.47;1.09;0.76;0.69;0.70;0.86;1.40,tick=154057 goal=0 lap=0 last=0.0 best=0.0
49.06,175,305.5,0.32,-0.20,20,-20.510000000000005,FWD,2.06;6.00;0.99;0.58;0.48;0.44;0.48;0.67;1.37;5.99;1.44;0.86;0.68;0.67;0.73;0.98,tick=154085 goal=0 lap=0 last=0.0 best=0.0
49.34,176,302.2,0.35,-0.17,16,-4.560000000000004,BEND,1.49;6.00;1.36;0.72;0.57;0.50;0.55;0.70;1.30;6.00;1.51;0.81;0.62;0.56;0.61;0.80,tick=154110 goal=0 lap=0 last=0.0 best=0.0
49.62,177,294.8,0.33,-0.04,16,63.48,BEND,1.11;6.00;1.84;0.89;0.66;0.60;0.64;0.78;1.33;6.00;1.50;0.74;0.54;0.50;0.53;0.64,tick=154141 goal=0 lap=0 last=0.0 best=0.0
49.91,178,303.5,0.33,0.40,16,76.04,BEND,1.10;5.99;1.77;0.95;0.72;0.67;0.72;0.94;1.75;5.98;1.06;0.59;0.46;0.41;0.47;0.59,tick=154169 goal=0 lap=0 last=0.0 best=0.0
50.19,179,317.3,0.32,0.48,16,83.88,BEND,2.56;3.00;1.22;0.84;0.73;0.74;0.89;1.39;4.79;1.48;0.61;0.44;0.36;0.39;0.47;0.73,tick=154197 goal=0 lap=0 last=0.0 best=0.0
50.47,180,332.7,0.32,0.49,30,26.959999999999997,FWD,6.00;1.49;-1.00;0.75;0.73;0.81;1.16;2.62;3.04;0.75;0.46;0.38;0.37;0.41;0.59;1.35,tick=154225 goal=0 lap=0 last=0.0 best=0.0
50.75,181,342.2,0.32,0.22,30,25.069999999999993,FWD,1.98;1.01;0.73;0.69;0.72;0.92;1.59;5.99;1.17;0.61;0.44;0.41;0.43;0.54;0.97;5.99,tick=154253 goal=0 lap=0 last=0.0 best=0.0
51.03,182,348.7,0.33,0.17,20,7.374999999999997,FWD,1.40;0.80;0.63;0.60;0.67;0.91;1.81;6.00;1.12;0.64;0.50;0.50;0.55;0.70;1.47;5.98,tick=154281 goal=0 lap=0 last=0.0 best=0.0
51.31,183,356.7,0.37,0.05,16,-59.48,BEND,1.05;0.64;0.54;0.52;0.60;0.83;1.93;4.39;1.15;0.72;0.59;0.58;0.67;0.97;2.25;4.17,tick=154309 goal=0 lap=0 last=0.0 best=0.0
51.59,184,349.7,0.37,-0.39,16,-77.08,BEND,0.93;0.54;0.45;0.41;0.46;0.64;1.32;6.00;1.48;0.88;0.70;0.68;0.77;1.03;2.19;5.83,tick=154337 goal=0 lap=0 last=0.0 best=0.0
51.87,185,336.6,0.32,-0.52,16,-85,BEND,1.71;0.62;0.42;0.35;0.35;0.43;0.66;1.89;3.52;1.29;0.90;0.76;0.76;0.90;1.38;4.16,tick=154365 goal=0 lap=0 last=0.0 best=0.0
52.15,186,321.1,0.32,-0.54,30,-30.975,FWD,6.00;1.14;0.53;0.40;0.35;0.35;0.44;0.73;3.88;2.47;1.17;0.85;0.75;0.78;1.00;1.64,tick=154393 goal=0 lap=0 last=0.0 best=0.0
52.43,187,306.1,0.32,-0.22,30,-31.424999999999994,FWD,2.31;5.50;0.86;0.51;0.41;0.37;0.43;0.57;1.22;6.00;1.55;0.95;0.75;0.70;0.81;1.10,tick=154421 goal=0 lap=0 last=0.0 best=0.0
52.71,188,298.0,0.35,-0.20,20,-15.665,FWD,1.55;5.99;1.36;0.67;0.52;0.45;0.48;0.62;1.05;5.99;1.85;0.95;0.72;0.64;0.68;0.88,tick=154450 goal=0 lap=0 last=0.0 best=0.0
52.99,189,290.9,0.37,-0.11,16,56.11999999999999,BEND,1.06;3.87;2.28;0.93;0.65;0.56;0.57;0.70;1.08;3.68;2.21;0.92;0.63;0.55;0.57;0.68,tick=154478 goal=0 lap=0 last=0.0 best=0.0
53.27,190,295.7,0.36,0.38,16,72.6,BEND,0.92;4.02;2.42;1.07;0.76;0.67;0.69;0.83;1.33;5.60;1.60;0.71;0.52;0.45;0.47;0.58,tick=154506 goal=0 lap=0 last=0.0 best=0.0
53.55,191,311.6,0.34,0.47,16,85,BEND,1.45;-1.00;1.46;0.93;0.78;0.74;-1.00;1.18;2.77;2.79;0.74;0.46;0.39;0.36;0.45;0.62,tick=154534 goal=0 lap=0 last=0.0 best=0.0
53.84,192,320.8,0.33,0.55,20,32.645,FWD,6.00;1.88;1.03;0.81;0.77;0.84;1.08;2.06;6.00;0.85;0.46;0.37;0.34;0.37;0.49;0.99,tick=154562 goal=0 lap=0 last=0.0 best=0.0
54.12,193,338.4,0.31,0.21,30,32.37,FWD,2.81;1.19;0.82;0.72;0.75;0.91;1.45;5.46;1.43;0.62;0.45;0.38;0.39;0.48;0.77;3.05,tick=154590 goal=0 lap=0 last=0.0 best=0.0
54.40,194,347.2,0.35,0.22,20,21.81500000000001,FWD,1.81;0.96;0.72;0.68;0.71;0.95;1.67;6.00;1.18;0.63;0.47;0.43;0.48;0.62;1.13;6.00,tick=154618 goal=0 lap=0 last=0.0 best=0.0
54.68,195,354.1,0.33,0.17,16,-49.080000000000005,BEND,1.27;0.77;0.63;0.60;0.65;0.92;1.97;5.27;1.10;0.67;0.54;0.53;0.57;0.82;1.80;6.00,tick=154646 goal=0 lap=0 last=0.0 best=0.0
54.96,196,352.1,0.00,-0.31,16,-64.84,BEND,1.04;0.65;0.52;0.50;0.58;0.78;1.67;6.00;1.28;0.81;0.66;0.62;0.69;0.96;2.15;5.29,tick=154674 goal=0 lap=0 last=0.0 best=0.0
55.24,197,338.8,0.31,-0.42,16,-76.67999999999999,BEND,1.52;0.67;0.49;0.42;0.45;0.52;0.85;3.87;2.39;1.08;0.78;0.69;0.70;0.88;1.44;6.00,tick=154702 goal=0 lap=0 last=0.0 best=0.0
55.52,198,322.6,0.30,-0.45,20,-22.13999999999999,FWD,5.99;0.96;0.54;0.42;0.40;0.44;0.59;1.12;5.99;1.69;0.97;0.76;0.71;0.79;1.07;2.08,tick=154730 goal=0 lap=0 last=0.0 best=0.0
55.80,199,317.2,0.31,-0.15,30,-28.774999999999988,FWD,4.30;1.86;0.70;0.48;0.42;0.41;0.51;-1.00;2.41;3.08;1.19;0.83;0.70;0.72;0.87;1.32,tick=154758 goal=0 lap=0 last=0.0 best=0.0
56.08,200,307.6,0.33,-0.17,30,-21.955000000000002,FWD,2.66;3.41;0.90;0.56;0.47;0.44;0.52;0.73;1.73;4.75;1.30;0.84;0.68;0.68;0.77;1.12,tick=154786 goal=0 lap=0 last=0.0 best=0.0
56.36,201,299.4,0.35,-0.15,20,-8.079999999999998,FWD,1.76;5.99;1.26;0.69;0.55;0.50;0.56;0.74;1.44;5.99;1.46;0.84;0.65;0.61;0.67;0.90,tick=154814 goal=0 lap=0 last=0.0 best=0.0
56.64,202,301.0,0.37,-0.08,16,58.75999999999999,BEND,1.30;6.00;1.67;0.87;0.63;0.59;0.61;0.82;1.43;5.98;1.49;0.77;0.57;0.54;0.55;0.73,tick=154843 goal=0 lap=0 last=0.0 best=0.0
56.92,203,300.9,0.35,0.38,16,74.2,BEND,1.27;5.99;1.66;0.92;0.73;0.67;0.73;0.97;1.86;6.00;1.09;0.60;0.48;0.43;0.50;0.65,tick=154871 goal=0 lap=0 last=0.0 best=0.0
57.20,204,322.5,0.34,0.51,20,19.504999999999995,FWD,3.73;2.63;1.14;0.83;0.71;0.73;0.91;1.47;6.00;1.44;0.64;0.47;0.41;0.43;0.51;0.85,tick=154899 goal=0 lap=0 last=0.0 best=0.0
57.48,205,329.5,0.33,0.15,30,31.889999999999993,FWD,5.99;1.54;0.93;0.75;0.71;0.81;1.11;2.40;4.25;0.85;0.54;0.42;0.39;0.45;0.63;1.39,tick=154927 goal=0 lap=0 last=0.0 best=0.0
57.76,206,333.8,0.34,0.21,30,21.859999999999996,FWD,3.87;1.27;0.83;0.69;0.70;0.82;1.22;3.24;2.33;0.79;0.53;0.46;0.45;-1.00;0.79;2.12,tick=154955 goal=0 lap=0 last=0.0 best=0.0
58.05,207,342.2,0.38,0.16,30,14.760000000000005,FWD,2.27;1.01;0.72;0.65;0.68;0.82;1.33;6.00;1.64;0.77;0.55;0.48;0.52;0.62;1.01;5.11,tick=154983 goal=0 lap=0 last=0.0 best=0.0
58.33,208,344.4,0.39,0.13,20,-1.0000000000000107,FWD,1.59;0.81;0.64;0.57;0.62;0.79;1.41;6.00;1.49;0.79;0.59;0.55;0.60;0.78;1.41;5.99,tick=155011 goal=0 lap=0 last=0.0 best=0.0
58.61,209,342.4,0.39,0.01,16,-65.32,BEND,1.23;0.67;0.51;0.50;0.54;0.71;1.32;5.99;1.58;0.89;0.68;0.63;0.69;0.94;1.77;6.00,tick=155039 goal=0 lap=0 last=0.0 best=0.0
58.89,210,345.5,0.40,-0.49,16,-81.16,BEND,1.29;0.64;0.47;0.39;0.44;0.54;0.89;5.63;2.25;1.09;0.81;0.72;0.76;0.96;1.62;6.00,tick=155067 goal=0 lap=0 last=0.0 best=0.0
59.17,211,326.0,0.35,-0.58,20,-30.700000000000003,FWD,5.99;0.90;0.50;0.38;0.35;0.39;0.53;1.04;6.00;1.81;1.04;0.82;0.76;0.85;1.11;2.20,tick=155095 goal=0 lap=0 last=0.0 best=0.0
59.45,212,311.2,0.34,-0.19,30,-34.155,FWD,3.43;2.36;0.74;0.48;0.40;0.38;0.46;0.67;1.75;4.23;1.37;0.89;0.74;0.74;0.88;1.28,tick=155123 goal=0 lap=0 last=0.0 best=0.0
59.73,213,307.2,0.36,-0.27,20,-15.370000000000001,FWD,2.00;6.00;1.06;0.61;0.48;0.46;0.49;0.66;1.31;6.00;1.61;0.93;0.71;0.66;0.76;1.00,tick=155151 goal=0 lap=0 last=0.0 best=0.0
60.01,214,300.5,0.37,-0.16,16,50.120000000000005,BEND,1.37;6.00;1.66;0.79;0.59;0.54;0.56;0.72;1.19;6.00;1.84;0.90;0.68;0.60;0.61;0.80,tick=155179 goal=0 lap=0 last=0.0 best=0.0
60.29,215,299.7,0.35,0.35,16,63.96,BEND,1.23;6.00;1.79;0.91;0.69;0.63;0.66;0.84;1.50;6.00;1.44;0.74;0.56;0.52;0.55;0.70,tick=155207 goal=0 lap=0 last=0.0 best=0.0
60.57,216,310.4,0.34,0.43,45,16.07999999999999,FWD,2.15;3.93;1.26;0.83;0.69;0.69;0.81;1.19;3.17;2.49;0.83;0.55;0.46;0.45;0.54;-1.00,tick=155235 goal=0 lap=0 last=0.0 best=0.0
60.85,217,320.6,0.35,0.12,30,26.909999999999997,FWD,6.00;2.05;1.04;0.78;0.70;0.76;0.94;1.68;5.98;1.24;0.65;0.48;0.43;0.47;0.60;1.05,tick=155264 goal=0 lap=0 last=0.0 best=0.0
61.13,218,328.5,0.42,0.23,30,26.384999999999998,FWD,5.99;1.66;0.96;0.74;0.71;0.77;1.02;2.07;6.00;1.01;0.61;0.48;0.42;0.51;0.67;1.31,tick=155292 goal=0 lap=0 last=0.0 best=0.0
61.41,219,333.7,0.42,0.24,30,20.804999999999993,FWD,4.06;1.30;0.83;0.71;0.71;0.81;1.17;3.07;2.63;0.85;0.56;0.48;0.46;0.55;0.82;2.15,tick=155320 goal=0 lap=0 last=0.0 best=0.0
61.69,220,337.7,0.44,0.19,30,8.745000000000001,FWD,2.35;1.03;0.74;0.64;0.67;0.80;1.28;5.26;1.86;0.82;0.59;0.52;0.52;0.65;1.05;4.53,tick=155348 goal=0 lap=0 last=0.0 best=0.0
61.97,221,349.6,0.43,0.07,16,-57.959999999999994,BEND,1.54;0.77;0.60;0.56;0.58;0.75;1.33;5.99;1.65;0.84;0.64;0.59;0.65;0.84;1.48;5.99,tick=155376 goal=0 lap=0 last=0.0 best=0.0
62.26,222,336.6,0.43,-0.51,16,-73.16,BEND,1.58;0.72;0.53;0.47;0.49;0.61;0.97;4.66;2.30;1.07;0.79;0.69;0.71;0.90;1.47;5.99,tick=155404 goal=0 lap=0 last=0.0 best=0.0
62.54,223,0.0,0.40,-0.59,30,-15.464999999999998,FWD,6.00;1.12;0.60;0.45;0.43;0.46;0.59;1.09;6.00;1.90;1.03;0.79;0.70;0.79;1.03;1.91,tick=155432 goal=0 lap=0 last=0.0 best=0.0
62.82,224,307.2,0.40,-0.15,45,-23.479999999999993,FWD,3.04;2.98;0.89;0.55;0.47;0.45;0.52;0.77;1.97;4.27;1.32;0.86;0.70;0.71;0.82;-1.00,tick=155460 goal=0 lap=0 last=0.0 best=0.0
63.10,225,302.8,0.43,-0.17,20,-5.419999999999996,FWD,2.07;6.00;1.16;0.70;0.55;0.54;0.60;0.81;1.66;5.99;1.40;0.83;0.67;0.62;0.71;0.96,tick=155488 goal=0 lap=0 last=0.0 best=0.0
63.38,226,300.7,0.46,-0.08,16,60.199999999999996,BEND,1.40;6.00;1.65;0.88;0.65;0.61;0.65;0.86;1.54;6.00;1.43;0.78;0.57;0.54;0.58;0.77,tick=155516 goal=0 lap=0 last=0.0 best=0.0
63.66,227,306.0,0.44,0.53,16,74.91999999999999,BEND,1.35;6.00;1.68;0.94;0.76;0.71;-1.00;1.03;2.05;6.00;1.06;0.59;0.47;0.46;0.52;0.68,tick=155544 goal=0 lap=0 last=0.0 best=0.0
63.94,228,325.5,0.39,0.58,45,19.515,FWD,6.00;2.11;1.09;0.83;0.72;0.81;1.04;1.82;5.99;1.13;0.60;0.43;0.42;0.43;0.56;-1.00,tick=155572 goal=0 lap=0 last=0.0 best=0.0
64.22,229,334.6,0.41,0.19,30,29.265,FWD,3.25;1.25;0.87;0.75;0.75;0.87;1.36;4.32;1.91;0.75;0.50;0.44;0.44;0.55;0.84;2.73,tick=155600 goal=0 lap=0 last=0.0 best=0.0
64.50,230,345.2,0.46,0.28,20,9.745000000000001,FWD,1.94;0.96;0.72;0.66;0.68;0.89;1.52;5.99;1.48;0.75;0.56;0.51;0.53;0.67;1.20;6.00,tick=155628 goal=0 lap=0 last=0.0 best=0.0
64.78,231,347.3,0.43,0.08,16,-58.75999999999999,BEND,1.27;0.74;0.58;0.56;0.61;0.83;1.69;6.00;1.40;0.81;0.65;0.60;0.69;0.94;1.89;6.00,tick=155656 goal=0 lap=0 last=0.0 best=0.0
65.06,232,344.8,0.40,-0.48,16,-75.39999999999999,BEND,1.21;0.63;0.49;0.46;0.49;0.62;1.15;6.00;1.87;1.00;0.77;0.71;-1.00;1.01;1.90;5.99,tick=155684 goal=0 lap=0 last=0.0 best=0.0
65.34,233,329.0,0.41,-0.59,20,-22.710000000000008,FWD,4.20;0.85;0.51;0.43;-1.00;0.45;0.62;1.35;5.99;1.63;0.99;0.80;0.78;0.89;1.26;2.69,tick=155713 goal=0 lap=0 last=0.0 best=0.0
65.62,234,317.8,0.40,-0.18,30,-34.38,FWD,5.51;1.67;0.68;0.47;0.41;0.42;0.50;0.77;2.80;3.04;1.26;0.88;0.77;0.78;0.95;1.50,tick=155741 goal=0 lap=0 last=0.0 best=0.0
65.90,235,307.0,0.38,-0.25,30,-23.584999999999994,FWD,2.90;3.36;0.89;0.56;0.47;0.46;0.52;0.75;1.75;5.14;1.43;0.90;0.74;0.73;0.85;1.21,tick=155769 goal=0 lap=0 last=0.0 best=0.0
66.18,236,304.3,0.40,-0.18,20,-10.005,FWD,1.76;6.00;1.34;0.72;0.54;0.52;0.55;0.73;1.38;6.00;1.66;0.92;0.68;0.65;0.71;0.93,tick=155797 goal=0 lap=0 last=0.0 best=0.0
66.46,237,301.4,0.40,-0.07,16,57.879999999999995,BEND,1.26;6.00;1.97;0.93;0.70;0.60;0.64;0.78;1.35;6.00;1.78;0.84;0.61;0.56;0.60;0.74,tick=155825 goal=0 lap=0 last=0.0 best=0.0
66.75,238,301.2,0.37,0.44,16,74.28,BEND,1.18;5.99;1.96;1.02;0.78;0.71;0.74;0.99;1.77;5.99;1.26;0.67;0.51;0.47;0.51;0.64,tick=155853 goal=0 lap=0 last=0.0 best=0.0
67.03,239,317.1,0.37,0.55,16,82.84,BEND,2.93;3.19;1.30;0.92;0.78;0.79;0.95;1.49;5.20;1.63;0.67;0.46;0.43;0.43;0.51;0.80,tick=155878 goal=0 lap=0 last=0.0 best=0.0
67.31,240,331.6,0.34,0.59,30,22.735000000000007,FWD,4.91;1.48;0.95;0.80;0.76;0.90;1.31;-1.00;2.50;0.77;0.50;0.44;0.42;0.49;0.72;1.83,tick=155909 goal=0 lap=0 last=0.0 best=0.0
67.59,241,344.5,0.34,0.16,30,21.654999999999998,FWD,1.86;1.01;0.77;0.71;0.77;1.02;1.87;6.00;1.19;0.66;0.50;0.48;0.49;0.68;1.27;6.00,tick=155937 goal=0 lap=0 last=0.0 best=0.0
67.87,242,352.0,0.37,0.18,20,2.6349999999999945,FWD,1.36;0.81;0.65;0.62;0.71;0.97;2.12;5.63;1.18;0.71;0.59;0.55;-1.00;0.87;1.91;5.99,tick=155965 goal=0 lap=0 last=0.0 best=0.0
68.15,243,353.8,0.37,-0.02,16,-67.24000000000001,BEND,1.00;0.65;0.53;0.53;0.62;0.90;2.22;4.08;1.25;0.82;0.68;0.68;0.78;1.15;2.90;3.35,tick=155993 goal=0 lap=0 last=0.0 best=0.0
68.43,244,351.8,0.35,-0.51,16,-84.36,BEND,0.92;0.55;0.44;0.40;0.47;0.65;1.35;5.99;1.67;1.02;0.81;0.77;0.86;1.20;2.56;5.19,tick=156021 goal=0 lap=0 last=0.0 best=0.0
68.71,245,334.0,0.34,0.00,16,-85,BEND,2.09;0.66;0.44;0.34;0.35;0.41;0.61;1.58;4.75;1.56;1.02;0.83;0.87;0.98;1.47;3.90,tick=156049 goal=0 lap=0 last=0.0 best=0.0
68.99,246,316.3,0.00,-0.58,30,-40.72,FWD,5.78;1.49;0.58;0.40;0.35;0.38;0.43;0.67;2.27;3.45;1.40;0.98;0.86;0.86;1.04;1.63,tick=156077 goal=0 lap=0 last=0.0 best=0.0
69.27,247,302.6,0.33,-0.27,30,-35.79500000000001,FWD,2.02;6.00;1.09;0.57;0.44;0.41;0.45;0.56;1.01;6.00;2.11;1.14;0.85;0.80;0.86;1.11,tick=156105 goal=0 lap=0 last=0.0 best=0.0
69.55,248,292.4,0.38,-0.27,20,-14.995000000000008,FWD,1.32;4.36;2.21;0.86;0.58;0.49;0.50;0.60;0.94;2.97;3.03;1.20;0.80;0.69;0.71;0.85,tick=156133 goal=0 lap=0 last=0.0 best=0.0
69.83,249,285.3,0.37,-0.09,16,58.760000000000005,BEND,0.93;2.10;5.66;1.27;0.79;0.65;0.62;0.70;0.97;2.21;4.93;1.19;0.73;0.60;0.59;0.67,tick=156162 goal=0 lap=0 last=0.0 best=0.0
70.11,250,287.1,0.36,0.40,16,79.64,BEND,0.75;1.89;5.07;1.45;0.91;0.77;0.76;0.86;1.26;3.08;2.87;0.85;0.56;0.46;0.44;0.52,tick=156190 goal=0 lap=0 last=0.0 best=0.0
70.39,251,303.0,0.34,0.55,16,85,BEND,0.97;5.98;2.12;1.15;0.91;0.84;0.92;1.21;2.31;6.00;0.87;0.48;0.38;0.35;0.39;0.52,tick=156218 goal=0 lap=0 last=0.0 best=0.0
70.67,252,318.1,0.32,0.54,16,85,BEND,5.47;2.75;1.33;0.99;0.89;0.92;1.16;2.00;5.99;0.94;0.47;0.35;0.30;0.32;0.40;0.72,tick=156246 goal=0 lap=0 last=0.0 best=0.0
70.96,253,338.3,0.31,0.50,30,46.76499999999999,FWD,3.61;1.46;1.02;0.88;0.92;1.07;1.67;5.77;1.34;0.57;0.38;0.34;0.34;0.42;0.64;2.33,tick=156274 goal=0 lap=0 last=0.0 best=0.0
71.24,254,350.0,0.33,0.33,45,35.55500000000001,FWD,1.71;-1.00;0.81;0.81;0.92;1.27;2.75;3.73;0.82;0.53;0.43;0.41;0.46;0.63;1.42;5.98,tick=156302 goal=0 lap=0 last=0.0 best=0.0
71.52,255,2.1,0.37,0.29,20,14.639999999999993,FWD,1.12;0.81;0.69;0.72;0.88;1.38;5.30;1.89;0.85;0.58;-1.00;0.52;0.64;1.02;4.08;2.69,tick=156330 goal=0 lap=0 last=0.0 best=0.0
71.80,256,10.3,0.39,0.11,16,-64.76,BEND,0.78;0.58;0.56;0.58;0.78;1.40;6.00;1.71;0.93;0.69;0.66;0.71;0.95;1.71;6.00;1.46,tick=156358 goal=0 lap=0 last=0.0 best=0.0
72.08,257,4.6,0.39,-0.50,16,-85,BEND,0.58;0.44;0.42;0.41;0.53;0.92;6.00;2.39;-1.00;0.89;0.82;-1.00;1.08;1.88;6.00;1.20,tick=156386 goal=0 lap=0 last=0.0 best=0.0
72.36,258,351.0,0.37,-0.62,16,-85,BEND,0.65;0.38;0.30;0.27;0.32;0.42;0.79;6.00;2.19;1.27;1.00;0.94;1.03;1.37;2.68;6.00,tick=156414 goal=0 lap=0 last=0.0 best=0.0
72.64,259,323.7,0.35,-0.59,16,-85,BEND,2.61;0.50;0.28;0.24;0.23;0.27;0.37;0.74;6.00;2.09;1.27;1.01;0.99;1.10;1.52;3.33,tick=156442 goal=0 lap=0 last=0.0 best=0.0
72.92,260,306.7,0.34,-0.56,45,-66.69,FWD,4.25;1.56;0.48;0.30;0.24;0.24;0.29;0.43;1.04;5.87;1.82;1.18;1.01;0.97;1.13;1.66,tick=156470 goal=0 lap=0 last=0.0 best=0.0
73.20,261,291.0,0.35,-0.47,30,-52.24500000000001,FWD,1.77;6.00;1.30;0.56;0.36;0.31;0.33;0.39;0.62;2.22;3.50;1.46;1.02;0.90;0.91;1.12,tick=156498 goal=0 lap=0 last=0.0 best=0.0
73.48,262,276.0,0.41,-0.40,20,-26.959999999999994,FWD,1.07;-1.00;6.00;1.22;-1.00;0.49;0.45;0.50;0.63;1.15;5.98;2.00;1.09;0.82;0.76;0.82,tick=156526 goal=0 lap=0 last=0.0 best=0.0
73.76,263,265.8,0.39,-0.26,16,59.72,BEND,0.69;1.02;2.91;3.44;1.15;0.74;0.66;0.65;0.73;1.11;3.05;3.02;1.05;0.68;0.58;0.57,tick=156554 goal=0 lap=0 last=0.0 best=0.0
74.04,264,268.4,0.39,0.47,16,85,BEND,0.46;0.68;1.99;4.43;1.49;1.00;0.85;0.83;0.98;1.43;4.04;2.00;0.71;0.47;0.39;0.41,tick=156583 goal=0 lap=0 last=0.0 best=0.0
74.32,265,284.7,0.37,0.66,-45,-70,REV,0.37;0.79;5.99;2.12;1.28;1.00;0.99;1.10;1.51;3.23;2.47;0.47;0.30;0.25;0.25;0.26,tick=156611 goal=0 lap=0 last=0.0 best=0.0
74.60,266,294.1,0.28,0.00,-45,-70,REV,0.30;1.30;3.92;1.74;1.24;1.08;1.12;1.38;2.23;6.00;0.49;0.24;0.14;0.15;0.15;0.18,tick=156639 goal=0 lap=0 last=0.0 best=0.0
74.88,267,285.4,-0.02,0.00,-45,-70,REV,0.15;0.39;6.00;2.15;1.40;1.14;1.14;1.30;1.90;4.70;0.56;0.16;0.12;0.09;0.09;0.12,tick=156667 goal=0 lap=0 last=0.0 best=0.0
75.16,268,289.0,-0.12,0.22,-45,-70,REV,0.19;-1.00;5.61;1.97;1.32;1.13;1.12;1.33;2.01;5.72;0.52;0.20;0.14;0.13;0.11;0.11,tick=156695 goal=0 lap=0 last=0.0 best=0.0
75.45,269,299.0,-0.16,0.22,-45,-70,REV,0.34;2.14;3.42;1.64;1.19;1.07;1.12;1.39;2.35;6.00;0.47;0.22;0.15;0.14;0.17;0.21,tick=156724 goal=0 lap=0 last=0.0 best=0.0
75.73,270,303.0,-0.14,0.21,-45,-70,REV,0.53;6.00;2.45;1.40;1.08;1.04;1.15;1.53;2.98;3.78;0.42;0.26;0.20;0.18;-1.00;0.27,tick=156751 goal=0 lap=0 last=0.0 best=0.0
76.01,271,315.2,-0.13,0.21,16,85,BEND,0.90;6.00;1.93;1.26;1.03;1.01;1.16;1.74;4.33;1.25;0.39;0.25;0.22;0.20;0.26;0.37,tick=156779 goal=0 lap=0 last=0.0 best=0.0
76.29,272,313.7,-0.10,-0.18,16,85,BEND,1.31;4.66;1.73;1.19;1.01;1.01;1.20;1.83;5.62;0.98;0.37;0.25;0.21;0.23;0.27;0.41,tick=156807 goal=0 lap=0 last=0.0 best=0.0
76.57,273,312.9,-0.06,-0.05,16,85,BEND,0.93;5.99;1.93;1.24;1.02;0.98;1.13;1.63;3.90;1.55;0.45;0.28;0.22;0.21;0.25;0.36,tick=156835 goal=0 lap=0 last=0.0 best=0.0
76.85,274,307.5,0.03,-0.01,16,85,BEND,0.89;6.00;2.02;1.25;1.03;0.98;1.13;1.58;3.55;1.91;0.45;0.29;0.23;0.22;0.27;0.39,tick=156863 goal=0 lap=0 last=0.0 best=0.0
77.13,275,308.4,0.05,0.08,16,85,BEND,0.94;6.00;1.93;1.24;1.01;1.00;1.12;1.63;3.94;1.54;0.44;0.28;0.24;0.23;0.27;0.38,tick=156891 goal=0 lap=0 last=0.0 best=0.0
77.41,276,314.7,0.10,0.17,16,85,BEND,1.26;4.77;1.74;1.18;1.01;1.01;1.20;1.83;5.42;1.03;0.39;0.26;0.21;0.24;0.28;0.41,tick=156919 goal=0 lap=0 last=0.0 best=0.0
77.69,277,319.9,0.13,0.23,16,85,BEND,2.84;3.30;1.55;1.11;1.00;1.06;1.30;2.17;5.99;0.67;0.32;0.24;0.21;0.22;0.29;0.48,tick=156947 goal=0 lap=0 last=0.0 best=0.0
77.97,278,325.8,0.15,0.23,16,85,BEND,6.00;2.37;1.34;1.05;1.01;1.08;1.48;2.93;4.17;0.49;0.29;0.24;0.22;0.23;0.31;0.63,tick=156975 goal=0 lap=0 last=0.0 best=0.0
78.25,279,333.9,0.17,0.33,30,70,FWD,5.18;1.80;1.19;1.01;1.00;1.19;1.75;4.95;1.12;0.40;0.28;0.23;0.23;0.27;0.40;1.17,tick=157003 goal=0 lap=0 last=0.0 best=0.0
78.53,280,342.7,0.20,0.30,30,70,FWD,2.81;1.42;1.07;0.97;1.01;1.31;2.29;6.00;0.71;0.36;0.27;0.24;0.27;0.34;0.62;6.00,tick=157032 goal=0 lap=0 last=0.0 best=0.0
78.81,281,353.0,0.25,0.40,30,56.320000000000014,FWD,1.82;1.13;0.94;0.92;1.06;1.52;3.58;2.15;0.61;0.38;0.32;0.32;0.36;0.52;1.25;6.00,tick=157060 goal=0 lap=0 last=0.0 best=0.0
79.09,282,4.2,0.30,0.33,20,40.37,FWD,1.23;0.92;0.82;0.85;1.09;1.86;6.00;1.19;0.61;0.44;0.40;0.41;0.54;0.92;6.00;2.50,tick=157088 goal=0 lap=0 last=0.0 best=0.0
79.37,283,15.8,0.32,0.22,16,-40.279999999999994,BEND,0.88;0.72;0.69;0.79;-1.00;2.50;4.39;1.07;0.67;0.56;0.53;0.61;0.86;1.96;5.98;1.42,tick=157116 goal=0 lap=0 last=0.0 best=0.0
79.65,284,21.7,0.31,-0.25,16,-65.24,BEND,0.68;0.56;0.54;0.65;0.94;2.39;3.98;1.27;0.81;0.70;0.68;0.78;1.15;3.02;3.39;1.02,tick=157144 goal=0 lap=0 last=0.0 best=0.0
79.94,285,9.3,0.30,-0.39,16,-85,BEND,0.58;0.46;0.42;0.46;0.57;1.07;5.99;2.11;1.14;0.87;0.79;0.87;1.14;2.10;6.00;1.12,tick=157172 goal=0 lap=0 last=0.0 best=0.0
80.22,286,356.9,0.29,-0.48,16,-85,BEND,0.62;0.38;0.32;0.32;0.37;0.52;1.25;6.00;1.77;1.14;0.94;0.94;1.07;1.53;3.70;2.30,tick=157200 goal=0 lap=0 last=0.0 best=0.0
80.50,287,338.2,0.28,-0.50,16,-85,BEND,1.02;0.42;0.29;0.24;0.27;0.33;0.49;1.74;3.81;1.60;1.13;0.98;1.01;1.20;1.92;6.00,tick=157228 goal=0 lap=0 last=0.0 best=0.0
80.78,288,322.0,0.28,-0.46,16,-85,BEND,5.99;0.66;0.34;0.27;0.26;0.26;0.32;0.57;6.00;2.71;1.42;1.06;0.97;1.05;1.38;2.48,tick=157256 goal=0 lap=0 last=0.0 best=0.0
81.06,289,308.4,0.26,-0.49,45,-63.175,FWD,3.35;2.79;0.56;0.33;0.28;0.28;0.30;0.41;0.89;6.00;2.03;1.23;1.01;0.96;1.08;1.51,tick=157284 goal=0 lap=0 last=0.0 best=0.0
81.34,290,293.6,0.32,-0.42,30,-51.769999999999996,FWD,1.75;6.00;1.40;0.54;0.38;0.34;0.34;0.41;0.63;2.13;3.65;1.50;1.04;0.91;0.93;1.11,tick=157312 goal=0 lap=0 last=0.0 best=0.0
81.62,291,277.3,0.38,-0.41,20,-14.184999999999999,FWD,1.11;2.11;5.97;1.16;0.63;-1.00;0.44;0.49;0.65;1.21;6.00;1.94;1.07;0.85;0.77;0.85,tick=157340 goal=0 lap=0 last=0.0 best=0.0
81.90,292,271.4,0.38,-0.11,16,55.32,BEND,0.78;1.20;4.24;2.57;1.02;0.72;0.61;0.64;0.75;1.16;3.96;2.51;1.03;0.72;0.62;0.65,tick=157368 goal=0 lap=0 last=0.0 best=0.0
82.18,293,269.5,0.37,0.40,16,85,BEND,0.58;0.91;3.82;2.96;1.27;0.91;0.80;0.80;0.99;1.55;6.00;1.66;0.72;0.52;0.46;0.47,tick=157396 goal=0 lap=0 last=0.0 best=0.0
82.46,294,288.0,0.33,0.57,16,85,BEND,0.51;1.28;6.00;1.79;1.14;0.94;0.93;1.08;1.56;3.78;2.00;0.59;0.40;0.31;0.31;0.37,tick=157424 goal=0 lap=0 last=0.0 best=0.0
82.74,295,306.3,0.34,0.55,16,85,BEND,0.74;5.98;2.23;1.34;1.05;1.01;1.14;1.55;3.24;2.65;0.49;0.28;0.25;0.21;0.25;0.36,tick=157452 goal=0 lap=0 last=0.0 best=0.0
83.02,296,322.3,0.33,0.50,16,85,BEND,6.00;2.73;1.47;1.13;1.05;1.11;1.45;2.68;5.99;0.50;0.27;0.22;0.18;0.20;0.28;0.51,tick=157480 goal=0 lap=0 last=0.0 best=0.0
83.30,297,340.2,0.30,0.50,45,70,FWD,3.48;1.57;1.16;1.01;1.04;1.32;2.14;5.99;0.76;0.34;0.25;0.23;0.24;0.29;0.47;2.49,tick=157509 goal=0 lap=0 last=0.0 best=0.0
83.58,298,357.8,0.34,0.48,30,57.58,FWD,1.72;1.13;0.98;0.95;1.14;1.65;4.40;1.60;0.54;0.37;0.32;0.32;0.36;0.53;1.47;5.25,tick=157537 goal=0 lap=0 last=0.0 best=0.0
83.86,299,7.0,0.39,0.49,20,33.18000000000001,FWD,1.06;0.85;0.81;0.90;1.21;2.42;6.00;0.97;0.58;0.46;0.46;0.49;0.64;1.33;5.99;1.84,tick=157565 goal=0 lap=0 last=0.0 best=0.0
84.14,300,23.7,0.38,0.28,16,-55.72,BEND,0.70;0.64;0.63;0.77;1.26;5.00;2.26;0.98;0.72;0.62;0.64;0.78;1.26;5.30;2.33;1.01,tick=157593 goal=0 lap=0 last=0.0 best=0.0
84.42,301,25.8,0.37,-0.39,16,-85,BEND,-1.00;0.43;0.44;0.55;0.90;4.16;2.76;1.28;0.91;0.82;0.85;1.05;1.73;5.99;1.49;0.70,tick=157621 goal=0 lap=0 last=0.0 best=0.0
84.71,302,9.4,0.35,-0.57,-45,70,REV,0.37;0.28;0.26;0.28;0.40;0.73;6.00;2.40;1.35;1.04;0.97;1.06;1.43;2.70;6.00;0.67,tick=157649 goal=0 lap=0 last=0.0 best=0.0
84.99,303,359.2,0.24,0.37,-45,70,REV,0.27;0.19;0.17;0.16;0.18;0.28;0.89;4.82;1.88;1.29;1.11;1.12;1.34;2.06;5.99;0.69,tick=157677 goal=0 lap=0 last=0.0 best=0.0
85.27,304,3.5,0.09,-0.03,-45,70,REV,0.14;0.12;0.10;0.12;0.14;0.22;2.27;3.26;1.66;1.27;1.13;1.22;1.58;2.76;6.00;0.26,tick=157705 goal=0 lap=0 last=0.0 best=0.0
85.55,305,4.7,-0.12,-0.20,-45,70,REV,0.18;0.13;0.12;0.13;0.15;0.24;1.42;3.57;1.72;1.26;1.12;1.17;1.48;2.51;5.99;0.37,tick=157733 goal=0 lap=0 last=0.0 best=0.0
85.83,306,356.9,-0.15,-0.21,-45,70,REV,0.29;0.20;0.16;0.18;0.20;0.29;0.83;5.25;1.91;1.28;1.11;1.11;1.30;1.98;5.81;0.82,tick=157761 goal=0 lap=0 last=0.0 best=0.0
86.11,307,351.8,-0.15,-0.23,-45,70,REV,0.43;0.26;0.20;0.22;0.22;0.32;0.68;6.00;2.23;1.34;1.08;1.02;1.16;1.61;3.46;2.53,tick=157789 goal=0 lap=0 last=0.0 best=0.0
86.39,308,344.4,-0.15,-0.24,16,-85,BEND,0.67;0.34;0.27;0.24;0.24;0.32;0.58;6.00;2.83;1.47;1.08;1.01;1.08;1.37;2.44;6.00,tick=157817 goal=0 lap=0 last=0.0 best=0.0
86.67,309,339.7,-0.12,0.17,16,-85,BEND,0.91;0.41;0.31;0.26;0.28;0.34;0.55;2.52;3.32;1.56;1.11;0.98;1.01;1.26;2.08;6.00,tick=157845 goal=0 lap=0 last=0.0 best=0.0
86.95,310,343.0,-0.05,0.12,16,-85,BEND,0.75;0.37;0.30;0.27;0.29;0.40;0.70;5.99;2.59;1.38;1.04;0.97;1.03;1.34;2.44;5.99,tick=157873 goal=0 lap=0 last=0.0 best=0.0
87.23,311,345.6,-0.00,-0.01,16,-85,BEND,0.72;0.39;0.32;0.28;0.30;0.40;0.75;5.99;2.42;-1.00;1.03;0.96;1.03;1.38;2.56;5.99,tick=157901 goal=0 lap=0 last=0.0 best=0.0
87.51,312,343.8,0.03,-0.09,16,-85,BEND,0.77;0.40;0.28;0.27;0.28;0.38;0.68;6.00;2.60;1.37;1.04;0.96;1.04;1.34;2.41;5.99,tick=157929 goal=0 lap=0 last=0.0 best=0.0
87.79,313,345.5,0.10,-0.16,16,-85,BEND,0.89;0.41;0.30;0.27;0.28;0.34;0.55;2.91;3.19;1.51;1.10;0.98;1.02;1.27;2.14;6.00,tick=157957 goal=0 lap=0 last=0.0 best=0.0
88.07,314,335.0,0.13,-0.16,16,-85,BEND,1.21;0.45;0.28;0.26;-1.00;0.29;0.45;1.32;4.71;1.74;1.19;1.00;1.00;1.20;1.80;-1.00,tick=157986 goal=0 lap=0 last=0.0 best=0.0
88.35,315,328.6,0.15,-0.24,16,-85,BEND,3.12;0.52;0.32;0.25;0.23;0.26;0.38;0.78;6.00;2.19;1.29;1.07;1.01;1.13;1.55;3.32,tick=158014 goal=0 lap=0 last=0.0 best=0.0
88.63,316,318.0,0.16,-0.26,16,-85,BEND,6.00;0.75;0.36;0.26;0.25;0.25;0.32;0.54;3.32;3.09;1.52;1.10;1.00;1.06;1.32;2.29,tick=158042 goal=0 lap=0 last=0.0 best=0.0
88.91,317,309.0,0.19,-0.31,45,-70,FWD,4.33;1.64;0.47;0.32;0.26;0.26;0.32;0.45;1.08;5.99;1.87;1.22;1.02;0.99;1.17;1.72,tick=158070 goal=0 lap=0 last=0.0 best=0.0
89.19,318,301.4,0.24,-0.35,30,-66.955,FWD,2.42;6.00;0.80;0.43;0.30;0.26;0.31;0.40;0.72;6.00;2.55;1.36;1.05;0.95;1.03;1.34,tick=158098 goal=0 lap=0 last=0.0 best=0.0
89.48,319,288.3,0.00,-0.41,30,-46.29,FWD,1.53;3.97;2.27;0.68;0.44;0.39;0.37;0.43;0.63;1.58;5.17;1.64;1.07;0.90;0.91;1.03,tick=158123 goal=0 lap=0 last=0.0 best=0.0
89.76,320,274.3,0.35,-0.32,30,-22.71499999999999,FWD,1.03;1.82;6.00;1.45;0.71;0.55;0.49;0.51;0.67;1.15;6.00;2.17;1.12;0.82;0.73;-1.00,tick=158151 goal=0 lap=0 last=0.0 best=0.0
90.04,321,267.1,0.37,-0.15,16,60.440000000000005,BEND,0.74;1.11;3.29;3.23;1.13;0.79;0.66;0.64;0.77;1.13;3.34;2.92;1.08;0.72;0.60;0.62,tick=158182 goal=0 lap=0 last=0.0 best=0.0
90.32,322,269.5,0.37,0.43,16,85,BEND,0.53;0.80;2.54;3.80;1.43;0.96;0.83;0.83;0.99;1.50;4.65;1.94;0.73;0.50;0.42;0.42,tick=158210 goal=0 lap=0 last=0.0 best=0.0
90.60,323,285.8,0.34,0.61,16,85,BEND,0.45;0.99;6.00;2.03;1.25;1.00;0.95;1.10;1.53;3.32;2.62;0.58;0.36;0.30;0.27;0.33,tick=158238 goal=0 lap=0 last=0.0 best=0.0
90.88,324,301.3,0.33,0.00,-45,-70,REV,0.53;5.99;2.56;1.46;1.14;1.07;1.17;1.55;3.01;4.52;0.45;0.25;0.21;-1.00;0.21;0.27,tick=158266 goal=0 lap=0 last=0.0 best=0.0
91.16,325,315.3,0.00,-0.33,-45,-70,REV,1.00;4.79;1.87;1.29;1.11;1.12;1.34;2.07;6.00;0.65;0.27;0.17;0.15;0.16;0.18;0.28,tick=158294 goal=0 lap=0 last=0.0 best=0.0
91.44,326,307.0,0.06,-0.04,-45,-70,REV,0.50;5.99;2.31;1.42;1.18;1.12;1.27;1.78;4.00;1.15;0.26;0.16;0.13;-1.00;0.16;0.23,tick=158322 goal=0 lap=0 last=0.0 best=0.0
91.72,327,307.5,-0.09,0.13,-45,-70,REV,0.50;6.00;2.33;1.42;1.16;1.12;1.27;1.78;3.96;1.16;0.27;0.18;0.15;0.14;0.14;0.22,tick=158350 goal=0 lap=0 last=0.0 best=0.0
92.00,328,311.5,-0.16,0.25,-45,-70,REV,0.87;5.27;1.94;1.30;1.11;1.11;1.33;2.01;6.00;0.70;0.27;0.17;0.16;0.17;0.19;0.28,tick=158378 goal=0 lap=0 last=0.0 best=0.0
92.28,329,320.2,-0.15,0.22,16,85,BEND,2.82;3.37;1.62;1.21;1.07;1.16;1.45;2.46;5.99;0.48;0.23;0.17;0.14;0.18;0.21;0.38,tick=158407 goal=0 lap=0 last=0.0 best=0.0
92.56,330,324.9,-0.11,-0.17,16,85,BEND,6.00;2.88;1.56;1.19;1.08;1.16;1.51;2.77;6.00;0.41;0.21;0.15;0.17;0.18;0.24;0.41,tick=158435 goal=0 lap=0 last=0.0 best=0.0
92.84,331,319.4,-0.06,-0.07,16,85,BEND,2.01;3.62;1.69;1.20;1.08;1.13;1.41;2.34;5.98;0.54;0.23;0.18;0.15;0.17;0.20;0.36,tick=158463 goal=0 lap=0 last=0.0 best=0.0
93.12,332,321.8,0.02,0.03,16,85,BEND,1.63;3.86;1.74;1.25;1.07;1.13;1.39;2.25;5.99;0.57;0.26;0.20;0.17;0.17;0.21;0.35,tick=158491 goal=0 lap=0 last=0.0 best=0.0
93.41,333,320.6,0.05,0.09,16,85,BEND,2.19;3.53;1.68;1.22;1.11;1.16;1.42;2.36;6.00;0.50;0.26;0.18;0.17;0.16;0.20;0.35,tick=158519 goal=0 lap=0 last=0.0 best=0.0
93.69,334,325.6,0.09,0.19,16,85,BEND,5.98;2.94;1.55;1.18;1.08;1.16;-1.00;2.74;5.99;0.41;0.21;0.17;0.16;0.17;0.23;0.42,tick=158547 goal=0 lap=0 last=0.0 best=0.0
93.97,335,331.2,0.10,0.20,16,85,BEND,5.99;2.36;1.41;1.14;1.09;1.22;1.67;3.58;1.76;0.35;0.20;0.15;0.18;0.20;0.23;0.56,tick=158575 goal=0 lap=0 last=0.0 best=0.0
94.25,336,335.7,0.14,0.26,30,70,FWD,5.11;1.87;1.26;1.09;1.10;1.30;1.96;5.95;0.80;0.30;0.21;0.17;0.19;0.21;0.34;1.00,tick=158603 goal=0 lap=0 last=0.0 best=0.0
94.53,337,339.9,0.20,0.27,45,70,FWD,3.04;1.55;1.15;1.05;1.11;1.42;2.51;6.00;0.56;0.30;0.21;0.20;0.22;0.27;0.48;6.00,tick=158631 goal=0 lap=0 last=0.0 best=0.0
94.81,338,355.5,0.27,0.38,30,70,FWD,2.01;1.25;1.03;1.00;1.15;1.64;3.80;1.88;0.49;0.30;0.24;0.26;0.29;0.42;0.97;6.00,tick=158659 goal=0 lap=0 last=0.0 best=0.0
95.09,339,6.0,0.33,0.49,20,51.33,FWD,1.32;0.99;0.90;0.95;1.23;2.18;6.00;1.00;0.51;0.39;0.35;0.37;0.48;0.87;6.00;2.57,tick=158687 goal=0 lap=0 last=0.0 best=0.0
95.37,340,20.9,0.34,0.33,16,-30.359999999999996,BEND,0.91;0.77;0.78;0.92;1.35;4.01;2.37;0.86;0.58;0.48;0.51;0.61;0.91;2.77;3.74;1.35,tick=158715 goal=0 lap=0 last=0.0 best=0.0
95.65,341,26.3,0.34,-0.19,16,-64.92,BEND,0.65;0.60;0.63;0.76;1.29;5.99;2.12;1.01;0.72;0.65;0.70;0.88;1.47;6.00;1.93;0.92,tick=158743 goal=0 lap=0 last=0.0 best=0.0
95.93,342,18.1,0.31,-0.41,16,-85,BEND,0.54;0.43;0.44;0.50;0.71;1.75;5.30;1.58;1.02;0.82;0.83;0.96;1.40;3.49;2.91;0.85,tick=158771 goal=0 lap=0 last=0.0 best=0.0
96.21,343,358.5,0.31,-0.55,16,-85,BEND,0.48;0.34;0.30;0.34;0.41;0.64;2.81;3.29;1.49;1.09;0.95;0.99;1.24;2.02;6.00;1.08,tick=158799 goal=0 lap=0 last=0.0 best=0.0
96.49,344,344.4,0.29,-0.54,16,-85,BEND,0.58;0.31;0.23;0.22;0.24;0.31;0.57;5.98;2.69;1.46;1.11;1.04;1.12;1.47;2.71;6.00,tick=158827 goal=0 lap=0 last=0.0 best=0.0
96.77,345,328.9,0.28,-0.52,16,-85,BEND,1.78;0.36;0.24;0.18;0.16;0.20;0.28;0.63;6.00;2.23;1.38;1.12;1.07;1.23;1.70;3.85,tick=158856 goal=0 lap=0 last=0.0 best=0.0
97.05,346,313.0,0.29,-0.49,20,-70,FWD,5.99;0.90;0.32;0.23;0.18;0.21;0.22;0.35;1.07;4.85;1.85;1.28;1.09;1.11;1.32;2.02,tick=158884 goal=0 lap=0 last=0.0 best=0.0
97.33,347,295.2,0.29,-0.38,30,-70,FWD,2.47;6.00;0.68;0.34;0.26;0.25;0.26;0.33;0.57;5.76;2.92;1.49;1.13;1.00;1.08;1.40,tick=158912 goal=0 lap=0 last=0.0 best=0.0
97.61,348,284.4,0.30,-0.42,30,-58.545,FWD,1.54;3.59;2.69;0.63;0.41;0.33;0.32;0.37;0.52;1.21;5.99;1.88;1.18;0.95;0.94;1.06,tick=158940 goal=0 lap=0 last=0.0 best=0.0
97.90,349,269.6,0.35,-0.37,20,-34.015,FWD,1.04;1.67;6.00;1.65;0.72;0.54;0.45;0.46;0.58;0.93;3.81;2.91;1.29;0.93;0.81;0.86,tick=158968 goal=0 lap=0 last=0.0 best=0.0
98.18,350,263.2,0.34,-0.26,16,54.120000000000005,BEND,0.72;1.01;2.16;6.00;1.33;0.80;0.66;0.64;0.69;0.95;2.04;5.98;1.39;0.81;0.69;0.65,tick=158996 goal=0 lap=0 last=0.0 best=0.0
98.46,351,264.6,0.33,0.33,16,85,BEND,0.52;0.72;1.45;6.00;1.83;1.05;0.84;0.79;0.89;1.18;2.42;6.00;1.06;0.63;0.49;0.47,tick=159024 goal=0 lap=0 last=0.0 best=0.0
98.74,352,277.8,0.32,0.55,16,85,BEND,0.41;0.68;3.90;3.17;1.46;1.08;0.96;0.98;1.23;2.06;5.98;1.01;0.48;0.35;0.31;0.31,tick=159052 goal=0 lap=0 last=0.0 best=0.0
99.02,353,291.4,0.31,0.51,-45,-70,REV,0.34;1.18;4.85;1.84;1.27;1.08;1.10;1.30;2.01;6.00;0.85;0.34;0.23;0.18;0.20;0.25,tick=159080 goal=0 lap=0 last=0.0 best=0.0
99.30,354,304.8,0.23,-0.34,-45,-70,REV,0.36;5.99;2.86;1.59;1.22;1.14;1.24;1.64;3.10;5.15;0.32;0.18;0.14;0.14;0.15;0.18,tick=159108 goal=0 lap=0 last=0.0 best=0.0
99.58,355,292.9,0.06,-0.03,-45,-70,REV,0.19;1.01;4.03;1.85;1.35;1.20;1.21;1.50;2.49;6.00;0.31;0.15;0.10;0.10;0.11;0.14,tick=159136 goal=0 lap=0 last=0.0 best=0.0
99.86,356,298.5,-0.10,0.15,-45,-70,REV,0.24;1.33;3.81;1.79;1.31;1.17;1.23;1.54;2.54;6.00;0.33;0.16;0.11;0.09;0.12;0.13,tick=159164 goal=0 lap=0 last=0.0 best=0.0
100.14,357,302.8,-0.16,0.21,-45,-70,REV,0.36;6.00;2.78;1.56;1.22;1.15;1.23;1.64;3.17;3.74;0.30;0.18;0.14;0.14;0.14;0.20,tick=159192 goal=0 lap=0 last=0.0 best=0.0
100.42,358,307.9,-0.14,0.22,-45,-70,REV,0.66;6.00;2.17;1.40;1.14;1.10;1.30;1.85;4.53;1.00;0.29;0.18;0.16;0.15;0.16;0.26,tick=159220 goal=0 lap=0 last=0.0 best=0.0
100.70,359,314.8,-0.14,0.19,16,85,BEND,1.26;4.43;1.82;1.27;1.11;1.13;1.37;2.16;6.00;0.65;0.29;0.20;0.17;0.19;0.21;0.33,tick=159248 goal=0 lap=0 last=0.0 best=0.0
100.98,360,321.5,-0.12,-0.20,16,85,BEND,2.71;3.46;1.67;1.24;1.09;1.13;1.45;2.42;6.00;0.54;0.27;0.19;0.19;0.19;0.23;0.41,tick=159277 goal=0 lap=0 last=0.0 best=0.0
101.26,361,318.4,-0.06,-0.11,16,85,BEND,1.24;4.59;1.83;1.27;1.10;1.12;1.34;2.08;5.99;0.73;0.30;0.20;0.18;0.19;0.23;0.35,tick=159305 goal=0 lap=0 last=0.0 best=0.0
101.54,362,311.5,0.01,0.00,16,85,BEND,1.08;5.01;1.87;1.29;1.11;1.10;1.31;2.00;5.98;0.80;0.32;0.20;0.20;-1.00;0.23;0.33,tick=159333 goal=0 lap=0 last=0.0 best=0.0
101.83,363,318.4,0.00,0.09,16,85,BEND,1.29;4.46;1.82;1.27;1.11;1.12;1.35;2.11;6.00;0.71;0.29;0.22;0.19;0.20;0.24;0.35,tick=159361 goal=0 lap=0 last=0.0 best=0.0
102.11,364,321.5,0.08,0.12,16,85,BEND,2.20;3.60;1.70;1.22;1.09;1.14;1.43;2.38;6.00;0.58;0.26;0.18;0.16;0.18;0.23;0.38,tick=159389 goal=0 lap=0 last=0.0 best=0.0
102.39,365,325.1,0.12,0.19,16,85,BEND,5.99;2.73;1.51;1.17;1.10;1.20;1.56;2.99;5.99;0.42;0.23;0.18;0.16;0.19;0.27;0.50,tick=159417 goal=0 lap=0 last=0.0 best=0.0
102.67,366,332.8,0.14,0.22,16,85,BEND,6.00;2.10;1.37;1.11;1.11;1.26;1.80;4.41;1.19;0.34;0.21;0.19;0.20;0.20;0.32;0.76,tick=159445 goal=0 lap=0 last=0.0 best=0.0
102.95,367,340.6,0.18,0.28,45,70,FWD,3.69;1.67;1.20;1.07;1.12;1.40;2.25;6.00;0.65;0.32;0.24;0.22;0.20;0.23;0.44;2.19,tick=159473 goal=0 lap=0 last=0.0 best=0.0
103.23,368,354.5,0.23,0.33,30,70,FWD,2.33;1.37;1.10;1.01;1.13;1.55;3.17;3.41;0.54;0.31;0.25;0.23;0.28;0.34;0.76;6.00,tick=159501 goal=0 lap=0 last=0.0 best=0.0
103.51,369,0.4,0.29,0.42,30,70,FWD,1.52;1.09;0.94;-1.00;1.19;1.94;6.00;1.15;0.51;0.36;0.34;0.33;0.41;0.65;2.91;3.48,tick=159529 goal=0 lap=0 last=0.0 best=0.0
103.79,370,14.4,0.34,0.44,20,37.11999999999999,FWD,1.03;0.85;0.83;0.96;1.34;3.12;3.32;0.87;0.55;0.45;0.45;0.52;0.73;1.74;6.00;1.65,tick=159557 goal=0 lap=0 last=0.0 best=0.0
104.07,371,25.3,0.34,0.20,16,-50.199999999999996,BEND,0.73;0.67;0.72;0.90;1.54;6.00;1.78;0.90;0.66;0.61;0.65;0.84;1.45;6.00;1.96;0.97,tick=159585 goal=0 lap=0 last=0.0 best=0.0
104.35,372,29.7,0.35,-0.37,16,-85,BEND,0.53;0.50;0.53;0.67;1.22;6.00;2.06;1.11;0.84;0.79;0.84;1.10;2.03;6.00;1.31;0.70,tick=159613 goal=0 lap=0 last=0.0 best=0.0
104.63,373,17.0,0.31,-0.53,16,-85,BEND,0.39;0.34;0.34;0.38;0.55;1.33;6.00;1.82;1.15;0.95;0.95;1.10;1.60;4.02;2.19;0.63,tick=159642 goal=0 lap=0 last=0.0 best=0.0
104.91,374,4.3,0.30,-0.55,-45,70,REV,0.35;0.25;0.20;0.21;0.23;0.40;1.30;4.41;1.79;1.24;1.09;1.10;1.34;2.09;6.00;0.88,tick=159670 goal=0 lap=0 last=0.0 best=0.0
105.19,375,351.1,0.22,0.30,-45,70,REV,-1.00;0.15;0.12;0.13;0.14;0.18;0.41;6.00;2.54;1.50;1.21;1.16;1.28;1.77;3.70;1.80,tick=159698 goal=0 lap=0 last=0.0 best=0.0
105.47,376,357.2,0.00,-0.01,-45,70,REV,0.17;0.12;0.10;0.11;0.10;0.15;0.40;6.00;2.18;1.43;1.21;1.19;1.41;2.08;5.56;0.53,tick=159726 goal=0 lap=0 last=0.0 best=0.0
105.75,377,353.0,-0.14,-0.19,-45,70,REV,0.22;0.14;0.13;0.09;0.12;0.18;0.40;6.00;2.35;1.46;1.21;1.15;1.34;1.86;4.33;0.96,tick=159754 goal=0 lap=0 last=0.0 best=0.0
106.04,378,0.0,-0.14,-0.22,-45,70,REV,0.38;0.22;0.15;0.15;0.16;0.19;0.38;6.00;2.90;1.58;1.22;1.12;1.22;1.58;2.97;5.99,tick=159782 goal=0 lap=0 last=0.0 best=0.0
106.32,379,339.8,-0.15,-0.18,-45,70,REV,0.65;0.30;0.19;0.18;0.19;0.21;0.37;1.43;3.98;1.77;1.26;1.10;1.12;1.39;2.26;6.00,tick=159810 goal=0 lap=0 last=0.0 best=0.0
106.60,380,334.3,-0.16,-0.20,16,-85,BEND,1.25;0.37;0.25;0.18;0.19;0.22;0.33;0.80;6.00;2.05;1.34;1.11;1.11;1.28;1.83;4.68,tick=159838 goal=0 lap=0 last=0.0 best=0.0
106.88,381,329.6,-0.11,0.18,16,-85,BEND,2.09;0.41;0.25;0.20;0.20;0.22;0.33;0.68;5.98;2.25;1.36;1.11;1.07;1.21;1.70;3.75,tick=159866 goal=0 lap=0 last=0.0 best=0.0
107.16,382,334.8,-0.04,0.07,16,-85,BEND,1.17;0.39;0.24;0.21;0.20;0.24;0.34;0.94;5.80;1.96;1.28;1.09;1.09;1.27;1.89;5.11,tick=159894 goal=0 lap=0 last=0.0 best=0.0
107.44,383,337.3,0.00,0.00,16,-85,BEND,1.05;0.37;0.24;0.22;0.22;0.25;0.37;1.09;5.20;1.88;1.27;1.08;1.06;1.28;1.94;5.68,tick=159922 goal=0 lap=0 last=0.0 best=0.0
107.72,384,336.3,0.06,-0.06,16,-85,BEND,1.20;0.40;0.24;0.18;0.20;0.23;0.35;0.92;6.00;1.98;1.30;1.08;1.07;1.28;1.85;5.01,tick=159950 goal=0 lap=0 last=0.0 best=0.0
108.00,385,332.0,0.10,-0.16,16,-85,BEND,1.96;0.40;0.23;0.20;0.20;0.22;0.30;0.68;6.00;2.22;1.37;1.13;1.07;1.19;1.70;3.85,tick=159978 goal=0 lap=0 last=0.0 best=0.0
108.28,386,324.2,0.13,-0.22,16,-85,BEND,6.00;0.53;0.27;0.23;0.19;0.23;0.29;0.52;6.00;2.76;1.51;1.14;1.08;1.17;1.54;2.86,tick=160006 goal=0 lap=0 last=0.0 best=0.0
108.56,387,316.0,0.13,-0.24,16,-85,BEND,6.00;0.77;0.33;0.24;0.21;0.18;0.26;0.40;1.58;3.96;1.72;1.23;1.07;1.12;1.35;2.17,tick=160034 goal=0 lap=0 last=0.0 best=0.0
108.84,388,310.0,0.17,-0.30,45,-70,FWD,3.98;1.88;0.46;0.28;0.21;0.21;0.25;0.37;0.81;6.00;2.12;1.32;1.08;1.06;1.22;1.72,tick=160062 goal=0 lap=0 last=0.0 best=0.0
109.12,389,296.4,0.23,-0.34,30,-70,FWD,2.45;6.00;0.76;0.37;0.28;0.24;0.26;0.35;0.59;5.64;2.93;1.51;1.11;1.01;1.11;1.38,tick=160088 goal=0 lap=0 last=0.0 best=0.0
109.40,390,289.1,0.28,-0.42,30,-57.895,FWD,1.59;3.88;2.37;0.65;0.42;0.35;0.32;0.38;0.55;1.32;6.00;1.83;1.18;0.97;0.94;1.10,tick=160119 goal=0 lap=0 last=0.0 best=0.0
109.68,391,272.5,0.34,-0.42,20,-34.745000000000005,FWD,1.06;1.80;6.00;1.50;0.70;0.50;0.45;0.47;0.59;0.96;5.11;2.68;1.27;0.91;0.82;0.86,tick=160147 goal=0 lap=0 last=0.0 best=0.0
109.96,392,264.6,0.33,-0.24,16,49.0,BEND,0.78;1.09;2.50;5.22;1.25;0.77;0.65;0.60;0.69;0.99;2.25;5.34;1.36;0.84;0.70;0.68,tick=160175 goal=0 lap=0 last=0.0 best=0.0
110.24,393,262.0,0.34,0.34,16,85,BEND,0.56;0.77;1.69;6.00;1.69;1.02;0.82;0.79;0.88;1.21;2.58;5.23;1.05;0.63;0.54;0.50,tick=160203 goal=0 lap=0 last=0.0 best=0.0
110.52,394,273.0,0.32,0.51,16,85,BEND,0.44;0.77;5.03;3.01;1.44;1.04;0.96;0.97;1.23;2.06;6.00;1.09;0.53;0.39;0.34;0.35,tick=160231 goal=0 lap=0 last=0.0 best=0.0
110.80,395,291.4,0.31,0.52,-45,-70,REV,0.44;1.48;4.65;1.79;1.26;1.06;1.07;1.29;2.00;6.00;0.98;0.39;0.26;0.23;0.25;0.29,tick=160259 goal=0 lap=0 last=0.0 best=0.0
111.09,396,302.7,0.21,-0.29,-45,-70,REV,0.43;6.00;2.90;1.58;1.20;1.13;1.20;1.56;2.94;6.00;0.42;0.22;0.15;0.17;0.17;0.24,tick=160287 goal=0 lap=0 last=0.0 best=0.0
111.37,397,295.9,0.03,-0.04,-45,-70,REV,0.26;1.36;4.05;1.83;1.31;1.16;1.19;1.47;2.42;5.99;0.46;0.19;0.15;0.13;0.15;0.16,tick=160315 goal=0 lap=0 last=0.0 best=0.0
111.65,398,296.9,-0.08,0.12,-45,-70,REV,0.30;1.65;3.85;1.78;1.28;1.13;1.21;1.47;2.46;5.99;0.45;0.22;0.16;0.15;0.15;0.17,tick=160343 goal=0 lap=0 last=0.0 best=0.0
111.93,399,304.2,-0.14,0.22,-45,-70,REV,0.47;6.00;2.82;1.54;1.19;1.12;1.22;1.57;3.03;6.00;0.39;0.22;0.18;0.16;0.19;0.24,tick=160371 goal=0 lap=0 last=0.0 best=0.0
112.21,400,306.4,-0.16,0.23,16,85,BEND,0.77;6.00;2.17;1.35;1.12;1.11;1.24;1.79;4.25;1.35;0.38;0.25;0.20;0.19;0.22;0.32,tick=160399 goal=0 lap=0 last=0.0 best=0.0
112.49,401,311.2,-0.11,-0.17,16,85,BEND,1.11;5.44;1.93;1.29;1.09;1.11;1.28;1.94;5.54;1.01;0.37;0.26;0.20;0.21;0.24;0.38,tick=160427 goal=0 lap=0 last=0.0 best=0.0
112.77,402,308.9,-0.05,-0.09,16,85,BEND,0.82;6.00;2.18;1.35;1.10;1.06;1.19;1.71;3.88;1.78;0.45;0.28;0.23;0.22;0.24;0.36,tick=160455 goal=0 lap=0 last=0.0 best=0.0
113.05,403,312.1,-0.00,0.02,16,85,BEND,0.77;6.00;2.26;1.35;1.13;1.06;1.18;1.65;3.57;2.22;0.47;0.29;0.24;0.22;0.26;0.35,tick=160483 goal=0 lap=0 last=0.0 best=0.0
113.33,404,305.6,0.06,0.10,16,85,BEND,0.83;5.99;2.16;1.33;1.11;1.07;1.21;1.72;3.91;1.72;0.44;0.28;0.23;0.23;0.26;0.35,tick=160511 goal=0 lap=0 last=0.0 best=0.0
113.61,405,310.7,0.09,0.15,16,85,BEND,1.05;5.76;1.95;1.29;1.08;1.08;1.27;1.90;5.22;1.07;0.37;0.25;0.21;-1.00;0.26;0.38,tick=160539 goal=0 lap=0 last=0.0 best=0.0
113.89,406,319.0,0.10,0.18,45,70,FWD,2.03;3.81;1.72;1.22;1.08;1.13;1.38;2.25;5.99;0.69;0.33;0.21;0.21;0.21;0.26;-1.00,tick=160567 goal=0 lap=0 last=0.0 best=0.0
114.17,407,323.9,0.18,0.25,16,85,BEND,6.00;2.72;1.50;1.14;1.07;1.18;1.56;2.95;5.98;0.49;0.28;0.20;0.20;0.22;0.28;0.55,tick=160595 goal=0 lap=0 last=0.0 best=0.0
114.45,408,0.0,0.23,0.44,30,70,FWD,5.12;1.89;1.27;1.09;1.08;1.28;1.94;5.87;0.98;0.37;0.26;0.20;0.22;0.26;0.39;1.23,tick=160624 goal=0 lap=0 last=0.0 best=0.0
114.73,409,346.1,0.27,0.38,30,70,FWD,2.45;1.39;1.08;1.03;1.12;1.49;2.94;5.66;0.60;0.34;0.27;0.27;0.27;0.40;0.77;6.00,tick=160652 goal=0 lap=0 last=0.0 best=0.0
115.01,410,1.9,0.30,0.47,30,55.129999999999995,FWD,1.55;1.08;0.95;0.97;1.19;1.87;6.00;1.28;0.55;0.39;0.35;0.36;0.41;0.70;2.79;3.61,tick=160680 goal=0 lap=0 last=0.0 best=0.0
115.29,411,13.5,0.36,0.36,20,31.445,FWD,1.05;0.86;0.82;0.91;1.29;2.82;4.36;-1.00;0.61;0.47;0.47;0.54;0.74;1.65;6.00;1.71,tick=160708 goal=0 lap=0 last=0.0 best=0.0
115.57,412,22.6,0.35,0.23,16,-54.44,BEND,0.75;0.64;0.68;0.82;1.33;5.69;2.25;1.01;0.72;0.64;0.67;0.82;1.32;5.90;2.37;1.06,tick=160736 goal=0 lap=0 last=0.0 best=0.0
115.86,413,23.8,0.34,-0.40,16,-85,BEND,0.52;0.46;0.49;0.61;1.01;4.76;2.71;1.26;0.91;0.83;0.84;1.05;1.74;6.00;1.65;0.75,tick=160764 goal=0 lap=0 last=0.0 best=0.0
116.14,414,10.4,0.32,-0.58,16,-85,BEND,0.44;0.35;0.32;0.36;0.49;0.93;6.00;2.22;1.29;1.00;0.96;1.07;1.46;2.90;5.99;0.77,tick=160792 goal=0 lap=0 last=0.0 best=0.0
116.42,415,356.0,0.32,-0.57,-45,70,REV,0.43;0.28;0.22;0.21;0.24;0.35;0.82;6.00;2.12;1.33;1.09;1.07;1.25;1.78;4.27;1.62,tick=160820 goal=0 lap=0 last=0.0 best=0.0
116.70,416,343.6,0.22,0.30,-45,70,REV,0.43;0.23;0.15;0.15;0.18;0.20;0.37;3.84;3.22;1.67;1.25;1.15;1.19;1.55;2.75;6.00,tick=160848 goal=0 lap=0 last=0.0 best=0.0
116.98,417,353.3,0.04,0.07,-45,70,REV,0.27;0.15;0.13;0.12;0.14;0.18;0.37;5.99;2.57;1.54;1.25;1.17;1.31;1.80;3.77;1.70,tick=160876 goal=0 lap=0 last=0.0 best=0.0
117.26,418,346.9,-0.10,-0.12,-45,70,REV,0.29;0.15;0.13;0.13;0.13;0.18;0.38;6.00;2.65;1.53;1.21;1.18;1.28;1.76;3.60;2.16,tick=160904 goal=0 lap=0 last=0.0 best=0.0
117.54,419,340.4,-0.14,-0.21,-45,70,REV,0.45;0.25;0.17;0.17;0.16;0.20;0.34;3.17;3.31;1.68;1.24;1.14;1.21;1.55;2.70;5.99,tick=160932 goal=0 lap=0 last=0.0 best=0.0
117.82,420,337.1,-0.15,-0.19,16,-85,BEND,0.79;0.30;0.21;0.19;0.18;0.24;0.34;1.06;4.79;1.89;1.30;1.12;1.14;1.38;2.13;6.00,tick=160960 goal=0 lap=0 last=0.0 best=0.0
118.10,421,334.8,-0.11,0.16,16,-85,BEND,1.19;0.35;0.23;0.20;0.19;0.22;0.32;0.84;5.99;2.07;1.35;1.13;1.12;1.30;1.91;4.95,tick=160988 goal=0 lap=0 last=0.0 best=0.0
118.38,422,335.5,-0.04,0.07,16,-85,BEND,0.84;0.34;0.23;0.20;0.20;0.24;0.38;1.33;4.41;1.81;1.27;1.09;1.11;1.37;2.11;6.00,tick=161016 goal=0 lap=0 last=0.0 best=0.0
118.66,423,340.9,0.01,0.04,16,-85,BEND,0.78;0.33;0.23;0.20;0.19;0.26;0.42;1.63;3.97;1.76;1.24;1.08;1.12;1.36;2.22;5.99,tick=161044 goal=0 lap=0 last=0.0 best=0.0
118.94,424,335.3,0.04,-0.12,16,-85,BEND,0.85;0.33;0.24;0.20;0.22;0.25;0.39;1.34;4.41;1.80;1.26;1.11;1.12;1.36;2.12;6.00,tick=161072 goal=0 lap=0 last=0.0 best=0.0
119.22,425,338.4,0.08,-0.15,16,-85,BEND,1.11;0.36;0.24;0.19;0.19;0.23;0.34;0.89;6.00;2.02;1.32;1.11;1.11;1.32;1.95;5.25,tick=161100 goal=0 lap=0 last=0.0 best=0.0
119.50,426,327.7,0.12,-0.21,16,-85,BEND,2.47;0.41;0.25;0.18;0.17;0.20;0.31;0.60;6.00;2.39;1.44;1.14;1.10;1.24;1.70;3.60,tick=161129 goal=0 lap=0 last=0.0 best=0.0
119.78,427,323.9,0.17,-0.23,16,-85,BEND,-1.00;0.54;0.27;0.20;0.18;0.19;0.22;0.42;3.66;3.20;1.62;1.22;1.11;1.17;1.50;2.61,tick=161157 goal=0 lap=0 last=0.0 best=0.0
120.06,428,309.8,0.15,-0.30,20,-70,FWD,5.78;0.99;0.36;0.24;0.18;0.19;0.22;0.36;0.99;5.44;1.95;1.31;1.10;1.12;1.31;1.98,tick=161185 goal=0 lap=0 last=0.0 best=0.0
120.34,429,305.7,0.19,-0.29,45,-70,FWD,3.14;5.70;0.53;0.30;0.22;0.22;0.23;0.34;0.63;5.99;2.52;1.43;1.13;1.05;1.18;1.59,tick=161213 goal=0 lap=0 last=0.0 best=0.0
120.62,430,293.7,0.25,-0.36,30,-70,FWD,2.08;5.99;1.01;0.43;0.30;0.29;0.28;0.34;0.54;2.19;3.72;1.64;1.17;1.03;1.05;1.31,tick=161241 goal=0 lap=0 last=0.0 best=0.0
120.91,431,281.6,0.32,-0.46,30,-52.739999999999995,FWD,1.39;2.79;5.99;0.86;0.49;0.40;0.37;0.40;0.54;1.06;6.00;2.13;1.23;0.98;0.93;1.02,tick=161269 goal=0 lap=0 last=0.0 best=0.0
121.19,432,267.8,0.36,-0.37,20,-26.990000000000006,FWD,0.95;1.47;4.46;2.46;0.90;0.61;0.51;0.51;0.61;0.93;2.72;3.68;1.37;0.94;0.81;0.81,tick=161297 goal=0 lap=0 last=0.0 best=0.0
121.47,433,258.7,0.35,-0.20,16,64.2,BEND,0.68;0.92;1.81;6.00;1.62;0.93;0.71;0.68;0.74;0.98;1.94;6.00;1.46;0.82;0.65;0.62,tick=161325 goal=0 lap=0 last=0.0 best=0.0
121.75,434,257.7,0.34,0.39,16,85,BEND,0.48;0.64;1.31;5.99;2.03;1.16;0.92;0.88;0.96;1.27;2.50;6.00;1.03;0.59;0.47;0.45,tick=161353 goal=0 lap=0 last=0.0 best=0.0
122.03,435,276.1,0.32,0.59,-45,-70,REV,0.37;0.62;3.98;3.27;1.56;1.13;1.01;1.07;1.31;2.23;6.00;0.88;0.43;0.30;0.27;0.29,tick=161381 goal=0 lap=0 last=0.0 best=0.0
122.31,436,281.2,0.25,-0.30,-45,-70,REV,0.26;0.61;6.00;2.31;-1.00;1.15;1.14;1.29;1.83;4.14;1.33;0.33;0.22;0.15;0.18;0.19,tick=161409 goal=0 lap=0 last=0.0 best=0.0
122.59,437,275.9,0.06,-0.05,-45,-70,REV,0.16;0.27;6.00;3.14;1.70;1.29;1.19;1.29;1.65;3.04;6.00;0.27;0.17;0.12;0.09;0.12,tick=161437 goal=0 lap=0 last=0.0 best=0.0
122.87,438,276.7,-0.10,0.18,-45,-70,REV,0.16;0.29;6.00;3.12;1.68;1.30;1.18;1.28;1.68;3.09;6.00;0.27;0.16;0.10;0.10;0.12,tick=161465 goal=0 lap=0 last=0.0 best=0.0
123.15,439,282.9,-0.15,0.21,-45,-70,REV,0.25;0.57;6.00;2.39;1.47;1.19;1.14;1.29;1.80;3.92;1.47;0.31;0.20;0.17;0.16;0.18,tick=161493 goal=0 lap=0 last=0.0 best=0.0
123.43,440,289.7,-0.15,0.23,-45,-70,REV,0.38;1.21;5.05;1.91;-1.00;1.10;1.12;1.31;2.02;6.00;0.90;0.35;0.24;0.22;0.21;0.26,tick=161521 goal=0 lap=0 last=0.0 best=0.0
123.71,441,299.0,-0.13,0.20,16,85,BEND,0.56;5.00;3.18;1.55;1.16;1.05;1.11;1.40;2.41;5.99;0.72;0.36;0.27;0.25;0.26;0.35,tick=161550 goal=0 lap=0 last=0.0 best=0.0
123.99,442,304.4,-0.13,-0.17,16,85,BEND,0.73;6.00;2.67;1.44;1.08;1.02;1.09;1.44;2.66;6.00;0.72;0.39;0.29;0.27;0.29;0.39,tick=161578 goal=0 lap=0 last=0.0 best=0.0
124.27,443,296.6,-0.06,-0.08,16,85,BEND,0.64;4.02;3.25;1.55;1.12;1.01;1.03;1.30;2.18;5.99;0.94;0.45;0.34;0.30;0.32;0.41,tick=161606 goal=0 lap=0 last=0.0 best=0.0
124.55,444,0.0,0.00,0.02,16,85,BEND,0.65;3.17;3.47;1.56;1.11;0.98;1.04;1.29;2.08;5.99;1.02;0.49;0.34;0.30;0.32;0.39,tick=161634 goal=0 lap=0 last=0.0 best=0.0
124.83,445,294.5,0.05,0.08,16,85,BEND,0.68;4.38;3.20;1.53;1.11;0.99;1.06;1.32;2.22;6.00;0.91;0.43;0.32;0.30;0.32;0.39,tick=161662 goal=0 lap=0 last=0.0 best=0.0
125.12,446,301.7,0.11,0.17,16,85,BEND,0.72;6.00;2.72;1.44;1.10;1.03;1.11;1.44;2.60;6.00;0.73;0.40;0.30;0.28;0.29;0.38,tick=161690 goal=0 lap=0 last=0.0 best=0.0
125.40,447,308.5,0.11,0.23,16,85,BEND,0.87;5.98;2.22;1.34;1.09;1.04;1.17;1.61;3.49;2.62;0.56;0.33;0.27;0.24;0.29;0.40,tick=161718 goal=0 lap=0 last=0.0 best=0.0
125.68,448,312.5,0.15,0.22,16,85,BEND,1.45;4.87;1.84;1.24;1.07;1.08;1.28;1.95;6.00;1.09;0.41;0.28;0.24;0.25;0.31;0.46,tick=161746 goal=0 lap=0 last=0.0 best=0.0
125.96,449,322.2,0.15,0.27,16,85,BEND,5.99;2.96;1.54;1.16;1.05;1.14;1.44;2.60;6.00;0.65;0.32;0.26;0.24;0.25;0.32;0.59,tick=161774 goal=0 lap=0 last=0.0 best=0.0
126.24,450,332.3,0.19,0.33,20,70,FWD,5.99;2.06;1.33;1.09;1.08;1.23;1.75;4.21;1.64;0.46;0.29;0.25;0.26;0.29;0.39;0.97,tick=161802 goal=0 lap=0 last=0.0 best=0.0
126.52,451,340.8,0.20,0.33,45,70,FWD,3.37;1.57;1.18;1.05;1.07;1.36;2.26;6.00;0.85;0.40;0.30;0.26;0.28;0.35;0.59;3.57,tick=161830 goal=0 lap=0 last=0.0 best=0.0
126.80,452,353.8,0.25,0.33,30,66.01,FWD,2.12;1.28;1.00;0.98;1.11;1.52;3.29;3.23;0.67;0.37;0.33;0.31;0.35;0.48;1.08;6.00,tick=161858 goal=0 lap=0 last=0.0 best=0.0
127.08,453,5.6,0.33,0.40,20,35.63999999999999,FWD,1.36;0.99;0.88;0.95;1.17;1.98;6.00;1.26;0.61;0.47;0.43;-1.00;0.54;0.96;6.00;-1.00,tick=161886 goal=0 lap=0 last=0.0 best=0.0
127.36,454,13.0,0.33,0.25,16,-36.52,BEND,0.93;0.77;0.76;0.86;1.23;2.91;3.86;1.08;0.68;0.56;0.57;0.63;0.93;2.22;5.60;1.49,tick=161914 goal=0 lap=0 last=0.0 best=0.0
127.64,455,20.3,0.31,0.00,16,-64.28,BEND,0.73;0.60;0.61;0.71;1.03;2.81;3.80;1.29;0.86;0.71;0.74;0.83;1.25;3.45;3.35;1.09,tick=161942 goal=0 lap=0 last=0.0 best=0.0
127.92,456,8.8,0.32,-0.39,16,-85,BEND,0.65;0.48;0.46;0.50;0.64;-1.00;5.99;2.15;1.19;0.92;0.83;0.95;1.21;2.30;6.00;1.18,tick=161970 goal=0 lap=0 last=0.0 best=0.0
128.20,457,356.6,0.32,-0.52,16,-85,BEND,0.68;0.41;0.36;0.33;0.40;0.58;1.41;5.98;1.85;1.20;0.97;0.97;1.11;1.62;4.04;2.40,tick=161999 goal=0 lap=0 last=0.0 best=0.0
128.48,458,338.8,0.30,-0.50,16,-85,BEND,1.03;0.46;0.33;0.29;0.28;0.35;0.58;2.48;3.63;1.62;1.17;1.02;1.06;1.30;2.12;6.00,tick=162027 goal=0 lap=0 last=0.0 best=0.0
128.76,459,320.9,0.30,-0.48,16,-85,BEND,6.00;0.77;0.38;0.29;0.27;0.28;0.37;0.63;6.00;2.94;1.52;1.15;1.04;1.11;1.42;2.53,tick=162055 goal=0 lap=0 last=0.0 best=0.0
129.04,460,306.7,0.00,-0.52,45,-64.015,FWD,3.33;3.87;0.64;0.40;0.32;0.30;0.33;0.46;0.95;6.00;2.20;1.33;1.06;1.00;1.12;1.55,tick=162083 goal=0 lap=0 last=0.0 best=0.0
129.33,461,290.4,0.31,-0.41,30,-55.825,FWD,1.77;5.62;1.71;0.66;0.44;0.35;0.37;0.47;0.67;2.09;4.22;1.60;1.10;0.95;0.96;1.15,tick=162111 goal=0 lap=0 last=0.0 best=0.0
129.61,462,279.6,0.37,-0.39,20,-29.729999999999997,FWD,1.14;2.06;5.99;1.36;0.72;0.55;0.49;0.54;0.69;1.23;6.00;-1.00;1.18;0.90;0.82;0.88,tick=162139 goal=0 lap=0 last=0.0 best=0.0
129.89,463,266.6,0.38,-0.22,16,58.6,BEND,0.77;1.13;3.04;3.87;1.24;0.81;0.68;0.67;0.76;1.16;3.02;3.62;1.19;0.77;0.65;0.66,tick=162167 goal=0 lap=0 last=0.0 best=0.0
130.17,464,266.4,0.36,0.43,16,85,BEND,0.54;0.80;2.13;5.18;1.61;1.03;0.86;0.84;1.00;1.46;3.72;2.72;0.88;0.60;0.48;0.49,tick=162195 goal=0 lap=0 last=0.0 best=0.0
130.45,465,277.8,0.37,0.58,16,85,BEND,0.47;0.94;5.99;2.36;1.35;1.05;1.00;1.08;1.49;2.91;6.00;0.73;0.42;0.34;0.29;0.35,tick=162223 goal=0 lap=0 last=0.0 best=0.0
130.73,466,303.9,0.33,0.58,16,85,BEND,0.54;6.00;3.05;1.61;1.21;1.10;1.17;1.52;2.72;6.00;0.57;0.30;0.23;0.21;0.23;0.30,tick=162251 goal=0 lap=0 last=0.0 best=0.0
131.01,467,317.1,0.30,0.53,16,85,BEND,1.97;3.89;1.78;1.29;1.16;1.21;1.52;2.46;6.00;0.55;0.27;0.20;0.18;0.17;0.21;0.35,tick=162279 goal=0 lap=0 last=0.0 best=0.0
131.29,468,334.2,0.30,0.52,30,70,FWD,5.48;2.01;1.35;1.15;1.16;1.35;2.08;6.00;0.84;0.32;0.23;0.19;0.17;0.25;0.33;1.03,tick=162307 goal=0 lap=0 last=0.0 best=0.0
131.57,469,352.6,0.32,0.47,30,70,FWD,2.30;1.39;1.14;1.07;1.22;1.67;3.60;2.46;0.52;0.31;0.25;0.24;0.26;0.38;0.83;6.00,tick=162335 goal=0 lap=0 last=0.0 best=0.0
131.85,470,7.9,0.34,0.46,30,60.65,FWD,1.43;1.06;0.97;1.03;1.32;2.34;5.99;1.00;0.52;0.39;0.35;0.37;0.48;0.86;6.00;-1.00,tick=162363 goal=0 lap=0 last=0.0 best=0.0
132.13,471,20.6,0.39,0.46,20,30.8,FWD,0.96;0.82;0.84;1.00;1.54;5.04;2.15;0.87;0.61;0.50;0.52;0.62;0.96;3.33;3.54;1.39,tick=162391 goal=0 lap=0 last=0.0 best=0.0
132.41,472,31.4,0.37,0.20,16,-64.99999999999999,BEND,0.66;-1.00;0.67;0.93;1.82;6.00;1.61;0.96;0.74;0.71;0.76;1.05;2.13;6.00;1.45;0.83,tick=162420 goal=0 lap=0 last=0.0 best=0.0
132.69,473,32.4,0.36,-0.47,16,-85,BEND,0.44;0.42;0.47;0.63;1.26;6.00;2.04;1.20;0.96;0.89;0.98;1.36;2.80;6.00;0.98;0.57,tick=162448 goal=0 lap=0 last=0.0 best=0.0
132.97,474,18.3,0.35,-0.57,-45,70,REV,0.28;-1.00;0.25;-1.00;0.41;1.06;6.00;2.04;1.33;1.11;1.09;1.26;1.86;4.79;1.55;0.44,tick=162476 goal=0 lap=0 last=0.0 best=0.0
133.25,475,8.7,0.24,0.38,-45,70,REV,0.18;0.12;0.13;0.12;0.17;0.29;2.45;3.49;1.77;1.33;1.21;1.27;1.63;2.84;6.00;0.37,tick=162504 goal=0 lap=0 last=0.0 best=0.0
133.54,476,8.1,-0.10,-0.16,-45,70,REV,0.13;0.11;0.11;0.12;0.14;0.25;6.00;3.12;1.72;1.29;1.21;1.33;1.74;3.25;6.00;0.26,tick=162532 goal=0 lap=0 last=0.0 best=0.0
133.82,477,358.8,-0.13,-0.22,-45,70,REV,0.24;0.17;0.15;0.16;0.20;0.32;1.43;4.02;1.85;1.33;1.17;1.23;1.50;2.47;6.00;0.56,tick=162560 goal=0 lap=0 last=0.0 best=0.0
134.10,478,355.8,-0.18,-0.22,-45,70,REV,0.39;0.26;0.18;0.21;0.25;0.36;0.89;6.00;2.07;1.36;1.13;1.16;1.32;1.94;5.22;1.22,tick=162588 goal=0 lap=0 last=0.0 best=0.0
134.38,479,349.8,-0.15,-0.24,16,-85,BEND,0.57;0.34;0.24;0.24;0.27;0.35;0.73;6.00;2.48;1.46;1.13;1.06;1.21;1.62;3.27;4.85,tick=162616 goal=0 lap=0 last=0.0 best=0.0
134.66,480,345.5,-0.12,0.18,16,-85,BEND,0.74;0.39;0.28;0.27;0.29;0.38;0.68;5.99;2.78;1.48;1.14;1.06;1.14;1.47;2.69;6.00,tick=162645 goal=0 lap=0 last=0.0 best=0.0
134.94,481,351.1,-0.06,0.07,16,-85,BEND,0.66;0.40;0.30;0.28;0.34;0.45;0.90;6.00;2.26;1.35;1.06;1.02;1.15;1.57;3.30;4.31,tick=162672 goal=0 lap=0 last=0.0 best=0.0
135.22,482,347.0,0.00,-0.04,16,-85,BEND,0.63;0.37;0.33;0.29;0.34;0.47;1.01;5.98;2.15;1.32;1.07;1.00;1.15;1.61;3.54;3.27,tick=162700 goal=0 lap=0 last=0.0 best=0.0
135.50,483,349.6,0.04,-0.04,16,-85,BEND,0.66;0.39;0.29;0.29;0.30;0.45;0.90;6.00;2.27;1.35;1.09;1.03;1.16;1.56;3.25;4.54,tick=162728 goal=0 lap=0 last=0.0 best=0.0
135.78,484,347.8,0.08,-0.16,16,-85,BEND,0.72;0.40;0.30;0.27;0.29;0.39;0.71;6.00;2.70;1.46;1.13;1.06;1.12;1.48;2.74;5.99,tick=162756 goal=0 lap=0 last=0.0 best=0.0
136.06,485,338.7,0.11,-0.21,16,-85,BEND,0.89;0.41;0.28;0.27;0.26;0.35;0.53;2.51;3.58;1.66;1.20;1.06;1.11;1.37;2.28;6.00,tick=162784 goal=0 lap=0 last=0.0 best=0.0
136.34,486,334.5,0.13,-0.24,16,-85,BEND,1.48;0.44;0.29;0.24;0.23;0.28;0.42;1.06;5.99;2.02;1.31;1.11;1.10;1.28;1.89;4.97,tick=162812 goal=0 lap=0 last=0.0 best=0.0
136.62,487,324.0,0.18,-0.26,16,-85,BEND,5.99;0.59;0.32;0.25;0.23;0.24;0.35;0.62;5.99;2.68;1.50;1.19;1.09;1.17;1.57;3.03,tick=162841 goal=0 lap=0 last=0.0 best=0.0
136.90,488,313.5,0.20,-0.31,20,-70,FWD,6.00;0.99;0.39;0.27;0.25;0.24;0.29;0.45;1.60;4.36;1.80;1.26;1.10;1.12;1.36;2.14,tick=162869 goal=0 lap=0 last=0.0 best=0.0
137.18,489,306.1,0.18,-0.28,45,-70,FWD,3.47;3.59;0.59;0.36;0.28;0.26;0.29;0.40;-1.00;5.99;2.32;1.37;1.10;1.07;1.18;1.63,tick=162897 goal=0 lap=0 last=0.0 best=0.0
137.46,490,293.4,0.26,-0.37,30,-69.04499999999999,FWD,2.17;6.00;1.08;0.48;0.35;0.33;0.32;0.42;0.67;3.16;3.39;1.58;1.14;1.04;1.06;1.33,tick=162925 goal=0 lap=0 last=0.0 best=0.0
137.75,491,282.7,0.33,-0.44,30,-48.790000000000006,FWD,1.39;2.90;5.97;0.92;0.54;0.42;-1.00;0.46;0.61;1.26;5.99;2.04;1.21;0.96;0.93;1.02,tick=162953 goal=0 lap=0 last=0.0 best=0.0
138.03,492,270.0,0.36,-0.36,16,34.2,BEND,0.98;1.49;5.14;2.44;0.94;0.64;0.55;0.57;0.66;1.03;3.29;3.35;1.33;0.90;0.80;0.79,tick=162981 goal=0 lap=0 last=0.0 best=0.0
138.31,493,264.0,0.37,0.25,16,66.6,BEND,0.71;1.01;2.48;5.56;1.41;0.90;0.76;-1.00;0.84;1.18;2.84;4.15;1.17;0.75;0.61;0.61,tick=163009 goal=0 lap=0 last=0.0 best=0.0
138.59,494,275.0,0.34,0.43,16,85,BEND,0.59;0.99;6.00;2.82;1.35;0.99;0.88;0.93;1.15;1.96;6.00;1.41;-1.00;0.49;0.48;0.47,tick=163037 goal=0 lap=0 last=0.0 best=0.0
138.87,495,292.5,0.32,0.54,16,85,BEND,0.57;1.77;5.24;1.78;1.21;1.02;1.03;1.21;1.83;5.23;1.58;0.57;0.39;0.32;0.36;0.39,tick=163065 goal=0 lap=0 last=0.0 best=0.0
139.15,496,306.4,0.32,0.51,16,85,BEND,0.94;5.98;2.22;1.38;1.13;1.08;1.22;1.74;3.91;2.09;0.53;0.32;0.25;0.25;0.29;0.40,tick=163093 goal=0 lap=0 last=0.0 best=0.0
139.43,497,323.7,0.30,0.49,16,85,BEND,6.00;2.67;1.52;1.18;1.11;1.21;1.60;3.08;5.99;0.57;0.32;0.26;0.24;0.27;0.35;0.67,tick=163121 goal=0 lap=0 last=0.0 best=0.0
139.71,498,341.5,0.30,0.48,45,70,FWD,3.40;1.62;1.20;1.07;1.13;1.41;2.35;5.99;0.81;0.40;0.30;0.26;0.28;0.37;0.58;5.38,tick=163149 goal=0 lap=0 last=0.0 best=0.0
139.99,499,354.2,0.32,0.49,30,61.93999999999998,FWD,1.79;1.19;1.02;1.03;1.20;1.77;5.00;1.69;0.60;0.41;0.34;0.36;0.41;0.62;1.79;5.99,tick=163177 goal=0 lap=0 last=0.0 best=0.0
140.27,500,9.1,0.39,0.50,20,34.14999999999999,FWD,1.13;0.90;0.85;0.96;1.32;2.71;6.00;1.05;0.62;0.50;0.49;0.53;0.72;1.54;6.00;1.92,tick=163205 goal=0 lap=0 last=0.0 best=0.0
140.55,501,23.8,0.38,0.25,16,-53.08,BEND,0.76;0.69;0.70;0.89;1.45;6.00;2.22;1.06;0.74;0.64;0.68;0.86;1.41;6.00;2.34;1.08,tick=163234 goal=0 lap=0 last=0.0 best=0.0
140.83,502,29.6,0.37,-0.39,16,-85,BEND,0.54;0.50;0.51;0.64;1.07;5.98;2.63;1.29;-1.00;0.84;0.88;1.11;1.94;6.00;1.54;0.74,tick=163262 goal=0 lap=0 last=0.0 best=0.0
141.11,503,14.0,0.34,-0.57,16,-85,BEND,0.41;0.31;0.33;0.34;0.47;0.97;6.00;2.31;1.33;1.08;1.03;1.14;1.53;3.17;6.00;0.73,tick=163290 goal=0 lap=0 last=0.0 best=0.0
141.40,504,355.4,0.34,-0.61,-45,70,REV,0.41;0.27;0.21;0.20;0.25;0.33;0.77;5.98;2.28;1.45;1.18;1.13;1.31;1.88;4.73;1.67,tick=163318 goal=0 lap=0 last=0.0 best=0.0
141.68,505,343.0,0.24,0.32,-45,70,REV,0.42;0.21;0.14;0.12;0.16;0.16;0.30;2.31;3.60;1.80;1.33;1.21;1.29;1.62;2.81;6.00,tick=163346 goal=0 lap=0 last=0.0 best=0.0
141.96,506,349.1,0.06,0.07,-45,70,REV,0.23;0.16;0.11;0.11;0.11;0.16;0.32;6.00;2.78;1.66;1.30;1.24;1.35;1.89;4.17;1.66,tick=163374 goal=0 lap=0 last=0.0 best=0.0
142.24,507,348.6,-0.08,-0.10,-45,70,REV,0.25;0.15;0.12;0.12;0.12;0.17;0.32;6.00;2.79;1.64;1.30;1.23;1.38;1.89;4.11;1.73,tick=163402 goal=0 lap=0 last=0.0 best=0.0
142.52,508,344.2,-0.15,-0.21,-45,70,REV,0.38;0.21;0.14;-1.00;0.12;0.16;0.32;3.33;3.42;1.76;1.33;1.21;1.28;1.65;2.94;5.99,tick=163430 goal=0 lap=0 last=0.0 best=0.0
142.80,509,337.5,-0.16,-0.19,-45,70,REV,0.67;0.28;0.17;0.16;0.17;0.18;0.30;0.98;4.92;1.99;1.38;1.19;1.20;1.47;2.27;5.99,tick=163458 goal=0 lap=0 last=0.0 best=0.0
143.08,510,329.9,-0.15,-0.23,16,-85,BEND,1.52;0.35;0.21;0.19;0.18;0.20;0.29;0.61;5.99;2.39;1.47;1.21;1.19;1.34;1.89;-1.00,tick=163486 goal=0 lap=0 last=0.0 best=0.0
143.36,511,326.6,-0.10,0.18,16,-85,BEND,3.52;0.41;0.22;0.19;0.18;0.19;0.27;0.53;6.00;2.63;1.54;1.24;1.15;1.29;1.75;3.69,tick=163514 goal=0 lap=0 last=0.0 best=0.0
143.64,512,329.8,-0.06,0.06,16,-85,BEND,1.35;0.37;0.23;0.17;0.17;0.21;0.30;0.71;6.00;2.27;1.45;1.19;1.17;1.34;1.93;5.08,tick=163542 goal=0 lap=0 last=0.0 best=0.0
143.92,513,333.6,-0.01,-0.03,16,-85,BEND,1.16;0.35;0.21;0.19;0.18;0.22;0.31;0.80;6.00;2.18;1.41;1.19;1.18;1.37;1.98;5.44,tick=163570 goal=0 lap=0 last=0.0 best=0.0
144.20,514,328.1,0.05,-0.05,16,-85,BEND,1.36;0.38;0.23;0.18;0.19;0.21;0.29;0.69;6.00;2.28;1.45;1.17;1.18;1.35;1.93;5.00,tick=163599 goal=0 lap=0 last=0.0 best=0.0
144.48,515,328.4,0.10,-0.17,16,-85,BEND,2.67;0.40;0.23;0.20;0.17;0.20;0.26;0.56;6.00;2.58;1.54;1.22;1.16;1.31;1.79;3.84,tick=163627 goal=0 lap=0 last=0.0 best=0.0
144.76,516,322.4,0.12,-0.21,16,-85,BEND,6.00;0.48;0.26;0.19;0.20;0.18;0.24;0.41;5.26;3.24;1.70;1.25;1.17;1.25;1.61;2.88,tick=163655 goal=0 lap=0 last=0.0 best=0.0
145.04,517,311.9,0.13,-0.21,16,-85,BEND,6.00;0.76;0.30;0.21;0.18;0.20;0.23;0.36;1.14;4.82;1.95;1.34;1.16;1.19;1.43;2.23,tick=163683 goal=0 lap=0 last=0.0 best=0.0
145.32,518,309.7,0.17,-0.30,45,-70,FWD,4.13;2.39;0.43;0.27;0.23;0.20;0.22;0.31;0.67;5.99;2.43;1.49;1.20;1.13;1.27;1.77,tick=163711 goal=0 lap=0 last=0.0 best=0.0
145.61,519,295.1,0.22,-0.34,30,-70,FWD,2.47;5.99;0.78;0.38;0.27;0.23;0.25;0.32;0.54;3.22;3.42;1.68;1.22;1.11;1.15;1.47,tick=163739 goal=0 lap=0 last=0.0 best=0.0
145.89,520,286.2,0.30,-0.41,30,-68.055,FWD,1.64;4.11;3.02;0.67;0.40;0.33;0.32;0.38;0.53;1.16;6.00;2.08;1.29;1.04;1.04;1.17,tick=163767 goal=0 lap=0 last=0.0 best=0.0
146.17,521,272.4,0.33,-0.45,20,-45.39,FWD,1.13;1.82;6.00;1.72;0.71;0.52;0.44;0.48;0.58;0.88;3.46;3.34;1.44;1.04;0.89;0.94,tick=163795 goal=0 lap=0 last=0.0 best=0.0
146.45,522,257.3,0.33,-0.27,16,41.0,BEND,0.82;1.07;2.18;5.99;1.44;0.83;0.65;0.60;0.67;0.89;1.76;5.98;1.73;1.01;0.78;0.74,tick=163823 goal=0 lap=0 last=0.0 best=0.0
146.73,523,255.1,0.32,0.33,16,81.32,BEND,0.60;0.76;1.35;6.00;2.26;1.14;0.87;0.79;0.81;1.05;1.88;5.99;1.57;0.81;0.61;0.55,tick=163851 goal=0 lap=0 last=0.0 best=0.0
147.01,524,265.1,0.32,0.55,16,85,BEND,0.46;0.68;1.78;6.00;1.81;1.15;0.96;0.94;1.12;1.62;4.13;2.34;0.76;0.48;0.40;0.40,tick=163879 goal=0 lap=0 last=0.0 best=0.0
147.29,525,285.2,0.33,0.50,16,85,BEND,0.40;0.84;5.98;2.42;1.44;1.14;1.09;1.22;1.66;3.44;3.20;0.56;0.33;0.28;0.27;0.30,tick=163907 goal=0 lap=0 last=0.0 best=0.0
147.57,526,299.6,0.30,0.51,-45,-70,REV,0.41;5.37;3.42;-1.00;1.29;1.18;1.25;1.62;2.89;6.00;0.46;0.24;0.19;0.17;0.18;0.23,tick=163935 goal=0 lap=0 last=0.0 best=0.0
147.85,527,307.0,0.20,-0.23,-45,-70,REV,0.52;5.98;2.45;1.53;1.28;1.24;1.40;2.02;4.85;0.87;0.25;0.15;0.13;0.10;0.14;0.21,tick=163963 goal=0 lap=0 last=0.0 best=0.0
148.13,528,304.3,0.04,-0.04,-45,-70,REV,0.30;5.99;3.10;1.69;1.33;1.26;1.37;1.82;3.54;2.42;0.24;0.13;0.11;0.11;0.12;0.17,tick=163991 goal=0 lap=0 last=0.0 best=0.0
148.41,529,305.1,-0.09,0.11,-45,-70,REV,0.34;6.00;2.94;1.66;1.33;1.24;1.36;1.84;3.74;1.71;0.24;0.14;0.11;0.10;0.12;0.17,tick=164019 goal=0 lap=0 last=0.0 best=0.0
148.69,530,311.9,-0.16,0.20,-45,-70,REV,0.58;5.99;2.32;1.50;1.26;1.23;1.43;2.09;5.33;0.77;0.26;0.16;0.13;0.13;0.16;0.21,tick=164048 goal=0 lap=0 last=0.0 best=0.0
148.97,531,314.8,-0.16,0.18,-45,-70,REV,1.36;6.00;1.94;1.37;1.20;1.25;1.54;2.49;6.00;0.50;0.22;0.16;0.15;0.15;0.17;0.29,tick=164076 goal=0 lap=0 last=0.0 best=0.0
149.25,532,324.4,-0.15,0.20,16,85,BEND,6.00;3.19;1.70;1.31;1.21;1.30;1.70;3.19;6.00;0.37;0.21;0.14;0.15;0.15;0.21;0.40,tick=164104 goal=0 lap=0 last=0.0 best=0.0
149.53,533,326.1,-0.12,-0.18,16,85,BEND,6.00;2.79;1.62;1.27;1.21;1.32;1.81;3.71;2.01;0.32;0.19;0.13;0.13;0.17;0.22;0.43,tick=164132 goal=0 lap=0 last=0.0 best=0.0
149.81,534,323.8,-0.08,-0.09,16,85,BEND,5.64;3.41;1.74;1.31;1.20;1.28;1.68;3.00;6.00;0.39;0.19;0.14;0.14;0.17;0.19;0.36,tick=164160 goal=0 lap=0 last=0.0 best=0.0
150.10,535,321.1,0.00,0.03,16,85,BEND,4.84;3.63;1.79;1.34;1.20;1.28;1.65;2.88;6.00;0.40;0.20;0.14;0.11;0.15;0.19;0.35,tick=164188 goal=0 lap=0 last=0.0 best=0.0
150.38,536,326.4,0.07,0.08,16,85,BEND,5.82;3.36;1.73;1.32;1.20;1.28;1.68;3.05;5.99;0.38;0.20;0.14;0.13;0.12;0.20;0.37,tick=164216 goal=0 lap=0 last=0.0 best=0.0
150.66,537,329.0,0.09,0.14,16,85,BEND,6.00;2.81;1.61;1.27;1.19;1.32;1.80;3.61;2.26;0.32;0.19;0.16;0.12;0.14;0.22;0.44,
150.94,538,331.2,0.12,0.22,16,85,BEND,5.99;2.32;-1.00;1.22;1.21;1.39;2.04;5.06;0.91;0.28;0.16;0.14;0.12;0.16;0.25;0.65,tick=164272 goal=0 lap=0 last=0.0 best=0.0
151.22,539,342.2,0.12,0.25,45,70,FWD,6.00;1.89;1.35;1.19;1.24;1.51;2.43;6.00;0.57;0.23;0.18;0.17;-1.00;0.21;0.33;1.57,tick=164300 goal=0 lap=0 last=0.0 best=0.0
151.50,540,349.4,0.20,0.33,45,70,FWD,2.87;1.58;1.24;1.15;1.28;1.67;3.25;4.95;0.47;0.28;0.20;0.20;0.23;0.28;0.58;5.97,tick=164328 goal=0 lap=0 last=0.0 best=0.0
151.78,541,2.0,0.30,0.45,30,70,FWD,1.85;1.28;1.08;1.10;1.34;2.02;6.00;1.13;0.44;0.30;0.28;0.28;0.34;0.50;1.71;6.00,tick=164356 goal=0 lap=0 last=0.0 best=0.0
152.06,542,12.7,0.36,0.50,20,56.03,FWD,1.21;0.99;0.95;1.08;1.50;3.33;3.54;0.81;0.49;0.42;0.41;0.46;0.64;1.44;5.99;2.00,tick=164384 goal=0 lap=0 last=0.0 best=0.0
152.34,543,29.2,0.37,0.43,16,-32.04,BEND,0.86;0.79;0.83;1.09;1.92;6.00;1.56;0.83;0.61;0.57;0.63;0.80;1.44;5.99;2.21;1.13,tick=164412 goal=0 lap=0 last=0.0 best=0.0
152.62,544,34.8,0.35,-0.22,16,-77.96,BEND,0.61;0.56;0.66;0.91;1.96;6.00;1.63;0.99;0.81;0.77;0.89;1.20;-1.00;6.00;1.25;0.75,tick=164440 goal=0 lap=0 last=0.0 best=0.0
152.90,545,20.5,0.33,-0.52,16,-85,BEND,0.46;0.41;0.42;0.53;0.85;4.11;3.17;1.47;1.06;0.95;1.01;1.24;2.12;6.00;1.39;0.63,tick=164468 goal=0 lap=0 last=0.0 best=0.0
153.18,546,5.4,0.34,-0.55,-45,70,REV,0.36;0.28;0.26;0.27;0.34;0.66;5.99;2.86;1.56;1.19;1.10;1.19;1.56;3.10;6.00;-1.00,tick=164496 goal=0 lap=0 last=0.0 best=0.0
153.46,547,359.5,0.25,0.26,-45,70,REV,0.28;0.17;0.16;0.15;0.19;0.30;0.87;5.47;2.09;1.43;1.21;1.22;1.47;2.35;5.65;0.73,tick=164525 goal=0 lap=0 last=0.0 best=0.0
153.74,548,4.2,0.05,0.07,-45,70,REV,0.18;0.11;0.10;0.12;0.14;0.23;1.62;3.80;1.87;1.39;1.25;1.32;1.70;3.08;6.00;0.32,tick=164553 goal=0 lap=0 last=0.0 best=0.0
154.02,549,6.4,-0.09,-0.06,-45,70,REV,0.16;0.13;0.11;0.10;0.15;0.26;1.52;3.85;1.87;1.40;1.25;1.31;1.66;3.04;5.99;0.33,tick=164581 goal=0 lap=0 last=0.0 best=0.0
154.30,550,356.6,0.00,-0.17,-45,70,REV,0.27;0.16;0.14;0.18;0.17;0.27;0.87;5.33;2.07;1.43;1.22;1.22;1.48;2.37;5.76;0.70,tick=164609 goal=0 lap=0 last=0.0 best=0.0
154.59,551,351.9,-0.14,-0.22,-45,70,REV,0.42;0.26;0.19;0.19;0.23;0.31;0.68;6.00;-1.00;1.47;1.19;1.14;1.32;1.86;4.15;2.52,tick=164637 goal=0 lap=0 last=0.0 best=0.0
154.87,552,345.5,-0.14,-0.20,16,-85,BEND,0.64;0.35;0.24;0.24;0.24;0.33;0.58;5.99;3.00;1.60;1.24;1.12;1.21;1.56;3.11;6.00,tick=164665 goal=0 lap=0 last=0.0 best=0.0
155.15,553,345.2,-0.11,0.20,16,-85,BEND,0.82;0.39;0.28;0.26;0.26;0.35;0.58;3.44;3.42;1.66;1.21;1.10;1.17;1.45;2.60;6.00,tick=164693 goal=0 lap=0 last=0.0 best=0.0
155.43,554,348.9,-0.05,0.07,16,-85,BEND,0.71;0.37;0.30;0.26;0.30;0.38;0.72;5.99;2.74;1.51;1.17;1.08;1.17;1.54;3.18;5.99,tick=164721 goal=0 lap=0 last=0.0 best=0.0
155.71,555,349.0,0.02,-0.02,16,-85,BEND,0.68;0.40;0.30;0.29;0.31;0.40;0.78;6.00;2.58;1.48;1.14;1.06;1.18;1.59;3.33;6.00,tick=164749 goal=0 lap=0 last=0.0 best=0.0
155.99,556,343.4,0.00,-0.11,16,-85,BEND,0.71;0.37;0.30;0.27;0.29;0.37;0.71;6.00;2.81;1.52;1.19;1.09;1.17;1.52;3.10;6.00,tick=164777 goal=0 lap=0 last=0.0 best=0.0
156.27,557,343.0,0.08,-0.17,16,-85,BEND,0.79;0.38;0.30;0.27;0.28;0.35;0.58;4.09;3.30;1.64;1.21;1.10;1.15;1.46;2.69;6.00,tick=164805 goal=0 lap=0 last=0.0 best=0.0
156.55,558,332.0,0.00,-0.18,16,-85,BEND,1.10;0.43;0.29;0.24;0.25;0.30;0.46;1.39;4.92;1.92;1.31;1.13;1.14;1.38;2.17;5.59,tick=164833 goal=0 lap=0 last=0.0 best=0.0
156.83,559,327.4,0.14,-0.28,16,-85,BEND,6.00;0.48;0.29;0.24;0.23;0.27;0.34;0.79;6.00;2.37;1.46;1.16;1.13;1.26;1.78;3.99,tick=164861 goal=0 lap=0 last=0.0 best=0.0
157.11,560,319.1,0.16,-0.29,16,-85,BEND,6.00;0.71;0.32;0.25;0.21;0.23;0.30;0.52;4.01;3.34;1.68;1.25;1.13;1.20;1.52;2.82,tick=164889 goal=0 lap=0 last=0.0 best=0.0
157.39,561,313.7,0.19,-0.34,45,-70,FWD,4.71;1.58;0.46;0.29;0.24;0.25;0.30;0.41;1.09;5.99;2.05;1.37;1.15;1.13;1.31;2.04,tick=164918 goal=0 lap=0 last=0.0 best=0.0
157.67,562,302.0,0.24,-0.36,45,-70,FWD,3.04;6.00;0.71;0.41;0.30;0.28;0.30;0.38;0.72;6.00;2.81;1.52;1.17;1.07;1.17;1.55,tick=164946 goal=0 lap=0 last=0.0 best=0.0
157.95,563,286.0,0.34,-0.48,30,-56.2,FWD,1.83;4.26;6.00;0.65;0.42;0.38;0.35;0.42;0.61;1.57;5.84;1.88;1.22;1.00;1.01;1.17,tick=164974 goal=0 lap=0 last=0.0 best=0.0
158.23,564,269.9,0.36,-0.45,20,-34.71999999999999,FWD,1.14;2.05;5.72;1.82;0.77;0.55;0.50;0.52;0.64;1.07;5.23;2.88;1.34;0.96;0.86;0.91,tick=165002 goal=0 lap=0 last=0.0 best=0.0
158.52,565,260.8,0.38,-0.23,16,52.76,BEND,0.79;1.10;2.68;6.00;1.51;0.87;0.70;0.67;0.75;1.06;2.27;6.00;1.46;0.90;0.70;0.68,tick=165030 goal=0 lap=0 last=0.0 best=0.0
158.80,566,258.3,0.35,0.36,16,85,BEND,0.57;0.78;1.82;5.99;2.10;1.17;0.91;0.85;0.99;1.32;2.68;5.99;1.10;0.67;0.52;0.52,tick=165058 goal=0 lap=0 last=0.0 best=0.0
159.08,567,274.5,0.36,0.60,16,85,BEND,0.45;0.82;3.93;6.00;1.60;1.15;1.03;1.09;1.37;2.31;6.00;1.00;0.50;0.37;0.34;0.36,tick=165086 goal=0 lap=0 last=0.0 best=0.0
159.36,568,293.2,0.32,0.58,-45,-70,REV,0.44;2.06;6.00;2.05;1.35;1.14;1.17;1.43;2.20;6.00;0.90;0.36;0.27;0.20;0.23;0.27,tick=165114 goal=0 lap=0 last=0.0 best=0.0
159.64,569,304.9,0.23,-0.36,-45,-70,REV,0.56;5.34;4.34;1.69;1.32;1.21;1.35;1.83;3.67;2.30;0.32;0.19;0.16;0.17;0.18;0.26,tick=165142 goal=0 lap=0 last=0.0 best=0.0
159.92,570,302.5,0.06,-0.02,-45,-70,REV,0.31;2.50;6.00;2.00;1.43;1.26;1.31;1.67;2.82;5.99;0.34;0.18;0.13;0.10;0.13;0.18,tick=165170 goal=0 lap=0 last=0.0 best=0.0
160.20,571,296.8,-0.09,0.14,-45,-70,REV,0.34;2.60;6.00;2.00;-1.00;1.26;1.30;1.68;-1.00;6.00;0.34;0.17;0.15;0.13;0.13;0.17,tick=165199 goal=0 lap=0 last=0.0 best=0.0
160.48,572,303.5,-0.14,0.23,-45,-70,REV,0.51;-1.00;4.65;1.74;1.32;1.21;1.35;1.81;3.55;2.81;0.33;0.19;0.17;0.15;0.17;0.23,tick=165227 goal=0 lap=0 last=0.0 best=0.0
160.76,573,308.9,-0.15,0.18,16,85,BEND,1.02;6.00;2.69;1.51;1.22;1.23;1.41;2.04;5.19;0.97;0.29;0.19;0.17;0.16;0.19;0.32,tick=165255 goal=0 lap=0 last=0.0 best=0.0
161.04,574,315.9,-0.09,-0.17,16,85,BEND,1.60;6.00;2.21;1.44;1.21;1.20;1.44;2.19;6.00;0.80;0.33;0.21;0.17;0.18;0.23;0.36,tick=165283 goal=0 lap=0 last=0.0 best=0.0
161.32,575,307.1,-0.04,-0.07,16,85,BEND,0.95;6.00;2.72;1.51;1.21;1.18;1.35;1.94;4.64;1.31;0.37;0.22;0.20;0.20;0.21;0.33,tick=165311 goal=0 lap=0 last=0.0 best=0.0
161.61,576,306.0,-0.00,-0.00,16,85,BEND,0.88;6.00;2.93;1.51;1.22;1.19;1.34;1.89;4.28;1.55;0.37;0.24;0.21;0.18;0.23;0.32,tick=165339 goal=0 lap=0 last=0.0 best=0.0
161.89,577,308.3,0.04,0.14,16,85,BEND,1.00;5.99;2.65;1.51;1.21;1.20;1.37;1.97;4.75;1.23;0.36;0.23;0.19;0.19;-1.00;0.31,tick=165367 goal=0 lap=0 last=0.0 best=0.0
162.17,578,314.5,0.10,0.11,16,85,BEND,1.51;5.98;2.26;1.44;1.21;1.21;1.45;2.16;6.00;0.82;0.32;0.20;0.16;0.17;0.22;0.34,tick=165395 goal=0 lap=0 last=0.0 best=0.0
162.45,579,317.0,0.12,0.22,16,85,BEND,2.68;6.00;1.93;1.38;1.19;1.25;1.55;2.60;5.99;0.54;0.28;0.20;0.17;0.18;0.23;0.43,tick=165423 goal=0 lap=0 last=0.0 best=0.0
162.73,580,326.5,0.14,0.25,16,85,BEND,5.31;4.41;1.66;1.26;1.19;1.30;1.75;3.48;3.28;0.39;0.24;0.18;0.17;0.20;0.28;0.63,tick=165451 goal=0 lap=0 last=0.0 best=0.0
163.01,581,333.2,0.18,0.25,30,70,FWD,5.99;2.48;1.47;1.21;1.19;1.40;2.13;5.95;0.91;0.31;0.22;0.19;0.20;0.24;0.37;1.43,tick=165479 goal=0 lap=0 last=0.0 best=0.0
163.29,582,345.6,0.20,0.29,45,70,FWD,6.00;1.80;1.30;1.15;1.22;1.57;2.75;5.99;0.60;0.33;0.24;0.21;0.25;0.31;0.62;3.46,tick=165507 goal=0 lap=0 last=0.0 best=0.0
163.57,583,356.3,0.27,0.45,30,70,FWD,2.83;1.42;1.15;1.11;1.27;1.84;4.48;1.77;0.51;0.34;0.30;0.30;-1.00;0.54;1.54;5.99,tick=165535 goal=0 lap=0 last=0.0 best=0.0
163.85,584,9.0,0.34,0.49,30,55.300000000000004,FWD,1.49;1.11;1.00;1.09;1.40;2.58;5.99;0.96;0.53;0.42;0.39;0.47;0.62;1.26;4.76;6.00,tick=165563 goal=0 lap=0 last=0.0 best=0.0
164.13,585,23.2,0.00,0.44,20,-32.265,FWD,1.02;0.86;0.87;1.05;1.62;5.88;2.07;0.88;0.64;0.55;0.58;-1.00;1.25;3.20;6.00;1.59,tick=165591 goal=0 lap=0 last=0.0 best=0.0
164.41,586,27.9,0.36,-0.23,16,-73.8,BEND,0.75;0.67;0.71;0.89;1.57;5.99;1.99;1.07;0.81;0.75;0.84;1.13;1.93;5.01;4.05;1.03,tick=165619 goal=0 lap=0 last=0.0 best=0.0
164.69,587,18.9,0.36,-0.53,16,-85,BEND,0.62;0.50;0.50;0.57;0.81;2.10;5.15;1.68;1.11;0.95;0.97;1.18;1.71;3.44;6.00;1.01,tick=165647 goal=0 lap=0 last=0.0 best=0.0
164.97,588,0.4,0.34,-0.60,16,-85,BEND,0.64;0.41;0.37;0.36;0.45;0.66;2.36;4.02;1.73;1.23;1.09;1.15;1.45;2.13;4.47;6.00,tick=165676 goal=0 lap=0 last=0.0 best=0.0
165.25,589,342.2,0.30,-0.55,16,-85,BEND,1.46;0.44;0.31;0.31;0.31;0.38;0.64;5.97;3.13;1.64;1.25;1.18;1.30;1.65;2.60;5.20,tick=165704 goal=0 lap=0 last=0.0 best=0.0
165.53,590,322.5,0.31,-0.53,30,-70,FWD,5.31;1.03;0.37;0.28;0.26;0.28;0.37;0.65;6.00;2.85;1.60;1.29;1.24;1.37;1.75;2.85,tick=165732 goal=0 lap=0 last=0.0 best=0.0
165.81,591,305.0,0.32,-0.47,45,-70,FWD,3.41;5.50;0.86;0.41;0.32;0.29;0.33;0.46;0.98;6.00;2.25;1.47;1.24;1.25;1.39;1.88,tick=165760 goal=0 lap=0 last=0.0 best=0.0
166.09,592,289.9,0.39,-0.56,30,-70,FWD,2.00;3.98;5.60;0.90;0.50;0.40;0.38;0.46;0.69;2.23;4.13;1.76;1.28;1.17;1.21;1.41,tick=165788 goal=0 lap=0 last=0.0 best=0.0
166.38,593,273.2,0.43,-0.58,30,-31.40500000000002,FWD,1.28;1.93;4.08;5.43;1.20;0.69;0.55;0.56;0.68;1.09;6.00;2.78;1.45;1.11;1.03;1.07,tick=165816 goal=0 lap=0 last=0.0 best=0.0
166.66,594,262.3,0.42,-0.30,20,40.33,FWD,0.88;1.12;1.98;4.43;3.90;1.36;0.90;0.77;0.82;1.04;2.04;5.99;1.66;1.06;0.86;0.84,tick=165844 goal=0 lap=0 last=0.0 best=0.0
166.94,595,258.0,0.42,0.35,16,85,BEND,0.66;0.81;1.33;3.70;5.38;1.89;1.21;0.99;1.01;1.29;2.37;6.00;1.38;0.84;0.66;0.59,tick=165872 goal=0 lap=0 last=0.0 best=0.0
167.22,596,276.0,0.41,0.69,16,85,BEND,0.47;0.69;1.84;4.93;2.91;1.67;1.29;1.22;1.45;2.28;6.00;1.21;0.62;0.42;0.38;0.39,tick=165900 goal=0 lap=0 last=0.0 best=0.0
167.50,597,296.2,0.39,0.63,-45,-70,REV,0.40;1.07;4.57;3.52;1.95;1.51;1.38;1.62;2.52;6.00;0.88;0.42;0.27;0.23;0.22;0.26,tick=165928 goal=0 lap=0 last=0.0 best=0.0
167.78,598,309.3,0.28,-0.33,-45,-70,REV,0.34;2.69;5.12;2.54;1.78;1.54;1.55;2.06;4.47;1.45;0.35;0.20;-1.00;0.15;0.14;0.20,tick=165956 goal=0 lap=0 last=0.0 best=0.0
168.06,599,296.3,0.10,0.00,-45,-70,REV,0.19;0.61;4.43;3.45;2.06;1.65;1.57;1.86;3.13;5.99;0.37;0.15;0.12;0.10;0.10;0.11,tick=165984 goal=0 lap=0 last=0.0 best=0.0
168.34,600,297.2,-0.09,0.12,-45,-70,REV,0.19;0.60;4.41;3.50;2.06;1.65;1.59;1.86;3.10;6.00;0.38;0.16;0.12;0.10;0.10;0.11,tick=166012 goal=0 lap=0 last=0.0 best=0.0
168.62,601,302.3,0.00,0.19,-45,-70,REV,0.28;1.77;4.93;2.78;1.87;1.56;1.55;1.98;3.85;2.01;0.38;0.20;0.14;0.14;0.12;0.18,tick=166040 goal=0 lap=0 last=0.0 best=0.0
168.90,602,310.5,-0.16,0.20,-45,-70,REV,0.49;3.52;5.19;2.31;1.69;1.48;1.58;2.23;5.71;1.10;0.37;0.22;0.17;0.18;0.18;0.24,tick=166068 goal=0 lap=0 last=0.0 best=0.0
169.18,603,316.9,-0.13,0.22,16,85,BEND,0.85;4.50;3.61;2.03;1.55;1.44;1.69;2.65;6.00;0.75;0.31;0.23;0.19;0.18;0.21;0.33,tick=166097 goal=0 lap=0 last=0.0 best=0.0
169.46,604,323.6,-0.12,-0.19,16,85,BEND,1.26;4.86;3.10;1.88;1.49;1.43;1.74;-1.00;5.99;0.64;0.32;0.23;0.19;0.20;0.24;0.38,tick=166125 goal=0 lap=0 last=0.0 best=0.0
169.74,605,315.9,-0.04,-0.08,16,85,BEND,0.88;4.56;3.73;2.00;1.55;1.38;1.65;2.51;6.00;0.81;0.36;0.24;0.20;0.20;0.24;0.35,tick=166153 goal=0 lap=0 last=0.0 best=0.0
170.02,606,314.9,0.01,0.00,16,85,BEND,0.80;4.42;3.87;2.04;1.52;1.41;1.60;2.41;6.00;0.87;0.39;0.27;0.20;0.21;0.24;0.33,tick=166181 goal=0 lap=0 last=0.0 best=0.0
170.30,607,316.0,0.05,0.11,16,85,BEND,0.89;4.58;3.67;1.99;1.52;1.41;-1.00;2.54;6.00;0.80;0.37;0.24;0.19;0.21;0.24;0.36,tick=166209 goal=0 lap=0 last=0.0 best=0.0
170.59,608,318.5,0.09,0.19,16,85,BEND,1.19;4.82;3.12;1.90;1.49;1.44;1.75;2.90;6.00;0.66;0.33;0.24;0.22;0.21;0.26;0.36,tick=166237 goal=0 lap=0 last=0.0 best=0.0
170.87,609,324.1,0.12,0.19,16,85,BEND,2.26;5.14;2.64;1.76;1.48;1.48;1.90;3.68;2.46;0.52;0.28;0.20;0.18;0.21;0.26;0.46,tick=166265 goal=0 lap=0 last=0.0 best=0.0
171.15,610,334.0,0.16,0.28,16,85,BEND,3.66;5.21;2.26;1.62;1.45;1.55;2.19;5.65;-1.00;0.41;0.24;0.21;0.19;0.21;0.29;0.59,tick=166293 goal=0 lap=0 last=0.0 best=0.0
171.43,611,337.8,0.18,0.29,30,70,FWD,4.49;3.36;1.95;1.52;1.45;1.67;2.73;5.98;0.79;0.35;0.24;0.21;0.19;0.25;0.36;1.12,tick=166321 goal=0 lap=0 last=0.0 best=0.0
171.71,612,353.6,0.20,0.33,45,70,FWD,4.98;2.47;1.71;1.45;1.47;1.91;3.93;2.27;0.61;0.32;0.26;0.24;0.25;0.32;0.59;2.81,tick=166349 goal=0 lap=0 last=0.0 best=0.0
171.99,613,359.4,0.26,0.36,45,70,FWD,4.93;1.98;1.51;1.40;1.53;2.30;6.00;1.29;0.55;0.37;0.29;0.28;0.33;0.48;1.19;4.09,tick=166377 goal=0 lap=0 last=0.0 best=0.0
172.27,614,15.3,0.35,0.50,45,70,FWD,2.13;1.53;1.31;1.35;1.72;3.78;2.93;0.95;0.57;0.44;0.39;0.44;0.58;1.08;3.31;4.69,tick=166403 goal=0 lap=0 last=0.0 best=0.0
172.55,615,31.6,0.41,0.62,30,48.33500000000001,FWD,1.43;1.19;1.17;1.36;2.38;6.00;1.59;0.88;0.66;0.58;0.60;0.78;1.27;2.99;4.51;2.12,tick=166433 goal=0 lap=0 last=0.0 best=0.0
172.83,616,49.4,0.46,0.41,20,-16.555000000000007,FWD,0.97;0.93;1.05;1.46;5.99;2.50;1.34;0.95;0.81;0.83;1.01;1.52;2.95;4.26;1.99;1.22,tick=166461 goal=0 lap=0 last=0.0 best=0.0
173.11,617,59.5,0.43,-0.13,16,-85,BEND,0.70;0.69;0.82;1.28;6.00;2.44;1.52;1.18;1.07;1.14;1.46;2.35;3.75;4.26;1.17;0.81,tick=166489 goal=0 lap=0 last=0.0 best=0.0
173.39,618,45.8,0.42,-0.71,16,-85,BEND,0.48;0.46;0.48;0.62;1.25;4.64;2.21;1.59;1.35;1.33;1.55;2.19;3.35;4.24;1.09;0.63,tick=166517 goal=0 lap=0 last=0.0 best=0.0
173.67,619,24.6,0.43,-0.68,-45,70,REV,0.36;0.27;0.24;0.30;-1.00;0.69;5.37;2.54;1.85;1.55;1.54;1.77;2.46;3.49;4.10;0.63,tick=166545 goal=0 lap=0 last=0.0 best=0.0
173.95,620,13.2,0.27,0.36,-45,70,REV,0.22;0.17;0.14;0.14;0.17;0.25;0.69;3.72;2.35;1.82;1.67;1.76;2.20;3.02;-1.00;0.63,tick=166574 goal=0 lap=0 last=0.0 best=0.0
174.23,621,22.7,-0.06,-0.10,-45,70,REV,0.13;0.10;0.09;0.10;0.12;0.19;1.05;3.23;2.23;1.81;1.73;1.91;2.45;3.32;3.91;0.28,tick=166602 goal=0 lap=0 last=0.0 best=0.0
174.51,622,18.0,-0.15,-0.18,-45,70,REV,0.21;0.14;0.12;0.13;0.15;0.24;0.77;3.57;2.29;1.84;1.69;1.80;2.27;3.12;3.81;0.50,tick=166630 goal=0 lap=0 last=0.0 best=0.0
174.79,623,6.5,-0.15,-0.22,-45,70,REV,0.34;0.23;0.19;0.17;0.18;0.30;0.61;4.39;2.46;1.85;1.65;1.68;1.99;2.77;3.66;1.24,tick=166658 goal=0 lap=0 last=0.0 best=0.0
175.07,624,0.2,-0.15,-0.21,-45,70,REV,0.54;0.29;0.23;0.23;0.20;0.30;0.54;5.98;2.69;1.96;1.62;1.60;1.81;2.45;3.47;4.07,tick=166686 goal=0 lap=0 last=0.0 best=0.0
175.36,625,355.9,-0.15,-0.18,16,-85,BEND,0.85;0.40;0.25;0.23;0.24;0.29;0.47;6.00;3.03;2.05;1.65;1.51;1.68;2.19;3.14;4.03,tick=166714 goal=0 lap=0 last=0.0 best=0.0
175.64,626,349.2,-0.14,0.17,16,-85,BEND,1.11;0.45;0.32;0.27;0.27;0.30;0.43;6.00;3.29;2.10;1.65;1.51;1.62;2.01;2.98;4.00,tick=166742 goal=0 lap=0 last=0.0 best=0.0
175.92,627,357.7,-0.06,0.06,16,-85,BEND,0.89;0.42;0.30;0.26;-1.00;0.33;0.54;6.00;2.83;1.94;1.57;1.50;1.64;2.17;3.24;4.16,tick=166770 goal=0 lap=0 last=0.0 best=0.0
176.20,628,355.6,-0.01,-0.01,16,-85,BEND,0.83;0.41;0.30;0.29;0.27;0.33;0.57;6.00;2.74;1.89;1.58;1.47;1.66;2.20;3.30;4.20,tick=166798 goal=0 lap=0 last=0.0 best=0.0
176.48,629,353.4,0.06,-0.12,16,-85,BEND,0.90;0.43;0.30;0.27;0.28;0.34;0.54;6.00;2.84;1.94;1.58;1.50;1.64;2.15;3.23;4.17,tick=166826 goal=0 lap=0 last=0.0 best=0.0
176.76,630,352.4,0.09,-0.16,16,-85,BEND,1.06;0.44;0.29;0.26;0.27;0.31;0.47;5.99;3.18;2.05;1.63;1.50;-1.00;2.04;3.03;4.04,tick=166854 goal=0 lap=0 last=0.0 best=0.0
177.04,631,345.2,0.11,-0.19,45,-70,FWD,1.75;-1.00;0.32;0.26;0.23;0.28;0.36;0.88;4.00;2.28;1.75;1.54;1.59;1.91;2.73;3.80,tick=166882 goal=0 lap=0 last=0.0 best=0.0
177.32,632,338.7,0.20,-0.26,16,-85,BEND,4.08;0.61;0.32;0.25;0.26;0.28;0.33;0.58;5.90;2.63;1.90;1.59;1.57;1.79;2.40;3.44,tick=166910 goal=0 lap=0 last=0.0 best=0.0
177.60,633,328.7,0.24,-0.43,30,-70,FWD,3.76;1.12;0.45;0.31;0.28;0.26;0.30;0.45;1.25;3.52;2.23;1.69;1.54;1.64;2.04;2.87,tick=166938 goal=0 lap=0 last=0.0 best=0.0
177.88,634,317.8,0.25,-0.36,45,-70,FWD,3.18;3.86;0.76;0.43;0.33;0.30;0.32;0.38;0.73;5.97;2.74;1.92;1.57;1.54;1.73;2.27,tick=166966 goal=0 lap=0 last=0.0 best=0.0
178.16,635,300.5,0.33,-0.46,45,-70,FWD,2.49;3.33;3.65;0.69;0.44;0.37;0.39;0.42;0.63;1.49;3.83;2.27;1.67;1.48;1.52;1.84,tick=166994 goal=0 lap=0 last=0.0 best=0.0
178.44,636,282.6,0.39,-0.57,30,-70,FWD,1.84;2.50;3.31;2.06;0.80;0.59;0.52;0.53;0.65;1.02;6.00;3.00;1.88;1.44;1.34;1.45,tick=167023 goal=0 lap=0 last=0.0 best=0.0
178.72,637,268.3,0.42,-0.58,30,-35.22,FWD,1.25;1.61;2.33;3.19;3.49;1.08;0.79;0.71;0.75;0.98;1.56;6.00;2.45;1.53;1.23;1.14,tick=167051 goal=0 lap=0 last=0.0 best=0.0
179.00,638,252.8,0.43,-0.33,20,70,FWD,0.93;1.05;1.46;2.27;3.20;3.53;1.27;0.99;0.97;1.08;1.40;3.70;3.56;1.69;1.10;0.94,tick=167079 goal=0 lap=0 last=0.0 best=0.0
179.28,639,247.0,0.43,0.60,16,85,BEND,0.67;-1.00;1.06;1.81;2.98;3.62;1.65;1.28;1.21;1.31;1.75;5.30;3.02;1.26;0.83;0.69,tick=167107 goal=0 lap=0 last=0.0 best=0.0
179.57,640,268.9,0.41,0.72,16,85,BEND,0.52;0.69;1.26;2.64;3.62;2.08;1.55;1.45;1.56;2.02;5.79;2.61;0.86;0.56;0.46;0.44,tick=167135 goal=0 lap=0 last=0.0 best=0.0
179.85,641,290.3,0.40,0.66,-45,-70,REV,0.42;0.83;2.17;3.51;2.33;1.74;1.61;1.77;2.25;6.00;2.08;0.56;0.35;0.29;0.26;0.30,tick=167163 goal=0 lap=0 last=0.0 best=0.0
180.13,642,304.3,0.27,-0.34,-45,-70,REV,0.32;0.93;2.61;3.57;2.11;1.75;1.78;2.10;-1.00;5.67;0.54;0.25;0.17;0.17;0.17;0.22,tick=167191 goal=0 lap=0 last=0.0 best=0.0
180.41,643,296.6,0.11,-0.11,-45,-70,REV,0.16;0.37;1.73;3.32;3.77;1.90;1.81;2.01;2.67;6.00;0.71;0.21;0.14;0.10;0.11;0.14,tick=167219 goal=0 lap=0 last=0.0 best=0.0
180.69,644,295.1,-0.06,0.08,-45,-70,REV,0.16;0.34;1.55;3.20;3.75;1.94;1.80;1.99;2.62;6.00;0.75;0.19;0.12;0.10;0.09;0.12,tick=167247 goal=0 lap=0 last=0.0 best=0.0
180.97,645,300.8,-0.14,0.17,-45,-70,REV,0.24;0.59;2.11;3.44;2.33;1.84;1.80;2.03;2.83;6.00;0.63;0.23;0.17;0.14;0.14;0.16,tick=167275 goal=0 lap=0 last=0.0 best=0.0
181.25,646,307.6,-0.16,0.20,-45,-70,REV,0.39;1.09;2.77;3.63;2.07;1.75;1.77;2.12;3.52;4.05;0.54;0.26;-1.00;0.18;0.18;0.23,tick=167303 goal=0 lap=0 last=0.0 best=0.0
181.53,647,315.3,-0.13,0.25,-45,-70,REV,0.59;1.76;3.29;3.79;1.86;1.68;1.78;2.26;5.43;2.26;0.45;0.28;0.23;0.22;0.23;0.30,tick=167331 goal=0 lap=0 last=0.0 best=0.0
181.81,648,318.1,-0.14,0.18,16,85,BEND,0.89;2.48;3.60;2.24;1.74;1.67;1.87;2.53;6.00;1.15;0.42;0.27;0.24;0.25;0.28;0.39,tick=167359 goal=0 lap=0 last=0.0 best=0.0
182.09,649,321.7,-0.10,-0.20,16,85,BEND,1.13;2.80;3.74;2.09;1.67;1.66;1.89;2.73;6.00;0.97;0.42;0.29;0.26;0.25;0.31;0.46,
182.37,650,319.3,-0.05,-0.10,16,85,BEND,0.96;2.56;3.69;2.20;-1.00;1.63;1.81;2.40;6.00;1.39;0.46;0.32;0.25;0.26;0.31;0.42,tick=167415 goal=0 lap=0 last=0.0 best=0.0
182.65,651,317.0,0.00,0.04,16,85,BEND,0.92;2.49;3.70;2.27;1.71;1.64;1.78;2.35;5.98;1.56;0.49;0.33;0.24;0.27;0.29;0.42,tick=167443 goal=0 lap=0 last=0.0 best=0.0
182.93,652,324.0,0.05,0.11,16,85,BEND,0.97;2.60;3.70;2.18;1.71;1.63;1.82;2.41;6.00;1.33;0.46;0.30;0.26;0.25;0.31;0.42,tick=167472 goal=0 lap=0 last=0.0 best=0.0
183.21,653,324.8,0.10,0.14,16,85,BEND,1.10;2.78;3.73;2.08;1.68;1.66;1.88;2.71;6.00;0.98;0.42;0.29;0.26;0.25;0.31;0.48,tick=167500 goal=0 lap=0 last=0.0 best=0.0
183.49,654,330.2,0.11,0.19,16,85,BEND,1.41;3.07;3.77;1.94;1.66;1.69;2.03;3.40;4.28;0.70;0.37;0.26;0.24;0.28;0.33;0.51,tick=167528 goal=0 lap=0 last=0.0 best=0.0
183.77,655,336.7,0.15,0.26,16,85,BEND,1.92;3.36;2.55;1.79;1.63;1.77;2.23;5.46;2.31;0.54;0.33;0.25;0.23;0.26;0.37;0.69,tick=167556 goal=0 lap=0 last=0.0 best=0.0
184.05,656,345.4,0.16,0.28,20,70,FWD,2.46;3.50;2.18;1.70;1.67;1.89;2.60;5.99;1.10;0.43;0.30;0.24;0.26;0.28;0.44;0.95,tick=167584 goal=0 lap=0 last=0.0 best=0.0
184.34,657,354.1,0.18,0.25,30,70,FWD,2.90;3.54;1.87;1.63;1.69;2.07;3.55;3.92;0.76;0.41;0.31;0.27;0.30;0.37;0.62;1.45,tick=167612 goal=0 lap=0 last=0.0 best=0.0
184.62,658,3.7,0.24,0.36,45,70,FWD,3.22;2.29;1.71;1.59;1.77;2.32;6.00;2.09;0.67;0.40;0.34;0.33;0.37;0.51;0.91;2.04,tick=167640 goal=0 lap=0 last=0.0 best=0.0
184.90,659,13.2,0.30,0.37,45,70,FWD,3.26;1.83;1.53;1.56;1.88;2.85;6.00;1.23;0.63;0.47;0.41;0.43;0.53;0.75;1.46;2.60,tick=167668 goal=0 lap=0 last=0.0 best=0.0
185.18,660,29.8,0.39,0.54,30,70,FWD,1.86;1.45;1.38;1.57;2.18;6.00;2.48;1.00;0.65;0.55;0.53;0.62;0.80;1.29;2.20;2.98,tick=167696 goal=0 lap=0 last=0.0 best=0.0
185.46,661,49.0,0.41,0.62,30,68.65,FWD,1.31;1.18;1.30;1.73;3.58;3.89;1.50;0.96;0.79;0.73;0.78;0.97;1.43;2.11;2.75;1.77,tick=167724 goal=0 lap=0 last=0.0 best=0.0
185.74,662,66.1,0.41,0.58,20,43.91999999999998,FWD,0.96;1.01;1.33;2.37;5.44;2.13;1.31;1.05;0.99;1.01;1.22;1.60;2.14;2.65;1.47;1.07,tick=167752 goal=0 lap=0 last=0.0 best=0.0
186.02,663,83.6,0.42,0.38,16,85,BEND,0.73;0.90;1.49;6.00;3.15;1.77;1.35;1.21;1.25;1.41;1.75;2.23;2.59;1.22;0.83;0.73,tick=167780 goal=0 lap=0 last=0.0 best=0.0
186.30,664,101.1,0.41,0.69,16,85,BEND,0.57;0.86;2.09;4.29;2.33;1.67;1.44;1.43;1.58;1.91;2.30;2.63;1.06;0.62;0.52;0.50,tick=167808 goal=0 lap=0 last=0.0 best=0.0
186.58,665,123.2,0.38,0.66,16,85,BEND,0.55;1.35;4.70;2.62;1.85;1.62;1.60;1.78;2.13;2.53;2.74;0.69;0.42;0.33;0.33;0.39,tick=167836 goal=0 lap=0 last=0.0 best=0.0
186.86,666,140.0,0.36,0.60,16,85,BEND,0.87;5.30;2.83;1.99;1.68;1.69;1.85;2.28;2.70;2.90;0.52;0.31;0.25;0.24;0.27;0.40,tick=167865 goal=0 lap=0 last=0.0 best=0.0
187.14,667,162.5,0.35,0.56,16,85,BEND,6.00;3.02;2.05;1.72;1.67;1.86;2.29;2.83;3.11;0.51;0.29;0.23;0.21;0.25;0.33;0.68,tick=167893 goal=0 lap=0 last=0.0 best=0.0
187.42,668,180.6,0.34,0.61,45,70,FWD,3.13;2.10;1.69;1.60;1.77;2.17;2.85;3.33;0.71;0.39;0.30;0.27;0.27;0.37;0.65;5.98,tick=167921 goal=0 lap=0 last=0.0 best=0.0
187.70,669,197.8,0.35,0.52,45,70,FWD,2.14;1.62;1.47;1.61;1.96;2.67;3.29;1.47;0.57;0.41;0.36;0.38;0.46;0.71;6.00;3.34,tick=167949 goal=0 lap=0 last=0.0 best=0.0
187.99,670,213.3,0.40,0.62,30,70,FWD,1.49;1.35;1.40;1.66;2.32;3.18;3.61;0.93;-1.00;0.54;0.54;0.59;0.89;6.00;3.48;2.06,tick=167977 goal=0 lap=0 last=0.0 best=0.0
188.27,671,229.3,0.45,0.68,30,65.28,FWD,1.10;1.13;1.35;1.93;2.97;3.78;1.48;0.90;0.78;0.77;0.84;1.18;6.00;3.24;1.78;1.27,tick=168005 goal=0 lap=0 last=0.0 best=0.0
188.55,672,252.9,0.46,0.60,20,69.75999999999999,FWD,0.85;1.00;1.47;2.50;3.62;2.25;1.29;1.04;1.00;1.10;1.51;6.00;2.91;1.48;1.01;0.84,tick=168033 goal=0 lap=0 last=0.0 best=0.0
188.83,673,270.5,0.46,0.64,16,85,BEND,0.70;1.00;1.86;3.26;3.89;1.70;-1.00;1.25;1.36;1.77;5.98;2.70;1.12;0.73;0.63;0.61,tick=168061 goal=0 lap=0 last=0.0 best=0.0
189.11,674,296.9,0.42,0.73,16,85,BEND,0.67;1.35;2.91;3.81;1.99;1.53;1.44;1.58;2.05;6.00;2.22;0.81;0.51;0.44;0.43;0.47,tick=168089 goal=0 lap=0 last=0.0 best=0.0
189.39,675,320.9,0.41,0.66,16,85,BEND,1.05;2.52;3.64;2.19;1.67;1.56;1.72;2.25;6.00;1.91;0.60;0.41;0.32;0.32;0.36;0.51,tick=168117 goal=0 lap=0 last=0.0 best=0.0
189.67,676,339.8,0.37,0.63,20,70,FWD,2.13;3.44;2.27;1.73;1.60;1.75;2.26;5.99;2.19;0.62;0.39;0.33;0.30;0.35;0.47;0.87,tick=168145 goal=0 lap=0 last=0.0 best=0.0
189.95,677,354.6,0.35,0.52,45,70,FWD,3.01;3.53;1.75;1.54;1.66;2.09;4.10;3.33;0.85;0.48;0.38;0.36;0.39;0.51;0.82;1.81,tick=168173 goal=0 lap=0 last=0.0 best=0.0
190.23,678,14.6,0.37,0.56,45,70,FWD,3.21;1.78;1.48;1.50;1.81;2.71;6.00;1.43;0.72;0.52;0.45;0.47;0.58;-1.00;1.51;2.60,tick=168202 goal=0 lap=0 last=0.0 best=0.0
190.51,679,31.3,0.44,0.62,30,70,FWD,1.67;1.34;1.29;-1.00;2.19;5.99;2.37;1.07;0.74;0.65;0.65;0.73;0.96;1.52;2.36;2.93,tick=168230 goal=0 lap=0 last=0.0 best=0.0
190.79,680,54.3,0.47,0.68,30,-9.410000000000005,FWD,1.12;1.07;1.25;1.77;6.00;3.34;1.53;1.04;0.90;0.88;0.95;-1.00;1.70;2.34;2.75;1.37,tick=168258 goal=0 lap=0 last=0.0 best=0.0
191.07,681,66.6,0.48,-0.09,16,18.160000000000007,BEND,0.79;0.85;1.09;1.98;6.00;2.46;1.54;1.21;1.15;1.18;1.37;1.75;2.25;2.57;1.23;0.90,tick=168286 goal=0 lap=0 last=0.0 best=0.0
191.36,682,68.3,0.48,0.17,16,-30,BEND,0.54;0.55;0.74;1.36;6.00;2.99;1.88;1.50;1.42;1.44;1.66;2.00;2.37;2.50;0.82;0.61,tick=168314 goal=0 lap=0 last=0.0 best=0.0
191.64,683,0.0,0.43,-0.25,16,-68.60000000000001,BEND,0.30;0.31;0.39;0.70;5.99;3.40;2.16;1.75;-1.00;1.69;1.92;2.18;2.50;0.87;-1.00;0.30,tick=168342 goal=0 lap=0 last=0.0 best=0.0
191.92,684,56.8,0.00,0.00,-45,0,REV,0.09;0.08;0.09;0.15;0.43;4.75;2.85;2.10;1.85;1.84;1.97;2.20;2.40;0.69;0.17;0.12,tick=168370 goal=0 lap=0 last=0.0 best=0.0
192.20,685,56.4,-0.07,0.02,-45,0,REV,0.10;0.10;0.12;0.17;0.47;4.77;2.85;2.08;1.87;1.86;1.97;2.21;2.40;0.71;0.19;0.12,tick=168398 goal=0 lap=0 last=0.0 best=0.0
192.48,686,59.2,-0.15,-0.03,-45,0,REV,0.15;0.16;0.16;0.27;0.84;4.65;2.73;2.05;1.80;1.79;1.93;2.15;2.39;0.91;0.28;0.21,tick=168426 goal=0 lap=0 last=0.0 best=0.0
192.76,687,55.4,-0.15,0.00,-45,0,REV,0.24;0.24;0.31;0.44;1.38;4.48;2.60;1.92;1.73;1.70;1.83;2.13;2.35;2.43;0.45;0.31,tick=168454 goal=0 lap=0 last=0.0 best=0.0
193.04,688,62.3,-0.14,0.01,16,-85,BEND,0.34;0.34;0.37;0.58;1.78;4.29;2.48;1.84;1.62;1.63;1.76;2.04;2.34;2.47;0.65;0.39,tick=168482 goal=0 lap=0 last=0.0 best=0.0
193.32,689,61.7,-0.11,0.21,16,-85,BEND,0.41;0.41;0.49;0.79;2.66;3.89;2.26;1.69;1.54;1.53;1.70;2.02;2.34;2.48;0.75;0.49,tick=168510 goal=0 lap=0 last=0.0 best=0.0
193.60,690,63.3,-0.04,0.08,16,-85,BEND,0.46;0.47;0.58;1.04;5.98;3.36;2.03;1.61;1.49;1.52;1.73;2.05;2.38;2.50;0.77;0.51,tick=168538 goal=0 lap=0 last=0.0 best=0.0
193.88,691,66.5,0.01,-0.02,16,-30,BEND,0.47;0.48;0.61;1.11;6.00;3.23;2.00;1.58;1.47;1.51;1.72;2.07;2.42;2.52;0.73;0.53,tick=168567 goal=0 lap=0 last=0.0 best=0.0
194.16,692,66.4,0.04,-0.07,16,-30,BEND,0.45;0.47;0.58;1.05;6.00;3.36;2.05;1.60;1.49;1.53;1.73;2.05;2.42;2.50;0.73;0.49,tick=168595 goal=0 lap=0 last=0.0 best=0.0
194.44,693,62.9,0.08,-0.05,16,-30,BEND,0.42;0.44;0.52;0.90;6.00;3.54;2.12;1.67;1.53;1.56;1.73;2.06;2.39;2.50;0.69;0.48,tick=168623 goal=0 lap=0 last=0.0 best=0.0
194.72,694,64.0,0.10,-0.09,16,-30,BEND,0.36;0.36;0.43;0.72;2.92;3.85;2.30;1.73;1.60;1.59;1.76;2.10;2.41;2.48;0.61;0.39,tick=168651 goal=0 lap=0 last=0.0 best=0.0
195.01,695,64.2,0.13,-0.09,-45,70,REV,0.29;0.26;0.34;0.50;1.73;4.24;2.51;1.87;1.66;1.66;1.82;2.10;2.37;2.45;0.53;0.34,tick=168679 goal=0 lap=0 last=0.0 best=0.0
195.29,696,59.5,0.08,0.10,-45,0,REV,0.22;0.22;0.23;0.36;1.26;4.43;2.60;1.95;1.75;1.73;1.89;2.14;2.39;2.40;0.38;0.25,tick=168707 goal=0 lap=0 last=0.0 best=0.0
195.57,697,62.2,-0.07,0.03,-45,0,REV,0.21;0.21;0.23;0.37;1.38;4.33;2.60;1.93;1.75;1.76;1.92;2.15;2.40;0.96;0.35;0.24,tick=168735 goal=0 lap=0 last=0.0 best=0.0
195.85,698,0.0,-0.15,-0.02,-45,0,REV,0.26;0.24;0.32;0.48;1.71;4.21;2.49;1.88;1.69;1.70;1.84;2.13;2.39;2.43;0.45;0.31,tick=168763 goal=0 lap=0 last=0.0 best=0.0
196.13,699,59.8,-0.14,-0.01,16,-85,BEND,0.36;0.35;0.41;0.66;2.17;4.05;2.38;1.77;1.60;1.60;1.76;2.07;2.35;2.47;0.62;0.41,tick=168791 goal=0 lap=0 last=0.0 best=0.0
196.41,700,61.9,-0.11,0.19,16,-85,BEND,0.44;0.43;0.54;0.90;6.00;3.65;2.15;1.66;1.50;1.53;1.72;2.04;2.37;2.49;0.75;0.49,tick=168819 goal=0 lap=0 last=0.0 best=0.0
196.69,701,64.9,-0.06,0.05,16,30,BEND,0.47;0.50;0.62;-1.00;6.00;3.18;1.97;1.59;1.46;1.50;1.72;2.06;2.41;2.52;0.73;0.51,tick=168847 goal=0 lap=0 last=0.0 best=0.0
196.97,702,63.1,0.00,-0.01,16,-30,BEND,0.50;0.53;0.68;1.26;5.99;3.03;1.91;1.53;1.45;1.50;1.73;2.06;2.45;2.50;0.74;0.53,tick=168875 goal=0 lap=0 last=0.0 best=0.0
197.25,703,64.8,0.05,-0.05,16,-30,BEND,0.47;0.51;0.64;1.23;6.00;3.06;1.92;1.55;1.45;1.49;1.75;2.08;2.45;2.51;0.71;0.53,tick=168903 goal=0 lap=0 last=0.0 best=0.0
197.53,704,66.7,0.09,-0.02,16,-30,BEND,0.44;0.45;0.58;1.05;6.00;3.24;2.02;1.59;1.49;1.56;1.76;2.09;2.43;2.48;0.67;0.49,tick=168932 goal=0 lap=0 last=0.0 best=0.0
197.81,705,63.0,0.13,-0.10,16,-30,BEND,0.38;0.37;0.48;0.84;6.00;3.53;2.16;1.67;1.57;1.60;1.79;2.10;2.44;2.48;0.60;0.42,tick=168960 goal=0 lap=0 last=0.0 best=0.0
198.09,706,64.2,0.14,-0.06,-45,0,REV,0.30;0.31;0.37;0.61;2.47;3.88;2.36;1.79;1.62;1.66;1.83;2.12;2.40;2.44;0.51;0.35,tick=168988 goal=0 lap=0 last=0.0 best=0.0
198.38,707,59.2,0.07,-0.01,-45,0,REV,0.23;0.25;0.27;0.43;1.64;4.17;2.50;1.91;1.72;1.72;1.89;2.15;2.41;2.41;0.42;0.29,tick=169016 goal=0 lap=0 last=0.0 best=0.0
198.66,708,60.6,-0.06,0.03,-45,0,REV,0.23;0.21;0.25;0.41;1.55;4.21;2.55;1.91;1.72;1.73;1.88;2.15;2.41;2.40;0.38;0.26,tick=169044 goal=0 lap=0 last=0.0 best=0.0
198.94,709,59.6,-0.17,-0.00,-45,0,REV,0.29;0.27;0.34;0.55;1.93;4.11;2.42;1.83;1.65;1.68;1.83;2.13;2.40;2.45;0.50;0.33,tick=169072 goal=0 lap=0 last=0.0 best=0.0
199.22,710,61.9,-0.14,0.03,16,-85,BEND,0.38;0.39;0.46;0.71;2.42;3.96;2.31;1.74;1.57;1.59;1.76;2.07;2.39;2.49;0.66;0.43,tick=169100 goal=0 lap=0 last=0.0 best=0.0
199.50,711,64.0,-0.11,0.19,16,-85,BEND,0.46;0.46;0.55;0.95;6.00;3.58;2.13;1.64;1.49;1.52;1.67;2.05;2.37;2.52;0.78;0.51,tick=169128 goal=0 lap=0 last=0.0 best=0.0
199.78,712,66.6,-0.05,0.05,16,-30,BEND,0.49;0.53;0.66;1.23;5.99;3.09;1.93;1.53;1.43;1.48;1.71;2.07;2.46;2.52;0.77;0.55,tick=169156 goal=0 lap=0 last=0.0 best=0.0
200.06,713,68.2,0.01,-0.02,16,-30,BEND,0.51;0.55;0.69;1.35;5.99;2.94;1.86;1.50;1.42;1.48;1.71;2.07;2.46;2.53;0.77;0.56,tick=169184 goal=0 lap=0 last=0.0 best=0.0
200.34,714,67.7,0.06,-0.05,16,-30,BEND,0.49;0.54;0.68;1.27;6.00;3.01;1.90;1.54;1.45;1.48;1.71;2.06;2.44;2.54;0.75;0.56,tick=169212 goal=0 lap=0 last=0.0 best=0.0
200.62,715,65.2,0.09,-0.07,16,-30,BEND,0.43;0.47;0.61;1.10;6.00;3.21;1.99;1.58;1.48;1.54;1.74;2.09;2.43;2.53;0.72;0.52,tick=169240 goal=0 lap=0 last=0.0 best=0.0
200.90,716,65.2,0.11,-0.11,16,-30,BEND,0.40;0.42;0.52;0.88;6.00;3.48;2.12;1.65;1.56;1.57;1.79;2.09;2.43;2.50;0.64;0.44,tick=169268 goal=0 lap=0 last=0.0 best=0.0
201.18,717,60.5,0.15,-0.13,16,-30,BEND,0.31;0.32;0.40;0.64;2.61;3.85;2.31;1.78;1.62;1.64;1.83;2.12;2.40;2.48;0.55;0.38,tick=169297 goal=0 lap=0 last=0.0 best=0.0
201.46,718,59.7,0.19,-0.13,-45,0,REV,0.24;0.22;0.28;0.41;1.48;4.33;2.56;1.93;1.70;1.71;1.86;2.15;2.41;2.45;0.44;0.28,tick=169325 goal=0 lap=0 last=0.0 best=0.0
201.74,719,56.7,0.10,0.03,-45,0,REV,0.13;0.16;0.19;0.26;0.73;4.79;2.80;2.05;1.81;1.80;1.92;2.18;2.40;0.97;0.28;0.18,tick=169353 goal=0 lap=0 last=0.0 best=0.0
202.03,720,54.8,-0.04,0.01,-45,0,REV,0.13;0.14;0.14;0.23;0.65;4.81;2.81;2.07;1.83;1.78;1.94;2.20;2.42;0.93;0.23;0.15,tick=169381 goal=0 lap=0 last=0.0 best=0.0
202.31,721,59.1,-0.17,-0.00,-45,0,REV,0.20;0.20;0.24;0.34;0.97;4.70;2.74;2.01;1.75;1.74;1.89;2.15;2.39;2.41;0.37;0.23,tick=169409 goal=0 lap=0 last=0.0 best=0.0
202.59,722,55.1,-0.15,-0.02,-45,70,REV,0.29;0.28;0.32;0.48;1.41;4.53;2.60;1.91;1.68;1.65;1.79;2.09;2.37;2.46;0.53;0.33,tick=169437 goal=0 lap=0 last=0.0 best=0.0
202.87,723,57.7,-0.14,-0.22,16,-85,BEND,0.35;0.34;0.41;0.57;1.53;4.68;2.60;1.86;1.62;1.59;1.70;1.99;2.32;2.49;0.78;0.45,tick=169465 goal=0 lap=0 last=0.0 best=0.0
203.15,724,47.5,-0.11,0.19,16,-85,BEND,0.46;0.43;0.47;0.65;1.46;5.27;2.70;1.83;1.56;1.53;1.61;1.90;2.23;2.56;1.03;0.58,tick=169493 goal=0 lap=0 last=0.0 best=0.0
203.43,725,57.8,-0.05,0.06,16,-85,BEND,0.50;0.48;0.56;0.83;2.18;4.21;2.31;1.68;1.48;1.49;1.61;1.93;2.31;2.57;0.99;0.60,tick=169521 goal=0 lap=0 last=0.0 best=0.0
203.71,726,56.5,0.01,-0.02,16,-85,BEND,0.51;0.51;0.57;0.87;2.40;4.03;2.25;1.65;1.45;1.43;1.59;1.92;2.31;2.56;0.98;0.59,tick=169549 goal=0 lap=0 last=0.0 best=0.0
203.99,727,54.5,0.05,-0.10,16,-85,BEND,0.50;0.48;0.55;0.82;2.06;4.26;2.33;1.70;1.46;1.48;1.60;1.93;2.30;2.55;0.98;0.59,tick=169577 goal=0 lap=0 last=0.0 best=0.0
204.27,728,49.5,0.07,-0.19,16,-85,BEND,0.46;0.44;0.49;0.67;1.54;5.08;2.63;1.83;1.55;1.50;1.61;1.88;2.22;2.55;1.01;0.59,tick=169605 goal=0 lap=0 last=0.0 best=0.0
204.55,729,50.6,0.12,-0.21,16,-85,BEND,0.41;0.38;0.42;0.52;1.04;6.00;3.15;2.00;1.65;1.55;1.61;1.87;2.17;2.54;1.10;-1.00,tick=169633 goal=0 lap=0 last=0.0 best=0.0
204.83,730,41.7,0.13,-0.30,16,-85,BEND,0.35;0.31;0.33;0.39;0.61;2.30;3.96;2.36;1.79;1.63;1.65;1.80;2.13;2.39;2.46;0.57,tick=169661 goal=0 lap=0 last=0.0 best=0.0
205.11,731,31.4,0.16,-0.31,-45,70,REV,0.30;0.24;0.25;0.28;0.39;0.88;5.50;2.94;2.04;1.73;1.67;1.77;2.03;2.30;2.41;0.58,tick=169690 goal=0 lap=0 last=0.0 best=0.0
205.39,732,21.8,0.09,0.10,-45,70,REV,0.25;0.20;0.20;0.19;0.25;0.47;6.00;3.46;2.28;1.84;1.75;1.81;1.98;2.21;2.37;0.55,tick=169718 goal=0 lap=0 last=0.0 best=0.0
205.67,733,25.1,-0.06,-0.03,-45,70,REV,0.23;0.16;0.17;0.18;0.23;0.47;6.00;3.38;2.26;1.86;1.75;1.83;2.00;2.23;2.36;0.48,tick=169746 goal=0 lap=0 last=0.0 best=0.0
205.95,734,19.7,-0.15,-0.22,-45,70,REV,0.33;0.23;0.21;0.23;0.28;0.46;6.00;3.70;2.33;1.84;1.74;1.75;1.93;2.19;2.44;0.75,tick=169774 goal=0 lap=0 last=0.0 best=0.0
206.24,735,12.0,-0.14,-0.21,16,-85,BEND,0.47;0.30;0.26;0.26;0.32;0.48;1.67;4.24;2.49;1.87;1.68;1.70;1.85;2.11;2.40;2.44,tick=169802 goal=0 lap=0 last=0.0 best=0.0
206.52,736,9.9,-0.12,0.18,16,-85,BEND,0.61;0.38;0.31;0.31;0.36;0.53;1.46;4.54;2.59;1.90;1.64;1.63;1.79;2.07;2.39;2.51,tick=169830 goal=0 lap=0 last=0.0 best=0.0
206.80,737,14.9,-0.05,0.08,16,-85,BEND,0.58;0.39;0.33;0.33;0.41;0.67;2.30;3.93;2.34;1.77;1.62;1.63;1.82;2.15;2.48;2.56,tick=169858 goal=0 lap=0 last=0.0 best=0.0
207.08,738,15.4,0.01,-0.02,16,-85,BEND,0.57;0.40;0.34;0.34;0.40;0.69;6.00;3.79;2.28;1.76;1.59;1.66;1.82;2.16;2.48;2.57,tick=169886 goal=0 lap=0 last=0.0 best=0.0
207.36,739,16.4,0.05,-0.08,16,-85,BEND,0.57;0.39;0.33;0.34;0.40;0.65;2.18;3.97;2.35;1.79;1.62;1.62;1.81;2.16;2.44;2.54,tick=169914 goal=0 lap=0 last=0.0 best=0.0
207.64,740,9.9,0.10,-0.17,16,-85,BEND,0.60;0.38;0.33;0.29;0.35;0.54;1.54;4.45;2.55;1.87;1.65;1.65;1.79;2.10;2.40;2.52,tick=169942 goal=0 lap=0 last=0.0 best=0.0
207.92,741,2.9,0.00,-0.20,16,-85,BEND,0.69;0.37;0.29;0.27;0.31;0.41;0.92;5.83;2.97;2.03;1.69;1.65;1.75;2.00;2.30;2.50,tick=169970 goal=0 lap=0 last=0.0 best=0.0
208.20,742,358.5,0.12,-0.21,20,-70,FWD,0.85;-1.00;0.28;0.24;0.25;0.33;0.53;6.00;3.67;2.29;1.81;1.68;1.71;1.91;2.14;2.43,tick=169998 goal=0 lap=0 last=0.0 best=0.0
208.48,743,351.5,0.16,-0.24,16,-85,BEND,2.30;0.45;0.29;0.24;0.23;0.27;0.41;1.22;4.61;2.69;1.97;1.75;1.70;1.82;2.04;2.25,tick=170026 goal=0 lap=0 last=0.0 best=0.0
208.76,744,339.2,0.21,-0.37,16,-85,BEND,2.21;0.58;0.31;0.24;0.21;0.24;0.32;0.59;6.00;3.31;2.21;1.81;1.70;1.74;1.88;2.10,tick=170054 goal=0 lap=0 last=0.0 best=0.0
209.04,745,329.2,0.21,-0.34,45,-70,FWD,2.10;2.07;0.43;0.30;0.24;0.22;0.27;0.41;1.56;4.42;2.61;1.95;1.72;1.67;1.76;1.90,tick=170083 goal=0 lap=0 last=0.0 best=0.0
209.32,746,318.6,0.27,-0.35,45,-70,FWD,1.88;2.01;1.96;0.40;0.30;0.27;0.28;0.37;0.73;6.00;3.27;2.15;1.77;1.62;1.61;1.74,tick=170111 goal=0 lap=0 last=0.0 best=0.0
209.60,747,301.7,0.35,-0.49,45,-70,FWD,1.60;1.77;1.82;1.91;0.44;0.38;0.36;0.41;0.61;1.86;4.64;2.60;1.90;1.61;1.53;1.52,tick=170139 goal=0 lap=0 last=0.0 best=0.0
209.88,748,288.9,0.41,-0.59,30,-70,FWD,1.33;1.43;1.63;1.75;1.85;0.58;0.50;0.51;0.63;0.99;6.00;3.78;2.19;1.69;1.40;1.33,tick=170167 goal=0 lap=0 last=0.0 best=0.0
210.17,749,270.2,0.44,-0.64,30,-18.429999999999993,FWD,1.12;1.15;1.24;1.48;1.69;1.89;2.16;0.68;0.73;0.92;1.70;6.00;2.88;1.79;1.36;1.20,tick=170195 goal=0 lap=0 last=0.0 best=0.0
210.45,750,252.0,0.45,-0.17,20,-70,FWD,0.88;0.86;0.91;1.05;1.36;1.72;2.03;2.43;0.94;1.07;1.44;3.15;4.67;2.03;1.27;1.00,tick=170223 goal=0 lap=0 last=0.0 best=0.0
210.73,751,244.7,0.45,-0.61,16,-85,BEND,0.66;0.59;0.65;0.73;1.00;1.42;1.92;2.37;1.23;1.26;1.52;2.57;6.00;2.21;1.18;0.80,tick=170251 goal=0 lap=0 last=0.0 best=0.0
211.01,752,222.4,0.41,-0.70,16,-85,BEND,0.51;0.41;-1.00;0.45;0.56;0.81;1.40;2.08;2.62;1.43;1.51;1.85;3.18;5.55;1.54;0.77,tick=170279 goal=0 lap=0 last=0.0 best=0.0
211.29,753,199.8,0.40,-0.66,16,-85,BEND,0.49;0.33;0.27;0.25;0.29;0.40;0.69;1.36;2.27;2.86;1.62;1.67;2.12;3.59;4.69;1.04,tick=170307 goal=0 lap=0 last=0.0 best=0.0
211.57,754,178.1,0.37,-0.62,16,-85,BEND,0.70;0.32;0.22;0.18;0.19;0.21;0.32;0.65;1.53;2.54;3.14;1.72;1.82;2.30;4.09;3.77,tick=170335 goal=0 lap=0 last=0.0 best=0.0
211.85,755,160.6,0.35,-0.60,16,-85,BEND,2.35;0.54;0.27;0.19;0.19;0.20;0.24;0.34;0.82;1.98;2.84;1.95;1.75;1.86;2.46;5.64,tick=170364 goal=0 lap=0 last=0.0 best=0.0
212.13,756,137.6,0.35,-0.56,45,-70,FWD,6.00;1.63;0.53;0.32;0.23;0.24;0.26;0.30;0.53;1.28;2.46;3.13;1.81;1.68;1.88;2.58,tick=170392 goal=0 lap=0 last=0.0 best=0.0
212.41,757,117.9,0.36,-0.52,45,-70,FWD,2.75;6.00;1.35;0.57;0.38;0.32;0.35;0.37;0.51;0.89;1.91;2.88;3.32;1.66;1.60;1.90,tick=170420 goal=0 lap=0 last=0.0 best=0.0
212.70,758,101.6,0.42,-0.60,45,-70,FWD,1.82;2.80;5.99;1.42;0.72;0.54;0.48;0.50;0.62;0.84;1.50;2.48;3.08;1.75;1.46;1.50,tick=170448 goal=0 lap=0 last=0.0 best=0.0
212.98,759,84.5,0.48,-0.69,30,-70,FWD,1.27;1.57;2.53;5.98;1.80;0.99;-1.00;0.72;0.74;0.89;1.27;2.00;2.84;3.14;1.44;1.22,tick=170476 goal=0 lap=0 last=0.0 best=0.0
213.26,760,66.8,0.52,-0.71,20,55.47000000000001,FWD,0.96;0.99;1.22;1.97;6.00;2.45;1.40;1.05;0.97;1.04;1.19;1.63;2.28;2.86;1.57;1.08,tick=170504 goal=0 lap=0 last=0.0 best=0.0
213.54,761,49.1,0.47,0.52,16,-85,BEND,0.71;0.68;0.75;1.08;2.22;4.44;2.21;1.52;1.26;1.25;1.36;1.67;2.16;2.66;2.77;0.92,tick=170532 goal=0 lap=0 last=0.0 best=0.0
213.82,762,56.5,0.45,-0.75,16,-85,BEND,0.45;0.41;0.49;0.74;2.00;4.19;2.36;1.72;1.52;1.51;1.71;2.02;2.40;2.59;0.84;0.51,tick=170560 goal=0 lap=0 last=0.0 best=0.0
214.10,763,33.8,0.41,-0.68,-45,70,REV,0.27;0.22;0.21;0.26;0.38;1.09;4.64;2.69;1.98;1.72;1.71;1.90;2.19;2.44;2.48;0.42,tick=170588 goal=0 lap=0 last=0.0 best=0.0
214.38,764,12.6,-0.06,-0.09,-45,70,REV,0.15;0.11;0.09;0.09;0.12;0.17;0.78;4.28;2.64;2.02;1.82;1.86;2.01;2.22;2.45;0.43,tick=170616 goal=0 lap=0 last=0.0 best=0.0
214.66,765,15.1,-0.14,-0.22,-45,70,REV,0.23;0.16;0.11;0.14;0.15;0.23;0.60;4.83;2.83;2.08;1.81;1.81;1.96;2.21;2.40;0.89,tick=170644 goal=0 lap=0 last=0.0 best=0.0
214.94,766,1.5,-0.15,-0.21,-45,70,REV,0.40;0.23;0.17;0.19;0.18;0.26;0.52;6.00;3.20;2.17;1.83;1.77;1.87;2.11;2.41;2.52,tick=170672 goal=0 lap=0 last=0.0 best=0.0
215.22,767,356.4,-0.15,-0.22,-45,70,REV,0.69;0.30;0.23;0.21;0.21;0.27;0.47;-1.00;3.63;2.29;1.84;1.73;1.79;2.04;2.35;2.65,tick=170700 goal=0 lap=0 last=0.0 best=0.0
215.50,768,351.6,-0.15,-0.23,16,-85,BEND,1.17;0.39;0.27;0.23;0.21;0.26;0.42;1.40;4.22;2.54;1.91;1.69;1.75;1.95;2.29;2.61,tick=170729 goal=0 lap=0 last=0.0 best=0.0
215.78,769,348.2,-0.11,0.20,16,-85,BEND,2.73;0.45;0.28;0.23;0.24;0.27;0.41;1.13;4.57;2.66;1.93;1.71;1.73;1.91;2.28;2.64,tick=170757 goal=0 lap=0 last=0.0 best=0.0
216.06,770,356.1,-0.05,0.06,16,-85,BEND,1.21;0.40;0.29;0.24;0.26;0.31;0.49;1.71;3.95;2.42;-1.00;1.68;1.73;1.97;2.36;2.75,tick=170782 goal=0 lap=0 last=0.0 best=0.0
216.35,771,351.7,0.02,0.01,16,-85,BEND,1.14;0.41;0.28;0.24;0.26;0.32;0.51;1.96;3.80;2.37;1.81;1.67;1.74;2.00;2.38;2.75,tick=170813 goal=0 lap=0 last=0.0 best=0.0
216.63,772,354.2,0.04,-0.12,16,-85,BEND,1.22;0.42;0.29;0.23;0.23;0.31;0.51;1.65;3.97;2.44;1.85;1.67;1.71;1.97;2.36;2.70,tick=170841 goal=0 lap=0 last=0.0 best=0.0
216.91,773,346.4,0.09,-0.16,16,-85,BEND,2.75;0.43;0.28;0.24;0.22;-1.00;0.42;1.22;4.46;2.63;1.92;1.69;1.73;-1.00;2.29;2.66,tick=170869 goal=0 lap=0 last=0.0 best=0.0
217.19,774,341.5,0.11,-0.19,16,-85,BEND,2.71;0.52;0.32;0.24;0.23;0.25;0.35;0.79;5.85;2.99;2.05;1.74;1.70;1.84;2.15;2.50,tick=170897 goal=0 lap=0 last=0.0 best=0.0
217.47,775,332.6,0.15,-0.26,20,-70,FWD,2.66;0.81;0.35;0.25;0.23;0.23;0.30;0.53;6.00;3.58;2.28;1.83;1.71;1.76;2.00;2.33,tick=170925 goal=0 lap=0 last=0.0 best=0.0
