0.22,1,347.7,0.02,-0.01,20,85,BEND,1.01;5.99;1.84;1.07;0.85;0.80;0.89;1.18;2.35;5.98;0.86;0.49;0.38;0.36;0.40;0.51,tick=209170 goal=0 lap=0 last=0.0 best=0.0
0.49,2,351.3,0.06,0.12,20,85,BEND,1.02;6.00;1.81;1.05;0.84;0.80;0.89;1.20;2.47;6.00;0.83;0.48;0.37;0.34;0.38;0.51,tick=209197 goal=0 lap=0 last=0.0 best=0.0
0.75,3,352.9,0.09,0.17,20,82.92,BEND,1.19;6.00;1.62;1.01;0.85;0.82;0.94;1.35;3.13;3.09;0.69;0.41;0.33;0.35;0.38;0.54,tick=209223 goal=0 lap=0 last=0.0 best=0.0
1.02,4,359.2,0.13,0.21,20,75.58333333333333,BEND,1.79;3.50;1.39;0.95;0.85;0.85;1.02;1.58;5.59;1.50;0.55;0.38;0.33;0.33;0.39;0.60,tick=209250 goal=0 lap=0 last=0.0 best=0.0
1.28,5,3.5,0.18,0.25,20,69.14833333333333,BEND,6.00;2.27;1.20;0.91;0.83;0.89;1.14;2.05;6.00;0.91;0.48;0.34;0.32;0.34;0.42;0.73,tick=209277 goal=0 lap=0 last=0.0 best=0.0
1.55,6,12.0,0.20,0.27,38,61.37333333333331,FWD,6.00;1.67;1.05;0.86;0.82;0.95;1.34;3.02;3.37;0.67;0.41;0.33;0.31;0.37;0.49;1.06,tick=209303 goal=0 lap=0 last=0.0 best=0.0
1.81,7,23.2,0.24,0.00,38,59.31000000000002,FWD,3.04;1.29;0.91;0.80;0.84;1.01;1.60;6.00;1.41;0.56;0.38;0.33;0.35;0.41;0.64;2.27,tick=209330 goal=0 lap=0 last=0.0 best=0.0
2.08,8,35.1,0.31,0.39,38,25.28000000000001,FWD,1.74;1.00;0.81;0.74;0.83;1.14;2.24;5.99;0.94;0.53;0.39;0.36;0.42;0.56;1.07;6.00,tick=209356 goal=0 lap=0 last=0.0 best=0.0
2.35,9,42.0,0.35,0.20,20,-20.789166666666663,BEND,1.19;0.77;0.67;0.70;0.81;1.23;3.64;2.50;0.86;0.56;0.48;0.47;0.58;0.82;2.30;3.18,tick=209385 goal=0 lap=0 last=0.0 best=0.0
2.61,10,46.0,0.39,-0.17,20,-76.43666666666668,BEND,0.90;0.63;0.52;0.55;0.69;1.05;3.69;2.62;1.00;0.69;0.58;0.59;0.72;1.09;3.46;2.20,tick=209410 goal=0 lap=0 last=0.0 best=0.0
2.88,11,33.0,0.36,-0.58,20,-59.30000000000001,BEND,0.93;0.57;0.45;0.43;0.49;0.66;1.41;6.00;1.58;0.94;0.73;0.68;0.76;1.05;2.09;5.98,tick=209436 goal=0 lap=0 last=0.0 best=0.0
3.15,12,17.2,0.37,-0.44,20,-52.20333333333332,BEND,1.79;0.66;0.45;0.38;0.37;0.45;0.66;1.98;4.11;1.39;0.91;0.76;0.75;0.91;1.30;3.58,tick=209463 goal=0 lap=0 last=0.0 best=0.0
3.41,13,7.7,0.35,-0.35,38,-48.07833333333334,FWD,6.00;0.95;0.50;0.38;0.34;0.39;0.49;0.89;6.00;2.17;1.11;0.83;0.77;0.81;1.04;1.83,tick=209489 goal=0 lap=0 last=0.0 best=0.0
3.68,14,353.1,0.36,-0.34,38,-85,FWD,3.29;1.96;0.69;0.45;0.38;0.38;0.45;0.66;1.85;4.38;1.40;-1.00;0.74;0.76;0.88;1.28,tick=209516 goal=0 lap=0 last=0.0 best=0.0
3.94,15,342.4,0.40,-0.72,20,13.481666666666666,BEND,1.40;5.99;1.43;0.68;0.47;0.44;0.46;0.58;0.96;5.59;2.29;1.05;0.74;0.68;0.68;0.84,tick=209543 goal=0 lap=0 last=0.0 best=0.0
4.21,16,324.9,0.41,0.09,20,85,BEND,0.78;1.52;6.00;1.32;0.77;0.63;0.57;0.63;0.87;1.77;5.99;1.25;0.71;0.57;0.53;0.60,tick=209569 goal=0 lap=0 last=0.0 best=0.0
4.47,17,337.9,0.41,0.74,20,85,BEND,0.68;1.97;-1.00;1.24;0.86;0.73;0.73;0.87;1.33;4.22;1.90;0.69;0.47;0.40;0.39;0.48,tick=209596 goal=0 lap=0 last=0.0 best=0.0
4.74,18,352.5,0.40,0.68,20,64.04416666666665,BEND,1.42;4.15;1.41;0.95;0.79;0.81;0.95;1.43;4.25;1.65;0.54;0.36;0.28;0.29;0.36;0.53,tick=209622 goal=0 lap=0 last=0.0 best=0.0
5.01,19,15.2,0.39,0.50,20,52.647499999999994,BEND,6.00;1.61;0.99;0.84;0.78;0.91;1.28;3.05;2.78;0.61;0.37;0.30;0.31;0.34;0.47;1.02,tick=209649 goal=0 lap=0 last=0.0 best=0.0
5.27,20,26.7,0.38,0.41,38,34.55583333333335,FWD,2.07;1.10;0.82;0.74;0.81;1.02;1.84;6.00;0.99;0.50;0.38;0.35;0.36;0.45;0.79;5.99,tick=209675 goal=0 lap=0 last=0.0 best=0.0
5.54,21,34.9,0.39,0.25,20,-3.6374999999999886,BEND,1.26;0.80;0.68;0.67;0.78;1.11;2.83;3.12;0.84;0.54;0.42;0.43;0.50;0.70;1.66;4.67,tick=209702 goal=0 lap=0 last=0.0 best=0.0
5.80,22,43.1,0.40,0.00,20,50.80250000000003,BEND,0.90;0.62;-1.00;0.56;0.67;1.04;3.75;2.40;0.92;0.63;0.56;0.55;0.69;1.01;3.31;2.24,tick=209729 goal=0 lap=0 last=0.0 best=0.0
6.07,23,50.2,0.39,0.43,20,-85,BEND,0.65;0.47;0.41;0.44;0.55;0.88;-1.00;2.44;1.05;0.74;0.67;0.68;0.84;1.32;5.47;1.45,tick=209755 goal=0 lap=0 last=0.0 best=0.0
6.56,24,37.9,0.32,-0.00,20,70,REV,0.32;0.21;0.17;0.17;0.20;0.30;0.73;5.98;1.77;1.12;0.92;0.91;1.04;1.48;3.50;1.15,tick=209804 goal=0 lap=0 last=0.0 best=0.0
6.82,25,44.0,0.14,0.18,20,70,REV,0.17;0.11;0.09;0.10;0.10;0.19;0.47;5.43;1.79;1.17;0.98;0.96;1.13;1.69;4.58;0.48,tick=209830 goal=0 lap=0 last=0.0 best=0.0
7.09,26,41.7,-0.08,-0.16,20,70,REV,0.17;0.13;0.10;0.12;0.10;0.17;0.50;5.43;1.80;1.17;0.99;0.96;1.16;1.69;4.51;0.49,tick=209857 goal=0 lap=0 last=0.0 best=0.0
7.57,27,35.5,-0.16,-0.01,20,70,REV,0.39;0.24;0.18;0.15;0.17;0.24;0.45;6.00;2.34;1.28;0.97;0.92;0.96;1.26;2.39;6.00,tick=209906 goal=0 lap=0 last=0.0 best=0.0
7.84,28,29.2,-0.16,0.00,20,70,REV,0.53;0.27;0.22;0.18;0.22;0.26;0.50;6.00;2.47;1.27;0.95;0.87;0.94;1.18;2.11;6.00,tick=209932 goal=0 lap=0 last=0.0 best=0.0
8.11,29,21.0,-0.14,-0.23,20,70,REV,0.82;0.35;0.24;0.20;0.22;0.29;0.45;1.79;3.46;1.44;1.00;0.85;0.87;1.06;1.65;5.90,tick=209959 goal=0 lap=0 last=0.0 best=0.0
8.59,30,11.8,-0.16,0.03,20,70,REV,3.72;0.53;0.31;0.27;0.23;0.28;0.38;0.80;5.99;1.90;1.12;-1.00;0.84;0.92;1.24;2.53,tick=210007 goal=0 lap=0 last=0.0 best=0.0
8.86,31,6.1,-0.14,-0.20,20,70,REV,6.00;0.58;0.33;0.27;0.27;0.26;0.36;0.72;6.00;2.05;1.14;0.88;0.82;0.90;1.19;2.29,tick=210034 goal=0 lap=0 last=0.0 best=0.0
9.12,32,1.1,-0.15,-0.20,20,70,REV,5.99;0.78;0.41;0.28;0.24;0.28;0.33;0.56;3.68;2.76;1.29;0.92;0.82;0.87;1.08;1.77,tick=210060 goal=0 lap=0 last=0.0 best=0.0
9.39,33,356.6,-0.15,-0.23,38,-74.07083333333334,FWD,4.20;1.13;0.42;0.28;0.27;0.25;0.30;0.43;1.34;4.37;1.51;1.01;0.85;0.86;1.01;1.48,tick=210087 goal=0 lap=0 last=0.0 best=0.0
9.65,34,348.2,-0.08,0.10,75,-85,FAST,3.28;1.50;0.43;0.27;0.23;0.21;0.25;0.38;0.91;6.00;1.74;1.08;0.87;0.85;0.98;1.41,tick=210114 goal=0 lap=0 last=0.0 best=0.0
9.92,35,352.8,0.09,-0.18,38,-82.37583333333333,FWD,3.53;1.30;0.40;0.26;0.22;0.21;0.27;0.37;-1.00;5.88;1.68;1.07;0.90;0.87;0.98;1.43,tick=210140 goal=0 lap=0 last=0.0 best=0.0
10.19,36,347.3,0.22,-0.39,38,-65.015,FWD,2.17;6.00;0.59;0.34;0.25;0.25;0.27;0.36;0.68;5.99;2.18;1.18;0.89;0.84;0.90;1.19,tick=210167 goal=0 lap=0 last=0.0 best=0.0
10.45,37,333.8,0.29,-0.42,38,-28.010833333333334,FWD,1.34;3.67;1.55;0.55;0.38;0.32;0.32;0.37;0.53;1.66;4.16;1.41;0.92;0.78;0.78;0.92,tick=210193 goal=0 lap=0 last=0.0 best=0.0
10.72,38,324.6,0.34,-0.23,20,85,BEND,0.93;1.78;6.00;1.01;0.58;0.45;0.41;0.44;0.62;1.18;5.99;1.66;0.92;0.71;0.65;0.71,tick=210220 goal=0 lap=0 last=0.0 best=0.0
10.98,39,328.6,0.35,0.64,20,85,BEND,0.77;1.49;5.99;1.28;0.72;0.58;0.56;0.60;0.83;1.70;5.98;1.23;0.71;0.56;0.51;0.58,tick=210247 goal=0 lap=0 last=0.0 best=0.0
11.25,40,345.6,0.36,0.58,20,47.20500000000001,BEND,1.01;6.00;1.77;0.94;0.69;0.64;0.71;0.92;1.69;6.00;1.13;0.60;0.46;0.41;0.43;0.57,tick=210273 goal=0 lap=0 last=0.0 best=0.0
11.51,41,0.1,0.36,0.35,20,43.091666666666654,BEND,2.73;2.68;1.12;0.80;0.68;0.73;0.88;1.45;6.00;1.44;0.60;0.43;0.36;0.39;0.45;0.73,tick=210300 goal=0 lap=0 last=0.0 best=0.0
11.78,42,12.8,0.35,0.27,38,41.56166666666666,FWD,6.00;1.67;0.96;0.74;0.71;0.75;1.04;2.10;6.00;0.86;0.49;0.38;0.35;0.37;0.51;1.02,tick=210326 goal=0 lap=0 last=0.0 best=0.0
12.05,43,18.5,0.36,0.33,38,27.536666666666655,FWD,3.46;1.21;0.81;0.69;0.70;0.83;1.24;3.86;1.93;0.68;0.47;0.40;0.38;0.43;0.67;1.94,tick=210353 goal=0 lap=0 last=0.0 best=0.0
12.31,44,29.1,0.42,0.25,38,3.427500000000019,FWD,1.80;0.92;0.67;0.61;0.67;0.84;1.50;5.99;1.29;0.66;0.48;0.42;0.47;0.59;1.00;6.00,tick=210379 goal=0 lap=0 last=0.0 best=0.0
12.58,45,33.8,0.46,0.03,20,-27.355,BEND,1.27;0.71;0.54;0.51;0.58;0.80;1.59;6.00;1.26;0.70;0.57;0.52;0.57;0.77;1.50;6.00,tick=210406 goal=0 lap=0 last=0.0 best=0.0
12.84,46,0.0,0.45,-0.26,20,-47.86250000000001,BEND,1.13;0.60;0.47;0.44;0.45;0.59;1.12;6.00;1.66;0.89;0.68;0.64;0.68;0.87;1.61;5.99,tick=210433 goal=0 lap=0 last=0.0 best=0.0
13.11,47,0.0,0.43,-0.42,20,-52.61416666666666,BEND,1.56;0.62;0.42;0.33;0.37;0.42;0.68;2.34;3.13;1.18;0.81;0.71;0.71;0.87;1.30;-1.00,tick=210459 goal=0 lap=0 last=0.0 best=0.0
13.37,48,7.4,0.41,-0.42,20,-44.843333333333334,BEND,6.00;0.84;0.47;0.34;0.33;0.35;-1.00;0.85;6.00;1.89;1.01;0.79;0.71;0.77;1.01;1.87,tick=210486 goal=0 lap=0 last=0.0 best=0.0
13.64,49,355.4,0.39,-0.37,38,-32.21666666666666,FWD,3.33;1.94;0.64;0.41;0.35;0.36;0.44;0.62;1.73;3.87;1.28;0.83;0.71;0.71;0.82;1.23,tick=210512 goal=0 lap=0 last=0.0 best=0.0
13.91,50,345.9,0.41,0.00,20,-12.17916666666667,BEND,1.68;5.99;1.06;0.60;0.44;0.44;0.45;0.59;1.12;5.98;1.61;0.88;0.68;0.62;0.69;0.89,tick=210539 goal=0 lap=0 last=0.0 best=0.0
14.17,51,339.1,0.41,-0.12,20,35.45583333333333,BEND,1.15;5.92;1.77;0.81;0.58;0.52;0.53;0.66;1.08;6.00;1.84;0.84;0.60;0.54;0.55;0.68,tick=210563 goal=0 lap=0 last=0.0 best=0.0
14.44,52,340.9,0.41,0.27,20,85,BEND,0.94;6.00;-1.00;0.95;0.69;0.62;0.65;0.81;1.35;6.00;1.39;0.67;0.48;0.43;0.44;0.56,tick=210592 goal=0 lap=0 last=0.0 best=0.0
14.70,53,354.6,0.41,0.67,20,46.780000000000015,BEND,1.28;5.92;1.43;0.89;0.71;0.69;0.79;1.10;2.51;3.27;0.75;0.45;0.37;0.35;0.41;0.58,tick=210619 goal=0 lap=0 last=0.0 best=0.0
14.97,54,11.5,0.37,0.37,38,42.612500000000004,FWD,6.00;1.66;0.96;0.76;0.71;0.81;1.07;2.10;6.00;0.79;0.45;0.37;0.33;0.36;0.49;0.99,tick=210645 goal=0 lap=0 last=0.0 best=0.0
15.23,55,21.6,0.40,0.33,38,25.748333333333342,FWD,2.97;1.16;0.79;0.69;0.70;0.83;1.30;4.56;1.58;0.64;0.42;0.36;0.38;0.47;0.70;2.31,tick=210672 goal=0 lap=0 last=0.0 best=0.0
15.50,56,27.6,0.45,0.22,20,0.9541666666666604,BEND,1.66;0.87;0.67;0.64;0.66;0.84;1.61;5.99;1.15;0.60;0.47;0.45;0.46;0.61;1.13;6.00,tick=210698 goal=0 lap=0 last=0.0 best=0.0
15.77,57,35.1,0.42,0.04,20,-36.24416666666668,BEND,1.14;0.67;0.55;0.52;0.59;0.78;1.65;5.98;1.18;0.71;0.55;0.53;0.62;0.81;1.73;6.00,tick=210725 goal=0 lap=0 last=0.0 best=0.0
16.03,58,34.5,0.41,-0.33,20,-52.51416666666667,BEND,1.04;0.57;0.45;0.41;0.45;0.59;1.11;6.00;1.63;0.90;0.68;0.62;0.70;0.91;1.72;6.00,tick=210751 goal=0 lap=0 last=0.0 best=0.0
16.30,59,22.2,0.41,-0.43,20,-54.015,BEND,1.53;0.60;0.41;0.34;0.35;0.42;0.65;2.05;3.15;1.24;0.84;0.72;0.72;0.88;1.35;4.55,tick=210778 goal=0 lap=0 last=0.0 best=0.0
16.56,60,2.8,0.38,-0.41,20,-46.99166666666666,BEND,5.99;0.84;0.44;0.35;0.32;0.35;0.45;0.82;6.00;1.94;1.06;0.78;0.72;0.80;1.03;1.87,tick=210804 goal=0 lap=0 last=0.0 best=0.0
16.83,61,355.9,0.40,-0.32,38,-36.126666666666665,FWD,3.56;1.88;0.63;0.43;0.36;0.34;0.41;0.60;1.62;3.89;1.31;0.86;0.75;0.73;0.83;1.25,tick=210831 goal=0 lap=0 last=0.0 best=0.0
17.09,62,345.9,0.37,-0.27,38,-8.324999999999996,FWD,1.73;6.00;1.04;0.58;0.43;0.41;0.45;0.58;1.06;6.00;1.67;0.91;0.69;0.63;0.70;0.92,tick=210858 goal=0 lap=0 last=0.0 best=0.0
17.36,63,336.8,0.43,-0.06,20,27.421666666666674,BEND,1.15;5.81;1.75;0.78;0.56;0.52;0.51;0.65;1.06;5.10;1.93;0.88;0.62;0.56;0.58;0.72,tick=210884 goal=0 lap=0 last=0.0 best=0.0
17.62,64,338.9,0.44,0.23,20,58.82499999999999,BEND,0.95;5.88;1.98;0.95;0.69;0.61;0.65;0.80;1.34;5.99;1.41;0.67;0.48;0.42;0.45;0.58,tick=210911 goal=0 lap=0 last=0.0 best=0.0
17.89,65,350.5,0.41,0.51,20,56.12749999999998,BEND,1.21;6.00;1.48;0.91;0.75;0.72;0.81;1.11;2.44;3.41;0.74;0.46;0.36;0.34;0.41;0.56,tick=210937 goal=0 lap=0 last=0.0 best=0.0
18.16,66,2.9,0.41,0.43,20,-85,BEND,5.98;2.08;1.10;0.80;0.74;0.79;0.99;1.77;5.99;0.93;0.46;0.34;0.31;-1.00;0.42;0.73,tick=210964 goal=0 lap=0 last=0.0 best=0.0
18.42,67,11.5,0.38,-0.68,20,77.15500000000002,BEND,6.00;1.74;1.00;0.78;0.73;0.80;1.05;2.06;5.99;0.79;0.44;0.35;0.30;0.37;0.49;0.94,tick=210990 goal=0 lap=0 last=0.0 best=0.0
18.69,68,0.2,0.38,0.60,20,56.72999999999999,BEND,2.03;3.12;1.28;0.89;0.78;0.77;0.94;1.41;4.54;1.32;0.52;0.37;0.31;0.31;0.35;0.56,tick=211017 goal=0 lap=0 last=0.0 best=0.0
18.95,69,16.9,0.37,0.42,38,49.42083333333333,FWD,5.92;1.50;0.95;0.78;0.75;0.86;1.23;2.76;2.56;-1.00;0.38;0.30;0.28;0.34;0.50;1.15,tick=211044 goal=0 lap=0 last=0.0 best=0.0
19.22,70,27.9,0.39,0.36,38,30.295833333333334,FWD,2.11;1.05;0.78;0.72;0.75;0.94;1.59;6.00;1.07;0.50;0.38;0.33;0.36;0.45;0.81;5.47,tick=211070 goal=0 lap=0 last=0.0 best=0.0
19.48,71,37.4,0.41,0.28,20,-14.416666666666666,BEND,1.23;0.78;0.64;0.64;0.72;0.99;2.26;3.77;0.88;0.54;0.44;0.44;0.51;0.71;1.71;4.83,tick=211097 goal=0 lap=0 last=0.0 best=0.0
19.75,72,40.8,0.44,-0.12,20,-69.45083333333332,BEND,0.87;0.59;0.49;0.52;0.59;0.84;2.29;3.16;1.03;0.67;0.58;0.58;0.68;1.00;2.84;2.53,tick=211123 goal=0 lap=0 last=0.0 best=0.0
20.02,73,33.0,0.41,-0.58,20,-65.87916666666666,BEND,0.88;0.50;0.40;0.36;0.41;0.55;1.09;6.00;1.62;0.94;0.72;0.68;0.75;1.01;2.04;5.99,tick=211150 goal=0 lap=0 last=0.0 best=0.0
20.28,74,15.0,0.40,-0.52,20,-54.415833333333346,BEND,2.24;0.62;0.40;0.32;0.32;0.38;0.52;1.24;5.86;1.46;0.92;0.76;0.75;0.86;1.26;2.92,tick=211176 goal=0 lap=0 last=0.0 best=0.0
20.55,75,4.7,0.36,-0.40,38,-47.084166666666675,FWD,5.71;1.12;0.49;0.36;0.32;0.34;0.40;0.67;2.54;2.79;1.19;0.86;0.77;0.78;0.96;1.56,tick=211203 goal=0 lap=0 last=0.0 best=0.0
20.81,76,352.9,0.40,-0.40,38,-25.683333333333323,FWD,2.15;5.99;0.81;0.47;0.38;0.36;0.39;0.56;1.11;6.00;1.58;0.93;0.74;0.70;0.80;1.06,tick=211227 goal=0 lap=0 last=0.0 best=0.0
21.08,77,342.5,0.43,-0.19,20,13.935833333333324,BEND,1.30;4.97;1.59;0.72;0.52;0.46;0.46;0.58;0.94;3.91;2.16;0.96;0.69;0.61;0.64;0.79,tick=211256 goal=0 lap=0 last=0.0 best=0.0
21.35,78,333.3,0.43,0.14,38,85,FWD,0.92;2.76;2.56;0.99;0.69;-1.00;0.59;0.71;1.08;3.38;2.12;0.82;0.56;0.48;0.49;-1.00,tick=211283 goal=0 lap=0 last=0.0 best=0.0
21.61,79,346.4,0.45,0.00,20,72.2675,BEND,1.01;-1.00;1.71;0.94;0.73;0.68;0.74;0.99;1.92;5.99;0.91;0.52;0.40;0.36;0.41;0.55,tick=211309 goal=0 lap=0 last=0.0 best=0.0
21.88,80,5.6,0.44,0.62,20,35.88250000000001,BEND,6.00;1.85;1.00;0.78;0.71;0.78;1.04;1.98;6.00;0.82;0.46;0.37;0.34;0.36;0.50;0.89,tick=211336 goal=0 lap=0 last=0.0 best=0.0
22.14,81,24.9,0.43,0.29,38,24.194166666666668,FWD,2.38;1.07;0.79;0.68;0.72;0.88;1.46;6.00;1.28;0.60;0.43;0.40;0.39;0.48;0.79;3.21,tick=211362 goal=0 lap=0 last=0.0 best=0.0
22.41,82,30.8,0.43,0.19,20,-6.520833333333329,BEND,1.44;0.82;0.64;0.60;0.68;0.88;1.76;6.00;1.07;0.64;0.49;0.46;0.52;0.66;1.28;5.99,tick=211389 goal=0 lap=0 last=0.0 best=0.0
22.67,83,34.9,0.44,-0.09,20,-42.395,BEND,1.03;0.62;0.51;0.49;0.55;0.77;1.69;5.99;1.22;0.76;0.59;0.55;0.63;0.87;1.83;5.84,tick=211416 goal=0 lap=0 last=0.0 best=0.0
22.94,84,33.8,0.43,-0.35,20,-57.66416666666666,BEND,1.01;0.56;0.42;0.39;0.42;0.55;1.04;6.00;1.70;0.94;0.73;0.67;0.72;0.94;1.69;6.00,tick=211442 goal=0 lap=0 last=0.0 best=0.0
23.20,85,18.1,0.42,-0.47,20,-54.254999999999995,BEND,1.79;0.60;0.40;0.32;0.33;0.39;0.58;1.61;3.95;1.34;0.89;0.76;0.72;0.86;1.27;3.21,tick=211469 goal=0 lap=0 last=0.0 best=0.0
23.47,86,7.0,0.40,-0.42,20,-47.90083333333334,BEND,6.00;0.89;0.47;0.34;0.32;0.31;0.42;0.75;6.00;2.11;1.10;0.81;0.73;0.80;0.99;1.71,tick=211495 goal=0 lap=0 last=0.0 best=0.0
23.74,87,0.0,0.39,-0.34,38,-30.983333333333334,FWD,2.46;2.95;0.72;0.44;0.35;0.34;0.41;0.57;1.29;5.76;1.44;0.90;0.72;0.69;0.80;1.11,tick=211522 goal=0 lap=0 last=0.0 best=0.0
24.00,88,344.6,0.41,-0.25,20,0.9491666666666667,BEND,1.39;6.00;1.25;0.63;0.47;0.41;0.45;0.56;0.98;6.00;1.87;0.94;0.68;0.61;0.65;0.83,tick=211548 goal=0 lap=0 last=0.0 best=0.0
24.27,89,336.5,0.44,0.01,20,39.98499999999999,BEND,1.01;3.44;2.01;0.85;0.60;0.53;0.53;0.65;1.04;4.22;2.05;0.87;0.60;0.53;0.53;0.64,tick=211575 goal=0 lap=0 last=0.0 best=0.0
24.53,90,341.8,0.00,0.33,20,57.02083333333332,BEND,0.91;4.79;1.94;0.95;0.70;0.61;0.67;0.83;1.44;6.00;1.32;0.62;0.45;0.43;0.44;0.54,tick=211602 goal=0 lap=0 last=0.0 best=0.0
24.80,91,353.5,0.39,0.43,20,55.18583333333331,BEND,1.21;5.98;1.41;0.89;0.72;0.68;0.81;1.14;2.70;2.74;0.69;0.45;0.34;0.34;0.39;0.53,tick=211628 goal=0 lap=0 last=0.0 best=0.0
25.06,92,2.4,0.37,0.41,20,49.542500000000004,BEND,4.88;2.13;1.08;0.80;0.73;0.76;0.99;1.75;6.00;0.91;0.46;0.35;0.30;0.34;0.42;0.71,tick=211655 goal=0 lap=0 last=0.0 best=0.0
25.33,93,15.8,0.38,0.38,38,41.312499999999986,FWD,4.66;1.35;0.88;0.73;0.72;0.85;1.25;3.29;2.04;0.60;0.38;0.32;0.33;0.37;0.51;1.29,tick=211681 goal=0 lap=0 last=0.0 best=0.0
25.60,94,25.7,0.36,0.27,38,24.593333333333334,FWD,1.96;0.98;0.73;0.67;0.72;0.88;1.57;6.00;1.10;0.54;0.41;0.37;0.37;0.46;0.82;5.31,tick=211708 goal=0 lap=0 last=0.0 best=0.0
25.86,95,36.4,0.41,0.26,20,-85,BEND,1.20;0.72;0.59;0.57;0.66;0.90;2.05;4.28;0.98;0.58;0.47;-1.00;0.50;0.72;1.49;6.00,tick=211734 goal=0 lap=0 last=0.0 best=0.0
26.13,96,37.9,0.42,-0.76,20,-24.222499999999997,BEND,1.03;0.59;0.49;0.44;0.52;0.71;1.50;5.97;1.28;0.75;0.59;0.57;0.63;0.84;1.70;6.00,tick=211761 goal=0 lap=0 last=0.0 best=0.0
26.39,97,15.9,0.41,-0.22,20,-34.51499999999999,BEND,2.33;0.75;0.46;0.42;0.40;0.46;0.68;1.85;3.68;1.20;0.77;0.65;0.64;0.72;1.06;2.61,tick=211788 goal=0 lap=0 last=0.0 best=0.0
26.66,98,9.8,0.39,-0.30,20,-32.234166666666674,BEND,6.00;0.84;0.51;0.40;0.36;0.42;0.54;1.10;5.99;1.53;0.88;0.69;0.66;0.70;0.95;1.84,tick=211814 goal=0 lap=0 last=0.0 best=0.0
26.92,99,4.2,0.39,-0.25,38,-27.67916666666666,FWD,5.81;1.25;0.58;0.42;0.38;0.40;0.49;0.80;4.63;2.21;1.01;0.73;0.64;0.68;0.82;1.32,tick=211841 goal=0 lap=0 last=0.0 best=0.0
27.19,100,354.5,0.41,-0.23,38,-13.84,FWD,2.60;2.35;0.76;0.47;0.42;0.41;0.50;0.73;1.97;3.53;1.12;0.75;0.62;0.60;0.70;1.01,tick=211867 goal=0 lap=0 last=0.0 best=0.0
27.46,101,349.6,0.44,-0.11,20,5.763333333333341,BEND,1.65;6.00;1.01;0.61;0.49;0.47;0.53;0.73;1.52;6.00;1.23;0.73;0.57;0.56;0.60;0.81,tick=211894 goal=0 lap=0 last=0.0 best=0.0
27.72,102,349.0,0.44,0.03,20,31.78999999999999,BEND,1.26;6.00;1.30;0.74;0.59;0.53;0.62;0.81;1.65;6.00;1.10;0.63;0.49;0.45;0.48;0.67,tick=211920 goal=0 lap=0 last=0.0 best=0.0
27.99,103,354.3,0.42,0.23,20,44.97999999999998,BEND,1.30;5.68;1.27;0.79;0.65;0.63;0.71;1.01;2.29;3.46;0.79;0.49;0.40;0.36;0.43;0.60,tick=211947 goal=0 lap=0 last=0.0 best=0.0
28.25,104,5.4,0.41,0.38,20,44.33333333333333,BEND,2.55;2.46;1.06;0.77;0.67;0.70;0.85;1.38;6.00;1.24;0.54;0.38;0.32;0.33;0.40;0.67,tick=211974 goal=0 lap=0 last=0.0 best=0.0
28.52,105,10.3,0.39,0.33,38,37.72083333333334,FWD,5.99;1.55;0.89;0.70;0.68;0.74;0.98;2.07;5.43;0.76;0.45;0.36;0.32;0.36;0.48;0.94,tick=212000 goal=0 lap=0 last=0.0 best=0.0
28.78,106,22.6,0.41,0.33,38,21.012500000000003,FWD,2.68;1.08;0.72;0.66;0.63;0.79;1.22;4.75;1.52;0.59;0.42;0.37;0.37;0.44;0.69;2.23,tick=212027 goal=0 lap=0 last=0.0 best=0.0
29.05,107,32.1,0.44,0.18,20,-85,BEND,1.53;0.82;0.61;0.56;0.60;0.79;1.45;5.99;1.16;0.60;0.46;0.42;0.45;0.59;-1.00;6.00,tick=212053 goal=0 lap=0 last=0.0 best=0.0
29.32,108,29.1,0.43,-0.78,20,-1.94833333333332,BEND,1.46;0.70;0.51;0.46;0.48;0.63;1.06;6.00;1.62;0.78;0.57;0.51;0.53;0.70;1.17;6.00,tick=212080 goal=0 lap=0 last=0.0 best=0.0
29.58,109,11.2,0.42,-0.05,38,-17.8875,FWD,5.99;0.99;0.57;0.46;0.44;0.48;0.64;1.35;5.99;1.30;0.73;0.57;0.55;0.62;0.81;1.65,tick=212106 goal=0 lap=0 last=0.0 best=0.0
29.85,110,13.8,0.42,-0.16,38,-17.88916666666666,FWD,6.00;1.03;0.58;0.45;0.41;0.45;0.60;1.16;6.00;1.39;0.77;0.61;0.58;0.61;0.81;1.54,tick=212133 goal=0 lap=0 last=0.0 best=0.0
30.11,111,6.6,0.47,-0.17,38,-13.114166666666662,FWD,5.98;1.32;0.64;0.47;0.40;0.43;0.54;0.97;6.00;1.76;0.85;0.62;0.56;0.59;0.74;1.25,tick=212159 goal=0 lap=0 last=0.0 best=0.0
30.38,112,359.3,0.50,-0.14,38,-0.824166666666672,FWD,3.73;1.79;0.74;0.53;0.47;0.46;0.56;0.86;3.41;2.16;0.88;0.63;0.53;0.53;0.66;1.02,tick=212186 goal=0 lap=0 last=0.0 best=0.0
30.64,113,354.1,0.52,-0.01,20,10.926666666666678,BEND,2.57;2.36;0.89;0.60;0.52;0.50;0.60;0.91;2.73;2.43;0.87;0.58;0.49;0.49;0.58;0.85,tick=212213 goal=0 lap=0 last=0.0 best=0.0
30.91,114,3.1,0.51,0.10,20,-85,BEND,2.56;2.37;0.95;0.65;0.55;0.57;0.66;1.04;3.39;1.97;0.72;0.51;0.42;-1.00;0.51;0.79,tick=212239 goal=0 lap=0 last=0.0 best=0.0
31.18,115,357.0,0.48,-0.80,20,61.24583333333334,BEND,1.94;2.98;1.06;0.69;0.61;0.59;0.69;1.03;2.93;2.14;0.71;0.49;0.40;0.41;0.45;0.66,tick=212266 goal=0 lap=0 last=0.0 best=0.0
31.66,116,353.6,0.38,0.02,20,-70,REV,0.67;6.00;1.59;0.98;0.80;0.77;0.87;1.19;2.58;2.38;0.43;0.26;0.21;0.20;0.23;0.32,tick=212314 goal=0 lap=0 last=0.0 best=0.0
31.93,117,348.2,0.17,-0.26,20,-70,REV,0.46;6.00;1.88;1.08;0.87;0.80;0.88;1.18;2.32;4.60;0.38;0.20;0.17;0.16;0.16;0.23,tick=212341 goal=0 lap=0 last=0.0 best=0.0
32.19,118,342.3,0.03,-0.04,20,-70,REV,0.33;2.71;2.40;1.23;0.93;0.86;0.89;1.12;1.94;5.99;0.40;0.20;0.15;0.13;0.14;0.15,tick=212365 goal=0 lap=0 last=0.0 best=0.0
32.68,119,346.9,-0.16,0.03,20,-70,REV,0.46;6.00;1.88;1.09;0.85;0.83;0.90;1.19;2.31;4.69;0.38;0.21;0.16;0.15;0.18;0.23,tick=212416 goal=0 lap=0 last=0.0 best=0.0
32.94,120,350.7,-0.15,0.23,20,-70,REV,0.59;5.98;1.70;1.04;0.82;0.79;0.86;1.19;2.46;2.83;0.42;0.26;0.21;0.19;0.20;0.29,tick=212443 goal=0 lap=0 last=0.0 best=0.0
33.21,121,358.2,-0.14,0.24,20,-70,REV,1.03;4.11;1.35;0.89;0.78;0.77;0.91;1.35;3.73;1.22;0.38;0.27;0.21;0.21;0.24;0.37,tick=212469 goal=0 lap=0 last=0.0 best=0.0
33.48,122,5.7,-0.14,0.22,20,75.75833333333335,BEND,2.45;2.44;1.15;0.86;0.75;0.80;0.98;1.59;6.00;0.78;0.36;0.26;0.22;0.23;0.27;0.47,tick=212496 goal=0 lap=0 last=0.0 best=0.0
33.74,123,8.6,-0.12,-0.14,20,81.1275,BEND,4.76;2.09;1.09;0.82;0.75;0.80;1.00;1.75;6.00;0.67;0.34;0.24;0.23;0.26;0.30;0.53,tick=212522 goal=0 lap=0 last=0.0 best=0.0
34.01,124,3.3,-0.05,-0.04,20,81.52666666666667,BEND,2.37;2.48;1.17;0.86;0.74;0.76;0.96;1.55;6.00;0.82;0.36;0.27;0.22;0.24;0.28;0.47,tick=212549 goal=0 lap=0 last=0.0 best=0.0
34.27,125,1.2,0.03,0.05,20,81.4075,BEND,2.20;2.53;1.19;0.87;0.75;0.78;0.95;1.53;6.00;0.85;0.37;0.25;0.23;0.23;0.29;0.46,tick=212576 goal=0 lap=0 last=0.0 best=0.0
34.54,126,7.5,0.08,0.16,20,73.86333333333333,BEND,3.29;2.23;1.13;0.85;0.75;0.78;0.99;1.65;6.00;0.73;0.33;0.27;0.24;0.25;0.28;0.49,tick=212602 goal=0 lap=0 last=0.0 best=0.0
34.80,127,10.5,0.13,0.17,20,67.39583333333334,BEND,6.00;1.83;1.03;0.80;0.73;0.80;1.06;2.00;5.99;0.58;0.32;0.25;0.22;0.27;0.34;0.61,tick=212629 goal=0 lap=0 last=0.0 best=0.0
35.07,128,16.2,0.15,0.22,20,64.395,BEND,6.00;1.49;0.94;0.76;0.75;0.85;1.18;2.68;2.18;0.48;0.30;0.23;0.25;0.25;0.36;0.83,tick=212655 goal=0 lap=0 last=0.0 best=0.0
35.34,129,21.4,0.17,0.26,38,55.9925,FWD,3.03;1.23;0.86;0.73;0.75;0.89;1.35;4.72;1.09;0.42;0.28;0.25;0.26;0.27;0.47;1.58,tick=212682 goal=0 lap=0 last=0.0 best=0.0
35.60,130,33.4,0.23,0.29,38,41.085,FWD,1.88;1.01;0.76;0.69;0.73;0.96;1.67;6.00;0.81;0.41;0.30;0.28;0.31;0.36;0.68;6.00,tick=212708 goal=0 lap=0 last=0.0 best=0.0
35.87,131,37.7,0.29,0.26,20,13.953333333333326,BEND,1.29;0.80;0.66;0.63;0.74;1.01;2.24;3.35;0.71;0.42;0.33;0.34;0.39;0.53;1.22;5.99,tick=212735 goal=0 lap=0 last=0.0 best=0.0
36.13,132,43.5,0.31,0.09,20,-35.55833333333332,BEND,0.94;0.65;0.53;0.57;0.66;0.99;2.95;2.12;0.75;0.51;0.44;0.44;0.52;0.79;2.37;2.48,tick=212761 goal=0 lap=0 last=0.0 best=0.0
36.40,133,45.0,0.34,-0.23,20,-65.45249999999999,BEND,0.77;0.52;0.43;0.45;0.55;0.82;2.27;2.74;0.94;0.64;0.54;0.54;0.64;0.98;2.69;2.12,tick=212788 goal=0 lap=0 last=0.0 best=0.0
36.66,134,37.7,0.33,-0.43,20,-57.40000000000001,BEND,0.83;0.48;0.38;0.35;0.39;0.54;1.02;6.00;1.50;0.83;0.67;0.62;0.69;0.90;1.78;5.99,tick=212815 goal=0 lap=0 last=0.0 best=0.0
36.93,135,23.8,0.31,-0.40,20,-53.45833333333334,BEND,1.28;0.50;0.36;0.30;0.31;0.36;0.56;1.72;3.18;1.15;0.79;0.67;0.69;0.82;1.24;3.58,tick=212841 goal=0 lap=0 last=0.0 best=0.0
37.20,136,10.8,0.32,-0.38,20,-50.02000000000001,BEND,6.00;0.67;0.37;0.29;0.26;0.30;0.39;0.79;6.00;1.72;0.95;0.74;0.69;0.74;0.98;1.88,tick=212868 goal=0 lap=0 last=0.0 best=0.0
37.46,137,1.4,0.33,-0.34,38,-40.14583333333333,FWD,3.85;1.18;0.49;0.33;0.29;0.30;0.38;0.56;1.85;3.01;1.15;0.79;0.67;0.68;0.84;1.30,tick=212894 goal=0 lap=0 last=0.0 best=0.0
37.73,138,349.8,0.36,-0.31,38,85,FWD,1.98;5.60;0.71;-1.00;0.35;0.33;0.37;0.50;1.09;6.00;1.40;0.83;0.66;0.62;0.73;0.96,tick=212921 goal=0 lap=0 last=0.0 best=0.0
37.99,139,349.3,0.40,0.67,20,-32.3575,BEND,1.71;6.00;0.87;0.51;0.41;0.38;0.45;0.60;1.29;6.00;1.26;0.72;0.59;0.56;0.64;0.86,tick=212948 goal=0 lap=0 last=0.0 best=0.0
38.26,140,0.0,0.39,-0.22,38,-6.366666666666678,FWD,4.34;1.52;0.66;0.47;0.41;0.43;0.55;0.92;4.36;1.80;0.81;0.61;0.52;0.56;0.68;1.10,tick=212974 goal=0 lap=0 last=0.0 best=0.0
38.52,141,356.5,0.40,-0.08,20,5.90916666666667,BEND,2.29;2.55;0.84;0.55;0.45;0.47;0.55;0.84;2.44;2.55;0.88;0.58;0.49;0.50;0.60;0.90,tick=213001 goal=0 lap=0 last=0.0 best=0.0
38.79,142,358.6,0.42,0.09,20,16.007499999999997,BEND,2.01;2.94;0.94;0.61;0.53;0.51;0.60;0.94;2.58;2.36;0.81;0.53;0.46;0.46;0.53;0.77,tick=213027 goal=0 lap=0 last=0.0 best=0.0
39.06,143,2.5,0.42,0.12,20,25.615,BEND,2.21;2.56;0.95;0.65;0.56;0.55;0.67;1.05;3.50;1.75;0.70;0.48;0.41;0.41;0.48;0.73,tick=213054 goal=0 lap=0 last=0.0 best=0.0
39.32,144,2.6,0.40,0.20,20,28.59583333333334,BEND,3.71;1.94;0.89;0.66;0.58;0.60;0.73;1.28;6.00;1.20;0.58;0.42;0.36;0.38;0.47;0.81,tick=213080 goal=0 lap=0 last=0.0 best=0.0
39.59,145,15.8,0.38,0.21,38,25.418333333333333,FWD,5.99;1.44;0.81;0.63;0.60;0.63;0.84;1.69;6.00;0.90;0.51;0.40;0.36;0.39;0.53;0.99,tick=213107 goal=0 lap=0 last=0.0 best=0.0
39.85,146,18.1,0.39,0.22,38,15.191666666666656,FWD,4.53;1.13;0.72;0.56;0.58;0.66;0.94;2.38;2.63;0.76;0.47;0.39;0.39;0.44;0.62;1.44,tick=213133 goal=0 lap=0 last=0.0 best=0.0
40.12,147,20.3,0.43,0.10,38,4.244166666666669,FWD,2.41;0.92;0.62;0.53;0.54;0.66;0.98;3.50;1.84;0.75;0.50;0.41;0.43;0.52;0.76;2.35,tick=213160 goal=0 lap=0 last=0.0 best=0.0
40.38,148,26.8,0.47,0.06,20,-13.044166666666651,BEND,1.77;0.76;0.55;0.48;0.49;0.60;0.96;4.54;1.73;0.78;0.55;0.46;0.47;0.60;0.95;3.57,tick=213187 goal=0 lap=0 last=0.0 best=0.0
40.65,149,27.3,0.45,-0.09,20,-31.715000000000003,BEND,1.55;0.64;0.48;0.39;0.40;0.51;0.79;3.53;2.08;0.90;0.64;0.54;0.56;0.70;1.08;3.79,tick=213213 goal=0 lap=0 last=0.0 best=0.0
40.91,150,0.0,0.45,-0.29,20,-35.836666666666666,BEND,2.18;0.66;0.42;0.35;0.36;0.41;0.60;1.53;3.48;1.15;0.75;0.63;0.61;0.70;1.02;2.52,tick=213240 goal=0 lap=0 last=0.0 best=0.0
41.18,151,9.5,0.43,-0.34,20,-30.736666666666665,BEND,5.98;0.81;0.45;0.34;0.35;0.36;0.46;0.87;6.00;1.59;0.89;0.65;0.60;0.66;0.86;1.61,tick=213266 goal=0 lap=0 last=0.0 best=0.0
41.45,152,2.9,0.40,-0.26,38,-25.87666666666668,FWD,3.86;-1.00;0.57;0.37;0.34;0.36;0.44;0.66;2.49;2.43;1.01;0.69;0.60;0.62;0.75;1.13,tick=213293 goal=0 lap=0 last=0.0 best=0.0
41.71,153,355.2,0.00,-0.20,20,-6.199166666666665,BEND,2.01;3.33;0.80;0.50;0.40;0.38;0.46;0.60;1.45;4.18;1.12;0.70;0.58;0.53;0.63;0.89,tick=213319 goal=0 lap=0 last=0.0 best=0.0
41.98,154,351.0,0.45,-0.09,20,17.03916666666667,BEND,1.36;5.99;1.09;0.62;0.50;0.46;0.48;0.66;1.32;6.00;1.14;0.65;0.51;0.48;0.52;0.70,tick=213346 goal=0 lap=0 last=0.0 best=0.0
42.24,155,350.0,0.41,0.13,20,35.6825,BEND,1.15;5.99;1.26;0.72;0.57;0.53;0.60;0.77;1.60;6.00;0.94;0.54;0.41;0.39;0.44;0.58,tick=213373 goal=0 lap=0 last=0.0 best=0.0
42.51,156,357.5,0.39,0.30,20,42.115,BEND,1.35;4.22;1.16;0.74;0.61;0.60;0.70;1.01;2.54;2.27;0.65;0.42;0.35;0.33;0.36;0.56,tick=213399 goal=0 lap=0 last=0.0 best=0.0
42.77,157,6.7,0.39,0.29,20,42.43333333333334,BEND,3.19;2.10;0.98;0.71;0.62;0.64;0.82;1.39;5.99;0.99;0.47;0.35;0.31;0.30;0.39;0.65,tick=213426 goal=0 lap=0 last=0.0 best=0.0
43.04,158,15.8,0.38,0.31,38,37.42833333333334,FWD,6.00;1.38;0.84;0.66;0.63;0.72;1.00;2.09;3.56;0.69;0.38;0.32;0.29;0.32;0.46;0.96,tick=213452 goal=0 lap=0 last=0.0 best=0.0
43.31,159,21.1,0.39,0.27,38,22.614166666666673,FWD,2.53;0.99;0.71;0.60;0.62;0.74;1.19;4.36;1.40;-1.00;0.40;0.33;0.35;0.41;0.63;2.09,tick=213479 goal=0 lap=0 last=0.0 best=0.0
43.57,160,33.3,0.43,0.20,20,-1.9574999999999942,BEND,1.45;0.73;0.57;0.53;0.57;0.74;1.33;6.00;1.09;0.56;0.44;0.38;0.42;0.55;0.99;6.00,tick=213505 goal=0 lap=0 last=0.0 best=0.0
43.84,161,35.1,0.44,0.02,20,-34.775833333333324,BEND,1.03;0.59;0.45;0.44;0.47;0.64;1.28;5.99;1.15;0.68;0.53;0.48;0.54;0.73;1.43;6.00,tick=213532 goal=0 lap=0 last=0.0 best=0.0
44.10,162,31.5,0.42,-0.27,20,-50.32833333333334,BEND,0.93;0.48;0.37;0.33;0.37;0.46;0.84;6.00;1.62;0.84;0.64;0.58;0.62;0.81;1.44;5.99,tick=213558 goal=0 lap=0 last=0.0 best=0.0
44.37,163,23.7,0.40,-0.42,20,-49.93,BEND,1.43;0.50;0.35;0.28;0.29;0.33;0.51;1.45;3.27;1.18;0.78;0.65;0.65;0.77;1.16;3.16,tick=213585 goal=0 lap=0 last=0.0 best=0.0
44.63,164,11.5,0.39,-0.37,20,-45.6275,BEND,6.00;0.73;0.38;0.28;0.26;0.27;0.36;0.68;6.00;1.84;0.97;0.73;0.65;0.69;0.91;1.61,tick=213612 goal=0 lap=0 last=0.0 best=0.0
44.90,165,359.0,0.36,-0.35,38,-33.84583333333334,FWD,2.89;1.61;0.54;0.34;0.31;0.29;0.32;0.52;1.38;3.50;1.18;0.77;0.66;0.65;0.78;1.12,tick=213638 goal=0 lap=0 last=0.0 best=0.0
45.16,166,352.6,0.40,-0.26,20,-11.43833333333334,BEND,1.50;6.00;0.88;0.48;0.38;0.34;0.38;0.48;0.93;6.00;1.47;0.80;0.62;0.60;0.60;0.81,tick=213665 goal=0 lap=0 last=0.0 best=0.0
45.43,167,340.4,0.40,-0.09,20,24.764166666666664,BEND,1.02;4.46;1.50;0.68;0.49;0.43;0.45;0.58;0.94;5.08;1.67;0.76;0.55;0.47;0.51;0.64,tick=213691 goal=0 lap=0 last=0.0 best=0.0
45.70,168,344.1,0.40,0.18,20,55.96916666666667,BEND,0.79;3.71;1.83;0.85;0.63;0.54;0.57;0.71;1.18;5.99;1.29;0.57;0.43;0.38;0.39;-1.00,tick=213718 goal=0 lap=0 last=0.0 best=0.0
45.96,169,354.3,0.37,0.46,20,56.51583333333333,BEND,0.91;6.00;1.44;0.84;0.66;0.64;0.70;0.95;1.97;4.39;0.67;0.36;0.30;0.29;0.35;0.45,tick=213744 goal=0 lap=0 last=0.0 best=0.0
46.23,170,5.4,0.37,0.40,20,53.48583333333333,BEND,2.15;2.39;1.07;0.74;0.67;0.69;0.86;1.41;6.00;0.90;0.41;0.28;0.24;0.26;0.31;0.53,tick=213771 goal=0 lap=0 last=0.0 best=0.0
46.49,171,15.1,0.37,0.40,20,44.50166666666668,BEND,6.00;1.38;0.86;0.69;0.68;0.75;1.07;2.43;-1.00;0.53;0.32;0.27;0.25;0.28;0.40;0.89,tick=213797 goal=0 lap=0 last=0.0 best=0.0
46.76,172,27.4,0.35,0.29,38,31.32083333333332,FWD,2.13;0.97;0.70;0.62;0.65;0.83;1.33;6.00;1.00;0.47;0.36;0.27;0.30;0.38;0.61;2.81,tick=213824 goal=0 lap=0 last=0.0 best=0.0
47.02,173,36.7,0.38,0.22,20,4.644999999999996,BEND,1.26;0.75;0.58;0.57;0.61;0.84;1.72;5.52;0.82;0.48;0.38;0.34;0.40;0.52;1.09;6.00,tick=213851 goal=0 lap=0 last=0.0 best=0.0
47.29,174,41.7,0.39,0.04,20,-40.64916666666668,BEND,0.89;0.57;0.47;0.47;0.53;0.75;1.88;3.13;0.91;0.56;0.48;0.47;0.54;0.79;1.84;3.28,tick=213877 goal=0 lap=0 last=0.0 best=0.0
47.78,175,35.0,0.31,0.01,20,70,REV,0.72;0.41;0.31;0.27;0.31;0.41;0.72;6.00;1.66;0.90;0.70;0.62;0.71;0.88;1.60;5.99,tick=213926 goal=0 lap=0 last=0.0 best=0.0
48.04,176,37.1,0.13,0.20,20,70,REV,0.55;0.32;0.23;0.25;0.27;0.34;0.67;6.00;1.61;0.93;0.72;0.68;0.76;0.99;1.94;6.00,tick=213952 goal=0 lap=0 last=0.0 best=0.0
48.31,177,39.6,-0.02,-0.02,20,70,REV,0.46;0.27;0.22;0.21;0.26;0.35;0.76;6.00;1.52;0.90;0.71;0.71;0.80;1.08;2.28;2.51,tick=213979 goal=0 lap=0 last=0.0 best=0.0
48.79,178,33.0,-0.16,0.00,20,70,REV,0.74;0.37;0.26;0.27;0.27;0.35;0.63;6.00;1.87;0.96;0.70;0.66;0.69;0.89;1.55;6.00,tick=214027 goal=0 lap=0 last=0.0 best=0.0
49.06,179,28.4,-0.16,-0.22,20,70,REV,0.90;0.42;0.32;0.30;0.29;0.38;0.65;4.84;1.98;0.96;0.72;0.64;0.66;0.83;1.39;5.98,tick=214054 goal=0 lap=0 last=0.0 best=0.0
49.32,180,26.1,-0.16,-0.19,20,70,REV,1.48;0.54;0.36;0.31;0.31;0.38;0.56;1.72;2.90;1.07;0.71;0.62;0.62;0.72;1.10;3.18,tick=214081 goal=0 lap=0 last=0.0 best=0.0
49.59,181,17.3,-0.15,-0.24,20,-38.12250000000001,BEND,3.42;0.65;0.39;0.33;0.31;0.37;0.50;1.13;5.64;1.26;0.78;0.62;0.60;0.68;0.94;2.01,tick=214107 goal=0 lap=0 last=0.0 best=0.0
49.85,182,11.7,-0.11,0.08,20,-42.6775,BEND,6.00;0.78;0.44;0.34;0.33;0.36;0.47;0.91;5.99;1.43;0.81;0.64;0.61;0.64;0.86;1.64,tick=214134 goal=0 lap=0 last=0.0 best=0.0
50.12,183,13.5,-0.06,0.01,20,-40.8675,BEND,6.00;0.74;0.44;0.34;0.32;0.35;0.48;0.99;5.99;1.34;0.78;0.61;0.59;0.64;0.88;1.80,tick=214160 goal=0 lap=0 last=0.0 best=0.0
50.39,184,13.8,0.01,-0.01,20,-42.25833333333334,BEND,5.88;0.72;0.44;0.32;0.33;0.35;0.50;1.03;6.00;1.33;0.77;0.62;0.59;0.67;0.89;1.81,tick=214187 goal=0 lap=0 last=0.0 best=0.0
50.65,185,12.4,0.08,-0.04,20,-40.51166666666667,BEND,5.98;0.76;0.44;0.34;0.32;0.34;0.47;0.96;5.99;1.38;0.80;0.61;0.61;0.66;0.87;1.74,tick=214213 goal=0 lap=0 last=0.0 best=0.0
50.92,186,12.8,0.13,-0.11,20,-36.46166666666666,BEND,6.00;0.82;0.44;0.35;0.34;0.34;0.46;0.86;6.00;1.54;0.82;0.63;0.61;0.63;0.86;1.57,tick=214240 goal=0 lap=0 last=0.0 best=0.0
51.18,187,6.9,0.14,-0.13,38,-31.948333333333327,FWD,6.00;0.96;0.48;0.34;0.34;0.35;0.43;0.76;6.00;1.76;0.89;0.63;0.57;0.62;0.79;1.36,tick=214266 goal=0 lap=0 last=0.0 best=0.0
51.45,188,5.1,0.00,-0.13,38,-26.81583333333333,FWD,4.68;1.20;0.52;0.38;0.34;0.36;0.41;0.69;3.14;2.10;0.94;0.65;0.59;0.59;0.74;1.18,tick=214293 goal=0 lap=0 last=0.0 best=0.0
51.71,189,355.7,0.28,-0.15,38,-19.154166666666672,FWD,2.87;1.76;0.62;0.43;0.36;0.37;0.42;0.64;1.89;2.78;1.00;0.69;0.58;0.58;0.66;1.01,tick=214317 goal=0 lap=0 last=0.0 best=0.0
51.98,190,353.9,0.33,-0.13,20,-5.958333333333325,BEND,1.95;3.19;0.77;0.49;0.40;0.40;0.44;0.64;1.48;4.04;1.06;0.67;0.54;0.53;0.61;0.85,tick=214346 goal=0 lap=0 last=0.0 best=0.0
52.24,191,352.6,0.34,-0.04,75,11.946666666666664,FAST,1.48;6.00;0.97;0.59;0.47;0.43;0.49;0.67;1.44;5.85;1.05;0.63;0.50;0.45;0.53;-1.00,tick=214373 goal=0 lap=0 last=0.0 best=0.0
52.51,192,354.5,0.42,0.10,20,25.84583333333334,BEND,1.31;5.99;1.09;0.66;0.54;0.50;0.55;0.77;1.68;4.76;0.88;0.55;0.43;0.41;0.45;0.61,tick=214399 goal=0 lap=0 last=0.0 best=0.0
52.78,193,359.7,0.48,0.26,20,85,BEND,1.48;3.67;-1.00;0.69;0.57;0.57;0.68;0.98;2.61;2.03;0.63;0.41;0.35;0.33;0.40;0.56,tick=214426 goal=0 lap=0 last=0.0 best=0.0
53.04,194,15.1,0.45,0.80,20,19.236666666666665,BEND,6.00;1.54;0.84;0.65;0.59;0.68;0.88;1.66;6.00;0.77;0.42;0.34;0.31;0.33;0.42;0.81,tick=214452 goal=0 lap=0 last=0.0 best=0.0
53.31,195,29.9,0.46,0.16,20,15.464166666666651,BEND,1.82;0.85;0.62;0.57;0.59;0.73;1.22;6.00;1.13;0.54;0.40;0.34;0.37;0.46;0.75;3.81,tick=214479 goal=0 lap=0 last=0.0 best=0.0
53.57,196,35.2,0.41,0.14,20,-14.79833333333333,BEND,1.27;0.68;0.52;0.48;0.52;0.68;1.26;6.00;1.11;0.60;0.45;0.43;0.47;0.60;1.08;6.00,tick=214506 goal=0 lap=0 last=0.0 best=0.0
53.84,197,35.7,0.39,-0.11,20,85,BEND,1.00;0.55;0.43;0.38;-1.00;0.57;1.08;6.00;1.30;0.71;0.54;0.51;0.55;0.73;1.38;6.00,tick=214532 goal=0 lap=0 last=0.0 best=0.0
54.32,198,52.5,0.32,-0.01,20,70,REV,0.33;0.24;0.22;0.23;0.29;0.47;2.71;2.27;1.06;0.78;0.69;0.71;0.90;1.48;6.00;0.73,tick=214581 goal=0 lap=0 last=0.0 best=0.0
54.59,199,54.5,0.15,0.16,20,70,REV,0.19;0.16;0.11;0.14;0.16;0.31;4.04;2.21;1.13;0.84;0.79;0.81;1.04;1.80;6.00;0.41,tick=214607 goal=0 lap=0 last=0.0 best=0.0
54.86,200,58.7,-0.00,-0.02,20,70,REV,0.16;0.12;0.10;0.11;0.14;0.29;6.00;2.02;1.11;0.86;0.80;0.86;1.13;2.13;6.00;0.27,tick=214634 goal=0 lap=0 last=0.0 best=0.0
55.34,201,51.3,-0.16,0.02,20,70,REV,0.27;0.18;0.17;0.17;0.21;0.34;1.65;2.58;1.16;0.84;0.73;0.77;0.93;1.50;6.00;0.58,tick=214682 goal=0 lap=0 last=0.0 best=0.0
55.61,202,50.7,-0.15,0.00,20,70,REV,0.39;0.26;0.22;0.22;0.28;0.42;1.61;2.73;1.13;0.80;0.69;0.71;0.84;1.32;4.43;0.92,tick=214709 goal=0 lap=0 last=0.0 best=0.0
55.87,203,43.3,-0.16,-0.24,20,70,REV,0.53;0.33;0.26;0.26;0.31;0.43;1.07;4.51;1.27;0.80;0.66;0.64;0.74;1.04;2.45;2.04,tick=214736 goal=0 lap=0 last=0.0 best=0.0
56.36,204,31.6,-0.17,-0.02,20,70,REV,0.98;-1.00;0.36;0.34;0.35;0.42;0.77;6.00;1.74;0.87;0.65;0.58;0.62;0.79;1.34;6.00,tick=214784 goal=0 lap=0 last=0.0 best=0.0
56.62,205,26.3,-0.14,-0.25,20,70,REV,1.19;0.54;0.39;0.33;0.35;0.44;0.77;4.63;1.83;0.86;0.61;0.57;0.57;0.72;1.19;5.45,tick=214811 goal=0 lap=0 last=0.0 best=0.0
56.89,206,22.8,-0.16,-0.21,20,70,REV,1.95;0.69;0.44;0.37;0.39;0.44;0.68;1.96;2.71;0.95;0.65;0.53;0.56;0.65;0.94;2.62,tick=214837 goal=0 lap=0 last=0.0 best=0.0
57.15,207,18.6,-0.16,-0.20,20,-17.46583333333333,BEND,5.73;0.83;0.49;0.41;0.38;0.43;0.60;1.26;5.84;1.13;0.68;0.54;0.52;0.60;0.78;1.68,tick=214864 goal=0 lap=0 last=0.0 best=0.0
57.42,208,12.9,-0.10,0.03,38,-21.653333333333343,FWD,6.00;0.98;0.53;0.41;0.39;0.41;0.56;1.06;6.00;1.30;0.73;0.57;0.53;0.56;0.75;1.39,tick=214890 goal=0 lap=0 last=0.0 best=0.0
57.69,209,13.2,-0.01,0.03,38,-20.294166666666673,FWD,5.99;0.96;0.53;0.43;0.38;0.41;0.56;1.08;5.99;1.26;0.70;0.55;0.50;0.57;0.75;1.43,tick=214917 goal=0 lap=0 last=0.0 best=0.0
57.95,210,11.6,0.11,0.00,38,-21.259166666666662,FWD,6.00;0.97;0.51;0.41;0.37;0.41;0.55;1.08;5.99;1.31;0.71;0.54;0.52;0.57;0.74;1.40,tick=214943 goal=0 lap=0 last=0.0 best=0.0
58.22,211,11.0,0.17,-0.07,38,-16.529166666666676,FWD,6.00;1.04;0.55;0.42;0.38;0.43;0.52;0.97;6.00;1.41;0.73;0.56;0.52;0.56;0.71;1.31,tick=214970 goal=0 lap=0 last=0.0 best=0.0
58.48,212,7.2,0.26,-0.12,38,-14.54666666666667,FWD,6.00;1.18;0.57;0.41;0.37;0.41;0.53;0.90;6.00;1.56;0.77;0.57;0.52;0.55;0.69;1.16,tick=214997 goal=0 lap=0 last=0.0 best=0.0
58.75,213,2.2,0.32,-0.14,38,-5.904166666666667,FWD,4.37;1.42;0.62;0.46;0.40;0.43;0.51;0.86;4.30;1.75;0.81;0.58;0.49;0.50;0.65;1.06,tick=215023 goal=0 lap=0 last=0.0 best=0.0
59.01,214,3.3,0.39,-0.05,38,-1.5125000000000002,FWD,3.10;1.79;0.69;0.50;0.43;0.44;0.54;0.83;3.09;1.95;0.82;0.55;0.49;0.51;0.59;0.93,tick=215050 goal=0 lap=0 last=0.0 best=0.0
59.28,215,3.7,0.41,-0.02,20,8.400833333333335,BEND,2.61;2.08;0.79;0.53;0.46;0.48;0.54;0.85;2.90;1.97;0.78;0.53;0.44;0.47;0.56;0.82,tick=215076 goal=0 lap=0 last=0.0 best=0.0
59.55,216,4.3,0.41,0.06,20,15.974166666666669,BEND,2.47;2.20;0.84;0.56;0.49;0.52;0.60;0.93;3.31;1.74;0.71;0.49;0.42;0.42;0.50;0.77,tick=215103 goal=0 lap=0 last=0.0 best=0.0
59.81,217,6.4,0.40,0.15,20,21.461666666666666,BEND,3.18;1.92;0.84;0.60;0.52;0.54;0.68;1.09;5.46;1.33;0.59;0.43;0.37;0.40;0.47;0.78,tick=215129 goal=0 lap=0 last=0.0 best=0.0
60.08,218,8.2,0.38,0.17,20,23.149166666666666,BEND,5.99;1.58;0.79;0.61;0.55;0.58;0.75;1.31;6.00;1.03;0.54;0.41;0.35;0.39;0.50;0.86,tick=215156 goal=0 lap=0 last=0.0 best=0.0
60.34,219,13.9,0.38,0.14,38,19.704166666666666,FWD,5.99;1.26;0.71;0.59;0.53;0.61;0.81;1.64;5.74;0.84;0.49;0.38;0.37;0.41;0.54;1.06,tick=215182 goal=0 lap=0 last=0.0 best=0.0
60.61,220,19.7,0.41,0.15,38,8.93250000000001,FWD,4.09;1.04;0.65;0.53;0.53;0.58;0.86;2.10;2.66;0.75;0.47;0.40;0.38;0.45;0.67;1.49,tick=215209 goal=0 lap=0 last=0.0 best=0.0
60.87,221,20.3,0.44,0.09,20,-1.3325000000000053,BEND,2.40;0.84;0.57;0.48;0.47;0.57;0.87;2.72;2.00;0.74;0.49;0.42;0.40;0.49;0.77;2.22,tick=215236 goal=0 lap=0 last=0.0 best=0.0
61.14,222,23.8,0.44,0.00,20,-16.740833333333324,BEND,1.94;0.74;0.50;0.44;0.44;0.52;0.82;2.77;2.04;0.81;0.55;0.49;0.49;0.58;0.90;2.79,tick=215262 goal=0 lap=0 last=0.0 best=0.0
61.41,223,22.9,0.42,-0.17,20,-25.19583333333333,BEND,2.01;0.66;0.46;0.39;0.39;0.46;0.66;1.97;2.59;0.94;0.64;0.54;0.55;0.63;0.93;2.59,tick=215289 goal=0 lap=0 last=0.0 best=0.0
61.67,224,20.1,0.39,-0.19,20,-30.45083333333333,BEND,3.55;0.72;0.45;0.36;0.34;0.36;0.56;1.23;4.82;1.18;0.72;0.58;0.56;0.63;0.89;1.93,tick=215315 goal=0 lap=0 last=0.0 best=0.0
61.94,225,12.7,0.39,-0.25,38,-26.725833333333345,FWD,6.00;0.92;0.48;0.36;0.35;0.36;0.46;0.85;6.00;1.50;0.80;0.63;0.59;0.61;0.81;1.46,tick=215342 goal=0 lap=0 last=0.0 best=0.0
62.20,226,4.5,0.40,-0.26,38,-17.813333333333333,FWD,4.13;1.37;0.59;0.40;0.36;0.34;0.44;0.69;2.86;2.09;0.90;0.64;0.57;0.58;0.69;1.10,tick=215368 goal=0 lap=0 last=0.0 best=0.0
62.47,227,359.8,0.43,-0.18,20,-3.5466666666666695,BEND,2.19;2.56;0.75;0.48;0.41;0.40;0.44;0.67;1.72;3.07;0.98;0.64;0.52;0.51;0.61;0.87,tick=215395 goal=0 lap=0 last=0.0 best=0.0
62.73,228,0.5,0.44,-0.04,20,14.44333333333333,BEND,1.52;4.96;0.96;0.57;0.49;0.45;0.51;0.72;1.58;4.19;0.95;0.57;0.47;0.46;0.50;0.71,tick=215422 goal=0 lap=0 last=0.0 best=0.0
63.00,229,355.7,0.42,0.09,20,32.075,BEND,1.36;5.03;1.10;0.65;0.55;0.54;0.59;0.84;1.91;3.25;0.79;0.46;0.41;0.39;0.43;0.60,tick=215448 goal=0 lap=0 last=0.0 best=0.0
63.27,230,5.4,0.42,0.25,20,37.243333333333325,BEND,1.69;2.95;1.04;0.70;0.59;0.58;0.69;1.06;3.12;1.59;0.57;0.39;0.34;0.34;0.40;0.60,tick=215475 goal=0 lap=0 last=0.0 best=0.0
63.53,231,0.0,0.40,0.31,20,38.03083333333333,BEND,6.00;1.78;0.90;0.68;0.60;0.65;0.82;1.44;6.00;0.86;0.45;0.33;0.31;0.32;0.41;0.70,tick=215501 goal=0 lap=0 last=0.0 best=0.0
63.80,232,20.5,0.38,0.28,38,31.76666666666666,FWD,5.97;1.27;0.78;0.64;0.61;0.66;0.95;2.12;2.75;0.63;0.39;0.33;0.30;0.34;0.48;1.08,tick=215528 goal=0 lap=0 last=0.0 best=0.0
64.06,233,30.5,0.42,0.27,38,14.05083333333333,FWD,2.27;0.94;0.65;0.58;0.57;0.71;1.11;4.25;1.36;0.57;0.39;0.36;0.38;0.43;0.68;2.44,tick=215554 goal=0 lap=0 last=0.0 best=0.0
64.33,234,34.0,0.43,0.13,20,-9.350833333333332,BEND,1.44;0.73;0.55;0.49;0.51;0.66;1.18;6.00;1.17;0.60;0.43;0.43;0.44;0.57;1.00;5.98,tick=215581 goal=0 lap=0 last=0.0 best=0.0
64.59,235,37.3,0.44,-0.06,20,-33.74333333333334,BEND,1.10;0.58;0.42;0.41;0.45;0.56;1.05;6.00;1.35;0.71;0.55;0.52;0.54;0.70;1.27;5.99,tick=215608 goal=0 lap=0 last=0.0 best=0.0
64.86,236,30.9,0.43,-0.27,20,-44.87999999999999,BEND,1.11;0.52;0.36;0.32;0.34;0.43;0.71;3.74;1.95;0.91;0.65;0.57;0.63;0.74;1.23;5.89,tick=215634 goal=0 lap=0 last=0.0 best=0.0
65.12,237,15.4,0.40,-0.37,20,-45.33833333333334,BEND,2.14;0.57;0.37;0.30;0.29;0.31;0.45;1.08;4.56;1.23;0.78;0.66;0.64;0.73;1.03;2.42,tick=215661 goal=0 lap=0 last=0.0 best=0.0
65.39,238,7.3,0.37,-0.33,20,-40.2675,BEND,6.00;0.83;0.41;0.31;0.28;0.27;0.37;0.62;5.66;1.94;0.94;0.70;0.63;0.65;0.86;1.45,tick=215687 goal=0 lap=0 last=0.0 best=0.0
65.66,239,355.5,0.40,-0.34,38,-27.705833333333338,FWD,2.57;1.94;0.57;0.37;0.32;0.29;0.38;0.50;1.30;3.79;1.16;0.75;0.62;0.62;0.71;1.02,tick=215714 goal=0 lap=0 last=0.0 best=0.0
65.92,240,351.8,0.39,-0.19,20,-5.504166666666672,BEND,1.46;6.00;0.93;0.50;0.38;0.36;0.40;0.51;0.97;6.00;1.38;0.76;0.57;0.54;0.58;0.78,tick=215740 goal=0 lap=0 last=0.0 best=0.0
66.19,241,346.6,0.41,-0.04,20,27.211666666666666,BEND,1.02;5.76;1.42;0.69;0.52;0.45;0.47;0.59;0.99;6.00;1.42;0.70;0.52;0.45;0.48;0.59,tick=215767 goal=0 lap=0 last=0.0 best=0.0
66.45,242,348.9,0.39,0.24,20,50.55749999999999,BEND,0.84;6.00;1.61;0.82;0.61;0.56;0.59;0.74;1.32;6.00;1.00;0.53;0.39;0.37;0.39;0.49,tick=215794 goal=0 lap=0 last=0.0 best=0.0
66.94,243,3.8,0.32,0.04,20,-70,REV,1.64;2.80;1.12;0.76;0.67;0.67;0.82;1.28;4.47;1.01;0.39;0.28;0.25;0.24;0.29;0.48,tick=215842 goal=0 lap=0 last=0.0 best=0.0
67.20,244,0.6,0.13,-0.18,20,-70,REV,1.18;3.54;1.21;0.83;0.68;0.69;0.83;1.24;3.56;1.11;0.40;0.28;0.22;0.23;0.28;0.42,tick=215869 goal=0 lap=0 last=0.0 best=0.0
67.47,245,359.4,-0.02,0.04,20,-70,REV,0.90;5.20;1.35;0.85;0.71;0.69;0.80;1.15;2.83;1.50;0.44;0.27;0.23;0.23;0.26;0.36,tick=215895 goal=0 lap=0 last=0.0 best=0.0
67.96,246,3.7,-0.16,-0.00,20,-70,REV,1.85;2.56;1.09;0.78;0.69;0.69;0.84;1.36;5.45;0.90;0.38;0.26;0.23;0.25;0.30;0.48,tick=215944 goal=0 lap=0 last=0.0 best=0.0
68.22,247,4.8,-0.15,0.21,20,-70,REV,2.74;2.22;1.03;0.76;0.66;0.69;0.89;1.43;6.00;0.80;0.40;0.26;0.23;0.24;0.31;0.53,tick=215970 goal=0 lap=0 last=0.0 best=0.0
68.49,248,10.3,-0.15,0.21,20,-70,REV,5.99;1.64;0.93;0.71;0.66;0.72;0.95;1.83;6.00;0.61;0.34;0.26;0.25;0.27;0.35;0.69,tick=215997 goal=0 lap=0 last=0.0 best=0.0
68.75,249,23.7,-0.14,0.21,38,53.38166666666667,FWD,5.27;1.33;0.84;0.69;0.69;0.79;1.09;2.63;1.74;0.48;0.30;0.26;0.23;0.28;0.38;0.96,tick=216024 goal=0 lap=0 last=0.0 best=0.0
69.02,250,25.8,-0.07,-0.06,38,62.58916666666666,FWD,3.50;1.21;0.82;0.70;0.71;0.80;1.26;3.57;1.15;0.42;0.27;0.24;0.23;0.27;0.42;1.19,tick=216050 goal=0 lap=0 last=0.0 best=0.0
69.29,251,23.3,0.03,0.09,38,58.545,FWD,3.93;1.27;0.83;0.70;0.69;0.81;1.20;3.26;1.24;0.39;0.26;0.22;0.24;0.27;0.39;1.07,tick=216077 goal=0 lap=0 last=0.0 best=0.0
69.55,252,27.0,0.14,0.15,38,52.906666666666666,FWD,2.98;1.15;0.79;0.68;0.70;0.83;-1.00;4.26;1.01;0.40;0.27;0.23;0.23;0.30;0.44;1.48,tick=216103 goal=0 lap=0 last=0.0 best=0.0
69.82,253,30.2,0.20,0.23,38,41.57166666666665,FWD,2.00;0.97;0.72;0.65;0.69;0.86;1.48;6.00;0.78;0.38;0.26;0.23;0.28;0.34;0.58;3.85,tick=216131 goal=0 lap=0 last=0.0 best=0.0
70.08,254,40.1,0.27,0.26,20,18.03083333333333,BEND,1.34;0.79;0.65;0.60;0.68;0.91;1.90;4.33;0.69;0.40;0.34;0.31;0.36;0.46;0.97;6.00,tick=216157 goal=0 lap=0 last=0.0 best=0.0
70.35,255,44.3,0.30,0.10,20,-18.933333333333334,BEND,0.98;0.64;0.54;0.54;0.63;0.91;2.40;2.25;0.72;0.47;0.39;0.39;0.45;0.70;1.77;3.12,tick=216183 goal=0 lap=0 last=0.0 best=0.0
70.61,256,49.3,0.34,-0.09,20,-57.525,BEND,0.76;0.50;0.42;0.43;0.52;0.75;2.12;2.56;0.88;0.59;0.50;0.49;0.61;0.85;2.38;2.28,tick=216210 goal=0 lap=0 last=0.0 best=0.0
71.10,257,32.7,0.26,0.01,20,70,REV,0.86;0.42;0.30;0.26;0.30;0.39;0.68;5.38;1.86;0.93;0.70;0.62;0.66;0.85;1.44;6.00,tick=216258 goal=0 lap=0 last=0.0 best=0.0
71.37,258,35.5,0.10,0.12,20,70,REV,0.74;0.37;0.29;0.23;0.26;0.34;0.60;6.00;1.86;0.96;0.72;0.65;0.70;0.90;1.57;5.99,tick=216285 goal=0 lap=0 last=0.0 best=0.0
71.63,259,30.1,-0.06,-0.07,20,70,REV,0.63;0.36;0.26;0.24;0.26;0.36;0.65;5.99;1.72;0.93;0.72;0.67;0.72;0.94;1.74;6.00,tick=216311 goal=0 lap=0 last=0.0 best=0.0
72.12,260,28.4,-0.14,-0.03,20,70,REV,1.13;0.48;0.32;0.29;0.29;0.35;0.56;1.93;2.57;1.05;0.71;0.63;0.65;0.79;1.23;4.02,tick=216360 goal=0 lap=0 last=0.0 best=0.0
72.38,261,26.9,-0.14,-0.21,20,70,REV,1.44;0.54;0.33;0.30;0.30;0.37;0.55;1.65;2.89;1.07;0.74;0.62;0.62;0.73;1.13;3.24,tick=216387 goal=0 lap=0 last=0.0 best=0.0
72.65,262,19.3,-0.16,-0.25,20,70,REV,3.36;0.65;0.41;0.34;0.32;0.35;0.49;1.07;5.70;1.25;0.78;0.60;0.60;0.66;0.95;2.06,tick=216413 goal=0 lap=0 last=0.0 best=0.0
72.92,263,12.6,-0.17,-0.21,20,-32.94083333333333,BEND,6.00;0.85;0.47;0.34;0.31;0.33;0.42;0.80;6.00;1.61;0.84;0.64;0.60;0.62;0.82;1.52,tick=216440 goal=0 lap=0 last=0.0 best=0.0
73.18,264,9.1,-0.11,0.04,38,-40.78083333333333,FWD,5.99;1.00;0.47;0.34;0.32;0.32;0.42;0.68;4.11;1.93;0.92;0.68;0.58;0.64;0.77;1.32,tick=216466 goal=0 lap=0 last=0.0 best=0.0
73.45,265,6.5,-0.02,-0.01,38,-40.57083333333334,FWD,5.99;0.92;0.46;0.34;0.30;0.33;0.42;0.70;6.00;1.80;0.90;0.64;0.60;0.64;0.83;1.41,tick=216493 goal=0 lap=0 last=0.0 best=0.0
73.71,266,8.0,0.11,-0.07,38,-38.6825,FWD,6.00;0.96;0.47;0.35;0.30;0.33;0.41;0.70;4.75;1.86;0.90;0.66;0.61;0.64;0.80;1.35,tick=216519 goal=0 lap=0 last=0.0 best=0.0
73.98,267,7.9,0.18,-0.14,38,-30.694166666666668,FWD,4.46;1.19;0.52;0.38;0.32;0.33;0.40;0.65;2.58;2.22;0.96;0.68;0.60;0.61;0.76;1.20,tick=216546 goal=0 lap=0 last=0.0 best=0.0
74.24,268,1.0,0.24,-0.19,38,-21.198333333333334,FWD,2.75;1.81;0.62;0.40;0.33;0.35;0.40;0.58;1.65;3.05;1.05;0.68;0.59;0.57;0.69;1.02,tick=216573 goal=0 lap=0 last=0.0 best=0.0
74.51,269,358.0,0.31,-0.15,20,-8.925000000000008,BEND,1.92;3.81;0.76;0.47;0.39;0.37;0.42;0.60;1.32;4.88;1.12;0.69;0.55;0.54;0.62;0.87,tick=216599 goal=0 lap=0 last=0.0 best=0.0
74.77,270,355.0,0.35,-0.06,20,11.242499999999998,BEND,1.41;6.00;1.02;0.57;0.46;0.45;0.48;0.64;1.28;6.00;1.12;0.64;0.51;0.47;0.53;0.71,tick=216626 goal=0 lap=0 last=0.0 best=0.0
75.04,271,348.8,0.33,0.12,20,23.362500000000008,BEND,1.23;5.99;1.17;0.67;0.52;0.48;0.54;0.74;1.44;6.00;0.96;0.57;0.46;0.43;0.46;0.64,tick=216652 goal=0 lap=0 last=0.0 best=0.0
75.31,272,358.9,0.34,0.16,20,37.543333333333344,BEND,1.23;5.99;1.17;0.71;0.58;0.54;0.61;0.88;1.90;3.58;0.77;0.46;0.39;0.36;0.42;0.56,tick=216679 goal=0 lap=0 last=0.0 best=0.0
75.57,273,359.4,0.34,0.28,20,40.3625,BEND,1.65;3.08;1.06;0.70;0.62;0.60;0.71;1.10;3.19;1.53;0.57;0.39;0.32;0.32;0.39;0.55,tick=216705 goal=0 lap=0 last=0.0 best=0.0
75.84,274,9.7,0.33,0.24,20,42.96750000000001,BEND,4.22;1.87;0.93;0.69;0.60;0.69;0.82;1.43;6.00;0.89;0.45;0.31;0.30;0.31;0.40;0.69,tick=216732 goal=0 lap=0 last=0.0 best=0.0
76.10,275,17.6,0.35,0.31,38,32.72583333333334,FWD,6.00;1.33;0.79;0.63;0.61;0.68;0.97;2.09;3.09;0.63;0.38;0.29;0.30;0.34;0.47;1.02,tick=216759 goal=0 lap=0 last=0.0 best=0.0
76.37,276,23.8,0.34,0.00,38,29.053333333333327,FWD,2.70;0.99;0.68;0.60;0.59;0.73;1.09;3.64;1.42;0.56;0.40;0.34;0.34;0.40;0.64;1.92,tick=216785 goal=0 lap=0 last=0.0 best=0.0
76.63,277,32.5,0.40,0.22,20,-1.5566666666666746,BEND,1.54;0.76;0.58;0.51;0.55;0.72;1.25;5.99;1.10;0.55;0.41;0.39;0.41;0.53;0.91;6.00,tick=216812 goal=0 lap=0 last=0.0 best=0.0
76.90,278,40.5,0.41,-0.04,20,-27.7575,BEND,-1.00;0.60;0.45;0.43;0.51;0.63;1.26;6.00;1.12;0.63;0.50;0.47;0.52;0.69;1.34;5.98,tick=216838 goal=0 lap=0 last=0.0 best=0.0
77.17,279,33.0,0.39,-0.22,20,-45.26916666666668,BEND,0.95;0.51;0.39;0.36;0.37;0.48;0.90;6.00;1.50;0.80;0.62;0.56;0.59;0.78;1.36;6.00,tick=216865 goal=0 lap=0 last=0.0 best=0.0
77.43,280,25.8,0.39,-0.33,20,-50.89916666666666,BEND,1.31;0.50;0.33;0.29;0.28;0.34;0.56;1.83;2.65;1.08;0.73;0.64;0.62;0.76;1.17;3.50,tick=216891 goal=0 lap=0 last=0.0 best=0.0
77.70,281,15.1,0.36,-0.38,20,-47.8775,BEND,6.00;0.62;0.35;0.27;0.25;0.29;0.39;0.75;5.99;1.53;0.88;0.69;0.66;0.71;0.96;1.86,tick=216918 goal=0 lap=0 last=0.0 best=0.0
77.96,282,4.4,0.38,0.00,38,-47.8175,FWD,3.70;1.22;0.47;0.32;0.26;0.29;0.32;0.53;1.78;2.65;1.08;0.76;0.65;0.65;0.77;1.22,tick=216945 goal=0 lap=0 last=0.0 best=0.0
78.23,283,355.8,0.39,-0.39,20,-13.167499999999997,BEND,1.71;5.99;0.76;0.46;0.35;0.32;0.37;0.49;0.95;6.00;1.37;0.78;0.62;0.59;0.64;0.87,tick=216971 goal=0 lap=0 last=0.0 best=0.0
78.49,284,345.2,0.39,-0.10,20,21.282500000000006,BEND,1.01;4.21;1.49;0.67;0.46;0.43;0.43;0.55;0.86;4.42;1.73;0.78;0.56;0.50;0.51;0.63,tick=216998 goal=0 lap=0 last=0.0 best=0.0
78.76,285,348.1,0.39,0.19,20,49.29833333333333,BEND,0.81;3.33;1.85;0.81;0.59;0.52;0.54;0.65;1.10;5.57;1.37;0.62;0.46;0.39;0.41;0.49,tick=217024 goal=0 lap=0 last=0.0 best=0.0
79.25,286,357.5,0.30,0.02,20,-70,REV,1.00;5.08;1.28;0.82;0.67;0.66;0.77;1.09;2.69;1.78;0.50;0.33;0.26;0.26;0.29;0.41,tick=217073 goal=0 lap=0 last=0.0 best=0.0
79.51,287,357.0,0.13,-0.15,20,-70,REV,0.76;6.00;1.49;0.87;0.70;0.68;0.78;1.06;2.37;2.27;0.48;0.30;0.24;0.24;0.24;0.34,tick=217099 goal=0 lap=0 last=0.0 best=0.0
79.78,288,359.3,-0.01,0.03,20,-70,REV,0.61;6.00;1.66;0.95;0.73;0.68;0.75;1.02;2.07;3.79;0.53;0.29;0.22;0.22;0.22;0.33,tick=217126 goal=0 lap=0 last=0.0 best=0.0
80.26,289,2.4,-0.15,-0.01,20,-70,REV,1.07;4.18;1.24;0.83;0.68;0.68;0.78;1.16;3.16;1.40;0.45;0.31;0.25;0.27;0.29;0.41,tick=217175 goal=0 lap=0 last=0.0 best=0.0
80.53,290,2.2,-0.15,0.24,20,-70,REV,1.36;3.31;1.16;0.78;0.67;0.67;0.77;1.20;3.75;1.25;0.45;0.32;0.28;0.28;0.32;0.46,tick=217201 goal=0 lap=0 last=0.0 best=0.0
80.79,291,8.1,-0.15,0.18,20,-70,REV,3.30;2.06;0.98;0.73;0.64;0.69;0.85;1.43;6.00;0.85;0.41;0.29;0.29;0.26;0.34;0.57,tick=217228 goal=0 lap=0 last=0.0 best=0.0
81.06,292,17.1,-0.14,0.22,20,45.94166666666668,BEND,5.99;1.56;0.87;0.67;0.64;0.71;0.95;1.88;5.09;0.66;0.36;0.29;0.25;0.29;0.41;0.77,tick=217254 goal=0 lap=0 last=0.0 best=0.0
81.33,293,21.4,-0.11,-0.11,38,55.67666666666666,FWD,5.98;1.36;0.85;0.69;0.63;0.74;1.01;2.33;2.33;0.54;0.34;0.29;0.27;0.29;0.42;0.93,tick=217281 goal=0 lap=0 last=0.0 best=0.0
81.59,294,21.7,-0.01,0.01,20,53.94666666666666,BEND,6.00;1.46;0.88;0.69;0.64;0.72;1.00;2.08;3.27;0.60;0.36;0.28;0.25;0.30;0.40;0.83,tick=217307 goal=0 lap=0 last=0.0 best=0.0
81.86,295,15.5,0.07,0.08,20,51.640833333333326,BEND,6.00;1.40;0.84;0.69;0.65;0.72;1.02;2.17;2.71;0.56;0.34;0.27;0.24;0.30;0.40;0.85,tick=217334 goal=0 lap=0 last=0.0 best=0.0
82.12,296,23.5,0.13,0.12,38,46.30083333333334,FWD,5.05;1.29;0.79;0.66;0.66;0.74;1.06;2.65;1.85;0.52;0.33;0.28;0.27;0.31;0.43;1.03,tick=217360 goal=0 lap=0 last=0.0 best=0.0
82.39,297,26.0,0.18,0.18,38,38.30833333333334,FWD,3.18;1.13;0.75;0.64;0.62;0.75;1.15;3.66;1.32;0.50;0.33;0.28;0.29;0.33;0.51;1.45,tick=217387 goal=0 lap=0 last=0.0 best=0.0
82.65,298,32.9,0.26,0.19,38,25.048333333333332,FWD,2.07;0.94;0.68;0.59;0.61;0.78;1.30;6.00;1.02;0.48;0.36;0.32;0.34;0.41;0.66;3.11,tick=217414 goal=0 lap=0 last=0.0 best=0.0
82.92,299,37.2,0.33,0.13,20,-85,BEND,1.44;0.78;0.60;0.56;0.60;0.76;1.46;6.00;0.91;0.50;0.39;0.35;0.40;0.51;-1.00;6.00,tick=217440 goal=0 lap=0 last=0.0 best=0.0
83.18,300,39.7,0.00,-0.56,20,5.479166666666664,BEND,1.31;0.68;0.52;0.46;0.52;0.65;1.22;6.00;-1.00;0.64;0.47;0.44;0.45;0.60;1.07;6.00,tick=217467 goal=0 lap=0 last=0.0 best=0.0
83.45,301,21.1,0.33,0.06,20,-12.744999999999997,BEND,2.73;0.83;0.55;0.46;0.44;0.52;0.76;2.01;2.68;0.89;0.58;0.49;0.48;0.55;0.81;2.05,tick=217493 goal=0 lap=0 last=0.0 best=0.0
83.72,302,21.9,0.34,-0.09,20,-17.754166666666663,BEND,2.63;0.79;0.52;0.41;0.44;0.48;0.70;1.79;2.99;0.97;0.62;0.52;0.51;0.59;0.87;2.13,tick=217520 goal=0 lap=0 last=0.0 best=0.0
83.98,303,22.5,0.32,-0.14,20,-20.259166666666665,BEND,3.85;0.82;0.50;0.40;0.38;0.42;0.60;1.36;4.41;1.09;0.66;0.55;0.51;0.59;0.84;1.83,tick=217546 goal=0 lap=0 last=0.0 best=0.0
84.25,304,19.8,0.33,-0.13,20,-22.13749999999999,BEND,6.00;0.90;0.49;0.40;0.35;0.41;0.55;1.07;5.98;1.30;0.74;0.57;0.53;0.59;0.79;1.53,tick=217573 goal=0 lap=0 last=0.0 best=0.0
84.51,305,11.8,0.33,-0.14,38,-18.632499999999997,FWD,5.99;1.07;0.54;0.41;0.37;0.40;0.51;-1.00;6.00;1.53;0.79;0.59;0.54;0.57;0.73;1.29,tick=217599 goal=0 lap=0 last=0.0 best=0.0
84.78,306,10.2,0.34,-0.16,38,-10.964166666666667,FWD,4.60;1.39;0.62;0.44;0.39;0.38;0.49;0.80;-1.00;1.83;0.83;0.60;0.52;0.54;0.66;1.08,tick=217624 goal=0 lap=0 last=0.0 best=0.0
85.04,307,4.8,0.39,-0.07,38,-4.505000000000001,FWD,-1.00;1.94;0.71;0.48;0.42;0.42;0.48;0.77;2.46;2.24;0.87;0.59;0.50;0.52;0.60;0.93,tick=217653 goal=0 lap=0 last=0.0 best=0.0
85.31,308,2.5,0.43,-0.06,20,11.40583333333333,BEND,2.10;2.57;0.84;0.57;0.47;0.47;0.55;0.81;2.21;2.44;0.84;0.54;0.46;0.48;0.52;0.79,tick=217679 goal=0 lap=0 last=0.0 best=0.0
85.57,309,4.3,0.45,0.11,20,22.54833333333333,BEND,1.91;2.80;0.93;0.64;0.52;0.48;0.60;0.89;2.51;2.14;0.73;0.48;0.42;0.40;0.47;0.71,tick=217706 goal=0 lap=0 last=0.0 best=0.0
85.84,310,8.0,0.43,0.21,20,27.900833333333335,BEND,2.54;2.21;0.91;0.65;0.54;0.57;0.68;1.09;4.28;1.44;0.61;0.41;0.37;0.36;0.45;0.70,tick=217732 goal=0 lap=0 last=0.0 best=0.0
86.11,311,11.0,0.39,0.21,20,27.01166666666667,BEND,6.00;1.59;0.82;0.62;0.56;0.59;0.77;1.40;6.00;0.97;0.47;0.37;0.33;0.37;0.47;0.81,tick=217759 goal=0 lap=0 last=0.0 best=0.0
86.37,312,15.9,0.40,0.23,38,21.67000000000001,FWD,5.99;1.22;0.74;0.59;0.55;0.63;0.87;1.88;3.64;0.76;0.45;0.35;0.36;0.38;0.53;1.16,tick=217785 goal=0 lap=0 last=0.0 best=0.0
86.64,313,25.6,0.39,0.14,38,11.460000000000008,FWD,2.80;0.97;0.63;0.56;0.52;0.63;0.94;2.67;1.98;0.68;0.48;0.39;0.39;0.44;0.67;1.86,tick=217812 goal=0 lap=0 last=0.0 best=0.0
86.90,314,30.5,0.44,0.11,20,-7.004999999999997,BEND,1.79;0.77;0.54;0.49;0.50;0.61;0.98;4.09;1.62;0.70;0.48;0.42;0.45;0.56;0.86;3.46,tick=217838 goal=0 lap=0 last=0.0 best=0.0
87.17,315,32.1,0.44,-0.04,20,-85,BEND,1.44;0.65;0.45;0.43;0.41;0.52;0.85;4.18;1.74;0.79;0.57;-1.00;0.52;0.63;1.03;4.73,tick=217865 goal=0 lap=0 last=0.0 best=0.0
87.43,316,22.5,0.42,-0.72,20,-14.861666666666672,BEND,2.46;0.69;0.43;0.35;0.37;0.40;0.58;1.44;3.79;1.09;0.66;0.57;0.57;0.64;0.91;2.23,tick=217892 goal=0 lap=0 last=0.0 best=0.0
87.70,317,5.4,0.41,-0.13,38,-19.05083333333333,FWD,4.18;1.39;0.58;0.42;0.36;0.37;0.45;0.72;2.77;2.13;0.91;0.64;0.55;0.57;0.68;1.09,tick=217918 goal=0 lap=0 last=0.0 best=0.0
87.96,318,4.1,0.41,-0.19,38,-1.587500000000004,FWD,2.52;2.10;0.70;0.49;0.41;0.41;0.47;0.71;1.96;2.72;0.93;0.59;0.53;0.51;0.59;0.91,tick=217945 goal=0 lap=0 last=0.0 best=0.0
88.23,319,359.9,0.46,-0.01,20,12.180833333333338,BEND,1.76;3.36;0.90;0.58;0.47;0.46;0.52;0.73;1.77;3.39;0.91;0.57;0.44;0.46;0.51;0.75,tick=217971 goal=0 lap=0 last=0.0 best=0.0
88.50,320,359.6,0.45,0.11,20,25.490833333333338,BEND,1.61;3.41;1.00;0.63;0.55;0.51;0.60;0.86;2.12;2.64;0.78;0.47;0.43;0.39;0.47;0.65,tick=217998 goal=0 lap=0 last=0.0 best=0.0
88.76,321,6.2,0.41,0.20,20,31.193333333333335,BEND,2.13;2.43;0.96;0.64;0.57;0.57;0.70;1.09;3.56;1.49;0.59;0.40;0.37;0.35;0.43;0.65,tick=218024 goal=0 lap=0 last=0.0 best=0.0
89.03,322,12.9,0.42,0.29,20,32.5275,BEND,6.00;1.68;0.87;0.64;0.61;0.62;0.81;1.39;6.00;0.91;0.47;0.34;0.31;0.35;0.43;0.75,tick=218051 goal=0 lap=0 last=0.0 best=0.0
89.29,323,19.3,0.39,0.26,38,26.360833333333332,FWD,6.00;1.22;0.73;0.61;0.58;0.65;0.92;2.00;3.28;0.68;0.42;0.33;0.33;0.35;0.51;1.12,tick=218078 goal=0 lap=0 last=0.0 best=0.0
89.56,324,28.6,0.41,0.20,38,-85,FWD,2.40;0.94;0.64;0.55;0.55;0.67;1.02;3.29;1.62;0.61;0.42;0.37;-1.00;0.44;0.67;2.19,tick=218104 goal=0 lap=0 last=0.0 best=0.0
89.82,325,25.4,0.45,-0.76,20,23.79500000000001,BEND,2.40;0.85;0.58;0.49;0.49;0.59;0.88;2.55;2.09;0.74;0.51;0.43;0.44;0.50;0.77;2.22,tick=218131 goal=0 lap=0 last=0.0 best=0.0
90.09,326,13.7,0.47,0.24,38,2.7599999999999945,FWD,5.99;1.45;0.72;0.53;0.48;0.53;0.63;1.10;5.99;1.28;0.64;0.48;0.43;0.45;0.59;0.95,tick=218157 goal=0 lap=0 last=0.0 best=0.0
90.36,327,15.0,0.48,0.06,38,5.91416666666667,FWD,6.00;1.19;0.67;0.52;0.48;0.52;0.67;1.33;5.99;1.07;0.59;0.46;0.42;0.46;0.61;1.17,tick=218184 goal=0 lap=0 last=0.0 best=0.0
90.62,328,19.1,0.48,0.05,38,1.9233333333333287,FWD,5.99;1.11;0.62;0.50;0.48;0.53;0.69;1.37;6.00;1.01;0.59;0.48;0.43;0.48;0.63;1.27,tick=218210 goal=0 lap=0 last=0.0 best=0.0
90.89,329,17.7,0.50,-0.01,38,0.5625000000000022,FWD,6.00;1.02;0.60;0.50;0.45;0.50;0.70;1.43;6.00;1.00;0.60;0.48;0.43;0.48;0.69;1.39,tick=218237 goal=0 lap=0 last=0.0 best=0.0
91.15,330,18.2,0.52,-0.02,38,-6.242500000000014,FWD,6.00;0.98;0.57;0.45;0.44;0.49;0.65;1.41;6.00;1.04;0.61;0.48;0.45;0.52;0.72;1.49,tick=218263 goal=0 lap=0 last=0.0 best=0.0
91.42,331,17.3,0.54,-0.09,38,-10.745000000000006,FWD,5.99;0.94;0.57;0.43;0.41;0.45;0.64;1.31;6.00;1.12;0.65;0.49;0.48;0.55;0.75;1.52,tick=218290 goal=0 lap=0 last=0.0 best=0.0
91.68,332,13.9,0.00,-0.09,38,-12.315833333333332,FWD,6.00;1.01;0.55;0.43;0.40;0.44;0.60;1.11;5.99;1.24;0.70;0.53;0.50;0.55;0.71;1.37,tick=218317 goal=0 lap=0 last=0.0 best=0.0
91.95,333,12.9,0.57,-0.11,38,-85,FWD,6.00;1.23;0.60;0.44;0.41;0.45;0.55;0.95;6.00;1.46;0.75;0.55;-1.00;0.54;0.69;1.16,tick=218343 goal=0 lap=0 last=0.0 best=0.0
92.21,334,356.1,0.00,-0.98,20,38.85166666666666,BEND,1.75;3.74;0.91;0.57;0.45;0.44;0.51;0.72;1.70;3.57;0.92;0.57;0.47;0.46;0.54;0.75,tick=218370 goal=0 lap=0 last=0.0 best=0.0
92.70,335,349.1,0.47,0.00,20,-70,REV,0.51;4.25;2.01;1.03;0.75;0.69;0.73;0.94;1.65;5.98;0.61;0.31;0.22;0.23;0.23;0.30,tick=218418 goal=0 lap=0 last=0.0 best=0.0
92.97,336,347.6,0.28,-0.36,20,-70,REV,0.25;1.10;2.87;1.25;0.89;0.78;0.81;1.00;1.62;5.98;0.43;0.18;0.14;0.12;0.14;0.16,tick=218445 goal=0 lap=0 last=0.0 best=0.0
93.23,337,342.3,-0.07,0.10,20,-70,REV,0.19;0.45;4.58;1.49;0.97;0.82;0.80;0.98;1.46;4.16;0.51;0.17;0.11;0.09;0.09;0.13,tick=218471 goal=0 lap=0 last=0.0 best=0.0
93.72,338,349.6,-0.15,0.02,20,-70,REV,0.38;2.97;2.23;1.11;0.82;0.73;0.81;1.02;1.76;6.00;0.46;0.23;0.16;0.15;0.16;0.20,tick=218520 goal=0 lap=0 last=0.0 best=0.0
93.98,339,351.5,-0.16,0.19,20,-70,REV,0.49;6.00;1.91;1.01;0.77;0.72;0.77;1.01;1.87;6.00;0.50;0.27;0.22;0.17;0.22;0.27,tick=218544 goal=0 lap=0 last=0.0 best=0.0
94.25,340,1.4,-0.15,0.21,20,-70,REV,0.74;6.00;1.43;0.88;0.73;0.71;0.79;1.10;2.47;1.94;0.45;0.27;0.23;0.21;0.26;0.33,tick=218573 goal=0 lap=0 last=0.0 best=0.0
94.73,341,6.3,-0.17,0.00,20,70,REV,2.35;2.33;1.04;0.77;0.67;0.68;0.85;1.41;5.99;0.81;0.36;0.27;0.23;-1.00;0.31;0.52,tick=218622 goal=0 lap=0 last=0.0 best=0.0
95.00,342,0.0,-0.14,-0.22,20,-70,REV,1.78;2.64;1.08;0.75;0.66;0.68;0.83;1.33;4.89;0.98;0.42;0.28;0.24;0.27;0.31;0.49,tick=218648 goal=0 lap=0 last=0.0 best=0.0
95.27,343,1.0,-0.17,0.23,20,-70,REV,1.29;3.60;1.18;0.76;0.65;0.64;0.77;1.16;3.21;1.39;0.46;0.33;0.25;0.27;0.31;0.47,tick=218675 goal=0 lap=0 last=0.0 best=0.0
95.53,344,10.7,-0.16,0.19,20,49.91250000000001,BEND,3.25;2.06;0.97;0.71;0.62;0.67;0.82;1.40;6.00;0.86;0.40;0.29;0.27;0.29;0.36;0.60,tick=218701 goal=0 lap=0 last=0.0 best=0.0
95.80,345,13.7,-0.11,-0.12,20,55.90166666666667,BEND,5.99;1.71;0.90;0.68;0.62;0.67;0.90;1.61;-1.00;0.74;0.42;0.31;0.26;0.29;0.38;0.69,tick=218728 goal=0 lap=0 last=0.0 best=0.0
96.06,346,12.1,-0.03,-0.02,20,53.724999999999994,BEND,4.06;1.94;0.95;0.69;0.62;0.66;0.84;1.44;5.99;0.84;0.42;0.30;0.27;0.30;0.37;0.64,tick=218755 goal=0 lap=0 last=0.0 best=0.0
96.33,347,10.5,0.02,0.03,20,51.49333333333332,BEND,3.81;1.95;0.94;0.71;0.63;0.65;0.85;1.43;6.00;0.86;0.42;0.32;0.29;0.30;0.38;0.63,tick=218781 goal=0 lap=0 last=0.0 best=0.0
96.60,348,12.4,0.09,0.06,20,50.098333333333336,BEND,5.38;1.80;0.91;0.69;0.63;0.68;0.85;1.52;5.99;0.78;0.41;0.30;0.28;0.32;0.38;0.68,tick=218808 goal=0 lap=0 last=0.0 best=0.0
96.86,349,14.1,0.13,0.14,20,44.912499999999994,BEND,5.99;1.59;0.87;0.68;0.60;0.69;0.91;1.71;5.99;0.70;0.39;0.31;0.27;0.31;0.41;0.73,tick=218834 goal=0 lap=0 last=0.0 best=0.0
97.13,350,18.7,0.15,0.11,38,45.19749999999999,FWD,5.99;1.37;0.83;0.66;0.61;0.71;0.96;2.05;3.30;0.60;0.38;0.28;0.27;0.31;0.43;0.92,tick=218861 goal=0 lap=0 last=0.0 best=0.0
97.39,351,23.1,0.21,0.00,38,43.19916666666667,FWD,3.99;1.15;0.74;0.64;0.62;0.71;1.06;2.75;1.73;0.54;0.33;0.29;0.29;0.32;0.50;1.30,tick=218887 goal=0 lap=0 last=0.0 best=0.0
97.66,352,31.9,0.29,0.25,38,23.595,FWD,2.19;0.95;0.67;0.61;0.61;0.75;1.21;5.10;1.17;0.52;0.37;0.32;0.33;0.41;0.64;-1.00,tick=218914 goal=0 lap=0 last=0.0 best=0.0
97.93,353,38.3,0.31,0.20,20,0.538333333333342,BEND,1.40;0.75;0.56;0.52;0.58;0.75;1.39;5.99;0.98;0.53;0.42;0.37;0.40;0.52;0.98;6.00,tick=218941 goal=0 lap=0 last=0.0 best=0.0
98.19,354,47.3,0.38,-0.03,20,-25.300000000000004,BEND,1.06;0.61;0.47;0.45;0.50;0.67;1.35;6.00;1.05;0.62;0.49;0.46;0.51;0.67;1.37;6.00,tick=218967 goal=0 lap=0 last=0.0 best=0.0
98.46,355,38.7,0.36,-0.18,20,-44.72583333333333,BEND,0.94;0.53;0.41;0.37;0.41;0.52;1.04;6.00;1.30;0.73;0.56;0.55;0.58;0.79;1.45;6.00,tick=218994 goal=0 lap=0 last=0.0 best=0.0
98.72,356,33.2,0.35,-0.33,20,-50.457499999999996,BEND,1.08;0.49;0.37;0.29;0.31;0.39;0.63;3.06;2.06;0.94;0.69;0.59;0.61;0.80;1.25;4.99,tick=219018 goal=0 lap=0 last=0.0 best=0.0
98.99,357,20.2,0.33,-0.38,20,-46.53083333333333,BEND,2.45;0.54;0.34;0.28;0.28;0.30;0.43;1.00;5.13;1.31;0.81;0.65;0.64;0.73;1.01;2.30,tick=219047 goal=0 lap=0 last=0.0 best=0.0
99.25,358,13.4,0.34,-0.31,20,-43.94833333333332,BEND,6.00;0.84;0.39;0.29;0.28;0.28;0.35;0.60;4.62;1.96;0.96;0.71;0.64;0.69;0.86;1.44,tick=219074 goal=0 lap=0 last=0.0 best=0.0
99.52,359,359.6,0.32,-0.26,38,-31.414166666666674,FWD,2.61;1.85;0.57;0.36;0.30;0.32;0.33;0.49;1.31;3.58;1.16;0.76;0.62;0.64;0.72;1.03,tick=219100 goal=0 lap=0 last=0.0 best=0.0
99.79,360,352.5,0.37,-0.21,20,-9.896666666666674,BEND,1.52;5.99;0.86;0.49;0.36;0.35;0.39;0.49;0.96;5.99;1.37;0.78;0.58;0.56;0.60;0.79,tick=219127 goal=0 lap=0 last=0.0 best=0.0
100.05,361,343.6,0.38,-0.10,20,23.9775,BEND,1.07;5.42;1.39;0.67;0.48;0.44;0.46;0.56;0.97;5.97;1.48;0.73;0.53;0.47;0.49;0.62,tick=219153 goal=0 lap=0 last=0.0 best=0.0
100.32,362,347.4,0.35,0.19,20,45.02666666666667,BEND,0.87;4.92;1.63;0.80;0.58;0.52;0.56;0.69;1.19;6.00;1.20;0.59;0.42;0.40;0.39;0.50,tick=219180 goal=0 lap=0 last=0.0 best=0.0
100.58,363,356.9,0.35,0.32,20,51.627500000000005,BEND,0.93;5.99;1.38;0.80;0.63;0.60;0.67;0.92;1.87;4.18;0.69;0.41;0.33;0.32;0.36;0.46,tick=219206 goal=0 lap=0 last=0.0 best=0.0
100.85,364,8.7,0.35,0.38,20,51.399166666666666,BEND,1.68;-1.00;1.09;0.75;0.67;0.67;0.79;1.24;4.54;1.08;0.44;0.32;0.27;0.27;0.32;0.52,tick=219233 goal=0 lap=0 last=0.0 best=0.0
101.11,365,18.6,0.35,0.36,20,-79.76833333333333,BEND,6.00;1.59;0.89;0.71;0.66;0.70;0.96;1.93;4.61;0.59;0.34;0.27;0.24;0.28;-1.00;0.74,tick=219260 goal=0 lap=0 last=0.0 best=0.0
101.38,366,21.5,0.35,-0.60,20,65.87750000000001,BEND,5.99;1.34;0.82;0.66;0.62;0.73;0.99;2.24;2.46;0.57;0.35;0.29;0.29;0.32;0.44;0.94,tick=219286 goal=0 lap=0 last=0.0 best=0.0
101.64,367,10.1,0.33,0.42,20,43.858333333333334,BEND,3.33;2.05;1.00;0.70;0.64;0.67;0.84;1.44;6.00;0.83;0.41;0.31;0.28;0.28;0.35;0.59,tick=219313 goal=0 lap=0 last=0.0 best=0.0
101.91,368,21.7,0.33,0.32,38,39.90916666666668,FWD,5.24;1.26;0.79;0.65;0.63;0.73;1.04;2.54;1.98;0.54;0.34;0.27;0.26;0.29;0.45;1.07,tick=219339 goal=0 lap=0 last=0.0 best=0.0
102.18,369,33.3,0.36,0.32,38,21.684999999999995,FWD,2.12;0.92;0.68;0.60;0.64;0.76;1.25;6.00;1.10;0.50;0.36;0.32;0.34;0.40;0.67;2.87,tick=219366 goal=0 lap=0 last=0.0 best=0.0
102.44,370,36.6,0.41,0.19,20,-4.517500000000001,BEND,1.26;0.70;0.57;0.53;0.56;0.75;1.48;6.00;0.94;0.52;0.42;0.38;0.41;0.57;1.07;6.00,tick=219392 goal=0 lap=0 last=0.0 best=0.0
102.71,371,44.5,0.40,-0.02,20,-38.83583333333334,BEND,0.94;0.56;0.44;0.41;0.47;0.64;1.38;5.13;1.07;0.62;0.53;0.49;0.54;0.74;1.54;6.00,tick=219419 goal=0 lap=0 last=0.0 best=0.0
102.97,372,37.5,0.41,-0.29,20,-53.53833333333333,BEND,0.84;0.47;0.35;0.32;0.35;0.46;0.86;6.00;1.51;0.82;0.64;0.59;0.63;0.81;1.50;5.98,tick=219445 goal=0 lap=0 last=0.0 best=0.0
103.24,373,28.9,0.38,-0.41,20,-51.77250000000001,BEND,1.34;0.49;0.33;0.27;0.29;0.32;0.48;1.43;3.00;1.14;0.78;0.66;0.64;0.78;1.15;3.33,tick=219472 goal=0 lap=0 last=0.0 best=0.0
103.50,374,14.0,0.36,-0.40,20,-49.069166666666675,BEND,6.00;0.68;0.36;0.26;0.26;0.26;0.33;0.63;6.00;1.78;0.94;0.73;0.65;0.72;0.94;1.62,tick=219499 goal=0 lap=0 last=0.0 best=0.0
103.77,375,1.7,0.35,-0.37,38,-36.16083333333334,FWD,2.93;-1.00;0.50;0.32;0.26;0.26;0.32;0.47;1.28;3.39;1.17;0.77;0.64;0.65;0.75;1.11,tick=219525 goal=0 lap=0 last=0.0 best=0.0
104.03,376,352.6,0.39,-0.29,20,-12.810000000000008,BEND,1.51;6.00;0.87;0.47;0.35;0.33;0.35;0.48;0.87;6.00;-1.00;0.81;0.62;0.58;0.64;0.82,tick=219552 goal=0 lap=0 last=0.0 best=0.0
104.30,377,344.5,0.38,-0.08,20,24.045833333333334,BEND,0.99;4.15;1.53;0.68;0.49;0.43;0.42;0.54;0.88;4.26;1.70;0.75;0.56;0.49;0.51;0.59,tick=219578 goal=0 lap=0 last=0.0 best=0.0
104.57,378,346.4,0.37,0.20,20,53.015833333333326,BEND,0.78;3.08;1.97;0.82;0.60;0.53;0.54;0.67;1.05;4.89;1.43;0.61;0.44;0.40;0.40;0.49,tick=219605 goal=0 lap=0 last=0.0 best=0.0
105.05,379,5.3,0.31,-0.03,20,-70,REV,1.07;4.17;1.25;-1.00;0.66;0.67;0.77;1.13;3.03;-1.00;0.47;0.28;0.26;0.25;0.29;0.42,tick=219653 goal=0 lap=0 last=0.0 best=0.0
105.32,380,0.1,0.14,-0.16,20,-70,REV,0.81;5.91;1.40;0.88;0.71;0.70;0.81;1.12;2.64;1.73;0.45;0.27;0.23;0.23;0.25;0.36,tick=219680 goal=0 lap=0 last=0.0 best=0.0
105.58,381,358.8,-0.02,-0.01,20,-70,REV,0.66;6.00;1.55;0.92;0.73;0.70;0.79;1.06;2.25;2.65;0.46;0.29;0.22;0.20;0.22;0.31,tick=219707 goal=0 lap=0 last=0.0 best=0.0
106.07,382,5.4,-0.15,-0.01,20,-70,REV,1.22;3.46;1.20;0.80;0.69;0.71;0.82;1.24;3.71;1.14;0.41;0.28;0.25;0.25;0.29;0.43,tick=219755 goal=0 lap=0 last=0.0 best=0.0
106.33,383,8.4,-0.16,0.20,20,-70,REV,1.58;2.87;1.12;0.77;0.67;0.69;0.82;1.29;4.67;1.03;0.42;0.28;0.24;0.26;0.31;0.46,tick=219782 goal=0 lap=0 last=0.0 best=0.0
106.60,384,17.0,-0.14,0.20,20,-70,REV,5.12;1.94;0.96;0.72;0.67;0.69;0.89;1.55;5.98;0.74;0.38;0.27;0.25;0.29;0.34;0.61,tick=219808 goal=0 lap=0 last=0.0 best=0.0
106.87,385,26.1,-0.16,0.21,20,49.99916666666665,BEND,-1.00;1.48;0.86;0.68;0.66;0.72;0.99;2.09;3.22;0.58;0.35;0.28;0.24;0.27;0.36;0.79,tick=219835 goal=0 lap=0 last=0.0 best=0.0
107.13,386,22.9,-0.11,-0.10,38,60.78750000000001,FWD,5.44;1.32;0.85;0.70;0.66;0.77;1.07;2.58;1.85;0.49;0.30;0.24;0.25;0.29;0.39;0.93,tick=219861 goal=0 lap=0 last=0.0 best=0.0
107.40,387,23.2,-0.01,0.01,20,57.90416666666666,BEND,6.00;1.44;0.84;0.70;0.66;0.74;1.04;2.27;2.50;-1.00;0.31;0.24;0.24;0.28;0.38;0.79,tick=219888 goal=0 lap=0 last=0.0 best=0.0
107.66,388,23.7,0.05,0.09,20,56.04083333333334,BEND,6.00;1.41;0.84;0.70;0.65;0.77;1.08;2.42;2.11;0.48;0.31;0.25;0.23;0.27;0.38;0.87,tick=219915 goal=0 lap=0 last=0.0 best=0.0
107.93,389,25.1,0.12,0.12,38,50.374166666666675,FWD,4.28;1.24;0.81;0.67;0.67;0.76;1.13;2.97;1.51;0.48;0.29;0.27;0.25;0.30;0.41;1.06,tick=219941 goal=0 lap=0 last=0.0 best=0.0
108.19,390,30.3,0.16,0.16,38,85,FWD,2.78;1.10;0.75;0.66;-1.00;0.81;1.23;4.56;1.10;0.45;0.30;0.25;0.27;0.34;0.52;1.67,tick=219968 goal=0 lap=0 last=0.0 best=0.0
108.46,391,42.5,0.25,0.43,20,18.49666666666667,BEND,1.65;0.86;0.66;0.60;0.63;0.85;1.58;6.00;0.79;0.43;0.33;0.29;0.33;0.42;0.77;5.99,tick=219994 goal=0 lap=0 last=0.0 best=0.0
108.73,392,50.7,0.28,0.11,20,-9.060000000000013,BEND,1.06;0.67;0.55;0.56;0.64;0.95;2.48;2.13;0.68;-1.00;0.37;0.37;0.44;0.65;1.60;3.39,tick=220021 goal=0 lap=0 last=0.0 best=0.0
108.99,393,50.7,0.29,-0.04,20,-44.03416666666667,BEND,0.84;0.56;0.45;0.47;0.54;0.83;2.31;2.31;0.81;0.54;0.45;0.46;0.53;0.80;2.19;2.48,tick=220047 goal=0 lap=0 last=0.0 best=0.0
109.26,394,47.2,0.30,-0.27,20,-54.03666666666665,BEND,0.79;0.49;0.38;0.39;0.43;0.61;1.41;4.00;1.09;0.69;0.56;0.55;0.61;0.84;1.96;3.22,tick=220074 goal=0 lap=0 last=0.0 best=0.0
109.74,395,33.2,0.26,0.00,20,70,REV,1.14;0.46;0.33;0.27;0.27;0.34;0.52;1.89;2.57;1.05;0.74;0.65;0.66;0.78;1.25;4.25,tick=220123 goal=0 lap=0 last=0.0 best=0.0
110.01,396,28.9,0.08,0.08,20,70,REV,0.94;0.41;0.29;0.25;0.25;0.32;0.51;2.15;2.41;1.05;0.74;0.65;0.67;0.85;1.34;5.38,tick=220149 goal=0 lap=0 last=0.0 best=0.0
110.27,397,29.7,-0.06,-0.06,20,70,REV,0.85;0.39;0.29;0.24;0.25;0.34;0.53;2.48;2.27;1.05;0.75;0.68;0.69;-1.00;1.39;6.00,tick=220176 goal=0 lap=0 last=0.0 best=0.0
110.54,398,29.0,-0.14,-0.17,20,-62.52833333333336,BEND,1.20;0.45;0.32;0.25;0.28;0.33;0.51;1.54;2.93;1.11;0.78;0.66;0.66;0.78;1.21;3.71,tick=220202 goal=0 lap=0 last=0.0 best=0.0
110.81,399,27.3,-0.11,0.11,20,-62.54166666666665,BEND,1.88;0.54;0.35;0.27;0.27;0.33;0.47;1.12;4.04;1.21;0.79;0.65;0.64;0.74;1.06;2.60,tick=220229 goal=0 lap=0 last=0.0 best=0.0
111.07,400,24.7,-0.05,0.04,20,-60.98166666666667,BEND,1.44;0.52;0.35;0.28;0.30;0.34;0.50;1.47;3.05;1.13;0.75;0.64;0.63;0.76;1.13;3.23,tick=220255 goal=0 lap=0 last=0.0 best=0.0
111.34,401,27.2,0.02,-0.02,20,-59.825833333333335,BEND,1.39;0.49;0.34;0.27;0.31;0.34;0.52;1.54;2.96;1.10;0.77;0.63;0.63;0.76;1.14;3.35,tick=220282 goal=0 lap=0 last=0.0 best=0.0
111.60,402,26.0,0.08,-0.08,20,-57.54833333333331,BEND,1.63;0.52;0.35;0.28;0.28;0.34;0.48;1.29;3.44;1.16;0.78;0.64;0.66;0.74;1.11;2.89,tick=220309 goal=0 lap=0 last=0.0 best=0.0
111.87,403,25.9,0.12,-0.10,20,-55.90999999999999,BEND,2.39;0.56;0.34;0.28;0.26;0.31;0.44;0.99;4.93;1.31;0.81;0.65;0.63;0.74;1.02;2.33,tick=220335 goal=0 lap=0 last=0.0 best=0.0
112.14,404,19.0,0.15,-0.17,20,-50.98666666666667,BEND,6.00;0.61;0.36;0.28;0.28;0.32;0.40;0.79;6.00;1.52;0.87;0.69;0.63;0.72;0.96;1.87,tick=220359 goal=0 lap=0 last=0.0 best=0.0
112.40,405,12.2,0.18,-0.20,20,-46.31416666666667,BEND,6.00;0.81;0.39;0.29;0.26;0.27;0.34;0.61;5.22;1.98;0.96;0.70;0.64;0.67;0.84;1.45,tick=220388 goal=0 lap=0 last=0.0 best=0.0
112.67,406,7.4,0.22,-0.20,38,-38.857499999999995,FWD,3.84;1.24;0.50;0.34;0.27;0.29;0.34;0.52;1.74;2.71;1.09;0.72;0.64;0.65;0.79;1.19,tick=220415 goal=0 lap=0 last=0.0 best=0.0
112.93,407,3.0,0.26,-0.20,38,-30.612500000000004,FWD,2.31;2.47;0.62;0.38;0.31;0.31;0.35;0.50;1.15;4.44;1.20;0.78;0.63;0.62;0.71;0.98,tick=220441 goal=0 lap=0 last=0.0 best=0.0
113.20,408,356.6,0.30,-0.22,20,-85,BEND,1.55;6.00;0.89;0.49;0.37;0.35;0.39;0.50;0.97;6.00;1.37;0.77;0.60;-1.00;0.60;0.80,tick=220468 goal=0 lap=0 last=0.0 best=0.0
113.46,409,345.1,0.35,-0.58,20,48.01833333333334,BEND,0.93;3.06;1.85;0.72;0.53;0.43;0.44;0.52;0.81;2.79;2.03;0.83;0.56;0.48;0.49;0.59,tick=220495 goal=0 lap=0 last=0.0 best=0.0
113.95,410,342.1,0.28,-0.00,20,-70,REV,0.48;1.26;3.81;-1.00;0.75;0.66;0.65;0.73;1.07;2.88;1.64;0.53;0.34;0.28;0.29;0.33,tick=220543 goal=0 lap=0 last=0.0 best=0.0
114.21,411,339.9,0.10,-0.15,20,-70,REV,0.35;0.84;5.36;1.38;0.88;0.71;0.70;0.82;1.14;2.74;1.58;0.40;0.27;0.22;0.22;0.26,tick=220570 goal=0 lap=0 last=0.0 best=0.0
114.48,412,335.6,-0.06,0.08,20,-70,REV,0.32;0.69;6.00;1.51;0.92;0.73;-1.00;0.81;1.11;2.48;1.96;0.43;-1.00;0.21;0.21;0.23,tick=220596 goal=0 lap=0 last=0.0 best=0.0
114.97,413,343.9,-0.16,-0.01,20,-70,REV,0.52;1.72;2.78;1.09;0.76;0.64;0.67;0.81;1.24;4.40;1.12;0.46;0.30;0.28;0.24;0.32,tick=220645 goal=0 lap=0 last=0.0 best=0.0
115.23,414,346.1,-0.15,0.20,20,-70,REV,0.63;2.65;2.22;0.98;0.70;0.60;0.63;0.76;1.23;5.93;1.10;0.48;0.34;0.31;0.33;0.40,tick=220671 goal=0 lap=0 last=0.0 best=0.0
115.50,415,354.9,-0.15,0.20,20,-70,REV,0.85;5.99;1.51;0.80;0.61;0.56;0.62;0.82;1.50;6.00;0.88;0.47;0.36;0.33;0.37;0.48,tick=220698 goal=0 lap=0 last=0.0 best=0.0
115.76,416,358.9,-0.14,0.22,20,32.64083333333333,BEND,1.30;5.14;1.12;0.68;0.57;0.55;0.62;0.88;1.96;3.19;0.74;0.48;0.39;0.36;0.41;0.58,tick=220725 goal=0 lap=0 last=0.0 best=0.0
116.03,417,2.0,-0.12,-0.05,20,85,BEND,1.75;3.10;-1.00;0.63;0.54;0.53;0.62;0.92;2.46;2.16;0.71;0.48;0.38;0.39;0.45;0.68,tick=220751 goal=0 lap=0 last=0.0 best=0.0
116.29,418,1.4,-0.04,-0.06,20,32.465,BEND,1.57;3.75;1.01;0.65;0.54;0.53;0.61;0.86;2.09;2.71;0.79;0.48;0.41;0.39;0.47;0.65,tick=220778 goal=0 lap=0 last=0.0 best=0.0
116.56,419,359.0,0.04,0.01,20,30.041666666666668,BEND,1.50;4.17;1.03;0.66;0.54;0.52;0.59;0.84;1.99;3.00;0.78;0.52;0.41;0.39;0.45;0.64,tick=220804 goal=0 lap=0 last=0.0 best=0.0
116.83,420,4.4,0.09,0.04,20,28.164166666666677,BEND,1.57;3.75;1.02;0.65;0.53;0.54;0.60;0.88;2.13;2.66;0.76;0.49;0.41;0.40;0.46;0.66,tick=220831 goal=0 lap=0 last=0.0 best=0.0
117.09,421,5.6,0.12,0.08,20,32.266666666666666,BEND,1.70;3.17;1.00;0.67;0.56;0.53;0.64;0.92;2.48;2.15;0.69;0.46;0.40;0.37;0.44;0.65,tick=220857 goal=0 lap=0 last=0.0 best=0.0
117.36,422,2.7,0.14,0.12,20,31.86166666666666,BEND,2.02;2.61;0.95;0.66;0.55;0.57;0.66;1.00;3.14;1.68;0.64;0.44;0.36;0.36;0.44;0.70,tick=220884 goal=0 lap=0 last=0.0 best=0.0
117.62,423,8.9,0.16,0.13,20,32.26416666666666,BEND,2.87;2.11;0.93;0.65;0.56;0.59;0.71;1.13;5.02;1.30;0.55;0.40;0.36;0.37;0.45;0.73,tick=220911 goal=0 lap=0 last=0.0 best=0.0
117.89,424,12.7,0.20,0.11,20,33.27083333333333,BEND,5.57;1.73;0.87;0.64;0.58;0.60;0.74;1.32;6.00;1.01;0.51;0.36;0.34;0.36;0.46;0.78,tick=220937 goal=0 lap=0 last=0.0 best=0.0
118.16,425,17.3,0.23,0.19,38,28.51166666666667,FWD,6.00;1.42;0.81;0.62;0.56;0.64;0.82;1.56;6.00;0.86;0.48;0.36;0.36;0.36;0.48;0.94,tick=220964 goal=0 lap=0 last=0.0 best=0.0
118.42,426,24.5,0.28,0.16,38,22.859166666666667,FWD,6.00;1.21;0.73;0.59;0.56;0.64;0.91;1.95;3.36;0.74;0.46;0.36;0.34;0.41;0.55;1.20,tick=220990 goal=0 lap=0 last=0.0 best=0.0
118.69,427,22.1,0.33,0.17,38,14.10416666666667,FWD,3.08;1.02;0.68;0.55;0.55;0.64;0.95;2.58;2.03;0.69;0.45;0.38;0.36;0.43;0.65;1.75,tick=221017 goal=0 lap=0 last=0.0 best=0.0
118.95,428,33.7,0.38,0.10,20,-0.6183333333333456,BEND,2.03;0.85;0.58;0.49;0.51;0.63;0.99;3.67;1.64;0.69;0.47;0.40;0.41;0.52;0.80;2.92,tick=221043 goal=0 lap=0 last=0.0 best=0.0
119.22,429,30.6,0.40,0.03,20,-15.623333333333338,BEND,1.60;0.73;0.52;0.44;0.47;0.60;0.95;4.40;1.62;0.72;0.51;0.47;0.49;0.59;0.98;4.20,tick=221070 goal=0 lap=0 last=0.0 best=0.0
119.48,430,33.2,0.37,-0.13,20,-28.505,BEND,1.54;0.63;0.46;0.39;0.40;0.47;0.77;2.92;2.03;0.87;0.60;0.53;0.54;0.66;1.03;3.82,tick=221097 goal=0 lap=0 last=0.0 best=0.0
119.75,431,27.3,0.38,-0.21,20,-33.010000000000005,BEND,2.00;0.64;0.43;0.37;0.37;0.40;0.60;1.59;3.18;1.06;0.69;0.58;0.59;0.67;0.99;2.62,tick=221123 goal=0 lap=0 last=0.0 best=0.0
120.02,432,17.5,0.35,-0.24,20,85,BEND,5.99;0.74;0.45;-1.00;0.33;0.35;0.47;0.98;6.00;1.35;0.79;0.61;0.58;0.65;0.89;-1.00,tick=221150 goal=0 lap=0 last=0.0 best=0.0
120.28,433,19.4,0.35,0.61,20,-61.120000000000005,BEND,5.79;0.73;0.42;0.34;0.34;0.35;0.48;0.99;6.00;1.35;0.79;0.63;0.59;0.67;0.89;1.83,tick=221176 goal=0 lap=0 last=0.0 best=0.0
120.55,434,25.4,0.35,-0.44,20,-85,BEND,1.15;0.47;0.30;0.29;0.28;0.37;0.56;1.95;2.55;1.04;0.73;-1.00;0.64;0.80;1.23;4.27,tick=221203 goal=0 lap=0 last=0.0 best=0.0
120.81,435,17.7,0.34,-0.57,20,-39.767500000000005,BEND,6.00;0.73;0.36;0.29;0.24;0.26;0.37;0.64;6.00;1.80;0.94;0.73;0.65;0.70;0.88;1.63,tick=221229 goal=0 lap=0 last=0.0 best=0.0
121.08,436,2.0,0.36,-0.30,38,-28.980000000000008,FWD,2.32;2.44;0.61;0.37;0.30;0.32;-1.00;0.47;1.11;4.88;1.26;0.78;0.63;0.64;0.71;1.01,tick=221256 goal=0 lap=0 last=0.0 best=0.0
121.34,437,356.5,0.35,-0.21,20,-6.591666666666668,BEND,1.42;6.00;0.95;0.51;0.39;0.36;0.39;0.51;0.91;5.98;1.50;0.79;0.61;0.56;0.61;0.80,tick=221283 goal=0 lap=0 last=0.0 best=0.0
121.61,438,347.8,0.39,-0.09,20,26.189999999999984,BEND,1.02;4.79;1.49;0.70;0.50;0.44;0.45;0.58;0.94;4.93;1.59;0.76;0.56;0.47;0.51;0.61,tick=221309 goal=0 lap=0 last=0.0 best=0.0
121.87,439,348.2,0.38,0.19,20,51.82000000000001,BEND,0.82;4.67;1.74;0.82;0.62;0.53;0.56;0.70;1.19;5.97;1.21;0.56;0.43;0.38;0.39;0.50,tick=221336 goal=0 lap=0 last=0.0 best=0.0
122.14,440,358.3,0.37,0.39,20,54.610833333333346,BEND,0.93;6.00;1.40;0.81;0.65;0.62;0.69;0.94;1.89;4.59;-1.00;0.40;0.33;0.28;0.32;0.47,tick=221362 goal=0 lap=0 last=0.0 best=0.0
122.41,441,8.8,0.35,0.40,20,85,BEND,2.07;2.48;-1.00;0.77;0.67;0.67;0.83;1.33;5.47;0.97;0.40;0.29;0.27;0.27;0.33;0.52,tick=221389 goal=0 lap=0 last=0.0 best=0.0
122.67,442,23.8,0.35,0.60,20,34.771666666666675,BEND,5.42;1.32;0.83;0.69;0.64;0.76;1.09;2.57;1.93;0.52;0.33;0.26;0.27;0.31;0.42;1.00,tick=221415 goal=0 lap=0 last=0.0 best=0.0
122.94,443,36.9,0.36,0.23,20,22.98250000000001,BEND,1.64;0.87;0.67;0.61;0.66;0.83;1.55;6.00;0.83;0.43;0.34;0.30;0.33;0.45;0.79;6.00,tick=221439 goal=0 lap=0 last=0.0 best=0.0
123.20,444,48.5,0.34,0.13,20,-9.289166666666677,BEND,1.11;0.66;0.54;0.53;0.62;0.81;1.83;3.76;0.82;0.50;0.41;0.39;0.45;0.61;1.33;6.00,tick=221469 goal=0 lap=0 last=0.0 best=0.0
123.47,445,48.9,0.34,-0.12,20,-41.51833333333334,BEND,0.87;0.54;0.46;0.43;0.51;0.73;1.75;3.35;0.94;0.59;0.49;0.49;0.56;0.79;1.89;3.32,tick=221495 goal=0 lap=0 last=0.0 best=0.0
123.73,446,41.3,0.32,-0.26,20,-57.358333333333334,BEND,0.80;0.48;0.37;0.35;0.41;0.52;1.08;6.00;1.28;0.75;0.61;0.58;0.63;0.86;1.74;6.00,tick=221522 goal=0 lap=0 last=0.0 best=0.0
124.22,447,25.4,0.29,0.01,20,70,REV,1.77;0.52;0.33;0.26;0.26;0.30;0.44;1.07;4.29;1.26;0.82;0.66;0.67;0.76;1.09;2.69,tick=221570 goal=0 lap=0 last=0.0 best=0.0
124.49,448,26.8,0.10,0.11,20,70,REV,1.34;0.44;0.29;0.26;0.22;0.27;0.43;1.15;3.62;1.25;0.81;0.69;0.69;0.81;1.20;3.15,tick=221597 goal=0 lap=0 last=0.0 best=0.0
124.75,449,26.3,-0.04,-0.04,20,70,REV,1.11;0.42;0.27;0.25;0.23;0.28;0.42;1.32;3.17;1.20;0.81;0.70;0.70;0.83;1.25;3.66,tick=221623 goal=0 lap=0 last=0.0 best=0.0
125.02,450,24.2,-0.16,-0.19,20,-63.80166666666668,BEND,1.69;0.49;0.29;0.24;0.26;0.28;0.42;1.00;4.43;1.30;0.83;0.67;0.68;0.78;1.13;2.72,tick=221650 goal=0 lap=0 last=0.0 best=0.0
125.28,451,0.0,-0.12,0.14,20,-66.40500000000002,BEND,2.93;0.54;0.32;0.28;0.26;0.29;0.39;0.85;5.98;1.41;0.85;0.69;0.67;0.74;1.04;2.24,tick=221676 goal=0 lap=0 last=0.0 best=0.0
125.55,452,24.2,-0.04,0.03,20,-66.08250000000001,BEND,1.84;0.49;0.34;0.25;0.24;0.29;0.45;1.03;4.47;1.28;0.83;0.68;0.65;0.76;1.09;2.61,tick=221703 goal=0 lap=0 last=0.0 best=0.0
125.81,453,25.7,0.03,-0.05,20,-64.95,BEND,1.76;0.49;0.33;0.26;0.26;0.30;0.43;1.09;4.34;1.28;0.81;0.66;0.67;0.80;1.09;2.65,tick=221730 goal=0 lap=0 last=0.0 best=0.0
126.08,454,22.8,0.05,-0.12,20,-85,BEND,2.29;0.51;0.33;0.28;0.26;0.31;0.41;0.93;5.53;1.36;0.85;-1.00;0.68;0.77;1.05;2.40,tick=221756 goal=0 lap=0 last=0.0 best=0.0
126.34,455,21.8,0.12,-0.22,20,85,BEND,6.00;0.61;0.34;-1.00;0.28;0.28;0.36;0.70;6.00;1.60;0.90;0.73;0.68;0.75;0.98;1.91,tick=221783 goal=0 lap=0 last=0.0 best=0.0
126.61,456,15.5,0.16,0.28,20,-68.71333333333332,BEND,6.00;0.69;0.37;0.27;0.27;0.27;0.33;0.61;5.98;1.81;0.95;0.72;0.69;0.72;0.93;1.67,tick=221809 goal=0 lap=0 last=0.0 best=0.0
126.88,457,20.4,0.19,-0.22,20,-59.16166666666667,BEND,5.04;0.55;0.33;0.25;0.25;0.27;0.38;0.76;6.00;1.51;0.88;0.72;0.68;0.74;1.03;2.05,tick=221836 goal=0 lap=0 last=0.0 best=0.0
127.14,458,12.1,0.21,-0.25,20,-51.35916666666667,BEND,5.99;0.81;0.40;0.27;0.25;0.26;0.33;0.55;3.45;2.12;1.01;0.75;0.69;0.70;0.89;1.48,tick=221862 goal=0 lap=0 last=0.0 best=0.0
127.41,459,6.4,0.21,-0.22,38,-42.79250000000001,FWD,3.15;1.40;0.48;0.32;0.27;0.28;0.32;0.46;1.32;3.36;1.17;0.78;0.66;0.66;0.78;1.19,tick=221889 goal=0 lap=0 last=0.0 best=0.0
127.67,460,1.0,0.00,-0.20,38,-30.021666666666675,FWD,1.91;5.75;0.67;0.40;0.30;0.30;0.33;0.45;0.94;6.00;1.40;0.81;0.65;0.61;0.70;0.94,tick=221916 goal=0 lap=0 last=0.0 best=0.0
127.94,461,354.1,0.34,-0.16,20,-9.418333333333337,BEND,1.32;6.00;1.02;0.51;0.39;0.35;0.39;0.48;0.83;6.00;1.61;0.84;0.62;0.57;0.61;0.78,tick=221942 goal=0 lap=0 last=0.0 best=0.0
128.20,462,348.4,0.35,-0.09,20,33.04083333333334,BEND,0.95;3.33;1.76;0.74;0.52;0.45;0.46;0.59;0.89;3.48;1.83;0.80;0.55;0.47;0.53;0.59,tick=221969 goal=0 lap=0 last=0.0 best=0.0
128.47,463,346.7,0.36,0.20,20,58.95833333333334,BEND,0.79;3.17;1.96;0.87;0.62;0.56;0.56;0.69;1.12;5.09;1.36;0.61;0.43;0.38;0.38;0.48,tick=221995 goal=0 lap=0 last=0.0 best=0.0
128.96,464,6.9,0.29,0.05,20,-70,REV,1.26;3.77;1.21;0.79;0.67;0.66;0.78;1.16;3.28;1.39;0.49;0.31;0.26;0.27;0.32;0.46,tick=222044 goal=0 lap=0 last=0.0 best=0.0
129.22,465,2.8,0.11,-0.15,20,-70,REV,0.96;5.21;1.34;0.84;0.70;0.68;0.79;1.15;2.83;1.62;0.46;0.29;0.24;0.24;0.28;0.38,tick=222070 goal=0 lap=0 last=0.0 best=0.0
129.49,466,3.7,-0.02,0.03,20,-70,REV,0.83;5.99;1.43;0.87;0.70;0.68;0.78;1.10;2.50;1.99;0.48;0.30;0.24;0.23;0.26;0.37,tick=222097 goal=0 lap=0 last=0.0 best=0.0
129.97,467,8.8,-0.15,0.00,20,-70,REV,1.76;2.72;1.09;0.78;0.67;0.68;0.84;1.30;4.99;0.98;0.43;0.29;0.26;0.27;0.33;0.51,tick=222146 goal=0 lap=0 last=0.0 best=0.0
130.24,468,13.8,-0.14,0.26,20,-70,REV,2.52;2.29;1.03;0.74;0.65;0.68;0.85;1.38;6.00;0.90;0.42;0.30;0.27;0.26;0.34;0.57,tick=222172 goal=0 lap=0 last=0.0 best=0.0
130.51,469,18.3,-0.14,0.22,20,-70,REV,6.00;1.67;0.90;0.69;0.65;0.69;0.93;1.73;6.00;0.68;0.37;0.30;0.27;0.29;0.38;0.72,tick=222199 goal=0 lap=0 last=0.0 best=0.0
130.77,470,26.4,-0.14,0.20,38,46.11416666666666,FWD,5.98;-1.00;0.83;0.67;0.65;0.76;1.05;2.50;2.03;0.53;0.33;0.27;0.27;0.30;0.43;0.99,tick=222225 goal=0 lap=0 last=0.0 best=0.0
131.04,471,27.3,-0.09,-0.09,38,56.48583333333333,FWD,3.72;1.22;0.81;0.68;0.68;0.80;1.20;3.36;1.30;0.47;0.31;0.25;0.24;0.33;0.44;1.24,tick=222252 goal=0 lap=0 last=0.0 best=0.0
131.30,472,31.2,0.04,0.03,38,55.00416666666666,FWD,4.14;1.26;0.81;0.68;0.69;0.79;1.15;3.15;1.40;0.45;0.30;0.26;0.25;0.28;0.44;1.15,tick=222278 goal=0 lap=0 last=0.0 best=0.0
131.57,473,30.9,0.12,0.16,38,47.972500000000004,FWD,3.17;1.15;0.78;0.68;0.70;0.79;1.24;3.93;1.16;0.45;0.29;0.25;0.26;0.32;0.47;1.45,tick=222305 goal=0 lap=0 last=0.0 best=0.0
131.83,474,36.7,0.22,0.16,38,38.739999999999995,FWD,2.11;0.98;0.72;0.65;0.68;0.85;1.41;6.00;0.90;0.43;0.34;0.28;0.30;0.36;0.62;3.16,tick=222332 goal=0 lap=0 last=0.0 best=0.0
132.10,475,41.1,0.29,0.24,20,16.28666666666667,BEND,1.44;0.81;0.62;0.60;0.65;0.85;1.66;5.98;0.79;0.45;0.34;0.32;0.35;0.48;0.90;6.00,tick=222358 goal=0 lap=0 last=0.0 best=0.0
132.36,476,0.0,0.31,0.08,20,-16.054166666666674,BEND,1.02;0.64;0.52;0.51;0.60;0.84;2.01;2.95;0.80;0.51;0.42;0.41;0.46;0.64;1.56;4.35,tick=222385 goal=0 lap=0 last=0.0 best=0.0
132.63,477,46.9,0.32,-0.08,20,-43.93833333333335,BEND,0.83;0.55;0.42;0.45;0.50;0.73;1.76;3.25;0.95;0.61;0.51;0.48;0.54;0.81;1.93;3.19,tick=222411 goal=0 lap=0 last=0.0 best=0.0
133.12,478,35.8,0.26,0.02,20,70,REV,0.86;0.43;0.33;0.30;0.32;0.40;0.69;6.00;1.79;0.93;0.70;0.61;0.68;0.83;1.46;6.00,tick=222460 goal=0 lap=0 last=0.0 best=0.0
133.38,479,42.3,0.08,0.14,20,70,REV,0.69;0.37;0.29;0.25;0.27;0.37;0.67;6.00;1.72;0.93;0.70;0.66;0.70;0.92;1.68;6.00,tick=222486 goal=0 lap=0 last=0.0 best=0.0
133.65,480,44.2,0.00,-0.06,20,70,REV,0.64;0.37;0.28;0.25;0.28;0.36;0.71;6.00;1.67;0.92;0.72;0.65;0.71;0.94;1.77;6.00,tick=222513 goal=0 lap=0 last=0.0 best=0.0
134.13,481,34.6,-0.15,0.00,20,70,REV,1.16;0.51;0.35;0.30;0.32;0.36;0.58;2.22;2.41;1.02;0.71;0.62;0.65;0.78;1.23;4.14,tick=222561 goal=0 lap=0 last=0.0 best=0.0
134.40,482,28.9,-0.15,-0.22,20,70,REV,1.46;0.54;0.36;0.33;0.32;0.38;0.57;1.84;2.71;1.06;0.73;0.60;0.62;0.73;1.12;3.32,tick=222588 goal=0 lap=0 last=0.0 best=0.0
134.66,483,25.1,-0.13,-0.19,20,70,REV,3.43;0.69;0.42;0.33;0.32;0.35;0.52;1.14;5.18;1.24;0.74;0.61;0.58;0.68;0.93;2.06,tick=222615 goal=0 lap=0 last=0.0 best=0.0
134.93,484,15.4,-0.15,-0.20,20,-33.09666666666667,BEND,-1.00;0.88;0.45;0.34;0.34;0.34;0.47;0.87;6.00;1.52;0.85;0.63;0.58;0.65;0.83;1.49,tick=222641 goal=0 lap=0 last=0.0 best=0.0
135.19,485,11.5,-0.11,0.10,38,-41.24333333333334,FWD,6.00;1.03;0.51;0.36;0.31;0.34;0.43;0.71;4.96;1.86;0.92;0.69;0.61;0.63;0.79;1.32,tick=222668 goal=0 lap=0 last=0.0 best=0.0
135.46,486,13.5,-0.04,0.01,38,-37.86416666666666,FWD,6.00;0.97;0.50;0.36;0.33;0.33;0.45;0.76;6.00;1.73;0.89;0.66;0.60;0.63;0.81;1.40,tick=222694 goal=0 lap=0 last=0.0 best=0.0
135.73,487,15.3,0.09,-0.09,38,-35.534166666666664,FWD,5.99;1.01;0.48;0.36;0.31;0.33;0.42;0.73;5.99;1.79;0.90;0.66;0.58;0.62;0.80;1.36,tick=222721 goal=0 lap=0 last=0.0 best=0.0
135.99,488,11.5,0.17,-0.12,38,-29.460833333333333,FWD,4.59;1.21;0.53;0.37;0.34;0.35;0.41;0.67;3.06;2.10;0.93;0.68;0.59;0.60;0.74;1.22,tick=222748 goal=0 lap=0 last=0.0 best=0.0
136.26,489,5.4,0.24,-0.13,38,-20.834999999999994,FWD,2.91;1.73;0.60;0.42;0.36;0.38;0.42;0.64;1.90;2.74;0.99;0.68;0.57;0.58;0.68;1.02,tick=222774 goal=0 lap=0 last=0.0 best=0.0
136.52,490,2.8,0.31,-0.15,20,-7.501666666666656,BEND,1.95;3.38;0.78;0.48;0.41;0.39;0.45;0.63;1.46;4.09;1.09;0.67;0.56;0.55;0.61;0.88,tick=222801 goal=0 lap=0 last=0.0 best=0.0
136.79,491,354.4,0.34,0.00,20,7.514166666666669,BEND,1.48;5.98;0.99;0.58;0.44;0.43;0.48;0.67;1.39;6.00;1.08;0.64;0.50;0.48;0.55;0.74,tick=222827 goal=0 lap=0 last=0.0 best=0.0
137.06,492,356.7,0.33,0.03,20,27.094166666666663,BEND,1.26;6.00;1.13;0.67;0.53;0.51;0.54;0.75;1.52;6.00;0.96;0.56;0.44;0.43;0.47;0.63,tick=222854 goal=0 lap=0 last=0.0 best=0.0
137.32,493,1.5,0.35,0.21,20,35.50166666666665,BEND,1.29;5.55;1.14;0.72;0.57;0.55;0.63;0.90;2.04;2.98;0.76;0.47;0.38;0.37;0.42;0.58,tick=222880 goal=0 lap=0 last=0.0 best=0.0
137.59,494,7.7,0.34,0.25,20,39.9725,BEND,1.84;2.81;1.03;0.70;0.60;0.60;0.71;1.11;3.62;1.45;0.54;0.39;0.31;0.33;0.40;0.59,tick=222907 goal=0 lap=0 last=0.0 best=0.0
137.85,495,18.4,0.33,0.24,20,39.20583333333334,BEND,5.99;1.78;0.91;0.68;0.60;0.64;0.83;1.48;5.98;0.86;0.44;0.35;0.30;0.32;0.41;0.72,tick=222931 goal=0 lap=0 last=0.0 best=0.0
138.12,496,23.2,0.33,0.28,38,29.585000000000008,FWD,5.99;1.28;0.78;0.63;0.60;0.68;0.97;2.14;-1.00;0.66;0.40;0.33;0.31;0.36;0.49;1.06,tick=222960 goal=0 lap=0 last=0.0 best=0.0
138.38,497,31.6,0.36,0.22,38,20.514999999999997,FWD,-1.00;1.00;0.68;0.59;0.59;0.71;1.08;3.69;1.51;0.59;0.40;0.34;0.35;0.42;0.65;1.99,tick=222987 goal=0 lap=0 last=0.0 best=0.0
138.65,498,36.6,0.40,0.15,20,-0.6600000000000019,BEND,1.63;0.80;0.59;0.52;0.55;0.68;1.19;6.00;1.24;0.60;0.43;0.41;0.41;0.53;0.91;5.22,tick=223013 goal=0 lap=0 last=0.0 best=0.0
138.91,499,39.0,0.41,-0.03,20,-23.862500000000004,BEND,1.20;0.63;0.47;0.44;0.48;0.63;1.12;5.99;1.25;0.67;0.53;0.50;0.51;0.66;1.19;5.99,tick=223040 goal=0 lap=0 last=0.0 best=0.0
139.18,500,36.0,0.39,-0.16,20,-41.85249999999999,BEND,1.09;0.55;0.40;0.35;0.39;0.49;0.83;5.99;1.61;0.81;0.61;0.55;0.59;0.74;1.28;6.00,tick=223066 goal=0 lap=0 last=0.0 best=0.0
139.45,501,33.0,0.37,-0.29,20,-47.899166666666666,BEND,1.47;0.53;0.38;0.30;0.30;0.35;0.56;1.75;2.79;1.10;0.74;0.64;0.62;0.75;1.13;3.26,tick=223093 goal=0 lap=0 last=0.0 best=0.0
139.71,502,20.0,0.38,-0.38,20,-42.07333333333334,BEND,6.00;0.69;0.39;0.29;0.27;0.31;0.42;0.79;6.00;1.52;0.87;0.69;0.63;0.70;0.93;1.76,tick=223119 goal=0 lap=0 last=0.0 best=0.0
139.98,503,10.1,0.38,-0.29,38,-35.04000000000002,FWD,4.04;1.22;0.50;0.34;0.29;0.30;0.36;0.56;2.06;2.51;1.04;0.73;0.65;0.64;0.79;1.20,tick=223146 goal=0 lap=0 last=0.0 best=0.0
140.24,504,1.7,0.39,-0.25,38,-16.605833333333326,FWD,1.89;4.23;0.74;0.44;0.34;0.34;0.39;0.52;1.14;5.55;1.25;0.77;0.59;0.58;0.64;0.91,tick=223172 goal=0 lap=0 last=0.0 best=0.0
140.51,505,354.9,0.42,0.00,20,8.22500000000001,BEND,1.22;6.00;1.17;0.60;0.46;0.41;0.45;0.56;1.03;6.00;1.40;0.74;0.53;0.49;0.55;0.68,tick=223199 goal=0 lap=0 last=0.0 best=0.0
140.77,506,353.4,0.44,0.03,20,45.321666666666665,BEND,0.90;5.88;1.63;0.76;0.56;0.51;0.53;0.66;1.16;5.98;1.24;0.61;0.45;0.40;0.42;0.52,tick=223226 goal=0 lap=0 last=0.0 best=0.0
141.26,507,4.4,0.33,0.01,20,-70,REV,1.10;4.40;1.26;0.80;0.68;0.66;0.77;1.11;2.90;1.62;0.50;0.32;0.25;0.27;0.29;0.44,tick=223274 goal=0 lap=0 last=0.0 best=0.0
141.53,508,0.5,0.15,-0.22,20,-70,REV,0.78;6.00;1.44;0.89;0.71;0.69;0.80;1.11;2.52;2.00;0.46;0.30;0.21;0.24;0.27;0.36,tick=223301 goal=0 lap=0 last=0.0 best=0.0
141.79,509,0.0,0.01,-0.01,20,-70,REV,0.59;6.00;1.69;0.99;0.75;0.69;0.77;1.03;2.07;4.17;0.51;0.27;0.21;0.20;0.23;0.30,tick=223327 goal=0 lap=0 last=0.0 best=0.0
142.06,510,0.0,-0.10,0.16,20,85,BEND,0.67;6.00;1.57;0.93;0.73;0.70;0.81;1.07;2.27;2.67;0.48;0.28;0.21;0.22;0.24;-1.00,tick=223354 goal=0 lap=0 last=0.0 best=0.0
142.54,511,2.6,-0.10,0.01,20,-70,REV,0.77;6.00;1.51;0.88;0.70;0.68;0.75;0.99;2.14;3.24;0.56;0.33;0.26;0.24;0.27;0.37,tick=223403 goal=0 lap=0 last=0.0 best=0.0
142.81,512,5.2,-0.15,0.21,20,-70,REV,0.94;6.00;1.38;0.85;0.68;0.65;0.74;1.03;2.32;2.46;0.56;0.33;0.29;0.25;0.30;0.44,tick=223427 goal=0 lap=0 last=0.0 best=0.0
143.07,513,11.5,-0.15,0.21,20,-70,REV,1.62;2.99;1.09;0.74;0.63;0.64;0.76;1.16;3.87;1.32;0.49;0.35;0.29;0.28;0.36;0.55,tick=223456 goal=0 lap=0 last=0.0 best=0.0
143.34,514,17.6,-0.13,0.20,20,43.03916666666667,BEND,4.50;1.94;0.95;0.69;0.61;0.65;0.83;1.42;6.00;0.92;0.47;0.33;0.30;0.32;0.41;0.67,tick=223482 goal=0 lap=0 last=0.0 best=0.0
143.61,515,21.9,-0.12,-0.09,20,50.03,BEND,6.00;1.61;0.86;0.68;0.63;0.67;0.87;1.66;5.99;0.76;0.42;0.31;0.29;0.32;0.44;0.78,tick=223509 goal=0 lap=0 last=0.0 best=0.0
143.87,516,19.0,-0.03,0.01,20,47.0,BEND,6.00;1.76;0.90;0.67;0.62;0.67;0.84;1.50;6.00;0.85;0.44;0.33;0.30;0.32;0.41;0.72,tick=223535 goal=0 lap=0 last=0.0 best=0.0
144.14,517,13.3,0.01,0.03,20,47.65583333333335,BEND,6.00;1.80;0.90;0.68;0.61;0.66;0.85;1.50;6.00;0.89;0.46;0.34;0.29;0.30;0.42;0.69,tick=223562 goal=0 lap=0 last=0.0 best=0.0
144.40,518,21.5,0.06,0.10,20,45.23416666666667,BEND,6.00;1.69;0.88;0.68;0.64;0.66;0.86;1.56;6.00;0.81;0.43;0.33;0.30;0.32;0.41;0.75,tick=223588 goal=0 lap=0 last=0.0 best=0.0
144.67,519,22.1,0.12,0.10,20,41.17416666666668,BEND,5.99;1.50;0.85;0.64;0.61;0.67;0.90;1.78;6.00;0.73;0.42;0.32;0.31;0.32;0.44;0.84,tick=223615 goal=0 lap=0 last=0.0 best=0.0
144.93,520,24.9,0.15,0.14,38,36.605000000000004,FWD,6.00;1.30;0.79;0.65;0.62;0.68;0.95;2.13;2.96;0.65;0.40;0.33;0.31;0.34;0.48;1.03,tick=223642 goal=0 lap=0 last=0.0 best=0.0
145.20,521,27.4,0.23,0.10,38,32.36666666666665,FWD,3.83;1.14;0.74;0.61;0.61;0.70;1.03;2.74;1.88;0.60;0.39;0.34;0.32;0.36;0.54;1.36,tick=223668 goal=0 lap=0 last=0.0 best=0.0
145.46,522,32.3,0.30,0.18,38,20.23333333333334,FWD,2.33;0.96;0.68;0.58;0.58;0.72;1.13;4.53;1.35;0.56;0.40;0.34;0.35;0.42;0.68;2.38,tick=223695 goal=0 lap=0 last=0.0 best=0.0
145.73,523,38.9,0.34,0.12,20,0.00833333333333286,BEND,1.60;0.79;0.56;0.52;0.56;0.69;1.24;6.00;1.18;0.58;0.44;0.40;0.41;0.54;0.90;6.00,tick=223721 goal=0 lap=0 last=0.0 best=0.0
146.00,524,38.2,0.35,-0.02,20,-19.278333333333325,BEND,1.23;0.66;0.49;0.46;0.49;0.64;1.18;6.00;1.22;0.64;0.50;0.46;0.49;0.65;1.17;6.00,tick=223748 goal=0 lap=0 last=0.0 best=0.0
146.26,525,42.9,0.37,-0.14,20,-35.19583333333333,BEND,1.12;0.59;0.41;0.39;0.42;0.53;0.92;6.00;1.51;0.78;0.57;0.53;0.56;0.72;1.26;6.00,tick=223774 goal=0 lap=0 last=0.0 best=0.0
146.53,526,30.9,0.33,-0.22,20,-85,BEND,1.29;0.54;0.39;0.32;0.32;0.43;0.67;2.68;2.22;0.95;0.68;0.59;-1.00;0.73;1.18;4.63,tick=223801 goal=0 lap=0 last=0.0 best=0.0
146.79,527,21.7,0.34,-0.59,20,-29.865000000000002,BEND,5.24;0.67;0.41;0.33;0.30;0.33;0.44;0.93;6.00;1.40;0.82;0.65;0.63;0.67;0.92;1.87,tick=223827 goal=0 lap=0 last=0.0 best=0.0
147.06,528,7.6,0.33,-0.19,38,85,FWD,3.46;1.48;0.55;0.37;-1.00;0.32;0.40;0.56;1.81;2.76;1.04;0.72;0.61;0.60;0.73;1.12,tick=223854 goal=0 lap=0 last=0.0 best=0.0
147.32,529,11.2,0.39,0.62,20,-44.564166666666665,BEND,3.75;1.50;0.59;0.40;0.36;0.37;0.45;0.67;2.32;2.35;0.96;0.66;0.56;0.59;0.71;1.08,tick=223881 goal=0 lap=0 last=0.0 best=0.0
147.59,530,24.6,0.39,-0.30,20,-23.063333333333333,BEND,6.00;0.83;0.48;0.38;0.34;0.39;0.51;1.04;5.99;1.32;0.75;0.60;0.56;0.62;0.82;1.67,tick=223907 goal=0 lap=0 last=0.0 best=0.0
147.85,531,14.7,0.38,-0.18,38,-19.844166666666684,FWD,5.64;1.29;0.58;0.41;0.34;0.36;0.48;0.73;3.62;1.94;0.87;0.65;0.55;0.57;0.70;1.15,tick=223934 goal=0 lap=0 last=0.0 best=0.0
148.12,532,8.5,0.38,-0.15,38,-8.397500000000008,FWD,2.86;1.98;0.69;0.46;0.40;0.40;0.46;0.68;2.09;2.58;0.93;0.63;0.53;0.54;0.62;0.97,tick=223960 goal=0 lap=0 last=0.0 best=0.0
148.39,533,4.6,0.43,-0.03,20,85,BEND,1.88;3.35;0.88;-1.00;0.47;0.46;0.50;0.75;1.73;3.44;0.94;0.60;0.48;0.49;0.55;0.79,tick=223988 goal=0 lap=0 last=0.0 best=0.0
148.65,534,7.6,0.43,0.74,20,-1.7758333333333383,BEND,2.94;2.13;0.85;0.60;0.51;0.52;0.64;0.98;3.41;1.71;0.69;0.47;0.41;0.42;0.53;0.80,tick=224013 goal=0 lap=0 last=0.0 best=0.0
148.92,535,23.4,0.41,0.02,38,5.747500000000004,FWD,4.62;1.03;0.65;0.52;0.50;0.56;0.79;1.78;3.71;0.86;0.54;0.45;0.42;0.48;0.68;1.55,tick=224040 goal=0 lap=0 last=0.0 best=0.0
149.18,536,23.7,0.44,0.00,38,-0.27333333333332543,FWD,4.20;0.99;0.61;0.50;0.46;0.53;0.76;1.72;3.78;0.91;0.58;0.45;0.44;0.51;0.73;1.69,tick=224067 goal=0 lap=0 last=0.0 best=0.0
149.45,537,27.0,0.46,0.02,38,-10.516666666666675,FWD,3.41;0.90;0.57;0.48;0.45;0.51;0.74;1.70;3.56;0.96;0.59;0.49;0.49;0.56;0.80;1.91,tick=224093 goal=0 lap=0 last=0.0 best=0.0
149.72,538,21.9,0.48,-0.13,20,-15.467499999999998,BEND,3.81;0.85;0.54;0.42;0.42;0.44;0.66;1.46;4.49;1.05;0.65;0.53;0.51;0.57;0.83;1.90,tick=224120 goal=0 lap=0 last=0.0 best=0.0
149.98,539,20.0,0.46,-0.15,38,-16.480000000000004,FWD,6.00;0.95;0.55;0.43;0.38;0.44;0.57;1.14;6.00;1.24;0.73;0.55;0.55;0.59;0.78;1.60,tick=224146 goal=0 lap=0 last=0.0 best=0.0
150.25,540,14.5,0.47,-0.15,38,-14.575833333333339,FWD,6.00;1.12;0.57;0.43;0.40;0.42;0.56;0.95;6.00;1.49;0.78;0.59;0.54;0.56;0.73;1.33,tick=224173 goal=0 lap=0 last=0.0 best=0.0
150.51,541,10.8,0.00,-0.13,38,-6.300833333333332,FWD,-1.00;1.49;0.67;0.49;0.42;0.42;0.54;0.83;3.60;1.84;0.83;0.60;0.52;0.54;0.68;1.09,tick=224199 goal=0 lap=0 last=0.0 best=0.0
150.78,542,7.0,0.52,-0.08,38,5.486666666666673,FWD,2.97;2.12;0.81;0.55;0.46;0.47;0.55;0.84;2.58;2.16;0.83;0.58;0.50;0.49;0.59;0.92,tick=224226 goal=0 lap=0 last=0.0 best=0.0
151.04,543,9.4,0.53,0.09,20,15.930833333333325,BEND,2.53;2.50;0.90;0.60;0.50;0.53;0.61;0.91;2.70;2.01;0.76;0.51;0.43;0.44;0.54;0.82,tick=224253 goal=0 lap=0 last=0.0 best=0.0
151.31,544,14.9,0.52,0.15,20,85,BEND,3.08;2.17;0.91;0.64;-1.00;0.57;0.70;1.09;4.07;1.46;0.62;0.45;0.38;0.40;0.49;0.81,tick=224279 goal=0 lap=0 last=0.0 best=0.0
151.58,545,22.4,0.50,0.87,20,0.7324999999999982,BEND,5.83;1.26;0.74;0.62;0.58;0.66;0.89;1.83;4.80;0.80;0.48;0.39;0.36;0.43;0.59;1.26,tick=224306 goal=0 lap=0 last=0.0 best=0.0
151.84,546,41.4,0.46,0.00,20,-13.122499999999986,BEND,1.42;0.72;0.55;0.51;0.54;0.69;1.25;6.00;1.21;0.65;0.50;0.47;0.48;0.66;1.16;6.00,tick=224332 goal=0 lap=0 last=0.0 best=0.0
152.11,547,38.7,0.45,-0.14,20,-36.35166666666666,BEND,1.22;0.61;0.46;0.39;0.44;0.56;0.99;5.99;1.49;0.78;0.58;0.55;0.57;0.74;1.30;6.00,tick=224359 goal=0 lap=0 last=0.0 best=0.0
152.37,548,35.1,0.42,-0.29,20,-45.75749999999999,BEND,1.43;0.58;0.39;0.34;0.36;0.43;0.68;2.42;2.37;0.99;0.71;0.62;0.66;0.78;1.23;6.00,tick=224385 goal=0 lap=0 last=0.0 best=0.0
152.64,549,23.9,0.41,-0.39,20,-41.98166666666667,BEND,4.30;0.68;0.42;0.32;0.31;0.34;0.47;1.00;5.99;1.37;0.84;0.70;0.65;0.72;1.01;2.14,tick=224412 goal=0 lap=0 last=0.0 best=0.0
152.90,550,11.7,0.39,-0.32,38,-34.45499999999999,FWD,5.80;1.20;0.50;0.38;0.33;0.32;0.41;0.66;2.79;2.23;1.02;0.74;0.64;0.69;0.84;1.35,tick=224439 goal=0 lap=0 last=0.0 best=0.0
153.17,551,0.0,0.41,-0.29,38,-19.6725,FWD,2.29;3.43;0.73;0.45;0.38;0.34;0.42;0.59;1.34;4.61;1.20;0.78;0.64;0.62;0.72;1.01,tick=224465 goal=0 lap=0 last=0.0 best=0.0
153.44,552,355.8,0.44,-0.16,20,10.968333333333344,BEND,1.39;4.90;1.22;0.62;0.48;0.43;0.47;0.61;1.12;6.00;1.37;0.75;0.58;0.54;0.61;0.76,tick=224492 goal=0 lap=0 last=0.0 best=0.0
153.70,553,354.1,0.46,0.09,20,47.24916666666667,BEND,1.02;5.03;1.76;0.82;0.61;0.54;0.56;0.72;1.26;5.99;1.25;0.63;0.47;0.43;0.46;0.57,tick=224518 goal=0 lap=0 last=0.0 best=0.0
153.97,554,358.8,0.00,0.39,20,54.036666666666676,BEND,1.07;4.34;1.56;0.86;0.66;0.64;0.70;0.94;1.93;4.70;0.77;0.46;0.38;0.35;0.39;0.51,tick=224545 goal=0 lap=0 last=0.0 best=0.0
154.23,555,13.4,0.39,0.43,20,50.8925,BEND,4.85;2.60;1.13;0.80;0.69;0.71;0.87;1.41;5.99;1.04;0.47;0.34;0.30;0.30;0.40;0.63,tick=224571 goal=0 lap=0 last=0.0 best=0.0
154.50,556,24.6,0.38,0.39,38,40.60416666666666,FWD,3.68;1.55;0.91;0.70;0.68;0.78;1.08;2.46;2.39;0.61;0.39;0.30;0.31;0.34;0.47;1.11,tick=224598 goal=0 lap=0 last=0.0 best=0.0
154.76,557,35.5,0.40,0.32,38,23.902499999999996,FWD,2.21;1.05;0.74;0.65;0.68;0.83;1.38;6.00;1.11;0.54;0.37;0.35;0.35;0.44;0.76;4.27,tick=224625 goal=0 lap=0 last=0.0 best=0.0
155.03,558,46.4,0.43,0.20,20,-15.04833333333334,BEND,1.37;0.79;0.61;0.56;0.62;0.83;1.71;5.25;0.98;0.57;0.47;0.43;0.48;0.66;1.47;3.37,tick=224651 goal=0 lap=0 last=0.0 best=0.0
155.29,559,47.6,0.45,-0.12,20,51.83999999999999,BEND,1.01;0.62;0.49;0.46;-1.00;0.71;1.56;4.17;1.12;0.69;0.55;0.55;0.63;0.91;4.30;2.66,tick=224675 goal=0 lap=0 last=0.0 best=0.0
155.56,560,53.3,0.42,0.44,20,-85,BEND,0.71;0.48;0.38;0.36;0.40;0.57;1.35;3.88;1.25;0.83;0.68;0.68;0.79;1.19;3.91;2.00,tick=224704 goal=0 lap=0 last=0.0 best=0.0
156.05,561,41.5,0.34,0.00,20,70,REV,0.44;0.23;0.19;0.16;0.15;0.21;0.36;6.00;2.31;1.26;0.96;0.85;0.97;1.29;3.92;2.17,tick=224753 goal=0 lap=0 last=0.0 best=0.0
156.31,562,46.3,0.16,0.20,20,70,REV,0.27;0.14;0.13;0.12;0.12;0.18;0.32;5.99;2.20;1.24;0.99;0.92;1.06;1.51;3.59;1.50,tick=224779 goal=0 lap=0 last=0.0 best=0.0
156.58,563,47.6,0.03,-0.00,20,70,REV,0.22;0.11;0.10;0.09;0.11;0.14;0.29;5.99;1.98;1.20;0.99;0.95;1.13;1.77;-1.00;0.83,tick=224806 goal=0 lap=0 last=0.0 best=0.0
157.06,564,36.7,-0.16,-0.01,20,70,REV,0.35;0.19;0.13;0.12;0.12;0.18;0.32;6.00;2.38;1.27;0.98;0.92;1.01;1.37;3.78;1.93,tick=224855 goal=0 lap=0 last=0.0 best=0.0
157.33,565,38.7,-0.17,-0.21,20,70,REV,0.49;0.23;0.17;0.14;0.16;0.21;0.34;2.36;2.52;1.30;0.98;0.87;0.95;1.27;4.01;2.34,tick=224881 goal=0 lap=0 last=0.0 best=0.0
157.60,566,31.0,-0.14,-0.20,20,70,REV,0.80;0.30;0.21;0.18;0.19;0.19;0.32;0.86;3.50;1.44;1.01;0.88;0.88;1.10;2.03;3.14,tick=224908 goal=0 lap=0 last=0.0 best=0.0
158.08,567,23.6,-0.18,-0.01,20,70,REV,2.06;0.48;0.26;0.19;0.17;0.20;0.28;0.50;6.00;1.95;1.12;0.89;0.86;0.94;1.30;4.00,tick=224956 goal=0 lap=0 last=0.0 best=0.0
158.35,568,20.3,-0.16,-0.21,20,70,REV,2.40;0.53;0.27;0.20;0.20;0.20;0.27;0.45;6.00;2.10;1.17;0.90;0.83;0.91;1.25;4.21,tick=224983 goal=0 lap=0 last=0.0 best=0.0
158.61,569,8.5,-0.16,-0.24,20,70,REV,3.26;0.72;0.30;0.22;0.20;0.19;0.23;0.34;-1.00;2.83;1.32;0.94;0.83;0.87;1.09;2.06,tick=225009 goal=0 lap=0 last=0.0 best=0.0
158.88,570,8.2,-0.16,-0.25,38,-85,FWD,3.85;1.06;0.33;0.23;0.16;0.18;0.18;0.28;0.66;4.42;1.56;1.03;0.86;0.88;1.02;1.59,tick=225036 goal=0 lap=0 last=0.0 best=0.0
159.14,571,3.9,-0.10,0.14,75,-85,FAST,4.17;1.41;0.33;0.19;0.14;0.14;0.16;-1.00;0.44;6.00;1.77;1.11;0.90;0.86;0.99;1.46,tick=225063 goal=0 lap=0 last=0.0 best=0.0
159.41,572,2.1,0.08,-0.13,38,-85,FWD,4.06;1.20;0.30;0.18;0.14;0.15;0.17;0.22;0.48;5.66;1.71;1.09;0.89;0.89;1.01;1.51,tick=225089 goal=0 lap=0 last=0.0 best=0.0
159.68,573,358.7,0.23,-0.36,38,-78.0775,FWD,4.42;2.67;0.50;0.25;0.19;0.19;0.18;0.24;0.40;6.00;2.21;1.19;0.92;0.86;0.91;1.22,tick=225116 goal=0 lap=0 last=0.0 best=0.0
159.94,574,343.1,0.30,-0.45,20,-85,BEND,1.40;3.85;1.59;0.50;0.31;0.27;0.25;0.28;0.38;0.88;4.61;1.49;0.95;0.80;-1.00;0.92,tick=225143 goal=0 lap=0 last=0.0 best=0.0
160.21,575,329.7,0.30,-0.51,20,38.14416666666668,BEND,0.86;1.57;3.35;1.32;0.60;0.41;0.37;0.38;0.46;0.69;2.91;2.33;1.04;0.74;0.67;0.69,tick=225169 goal=0 lap=0 last=0.0 best=0.0
160.47,576,315.5,0.33,0.28,20,49.06166666666664,BEND,0.57;0.84;3.89;2.56;1.11;0.68;0.55;0.51;0.59;0.77;1.60;4.78;1.09;0.65;0.54;0.52,tick=225196 goal=0 lap=0 last=0.0 best=0.0
160.96,577,331.4,0.26,0.01,20,-70,REV,0.40;0.70;3.21;1.96;1.17;0.87;0.78;0.82;1.02;1.71;5.99;0.74;0.39;0.29;0.25;0.28,tick=225244 goal=0 lap=0 last=0.0 best=0.0
161.23,578,332.7,0.09,-0.13,20,-70,REV,0.26;0.49;3.24;2.12;1.27;0.96;0.85;0.89;1.08;1.77;5.99;0.59;0.28;0.20;0.20;0.20,tick=225271 goal=0 lap=0 last=0.0 best=0.0
161.49,579,329.4,-0.04,0.10,20,-70,REV,0.25;0.42;3.30;2.24;1.34;0.99;0.87;0.90;1.07;1.72;5.99;0.60;0.28;0.19;0.19;0.21,tick=225297 goal=0 lap=0 last=0.0 best=0.0
161.98,580,336.3,-0.16,0.04,20,-70,REV,0.41;0.94;2.98;1.71;1.06;0.85;0.77;-1.00;1.11;2.13;4.33;0.59;0.36;0.27;0.26;0.31,tick=225346 goal=0 lap=0 last=0.0 best=0.0
162.24,581,338.7,-0.16,0.22,20,-70,REV,0.50;1.40;2.85;1.52;0.95;0.79;0.73;0.81;1.09;2.22;3.35;0.67;0.40;0.34;0.34;0.36,tick=225373 goal=0 lap=0 last=0.0 best=0.0
162.51,582,346.7,-0.15,0.18,20,-70,REV,0.68;3.67;2.38;1.21;0.84;0.71;0.67;0.77;1.12;3.16;1.82;0.65;0.43;0.37;0.38;0.44,tick=225399 goal=0 lap=0 last=0.0 best=0.0
162.77,583,353.0,-0.16,0.21,20,63.202499999999986,BEND,0.96;3.40;1.89;1.02;0.71;0.61;0.65;0.80;1.27;6.00;1.32;0.63;0.46;0.43;0.42;0.54,tick=225426 goal=0 lap=0 last=0.0 best=0.0
163.04,584,356.7,-0.10,-0.13,20,58.364166666666655,BEND,1.20;3.28;1.64;0.90;0.67;0.61;0.64;0.78;1.35;5.99;1.22;0.63;0.48;0.44;0.48;0.61,tick=225452 goal=0 lap=0 last=0.0 best=0.0
163.31,585,356.1,-0.03,-0.04,20,56.35333333333333,BEND,1.07;3.46;1.78;0.92;0.64;0.59;0.59;0.74;1.16;6.00;1.45;0.68;0.51;0.45;0.47;0.61,tick=225479 goal=0 lap=0 last=0.0 best=0.0
163.57,586,353.1,0.03,0.03,20,53.66083333333333,BEND,1.08;3.49;1.81;0.92;0.66;0.56;0.57;0.72;1.17;6.00;1.47;0.68;0.52;0.46;0.46;0.58,tick=225505 goal=0 lap=0 last=0.0 best=0.0
163.84,587,350.0,0.08,0.09,20,85,BEND,1.13;3.39;1.71;0.89;0.65;-1.00;0.61;0.77;1.26;6.00;1.30;0.67;0.50;0.43;0.47;0.59,tick=225532 goal=0 lap=0 last=0.0 best=0.0
164.10,588,356.2,0.00,0.21,20,44.675833333333316,BEND,1.37;3.09;1.51;0.87;0.65;0.61;0.64;0.83;1.54;5.98;1.06;0.59;0.45;0.45;0.48;0.62,tick=225559 goal=0 lap=0 last=0.0 best=0.0
164.37,589,0.8,0.16,0.12,20,48.12083333333332,BEND,3.88;2.68;1.31;0.83;0.68;0.63;0.71;0.97;2.12;3.18;0.81;0.52;0.40;0.40;0.47;0.67,tick=225585 goal=0 lap=0 last=0.0 best=0.0
164.63,590,5.9,0.18,0.17,20,45.45416666666667,BEND,3.59;2.29;1.16;0.81;0.67;0.66;0.78;1.12;3.15;1.87;0.66;0.45;0.38;0.40;0.46;0.73,tick=225612 goal=0 lap=0 last=0.0 best=0.0
164.90,591,14.8,0.21,0.20,20,40.475833333333334,BEND,3.23;1.93;1.06;0.76;0.68;0.71;0.84;1.33;6.00;1.23;0.58;0.43;0.39;0.41;0.51;0.88,tick=225638 goal=0 lap=0 last=0.0 best=0.0
165.17,592,18.6,0.23,0.16,38,40.06916666666667,FWD,2.87;1.61;0.95;0.74;0.69;0.73;0.95;1.65;6.00;0.92;0.52;0.40;0.37;0.41;0.55;1.24,tick=225665 goal=0 lap=0 last=0.0 best=0.0
165.43,593,29.3,0.28,0.22,38,30.577500000000004,FWD,2.42;1.33;0.86;0.69;0.69;0.76;1.03;2.19;3.22;0.74;0.47;0.39;0.37;0.44;0.65;3.40,tick=225691 goal=0 lap=0 last=0.0 best=0.0
165.70,594,34.4,0.32,0.26,38,12.898333333333332,FWD,1.90;1.08;0.76;0.67;0.68;0.80;1.15;3.40;1.80;0.68;0.47;0.41;0.43;0.55;0.92;2.97,tick=225718 goal=0 lap=0 last=0.0 best=0.0
165.96,595,34.6,0.38,0.10,20,-55.52916666666668,BEND,1.46;0.89;0.70;0.60;0.64;0.78;1.26;6.00;1.44;0.69;0.52;0.47;0.53;0.68;3.38;2.56,tick=225742 goal=0 lap=0 last=0.0 best=0.0
166.23,596,36.2,0.39,-0.46,20,-54.89833333333333,BEND,1.33;0.81;0.59;0.54;0.57;0.70;1.10;4.47;1.77;0.81;0.60;0.55;0.60;0.79;3.22;2.35,tick=225771 goal=0 lap=0 last=0.0 best=0.0
166.49,597,20.2,0.37,-0.40,38,-13.35333333333333,FWD,1.73;0.94;0.66;0.53;0.50;0.57;0.75;1.39;6.00;1.30;0.75;0.62;0.62;0.70;1.17;2.64,tick=225798 goal=0 lap=0 last=0.0 best=0.0
166.76,598,11.5,0.39,-0.10,38,-16.406666666666666,FWD,1.89;1.08;0.70;0.56;0.49;0.53;0.65;1.04;3.55;1.99;0.90;0.66;0.63;0.67;0.97;2.74,tick=225824 goal=0 lap=0 last=0.0 best=0.0
167.02,599,8.8,0.44,-0.15,38,-14.130000000000008,FWD,1.80;1.09;0.70;0.57;0.54;0.55;0.66;1.01;2.64;2.41;0.93;0.70;0.62;0.69;0.94;2.60,tick=225851 goal=0 lap=0 last=0.0 best=0.0
167.29,600,2.8,0.46,-0.12,38,-11.55583333333335,FWD,1.69;1.09;0.74;0.57;0.54;0.56;0.67;0.99;2.25;3.30;0.97;0.68;0.63;0.68;0.91;2.46,tick=225877 goal=0 lap=0 last=0.0 best=0.0
167.56,601,3.6,0.50,-0.11,38,-53.85500000000001,FWD,1.57;1.02;0.72;0.59;0.53;0.57;0.69;0.99;2.11;5.23;0.99;0.68;0.60;0.66;2.88;2.28,tick=225904 goal=0 lap=0 last=0.0 best=0.0
167.82,602,353.3,0.51,-0.54,20,-35.8575,BEND,1.51;1.04;0.73;0.62;0.54;0.55;0.67;0.96;1.70;5.99;1.13;0.71;0.59;0.61;2.78;2.27,tick=225930 goal=0 lap=0 last=0.0 best=0.0
168.09,603,0.0,0.50,-0.36,38,-30.855000000000004,FWD,1.66;1.14;0.83;0.66;0.61;0.60;0.67;0.86;1.34;2.77;2.21;0.76;0.56;0.54;2.83;2.30,tick=225957 goal=0 lap=0 last=0.0 best=0.0
168.35,604,325.7,0.51,-0.35,38,-22.918333333333344,FWD,1.74;1.17;0.87;0.71;0.65;0.67;0.73;0.91;1.33;2.30;6.00;0.70;0.47;0.55;2.90;2.29,tick=225983 goal=0 lap=0 last=0.0 best=0.0
168.62,605,321.4,0.50,-0.24,38,-85,FWD,1.66;1.18;0.86;0.74;0.67;0.70;0.78;0.99;1.37;-1.00;4.70;0.54;0.48;5.82;2.96;2.11,tick=226010 goal=0 lap=0 last=0.0 best=0.0
168.88,606,302.3,0.55,-0.92,20,-85,BEND,1.66;1.26;0.93;0.77;0.69;0.71;0.82;1.00;1.32;1.93;3.15;0.56;0.62;2.40;3.80;2.21,tick=226037 goal=0 lap=0 last=0.0 best=0.0
169.15,607,275.5,0.53,-0.90,20,13.072499999999987,BEND,2.06;1.54;1.20;0.99;0.82;0.77;0.80;0.92;1.17;1.54;2.13;0.68;0.60;0.92;2.37;3.98,tick=226063 goal=0 lap=0 last=0.0 best=0.0
169.41,608,257.3,0.48,0.13,75,36.48833333333333,FAST,3.08;1.74;1.34;1.13;1.00;0.96;0.93;1.03;1.22;1.53;1.94;0.72;0.62;0.76;1.16;6.00,tick=226090 goal=0 lap=0 last=0.0 best=0.0
169.68,609,264.3,0.55,0.40,38,3.7700000000000173,FWD,2.27;1.41;1.18;1.07;1.03;1.08;1.09;1.26;1.58;1.94;0.91;0.69;0.72;0.95;1.61;6.00,tick=226116 goal=0 lap=0 last=0.0 best=0.0
169.95,610,270.3,0.60,0.05,38,-85,FWD,1.51;1.07;0.96;0.93;1.01;1.13;1.30;1.62;2.03;2.46;0.85;0.81;-1.00;1.28;4.27;3.22,tick=226143 goal=0 lap=0 last=0.0 best=0.0
170.21,611,263.6,0.62,-1.05,20,-39.00583333333333,BEND,1.57;0.96;0.76;0.75;0.84;1.00;1.31;1.66;2.13;2.60;1.08;0.97;1.02;1.29;2.48;4.80,tick=226169 goal=0 lap=0 last=0.0 best=0.0
170.48,612,239.0,0.58,-0.49,20,-31.950000000000006,BEND,5.56;1.51;0.89;0.70;0.67;0.73;1.01;1.38;1.86;2.40;2.88;1.12;1.00;1.04;1.29;2.37,tick=226196 goal=0 lap=0 last=0.0 best=0.0
170.74,613,226.1,0.53,-0.35,38,-15.75666666666666,FWD,4.81;2.57;1.17;0.81;0.67;0.71;0.84;1.30;1.90;2.44;2.97;1.23;0.98;0.92;1.04;1.48,tick=226222 goal=0 lap=0 last=0.0 best=0.0
171.01,614,216.5,0.52,-0.15,38,12.28416666666665,FWD,2.31;4.81;1.56;0.98;0.79;0.76;0.85;1.15;1.92;2.56;3.09;1.25;0.90;0.81;0.85;1.11,tick=226249 goal=0 lap=0 last=0.0 best=0.0
171.27,615,214.4,0.56,0.10,38,40.71,FWD,1.79;6.00;1.80;1.12;0.90;0.84;0.93;1.26;2.15;2.82;3.32;1.07;0.76;0.69;0.73;0.93,tick=226276 goal=0 lap=0 last=0.0 best=0.0
171.54,616,220.7,0.56,0.43,38,50.09583333333333,FWD,2.49;3.65;1.59;1.09;0.96;0.94;1.12;1.63;2.74;3.33;1.37;0.76;0.60;0.58;0.62;0.91,tick=226302 goal=0 lap=0 last=0.0 best=0.0
171.80,617,238.3,0.57,0.54,20,40.73916666666668,BEND,6.00;1.89;1.19;0.98;0.94;1.06;1.44;2.62;3.45;1.70;0.75;0.59;0.51;0.55;0.77;1.51,tick=226329 goal=0 lap=0 last=0.0 best=0.0
172.07,618,255.3,0.55,0.42,38,13.339166666666657,FWD,2.17;1.22;0.93;0.86;0.93;1.20;2.02;3.53;4.11;0.97;0.64;0.56;0.61;0.74;1.26;6.00,tick=226355 goal=0 lap=0 last=0.0 best=0.0
172.34,619,262.0,0.52,0.12,20,-44.431666666666665,BEND,1.31;0.89;0.75;0.75;0.87;1.24;2.83;4.07;1.64;0.90;0.70;0.69;0.77;1.11;2.59;3.52,tick=226382 goal=0 lap=0 last=0.0 best=0.0
172.60,620,264.2,0.55,-0.47,20,-74.33333333333334,BEND,1.09;0.71;0.57;0.57;0.66;0.95;2.01;4.20;2.23;1.11;0.87;0.84;0.94;1.26;2.73;3.44,tick=226408 goal=0 lap=0 last=0.0 best=0.0
172.87,621,241.8,0.49,-0.71,20,-56.36750000000001,BEND,1.75;0.74;0.53;0.47;0.48;0.58;0.90;2.51;4.65;1.83;1.12;0.91;0.94;1.08;1.61;4.70,tick=226435 goal=0 lap=0 last=0.0 best=0.0
173.13,622,224.0,0.46,-0.50,20,-47.98583333333333,BEND,6.00;1.42;0.68;0.49;0.44;0.46;0.57;0.94;3.25;5.01;1.62;1.07;0.92;0.93;1.11;1.75,tick=226461 goal=0 lap=0 last=0.0 best=0.0
173.40,623,211.1,0.44,-0.40,38,-24.88083333333333,FWD,2.11;6.00;1.12;0.65;0.52;0.50;0.56;0.74;1.44;4.61;2.78;1.23;0.92;0.83;0.91;1.18,tick=226488 goal=0 lap=0 last=0.0 best=0.0
173.66,624,199.6,0.43,-0.23,20,25.38083333333333,BEND,1.32;3.83;2.19;0.96;0.69;0.59;0.61;0.75;1.19;3.45;5.39;1.34;0.86;0.73;0.72;0.86,tick=226515 goal=0 lap=0 last=0.0 best=0.0
173.93,625,197.7,0.46,0.22,20,75.77000000000001,BEND,1.00;2.47;3.30;1.23;0.84;0.73;0.72;0.87;1.34;3.40;5.53;1.15;0.73;0.62;0.61;0.70,tick=226539 goal=0 lap=0 last=0.0 best=0.0
174.19,626,210.2,0.43,0.67,20,59.87750000000002,BEND,1.10;6.00;1.95;1.12;0.88;0.82;0.91;1.20;2.31;5.36;1.35;0.69;0.53;0.46;0.49;0.62,tick=226568 goal=0 lap=0 last=0.0 best=0.0
174.46,627,227.3,0.41,0.47,20,55.15416666666667,BEND,4.24;2.50;1.27;0.94;0.86;0.92;1.19;2.06;5.38;1.46;0.63;0.45;0.40;0.43;0.50;0.84,tick=226594 goal=0 lap=0 last=0.0 best=0.0
174.73,628,242.4,0.40,0.45,20,43.16916666666666,BEND,4.44;1.49;1.01;0.84;0.87;1.04;1.56;3.95;6.00;-1.00;0.51;0.43;0.42;0.47;0.66;1.58,tick=226621 goal=0 lap=0 last=0.0 best=0.0
174.99,629,252.1,0.37,0.35,38,20.3725,FWD,1.91;1.05;0.80;0.77;0.86;1.13;2.17;5.96;1.35;0.68;0.50;0.45;0.50;0.63;1.04;6.00,tick=226647 goal=0 lap=0 last=0.0 best=0.0
175.26,630,262.1,0.39,0.18,20,-15.740000000000009,BEND,1.28;0.82;0.71;0.70;0.81;1.17;2.92;6.00;1.16;0.70;0.56;0.55;0.62;0.86;1.84;4.77,tick=226674 goal=0 lap=0 last=0.0 best=0.0
175.52,631,263.1,0.41,-0.14,20,-54.551666666666684,BEND,1.01;0.66;0.56;0.58;0.66;1.01;2.75;6.00;1.31;0.83;0.66;0.65;0.74;1.04;2.49;3.28,tick=226701 goal=0 lap=0 last=0.0 best=0.0
175.79,632,256.8,0.40,-0.48,20,-59.36583333333333,BEND,1.05;0.60;0.47;0.44;0.50;0.67;1.38;6.00;2.04;1.06;0.80;0.74;0.80;1.05;1.92;6.00,tick=226727 goal=0 lap=0 last=0.0 best=0.0
176.06,633,242.9,0.00,-0.48,20,-53.835,BEND,1.87;0.67;0.44;0.39;0.38;0.48;0.69;2.23;6.00;1.56;0.99;0.82;0.80;0.91;1.34;3.57,tick=226754 goal=0 lap=0 last=0.0 best=0.0
176.32,634,231.0,0.36,-0.39,38,-48.08833333333334,FWD,6.00;0.99;0.52;0.39;0.33;0.41;0.51;0.92;6.00;2.68;1.26;0.90;0.77;0.82;1.05;1.80,tick=226780 goal=0 lap=0 last=0.0 best=0.0
176.59,635,221.3,0.41,-0.40,38,-36.667500000000004,FWD,2.92;2.54;0.72;0.45;0.39;0.39;0.45;0.68;1.82;5.99;1.58;0.98;0.81;0.78;0.88;1.25,tick=226807 goal=0 lap=0 last=0.0 best=0.0
176.85,636,204.3,0.41,-0.28,20,-1.7949999999999893,BEND,1.53;5.99;1.31;0.66;0.51;0.45;0.49;0.64;1.15;6.00;2.25;1.04;0.75;0.66;0.71;0.89,tick=226834 goal=0 lap=0 last=0.0 best=0.0
177.12,637,202.1,0.41,-0.02,20,45.141666666666694,BEND,1.05;3.32;2.36;0.93;0.65;0.56;0.58;0.68;1.14;4.36;2.91;1.02;0.68;0.58;0.58;0.69,tick=226860 goal=0 lap=0 last=0.0 best=0.0
177.38,638,204.7,0.42,0.39,20,67.74916666666667,BEND,0.91;4.18;2.27;1.05;0.77;0.67;0.71;0.87;1.54;6.00;1.69;0.69;0.51;0.43;0.44;0.56,tick=226887 goal=0 lap=0 last=0.0 best=0.0
177.65,639,218.3,0.40,0.54,20,59.731666666666655,BEND,1.25;5.99;1.53;0.95;0.77;0.76;0.87;1.24;3.05;6.00;0.79;0.47;0.36;0.35;0.41;0.56,tick=226913 goal=0 lap=0 last=0.0 best=0.0
177.92,640,230.2,0.39,0.46,20,50.80083333333333,BEND,6.00;1.91;1.07;0.82;0.77;0.85;1.14;2.32;6.00;0.85;0.45;0.34;0.33;0.35;0.47;0.89,tick=226940 goal=0 lap=0 last=0.0 best=0.0
178.18,641,242.9,0.39,0.40,38,34.3725,FWD,2.91;1.23;0.88;0.75;0.76;0.94;1.51;6.00;1.56;0.60;0.43;0.37;0.38;0.45;0.71;2.43,tick=226966 goal=0 lap=0 last=0.0 best=0.0
178.45,642,253.6,0.40,0.27,38,8.924999999999995,FWD,1.62;0.92;0.72;0.68;0.74;1.00;2.05;6.00;1.04;0.59;0.46;0.42;0.46;0.62;1.18;6.00,tick=226990 goal=0 lap=0 last=0.0 best=0.0
178.71,643,265.1,0.43,0.07,20,-34.15083333333335,BEND,1.14;0.69;0.58;0.59;0.67;0.95;2.50;5.05;1.07;0.68;0.55;0.53;0.60;0.85;2.03;3.93,tick=227019 goal=0 lap=0 last=0.0 best=0.0
178.98,644,258.3,0.42,-0.32,20,-61.12583333333335,BEND,0.94;0.58;0.46;0.47;0.53;0.74;1.67;6.00;1.36;0.83;0.68;0.66;0.71;1.01;2.25;3.90,tick=227046 goal=0 lap=0 last=0.0 best=0.0
179.25,645,247.3,0.42,-0.54,20,-59.48166666666667,BEND,1.14;0.56;0.40;0.36;0.37;0.47;-1.00;6.00;2.41;1.11;0.81;0.73;0.76;0.95;1.61;5.98,tick=227073 goal=0 lap=0 last=0.0 best=0.0
179.51,646,233.0,0.40,-0.47,20,-52.31,BEND,5.99;0.77;0.43;0.35;0.32;0.36;0.48;0.91;5.99;1.89;1.07;0.83;0.78;0.84;1.11;2.15,tick=227099 goal=0 lap=0 last=0.0 best=0.0
179.78,647,221.8,0.40,-0.39,38,-42.46499999999999,FWD,3.96;1.56;0.57;0.39;0.36;0.34;0.41;0.63;1.90;4.06;1.34;0.90;0.77;0.78;0.89;1.35,tick=227126 goal=0 lap=0 last=0.0 best=0.0
180.04,648,210.3,0.38,-0.31,38,-15.559166666666664,FWD,1.71;6.00;1.07;0.56;0.43;0.39;0.44;0.55;1.03;6.00;1.85;0.97;0.76;0.69;0.73;0.95,tick=227153 goal=0 lap=0 last=0.0 best=0.0
180.31,649,203.2,0.46,-0.17,20,34.373333333333335,BEND,1.11;3.74;2.02;0.83;0.59;0.51;0.51;0.64;0.98;3.90;2.46;0.97;0.67;0.59;0.58;0.70,tick=227179 goal=0 lap=0 last=0.0 best=0.0
180.57,650,203.4,0.44,0.27,20,69.77666666666666,BEND,0.88;2.98;2.48;1.05;0.72;0.63;0.65;0.80;1.25;5.21;1.88;0.75;0.52;0.44;0.47;0.56,tick=227206 goal=0 lap=0 last=0.0 best=0.0
180.84,651,212.7,0.43,0.59,20,59.53583333333334,BEND,1.10;6.00;1.56;0.95;0.77;0.74;0.82;1.13;2.43;6.00;0.76;0.46;0.36;0.34;0.38;0.53,tick=227232 goal=0 lap=0 last=0.0 best=0.0
181.11,652,231.7,0.42,0.49,20,52.72666666666667,BEND,5.99;2.06;1.08;0.84;0.77;0.83;1.06;1.89;6.00;0.90;0.47;0.34;0.31;0.33;0.43;0.76,tick=227259 goal=0 lap=0 last=0.0 best=0.0
181.37,653,244.9,0.39,0.44,38,36.983333333333334,FWD,3.21;1.26;0.87;0.74;0.76;0.90;1.38;4.83;1.54;0.59;0.38;0.34;0.33;0.42;0.62;1.91,tick=227285 goal=0 lap=0 last=0.0 best=0.0
181.64,654,256.3,0.41,0.30,38,12.826666666666664,FWD,1.62;0.92;0.71;0.67;0.74;0.97;1.88;6.00;1.01;0.55;0.46;0.40;0.44;0.56;1.09;6.00,tick=227312 goal=0 lap=0 last=0.0 best=0.0
181.90,655,263.6,0.43,0.17,20,85,BEND,1.08;0.69;0.57;0.57;-1.00;0.94;2.36;3.68;0.99;0.64;0.54;0.51;0.60;0.84;2.00;3.68,tick=227338 goal=0 lap=0 last=0.0 best=0.0
182.17,656,268.8,0.45,0.74,20,-85,BEND,0.66;0.47;0.43;0.44;0.56;0.97;6.00;2.08;0.99;0.72;0.62;0.66;0.84;1.38;5.99;1.34,tick=227365 goal=0 lap=0 last=0.0 best=0.0
182.65,657,269.2,0.35,0.02,20,70,REV,0.18;0.12;0.13;0.12;0.16;0.25;1.31;3.28;1.49;1.06;0.95;0.97;1.22;2.00;6.00;0.38,tick=227414 goal=0 lap=0 last=0.0 best=0.0
182.92,658,270.3,-0.07,-0.13,20,70,REV,0.16;0.09;0.11;0.10;0.12;0.20;0.98;3.47;1.55;1.08;0.95;0.98;1.23;1.97;6.00;0.32,tick=227440 goal=0 lap=0 last=0.0 best=0.0
183.18,659,266.9,-0.17,-0.20,20,70,REV,0.24;0.17;0.14;0.15;0.17;0.23;0.72;4.96;1.69;1.10;0.93;0.95;1.12;1.64;4.64;0.65,tick=227467 goal=0 lap=0 last=0.0 best=0.0
183.67,660,254.5,-0.15,0.00,20,70,REV,0.49;0.27;0.23;0.19;0.20;0.31;0.56;6.00;2.23;1.21;0.92;0.86;0.92;1.21;2.24;5.99,tick=227515 goal=0 lap=0 last=0.0 best=0.0
183.94,661,252.6,-0.16,-0.21,20,70,REV,0.64;0.34;0.25;0.23;0.24;0.30;0.59;5.99;2.35;1.21;0.92;0.81;0.88;1.12;2.00;6.00,tick=227542 goal=0 lap=0 last=0.0 best=0.0
184.20,662,242.9,-0.14,-0.18,20,70,REV,1.00;0.41;0.30;0.25;0.27;0.30;0.52;1.95;3.30;1.36;0.94;0.82;0.84;1.01;1.56;5.48,tick=227568 goal=0 lap=0 last=0.0 best=0.0
184.47,663,236.0,-0.15,-0.20,20,-75.97749999999999,BEND,-1.00;0.53;0.35;0.29;0.28;0.33;0.46;1.15;6.00;1.54;0.99;0.82;0.79;0.92;1.31;3.10,tick=227595 goal=0 lap=0 last=0.0 best=0.0
184.73,664,237.1,-0.12,0.16,20,-83.13583333333334,BEND,2.94;0.62;0.36;0.28;0.29;0.31;0.44;0.97;6.00;1.71;1.03;0.83;0.79;0.88;1.20;2.56,tick=227622 goal=0 lap=0 last=0.0 best=0.0
185.00,665,239.6,-0.04,0.07,20,-81.06166666666667,BEND,1.83;0.54;0.35;0.31;0.31;0.33;0.49;1.23;5.95;1.51;0.97;0.81;0.79;0.91;1.28;3.15,tick=227648 goal=0 lap=0 last=0.0 best=0.0
185.26,666,240.4,0.01,-0.04,20,85,BEND,1.77;0.55;0.36;-1.00;0.28;0.35;0.51;-1.00;5.59;1.50;0.97;0.79;0.79;0.90;1.30;3.22,tick=227675 goal=0 lap=0 last=0.0 best=0.0
185.53,667,238.5,0.08,0.14,20,-85,BEND,1.92;0.56;0.34;0.28;0.29;0.32;0.47;1.18;5.99;1.55;0.98;0.80;0.79;0.92;1.29;3.04,tick=227701 goal=0 lap=0 last=0.0 best=0.0
185.80,668,242.2,0.13,-0.24,20,-78.5875,BEND,1.43;0.48;0.33;0.27;0.28;0.32;0.49;1.39;4.54;1.45;0.95;0.81;0.78;0.93;1.37;3.73,tick=227728 goal=0 lap=0 last=0.0 best=0.0
186.06,669,234.1,0.15,-0.21,20,-75.14083333333335,BEND,-1.00;0.59;0.36;0.28;0.27;0.28;0.41;0.85;6.00;1.81;1.06;0.84;0.80;0.90;1.21;2.42,tick=227754 goal=0 lap=0 last=0.0 best=0.0
186.33,670,231.0,0.17,-0.27,20,-85,BEND,6.00;0.82;0.40;0.30;0.26;0.28;0.35;0.59;4.48;2.57;1.21;0.91;-1.00;0.87;1.05;1.75,tick=227781 goal=0 lap=0 last=0.0 best=0.0
186.59,671,219.5,0.21,-0.38,38,-55.41916666666666,FWD,3.52;1.54;0.51;0.32;0.29;0.27;0.32;0.50;1.34;4.79;1.46;0.95;0.79;0.79;0.93;1.36,tick=227808 goal=0 lap=0 last=0.0 best=0.0
186.86,672,207.7,0.24,-0.27,38,-40.148333333333326,FWD,1.84;6.00;0.84;0.44;0.36;0.30;0.34;0.43;0.81;6.00;2.04;1.05;0.81;0.74;0.80;1.03,tick=227834 goal=0 lap=0 last=0.0 best=0.0
187.12,673,199.6,0.31,-0.28,20,-4.337499999999986,BEND,1.24;3.96;1.64;0.64;0.46;0.40;0.41;0.46;0.74;2.49;3.02;1.15;0.80;0.69;0.70;0.82,tick=227861 goal=0 lap=0 last=0.0 best=0.0
187.39,674,198.2,0.32,-0.03,20,64.19583333333334,BEND,0.93;2.18;3.42;0.95;0.62;0.50;0.50;0.57;0.82;1.98;4.36;1.11;0.71;0.58;0.57;0.66,tick=227887 goal=0 lap=0 last=0.0 best=0.0
187.66,675,198.7,0.34,0.44,20,68.81166666666664,BEND,0.82;2.34;2.87;1.06;0.70;0.61;0.61;0.70;1.10;3.26;2.35;0.84;0.53;0.48;0.45;0.54,tick=227914 goal=0 lap=0 last=0.0 best=0.0
187.92,676,211.5,0.32,0.46,20,53.04083333333333,BEND,1.10;5.99;1.54;0.91;0.72;0.67;0.75;1.01;2.07;6.00;0.88;0.50;0.39;0.38;0.41;0.55,tick=227940 goal=0 lap=0 last=0.0 best=0.0
188.19,677,222.3,0.34,0.32,20,85,BEND,2.60;2.58;-1.00;0.82;0.73;0.76;0.91;1.46;5.99;1.29;0.55;0.38;0.32;0.34;0.42;0.66,tick=227967 goal=0 lap=0 last=0.0 best=0.0
188.46,678,238.3,0.34,0.58,20,36.52,BEND,6.00;1.63;0.94;0.77;0.71;0.79;1.08;2.23;5.99;0.77;0.44;0.35;0.34;0.35;0.51;0.98,tick=227994 goal=0 lap=0 last=0.0 best=0.0
188.73,679,253.7,0.33,0.26,38,21.40083333333333,FWD,1.86;0.96;0.73;0.67;0.73;0.94;1.66;5.99;1.08;0.55;0.41;0.39;0.40;0.50;0.89;6.00,tick=228021 goal=0 lap=0 last=0.0 best=0.0
188.99,680,0.0,0.00,0.16,20,-10.841666666666663,BEND,1.28;0.77;0.62;0.59;0.66;0.91;1.95;6.00;0.99;0.60;-1.00;0.45;0.51;0.68;1.45;5.99,tick=228047 goal=0 lap=0 last=0.0 best=0.0
189.26,681,262.6,0.38,-0.10,20,-42.34083333333333,BEND,1.00;0.61;0.53;0.50;0.57;0.80;1.86;5.00;1.14;-1.00;0.57;0.56;0.61;0.89;1.93;4.03,tick=228074 goal=0 lap=0 last=0.0 best=0.0
189.52,682,258.2,0.36,-0.32,20,-52.560833333333335,BEND,0.96;0.54;0.43;0.40;0.46;0.58;1.12;5.98;1.59;0.88;0.66;0.62;0.69;0.90;1.73;6.00,tick=228100 goal=0 lap=0 last=0.0 best=0.0
189.79,683,246.2,0.36,-0.39,20,-54.795,BEND,1.37;0.57;0.40;0.33;0.36;0.43;0.66;2.35;3.02;1.18;0.81;0.70;0.72;0.88;1.32;4.38,tick=228127 goal=0 lap=0 last=0.0 best=0.0
190.05,684,231.3,0.35,-0.36,20,-48.47333333333333,BEND,6.00;0.75;0.43;0.34;0.30;0.35;0.45;0.90;6.00;1.76;0.98;0.77;0.72;0.77;1.03;2.00,tick=228154 goal=0 lap=0 last=0.0 best=0.0
190.32,685,221.6,0.35,-0.32,38,-40.57416666666666,FWD,4.23;1.36;0.55;0.39;0.32;0.33;0.41;0.62;2.12;3.16;1.22;0.82;0.73;0.73;0.86;1.33,tick=228180 goal=0 lap=0 last=0.0 best=0.0
190.58,686,215.6,0.37,-0.31,38,-19.796666666666674,FWD,1.95;5.53;0.83;0.49;0.39;0.36;0.44;0.55;1.15;6.00;1.52;0.89;0.68;0.65;0.74;0.97,tick=228207 goal=0 lap=0 last=0.0 best=0.0
190.85,687,204.1,0.43,-0.17,20,12.426666666666673,BEND,1.26;6.00;1.39;0.67;0.49;0.44;0.48;0.59;1.03;5.99;1.84;0.89;0.60;0.57;0.59;0.75,tick=228233 goal=0 lap=0 last=0.0 best=0.0
191.12,688,200.9,0.44,0.11,20,48.712499999999984,BEND,0.92;3.90;1.95;0.89;0.62;0.56;0.58;0.69;1.17;5.34;1.72;0.76;0.50;0.47;0.47;0.58,tick=228260 goal=0 lap=0 last=0.0 best=0.0
191.38,689,209.8,0.40,0.39,20,59.7625,BEND,0.94;5.99;1.67;0.92;0.71;0.65;0.70;0.94;1.76;6.00;0.95;0.49;0.39;0.35;0.40;0.51,tick=228286 goal=0 lap=0 last=0.0 best=0.0
191.65,690,218.2,0.37,0.48,20,56.30666666666667,BEND,1.75;3.06;1.21;0.85;0.73;0.73;0.86;1.36;4.46;1.40;0.55;0.36;0.28;0.28;0.37;0.57,tick=228313 goal=0 lap=0 last=0.0 best=0.0
191.91,691,236.8,0.38,0.43,38,45.55666666666666,FWD,6.00;1.56;0.95;0.73;0.73;0.82;1.11;2.37;4.15;0.63;0.39;0.30;0.29;0.32;0.47;0.93,tick=228339 goal=0 lap=0 last=0.0 best=0.0
192.18,692,251.1,0.39,0.38,38,29.730833333333337,FWD,2.36;1.06;0.79;0.67;0.71;0.86;1.43;6.00;1.21;0.53;0.38;0.32;0.34;0.42;0.69;2.85,tick=228366 goal=0 lap=0 last=0.0 best=0.0
192.44,693,257.0,0.44,0.23,20,-2.6858333333333455,BEND,1.32;0.79;0.62;0.59;0.67;0.90;1.88;6.00;0.93;-1.00;0.43;0.41;0.45;0.61;1.26;6.00,tick=228393 goal=0 lap=0 last=0.0 best=0.0
192.71,694,259.9,0.45,-0.01,20,-48.318333333333335,BEND,0.92;0.61;0.50;0.48;0.57;0.81;2.03;3.71;1.03;0.66;0.54;0.53;0.61;0.86;2.10;3.08,tick=228419 goal=0 lap=0 last=0.0 best=0.0
192.97,695,259.7,0.40,-0.37,20,-66.56,BEND,0.82;0.49;0.37;0.35;0.39;0.56;1.15;6.00;1.46;0.86;0.65;0.64;0.71;0.96;1.94;5.01,tick=228446 goal=0 lap=0 last=0.0 best=0.0
193.24,696,245.2,0.40,-0.55,20,-56.97583333333333,BEND,1.18;0.48;0.34;0.28;0.31;0.36;0.58;2.04;3.02;1.20;0.81;0.72;0.71;0.87;1.33;4.48,tick=228472 goal=0 lap=0 last=0.0 best=0.0
193.51,697,227.2,0.39,-0.42,20,-52.58416666666667,BEND,5.98;0.80;0.40;0.30;0.27;0.26;0.37;0.63;5.91;2.21;1.08;0.80;0.73;0.78;0.97;1.65,tick=228499 goal=0 lap=0 last=0.0 best=0.0
193.77,698,212.0,0.40,-0.37,38,-35.596666666666664,FWD,2.38;2.59;0.61;0.40;0.32;0.30;0.33;0.49;1.10;6.00;1.46;0.87;0.71;0.71;0.78;1.08,tick=228525 goal=0 lap=0 last=0.0 best=0.0
194.04,699,0.0,0.38,-0.24,20,-5.339999999999999,BEND,1.30;5.99;1.17;0.56;0.44;0.37;0.40;0.47;0.84;5.71;1.99;0.93;0.69;0.59;0.64;0.81,tick=228552 goal=0 lap=0 last=0.0 best=0.0
194.30,700,200.2,0.40,-0.03,20,-85,BEND,0.93;2.73;2.19;0.85;0.58;0.49;0.50;0.59;0.93;2.89;2.41;0.87;-1.00;0.53;0.51;0.61,tick=228578 goal=0 lap=0 last=0.0 best=0.0
194.79,701,176.1,0.31,-0.00,20,-70,REV,0.33;0.50;1.66;2.90;1.21;-1.00;0.75;0.75;0.90;1.43;5.19;1.08;0.42;0.31;0.27;0.26,tick=228627 goal=0 lap=0 last=0.0 best=0.0
195.05,702,175.5,0.13,-0.17,20,-70,REV,0.19;0.27;0.78;3.97;1.46;1.00;0.85;0.85;1.01;1.54;4.57;0.78;0.27;0.19;0.16;0.16,tick=228654 goal=0 lap=0 last=0.0 best=0.0
195.32,703,172.7,-0.01,0.06,20,-70,REV,0.13;0.21;0.47;5.56;-1.00;1.07;0.88;0.87;1.02;1.45;3.66;0.83;-1.00;0.16;0.11;0.10,tick=228680 goal=0 lap=0 last=0.0 best=0.0
195.80,704,178.1,-0.14,0.00,20,-70,REV,0.26;0.38;1.49;2.89;1.26;0.89;0.79;0.84;0.99;1.60;5.99;0.76;0.33;0.23;0.18;0.20,tick=228729 goal=0 lap=0 last=0.0 best=0.0
196.07,705,182.4,-0.16,0.22,20,-70,REV,0.33;0.56;2.67;2.37;1.10;0.81;0.71;0.76;0.93;1.56;6.00;0.89;0.42;0.28;0.27;0.26,tick=228755 goal=0 lap=0 last=0.0 best=0.0
196.34,706,192.7,-0.14,0.25,20,-70,REV,0.45;0.87;5.99;1.62;0.93;0.71;0.66;0.75;0.97;1.91;6.00;0.80;0.45;0.34;0.32;0.36,tick=228782 goal=0 lap=0 last=0.0 best=0.0
196.82,707,201.0,-0.16,-0.03,20,-70,REV,0.74;2.21;2.65;0.99;0.68;0.60;0.58;0.70;1.07;3.33;2.00;0.73;0.50;0.42;0.41;0.48,tick=228830 goal=0 lap=0 last=0.0 best=0.0
197.09,708,203.9,-0.15,0.24,20,-70,REV,0.85;3.00;2.10;0.89;0.62;0.57;0.56;0.66;1.06;3.90;1.89;0.77;0.53;0.45;0.46;0.55,tick=228857 goal=0 lap=0 last=0.0 best=0.0
197.35,709,205.5,-0.15,0.20,20,-70,REV,1.16;5.99;1.39;0.71;0.54;0.49;0.52;0.69;1.23;6.00;1.39;0.71;0.56;0.48;0.51;0.67,tick=228883 goal=0 lap=0 last=0.0 best=0.0
197.62,710,214.4,-0.16,0.00,20,8.009166666666665,BEND,1.66;5.36;0.99;0.61;0.50;0.46;0.52;0.70;1.56;5.99;1.15;0.68;0.53;0.50;0.58;0.82,tick=228910 goal=0 lap=0 last=0.0 best=0.0
197.88,711,217.4,-0.10,-0.03,38,-2.881666666666664,FWD,2.23;2.76;0.84;0.55;0.47;0.46;0.53;0.77;1.99;3.65;1.04;0.67;0.55;0.55;0.65;0.91,tick=228937 goal=0 lap=0 last=0.0 best=0.0
198.15,712,220.7,-0.01,0.03,38,-6.693333333333334,FWD,2.23;2.78;0.85;0.55;0.45;0.44;0.53;0.75;1.92;3.81;1.07;0.68;0.57;0.56;0.63;0.90,tick=228963 goal=0 lap=0 last=0.0 best=0.0
198.41,713,216.0,0.12,-0.02,20,-4.469999999999994,BEND,2.21;2.86;0.83;0.55;0.45;0.47;0.52;0.77;1.90;3.83;1.07;0.67;0.57;0.55;0.63;0.89,tick=228990 goal=0 lap=0 last=0.0 best=0.0
198.68,714,0.0,0.13,0.01,20,1.0291666666666637,BEND,2.05;3.14;0.90;0.57;0.48;0.47;0.54;0.78;1.92;3.94;1.03;0.66;0.56;0.53;0.61;0.88,tick=229016 goal=0 lap=0 last=0.0 best=0.0
198.95,715,216.5,0.18,0.03,20,7.646666666666666,BEND,1.92;3.35;0.95;0.61;0.50;0.47;0.57;0.81;1.98;3.85;0.99;0.64;0.52;0.50;0.58;0.83,tick=229043 goal=0 lap=0 last=0.0 best=0.0
199.21,716,218.5,0.23,0.06,20,14.656666666666668,BEND,1.89;3.33;0.97;0.64;0.52;0.52;0.59;0.86;2.16;3.42;0.93;0.60;0.50;0.47;0.54;0.80,tick=229069 goal=0 lap=0 last=0.0 best=0.0
199.48,717,215.8,0.23,0.08,20,-85,BEND,1.98;3.02;1.00;0.66;0.55;0.55;0.64;0.94;2.51;2.76;0.86;-1.00;0.47;0.45;0.52;0.78,tick=229096 goal=0 lap=0 last=0.0 best=0.0
199.74,718,217.4,0.25,-0.39,20,46.99333333333333,BEND,1.53;4.26;1.12;0.70;0.57;0.57;0.65;0.94;2.18;3.57;0.85;0.53;0.43;0.40;0.48;0.67,tick=229122 goal=0 lap=0 last=0.0 best=0.0
200.01,719,209.7,0.24,0.26,20,54.28833333333334,BEND,0.92;5.99;1.60;0.86;0.66;0.61;0.67;0.86;1.58;5.99;1.01;0.54;0.39;0.36;0.39;0.51,tick=229149 goal=0 lap=0 last=0.0 best=0.0
200.27,720,215.0,0.25,0.32,20,52.47666666666666,BEND,1.22;4.65;1.29;0.81;0.67;0.65;0.77;1.08;2.63;2.58;0.63;0.40;0.34;0.33;0.36;0.54,tick=229176 goal=0 lap=0 last=0.0 best=0.0
200.54,721,224.2,0.28,0.28,20,52.71,BEND,2.62;2.35;1.07;0.77;0.68;0.71;0.88;1.43;-1.00;1.06;0.48;0.34;0.28;0.30;0.38;0.62,tick=229202 goal=0 lap=0 last=0.0 best=0.0
200.81,722,234.5,0.29,0.29,20,45.06,BEND,6.00;1.53;0.91;0.71;0.67;0.75;1.02;2.10;6.00;0.69;0.41;0.29;0.28;0.33;0.44;0.84,tick=229229 goal=0 lap=0 last=0.0 best=0.0
201.07,723,245.1,0.32,0.26,38,34.71583333333333,FWD,3.04;1.15;0.79;0.66;0.69;0.80;1.24;3.77;1.52;0.56;0.36;0.32;0.33;0.39;0.58;1.66,tick=229255 goal=0 lap=0 last=0.0 best=0.0
201.34,724,251.5,0.34,0.23,38,18.216666666666658,FWD,1.80;0.92;0.68;0.61;0.64;0.84;1.44;6.00;1.07;0.53;0.40;0.35;0.39;0.47;0.80;5.97,tick=229282 goal=0 lap=0 last=0.0 best=0.0
201.60,725,257.3,0.38,0.15,20,-9.624166666666671,BEND,1.22;0.72;0.56;0.55;0.60;0.81;1.63;6.00;1.02;0.59;0.45;0.42;0.48;0.63;1.23;6.00,tick=229308 goal=0 lap=0 last=0.0 best=0.0
201.87,726,259.2,0.39,-0.03,20,-41.362500000000004,BEND,0.98;0.58;0.47;0.42;0.50;0.69;1.49;5.99;1.16;0.69;0.54;0.53;0.57;0.78;1.65;5.06,tick=229335 goal=0 lap=0 last=0.0 best=0.0
202.13,727,254.3,0.37,-0.33,20,-51.3,BEND,0.96;0.51;0.38;0.36;0.39;0.52;0.91;6.00;1.65;0.87;0.66;0.62;0.65;0.85;1.53;6.00,tick=229362 goal=0 lap=0 last=0.0 best=0.0
202.40,728,244.8,0.00,-0.39,20,-51.52333333333333,BEND,1.39;0.54;0.36;0.29;0.29;0.35;0.55;1.69;3.31;1.19;0.80;0.67;0.66;0.78;1.20;3.45,tick=229388 goal=0 lap=0 last=0.0 best=0.0
202.66,729,233.6,0.38,-0.37,20,-46.48583333333333,BEND,5.99;0.72;0.38;0.30;0.29;0.32;0.41;0.73;6.00;1.78;0.97;0.74;0.70;0.72;0.95;-1.00,tick=229415 goal=0 lap=0 last=0.0 best=0.0
202.93,730,221.4,0.35,-0.32,38,-37.34833333333334,FWD,3.48;1.36;0.51;0.36;0.30;0.31;0.34;0.54;1.69;3.30;1.17;0.81;0.67;0.68;0.79;1.19,tick=229441 goal=0 lap=0 last=0.0 best=0.0
203.20,731,213.5,0.38,-0.31,20,-16.058333333333326,BEND,1.75;6.00;0.79;0.47;0.37;0.34;0.37;0.52;1.03;6.00;1.45;0.82;0.65;0.60;0.67;0.90,tick=229468 goal=0 lap=0 last=0.0 best=0.0
203.46,732,204.8,0.40,-0.14,20,14.312499999999998,BEND,1.12;6.00;1.34;0.64;0.48;0.41;0.46;0.57;0.96;6.00;1.70;0.81;0.58;0.51;0.55;0.69,tick=229494 goal=0 lap=0 last=0.0 best=0.0
203.73,733,205.9,0.38,0.09,20,45.715833333333336,BEND,0.90;4.17;1.74;0.82;0.59;0.52;0.55;0.68;1.14;5.89;1.46;0.65;0.48;0.43;0.44;0.54,tick=229521 goal=0 lap=0 last=0.0 best=0.0
203.99,734,209.9,0.38,0.37,20,53.598333333333336,BEND,0.87;6.00;1.52;0.83;0.66;0.62;0.67;0.88;1.66;6.00;0.85;0.48;0.36;0.33;0.34;0.47,tick=229547 goal=0 lap=0 last=0.0 best=0.0
204.26,735,218.3,0.36,0.36,20,53.28500000000001,BEND,1.40;3.22;1.19;0.79;0.67;0.68;-1.00;1.21;3.54;1.46;0.49;0.36;0.28;0.29;0.35;0.50,tick=229574 goal=0 lap=0 last=0.0 best=0.0
204.52,736,232.0,0.37,0.40,20,47.495000000000005,BEND,6.00;1.68;0.93;0.72;0.67;0.75;0.99;1.88;6.00;0.67;0.38;0.30;0.25;0.28;0.38;0.69,tick=229601 goal=0 lap=0 last=0.0 best=0.0
204.79,737,0.0,0.34,0.33,38,38.24583333333334,FWD,3.15;1.15;0.77;0.67;0.68;0.81;1.20;3.57;1.44;0.51;0.34;0.31;0.28;0.34;0.51;1.41,tick=229627 goal=0 lap=0 last=0.0 best=0.0
205.05,738,249.8,0.38,0.30,20,17.10833333333332,BEND,1.62;0.86;0.65;0.60;0.65;0.83;1.49;6.00;0.94;0.48;0.35;0.33;0.37;0.46;0.80;5.98,tick=229654 goal=0 lap=0 last=0.0 best=0.0
205.32,739,259.9,0.38,0.15,20,-85,BEND,1.07;0.66;0.51;0.52;0.57;0.80;1.77;4.84;0.90;0.54;0.45;0.43;-1.00;0.64;1.38;5.16,tick=229680 goal=0 lap=0 last=0.0 best=0.0
205.59,740,253.1,0.36,-0.66,20,-22.27250000000001,BEND,0.96;0.56;0.44;0.41;0.46;0.61;1.24;6.00;1.25;0.72;0.54;0.52;0.57;0.75;1.50;6.00,tick=229707 goal=0 lap=0 last=0.0 best=0.0
205.85,741,244.8,0.36,-0.17,20,85,BEND,1.84;0.63;0.42;0.35;-1.00;0.41;0.65;1.77;3.22;1.06;0.70;0.58;0.59;0.69;0.99;2.67,tick=229733 goal=0 lap=0 last=0.0 best=0.0
206.12,742,245.7,0.35,0.62,20,-69.33666666666667,BEND,1.43;0.54;0.38;0.33;0.32;0.38;0.63;1.93;2.88;1.04;0.72;0.60;0.60;0.73;1.10;3.30,tick=229760 goal=0 lap=0 last=0.0 best=0.0
206.60,743,248.1,0.29,0.01,20,70,REV,0.91;0.34;0.24;0.19;0.21;0.25;0.40;1.28;3.32;1.24;0.85;0.74;0.74;0.86;1.32;3.94,tick=229808 goal=0 lap=0 last=0.0 best=0.0
206.87,744,249.1,0.14,0.16,20,70,REV,0.69;0.30;0.20;0.18;0.18;0.22;0.36;1.44;2.94;1.22;0.84;0.74;0.75;0.92;1.44;5.00,tick=229835 goal=0 lap=0 last=0.0 best=0.0
207.13,745,248.7,-0.02,-0.04,20,70,REV,0.58;0.27;0.21;0.18;0.17;0.24;0.39;2.03;2.58;1.16;0.85;0.74;0.77;0.94;1.57;5.99,tick=229862 goal=0 lap=0 last=0.0 best=0.0
207.62,746,240.4,-0.15,0.02,20,70,REV,1.17;0.36;0.23;0.20;0.19;0.23;0.35;0.89;4.66;1.38;0.90;0.74;0.72;0.83;1.21;3.05,tick=229910 goal=0 lap=0 last=0.0 best=0.0
207.88,747,240.1,-0.14,-0.21,20,70,REV,1.59;0.43;0.26;0.21;0.21;0.24;0.36;0.83;5.94;1.44;0.88;0.72;0.72;0.83;1.12;2.63,tick=229937 goal=0 lap=0 last=0.0 best=0.0
208.15,748,233.7,-0.15,-0.20,20,70,REV,6.00;0.55;0.29;0.24;0.23;0.24;0.33;0.59;6.00;1.79;1.00;0.74;0.71;0.75;1.01;1.86,tick=229963 goal=0 lap=0 last=0.0 best=0.0
208.42,749,227.4,-0.15,-0.22,20,-60.83916666666667,BEND,6.00;0.74;0.35;0.24;0.23;0.24;0.29;0.46;2.38;2.48;1.12;0.80;0.71;0.74;0.90;1.49,tick=229990 goal=0 lap=0 last=0.0 best=0.0
208.68,750,223.8,-0.10,0.15,20,-74.66916666666665,BEND,4.39;0.83;0.33;0.23;0.20;0.22;0.23;0.41;1.38;3.12;1.23;0.84;0.71;0.75;0.88;1.36,tick=230016 goal=0 lap=0 last=0.0 best=0.0
208.95,751,226.8,-0.03,0.00,20,-73.725,BEND,6.00;0.67;0.34;0.23;0.20;0.21;0.25;0.42;2.07;2.59;1.15;0.82;0.73;0.77;0.94;1.48,tick=230043 goal=0 lap=0 last=0.0 best=0.0
209.21,752,227.5,0.05,-0.05,20,-71.94749999999999,BEND,6.00;0.67;0.31;0.23;0.20;0.20;0.27;0.45;2.23;2.54;1.15;0.84;0.72;0.76;0.92;1.52,tick=230070 goal=0 lap=0 last=0.0 best=0.0
209.48,753,223.2,0.07,-0.13,20,-85,BEND,4.98;0.77;0.32;0.23;0.20;0.21;0.25;0.42;1.59;2.91;1.20;0.83;0.74;0.74;-1.00;1.42,tick=230096 goal=0 lap=0 last=0.0 best=0.0
209.74,754,214.8,0.10,-0.19,38,-60.249166666666675,FWD,3.40;1.07;0.37;0.26;0.22;0.22;0.26;0.36;1.06;3.91;1.32;0.86;0.72;0.72;0.84;1.25,tick=230123 goal=0 lap=0 last=0.0 best=0.0
210.01,755,212.5,0.18,-0.19,38,-53.92666666666666,FWD,2.13;2.93;0.51;0.29;0.25;0.22;0.26;0.35;0.74;5.99;1.57;0.91;0.72;0.69;0.78;1.03,tick=230149 goal=0 lap=0 last=0.0 best=0.0
210.28,756,204.8,0.25,-0.28,20,-32.655,BEND,1.46;6.00;0.82;0.38;0.31;0.29;0.28;0.38;0.63;4.99;2.04;0.98;0.72;0.64;0.67;0.86,tick=230176 goal=0 lap=0 last=0.0 best=0.0
210.54,757,200.2,0.29,-0.17,20,5.341666666666672,BEND,1.02;2.82;1.72;0.61;0.43;0.34;0.34;0.42;0.64;1.83;3.02;1.02;0.68;0.58;0.58;0.68,tick=230202 goal=0 lap=0 last=0.0 best=0.0
210.81,758,192.5,0.30,0.04,20,59.394166666666656,BEND,-1.00;1.83;3.02;0.86;0.54;0.46;0.45;0.50;0.72;1.80;3.67;0.96;0.59;0.49;0.48;0.55,tick=230229 goal=0 lap=0 last=0.0 best=0.0
211.07,759,200.3,0.29,0.38,20,61.445,BEND,0.71;2.13;2.38;0.92;0.63;0.54;0.54;0.65;1.00;3.17;1.83;0.68;0.45;0.38;0.40;0.47,tick=230255 goal=0 lap=0 last=0.0 best=0.0
211.56,760,218.3,0.25,0.01,20,-70,REV,1.11;4.17;1.21;0.77;0.65;0.62;0.74;1.07;2.73;1.89;0.55;-1.00;0.28;0.26;0.32;0.45,tick=230304 goal=0 lap=0 last=0.0 best=0.0
211.82,761,0.0,0.09,-0.11,20,-70,REV,0.89;5.30;1.33;0.82;0.70;0.67;0.76;1.09;2.54;2.14;0.50;0.30;0.25;0.25;0.27;0.40,tick=230331 goal=0 lap=0 last=0.0 best=0.0
212.09,762,215.8,-0.06,0.13,20,-70,REV,0.84;5.63;1.36;0.83;0.69;0.68;0.77;1.06;2.40;2.46;0.53;0.30;0.25;0.24;0.28;0.39,tick=230357 goal=0 lap=0 last=0.0 best=0.0
212.36,763,219.5,-0.15,0.26,20,58.77166666666668,BEND,1.22;3.40;1.17;0.79;0.65;0.65;0.79;1.17;3.29;1.44;0.47;0.29;0.27;0.27;0.31;0.45,tick=230384 goal=0 lap=0 last=0.0 best=0.0
212.62,764,225.0,-0.10,-0.11,20,60.130833333333335,BEND,1.77;2.57;1.06;0.72;0.64;0.65;0.79;1.27;4.49;1.15;0.45;0.32;0.29;0.30;0.34;0.52,tick=230410 goal=0 lap=0 last=0.0 best=0.0
212.89,765,220.7,0.00,-0.04,20,63.10916666666667,BEND,1.37;3.14;1.14;0.77;0.63;0.65;-1.00;1.16;3.36;1.48;0.53;0.34;0.28;0.28;0.32;0.49,tick=230437 goal=0 lap=0 last=0.0 best=0.0
213.15,766,222.8,0.03,0.06,20,59.952499999999986,BEND,1.35;3.23;1.15;0.75;0.65;0.63;0.74;1.14;3.29;1.51;0.52;0.33;0.30;0.26;0.33;0.50,tick=230464 goal=0 lap=0 last=0.0 best=0.0
213.42,767,222.2,0.07,0.00,20,60.76083333333334,BEND,1.59;2.78;1.08;0.73;0.65;0.67;0.78;1.21;3.92;1.27;0.47;0.32;0.28;0.27;0.34;0.52,tick=230490 goal=0 lap=0 last=0.0 best=0.0
213.68,768,225.2,0.11,0.17,20,54.76333333333334,BEND,2.33;2.23;1.02;0.73;0.65;0.69;0.85;1.35;5.99;0.95;0.42;0.31;0.26;0.28;0.34;0.55,tick=230517 goal=0 lap=0 last=0.0 best=0.0
213.95,769,227.9,0.15,0.21,20,51.85083333333332,BEND,6.00;1.75;0.93;0.71;0.65;0.69;0.90;1.62;5.99;0.72;0.38;0.27;0.25;0.28;0.35;0.65,tick=230543 goal=0 lap=0 last=0.0 best=0.0
214.22,770,240.3,0.19,0.21,20,45.98749999999998,BEND,5.99;1.40;0.85;0.67;0.64;0.72;1.00;2.10;3.97;0.60;0.36;0.28;0.28;0.28;0.40;0.82,tick=230570 goal=0 lap=0 last=0.0 best=0.0
214.48,771,240.3,0.19,0.20,38,39.62916666666666,FWD,3.49;1.17;0.77;0.65;0.63;0.73;1.12;3.04;1.61;0.49;0.33;0.27;0.28;0.34;0.48;1.24,tick=230596 goal=0 lap=0 last=0.0 best=0.0
214.75,772,248.6,0.24,0.21,38,29.60083333333332,FWD,2.14;0.96;0.67;0.61;0.63;0.79;1.25;5.57;1.12;0.50;0.36;0.29;0.31;0.38;0.61;2.45,tick=230623 goal=0 lap=0 last=0.0 best=0.0
215.01,773,253.0,0.32,0.21,20,10.679166666666664,BEND,1.46;0.79;0.60;0.56;0.59;0.80;1.43;6.00;0.95;0.51;0.39;0.34;0.38;0.47;0.89;5.98,tick=230649 goal=0 lap=0 last=0.0 best=0.0
215.28,774,254.8,0.34,0.05,20,-16.936666666666667,BEND,1.04;0.66;0.50;0.47;0.53;0.74;1.54;6.00;0.96;0.54;0.43;0.43;0.47;0.62;1.32;5.29,tick=230676 goal=0 lap=0 last=0.0 best=0.0
215.54,775,257.2,0.34,-0.10,20,-43.53333333333333,BEND,0.85;0.52;0.43;0.39;0.44;0.59;1.30;5.99;1.12;0.66;0.53;0.51;0.54;0.79;1.58;4.74,tick=230703 goal=0 lap=0 last=0.0 best=0.0
215.81,776,255.5,0.33,-0.28,20,-50.74750000000002,BEND,0.87;0.46;0.35;0.32;0.33;0.43;0.80;6.00;1.66;0.84;0.64;0.60;0.62;0.77;1.39;5.72,tick=230729 goal=0 lap=0 last=0.0 best=0.0
216.08,777,243.1,0.32,-0.33,20,-51.86416666666668,BEND,1.29;0.48;0.31;0.30;0.26;0.34;0.49;1.48;3.18;1.14;0.76;0.64;0.65;0.76;1.14;3.06,tick=230756 goal=0 lap=0 last=0.0 best=0.0
216.34,778,232.2,0.33,-0.37,20,-46.99583333333332,BEND,4.75;0.61;0.34;0.26;0.25;0.27;0.37;0.70;6.00;1.61;0.92;0.69;0.63;0.70;0.93;1.73,tick=230783 goal=0 lap=0 last=0.0 best=0.0
216.61,779,223.4,0.34,-0.31,38,-39.22916666666667,FWD,3.74;1.06;0.45;0.31;0.26;0.26;0.31;0.52;1.77;2.74;1.08;0.74;0.64;0.65;0.76;1.18,tick=230809 goal=0 lap=0 last=0.0 best=0.0
216.87,780,214.8,0.35,-0.26,20,-24.474999999999994,BEND,1.82;3.71;0.66;0.39;0.30;0.29;0.33;0.46;0.98;5.99;1.30;0.77;0.62;0.57;0.67;0.90,tick=230836 goal=0 lap=0 last=0.0 best=0.0
217.14,781,203.8,0.37,-0.16,20,4.660833333333338,BEND,1.17;5.10;1.10;0.54;0.41;0.39;0.39;0.52;0.89;5.99;1.53;0.76;0.56;0.49;0.55;0.68,tick=230864 goal=0 lap=0 last=0.0 best=0.0
217.41,782,204.9,0.37,0.07,20,33.46166666666666,BEND,0.88;-1.00;1.60;0.72;0.51;0.47;0.48;0.58;0.97;4.71;1.53;0.69;0.50;0.42;0.44;0.55,tick=230889 goal=0 lap=0 last=0.0 best=0.0
217.89,783,212.8,0.30,-0.01,20,-70,REV,0.74;4.32;1.46;0.82;-1.00;0.61;0.65;0.91;1.78;6.00;0.66;0.39;0.30;0.26;0.29;0.38,tick=230937 goal=0 lap=0 last=0.0 best=0.0
218.16,784,208.7,0.12,-0.18,20,-70,REV,0.58;4.50;1.70;0.91;0.69;0.65;0.71;0.90;1.70;5.99;0.62;0.32;0.26;0.23;0.24;0.33,tick=230964 goal=0 lap=0 last=0.0 best=0.0
218.42,785,206.4,-0.01,0.05,20,-70,REV,0.50;4.76;1.97;0.98;0.74;0.68;0.69;0.90;1.58;6.00;0.66;0.31;0.26;0.20;0.22;0.31,tick=230991 goal=0 lap=0 last=0.0 best=0.0
218.91,786,212.5,-0.15,0.01,20,-70,REV,0.82;4.01;1.34;0.80;0.64;0.63;0.71;0.98;2.15;3.04;0.56;0.33;0.26;0.26;0.28;0.40,tick=231039 goal=0 lap=0 last=0.0 best=0.0
219.18,787,213.5,-0.15,0.20,20,-70,REV,1.02;3.72;1.20;-1.00;0.61;0.60;0.69;0.99;2.34;2.33;0.57;0.36;0.29;0.31;0.32;0.43,tick=231066 goal=0 lap=0 last=0.0 best=0.0
219.44,788,226.0,-0.15,0.21,20,-70,REV,1.76;2.58;0.98;0.68;0.58;0.59;0.72;1.12;4.04;1.28;0.48;0.35;0.30;0.30;0.37;0.55,tick=231092 goal=0 lap=0 last=0.0 best=0.0
219.71,789,232.6,-0.14,0.21,20,33.2475,BEND,5.03;1.67;0.84;0.63;0.57;0.61;0.80;1.39;6.00;0.91;0.46;0.35;0.31;0.33;0.41;0.71,tick=231119 goal=0 lap=0 last=0.0 best=0.0
219.97,790,234.9,-0.11,-0.06,75,40.425,FAST,4.63;1.42;0.80;0.62;0.56;0.63;0.84;1.61;6.00;0.78;0.43;0.33;0.31;0.33;0.44;-1.00,tick=231146 goal=0 lap=0 last=0.0 best=0.0
220.24,791,232.7,0.04,0.04,20,37.83583333333333,BEND,4.83;1.49;0.82;0.61;0.56;0.62;0.79;1.53;5.99;0.81;0.43;0.32;0.30;0.33;0.42;0.78,tick=231172 goal=0 lap=0 last=0.0 best=0.0
220.50,792,235.6,0.15,0.10,20,34.048333333333325,BEND,4.41;1.34;0.78;0.60;0.57;0.64;0.84;1.73;5.99;0.73;0.40;0.33;0.32;0.33;0.46;0.88,tick=231199 goal=0 lap=0 last=0.0 best=0.0
220.77,793,238.6,0.19,0.10,38,-85,FWD,3.96;1.20;0.74;0.58;0.57;0.65;0.91;2.04;3.22;0.67;0.41;0.33;0.31;0.36;-1.00;1.05,tick=231225 goal=0 lap=0 last=0.0 best=0.0
221.04,794,237.3,0.24,-0.41,38,41.16166666666666,FWD,3.72;1.15;0.69;0.56;0.57;0.64;0.89;2.06;3.00;0.68;0.43;0.34;0.32;0.38;0.52;1.12,tick=231252 goal=0 lap=0 last=0.0 best=0.0
221.31,795,229.0,0.29,0.25,20,23.75333333333334,BEND,4.47;1.51;0.78;0.59;0.53;0.58;0.74;1.39;6.00;0.92;0.48;0.37;0.32;0.35;0.46;0.81,tick=231279 goal=0 lap=0 last=0.0 best=0.0
221.58,796,234.8,0.36,0.18,38,21.493333333333325,FWD,3.52;1.14;0.70;0.55;0.55;0.62;0.86;1.94;3.46;0.70;0.45;0.35;0.33;0.36;0.53;1.12,tick=231306 goal=0 lap=0 last=0.0 best=0.0
221.84,797,244.5,0.36,0.16,38,11.762499999999996,FWD,2.67;0.93;0.62;0.53;0.52;0.60;0.91;2.57;2.00;0.68;0.45;0.36;0.37;0.42;0.62;1.57,tick=231333 goal=0 lap=0 last=0.0 best=0.0
222.11,798,246.1,0.40,0.08,20,-0.4583333333333419,BEND,1.97;0.77;0.55;0.47;0.47;0.59;0.91;3.58;1.65;0.68;0.47;0.39;0.42;0.48;0.77;4.59,tick=231359 goal=0 lap=0 last=0.0 best=0.0
222.37,799,251.1,0.40,0.02,20,-20.319166666666675,BEND,1.52;0.65;0.46;0.40;0.42;0.53;0.84;4.16;1.67;0.75;0.52;0.47;0.48;0.58;0.92;4.01,tick=231386 goal=0 lap=0 last=0.0 best=0.0
222.64,800,246.0,0.38,-0.21,20,-28.603333333333335,BEND,1.49;0.60;0.41;0.35;0.36;0.42;0.68;2.65;2.12;0.86;0.61;0.53;0.53;0.63;0.97;3.88,tick=231412 goal=0 lap=0 last=0.0 best=0.0
222.91,801,240.7,0.40,-0.27,20,-35.233333333333334,BEND,1.83;0.60;0.39;0.31;0.30;0.34;0.52;1.29;3.74;1.08;0.71;0.58;0.57;0.66;0.90;4.31,tick=231439 goal=0 lap=0 last=0.0 best=0.0
223.17,802,231.7,0.38,-0.25,20,-34.249166666666675,BEND,2.43;0.74;0.39;0.31;0.28;0.33;0.40;0.78;6.00;1.45;0.79;0.60;0.58;0.63;0.80;1.57,tick=231465 goal=0 lap=0 last=0.0 best=0.0
223.44,803,227.6,0.37,-0.24,38,-25.27833333333333,FWD,2.87;1.13;0.48;0.35;0.30;0.33;0.37;0.61;2.85;2.07;0.91;0.63;0.57;0.57;0.70;1.11,tick=231492 goal=0 lap=0 last=0.0 best=0.0
223.70,804,216.7,0.39,-0.17,20,-13.064999999999998,BEND,3.42;1.54;0.67;0.41;0.35;0.32;0.40;0.55;1.45;3.38;1.01;0.64;0.53;0.53;0.59;0.83,tick=231519 goal=0 lap=0 last=0.0 best=0.0
223.97,805,210.6,0.39,-0.11,20,8.608333333333334,BEND,3.95;1.87;0.88;0.56;0.42;0.41;0.43;0.61;1.22;6.00;1.06;0.61;0.49;0.47;0.52;0.66,tick=231545 goal=0 lap=0 last=0.0 best=0.0
224.23,806,216.8,0.39,0.09,20,28.580000000000002,BEND,3.98;1.86;0.98;0.66;0.52;0.48;0.53;0.67;1.37;6.00;0.94;0.52;0.39;0.34;0.40;0.54,tick=231572 goal=0 lap=0 last=0.0 best=0.0
224.50,807,219.0,0.39,0.22,20,36.432500000000005,BEND,3.15;1.63;0.94;0.67;0.57;0.54;0.60;0.85;1.92;2.93;0.67;0.40;0.33;0.29;0.36;0.52,tick=231598 goal=0 lap=0 last=0.0 best=0.0
224.77,808,225.5,0.36,0.28,20,40.10083333333334,BEND,2.27;1.31;0.82;0.64;0.59;0.62;0.72;1.10;4.04;1.18;0.45;0.30;0.28;0.24;0.35;0.64,tick=231625 goal=0 lap=0 last=0.0 best=0.0
225.03,809,233.3,0.36,0.32,38,29.899999999999995,FWD,1.61;1.01;0.71;0.57;0.59;0.62;0.82;1.51;5.99;0.66;0.36;0.27;0.26;0.30;0.45;3.71,tick=231651 goal=0 lap=0 last=0.0 best=0.0
225.30,810,239.6,0.37,0.24,20,9.545833333333348,BEND,1.18;0.77;0.59;0.53;0.54;0.69;0.94;2.23;2.18;0.52;0.34;0.32;0.32;0.40;0.88;2.22,tick=231678 goal=0 lap=0 last=0.0 best=0.0
225.56,811,248.8,0.38,0.07,20,-85,BEND,0.85;0.59;0.48;0.44;0.50;0.65;1.03;3.27;1.40;0.54;0.41;0.38;0.39;0.58;5.99;1.51,tick=231704 goal=0 lap=0 last=0.0 best=0.0
225.83,812,242.5,0.39,-0.67,20,-85,BEND,0.70;0.48;0.40;0.38;0.39;0.52;0.83;2.03;2.49;0.69;0.49;0.44;0.51;0.83;6.00;1.36,tick=231731 goal=0 lap=0 last=0.0 best=0.0
226.09,813,220.9,0.37,-0.63,20,-27.238333333333337,BEND,0.98;0.54;0.39;0.32;0.33;0.36;0.48;0.87;2.47;1.86;0.69;0.52;0.51;0.65;1.29;5.28,tick=231758 goal=0 lap=0 last=0.0 best=0.0
226.36,814,207.7,0.38,-0.21,20,-28.233333333333327,BEND,1.84;0.67;0.40;0.33;0.31;0.35;0.42;0.62;1.31;6.00;0.94;0.58;0.49;0.59;0.85;2.65,tick=231782 goal=0 lap=0 last=0.0 best=0.0
226.63,815,200.8,0.35,-0.21,20,-26.89833333333332,BEND,2.92;0.73;0.44;0.34;0.32;0.34;0.42;0.63;1.20;4.16;1.00;0.58;0.52;0.58;0.80;1.83,tick=231811 goal=0 lap=0 last=0.0 best=0.0
226.89,816,195.8,0.34,-0.20,38,-21.1825,FWD,6.00;0.91;0.48;0.35;0.31;0.35;0.41;0.61;1.11;2.89;1.03;0.57;0.50;0.55;0.71;1.37,tick=231837 goal=0 lap=0 last=0.0 best=0.0
227.16,817,187.8,0.38,-0.15,38,-14.504166666666674,FWD,6.00;1.17;0.54;0.41;0.34;0.35;0.42;0.62;1.12;2.51;0.98;0.58;0.50;0.53;0.65;1.06,tick=231864 goal=0 lap=0 last=0.0 best=0.0
227.42,818,188.2,0.41,-0.14,20,-2.787499999999995,BEND,2.97;1.68;0.65;0.45;0.37;0.39;0.44;0.65;1.20;2.46;0.90;0.55;0.47;0.48;0.58;0.87,tick=231891 goal=0 lap=0 last=0.0 best=0.0
227.69,819,183.5,0.41,-0.04,20,-85,BEND,2.12;2.25;0.78;0.53;0.44;0.43;0.50;0.71;1.32;2.61;0.82;0.51;0.42;0.42;-1.00;0.73,tick=231917 goal=0 lap=0 last=0.0 best=0.0
227.95,820,175.7,0.40,-0.68,20,50.05916666666667,BEND,1.15;6.00;1.09;0.61;0.49;0.47;0.54;0.71;1.25;2.42;0.88;0.51;0.39;0.37;0.40;0.55,tick=231944 goal=0 lap=0 last=0.0 best=0.0
228.44,821,175.0,0.32,-0.03,20,-70,REV,0.51;6.00;1.77;0.94;0.73;0.66;0.71;0.93;1.51;2.74;0.51;0.28;0.23;0.19;0.22;0.27,tick=231992 goal=0 lap=0 last=0.0 best=0.0
228.71,822,168.7,0.13,-0.19,20,-70,REV,0.34;2.82;2.11;1.06;0.78;0.69;0.77;0.94;1.53;2.75;0.43;0.22;-1.00;0.15;0.16;0.19,tick=232019 goal=0 lap=0 last=0.0 best=0.0
228.97,823,164.6,-0.01,0.03,20,-70,REV,0.25;1.10;2.62;1.16;0.81;0.73;0.77;0.93;1.43;2.57;0.43;0.19;0.15;0.12;0.12;0.15,tick=232045 goal=0 lap=0 last=0.0 best=0.0
229.46,824,173.9,-0.14,-0.01,20,-70,REV,0.45;6.00;1.78;0.96;0.75;0.68;0.74;0.95;1.61;2.89;0.41;0.24;0.18;0.17;0.17;0.25,tick=232094 goal=0 lap=0 last=0.0 best=0.0
229.72,825,171.4,-0.16,0.20,20,-70,REV,0.56;6.00;1.55;0.90;0.69;0.66;0.72;0.94;1.66;2.94;0.46;0.25;0.21;0.17;0.22;0.28,tick=232121 goal=0 lap=0 last=0.0 best=0.0
229.99,826,181.7,-0.16,0.21,20,-70,REV,0.91;4.16;1.23;0.79;0.66;0.66;0.74;1.05;1.89;3.31;0.42;0.27;0.20;0.20;0.26;0.37,tick=232147 goal=0 lap=0 last=0.0 best=0.0
230.25,827,186.3,-0.14,0.18,20,54.90333333333333,BEND,1.82;2.37;1.01;0.70;0.62;0.63;0.75;1.18;2.10;0.96;0.36;0.25;0.25;0.25;0.29;0.48,tick=232174 goal=0 lap=0 last=0.0 best=0.0
230.52,828,188.4,-0.12,-0.08,20,60.25583333333332,BEND,3.48;1.93;0.92;0.69;0.61;0.64;0.81;1.25;2.22;0.82;0.35;0.28;0.23;0.24;0.32;0.54,tick=232200 goal=0 lap=0 last=0.0 best=0.0
230.79,829,189.2,-0.04,-0.06,20,60.73750000000001,BEND,2.13;2.20;0.98;0.70;0.61;0.64;0.76;1.15;2.02;0.98;0.37;0.29;0.24;0.24;0.31;0.51,tick=232227 goal=0 lap=0 last=0.0 best=0.0
231.05,830,191.3,0.03,0.04,20,57.20416666666666,BEND,2.06;2.25;0.99;0.69;0.61;0.62;0.74;1.15;2.03;1.01;0.39;0.27;0.25;0.26;0.29;0.49,tick=232253 goal=0 lap=0 last=0.0 best=0.0
231.32,831,189.5,0.08,0.09,20,55.25916666666666,BEND,2.74;2.01;0.95;0.69;0.60;0.63;0.78;1.20;2.15;0.86;0.36;0.24;0.25;0.26;0.28;0.50,tick=232282 goal=0 lap=0 last=0.0 best=0.0
231.58,832,189.5,0.13,0.15,20,52.7225,BEND,6.00;1.72;0.91;0.68;0.63;0.67;0.83;1.34;2.40;0.69;0.33;0.27;0.25;0.24;0.32;0.59,tick=232307 goal=0 lap=0 last=0.0 best=0.0
231.85,833,197.7,0.17,0.00,20,55.459166666666675,BEND,5.98;1.44;0.82;0.66;0.64;0.69;0.90;1.55;2.76;0.55;0.33;0.24;0.24;0.25;0.34;0.69,tick=232333 goal=0 lap=0 last=0.0 best=0.0
232.12,834,201.3,0.18,0.21,38,40.01916666666666,FWD,4.18;1.20;0.76;0.62;0.62;0.68;0.99;1.81;3.29;0.45;0.28;0.26;0.26;0.30;0.42;1.01,tick=232357 goal=0 lap=0 last=0.0 best=0.0
232.38,835,208.3,0.23,0.16,38,35.82500000000001,FWD,2.35;0.98;0.67;0.61;0.61;0.75;1.10;2.17;1.16;0.45;0.31;0.26;0.28;0.33;0.52;1.87,tick=232386 goal=0 lap=0 last=0.0 best=0.0
232.65,836,214.6,0.30,0.20,20,-85,BEND,1.58;0.79;0.59;0.54;0.57;0.74;1.25;2.60;0.88;0.44;0.33;0.32;0.33;0.43;-1.00;6.00,tick=232413 goal=0 lap=0 last=0.0 best=0.0
232.91,837,211.8,0.33,-0.54,20,17.401666666666667,BEND,1.38;0.69;0.53;0.46;0.50;0.65;1.13;2.63;1.10;0.55;0.43;0.38;0.37;0.51;0.88;6.00,tick=232439 goal=0 lap=0 last=0.0 best=0.0
233.18,838,201.1,0.33,0.14,20,-5.919166666666669,BEND,2.75;0.85;0.56;0.44;0.44;0.51;0.76;1.75;3.83;0.78;0.52;0.42;0.42;0.48;0.70;1.78,tick=232466 goal=0 lap=0 last=0.0 best=0.0
233.44,839,207.1,0.33,-0.01,20,-11.47916666666667,BEND,2.17;0.77;0.49;0.41;0.41;0.49;0.75;1.83;4.16;0.82;0.54;0.42;0.47;0.52;0.79;2.17,tick=232493 goal=0 lap=0 last=0.0 best=0.0
233.71,840,205.7,0.33,-0.07,20,-16.505833333333335,BEND,2.36;0.71;0.47;0.39;0.39;0.46;0.66;1.60;4.14;0.90;0.57;0.49;0.47;0.54;0.80;2.04,tick=232519 goal=0 lap=0 last=0.0 best=0.0
233.97,841,200.2,0.32,-0.15,20,-21.715833333333332,BEND,3.10;0.74;0.46;0.37;0.34;0.40;0.58;1.27;4.01;1.03;0.64;0.52;0.51;0.57;0.80;1.81,tick=232546 goal=0 lap=0 last=0.0 best=0.0
234.24,842,197.6,0.32,-0.17,20,-20.705000000000016,BEND,6.00;0.79;0.46;0.36;0.36;0.38;0.51;1.01;3.78;1.19;0.69;0.53;0.52;0.56;0.76;1.53,tick=232572 goal=0 lap=0 last=0.0 best=0.0
234.51,843,192.7,0.32,-0.19,38,-19.695833333333326,FWD,-1.00;0.94;0.49;0.36;0.33;0.36;0.48;0.81;3.43;1.43;0.75;0.57;0.51;0.56;0.70;1.26,tick=232599 goal=0 lap=0 last=0.0 best=0.0
234.77,844,187.2,0.35,-0.14,38,-13.147499999999994,FWD,5.02;1.20;0.55;0.39;0.34;0.37;0.45;0.75;2.92;1.72;0.80;0.57;0.50;0.49;0.65;1.07,tick=232625 goal=0 lap=0 last=0.0 best=0.0
235.04,845,182.2,0.40,-0.08,38,-6.5674999999999955,FWD,2.88;1.68;0.65;0.43;0.39;0.36;0.45;0.70;2.27;2.09;0.81;0.57;0.48;0.48;0.58;0.90,tick=232652 goal=0 lap=0 last=0.0 best=0.0
235.30,846,184.8,0.42,-0.07,20,8.440833333333327,BEND,2.05;2.32;0.76;0.51;0.43;0.45;0.49;0.72;1.97;2.39;0.79;0.54;0.44;0.44;0.51;0.76,tick=232678 goal=0 lap=0 last=0.0 best=0.0
235.57,847,182.0,0.44,0.09,20,18.746666666666666,BEND,1.75;2.69;0.88;0.57;0.50;0.46;0.55;0.82;2.18;2.17;0.69;0.46;0.39;0.39;0.45;0.67,tick=232705 goal=0 lap=0 last=0.0 best=0.0
235.83,848,184.3,0.42,0.16,20,26.89416666666667,BEND,2.07;2.24;0.86;0.59;0.54;0.54;0.64;0.97;3.13;1.47;0.58;0.39;0.34;0.36;0.43;0.64,tick=232732 goal=0 lap=0 last=0.0 best=0.0
236.10,849,191.6,0.40,0.20,20,30.979166666666657,BEND,4.54;1.70;0.83;0.61;0.54;0.58;0.72;1.21;4.67;0.98;0.48;0.33;0.32;0.33;0.41;0.70,tick=232758 goal=0 lap=0 last=0.0 best=0.0
236.36,850,196.4,0.39,0.27,38,23.080000000000005,FWD,6.00;1.23;0.74;0.57;0.54;0.60;0.80;1.63;5.88;0.71;0.42;0.33;0.31;0.35;0.47;0.93,tick=232785 goal=0 lap=0 last=0.0 best=0.0
236.63,851,202.8,0.42,0.21,38,13.168333333333335,FWD,3.09;0.99;0.62;0.53;0.50;0.62;0.90;2.32;2.00;0.61;0.41;0.35;0.35;0.39;0.58;1.50,tick=232811 goal=0 lap=0 last=0.0 best=0.0
236.90,852,207.7,0.44,0.13,20,-2.190000000000003,BEND,1.83;0.79;0.54;0.47;0.48;0.57;0.94;3.38;1.53;0.66;0.45;0.37;0.41;0.49;0.76;2.75,tick=232838 goal=0 lap=0 last=0.0 best=0.0
237.16,853,211.9,0.44,-0.03,20,-20.02666666666666,BEND,1.38;0.62;0.44;0.41;0.41;0.53;0.83;3.84;1.60;0.71;0.51;0.46;0.48;0.60;0.94;4.29,tick=232864 goal=0 lap=0 last=0.0 best=0.0
237.43,854,210.1,0.43,-0.17,20,-31.425833333333323,BEND,1.36;0.56;0.40;0.33;0.34;0.43;0.65;2.36;2.09;0.86;0.61;0.51;0.53;0.63;1.02;3.52,tick=232891 goal=0 lap=0 last=0.0 best=0.0
237.69,855,203.5,0.41,-0.22,20,-38.27416666666667,BEND,2.12;0.57;0.36;0.30;0.29;0.34;0.47;1.17;-1.00;1.08;0.70;0.57;0.56;0.66;0.93;2.20,tick=232918 goal=0 lap=0 last=0.0 best=0.0
237.96,856,194.5,0.38,-0.29,20,-34.085833333333326,BEND,6.00;0.70;0.40;0.30;0.28;0.31;0.38;0.73;6.00;1.50;0.81;0.61;0.56;0.63;0.81;1.48,tick=232944 goal=0 lap=0 last=0.0 best=0.0
238.22,857,182.7,0.38,-0.22,38,-27.125833333333343,FWD,3.54;1.27;0.51;0.33;0.28;0.30;0.37;0.57;1.91;2.34;0.94;0.66;0.56;0.56;0.69;1.06,tick=232971 goal=0 lap=0 last=0.0 best=0.0
238.49,858,176.0,0.39,-0.21,20,-7.809999999999999,BEND,1.85;3.04;0.68;0.42;0.36;0.35;0.39;0.54;1.24;4.50;1.04;0.63;0.52;0.50;0.58;0.81,tick=232997 goal=0 lap=0 last=0.0 best=0.0
238.76,859,172.3,0.41,-0.05,20,13.3775,BEND,1.21;5.99;1.01;0.59;0.44;0.40;0.45;0.61;1.14;6.00;1.07;0.61;0.48;0.45;0.48;0.61,tick=233024 goal=0 lap=0 last=0.0 best=0.0
239.02,860,174.9,0.40,0.10,38,33.08749999999999,FWD,0.99;5.98;1.20;0.68;0.52;0.48;-1.00;0.71;1.35;6.00;0.91;0.52;0.40;0.37;0.40;-1.00,tick=233050 goal=0 lap=0 last=0.0 best=0.0
239.29,861,174.9,0.40,0.27,20,45.92583333333333,BEND,1.03;5.38;1.17;0.72;0.58;0.58;0.64;0.89;2.01;2.60;0.61;0.37;0.30;0.30;0.33;0.47,tick=233077 goal=0 lap=0 last=0.0 best=0.0
239.55,862,190.5,0.40,0.38,20,46.593333333333334,BEND,2.24;2.16;0.98;0.71;0.62;0.62;0.77;1.27;5.63;0.86;0.40;0.27;0.26;0.26;0.33;0.52,tick=233103 goal=0 lap=0 last=0.0 best=0.0
239.82,863,194.9,0.39,0.34,20,39.4075,BEND,6.00;1.32;0.79;0.61;0.61;0.70;0.93;2.04;2.67;0.52;0.32;0.26;0.25;0.27;0.37;0.81,tick=233130 goal=0 lap=0 last=0.0 best=0.0
240.08,864,211.7,0.40,0.33,38,85,FWD,2.05;0.91;0.65;0.58;-1.00;0.71;1.18;5.07;1.05;0.45;0.32;0.27;0.29;0.34;0.58;2.55,tick=233157 goal=0 lap=0 last=0.0 best=0.0
240.35,865,223.8,0.39,0.71,20,-26.085,BEND,1.03;0.64;0.52;0.49;0.56;0.79;1.78;3.15;0.73;0.47;0.37;0.36;0.40;0.58;1.28;4.70,tick=233183 goal=0 lap=0 last=0.0 best=0.0
240.84,866,232.2,0.36,-0.03,20,70,REV,0.37;0.27;0.23;0.26;0.29;0.50;2.30;2.14;0.97;0.71;0.63;0.64;0.80;1.28;6.00;0.82,tick=233232 goal=0 lap=0 last=0.0 best=0.0
241.10,867,235.2,0.15,0.20,20,70,REV,0.22;0.18;0.16;0.16;0.20;0.33;3.03;2.09;1.04;0.79;0.69;0.74;0.95;1.66;6.00;0.43,tick=233258 goal=0 lap=0 last=0.0 best=0.0
241.37,868,237.3,0.02,-0.01,20,70,REV,0.14;0.13;0.11;-1.00;0.18;0.32;6.00;1.85;1.04;0.81;0.73;0.79;1.05;2.02;5.07;0.29,tick=233285 goal=0 lap=0 last=0.0 best=0.0
241.85,869,234.2,-0.15,0.02,20,70,REV,0.27;0.20;0.17;0.18;0.23;0.38;1.90;2.28;1.05;0.76;0.66;0.71;0.88;1.44;5.99;0.59,tick=233333 goal=0 lap=0 last=0.0 best=0.0
242.12,870,230.3,-0.16,-0.23,20,70,REV,0.36;0.27;0.24;0.24;0.29;0.46;1.76;2.39;1.02;0.73;0.65;0.67;0.79;1.25;4.65;0.84,tick=233360 goal=0 lap=0 last=0.0 best=0.0
242.38,871,225.0,-0.14,-0.19,20,70,REV,0.52;0.33;0.27;0.29;0.32;0.45;1.12;3.83;1.11;0.73;0.60;0.59;0.67;0.96;2.47;1.76,tick=233387 goal=0 lap=0 last=0.0 best=0.0
242.87,872,213.9,-0.16,-0.02,20,70,REV,0.95;0.48;0.37;0.32;0.35;0.46;0.80;5.99;1.48;0.77;0.56;0.53;0.56;0.72;1.23;5.99,tick=233435 goal=0 lap=0 last=0.0 best=0.0
243.13,873,211.3,-0.15,-0.17,20,70,REV,1.16;0.54;0.42;0.34;0.37;0.47;0.78;5.02;1.57;0.75;0.56;0.50;0.51;0.65;1.10;6.00,tick=233462 goal=0 lap=0 last=0.0 best=0.0
243.40,874,204.7,-0.14,-0.20,20,70,REV,1.81;0.68;0.44;0.37;0.38;0.46;0.70;2.08;2.25;0.83;0.57;0.46;0.48;0.58;0.86;2.63,tick=233488 goal=0 lap=0 last=0.0 best=0.0
243.67,875,197.2,-0.15,-0.20,20,-9.743333333333336,BEND,4.22;0.83;0.51;0.38;0.40;0.44;0.62;1.33;4.77;0.98;0.59;0.49;0.46;0.53;0.73;1.55,tick=233515 goal=0 lap=0 last=0.0 best=0.0
243.93,876,195.7,-0.11,0.04,38,-10.41916666666667,FWD,6.00;0.96;0.55;0.43;0.40;0.43;0.57;1.10;6.00;1.13;0.62;0.46;0.46;0.50;0.68;1.25,tick=233541 goal=0 lap=0 last=0.0 best=0.0
244.20,877,196.5,-0.02,0.03,38,-10.712500000000002,FWD,6.00;0.96;0.53;0.41;0.40;0.44;0.58;1.13;6.00;1.10;0.62;0.47;0.45;0.49;0.66;1.28,tick=233568 goal=0 lap=0 last=0.0 best=0.0
244.46,878,191.7,0.09,-0.03,38,-8.845833333333326,FWD,6.00;0.97;0.55;0.42;0.40;0.43;0.59;1.11;6.00;1.13;0.63;0.50;0.45;0.50;0.66;1.29,tick=233594 goal=0 lap=0 last=0.0 best=0.0
244.73,879,193.4,0.20,-0.04,38,-9.190833333333332,FWD,6.00;0.99;0.56;0.41;0.37;0.44;0.56;1.06;5.97;1.16;0.62;0.49;0.46;0.50;0.66;1.24,tick=233618 goal=0 lap=0 last=0.0 best=0.0
244.99,880,194.8,0.27,-0.06,38,-6.229166666666664,FWD,6.00;1.03;0.55;0.43;0.39;0.42;0.57;1.00;5.99;1.21;0.65;0.48;0.44;0.49;0.64;1.15,tick=233648 goal=0 lap=0 last=0.0 best=0.0
245.26,881,189.9,0.31,-0.03,38,-7.185000000000008,FWD,6.00;1.12;0.57;0.42;0.39;0.44;0.56;0.96;5.99;1.28;0.69;0.49;0.45;0.49;0.62;1.11,tick=233674 goal=0 lap=0 last=0.0 best=0.0
245.52,882,0.0,0.39,-0.06,38,-3.600000000000005,FWD,6.00;1.22;0.62;0.46;0.39;0.42;0.54;0.94;6.00;1.34;0.67;0.50;0.43;0.49;0.63;1.01,tick=233701 goal=0 lap=0 last=0.0 best=0.0
245.79,883,189.8,0.41,-0.00,38,1.2716666666666663,FWD,6.00;1.34;0.64;0.47;0.41;0.44;0.56;0.93;5.49;1.39;0.67;0.47;0.43;0.44;0.58;-1.00,tick=233727 goal=0 lap=0 last=0.0 best=0.0
246.06,884,187.2,0.44,-0.01,20,6.906666666666661,BEND,6.00;1.44;0.67;0.50;0.44;0.46;0.58;0.95;5.11;1.37;0.64;0.47;0.42;0.43;0.54;0.88,tick=233754 goal=0 lap=0 last=0.0 best=0.0
246.32,885,187.9,0.46,0.04,20,9.648333333333332,BEND,6.00;1.42;0.67;0.51;0.47;0.48;0.59;1.02;-1.00;1.24;0.61;0.44;0.40;0.42;0.53;0.87,tick=233780 goal=0 lap=0 last=0.0 best=0.0
246.59,886,191.1,0.00,0.10,38,9.462499999999999,FWD,5.64;1.33;0.68;0.51;0.46;0.49;0.64;1.13;6.00;1.08;0.56;0.41;0.40;0.41;0.54;-1.00,tick=233807 goal=0 lap=0 last=0.0 best=0.0
246.85,887,196.4,0.42,0.08,38,11.16916666666667,FWD,5.00;1.18;0.65;0.51;0.47;0.51;0.66;1.27;5.99;0.96;0.53;0.40;0.36;0.41;0.55;1.05,tick=233833 goal=0 lap=0 last=0.0 best=0.0
247.12,888,197.3,0.47,0.10,38,7.135,FWD,4.35;1.04;0.62;0.50;0.47;0.52;0.69;1.40;6.00;0.89;0.52;0.41;0.39;0.42;0.58;1.21,tick=233860 goal=0 lap=0 last=0.0 best=0.0
247.38,889,201.5,0.50,0.07,38,-3.7024999999999935,FWD,3.67;0.92;0.56;0.45;0.43;0.50;0.70;1.56;3.91;0.85;0.52;0.42;0.42;0.47;0.67;1.47,tick=233887 goal=0 lap=0 last=0.0 best=0.0
247.65,890,199.9,0.53,-0.02,20,-9.883333333333326,BEND,3.26;0.82;0.51;0.41;0.41;0.47;0.66;1.51;3.71;0.89;0.55;0.46;0.44;0.51;0.72;1.61,tick=233913 goal=0 lap=0 last=0.0 best=0.0
247.91,891,200.0,0.49,-0.12,20,-17.224166666666672,BEND,3.28;0.80;0.49;0.36;0.36;0.41;0.62;1.27;5.54;1.01;0.61;0.49;0.48;0.55;0.74;1.53,tick=233940 goal=0 lap=0 last=0.0 best=0.0
248.18,892,193.0,0.49,-0.17,20,-16.755833333333335,BEND,3.47;0.89;0.50;0.38;0.35;0.39;0.50;1.00;5.99;1.19;0.66;0.52;0.48;0.56;0.72;1.30,tick=233966 goal=0 lap=0 last=0.0 best=0.0
248.45,893,191.0,0.45,-0.19,38,-8.566666666666663,FWD,3.77;1.20;0.55;0.41;0.37;0.39;0.48;0.84;5.75;1.46;0.73;0.53;0.47;0.51;0.65;1.06,tick=233993 goal=0 lap=0 last=0.0 best=0.0
248.71,894,183.5,0.46,-0.06,20,-3.2633333333333296,BEND,3.85;1.68;0.63;0.46;0.38;0.40;0.49;0.80;3.06;1.74;0.76;0.53;0.46;0.47;0.58;0.89,tick=234019 goal=0 lap=0 last=0.0 best=0.0
248.98,895,183.1,0.45,0.02,20,6.919166666666664,BEND,3.74;1.89;0.74;0.52;0.43;0.43;0.53;0.80;2.68;1.83;0.74;0.50;0.42;0.44;0.50;0.76,tick=234046 goal=0 lap=0 last=0.0 best=0.0
249.24,896,184.8,0.42,0.00,20,85,BEND,3.47;1.88;0.85;0.56;-1.00;0.46;0.55;0.87;3.01;1.63;0.67;0.45;0.39;0.39;0.47;0.68,tick=234072 goal=0 lap=0 last=0.0 best=0.0
249.51,897,193.8,0.43,0.73,20,3.916666666666675,BEND,2.77;1.40;0.77;0.57;0.49;0.53;0.69;1.23;6.00;0.97;0.51;0.38;0.35;0.37;0.44;0.76,tick=234099 goal=0 lap=0 last=0.0 best=0.0
249.77,898,206.1,0.40,0.04,20,8.937499999999993,BEND,1.57;0.85;0.58;0.48;0.50;0.58;0.90;3.36;1.56;0.65;0.44;0.37;0.37;0.44;0.66;2.92,tick=234126 goal=0 lap=0 last=0.0 best=0.0
250.04,899,212.4,0.39,0.05,20,-8.341666666666667,BEND,1.30;0.70;0.50;0.44;0.45;0.54;0.82;3.60;1.63;0.71;0.48;0.42;0.44;0.49;0.83;2.54,tick=234152 goal=0 lap=0 last=0.0 best=0.0
250.31,900,212.3,0.36,-0.00,20,-26.299999999999994,BEND,1.08;0.60;0.45;0.38;0.40;0.49;0.74;3.42;1.77;0.76;0.53;0.46;0.47;0.58;1.11;2.20,tick=234179 goal=0 lap=0 last=0.0 best=0.0
250.57,901,205.7,0.37,-0.19,20,-38.221666666666664,BEND,0.97;0.53;0.40;0.35;0.34;0.38;0.61;1.76;2.46;0.92;0.63;0.49;0.53;0.63;1.35;2.07,tick=234205 goal=0 lap=0 last=0.0 best=0.0
250.84,902,201.4,0.37,-0.29,20,-40.13583333333334,BEND,1.00;0.52;0.35;0.30;0.29;0.35;0.49;0.98;5.22;1.18;0.71;0.57;0.55;0.64;1.17;2.19,tick=234229 goal=0 lap=0 last=0.0 best=0.0
251.10,903,193.6,0.00,-0.27,20,-39.4325,BEND,1.14;0.55;0.37;0.29;0.28;0.28;0.40;0.68;6.00;1.70;0.81;0.62;0.55;0.61;0.99;2.43,tick=234258 goal=0 lap=0 last=0.0 best=0.0
251.37,904,182.3,0.35,-0.31,20,-33.595,BEND,1.42;0.64;0.38;0.30;0.28;0.30;0.36;0.57;1.54;2.75;0.94;0.63;0.56;0.60;0.84;2.61,tick=234285 goal=0 lap=0 last=0.0 best=0.0
251.63,905,175.9,0.34,-0.22,20,-28.095833333333342,BEND,1.59;0.70;0.44;0.32;0.30;0.30;0.35;0.53;1.12;6.00;1.09;0.65;0.54;0.54;0.73;2.83,tick=234312 goal=0 lap=0 last=0.0 best=0.0
251.90,906,168.3,0.35,-0.23,20,-19.344166666666673,BEND,1.77;0.87;0.48;0.36;0.32;0.32;0.39;0.53;1.04;6.00;1.21;0.63;0.52;0.52;0.64;3.41,tick=234338 goal=0 lap=0 last=0.0 best=0.0
252.16,907,163.9,0.34,-0.14,38,-13.603333333333332,FWD,1.84;0.98;0.55;0.37;0.34;0.35;0.41;0.57;1.00;3.62;1.26;0.59;0.48;0.49;0.59;6.00,tick=234365 goal=0 lap=0 last=0.0 best=0.0
252.43,908,159.4,0.36,-0.06,38,-2.016666666666664,FWD,1.80;0.99;0.63;0.43;0.35;0.40;0.45;0.61;1.09;2.95;1.17;0.53;0.43;0.42;0.55;-1.00,tick=234391 goal=0 lap=0 last=0.0 best=0.0
252.70,909,157.8,0.39,-0.00,38,5.958333333333335,FWD,1.66;0.97;0.64;0.48;0.42;0.40;0.48;0.69;1.22;2.97;0.86;0.47;0.39;0.42;0.48;4.98,tick=234418 goal=0 lap=0 last=0.0 best=0.0
252.96,910,157.7,0.46,0.05,20,9.570000000000002,BEND,1.46;0.89;0.60;0.50;0.44;0.44;0.51;0.80;1.43;3.54;0.65;0.42;0.36;0.37;0.53;4.95,tick=234445 goal=0 lap=0 last=0.0 best=0.0
253.23,911,160.9,0.43,0.08,20,-0.5125000000000051,BEND,1.13;0.74;0.53;0.46;0.45;0.50;0.61;0.94;1.77;5.07;0.52;0.36;0.37;0.42;0.80;5.18,tick=234471 goal=0 lap=0 last=0.0 best=0.0
253.50,912,159.9,0.42,-0.03,20,-47.45,BEND,0.89;0.56;0.44;0.41;0.39;0.48;0.66;1.06;2.12;1.13;0.50;0.41;0.42;0.56;2.31;1.86,tick=234498 goal=0 lap=0 last=0.0 best=0.0
253.76,913,159.7,0.41,-0.37,20,-53.66166666666669,BEND,0.70;0.46;0.36;0.32;0.33;0.38;0.55;0.98;2.04;5.00;0.57;0.47;0.50;0.69;2.08;4.65,tick=234524 goal=0 lap=0 last=0.0 best=0.0
254.03,914,146.0,0.39,-0.42,20,-44.99833333333333,BEND,0.73;0.45;0.34;0.27;0.28;0.33;0.43;0.74;1.52;3.15;0.69;0.52;0.54;0.68;1.41;3.33,tick=234551 goal=0 lap=0 last=0.0 best=0.0
254.51,915,129.1,0.33,0.00,20,70,REV,3.43;0.46;0.29;0.24;0.24;0.29;0.33;0.54;1.10;2.29;0.96;0.63;0.55;0.64;0.91;1.68,tick=234600 goal=0 lap=0 last=0.0 best=0.0
254.78,916,130.8,0.14,0.17,20,70,REV,3.52;0.40;0.25;0.21;0.21;0.27;0.39;0.62;1.37;2.64;0.82;0.57;0.56;0.69;0.99;1.80,tick=234626 goal=0 lap=0 last=0.0 best=0.0
255.04,917,133.1,-0.00,-0.03,20,70,REV,3.74;0.35;0.24;0.23;0.21;0.25;0.41;0.68;1.54;2.92;0.75;0.57;0.57;0.72;1.07;1.97,tick=234653 goal=0 lap=0 last=0.0 best=0.0
255.53,918,120.2,-0.14,0.04,20,70,REV,3.25;0.47;0.29;0.23;0.23;0.26;0.35;0.52;1.10;2.29;0.97;0.61;0.58;0.61;0.90;1.60,tick=234701 goal=0 lap=0 last=0.0 best=0.0
255.80,919,121.4,-0.15,-0.21,20,70,REV,3.16;0.50;0.32;0.24;0.24;0.27;0.34;0.47;0.94;2.03;3.78;0.62;0.56;0.61;0.86;1.49,tick=234728 goal=0 lap=0 last=0.0 best=0.0
256.06,920,118.1,-0.18,-0.23,20,70,REV,2.62;0.66;0.34;0.26;0.23;0.22;0.27;0.39;0.67;1.48;2.99;0.76;0.57;0.59;0.73;1.28,tick=234754 goal=0 lap=0 last=0.0 best=0.0
256.33,921,112.6,-0.14,-0.23,38,85,FWD,2.22;0.99;0.37;0.28;0.24;-1.00;0.25;0.30;0.50;1.12;2.38;1.00;0.64;0.59;0.69;1.08,tick=234781 goal=0 lap=0 last=0.0 best=0.0
256.59,922,104.8,-0.08,-0.15,38,-85,FWD,1.81;3.72;0.41;0.28;0.21;0.19;0.19;0.23;0.35;0.72;1.77;3.71;0.74;0.63;0.66;0.95,tick=234807 goal=0 lap=0 last=0.0 best=0.0
256.86,923,105.7,0.02,-0.07,38,-85,FWD,1.73;3.60;0.43;0.26;0.21;0.17;0.19;0.23;0.31;0.64;1.58;3.42;0.78;0.63;0.65;0.91,tick=234834 goal=0 lap=0 last=0.0 best=0.0
257.12,924,95.8,0.14,-0.28,20,-85,BEND,1.47;3.12;0.54;0.33;0.23;0.22;0.20;0.24;0.33;-1.00;1.44;3.10;0.80;0.62;0.61;0.82,tick=234861 goal=0 lap=0 last=0.0 best=0.0
257.39,925,86.0,0.18,-0.33,20,-67.795,BEND,1.08;2.23;1.04;0.44;0.30;0.26;0.24;0.28;0.35;0.58;1.25;2.57;0.84;0.60;0.54;0.66,tick=234887 goal=0 lap=0 last=0.0 best=0.0
257.65,926,83.2,0.20,-0.30,20,11.740833333333326,BEND,0.73;1.37;3.17;0.68;0.41;0.35;0.32;0.35;0.41;0.60;1.11;2.12;0.94;0.54;0.45;0.51,tick=234914 goal=0 lap=0 last=0.0 best=0.0
258.14,927,73.5,0.21,-0.01,20,-70,REV,0.44;0.82;2.19;1.66;0.66;0.50;0.48;0.51;0.62;0.85;1.39;2.26;0.52;0.33;0.30;0.32,tick=234962 goal=0 lap=0 last=0.0 best=0.0
258.41,928,74.2,0.03,-0.03,20,-70,REV,0.37;0.71;1.98;4.39;0.73;0.57;0.53;0.57;0.68;0.92;1.46;2.30;0.41;0.28;0.26;0.28,tick=234989 goal=0 lap=0 last=0.0 best=0.0
258.67,929,76.8,-0.10,0.14,20,-70,REV,0.42;0.79;2.11;4.54;0.69;0.54;0.52;0.55;0.67;0.91;1.46;2.33;0.41;0.29;0.29;0.30,tick=235015 goal=0 lap=0 last=0.0 best=0.0
259.16,930,83.2,-0.15,-0.01,20,-70,REV,0.68;1.41;3.45;0.79;0.50;0.45;0.44;0.48;0.62;0.92;1.54;2.67;0.52;0.37;0.36;0.42,tick=235064 goal=0 lap=0 last=0.0 best=0.0
259.42,931,85.6,-0.15,0.22,20,-70,REV,0.80;1.72;3.79;0.64;0.46;0.38;0.41;0.43;0.55;0.84;1.49;2.68;0.60;0.44;0.43;0.50,tick=235091 goal=0 lap=0 last=0.0 best=0.0
259.69,932,94.0,-0.15,0.19,20,-70,REV,1.07;2.36;1.09;0.52;0.36;0.32;0.36;0.40;0.52;0.88;1.58;3.00;0.62;0.48;0.48;0.58,tick=235117 goal=0 lap=0 last=0.0 best=0.0
259.95,933,100.0,-0.14,0.21,20,-85,BEND,-1.00;3.13;0.70;0.41;0.32;0.32;0.31;0.34;0.50;0.88;1.80;3.45;0.62;0.51;0.53;0.72,tick=235144 goal=0 lap=0 last=0.0 best=0.0
260.22,934,105.0,-0.10,0.18,20,-85,BEND,1.82;3.88;0.52;0.37;0.28;0.27;0.28;0.35;0.49;1.00;2.04;4.22;0.63;0.54;0.58;0.85,tick=235170 goal=0 lap=0 last=0.0 best=0.0
260.49,935,108.4,-0.03,0.07,38,-50.89833333333333,FWD,2.21;1.22;0.48;0.34;0.26;0.24;0.25;0.34;0.49;1.07;2.25;1.09;0.62;0.55;0.63;0.98,tick=235197 goal=0 lap=0 last=0.0 best=0.0
260.75,936,114.1,0.06,-0.07,38,-46.32333333333335,FWD,2.25;1.20;0.48;0.35;0.25;0.22;0.26;0.34;0.48;1.08;2.26;1.07;0.62;0.55;0.63;1.02,tick=235223 goal=0 lap=0 last=0.0 best=0.0
261.02,937,106.4,0.14,-0.11,38,-42.63666666666668,FWD,1.99;4.07;0.51;0.34;0.28;0.28;0.28;0.35;0.51;1.08;2.19;1.10;0.62;0.56;0.58;0.94,tick=235250 goal=0 lap=0 last=0.0 best=0.0
261.28,938,100.1,0.23,-0.20,20,-31.924999999999997,BEND,1.52;3.43;0.63;0.41;0.33;0.31;0.30;0.36;0.53;1.06;2.03;1.29;0.58;0.51;0.54;0.78,tick=235276 goal=0 lap=0 last=0.0 best=0.0
261.55,939,99.0,0.28,-0.17,20,-74.93333333333334,BEND,1.14;2.60;0.93;0.48;0.39;0.36;0.40;0.43;0.62;1.06;1.95;3.49;0.54;0.44;0.46;0.62,tick=235303 goal=0 lap=0 last=0.0 best=0.0
261.81,940,89.7,0.27,-0.41,20,28.534999999999982,BEND,0.77;1.70;3.77;0.67;0.49;0.41;0.44;0.50;0.66;1.06;1.80;3.09;0.45;0.38;0.38;0.46,tick=235330 goal=0 lap=0 last=0.0 best=0.0
262.30,941,81.0,0.25,0.01,20,-70,REV,0.39;0.89;2.83;1.28;0.71;0.58;0.58;0.70;0.90;1.34;2.05;0.38;0.23;0.21;0.21;0.27,tick=235376 goal=0 lap=0 last=0.0 best=0.0
262.57,942,82.8,0.10,-0.08,20,-70,REV,0.29;0.67;2.40;1.58;0.80;0.63;0.63;0.74;0.99;1.43;2.14;0.30;0.18;0.18;0.17;0.21,tick=235405 goal=0 lap=0 last=0.0 best=0.0
262.83,943,82.1,-0.07,0.09,20,-70,REV,0.27;-1.00;2.30;1.64;0.80;0.65;0.63;0.75;0.99;1.41;2.13;0.27;0.18;0.15;0.14;0.18,tick=235431 goal=0 lap=0 last=0.0 best=0.0
263.32,944,94.2,-0.13,-0.01,20,-70,REV,0.50;1.34;3.60;0.94;0.62;0.57;0.58;0.75;1.00;1.52;2.33;0.34;0.23;0.23;0.24;0.30,tick=235480 goal=0 lap=0 last=0.0 best=0.0
263.58,945,93.3,-0.16,0.22,20,-70,REV,0.64;1.70;4.01;0.79;0.59;0.52;0.56;0.69;0.95;1.49;2.33;0.37;0.29;0.25;0.27;0.38,tick=235506 goal=0 lap=0 last=0.0 best=0.0
263.85,946,102.4,-0.16,0.18,20,-70,REV,0.90;2.42;1.40;0.63;0.51;0.50;0.59;0.69;0.95;1.55;2.53;0.40;0.30;0.29;0.32;0.44,tick=235533 goal=0 lap=0 last=0.0 best=0.0
264.11,947,106.3,-0.14,0.23,20,25.213333333333328,BEND,1.23;3.28;0.89;0.56;0.49;0.50;0.55;0.68;1.02;1.64;2.78;0.40;0.30;0.31;0.37;0.55,tick=235560 goal=0 lap=0 last=0.0 best=0.0
264.38,948,111.4,-0.10,-0.07,20,27.014166666666675,BEND,-1.00;3.79;0.77;0.51;0.48;0.49;0.54;0.69;1.03;1.69;2.90;0.41;0.33;0.32;0.39;0.66,tick=235586 goal=0 lap=0 last=0.0 best=0.0
264.64,949,108.9,-0.04,0.01,20,23.996666666666666,BEND,1.51;3.71;0.79;0.55;0.47;0.48;0.53;0.65;0.95;1.57;2.75;0.47;0.34;0.33;0.38;0.62,tick=235613 goal=0 lap=0 last=0.0 best=0.0
264.91,950,111.2,0.03,0.01,20,22.887499999999996,BEND,1.50;3.70;0.79;0.53;0.48;0.49;0.51;0.64;0.94;1.56;2.72;0.47;0.34;0.34;0.38;0.61,tick=235639 goal=0 lap=0 last=0.0 best=0.0
265.18,951,109.1,0.09,0.03,20,24.804999999999993,BEND,1.49;3.74;0.78;0.54;0.48;0.48;0.55;0.67;0.98;1.63;2.82;0.43;0.34;0.31;0.39;0.66,tick=235666 goal=0 lap=0 last=0.0 best=0.0
265.44,952,109.7,0.12,0.07,20,25.11583333333333,BEND,1.57;3.81;0.77;0.55;0.47;0.48;0.55;0.73;1.07;1.76;2.99;0.39;0.32;0.32;0.37;0.66,tick=235692 goal=0 lap=0 last=0.0 best=0.0
265.71,953,115.8,0.14,0.06,20,27.079166666666673,BEND,1.70;3.91;0.77;0.53;0.49;0.51;0.59;0.78;1.19;1.97;0.69;0.36;0.31;0.31;0.40;0.68,tick=235719 goal=0 lap=0 last=0.0 best=0.0
265.97,954,115.8,0.19,0.09,20,25.91916666666667,BEND,1.81;4.07;0.75;0.53;0.49;0.52;0.64;0.89;1.37;2.21;0.51;0.33;0.31;0.32;0.41;0.72,tick=235746 goal=0 lap=0 last=0.0 best=0.0
266.24,955,123.8,0.21,0.14,20,22.449166666666667,BEND,1.96;4.26;0.69;0.52;0.49;0.52;0.69;0.99;1.60;2.54;0.43;0.32;0.29;0.33;0.44;0.77,tick=235772 goal=0 lap=0 last=0.0 best=0.0
266.50,956,122.3,0.24,0.11,20,-85,BEND,2.12;4.50;0.69;0.50;0.49;0.55;0.74;1.10;1.81;2.85;0.39;0.32;0.31;-1.00;0.46;0.84,tick=235799 goal=0 lap=0 last=0.0 best=0.0
266.77,957,119.6,0.24,-0.43,20,36.24333333333333,BEND,1.89;4.15;0.71;0.53;0.46;0.52;0.69;1.11;1.90;0.97;0.39;0.34;0.32;0.36;0.46;0.75,tick=235825 goal=0 lap=0 last=0.0 best=0.0
267.04,958,113.2,0.00,0.23,20,28.085,BEND,1.23;3.03;0.98;0.58;0.49;0.50;0.61;0.99;1.65;-1.00;0.47;0.37;0.31;0.32;0.40;0.56,tick=235852 goal=0 lap=0 last=0.0 best=0.0
267.30,959,121.9,0.28,0.15,20,30.466666666666654,BEND,1.38;3.34;0.89;0.60;0.51;0.52;0.68;1.18;2.06;0.79;0.42;0.34;0.31;0.34;0.40;0.59,tick=235878 goal=0 lap=0 last=0.0 best=0.0
267.57,960,122.9,0.27,0.15,20,-85,BEND,1.53;3.65;0.82;0.60;0.52;0.54;0.75;1.38;2.39;0.66;0.40;0.32;-1.00;0.31;0.38;0.64,tick=235905 goal=0 lap=0 last=0.0 best=0.0
267.83,961,122.1,0.30,-0.49,20,55.341666666666676,BEND,1.32;3.28;0.91;0.61;0.54;0.55;0.70;1.39;2.49;0.72;0.43;0.35;0.30;0.31;0.35;0.59,tick=235932 goal=0 lap=0 last=0.0 best=0.0
268.32,962,122.4,0.22,-0.03,20,-70,REV,0.88;2.58;1.25;0.73;0.59;0.61;0.72;1.32;2.71;0.77;0.38;0.26;0.23;0.23;0.29;0.42,tick=235980 goal=0 lap=0 last=0.0 best=0.0
268.58,963,121.5,0.07,-0.08,20,-70,REV,0.75;2.26;1.56;0.75;0.61;0.62;0.71;1.21;2.71;0.85;0.38;0.27;0.20;0.23;0.24;0.38,tick=236007 goal=0 lap=0 last=0.0 best=0.0
268.85,964,119.5,-0.04,0.07,20,-70,REV,0.71;2.18;1.69;0.78;0.63;0.63;0.72;1.20;2.67;0.88;0.38;0.25;0.23;0.23;0.25;0.37,tick=236033 goal=0 lap=0 last=0.0 best=0.0
269.34,965,124.7,-0.15,0.01,20,-70,REV,1.23;3.36;0.98;0.65;0.60;0.63;0.83;1.77;3.04;0.59;-1.00;0.24;0.23;0.23;0.29;0.51,tick=236082 goal=0 lap=0 last=0.0 best=0.0
269.60,966,133.3,-0.15,0.00,20,-70,REV,1.50;3.76;0.90;0.64;0.60;0.62;0.85;1.90;3.09;0.53;0.30;0.24;0.23;0.26;0.31;0.56,tick=236108 goal=0 lap=0 last=0.0 best=0.0
269.87,967,135.2,-0.14,0.20,20,-70,REV,2.16;4.67;0.77;0.62;0.60;0.67;1.07;2.18;0.92;0.42;0.28;0.24;0.21;0.26;0.37;0.74,tick=236135 goal=0 lap=0 last=0.0 best=0.0
270.13,968,141.3,-0.16,0.21,38,47.63833333333332,FWD,2.85;1.17;0.72;0.63;0.61;0.76;1.43;2.48;0.65;0.34;0.26;0.22;0.19;0.25;0.39;0.96,tick=236162 goal=0 lap=0 last=0.0 best=0.0
270.40,969,147.1,-0.09,-0.03,38,-67.54916666666666,FWD,3.33;1.05;0.72;0.62;0.66;0.85;1.59;2.57;0.48;0.27;0.20;0.20;0.20;0.25;-1.00;1.12,tick=236188 goal=0 lap=0 last=0.0 best=0.0
270.66,970,148.5,0.04,-0.04,38,60.39083333333333,FWD,3.19;1.08;0.75;0.61;0.63;0.86;1.56;2.54;0.49;0.28;0.20;0.21;0.21;0.21;0.39;1.09,tick=236215 goal=0 lap=0 last=0.0 best=0.0
270.93,971,143.4,0.14,0.15,38,51.699166666666656,FWD,3.04;1.12;0.72;0.62;0.64;0.82;1.52;2.51;0.53;0.31;0.23;0.20;0.21;0.25;0.37;1.03,tick=236241 goal=0 lap=0 last=0.0 best=0.0
271.20,972,147.7,0.21,0.24,38,39.94083333333334,FWD,3.69;0.92;0.66;0.59;0.63;0.87;1.74;2.84;0.54;0.34;0.28;0.22;0.23;0.30;0.53;1.42,tick=236268 goal=0 lap=0 last=0.0 best=0.0
271.46,973,158.0,0.29,0.23,20,20.181666666666676,BEND,4.41;0.73;0.56;0.55;0.60;0.87;2.03;1.26;0.56;0.35;0.29;0.25;0.32;0.42;0.79;2.05,tick=236294 goal=0 lap=0 last=0.0 best=0.0
271.73,974,165.3,0.31,0.14,20,-5.279166666666672,BEND,1.06;0.57;0.47;0.49;0.55;0.85;2.34;1.20;0.63;0.44;0.36;0.35;0.42;0.59;1.08;2.51,tick=236321 goal=0 lap=0 last=0.0 best=0.0
271.99,975,163.2,0.31,-0.03,20,-85,BEND,0.81;0.47;0.35;0.37;0.44;0.66;2.37;1.40;0.78;0.54;0.47;-1.00;0.54;0.73;1.27;2.65,tick=236347 goal=0 lap=0 last=0.0 best=0.0
272.48,976,146.5,0.25,0.01,20,70,REV,2.92;0.50;0.28;0.27;0.26;0.29;0.48;2.73;1.58;0.94;0.68;0.61;0.59;0.67;0.90;-1.00,tick=236396 goal=0 lap=0 last=0.0 best=0.0
272.74,977,146.6,0.11,0.12,20,70,REV,2.99;0.42;0.28;0.23;0.23;0.26;0.45;2.92;1.60;0.94;0.69;0.61;0.61;0.69;0.94;1.57,tick=236423 goal=0 lap=0 last=0.0 best=0.0
273.01,978,150.3,-0.06,-0.11,20,70,REV,3.08;0.41;0.25;0.21;0.23;0.26;0.45;3.05;1.58;0.94;0.70;0.61;0.62;0.69;0.98;1.62,tick=236449 goal=0 lap=0 last=0.0 best=0.0
273.27,979,143.7,-0.16,-0.22,20,-48.811666666666675,BEND,2.75;0.48;0.29;0.23;0.23;0.27;0.42;2.54;1.72;0.97;0.71;0.62;0.59;0.66;0.87;1.49,tick=236476 goal=0 lap=0 last=0.0 best=0.0
273.54,980,141.6,-0.11,0.10,20,-56.079166666666666,BEND,2.55;0.57;0.30;0.26;0.24;0.27;0.43;2.13;1.90;1.05;0.73;0.61;0.61;0.65;0.86;1.39,tick=236502 goal=0 lap=0 last=0.0 best=0.0
273.81,981,143.2,-0.05,0.04,20,-54.118333333333325,BEND,2.79;0.50;0.29;0.25;0.25;0.30;0.46;2.42;1.69;0.97;0.69;0.59;0.59;0.68;0.88;1.49,tick=236529 goal=0 lap=0 last=0.0 best=0.0
274.07,982,146.1,0.03,-0.01,20,-51.26,BEND,-1.00;0.50;0.32;0.25;0.25;0.30;0.46;2.44;1.66;0.98;0.67;0.59;0.57;0.66;0.90;1.50,tick=236555 goal=0 lap=0 last=0.0 best=0.0
274.34,983,145.7,0.08,-0.07,20,-49.70666666666666,BEND,2.66;0.57;0.30;0.26;0.23;0.28;0.45;2.28;1.79;1.00;0.71;0.59;0.58;0.67;0.85;1.44,tick=236582 goal=0 lap=0 last=0.0 best=0.0
274.60,984,139.8,0.11,-0.13,20,-50.165000000000006,BEND,2.37;0.63;0.33;0.24;0.21;0.25;0.38;1.07;4.09;1.10;0.72;0.62;0.61;0.65;0.83;1.30,tick=236609 goal=0 lap=0 last=0.0 best=0.0
274.87,985,134.2,0.14,-0.17,38,-44.205000000000005,FWD,2.04;0.95;0.33;0.26;0.22;0.25;0.33;0.73;3.81;1.22;0.79;0.63;0.59;0.62;0.77;-1.00,tick=236635 goal=0 lap=0 last=0.0 best=0.0
275.13,986,129.7,0.22,-0.17,38,-37.2625,FWD,1.69;3.29;0.42;0.29;0.25;0.26;0.30;0.56;3.48;1.44;0.86;0.65;0.61;0.58;0.69;0.98,tick=236662 goal=0 lap=0 last=0.0 best=0.0
275.40,987,128.4,0.28,-0.20,20,-24.825,BEND,1.35;2.57;0.61;0.34;0.28;0.28;0.30;0.43;3.03;1.74;0.95;0.69;0.59;0.55;0.62;0.81,tick=236688 goal=0 lap=0 last=0.0 best=0.0
275.66,988,0.0,0.30,-0.17,20,64.38,BEND,1.04;1.94;4.00;0.47;0.34;0.31;0.34;0.46;1.21;2.09;1.05;0.69;0.54;0.51;0.54;0.67,tick=236715 goal=0 lap=0 last=0.0 best=0.0
275.93,989,118.5,0.30,0.42,20,65.00250000000001,BEND,0.88;1.62;3.69;0.64;0.45;0.39;0.42;0.56;1.55;2.09;0.97;0.62;0.46;0.41;0.44;0.55,tick=236741 goal=0 lap=0 last=0.0 best=0.0
276.20,990,135.1,0.32,0.44,20,23.416666666666664,BEND,0.99;2.28;1.44;0.59;0.46;0.44;-1.00;0.84;4.27;1.29;0.65;0.46;0.37;0.36;0.43;0.60,tick=236768 goal=0 lap=0 last=0.0 best=0.0
276.46,991,140.1,0.32,0.13,20,25.887499999999996,BEND,1.16;2.97;0.97;0.57;0.50;0.50;0.63;1.39;2.34;0.97;0.52;0.40;0.35;0.35;0.43;0.61,tick=236794 goal=0 lap=0 last=0.0 best=0.0
276.73,992,148.7,0.30,0.15,20,28.10583333333333,BEND,1.19;3.21;0.94;0.56;0.50;0.53;0.66;1.91;2.12;0.86;0.48;0.36;0.34;0.34;0.42;0.61,tick=236821 goal=0 lap=0 last=0.0 best=0.0
276.99,993,152.1,0.00,0.20,20,29.36333333333334,BEND,1.30;3.59;0.90;0.60;0.48;0.54;0.72;-1.00;1.81;0.73;0.44;0.35;0.31;0.33;0.41;0.60,tick=236847 goal=0 lap=0 last=0.0 best=0.0
277.26,994,161.1,0.30,0.18,20,27.75416666666666,BEND,1.53;3.98;0.83;0.57;0.49;0.56;0.80;5.02;1.60;0.68;0.43;0.34;0.31;0.33;0.40;0.64,tick=236874 goal=0 lap=0 last=0.0 best=0.0
277.52,995,162.8,0.33,0.18,20,27.93583333333333,BEND,1.83;4.39;0.78;0.56;0.50;0.57;0.85;3.49;1.37;0.64;0.42;0.33;0.29;0.32;0.40;0.68,tick=236901 goal=0 lap=0 last=0.0 best=0.0
277.79,996,163.5,0.32,0.19,20,21.88416666666666,BEND,2.15;4.68;0.71;0.52;0.50;0.58;0.91;3.13;1.27;0.63;0.40;0.32;0.31;0.35;0.45;0.80,tick=236927 goal=0 lap=0 last=0.0 best=0.0
278.05,997,171.9,0.32,0.14,38,18.227500000000006,FWD,2.54;1.32;0.65;0.52;0.49;0.56;0.95;2.89;1.20;0.62;0.41;0.33;0.32;0.37;0.50;0.94,tick=236954 goal=0 lap=0 last=0.0 best=0.0
278.32,998,180.2,0.36,0.12,38,11.260833333333334,FWD,2.81;1.09;0.58;0.49;0.48;0.56;0.92;2.73;1.20;0.61;0.42;0.36;0.34;0.40;0.57;1.11,tick=236980 goal=0 lap=0 last=0.0 best=0.0
278.59,999,182.1,0.39,0.08,38,1.564166666666666,FWD,2.95;0.94;0.55;0.46;0.44;0.52;0.86;2.76;1.27;0.65;0.45;0.39;0.38;0.45;0.63;1.21,tick=237007 goal=0 lap=0 last=0.0 best=0.0
278.85,1000,184.6,0.42,0.03,20,-6.101666666666665,BEND,2.94;0.87;0.49;0.43;0.40;0.48;0.77;2.94;1.42;0.74;0.51;0.43;0.41;0.47;0.70;1.26,tick=237033 goal=0 lap=0 last=0.0 best=0.0
279.12,1001,183.3,0.45,-0.05,20,-13.886666666666668,BEND,2.67;0.88;0.48;0.39;0.37;0.44;0.64;3.33;1.67;0.80;0.55;0.48;0.46;0.52;0.70;1.21,tick=237060 goal=0 lap=0 last=0.0 best=0.0
279.38,1002,183.9,0.44,-0.14,38,-14.648333333333346,FWD,2.24;1.29;0.50;0.36;0.36;0.38;0.52;3.94;2.03;0.98;0.63;0.52;0.49;0.51;0.65;1.07,tick=237087 goal=0 lap=0 last=0.0 best=0.0
279.65,1003,178.2,0.41,-0.12,20,-6.98833333333333,BEND,1.77;3.53;0.60;0.41;0.35;0.40;0.50;0.95;2.48;1.14;0.69;0.52;0.48;0.48;0.59;0.88,tick=237113 goal=0 lap=0 last=0.0 best=0.0
279.91,1004,171.1,0.42,-0.07,20,6.463333333333338,BEND,1.34;2.93;0.81;0.48;0.40;0.40;0.46;0.80;2.99;1.33;0.73;0.50;0.44;0.44;0.50;0.72,tick=237140 goal=0 lap=0 last=0.0 best=0.0
280.18,1005,171.2,0.42,0.06,20,22.410833333333333,BEND,1.11;2.55;1.05;0.58;0.46;0.46;0.53;0.81;3.26;1.36;0.70;0.46;0.42;0.38;0.47;0.61,tick=237166 goal=0 lap=0 last=0.0 best=0.0
