1788037526.1 RX: POS 0.08 -0.34
1788037528.2 RX: POS 2.43 22.88
1788037532.8 RX: POS 2.43 22.88
1788037534.9 RX: POS 2.43 22.88
1788037536.9 RX: POS 2.43 22.88
1788037538.3 RX: POS 0.14 -0.33
1788037541.0 RX: POS 2.43 22.88
1788037543.0 RX: POS 0.14 0.03
1788037545.1 RX: POS 0.14 0.03
1788037885.3 RX: POS 0.01 0.84
1788037887.6 RX: POS 0.08 1.17
1788037889.8 RX: POS 0.08 1.17
1788037896.5 RX: POS 0.04 1.12
1788037899.6 RX: POS 0.20 1.28
1788037958.3 RX: POS 0.26 1.29
1788037965.2 RX: POS 0.22 1.26
1788038109.4 RX: POS 0.77 1.85
1788038116.2 RX: POS 0.74 1.87
1788038140.9 RX: POS 0.77 1.76
1788038142.9 RX: POS 0.77 1.78
1788038168.1 RX: POS 0.78 1.97
1788038170.5 RX: POS 0.78 1.97
1788038172.6 RX: POS 0.75 2.01
1788038209.9 RX: POS 0.73 1.55
1788038212.1 RX: POS 0.69 1.59
1788038220.9 RX: POS 0.78 2.02
1788038223.1 RX: POS 0.77 2.01
1788038225.1 RX: POS 0.78 2.01
1788038230.6 RX: POS 0.74 2.15
1788038242.3 RX: POS 0.75 1.65
1788038281.7 RX: POS 0.95 2.66
1788038283.9 RX: POS 0.95 2.66
1788038286.3 RX: POS 1.10 2.66
1788038288.4 RX: POS 1.01 2.69
1788038290.6 RX: POS 1.02 2.70
1788038292.8 RX: POS 1.02 2.71
1788038294.9 RX: POS 1.08 2.69
1788038299.3 RX: POS 1.11 2.69
1788038301.5 RX: POS 1.26 2.61
1788038303.8 RX: POS 1.24 2.62
1788038305.9 RX: POS 1.20 2.65
1788038308.3 RX: POS 1.14 2.68
1788038310.4 RX: POS 1.20 2.66
1788038312.5 RX: POS 1.37 2.55
1788038314.7 RX: POS 1.50 2.46
1788038316.8 RX: POS 1.59 2.40
1788038318.9 RX: POS 1.68 2.34
1788038322.2 RX: POS 1.92 2.30
1788038324.6 RX: POS 1.92 2.30
1788038326.7 RX: POS 1.89 2.20
1788038328.9 RX: POS 1.87 2.04
1788038337.6 RX: {"who": "B", "x": -0.02, "y": -0.22, "d5": "0.711"}
1788038391.4 RX: {"who": "B", "x": -0.02, "y": 0.35, "d5": "0.719"}
1788038393.7 RX: {"who": "B", "x": 0.03, "y": 0.52, "d5": "0.703"}
1788038398.0 RX: {"who": "B", "x": 0.01, "y": 0.52, "d5": "0.658"}
1788038411.3 RX: {"who": "B", "x": 0.2, "y": 0.85, "d5": "0.785"}
1788038413.5 RX: {"who": "B", "x": 0.32, "y": 1.02, "d5": "0.786"}
1788038415.6 RX: {"who": "B", "x": 0.46, "y": 1.14, "d5": "0.730"}
1788038417.6 RX: {"who": "B", "x": 0.63, "y": 1.17, "d5": "0.645"}
1788038419.9 RX: {"who": "B", "x": 0.59, "y": 1.18, "d5": "0.678"}
1788038422.1 RX: {"who": "B", "x": 0.56, "y": 1.29, "d5": "0.656"}
1788038424.4 RX: {"who": "B", "x": 0.55, "y": 1.5, "d5": "0.738"}
1788038426.7 RX: {"who": "B", "x": 0.53, "y": 1.58, "d5": "0.722"}
1788038428.7 RX: {"who": "B", "x": 0.57, "y": 1.62, "d5": "0.708"}
1788038430.9 RX: {"who": "B", "x": 0.72, "y": 1.7, "d5": "0.830"}
1788038433.0 RX: {"who": "B", "x": 0.82, "y": 1.7, "d5": "0.828"}
1788038435.2 RX: {"who": "B", "x": 0.97, "y": 1.71, "d5": "0.727"}
1788038437.4 RX: {"who": "B", "x": 1.0, "y": 1.71, "d5": "0.731"}
1788038446.6 RX: {"who": "B", "x": 0.78, "y": 1.77, "d5": "0.655"}
1788038448.8 RX: {"who": "B", "x": 0.75, "y": 1.77, "d5": "0.720"}
1788038451.3 RX: {"who": "B", "x": 0.76, "y": 1.78, "d5": "0.640"}
1788038453.3 RX: {"who": "B", "x": 0.7, "y": 1.69, "d5": "0.722"}
1788038455.5 RX: {"who": "B", "x": 0.65, "y": 1.49, "d5": "0.714"}
1788038457.8 RX: {"who": "B", "x": 0.63, "y": 1.28, "d5": "0.659"}
1788038564.3 RX: {"who": "B", "x": 0.59, "y": 0.52, "d5": "0.658"}
1788038566.8 RX: {"who": "B", "x": 0.59, "y": 0.52, "d5": "0.708"}
1788038568.8 RX: {"who": "B", "x": 0.59, "y": 0.52, "d5": "0.694"}
1788038588.2 RX: {"who": "B", "x": 0.6, "y": 0.52, "d5": "0.651"}
1788038590.6 RX: {"who": "B", "x": 0.6, "y": 0.52, "d5": "0.662"}
1788038660.0 RX: {"who": "B", "x": 0.06, "y": 1.03, "d5": "0.682"}
1788038662.5 RX: {"who": "B", "x": 0.15, "y": 1.14, "d5": "0.674"}
1788038664.8 RX: {"who": "B", "x": 0.25, "y": 1.16, "d5": "0.636"}
1788038667.1 RX: {"who": "B", "x": 0.13, "y": 1.17, "d5": "0.712"}
1788038669.3 RX: {"who": "B", "x": 0.18, "y": 1.18, "d5": "0.711"}
1788038671.3 RX: {"who": "B", "x": 0.19, "y": 1.18, "d5": "0.782"}
1788038673.7 RX: {"who": "B", "x": 0.17, "y": 1.19, "d5": "0.728"}
1788038676.1 RX: {"who": "B", "x": 0.36, "y": 1.29, "d5": "0.747"}
1788038678.3 RX: {"who": "B", "x": 0.42, "y": 1.33, "d5": "0.784"}
1788038680.7 RX: {"who": "B", "x": 0.42, "y": 1.33, "d5": "0.822"}
1788038682.9 RX: {"who": "B", "x": 0.44, "y": 1.33, "d5": "0.834"}
1788038685.2 RX: {"who": "B", "x": 0.45, "y": 1.33, "d5": "0.832"}
1788038687.4 RX: {"who": "B", "x": 0.45, "y": 1.34, "d5": "0.840"}
1788038689.6 RX: {"who": "B", "x": 0.45, "y": 1.35, "d5": "0.831"}
1788038691.9 RX: {"who": "B", "x": 0.65, "y": 1.29, "d5": "0.858"}
1788038694.3 RX: {"who": "B", "x": 0.77, "y": 1.22, "d5": "0.853"}
1788038696.4 RX: {"who": "B", "x": 0.87, "y": 1.17, "d5": "0.872"}
1788038698.5 RX: {"who": "B", "x": 0.98, "y": 1.12, "d5": "0.848"}
1788038701.7 RX: {"who": "B", "x": 1.17, "y": 0.94, "d5": "0.801"}
1788038703.8 RX: {"who": "B", "x": 1.14, "y": 1.04, "d5": "0.801"}
1788038706.1 RX: {"who": "B", "x": 1.16, "y": 1.06, "d5": "0.740"}
1788038708.2 RX: {"who": "B", "x": 1.3, "y": 1.13, "d5": "0.780"}
1788038710.5 RX: {"who": "B", "x": 1.51, "y": 1.15, "d5": "0.855"}
1788038712.7 RX: {"who": "B", "x": 1.59, "y": 1.16, "d5": "0.901"}
1788038715.2 RX: {"who": "B", "x": 1.59, "y": 1.16, "d5": "0.908"}
1788038717.5 RX: {"who": "B", "x": 1.62, "y": 1.16, "d5": "0.893"}
1788038719.9 RX: {"who": "B", "x": 1.62, "y": 1.16, "d5": "0.889"}
1788038722.0 RX: {"who": "B", "x": 1.67, "y": 1.16, "d5": "0.904"}
1788038724.2 RX: {"who": "B", "x": 1.77, "y": 1.01, "d5": "0.901"}
1788038726.5 RX: {"who": "B", "x": 1.74, "y": 1.03, "d5": "0.892"}
1788038728.9 RX: {"who": "B", "x": 1.74, "y": 1.03, "d5": "0.861"}
1788038731.3 RX: {"who": "B", "x": 1.73, "y": 1.03, "d5": "0.853"}
1788038733.6 RX: {"who": "B", "x": 1.75, "y": 1.05, "d5": "0.865"}
1788038736.0 RX: {"who": "B", "x": 1.75, "y": 1.04, "d5": "0.864"}
1788038738.0 RX: {"who": "B", "x": 1.71, "y": 1.07, "d5": "0.813"}
1788038740.1 RX: {"who": "B", "x": 1.61, "y": 1.12, "d5": "0.800"}
1788038742.6 RX: {"who": "B", "x": 1.61, "y": 1.12, "d5": "0.800"}
1788038745.0 RX: {"who": "B", "x": 1.61, "y": 1.12, "d5": "0.809"}
1788038747.4 RX: {"who": "B", "x": 1.61, "y": 1.12, "d5": "0.866"}
1788038749.8 RX: {"who": "B", "x": 1.45, "y": 1.08, "d5": "0.920"}
1788038752.2 RX: {"who": "B", "x": 1.45, "y": 1.08, "d5": "0.856"}
1788038754.7 RX: {"who": "B", "x": 1.45, "y": 1.08, "d5": "0.861"}
1788038757.1 RX: {"who": "B", "x": 1.45, "y": 1.08, "d5": "0.917"}
1788038759.3 RX: {"who": "B", "x": 1.31, "y": 1.14, "d5": "0.845"}
1788038761.4 RX: {"who": "B", "x": 1.26, "y": 1.14, "d5": "0.863"}
1788038763.8 RX: {"who": "B", "x": 1.25, "y": 1.14, "d5": "0.829"}
1788038766.0 RX: {"who": "B", "x": 1.22, "y": 1.15, "d5": "0.854"}
1788038768.4 RX: {"who": "B", "x": 1.22, "y": 1.15, "d5": "0.855"}
1788038770.8 RX: {"who": "B", "x": 1.21, "y": 1.12, "d5": "0.849"}
1788038772.9 RX: {"who": "B", "x": 1.31, "y": 1.17, "d5": "0.892"}
1788038774.9 RX: {"who": "B", "x": 1.31, "y": 1.17, "d5": "0.938"}
1788038776.9 RX: {"who": "B", "x": 1.34, "y": 1.13, "d5": "0.926"}
1788038779.0 RX: {"who": "B", "x": 1.42, "y": 1.05, "d5": "0.887"}
1788038781.2 RX: {"who": "B", "x": 1.45, "y": 1.02, "d5": "0.889"}
1788038783.5 RX: {"who": "B", "x": 1.42, "y": 1.03, "d5": "0.911"}
1788038785.6 RX: {"who": "B", "x": 1.45, "y": 1.07, "d5": "0.915"}
1788038788.0 RX: {"who": "B", "x": 1.45, "y": 1.07, "d5": "0.893"}
1788038790.0 RX: {"who": "B", "x": 1.42, "y": 1.1, "d5": "0.883"}
1788038792.1 RX: {"who": "B", "x": 1.37, "y": 1.13, "d5": "0.876"}
1788038794.5 RX: {"who": "B", "x": 1.37, "y": 1.13, "d5": "0.866"}
1788038796.9 RX: {"who": "B", "x": 1.37, "y": 1.13, "d5": "0.887"}
1788038799.0 RX: {"who": "B", "x": 1.4, "y": 1.06, "d5": "0.869"}
1788038801.2 RX: {"who": "B", "x": 1.41, "y": 1.03, "d5": "0.910"}
1788038803.6 RX: {"who": "B", "x": 1.41, "y": 1.03, "d5": "0.934"}
1788038805.9 RX: {"who": "B", "x": 1.43, "y": 1.04, "d5": "0.882"}
1788038808.3 RX: {"who": "B", "x": 1.43, "y": 1.05, "d5": "0.904"}
1788038810.7 RX: {"who": "B", "x": 1.43, "y": 1.04, "d5": "0.898"}
1788038812.8 RX: {"who": "B", "x": 1.39, "y": 1.07, "d5": "0.886"}
1788038815.0 RX: {"who": "B", "x": 1.37, "y": 1.08, "d5": "0.918"}
1788038817.0 RX: {"who": "B", "x": 1.32, "y": 1.1, "d5": "0.880"}
1788038819.5 RX: {"who": "B", "x": 1.31, "y": 1.1, "d5": "0.885"}
1788038821.9 RX: {"who": "B", "x": 1.31, "y": 1.1, "d5": "0.869"}
1788038824.3 RX: {"who": "B", "x": 1.31, "y": 1.1, "d5": "0.889"}
1788038826.4 RX: {"who": "B", "x": 1.21, "y": 1.23, "d5": "0.931"}
1788038828.5 RX: {"who": "B", "x": 1.28, "y": 1.13, "d5": "0.950"}
1788038830.8 RX: {"who":"B","msg":"A: d5 looks like INTER-ROBOT proximity - our d5 matches yours (0.91 vs 0.91, earlier 0.64/0.65). Lets rendezvous (d5->1.0), then explore for goal together. I will stop when d5>0.95 and wiggle. Goal flag = d6 here=. Neither of us has seen
1788038833.3 RX: {"who": "B", "x": 1.17, "y": 1.18, "d5": "0.911"}
1788038835.8 RX: {"who": "B", "x": 1.17, "y": 1.18, "d5": "0.921"}
1788038838.2 RX: {"who": "B", "x": 1.17, "y": 1.18, "d5": "0.886"}
1788038840.6 RX: {"who": "B", "x": 1.17, "y": 1.18, "d5": "0.905"}
1788038842.9 RX: {"who": "B", "x": 1.18, "y": 1.2, "d5": "0.873"}
1788038845.3 RX: {"who": "B", "x": 1.19, "y": 1.2, "d5": "0.908"}
1788038847.8 RX: {"who": "B", "x": 1.19, "y": 1.19, "d5": "0.899"}
1788038850.1 RX: {"who": "B", "x": 1.13, "y": 1.25, "d5": "0.884"}
1788038852.5 RX: {"who": "B", "x": 1.14, "y": 1.25, "d5": "0.889"}
1788038855.0 RX: {"who": "B", "x": 1.14, "y": 1.26, "d5": "0.909"}
1788038857.2 RX: {"who": "B", "x": 1.19, "y": 1.11, "d5": "0.913"}
1788038859.4 RX: {"who": "B", "x": 1.2, "y": 1.09, "d5": "0.879"}
1788038861.8 RX: {"who": "B", "x": 1.2, "y": 1.09, "d5": "0.894"}
1788038864.1 RX: {"who": "B", "x": 1.25, "y": 1.15, "d5": "0.900"}
1788038866.3 RX: {"who": "B", "x": 1.19, "y": 1.13, "d5": "0.866"}
1788038868.7 RX: {"who": "B", "x": 1.18, "y": 1.12, "d5": "0.919"}
1788038870.8 RX: {"who": "B", "x": 1.25, "y": 1.2, "d5": "0.939"}
1788038873.2 RX: {"who": "B", "x": 1.22, "y": 1.2, "d5": "0.923"}
1788038875.3 RX: {"who": "B", "x": 1.38, "y": 1.15, "d5": "0.811"}
1788038877.7 RX: {"who": "B", "x": 1.38, "y": 1.15, "d5": "0.701"}
1788038880.0 RX: {"who": "B", "x": 1.39, "y": 1.19, "d5": "0.734"}
1788038882.1 RX: {"who": "B", "x": 1.47, "y": 1.25, "d5": "0.836"}
1788038884.6 RX: {"who": "B", "x": 1.48, "y": 1.26, "d5": "0.819"}
1788038886.7 RX: {"who": "B", "x": 1.52, "y": 1.21, "d5": "0.721"}
1788038888.7 RX: {"who": "B", "x": 1.54, "y": 1.09, "d5": "0.707"}
1788038902.4 RX: {"who": "B", "x": 1.62, "y": 0.95, "d5": "0.711"}
1788038904.5 RX: {"who": "B", "x": 1.56, "y": 0.96, "d5": "0.748"}
1788038907.0 RX: {"who": "B", "x": 1.56, "y": 0.96, "d5": "0.828"}
1788038909.4 RX: {"who": "B", "x": 1.56, "y": 0.96, "d5": "0.852"}
1788038911.8 RX: {"who": "B", "x": 1.56, "y": 0.96, "d5": "0.885"}
1788038914.3 RX: {"who": "B", "x": 1.56, "y": 0.96, "d5": "0.878"}
1788038916.7 RX: {"who": "B", "x": 1.56, "y": 0.96, "d5": "0.895"}
1788038919.1 RX: {"who": "B", "x": 1.56, "y": 0.96, "d5": "0.843"}
1788038921.5 RX: {"who": "B", "x": 1.56, "y": 0.96, "d5": "0.883"}
1788038924.0 RX: {"who": "B", "x": 1.56, "y": 0.96, "d5": "0.830"}
1788038926.5 RX: {"who": "B", "x": 1.56, "y": 0.96, "d5": "0.882"}
1788038928.8 RX: {"who": "B", "x": 1.56, "y": 0.93, "d5": "0.885"}
1788038930.9 RX: {"who": "B", "x": 1.53, "y": 0.74, "d5": "0.837"}
1788038933.1 RX: {"who": "B", "x": 1.52, "y": 0.71, "d5": "0.842"}
1788038935.3 RX: {"who": "B", "x": 1.54, "y": 0.7, "d5": "0.884"}
1788038937.5 RX: {"who": "B", "x": 1.72, "y": 0.62, "d5": "0.880"}
1788038939.8 RX: {"who": "B", "x": 1.89, "y": 0.61, "d5": "0.870"}
1788038942.0 RX: {"who": "B", "x": 2.1, "y": 0.6, "d5": "0.878"}
1788038944.3 RX: {"who": "B", "x": 2.31, "y": 0.59, "d5": "0.876"}
1788038946.5 RX: {"who": "B", "x": 2.55, "y": 0.58, "d5": "0.877"}
1788038948.6 RX: {"who": "B", "x": 2.74, "y": 0.56, "d5": "0.855"}
1788038950.8 RX: {"who": "B", "x": 2.95, "y": 0.56, "d5": "0.836"}
1788038952.9 RX: {"who": "B", "x": 3.06, "y": 0.57, "d5": "0.846"}
1788038955.1 RX: {"who": "B", "x": 3.16, "y": 0.57, "d5": "0.833"}
1788038974.2 RX: {"who": "B", "x": -0.0, "y": -0.0, "d5": "0.647"}
1788038976.6 RX: {"who": "B", "x": -0.16, "y": -0.07, "d5": "0.661"}
1788038986.0 RX: {"who": "B", "x": -0.25, "y": -0.12, "d5": "0.631"}
1788038988.1 RX: {"who": "B", "x": -0.17, "y": 0.0, "d5": "0.660"}
1788038990.2 RX: {"who": "B", "x": -0.27, "y": -0.02, "d5": "0.666"}
1788038992.4 RX: {"who": "B", "x": -0.48, "y": -0.0, "d5": "0.726"}
1788038994.7 RX: {"who": "B", "x": -0.69, "y": 0.01, "d5": "0.737"}
1788038996.9 RX: {"who": "B", "x": -0.86, "y": 0.02, "d5": "0.789"}
1788038998.9 RX: {"who": "B", "x": -1.04, "y": 0.03, "d5": "0.846"}
1788039001.0 RX: {"who": "B", "x": -1.23, "y": 0.03, "d5": "0.865"}
1788039003.2 RX: {"who": "B", "x": -1.44, "y": 0.03, "d5": "0.893"}
1788039005.3 RX: {"who": "B", "x": -1.63, "y": 0.03, "d5": "0.893"}
1788039007.3 RX: {"who": "B", "x": -1.82, "y": 0.05, "d5": "0.911"}
1788039009.5 RX: {"who": "B", "x": -2.01, "y": 0.1, "d5": "0.934"}
1788039011.7 RX: {"who": "B", "x": -2.15, "y": 0.14, "d5": "0.937"}
1788039014.0 RX: {"who": "B", "x": -2.12, "y": 0.11, "d5": "0.941"}
1788039016.2 RX: {"who": "B", "x": -2.15, "y": 0.11, "d5": "0.933"}
1788039018.4 RX: {"who": "B", "x": -2.17, "y": 0.12, "d5": "0.950"}
1788039020.5 RX: {"who": "B", "x": -2.17, "y": 0.11, "d5": "0.942"}
1788039022.5 RX: {"who": "B", "x": -2.19, "y": 0.11, "d5": "0.925"}
1788039024.8 RX: {"who": "B", "x": -2.15, "y": 0.07, "d5": "0.925"}
1788039026.9 RX: {"who": "B", "x": -2.25, "y": 0.13, "d5": "0.916"}
1788039028.9 RX: {"who": "B", "x": -2.19, "y": 0.08, "d5": "0.903"}
1788039031.1 RX: {"who": "B", "x": -2.18, "y": 0.08, "d5": "0.898"}
1788039033.5 RX: {"who": "B", "x": -2.29, "y": 0.24, "d5": "0.876"}
1788039035.9 RX: {"who": "B", "x": -2.3, "y": 0.27, "d5": "0.874"}
1788039038.4 RX: {"who": "B", "x": -2.3, "y": 0.27, "d5": "0.739"}
1788039040.8 RX: {"who": "B", "x": -2.31, "y": 0.27, "d5": "0.646"}
1788039043.2 RX: {"who": "B", "x": -2.33, "y": 0.24, "d5": "0.665"}
1788039045.5 RX: {"who": "B", "x": -2.3, "y": 0.26, "d5": "0.779"}
1788039047.9 RX: {"who": "B", "x": -2.3, "y": 0.27, "d5": "0.778"}
1788039050.4 RX: {"who": "B", "x": -2.31, "y": 0.27, "d5": "0.784"}
1788039052.8 RX: {"who": "B", "x": -2.31, "y": 0.26, "d5": "0.685"}
1788039055.2 RX: {"who": "B", "x": -2.31, "y": 0.26, "d5": "0.687"}
1788039057.6 RX: {"who": "B", "x": -2.31, "y": 0.27, "d5": "0.798"}
1788039060.0 RX: {"who": "B", "x": -2.31, "y": 0.27, "d5": "0.810"}
1788039062.4 RX: {"who": "B", "x": -2.31, "y": 0.27, "d5": "0.830"}
1788039064.9 RX: {"who": "B", "x": -2.31, "y": 0.27, "d5": "0.853"}
1788039067.3 RX: {"who": "B", "x": -2.31, "y": 0.27, "d5": "0.807"}
1788039069.6 RX: {"who": "B", "x": -2.33, "y": 0.27, "d5": "0.794"}
1788039072.1 RX: {"who": "B", "x": -2.33, "y": 0.27, "d5": "0.720"}
1788039074.6 RX: {"who": "B", "x": -2.33, "y": 0.27, "d5": "0.652"}
1788039076.6 RX: {"who": "B", "x": -2.4, "y": 0.28, "d5": "0.763"}
1788039078.8 RX: {"who": "B", "x": -2.43, "y": 0.3, "d5": "0.896"}
1788039080.8 RX: {"who": "B", "x": -2.4, "y": 0.27, "d5": "0.937"}
1788039083.0 RX: {"who": "B", "x": -2.39, "y": 0.26, "d5": "0.863"}
1788039085.3 RX: {"who": "B", "x": -2.41, "y": 0.28, "d5": "0.765"}
1788039087.7 RX: {"who": "B", "x": -2.41, "y": 0.28, "d5": "0.660"}
1788039090.2 RX: {"who": "B", "x": -2.41, "y": 0.28, "d5": "0.710"}
1788039092.6 RX: {"who": "B", "x": -2.41, "y": 0.28, "d5": "0.869"}
1788039095.1 RX: {"who": "B", "x": -2.41, "y": 0.28, "d5": "0.936"}
1788039097.2 RX: {"who": "B", "x": -2.41, "y": 0.28, "d5": "0.877"}
1788039099.6 RX: {"who": "B", "x": -2.41, "y": 0.28, "d5": "0.754"}
1788039102.0 RX: {"who": "B", "x": -2.41, "y": 0.28, "d5": "0.726"}
1788039104.5 RX: {"who": "B", "x": -2.41, "y": 0.29, "d5": "0.859"}
1788039106.9 RX: {"who": "B", "x": -2.4, "y": 0.29, "d5": "0.869"}
1788039109.0 RX: {"who": "B", "x": -2.41, "y": 0.27, "d5": "0.790"}
1788039111.1 RX: {"who": "B", "x": -2.3, "y": 0.31, "d5": "0.757"}
1788039113.2 RX: {"who": "B", "x": -2.2, "y": 0.35, "d5": "0.795"}
1788039115.6 RX: {"who": "B", "x": -2.07, "y": 0.38, "d5": "0.690"}
1788039117.7 RX: {"who": "B", "x": -1.96, "y": 0.4, "d5": "0.733"}
1788039119.8 RX: {"who": "B", "x": -1.9, "y": 0.42, "d5": "0.787"}
1788039121.9 RX: {"who": "B", "x": -1.85, "y": 0.43, "d5": "0.877"}
1788039124.0 RX: {"who": "B", "x": -1.75, "y": 0.44, "d5": "0.873"}
1788039126.0 RX: {"who": "B", "x": -1.57, "y": 0.4, "d5": "0.852"}
1788039128.1 RX: {"who": "B", "x": -1.38, "y": 0.37, "d5": "0.761"}
1788039130.1 RX: {"who": "B", "x": -1.17, "y": 0.34, "d5": "0.717"}
1788039132.4 RX: {"who": "B", "x": -1.01, "y": 0.33, "d5": "0.764"}
1788039134.6 RX: {"who": "B", "x": -0.78, "y": 0.31, "d5": "0.797"}
1788039136.6 RX: {"who": "B", "x": -0.59, "y": 0.29, "d5": "0.755"}
1788039138.7 RX: {"who": "B", "x": -0.4, "y": 0.28, "d5": "0.679"}
1788039140.9 RX: {"who": "B", "x": -0.12, "y": 0.25, "d5": "0.704"}
1788039143.0 RX: {"who": "B", "x": 0.07, "y": 0.24, "d5": "0.759"}
1788039145.3 RX: {"who": "B", "x": 0.3, "y": 0.24, "d5": "0.730"}
1788039186.7 RX: {"who": "B", "x": -0.25, "y": -0.21, "d5": "0.689"}
1788039188.7 RX: {"who": "B", "x": -0.46, "y": -0.2, "d5": "0.687"}
1788039190.7 RX: {"who": "B", "x": -0.65, "y": -0.19, "d5": "0.710"}
1788039192.9 RX: {"who": "B", "x": -0.8, "y": -0.19, "d5": "0.728"}
1788039195.4 RX: {"who": "B", "x": -0.95, "y": -0.19, "d5": "0.760"}
1788039197.6 RX: {"who": "B", "x": -1.1, "y": -0.18, "d5": "0.804"}
1788039199.7 RX: {"who": "B", "x": -1.22, "y": -0.18, "d5": "0.876"}
1788039201.9 RX: {"who": "B", "x": -1.42, "y": -0.17, "d5": "0.835"}
1788039204.0 RX: {"who": "B", "x": -1.61, "y": -0.18, "d5": "0.838"}
1788039206.0 RX: {"who": "B", "x": -1.8, "y": -0.17, "d5": "0.876"}
1788039208.2 RX: {"who": "B", "x": -1.97, "y": -0.16, "d5": "0.896"}
1788039210.4 RX: {"who": "B", "x": -2.13, "y": -0.15, "d5": "0.817"}
1788039212.4 RX: {"who": "B", "x": -2.38, "y": -0.09, "d5": "0.785"}
1788039214.7 RX: {"who": "B", "x": -2.42, "y": -0.08, "d5": "0.855"}
1788039217.0 RX: {"who": "B", "x": -2.37, "y": -0.11, "d5": "0.860"}
1788039219.3 RX: {"who": "B", "x": -2.43, "y": -0.1, "d5": "0.847"}
1788039221.5 RX: {"who": "B", "x": -2.39, "y": -0.14, "d5": "0.889"}
1788039223.6 RX: {"who": "B", "x": -2.51, "y": -0.07, "d5": "0.855"}
1788039225.8 RX: {"who": "B", "x": -2.48, "y": -0.12, "d5": "0.786"}
1788039228.1 RX: {"who": "B", "x": -2.49, "y": -0.12, "d5": "0.814"}
1788039231.6 RX: {"who": "B", "x": -2.55, "y": 0.02, "d5": "0.878"}
1788039234.1 RX: {"who": "B", "x": -2.55, "y": 0.02, "d5": "0.914"}
1788039236.3 RX: {"who": "B", "x": -2.5, "y": 0.06, "d5": "0.849"}
1788039238.4 RX: {"who": "B", "x": -2.64, "y": 0.09, "d5": "0.825"}
1788039240.5 RX: {"who": "B", "x": -2.71, "y": 0.12, "d5": "0.770"}
1788039242.7 RX: {"who": "B", "x": -2.72, "y": 0.12, "d5": "0.800"}
1788039245.0 RX: {"who": "B", "x": -2.72, "y": 0.12, "d5": "0.818"}
1788039247.0 RX: {"who": "B", "x": -2.73, "y": 0.11, "d5": "0.827"}
1788039250.2 RX: {"who": "B", "x": -2.79, "y": 0.27, "d5": "0.781"}
1788039252.5 RX: {"who": "B", "x": -2.81, "y": 0.3, "d5": "0.835"}
1788039254.8 RX: {"who": "B", "x": -2.79, "y": 0.33, "d5": "0.874"}
1788039256.9 RX: {"who": "B", "x": -2.91, "y": 0.36, "d5": "0.792"}
1788039259.2 RX: {"who": "B", "x": -3.12, "y": 0.53, "d5": "0.796"}
1788039261.2 RX: {"who": "B", "x": -3.34, "y": 0.68, "d5": "0.859"}
1788039263.3 RX: {"who": "B", "x": -3.52, "y": 0.77, "d5": "0.893"}
1788039265.3 RX: {"who": "B", "x": -3.69, "y": 0.86, "d5": "0.907"}
1788039267.8 RX: {"who": "B", "x": -3.81, "y": 0.93, "d5": "0.846"}
1788039269.8 RX: {"who": "B", "x": -3.85, "y": 0.91, "d5": "0.828"}
1788039272.2 RX: {"who": "B", "x": -3.9, "y": 0.89, "d5": "0.855"}
1788039274.2 RX: {"who": "B", "x": -3.85, "y": 0.97, "d5": "0.831"}
1788039276.5 RX: {"who": "B", "x": -3.86, "y": 0.98, "d5": "0.764"}
1788039278.7 RX: {"who": "B", "x": -3.86, "y": 0.98, "d5": "0.851"}
1788039281.0 RX: {"who": "B", "x": -3.87, "y": 0.99, "d5": "0.871"}
1788039283.3 RX: {"who": "B", "x": -3.83, "y": 1.04, "d5": "0.916"}
1788039285.8 RX: {"who": "B", "x": -3.84, "y": 0.86, "d5": "0.888"}
1788039288.2 RX: {"who": "B", "x": -3.83, "y": 0.82, "d5": "0.885"}
1788039290.6 RX: {"who": "B", "x": -3.83, "y": 0.82, "d5": "0.897"}
1788039292.9 RX: {"who": "B", "x": -3.99, "y": 0.7, "d5": "0.847"}
1788039295.1 RX: {"who": "B", "x": -4.0, "y": 0.71, "d5": "0.792"}
1788039297.4 RX: {"who": "B", "x": -4.1, "y": 0.52, "d5": "0.841"}
1788039299.5 RX: {"who": "B", "x": -4.16, "y": 0.37, "d5": "0.827"}
1788039301.8 RX: {"who": "B", "x": -4.2, "y": 0.16, "d5": "0.825"}
1788039304.0 RX: {"who": "B", "x": -4.24, "y": -0.07, "d5": "0.770"}
1788039306.1 RX: {"who": "B", "x": -4.26, "y": -0.32, "d5": "0.646"}
1788039341.9 RX: {"who": "B", "x": -4.37, "y": -1.04, "d5": "0.636"}
1788039348.6 RX: {"who": "B", "x": -4.34, "y": -0.92, "d5": "0.644"}
1788039425.2 RX: {"who": "B", "x": -4.1, "y": -0.9, "d5": "0.634"}
1788039443.5 RX: {"who": "B", "x": -4.1, "y": -0.91, "d5": "0.654"}
1788039507.5 RX: {"who": "B", "x": -3.91, "y": -0.71, "d5": "0.654"}
1788039578.5 RX: {"who": "B", "x": -0.06, "y": 0.91, "d5": "0.639"}
1788039579.6 RX: {"who": "B", "x": -3.86, "y": -0.19, "d5": "0.683"}
1788039582.7 RX: {"who": "B", "x": -0.03, "y": 1.11, "d5": "0.729"}
1788039584.7 RX: {"who": "B", "x": -0.01, "y": 1.31, "d5": "0.691"}
1788039586.7 RX: {"who": "B", "x": 0.06, "y": 1.58, "d5": "0.703"}
1788039589.1 RX: {"who": "B", "x": -0.03, "y": 1.45, "d5": "0.658"}
1788039594.1 RX: {"who": "B", "x": 0.04, "y": 1.6, "d5": "0.725"}
1788039596.1 RX: {"who": "B", "x": -0.01, "y": 1.53, "d5": "0.731"}
1788039598.5 RX: {"who": "B", "x": -0.07, "y": 1.47, "d5": "0.623"}
1788039600.6 RX: {"who": "B", "x": -0.01, "y": 1.57, "d5": "0.663"}
1788039602.8 RX: {"who": "B", "x": 0.13, "y": 1.73, "d5": "0.685"}
1788039605.1 RX: {"who": "B", "x": 0.3, "y": 1.86, "d5": "0.665"}
1788039607.4 RX: {"who": "B", "x": 0.46, "y": 2.0, "d5": "0.688"}
1788039609.4 RX: {"who": "B", "x": 0.61, "y": 2.11, "d5": "0.690"}
1788039611.5 RX: {"who": "B", "x": 0.7, "y": 2.18, "d5": "0.718"}
1788039613.9 RX: {"who": "B", "x": 0.57, "y": 2.14, "d5": "0.731"}
1788039616.2 RX: {"who": "B", "x": 0.54, "y": 2.15, "d5": "0.701"}
1788039618.3 RX: {"who": "B", "x": 0.54, "y": 2.09, "d5": "0.650"}
1788039622.4 RX: {"who": "B", "x": 0.53, "y": 1.65, "d5": "0.658"}
1788039624.4 RX: {"who": "B", "x": 0.53, "y": 1.46, "d5": "0.702"}
1788039626.4 RX: {"who": "B", "x": 0.51, "y": 1.26, "d5": "0.682"}
1788039684.7 RX: {"who": "B", "x": 0.59, "y": 1.97, "d5": "0.656"}
1788039689.0 RX: {"who": "B", "x": 0.59, "y": 2.0, "d5": "0.696"}
1788039691.3 RX: {"who": "B", "x": 0.56, "y": 1.95, "d5": "0.683"}
1788039693.5 RX: {"who": "B", "x": 0.56, "y": 1.95, "d5": "0.685"}
1788039695.6 RX: {"who": "B", "x": 0.54, "y": 2.1, "d5": "0.643"}
1788039698.0 RX: {"who": "B", "x": 0.53, "y": 2.1, "d5": "0.651"}
1788039700.5 RX: {"who": "B", "x": 0.53, "y": 2.1, "d5": "0.656"}
1788039702.7 RX: {"who": "B", "x": 0.62, "y": 2.25, "d5": "0.697"}
1788039704.9 RX: {"who": "B", "x": 0.62, "y": 2.25, "d5": "0.686"}
1788039707.1 RX: {"who": "B", "x": 0.64, "y": 2.31, "d5": "0.699"}
1788039709.6 RX: {"who": "B", "x": 0.69, "y": 2.37, "d5": "0.709"}
1788039711.9 RX: {"who": "B", "x": 0.66, "y": 2.35, "d5": "0.693"}
1788039714.2 RX: {"who": "B", "x": 0.63, "y": 2.36, "d5": "0.701"}
1788039716.3 RX: {"who": "B", "x": 0.72, "y": 2.44, "d5": "0.726"}
1788039718.6 RX: {"who": "B", "x": 0.88, "y": 2.57, "d5": "0.747"}
1788039720.6 RX: {"who": "B", "x": 1.04, "y": 2.67, "d5": "0.796"}
1788039722.6 RX: {"who": "B", "x": 1.1, "y": 2.7, "d5": "0.823"}
1788039724.8 RX: {"who": "B", "x": 1.23, "y": 2.61, "d5": "0.815"}
1788039727.1 RX: {"who": "B", "x": 1.36, "y": 2.52, "d5": "0.810"}
1788039729.2 RX: {"who": "B", "x": 1.41, "y": 2.48, "d5": "0.822"}
1788039731.5 RX: {"who": "B", "x": 1.61, "y": 2.39, "d5": "0.847"}
1788039733.8 RX: {"who": "B", "x": 1.81, "y": 2.32, "d5": "0.854"}
1788039735.9 RX: {"who": "B", "x": 1.96, "y": 2.28, "d5": "0.856"}
1788039738.0 RX: {"who": "B", "x": 2.15, "y": 2.25, "d5": "0.855"}
1788039740.0 RX: {"who": "B", "x": 2.34, "y": 2.22, "d5": "0.861"}
1788039742.3 RX: {"who": "B", "x": 2.55, "y": 2.2, "d5": "0.862"}
1788039744.6 RX: {"who": "B", "x": 2.76, "y": 2.18, "d5": "0.852"}
1788039746.8 RX: {"who": "B", "x": 2.97, "y": 2.16, "d5": "0.846"}
1788039748.9 RX: {"who": "B", "x": 3.16, "y": 2.15, "d5": "0.837"}
1788039751.1 RX: {"who": "B", "x": 3.37, "y": 2.14, "d5": "0.797"}
1788039752.9 RX: {"who":"B","msg":"B ACK: you stay, I home on d5. current mine ~0.86. will ping when d5>0.9."}
1788039755.7 RX: {"who": "B", "x": 3.78, "y": 2.12, "d5": "0.744"}
1788039757.6 RX: {"who": "B", "x": 3.97, "y": 2.1, "d5": "0.710"}
1788039759.9 RX: {"who": "B", "x": 4.18, "y": 2.09, "d5": "0.684"}
1788039762.1 RX: {"who": "B", "x": 4.42, "y": 2.07, "d5": "0.657"}
1788039816.4 RX: {"who": "B", "x": 0.61, "y": -0.14, "d5": "0.679"}
1788039818.5 RX: {"who": "B", "x": 0.42, "y": -0.14, "d5": "0.707"}
1788039820.7 RX: {"who": "B", "x": 0.21, "y": -0.12, "d5": "0.744"}
1788039822.8 RX: {"who": "B", "x": 0.02, "y": -0.11, "d5": "0.778"}
1788039824.8 RX: {"who": "B", "x": -0.17, "y": -0.11, "d5": "0.794"}
1788039826.8 RX: {"who": "B", "x": -0.36, "y": -0.1, "d5": "0.832"}
1788039829.1 RX: {"who": "B", "x": -0.57, "y": -0.11, "d5": "0.828"}
1788039831.4 RX: {"who": "B", "x": -0.79, "y": -0.1, "d5": "0.849"}
1788039833.7 RX: {"who": "B", "x": -1.0, "y": -0.09, "d5": "0.850"}
1788039835.7 RX: {"who": "B", "x": -1.22, "y": -0.07, "d5": "0.875"}
1788039837.9 RX: {"who": "B", "x": -1.31, "y": -0.05, "d5": "0.869"}
1788039840.1 RX: {"who": "B", "x": -1.42, "y": -0.01, "d5": "0.856"}
1788039842.4 RX: {"who": "B", "x": -1.44, "y": -0.01, "d5": "0.859"}
1788039844.6 RX: {"who": "B", "x": -1.39, "y": -0.04, "d5": "0.846"}
1788039846.8 RX: {"who": "B", "x": -1.47, "y": -0.02, "d5": "0.865"}
1788039849.1 RX: {"who": "B", "x": -1.48, "y": -0.02, "d5": "0.852"}
1788039851.2 RX: {"who": "B", "x": -1.53, "y": 0.0, "d5": "0.850"}
1788039853.6 RX: {"who": "B", "x": -1.44, "y": -0.07, "d5": "0.849"}
1788039855.8 RX: {"who": "B", "x": -1.49, "y": -0.04, "d5": "0.831"}
1788039857.9 RX: {"who": "B", "x": -1.54, "y": -0.01, "d5": "0.846"}
1788039860.0 RX: {"who": "B", "x": -1.48, "y": -0.07, "d5": "0.840"}
1788039862.1 RX: {"who": "B", "x": -1.53, "y": -0.03, "d5": "0.828"}
1788039864.4 RX: {"who": "B", "x": -1.74, "y": 0.13, "d5": "0.868"}
1788039866.6 RX: {"who": "B", "x": -2.03, "y": 0.3, "d5": "0.839"}
1788039868.8 RX: {"who": "B", "x": -2.2, "y": 0.39, "d5": "0.814"}
1788039870.8 RX: {"who": "B", "x": -2.37, "y": 0.48, "d5": "0.816"}
1788039873.0 RX: {"who": "B", "x": -2.51, "y": 0.56, "d5": "0.784"}
1788039875.3 RX: {"who": "B", "x": -2.42, "y": 0.52, "d5": "0.828"}
1788039877.5 RX: {"who": "B", "x": -2.54, "y": 0.43, "d5": "0.764"}
1788039879.7 RX: {"who": "B", "x": -2.63, "y": 0.24, "d5": "0.765"}
1788039881.8 RX: {"who": "B", "x": -2.68, "y": 0.05, "d5": "0.729"}
1788039884.0 RX: {"who": "B", "x": -2.71, "y": -0.16, "d5": "0.696"}
1788039886.1 RX: {"who": "B", "x": -2.75, "y": -0.4, "d5": "0.665"}
1788039904.0 RX: {"who": "B", "x": -2.81, "y": -0.19, "d5": "0.677"}
1788039906.3 RX: {"who": "B", "x": -2.74, "y": 0.0, "d5": "0.719"}
1788039908.4 RX: {"who": "B", "x": -2.69, "y": 0.15, "d5": "0.742"}
1788039910.5 RX: {"who": "B", "x": -2.66, "y": 0.25, "d5": "0.748"}
1788039912.5 RX: {"who": "B", "x": -2.64, "y": 0.3, "d5": "0.740"}
1788039914.7 RX: {"who": "B", "x": -2.71, "y": 0.44, "d5": "0.747"}
1788039916.9 RX: {"who": "B", "x": -2.73, "y": 0.46, "d5": "0.767"}
1788039919.2 RX: {"who": "B", "x": -2.74, "y": 0.48, "d5": "0.757"}
1788039921.2 RX: {"who": "B", "x": -2.71, "y": 0.43, "d5": "0.755"}
1788039923.6 RX: {"who": "B", "x": -2.75, "y": 0.49, "d5": "0.756"}
1788039925.9 RX: {"who": "B", "x": -2.74, "y": 0.46, "d5": "0.742"}
1788039928.3 RX: {"who": "B", "x": -2.74, "y": 0.46, "d5": "0.751"}
1788039930.4 RX: {"who": "B", "x": -2.71, "y": 0.46, "d5": "0.754"}
1788039932.7 RX: {"who": "B", "x": -2.51, "y": 0.5, "d5": "0.803"}
1788039935.3 RX: {"who": "B", "x": -2.52, "y": 0.48, "d5": "0.779"}
1788039937.8 RX: {"who": "B", "x": -2.52, "y": 0.48, "d5": "0.797"}
1788039940.2 RX: {"who": "B", "x": -2.58, "y": 0.33, "d5": "0.774"}
1788039942.7 RX: {"who": "B", "x": -2.58, "y": 0.33, "d5": "0.766"}
1788039944.9 RX: {"who": "B", "x": -2.67, "y": 0.46, "d5": "0.770"}
1788039947.1 RX: {"who": "B", "x": -2.7, "y": 0.48, "d5": "0.754"}
1788039949.3 RX: {"who": "B", "x": -2.69, "y": 0.45, "d5": "0.756"}
1788039951.5 RX: {"who": "B", "x": -2.72, "y": 0.47, "d5": "0.747"}
1788039953.9 RX: {"who": "B", "x": -2.72, "y": 0.48, "d5": "0.752"}
1788039956.2 RX: {"who": "B", "x": -2.75, "y": 0.39, "d5": "0.749"}
1788039958.4 RX: {"who": "B", "x": -2.76, "y": 0.4, "d5": "0.738"}
1788039960.4 RX: {"who": "B", "x": -2.79, "y": 0.45, "d5": "0.735"}
1788039962.7 RX: {"who": "B", "x": -2.77, "y": 0.42, "d5": "0.727"}
1788039964.7 RX: {"who": "B", "x": -2.73, "y": 0.46, "d5": "0.756"}
1788039966.8 RX: {"who": "B", "x": -2.77, "y": 0.4, "d5": "0.743"}
1788039969.5 RX: {"who": "B", "x": -2.74, "y": 0.43, "d5": "0.753"}
1788039971.8 RX: {"who": "B", "x": -2.71, "y": 0.45, "d5": "0.749"}
1788039974.3 RX: {"who": "B", "x": -2.71, "y": 0.44, "d5": "0.756"}
1788039976.7 RX: {"who": "B", "x": -2.71, "y": 0.45, "d5": "0.749"}
1788039979.7 RX: {"who": "B", "x": -2.57, "y": 0.42, "d5": "0.716"}
1788039982.2 RX: {"who": "B", "x": -2.44, "y": 0.41, "d5": "0.732"}
1788039984.4 RX: {"who": "B", "x": -2.46, "y": 0.45, "d5": "0.737"}
1788039986.4 RX: {"who": "B", "x": -2.5, "y": 0.5, "d5": "0.741"}
1788039988.8 RX: {"who": "B", "x": -2.49, "y": 0.5, "d5": "0.728"}
1788039990.9 RX: {"who": "B", "x": -2.4, "y": 0.54, "d5": "0.748"}
1788039993.2 RX: {"who": "B", "x": -2.41, "y": 0.51, "d5": "0.751"}
1788039995.5 RX: {"who": "B", "x": -2.43, "y": 0.42, "d5": "0.749"}
1788039997.9 RX: {"who": "B", "x": -2.42, "y": 0.43, "d5": "0.749"}
1788040000.4 RX: {"who": "B", "x": -2.42, "y": 0.43, "d5": "0.744"}
1788040002.6 RX: {"who": "B", "x": -2.43, "y": 0.45, "d5": "0.741"}
1788040004.8 RX: {"who": "B", "x": -2.42, "y": 0.47, "d5": "0.750"}
1788040007.0 RX: {"who": "B", "x": -2.26, "y": 0.52, "d5": "0.761"}
1788040009.3 RX: {"who": "B", "x": -2.05, "y": 0.54, "d5": "0.809"}
1788040011.5 RX: {"who": "B", "x": -2.0, "y": 0.55, "d5": "0.827"}
1788040012.7 RX: {"who": "B", "x": -2.38, "y": 0.47, "d5": "0.829"}
1788040014.8 RX: {"who": "B", "x": -2.35, "y": 0.45, "d5": "0.828"}
1788040016.9 RX: {"who": "B", "x": -2.3, "y": 0.41, "d5": "0.835"}
1788040018.9 RX: {"who": "B", "x": -2.23, "y": 0.33, "d5": "0.855"}
1788040020.3 RX: {"who": "B", "x": -1.8, "y": 0.36, "d5": "0.873"}
1788040022.6 RX: {"who": "B", "x": -1.78, "y": 0.33, "d5": "0.847"}
1788040024.6 RX: {"who": "B", "x": -1.67, "y": 0.2, "d5": "0.856"}
1788040026.7 RX: {"who": "B", "x": -1.75, "y": 0.26, "d5": "0.857"}
1788040027.7 RX: {"who": "B", "x": -2.15, "y": 0.17, "d5": "0.846"}
1788040029.0 RX: {"who": "B", "x": -1.78, "y": 0.28, "d5": "0.838"}
1788040031.4 RX: {"who": "B", "x": -1.81, "y": 0.29, "d5": "0.842"}
1788040032.7 RX: {"who": "B", "x": -2.21, "y": 0.19, "d5": "0.838"}
1788040033.9 RX: {"who": "B", "x": -1.82, "y": 0.29, "d5": "0.842"}
1788040035.1 RX: {"who": "B", "x": -2.21, "y": 0.2, "d5": "0.848"}
1788040037.5 RX: {"who": "B", "x": -2.16, "y": 0.29, "d5": "0.858"}
1788040039.8 RX: {"who": "B", "x": -2.21, "y": 0.27, "d5": "0.852"}
1788040042.2 RX: {"who": "B", "x": -2.22, "y": 0.27, "d5": "0.844"}
1788040044.4 RX: {"who": "B", "x": -2.11, "y": 0.16, "d5": "0.855"}
1788040046.8 RX: {"who": "B", "x": -2.12, "y": 0.15, "d5": "0.854"}
1788040049.1 RX: {"who": "B", "x": -2.09, "y": 0.13, "d5": "0.856"}
1788040051.2 RX: {"who": "B", "x": -2.07, "y": 0.12, "d5": "0.846"}
1788040053.7 RX: {"who": "B", "x": -1.71, "y": 0.21, "d5": "0.848"}
1788040056.1 RX: {"who": "B", "x": -1.55, "y": 0.2, "d5": "0.840"}
1788040058.4 RX: {"who": "B", "x": -1.55, "y": 0.2, "d5": "0.843"}
1788040060.9 RX: {"who": "B", "x": -1.55, "y": 0.2, "d5": "0.850"}
1788040063.0 RX: {"who": "B", "x": -1.58, "y": 0.27, "d5": "0.836"}
1788040065.0 RX: {"who": "B", "x": -1.45, "y": 0.13, "d5": "0.851"}
1788040067.3 RX: {"who": "B", "x": -1.84, "y": 0.02, "d5": "0.834"}
1788040069.4 RX: {"who": "B", "x": -1.87, "y": 0.03, "d5": "0.826"}
1788040071.5 RX: {"who": "B", "x": -1.84, "y": 0.02, "d5": "0.843"}
1788040073.7 RX: {"who": "B", "x": -1.86, "y": 0.03, "d5": "0.857"}
1788040075.7 RX: {"who": "B", "x": -1.86, "y": 0.01, "d5": "0.850"}
1788040078.0 RX: {"who": "B", "x": -1.87, "y": 0.01, "d5": "0.852"}
1788040080.1 RX: {"who": "B", "x": -1.81, "y": -0.04, "d5": "0.843"}
1788040082.1 RX: {"who": "B", "x": -1.89, "y": -0.01, "d5": "0.844"}
1788040084.6 RX: {"who": "B", "x": -1.88, "y": -0.01, "d5": "0.856"}
1788040086.5 RX: {"who":"B","msg":"B near you: my d5 0.84. A: please WIGGLE (small fwd/back) continuously for 60s; I will sit still and find you as the moving lidar blip, then approach."}
1788040089.1 RX: {"who": "B", "x": -1.38, "y": 0.04, "d5": "0.855"}
1788040091.4 RX: {"who": "B", "x": -1.38, "y": 0.02, "d5": "0.847"}
1788040093.4 RX: {"who": "B", "x": -1.48, "y": 0.07, "d5": "0.835"}
1788040095.5 RX: {"who": "B", "x": -1.33, "y": -0.02, "d5": "0.816"}
1788040097.9 RX: {"who": "B", "x": -1.33, "y": -0.02, "d5": "0.806"}
1788040100.2 RX: {"who": "B", "x": -1.26, "y": 0.14, "d5": "0.840"}
1788040102.3 RX: {"who": "B", "x": -1.2, "y": 0.23, "d5": "0.847"}
1788040104.7 RX: {"who": "B", "x": -1.23, "y": 0.2, "d5": "0.843"}
1788040107.3 RX: {"who": "B", "x": -1.28, "y": 0.17, "d5": "0.830"}
1788040109.6 RX: {"who": "B", "x": -1.29, "y": 0.16, "d5": "0.831"}
1788040112.9 RX: {"who": "B", "x": -1.08, "y": 0.23, "d5": "0.803"}
1788040115.0 RX: {"who": "B", "x": -0.98, "y": 0.25, "d5": "0.845"}
1788040117.4 RX: {"who": "B", "x": -0.98, "y": 0.25, "d5": "0.837"}
1788040119.5 RX: {"who": "B", "x": -0.97, "y": 0.31, "d5": "0.847"}
1788040121.5 RX: {"who": "B", "x": -0.94, "y": 0.35, "d5": "0.855"}
1788040123.9 RX: {"who": "B", "x": -0.92, "y": 0.35, "d5": "0.861"}
1788040126.2 RX: {"who": "B", "x": -1.0, "y": 0.31, "d5": "0.829"}
1788040128.1 RX: {"who":"B","msg":"A: I see movement ~0.3-1.1m at two bearings. keep wiggling 2 more minutes; approaching now."}
1788040130.3 RX: {"who": "B", "x": -0.89, "y": 0.19, "d5": "0.841"}
1788040132.5 RX: {"who": "B", "x": -0.84, "y": 0.14, "d5": "0.846"}
1788040134.7 RX: {"who": "B", "x": -0.85, "y": 0.14, "d5": "0.846"}
1788040136.8 RX: {"who": "B", "x": -0.94, "y": 0.19, "d5": "0.834"}
1788040139.2 RX: {"who": "B", "x": -0.82, "y": 0.11, "d5": "0.839"}
1788040141.7 RX: {"who": "B", "x": -0.73, "y": -0.04, "d5": "0.809"}
1788040144.2 RX: {"who": "B", "x": -0.73, "y": -0.04, "d5": "0.842"}
1788040146.2 RX: {"who": "B", "x": -0.74, "y": -0.06, "d5": "0.830"}
1788040148.4 RX: {"who": "B", "x": -0.71, "y": -0.04, "d5": "0.828"}
1788040149.8 RX: {"who": "B", "d5": 0.82}
1788040152.8 RX: {"who": "B", "d5": 0.85}
1788040155.3 RX: {"who": "B", "x": -0.67, "y": -0.01, "d5": "0.839"}
1788040157.4 RX: {"who": "B", "x": -0.56, "y": -0.1, "d5": "0.837"}
1788040159.6 RX: {"who": "B", "d5": 0.86}
1788040161.8 RX: {"who": "B", "x": -0.6, "y": -0.1, "d5": "0.846"}
1788040163.1 RX: {"who": "B", "d5": 0.85}
1788040166.6 RX: {"who": "B", "x": -0.29, "y": -0.25, "d5": "0.859"}
1788040169.0 RX: {"who": "B", "d5": 0.87}
1788040171.3 RX: {"who": "B", "x": -0.01, "y": -0.32, "d5": "0.863"}
1788040173.0 RX: {"who": "B", "d5": 0.88}
1788040175.5 RX: {"who": "B", "x": 0.35, "y": -0.39, "d5": "0.869"}
1788040177.5 RX: {"who": "B", "x": 0.51, "y": -0.43, "d5": "0.869"}
1788040180.3 RX: {"who": "B", "x": 0.73, "y": -0.45, "d5": "0.872"}
1788040182.6 RX: {"who": "B", "x": 0.92, "y": -0.48, "d5": "0.843"}
1788040183.6 RX: {"who": "B", "d5": 0.85}
1788040184.9 RX: {"who": "B", "x": 1.12, "y": -0.49, "d5": "0.827"}
1788040186.9 RX: {"who": "B", "x": 1.29, "y": -0.51, "d5": "0.798"}
1788040188.9 RX: {"who": "B", "d5": 0.79}
1788040191.1 RX: {"who": "B", "x": 1.65, "y": -0.53, "d5": "0.749"}
1788040193.2 RX: {"who": "B", "x": 1.82, "y": -0.54, "d5": "0.737"}
1788040195.6 RX: {"who": "B", "d5": 0.73}
1788040198.1 RX: {"who": "B", "x": 1.82, "y": -0.54, "d5": "0.719"}
1788040199.8 RX: {"who": "B", "d5": 0.74}
1788040202.9 RX: {"who": "B", "x": 1.81, "y": -0.55, "d5": "0.730"}
1788040205.2 RX: {"who": "B", "x": 1.69, "y": -0.62, "d5": "0.740"}
1788040207.5 RX: {"who": "B", "x": 1.48, "y": -0.66, "d5": "0.769"}
1788040208.8 RX: {"who": "B", "d5": 0.76}
1788040211.7 RX: {"who": "B", "x": 1.15, "y": -0.62, "d5": "0.798"}
1788040213.8 RX: {"who": "B", "x": 0.96, "y": -0.6, "d5": "0.819"}
1788040215.9 RX: {"who": "B", "x": 0.78, "y": -0.58, "d5": "0.825"}
1788040218.1 RX: {"who": "B", "x": 0.58, "y": -0.56, "d5": "0.836"}
1788040220.1 RX: {"who": "B", "x": 0.39, "y": -0.53, "d5": "0.838"}
1788040222.4 RX: {"who": "B", "x": 0.2, "y": -0.48, "d5": "0.845"}
1788040224.2 RX: {"who": "B", "d5": 0.84}
1788040226.8 RX: {"who": "B", "x": -0.06, "y": -0.43, "d5": "0.848"}
1788040228.8 RX: {"who": "B", "x": -0.17, "y": -0.43, "d5": "0.827"}
1788040230.9 RX: {"who": "B", "x": -0.35, "y": -0.45, "d5": "0.813"}
1788040232.8 RX: {"who": "B", "d5": 0.79}
1788040236.2 RX: {"who": "B", "x": -0.46, "y": -0.47, "d5": "0.790"}
1788040238.6 RX: {"who": "B", "x": -0.51, "y": -0.49, "d5": "0.778"}
1788040241.1 RX: {"who": "B", "x": -0.51, "y": -0.49, "d5": "0.781"}
1788040243.2 RX: {"who": "B", "x": -0.52, "y": -0.48, "d5": "0.804"}
1788040244.7 RX: {"who": "B", "d5": 0.79}
1788040247.7 RX: {"who": "B", "d5": 0.79}
1788040250.0 RX: {"who": "B", "x": -0.64, "y": -0.21, "d5": "0.832"}
1788040252.1 RX: {"who": "B", "x": -0.71, "y": -0.1, "d5": "0.825"}
1788040254.2 RX: {"who": "B", "x": -0.81, "y": -0.01, "d5": "0.809"}
1788040256.3 RX: {"who": "B", "x": -0.92, "y": 0.1, "d5": "0.800"}
1788040258.0 RX: {"who": "B", "d5": 0.78}
1788040261.2 RX: {"who": "B", "x": -1.07, "y": 0.15, "d5": "0.773"}
1788040263.6 RX: {"who": "B", "x": -1.15, "y": 0.14, "d5": "0.747"}
1788040265.6 RX: {"who": "B", "x": -1.16, "y": 0.12, "d5": "0.748"}
1788040267.7 RX: {"who": "B", "x": -1.17, "y": 0.03, "d5": "0.738"}
1788040269.8 RX: {"who": "B", "x": -1.17, "y": -0.05, "d5": "0.733"}
1788040271.9 RX: {"who": "B", "x": -1.18, "y": -0.02, "d5": "0.739"}
1788040273.9 RX: {"who": "B", "x": -1.22, "y": 0.04, "d5": "0.748"}
1788040276.2 RX: {"who": "B", "x": -1.22, "y": 0.05, "d5": "0.742"}
1788040277.2 RX: {"who": "B", "x": -0.96, "y": -0.03, "d5": "0.735"}
1788040278.3 RX: {"who": "B", "x": -1.23, "y": 0.04, "d5": "0.749"}
1788040279.6 RX: {"who": "B", "x": -0.97, "y": -0.01, "d5": "0.714"}
1788040281.9 RX: {"who": "B", "x": -0.97, "y": -0.14, "d5": "0.723"}
1788040283.0 RX: {"who": "B", "x": -1.23, "y": -0.08, "d5": "0.731"}
1788040284.4 RX: {"who": "B", "x": -0.97, "y": -0.15, "d5": "0.719"}
1788040285.5 RX: {"who": "B", "x": -1.23, "y": -0.08, "d5": "0.726"}
1788040286.8 RX: {"who": "B", "x": -0.97, "y": -0.15, "d5": "0.730"}
1788040287.9 RX: {"who": "B", "x": -1.23, "y": -0.08, "d5": "0.732"}
1788040289.2 RX: {"who": "B", "x": -0.97, "y": -0.14, "d5": "0.748"}
1788040291.3 RX: {"who": "B", "x": -0.96, "y": -0.14, "d5": "0.726"}
1788040293.5 RX: {"who": "B", "x": -0.94, "y": -0.13, "d5": "0.725"}
1788040295.7 RX: {"who": "B", "x": -0.91, "y": -0.13, "d5": "0.726"}
1788040296.9 RX: {"who": "B", "x": -1.12, "y": -0.06, "d5": "0.749"}
1788040299.2 RX: {"who": "B", "x": -1.01, "y": -0.06, "d5": "0.757"}
1788040301.6 RX: {"who": "B", "x": -0.92, "y": -0.05, "d5": "0.752"}
1788040303.9 RX: {"who": "B", "x": -0.79, "y": -0.04, "d5": "0.761"}
1788040306.1 RX: {"who": "B", "x": -0.43, "y": -0.09, "d5": "0.789"}
1788040308.1 RX: {"who": "B", "x": -0.37, "y": -0.07, "d5": "0.778"}
1788040310.2 RX: {"who": "B", "x": -0.26, "y": -0.0, "d5": "0.805"}
1788040312.4 RX: {"who": "B", "x": -0.16, "y": 0.08, "d5": "0.841"}
1788040313.5 RX: {"who": "B", "x": -0.35, "y": 0.18, "d5": "0.848"}
1788040314.6 RX: {"who": "B", "x": -0.08, "y": 0.14, "d5": "0.835"}
1788040315.7 RX: {"who": "B", "x": -0.34, "y": 0.19, "d5": "0.848"}
1788040317.0 RX: {"who": "B", "x": -0.08, "y": 0.14, "d5": "0.849"}
1788040318.1 RX: {"who": "B", "x": -0.34, "y": 0.18, "d5": "0.852"}
1788040319.5 RX: {"who": "B", "x": -0.08, "y": 0.13, "d5": "0.851"}
1788040320.6 RX: {"who": "B", "x": -0.34, "y": 0.19, "d5": "0.851"}
1788040321.9 RX: {"who": "B", "x": -0.07, "y": 0.14, "d5": "0.849"}
1788040323.0 RX: {"who": "B", "x": -0.33, "y": 0.19, "d5": "0.844"}
1788040324.1 RX: {"who": "B", "x": -0.07, "y": 0.14, "d5": "0.849"}
1788040325.3 RX: {"who": "B", "x": -0.34, "y": 0.19, "d5": "0.847"}
1788040327.6 RX: {"who": "B", "x": -0.32, "y": 0.17, "d5": "0.835"}
1788040330.1 RX: {"who": "B", "x": -0.33, "y": 0.18, "d5": "0.850"}
1788040332.2 RX: {"who": "B", "x": -0.34, "y": 0.18, "d5": "0.853"}
1788040334.5 RX: {"who": "B", "x": -0.33, "y": 0.18, "d5": "0.832"}
1788040336.9 RX: {"who": "B", "x": -0.33, "y": 0.18, "d5": "0.841"}
1788040339.4 RX: {"who": "B", "x": -0.3, "y": 0.2, "d5": "0.842"}
1788040341.8 RX: {"who": "B", "x": -0.31, "y": 0.19, "d5": "0.836"}
1788040344.1 RX: {"who": "B", "x": -0.34, "y": 0.18, "d5": "0.817"}
1788040346.4 RX: {"who": "B", "x": -0.35, "y": 0.19, "d5": "0.822"}
1788040348.9 RX: {"who": "B", "x": -0.32, "y": 0.17, "d5": "0.845"}
1788040351.2 RX: {"who": "B", "x": -0.3, "y": 0.18, "d5": "0.832"}
1788040353.4 RX: {"who": "B", "x": -0.11, "y": 0.21, "d5": "0.858"}
1788040355.6 RX: {"who": "B", "x": -0.18, "y": 0.26, "d5": "0.869"}
1788040357.7 RX: {"who": "B", "x": -0.49, "y": 0.34, "d5": "0.864"}
1788040360.1 RX: {"who": "B", "x": -0.51, "y": 0.34, "d5": "0.866"}
1788040362.4 RX: {"who": "B", "x": -0.16, "y": 0.21, "d5": "0.835"}
1788040364.7 RX: {"who": "B", "x": -0.16, "y": 0.16, "d5": "0.852"}
1788040366.7 RX: {"who": "B", "x": -0.16, "y": 0.13, "d5": "0.846"}
1788040369.5 RX: {"who": "B", "x": -0.15, "y": 0.15, "d5": "0.849"}
1788040371.6 RX: {"who": "B", "x": -0.14, "y": 0.22, "d5": "0.856"}
1788040373.7 RX: {"who": "B", "x": -0.19, "y": 0.17, "d5": "0.875"}
1788040375.9 RX: {"who": "B", "x": -0.21, "y": 0.15, "d5": "0.852"}
1788040377.1 RX: {"who": "B", "x": -0.49, "y": 0.27, "d5": "0.856"}
1788040378.4 RX: {"who": "B", "x": -0.21, "y": 0.14, "d5": "0.854"}
1788040379.5 RX: {"who": "B", "x": -0.49, "y": 0.26, "d5": "0.853"}
1788040380.8 RX: {"who": "B", "x": -0.22, "y": 0.13, "d5": "0.842"}
1788040381.8 RX: {"who": "B", "x": -0.5, "y": 0.25, "d5": "0.852"}
1788040383.1 RX: {"who": "B", "x": -0.22, "y": 0.12, "d5": "0.862"}
1788040384.3 RX: {"who": "B", "x": -0.5, "y": 0.25, "d5": "0.859"}
1788040385.5 RX: {"who": "B", "x": -0.22, "y": 0.13, "d5": "0.852"}
1788040386.7 RX: {"who": "B", "x": -0.5, "y": 0.25, "d5": "0.859"}
1788040388.5 RX: {"who": "B", "x": -0.22, "y": 0.12, "d5": "0.861"}
1788040391.0 RX: {"who": "B", "x": -0.22, "y": 0.12, "d5": "0.848"}
1788040393.4 RX: {"who": "B", "x": -0.22, "y": 0.12, "d5": "0.862"}
1788040395.4 RX: {"who": "B", "x": -0.25, "y": 0.15, "d5": "0.839"}
1788040397.5 RX: {"who": "B", "x": -0.31, "y": 0.16, "d5": "0.838"}
1788040399.8 RX: {"who": "B", "x": -0.37, "y": 0.18, "d5": "0.824"}
1788040400.9 RX: {"who": "B", "x": -0.66, "y": 0.31, "d5": "0.815"}
1788040402.3 RX: {"who": "B", "x": -0.34, "y": 0.18, "d5": "0.841"}
1788040403.5 RX: {"who": "B", "x": -0.62, "y": 0.32, "d5": "0.839"}
1788040404.7 RX: {"who": "B", "x": -0.34, "y": 0.19, "d5": "0.835"}
1788040405.8 RX: {"who": "B", "x": -0.62, "y": 0.33, "d5": "0.843"}
1788040407.9 RX: {"who": "B", "x": -0.62, "y": 0.26, "d5": "0.841"}
1788040409.0 RX: {"who": "B", "x": -0.32, "y": 0.09, "d5": "0.826"}
1788040410.4 RX: {"who": "B", "x": -0.56, "y": 0.15, "d5": "0.843"}
1788040412.8 RX: {"who": "B", "x": -0.47, "y": 0.05, "d5": "0.836"}
1788040415.5 RX: {"who": "B", "x": -0.13, "y": -0.12, "d5": "0.846"}
1788040417.6 RX: {"who": "B", "x": -0.12, "y": -0.13, "d5": "0.859"}
1788040419.8 RX: {"who": "B", "x": -0.15, "y": -0.12, "d5": "0.844"}
1788040422.4 RX: {"who": "B", "x": -0.48, "y": 0.03, "d5": "0.815"}
1788040424.5 RX: {"who": "B", "x": -0.47, "y": 0.03, "d5": "0.833"}
1788040427.3 RX: {"who": "B", "x": -0.24, "y": -0.1, "d5": "0.843"}
1788040429.6 RX: {"who": "B", "x": -0.18, "y": -0.15, "d5": "0.850"}
1788040432.4 RX: {"who": "B", "x": -0.49, "y": 0.01, "d5": "0.848"}
1788040434.8 RX: {"who": "B", "x": -0.51, "y": 0.02, "d5": "0.839"}
1788040436.8 RX: {"who": "B", "x": -0.42, "y": -0.04, "d5": "0.838"}
1788040438.8 RX: {"who": "B", "x": -0.39, "y": -0.07, "d5": "0.853"}
1788040441.1 RX: {"who": "B", "x": -0.42, "y": -0.05, "d5": "0.858"}
1788040443.4 RX: {"who": "B", "x": -0.44, "y": -0.05, "d5": "0.834"}
1788040445.7 RX: {"who": "B", "x": -0.49, "y": -0.04, "d5": "0.834"}
1788040447.9 RX: {"who": "B", "x": -0.49, "y": -0.03, "d5": "0.839"}
1788040450.1 RX: {"who": "B", "x": -0.23, "y": -0.2, "d5": "0.814"}
1788040452.4 RX: {"who": "B", "x": -0.21, "y": -0.19, "d5": "0.827"}
1788040454.8 RX: {"who": "B", "x": -0.21, "y": -0.19, "d5": "0.824"}
1788040457.0 RX: {"who": "B", "x": -0.49, "y": -0.02, "d5": "0.814"}
1788040459.0 RX: {"who": "B", "x": -0.49, "y": -0.02, "d5": "0.827"}
1788040461.2 RX: {"who": "B", "x": -0.48, "y": 0.0, "d5": "0.835"}
1788040463.5 RX: {"who": "B", "x": -0.44, "y": 0.06, "d5": "0.838"}
1788040465.7 RX: {"who": "B", "x": -0.48, "y": 0.04, "d5": "0.856"}
1788040468.1 RX: {"who": "B", "x": -0.51, "y": 0.02, "d5": "0.817"}
1788040470.4 RX: {"who": "B", "x": -0.41, "y": 0.16, "d5": "0.859"}
1788040472.5 RX: {"who": "B", "x": -0.53, "y": 0.02, "d5": "0.802"}
1788040474.6 RX: {"who": "B", "x": -0.45, "y": 0.14, "d5": "0.805"}
1788040477.3 RX: {"who": "B", "x": -0.55, "y": 0.05, "d5": "0.742"}
1788040479.5 RX: {"who": "B", "x": -0.56, "y": 0.04, "d5": "0.740"}
1788040481.8 RX: {"who": "B", "x": -0.58, "y": 0.05, "d5": "0.759"}
1788040484.3 RX: {"who": "B", "x": -0.56, "y": 0.06, "d5": "0.850"}
1788040485.5 RX: {"who": "B", "x": -0.5, "y": 0.12, "d5": "0.854"}
1788040487.8 RX: {"who": "B", "x": -0.53, "y": 0.11, "d5": "0.812"}
1788040490.2 RX: {"who": "B", "x": -0.61, "y": 0.16, "d5": "0.791"}
1788040492.2 RX: {"who": "B", "x": -0.48, "y": 0.03, "d5": "0.860"}
1788040494.4 RX: {"who": "B", "x": -0.44, "y": -0.03, "d5": "0.819"}
1788040496.7 RX: {"who": "B", "x": -0.39, "y": -0.08, "d5": "0.823"}
1788040498.9 RX: {"who": "B", "x": -0.39, "y": -0.09, "d5": "0.807"}
1788040501.0 RX: {"who": "B", "x": -0.49, "y": -0.04, "d5": "0.786"}
1788040503.1 RX: {"who": "B", "x": -0.39, "y": -0.12, "d5": "0.766"}
1788040505.3 RX: {"who": "B", "x": -0.49, "y": -0.07, "d5": "0.845"}
1788040507.3 RX: {"who": "B", "x": -0.39, "y": -0.14, "d5": "0.896"}
1788040509.6 RX: {"who": "B", "x": -0.37, "y": -0.17, "d5": "0.917"}
1788040511.9 RX: {"who": "B", "x": -0.18, "y": -0.26, "d5": "0.882"}
1788040514.4 RX: {"who": "B", "x": -0.11, "y": -0.29, "d5": "0.828"}
1788040516.7 RX: {"who": "B", "x": 0.1, "y": -0.35, "d5": "0.841"}
1788040519.0 RX: {"who": "B", "x": 0.33, "y": -0.39, "d5": "0.789"}
1788040521.1 RX: {"who": "B", "x": 0.52, "y": -0.42, "d5": "0.850"}
1788040523.1 RX: {"who": "B", "x": 0.74, "y": -0.45, "d5": "0.869"}
1788040525.4 RX: {"who": "B", "x": 0.95, "y": -0.49, "d5": "0.908"}
1788040527.7 RX: {"who": "B", "x": 1.16, "y": -0.5, "d5": "0.864"}
1788040529.9 RX: {"who": "B", "x": 1.37, "y": -0.51, "d5": "0.826"}
1788040531.9 RX: {"who": "B", "x": 1.56, "y": -0.53, "d5": "0.835"}
1788040534.0 RX: {"who": "B", "x": 1.75, "y": -0.53, "d5": "0.885"}
1788040536.0 RX: {"who": "B", "x": 1.94, "y": -0.54, "d5": "0.848"}
1788040538.1 RX: {"who": "B", "x": 2.13, "y": -0.56, "d5": "0.751"}
1788040540.1 RX: {"who": "B", "x": 2.33, "y": -0.57, "d5": "0.685"}
1788040551.2 RX: {"who": "B", "x": 3.37, "y": -0.66, "d5": "0.657"}
1788040553.2 RX: {"who": "B", "x": 3.62, "y": -0.75, "d5": "0.666"}
1788040555.5 RX: {"who": "B", "x": 3.57, "y": -0.72, "d5": "0.769"}
1788040557.7 RX: {"who": "B", "x": 3.63, "y": -0.74, "d5": "0.806"}
1788040559.9 RX: {"who": "B", "x": 3.68, "y": -0.77, "d5": "0.884"}
1788040561.9 RX: {"who": "B", "x": 3.65, "y": -0.74, "d5": "0.934"}
1788040564.0 RX: {"who": "B", "x": 3.8, "y": -0.78, "d5": "0.925"}
1788040566.4 RX: {"who": "B", "x": 3.93, "y": -0.81, "d5": "0.914"}
1788040568.9 RX: {"who": "B", "x": 3.94, "y": -0.82, "d5": "0.899"}
1788040571.0 RX: {"who": "B", "x": 4.04, "y": -0.79, "d5": "0.933"}
1788040573.1 RX: {"who": "B", "x": 4.18, "y": -0.73, "d5": "0.930"}
1788040576.0 RX: {"who": "B", "x": 4.16, "y": -0.73, "d5": "0.883"}
1788040578.4 RX: {"who": "B", "x": 4.16, "y": -0.73, "d5": "0.880"}
1788040580.5 RX: {"who": "B", "x": 4.09, "y": -0.69, "d5": "0.905"}
1788040583.2 RX: {"who": "B", "x": 4.01, "y": -0.71, "d5": "0.926"}
1788040585.2 RX: {"who": "B", "x": 4.05, "y": -0.7, "d5": "0.913"}
1788040587.5 RX: {"who": "B", "x": 4.08, "y": -0.7, "d5": "0.873"}
1788040590.0 RX: {"who": "B", "x": 4.08, "y": -0.7, "d5": "0.888"}
1788040592.4 RX: {"who": "B", "x": 4.08, "y": -0.7, "d5": "0.903"}
1788040594.4 RX: {"who": "B", "x": 4.09, "y": -0.7, "d5": "0.905"}
1788040596.8 RX: {"who": "B", "x": 4.17, "y": -0.67, "d5": "0.929"}
1788040599.0 RX: {"who": "B", "x": 4.19, "y": -0.66, "d5": "0.867"}
1788040601.2 RX: {"who": "B", "x": 4.2, "y": -0.68, "d5": "0.882"}
1788040603.4 RX: {"who": "B", "x": 4.24, "y": -0.84, "d5": "0.881"}
1788040605.6 RX: {"who": "B", "x": 4.24, "y": -0.83, "d5": "0.857"}
1788040607.8 RX: {"who": "B", "x": 4.18, "y": -0.65, "d5": "0.922"}
1788040610.0 RX: {"who": "B", "x": 4.2, "y": -0.85, "d5": "0.891"}
1788040612.2 RX: {"who": "B", "x": 4.19, "y": -1.02, "d5": "0.835"}
1788040614.7 RX: {"who": "B", "x": 4.19, "y": -1.01, "d5": "0.838"}
1788040616.9 RX: {"who": "B", "x": 4.16, "y": -1.02, "d5": "0.822"}
1788040619.0 RX: {"who": "B", "x": 4.11, "y": -0.97, "d5": "0.781"}
1788040621.2 RX: {"who": "B", "x": 4.18, "y": -0.98, "d5": "0.766"}
1788040623.5 RX: {"who": "B", "x": 4.1, "y": -1.03, "d5": "0.839"}
1788040625.7 RX: {"who": "B", "x": 4.2, "y": -0.91, "d5": "0.882"}
1788040627.9 RX: {"who": "B", "x": 4.25, "y": -0.83, "d5": "0.913"}
1788040630.3 RX: {"who": "B", "x": 4.27, "y": -0.8, "d5": "0.841"}
1788040632.6 RX: {"who": "B", "x": 4.27, "y": -0.8, "d5": "0.862"}
1788040634.8 RX: {"who": "B", "x": 4.27, "y": -0.81, "d5": "0.886"}
1788040637.0 RX: {"who": "B", "x": 4.26, "y": -0.81, "d5": "0.869"}
1788040639.3 RX: {"who": "B", "x": 4.24, "y": -0.83, "d5": "0.871"}
1788040641.7 RX: {"who": "B", "x": 4.21, "y": -0.83, "d5": "0.870"}
1788040643.9 RX: {"who": "B", "x": 4.22, "y": -0.82, "d5": "0.875"}
1788040646.1 RX: {"who": "B", "x": 4.24, "y": -0.8, "d5": "0.880"}
1788040648.4 RX: {"who": "B", "x": 4.23, "y": -0.82, "d5": "0.894"}
1788040650.6 RX: {"who": "B", "x": 4.27, "y": -0.78, "d5": "0.842"}
1788040653.4 RX: {"who": "B", "x": 4.39, "y": -0.79, "d5": "0.818"}
1788040655.7 RX: {"who": "B", "x": 4.45, "y": -0.79, "d5": "0.802"}
1788040657.7 RX: {"who": "B", "x": 4.45, "y": -0.78, "d5": "0.798"}
1788040659.8 RX: {"who": "B", "x": 4.48, "y": -0.85, "d5": "0.793"}
1788040662.0 RX: {"who": "B", "x": 4.47, "y": -0.86, "d5": "0.795"}
1788040664.1 RX: {"who": "B", "x": 4.48, "y": -0.75, "d5": "0.893"}
1788040666.3 RX: {"who": "B", "x": 4.47, "y": -0.77, "d5": "0.888"}
1788040668.3 RX: {"who": "B", "x": 4.51, "y": -0.7, "d5": "0.894"}
1788040670.5 RX: {"who": "B", "x": 4.55, "y": -0.66, "d5": "0.910"}
1788040672.7 RX: {"who": "B", "x": 4.55, "y": -0.66, "d5": "0.904"}
1788040674.8 RX: {"who": "B", "x": 4.54, "y": -0.67, "d5": "0.880"}
1788040678.3 RX: {"who": "B", "x": 4.54, "y": -0.54, "d5": "0.854"}
1788040680.8 RX: {"who": "B", "x": 4.54, "y": -0.54, "d5": "0.870"}
1788040683.1 RX: {"who": "B", "x": 4.45, "y": -0.49, "d5": "0.883"}
1788040684.5 RX: {"who": "B", "d5": 0.87, "msg": "B STATIONARY+wiggling. hunt me. if you find goal instead, park there and tell me."}
1788040688.0 RX: {"who": "B", "d5": 0.87, "msg": "B STATIONARY+wiggling. hunt me. if you find goal instead, park there and tell me."}
1788040691.3 RX: {"who": "B", "d5": 0.83, "msg": "B STATIONARY+wiggling. hunt me. if you find goal instead, park there and tell me."}
1788040694.8 RX: {"who": "B", "d5": 0.85, "msg": "B STATIONARY+wiggling. hunt me. if you find goal instead, park there and tell me."}
1788040698.2 RX: {"who": "B", "d5": 0.83, "msg": "B STATIONARY+wiggling. hunt me. if you find goal instead, park there and tell me."}
1788040701.6 RX: {"who": "B", "d5": 0.84, "msg": "B STATIONARY+wiggling. hunt me. if you find goal instead, park there and tell me."}
1788040705.0 RX: {"who": "B", "d5": 0.9, "msg": "B STATIONARY+wiggling. hunt me. if you find goal instead, park there and tell me."}
1788040708.4 RX: {"who": "B", "d5": 0.91, "msg": "B STATIONARY+wiggling. hunt me. if you find goal instead, park there and tell me."}
1788040711.8 RX: {"who": "B", "d5": 0.92, "msg": "B STATIONARY+wiggling. hunt me. if you find goal instead, park there and tell me."}
1788040715.2 RX: {"who": "B", "d5": 0.9, "msg": "B STATIONARY+wiggling. hunt me. if you find goal instead, park there and tell me."}
1788040718.6 RX: {"who": "B", "d5": 0.85, "msg": "B STATIONARY+wiggling. hunt me. if you find goal instead, park there and tell me."}
1788040722.0 RX: {"who": "B", "d5": 0.86, "msg": "B STATIONARY+wiggling. hunt me. if you find goal instead, park there and tell me."}
1788040725.4 RX: {"who": "B", "d5": 0.87, "msg": "B STATIONARY+wiggling. hunt me. if you find goal instead, park there and tell me."}
1788040728.8 RX: {"who": "B", "d5": 0.88, "msg": "B STATIONARY+wiggling. hunt me. if you find goal instead, park there and tell me."}
1788040732.2 RX: {"who": "B", "d5": 0.83, "msg": "B STATIONARY+wiggling. hunt me. if you find goal instead, park there and tell me."}
1788040735.6 RX: {"who": "B", "d5": 0.76, "msg": "B STATIONARY+wiggling. hunt me. if you find goal instead, park there and tell me."}
1788040739.0 RX: {"who": "B", "d5": 0.76, "msg": "B STATIONARY+wiggling. hunt me. if you find goal instead, park there and tell me."}
1788040742.4 RX: {"who": "B", "d5": 0.76, "msg": "B STATIONARY+wiggling. hunt me. if you find goal instead, park there and tell me."}
1788040745.8 RX: {"who": "B", "d5": 0.68, "msg": "B STATIONARY+wiggling. hunt me. if you find goal instead, park there and tell me."}
1788040749.2 RX: {"who": "B", "d5": 0.76, "msg": "B STATIONARY+wiggling. hunt me. if you find goal instead, park there and tell me."}
1788040752.6 RX: {"who": "B", "d5": 0.76, "msg": "B STATIONARY+wiggling. hunt me. if you find goal instead, park there and tell me."}
1788040756.0 RX: {"who": "B", "d5": 0.77, "msg": "B STATIONARY+wiggling. hunt me. if you find goal instead, park there and tell me."}
1788040759.5 RX: {"who": "B", "d5": 0.84, "msg": "B STATIONARY+wiggling. hunt me. if you find goal instead, park there and tell me."}
1788040762.8 RX: {"who": "B", "d5": 0.79, "msg": "B STATIONARY+wiggling. hunt me. if you find goal instead, park there and tell me."}
1788040766.2 RX: {"who": "B", "d5": 0.78, "msg": "B STATIONARY+wiggling. hunt me. if you find goal instead, park there and tell me."}
1788040769.6 RX: {"who": "B", "d5": 0.78, "msg": "B STATIONARY+wiggling. hunt me. if you find goal instead, park there and tell me."}
1788040773.1 RX: {"who": "B", "d5": 0.78, "msg": "B STATIONARY+wiggling. hunt me. if you find goal instead, park there and tell me."}
1788040776.4 RX: {"who": "B", "d5": 0.75, "msg": "B STATIONARY+wiggling. hunt me. if you find goal instead, park there and tell me."}
1788040779.8 RX: {"who": "B", "d5": 0.74, "msg": "B STATIONARY+wiggling. hunt me. if you find goal instead, park there and tell me."}
1788040783.2 RX: {"who": "B", "d5": 0.73, "msg": "B STATIONARY+wiggling. hunt me. if you find goal instead, park there and tell me."}
1788040786.7 RX: {"who": "B", "d5": 0.72, "msg": "B STATIONARY+wiggling. hunt me. if you find goal instead, park there and tell me."}
1788040790.0 RX: {"who": "B", "d5": 0.72, "msg": "B STATIONARY+wiggling. hunt me. if you find goal instead, park there and tell me."}
1788040793.5 RX: {"who": "B", "d5": 0.68, "msg": "B STATIONARY+wiggling. hunt me. if you find goal instead, park there and tell me."}
1788040796.9 RX: {"who": "B", "d5": 0.68, "msg": "B STATIONARY+wiggling. hunt me. if you find goal instead, park there and tell me."}
1788040800.3 RX: {"who": "B", "d5": 0.69, "msg": "B STATIONARY+wiggling. hunt me. if you find goal instead, park there and tell me."}
1788040803.7 RX: {"who": "B", "d5": 0.74, "msg": "B STATIONARY+wiggling. hunt me. if you find goal instead, park there and tell me."}
1788040807.1 RX: {"who": "B", "d5": 0.82, "msg": "B STATIONARY+wiggling. hunt me. if you find goal instead, park there and tell me."}
1788040810.5 RX: {"who": "B", "d5": 0.82, "msg": "B STATIONARY+wiggling. hunt me. if you find goal instead, park there and tell me."}
1788040813.9 RX: {"who": "B", "d5": 0.83, "msg": "B STATIONARY+wiggling. hunt me. if you find goal instead, park there and tell me."}
1788040817.3 RX: {"who": "B", "d5": 0.78, "msg": "B STATIONARY+wiggling. hunt me. if you find goal instead, park there and tell me."}
1788040819.2 RX: {"who":"B","msg":"B: rendezvous stalls in maze. NEW PLAN: both explore independently for GOAL (d6 here flag). Finder PARKS AT GOAL + broadcasts AT_GOAL+own d5 every 3s; other homes on d5 + finder sends bearing NAV like before. resuming explore now."}
1788040821.4 RX: {"who": "B", "x": 0.06, "y": 0.03, "d5": "0.833"}
1788040823.9 RX: {"who": "B", "x": 0.06, "y": 0.02, "d5": "0.811"}
1788040826.3 RX: {"who": "B", "x": 0.06, "y": 0.02, "d5": "0.837"}
1788040828.4 RX: {"who": "B", "x": -0.11, "y": 0.1, "d5": "0.853"}
1788040830.4 RX: {"who": "B", "x": -0.29, "y": 0.13, "d5": "0.832"}
1788040832.4 RX: {"who": "B", "x": -0.48, "y": 0.15, "d5": "0.860"}
1788040834.8 RX: {"who": "B", "x": -0.69, "y": 0.18, "d5": "0.827"}
1788040837.3 RX: {"who": "B", "x": -0.77, "y": 0.19, "d5": "0.817"}
1788040839.4 RX: {"who": "B", "x": -0.95, "y": 0.21, "d5": "0.804"}
1788040841.6 RX: {"who": "B", "x": -1.16, "y": 0.23, "d5": "0.784"}
1788040843.9 RX: {"who": "B", "x": -1.38, "y": 0.25, "d5": "0.759"}
1788040846.2 RX: {"who": "B", "x": -1.59, "y": 0.26, "d5": "0.775"}
1788040848.2 RX: {"who": "B", "x": -1.81, "y": 0.28, "d5": "0.707"}
1788040850.5 RX: {"who": "B", "x": -2.02, "y": 0.29, "d5": "0.663"}
1788041107.3 RX: {"who": "B", "x": -3.0, "y": 0.25, "d5": "0.656"}
1788041109.4 RX: {"who": "B", "x": -2.81, "y": 0.24, "d5": "0.665"}
1788041111.4 RX: {"who": "B", "x": -2.63, "y": 0.23, "d5": "0.656"}
1788041115.7 RX: {"who": "B", "x": -2.22, "y": 0.21, "d5": "0.716"}
1788041117.7 RX: {"who": "B", "x": -2.04, "y": 0.21, "d5": "0.837"}
1788041120.0 RX: {"who": "B", "x": -1.83, "y": 0.2, "d5": "0.877"}
1788041122.0 RX: {"who": "B", "x": -1.64, "y": 0.19, "d5": "0.908"}
1788041124.0 RX: {"who": "B", "x": -1.45, "y": 0.19, "d5": "0.919"}
1788041126.0 RX: {"who": "B", "x": -1.27, "y": 0.17, "d5": "0.944"}
1788041128.3 RX: {"who": "B", "x": -1.06, "y": 0.16, "d5": "0.947"}
1788041130.5 RX: {"who": "B", "x": -0.81, "y": 0.14, "d5": "0.941"}
1788041132.7 RX: {"who": "B", "x": -0.6, "y": 0.13, "d5": "0.923"}
1788041134.8 RX: {"who": "B", "x": -0.42, "y": 0.12, "d5": "0.908"}
1788041137.0 RX: {"who": "B", "x": -0.15, "y": 0.1, "d5": "0.863"}
1788041139.0 RX: {"who": "B", "x": -0.07, "y": 0.1, "d5": "0.861"}
1788041141.0 RX: {"who": "B", "x": 0.21, "y": 0.04, "d5": "0.810"}
1788041143.2 RX: {"who": "B", "x": 0.4, "y": 0.01, "d5": "0.778"}
1788041145.5 RX: {"who": "B", "x": 0.6, "y": -0.07, "d5": "0.788"}
1788041147.7 RX: {"who": "B", "x": 0.74, "y": -0.14, "d5": "0.796"}
1788041150.0 RX: {"who": "B", "x": 0.88, "y": -0.3, "d5": "0.737"}
1788041152.2 RX: {"who": "B", "x": 0.9, "y": -0.33, "d5": "0.639"}
1788041154.5 RX: {"who": "B", "x": 0.92, "y": -0.41, "d5": "0.643"}
1788041156.8 RX: {"who": "B", "x": 0.93, "y": -0.43, "d5": "0.680"}
1788041158.8 RX: {"who": "B", "x": 0.96, "y": -0.48, "d5": "0.638"}
1788041165.9 RX: {"who": "B", "x": 0.96, "y": -0.46, "d5": "0.675"}
1788041167.9 RX: {"who": "B", "x": 1.01, "y": -0.28, "d5": "0.758"}
1788041170.7 RX: {"who": "B", "x": 1.01, "y": -0.23, "d5": "0.824"}
1788041173.1 RX: {"who": "B", "x": 1.01, "y": -0.24, "d5": "0.803"}
1788041175.2 RX: {"who": "B", "x": 0.93, "y": -0.18, "d5": "0.844"}
1788041177.6 RX: {"who": "B", "x": 0.93, "y": -0.17, "d5": "0.840"}
1788041179.7 RX: {"who": "B", "x": 0.94, "y": -0.12, "d5": "0.851"}
1788041181.8 RX: {"who": "B", "x": 0.92, "y": -0.13, "d5": "0.840"}
1788041184.1 RX: {"who": "B", "x": 0.97, "y": -0.05, "d5": "0.846"}
1788041186.3 RX: {"who": "B", "x": 0.96, "y": -0.06, "d5": "0.858"}
1788041188.9 RX: {"who": "B", "x": 0.83, "y": -0.06, "d5": "0.859"}
1788041191.2 RX: {"who": "B", "x": 0.84, "y": -0.04, "d5": "0.876"}
1788041193.5 RX: {"who": "B", "x": 0.92, "y": 0.04, "d5": "0.865"}
1788041195.9 RX: {"who": "B", "x": 0.92, "y": 0.04, "d5": "0.874"}
1788041197.9 RX: {"who": "B", "x": 0.94, "y": -0.01, "d5": "0.849"}
1788041200.2 RX: {"who": "B", "x": 0.97, "y": -0.22, "d5": "0.823"}
1788041202.3 RX: {"who": "B", "x": 0.97, "y": -0.33, "d5": "0.818"}
1788041204.6 RX: {"who": "B", "x": 0.94, "y": -0.36, "d5": "0.808"}
1788041207.0 RX: {"who": "B", "x": 0.82, "y": -0.42, "d5": "0.800"}
1788041209.0 RX: {"who": "B", "x": 0.82, "y": -0.42, "d5": "0.807"}
1788041211.4 RX: {"who": "B", "x": 0.82, "y": -0.42, "d5": "0.803"}
1788041213.8 RX: {"who": "B", "x": 0.82, "y": -0.42, "d5": "0.819"}
1788041216.6 RX: {"who": "B", "x": 0.82, "y": -0.43, "d5": "0.813"}
1788041218.6 RX: {"who": "B", "x": 0.9, "y": -0.27, "d5": "0.814"}
1788041220.8 RX: {"who": "B", "x": 0.95, "y": -0.12, "d5": "0.843"}
1788041223.1 RX: {"who": "B", "x": 1.01, "y": -0.04, "d5": "0.839"}
1788041225.3 RX: {"who": "B", "x": 1.0, "y": -0.05, "d5": "0.845"}
1788041227.6 RX: {"who": "B", "x": 1.02, "y": -0.02, "d5": "0.844"}
1788041229.9 RX: {"who": "B", "x": 0.98, "y": -0.07, "d5": "0.848"}
1788041232.0 RX: {"who": "B", "x": 0.98, "y": -0.06, "d5": "0.842"}
1788041234.2 RX: {"who": "B", "x": 0.98, "y": -0.05, "d5": "0.843"}
1788041236.3 RX: {"who": "B", "x": 0.98, "y": -0.05, "d5": "0.846"}
1788041238.5 RX: {"who": "B", "x": 0.98, "y": -0.05, "d5": "0.839"}
1788041240.6 RX: {"who": "B", "x": 0.98, "y": -0.05, "d5": "0.843"}
1788041243.0 RX: {"who": "B", "x": 0.96, "y": 0.08, "d5": "0.842"}
1788041245.4 RX: {"who": "B", "x": 0.96, "y": 0.08, "d5": "0.840"}
1788041247.8 RX: {"who": "B", "x": 0.99, "y": 0.08, "d5": "0.842"}
1788041249.9 RX: {"who": "B", "x": 1.03, "y": 0.11, "d5": "0.848"}
1788041251.9 RX: {"who": "B", "x": 1.1, "y": 0.21, "d5": "0.843"}
1788041254.3 RX: {"who": "B", "x": 1.12, "y": 0.25, "d5": "0.831"}
1788041256.3 RX: {"who": "B", "x": 1.07, "y": 0.17, "d5": "0.853"}
1788041258.6 RX: {"who": "B", "x": 1.08, "y": 0.21, "d5": "0.853"}
1788041261.1 RX: {"who": "B", "x": 1.22, "y": 0.24, "d5": "0.833"}
1788041263.5 RX: {"who": "B", "x": 1.21, "y": 0.24, "d5": "0.830"}
1788041265.6 RX: {"who": "B", "x": 1.2, "y": 0.29, "d5": "0.846"}
1788041267.8 RX: {"who": "B", "x": 1.15, "y": 0.45, "d5": "0.870"}
1788041269.9 RX: {"who": "B", "x": 1.17, "y": 0.37, "d5": "0.863"}
1788041272.0 RX: {"who": "B", "x": 1.21, "y": 0.43, "d5": "0.877"}
1788041274.4 RX: {"who": "B", "x": 1.28, "y": 0.51, "d5": "0.866"}
1788041276.8 RX: {"who": "B", "x": 1.28, "y": 0.51, "d5": "0.849"}
1788041279.2 RX: {"who": "B", "x": 1.28, "y": 0.5, "d5": "0.871"}
1788041281.6 RX: {"who": "B", "x": 1.28, "y": 0.5, "d5": "0.858"}
1788041284.0 RX: {"who": "B", "x": 1.28, "y": 0.5, "d5": "0.865"}
1788041286.3 RX: {"who": "B", "x": 1.23, "y": 0.42, "d5": "0.846"}
1788041288.3 RX: {"who": "B", "x": 1.21, "y": 0.47, "d5": "0.881"}
1788041290.8 RX: {"who": "B", "x": 1.21, "y": 0.47, "d5": "0.880"}
1788041295.4 RX: {"who": "B", "d5": 0.86}
1788041299.3 RX: {"who": "B", "d5": 0.87}
1788041303.4 RX: {"who": "B", "d5": 0.86}
1788041306.5 RX: {"who": "B", "d5": 0.87}
1788041310.0 RX: {"who": "B", "d5": 0.86}
1788041313.5 RX: {"who": "B", "d5": 0.87}
1788041316.9 RX: {"who": "B", "d5": 0.86}
1788041323.2 RX: {"who": "B", "d5": 0.92}
1788041325.8 RX: {"who": "B", "msg": "B: d5>0.93 - we are together. now explore for goal? propose: A leads, B follows keeping d5>0.8", "d5": 0.94}
1788041327.8 RX: {"who": "B", "d5": 0.94}
1788041329.8 RX: {"who": "B", "msg": "B: d5>0.93 - we are together. now explore for goal? propose: A leads, B follows keeping d5>0.8", "d5": 0.94}
1788041331.8 RX: {"who": "B", "d5": 0.94}
1788041333.8 RX: {"who": "B", "msg": "B: d5>0.93 - we are together. now explore for goal? propose: A leads, B follows keeping d5>0.8", "d5": 0.94}
1788041335.8 RX: {"who": "B", "d5": 0.94}
1788041337.8 RX: {"who": "B", "msg": "B: d5>0.93 - we are together. now explore for goal? propose: A leads, B follows keeping d5>0.8", "d5": 0.95}
1788041339.8 RX: {"who": "B", "d5": 0.94}
1788041341.8 RX: {"who": "B", "msg": "B: d5>0.93 - we are together. now explore for goal? propose: A leads, B follows keeping d5>0.8", "d5": 0.95}
1788041343.8 RX: {"who": "B", "d5": 0.92}
1788041346.4 RX: {"who": "B", "msg": "B: d5>0.93 - we are together. now explore for goal? propose: A leads, B follows keeping d5>0.8", "d5": 0.95}
1788041348.4 RX: {"who": "B", "d5": 0.96}
1788041350.4 RX: {"who": "B", "msg": "B: d5>0.93 - we are together. now explore for goal? propose: A leads, B follows keeping d5>0.8", "d5": 0.95}
1788041352.4 RX: {"who": "B", "d5": 0.94}
1788041354.4 RX: {"who": "B", "msg": "B: d5>0.93 - we are together. now explore for goal? propose: A leads, B follows keeping d5>0.8", "d5": 0.94}
1788041378.9 RX: {"who": "B", "x": 0.0, "y": 0.0, "d5": "0.870"}
1788041381.2 RX: {"who": "B", "x": -0.21, "y": 0.01, "d5": "0.782"}
1788041383.5 RX: {"who": "B", "x": -0.25, "y": 0.02, "d5": "0.684"}
1788041553.1 RX: {"who": "B", "x": -3.46, "y": 1.48, "d5": "0.642"}
1788041555.3 RX: {"who": "B", "x": -3.36, "y": 1.45, "d5": "0.729"}
1788041557.6 RX: {"who": "B", "x": -3.32, "y": 1.46, "d5": "0.765"}
1788041559.6 RX: {"who": "B", "x": -3.38, "y": 1.42, "d5": "0.771"}
1788041561.9 RX: {"who": "B", "x": -3.39, "y": 1.4, "d5": "0.794"}
1788041563.9 RX: {"who": "B", "x": -3.34, "y": 1.43, "d5": "0.849"}
1788041566.3 RX: {"who": "B", "x": -3.34, "y": 1.43, "d5": "0.864"}
1788041568.4 RX: {"who": "B", "x": -3.19, "y": 1.33, "d5": "0.827"}
1788041570.8 RX: {"who": "B", "x": -3.2, "y": 1.34, "d5": "0.831"}
1788041573.2 RX: {"who": "B", "x": -3.2, "y": 1.34, "d5": "0.835"}
1788041575.7 RX: {"who": "B", "x": -3.2, "y": 1.34, "d5": "0.832"}
1788041577.9 RX: {"who": "B", "x": -3.17, "y": 1.34, "d5": "0.843"}
1788041580.0 RX: {"who": "B", "x": -3.09, "y": 1.27, "d5": "0.861"}
1788041582.0 RX: {"who": "B", "x": -2.96, "y": 1.13, "d5": "0.843"}
1788041584.3 RX: {"who": "B", "x": -2.92, "y": 1.09, "d5": "0.858"}
1788041587.1 RX: {"who": "B", "x": -2.85, "y": 1.02, "d5": "0.847"}
1788041589.2 RX: {"who": "B", "x": -2.74, "y": 0.95, "d5": "0.857"}
1788041591.5 RX: {"who": "B", "x": -2.55, "y": 0.87, "d5": "0.871"}
1788041593.7 RX: {"who": "B", "x": -2.51, "y": 0.85, "d5": "0.858"}
1788041596.0 RX: {"who": "B", "x": -2.3, "y": 0.8, "d5": "0.875"}
1788041598.0 RX: {"who": "B", "x": -2.12, "y": 0.76, "d5": "0.874"}
1788041600.1 RX: {"who": "B", "x": -1.93, "y": 0.72, "d5": "0.859"}
1788041602.1 RX: {"who": "B", "x": -1.74, "y": 0.7, "d5": "0.877"}
1788041604.4 RX: {"who": "B", "x": -1.7, "y": 0.7, "d5": "0.865"}
1788041606.6 RX: {"who": "B", "x": -1.67, "y": 0.69, "d5": "0.855"}
1788041608.7 RX: {"who": "B", "x": -1.45, "y": 0.66, "d5": "0.843"}
1788041611.0 RX: {"who": "B", "x": -1.24, "y": 0.64, "d5": "0.822"}
1788041613.0 RX: {"who": "B", "x": -1.06, "y": 0.62, "d5": "0.806"}
1788041615.3 RX: {"who": "B", "x": -1.02, "y": 0.62, "d5": "0.786"}
1788041617.3 RX: {"who": "B", "x": -0.83, "y": 0.6, "d5": "0.767"}
1788041619.3 RX: {"who": "B", "x": -0.64, "y": 0.6, "d5": "0.794"}
1788041621.6 RX: {"who": "B", "x": -0.43, "y": 0.59, "d5": "0.846"}
1788041623.6 RX: {"who": "B", "x": -0.24, "y": 0.57, "d5": "0.821"}
1788041625.9 RX: {"who": "B", "x": -0.02, "y": 0.55, "d5": "0.790"}
1788041628.1 RX: {"who": "B", "x": 0.21, "y": 0.52, "d5": "0.736"}
1788041634.7 RX: {"who": "B", "x": 0.72, "y": 0.51, "d5": "0.646"}
1788041648.8 RX: {"who": "B", "d5": 0.69}
1788041675.6 RX: {"who": "B", "d5": 0.72}
1788041679.1 RX: {"who": "B", "d5": 0.66}
1788041701.0 RX: {"who": "B", "d5": 0.68}
1788041706.1 RX: {"who": "B", "d5": 0.89}
1788041709.5 RX: {"who":"B","msg":"A: IMPORTANT protocol fix: my auto-switch was falsely triggered by the WORD in your plan msg. New unique token: when you are ON the goal (here=1), broadcast exactly GOALFOUND every 2s. I do the same. Only that token triggers homing. Resum
1788041711.7 RX: {"who": "B", "x": -0.2, "y": -0.02, "d5": "0.959"}
1788041713.8 RX: {"who": "B", "x": -0.39, "y": -0.03, "d5": "0.961"}
1788041715.8 RX: {"who": "B", "x": -0.58, "y": -0.03, "d5": "0.956"}
1788041718.1 RX: {"who": "B", "x": -0.81, "y": -0.03, "d5": "0.949"}
1788041720.1 RX: {"who": "B", "x": -1.01, "y": -0.03, "d5": "0.932"}
1788041722.1 RX: {"who": "B", "x": -1.2, "y": -0.03, "d5": "0.911"}
1788041724.4 RX: {"who": "B", "x": -1.41, "y": -0.02, "d5": "0.869"}
1788041726.4 RX: {"who": "B", "x": -1.6, "y": -0.01, "d5": "0.876"}
1788041728.4 RX: {"who": "B", "x": -1.79, "y": -0.01, "d5": "0.880"}
1788041730.7 RX: {"who": "B", "x": -2.0, "y": -0.01, "d5": "0.768"}
1788041732.7 RX: {"who": "B", "x": -2.19, "y": -0.01, "d5": "0.730"}
1788041734.7 RX: {"who": "B", "x": -2.38, "y": -0.01, "d5": "0.769"}
1788041736.8 RX: {"who": "B", "x": -2.56, "y": -0.0, "d5": "0.716"}
1788041741.2 RX: {"who": "B", "x": -3.05, "y": 0.11, "d5": "0.645"}
1788041743.5 RX: {"who": "B", "x": -2.95, "y": 0.06, "d5": "0.688"}
1788041749.9 RX: {"who": "B", "x": -3.0, "y": 0.05, "d5": "0.629"}
1788041756.5 RX: {"who": "B", "x": -3.0, "y": 0.01, "d5": "0.656"}
1788041763.5 RX: {"who": "B", "x": -2.89, "y": 0.02, "d5": "0.701"}
1788041765.7 RX: {"who": "B", "x": -2.65, "y": 0.01, "d5": "0.722"}
1788041768.0 RX: {"who": "B", "x": -2.61, "y": 0.01, "d5": "0.674"}
1788041770.3 RX: {"who": "B", "x": -2.4, "y": -0.0, "d5": "0.753"}
1788041772.3 RX: {"who": "B", "x": -2.21, "y": -0.01, "d5": "0.763"}
1788041774.3 RX: {"who": "B", "x": -2.03, "y": -0.01, "d5": "0.765"}
1788041776.5 RX: {"who": "B", "x": -1.81, "y": -0.03, "d5": "0.841"}
1788041778.7 RX: {"who": "B", "x": -1.62, "y": -0.03, "d5": "0.886"}
1788041780.7 RX: {"who": "B", "x": -1.43, "y": -0.03, "d5": "0.853"}
1788041782.9 RX: {"who": "B", "x": -1.39, "y": -0.03, "d5": "0.862"}
1788041785.1 RX: {"who": "B", "x": -1.2, "y": -0.05, "d5": "0.909"}
1788041787.1 RX: {"who": "B", "x": -1.01, "y": -0.07, "d5": "0.927"}
1788041789.1 RX: {"who": "B", "x": -0.75, "y": -0.08, "d5": "0.937"}
1788041791.4 RX: {"who": "B", "x": -0.54, "y": -0.1, "d5": "0.940"}
1788041793.6 RX: {"who": "B", "x": -0.33, "y": -0.1, "d5": "0.915"}
1788041795.9 RX: {"who": "B", "x": -0.05, "y": -0.13, "d5": "0.937"}
1788041798.1 RX: {"who": "B", "x": 0.27, "y": -0.21, "d5": "0.840"}
1788041800.2 RX: {"who": "B", "x": 0.18, "y": -0.16, "d5": "0.841"}
1788041802.3 RX: {"who": "B", "x": 0.13, "y": -0.11, "d5": "0.930"}
1788041804.4 RX: {"who": "B", "x": 0.17, "y": -0.14, "d5": "0.919"}
1788041806.4 RX: {"who": "B", "x": 0.32, "y": -0.21, "d5": "0.847"}
1788041808.5 RX: {"who": "B", "x": 0.41, "y": -0.23, "d5": "0.827"}
1788041811.0 RX: {"who": "B", "x": 0.55, "y": -0.28, "d5": "0.857"}
1788041813.3 RX: {"who": "B", "x": 0.54, "y": -0.25, "d5": "0.784"}
1788041815.3 RX: {"who": "B", "x": 0.51, "y": -0.15, "d5": "0.792"}
1788041817.8 RX: {"who": "B", "x": 0.51, "y": -0.14, "d5": "0.864"}
1788041819.9 RX: {"who": "B", "x": 0.61, "y": -0.14, "d5": "0.809"}
1788041822.0 RX: {"who": "B", "x": 0.59, "y": -0.15, "d5": "0.795"}
1788041824.3 RX: {"who": "B", "x": 0.63, "y": -0.14, "d5": "0.878"}
1788041826.4 RX: {"who": "B", "x": 0.74, "y": -0.14, "d5": "0.818"}
1788041828.8 RX: {"who": "B", "x": 0.74, "y": -0.14, "d5": "0.771"}
1788041831.4 RX: {"who": "B", "x": 0.73, "y": -0.14, "d5": "0.855"}
1788041833.9 RX: {"who": "B", "x": 0.73, "y": -0.14, "d5": "0.809"}
1788041836.1 RX: {"who": "B", "x": 0.82, "y": -0.28, "d5": "0.766"}
1788041838.5 RX: {"who": "B", "x": 0.82, "y": -0.28, "d5": "0.869"}
1788041840.9 RX: {"who": "B", "x": 0.82, "y": -0.28, "d5": "0.873"}
1788041843.1 RX: {"who": "B", "x": 0.81, "y": -0.29, "d5": "0.789"}
1788041845.5 RX: {"who": "B", "x": 0.83, "y": -0.26, "d5": "0.845"}
1788041847.6 RX: {"who": "B", "x": 0.78, "y": -0.27, "d5": "0.856"}
1788041849.9 RX: {"who": "B", "x": 0.57, "y": -0.24, "d5": "0.804"}
1788041851.9 RX: {"who": "B", "x": 0.38, "y": -0.21, "d5": "0.854"}
1788041854.0 RX: {"who": "B", "x": 0.18, "y": -0.19, "d5": "0.911"}
1788041856.1 RX: {"who": "B", "x": -0.0, "y": -0.17, "d5": "0.875"}
1788041858.2 RX: {"who": "B", "x": 0.01, "y": -0.17, "d5": "0.867"}
1788041860.5 RX: {"who": "B", "x": -0.2, "y": -0.14, "d5": "0.932"}
1788041862.6 RX: {"who": "B", "x": -0.36, "y": -0.13, "d5": "0.919"}
1788041864.9 RX: {"who": "B", "x": -0.57, "y": -0.11, "d5": "0.915"}
1788041866.9 RX: {"who": "B", "x": -0.75, "y": -0.1, "d5": "0.911"}
1788041869.2 RX: {"who": "B", "x": -1.0, "y": -0.07, "d5": "0.899"}
1788041871.3 RX: {"who": "B", "x": -1.19, "y": -0.06, "d5": "0.878"}
1788041873.3 RX: {"who": "B", "x": -1.38, "y": -0.05, "d5": "0.821"}
1788041875.5 RX: {"who": "B", "x": -1.54, "y": -0.02, "d5": "0.751"}
1788041877.7 RX: {"who": "B", "x": -1.75, "y": -0.01, "d5": "0.777"}
1788041880.0 RX: {"who": "B", "x": -1.96, "y": -0.0, "d5": "0.747"}
1788041882.2 RX: {"who": "B", "x": -2.12, "y": -0.0, "d5": "0.641"}
1788041884.6 RX: {"who": "B", "x": -2.13, "y": 0.0, "d5": "0.692"}
1788041887.1 RX: {"who": "B", "x": -2.13, "y": 0.0, "d5": "0.713"}
1788041889.3 RX: {"who": "B", "x": -2.1, "y": 0.02, "d5": "0.637"}
1788041891.7 RX: {"who": "B", "x": -1.97, "y": 0.03, "d5": "0.715"}
1788041893.9 RX: {"who": "B", "x": -1.98, "y": 0.01, "d5": "0.736"}
1788041896.1 RX: {"who": "B", "x": -1.93, "y": -0.02, "d5": "0.681"}
1788041898.1 RX: {"who": "B", "x": -1.75, "y": -0.04, "d5": "0.726"}
1788041900.1 RX: {"who": "B", "x": -1.56, "y": -0.05, "d5": "0.788"}
1788041902.2 RX: {"who": "B", "x": -1.38, "y": -0.06, "d5": "0.805"}
1788041904.2 RX: {"who": "B", "x": -1.19, "y": -0.08, "d5": "0.805"}
1788041906.2 RX: {"who": "B", "x": -0.98, "y": -0.09, "d5": "0.875"}
1788041908.4 RX: {"who": "B", "x": -0.78, "y": -0.11, "d5": "0.858"}
1788041910.7 RX: {"who": "B", "x": -0.57, "y": -0.13, "d5": "0.931"}
1788041912.9 RX: {"who": "B", "x": -0.36, "y": -0.13, "d5": "0.932"}
1788041915.1 RX: {"who": "B", "x": -0.17, "y": -0.15, "d5": "0.942"}
1788041917.4 RX: {"who": "B", "x": -0.12, "y": -0.17, "d5": "0.949"}
1788041919.7 RX: {"who": "B", "x": -0.13, "y": -0.14, "d5": "0.944"}
1788041921.9 RX: {"who": "B", "x": -0.15, "y": -0.15, "d5": "0.939"}
1788041924.3 RX: {"who": "B", "x": -0.2, "y": -0.17, "d5": "0.936"}
1788041926.6 RX: {"who": "B", "x": -0.24, "y": -0.17, "d5": "0.932"}
1788041928.6 RX: {"who": "B", "x": -0.42, "y": -0.16, "d5": "0.931"}
1788041930.6 RX: {"who": "B", "x": -0.61, "y": -0.13, "d5": "0.914"}
1788041932.9 RX: {"who": "B", "x": -0.85, "y": -0.11, "d5": "0.889"}
1788041935.1 RX: {"who": "B", "x": -1.06, "y": -0.09, "d5": "0.878"}
1788041937.1 RX: {"who": "B", "x": -1.25, "y": -0.08, "d5": "0.827"}
1788041939.5 RX: {"who": "B", "x": -1.38, "y": -0.07, "d5": "0.810"}
1788041941.9 RX: {"who": "B", "x": -1.41, "y": -0.09, "d5": "0.824"}
1788041944.2 RX: {"who": "B", "x": -1.39, "y": -0.06, "d5": "0.791"}
1788041946.4 RX: {"who": "B", "x": -1.38, "y": -0.07, "d5": "0.816"}
1788041948.5 RX: {"who": "B", "x": -1.19, "y": -0.12, "d5": "0.849"}
1788041950.5 RX: {"who": "B", "x": -1.01, "y": -0.13, "d5": "0.873"}
1788041952.6 RX: {"who": "B", "x": -0.78, "y": -0.14, "d5": "0.899"}
1788041954.6 RX: {"who": "B", "x": -0.59, "y": -0.15, "d5": "0.910"}
1788041956.8 RX: {"who": "B", "x": -0.36, "y": -0.15, "d5": "0.942"}
1788041958.8 RX: {"who": "B", "x": -0.11, "y": -0.17, "d5": "0.946"}
1788041960.9 RX: {"who": "B", "x": 0.05, "y": -0.2, "d5": "0.921"}
1788041963.4 RX: {"who": "B", "x": 0.05, "y": -0.2, "d5": "0.898"}
1788041965.8 RX: {"who": "B", "x": 0.05, "y": -0.17, "d5": "0.956"}
1788041967.9 RX: {"who": "B", "x": -0.05, "y": -0.2, "d5": "0.914"}
1788041970.2 RX: {"who": "B", "x": -0.26, "y": -0.18, "d5": "0.926"}
1788041972.4 RX: {"who": "B", "x": -0.47, "y": -0.16, "d5": "0.920"}
1788041974.7 RX: {"who": "B", "x": -0.68, "y": -0.13, "d5": "0.912"}
1788041976.9 RX: {"who": "B", "x": -0.94, "y": -0.11, "d5": "0.900"}
1788041979.2 RX: {"who": "B", "x": -1.15, "y": -0.09, "d5": "0.824"}
1788041981.7 RX: {"who": "B", "x": -1.34, "y": -0.07, "d5": "0.825"}
1788041983.8 RX: {"who": "B", "x": -1.45, "y": -0.08, "d5": "0.848"}
1788041986.1 RX: {"who": "B", "x": -1.35, "y": -0.07, "d5": "0.787"}
1788041988.5 RX: {"who": "B", "x": -1.38, "y": -0.09, "d5": "0.797"}
1788041990.7 RX: {"who": "B", "x": -1.35, "y": 0.04, "d5": "0.853"}
1788041993.0 RX: {"who": "B", "x": -1.33, "y": 0.01, "d5": "0.809"}
1788041995.2 RX: {"who": "B", "x": -1.24, "y": -0.04, "d5": "0.821"}
1788041997.4 RX: {"who": "B", "x": -1.08, "y": -0.07, "d5": "0.862"}
1788041999.4 RX: {"who": "B", "x": -0.86, "y": -0.08, "d5": "0.858"}
1788042001.4 RX: {"who": "B", "x": -0.67, "y": -0.11, "d5": "0.906"}
1788042003.4 RX: {"who": "B", "x": -0.48, "y": -0.11, "d5": "0.930"}
1788042004.8 RX: {"who": "B", "d5": 0.94}
1788042008.6 RX: {"who": "B", "d5": 0.89}
1788042012.2 RX: {"who": "B", "d5": 0.78}
1788042016.3 RX: {"who": "B", "d5": 0.88}
1788042019.8 RX: {"who": "B", "d5": 0.8}
1788042023.6 RX: {"who": "B", "d5": 0.89}
1788042028.0 RX: {"who": "B", "d5": 0.79}
1788042032.7 RX: {"who": "B", "d5": 0.85}
1788042036.2 RX: {"who": "B", "d5": 0.79}
1788042039.4 RX: {"who":"B","msg":"A: do NOT mention the token in chatter - my watcher greps for it! it fired twice. Only send it bare when actually at goal. resuming sweep again."}
1788042041.7 RX: {"who": "B", "x": 0.02, "y": 0.02, "d5": "0.765"}
1788042044.0 RX: {"who": "B", "x": 0.14, "y": 0.14, "d5": "0.784"}
1788042046.6 RX: {"who": "B", "x": 0.14, "y": 0.13, "d5": "0.830"}
1788042048.9 RX: {"who": "B", "x": 0.16, "y": 0.1, "d5": "0.725"}
1788042050.9 RX: {"who": "B", "x": -0.01, "y": 0.14, "d5": "0.765"}
1788042052.9 RX: {"who": "B", "x": -0.2, "y": 0.14, "d5": "0.884"}
1788042054.9 RX: {"who": "B", "x": -0.38, "y": 0.14, "d5": "0.896"}
1788042057.1 RX: {"who": "B", "x": -0.6, "y": 0.15, "d5": "0.878"}
1788042059.2 RX: {"who": "B", "x": -0.79, "y": 0.16, "d5": "0.941"}
1788042061.3 RX: {"who": "B", "x": -0.98, "y": 0.17, "d5": "0.945"}
1788042063.6 RX: {"who": "B", "x": -1.21, "y": 0.18, "d5": "0.930"}
1788042065.8 RX: {"who": "B", "x": -1.44, "y": 0.18, "d5": "0.942"}
1788042067.8 RX: {"who": "B", "x": -1.62, "y": 0.19, "d5": "0.918"}
1788042069.8 RX: {"who": "B", "x": -1.81, "y": 0.21, "d5": "0.910"}
1788042071.9 RX: {"who": "B", "x": -2.0, "y": 0.23, "d5": "0.933"}
1788042073.9 RX: {"who": "B", "x": -2.19, "y": 0.24, "d5": "0.889"}
1788042075.9 RX: {"who": "B", "x": -2.38, "y": 0.24, "d5": "0.829"}
1788042078.2 RX: {"who": "B", "x": -2.59, "y": 0.24, "d5": "0.825"}
1788042080.5 RX: {"who": "B", "x": -2.8, "y": 0.25, "d5": "0.801"}
1788042082.5 RX: {"who": "B", "x": -3.02, "y": 0.27, "d5": "0.720"}
1788042084.5 RX: {"who": "B", "x": -3.26, "y": 0.31, "d5": "0.666"}
1788042086.7 RX: {"who": "B", "x": -3.38, "y": 0.36, "d5": "0.721"}
1788042088.7 RX: {"who": "B", "x": -3.24, "y": 0.28, "d5": "0.732"}
1788042095.1 RX: {"who": "B", "x": -3.51, "y": 0.3, "d5": "0.680"}
1788042102.0 RX: {"who": "B", "x": -3.38, "y": 0.26, "d5": "0.664"}
1788042104.0 RX: {"who": "B", "x": -3.19, "y": 0.26, "d5": "0.694"}
1788042106.0 RX: {"who": "B", "x": -3.01, "y": 0.26, "d5": "0.700"}
1788042108.3 RX: {"who": "B", "x": -2.76, "y": 0.25, "d5": "0.773"}
1788042110.3 RX: {"who": "B", "x": -2.57, "y": 0.26, "d5": "0.845"}
1788042112.5 RX: {"who": "B", "x": -2.36, "y": 0.25, "d5": "0.829"}
1788042114.8 RX: {"who": "B", "x": -2.15, "y": 0.24, "d5": "0.865"}
1788042116.8 RX: {"who": "B", "x": -1.96, "y": 0.24, "d5": "0.910"}
1788042118.9 RX: {"who": "B", "x": -1.77, "y": 0.23, "d5": "0.915"}
1788042121.1 RX: {"who": "B", "x": -1.61, "y": 0.22, "d5": "0.919"}
1788042123.4 RX: {"who": "B", "x": -1.4, "y": 0.21, "d5": "0.945"}
1788042125.4 RX: {"who": "B", "x": -1.14, "y": 0.19, "d5": "0.898"}
1788042127.6 RX: {"who": "B", "x": -1.11, "y": 0.19, "d5": "0.952"}
1788042130.1 RX: {"who": "B", "x": -1.11, "y": 0.18, "d5": "0.952"}
1788042132.5 RX: {"who": "B", "x": -1.11, "y": 0.18, "d5": "0.930"}
1788042134.7 RX: {"who": "B", "x": -1.28, "y": 0.2, "d5": "0.942"}
1788042137.0 RX: {"who": "B", "x": -1.49, "y": 0.22, "d5": "0.948"}
1788042139.4 RX: {"who": "B", "x": -1.58, "y": 0.22, "d5": "0.934"}
1788042141.8 RX: {"who": "B", "x": -1.58, "y": 0.23, "d5": "0.925"}
1788042144.3 RX: {"who": "B", "x": -1.58, "y": 0.23, "d5": "0.940"}
1788042146.3 RX: {"who": "B", "x": -1.4, "y": 0.27, "d5": "0.963"}
1788042148.3 RX: {"who": "B", "x": -1.38, "y": 0.26, "d5": "0.949"}
1788042150.4 RX: {"who": "B", "x": -1.16, "y": 0.23, "d5": "0.955"}
1788042152.5 RX: {"who": "B", "x": -1.05, "y": 0.22, "d5": "0.952"}
1788042154.7 RX: {"who": "B", "x": -1.11, "y": 0.18, "d5": "0.929"}
1788042157.1 RX: {"who": "B", "x": -1.11, "y": 0.18, "d5": "0.960"}
1788042159.4 RX: {"who": "B", "x": -1.02, "y": 0.2, "d5": "0.960"}
1788042161.6 RX: {"who": "B", "x": -0.99, "y": 0.2, "d5": "0.912"}
1788042164.1 RX: {"who": "B", "x": -0.99, "y": 0.19, "d5": "0.927"}
1788042166.5 RX: {"who": "B", "x": -0.99, "y": 0.2, "d5": "0.924"}
1788042168.7 RX: {"who": "B", "x": -0.83, "y": 0.23, "d5": "0.912"}
1788042171.0 RX: {"who": "B", "x": -0.59, "y": 0.2, "d5": "0.935"}
1788042173.2 RX: {"who": "B", "x": -0.29, "y": 0.14, "d5": "0.883"}
1788042175.3 RX: {"who": "B", "x": -0.07, "y": 0.06, "d5": "0.768"}
1788042177.5 RX: {"who": "B", "x": 0.02, "y": 0.01, "d5": "0.788"}
1788042179.8 RX: {"who": "B", "x": 0.04, "y": 0.02, "d5": "0.840"}
1788042181.8 RX: {"who": "B", "x": 0.22, "y": 0.07, "d5": "0.719"}
1788042184.0 RX: {"who": "B", "x": 0.38, "y": 0.11, "d5": "0.697"}
1788042186.3 RX: {"who": "B", "x": 0.46, "y": 0.13, "d5": "0.767"}
1788042188.6 RX: {"who": "B", "x": 0.46, "y": 0.09, "d5": "0.732"}
1788042191.1 RX: {"who": "B", "x": 0.46, "y": 0.09, "d5": "0.704"}
1788042193.3 RX: {"who": "B", "x": 0.5, "y": 0.12, "d5": "0.771"}
1788042195.7 RX: {"who": "B", "x": 0.49, "y": 0.12, "d5": "0.715"}
1788042198.1 RX: {"who": "B", "x": 0.49, "y": 0.11, "d5": "0.678"}
1788042200.1 RX: {"who": "B", "x": 0.32, "y": 0.17, "d5": "0.801"}
1788042202.2 RX: {"who": "B", "x": 0.13, "y": 0.17, "d5": "0.853"}
1788042204.4 RX: {"who": "B", "x": 0.09, "y": 0.18, "d5": "0.747"}
1788042206.7 RX: {"who": "B", "x": -0.12, "y": 0.17, "d5": "0.813"}
1788042208.7 RX: {"who": "B", "x": -0.3, "y": 0.17, "d5": "0.897"}
1788042210.7 RX: {"who": "B", "x": -0.5, "y": 0.18, "d5": "0.881"}
1788042212.7 RX: {"who": "B", "x": -0.68, "y": 0.18, "d5": "0.884"}
1788042215.0 RX: {"who": "B", "x": -0.89, "y": 0.18, "d5": "0.945"}
1788042217.0 RX: {"who": "B", "x": -1.08, "y": 0.19, "d5": "0.967"}
1788042219.1 RX: {"who": "B", "x": -1.29, "y": 0.2, "d5": "0.943"}
1788042221.3 RX: {"who": "B", "x": -1.5, "y": 0.21, "d5": "0.932"}
1788042223.4 RX: {"who": "B", "x": -1.69, "y": 0.22, "d5": "0.928"}
1788042225.6 RX: {"who": "B", "x": -1.9, "y": 0.23, "d5": "0.916"}
1788042227.9 RX: {"who": "B", "x": -2.11, "y": 0.25, "d5": "0.883"}
1788042230.3 RX: {"who": "B", "x": -2.24, "y": 0.25, "d5": "0.835"}
1788042232.5 RX: {"who": "B", "x": -2.18, "y": 0.27, "d5": "0.887"}
1788042234.9 RX: {"who": "B", "x": -2.18, "y": 0.27, "d5": "0.894"}
1788042237.2 RX: {"who": "B", "x": -2.18, "y": 0.23, "d5": "0.851"}
1788042239.3 RX: {"who": "B", "x": -2.23, "y": 0.22, "d5": "0.836"}
1788042241.6 RX: {"who": "B", "x": -2.44, "y": 0.22, "d5": "0.820"}
1788042243.8 RX: {"who": "B", "x": -2.61, "y": 0.23, "d5": "0.761"}
1788042246.1 RX: {"who": "B", "x": -2.59, "y": 0.26, "d5": "0.828"}
1788042248.6 RX: {"who": "B", "x": -2.59, "y": 0.26, "d5": "0.835"}
1788042250.7 RX: {"who": "B", "x": -2.55, "y": 0.24, "d5": "0.780"}
1788042252.7 RX: {"who": "B", "x": -2.36, "y": 0.2, "d5": "0.819"}
1788042254.7 RX: {"who": "B", "x": -2.17, "y": 0.2, "d5": "0.879"}
1788042256.8 RX: {"who": "B", "x": -2.06, "y": 0.2, "d5": "0.870"}
1788042259.2 RX: {"who": "B", "x": -2.07, "y": 0.2, "d5": "0.857"}
1788042261.7 RX: {"who": "B", "x": -2.07, "y": 0.2, "d5": "0.893"}
1788042263.7 RX: {"who": "B", "x": -2.02, "y": 0.23, "d5": "0.899"}
1788042265.8 RX: {"who": "B", "x": -1.97, "y": 0.24, "d5": "0.887"}
1788042268.2 RX: {"who": "B", "x": -1.83, "y": 0.28, "d5": "0.841"}
1788042270.6 RX: {"who": "B", "x": -1.71, "y": 0.34, "d5": "0.870"}
1788042272.9 RX: {"who": "B", "x": -1.66, "y": 0.4, "d5": "0.872"}
1788042275.2 RX: {"who": "B", "x": -1.68, "y": 0.43, "d5": "0.908"}
1788042277.3 RX: {"who": "B", "x": -1.59, "y": 0.39, "d5": "0.906"}
1788042279.6 RX: {"who": "B", "x": -1.38, "y": 0.38, "d5": "0.904"}
1788042281.7 RX: {"who": "B", "x": -1.19, "y": 0.37, "d5": "0.927"}
1788042283.6 RX: {"who": "B", "x": -0.94, "y": 0.36, "d5": "0.910"}
1788042285.9 RX: {"who": "B", "x": -0.73, "y": 0.35, "d5": "0.932"}
1788042288.2 RX: {"who": "B", "x": -0.52, "y": 0.35, "d5": "0.952"}
1788042290.2 RX: {"who": "B", "x": -0.28, "y": 0.33, "d5": "0.841"}
1788042292.2 RX: {"who": "B", "x": 0.0, "y": 0.3, "d5": "0.802"}
1788042294.4 RX: {"who": "B", "x": 0.22, "y": 0.24, "d5": "0.833"}
1788042296.5 RX: {"who": "B", "x": 0.26, "y": 0.26, "d5": "0.811"}
1788042298.7 RX: {"who": "B", "x": 0.42, "y": 0.3, "d5": "0.725"}
1788042301.0 RX: {"who": "B", "x": 0.58, "y": 0.33, "d5": "0.783"}
1788042303.1 RX: {"who": "B", "x": 0.69, "y": 0.35, "d5": "0.783"}
1788042305.4 RX: {"who": "B", "x": 0.66, "y": 0.33, "d5": "0.693"}
1788042307.9 RX: {"who": "B", "x": 0.66, "y": 0.33, "d5": "0.717"}
1788042310.1 RX: {"who": "B", "x": 0.51, "y": 0.37, "d5": "0.731"}
1788042312.4 RX: {"who": "B", "x": 0.3, "y": 0.37, "d5": "0.766"}
1788042314.4 RX: {"who": "B", "x": 0.11, "y": 0.36, "d5": "0.869"}
1788042316.4 RX: {"who": "B", "x": -0.08, "y": 0.36, "d5": "0.858"}
1788042318.5 RX: {"who": "B", "x": -0.27, "y": 0.37, "d5": "0.858"}
1788042320.8 RX: {"who": "B", "x": -0.48, "y": 0.38, "d5": "0.935"}
1788042323.0 RX: {"who": "B", "x": -0.69, "y": 0.39, "d5": "0.957"}
1788042325.0 RX: {"who": "B", "x": -0.91, "y": 0.4, "d5": "0.893"}
1788042327.3 RX: {"who": "B", "x": -0.99, "y": 0.41, "d5": "0.924"}
1788042329.3 RX: {"who": "B", "x": -1.18, "y": 0.42, "d5": "0.945"}
1788042331.6 RX: {"who": "B", "x": -1.39, "y": 0.43, "d5": "0.929"}
1788042333.9 RX: {"who": "B", "x": -1.42, "y": 0.43, "d5": "0.929"}
1788042336.2 RX: {"who": "B", "x": -1.64, "y": 0.45, "d5": "0.897"}
1788042338.2 RX: {"who": "B", "x": -1.83, "y": 0.45, "d5": "0.891"}
1788042340.2 RX: {"who": "B", "x": -2.01, "y": 0.47, "d5": "0.886"}
1788042342.6 RX: {"who": "B", "x": -2.15, "y": 0.47, "d5": "0.828"}
1788042345.0 RX: {"who": "B", "x": -2.17, "y": 0.44, "d5": "0.808"}
1788042347.4 RX: {"who": "B", "x": -2.17, "y": 0.44, "d5": "0.861"}
1788042349.5 RX: {"who": "B", "x": -2.22, "y": 0.43, "d5": "0.810"}
1788042351.7 RX: {"who": "B", "x": -2.43, "y": 0.44, "d5": "0.740"}
1788042353.9 RX: {"who": "B", "x": -2.6, "y": 0.46, "d5": "0.768"}
1788042356.0 RX: {"who": "B", "x": -2.78, "y": 0.48, "d5": "0.766"}
1788042357.9 RX: {"who": "B", "x": -3.03, "y": 0.54, "d5": "0.645"}
1788042362.2 RX: {"who": "B", "x": -3.2, "y": 0.61, "d5": "0.665"}
1788042364.4 RX: {"who": "B", "x": -3.24, "y": 0.62, "d5": "0.641"}
1788042410.5 RX: {"who": "B", "x": -3.26, "y": 0.29, "d5": "0.684"}
1788042412.6 RX: {"who": "B", "x": -3.07, "y": 0.27, "d5": "0.672"}
1788042414.9 RX: {"who": "B", "x": -2.84, "y": 0.25, "d5": "0.692"}
1788042417.1 RX: {"who": "B", "x": -2.63, "y": 0.23, "d5": "0.765"}
1788042419.4 RX: {"who": "B", "x": -2.42, "y": 0.23, "d5": "0.781"}
1788042421.7 RX: {"who": "B", "x": -2.21, "y": 0.21, "d5": "0.790"}
1788042423.7 RX: {"who": "B", "x": -2.02, "y": 0.2, "d5": "0.874"}
1788042425.7 RX: {"who": "B", "x": -1.83, "y": 0.19, "d5": "0.873"}
1788042428.1 RX: {"who": "B", "x": -1.83, "y": 0.19, "d5": "0.848"}
1788042430.5 RX: {"who": "B", "x": -1.84, "y": 0.16, "d5": "0.875"}
1788042432.7 RX: {"who": "B", "x": -1.86, "y": 0.17, "d5": "0.863"}
1788042434.7 RX: {"who": "B", "x": -2.04, "y": 0.21, "d5": "0.804"}
1788042436.7 RX: {"who": "B", "x": -2.23, "y": 0.21, "d5": "0.804"}
1788042438.9 RX: {"who": "B", "x": -2.39, "y": 0.21, "d5": "0.790"}
1788042441.3 RX: {"who": "B", "x": -2.39, "y": 0.22, "d5": "0.725"}
1788042443.8 RX: {"who": "B", "x": -2.39, "y": 0.22, "d5": "0.790"}
1788042446.2 RX: {"who": "B", "x": -2.39, "y": 0.21, "d5": "0.807"}
1788042448.5 RX: {"who": "B", "x": -2.6, "y": 0.2, "d5": "0.707"}
1788042450.6 RX: {"who": "B", "x": -2.53, "y": 0.21, "d5": "0.749"}
1788042452.9 RX: {"who": "B", "x": -2.51, "y": 0.23, "d5": "0.774"}
1788042455.3 RX: {"who": "B", "x": -2.51, "y": 0.24, "d5": "0.739"}
1788042457.4 RX: {"who": "B", "x": -2.47, "y": 0.22, "d5": "0.760"}
1788042459.6 RX: {"who": "B", "x": -2.26, "y": 0.21, "d5": "0.832"}
1788042461.7 RX: {"who": "B", "x": -2.07, "y": 0.19, "d5": "0.826"}
1788042463.7 RX: {"who": "B", "x": -1.88, "y": 0.18, "d5": "0.865"}
1788042465.8 RX: {"who": "B", "x": -1.69, "y": 0.18, "d5": "0.916"}
1788042467.8 RX: {"who": "B", "x": -1.5, "y": 0.16, "d5": "0.913"}
1788042470.0 RX: {"who": "B", "x": -1.29, "y": 0.15, "d5": "0.913"}
1788042472.3 RX: {"who": "B", "x": -1.26, "y": 0.14, "d5": "0.930"}
1788042474.7 RX: {"who": "B", "x": -1.26, "y": 0.14, "d5": "0.911"}
1788042477.0 RX: {"who": "B", "x": -1.3, "y": 0.06, "d5": "0.941"}
1788042479.2 RX: {"who": "B", "x": -1.27, "y": 0.12, "d5": "0.920"}
1788042481.6 RX: {"who": "B", "x": -1.27, "y": 0.11, "d5": "0.926"}
1788042483.9 RX: {"who": "B", "x": -1.47, "y": 0.15, "d5": "0.910"}
1788042485.9 RX: {"who": "B", "x": -1.65, "y": 0.17, "d5": "0.924"}
1788042488.2 RX: {"who": "B", "x": -1.86, "y": 0.18, "d5": "0.901"}
1788042490.2 RX: {"who": "B", "x": -2.05, "y": 0.19, "d5": "0.879"}
1788042492.2 RX: {"who": "B", "x": -2.24, "y": 0.19, "d5": "0.815"}
1788042494.5 RX: {"who": "B", "x": -2.45, "y": 0.2, "d5": "0.821"}
1788042496.8 RX: {"who": "B", "x": -2.67, "y": 0.21, "d5": "0.792"}
1788042499.0 RX: {"who": "B", "x": -2.83, "y": 0.22, "d5": "0.681"}
1788042501.4 RX: {"who": "B", "x": -2.83, "y": 0.23, "d5": "0.723"}
1788042503.9 RX: {"who": "B", "x": -2.83, "y": 0.23, "d5": "0.769"}
1788042506.0 RX: {"who": "B", "x": -2.78, "y": 0.21, "d5": "0.735"}
1788042508.2 RX: {"who": "B", "x": -2.57, "y": 0.19, "d5": "0.730"}
1788042510.2 RX: {"who": "B", "x": -2.39, "y": 0.2, "d5": "0.822"}
1788042512.2 RX: {"who": "B", "x": -2.2, "y": 0.2, "d5": "0.861"}
1788042514.5 RX: {"who": "B", "x": -1.99, "y": 0.18, "d5": "0.844"}
1788042516.5 RX: {"who": "B", "x": -1.8, "y": 0.18, "d5": "0.885"}
1788042518.8 RX: {"who": "B", "x": -1.75, "y": 0.18, "d5": "0.917"}
1788042520.9 RX: {"who": "B", "x": -1.57, "y": 0.18, "d5": "0.916"}
1788042523.0 RX: {"who": "B", "x": -1.38, "y": 0.15, "d5": "0.944"}
1788042525.2 RX: {"who": "B", "x": -1.15, "y": 0.14, "d5": "0.920"}
1788042527.6 RX: {"who": "B", "x": -0.94, "y": 0.13, "d5": "0.890"}
1788042530.1 RX: {"who": "B", "x": -0.95, "y": 0.12, "d5": "0.928"}
1788042532.6 RX: {"who": "B", "x": -0.95, "y": 0.12, "d5": "0.915"}
1788042534.8 RX: {"who": "B", "x": -0.96, "y": 0.12, "d5": "0.952"}
1788042536.8 RX: {"who": "B", "x": -1.18, "y": 0.14, "d5": "0.928"}
1788042538.9 RX: {"who": "B", "x": -1.37, "y": 0.15, "d5": "0.938"}
1788042540.9 RX: {"who": "B", "x": -1.56, "y": 0.17, "d5": "0.917"}
1788042542.9 RX: {"who": "B", "x": -1.74, "y": 0.18, "d5": "0.911"}
1788042545.2 RX: {"who": "B", "x": -1.82, "y": 0.19, "d5": "0.882"}
1788042547.5 RX: {"who": "B", "x": -1.84, "y": 0.16, "d5": "0.915"}
1788042550.0 RX: {"who": "B", "x": -1.84, "y": 0.17, "d5": "0.883"}
1788042552.1 RX: {"who": "B", "x": -1.74, "y": 0.14, "d5": "0.922"}
1788042554.1 RX: {"who": "B", "x": -1.55, "y": 0.13, "d5": "0.917"}
1788042556.1 RX: {"who": "B", "x": -1.36, "y": 0.12, "d5": "0.932"}
1788042558.4 RX: {"who": "B", "x": -1.12, "y": 0.11, "d5": "0.949"}
1788042560.9 RX: {"who": "B", "x": -0.89, "y": 0.1, "d5": "0.907"}
1788042563.3 RX: {"who": "B", "x": -0.89, "y": 0.1, "d5": "0.933"}
1788042565.8 RX: {"who": "B", "x": -0.89, "y": 0.1, "d5": "0.946"}
1788042568.0 RX: {"who": "B", "x": -0.91, "y": 0.1, "d5": "0.903"}
1788042570.0 RX: {"who": "B", "x": -1.12, "y": 0.12, "d5": "0.919"}
1788042572.3 RX: {"who": "B", "x": -1.33, "y": 0.14, "d5": "0.934"}
1788042574.3 RX: {"who": "B", "x": -1.52, "y": 0.16, "d5": "0.935"}
1788042576.4 RX: {"who": "B", "x": -1.71, "y": 0.17, "d5": "0.898"}
1788042578.6 RX: {"who": "B", "x": -1.92, "y": 0.19, "d5": "0.860"}
1788042580.7 RX: {"who": "B", "x": -2.11, "y": 0.2, "d5": "0.860"}
1788042582.7 RX: {"who": "B", "x": -2.16, "y": 0.2, "d5": "0.873"}
1788042585.2 RX: {"who": "B", "x": -2.16, "y": 0.2, "d5": "0.826"}
1788042587.5 RX: {"who": "B", "x": -2.15, "y": 0.17, "d5": "0.847"}
1788042589.6 RX: {"who": "B", "x": -2.05, "y": 0.14, "d5": "0.875"}
1788042591.7 RX: {"who": "B", "x": -1.86, "y": 0.15, "d5": "0.885"}
1788042593.7 RX: {"who": "B", "x": -1.67, "y": 0.15, "d5": "0.897"}
1788042595.7 RX: {"who": "B", "x": -1.48, "y": 0.15, "d5": "0.926"}
1788042598.0 RX: {"who": "B", "x": -1.27, "y": 0.13, "d5": "0.919"}
1788042600.1 RX: {"who": "B", "x": -1.21, "y": 0.15, "d5": "0.944"}
1788042602.5 RX: {"who": "B", "x": -1.21, "y": 0.15, "d5": "0.942"}
1788042605.0 RX: {"who": "B", "x": -1.21, "y": 0.14, "d5": "0.939"}
1788042607.2 RX: {"who": "B", "x": -1.36, "y": 0.18, "d5": "0.935"}
1788042609.2 RX: {"who": "B", "x": -1.55, "y": 0.18, "d5": "0.927"}
1788042611.5 RX: {"who": "B", "x": -1.76, "y": 0.2, "d5": "0.914"}
1788042613.5 RX: {"who": "B", "x": -1.95, "y": 0.21, "d5": "0.883"}
1788042615.7 RX: {"who": "B", "x": -2.08, "y": 0.22, "d5": "0.857"}
1788042618.1 RX: {"who": "B", "x": -2.08, "y": 0.22, "d5": "0.886"}
1788042620.4 RX: {"who": "B", "x": -2.08, "y": 0.19, "d5": "0.862"}
1788042622.4 RX: {"who": "B", "x": -2.04, "y": 0.17, "d5": "0.874"}
1788042624.5 RX: {"who": "B", "x": -1.99, "y": 0.16, "d5": "0.865"}
1788042626.8 RX: {"who": "B", "x": -1.97, "y": 0.18, "d5": "0.876"}
1788042629.2 RX: {"who": "B", "x": -1.96, "y": 0.18, "d5": "0.885"}
1788042631.4 RX: {"who": "B", "x": -2.06, "y": 0.22, "d5": "0.875"}
1788042633.6 RX: {"who": "B", "x": -2.04, "y": 0.2, "d5": "0.867"}
1788042636.1 RX: {"who": "B", "x": -2.04, "y": 0.2, "d5": "0.881"}
1788042638.1 RX: {"who": "B", "x": -1.99, "y": 0.22, "d5": "0.873"}
1788042640.3 RX: {"who": "B", "x": -1.82, "y": 0.22, "d5": "0.900"}
1788042642.7 RX: {"who": "B", "x": -1.85, "y": 0.2, "d5": "0.885"}
1788042645.0 RX: {"who": "B", "x": -1.87, "y": 0.17, "d5": "0.905"}
1788042647.2 RX: {"who": "B", "x": -1.77, "y": 0.2, "d5": "0.915"}
1788042649.2 RX: {"who": "B", "x": -1.58, "y": 0.18, "d5": "0.938"}
1788042651.3 RX: {"who": "B", "x": -1.39, "y": 0.16, "d5": "0.929"}
1788042653.3 RX: {"who": "B", "x": -1.28, "y": 0.15, "d5": "0.919"}
1788042655.8 RX: {"who": "B", "x": -1.28, "y": 0.14, "d5": "0.926"}
1788042658.6 RX: {"who": "B", "x": -1.23, "y": 0.06, "d5": "0.907"}
1788042660.8 RX: {"who": "B", "x": -1.27, "y": 0.11, "d5": "0.913"}
1788042663.0 RX: {"who": "B", "x": -1.49, "y": 0.16, "d5": "0.918"}
1788042665.0 RX: {"who": "B", "x": -1.67, "y": 0.18, "d5": "0.922"}
1788042667.0 RX: {"who": "B", "x": -1.86, "y": 0.18, "d5": "0.906"}
1788042669.3 RX: {"who": "B", "x": -1.89, "y": 0.16, "d5": "0.889"}
1788042671.4 RX: {"who": "B", "x": -1.89, "y": 0.16, "d5": "0.892"}
1788042673.9 RX: {"who": "B", "x": -1.89, "y": 0.17, "d5": "0.898"}
1788042675.9 RX: {"who": "B", "x": -1.71, "y": 0.11, "d5": "0.906"}
1788042678.0 RX: {"who": "B", "x": -1.52, "y": 0.1, "d5": "0.920"}
1788042680.4 RX: {"who": "B", "x": -1.34, "y": 0.1, "d5": "0.900"}
1788042683.0 RX: {"who": "B", "x": -1.43, "y": 0.09, "d5": "0.924"}
1788042685.0 RX: {"who": "B", "x": -1.19, "y": 0.09, "d5": "0.909"}
1788042687.3 RX: {"who": "B", "x": -0.96, "y": 0.08, "d5": "0.905"}
1788042689.6 RX: {"who": "B", "x": -0.75, "y": 0.07, "d5": "0.888"}
1788042691.6 RX: {"who": "B", "x": -0.5, "y": 0.06, "d5": "0.848"}
1788042693.6 RX: {"who": "B", "x": -0.22, "y": 0.01, "d5": "0.803"}
1788042695.8 RX: {"who": "B", "x": -0.0, "y": -0.07, "d5": "0.774"}
1788042698.0 RX: {"who": "B", "x": 0.15, "y": -0.1, "d5": "0.728"}
1788042700.0 RX: {"who": "B", "x": 0.33, "y": -0.15, "d5": "0.708"}
1788042702.3 RX: {"who": "B", "x": 0.4, "y": -0.15, "d5": "0.692"}
1788042704.5 RX: {"who": "B", "x": 0.51, "y": -0.11, "d5": "0.675"}
1788042706.7 RX: {"who": "B", "x": 0.5, "y": -0.1, "d5": "0.675"}
1788042708.7 RX: {"who": "B", "x": 0.48, "y": -0.13, "d5": "0.666"}
1788042710.9 RX: {"who": "B", "x": 0.5, "y": -0.12, "d5": "0.663"}
1788042713.1 RX: {"who": "B", "x": 0.53, "y": -0.09, "d5": "0.659"}
1788042715.2 RX: {"who": "B", "x": 0.62, "y": -0.02, "d5": "0.668"}
1788042717.3 RX: {"who": "B", "x": 0.57, "y": -0.05, "d5": "0.680"}
1788042719.6 RX: {"who": "B", "x": 0.59, "y": -0.03, "d5": "0.662"}
1788042722.0 RX: {"who": "B", "x": 0.6, "y": -0.03, "d5": "0.667"}
1788042724.4 RX: {"who": "B", "x": 0.6, "y": -0.03, "d5": "0.651"}
1788042737.1 RX: {"who": "B", "x": 0.25, "y": -0.55, "d5": "0.659"}
1788042739.3 RX: {"who": "B", "x": 0.04, "y": -0.58, "d5": "0.690"}
1788042741.6 RX: {"who": "B", "x": -0.17, "y": -0.61, "d5": "0.712"}
1788042743.6 RX: {"who": "B", "x": -0.22, "y": -0.61, "d5": "0.710"}
1788042745.8 RX: {"who": "B", "x": -0.29, "y": -0.65, "d5": "0.715"}
1788042748.3 RX: {"who": "B", "x": -0.29, "y": -0.64, "d5": "0.699"}
1788042750.4 RX: {"who": "B", "x": -0.2, "y": -0.68, "d5": "0.704"}
1788042752.6 RX: {"who": "B", "x": 0.01, "y": -0.68, "d5": "0.673"}
1788042755.5 RX: {"who": "B", "x": 0.03, "y": -0.56, "d5": "0.654"}
1788042760.1 RX: {"who": "B", "x": 0.13, "y": -0.49, "d5": "0.647"}
1788042789.0 RX: {"who": "B", "x": 0.32, "y": -0.61, "d5": "0.663"}
1788042791.0 RX: {"who": "B", "x": 0.13, "y": -0.62, "d5": "0.683"}
1788042793.3 RX: {"who": "B", "x": 0.05, "y": -0.63, "d5": "0.690"}
1788042795.7 RX: {"who": "B", "x": 0.03, "y": -0.66, "d5": "0.682"}
1788042798.0 RX: {"who": "B", "x": 0.04, "y": -0.68, "d5": "0.689"}
1788042800.0 RX: {"who": "B", "x": 0.12, "y": -0.72, "d5": "0.674"}
1788042802.2 RX: {"who": "B", "x": 0.15, "y": -0.76, "d5": "0.648"}
1788042804.5 RX: {"who": "B", "x": 0.2, "y": -0.75, "d5": "0.655"}
1788042836.8 RX: {"who": "B", "x": 0.55, "y": -0.66, "d5": "0.661"}
1788042839.2 RX: {"who": "B", "x": 0.56, "y": -0.65, "d5": "0.651"}
1788042841.5 RX: {"who": "B", "x": 0.54, "y": -0.68, "d5": "0.645"}
1788042843.8 RX: {"who": "B", "x": 0.55, "y": -0.71, "d5": "0.645"}
1788042846.1 RX: {"who": "B", "x": 0.58, "y": -0.72, "d5": "0.629"}
1788042865.9 RX: {"who": "B", "x": 0.98, "y": -0.22, "d5": "0.637"}
1788042867.9 RX: {"who": "B", "x": 1.0, "y": -0.17, "d5": "0.641"}
1788042870.1 RX: {"who": "B", "x": 0.96, "y": -0.12, "d5": "0.647"}
1788042872.3 RX: {"who": "B", "x": 0.82, "y": -0.06, "d5": "0.692"}
1788042874.3 RX: {"who": "B", "x": 0.63, "y": -0.03, "d5": "0.728"}
1788042876.5 RX: {"who": "B", "x": 0.42, "y": -0.01, "d5": "0.775"}
1788042878.9 RX: {"who": "B", "x": 0.37, "y": -0.01, "d5": "0.762"}
1788042881.2 RX: {"who": "B", "x": 0.16, "y": 0.0, "d5": "0.809"}
1788042883.2 RX: {"who": "B", "x": -0.04, "y": 0.03, "d5": "0.843"}
1788042885.5 RX: {"who": "B", "x": -0.25, "y": 0.05, "d5": "0.876"}
1788042887.6 RX: {"who": "B", "x": -0.41, "y": 0.06, "d5": "0.888"}
1788042890.1 RX: {"who": "B", "x": -0.41, "y": 0.06, "d5": "0.895"}
1788042892.5 RX: {"who": "B", "x": -0.41, "y": 0.06, "d5": "0.900"}
1788042894.9 RX: {"who": "B", "x": -0.45, "y": 0.06, "d5": "0.887"}
1788042897.1 RX: {"who": "B", "x": -0.22, "y": 0.06, "d5": "0.868"}
1788042899.4 RX: {"who": "B", "x": -0.14, "y": 0.04, "d5": "0.861"}
1788042901.6 RX: {"who": "B", "x": 0.18, "y": -0.01, "d5": "0.799"}
1788042903.8 RX: {"who": "B", "x": 0.41, "y": -0.04, "d5": "0.769"}
1788042905.8 RX: {"who": "B", "x": 0.59, "y": -0.06, "d5": "0.730"}
1788042907.9 RX: {"who": "B", "x": 0.7, "y": -0.1, "d5": "0.707"}
1788042910.2 RX: {"who": "B", "x": 0.87, "y": -0.21, "d5": "0.658"}
1788042950.1 RX: {"who": "B", "x": 0.51, "y": -0.9, "d5": "0.653"}
1788042952.4 RX: {"who": "B", "x": 0.31, "y": -0.93, "d5": "0.690"}
1788042954.7 RX: {"who": "B", "x": 0.09, "y": -0.96, "d5": "0.717"}
1788042956.8 RX: {"who": "B", "x": 0.03, "y": -0.98, "d5": "0.719"}
1788042959.1 RX: {"who": "B", "x": 0.01, "y": -1.0, "d5": "0.726"}
1788042961.5 RX: {"who": "B", "x": 0.02, "y": -1.03, "d5": "0.732"}
1788042963.8 RX: {"who": "B", "x": -0.04, "y": -0.96, "d5": "0.729"}
1788042965.9 RX: {"who": "B", "x": 0.07, "y": -1.04, "d5": "0.706"}
1788042968.0 RX: {"who": "B", "x": 0.23, "y": -1.06, "d5": "0.674"}
1788042970.1 RX: {"who": "B", "x": 0.41, "y": -1.04, "d5": "0.659"}
1788042997.3 RX: {"who": "B", "x": 0.3, "y": -0.57, "d5": "0.669"}
1788042999.5 RX: {"who": "B", "x": 0.1, "y": -0.51, "d5": "0.720"}
1788043001.5 RX: {"who": "B", "x": 0.04, "y": -0.49, "d5": "0.715"}
1788043003.9 RX: {"who": "B", "x": -0.03, "y": -0.37, "d5": "0.739"}
1788043006.3 RX: {"who": "B", "x": -0.04, "y": -0.33, "d5": "0.763"}
1788043008.4 RX: {"who": "B", "x": 0.0, "y": -0.27, "d5": "0.757"}
1788043010.5 RX: {"who": "B", "x": 0.19, "y": -0.23, "d5": "0.725"}
1788043012.7 RX: {"who": "B", "x": 0.18, "y": -0.22, "d5": "0.721"}
1788043014.7 RX: {"who": "B", "x": 0.18, "y": -0.22, "d5": "0.737"}
1788043017.0 RX: {"who": "B", "x": 0.16, "y": -0.26, "d5": "0.740"}
1788043019.4 RX: {"who": "B", "x": 0.16, "y": -0.26, "d5": "0.730"}
1788043021.7 RX: {"who": "B", "x": 0.06, "y": -0.25, "d5": "0.752"}
1788043023.7 RX: {"who": "B", "x": 0.06, "y": -0.24, "d5": "0.763"}
1788043026.0 RX: {"who": "B", "x": -0.16, "y": -0.25, "d5": "0.787"}
1788043028.0 RX: {"who": "B", "x": -0.35, "y": -0.25, "d5": "0.825"}
1788043030.3 RX: {"who": "B", "x": -0.56, "y": -0.24, "d5": "0.858"}
1788043032.3 RX: {"who": "B", "x": -0.75, "y": -0.24, "d5": "0.882"}
1788043034.3 RX: {"who": "B", "x": -0.94, "y": -0.23, "d5": "0.896"}
1788043036.6 RX: {"who": "B", "x": -1.15, "y": -0.22, "d5": "0.913"}
1788043038.8 RX: {"who": "B", "x": -1.41, "y": -0.22, "d5": "0.921"}
1788043041.2 RX: {"who": "B", "x": -1.55, "y": -0.21, "d5": "0.932"}
1788043043.7 RX: {"who": "B", "x": -1.55, "y": -0.21, "d5": "0.929"}
1788043046.0 RX: {"who": "B", "x": -1.58, "y": -0.12, "d5": "0.940"}
1788043048.1 RX: {"who": "B", "x": -1.53, "y": -0.21, "d5": "0.937"}
1788043050.3 RX: {"who": "B", "x": -1.39, "y": -0.27, "d5": "0.910"}
1788043052.4 RX: {"who": "B", "x": -1.33, "y": -0.27, "d5": "0.921"}
1788043054.7 RX: {"who": "B", "x": -1.31, "y": -0.25, "d5": "0.921"}
1788043057.1 RX: {"who": "B", "x": -1.31, "y": -0.25, "d5": "0.925"}
1788043059.2 RX: {"who": "B", "x": -1.41, "y": -0.23, "d5": "0.941"}
1788043061.3 RX: {"who": "B", "x": -1.43, "y": -0.22, "d5": "0.938"}
1788043063.3 RX: {"who": "B", "x": -1.61, "y": -0.21, "d5": "0.925"}
1788043065.6 RX: {"who": "B", "x": -1.83, "y": -0.19, "d5": "0.935"}
1788043068.0 RX: {"who": "B", "x": -1.84, "y": -0.19, "d5": "0.922"}
1788043070.5 RX: {"who": "B", "x": -1.84, "y": -0.19, "d5": "0.933"}
1788043072.7 RX: {"who": "B", "x": -1.82, "y": -0.2, "d5": "0.933"}
1788043075.0 RX: {"who": "B", "x": -1.61, "y": -0.23, "d5": "0.932"}
1788043077.3 RX: {"who": "B", "x": -1.37, "y": -0.25, "d5": "0.961"}
1788043079.5 RX: {"who": "B", "x": -1.14, "y": -0.26, "d5": "0.941"}
1788043081.8 RX: {"who": "B", "x": -0.92, "y": -0.27, "d5": "0.887"}
1788043083.9 RX: {"who": "B", "x": -0.87, "y": -0.27, "d5": "0.923"}
1788043086.3 RX: {"who": "B", "x": -0.87, "y": -0.28, "d5": "0.938"}
1788043088.8 RX: {"who": "B", "x": -0.87, "y": -0.28, "d5": "0.887"}
1788043090.9 RX: {"who": "B", "x": -0.97, "y": -0.27, "d5": "0.928"}
1788043093.4 RX: {"who": "B", "x": -0.97, "y": -0.27, "d5": "0.947"}
1788043095.8 RX: {"who": "B", "x": -0.97, "y": -0.27, "d5": "0.904"}
1788043098.2 RX: {"who": "B", "x": -0.97, "y": -0.27, "d5": "0.914"}
1788043100.3 RX: {"who": "B", "x": -1.1, "y": -0.27, "d5": "0.952"}
1788043102.3 RX: {"who": "B", "x": -1.32, "y": -0.25, "d5": "0.934"}
1788043104.8 RX: {"who": "B", "x": -1.39, "y": -0.24, "d5": "0.926"}
1788043107.1 RX: {"who": "B", "x": -1.6, "y": -0.22, "d5": "0.954"}
1788043109.4 RX: {"who": "B", "x": -1.83, "y": -0.2, "d5": "0.927"}
1788043111.4 RX: {"who": "B", "x": -2.01, "y": -0.18, "d5": "0.909"}
1788043113.4 RX: {"who": "B", "x": -2.2, "y": -0.18, "d5": "0.891"}
1788043115.7 RX: {"who": "B", "x": -2.41, "y": -0.17, "d5": "0.847"}
1788043117.8 RX: {"who": "B", "x": -2.57, "y": -0.17, "d5": "0.849"}
1788043120.3 RX: {"who": "B", "x": -2.57, "y": -0.17, "d5": "0.844"}
1788043122.7 RX: {"who": "B", "x": -2.57, "y": -0.17, "d5": "0.816"}
1788043124.8 RX: {"who": "B", "x": -2.48, "y": -0.21, "d5": "0.847"}
1788043127.2 RX: {"who": "B", "x": -2.39, "y": -0.22, "d5": "0.793"}
1788043129.5 RX: {"who": "B", "x": -2.38, "y": -0.2, "d5": "0.827"}
1788043131.7 RX: {"who": "B", "x": -2.33, "y": -0.14, "d5": "0.934"}
1788043133.8 RX: {"who": "B", "x": -2.33, "y": -0.14, "d5": "0.925"}
1788043135.8 RX: {"who": "B", "x": -2.27, "y": -0.15, "d5": "0.856"}
1788043138.3 RX: {"who": "B", "x": -2.28, "y": -0.15, "d5": "0.769"}
1788043140.7 RX: {"who": "B", "x": -2.27, "y": -0.15, "d5": "0.834"}
1788043142.8 RX: {"who": "B", "x": -2.37, "y": -0.14, "d5": "0.908"}
1788043145.3 RX: {"who": "B", "x": -2.37, "y": -0.13, "d5": "0.902"}
1788043147.6 RX: {"who": "B", "x": -2.37, "y": -0.17, "d5": "0.825"}
1788043149.8 RX: {"who": "B", "x": -2.36, "y": -0.18, "d5": "0.844"}
1788043151.8 RX: {"who": "B", "x": -2.34, "y": -0.2, "d5": "0.886"}
1788043154.2 RX: {"who": "B", "x": -2.35, "y": -0.2, "d5": "0.873"}
1788043156.4 RX: {"who": "B", "x": -2.3, "y": -0.16, "d5": "0.854"}
1788043158.9 RX: {"who": "B", "x": -2.3, "y": -0.16, "d5": "0.907"}
1788043161.0 RX: {"who": "B", "x": -2.4, "y": -0.14, "d5": "0.906"}
1788043163.3 RX: {"who": "B", "x": -2.61, "y": -0.14, "d5": "0.798"}
1788043165.4 RX: {"who": "B", "x": -2.72, "y": -0.14, "d5": "0.795"}
1788043167.8 RX: {"who": "B", "x": -2.72, "y": -0.14, "d5": "0.853"}
1788043170.2 RX: {"who": "B", "x": -2.72, "y": -0.14, "d5": "0.846"}
1788043172.4 RX: {"who": "B", "x": -2.57, "y": -0.19, "d5": "0.867"}
1788043174.7 RX: {"who": "B", "x": -2.36, "y": -0.2, "d5": "0.897"}
1788043176.7 RX: {"who": "B", "x": -2.18, "y": -0.2, "d5": "0.890"}
1788043179.0 RX: {"who": "B", "x": -2.27, "y": -0.21, "d5": "0.863"}
1788043181.4 RX: {"who": "B", "x": -2.26, "y": -0.18, "d5": "0.901"}
1788043183.8 RX: {"who": "B", "x": -2.26, "y": -0.18, "d5": "0.883"}
1788043186.0 RX: {"who": "B", "x": -2.4, "y": -0.13, "d5": "0.838"}
1788043188.5 RX: {"who": "B", "x": -2.4, "y": -0.13, "d5": "0.884"}
1788043190.8 RX: {"who": "B", "x": -2.42, "y": -0.16, "d5": "0.887"}
1788043193.1 RX: {"who": "B", "x": -2.4, "y": -0.18, "d5": "0.878"}
1788043195.5 RX: {"who": "B", "x": -2.32, "y": -0.22, "d5": "0.888"}
1788043197.8 RX: {"who": "B", "x": -2.33, "y": -0.18, "d5": "0.837"}
1788043200.3 RX: {"who": "B", "x": -2.33, "y": -0.19, "d5": "0.831"}
1788043202.8 RX: {"who": "B", "x": -2.34, "y": -0.21, "d5": "0.877"}
1788043204.8 RX: {"who": "B", "x": -2.52, "y": -0.2, "d5": "0.838"}
1788043206.8 RX: {"who": "B", "x": -2.71, "y": -0.19, "d5": "0.781"}
1788043209.1 RX: {"who": "B", "x": -2.69, "y": -0.16, "d5": "0.811"}
1788043211.5 RX: {"who": "B", "x": -2.69, "y": -0.16, "d5": "0.827"}
1788043213.8 RX: {"who": "B", "x": -2.67, "y": -0.17, "d5": "0.779"}
1788043215.8 RX: {"who": "B", "x": -2.49, "y": -0.23, "d5": "0.815"}
1788043218.0 RX: {"who": "B", "x": -2.33, "y": -0.23, "d5": "0.864"}
1788043220.0 RX: {"who": "B", "x": -2.32, "y": -0.23, "d5": "0.880"}
1788043222.0 RX: {"who": "B", "x": -2.13, "y": -0.23, "d5": "0.874"}
1788043224.2 RX: {"who": "B", "x": -2.02, "y": -0.23, "d5": "0.891"}
1788043226.6 RX: {"who": "B", "x": -2.02, "y": -0.23, "d5": "0.898"}
1788043228.9 RX: {"who": "B", "x": -2.02, "y": -0.2, "d5": "0.878"}
1788043230.9 RX: {"who": "B", "x": -2.06, "y": -0.19, "d5": "0.909"}
1788043233.2 RX: {"who": "B", "x": -2.27, "y": -0.17, "d5": "0.906"}
1788043235.2 RX: {"who": "B", "x": -2.46, "y": -0.17, "d5": "0.838"}
1788043237.5 RX: {"who": "B", "x": -2.49, "y": -0.17, "d5": "0.813"}
1788043239.9 RX: {"who": "B", "x": -2.49, "y": -0.16, "d5": "0.849"}
1788043242.2 RX: {"who": "B", "x": -2.51, "y": -0.19, "d5": "0.833"}
1788043244.4 RX: {"who": "B", "x": -2.54, "y": -0.21, "d5": "0.818"}
1788043246.9 RX: {"who": "B", "x": -2.54, "y": -0.2, "d5": "0.836"}
1788043249.1 RX: {"who": "B", "x": -2.54, "y": -0.16, "d5": "0.859"}
1788043251.4 RX: {"who": "B", "x": -2.52, "y": -0.17, "d5": "0.851"}
1788043253.8 RX: {"who": "B", "x": -2.39, "y": -0.23, "d5": "0.878"}
1788043256.1 RX: {"who": "B", "x": -2.38, "y": -0.2, "d5": "0.838"}
1788043258.4 RX: {"who": "B", "x": -2.35, "y": -0.17, "d5": "0.836"}
1788043260.5 RX: {"who": "B", "x": -2.3, "y": -0.17, "d5": "0.896"}
1788043262.5 RX: {"who": "B", "x": -2.25, "y": -0.18, "d5": "0.898"}
1788043264.9 RX: {"who": "B", "x": -2.25, "y": -0.18, "d5": "0.864"}
1788043267.3 RX: {"who": "B", "x": -2.25, "y": -0.18, "d5": "0.884"}
1788043269.6 RX: {"who": "B", "x": -2.4, "y": -0.15, "d5": "0.863"}
1788043271.9 RX: {"who": "B", "x": -2.61, "y": -0.15, "d5": "0.799"}
1788043273.9 RX: {"who": "B", "x": -2.8, "y": -0.15, "d5": "0.753"}
1788043276.3 RX: {"who": "B", "x": -2.8, "y": -0.15, "d5": "0.761"}
1788043278.7 RX: {"who": "B", "x": -2.79, "y": -0.12, "d5": "0.722"}
1788043281.0 RX: {"who": "B", "x": -2.77, "y": -0.15, "d5": "0.762"}
1788043283.0 RX: {"who": "B", "x": -2.6, "y": -0.2, "d5": "0.866"}
1788043285.2 RX: {"who": "B", "x": -2.39, "y": -0.2, "d5": "0.912"}
1788043287.6 RX: {"who": "B", "x": -2.25, "y": -0.2, "d5": "0.917"}
1788043289.9 RX: {"who": "B", "x": -2.23, "y": -0.17, "d5": "0.934"}
1788043292.4 RX: {"who": "B", "x": -2.23, "y": -0.18, "d5": "0.858"}
1788043294.8 RX: {"who": "B", "x": -2.23, "y": -0.18, "d5": "0.769"}
1788043297.4 RX: {"who": "B", "x": -2.17, "y": -0.14, "d5": "0.781"}
1788043299.9 RX: {"who": "B", "x": -2.16, "y": -0.11, "d5": "0.865"}
1788043302.2 RX: {"who": "B", "x": -2.25, "y": -0.18, "d5": "0.852"}
1788043304.3 RX: {"who": "B", "x": -2.44, "y": -0.19, "d5": "0.789"}
1788043306.3 RX: {"who": "B", "x": -2.5, "y": -0.18, "d5": "0.811"}
1788043308.7 RX: {"who": "B", "x": -2.5, "y": -0.18, "d5": "0.937"}
1788043311.1 RX: {"who": "B", "x": -2.5, "y": -0.15, "d5": "0.928"}
1788043313.5 RX: {"who": "B", "x": -2.5, "y": -0.15, "d5": "0.845"}
1788043316.0 RX: {"who": "B", "x": -2.5, "y": -0.15, "d5": "0.787"}
1788043318.4 RX: {"who": "B", "x": -2.5, "y": -0.15, "d5": "0.850"}
1788043320.6 RX: {"who": "B", "x": -2.36, "y": -0.22, "d5": "0.776"}
1788043322.8 RX: {"who": "B", "x": -2.33, "y": -0.22, "d5": "0.801"}
1788043325.3 RX: {"who": "B", "x": -2.31, "y": -0.21, "d5": "0.775"}
1788043327.5 RX: {"who": "B", "x": -2.26, "y": -0.17, "d5": "0.678"}
1788043330.0 RX: {"who": "B", "x": -2.26, "y": -0.17, "d5": "0.652"}
1788043332.2 RX: {"who": "B", "x": -2.28, "y": -0.15, "d5": "0.780"}
1788043334.3 RX: {"who": "B", "x": -2.38, "y": -0.14, "d5": "0.784"}
1788043336.6 RX: {"who": "B", "x": -2.59, "y": -0.14, "d5": "0.792"}
1788043338.9 RX: {"who": "B", "x": -2.67, "y": -0.14, "d5": "0.798"}
1788043341.4 RX: {"who": "B", "x": -2.67, "y": -0.14, "d5": "0.868"}
1788043343.8 RX: {"who": "B", "x": -2.67, "y": -0.13, "d5": "0.864"}
1788043345.9 RX: {"who": "B", "x": -2.5, "y": -0.19, "d5": "0.794"}
1788043347.9 RX: {"who": "B", "x": -2.31, "y": -0.19, "d5": "0.834"}
1788043349.9 RX: {"who": "B", "x": -2.12, "y": -0.19, "d5": "0.905"}
1788043351.9 RX: {"who": "B", "x": -1.94, "y": -0.18, "d5": "0.878"}
1788043353.9 RX: {"who": "B", "x": -1.75, "y": -0.19, "d5": "0.747"}
1788043356.3 RX: {"who": "B", "x": -1.74, "y": -0.2, "d5": "0.742"}
1788043358.7 RX: {"who": "B", "x": -1.76, "y": -0.17, "d5": "0.851"}
1788043361.1 RX: {"who": "B", "x": -1.75, "y": -0.14, "d5": "0.899"}
1788043363.1 RX: {"who": "B", "x": -1.93, "y": -0.18, "d5": "0.815"}
1788043365.1 RX: {"who": "B", "x": -2.11, "y": -0.17, "d5": "0.799"}
1788043367.8 RX: {"who": "B", "x": -2.16, "y": -0.15, "d5": "0.854"}
1788043370.1 RX: {"who": "B", "x": -2.31, "y": -0.15, "d5": "0.911"}
1788043372.1 RX: {"who": "B", "x": -2.5, "y": -0.14, "d5": "0.905"}
1788043374.4 RX: {"who": "B", "x": -2.71, "y": -0.13, "d5": "0.807"}
1788043376.6 RX: {"who": "B", "x": -2.75, "y": -0.13, "d5": "0.801"}
1788043378.7 RX: {"who": "B", "x": -2.94, "y": -0.11, "d5": "0.781"}
1788043381.0 RX: {"who": "B", "x": -3.17, "y": -0.09, "d5": "0.837"}
1788043383.2 RX: {"who": "B", "x": -3.26, "y": -0.07, "d5": "0.834"}
1788043385.5 RX: {"who": "B", "x": -3.54, "y": 0.02, "d5": "0.853"}
1788043387.6 RX: {"who": "B", "x": -3.43, "y": -0.04, "d5": "0.838"}
1788043389.8 RX: {"who": "B", "x": -3.51, "y": -0.01, "d5": "0.755"}
1788043392.0 RX: {"who": "B", "x": -3.52, "y": -0.01, "d5": "0.706"}
1788043394.2 RX: {"who": "B", "x": -3.52, "y": -0.02, "d5": "0.804"}
1788043396.4 RX: {"who": "B", "x": -3.52, "y": -0.02, "d5": "0.915"}
1788043398.6 RX: {"who": "B", "x": -3.57, "y": 0.01, "d5": "0.937"}
1788043400.9 RX: {"who": "B", "x": -3.58, "y": 0.01, "d5": "0.865"}
1788043403.1 RX: {"who": "B", "x": -3.53, "y": -0.03, "d5": "0.782"}
1788043405.4 RX: {"who": "B", "x": -3.54, "y": -0.03, "d5": "0.790"}
1788043407.7 RX: {"who": "B", "x": -3.52, "y": -0.05, "d5": "0.847"}
1788043410.1 RX: {"who": "B", "x": -3.52, "y": -0.05, "d5": "0.863"}
1788043412.1 RX: {"who": "B", "x": -3.46, "y": -0.05, "d5": "0.777"}
1788043414.4 RX: {"who": "B", "x": -3.25, "y": -0.05, "d5": "0.810"}
1788043416.6 RX: {"who": "B", "x": -3.18, "y": -0.06, "d5": "0.858"}
1788043418.6 RX: {"who": "B", "x": -2.96, "y": -0.07, "d5": "0.913"}
1788043420.9 RX: {"who": "B", "x": -2.75, "y": -0.07, "d5": "0.874"}
1788043423.2 RX: {"who": "B", "x": -2.54, "y": -0.07, "d5": "0.791"}
1788043425.2 RX: {"who": "B", "x": -2.35, "y": -0.08, "d5": "0.836"}
1788043427.4 RX: {"who": "B", "x": -2.14, "y": -0.1, "d5": "0.907"}
1788043429.6 RX: {"who": "B", "x": -2.15, "y": -0.1, "d5": "0.936"}
1788043432.0 RX: {"who": "B", "x": -2.15, "y": -0.11, "d5": "0.823"}
1788043434.5 RX: {"who": "B", "x": -2.15, "y": -0.11, "d5": "0.806"}
1788043436.5 RX: {"who": "B", "x": -2.13, "y": -0.09, "d5": "0.820"}
1788043438.7 RX: {"who": "B", "x": -2.13, "y": -0.07, "d5": "0.813"}
1788043440.8 RX: {"who": "B", "x": -2.33, "y": -0.08, "d5": "0.775"}
1788043442.9 RX: {"who": "B", "x": -2.35, "y": -0.08, "d5": "0.828"}
1788043445.2 RX: {"who": "B", "x": -2.56, "y": -0.07, "d5": "0.838"}
1788043447.5 RX: {"who": "B", "x": -2.7, "y": -0.07, "d5": "0.812"}
1788043450.0 RX: {"who": "B", "x": -2.69, "y": -0.07, "d5": "0.754"}
1788043452.3 RX: {"who": "B", "x": -2.69, "y": -0.03, "d5": "0.797"}
1788043454.4 RX: {"who": "B", "x": -2.57, "y": -0.12, "d5": "0.801"}
1788043456.7 RX: {"who": "B", "x": -2.41, "y": -0.13, "d5": "0.796"}
1788043458.7 RX: {"who": "B", "x": -2.39, "y": -0.14, "d5": "0.743"}
1788043460.9 RX: {"who": "B", "x": -2.18, "y": -0.13, "d5": "0.656"}
1788043463.1 RX: {"who": "B", "x": -2.02, "y": -0.12, "d5": "0.692"}
1788043465.3 RX: {"who": "B", "x": -2.07, "y": -0.08, "d5": "0.814"}
1788043467.7 RX: {"who": "B", "x": -2.07, "y": -0.08, "d5": "0.801"}
1788043470.2 RX: {"who": "B", "x": -2.07, "y": -0.08, "d5": "0.719"}
1788043472.5 RX: {"who": "B", "x": -2.12, "y": -0.06, "d5": "0.662"}
1788043474.6 RX: {"who": "B", "x": -2.23, "y": -0.06, "d5": "0.705"}
1788043476.9 RX: {"who": "B", "x": -2.44, "y": -0.05, "d5": "0.835"}
1788043478.9 RX: {"who": "B", "x": -2.63, "y": -0.05, "d5": "0.892"}
1788043481.1 RX: {"who": "B", "x": -2.66, "y": -0.04, "d5": "0.855"}
1788043483.4 RX: {"who": "B", "x": -2.63, "y": -0.02, "d5": "0.793"}
1788043485.9 RX: {"who": "B", "x": -2.63, "y": -0.01, "d5": "0.735"}
1788043488.1 RX: {"who": "B", "x": -2.48, "y": -0.08, "d5": "0.771"}
1788043490.4 RX: {"who": "B", "x": -2.5, "y": -0.05, "d5": "0.870"}
1788043492.8 RX: {"who": "B", "x": -2.5, "y": -0.05, "d5": "0.916"}
1788043494.8 RX: {"who": "B", "x": -2.55, "y": -0.07, "d5": "0.917"}
1788043496.8 RX: {"who": "B", "x": -2.74, "y": -0.06, "d5": "0.873"}
1788043498.0 RX: {"who":"B","msg":"A: my session may reset soon; my bots keep running: nav-follower on your bearings + watcher for bare GOALFOUND. If we touch and here stays 0, goal is likely in far south/east unexplored pockets - please sweep there. If you reach goal, par
1788043500.9 RX: {"who": "B", "x": -3.12, "y": -0.02, "d5": "0.895"}
1788043503.1 RX: {"who": "B", "x": -3.41, "y": 0.06, "d5": "0.829"}
1788043505.2 RX: {"who": "B", "x": -3.56, "y": 0.13, "d5": "0.815"}
1788043507.2 RX: {"who": "B", "x": -3.49, "y": 0.08, "d5": "0.828"}
1788043509.4 RX: {"who": "B", "x": -3.49, "y": 0.07, "d5": "0.838"}
1788043511.7 RX: {"who": "B", "x": -3.5, "y": 0.06, "d5": "0.828"}
1788043513.9 RX: {"who": "B", "x": -3.51, "y": 0.06, "d5": "0.779"}
1788043516.5 RX: {"who": "B", "x": -3.61, "y": 0.04, "d5": "0.804"}
1788043518.6 RX: {"who": "B", "x": -3.56, "y": 0.07, "d5": "0.835"}
1788043520.9 RX: {"who": "B", "x": -3.54, "y": 0.1, "d5": "0.828"}
1788043523.2 RX: {"who": "B", "x": -3.55, "y": 0.12, "d5": "0.804"}
1788043525.4 RX: {"who": "B", "x": -3.51, "y": 0.08, "d5": "0.767"}
1788043527.6 RX: {"who": "B", "x": -3.7, "y": 0.18, "d5": "0.787"}
1788043530.2 RX: {"who": "B", "x": -3.67, "y": 0.17, "d5": "0.815"}
1788043532.5 RX: {"who": "B", "x": -3.71, "y": 0.17, "d5": "0.814"}
1788043534.6 RX: {"who": "B", "x": -3.76, "y": 0.19, "d5": "0.800"}
1788043536.8 RX: {"who": "B", "x": -3.76, "y": 0.2, "d5": "0.824"}
1788043539.3 RX: {"who": "B", "x": -3.87, "y": 0.34, "d5": "0.856"}
1788043541.8 RX: {"who": "B", "x": -3.87, "y": 0.33, "d5": "0.870"}
1788043544.2 RX: {"who": "B", "x": -3.88, "y": 0.33, "d5": "0.797"}
1788043546.4 RX: {"who": "B", "x": -4.04, "y": 0.38, "d5": "0.774"}
1788043548.4 RX: {"who": "B", "x": -4.03, "y": 0.37, "d5": "0.762"}
1788043550.6 RX: {"who": "B", "x": -4.04, "y": 0.37, "d5": "0.720"}
1788043552.8 RX: {"who": "B", "x": -4.18, "y": 0.48, "d5": "0.764"}
1788043555.1 RX: {"who": "B", "x": -4.4, "y": 0.65, "d5": "0.834"}
1788043557.2 RX: {"who": "B", "x": -4.63, "y": 0.78, "d5": "0.884"}
1788043559.3 RX: {"who": "B", "x": -4.8, "y": 0.87, "d5": "0.835"}
1788043561.4 RX: {"who": "B", "x": -4.97, "y": 0.97, "d5": "0.755"}
1788043563.4 RX: {"who": "B", "x": -5.12, "y": 1.09, "d5": "0.724"}
1788043565.9 RX: {"who": "B", "x": -5.23, "y": 1.17, "d5": "0.754"}
1788043568.3 RX: {"who": "B", "x": -5.23, "y": 1.17, "d5": "0.697"}
1788043570.3 RX: {"who": "B", "x": -5.25, "y": 1.14, "d5": "0.684"}
1788043638.7 RX: {"who": "B", "x": -5.33, "y": 0.34, "d5": "0.634"}
1788043653.9 RX: {"who": "B", "x": -5.34, "y": -0.25, "d5": "0.681"}
1788043656.2 RX: {"who": "B", "x": -5.43, "y": -0.27, "d5": "0.686"}
1788043666.2 RX: {"who": "B", "x": -5.32, "y": -0.08, "d5": "0.689"}
1788043668.5 RX: {"who": "B", "x": -5.36, "y": -0.16, "d5": "0.653"}
1788043760.5 RX: {"who": "B", "x": -5.24, "y": 0.2, "d5": "0.668"}
1788043782.4 RX: {"who": "B", "x": -5.35, "y": -0.22, "d5": "0.664"}
1788043799.9 RX: {"who": "B", "x": -5.33, "y": 0.18, "d5": "0.696"}
