{"t": 0.1, "x": -6, "y": 1, "h": 278.2, "d5": 0.884, "sm": 0.884, "d6": "tick=241651 goal=0 here=0", "l": [0.44, 0.29, 0.13, 0.14, 0.16, 0.8, 0.61, 1.6, 0.98, 0.66, 0.43, 0.41, 0.43, 0.38, 0.61, 0.53]}
{"t": 1.6, "x": -5, "y": 2, "h": 93.6, "d5": 0.89, "sm": 0.886, "d6": "tick=241803 goal=0 here=0", "l": [1.04, 0.86, 0.48, 0.46, 0.38, 0.4, 0.55, 0.49, 0.41, 0.34, 0.12, 0.13, 0.13, 0.66, 0.77, 0.58]}
{"t": 1.8, "x": 77, "y": -1, "h": 92.4, "d5": 0.868, "sm": 0.881, "d6": "tick=241825 goal=0 here=0", "l": [0.99, 0.86, 0.52, 0.42, -1.0, 0.43, 0.58, 0.53, 0.48, 0.33, 0.17, 0.16, 0.63, 0.66, 0.74, 0.52]}
{"t": 2.0, "x": 173, "y": 0, "h": 89.1, "d5": 0.87, "sm": 0.878, "d6": "tick=241846 goal=0 here=0", "l": [0.97, 1.02, 0.52, 0.39, 0.38, 0.43, 0.56, 0.55, 0.53, 0.41, 0.18, 1.34, 0.65, 0.72, 0.68, 0.49]}
{"t": 2.2, "x": 269, "y": 6, "h": 86.6, "d5": 0.844, "sm": 0.87, "d6": "tick=241867 goal=0 here=0", "l": [0.92, 0.96, 0.49, 0.36, 0.39, 0.41, 0.46, 0.68, 0.6, 0.24, 0.21, 1.4, 0.68, 0.72, 0.54, 0.43]}
{"t": 2.4, "x": 360, "y": 5, "h": 90.3, "d5": 0.83, "sm": 0.86, "d6": "tick=241887 goal=0 here=0", "l": [0.87, 0.91, 0.49, 0.39, 0.37, 0.41, 0.49, 0.73, 0.65, 0.27, 0.81, 1.66, 0.67, 0.73, 0.46, 1.47]}
{"t": 2.6, "x": 456, "y": 9, "h": 87.6, "d5": 0.793, "sm": 0.843, "d6": "tick=241908 goal=0 here=0", "l": [0.81, 0.88, 0.59, 0.41, 0.33, 0.42, 0.52, 0.82, 0.7, 0.32, 0.87, 1.65, 0.67, 0.69, 0.43, 1.45]}
{"t": 2.8, "x": 552, "y": 12, "h": 88.3, "d5": 0.806, "sm": 0.834, "d6": "tick=241929 goal=0 here=0", "l": [0.77, 0.82, 0.58, 0.42, 0.36, 0.41, 0.55, 0.79, 0.78, 0.36, 0.92, 1.7, 0.62, 0.68, 0.4, 1.41]}
{"t": 3.1, "x": 649, "y": 18, "h": 86.8, "d5": 0.788, "sm": 0.822, "d6": "tick=241950 goal=0 here=0", "l": [0.71, 0.73, 0.57, 0.4, 0.35, 0.42, 0.53, 0.81, 0.84, 0.4, 0.98, 1.72, 0.6, 0.69, 0.35, 1.37]}
{"t": 3.3, "x": 744, "y": 23, "h": 87.0, "d5": 0.762, "sm": 0.807, "d6": "tick=241971 goal=0 here=0", "l": [0.65, 0.63, 0.56, 0.39, 0.4, 0.35, 0.51, 0.86, 0.9, 0.45, 1.02, 0.71, 0.61, 0.59, 0.27, 1.33]}
{"t": 3.5, "x": 862, "y": 36, "h": 83.6, "d5": 0.747, "sm": 0.792, "d6": "tick=241992 goal=0 here=0", "l": [0.61, 0.57, 0.67, 0.45, 0.36, 0.4, 0.5, 0.71, 0.94, 0.45, 1.06, 0.72, 0.66, 0.35, 0.18, 1.3]}
{"t": 3.7, "x": 957, "y": 51, "h": 80.8, "d5": 0.713, "sm": 0.772, "d6": "tick=242018 goal=0 here=0", "l": [0.55, 0.51, 0.68, 0.46, 0.37, 0.42, 0.55, 0.74, 1.01, 0.94, 1.17, 0.72, 0.69, 0.27, 0.73, 1.26]}
{"t": 3.9, "x": 1049, "y": 61, "h": 84.1, "d5": 0.715, "sm": 0.758, "d6": "tick=242038 goal=0 here=0", "l": [0.53, 0.47, 0.63, 0.46, 0.41, 0.43, 0.44, 0.79, 1.05, 0.98, 1.22, -1.0, 0.67, 0.68, 0.69, 1.19]}
{"t": 4.2, "x": 1166, "y": 79, "h": 81.4, "d5": 0.713, "sm": 0.747, "d6": "tick=242059 goal=0 here=0", "l": [0.97, 0.44, 0.6, 0.45, 0.43, 0.39, 0.46, 0.81, 1.09, 1.03, 1.25, 0.74, 0.17, 0.64, 0.68, 1.18]}
{"t": 4.4, "x": 1261, "y": 95, "h": 80.0, "d5": 0.683, "sm": 0.731, "d6": "tick=242085 goal=0 here=0", "l": [0.94, 0.4, 0.44, 0.54, 0.45, 0.38, 0.5, 0.78, 1.1, 1.08, 1.32, 0.15, -1.0, 0.61, 0.65, 1.15]}
{"t": 4.6, "x": 1355, "y": 119, "h": 75.5, "d5": 0.663, "sm": 0.714, "d6": "tick=242106 goal=0 here=0", "l": [0.91, 0.36, 0.34, 0.58, 0.43, 0.42, 0.53, 0.76, 1.14, 1.14, 1.33, 0.23, 0.61, 0.6, 0.64, 1.09]}
{"t": 5.5, "x": 1379, "y": 133, "h": 353.2, "d5": 0.666, "sm": 0.702, "d6": "tick=242188 goal=0 here=0", "l": [0.6, 0.58, 2.13, 0.94, 0.33, 0.34, 0.36, 0.56, -1.0, 0.43, 0.55, 0.97, 1.2, 1.2, 0.21, 0.41]}
{"t": 5.7, "x": 1366, "y": 219, "h": 351.2, "d5": 0.665, "sm": 0.693, "d6": "tick=242211 goal=0 here=0", "l": [0.56, 0.55, 2.33, 0.94, 0.86, 0.36, 0.34, 0.59, 0.47, 0.47, 0.59, 0.99, 1.19, 1.2, 0.19, 0.34]}
{"t": 6.6, "x": 1356, "y": 241, "h": 270.5, "d5": 0.678, "sm": 0.689, "d6": "tick=242300 goal=0 here=0", "l": [0.76, 0.15, 0.17, 0.34, 0.54, 0.52, 1.27, 0.93, 0.42, 0.37, 0.37, 0.57, 0.51, 0.5, 0.61, 1.2]}
{"t": 7.4, "x": 1352, "y": 240, "h": 189.7, "d5": 0.676, "sm": 0.686, "d6": "tick=242389 goal=0 here=0", "l": [0.49, 0.58, 0.86, 1.2, 1.11, 0.18, 0.31, 0.57, 0.56, 0.55, 1.05, 0.92, 0.35, 0.37, 0.57, 0.48]}
{"t": 7.7, "x": 1335, "y": 134, "h": 189.3, "d5": 0.64, "sm": 0.674, "d6": "tick=242415 goal=0 here=0", "l": [0.45, 0.5, 0.74, 1.18, 1.14, 1.27, 0.2, 0.42, 0.61, 0.61, 1.1, 0.94, 0.38, 0.32, 0.56, 0.43]}
{"t": 7.9, "x": 1318, "y": 40, "h": 190.1, "d5": 0.675, "sm": 0.674, "d6": "tick=242436 goal=0 here=0", "l": [0.39, 0.42, 0.67, 1.22, 0.75, 1.24, 0.22, 0.45, 0.66, 0.67, 1.14, 0.92, 0.36, 0.34, 0.55, 0.4]}
{"t": 8.8, "x": 1316, "y": 23, "h": 272.1, "d5": 0.675, "sm": 0.675, "d6": "tick=242527 goal=0 here=0", "l": [1.12, 1.22, 0.23, 0.44, 0.67, 0.64, 1.14, -1.0, 0.35, 0.33, 0.52, 0.38, 0.39, 0.39, 0.52, 1.15]}
{"t": 9.0, "x": 1229, "y": 27, "h": 272.6, "d5": 0.677, "sm": 0.675, "d6": "tick=242549 goal=0 here=0", "l": [1.08, 1.19, 0.87, 0.23, 0.66, 0.63, 1.17, 0.99, 0.42, 0.36, 0.57, 0.4, 0.37, 0.42, 0.6, 1.12]}
{"t": 9.3, "x": 1132, "y": 32, "h": 272.9, "d5": 0.69, "sm": 0.679, "d6": "tick=242570 goal=0 here=0", "l": [1.02, 1.15, 1.52, 0.69, 0.64, 0.66, 1.39, 1.03, 0.46, 0.43, 0.58, 0.42, 0.36, 0.44, 0.61, 1.08]}
{"t": 9.5, "x": 1036, "y": 27, "h": 267.0, "d5": 0.729, "sm": 0.691, "d6": "tick=242591 goal=0 here=0", "l": [0.95, 1.08, 1.44, 0.62, 0.16, 0.69, 1.45, 1.07, 0.51, 0.5, 0.61, 0.42, 0.34, 0.43, 0.57, 1.0]}
{"t": 9.7, "x": 944, "y": 22, "h": 267.2, "d5": 0.729, "sm": 0.701, "d6": "tick=242611 goal=0 here=0", "l": [0.92, 0.98, 1.25, 0.65, 0.65, 0.72, 2.24, 1.12, 0.56, 0.55, 0.57, 0.44, 0.37, 0.4, 0.59, 0.98]}
{"t": 9.9, "x": 850, "y": 22, "h": 269.8, "d5": 0.753, "sm": 0.714, "d6": "tick=242632 goal=0 here=0", "l": [0.9, 0.9, 1.22, 0.72, 0.67, 0.31, 0.8, 1.21, 0.58, 0.6, 0.53, 0.41, 0.37, 0.39, 0.54, 0.92]}
{"t": 10.1, "x": 753, "y": 22, "h": 270.2, "d5": 0.748, "sm": 0.722, "d6": "tick=242653 goal=0 here=0", "l": [0.86, 0.83, 1.15, 0.69, 0.65, 0.35, 0.21, 1.27, 0.64, 0.68, 0.54, 0.38, 0.39, 0.36, 0.53, 0.91]}
{"t": 10.3, "x": 657, "y": 20, "h": 268.7, "d5": 0.775, "sm": 0.736, "d6": "tick=242674 goal=0 here=0", "l": [0.83, 0.38, 1.02, 1.77, 0.59, 0.6, 0.32, 1.33, 0.69, 0.73, 0.57, 0.41, 0.38, 0.4, 0.52, 0.83]}
{"t": 11.2, "x": 643, "y": 17, "h": 348.7, "d5": 0.777, "sm": 0.746, "d6": "tick=242756 goal=0 here=0", "l": [0.68, 0.68, 0.37, 1.44, 1.26, 0.65, 0.76, 0.41, 0.4, 0.35, 0.47, 0.64, 0.82, 0.46, 0.94, 1.41]}
{"t": 11.4, "x": 626, "y": 101, "h": 348.4, "d5": 0.781, "sm": 0.755, "d6": "tick=242784 goal=0 here=0", "l": [0.63, 0.63, 0.33, 0.27, 1.31, 0.67, 0.83, 0.49, 0.43, 0.36, 0.52, 0.65, 0.85, 0.4, 0.93, 1.37]}
{"t": 11.7, "x": 607, "y": 207, "h": 349.9, "d5": 0.77, "sm": 0.759, "d6": "tick=242805 goal=0 here=0", "l": [0.58, 0.58, 0.35, 0.3, 1.27, 0.73, 0.85, 0.57, 0.47, 0.46, 0.57, 0.84, 0.85, 0.78, 0.86, 1.33]}
{"t": 11.9, "x": 572, "y": 310, "h": 341.0, "d5": 0.79, "sm": 0.766, "d6": "tick=242831 goal=0 here=0", "l": [0.54, 0.53, 0.48, 0.27, 0.26, 0.75, 0.88, 0.68, 0.56, 0.52, 0.61, 0.87, 0.82, 0.73, 0.84, 1.28]}
{"t": 12.1, "x": 544, "y": 397, "h": 342.1, "d5": 0.777, "sm": 0.769, "d6": "tick=242851 goal=0 here=0", "l": [0.48, 0.46, 0.47, 0.28, 0.27, 0.27, 0.84, 0.74, 0.6, 0.54, 0.69, 0.91, 0.39, 0.7, 0.79, 1.23]}
{"t": 12.3, "x": 515, "y": 489, "h": 342.7, "d5": 0.772, "sm": 0.77, "d6": "tick=242872 goal=0 here=0", "l": [0.46, 0.36, 0.45, 0.37, 0.25, 0.26, 0.79, 0.79, 0.64, 0.6, 0.75, 0.97, 0.48, 0.68, 0.79, 1.17]}
{"t": 12.8, "x": 510, "y": 507, "h": 19.0, "d5": 0.776, "sm": 0.771, "d6": "tick=242923 goal=0 here=0", "l": [0.46, 0.41, 0.24, 0.28, 0.28, 0.99, 0.69, 0.6, 0.69, 0.79, 0.86, 0.73, 0.79, 0.91, 0.43, 0.36]}
{"t": 13.3, "x": 510, "y": 510, "h": 338.1, "d5": 0.792, "sm": 0.777, "d6": "tick=242972 goal=0 here=0", "l": [0.42, 0.36, 0.44, 0.41, 0.25, 0.28, 0.81, 0.78, 0.64, 0.65, 0.74, 0.98, 0.45, 0.67, 0.78, 1.15]}
{"t": 14.8, "x": 500, "y": 507, "h": 149.4, "d5": 0.786, "sm": 0.779, "d6": "tick=243123 goal=0 here=0", "l": [0.75, 0.65, 0.67, 0.75, 0.82, 0.51, 0.76, 0.91, 1.45, 0.39, 0.44, 0.43, 0.27, 0.27, 0.28, 0.97]}
{"t": 15.0, "x": 547, "y": 434, "h": 147.3, "d5": 0.769, "sm": 0.776, "d6": "tick=243146 goal=0 here=0", "l": [0.71, 0.6, 0.65, 0.74, 0.87, 0.48, 0.74, 0.92, 1.5, 0.42, 0.48, 0.42, 0.26, 0.27, 0.25, 0.93]}
{"t": 15.2, "x": 595, "y": 350, "h": 150.2, "d5": 0.779, "sm": 0.777, "d6": "tick=243167 goal=0 here=0", "l": [0.67, 0.55, 0.58, 0.73, 0.96, 0.4, 0.75, 0.9, 1.36, 0.45, 0.51, 0.41, 0.26, 0.23, 0.73, 0.9]}
{"t": 15.4, "x": 646, "y": 275, "h": 145.7, "d5": 0.775, "sm": 0.777, "d6": "tick=243187 goal=0 here=0", "l": [0.62, 0.5, 0.46, 0.63, 0.91, 0.81, 0.77, 0.91, 1.37, 0.49, 0.53, 0.27, 0.24, 0.19, 0.71, 0.83]}
{"t": 15.6, "x": 701, "y": 196, "h": 145.4, "d5": 0.759, "sm": 0.772, "d6": "tick=243208 goal=0 here=0", "l": [0.58, 0.46, -1.0, 0.55, 0.89, 0.9, 0.81, 0.94, 1.39, 0.53, 0.57, 0.28, 0.21, 1.23, 0.65, 0.8]}
{"t": 15.8, "x": 760, "y": 121, "h": 141.6, "d5": 0.763, "sm": 0.77, "d6": "tick=243229 goal=0 here=0", "l": [0.55, 0.42, 0.41, 0.53, 0.71, 0.9, 0.46, 0.96, 1.44, 0.56, 0.58, 0.27, 0.17, 1.21, 0.64, 0.76]}
{"t": 16.1, "x": 816, "y": 43, "h": 144.4, "d5": 0.758, "sm": 0.767, "d6": "tick=243250 goal=0 here=0", "l": [0.51, 0.36, 0.41, 0.47, 0.69, 0.91, 0.52, 1.0, 1.47, 0.6, 0.64, 0.26, 1.49, 1.19, 0.58, 0.71]}
{"t": 16.5, "x": 832, "y": 28, "h": 117.9, "d5": 0.745, "sm": 0.761, "d6": "tick=243291 goal=0 here=0", "l": [0.64, 0.53, 0.4, 0.38, 0.38, 0.54, 0.93, 0.88, 0.9, 1.18, 0.72, 0.67, 0.3, 0.81, 1.21, 0.61]}
{"t": 16.7, "x": 913, "y": -1, "h": 109.4, "d5": 0.729, "sm": 0.753, "d6": "tick=243314 goal=0 here=0", "l": [0.56, 0.56, 0.42, 0.37, 0.36, 0.52, 0.75, 0.99, 0.94, 1.24, 0.73, 0.67, 0.18, 0.8, 1.2, 0.59]}
{"t": 16.9, "x": 1004, "y": -31, "h": 108.5, "d5": 0.72, "sm": 0.745, "d6": "tick=243335 goal=0 here=0", "l": [0.48, 0.59, 0.41, 0.32, 0.4, 0.42, 0.78, 1.05, 0.97, 1.26, 0.78, 0.68, 0.72, 2.37, 1.15, 0.52]}
{"t": 17.2, "x": 1106, "y": -70, "h": 110.6, "d5": 0.703, "sm": 0.734, "d6": "tick=243356 goal=0 here=0", "l": [0.41, 0.58, 0.37, 0.34, 0.34, 0.4, 0.79, 1.06, 1.05, 1.31, 0.79, 0.23, 0.73, 2.36, 1.11, 0.46]}
{"t": 17.4, "x": 1209, "y": -98, "h": 105.6, "d5": 0.704, "sm": 0.727, "d6": "tick=243382 goal=0 here=0", "l": [0.37, 0.52, 0.33, 0.33, 0.29, 0.43, 0.68, 1.08, 0.69, 1.36, 0.74, 0.53, 0.71, 2.29, 1.01, 0.43]}
{"t": 18.3, "x": 1222, "y": -99, "h": 188.3, "d5": 0.685, "sm": 0.716, "d6": "tick=243471 goal=0 here=0", "l": [0.31, 0.36, 0.47, 1.18, 1.1, 1.23, 0.88, 0.29, 0.74, 0.76, 1.17, 0.42, 0.34, 0.49, 0.39, 0.35]}
{"t": 18.8, "x": 1223, "y": -103, "h": 150.0, "d5": 0.69, "sm": 0.71, "d6": "tick=243522 goal=0 here=0", "l": [0.34, 0.34, 0.31, -1.0, 0.68, 1.07, 0.69, 1.38, -1.0, 0.55, 0.7, 2.29, -1.0, 0.4, 0.32, 0.49]}
{"t": 19.2, "x": 1223, "y": -100, "h": 180.1, "d5": 0.694, "sm": 0.706, "d6": "tick=243566 goal=0 here=0", "l": [0.32, 0.34, 0.43, 0.88, 1.07, 1.2, 1.65, 0.29, 0.73, 0.71, 1.22, 0.42, 0.37, 0.48, 0.48, 0.34]}
{"t": 19.9, "x": 1224, "y": -98, "h": 221.7, "d5": 0.685, "sm": 0.701, "d6": "tick=243629 goal=0 here=0", "l": [0.43, 0.7, 1.13, 1.09, 1.38, 0.72, 0.71, 0.69, 1.5, 1.01, 0.41, 0.35, 0.5, 0.34, 0.34, 0.31]}
{"t": 20.4, "x": 1226, "y": -96, "h": 259.8, "d5": 0.679, "sm": 0.695, "d6": "tick=243687 goal=0 here=0", "l": [1.13, 0.73, 1.27, 0.85, 0.49, 0.72, 2.57, 1.08, 0.4, 0.34, 0.49, 0.38, 0.34, 0.3, 0.39, 0.63]}
{"t": 20.7, "x": 1140, "y": -112, "h": 259.9, "d5": 0.702, "sm": 0.697, "d6": "tick=243710 goal=0 here=0", "l": [1.11, 0.72, 1.21, 0.85, 0.28, 0.76, 0.8, 1.15, 0.46, 0.38, 0.53, 0.36, 0.33, 0.28, 0.4, 0.6]}
{"t": 20.9, "x": 1052, "y": -137, "h": 253.8, "d5": 0.716, "sm": 0.702, "d6": "tick=243730 goal=0 here=0", "l": [1.06, 0.86, 1.16, 0.87, 0.78, 0.76, 0.78, 1.21, 0.53, 0.43, 0.57, 0.38, 0.32, 0.28, 0.35, 0.58]}
{"t": 21.1, "x": 960, "y": -158, "h": 257.1, "d5": 0.723, "sm": 0.707, "d6": "tick=243751 goal=0 here=0", "l": [1.03, 0.98, 1.13, 1.62, 0.75, 0.29, 0.77, 1.31, 0.55, 0.47, 0.59, 0.38, 0.26, 0.29, 0.32, 0.53]}
{"t": 21.3, "x": 866, "y": -182, "h": 256.1, "d5": 0.747, "sm": 0.717, "d6": "tick=243772 goal=0 here=0", "l": [0.99, 0.9, 1.06, 1.5, 0.73, 0.44, 0.81, 1.37, 0.6, 0.51, 0.64, 0.4, 0.26, 0.3, 0.31, 0.48]}
{"t": 21.5, "x": 773, "y": -210, "h": 252.8, "d5": 0.749, "sm": 0.725, "d6": "tick=243792 goal=0 here=0", "l": [0.96, 0.86, 0.51, 1.44, 0.8, 0.76, 0.83, 1.42, 0.64, 0.58, 0.6, 0.34, 0.27, 0.3, 0.27, 0.46]}
{"t": 21.7, "x": 687, "y": -236, "h": 253.3, "d5": 0.777, "sm": 0.738, "d6": "tick=243813 goal=0 here=0", "l": [0.83, 0.83, 0.48, 1.23, 0.81, 0.79, 0.41, 1.49, 0.69, 0.62, 0.5, 0.31, 0.25, 0.25, 0.28, 0.45]}
{"t": 21.9, "x": 573, "y": -272, "h": 252.7, "d5": 0.8, "sm": 0.754, "d6": "tick=243834 goal=0 here=0", "l": [0.78, 0.83, 0.48, 1.21, 0.81, 0.8, 0.5, 1.71, 0.73, 0.69, 0.51, 0.28, 0.27, 0.21, 0.29, 0.4]}
{"t": 22.2, "x": 485, "y": -306, "h": 248.8, "d5": 0.798, "sm": 0.765, "d6": "tick=243860 goal=0 here=0", "l": [0.68, -1.0, 0.61, 0.37, 2.0, 0.74, 0.54, 1.75, 1.41, 0.72, 0.54, 0.27, 0.23, 0.19, 0.3, 0.33]}
{"t": 22.9, "x": 471, "y": -312, "h": 325.5, "d5": 0.811, "sm": 0.776, "d6": "tick=243933 goal=0 here=0", "l": [1.2, 0.8, 0.84, 0.54, 1.56, 0.81, 0.81, 0.36, 0.26, 0.19, 0.24, 0.27, 0.45, 0.79, 0.72, 0.42]}
{"t": 23.1, "x": 423, "y": -240, "h": 326.2, "d5": 0.82, "sm": 0.787, "d6": "tick=243955 goal=0 here=0", "l": [1.16, 0.79, 0.81, 0.55, 1.58, 0.82, 0.84, 0.45, 0.33, 0.22, 0.28, 0.32, 0.48, 0.75, 0.7, 0.39]}
{"t": 23.6, "x": 415, "y": -228, "h": 0.8, "d5": 0.828, "sm": 0.797, "d6": "tick=244007 goal=0 here=0", "l": [0.72, 0.77, 0.43, 1.41, 0.73, 0.59, 0.34, 0.26, 0.27, 0.31, 0.47, 0.69, 0.74, 0.54, 0.33, 1.91]}
{"t": 23.8, "x": 420, "y": -145, "h": 3.9, "d5": 0.817, "sm": 0.802, "d6": "tick=244029 goal=0 here=0", "l": [0.7, 0.73, 0.46, 1.4, 0.76, 0.82, 0.38, 0.31, 0.29, 0.36, 0.47, 0.79, 0.7, 0.36, 0.93, 1.89]}
{"t": 24.1, "x": 422, "y": -49, "h": 0.7, "d5": 0.802, "sm": 0.802, "d6": "tick=244050 goal=0 here=0", "l": [0.64, -1.0, 0.46, 1.42, 0.79, 0.88, 0.46, 0.39, 0.35, 0.39, 0.53, 0.78, 0.68, 0.33, 0.93, 1.8]}
{"t": 24.3, "x": 422, "y": 47, "h": 0.0, "d5": 0.813, "sm": 0.805, "d6": "tick=244071 goal=0 here=0", "l": [0.6, 0.68, 0.42, 1.42, 0.82, 0.9, 0.55, 0.45, 0.4, 0.45, 0.56, 0.77, 0.65, 0.26, 0.91, 1.78]}
{"t": 24.5, "x": 420, "y": 143, "h": 359.2, "d5": 0.81, "sm": 0.806, "d6": "tick=244092 goal=0 here=0", "l": [0.57, 0.62, 0.38, 0.34, 0.8, 0.87, 0.64, 0.48, 0.43, 0.49, 0.59, 0.73, 0.68, 0.67, 0.92, 1.65]}
{"t": 25.6, "x": 353, "y": 177, "h": 266.6, "d5": 0.833, "sm": 0.813, "d6": "tick=244205 goal=0 here=0", "l": [0.64, 0.63, 0.77, -1.0, 0.59, 0.6, 0.57, 0.41, 1.38, 0.81, 0.73, 0.54, 0.45, 0.47, 0.57, 0.77]}
{"t": 25.8, "x": 261, "y": 166, "h": 263.2, "d5": 0.852, "sm": 0.823, "d6": "tick=244226 goal=0 here=0", "l": [0.57, 0.18, 0.76, 1.24, 0.54, 0.51, 0.63, 0.44, 1.43, 0.85, 0.74, 0.54, 0.47, 0.5, 0.53, 0.74]}
{"t": 26.6, "x": 248, "y": 160, "h": 345.3, "d5": 0.841, "sm": 0.827, "d6": "tick=244306 goal=0 here=0", "l": [1.98, 0.58, 0.67, 0.48, 0.44, 0.9, 1.0, 0.58, 0.43, 0.48, 0.53, 0.7, 0.69, 0.2, 0.64, 0.93]}
{"t": 26.8, "x": 222, "y": 225, "h": 338.1, "d5": 0.848, "sm": 0.832, "d6": "tick=244328 goal=0 here=0", "l": [1.51, 0.54, 0.55, 0.61, 0.44, 1.0, 0.99, 0.71, 0.52, 0.53, 0.57, 0.72, 0.65, 0.18, 0.58, 0.77]}
{"t": 27.0, "x": 183, "y": 294, "h": 330.2, "d5": 0.853, "sm": 0.838, "d6": "tick=244349 goal=0 here=0", "l": [1.09, 0.49, 0.47, 0.62, 0.44, 0.45, 0.9, 0.84, 0.6, 0.55, 0.56, 0.68, 0.66, 0.12, -1.0, 0.67]}
{"t": 27.3, "x": 131, "y": 355, "h": 319.3, "d5": 0.841, "sm": 0.838, "d6": "tick=244370 goal=0 here=0", "l": [0.83, 1.91, 0.48, 0.58, 0.56, 0.46, 0.93, 1.08, 0.69, 0.55, 0.57, 0.59, 0.76, 0.27, 0.53, 0.63]}
{"t": 27.5, "x": 76, "y": 409, "h": 314.4, "d5": 0.847, "sm": 0.841, "d6": "tick=244390 goal=0 here=0", "l": [0.7, 1.41, 0.42, 0.44, 0.61, 0.45, 0.49, 0.97, 0.86, 0.59, 0.62, 0.63, 0.12, 0.25, 0.51, 0.57]}
{"t": 27.7, "x": 19, "y": 467, "h": 315.8, "d5": 0.842, "sm": 0.841, "d6": "tick=244411 goal=0 here=0", "l": [0.72, 1.38, 0.42, 0.44, 0.57, 0.55, 0.51, 1.03, 0.88, 0.61, 0.63, 0.11, 0.24, 0.25, 0.49, 0.56]}
{"t": 27.9, "x": -38, "y": 523, "h": 314.5, "d5": 0.846, "sm": 0.842, "d6": "tick=244432 goal=0 here=0", "l": [0.69, 1.35, 0.39, 0.43, 0.59, 0.58, 0.54, 1.1, 0.83, 0.66, 0.15, 0.18, 0.22, 0.47, 0.42, 0.51]}
{"t": 28.1, "x": -89, "y": 584, "h": 320.2, "d5": 0.854, "sm": 0.845, "d6": "tick=244453 goal=0 here=0", "l": [0.67, 1.45, 0.41, 0.41, 0.59, 0.6, 0.56, 1.2, 0.84, 0.71, -1.0, 0.24, 0.25, 0.49, 0.4, 0.47]}
{"t": 28.3, "x": -137, "y": 648, "h": 323.4, "d5": 0.865, "sm": 0.85, "d6": "tick=244474 goal=0 here=0", "l": [0.63, 1.41, 0.89, 0.38, 0.42, 0.62, 0.6, 1.21, 0.87, 0.2, 0.22, 0.25, 0.24, 0.43, 0.38, 0.44]}
{"t": 28.5, "x": -188, "y": 710, "h": 320.1, "d5": 0.852, "sm": 0.851, "d6": "tick=244495 goal=0 here=0", "l": [0.6, 1.28, 1.12, 0.3, 0.39, 0.62, 0.61, 1.21, 0.91, 0.24, 0.27, 0.25, 0.43, 0.39, 0.39, 0.41]}
{"t": 28.7, "x": -237, "y": 771, "h": 321.3, "d5": 0.852, "sm": 0.851, "d6": "tick=244516 goal=0 here=0", "l": [0.56, 1.2, 1.38, 0.28, 0.38, 0.62, 0.59, 1.21, 0.96, 0.28, 0.32, 0.26, 0.45, 0.35, 0.36, 0.36]}
{"t": 28.9, "x": -285, "y": 835, "h": 322.9, "d5": 0.857, "sm": 0.852, "d6": "tick=244536 goal=0 here=0", "l": [0.5, 1.18, 2.2, 0.3, 0.39, 0.68, 0.64, 1.22, 0.98, 0.29, 0.31, 0.31, 0.47, 0.3, 0.34, 0.34]}
{"t": 29.1, "x": -334, "y": 895, "h": 320.6, "d5": 0.848, "sm": 0.851, "d6": "tick=244557 goal=0 here=0", "l": [0.46, 0.89, 2.21, 0.48, 0.28, 0.45, 0.65, 1.25, 1.05, 0.34, 0.31, 0.42, 0.42, 0.28, 0.32, 0.32]}
{"t": 29.3, "x": -394, "y": 949, "h": 312.5, "d5": 0.852, "sm": 0.852, "d6": "tick=244578 goal=0 here=0", "l": [0.41, 0.79, 2.12, 0.52, 0.29, 0.4, 0.72, 0.76, 1.22, 0.4, 0.36, 0.43, 0.41, 0.28, 0.28, 0.28]}
{"t": 30.2, "x": -406, "y": 957, "h": 34.3, "d5": 0.842, "sm": 0.849, "d6": "tick=244667 goal=0 here=0", "l": [0.46, 0.27, 0.71, 0.71, 1.49, 1.04, 0.43, 0.33, 0.45, 0.28, 0.3, 0.28, 0.3, 0.44, 1.56, 1.01]}
{"t": 31.3, "x": -413, "y": 957, "h": 120.0, "d5": 0.861, "sm": 0.852, "d6": "tick=244773 goal=0 here=0", "l": [1.31, 1.05, 0.4, 0.34, 0.45, 0.29, 0.28, -1.0, -1.0, 0.41, 1.06, 2.16, 0.51, 0.28, 0.44, 0.69]}
{"t": 31.5, "x": -347, "y": 926, "h": 114.9, "d5": 0.859, "sm": 0.854, "d6": "tick=244794 goal=0 here=0", "l": [0.77, -1.0, 0.35, 0.35, 0.42, 0.41, 0.32, 0.3, -1.0, -1.0, 0.84, 2.15, 0.52, 0.22, 0.39, 0.69]}
{"t": 31.7, "x": -272, "y": 897, "h": 111.0, "d5": 0.84, "sm": 0.85, "d6": "tick=244815 goal=0 here=0", "l": [0.69, 1.23, 0.88, 0.37, 0.29, 0.46, 0.33, 0.36, 0.33, 0.47, 0.78, 2.22, 0.52, 0.23, 0.39, 0.68]}
{"t": 31.9, "x": -196, "y": 877, "h": 105.1, "d5": 0.841, "sm": 0.848, "d6": "tick=244835 goal=0 here=0", "l": [0.6, 1.34, 0.97, 0.32, 0.35, 0.43, 0.47, 0.36, 0.39, 0.45, 0.74, 2.14, 0.53, 0.24, 0.36, 0.6]}
{"t": 32.1, "x": -117, "y": 866, "h": 97.4, "d5": 0.824, "sm": 0.842, "d6": "tick=244856 goal=0 here=0", "l": [0.54, 1.14, 1.02, 0.86, 0.33, 0.32, 0.52, 0.41, 0.45, 0.45, 0.74, 1.61, 0.57, 0.23, 0.33, 0.58]}
{"t": 32.3, "x": -36, "y": 869, "h": 88.3, "d5": 0.825, "sm": 0.838, "d6": "tick=244877 goal=0 here=0", "l": [0.52, 0.58, 1.1, 0.86, 0.29, 0.37, -1.0, 0.47, 0.48, 0.46, 0.6, 1.22, 2.2, 0.21, 0.3, 0.57]}
{"t": 32.6, "x": 56, "y": 878, "h": 84.4, "d5": 0.801, "sm": 0.829, "d6": "tick=244907 goal=0 here=0", "l": [0.52, 0.48, 1.24, 0.9, 0.85, 0.31, 0.4, 0.61, 0.49, 0.5, 0.64, 0.97, 2.27, 0.21, 0.27, 0.44]}
{"t": 32.9, "x": 151, "y": 904, "h": 74.6, "d5": 0.789, "sm": 0.819, "d6": "tick=244939 goal=0 here=0", "l": [0.44, 0.39, 0.5, 1.04, 0.83, 0.85, 0.42, 0.59, 0.52, 0.55, 0.65, 0.94, 0.2, 0.21, 0.21, 0.24]}
{"t": 33.9, "x": 158, "y": 909, "h": 158.2, "d5": 0.794, "sm": 0.813, "d6": "tick=245028 goal=0 here=0", "l": [0.87, 0.86, 0.34, 0.41, 0.62, 0.59, 0.56, 0.85, 1.39, 0.2, 0.21, 0.2, 0.43, 0.45, 0.47, 1.23]}
{"t": 34.1, "x": 185, "y": 846, "h": 156.7, "d5": 0.797, "sm": 0.809, "d6": "tick=245056 goal=0 here=0", "l": [0.84, 0.82, 0.3, 0.42, 0.61, 0.58, 0.59, 0.89, 0.21, 0.26, 0.23, 0.38, 0.44, 0.4, 0.47, 1.09]}
{"t": 34.3, "x": 211, "y": 772, "h": 160.8, "d5": 0.799, "sm": 0.806, "d6": "tick=245077 goal=0 here=0", "l": [-1.0, 0.77, 0.81, 0.4, 0.65, 0.57, 0.61, 0.87, 1.44, 0.27, 0.24, 0.39, 0.44, 0.38, 0.44, 1.12]}
{"t": 34.5, "x": 244, "y": 699, "h": 155.5, "d5": 0.817, "sm": 0.809, "d6": "tick=245098 goal=0 here=0", "l": [0.77, 0.75, 0.8, 0.32, 0.42, 0.55, 0.62, 0.78, 1.37, 0.32, 0.27, 0.43, 0.43, 0.35, 0.41, 1.14]}
{"t": 34.7, "x": 280, "y": 626, "h": 153.9, "d5": 0.803, "sm": 0.807, "d6": "tick=245119 goal=0 here=0", "l": [0.78, 0.67, 0.74, 0.93, 0.41, 0.6, 0.66, 0.81, 1.35, 0.36, 0.3, 0.46, 0.43, 0.32, 0.39, 1.09]}
{"t": 34.9, "x": 323, "y": 561, "h": 146.1, "d5": 0.805, "sm": 0.807, "d6": "tick=245139 goal=0 here=0", "l": [0.75, 0.63, 0.67, 0.75, 0.37, 0.68, 0.67, 0.8, 1.15, 0.4, 0.34, 0.47, 0.45, 0.33, 0.34, 1.05]}
{"t": 35.2, "x": 368, "y": 496, "h": 145.2, "d5": 0.791, "sm": 0.803, "d6": "tick=245160 goal=0 here=0", "l": [0.81, 0.64, 0.65, 0.71, 0.87, 0.41, 0.62, 0.75, 1.13, 0.42, 0.35, 0.49, 0.43, 0.33, 0.32, 0.96]}
{"t": 35.4, "x": 427, "y": 416, "h": 143.8, "d5": 0.796, "sm": 0.801, "d6": "tick=245181 goal=0 here=0", "l": [0.78, 0.61, 0.61, 0.71, 0.9, 0.26, 0.66, 0.74, 1.12, 0.45, 0.38, 0.49, 0.41, 0.32, 0.29, 0.82]}
{"t": 35.6, "x": 482, "y": 359, "h": 136.4, "d5": 0.788, "sm": 0.798, "d6": "tick=245207 goal=0 here=0", "l": [0.74, 0.58, 0.51, 0.61, 0.84, 0.84, 0.73, 0.8, 0.97, 0.49, 0.41, 0.51, 0.33, 0.29, 0.23, 0.75]}
{"t": 35.9, "x": 550, "y": 287, "h": 136.4, "d5": 0.784, "sm": 0.794, "d6": "tick=245228 goal=0 here=0", "l": [-1.0, 0.52, 0.5, 0.59, 0.7, 0.81, 0.48, 0.82, 1.0, 0.53, 0.43, 0.54, 0.28, 0.29, 1.25, 0.73]}
{"t": 36.1, "x": 604, "y": 234, "h": 134.5, "d5": 0.764, "sm": 0.787, "d6": "tick=245253 goal=0 here=0", "l": [0.69, 0.53, 0.47, 0.56, 0.68, 0.88, 0.43, 0.84, 1.05, 0.58, 0.51, 0.54, 0.27, 0.21, 1.22, 0.68]}
{"t": 36.3, "x": 664, "y": 178, "h": 133.0, "d5": 0.756, "sm": 0.779, "d6": "tick=245274 goal=0 here=0", "l": [0.68, 0.48, 0.49, 0.5, 0.69, 0.96, 0.82, 0.86, 1.1, 0.63, 0.58, 0.5, 0.28, 0.17, 0.71, 0.63]}
{"t": 36.5, "x": 722, "y": 123, "h": 133.2, "d5": 0.761, "sm": 0.775, "d6": "tick=245294 goal=0 here=0", "l": [0.65, 0.46, 0.42, 0.42, 0.62, 0.99, 0.83, 0.86, 1.12, 0.65, 0.6, 0.3, 0.22, 1.26, 0.63, 0.6]}
{"t": 36.9, "x": 821, "y": 34, "h": 131.8, "d5": 0.746, "sm": 0.767, "d6": "tick=245330 goal=0 here=0", "l": [0.61, 0.45, 0.39, -1.0, 0.54, 0.94, 0.91, 0.9, 1.18, 0.71, 0.65, 0.3, 0.75, 1.22, 0.58, 0.57]}
{"t": 37.1, "x": 879, "y": -17, "h": 131.8, "d5": 0.727, "sm": 0.757, "d6": "tick=245350 goal=0 here=0", "l": [0.55, 0.42, 0.32, 0.37, 0.52, 0.75, 1.0, 0.94, 1.23, 0.74, 0.68, 0.71, 0.85, 1.17, 0.57, 0.54]}
{"t": 37.3, "x": 945, "y": -61, "h": 123.9, "d5": 0.735, "sm": 0.752, "d6": "tick=245371 goal=0 here=0", "l": [0.62, 0.42, 0.31, 0.34, 0.36, 0.71, 0.96, 0.61, 1.15, 0.79, 0.73, 0.72, 0.74, 1.21, 0.53, 0.46]}
{"t": 37.5, "x": 1015, "y": -101, "h": 119.4, "d5": 0.713, "sm": 0.742, "d6": "tick=245392 goal=0 here=0", "l": [0.58, 0.41, 0.34, 0.3, 0.37, 0.57, 1.04, 1.0, 1.15, 1.6, -1.0, 0.71, 0.71, 1.26, 0.49, 0.45]}
{"t": 37.7, "x": 1088, "y": -133, "h": 113.8, "d5": 0.69, "sm": 0.729, "d6": "tick=245413 goal=0 here=0", "l": [0.49, 0.49, 0.33, 0.28, 0.31, 0.38, 0.78, 1.11, 1.06, 1.35, 0.74, 0.53, 0.74, 1.48, 1.08, 0.44]}
{"t": 37.9, "x": 1162, "y": -156, "h": 107.5, "d5": 0.699, "sm": 0.722, "d6": "tick=245433 goal=0 here=0", "l": [0.38, 0.51, 0.32, 0.3, 0.28, 0.39, 0.63, 1.09, 0.73, 1.34, 0.86, 0.53, 0.75, 2.49, 1.06, 0.4]}
{"t": 38.1, "x": 1242, "y": -171, "h": 100.2, "d5": 0.682, "sm": 0.712, "d6": "tick=245454 goal=0 here=0", "l": [0.31, 0.45, 0.35, 0.31, 0.26, 0.31, 0.43, 1.11, 1.12, 1.26, 0.91, 0.54, 0.76, 2.51, 1.09, 0.39]}
{"t": 38.3, "x": 1323, "y": -177, "h": 94.3, "d5": 0.655, "sm": 0.697, "d6": "tick=245475 goal=0 here=0", "l": [0.28, 0.4, 0.42, 0.28, 0.3, 0.29, 0.41, 0.88, 1.19, 1.26, 1.7, 0.54, -1.0, 0.75, 1.2, 0.37]}
{"t": 39.2, "x": 1333, "y": -174, "h": 175.6, "d5": 0.656, "sm": 0.687, "d6": "tick=245560 goal=0 here=0", "l": [0.3, 0.28, 0.34, 0.67, 1.14, 1.17, 1.46, 0.36, 0.77, 0.72, 1.23, 0.36, 0.29, 0.32, 0.42, 0.29]}
{"t": 40.1, "x": 1335, "y": -170, "h": 257.7, "d5": 0.658, "sm": 0.68, "d6": "tick=245656 goal=0 here=0", "l": [1.23, 0.85, 1.36, 0.31, 0.77, 0.71, 2.5, 0.97, 0.33, 0.26, 0.39, 0.36, 0.28, 0.3, 0.31, 0.47]}
{"t": 40.3, "x": 1266, "y": -186, "h": 257.3, "d5": 0.674, "sm": 0.678, "d6": "tick=245679 goal=0 here=0", "l": [1.19, 1.0, 1.32, 0.92, 0.6, 0.74, 2.54, 1.02, 0.35, 0.32, 0.45, 0.32, 0.3, 0.29, 0.3, 0.45]}
{"t": 40.5, "x": 1190, "y": -196, "h": 262.8, "d5": 0.686, "sm": 0.68, "d6": "tick=245699 goal=0 here=0", "l": [1.15, 1.0, 1.25, 0.92, 0.36, 0.78, 2.65, 1.09, 0.4, 0.34, 0.47, 0.3, -1.0, 0.27, 0.3, 0.41]}
{"t": 40.8, "x": 1113, "y": -215, "h": 256.0, "d5": 0.701, "sm": 0.685, "d6": "tick=245720 goal=0 here=0", "l": [1.11, 1.08, 1.24, 0.91, 0.28, 0.79, 2.6, 1.13, 0.46, 0.41, 0.53, 0.3, 0.27, 0.23, 0.31, 0.39]}
{"t": 41.0, "x": 1034, "y": -229, "h": 260.2, "d5": 0.728, "sm": 0.696, "d6": "tick=245741 goal=0 here=0", "l": [1.07, 1.01, 1.18, 1.72, 0.84, 0.8, 0.85, 1.2, 0.5, 0.46, 0.53, 0.3, 0.23, 0.24, 0.34, 0.51]}
{"t": 41.2, "x": 950, "y": -242, "h": 260.7, "d5": 0.712, "sm": 0.7, "d6": "tick=245762 goal=0 here=0", "l": [1.04, 0.98, 1.15, 1.68, 0.81, 0.83, 0.86, 1.25, 0.53, 0.52, 0.5, 0.29, 0.21, 0.23, 0.29, 0.48]}
{"t": 41.4, "x": 875, "y": -250, "h": 264.1, "d5": 0.733, "sm": 0.708, "d6": "tick=245783 goal=0 here=0", "l": [1.0, 0.94, 1.11, 1.66, 0.8, 0.38, 0.87, 1.27, 0.56, 0.58, 0.39, 0.28, 0.21, 0.23, 0.25, 0.45]}
{"t": 41.6, "x": 796, "y": -265, "h": 259.0, "d5": 0.744, "sm": 0.717, "d6": "tick=245804 goal=0 here=0", "l": [0.95, 0.89, 1.09, 1.64, 0.77, 0.46, 0.9, 1.3, 0.6, 0.63, 0.38, 0.23, 0.2, 0.24, 0.24, 0.44]}
{"t": 41.8, "x": 717, "y": -278, "h": 260.8, "d5": 0.753, "sm": 0.726, "d6": "tick=245825 goal=0 here=0", "l": [0.89, 0.88, 0.46, 1.63, 0.76, 0.5, 0.92, 1.34, 0.61, 0.67, 0.4, 0.22, 0.21, 0.23, 0.23, 0.46]}
{"t": 42.0, "x": 637, "y": -284, "h": 266.1, "d5": 0.781, "sm": 0.74, "d6": "tick=245846 goal=0 here=0", "l": [0.84, 0.86, 0.48, 1.6, 0.77, 0.54, 0.93, 1.35, 0.62, 0.71, 0.36, 0.23, 0.24, 0.2, 0.3, 0.52]}
{"t": 42.2, "x": 562, "y": -296, "h": 260.5, "d5": 0.792, "sm": 0.753, "d6": "tick=245866 goal=0 here=0", "l": [0.77, 0.8, 0.46, 1.6, 0.76, 0.76, 0.95, 1.41, 0.67, 0.74, 0.3, 0.24, 0.18, 0.18, 0.3, 0.49]}
{"t": 42.4, "x": 484, "y": -301, "h": 266.2, "d5": 0.807, "sm": 0.766, "d6": "tick=245887 goal=0 here=0", "l": [0.71, 0.76, 0.44, 1.58, 0.82, 0.8, 0.98, 1.41, 0.7, 0.78, 0.28, 0.25, 0.15, 0.23, 0.28, 0.46]}
{"t": 42.6, "x": 403, "y": -307, "h": 266.1, "d5": 0.818, "sm": 0.779, "d6": "tick=245908 goal=0 here=0", "l": [0.68, 0.72, 0.41, 1.59, 0.82, 0.86, 1.02, 1.4, 0.73, 0.56, -1.0, 0.2, 0.18, 0.26, 0.29, 0.44]}
{"t": 42.8, "x": 324, "y": -305, "h": 271.4, "d5": 0.82, "sm": 0.789, "d6": "tick=245928 goal=0 here=0", "l": [0.66, 0.71, 0.38, 1.59, 0.82, 0.89, 0.48, 1.43, 0.79, 0.57, 0.29, 0.16, 0.21, 0.24, 0.31, 0.43]}
{"t": 43.0, "x": 248, "y": -301, "h": 272.6, "d5": 0.844, "sm": 0.803, "d6": "tick=245949 goal=0 here=0", "l": [0.62, 0.67, 0.35, 1.8, 0.84, 0.89, 0.53, 1.49, 0.86, 0.44, 0.28, 0.21, 0.23, 0.24, 0.34, 0.59]}
{"t": 43.3, "x": 169, "y": -298, "h": 272.5, "d5": 0.856, "sm": 0.816, "d6": "tick=245970 goal=0 here=0", "l": [0.6, 0.66, 0.33, 0.34, 0.81, 0.88, 0.57, 1.56, 0.89, -1.0, 0.22, 0.21, 0.24, 0.24, 0.35, 0.57]}
{"t": 43.5, "x": 88, "y": -296, "h": 271.6, "d5": 0.865, "sm": 0.829, "d6": "tick=245991 goal=0 here=0", "l": [0.58, 0.6, 0.45, 0.32, 0.81, 0.91, 0.65, 1.59, 0.95, 0.45, 0.24, 0.25, 0.21, 0.24, 0.3, 0.6]}
{"t": 43.7, "x": 9, "y": -288, "h": 275.7, "d5": 0.887, "sm": 0.843, "d6": "tick=246011 goal=0 here=0", "l": [0.55, 0.56, 0.44, 0.3, 0.8, 0.92, 0.67, 1.63, 1.02, 0.47, 0.29, 0.26, 0.22, 0.29, 0.28, 0.58]}
{"t": 43.9, "x": -67, "y": -278, "h": 277.2, "d5": 0.881, "sm": 0.853, "d6": "tick=246032 goal=0 here=0", "l": [0.53, 0.51, 0.41, 0.26, 0.78, 0.92, 0.7, 1.67, 1.07, 0.48, 0.31, 0.22, 0.23, 0.27, 0.27, 0.52]}
{"t": 44.1, "x": -145, "y": -263, "h": 281.3, "d5": 0.898, "sm": 0.864, "d6": "tick=246053 goal=0 here=0", "l": [0.47, 0.47, 0.36, 0.25, 0.31, 0.93, 0.73, 1.69, 1.08, 0.38, 0.34, 0.25, 0.24, 0.27, 0.41, 0.46]}
{"t": 44.3, "x": -234, "y": -250, "h": 277.9, "d5": 0.905, "sm": 0.874, "d6": "tick=246074 goal=0 here=0", "l": [0.45, 0.43, 0.34, 0.27, 0.25, 0.94, 0.76, 1.74, 1.15, 0.38, 0.31, 0.27, 0.25, 0.22, 0.4, 0.42]}
{"t": 44.6, "x": -324, "y": -238, "h": 277.9, "d5": 0.927, "sm": 0.887, "d6": "tick=246099 goal=0 here=0", "l": [0.37, 0.35, 0.27, 0.34, 0.21, 0.32, 0.82, -1.0, 1.19, 0.43, 0.29, 0.25, 0.24, 0.22, 0.34, 0.34]}
{"t": 44.8, "x": -402, "y": -228, "h": 277.4, "d5": 0.932, "sm": 0.899, "d6": "tick=246121 goal=0 here=0", "l": [0.36, 0.31, 0.28, 0.31, 0.23, 0.32, 0.94, 1.8, 1.22, 0.44, 0.34, 0.28, 0.18, 0.29, 0.35, 0.27]}
{"t": 45.7, "x": -414, "y": -231, "h": 1.3, "d5": 0.936, "sm": 0.908, "d6": "tick=246212 goal=0 here=0", "l": [0.27, 0.29, 1.01, 1.85, 1.16, 0.55, 0.34, 0.29, 0.2, 0.23, 0.31, 0.34, 0.3, 0.31, 0.35, 0.3]}
{"t": 46.6, "x": -419, "y": -236, "h": 84.5, "d5": 0.923, "sm": 0.912, "d6": "tick=246303 goal=0 here=0", "l": [1.22, 0.73, 0.41, 0.28, 0.23, 0.2, 0.31, 0.38, 0.28, 0.34, 0.36, 0.29, 0.32, 0.25, 1.02, 0.83]}
{"t": 46.8, "x": -347, "y": -229, "h": 84.7, "d5": 0.922, "sm": 0.914, "d6": "tick=246326 goal=0 here=0", "l": [1.19, 0.75, 0.41, 0.28, 0.27, 0.19, 0.33, 0.42, 0.31, 0.35, 0.42, 0.3, 0.27, 0.26, 1.01, 0.79]}
{"t": 47.0, "x": -268, "y": -217, "h": 81.2, "d5": 0.902, "sm": 0.911, "d6": "tick=246347 goal=0 here=0", "l": [1.16, 0.9, 0.39, 0.27, 0.29, 0.25, 0.35, 0.44, 0.36, 0.39, 0.41, 0.31, 0.23, 0.29, 1.0, 0.76]}
{"t": 47.3, "x": -169, "y": -205, "h": 83.1, "d5": 0.888, "sm": 0.905, "d6": "tick=246368 goal=0 here=0", "l": [1.09, 0.86, 0.37, 0.29, 0.28, 0.27, 0.25, 0.48, 0.41, 0.39, 0.36, 0.33, 0.22, 0.29, 0.96, 0.7]}
{"t": 47.5, "x": -91, "y": -198, "h": 85.2, "d5": 0.881, "sm": 0.899, "d6": "tick=246394 goal=0 here=0", "l": [1.05, 0.8, 0.34, 0.3, 0.25, 0.3, 0.26, 0.5, 0.44, 0.47, 0.36, 0.24, 0.27, 0.8, 0.87, 0.62]}
{"t": 47.7, "x": -13, "y": -197, "h": 89.2, "d5": 0.849, "sm": 0.887, "d6": "tick=246414 goal=0 here=0", "l": [1.0, 0.77, 0.33, 0.33, 0.25, 0.3, 0.29, 0.5, 0.48, 0.48, 0.41, 0.24, 0.24, 0.75, 0.83, 1.75]}
{"t": 48.0, "x": 86, "y": -190, "h": 86.1, "d5": 0.861, "sm": 0.88, "d6": "tick=246440 goal=0 here=0", "l": [0.94, 0.76, 0.38, 0.3, 0.26, 0.29, 0.33, 0.55, 0.53, 0.52, 0.41, 0.27, 2.75, 0.74, 0.67, 1.69]}
{"t": 48.2, "x": 184, "y": -189, "h": 89.4, "d5": 0.855, "sm": 0.874, "d6": "tick=246466 goal=0 here=0", "l": [0.93, 0.94, 0.4, 0.27, 0.29, 0.29, 0.38, 0.57, 0.59, 0.6, 0.31, 0.28, 0.74, 0.83, 0.6, 1.6]}
{"t": 48.5, "x": 283, "y": -184, "h": 86.9, "d5": 0.823, "sm": 0.861, "d6": "tick=246487 goal=0 here=0", "l": [0.87, 0.9, 0.39, 0.25, 0.28, 0.29, 0.39, 0.6, 0.62, 0.64, 0.34, 1.32, 0.75, 0.82, 0.57, 1.57]}
{"t": 48.7, "x": 358, "y": -171, "h": 80.0, "d5": 0.818, "sm": 0.85, "d6": "tick=246512 goal=0 here=0", "l": [0.83, 0.85, 0.53, 0.34, 0.23, 0.29, 0.34, 0.45, 0.7, 0.65, 0.36, 1.13, 0.74, 0.76, 0.55, 1.58]}
{"t": 49.0, "x": 471, "y": -112, "h": 62.4, "d5": 0.793, "sm": 0.836, "d6": "tick=246545 goal=0 here=0", "l": [1.39, 0.74, 0.81, 0.4, 0.33, 0.26, 0.35, 0.42, 0.72, 0.78, 0.59, 0.94, 1.76, 0.7, 0.8, 0.42]}
{"t": 49.3, "x": 558, "y": -60, "h": 59.2, "d5": 0.791, "sm": 0.825, "d6": "tick=246578 goal=0 here=0", "l": [1.48, 0.73, 0.74, 0.54, 0.34, 0.31, 0.28, 0.39, 0.58, 0.76, 0.67, 0.96, 1.43, 0.72, 0.72, 0.43]}
{"t": 49.6, "x": 628, "y": 7, "h": 46.0, "d5": 0.776, "sm": 0.813, "d6": "tick=246609 goal=0 here=0", "l": [1.63, 1.26, 0.65, 0.75, 0.49, 0.36, 0.34, 0.43, -1.0, 0.92, 0.78, 0.86, 1.16, 0.72, 0.71, 0.38]}
{"t": 50.0, "x": 697, "y": 92, "h": 39.5, "d5": 0.763, "sm": 0.8, "d6": "tick=246645 goal=0 here=0", "l": [0.22, 1.29, 0.64, 0.64, 0.57, 0.4, 0.39, 0.36, 0.52, 0.86, 0.92, 0.41, 1.08, 0.69, 0.64, 0.37]}
{"t": 50.9, "x": 700, "y": 100, "h": 120.5, "d5": 0.76, "sm": 0.79, "d6": "tick=246730 goal=0 here=0", "l": [0.75, 0.52, 0.38, 0.36, 0.51, 0.68, 0.89, 0.48, 0.97, 1.45, 0.61, 0.62, 0.3, -1.0, 1.24, 0.59]}
{"t": 51.1, "x": 759, "y": 58, "h": 125.6, "d5": 0.731, "sm": 0.775, "d6": "tick=246758 goal=0 here=0", "l": [0.7, 0.49, 0.35, 0.37, -1.0, 0.69, 0.92, 0.54, 1.01, 1.47, 0.63, 0.67, 0.23, 1.35, 1.2, 0.58]}
{"t": 51.3, "x": 829, "y": 19, "h": 119.1, "d5": 0.722, "sm": 0.762, "d6": "tick=246779 goal=0 here=0", "l": [0.67, 0.45, 0.34, 0.38, 0.37, 0.67, 0.93, 0.77, 1.06, 1.53, 0.64, 0.36, 0.74, 1.3, 1.11, 0.53]}
{"t": 51.6, "x": 899, "y": -21, "h": 120.0, "d5": 0.727, "sm": 0.753, "d6": "tick=246800 goal=0 here=0", "l": [0.63, 0.42, 0.34, 0.33, 0.36, 0.56, 1.05, 0.97, 1.09, 1.53, 0.67, 0.35, 0.75, 1.31, 0.54, 0.48]}
{"t": 51.8, "x": 969, "y": -59, "h": 118.5, "d5": 0.712, "sm": 0.743, "d6": "tick=246821 goal=0 here=0", "l": [0.58, 0.38, 0.33, 0.31, 0.35, 0.53, 0.99, 0.97, 1.12, 1.53, 0.72, 0.3, 0.74, 1.3, 0.53, 0.44]}
{"t": 52.0, "x": 1042, "y": -94, "h": 115.6, "d5": 0.72, "sm": 0.737, "d6": "tick=246842 goal=0 here=0", "l": [0.54, 0.37, 0.34, 0.24, 0.34, 0.38, 0.82, 1.01, 1.14, 1.56, 0.75, 0.74, 0.75, 1.28, 0.5, -1.0]}
{"t": 52.2, "x": 1116, "y": -124, "h": 112.2, "d5": 0.696, "sm": 0.727, "d6": "tick=246863 goal=0 here=0", "l": [0.51, 0.47, 0.31, 0.27, 0.27, 0.37, 0.77, 1.09, 0.66, 1.38, 0.76, 0.59, 0.74, 1.47, 0.47, 0.39]}
{"t": 52.4, "x": 1190, "y": -139, "h": 101.0, "d5": 0.683, "sm": 0.716, "d6": "tick=246883 goal=0 here=0", "l": [0.35, 0.47, 0.28, 0.28, 0.25, 0.31, 0.42, 1.17, 0.96, 1.31, 0.92, 0.55, 0.76, 2.54, 1.04, 0.39]}
{"t": 52.6, "x": 1290, "y": -149, "h": 95.6, "d5": 0.657, "sm": 0.701, "d6": "tick=246909 goal=0 here=0", "l": [0.29, 0.4, 0.37, 0.26, 0.27, 0.27, 0.42, 0.89, 1.12, 1.29, 0.97, 0.54, 0.79, 2.48, 1.11, 0.37]}
{"t": 53.6, "x": 1305, "y": -148, "h": 175.6, "d5": 0.66, "sm": 0.691, "d6": "tick=246999 goal=0 here=0", "l": [0.27, 0.28, 0.32, 0.49, 1.16, 0.76, 1.46, 0.36, 0.78, 0.75, 1.27, 0.37, 0.29, 0.32, 0.41, 0.26]}
{"t": 54.4, "x": 1311, "y": -142, "h": 256.1, "d5": 0.662, "sm": 0.684, "d6": "tick=247082 goal=0 here=0", "l": [1.15, 1.2, 1.32, 0.98, 0.58, 0.73, 2.6, 1.03, 0.33, 0.26, 0.39, 0.34, 0.26, 0.27, 0.27, 0.44]}
{"t": 54.6, "x": 1239, "y": -158, "h": 257.7, "d5": 0.665, "sm": 0.679, "d6": "tick=247105 goal=0 here=0", "l": [1.12, 1.13, 1.29, 0.94, 0.59, 0.75, 2.62, 1.05, 0.37, 0.33, 0.44, 0.29, 0.26, 0.25, 0.28, 0.41]}
{"t": 54.9, "x": 1141, "y": -172, "h": 261.4, "d5": 0.694, "sm": 0.683, "d6": "tick=247131 goal=0 here=0", "l": [1.08, 1.09, 1.25, 0.93, 0.35, 0.8, 2.61, 1.11, 0.4, 0.4, 0.47, 0.27, 0.27, 0.21, 0.27, 0.37]}
{"t": 55.1, "x": 1063, "y": -184, "h": 261.3, "d5": 0.702, "sm": 0.688, "d6": "tick=247152 goal=0 here=0", "l": [1.05, 1.04, 1.21, 0.95, 0.84, 0.84, 2.62, 1.18, 0.46, 0.46, 0.51, 0.28, 0.26, 0.2, 0.3, 0.35]}
{"t": 55.3, "x": 988, "y": -200, "h": 258.5, "d5": 0.715, "sm": 0.694, "d6": "tick=247172 goal=0 here=0", "l": [1.01, 0.98, 1.2, 1.71, 0.85, 0.82, 0.89, 1.24, 0.49, 0.5, 0.49, 0.29, 0.23, 0.21, 0.27, 0.3]}
{"t": 55.5, "x": 909, "y": -212, "h": 260.9, "d5": 0.734, "sm": 0.704, "d6": "tick=247193 goal=0 here=0", "l": [1.02, 0.95, 1.16, 1.69, 0.81, 0.82, 0.89, 1.26, 0.55, 0.56, 0.36, 0.28, 0.2, 0.21, 0.25, 0.44]}
{"t": 55.7, "x": 830, "y": -226, "h": 259.8, "d5": 0.755, "sm": 0.717, "d6": "tick=247214 goal=0 here=0", "l": [0.99, 0.92, 1.12, 1.66, 0.78, 0.46, 0.91, -1.0, 0.54, 0.61, 0.37, 0.23, 0.2, 0.21, 0.23, 0.42]}
{"t": 55.9, "x": 750, "y": -239, "h": 261.1, "d5": 0.758, "sm": 0.727, "d6": "tick=247235 goal=0 here=0", "l": [0.94, 0.88, 0.51, 1.63, 0.76, 0.48, 0.92, 1.32, 0.58, 0.64, 0.35, 0.21, 0.2, 0.22, 0.21, 0.41]}
{"t": 56.1, "x": 674, "y": -245, "h": 265.6, "d5": 0.771, "sm": 0.738, "d6": "tick=247255 goal=0 here=0", "l": [0.89, 0.85, 0.51, 1.6, 0.77, 0.55, 0.95, 1.36, 0.62, 0.67, 0.37, 0.19, 0.22, 0.2, 0.22, 0.43]}
{"t": 56.3, "x": 596, "y": -255, "h": 262.7, "d5": 0.771, "sm": 0.746, "d6": "tick=247276 goal=0 here=0", "l": [0.82, 0.83, 0.49, 1.61, 0.78, 0.56, 0.98, 1.36, 0.64, 0.72, 0.29, 0.21, 0.19, 0.17, 0.29, 0.51]}
{"t": 56.5, "x": 516, "y": -259, "h": 266.8, "d5": 0.785, "sm": 0.756, "d6": "tick=247297 goal=0 here=0", "l": [0.76, 0.78, 0.47, 1.59, 0.8, 0.77, 1.01, 1.38, 0.67, 0.56, 0.24, 0.23, 0.16, 0.19, 0.28, 0.46]}
{"t": 56.7, "x": 435, "y": -262, "h": 268.0, "d5": 0.814, "sm": 0.771, "d6": "tick=247318 goal=0 here=0", "l": [0.71, 0.77, 0.45, 1.61, 0.81, 0.81, 1.05, 1.4, 0.69, 0.53, 0.26, 0.21, 0.15, 0.21, 0.27, 0.45]}
{"t": 56.9, "x": 356, "y": -261, "h": 270.6, "d5": 0.819, "sm": 0.783, "d6": "tick=247339 goal=0 here=0", "l": [0.68, 0.73, 0.42, 1.83, 0.82, 0.81, 1.09, 1.44, 0.76, 0.54, 0.29, 0.17, 0.17, 0.26, 0.29, 0.44]}
{"t": 57.2, "x": 262, "y": -250, "h": 276.6, "d5": 0.81, "sm": 0.789, "d6": "tick=247359 goal=0 here=0", "l": [0.64, 0.71, 0.39, 1.85, 0.82, 0.84, 1.16, 1.49, 0.83, 0.37, 0.24, 0.17, 0.21, 0.22, 0.32, 0.43]}
{"t": 57.4, "x": 184, "y": -245, "h": 273.7, "d5": 0.845, "sm": 0.803, "d6": "tick=247385 goal=0 here=0", "l": [0.63, 0.65, 0.37, 1.84, 0.84, 0.87, 0.53, 1.53, 0.92, 0.37, 0.2, 0.21, 0.22, 0.23, 0.34, 0.59]}
{"t": 57.6, "x": 104, "y": -236, "h": 276.9, "d5": 0.869, "sm": 0.82, "d6": "tick=247406 goal=0 here=0", "l": [0.58, 0.62, 0.35, 0.32, 0.87, 0.94, 0.58, 0.99, 0.97, 0.4, 0.24, 0.24, 0.22, 0.26, 0.32, 0.61]}
{"t": 57.8, "x": 23, "y": -226, "h": 276.5, "d5": 0.866, "sm": 0.831, "d6": "tick=247427 goal=0 here=0", "l": [0.57, 0.59, 0.44, 0.33, 0.84, 0.94, 0.64, 1.0, 1.0, 0.4, 0.27, 0.24, 0.22, 0.29, 0.28, 0.59]}
{"t": 58.0, "x": -51, "y": -213, "h": 280.5, "d5": 0.885, "sm": 0.845, "d6": "tick=247447 goal=0 here=0", "l": [0.53, 0.54, 0.42, 0.29, 0.82, 0.95, 0.7, 1.04, 1.06, 0.36, 0.29, 0.21, 0.23, 0.27, 0.28, 0.54]}
{"t": 58.2, "x": -131, "y": -200, "h": 278.8, "d5": 0.888, "sm": 0.856, "d6": "tick=247468 goal=0 here=0", "l": [0.51, 0.49, 0.41, 0.28, 0.31, 0.94, -1.0, 1.07, 1.08, 0.34, 0.29, 0.23, 0.26, 0.24, 0.41, 0.47]}
{"t": 58.4, "x": -209, "y": -185, "h": 281.1, "d5": 0.909, "sm": 0.869, "d6": "tick=247489 goal=0 here=0", "l": [0.45, 0.45, 0.37, 0.26, 0.29, 0.96, 0.76, 1.11, 1.1, 0.37, 0.3, 0.24, 0.27, 0.23, 0.4, 0.41]}
{"t": 58.7, "x": -302, "y": -169, "h": 280.0, "d5": 0.908, "sm": 0.879, "d6": "tick=247509 goal=0 here=0", "l": [0.41, 0.42, 0.32, 0.28, 0.26, 0.98, 0.8, 1.14, 1.15, 0.4, 0.29, 0.25, 0.23, 0.22, 0.38, 0.34]}
{"t": 58.9, "x": -381, "y": -155, "h": 280.2, "d5": 0.923, "sm": 0.89, "d6": "tick=247535 goal=0 here=0", "l": [0.37, 0.35, 0.29, 0.31, 0.23, 0.33, 0.84, 1.23, 1.2, 0.44, 0.3, 0.29, 0.2, 0.34, 0.4, 0.3]}
{"t": 59.1, "x": -460, "y": -135, "h": 283.8, "d5": 0.933, "sm": 0.901, "d6": "tick=247556 goal=0 here=0", "l": [0.32, 0.29, 0.27, 0.31, 0.23, 0.34, 0.85, 1.22, 1.25, 0.46, 0.3, 0.25, 0.19, 0.3, 0.37, 0.26]}
{"t": 60.1, "x": -474, "y": -136, "h": 6.3, "d5": 0.937, "sm": 0.91, "d6": "tick=247649 goal=0 here=0", "l": [0.25, 0.3, 0.89, 1.86, 1.27, 0.46, 0.33, 0.26, 0.21, 0.31, 0.36, 0.27, 0.31, 0.27, 0.27, 0.28]}
{"t": 61.0, "x": -479, "y": -140, "h": 92.6, "d5": 0.937, "sm": 0.917, "d6": "tick=247741 goal=0 here=0", "l": [1.19, 0.67, 0.37, 0.3, 0.18, 0.29, 0.31, 0.3, 0.28, 0.3, 0.33, 0.26, 0.3, 0.22, 1.06, 0.81]}
{"t": 61.3, "x": -407, "y": -141, "h": 90.7, "d5": 0.916, "sm": 0.916, "d6": "tick=247778 goal=0 here=0", "l": [1.13, 0.65, 0.36, 0.29, 0.25, 0.22, 0.33, 0.35, 0.33, 0.31, 0.36, 0.3, 0.26, 0.27, 1.0, 0.76]}
{"t": 61.5, "x": -328, "y": -139, "h": 88.4, "d5": 0.943, "sm": 0.923, "d6": "tick=247799 goal=0 here=0", "l": [1.1, 0.64, 0.39, 0.29, 0.26, 0.21, 0.36, 0.39, 0.39, 0.34, 0.32, 0.31, 0.22, 0.3, 0.96, 1.8]}
{"t": 61.8, "x": -228, "y": -143, "h": 92.3, "d5": 0.898, "sm": 0.917, "d6": "tick=247825 goal=0 here=0", "l": [1.05, 0.57, 0.35, 0.28, 0.27, 0.25, 0.39, 0.46, 0.43, 0.38, 0.34, 0.32, 0.25, 0.82, 0.92, 1.75]}
{"t": 62.0, "x": -147, "y": -146, "h": 92.4, "d5": 0.896, "sm": 0.912, "d6": "tick=247846 goal=0 here=0", "l": [1.0, 0.56, 0.34, 0.27, 0.27, 0.28, 0.29, 0.52, 0.47, 0.42, 0.35, 0.24, 0.26, 0.81, -1.0, 1.71]}
{"t": 62.2, "x": -69, "y": -152, "h": 94.4, "d5": 0.879, "sm": 0.903, "d6": "tick=247867 goal=0 here=0", "l": [0.96, 0.55, 0.32, 0.3, 0.26, 0.3, 0.27, 0.55, 0.5, 0.5, 0.38, 0.27, 0.28, 0.81, 0.69, 1.68]}
{"t": 62.4, "x": 7, "y": -149, "h": 87.3, "d5": 0.873, "sm": 0.896, "d6": "tick=247887 goal=0 here=0", "l": [-1.0, 0.69, 0.28, 0.3, 0.25, 0.28, 0.32, 0.58, 0.53, 0.53, 0.41, 0.26, 0.8, 0.88, 0.65, 1.62]}
{"t": 62.6, "x": 88, "y": -146, "h": 88.5, "d5": 0.856, "sm": 0.886, "d6": "tick=247908 goal=0 here=0", "l": [0.89, 0.68, 0.29, 0.27, 0.26, 0.3, 0.34, 0.57, 0.57, 0.58, 0.45, 0.29, 0.78, 0.89, 0.63, 1.59]}
{"t": 62.8, "x": 167, "y": -148, "h": 90.9, "d5": 0.842, "sm": 0.875, "d6": "tick=247929 goal=0 here=0", "l": [0.86, 0.67, 0.36, 0.25, 0.26, 0.28, 0.36, 0.59, 0.6, 0.61, 0.31, 0.3, 0.77, 0.85, 0.62, 1.55]}
{"t": 63.0, "x": 244, "y": -145, "h": 87.8, "d5": 0.845, "sm": 0.867, "d6": "tick=247949 goal=0 here=0", "l": [-1.0, 0.66, 0.36, 0.21, 0.27, 0.26, 0.39, 0.6, 0.63, 0.66, 0.35, 1.47, 0.79, 0.84, 0.57, 1.52]}
{"t": 63.3, "x": 347, "y": -127, "h": 80.0, "d5": 0.822, "sm": 0.856, "d6": "tick=247976 goal=0 here=0", "l": [0.85, 0.87, 0.37, 0.28, 0.23, 0.27, 0.31, 0.44, 0.64, 0.66, 0.38, 1.14, 0.78, 0.82, 0.55, 1.6]}
{"t": 63.5, "x": 422, "y": -99, "h": 70.1, "d5": 0.815, "sm": 0.846, "d6": "tick=247997 goal=0 here=0", "l": [1.4, 0.72, 0.57, 0.33, 0.26, 0.24, 0.32, 0.45, 0.73, 0.79, 0.58, 1.01, 1.99, 0.7, 0.72, 1.76]}
{"t": 63.8, "x": 504, "y": -55, "h": 61.9, "d5": 0.793, "sm": 0.833, "d6": "tick=248027 goal=0 here=0", "l": [1.39, 0.72, 0.77, 0.45, 0.32, 0.23, 0.3, 0.38, 0.54, 0.77, 0.62, 0.34, 1.55, 0.74, 0.79, 0.4]}
{"t": 64.0, "x": 572, "y": -13, "h": 58.0, "d5": 0.789, "sm": 0.822, "d6": "tick=248048 goal=0 here=0", "l": [1.43, 0.71, 0.74, 0.49, 0.32, 0.29, 0.27, 0.41, 0.57, 0.79, 0.65, 0.98, 1.53, 0.71, 0.72, 0.36]}
{"t": 64.4, "x": 658, "y": 52, "h": 52.7, "d5": 0.76, "sm": 0.806, "d6": "tick=248083 goal=0 here=0", "l": [1.56, 1.25, 0.61, 0.75, 0.44, 0.34, 0.32, 0.41, 0.6, 0.9, 0.81, 0.95, 1.38, 0.76, 0.71, 0.38]}
{"t": 64.7, "x": 724, "y": 120, "h": 44.4, "d5": 0.768, "sm": 0.797, "d6": "tick=248114 goal=0 here=0", "l": [0.85, 1.22, 0.62, 0.7, 0.5, 0.37, 0.38, 0.33, 0.52, 0.89, 0.86, 0.88, -1.0, 0.73, 0.71, 0.33]}
{"t": 65.0, "x": 780, "y": 197, "h": 36.0, "d5": 0.744, "sm": 0.784, "d6": "tick=248145 goal=0 here=0", "l": [0.7, 1.31, 0.66, 0.57, 0.72, 0.48, 0.38, 0.39, 0.51, 0.71, 0.97, 0.45, 1.06, 0.73, 0.64, 0.31]}
{"t": 65.2, "x": 823, "y": 259, "h": 34.7, "d5": 0.744, "sm": 0.774, "d6": "tick=248165 goal=0 here=0", "l": [0.13, 1.29, 1.14, 0.56, 0.68, 0.51, 0.42, 0.45, 0.54, 0.72, 0.96, 0.7, 1.05, 0.69, 0.6, 0.28]}
{"t": 66.1, "x": 830, "y": 273, "h": 118.4, "d5": 0.746, "sm": 0.767, "d6": "tick=248248 goal=0 here=0", "l": [0.57, 0.58, 0.49, 0.44, 0.44, 0.66, 1.01, 0.57, 1.02, 1.35, 0.56, 0.59, 0.21, 1.53, 1.13, 0.57]}
{"t": 66.1, "x": 829, "y": 273, "h": 115.9, "d5": 0.738, "sm": 0.76, "d6": "tick=248251 goal=0 here=0", "l": [0.59, 0.57, 0.46, 0.43, 0.46, 0.68, 1.02, 0.57, 1.02, 1.39, 0.58, 0.58, 0.21, 1.48, 1.12, 0.57]}
{"t": 67.5, "x": 779, "y": 262, "h": 249.6, "d5": 0.733, "sm": 0.753, "d6": "tick=248395 goal=0 here=0", "l": [1.04, 0.88, 0.94, 1.17, 0.66, 0.62, 0.28, 0.14, 1.21, 0.58, 0.55, 0.67, 0.49, 0.44, 0.41, 0.63]}
{"t": 67.7, "x": 696, "y": 219, "h": 242.6, "d5": 0.749, "sm": 0.752, "d6": "tick=248416 goal=0 here=0", "l": [0.91, 0.86, 0.86, 1.14, 0.69, 0.64, 0.32, 0.2, 1.25, 0.63, 0.63, 0.59, 0.44, 0.44, 0.38, 0.58]}
{"t": 67.9, "x": 636, "y": 189, "h": 243.0, "d5": 0.777, "sm": 0.758, "d6": "tick=248437 goal=0 here=0", "l": [0.9, 0.83, 0.82, 1.09, 0.69, 0.6, 0.55, 0.29, 1.28, 0.65, 0.68, 0.58, 0.42, -1.0, 0.37, 0.55]}
{"t": 68.1, "x": 578, "y": 163, "h": 245.6, "d5": 0.773, "sm": 0.762, "d6": "tick=248458 goal=0 here=0", "l": [0.84, 0.82, 0.4, 1.02, 1.73, 0.58, 0.6, 0.35, 1.36, 0.7, 0.71, 0.56, 0.39, 0.39, 0.4, 0.51]}
{"t": 68.3, "x": 524, "y": 135, "h": 243.3, "d5": 0.779, "sm": 0.766, "d6": "tick=248478 goal=0 here=0", "l": [0.8, 0.83, 0.38, 0.96, 1.73, 0.6, 0.67, 0.37, 1.4, 0.73, 0.74, 0.57, 0.4, -1.0, 0.39, 0.49]}
{"t": 68.6, "x": 456, "y": 93, "h": 238.3, "d5": 0.811, "sm": 0.777, "d6": "tick=248504 goal=0 here=0", "l": [0.76, 0.8, 0.38, 0.9, 1.47, 0.67, 0.69, 0.41, 1.47, 0.75, 0.8, 0.57, 0.41, 0.32, 0.4, 0.49]}
{"t": 68.9, "x": 392, "y": 61, "h": 243.1, "d5": 0.81, "sm": 0.786, "d6": "tick=248537 goal=0 here=0", "l": [0.76, 0.78, 0.38, 0.9, 1.71, 0.67, 0.73, 0.46, 1.42, 0.8, 0.85, 0.47, 0.36, 0.3, 0.38, 0.5]}
{"t": 69.1, "x": 331, "y": 37, "h": 248.4, "d5": 0.814, "sm": 0.793, "d6": "tick=248557 goal=0 here=0", "l": [0.72, 0.74, 0.52, 0.28, 1.49, 0.72, 0.77, -1.0, 1.46, 0.83, 0.88, 0.45, 0.36, 0.31, 0.36, 0.48]}
{"t": 69.3, "x": 275, "y": 13, "h": 246.3, "d5": 0.838, "sm": 0.804, "d6": "tick=248578 goal=0 here=0", "l": [0.67, 0.69, 0.52, 0.31, 1.43, 0.73, 0.77, 0.53, 1.52, 0.84, 0.89, 0.41, 0.31, 0.33, 0.33, 0.46]}
{"t": 69.5, "x": 218, "y": -15, "h": 244.2, "d5": 0.839, "sm": 0.813, "d6": "tick=248599 goal=0 here=0", "l": [0.67, 0.68, 0.52, 0.28, 1.36, 0.72, 0.79, 0.55, 1.55, 0.88, 0.93, 0.42, 0.31, 0.3, 0.32, 0.44]}
{"t": 69.8, "x": 159, "y": -40, "h": 247.3, "d5": 0.845, "sm": 0.821, "d6": "tick=248620 goal=0 here=0", "l": [0.58, 0.6, 0.6, 0.3, 0.26, 0.75, 0.82, 0.59, 1.61, 0.94, 0.93, 0.42, 0.26, 0.31, 0.31, 0.4]}
{"t": 70.0, "x": 103, "y": -72, "h": 240.1, "d5": 0.838, "sm": 0.825, "d6": "tick=248641 goal=0 here=0", "l": [0.55, 0.56, 0.57, 0.45, 0.26, 2.79, 0.77, 0.61, 1.67, 0.93, 0.97, 0.42, 0.27, 0.29, 0.3, 0.35]}
{"t": 70.5, "x": 38, "y": -96, "h": 251.1, "d5": 0.863, "sm": 0.835, "d6": "tick=248693 goal=0 here=0", "l": [0.61, 0.58, 0.48, 0.28, 0.28, 0.77, 0.87, 0.63, 1.57, 0.93, 0.5, 0.29, 0.31, 0.27, 0.32, 0.33]}
{"t": 71.3, "x": 32, "y": -102, "h": 329.2, "d5": 0.868, "sm": 0.843, "d6": "tick=248776 goal=0 here=0", "l": [0.27, 2.81, 0.76, 0.83, 1.71, 1.0, 1.0, 0.42, 0.27, 0.28, 0.29, 0.34, 0.51, 0.51, 0.54, 0.42]}
{"t": 72.1, "x": 31, "y": -107, "h": 47.7, "d5": 0.866, "sm": 0.849, "d6": "tick=248854 goal=0 here=0", "l": [0.65, 1.57, 0.94, 0.49, 0.28, 0.28, 0.25, 0.31, 0.31, 0.62, 0.59, 0.58, 0.28, 0.27, 0.77, 0.88]}
{"t": 72.3, "x": 86, "y": -64, "h": 51.9, "d5": 0.864, "sm": 0.853, "d6": "tick=248876 goal=0 here=0", "l": [0.59, 1.54, 0.9, 0.6, 0.31, 0.29, 0.27, 0.34, 0.36, 0.63, 0.59, 0.44, 0.25, 0.27, 0.77, 0.84]}
{"t": 72.5, "x": 148, "y": -14, "h": 50.9, "d5": 0.837, "sm": 0.849, "d6": "tick=248897 goal=0 here=0", "l": [0.57, 1.49, 0.86, 0.66, 0.39, 0.3, 0.3, 0.34, 0.39, 0.64, 0.62, 0.46, 0.25, 1.74, 0.75, 0.81]}
{"t": 72.7, "x": 206, "y": 39, "h": 48.1, "d5": 0.83, "sm": 0.844, "d6": "tick=248918 goal=0 here=0", "l": [0.51, 1.45, 0.82, 0.7, 0.43, 0.32, 0.34, 0.38, 0.44, 0.67, 0.61, 0.45, 0.25, 1.84, 0.72, 0.78]}
{"t": 72.9, "x": 265, "y": 88, "h": 50.1, "d5": 0.845, "sm": 0.844, "d6": "tick=248938 goal=0 here=0", "l": [0.48, 1.42, 0.81, 0.71, 0.44, 0.31, 0.36, 0.4, 0.48, 0.68, 0.6, 0.3, 0.88, 1.86, 0.66, 0.74]}
{"t": 73.1, "x": 324, "y": 142, "h": 47.7, "d5": 0.822, "sm": 0.839, "d6": "tick=248959 goal=0 here=0", "l": [0.45, 1.4, 0.82, 0.9, 0.44, 0.37, 0.38, 0.42, 0.5, 0.72, 0.63, 0.28, 1.0, 1.85, 0.61, 0.73]}
{"t": 73.5, "x": 441, "y": 241, "h": 49.8, "d5": 0.774, "sm": 0.823, "d6": "tick=248999 goal=0 here=0", "l": [0.38, 1.35, 0.78, 0.85, 0.59, 0.45, 0.41, 0.48, 0.59, 0.72, 0.71, 0.76, 1.05, 0.62, 0.55, 0.65]}
{"t": 73.7, "x": 492, "y": 296, "h": 42.7, "d5": 0.782, "sm": 0.812, "d6": "tick=249019 goal=0 here=0", "l": [0.35, 0.29, 1.26, 0.71, 0.67, 0.47, 0.44, 0.5, 0.63, 0.89, 0.72, 0.73, 0.95, 1.64, 0.55, 0.59]}
{"t": 74.7, "x": 498, "y": 311, "h": 127.5, "d5": 0.793, "sm": 0.808, "d6": "tick=249117 goal=0 here=0", "l": [0.73, 0.51, 0.45, 0.5, 0.65, 0.92, 0.75, 0.72, 0.9, 1.61, 0.53, 0.59, 0.33, 0.3, 1.27, 0.7]}
{"t": 75.0, "x": 557, "y": 268, "h": 126.1, "d5": 0.788, "sm": 0.803, "d6": "tick=249140 goal=0 here=0", "l": [0.75, 0.48, 0.45, 0.44, 0.58, 0.86, 0.81, 0.75, 0.94, 1.65, 0.55, 0.59, 0.32, 0.24, 1.23, 0.68]}
{"t": 75.2, "x": 638, "y": 209, "h": 126.1, "d5": 0.772, "sm": 0.795, "d6": "tick=249166 goal=0 here=0", "l": [0.76, 0.46, 0.43, 0.39, 0.55, 0.83, 0.88, 0.4, 0.96, 1.68, 0.56, 0.64, 0.32, 1.38, 1.2, 0.64]}
{"t": 75.4, "x": 704, "y": 165, "h": 123.9, "d5": 0.756, "sm": 0.785, "d6": "tick=249186 goal=0 here=0", "l": [0.74, 0.45, 0.37, 0.37, 0.49, 0.66, 0.88, 0.47, 1.03, 1.53, 0.59, 0.59, 0.27, 1.36, 0.76, 0.59]}
{"t": 75.6, "x": 767, "y": 120, "h": 125.2, "d5": 0.742, "sm": 0.774, "d6": "tick=249207 goal=0 here=0", "l": [0.69, 0.43, 0.32, 0.36, 0.49, 0.69, 0.89, 0.53, 1.04, 1.74, 0.65, 0.39, 0.76, 1.35, 0.61, 0.56]}
{"t": 75.8, "x": 834, "y": 77, "h": 123.0, "d5": 0.745, "sm": 0.767, "d6": "tick=249228 goal=0 here=0", "l": [0.66, 0.43, 0.31, 0.35, 0.33, -1.0, 0.93, 0.77, 1.06, 1.58, 0.67, 0.35, 0.78, 1.33, 0.57, 0.53]}
{"t": 76.0, "x": 901, "y": 35, "h": 121.9, "d5": 0.722, "sm": 0.756, "d6": "tick=249249 goal=0 here=0", "l": [0.63, 0.42, 0.31, 0.31, 0.35, 0.56, 1.02, 0.97, 1.11, 1.58, 0.71, 0.35, 0.75, 1.32, 0.55, 0.5]}
{"t": 77.8, "x": 628, "y": 186, "h": 43.7, "d5": 0.787, "sm": 0.764, "d6": "tick=249421 goal=0 here=0", "l": [0.32, 1.37, 0.69, 0.61, 0.64, 0.44, 0.42, 0.37, 0.52, 0.85, 0.9, 0.4, 0.99, 1.71, 0.57, 0.59]}
{"t": 78.0, "x": 671, "y": 243, "h": 36.7, "d5": 0.769, "sm": 0.765, "d6": "tick=249442 goal=0 here=0", "l": [0.28, 1.34, 1.2, 0.61, 0.76, 0.54, 0.42, 0.4, 0.54, 0.74, 0.93, 0.83, 0.98, 1.68, 0.55, 0.59]}
{"t": 78.9, "x": 675, "y": 254, "h": 120.7, "d5": 0.795, "sm": 0.772, "d6": "tick=249536 goal=0 here=0", "l": [0.78, 0.57, 0.42, 0.42, 0.53, 0.68, 0.86, 0.47, 0.95, 1.34, 0.59, 0.6, 0.29, 0.19, 1.18, 0.67]}
{"t": 79.1, "x": 738, "y": 218, "h": 120.3, "d5": 0.767, "sm": 0.771, "d6": "tick=249559 goal=0 here=0", "l": [0.7, 0.54, 0.4, 0.42, 0.49, 0.72, 0.9, 0.49, 0.99, 1.38, 0.58, 0.6, 0.27, 1.5, 1.17, 0.63]}
{"t": 79.4, "x": 809, "y": 179, "h": 118.6, "d5": 0.752, "sm": 0.766, "d6": "tick=249580 goal=0 here=0", "l": [0.67, 0.5, 0.41, 0.42, 0.42, 0.69, 0.97, 0.56, 1.04, 1.41, 0.59, 0.61, 0.19, 1.48, 1.15, -1.0]}
{"t": 79.6, "x": 878, "y": 142, "h": 118.6, "d5": 0.743, "sm": 0.76, "d6": "tick=249601 goal=0 here=0", "l": [0.65, 0.47, 0.38, 0.38, 0.4, 0.64, 1.01, 0.83, 1.05, 1.52, 0.63, 0.3, 0.7, 1.31, 1.15, 0.53]}
{"t": 79.8, "x": 965, "y": 94, "h": 118.9, "d5": 0.739, "sm": 0.755, "d6": "tick=249622 goal=0 here=0", "l": [0.6, 0.44, 0.37, 0.35, 0.39, 0.6, 1.08, 0.99, 1.08, 1.53, 0.66, 0.25, 0.7, 1.26, 1.1, 0.49]}
{"t": 80.0, "x": 1031, "y": 58, "h": 118.5, "d5": 0.728, "sm": 0.748, "d6": "tick=249647 goal=0 here=0", "l": [0.56, 0.4, 0.38, 0.33, 0.4, 0.58, 1.1, 1.02, 1.14, 1.63, 0.69, 0.68, 0.68, 1.24, 0.48, 0.43]}
{"t": 80.2, "x": 1104, "y": 22, "h": 116.0, "d5": 0.713, "sm": 0.74, "d6": "tick=249668 goal=0 here=0", "l": [0.45, 0.51, 0.36, 0.31, 0.33, 0.41, 0.84, 1.1, 1.09, 1.4, 0.73, 0.69, 0.7, 1.42, 1.04, 0.4]}
{"t": 80.4, "x": 1183, "y": 3, "h": 103.6, "d5": 0.696, "sm": 0.729, "d6": "tick=249689 goal=0 here=0", "l": [0.33, 0.49, 0.34, 0.34, 0.28, 0.4, 0.62, 1.12, 0.74, 1.37, 0.83, 0.52, 0.72, 2.51, 1.05, 0.39]}
{"t": 80.7, "x": 1264, "y": -4, "h": 95.2, "d5": 0.678, "sm": 0.716, "d6": "tick=249710 goal=0 here=0", "l": [0.3, 0.42, 0.43, 0.31, 0.33, 0.33, 0.46, 1.14, 1.15, 1.28, 0.91, 0.51, 0.73, 2.46, 1.08, 0.36]}
{"t": 81.5, "x": 1274, "y": -1, "h": 175.0, "d5": 0.686, "sm": 0.708, "d6": "tick=249792 goal=0 here=0", "l": [0.3, 0.31, 0.43, 0.72, 1.2, 1.16, 1.44, 0.34, 0.73, 0.68, 1.39, 0.38, 0.32, 0.29, 0.44, 0.3]}
{"t": 82.2, "x": 1278, "y": 3, "h": 254.0, "d5": 0.696, "sm": 0.705, "d6": "tick=249865 goal=0 here=0", "l": [0.9, 1.15, 1.26, 0.94, 0.51, 0.74, 0.73, 1.2, 0.36, 0.3, 0.37, 0.46, 0.3, 0.32, 0.31, 0.45]}
{"t": 82.4, "x": 1205, "y": -23, "h": 250.5, "d5": 0.705, "sm": 0.705, "d6": "tick=249888 goal=0 here=0", "l": [0.87, 1.12, 1.25, 1.67, 0.3, 0.76, 0.76, 1.19, 0.41, 0.33, 0.43, 0.44, 0.3, 0.3, 0.28, 0.43]}
{"t": 82.6, "x": 1131, "y": -53, "h": 247.7, "d5": 0.725, "sm": 0.71, "d6": "tick=249908 goal=0 here=0", "l": [0.82, 1.11, 1.16, 1.6, 0.77, 0.75, 0.73, 1.24, 0.45, 0.37, 0.48, 0.4, 0.32, 0.27, 0.28, 0.39]}
{"t": 82.8, "x": 1061, "y": -80, "h": 248.9, "d5": 0.734, "sm": 0.716, "d6": "tick=249929 goal=0 here=0", "l": [0.75, 1.08, 1.08, 1.39, 0.75, 0.74, 0.76, 1.3, 0.48, 0.39, 0.53, 0.34, 0.3, 0.23, 0.26, 0.34]}
{"t": 83.1, "x": 987, "y": -111, "h": 247.7, "d5": 0.75, "sm": 0.725, "d6": "tick=249950 goal=0 here=0", "l": [0.7, -1.0, 0.65, 1.35, 0.81, 0.32, 0.8, 1.51, 0.54, 0.41, 0.54, 0.33, 0.28, 0.22, 0.25, 0.3]}
{"t": 83.3, "x": 897, "y": -151, "h": 245.8, "d5": 0.758, "sm": 0.733, "d6": "tick=249971 goal=0 here=0", "l": [0.67, 0.96, 0.63, 1.36, 0.88, 0.5, 0.82, -1.0, 0.57, 0.45, 0.59, 0.33, 0.25, 0.22, 0.26, 0.3]}
{"t": 84.2, "x": 888, "y": -157, "h": 332.0, "d5": 0.745, "sm": 0.736, "d6": "tick=250059 goal=0 here=0", "l": [1.69, 0.82, 0.83, 0.88, 1.26, 0.55, 0.57, 0.39, 0.3, 0.2, 0.23, 0.26, 0.44, 1.01, 0.96, 1.13]}
{"t": 84.4, "x": 841, "y": -84, "h": 327.2, "d5": 0.755, "sm": 0.741, "d6": "tick=250082 goal=0 here=0", "l": [1.66, 0.8, 0.35, 0.87, 1.27, 0.57, 0.57, 0.41, 0.31, 0.24, 0.28, 0.28, 0.49, 0.97, 0.94, 1.1]}
{"t": 84.6, "x": 800, "y": -14, "h": 329.4, "d5": 0.777, "sm": 0.75, "d6": "tick=250108 goal=0 here=0", "l": [1.59, 0.71, 0.4, 0.78, 1.34, 0.61, 0.57, 0.58, 0.39, 0.28, 0.32, 0.29, 0.58, 0.92, 0.83, 1.08]}
{"t": 84.8, "x": 760, "y": 54, "h": 329.2, "d5": 0.777, "sm": 0.757, "d6": "tick=250129 goal=0 here=0", "l": [1.54, 0.65, 0.38, 0.76, 1.39, 0.62, 0.55, 0.67, 0.42, 0.32, 0.34, 0.4, 0.67, 0.88, 0.76, 1.04]}
{"t": 85.0, "x": 713, "y": 119, "h": 324.6, "d5": 0.802, "sm": 0.768, "d6": "tick=250150 goal=0 here=0", "l": [1.44, 0.64, 0.67, 0.3, 1.36, 1.22, 0.58, 0.72, 0.48, 0.33, 0.37, 0.47, 0.66, 0.86, 0.71, 1.0]}
{"t": 85.3, "x": 665, "y": 178, "h": 320.6, "d5": 0.798, "sm": 0.775, "d6": "tick=250170 goal=0 here=0", "l": [1.31, 0.69, 0.65, -1.0, 0.22, 1.21, 0.66, 0.74, 0.53, 0.39, 0.4, 0.49, 0.66, 0.9, 0.83, 0.94]}
{"t": 85.7, "x": 543, "y": 290, "h": 312.5, "d5": 0.808, "sm": 0.784, "d6": "tick=250213 goal=0 here=0", "l": [0.99, 1.64, 0.52, 0.59, 0.31, 0.25, 1.22, 0.7, 0.69, 0.46, 0.45, 0.5, 0.64, 0.94, 0.77, 0.76]}
{"t": 85.9, "x": 474, "y": 334, "h": 303.0, "d5": 0.817, "sm": 0.792, "d6": "tick=250234 goal=0 here=0", "l": [0.88, 1.33, 0.57, 0.61, 0.5, 0.31, 1.31, 0.76, 0.89, 0.58, 0.51, 0.51, 0.61, 0.83, 0.78, 0.75]}
{"t": 86.1, "x": 408, "y": 377, "h": 303.0, "d5": 0.844, "sm": 0.805, "d6": "tick=250255 goal=0 here=0", "l": [0.79, 1.18, 0.55, 0.49, 0.58, 0.34, 0.3, 0.78, 0.9, 0.66, 0.52, 0.51, -1.0, 0.81, 0.81, 0.45]}
{"t": 86.3, "x": 335, "y": 411, "h": 294.7, "d5": 0.86, "sm": 0.819, "d6": "tick=250276 goal=0 here=0", "l": [0.74, 0.94, 1.74, 0.48, 0.6, 0.47, 0.37, 0.89, 0.85, 0.71, 0.55, 0.52, 0.57, 0.8, 0.78, 0.39]}
{"t": 86.5, "x": 259, "y": 436, "h": 288.6, "d5": 0.868, "sm": 0.831, "d6": "tick=250296 goal=0 here=0", "l": [0.62, 0.77, 1.31, 0.5, 0.52, 0.55, 0.38, 0.36, 0.85, 0.78, 0.59, 0.52, 0.58, 0.64, 0.72, 0.36]}
{"t": 86.7, "x": 183, "y": 450, "h": 280.2, "d5": 0.891, "sm": 0.846, "d6": "tick=250317 goal=0 here=0", "l": [0.55, 0.71, 1.06, 0.48, 0.45, 0.58, 0.42, 0.42, 0.92, 1.02, 0.61, 0.54, 0.56, 0.62, 0.68, 0.15]}
{"t": 87.7, "x": 168, "y": 449, "h": 4.0, "d5": 0.893, "sm": 0.858, "d6": "tick=250408 goal=0 here=0", "l": [0.51, 0.57, 0.55, 0.43, 0.93, 1.01, 0.72, 0.54, 0.55, 0.64, 0.78, 0.69, 0.59, 0.65, 0.85, 1.66]}
{"t": 87.9, "x": 162, "y": 519, "h": 355.1, "d5": 0.898, "sm": 0.868, "d6": "tick=250430 goal=0 here=0", "l": [0.45, 0.42, 0.6, 0.39, 0.43, 0.91, 0.84, 0.65, 0.61, 0.64, 0.78, 0.14, 0.6, 0.62, 0.78, -1.0]}
{"t": 88.1, "x": 161, "y": 600, "h": 359.4, "d5": 0.893, "sm": 0.874, "d6": "tick=250451 goal=0 here=0", "l": [0.42, 0.39, 0.57, 0.41, 0.43, 0.94, 0.86, 0.66, 0.64, 0.68, 0.82, 0.32, 0.58, 0.64, 0.79, 1.42]}
{"t": 88.3, "x": 155, "y": 681, "h": 355.6, "d5": 0.868, "sm": 0.873, "d6": "tick=250471 goal=0 here=0", "l": [0.36, 0.35, 0.51, 0.49, 0.42, 0.94, 0.93, 0.74, 0.69, 0.73, 0.2, 0.35, 0.55, 0.62, 0.77, 1.41]}
{"t": 88.5, "x": 150, "y": 758, "h": 356.6, "d5": 0.888, "sm": 0.876, "d6": "tick=250493 goal=0 here=0", "l": [0.34, 0.32, 0.48, 0.48, 0.38, 0.41, 1.12, 0.77, 0.74, 0.76, 0.27, 0.38, 0.55, 0.6, 0.74, 1.34]}
{"t": 88.7, "x": 145, "y": 838, "h": 355.8, "d5": 0.884, "sm": 0.878, "d6": "tick=250514 goal=0 here=0", "l": [0.28, 0.28, 0.41, 0.46, 0.4, 0.45, 1.17, 0.8, 0.75, 0.81, 0.35, 0.37, 0.54, 0.6, 0.72, 1.28]}
{"t": 89.7, "x": 139, "y": 853, "h": 79.3, "d5": 0.894, "sm": 0.882, "d6": "tick=250608 goal=0 here=0", "l": [0.43, 0.44, 1.15, 0.87, 0.74, 0.79, 0.33, 0.39, 0.56, 0.59, 0.74, 1.03, 0.26, 0.3, -1.0, 0.47]}
{"t": 89.9, "x": 212, "y": 862, "h": 82.3, "d5": 0.873, "sm": 0.88, "d6": "tick=250636 goal=0 here=0", "l": [0.39, 0.39, 1.12, 0.87, 0.73, 0.8, 0.3, 0.42, 0.57, 0.62, 0.75, 1.09, 0.28, 0.26, 0.38, 0.47]}
{"t": 90.2, "x": 310, "y": 874, "h": 83.4, "d5": 0.854, "sm": 0.873, "d6": "tick=250662 goal=0 here=0", "l": [0.37, 0.35, 0.96, 0.93, 0.74, 0.78, 0.29, 0.45, 0.6, 0.66, 0.77, 1.29, 0.28, 0.24, 0.35, 0.4]}
{"t": 90.4, "x": 386, "y": 891, "h": 77.1, "d5": 0.854, "sm": 0.869, "d6": "tick=250683 goal=0 here=0", "l": [0.32, 0.28, 0.36, 0.92, 0.8, 0.79, 0.87, 0.48, 0.67, 0.7, 0.8, 0.31, 0.27, 0.21, 0.34, 0.36]}
{"t": 91.2, "x": 398, "y": 897, "h": 156.1, "d5": 0.832, "sm": 0.859, "d6": "tick=250762 goal=0 here=0", "l": [0.8, 0.71, 0.86, 0.37, 0.7, 0.68, 0.71, 0.99, 0.29, 0.21, 0.29, 0.35, 0.33, 0.25, 0.33, 1.1]}
{"t": 91.4, "x": 425, "y": 831, "h": 157.4, "d5": 0.836, "sm": 0.854, "d6": "tick=250785 goal=0 here=0", "l": [0.79, 0.7, 0.81, 0.98, 0.51, 0.68, 0.74, 1.02, 0.33, 0.24, 0.34, 0.39, 0.33, -1.0, 0.31, 1.05]}
{"t": 91.6, "x": 460, "y": 757, "h": 154.7, "d5": 0.835, "sm": 0.849, "d6": "tick=250806 goal=0 here=0", "l": [0.76, 0.66, 0.76, 0.99, 0.52, 0.69, 0.74, 1.05, 0.35, 0.27, 0.37, 0.37, 0.32, 0.24, 0.32, 1.0]}
{"t": 91.9, "x": 505, "y": 674, "h": 152.0, "d5": 0.816, "sm": 0.841, "d6": "tick=250826 goal=0 here=0", "l": [0.75, 0.67, 0.72, 0.91, 0.33, 0.74, 0.78, 0.92, 0.39, 0.32, 0.41, 0.37, 0.24, 0.23, 0.27, 0.98]}
{"t": 92.1, "x": 539, "y": 601, "h": 154.9, "d5": 0.815, "sm": 0.834, "d6": "tick=250852 goal=0 here=0", "l": [0.69, 0.62, 0.67, 0.77, 0.88, 0.79, 0.81, 0.97, 0.45, 0.34, 0.43, 0.37, 0.22, 0.24, 0.23, 0.93]}
{"t": 92.3, "x": 571, "y": 527, "h": 156.2, "d5": 0.812, "sm": 0.829, "d6": "tick=250873 goal=0 here=0", "l": [0.65, 0.6, 0.66, -1.0, 0.88, 0.54, 0.84, 0.98, 0.5, 0.4, 0.46, 0.24, 0.21, 0.21, 0.71, -1.0]}
{"t": 92.5, "x": 604, "y": 456, "h": 155.7, "d5": 0.799, "sm": 0.821, "d6": "tick=250894 goal=0 here=0", "l": [0.59, 0.56, 0.59, 0.76, 0.9, 0.54, 0.86, 1.01, 0.54, 0.47, 0.51, 0.23, 0.25, 0.2, 0.71, 0.86]}
{"t": 92.7, "x": 642, "y": 369, "h": 156.0, "d5": 0.785, "sm": 0.812, "d6": "tick=250914 goal=0 here=0", "l": [0.55, 0.51, 0.56, 0.72, 0.91, 0.41, 0.89, 1.07, 0.59, 0.52, 0.46, 0.23, 0.18, 1.18, 0.65, 0.78]}
{"t": 93.0, "x": 675, "y": 294, "h": 156.4, "d5": 0.764, "sm": 0.8, "d6": "tick=250940 goal=0 here=0", "l": [0.48, 0.48, 0.53, 0.72, 0.94, 0.47, 0.91, 1.1, 0.6, 0.61, 0.28, 0.23, 1.25, 0.64, 0.62, 0.63]}
{"t": 93.2, "x": 705, "y": 221, "h": 157.7, "d5": 0.751, "sm": 0.788, "d6": "tick=250961 goal=0 here=0", "l": [0.44, 0.43, 0.46, 0.64, 0.98, 0.87, 0.94, 1.13, 0.68, 0.61, 0.29, 0.18, 1.23, 0.63, 0.64, 0.57]}
{"t": 93.4, "x": 731, "y": 146, "h": 161.0, "d5": 0.737, "sm": 0.775, "d6": "tick=250982 goal=0 here=0", "l": [0.38, 0.41, 0.38, 0.6, 0.98, 0.86, 0.97, 1.17, 0.68, 0.65, 0.3, 1.58, 1.15, 0.6, 0.69, 0.51]}
{"t": 93.7, "x": 771, "y": 62, "h": 154.5, "d5": 0.733, "sm": 0.765, "d6": "tick=251012 goal=0 here=0", "l": [0.38, 0.32, 0.35, 0.49, 0.7, 0.95, 0.51, 1.17, 0.76, 0.73, 0.33, 0.83, 1.24, 0.61, 0.6, 0.5]}
{"t": 94.0, "x": 825, "y": -17, "h": 145.5, "d5": 0.726, "sm": 0.755, "d6": "tick=251043 goal=0 here=0", "l": [0.39, 0.28, 0.3, 0.31, 0.56, 0.97, 0.92, 1.08, 1.59, -1.0, 0.38, 0.79, 1.33, 0.59, 0.51, 0.61]}
{"t": 94.9, "x": 834, "y": -24, "h": 231.9, "d5": 0.689, "sm": 0.738, "d6": "tick=251132 goal=0 here=0", "l": [0.48, 0.91, 0.92, 0.99, 1.29, 0.75, 0.7, 0.76, 1.53, 1.19, 0.49, 0.62, 0.41, 0.29, 0.3, 0.31]}
{"t": 95.1, "x": 784, "y": -76, "h": 223.8, "d5": 0.702, "sm": 0.729, "d6": "tick=251155 goal=0 here=0", "l": [0.45, 0.69, 0.95, 0.55, 1.26, 0.84, 0.77, 0.82, 1.59, 1.21, 0.54, 0.65, 0.42, 0.27, 0.28, 0.28]}
{"t": 96.0, "x": 776, "y": -89, "h": 311.7, "d5": 0.684, "sm": 0.718, "d6": "tick=251247 goal=0 here=0", "l": [1.09, 1.85, 0.73, 0.41, 0.88, 1.27, 0.59, 0.62, 0.42, 0.3, 0.25, 0.29, 0.29, 0.61, 0.89, 0.77]}
{"t": 96.2, "x": 720, "y": -49, "h": 305.8, "d5": 0.71, "sm": 0.716, "d6": "tick=251269 goal=0 here=0", "l": [1.06, 1.61, 0.7, 0.43, 0.86, 1.32, 0.64, 0.62, 0.45, 0.31, 0.28, 0.28, 0.42, 0.64, 0.87, 0.73]}
{"t": 96.5, "x": 643, "y": 12, "h": 308.1, "d5": 0.728, "sm": 0.719, "d6": "tick=251290 goal=0 here=0", "l": [1.02, 1.54, 0.66, 0.66, 0.84, 1.4, 0.67, 0.65, 0.5, 0.35, 0.3, 0.29, 0.42, 0.59, 0.87, 0.7]}
{"t": 96.7, "x": 575, "y": 58, "h": 304.6, "d5": 0.73, "sm": 0.722, "d6": "tick=251316 goal=0 here=0", "l": [0.95, 1.49, 0.68, 0.68, 0.36, 1.43, 0.69, 0.67, 0.55, 0.37, 0.36, 0.32, 0.44, 0.6, 0.82, 0.64]}
{"t": 96.9, "x": 512, "y": 105, "h": 306.4, "d5": 0.747, "sm": 0.728, "d6": "tick=251337 goal=0 here=0", "l": [0.92, 1.38, 0.68, 0.7, 0.41, 1.44, 1.27, 0.67, 0.62, 0.43, 0.39, 0.34, 0.44, 0.6, 0.79, 0.44]}
{"t": 97.1, "x": 447, "y": 146, "h": 302.5, "d5": 0.751, "sm": 0.734, "d6": "tick=251357 goal=0 here=0", "l": [0.88, 1.29, 0.66, 0.69, 0.44, 0.34, 1.37, -1.0, 0.79, 0.45, 0.42, 0.41, 0.47, 0.62, 0.76, 0.39]}
{"t": 97.3, "x": 375, "y": 184, "h": 297.5, "d5": 0.763, "sm": 0.741, "d6": "tick=251378 goal=0 here=0", "l": [0.8, 1.03, 0.61, 0.57, 0.6, 0.39, 1.36, 0.79, 0.89, 0.5, 0.41, 0.42, 0.49, 0.61, 0.74, 0.54]}
{"t": 97.8, "x": 229, "y": 257, "h": 296.7, "d5": 0.796, "sm": 0.755, "d6": "tick=251421 goal=0 here=0", "l": [0.62, 0.83, 1.6, 0.59, 0.65, 0.57, 0.43, 0.87, 0.96, 0.6, 0.48, 0.48, 0.5, 0.66, 0.65, 0.61]}
{"t": 98.0, "x": 153, "y": 282, "h": 288.0, "d5": 0.799, "sm": 0.766, "d6": "tick=251442 goal=0 here=0", "l": [0.17, 0.74, 1.28, 0.57, 0.51, 0.62, 0.47, 1.43, 0.94, 0.74, 0.52, 0.49, 0.5, 0.57, 0.64, 0.58]}
{"t": 98.9, "x": 141, "y": 282, "h": 12.2, "d5": 0.781, "sm": 0.77, "d6": "tick=251534 goal=0 here=0", "l": [0.56, 0.67, 0.46, 0.44, 0.89, 0.79, 0.56, 0.48, 0.49, 0.54, 0.75, 0.61, 0.16, 0.68, 0.92, 2.62]}
{"t": 99.1, "x": 158, "y": 352, "h": 13.4, "d5": 0.785, "sm": 0.773, "d6": "tick=251556 goal=0 here=0", "l": [0.5, 0.66, 0.44, 0.43, 0.87, 0.81, 0.58, 0.5, 0.55, 0.57, 0.66, 0.22, 0.57, 0.7, 1.12, 0.51]}
{"t": 99.3, "x": 176, "y": 430, "h": 13.4, "d5": 0.778, "sm": 0.775, "d6": "tick=251577 goal=0 here=0", "l": [0.48, 0.61, 0.41, 0.41, 0.88, 0.83, 0.61, 0.54, 0.57, 0.61, 0.7, 0.15, 0.57, 0.7, 1.18, 0.48]}
{"t": 99.6, "x": 206, "y": 525, "h": 17.6, "d5": 0.796, "sm": 0.78, "d6": "tick=251598 goal=0 here=0", "l": [0.4, 0.57, 0.4, 0.4, 0.9, 0.88, 0.65, 0.59, 0.62, 0.79, 0.14, 0.37, 0.59, 0.73, 1.22, 0.44]}
{"t": 99.8, "x": 226, "y": 602, "h": 14.6, "d5": 0.788, "sm": 0.782, "d6": "tick=251624 goal=0 here=0", "l": [0.39, 0.49, 0.47, 0.4, 0.92, 1.06, 0.68, 0.6, 0.67, 0.83, 0.34, 0.62, 0.64, 0.79, 1.19, 0.41]}
{"t": 100.0, "x": 237, "y": 682, "h": 7.3, "d5": 0.788, "sm": 0.783, "d6": "tick=251645 goal=0 here=0", "l": [0.32, 0.46, 0.47, 0.33, 0.38, 1.01, 0.83, 0.66, 0.68, 0.73, 0.33, 0.65, 0.61, 0.69, 1.06, 0.36]}
{"t": 100.2, "x": 242, "y": 763, "h": 3.5, "d5": 0.806, "sm": 0.789, "d6": "tick=251665 goal=0 here=0", "l": [0.35, 0.29, 0.46, 0.42, 0.37, 0.39, 0.93, 0.74, 0.73, 0.79, 0.29, 0.41, 0.59, 0.65, 0.84, 0.33]}
{"t": 101.1, "x": 237, "y": 773, "h": 84.1, "d5": 0.792, "sm": 0.79, "d6": "tick=251751 goal=0 here=0", "l": [0.32, 0.4, 1.12, 0.79, 0.69, 0.75, 0.25, 0.42, 0.59, 0.66, 0.76, 1.35, 0.34, 0.29, 0.45, 0.44]}
{"t": 101.3, "x": 307, "y": 785, "h": 80.6, "d5": 0.776, "sm": 0.786, "d6": "tick=251773 goal=0 here=0", "l": [0.28, 0.36, 1.05, 0.8, 0.69, 0.76, 0.94, 0.45, 0.62, 0.67, 0.8, 1.38, 0.33, 0.29, 0.42, 0.41]}
{"t": 102.1, "x": 320, "y": 789, "h": 163.1, "d5": 0.745, "sm": 0.776, "d6": "tick=251854 goal=0 here=0", "l": [0.74, 0.74, 0.79, 0.31, 0.7, 0.67, 0.72, 1.01, 0.32, 0.29, 0.39, 0.42, 0.35, 0.29, 0.37, 0.91]}
{"t": 102.3, "x": 344, "y": 720, "h": 160.5, "d5": 0.76, "sm": 0.772, "d6": "tick=251877 goal=0 here=0", "l": [0.69, 0.68, 0.78, 0.97, 0.45, 0.62, 0.72, 1.03, 0.35, 0.32, 0.41, 0.42, 0.29, 0.32, 0.35, 0.89]}
{"t": 102.5, "x": 367, "y": 647, "h": 163.0, "d5": 0.748, "sm": 0.766, "d6": "tick=251897 goal=0 here=0", "l": [0.66, 0.63, 0.75, 0.92, 0.42, 0.64, 0.72, 1.05, 0.4, 0.34, 0.45, 0.43, 0.29, 0.32, 0.83, 0.86]}
{"t": 102.7, "x": 391, "y": 570, "h": 162.1, "d5": 0.735, "sm": 0.758, "d6": "tick=251918 goal=0 here=0", "l": [0.63, 0.59, 0.68, 0.89, 0.26, 0.7, 0.75, 0.91, 0.44, 0.37, 0.47, 0.41, 0.29, 0.28, 0.8, 0.81]}
{"t": 102.9, "x": 423, "y": 498, "h": 156.3, "d5": 0.722, "sm": 0.749, "d6": "tick=251939 goal=0 here=0", "l": [0.59, 0.54, 0.64, 0.86, 0.83, 0.71, 0.79, 0.94, 0.46, 0.39, 0.5, 0.45, 0.3, 0.26, 0.77, 0.77]}
{"t": 103.0, "x": 433, "y": 469, "h": 161.3, "d5": 0.711, "sm": 0.74, "d6": "tick=251942 goal=0 here=0", "l": [0.58, 0.51, 0.61, 0.86, 0.83, 0.74, 0.78, 0.96, 0.48, 0.41, 0.48, 0.42, 0.3, 0.27, 0.75, 0.77]}
{"t": 104.1, "x": 390, "y": 433, "h": 246.0, "d5": 0.691, "sm": 0.727, "d6": "tick=252059 goal=0 here=0", "l": [0.78, 0.43, 0.74, 0.96, 1.62, 0.47, 0.56, 0.48, 0.33, 0.28, 0.76, 0.75, 0.54, 0.51, 0.57, 0.66]}
{"t": 104.4, "x": 333, "y": 409, "h": 246.8, "d5": 0.689, "sm": 0.718, "d6": "tick=252080 goal=0 here=0", "l": [0.73, 0.22, 0.69, 0.9, 1.55, 0.51, 0.56, 0.51, 0.35, 0.3, 0.8, 0.75, 0.56, 0.48, 0.58, 0.64]}
{"t": 105.3, "x": 326, "y": 402, "h": 330.5, "d5": 0.682, "sm": 0.709, "d6": "tick=252169 goal=0 here=0", "l": [1.27, 0.53, 0.51, 0.53, 0.33, 0.32, 0.83, 0.95, 0.59, 0.49, 0.54, 0.64, 0.84, 0.31, 0.65, 0.78]}
{"t": 105.5, "x": 279, "y": 457, "h": 319.5, "d5": 0.676, "sm": 0.701, "d6": "tick=252192 goal=0 here=0", "l": [1.13, 0.48, 0.43, 0.55, 0.39, 0.37, 0.85, 0.98, 0.69, 0.55, 0.58, 0.66, 0.87, 0.3, 0.62, 0.74]}
{"t": 105.7, "x": 225, "y": 518, "h": 318.3, "d5": 0.688, "sm": 0.698, "d6": "tick=252213 goal=0 here=0", "l": [0.87, 1.61, 0.47, 0.51, 0.51, 0.36, 0.37, 0.87, 0.81, 0.63, 0.6, 0.67, 0.81, 0.18, 0.64, 0.69]}
{"t": 105.9, "x": 160, "y": 565, "h": 305.9, "d5": 0.702, "sm": 0.699, "d6": "tick=252233 goal=0 here=0", "l": [0.69, 1.17, 0.42, 0.38, 0.53, 0.49, 0.41, 0.92, 1.05, 0.67, 0.58, 0.65, 0.82, 0.2, 0.36, 0.59]}
{"t": 106.1, "x": 94, "y": 605, "h": 301.3, "d5": 0.681, "sm": 0.694, "d6": "tick=252254 goal=0 here=0", "l": [0.6, 0.8, 1.9, 0.41, 0.4, 0.54, 0.39, 0.46, 1.08, 0.78, 0.6, 0.62, 0.67, 0.24, 0.33, 0.53]}
{"t": 106.3, "x": 20, "y": 636, "h": 292.9, "d5": 0.721, "sm": 0.701, "d6": "tick=252275 goal=0 here=0", "l": [0.58, 0.76, 1.35, 0.38, 0.39, 0.55, 0.51, 0.48, 0.98, 0.93, 0.68, 0.65, 0.15, 0.24, 0.28, 0.49]}
{"t": 106.5, "x": -53, "y": 670, "h": 295.1, "d5": 0.713, "sm": 0.704, "d6": "tick=252296 goal=0 here=0", "l": [0.53, 0.69, 1.34, 0.39, 0.42, 0.54, 0.58, 0.52, 1.01, 0.95, 0.67, 0.68, 0.16, 0.24, 0.26, 0.43]}
{"t": 106.8, "x": -143, "y": 710, "h": 293.8, "d5": 0.742, "sm": 0.713, "d6": "tick=252321 goal=0 here=0", "l": [0.5, 0.66, 1.33, 1.22, 0.42, 0.54, 0.61, 0.55, 1.1, 0.89, 0.7, 0.16, 0.25, 0.25, 0.48, 0.38]}
{"t": 107.0, "x": -210, "y": 754, "h": 303.3, "d5": 0.737, "sm": 0.719, "d6": "tick=252343 goal=0 here=0", "l": [0.46, 0.64, 1.29, 1.17, 0.38, 0.42, 0.62, 0.6, 1.2, 0.88, 0.22, 0.21, 0.23, 0.19, 0.43, 0.37]}
{"t": 107.2, "x": -276, "y": 793, "h": 300.0, "d5": 0.73, "sm": 0.722, "d6": "tick=252363 goal=0 here=0", "l": [0.39, 0.58, 1.27, 1.17, 0.34, 0.42, 0.67, 0.64, 1.28, 0.88, 0.19, 0.24, 0.23, 0.36, 0.37, 0.35]}
{"t": 107.4, "x": -353, "y": 838, "h": 300.7, "d5": 0.745, "sm": 0.728, "d6": "tick=252384 goal=0 here=0", "l": [0.37, 0.56, 1.24, 1.41, 0.32, 0.43, 0.68, 0.68, 1.33, 0.94, 0.25, 0.24, 0.2, 0.39, 0.32, 0.31]}
{"t": 107.7, "x": -431, "y": 882, "h": 299.5, "d5": 0.771, "sm": 0.739, "d6": "tick=252410 goal=0 here=0", "l": [0.33, 0.49, 1.2, 1.47, 0.38, 0.46, 0.71, 0.71, 1.39, 0.95, 0.3, 0.23, 0.33, 0.39, 0.24, 0.31]}
{"t": 107.9, "x": -504, "y": 924, "h": 300.1, "d5": 0.752, "sm": 0.742, "d6": "tick=252431 goal=0 here=0", "l": [0.28, 0.44, 0.91, 2.22, 0.55, 0.44, 0.75, 0.74, 1.42, 0.35, 0.33, 0.23, 0.36, 0.33, 0.23, 0.28]}
{"t": 108.8, "x": -514, "y": 926, "h": 24.5, "d5": 0.757, "sm": 0.746, "d6": "tick=252524 goal=0 here=0", "l": [0.65, 0.35, 0.52, 0.71, 1.28, 1.07, 0.34, 0.24, 0.35, 0.37, 0.22, 0.24, 0.27, 0.3, 0.52, 2.28]}
{"t": 109.0, "x": -483, "y": 989, "h": 26.0, "d5": 0.755, "sm": 0.748, "d6": "tick=252546 goal=0 here=0", "l": [0.59, 0.34, 0.47, 0.73, 1.29, 1.11, 0.34, 0.28, 0.37, 0.39, 0.25, 0.26, 0.27, 0.36, 0.71, 2.22]}
{"t": 109.2, "x": -451, "y": 1061, "h": 24.3, "d5": 0.762, "sm": 0.752, "d6": "tick=252567 goal=0 here=0", "l": [0.56, 0.28, 0.4, 0.73, 0.76, 1.21, 0.38, 0.33, 0.42, 0.4, 0.27, 0.3, 0.26, 0.4, 0.76, 2.16]}
{"t": 110.1, "x": -447, "y": 1075, "h": 106.1, "d5": 0.746, "sm": 0.75, "d6": "tick=252653 goal=0 here=0", "l": [0.74, 1.45, 0.94, 0.4, 0.35, 0.5, 0.27, 0.31, 0.26, 0.31, 0.46, 1.76, 0.8, 0.3, 0.38, 0.72]}
{"t": 110.6, "x": -361, "y": 1058, "h": 101.3, "d5": 0.729, "sm": 0.745, "d6": "tick=252708 goal=0 here=0", "l": [0.63, 1.38, 1.02, 0.35, 0.33, 0.45, 0.36, 0.32, 0.31, 0.35, 0.48, 1.26, 1.09, 0.29, 0.27, 0.69]}
{"t": 110.9, "x": -264, "y": 1055, "h": 91.3, "d5": 0.717, "sm": 0.738, "d6": "tick=252739 goal=0 here=0", "l": [0.64, 0.66, 1.16, 0.88, 0.37, 0.34, 0.51, 0.37, 0.39, 0.36, 0.49, 0.9, 2.15, 0.27, 0.22, 0.35]}
{"t": 111.3, "x": -156, "y": 1068, "h": 83.6, "d5": 0.684, "sm": 0.724, "d6": "tick=252774 goal=0 here=0", "l": [0.57, 0.61, 1.35, 0.96, 0.33, 0.4, 0.5, 0.46, 0.43, 0.4, 0.53, 0.85, 2.19, 0.24, 0.22, 0.3]}
{"t": 112.3, "x": -149, "y": 1072, "h": 166.1, "d5": 0.681, "sm": 0.714, "d6": "tick=252869 goal=0 here=0", "l": [0.89, 0.39, 0.37, 0.55, 0.42, 0.43, 0.51, 0.77, 1.71, 0.48, 0.17, 0.29, 0.56, 0.52, 1.17, 0.99]}
{"t": 112.5, "x": -138, "y": 1006, "h": 170.6, "d5": 0.646, "sm": 0.697, "d6": "tick=252891 goal=0 here=0", "l": [0.85, -1.0, 0.34, 0.53, 0.42, 0.43, 0.49, 0.78, 1.73, 0.25, 0.25, 0.29, 0.58, 0.51, 1.19, 0.97]}
{"t": 112.7, "x": -111, "y": 910, "h": 164.4, "d5": 0.638, "sm": 0.682, "d6": "tick=252917 goal=0 here=0", "l": [0.81, 0.29, 0.33, 0.51, 0.4, 0.45, 0.48, 0.8, 1.73, 0.27, 0.3, 0.33, 0.54, 0.53, 1.17, 0.94]}
{"t": 113.5, "x": -104, "y": 896, "h": 247.8, "d5": 0.605, "sm": 0.663, "d6": "tick=252995 goal=0 here=0", "l": [0.53, 0.41, 0.48, 0.59, 0.98, 2.21, 0.25, 0.32, 0.59, 0.52, 0.57, 1.08, 0.82, 0.24, 0.32, 0.31]}
{"t": 113.9, "x": -191, "y": 845, "h": 239.3, "d5": 0.596, "sm": 0.646, "d6": "tick=253027 goal=0 here=0", "l": [0.51, 0.37, 0.42, 0.48, 0.83, 2.33, 0.3, 0.37, 0.58, 0.61, 0.61, 1.31, 0.89, 0.25, 0.29, 0.27]}
{"t": 114.7, "x": -199, "y": 838, "h": 318.7, "d5": 0.58, "sm": 0.63, "d6": "tick=253112 goal=0 here=0", "l": [0.62, 1.26, 2.29, 0.32, 0.39, 0.61, 0.53, 1.13, 0.99, 0.77, 0.26, 0.25, 0.43, 0.45, 0.37, 0.44]}
{"t": 115.0, "x": -252, "y": 886, "h": 312.5, "d5": 0.58, "sm": 0.617, "d6": "tick=253140 goal=0 here=0", "l": [0.58, 1.22, 2.24, 0.29, 0.4, 0.63, 0.58, 1.17, 1.0, 0.26, 0.27, 0.26, 0.41, 0.36, 0.38, 0.38]}
{"t": 115.2, "x": -321, "y": 958, "h": 316.2, "d5": 0.581, "sm": 0.608, "d6": "tick=253161 goal=0 here=0", "l": [0.52, 1.18, 2.23, 0.29, 0.38, 0.66, 0.59, 1.2, 1.04, 0.29, 0.33, 0.26, 0.45, 0.32, 0.36, 0.37]}
{"t": 115.4, "x": -374, "y": 1016, "h": 317.9, "d5": 0.597, "sm": 0.605, "d6": "tick=253187 goal=0 here=0", "l": [0.49, 0.87, 2.19, 0.49, 0.28, 0.45, 0.66, 1.25, 1.09, 0.33, 0.35, 0.36, 0.47, 0.3, 0.34, 0.34]}
{"t": 115.6, "x": -432, "y": 1072, "h": 314.1, "d5": 0.599, "sm": 0.604, "d6": "tick=253208 goal=0 here=0", "l": [0.41, 0.8, 2.1, 0.52, 0.26, 0.41, 0.74, 0.75, 1.21, 0.35, 0.34, 0.43, 0.42, 0.29, 0.32, 0.3]}
{"t": 116.6, "x": -441, "y": 1079, "h": 38.3, "d5": 0.613, "sm": 0.606, "d6": "tick=253302 goal=0 here=0", "l": [0.31, 0.37, 0.7, 0.72, 1.46, 0.95, 0.41, 0.35, 0.47, 0.28, 0.31, 0.28, 0.34, 0.47, 1.79, 0.77]}
{"t": 116.9, "x": -389, "y": 1140, "h": 40.0, "d5": 0.615, "sm": 0.608, "d6": "tick=253325 goal=0 here=0", "l": [0.27, 0.24, 0.67, 0.66, 1.48, 1.02, 0.43, 0.36, 0.5, 0.3, 0.34, 0.3, 0.41, 0.64, 2.17, 0.73]}
{"t": 117.7, "x": -382, "y": 1151, "h": 122.8, "d5": 0.609, "sm": 0.608, "d6": "tick=253417 goal=0 here=0", "l": [1.33, 1.09, 0.44, 0.38, 0.5, 0.33, 0.34, 0.28, 0.37, 0.43, 1.26, 1.03, 0.41, 0.21, 0.4, 0.66]}
{"t": 118.0, "x": -317, "y": 1118, "h": 116.7, "d5": 0.588, "sm": 0.603, "d6": "tick=253440 goal=0 here=0", "l": [1.25, 1.08, 0.38, 0.39, 0.47, 0.4, 0.38, 0.31, 0.36, 0.46, 1.25, 1.2, 0.25, 0.21, 0.38, 0.63]}
{"t": 118.2, "x": -249, "y": 1079, "h": 119.9, "d5": 0.598, "sm": 0.602, "d6": "tick=253461 goal=0 here=0", "l": [1.2, 1.07, 0.93, 0.41, 0.39, 0.49, 0.38, 0.36, 0.41, 0.53, 1.31, 0.99, 0.21, 0.28, 0.63, 0.57]}
{"t": 118.4, "x": -183, "y": 1040, "h": 120.8, "d5": 0.601, "sm": 0.602, "d6": "tick=253481 goal=0 here=0", "l": [1.15, 1.03, 0.89, 0.38, 0.33, 0.52, 0.4, 0.41, 0.47, 0.73, 1.63, 0.52, 0.2, 0.31, 0.58, 0.54]}
{"t": 118.6, "x": -115, "y": 998, "h": 121.7, "d5": 0.576, "sm": 0.595, "d6": "tick=253502 goal=0 here=0", "l": [1.14, 0.99, 0.85, 0.33, 0.35, 0.57, 0.41, 0.43, 0.52, 0.78, 1.75, 0.21, 0.27, 0.29, 0.54, 0.5]}
{"t": 118.8, "x": -51, "y": 953, "h": 124.7, "d5": 0.582, "sm": 0.592, "d6": "tick=253523 goal=0 here=0", "l": [1.18, 0.93, 0.81, 0.29, 0.35, 0.53, 0.46, 0.48, 0.56, 0.85, 2.17, 0.2, 0.28, 0.32, 0.53, 0.49]}
{"t": 119.0, "x": 18, "y": 910, "h": 122.1, "d5": 0.56, "sm": 0.584, "d6": "tick=253544 goal=0 here=0", "l": [1.2, 0.91, 0.8, 0.28, 0.36, 0.54, 0.5, 0.52, 0.65, 0.96, 2.29, 0.25, 0.29, 0.47, 0.52, 0.48]}
{"t": 119.2, "x": 84, "y": 864, "h": 124.6, "d5": 0.538, "sm": 0.572, "d6": "tick=253564 goal=0 here=0", "l": [1.15, 0.88, 0.74, 0.81, 0.35, 0.35, 0.52, 0.56, 0.68, 1.0, 0.26, 0.27, 0.28, 0.47, 0.48, 0.46]}
{"t": 119.4, "x": 149, "y": 825, "h": 121.5, "d5": 0.528, "sm": 0.561, "d6": "tick=253585 goal=0 here=0", "l": [1.11, 0.88, 0.71, 0.77, 0.25, 0.39, 0.56, 0.62, 0.7, 1.05, 0.27, 0.32, 0.28, 0.46, 0.41, 0.44]}
{"t": 119.6, "x": 214, "y": 778, "h": 125.7, "d5": 0.508, "sm": 0.548, "d6": "tick=253606 goal=0 here=0", "l": [1.05, 0.87, 0.7, 0.75, 0.91, 0.39, 0.64, 0.64, 0.76, 1.09, 0.31, 0.29, 0.42, 0.43, 0.33, 0.38]}
{"t": 119.8, "x": 283, "y": 737, "h": 120.9, "d5": 0.508, "sm": 0.538, "d6": "tick=253627 goal=0 here=0", "l": [0.97, 0.86, 0.68, 0.7, 0.77, 0.4, 0.69, 0.67, 0.77, 1.12, 0.36, 0.31, 0.43, 0.44, 0.31, 0.37]}
{"t": 120.0, "x": 351, "y": 695, "h": 121.5, "d5": 0.494, "sm": 0.527, "d6": "tick=253648 goal=0 here=0", "l": [0.9, 0.84, 0.69, 0.71, 0.76, 0.26, 0.7, 0.71, 0.79, 1.15, 0.39, 0.32, 0.44, 0.41, 0.3, 0.3]}
{"t": 120.2, "x": 416, "y": 656, "h": 120.8, "d5": 0.468, "sm": 0.512, "d6": "tick=253668 goal=0 here=0", "l": [0.82, 0.79, 0.67, 0.69, 0.78, 0.96, 0.47, 0.7, 0.8, 1.21, 0.41, 0.36, 0.42, 0.38, 0.25, 0.28]}
{"t": 121.1, "x": 430, "y": 651, "h": 202.2, "d5": 0.454, "sm": 0.498, "d6": "tick=253748 goal=0 here=0", "l": [0.71, 0.93, 0.34, 0.69, 0.75, 0.92, 0.42, 0.34, 0.43, 0.38, 0.25, 0.28, 0.27, 0.98, 0.68, 0.6]}
{"t": 121.3, "x": 406, "y": 583, "h": 199.9, "d5": 0.457, "sm": 0.488, "d6": "tick=253771 goal=0 here=0", "l": [0.65, 0.91, 0.27, 0.69, 0.75, 0.93, 0.42, 0.35, 0.47, 0.41, 0.26, 0.3, 0.81, 0.92, 0.64, 0.57]}
{"t": 121.5, "x": 376, "y": 514, "h": 203.8, "d5": 0.455, "sm": 0.479, "d6": "tick=253791 goal=0 here=0", "l": [0.62, 0.85, 0.82, 0.71, 0.76, 0.92, 0.48, 0.43, 0.51, 0.46, 0.29, 0.3, 0.8, 0.8, 0.62, 0.53]}
{"t": 121.7, "x": 346, "y": 439, "h": 201.3, "d5": 0.441, "sm": 0.47, "d6": "tick=253812 goal=0 here=0", "l": [0.59, 0.67, 0.77, 0.43, 0.72, 0.94, 1.58, 0.48, 0.53, 0.49, 0.34, 0.3, 0.8, 0.76, 0.57, 0.5]}
{"t": 121.9, "x": 317, "y": 364, "h": 201.1, "d5": 0.426, "sm": 0.459, "d6": "tick=253833 goal=0 here=0", "l": [0.54, 0.62, 0.73, 0.28, 0.66, 0.91, 1.57, 0.56, 0.6, 0.51, 0.37, 1.32, 0.81, 0.74, 0.53, 0.46]}
{"t": 122.2, "x": 292, "y": 255, "h": 192.9, "d5": 0.427, "sm": 0.451, "d6": "tick=253864 goal=0 here=0", "l": [0.49, 0.58, 0.79, 0.73, 0.26, 0.79, 1.22, 0.57, 0.56, 0.6, 0.41, 1.4, 0.79, 0.75, 0.51, 0.4]}
{"t": 122.7, "x": 302, "y": 112, "h": 176.3, "d5": 0.426, "sm": 0.445, "d6": "tick=253911 goal=0 here=0", "l": [0.37, 0.4, 0.53, 0.78, 0.65, 0.31, 0.84, 1.64, 0.68, 0.7, 0.47, 1.48, 0.84, 0.9, 0.5, 0.42]}
{"t": 123.0, "x": 317, "y": 18, "h": 170.5, "d5": 0.394, "sm": 0.432, "d6": "tick=253942 goal=0 here=0", "l": [0.29, 0.36, 0.43, 0.52, 0.67, 0.68, 0.3, 1.12, 0.71, 0.71, 0.51, 0.4, 0.82, 0.85, 0.59, 0.4]}
{"t": 123.8, "x": 321, "y": 7, "h": 252.9, "d5": 0.383, "sm": 0.42, "d6": "tick=254020 goal=0 here=0", "l": [0.76, 0.7, 0.34, 0.88, 1.74, 0.71, 0.77, 0.47, 1.44, 0.8, 0.88, 0.4, 0.33, 0.33, 0.35, 0.49]}
{"t": 124.0, "x": 257, "y": -14, "h": 251.3, "d5": 0.4, "sm": 0.415, "d6": "tick=254042 goal=0 here=0", "l": [0.73, 0.7, 0.5, 0.3, 1.72, 0.72, 0.78, 0.49, 1.46, 0.82, 0.87, 0.43, 0.31, 0.34, 0.34, 0.44]}
{"t": 124.2, "x": 180, "y": -42, "h": 250.4, "d5": 0.392, "sm": 0.409, "d6": "tick=254063 goal=0 here=0", "l": [0.69, 0.67, 0.47, 0.29, 1.47, 0.74, 0.81, 0.54, 1.51, 0.85, 0.74, 0.41, 0.3, 0.33, 0.33, 0.41]}
{"t": 124.4, "x": 108, "y": -74, "h": 245.8, "d5": 0.374, "sm": 0.4, "d6": "tick=254084 goal=0 here=0", "l": [0.63, 0.62, 0.6, 0.28, 0.25, 0.74, 0.83, 0.57, 1.59, 0.88, 0.72, 0.4, 0.29, 0.3, 0.3, 0.37]}
{"t": 124.6, "x": 35, "y": -108, "h": 245.0, "d5": 0.388, "sm": 0.397, "d6": "tick=254105 goal=0 here=0", "l": [0.55, 0.55, 0.55, 0.41, 0.25, 0.81, 0.85, 0.66, 1.63, 0.94, 0.73, 0.34, 0.29, 0.26, 0.3, 0.34]}
{"t": 124.9, "x": -52, "y": -145, "h": 246.9, "d5": 0.389, "sm": 0.395, "d6": "tick=254130 goal=0 here=0", "l": [0.5, 0.48, 0.48, 0.4, 0.25, 0.28, 0.77, 0.71, 1.71, 0.96, 0.74, 0.31, 0.3, 0.24, 0.28, 0.28]}
{"t": 125.9, "x": -64, "y": -153, "h": 330.3, "d5": 0.378, "sm": 0.391, "d6": "tick=254229 goal=0 here=0", "l": [0.27, 0.31, 0.79, 0.85, 1.77, 1.05, 0.8, 0.3, 0.3, 0.23, 0.27, 0.27, 0.49, 0.47, 0.49, 0.4]}
{"t": 126.8, "x": -66, "y": -159, "h": 55.3, "d5": 0.381, "sm": 0.388, "d6": "tick=254321 goal=0 here=0", "l": [0.7, 1.64, 1.05, 0.47, 0.3, 0.24, 0.24, 0.29, 0.32, 0.53, 0.52, 0.54, 0.41, 0.27, 0.79, 0.91]}
{"t": 127.0, "x": -1, "y": -105, "h": 50.0, "d5": 0.395, "sm": 0.39, "d6": "tick=254347 goal=0 here=0", "l": [0.66, 1.61, 0.99, 0.48, 0.29, 0.26, 0.26, 0.3, 0.31, 0.56, 0.57, 0.55, 0.4, 0.25, 0.79, 0.89]}
{"t": 127.2, "x": 51, "y": -51, "h": 44.0, "d5": 0.393, "sm": 0.391, "d6": "tick=254367 goal=0 here=0", "l": [0.6, 1.55, 0.9, 0.7, 0.36, 0.31, 0.3, 0.32, 0.35, 0.62, 0.6, 0.46, 0.25, 0.24, 0.73, 0.83]}
{"t": 127.4, "x": 109, "y": 5, "h": 46.3, "d5": 0.405, "sm": 0.394, "d6": "tick=254388 goal=0 here=0", "l": [0.58, 1.53, 0.87, 0.72, 0.42, 0.31, 0.34, 0.36, 0.39, 0.64, 0.61, 0.43, 0.23, 1.44, 0.72, 0.81]}
{"t": 127.6, "x": 168, "y": 58, "h": 48.0, "d5": 0.392, "sm": 0.394, "d6": "tick=254409 goal=0 here=0", "l": [0.55, 1.51, 0.88, 0.76, 0.45, 0.31, 0.36, 0.39, 0.44, 0.67, 0.6, 0.45, 0.23, 1.69, 0.71, 0.78]}
{"t": 127.9, "x": 228, "y": 112, "h": 48.0, "d5": 0.395, "sm": 0.394, "d6": "tick=254430 goal=0 here=0", "l": [0.49, 1.47, 0.86, 0.94, 0.47, 0.34, 0.39, 0.42, 0.49, 0.67, 0.6, 0.26, 0.88, 1.71, 0.68, 0.73]}
{"t": 128.1, "x": 287, "y": 164, "h": 48.5, "d5": 0.402, "sm": 0.396, "d6": "tick=254451 goal=0 here=0", "l": [0.45, 1.43, 0.84, 0.93, 0.47, 0.38, 0.41, 0.44, 0.51, 0.66, 0.62, 0.25, 0.91, 1.82, 0.61, 0.69]}
{"t": 128.3, "x": 345, "y": 216, "h": 48.2, "d5": 0.4, "sm": 0.397, "d6": "tick=254471 goal=0 here=0", "l": [0.43, -1.0, 0.82, 0.88, 0.55, 0.46, 0.41, 0.48, 0.55, 0.72, 0.68, 0.69, 1.01, 1.83, 0.56, -1.0]}
{"t": 128.5, "x": 398, "y": 278, "h": 40.8, "d5": 0.412, "sm": 0.401, "d6": "tick=254492 goal=0 here=0", "l": [0.39, 0.35, 1.31, 0.79, 0.67, 0.51, 0.41, 0.47, 0.61, 0.87, 0.69, 0.69, 0.87, 1.58, 0.56, 0.63]}
{"t": 128.7, "x": 441, "y": 345, "h": 32.1, "d5": 0.407, "sm": 0.402, "d6": "tick=254513 goal=0 here=0", "l": [0.51, 0.35, 0.29, 0.75, 0.88, 0.55, 0.51, 0.52, 0.6, 0.83, 0.8, 0.72, 0.85, 1.33, 0.58, 0.59]}
{"t": 128.9, "x": 477, "y": 418, "h": 26.5, "d5": 0.417, "sm": 0.406, "d6": "tick=254534 goal=0 here=0", "l": [0.57, 0.3, 0.28, 0.72, 0.78, 0.68, 0.52, 0.48, 0.58, 0.71, 0.85, 0.51, 0.81, 1.03, 0.55, 0.47]}
{"t": 129.1, "x": 503, "y": 494, "h": 18.7, "d5": 0.412, "sm": 0.408, "d6": "tick=254555 goal=0 here=0", "l": [0.52, 0.3, 0.26, 0.24, 0.73, 0.87, 0.58, 0.54, 0.61, 0.73, 0.85, 0.5, 0.83, 0.99, 0.5, 0.41]}
{"t": 129.3, "x": 523, "y": 571, "h": 14.5, "d5": 0.43, "sm": 0.413, "d6": "tick=254576 goal=0 here=0", "l": [0.47, 0.41, 0.22, 0.23, 0.21, 0.9, 0.7, 0.6, 0.64, 0.76, 0.94, 0.51, 0.78, 0.97, 0.5, 0.37]}
{"t": 129.5, "x": 536, "y": 650, "h": 9.9, "d5": 0.431, "sm": 0.418, "d6": "tick=254597 goal=0 here=0", "l": [0.44, 0.39, 0.24, 0.23, 0.23, 0.76, 0.75, 0.65, 0.58, 0.76, 1.02, 0.5, 0.76, 0.9, 0.47, 0.35]}
{"t": 129.7, "x": 542, "y": 730, "h": 4.2, "d5": 0.455, "sm": 0.427, "d6": "tick=254617 goal=0 here=0", "l": [0.37, 0.39, 0.33, 0.17, 0.22, 0.22, 0.95, 0.69, 0.62, 0.77, 0.99, 0.51, -1.0, 0.84, 1.2, 0.37]}
{"t": 130.0, "x": 534, "y": 826, "h": 355.3, "d5": 0.446, "sm": 0.432, "d6": "tick=254643 goal=0 here=0", "l": [0.26, 0.35, 0.28, 0.21, 0.19, 0.24, 0.98, 0.8, 0.71, 0.77, 1.04, 0.52, 0.74, 0.8, 1.08, 0.36]}
{"t": 130.9, "x": 530, "y": 841, "h": 75.6, "d5": 0.445, "sm": 0.435, "d6": "tick=254733 goal=0 here=0", "l": [0.18, 0.19, 0.27, 0.85, 0.7, 0.77, 0.88, 0.39, 0.8, 0.8, 0.89, 0.36, 0.27, 0.34, 0.38, 0.29]}
{"t": 131.7, "x": 525, "y": 845, "h": 158.2, "d5": 0.468, "sm": 0.443, "d6": "tick=254817 goal=0 here=0", "l": [0.8, 0.72, 0.81, 1.04, 0.56, 0.73, 0.8, 0.39, 0.34, 0.25, 0.33, 0.29, 0.26, 0.16, 0.24, 1.01]}
{"t": 132.0, "x": 553, "y": 777, "h": 157.3, "d5": 0.431, "sm": 0.44, "d6": "tick=254840 goal=0 here=0", "l": [0.76, 0.69, 0.78, 1.02, 0.53, 0.75, 0.82, 1.11, 0.36, 0.35, 0.35, 0.29, 0.17, 0.18, 0.23, 0.98]}
{"t": 132.2, "x": 581, "y": 703, "h": 159.2, "d5": 0.44, "sm": 0.44, "d6": "tick=254861 goal=0 here=0", "l": [0.7, 0.64, 0.73, 0.99, 0.51, 0.75, 0.85, 1.19, 0.38, 0.37, 0.39, 0.31, 0.17, 0.2, 0.2, 0.94]}
{"t": 132.4, "x": 606, "y": 631, "h": 160.8, "d5": 0.431, "sm": 0.438, "d6": "tick=254881 goal=0 here=0", "l": [0.63, 0.6, 0.7, 0.98, 0.91, 0.8, 0.88, 1.26, 0.4, 0.43, 0.38, 0.17, 0.19, 0.18, 0.17, 0.89]}
{"t": 132.6, "x": 632, "y": 554, "h": 161.6, "d5": 0.428, "sm": 0.435, "d6": "tick=254902 goal=0 here=0", "l": [0.6, 0.56, 0.66, 0.95, 0.94, 0.81, 0.88, 1.3, 0.41, 0.46, 0.35, 0.18, 0.19, 0.17, 0.64, 0.74]}
{"t": 132.8, "x": 654, "y": 479, "h": 163.6, "d5": 0.404, "sm": 0.428, "d6": "tick=254923 goal=0 here=0", "l": [0.54, 0.53, 0.64, 0.94, 0.95, 0.82, 0.93, 1.36, 0.45, 0.49, 0.2, 0.19, 0.15, 0.15, 0.65, 0.67]}
{"t": 133.0, "x": 673, "y": 402, "h": 165.6, "d5": 0.403, "sm": 0.421, "d6": "tick=254944 goal=0 here=0", "l": [0.47, 0.49, 0.61, 0.94, 0.97, 0.82, 0.97, 1.4, 0.47, 0.54, 0.22, 0.17, 0.13, 0.67, 0.76, 0.61]}
{"t": 133.3, "x": 688, "y": 304, "h": 171.6, "d5": 0.418, "sm": 0.421, "d6": "tick=254964 goal=0 here=0", "l": [0.45, 0.44, 0.59, 0.9, 0.95, 0.84, 0.98, 0.64, 0.53, 0.57, 0.23, 0.15, 1.2, 0.62, 0.77, 0.56]}
{"t": 133.5, "x": 700, "y": 230, "h": 170.5, "d5": 0.385, "sm": 0.412, "d6": "tick=254990 goal=0 here=0", "l": [0.41, 0.4, 0.55, 0.9, 0.96, 0.87, 1.08, 0.69, 0.6, 0.31, 0.19, 1.33, 1.13, 0.57, 0.74, 0.5]}
{"t": 133.8, "x": 722, "y": 135, "h": 167.0, "d5": 0.361, "sm": 0.399, "d6": "tick=255021 goal=0 here=0", "l": [0.36, 0.37, 0.45, 0.69, 0.89, 0.75, 1.01, 1.5, 0.63, 0.65, 0.2, 1.34, 1.19, 0.58, 0.71, 0.47]}
{"t": 134.1, "x": 758, "y": 46, "h": 157.9, "d5": 0.368, "sm": 0.391, "d6": "tick=255052 goal=0 here=0", "l": [0.34, 0.32, 0.31, 0.5, 0.89, 0.93, 0.46, 1.21, 0.78, 0.71, 0.26, 1.58, 1.18, 0.6, 0.65, 0.42]}
{"t": 134.4, "x": 806, "y": -46, "h": 152.4, "d5": 0.357, "sm": 0.383, "d6": "tick=255082 goal=0 here=0", "l": [0.33, 0.25, 0.3, 0.32, 0.63, 0.9, 0.77, 1.11, 0.84, 0.77, 0.3, 0.84, 1.25, 0.56, 0.61, 0.44]}
{"t": 135.6, "x": 849, "y": -105, "h": 236.0, "d5": 0.356, "sm": 0.376, "d6": "tick=255205 goal=0 here=0", "l": [0.47, 1.01, 0.95, 1.15, 1.65, 0.77, 0.35, 0.85, 1.28, 0.56, 0.54, 0.45, 0.33, 0.23, 0.25, 0.27]}
{"t": 136.5, "x": 855, "y": -106, "h": 321.3, "d5": 0.378, "sm": 0.377, "d6": "tick=255289 goal=0 here=0", "l": [1.31, 0.85, 0.47, 0.82, 1.57, 0.58, 0.49, 0.61, 0.35, 0.25, 0.21, 0.3, -1.0, 0.68, 1.02, 0.61]}
{"t": 136.7, "x": 806, "y": -54, "h": 317.2, "d5": 0.369, "sm": 0.375, "d6": "tick=255311 goal=0 here=0", "l": [1.29, 0.82, 0.74, 0.81, 1.58, 1.19, 0.51, 0.62, 0.38, 0.25, 0.27, 0.29, 0.42, 0.69, -1.0, 0.54]}
{"t": 136.9, "x": 756, "y": 4, "h": 318.9, "d5": 0.393, "sm": 0.379, "d6": "tick=255332 goal=0 here=0", "l": [1.24, 0.79, 0.74, 0.79, 1.58, 1.2, 0.55, 0.66, 0.42, 0.29, 0.29, 0.3, 0.47, 0.72, 0.96, 0.49]}
{"t": 137.1, "x": 698, "y": 59, "h": 313.5, "d5": 0.393, "sm": 0.383, "d6": "tick=255353 goal=0 here=0", "l": [1.21, 0.75, 0.75, 0.38, 2.36, 1.21, 0.62, 0.72, 0.49, 0.34, 0.32, 0.31, 0.48, 0.88, 0.92, 0.49]}
{"t": 137.3, "x": 640, "y": 116, "h": 314.8, "d5": 0.404, "sm": 0.388, "d6": "tick=255374 goal=0 here=0", "l": [1.16, 0.71, 0.69, 0.36, 0.83, 1.26, 0.67, 0.72, 0.52, 0.36, 0.37, 0.34, 0.5, 0.86, 0.85, 0.42]}
{"t": 137.5, "x": 585, "y": 169, "h": 313.9, "d5": 0.419, "sm": 0.396, "d6": "tick=255394 goal=0 here=0", "l": [1.09, 0.7, 0.62, 0.56, 0.29, 1.32, 0.69, 0.7, 0.57, 0.38, 0.38, 0.4, 0.55, 0.86, 0.83, 0.38]}
{"t": 137.7, "x": 527, "y": 225, "h": 313.8, "d5": 0.436, "sm": 0.406, "d6": "tick=255415 goal=0 here=0", "l": [0.97, 1.68, 0.56, 0.62, 0.33, 1.42, 0.75, 0.67, 0.63, 0.43, 0.4, 0.45, 0.56, 0.86, 0.8, 0.33]}
{"t": 137.9, "x": 463, "y": 271, "h": 305.5, "d5": 0.44, "sm": 0.414, "d6": "tick=255436 goal=0 here=0", "l": [0.87, 1.39, 0.62, 0.63, 0.34, 0.31, 1.29, 0.71, 0.81, 0.48, 0.43, 0.47, 0.57, 0.81, 0.83, 0.33]}
{"t": 138.1, "x": 392, "y": 309, "h": 298.8, "d5": 0.45, "sm": 0.423, "d6": "tick=255457 goal=0 here=0", "l": [0.81, 1.23, 0.6, 0.56, 0.54, 0.35, 1.32, 0.77, 0.9, 0.55, 0.48, 0.49, 0.54, 0.78, 0.78, 0.29]}
{"t": 138.9, "x": 381, "y": 312, "h": 18.9, "d5": 0.45, "sm": 0.43, "d6": "tick=255536 goal=0 here=0", "l": [0.61, 0.39, 0.35, 1.28, 0.75, 0.67, 0.5, 0.41, 0.51, 0.61, 0.83, 0.7, 0.68, 0.89, 1.6, 0.56]}
{"t": 139.1, "x": 401, "y": 383, "h": 16.0, "d5": 0.474, "sm": 0.441, "d6": "tick=255559 goal=0 here=0", "l": [0.58, 0.5, 0.34, 0.27, 0.77, 0.93, 0.54, 0.49, 0.55, 0.63, 0.88, 0.71, 0.69, 0.83, 1.32, 0.56]}
{"t": 139.4, "x": 410, "y": 462, "h": 6.2, "d5": 0.467, "sm": 0.447, "d6": "tick=255580 goal=0 here=0", "l": [0.44, 0.55, 0.3, 0.31, 0.73, 0.85, 0.71, 0.55, 0.51, 0.63, 0.85, 0.81, 0.71, 0.78, 1.16, 0.52]}
{"t": 139.6, "x": 405, "y": 544, "h": 356.3, "d5": 0.489, "sm": 0.458, "d6": "tick=255601 goal=0 here=0", "l": [0.41, 0.5, 0.44, 0.29, 0.27, 0.8, 0.92, 0.61, 0.54, 0.61, 0.73, 0.82, 0.47, 0.77, 0.95, 0.48]}
{"t": 139.8, "x": 394, "y": 620, "h": 352.2, "d5": 0.498, "sm": 0.468, "d6": "tick=255621 goal=0 here=0", "l": [0.44, 0.46, 0.47, 0.27, 0.3, 0.29, 0.94, 0.72, 0.62, 0.66, 0.75, 0.82, 0.47, 0.71, 0.9, 1.44]}
{"t": 140.0, "x": 377, "y": 697, "h": 347.0, "d5": 0.516, "sm": 0.48, "d6": "tick=255642 goal=0 here=0", "l": [0.4, 0.32, 0.43, 0.39, 0.26, 0.31, 0.85, 0.81, 0.67, 0.7, 0.78, 0.86, 0.46, 0.69, 0.8, 1.18]}
{"t": 140.2, "x": 351, "y": 773, "h": 341.2, "d5": 0.525, "sm": 0.491, "d6": "tick=255663 goal=0 here=0", "l": [0.36, 0.27, 0.39, 0.39, 0.27, 0.3, 0.33, 0.89, 0.72, 0.69, 0.83, 0.28, 0.48, 0.67, 0.73, 1.08]}
{"t": 141.1, "x": 343, "y": 787, "h": 63.9, "d5": 0.546, "sm": 0.505, "d6": "tick=255753 goal=0 here=0", "l": [0.38, 0.25, 0.33, 1.06, 0.75, 0.66, 0.76, 0.95, 0.46, 0.66, 0.71, 0.84, 0.36, 0.31, 0.35, 0.42]}
{"t": 142.0, "x": 335, "y": 787, "h": 143.3, "d5": 0.553, "sm": 0.517, "d6": "tick=255847 goal=0 here=0", "l": [0.86, 0.74, 0.75, 0.8, 0.44, 0.73, 0.71, 0.83, 1.16, 0.35, 0.27, 0.39, 0.39, 0.25, 0.34, 0.88]}
{"t": 142.2, "x": 376, "y": 727, "h": 145.9, "d5": 0.547, "sm": 0.524, "d6": "tick=255868 goal=0 here=0", "l": [0.83, 0.69, 0.71, 0.8, 0.89, 0.49, 0.71, 0.8, 1.17, 0.37, 0.31, 0.42, 0.39, 0.23, 0.3, 0.84]}
{"t": 142.4, "x": 429, "y": 666, "h": 139.3, "d5": 0.55, "sm": 0.531, "d6": "tick=255889 goal=0 here=0", "l": [0.8, 0.66, 0.63, 0.77, 0.96, 0.47, 0.7, 0.79, 1.15, 0.43, 0.35, 0.41, 0.38, 0.24, 0.28, 0.79]}
{"t": 142.7, "x": 480, "y": 603, "h": 140.5, "d5": 0.523, "sm": 0.529, "d6": "tick=255910 goal=0 here=0", "l": [0.81, 0.63, 0.57, 0.69, 0.94, 0.33, 0.73, 0.83, 1.13, 0.47, 0.39, 0.44, 0.36, 0.23, 0.25, 0.76]}
{"t": 142.9, "x": 537, "y": 546, "h": 135.4, "d5": 0.528, "sm": 0.529, "d6": "tick=255931 goal=0 here=0", "l": [0.86, 0.59, 0.55, 0.64, 0.75, 0.91, 0.78, 0.82, 1.15, 0.51, 0.41, 0.47, 0.24, 0.22, 0.21, 0.72]}
{"t": 143.1, "x": 592, "y": 487, "h": 136.7, "d5": 0.513, "sm": 0.525, "d6": "tick=255952 goal=0 here=0", "l": [0.82, 0.58, 0.54, 0.62, 0.76, 0.9, 0.82, 0.88, 1.19, 0.54, 0.5, 0.44, 0.21, 0.23, 0.18, 0.68]}
{"t": 143.3, "x": 640, "y": 430, "h": 140.2, "d5": 0.522, "sm": 0.524, "d6": "tick=255972 goal=0 here=0", "l": [0.78, 0.54, 0.53, 0.6, 0.76, 0.91, 0.6, 0.92, 1.23, 0.57, 0.54, 0.28, 0.21, 0.19, 0.96, 0.63]}
{"t": 143.5, "x": 691, "y": 370, "h": 139.2, "d5": 0.502, "sm": 0.519, "d6": "tick=255993 goal=0 here=0", "l": [0.67, 0.51, 0.51, 0.57, 0.75, 0.92, 0.43, 0.97, 1.31, 0.53, 0.54, 0.24, 0.2, 0.12, 0.6, 0.6]}
{"t": 143.7, "x": 746, "y": 311, "h": 137.4, "d5": 0.494, "sm": 0.512, "d6": "tick=256014 goal=0 here=0", "l": [0.6, 0.48, 0.46, 0.51, 0.75, 0.93, 0.5, 0.98, 1.35, 0.54, 0.56, 0.23, 0.12, 1.14, 0.58, 0.6]}
{"t": 143.9, "x": 788, "y": 244, "h": 147.8, "d5": 0.488, "sm": 0.506, "d6": "tick=256035 goal=0 here=0", "l": [0.53, 0.43, 0.43, 0.47, 0.76, 0.95, 0.49, 1.02, 1.46, 0.57, 0.3, 0.14, 1.46, 1.11, 0.58, 0.67]}
{"t": 144.2, "x": 859, "y": 148, "h": 143.7, "d5": 0.472, "sm": 0.498, "d6": "tick=256061 goal=0 here=0", "l": [0.48, 0.38, 0.41, 0.42, 0.76, 0.98, 0.57, 1.06, 0.75, 0.65, 0.27, 0.68, 1.28, 1.14, 0.53, 0.66]}
{"t": 144.4, "x": 912, "y": 93, "h": 136.0, "d5": 0.469, "sm": 0.491, "d6": "tick=256086 goal=0 here=0", "l": [0.44, 0.38, 0.33, 0.38, 0.57, 1.09, 0.98, 1.11, 1.5, 0.69, 0.23, 0.72, 1.32, 1.12, 0.47, 0.58]}
{"t": 144.4, "x": 920, "y": 84, "h": 138.8, "d5": 0.47, "sm": 0.485, "d6": "tick=256089 goal=0 here=0", "l": [0.44, 0.4, 0.32, 0.39, 0.55, 1.0, 0.97, 1.1, 1.49, 0.68, 0.24, 0.71, 1.45, 1.11, 0.49, 0.56]}
{"t": 145.5, "x": 887, "y": 11, "h": 214.4, "d5": 0.474, "sm": 0.483, "d6": "tick=256198 goal=0 here=0", "l": [0.35, 0.6, -1.0, 0.84, 1.15, 0.81, 0.75, 0.74, 0.76, 1.23, 0.52, 0.43, 0.6, 0.38, 0.29, 0.32]}
{"t": 146.5, "x": 884, "y": 1, "h": 302.4, "d5": 0.492, "sm": 0.485, "d6": "tick=256293 goal=0 here=0", "l": [1.12, 1.58, 0.72, 0.32, 0.75, 1.29, 0.53, 0.45, 0.6, 0.38, 0.32, 0.28, 0.34, 0.53, 1.06, 0.96]}
{"t": 146.9, "x": 828, "y": 38, "h": 303.1, "d5": 0.495, "sm": 0.487, "d6": "tick=256336 goal=0 here=0", "l": [1.08, 1.54, 0.67, 0.37, 0.73, 1.32, 0.56, -1.0, 0.63, 0.43, 0.31, 0.3, 0.34, 0.53, 1.04, 0.94]}
{"t": 147.1, "x": 757, "y": 79, "h": 299.8, "d5": 0.508, "sm": 0.493, "d6": "tick=256357 goal=0 here=0", "l": [1.05, 1.45, 0.66, 0.68, 0.74, 1.38, 1.18, 0.53, 0.67, 0.45, 0.35, 0.34, 0.34, 0.56, 1.01, 0.91]}
{"t": 147.3, "x": 683, "y": 113, "h": 294.6, "d5": 0.527, "sm": 0.501, "d6": "tick=256378 goal=0 here=0", "l": [0.98, 1.38, 0.69, 0.68, 0.31, 1.54, 1.21, 0.61, 0.71, 0.48, 0.38, 0.36, 0.36, 0.59, 0.96, 0.89]}
{"t": 147.5, "x": 612, "y": 146, "h": 295.1, "d5": 0.528, "sm": 0.508, "d6": "tick=256399 goal=0 here=0", "l": [0.92, 1.16, 0.7, 0.69, 0.33, 0.88, 1.2, 0.64, 0.74, 0.51, 0.36, 0.38, 0.43, 0.59, 0.94, 0.82]}
{"t": 147.7, "x": 542, "y": 177, "h": 294.4, "d5": 0.551, "sm": 0.519, "d6": "tick=256419 goal=0 here=0", "l": [0.81, 1.09, 0.67, 0.64, 0.39, 0.28, 1.28, 0.69, 0.77, 0.56, 0.41, 0.39, 0.47, 0.62, 0.92, 0.77]}
{"t": 148.0, "x": 468, "y": 207, "h": 291.4, "d5": 0.565, "sm": 0.53, "d6": "tick=256440 goal=0 here=0", "l": [0.75, 1.03, 1.75, 0.58, 0.66, 0.37, 1.36, 0.72, 0.74, 0.58, 0.43, 0.41, 0.47, 0.62, 0.9, 0.77]}
{"t": 148.2, "x": 391, "y": 230, "h": 286.7, "d5": 0.574, "sm": 0.541, "d6": "tick=256461 goal=0 here=0", "l": [0.31, 0.88, 1.62, 0.58, 0.63, 0.38, 0.3, 1.29, 0.74, 0.62, 0.45, 0.41, 0.49, 0.61, 0.88, 0.73]}
{"t": 148.4, "x": 313, "y": 250, "h": 284.9, "d5": 0.567, "sm": 0.548, "d6": "tick=256482 goal=0 here=0", "l": [0.28, 0.81, 1.32, 0.6, 0.65, 0.58, 0.39, 1.36, 0.74, 0.71, 0.47, 0.39, 0.46, 0.6, 0.79, 0.78]}
{"t": 149.3, "x": 302, "y": 250, "h": 7.6, "d5": 0.598, "sm": 0.56, "d6": "tick=256571 goal=0 here=0", "l": [0.54, 0.59, 0.38, 1.32, 0.8, 0.9, 0.52, 0.43, 0.46, 0.53, 0.75, 0.73, 0.34, 0.79, 1.02, 0.59]}
{"t": 149.5, "x": 312, "y": 323, "h": 8.1, "d5": 0.612, "sm": 0.573, "d6": "tick=256594 goal=0 here=0", "l": [0.51, 0.65, 0.37, 0.32, 0.81, 0.92, 0.59, 0.49, 0.49, 0.55, 0.8, 0.77, 0.28, 0.8, 0.99, 0.57]}
{"t": 149.7, "x": 318, "y": 398, "h": 4.4, "d5": 0.619, "sm": 0.585, "d6": "tick=256614 goal=0 here=0", "l": [0.46, 0.59, 0.34, 0.34, 0.81, 0.93, 0.68, 0.53, 0.55, 0.59, 0.82, 0.77, 0.45, 0.78, 0.97, 0.53]}
{"t": 149.9, "x": 318, "y": 478, "h": 0.2, "d5": 0.639, "sm": 0.598, "d6": "tick=256635 goal=0 here=0", "l": [0.43, 0.52, 0.43, 0.34, 0.3, 0.82, 0.73, 0.58, 0.53, 0.64, 0.82, 0.8, 0.68, 0.75, 0.96, 0.51]}
{"t": 150.1, "x": 309, "y": 559, "h": 353.5, "d5": 0.638, "sm": 0.608, "d6": "tick=256656 goal=0 here=0", "l": [0.46, 0.48, 0.47, 0.3, 0.31, 0.84, 0.98, 0.62, 0.55, 0.61, 0.72, 0.79, 0.45, 0.74, 0.9, 1.5]}
{"t": 150.3, "x": 297, "y": 639, "h": 351.2, "d5": 0.657, "sm": 0.62, "d6": "tick=256677 goal=0 here=0", "l": [0.41, 0.35, 0.47, 0.41, 0.33, 0.32, 1.01, 0.73, 0.62, 0.66, 0.72, 0.81, 0.45, 0.69, 0.83, 1.2]}
{"t": 150.5, "x": 279, "y": 713, "h": 346.3, "d5": 0.666, "sm": 0.632, "d6": "tick=256697 goal=0 here=0", "l": [0.39, 0.3, 0.46, 0.41, 0.28, 0.35, 0.87, 0.84, 0.69, 0.72, 0.77, 0.27, 0.69, 0.68, 0.74, 1.13]}
{"t": 151.4, "x": 272, "y": 725, "h": 69.0, "d5": 0.693, "sm": 0.647, "d6": "tick=256787 goal=0 here=0", "l": [0.35, 0.31, 0.34, 0.99, 0.69, 0.66, 0.77, 0.91, 0.41, 0.63, 0.69, 0.88, 0.37, 0.32, 0.41, 0.44]}
{"t": 151.7, "x": 340, "y": 753, "h": 68.3, "d5": 0.683, "sm": 0.656, "d6": "tick=256810 goal=0 here=0", "l": [0.3, 0.29, 0.33, 1.05, 0.72, 0.66, 0.78, 0.94, 0.46, 0.65, 0.73, 1.01, 0.37, 0.28, 0.41, 0.41]}
{"t": 152.7, "x": 366, "y": 764, "h": 154.1, "d5": 0.708, "sm": 0.669, "d6": "tick=256914 goal=0 here=0", "l": [0.79, 0.67, 0.72, 0.94, 0.46, 0.69, 0.74, 0.87, 0.37, 0.3, 0.36, 0.43, 0.35, 0.24, 0.32, 1.01]}
{"t": 153.0, "x": 406, "y": 687, "h": 152.5, "d5": 0.69, "sm": 0.674, "d6": "tick=256941 goal=0 here=0", "l": [0.76, 0.67, 0.7, 0.79, 0.3, 0.73, 0.78, 0.9, 0.41, 0.34, 0.43, 0.39, 0.26, 0.26, 0.26, 0.96]}
{"t": 153.2, "x": 444, "y": 615, "h": 152.3, "d5": 0.684, "sm": 0.677, "d6": "tick=256962 goal=0 here=0", "l": [0.71, 0.65, 0.66, 0.76, 0.85, 0.77, 0.81, 0.93, 0.45, 0.35, 0.45, 0.39, 0.22, 0.25, 0.23, 0.94]}
{"t": 153.2, "x": 449, "y": 606, "h": 150.6, "d5": 0.679, "sm": 0.677, "d6": "tick=256965 goal=0 here=0", "l": [0.72, 0.63, 0.67, 0.76, 0.87, 0.52, 0.8, 0.93, 0.45, 0.35, 0.45, 0.39, 0.24, 0.26, 0.24, 0.93]}
{"t": 154.3, "x": 393, "y": 539, "h": 230.5, "d5": 0.689, "sm": 0.68, "d6": "tick=257075 goal=0 here=0", "l": [0.89, 0.88, 0.74, 0.79, 0.95, 0.47, 0.38, 0.51, 0.4, 0.27, 0.27, 0.76, 0.79, 0.59, 0.56, 0.64]}
{"t": 154.5, "x": 324, "y": 471, "h": 225.3, "d5": 0.698, "sm": 0.685, "d6": "tick=257096 goal=0 here=0", "l": [0.81, 0.79, 0.45, 0.76, 0.94, 0.49, 0.44, 0.53, 0.47, 0.3, 0.28, 0.77, 0.76, 0.58, 0.52, 0.61]}
{"t": 154.7, "x": 261, "y": 405, "h": 223.6, "d5": 0.71, "sm": 0.691, "d6": "tick=257116 goal=0 here=0", "l": [0.65, 0.73, 0.2, 0.68, 0.94, 1.56, 0.51, 0.56, 0.52, 0.38, 1.34, 0.82, 0.73, 0.55, 0.5, 0.57]}
{"t": 154.9, "x": 217, "y": 355, "h": 221.0, "d5": 0.707, "sm": 0.695, "d6": "tick=257137 goal=0 here=0", "l": [0.6, 0.69, 0.26, 0.63, 0.81, 1.56, 0.57, 0.6, 0.56, 0.4, 1.35, 0.84, 0.73, 0.53, 0.49, 0.55]}
{"t": 155.1, "x": 173, "y": 306, "h": 222.3, "d5": 0.707, "sm": 0.698, "d6": "tick=257158 goal=0 here=0", "l": [0.55, 0.7, 0.63, 0.61, 0.8, 1.35, 0.57, 0.63, 0.59, 0.45, 1.37, 0.89, 0.71, 0.51, 0.47, 0.5]}
{"t": 155.3, "x": 132, "y": 258, "h": 220.5, "d5": 0.706, "sm": 0.7, "d6": "tick=257179 goal=0 here=0", "l": [0.51, 0.67, 0.6, 0.18, 0.76, 1.31, 0.57, 0.64, 0.63, 0.47, 1.42, 0.92, 0.69, 0.49, 0.47, 0.49]}
{"t": 155.6, "x": 90, "y": 211, "h": 221.8, "d5": 0.71, "sm": 0.702, "d6": "tick=257200 goal=0 here=0", "l": [0.49, 0.7, 0.59, 0.21, 0.13, 1.29, 0.58, 0.58, 0.67, 0.49, 1.0, 0.97, 0.64, 0.44, 0.45, 0.45]}
{"t": 155.8, "x": 49, "y": 165, "h": 221.3, "d5": 0.713, "sm": 0.705, "d6": "tick=257220 goal=0 here=0", "l": [0.48, 0.68, 0.59, 0.23, 0.17, 1.21, 0.61, 0.61, 0.68, 0.53, 0.95, 1.0, 0.58, 0.4, 0.42, 0.43]}
{"t": 156.0, "x": 10, "y": 115, "h": 218.4, "d5": 0.713, "sm": 0.707, "d6": "tick=257241 goal=0 here=0", "l": [0.43, 0.69, 0.61, 0.41, 0.2, 0.17, 2.72, 0.64, 0.73, 0.54, 0.95, 1.0, -1.0, 0.36, 0.41, 0.41]}
{"t": 156.3, "x": -41, "y": 64, "h": 226.7, "d5": 0.711, "sm": 0.708, "d6": "tick=257279 goal=0 here=0", "l": [0.41, 0.59, 0.54, 0.39, 0.2, 0.17, 0.66, 0.74, -1.0, 0.52, 0.97, 0.81, 0.48, 0.36, 0.34, 0.43]}
{"t": 156.5, "x": -83, "y": 18, "h": 221.9, "d5": 0.723, "sm": 0.712, "d6": "tick=257299 goal=0 here=0", "l": [0.39, 0.58, 0.56, 0.41, 0.21, 0.21, 0.74, 0.71, 0.74, 1.64, 0.98, 0.8, 0.45, 0.37, 0.33, 0.37]}
{"t": 156.8, "x": -138, "y": -39, "h": 224.4, "d5": 0.709, "sm": 0.711, "d6": "tick=257325 goal=0 here=0", "l": [0.36, 0.58, 0.55, 0.5, 0.38, 0.2, 0.22, 0.73, 0.79, 1.63, 0.98, 0.79, 0.36, 0.37, 0.3, 0.35]}
{"t": 157.0, "x": -182, "y": -87, "h": 222.1, "d5": 0.719, "sm": 0.713, "d6": "tick=257346 goal=0 here=0", "l": [0.3, 0.56, 0.48, 0.47, 0.36, 0.22, 0.23, 0.77, 0.83, 1.69, 1.0, 0.78, 0.36, 0.33, 0.27, 0.32]}
{"t": 157.9, "x": -187, "y": -103, "h": 137.5, "d5": 0.724, "sm": 0.716, "d6": "tick=257436 goal=0 here=0", "l": [0.32, 0.28, 0.27, 0.29, 0.44, 0.51, 0.52, 0.47, 0.36, 0.22, 0.25, 0.81, 0.68, 1.63, 0.98, 0.55]}
{"t": 158.8, "x": -181, "y": -104, "h": 57.2, "d5": 0.736, "sm": 0.721, "d6": "tick=257527 goal=0 here=0", "l": [0.68, 1.61, 1.07, 0.49, 0.33, 0.28, 0.29, 0.3, 0.47, 0.45, 0.47, 0.38, 0.37, 0.26, 0.78, 0.91]}
{"t": 159.3, "x": -123, "y": -59, "h": 52.3, "d5": 0.738, "sm": 0.725, "d6": "tick=257570 goal=0 here=0", "l": [0.64, 1.64, 1.02, 0.53, 0.34, 0.31, 0.32, 0.33, 0.5, 0.47, 0.47, 0.39, 0.23, 0.21, 0.74, 0.87]}
{"t": 159.5, "x": -58, "y": -12, "h": 54.8, "d5": 0.746, "sm": 0.73, "d6": "tick=257591 goal=0 here=0", "l": [0.61, 1.57, 0.94, 0.56, 0.34, 0.35, 0.31, 0.37, 0.52, 0.53, 0.51, 0.38, 0.22, 0.21, 0.73, 0.83]}
{"t": 159.7, "x": 6, "y": 37, "h": 52.6, "d5": 0.742, "sm": 0.733, "d6": "tick=257612 goal=0 here=0", "l": [0.57, 1.52, 0.88, 0.71, 0.4, 0.36, 0.34, 0.42, 0.57, 0.56, 0.52, 0.41, 0.22, 1.83, 0.71, 0.8]}
{"t": 159.9, "x": 63, "y": 85, "h": 49.7, "d5": 0.742, "sm": 0.735, "d6": "tick=257632 goal=0 here=0", "l": [0.54, 1.49, 0.86, 0.72, 0.47, 0.36, 0.36, 0.44, 0.59, 0.6, 0.54, 0.25, 0.19, 1.88, 0.68, 0.76]}
{"t": 160.1, "x": 130, "y": 130, "h": 56.1, "d5": 0.753, "sm": 0.74, "d6": "tick=257653 goal=0 here=0", "l": [0.49, 1.42, 0.85, 0.74, 0.46, 0.35, 0.39, 0.48, 0.66, 0.62, 0.61, 0.24, 0.96, 2.11, 0.63, 0.74]}
{"t": 160.3, "x": 194, "y": 178, "h": 52.8, "d5": 0.743, "sm": 0.741, "d6": "tick=257674 goal=0 here=0", "l": [0.46, 1.41, 0.84, 0.9, 0.47, 0.37, 0.42, 0.47, 0.69, 0.66, 0.51, 0.24, 0.99, 2.16, 0.61, 0.7]}
{"t": 160.6, "x": 292, "y": 245, "h": 55.7, "d5": 0.747, "sm": 0.742, "d6": "tick=257700 goal=0 here=0", "l": [0.41, -1.0, 0.83, 0.92, 0.51, 0.42, 0.45, 0.52, 0.72, 0.73, 0.29, 0.77, 0.99, 0.58, 0.55, 0.66]}
{"t": 160.8, "x": 356, "y": 291, "h": 54.3, "d5": 0.75, "sm": 0.744, "d6": "tick=257726 goal=0 here=0", "l": [0.34, 0.3, 0.8, 0.91, 0.56, 0.48, 0.49, 0.58, 0.81, 0.81, 0.28, 0.82, 1.23, 0.59, 0.56, 0.56]}
{"t": 161.7, "x": 372, "y": 310, "h": 329.4, "d5": 0.764, "sm": 0.749, "d6": "tick=257816 goal=0 here=0", "l": [1.38, 0.58, 0.6, 0.52, 0.36, 1.31, 0.75, 0.76, 0.51, 0.43, 0.52, 0.65, 0.88, 0.69, 0.7, 0.88]}
{"t": 161.9, "x": 333, "y": 370, "h": 326.2, "d5": 0.756, "sm": 0.751, "d6": "tick=257839 goal=0 here=0", "l": [1.32, 0.55, 0.58, 0.54, 0.35, 0.28, 0.77, 0.9, 0.57, 0.48, 0.53, 0.66, 0.87, 0.69, 0.67, 0.84]}
{"t": 162.2, "x": 288, "y": 437, "h": 326.4, "d5": 0.772, "sm": 0.756, "d6": "tick=257859 goal=0 here=0", "l": [1.27, 0.5, 0.51, 0.51, 0.33, 0.31, 0.84, 0.96, 0.59, 0.51, 0.58, 0.65, 0.79, 0.24, 0.65, 0.8]}
{"t": 162.4, "x": 247, "y": 506, "h": 329.2, "d5": 0.783, "sm": 0.763, "d6": "tick=257881 goal=0 here=0", "l": [1.21, 0.48, 0.4, 0.57, 0.36, 0.37, 0.86, 1.03, 0.65, 0.55, -1.0, 0.67, 0.77, 0.38, 0.66, 0.77]}
{"t": 162.6, "x": 205, "y": 575, "h": 328.8, "d5": 0.804, "sm": 0.773, "d6": "tick=257902 goal=0 here=0", "l": [1.17, 0.43, 0.38, 0.52, 0.46, 0.34, 0.86, 1.03, 0.69, 0.57, 0.63, 0.71, 0.2, 0.39, 0.62, 0.73]}
{"t": 162.8, "x": 168, "y": 645, "h": 332.3, "d5": 0.827, "sm": 0.787, "d6": "tick=257922 goal=0 here=0", "l": [-1.0, 0.39, 0.35, 0.49, 0.47, 0.39, 0.39, 1.07, 0.73, 0.6, 0.68, 0.83, 0.33, 0.63, 0.64, 0.73]}
{"t": 163.0, "x": 128, "y": 714, "h": 329.9, "d5": 0.833, "sm": 0.798, "d6": "tick=257944 goal=0 here=0", "l": [1.12, 0.35, 0.35, 0.46, 0.47, 0.35, 0.41, 1.11, 0.75, 0.65, 0.74, 0.22, 0.35, 0.59, 0.63, 0.73]}
{"t": 163.2, "x": 88, "y": 784, "h": 329.9, "d5": 0.837, "sm": 0.808, "d6": "tick=257965 goal=0 here=0", "l": [1.09, 0.3, 0.32, 0.42, 0.48, 0.39, 0.44, 1.14, 0.78, 0.72, 0.78, 0.25, 0.36, 0.54, 0.61, 0.71]}
{"t": 164.0, "x": 73, "y": 798, "h": 250.8, "d5": 0.844, "sm": 0.817, "d6": "tick=258045 goal=0 here=0", "l": [0.61, 0.53, 0.58, 0.74, 1.51, 0.31, 0.32, 0.47, 0.49, 0.4, 0.98, 0.97, 0.77, 0.73, 0.25, 0.34]}
{"t": 164.2, "x": 10, "y": 770, "h": 246.5, "d5": 0.861, "sm": 0.828, "d6": "tick=258067 goal=0 here=0", "l": [0.59, 0.49, 0.56, 0.7, 1.36, 0.3, 0.33, 0.47, 0.52, 0.45, 0.99, 0.97, 0.76, 0.72, 0.22, 0.32]}
{"t": 164.4, "x": -63, "y": 741, "h": 247.9, "d5": 0.859, "sm": 0.836, "d6": "tick=258088 goal=0 here=0", "l": [0.5, 0.44, 0.55, 0.7, 1.32, 0.33, 0.37, 0.54, 0.56, -1.0, 1.03, 0.98, 0.71, 0.69, 0.2, 0.27]}
{"t": 165.3, "x": -83, "y": 727, "h": 164.6, "d5": 0.869, "sm": 0.844, "d6": "tick=258172 goal=0 here=0", "l": [0.7, 0.18, 0.28, 0.28, 0.5, 0.46, 0.53, 0.7, 1.82, 0.34, 0.37, 0.57, 0.52, 0.53, 1.18, 0.81]}
{"t": 166.3, "x": -77, "y": 722, "h": 77.8, "d5": 0.868, "sm": 0.85, "d6": "tick=258277 goal=0 here=0", "l": [0.47, 0.52, 1.19, 0.79, 0.74, 0.17, 0.29, 0.29, 0.49, 0.48, 0.53, 0.91, -1.0, 0.35, 0.39, 0.6]}
{"t": 166.6, "x": -6, "y": 737, "h": 78.1, "d5": 0.865, "sm": 0.854, "d6": "tick=258300 goal=0 here=0", "l": [0.49, 0.52, 1.15, 0.85, 0.68, 0.73, 0.24, 0.32, 0.54, 0.52, 0.57, 0.91, 1.9, 0.34, 0.34, 0.55]}
{"t": 166.8, "x": 74, "y": 750, "h": 80.8, "d5": 0.857, "sm": 0.855, "d6": "tick=258321 goal=0 here=0", "l": [0.41, 0.43, 1.15, 0.77, 0.68, 0.75, 0.23, 0.34, 0.55, 0.58, 0.68, 1.05, 0.31, 0.36, 0.37, 0.48]}
{"t": 167.0, "x": 147, "y": 755, "h": 86.4, "d5": 0.861, "sm": 0.856, "d6": "tick=258341 goal=0 here=0", "l": [0.35, 0.42, 1.11, 0.76, 0.71, 0.8, 0.26, 0.41, 0.56, 0.64, 0.77, 1.36, 0.35, 0.28, 0.45, 0.46]}
{"t": 167.2, "x": 226, "y": 756, "h": 89.0, "d5": 0.81, "sm": 0.845, "d6": "tick=258362 goal=0 here=0", "l": [0.36, 0.38, 0.94, 0.76, 0.75, 0.81, 0.28, 0.62, 0.6, 0.65, 0.98, 0.34, 0.33, 0.32, 0.49, 0.4]}
{"t": 167.4, "x": 305, "y": 740, "h": 101.5, "d5": 0.819, "sm": 0.838, "d6": "tick=258383 goal=0 here=0", "l": [0.33, 0.88, 0.87, 0.73, 0.72, 0.79, 0.38, 0.7, 0.7, 0.8, 1.14, 0.36, 0.28, 0.4, 0.4, 0.27]}
