{"t": 0.1, "h": 202.5, "d5": 0.585, "sm": 0.585, "d6": "tick=137977 goal=0 here=0", "l": [0.33, 0.46, 0.62, 0.84, 0.48, 0.97, 1.5, 0.63, 0.69, 0.34, 1.42, 0.66, 0.61, 0.56, 0.41, 0.38]}
{"t": 1.4, "h": 337.9, "d5": 0.587, "sm": 0.585, "d6": "tick=138111 goal=0 here=0", "l": [1.74, 0.62, 0.61, 0.29, -1.0, 0.67, 0.66, 0.54, 0.37, 0.36, 0.32, 0.47, 0.66, 0.9, 0.46, 1.01]}
{"t": 1.6, "h": 331.1, "d5": 0.591, "sm": 0.587, "d6": "tick=138134 goal=0 here=0", "l": [1.69, 0.59, 0.66, 0.34, 1.41, 0.68, 0.63, 0.61, 0.42, 0.41, 0.38, 0.52, 0.84, 0.89, 0.4, 0.98]}
{"t": 1.8, "h": 328.5, "d5": 0.591, "sm": 0.588, "d6": "tick=138155 goal=0 here=0", "l": [1.45, 0.57, 0.61, 0.34, 0.24, 1.23, 0.67, 0.77, 0.47, 0.44, 0.42, 0.55, 0.84, 0.84, 0.79, 0.93]}
{"t": 2.0, "h": 329.3, "d5": 0.58, "sm": 0.586, "d6": "tick=138176 goal=0 here=0", "l": [1.38, 0.55, 0.58, 0.34, 0.31, 1.31, 0.73, 0.88, 0.56, 0.5, 0.51, 0.64, 0.88, 0.77, 0.73, 0.89]}
{"t": 2.3, "h": 327.2, "d5": 0.573, "sm": 0.583, "d6": "tick=138197 goal=0 here=0", "l": [1.3, 0.53, 0.56, 0.49, 0.31, 0.28, 0.78, 0.92, 0.6, 0.54, 0.56, 0.69, 0.92, 0.72, 0.72, 0.84]}
{"t": 2.5, "h": 326.0, "d5": 0.571, "sm": 0.58, "d6": "tick=138218 goal=0 here=0", "l": [1.25, 0.49, 0.45, 0.51, 0.3, 0.31, 0.81, 0.97, 0.66, 0.57, 0.6, 0.69, 0.91, 0.26, 0.65, 0.81]}
{"t": 2.7, "h": 325.8, "d5": 0.564, "sm": 0.576, "d6": "tick=138238 goal=0 here=0", "l": [1.17, 0.45, 0.39, 0.51, 0.45, 0.34, 0.34, 0.99, 0.74, 0.61, -1.0, 0.7, 0.85, 0.39, 0.63, 0.75]}
{"t": 2.9, "h": 324.7, "d5": 0.56, "sm": 0.572, "d6": "tick=138259 goal=0 here=0", "l": [1.08, 0.38, 0.33, 0.48, 0.44, 0.33, 0.38, 1.0, 0.83, 0.63, 0.66, 0.72, 0.23, 0.38, 0.61, 0.71]}
{"t": 3.1, "h": 321.8, "d5": 0.561, "sm": 0.569, "d6": "tick=138285 goal=0 here=0", "l": [1.01, 0.34, 0.33, 0.4, 0.47, 0.36, 0.41, 0.96, 0.86, 0.69, 0.7, 0.74, 0.36, 0.62, 0.59, 0.67]}
{"t": 4.6, "h": 172.8, "d5": 0.56, "sm": 0.567, "d6": "tick=138427 goal=0 here=0", "l": [0.67, 0.73, 0.21, 0.35, 0.57, 0.62, 0.76, 1.13, 0.33, 0.33, 0.45, 0.45, 0.35, 0.4, 1.12, 0.79]}
{"t": 4.8, "h": 169.2, "d5": 0.59, "sm": 0.573, "d6": "tick=138450 goal=0 here=0", "l": [0.62, 0.67, 0.84, 0.34, 0.63, 0.62, 0.69, 1.13, 0.37, 0.35, 0.49, 0.47, 0.36, 0.41, 1.1, 0.73]}
{"t": 5.0, "h": 169.5, "d5": 0.599, "sm": 0.579, "d6": "tick=138470 goal=0 here=0", "l": [0.57, 0.62, 0.67, 0.18, 0.34, 0.57, 0.7, 1.12, 0.42, 0.39, 0.52, 0.49, 0.4, 0.89, 1.06, 0.68]}
{"t": 5.2, "h": 167.8, "d5": 0.6, "sm": 0.584, "d6": "tick=138496 goal=0 here=0", "l": [0.53, 0.56, 0.64, 0.77, 0.33, 0.58, 0.7, 1.11, 0.47, 0.44, 0.54, 0.44, 0.4, 0.9, 1.02, 0.63]}
{"t": 5.5, "h": 166.1, "d5": 0.615, "sm": 0.592, "d6": "tick=138517 goal=0 here=0", "l": [0.46, 0.51, 0.61, 0.82, 0.67, 0.65, 0.73, 1.12, 0.51, 0.49, 0.61, 0.39, 0.38, 0.85, 0.98, 0.57]}
{"t": 5.7, "h": 166.7, "d5": 0.612, "sm": 0.597, "d6": "tick=138538 goal=0 here=0", "l": [0.41, 0.47, 0.56, 0.73, 0.76, 0.25, 0.78, 0.98, 0.58, 0.54, 0.65, 0.43, 0.35, 0.85, 0.94, 0.54]}
{"t": 5.9, "h": 163.9, "d5": 0.607, "sm": 0.6, "d6": "tick=138558 goal=0 here=0", "l": [0.37, 0.42, 0.48, 0.71, 0.71, 0.49, 0.74, 1.02, 0.63, 0.57, 0.66, 0.41, 1.38, 0.78, 0.88, 0.48]}
{"t": 6.1, "h": 159.6, "d5": 0.617, "sm": 0.604, "d6": "tick=138579 goal=0 here=0", "l": [0.35, 0.38, 0.42, 0.52, 0.69, 0.65, 0.3, 1.06, 2.24, 0.61, 0.64, 0.44, 1.39, 0.74, 0.69, 0.43]}
{"t": 6.3, "h": 165.3, "d5": 0.638, "sm": 0.612, "d6": "tick=138600 goal=0 here=0", "l": [0.29, 0.32, 0.37, 0.5, 0.77, 0.67, 0.33, 1.08, 2.21, 0.64, 0.69, 0.38, 1.4, 0.75, 0.64, 0.38]}
{"t": 7.0, "h": 106.0, "d5": 0.648, "sm": 0.621, "d6": "tick=138672 goal=0 here=0", "l": [0.83, 0.53, 0.35, 0.26, 0.35, 0.4, 0.54, 0.7, 0.73, 0.34, 1.36, 0.76, 0.78, 0.49, 1.55, 0.83]}
{"t": 7.2, "h": 102.0, "d5": 0.638, "sm": 0.625, "d6": "tick=138694 goal=0 here=0", "l": [0.79, 0.51, 0.33, 0.28, 0.29, 0.35, 0.53, 0.73, 0.75, 0.37, 1.36, 0.77, 0.77, 0.46, 1.51, 0.78]}
{"t": 7.4, "h": 100.1, "d5": 0.608, "sm": 0.621, "d6": "tick=138715 goal=0 here=0", "l": [0.74, 0.5, 0.31, 0.29, 0.27, 0.38, 0.56, 0.79, 0.79, 0.4, 1.43, 0.77, 0.74, 0.43, 1.47, 0.71]}
{"t": 7.6, "h": 103.0, "d5": 0.616, "sm": 0.62, "d6": "tick=138736 goal=0 here=0", "l": [0.68, 0.45, 0.3, 0.3, 0.26, 0.37, 0.57, 0.86, 0.83, 0.99, 1.48, 0.75, 0.76, 0.85, 1.46, 0.67]}
{"t": 7.9, "h": 101.9, "d5": 0.604, "sm": 0.616, "d6": "tick=138757 goal=0 here=0", "l": [0.62, 0.45, 0.31, 0.26, 0.28, 0.26, 0.48, 0.95, 0.89, 1.04, 1.52, 0.74, 0.47, 0.86, 1.4, 0.64]}
{"t": 8.1, "h": 99.5, "d5": 0.59, "sm": 0.609, "d6": "tick=138777 goal=0 here=0", "l": [0.55, 0.57, 0.33, 0.23, 0.27, 0.28, 0.46, 1.0, 0.9, 1.08, 1.57, 0.72, 0.43, 0.84, 1.38, 0.59]}
{"t": 8.3, "h": 102.6, "d5": 0.574, "sm": 0.601, "d6": "tick=138798 goal=0 here=0", "l": [0.49, 0.56, 0.34, 0.23, 0.23, -1.0, 0.45, 0.96, 0.97, 1.14, 1.62, 0.78, 0.79, 0.81, 1.31, 0.54]}
{"t": 8.5, "h": 97.1, "d5": 0.586, "sm": 0.597, "d6": "tick=138819 goal=0 here=0", "l": [0.43, 0.54, 0.31, 0.27, 0.21, 0.28, 0.35, 0.79, 1.01, 1.18, 1.66, 0.81, 0.79, 0.84, 1.25, 0.5]}
{"t": 8.7, "h": 95.8, "d5": 0.563, "sm": 0.588, "d6": "tick=138840 goal=0 here=0", "l": [0.39, 0.47, 0.3, 0.26, 0.23, 0.26, 0.34, 0.81, 1.08, 1.24, 1.69, 0.83, 0.82, 0.82, 1.22, 0.46]}
{"t": 8.9, "h": 97.8, "d5": 0.543, "sm": 0.577, "d6": "tick=138861 goal=0 here=0", "l": [0.33, 0.44, 0.27, 0.24, 0.23, 0.23, 0.34, 0.84, 1.16, 1.26, 1.73, 0.38, 0.82, 2.53, 1.17, 0.37]}
{"t": 10.3, "h": 307.3, "d5": 0.554, "sm": 0.571, "d6": "tick=138998 goal=0 here=0", "l": [1.46, 0.83, 0.79, 0.75, 1.44, 0.41, 0.3, 0.4, 0.44, 0.23, 0.26, 0.23, 0.28, 0.42, 1.12, 0.79]}
{"t": 10.5, "h": 306.6, "d5": 0.561, "sm": 0.569, "d6": "tick=139021 goal=0 here=0", "l": [1.37, 0.9, 0.58, 0.74, 1.57, 1.01, 0.36, 0.41, 0.49, 0.28, 0.28, 0.24, -1.0, 0.57, 1.12, 0.76]}
{"t": 10.8, "h": 307.5, "d5": 0.574, "sm": 0.57, "d6": "tick=139047 goal=0 here=0", "l": [1.27, 0.87, 0.31, 0.76, 2.54, 1.09, 0.44, 0.4, 0.53, 0.34, 0.33, 0.27, 0.37, 0.6, 1.04, 0.7]}
{"t": 11.0, "h": 305.7, "d5": 0.561, "sm": 0.568, "d6": "tick=139068 goal=0 here=0", "l": [1.18, 0.82, 0.74, 0.74, 0.8, 1.18, 0.5, 0.42, 0.59, 0.39, 0.32, 0.3, 0.39, 0.66, 1.01, 0.64]}
{"t": 11.2, "h": 303.1, "d5": 0.564, "sm": 0.567, "d6": "tick=139088 goal=0 here=0", "l": [1.12, 0.78, 0.72, 0.71, 0.74, 1.25, 0.54, 0.49, 0.63, 0.41, 0.34, 0.36, 0.39, -1.0, 0.98, 0.59]}
{"t": 11.4, "h": 305.2, "d5": 0.574, "sm": 0.569, "d6": "tick=139109 goal=0 here=0", "l": [1.08, 0.75, 0.64, 0.3, 0.74, 1.31, 1.09, 0.52, 0.68, 0.47, 0.36, 0.38, 0.45, 0.72, 0.94, 0.53]}
{"t": 11.6, "h": 302.3, "d5": 0.573, "sm": 0.57, "d6": "tick=139130 goal=0 here=0", "l": [1.01, 1.48, 0.58, 0.56, 0.24, 1.33, 1.2, 0.59, 0.71, 0.51, 0.39, 0.41, 0.53, 0.72, 0.89, 0.47]}
{"t": 12.8, "h": 69.8, "d5": 0.594, "sm": 0.576, "d6": "tick=139253 goal=0 here=0", "l": [1.2, 0.61, 0.67, 0.53, 0.4, 0.41, 0.38, 0.64, 0.99, 0.86, 0.93, 1.17, 0.69, 0.63, 0.31, 0.81]}
{"t": 13.0, "h": 66.9, "d5": 0.564, "sm": 0.573, "d6": "tick=139276 goal=0 here=0", "l": [1.14, 0.58, 0.57, 0.6, 0.46, 0.41, 0.44, 0.63, 1.04, 0.92, 1.01, 1.36, 0.63, 0.61, 0.24, 0.8]}
{"t": 13.2, "h": 66.7, "d5": 0.564, "sm": 0.571, "d6": "tick=139297 goal=0 here=0", "l": [1.14, 0.52, 0.51, 0.67, 0.49, 0.42, 0.44, 0.63, 1.09, 0.94, 1.04, 1.37, 0.58, 0.27, 0.63, 0.74]}
{"t": 13.5, "h": 68.5, "d5": 0.557, "sm": 0.567, "d6": "tick=139322 goal=0 here=0", "l": [1.14, 0.53, 0.5, 0.7, 0.5, 0.42, 0.46, 0.61, 1.02, 0.95, 1.03, 1.28, 0.59, 0.28, 0.64, 0.69]}
{"t": 13.7, "h": 67.4, "d5": 0.546, "sm": 0.562, "d6": "tick=139343 goal=0 here=0", "l": [1.12, 0.5, 0.49, 0.69, 0.51, 0.41, 0.46, 0.62, 1.0, 0.94, 1.01, 1.21, 0.6, 0.58, 0.62, 0.71]}
{"t": 13.9, "h": 60.7, "d5": 0.544, "sm": 0.557, "d6": "tick=139364 goal=0 here=0", "l": [1.16, 0.57, 0.5, 0.68, 0.5, 0.42, 0.46, 0.61, 1.01, 0.95, 0.99, 1.22, 0.64, 0.61, 0.1, 0.68]}
{"t": 14.1, "h": 62.2, "d5": 0.555, "sm": 0.557, "d6": "tick=139385 goal=0 here=0", "l": [1.23, 1.05, 0.51, 0.67, 0.51, 0.42, 0.46, 0.59, 0.82, 1.03, 0.96, 1.21, 0.7, 0.61, 0.21, 0.66]}
{"t": 14.3, "h": 60.0, "d5": 0.553, "sm": 0.556, "d6": "tick=139405 goal=0 here=0", "l": [1.24, 1.06, 0.52, 0.68, 0.5, 0.42, 0.46, 0.57, 0.8, 1.04, 0.94, 1.18, 0.72, 0.62, 0.22, 0.66]}
{"t": 15.5, "h": 165.0, "d5": 0.557, "sm": 0.556, "d6": "tick=139522 goal=0 here=0", "l": [0.43, 0.44, 0.48, 0.79, 1.0, 0.73, 1.09, 0.71, 0.6, 0.24, 0.65, 1.26, 1.11, 0.52, 0.64, 0.54]}
{"t": 15.7, "h": 166.6, "d5": 0.571, "sm": 0.56, "d6": "tick=139544 goal=0 here=0", "l": [0.41, 0.41, 0.42, 0.74, 0.97, 0.59, 1.09, 0.74, 0.63, 0.27, 0.68, 1.25, 1.13, 0.5, 0.62, 0.48]}
{"t": 15.9, "h": 163.0, "d5": 0.581, "sm": 0.565, "d6": "tick=139565 goal=0 here=0", "l": [0.38, 0.33, 0.38, 0.6, 1.05, 0.85, 1.12, 1.6, 0.68, 0.26, 0.71, 1.26, 1.07, 0.48, 0.6, 0.41]}
{"t": 16.9, "h": 62.6, "d5": 0.544, "sm": 0.56, "d6": "tick=139665 goal=0 here=0", "l": [1.16, 0.52, 0.47, 0.64, 0.41, 0.35, 0.39, 0.39, 0.76, 1.04, 0.56, 1.29, 0.8, 0.67, 0.73, 0.79]}
{"t": 17.2, "h": 60.8, "d5": 0.53, "sm": 0.552, "d6": "tick=139687 goal=0 here=0", "l": [1.13, 0.46, 0.44, 0.61, 0.41, 0.35, 0.37, 0.43, 0.81, 1.06, 1.03, 1.28, 0.76, 0.19, 0.7, 0.77]}
{"t": 17.4, "h": 59.2, "d5": 0.529, "sm": 0.547, "d6": "tick=139708 goal=0 here=0", "l": [1.08, 0.43, 0.42, 0.56, 0.44, 0.42, 0.38, 0.47, 0.82, 1.12, 1.06, 1.3, 0.68, 0.43, 0.66, 0.72]}
{"t": 17.6, "h": 58.5, "d5": 0.518, "sm": 0.539, "d6": "tick=139729 goal=0 here=0", "l": [1.06, 0.43, 0.37, 0.51, -1.0, 0.43, 0.41, 0.51, 0.87, 1.16, 1.09, 1.31, 0.2, 0.46, 0.62, 2.49]}
{"t": 17.8, "h": 56.4, "d5": 0.503, "sm": 0.53, "d6": "tick=139750 goal=0 here=0", "l": [1.03, 0.86, 0.36, 0.34, 0.57, 0.43, 0.45, 0.55, 0.84, 1.2, 1.13, 0.19, 0.27, 0.58, 0.58, 2.46]}
{"t": 18.0, "h": 56.5, "d5": 0.485, "sm": 0.519, "d6": "tick=139770 goal=0 here=0", "l": [1.01, 0.88, 0.32, 0.33, 0.54, 0.45, 0.51, 0.57, 0.87, 1.26, 1.14, 0.21, 0.36, 0.56, 0.53, 2.38]}
{"t": 18.2, "h": 56.9, "d5": 0.479, "sm": 0.509, "d6": "tick=139791 goal=0 here=0", "l": [1.0, 0.84, 0.28, 0.3, 0.49, 0.52, 0.53, 0.57, 0.9, 1.27, 0.23, 0.24, 0.39, 0.54, 0.5, 2.28]}
{"t": 18.4, "h": 57.8, "d5": 0.479, "sm": 0.501, "d6": "tick=139812 goal=0 here=0", "l": [0.96, 0.81, 0.25, 0.27, 0.32, 0.58, 0.54, 0.59, 0.93, 1.32, 0.26, 0.35, 0.4, 0.53, 0.45, 2.23]}
{"t": 18.6, "h": 50.9, "d5": 0.458, "sm": 0.491, "d6": "tick=139832 goal=0 here=0", "l": [0.88, 0.73, 0.48, 0.22, 0.29, 0.59, 0.55, 0.62, 0.94, 1.35, 0.29, 0.4, 0.52, 0.51, 0.4, 2.14]}
{"t": 20.0, "h": 199.5, "d5": 0.459, "sm": 0.483, "d6": "tick=139970 goal=0 here=0", "l": [0.62, 0.76, 1.36, 0.29, 0.31, 0.37, 0.53, 0.44, 0.43, 1.1, 0.8, 0.71, 0.21, 0.27, 0.29, 0.56]}
{"t": 20.2, "h": 198.1, "d5": 0.482, "sm": 0.483, "d6": "tick=139992 goal=0 here=0", "l": [0.57, 0.71, 1.13, 0.91, 0.3, 0.38, 0.56, 0.5, 0.45, 1.13, 0.8, 0.72, 0.21, 0.26, 0.34, 0.52]}
{"t": 20.4, "h": 198.4, "d5": 0.485, "sm": 0.483, "d6": "tick=140012 goal=0 here=0", "l": [0.51, 0.64, 1.07, 1.25, 0.3, 0.41, 0.61, 0.56, 0.51, 1.19, 0.82, 0.34, 0.23, 0.25, 0.51, 0.48]}
{"t": 20.7, "h": 195.3, "d5": 0.489, "sm": 0.485, "d6": "tick=140039 goal=0 here=0", "l": [0.47, 0.52, 0.92, 1.33, 1.31, 0.3, 0.49, 0.61, 0.56, 1.22, 0.83, 0.23, 0.25, 0.23, 0.5, 0.4]}
{"t": 20.9, "h": 195.8, "d5": 0.486, "sm": 0.485, "d6": "tick=140059 goal=0 here=0", "l": [0.4, 0.46, 0.8, 1.27, 1.23, 0.32, 0.51, 0.67, 0.61, 1.29, 0.83, 0.26, 0.26, 0.24, 0.47, 0.34]}
{"t": 21.7, "h": 252.9, "d5": 0.512, "sm": 0.492, "d6": "tick=140137 goal=0 here=0", "l": [1.31, 0.85, 1.4, 0.47, 0.68, 0.61, 2.36, 0.95, 0.26, 0.26, 0.21, 0.41, 0.36, 0.37, 0.4, 0.58]}
{"t": 21.9, "h": 253.7, "d5": 0.518, "sm": 0.498, "d6": "tick=140164 goal=0 here=0", "l": [1.22, 0.86, 1.34, 0.31, 0.7, 0.64, 2.37, 1.03, -1.0, 0.27, 0.26, 0.46, 0.37, 0.38, 0.38, 0.53]}
{"t": 22.1, "h": 254.6, "d5": 0.526, "sm": 0.505, "d6": "tick=140184 goal=0 here=0", "l": [1.13, 1.14, 1.28, 0.89, 0.48, 0.71, 0.7, 1.15, 0.37, 0.34, 0.35, 0.49, 0.34, 0.35, 0.35, 0.47]}
{"t": 22.3, "h": 252.4, "d5": 0.522, "sm": 0.509, "d6": "tick=140205 goal=0 here=0", "l": [0.91, 1.1, 1.21, 0.91, 0.29, 0.72, 0.69, 1.21, 0.39, 0.36, 0.44, 0.48, 0.34, 0.33, 0.34, 0.46]}
{"t": 22.5, "h": 251.4, "d5": 0.541, "sm": 0.517, "d6": "tick=140226 goal=0 here=0", "l": [0.81, 1.06, 1.18, 1.58, 0.76, 0.72, 0.7, 1.26, 0.45, 0.39, 0.51, 0.42, 0.35, 0.3, 0.33, 0.4]}
{"t": 22.7, "h": 249.5, "d5": 0.554, "sm": 0.526, "d6": "tick=140247 goal=0 here=0", "l": [0.77, 1.03, 1.08, 1.53, 0.72, 0.32, 0.74, 1.32, 0.49, 0.43, 0.55, 0.36, 0.35, 0.28, 0.33, 0.37]}
{"t": 23.0, "h": 248.1, "d5": 0.577, "sm": 0.539, "d6": "tick=140267 goal=0 here=0", "l": [0.73, 1.03, 0.6, 1.32, 0.81, 0.43, 0.79, 1.52, 1.13, 0.47, 0.59, 0.35, 0.3, 0.26, 0.32, 0.33]}
{"t": 24.4, "h": 37.9, "d5": 0.575, "sm": 0.548, "d6": "tick=140407 goal=0 here=0", "l": [0.85, 1.23, 0.53, 0.51, 0.53, 0.33, 0.26, 0.27, 0.32, 0.52, 1.02, 0.88, 1.14, 1.88, 0.77, 0.8]}
{"t": 24.6, "h": 36.5, "d5": 0.558, "sm": 0.551, "d6": "tick=140433 goal=0 here=0", "l": [0.78, 1.2, 0.52, 0.43, 0.59, 0.37, 0.29, 0.29, 0.35, 0.59, 1.03, 0.85, 1.16, 0.85, 0.77, 0.77]}
{"t": 24.8, "h": 36.0, "d5": 0.54, "sm": 0.548, "d6": "tick=140454 goal=0 here=0", "l": [0.73, 1.2, 0.47, 0.43, 0.57, 0.39, 0.35, 0.34, 0.39, 0.64, 1.02, 0.64, 1.17, 0.8, 0.72, 0.72]}
{"t": 25.0, "h": 34.8, "d5": 0.527, "sm": 0.543, "d6": "tick=140475 goal=0 here=0", "l": [0.68, 1.19, 0.98, 0.42, 0.57, 0.45, 0.41, 0.37, 0.46, 0.71, 1.05, 0.65, 1.19, 0.79, 0.2, 0.68]}
{"t": 25.2, "h": 30.3, "d5": 0.529, "sm": 0.539, "d6": "tick=140496 goal=0 here=0", "l": [0.61, 1.15, 1.01, 0.43, 0.44, 0.57, 0.46, 0.41, 0.47, 0.74, 1.07, 1.08, 1.2, 0.12, 0.21, 0.63]}
{"t": 25.4, "h": 28.8, "d5": 0.518, "sm": 0.534, "d6": "tick=140516 goal=0 here=0", "l": [0.58, 1.1, 0.97, 0.41, 0.38, 0.63, 0.48, 0.45, 0.53, 0.81, 1.12, 1.06, 1.27, 0.17, 0.38, 0.58]}
{"t": 25.7, "h": 31.0, "d5": 0.487, "sm": 0.522, "d6": "tick=140537 goal=0 here=0", "l": [0.53, 1.08, 0.94, 0.37, 0.42, 0.63, 0.51, 0.49, 0.6, 0.87, 1.19, 1.09, 0.14, 0.18, 0.36, 0.54]}
{"t": 25.9, "h": 27.8, "d5": 0.482, "sm": 0.512, "d6": "tick=140559 goal=0 here=0", "l": [0.45, 1.21, 0.88, 0.66, 0.39, 0.6, 0.57, 0.56, 0.64, 0.93, 1.2, 0.15, 0.12, 0.28, 0.49, 0.49]}
{"t": 26.1, "h": 30.8, "d5": 0.469, "sm": 0.501, "d6": "tick=140580 goal=0 here=0", "l": [0.4, 1.16, 0.9, 0.88, 0.37, 0.43, 0.64, 0.6, 0.69, 0.96, 0.16, 0.14, 0.2, 0.26, 0.45, 0.45]}
{"t": 26.3, "h": 24.3, "d5": 0.479, "sm": 0.496, "d6": "tick=140605 goal=0 here=0", "l": [0.36, 1.15, 0.85, 0.82, 0.38, 0.44, 0.74, 0.67, 0.74, 1.01, 0.2, 0.2, 0.24, 0.26, 0.38, 0.4]}
{"t": 26.8, "h": 62.1, "d5": 0.463, "sm": 0.488, "d6": "tick=140651 goal=0 here=0", "l": [0.93, 0.78, 0.84, 0.36, 0.44, 0.64, 0.64, 0.76, 1.13, 0.16, 0.21, 0.26, 0.37, 0.37, 0.37, 0.36]}
{"t": 27.0, "h": 58.4, "d5": 0.447, "sm": 0.477, "d6": "tick=140674 goal=0 here=0", "l": [0.89, 0.75, 0.82, 0.35, 0.45, 0.72, 0.7, 0.79, 1.16, 0.23, 0.27, 0.26, 0.41, 0.37, 0.33, 0.35]}
{"t": 27.2, "h": 57.7, "d5": 0.438, "sm": 0.468, "d6": "tick=140694 goal=0 here=0", "l": [0.84, 0.74, 0.74, 0.37, 0.41, 0.75, 0.73, 0.83, 1.17, 0.26, 0.31, 0.29, 0.38, 0.34, 0.29, 0.32]}
{"t": 28.5, "h": 181.3, "d5": 0.425, "sm": 0.457, "d6": "tick=140816 goal=0 here=0", "l": [0.69, 0.76, 1.06, 0.27, 0.3, 0.28, 0.4, 0.37, 0.3, 0.29, 1.06, 0.78, 0.8, 0.57, 0.33, 0.47]}
{"t": 28.7, "h": 185.8, "d5": 0.442, "sm": 0.453, "d6": "tick=140839 goal=0 here=0", "l": [0.63, 0.72, 1.01, 0.28, 0.27, 0.32, 0.42, 0.39, 0.34, 0.31, 1.05, 0.79, 0.78, -1.0, 0.33, 0.45]}
{"t": 28.9, "h": 180.8, "d5": 0.455, "sm": 0.454, "d6": "tick=140864 goal=0 here=0", "l": [0.6, 0.65, 0.92, 1.38, 0.24, 0.33, 0.33, 0.46, 0.39, 0.38, 1.08, 0.78, 0.74, 0.28, 0.33, 0.62]}
{"t": 29.1, "h": 175.8, "d5": 0.451, "sm": 0.453, "d6": "tick=140885 goal=0 here=0", "l": [0.55, 0.58, 0.73, 1.41, 0.26, 0.27, 0.35, 0.5, 0.45, 0.43, 1.12, 0.78, 0.74, 0.24, 0.31, 0.57]}
{"t": 29.3, "h": 178.7, "d5": 0.471, "sm": 0.457, "d6": "tick=140906 goal=0 here=0", "l": [0.5, 0.54, 0.67, 1.3, 0.85, 0.25, 0.4, 0.56, 0.49, 0.48, 1.15, 0.78, 0.76, 0.23, 0.28, 0.57]}
{"t": 29.5, "h": 181.1, "d5": 0.461, "sm": 0.458, "d6": "tick=140927 goal=0 here=0", "l": [0.44, 0.5, 0.65, 1.08, 1.25, 0.27, 0.43, 0.61, 0.58, 0.52, 1.2, 0.8, 0.22, 0.25, 0.25, 0.53]}
{"t": 29.8, "h": 175.3, "d5": 0.478, "sm": 0.463, "d6": "tick=140947 goal=0 here=0", "l": [0.38, 0.46, 0.56, 1.04, 1.29, 1.34, 0.32, 0.65, 0.61, 0.6, 1.08, 0.79, 0.21, 0.23, 0.22, 0.5]}
{"t": 31.1, "h": 45.7, "d5": 0.497, "sm": 0.472, "d6": "tick=141083 goal=0 here=0", "l": [1.02, 0.81, 0.22, 0.22, 0.23, 0.47, 0.41, 0.45, 0.6, 1.07, 1.26, 0.31, 0.46, 0.65, 0.6, 1.71]}
{"t": 31.3, "h": 42.5, "d5": 0.483, "sm": 0.475, "d6": "tick=141105 goal=0 here=0", "l": [0.95, -1.0, 0.18, 0.2, 0.22, -1.0, 0.42, 0.48, 0.63, 1.1, 1.29, 0.34, 0.49, 0.64, 0.54, 1.67]}
{"t": 31.5, "h": 45.2, "d5": 0.48, "sm": 0.476, "d6": "tick=141126 goal=0 here=0", "l": [0.94, 0.72, 0.15, 0.19, 0.19, 0.24, 0.49, 0.54, 0.67, 1.13, 1.33, 0.35, 0.47, 0.6, 0.5, 1.63]}
{"t": 31.8, "h": 41.8, "d5": 0.464, "sm": 0.473, "d6": "tick=141148 goal=0 here=0", "l": [0.89, 0.68, 0.66, 0.11, 0.18, 0.22, 0.53, 0.55, 0.69, 1.18, 1.04, 0.38, 0.47, 0.59, 0.46, 1.57]}
{"t": 32.0, "h": 42.4, "d5": 0.45, "sm": 0.467, "d6": "tick=141169 goal=0 here=0", "l": [0.84, 0.65, 0.61, 0.15, 0.1, 0.23, 0.58, 0.57, 0.7, 1.22, 1.01, 0.45, 0.5, 0.55, 0.42, 1.49]}
{"t": 32.2, "h": 39.6, "d5": 0.444, "sm": 0.461, "d6": "tick=141189 goal=0 here=0", "l": [0.97, 0.63, 0.6, 0.35, 0.15, 0.13, 0.28, 0.6, 0.75, 1.28, 0.45, 0.5, 0.57, 0.52, 0.38, 1.45]}
{"t": 32.4, "h": 38.3, "d5": 0.448, "sm": 0.458, "d6": "tick=141210 goal=0 here=0", "l": [0.95, 0.6, 0.59, 0.36, 0.3, 0.14, 0.28, 0.62, 0.77, 1.32, 0.47, 0.51, 0.62, 0.46, 0.34, 1.4]}
{"t": 32.6, "h": 35.8, "d5": 0.423, "sm": 0.449, "d6": "tick=141231 goal=0 here=0", "l": [0.9, 0.59, 0.55, 0.56, 0.35, 0.18, 0.17, 0.68, 0.79, 1.35, 0.49, 0.52, 0.61, 0.38, 0.31, 1.32]}
{"t": 32.8, "h": 38.3, "d5": 0.396, "sm": 0.436, "d6": "tick=141252 goal=0 here=0", "l": [0.85, 0.57, 0.49, 0.5, 0.35, 0.3, 0.2, 0.72, 0.83, 1.39, 0.53, 0.51, 0.57, 0.3, 0.29, 1.28]}
{"t": 33.0, "h": 33.6, "d5": 0.396, "sm": 0.426, "d6": "tick=141273 goal=0 here=0", "l": [0.82, 0.55, 0.44, 0.5, 0.39, 0.34, 0.24, 0.26, 0.86, 1.44, 0.54, 0.54, 0.51, 0.26, 0.32, 1.23]}
{"t": 34.5, "h": 241.2, "d5": 0.39, "sm": 0.417, "d6": "tick=141415 goal=0 here=0", "l": [1.67, 0.6, 0.58, 0.47, 0.24, 0.36, 1.3, 0.79, 0.5, 0.42, 0.48, 0.35, 0.35, 0.24, 0.77, 0.98]}
{"t": 34.7, "h": 240.0, "d5": 0.412, "sm": 0.416, "d6": "tick=141438 goal=0 here=0", "l": [1.47, 0.53, 0.48, 0.49, 0.27, 0.25, 1.3, 0.82, -1.0, 0.49, 0.5, 0.36, 0.32, 0.24, 0.73, 0.93]}
{"t": 34.9, "h": 240.6, "d5": 0.423, "sm": 0.418, "d6": "tick=141459 goal=0 here=0", "l": [1.38, 0.45, 0.48, 0.52, 0.31, 0.25, 1.29, 0.89, 0.63, 0.53, 0.56, 0.38, 0.23, 0.22, 0.71, 0.88]}
{"t": 35.1, "h": 238.8, "d5": 0.432, "sm": 0.421, "d6": "tick=141480 goal=0 here=0", "l": [1.33, 0.4, 0.46, 0.55, 0.42, 0.3, 1.29, 0.98, -1.0, 0.57, 0.62, 0.39, 0.22, 0.35, 0.69, 0.84]}
{"t": 35.3, "h": 238.8, "d5": 0.436, "sm": 0.425, "d6": "tick=141506 goal=0 here=0", "l": [1.27, 0.39, 0.45, 0.51, 0.45, 0.31, 0.33, 2.0, 0.75, 0.62, 0.67, 0.39, 0.21, 0.37, 0.67, 0.79]}
{"t": 35.6, "h": 237.6, "d5": 0.448, "sm": 0.431, "d6": "tick=141526 goal=0 here=0", "l": [1.19, 0.34, 0.38, 0.39, 0.47, 0.38, 0.35, 2.13, 0.84, 0.69, 0.48, 0.21, 0.29, 0.68, 0.64, 0.77]}
{"t": 36.0, "h": 227.8, "d5": 0.456, "sm": 0.437, "d6": "tick=141570 goal=0 here=0", "l": [0.78, 1.43, 0.31, 0.38, 0.39, 0.47, 0.38, 0.39, 1.06, -1.0, 0.71, 0.47, 0.21, 0.33, 0.62, 0.67]}
{"t": 36.3, "h": 220.4, "d5": 0.465, "sm": 0.444, "d6": "tick=141597 goal=0 here=0", "l": [0.76, 1.19, 0.28, 0.32, 0.37, 0.49, 0.43, 0.4, 1.14, 0.79, 0.74, 0.27, 0.25, 0.34, 0.58, 0.65]}
{"t": 36.5, "h": 222.4, "d5": 0.471, "sm": 0.451, "d6": "tick=141618 goal=0 here=0", "l": [0.7, 1.11, 1.25, 0.24, 0.38, 0.55, 0.51, 0.42, 1.98, 0.83, 0.75, 0.25, 0.3, 0.36, 0.55, 0.55]}
{"t": 36.7, "h": 216.3, "d5": 0.494, "sm": 0.462, "d6": "tick=141644 goal=0 here=0", "l": [0.63, 1.03, 1.27, 0.24, 0.26, 0.41, 0.55, 0.48, 2.25, 0.89, 0.79, 0.27, 0.29, 0.53, 0.47, 0.52]}
{"t": 36.9, "h": 219.8, "d5": 0.488, "sm": 0.468, "d6": "tick=141664 goal=0 here=0", "l": [0.56, 0.92, 1.28, 1.2, 0.23, 0.41, 0.59, 0.53, 2.33, 0.91, 0.82, 0.31, 0.3, 0.56, 0.43, 0.46]}
{"t": 37.1, "h": 217.9, "d5": 0.514, "sm": 0.48, "d6": "tick=141685 goal=0 here=0", "l": [0.53, 0.8, 1.2, 1.14, 0.22, 0.3, 0.62, 0.59, 2.41, 0.97, 0.32, 0.33, 0.3, 0.54, 0.4, 0.42]}
{"t": 37.3, "h": 213.8, "d5": 0.531, "sm": 0.492, "d6": "tick=141706 goal=0 here=0", "l": [0.46, 0.7, 1.14, 1.15, 1.4, 0.25, 0.69, 0.64, 2.51, 1.02, 0.37, 0.33, 0.44, 0.48, 0.39, 0.39]}
{"t": 37.5, "h": 214.4, "d5": 0.522, "sm": 0.5, "d6": "tick=141726 goal=0 here=0", "l": [0.38, 0.64, 1.16, 0.74, 1.29, 0.85, 0.48, 0.7, 2.56, 1.05, 0.41, 0.33, 0.48, 0.4, 0.35, 0.32]}
{"t": 38.4, "h": 296.7, "d5": 0.532, "sm": 0.508, "d6": "tick=141814 goal=0 here=0", "l": [1.23, 0.91, 0.29, 0.72, 0.7, 1.18, 0.38, 0.36, 0.4, 0.49, 0.33, 0.33, 0.34, 0.47, 0.89, 1.09]}
{"t": 38.6, "h": 295.4, "d5": 0.55, "sm": 0.518, "d6": "tick=141837 goal=0 here=0", "l": [1.19, 1.62, 0.22, 0.7, 0.67, 1.2, 1.03, 0.4, 0.43, 0.53, 0.38, 0.34, 0.39, 0.47, 1.04, 1.06]}
{"t": 38.9, "h": 295.7, "d5": 0.535, "sm": 0.523, "d6": "tick=141857 goal=0 here=0", "l": [1.12, 1.5, 0.67, 0.65, 0.64, 1.41, 1.05, 0.47, 0.47, 0.56, 0.4, 0.35, 0.4, 0.59, 1.04, 1.01]}
{"t": 39.1, "h": 296.9, "d5": 0.558, "sm": 0.531, "d6": "tick=141878 goal=0 here=0", "l": [1.08, 1.45, 0.62, 0.31, 0.69, 1.45, 1.09, 0.53, 0.51, 0.59, 0.45, 0.34, 0.4, 0.58, 1.02, 0.98]}
{"t": 39.3, "h": 289.8, "d5": 0.58, "sm": 0.544, "d6": "tick=141899 goal=0 here=0", "l": [1.02, 1.27, 0.62, 0.61, 0.69, 2.22, 1.13, 0.55, 0.53, 0.62, 0.46, 0.37, 0.41, 0.59, 1.03, 0.92]}
{"t": 39.5, "h": 292.8, "d5": 0.566, "sm": 0.549, "d6": "tick=141920 goal=0 here=0", "l": [0.93, 1.17, 0.66, 0.64, 0.27, 0.75, 1.19, 0.58, 0.56, 0.63, 0.48, 0.42, 0.42, 0.62, 1.02, 0.86]}
{"t": 39.7, "h": 292.2, "d5": 0.572, "sm": 0.555, "d6": "tick=141940 goal=0 here=0", "l": [0.88, 1.11, 0.66, 0.6, 0.31, 0.24, 1.27, 0.64, 0.61, 0.61, 0.48, 0.44, 0.43, 0.65, 0.97, 0.83]}
{"t": 39.9, "h": 286.6, "d5": 0.586, "sm": 0.563, "d6": "tick=141961 goal=0 here=0", "l": [0.82, 1.09, 0.63, 0.54, 0.53, 0.28, 0.21, 0.75, 0.65, 0.65, 0.48, 0.47, 0.52, 0.69, 0.94, 0.8]}
{"t": 40.1, "h": 289.0, "d5": 0.594, "sm": 0.57, "d6": "tick=141982 goal=0 here=0", "l": [0.75, 1.0, 1.65, 0.49, -1.0, 0.32, 0.27, 1.23, 0.69, 0.69, 0.48, 0.46, 0.54, 0.66, 0.92, 0.77]}
{"t": 40.3, "h": 285.5, "d5": 0.597, "sm": 0.577, "d6": "tick=142002 goal=0 here=0", "l": [0.69, 0.89, 1.57, 0.53, 0.58, 0.51, 0.33, 1.31, 0.74, 0.73, 0.52, 0.46, 0.53, 0.64, 0.85, 0.69]}
{"t": 40.5, "h": 286.7, "d5": 0.574, "sm": 0.576, "d6": "tick=142023 goal=0 here=0", "l": [0.65, 0.81, 1.3, 0.56, 0.57, 0.53, 0.38, 0.33, 0.8, 0.79, 0.55, 0.46, 0.53, 0.62, 0.78, 0.31]}
{"t": 40.9, "h": 302.6, "d5": 0.61, "sm": 0.585, "d6": "tick=142062 goal=0 here=0", "l": [0.77, 1.17, 0.52, 0.48, 0.61, 0.37, 0.34, 0.84, 0.98, 0.6, 0.49, 0.55, 0.62, 0.85, 0.67, 0.68]}
{"t": 41.1, "h": 303.3, "d5": 0.606, "sm": 0.59, "d6": "tick=142084 goal=0 here=0", "l": [0.73, 1.11, 0.48, -1.0, 0.58, 0.4, 0.38, 0.86, 0.98, 0.62, 0.49, 0.55, 0.63, 0.84, 0.28, 0.61]}
{"t": 41.3, "h": 303.1, "d5": 0.607, "sm": 0.594, "d6": "tick=142105 goal=0 here=0", "l": [0.67, 0.89, 2.08, 0.48, 0.58, 0.55, 0.43, 0.91, 1.05, 0.66, 0.52, 0.57, 0.62, 0.81, 0.14, 0.55]}
{"t": 41.6, "h": 300.2, "d5": 0.589, "sm": 0.593, "d6": "tick=142126 goal=0 here=0", "l": [0.62, 0.81, 1.91, 0.46, 0.49, 0.58, 0.44, 0.93, 1.09, 0.71, 0.55, 0.58, 0.61, 0.08, 0.27, 0.54]}
{"t": 41.8, "h": 297.9, "d5": 0.588, "sm": 0.592, "d6": "tick=142151 goal=0 here=0", "l": [0.58, 0.77, 1.56, 0.41, 0.43, 0.65, 0.49, 0.5, 1.14, 0.76, 0.6, 0.62, 0.1, 0.21, 0.23, 0.45]}
{"t": 42.0, "h": 297.0, "d5": 0.588, "sm": 0.591, "d6": "tick=142172 goal=0 here=0", "l": [0.51, 0.71, 1.4, 0.43, 0.44, 0.62, 0.55, 0.55, 1.19, 0.79, 0.65, 0.13, 0.17, 0.22, 0.43, 0.42]}
{"t": 42.2, "h": 298.5, "d5": 0.595, "sm": 0.592, "d6": "tick=142193 goal=0 here=0", "l": [0.47, 0.61, 1.33, 1.5, 0.45, 0.62, 0.65, 0.6, 1.21, 0.82, 0.14, 0.16, 0.2, 0.2, 0.44, 0.38]}
{"t": 42.4, "h": 296.6, "d5": 0.601, "sm": 0.594, "d6": "tick=142214 goal=0 here=0", "l": [0.41, 0.5, 1.01, 2.36, 0.38, 0.46, 0.68, 0.65, 1.25, 0.87, 0.16, 0.21, 0.18, 0.18, 0.39, 0.33]}
{"t": 43.9, "h": 86.7, "d5": 0.609, "sm": 0.598, "d6": "tick=142358 goal=0 here=0", "l": [0.62, 1.14, 1.03, 0.15, 0.17, 0.18, 0.14, 0.38, 0.3, 0.37, 0.43, 0.66, 2.4, 0.41, 0.46, 0.7]}
{"t": 44.1, "h": 86.0, "d5": 0.587, "sm": 0.595, "d6": "tick=142380 goal=0 here=0", "l": [0.56, 1.12, 1.01, 0.7, 0.18, 0.22, 0.18, 0.39, 0.36, 0.43, 0.48, 0.89, 2.39, 0.36, 0.44, 0.66]}
{"t": 44.3, "h": 86.8, "d5": 0.59, "sm": 0.594, "d6": "tick=142401 goal=0 here=0", "l": [0.51, 1.1, 1.01, 0.74, 0.16, 0.18, 0.24, 0.41, 0.41, 0.46, 0.55, 0.97, 2.41, 0.37, 0.4, 0.6]}
{"t": 44.5, "h": 86.1, "d5": 0.586, "sm": 0.592, "d6": "tick=142422 goal=0 here=0", "l": [0.46, 0.53, 1.07, 0.77, 0.71, 0.2, 0.27, 0.29, 0.46, 0.52, 0.6, 1.04, 2.4, 0.38, 0.38, 0.56]}
{"t": 44.7, "h": 87.6, "d5": 0.581, "sm": 0.589, "d6": "tick=142442 goal=0 here=0", "l": [0.4, 0.47, 1.19, 0.77, 0.71, 0.74, 0.23, 0.33, 0.54, 0.56, 0.64, 1.07, 0.33, 0.38, 0.45, 0.52]}
{"t": 44.9, "h": 80.0, "d5": 0.569, "sm": 0.584, "d6": "tick=142463 goal=0 here=0", "l": [0.37, 0.42, 1.14, 0.77, 0.66, 0.75, 0.23, 0.38, 0.57, 0.64, 0.74, 1.1, 0.32, 0.34, 0.46, 0.5]}
{"t": 45.1, "h": 81.4, "d5": 0.567, "sm": 0.58, "d6": "tick=142484 goal=0 here=0", "l": [0.32, 0.39, 1.06, 0.81, 0.65, 0.74, 0.91, 0.38, 0.64, -1.0, 0.78, 1.13, 0.34, 0.31, 0.43, 0.43]}
{"t": 46.2, "h": 166.5, "d5": 0.571, "sm": 0.578, "d6": "tick=142586 goal=0 here=0", "l": [0.71, 0.73, 0.77, 0.39, 0.66, 0.65, 0.76, 1.11, 0.32, 0.29, 0.41, 0.43, 0.33, 0.37, 0.98, 0.89]}
{"t": 46.4, "h": 167.1, "d5": 0.578, "sm": 0.578, "d6": "tick=142609 goal=0 here=0", "l": [0.65, 0.68, 0.73, 0.26, 0.66, 0.63, 0.72, 1.15, 0.38, 0.32, 0.45, 0.45, 0.32, 0.38, 1.0, 0.82]}
{"t": 46.6, "h": 166.9, "d5": 0.562, "sm": 0.574, "d6": "tick=142630 goal=0 here=0", "l": [0.63, 0.64, 0.69, 0.84, 0.4, 0.64, 0.74, 1.14, 0.4, 0.35, 0.49, 0.45, 0.35, 0.35, 1.01, 0.77]}
{"t": 46.8, "h": 164.0, "d5": 0.585, "sm": 0.577, "d6": "tick=142651 goal=0 here=0", "l": [0.58, 0.6, 0.67, 0.88, 0.22, 0.64, 0.74, 1.13, 0.47, 0.43, 0.52, 0.36, 0.36, 0.81, 0.96, 0.72]}
{"t": 47.0, "h": 166.9, "d5": 0.578, "sm": 0.577, "d6": "tick=142672 goal=0 here=0", "l": [0.53, 0.56, 0.64, 0.84, 0.78, 0.68, 0.77, 1.17, 0.51, 0.45, 0.58, 0.34, 0.33, 0.81, 0.95, 0.65]}
{"t": 47.2, "h": 165.7, "d5": 0.589, "sm": 0.58, "d6": "tick=142693 goal=0 here=0", "l": [0.5, 0.48, 0.57, 0.8, 0.77, 0.28, 0.83, 1.01, 0.57, 0.5, 0.58, 0.35, 0.32, 0.81, 0.92, 0.59]}
{"t": 47.4, "h": 163.1, "d5": 0.613, "sm": 0.588, "d6": "tick=142713 goal=0 here=0", "l": [0.46, 0.42, 0.49, 0.6, 0.74, 0.39, 0.82, 1.05, 0.6, 0.55, 0.6, 0.38, 1.32, 0.77, 0.88, 0.53]}
{"t": 47.6, "h": 162.2, "d5": 0.628, "sm": 0.598, "d6": "tick=142734 goal=0 here=0", "l": [0.42, 0.36, 0.42, 0.56, 0.76, 0.71, 0.28, 1.08, 0.68, 0.62, 0.6, 0.38, 1.31, 0.72, 0.84, 0.46]}
{"t": 47.8, "h": 162.4, "d5": 0.623, "sm": 0.604, "d6": "tick=142755 goal=0 here=0", "l": [0.35, 0.3, 0.39, 0.56, 0.83, 0.74, 0.38, 1.12, 0.71, 0.66, 0.63, 0.34, 1.31, 0.71, 0.82, 0.39]}
{"t": 48.5, "h": 101.2, "d5": 0.619, "sm": 0.608, "d6": "tick=142822 goal=0 here=0", "l": [0.76, 0.56, 0.37, 0.29, 0.32, 0.4, 0.58, 0.74, 0.63, 0.93, 1.39, 0.72, 0.73, 0.43, 1.49, 0.75]}
{"t": 48.7, "h": 101.5, "d5": 0.619, "sm": 0.611, "d6": "tick=142844 goal=0 here=0", "l": [0.69, 0.56, 0.34, 0.33, 0.28, 0.4, 0.58, 0.81, 0.8, 0.97, 1.39, 0.73, 0.73, 0.39, 1.44, 0.71]}
{"t": 48.9, "h": 100.1, "d5": 0.61, "sm": 0.611, "d6": "tick=142865 goal=0 here=0", "l": [0.62, 0.53, 0.35, 0.31, 0.29, 0.39, 0.57, 0.86, 0.84, 0.99, 1.44, 0.73, 0.72, 0.32, 1.43, 0.65]}
{"t": 49.1, "h": 99.0, "d5": 0.601, "sm": 0.608, "d6": "tick=142885 goal=0 here=0", "l": [0.56, 0.64, 0.37, 0.28, 0.33, 0.31, 0.55, 0.95, 0.89, 1.03, 1.51, 0.69, 0.67, 0.78, 1.4, 0.62]}
{"t": 49.3, "h": 98.0, "d5": 0.592, "sm": 0.604, "d6": "tick=142906 goal=0 here=0", "l": [0.52, 0.64, 0.38, 0.28, 0.31, 0.31, 0.51, 1.0, 0.92, 1.08, 1.56, 0.69, 0.41, 0.8, 1.35, 0.6]}
{"t": 49.6, "h": 96.2, "d5": 0.553, "sm": 0.591, "d6": "tick=142927 goal=0 here=0", "l": [0.46, 0.57, 0.35, 0.29, 0.26, 0.32, 0.51, 0.98, 0.97, 1.12, 1.61, 0.74, 0.34, 0.79, 1.29, 0.53]}
{"t": 49.8, "h": 95.5, "d5": 0.548, "sm": 0.581, "d6": "tick=142947 goal=0 here=0", "l": [-1.0, 0.56, 0.35, 0.31, 0.24, 0.34, 0.37, 1.0, 1.03, 1.18, 1.63, 0.78, 0.76, 0.79, 1.27, 0.49]}
{"t": 50.0, "h": 95.0, "d5": 0.553, "sm": 0.574, "d6": "tick=142968 goal=0 here=0", "l": [0.34, 0.49, 0.33, 0.3, 0.27, 0.28, 0.38, 0.83, 1.07, 1.21, 1.68, 0.26, 0.78, 0.79, 1.24, 0.45]}
{"t": 51.5, "h": 301.4, "d5": 0.552, "sm": 0.568, "d6": "tick=143117 goal=0 here=0", "l": [1.24, 0.9, 0.33, 0.77, 2.6, 1.11, 0.44, 0.36, 0.49, 0.31, 0.31, 0.26, -1.0, 0.42, 1.15, 0.99]}
{"t": 51.7, "h": 297.5, "d5": 0.546, "sm": 0.563, "d6": "tick=143140 goal=0 here=0", "l": [1.18, 0.89, 0.76, 0.76, 0.78, 1.21, 0.48, 0.38, 0.54, 0.35, 0.33, 0.28, 0.36, 0.56, 1.12, 1.05]}
{"t": 51.9, "h": 300.7, "d5": 0.551, "sm": 0.56, "d6": "tick=143161 goal=0 here=0", "l": [1.16, 1.64, 0.73, 0.71, 0.74, 1.28, 0.5, 0.42, 0.58, 0.39, 0.34, 0.3, 0.38, 0.57, 1.09, 1.0]}
{"t": 52.1, "h": 298.7, "d5": 0.541, "sm": 0.555, "d6": "tick=143182 goal=0 here=0", "l": [1.11, 1.52, 0.66, 0.31, 0.73, 1.3, 1.15, 0.5, 0.62, 0.45, 0.35, 0.35, 0.37, 0.57, 1.04, 0.96]}
{"t": 52.3, "h": 297.3, "d5": 0.539, "sm": 0.551, "d6": "tick=143203 goal=0 here=0", "l": [1.05, 1.43, 0.62, 0.63, 0.74, 1.5, 1.18, 0.56, 0.67, 0.48, 0.38, 0.37, 0.36, 0.61, 0.99, 0.93]}
{"t": 52.5, "h": 297.2, "d5": 0.54, "sm": 0.548, "d6": "tick=143224 goal=0 here=0", "l": [0.97, 1.36, 0.68, 0.63, 0.31, 1.53, 1.17, 0.63, 0.71, 0.5, 0.38, 0.41, 0.43, 0.67, 0.94, 0.87]}
{"t": 53.8, "h": 62.8, "d5": 0.554, "sm": 0.55, "d6": "tick=143347 goal=0 here=0", "l": [1.27, 0.63, 0.6, 0.6, 0.44, 0.38, 0.39, 0.54, 0.89, 0.91, 0.84, 1.12, 0.69, 0.66, 0.33, 0.19]}
{"t": 55.1, "h": 293.9, "d5": 0.564, "sm": 0.553, "d6": "tick=143476 goal=0 here=0", "l": [0.93, 1.17, 0.69, 0.63, 0.32, 0.83, 1.2, 0.62, 0.71, -1.0, 0.41, 0.4, 0.39, 0.58, 0.97, 0.83]}
{"t": 55.3, "h": 293.1, "d5": 0.559, "sm": 0.555, "d6": "tick=143499 goal=0 here=0", "l": [0.86, 1.12, 0.66, 0.63, 0.33, 0.25, 1.26, 0.66, 0.74, 0.58, 0.43, 0.43, 0.45, 0.63, 0.94, 0.82]}
{"t": 55.5, "h": 291.0, "d5": 0.565, "sm": 0.557, "d6": "tick=143520 goal=0 here=0", "l": [0.78, 1.06, 0.63, 0.56, 0.57, 0.31, 1.32, 0.72, 0.74, 0.62, 0.46, 0.41, 0.5, 0.65, 0.91, 0.76]}
{"t": 55.7, "h": 293.6, "d5": 0.591, "sm": 0.566, "d6": "tick=143540 goal=0 here=0", "l": [0.73, 0.98, 1.69, 0.54, 0.58, 0.35, 0.28, 0.78, 0.75, 0.65, 0.49, 0.42, 0.5, 0.62, 0.87, 0.72]}
{"t": 55.9, "h": 289.5, "d5": 0.592, "sm": 0.572, "d6": "tick=143561 goal=0 here=0", "l": [0.68, 0.88, 1.57, 0.57, 0.62, 0.39, 0.35, 1.31, 0.78, 0.69, 0.5, 0.41, 0.51, 0.61, 0.79, 0.67]}
{"t": 56.1, "h": 286.5, "d5": 0.58, "sm": 0.574, "d6": "tick=143582 goal=0 here=0", "l": [0.62, 0.81, 1.33, 0.58, 0.59, 0.58, 0.39, 1.38, 0.83, 0.73, 0.55, 0.47, 0.49, 0.57, 0.73, 0.3]}
{"t": 57.7, "h": 96.3, "d5": 0.554, "sm": 0.569, "d6": "tick=143740 goal=0 here=0", "l": [0.85, 1.0, 0.56, 0.45, 0.51, 0.6, 0.77, 0.73, 0.21, 0.74, 0.96, 0.55, 0.5, 0.65, 0.4, 0.37]}
{"t": 57.9, "h": 97.4, "d5": 0.548, "sm": 0.564, "d6": "tick=143763 goal=0 here=0", "l": [0.81, 0.93, 0.55, 0.45, 0.49, 0.58, 0.78, 0.78, 0.24, 0.8, 1.19, 0.56, 0.5, 0.58, 0.37, 0.32]}
{"t": 59.0, "h": 201.1, "d5": 0.549, "sm": 0.56, "d6": "tick=143872 goal=0 here=0", "l": [0.53, 0.62, 0.73, 0.32, 0.72, 0.97, 1.74, 0.53, 0.6, 0.37, 0.35, 0.77, 0.87, 0.69, 0.5, 0.47]}
{"t": 59.2, "h": 203.0, "d5": 0.555, "sm": 0.559, "d6": "tick=143894 goal=0 here=0", "l": [0.48, 0.55, 0.7, 0.65, 0.65, 0.88, 1.66, 0.6, 0.63, 0.4, 0.35, 0.82, 0.9, 0.65, 0.47, 0.44]}
{"t": 59.4, "h": 203.4, "d5": 0.556, "sm": 0.558, "d6": "tick=143915 goal=0 here=0", "l": [0.44, 0.54, 0.76, 0.65, 0.27, 0.83, 1.65, 0.66, 0.69, 0.45, 0.37, 0.84, 0.91, 0.56, 0.43, 0.4]}
{"t": 59.6, "h": 199.4, "d5": 0.579, "sm": 0.563, "d6": "tick=143936 goal=0 here=0", "l": [0.37, 0.48, 0.77, 0.69, 0.33, 0.23, 1.41, 0.7, 0.73, 0.5, 1.52, 0.86, 0.92, 0.49, 0.36, 0.36]}
{"t": 59.9, "h": 201.3, "d5": 0.576, "sm": 0.567, "d6": "tick=143959 goal=0 here=0", "l": [0.32, 0.43, 0.64, 0.67, 0.5, 0.3, 1.41, 0.71, 0.79, 0.55, 1.52, 0.87, 0.94, 0.4, 0.3, 0.31]}
{"t": 60.9, "h": 97.8, "d5": 0.58, "sm": 0.57, "d6": "tick=144063 goal=0 here=0", "l": [0.83, 0.59, 0.38, 0.28, 0.3, 0.35, 0.44, 0.69, 0.6, 0.47, 0.29, 2.2, 0.7, 0.77, 0.51, 1.49]}
{"t": 61.1, "h": 97.2, "d5": 0.567, "sm": 0.569, "d6": "tick=144086 goal=0 here=0", "l": [0.76, 0.6, 0.36, 0.26, 0.31, 0.34, 0.47, 0.77, 0.67, 0.55, 0.29, 1.98, 0.7, -1.0, 0.44, 1.44]}
{"t": 61.4, "h": 94.6, "d5": 0.568, "sm": 0.569, "d6": "tick=144107 goal=0 here=0", "l": [0.71, 0.6, 0.34, 0.29, 0.26, 0.33, 0.47, 0.79, 0.74, 0.4, 1.01, 2.19, 0.69, 0.69, 0.37, 1.38]}
{"t": 61.6, "h": 91.4, "d5": 0.537, "sm": 0.561, "d6": "tick=144128 goal=0 here=0", "l": [0.67, 0.77, 0.36, 0.31, 0.25, 0.33, 0.45, 0.78, 0.81, 0.45, 1.05, 2.19, 0.73, 0.48, 1.74, 1.36]}
{"t": 61.8, "h": 92.3, "d5": 0.531, "sm": 0.553, "d6": "tick=144148 goal=0 here=0", "l": [0.62, 0.76, 0.39, 0.28, 0.26, 0.28, 0.4, 0.79, 0.87, 0.49, 1.15, 0.79, 0.77, 0.46, 1.69, 1.28]}
{"t": 62.0, "h": 88.8, "d5": 0.53, "sm": 0.548, "d6": "tick=144174 goal=0 here=0", "l": [0.58, 0.69, 0.42, 0.26, 0.27, 0.25, 0.42, 0.61, 0.9, 0.51, 1.19, 0.78, 0.79, 0.43, 1.68, 1.23]}
{"t": 62.2, "h": 87.1, "d5": 0.512, "sm": 0.539, "d6": "tick=144195 goal=0 here=0", "l": [0.55, 0.62, 0.4, 0.28, 0.25, 0.3, 0.43, 0.68, 0.96, 0.56, 1.27, 0.82, 0.77, 0.8, 1.66, 1.21]}
{"t": 62.4, "h": 89.1, "d5": 0.482, "sm": 0.525, "d6": "tick=144215 goal=0 here=0", "l": [0.48, 0.57, 0.37, 0.31, 0.25, 0.31, 0.31, 0.71, 0.99, 0.61, 1.3, 0.83, 0.74, 0.8, 1.56, 1.15]}
{"t": 64.1, "h": 278.4, "d5": 0.483, "sm": 0.514, "d6": "tick=144377 goal=0 here=0", "l": [0.97, 1.09, 1.51, 0.71, 0.39, 0.79, 1.32, 0.54, 0.47, 0.59, 0.37, 0.29, 0.26, 0.33, 0.48, 0.96]}
{"t": 64.3, "h": 272.6, "d5": 0.493, "sm": 0.509, "d6": "tick=144399 goal=0 here=0", "l": [0.93, 0.98, 1.3, 0.78, 0.75, 0.81, 1.4, 0.59, 0.5, 0.65, 0.39, 0.28, 0.26, 0.31, 0.49, 0.9]}
{"t": 64.5, "h": 275.6, "d5": 0.485, "sm": 0.503, "d6": "tick=144420 goal=0 here=0", "l": [0.92, 0.49, 1.22, 0.81, 0.74, 0.27, 1.6, 1.24, 0.56, 0.68, 0.42, 0.29, 0.3, 0.27, 0.45, 0.85]}
{"t": 64.7, "h": 273.4, "d5": 0.501, "sm": 0.502, "d6": "tick=144441 goal=0 here=0", "l": [0.88, 0.47, 1.21, 0.76, 0.78, 0.42, 1.66, 1.27, 0.61, 0.73, 0.42, 0.28, 0.29, -1.0, 0.43, 0.82]}
{"t": 64.9, "h": 268.7, "d5": 0.534, "sm": 0.51, "d6": "tick=144461 goal=0 here=0", "l": [0.84, 0.44, 1.05, 1.96, 0.72, 0.47, 0.96, 1.29, 0.66, 0.76, 0.39, 0.3, 0.25, 0.33, 0.43, 0.76]}
{"t": 65.1, "h": 270.9, "d5": 0.54, "sm": 0.518, "d6": "tick=144482 goal=0 here=0", "l": [0.79, 0.6, 0.98, 1.82, 0.69, 0.69, 0.38, 1.35, 0.72, 0.81, 0.39, 0.33, 0.24, 0.33, 0.43, 0.74]}
{"t": 66.3, "h": 142.3, "d5": 0.51, "sm": 0.516, "d6": "tick=144599 goal=0 here=0", "l": [0.33, 0.27, 0.28, 0.36, 0.49, 0.74, 0.72, 0.39, 1.14, 0.75, 0.79, 0.48, 1.52, 0.77, 0.75, 0.55]}
{"t": 67.7, "h": 351.4, "d5": 0.499, "sm": 0.512, "d6": "tick=144736 goal=0 here=0", "l": [0.73, 0.77, 0.45, 1.46, 0.78, 0.8, 0.46, 0.34, 0.27, 0.33, 0.41, 0.52, 0.72, 0.62, 0.35, 1.5]}
{"t": 67.9, "h": 355.7, "d5": 0.492, "sm": 0.507, "d6": "tick=144759 goal=0 here=0", "l": [0.73, 0.72, 0.43, 1.5, 0.78, 0.79, 0.56, 0.37, 0.3, 0.37, 0.46, 0.59, 0.76, 0.59, 0.92, 1.43]}
{"t": 68.1, "h": 351.5, "d5": 0.473, "sm": 0.498, "d6": "tick=144780 goal=0 here=0", "l": [0.67, 0.68, 0.41, 0.33, 1.29, 0.74, 0.64, 0.43, 0.35, 0.43, 0.49, 0.75, 0.79, 0.37, 0.85, 1.4]}
{"t": 68.3, "h": 350.2, "d5": 0.475, "sm": 0.492, "d6": "tick=144801 goal=0 here=0", "l": [0.62, 0.65, 0.55, 0.35, 1.37, 0.72, 0.7, 0.47, 0.42, 0.46, 0.57, 0.8, 0.79, 0.32, 0.83, 1.33]}
{"t": 68.5, "h": 349.6, "d5": 0.476, "sm": 0.488, "d6": "tick=144822 goal=0 here=0", "l": [0.58, 0.58, 0.53, 0.35, 0.3, 0.79, 0.92, 0.53, 0.46, 0.51, 0.61, 0.82, 0.73, 0.69, 0.8, 1.29]}
{"t": 68.7, "h": 352.9, "d5": 0.47, "sm": 0.484, "d6": "tick=144842 goal=0 here=0", "l": [0.52, 0.47, 0.55, 0.35, 0.33, 0.8, 0.95, 0.62, 0.53, 0.55, 0.66, 0.87, 0.68, 0.66, 0.79, 1.23]}
{"t": 68.9, "h": 348.9, "d5": 0.45, "sm": 0.475, "d6": "tick=144863 goal=0 here=0", "l": [0.46, 0.4, 0.53, 0.35, 0.32, 0.82, 0.97, 0.69, 0.58, 0.61, 0.67, 0.88, 0.37, 0.63, 0.75, 1.18]}
{"t": 70.2, "h": 117.5, "d5": 0.435, "sm": 0.465, "d6": "tick=144993 goal=0 here=0", "l": [0.89, 0.76, 0.59, 0.61, 0.68, 0.87, 0.22, 0.64, 0.73, 1.07, 0.48, 0.41, 0.53, 0.47, 0.33, 0.33]}
{"t": 71.1, "h": 202.7, "d5": 0.435, "sm": 0.458, "d6": "tick=145083 goal=0 here=0", "l": [0.61, 0.8, 0.78, 0.42, 0.72, 0.89, 1.5, 0.47, 0.5, 0.49, 0.33, 0.34, 0.83, 0.84, 0.61, 0.53]}
{"t": 71.4, "h": 200.5, "d5": 0.441, "sm": 0.454, "d6": "tick=145110 goal=0 here=0", "l": [0.58, 0.62, 0.73, 0.2, 0.67, 0.82, 1.51, 0.52, 0.56, 0.53, 0.37, 0.34, 0.81, 0.77, 0.59, 0.52]}
{"t": 71.6, "h": 200.1, "d5": 0.439, "sm": 0.45, "d6": "tick=145131 goal=0 here=0", "l": [0.52, 0.6, 0.7, 0.66, 0.61, 0.78, 1.32, 0.57, 0.58, 0.57, -1.0, 1.36, 0.81, 0.74, 0.55, 0.47]}
{"t": 71.8, "h": 196.0, "d5": 0.459, "sm": 0.452, "d6": "tick=145152 goal=0 here=0", "l": [0.46, 0.54, 0.78, 0.62, 0.22, 0.8, 1.32, 0.59, 0.59, 0.61, 0.42, 1.35, 0.86, 0.7, 0.52, 0.43]}
{"t": 72.1, "h": 195.4, "d5": 0.458, "sm": 0.454, "d6": "tick=145178 goal=0 here=0", "l": [0.42, 0.51, 0.75, 0.68, 0.28, 0.2, 1.23, 0.62, 0.62, 0.64, 0.47, 1.4, 0.89, 0.67, 0.44, 0.38]}
{"t": 72.3, "h": 195.3, "d5": 0.464, "sm": 0.456, "d6": "tick=145199 goal=0 here=0", "l": [0.35, 0.45, 0.64, 0.61, 0.62, 0.26, 1.05, 2.76, 0.67, 0.71, 0.48, 0.88, 0.94, 0.52, 0.36, 0.35]}
{"t": 72.5, "h": 189.9, "d5": 0.463, "sm": 0.458, "d6": "tick=145220 goal=0 here=0", "l": [0.3, 0.39, 0.58, 0.6, 0.57, 0.29, 0.26, 2.8, 0.69, 0.77, 0.51, 0.92, 0.94, 0.46, 0.3, 0.3]}
{"t": 74.0, "h": 1.2, "d5": 0.459, "sm": 0.458, "d6": "tick=145371 goal=0 here=0", "l": [0.76, 0.82, 0.56, 1.47, 0.84, 0.7, 0.39, 0.27, 0.32, 0.31, 0.41, 0.7, 0.65, 0.49, 0.29, 1.51]}
{"t": 74.2, "h": 4.2, "d5": 0.434, "sm": 0.452, "d6": "tick=145393 goal=0 here=0", "l": [0.74, 0.79, 0.53, 1.48, 0.85, 0.73, 0.44, 0.31, 0.35, 0.38, 0.42, 0.69, 0.62, 0.49, 0.26, 1.69]}
{"t": 74.5, "h": 0.9, "d5": 0.44, "sm": 0.449, "d6": "tick=145419 goal=0 here=0", "l": [0.66, 0.74, 0.52, 0.43, 0.91, 0.96, 0.48, 0.35, 0.42, 0.42, 0.48, 0.65, 0.57, 0.25, 0.18, 1.65]}
{"t": 74.7, "h": 357.3, "d5": 0.421, "sm": 0.442, "d6": "tick=145440 goal=0 here=0", "l": [0.58, 0.69, 0.64, 0.45, 0.89, 0.99, 0.57, 0.41, 0.47, 0.46, 0.52, 0.64, 0.58, 0.2, 0.76, 1.36]}
{"t": 74.9, "h": 355.7, "d5": 0.425, "sm": 0.438, "d6": "tick=145460 goal=0 here=0", "l": [0.56, 0.59, 0.61, 0.46, 1.42, 0.95, 0.71, 0.49, 0.5, 0.54, 0.68, 0.67, 0.23, 0.59, 0.75, 1.32]}
{"t": 75.1, "h": 352.0, "d5": 0.414, "sm": 0.432, "d6": "tick=145481 goal=0 here=0", "l": [0.49, 0.48, 0.59, -1.0, 0.39, 0.88, 0.77, 0.57, 0.54, 0.57, 0.75, 0.68, 0.14, 0.57, 0.73, 1.27]}
{"t": 76.3, "h": 119.1, "d5": 0.41, "sm": 0.426, "d6": "tick=145604 goal=0 here=0", "l": [1.04, 0.62, 0.5, 0.53, 0.58, 0.81, 0.61, 0.58, 0.68, 0.89, 2.0, 0.53, 0.62, 0.57, 0.45, 0.91]}
{"t": 76.5, "h": 117.9, "d5": 0.415, "sm": 0.424, "d6": "tick=145626 goal=0 here=0", "l": [0.99, 0.62, 0.49, 0.54, 0.6, -1.0, 0.71, 0.35, 0.72, 0.91, 2.04, 0.51, 0.61, 0.45, 0.41, 0.89]}
{"t": 76.8, "h": 120.1, "d5": 0.401, "sm": 0.418, "d6": "tick=145647 goal=0 here=0", "l": [0.95, 0.61, 0.52, 0.52, 0.56, 0.77, 0.76, 0.27, 0.75, 0.97, 2.07, 0.51, 0.6, 0.39, 0.36, 0.85]}
{"t": 77.0, "h": 117.4, "d5": 0.402, "sm": 0.414, "d6": "tick=145668 goal=0 here=0", "l": [0.88, 0.64, 0.5, 0.44, 0.54, 0.63, 0.76, 0.32, 0.78, 0.99, 0.58, 0.53, 0.66, 0.36, 0.3, 0.79]}
{"t": 77.2, "h": 115.9, "d5": 0.388, "sm": 0.407, "d6": "tick=145689 goal=0 here=0", "l": [0.84, 0.61, 0.47, 0.4, 0.48, 0.62, 0.77, 0.41, 0.85, 1.03, 0.61, 0.56, 0.55, -1.0, 1.33, 0.75]}
{"t": 77.4, "h": 111.6, "d5": 0.394, "sm": 0.404, "d6": "tick=145709 goal=0 here=0", "l": [0.78, 0.56, 0.42, 0.38, 0.49, 0.64, 0.86, 0.8, 0.88, 1.1, 0.68, 0.62, 0.39, 0.32, 1.27, 0.7]}
{"t": 77.6, "h": 118.2, "d5": 0.378, "sm": 0.398, "d6": "tick=145730 goal=0 here=0", "l": [0.73, 0.55, 0.39, 0.41, 0.44, 0.61, 0.97, 0.83, 0.87, 1.16, 0.69, 0.68, 0.35, 0.22, 1.22, 0.68]}
{"t": 77.8, "h": 110.4, "d5": 0.356, "sm": 0.387, "d6": "tick=145756 goal=0 here=0", "l": [0.69, 0.5, 0.38, 0.38, 0.36, 0.55, 0.96, 0.88, 0.9, 1.19, 0.72, 0.64, 0.31, 0.84, 1.18, 0.62]}
{"t": 79.4, "h": 281.2, "d5": 0.374, "sm": 0.384, "d6": "tick=145907 goal=0 here=0", "l": [0.54, 1.04, 1.53, 0.62, 0.36, 0.74, 1.33, 1.14, 0.53, 0.7, 0.46, 0.34, 0.39, 0.45, 0.71, 0.91]}
{"t": 79.6, "h": 281.8, "d5": 0.379, "sm": 0.383, "d6": "tick=145930 goal=0 here=0", "l": [0.5, 1.0, 1.51, 0.59, 0.65, 0.28, 1.33, 1.17, 0.59, 0.75, 0.48, 0.36, 0.39, 0.5, 0.68, 0.88]}
{"t": 79.8, "h": 279.6, "d5": 0.403, "sm": 0.388, "d6": "tick=145950 goal=0 here=0", "l": [0.47, 0.93, 1.43, 0.64, 0.65, 0.36, 1.42, 1.26, 0.64, 0.78, 0.48, 0.39, 0.37, 0.49, 0.63, 0.83]}
{"t": 80.0, "h": 276.6, "d5": 0.397, "sm": 0.39, "d6": "tick=145971 goal=0 here=0", "l": [0.42, 0.91, 1.28, 0.65, 0.65, 0.39, 0.29, 1.31, 0.7, 0.84, 0.47, 0.4, 0.36, 0.47, 0.61, 0.79]}
{"t": 80.2, "h": 275.7, "d5": 0.408, "sm": 0.395, "d6": "tick=145992 goal=0 here=0", "l": [0.58, 0.84, 1.08, 0.62, 0.61, 0.6, 0.37, 1.33, 0.76, 0.88, 0.49, 0.44, 0.41, 0.47, 0.58, 0.75]}
{"t": 80.4, "h": 275.3, "d5": 0.418, "sm": 0.4, "d6": "tick=146012 goal=0 here=0", "l": [0.53, 0.72, 1.04, 2.22, 0.57, 0.65, 0.42, 1.36, 0.81, 0.93, 0.5, 0.39, 0.45, 0.48, 0.73, 0.72]}
{"t": 81.2, "h": 214.5, "d5": 0.419, "sm": 0.405, "d6": "tick=146093 goal=0 here=0", "l": [0.56, 0.76, 0.72, 0.31, 0.8, 1.03, 0.6, 0.58, 0.61, 0.42, 1.42, 0.79, 0.72, 0.46, 0.38, 0.43]}
{"t": 81.4, "h": 213.4, "d5": 0.415, "sm": 0.408, "d6": "tick=146116 goal=0 here=0", "l": [0.5, 0.68, 0.7, 0.49, 0.25, 1.04, 0.63, 0.6, 0.67, 0.46, 1.42, 0.8, 0.67, 0.45, 0.35, 0.43]}
{"t": 81.6, "h": 213.6, "d5": 0.425, "sm": 0.412, "d6": "tick=146136 goal=0 here=0", "l": [0.45, 0.65, 0.62, 0.62, 0.27, 1.03, -1.0, 0.64, 0.72, 0.5, 1.46, -1.0, 0.67, 0.43, 0.31, 0.35]}
{"t": 82.2, "h": 249.4, "d5": 0.44, "sm": 0.419, "d6": "tick=146189 goal=0 here=0", "l": [0.7, 0.61, 0.48, 0.25, 1.69, 0.71, 0.76, 0.53, 1.5, 0.85, 0.91, 0.45, 0.31, 0.36, 0.37, 0.44]}
{"t": 82.4, "h": 247.3, "d5": 0.423, "sm": 0.42, "d6": "tick=146212 goal=0 here=0", "l": [0.66, 0.61, 0.45, 0.24, 1.67, 0.72, 0.79, 0.55, 1.53, 0.86, 0.73, 0.44, 0.33, 0.32, 0.38, 0.41]}
{"t": 82.6, "h": 246.9, "d5": 0.467, "sm": 0.432, "d6": "tick=146233 goal=0 here=0", "l": [0.61, 0.57, 0.42, 0.23, 0.22, 0.72, 0.81, 0.6, 1.56, 0.91, 0.73, 0.43, 0.32, 0.3, 0.36, 0.35]}
{"t": 82.8, "h": 249.1, "d5": 0.478, "sm": 0.443, "d6": "tick=146253 goal=0 here=0", "l": [0.59, 0.55, 0.53, 0.36, 0.22, 0.23, 0.74, 0.69, 1.66, 0.96, 0.76, 0.32, 0.34, 0.3, 0.35, 0.35]}
{"t": 83.1, "h": 249.9, "d5": 0.481, "sm": 0.453, "d6": "tick=146274 goal=0 here=0", "l": [0.55, 0.49, 0.45, 0.36, 0.22, 0.25, 0.78, 0.85, 1.69, 1.01, 0.78, 0.33, 0.32, 0.27, 0.32, 0.31]}
{"t": 84.6, "h": 76.3, "d5": 0.496, "sm": 0.464, "d6": "tick=146429 goal=0 here=0", "l": [1.08, 1.08, 0.34, 0.35, 0.28, 0.3, 0.27, 0.44, 0.4, 0.46, 0.38, 0.34, 0.24, 0.25, 0.93, 0.7]}
{"t": 84.8, "h": 76.1, "d5": 0.517, "sm": 0.477, "d6": "tick=146452 goal=0 here=0", "l": [1.56, 1.06, 0.48, 0.33, 0.28, 0.28, 0.3, 0.48, 0.47, 0.48, 0.38, 0.26, 0.27, 0.79, 0.92, 0.66]}
{"t": 85.0, "h": 73.7, "d5": 0.489, "sm": 0.48, "d6": "tick=146472 goal=0 here=0", "l": [1.56, 1.0, 0.49, 0.28, 0.3, 0.3, 0.35, 0.51, 0.53, 0.52, 0.44, 0.24, -1.0, 0.77, 0.89, 0.62]}
{"t": 85.2, "h": 73.0, "d5": 0.488, "sm": 0.482, "d6": "tick=146493 goal=0 here=0", "l": [1.55, 0.92, 0.5, 0.3, 0.3, 0.28, 0.38, 0.39, 0.57, 0.56, 0.46, 0.26, 2.15, 0.76, 0.86, 0.58]}
{"t": 85.4, "h": 72.9, "d5": 0.468, "sm": 0.478, "d6": "tick=146514 goal=0 here=0", "l": [1.49, 0.83, 0.62, 0.38, 0.28, 0.3, 0.37, 0.42, 0.65, 0.62, 0.48, 0.29, 2.17, 0.71, 0.79, 0.51]}
{"t": 85.6, "h": 72.0, "d5": 0.459, "sm": 0.474, "d6": "tick=146534 goal=0 here=0", "l": [1.44, 0.77, 0.63, 0.4, 0.28, 0.34, 0.38, 0.49, 0.71, 0.66, 0.34, 0.99, 2.2, 0.68, 0.72, 0.44]}
{"t": 85.8, "h": 73.9, "d5": 0.471, "sm": 0.473, "d6": "tick=146555 goal=0 here=0", "l": [1.38, 0.73, 0.67, 0.41, 0.29, 0.3, 0.35, 0.51, 0.77, 0.7, 0.35, 1.1, 2.2, 0.65, 0.66, 0.41]}
{"t": 86.0, "h": 71.9, "d5": 0.44, "sm": 0.465, "d6": "tick=146576 goal=0 here=0", "l": [1.34, 0.69, 0.82, 0.43, 0.35, 0.29, 0.4, 0.54, 0.83, 0.71, 0.36, 1.12, 0.73, 0.69, 0.63, 0.33]}
{"t": 86.4, "h": 86.6, "d5": 0.442, "sm": 0.459, "d6": "tick=146607 goal=0 here=0", "l": [0.75, 0.79, 0.55, 0.35, 0.31, 0.4, 0.46, 0.75, 0.82, 0.41, 0.94, 1.52, 0.66, 0.7, 0.38, 1.43]}
{"t": 86.6, "h": 86.9, "d5": 0.449, "sm": 0.457, "d6": "tick=146630 goal=0 here=0", "l": [0.7, 0.76, 0.53, 0.36, 0.33, 0.33, 0.45, 0.78, 0.86, 0.44, 0.98, 1.74, 0.63, 0.63, 0.34, 1.37]}
{"t": 86.8, "h": 84.8, "d5": 0.443, "sm": 0.453, "d6": "tick=146651 goal=0 here=0", "l": [0.66, 0.65, 0.52, 0.39, 0.34, 0.33, 0.47, 0.64, 0.92, 0.46, 1.03, 1.76, 0.66, 0.41, 0.24, 1.31]}
{"t": 87.0, "h": 85.5, "d5": 0.429, "sm": 0.447, "d6": "tick=146672 goal=0 here=0", "l": [0.59, 0.57, 0.61, 0.41, 0.34, 0.33, 0.47, 0.69, 0.95, 0.51, 1.09, 0.74, 0.68, 0.35, 0.75, 1.28]}
{"t": 87.2, "h": 83.6, "d5": 0.429, "sm": 0.443, "d6": "tick=146693 goal=0 here=0", "l": [0.55, 0.5, 0.66, 0.44, 0.34, 0.37, 0.44, 0.72, 0.96, 0.56, 1.11, 0.78, 0.71, 0.31, 0.75, 1.24]}
{"t": 87.4, "h": 80.4, "d5": 0.424, "sm": 0.438, "d6": "tick=146713 goal=0 here=0", "l": [0.51, 0.46, 0.62, 0.42, 0.35, 0.38, 0.4, 0.75, 0.99, 0.57, 1.18, 0.77, 0.7, 0.71, 0.74, -1.0]}
{"t": 87.6, "h": 79.8, "d5": 0.402, "sm": 0.429, "d6": "tick=146734 goal=0 here=0", "l": [0.45, 0.42, 0.57, 0.42, -1.0, 0.35, 0.43, 0.75, 1.02, 0.62, 1.23, 0.79, 0.19, -1.0, 0.72, 1.15]}
{"t": 87.8, "h": 79.1, "d5": 0.398, "sm": 0.421, "d6": "tick=146755 goal=0 here=0", "l": [0.41, 0.39, 0.52, 0.43, 0.41, 0.37, 0.46, 0.69, 1.08, 0.67, 1.27, 0.79, 0.45, 0.65, 0.7, 1.1]}
{"t": 88.0, "h": 79.3, "d5": 0.382, "sm": 0.411, "d6": "tick=146775 goal=0 here=0", "l": [0.38, 0.36, 0.37, 0.52, 0.39, 0.38, -1.0, -1.0, 1.15, 0.7, 1.31, 0.23, 0.45, 0.67, 0.69, 1.08]}
{"t": 88.2, "h": 76.1, "d5": 0.388, "sm": 0.406, "d6": "tick=146796 goal=0 here=0", "l": [0.85, 0.33, 0.3, 0.52, 0.4, 0.42, 0.44, 0.72, 1.24, 0.93, 1.36, 0.25, 0.64, 0.61, 2.37, 1.04]}
{"t": 88.6, "h": 61.3, "d5": 0.363, "sm": 0.395, "d6": "tick=146826 goal=0 here=0", "l": [0.93, 0.32, 0.32, 0.38, 0.49, 0.42, 0.42, 0.54, 0.94, 1.27, 1.21, 0.25, 0.43, 0.62, 0.57, 1.33]}
{"t": 90.0, "h": 271.2, "d5": 0.392, "sm": 0.394, "d6": "tick=146969 goal=0 here=0", "l": [1.16, 1.26, 0.25, 0.47, 0.65, 0.61, 1.08, 0.9, 0.3, 0.28, 0.48, 0.43, 0.41, 0.43, 0.55, 1.04]}
{"t": 90.3, "h": 271.4, "d5": 0.401, "sm": 0.396, "d6": "tick=146997 goal=0 here=0", "l": [1.12, 1.23, 0.21, 0.4, 0.62, 0.6, 1.29, 0.91, 0.35, 0.33, 0.52, 0.43, 0.44, 0.41, 0.54, 0.98]}
{"t": 90.5, "h": 268.5, "d5": 0.419, "sm": 0.402, "d6": "tick=147018 goal=0 here=0", "l": [1.07, 1.18, 1.5, 0.19, 0.62, 0.61, 1.39, 0.97, 0.41, 0.38, 0.55, 0.44, 0.41, 0.41, 0.51, 0.9]}
{"t": 90.7, "h": 269.8, "d5": 0.426, "sm": 0.408, "d6": "tick=147038 goal=0 here=0", "l": [1.02, 1.08, 1.42, 0.62, -1.0, 0.64, 2.19, 1.06, 0.47, 0.43, 0.62, 0.47, 0.38, 0.44, 0.6, 0.89]}
{"t": 90.9, "h": 269.4, "d5": 0.471, "sm": 0.424, "d6": "tick=147059 goal=0 here=0", "l": [0.99, 0.98, 1.24, 0.63, 0.31, 0.68, 0.76, 1.14, 0.52, 0.47, 0.66, 0.46, 0.38, 0.43, 0.57, 0.83]}
{"t": 91.1, "h": 264.2, "d5": 0.454, "sm": 0.431, "d6": "tick=147080 goal=0 here=0", "l": [0.98, 0.92, 1.21, 0.72, 0.67, 0.26, 0.73, 1.21, 0.54, 0.51, 0.69, 0.46, 0.37, 0.41, 0.56, 0.81]}
{"t": 91.3, "h": 263.5, "d5": 0.468, "sm": 0.44, "d6": "tick=147100 goal=0 here=0", "l": [0.94, 0.88, 1.15, 0.7, 0.64, 0.33, 0.72, 1.26, 0.6, 0.56, 0.68, 0.45, 0.38, 0.39, 0.52, 0.91]}
{"t": 91.5, "h": 267.9, "d5": 0.488, "sm": 0.452, "d6": "tick=147121 goal=0 here=0", "l": [0.89, 0.43, 1.0, 0.71, 0.61, 0.56, 0.28, 1.36, 0.64, 0.61, 0.59, 0.43, 0.41, 0.35, 0.52, 0.86]}
{"t": 91.7, "h": 258.9, "d5": 0.487, "sm": 0.461, "d6": "tick=147142 goal=0 here=0", "l": [0.85, 0.38, 0.96, 1.68, 0.59, 0.66, 0.36, 1.41, 0.67, 0.67, 0.62, 0.41, 0.4, 0.38, 0.51, 0.82]}
{"t": 91.9, "h": 260.1, "d5": 0.491, "sm": 0.468, "d6": "tick=147163 goal=0 here=0", "l": [0.8, 0.36, 0.9, 1.43, 0.67, 0.69, 0.41, 1.47, 0.8, 0.72, 0.61, 0.42, 0.36, 0.43, 0.5, 0.79]}
{"t": 92.1, "h": 262.7, "d5": 0.521, "sm": 0.482, "d6": "tick=147183 goal=0 here=0", "l": [0.76, 0.34, 0.85, 1.35, 0.67, 0.7, 0.46, 0.34, 1.3, 0.78, 0.64, 0.43, 0.34, 0.41, 0.5, 0.75]}
{"t": 93.0, "h": 345.6, "d5": 0.524, "sm": 0.492, "d6": "tick=147271 goal=0 here=0", "l": [0.66, 0.6, 0.62, 0.42, 1.37, 0.75, 0.83, 0.42, 0.37, 0.38, 0.43, 0.56, 0.7, 0.69, 0.29, 1.06]}
{"t": 93.2, "h": 345.7, "d5": 0.526, "sm": 0.501, "d6": "tick=147293 goal=0 here=0", "l": [0.61, 0.56, 0.63, 0.41, 1.34, 0.78, 0.92, 0.49, 0.42, 0.44, 0.51, 0.74, 0.72, 0.54, 0.77, 1.03]}
{"t": 93.4, "h": 342.7, "d5": 0.517, "sm": 0.505, "d6": "tick=147314 goal=0 here=0", "l": [0.56, 0.54, 0.62, 0.4, 0.34, 0.83, 0.93, 0.57, 0.47, 0.5, 0.57, 0.77, 0.74, 0.28, 0.75, 0.97]}
{"t": 93.6, "h": 340.4, "d5": 0.511, "sm": 0.506, "d6": "tick=147335 goal=0 here=0", "l": [-1.0, 0.5, 0.59, 0.39, 0.36, 0.84, 0.96, 0.66, 0.52, 0.52, 0.58, 0.78, 0.75, 0.39, 0.74, 0.95]}
{"t": 93.8, "h": 342.3, "d5": 0.508, "sm": 0.507, "d6": "tick=147356 goal=0 here=0", "l": [1.93, 0.46, -1.0, 0.5, 0.38, 0.93, 0.96, 0.76, 0.57, 0.57, 0.64, 0.83, 0.73, 0.63, 0.71, 0.91]}
{"t": 94.1, "h": 341.2, "d5": 0.512, "sm": 0.508, "d6": "tick=147377 goal=0 here=0", "l": [1.68, 0.45, 0.52, 0.51, 0.36, 0.38, 0.9, 0.83, 0.66, 0.61, 0.69, 0.87, 0.31, 0.59, 0.68, 0.85]}
{"t": 94.3, "h": 339.3, "d5": 0.504, "sm": 0.507, "d6": "tick=147398 goal=0 here=0", "l": [1.57, 0.41, 0.35, 0.55, 0.39, 0.41, 0.9, 0.89, 0.71, 0.66, 0.71, 0.18, 0.36, 0.56, 0.65, 0.81]}
{"t": 94.5, "h": 336.9, "d5": 0.503, "sm": 0.506, "d6": "tick=147418 goal=0 here=0", "l": [1.5, 0.34, 0.3, 0.49, 0.5, 0.41, 0.95, 0.94, 0.75, 0.72, 0.72, 0.29, 0.36, 0.54, 0.62, 0.77]}
{"t": 95.9, "h": 186.1, "d5": 0.519, "sm": 0.509, "d6": "tick=147555 goal=0 here=0", "l": [0.69, 0.21, 0.35, 0.6, 0.59, 0.65, 0.98, 0.33, 0.37, 0.33, 0.5, 0.41, 0.44, 1.05, 0.86, 0.66]}
{"t": 96.3, "h": 171.2, "d5": 0.527, "sm": 0.514, "d6": "tick=147599 goal=0 here=0", "l": [0.69, 0.75, 0.23, 0.36, 0.57, 0.6, 0.71, 1.09, 0.33, 0.34, 0.47, 0.47, 0.37, 0.43, 1.12, 0.77]}
{"t": 96.5, "h": 173.8, "d5": 0.533, "sm": 0.519, "d6": "tick=147622 goal=0 here=0", "l": [0.63, 0.68, 0.84, 0.32, 0.62, 0.58, 0.67, 1.09, 0.36, 0.38, 0.52, 0.49, 0.36, 0.42, 1.11, 0.73]}
{"t": 96.7, "h": 171.1, "d5": 0.528, "sm": 0.521, "d6": "tick=147643 goal=0 here=0", "l": [0.57, 0.62, 0.67, 0.19, 0.34, 0.57, 0.68, 1.05, 0.42, 0.42, 0.54, 0.53, 0.42, 0.92, 1.08, 0.67]}
{"t": 97.0, "h": 166.2, "d5": 0.549, "sm": 0.528, "d6": "tick=147668 goal=0 here=0", "l": [0.51, 0.55, 0.62, 0.81, 0.14, 0.58, 0.7, 1.06, 0.51, 0.46, 0.57, 0.5, 0.4, 0.92, 1.02, 0.63]}
{"t": 97.2, "h": 167.6, "d5": 0.546, "sm": 0.532, "d6": "tick=147689 goal=0 here=0", "l": [0.46, 0.5, 0.61, 0.81, 0.67, 0.38, 0.71, 0.93, 2.5, 0.5, 0.62, 0.42, 0.39, 0.89, 1.0, 0.57]}
{"t": 97.4, "h": 167.5, "d5": 0.564, "sm": 0.54, "d6": "tick=147710 goal=0 here=0", "l": [0.41, 0.47, 0.55, 0.74, 0.72, 0.24, 0.75, 0.96, 2.22, 0.53, 0.66, 0.41, 0.37, 0.86, 0.97, 0.54]}
{"t": 97.6, "h": 163.3, "d5": 0.566, "sm": 0.547, "d6": "tick=147731 goal=0 here=0", "l": [0.39, 0.44, 0.49, 0.71, 0.69, 0.5, 0.21, 1.01, 2.19, 0.6, 0.72, 0.44, 1.38, 0.81, 0.89, 0.48]}
{"t": 97.8, "h": 165.7, "d5": 0.58, "sm": 0.555, "d6": "tick=147751 goal=0 here=0", "l": [0.35, 0.38, 0.43, 0.49, 0.66, 0.66, 0.28, 1.04, 2.16, 0.61, 0.69, 0.47, 1.4, 0.78, 0.7, 0.44]}
{"t": 98.0, "h": 162.9, "d5": 0.593, "sm": 0.565, "d6": "tick=147772 goal=0 here=0", "l": [0.28, 0.34, 0.35, 0.49, 0.75, 0.66, 0.34, 1.01, 2.18, 0.66, 0.71, 0.44, 1.4, 0.76, 0.65, 0.41]}
{"t": 99.4, "h": 12.5, "d5": 0.601, "sm": 0.574, "d6": "tick=147907 goal=0 here=0", "l": [0.76, 0.5, 1.54, 0.83, 0.84, 0.48, 0.36, 0.28, 0.35, 0.41, 0.68, 0.71, 0.58, 0.33, 1.36, 0.73]}
{"t": 99.6, "h": 15.4, "d5": 0.623, "sm": 0.586, "d6": "tick=147936 goal=0 here=0", "l": [0.72, 0.47, 1.53, 0.82, 0.83, 0.58, 0.39, 0.3, 0.39, 0.44, 0.7, 0.73, 0.54, 0.3, 1.33, 0.69]}
{"t": 99.9, "h": 11.2, "d5": 0.597, "sm": 0.589, "d6": "tick=147957 goal=0 here=0", "l": [0.69, 0.46, 0.36, 1.33, 0.74, 0.66, 0.42, 0.36, 0.44, 0.51, 0.74, 0.78, 0.34, 0.86, 1.29, 0.67]}
{"t": 100.1, "h": 14.0, "d5": 0.593, "sm": 0.59, "d6": "tick=147978 goal=0 here=0", "l": [0.62, 0.54, 0.36, 1.35, 0.73, 0.85, 0.5, 0.41, 0.48, 0.56, 0.81, 0.78, 0.29, 0.83, 1.31, 0.61]}
{"t": 100.3, "h": 11.4, "d5": 0.576, "sm": 0.586, "d6": "tick=147998 goal=0 here=0", "l": [0.57, 0.53, 0.34, 0.27, 0.76, 0.91, 0.56, 0.5, 0.52, 0.65, 0.85, 0.78, 0.7, 0.82, 1.3, 0.56]}
{"t": 100.5, "h": 14.2, "d5": 0.573, "sm": 0.583, "d6": "tick=148019 goal=0 here=0", "l": [0.51, 0.51, 0.31, 0.29, 0.77, 0.91, 0.66, 0.56, 0.55, 0.69, 0.89, 0.74, 0.7, 0.81, 1.26, 0.54]}
{"t": 100.7, "h": 6.5, "d5": 0.551, "sm": 0.575, "d6": "tick=148040 goal=0 here=0", "l": [0.42, 0.48, 0.28, 0.29, 0.27, 0.9, 0.72, 0.61, 0.61, 0.71, 0.97, 0.31, 0.69, 0.81, 1.25, 0.48]}
{"t": 100.9, "h": 8.9, "d5": 0.546, "sm": 0.568, "d6": "tick=148060 goal=0 here=0", "l": [0.38, 0.46, 0.35, 0.26, 0.27, 0.8, 0.77, 0.62, 0.67, 0.77, 0.98, 0.47, 0.72, 0.81, 1.22, 0.44]}
{"t": 101.1, "h": 11.1, "d5": 0.547, "sm": 0.563, "d6": "tick=148081 goal=0 here=0", "l": [0.33, 0.38, 0.35, 0.21, 0.27, 0.28, 0.85, 0.67, 0.69, 0.82, 1.02, 0.52, 0.73, 0.83, 1.2, 0.37]}
{"t": 102.4, "h": 226.8, "d5": 0.558, "sm": 0.561, "d6": "tick=148209 goal=0 here=0", "l": [0.95, 0.49, 0.7, 0.76, 1.04, 0.36, 0.28, 0.38, 0.38, 0.24, 0.24, 0.28, 1.02, 0.73, 0.65, 0.76]}
{"t": 102.6, "h": 222.1, "d5": 0.562, "sm": 0.562, "d6": "tick=148232 goal=0 here=0", "l": [0.94, 0.43, 0.7, 0.76, 0.88, 0.4, 0.33, 0.43, 0.42, 0.29, 0.28, 0.31, 1.02, 0.7, 0.62, 0.7]}
{"t": 102.8, "h": 220.8, "d5": 0.592, "sm": 0.569, "d6": "tick=148252 goal=0 here=0", "l": [0.86, 0.23, 0.68, 0.74, 0.89, 1.46, 0.43, 0.45, 0.46, -1.0, 0.34, 0.85, 1.01, 0.66, 0.57, -1.0]}
{"t": 103.7, "h": 302.7, "d5": 0.589, "sm": 0.574, "d6": "tick=148338 goal=0 here=0", "l": [0.78, 1.19, 0.42, 0.36, 0.48, 0.42, 0.32, 0.33, 0.99, 0.76, 0.62, 0.66, 0.73, 0.86, 0.42, 0.65]}
{"t": 103.9, "h": 299.6, "d5": 0.6, "sm": 0.581, "d6": "tick=148360 goal=0 here=0", "l": [0.71, 1.12, 0.42, 0.37, 0.47, 0.45, 0.34, 0.36, 1.0, 0.78, 0.63, 0.66, 0.72, 0.21, 0.41, 0.64]}
{"t": 104.1, "h": 298.3, "d5": 0.612, "sm": 0.588, "d6": "tick=148381 goal=0 here=0", "l": [0.65, 1.01, 0.38, 0.37, 0.47, 0.49, 0.35, 0.39, 1.05, 0.82, 0.64, 0.68, 0.71, 0.36, 0.62, -1.0]}
{"t": 104.3, "h": 300.1, "d5": 0.606, "sm": 0.593, "d6": "tick=148402 goal=0 here=0", "l": [0.61, 0.96, 1.98, 0.35, 0.34, 0.52, 0.43, 0.46, 1.03, 0.88, 0.68, 0.7, 0.19, 0.34, 0.59, 0.54]}
{"t": 104.5, "h": 298.9, "d5": 0.619, "sm": 0.599, "d6": "tick=148422 goal=0 here=0", "l": [0.57, 0.86, 1.79, 0.31, -1.0, 0.51, 0.55, 0.48, 1.04, 0.93, 0.68, 0.73, 0.24, 0.31, 0.55, 0.5]}
{"t": 104.7, "h": 296.4, "d5": 0.616, "sm": 0.604, "d6": "tick=148443 goal=0 here=0", "l": [0.51, 0.67, 1.51, 0.26, 0.33, 0.52, 0.56, 0.52, 1.06, 0.97, 0.73, 0.24, 0.32, 0.31, 0.51, 0.47]}
{"t": 104.9, "h": 295.4, "d5": 0.625, "sm": 0.609, "d6": "tick=148464 goal=0 here=0", "l": [0.46, 0.62, 1.4, 0.65, 0.32, 0.34, 0.57, 0.53, 1.1, 0.97, 0.77, 0.25, 0.3, 0.43, 0.45, 0.46]}
{"t": 105.1, "h": 295.2, "d5": 0.631, "sm": 0.614, "d6": "tick=148485 goal=0 here=0", "l": [0.4, 0.57, 1.21, 1.43, 0.27, 0.39, 0.61, 0.55, 1.15, 1.01, 0.83, 0.29, 0.29, 0.44, -1.0, 0.4]}
{"t": 105.3, "h": 292.8, "d5": 0.625, "sm": 0.617, "d6": "tick=148505 goal=0 here=0", "l": [0.34, 0.51, 0.92, 2.21, 0.3, 0.37, 0.67, 0.6, 1.18, 1.07, 0.33, 0.34, 0.27, 0.45, 0.34, 0.35]}
{"t": 106.9, "h": 107.7, "d5": 0.625, "sm": 0.619, "d6": "tick=148657 goal=0 here=0", "l": [0.69, 1.39, 0.96, 0.33, 0.27, 0.42, 0.4, 0.31, 0.35, 0.38, -1.0, 1.78, 0.76, 0.26, 0.39, 0.69]}
{"t": 107.1, "h": 103.0, "d5": 0.636, "sm": 0.623, "d6": "tick=148680 goal=0 here=0", "l": [0.65, 1.34, 0.91, 0.27, 0.31, 0.29, 0.47, 0.36, 0.41, 0.42, 0.77, -1.0, 0.55, 0.28, 0.36, 0.63]}
{"t": 107.3, "h": 103.1, "d5": 0.648, "sm": 0.629, "d6": "tick=148701 goal=0 here=0", "l": [0.58, 1.29, 0.89, 0.81, 0.3, 0.29, 0.52, 0.38, 0.46, 0.49, 0.81, 2.21, 0.27, 0.34, 0.36, 0.59]}
{"t": 107.5, "h": 97.7, "d5": 0.638, "sm": 0.632, "d6": "tick=148721 goal=0 here=0", "l": [0.51, 1.24, 0.89, 0.81, 0.26, 0.33, 0.51, 0.45, 0.48, 0.54, 0.85, 2.23, 0.25, 0.31, 0.52, 0.56]}
{"t": 107.7, "h": 102.1, "d5": 0.625, "sm": 0.63, "d6": "tick=148742 goal=0 here=0", "l": [0.47, 1.11, 0.89, 0.75, 0.8, 0.37, 0.33, 0.5, 0.56, 0.59, 0.92, 2.25, 0.27, 0.31, 0.47, 0.53]}
{"t": 107.9, "h": 100.0, "d5": 0.616, "sm": 0.626, "d6": "tick=148763 goal=0 here=0", "l": [0.41, 0.97, 0.95, 0.72, 0.77, 0.29, 0.38, 0.58, 0.6, 0.64, 0.98, 0.28, 0.31, 0.27, 0.45, 0.45]}
{"t": 108.1, "h": 100.1, "d5": 0.623, "sm": 0.626, "d6": "tick=148784 goal=0 here=0", "l": [0.36, 0.42, 0.94, 0.77, 0.76, 0.8, 0.41, 0.66, 0.65, 0.69, 1.03, 0.28, 0.3, 0.27, 0.47, 0.39]}
{"t": 108.3, "h": 98.7, "d5": 0.606, "sm": 0.621, "d6": "tick=148805 goal=0 here=0", "l": [0.29, 0.36, 0.92, 0.77, 0.76, 0.83, 0.46, 0.71, 0.68, 0.75, 1.08, 0.31, 0.24, 0.39, 0.4, 0.38]}
{"t": 109.3, "h": 183.4, "d5": 0.611, "sm": 0.618, "d6": "tick=148899 goal=0 here=0", "l": [0.76, 0.86, 0.32, 0.66, 0.65, 0.7, 0.98, 0.32, 0.27, 0.32, 0.43, 0.37, 0.28, 0.35, 1.08, 0.75]}
{"t": 109.5, "h": 182.2, "d5": 0.619, "sm": 0.618, "d6": "tick=148921 goal=0 here=0", "l": [0.69, 0.79, 0.97, 0.44, 0.63, 0.69, 1.02, 0.34, 0.31, 0.41, 0.42, 0.37, 0.32, 0.34, 1.02, 0.72]}
{"t": 109.7, "h": 180.1, "d5": 0.631, "sm": 0.622, "d6": "tick=148942 goal=0 here=0", "l": [0.63, 0.73, 0.91, 0.42, 0.63, 0.71, 0.86, 0.4, 0.37, 0.45, 0.46, 0.32, 0.34, 0.85, 0.92, 0.67]}
{"t": 109.9, "h": 179.2, "d5": 0.639, "sm": 0.626, "d6": "tick=148963 goal=0 here=0", "l": [0.58, 0.67, 0.85, 0.22, 0.68, 0.73, 0.89, 1.61, 0.42, 0.5, 0.46, 0.32, 0.33, 0.83, 0.85, 0.62]}
{"t": 110.1, "h": 177.7, "d5": 0.659, "sm": 0.634, "d6": "tick=148984 goal=0 here=0", "l": [0.53, 0.6, 0.69, 0.76, 0.44, 0.71, 0.92, 1.54, 0.48, 0.53, 0.48, 0.34, 0.32, 0.78, 0.77, 0.58]}
{"t": 110.3, "h": 175.8, "d5": 0.653, "sm": 0.639, "d6": "tick=149004 goal=0 here=0", "l": [0.46, 0.53, 0.64, -1.0, 0.31, 0.66, 0.83, 1.55, 0.53, 0.59, 0.51, 0.35, 0.29, 0.79, 0.75, 0.55]}
{"t": 110.5, "h": 173.9, "d5": 0.656, "sm": 0.643, "d6": "tick=149025 goal=0 here=0", "l": [0.43, 0.5, 0.62, 0.83, 0.67, 0.69, 0.83, 1.4, 0.59, 0.62, 0.55, 0.37, 1.31, 0.77, 0.7, 0.51]}
{"t": 110.8, "h": 173.0, "d5": 0.674, "sm": 0.651, "d6": "tick=149051 goal=0 here=0", "l": [0.36, 0.44, 0.57, 0.83, 0.72, 0.29, 0.84, 1.39, 0.63, 0.67, 0.42, 0.35, 1.3, 0.79, 0.65, 0.48]}
{"t": 111.0, "h": 174.6, "d5": 0.702, "sm": 0.664, "d6": "tick=149072 goal=0 here=0", "l": [0.31, 0.39, 0.48, 0.73, 0.78, 0.55, 0.88, 1.41, 0.68, 0.72, 0.45, 1.5, 0.79, 0.81, 0.59, 0.4]}
{"t": 111.9, "h": 87.7, "d5": 0.707, "sm": 0.674, "d6": "tick=149158 goal=0 here=0", "l": [0.75, 0.85, 0.42, 0.37, 0.32, 0.39, 0.53, 0.79, 0.7, 0.34, 1.05, 2.11, 0.64, 0.67, 0.43, 1.34]}
{"t": 112.1, "h": 89.4, "d5": 0.682, "sm": 0.676, "d6": "tick=149180 goal=0 here=0", "l": [0.73, 0.79, 0.45, 0.38, 0.29, 0.39, 0.53, 0.84, 0.74, 0.36, 1.08, 1.92, 0.62, 0.64, 0.37, 1.33]}
{"t": 112.4, "h": 89.1, "d5": 0.674, "sm": 0.676, "d6": "tick=149207 goal=0 here=0", "l": [-1.0, 0.75, 0.51, 0.35, 0.3, 0.4, 0.52, 0.82, 0.8, 0.43, 1.12, 0.74, 0.67, 0.42, 0.27, 1.28]}
{"t": 112.6, "h": 90.9, "d5": 0.649, "sm": 0.669, "d6": "tick=149228 goal=0 here=0", "l": [0.64, 0.7, 0.49, 0.36, 0.35, 0.32, 0.48, 0.86, 0.92, 0.48, 1.18, 0.73, 0.71, 0.38, 0.87, 1.26]}
{"t": 112.8, "h": 87.6, "d5": 0.666, "sm": 0.668, "d6": "tick=149249 goal=0 here=0", "l": [0.61, 0.64, 0.48, 0.38, 0.33, 0.34, 0.49, 0.72, 0.98, 0.5, 1.23, 0.78, 0.71, 0.33, 0.85, 1.19]}
{"t": 113.0, "h": 85.1, "d5": 0.645, "sm": 0.662, "d6": "tick=149269 goal=0 here=0", "l": [0.54, 0.54, 0.59, 0.43, 0.33, 0.37, 0.49, 0.74, 1.0, 0.51, 1.26, 0.77, 0.7, 0.73, 0.82, 1.17]}
{"t": 113.2, "h": 82.9, "d5": 0.642, "sm": 0.657, "d6": "tick=149290 goal=0 here=0", "l": [0.52, 0.45, 0.59, 0.42, 0.33, 0.37, 0.4, 0.79, 1.06, 1.01, 1.3, 0.79, 0.36, 0.73, 2.46, 1.15]}
{"t": 113.4, "h": 87.0, "d5": 0.608, "sm": 0.645, "d6": "tick=149311 goal=0 here=0", "l": [0.45, 0.41, 0.56, 0.38, 0.37, 0.33, 0.43, 0.81, 1.08, 1.06, 1.31, 0.71, 0.28, 0.68, 2.44, 1.09]}
{"t": 113.6, "h": 81.5, "d5": 0.607, "sm": 0.636, "d6": "tick=149331 goal=0 here=0", "l": [0.41, 0.35, 0.52, 0.41, 0.39, 0.34, 0.44, 0.76, 1.11, 1.08, 1.38, -1.0, 0.51, 0.68, 2.44, 1.03]}
{"t": 113.8, "h": 81.2, "d5": 0.592, "sm": 0.625, "d6": "tick=149352 goal=0 here=0", "l": [0.37, 0.31, 0.44, 0.46, 0.38, 0.37, 0.46, 0.72, 1.15, 1.13, 1.39, 0.26, 0.67, 0.65, 2.44, 1.0]}
{"t": 115.2, "h": 289.7, "d5": 0.6, "sm": 0.618, "d6": "tick=149492 goal=0 here=0", "l": [1.24, 1.6, 0.45, 0.67, 0.65, 1.34, 0.93, 0.37, 0.3, 0.49, 0.4, 0.41, 0.36, 0.51, 0.93, 1.17]}
{"t": 115.4, "h": 287.8, "d5": 0.59, "sm": 0.611, "d6": "tick=149515 goal=0 here=0", "l": [1.15, 1.52, 0.22, 0.64, 0.63, 1.36, 0.94, 0.4, 0.36, 0.51, 0.41, 0.4, 0.37, 0.47, 0.9, 1.14]}
{"t": 115.6, "h": 287.8, "d5": 0.605, "sm": 0.61, "d6": "tick=149535 goal=0 here=0", "l": [1.09, 1.33, 0.15, 0.47, 0.67, 2.22, 1.05, 0.45, 0.39, 0.56, 0.41, 0.43, 0.41, 0.48, 0.87, 1.1]}
{"t": 115.9, "h": 283.6, "d5": 0.602, "sm": 0.608, "d6": "tick=149556 goal=0 here=0", "l": [1.01, 1.27, 0.64, 0.17, 0.65, 0.71, 1.12, 0.49, 0.43, 0.61, 0.46, 0.4, 0.44, 0.54, 0.84, 1.06]}
{"t": 116.1, "h": 287.5, "d5": 0.621, "sm": 0.611, "d6": "tick=149582 goal=0 here=0", "l": [0.94, 1.22, 0.68, 0.62, 0.12, 0.68, 1.21, 1.05, 0.53, 0.67, 0.5, 0.4, 0.46, 0.6, 0.8, 1.0]}
{"t": 116.3, "h": 285.8, "d5": 0.633, "sm": 0.617, "d6": "tick=149603 goal=0 here=0", "l": [0.9, 1.16, 0.67, 0.6, 0.26, 0.15, 1.29, 1.11, 0.57, 0.7, 0.53, 0.41, 0.44, 0.59, 0.81, 0.97]}
{"t": 116.4, "h": 284.9, "d5": 0.618, "sm": 0.617, "d6": "tick=149606 goal=0 here=0", "l": [0.89, 1.14, 0.66, 0.6, 0.26, 0.16, 1.29, 1.1, 0.54, 0.73, 0.54, 0.42, 0.45, 0.58, 0.81, 0.98]}
{"t": 116.6, "h": 282.6, "d5": 0.64, "sm": 0.623, "d6": "tick=149629 goal=0 here=0", "l": [0.85, 1.03, 0.66, 0.54, 0.51, 0.25, 0.15, 1.17, 0.62, 0.77, 0.55, 0.45, 0.44, 0.58, 0.92, 0.94]}
{"t": 116.8, "h": 280.4, "d5": 0.651, "sm": 0.63, "d6": "tick=149649 goal=0 here=0", "l": [0.81, 0.98, 1.45, 0.52, 0.55, 0.28, 0.22, 1.24, 0.68, 0.82, 0.58, 0.47, 0.44, 0.59, 0.91, 0.9]}
{"t": 117.0, "h": 282.0, "d5": 0.655, "sm": 0.636, "d6": "tick=149675 goal=0 here=0", "l": [0.74, 0.87, 1.33, 0.56, 0.57, 0.5, 0.29, 1.28, 0.75, 0.88, 0.59, 0.5, 0.48, 0.6, 0.85, 0.83]}
{"t": 117.2, "h": 279.4, "d5": 0.649, "sm": 0.639, "d6": "tick=149696 goal=0 here=0", "l": [0.7, 0.82, 1.24, 0.56, 0.56, 0.52, 0.32, 0.29, 0.77, 0.92, 0.56, 0.49, 0.53, 0.62, 0.82, 0.77]}
{"t": 117.4, "h": 278.2, "d5": 0.663, "sm": 0.645, "d6": "tick=149717 goal=0 here=0", "l": [0.67, 0.76, 1.15, 0.55, 0.48, 0.63, 0.37, 0.35, 0.85, 0.95, 0.58, 0.49, 0.54, 0.61, 0.78, 0.73]}
{"t": 117.7, "h": 277.0, "d5": 0.671, "sm": 0.652, "d6": "tick=149737 goal=0 here=0", "l": [0.38, 0.73, 0.93, 2.14, 0.51, 0.61, 0.42, 0.41, 0.89, 0.98, 0.61, 0.49, 0.54, 0.61, 0.8, 0.67]}
{"t": 117.9, "h": 279.4, "d5": 0.677, "sm": 0.658, "d6": "tick=149758 goal=0 here=0", "l": [0.32, 0.65, 0.89, 1.96, 0.53, 0.63, 0.58, 0.46, 0.94, 1.04, 0.62, 0.49, 0.54, 0.54, 0.78, 0.62]}
{"t": 118.5, "h": 319.8, "d5": 0.675, "sm": 0.662, "d6": "tick=149816 goal=0 here=0", "l": [0.84, 1.56, 0.54, 0.56, 0.6, 0.46, 0.92, 1.01, 0.65, 0.51, 0.51, 0.58, 0.73, 0.69, 0.3, 0.59]}
{"t": 118.7, "h": 317.4, "d5": 0.666, "sm": 0.663, "d6": "tick=149838 goal=0 here=0", "l": [0.82, 1.5, 0.48, 0.46, 0.59, 0.44, 1.24, 1.04, 0.74, 0.53, 0.54, 0.6, 0.75, 0.1, 0.32, 0.6]}
{"t": 118.9, "h": 318.0, "d5": 0.648, "sm": 0.659, "d6": "tick=149859 goal=0 here=0", "l": [0.77, 1.45, 0.43, 0.43, 0.64, 0.42, 0.44, 0.97, 0.81, 0.57, 0.6, 0.62, 0.1, 0.24, 0.56, 0.61]}
{"t": 119.1, "h": 315.1, "d5": 0.653, "sm": 0.658, "d6": "tick=149885 goal=0 here=0", "l": [0.69, 1.18, 0.39, 0.45, 0.59, 0.55, 0.51, 0.99, 0.89, 0.64, 0.61, 0.11, 0.18, 0.25, 0.49, 0.55]}
{"t": 119.4, "h": 317.6, "d5": 0.645, "sm": 0.655, "d6": "tick=149908 goal=0 here=0", "l": [0.57, 1.04, 2.34, 0.4, 0.56, 0.6, 0.54, 1.06, 0.95, 0.67, 0.16, 0.17, 0.22, 0.26, 0.43, 0.49]}
{"t": 119.6, "h": 314.1, "d5": 0.648, "sm": 0.653, "d6": "tick=149930 goal=0 here=0", "l": [0.52, 0.97, 2.34, 0.34, 0.41, 0.64, 0.53, 1.12, 1.05, 0.72, 0.17, 0.26, 0.23, 0.44, 0.38, 0.45]}
{"t": 119.8, "h": 313.3, "d5": 0.641, "sm": 0.65, "d6": "tick=149951 goal=0 here=0", "l": [0.47, 0.86, 2.34, 0.34, 0.41, 0.7, 0.55, 1.16, 1.09, 0.76, 0.22, 0.24, 0.2, 0.44, 0.34, 0.41]}
{"t": 120.0, "h": 306.7, "d5": 0.627, "sm": 0.644, "d6": "tick=149971 goal=0 here=0", "l": [0.42, 0.77, 2.29, 0.6, 0.41, 0.63, 0.63, 0.67, 1.15, 0.28, 0.26, 0.26, 0.36, -1.0, 0.31, 0.36]}
{"t": 120.2, "h": 308.7, "d5": 0.62, "sm": 0.638, "d6": "tick=149992 goal=0 here=0", "l": [0.35, 0.55, 2.26, 0.63, 0.29, 0.43, 0.72, 0.7, 1.21, 0.31, 0.33, 0.24, 0.37, 0.35, 0.26, 0.34]}
{"t": 121.6, "h": 99.0, "d5": 0.643, "sm": 0.639, "d6": "tick=150129 goal=0 here=0", "l": [0.69, 1.41, 0.98, 0.3, 0.26, 0.36, 0.39, 0.28, 0.3, -1.0, 0.5, 1.19, 1.38, 0.36, 0.43, 0.7]}
{"t": 121.8, "h": 98.8, "d5": 0.623, "sm": 0.635, "d6": "tick=150152 goal=0 here=0", "l": [0.65, 1.35, 0.93, 0.28, 0.28, 0.28, 0.42, 0.31, 0.35, 0.36, 0.56, 1.34, 1.11, 0.27, 0.41, 0.66]}
{"t": 122.0, "h": 96.4, "d5": 0.622, "sm": 0.632, "d6": "tick=150173 goal=0 here=0", "l": [0.58, 1.26, 0.96, 0.28, 0.31, 0.28, 0.46, 0.37, 0.39, 0.4, 0.57, 1.38, 0.87, 0.28, 0.36, 0.64]}
{"t": 122.2, "h": 99.5, "d5": 0.611, "sm": 0.627, "d6": "tick=150193 goal=0 here=0", "l": [0.52, 1.12, 0.97, 0.8, 0.26, 0.31, 0.47, 0.43, 0.46, 0.47, 0.61, 1.42, 0.6, 0.3, 0.35, 0.59]}
{"t": 122.4, "h": 93.7, "d5": 0.605, "sm": 0.621, "d6": "tick=150214 goal=0 here=0", "l": [0.46, 1.06, 1.03, 0.74, 0.26, 0.35, 0.31, 0.49, 0.5, 0.51, 0.65, 1.45, 0.27, 0.32, 0.33, 0.53]}
{"t": 122.6, "h": 93.5, "d5": 0.6, "sm": 0.616, "d6": "tick=150235 goal=0 here=0", "l": [0.42, 0.5, 1.01, 0.76, 0.76, 0.27, 0.36, 0.59, 0.53, 0.56, 0.85, 1.69, 0.28, 0.29, 0.45, 0.5]}
{"t": 122.8, "h": 96.7, "d5": 0.583, "sm": 0.608, "d6": "tick=150256 goal=0 here=0", "l": [0.37, 0.44, 1.0, 0.82, 0.76, 0.25, 0.38, 0.64, 0.58, 0.62, 0.91, 1.71, 0.29, 0.26, 0.43, 0.45]}
{"t": 124.5, "h": 280.9, "d5": 0.568, "sm": 0.598, "d6": "tick=150421 goal=0 here=0", "l": [0.6, 0.74, 1.05, 0.25, 0.28, 0.26, 0.46, 0.41, 0.42, 1.12, 0.89, 0.72, 0.79, 0.3, 0.4, 0.57]}
{"t": 124.7, "h": 282.7, "d5": 0.565, "sm": 0.59, "d6": "tick=150443 goal=0 here=0", "l": [0.57, 0.65, 0.99, 0.24, 0.29, 0.27, 0.47, 0.47, 0.45, 1.11, 0.92, 0.74, 0.82, 0.35, 0.4, 0.52]}
{"t": 124.9, "h": 281.3, "d5": 0.574, "sm": 0.586, "d6": "tick=150464 goal=0 here=0", "l": [0.51, 0.58, 0.88, 2.23, 0.25, 0.29, 0.48, 0.52, 0.5, 1.17, 0.92, 0.78, 0.26, 0.35, 0.52, 0.47]}
{"t": 125.1, "h": 278.8, "d5": 0.577, "sm": 0.584, "d6": "tick=150485 goal=0 here=0", "l": [0.48, 0.51, 0.82, 1.78, 0.24, 0.32, 0.33, 0.57, 0.53, 1.2, 0.93, 0.83, 0.28, 0.32, 0.49, 0.41]}
{"t": 125.3, "h": 278.6, "d5": 0.59, "sm": 0.585, "d6": "tick=150505 goal=0 here=0", "l": [0.42, 0.43, 0.59, 1.65, 0.59, 0.25, 0.33, 0.59, 0.55, 1.25, 0.95, 0.85, 0.31, 0.31, 0.49, 0.35]}
{"t": 125.5, "h": 281.2, "d5": 0.59, "sm": 0.586, "d6": "tick=150526 goal=0 here=0", "l": [0.37, 0.37, 0.54, 1.33, 1.09, 0.25, 0.37, 0.63, 0.61, 1.27, 0.97, 0.3, 0.33, 0.27, 0.47, 0.33]}
{"t": 127.0, "h": 130.7, "d5": 0.584, "sm": 0.586, "d6": "tick=150676 goal=0 here=0", "l": [1.21, 0.86, 0.33, 0.27, 0.42, 0.38, 0.35, 0.36, 0.43, 0.77, 2.24, 0.54, 0.29, -1.0, 0.66, 0.69]}
{"t": 127.3, "h": 131.5, "d5": 0.584, "sm": 0.585, "d6": "tick=150697 goal=0 here=0", "l": [1.26, 0.88, 0.27, 0.3, 0.3, 0.46, 0.35, 0.42, 0.45, 0.81, 2.28, 0.32, 0.35, 0.58, 0.63, 0.63]}
{"t": 127.5, "h": 126.6, "d5": 0.588, "sm": 0.586, "d6": "tick=150718 goal=0 here=0", "l": [1.27, 0.85, 0.23, -1.0, 0.26, 0.47, 0.38, 0.46, 0.48, 0.85, 2.31, 0.29, 0.38, 0.58, 0.58, 0.59]}
{"t": 127.7, "h": 127.1, "d5": 0.59, "sm": 0.587, "d6": "tick=150744 goal=0 here=0", "l": [1.24, 0.81, 0.73, 0.22, 0.26, 0.45, 0.43, 0.5, 0.51, 0.9, 2.37, 0.31, 0.37, 0.63, 0.49, 0.55]}
{"t": 127.9, "h": 125.4, "d5": 0.592, "sm": 0.588, "d6": "tick=150765 goal=0 here=0", "l": [1.18, 0.77, 0.71, 0.17, 0.23, 0.3, 0.51, 0.51, 0.58, 0.95, 2.41, 0.37, 0.36, 0.57, 0.46, 0.5]}
{"t": 128.1, "h": 122.4, "d5": 0.595, "sm": 0.59, "d6": "tick=150786 goal=0 here=0", "l": [1.12, 0.75, 0.64, 0.69, 0.16, 0.29, 0.57, 0.53, 0.63, 1.02, 2.45, 0.41, 0.46, 0.52, 0.41, 0.43]}
{"t": 128.4, "h": 121.7, "d5": 0.582, "sm": 0.588, "d6": "tick=150807 goal=0 here=0", "l": [1.06, 0.75, 0.57, 0.64, 0.67, 0.19, 0.35, 0.55, 0.66, 1.02, 0.4, 0.39, 0.49, 0.53, 0.37, 0.41]}
{"t": 128.6, "h": 123.7, "d5": 0.584, "sm": 0.587, "d6": "tick=150828 goal=0 here=0", "l": [1.03, 0.72, 0.55, 0.6, 0.68, 0.81, 0.36, 0.59, 0.7, 1.08, 0.42, 0.42, 0.53, 0.49, 0.38, 0.37]}
{"t": 128.8, "h": 122.9, "d5": 0.571, "sm": 0.583, "d6": "tick=150848 goal=0 here=0", "l": [0.96, 0.73, 0.58, 0.6, 0.69, 0.89, 0.24, 0.64, 0.74, 1.11, 0.48, 0.4, 0.54, 0.35, 0.34, 0.82]}
{"t": 129.0, "h": 119.7, "d5": 0.579, "sm": 0.582, "d6": "tick=150869 goal=0 here=0", "l": [0.89, 0.7, 0.58, 0.54, 0.66, 0.85, 0.78, 0.7, 0.79, 1.18, 0.51, 0.44, 0.55, 0.3, 0.31, 0.77]}
{"t": 129.2, "h": 120.7, "d5": 0.567, "sm": 0.578, "d6": "tick=150890 goal=0 here=0", "l": [0.85, 0.68, 0.52, 0.46, 0.63, 0.88, 0.86, 0.76, 0.85, 1.23, 0.54, 0.54, 0.48, 0.28, 0.24, 0.73]}
{"t": 129.4, "h": 117.2, "d5": 0.586, "sm": 0.58, "d6": "tick=150916 goal=0 here=0", "l": [0.75, 0.65, 0.51, 0.47, 0.57, 0.7, 0.89, 0.57, 0.89, 1.25, 0.56, 0.58, 0.45, 0.24, 0.2, 0.69]}
{"t": 129.6, "h": 119.2, "d5": 0.557, "sm": 0.574, "d6": "tick=150936 goal=0 here=0", "l": [0.68, 0.61, 0.46, 0.48, 0.55, 0.73, 0.9, 0.43, 0.96, 1.31, 0.57, 0.57, 0.25, 0.18, 1.18, 0.63]}
{"t": 130.7, "h": 220.6, "d5": 0.571, "sm": 0.574, "d6": "tick=151038 goal=0 here=0", "l": [0.65, 1.01, 0.84, 0.88, 1.11, 0.62, 0.58, 0.3, 0.22, 0.14, 1.14, 0.59, 0.78, 0.55, 0.48, 0.43]}
{"t": 130.9, "h": 220.2, "d5": 0.567, "sm": 0.572, "d6": "tick=151061 goal=0 here=0", "l": [0.59, 0.9, 0.84, 0.83, 1.09, 0.65, 0.56, 0.52, 0.27, 1.33, 0.73, 0.61, 0.73, 0.47, 0.44, 0.43]}
{"t": 131.2, "h": 221.8, "d5": 0.596, "sm": 0.578, "d6": "tick=151092 goal=0 here=0", "l": [0.54, 0.84, 0.84, 0.35, 1.0, 1.72, 0.57, 0.65, 0.32, 1.38, 0.68, 0.64, 0.62, 0.44, 0.41, 0.38]}
{"t": 131.4, "h": 218.5, "d5": 0.598, "sm": 0.583, "d6": "tick=151112 goal=0 here=0", "l": [0.45, 0.62, 0.81, 0.43, 0.93, 1.48, 0.67, 0.69, 0.39, 1.47, 0.72, 0.76, 0.57, 0.37, 0.35, 0.36]}
{"t": 131.6, "h": 218.2, "d5": 0.61, "sm": 0.59, "d6": "tick=151133 goal=0 here=0", "l": [0.42, 0.54, 0.75, 0.61, 0.33, 1.44, 0.76, 0.74, 0.45, 1.49, 0.77, 0.82, 0.54, 0.36, 0.28, 0.33]}
{"t": 132.8, "h": 92.9, "d5": 0.621, "sm": 0.598, "d6": "tick=151254 goal=0 here=0", "l": [0.71, 0.8, 0.38, 0.33, 0.25, 0.34, 0.51, 0.82, 0.76, 0.41, 1.01, 1.96, 0.67, 0.68, 0.36, 1.34]}
{"t": 133.0, "h": 90.4, "d5": 0.591, "sm": 0.596, "d6": "tick=151276 goal=0 here=0", "l": [0.67, 0.77, 0.4, 0.31, 0.27, 0.36, 0.46, 0.79, 0.82, 0.44, 1.05, 1.96, 0.7, 0.43, 0.96, 1.31]}
{"t": 133.3, "h": 88.3, "d5": 0.584, "sm": 0.593, "d6": "tick=151298 goal=0 here=0", "l": [0.63, 0.72, 0.45, 0.28, 0.32, 0.28, 0.44, 0.81, 0.88, 0.47, 1.11, 0.78, 0.73, 0.42, 0.95, 1.25]}
{"t": 133.5, "h": 90.0, "d5": 0.592, "sm": 0.593, "d6": "tick=151318 goal=0 here=0", "l": [0.6, 0.68, 0.45, 0.3, 0.3, 0.28, 0.44, 0.66, 0.92, 0.52, 1.21, 0.77, 0.75, 0.36, 2.39, 1.22]}
{"t": 133.7, "h": 88.4, "d5": 0.573, "sm": 0.588, "d6": "tick=151339 goal=0 here=0", "l": [0.56, 0.62, 0.43, 0.32, 0.28, 0.33, 0.44, 0.7, 0.98, 0.54, 1.24, 0.8, 0.73, 0.79, 2.35, 1.17]}
{"t": 133.9, "h": 84.3, "d5": 0.566, "sm": 0.582, "d6": "tick=151360 goal=0 here=0", "l": [0.54, 0.57, 0.42, 0.36, 0.28, 0.34, 0.35, 0.73, 0.99, 0.57, 1.28, 0.82, 0.74, 0.79, 2.33, 1.1]}
{"t": 134.1, "h": 85.2, "d5": 0.552, "sm": 0.575, "d6": "tick=151386 goal=0 here=0", "l": [0.48, 0.49, 0.56, 0.38, 0.28, 0.3, 0.37, 0.75, 1.04, 0.62, 1.32, 0.81, 0.23, 0.74, 2.28, 1.08]}
{"t": 134.3, "h": 82.7, "d5": 0.554, "sm": 0.57, "d6": "tick=151406 goal=0 here=0", "l": [0.43, 0.39, 0.52, 0.34, 0.33, 0.28, 0.42, 0.72, 1.08, 0.66, 1.35, 0.74, 0.52, 0.71, 2.28, 1.02]}
{"t": 134.6, "h": 86.3, "d5": 0.543, "sm": 0.563, "d6": "tick=151427 goal=0 here=0", "l": [0.39, 0.33, 0.47, 0.35, 0.34, 0.32, 0.41, 0.68, 1.12, 0.72, 1.41, 0.25, 0.69, 0.7, 2.27, 0.97]}
{"t": 135.2, "h": 27.1, "d5": 0.547, "sm": 0.559, "d6": "tick=151494 goal=0 here=0", "l": [0.72, 1.19, 0.36, 0.32, 0.42, 0.48, 0.31, 0.32, 0.34, 0.45, 0.93, 1.1, 1.24, 0.91, 0.48, 0.73]}
{"t": 135.4, "h": 28.7, "d5": 0.557, "sm": 0.558, "d6": "tick=151516 goal=0 here=0", "l": [0.67, 1.14, 0.35, 0.34, 0.31, 0.51, 0.38, 0.38, 0.38, 0.51, 0.97, 1.13, 1.23, 0.24, 0.47, 0.69]}
{"t": 135.7, "h": 25.3, "d5": 0.551, "sm": 0.557, "d6": "tick=151537 goal=0 here=0", "l": [0.61, 1.1, 0.92, 0.34, 0.3, 0.47, 0.4, 0.41, 0.4, 0.56, 1.18, 1.16, 1.26, 0.25, 0.46, 0.64]}
{"t": 135.9, "h": 22.2, "d5": 0.527, "sm": 0.549, "d6": "tick=151558 goal=0 here=0", "l": [0.57, 1.11, 0.86, 0.31, 0.33, 0.47, 0.5, 0.45, 0.47, 0.57, 1.22, 0.83, 0.22, 0.24, 0.44, 0.59]}
{"t": 136.1, "h": 21.5, "d5": 0.519, "sm": 0.542, "d6": "tick=151578 goal=0 here=0", "l": [0.53, 1.21, 0.84, 0.33, 0.33, 0.3, 0.58, 0.49, 0.49, 0.63, 1.25, 0.79, 0.23, 0.34, 0.55, 0.56]}
{"t": 136.3, "h": 21.6, "d5": 0.515, "sm": 0.535, "d6": "tick=151599 goal=0 here=0", "l": [0.43, 1.17, 0.84, 0.79, 0.29, 0.33, 0.63, 0.55, 0.54, 0.71, 1.3, 0.21, 0.22, 0.35, 0.54, 0.51]}
{"t": 136.5, "h": 18.8, "d5": 0.511, "sm": 0.529, "d6": "tick=151620 goal=0 here=0", "l": [0.4, 1.14, 0.85, 0.78, 0.28, 0.35, 0.61, 0.56, 0.59, 0.74, 1.35, 0.24, 0.24, 0.34, 0.5, 0.46]}
{"t": 136.7, "h": 20.3, "d5": 0.506, "sm": 0.523, "d6": "tick=151641 goal=0 here=0", "l": [0.36, 1.89, 0.83, 0.81, 0.52, 0.34, 0.42, 0.6, 0.64, 0.78, 1.41, 0.23, 0.33, 0.31, 0.44, 0.4]}
{"t": 136.9, "h": 20.6, "d5": 0.495, "sm": 0.516, "d6": "tick=151661 goal=0 here=0", "l": [0.3, 1.89, 0.87, 0.75, 0.54, 0.28, 0.41, 0.66, 0.7, 0.83, 0.32, 0.27, 0.34, 0.31, 0.4, 0.36]}
{"t": 138.5, "h": 207.5, "d5": 0.491, "sm": 0.51, "d6": "tick=151820 goal=0 here=0", "l": [0.74, 1.09, 0.26, 0.3, 0.29, 0.43, 0.37, 0.31, 0.34, 1.05, 0.77, 0.75, 0.54, 0.38, 0.74, 0.67]}
{"t": 138.7, "h": 207.5, "d5": 0.514, "sm": 0.511, "d6": "tick=151842 goal=0 here=0", "l": [0.68, -1.0, 0.27, 0.22, 0.32, 0.35, 0.42, 0.37, 0.35, 1.08, 0.79, 0.77, 0.31, 0.38, 0.71, 0.63]}
{"t": 138.9, "h": 206.5, "d5": 0.513, "sm": 0.511, "d6": "tick=151863 goal=0 here=0", "l": [0.64, 0.92, 1.28, 0.22, 0.32, 0.32, 0.46, 0.42, -1.0, 1.11, 0.82, 0.77, 0.29, 0.36, 0.67, 0.6]}
{"t": 139.1, "h": 207.2, "d5": 0.544, "sm": 0.52, "d6": "tick=151884 goal=0 here=0", "l": [0.59, 0.83, 1.33, 0.21, 0.23, 0.33, 0.51, 0.48, 0.45, 1.17, 0.83, 0.81, 0.32, 0.34, 0.63, 0.57]}
{"t": 139.3, "h": 210.3, "d5": 0.553, "sm": 0.528, "d6": "tick=151904 goal=0 here=0", "l": [0.54, 0.78, 1.32, 0.92, 0.2, 0.34, 0.55, 0.55, 0.46, 1.2, 0.85, 0.39, 0.35, 0.36, 0.57, 0.52]}
{"t": 139.5, "h": 202.3, "d5": 0.554, "sm": 0.534, "d6": "tick=151925 goal=0 here=0", "l": [-1.0, 0.6, 1.22, 0.79, 0.18, 0.22, 0.39, 0.58, 0.53, 1.26, 0.89, 0.32, 0.35, 0.43, 0.51, 0.48]}
{"t": 139.7, "h": 199.1, "d5": 0.573, "sm": 0.544, "d6": "tick=151946 goal=0 here=0", "l": [0.42, 0.56, 0.96, 1.14, 1.23, 0.21, 0.41, 0.6, 0.58, 1.3, 0.91, 0.34, 0.33, 0.51, 0.45, 0.45]}
{"t": 139.9, "h": 199.4, "d5": 0.595, "sm": 0.557, "d6": "tick=151966 goal=0 here=0", "l": [0.36, 0.49, 0.92, 1.15, 1.21, 1.56, 0.28, 0.67, 0.63, 1.34, 0.94, 0.37, 0.33, 0.51, 0.39, 0.39]}
{"t": 140.2, "h": 197.4, "d5": 0.589, "sm": 0.565, "d6": "tick=151987 goal=0 here=0", "l": [0.32, 0.45, 0.86, 1.18, 1.14, 1.42, 0.26, 0.69, 0.68, 1.39, 0.97, 0.37, 0.33, 0.49, 0.32, 0.36]}
{"t": 141.1, "h": 282.3, "d5": 0.588, "sm": 0.571, "d6": "tick=152080 goal=0 here=0", "l": [0.96, 1.26, 0.89, 0.52, 0.71, 2.47, 1.09, 0.37, 0.31, 0.45, 0.44, 0.32, 0.32, 0.35, 0.47, 1.22]}
{"t": 141.3, "h": 278.1, "d5": 0.601, "sm": 0.578, "d6": "tick=152102 goal=0 here=0", "l": [0.91, 1.21, 0.86, 0.27, 0.72, 0.72, 1.19, 0.43, 0.36, 0.53, 0.4, 0.35, 0.32, 0.39, 0.59, 1.16]}
{"t": 141.5, "h": 278.9, "d5": 0.619, "sm": 0.588, "d6": "tick=152123 goal=0 here=0", "l": [0.91, 1.17, 0.83, 0.76, 0.72, 0.71, 1.23, 0.47, 0.41, 0.56, 0.39, 0.38, 0.31, 0.41, 0.6, 1.12]}
{"t": 141.7, "h": 276.6, "d5": 0.62, "sm": 0.596, "d6": "tick=152144 goal=0 here=0", "l": [0.96, 1.1, 1.58, 0.71, 0.26, 0.71, 1.28, 1.11, 0.47, 0.6, 0.41, 0.35, 0.32, 0.38, 0.57, 1.06]}
{"t": 141.9, "h": 276.2, "d5": 0.638, "sm": 0.607, "d6": "tick=152164 goal=0 here=0", "l": [0.93, 1.06, -1.0, 0.64, 0.36, 0.74, -1.0, 1.16, 0.53, 0.65, 0.47, 0.36, 0.36, 0.36, 0.58, 1.03]}
{"t": 142.1, "h": 273.9, "d5": 0.636, "sm": 0.614, "d6": "tick=152185 goal=0 here=0", "l": [0.88, 1.02, 1.4, 0.68, 0.65, 0.25, 1.53, 1.21, 0.56, 0.68, 0.47, 0.34, 0.37, 0.35, 0.58, 0.98]}
{"t": 142.3, "h": 272.5, "d5": 0.625, "sm": 0.617, "d6": "tick=152206 goal=0 here=0", "l": [0.83, 0.93, 1.17, 0.74, 0.7, 0.36, 1.59, 1.22, 0.63, 0.73, 0.5, 0.32, 0.34, 0.4, 0.58, 0.95]}
{"t": 142.5, "h": 274.7, "d5": 0.665, "sm": 0.629, "d6": "tick=152227 goal=0 here=0", "l": [0.76, 0.81, 1.12, 0.7, 0.68, 0.41, 0.29, 1.25, 0.69, 0.78, 0.51, 0.38, 0.34, 0.42, 0.61, 0.89]}
{"t": 142.8, "h": 275.3, "d5": 0.668, "sm": 0.639, "d6": "tick=152247 goal=0 here=0", "l": [0.72, 0.35, 1.1, 0.7, 0.61, 0.62, 0.37, 1.3, 0.75, 0.83, 0.5, 0.39, 0.34, 0.42, 0.58, 0.85]}
{"t": 143.0, "h": 270.2, "d5": 0.673, "sm": 0.647, "d6": "tick=152268 goal=0 here=0", "l": [0.66, 0.33, 0.94, 1.85, 0.62, 0.7, 0.45, 1.41, 0.78, 0.87, 0.48, 0.4, 0.35, 0.41, 0.54, 0.79]}
{"t": 144.5, "h": 80.7, "d5": 0.693, "sm": 0.659, "d6": "tick=152419 goal=0 here=0", "l": [1.34, 0.76, 0.63, 0.41, 0.33, 0.4, 0.47, 0.73, 0.73, 0.56, 0.25, 1.29, 0.66, 0.72, 0.47, 0.36]}
{"t": 144.7, "h": 79.7, "d5": 0.671, "sm": 0.662, "d6": "tick=152442 goal=0 here=0", "l": [1.3, 0.71, 0.61, 0.41, 0.36, 0.37, 0.47, 0.58, 0.75, 0.57, 0.88, 1.32, 0.7, 0.7, 0.42, 0.34]}
{"t": 145.6, "h": 355.3, "d5": 0.657, "sm": 0.661, "d6": "tick=152530 goal=0 here=0", "l": [0.6, 0.7, 0.41, 1.36, 0.79, 0.82, 0.56, 0.38, 0.34, 0.42, 0.58, 0.84, 0.76, 0.36, 0.96, 1.75]}
{"t": 145.8, "h": 1.2, "d5": 0.646, "sm": 0.657, "d6": "tick=152552 goal=0 here=0", "l": [-1.0, 0.63, 0.38, 0.29, 0.76, 0.8, 0.63, 0.43, 0.38, 0.48, 0.59, 0.87, 0.75, 0.28, 0.93, 1.67]}
{"t": 146.0, "h": 356.9, "d5": 0.651, "sm": 0.655, "d6": "tick=152573 goal=0 here=0", "l": [-1.0, 0.6, 0.35, 0.29, 1.27, 0.71, 0.67, 0.48, 0.41, 0.51, 0.64, 0.89, 0.69, 0.72, 0.93, 1.64]}
{"t": 146.2, "h": 354.9, "d5": 0.628, "sm": 0.649, "d6": "tick=152593 goal=0 here=0", "l": [0.5, 0.57, 0.46, 0.32, 0.25, 0.73, 0.78, 0.54, 0.48, 0.56, 0.67, 0.83, 0.34, 0.72, 0.96, 1.57]}
{"t": 146.4, "h": 354.6, "d5": 0.63, "sm": 0.644, "d6": "tick=152614 goal=0 here=0", "l": [0.46, 0.5, 0.48, 0.3, 0.28, 0.78, 0.95, 0.6, 0.52, 0.6, 0.69, 0.81, 0.45, 0.72, 0.94, 1.54]}
{"t": 146.7, "h": 355.7, "d5": 0.623, "sm": 0.639, "d6": "tick=152640 goal=0 here=0", "l": [0.42, 0.48, 0.44, 0.26, 0.31, 0.82, 0.98, 0.67, 0.59, 0.66, 0.72, 0.81, 0.47, 0.76, 0.92, 1.48]}
{"t": 146.9, "h": 352.6, "d5": 0.613, "sm": 0.632, "d6": "tick=152661 goal=0 here=0", "l": [0.38, 0.37, 0.44, 0.36, 0.27, 0.3, 0.98, 0.77, 0.66, 0.7, 0.78, 0.28, 0.74, 0.73, 0.88, 0.4]}
{"t": 147.1, "h": 353.2, "d5": 0.587, "sm": 0.621, "d6": "tick=152686 goal=0 here=0", "l": [0.32, 0.27, 0.39, 0.37, 0.25, 0.3, 0.96, 0.86, 0.71, -1.0, 0.82, 0.47, 0.71, 0.74, 0.84, 0.35]}
{"t": 148.7, "h": 181.0, "d5": 0.561, "sm": 0.606, "d6": "tick=152845 goal=0 here=0", "l": [0.71, 0.84, 0.31, 0.49, 0.66, 0.72, 1.01, 0.32, 0.27, 0.36, 0.41, 0.37, 0.26, 0.34, 1.07, 0.76]}
{"t": 149.0, "h": 182.3, "d5": 0.565, "sm": 0.596, "d6": "tick=152872 goal=0 here=0", "l": [0.64, 0.77, 0.93, 0.46, 0.64, 0.72, 1.02, 0.36, 0.32, 0.41, 0.41, 0.33, 0.3, 0.31, 1.02, 0.71]}
{"t": 149.2, "h": 181.9, "d5": 0.575, "sm": 0.591, "d6": "tick=152893 goal=0 here=0", "l": [0.59, 0.68, 0.89, 0.29, 0.69, 0.73, 0.9, 0.41, 0.38, 0.46, 0.43, 0.29, 0.33, 0.82, 0.95, 0.66]}
{"t": 149.4, "h": 177.4, "d5": 0.606, "sm": 0.594, "d6": "tick=152914 goal=0 here=0", "l": [0.53, 0.62, 0.73, 0.8, 0.47, 0.74, 0.91, 1.56, 0.43, 0.52, -1.0, 0.31, 0.3, 0.8, 0.87, 0.59]}
{"t": 149.6, "h": 178.0, "d5": 0.608, "sm": 0.598, "d6": "tick=152935 goal=0 here=0", "l": [0.47, 0.57, 0.66, 0.75, 0.23, 0.71, 0.94, 1.57, 0.51, 0.57, 0.49, 0.36, 0.27, 0.78, 0.75, 0.56]}
{"t": 149.8, "h": 174.5, "d5": 0.612, "sm": 0.601, "d6": "tick=152955 goal=0 here=0", "l": [0.44, -1.0, 0.62, 0.85, 0.7, 0.68, 0.89, 1.59, 0.56, 0.58, 0.48, 0.34, 1.3, 0.77, 0.7, 0.53]}
{"t": 151.5, "h": 1.2, "d5": 0.582, "sm": 0.597, "d6": "tick=153121 goal=0 here=0", "l": [0.48, 0.6, 0.34, 0.29, 0.76, 0.85, 0.68, 0.51, 0.45, 0.51, 0.62, 0.77, 0.34, 0.76, 1.0, 0.57]}
{"t": 151.7, "h": 2.1, "d5": 0.567, "sm": 0.589, "d6": "tick=153143 goal=0 here=0", "l": [0.46, 0.57, 0.35, 0.32, 1.29, 0.77, 0.72, 0.52, 0.46, 0.56, 0.67, 0.79, 0.42, 0.78, 0.97, 0.53]}
{"t": 151.9, "h": 0.6, "d5": 0.579, "sm": 0.587, "d6": "tick=153164 goal=0 here=0", "l": [0.41, 0.52, 0.45, 0.32, 0.3, 0.78, 0.79, 0.57, 0.5, 0.61, 0.72, 0.82, 0.47, 0.75, 0.92, 0.49]}
{"t": 152.1, "h": 0.2, "d5": 0.559, "sm": 0.58, "d6": "tick=153185 goal=0 here=0", "l": [0.38, 0.46, 0.42, 0.26, 0.3, 0.82, 0.96, 0.67, 0.58, 0.67, 0.87, 0.27, 0.72, 0.74, 0.89, 0.43]}
{"t": 152.3, "h": 356.6, "d5": 0.557, "sm": 0.574, "d6": "tick=153205 goal=0 here=0", "l": [0.34, 0.42, 0.4, 0.3, 0.27, 0.29, 1.04, 0.71, 0.63, 0.73, 0.92, 0.42, 0.69, 0.75, 0.87, 0.38]}
{"t": 153.7, "h": 145.1, "d5": 0.543, "sm": 0.566, "d6": "tick=153342 goal=0 here=0", "l": [0.83, 0.69, 0.7, 0.77, 0.26, 0.73, 0.7, 0.81, 1.17, 0.4, 0.31, 0.43, 0.39, 0.25, 0.3, 0.86]}
{"t": 153.9, "h": 144.7, "d5": 0.543, "sm": 0.56, "d6": "tick=153365 goal=0 here=0", "l": [0.78, 0.65, 0.69, 0.77, 0.96, 0.47, 0.71, 0.79, -1.0, 0.42, 0.39, 0.45, 0.36, 0.28, 0.28, 0.85]}
{"t": 154.1, "h": 143.0, "d5": 0.55, "sm": 0.558, "d6": "tick=153386 goal=0 here=0", "l": [0.74, 0.59, 0.59, 0.73, 0.94, 0.33, 0.71, 0.84, 1.25, 0.47, 0.44, 0.45, 0.24, 0.26, 0.24, 0.82]}
{"t": 154.3, "h": 141.9, "d5": 0.55, "sm": 0.556, "d6": "tick=153406 goal=0 here=0", "l": [0.67, 0.56, 0.51, 0.66, 0.91, 0.83, 0.76, 0.85, 1.29, 0.49, 0.51, 0.42, 0.24, 0.23, 0.2, 0.77]}
{"t": 154.6, "h": 140.2, "d5": 0.534, "sm": 0.55, "d6": "tick=153427 goal=0 here=0", "l": [0.65, 0.55, 0.49, 0.59, 0.76, 0.91, 0.8, 0.9, 1.29, 0.53, 0.53, 0.44, 0.26, 0.19, 0.68, 0.74]}
{"t": 154.8, "h": 139.6, "d5": 0.559, "sm": 0.553, "d6": "tick=153448 goal=0 here=0", "l": [0.59, 0.47, 0.48, 0.57, 0.71, 0.89, 0.59, 0.91, 1.3, 0.55, 0.57, 0.25, 0.23, 1.21, 0.65, 0.7]}
{"t": 155.0, "h": 135.4, "d5": 0.569, "sm": 0.557, "d6": "tick=153469 goal=0 here=0", "l": [0.58, 0.46, 0.45, 0.52, 0.71, 0.91, 0.52, 0.97, 1.34, 0.6, 0.58, 0.27, 0.17, 1.16, 0.61, 0.67]}
{"t": 155.9, "h": 214.2, "d5": 0.542, "sm": 0.553, "d6": "tick=153556 goal=0 here=0", "l": [0.57, 0.93, 0.93, 0.87, 1.11, 0.66, 0.59, 0.29, 0.22, 1.3, 1.14, 0.59, 0.74, -1.0, 0.42, 0.42]}
{"t": 156.1, "h": 218.7, "d5": 0.558, "sm": 0.554, "d6": "tick=153579 goal=0 here=0", "l": [0.54, 0.9, 0.93, 0.86, 1.03, 0.7, 0.61, 0.55, 0.27, 1.36, 1.13, 0.59, 0.74, 0.47, 0.39, 0.4]}
{"t": 156.3, "h": 218.6, "d5": 0.57, "sm": 0.558, "d6": "tick=153600 goal=0 here=0", "l": [0.49, 0.65, 0.89, 0.45, 1.0, 1.52, 0.6, 0.68, 0.31, 1.4, 0.66, 0.6, 0.6, 0.42, 0.39, 0.34]}
{"t": 157.5, "h": 326.5, "d5": 0.588, "sm": 0.566, "d6": "tick=153716 goal=0 here=0", "l": [1.43, 0.65, 0.64, 0.35, 1.38, 1.23, 0.61, 0.75, 0.45, 0.37, 0.35, 0.45, 0.64, 0.84, 0.68, 0.97]}
{"t": 157.7, "h": 326.4, "d5": 0.562, "sm": 0.565, "d6": "tick=153738 goal=0 here=0", "l": [1.39, 0.64, 0.65, 0.34, 0.24, 1.26, 0.65, 0.8, 0.49, 0.39, 0.38, 0.49, 0.64, 0.84, 0.44, 0.93]}
{"t": 157.9, "h": 323.8, "d5": 0.569, "sm": 0.566, "d6": "tick=153759 goal=0 here=0", "l": [1.29, 0.63, 0.62, 0.36, 0.3, 1.26, 0.7, 0.83, 0.55, 0.46, 0.39, 0.53, 0.67, 0.82, 0.37, 0.89]}
{"t": 158.1, "h": 323.2, "d5": 0.557, "sm": 0.564, "d6": "tick=153780 goal=0 here=0", "l": [1.24, 0.59, 0.57, 0.51, 0.32, 0.26, 0.76, 0.87, 0.62, 0.48, 0.47, 0.57, 0.82, 0.83, 0.47, 0.83]}
{"t": 158.3, "h": 322.6, "d5": 0.571, "sm": 0.565, "d6": "tick=153800 goal=0 here=0", "l": [1.18, 0.5, 0.47, 0.56, 0.3, 0.3, 0.79, 0.9, 0.67, 0.57, 0.53, 0.6, 0.83, 0.82, 0.74, 0.81]}
{"t": 158.5, "h": 321.6, "d5": 0.555, "sm": 0.563, "d6": "tick=153821 goal=0 here=0", "l": [1.12, 0.47, 0.41, 0.54, 0.34, 0.34, 0.79, 0.95, 0.72, 0.6, 0.58, 0.68, 0.85, 0.72, 0.67, 0.76]}
{"t": 158.7, "h": 319.9, "d5": 0.553, "sm": 0.56, "d6": "tick=153842 goal=0 here=0", "l": [1.07, -1.0, 0.42, 0.52, 0.47, 0.34, 0.35, 0.93, 0.79, 0.62, 0.61, 0.71, 0.9, 0.36, 0.62, 0.71]}
{"t": 158.9, "h": 319.3, "d5": 0.561, "sm": 0.561, "d6": "tick=153863 goal=0 here=0", "l": [0.83, 1.89, 0.43, 0.48, 0.49, 0.35, 0.38, 0.9, 0.84, 0.68, 0.65, 0.71, 0.89, 0.34, 0.57, 0.68]}
{"t": 159.1, "h": 317.6, "d5": 0.562, "sm": 0.561, "d6": "tick=153883 goal=0 here=0", "l": [0.79, 1.79, 0.37, 0.35, 0.54, 0.42, 0.43, 0.93, 0.91, 0.71, 0.68, 0.72, 0.26, 0.36, 0.53, 0.6]}
{"t": 159.3, "h": 313.0, "d5": 0.552, "sm": 0.559, "d6": "tick=153904 goal=0 here=0", "l": [0.75, 1.51, 0.32, 0.33, 0.49, 0.49, 0.44, 0.97, 0.95, 0.74, 0.71, 0.22, 0.32, 0.59, -1.0, 0.59]}
{"t": 159.6, "h": 315.9, "d5": 0.55, "sm": 0.557, "d6": "tick=153927 goal=0 here=0", "l": [0.69, -1.0, 0.28, 0.33, 0.47, 0.49, 0.42, 0.5, 0.99, 0.81, 0.74, 0.24, 0.34, 0.57, 0.48, 0.53]}
{"t": 159.8, "h": 314.7, "d5": 0.566, "sm": 0.559, "d6": "tick=153953 goal=0 here=0", "l": [0.61, 1.25, 2.25, 0.29, 0.3, 0.53, 0.48, 0.53, -1.0, 0.85, 0.77, 0.32, 0.33, 0.52, 0.46, 0.48]}
{"t": 160.0, "h": 312.5, "d5": 0.554, "sm": 0.558, "d6": "tick=153974 goal=0 here=0", "l": [0.58, 1.18, 2.17, 0.22, 0.3, 0.53, 0.58, 0.61, 1.16, 0.89, 0.3, 0.37, 0.47, 0.46, 0.44, 0.42]}
{"t": 160.2, "h": 309.8, "d5": 0.54, "sm": 0.553, "d6": "tick=153994 goal=0 here=0", "l": [0.53, 0.9, 2.17, 0.22, 0.27, 0.32, 0.63, -1.0, 1.25, 0.91, 0.35, 0.38, 0.52, 0.4, 0.41, 0.38]}
{"t": 162.3, "h": 141.1, "d5": 0.563, "sm": 0.556, "d6": "tick=154197 goal=0 here=0", "l": [1.11, 0.89, 0.38, 0.33, 0.53, 0.38, 0.4, 0.42, 0.54, 1.3, 1.05, 0.2, 0.32, 0.6, 0.59, 0.66]}
{"t": 162.5, "h": 136.4, "d5": 0.572, "sm": 0.56, "d6": "tick=154219 goal=0 here=0", "l": [1.1, 0.82, 0.32, 0.34, 0.5, 0.4, 0.46, 0.42, 0.56, 1.21, 1.37, 0.22, 0.32, 0.59, 0.52, 0.61]}
{"t": 162.7, "h": 137.8, "d5": 0.573, "sm": 0.563, "d6": "tick=154239 goal=0 here=0", "l": [1.06, 0.8, 0.26, 0.33, 0.36, 0.47, 0.44, 0.48, 0.61, 1.25, 1.1, 0.26, 0.31, 0.56, -1.0, 0.58]}
{"t": 162.9, "h": 137.5, "d5": 0.587, "sm": 0.569, "d6": "tick=154261 goal=0 here=0", "l": [1.02, 0.78, 0.74, 0.28, -1.0, 0.56, 0.47, 0.5, 0.65, 1.29, 0.28, 0.32, 0.33, 0.53, 0.45, 0.54]}
{"t": 163.1, "h": 136.6, "d5": 0.598, "sm": 0.576, "d6": "tick=154281 goal=0 here=0", "l": [1.0, 0.77, 0.71, 0.21, 0.31, 0.57, 0.48, 0.55, 0.71, 1.34, 0.29, 0.34, 0.48, 0.52, 0.45, 1.03]}
{"t": 163.3, "h": 133.9, "d5": 0.605, "sm": 0.583, "d6": "tick=154302 goal=0 here=0", "l": [0.93, 0.73, 0.68, 0.74, 0.29, 0.34, 0.52, 0.62, 0.73, 1.39, 0.35, 0.34, 0.52, 0.5, 0.44, 0.98]}
{"t": 163.5, "h": 133.8, "d5": 0.603, "sm": 0.588, "d6": "tick=154323 goal=0 here=0", "l": [0.91, 0.7, 0.69, 0.7, 0.19, 0.35, 0.59, 0.64, 0.8, 1.4, 0.39, 0.37, 0.51, 0.45, 0.41, 0.91]}
{"t": 163.7, "h": 129.9, "d5": 0.616, "sm": 0.595, "d6": "tick=154344 goal=0 here=0", "l": [0.89, 0.66, 0.62, 0.67, 0.83, 0.23, 0.63, 0.68, 0.85, 1.47, 0.44, 0.4, 0.54, 0.35, 0.39, 0.89]}
{"t": 163.9, "h": 131.6, "d5": 0.621, "sm": 0.602, "d6": "tick=154364 goal=0 here=0", "l": [0.9, 0.62, 0.54, 0.62, 0.79, 0.79, 0.42, 0.71, 0.89, 1.5, 0.48, 0.5, 0.48, 0.32, 0.34, 0.82]}
{"t": 164.2, "h": 129.2, "d5": 0.619, "sm": 0.606, "d6": "tick=154390 goal=0 here=0", "l": [0.9, 0.6, 0.5, 0.59, 0.69, 0.79, 0.28, 0.71, 0.94, 1.55, 0.48, 0.52, 0.5, 0.3, 0.28, 0.79]}
{"t": 164.4, "h": 128.7, "d5": 0.64, "sm": 0.615, "d6": "tick=154416 goal=0 here=0", "l": [0.88, 0.55, 0.51, 0.54, 0.67, 0.93, 0.76, 0.75, 0.96, 1.6, 0.47, 0.57, 0.32, 0.28, 0.23, 0.71]}
{"t": 164.6, "h": 128.3, "d5": 0.642, "sm": 0.621, "d6": "tick=154437 goal=0 here=0", "l": [0.84, 0.55, 0.49, 0.47, 0.62, 0.92, 0.79, 0.77, 0.97, 1.64, 0.51, 0.54, 0.29, 0.24, 1.24, 0.67]}
{"t": 164.9, "h": 123.5, "d5": 0.635, "sm": 0.625, "d6": "tick=154462 goal=0 here=0", "l": [0.79, 0.56, 0.43, 0.42, 0.55, 0.88, 0.91, 0.82, 1.0, 1.67, 0.54, 0.6, 0.29, 0.17, 1.18, 0.63]}
{"t": 165.2, "h": 125.4, "d5": 0.619, "sm": 0.623, "d6": "tick=154483 goal=0 here=0", "l": [0.72, 0.51, 0.39, 0.4, 0.52, 0.71, 0.93, 0.47, 1.03, 0.7, 0.61, 0.32, 0.2, 1.33, 1.15, 0.56]}
{"t": 165.4, "h": 124.9, "d5": 0.62, "sm": 0.623, "d6": "tick=154509 goal=0 here=0", "l": [0.65, 0.47, 0.39, 0.39, -1.0, 0.71, 0.95, 0.55, 1.07, 0.77, 0.68, 0.3, 0.71, 1.3, 1.09, 0.52]}
{"t": 165.6, "h": 123.9, "d5": 0.627, "sm": 0.624, "d6": "tick=154529 goal=0 here=0", "l": [0.6, 0.41, 0.34, 0.33, 0.37, 0.65, 1.02, 0.63, 1.15, 0.82, 0.71, 0.7, 0.73, 1.29, 0.53, 0.47]}
{"t": 165.8, "h": 123.8, "d5": 0.605, "sm": 0.619, "d6": "tick=154550 goal=0 here=0", "l": [0.55, 0.39, 0.35, 0.31, 0.41, 0.6, 1.11, 0.89, 1.19, 0.85, 0.76, 0.72, 0.74, 1.24, 0.46, 0.42]}
{"t": 166.0, "h": 117.5, "d5": 0.613, "sm": 0.617, "d6": "tick=154571 goal=0 here=0", "l": [0.51, 0.34, 0.33, 0.27, 0.35, 0.43, 1.11, 1.05, 1.21, 0.88, 0.27, 0.76, 0.77, 1.21, 0.44, 0.38]}
{"t": 167.3, "h": 267.1, "d5": 0.596, "sm": 0.612, "d6": "tick=154701 goal=0 here=0", "l": [1.07, 0.69, 1.37, 0.84, 0.52, 0.74, 2.38, 1.05, 0.42, 0.39, 0.52, 0.32, 0.31, 0.3, 0.38, 0.61]}
{"t": 167.5, "h": 263.0, "d5": 0.6, "sm": 0.609, "d6": "tick=154724 goal=0 here=0", "l": [1.05, 0.66, 1.3, 0.86, 0.27, 0.74, 2.48, 1.09, 0.47, 0.46, 0.53, 0.34, 0.28, 0.28, 0.36, 0.65]}
{"t": 167.7, "h": 264.1, "d5": 0.603, "sm": 0.608, "d6": "tick=154745 goal=0 here=0", "l": [0.98, 0.65, 1.17, 0.85, 0.76, 0.79, 2.62, 1.17, 0.52, 0.51, 0.53, 0.37, 0.26, 0.29, 0.34, 0.63]}
{"t": 167.9, "h": 263.3, "d5": 0.623, "sm": 0.611, "d6": "tick=154765 goal=0 here=0", "l": [0.93, 0.8, 1.11, 1.84, 0.75, 0.28, 0.84, 1.24, 0.56, 0.57, 0.45, 0.34, 0.25, 0.29, 0.3, 0.57]}
{"t": 168.1, "h": 258.8, "d5": 0.628, "sm": 0.616, "d6": "tick=154786 goal=0 here=0", "l": [0.91, 0.89, 1.06, 1.58, 0.71, 0.43, 0.82, 1.32, 0.62, 0.63, 0.45, 0.32, 0.26, 0.28, 0.28, 0.55]}
{"t": 168.3, "h": 262.0, "d5": 0.653, "sm": 0.625, "d6": "tick=154807 goal=0 here=0", "l": [0.89, 0.88, 1.01, 1.52, 0.74, 0.78, 0.86, 1.44, 0.65, 0.67, 0.47, 0.28, 0.3, 0.24, 0.36, 0.56]}
{"t": 168.6, "h": 255.2, "d5": 0.657, "sm": 0.633, "d6": "tick=154827 goal=0 here=0", "l": [0.85, 0.79, 0.42, 1.44, 0.79, 0.77, 0.4, 1.48, 0.73, 0.7, 0.47, -1.0, 0.27, 0.24, 0.35, 0.51]}
{"t": 168.8, "h": 256.7, "d5": 0.677, "sm": 0.644, "d6": "tick=154848 goal=0 here=0", "l": [0.83, -1.0, 0.42, 1.19, 0.78, 0.84, 0.5, 1.52, 0.78, 0.77, 0.48, 0.27, 0.25, 0.23, 0.33, 0.51]}
{"t": 169.0, "h": 256.4, "d5": 0.694, "sm": 0.656, "d6": "tick=154869 goal=0 here=0", "l": [0.77, 0.71, 0.44, 1.17, 0.78, 0.82, 0.51, 1.57, 0.83, 0.82, 0.49, 0.31, 0.21, 0.24, 0.28, 0.45]}
{"t": 169.2, "h": 256.6, "d5": 0.71, "sm": 0.67, "d6": "tick=154889 goal=0 here=0", "l": [0.72, 0.71, 0.58, 0.36, 2.31, 0.75, 0.61, 1.81, 0.85, 0.85, 0.39, 0.3, 0.2, 0.25, 0.26, 0.42]}
{"t": 169.4, "h": 253.8, "d5": 0.715, "sm": 0.681, "d6": "tick=154910 goal=0 here=0", "l": [0.66, 0.68, 0.53, 0.34, 1.98, 0.79, 0.82, 1.83, 0.92, 0.91, 0.39, 0.23, 0.21, 0.24, 0.26, 0.37]}
{"t": 169.6, "h": 254.6, "d5": 0.73, "sm": 0.693, "d6": "tick=154931 goal=0 here=0", "l": [0.63, 0.62, 0.61, 0.35, 0.31, 0.84, 0.93, 0.57, 1.55, 0.94, 0.4, 0.22, 0.24, 0.23, 0.24, 0.34]}
{"t": 170.1, "h": 275.4, "d5": 0.718, "sm": 0.7, "d6": "tick=154977 goal=0 here=0", "l": [0.54, 0.59, 0.47, 0.34, 0.83, 0.9, 0.64, 1.57, 0.9, 0.44, 0.21, 0.23, 0.24, 0.2, 0.32, 0.51]}
{"t": 170.3, "h": 268.1, "d5": 0.739, "sm": 0.709, "d6": "tick=155004 goal=0 here=0", "l": [0.5, 0.52, 0.43, 0.32, 0.81, 0.93, 0.67, 1.57, 0.95, 0.46, 0.25, 0.25, 0.21, 0.25, 0.3, 0.51]}
{"t": 170.5, "h": 264.0, "d5": 0.752, "sm": 0.72, "d6": "tick=155025 goal=0 here=0", "l": [0.42, 0.48, 0.41, 0.29, 0.31, 0.82, 0.73, 1.69, 0.97, 0.48, 0.28, 0.22, 0.21, 0.26, 0.25, 0.44]}
{"t": 170.7, "h": 269.9, "d5": 0.76, "sm": 0.73, "d6": "tick=155045 goal=0 here=0", "l": [0.39, 0.43, 0.39, 0.38, 0.28, 0.86, 0.92, 1.76, 1.01, 0.52, 0.33, 0.23, 0.23, 0.23, -1.0, 0.42]}
{"t": 170.9, "h": 268.9, "d5": 0.774, "sm": 0.741, "d6": "tick=155066 goal=0 here=0", "l": [0.35, 0.42, 0.44, 0.37, 0.27, 0.33, 0.99, 1.83, 1.06, -1.0, 0.35, 0.23, 0.23, 0.21, 0.2, 0.4]}
{"t": 172.6, "h": 83.3, "d5": 0.768, "sm": 0.748, "d6": "tick=155235 goal=0 here=0", "l": [1.15, 0.63, -1.0, 0.22, 0.22, 0.19, 0.19, 0.35, 0.35, 0.43, 0.44, 0.36, 0.3, 0.33, 1.04, 0.74]}
{"t": 172.9, "h": 85.4, "d5": 0.765, "sm": 0.752, "d6": "tick=155257 goal=0 here=0", "l": [1.11, 0.81, 0.32, 0.24, 0.19, 0.24, 0.2, 0.37, 0.38, 0.46, 0.48, 0.39, 0.26, 0.32, 0.99, 0.7]}
{"t": 173.1, "h": 79.4, "d5": 0.745, "sm": 0.75, "d6": "tick=155283 goal=0 here=0", "l": [1.07, 0.82, 0.31, 0.28, 0.21, 0.24, 0.23, 0.42, 0.44, 0.51, 0.5, 0.41, 0.28, 0.87, 0.96, 0.67]}
{"t": 173.3, "h": 78.3, "d5": 0.748, "sm": 0.75, "d6": "tick=155304 goal=0 here=0", "l": [1.02, 1.01, 0.31, 0.28, 0.24, 0.24, 0.28, 0.32, 0.53, 0.54, 0.46, 0.31, 0.29, 0.82, 0.89, 0.59]}
{"t": 173.5, "h": 79.3, "d5": 0.713, "sm": 0.741, "d6": "tick=155324 goal=0 here=0", "l": [0.98, 0.99, 0.43, 0.25, 0.26, 0.24, 0.3, 0.31, 0.58, 0.6, 0.46, 0.31, 2.34, 0.8, 0.83, 0.55]}
{"t": 173.7, "h": 74.0, "d5": 0.713, "sm": 0.734, "d6": "tick=155345 goal=0 here=0", "l": [0.91, 0.93, 0.41, 0.23, 0.26, -1.0, 0.31, 0.38, 0.64, 0.62, 0.5, 0.32, 2.36, 0.77, 0.79, 1.82]}
{"t": 173.9, "h": 72.8, "d5": 0.697, "sm": 0.724, "d6": "tick=155366 goal=0 here=0", "l": [0.87, 0.88, 0.42, 0.28, 0.23, 0.27, 0.3, 0.41, 0.69, 0.66, 0.53, 0.34, 2.36, 0.75, 0.77, 1.79]}
{"t": 174.1, "h": 76.8, "d5": 0.676, "sm": 0.712, "d6": "tick=155387 goal=0 here=0", "l": [0.84, 0.81, 0.55, 0.31, 0.23, 0.27, 0.31, 0.45, 0.78, 0.69, 0.57, 1.1, 2.38, 0.74, 0.54, 1.76]}
{"t": 174.4, "h": 75.3, "d5": 0.668, "sm": 0.701, "d6": "tick=155407 goal=0 here=0", "l": [1.36, 0.74, 0.54, 0.34, 0.26, 0.24, 0.33, 0.49, 0.81, 0.74, 0.41, 1.13, 0.76, 0.78, 0.53, 1.7]}
{"t": 174.6, "h": 71.7, "d5": 0.667, "sm": 0.693, "d6": "tick=155428 goal=0 here=0", "l": [1.33, 0.66, 0.55, 0.32, 0.28, 0.26, 0.34, 0.47, 0.85, 0.78, 0.42, 1.18, 0.77, 0.8, 0.46, 1.65]}
{"t": 175.6, "h": 346.3, "d5": 0.651, "sm": 0.682, "d6": "tick=155528 goal=0 here=0", "l": [0.79, 0.75, 0.45, 1.48, 0.71, 0.69, 0.52, 0.33, 0.31, 0.25, 0.36, 0.54, 0.85, 0.78, 0.43, 1.21]}
{"t": 175.8, "h": 343.0, "d5": 0.664, "sm": 0.678, "d6": "tick=155550 goal=0 here=0", "l": [0.72, 0.73, 0.43, 1.64, 1.31, 0.66, 0.72, 0.36, 0.34, 0.27, 0.4, 0.55, 0.82, 0.76, 0.36, 1.18]}
{"t": 176.0, "h": 341.9, "d5": 0.65, "sm": 0.671, "d6": "tick=155571 goal=0 here=0", "l": [0.69, 0.67, 0.41, 0.29, 1.31, 0.69, 0.82, 0.44, 0.39, 0.32, 0.44, 0.59, 0.77, 0.75, 0.85, 1.11]}
{"t": 176.2, "h": 342.7, "d5": 0.648, "sm": 0.665, "d6": "tick=155592 goal=0 here=0", "l": [-1.0, 0.61, -1.0, 0.34, 1.28, 0.75, 0.82, 0.54, 0.42, 0.38, 0.47, 0.62, 0.78, 0.61, 0.85, 1.08]}
{"t": 176.4, "h": 342.5, "d5": 0.643, "sm": 0.66, "d6": "tick=155612 goal=0 here=0", "l": [0.57, 0.53, 0.58, 0.33, 0.27, 0.75, 0.86, 0.62, 0.49, 0.42, 0.54, 0.64, 0.78, 0.33, 0.82, 1.03]}
{"t": 176.6, "h": 342.5, "d5": 0.642, "sm": 0.655, "d6": "tick=155633 goal=0 here=0", "l": [0.54, 0.46, 0.56, 0.33, 0.32, 0.77, 0.87, 0.7, 0.54, 0.49, 0.59, 0.82, 0.81, 0.45, 0.81, 0.98]}
{"t": 176.8, "h": 341.3, "d5": 0.611, "sm": 0.644, "d6": "tick=155654 goal=0 here=0", "l": [0.48, 0.41, 0.52, 0.45, 0.32, 0.29, 0.81, 0.75, 0.57, -1.0, 0.63, 0.85, 0.8, 0.7, 0.77, 0.94]}
{"t": 177.0, "h": 339.5, "d5": 0.599, "sm": 0.633, "d6": "tick=155675 goal=0 here=0", "l": [0.44, 0.39, 0.47, 0.45, 0.3, 0.31, 0.82, 0.81, 0.62, 0.59, 0.67, 0.87, 0.23, 0.65, 0.73, 0.9]}
{"t": 177.2, "h": 336.0, "d5": 0.613, "sm": 0.628, "d6": "tick=155695 goal=0 here=0", "l": [0.4, 0.4, 0.44, 0.47, 0.32, 0.34, 0.86, 0.89, 0.69, 0.63, 0.74, 0.89, 0.38, 0.6, 0.7, 0.85]}
{"t": 178.5, "h": 205.8, "d5": 0.589, "sm": 0.618, "d6": "tick=155819 goal=0 here=0", "l": [0.73, 0.25, 0.42, 0.61, 0.7, 1.08, 0.38, -1.0, 0.46, 0.44, 0.29, 0.37, 0.91, 0.83, 0.68, 0.67]}
{"t": 179.1, "h": 166.2, "d5": 0.621, "sm": 0.619, "d6": "tick=155880 goal=0 here=0", "l": [0.64, 0.69, 0.74, 0.24, 0.69, 0.65, 0.73, 1.16, 0.38, 0.34, 0.47, 0.42, 0.33, 0.34, 1.01, 0.8]}
{"t": 179.3, "h": 165.8, "d5": 0.612, "sm": 0.617, "d6": "tick=155903 goal=0 here=0", "l": [0.6, 0.64, 0.69, 0.86, 0.39, 0.64, 0.74, 1.15, -1.0, 0.35, 0.5, 0.46, 0.33, 0.33, 1.02, 0.77]}
{"t": 179.5, "h": 165.4, "d5": 0.615, "sm": 0.617, "d6": "tick=155923 goal=0 here=0", "l": [0.59, 0.61, 0.67, 0.91, 0.21, 0.66, 0.75, 1.11, 0.47, 0.4, 0.54, 0.35, 0.36, 0.81, 0.96, 0.72]}
{"t": 179.7, "h": 163.4, "d5": 0.614, "sm": 0.616, "d6": "tick=155944 goal=0 here=0", "l": [0.53, 0.56, 0.62, 0.83, 0.8, 0.7, 0.76, 1.15, 0.51, 0.46, 0.58, 0.34, 0.34, 0.79, 0.92, 0.67]}
{"t": 179.9, "h": 162.4, "d5": 0.631, "sm": 0.62, "d6": "tick=155965 goal=0 here=0", "l": [0.51, 0.46, 0.57, 0.79, 0.78, 0.29, 0.82, 1.0, 0.55, 0.5, 0.59, 0.35, 0.32, 0.8, 0.9, 0.6]}
{"t": 180.1, "h": 164.9, "d5": 0.639, "sm": 0.625, "d6": "tick=155985 goal=0 here=0", "l": [0.45, 0.41, 0.48, 0.6, 0.74, 0.58, 0.8, 1.03, 0.61, 0.58, 0.6, 0.36, 1.32, 0.78, 0.88, 0.54]}
{"t": 180.4, "h": 162.6, "d5": 0.643, "sm": 0.629, "d6": "tick=156011 goal=0 here=0", "l": [0.4, 0.34, 0.44, 0.57, 0.82, 0.73, 0.32, 1.08, 0.68, 0.62, 0.61, 0.36, 1.28, 0.71, 0.85, 0.49]}
{"t": 181.9, "h": 9.5, "d5": 0.621, "sm": 0.627, "d6": "tick=156155 goal=0 here=0", "l": [0.72, 0.43, 1.47, 1.28, 0.7, 0.61, 0.4, 0.35, 0.36, 0.42, 0.57, 0.77, 0.6, 0.9, 1.33, 0.69]}
{"t": 182.1, "h": 10.8, "d5": 0.618, "sm": 0.625, "d6": "tick=156178 goal=0 here=0", "l": [0.67, 0.39, 0.31, 1.33, 0.69, 0.8, 0.44, 0.41, 0.4, 0.5, 0.63, 0.81, 0.39, 0.89, 1.3, 0.65]}
{"t": 182.3, "h": 10.0, "d5": 0.606, "sm": 0.62, "d6": "tick=156198 goal=0 here=0", "l": [0.63, 0.35, 0.33, 1.3, 0.74, 0.84, 0.55, 0.45, 0.43, 0.54, 0.82, 0.84, 0.34, 0.86, 1.3, 0.6]}
{"t": 182.5, "h": 8.3, "d5": 0.586, "sm": 0.612, "d6": "tick=156219 goal=0 here=0", "l": [-1.0, 0.47, 0.29, 0.24, 0.73, 0.85, 0.64, 0.5, 0.47, 0.6, 0.85, 0.87, 0.76, 0.85, 1.29, 0.56]}
{"t": 182.7, "h": 8.2, "d5": 0.572, "sm": 0.602, "d6": "tick=156240 goal=0 here=0", "l": [0.51, 0.47, 0.26, 0.23, 0.71, 0.85, 0.69, 0.54, 0.52, 0.64, 0.9, 0.85, 0.76, 0.85, 1.25, 0.52]}
{"t": 182.9, "h": 5.6, "d5": 0.551, "sm": 0.589, "d6": "tick=156261 goal=0 here=0", "l": [0.47, 0.41, 0.21, 0.24, 0.22, 0.75, 0.73, 0.59, 0.54, 0.68, 0.94, 0.31, 0.75, 0.83, 1.24, 0.46]}
{"t": 183.1, "h": 6.0, "d5": 0.533, "sm": 0.575, "d6": "tick=156281 goal=0 here=0", "l": [0.41, 0.44, 0.3, 0.2, 0.23, 0.23, -1.0, 0.64, 0.6, 0.74, 0.98, 0.51, 0.73, 0.84, 1.22, 0.39]}
{"t": 184.5, "h": 214.7, "d5": 0.541, "sm": 0.567, "d6": "tick=156423 goal=0 here=0", "l": [0.81, 0.93, 0.53, 0.79, 0.94, 0.44, 0.33, 0.42, 0.37, 0.2, 0.2, 0.23, 0.81, 0.77, 0.64, 0.68]}
{"t": 184.7, "h": 211.6, "d5": 0.554, "sm": 0.563, "d6": "tick=156446 goal=0 here=0", "l": [0.77, 0.98, 0.5, 0.72, 0.86, 1.27, 0.42, 0.45, 0.43, 0.26, 0.28, 0.23, 0.85, 0.75, 0.63, 0.62]}
{"t": 185.0, "h": 215.0, "d5": 0.558, "sm": 0.562, "d6": "tick=156467 goal=0 here=0", "l": [0.72, 0.91, 0.28, 0.7, 0.81, 1.24, 0.51, 0.48, 0.47, 0.26, 0.27, 0.77, 0.91, 0.72, 0.59, 0.61]}
{"t": 185.2, "h": 210.6, "d5": 0.575, "sm": 0.565, "d6": "tick=156487 goal=0 here=0", "l": [0.67, 0.84, 0.75, 0.7, 0.79, 1.17, 0.53, 0.47, 0.56, 0.3, 0.31, 0.8, 0.91, 0.67, 0.56, 0.54]}
{"t": 185.4, "h": 209.3, "d5": 0.582, "sm": 0.569, "d6": "tick=156508 goal=0 here=0", "l": [0.58, 0.78, 0.75, 0.43, 0.77, 0.99, 0.54, 0.47, 0.62, 0.36, 0.34, 0.84, 0.93, 0.61, 0.51, 0.51]}
{"t": 185.6, "h": 208.2, "d5": 0.601, "sm": 0.577, "d6": "tick=156529 goal=0 here=0", "l": [0.54, 0.74, 0.73, 0.28, -1.0, 0.98, 2.11, 0.55, 0.66, 0.39, 0.34, 0.85, 0.95, 0.57, 0.44, 0.47]}
{"t": 185.8, "h": 205.3, "d5": 0.606, "sm": 0.585, "d6": "tick=156550 goal=0 here=0", "l": [0.46, 0.68, 0.67, 0.65, 0.24, 1.0, 2.05, 0.61, 0.69, 0.46, 1.42, 0.85, 0.94, 0.5, 0.38, 0.42]}
{"t": 186.9, "h": 102.4, "d5": 0.623, "sm": 0.594, "d6": "tick=156659 goal=0 here=0", "l": [0.82, 0.7, 0.47, 0.37, 0.42, 0.49, 0.7, 0.68, 0.49, 0.23, 1.03, 0.63, 0.57, 0.66, 0.46, 1.44]}
{"t": 187.1, "h": 100.3, "d5": 0.612, "sm": 0.599, "d6": "tick=156681 goal=0 here=0", "l": [0.76, 0.67, 0.45, 0.38, 0.43, 0.46, 0.72, 0.71, 0.55, 0.25, 1.05, 0.62, 0.61, 0.64, 0.41, 1.39]}
{"t": 187.3, "h": 99.9, "d5": 0.608, "sm": 0.601, "d6": "tick=156702 goal=0 here=0", "l": [0.73, 0.86, 0.45, 0.41, 0.36, 0.43, 0.57, 0.73, 0.73, 0.83, 1.08, 0.65, 0.66, 0.61, 0.36, 1.35]}
{"t": 187.5, "h": 96.5, "d5": 0.597, "sm": 0.6, "d6": "tick=156723 goal=0 here=0", "l": [0.67, 0.8, 0.45, 0.39, 0.33, 0.43, 0.59, 0.79, 0.8, 0.88, 1.1, 0.7, 0.68, 0.39, 0.28, 1.31]}
{"t": 187.7, "h": 94.5, "d5": 0.592, "sm": 0.598, "d6": "tick=156744 goal=0 here=0", "l": [0.64, 0.77, 0.49, 0.37, 0.35, 0.46, 0.63, 0.89, 0.8, 0.93, 1.15, 0.72, 0.67, 0.36, 1.58, 1.25]}
{"t": 187.9, "h": 93.7, "d5": 0.564, "sm": 0.589, "d6": "tick=156764 goal=0 here=0", "l": [0.6, 0.72, 0.48, 0.36, 0.39, 0.38, 0.58, 0.98, 0.87, 0.98, 1.36, 0.71, 0.68, 0.32, 1.54, 1.2]}
{"t": 188.1, "h": 96.7, "d5": 0.562, "sm": 0.583, "d6": "tick=156785 goal=0 here=0", "l": [0.55, 0.67, 0.47, 0.36, 0.36, 0.36, 0.57, 1.01, 0.92, 1.02, 1.4, 0.66, 0.66, 0.74, 1.51, 1.16]}
{"t": 188.3, "h": 95.0, "d5": 0.553, "sm": 0.575, "d6": "tick=156806 goal=0 here=0", "l": [0.51, 0.59, 0.47, 0.38, 0.32, 0.37, 0.57, 0.99, 0.93, 1.06, 1.43, 0.66, 0.34, 0.72, 1.47, 1.11]}
{"t": 188.5, "h": 91.2, "d5": 0.549, "sm": 0.569, "d6": "tick=156827 goal=0 here=0", "l": [0.47, 0.51, 0.53, 0.39, 0.34, 0.4, 0.56, 1.0, 0.98, 1.1, 1.5, 0.66, 0.26, 0.69, 1.44, 1.08]}
{"t": 188.8, "h": 94.6, "d5": 0.522, "sm": 0.557, "d6": "tick=156847 goal=0 here=0", "l": [0.43, 0.43, 0.58, 0.38, 0.34, -1.0, 0.44, 0.85, 1.06, 1.13, 1.53, 0.71, 0.69, 0.67, 1.42, 1.02]}
{"t": 189.0, "h": 89.9, "d5": 0.533, "sm": 0.551, "d6": "tick=156868 goal=0 here=0", "l": [0.41, 0.32, 0.52, 0.37, 0.38, 0.37, 0.46, 0.87, 1.14, 1.16, 1.55, 0.25, 0.66, 0.66, 1.37, 0.99]}
{"t": 190.3, "h": 303.2, "d5": 0.53, "sm": 0.546, "d6": "tick=157005 goal=0 here=0", "l": [1.24, 0.84, 0.45, 0.69, 0.72, 1.14, 0.38, 0.35, 0.44, 0.48, 0.36, 0.34, 0.43, 0.66, 1.21, 0.76]}
{"t": 190.6, "h": 298.6, "d5": 0.535, "sm": 0.543, "d6": "tick=157027 goal=0 here=0", "l": [1.2, 0.81, 0.25, 0.65, 0.66, 1.17, 0.99, 0.39, 0.44, 0.53, 0.41, 0.36, 0.44, 0.66, 1.16, 0.71]}
{"t": 190.8, "h": 301.3, "d5": 0.525, "sm": 0.539, "d6": "tick=157049 goal=0 here=0", "l": [1.15, 0.78, 0.18, 0.63, 0.64, 1.21, 1.04, 0.46, 0.48, 0.56, 0.44, 0.37, 0.45, 0.68, 1.13, 0.67]}
{"t": 191.0, "h": 294.3, "d5": 0.524, "sm": 0.535, "d6": "tick=157070 goal=0 here=0", "l": [1.09, 0.76, 0.61, 0.14, 0.61, 1.42, 1.06, 0.52, 0.52, 0.59, 0.45, 0.41, 0.45, 0.68, 1.06, 0.6]}
{"t": 191.2, "h": 297.2, "d5": 0.56, "sm": 0.541, "d6": "tick=157091 goal=0 here=0", "l": [1.03, 1.44, 0.56, 0.26, 0.09, 1.42, 1.1, 0.54, 0.56, 0.59, 0.48, 0.42, 0.44, 0.73, 1.0, 0.55]}
{"t": 191.4, "h": 296.2, "d5": 0.543, "sm": 0.542, "d6": "tick=157112 goal=0 here=0", "l": [0.98, 1.35, 0.53, 0.57, 0.22, 0.11, 1.15, 0.59, 0.58, 0.61, 0.48, 0.48, 0.47, 0.76, 0.94, 0.5]}
{"t": 191.6, "h": 294.0, "d5": 0.54, "sm": 0.541, "d6": "tick=157132 goal=0 here=0", "l": [0.94, 1.28, 0.58, 0.57, 0.23, 0.2, 0.12, 0.62, 0.63, 0.64, 0.52, 0.51, 0.58, 0.76, 0.91, 0.43]}
{"t": 192.6, "h": 186.1, "d5": 0.557, "sm": 0.545, "d6": "tick=157234 goal=0 here=0", "l": [0.47, 0.58, 0.9, 0.95, 0.82, 0.97, 0.63, 0.49, 0.53, 0.26, 0.2, 1.19, 0.64, 0.81, 0.61, 0.48]}
{"t": 192.9, "h": 193.3, "d5": 0.576, "sm": 0.553, "d6": "tick=157257 goal=0 here=0", "l": [0.42, 0.56, 0.7, 0.93, 0.6, 0.95, 1.43, 0.54, 0.57, 0.26, 0.17, 1.21, 0.65, 0.76, 0.56, 0.43]}
{"t": 193.1, "h": 187.3, "d5": 0.588, "sm": 0.562, "d6": "tick=157277 goal=0 here=0", "l": [0.36, 0.49, 0.66, 0.86, 0.48, 0.95, 1.41, 0.61, 0.63, 0.31, 1.53, 1.24, 0.61, 0.75, 0.51, 0.39]}
{"t": 193.3, "h": 188.3, "d5": 0.599, "sm": 0.571, "d6": "tick=157298 goal=0 here=0", "l": [0.33, 0.44, 0.64, 0.86, 0.84, 0.97, 1.36, 0.7, 0.69, 0.36, 1.57, 1.24, 0.6, 0.74, 0.46, 0.34]}
{"t": 194.4, "h": 293.4, "d5": 0.63, "sm": 0.586, "d6": "tick=157412 goal=0 here=0", "l": [0.86, 1.16, 0.73, 0.7, 0.37, 0.91, 1.22, 0.65, 0.72, 0.5, 0.34, 0.36, 0.36, 0.52, 0.95, 0.82]}
{"t": 194.6, "h": 294.6, "d5": 0.63, "sm": 0.597, "d6": "tick=157434 goal=0 here=0", "l": [0.34, 1.13, 0.68, 0.67, 0.42, 0.29, 1.28, 0.69, 0.77, 0.55, 0.38, 0.36, 0.42, 0.59, 0.9, 0.79]}
{"t": 196.1, "h": 84.7, "d5": 0.623, "sm": 0.603, "d6": "tick=157571 goal=0 here=0", "l": [0.68, 0.65, 0.58, 0.41, 0.38, 0.34, 0.47, 0.62, 0.83, 0.46, 0.95, 1.47, 0.65, 0.68, 0.36, 1.44]}
{"t": 196.3, "h": 82.2, "d5": 0.618, "sm": 0.607, "d6": "tick=157600 goal=0 here=0", "l": [0.67, 0.61, 0.69, 0.42, 0.38, 0.33, 0.48, 0.65, 0.86, 0.46, 0.99, 1.53, 0.62, 0.66, 0.32, 1.39]}
{"t": 196.5, "h": 83.3, "d5": 0.593, "sm": 0.604, "d6": "tick=157620 goal=0 here=0", "l": [1.12, 0.56, 0.71, 0.48, 0.36, 0.38, 0.48, 0.71, 0.91, 0.49, 1.02, 1.56, 0.63, 0.35, 0.19, 1.35]}
{"t": 196.7, "h": 80.4, "d5": 0.583, "sm": 0.598, "d6": "tick=157641 goal=0 here=0", "l": [1.1, 0.52, 0.67, 0.48, 0.36, 0.4, 0.48, 0.73, 0.94, 0.54, 1.07, 0.75, 0.64, 0.3, 0.71, 1.29]}
{"t": 196.9, "h": 80.1, "d5": 0.584, "sm": 0.595, "d6": "tick=157662 goal=0 here=0", "l": [1.07, 0.5, 0.64, 0.46, 0.4, 0.4, 0.43, 0.75, 0.99, 0.58, 1.14, 0.76, 0.67, 0.23, 0.67, 1.26]}
{"t": 197.1, "h": 81.3, "d5": 0.567, "sm": 0.588, "d6": "tick=157683 goal=0 here=0", "l": [1.05, 0.47, 0.57, 0.47, 0.43, 0.39, 0.45, 0.75, 1.04, 0.6, 1.17, 0.76, 0.15, 0.65, 0.66, 1.2]}
{"t": 197.3, "h": 78.2, "d5": 0.566, "sm": 0.582, "d6": "tick=157704 goal=0 here=0", "l": [1.02, 0.42, 0.43, 0.56, 0.43, 0.4, 0.48, 0.73, 1.08, 0.59, 1.19, 0.78, 0.21, 0.64, 0.61, 1.16]}
{"t": 197.6, "h": 74.3, "d5": 0.547, "sm": 0.574, "d6": "tick=157730 goal=0 here=0", "l": [0.96, 0.38, 0.36, 0.57, 0.44, 0.41, 0.51, 0.73, 1.19, 0.88, 1.24, 0.2, 0.41, 0.61, 0.62, 1.11]}
{"t": 197.8, "h": 73.5, "d5": 0.513, "sm": 0.558, "d6": "tick=157751 goal=0 here=0", "l": [0.9, 0.31, 0.3, 0.53, 0.45, 0.48, 0.48, 0.74, 1.27, 0.9, 0.19, 0.26, 0.61, 0.58, 0.58, 1.06]}
{"t": 198.1, "h": 60.0, "d5": 0.535, "sm": 0.553, "d6": "tick=157782 goal=0 here=0", "l": [0.94, 0.39, 0.32, 0.33, 0.56, 0.44, 0.43, 0.57, 0.98, 1.25, 1.21, 0.22, 0.4, 0.59, 0.55, 2.27]}
{"t": 198.3, "h": 58.1, "d5": 0.502, "sm": 0.54, "d6": "tick=157806 goal=0 here=0", "l": [0.9, 0.79, 0.29, 0.29, 0.53, 0.45, 0.49, 0.59, 1.0, 1.29, 0.23, 0.25, 0.41, 0.58, 0.51, 2.26]}
{"t": 198.5, "h": 55.8, "d5": 0.509, "sm": 0.532, "d6": "tick=157826 goal=0 here=0", "l": [0.84, 0.79, 0.23, 0.27, 0.3, 0.51, 0.51, 0.61, 0.99, 1.35, 0.27, 0.37, 0.43, 0.55, 0.48, 2.27]}
{"t": 198.8, "h": 58.3, "d5": 0.486, "sm": 0.521, "d6": "tick=157847 goal=0 here=0", "l": [0.83, 0.75, 0.18, 0.23, 0.26, 0.56, 0.55, 0.61, 0.98, 1.37, 0.3, 0.42, 0.57, 0.52, 0.45, 2.23]}
{"t": 199.0, "h": 56.2, "d5": 0.463, "sm": 0.506, "d6": "tick=157868 goal=0 here=0", "l": [0.81, 0.72, 0.25, 0.18, 0.24, 0.59, 0.54, 0.63, 1.0, 1.43, 0.32, 0.44, 0.57, 0.49, 0.42, 2.22]}
{"t": 199.2, "h": 53.9, "d5": 0.445, "sm": 0.491, "d6": "tick=157888 goal=0 here=0", "l": [0.76, 0.68, 0.41, 0.16, 0.2, 0.29, 0.55, 0.66, 1.03, 1.46, 0.37, 0.44, 0.56, 0.42, 0.39, 2.19]}
{"t": 199.4, "h": 56.1, "d5": 0.448, "sm": 0.48, "d6": "tick=157914 goal=0 here=0", "l": [0.75, 0.6, 0.6, 0.35, 0.14, 0.28, 0.6, 0.71, 1.09, 1.52, 0.43, 0.47, 0.52, 0.36, 0.36, 2.15]}
{"t": 199.6, "h": 58.6, "d5": 0.436, "sm": 0.469, "d6": "tick=157935 goal=0 here=0", "l": [0.72, 0.55, 0.55, 0.35, 0.16, 0.15, 0.66, 0.73, 1.1, 1.55, 0.5, 0.53, 0.53, 0.33, 0.49, 2.12]}
{"t": 199.8, "h": 53.0, "d5": 0.415, "sm": 0.456, "d6": "tick=157956 goal=0 here=0", "l": [0.66, 0.49, 0.52, 0.32, 0.32, 0.18, 0.18, 0.79, 1.13, 1.58, 0.55, 0.6, 0.46, 0.3, 1.34, 2.04]}
{"t": 200.1, "h": 51.3, "d5": 0.428, "sm": 0.449, "d6": "tick=157978 goal=0 here=0", "l": [0.62, 0.48, 0.49, 0.52, 0.33, 0.21, 0.21, 0.8, 1.02, 0.57, 0.59, 0.62, 0.37, 0.28, 1.31, 1.98]}
{"t": 200.3, "h": 47.9, "d5": 0.405, "sm": 0.438, "d6": "tick=157999 goal=0 here=0", "l": [0.57, 0.42, 0.45, 0.48, 0.32, 0.31, 0.25, 0.83, 1.08, 0.61, 0.62, 0.63, 0.3, 0.31, 1.25, 1.94]}
{"t": 200.5, "h": 49.1, "d5": 0.407, "sm": 0.43, "d6": "tick=158019 goal=0 here=0", "l": [0.53, 0.41, 0.4, 0.44, 0.32, 0.35, 0.26, 0.32, 1.12, 0.65, 0.64, 0.6, 0.27, 0.35, 1.2, 1.86]}
{"t": 201.7, "h": 280.1, "d5": 0.406, "sm": 0.424, "d6": "tick=158142 goal=0 here=0", "l": [0.61, 0.47, 0.25, 0.67, 1.23, 0.74, 0.48, 0.38, 0.43, 0.47, 0.34, 0.36, 0.28, 0.94, 1.46, 0.64]}
{"t": 201.9, "h": 280.7, "d5": 0.396, "sm": 0.417, "d6": "tick=158165 goal=0 here=0", "l": [0.54, 0.5, 0.21, 0.3, 1.16, 1.84, 0.53, 0.43, 0.48, 0.54, 0.35, 0.31, 0.29, 0.91, 1.37, 0.56]}
{"t": 202.1, "h": 283.5, "d5": 0.425, "sm": 0.419, "d6": "tick=158185 goal=0 here=0", "l": [0.5, 0.47, 0.21, 0.18, 1.19, 1.94, 0.59, 0.48, 0.52, 0.58, 0.4, 0.28, 0.31, 0.93, 1.42, 0.54]}
{"t": 202.4, "h": 278.4, "d5": 0.419, "sm": 0.419, "d6": "tick=158206 goal=0 here=0", "l": [0.48, 0.46, 0.22, 0.17, 0.34, -1.0, 0.62, 0.54, 0.58, 0.64, 0.45, 0.3, 0.82, 0.9, 1.39, 0.49]}
{"t": 202.7, "h": 278.1, "d5": 0.41, "sm": 0.417, "d6": "tick=158237 goal=0 here=0", "l": [0.4, 0.46, 0.27, 0.18, 0.16, 1.88, 0.83, 0.59, 0.61, 0.67, 0.46, 0.33, 0.82, 0.88, 1.36, 0.45]}
{"t": 202.9, "h": 276.4, "d5": 0.416, "sm": 0.417, "d6": "tick=158258 goal=0 here=0", "l": [0.36, 0.42, 0.31, 0.2, 0.14, 0.19, 0.9, 0.66, 0.64, 0.73, 0.46, 0.46, 0.77, 0.87, 1.33, 0.41]}
{"t": 203.1, "h": 275.7, "d5": 0.439, "sm": 0.422, "d6": "tick=158278 goal=0 here=0", "l": [0.32, 0.38, 0.31, 0.22, 0.16, 0.16, 0.91, 0.74, 0.7, 0.77, 0.39, 0.51, 0.78, 0.92, 0.41, 0.34]}
{"t": 204.6, "h": 71.6, "d5": 0.429, "sm": 0.424, "d6": "tick=158435 goal=0 here=0", "l": [0.75, 0.65, 0.78, 0.53, 0.47, 0.8, 0.86, 1.18, 0.35, 0.33, 0.34, 0.32, 0.26, 0.19, 0.15, 0.23]}
{"t": 206.0, "h": 195.6, "d5": 0.41, "sm": 0.42, "d6": "tick=158567 goal=0 here=0", "l": [0.85, 1.09, 0.35, 0.33, 0.32, 0.34, 0.26, 0.18, 0.17, 0.21, 0.75, 0.68, 0.73, 0.56, 0.37, 0.84]}
{"t": 206.2, "h": 197.6, "d5": 0.423, "sm": 0.421, "d6": "tick=158589 goal=0 here=0", "l": [0.79, 1.06, 0.32, 0.35, 0.29, 0.39, 0.32, 0.24, 0.19, 0.28, 0.77, 0.69, 0.75, 0.53, 0.44, 0.8]}
{"t": 206.4, "h": 196.0, "d5": 0.445, "sm": 0.427, "d6": "tick=158615 goal=0 here=0", "l": [0.74, 0.87, 0.34, 0.31, 0.31, 0.37, 0.37, 0.31, 0.25, 0.36, 0.83, 0.71, 0.78, 0.35, 0.42, 0.74]}
{"t": 206.6, "h": 194.5, "d5": 0.442, "sm": 0.431, "d6": "tick=158636 goal=0 here=0", "l": [0.69, 0.83, 1.37, 0.26, 0.32, 0.32, 0.4, 0.38, 0.3, 2.13, 0.87, 0.73, 0.58, 0.28, 0.4, 0.69]}
{"t": 206.8, "h": 193.6, "d5": 0.454, "sm": 0.437, "d6": "tick=158656 goal=0 here=0", "l": [0.65, 0.74, 1.16, 0.26, 0.28, 0.32, 0.47, 0.45, 0.37, 2.2, 0.91, 0.78, 0.54, 0.3, 0.36, 0.63]}
{"t": 207.1, "h": 192.5, "d5": 0.471, "sm": 0.445, "d6": "tick=158677 goal=0 here=0", "l": [0.61, 0.72, 1.1, 0.26, 0.23, 0.36, 0.49, 0.5, 0.39, 2.26, 0.93, 0.8, 0.33, 0.31, 0.38, 0.56]}
{"t": 207.3, "h": 192.2, "d5": 0.471, "sm": 0.452, "d6": "tick=158698 goal=0 here=0", "l": [0.54, 0.66, 1.05, 1.3, 0.23, 0.31, 0.38, 0.52, 0.45, 2.3, 0.93, 0.84, 0.26, 0.31, 0.35, 0.52]}
{"t": 207.5, "h": 190.8, "d5": 0.479, "sm": 0.458, "d6": "tick=158719 goal=0 here=0", "l": [0.51, 0.58, 0.91, 1.27, 1.19, 0.26, 0.4, 0.57, 0.49, 2.4, 0.95, 0.81, 0.27, 0.3, 0.52, 0.48]}
{"t": 207.7, "h": 190.7, "d5": 0.486, "sm": 0.465, "d6": "tick=158739 goal=0 here=0", "l": [0.46, 0.49, 0.79, 1.24, 1.19, 0.25, 0.43, 0.61, 0.56, 2.41, 0.94, 0.79, 0.3, 0.27, 0.49, 0.42]}
{"t": 207.9, "h": 185.7, "d5": 0.477, "sm": 0.468, "d6": "tick=158760 goal=0 here=0", "l": [0.41, 0.41, 0.57, 1.27, 0.96, 1.41, 0.36, 0.65, 0.6, 2.45, 0.99, 0.28, 0.29, 0.25, 0.47, 0.38]}
{"t": 208.1, "h": 184.7, "d5": 0.495, "sm": 0.475, "d6": "tick=158781 goal=0 here=0", "l": [0.36, 0.36, 0.54, 1.28, 0.86, 1.35, 0.31, 0.72, 0.67, 2.44, 1.01, 0.3, 0.26, 0.3, 0.47, 0.33]}
{"t": 209.1, "h": 270.4, "d5": 0.502, "sm": 0.482, "d6": "tick=158876 goal=0 here=0", "l": [1.25, 1.26, 1.64, 0.52, 0.73, 0.65, 1.14, 0.32, 0.28, 0.23, 0.4, 0.38, 0.32, 0.33, 0.47, 0.82]}
{"t": 209.3, "h": 267.0, "d5": 0.503, "sm": 0.487, "d6": "tick=158898 goal=0 here=0", "l": [1.22, 1.19, 1.59, 0.33, 0.72, 0.68, 1.35, -1.0, 0.34, 0.28, 0.45, 0.37, 0.34, 0.36, 0.47, 0.89]}
{"t": 209.5, "h": 267.6, "d5": 0.517, "sm": 0.495, "d6": "tick=158919 goal=0 here=0", "l": [1.14, 1.1, 1.4, 0.25, 0.71, 0.68, 1.41, 0.97, 0.39, 0.32, 0.5, 0.34, 0.35, 0.33, 0.43, 0.79]}
{"t": 209.7, "h": 265.5, "d5": 0.521, "sm": 0.501, "d6": "tick=158940 goal=0 here=0", "l": [1.09, 1.09, 1.35, 0.73, 0.5, 0.72, 2.27, 1.02, 0.45, 0.39, 0.54, 0.35, 0.33, 0.3, 0.4, 0.8]}
{"t": 209.9, "h": 265.4, "d5": 0.546, "sm": 0.512, "d6": "tick=158960 goal=0 here=0", "l": [1.03, 0.64, 1.3, 0.83, 0.38, 0.74, 2.5, 1.11, 0.5, 0.44, 0.58, 0.36, 0.31, 0.3, 0.39, 0.74]}
{"t": 210.1, "h": 262.3, "d5": 0.551, "sm": 0.522, "d6": "tick=158981 goal=0 here=0", "l": [0.96, 0.61, 1.2, 0.82, 0.76, 0.78, 0.83, 1.19, 0.54, 0.52, 0.56, 0.4, 0.28, 0.33, 0.34, 0.71]}
{"t": 210.3, "h": 261.9, "d5": 0.562, "sm": 0.532, "d6": "tick=159002 goal=0 here=0", "l": [0.93, 0.59, 1.11, 0.82, 0.74, 0.37, 0.82, 1.25, 0.58, 0.57, 0.47, 0.36, 0.29, 0.33, 0.35, 0.66]}
{"t": 210.5, "h": 256.3, "d5": 0.573, "sm": 0.542, "d6": "tick=159023 goal=0 here=0", "l": [0.84, 0.72, 1.05, 1.61, 0.68, 0.43, 0.81, 1.33, 0.65, 0.63, 0.47, 0.33, 0.28, 0.28, 0.4, 0.61]}
{"t": 210.7, "h": 259.0, "d5": 0.588, "sm": 0.554, "d6": "tick=159043 goal=0 here=0", "l": [0.81, 0.84, 1.01, 1.53, 0.7, 0.76, 0.31, 1.43, 0.69, 0.67, 0.5, 0.32, 0.31, 0.27, 0.39, 0.58]}
{"t": 210.9, "h": 258.7, "d5": 0.591, "sm": 0.563, "d6": "tick=159064 goal=0 here=0", "l": [0.79, 0.78, 0.41, 1.42, 0.79, 0.75, 0.43, 1.49, 0.73, 0.73, 0.51, 0.3, 0.3, 0.23, 0.36, 0.54]}
{"t": 211.1, "h": 259.5, "d5": 0.617, "sm": 0.577, "d6": "tick=159085 goal=0 here=0", "l": [0.76, 0.71, 0.4, 1.2, 0.76, 0.8, 0.48, 1.53, 0.79, 0.77, 0.52, 0.31, 0.26, 0.27, 0.33, 0.51]}
{"t": 211.3, "h": 255.9, "d5": 0.625, "sm": 0.589, "d6": "tick=159106 goal=0 here=0", "l": [0.72, 0.67, 0.39, 1.14, 0.75, 0.8, 0.53, 1.57, 0.84, 0.85, 0.52, 0.32, 0.22, 0.28, 0.34, 0.47]}
{"t": 211.6, "h": 251.8, "d5": 0.646, "sm": 0.603, "d6": "tick=159126 goal=0 here=0", "l": [0.69, 0.65, 0.52, 0.31, 2.37, 0.71, 0.75, 1.78, 0.88, 0.9, 0.44, 0.32, 0.25, 0.28, 0.31, 0.43]}
{"t": 211.8, "h": 258.6, "d5": 0.669, "sm": 0.619, "d6": "tick=159151 goal=0 here=0", "l": [0.65, 0.64, 0.5, 0.32, 2.25, 0.76, 0.81, 0.53, 0.94, 0.94, 0.43, 0.24, 0.25, 0.26, 0.29, 0.38]}
{"t": 212.0, "h": 253.3, "d5": 0.675, "sm": 0.633, "d6": "tick=159173 goal=0 here=0", "l": [0.59, 0.61, 0.47, 0.28, 0.28, 0.83, 0.9, 0.6, 1.58, 0.99, 0.44, 0.27, 0.26, 0.26, 0.3, 0.32]}
{"t": 213.7, "h": 66.2, "d5": 0.669, "sm": 0.642, "d6": "tick=159336 goal=0 here=0", "l": [1.59, 0.89, 0.55, 0.26, 0.28, 0.25, 0.26, 0.34, 0.52, 0.53, 0.54, 0.45, 0.29, 0.78, 0.9, 0.67]}
{"t": 213.9, "h": 63.3, "d5": 0.663, "sm": 0.647, "d6": "tick=159359 goal=0 here=0", "l": [1.57, 0.89, 0.67, 0.33, 0.25, 0.26, 0.28, 0.37, 0.57, 0.58, 0.62, 0.46, 0.3, 0.75, 0.86, 0.62]}
{"t": 214.1, "h": 66.4, "d5": 0.66, "sm": 0.651, "d6": "tick=159380 goal=0 here=0", "l": [1.55, 0.84, 0.68, 0.38, 0.23, 0.3, 0.28, 0.41, 0.61, 0.65, 0.65, 0.33, 1.42, 0.77, 0.83, 0.57]}
{"t": 214.3, "h": 64.1, "d5": 0.627, "sm": 0.645, "d6": "tick=159400 goal=0 here=0", "l": [1.5, 0.83, 0.87, 0.38, 0.26, 0.26, 0.31, 0.43, 0.63, 0.68, 0.58, 0.33, 1.44, 0.76, 0.8, 0.54]}
{"t": 214.5, "h": 63.5, "d5": 0.612, "sm": 0.637, "d6": "tick=159421 goal=0 here=0", "l": [1.46, 0.8, 0.83, 0.43, 0.34, 0.27, 0.36, 0.42, 0.69, 0.76, 0.55, 0.33, 1.47, 0.73, 0.74, 0.5]}
{"t": 214.7, "h": 61.0, "d5": 0.597, "sm": 0.627, "d6": "tick=159442 goal=0 here=0", "l": [1.42, 0.77, 0.81, 0.51, 0.35, 0.3, 0.36, 0.43, 0.73, 0.8, 0.6, 0.93, 1.5, 0.68, 0.72, 0.43]}
{"t": 214.9, "h": 58.3, "d5": 0.586, "sm": 0.616, "d6": "tick=159463 goal=0 here=0", "l": [1.41, 0.72, 0.73, 0.55, 0.38, 0.35, 0.33, 0.45, 0.63, 0.85, 0.44, 0.95, 1.52, 0.64, 0.7, 0.38]}
{"t": 215.1, "h": 58.2, "d5": 0.574, "sm": 0.606, "d6": "tick=159483 goal=0 here=0", "l": [1.38, 0.69, 0.64, 0.56, 0.4, 0.37, 0.33, 0.49, 0.65, 0.88, 0.44, 0.99, 1.72, 0.6, 0.63, 0.33]}
{"t": 215.4, "h": 77.7, "d5": 0.577, "sm": 0.599, "d6": "tick=159515 goal=0 here=0", "l": [1.23, 0.64, 0.75, 0.52, 0.37, -1.0, 0.43, 0.62, 0.89, 0.83, 0.93, 1.16, 0.7, 0.66, 0.37, 1.58]}
{"t": 215.7, "h": 71.6, "d5": 0.57, "sm": 0.591, "d6": "tick=159537 goal=0 here=0", "l": [1.19, 0.62, 0.71, 0.49, 0.38, 0.38, 0.41, 0.65, 0.94, 0.86, 0.98, 1.36, 0.7, 0.65, 0.31, 1.55]}
{"t": 215.9, "h": 73.3, "d5": 0.536, "sm": 0.578, "d6": "tick=159558 goal=0 here=0", "l": [1.12, 0.61, 0.65, 0.5, 0.38, 0.39, 0.4, 0.62, 1.01, 0.91, 1.01, 1.36, 0.63, 0.61, 0.26, 1.5]}
{"t": 216.1, "h": 67.9, "d5": 0.54, "sm": 0.568, "d6": "tick=159579 goal=0 here=0", "l": [1.07, 0.55, 0.56, 0.56, 0.44, 0.39, 0.43, 0.64, 1.08, 0.96, -1.0, 1.42, 0.59, 0.29, 0.69, 1.46]}
{"t": 216.3, "h": 69.7, "d5": 0.534, "sm": 0.56, "d6": "tick=159600 goal=0 here=0", "l": [1.04, 0.49, 0.46, 0.64, 0.48, 0.4, 0.46, 0.64, 1.14, 0.99, 1.1, 1.44, 0.6, 0.15, 0.63, 1.42]}
{"t": 216.5, "h": 70.5, "d5": 0.514, "sm": 0.548, "d6": "tick=159621 goal=0 here=0", "l": [1.01, 0.45, 0.43, 0.61, 0.46, 0.43, 0.5, 0.67, 1.11, 1.02, 1.12, 1.47, 0.13, 0.56, 0.59, 1.38]}
{"t": 216.7, "h": 68.2, "d5": 0.516, "sm": 0.54, "d6": "tick=159642 goal=0 here=0", "l": [0.99, 0.41, 0.41, 0.56, 0.48, 0.47, 0.49, 0.7, 1.15, 1.09, 1.16, 0.13, 0.16, 0.57, 0.58, 1.34]}
{"t": 216.9, "h": 65.4, "d5": 0.488, "sm": 0.527, "d6": "tick=159663 goal=0 here=0", "l": [0.94, 0.42, 0.37, 0.44, 0.56, 0.51, 0.49, 0.61, 1.18, 0.77, 0.14, 0.15, 0.34, 0.54, 0.53, 1.3]}
{"t": 217.2, "h": 66.8, "d5": 0.48, "sm": 0.515, "d6": "tick=159689 goal=0 here=0", "l": [0.91, 0.83, 0.36, 0.34, 0.6, 0.52, 0.51, 0.64, 1.2, 0.83, 0.2, 0.23, 0.38, 0.53, 0.49, 1.28]}
{"t": 217.4, "h": 65.9, "d5": 0.486, "sm": 0.508, "d6": "tick=159710 goal=0 here=0", "l": [0.85, 0.77, 0.26, 0.31, 0.57, 0.52, 0.55, 0.68, 1.08, 0.88, 0.22, 0.36, 0.53, 0.53, 0.45, 1.98]}
{"t": 217.6, "h": 57.4, "d5": 0.456, "sm": 0.495, "d6": "tick=159730 goal=0 here=0", "l": [0.81, 0.78, 0.24, 0.29, 0.34, 0.54, 0.61, 0.71, 1.14, 0.28, 0.27, 0.36, 0.54, 0.48, 0.41, 1.96]}
{"t": 217.8, "h": 61.8, "d5": 0.441, "sm": 0.482, "d6": "tick=159751 goal=0 here=0", "l": [0.78, 0.72, 0.27, 0.21, 0.31, 0.6, 0.61, 0.76, 1.17, 0.33, 0.32, 0.39, 0.52, 0.44, 0.4, 1.92]}
{"t": 219.1, "h": 190.3, "d5": 0.442, "sm": 0.472, "d6": "tick=159881 goal=0 here=0", "l": [0.57, 0.65, 1.01, 1.43, 0.3, 0.41, 0.54, 0.46, 0.37, 2.17, -1.0, 0.71, 0.49, 0.2, 0.3, 0.65]}
{"t": 219.3, "h": 189.8, "d5": 0.456, "sm": 0.468, "d6": "tick=159904 goal=0 here=0", "l": [0.54, 0.61, 0.96, 1.36, 0.31, 0.4, 0.56, 0.52, 0.42, 2.21, 0.88, 0.75, 0.28, 0.21, 0.26, 0.59]}
{"t": 219.5, "h": 187.1, "d5": 0.473, "sm": 0.469, "d6": "tick=159925 goal=0 here=0", "l": [0.48, 0.55, 0.75, 1.34, 0.32, 0.34, 0.45, 0.57, -1.0, 2.22, 0.92, 0.78, 0.18, 0.22, 0.25, 0.55]}
{"t": 219.7, "h": 183.8, "d5": 0.486, "sm": 0.473, "d6": "tick=159945 goal=0 here=0", "l": [0.45, 0.49, 0.66, 1.4, 1.32, 0.33, 0.47, 0.63, 0.5, 2.25, 0.95, 0.78, 0.19, 0.21, 0.21, 0.51]}
{"t": 219.9, "h": 185.4, "d5": 0.507, "sm": 0.482, "d6": "tick=159966 goal=0 here=0", "l": [0.38, 0.44, 0.61, 1.33, 0.89, 0.34, 0.5, 0.67, 0.55, 2.31, 0.9, 0.19, 0.21, 0.2, 0.21, 0.45]}
{"t": 220.1, "h": 180.6, "d5": 0.499, "sm": 0.486, "d6": "tick=159987 goal=0 here=0", "l": [0.34, -1.0, 0.55, 1.06, 1.28, 1.41, 0.52, 0.72, 0.64, 2.34, 0.92, 0.23, 0.2, 0.16, 0.32, 0.39]}
{"t": 221.0, "h": 261.9, "d5": 0.525, "sm": 0.496, "d6": "tick=160074 goal=0 here=0", "l": [1.28, 1.28, 0.38, 0.55, 0.71, 0.64, 1.27, 0.22, 0.2, 0.18, 0.16, 0.39, 0.35, 0.36, 0.39, 0.63]}
{"t": 221.3, "h": 259.1, "d5": 0.534, "sm": 0.505, "d6": "tick=160097 goal=0 here=0", "l": [1.24, 1.24, 0.32, 0.53, 0.72, 0.64, 1.29, 0.27, 0.27, 0.22, 0.26, 0.42, 0.32, 0.38, 0.4, 0.59]}
{"t": 221.5, "h": 262.1, "d5": 0.54, "sm": 0.514, "d6": "tick=160118 goal=0 here=0", "l": [1.2, 1.21, 1.46, 0.4, 0.7, 0.65, 1.39, 0.89, 0.31, 0.23, 0.39, 0.43, 0.32, 0.36, 0.39, 0.71]}
{"t": 221.7, "h": 261.5, "d5": 0.56, "sm": 0.525, "d6": "tick=160138 goal=0 here=0", "l": [1.18, 0.76, 1.41, 0.31, 0.72, 0.68, 2.46, 0.98, 0.35, 0.28, 0.43, 0.42, 0.33, 0.35, 0.36, 0.67]}
{"t": 221.9, "h": 257.0, "d5": 0.587, "sm": 0.541, "d6": "tick=160159 goal=0 here=0", "l": [1.14, 0.75, 1.31, 0.86, 0.52, 0.71, 2.55, 1.06, 0.39, 0.32, 0.48, 0.38, 0.34, 0.29, 0.39, 0.63]}
{"t": 222.1, "h": 256.4, "d5": 0.597, "sm": 0.555, "d6": "tick=160180 goal=0 here=0", "l": [1.12, 0.91, 1.21, 0.87, 0.28, 0.74, 2.56, 1.13, -1.0, 0.36, 0.52, 0.36, 0.32, 0.29, 0.38, 0.59]}
{"t": 222.3, "h": 254.5, "d5": 0.613, "sm": 0.569, "d6": "tick=160201 goal=0 here=0", "l": [1.09, 0.93, 1.17, 0.86, 0.78, 0.75, 0.79, 1.23, 0.49, 0.41, 0.56, 0.37, 0.32, 0.27, 0.35, 0.56]}
{"t": 222.5, "h": 257.7, "d5": 0.628, "sm": 0.584, "d6": "tick=160221 goal=0 here=0", "l": [1.01, 0.97, 1.14, 1.62, 0.75, 0.33, 0.78, 1.32, 0.54, 0.47, 0.61, 0.37, 0.27, 0.28, 0.31, 0.5]}
{"t": 222.7, "h": 254.5, "d5": 0.647, "sm": 0.6, "d6": "tick=160242 goal=0 here=0", "l": [0.97, 0.91, 1.06, 1.5, 0.7, 0.41, 0.8, 1.37, 0.59, 0.53, 0.63, 0.38, 0.26, 0.29, 0.3, 0.46]}
{"t": 222.9, "h": 252.8, "d5": 0.664, "sm": 0.616, "d6": "tick=160263 goal=0 here=0", "l": [0.89, 0.87, 0.5, 1.43, 0.79, 0.76, 0.84, 1.42, 0.65, 0.58, 0.63, 0.34, 0.25, 0.28, 0.27, 0.44]}
{"t": 223.1, "h": 253.5, "d5": 0.67, "sm": 0.629, "d6": "tick=160284 goal=0 here=0", "l": [0.82, 0.85, 0.5, 1.25, 0.82, 0.79, 0.37, 1.47, 0.69, 0.62, 0.5, 0.3, 0.26, 0.24, 0.23, 0.4]}
{"t": 223.4, "h": 250.9, "d5": 0.691, "sm": 0.645, "d6": "tick=160304 goal=0 here=0", "l": [0.77, 0.85, 0.49, 1.22, 0.81, 0.82, 0.49, 1.69, 0.74, 0.67, 0.5, 0.29, 0.26, 0.2, 0.26, 0.38]}
{"t": 223.6, "h": 253.0, "d5": 0.699, "sm": 0.658, "d6": "tick=160330 goal=0 here=0", "l": [0.53, 0.78, 0.63, 0.39, 2.03, 0.77, 0.57, 1.77, 1.4, 0.74, 0.51, 0.27, 0.22, 0.18, 0.26, 0.37]}
{"t": 223.8, "h": 246.0, "d5": 0.717, "sm": 0.673, "d6": "tick=160351 goal=0 here=0", "l": [0.45, 0.7, 0.64, 0.4, 1.85, 0.77, 0.8, 1.87, 1.46, 0.78, 0.52, 0.28, 0.18, 0.18, 0.24, 0.33]}
{"t": 225.2, "h": 37.7, "d5": 0.718, "sm": 0.684, "d6": "tick=160488 goal=0 here=0", "l": [0.56, 1.56, 0.81, 0.83, 0.31, 0.21, 0.17, 0.23, 0.25, 0.41, 0.72, 0.7, 0.58, 1.22, 0.83, 0.88]}
{"t": 225.4, "h": 36.6, "d5": 0.7, "sm": 0.688, "d6": "tick=160510 goal=0 here=0", "l": [0.51, 1.54, 0.79, 0.81, 0.34, 0.29, 0.17, 0.26, 0.29, 0.46, 0.7, 0.71, 0.41, 1.4, 0.83, 0.83]}
{"t": 225.6, "h": 37.8, "d5": 0.682, "sm": 0.687, "d6": "tick=160531 goal=0 here=0", "l": [0.47, 1.53, 0.77, 0.79, 0.49, 0.3, 0.23, 0.27, 0.36, 0.52, 0.73, 0.72, 0.4, 1.39, 0.79, 0.78]}
{"t": 225.8, "h": 33.6, "d5": 0.673, "sm": 0.683, "d6": "tick=160552 goal=0 here=0", "l": [0.44, 1.5, 0.74, 0.73, 0.56, 0.35, 0.31, 0.29, 0.4, 0.55, 0.76, 0.78, 0.37, 1.35, 0.75, 0.76]}
{"t": 226.0, "h": 34.0, "d5": 0.655, "sm": 0.676, "d6": "tick=160572 goal=0 here=0", "l": [0.39, 1.44, 1.24, 0.66, 0.59, 0.39, 0.36, 0.3, 0.43, 0.58, 0.81, 0.64, 0.94, 1.38, 0.7, 0.7]}
{"t": 226.3, "h": 30.6, "d5": 0.661, "sm": 0.672, "d6": "tick=160598 goal=0 here=0", "l": [0.32, 1.54, 1.28, 0.64, 0.79, 0.47, 0.39, 0.34, 0.47, 0.64, 0.83, 0.47, 0.94, 1.41, 0.64, 0.65]}
{"t": 227.0, "h": 327.1, "d5": 0.651, "sm": 0.667, "d6": "tick=160672 goal=0 here=0", "l": [1.7, 0.58, 0.65, 0.32, 1.38, 0.72, 0.6, 0.65, 0.44, 0.42, 0.38, 0.54, 0.86, 0.89, 0.41, 0.99]}
{"t": 227.2, "h": 335.3, "d5": 0.631, "sm": 0.658, "d6": "tick=160694 goal=0 here=0", "l": [1.64, 0.54, 0.58, 0.32, 0.23, 1.23, 0.66, 0.78, 0.48, 0.46, 0.42, 0.58, 0.88, 0.88, 0.8, 0.95]}
{"t": 227.4, "h": 327.0, "d5": 0.614, "sm": 0.647, "d6": "tick=160715 goal=0 here=0", "l": [1.41, 0.52, 0.57, 0.32, 0.27, 1.29, 0.72, 0.86, 0.55, 0.5, 0.5, 0.61, 0.89, 0.79, 0.74, 0.9]}
{"t": 227.6, "h": 327.8, "d5": 0.614, "sm": 0.639, "d6": "tick=160736 goal=0 here=0", "l": [1.31, 0.52, 0.54, 0.46, 0.3, 0.25, 0.77, 0.9, 0.62, 0.54, 0.57, 0.67, 0.91, 0.74, 0.71, 0.87]}
{"t": 227.9, "h": 323.4, "d5": 0.631, "sm": 0.637, "d6": "tick=160757 goal=0 here=0", "l": [1.26, 0.49, 0.48, 0.5, 0.27, 0.3, 0.79, 0.94, 0.69, 0.58, 0.59, 0.7, 0.91, 0.27, 0.68, 0.81]}
{"t": 228.1, "h": 327.0, "d5": 0.616, "sm": 0.632, "d6": "tick=160778 goal=0 here=0", "l": [1.22, 0.45, 0.39, 0.5, 0.37, 0.31, 0.32, 0.97, 0.75, 0.63, 0.64, 0.71, 0.88, 0.42, 0.66, 0.78]}
{"t": 228.3, "h": 323.6, "d5": 0.604, "sm": 0.625, "d6": "tick=160798 goal=0 here=0", "l": [1.13, 0.41, 0.34, 0.46, 0.43, 0.31, 0.34, 0.96, 0.82, 0.64, 0.67, 0.71, 0.21, 0.45, 0.64, 0.74]}
{"t": 228.5, "h": 322.1, "d5": 0.606, "sm": 0.62, "d6": "tick=160819 goal=0 here=0", "l": [1.02, 0.34, 0.32, 0.43, 0.42, 0.33, 0.4, 0.9, 0.88, 0.7, 0.71, 0.75, 0.32, 0.66, 0.62, 0.7]}
{"t": 230.0, "h": 169.3, "d5": 0.604, "sm": 0.616, "d6": "tick=160968 goal=0 here=0", "l": [0.64, 0.73, 0.87, 0.39, 0.64, 0.66, 0.78, 1.12, 0.35, 0.33, 0.46, 0.43, 0.31, 0.39, 1.07, 0.79]}
{"t": 230.2, "h": 166.9, "d5": 0.61, "sm": 0.615, "d6": "tick=160991 goal=0 here=0", "l": [0.61, 0.67, 0.73, 0.22, 0.64, 0.63, 0.71, 1.14, 0.39, 0.35, 0.48, 0.47, 0.35, 0.37, 1.05, 0.74]}
{"t": 230.4, "h": 168.3, "d5": 0.631, "sm": 0.619, "d6": "tick=161012 goal=0 here=0", "l": [0.57, -1.0, 0.66, 0.76, 0.38, 0.61, 0.72, 1.15, 0.43, 0.39, 0.52, 0.47, 0.38, 0.85, 1.0, 0.68]}
{"t": 230.6, "h": 166.0, "d5": 0.631, "sm": 0.622, "d6": "tick=161033 goal=0 here=0", "l": [0.54, 0.58, 0.67, 0.87, 0.28, 0.62, 0.72, 1.14, 0.49, 0.43, 0.55, 0.37, 0.36, 0.86, 0.98, 0.64]}
{"t": 230.8, "h": 162.5, "d5": 0.647, "sm": 0.628, "d6": "tick=161054 goal=0 here=0", "l": [0.5, 0.52, 0.59, 0.81, 0.74, 0.67, 0.76, 1.17, 0.53, 0.48, 0.62, 0.37, 0.35, 0.85, 0.93, 0.58]}
{"t": 231.0, "h": 166.5, "d5": 0.654, "sm": 0.635, "d6": "tick=161074 goal=0 here=0", "l": [0.44, 0.48, 0.54, 0.77, 0.74, 0.28, 0.79, 1.03, 0.59, 0.52, 0.61, 0.38, 0.33, 0.8, 0.92, 0.54]}
{"t": 231.2, "h": 163.4, "d5": 0.649, "sm": 0.638, "d6": "tick=161095 goal=0 here=0", "l": [0.4, 0.42, 0.48, 0.58, 0.72, 0.56, 0.78, 1.04, 0.62, 0.56, 0.63, 0.39, 1.34, 0.78, 0.87, 0.49]}
{"t": 231.4, "h": 165.7, "d5": 0.66, "sm": 0.644, "d6": "tick=161116 goal=0 here=0", "l": [0.37, 0.35, 0.41, 0.54, 0.75, 0.71, 0.32, 1.08, 0.68, 0.61, 0.65, 0.38, 1.34, 0.73, 0.85, 0.42]}
{"t": 231.6, "h": 163.1, "d5": 0.658, "sm": 0.647, "d6": "tick=161136 goal=0 here=0", "l": [0.33, 0.29, 0.37, 0.51, 0.82, 0.71, 0.37, 1.1, 2.22, 0.67, 0.67, 0.36, 1.37, 0.71, 0.79, 0.35]}
{"t": 232.3, "h": 107.2, "d5": 0.658, "sm": 0.65, "d6": "tick=161201 goal=0 here=0", "l": [0.8, 0.51, 0.34, 0.25, 0.33, 0.39, 0.51, 0.73, 0.61, 0.33, 1.48, 0.73, 0.75, 0.44, 1.49, -1.0]}
{"t": 232.5, "h": 104.4, "d5": 0.655, "sm": 0.651, "d6": "tick=161224 goal=0 here=0", "l": [0.77, 0.49, 0.32, 0.29, 0.26, 0.39, 0.55, 0.77, 0.69, 0.97, 1.5, 0.73, 0.74, 0.42, 1.46, 0.74]}
{"t": 232.8, "h": 104.3, "d5": 0.64, "sm": 0.648, "d6": "tick=161249 goal=0 here=0", "l": [0.72, 0.47, 0.29, 0.28, 0.25, 0.38, 0.57, 0.81, 0.83, 1.0, 1.54, 0.71, 0.78, -1.0, 1.41, 0.7]}
{"t": 233.0, "h": 102.6, "d5": 0.624, "sm": 0.642, "d6": "tick=161270 goal=0 here=0", "l": [0.64, 0.44, 0.3, 0.24, 0.27, 0.28, 0.52, 0.92, 0.9, 1.05, 1.56, 0.7, 0.44, 0.83, 1.36, 0.65]}
{"t": 233.2, "h": 100.5, "d5": 0.595, "sm": 0.63, "d6": "tick=161291 goal=0 here=0", "l": [0.59, 0.45, 0.32, 0.24, 0.26, 0.29, 0.48, 0.99, 0.94, 1.11, 1.64, 0.75, 0.42, 0.87, 1.29, 0.58]}
{"t": 233.4, "h": 100.1, "d5": 0.6, "sm": 0.623, "d6": "tick=161312 goal=0 here=0", "l": [0.51, 0.54, 0.33, 0.22, 0.23, 0.27, 0.47, 1.03, 0.96, 1.14, 1.66, 0.78, 0.81, 0.86, 1.26, 0.54]}
{"t": 233.6, "h": 97.7, "d5": 0.579, "sm": 0.612, "d6": "tick=161332 goal=0 here=0", "l": [0.43, 0.54, 0.31, 0.23, 0.22, 0.3, 0.34, 1.02, 1.01, 1.19, 1.71, 0.82, 0.82, 0.85, 1.21, 0.47]}
{"t": 233.8, "h": 98.6, "d5": 0.59, "sm": 0.606, "d6": "tick=161353 goal=0 here=0", "l": [0.4, 0.48, 0.28, 0.25, 0.2, 0.23, 0.36, 0.82, 1.07, 1.24, 1.75, 0.85, 0.81, 2.56, 1.17, 0.43]}
{"t": 234.0, "h": 100.1, "d5": 0.562, "sm": 0.595, "d6": "tick=161374 goal=0 here=0", "l": [0.34, 0.45, 0.25, 0.24, 0.24, 0.22, 0.37, 0.83, 1.11, 1.28, 1.0, 0.39, 0.81, 2.55, 1.14, 0.38]}
{"t": 235.5, "h": 308.1, "d5": 0.541, "sm": 0.582, "d6": "tick=161516 goal=0 here=0", "l": [1.47, -1.0, 0.8, 0.78, 1.49, 0.43, 0.31, 0.4, 0.43, 0.25, 0.25, 0.23, 0.25, 0.41, 1.14, 0.79]}
{"t": 235.7, "h": 307.9, "d5": 0.548, "sm": 0.573, "d6": "tick=161538 goal=0 here=0", "l": [1.39, 0.89, 0.57, 0.75, 1.52, 0.44, 0.38, 0.41, 0.48, 0.3, 0.28, 0.24, 0.32, 0.58, 1.09, 0.76]}
{"t": 235.9, "h": 307.3, "d5": 0.56, "sm": 0.57, "d6": "tick=161560 goal=0 here=0", "l": [1.26, 0.87, 0.31, 0.77, 2.53, 1.08, 0.45, 0.43, 0.52, 0.3, 0.29, 0.26, 0.36, 0.6, 1.04, 0.72]}
{"t": 236.1, "h": 308.6, "d5": 0.557, "sm": 0.567, "d6": "tick=161581 goal=0 here=0", "l": [1.21, 0.82, 0.73, 0.77, 0.8, 1.16, 0.5, 0.45, 0.58, 0.37, 0.31, 0.31, 0.37, 0.63, 1.0, 0.66]}
{"t": 236.3, "h": 300.7, "d5": 0.574, "sm": 0.569, "d6": "tick=161602 goal=0 here=0", "l": [1.15, 0.77, 0.72, 0.71, 0.76, 1.23, 0.54, 0.47, 0.62, 0.41, 0.32, 0.35, 0.39, 0.73, 0.97, 0.58]}
{"t": 236.5, "h": 307.5, "d5": 0.561, "sm": 0.567, "d6": "tick=161623 goal=0 here=0", "l": [1.08, 0.76, 0.66, 0.33, 0.72, 1.3, 0.57, 0.51, 0.67, 0.45, 0.33, 0.37, 0.42, 0.75, 0.95, 0.55]}
{"t": 236.7, "h": 302.1, "d5": 0.554, "sm": 0.563, "d6": "tick=161643 goal=0 here=0", "l": [1.0, 1.52, 0.59, 0.38, 0.21, 1.33, 1.16, 0.57, 0.71, 0.5, 0.39, 0.39, 0.53, 0.7, 0.91, 0.49]}
{"t": 238.2, "h": 88.9, "d5": 0.543, "sm": 0.558, "d6": "tick=161786 goal=0 here=0", "l": [0.64, 0.67, 0.52, 0.41, 0.4, 0.39, 0.62, 0.97, 0.88, 0.95, 1.18, 0.7, 0.65, 0.3, 0.82, 1.17]}
{"t": 238.4, "h": 91.4, "d5": 0.528, "sm": 0.551, "d6": "tick=161809 goal=0 here=0", "l": [0.57, 0.6, 0.51, 0.43, 0.39, 0.39, 0.59, 1.03, 0.91, 1.02, 1.23, 0.65, 0.62, 0.17, 1.56, 1.11]}
{"t": 238.6, "h": 93.6, "d5": 0.514, "sm": 0.542, "d6": "tick=161830 goal=0 here=0", "l": [0.51, 0.51, 0.59, 0.46, 0.37, 0.42, 0.59, 1.01, 0.94, 1.05, -1.0, 0.62, 0.31, 0.68, 1.49, 1.1]}
{"t": 238.8, "h": 88.8, "d5": 0.519, "sm": 0.536, "d6": "tick=161850 goal=0 here=0", "l": [0.48, 0.44, 0.64, 0.44, 0.39, 0.42, 0.6, 1.04, 1.0, 1.09, 1.44, 0.64, 0.24, 0.67, 1.45, 1.02]}
{"t": 239.0, "h": 86.3, "d5": 0.502, "sm": 0.527, "d6": "tick=161871 goal=0 here=0", "l": [0.41, 0.38, 0.57, 0.41, 0.4, 0.4, 0.51, 0.87, 1.07, 1.15, 1.49, 0.17, 0.62, 0.62, 1.39, 1.0]}
{"t": 239.2, "h": 87.5, "d5": 0.483, "sm": 0.516, "d6": "tick=161892 goal=0 here=0", "l": [0.38, 0.33, 0.53, 0.43, 0.41, 0.39, 0.49, 0.89, 1.13, 1.19, 1.54, 0.23, 0.63, 0.62, 1.35, 0.94]}
{"t": 240.6, "h": 297.5, "d5": 0.476, "sm": 0.506, "d6": "tick=162034 goal=0 here=0", "l": [1.22, 0.2, 0.44, 0.65, 0.64, 1.13, 1.0, 0.38, 0.34, 0.55, 0.4, 0.4, 0.45, 0.67, 1.22, 0.75]}
{"t": 241.2, "h": 255.7, "d5": 0.494, "sm": 0.503, "d6": "tick=162086 goal=0 here=0", "l": [1.16, 1.12, 1.37, 0.22, 0.63, 0.63, 2.48, 1.02, 0.36, 0.37, 0.45, 0.51, 0.43, 0.39, 0.5, 0.82]}
{"t": 241.4, "h": 258.5, "d5": 0.494, "sm": 0.501, "d6": "tick=162109 goal=0 here=0", "l": [1.09, 1.08, 1.31, 0.16, 0.45, 0.66, 0.69, 1.1, 0.41, 0.39, 0.51, 0.47, 0.42, 0.38, 0.47, 0.74]}
{"t": 241.6, "h": 256.6, "d5": 0.494, "sm": 0.499, "d6": "tick=162130 goal=0 here=0", "l": [1.06, 0.62, 1.19, 0.8, 0.18, 0.67, 0.68, 1.21, 0.99, 0.44, 0.55, 0.44, 0.43, 0.36, 0.46, 0.71]}
{"t": 241.8, "h": 257.5, "d5": 0.5, "sm": 0.499, "d6": "tick=162150 goal=0 here=0", "l": [1.0, 0.6, 1.11, 0.78, 0.71, 0.68, 0.68, -1.0, 1.05, 0.48, 0.61, 0.44, 0.38, 0.36, 0.4, 0.69]}
{"t": 242.0, "h": 255.8, "d5": 0.526, "sm": 0.506, "d6": "tick=162171 goal=0 here=0", "l": [1.0, 0.8, 1.06, 1.54, 0.67, 0.31, 0.72, 1.28, 1.11, 0.52, 0.65, 0.43, 0.36, 0.37, 0.37, 0.64]}
{"t": 242.2, "h": 256.0, "d5": 0.531, "sm": 0.512, "d6": "tick=162192 goal=0 here=0", "l": [0.98, 0.89, 1.05, 1.43, 0.65, 0.67, 0.75, 1.36, 1.19, 0.55, 0.67, 0.45, 0.34, 0.39, 0.36, 0.62]}
{"t": 242.4, "h": 253.8, "d5": 0.544, "sm": 0.52, "d6": "tick=162213 goal=0 here=0", "l": [0.94, 0.84, 0.96, 1.39, 0.74, 0.68, 0.35, 1.58, 1.25, 0.58, 0.72, 0.45, -1.0, 0.32, 0.4, 0.58]}
{"t": 242.6, "h": 252.1, "d5": 0.555, "sm": 0.529, "d6": "tick=162233 goal=0 here=0", "l": [0.9, 0.8, 0.41, 1.19, 0.74, 0.72, 0.4, 1.61, 1.28, 0.63, 0.76, 0.41, 0.34, 0.3, 0.4, 0.57]}
{"t": 242.8, "h": 248.3, "d5": 0.562, "sm": 0.537, "d6": "tick=162254 goal=0 here=0", "l": [0.87, 0.74, 0.39, 1.13, 0.74, 0.71, 0.45, 1.69, 1.31, 0.67, 0.79, 0.38, 0.33, 0.28, 0.38, 0.55]}
{"t": 243.1, "h": 251.3, "d5": 0.58, "sm": 0.548, "d6": "tick=162280 goal=0 here=0", "l": [0.81, 0.75, 0.4, 0.98, 1.94, 0.65, 0.7, 0.4, 1.36, 0.72, 0.79, 0.37, 0.33, 0.27, 0.35, 0.5]}
{"t": 243.3, "h": 250.1, "d5": 0.603, "sm": 0.562, "d6": "tick=162301 goal=0 here=0", "l": [0.69, 0.74, 0.55, -1.0, 1.77, 0.74, 0.81, 0.5, 1.43, 0.78, 0.64, 0.38, 0.26, 0.29, 0.29, 0.44]}
{"t": 243.5, "h": 249.8, "d5": 0.614, "sm": 0.575, "d6": "tick=162321 goal=0 here=0", "l": [0.62, 0.66, 0.53, 0.3, 1.51, 0.8, 0.85, 0.57, 1.45, 0.82, 0.64, 0.37, 0.24, 0.28, 0.29, 0.41]}
{"t": 243.7, "h": 245.1, "d5": 0.623, "sm": 0.587, "d6": "tick=162342 goal=0 here=0", "l": [0.56, 0.6, 0.61, 0.32, 0.31, 0.8, 0.86, 0.62, 1.55, 0.83, 0.67, 0.3, 0.25, 0.24, 0.25, 0.36]}
{"t": 243.9, "h": 246.6, "d5": 0.653, "sm": 0.603, "d6": "tick=162363 goal=0 here=0", "l": [0.52, 0.53, 0.55, 0.45, 0.31, 0.79, 0.89, 0.68, 1.61, 0.9, 0.67, -1.0, 0.27, 0.22, 0.24, 0.32]}
{"t": 245.1, "h": 117.2, "d5": 0.646, "sm": 0.614, "d6": "tick=162484 goal=0 here=0", "l": [0.41, 0.25, 0.24, 0.23, 0.3, 0.32, 0.57, 0.58, 0.55, 0.36, 0.33, 0.84, 0.93, 0.63, 1.56, -1.0]}
{"t": 245.8, "h": 77.3, "d5": 0.646, "sm": 0.622, "d6": "tick=162545 goal=0 here=0", "l": [1.01, 1.0, 0.4, 0.26, 0.22, 0.23, 0.29, 0.32, 0.56, 0.58, 0.47, 0.29, 0.31, 0.83, 0.85, 0.56]}
{"t": 246.0, "h": 77.6, "d5": 0.639, "sm": 0.626, "d6": "tick=162568 goal=0 here=0", "l": [0.97, 0.95, 0.43, 0.24, 0.27, 0.21, 0.29, 0.32, 0.61, 0.6, 0.47, 0.3, 2.29, 0.78, 0.83, 1.85]}
{"t": 246.2, "h": 74.7, "d5": 0.615, "sm": 0.623, "d6": "tick=162588 goal=0 here=0", "l": [0.9, 0.91, 0.42, 0.24, 0.23, 0.26, 0.3, 0.38, 0.67, 0.66, 0.5, 0.32, 2.33, 0.74, 0.79, 1.81]}
{"t": 246.4, "h": 73.9, "d5": 0.598, "sm": 0.617, "d6": "tick=162609 goal=0 here=0", "l": [0.86, 0.85, 0.45, 0.31, 0.21, 0.29, 0.28, 0.44, 0.73, 0.71, 0.54, 0.33, 2.32, 0.72, 0.62, 1.77]}
{"t": 246.6, "h": 70.0, "d5": 0.576, "sm": 0.607, "d6": "tick=162630 goal=0 here=0", "l": [1.4, 0.75, 0.54, 0.33, 0.23, 0.28, 0.31, 0.45, 0.78, 0.74, 0.56, 1.12, 2.31, 0.77, 0.54, 1.74]}
{"t": 246.8, "h": 69.9, "d5": 0.602, "sm": 0.606, "d6": "tick=162651 goal=0 here=0", "l": [1.36, 0.69, 0.56, 0.32, 0.28, 0.23, 0.34, 0.47, 0.82, 0.78, 0.43, 1.16, 0.79, 0.77, 0.49, 1.7]}
{"t": 247.0, "h": 73.3, "d5": 0.584, "sm": 0.6, "d6": "tick=162671 goal=0 here=0", "l": [1.33, 0.64, 0.73, 0.35, 0.32, 0.25, 0.33, -1.0, 0.89, 0.82, 0.43, 1.2, 0.77, 0.77, 0.43, 1.65]}
{"t": 247.3, "h": 72.0, "d5": 0.577, "sm": 0.594, "d6": "tick=162697 goal=0 here=0", "l": [1.27, 0.6, 0.71, 0.43, 0.29, 0.31, 0.28, 0.48, 0.85, 0.85, 0.46, 1.22, 0.78, 0.76, 0.39, 1.62]}
{"t": 247.5, "h": 70.2, "d5": 0.56, "sm": 0.586, "d6": "tick=162718 goal=0 here=0", "l": [1.19, 0.56, 0.66, 0.43, 0.3, 0.33, 0.31, 0.5, 0.9, 0.89, 0.91, 1.23, 0.79, 0.71, 0.24, 1.56]}
{"t": 247.7, "h": 69.3, "d5": 0.533, "sm": 0.573, "d6": "tick=162738 goal=0 here=0", "l": [1.14, 0.54, 0.62, 0.43, 0.36, 0.32, 0.35, 0.52, 0.91, 0.95, 0.96, 1.27, 0.75, 0.69, 0.76, 1.52]}
{"t": 247.9, "h": 67.7, "d5": 0.539, "sm": 0.564, "d6": "tick=162759 goal=0 here=0", "l": [1.1, 0.52, 0.54, 0.53, 0.41, 0.33, 0.39, -1.0, 0.8, 0.99, 1.01, 1.28, 0.67, 0.38, 0.72, 1.48]}
{"t": 249.1, "h": 304.2, "d5": 0.52, "sm": 0.553, "d6": "tick=162875 goal=0 here=0", "l": [1.13, 0.79, 0.71, 0.7, 0.71, 1.27, 0.5, 0.47, 0.61, 0.42, 0.35, 0.36, 0.4, 0.67, 0.99, 0.6]}
{"t": 249.3, "h": 302.2, "d5": 0.541, "sm": 0.55, "d6": "tick=162903 goal=0 here=0", "l": [1.07, 1.55, 0.66, 0.31, 0.69, 1.28, 1.13, 0.52, 0.65, 0.46, 0.38, 0.39, 0.41, 0.69, 0.96, 0.58]}
{"t": 249.5, "h": 301.7, "d5": 0.56, "sm": 0.553, "d6": "tick=162923 goal=0 here=0", "l": [1.02, 1.45, 0.57, 0.61, 0.24, 1.5, 1.16, 0.57, 0.68, 0.51, 0.4, 0.43, 0.48, 0.72, 0.91, 0.52]}
{"t": 249.7, "h": 296.0, "d5": 0.563, "sm": 0.555, "d6": "tick=162944 goal=0 here=0", "l": [0.96, 1.35, 0.58, 0.6, 0.29, 0.17, 1.18, 0.65, 0.73, 0.55, 0.43, 0.43, 0.53, 0.7, 0.87, 0.47]}
{"t": 249.9, "h": 298.6, "d5": 0.574, "sm": 0.56, "d6": "tick=162965 goal=0 here=0", "l": [0.9, 1.27, 0.6, 0.6, 0.3, 0.25, 1.22, 0.68, 0.76, 0.59, 0.46, 0.43, 0.54, 0.69, 0.84, 0.42]}
{"t": 250.1, "h": 296.0, "d5": 0.564, "sm": 0.561, "d6": "tick=162986 goal=0 here=0", "l": [0.86, 1.05, 0.59, 0.54, 0.51, 0.3, 0.24, 0.72, 0.8, 0.64, 0.49, 0.45, 0.57, 0.67, 0.82, 0.36]}
{"t": 250.3, "h": 296.2, "d5": 0.566, "sm": 0.562, "d6": "tick=163006 goal=0 here=0", "l": [0.82, 1.0, 0.54, 0.47, 0.56, 0.31, 0.31, 0.73, 0.81, 0.67, 0.52, 0.49, 0.57, 0.68, 0.78, 0.47]}
{"t": 250.6, "h": 293.5, "d5": 0.577, "sm": 0.566, "d6": "tick=163027 goal=0 here=0", "l": [0.75, 0.92, 0.51, 0.48, 0.56, 0.47, 0.35, 0.87, 0.84, 0.71, 0.58, 0.52, 0.58, 0.81, 0.78, 0.43]}
{"t": 252.0, "h": 141.2, "d5": 0.594, "sm": 0.573, "d6": "tick=163171 goal=0 here=0", "l": [0.65, 0.56, 0.58, 0.64, 0.83, 0.71, 0.66, 0.75, 1.15, 0.51, 0.45, 0.56, 0.35, 0.34, 0.84, 0.97]}
{"t": 252.2, "h": 137.6, "d5": 0.606, "sm": 0.581, "d6": "tick=163193 goal=0 here=0", "l": [0.63, 0.51, 0.51, 0.58, 0.8, 0.81, 0.45, 0.79, 1.15, 0.55, 0.47, 0.62, 0.34, 0.31, 0.81, 0.91]}
{"t": 252.4, "h": 145.1, "d5": 0.604, "sm": 0.587, "d6": "tick=163215 goal=0 here=0", "l": [0.6, 0.48, 0.42, 0.51, 0.64, 0.79, 0.34, 0.86, 1.04, 0.61, 0.57, 0.56, 0.33, 0.26, 0.77, -1.0]}
{"t": 252.6, "h": 139.2, "d5": 0.596, "sm": 0.589, "d6": "tick=163235 goal=0 here=0", "l": [0.56, 0.43, 0.37, 0.48, 0.61, 0.8, 0.64, 0.84, 1.1, 0.63, 0.62, 0.56, 0.33, 1.27, 0.73, 0.82]}
{"t": 252.8, "h": 137.4, "d5": 0.613, "sm": 0.595, "d6": "tick=163256 goal=0 here=0", "l": [0.51, 0.38, 0.34, 0.47, 0.62, 0.87, 0.78, 0.84, 1.13, 0.69, 0.66, 0.37, -1.0, 1.25, 0.68, 0.79]}
{"t": 253.1, "h": 139.3, "d5": 0.6, "sm": 0.596, "d6": "tick=163277 goal=0 here=0", "l": [0.47, 0.34, 0.35, 0.36, 0.54, 0.92, 0.81, 0.39, 1.17, 0.73, 0.73, 0.38, 1.61, 1.23, 0.64, 0.75]}
{"t": 253.8, "h": 78.4, "d5": 0.624, "sm": 0.603, "d6": "tick=163351 goal=0 here=0", "l": [0.66, 0.62, 0.55, 0.36, 0.35, 0.32, 0.43, 0.63, 0.85, 0.68, 1.0, 1.53, 0.65, 0.71, 0.29, 1.41]}
{"t": 254.0, "h": 81.5, "d5": 0.593, "sm": 0.601, "d6": "tick=163373 goal=0 here=0", "l": [0.61, 0.56, 0.7, 0.42, 0.34, 0.35, 0.42, 0.65, 0.89, 0.73, 1.06, 1.52, 0.64, 0.62, 0.77, 1.37]}
{"t": 254.2, "h": 78.2, "d5": 0.58, "sm": 0.596, "d6": "tick=163393 goal=0 here=0", "l": [0.63, 0.52, 0.68, 0.46, 0.32, 0.35, 0.37, 0.69, 0.92, 0.6, 1.06, 1.57, 0.66, 0.34, 0.76, 1.34]}
{"t": 254.4, "h": 78.0, "d5": 0.574, "sm": 0.59, "d6": "tick=163415 goal=0 here=0", "l": [1.08, 0.48, 0.61, 0.44, 0.38, 0.36, 0.39, 0.65, 1.02, 0.62, 1.1, 1.58, 0.68, 0.21, 0.7, 1.27]}
{"t": 254.6, "h": 78.4, "d5": 0.571, "sm": 0.585, "d6": "tick=163435 goal=0 here=0", "l": [-1.0, 0.48, 0.56, 0.46, 0.41, 0.35, 0.43, 0.64, 1.1, 0.68, 1.14, 0.8, 0.7, 0.67, 0.66, 1.24]}
{"t": 254.8, "h": 73.7, "d5": 0.547, "sm": 0.576, "d6": "tick=163456 goal=0 here=0", "l": [1.03, 0.42, -1.0, 0.55, 0.41, 0.38, 0.46, 0.65, 1.15, 0.7, 1.18, 0.81, 0.2, 0.64, 0.64, 1.19]}
{"t": 255.2, "h": 72.1, "d5": 0.536, "sm": 0.566, "d6": "tick=163487 goal=0 here=0", "l": [0.98, 0.41, 0.35, 0.56, 0.41, 0.41, 0.46, 0.65, 1.22, 0.72, 1.22, 0.16, 0.4, 0.64, 0.62, 1.13]}
{"t": 255.4, "h": 69.4, "d5": 0.526, "sm": 0.556, "d6": "tick=163508 goal=0 here=0", "l": [0.92, 0.32, 0.31, 0.49, 0.43, 0.43, 0.45, 0.59, 1.26, 0.81, 1.26, 0.26, 0.47, 0.61, 0.6, 1.07]}
{"t": 256.8, "h": 281.3, "d5": 0.506, "sm": 0.543, "d6": "tick=163649 goal=0 here=0", "l": [1.17, 0.23, 0.4, 0.62, 0.59, 2.36, 1.03, 0.86, 0.33, 0.29, 0.52, 0.42, 0.47, 0.51, 0.77, 1.2]}
{"t": 258.1, "h": 53.1, "d5": 0.538, "sm": 0.542, "d6": "tick=163781 goal=0 here=0", "l": [1.07, 0.9, 0.31, 0.31, 0.48, 0.44, 0.43, 0.43, 0.59, 1.29, 0.79, 1.27, 0.25, 0.46, 0.63, 0.61]}
{"t": 258.3, "h": 42.4, "d5": 0.52, "sm": 0.537, "d6": "tick=163803 goal=0 here=0", "l": [1.03, 0.83, 0.27, 0.3, 0.34, 0.52, 0.46, 0.49, 0.64, 1.33, 0.74, 0.24, 0.39, 0.59, 0.56, 0.59]}
{"t": 258.5, "h": 48.5, "d5": 0.5, "sm": 0.527, "d6": "tick=163824 goal=0 here=0", "l": [0.97, 0.79, 0.22, 0.29, 0.28, 0.55, 0.47, 0.52, 0.67, 1.38, 0.98, 0.27, 0.4, 0.59, 0.5, 0.53]}
{"t": 258.7, "h": 44.3, "d5": 0.49, "sm": 0.518, "d6": "tick=163845 goal=0 here=0", "l": [0.92, 0.74, 0.5, 0.23, 0.26, 0.55, 0.49, 0.55, 0.71, 1.4, 1.03, 0.28, 0.4, 0.55, 0.45, 0.47]}
{"t": 258.9, "h": 42.3, "d5": 0.474, "sm": 0.507, "d6": "tick=163865 goal=0 here=0", "l": [1.05, 0.71, 0.69, 0.2, 0.26, 0.3, 0.54, 0.6, 0.75, 1.41, 0.32, 0.36, 0.41, 0.53, 0.43, 0.46]}
{"t": 259.1, "h": 45.8, "d5": 0.454, "sm": 0.494, "d6": "tick=163886 goal=0 here=0", "l": [1.02, 0.71, 0.65, 0.24, 0.18, 0.28, 0.6, 0.65, 0.8, 1.45, 0.36, 0.41, 0.49, 0.5, 0.36, 1.48]}
{"t": 259.4, "h": 40.3, "d5": 0.455, "sm": 0.484, "d6": "tick=163907 goal=0 here=0", "l": [0.98, 0.68, 0.66, 0.41, 0.19, 0.29, 0.65, 0.66, -1.0, 1.49, 0.37, 0.45, 0.55, 0.47, 0.35, 1.42]}
{"t": 260.8, "h": 192.4, "d5": 0.457, "sm": 0.477, "d6": "tick=164045 goal=0 here=0", "l": [0.61, 0.72, 1.09, -1.0, 0.41, 0.43, 0.49, 0.39, 0.33, 2.14, 0.78, 0.61, 0.64, 0.4, 0.19, 0.32]}
{"t": 262.0, "h": 62.4, "d5": 0.451, "sm": 0.471, "d6": "tick=164170 goal=0 here=0", "l": [0.69, 0.66, 0.41, 0.21, 0.24, 0.66, 0.67, 0.85, 1.46, 0.38, 0.45, 0.53, 0.46, 0.35, 1.38, 0.99]}
{"t": 262.2, "h": 59.7, "d5": 0.455, "sm": 0.467, "d6": "tick=164193 goal=0 here=0", "l": [0.64, 0.65, 0.61, 0.34, 0.19, 0.35, 0.65, 0.84, 1.3, 0.41, 0.48, 0.56, 0.43, 0.32, 1.33, 0.96]}
{"t": 262.5, "h": 63.9, "d5": 0.448, "sm": 0.462, "d6": "tick=164219 goal=0 here=0", "l": [0.61, 0.54, 0.58, 0.36, 0.19, 0.18, 0.68, 0.84, 1.37, 0.44, 0.48, 0.58, 0.36, 0.3, 1.3, 0.91]}
{"t": 262.8, "h": 58.6, "d5": 0.415, "sm": 0.45, "d6": "tick=164244 goal=0 here=0", "l": [0.55, 0.47, 0.48, 0.33, 0.34, 0.22, 0.73, 0.84, 1.41, 0.52, 0.54, 0.55, 0.28, 0.26, 1.28, 0.85]}
{"t": 263.0, "h": 59.7, "d5": 0.415, "sm": 0.441, "d6": "tick=164270 goal=0 here=0", "l": [0.51, 0.39, 0.46, 0.51, 0.34, 0.26, 0.24, 0.91, 1.46, 0.56, 0.57, 0.53, 0.27, 0.39, 1.25, 0.78]}
{"t": 263.2, "h": 61.3, "d5": 0.4, "sm": 0.431, "d6": "tick=164291 goal=0 here=0", "l": [0.48, 0.36, 0.43, 0.51, 0.34, 0.35, 0.27, 0.94, 1.44, 0.62, 0.59, 0.48, 0.26, 0.67, 1.23, 0.73]}
{"t": 263.4, "h": 52.9, "d5": 0.387, "sm": 0.42, "d6": "tick=164312 goal=0 here=0", "l": [0.43, 0.34, 0.38, 0.41, 0.33, 0.35, 0.31, 0.96, 1.44, 0.66, 0.65, 0.32, 0.3, 1.25, 1.21, 0.69]}
{"t": 263.9, "h": 18.6, "d5": 0.373, "sm": 0.408, "d6": "tick=164364 goal=0 here=0", "l": [1.76, 0.49, 0.37, 0.32, 0.4, 0.47, 0.32, 0.38, 0.3, 0.99, 1.62, 0.71, 0.7, 0.27, 0.33, 1.18]}
{"t": 264.2, "h": 13.6, "d5": 0.397, "sm": 0.405, "d6": "tick=164387 goal=0 here=0", "l": [1.18, 0.65, 0.4, 0.33, 0.33, 0.43, 0.39, 0.39, 0.34, 1.02, 1.62, 0.73, 0.72, 0.24, 0.31, 1.14]}
{"t": 264.4, "h": 12.6, "d5": 0.38, "sm": 0.399, "d6": "tick=164408 goal=0 here=0", "l": [1.13, 0.59, 0.39, 0.31, 0.29, 0.39, 0.49, 0.43, 0.4, 1.07, 1.66, 0.73, 0.31, 0.27, 0.33, 1.08]}
{"t": 264.6, "h": 11.5, "d5": 0.357, "sm": 0.389, "d6": "tick=164428 goal=0 here=0", "l": [1.1, 0.57, 0.36, 0.31, 0.3, 0.44, 0.56, 0.46, 0.44, 1.13, 1.68, 0.7, 0.2, -1.0, 0.47, 1.05]}
{"t": 264.8, "h": 8.5, "d5": 0.358, "sm": 0.381, "d6": "tick=164449 goal=0 here=0", "l": [1.04, 0.55, 0.31, 0.32, 0.28, 0.32, 0.58, 0.48, 0.5, 1.17, 1.74, 0.7, 0.24, 0.23, 0.47, 1.01]}
{"t": 265.0, "h": 9.0, "d5": 0.351, "sm": 0.373, "d6": "tick=164470 goal=0 here=0", "l": [0.97, 1.53, 0.3, 0.29, 0.29, 0.31, 0.51, 0.51, 0.54, 1.18, 0.88, 0.22, 0.22, 0.23, 0.44, 0.97]}
{"t": 265.2, "h": 14.2, "d5": 0.348, "sm": 0.367, "d6": "tick=164490 goal=0 here=0", "l": [0.93, 1.53, 0.4, 0.27, 0.28, 0.32, 0.53, 0.56, 0.59, 1.24, 0.88, 0.27, 0.22, 0.32, 0.41, 0.92]}
{"t": 265.4, "h": 8.8, "d5": 0.349, "sm": 0.363, "d6": "tick=164511 goal=0 here=0", "l": [0.87, 1.54, 0.41, 0.23, 0.29, 0.3, 0.41, 0.65, 0.63, -1.0, 0.9, 0.26, 0.22, 0.34, 0.45, 0.89]}
{"t": 265.6, "h": 10.8, "d5": 0.332, "sm": 0.355, "d6": "tick=164532 goal=0 here=0", "l": [0.81, 1.5, 0.36, 0.23, 0.25, 0.32, 0.39, 0.72, 0.71, 1.34, 0.31, 0.22, 0.24, 0.33, 1.03, 0.85]}
{"t": 265.8, "h": 5.9, "d5": 0.328, "sm": 0.348, "d6": "tick=164552 goal=0 here=0", "l": [0.74, 1.43, 0.33, 0.32, 0.23, 0.32, 0.41, 0.78, 0.76, 1.39, 0.33, 0.24, 0.28, 0.32, 0.98, 0.79]}
{"t": 266.0, "h": 8.5, "d5": 0.348, "sm": 0.348, "d6": "tick=164574 goal=0 here=0", "l": [0.68, 1.32, 0.36, 0.33, 0.24, 0.26, 0.4, 0.84, 0.81, 1.41, 0.33, 0.25, 0.33, 0.3, 0.92, 0.74]}
{"t": 267.6, "h": 200.4, "d5": 0.327, "sm": 0.343, "d6": "tick=164725 goal=0 here=0", "l": [0.84, 1.66, 0.26, 0.3, 0.31, 0.91, 0.85, 0.7, 0.75, 1.17, 0.28, 0.33, 0.22, 0.35, 0.5, 0.73]}
{"t": 267.8, "h": 197.8, "d5": 0.341, "sm": 0.342, "d6": "tick=164747 goal=0 here=0", "l": [0.78, 1.54, 0.26, 0.25, 0.3, 0.3, 0.9, 0.78, 0.78, 1.3, 0.33, 0.29, 0.25, 0.35, 0.46, 0.72]}
{"t": 268.0, "h": 195.5, "d5": 0.345, "sm": 0.343, "d6": "tick=164768 goal=0 here=0", "l": [0.71, 1.49, 0.27, 0.22, 0.3, 0.31, 0.96, 0.81, 0.81, 1.37, 0.35, 0.26, 0.3, 0.35, 0.61, 0.67]}
{"t": 268.2, "h": 193.7, "d5": 0.337, "sm": 0.342, "d6": "tick=164789 goal=0 here=0", "l": [0.67, 1.42, 0.26, 0.19, 0.2, 0.34, 1.0, 0.86, 0.88, 1.43, 0.41, 0.25, 0.34, 0.37, 0.59, 0.63]}
{"t": 268.4, "h": 197.4, "d5": 0.358, "sm": 0.346, "d6": "tick=164810 goal=0 here=0", "l": [0.61, 1.34, 0.82, 0.2, 0.17, 0.32, 0.42, 0.88, 0.92, 1.48, 0.41, 0.27, 0.32, 0.38, 0.57, 0.59]}
{"t": 268.6, "h": 191.5, "d5": 0.359, "sm": 0.349, "d6": "tick=164831 goal=0 here=0", "l": [0.56, 1.24, 0.81, 0.22, 0.19, 0.21, 0.39, 0.93, 0.95, 1.54, 0.35, 0.33, 0.31, 0.35, 0.56, 0.56]}
{"t": 270.2, "h": 1.8, "d5": 0.356, "sm": 0.351, "d6": "tick=164989 goal=0 here=0", "l": [0.9, 1.55, 0.47, 0.32, 0.3, 0.34, 0.5, 0.57, 0.62, 1.15, 1.58, 0.79, 0.21, 0.19, 0.37, 1.06]}
{"t": 270.4, "h": 1.9, "d5": 0.363, "sm": 0.354, "d6": "tick=165011 goal=0 here=0", "l": [0.86, 1.52, 0.46, 0.28, 0.33, 0.32, 0.51, 0.65, 0.64, 1.18, 1.6, 0.22, 0.17, 0.22, 0.35, 1.03]}
{"t": 270.6, "h": 0.4, "d5": 0.361, "sm": 0.356, "d6": "tick=165032 goal=0 here=0", "l": [0.82, 1.49, 0.45, 0.33, 0.31, 0.33, 0.41, 0.72, 0.69, 1.22, 1.63, 0.23, 0.15, 0.25, 0.32, 0.95]}
{"t": 270.9, "h": 0.6, "d5": 0.336, "sm": 0.351, "d6": "tick=165058 goal=0 here=0", "l": [0.8, 1.42, 1.16, 0.42, 0.26, 0.33, 0.4, 0.78, 0.76, 1.25, 1.67, 0.2, 0.18, 0.28, 0.32, 0.93]}
{"t": 271.1, "h": 359.4, "d5": 0.349, "sm": 0.35, "d6": "tick=165078 goal=0 here=0", "l": [0.75, 0.79, 1.15, 0.38, 0.27, 0.33, 0.4, 0.83, 0.8, 1.32, 0.3, 0.18, 0.23, 0.27, 0.29, 0.85]}
{"t": 271.3, "h": 356.9, "d5": 0.343, "sm": 0.348, "d6": "tick=165099 goal=0 here=0", "l": [0.7, 0.76, 1.21, 0.36, 0.36, 0.28, 0.43, 0.73, 0.85, 1.35, 0.28, 0.23, 0.23, 0.24, 0.29, 0.83]}
{"t": 271.5, "h": 356.0, "d5": 0.34, "sm": 0.346, "d6": "tick=165120 goal=0 here=0", "l": [0.67, 0.7, 1.33, 0.39, 0.36, 0.31, 0.44, 0.75, 0.86, -1.0, 0.25, 0.25, 0.24, 0.22, 0.86, 0.77]}
{"t": 271.7, "h": 350.1, "d5": 0.346, "sm": 0.346, "d6": "tick=165141 goal=0 here=0", "l": [0.62, 0.65, 1.32, 0.99, 0.33, 0.35, 0.42, 0.63, 0.92, 1.42, 0.27, 0.28, 0.23, 0.2, 0.86, 0.73]}
{"t": 271.9, "h": 356.0, "d5": 0.334, "sm": 0.343, "d6": "tick=165161 goal=0 here=0", "l": [0.56, 0.55, 1.35, 0.95, 0.33, 0.4, 0.35, 0.64, 0.95, 1.48, 0.29, 0.29, 0.2, 0.71, 0.86, 0.67]}
{"t": 272.2, "h": 355.2, "d5": 0.353, "sm": 0.346, "d6": "tick=165187 goal=0 here=0", "l": [0.51, 0.46, 1.24, 0.91, 0.85, 0.37, 0.38, 0.65, 0.99, 1.5, 0.32, 0.24, 0.19, 0.72, 0.83, 0.61]}
{"t": 272.4, "h": 351.8, "d5": 0.332, "sm": 0.342, "d6": "tick=165208 goal=0 here=0", "l": [0.47, 0.43, 1.16, 0.95, 0.88, 0.35, 0.42, 0.65, 1.02, 1.56, 0.36, 0.21, 1.19, 0.73, 0.81, 0.56]}
{"t": 272.6, "h": 352.4, "d5": 0.319, "sm": 0.336, "d6": "tick=165228 goal=0 here=0", "l": [0.42, 0.35, 0.5, 0.95, 0.83, 0.37, 0.49, 0.66, 1.07, 1.59, 0.37, 0.2, 1.18, 0.7, 0.69, 0.48]}
{"t": 274.2, "h": 175.3, "d5": 0.34, "sm": 0.337, "d6": "tick=165386 goal=0 here=0", "l": [1.15, 0.42, 0.26, 1.3, 0.69, 0.67, 0.58, 0.42, 0.44, 0.36, 1.25, 0.93, 0.88, 0.37, 0.48, 0.8]}
{"t": 274.4, "h": 178.5, "d5": 0.341, "sm": 0.338, "d6": "tick=165409 goal=0 here=0", "l": [1.12, 0.41, 0.31, 0.2, 1.15, 0.71, 0.66, 0.49, 0.46, 0.4, 1.25, 0.91, 0.88, 0.4, 0.44, 0.76]}
{"t": 274.6, "h": 179.9, "d5": 0.368, "sm": 0.346, "d6": "tick=165429 goal=0 here=0", "l": [1.04, 0.54, 0.31, 0.2, 0.19, 0.76, 0.77, 0.56, 0.49, 0.48, -1.0, 0.93, 0.85, 0.41, 0.41, 0.7]}
{"t": 274.8, "h": 176.4, "d5": 0.371, "sm": 0.352, "d6": "tick=165450 goal=0 here=0", "l": [1.0, 1.53, 0.29, 0.23, 0.17, 0.73, 0.84, 0.65, 0.55, 0.54, 1.3, 0.96, 0.34, 0.41, 0.38, 0.69]}
{"t": 275.0, "h": 173.3, "d5": 0.366, "sm": 0.356, "d6": "tick=165476 goal=0 here=0", "l": [0.92, 1.44, 0.25, 0.27, 0.18, 0.2, 0.79, 0.74, 0.61, 0.58, 1.36, 1.01, 0.33, 0.39, 0.45, 0.64]}
{"t": 275.2, "h": 176.5, "d5": 0.377, "sm": 0.361, "d6": "tick=165496 goal=0 here=0", "l": [0.87, 1.35, 0.23, 0.23, 0.23, 0.2, 0.8, 0.76, 0.68, 0.66, 1.4, 1.0, 0.37, 0.34, 0.41, 0.59]}
{"t": 275.5, "h": 169.8, "d5": 0.396, "sm": 0.37, "d6": "tick=165517 goal=0 here=0", "l": [0.79, 1.31, 0.33, 0.21, 0.23, 0.22, 0.25, 0.85, 0.71, 0.69, 1.41, 0.43, 0.39, 0.3, 0.41, 0.71]}
{"t": 275.7, "h": 171.5, "d5": 0.398, "sm": 0.377, "d6": "tick=165538 goal=0 here=0", "l": [0.72, 0.78, 1.53, 0.19, 0.21, 0.25, 0.25, 0.89, 0.76, 0.74, 1.46, 0.38, 0.36, 0.28, 0.38, 0.69]}
{"t": 275.9, "h": 169.1, "d5": 0.383, "sm": 0.378, "d6": "tick=165559 goal=0 here=0", "l": [0.68, -1.0, 1.46, 0.23, 0.2, 0.25, 0.29, 0.94, 0.8, 0.82, 1.48, 0.38, 0.3, 0.29, 0.35, 0.63]}
{"t": 276.1, "h": 169.2, "d5": 0.395, "sm": 0.382, "d6": "tick=165580 goal=0 here=0", "l": [0.65, 0.66, 1.38, 0.27, 0.19, 0.21, 0.31, 1.0, 0.85, 0.84, 1.5, 0.41, 0.24, 0.32, 0.35, 0.59]}
{"t": 276.3, "h": 170.1, "d5": 0.408, "sm": 0.389, "d6": "tick=165600 goal=0 here=0", "l": [0.6, 0.62, 1.28, 0.86, 0.22, 0.19, 0.33, 0.39, 0.88, 0.88, 1.54, 0.43, 0.26, 0.3, 0.34, 0.54]}
{"t": 276.5, "h": 167.1, "d5": 0.411, "sm": 0.394, "d6": "tick=165621 goal=0 here=0", "l": [0.54, 0.59, 1.25, 1.78, 0.25, 0.22, 0.24, 0.41, 0.95, 0.93, 1.56, 0.41, 0.28, 0.29, 0.32, 0.52]}
{"t": 276.7, "h": 166.7, "d5": 0.418, "sm": 0.4, "d6": "tick=165642 goal=0 here=0", "l": [0.51, 0.56, 1.2, 1.76, 0.75, 0.27, 0.26, 0.46, 1.02, 0.99, 1.59, 0.26, 0.28, 0.25, 0.29, 0.48]}
{"t": 276.9, "h": 167.7, "d5": 0.406, "sm": 0.402, "d6": "tick=165662 goal=0 here=0", "l": [0.46, 0.53, 0.55, 1.6, 0.84, 0.28, 0.28, 0.47, 1.03, 1.03, 0.53, 0.3, 0.27, 0.23, 0.26, 0.44]}
{"t": 277.2, "h": 165.8, "d5": 0.438, "sm": 0.411, "d6": "tick=165687 goal=0 here=0", "l": [0.43, 0.46, 0.45, 1.48, 0.79, 0.79, 0.31, 0.5, 1.13, 1.08, 0.56, 0.32, 0.25, 0.21, 0.23, 0.36]}
{"t": 277.4, "h": 162.3, "d5": 0.438, "sm": 0.418, "d6": "tick=165708 goal=0 here=0", "l": [0.39, 0.4, 0.41, 1.3, 0.82, 0.79, 0.33, 0.41, 1.2, 1.13, 0.55, 0.33, 0.21, 0.19, 0.31, 0.35]}
{"t": 277.6, "h": 164.3, "d5": 0.437, "sm": 0.422, "d6": "tick=165729 goal=0 here=0", "l": [0.35, 0.35, 0.39, 1.26, 0.84, 0.77, 0.38, 0.41, 1.26, 1.15, 0.4, 0.25, 0.21, 0.16, 0.28, 0.29]}
{"t": 278.6, "h": 249.9, "d5": 0.435, "sm": 0.426, "d6": "tick=165829 goal=0 here=0", "l": [1.97, 0.81, 0.41, 0.4, 1.33, 1.12, 0.39, 0.27, 0.2, 0.19, 0.25, -1.0, 0.38, 0.29, 0.36, 1.13]}
{"t": 278.8, "h": 243.1, "d5": 0.428, "sm": 0.426, "d6": "tick=165852 goal=0 here=0", "l": [1.95, 0.76, 0.45, 0.39, 0.75, 1.13, 0.66, 0.38, 0.26, -1.0, 0.31, 0.36, 0.33, 0.33, 0.35, 1.08]}
{"t": 279.0, "h": 245.0, "d5": 0.453, "sm": 0.433, "d6": "tick=165872 goal=0 here=0", "l": [1.9, 0.76, 0.69, 0.33, 0.63, 1.19, 1.79, 0.44, 0.32, 0.25, 0.35, 0.42, 0.27, 0.34, 0.3, 1.03]}
{"t": 279.2, "h": 244.5, "d5": 0.464, "sm": 0.441, "d6": "tick=165893 goal=0 here=0", "l": [1.81, 0.73, 0.75, 0.3, 0.4, 1.24, 1.83, 0.49, 0.36, 0.32, 0.36, 0.43, 0.28, 0.3, 0.27, 0.99]}
{"t": 279.4, "h": 245.8, "d5": 0.468, "sm": 0.448, "d6": "tick=165913 goal=0 here=0", "l": [1.75, 0.66, 0.69, 0.33, 0.34, 1.26, 1.87, 0.54, 0.42, 0.37, 0.39, 0.41, 0.32, 0.27, 0.26, 0.96]}
{"t": 279.6, "h": 244.6, "d5": 0.478, "sm": 0.455, "d6": "tick=165934 goal=0 here=0", "l": [1.68, 0.59, 0.62, 0.48, 0.3, 1.26, 1.89, -1.0, 0.45, 0.43, 0.42, 0.3, 0.31, 0.21, 0.24, 0.91]}
{"t": 279.8, "h": 243.8, "d5": 0.488, "sm": 0.463, "d6": "tick=165955 goal=0 here=0", "l": [1.42, 0.53, 0.54, 0.54, 0.3, 0.42, 1.35, 0.63, 0.52, 0.5, 0.51, 0.3, 0.27, 0.2, 0.7, 0.89]}
{"t": 280.0, "h": 242.7, "d5": 0.51, "sm": 0.475, "d6": "tick=165976 goal=0 here=0", "l": [1.38, 0.49, 0.51, 0.56, 0.33, 0.29, 1.36, 0.92, 0.56, 0.53, 0.56, 0.34, 0.18, 0.17, 0.68, 0.83]}
{"t": 280.2, "h": 241.7, "d5": 0.517, "sm": 0.486, "d6": "tick=165996 goal=0 here=0", "l": [-1.0, 0.46, 0.5, 0.59, 0.42, 0.32, 1.33, 0.94, 0.63, 0.59, 0.61, -1.0, 0.17, 0.18, 0.65, 0.78]}
{"t": 280.5, "h": 241.7, "d5": 0.527, "sm": 0.496, "d6": "tick=166022 goal=0 here=0", "l": [1.29, 0.43, 0.49, 0.55, 0.49, 0.36, 1.34, 1.01, 0.66, 0.64, 0.41, 0.19, 0.15, 0.32, 0.62, 0.76]}
{"t": 280.7, "h": 238.9, "d5": 0.528, "sm": 0.504, "d6": "tick=166043 goal=0 here=0", "l": [1.18, 0.37, 0.4, 0.43, 0.51, 0.41, 0.36, 2.04, 0.74, 0.69, 0.43, 0.17, 0.26, -1.0, 0.59, 0.71]}
{"t": 280.9, "h": 237.6, "d5": 0.559, "sm": 0.518, "d6": "tick=166063 goal=0 here=0", "l": [1.14, 1.38, 0.33, 0.43, 0.54, 0.47, 0.41, 2.17, 0.8, 0.74, 0.43, 0.2, 0.27, 0.6, 0.6, 0.67]}
{"t": 281.1, "h": 234.3, "d5": 0.567, "sm": 0.53, "d6": "tick=166085 goal=0 here=0", "l": [1.03, 1.35, 0.29, 0.4, 0.54, 0.52, 0.42, 2.25, 0.85, 0.79, 0.26, 0.24, 0.31, 0.56, 0.57, 0.63]}
{"t": 281.3, "h": 239.6, "d5": 0.587, "sm": 0.544, "d6": "tick=166105 goal=0 here=0", "l": [0.94, 1.31, 0.25, 0.3, 0.4, 0.54, 0.46, 2.33, 0.97, 0.82, 0.22, 0.29, 0.3, 0.54, 0.54, 0.61]}
{"t": 281.5, "h": 231.4, "d5": 0.604, "sm": 0.559, "d6": "tick=166126 goal=0 here=0", "l": [0.86, 1.27, 1.16, 0.23, 0.39, 0.57, 0.51, 2.3, 1.01, 0.85, 0.28, 0.3, 0.52, 0.48, 0.51, 0.56]}
{"t": 281.8, "h": 233.0, "d5": 0.614, "sm": 0.573, "d6": "tick=166147 goal=0 here=0", "l": [-1.0, 1.2, 1.16, 0.21, 0.36, 0.6, 0.56, 0.59, 1.06, 0.91, 0.32, 0.34, 0.54, 0.45, 0.46, 0.54]}
{"t": 282.0, "h": 230.2, "d5": 0.628, "sm": 0.587, "d6": "tick=166168 goal=0 here=0", "l": [0.73, 1.18, 0.87, 1.26, 0.23, 0.42, 0.6, 0.6, 1.11, 0.97, 0.38, 0.35, 0.58, 0.42, 0.43, 0.5]}
{"t": 282.2, "h": 232.4, "d5": 0.643, "sm": 0.601, "d6": "tick=166188 goal=0 here=0", "l": [0.66, 1.19, 0.7, 1.21, 0.8, 0.42, 0.65, 0.63, 1.16, 1.01, 0.4, 0.4, 0.54, 0.41, 0.38, 0.46]}
{"t": 282.4, "h": 231.7, "d5": 0.651, "sm": 0.613, "d6": "tick=166210 goal=0 here=0", "l": [0.62, 1.16, 1.04, 1.18, 0.83, 0.21, 0.68, 0.68, 1.21, 1.05, 0.4, 0.48, 0.52, 0.4, 0.36, 0.44]}
{"t": 282.6, "h": 230.0, "d5": 0.677, "sm": 0.629, "d6": "tick=166230 goal=0 here=0", "l": [0.56, 1.03, 0.99, 1.16, 1.56, 0.69, 0.69, 0.71, 1.26, 1.08, 0.45, 0.55, 0.43, 0.38, 0.32, 0.39]}
{"t": 282.8, "h": 229.0, "d5": 0.689, "sm": 0.644, "d6": "tick=166251 goal=0 here=0", "l": [0.49, 0.8, 0.99, 1.07, 1.49, 0.71, 0.26, 0.76, 1.3, 1.13, 0.45, 0.6, 0.38, 0.33, 0.28, 0.35]}
{"t": 283.0, "h": 227.0, "d5": 0.683, "sm": 0.654, "d6": "tick=166272 goal=0 here=0", "l": [0.47, 0.72, 0.99, 0.57, 1.3, 0.8, 0.44, 0.79, 1.53, 0.56, 0.48, 0.6, 0.39, 0.27, 0.24, 0.3]}
{"t": 283.8, "h": 306.3, "d5": 0.698, "sm": 0.665, "d6": "tick=166353 goal=0 here=0", "l": [1.13, 1.87, 0.77, 0.8, 0.85, 1.23, 0.56, 0.55, 0.42, 0.33, 0.25, 0.28, 0.29, 0.54, 0.97, 0.83]}
{"t": 284.0, "h": 304.4, "d5": 0.685, "sm": 0.67, "d6": "tick=166375 goal=0 here=0", "l": [1.09, 1.84, 0.73, 0.38, 0.85, 1.28, 0.59, 0.59, 0.46, 0.35, 0.28, 0.32, 0.31, 0.65, 0.91, 0.77]}
{"t": 284.2, "h": 306.5, "d5": 0.711, "sm": 0.68, "d6": "tick=166396 goal=0 here=0", "l": [1.03, 1.57, 0.66, 0.4, 0.79, 1.37, 0.61, 0.58, 0.54, 0.38, 0.29, 0.33, 0.42, 0.64, 0.88, 0.72]}
{"t": 284.4, "h": 303.0, "d5": 0.702, "sm": 0.686, "d6": "tick=166416 goal=0 here=0", "l": [0.99, 1.48, 0.66, 0.69, 0.36, 1.41, 0.67, 0.59, 0.69, 0.4, 0.36, 0.33, 0.45, 0.64, 0.84, 0.69]}
{"t": 284.7, "h": 303.9, "d5": 0.706, "sm": 0.691, "d6": "tick=166437 goal=0 here=0", "l": [0.93, 1.4, 0.67, 0.67, 0.38, 1.42, 1.25, 0.64, 0.76, 0.43, 0.38, 0.34, 0.47, 0.61, 0.82, 0.45]}
{"t": 284.9, "h": 302.6, "d5": 0.718, "sm": 0.698, "d6": "tick=166459 goal=0 here=0", "l": [0.88, 1.3, 0.67, 0.68, 0.39, 0.32, 1.32, 0.7, 0.83, 0.47, 0.42, 0.39, 0.49, 0.61, 0.79, 0.41]}
{"t": 285.1, "h": 301.5, "d5": 0.721, "sm": 0.703, "d6": "tick=166479 goal=0 here=0", "l": [0.84, 1.22, 0.6, 0.59, 0.57, 0.37, 1.32, 0.77, 0.91, 0.49, 0.44, 0.44, 0.54, 0.75, 0.77, 0.33]}
{"t": 285.8, "h": 3.2, "d5": 0.709, "sm": 0.705, "d6": "tick=166553 goal=0 here=0", "l": [0.56, 0.65, 0.38, 0.29, 0.8, 0.88, 0.6, 0.46, 0.41, 0.48, 0.58, 0.74, 0.7, 0.75, 1.0, 1.84]}
{"t": 286.0, "h": 2.9, "d5": 0.678, "sm": 0.698, "d6": "tick=166576 goal=0 here=0", "l": [0.53, 0.58, 0.35, 0.3, 0.79, 0.86, 0.67, 0.49, 0.45, 0.52, 0.62, 0.75, 0.34, 0.76, 0.99, 1.83]}
{"t": 286.2, "h": 1.7, "d5": 0.693, "sm": 0.697, "d6": "tick=166596 goal=0 here=0", "l": [0.47, 0.56, 0.34, 0.33, 1.29, 0.78, 0.71, 0.54, 0.48, 0.57, 0.66, 0.77, 0.44, 0.76, 0.98, 0.55]}
{"t": 286.5, "h": 359.3, "d5": 0.671, "sm": 0.69, "d6": "tick=166617 goal=0 here=0", "l": [0.43, 0.51, 0.46, 0.32, 0.27, 0.78, 0.78, 0.6, 0.52, 0.61, 0.83, 0.81, 0.74, 0.76, 0.93, 0.49]}
{"t": 286.7, "h": 353.8, "d5": 0.668, "sm": 0.685, "d6": "tick=166638 goal=0 here=0", "l": [0.39, 0.47, 0.43, 0.28, 0.31, 0.81, 0.95, 0.64, 0.57, 0.69, 0.9, 0.27, 0.71, 0.75, 0.9, 0.43]}
{"t": 286.9, "h": 359.7, "d5": 0.657, "sm": 0.678, "d6": "tick=166659 goal=0 here=0", "l": [0.35, 0.42, 0.42, 0.31, 0.29, 0.32, 1.04, 0.7, 0.62, 0.72, 0.92, 0.44, 0.68, 0.71, 0.87, 0.38]}
{"t": 288.4, "h": 189.3, "d5": 0.672, "sm": 0.676, "d6": "tick=166806 goal=0 here=0", "l": [0.67, 0.77, 0.28, 0.71, 0.71, 0.82, 1.18, 0.41, 0.31, 0.43, 0.4, 0.26, 0.31, 0.91, 0.81, 0.7]}
{"t": 288.6, "h": 192.4, "d5": 0.67, "sm": 0.675, "d6": "tick=166828 goal=0 here=0", "l": [-1.0, 0.77, 0.9, 0.44, 0.65, 0.78, 1.17, 0.42, 0.35, 0.46, 0.41, 0.28, 0.31, 0.93, 0.79, 0.66]}
{"t": 288.8, "h": 186.5, "d5": 0.68, "sm": 0.676, "d6": "tick=166849 goal=0 here=0", "l": [0.62, 0.7, 0.91, 0.39, 0.62, 0.75, 1.14, 0.45, 0.38, 0.49, 0.42, 0.31, 0.33, 0.94, 0.74, 0.62]}
{"t": 289.0, "h": 185.3, "d5": 0.69, "sm": 0.68, "d6": "tick=166875 goal=0 here=0", "l": [0.56, 0.66, 0.81, 0.75, 0.67, 0.77, 1.12, 0.51, 0.45, 0.58, 0.34, 0.34, 0.83, 0.95, 0.66, 0.55]}
{"t": 289.3, "h": 187.3, "d5": 0.697, "sm": 0.684, "d6": "tick=166901 goal=0 here=0", "l": [0.5, 0.54, 0.77, 0.77, 0.28, 0.77, 0.99, 0.57, 0.52, 0.63, 0.38, 0.35, 0.83, 0.92, 0.57, 0.49]}
{"t": 289.5, "h": 184.1, "d5": 0.725, "sm": 0.694, "d6": "tick=166922 goal=0 here=0", "l": [0.44, 0.48, 0.57, 0.69, 0.66, 0.7, 1.0, 2.12, 0.55, 0.69, 0.43, 1.37, 0.82, 0.92, 0.51, 0.4]}
{"t": 289.7, "h": 178.7, "d5": 0.736, "sm": 0.705, "d6": "tick=166942 goal=0 here=0", "l": [0.39, 0.43, 0.52, 0.66, 0.64, 0.31, 1.02, 2.1, 0.6, 0.74, 0.46, 1.39, 0.81, 0.89, 0.45, 0.36]}
{"t": 289.9, "h": 185.9, "d5": 0.74, "sm": 0.713, "d6": "tick=166963 goal=0 here=0", "l": [0.35, 0.35, 0.48, 0.75, 0.67, 0.34, 0.93, 1.88, 0.66, 0.76, 0.49, 1.4, 0.77, 0.69, 0.4, 0.29]}
{"t": 290.8, "h": 103.1, "d5": 0.765, "sm": 0.726, "d6": "tick=167051 goal=0 here=0", "l": [0.86, 0.57, 0.36, 0.28, 0.36, 0.41, 0.49, 0.67, 0.69, 0.31, 1.13, 0.7, 0.74, 0.49, 1.57, 0.85]}
{"t": 291.0, "h": 97.8, "d5": 0.755, "sm": 0.734, "d6": "tick=167074 goal=0 here=0", "l": [0.8, 0.57, 0.34, 0.27, 0.32, 0.38, 0.51, 0.7, 0.7, 0.37, 1.15, 0.75, 0.78, 0.49, 1.53, 0.79]}
{"t": 291.2, "h": 101.1, "d5": 0.737, "sm": 0.734, "d6": "tick=167094 goal=0 here=0", "l": [0.74, 0.53, 0.33, 0.3, 0.26, 0.36, 0.55, 0.76, 0.76, 0.39, 1.35, 0.76, 0.76, 0.45, 1.49, 0.75]}
{"t": 291.4, "h": 99.1, "d5": 0.727, "sm": 0.733, "d6": "tick=167115 goal=0 here=0", "l": [0.67, 0.52, 0.31, 0.29, 0.24, 0.4, 0.53, 0.86, 0.8, 0.43, 1.41, 0.77, 0.75, 0.42, 1.46, 0.71]}
{"t": 291.7, "h": 99.3, "d5": 0.715, "sm": 0.728, "d6": "tick=167144 goal=0 here=0", "l": [0.6, 0.49, 0.33, 0.27, 0.26, 0.27, 0.49, 0.94, 0.83, 0.46, 1.46, 0.76, 0.75, 0.87, 1.4, 0.66]}
{"t": 291.9, "h": 97.0, "d5": 0.716, "sm": 0.725, "d6": "tick=167165 goal=0 here=0", "l": [0.54, 0.61, 0.35, 0.24, 0.26, 0.3, 0.46, 0.93, 0.91, 1.02, 1.49, 0.74, 0.47, 0.83, 1.4, 0.6]}
{"t": 292.1, "h": 94.2, "d5": 0.708, "sm": 0.721, "d6": "tick=167186 goal=0 here=0", "l": [0.47, 0.59, 0.36, 0.27, 0.25, 0.29, 0.46, 0.94, 0.95, 1.07, 1.54, 0.74, 0.4, -1.0, 1.36, 0.57]}
{"t": 292.3, "h": 93.4, "d5": 0.7, "sm": 0.716, "d6": "tick=167206 goal=0 here=0", "l": [0.43, 0.55, -1.0, 0.28, 0.21, 0.29, 0.34, 0.76, 1.02, 1.14, 1.57, -1.0, 0.78, 0.78, 1.3, 0.52]}
{"t": 292.6, "h": 96.9, "d5": 0.693, "sm": 0.71, "d6": "tick=167227 goal=0 here=0", "l": [0.38, 0.48, 0.3, 0.28, 0.22, 0.25, 0.34, 0.79, 1.08, 1.16, 1.61, 0.82, 0.81, 0.8, 1.28, 0.46]}
{"t": 292.8, "h": 94.3, "d5": 0.689, "sm": 0.705, "d6": "tick=167248 goal=0 here=0", "l": [0.32, 0.44, 0.34, 0.29, 0.25, 0.26, 0.38, 0.83, 1.15, -1.0, 1.62, 0.32, 0.8, 0.79, 1.24, 0.42]}
{"t": 294.2, "h": 303.9, "d5": 0.683, "sm": 0.699, "d6": "tick=167385 goal=0 here=0", "l": [1.33, 0.95, 0.57, 0.77, 2.54, 1.02, 0.36, 0.35, 0.44, 0.27, 0.28, 0.25, 0.27, 0.42, 1.17, 0.98]}
{"t": 294.4, "h": 305.0, "d5": 0.686, "sm": 0.696, "d6": "tick=167407 goal=0 here=0", "l": [1.25, 0.9, 0.33, 0.76, 2.62, 1.11, 0.41, 0.36, 0.49, 0.3, 0.31, 0.27, 0.34, 0.41, 1.16, 0.95]}
{"t": 294.6, "h": 305.3, "d5": 0.678, "sm": 0.691, "d6": "tick=167428 goal=0 here=0", "l": [1.19, 0.86, 0.76, 0.75, 0.79, 1.17, 0.47, 0.39, 0.53, 0.34, 0.31, 0.28, 0.38, 0.57, 1.12, 0.92]}
{"t": 294.8, "h": 302.7, "d5": 0.691, "sm": 0.691, "d6": "tick=167449 goal=0 here=0", "l": [1.13, 0.82, 0.73, 0.73, 0.73, 1.26, 0.52, 0.44, 0.59, 0.39, 0.34, 0.3, 0.39, 0.59, 1.07, 0.87]}
{"t": 295.0, "h": 296.6, "d5": 0.694, "sm": 0.692, "d6": "tick=167470 goal=0 here=0", "l": [1.08, 1.58, 0.67, 0.32, 0.72, 1.31, 1.11, 0.48, 0.64, 0.42, 0.33, 0.36, 0.36, 0.61, 1.02, 0.8]}
{"t": 295.2, "h": 300.7, "d5": 0.691, "sm": 0.692, "d6": "tick=167491 goal=0 here=0", "l": [1.05, 1.49, 0.62, 0.35, 0.71, 1.35, 1.18, 0.54, 0.68, 0.48, 0.37, 0.41, 0.37, 0.65, 0.97, 0.77]}
{"t": 295.4, "h": 299.6, "d5": 0.697, "sm": 0.693, "d6": "tick=167511 goal=0 here=0", "l": [0.99, 1.37, 0.6, 0.61, 0.3, 1.5, 1.21, 0.6, -1.0, 0.53, 0.37, 0.42, 0.47, 0.69, 0.89, 0.53]}
{"t": 296.7, "h": 86.8, "d5": 0.702, "sm": 0.695, "d6": "tick=167641 goal=0 here=0", "l": [0.61, 0.59, 0.59, 0.43, 0.39, 0.37, 0.56, 0.89, 0.89, 0.86, 1.18, 0.69, 0.66, 0.32, 0.2, 1.27]}
{"t": 296.9, "h": 85.9, "d5": 0.69, "sm": 0.694, "d6": "tick=167664 goal=0 here=0", "l": [0.58, 0.56, 0.66, 0.45, 0.39, 0.37, 0.54, 0.93, 0.93, 0.89, 1.19, 0.72, 0.67, 0.29, 0.73, 1.22]}
{"t": 297.1, "h": 85.2, "d5": 0.675, "sm": 0.689, "d6": "tick=167684 goal=0 here=0", "l": [0.52, 0.5, 0.68, 0.48, 0.37, 0.44, 0.57, 0.79, 1.01, 0.93, 1.24, 0.72, 0.63, 0.66, 0.74, 1.17]}
{"t": 297.3, "h": 84.4, "d5": 0.664, "sm": 0.683, "d6": "tick=167705 goal=0 here=0", "l": [0.46, 0.46, 0.61, 0.44, 0.38, 0.41, 0.49, 0.81, 1.07, 0.98, 1.27, 0.69, 0.14, 0.68, 0.71, 1.13]}
{"t": 297.5, "h": 88.1, "d5": 0.663, "sm": 0.678, "d6": "tick=167726 goal=0 here=0", "l": [0.43, 0.41, 0.57, 0.45, 0.44, 0.4, 0.48, 0.82, 1.13, 1.05, 1.29, 0.63, 0.4, 0.64, 0.71, 1.09]}
{"t": 297.7, "h": 84.9, "d5": 0.632, "sm": 0.666, "d6": "tick=167747 goal=0 here=0", "l": [0.4, 0.38, 0.51, 0.52, 0.44, 0.4, 0.48, 0.89, 1.15, 1.08, 1.32, 0.19, 0.61, 0.63, 2.44, 1.04]}
{"t": 298.0, "h": 78.3, "d5": 0.635, "sm": 0.659, "d6": "tick=167767 goal=0 here=0", "l": [0.38, 0.34, 0.34, 0.53, 0.43, 0.44, 0.54, 0.85, 1.2, 1.13, 0.18, 0.27, 0.61, 0.59, 2.4, 0.99]}
{"t": 299.5, "h": 250.9, "d5": 0.632, "sm": 0.652, "d6": "tick=167919 goal=0 here=0", "l": [1.17, 1.14, 1.24, 0.22, 0.42, 0.61, 0.57, 1.26, 0.9, 0.36, 0.33, 0.51, 0.47, 0.46, 0.44, 0.56]}
{"t": 299.7, "h": 247.5, "d5": 0.65, "sm": 0.651, "d6": "tick=167942 goal=0 here=0", "l": [1.11, 1.1, 1.19, 0.16, 0.4, 0.62, 0.6, 1.32, 0.93, 0.39, 0.36, 0.54, 0.43, 0.42, 0.45, 0.55]}
{"t": 299.9, "h": 245.0, "d5": 0.652, "sm": 0.652, "d6": "tick=167963 goal=0 here=0", "l": [1.07, 1.06, 1.17, 1.5, 0.17, 0.62, 0.63, 1.37, 0.99, 0.42, 0.38, 0.57, 0.41, 0.41, 0.4, 0.52]}
{"t": 300.1, "h": 245.1, "d5": 0.677, "sm": 0.658, "d6": "tick=167983 goal=0 here=0", "l": [0.84, 1.01, 1.07, 1.45, 0.64, 0.24, 0.66, 1.45, 1.03, 0.47, 0.44, 0.59, 0.41, 0.35, 0.42, 0.56]}
{"t": 300.3, "h": 249.6, "d5": 0.679, "sm": 0.663, "d6": "tick=168004 goal=0 here=0", "l": [0.77, 1.0, 0.99, 1.27, 0.71, -1.0, 0.72, 2.25, 1.1, 0.5, 0.5, 0.59, 0.41, 0.34, 0.39, 0.56]}
{"t": 300.5, "h": 241.7, "d5": 0.716, "sm": 0.676, "d6": "tick=168025 goal=0 here=0", "l": [0.69, 1.02, 0.51, 1.24, 0.8, 0.72, 0.76, 2.35, 1.15, 0.57, 0.59, 0.46, 0.38, 0.31, 0.36, 0.49]}
{"t": 301.5, "h": 323.7, "d5": 0.713, "sm": 0.686, "d6": "tick=168120 goal=0 here=0", "l": [1.62, 0.7, 0.34, 0.76, 1.31, 0.55, 0.49, 0.66, 0.42, 0.3, 0.35, 0.36, 0.68, 0.95, 0.59, 1.07]}
{"t": 301.7, "h": 326.2, "d5": 0.721, "sm": 0.694, "d6": "tick=168143 goal=0 here=0", "l": [1.56, 0.65, 0.33, 0.75, 1.31, 1.11, 0.54, 0.7, -1.0, 0.36, 0.38, 0.45, 0.72, 0.92, 0.52, 1.06]}
{"t": 301.9, "h": 320.9, "d5": 0.704, "sm": 0.697, "d6": "tick=168164 goal=0 here=0", "l": [1.48, 0.58, 0.57, 0.25, 1.31, 1.19, 0.59, 0.72, 0.48, 0.38, 0.4, 0.54, 0.69, 0.91, 0.47, 1.0]}
{"t": 302.1, "h": 328.0, "d5": 0.7, "sm": 0.698, "d6": "tick=168184 goal=0 here=0", "l": [1.41, 0.54, 0.57, 0.28, 0.17, 1.21, 0.63, 0.75, 0.57, 0.44, 0.45, 0.56, 0.72, 0.91, 0.63, 0.95]}
{"t": 302.3, "h": 322.6, "d5": 0.698, "sm": 0.698, "d6": "tick=168205 goal=0 here=0", "l": [1.38, 0.54, 0.55, 0.26, 0.22, 0.16, 0.69, 0.78, 0.62, 0.48, 0.45, 0.58, 0.75, 0.89, 0.82, 0.9]}
{"t": 302.5, "h": 320.0, "d5": 0.687, "sm": 0.695, "d6": "tick=168226 goal=0 here=0", "l": [1.29, 0.52, 0.55, 0.42, 0.25, 0.19, 0.7, 0.81, 0.67, 0.51, 0.49, 0.63, 0.9, 0.89, 0.77, 0.89]}
{"t": 302.7, "h": 324.0, "d5": 0.696, "sm": 0.695, "d6": "tick=168247 goal=0 here=0", "l": [1.22, 0.48, 0.45, 0.45, 0.25, 0.27, 0.21, 0.75, 0.71, 0.56, 0.52, 0.67, 0.92, 0.83, 0.72, 0.83]}
{"t": 303.0, "h": 320.5, "d5": 0.678, "sm": 0.691, "d6": "tick=168267 goal=0 here=0", "l": [1.13, 0.46, 0.39, 0.46, 0.36, 0.27, 0.27, 0.78, 0.77, 0.61, 0.6, -1.0, 0.93, 0.32, 0.72, 0.78]}
{"t": 303.3, "h": 319.0, "d5": 0.688, "sm": 0.69, "d6": "tick=168298 goal=0 here=0", "l": [1.05, 0.4, 0.33, 0.45, 0.42, 0.27, 0.33, 0.81, 0.83, 0.68, -1.0, 0.77, 0.96, 0.44, 0.66, 0.74]}
{"t": 303.5, "h": 318.2, "d5": 0.67, "sm": 0.685, "d6": "tick=168318 goal=0 here=0", "l": [1.01, 0.34, 0.32, 0.38, 0.43, 0.39, 0.33, 0.35, 0.91, 0.72, 0.72, 0.78, 0.26, 0.44, 0.61, 0.67]}
{"t": 304.9, "h": 170.6, "d5": 0.681, "sm": 0.684, "d6": "tick=168459 goal=0 here=0", "l": [0.67, 0.73, 0.91, 0.41, 0.63, 0.66, 0.79, 1.16, 0.34, 0.28, 0.41, 0.42, 0.3, 0.39, 1.07, 0.83]}
{"t": 305.1, "h": 168.9, "d5": 0.687, "sm": 0.685, "d6": "tick=168482 goal=0 here=0", "l": [0.63, 0.68, 0.75, 0.38, 0.66, 0.67, 0.77, 1.16, 0.36, 0.32, 0.47, 0.44, 0.31, 0.36, 1.05, 0.79]}
{"t": 305.3, "h": 169.9, "d5": 0.693, "sm": 0.687, "d6": "tick=168503 goal=0 here=0", "l": [0.58, 0.64, 0.69, 0.78, 0.41, 0.61, 0.73, 1.2, 0.44, 0.38, 0.49, 0.44, 0.34, 0.33, 1.02, 0.71]}
{"t": 305.5, "h": 165.6, "d5": 0.693, "sm": 0.688, "d6": "tick=168523 goal=0 here=0", "l": [0.57, 0.61, 0.67, 0.87, 0.37, 0.63, 0.74, 1.17, 0.46, 0.4, 0.52, 0.34, 0.34, 0.84, 0.98, 0.67]}
{"t": 305.7, "h": 166.6, "d5": 0.718, "sm": 0.696, "d6": "tick=168544 goal=0 here=0", "l": [0.53, 0.57, 0.65, 0.86, 0.71, 0.66, 0.76, 1.15, 0.49, 0.44, 0.6, 0.33, 0.34, 0.83, 0.95, 0.62]}
{"t": 305.9, "h": 165.6, "d5": 0.725, "sm": 0.703, "d6": "tick=168565 goal=0 here=0", "l": [0.49, 0.51, 0.6, 0.79, 0.78, 0.27, 0.79, 1.17, 0.57, 0.49, 0.58, 0.38, 0.31, 0.81, 0.92, 0.55]}
{"t": 306.1, "h": 167.2, "d5": 0.744, "sm": 0.713, "d6": "tick=168586 goal=0 here=0", "l": [0.42, 0.46, 0.52, 0.76, 0.77, 0.32, 0.84, 1.08, 0.6, 0.56, 0.6, 0.39, 1.32, 0.78, 0.9, 0.53]}
{"t": 306.3, "h": 165.1, "d5": 0.741, "sm": 0.72, "d6": "tick=168606 goal=0 here=0", "l": [0.4, 0.37, 0.43, 0.58, 0.73, 0.72, 0.79, 1.07, 0.66, 0.62, 0.59, 0.38, 1.34, 0.75, 0.86, 0.47]}
{"t": 306.6, "h": 163.2, "d5": 0.75, "sm": 0.728, "d6": "tick=168627 goal=0 here=0", "l": [0.36, 0.29, 0.39, 0.54, 0.81, 0.71, 0.35, 1.12, 0.69, 0.69, 0.49, 0.34, 1.34, 0.7, 0.82, 0.41]}
{"t": 307.3, "h": 98.9, "d5": 0.75, "sm": 0.733, "d6": "tick=168701 goal=0 here=0", "l": [0.75, 0.57, 0.38, 0.32, 0.32, 0.41, 0.56, 0.74, 0.63, 0.33, 1.35, 0.72, 0.73, 0.46, 1.49, 0.76]}
{"t": 307.5, "h": 99.5, "d5": 0.763, "sm": 0.741, "d6": "tick=168723 goal=0 here=0", "l": [0.67, 0.54, 0.37, 0.33, 0.3, 0.43, 0.56, 0.78, 0.78, 0.93, 1.37, 0.75, 0.71, 0.41, 1.48, 0.71]}
{"t": 307.7, "h": 97.3, "d5": 0.744, "sm": 0.742, "d6": "tick=168744 goal=0 here=0", "l": [0.61, 0.55, 0.36, 0.32, 0.27, 0.4, 0.59, 0.89, 0.84, 0.96, 1.4, 0.75, 0.73, 0.38, 1.4, 0.67]}
{"t": 307.9, "h": 94.5, "d5": 0.732, "sm": 0.739, "d6": "tick=168765 goal=0 here=0", "l": [0.57, 0.69, 0.4, 0.31, 0.3, 0.3, 0.54, 0.93, 0.87, 1.03, 1.45, 0.72, 0.74, 0.83, 1.4, 0.64]}
{"t": 308.1, "h": 98.9, "d5": 0.734, "sm": 0.738, "d6": "tick=168786 goal=0 here=0", "l": [0.52, 0.64, 0.4, 0.27, 0.32, 0.32, 0.5, 0.99, 0.9, 1.06, 1.47, 0.7, 0.42, 0.79, 1.38, 0.58]}
{"t": 308.3, "h": 96.7, "d5": 0.7, "sm": 0.728, "d6": "tick=168806 goal=0 here=0", "l": [0.45, 0.58, 0.37, 0.28, 0.26, 0.33, 0.51, 0.97, 0.96, 1.1, 1.52, 0.71, 0.36, 0.76, 1.33, 0.55]}
{"t": 308.6, "h": 96.5, "d5": 0.708, "sm": 0.723, "d6": "tick=168827 goal=0 here=0", "l": [0.42, 0.54, 0.33, 0.33, 0.27, 0.34, 0.37, 0.81, -1.0, 1.15, 1.56, 0.77, 0.75, 0.77, 1.3, 0.5]}
{"t": 308.8, "h": 94.6, "d5": 0.694, "sm": 0.716, "d6": "tick=168848 goal=0 here=0", "l": [0.38, 0.5, 0.37, 0.31, 0.27, 0.28, 0.4, 0.83, 1.09, 1.17, 1.59, 0.79, 0.75, 0.74, 1.26, 0.45]}
{"t": 309.0, "h": 97.5, "d5": 0.668, "sm": 0.704, "d6": "tick=168868 goal=0 here=0", "l": [0.35, 0.44, 0.41, 0.3, 0.28, 0.27, 0.41, 0.84, 1.11, 1.24, 1.63, 0.32, 0.77, 0.75, 1.22, 0.4]}
{"t": 310.3, "h": 309.0, "d5": 0.675, "sm": 0.697, "d6": "tick=169003 goal=0 here=0", "l": [1.41, 0.78, 0.74, 0.72, 1.47, 1.01, 0.35, 0.34, 0.48, 0.3, 0.31, 0.28, 0.37, 0.63, 1.09, 0.75]}
{"t": 310.5, "h": 304.7, "d5": 0.674, "sm": 0.691, "d6": "tick=169026 goal=0 here=0", "l": [1.36, 0.78, 0.52, 0.71, 2.47, 1.05, 0.41, 0.37, 0.51, 0.33, 0.33, 0.29, -1.0, 0.64, 1.09, 0.71]}
{"t": 310.8, "h": 308.6, "d5": 0.701, "sm": 0.694, "d6": "tick=169047 goal=0 here=0", "l": [1.28, 0.84, 0.25, 0.72, 2.57, 1.11, 0.45, 0.4, 0.56, 0.38, 0.36, 0.33, 0.4, 0.7, 1.05, 0.65]}
{"t": 311.0, "h": 307.4, "d5": 0.693, "sm": 0.693, "d6": "tick=169073 goal=0 here=0", "l": [1.16, 0.76, 0.7, 0.68, 0.71, 1.21, 0.5, 0.47, 0.59, 0.42, 0.38, 0.36, 0.41, 0.77, 1.01, 0.59]}
{"t": 311.2, "h": 305.6, "d5": 0.685, "sm": 0.691, "d6": "tick=169094 goal=0 here=0", "l": [1.11, 0.7, 0.67, 0.25, 0.69, 1.26, 1.07, 0.51, 0.65, 0.47, 0.38, 0.42, 0.45, 0.75, 0.97, 0.54]}
{"t": 311.4, "h": 302.5, "d5": 0.685, "sm": 0.69, "d6": "tick=169115 goal=0 here=0", "l": [1.04, 0.7, 0.58, 0.29, 0.14, 1.28, 1.17, 0.58, 0.71, 0.51, 0.43, 0.45, 0.55, 0.76, 0.96, 0.68]}
{"t": 311.7, "h": 299.3, "d5": 0.692, "sm": 0.69, "d6": "tick=169141 goal=0 here=0", "l": [0.98, 1.44, 0.52, 0.57, 0.26, 0.14, 1.18, 0.64, 0.75, 0.56, 0.45, 0.45, 0.58, 0.73, 0.92, 0.64]}
{"t": 313.1, "h": 89.2, "d5": 0.714, "sm": 0.696, "d6": "tick=169281 goal=0 here=0", "l": [0.63, 0.6, 0.65, 0.49, 0.47, 0.48, 0.71, 0.98, 0.51, 0.92, 1.12, 0.64, 0.61, 0.27, 0.23, 1.25]}
{"t": 313.3, "h": 89.6, "d5": 0.681, "sm": 0.692, "d6": "tick=169304 goal=0 here=0", "l": [0.59, 0.58, 0.72, 0.52, 0.44, 0.47, 0.66, 1.03, 0.9, 0.97, 1.15, 0.63, 0.6, 0.23, 0.14, 1.18]}
{"t": 313.5, "h": 89.7, "d5": 0.688, "sm": 0.691, "d6": "tick=169324 goal=0 here=0", "l": [0.57, 0.55, 0.73, 0.54, 0.44, 0.47, 0.66, 1.08, 0.92, 1.01, 1.18, 0.59, 0.59, 0.21, 0.09, 1.15]}
{"t": 313.7, "h": 83.6, "d5": 0.676, "sm": 0.687, "d6": "tick=169345 goal=0 here=0", "l": [1.08, 0.55, 0.72, 0.51, 0.44, 0.47, 0.62, 0.97, 0.91, 0.92, 1.16, 0.66, 0.6, 0.22, 0.12, 1.27]}
{"t": 313.9, "h": 78.7, "d5": 0.682, "sm": 0.686, "d6": "tick=169366 goal=0 here=0", "l": [1.13, 0.56, 0.71, 0.54, 0.44, 0.48, 0.59, 0.79, 1.02, 0.91, 1.11, 0.65, 0.58, 0.25, 0.14, 1.25]}
{"t": 314.2, "h": 75.5, "d5": 0.694, "sm": 0.688, "d6": "tick=169387 goal=0 here=0", "l": [1.11, 0.59, 0.61, 0.55, 0.46, 0.48, 0.52, 0.79, 0.96, 0.67, 0.99, 1.46, 0.55, 0.26, 0.19, 1.44]}
{"t": 314.4, "h": 73.6, "d5": 0.699, "sm": 0.691, "d6": "tick=169408 goal=0 here=0", "l": [1.11, 0.56, 0.58, 0.58, 0.49, 0.47, 0.5, 0.76, 0.96, 0.47, 1.02, 1.42, 0.53, 0.54, 0.21, 1.43]}
{"t": 314.6, "h": 72.4, "d5": 0.687, "sm": 0.69, "d6": "tick=169429 goal=0 here=0", "l": [1.12, 0.56, 0.57, 0.58, 0.47, 0.47, 0.48, 0.76, 0.96, 0.51, 1.0, 1.43, 0.54, 0.56, 0.19, 1.47]}
{"t": 314.8, "h": 73.2, "d5": 0.691, "sm": 0.69, "d6": "tick=169449 goal=0 here=0", "l": [1.12, 0.56, 0.55, 0.64, 0.51, 0.46, 0.46, 0.75, 1.0, 0.54, 1.01, 1.36, 0.53, 0.56, 0.2, 0.75]}
{"t": 315.0, "h": 69.0, "d5": 0.688, "sm": 0.69, "d6": "tick=169475 goal=0 here=0", "l": [1.15, 0.56, 0.55, 0.7, 0.51, 0.45, 0.48, 0.71, 1.01, 0.52, 1.01, 1.36, 0.54, 0.55, 0.2, 0.74]}
{"t": 315.2, "h": 64.9, "d5": 0.69, "sm": 0.69, "d6": "tick=169495 goal=0 here=0", "l": [1.15, 0.59, 0.54, 0.7, 0.53, 0.45, 0.48, 0.68, 1.05, 0.55, 1.0, 1.35, 0.55, 0.55, 0.21, 0.1]}
{"t": 316.9, "h": 236.3, "d5": 0.692, "sm": 0.69, "d6": "tick=169661 goal=0 here=0", "l": [0.82, 0.97, 0.89, 1.14, 0.65, 0.6, 0.23, 0.12, 1.25, 1.11, 0.55, 0.69, 0.54, 0.45, 0.47, 0.6]}
{"t": 317.1, "h": 235.7, "d5": 0.695, "sm": 0.691, "d6": "tick=169683 goal=0 here=0", "l": [0.77, 0.96, 0.87, 1.05, 0.68, 0.56, 0.28, 0.23, 1.31, 1.16, 0.59, 0.74, 0.55, 0.43, 0.43, 0.58]}
{"t": 317.3, "h": 233.1, "d5": 0.72, "sm": 0.699, "d6": "tick=169704 goal=0 here=0", "l": [0.7, 0.91, 0.42, 0.99, 1.48, 0.56, 0.61, 0.26, 1.34, 1.2, 0.63, 0.77, 0.52, 0.42, 0.4, 0.52]}
{"t": 317.5, "h": 237.3, "d5": 0.72, "sm": 0.704, "d6": "tick=169725 goal=0 here=0", "l": [0.65, 0.84, 0.42, 0.94, 1.45, 0.62, 0.64, 0.34, 1.4, 1.25, 0.65, 0.78, 0.48, 0.41, 0.36, 0.48]}
{"t": 317.7, "h": 232.9, "d5": 0.739, "sm": 0.713, "d6": "tick=169745 goal=0 here=0", "l": [0.6, 0.77, 0.63, 0.93, 1.33, 0.68, 0.68, 0.41, 1.6, 1.31, 0.66, 0.75, 0.41, 0.39, 0.35, 0.44]}
{"t": 317.9, "h": 234.4, "d5": 0.765, "sm": 0.726, "d6": "tick=169766 goal=0 here=0", "l": [0.55, 0.74, 0.74, 0.32, 1.14, 0.71, 0.71, 0.44, 0.33, 1.36, 0.69, 0.61, 0.38, 0.35, 0.33, 0.41]}
{"t": 318.2, "h": 236.3, "d5": 0.781, "sm": 0.74, "d6": "tick=169787 goal=0 here=0", "l": [0.5, 0.72, 0.68, 0.36, 1.1, 0.72, 0.71, 0.54, 0.36, 1.38, 0.76, 0.6, 0.38, 0.29, 0.34, 0.36]}
{"t": 318.4, "h": 233.8, "d5": 0.796, "sm": 0.754, "d6": "tick=169812 goal=0 here=0", "l": [0.43, 0.71, 0.64, 0.53, 0.31, 2.22, 0.7, 0.74, 0.45, 1.45, 0.81, 0.6, 0.36, 0.26, 0.31, 0.3]}
{"t": 319.6, "h": 357.4, "d5": 0.795, "sm": 0.764, "d6": "tick=169929 goal=0 here=0", "l": [0.78, 0.81, 0.56, 1.51, 0.82, 0.89, 0.37, 0.24, 0.28, 0.3, 0.42, 0.64, 0.68, 0.68, 0.33, 1.46]}
{"t": 319.8, "h": 355.2, "d5": 0.803, "sm": 0.774, "d6": "tick=169951 goal=0 here=0", "l": [0.74, 0.76, 0.53, 1.51, 0.85, 0.9, 0.42, 0.33, 0.32, 0.34, 0.45, 0.67, 0.7, 0.51, 0.29, 1.43]}
{"t": 320.0, "h": 353.7, "d5": 0.783, "sm": 0.776, "d6": "tick=169972 goal=0 here=0", "l": [0.69, 0.73, 0.5, 0.39, 0.85, 0.92, 0.5, 0.38, 0.36, 0.39, 0.49, 0.76, 0.71, 0.31, 0.22, 1.4]}
{"t": 320.2, "h": 355.6, "d5": 0.749, "sm": 0.769, "d6": "tick=169993 goal=0 here=0", "l": [0.62, 0.68, 0.62, 0.41, 0.87, 0.91, 0.65, 0.47, 0.4, 0.42, 0.5, 0.76, 0.65, 0.25, 0.8, 1.37]}
{"t": 320.5, "h": 356.2, "d5": 0.758, "sm": 0.766, "d6": "tick=170019 goal=0 here=0", "l": [0.57, 0.58, 0.6, 0.43, 1.38, 0.84, 0.72, 0.52, 0.46, 0.49, 0.56, 0.77, 0.62, 0.2, 0.76, 1.28]}
{"t": 320.7, "h": 350.6, "d5": 0.734, "sm": 0.758, "d6": "tick=170040 goal=0 here=0", "l": [0.51, 0.46, 0.58, 0.4, 0.38, 0.85, 0.8, 0.58, 0.5, 0.54, 0.59, 0.69, 0.24, 0.58, 0.74, 1.24]}
{"t": 320.9, "h": 355.8, "d5": 0.721, "sm": 0.749, "d6": "tick=170060 goal=0 here=0", "l": [0.45, 0.44, 0.55, 0.41, 0.41, 0.9, 1.0, 0.62, 0.55, 0.59, 0.65, 0.71, 0.34, 0.59, 0.73, 1.21]}
{"t": 321.1, "h": 349.5, "d5": 0.702, "sm": 0.737, "d6": "tick=170081 goal=0 here=0", "l": [0.4, 0.41, 0.53, 0.5, 0.39, 0.9, 1.08, 0.69, 0.56, 0.65, 0.76, 0.17, 0.36, 0.56, 0.7, 1.13]}
{"t": 321.3, "h": 351.3, "d5": 0.692, "sm": 0.726, "d6": "tick=170103 goal=0 here=0", "l": [0.36, 0.35, 0.48, 0.48, 0.38, 0.41, 1.09, 0.75, 0.63, 0.69, -1.0, 0.34, 0.62, 0.58, 0.68, 1.08]}
{"t": 321.6, "h": 346.9, "d5": 0.677, "sm": 0.714, "d6": "tick=170128 goal=0 here=0", "l": [0.32, 0.32, 0.3, 0.49, 0.4, 0.44, 1.08, 0.88, 0.68, 0.73, 0.26, 0.37, 0.58, 0.61, 0.65, 1.02]}
{"t": 323.0, "h": 139.2, "d5": 0.674, "sm": 0.704, "d6": "tick=170271 goal=0 here=0", "l": [0.95, 0.77, 0.72, 0.75, 0.37, 0.64, 0.53, 0.6, 0.76, 1.54, 0.32, 0.29, 0.47, 0.47, 0.39, 0.97]}
{"t": 323.2, "h": 138.4, "d5": 0.672, "sm": 0.696, "d6": "tick=170293 goal=0 here=0", "l": [0.91, 0.72, 0.71, 0.77, 0.27, 0.39, 0.58, 0.63, 0.77, 1.59, 0.35, 0.31, 0.47, 0.43, 0.38, 0.93]}
{"t": 323.5, "h": 137.5, "d5": 0.671, "sm": 0.69, "d6": "tick=170319 goal=0 here=0", "l": [0.86, 0.71, 0.67, 0.75, 0.9, 0.4, 0.59, 0.68, 0.85, 0.38, 0.4, 0.4, 0.48, 0.34, 0.39, 0.88]}
{"t": 323.7, "h": 133.9, "d5": 0.685, "sm": 0.688, "d6": "tick=170345 goal=0 here=0", "l": [0.83, 0.64, 0.59, 0.69, 0.86, 0.24, 0.67, 0.72, -1.0, 0.44, 0.39, 0.47, 0.46, 0.3, 0.32, 0.82]}
{"t": 323.9, "h": 134.3, "d5": 0.689, "sm": 0.689, "d6": "tick=170366 goal=0 here=0", "l": [0.86, 0.59, 0.54, 0.59, 0.69, 0.83, 0.47, 0.77, 0.94, 0.48, 0.42, 0.49, 0.44, 0.28, 0.3, 0.77]}
{"t": 324.2, "h": 134.4, "d5": 0.684, "sm": 0.687, "d6": "tick=170392 goal=0 here=0", "l": [0.85, 0.56, 0.51, 0.59, 0.7, 0.82, 0.48, 0.82, 1.0, 0.53, 0.46, 0.49, 0.27, 0.28, 0.22, 0.73]}
{"t": 325.5, "h": 348.8, "d5": 0.686, "sm": 0.687, "d6": "tick=170521 goal=0 here=0", "l": [0.48, 0.55, 0.43, 0.26, 0.21, 0.72, 0.84, 0.64, 0.54, 0.53, 0.65, 0.9, 0.78, 0.74, 0.87, 1.34]}
{"t": 325.7, "h": 347.5, "d5": 0.673, "sm": 0.684, "d6": "tick=170543 goal=0 here=0", "l": [0.46, 0.51, 0.43, 0.23, 0.24, 0.22, 0.87, 0.7, 0.58, 0.55, 0.67, 0.94, 0.42, 0.72, 0.86, 1.31]}
{"t": 325.9, "h": 343.5, "d5": 0.674, "sm": 0.681, "d6": "tick=170564 goal=0 here=0", "l": [0.45, 0.42, 0.45, 0.24, 0.24, 0.24, 0.78, 0.75, 0.62, 0.62, 0.76, 0.99, 0.49, 0.74, 0.83, 1.25]}
{"t": 326.1, "h": 343.4, "d5": 0.653, "sm": 0.674, "d6": "tick=170584 goal=0 here=0", "l": [0.39, 0.36, 0.41, 0.35, 0.22, 0.27, 0.79, 0.79, 0.67, 0.68, 0.79, 1.01, 0.49, 0.73, 0.82, 1.2]}
{"t": 326.3, "h": 345.1, "d5": 0.643, "sm": 0.666, "d6": "tick=170605 goal=0 here=0", "l": [0.36, 0.28, 0.38, 0.34, 0.24, 0.28, 0.29, 0.89, 0.71, 0.72, 0.84, 1.03, 0.76, 0.75, 0.84, 1.14]}
{"t": 327.2, "h": 262.9, "d5": 0.628, "sm": 0.657, "d6": "tick=170693 goal=0 here=0", "l": [0.72, 0.74, 0.87, 0.35, 0.27, 0.31, 0.4, 0.35, 0.22, 0.29, 0.98, 0.84, 0.71, 0.76, 0.86, 0.46]}
{"t": 327.5, "h": 261.7, "d5": 0.625, "sm": 0.649, "d6": "tick=170721 goal=0 here=0", "l": [0.7, 0.72, 0.85, 0.34, 0.35, 0.26, 0.41, 0.39, 0.27, 0.34, 0.99, 0.85, 0.7, 0.73, 0.83, 0.44]}
{"t": 327.7, "h": 258.0, "d5": 0.649, "sm": 0.649, "d6": "tick=170741 goal=0 here=0", "l": [0.66, 0.65, 0.78, 1.1, 0.33, 0.3, 0.44, 0.43, 0.34, 0.39, 1.07, 0.85, 0.68, 0.74, 0.86, 0.4]}
{"t": 327.9, "h": 254.7, "d5": 0.648, "sm": 0.649, "d6": "tick=170762 goal=0 here=0", "l": [0.61, 0.59, 0.67, 1.03, 0.33, 0.36, 0.41, 0.46, 0.38, 0.43, 1.11, 0.8, 0.66, 0.7, 0.22, 0.35]}
{"t": 328.8, "h": 173.0, "d5": 0.643, "sm": 0.647, "d6": "tick=170850 goal=0 here=0", "l": [0.71, 0.77, 0.24, 0.33, 0.55, 0.59, 0.75, 1.12, 0.33, 0.34, 0.45, 0.51, 0.39, 0.44, 1.13, 0.75]}
{"t": 329.0, "h": 172.4, "d5": 0.656, "sm": 0.649, "d6": "tick=170872 goal=0 here=0", "l": [0.65, 0.69, 0.17, 0.32, 0.58, 0.6, 0.7, 1.14, 0.38, 0.36, 0.52, 0.51, 0.41, 0.94, 1.11, 0.71]}
{"t": 329.2, "h": 171.8, "d5": 0.683, "sm": 0.658, "d6": "tick=170892 goal=0 here=0", "l": [0.6, 0.64, 0.78, 0.14, 0.34, 0.56, 0.69, 1.13, 0.42, 0.41, 0.56, 0.51, 0.43, 0.94, 1.05, 0.67]}
{"t": 329.4, "h": 171.8, "d5": 0.689, "sm": 0.666, "d6": "tick=170914 goal=0 here=0", "l": [0.53, 0.59, 0.65, 0.67, 0.29, 0.55, 0.67, 1.14, 0.46, 0.45, 0.6, 0.43, 0.43, 0.9, 1.0, 0.65]}
{"t": 329.6, "h": 167.6, "d5": 0.713, "sm": 0.677, "d6": "tick=170934 goal=0 here=0", "l": [0.49, 0.53, 0.57, 0.76, 0.58, 0.58, 0.72, 1.14, 0.51, 0.49, 0.64, 0.41, 0.4, 0.9, 0.83, 0.58]}
{"t": 329.8, "h": 166.0, "d5": 0.712, "sm": 0.686, "d6": "tick=170955 goal=0 here=0", "l": [0.42, 0.47, 0.56, 0.79, 0.69, 0.22, 0.73, 0.97, 0.57, 0.54, 0.67, 0.45, 1.44, 0.84, 0.76, 0.52]}
{"t": 330.0, "h": 167.0, "d5": 0.718, "sm": 0.694, "d6": "tick=170976 goal=0 here=0", "l": [0.37, 0.43, 0.52, 0.71, 0.7, 0.28, 0.17, 1.01, 2.7, 0.58, 0.67, 0.46, 1.46, 0.83, -1.0, 0.48]}
{"t": 330.2, "h": 165.8, "d5": 0.721, "sm": 0.701, "d6": "tick=170997 goal=0 here=0", "l": [0.34, 0.39, 0.48, 0.65, 0.64, 0.64, 0.26, 1.04, 2.66, 0.62, 0.68, 0.46, 1.46, 0.8, 0.68, 0.45]}
{"t": 331.7, "h": 15.3, "d5": 0.711, "sm": 0.703, "d6": "tick=171136 goal=0 here=0", "l": [0.75, 0.51, 0.42, 0.87, 0.9, 0.55, 0.41, 0.33, 0.37, -1.0, 0.7, 0.73, 0.5, 0.25, 1.29, 0.64]}
{"t": 331.9, "h": 14.7, "d5": 0.699, "sm": 0.702, "d6": "tick=171159 goal=0 here=0", "l": [0.66, 0.63, 0.42, 1.37, 0.83, 0.65, 0.46, 0.38, 0.43, 0.51, 0.71, 0.69, 0.29, 0.81, 1.28, 0.64]}
{"t": 332.1, "h": 14.2, "d5": 0.678, "sm": 0.696, "d6": "tick=171180 goal=0 here=0", "l": [0.6, 0.59, 0.4, 1.4, 0.79, 0.72, 0.49, 0.4, 0.47, 0.57, 0.81, 0.69, 0.26, 0.79, 1.25, 0.58]}
{"t": 332.3, "h": 13.8, "d5": 0.658, "sm": 0.687, "d6": "tick=171200 goal=0 here=0", "l": [0.52, 0.57, 0.37, 0.34, 0.81, 0.92, 0.55, 0.47, 0.51, 0.63, 0.86, 0.69, 0.66, 0.77, 1.22, 0.55]}
{"t": 332.5, "h": 10.1, "d5": 0.646, "sm": 0.676, "d6": "tick=171221 goal=0 here=0", "l": [0.47, -1.0, 0.33, 0.31, 0.84, 0.94, 0.62, 0.52, 0.57, 0.67, 0.88, 0.33, 0.67, 0.74, 1.2, 0.51]}
{"t": 332.7, "h": 11.6, "d5": 0.617, "sm": 0.662, "d6": "tick=171242 goal=0 here=0", "l": [0.4, 0.52, 0.33, 0.33, 0.29, 0.98, 0.71, 0.58, 0.63, 0.71, 0.92, 0.38, 0.65, 0.76, 1.19, 0.47]}
{"t": 332.9, "h": 10.0, "d5": 0.622, "sm": 0.652, "d6": "tick=171263 goal=0 here=0", "l": [0.34, 0.46, 0.41, 0.29, 0.3, 0.9, 0.79, 0.64, 0.66, 0.75, 0.91, 0.46, 0.65, 0.76, 1.17, 0.42]}
{"t": 334.3, "h": 159.3, "d5": 0.581, "sm": 0.634, "d6": "tick=171405 goal=0 here=0", "l": [0.66, 0.62, 0.71, 0.9, 0.41, 0.65, 0.72, 0.89, 0.4, 0.35, 0.46, 0.43, 0.28, 0.32, 0.83, 0.84]}
{"t": 334.6, "h": 156.6, "d5": 0.589, "sm": 0.623, "d6": "tick=171427 goal=0 here=0", "l": [0.62, 0.57, 0.69, 0.87, 0.25, 0.68, 0.76, 0.91, 0.45, 0.4, 0.5, 0.45, 0.29, 0.31, 0.79, 0.79]}
{"t": 334.8, "h": 156.6, "d5": 0.596, "sm": 0.616, "d6": "tick=171448 goal=0 here=0", "l": [0.57, 0.52, 0.61, 0.73, 0.82, 0.48, 0.79, 0.97, 0.49, 0.43, 0.55, 0.43, 0.3, 0.29, 0.77, 0.76]}
{"t": 335.0, "h": 156.0, "d5": 0.61, "sm": 0.615, "d6": "tick=171469 goal=0 here=0", "l": [0.52, 0.47, 0.57, 0.69, 0.81, 0.35, 0.8, 1.0, 0.55, 0.45, 0.53, 0.3, 0.31, 1.27, 0.74, 0.71]}
{"t": 335.2, "h": 153.5, "d5": 0.601, "sm": 0.611, "d6": "tick=171490 goal=0 here=0", "l": [0.5, 0.45, 0.53, 0.68, 0.88, 0.76, 0.78, 1.06, 0.6, 0.5, 0.59, 0.32, 0.26, 0.79, 0.69, 0.67]}
{"t": 335.4, "h": 151.5, "d5": 0.603, "sm": 0.609, "d6": "tick=171511 goal=0 here=0", "l": [0.43, 0.45, 0.47, 0.6, 0.92, 0.79, 0.76, 1.05, 0.67, 0.55, 0.64, 0.32, 1.39, 0.7, 0.69, 0.61]}
{"t": 335.6, "h": 150.5, "d5": 0.594, "sm": 0.605, "d6": "tick=171531 goal=0 here=0", "l": [0.41, 0.38, 0.38, 0.51, 0.84, 0.87, 0.43, 1.0, 1.74, 0.6, 0.6, 0.3, 1.36, 0.69, 0.68, 0.56]}
{"t": 336.7, "h": 256.3, "d5": 0.594, "sm": 0.603, "d6": "tick=171644 goal=0 here=0", "l": [0.81, 0.48, 0.94, 1.39, 0.67, 0.67, 0.37, 1.44, 1.27, 0.63, 0.78, 0.45, 0.37, 0.34, 0.47, 0.63]}
{"t": 336.9, "h": 258.6, "d5": 0.589, "sm": 0.599, "d6": "tick=171667 goal=0 here=0", "l": [0.79, 0.6, 0.92, 1.33, 0.69, 0.69, 0.38, 1.6, 1.3, 0.66, 0.78, 0.42, 0.38, 0.33, 0.44, 0.61]}
{"t": 337.2, "h": 253.6, "d5": 0.6, "sm": 0.599, "d6": "tick=171687 goal=0 here=0", "l": [0.75, 0.72, 0.28, 1.12, 0.67, 0.69, 0.45, 0.35, 1.35, 0.7, 0.65, 0.42, 0.36, 0.36, 0.44, 0.55]}
{"t": 337.4, "h": 256.2, "d5": 0.606, "sm": 0.601, "d6": "tick=171708 goal=0 here=0", "l": [0.7, 0.67, 0.3, 1.09, 0.68, 0.64, 0.68, 0.42, 1.42, 0.76, 0.66, 0.4, 0.31, 0.38, 0.41, 0.49]}
{"t": 337.6, "h": 254.8, "d5": 0.62, "sm": 0.606, "d6": "tick=171729 goal=0 here=0", "l": [0.65, 0.6, 0.3, 1.0, 2.18, 0.65, 0.72, 0.5, 1.44, 0.8, 0.68, 0.43, 0.3, 0.37, 0.39, 0.47]}
{"t": 337.8, "h": 254.7, "d5": 0.637, "sm": 0.614, "d6": "tick=171750 goal=0 here=0", "l": [0.59, 0.58, 0.45, 0.26, 1.9, 0.73, 0.79, 0.54, 1.49, 0.87, 0.69, 0.42, 0.32, 0.35, 0.4, 0.42]}
{"t": 338.0, "h": 248.9, "d5": 0.632, "sm": 0.618, "d6": "tick=171770 goal=0 here=0", "l": [0.59, 0.54, 0.41, 0.24, 0.21, 0.75, 0.81, 0.59, 1.51, 0.89, 0.71, 0.34, 0.34, 0.3, 0.4, 0.4]}
{"t": 338.2, "h": 249.2, "d5": 0.65, "sm": 0.626, "d6": "tick=171791 goal=0 here=0", "l": [0.55, 0.52, 0.42, 0.24, 0.22, 0.74, 0.87, 0.62, 1.57, 0.94, 0.61, 0.34, 0.33, 0.31, 0.37, 0.48]}
{"t": 338.4, "h": 253.7, "d5": 0.653, "sm": 0.633, "d6": "tick=171812 goal=0 here=0", "l": [0.5, 0.52, 0.49, 0.35, 0.21, 0.24, 0.85, 0.68, 1.62, 0.97, 0.58, 0.35, 0.32, 0.28, 0.32, 0.44]}
{"t": 338.6, "h": 246.8, "d5": 0.678, "sm": 0.644, "d6": "tick=171832 goal=0 here=0", "l": [0.48, 0.47, 0.43, 0.33, 0.24, 0.24, 0.79, 0.85, 1.71, 1.0, 0.58, 0.37, 0.29, 0.27, 0.28, 0.4]}
{"t": 338.9, "h": 243.9, "d5": 0.693, "sm": 0.656, "d6": "tick=171858 goal=0 here=0", "l": [0.43, 0.41, 0.37, 0.33, 0.32, 0.22, 0.3, 0.92, 1.77, 1.07, 0.58, 0.37, 0.28, 0.27, 0.22, 0.38]}
{"t": 339.1, "h": 246.7, "d5": 0.703, "sm": 0.668, "d6": "tick=171884 goal=0 here=0", "l": [0.4, 0.28, 0.35, 0.39, 0.33, 0.28, 0.32, 0.99, 1.84, 1.13, 0.6, 0.33, 0.26, 0.24, 0.17, 0.33]}
{"t": 340.9, "h": 72.1, "d5": 0.689, "sm": 0.673, "d6": "tick=172056 goal=0 here=0", "l": [1.8, 1.21, 0.42, 0.29, 0.25, 0.15, 0.22, 0.31, 0.35, 0.31, 0.34, 0.39, 0.33, 0.29, 0.35, 0.87]}
{"t": 341.1, "h": 70.5, "d5": 0.672, "sm": 0.673, "d6": "tick=172079 goal=0 here=0", "l": [1.76, 1.17, 0.42, 0.31, 0.24, 0.26, 0.17, 0.34, 0.39, 0.38, 0.36, 0.32, 0.35, 0.23, 0.31, 0.93]}
{"t": 341.3, "h": 70.5, "d5": 0.653, "sm": 0.668, "d6": "tick=172100 goal=0 here=0", "l": [1.71, 1.06, 0.57, 0.35, 0.26, 0.28, 0.24, 0.37, 0.43, 0.44, 0.38, 0.32, 0.31, -1.0, 0.83, 0.8]}
{"t": 341.5, "h": 65.7, "d5": 0.633, "sm": 0.659, "d6": "tick=172120 goal=0 here=0", "l": [1.7, 1.01, 0.57, 0.35, 0.29, 0.28, 0.29, 0.41, 0.5, 0.48, 0.44, 0.33, 0.23, 0.27, 0.8, 0.84]}
{"t": 341.7, "h": 72.5, "d5": 0.613, "sm": 0.648, "d6": "tick=172141 goal=0 here=0", "l": [1.68, 0.96, 0.75, 0.34, 0.31, 0.28, 0.33, 0.31, 0.56, 0.51, -1.0, 0.37, 0.22, 0.24, 0.75, 0.7]}
{"t": 341.9, "h": 63.9, "d5": 0.591, "sm": 0.633, "d6": "tick=172162 goal=0 here=0", "l": [1.62, 0.96, 0.74, 0.39, 0.33, 0.28, 0.36, 0.35, 0.61, 0.58, 0.55, 0.37, 0.23, 0.77, 0.77, 0.65]}
{"t": 342.1, "h": 66.3, "d5": 0.591, "sm": 0.623, "d6": "tick=172182 goal=0 here=0", "l": [1.6, 0.95, 0.97, 0.45, 0.32, 0.34, 0.35, 0.37, 0.66, 0.63, 0.47, 0.23, 0.21, 0.68, 0.8, 0.6]}
{"t": 342.3, "h": 64.3, "d5": 0.579, "sm": 0.612, "d6": "tick=172203 goal=0 here=0", "l": [1.59, 0.9, 0.94, 0.44, 0.31, 0.36, 0.36, 0.44, 0.7, 0.66, 0.47, 0.25, 1.38, 0.69, 0.77, 0.53]}
{"t": 343.1, "h": 2.4, "d5": 0.545, "sm": 0.595, "d6": "tick=172278 goal=0 here=0", "l": [0.71, 0.75, 0.54, 1.45, 0.83, 0.72, 0.43, 0.32, 0.35, 0.39, 0.44, 0.64, 0.6, 0.27, 0.21, 1.84]}
{"t": 343.3, "h": 1.2, "d5": 0.534, "sm": 0.58, "d6": "tick=172301 goal=0 here=0", "l": [0.66, 0.72, 0.49, 1.49, 0.88, 0.96, 0.47, 0.35, 0.39, -1.0, 0.5, 0.63, 0.59, 0.24, 0.82, 1.67]}
{"t": 343.5, "h": 2.4, "d5": 0.528, "sm": 0.567, "d6": "tick=172321 goal=0 here=0", "l": [0.62, 0.69, 0.5, 0.42, 0.89, 0.98, 0.55, 0.41, 0.45, 0.47, 0.67, 0.62, 0.59, 0.22, 0.81, -1.0]}
{"t": 343.7, "h": 1.4, "d5": 0.534, "sm": 0.559, "d6": "tick=172342 goal=0 here=0", "l": [0.57, 0.63, 0.59, 0.45, 0.89, 0.98, 0.65, 0.49, 0.51, 0.54, 0.72, 0.66, 0.24, 0.61, 0.79, 1.58]}
{"t": 343.9, "h": 359.4, "d5": 0.516, "sm": 0.548, "d6": "tick=172363 goal=0 here=0", "l": [0.52, 0.57, 0.56, 0.41, 1.42, 0.91, 0.76, 0.57, 0.54, 0.57, 0.75, 0.68, 0.32, 0.62, 0.81, 1.52]}
{"t": 344.1, "h": 358.6, "d5": 0.51, "sm": 0.539, "d6": "tick=172384 goal=0 here=0", "l": [0.47, 0.41, 0.57, 0.39, 0.4, 0.9, 0.83, 0.63, 0.6, 0.64, 0.79, 0.15, 0.34, 0.62, 0.82, 1.47]}
{"t": 344.3, "h": 355.5, "d5": 0.507, "sm": 0.531, "d6": "tick=172404 goal=0 here=0", "l": [0.4, 0.37, 0.56, 0.42, 0.41, 0.91, 0.88, 0.68, 0.64, 0.68, 0.83, 0.31, 0.6, 0.64, 0.82, 1.43]}
{"t": 344.5, "h": 352.0, "d5": 0.496, "sm": 0.522, "d6": "tick=172426 goal=0 here=0", "l": [0.36, 0.35, 0.49, 0.48, 0.41, 0.43, 1.08, 0.72, 0.69, 0.74, 0.21, 0.35, 0.59, 0.63, 0.8, 1.38]}
{"t": 345.9, "h": 138.1, "d5": 0.473, "sm": 0.51, "d6": "tick=172559 goal=0 here=0", "l": [0.91, 0.68, 0.69, 0.71, 0.31, 0.38, 0.57, 0.62, 0.95, 1.83, 0.39, 0.33, 0.53, 0.4, 0.43, 0.94]}
{"t": 346.1, "h": 138.2, "d5": 0.477, "sm": 0.502, "d6": "tick=172581 goal=0 here=0", "l": [0.85, 0.69, 0.65, 0.7, 0.21, 0.38, 0.59, 0.66, 0.84, 1.87, 0.41, 0.46, 0.49, 0.35, 0.4, 0.88]}
{"t": 346.3, "h": 139.1, "d5": 0.467, "sm": 0.493, "d6": "tick=172602 goal=0 here=0", "l": [0.81, 0.66, 0.63, 0.72, 0.87, 0.38, 0.61, 0.71, 0.88, 0.44, 0.41, 0.52, 0.47, 0.33, 0.34, 0.87]}
{"t": 346.5, "h": 139.1, "d5": 0.472, "sm": 0.488, "d6": "tick=172623 goal=0 here=0", "l": [0.76, 0.62, 0.56, 0.64, 0.85, 0.81, -1.0, 0.77, 0.91, 0.47, 0.41, 0.54, 0.45, 0.34, 0.31, 0.81]}
{"t": 346.7, "h": 135.6, "d5": 0.472, "sm": 0.484, "d6": "tick=172643 goal=0 here=0", "l": [0.71, 0.54, 0.5, 0.59, 0.81, 0.8, 0.47, 0.79, 0.97, 0.53, 0.46, 0.54, 0.34, 0.31, 1.09, 0.78]}
{"t": 346.9, "h": 136.5, "d5": 0.459, "sm": 0.478, "d6": "tick=172664 goal=0 here=0", "l": [0.68, 0.5, 0.47, 0.56, 0.66, 0.81, 0.35, 0.83, 1.02, 0.56, 0.47, 0.55, 0.3, 0.29, 0.81, 0.73]}
{"t": 347.1, "h": 133.8, "d5": 0.439, "sm": 0.468, "d6": "tick=172685 goal=0 here=0", "l": [0.63, 0.49, 0.46, 0.51, 0.66, 0.89, 0.79, 0.82, 1.05, 0.58, 0.54, 0.54, 0.3, 0.23, 0.7, 0.71]}
{"t": 348.0, "h": 216.3, "d5": 0.431, "sm": 0.459, "d6": "tick=172765 goal=0 here=0", "l": [0.57, 0.84, 0.88, 0.79, 0.9, 1.37, 0.59, 0.59, 0.32, 0.26, 1.25, 0.7, 0.81, 0.57, 0.47, 0.41]}
{"t": 348.2, "h": 213.3, "d5": 0.44, "sm": 0.454, "d6": "tick=172788 goal=0 here=0", "l": [0.52, 0.81, 0.82, 0.35, 0.9, 1.32, 0.63, 0.62, 0.36, 0.31, 1.32, 0.71, 0.85, 0.5, 0.43, 0.4]}
{"t": 348.4, "h": 212.5, "d5": 0.458, "sm": 0.455, "d6": "tick=172809 goal=0 here=0", "l": [0.46, 0.58, 0.77, 0.57, 0.89, 1.27, 0.66, 0.69, 0.4, 0.32, 1.35, 0.71, 0.83, 0.44, 0.42, 0.37]}
{"t": 348.6, "h": 210.9, "d5": 0.462, "sm": 0.457, "d6": "tick=172829 goal=0 here=0", "l": [0.41, 0.52, 0.73, 0.73, 0.34, 1.12, 0.69, 0.69, 0.48, 0.35, 1.38, 0.7, 0.64, 0.4, 0.35, 0.33]}
{"t": 349.9, "h": 340.7, "d5": 0.46, "sm": 0.458, "d6": "tick=172959 goal=0 here=0", "l": [2.15, 0.65, 0.64, 0.39, 1.33, 0.75, 0.82, 0.43, 0.37, 0.33, 0.41, 0.54, 0.83, 0.7, 0.35, 1.06]}
{"t": 350.1, "h": 339.3, "d5": 0.457, "sm": 0.457, "d6": "tick=172982 goal=0 here=0", "l": [2.11, 0.58, 0.65, 0.42, 1.37, 0.77, 0.85, 0.47, 0.41, 0.36, 0.42, 0.56, 0.77, 0.68, 0.32, 1.05]}
{"t": 350.3, "h": 339.0, "d5": 0.43, "sm": 0.451, "d6": "tick=173003 goal=0 here=0", "l": [1.8, -1.0, 0.65, 0.41, 0.35, 0.8, 0.89, 0.6, 0.48, 0.41, 0.48, 0.58, 0.7, 0.69, 0.71, 1.02]}
{"t": 350.5, "h": 334.6, "d5": 0.441, "sm": 0.448, "d6": "tick=173024 goal=0 here=0", "l": [1.73, 0.55, 0.62, 0.39, 0.39, 0.8, 0.9, 0.66, 0.52, 0.46, 0.53, 0.59, 0.72, 0.32, 0.69, 0.94]}
{"t": 350.7, "h": 336.6, "d5": 0.427, "sm": 0.443, "d6": "tick=173044 goal=0 here=0", "l": [1.58, 0.51, 0.59, 0.54, 0.37, 1.36, 0.86, 0.75, 0.56, 0.52, 0.57, 0.77, 0.73, 0.21, 0.69, 0.93]}
{"t": 350.9, "h": 339.6, "d5": 0.421, "sm": 0.437, "d6": "tick=173065 goal=0 here=0", "l": [1.51, 0.5, 0.52, 0.54, 0.38, 0.36, 0.85, 0.81, 0.61, 0.57, 0.62, 0.79, 0.76, 0.38, 0.69, 0.87]}
{"t": 351.1, "h": 333.8, "d5": 0.419, "sm": 0.433, "d6": "tick=173086 goal=0 here=0", "l": [1.46, 0.45, 0.39, 0.58, 0.39, 0.41, 0.9, 0.85, 0.68, 0.62, 0.67, 0.8, 0.3, 0.59, 0.65, 0.83]}
{"t": 352.6, "h": 124.0, "d5": 0.4, "sm": 0.425, "d6": "tick=173234 goal=0 here=0", "l": [1.05, 0.7, 0.59, 0.62, 0.66, 0.17, 0.36, 0.57, 0.68, 1.06, 0.42, 0.4, 0.53, 0.51, 0.38, 0.41]}
{"t": 352.8, "h": 124.7, "d5": 0.417, "sm": 0.423, "d6": "tick=173254 goal=0 here=0", "l": [1.03, 0.68, 0.55, 0.6, 0.66, 0.77, 0.36, 0.59, 0.73, 1.11, 0.43, 0.41, 0.53, 0.49, 0.36, 0.88]}
{"t": 353.1, "h": 119.5, "d5": 0.393, "sm": 0.415, "d6": "tick=173280 goal=0 here=0", "l": [0.96, 0.67, 0.55, 0.58, 0.67, 0.9, 0.23, 0.64, 0.76, 1.15, 0.5, 0.43, 0.55, 0.34, 0.35, 0.84]}
{"t": 353.3, "h": 121.1, "d5": 0.385, "sm": 0.408, "d6": "tick=173301 goal=0 here=0", "l": [0.92, 0.68, 0.54, 0.53, 0.62, 0.87, 0.8, 0.72, 0.8, 1.2, 0.52, 0.51, 0.5, 0.3, 0.28, 0.78]}
{"t": 353.5, "h": 116.5, "d5": 0.387, "sm": 0.403, "d6": "tick=173322 goal=0 here=0", "l": [0.86, 0.65, 0.51, 0.47, 0.58, 0.86, 0.85, 0.78, 0.88, 1.25, 0.57, 0.57, 0.49, 0.29, 0.22, 0.71]}
{"t": 353.7, "h": 119.8, "d5": 0.375, "sm": 0.396, "d6": "tick=173343 goal=0 here=0", "l": [0.79, 0.6, 0.46, 0.46, 0.56, 0.69, 0.88, 0.58, 0.92, 1.29, 0.6, 0.58, 0.29, 0.25, 1.22, 0.68]}
{"t": 354.9, "h": 222.9, "d5": 0.365, "sm": 0.388, "d6": "tick=173457 goal=0 here=0", "l": [0.72, 0.89, 0.45, 0.88, 1.09, 0.59, 0.56, 0.48, 0.27, 0.2, 0.67, 0.68, 0.63, 0.49, 0.49, 0.55]}
{"t": 355.1, "h": 223.0, "d5": 0.36, "sm": 0.381, "d6": "tick=173480 goal=0 here=0", "l": [0.67, 0.89, 0.8, 0.82, 1.07, 0.62, 0.57, 0.56, 0.31, 0.22, 0.69, 0.72, 0.64, 0.45, 0.46, 0.51]}
{"t": 355.3, "h": 223.6, "d5": 0.372, "sm": 0.379, "d6": "tick=173506 goal=0 here=0", "l": [0.61, 0.87, 0.73, 0.77, 1.06, 1.81, 0.55, 0.68, 0.36, 1.35, 0.74, 0.81, 0.58, 0.43, 0.35, 0.47]}
{"t": 355.6, "h": 221.3, "d5": 0.385, "sm": 0.38, "d6": "tick=173531 goal=0 here=0", "l": [0.54, 0.82, 0.73, 0.34, 0.92, 1.7, 0.63, 0.7, 0.42, 1.43, 0.78, 0.83, 0.56, 0.41, 0.31, 0.43]}
{"t": 355.8, "h": 222.0, "d5": 0.399, "sm": 0.385, "d6": "tick=173552 goal=0 here=0", "l": [0.48, 0.71, 0.76, 0.54, 0.28, 1.47, -1.0, 0.77, 0.47, 1.48, 0.81, 0.87, 0.44, 0.39, 0.28, 0.37]}
{"t": 356.0, "h": 220.0, "d5": 0.398, "sm": 0.388, "d6": "tick=173573 goal=0 here=0", "l": [0.43, 0.66, 0.69, 0.56, 0.32, 1.43, 0.76, 0.81, 0.53, 1.53, 0.83, 0.88, 0.4, 0.29, 0.27, 0.33]}
{"t": 357.3, "h": 346.4, "d5": 0.387, "sm": 0.388, "d6": "tick=173701 goal=0 here=0", "l": [2.75, 0.71, 0.72, 1.73, 0.84, 0.84, 0.57, 0.37, 0.28, 0.3, 0.35, 0.46, 0.66, 0.64, 0.34, 1.1]}
{"t": 357.5, "h": 343.1, "d5": 0.391, "sm": 0.389, "d6": "tick=173723 goal=0 here=0", "l": [2.67, 0.66, 0.71, 0.44, 1.44, 0.81, 0.64, 0.41, 0.32, 0.35, 0.42, 0.5, 0.63, 0.62, 0.29, 1.06]}
{"t": 357.7, "h": 345.6, "d5": 0.397, "sm": 0.391, "d6": "tick=173744 goal=0 here=0", "l": [2.27, 0.62, 0.7, 0.49, 1.46, 0.81, 0.7, 0.46, 0.33, 0.4, 0.47, 0.65, 0.63, 0.63, 0.24, 1.02]}
{"t": 358.0, "h": 345.6, "d5": 0.39, "sm": 0.391, "d6": "tick=173770 goal=0 here=0", "l": [2.15, 0.59, 0.68, 0.46, 1.41, 0.85, 0.84, 0.49, 0.41, 0.45, 0.51, 0.69, 0.68, 0.46, 0.2, 0.98]}
{"t": 358.2, "h": 340.6, "d5": 0.383, "sm": 0.389, "d6": "tick=173791 goal=0 here=0", "l": [2.01, 0.55, -1.0, 0.46, 0.43, 0.88, 0.99, 0.57, 0.44, 0.47, 0.55, 0.72, 0.68, 0.2, 0.7, 0.93]}
{"t": 358.4, "h": 340.9, "d5": 0.369, "sm": 0.384, "d6": "tick=173811 goal=0 here=0", "l": [1.95, 0.53, 0.61, 0.58, 0.46, 0.91, 1.04, 0.65, 0.5, 0.55, 0.6, 0.77, 0.67, 0.34, 0.66, 0.88]}
{"t": 358.6, "h": 341.7, "d5": 0.395, "sm": 0.387, "d6": "tick=173832 goal=0 here=0", "l": [1.64, 0.48, 0.5, 0.57, 0.44, 0.43, 1.05, 0.71, 0.55, 0.58, 0.63, 0.8, 0.28, 0.57, 0.65, 0.84]}
{"t": 358.8, "h": 341.3, "d5": 0.391, "sm": 0.388, "d6": "tick=173853 goal=0 here=0", "l": [1.57, 0.41, 0.42, 0.59, 0.43, 0.45, 1.01, 0.83, 0.6, 0.61, 0.65, 0.14, 0.31, 0.52, 0.61, 0.81]}
{"t": 359.0, "h": 340.6, "d5": 0.378, "sm": 0.385, "d6": "tick=173874 goal=0 here=0", "l": [1.43, 0.36, 0.37, 0.56, 0.51, 0.49, 0.99, 0.93, 0.67, 0.66, 0.17, 0.27, 0.29, 0.47, 0.57, 0.75]}
{"t": 359.2, "h": 338.5, "d5": 0.373, "sm": 0.382, "d6": "tick=173895 goal=0 here=0", "l": [1.33, 0.32, 0.37, 0.5, 0.53, 0.48, 1.01, 0.97, 0.73, 0.69, 0.18, 0.31, 0.56, 0.47, 0.54, 0.7]}
{"t": 360.7, "h": 130.3, "d5": 0.378, "sm": 0.381, "d6": "tick=174039 goal=0 here=0", "l": [1.19, 0.79, 0.71, 0.19, 0.3, 0.3, 0.47, 0.53, 0.62, 1.01, 2.37, 0.37, 0.34, 0.54, 0.45, 0.5]}
{"t": 360.9, "h": 126.8, "d5": 0.378, "sm": 0.38, "d6": "tick=174062 goal=0 here=0", "l": [1.18, 0.76, 0.7, 0.73, 0.23, 0.32, 0.53, 0.55, 0.62, 1.06, 0.32, 0.39, 0.48, 0.52, 0.43, 0.47]}
{"t": 361.1, "h": 126.0, "d5": 0.381, "sm": 0.381, "d6": "tick=174083 goal=0 here=0", "l": [1.12, 0.74, 0.65, 0.69, 0.19, 0.33, 0.59, 0.59, 0.67, 1.11, 0.35, 0.37, 0.51, 0.5, 0.4, 0.41]}
{"t": 361.3, "h": 124.4, "d5": 0.372, "sm": 0.378, "d6": "tick=174104 goal=0 here=0", "l": [1.05, 0.69, 0.58, 0.64, 0.73, 0.22, 0.39, 0.63, 0.71, 1.15, 0.39, 0.38, 0.49, 0.49, 0.39, 0.39]}
{"t": 361.5, "h": 125.5, "d5": 0.347, "sm": 0.371, "d6": "tick=174125 goal=0 here=0", "l": [1.01, 0.67, 0.57, 0.61, 0.68, 0.78, 0.39, 0.63, 0.76, 1.19, 0.45, 0.38, 0.53, 0.39, 0.34, 0.86]}
{"t": 361.8, "h": 117.8, "d5": 0.366, "sm": 0.369, "d6": "tick=174147 goal=0 here=0", "l": [0.95, 0.68, 0.57, 0.61, 0.7, 0.91, 0.24, 0.67, 0.79, 1.23, 0.48, 0.46, 0.52, 0.3, 0.32, 0.79]}
{"t": 363.3, "h": 287.1, "d5": 0.355, "sm": 0.366, "d6": "tick=174296 goal=0 here=0", "l": [0.75, 0.93, 1.52, 0.45, 0.52, 0.46, 0.29, 0.29, 0.78, 0.93, 0.6, 0.54, 0.6, 0.68, 0.8, 0.44]}
{"t": 363.5, "h": 288.2, "d5": 0.354, "sm": 0.363, "d6": "tick=174319 goal=0 here=0", "l": [0.71, 0.9, 1.5, 0.46, 0.51, 0.49, 0.32, 0.34, 0.85, 0.94, 0.63, 0.54, 0.6, 0.72, 0.78, 0.42]}
{"t": 363.7, "h": 286.7, "d5": 0.383, "sm": 0.368, "d6": "tick=174340 goal=0 here=0", "l": [0.64, 0.76, 1.22, 0.44, 0.4, 0.55, 0.37, 0.39, 0.88, 0.99, 0.65, 0.57, 0.62, 0.81, 0.16, 0.39]}
{"t": 363.9, "h": 289.1, "d5": 0.383, "sm": 0.372, "d6": "tick=174361 goal=0 here=0", "l": [0.56, 0.68, 1.15, 0.39, 0.4, 0.54, 0.5, 0.44, 0.96, 1.03, 0.69, 0.63, 0.64, 0.8, 0.3, 0.59]}
{"t": 364.1, "h": 282.0, "d5": 0.393, "sm": 0.377, "d6": "tick=174382 goal=0 here=0", "l": [0.52, 0.61, 1.02, 2.47, 0.45, 0.54, 0.57, 0.46, 1.01, 1.09, 0.7, 0.65, 0.7, 0.14, 0.27, 0.53]}
{"t": 364.3, "h": 281.9, "d5": 0.407, "sm": 0.385, "d6": "tick=174402 goal=0 here=0", "l": [0.46, 0.54, 0.95, 2.44, 0.42, 0.43, 0.59, 0.49, 1.04, 1.16, 0.76, 0.65, 0.12, -1.0, 0.22, 0.49]}
{"t": 364.5, "h": 283.0, "d5": 0.395, "sm": 0.387, "d6": "tick=174423 goal=0 here=0", "l": [0.4, 0.51, 0.71, 2.33, 0.38, 0.45, 0.65, 0.54, 1.07, 1.17, 0.77, 0.13, 0.15, 0.18, 0.21, 0.47]}
{"t": 364.7, "h": 279.8, "d5": 0.4, "sm": 0.39, "d6": "tick=174444 goal=0 here=0", "l": [0.35, 0.47, 0.67, 1.82, 0.47, 0.47, 0.67, 0.59, 0.61, 1.23, 0.8, 0.14, 0.19, 0.17, 0.18, 0.39]}
{"t": 366.1, "h": 69.5, "d5": 0.412, "sm": 0.396, "d6": "tick=174581 goal=0 here=0", "l": [0.68, 0.62, 1.17, 0.87, 0.14, 0.17, 0.2, 0.16, 0.43, 0.33, 0.42, 0.49, 1.01, 2.36, 0.39, 0.48]}
{"t": 366.4, "h": 68.0, "d5": 0.396, "sm": 0.396, "d6": "tick=174609 goal=0 here=0", "l": [0.62, 0.57, 1.07, 0.95, 0.69, 0.16, 0.23, 0.23, 0.45, 0.4, 0.5, 0.6, 1.07, 2.35, 0.42, 0.44]}
{"t": 366.6, "h": 69.9, "d5": 0.392, "sm": 0.395, "d6": "tick=174634 goal=0 here=0", "l": [0.57, 0.49, 1.03, 0.98, 0.71, 0.7, 0.19, 0.27, 0.5, 0.45, 0.54, 0.69, 1.31, 0.38, 0.38, 0.53]}
{"t": 366.9, "h": 66.2, "d5": 0.38, "sm": 0.391, "d6": "tick=174660 goal=0 here=0", "l": [0.53, 0.42, 0.49, 0.99, 0.76, 0.73, 0.21, 0.3, 0.51, 0.48, 0.54, 0.71, 1.31, 0.29, 0.35, 0.5]}
{"t": 367.1, "h": 66.3, "d5": 0.361, "sm": 0.384, "d6": "tick=174681 goal=0 here=0", "l": [0.46, 0.36, 0.43, 1.16, 0.78, 0.77, 0.8, 0.36, 0.57, 0.53, 0.61, 0.74, 1.32, 0.31, 0.29, 0.44]}
{"t": 367.3, "h": 59.7, "d5": 0.359, "sm": 0.377, "d6": "tick=174702 goal=0 here=0", "l": [0.43, 0.31, 0.39, 1.13, 0.82, 0.73, 0.84, 0.34, 0.43, 0.58, 0.62, 0.75, 0.29, 0.28, 0.25, 0.37]}
{"t": 368.3, "h": 164.6, "d5": 0.356, "sm": 0.372, "d6": "tick=174804 goal=0 here=0", "l": [0.8, 0.78, 0.82, 0.42, 0.66, 0.63, 0.69, 1.01, 0.26, 0.27, 0.25, 0.41, 0.41, 0.32, 0.42, 0.95]}
{"t": 368.5, "h": 164.2, "d5": 0.368, "sm": 0.371, "d6": "tick=174826 goal=0 here=0", "l": [0.76, 0.75, 0.79, 0.41, 0.68, 0.64, 0.68, 1.0, 0.3, 0.29, 0.35, 0.46, 0.41, 0.36, 0.39, 0.91]}
{"t": 368.8, "h": 161.3, "d5": 0.353, "sm": 0.367, "d6": "tick=174847 goal=0 here=0", "l": [0.7, 0.7, 0.77, 0.25, 0.43, 0.62, 0.71, 1.03, 0.36, 0.33, 0.44, 0.44, 0.32, 0.33, 0.87, 0.86]}
{"t": 369.0, "h": 160.6, "d5": 0.372, "sm": 0.368, "d6": "tick=174868 goal=0 here=0", "l": [0.66, 0.65, 0.74, 0.9, 0.4, 0.65, 0.72, 1.02, 0.41, 0.36, 0.48, 0.43, 0.3, 0.34, 0.84, 0.83]}
{"t": 369.2, "h": 159.2, "d5": 0.361, "sm": 0.366, "d6": "tick=174888 goal=0 here=0", "l": [0.6, 0.58, 0.65, 0.87, 0.24, 0.68, 0.73, 0.92, 0.44, 0.41, 0.5, 0.44, 0.3, 0.31, 0.82, 0.78]}
{"t": 369.4, "h": 161.0, "d5": 0.375, "sm": 0.368, "d6": "tick=174910 goal=0 here=0", "l": [0.56, 0.5, 0.61, 0.82, 0.8, 0.47, 0.76, 0.97, 0.51, 0.45, 0.54, 0.35, 0.34, 0.27, 0.78, 0.73]}
{"t": 369.6, "h": 159.4, "d5": 0.378, "sm": 0.371, "d6": "tick=174930 goal=0 here=0", "l": [0.52, 0.45, 0.52, 0.65, 0.78, 0.32, 0.78, 1.0, 0.56, 0.51, 0.58, 0.31, 0.3, 0.83, 0.77, 0.7]}
{"t": 369.8, "h": 153.0, "d5": 0.382, "sm": 0.374, "d6": "tick=174951 goal=0 here=0", "l": [0.47, 0.42, 0.5, 0.64, 0.85, 0.73, 0.75, 1.03, 1.8, 0.53, 0.62, 0.35, 0.28, 0.74, 0.77, 0.64]}
{"t": 370.0, "h": 154.7, "d5": 0.381, "sm": 0.375, "d6": "tick=174972 goal=0 here=0", "l": [0.41, 0.37, 0.46, 0.62, 0.89, 0.74, 0.76, 1.0, 1.75, 0.55, 0.66, 0.34, 1.36, 0.72, 0.78, 0.59]}
{"t": 371.5, "h": 307.3, "d5": 0.387, "sm": 0.378, "d6": "tick=175116 goal=0 here=0", "l": [0.9, 1.4, 0.65, 0.66, 0.35, 0.26, 1.28, 0.68, 0.81, 0.44, 0.41, 0.38, 0.5, 0.66, 0.84, 0.39]}
{"t": 371.7, "h": 303.9, "d5": 0.382, "sm": 0.379, "d6": "tick=175138 goal=0 here=0", "l": [0.85, 1.32, 0.64, -1.0, 0.39, 0.34, 1.34, 0.7, 0.83, 0.47, 0.42, 0.46, 0.54, 0.81, 0.82, 0.33]}
{"t": 372.1, "h": 319.8, "d5": 0.388, "sm": 0.381, "d6": "tick=175179 goal=0 here=0", "l": [1.06, 0.63, -1.0, 0.59, 0.35, 1.33, 0.76, 0.87, 0.57, 0.45, 0.39, 0.5, 0.6, 0.77, 0.39, 0.81]}
{"t": 372.3, "h": 320.7, "d5": 0.403, "sm": 0.387, "d6": "tick=175202 goal=0 here=0", "l": [1.0, 0.57, 0.5, 0.63, 0.36, 0.3, 0.8, 0.92, 0.63, 0.5, 0.43, 0.53, 0.66, 0.76, 0.3, 0.8]}
{"t": 372.5, "h": 316.0, "d5": 0.41, "sm": 0.393, "d6": "tick=175223 goal=0 here=0", "l": [0.97, 2.01, 0.49, 0.6, 0.38, 0.37, 0.82, 0.95, 0.7, 0.54, 0.49, 0.59, 0.8, 0.76, 0.22, 0.78]}
{"t": 372.7, "h": 321.5, "d5": 0.412, "sm": 0.397, "d6": "tick=175244 goal=0 here=0", "l": [0.9, 1.72, 0.51, 0.57, 0.52, 0.38, 0.91, 0.91, 0.76, 0.59, 0.58, 0.64, 0.79, 0.73, 0.39, 0.7]}
{"t": 372.9, "h": 318.7, "d5": 0.416, "sm": 0.402, "d6": "tick=175265 goal=0 here=0", "l": [0.84, 1.63, 0.48, 0.51, 0.53, 0.4, 0.4, 0.91, 0.81, 0.63, 0.59, 0.65, 0.82, 0.17, 0.58, 0.66]}
{"t": 373.1, "h": 312.2, "d5": 0.43, "sm": 0.409, "d6": "tick=175285 goal=0 here=0", "l": [0.8, 1.47, 0.42, 0.39, 0.58, 0.4, 0.43, 0.94, 0.86, 0.63, 0.64, 0.67, 0.13, 0.31, 0.54, 0.61]}
{"t": 373.3, "h": 315.0, "d5": 0.421, "sm": 0.412, "d6": "tick=175306 goal=0 here=0", "l": [0.77, 1.39, 0.39, 0.4, 0.55, 0.53, 0.47, 0.98, 0.92, 0.71, 0.66, 0.67, 0.2, 0.31, 0.52, 0.59]}
{"t": 373.6, "h": 314.4, "d5": 0.439, "sm": 0.419, "d6": "tick=175327 goal=0 here=0", "l": [0.71, 1.32, 0.36, 0.38, 0.53, 0.57, 0.49, 1.01, 0.95, 0.69, 0.68, 0.16, 0.28, 0.27, 0.46, 0.54]}
{"t": 373.8, "h": 313.9, "d5": 0.433, "sm": 0.422, "d6": "tick=175348 goal=0 here=0", "l": [0.64, 1.02, 2.27, 0.36, 0.36, 0.59, 0.48, 1.08, 1.02, 0.77, 0.2, 0.23, 0.27, 0.48, 0.42, 0.51]}
{"t": 374.0, "h": 311.5, "d5": 0.442, "sm": 0.427, "d6": "tick=175369 goal=0 here=0", "l": [0.56, 0.96, 2.3, 0.29, 0.38, 0.62, 0.52, 0.57, 1.09, 0.79, 0.23, 0.28, 0.28, 0.49, 0.38, 0.46]}
{"t": 374.2, "h": 307.4, "d5": 0.439, "sm": 0.43, "d6": "tick=175394 goal=0 here=0", "l": [0.5, 0.86, 2.28, 0.3, 0.35, 0.58, 0.61, 0.61, 1.15, 0.85, 0.25, 0.3, 0.3, 0.46, 0.36, 0.4]}
{"t": 374.4, "h": 305.8, "d5": 0.437, "sm": 0.432, "d6": "tick=175415 goal=0 here=0", "l": [0.42, 0.74, 2.23, 0.55, 0.27, 0.39, 0.66, 0.68, 1.34, 0.92, 0.32, 0.3, 0.42, 0.4, 0.34, 0.35]}
{"t": 374.6, "h": 309.3, "d5": 0.448, "sm": 0.436, "d6": "tick=175436 goal=0 here=0", "l": [0.35, 0.49, 1.78, 0.77, 0.3, 0.39, 0.7, 0.73, 1.44, 0.94, 0.37, 0.3, 0.44, 0.32, 0.32, 0.3]}
{"t": 376.1, "h": 98.3, "d5": 0.453, "sm": 0.44, "d6": "tick=175580 goal=0 here=0", "l": [0.65, 1.39, 1.03, 0.38, 0.3, 0.44, 0.34, 0.28, 0.31, 0.3, 0.45, 1.16, 1.31, 0.37, 0.29, 0.71]}
{"t": 376.3, "h": 96.1, "d5": 0.457, "sm": 0.444, "d6": "tick=175602 goal=0 here=0", "l": [0.61, 1.3, 1.0, 0.34, 0.34, 0.41, 0.45, 0.31, 0.35, 0.38, 0.51, 1.3, 1.07, 0.28, 0.37, 0.66]}
{"t": 376.5, "h": 95.4, "d5": 0.451, "sm": 0.446, "d6": "tick=175623 goal=0 here=0", "l": [0.58, 1.17, 1.01, 0.32, 0.37, 0.31, 0.5, 0.36, 0.4, 0.41, 0.55, 1.34, 0.82, 0.22, 0.33, 0.6]}
{"t": 376.7, "h": 99.6, "d5": 0.449, "sm": 0.447, "d6": "tick=175644 goal=0 here=0", "l": [0.53, 1.12, 1.03, 0.83, 0.33, 0.34, 0.49, 0.41, 0.45, 0.46, 0.73, 1.41, 0.56, 0.22, 0.32, 0.54]}
{"t": 376.9, "h": 93.5, "d5": 0.449, "sm": 0.447, "d6": "tick=175665 goal=0 here=0", "l": [0.47, 0.57, 1.07, 0.8, 0.29, 0.38, 0.53, 0.45, 0.48, 0.51, 0.79, 1.64, 0.19, 0.28, 0.26, 0.52]}
{"t": 377.1, "h": 92.2, "d5": 0.438, "sm": 0.445, "d6": "tick=175686 goal=0 here=0", "l": [0.43, 0.5, 1.06, 0.84, 0.82, 0.37, 0.39, 0.56, 0.54, 0.55, 0.82, 1.65, 0.2, 0.26, 0.25, 0.46]}
{"t": 377.3, "h": 95.2, "d5": 0.434, "sm": 0.442, "d6": "tick=175706 goal=0 here=0", "l": [0.39, 0.47, 1.08, 0.86, 0.81, 0.32, -1.0, 0.62, 0.59, 0.6, 0.88, 0.23, 0.24, 0.22, 0.37, 0.46]}
{"t": 377.6, "h": 89.0, "d5": 0.429, "sm": 0.439, "d6": "tick=175727 goal=0 here=0", "l": [0.34, 0.42, 1.16, 0.84, 0.85, 0.87, 0.46, 0.67, 0.62, 0.67, 0.92, 0.22, 0.24, -1.0, 0.32, 0.39]}
{"t": 378.3, "h": 150.9, "d5": 0.428, "sm": 0.436, "d6": "tick=175800 goal=0 here=0", "l": [0.95, 0.77, 0.85, 0.4, 0.65, 0.6, 0.62, 0.71, 0.24, 0.25, 0.19, 0.3, 0.42, -1.0, 0.33, 0.45]}
{"t": 378.5, "h": 155.3, "d5": 0.435, "sm": 0.436, "d6": "tick=175823 goal=0 here=0", "l": [0.91, 0.74, 0.81, 0.32, 0.47, 0.6, 0.66, -1.0, 0.28, 0.28, 0.23, 0.36, 0.38, 0.35, 0.34, 1.01]}
{"t": 378.7, "h": 148.0, "d5": 0.428, "sm": 0.434, "d6": "tick=175846 goal=0 here=0", "l": [0.88, 0.73, 0.75, 0.95, 0.45, 0.67, 0.68, 0.8, 0.31, 0.32, 0.24, 0.4, 0.37, 0.27, 0.32, 0.99]}
{"t": 379.0, "h": 149.5, "d5": 0.433, "sm": 0.434, "d6": "tick=175867 goal=0 here=0", "l": [-1.0, 0.71, 0.72, 0.76, 0.3, 0.73, 0.74, 0.88, 0.4, 0.36, 0.31, 0.4, 0.38, 0.23, 0.3, 0.91]}
{"t": 379.2, "h": 144.6, "d5": 0.437, "sm": 0.435, "d6": "tick=175888 goal=0 here=0", "l": [0.78, 0.65, 0.69, 0.77, 0.93, 0.51, 0.73, 0.88, 1.24, 0.38, 0.4, 0.43, 0.32, 0.27, 0.26, 0.87]}
{"t": 379.4, "h": 142.6, "d5": 0.441, "sm": 0.436, "d6": "tick=175909 goal=0 here=0", "l": [0.73, 0.61, 0.6, 0.76, 0.99, 0.49, 0.74, 0.84, 1.27, 0.43, 0.46, 0.41, 0.23, 0.26, 0.23, 0.83]}
{"t": 379.6, "h": 144.5, "d5": 0.445, "sm": 0.438, "d6": "tick=175930 goal=0 here=0", "l": [0.68, 0.56, 0.51, 0.68, 0.93, 0.8, 0.76, 0.89, 1.3, 0.46, 0.51, 0.41, 0.23, 0.22, 0.2, 0.75]}
{"t": 379.8, "h": 144.9, "d5": 0.438, "sm": 0.438, "d6": "tick=175951 goal=0 here=0", "l": [0.64, 0.52, 0.49, 0.61, 0.94, 0.92, 0.81, 0.9, 1.36, 0.49, 0.52, 0.28, 0.23, 0.16, 0.67, 0.78]}
{"t": 380.0, "h": 142.0, "d5": 0.445, "sm": 0.44, "d6": "tick=175971 goal=0 here=0", "l": [0.58, 0.47, 0.48, 0.58, 0.74, 0.92, 0.85, 0.94, 1.38, 0.5, 0.54, 0.27, 0.2, 1.16, 0.64, 0.74]}
{"t": 380.2, "h": 142.1, "d5": 0.449, "sm": 0.442, "d6": "tick=175992 goal=0 here=0", "l": [0.56, 0.46, 0.45, 0.54, 0.74, 0.91, 0.48, 0.96, 1.4, 0.54, 0.58, 0.25, 0.14, 1.16, 0.62, 0.72]}
{"t": 380.4, "h": 140.2, "d5": 0.426, "sm": 0.438, "d6": "tick=176013 goal=0 here=0", "l": [0.49, 0.39, 0.43, 0.41, 0.7, 0.95, 0.56, 1.04, 1.41, 0.58, 0.62, 0.18, 1.49, 1.14, 0.56, 0.67]}
{"t": 380.6, "h": 137.2, "d5": 0.443, "sm": 0.439, "d6": "tick=176034 goal=0 here=0", "l": [0.46, 0.38, 0.35, 0.37, 0.6, 1.06, 0.93, 1.06, 1.44, 0.62, 0.33, 0.71, 1.47, 1.11, 0.54, 0.64]}
{"t": 380.8, "h": 139.1, "d5": 0.435, "sm": 0.438, "d6": "tick=176054 goal=0 here=0", "l": [0.41, 0.38, 0.31, 0.39, 0.53, 1.0, 0.96, 1.1, 1.48, 0.66, 0.34, 0.72, 1.47, 1.12, 0.47, 0.58]}
{"t": 381.0, "h": 138.8, "d5": 0.431, "sm": 0.436, "d6": "tick=176075 goal=0 here=0", "l": [0.39, 0.35, 0.27, 0.33, 0.39, 0.77, 1.04, 1.06, 1.49, 0.72, 0.31, 0.75, 1.47, 1.13, 0.44, 0.53]}
{"t": 382.5, "h": 288.2, "d5": 0.446, "sm": 0.439, "d6": "tick=176219 goal=0 here=0", "l": [0.62, 1.33, 0.81, 0.28, 0.75, 1.53, 1.08, 0.49, 0.51, 0.52, 0.36, 0.29, 0.31, 0.36, 0.76, 1.07]}
{"t": 382.7, "h": 291.6, "d5": 0.442, "sm": 0.44, "d6": "tick=176242 goal=0 here=0", "l": [0.59, 1.31, 0.81, 0.71, 0.77, 2.33, 1.1, 0.51, 0.53, 0.51, 0.36, 0.31, 0.33, 0.35, 0.73, 1.03]}
{"t": 382.9, "h": 292.0, "d5": 0.471, "sm": 0.447, "d6": "tick=176263 goal=0 here=0", "l": [0.56, 1.2, 0.78, 0.72, 0.74, 0.83, 1.22, 0.56, 0.57, 0.5, 0.37, 0.31, 0.35, 0.46, 0.71, 0.96]}
{"t": 383.1, "h": 285.9, "d5": 0.483, "sm": 0.456, "d6": "tick=176283 goal=0 here=0", "l": [0.5, 1.08, 0.78, 0.68, -1.0, 0.8, 1.27, 0.61, 0.57, 0.49, -1.0, 0.34, 0.35, 0.47, 0.68, 0.93]}
{"t": 383.3, "h": 287.1, "d5": 0.476, "sm": 0.461, "d6": "tick=176304 goal=0 here=0", "l": [0.47, 1.03, 1.76, 0.61, 0.59, 0.25, 1.37, 0.66, 0.64, 0.53, 0.42, 0.36, 0.35, 0.47, 0.65, 0.89]}
{"t": 383.5, "h": 286.8, "d5": 0.483, "sm": 0.467, "d6": "tick=176325 goal=0 here=0", "l": [0.43, 0.93, 1.49, 0.63, 0.68, 0.34, 1.44, 0.68, 0.64, -1.0, 0.41, 0.37, 0.34, 0.47, 0.64, 0.86]}
{"t": 383.7, "h": 282.7, "d5": 0.488, "sm": 0.472, "d6": "tick=176345 goal=0 here=0", "l": [0.42, 0.89, 1.41, 0.67, 0.68, 0.39, 0.31, 1.29, 0.7, 0.62, 0.41, 0.36, 0.39, 0.48, 0.79, 0.82]}
{"t": 383.9, "h": 283.9, "d5": 0.51, "sm": 0.482, "d6": "tick=176366 goal=0 here=0", "l": [0.35, 0.85, 1.28, 0.64, 0.68, 0.45, 0.36, 1.35, 0.73, 0.64, 0.44, 0.38, 0.44, 0.49, 0.75, 0.74]}
{"t": 384.5, "h": 322.8, "d5": 0.522, "sm": 0.492, "d6": "tick=176419 goal=0 here=0", "l": [1.05, 2.14, 0.57, 0.64, 0.4, 1.35, 0.78, 0.87, 0.48, 0.42, 0.38, 0.46, 0.54, 0.72, 0.69, 0.24]}
{"t": 385.7, "h": 86.4, "d5": 0.556, "sm": 0.508, "d6": "tick=176544 goal=0 here=0", "l": [0.81, 0.89, 0.57, 0.42, 0.35, 0.42, 0.56, 0.82, 0.68, 0.31, 0.92, 1.7, 0.61, 0.68, 0.4, 1.42]}
{"t": 386.0, "h": 90.5, "d5": 0.535, "sm": 0.515, "d6": "tick=176566 goal=0 here=0", "l": [0.76, 0.81, 0.59, 0.43, -1.0, 0.44, 0.57, 0.85, 0.72, 0.32, 0.96, 1.73, 0.58, 0.68, 0.4, 1.37]}
{"t": 386.2, "h": 86.5, "d5": 0.52, "sm": 0.516, "d6": "tick=176592 goal=0 here=0", "l": [0.69, 0.74, 0.59, 0.41, 0.38, 0.42, 0.56, 0.85, 0.79, 0.35, 1.05, 0.67, 0.6, 0.61, 0.34, 1.34]}
{"t": 386.4, "h": 88.1, "d5": 0.521, "sm": 0.517, "d6": "tick=176613 goal=0 here=0", "l": [0.65, 0.62, 0.56, 0.4, 0.39, 0.36, 0.55, 0.88, 0.87, 0.83, 1.13, 0.69, 0.65, 0.36, 0.24, 1.27]}
{"t": 386.6, "h": 89.2, "d5": 0.512, "sm": 0.516, "d6": "tick=176634 goal=0 here=0", "l": [0.6, 0.55, 0.66, 0.46, 0.38, 0.4, 0.55, 0.91, 0.94, 0.9, 1.15, 0.71, 0.65, 0.31, 0.75, 1.26]}
{"t": 386.8, "h": 87.2, "d5": 0.496, "sm": 0.511, "d6": "tick=176654 goal=0 here=0", "l": [0.54, 0.51, 0.69, 0.46, 0.38, 0.41, 0.55, 0.77, 1.01, 0.95, 1.21, 0.73, 0.67, 0.26, 0.7, 1.2]}
{"t": 387.0, "h": 84.2, "d5": 0.487, "sm": 0.505, "d6": "tick=176675 goal=0 here=0", "l": [0.52, 0.47, 0.64, 0.45, 0.39, 0.4, 0.49, 0.79, 1.05, 0.98, 1.25, 0.73, 0.65, 0.67, 0.71, 1.19]}
{"t": 387.2, "h": 81.8, "d5": 0.493, "sm": 0.502, "d6": "tick=176696 goal=0 here=0", "l": [0.49, 0.45, 0.59, 0.45, 0.44, 0.4, 0.47, 0.85, 1.12, 1.02, 1.29, 0.69, 0.18, 0.65, 0.69, 1.13]}
{"t": 387.4, "h": 80.0, "d5": 0.485, "sm": 0.498, "d6": "tick=176716 goal=0 here=0", "l": [0.94, 0.42, 0.52, 0.52, 0.43, 0.4, 0.5, 0.86, 1.14, 1.07, 1.31, 0.16, 0.42, 0.62, 0.67, 1.1]}
{"t": 387.7, "h": 82.5, "d5": 0.449, "sm": 0.486, "d6": "tick=176737 goal=0 here=0", "l": [0.9, 0.36, 0.37, 0.54, 0.46, 0.41, 0.52, 0.83, 1.15, 1.1, 1.35, 0.21, 0.59, 0.6, 0.65, 1.05]}
{"t": 387.9, "h": 81.2, "d5": 0.464, "sm": 0.48, "d6": "tick=176758 goal=0 here=0", "l": [0.86, 0.34, 0.31, 0.55, 0.43, 0.46, 0.54, 0.79, 1.19, 1.15, 0.23, 0.38, 0.61, 0.56, 2.4, 1.0]}
{"t": 388.1, "h": 66.8, "d5": 0.454, "sm": 0.474, "d6": "tick=176783 goal=0 here=0", "l": [0.86, 0.31, 0.31, 0.47, 0.5, 0.45, 0.45, 0.61, 1.21, 0.81, 1.27, 0.25, 0.43, 0.61, 0.57, 1.1]}
{"t": 389.6, "h": 276.2, "d5": 0.482, "sm": 0.476, "d6": "tick=176928 goal=0 here=0", "l": [1.17, 0.23, 0.39, 0.58, 0.58, 0.61, 1.05, 0.89, 0.31, 0.32, 0.53, 0.45, 0.47, 0.49, 0.78, 1.23]}
{"t": 390.0, "h": 262.6, "d5": 0.487, "sm": 0.479, "d6": "tick=176969 goal=0 here=0", "l": [1.25, 1.16, 0.22, 0.4, 0.6, 0.54, 2.36, 0.96, 0.83, 0.33, 0.32, 0.56, 0.45, 0.46, 0.58, 0.93]}
{"t": 390.2, "h": 255.7, "d5": 0.5, "sm": 0.484, "d6": "tick=176991 goal=0 here=0", "l": [1.17, 1.1, 0.17, 0.22, 0.6, 0.59, 2.46, 1.02, 0.89, 0.37, 0.35, 0.56, 0.42, 0.41, 0.55, 0.84]}
{"t": 390.4, "h": 260.5, "d5": 0.522, "sm": 0.493, "d6": "tick=177012 goal=0 here=0", "l": [1.11, 1.07, 1.32, 0.17, 0.39, 0.64, -1.0, 1.13, 0.93, 0.41, 0.41, 0.56, 0.44, 0.39, 0.52, 0.8]}
{"t": 390.6, "h": 256.2, "d5": 0.518, "sm": 0.5, "d6": "tick=177033 goal=0 here=0", "l": [1.04, 1.05, 1.21, 0.78, 0.19, 0.64, 0.65, 1.18, 1.01, 0.44, 0.54, 0.53, 0.44, 0.4, 0.49, 0.76]}
{"t": 390.8, "h": 254.6, "d5": 0.549, "sm": 0.512, "d6": "tick=177053 goal=0 here=0", "l": [1.02, 0.59, 1.12, 0.74, 0.67, 0.63, 0.66, 1.24, 1.09, 0.5, 0.58, 0.49, 0.42, 0.38, 0.45, 0.73]}
{"t": 391.0, "h": 255.5, "d5": 0.558, "sm": 0.523, "d6": "tick=177074 goal=0 here=0", "l": [0.98, 0.55, 1.07, 1.54, 0.65, 0.29, 0.69, 1.28, 1.13, 0.53, 0.65, 0.47, 0.4, 0.4, 0.43, 0.71]}
{"t": 391.2, "h": 259.7, "d5": 0.553, "sm": 0.531, "d6": "tick=177095 goal=0 here=0", "l": [0.95, 0.58, 1.04, 1.47, 0.6, 0.64, 0.2, 1.45, 1.17, 0.57, 0.68, 0.48, 0.35, 0.4, 0.42, 0.7]}
{"t": 391.4, "h": 254.0, "d5": 0.578, "sm": 0.543, "d6": "tick=177116 goal=0 here=0", "l": [0.94, 0.86, 1.0, 1.36, 0.66, 0.65, 0.32, 1.53, 1.2, 0.59, 0.71, 0.5, 0.36, 0.37, 0.43, 0.64]}
{"t": 391.6, "h": 252.5, "d5": 0.605, "sm": 0.558, "d6": "tick=177137 goal=0 here=0", "l": [0.89, 0.81, 0.9, 1.16, 0.73, 0.71, 0.35, 1.58, 1.26, 0.66, 0.76, 0.52, 0.34, 0.33, 0.44, 0.62]}
{"t": 391.9, "h": 254.6, "d5": 0.628, "sm": 0.576, "d6": "tick=177157 goal=0 here=0", "l": [0.85, 0.76, 0.38, 1.13, 0.7, 0.7, 0.41, 0.28, 1.27, 0.7, 0.8, 0.42, 0.36, 0.29, 0.42, 0.56]}
{"t": 392.1, "h": 252.0, "d5": 0.644, "sm": 0.593, "d6": "tick=177178 goal=0 here=0", "l": [0.81, 0.72, 0.38, 1.07, 2.15, 0.63, 0.65, 0.37, 1.32, 0.73, 0.82, 0.43, 0.36, 0.29, 0.38, 0.53]}
{"t": 392.3, "h": 250.8, "d5": 0.672, "sm": 0.613, "d6": "tick=177199 goal=0 here=0", "l": [0.77, 0.73, 0.34, 0.93, 1.83, 0.68, 0.78, 0.47, 1.39, 0.79, 0.85, 0.41, 0.31, 0.31, 0.36, 0.47]}
{"t": 392.5, "h": 248.1, "d5": 0.654, "sm": 0.623, "d6": "tick=177219 goal=0 here=0", "l": [0.73, 0.7, 0.51, 0.3, 1.74, 0.75, 0.8, 0.53, 1.46, 0.81, 0.71, 0.42, 0.28, 0.31, 0.33, 0.45]}
{"t": 392.7, "h": 243.5, "d5": 0.683, "sm": 0.638, "d6": "tick=177240 goal=0 here=0", "l": [0.64, 0.66, 0.51, 0.29, 1.44, 0.76, 0.84, 0.56, 1.54, 0.85, 0.7, 0.4, 0.26, 0.31, 0.31, 0.39]}
{"t": 392.9, "h": 244.0, "d5": 0.706, "sm": 0.655, "d6": "tick=177261 goal=0 here=0", "l": [0.58, 0.59, 0.59, 0.44, 0.28, 0.74, 0.85, 0.62, 1.61, 0.88, 0.71, 0.38, 0.28, 0.28, 0.28, 0.36]}
{"t": 393.1, "h": 243.1, "d5": 0.73, "sm": 0.674, "d6": "tick=177281 goal=0 here=0", "l": [0.53, 0.49, 0.54, 0.43, 0.26, 2.73, 0.8, 0.65, 1.66, 0.93, 0.72, 0.28, 0.28, 0.25, 0.26, 0.31]}
{"t": 394.4, "h": 96.1, "d5": 0.748, "sm": 0.692, "d6": "tick=177412 goal=0 here=0", "l": [1.02, 0.44, 0.26, 0.27, 0.24, 0.31, 0.32, 0.58, 0.57, 0.51, 0.35, 0.27, 0.82, 0.92, 0.65, 1.57]}
{"t": 394.6, "h": 94.6, "d5": 0.745, "sm": 0.705, "d6": "tick=177434 goal=0 here=0", "l": [0.93, 0.46, 0.22, 0.26, 0.25, 0.28, 0.36, 0.64, 0.6, 0.58, 0.3, 0.32, 0.82, 0.9, 0.6, 1.59]}
{"t": 394.8, "h": 95.5, "d5": 0.75, "sm": 0.717, "d6": "tick=177455 goal=0 here=0", "l": [0.88, 0.44, 0.22, 0.23, 0.22, 0.26, 0.35, 0.61, 0.65, 0.54, 0.34, 1.81, 0.82, 0.89, 0.53, 1.53]}
{"t": 395.0, "h": 91.9, "d5": 0.735, "sm": 0.721, "d6": "tick=177475 goal=0 here=0", "l": [0.82, 0.55, 0.3, 0.19, 0.26, 0.26, 0.38, 0.62, 0.69, 0.58, 0.36, 1.82, 0.77, 0.82, 0.48, 1.49]}
{"t": 395.2, "h": 94.2, "d5": 0.732, "sm": 0.724, "d6": "tick=177496 goal=0 here=0", "l": [0.75, 0.55, 0.3, 0.18, 0.18, 0.26, 0.33, 0.48, 0.71, 0.62, 0.4, 1.86, 0.77, 0.8, 1.09, 1.44]}
{"t": 395.5, "h": 93.3, "d5": 0.709, "sm": 0.72, "d6": "tick=177517 goal=0 here=0", "l": [0.7, 0.54, 0.27, 0.24, 0.17, 0.25, 0.32, 0.52, 0.73, 0.63, 0.42, 1.87, 0.75, 0.58, 2.51, 1.4]}
{"t": 395.7, "h": 87.7, "d5": 0.708, "sm": 0.717, "d6": "tick=177538 goal=0 here=0", "l": [0.63, 0.53, 0.26, 0.24, 0.19, 0.18, 0.34, 0.53, 0.78, 0.69, 1.04, 1.91, 0.78, 0.52, 2.5, 1.31]}
{"t": 395.9, "h": 90.7, "d5": 0.684, "sm": 0.709, "d6": "tick=177559 goal=0 here=0", "l": [0.58, 0.71, 0.3, 0.22, 0.22, 0.2, 0.32, 0.59, 0.83, 0.72, 1.07, 2.0, 0.82, 0.48, 2.46, 1.3]}
{"t": 396.1, "h": 86.0, "d5": 0.673, "sm": 0.7, "d6": "tick=177580 goal=0 here=0", "l": [0.55, 0.64, 0.35, 0.21, 0.19, 0.23, 0.25, 0.61, 0.88, 0.78, 1.13, 0.86, 0.85, 0.31, 2.44, 1.23]}
{"t": 396.3, "h": 84.8, "d5": 0.656, "sm": 0.689, "d6": "tick=177601 goal=0 here=0", "l": [0.48, 0.59, 0.35, 0.22, 0.21, 0.25, 0.25, 0.53, 0.92, 0.81, 1.17, 0.88, 0.84, 0.85, 2.41, 1.2]}
{"t": 396.5, "h": 83.5, "d5": 0.639, "sm": 0.676, "d6": "tick=177621 goal=0 here=0", "l": [0.46, 0.54, 0.34, 0.27, 0.2, 0.22, 0.27, 0.51, 0.98, 0.84, 1.23, 0.89, 0.8, 0.85, 1.66, 1.16]}
{"t": 396.7, "h": 87.4, "d5": 0.611, "sm": 0.66, "d6": "tick=177642 goal=0 here=0", "l": [0.41, 0.51, 0.32, 0.27, 0.22, 0.21, 0.31, 0.51, -1.0, 0.91, 1.25, 0.91, 0.32, 0.83, 1.61, 0.52]}
{"t": 396.9, "h": 83.0, "d5": 0.615, "sm": 0.649, "d6": "tick=177663 goal=0 here=0", "l": [0.37, 0.46, 0.45, 0.27, 0.24, 0.22, 0.3, 0.39, 1.1, 0.93, 1.32, 0.94, 0.57, 0.8, 1.55, 0.47]}
{"t": 398.4, "h": 293.1, "d5": 0.635, "sm": 0.645, "d6": "tick=177807 goal=0 here=0", "l": [0.71, 1.45, 0.79, -1.0, 0.77, 1.28, 0.46, 0.33, 0.44, -1.0, 0.27, 0.24, 0.23, 0.34, 0.67, 1.11]}
{"t": 398.6, "h": 292.2, "d5": 0.631, "sm": 0.642, "d6": "tick=177830 goal=0 here=0", "l": [0.68, 1.38, 0.78, 0.61, 0.76, 1.5, 0.49, 0.4, 0.5, 0.33, 0.29, 0.23, 0.25, 0.35, 0.67, 1.07]}
{"t": 398.8, "h": 292.6, "d5": 0.66, "sm": 0.646, "d6": "tick=177850 goal=0 here=0", "l": [0.62, 1.34, 0.85, 0.42, 0.78, 1.52, 1.13, 0.45, 0.54, 0.37, 0.33, 0.25, 0.28, 0.32, 0.7, 1.02]}
{"t": 399.0, "h": 293.3, "d5": 0.638, "sm": 0.644, "d6": "tick=177871 goal=0 here=0", "l": [0.6, 1.28, 0.82, 0.75, 0.8, 2.35, 1.14, 0.52, 0.58, 0.4, 0.32, 0.27, 0.32, 0.32, 0.7, 0.99]}
{"t": 399.2, "h": 288.6, "d5": 0.655, "sm": 0.647, "d6": "tick=177892 goal=0 here=0", "l": [0.55, 1.13, 0.8, 0.78, 0.34, 0.87, 1.23, 0.6, 0.61, 0.43, 0.33, 0.28, 0.29, 0.44, 0.67, 0.92]}
{"t": 399.4, "h": 287.7, "d5": 0.649, "sm": 0.647, "d6": "tick=177913 goal=0 here=0", "l": [0.52, 1.05, 1.81, 0.7, 0.41, 0.82, 1.29, 0.65, 0.69, 0.48, 0.33, 0.34, 0.3, 0.44, 0.64, 0.9]}
{"t": 399.6, "h": 285.8, "d5": 0.644, "sm": 0.647, "d6": "tick=177933 goal=0 here=0", "l": [0.48, 0.97, 1.74, 0.65, 0.65, 0.29, 1.37, 0.7, 0.71, 0.51, 0.35, 0.34, 0.3, 0.44, 0.62, 0.85]}
{"t": 401.0, "h": 74.9, "d5": 0.651, "sm": 0.648, "d6": "tick=178071 goal=0 here=0", "l": [1.29, 0.64, 0.76, 0.4, 0.34, 0.3, 0.4, 0.59, 0.88, 0.79, 0.93, 1.19, 0.73, 0.72, 0.39, 1.61]}
{"t": 401.2, "h": 77.1, "d5": 0.632, "sm": 0.644, "d6": "tick=178094 goal=0 here=0", "l": [1.25, 0.59, 0.72, 0.46, 0.33, 0.34, 0.38, 0.58, 0.92, 0.83, 0.95, 1.37, 0.74, 0.69, 0.35, 1.57]}
{"t": 401.4, "h": 71.9, "d5": 0.627, "sm": 0.64, "d6": "tick=178114 goal=0 here=0", "l": [1.21, 0.57, 0.68, 0.46, 0.33, 0.37, 0.37, 0.57, 0.99, 0.88, 1.01, 1.41, 0.67, 0.68, 0.23, 1.52]}
{"t": 401.6, "h": 74.0, "d5": 0.61, "sm": 0.632, "d6": "tick=178135 goal=0 here=0", "l": [1.16, 0.54, 0.64, 0.46, 0.37, 0.37, 0.38, 0.59, 1.04, 0.94, 1.04, 1.43, 0.62, 0.35, 0.73, 1.5]}
{"t": 401.8, "h": 71.5, "d5": 0.592, "sm": 0.622, "d6": "tick=178156 goal=0 here=0", "l": [1.08, 0.52, 0.55, 0.5, 0.42, 0.35, 0.42, 0.59, 1.09, 0.97, 1.11, 1.47, 0.64, 0.18, 0.67, 1.45]}
{"t": 402.0, "h": 69.8, "d5": 0.591, "sm": 0.614, "d6": "tick=178176 goal=0 here=0", "l": [1.03, 0.46, 0.43, 0.59, 0.43, 0.37, 0.46, 0.62, 1.08, 1.01, 1.15, 1.5, 0.67, 0.63, 0.68, 1.37]}
{"t": 402.3, "h": 67.2, "d5": 0.585, "sm": 0.607, "d6": "tick=178197 goal=0 here=0", "l": [0.97, 0.45, 0.4, 0.56, 0.44, 0.41, 0.45, 0.63, 1.11, 1.06, 1.17, 0.81, 0.19, 0.61, 0.61, 1.36]}
{"t": 403.1, "h": 147.8, "d5": 0.585, "sm": 0.602, "d6": "tick=178279 goal=0 here=0", "l": [0.5, 0.43, 0.39, 0.5, 0.85, 1.11, 1.06, 1.31, 0.15, 0.41, 0.63, 0.67, 1.16, 0.95, 0.42, 0.54]}
{"t": 403.3, "h": 147.6, "d5": 0.584, "sm": 0.597, "d6": "tick=178301 goal=0 here=0", "l": [0.48, 0.39, 0.37, 0.47, 0.73, 1.1, 1.11, 1.33, 0.2, 0.44, 0.65, 2.53, 1.08, 0.39, 0.36, 0.5]}
{"t": 403.5, "h": 141.6, "d5": 0.581, "sm": 0.593, "d6": "tick=178322 goal=0 here=0", "l": [0.44, 0.35, 0.33, 0.4, 0.65, 1.17, 0.74, 1.31, 0.24, 0.52, 0.69, 2.53, 1.07, 0.38, 0.31, 0.46]}
{"t": 404.5, "h": 37.2, "d5": 0.594, "sm": 0.593, "d6": "tick=178419 goal=0 here=0", "l": [1.39, 0.96, 0.36, 0.31, 0.45, 0.35, 0.37, 0.33, 0.45, 0.8, 1.18, 1.13, 1.39, 0.28, 0.71, 0.67]}
{"t": 404.7, "h": 41.6, "d5": 0.567, "sm": 0.587, "d6": "tick=178442 goal=0 here=0", "l": [2.21, 0.94, 0.34, 0.31, 0.46, 0.45, 0.36, 0.36, 0.48, 0.78, 1.18, 1.16, 1.41, 0.27, 0.67, 0.63]}
{"t": 405.0, "h": 38.0, "d5": 0.556, "sm": 0.579, "d6": "tick=178467 goal=0 here=0", "l": [2.29, 0.94, 0.28, 0.31, 0.3, 0.53, 0.39, 0.42, 0.54, 0.82, 1.27, 1.15, 0.24, 0.43, 0.65, 0.59]}
{"t": 405.2, "h": 34.7, "d5": 0.56, "sm": 0.574, "d6": "tick=178488 goal=0 here=0", "l": [2.3, 0.93, 0.79, 0.3, 0.27, 0.53, 0.44, 0.49, 0.56, 0.9, 1.28, 1.23, 0.25, 0.44, 0.6, 0.52]}
{"t": 405.4, "h": 35.3, "d5": 0.519, "sm": 0.56, "d6": "tick=178508 goal=0 here=0", "l": [2.33, 0.89, 0.81, 0.24, 0.27, 0.29, 0.53, 0.53, 0.59, 0.95, 1.32, 0.26, 0.3, 0.41, 0.58, 0.47]}
{"t": 405.6, "h": 33.5, "d5": 0.525, "sm": 0.552, "d6": "tick=178529 goal=0 here=0", "l": [2.31, 0.9, 0.77, 0.25, 0.28, 0.28, 0.58, 0.55, 0.61, 0.98, 1.35, 0.26, 0.38, 0.52, 0.53, 0.45]}
{"t": 405.8, "h": 32.9, "d5": 0.519, "sm": 0.543, "d6": "tick=178550 goal=0 here=0", "l": [2.22, 0.89, 0.72, 0.49, 0.22, 0.29, 0.63, 0.58, 0.64, 1.01, 1.39, 0.28, 0.39, 0.55, 0.5, 0.4]}
{"t": 406.0, "h": 29.6, "d5": 0.51, "sm": 0.535, "d6": "tick=178571 goal=0 here=0", "l": [2.13, 0.85, 0.67, 0.72, 0.22, 0.29, 0.66, 0.61, 0.69, 1.05, 0.34, 0.33, 0.4, 0.52, 0.43, 0.34]}
{"t": 406.3, "h": 42.0, "d5": 0.506, "sm": 0.528, "d6": "tick=178602 goal=0 here=0", "l": [1.04, 0.74, 0.69, 0.46, 0.21, 0.34, 0.61, 0.68, 0.81, 1.49, 0.34, 0.4, -1.0, -1.0, 0.36, 0.37]}
{"t": 406.5, "h": 42.7, "d5": 0.495, "sm": 0.52, "d6": "tick=178625 goal=0 here=0", "l": [0.98, 0.68, 0.69, 0.45, 0.25, 0.32, 0.69, 0.7, 0.84, 1.54, 0.32, 0.41, 0.51, 0.45, 0.31, 0.35]}
{"t": 406.7, "h": 41.7, "d5": 0.487, "sm": 0.511, "d6": "tick=178646 goal=0 here=0", "l": [0.96, 0.67, 0.64, 0.66, 0.34, 0.24, 0.72, 0.74, 0.91, 1.57, 0.39, 0.4, 0.5, 0.39, 0.26, 0.31]}
{"t": 408.4, "h": 212.5, "d5": 0.508, "sm": 0.511, "d6": "tick=178809 goal=0 here=0", "l": [0.77, 1.28, 0.4, 0.44, 0.49, 0.44, 0.28, 0.27, 2.06, 0.74, 0.6, 0.64, 0.43, 0.25, 0.39, 0.67]}
{"t": 408.6, "h": 212.5, "d5": 0.518, "sm": 0.512, "d6": "tick=178829 goal=0 here=0", "l": [0.75, 1.18, 0.37, 0.41, 0.4, 0.47, 0.33, 0.29, 2.09, 0.78, 0.6, 0.64, 0.41, 0.23, 0.38, 0.64]}
{"t": 408.8, "h": 207.8, "d5": 0.531, "sm": 0.517, "d6": "tick=178850 goal=0 here=0", "l": [0.68, 1.04, 1.46, 0.35, 0.39, 0.52, 0.44, 0.34, 2.11, 0.84, 0.64, 0.68, -1.0, 0.25, 0.36, 0.59]}
{"t": 409.0, "h": 211.1, "d5": 0.56, "sm": 0.528, "d6": "tick=178871 goal=0 here=0", "l": [0.63, 0.96, 1.38, 0.29, 0.42, 0.54, 0.48, 0.38, 2.14, 0.88, 0.68, 0.72, 0.19, 0.29, 0.58, 0.57]}
{"t": 409.2, "h": 206.8, "d5": 0.549, "sm": 0.533, "d6": "tick=178892 goal=0 here=0", "l": [0.58, 0.89, 1.37, 0.3, 0.38, 0.44, 0.52, 0.42, 2.19, 0.91, 0.72, 0.5, 0.24, 0.28, 0.59, 0.52]}
{"t": 409.4, "h": 204.3, "d5": 0.557, "sm": 0.539, "d6": "tick=178913 goal=0 here=0", "l": [0.55, 0.7, 1.37, 1.28, 0.29, 0.46, 0.58, 0.49, 2.25, 0.96, 0.79, 0.21, 0.26, 0.27, 0.54, 0.48]}
{"t": 409.6, "h": 203.6, "d5": 0.592, "sm": 0.552, "d6": "tick=178933 goal=0 here=0", "l": [0.48, 0.62, 1.32, 0.85, 0.28, 0.43, 0.62, 0.54, 1.7, 1.0, 0.82, 0.23, 0.26, 0.25, 0.5, 0.43]}
{"t": 409.8, "h": 203.6, "d5": 0.61, "sm": 0.567, "d6": "tick=178954 goal=0 here=0", "l": [0.43, 0.58, 1.06, 1.23, 1.32, 0.33, 0.67, 0.61, 1.72, 1.04, 0.86, 0.26, 0.24, 0.41, 0.45, 0.41]}
{"t": 410.0, "h": 203.8, "d5": 0.617, "sm": 0.579, "d6": "tick=178975 goal=0 here=0", "l": [0.37, 0.54, 0.98, 1.2, 1.31, 0.32, 0.54, 0.68, 0.66, 1.08, 0.31, 0.27, 0.25, 0.44, 0.4, 0.34]}
{"t": 410.7, "h": 261.7, "d5": 0.623, "sm": 0.59, "d6": "tick=179044 goal=0 here=0", "l": [1.22, 1.21, 1.46, 0.5, 0.69, 0.61, 1.34, 0.89, 0.28, 0.25, 0.33, 0.46, 0.34, 0.38, 0.43, 0.75]}
{"t": 410.9, "h": 260.7, "d5": 0.636, "sm": 0.602, "d6": "tick=179066 goal=0 here=0", "l": [1.17, 1.17, 1.41, 0.31, 0.68, 0.63, 2.36, 0.94, 0.33, 0.28, 0.42, 0.46, 0.34, 0.37, 0.39, 0.7]}
{"t": 411.2, "h": 261.1, "d5": 0.636, "sm": 0.61, "d6": "tick=179087 goal=0 here=0", "l": [1.13, 0.72, 1.39, 0.24, 0.69, 0.69, 2.48, 1.04, 0.38, 0.3, 0.46, 0.41, 0.37, 0.33, 0.42, 0.68]}
{"t": 411.4, "h": 261.1, "d5": 0.655, "sm": 0.621, "d6": "tick=179107 goal=0 here=0", "l": [1.11, 0.71, 1.25, 0.86, 0.48, 0.7, 2.56, 1.1, 0.41, 0.37, -1.0, 0.37, 0.37, 0.32, 0.4, 0.63]}
{"t": 411.6, "h": 258.4, "d5": 0.664, "sm": 0.632, "d6": "tick=179128 goal=0 here=0", "l": [1.08, 0.69, 1.18, 0.85, 0.74, 0.73, 0.77, 1.16, 0.47, 0.43, 0.56, 0.34, 0.35, 0.3, 0.39, 0.6]}
{"t": 411.8, "h": 255.1, "d5": 0.683, "sm": 0.645, "d6": "tick=179149 goal=0 here=0", "l": [1.04, 0.89, 1.14, 1.63, 0.76, 0.73, 0.77, 1.28, 0.51, 0.44, 0.59, 0.39, 0.29, 0.28, 0.34, 0.55]}
{"t": 412.0, "h": 256.0, "d5": 0.68, "sm": 0.654, "d6": "tick=179170 goal=0 here=0", "l": [1.01, 0.93, 1.09, 1.57, 0.7, 0.39, 0.79, 1.33, 0.58, 0.5, 0.63, 0.4, 0.29, 0.31, 0.33, -1.0]}
{"t": 412.2, "h": 258.9, "d5": 0.711, "sm": 0.668, "d6": "tick=179190 goal=0 here=0", "l": [0.95, 0.89, 1.04, 1.47, 0.71, 0.73, 0.81, 1.39, 0.61, 0.55, 0.62, 0.4, 0.26, 0.29, 0.28, 0.51]}
{"t": 412.4, "h": 254.7, "d5": 0.725, "sm": 0.682, "d6": "tick=179211 goal=0 here=0", "l": [0.91, 0.84, 0.47, 1.24, 0.79, 0.75, 0.3, 1.44, 0.66, 0.59, 0.65, 0.34, 0.27, 0.28, 0.27, 0.48]}
{"t": 412.6, "h": 251.3, "d5": 0.731, "sm": 0.694, "d6": "tick=179232 goal=0 here=0", "l": [0.84, 0.82, 0.47, 1.22, 0.81, 0.8, 0.43, 1.64, 0.7, 0.64, 0.51, 0.33, 0.29, 0.24, 0.32, 0.44]}
{"t": 412.8, "h": 252.3, "d5": 0.753, "sm": 0.709, "d6": "tick=179252 goal=0 here=0", "l": [0.76, 0.83, 0.47, 1.15, 0.78, 0.81, 0.5, 1.7, 1.34, 0.7, 0.53, 0.3, 0.29, 0.19, 0.33, 0.41]}
{"t": 413.0, "h": 251.2, "d5": 0.755, "sm": 0.721, "d6": "tick=179273 goal=0 here=0", "l": [0.7, 0.76, 0.61, 0.36, 2.04, 0.73, 0.56, 1.77, 1.4, 0.76, 0.54, 0.3, 0.21, 0.22, 0.3, 0.37]}
{"t": 413.3, "h": 249.6, "d5": 0.775, "sm": 0.734, "d6": "tick=179294 goal=0 here=0", "l": [0.66, 0.72, 0.58, 0.38, 1.87, 0.78, 0.8, 1.11, 1.47, 0.78, 0.55, 0.29, 0.2, 0.22, 0.26, 0.36]}
{"t": 413.5, "h": 249.0, "d5": 0.797, "sm": 0.75, "d6": "tick=179320 goal=0 here=0", "l": [0.57, 0.6, 0.68, 0.35, 1.57, 0.82, 0.9, 0.54, 1.51, 0.85, 0.42, 0.23, 0.2, 0.24, 0.21, 0.35]}
{"t": 414.5, "h": 353.7, "d5": 0.797, "sm": 0.762, "d6": "tick=179420 goal=0 here=0", "l": [2.9, 0.88, 0.63, 1.65, 0.87, 0.68, 0.33, 0.19, 0.21, 0.22, 0.26, 0.36, 0.64, 0.63, 0.55, 0.36]}
