{"t": 0.1, "x": 10, "y": 31, "h": 18.2, "d5": 0.203, "d6": "tick=71105 goal=0 here=0", "l": [0.37, 0.44, 0.9, 0.82, 0.49, 0.35, 0.59, 0.74, 0.7, 0.89, 0.26, 0.22, 0.18, 0.31, 0.42, 0.36]}
{"t": 0.1, "x": 17, "y": 48, "h": 21.1, "d5": 0.182, "d6": "tick=71110 goal=0 here=0", "l": [0.37, 0.46, 0.89, 0.81, 0.48, 0.37, 0.58, -1.0, 0.73, 0.9, 0.22, 0.2, 0.19, 0.33, 0.4, 0.36]}
{"t": 0.2, "x": 17, "y": 48, "h": 14.1, "d5": 0.204, "d6": "tick=71115 goal=0 here=0", "l": [0.35, 0.45, 0.9, 0.81, 0.49, 0.37, 0.59, 0.72, 0.72, 0.9, 0.24, 0.21, 0.19, 0.33, 0.42, 0.35]}
{"t": 0.2, "x": 17, "y": 47, "h": 15.8, "d5": 0.19, "d6": "tick=71120 goal=0 here=0", "l": [0.36, 0.44, 0.88, 0.81, 0.49, 0.37, 0.6, 0.73, 0.74, 0.89, 0.24, 0.22, 0.19, 0.34, 0.39, 0.34]}
{"t": 0.3, "x": 17, "y": 49, "h": 21.7, "d5": 0.204, "d6": "tick=71130 goal=0 here=0", "l": [0.35, 0.45, 0.9, 0.83, 0.48, 0.38, 0.62, 0.72, 0.73, 0.88, 0.24, 0.2, 0.19, 0.32, 0.4, 0.36]}
{"t": 0.4, "x": 17, "y": 48, "h": 21.3, "d5": 0.209, "d6": "tick=71141 goal=0 here=0", "l": [0.37, 0.44, 0.91, 0.83, 0.49, 0.35, 0.6, 0.72, 0.73, 0.9, 0.24, 0.21, 0.18, 0.33, 0.42, 0.36]}
{"t": 0.5, "x": 17, "y": 48, "h": 18.0, "d5": 0.193, "d6": "tick=71144 goal=0 here=0", "l": [0.34, 0.46, 0.89, 0.81, 0.48, 0.37, 0.62, 0.75, 0.72, 0.9, 0.23, 0.2, 0.17, 0.31, 0.41, 0.35]}
{"t": 0.5, "x": 17, "y": 49, "h": 19.6, "d5": 0.192, "d6": "tick=71151 goal=0 here=0", "l": [0.35, 0.46, 0.88, 0.82, 0.48, 0.36, 0.59, 0.74, 0.72, 0.92, 0.25, 0.22, 0.18, 0.3, 0.4, 0.34]}
{"t": 0.6, "x": 17, "y": 48, "h": 16.6, "d5": 0.187, "d6": "tick=71162 goal=0 here=0", "l": [0.36, 0.43, 0.89, 0.79, 0.5, 0.38, 0.62, 0.74, 0.7, 0.91, 0.24, 0.21, 0.19, 0.32, 0.43, 0.36]}
{"t": 0.7, "x": 17, "y": 48, "h": 19.1, "d5": 0.194, "d6": "tick=71167 goal=0 here=0", "l": [0.36, 0.44, 0.89, 0.82, 0.47, 0.37, 0.6, 0.73, 0.71, 0.9, 0.25, 0.2, 0.17, 0.33, 0.4, 0.34]}
{"t": 0.7, "x": 17, "y": 47, "h": 18.8, "d5": 0.201, "d6": "tick=71172 goal=0 here=0", "l": [0.36, 0.44, 0.89, 0.82, 0.47, 0.38, 0.61, 0.71, 0.74, 0.9, 0.24, 0.2, 0.18, 0.34, 0.4, 0.36]}
{"t": 0.8, "x": 17, "y": 47, "h": 18.4, "d5": 0.198, "d6": "tick=71177 goal=0 here=0", "l": [0.36, 0.46, 0.9, 0.82, 0.48, 0.37, 0.61, 0.73, 0.71, 0.89, 0.23, 0.23, 0.18, 0.32, 0.41, 0.34]}
{"t": 0.9, "x": 17, "y": 49, "h": 17.9, "d5": 0.181, "d6": "tick=71187 goal=0 here=0", "l": [0.38, 0.43, 0.89, 0.81, 0.47, 0.35, 0.6, 0.73, 0.74, 0.9, 0.25, 0.21, 0.18, 0.31, 0.41, 0.34]}
{"t": 0.9, "x": 17, "y": 48, "h": 20.6, "d5": 0.178, "d6": "tick=71190 goal=0 here=0", "l": [0.37, 0.43, 0.89, 0.84, 0.49, 0.36, 0.63, 0.7, 0.74, 0.89, 0.22, 0.21, 0.17, 0.32, 0.39, 0.34]}
{"t": 1.0, "x": 17, "y": 49, "h": 20.1, "d5": 0.207, "d6": "tick=71195 goal=0 here=0", "l": [0.36, 0.43, 0.9, 0.8, 0.48, 0.37, 0.59, 0.72, 0.73, 0.88, 0.23, 0.21, 0.17, 0.33, 0.41, 0.35]}
{"t": 3.3, "x": 4, "y": 41, "h": 151.1, "d5": 0.223, "d6": "tick=71423 goal=0 here=0", "l": [0.52, 0.5, 0.5, 0.57, 0.86, 1.11, 0.13, 0.2, 0.22, 0.54, 0.61, 1.33, 0.99, 0.92, 0.37, 0.5]}
{"t": 3.5, "x": 47, "y": -35, "h": 150.4, "d5": 0.209, "d6": "tick=71446 goal=0 here=0", "l": [0.52, 0.47, 0.46, 0.51, 0.84, 1.16, 0.17, 0.2, 0.27, 0.58, 0.59, 1.34, 0.95, 0.35, 0.35, 0.45]}
{"t": 3.7, "x": 105, "y": -123, "h": 147.2, "d5": 0.213, "d6": "tick=71468 goal=0 here=0", "l": [0.46, 0.46, 0.4, -1.0, 0.75, 1.23, 0.43, 0.2, 0.33, 0.62, 0.65, 1.34, 0.93, 0.32, 0.35, 0.38]}
{"t": 3.8, "x": 109, "y": -131, "h": 149.9, "d5": 0.22, "d6": "tick=71476 goal=0 here=0", "l": [0.45, 0.48, 0.39, 0.48, 0.73, 1.23, 0.42, 0.22, 0.33, 0.62, 0.64, 1.33, 0.91, 0.3, 0.34, 0.39]}
{"t": 3.8, "x": 109, "y": -131, "h": 150.7, "d5": 0.216, "d6": "tick=71481 goal=0 here=0", "l": [0.45, 0.46, 0.4, 0.48, 0.72, 1.22, 0.41, 0.23, 0.33, 0.65, 0.63, 1.34, 0.91, 0.31, 0.34, 0.4]}
{"t": 3.9, "x": 110, "y": -132, "h": 145.2, "d5": 0.211, "d6": "tick=71486 goal=0 here=0", "l": [0.44, 0.45, 0.4, 0.46, 0.73, 1.24, 0.41, 0.21, 0.33, 0.61, 0.63, 1.33, 0.9, 0.31, 0.33, 0.39]}
{"t": 3.9, "x": 109, "y": -131, "h": 148.3, "d5": 0.215, "d6": "tick=71491 goal=0 here=0", "l": [0.45, 0.45, 0.4, 0.47, 0.74, 1.22, 0.42, 0.22, 0.32, 0.63, 0.64, 1.35, 0.92, 0.29, 0.34, 0.37]}
{"t": 4.0, "x": 110, "y": -133, "h": 151.8, "d5": 0.193, "d6": "tick=71501 goal=0 here=0", "l": [0.44, 0.45, 0.4, 0.48, 0.72, 1.22, 0.44, 0.23, 0.35, 0.64, 0.64, 1.34, 0.93, 0.31, 0.35, 0.4]}
{"t": 4.1, "x": 109, "y": -131, "h": 148.0, "d5": 0.222, "d6": "tick=71505 goal=0 here=0", "l": [0.44, 0.45, 0.4, 0.47, 0.73, 1.22, -1.0, 0.22, 0.33, 0.63, 0.64, 1.33, 0.92, 0.3, 0.35, 0.39]}
{"t": 4.2, "x": 110, "y": -132, "h": 146.7, "d5": 0.21, "d6": "tick=71514 goal=0 here=0", "l": [0.46, 0.45, 0.4, 0.48, 0.72, 1.24, 0.42, 0.2, 0.34, 0.62, 0.65, 1.33, 0.92, 0.31, 0.33, 0.39]}
{"t": 4.2, "x": 110, "y": -133, "h": 150.4, "d5": 0.217, "d6": "tick=71518 goal=0 here=0", "l": [0.45, 0.45, 0.39, 0.47, 0.72, 1.23, 0.42, 0.2, 0.34, 0.63, 0.65, 1.33, 0.91, 0.32, 0.34, 0.38]}
{"t": 4.3, "x": 109, "y": -131, "h": 146.5, "d5": 0.212, "d6": "tick=71523 goal=0 here=0", "l": [0.47, 0.45, 0.4, 0.48, 0.71, 1.22, 0.44, 0.21, 0.33, 0.62, 0.63, 1.33, 0.92, 0.3, 0.35, 0.39]}
{"t": 4.3, "x": 109, "y": -132, "h": 148.0, "d5": 0.212, "d6": "tick=71528 goal=0 here=0", "l": [0.46, 0.48, 0.39, 0.48, 0.74, 1.24, 0.43, 0.23, 0.36, 0.63, 0.62, 1.33, 0.91, 0.33, 0.33, 0.41]}
{"t": 4.5, "x": 157, "y": -210, "h": 148.7, "d5": 0.214, "d6": "tick=71550 goal=0 here=0", "l": [0.41, 0.43, 0.34, 0.45, 0.66, 1.25, 0.51, 0.24, 0.4, 0.66, 0.66, 1.29, 0.89, 0.27, 0.31, 0.34]}
{"t": 4.6, "x": 162, "y": -218, "h": 149.8, "d5": 0.2, "d6": "tick=71555 goal=0 here=0", "l": [0.41, 0.4, 0.34, 0.45, 0.68, 1.25, 0.49, 0.24, 0.38, 0.67, 0.64, 1.29, 0.89, 0.26, 0.33, 0.34]}
{"t": 4.6, "x": 162, "y": -218, "h": 145.8, "d5": 0.215, "d6": "tick=71560 goal=0 here=0", "l": [0.41, 0.42, 0.34, 0.44, 0.67, 1.25, 0.51, 0.25, 0.39, 0.67, 0.66, 1.29, 0.91, 0.3, 0.33, 0.35]}
{"t": 4.7, "x": 162, "y": -218, "h": 146.0, "d5": 0.22, "d6": "tick=71565 goal=0 here=0", "l": [0.41, 0.42, 0.34, 0.43, 0.66, 1.25, 0.51, 0.26, 0.37, 0.68, 0.67, 1.28, 0.89, 0.28, 0.33, 0.35]}
{"t": 4.7, "x": 162, "y": -219, "h": 148.7, "d5": 0.214, "d6": "tick=71571 goal=0 here=0", "l": [0.4, 0.42, 0.35, 0.42, 0.67, 1.24, 0.52, 0.24, 0.4, 0.68, 0.67, 1.3, 0.9, 0.29, 0.33, 0.33]}
{"t": 4.8, "x": 162, "y": -218, "h": 152.5, "d5": 0.207, "d6": "tick=71576 goal=0 here=0", "l": [0.39, 0.4, 0.34, 0.44, 0.68, 1.23, 0.51, 0.23, 0.39, 0.67, 0.67, 1.29, 0.9, 0.27, 0.32, 0.36]}
{"t": 4.8, "x": 161, "y": -218, "h": 148.2, "d5": 0.212, "d6": "tick=71581 goal=0 here=0", "l": [0.39, 0.41, 0.35, 0.41, 0.67, 1.24, 0.5, -1.0, 0.39, 0.68, 0.67, 1.29, -1.0, 0.28, 0.32, 0.35]}
{"t": 4.9, "x": 162, "y": -219, "h": 149.2, "d5": 0.21, "d6": "tick=71589 goal=0 here=0", "l": [0.41, 0.4, 0.34, 0.44, 0.67, 1.25, 0.52, 0.24, 0.36, 0.67, 0.68, 1.29, 0.89, 0.27, 0.31, 0.36]}
{"t": 5.0, "x": 162, "y": -219, "h": 147.7, "d5": 0.213, "d6": "tick=71594 goal=0 here=0", "l": [0.39, 0.41, 0.37, 0.43, 0.66, 1.25, 0.51, 0.24, 0.4, 0.67, 0.64, 1.3, 0.89, 0.28, 0.32, 0.36]}
{"t": 5.0, "x": 162, "y": -219, "h": 150.3, "d5": 0.216, "d6": "tick=71599 goal=0 here=0", "l": [0.4, 0.42, 0.35, 0.45, 0.66, 1.26, 0.49, 0.24, 0.38, 0.67, 0.68, 1.29, 0.9, 0.27, 0.33, 0.34]}
{"t": 5.1, "x": 162, "y": -218, "h": 145.2, "d5": 0.201, "d6": "tick=71603 goal=0 here=0", "l": [0.4, 0.39, 0.33, 0.42, 0.65, 1.25, 0.51, 0.23, 0.39, 0.66, 0.68, 1.3, 0.89, 0.28, 0.34, 0.32]}
{"t": 5.1, "x": 162, "y": -218, "h": 151.0, "d5": 0.21, "d6": "tick=71609 goal=0 here=0", "l": [0.39, 0.4, 0.33, 0.44, 0.66, 1.24, 0.49, 0.25, 0.36, 0.67, 0.65, 1.29, 0.89, 0.28, 0.33, 0.33]}
{"t": 5.2, "x": 162, "y": -218, "h": 148.9, "d5": 0.195, "d6": "tick=71614 goal=0 here=0", "l": [0.39, -1.0, 0.35, 0.44, 0.66, 1.25, 0.51, 0.24, 0.36, 0.66, 0.65, 1.28, 0.88, 0.28, 0.33, 0.35]}
{"t": 5.2, "x": 162, "y": -219, "h": 148.5, "d5": 0.226, "d6": "tick=71619 goal=0 here=0", "l": [0.42, 0.42, 0.35, 0.43, 0.67, 1.25, 0.5, 0.24, 0.38, 0.66, 0.67, 1.29, 0.9, 0.27, 0.32, 0.35]}
{"t": 7.1, "x": 165, "y": -214, "h": 63.2, "d5": 0.213, "d6": "tick=71810 goal=0 here=0", "l": [0.92, 0.57, 0.4, 0.54, 0.6, 0.5, 0.56, 0.76, 1.22, 0.12, 0.14, 0.16, 0.2, 0.48, 0.52, 1.19]}
{"t": 7.4, "x": 267, "y": -167, "h": 65.0, "d5": 0.201, "d6": "tick=71838 goal=0 here=0", "l": [0.87, 0.87, 0.35, 0.5, 0.57, 0.55, 0.6, 0.77, 1.26, 0.14, 0.2, 0.2, 0.42, 0.45, 0.49, 1.14]}
{"t": 7.6, "x": 365, "y": -125, "h": 67.1, "d5": 0.202, "d6": "tick=71860 goal=0 here=0", "l": [0.83, 0.83, 0.28, 0.45, 0.62, 0.62, 0.65, 0.79, 1.3, 0.21, 0.23, 0.23, 0.5, 0.46, 0.46, 1.11]}
{"t": 7.9, "x": 459, "y": -87, "h": 67.8, "d5": 0.196, "d6": "tick=71883 goal=0 here=0", "l": [0.81, 0.8, 0.35, 0.27, 0.53, 0.65, 0.63, 0.77, 1.31, 0.27, 0.27, 0.39, 0.47, 0.45, 0.41, 1.02]}
{"t": 8.1, "x": 550, "y": -38, "h": 62.0, "d5": 0.161, "d6": "tick=71911 goal=0 here=0", "l": [0.79, 0.73, 0.36, 0.23, 0.47, 0.64, 0.63, 0.76, 1.15, 0.33, 0.3, 0.45, 0.42, 0.45, 0.38, 0.98]}
{"t": 8.4, "x": 667, "y": 16, "h": 65.2, "d5": 0.169, "d6": "tick=71933 goal=0 here=0", "l": [0.75, 0.7, 0.58, 0.28, 0.26, 0.65, 0.66, 0.79, 1.16, 0.37, 0.34, -1.0, 0.41, 0.39, 0.37, 0.93]}
{"t": 8.6, "x": 754, "y": 69, "h": 58.2, "d5": 0.178, "d6": "tick=71956 goal=0 here=0", "l": [0.69, 0.61, 0.62, 0.28, 0.24, 0.54, 0.72, 0.83, 1.2, 0.42, 0.39, 0.52, 0.4, 0.31, 0.36, 0.89]}
{"t": 8.8, "x": 846, "y": 120, "h": 61.1, "d5": 0.17, "d6": "tick=71979 goal=0 here=0", "l": [0.65, 0.55, 0.61, 0.29, 0.25, 0.26, 0.77, 0.87, 1.23, 0.47, 0.46, 0.54, 0.41, 0.28, 0.3, 0.85]}
{"t": 9.0, "x": 934, "y": 175, "h": 58.1, "d5": 0.175, "d6": "tick=72001 goal=0 here=0", "l": [0.61, 0.48, 0.58, 0.46, 0.27, 0.23, 0.77, 0.9, 1.26, 0.52, 0.53, 0.55, 0.38, 0.26, 0.76, 0.81]}
{"t": 9.3, "x": 1016, "y": 233, "h": 54.9, "d5": 0.164, "d6": "tick=72024 goal=0 here=0", "l": [0.56, 0.42, 0.52, 0.49, 0.28, 0.29, 0.75, 0.91, 1.28, 0.55, 0.59, -1.0, 0.29, 0.26, 0.74, 0.75]}
{"t": 9.5, "x": 1103, "y": 294, "h": 54.9, "d5": 0.173, "d6": "tick=72046 goal=0 here=0", "l": [0.52, 0.39, 0.47, 0.51, 0.32, 0.27, 0.28, 0.92, 1.34, 0.61, 0.63, 0.45, 0.23, 0.23, 0.72, 0.68]}
{"t": 9.5, "x": 1111, "y": 299, "h": 55.8, "d5": 0.179, "d6": "tick=72051 goal=0 here=0", "l": [0.51, 0.4, 0.46, 0.51, 0.35, 0.31, 0.31, 0.93, 1.33, 0.6, 0.62, 0.47, 0.26, 0.75, 0.71, 0.69]}
{"t": 9.6, "x": 1111, "y": 299, "h": 60.5, "d5": 0.157, "d6": "tick=72057 goal=0 here=0", "l": [0.52, 0.39, 0.46, 0.51, 0.34, 0.28, 0.31, 0.93, 1.32, 0.58, 0.62, 0.46, 0.26, 0.75, 0.72, 0.67]}
{"t": 9.6, "x": 1110, "y": 299, "h": 55.8, "d5": 0.16, "d6": "tick=72062 goal=0 here=0", "l": [0.52, 0.38, 0.45, 0.54, 0.34, 0.28, 0.29, 0.93, 1.34, 0.61, 0.61, 0.46, 0.26, 0.75, 0.69, 0.66]}
{"t": 9.7, "x": 1111, "y": 299, "h": 54.4, "d5": 0.164, "d6": "tick=72067 goal=0 here=0", "l": [0.52, 0.39, 0.46, 0.53, 0.35, 0.28, 0.32, 0.9, 1.31, 0.59, 0.61, -1.0, 0.26, 0.76, 0.71, 0.69]}
{"t": 9.7, "x": 1111, "y": 299, "h": 58.9, "d5": 0.166, "d6": "tick=72072 goal=0 here=0", "l": [0.52, 0.39, 0.46, 0.5, 0.34, 0.27, 0.32, 0.92, 1.32, 0.6, 0.6, 0.44, 0.27, 0.76, 0.71, 0.69]}
{"t": 9.8, "x": 1111, "y": 300, "h": 58.1, "d5": 0.153, "d6": "tick=72077 goal=0 here=0", "l": [0.5, 0.4, 0.46, 0.52, 0.33, 0.29, 0.31, 0.92, 1.34, 0.59, 0.62, 0.47, 0.26, 0.75, 0.72, 0.69]}
{"t": 9.8, "x": 1111, "y": 299, "h": 55.0, "d5": 0.165, "d6": "tick=72082 goal=0 here=0", "l": [0.5, 0.38, 0.46, 0.53, 0.35, 0.28, 0.32, 0.94, 1.33, 0.59, 0.61, 0.45, 0.24, 0.78, 0.72, 0.68]}
{"t": 9.9, "x": 1111, "y": 299, "h": 55.6, "d5": 0.167, "d6": "tick=72087 goal=0 here=0", "l": [0.52, 0.39, 0.46, 0.52, 0.35, 0.3, 0.32, 0.92, 1.31, 0.61, 0.62, 0.44, 0.26, 0.76, 0.72, 0.66]}
{"t": 9.9, "x": 1111, "y": 299, "h": 53.2, "d5": 0.175, "d6": "tick=72092 goal=0 here=0", "l": [0.52, 0.37, 0.47, 0.5, 0.33, 0.28, 0.32, 0.9, 1.32, 0.6, 0.64, 0.46, 0.24, 0.76, 0.7, 0.69]}
{"t": 10.0, "x": 1111, "y": 299, "h": 56.4, "d5": 0.154, "d6": "tick=72099 goal=0 here=0", "l": [0.54, 0.38, 0.47, 0.52, 0.33, 0.29, 0.31, 0.94, 1.32, 0.62, 0.63, 0.46, 0.25, 0.74, 0.72, 0.67]}
{"t": 10.1, "x": 1111, "y": 299, "h": 57.8, "d5": 0.17, "d6": "tick=72104 goal=0 here=0", "l": [0.51, 0.4, 0.44, 0.52, 0.34, 0.28, 0.32, 0.92, 1.33, 0.61, 0.62, 0.46, 0.26, 0.76, 0.72, 0.68]}
{"t": 10.1, "x": 1111, "y": 300, "h": 54.0, "d5": 0.173, "d6": "tick=72109 goal=0 here=0", "l": [0.52, 0.4, 0.46, 0.51, 0.36, 0.28, 0.31, 0.93, 1.31, 0.6, 0.61, 0.44, 0.24, 0.74, 0.69, 0.67]}
{"t": 10.2, "x": 1110, "y": 299, "h": 58.0, "d5": 0.162, "d6": "tick=72117 goal=0 here=0", "l": [0.52, 0.38, 0.46, 0.51, 0.34, 0.28, 0.31, 0.93, 1.32, 0.6, 0.62, 0.46, 0.26, 0.75, 0.72, 0.69]}
{"t": 10.3, "x": 1111, "y": 300, "h": 58.6, "d5": 0.165, "d6": "tick=72122 goal=0 here=0", "l": [0.53, 0.41, 0.46, 0.55, 0.35, 0.27, 0.31, 0.91, 1.31, 0.59, 0.61, 0.44, 0.27, 0.76, 0.71, 0.68]}
{"t": 10.5, "x": 1184, "y": 351, "h": 54.8, "d5": 0.185, "d6": "tick=72145 goal=0 here=0", "l": [0.48, 0.36, 0.39, 0.49, 0.43, 0.28, 0.35, 0.94, 1.36, 0.66, 0.63, 0.44, 0.23, 0.72, 0.7, 0.64]}
{"t": 10.5, "x": 1196, "y": 359, "h": 55.7, "d5": 0.154, "d6": "tick=72150 goal=0 here=0", "l": [0.47, 0.35, 0.37, 0.47, 0.46, 0.29, 0.34, 0.93, 1.35, 0.65, 0.65, 0.45, 0.24, 0.71, 0.67, 0.64]}
{"t": 10.6, "x": 1197, "y": 360, "h": 54.0, "d5": 0.173, "d6": "tick=72155 goal=0 here=0", "l": [0.46, 0.34, 0.38, 0.49, 0.41, 0.3, 0.35, 0.94, 1.35, 0.64, 0.65, 0.46, 0.22, 0.7, 0.7, 0.63]}
{"t": 10.6, "x": 1197, "y": 360, "h": 58.4, "d5": 0.169, "d6": "tick=72160 goal=0 here=0", "l": [0.47, 0.36, 0.38, 0.48, 0.44, 0.28, 0.33, 0.96, 1.33, 0.65, 0.63, 0.44, 0.23, 0.71, 0.69, 0.63]}
{"t": 10.7, "x": 1197, "y": 360, "h": 56.3, "d5": 0.176, "d6": "tick=72165 goal=0 here=0", "l": [0.47, 0.35, 0.37, 0.49, 0.42, 0.29, 0.35, 0.94, 1.33, 0.65, 0.62, 0.46, 0.24, 0.71, 0.7, 0.64]}
{"t": 10.7, "x": 1196, "y": 359, "h": 52.9, "d5": 0.166, "d6": "tick=72170 goal=0 here=0", "l": [0.46, 0.36, 0.38, 0.45, 0.42, 0.29, 0.35, 0.94, 1.35, 0.65, 0.66, 0.46, 0.23, 0.73, 0.69, 0.62]}
{"t": 10.8, "x": 1196, "y": 359, "h": 54.8, "d5": 0.164, "d6": "tick=72175 goal=0 here=0", "l": [0.46, 0.35, 0.36, 0.47, 0.44, 0.3, 0.34, 0.94, 1.34, 0.65, 0.64, 0.44, 0.22, 0.7, 0.69, 0.64]}
{"t": 10.8, "x": 1197, "y": 360, "h": 52.1, "d5": 0.15, "d6": "tick=72180 goal=0 here=0", "l": [0.44, 0.35, 0.37, 0.48, 0.43, 0.29, 0.33, 0.95, 1.34, 0.65, 0.67, 0.44, 0.25, 0.71, 0.69, 0.61]}
{"t": 10.9, "x": 1198, "y": 360, "h": 58.5, "d5": 0.171, "d6": "tick=72187 goal=0 here=0", "l": [0.47, 0.35, 0.38, 0.51, 0.43, 0.28, 0.34, 0.93, 1.35, 0.65, 0.63, 0.43, 0.23, 0.71, 0.69, 0.63]}
{"t": 11.0, "x": 1197, "y": 360, "h": 54.6, "d5": 0.162, "d6": "tick=72193 goal=0 here=0", "l": [0.46, 0.34, 0.37, 0.49, 0.42, 0.29, 0.35, 0.96, 1.36, 0.63, 0.64, 0.45, 0.25, 0.7, 0.71, 0.63]}
{"t": 11.0, "x": 1197, "y": 360, "h": 56.2, "d5": 0.175, "d6": "tick=72198 goal=0 here=0", "l": [0.46, 0.34, 0.38, 0.48, 0.43, 0.28, 0.34, 0.96, 1.34, 0.64, 0.66, -1.0, 0.23, 0.71, 0.69, 0.63]}
{"t": 13.2, "x": 1192, "y": 363, "h": 289.1, "d5": 0.183, "d6": "tick=72419 goal=0 here=0", "l": [0.52, 0.45, 0.36, 0.29, 0.85, 0.84, 0.57, 0.57, 0.6, 0.28, 0.26, -1.0, 0.78, 0.9, 0.5, 0.44]}
{"t": 13.4, "x": 1104, "y": 389, "h": 286.3, "d5": 0.193, "d6": "tick=72442 goal=0 here=0", "l": [0.47, 0.45, 0.35, 0.27, 0.29, 0.84, 0.63, 0.6, 0.64, 0.33, 0.27, 0.73, 0.78, 0.92, 0.46, 0.4]}
{"t": 13.5, "x": 1092, "y": 394, "h": 291.4, "d5": 0.164, "d6": "tick=72452 goal=0 here=0", "l": [0.48, 0.47, 0.37, 0.25, 0.31, 0.83, 0.67, 0.59, 0.66, 0.34, 0.27, 0.72, 0.77, 0.92, 0.45, 0.36]}
{"t": 13.6, "x": 1090, "y": 394, "h": 287.5, "d5": 0.164, "d6": "tick=72457 goal=0 here=0", "l": [0.45, 0.49, 0.37, 0.26, 0.29, 0.83, 0.66, 0.58, 0.64, 0.34, 0.27, 0.74, 0.76, 0.91, 0.45, 0.38]}
{"t": 13.6, "x": 1091, "y": 394, "h": 288.9, "d5": 0.178, "d6": "tick=72462 goal=0 here=0", "l": [0.47, 0.48, 0.36, 0.24, 0.31, 0.84, 0.66, 0.59, 0.67, 0.32, 0.28, 0.72, 0.76, 0.91, 0.44, 0.36]}
{"t": 13.7, "x": 1091, "y": 394, "h": 289.9, "d5": 0.173, "d6": "tick=72467 goal=0 here=0", "l": [0.47, 0.45, 0.36, 0.25, 0.3, 0.86, 0.67, 0.58, 0.66, 0.33, 0.27, 0.73, 0.76, 0.91, 0.47, 0.37]}
{"t": 13.8, "x": 1092, "y": 394, "h": 289.0, "d5": 0.167, "d6": "tick=72472 goal=0 here=0", "l": [0.47, 0.47, 0.35, 0.25, 0.27, 0.83, 0.66, 0.6, 0.66, 0.33, 0.27, 0.73, 0.77, 0.92, 0.44, 0.37]}
{"t": 13.8, "x": 1092, "y": 394, "h": 287.4, "d5": 0.178, "d6": "tick=72477 goal=0 here=0", "l": [0.46, 0.46, 0.37, 0.25, 0.29, 0.83, 0.67, 0.57, 0.66, 0.33, 0.25, 0.71, 0.75, 0.9, 0.46, 0.39]}
{"t": 13.9, "x": 1090, "y": 394, "h": 292.6, "d5": 0.185, "d6": "tick=72482 goal=0 here=0", "l": [0.45, 0.46, 0.38, 0.26, 0.28, 0.81, 0.67, 0.6, 0.66, 0.32, 0.26, 0.73, 0.76, 0.91, 0.44, 0.38]}
{"t": 13.9, "x": 1091, "y": 394, "h": 288.9, "d5": 0.189, "d6": "tick=72487 goal=0 here=0", "l": [0.46, 0.47, 0.36, 0.26, 0.29, 0.84, 0.67, 0.6, 0.65, 0.32, 0.29, 0.72, 0.76, 0.92, 0.44, 0.37]}
{"t": 14.0, "x": 1091, "y": 394, "h": 287.0, "d5": 0.186, "d6": "tick=72493 goal=0 here=0", "l": [0.47, 0.47, 0.37, 0.27, 0.3, 0.86, 0.66, 0.58, 0.64, 0.32, 0.29, 0.72, 0.77, 0.92, 0.45, 0.37]}
{"t": 14.0, "x": 1091, "y": 394, "h": 293.6, "d5": 0.181, "d6": "tick=72498 goal=0 here=0", "l": [0.45, 0.47, 0.36, 0.28, 0.29, 0.83, 0.67, 0.59, 0.66, 0.32, 0.25, 0.72, 0.77, 0.91, 0.44, 0.4]}
{"t": 14.1, "x": 1091, "y": 394, "h": 291.0, "d5": 0.166, "d6": "tick=72504 goal=0 here=0", "l": [0.47, 0.47, 0.37, 0.27, 0.3, 0.86, 0.66, 0.59, 0.64, 0.33, 0.27, 0.72, 0.77, 0.91, 0.45, 0.36]}
{"t": 14.1, "x": 1091, "y": 394, "h": 291.4, "d5": 0.177, "d6": "tick=72509 goal=0 here=0", "l": [0.47, 0.47, 0.33, 0.26, 0.3, 0.82, 0.69, 0.58, 0.65, 0.32, 0.28, 0.73, 0.75, 0.9, 0.46, 0.4]}
{"t": 14.3, "x": 1005, "y": 423, "h": 288.8, "d5": 0.186, "d6": "tick=72531 goal=0 here=0", "l": [0.41, 0.46, 0.34, 0.28, 0.26, 0.96, 0.72, 0.62, 0.69, 0.38, -1.0, 0.75, 0.76, 0.93, 0.4, 0.33]}
{"t": 14.4, "x": 994, "y": 427, "h": 288.6, "d5": 0.183, "d6": "tick=72536 goal=0 here=0", "l": [0.41, 0.44, 0.33, 0.25, 0.28, 0.98, 0.73, 0.6, 0.69, -1.0, 0.27, 0.73, 0.76, 0.92, 0.41, 0.32]}
{"t": 14.4, "x": 995, "y": 427, "h": 288.4, "d5": 0.175, "d6": "tick=72542 goal=0 here=0", "l": [0.4, 0.47, 0.32, 0.26, 0.25, 0.97, 0.75, 0.62, 0.71, 0.37, 0.3, 0.73, 0.75, 0.92, 0.41, 0.32]}
{"t": 14.5, "x": 995, "y": 427, "h": 289.5, "d5": 0.17, "d6": "tick=72547 goal=0 here=0", "l": [-1.0, 0.46, 0.34, 0.26, 0.27, 0.98, 0.74, 0.64, 0.71, 0.37, 0.28, 0.74, 0.76, 0.95, 0.39, 0.33]}
{"t": 16.4, "x": 1003, "y": 416, "h": 12.0, "d5": 0.183, "d6": "tick=72734 goal=0 here=0", "l": [0.84, 0.81, 0.51, -1.0, 0.49, 0.36, 0.19, 0.18, 0.19, 0.79, 1.19, 0.57, 0.56, 0.66, 0.41, 0.33]}
{"t": 17.6, "x": 996, "y": 421, "h": 245.6, "d5": 0.183, "d6": "tick=72852 goal=0 here=0", "l": [1.6, 0.55, 0.62, 0.5, 0.35, 0.82, 0.93, -1.0, 0.46, 0.5, 0.47, 0.2, 0.18, 0.19, 0.77, 0.91]}
{"t": 17.8, "x": 911, "y": 389, "h": 249.6, "d5": 0.182, "d6": "tick=72875 goal=0 here=0", "l": [1.61, 0.51, 0.56, 0.5, 0.35, 0.34, 0.96, 0.66, 0.5, 0.54, 0.46, 0.2, 0.17, 0.17, 0.75, 0.9]}
{"t": 18.0, "x": 812, "y": 354, "h": 250.0, "d5": 0.175, "d6": "tick=72897 goal=0 here=0", "l": [1.57, 0.46, 0.54, 0.52, 0.43, 0.37, 1.01, 0.7, 0.55, 0.59, 0.25, 0.21, 0.17, 0.63, 0.69, 0.85]}
{"t": 18.8, "x": 798, "y": 346, "h": 210.4, "d5": 0.176, "d6": "tick=72978 goal=0 here=0", "l": [0.68, 1.01, 0.45, 0.44, 0.54, 0.49, 0.39, 0.37, 1.0, 0.72, 0.55, 0.6, 0.24, -1.0, 0.16, 0.62]}
{"t": 19.0, "x": 752, "y": 267, "h": 210.1, "d5": 0.184, "d6": "tick=73000 goal=0 here=0", "l": [0.64, 0.86, 1.53, 0.47, 0.48, 0.59, 0.5, 0.43, 1.07, 0.77, 0.6, 0.61, 0.2, 0.13, 0.18, 0.57]}
{"t": 19.3, "x": 704, "y": 177, "h": 207.7, "d5": 0.172, "d6": "tick=73023 goal=0 here=0", "l": [0.59, 0.77, 1.5, 0.42, 0.41, 0.61, 0.54, 0.45, 1.09, 0.81, 0.61, 0.28, 0.16, 0.13, 0.35, 0.54]}
{"t": 19.5, "x": 655, "y": 84, "h": 207.9, "d5": 0.199, "d6": "tick=73046 goal=0 here=0", "l": [0.54, 0.69, 1.16, 0.37, 0.43, 0.56, 0.56, 0.51, 1.13, 0.85, 0.68, 0.21, 0.11, 0.12, 0.34, 0.49]}
{"t": 19.7, "x": 615, "y": -13, "h": 202.4, "d5": 0.202, "d6": "tick=73068 goal=0 here=0", "l": [0.5, 0.64, 1.07, 0.65, 0.41, 0.57, 0.59, 0.53, 1.18, 0.91, 0.72, 0.13, 0.14, 0.23, 0.34, 0.46]}
{"t": 19.9, "x": 583, "y": -113, "h": 197.7, "d5": 0.217, "d6": "tick=73091 goal=0 here=0", "l": [0.46, 0.56, 0.89, 1.34, 0.35, 0.43, 0.71, 0.63, 1.19, 0.95, -1.0, 0.12, 0.15, 0.24, 0.31, 0.4]}
{"t": 20.2, "x": 579, "y": -122, "h": 210.8, "d5": 0.205, "d6": "tick=73117 goal=0 here=0", "l": [0.44, 0.61, 1.38, 0.6, 0.43, 0.61, 0.65, 0.59, 1.28, 0.81, 0.15, 0.15, 0.2, 0.26, 0.39, 0.45]}
{"t": 20.4, "x": 538, "y": -203, "h": 206.4, "d5": 0.199, "d6": "tick=73139 goal=0 here=0", "l": [0.39, 0.54, 0.97, 1.31, 0.37, 0.43, 0.68, 0.64, 1.32, 0.82, 0.14, 0.19, 0.24, 0.26, 0.35, 0.41]}
{"t": 20.5, "x": 532, "y": -215, "h": 210.2, "d5": 0.196, "d6": "tick=73150 goal=0 here=0", "l": [0.38, 0.53, 1.0, 1.3, 0.36, 0.44, 0.68, 0.62, 1.3, 0.83, 0.19, 0.19, 0.22, 0.26, 0.37, 0.39]}
{"t": 20.6, "x": 532, "y": -215, "h": 212.2, "d5": 0.189, "d6": "tick=73155 goal=0 here=0", "l": [0.38, 0.52, 0.99, 1.3, 0.35, 0.46, 0.7, 0.63, 1.34, 0.81, 0.15, 0.18, 0.25, 0.24, 0.36, 0.4]}
{"t": 20.6, "x": 532, "y": -214, "h": 209.1, "d5": 0.2, "d6": "tick=73160 goal=0 here=0", "l": [0.4, 0.53, 0.99, 1.31, 0.35, 0.46, 0.68, 0.65, 1.34, 0.84, 0.15, 0.18, 0.24, 0.27, 0.35, 0.4]}
{"t": 20.7, "x": 531, "y": -215, "h": 211.3, "d5": 0.199, "d6": "tick=73165 goal=0 here=0", "l": [0.39, 0.54, 0.97, 1.3, 0.33, 0.47, 0.69, 0.64, 1.33, 0.83, 0.19, 0.17, 0.25, 0.24, 0.34, 0.4]}
{"t": 20.7, "x": 532, "y": -215, "h": 210.2, "d5": 0.202, "d6": "tick=73170 goal=0 here=0", "l": [0.38, 0.53, 0.98, 1.31, 0.37, 0.46, 0.69, 0.62, 1.32, 0.82, 0.17, 0.19, 0.26, 0.29, 0.35, 0.42]}
{"t": 20.8, "x": 532, "y": -214, "h": 205.3, "d5": 0.191, "d6": "tick=73175 goal=0 here=0", "l": [0.4, 0.54, 0.98, 1.29, 0.36, 0.44, 0.68, 0.62, 1.32, 0.83, 0.17, 0.17, 0.24, 0.26, 0.35, 0.41]}
{"t": 20.8, "x": 531, "y": -215, "h": 208.4, "d5": 0.197, "d6": "tick=73181 goal=0 here=0", "l": [0.37, 0.54, 0.97, 1.29, 0.34, 0.46, 0.7, 0.64, 1.32, 0.84, 0.17, 0.19, 0.26, 0.27, 0.37, 0.39]}
{"t": 20.9, "x": 531, "y": -216, "h": 207.5, "d5": 0.192, "d6": "tick=73185 goal=0 here=0", "l": [0.39, 0.52, 1.0, 1.3, 0.34, 0.47, 0.68, 0.65, 1.31, 0.85, 0.16, 0.17, 0.25, 0.26, 0.36, 0.39]}
{"t": 20.9, "x": 531, "y": -215, "h": 211.3, "d5": 0.202, "d6": "tick=73191 goal=0 here=0", "l": [0.37, 0.55, 0.97, 1.31, 0.35, 0.45, 0.68, 0.63, 1.32, 0.82, 0.18, 0.18, 0.26, 0.26, 0.36, 0.41]}
{"t": 21.0, "x": 531, "y": -215, "h": 211.8, "d5": 0.201, "d6": "tick=73196 goal=0 here=0", "l": [0.39, 0.55, 0.99, 1.3, 0.37, 0.45, 0.7, 0.63, 1.31, 0.84, 0.18, 0.19, 0.27, 0.28, 0.37, 0.4]}
{"t": 21.0, "x": 531, "y": -216, "h": 211.7, "d5": 0.187, "d6": "tick=73201 goal=0 here=0", "l": [0.4, 0.54, 0.99, 1.31, 0.37, 0.47, 0.7, 0.64, 1.31, 0.82, 0.18, 0.17, 0.25, 0.26, 0.36, 0.38]}
{"t": 21.1, "x": 531, "y": -215, "h": 208.1, "d5": 0.19, "d6": "tick=73206 goal=0 here=0", "l": [0.38, 0.53, 0.98, 1.31, 0.34, 0.45, 0.7, 0.64, 1.33, 0.84, 0.18, 0.18, 0.27, 0.27, 0.38, 0.41]}
{"t": 21.1, "x": 531, "y": -215, "h": 210.4, "d5": 0.201, "d6": "tick=73211 goal=0 here=0", "l": [0.37, 0.54, 0.98, 1.29, 0.36, 0.47, 0.7, 0.64, 1.32, 0.82, 0.18, 0.18, 0.25, 0.28, 0.36, 0.42]}
{"t": 21.2, "x": 531, "y": -215, "h": 210.1, "d5": 0.183, "d6": "tick=73221 goal=0 here=0", "l": [0.38, 0.53, 0.97, 1.31, 0.35, 0.46, 0.68, 0.65, 1.3, 0.84, 0.16, 0.19, 0.24, 0.26, 0.35, 0.41]}
{"t": 21.3, "x": 531, "y": -215, "h": 206.0, "d5": 0.199, "d6": "tick=73229 goal=0 here=0", "l": [0.39, 0.52, 0.98, 1.29, 0.35, 0.45, 0.7, 0.66, 1.32, 0.83, 0.17, 0.18, 0.25, 0.27, 0.36, 0.41]}
{"t": 21.4, "x": 532, "y": -215, "h": 211.4, "d5": 0.19, "d6": "tick=73234 goal=0 here=0", "l": [0.38, 0.52, 1.0, 1.3, 0.34, 0.46, 0.68, 0.65, 1.32, 0.85, 0.16, 0.2, 0.25, 0.27, 0.36, 0.39]}
{"t": 21.4, "x": 531, "y": -216, "h": 206.8, "d5": 0.196, "d6": "tick=73239 goal=0 here=0", "l": [0.39, 0.53, 1.0, 1.3, 0.36, 0.45, 0.7, 0.65, 1.34, 0.84, 0.17, 0.17, 0.23, 0.28, 0.35, 0.41]}
{"t": 21.5, "x": 531, "y": -216, "h": 210.8, "d5": 0.205, "d6": "tick=73244 goal=0 here=0", "l": [0.37, 0.51, 0.97, 1.3, 0.36, 0.46, 0.69, 0.65, 1.31, 0.84, -1.0, 0.18, 0.23, 0.26, 0.35, 0.39]}
{"t": 21.5, "x": 531, "y": -215, "h": 211.3, "d5": 0.202, "d6": "tick=73249 goal=0 here=0", "l": [0.39, 0.53, 0.97, 1.31, 0.34, 0.46, 0.7, 0.63, 1.34, 0.83, 0.16, 0.19, 0.23, 0.27, 0.34, 0.41]}
{"t": 21.6, "x": 531, "y": -215, "h": 210.8, "d5": 0.192, "d6": "tick=73259 goal=0 here=0", "l": [0.39, 0.53, 0.97, 1.27, 0.34, 0.45, 0.71, 0.65, 1.32, 0.83, 0.16, 0.17, 0.24, 0.26, 0.36, 0.42]}
{"t": 21.7, "x": 532, "y": -214, "h": 206.6, "d5": 0.201, "d6": "tick=73264 goal=0 here=0", "l": [0.37, 0.53, 0.99, 1.3, 0.35, 0.47, 0.68, 0.65, 1.32, 0.83, 0.18, 0.17, 0.24, 0.28, 0.34, 0.4]}
{"t": 21.7, "x": 531, "y": -215, "h": 208.7, "d5": 0.195, "d6": "tick=73269 goal=0 here=0", "l": [0.38, 0.54, 0.98, 1.3, 0.35, 0.47, 0.67, 0.63, 1.33, 0.83, 0.18, 0.19, 0.24, 0.27, 0.35, 0.39]}
{"t": 21.8, "x": 531, "y": -216, "h": 210.2, "d5": 0.207, "d6": "tick=73274 goal=0 here=0", "l": [0.39, 0.53, 0.97, 1.3, 0.34, 0.45, 0.68, -1.0, 1.33, 0.83, 0.16, 0.19, 0.24, 0.27, 0.36, 0.39]}
{"t": 21.8, "x": 532, "y": -214, "h": 208.3, "d5": 0.206, "d6": "tick=73279 goal=0 here=0", "l": [0.37, 0.52, 0.98, 1.31, 0.36, 0.45, 0.67, 0.64, 1.32, 0.83, 0.17, 0.18, 0.26, 0.27, 0.35, 0.4]}
{"t": 21.9, "x": 531, "y": -215, "h": 208.3, "d5": 0.203, "d6": "tick=73284 goal=0 here=0", "l": [0.38, 0.54, 0.97, 1.3, 0.35, 0.47, 0.68, 0.62, 1.33, 0.84, 0.16, 0.19, 0.24, 0.27, 0.35, 0.41]}
{"t": 21.9, "x": 531, "y": -216, "h": 211.0, "d5": 0.202, "d6": "tick=73289 goal=0 here=0", "l": [0.37, 0.54, 0.98, 1.29, 0.35, 0.45, 0.67, 0.61, 1.31, 0.82, 0.18, 0.19, 0.24, 0.26, 0.34, 0.39]}
{"t": 22.0, "x": 531, "y": -215, "h": 208.7, "d5": 0.202, "d6": "tick=73294 goal=0 here=0", "l": [0.39, 0.53, 0.97, 1.3, 0.35, 0.44, 0.67, 0.64, 1.3, 0.84, 0.18, 0.18, 0.26, 0.26, 0.36, 0.4]}
{"t": 22.0, "x": 531, "y": -216, "h": 205.5, "d5": 0.18, "d6": "tick=73299 goal=0 here=0", "l": [0.38, 0.53, 0.99, 1.31, 0.35, 0.46, 0.7, 0.65, 1.32, 0.83, 0.18, 0.18, 0.24, 0.24, 0.35, 0.4]}
{"t": 22.1, "x": 531, "y": -216, "h": 209.2, "d5": 0.188, "d6": "tick=73304 goal=0 here=0", "l": [0.36, 0.54, 0.98, 1.29, 0.35, 0.45, 0.68, 0.61, 1.32, 0.83, 0.19, 0.19, 0.24, 0.25, 0.34, 0.41]}
{"t": 22.1, "x": 531, "y": -216, "h": 210.6, "d5": 0.208, "d6": "tick=73310 goal=0 here=0", "l": [0.39, 0.53, 0.99, 1.29, 0.35, 0.46, 0.68, 0.65, 1.33, 0.83, 0.18, 0.18, 0.24, 0.27, 0.35, 0.42]}
{"t": 22.2, "x": 531, "y": -215, "h": 207.5, "d5": 0.197, "d6": "tick=73315 goal=0 here=0", "l": [0.39, 0.52, 0.99, 1.29, 0.35, 0.47, 0.69, 0.62, 1.33, 0.83, 0.18, 0.18, 0.24, 0.24, 0.37, 0.42]}
{"t": 22.2, "x": 531, "y": -216, "h": 212.2, "d5": 0.189, "d6": "tick=73320 goal=0 here=0", "l": [0.39, 0.53, 0.98, 1.31, 0.37, 0.44, 0.67, 0.62, 1.3, 0.81, 0.17, 0.19, 0.24, 0.28, 0.36, 0.4]}
{"t": 22.3, "x": 531, "y": -216, "h": 209.8, "d5": 0.197, "d6": "tick=73330 goal=0 here=0", "l": [0.37, 0.53, 0.99, 1.31, 0.36, 0.46, 0.67, -1.0, 1.33, 0.84, 0.17, 0.19, 0.25, 0.25, 0.37, 0.41]}
{"t": 22.4, "x": 532, "y": -215, "h": 212.2, "d5": 0.2, "d6": "tick=73333 goal=0 here=0", "l": [0.37, 0.53, 0.99, 1.29, 0.35, 0.46, 0.69, 0.64, 1.33, 0.85, 0.19, 0.17, 0.25, 0.28, 0.36, 0.39]}
{"t": 22.4, "x": 531, "y": -216, "h": 208.8, "d5": 0.205, "d6": "tick=73338 goal=0 here=0", "l": [0.37, 0.52, 0.97, 1.3, 0.35, 0.46, 0.68, 0.62, 1.31, 0.82, 0.16, 0.18, 0.23, 0.27, 0.36, 0.41]}
{"t": 22.5, "x": 532, "y": -215, "h": 208.1, "d5": 0.194, "d6": "tick=73343 goal=0 here=0", "l": [0.4, 0.53, 1.0, 1.31, 0.35, 0.46, 0.68, 0.63, 1.34, 0.82, 0.17, 0.2, 0.23, 0.27, 0.35, 0.41]}
{"t": 22.5, "x": 532, "y": -215, "h": 207.9, "d5": 0.194, "d6": "tick=73348 goal=0 here=0", "l": [0.38, 0.53, 0.99, 1.3, 0.35, 0.45, 0.69, 0.63, 1.33, 0.83, 0.18, 0.18, 0.25, 0.27, 0.35, 0.41]}
{"t": 22.6, "x": 532, "y": -215, "h": 209.9, "d5": 0.196, "d6": "tick=73353 goal=0 here=0", "l": [0.38, 0.54, 0.99, 1.3, 0.36, 0.45, 0.68, 0.62, 1.32, 0.84, -1.0, 0.2, 0.26, 0.28, 0.36, 0.41]}
{"t": 22.6, "x": 531, "y": -215, "h": 210.0, "d5": 0.184, "d6": "tick=73358 goal=0 here=0", "l": [0.39, 0.54, 0.98, 1.32, 0.36, 0.44, 0.69, 0.63, 1.33, 0.82, 0.17, 0.18, 0.23, 0.26, 0.35, 0.4]}
{"t": 22.7, "x": 531, "y": -216, "h": 207.8, "d5": 0.193, "d6": "tick=73363 goal=0 here=0", "l": [0.39, 0.54, 0.95, 1.28, 0.34, 0.45, 0.67, 0.63, 1.33, 0.84, 0.15, 0.19, 0.24, 0.27, 0.35, 0.41]}
{"t": 22.7, "x": 532, "y": -215, "h": 212.5, "d5": 0.209, "d6": "tick=73368 goal=0 here=0", "l": [0.39, 0.53, 1.0, 1.3, 0.36, 0.46, 0.68, 0.63, 1.32, 0.83, 0.16, 0.18, 0.25, 0.25, 0.35, 0.4]}
{"t": 22.8, "x": 532, "y": -215, "h": 209.5, "d5": 0.211, "d6": "tick=73373 goal=0 here=0", "l": [0.39, 0.52, 0.98, 1.28, 0.36, 0.46, 0.7, 0.63, 1.33, 0.85, 0.18, 0.2, 0.26, 0.26, 0.37, 0.4]}
{"t": 22.8, "x": 531, "y": -216, "h": 210.0, "d5": 0.208, "d6": "tick=73378 goal=0 here=0", "l": [0.39, 0.54, 0.99, -1.0, 0.38, 0.45, 0.66, 0.62, 1.32, 0.84, 0.17, 0.17, 0.25, 0.27, 0.36, 0.41]}
{"t": 22.9, "x": 531, "y": -216, "h": 207.2, "d5": 0.215, "d6": "tick=73384 goal=0 here=0", "l": [0.39, 0.53, 0.98, 1.3, 0.34, 0.46, 0.7, 0.64, 1.3, 0.83, 0.18, 0.17, 0.25, 0.25, 0.35, 0.39]}
{"t": 22.9, "x": 531, "y": -216, "h": 211.3, "d5": 0.212, "d6": "tick=73389 goal=0 here=0", "l": [0.38, 0.53, 0.99, 1.3, 0.35, 0.45, 0.7, 0.63, 1.33, 0.82, 0.17, 0.18, 0.25, 0.25, 0.35, 0.42]}
{"t": 23.0, "x": 531, "y": -216, "h": 208.6, "d5": 0.201, "d6": "tick=73393 goal=0 here=0", "l": [0.39, 0.54, 0.99, 1.3, 0.36, 0.46, 0.68, 0.64, 1.32, 0.83, 0.17, 0.18, 0.24, 0.25, 0.37, 0.39]}
{"t": 23.0, "x": 531, "y": -216, "h": 207.9, "d5": 0.194, "d6": "tick=73399 goal=0 here=0", "l": [0.38, 0.53, 0.97, 1.3, 0.35, 0.45, 0.67, 0.64, 1.31, 0.82, 0.15, 0.17, 0.26, 0.27, 0.35, 0.41]}
{"t": 23.1, "x": 532, "y": -215, "h": 210.3, "d5": 0.199, "d6": "tick=73404 goal=0 here=0", "l": [0.38, 0.54, 0.99, 1.3, 0.35, 0.46, 0.69, 0.63, 1.33, 0.84, 0.16, 0.19, 0.24, 0.25, 0.35, 0.42]}
{"t": 23.1, "x": 532, "y": -215, "h": 208.1, "d5": 0.193, "d6": "tick=73409 goal=0 here=0", "l": [0.39, 0.53, 0.99, 1.3, 0.35, 0.46, 0.66, 0.65, 1.32, 0.82, 0.17, 0.17, 0.24, 0.24, 0.35, 0.41]}
{"t": 23.2, "x": 532, "y": -215, "h": 210.6, "d5": 0.2, "d6": "tick=73415 goal=0 here=0", "l": [0.39, 0.52, 0.99, 1.31, 0.37, 0.45, 0.69, 0.64, 1.31, 0.82, 0.18, 0.19, 0.23, 0.29, 0.37, 0.41]}
{"t": 23.2, "x": 532, "y": -215, "h": 211.3, "d5": 0.207, "d6": "tick=73420 goal=0 here=0", "l": [0.38, 0.53, 0.97, 1.29, -1.0, 0.47, 0.7, 0.62, 1.34, 0.85, 0.17, 0.18, 0.22, 0.27, 0.34, 0.42]}
{"t": 23.9, "x": 537, "y": -213, "h": 271.5, "d5": 0.201, "d6": "tick=73491 goal=0 here=0", "l": [1.28, 0.35, 0.44, 0.7, 0.63, 1.32, 0.9, 0.16, 0.18, 0.24, 0.27, 0.35, 0.4, 0.37, 0.52, 0.94]}
{"t": 24.6, "x": 532, "y": -214, "h": 214.3, "d5": 0.197, "d6": "tick=73559 goal=0 here=0", "l": [0.39, 0.54, 1.35, 0.64, 0.37, 0.49, 0.67, 0.64, 1.19, 0.23, 0.17, 0.18, 0.27, 0.29, 0.35, 0.41]}
{"t": 24.7, "x": 532, "y": -214, "h": 212.4, "d5": 0.204, "d6": "tick=73562 goal=0 here=0", "l": [0.39, 0.56, 1.35, 0.62, 0.37, 0.49, 0.68, 0.66, 1.21, 0.21, 0.16, 0.2, 0.24, 0.26, 0.34, 0.42]}
{"t": 24.7, "x": 531, "y": -215, "h": 212.9, "d5": 0.205, "d6": "tick=73567 goal=0 here=0", "l": [0.4, 0.56, 1.33, 0.61, 0.38, 0.46, 0.67, 0.66, 1.21, 0.21, 0.18, 0.17, 0.25, 0.27, 0.35, 0.39]}
{"t": 24.8, "x": 531, "y": -215, "h": 212.8, "d5": 0.198, "d6": "tick=73572 goal=0 here=0", "l": [0.39, 0.55, 1.35, 0.64, 0.36, 0.49, 0.69, 0.64, 1.2, 0.22, 0.15, 0.18, 0.26, 0.29, 0.34, 0.41]}
{"t": 24.8, "x": 532, "y": -214, "h": 211.0, "d5": 0.214, "d6": "tick=73577 goal=0 here=0", "l": [0.4, 0.56, 1.34, 0.62, 0.38, 0.48, 0.66, 0.64, 1.19, 0.23, 0.19, 0.2, 0.24, 0.29, 0.35, 0.41]}
{"t": 24.9, "x": 531, "y": -215, "h": 212.3, "d5": 0.199, "d6": "tick=73582 goal=0 here=0", "l": [0.39, 0.54, 1.37, 0.62, 0.38, 0.49, 0.67, 0.64, 1.2, 0.22, 0.17, 0.2, 0.26, 0.3, 0.34, 0.4]}
{"t": 24.9, "x": 531, "y": -214, "h": 211.6, "d5": 0.205, "d6": "tick=73587 goal=0 here=0", "l": [0.41, 0.56, 1.34, 0.61, 0.37, 0.47, 0.7, 0.66, 1.21, 0.22, 0.16, 0.2, 0.25, 0.27, 0.34, 0.41]}
{"t": 25.1, "x": 486, "y": -292, "h": 210.3, "d5": 0.213, "d6": "tick=73610 goal=0 here=0", "l": [0.32, 0.51, 0.98, 1.3, 0.35, 0.47, 0.71, 0.69, 1.28, 0.26, 0.2, 0.24, 0.24, 0.33, 0.34, 0.38]}
{"t": 25.2, "x": 478, "y": -305, "h": 211.9, "d5": 0.204, "d6": "tick=73615 goal=0 here=0", "l": [0.35, 0.49, 0.93, 1.27, 0.37, 0.47, 0.73, 0.7, 1.29, 0.25, 0.21, 0.24, 0.25, 0.34, 0.32, 0.36]}
{"t": 25.2, "x": 478, "y": -305, "h": 211.3, "d5": 0.198, "d6": "tick=73620 goal=0 here=0", "l": [0.34, 0.5, 0.94, 1.28, 0.36, 0.47, 0.73, 0.68, 1.28, 0.25, 0.2, 0.23, 0.26, 0.32, 0.32, 0.35]}
{"t": 25.3, "x": 477, "y": -306, "h": 208.4, "d5": 0.214, "d6": "tick=73625 goal=0 here=0", "l": [0.31, 0.48, 0.97, -1.0, 0.37, 0.46, 0.73, 0.71, 1.27, 0.24, 0.19, 0.25, 0.27, 0.33, 0.31, 0.35]}
{"t": 25.3, "x": 478, "y": -305, "h": 209.1, "d5": 0.224, "d6": "tick=73630 goal=0 here=0", "l": [0.34, 0.49, 0.94, 1.27, 0.34, 0.48, 0.75, 0.69, 1.28, 0.24, 0.2, 0.26, -1.0, 0.33, 0.32, 0.33]}
{"t": 25.4, "x": 478, "y": -305, "h": 211.2, "d5": 0.201, "d6": "tick=73635 goal=0 here=0", "l": [0.34, 0.45, 0.94, 1.27, 0.35, 0.45, 0.73, 0.69, 1.28, 0.25, 0.2, 0.25, 0.26, 0.35, 0.32, 0.35]}
{"t": 25.4, "x": 478, "y": -304, "h": 213.7, "d5": 0.22, "d6": "tick=73640 goal=0 here=0", "l": [0.36, 0.49, 0.96, 1.28, 0.38, 0.46, 0.73, 0.7, 1.3, 0.28, 0.2, 0.24, 0.24, 0.34, 0.34, 0.36]}
{"t": 25.5, "x": 478, "y": -305, "h": 209.9, "d5": 0.209, "d6": "tick=73645 goal=0 here=0", "l": [0.33, 0.49, 0.96, 1.26, 0.37, 0.48, 0.74, 0.69, 1.28, 0.25, 0.2, 0.23, 0.26, 0.33, 0.31, 0.36]}
{"t": 25.5, "x": 478, "y": -304, "h": 210.3, "d5": 0.2, "d6": "tick=73650 goal=0 here=0", "l": [0.32, 0.5, 0.96, 1.28, 0.36, 0.47, 0.71, 0.67, 1.29, 0.26, 0.2, 0.23, 0.25, 0.34, 0.3, 0.35]}
{"t": 25.6, "x": 478, "y": -304, "h": 210.9, "d5": 0.202, "d6": "tick=73655 goal=0 here=0", "l": [0.34, 0.49, 0.94, 1.28, 0.35, 0.46, 0.73, 0.71, 1.3, 0.24, 0.2, 0.23, 0.25, 0.33, 0.3, -1.0]}
{"t": 25.6, "x": 478, "y": -305, "h": 208.9, "d5": 0.217, "d6": "tick=73660 goal=0 here=0", "l": [0.35, 0.48, 0.96, 1.29, 0.37, 0.47, 0.71, 0.69, 1.29, 0.28, 0.19, 0.25, 0.23, 0.33, 0.31, 0.36]}
{"t": 25.7, "x": 478, "y": -305, "h": 209.2, "d5": 0.204, "d6": "tick=73668 goal=0 here=0", "l": [0.35, 0.49, 0.95, 1.26, 0.35, 0.46, 0.73, 0.69, 1.29, 0.25, 0.2, 0.25, 0.24, 0.34, 0.3, 0.36]}
{"t": 25.8, "x": 478, "y": -304, "h": 208.3, "d5": 0.193, "d6": "tick=73673 goal=0 here=0", "l": [0.36, 0.49, 0.94, 1.27, 0.39, 0.47, 0.72, 0.7, 1.28, 0.26, 0.2, 0.22, 0.24, 0.34, 0.32, 0.37]}
{"t": 25.8, "x": 478, "y": -305, "h": 209.4, "d5": 0.194, "d6": "tick=73678 goal=0 here=0", "l": [0.35, 0.48, 0.93, 1.28, 0.35, 0.46, 0.73, 0.69, 1.29, 0.25, 0.22, 0.23, 0.25, 0.34, 0.32, 0.36]}
{"t": 25.9, "x": 478, "y": -305, "h": 211.9, "d5": 0.202, "d6": "tick=73683 goal=0 here=0", "l": [0.34, 0.48, 0.94, 1.26, 0.35, 0.46, 0.73, 0.68, 1.28, 0.27, 0.22, 0.21, 0.27, 0.34, 0.34, 0.37]}
{"t": 25.9, "x": 478, "y": -305, "h": 208.9, "d5": 0.213, "d6": "tick=73688 goal=0 here=0", "l": [0.35, 0.47, 0.94, 1.29, 0.36, 0.46, 0.74, 0.69, 1.3, -1.0, 0.2, 0.24, 0.24, 0.34, 0.31, 0.36]}
{"t": 28.2, "x": 486, "y": -305, "h": 88.8, "d5": 0.204, "d6": "tick=73916 goal=0 here=0", "l": [0.1, 0.09, 0.1, 0.28, 0.47, 0.55, 0.65, 1.02, 1.35, 0.45, 0.58, 0.59, 0.51, 1.08, 0.89, 0.66]}
{"t": 29.6, "x": 482, "y": -297, "h": 218.7, "d5": 0.197, "d6": "tick=74060 goal=0 here=0", "l": [0.64, 0.92, 1.42, 0.41, 0.47, 0.63, 0.56, 1.03, 1.04, 0.67, 0.25, 0.11, 0.1, 0.26, 0.49, 0.54]}
{"t": 29.9, "x": 430, "y": -374, "h": 214.2, "d5": 0.197, "d6": "tick=74087 goal=0 here=0", "l": [0.55, 0.84, 1.42, 0.37, 0.45, 0.69, 0.63, 0.57, 1.1, 0.71, 0.12, 0.1, 0.15, 0.28, 0.45, 0.49]}
{"t": 30.3, "x": 342, "y": -504, "h": 213.8, "d5": 0.196, "d6": "tick=74125 goal=0 here=0", "l": [0.44, 0.58, 1.35, 0.57, 0.4, 0.62, 0.65, 0.67, 1.19, 0.21, 0.14, 0.18, 0.27, 0.29, 0.36, 0.4]}
{"t": 30.5, "x": 257, "y": -616, "h": 217.2, "d5": 0.209, "d6": "tick=74148 goal=0 here=0", "l": [0.38, 0.5, 1.3, 1.79, 0.35, 0.47, 0.71, 0.67, 1.25, 0.25, 0.19, 0.26, 0.26, 0.38, 0.34, 0.38]}
{"t": 30.6, "x": 250, "y": -627, "h": 214.7, "d5": 0.212, "d6": "tick=74153 goal=0 here=0", "l": [0.36, 0.51, 1.0, 1.28, 0.34, 0.46, 0.7, 0.69, 1.26, 0.24, 0.2, 0.24, 0.26, 0.36, 0.34, 0.35]}
{"t": 30.6, "x": 249, "y": -628, "h": 213.1, "d5": 0.21, "d6": "tick=74158 goal=0 here=0", "l": [0.35, 0.49, 0.99, 1.3, 0.32, 0.45, 0.7, 0.7, 1.24, 0.25, 0.21, 0.24, 0.25, 0.36, 0.34, 0.35]}
{"t": 30.7, "x": 250, "y": -626, "h": 214.5, "d5": 0.206, "d6": "tick=74168 goal=0 here=0", "l": [0.36, 0.48, -1.0, 1.27, 0.34, 0.45, 0.71, 0.69, 1.26, 0.25, 0.22, 0.25, 0.26, 0.38, 0.33, 0.35]}
{"t": 30.8, "x": 250, "y": -627, "h": 212.4, "d5": 0.221, "d6": "tick=74173 goal=0 here=0", "l": [0.34, 0.51, 1.0, 1.26, 0.33, 0.45, 0.71, 0.68, 1.25, 0.25, 0.2, 0.25, 0.27, 0.35, 0.32, 0.33]}
{"t": 30.8, "x": 250, "y": -627, "h": 214.7, "d5": 0.226, "d6": "tick=74178 goal=0 here=0", "l": [0.34, 0.48, -1.0, 1.29, 0.33, 0.47, 0.72, 0.71, 1.24, 0.24, 0.22, 0.26, 0.26, 0.39, 0.33, 0.34]}
{"t": 30.9, "x": 249, "y": -628, "h": 210.1, "d5": 0.203, "d6": "tick=74183 goal=0 here=0", "l": [0.36, 0.49, 1.0, 1.29, 0.33, 0.45, 0.7, 0.7, 1.25, 0.25, 0.21, 0.26, 0.24, 0.36, 0.34, 0.36]}
{"t": 30.9, "x": 250, "y": -627, "h": 216.4, "d5": 0.213, "d6": "tick=74188 goal=0 here=0", "l": [0.35, 0.49, 1.02, 1.29, 0.34, 0.45, 0.71, 0.69, 1.25, 0.26, 0.23, 0.25, 0.27, 0.36, 0.34, 0.37]}
{"t": 31.0, "x": 250, "y": -626, "h": 215.2, "d5": 0.216, "d6": "tick=74197 goal=0 here=0", "l": [0.34, 0.5, 1.0, 1.29, 0.34, 0.46, 0.71, 0.69, 1.24, 0.25, 0.21, 0.24, 0.25, 0.37, 0.33, 0.36]}
{"t": 31.1, "x": 250, "y": -626, "h": 211.4, "d5": 0.196, "d6": "tick=74203 goal=0 here=0", "l": [0.35, 0.5, 1.01, 1.31, 0.35, 0.47, 0.72, 0.7, 1.24, 0.24, 0.21, 0.27, 0.24, 0.37, 0.32, 0.35]}
{"t": 33.4, "x": 259, "y": -627, "h": 83.5, "d5": 0.192, "d6": "tick=74434 goal=0 here=0", "l": [0.11, 0.08, 0.08, 0.28, 0.46, 0.54, 0.66, 0.98, 1.36, 0.45, 0.55, 0.61, 0.52, 1.08, 0.89, 0.65]}
{"t": 34.8, "x": 257, "y": -619, "h": 232.7, "d5": 0.204, "d6": "tick=74578 goal=0 here=0", "l": [0.7, 1.46, 0.4, 0.42, 0.65, 0.6, 0.55, 1.16, 0.73, 0.68, 0.09, 0.09, 0.13, 0.35, 0.52, 0.54]}
{"t": 35.1, "x": 187, "y": -678, "h": 229.7, "d5": 0.194, "d6": "tick=74606 goal=0 here=0", "l": [0.65, 1.41, 0.57, 0.42, 0.58, 0.6, 0.53, 1.21, 0.82, 0.17, 0.14, 0.16, 0.28, 0.45, 0.49, 0.48]}
{"t": 35.3, "x": 89, "y": -760, "h": 229.9, "d5": 0.197, "d6": "tick=74628 goal=0 here=0", "l": [0.59, 1.04, 0.62, 0.37, 0.44, 0.63, 0.56, 1.27, 0.87, 0.2, 0.17, 0.23, 0.3, 0.44, 0.44, 0.45]}
{"t": 35.5, "x": 11, "y": -823, "h": 231.5, "d5": 0.204, "d6": "tick=74651 goal=0 here=0", "l": [0.53, 0.96, 1.26, 0.33, 0.4, 0.7, 0.66, 1.3, 0.95, -1.0, 0.21, 0.29, 0.31, 0.37, 0.43, 0.41]}
{"t": 35.8, "x": -67, "y": -895, "h": 227.1, "d5": 0.211, "d6": "tick=74673 goal=0 here=0", "l": [0.49, 0.88, 1.22, 0.45, 0.38, 0.68, 0.72, 1.31, 1.04, 0.27, 0.27, 0.31, 0.37, 0.38, 0.37, 0.37]}
{"t": 35.8, "x": -77, "y": -904, "h": 226.6, "d5": 0.223, "d6": "tick=74679 goal=0 here=0", "l": [0.47, 0.88, 1.19, 0.45, 0.37, 0.68, 0.73, 1.31, 1.03, 0.29, 0.27, 0.32, 0.36, 0.36, 0.38, 0.34]}
{"t": 35.9, "x": -76, "y": -904, "h": 228.8, "d5": 0.201, "d6": "tick=74684 goal=0 here=0", "l": [0.46, 0.87, 1.19, 0.44, 0.34, 0.67, 0.72, 1.29, 1.05, 0.25, 0.29, 0.31, 0.36, 0.37, 0.36, 0.36]}
{"t": 35.9, "x": -77, "y": -904, "h": 229.5, "d5": 0.216, "d6": "tick=74689 goal=0 here=0", "l": [0.46, 0.87, 1.2, 0.44, 0.37, 0.67, 0.73, 1.32, 1.05, 0.28, 0.28, 0.3, 0.37, 0.38, 0.37, 0.35]}
{"t": 36.0, "x": -77, "y": -904, "h": 227.4, "d5": 0.206, "d6": "tick=74699 goal=0 here=0", "l": [0.47, 0.88, 1.18, 0.44, 0.37, 0.66, 0.73, 1.31, 1.05, 0.28, 0.29, 0.31, 0.38, 0.36, 0.36, 0.38]}
{"t": 36.0, "x": -77, "y": -904, "h": 230.1, "d5": 0.214, "d6": "tick=74702 goal=0 here=0", "l": [0.47, 0.86, 1.19, 0.46, 0.36, 0.68, 0.73, 1.31, 1.05, 0.29, 0.29, 0.33, 0.35, 0.39, 0.36, 0.36]}
{"t": 36.1, "x": -77, "y": -904, "h": 223.5, "d5": 0.212, "d6": "tick=74707 goal=0 here=0", "l": [0.46, 0.86, 1.19, 0.47, 0.35, 0.68, 0.72, 1.31, 1.07, 0.27, 0.27, 0.33, 0.37, 0.37, 0.37, 0.35]}
{"t": 36.2, "x": -76, "y": -904, "h": 228.3, "d5": 0.212, "d6": "tick=74712 goal=0 here=0", "l": [0.47, 0.88, 1.19, 0.45, 0.37, 0.68, 0.7, 1.32, 1.05, 0.26, 0.28, 0.32, 0.37, 0.37, 0.36, 0.35]}
{"t": 36.2, "x": -77, "y": -904, "h": 227.5, "d5": 0.202, "d6": "tick=74717 goal=0 here=0", "l": [0.47, 0.87, 1.18, 0.44, 0.37, 0.68, 0.71, 1.31, 1.05, 0.28, 0.28, 0.32, 0.35, 0.35, 0.37, 0.36]}
{"t": 36.3, "x": -76, "y": -904, "h": 229.8, "d5": 0.212, "d6": "tick=74722 goal=0 here=0", "l": [0.47, 0.86, 1.2, 0.47, 0.38, 0.66, 0.71, 1.31, 1.05, 0.26, 0.28, 0.3, 0.36, 0.35, 0.37, 0.36]}
{"t": 36.3, "x": -76, "y": -904, "h": 228.9, "d5": 0.207, "d6": "tick=74727 goal=0 here=0", "l": [0.47, 0.83, 1.21, 0.44, 0.36, 0.68, 0.71, 1.3, 1.05, 0.27, 0.27, 0.31, 0.36, 0.36, 0.39, 0.37]}
{"t": 36.4, "x": -77, "y": -905, "h": 229.2, "d5": 0.204, "d6": "tick=74732 goal=0 here=0", "l": [0.48, 0.87, 1.22, 0.46, 0.36, 0.68, 0.73, 1.33, 1.04, 0.28, 0.27, 0.33, 0.37, 0.35, 0.35, 0.36]}
{"t": 36.5, "x": -76, "y": -903, "h": 229.0, "d5": 0.222, "d6": "tick=74744 goal=0 here=0", "l": [0.46, 0.86, 1.19, 0.47, 0.38, 0.67, 0.7, 1.3, 1.05, 0.29, 0.27, 0.32, 0.37, 0.36, 0.38, 0.37]}
{"t": 36.6, "x": -77, "y": -905, "h": 227.3, "d5": 0.202, "d6": "tick=74754 goal=0 here=0", "l": [0.46, 0.84, 1.18, 0.47, 0.36, 0.67, -1.0, 1.32, 1.04, 0.29, 0.24, 0.32, 0.38, 0.35, 0.38, 0.35]}
{"t": 36.6, "x": -77, "y": -905, "h": 230.9, "d5": 0.195, "d6": "tick=74758 goal=0 here=0", "l": [0.47, 0.85, 1.19, 0.46, 0.37, 0.68, 0.72, 1.3, 1.04, 0.26, 0.25, 0.33, 0.38, 0.37, 0.38, 0.36]}
{"t": 36.7, "x": -77, "y": -905, "h": 229.2, "d5": 0.205, "d6": "tick=74764 goal=0 here=0", "l": [0.48, 0.85, 1.18, 0.45, 0.37, 0.67, 0.71, 1.31, 1.05, 0.27, 0.29, 0.32, 0.36, 0.35, 0.39, 0.37]}
{"t": 36.7, "x": -77, "y": -904, "h": 228.4, "d5": 0.223, "d6": "tick=74769 goal=0 here=0", "l": [0.45, 0.84, 1.2, 0.45, 0.36, 0.66, 0.73, 1.32, 1.04, 0.27, 0.26, 0.31, 0.35, 0.35, 0.37, 0.36]}
{"t": 36.8, "x": -77, "y": -905, "h": 227.2, "d5": 0.203, "d6": "tick=74774 goal=0 here=0", "l": [-1.0, 0.84, 1.19, 0.47, 0.38, 0.66, 0.71, 1.33, 1.05, 0.27, 0.27, 0.3, 0.38, 0.36, 0.36, 0.36]}
{"t": 37.1, "x": -76, "y": -904, "h": 241.4, "d5": 0.2, "d6": "tick=74809 goal=0 here=0", "l": [0.71, 1.27, 0.5, 0.29, 0.42, 0.66, 0.71, 1.26, 0.29, 0.27, 0.3, 0.31, 0.36, 0.39, 0.33, 0.46]}
{"t": 37.3, "x": -154, "y": -947, "h": 241.2, "d5": 0.2, "d6": "tick=74832 goal=0 here=0", "l": [0.64, 1.23, 0.51, 0.28, 0.4, 0.7, 0.68, 1.31, 0.35, 0.3, 0.36, 0.35, 0.36, 0.35, 0.31, -1.0]}
{"t": 37.6, "x": -247, "y": -999, "h": 240.8, "d5": 0.201, "d6": "tick=74854 goal=0 here=0", "l": [0.61, 1.17, 1.7, 0.4, 0.27, 0.76, 0.76, 1.35, 0.97, 0.34, 0.39, 0.43, 0.38, 0.3, 0.28, 0.37]}
{"t": 37.9, "x": -254, "y": -1002, "h": 255.8, "d5": 0.221, "d6": "tick=74888 goal=0 here=0", "l": [0.82, 1.11, 0.45, 0.25, 0.43, 0.78, 1.45, 1.05, 0.36, 0.39, 0.37, 0.36, 0.33, 0.26, 0.34, 0.4]}
{"t": 38.1, "x": -344, "y": -1025, "h": 255.8, "d5": 0.208, "d6": "tick=74911 goal=0 here=0", "l": [0.78, 1.07, 0.4, 0.28, 0.41, 0.78, 1.48, 1.08, 0.4, 0.42, 0.46, 0.38, 0.29, 0.27, 0.31, 0.43]}
{"t": 38.4, "x": -446, "y": -1048, "h": 257.1, "d5": 0.218, "d6": "tick=74934 goal=0 here=0", "l": [0.77, 1.04, 0.38, 0.33, 0.24, 0.79, 0.86, 1.14, 0.47, 0.47, 0.46, 0.4, 0.25, 0.27, 0.28, 0.49]}
{"t": 38.6, "x": -548, "y": -1073, "h": 256.3, "d5": 0.219, "d6": "tick=74961 goal=0 here=0", "l": [0.7, 0.98, 0.49, 0.34, 0.25, 0.77, 0.88, 1.24, 0.5, 0.51, 0.45, 0.33, 0.27, 0.27, 0.26, 0.44]}
{"t": 38.9, "x": -668, "y": -1102, "h": 256.8, "d5": 0.22, "d6": "tick=74984 goal=0 here=0", "l": [0.6, 0.91, 1.54, 0.3, 0.31, 0.28, 0.87, 1.34, 0.57, 0.56, 0.49, 0.28, 0.28, 0.22, 0.22, 0.42]}
{"t": 39.4, "x": -683, "y": -1109, "h": 217.4, "d5": 0.232, "d6": "tick=75039 goal=0 here=0", "l": [0.26, 0.43, 0.94, 0.92, 0.46, 0.3, 0.28, 0.27, 0.97, 1.21, 0.59, 0.57, 0.47, -1.0, 0.25, 0.22]}
{"t": 39.5, "x": -684, "y": -1110, "h": 214.8, "d5": 0.235, "d6": "tick=75045 goal=0 here=0", "l": [0.25, 0.42, 0.93, 0.93, 0.47, 0.3, 0.33, 0.26, 0.97, 1.21, 0.6, 0.57, 0.46, 0.26, 0.24, 0.21]}
{"t": 39.5, "x": -683, "y": -1109, "h": 218.4, "d5": 0.236, "d6": "tick=75050 goal=0 here=0", "l": [0.26, 0.43, 0.94, 0.93, 0.45, 0.3, 0.3, 0.28, 0.98, 1.21, 0.58, 0.58, 0.46, 0.27, 0.24, 0.21]}
{"t": 39.6, "x": -684, "y": -1110, "h": 216.4, "d5": 0.222, "d6": "tick=75055 goal=0 here=0", "l": [0.25, 0.42, 0.95, 0.95, 0.46, 0.31, 0.28, 0.27, 0.97, 1.2, 0.59, 0.58, 0.46, 0.28, 0.25, 0.21]}
{"t": 41.5, "x": -673, "y": -1106, "h": 307.0, "d5": 0.216, "d6": "tick=75244 goal=0 here=0", "l": [0.23, 0.13, 0.3, 0.69, 0.76, 1.06, 0.44, 0.48, 0.53, 0.5, 0.4, 0.42, 0.43, 0.7, 1.09, 0.33]}
{"t": 42.5, "x": -680, "y": -1108, "h": 220.1, "d5": 0.2, "d6": "tick=75351 goal=0 here=0", "l": [0.46, 0.72, 1.05, 0.32, 0.2, 0.14, 0.31, 0.68, 1.44, 1.04, 0.44, 0.48, 0.54, 0.5, 0.39, 0.42]}
{"t": 42.8, "x": -738, "y": -1177, "h": 220.1, "d5": 0.201, "d6": "tick=75374 goal=0 here=0", "l": [0.42, 0.66, 1.07, 0.35, 0.28, 0.15, 0.28, 0.71, 0.81, 1.07, 0.47, 0.51, 0.57, 0.47, 0.37, 0.36]}
{"t": 42.9, "x": -747, "y": -1188, "h": 218.1, "d5": 0.204, "d6": "tick=75384 goal=0 here=0", "l": [0.41, 0.63, 1.06, 1.6, 0.27, 0.16, 0.14, 0.74, 0.82, 1.08, 0.47, 0.53, 0.56, 0.46, 0.34, 0.34]}
{"t": 42.9, "x": -747, "y": -1188, "h": 217.2, "d5": 0.227, "d6": "tick=75389 goal=0 here=0", "l": [0.41, 0.64, 1.06, 1.6, 0.27, 0.19, 0.15, 0.72, 0.81, 1.07, 0.46, 0.52, 0.56, 0.48, 0.34, 0.36]}
{"t": 43.0, "x": -747, "y": -1188, "h": 218.2, "d5": 0.207, "d6": "tick=75394 goal=0 here=0", "l": [0.39, 0.64, 1.07, 1.61, 0.28, 0.16, 0.14, 0.72, 0.83, 1.07, 0.46, 0.53, 0.57, 0.46, 0.35, 0.36]}
{"t": 43.0, "x": -747, "y": -1188, "h": 217.9, "d5": 0.212, "d6": "tick=75399 goal=0 here=0", "l": [0.4, 0.63, 1.07, 1.62, 0.27, 0.19, 0.15, 0.72, 0.83, 1.07, 0.45, 0.51, 0.57, 0.48, 0.36, 0.35]}
{"t": 43.1, "x": -748, "y": -1189, "h": 218.4, "d5": 0.194, "d6": "tick=75404 goal=0 here=0", "l": [0.41, 0.65, 1.07, 1.61, 0.29, 0.18, 0.13, 0.71, 0.83, 1.08, 0.47, 0.51, 0.56, 0.47, 0.35, 0.36]}
{"t": 43.1, "x": -747, "y": -1188, "h": 215.6, "d5": 0.206, "d6": "tick=75409 goal=0 here=0", "l": [0.4, 0.64, 1.05, 1.59, 0.29, 0.15, 0.14, 0.71, 0.82, 1.09, 0.47, 0.5, 0.57, 0.46, 0.36, 0.36]}
{"t": 43.8, "x": -745, "y": -1187, "h": 258.8, "d5": 0.199, "d6": "tick=75475 goal=0 here=0", "l": [1.06, 1.03, 0.28, 0.22, 0.15, 0.65, 0.74, 1.21, 0.48, 0.51, 0.54, -1.0, 0.35, 0.4, 0.36, 0.55]}
{"t": 44.3, "x": -747, "y": -1189, "h": 214.2, "d5": 0.221, "d6": "tick=75527 goal=0 here=0", "l": [0.43, 0.65, 1.05, 0.35, 0.26, 0.17, 0.31, 0.74, 1.51, 1.07, 0.44, 0.52, 0.55, 0.46, 0.35, 0.35]}
{"t": 44.3, "x": -747, "y": -1188, "h": 221.7, "d5": 0.208, "d6": "tick=75532 goal=0 here=0", "l": [0.42, 0.65, 1.05, 0.34, 0.27, 0.18, 0.3, 0.74, 1.49, 1.07, 0.46, 0.52, 0.52, 0.44, 0.34, 0.36]}
{"t": 44.4, "x": -747, "y": -1188, "h": 220.5, "d5": 0.203, "d6": "tick=75537 goal=0 here=0", "l": [0.43, 0.66, 1.05, 0.35, 0.28, 0.17, 0.32, 0.73, 1.49, 1.08, 0.44, 0.51, -1.0, 0.43, 0.35, 0.36]}
{"t": 44.5, "x": -748, "y": -1189, "h": 223.9, "d5": 0.206, "d6": "tick=75542 goal=0 here=0", "l": [0.42, 0.66, 1.06, 0.34, 0.27, 0.17, 0.29, 0.74, 1.49, 1.06, 0.45, 0.5, 0.52, 0.44, 0.37, 0.36]}
{"t": 44.5, "x": -748, "y": -1189, "h": 220.4, "d5": 0.229, "d6": "tick=75547 goal=0 here=0", "l": [0.42, 0.65, 1.04, 0.34, 0.27, 0.17, 0.3, 0.74, 1.49, 1.06, 0.45, 0.52, 0.53, 0.46, 0.35, 0.34]}
{"t": 44.5, "x": -747, "y": -1188, "h": 221.7, "d5": 0.204, "d6": "tick=75552 goal=0 here=0", "l": [0.42, 0.69, 1.05, 0.33, 0.27, 0.16, 0.31, 0.73, 1.49, 1.06, 0.46, 0.51, 0.55, 0.44, 0.37, 0.36]}
{"t": 44.6, "x": -747, "y": -1189, "h": 217.6, "d5": 0.199, "d6": "tick=75557 goal=0 here=0", "l": [0.43, 0.64, 1.06, 0.34, 0.28, 0.17, 0.3, 0.73, 1.51, 1.07, 0.46, 0.52, 0.54, 0.43, 0.34, 0.36]}
{"t": 44.7, "x": -748, "y": -1190, "h": 220.7, "d5": 0.22, "d6": "tick=75562 goal=0 here=0", "l": [0.43, 0.67, 1.07, 0.34, 0.29, 0.17, 0.31, 0.72, 1.48, 1.07, 0.46, 0.52, 0.54, 0.43, 0.35, -1.0]}
{"t": 44.9, "x": -807, "y": -1259, "h": 220.3, "d5": 0.21, "d6": "tick=75585 goal=0 here=0", "l": [0.37, 0.6, 1.03, 1.58, 0.28, 0.25, 0.17, 0.74, 1.53, 1.1, 0.49, 0.53, 0.49, 0.36, 0.32, 0.31]}
{"t": 44.9, "x": -816, "y": -1270, "h": 219.9, "d5": 0.21, "d6": "tick=75590 goal=0 here=0", "l": [0.35, 0.58, 1.02, 1.57, 0.27, 0.26, 0.17, 0.76, 1.56, 1.1, 0.49, 0.53, 0.51, 0.31, 0.32, 0.32]}
{"t": 45.0, "x": -816, "y": -1270, "h": 221.5, "d5": 0.204, "d6": "tick=75595 goal=0 here=0", "l": [0.34, 0.6, 1.02, 1.58, 0.29, 0.25, 0.2, 0.75, 1.55, 1.11, 0.51, 0.55, 0.49, 0.33, 0.3, 0.31]}
{"t": 45.0, "x": -815, "y": -1269, "h": 220.4, "d5": 0.211, "d6": "tick=75600 goal=0 here=0", "l": [0.34, 0.56, 1.03, 1.56, 0.29, 0.26, 0.19, 0.76, 1.54, 1.1, 0.49, 0.54, 0.5, 0.34, 0.32, 0.31]}
{"t": 47.1, "x": -809, "y": -1269, "h": 133.7, "d5": 0.194, "d6": "tick=75805 goal=0 here=0", "l": [0.49, 0.52, 0.45, 0.51, 0.68, 1.15, 0.41, 0.14, 0.21, 0.26, 0.54, 0.58, 1.24, 0.93, 0.38, 0.43]}
{"t": 47.9, "x": -809, "y": -1262, "h": 215.6, "d5": 0.209, "d6": "tick=75890 goal=0 here=0", "l": [0.52, 0.8, 1.15, 0.13, 0.17, 0.24, 0.57, 0.62, 0.67, 1.02, 0.95, 0.36, 0.48, 0.54, 0.48, 0.48]}
{"t": 48.2, "x": -863, "y": -1338, "h": 215.4, "d5": 0.202, "d6": "tick=75913 goal=0 here=0", "l": [0.48, 0.73, 1.15, 0.34, 0.1, 0.22, 0.34, 0.65, 0.69, 1.09, 0.61, 0.41, 0.48, 0.49, 0.43, 0.47]}
{"t": 48.4, "x": -920, "y": -1424, "h": 213.5, "d5": 0.203, "d6": "tick=75936 goal=0 here=0", "l": [0.41, 0.63, 1.11, 0.39, 0.28, 0.12, 0.29, 0.65, 0.77, 1.13, 0.45, 0.48, 0.51, 0.49, 0.38, 0.4]}
{"t": 49.2, "x": -960, "y": -1476, "h": 276.8, "d5": 0.212, "d6": "tick=76021 goal=0 here=0", "l": [1.02, 0.3, 0.22, -1.0, 0.68, 0.71, 1.2, 1.03, 0.46, 0.48, 0.47, 0.38, 0.37, 0.38, 0.56, 1.05]}
{"t": 49.6, "x": -961, "y": -1476, "h": 260.7, "d5": 0.203, "d6": "tick=76058 goal=0 here=0", "l": [1.1, 1.58, 0.28, 0.18, 0.32, 0.68, 0.82, 1.11, 0.46, 0.5, 0.53, 0.46, 0.33, 0.38, 0.38, 0.6]}
{"t": 49.8, "x": -1050, "y": -1494, "h": 258.8, "d5": 0.201, "d6": "tick=76080 goal=0 here=0", "l": [1.06, -1.0, 0.29, 0.22, 0.14, 0.68, 0.76, 1.18, 0.5, 0.54, 0.57, 0.48, 0.36, 0.36, 0.38, 0.57]}
{"t": 50.1, "x": -1150, "y": -1512, "h": 259.4, "d5": 0.221, "d6": "tick=76108 goal=0 here=0", "l": [0.98, 0.95, 0.25, 0.22, 0.19, 0.15, 0.76, 1.31, 0.56, 0.59, 0.62, 0.42, 0.35, 0.32, 0.36, 0.52]}
{"t": 50.3, "x": -1274, "y": -1543, "h": 256.1, "d5": 0.211, "d6": "tick=76131 goal=0 here=0", "l": [0.94, 0.85, 0.29, 0.21, 0.21, 0.2, 0.2, 1.34, 0.62, 0.65, 0.59, 0.36, 0.31, 0.28, 0.36, 0.48]}
{"t": 51.0, "x": -1284, "y": -1545, "h": 291.8, "d5": 0.219, "d6": "tick=76196 goal=0 here=0", "l": [0.46, 0.22, 0.22, 0.2, 0.21, 1.52, 1.21, 0.63, 0.68, 0.44, -1.0, 0.28, 0.32, 0.43, 0.88, 0.85]}
{"t": 51.4, "x": -1285, "y": -1545, "h": 279.5, "d5": 0.219, "d6": "tick=76235 goal=0 here=0", "l": [0.87, 0.41, 0.22, 0.23, 0.19, 0.2, 1.34, 0.64, 0.66, 0.61, 0.4, 0.34, 0.28, 0.36, 0.46, 0.94]}
{"t": 51.6, "x": -1376, "y": -1537, "h": 275.1, "d5": 0.214, "d6": "tick=76258 goal=0 here=0", "l": [0.79, 0.39, 0.19, 0.19, 0.21, 0.19, 1.52, 1.26, 0.7, 0.65, 0.41, 0.33, 0.28, 0.36, 0.46, 0.88]}
{"t": 51.7, "x": -1390, "y": -1535, "h": 279.3, "d5": 0.236, "d6": "tick=76263 goal=0 here=0", "l": [0.79, 0.38, 0.17, 0.19, 0.23, 0.2, 1.54, 1.27, 0.71, 0.66, 0.41, 0.31, 0.29, 0.4, 0.45, 0.87]}
{"t": 51.7, "x": -1390, "y": -1535, "h": 278.4, "d5": 0.238, "d6": "tick=76268 goal=0 here=0", "l": [0.79, 0.41, 0.19, 0.19, 0.22, 0.22, 1.57, 1.26, 0.72, 0.65, 0.41, 0.35, 0.27, 0.39, 0.47, 0.91]}
{"t": 51.9, "x": -1482, "y": -1525, "h": 275.9, "d5": 0.231, "d6": "tick=76291 goal=0 here=0", "l": [0.73, 1.47, 0.16, 0.14, 0.19, 0.23, 0.25, 1.3, 0.73, 0.68, 0.41, 0.31, 0.28, 0.36, 0.45, 0.84]}
{"t": 52.2, "x": -1586, "y": -1510, "h": 278.5, "d5": 0.244, "d6": "tick=76314 goal=0 here=0", "l": [0.69, 1.39, 0.24, 0.13, 0.14, 0.22, 0.26, 1.32, 0.78, 0.73, 0.46, 0.3, 0.33, 0.35, 0.43, 0.79]}
{"t": 52.4, "x": -1702, "y": -1496, "h": 276.6, "d5": 0.221, "d6": "tick=76341 goal=0 here=0", "l": [0.63, 1.33, 0.23, 0.16, 0.12, 0.17, 0.28, 1.39, 0.86, 0.78, 0.48, 0.33, 0.34, 0.34, 0.4, 0.72]}
{"t": 52.7, "x": -1813, "y": -1492, "h": 272.3, "d5": 0.234, "d6": "tick=76369 goal=0 here=0", "l": [0.59, 1.26, 0.94, 0.2, 0.17, 0.12, 0.23, 0.42, 0.9, 0.84, 0.46, 0.36, 0.35, 0.33, 0.38, 0.66]}
{"t": 53.0, "x": -1941, "y": -1494, "h": 269.1, "d5": 0.226, "d6": "tick=76392 goal=0 here=0", "l": [0.56, 0.56, 0.96, 0.74, 0.17, 0.17, 0.15, 0.4, 0.93, 0.96, 0.47, 0.36, 0.32, 0.32, 0.34, 0.62]}
{"t": 53.2, "x": -2046, "y": -1499, "h": 266.9, "d5": 0.238, "d6": "tick=76415 goal=0 here=0", "l": [0.52, 0.49, 1.1, 0.79, 0.17, 0.19, 0.18, 0.42, 1.0, 1.05, 0.49, 0.38, 0.31, 0.29, 0.29, 0.6]}
{"t": 53.4, "x": -2151, "y": -1512, "h": 262.8, "d5": 0.236, "d6": "tick=76438 goal=0 here=0", "l": [0.48, 0.41, 1.17, 0.8, 0.62, 0.19, -1.0, 0.25, 1.64, 1.06, 0.5, 0.39, 0.3, 0.26, 0.27, 0.52]}
{"t": 54.1, "x": -2161, "y": -1515, "h": 324.2, "d5": 0.239, "d6": "tick=76508 goal=0 here=0", "l": [0.88, 0.66, 0.69, 0.2, 0.25, 1.63, 1.08, 0.66, 0.4, 0.3, 0.27, 0.26, 0.49, 0.49, 0.43, 1.11]}
{"t": 54.3, "x": -2214, "y": -1442, "h": 323.8, "d5": 0.229, "d6": "tick=76531 goal=0 here=0", "l": [0.83, 0.67, 0.65, 0.19, 0.23, 0.54, 1.13, 0.76, 0.45, 0.35, 0.29, 0.32, 0.49, 0.47, 0.38, 1.07]}
{"t": 54.6, "x": -2285, "y": -1363, "h": 318.3, "d5": 0.235, "d6": "tick=76553 goal=0 here=0", "l": [0.78, 0.68, 0.6, 0.68, 0.18, 0.24, 1.13, 0.81, 0.5, 0.38, 0.34, 0.38, 0.52, 0.43, 0.32, 1.02]}
{"t": 54.8, "x": -2355, "y": -1290, "h": 316.2, "d5": 0.232, "d6": "tick=76576 goal=0 here=0", "l": [0.74, 0.62, 0.54, 0.68, 0.87, 0.23, 1.15, 1.07, 0.56, 0.43, 0.34, 0.47, 0.49, 0.34, 0.31, 0.98]}
{"t": 55.0, "x": -2426, "y": -1213, "h": 317.2, "d5": 0.241, "d6": "tick=76599 goal=0 here=0", "l": [0.69, 0.58, 0.47, 0.58, 0.84, 0.75, 0.34, 1.13, 0.64, 0.48, 0.39, 0.52, 0.47, 0.27, 0.29, 0.95]}
{"t": 55.2, "x": -2496, "y": -1135, "h": 318.3, "d5": 0.235, "d6": "tick=76622 goal=0 here=0", "l": [0.62, 0.51, 0.45, 0.56, 0.78, 0.78, 0.23, 1.21, 0.68, 0.53, 0.41, 0.54, 0.43, 0.26, 0.27, 0.88]}
{"t": 55.5, "x": -2586, "y": -1044, "h": 315.3, "d5": 0.231, "d6": "tick=76649 goal=0 here=0", "l": [0.57, 0.45, 0.43, 0.48, 0.66, 0.8, 0.77, 1.36, 0.75, 0.55, 0.5, 0.58, 0.26, 0.23, 0.7, 0.83]}
{"t": 55.8, "x": -2657, "y": -972, "h": 315.2, "d5": 0.235, "d6": "tick=76672 goal=0 here=0", "l": [0.52, 0.42, 0.42, 0.39, 0.63, 0.82, 0.8, 1.44, 0.8, 0.6, 0.57, 0.51, 0.21, 0.2, 0.68, 0.76]}
{"t": 56.0, "x": -2728, "y": -894, "h": 317.9, "d5": 0.225, "d6": "tick=76695 goal=0 here=0", "l": [0.46, 0.36, 0.39, 0.35, 0.57, 0.87, 0.81, 1.44, 0.83, 0.57, 0.62, 0.27, 0.2, 0.69, 0.64, 0.74]}
{"t": 56.6, "x": -2739, "y": -883, "h": 278.0, "d5": 0.225, "d6": "tick=76758 goal=0 here=0", "l": [0.68, 0.71, 0.46, 0.36, 0.39, 0.33, 0.63, 0.84, 0.86, 1.35, 0.81, 0.58, 0.64, 0.24, 0.81, 0.65]}
{"t": 56.8, "x": -2832, "y": -874, "h": 275.5, "d5": 0.241, "d6": "tick=76781 goal=0 here=0", "l": [0.63, 0.69, 0.41, 0.34, 0.39, 0.35, 0.59, 0.89, 0.92, 1.39, 0.83, 0.57, 0.62, 0.18, 0.75, 0.63]}
{"t": 57.1, "x": -2935, "y": -860, "h": 277.9, "d5": 0.224, "d6": "tick=76803 goal=0 here=0", "l": [0.57, 0.63, 0.39, 0.37, 0.33, 0.36, 0.56, 0.96, 0.95, 1.44, 0.84, 0.62, 0.21, 1.13, 0.71, 0.57]}
{"t": 57.3, "x": -3036, "y": -857, "h": 271.7, "d5": 0.225, "d6": "tick=76826 goal=0 here=0", "l": [0.52, 0.58, 0.51, 0.35, 0.33, 0.42, 0.47, 1.02, 1.0, 1.5, 0.84, 0.64, 2.19, 1.09, 0.67, 0.52]}
{"t": 57.6, "x": -3153, "y": -854, "h": 271.6, "d5": 0.234, "d6": "tick=76859 goal=0 here=0", "l": [0.41, 0.5, 0.49, -1.0, 0.34, 0.35, 0.44, 0.87, 1.08, 1.68, 0.94, 0.29, 2.19, 1.07, 0.62, 0.44]}
{"t": 58.3, "x": -3197, "y": -852, "h": 310.4, "d5": 0.232, "d6": "tick=76922 goal=0 here=0", "l": [0.55, 0.38, 0.37, 0.33, 0.46, 0.79, 1.14, 1.63, 1.01, 0.23, 0.7, 1.39, 0.65, 0.48, 0.4, 0.48]}
{"t": 58.6, "x": -3200, "y": -850, "h": 296.3, "d5": 0.235, "d6": "tick=76959 goal=0 here=0", "l": [0.49, 0.46, 0.31, 0.34, 0.36, 0.47, 1.08, 1.07, 1.58, 0.87, 0.32, 2.21, 1.04, 0.61, 0.43, 0.43]}
{"t": 58.8, "x": -3282, "y": -811, "h": 295.4, "d5": 0.236, "d6": "tick=76981 goal=0 here=0", "l": [0.44, 0.44, 0.33, 0.3, 0.33, 0.47, 0.88, 1.1, 1.65, 0.9, 0.39, 2.22, 1.03, 0.59, 0.38, 0.39]}
{"t": 58.9, "x": -3290, "y": -807, "h": 296.9, "d5": 0.23, "d6": "tick=76991 goal=0 here=0", "l": [0.45, 0.42, 0.33, 0.31, 0.33, 0.47, 0.88, 1.11, 1.66, -1.0, 0.39, 2.2, 1.04, 0.58, 0.36, 0.38]}
{"t": 59.0, "x": -3289, "y": -807, "h": 291.3, "d5": 0.23, "d6": "tick=76996 goal=0 here=0", "l": [0.45, 0.45, 0.31, 0.3, 0.33, 0.47, 0.89, 1.11, 1.68, 0.9, 0.39, 2.22, 1.03, 0.58, -1.0, 0.38]}
{"t": 59.0, "x": -3290, "y": -807, "h": 296.3, "d5": 0.232, "d6": "tick=77001 goal=0 here=0", "l": [0.45, 0.44, 0.34, 0.32, 0.34, 0.47, 0.89, 1.12, 1.66, 0.91, 0.39, 2.22, 1.04, 0.57, 0.39, 0.38]}
{"t": 59.1, "x": -3289, "y": -807, "h": 294.4, "d5": 0.228, "d6": "tick=77006 goal=0 here=0", "l": [-1.0, 0.44, 0.33, 0.32, 0.34, 0.49, 0.86, 1.1, 1.66, 0.91, 0.4, 2.2, 1.01, 0.58, 0.38, 0.38]}
{"t": 59.1, "x": -3290, "y": -807, "h": 296.8, "d5": 0.241, "d6": "tick=77011 goal=0 here=0", "l": [0.44, 0.43, 0.35, 0.31, 0.29, 0.48, 0.89, 1.12, 1.68, 0.9, 0.37, 2.2, 1.01, 0.6, 0.37, 0.37]}
{"t": 59.2, "x": -3290, "y": -807, "h": 294.2, "d5": 0.212, "d6": "tick=77017 goal=0 here=0", "l": [0.45, 0.44, 0.33, 0.29, 0.34, 0.49, 0.89, 1.12, 1.65, 0.9, 0.39, 2.23, 1.02, 0.57, 0.39, 0.37]}
{"t": 59.2, "x": -3290, "y": -807, "h": 294.8, "d5": 0.23, "d6": "tick=77022 goal=0 here=0", "l": [0.46, 0.44, 0.33, 0.32, 0.32, 0.47, 0.88, 1.13, 1.66, 0.92, 0.39, 2.21, 1.02, 0.57, 0.37, 0.38]}
{"t": 59.3, "x": -3291, "y": -807, "h": 292.4, "d5": 0.225, "d6": "tick=77032 goal=0 here=0", "l": [0.46, 0.44, 0.33, 0.31, 0.33, 0.46, 0.86, 1.11, 1.68, 0.9, 0.37, 2.22, 1.02, 0.58, 0.34, 0.37]}
{"t": 59.4, "x": -3290, "y": -807, "h": 293.0, "d5": 0.241, "d6": "tick=77037 goal=0 here=0", "l": [0.46, 0.45, 0.33, 0.31, 0.32, 0.47, 0.88, 1.12, 1.65, 0.89, 0.39, 2.21, 1.03, 0.59, 0.36, 0.35]}
{"t": 59.4, "x": -3291, "y": -807, "h": 292.7, "d5": 0.221, "d6": "tick=77042 goal=0 here=0", "l": [0.44, 0.45, 0.34, 0.3, 0.32, 0.47, 0.87, 1.1, 1.66, 0.92, 0.4, 2.22, 1.01, 0.59, 0.37, 0.35]}
{"t": 59.5, "x": -3289, "y": -808, "h": 297.5, "d5": 0.215, "d6": "tick=77047 goal=0 here=0", "l": [0.44, 0.43, 0.34, 0.31, 0.32, 0.47, 0.87, 1.13, 1.65, 0.91, 0.38, 2.2, 1.03, 0.58, 0.38, 0.36]}
{"t": 59.5, "x": -3291, "y": -807, "h": 294.0, "d5": 0.237, "d6": "tick=77052 goal=0 here=0", "l": [0.45, 0.44, 0.34, 0.32, 0.32, 0.48, 0.88, 1.1, 1.66, 0.92, 0.39, 2.22, 1.02, 0.56, 0.37, 0.37]}
{"t": 59.6, "x": -3289, "y": -807, "h": 295.6, "d5": 0.233, "d6": "tick=77057 goal=0 here=0", "l": [0.44, 0.46, 0.32, 0.29, 0.34, 0.46, 0.88, 1.11, 1.65, 0.91, 0.39, 2.23, 1.02, 0.56, 0.36, 0.38]}
{"t": 59.7, "x": -3290, "y": -807, "h": 294.1, "d5": 0.242, "d6": "tick=77062 goal=0 here=0", "l": [0.45, 0.44, 0.34, 0.32, 0.33, 0.49, 0.88, 1.11, 1.65, 0.9, 0.38, 2.2, 1.01, 0.58, 0.36, 0.38]}
{"t": 59.7, "x": -3290, "y": -807, "h": 293.0, "d5": 0.23, "d6": "tick=77067 goal=0 here=0", "l": [0.46, 0.43, 0.32, 0.31, 0.33, 0.47, 0.89, 1.12, 1.66, 0.91, 0.39, 2.21, 1.03, 0.56, 0.37, 0.41]}
{"t": 59.9, "x": -3372, "y": -769, "h": 295.0, "d5": 0.231, "d6": "tick=77090 goal=0 here=0", "l": [0.41, 0.42, 0.37, 0.29, 0.31, 0.47, 0.86, 1.18, 1.81, 0.25, 0.43, 2.23, 1.0, 0.52, 0.3, 0.3]}
{"t": 60.1, "x": -3384, "y": -762, "h": 298.5, "d5": 0.224, "d6": "tick=77105 goal=0 here=0", "l": [0.37, 0.45, 0.38, 0.25, 0.32, 0.45, 0.81, 1.2, 1.8, 0.27, 0.46, 2.22, 0.85, 0.51, 0.31, 0.33]}
{"t": 60.1, "x": -3385, "y": -762, "h": 295.1, "d5": 0.242, "d6": "tick=77108 goal=0 here=0", "l": [0.41, 0.42, 0.35, 0.26, 0.32, 0.45, 0.78, 1.19, 1.8, 0.26, 0.45, 2.23, 0.82, 0.5, 0.3, 0.31]}
{"t": 60.2, "x": -3385, "y": -762, "h": 295.9, "d5": 0.228, "d6": "tick=77113 goal=0 here=0", "l": [0.39, 0.42, 0.36, 0.26, 0.32, -1.0, 0.81, 1.2, 1.8, 0.24, 0.46, 2.21, 0.85, 0.5, 0.32, 0.33]}
{"t": 60.2, "x": -3384, "y": -762, "h": 292.1, "d5": 0.225, "d6": "tick=77118 goal=0 here=0", "l": [0.4, 0.45, 0.37, 0.25, 0.34, 0.46, 0.83, 1.2, 1.8, 0.25, 0.45, 2.24, 0.86, 0.5, 0.32, 0.31]}
{"t": 60.7, "x": -3383, "y": -763, "h": 311.9, "d5": 0.227, "d6": "tick=77167 goal=0 here=0", "l": [0.45, 0.39, 0.25, 0.32, 0.39, 0.54, 1.19, 1.74, 1.05, 0.46, 2.23, 1.03, 0.55, 0.32, 0.31, 0.39]}
{"t": 60.8, "x": -3383, "y": -763, "h": 314.1, "d5": 0.22, "d6": "tick=77174 goal=0 here=0", "l": [0.43, 0.37, 0.26, 0.33, 0.38, 0.57, 1.19, 1.75, 1.05, 0.42, 2.21, 1.04, 0.57, 0.34, 0.33, 0.4]}
{"t": 60.8, "x": -3384, "y": -762, "h": 311.1, "d5": 0.225, "d6": "tick=77179 goal=0 here=0", "l": [0.46, 0.38, 0.25, 0.32, 0.39, 0.53, 1.19, 1.74, 1.06, 0.42, 2.21, 1.06, 0.56, 0.33, 0.33, 0.4]}
{"t": 60.9, "x": -3383, "y": -763, "h": 312.9, "d5": 0.233, "d6": "tick=77184 goal=0 here=0", "l": [0.43, 0.37, 0.24, 0.31, 0.39, 0.57, 1.2, 1.75, 1.06, 0.42, 2.21, 1.05, 0.55, 0.34, 0.31, 0.38]}
{"t": 60.9, "x": -3383, "y": -763, "h": 315.0, "d5": 0.232, "d6": "tick=77189 goal=0 here=0", "l": [0.45, 0.37, 0.25, 0.33, 0.39, 0.54, 1.19, 1.74, 1.07, 0.43, 2.21, 1.05, 0.56, 0.33, 0.32, 0.39]}
{"t": 61.4, "x": -3385, "y": -762, "h": 296.7, "d5": 0.219, "d6": "tick=77233 goal=0 here=0", "l": [0.39, 0.4, 0.36, 0.27, 0.32, 0.48, 0.9, 1.16, 1.69, 0.28, 0.48, 2.24, -1.0, 0.42, 0.31, 0.35]}
{"t": 61.4, "x": -3385, "y": -762, "h": 299.6, "d5": 0.225, "d6": "tick=77238 goal=0 here=0", "l": [0.41, 0.41, 0.35, 0.27, 0.32, 0.48, -1.0, 1.16, 1.66, 0.3, 0.48, 2.23, 0.77, 0.43, 0.3, 0.34]}
{"t": 61.5, "x": -3384, "y": -762, "h": 293.1, "d5": 0.23, "d6": "tick=77243 goal=0 here=0", "l": [0.41, 0.4, 0.37, 0.26, 0.32, 0.49, 0.93, 1.17, 1.66, 0.28, 0.48, 2.24, 0.77, 0.43, 0.29, 0.34]}
{"t": 61.8, "x": -3382, "y": -763, "h": 306.2, "d5": 0.224, "d6": "tick=77277 goal=0 here=0", "l": [0.41, 0.39, 0.28, 0.34, 0.36, 0.53, 1.17, 0.69, 1.12, 0.4, 1.56, 1.08, 0.58, 0.36, 0.3, 0.39]}
{"t": 61.9, "x": -3382, "y": -763, "h": 311.2, "d5": 0.225, "d6": "tick=77282 goal=0 here=0", "l": [0.41, 0.37, 0.26, 0.32, 0.34, 0.52, 1.15, 0.68, 1.12, 0.41, 1.58, 1.05, 0.58, 0.36, 0.3, 0.38]}
{"t": 61.9, "x": -3383, "y": -762, "h": 311.0, "d5": 0.227, "d6": "tick=77287 goal=0 here=0", "l": [0.43, 0.37, 0.25, 0.31, 0.37, 0.52, 1.16, 0.71, 1.13, 0.4, 1.58, 1.09, 0.57, 0.34, 0.3, 0.4]}
{"t": 62.0, "x": -3384, "y": -762, "h": 312.8, "d5": 0.24, "d6": "tick=77292 goal=0 here=0", "l": [0.41, 0.39, 0.24, 0.32, 0.38, 0.53, 1.15, 0.71, -1.0, 0.41, 1.58, 1.07, 0.56, 0.35, 0.31, 0.42]}
{"t": 62.0, "x": -3384, "y": -762, "h": 309.8, "d5": 0.236, "d6": "tick=77297 goal=0 here=0", "l": [0.42, 0.38, 0.26, 0.33, 0.36, 0.54, 1.15, 0.7, 1.11, 0.42, 1.58, 1.06, 0.55, -1.0, 0.32, 0.39]}
{"t": 62.1, "x": -3383, "y": -762, "h": 308.8, "d5": 0.228, "d6": "tick=77302 goal=0 here=0", "l": [0.43, 0.37, 0.25, 0.33, 0.36, 0.52, 1.16, 0.7, 1.13, 0.4, 1.57, 1.06, 0.58, 0.34, 0.32, 0.39]}
{"t": 62.1, "x": -3383, "y": -762, "h": 311.5, "d5": 0.243, "d6": "tick=77307 goal=0 here=0", "l": [0.43, 0.38, 0.26, 0.33, 0.35, 0.53, 1.18, 0.71, 1.12, 0.41, 1.58, 1.08, 0.57, 0.33, 0.33, 0.39]}
{"t": 62.2, "x": -3384, "y": -762, "h": 308.7, "d5": 0.22, "d6": "tick=77312 goal=0 here=0", "l": [0.42, 0.38, 0.26, 0.33, 0.38, 0.52, 1.15, 0.71, 1.13, 0.42, 1.56, 1.07, 0.58, 0.34, 0.3, 0.38]}
{"t": 62.2, "x": -3383, "y": -763, "h": 308.1, "d5": 0.252, "d6": "tick=77317 goal=0 here=0", "l": [0.41, 0.38, 0.24, 0.33, 0.36, 0.53, 1.18, 0.7, 1.13, 0.43, 1.56, 1.07, 0.59, 0.34, 0.32, 0.38]}
{"t": 62.3, "x": -3383, "y": -762, "h": 310.2, "d5": 0.229, "d6": "tick=77328 goal=0 here=0", "l": [0.44, 0.38, 0.25, 0.33, 0.35, 0.51, 1.15, 0.69, 1.13, 0.41, 1.58, 1.1, 0.58, 0.35, 0.29, 0.41]}
{"t": 62.3, "x": -3383, "y": -763, "h": 308.5, "d5": 0.234, "d6": "tick=77331 goal=0 here=0", "l": [0.43, 0.39, 0.28, 0.33, 0.35, 0.54, 1.16, 0.71, 1.11, 0.44, 1.56, 1.08, 0.58, 0.35, 0.31, 0.37]}
{"t": 62.4, "x": -3383, "y": -762, "h": 306.8, "d5": 0.222, "d6": "tick=77336 goal=0 here=0", "l": [0.44, 0.37, 0.26, 0.31, 0.35, 0.52, 1.17, 0.7, 1.14, 0.42, 1.58, 1.08, 0.56, 0.34, 0.33, 0.4]}
{"t": 62.4, "x": -3383, "y": -762, "h": 306.8, "d5": 0.223, "d6": "tick=77341 goal=0 here=0", "l": [0.43, 0.38, 0.25, 0.3, 0.36, 0.52, 1.15, 0.69, 1.12, 0.42, 1.55, 1.08, 0.58, 0.36, 0.31, 0.39]}
{"t": 62.5, "x": -3384, "y": -762, "h": 312.5, "d5": 0.236, "d6": "tick=77346 goal=0 here=0", "l": [0.44, 0.39, 0.24, 0.31, 0.35, 0.52, 1.17, 0.7, 1.14, 0.43, 1.56, 1.08, 0.56, 0.35, 0.32, 0.38]}
{"t": 62.5, "x": -3382, "y": -763, "h": 309.2, "d5": 0.231, "d6": "tick=77351 goal=0 here=0", "l": [0.43, 0.37, 0.26, 0.33, 0.36, 0.51, 1.16, 0.7, 1.12, 0.42, 1.56, 1.08, 0.57, 0.36, 0.32, 0.4]}
{"t": 62.6, "x": -3382, "y": -763, "h": 314.2, "d5": 0.231, "d6": "tick=77356 goal=0 here=0", "l": [0.43, 0.37, 0.26, 0.33, 0.37, 0.5, 1.16, 0.7, 1.12, 0.4, 1.56, 1.07, 0.58, 0.35, 0.31, 0.38]}
{"t": 62.6, "x": -3384, "y": -762, "h": 310.9, "d5": 0.21, "d6": "tick=77361 goal=0 here=0", "l": [0.42, 0.4, 0.26, -1.0, 0.36, 0.51, 1.17, 0.7, 1.15, 0.42, 1.57, 1.1, 0.58, 0.35, -1.0, 0.39]}
{"t": 62.7, "x": -3383, "y": -763, "h": 309.6, "d5": 0.239, "d6": "tick=77366 goal=0 here=0", "l": [0.44, 0.37, 0.26, 0.3, 0.36, 0.52, 1.16, 0.67, 1.12, 0.4, 1.55, 1.08, 0.58, 0.34, 0.32, 0.39]}
{"t": 62.7, "x": -3384, "y": -762, "h": 312.1, "d5": 0.228, "d6": "tick=77371 goal=0 here=0", "l": [0.43, 0.36, 0.27, 0.32, 0.37, 0.52, 1.15, 0.7, 1.13, 0.41, 1.57, 1.06, 0.57, 0.34, 0.34, 0.39]}
{"t": 62.8, "x": -3384, "y": -762, "h": 314.8, "d5": 0.227, "d6": "tick=77381 goal=0 here=0", "l": [0.46, 0.36, 0.25, 0.32, 0.35, 0.54, 1.17, 0.71, 1.14, 0.41, 1.56, 1.08, 0.59, 0.34, 0.31, 0.38]}
{"t": 62.9, "x": -3383, "y": -762, "h": 313.2, "d5": 0.241, "d6": "tick=77384 goal=0 here=0", "l": [0.42, 0.36, 0.27, 0.33, 0.35, 0.52, 1.16, 0.7, 1.13, 0.41, 1.57, 1.09, 0.57, 0.35, 0.32, 0.39]}
{"t": 62.9, "x": -3383, "y": -763, "h": 315.5, "d5": 0.236, "d6": "tick=77390 goal=0 here=0", "l": [0.44, 0.39, 0.28, 0.32, 0.35, 0.52, 1.16, 0.71, 1.13, 0.41, 1.56, 1.06, -1.0, 0.31, 0.31, 0.38]}
{"t": 63.9, "x": -3391, "y": -765, "h": 215.6, "d5": 0.239, "d6": "tick=77486 goal=0 here=0", "l": [0.62, 0.41, 0.3, 0.34, 0.41, 0.38, 0.32, 0.28, 0.35, 0.5, 1.21, 1.18, 1.41, 0.36, 0.72, 1.98]}
{"t": 65.1, "x": -3387, "y": -770, "h": 109.2, "d5": 0.221, "d6": "tick=77611 goal=0 here=0", "l": [1.78, 1.1, 0.43, 2.74, -1.0, 0.55, 0.33, 0.33, 0.38, 0.41, 0.36, 0.26, 0.33, 0.38, 0.54, 1.17]}
{"t": 65.4, "x": -3296, "y": -803, "h": 109.7, "d5": 0.233, "d6": "tick=77634 goal=0 here=0", "l": [0.65, 1.07, 0.35, 1.04, 1.41, 0.62, 0.41, 0.33, 0.45, 0.47, 0.42, 0.28, 0.33, 0.42, 0.69, 1.13]}
{"t": 66.1, "x": -3283, "y": -803, "h": 48.7, "d5": 0.23, "d6": "tick=77707 goal=0 here=0", "l": [0.47, 0.9, 1.09, 1.61, 0.89, 0.4, 2.17, 1.02, 0.58, 0.38, 0.38, 0.46, 0.44, 0.31, 0.31, 0.33]}
{"t": 66.8, "x": -3286, "y": -804, "h": 92.1, "d5": 0.219, "d6": "tick=77772 goal=0 here=0", "l": [1.13, 1.74, 0.94, 0.37, 2.23, 1.04, 0.6, 0.39, 0.37, 0.46, 0.45, 0.35, 0.3, 0.34, 0.45, 0.87]}
{"t": 67.0, "x": -3195, "y": -807, "h": 91.9, "d5": 0.23, "d6": "tick=77795 goal=0 here=0", "l": [1.13, 1.67, 0.97, 0.27, 2.18, 1.06, 0.64, 0.45, 0.42, 0.49, 0.45, 0.3, 0.31, 0.31, 0.45, 0.83]}
{"t": 67.2, "x": -3089, "y": -809, "h": 91.4, "d5": 0.236, "d6": "tick=77818 goal=0 here=0", "l": [1.07, 0.53, -1.0, 0.66, 0.43, 1.44, 0.69, 0.5, 0.46, 0.54, 0.49, 0.3, 0.31, 0.33, 0.42, 0.79]}
{"t": 67.8, "x": -3073, "y": -807, "h": 54.6, "d5": 0.219, "d6": "tick=77876 goal=0 here=0", "l": [0.49, 1.02, 1.03, 1.28, 0.81, 0.68, 2.28, 1.05, 0.64, 0.47, 0.53, 0.59, 0.34, 0.34, 0.3, 0.39]}
{"t": 68.2, "x": -3075, "y": -807, "h": 92.1, "d5": 0.238, "d6": "tick=77920 goal=0 here=0", "l": [1.02, 1.62, 0.97, 0.66, 0.42, 1.14, 0.7, 0.5, 0.49, 0.55, 0.49, 0.32, 0.32, 0.36, 0.41, 0.82]}
{"t": 68.5, "x": -2985, "y": -809, "h": 91.0, "d5": 0.227, "d6": "tick=77943 goal=0 here=0", "l": [0.99, 0.48, 0.97, 0.66, 0.25, 1.47, 0.73, 0.55, 0.5, 0.58, 0.51, 0.34, 0.29, 0.36, 0.37, 0.77]}
{"t": 69.0, "x": -2968, "y": -806, "h": 50.3, "d5": 0.231, "d6": "tick=78001 goal=0 here=0", "l": [0.54, 1.0, 0.95, 1.47, 0.87, 0.65, 0.18, 1.13, 0.71, 0.53, 0.57, 0.62, 0.35, 0.34, 0.32, 0.36]}
{"t": 69.5, "x": -2972, "y": -807, "h": 87.1, "d5": 0.235, "d6": "tick=78049 goal=0 here=0", "l": [1.0, 0.51, 0.97, 0.66, 0.67, 1.5, 0.77, 0.6, 0.51, 0.6, 0.52, 0.37, 0.29, 0.36, 0.37, 0.72]}
{"t": 70.1, "x": -2968, "y": -805, "h": 47.2, "d5": 0.238, "d6": "tick=78102 goal=0 here=0", "l": [0.41, 1.0, 0.94, 1.48, 0.93, 0.65, 0.18, 1.13, 0.73, 0.53, 0.57, 0.61, 0.34, 0.33, 0.3, 0.35]}
{"t": 70.6, "x": -2971, "y": -806, "h": 86.5, "d5": 0.234, "d6": "tick=78155 goal=0 here=0", "l": [0.99, 0.72, 1.02, 0.68, 0.66, 1.72, 0.84, 0.63, 0.52, 0.61, 0.54, 0.34, 0.31, 0.35, 0.36, 0.72]}
{"t": 70.8, "x": -2880, "y": -797, "h": 84.2, "d5": 0.236, "d6": "tick=78178 goal=0 here=0", "l": [0.92, 0.72, 1.11, 0.76, 0.68, 0.22, 0.91, 0.66, 0.56, 0.64, 0.55, 0.36, 0.3, 0.35, 0.34, 0.67]}
{"t": 71.4, "x": -2868, "y": -793, "h": 50.4, "d5": 0.207, "d6": "tick=78237 goal=0 here=0", "l": [0.39, 0.91, 0.92, 0.47, 0.92, 0.64, 0.68, 0.18, 0.79, 0.64, 0.6, 0.64, 0.37, 0.33, 0.32, 0.35]}
{"t": 71.7, "x": -2867, "y": -791, "h": 31.8, "d5": 0.231, "d6": "tick=78265 goal=0 here=0", "l": [0.33, 0.53, 0.9, 0.94, 1.43, 0.87, 0.63, 0.32, 1.15, 0.77, 0.59, 0.64, 0.58, 0.37, 0.31, 0.33]}
{"t": 72.5, "x": -2873, "y": -794, "h": 93.6, "d5": 0.238, "d6": "tick=78351 goal=0 here=0", "l": [0.9, 0.44, 0.93, 0.63, 0.68, 1.34, 0.77, 0.6, 0.62, 0.65, 0.39, 0.32, 0.31, 0.34, 0.49, 0.97]}
{"t": 73.3, "x": -2868, "y": -790, "h": 32.5, "d5": 0.223, "d6": "tick=78429 goal=0 here=0", "l": [0.31, 0.53, 0.92, 0.89, 1.44, 0.87, 0.63, 0.66, 1.15, 0.76, 0.57, 0.61, 0.6, 0.36, 0.3, 0.34]}
{"t": 74.1, "x": -2873, "y": -793, "h": 90.2, "d5": 0.226, "d6": "tick=78503 goal=0 here=0", "l": [0.91, 0.45, 0.92, 0.63, 0.68, 0.17, 0.79, 0.61, 0.58, 0.67, 0.37, 0.32, 0.3, 0.34, 0.42, 0.95]}
{"t": 74.5, "x": -2870, "y": -791, "h": 53.4, "d5": 0.221, "d6": "tick=78551 goal=0 here=0", "l": [0.51, 0.94, 0.91, 1.43, 0.87, 0.62, 0.66, 1.16, 0.76, 0.59, 0.62, 0.63, 0.38, 0.29, 0.31, 0.32]}
{"t": 75.1, "x": -2872, "y": -792, "h": 88.4, "d5": 0.218, "d6": "tick=78605 goal=0 here=0", "l": [0.92, 0.46, 0.95, 0.65, 0.68, 0.18, 0.8, 0.63, 0.57, 0.64, 0.37, 0.33, 0.3, 0.35, 0.39, 0.91]}
{"t": 75.6, "x": -2871, "y": -791, "h": 52.0, "d5": 0.216, "d6": "tick=78660 goal=0 here=0", "l": [0.52, 0.94, 0.9, 1.44, 0.89, 0.62, 0.68, 1.17, 0.76, 0.58, 0.62, -1.0, 0.36, 0.31, 0.32, 0.36]}
{"t": 76.3, "x": -2874, "y": -792, "h": 90.7, "d5": 0.225, "d6": "tick=78723 goal=0 here=0", "l": [0.94, 0.46, 0.93, 0.65, 0.66, 0.18, -1.0, 0.61, 0.57, 0.64, 0.39, 0.34, 0.3, 0.35, 0.36, 0.88]}
{"t": 76.9, "x": -2871, "y": -790, "h": 50.5, "d5": 0.234, "d6": "tick=78786 goal=0 here=0", "l": [0.49, 0.96, 0.88, 1.5, 0.91, 0.64, 0.67, 1.32, -1.0, 0.6, 0.61, 0.65, -1.0, 0.32, 0.3, 0.34]}
{"t": 77.5, "x": -2873, "y": -791, "h": 89.8, "d5": 0.222, "d6": "tick=78845 goal=0 here=0", "l": [0.94, 0.66, 0.97, 0.68, 0.68, 0.21, 0.85, 0.62, 0.58, 0.64, 0.41, 0.35, 0.28, 0.35, 0.34, -1.0]}
{"t": 78.1, "x": -2870, "y": -789, "h": 54.4, "d5": 0.228, "d6": "tick=78904 goal=0 here=0", "l": [0.49, 0.94, 0.89, 1.46, 0.9, 0.62, 0.66, 1.18, 0.77, 0.6, 0.62, 0.67, 0.36, 0.31, 0.32, 0.33]}
{"t": 78.8, "x": -2874, "y": -791, "h": 95.2, "d5": 0.229, "d6": "tick=78975 goal=0 here=0", "l": [0.91, 1.48, 0.92, 0.63, 0.66, 1.17, 0.76, 0.59, 0.62, 0.67, 0.36, 0.31, 0.32, 0.34, 0.51, 0.94]}
{"t": 79.0, "x": -2783, "y": -800, "h": 95.7, "d5": 0.215, "d6": "tick=78997 goal=0 here=0", "l": [0.85, 0.41, 0.89, 0.62, 0.67, 0.24, 0.8, 0.67, 0.66, 0.72, 0.38, 0.3, 0.34, 0.32, 0.5, 0.91]}
{"t": 79.8, "x": -2710, "y": -794, "h": 35.8, "d5": 0.227, "d6": "tick=79074 goal=0 here=0", "l": [0.36, 0.62, 0.84, 0.67, 1.13, 0.8, 0.59, 0.69, 0.26, 0.83, 0.64, 0.74, 0.6, 0.35, 0.33, 0.3]}
{"t": 80.1, "x": -2710, "y": -795, "h": 21.9, "d5": 0.211, "d6": "tick=79109 goal=0 here=0", "l": [0.29, 0.42, 0.81, -1.0, 0.63, 1.04, 0.72, 0.63, 0.6, 0.23, 0.77, 0.63, 0.72, 0.45, 0.33, 0.32]}
{"t": 80.2, "x": -2709, "y": -792, "h": 22.0, "d5": 0.219, "d6": "tick=79114 goal=0 here=0", "l": [0.31, 0.42, 0.8, 0.86, 0.63, 1.03, 0.74, 0.61, 0.59, 0.22, 0.8, 0.64, 0.71, 0.45, 0.31, 0.34]}
{"t": 80.2, "x": -2710, "y": -794, "h": 17.1, "d5": 0.218, "d6": "tick=79119 goal=0 here=0", "l": [0.29, 0.45, 0.8, 0.86, 0.62, 1.04, 0.73, 0.63, 0.59, 0.23, 0.77, 0.65, 0.7, 0.42, 0.32, 0.34]}
{"t": 80.3, "x": -2709, "y": -792, "h": 21.3, "d5": 0.243, "d6": "tick=79124 goal=0 here=0", "l": [0.29, 0.43, 0.79, 0.86, 0.62, 1.05, 0.72, 0.63, 0.58, 0.23, 0.78, 0.64, 0.72, 0.44, 0.32, 0.35]}
{"t": 80.3, "x": -2709, "y": -794, "h": 19.4, "d5": 0.224, "d6": "tick=79129 goal=0 here=0", "l": [0.3, 0.45, 0.8, 0.87, 0.62, 1.06, 0.73, 0.62, 0.61, 0.24, 0.79, 0.66, 0.74, 0.43, 0.34, 0.33]}
{"t": 80.4, "x": -2709, "y": -792, "h": 16.8, "d5": 0.225, "d6": "tick=79139 goal=0 here=0", "l": [0.29, 0.42, 0.81, 0.85, 0.63, 1.04, 0.74, 0.63, 0.59, 0.23, 0.78, 0.64, 0.71, 0.45, 0.33, 0.34]}
{"t": 82.7, "x": -2722, "y": -798, "h": 151.0, "d5": 0.24, "d6": "tick=79366 goal=0 here=0", "l": [0.49, 0.49, 0.42, 0.12, 0.09, 0.09, 0.61, 0.78, 0.53, 0.46, 0.5, 0.63, 1.01, 0.88, 1.44, 0.81]}
{"t": 83.9, "x": -2713, "y": -798, "h": 21.9, "d5": 0.242, "d6": "tick=79489 goal=0 here=0", "l": [0.45, 0.72, 0.91, 0.69, 1.34, 0.74, 0.47, 0.49, 0.35, 0.12, 0.1, 0.12, 0.7, 0.7, 0.52, 0.5]}
{"t": 84.1, "x": -2679, "y": -713, "h": 22.1, "d5": 0.244, "d6": "tick=79512 goal=0 here=0", "l": [0.44, 0.6, 0.93, 0.87, 1.46, 0.78, 0.49, 0.54, 0.43, 0.14, 0.12, 0.58, 0.71, 0.67, 0.46, 0.45]}
{"t": 84.4, "x": -2641, "y": -615, "h": 21.2, "d5": 0.22, "d6": "tick=79534 goal=0 here=0", "l": [0.37, 0.53, 0.94, 0.85, 1.44, 0.89, 0.63, 0.57, 0.52, 0.17, 0.76, 0.6, 0.7, 0.62, 0.44, 0.41]}
{"t": 84.4, "x": -2637, "y": -606, "h": 20.5, "d5": 0.232, "d6": "tick=79540 goal=0 here=0", "l": [0.36, 0.54, 0.94, 0.86, 1.43, 0.87, 0.61, 0.59, 0.5, 0.2, 0.78, 0.62, 0.73, 0.63, 0.41, 0.41]}
{"t": 84.5, "x": -2636, "y": -602, "h": 22.7, "d5": 0.233, "d6": "tick=79545 goal=0 here=0", "l": [0.35, 0.54, 0.94, 0.85, 1.44, 0.85, 0.64, 0.59, 0.5, 0.19, 0.75, 0.62, 0.73, 0.62, 0.42, 0.41]}
{"t": 84.5, "x": -2635, "y": -601, "h": 22.8, "d5": 0.237, "d6": "tick=79550 goal=0 here=0", "l": [0.38, 0.53, 0.93, 0.85, 1.41, 0.86, 0.62, 0.58, 0.5, 0.18, 0.74, 0.61, 0.73, 0.64, 0.41, 0.41]}
{"t": 84.6, "x": -2635, "y": -601, "h": 22.5, "d5": 0.224, "d6": "tick=79560 goal=0 here=0", "l": [0.39, 0.52, 0.93, 0.85, 1.41, 0.85, 0.61, 0.58, 0.51, 0.21, 0.76, 0.61, 0.73, 0.63, 0.42, 0.38]}
{"t": 84.7, "x": -2635, "y": -601, "h": 26.1, "d5": 0.221, "d6": "tick=79563 goal=0 here=0", "l": [0.38, 0.51, 0.94, 0.83, 1.42, 0.87, 0.63, 0.58, 0.51, 0.19, 0.76, 0.6, 0.73, 0.61, 0.43, 0.39]}
{"t": 84.7, "x": -2636, "y": -602, "h": 16.4, "d5": 0.214, "d6": "tick=79568 goal=0 here=0", "l": [0.36, 0.52, 0.95, 0.84, 1.42, 0.86, 0.63, 0.6, 0.5, 0.18, 0.76, 0.62, 0.72, 0.63, 0.42, 0.39]}
{"t": 84.8, "x": -2636, "y": -602, "h": 22.4, "d5": 0.232, "d6": "tick=79573 goal=0 here=0", "l": [0.37, 0.51, 0.95, 0.86, 1.43, 0.86, 0.62, -1.0, 0.51, 0.19, 0.75, 0.6, 0.72, 0.61, 0.41, 0.41]}
{"t": 84.8, "x": -2635, "y": -601, "h": 19.6, "d5": 0.249, "d6": "tick=79578 goal=0 here=0", "l": [0.37, 0.55, 0.92, 0.85, 1.4, 0.85, 0.62, 0.58, 0.52, 0.2, 0.74, 0.61, 0.72, 0.61, 0.41, 0.39]}
{"t": 84.9, "x": -2635, "y": -601, "h": 21.7, "d5": 0.231, "d6": "tick=79583 goal=0 here=0", "l": [0.37, 0.53, 0.94, 0.81, 1.42, 0.9, 0.64, 0.58, 0.51, 0.19, 0.78, 0.61, 0.72, 0.64, 0.42, 0.4]}
{"t": 84.9, "x": -2636, "y": -602, "h": 20.3, "d5": 0.23, "d6": "tick=79590 goal=0 here=0", "l": [0.36, 0.53, -1.0, 0.86, 1.43, 0.86, 0.65, 0.59, 0.52, 0.2, 0.76, 0.62, 0.73, 0.63, 0.41, 0.41]}
{"t": 85.0, "x": -2636, "y": -603, "h": 16.3, "d5": 0.225, "d6": "tick=79601 goal=0 here=0", "l": [0.36, 0.53, 0.93, 0.83, 1.44, 0.87, 0.61, 0.57, 0.51, 0.19, 0.76, 0.62, 0.72, 0.64, 0.42, 0.4]}
{"t": 85.1, "x": -2636, "y": -603, "h": 22.2, "d5": 0.228, "d6": "tick=79604 goal=0 here=0", "l": [0.36, 0.53, 0.93, 0.86, 1.42, 0.85, -1.0, 0.58, 0.5, 0.18, 0.74, 0.62, 0.72, 0.62, 0.42, 0.41]}
{"t": 85.1, "x": -2635, "y": -602, "h": 24.5, "d5": 0.232, "d6": "tick=79610 goal=0 here=0", "l": [-1.0, 0.53, 0.93, 0.85, 1.41, 0.87, 0.64, 0.59, 0.52, 0.19, 0.75, 0.62, 0.74, 0.61, 0.41, 0.41]}
{"t": 85.4, "x": -2597, "y": -518, "h": 24.7, "d5": 0.232, "d6": "tick=79633 goal=0 here=0", "l": [0.31, 0.47, 0.84, 0.87, 0.61, 0.94, 0.71, 0.6, 0.58, 0.22, 0.79, 0.63, 0.71, 0.45, 0.36, 0.37]}
{"t": 85.4, "x": -2594, "y": -509, "h": 16.4, "d5": 0.239, "d6": "tick=79637 goal=0 here=0", "l": [0.31, 0.46, 0.84, 0.86, 0.6, 0.99, 0.74, 0.63, 0.58, 0.23, 0.78, 0.64, 0.72, 0.44, 0.35, 0.37]}
{"t": 85.5, "x": -2593, "y": -506, "h": 22.9, "d5": 0.224, "d6": "tick=79642 goal=0 here=0", "l": [0.32, 0.47, 0.84, 0.86, 0.6, 0.98, 0.72, 0.61, 0.57, 0.25, 0.78, 0.64, 0.74, 0.45, 0.36, 0.36]}
{"t": 85.5, "x": -2593, "y": -506, "h": 19.4, "d5": 0.216, "d6": "tick=79647 goal=0 here=0", "l": [0.33, 0.47, 0.83, 0.86, 0.62, 0.97, 0.71, 0.63, 0.58, 0.23, 0.77, 0.64, 0.73, 0.44, 0.36, 0.37]}
{"t": 87.7, "x": -2608, "y": -517, "h": 149.6, "d5": 0.245, "d6": "tick=79865 goal=0 here=0", "l": [0.52, 0.48, 0.46, 0.11, 0.1, 0.09, 0.11, 0.77, 0.54, 0.47, 0.52, 0.64, 1.0, 0.89, 1.44, -1.0]}
{"t": 88.9, "x": -2600, "y": -517, "h": 23.3, "d5": 0.23, "d6": "tick=79989 goal=0 here=0", "l": [0.5, 0.68, 0.97, 0.89, 1.45, 0.79, 0.45, 0.48, 0.41, 0.11, 0.1, 0.08, 0.67, 0.74, 0.54, 0.49]}
{"t": 89.1, "x": -2568, "y": -431, "h": 20.3, "d5": 0.237, "d6": "tick=80011 goal=0 here=0", "l": [0.45, 0.61, 0.98, 0.87, 1.42, 0.81, -1.0, 0.51, 0.46, 0.15, 0.12, 0.6, 0.69, 0.68, 0.5, 0.44]}
{"t": 89.4, "x": -2537, "y": -335, "h": 18.1, "d5": 0.223, "d6": "tick=80034 goal=0 here=0", "l": [0.42, 0.55, 0.91, 0.88, 1.43, 0.87, 0.64, 0.57, 0.54, 0.18, 0.14, 0.62, 0.73, 0.67, 0.45, 0.39]}
{"t": 89.4, "x": -2532, "y": -322, "h": 18.9, "d5": 0.223, "d6": "tick=80039 goal=0 here=0", "l": [0.39, 0.52, 0.9, 0.89, 0.38, 0.89, 0.66, 0.57, 0.53, 0.18, 0.76, 0.6, 0.72, 0.66, 0.45, 0.41]}
{"t": 89.5, "x": -2533, "y": -323, "h": 18.1, "d5": 0.237, "d6": "tick=80044 goal=0 here=0", "l": [0.39, 0.54, 0.88, 0.88, 0.34, 0.89, 0.66, 0.56, 0.51, 0.18, 0.76, 0.61, 0.71, 0.65, 0.43, 0.39]}
{"t": 89.6, "x": -2532, "y": -322, "h": 21.1, "d5": 0.22, "d6": "tick=80054 goal=0 here=0", "l": [0.39, 0.55, 0.89, 0.86, 0.35, 0.9, 0.65, 0.56, 0.53, 0.2, 0.75, 0.62, 0.72, 0.66, 0.46, 0.4]}
{"t": 89.6, "x": -2532, "y": -322, "h": 18.0, "d5": 0.221, "d6": "tick=80058 goal=0 here=0", "l": [0.4, 0.52, 0.9, 0.89, 0.35, 0.88, 0.65, 0.56, 0.55, 0.17, 0.76, -1.0, 0.7, 0.66, 0.45, 0.41]}
{"t": 89.7, "x": -2533, "y": -323, "h": 19.3, "d5": 0.239, "d6": "tick=80063 goal=0 here=0", "l": [0.4, 0.53, 0.89, 0.87, 0.37, 0.88, 0.66, 0.56, 0.54, 0.19, 0.75, 0.62, 0.7, 0.67, 0.45, 0.4]}
{"t": 89.7, "x": -2533, "y": -323, "h": 15.5, "d5": 0.227, "d6": "tick=80068 goal=0 here=0", "l": [0.41, 0.53, 0.89, 0.88, 0.37, 0.91, 0.64, 0.56, 0.54, 0.21, 0.75, 0.61, 0.71, 0.66, 0.44, 0.41]}
{"t": 89.9, "x": -2506, "y": -235, "h": 17.0, "d5": 0.217, "d6": "tick=80091 goal=0 here=0", "l": [0.35, 0.45, 0.69, 0.89, 0.61, 1.08, 0.73, 0.59, 0.63, 0.21, 0.81, 0.63, 0.72, 0.63, 0.41, 0.36]}
{"t": 90.0, "x": -2503, "y": -222, "h": 13.6, "d5": 0.232, "d6": "tick=80096 goal=0 here=0", "l": [0.35, 0.44, 0.68, 0.88, 0.6, 1.11, 0.72, 0.59, 0.61, 0.21, 0.78, 0.63, 0.72, 0.62, 0.41, 0.35]}
{"t": 90.0, "x": -2503, "y": -223, "h": 17.5, "d5": 0.219, "d6": "tick=80101 goal=0 here=0", "l": [0.33, 0.45, 0.67, 0.87, 0.62, 1.08, 0.73, 0.59, 0.63, 0.22, 0.8, 0.62, 0.74, 0.64, 0.4, 0.36]}
{"t": 90.1, "x": -2503, "y": -222, "h": 16.7, "d5": 0.217, "d6": "tick=80111 goal=0 here=0", "l": [0.34, 0.44, 0.68, 0.87, 0.63, 1.08, 0.72, 0.58, -1.0, 0.2, 0.79, 0.63, 0.72, 0.63, 0.4, 0.38]}
{"t": 90.2, "x": -2503, "y": -222, "h": 15.5, "d5": 0.21, "d6": "tick=80114 goal=0 here=0", "l": [0.35, 0.44, 0.67, 0.88, 0.62, 1.08, 0.71, 0.59, 0.64, 0.21, 0.8, 0.64, 0.72, 0.63, 0.4, 0.36]}
{"t": 90.2, "x": -2503, "y": -222, "h": 16.3, "d5": 0.217, "d6": "tick=80119 goal=0 here=0", "l": [0.33, 0.46, 0.68, 0.89, 0.61, 1.1, 0.71, 0.59, 0.63, 0.24, 0.77, 0.63, 0.74, 0.63, 0.41, 0.37]}
{"t": 90.3, "x": -2503, "y": -222, "h": 19.0, "d5": 0.23, "d6": "tick=80124 goal=0 here=0", "l": [0.34, 0.44, 0.67, 0.88, 0.64, 1.1, 0.72, 0.59, 0.62, 0.21, 0.8, 0.64, 0.73, 0.61, 0.4, 0.36]}
{"t": 90.3, "x": -2503, "y": -222, "h": 15.9, "d5": 0.225, "d6": "tick=80129 goal=0 here=0", "l": [0.34, 0.45, 0.66, 0.89, 0.64, 1.09, 0.72, 0.59, 0.62, 0.22, 0.78, 0.61, 0.72, 0.62, 0.38, 0.36]}
{"t": 90.4, "x": -2503, "y": -222, "h": 15.2, "d5": 0.212, "d6": "tick=80134 goal=0 here=0", "l": [0.34, 0.44, 0.66, 0.88, 0.61, 1.08, 0.72, 0.58, 0.62, 0.23, 0.81, 0.64, 0.7, 0.63, 0.41, 0.36]}
{"t": 92.2, "x": -2512, "y": -232, "h": 105.4, "d5": 0.234, "d6": "tick=80320 goal=0 here=0", "l": [1.44, 0.83, 0.53, 0.44, 0.47, 0.11, 0.1, 0.09, 0.1, 0.76, 0.55, 0.49, 0.52, 0.62, 0.96, 0.91]}
{"t": 93.1, "x": -2506, "y": -229, "h": 18.7, "d5": 0.237, "d6": "tick=80406 goal=0 here=0", "l": [0.49, 0.73, 0.95, 0.41, 1.37, 0.75, 0.48, 0.49, 0.39, 0.1, 0.11, 0.1, 0.68, 0.73, 0.54, 0.51]}
{"t": 93.3, "x": -2472, "y": -144, "h": 21.9, "d5": 0.237, "d6": "tick=80429 goal=0 here=0", "l": [0.43, 0.63, 0.94, -1.0, 1.44, 0.81, 0.49, 0.52, 0.42, 0.15, 0.12, 0.61, 0.71, 0.7, 0.51, 0.46]}
{"t": 93.5, "x": -2432, "y": -46, "h": 22.2, "d5": 0.227, "d6": "tick=80452 goal=0 here=0", "l": [0.38, 0.56, 0.94, 0.84, 1.4, 0.83, 0.62, 0.55, 0.51, 0.19, 0.17, 0.61, 0.72, 0.65, 0.46, 0.43]}
{"t": 93.6, "x": -2427, "y": -32, "h": 19.0, "d5": 0.23, "d6": "tick=80457 goal=0 here=0", "l": [0.41, 0.55, 0.96, 0.84, 1.41, 0.84, 0.62, 0.58, 0.51, 0.18, 0.16, 0.6, 0.73, 0.66, 0.44, 0.41]}
{"t": 93.8, "x": -2395, "y": 52, "h": 20.9, "d5": 0.243, "d6": "tick=80480 goal=0 here=0", "l": [0.34, 0.49, 0.84, 0.88, 0.44, 0.94, 0.69, 0.59, 0.57, 0.21, 0.78, 0.63, 0.72, 0.51, 0.39, 0.37]}
{"t": 93.9, "x": -2390, "y": 64, "h": 22.1, "d5": 0.221, "d6": "tick=80490 goal=0 here=0", "l": [0.33, 0.5, 0.83, 0.88, 0.59, 0.98, 0.69, 0.58, 0.58, 0.23, 0.79, 0.63, 0.75, 0.47, 0.39, 0.37]}
{"t": 94.0, "x": -2390, "y": 64, "h": 18.5, "d5": 0.205, "d6": "tick=80493 goal=0 here=0", "l": [0.33, 0.49, 0.85, 0.85, 0.61, 0.98, 0.69, 0.59, 0.57, 0.22, 0.79, 0.62, 0.74, 0.46, 0.38, 0.36]}
{"t": 94.0, "x": -2390, "y": 65, "h": 16.9, "d5": 0.207, "d6": "tick=80498 goal=0 here=0", "l": [0.34, 0.5, 0.84, 0.87, 0.59, 0.98, 0.71, 0.58, 0.59, 0.22, 0.78, 0.64, 0.73, 0.48, 0.39, 0.36]}
{"t": 96.0, "x": -2395, "y": 63, "h": 303.9, "d5": 0.233, "d6": "tick=80698 goal=0 here=0", "l": [0.75, 0.64, 0.53, 0.54, 0.6, 0.93, 0.96, 1.42, 0.9, 0.57, 0.46, 0.47, 0.14, 0.1, 0.09, 0.1]}
{"t": 96.5, "x": -2393, "y": 62, "h": 341.4, "d5": 0.243, "d6": "tick=80747 goal=0 here=0", "l": [0.56, 0.51, 0.48, 0.78, 0.94, 0.51, 1.31, 0.67, 0.44, 0.48, 0.36, 0.09, 0.1, 0.09, 0.72, 0.73]}
{"t": 96.7, "x": -2426, "y": 146, "h": 338.8, "d5": 0.235, "d6": "tick=80770 goal=0 here=0", "l": [0.52, 0.47, 0.46, 0.69, 0.95, 0.73, 1.36, 0.76, 0.49, 0.52, 0.16, 0.12, 0.1, 0.57, 0.69, 0.68]}
{"t": 97.0, "x": -2464, "y": 245, "h": 339.0, "d5": 0.227, "d6": "tick=80792 goal=0 here=0", "l": [0.45, 0.4, 0.42, 0.61, 0.99, 0.88, 1.51, 0.87, 0.52, 0.57, 0.17, 0.1, 0.7, 0.56, 0.68, 0.63]}
{"t": 97.2, "x": -2507, "y": 339, "h": 335.4, "d5": 0.235, "d6": "tick=80815 goal=0 here=0", "l": [0.41, 0.34, 0.4, 0.48, 0.94, 0.93, 1.52, 0.9, 0.58, 0.61, 0.13, 0.84, 0.66, 0.54, 0.64, 0.58]}
{"t": 97.6, "x": -2510, "y": 347, "h": 356.0, "d5": 0.226, "d6": "tick=80859 goal=0 here=0", "l": [0.35, 0.39, 0.38, 0.72, 0.99, 0.48, 0.97, 0.67, 0.64, 0.19, 1.04, 0.69, 0.55, 0.63, -1.0, 0.4]}
{"t": 97.7, "x": -2510, "y": 348, "h": 355.6, "d5": 0.221, "d6": "tick=80864 goal=0 here=0", "l": [0.34, 0.41, 0.39, 0.75, 0.97, 0.47, 0.98, 0.7, 0.62, 0.18, 1.03, 0.7, 0.53, 0.65, 0.6, 0.41]}
{"t": 97.7, "x": -2510, "y": 347, "h": 353.1, "d5": 0.228, "d6": "tick=80869 goal=0 here=0", "l": [0.34, 0.41, 0.4, 0.73, -1.0, 0.48, 0.99, 0.69, 0.62, 0.16, 1.05, 0.71, -1.0, 0.63, 0.59, 0.39]}
{"t": 99.6, "x": -2512, "y": 330, "h": 78.6, "d5": 0.226, "d6": "tick=81060 goal=0 here=0", "l": [0.95, 0.43, 1.09, 0.66, 0.55, 0.53, 0.12, 0.7, 0.59, 0.61, 0.71, 0.45, 0.41, 0.46, 0.42, 0.72]}
{"t": 100.4, "x": -2508, "y": 336, "h": 357.2, "d5": 0.223, "d6": "tick=81138 goal=0 here=0", "l": [0.39, 0.42, 0.57, 0.99, 0.9, 1.49, 0.86, 0.55, 0.59, 0.15, 0.09, 0.69, 0.56, 0.67, 0.62, 0.43]}
{"t": 100.5, "x": -2508, "y": 335, "h": 356.5, "d5": 0.235, "d6": "tick=81143 goal=0 here=0", "l": [0.39, 0.44, 0.58, 0.99, 0.89, 1.48, 0.87, 0.55, 0.56, -1.0, 0.1, 0.68, 0.55, -1.0, 0.63, 0.44]}
{"t": 100.5, "x": -2508, "y": 336, "h": 3.6, "d5": 0.24, "d6": "tick=81148 goal=0 here=0", "l": [0.39, 0.43, 0.58, 1.0, 0.9, 1.48, 0.88, 0.56, 0.57, 0.15, 0.1, 0.68, 0.54, 0.67, 0.61, 0.44]}
{"t": 100.8, "x": -2508, "y": 338, "h": 346.7, "d5": 0.229, "d6": "tick=81175 goal=0 here=0", "l": [0.41, 0.44, 0.42, 0.74, 0.94, 0.45, 1.09, 0.69, 0.56, 0.52, 0.12, 0.69, 0.57, 0.58, 0.73, 0.45]}
{"t": 101.0, "x": -2532, "y": 425, "h": 345.0, "d5": 0.229, "d6": "tick=81197 goal=0 here=0", "l": [0.37, 0.39, 0.38, 0.69, 0.92, 0.74, 1.19, 0.76, 0.59, 0.24, 1.08, 0.73, 0.57, 0.59, 0.68, 0.4]}
{"t": 101.1, "x": -2534, "y": 435, "h": 350.2, "d5": 0.224, "d6": "tick=81202 goal=0 here=0", "l": [0.35, 0.39, 0.38, 0.66, 0.93, 0.75, 1.19, 0.75, 0.6, 0.23, 1.1, 0.72, 0.56, 0.59, 0.68, 0.4]}
{"t": 101.1, "x": -2533, "y": 434, "h": 346.5, "d5": 0.231, "d6": "tick=81207 goal=0 here=0", "l": [0.36, 0.37, 0.4, 0.65, 0.94, 0.73, 1.19, 0.75, 0.6, 0.22, 1.08, 0.71, 0.57, 0.6, 0.68, 0.41]}
{"t": 101.2, "x": -2533, "y": 434, "h": 349.2, "d5": 0.225, "d6": "tick=81212 goal=0 here=0", "l": [0.35, 0.39, 0.36, -1.0, 0.93, 0.74, 1.2, 0.76, 0.6, 0.24, 1.09, 0.72, 0.55, 0.58, 0.67, 0.41]}
{"t": 101.2, "x": -2534, "y": 435, "h": 346.8, "d5": 0.238, "d6": "tick=81217 goal=0 here=0", "l": [0.36, -1.0, 0.35, 0.67, 0.93, 0.75, 1.19, 0.76, 0.61, 0.21, 1.09, 0.72, 0.55, 0.59, 0.69, 0.38]}
{"t": 101.3, "x": -2533, "y": 434, "h": 346.8, "d5": 0.227, "d6": "tick=81223 goal=0 here=0", "l": [0.36, 0.38, 0.37, 0.68, 0.93, 0.76, 1.2, 0.76, 0.58, 0.22, 1.08, 0.74, 0.55, 0.6, 0.68, 0.4]}
{"t": 101.3, "x": -2533, "y": 434, "h": 349.2, "d5": 0.219, "d6": "tick=81228 goal=0 here=0", "l": [0.35, 0.38, 0.38, 0.68, 0.91, 0.74, 1.18, 0.75, 0.6, 0.23, 1.09, 0.73, 0.54, 0.62, 0.69, 0.39]}
{"t": 101.4, "x": -2533, "y": 434, "h": 350.4, "d5": 0.225, "d6": "tick=81238 goal=0 here=0", "l": [0.35, 0.38, 0.38, 0.67, 0.93, 0.74, 1.2, 0.77, 0.59, 0.23, 1.08, 0.72, 0.57, 0.61, 0.68, 0.38]}
{"t": 101.4, "x": -2534, "y": 435, "h": 348.6, "d5": 0.236, "d6": "tick=81241 goal=0 here=0", "l": [0.37, 0.38, 0.38, 0.65, 0.92, 0.75, 1.2, 0.76, 0.59, 0.23, 1.1, 0.73, 0.56, 0.61, 0.68, 0.41]}
{"t": 101.5, "x": -2533, "y": 434, "h": 347.1, "d5": 0.224, "d6": "tick=81246 goal=0 here=0", "l": [0.36, 0.4, 0.39, 0.67, 0.92, 0.74, 1.2, 0.75, 0.6, 0.23, 1.08, 0.72, 0.55, 0.6, 0.69, 0.4]}
{"t": 101.6, "x": -2533, "y": 434, "h": 347.5, "d5": 0.222, "d6": "tick=81256 goal=0 here=0", "l": [0.37, 0.39, 0.36, 0.68, 0.92, 0.73, 1.21, 0.77, 0.63, 0.23, 1.07, 0.72, 0.57, 0.6, 0.68, 0.4]}
{"t": 101.7, "x": -2533, "y": 434, "h": 347.6, "d5": 0.224, "d6": "tick=81264 goal=0 here=0", "l": [0.36, 0.38, 0.38, 0.66, 0.91, 0.72, 1.19, 0.74, 0.6, 0.21, 1.11, 0.71, 0.58, 0.59, 0.67, 0.39]}
{"t": 101.7, "x": -2534, "y": 435, "h": 350.0, "d5": 0.229, "d6": "tick=81271 goal=0 here=0", "l": [0.36, 0.39, 0.38, 0.67, 0.93, 0.75, 1.19, 0.75, 0.59, 0.21, 1.07, 0.73, 0.56, 0.61, 0.67, 0.4]}
{"t": 101.8, "x": -2533, "y": 434, "h": 346.3, "d5": 0.235, "d6": "tick=81277 goal=0 here=0", "l": [0.37, 0.37, 0.39, 0.66, 0.93, 0.74, 1.2, 0.76, 0.58, 0.23, 1.1, 0.72, 0.56, 0.59, 0.67, -1.0]}
{"t": 101.9, "x": -2534, "y": 435, "h": 345.1, "d5": 0.238, "d6": "tick=81282 goal=0 here=0", "l": [0.35, 0.38, 0.37, 0.67, 0.93, 0.74, 1.19, 0.76, 0.6, 0.24, 1.1, 0.71, 0.57, 0.61, 0.67, 0.4]}
{"t": 101.9, "x": -2533, "y": 433, "h": 347.1, "d5": 0.223, "d6": "tick=81287 goal=0 here=0", "l": [0.35, 0.38, 0.36, 0.66, 0.93, 0.74, 1.2, 0.77, 0.61, 0.22, 1.08, 0.73, 0.56, 0.62, 0.68, 0.4]}
{"t": 102.0, "x": -2533, "y": 435, "h": 352.1, "d5": 0.246, "d6": "tick=81292 goal=0 here=0", "l": [0.36, 0.38, 0.39, 0.67, 0.93, 0.74, 1.2, 0.72, 0.6, 0.22, 1.09, 0.72, 0.58, 0.59, 0.67, -1.0]}
{"t": 102.0, "x": -2533, "y": 434, "h": 349.5, "d5": 0.215, "d6": "tick=81297 goal=0 here=0", "l": [0.36, 0.37, 0.38, 0.67, 0.92, 0.74, 1.22, 0.74, 0.62, 0.23, 1.08, 0.72, 0.56, 0.59, 0.68, 0.4]}
{"t": 102.1, "x": -2533, "y": 434, "h": 348.4, "d5": 0.224, "d6": "tick=81302 goal=0 here=0", "l": [0.36, 0.39, 0.38, 0.67, 0.92, 0.74, 1.2, 0.74, 0.6, 0.22, 1.09, -1.0, 0.57, 0.61, 0.67, 0.4]}
{"t": 102.1, "x": -2533, "y": 434, "h": 350.2, "d5": 0.234, "d6": "tick=81307 goal=0 here=0", "l": [0.35, 0.38, 0.37, 0.67, 0.92, 0.74, 1.19, 0.76, 0.61, 0.23, 1.08, 0.73, 0.57, 0.58, 0.68, 0.41]}
{"t": 102.2, "x": -2533, "y": 435, "h": 348.1, "d5": 0.218, "d6": "tick=81312 goal=0 here=0", "l": [0.36, 0.38, 0.37, 0.66, 0.92, 0.75, 1.2, 0.76, 0.61, 0.23, 1.1, 0.73, 0.56, 0.6, 0.69, 0.4]}
{"t": 102.2, "x": -2533, "y": 434, "h": 348.1, "d5": 0.218, "d6": "tick=81317 goal=0 here=0", "l": [0.35, 0.38, 0.35, 0.69, 0.92, 0.74, 1.18, 0.75, 0.58, 0.21, 1.09, 0.72, 0.56, 0.62, 0.7, 0.4]}
{"t": 102.4, "x": -2533, "y": 434, "h": 349.3, "d5": 0.234, "d6": "tick=81332 goal=0 here=0", "l": [0.35, 0.39, 0.38, 0.67, 0.9, 0.74, 1.2, 0.75, 0.61, 0.21, 1.1, 0.71, 0.56, 0.62, 0.69, -1.0]}
{"t": 102.4, "x": -2533, "y": 435, "h": 350.2, "d5": 0.24, "d6": "tick=81336 goal=0 here=0", "l": [0.36, 0.4, 0.38, 0.67, 0.93, 0.74, 1.21, 0.75, 0.6, 0.21, 1.09, 0.72, 0.57, 0.6, 0.69, 0.39]}
{"t": 102.4, "x": -2533, "y": 435, "h": 346.0, "d5": 0.24, "d6": "tick=81341 goal=0 here=0", "l": [0.38, 0.38, 0.37, 0.65, 0.91, 0.74, 1.2, 0.75, 0.61, 0.23, 1.09, 0.73, 0.56, 0.61, 0.69, 0.4]}
{"t": 102.5, "x": -2533, "y": 434, "h": 348.7, "d5": 0.239, "d6": "tick=81346 goal=0 here=0", "l": [0.36, 0.37, 0.36, 0.66, 0.91, 0.74, 1.2, 0.77, 0.6, 0.22, 1.1, 0.71, 0.59, 0.59, 0.69, 0.4]}
{"t": 102.5, "x": -2533, "y": 435, "h": 348.7, "d5": 0.238, "d6": "tick=81351 goal=0 here=0", "l": [0.37, 0.37, 0.38, 0.67, 0.92, 0.74, 1.19, 0.76, 0.61, 0.23, 1.11, 0.72, 0.57, 0.59, 0.67, 0.4]}
{"t": 102.6, "x": -2533, "y": 434, "h": 348.3, "d5": 0.227, "d6": "tick=81356 goal=0 here=0", "l": [0.36, 0.37, 0.37, 0.67, 0.94, 0.75, 1.18, 0.77, 0.61, 0.23, 1.1, 0.73, 0.57, 0.59, 0.69, 0.39]}
{"t": 102.6, "x": -2533, "y": 435, "h": 351.2, "d5": 0.234, "d6": "tick=81361 goal=0 here=0", "l": [0.37, 0.38, 0.37, 0.66, 0.91, 0.74, 1.19, 0.76, 0.61, 0.23, 1.11, 0.73, 0.58, 0.61, 0.69, 0.39]}
{"t": 102.7, "x": -2533, "y": 434, "h": 349.7, "d5": 0.232, "d6": "tick=81366 goal=0 here=0", "l": [0.35, 0.38, 0.38, 0.66, 0.92, 0.74, 1.21, 0.77, 0.61, 0.22, 1.1, 0.72, 0.57, 0.6, 0.68, 0.39]}
{"t": 102.7, "x": -2533, "y": 434, "h": 347.3, "d5": 0.231, "d6": "tick=81371 goal=0 here=0", "l": [0.37, 0.38, 0.38, 0.66, 0.93, 0.74, 1.2, 0.75, 0.61, 0.23, 1.09, 0.72, 0.58, 0.61, 0.68, 0.4]}
{"t": 102.8, "x": -2533, "y": 434, "h": 348.1, "d5": 0.218, "d6": "tick=81376 goal=0 here=0", "l": [0.34, 0.37, 0.37, 0.67, 0.94, 0.73, 1.21, 0.76, 0.6, 0.24, 1.1, 0.74, 0.57, 0.61, 0.68, 0.4]}
{"t": 102.8, "x": -2534, "y": 435, "h": 348.6, "d5": 0.227, "d6": "tick=81381 goal=0 here=0", "l": [0.34, 0.37, 0.37, 0.66, 0.91, 0.74, 1.19, 0.76, 0.6, 0.22, 1.1, 0.72, 0.56, 0.61, 0.68, 0.4]}
{"t": 102.9, "x": -2533, "y": 434, "h": 349.8, "d5": 0.227, "d6": "tick=81386 goal=0 here=0", "l": [0.35, 0.38, 0.38, 0.68, 0.91, 0.74, 1.2, 0.76, 0.62, 0.22, 1.09, 0.72, 0.57, 0.61, 0.69, 0.41]}
{"t": 102.9, "x": -2533, "y": 434, "h": 350.4, "d5": 0.238, "d6": "tick=81391 goal=0 here=0", "l": [0.35, 0.37, 0.37, 0.65, 0.92, 0.73, 1.2, -1.0, 0.6, 0.23, 1.1, 0.71, 0.56, 0.61, 0.67, 0.4]}
{"t": 103.0, "x": -2534, "y": 435, "h": 345.0, "d5": 0.22, "d6": "tick=81396 goal=0 here=0", "l": [0.36, 0.39, 0.36, 0.65, 0.91, 0.75, 1.22, 0.77, 0.61, 0.23, 1.07, 0.72, 0.57, 0.6, 0.67, 0.39]}
{"t": 103.0, "x": -2534, "y": 435, "h": 347.1, "d5": 0.22, "d6": "tick=81402 goal=0 here=0", "l": [0.37, 0.39, 0.4, 0.66, 0.93, 0.74, 1.19, 0.77, 0.59, 0.23, 1.09, 0.72, 0.57, 0.61, 0.69, 0.39]}
{"t": 103.1, "x": -2533, "y": 434, "h": 345.3, "d5": 0.219, "d6": "tick=81407 goal=0 here=0", "l": [0.35, 0.38, 0.38, 0.67, 0.92, 0.75, 1.21, 0.76, 0.59, 0.24, 1.08, 0.72, 0.57, 0.62, 0.67, 0.42]}
{"t": 103.1, "x": -2533, "y": 434, "h": 350.8, "d5": 0.228, "d6": "tick=81412 goal=0 here=0", "l": [0.36, 0.38, 0.4, 0.67, 0.91, 0.74, 1.2, 0.74, 0.61, 0.23, 1.09, 0.73, 0.55, 0.6, 0.69, 0.4]}
{"t": 103.2, "x": -2533, "y": 434, "h": 346.9, "d5": 0.239, "d6": "tick=81417 goal=0 here=0", "l": [0.36, 0.39, 0.37, 0.65, 0.91, 0.73, 1.19, 0.75, 0.6, 0.22, 1.09, 0.73, 0.56, 0.61, 0.69, 0.41]}
{"t": 103.2, "x": -2533, "y": 434, "h": 346.8, "d5": 0.212, "d6": "tick=81422 goal=0 here=0", "l": [0.34, 0.39, 0.38, 0.66, 0.92, 0.76, 1.19, 0.74, 0.61, 0.23, 1.09, 0.75, 0.57, 0.59, 0.67, 0.39]}
{"t": 103.3, "x": -2534, "y": 435, "h": 346.9, "d5": 0.227, "d6": "tick=81427 goal=0 here=0", "l": [0.36, 0.37, 0.38, 0.67, 0.93, 0.75, 1.2, 0.77, 0.6, 0.25, 1.09, 0.73, 0.56, 0.6, 0.69, 0.4]}
{"t": 103.3, "x": -2533, "y": 434, "h": 347.4, "d5": 0.222, "d6": "tick=81432 goal=0 here=0", "l": [0.35, 0.38, 0.39, 0.66, 0.91, 0.74, 1.19, 0.76, 0.6, 0.21, 1.06, 0.73, 0.57, 0.6, 0.68, 0.41]}
{"t": 103.4, "x": -2533, "y": 433, "h": 351.2, "d5": 0.239, "d6": "tick=81442 goal=0 here=0", "l": [0.35, 0.38, 0.36, 0.66, 0.91, 0.75, 1.17, 0.78, 0.6, 0.21, 1.09, 0.72, 0.56, 0.6, 0.66, 0.41]}
{"t": 103.5, "x": -2533, "y": 434, "h": 347.3, "d5": 0.217, "d6": "tick=81447 goal=0 here=0", "l": [0.35, 0.39, 0.4, 0.66, 0.92, 0.76, 1.21, 0.76, 0.62, 0.24, 1.1, 0.72, 0.56, 0.6, 0.69, 0.4]}
{"t": 103.6, "x": -2533, "y": 434, "h": 346.7, "d5": 0.227, "d6": "tick=81452 goal=0 here=0", "l": [0.37, 0.4, 0.37, 0.69, 0.92, 0.75, 1.2, 0.76, 0.59, 0.22, 1.11, 0.73, 0.56, 0.6, 0.68, 0.41]}
{"t": 103.6, "x": -2533, "y": 435, "h": 350.1, "d5": 0.227, "d6": "tick=81457 goal=0 here=0", "l": [0.35, 0.39, 0.37, 0.67, 0.9, 0.74, 1.19, 0.77, 0.61, 0.23, 1.1, 0.71, 0.56, 0.59, 0.69, 0.39]}
{"t": 103.7, "x": -2533, "y": 434, "h": 346.6, "d5": 0.226, "d6": "tick=81462 goal=0 here=0", "l": [0.34, 0.39, 0.38, 0.67, 0.92, 0.74, 1.19, 0.76, 0.6, 0.23, 1.1, 0.72, 0.58, 0.59, 0.67, 0.39]}
{"t": 103.7, "x": -2533, "y": 434, "h": 348.6, "d5": 0.232, "d6": "tick=81467 goal=0 here=0", "l": [0.37, 0.37, 0.36, 0.66, 0.93, 0.75, 1.17, 0.75, 0.61, 0.21, 1.1, 0.75, 0.57, 0.6, 0.68, 0.4]}
{"t": 103.8, "x": -2533, "y": 434, "h": 349.8, "d5": 0.236, "d6": "tick=81472 goal=0 here=0", "l": [0.36, 0.39, 0.37, 0.67, 0.92, 0.75, 1.2, 0.74, 0.6, 0.22, 1.09, 0.72, 0.57, 0.61, 0.67, 0.39]}
{"t": 103.8, "x": -2533, "y": 434, "h": 347.8, "d5": 0.235, "d6": "tick=81477 goal=0 here=0", "l": [0.36, 0.36, 0.38, 0.66, 0.91, 0.75, 1.18, 0.74, 0.59, 0.23, 1.09, 0.71, 0.56, 0.59, 0.68, 0.41]}
{"t": 103.9, "x": -2533, "y": 434, "h": 348.1, "d5": 0.233, "d6": "tick=81482 goal=0 here=0", "l": [0.37, 0.36, 0.36, 0.68, 0.92, 0.72, 1.2, 0.77, 0.59, 0.24, 1.09, 0.74, 0.56, 0.6, 0.69, 0.41]}
{"t": 103.9, "x": -2533, "y": 435, "h": 347.5, "d5": 0.218, "d6": "tick=81487 goal=0 here=0", "l": [0.36, 0.39, 0.37, 0.66, 0.91, 0.72, 1.2, 0.76, 0.6, 0.21, 1.1, 0.71, 0.56, -1.0, 0.68, 0.39]}
{"t": 104.0, "x": -2533, "y": 434, "h": 345.5, "d5": 0.213, "d6": "tick=81492 goal=0 here=0", "l": [0.36, 0.37, 0.38, 0.66, 0.92, 0.75, 1.2, 0.75, 0.6, 0.2, 1.1, 0.71, 0.57, 0.6, 0.69, 0.4]}
{"t": 104.0, "x": -2533, "y": 434, "h": 346.6, "d5": 0.229, "d6": "tick=81497 goal=0 here=0", "l": [0.35, 0.39, 0.37, 0.68, 0.92, 0.75, 1.18, 0.77, -1.0, 0.23, 1.09, 0.73, 0.55, 0.6, 0.68, 0.39]}
{"t": 104.1, "x": -2533, "y": 434, "h": 346.2, "d5": 0.228, "d6": "tick=81502 goal=0 here=0", "l": [0.34, 0.38, 0.36, 0.67, 0.93, 0.75, 1.2, 0.76, 0.6, 0.23, 1.1, 0.72, 0.55, 0.6, 0.69, 0.4]}
{"t": 104.1, "x": -2533, "y": 434, "h": 345.9, "d5": 0.224, "d6": "tick=81507 goal=0 here=0", "l": [0.35, 0.38, 0.37, 0.68, 0.92, 0.74, 1.2, 0.76, 0.61, 0.21, 1.09, 0.71, 0.57, 0.59, 0.68, 0.41]}
{"t": 104.2, "x": -2533, "y": 434, "h": 349.4, "d5": 0.228, "d6": "tick=81512 goal=0 here=0", "l": [0.36, 0.38, 0.39, 0.67, 0.9, 0.75, 1.18, 0.75, 0.6, 0.22, 1.1, 0.73, 0.56, 0.61, 0.69, 0.4]}
{"t": 104.2, "x": -2533, "y": 435, "h": 349.2, "d5": 0.233, "d6": "tick=81520 goal=0 here=0", "l": [0.36, 0.36, 0.4, 0.67, 0.91, 0.75, 1.18, 0.76, 0.6, 0.22, 1.07, 0.71, 0.58, 0.6, 0.69, 0.4]}
{"t": 104.3, "x": -2533, "y": 434, "h": 347.3, "d5": 0.219, "d6": "tick=81525 goal=0 here=0", "l": [0.36, 0.38, 0.39, 0.67, 0.92, 0.73, 1.18, 0.77, 0.6, 0.22, 1.09, 0.71, 0.57, 0.61, 0.66, 0.41]}
{"t": 104.3, "x": -2533, "y": 434, "h": 345.9, "d5": 0.223, "d6": "tick=81530 goal=0 here=0", "l": [0.36, 0.4, 0.36, 0.67, 0.9, 0.76, 1.2, 0.77, 0.64, 0.22, 1.1, 0.74, 0.56, 0.6, 0.67, 0.42]}
{"t": 104.4, "x": -2533, "y": 434, "h": 349.7, "d5": 0.243, "d6": "tick=81535 goal=0 here=0", "l": [0.36, 0.36, 0.36, 0.66, 0.9, 0.76, 1.18, 0.74, 0.6, 0.23, 1.08, 0.73, 0.57, 0.6, 0.68, 0.41]}
{"t": 104.5, "x": -2533, "y": 434, "h": 347.3, "d5": 0.226, "d6": "tick=81545 goal=0 here=0", "l": [0.37, 0.4, 0.38, 0.66, 0.92, 0.73, 1.18, 0.75, 0.59, 0.22, 1.08, 0.72, 0.55, 0.6, 0.69, 0.41]}
{"t": 104.6, "x": -2533, "y": 435, "h": 344.7, "d5": 0.228, "d6": "tick=81554 goal=0 here=0", "l": [0.35, 0.39, 0.37, 0.67, 0.94, 0.75, 1.21, 0.76, 0.6, 0.23, 1.08, 0.72, 0.56, 0.6, 0.67, 0.41]}
{"t": 104.6, "x": -2533, "y": 434, "h": 345.0, "d5": 0.241, "d6": "tick=81559 goal=0 here=0", "l": [0.36, 0.38, 0.37, 0.67, 0.94, 0.75, 1.21, 0.76, 0.61, 0.24, 1.11, 0.73, 0.55, 0.6, 0.69, 0.4]}
{"t": 104.7, "x": -2533, "y": 434, "h": 348.3, "d5": 0.229, "d6": "tick=81564 goal=0 here=0", "l": [0.35, 0.36, 0.36, -1.0, 0.93, 0.74, 1.19, 0.76, 0.61, 0.23, 1.08, 0.71, 0.56, 0.61, 0.68, 0.41]}
{"t": 104.7, "x": -2533, "y": 433, "h": 346.3, "d5": 0.231, "d6": "tick=81569 goal=0 here=0", "l": [0.37, 0.36, 0.37, 0.69, 0.92, 0.74, 1.21, 0.76, 0.59, 0.23, 1.08, 0.71, 0.57, 0.6, 0.66, 0.41]}
{"t": 104.8, "x": -2533, "y": 435, "h": 349.0, "d5": 0.241, "d6": "tick=81574 goal=0 here=0", "l": [0.35, 0.38, 0.38, 0.66, 0.91, 0.74, 1.2, 0.77, 0.61, 0.21, 1.09, 0.71, 0.56, 0.6, 0.68, 0.39]}
{"t": 104.8, "x": -2533, "y": 435, "h": 346.8, "d5": 0.23, "d6": "tick=81579 goal=0 here=0", "l": [0.36, 0.38, 0.38, 0.66, 0.91, 0.77, 1.2, 0.76, 0.6, 0.23, 1.09, 0.71, 0.58, 0.61, 0.67, 0.4]}
{"t": 104.9, "x": -2533, "y": 433, "h": 348.7, "d5": 0.211, "d6": "tick=81584 goal=0 here=0", "l": [0.35, 0.39, 0.39, 0.66, 0.93, 0.75, 1.21, 0.76, 0.58, 0.23, 1.08, 0.72, 0.57, 0.62, 0.67, 0.42]}
{"t": 104.9, "x": -2533, "y": 434, "h": 344.2, "d5": 0.22, "d6": "tick=81589 goal=0 here=0", "l": [0.36, 0.38, 0.38, 0.67, 0.91, 0.74, 1.19, 0.77, 0.61, 0.23, 1.09, 0.72, 0.55, 0.6, 0.68, 0.4]}
{"t": 105.0, "x": -2533, "y": 434, "h": 347.9, "d5": 0.242, "d6": "tick=81599 goal=0 here=0", "l": [0.36, 0.37, 0.38, 0.67, 0.91, 0.75, 1.19, 0.76, 0.61, 0.23, 1.09, 0.7, 0.56, 0.62, 0.7, 0.41]}
{"t": 105.1, "x": -2533, "y": 435, "h": 347.3, "d5": 0.228, "d6": "tick=81602 goal=0 here=0", "l": [0.35, 0.39, 0.38, 0.68, 0.94, 0.75, 1.22, 0.74, 0.59, 0.21, 1.09, 0.73, 0.57, 0.59, 0.69, 0.4]}
{"t": 105.1, "x": -2533, "y": 434, "h": 350.4, "d5": 0.215, "d6": "tick=81608 goal=0 here=0", "l": [0.36, 0.38, 0.37, 0.66, 0.93, 0.74, 1.21, 0.74, 0.61, 0.24, 1.09, 0.73, 0.56, 0.61, 0.69, 0.37]}
{"t": 105.2, "x": -2533, "y": 434, "h": 349.4, "d5": 0.228, "d6": "tick=81613 goal=0 here=0", "l": [0.35, 0.37, 0.38, 0.68, 0.93, 0.75, 1.19, 0.77, 0.6, 0.22, 1.09, 0.72, 0.57, 0.6, 0.68, 0.39]}
{"t": 105.2, "x": -2533, "y": 434, "h": 347.7, "d5": 0.238, "d6": "tick=81618 goal=0 here=0", "l": [0.36, 0.38, 0.38, 0.66, 0.92, 0.73, 1.18, 0.76, 0.6, 0.22, 1.11, 0.71, 0.56, 0.58, 0.67, 0.4]}
{"t": 105.3, "x": -2534, "y": 435, "h": 346.2, "d5": 0.229, "d6": "tick=81623 goal=0 here=0", "l": [0.35, 0.39, 0.37, 0.68, 0.93, 0.75, 1.19, 0.76, 0.62, 0.23, 1.12, 0.72, 0.56, 0.59, 0.68, 0.41]}
{"t": 105.3, "x": -2533, "y": 433, "h": 348.4, "d5": 0.219, "d6": "tick=81628 goal=0 here=0", "l": [0.36, 0.37, 0.36, 0.67, 0.91, 0.75, -1.0, 0.76, 0.59, 0.24, 1.09, 0.71, -1.0, 0.58, 0.66, 0.39]}
{"t": 105.4, "x": -2533, "y": 433, "h": 347.6, "d5": 0.244, "d6": "tick=81635 goal=0 here=0", "l": [0.36, 0.39, 0.36, 0.67, 0.93, 0.75, 1.2, 0.75, 0.62, 0.22, 1.1, 0.71, 0.56, 0.62, 0.69, 0.42]}
{"t": 105.4, "x": -2534, "y": 435, "h": 348.2, "d5": 0.225, "d6": "tick=81640 goal=0 here=0", "l": [0.35, 0.39, 0.39, 0.67, 0.92, 0.74, 1.21, 0.75, 0.6, 0.22, 1.1, 0.71, 0.56, 0.61, 0.69, 0.39]}
{"t": 105.5, "x": -2533, "y": 434, "h": 346.9, "d5": 0.236, "d6": "tick=81645 goal=0 here=0", "l": [0.35, 0.39, 0.37, 0.68, 0.91, 0.75, 1.19, 0.76, 0.59, 0.2, 1.08, 0.71, 0.58, 0.61, 0.68, 0.4]}
{"t": 105.5, "x": -2533, "y": 434, "h": 348.3, "d5": 0.237, "d6": "tick=81650 goal=0 here=0", "l": [0.36, 0.39, 0.4, 0.66, 0.93, 0.75, 1.2, 0.77, 0.6, 0.21, 1.09, 0.72, 0.56, 0.6, 0.67, 0.41]}
{"t": 105.6, "x": -2533, "y": 434, "h": 345.7, "d5": 0.232, "d6": "tick=81656 goal=0 here=0", "l": [0.34, 0.39, 0.37, 0.69, 0.92, 0.72, 1.2, 0.77, 0.6, 0.22, 1.09, 0.74, 0.56, 0.61, 0.7, 0.4]}
{"t": 105.7, "x": -2533, "y": 435, "h": 346.8, "d5": 0.223, "d6": "tick=81665 goal=0 here=0", "l": [0.34, 0.39, 0.38, 0.66, 0.92, 0.73, 1.2, 0.75, 0.6, 0.23, 1.09, 0.7, 0.58, 0.59, 0.65, 0.42]}
{"t": 105.7, "x": -2533, "y": 435, "h": 347.3, "d5": 0.219, "d6": "tick=81669 goal=0 here=0", "l": [0.33, 0.38, 0.38, 0.66, 0.92, 0.75, 1.2, 0.77, 0.58, 0.23, 1.09, 0.72, 0.56, 0.59, 0.69, 0.41]}
{"t": 105.8, "x": -2533, "y": 434, "h": 348.4, "d5": 0.233, "d6": "tick=81679 goal=0 here=0", "l": [0.37, 0.38, 0.38, 0.68, 0.93, 0.74, 1.21, 0.76, 0.62, 0.22, 1.1, 0.71, 0.58, 0.59, 0.67, 0.4]}
{"t": 105.9, "x": -2534, "y": 435, "h": 350.2, "d5": 0.229, "d6": "tick=81684 goal=0 here=0", "l": [0.38, 0.39, 0.37, 0.67, 0.92, 0.76, 1.2, 0.76, 0.59, 0.22, 1.08, 0.74, 0.56, 0.59, 0.67, 0.4]}
{"t": 105.9, "x": -2533, "y": 434, "h": 347.8, "d5": 0.236, "d6": "tick=81689 goal=0 here=0", "l": [0.37, 0.39, 0.4, 0.66, 0.92, 0.77, 1.2, 0.76, 0.6, 0.23, 1.11, 0.73, 0.57, 0.61, 0.68, 0.39]}
{"t": 106.0, "x": -2533, "y": 434, "h": 343.8, "d5": 0.234, "d6": "tick=81694 goal=0 here=0", "l": [0.36, 0.37, 0.38, 0.66, 0.92, 0.77, 1.22, 0.76, 0.61, 0.23, 1.11, 0.71, 0.57, 0.6, 0.68, 0.41]}
{"t": 106.0, "x": -2533, "y": 434, "h": 344.5, "d5": 0.233, "d6": "tick=81701 goal=0 here=0", "l": [0.36, 0.39, 0.38, 0.67, 0.9, 0.74, 1.19, 0.75, 0.62, 0.22, 1.1, 0.72, 0.57, 0.62, 0.69, 0.39]}
{"t": 106.1, "x": -2533, "y": 435, "h": 346.9, "d5": 0.23, "d6": "tick=81706 goal=0 here=0", "l": [0.37, 0.39, 0.38, 0.68, 0.92, 0.75, 1.21, 0.76, 0.61, 0.23, 1.07, 0.72, 0.55, 0.6, 0.69, 0.4]}
{"t": 106.1, "x": -2533, "y": 435, "h": 352.8, "d5": 0.224, "d6": "tick=81711 goal=0 here=0", "l": [0.37, 0.39, 0.39, 0.66, 0.92, 0.75, 1.2, 0.76, 0.59, 0.22, 1.1, 0.73, 0.58, 0.6, 0.66, 0.39]}
{"t": 106.2, "x": -2533, "y": 434, "h": 350.1, "d5": 0.212, "d6": "tick=81717 goal=0 here=0", "l": [0.35, 0.38, 0.38, 0.66, 0.92, 0.74, 1.18, 0.74, 0.61, 0.24, 1.09, 0.72, 0.56, 0.61, 0.66, 0.4]}
{"t": 106.2, "x": -2533, "y": 434, "h": 349.1, "d5": 0.223, "d6": "tick=81722 goal=0 here=0", "l": [0.35, 0.38, 0.4, 0.68, 0.93, 0.75, 1.19, 0.76, 0.6, 0.24, 1.08, 0.73, 0.56, 0.6, 0.68, 0.41]}
{"t": 106.3, "x": -2533, "y": 434, "h": 346.9, "d5": 0.224, "d6": "tick=81727 goal=0 here=0", "l": [0.35, 0.4, 0.38, 0.68, 0.94, 0.74, 1.19, 0.77, 0.6, 0.24, 1.07, 0.72, 0.54, 0.61, 0.69, 0.39]}
{"t": 106.3, "x": -2533, "y": 435, "h": 348.5, "d5": 0.24, "d6": "tick=81732 goal=0 here=0", "l": [0.34, 0.38, 0.39, 0.68, 0.92, 0.74, 1.2, 0.76, 0.59, 0.23, 1.09, 0.72, 0.56, 0.62, 0.68, 0.39]}
{"t": 106.4, "x": -2533, "y": 435, "h": 344.1, "d5": 0.218, "d6": "tick=81736 goal=0 here=0", "l": [0.36, 0.37, 0.38, 0.67, 0.92, 0.74, 1.2, 0.76, 0.62, 0.21, 1.09, 0.73, 0.57, 0.61, 0.68, 0.38]}
{"t": 106.4, "x": -2533, "y": 434, "h": 348.0, "d5": 0.23, "d6": "tick=81742 goal=0 here=0", "l": [0.34, 0.4, 0.37, 0.67, 0.93, 0.75, 1.2, 0.74, 0.59, 0.23, 1.09, 0.73, 0.56, 0.6, 0.67, 0.39]}
{"t": 106.5, "x": -2534, "y": 435, "h": 350.1, "d5": 0.209, "d6": "tick=81747 goal=0 here=0", "l": [0.36, 0.39, 0.38, 0.68, 0.91, 0.75, 1.19, 0.77, 0.59, 0.22, 1.1, 0.73, 0.57, 0.62, 0.67, 0.42]}
{"t": 106.5, "x": -2533, "y": 434, "h": 351.1, "d5": 0.226, "d6": "tick=81751 goal=0 here=0", "l": [0.36, 0.37, 0.39, 0.66, 0.92, 0.75, 1.2, 0.77, 0.59, 0.22, 1.09, 0.72, 0.57, 0.6, 0.67, 0.4]}
{"t": 106.7, "x": -2533, "y": 435, "h": 349.9, "d5": 0.227, "d6": "tick=81762 goal=0 here=0", "l": [0.35, 0.37, 0.36, 0.65, 0.93, 0.74, 1.2, 0.76, 0.59, 0.22, 1.09, 0.72, 0.57, 0.61, 0.68, 0.41]}
{"t": 106.7, "x": -2533, "y": 435, "h": 347.2, "d5": 0.215, "d6": "tick=81765 goal=0 here=0", "l": [0.36, 0.37, 0.38, 0.67, 0.92, 0.73, 1.18, 0.75, 0.62, 0.21, 1.09, 0.73, 0.56, 0.6, 0.67, 0.39]}
{"t": 106.7, "x": -2533, "y": 434, "h": 348.6, "d5": 0.237, "d6": "tick=81770 goal=0 here=0", "l": [0.36, 0.4, 0.38, 0.67, 0.91, 0.72, 1.21, 0.76, 0.59, 0.22, 1.09, 0.7, 0.57, 0.61, 0.68, 0.41]}
{"t": 106.8, "x": -2533, "y": 435, "h": 347.3, "d5": 0.234, "d6": "tick=81776 goal=0 here=0", "l": [0.36, 0.38, 0.38, 0.67, 0.9, 0.74, 1.19, 0.77, 0.59, 0.23, 1.09, 0.72, 0.57, 0.59, 0.68, 0.42]}
{"t": 106.8, "x": -2533, "y": 435, "h": 346.9, "d5": 0.238, "d6": "tick=81781 goal=0 here=0", "l": [0.37, 0.37, 0.39, 0.67, 0.94, 0.75, 1.19, 0.76, 0.6, 0.22, 1.08, 0.72, 0.56, 0.61, 0.69, 0.4]}
{"t": 106.9, "x": -2533, "y": 435, "h": 348.9, "d5": 0.235, "d6": "tick=81786 goal=0 here=0", "l": [0.36, 0.38, 0.37, 0.65, 0.92, 0.76, 1.18, 0.77, 0.59, -1.0, 1.09, 0.73, 0.58, 0.59, 0.68, 0.4]}
{"t": 106.9, "x": -2533, "y": 434, "h": 351.3, "d5": 0.239, "d6": "tick=81791 goal=0 here=0", "l": [0.35, 0.36, 0.38, 0.68, 0.94, 0.74, 1.19, 0.74, 0.61, 0.23, 1.1, 0.73, 0.57, 0.6, 0.68, 0.39]}
{"t": 107.0, "x": -2533, "y": 434, "h": 346.5, "d5": 0.24, "d6": "tick=81796 goal=0 here=0", "l": [0.35, 0.38, 0.37, 0.65, 0.92, 0.75, 1.19, 0.75, 0.62, 0.23, 1.09, 0.72, 0.57, 0.61, 0.67, 0.39]}
{"t": 107.0, "x": -2533, "y": 434, "h": 348.7, "d5": 0.217, "d6": "tick=81801 goal=0 here=0", "l": [0.36, 0.37, 0.38, 0.66, 0.92, 0.74, 1.22, 0.76, 0.61, 0.25, 1.1, 0.73, 0.55, 0.6, 0.68, 0.41]}
{"t": 107.1, "x": -2533, "y": 434, "h": 350.3, "d5": 0.245, "d6": "tick=81806 goal=0 here=0", "l": [0.37, 0.4, 0.39, 0.66, 0.91, 0.75, 1.2, 0.77, 0.62, 0.23, 1.08, 0.73, 0.56, 0.61, 0.66, 0.41]}
{"t": 107.1, "x": -2533, "y": 434, "h": 345.6, "d5": 0.232, "d6": "tick=81811 goal=0 here=0", "l": [0.35, 0.39, 0.39, 0.67, 0.92, 0.75, 1.19, 0.76, 0.61, 0.25, 1.09, 0.71, 0.57, 0.6, 0.66, 0.39]}
{"t": 107.2, "x": -2533, "y": 434, "h": 351.7, "d5": 0.228, "d6": "tick=81816 goal=0 here=0", "l": [0.37, 0.39, 0.37, 0.66, 0.92, 0.74, 1.2, 0.76, 0.6, 0.22, 1.09, 0.72, 0.56, 0.6, 0.69, 0.41]}
{"t": 107.2, "x": -2533, "y": 434, "h": 351.2, "d5": 0.241, "d6": "tick=81821 goal=0 here=0", "l": [0.35, 0.36, 0.37, 0.66, 0.93, 0.75, 1.18, 0.75, 0.61, 0.22, 1.1, 0.71, 0.58, 0.6, 0.67, 0.41]}
{"t": 107.3, "x": -2533, "y": 433, "h": 353.7, "d5": 0.22, "d6": "tick=81826 goal=0 here=0", "l": [0.36, 0.38, 0.37, 0.66, 0.9, 0.75, 1.2, 0.76, 0.59, 0.24, 1.11, 0.74, 0.56, 0.61, 0.68, 0.41]}
{"t": 107.3, "x": -2534, "y": 435, "h": 345.4, "d5": 0.212, "d6": "tick=81831 goal=0 here=0", "l": [0.34, 0.38, 0.37, 0.67, 0.93, 0.76, 1.2, 0.77, 0.59, 0.22, 1.09, 0.7, 0.57, 0.62, 0.69, 0.39]}
{"t": 107.4, "x": -2534, "y": 434, "h": 345.3, "d5": 0.234, "d6": "tick=81836 goal=0 here=0", "l": [0.36, 0.38, 0.37, 0.67, 0.94, 0.74, 1.21, 0.74, 0.6, 0.24, 1.09, 0.72, 0.58, 0.6, 0.7, 0.4]}
{"t": 107.4, "x": -2534, "y": 435, "h": 348.5, "d5": 0.241, "d6": "tick=81841 goal=0 here=0", "l": [0.36, 0.38, 0.39, 0.67, 0.92, 0.76, 1.22, 0.77, 0.62, 0.23, 1.08, 0.73, 0.57, 0.6, 0.7, 0.4]}
{"t": 107.5, "x": -2534, "y": 435, "h": 348.0, "d5": 0.222, "d6": "tick=81846 goal=0 here=0", "l": [0.35, 0.38, 0.37, 0.65, 0.92, 0.74, 1.2, 0.76, 0.6, 0.24, 1.1, 0.72, 0.55, 0.61, 0.68, 0.41]}
{"t": 107.6, "x": -2533, "y": 433, "h": 347.8, "d5": 0.23, "d6": "tick=81856 goal=0 here=0", "l": [0.36, 0.36, 0.39, 0.67, 0.9, 0.74, 1.2, 0.8, 0.6, 0.21, 1.1, 0.71, 0.58, 0.62, 0.68, -1.0]}
{"t": 107.6, "x": -2533, "y": 434, "h": 344.5, "d5": 0.228, "d6": "tick=81860 goal=0 here=0", "l": [0.36, 0.38, 0.37, 0.66, 0.93, 0.74, 1.19, 0.74, 0.58, 0.22, 1.1, 0.72, 0.56, 0.6, 0.68, 0.41]}
{"t": 107.7, "x": -2534, "y": 434, "h": 346.1, "d5": 0.223, "d6": "tick=81865 goal=0 here=0", "l": [0.37, 0.37, 0.36, 0.66, 0.9, 0.74, 1.18, 0.77, 0.59, 0.22, 1.09, 0.7, 0.6, 0.62, 0.69, 0.39]}
{"t": 107.7, "x": -2534, "y": 435, "h": 347.3, "d5": 0.233, "d6": "tick=81870 goal=0 here=0", "l": [0.37, 0.37, 0.39, 0.66, 0.92, 0.75, 1.19, 0.78, 0.59, 0.23, 1.1, 0.73, 0.56, 0.59, 0.69, 0.39]}
{"t": 107.8, "x": -2534, "y": 434, "h": 347.2, "d5": 0.214, "d6": "tick=81875 goal=0 here=0", "l": [0.35, 0.38, 0.38, 0.66, 0.92, 0.74, 1.21, 0.77, 0.61, 0.22, 1.09, 0.71, 0.56, 0.61, 0.67, 0.4]}
{"t": 107.8, "x": -2534, "y": 435, "h": 349.6, "d5": 0.219, "d6": "tick=81880 goal=0 here=0", "l": [0.36, 0.36, 0.37, 0.67, 0.92, 0.74, 1.2, 0.74, 0.6, 0.21, 1.1, 0.7, 0.56, 0.61, 0.69, 0.39]}
{"t": 107.9, "x": -2534, "y": 435, "h": 349.2, "d5": 0.219, "d6": "tick=81885 goal=0 here=0", "l": [0.35, 0.39, 0.38, 0.65, 0.92, 0.76, 1.19, 0.75, 0.6, 0.22, 1.11, 0.73, 0.56, 0.6, 0.69, 0.42]}
{"t": 107.9, "x": -2534, "y": 435, "h": 346.6, "d5": 0.233, "d6": "tick=81890 goal=0 here=0", "l": [0.38, 0.39, 0.37, 0.67, 0.92, 0.75, 1.2, 0.77, 0.6, 0.22, 1.1, 0.72, 0.57, 0.63, 0.69, 0.41]}
{"t": 108.0, "x": -2533, "y": 433, "h": 348.9, "d5": 0.231, "d6": "tick=81895 goal=0 here=0", "l": [0.35, 0.38, 0.37, 0.65, 0.92, 0.73, 1.19, 0.76, 0.6, 0.23, 1.1, 0.72, 0.55, 0.61, 0.68, 0.41]}
{"t": 108.0, "x": -2534, "y": 435, "h": 348.7, "d5": 0.221, "d6": "tick=81900 goal=0 here=0", "l": [0.36, 0.38, 0.38, 0.67, 0.91, 0.76, 1.18, 0.76, 0.6, 0.22, 1.11, 0.73, 0.56, 0.6, 0.69, 0.41]}
{"t": 108.1, "x": -2534, "y": 435, "h": 347.5, "d5": 0.221, "d6": "tick=81906 goal=0 here=0", "l": [0.38, 0.38, 0.36, 0.67, 0.94, 0.74, 1.2, 0.77, 0.61, 0.22, 1.1, 0.72, 0.57, 0.6, 0.66, 0.39]}
{"t": 108.1, "x": -2534, "y": 434, "h": 349.4, "d5": 0.225, "d6": "tick=81911 goal=0 here=0", "l": [0.36, 0.37, 0.36, 0.67, 0.93, 0.74, 1.21, 0.76, 0.61, 0.23, 1.09, 0.73, 0.58, 0.59, 0.67, 0.4]}
{"t": 108.2, "x": -2533, "y": 434, "h": 347.3, "d5": 0.232, "d6": "tick=81919 goal=0 here=0", "l": [0.36, 0.39, 0.38, 0.68, 0.94, 0.76, 1.2, 0.76, 0.59, 0.24, 1.09, 0.71, 0.57, 0.59, 0.68, 0.41]}
{"t": 108.3, "x": -2533, "y": 433, "h": 351.3, "d5": 0.238, "d6": "tick=81929 goal=0 here=0", "l": [0.36, 0.38, 0.38, 0.66, 0.92, 0.74, 1.21, 0.76, 0.6, 0.21, 1.09, 0.73, 0.57, 0.61, 0.67, 0.39]}
{"t": 108.4, "x": -2533, "y": 433, "h": 344.4, "d5": 0.221, "d6": "tick=81932 goal=0 here=0", "l": [0.35, 0.39, 0.38, 0.65, 0.91, 0.75, 1.2, 0.76, 0.61, 0.23, 1.08, 0.74, 0.56, 0.58, 0.69, 0.4]}
{"t": 108.4, "x": -2534, "y": 434, "h": 342.8, "d5": 0.227, "d6": "tick=81937 goal=0 here=0", "l": [0.35, 0.39, 0.37, 0.67, 0.93, 0.74, 1.21, 0.78, 0.59, 0.23, 1.1, 0.73, 0.57, 0.61, 0.68, 0.41]}
{"t": 108.5, "x": -2534, "y": 435, "h": 347.3, "d5": 0.229, "d6": "tick=81942 goal=0 here=0", "l": [0.35, 0.39, 0.37, 0.67, 0.93, 0.73, 1.18, 0.76, 0.59, 0.22, 1.09, 0.73, 0.53, 0.61, 0.68, 0.39]}
{"t": 108.5, "x": -2534, "y": 434, "h": 345.9, "d5": 0.228, "d6": "tick=81947 goal=0 here=0", "l": [0.36, 0.39, 0.36, 0.67, -1.0, 0.74, 1.2, 0.76, 0.6, 0.22, 1.08, 0.72, 0.56, 0.61, 0.69, 0.41]}
{"t": 108.6, "x": -2534, "y": 434, "h": 347.6, "d5": 0.226, "d6": "tick=81955 goal=0 here=0", "l": [0.36, 0.37, 0.37, 0.66, 0.92, 0.75, -1.0, 0.76, 0.6, 0.24, 1.05, 0.72, 0.56, 0.6, 0.68, 0.38]}
{"t": 108.6, "x": -2534, "y": 435, "h": 353.1, "d5": 0.231, "d6": "tick=81960 goal=0 here=0", "l": [0.35, 0.38, 0.38, 0.67, 0.92, 0.75, 1.2, 0.76, 0.6, 0.24, 1.1, 0.71, 0.57, 0.63, 0.69, 0.42]}
{"t": 108.7, "x": -2534, "y": 434, "h": 347.3, "d5": 0.228, "d6": "tick=81965 goal=0 here=0", "l": [0.35, 0.38, 0.39, 0.67, 0.92, 0.74, 1.2, 0.76, 0.6, 0.23, 1.09, 0.71, 0.58, 0.59, 0.67, 0.39]}
{"t": 108.7, "x": -2534, "y": 435, "h": 345.5, "d5": 0.229, "d6": "tick=81970 goal=0 here=0", "l": [0.36, 0.39, 0.38, 0.68, 0.91, 0.75, 1.21, 0.75, 0.59, 0.22, 1.1, 0.71, 0.55, 0.58, 0.67, 0.41]}
{"t": 108.8, "x": -2534, "y": 435, "h": 350.8, "d5": 0.22, "d6": "tick=81975 goal=0 here=0", "l": [0.36, 0.39, 0.38, 0.69, 0.9, 0.76, 1.19, -1.0, 0.58, 0.22, 1.08, 0.74, 0.57, 0.58, 0.69, 0.4]}
{"t": 108.8, "x": -2534, "y": 434, "h": 346.8, "d5": 0.23, "d6": "tick=81980 goal=0 here=0", "l": [0.37, 0.39, 0.36, 0.66, 0.91, 0.74, 1.2, 0.73, 0.6, 0.23, 1.08, 0.73, 0.57, 0.6, 0.67, 0.4]}
{"t": 108.9, "x": -2534, "y": 434, "h": 347.9, "d5": 0.219, "d6": "tick=81990 goal=0 here=0", "l": [0.38, 0.4, 0.39, 0.66, 0.91, 0.75, 1.17, 0.76, 0.6, 0.23, 1.09, 0.74, 0.56, 0.62, 0.69, 0.41]}
{"t": 109.0, "x": -2534, "y": 434, "h": 345.6, "d5": 0.225, "d6": "tick=81993 goal=0 here=0", "l": [0.35, 0.37, 0.37, 0.66, 0.92, 0.75, 1.19, 0.75, 0.61, 0.23, 1.1, 0.74, 0.58, 0.61, 0.69, 0.41]}
{"t": 109.0, "x": -2533, "y": 434, "h": 346.0, "d5": 0.232, "d6": "tick=81998 goal=0 here=0", "l": [0.38, 0.38, 0.38, 0.66, 0.92, 0.74, 1.18, 0.77, 0.58, 0.22, 1.09, 0.71, 0.58, 0.61, 0.68, 0.39]}
{"t": 109.9, "x": -2537, "y": 438, "h": 286.5, "d5": 0.219, "d6": "tick=82082 goal=0 here=0", "l": [0.62, 0.6, 0.39, 0.34, 0.4, 0.38, 0.73, 0.96, 0.54, 0.97, 0.68, 0.62, 0.18, 0.92, 0.7, 0.55]}
{"t": 110.1, "x": -2627, "y": 458, "h": 282.5, "d5": 0.225, "d6": "tick=82105 goal=0 here=0", "l": [0.58, 0.58, 0.35, 0.34, 0.39, 0.41, 0.71, 0.99, 0.73, 1.03, 0.7, 0.63, 1.98, 0.88, 0.67, 0.51]}
{"t": 110.3, "x": -2729, "y": 485, "h": 285.0, "d5": 0.242, "d6": "tick=82128 goal=0 here=0", "l": [0.55, 0.59, 0.36, 0.34, 0.32, 0.44, 0.62, 1.0, 0.81, 1.12, 0.68, 0.33, 1.96, 0.82, 0.61, 0.44]}
{"t": 110.5, "x": -2831, "y": 508, "h": 282.9, "d5": 0.228, "d6": "tick=82150 goal=0 here=0", "l": [0.46, 0.52, 0.44, 0.3, 0.31, 0.41, 0.49, 1.08, 0.88, 1.23, 0.72, 0.4, 1.98, 0.78, 0.51, 0.4]}
{"t": 110.8, "x": -2929, "y": 526, "h": 280.0, "d5": 0.222, "d6": "tick=82173 goal=0 here=0", "l": [0.4, 0.46, 0.42, 0.27, 0.32, 0.35, 0.48, 1.16, 1.14, 1.38, 0.27, 0.44, 2.25, 0.71, 0.45, 0.35]}
{"t": 111.2, "x": -2943, "y": 528, "h": 297.3, "d5": 0.231, "d6": "tick=82217 goal=0 here=0", "l": [0.44, 0.42, 0.31, 0.29, 0.34, 0.47, 0.95, 1.1, 1.6, 0.21, 0.42, 2.19, 0.81, 0.55, 0.36, 0.38]}
{"t": 111.3, "x": -2942, "y": 528, "h": 297.2, "d5": 0.237, "d6": "tick=82222 goal=0 here=0", "l": [0.45, 0.41, 0.31, 0.29, 0.34, 0.47, 0.94, -1.0, 1.62, 0.23, 0.42, 2.19, 0.82, 0.53, 0.36, 0.37]}
{"t": 111.3, "x": -2942, "y": 528, "h": 298.4, "d5": 0.241, "d6": "tick=82228 goal=0 here=0", "l": [0.43, 0.41, 0.31, 0.31, 0.33, 0.47, 0.95, 1.14, 1.63, 0.22, 0.41, 2.18, 0.8, 0.52, 0.34, 0.38]}
{"t": 111.4, "x": -2942, "y": 528, "h": 298.0, "d5": 0.239, "d6": "tick=82233 goal=0 here=0", "l": [0.44, 0.43, 0.3, 0.29, 0.34, 0.47, 0.94, 1.11, 1.62, 0.22, 0.4, 2.19, 0.81, 0.54, 0.34, 0.37]}
{"t": 111.4, "x": -2943, "y": 529, "h": 298.2, "d5": 0.243, "d6": "tick=82238 goal=0 here=0", "l": [0.45, 0.4, 0.3, 0.3, 0.32, 0.48, 0.96, 1.1, 1.64, 0.22, 0.43, 2.18, 0.81, 0.53, 0.34, 0.38]}
{"t": 111.5, "x": -2943, "y": 529, "h": 295.4, "d5": 0.228, "d6": "tick=82243 goal=0 here=0", "l": [0.45, 0.4, 0.31, 0.31, 0.33, 0.47, 0.92, 1.12, 1.62, 0.22, 0.42, 2.18, 0.82, 0.52, 0.35, 0.37]}
{"t": 111.5, "x": -2942, "y": 528, "h": 297.7, "d5": 0.217, "d6": "tick=82248 goal=0 here=0", "l": [0.43, 0.42, 0.31, 0.3, 0.31, 0.47, 0.92, 1.12, 1.62, 0.21, 0.43, 2.2, 0.8, 0.56, 0.33, 0.39]}
{"t": 111.6, "x": -2941, "y": 528, "h": 294.5, "d5": 0.231, "d6": "tick=82257 goal=0 here=0", "l": [0.43, 0.42, 0.3, 0.3, 0.33, 0.48, 0.95, 1.11, 1.62, 0.22, 0.41, 2.17, 0.81, 0.52, 0.35, 0.39]}
{"t": 111.7, "x": -2942, "y": 528, "h": 300.0, "d5": 0.225, "d6": "tick=82261 goal=0 here=0", "l": [0.44, 0.41, 0.31, 0.33, 0.33, 0.48, 0.92, 1.12, 1.61, 0.23, 0.44, 2.2, 0.81, 0.53, 0.34, 0.37]}
{"t": 111.7, "x": -2942, "y": 528, "h": 301.6, "d5": 0.232, "d6": "tick=82271 goal=0 here=0", "l": [0.45, 0.41, 0.31, 0.3, 0.33, 0.5, 0.93, 1.12, 1.61, 0.21, 0.42, 2.2, 0.8, 0.53, 0.34, 0.38]}
{"t": 111.8, "x": -2942, "y": 528, "h": 295.9, "d5": 0.249, "d6": "tick=82276 goal=0 here=0", "l": [0.45, 0.43, 0.31, 0.31, 0.34, 0.48, 0.94, 1.12, 1.61, 0.21, 0.43, 2.18, 0.83, 0.51, 0.35, 0.37]}
{"t": 111.8, "x": -2942, "y": 528, "h": 298.7, "d5": 0.231, "d6": "tick=82281 goal=0 here=0", "l": [0.44, 0.42, 0.28, 0.29, 0.32, 0.48, 0.92, 1.12, 1.62, 0.23, 0.42, 2.19, 0.8, 0.53, 0.35, 0.39]}
{"t": 111.9, "x": -2942, "y": 528, "h": 300.4, "d5": 0.231, "d6": "tick=82286 goal=0 here=0", "l": [0.44, 0.42, 0.31, 0.3, 0.33, 0.47, 0.94, 1.13, 1.62, 0.24, 0.42, 2.19, 0.81, 0.53, 0.36, 0.39]}
{"t": 111.9, "x": -2942, "y": 528, "h": 299.8, "d5": 0.232, "d6": "tick=82291 goal=0 here=0", "l": [0.45, 0.41, 0.31, 0.31, 0.33, 0.49, 0.93, 1.12, 1.6, -1.0, 0.41, 2.17, 0.82, 0.54, 0.36, 0.38]}
{"t": 112.0, "x": -2943, "y": 529, "h": 299.7, "d5": 0.232, "d6": "tick=82296 goal=0 here=0", "l": [0.43, 0.41, 0.32, 0.3, 0.33, 0.47, 0.93, 1.13, 1.63, 0.23, 0.41, 2.16, 0.81, 0.54, 0.37, 0.36]}
{"t": 112.0, "x": -2942, "y": 529, "h": 297.4, "d5": 0.23, "d6": "tick=82301 goal=0 here=0", "l": [0.44, 0.4, 0.31, 0.28, 0.34, 0.48, 0.93, 1.11, 1.6, 0.25, 0.42, 2.19, 0.82, 0.54, 0.36, 0.39]}
{"t": 112.1, "x": -2943, "y": 529, "h": 296.6, "d5": 0.23, "d6": "tick=82306 goal=0 here=0", "l": [0.47, 0.42, 0.32, 0.3, 0.31, 0.48, 0.95, 1.09, 1.62, 0.22, 0.43, 2.18, 0.83, 0.52, 0.35, 0.38]}
{"t": 112.1, "x": -2943, "y": 529, "h": 295.7, "d5": 0.225, "d6": "tick=82311 goal=0 here=0", "l": [0.45, 0.43, 0.31, 0.33, 0.32, 0.47, 0.94, 1.13, -1.0, 0.23, 0.41, 2.19, 0.82, 0.52, 0.36, 0.37]}
{"t": 112.2, "x": -2943, "y": 529, "h": 298.0, "d5": 0.241, "d6": "tick=82317 goal=0 here=0", "l": [0.43, 0.42, 0.33, 0.29, 0.33, 0.46, 0.94, 1.12, 1.62, 0.23, 0.43, 2.18, 0.81, 0.51, 0.37, 0.38]}
{"t": 112.3, "x": -2943, "y": 529, "h": 299.7, "d5": 0.231, "d6": "tick=82327 goal=0 here=0", "l": [0.44, 0.41, 0.3, -1.0, 0.32, 0.48, 0.94, 1.1, 1.63, 0.22, 0.41, 2.2, 0.82, 0.53, 0.35, 0.38]}
{"t": 112.3, "x": -2942, "y": 529, "h": 299.6, "d5": 0.239, "d6": "tick=82332 goal=0 here=0", "l": [0.44, 0.42, 0.3, 0.31, 0.33, 0.49, 0.94, 1.12, 1.6, 0.23, 0.41, 2.18, 0.81, 0.55, 0.35, 0.36]}
{"t": 112.4, "x": -2942, "y": 528, "h": 297.8, "d5": 0.229, "d6": "tick=82337 goal=0 here=0", "l": [0.43, 0.43, 0.32, 0.31, 0.34, 0.47, 0.94, 1.13, 1.62, 0.23, 0.42, 2.18, 0.81, 0.53, 0.33, 0.37]}
{"t": 112.5, "x": -2941, "y": 528, "h": 296.6, "d5": 0.24, "d6": "tick=82342 goal=0 here=0", "l": [0.45, 0.41, 0.31, 0.3, 0.32, 0.47, 0.94, 1.11, 1.61, 0.23, 0.41, 2.18, 0.81, 0.55, 0.36, 0.37]}
{"t": 112.5, "x": -2942, "y": 528, "h": 300.8, "d5": 0.236, "d6": "tick=82348 goal=0 here=0", "l": [0.44, 0.43, 0.31, 0.31, 0.34, 0.47, 0.94, 1.11, 1.62, 0.22, 0.42, 2.19, 0.81, 0.56, 0.36, 0.35]}
{"t": 112.6, "x": -2942, "y": 529, "h": 299.8, "d5": 0.225, "d6": "tick=82353 goal=0 here=0", "l": [0.43, 0.42, 0.29, 0.3, 0.32, 0.48, 0.94, 1.11, 1.63, 0.24, 0.42, 2.2, 0.81, 0.54, 0.35, 0.38]}
{"t": 112.6, "x": -2942, "y": 528, "h": 297.2, "d5": 0.238, "d6": "tick=82358 goal=0 here=0", "l": [0.43, 0.41, 0.29, 0.31, 0.34, 0.48, 0.94, 1.12, 1.63, 0.22, 0.42, 2.2, 0.81, 0.53, 0.36, 0.37]}
{"t": 112.7, "x": -2941, "y": 528, "h": 296.4, "d5": 0.224, "d6": "tick=82363 goal=0 here=0", "l": [0.44, 0.42, 0.3, 0.3, 0.33, 0.47, 0.94, 1.11, 1.62, 0.22, 0.42, 2.18, 0.82, 0.55, 0.34, 0.38]}
{"t": 112.7, "x": -2942, "y": 529, "h": 296.1, "d5": 0.238, "d6": "tick=82367 goal=0 here=0", "l": [0.42, 0.4, 0.3, 0.3, 0.32, 0.48, 0.94, 1.12, 1.6, 0.22, 0.42, 2.19, 0.82, 0.55, -1.0, 0.39]}
{"t": 112.8, "x": -2942, "y": 529, "h": 296.5, "d5": 0.231, "d6": "tick=82373 goal=0 here=0", "l": [0.43, 0.41, -1.0, 0.33, 0.33, 0.48, 0.95, 1.13, 1.65, 0.2, 0.41, 2.19, 0.81, 0.53, 0.35, 0.39]}
{"t": 112.8, "x": -2942, "y": 528, "h": 297.6, "d5": 0.236, "d6": "tick=82380 goal=0 here=0", "l": [0.43, 0.43, 0.31, 0.29, 0.33, 0.46, 0.96, 1.13, 1.63, 0.22, 0.42, 2.18, 0.82, 0.54, 0.34, 0.41]}
{"t": 113.1, "x": -3024, "y": 567, "h": 295.2, "d5": 0.219, "d6": "tick=82403 goal=0 here=0", "l": [0.4, 0.38, 0.36, 0.27, 0.31, 0.49, 0.9, 1.16, 1.7, 0.28, -1.0, 2.21, 0.78, 0.43, 0.3, 0.35]}
{"t": 113.1, "x": -3037, "y": 574, "h": 298.2, "d5": 0.231, "d6": "tick=82408 goal=0 here=0", "l": [0.38, 0.39, 0.36, 0.25, 0.32, 0.49, 0.92, 1.18, 1.68, 0.3, 0.48, 2.24, 0.77, 0.45, 0.31, 0.34]}
{"t": 113.2, "x": -3037, "y": 574, "h": 297.5, "d5": 0.227, "d6": "tick=82413 goal=0 here=0", "l": [0.37, 0.38, 0.35, 0.24, 0.32, 0.47, 0.91, 1.16, 1.7, 0.3, 0.49, 2.22, 0.78, 0.43, 0.3, 0.33]}
{"t": 113.2, "x": -3037, "y": 574, "h": 296.1, "d5": 0.228, "d6": "tick=82418 goal=0 here=0", "l": [0.39, 0.4, 0.36, 0.26, 0.32, 0.48, 0.91, -1.0, 1.68, 0.31, 0.49, 2.22, 0.76, 0.42, 0.29, 0.34]}
{"t": 115.1, "x": -3036, "y": 569, "h": 215.9, "d5": 0.234, "d6": "tick=82606 goal=0 here=0", "l": [0.8, 0.6, 0.46, 0.55, -1.0, 0.37, 0.38, 0.41, 0.44, 0.79, 1.03, 1.57, 0.97, 0.62, 0.29, 1.64]}
{"t": 115.9, "x": -3031, "y": 571, "h": 279.2, "d5": 0.228, "d6": "tick=82690 goal=0 here=0", "l": [0.5, 0.61, 0.51, 0.39, 0.39, 0.46, 0.67, 1.0, 0.77, 1.19, 0.71, 0.62, 2.21, 1.01, 0.63, 0.49]}
{"t": 116.2, "x": -3123, "y": 585, "h": 278.7, "d5": 0.233, "d6": "tick=82713 goal=0 here=0", "l": [0.45, 0.54, 0.5, 0.38, 0.38, 0.46, 0.62, 1.07, 0.89, 1.27, 0.73, 0.31, 2.19, 1.0, 0.61, 0.45]}
{"t": 116.4, "x": -3228, "y": 586, "h": 270.2, "d5": 0.228, "d6": "tick=82736 goal=0 here=0", "l": [0.37, 0.5, 0.48, 0.36, 0.39, 0.39, 0.51, 1.16, 1.09, 1.58, 0.18, 0.35, 2.12, 0.98, 0.58, 0.39]}
{"t": 116.7, "x": -3241, "y": 588, "h": 288.6, "d5": 0.212, "d6": "tick=82770 goal=0 here=0", "l": [0.42, 0.52, 0.46, 0.32, 0.38, 0.49, 0.73, 1.13, 1.68, 1.06, 0.3, 0.72, 1.37, 0.62, 0.44, 0.37]}
{"t": 116.8, "x": -3241, "y": 588, "h": 289.3, "d5": 0.237, "d6": "tick=82775 goal=0 here=0", "l": [0.41, 0.5, 0.48, 0.33, 0.38, 0.5, 0.74, 1.16, 1.67, 1.05, 0.29, 0.7, 1.38, 0.59, 0.44, 0.35]}
{"t": 116.9, "x": -3241, "y": 588, "h": 285.9, "d5": 0.233, "d6": "tick=82784 goal=0 here=0", "l": [0.42, 0.48, 0.46, 0.33, 0.36, 0.49, 0.75, 1.14, 1.68, 1.03, 0.29, 0.71, 1.39, 0.62, 0.44, 0.35]}
{"t": 116.9, "x": -3242, "y": 588, "h": 282.8, "d5": 0.235, "d6": "tick=82790 goal=0 here=0", "l": [0.44, 0.5, 0.46, 0.32, 0.38, 0.51, 0.75, 1.15, 1.68, 1.03, 0.32, 0.71, 1.39, 0.6, 0.44, 0.35]}
{"t": 117.2, "x": -3239, "y": 587, "h": 294.2, "d5": 0.253, "d6": "tick=82814 goal=0 here=0", "l": [0.47, 0.5, 0.37, 0.37, 0.36, 0.53, 1.13, 1.07, 1.57, 0.18, 0.34, 2.14, 0.98, 0.56, 0.38, 0.35]}
{"t": 117.2, "x": -3240, "y": 588, "h": 297.0, "d5": 0.245, "d6": "tick=82819 goal=0 here=0", "l": [0.48, 0.5, 0.38, 0.37, 0.37, 0.5, 1.13, 1.09, 1.58, 0.19, 0.35, 2.14, 0.99, 0.57, 0.39, 0.37]}
{"t": 117.3, "x": -3240, "y": 588, "h": 299.3, "d5": 0.246, "d6": "tick=82824 goal=0 here=0", "l": [0.44, 0.49, 0.39, 0.37, 0.38, 0.5, 1.13, 1.07, 1.59, 0.17, 0.35, 2.14, 0.99, 0.58, 0.41, 0.36]}
{"t": 117.4, "x": -3239, "y": 587, "h": 296.9, "d5": 0.224, "d6": "tick=82834 goal=0 here=0", "l": [0.48, 0.51, 0.37, 0.36, 0.4, 0.48, 1.1, 1.09, 1.59, 0.21, 0.34, 2.15, 0.99, 0.56, 0.38, 0.37]}
{"t": 117.4, "x": -3239, "y": 587, "h": 293.2, "d5": 0.234, "d6": "tick=82837 goal=0 here=0", "l": [0.46, 0.51, 0.39, 0.36, 0.38, 0.52, 1.14, 1.1, 1.57, 0.2, 0.35, 2.12, 0.99, 0.58, 0.4, 0.36]}
{"t": 117.5, "x": -3240, "y": 588, "h": 296.5, "d5": 0.25, "d6": "tick=82842 goal=0 here=0", "l": [0.47, 0.5, 0.38, 0.37, 0.37, 0.5, 1.12, 1.09, 1.6, 0.2, 0.35, 2.13, 1.01, 0.56, 0.38, 0.38]}
{"t": 117.5, "x": -3240, "y": 588, "h": 296.6, "d5": 0.224, "d6": "tick=82847 goal=0 here=0", "l": [0.46, 0.5, 0.39, 0.36, 0.38, 0.48, 1.13, 1.08, 1.58, 0.18, 0.34, 2.16, 0.98, 0.58, 0.39, 0.36]}
{"t": 117.6, "x": -3239, "y": 587, "h": 296.4, "d5": 0.228, "d6": "tick=82852 goal=0 here=0", "l": [0.46, 0.5, 0.37, 0.37, 0.38, 0.49, 1.11, 1.09, 1.59, 0.18, 0.35, 2.14, 0.98, 0.57, 0.4, 0.36]}
{"t": 117.6, "x": -3240, "y": 588, "h": 297.0, "d5": 0.253, "d6": "tick=82858 goal=0 here=0", "l": [0.47, 0.5, 0.38, 0.39, 0.4, 0.51, 1.14, 1.11, 1.59, 0.18, 0.35, 2.14, 1.0, 0.56, 0.4, 0.39]}
{"t": 117.7, "x": -3240, "y": 588, "h": 302.7, "d5": 0.251, "d6": "tick=82863 goal=0 here=0", "l": [0.46, 0.51, 0.36, 0.35, 0.38, 0.49, 1.13, 1.08, 1.57, 0.19, 0.36, 2.15, 0.97, 0.58, 0.39, 0.35]}
{"t": 117.7, "x": -3240, "y": 588, "h": 291.2, "d5": 0.229, "d6": "tick=82868 goal=0 here=0", "l": [0.47, 0.51, 0.38, 0.37, 0.38, 0.51, 1.11, 1.07, 1.58, 0.19, 0.35, 2.14, 0.98, 0.56, 0.4, 0.37]}
{"t": 117.8, "x": -3239, "y": 587, "h": 297.6, "d5": 0.249, "d6": "tick=82873 goal=0 here=0", "l": [0.46, 0.5, 0.4, 0.36, 0.39, 0.51, 1.12, 1.08, 1.57, 0.21, 0.34, 2.12, 0.99, 0.56, 0.4, 0.36]}
{"t": 117.8, "x": -3240, "y": 588, "h": 294.6, "d5": 0.224, "d6": "tick=82878 goal=0 here=0", "l": [0.47, 0.49, 0.37, 0.37, 0.37, 0.5, 1.12, 1.12, 1.59, 0.2, 0.37, 2.15, 1.01, 0.57, 0.4, 0.36]}
{"t": 117.9, "x": -3240, "y": 587, "h": 298.6, "d5": 0.238, "d6": "tick=82883 goal=0 here=0", "l": [0.47, 0.51, 0.39, 0.36, 0.39, 0.49, 1.14, 1.09, 1.58, 0.18, -1.0, 2.14, 0.97, 0.56, 0.39, 0.37]}
{"t": 117.9, "x": -3240, "y": 587, "h": 293.8, "d5": 0.236, "d6": "tick=82888 goal=0 here=0", "l": [0.48, 0.49, 0.36, 0.37, 0.39, 0.51, 1.12, 1.09, 1.58, 0.19, 0.34, 2.14, 0.99, 0.57, 0.38, 0.36]}
{"t": 118.0, "x": -3240, "y": 588, "h": 295.1, "d5": 0.238, "d6": "tick=82893 goal=0 here=0", "l": [0.48, 0.49, 0.39, 0.38, 0.38, 0.5, 1.13, 1.08, 1.58, 0.21, 0.36, 2.15, 1.01, 0.56, 0.4, 0.36]}
{"t": 118.0, "x": -3239, "y": 587, "h": 296.9, "d5": 0.248, "d6": "tick=82898 goal=0 here=0", "l": [0.47, 0.49, 0.39, 0.37, 0.39, 0.5, 1.14, 1.09, 1.59, 0.2, 0.35, 2.13, 0.99, 0.57, 0.4, 0.38]}
{"t": 118.1, "x": -3240, "y": 587, "h": 297.6, "d5": 0.242, "d6": "tick=82909 goal=0 here=0", "l": [0.47, 0.49, 0.39, 0.37, 0.38, 0.5, 1.11, 1.1, 1.59, 0.19, 0.35, 2.14, 0.99, 0.58, 0.41, 0.36]}
{"t": 118.2, "x": -3241, "y": 588, "h": 293.6, "d5": 0.247, "d6": "tick=82914 goal=0 here=0", "l": [0.48, 0.5, 0.37, 0.37, 0.38, 0.52, 1.12, 1.08, 1.58, 0.18, 0.34, 2.15, 0.98, 0.55, 0.39, 0.36]}
{"t": 118.2, "x": -3240, "y": 587, "h": 295.2, "d5": 0.244, "d6": "tick=82919 goal=0 here=0", "l": [0.46, 0.5, 0.4, 0.38, 0.39, 0.52, 1.14, 1.11, 1.57, 0.18, 0.35, 2.13, 0.98, 0.57, 0.42, 0.37]}
{"t": 118.3, "x": -3239, "y": 587, "h": 297.4, "d5": 0.234, "d6": "tick=82924 goal=0 here=0", "l": [0.48, 0.48, 0.39, 0.35, 0.39, 0.49, 1.13, 1.09, 1.59, 0.17, 0.34, 2.16, 1.0, 0.57, 0.4, 0.35]}
{"t": 118.3, "x": -3240, "y": 588, "h": 296.6, "d5": 0.243, "d6": "tick=82929 goal=0 here=0", "l": [0.47, 0.51, 0.37, 0.35, 0.38, 0.5, 1.14, 1.08, 1.57, 0.19, 0.35, 2.14, -1.0, 0.56, 0.39, 0.37]}
{"t": 118.4, "x": -3240, "y": 587, "h": 297.8, "d5": 0.239, "d6": "tick=82934 goal=0 here=0", "l": [0.48, 0.51, 0.38, 0.37, 0.37, 0.5, 1.13, 1.11, 1.59, 0.19, 0.35, 2.14, 0.98, 0.57, 0.39, 0.37]}
{"t": 118.5, "x": -3241, "y": 588, "h": 295.4, "d5": 0.236, "d6": "tick=82945 goal=0 here=0", "l": [0.48, 0.49, 0.35, 0.38, 0.39, 0.52, 1.12, 1.1, 1.57, 0.19, 0.34, 2.15, 0.98, 0.58, 0.41, 0.37]}
{"t": 118.5, "x": -3240, "y": 587, "h": 295.8, "d5": 0.248, "d6": "tick=82948 goal=0 here=0", "l": [0.47, 0.51, 0.38, 0.35, 0.38, 0.51, 1.15, 1.09, 1.59, 0.17, 0.34, 2.13, 0.99, -1.0, 0.4, 0.37]}
{"t": 118.6, "x": -3239, "y": 587, "h": 293.7, "d5": 0.227, "d6": "tick=82953 goal=0 here=0", "l": [0.49, 0.5, 0.38, 0.36, 0.39, 0.51, 1.13, 1.09, 1.57, 0.19, 0.36, 2.15, 0.98, 0.58, 0.38, 0.36]}
{"t": 118.6, "x": -3239, "y": 587, "h": 292.1, "d5": 0.231, "d6": "tick=82961 goal=0 here=0", "l": [0.46, 0.49, 0.38, 0.37, 0.37, 0.5, 1.12, 1.1, 1.58, 0.18, 0.32, 2.15, 0.98, 0.58, 0.4, 0.38]}
{"t": 118.8, "x": -3240, "y": 588, "h": 295.7, "d5": 0.24, "d6": "tick=82975 goal=0 here=0", "l": [0.46, 0.49, 0.36, 0.36, 0.38, 0.5, 1.12, 1.09, 1.58, 0.2, 0.34, 2.14, 0.99, 0.56, 0.4, 0.37]}
{"t": 118.8, "x": -3240, "y": 587, "h": 297.0, "d5": 0.243, "d6": "tick=82979 goal=0 here=0", "l": [0.47, 0.52, 0.37, 0.37, 0.39, 0.51, 1.12, 1.09, 1.59, 0.18, 0.35, 2.15, -1.0, 0.57, 0.39, 0.36]}
{"t": 118.9, "x": -3239, "y": 587, "h": 298.5, "d5": 0.237, "d6": "tick=82984 goal=0 here=0", "l": [0.47, 0.5, 0.38, 0.35, 0.39, 0.51, 1.11, 1.09, 1.58, 0.18, 0.35, 2.14, 0.98, 0.56, 0.41, 0.39]}
{"t": 118.9, "x": -3239, "y": 587, "h": 296.1, "d5": 0.227, "d6": "tick=82989 goal=0 here=0", "l": [0.47, 0.49, 0.38, 0.38, 0.38, 0.51, 1.14, 1.09, 1.58, 0.2, 0.36, 2.13, 0.99, 0.59, 0.4, 0.37]}
{"t": 119.0, "x": -3240, "y": 588, "h": 296.1, "d5": 0.249, "d6": "tick=82994 goal=0 here=0", "l": [0.48, 0.5, 0.38, 0.36, 0.4, 0.52, 1.14, 1.09, 1.6, 0.2, 0.36, 2.14, 1.0, 0.56, 0.38, 0.38]}
{"t": 119.0, "x": -3240, "y": 587, "h": 293.7, "d5": 0.237, "d6": "tick=82999 goal=0 here=0", "l": [0.48, 0.51, 0.4, 0.38, 0.38, 0.52, -1.0, 1.09, 1.59, 0.18, 0.34, 2.13, 0.98, 0.57, 0.39, 0.37]}
{"t": 119.1, "x": -3239, "y": 587, "h": 295.9, "d5": 0.228, "d6": "tick=83004 goal=0 here=0", "l": [0.48, 0.49, 0.38, 0.36, 0.4, 0.49, 1.14, 1.11, 1.59, 0.2, 0.36, 2.15, 0.99, 0.58, 0.41, 0.36]}
{"t": 119.1, "x": -3240, "y": 588, "h": 300.6, "d5": 0.252, "d6": "tick=83009 goal=0 here=0", "l": [0.46, 0.5, 0.35, 0.37, 0.39, 0.5, 1.12, 1.1, 1.59, 0.18, 0.35, 2.13, 0.99, 0.58, 0.4, 0.36]}
{"t": 119.2, "x": -3240, "y": 588, "h": 292.6, "d5": 0.237, "d6": "tick=83014 goal=0 here=0", "l": [0.47, 0.49, 0.39, 0.37, 0.37, 0.5, 1.12, 1.09, 1.59, 0.18, 0.34, 2.15, 0.98, 0.58, -1.0, 0.36]}
{"t": 119.2, "x": -3240, "y": 588, "h": 299.4, "d5": 0.234, "d6": "tick=83020 goal=0 here=0", "l": [0.46, 0.52, 0.4, 0.35, 0.39, 0.5, 1.13, 1.08, 1.59, 0.19, 0.35, 2.16, 0.99, 0.59, 0.4, 0.37]}
{"t": 119.3, "x": -3239, "y": 587, "h": 299.0, "d5": 0.226, "d6": "tick=83025 goal=0 here=0", "l": [0.49, 0.52, 0.38, 0.37, 0.39, 0.49, 1.13, 1.1, 1.57, 0.17, 0.34, 2.14, 1.0, 0.58, 0.41, 0.37]}
{"t": 119.3, "x": -3239, "y": 587, "h": 295.9, "d5": 0.241, "d6": "tick=83030 goal=0 here=0", "l": [0.48, 0.51, 0.38, 0.37, 0.38, 0.49, 1.12, 1.11, 1.57, 0.2, 0.36, 2.14, 1.0, 0.59, 0.4, 0.34]}
{"t": 119.4, "x": -3240, "y": 588, "h": 293.4, "d5": 0.249, "d6": "tick=83035 goal=0 here=0", "l": [0.47, 0.5, 0.38, 0.36, 0.4, 0.51, 1.13, 1.09, 1.58, 0.21, 0.34, 2.15, 0.98, 0.57, 0.4, 0.35]}
{"t": 119.4, "x": -3240, "y": 588, "h": 297.8, "d5": 0.244, "d6": "tick=83040 goal=0 here=0", "l": [0.48, 0.49, 0.39, 0.37, 0.39, 0.51, 1.12, 1.08, 1.6, 0.19, 0.34, 2.15, 1.0, 0.57, 0.38, 0.36]}
{"t": 119.5, "x": -3240, "y": 588, "h": 297.4, "d5": 0.243, "d6": "tick=83045 goal=0 here=0", "l": [0.48, 0.51, 0.36, 0.38, 0.39, 0.5, 1.12, 1.1, 1.59, 0.18, 0.35, 2.14, 0.99, 0.57, 0.39, 0.36]}
{"t": 119.5, "x": -3240, "y": 588, "h": 300.1, "d5": 0.239, "d6": "tick=83050 goal=0 here=0", "l": [0.47, 0.5, 0.37, 0.39, 0.38, 0.5, 1.13, 1.1, 1.57, 0.19, 0.34, 2.14, 1.0, 0.56, 0.38, 0.37]}
{"t": 119.6, "x": -3240, "y": 588, "h": 299.5, "d5": 0.232, "d6": "tick=83055 goal=0 here=0", "l": [0.48, 0.5, 0.38, 0.36, 0.38, 0.5, 1.13, 1.09, 1.57, 0.2, 0.34, 2.15, 0.97, 0.57, 0.4, 0.38]}
{"t": 119.6, "x": -3240, "y": 588, "h": 295.6, "d5": 0.248, "d6": "tick=83060 goal=0 here=0", "l": [0.46, 0.51, 0.37, 0.36, 0.38, 0.51, 1.13, 1.11, 1.59, 0.18, 0.36, 2.13, 0.98, 0.56, 0.4, 0.35]}
{"t": 119.7, "x": -3239, "y": 587, "h": 296.1, "d5": 0.253, "d6": "tick=83065 goal=0 here=0", "l": [0.47, 0.51, 0.38, 0.37, 0.39, 0.51, 1.11, 1.11, 1.6, 0.18, 0.34, 2.14, 0.99, 0.57, 0.41, 0.36]}
{"t": 119.7, "x": -3240, "y": 588, "h": 293.0, "d5": 0.234, "d6": "tick=83070 goal=0 here=0", "l": [0.47, 0.52, 0.39, 0.35, 0.38, 0.5, 1.14, 1.07, 1.58, 0.21, 0.34, 2.16, 0.98, 0.56, 0.4, 0.35]}
{"t": 119.8, "x": -3240, "y": 588, "h": 295.9, "d5": 0.244, "d6": "tick=83075 goal=0 here=0", "l": [0.46, 0.48, 0.39, 0.36, 0.38, 0.52, 1.13, 1.1, 1.58, 0.19, 0.37, 2.14, 0.98, 0.58, 0.4, 0.37]}
{"t": 119.8, "x": -3240, "y": 587, "h": 296.8, "d5": 0.243, "d6": "tick=83080 goal=0 here=0", "l": [0.47, 0.5, 0.38, 0.37, 0.37, 0.5, 1.14, 1.09, 1.56, 0.19, 0.32, 2.15, 0.97, 0.58, 0.4, 0.37]}
{"t": 119.9, "x": -3241, "y": 588, "h": 297.2, "d5": 0.237, "d6": "tick=83085 goal=0 here=0", "l": [0.46, 0.51, 0.37, 0.38, 0.37, 0.5, 1.11, 1.08, 1.6, 0.19, 0.34, 2.14, 1.0, -1.0, 0.4, 0.38]}
{"t": 120.8, "x": -3246, "y": 586, "h": 215.5, "d5": 0.241, "d6": "tick=83173 goal=0 here=0", "l": [0.74, 0.52, 0.37, 0.39, 0.48, 0.46, 0.33, 0.39, 0.46, 0.54, 1.09, 0.89, 1.12, 0.26, 0.41, 1.97]}
{"t": 121.6, "x": -3241, "y": 587, "h": 276.1, "d5": 0.239, "d6": "tick=83253 goal=0 here=0", "l": [0.39, 0.48, 0.48, 0.35, 0.37, 0.39, 0.5, 1.15, 1.12, 1.34, 0.21, 0.37, 2.18, 0.95, 0.56, 0.4]}
{"t": 121.9, "x": -3239, "y": 586, "h": 290.8, "d5": 0.244, "d6": "tick=83290 goal=0 here=0", "l": [0.46, 0.52, 0.42, 0.35, 0.36, 0.49, 0.89, 1.12, 1.74, 0.18, 0.32, 2.15, 1.0, 0.59, 0.42, 0.35]}
{"t": 122.0, "x": -3238, "y": 586, "h": 290.2, "d5": 0.237, "d6": "tick=83295 goal=0 here=0", "l": [0.47, 0.54, 0.44, 0.34, 0.36, 0.51, 0.89, 1.1, 1.74, 0.18, 0.33, 2.17, 1.03, 0.57, 0.4, 0.35]}
{"t": 122.0, "x": -3239, "y": 586, "h": 291.6, "d5": 0.249, "d6": "tick=83300 goal=0 here=0", "l": [0.47, 0.56, 0.44, 0.36, 0.35, 0.51, 0.9, 1.08, 1.74, 0.17, 0.33, 2.16, 1.02, 0.58, 0.42, 0.36]}
{"t": 122.1, "x": -3239, "y": 586, "h": 291.9, "d5": 0.231, "d6": "tick=83305 goal=0 here=0", "l": [0.47, 0.54, 0.46, -1.0, 0.38, 0.51, 0.9, 1.08, 1.72, 0.2, 0.34, 2.17, 1.02, 0.59, 0.41, 0.36]}
{"t": 122.2, "x": -3239, "y": 586, "h": 292.2, "d5": 0.235, "d6": "tick=83315 goal=0 here=0", "l": [0.47, 0.55, 0.43, 0.34, 0.38, 0.52, 0.91, 1.1, 1.74, 0.18, 0.33, 2.18, 1.01, 0.59, 0.42, 0.36]}
{"t": 122.2, "x": -3239, "y": 586, "h": 293.5, "d5": 0.257, "d6": "tick=83318 goal=0 here=0", "l": [0.47, 0.55, -1.0, 0.35, 0.35, 0.51, 0.9, 1.11, 1.69, 0.19, 0.33, 2.17, 1.02, 0.57, 0.43, 0.36]}
{"t": 122.3, "x": -3240, "y": 587, "h": 294.8, "d5": 0.232, "d6": "tick=83323 goal=0 here=0", "l": [0.49, 0.54, 0.42, 0.34, 0.39, 0.51, 0.89, 1.1, 1.72, 0.18, 0.34, 2.16, 1.04, 0.58, 0.44, 0.36]}
{"t": 122.3, "x": -3239, "y": 586, "h": 292.8, "d5": 0.226, "d6": "tick=83328 goal=0 here=0", "l": [0.47, 0.55, 0.45, 0.36, 0.37, 0.48, 0.9, 1.11, 1.73, 0.18, 0.35, 2.17, 1.03, 0.57, 0.4, 0.35]}
{"t": 122.4, "x": -3239, "y": 586, "h": 289.5, "d5": 0.249, "d6": "tick=83333 goal=0 here=0", "l": [0.46, 0.54, 0.45, 0.36, 0.38, 0.49, 0.89, 1.12, 1.73, 0.18, 0.33, 2.17, 1.02, 0.58, 0.41, 0.35]}
{"t": 122.4, "x": -3239, "y": 586, "h": 295.9, "d5": 0.226, "d6": "tick=83338 goal=0 here=0", "l": [0.45, 0.54, 0.46, 0.35, 0.38, 0.51, 0.91, 1.1, 1.74, 0.19, 0.32, 2.16, 1.01, 0.58, 0.4, 0.34]}
{"t": 122.5, "x": -3239, "y": 586, "h": 294.1, "d5": 0.241, "d6": "tick=83344 goal=0 here=0", "l": [0.47, 0.54, 0.43, 0.35, 0.39, 0.5, 0.89, 1.09, 1.74, 0.17, 0.33, 2.17, 1.01, 0.59, 0.41, 0.36]}
{"t": 122.5, "x": -3238, "y": 586, "h": 294.0, "d5": 0.236, "d6": "tick=83349 goal=0 here=0", "l": [0.48, 0.53, 0.43, 0.36, 0.36, 0.49, 0.89, 1.11, 1.71, 0.17, 0.34, 2.16, 1.02, 0.58, 0.4, 0.35]}
{"t": 122.6, "x": -3239, "y": 586, "h": 291.7, "d5": 0.233, "d6": "tick=83359 goal=0 here=0", "l": [0.47, 0.56, 0.43, 0.36, 0.39, 0.47, 0.9, 1.1, 1.74, 0.17, 0.33, 2.16, 1.02, 0.58, 0.41, 0.36]}
{"t": 122.7, "x": -3239, "y": 586, "h": 296.4, "d5": 0.237, "d6": "tick=83364 goal=0 here=0", "l": [0.48, 0.54, 0.43, 0.33, 0.38, 0.5, 0.89, 1.08, 1.71, 0.17, 0.34, 2.16, 1.02, 0.58, 0.41, 0.34]}
{"t": 122.7, "x": -3239, "y": 586, "h": 291.3, "d5": 0.231, "d6": "tick=83371 goal=0 here=0", "l": [0.46, 0.56, 0.44, 0.36, 0.39, 0.51, 0.89, 1.09, 1.73, 0.18, 0.35, 2.15, 1.02, 0.59, -1.0, 0.38]}
{"t": 122.8, "x": -3239, "y": 586, "h": 294.9, "d5": 0.235, "d6": "tick=83376 goal=0 here=0", "l": [0.46, 0.57, 0.44, 0.35, 0.38, 0.51, 0.89, 1.08, 1.73, 0.17, 0.34, 2.16, 1.02, 0.57, 0.43, 0.37]}
{"t": 122.8, "x": -3239, "y": 586, "h": 294.9, "d5": 0.236, "d6": "tick=83381 goal=0 here=0", "l": [0.47, 0.52, 0.43, 0.35, 0.39, 0.51, 0.89, 1.1, 1.72, 0.19, 0.33, 2.17, 1.02, 0.58, 0.42, 0.36]}
{"t": 122.9, "x": -3239, "y": 586, "h": 290.9, "d5": 0.239, "d6": "tick=83386 goal=0 here=0", "l": [0.48, 0.55, -1.0, 0.35, 0.39, 0.5, 0.89, 1.11, 1.71, 0.16, 0.33, 2.17, 1.0, 0.58, 0.42, 0.35]}
{"t": 122.9, "x": -3239, "y": 586, "h": 296.3, "d5": 0.233, "d6": "tick=83391 goal=0 here=0", "l": [0.46, 0.53, 0.42, 0.36, 0.38, 0.5, 0.89, 1.09, 1.73, 0.16, 0.35, 2.17, 1.0, 0.59, 0.4, 0.37]}
{"t": 123.0, "x": -3238, "y": 586, "h": 290.6, "d5": 0.242, "d6": "tick=83396 goal=0 here=0", "l": [0.46, 0.56, 0.43, 0.36, 0.35, 0.5, 0.91, 1.1, 1.7, 0.18, 0.33, 2.16, 1.01, 0.6, 0.42, 0.35]}
{"t": 123.0, "x": -3239, "y": 586, "h": 292.6, "d5": 0.246, "d6": "tick=83402 goal=0 here=0", "l": [0.46, 0.56, 0.44, 0.37, 0.38, 0.49, 0.89, 1.11, 1.74, 0.17, 0.33, 2.16, 1.02, 0.57, 0.42, 0.35]}
{"t": 123.1, "x": -3238, "y": 586, "h": 292.3, "d5": 0.226, "d6": "tick=83406 goal=0 here=0", "l": [0.47, 0.54, 0.44, 0.38, 0.36, 0.49, 0.89, 1.09, 1.71, 0.18, 0.34, 2.15, 1.02, 0.58, 0.4, 0.35]}
{"t": 123.1, "x": -3240, "y": 586, "h": 290.9, "d5": 0.243, "d6": "tick=83412 goal=0 here=0", "l": [0.46, 0.57, 0.43, 0.36, 0.38, 0.51, 0.89, 1.1, 1.74, 0.17, 0.33, 2.15, 1.03, 0.58, 0.41, 0.36]}
{"t": 123.2, "x": -3240, "y": 586, "h": 292.3, "d5": 0.241, "d6": "tick=83417 goal=0 here=0", "l": [0.46, 0.55, 0.44, 0.34, 0.38, 0.5, 0.9, 1.1, 1.72, 0.16, 0.34, 2.16, 1.02, 0.57, 0.4, 0.34]}
{"t": 123.2, "x": -3240, "y": 586, "h": 290.5, "d5": 0.226, "d6": "tick=83422 goal=0 here=0", "l": [0.46, 0.58, 0.43, 0.36, 0.36, 0.5, 0.89, 1.08, 1.74, 0.19, 0.35, 2.15, 1.0, 0.57, 0.4, 0.35]}
{"t": 123.3, "x": -3239, "y": 586, "h": 289.2, "d5": 0.245, "d6": "tick=83427 goal=0 here=0", "l": [0.46, 0.55, 0.44, 0.35, 0.38, 0.5, 0.89, 1.09, 1.74, 0.16, 0.34, 2.17, 1.02, 0.58, 0.43, 0.37]}
{"t": 123.3, "x": -3239, "y": 586, "h": 296.3, "d5": 0.245, "d6": "tick=83432 goal=0 here=0", "l": [0.44, 0.56, 0.44, 0.35, 0.37, 0.5, 0.89, 1.1, 1.73, 0.17, 0.34, 2.15, 1.02, 0.57, 0.41, 0.36]}
{"t": 123.4, "x": -3239, "y": 586, "h": 293.0, "d5": 0.234, "d6": "tick=83437 goal=0 here=0", "l": [0.48, 0.55, 0.44, 0.35, 0.37, 0.5, 0.9, 1.09, 1.73, 0.15, 0.33, 2.18, 1.01, 0.59, 0.4, 0.35]}
{"t": 123.5, "x": -3240, "y": 587, "h": 288.9, "d5": 0.234, "d6": "tick=83442 goal=0 here=0", "l": [0.46, 0.54, 0.42, 0.35, 0.36, 0.49, 0.89, 1.1, 1.72, 0.18, 0.34, 2.17, 1.01, 0.57, 0.39, 0.36]}
{"t": 123.6, "x": -3239, "y": 586, "h": 290.1, "d5": 0.256, "d6": "tick=83452 goal=0 here=0", "l": [0.46, 0.54, 0.44, 0.36, 0.36, 0.5, 0.91, 1.08, 1.72, 0.17, 0.34, 2.18, 1.02, 0.57, 0.44, 0.36]}
{"t": 123.6, "x": -3238, "y": 586, "h": 288.5, "d5": 0.235, "d6": "tick=83460 goal=0 here=0", "l": [0.46, 0.55, 0.45, 0.37, 0.37, 0.51, 0.9, 1.1, 1.74, 0.18, 0.33, 2.16, 0.99, 0.57, 0.42, 0.37]}
{"t": 123.7, "x": -3238, "y": 586, "h": 294.6, "d5": 0.25, "d6": "tick=83465 goal=0 here=0", "l": [0.46, 0.55, 0.44, 0.35, 0.38, 0.48, 0.91, 1.1, 1.72, 0.16, 0.34, 2.17, 1.02, 0.57, 0.43, 0.35]}
{"t": 123.7, "x": -3240, "y": 587, "h": 290.4, "d5": 0.241, "d6": "tick=83470 goal=0 here=0", "l": [0.44, 0.56, 0.43, 0.35, 0.36, 0.51, 0.88, 1.11, 1.73, 0.17, 0.33, 2.16, 1.01, 0.57, 0.41, 0.35]}
{"t": 123.8, "x": -3238, "y": 586, "h": 286.1, "d5": 0.244, "d6": "tick=83475 goal=0 here=0", "l": [0.47, 0.57, 0.45, 0.35, 0.37, 0.49, 0.89, 1.1, 1.72, 0.18, 0.33, 2.16, 1.01, 0.58, 0.42, 0.35]}
{"t": 124.1, "x": -3239, "y": 586, "h": 298.3, "d5": 0.232, "d6": "tick=83510 goal=0 here=0", "l": [0.47, 0.47, 0.33, 0.36, 0.41, 0.5, 1.13, 0.94, 1.3, 0.2, 0.35, 2.22, 0.8, 0.54, 0.39, 0.39]}
{"t": 125.3, "x": -3244, "y": 585, "h": 216.1, "d5": 0.232, "d6": "tick=83623 goal=0 here=0", "l": [0.69, 0.49, 0.37, 0.41, 0.5, 0.48, 0.3, 0.37, 0.48, 0.68, 1.11, 0.64, 1.07, -1.0, 0.42, 1.73]}
{"t": 125.5, "x": -3300, "y": 512, "h": 217.1, "d5": 0.247, "d6": "tick=83645 goal=0 here=0", "l": [0.7, 0.5, 0.34, -1.0, 0.49, 0.5, 0.39, 0.44, 0.52, 0.73, 1.15, 1.69, 0.21, 0.3, 0.63, 1.89]}
{"t": 125.7, "x": -3360, "y": 430, "h": 216.1, "d5": 0.248, "d6": "tick=83668 goal=0 here=0", "l": [0.65, 0.45, 0.33, 0.3, 0.42, 0.56, 0.53, 0.44, 0.52, 0.78, 1.18, 0.2, 0.23, 0.32, 0.62, 1.87]}
{"t": 125.9, "x": -3417, "y": 341, "h": 213.1, "d5": 0.255, "d6": "tick=83691 goal=0 here=0", "l": [0.6, 0.42, 0.31, 0.29, 0.33, 0.51, 0.54, 0.49, 0.58, 0.84, 1.21, 0.21, 0.28, 0.29, 0.81, 1.83]}
{"t": 126.2, "x": -3475, "y": 253, "h": 213.3, "d5": 0.262, "d6": "tick=83714 goal=0 here=0", "l": [0.56, 0.37, 0.3, 0.27, 0.29, 0.52, 0.58, -1.0, 0.64, 0.94, 0.24, 0.24, 0.28, 0.33, 0.85, 1.73]}
{"t": 126.5, "x": -3481, "y": 241, "h": 201.0, "d5": 0.265, "d6": "tick=83748 goal=0 here=0", "l": [0.83, 0.4, 0.38, 0.26, 0.26, 0.35, 0.62, 0.57, 0.58, 0.72, 1.27, 0.26, 0.29, 0.27, 0.49, 1.96]}
{"t": 126.7, "x": -3505, "y": 152, "h": 195.2, "d5": 0.269, "d6": "tick=83770 goal=0 here=0", "l": [1.12, 0.42, 0.33, 0.28, 0.27, 0.29, 0.57, 0.63, 0.63, 0.76, 1.12, 0.28, 0.28, 0.27, 0.46, 2.48]}
{"t": 127.0, "x": -3529, "y": 55, "h": 193.5, "d5": 0.275, "d6": "tick=83793 goal=0 here=0", "l": [1.09, 0.44, 0.32, 0.28, 0.25, 0.25, 0.52, 0.68, 0.65, 0.81, 1.14, 0.28, 0.25, 0.24, 0.43, 1.24]}
{"t": 127.2, "x": -3546, "y": -51, "h": 189.1, "d5": 0.279, "d6": "tick=83816 goal=0 here=0", "l": [1.6, 0.59, 0.29, 0.27, 0.28, 0.28, 0.34, 0.72, 0.67, 0.84, 0.35, 0.32, 0.25, 0.27, 0.41, 0.94]}
{"t": 127.4, "x": -3559, "y": -154, "h": 187.1, "d5": 0.273, "d6": "tick=83839 goal=0 here=0", "l": [1.79, 0.57, -1.0, 0.24, 0.27, 0.28, 0.34, 0.8, 0.69, 0.87, 0.34, 0.32, 0.23, 0.28, 0.38, 0.87]}
{"t": 127.6, "x": -3567, "y": -260, "h": 184.5, "d5": 0.284, "d6": "tick=83861 goal=0 here=0", "l": [1.77, 0.56, 0.32, 0.23, 0.25, 0.3, 0.33, 0.76, 0.78, 0.9, 0.4, 0.29, 0.23, 0.27, 0.35, 0.79]}
{"t": 127.9, "x": -3569, "y": -359, "h": 181.2, "d5": 0.293, "d6": "tick=83884 goal=0 here=0", "l": [1.69, 0.53, 0.3, 0.24, 0.21, 0.29, 0.36, 0.75, 0.85, 0.94, 0.43, 0.26, 0.22, 0.28, 0.36, 0.76]}
{"t": 128.4, "x": -3571, "y": -371, "h": 218.5, "d5": 0.295, "d6": "tick=83937 goal=0 here=0", "l": [0.49, 0.27, 0.22, 0.26, 0.34, 0.43, 0.89, 0.88, 0.45, 0.3, 0.25, 0.28, 0.31, 0.55, 1.68, 0.86]}
{"t": 128.7, "x": -3571, "y": -373, "h": 205.3, "d5": 0.307, "d6": "tick=83971 goal=0 here=0", "l": [0.51, 0.32, 0.26, 0.2, 0.28, 0.35, 0.73, 0.86, 0.92, 0.42, 0.24, 0.23, 0.29, 0.35, 0.73, 1.64]}
{"t": 129.1, "x": -3571, "y": -371, "h": 220.6, "d5": 0.293, "d6": "tick=84003 goal=0 here=0", "l": [0.47, 0.27, 0.22, 0.23, 0.34, 0.43, 0.89, 0.91, 0.45, 0.34, 0.24, 0.26, 0.32, 0.53, 1.68, 0.87]}
{"t": 129.5, "x": -3571, "y": -372, "h": 203.8, "d5": 0.311, "d6": "tick=84047 goal=0 here=0", "l": [0.7, 0.41, 0.27, 0.23, 0.27, 0.36, 0.47, 0.89, 0.89, 0.44, 0.28, 0.24, 0.27, 0.33, 0.69, 1.62]}
{"t": 129.7, "x": -3610, "y": -455, "h": 205.2, "d5": 0.3, "d6": "tick=84069 goal=0 here=0", "l": [0.48, 0.4, 0.24, 0.18, 0.23, 0.34, 0.48, 0.94, 0.95, 0.47, 0.26, 0.28, 0.29, 0.45, 0.74, 1.57]}
{"t": 130.2, "x": -3615, "y": -465, "h": 227.5, "d5": 0.301, "d6": "tick=84115 goal=0 here=0", "l": [0.4, 0.25, 0.2, 0.2, 0.33, 0.46, 0.95, 0.96, 0.47, 0.28, 0.28, 0.3, 0.42, 0.72, 1.56, 0.62]}
{"t": 130.9, "x": -3616, "y": -468, "h": 189.0, "d5": 0.302, "d6": "tick=84183 goal=0 here=0", "l": [1.41, 0.45, 0.28, 0.24, 0.2, 0.24, 0.38, 0.84, 0.86, -1.0, 0.42, 0.27, 0.29, 0.3, 0.49, 1.02]}
{"t": 131.5, "x": -3615, "y": -465, "h": 228.6, "d5": 0.305, "d6": "tick=84244 goal=0 here=0", "l": [0.35, 0.25, 0.2, 0.23, 0.34, 0.52, 0.9, 1.01, 0.46, 0.27, 0.26, 0.32, 0.48, 0.94, 1.66, 0.45]}
{"t": 131.5, "x": -3614, "y": -465, "h": 226.8, "d5": 0.315, "d6": "tick=84249 goal=0 here=0", "l": [0.35, 0.25, 0.19, 0.22, 0.35, 0.49, 0.9, 1.02, 0.45, 0.27, 0.26, 0.31, 0.46, 0.93, 1.67, 0.46]}
{"t": 131.6, "x": -3613, "y": -464, "h": 232.3, "d5": 0.302, "d6": "tick=84253 goal=0 here=0", "l": [0.34, 0.24, 0.2, 0.23, 0.34, 0.52, 0.91, 1.02, 0.45, 0.26, 0.27, 0.32, 0.48, 0.93, 1.66, 0.46]}
{"t": 131.6, "x": -3614, "y": -465, "h": 230.2, "d5": 0.305, "d6": "tick=84259 goal=0 here=0", "l": [0.36, 0.24, 0.2, 0.23, 0.34, 0.52, 0.9, 1.03, 0.44, 0.26, 0.27, 0.29, 0.47, 0.94, 1.66, 0.47]}
{"t": 133.9, "x": -3600, "y": -465, "h": 1.6, "d5": 0.285, "d6": "tick=84483 goal=0 here=0", "l": [0.76, 0.86, -1.0, 0.15, 0.08, 0.09, 0.13, 0.3, 1.77, 0.96, 0.61, 0.41, 0.38, 0.41, 0.48, 0.83]}
{"t": 135.3, "x": -3610, "y": -464, "h": 212.1, "d5": 0.291, "d6": "tick=84624 goal=0 here=0", "l": [0.67, 0.46, 0.36, 0.42, 0.41, 0.67, 0.83, 0.76, 0.29, 0.19, 0.1, 0.09, 0.12, 0.21, 0.54, 1.82]}
{"t": 135.5, "x": -3660, "y": -541, "h": 212.9, "d5": 0.294, "d6": "tick=84647 goal=0 here=0", "l": [0.66, 0.42, 0.34, 0.38, 0.4, 0.53, 0.85, 0.82, 0.34, 0.2, 0.12, 0.12, 0.17, 0.23, 0.53, 1.75]}
{"t": 135.7, "x": -3711, "y": -632, "h": 209.7, "d5": 0.294, "d6": "tick=84669 goal=0 here=0", "l": [0.68, 0.48, 0.34, 0.32, 0.41, 0.49, 0.88, 0.86, 0.41, 0.23, 0.13, 0.16, 0.21, 0.26, 0.67, 1.7]}
{"t": 136.0, "x": -3765, "y": -718, "h": 211.9, "d5": 0.296, "d6": "tick=84692 goal=0 here=0", "l": [0.62, 0.45, 0.32, 0.27, 0.39, 0.46, 0.95, 0.92, 0.47, 0.23, 0.19, 0.19, -1.0, 0.36, 0.72, 1.65]}
{"t": 136.2, "x": -3822, "y": -806, "h": 213.1, "d5": 0.305, "d6": "tick=84715 goal=0 here=0", "l": [0.47, 0.42, 0.29, 0.26, 0.36, 0.46, 1.0, 0.96, 0.49, 0.25, 0.24, 0.22, 0.26, 0.42, 0.94, 1.6]}
{"t": 136.4, "x": -3875, "y": -897, "h": 210.0, "d5": 0.314, "d6": "tick=84738 goal=0 here=0", "l": [0.54, 0.39, 0.25, 0.23, 0.26, 0.46, 0.95, 0.97, 0.55, 0.29, 0.25, 0.25, 0.26, 0.4, 0.93, 1.56]}
{"t": 136.5, "x": -3879, "y": -904, "h": 211.9, "d5": 0.293, "d6": "tick=84743 goal=0 here=0", "l": [0.5, 0.36, 0.25, 0.27, 0.25, 0.46, 0.95, 1.0, 0.57, 0.31, 0.24, 0.25, 0.27, 0.41, 0.94, 1.54]}
{"t": 136.5, "x": -3882, "y": -909, "h": 209.5, "d5": 0.308, "d6": "tick=84748 goal=0 here=0", "l": [0.51, 0.39, 0.25, 0.25, 0.25, 0.42, 0.94, 0.98, 0.56, 0.3, 0.26, 0.25, 0.28, 0.41, 0.92, 1.54]}
{"t": 136.9, "x": -3881, "y": -907, "h": 225.6, "d5": 0.312, "d6": "tick=84784 goal=0 here=0", "l": [0.38, 0.28, 0.25, 0.25, 0.4, 0.54, 1.04, 1.1, 0.35, 0.26, 0.24, 0.26, 0.42, 0.65, 1.48, 0.7]}
{"t": 137.4, "x": -3882, "y": -910, "h": 193.6, "d5": 0.318, "d6": "tick=84837 goal=0 here=0", "l": [1.29, 0.41, 0.36, 0.24, 0.26, 0.27, 0.43, 0.99, 1.0, 0.56, 0.29, 0.27, 0.27, 0.3, 0.43, 2.02]}
{"t": 137.6, "x": -3896, "y": -1002, "h": 188.3, "d5": 0.331, "d6": "tick=84860 goal=0 here=0", "l": [1.5, 0.51, 0.35, 0.27, 0.23, 0.25, 0.44, 0.67, 1.03, 0.62, 0.31, 0.26, 0.26, 0.32, 0.39, 0.86]}
{"t": 138.2, "x": -3897, "y": -1011, "h": 228.7, "d5": 0.338, "d6": "tick=84920 goal=0 here=0", "l": [0.33, 0.31, 0.23, 0.27, 0.4, 0.62, 1.02, 0.64, 0.31, 0.3, 0.24, 0.31, 0.39, 0.83, 1.5, 0.54]}
{"t": 138.3, "x": -3897, "y": -1011, "h": 229.9, "d5": 0.329, "d6": "tick=84925 goal=0 here=0", "l": [0.33, 0.3, 0.23, 0.26, 0.36, 0.64, 1.01, 0.63, 0.31, 0.27, 0.25, 0.31, 0.39, 0.83, 1.49, 0.53]}
{"t": 138.3, "x": -3897, "y": -1011, "h": 229.1, "d5": 0.323, "d6": "tick=84930 goal=0 here=0", "l": [0.33, 0.29, 0.24, 0.26, 0.38, 0.62, 1.02, 0.65, 0.29, 0.28, 0.24, 0.32, 0.37, 0.83, 1.51, 0.55]}
{"t": 138.4, "x": -3897, "y": -1011, "h": 230.5, "d5": 0.331, "d6": "tick=84935 goal=0 here=0", "l": [0.33, 0.3, 0.25, 0.25, 0.38, 0.64, 1.02, 0.64, 0.32, 0.27, 0.25, 0.32, 0.38, 0.84, 1.51, 0.54]}
{"t": 140.6, "x": -3880, "y": -1010, "h": 357.9, "d5": 0.301, "d6": "tick=85152 goal=0 here=0", "l": [0.89, 0.37, 0.11, -1.0, 0.11, 0.11, 0.12, 0.17, 1.58, 1.08, 0.55, 0.48, 0.4, 0.41, 0.53, 0.94]}
{"t": 142.0, "x": -3889, "y": -1009, "h": 229.5, "d5": 0.29, "d6": "tick=85293 goal=0 here=0", "l": [0.54, 0.42, 0.37, 0.48, 0.58, 0.98, 0.93, 0.18, 0.12, 0.09, 0.1, 0.1, 0.16, 0.38, 1.59, 0.87]}
{"t": 142.2, "x": -3960, "y": -1066, "h": 231.3, "d5": 0.315, "d6": "tick=85316 goal=0 here=0", "l": [0.49, 0.35, 0.35, 0.45, 0.54, 1.0, 0.96, 0.39, 0.14, 0.13, 0.14, 0.15, 0.18, 0.42, 1.52, 0.78]}
{"t": 142.5, "x": -3971, "y": -1077, "h": 220.9, "d5": 0.303, "d6": "tick=85349 goal=0 here=0", "l": [0.62, 0.49, 0.36, 0.35, 0.5, 0.61, 0.99, 0.96, 0.2, 0.14, 0.15, 0.17, 0.17, 0.36, 0.9, 1.36]}
{"t": 142.8, "x": -4021, "y": -1159, "h": 210.9, "d5": 0.308, "d6": "tick=85372 goal=0 here=0", "l": [0.56, 0.45, 0.34, 0.32, 0.43, 0.58, 1.06, 1.0, -1.0, 0.18, 0.18, 0.17, 0.19, 0.36, 0.94, 1.3]}
{"t": 143.0, "x": -4076, "y": -1243, "h": 213.7, "d5": 0.317, "d6": "tick=85395 goal=0 here=0", "l": [0.54, 0.4, 0.32, 0.33, 0.34, 0.54, 1.06, 1.05, 0.3, 0.22, 0.2, 0.18, 0.26, 0.35, 2.0, 1.27]}
{"t": 143.0, "x": -4084, "y": -1254, "h": 213.6, "d5": 0.321, "d6": "tick=85400 goal=0 here=0", "l": [0.55, 0.36, 0.32, 0.3, 0.33, 0.52, 1.08, 1.04, 0.32, 0.24, 0.21, 0.2, 0.24, 0.37, 2.01, 1.27]}
{"t": 143.4, "x": -4085, "y": -1256, "h": 199.1, "d5": 0.315, "d6": "tick=85436 goal=0 here=0", "l": [0.75, 0.39, 0.41, 0.27, 0.32, 0.45, 0.62, 1.08, 1.15, 0.28, 0.21, 0.22, 0.18, 0.32, 0.51, 1.52]}
{"t": 143.7, "x": -4083, "y": -1253, "h": 215.1, "d5": 0.32, "d6": "tick=85468 goal=0 here=0", "l": [-1.0, 0.38, 0.32, 0.32, -1.0, 0.53, 1.07, 1.04, 0.32, 0.22, 0.21, 0.2, 0.25, 0.34, 2.0, 1.28]}
{"t": 144.2, "x": -4085, "y": -1256, "h": 194.6, "d5": 0.31, "d6": "tick=85517 goal=0 here=0", "l": [1.21, 0.52, 0.39, 0.3, 0.32, 0.35, 0.53, 1.08, 1.05, 0.29, 0.22, 0.2, 0.2, 0.28, 0.36, 2.02]}
{"t": 144.4, "x": -4105, "y": -1345, "h": 193.2, "d5": 0.322, "d6": "tick=85540 goal=0 here=0", "l": [1.25, 0.52, 0.35, 0.33, 0.3, 0.31, 0.54, 1.12, 1.09, 0.32, 0.27, 0.2, 0.21, 0.3, 0.35, 1.96]}
{"t": 144.7, "x": -4124, "y": -1449, "h": 190.3, "d5": 0.35, "d6": "tick=85563 goal=0 here=0", "l": [1.4, 0.61, 0.32, 0.34, 0.3, 0.33, 0.54, 1.12, 1.16, 0.36, 0.27, 0.21, 0.23, 0.29, 0.41, 1.88]}
{"t": 144.9, "x": -4138, "y": -1553, "h": 187.7, "d5": 0.349, "d6": "tick=85585 goal=0 here=0", "l": [1.35, 0.54, 0.31, 0.28, 0.33, 0.33, 0.41, 1.11, 1.22, 0.41, 0.3, 0.22, 0.27, 0.28, 0.41, 1.82]}
{"t": 145.1, "x": -4152, "y": -1652, "h": 187.8, "d5": 0.362, "d6": "tick=85608 goal=0 here=0", "l": [1.33, 0.51, 0.35, 0.25, -1.0, 0.31, 0.41, 0.83, 1.27, 0.44, 0.29, 0.25, 0.24, 0.26, 0.39, 1.79]}
{"t": 145.3, "x": -4171, "y": -1756, "h": 190.4, "d5": 0.373, "d6": "tick=85631 goal=0 here=0", "l": [1.19, 0.48, 0.35, 0.26, 0.28, 0.34, 0.39, 0.75, 1.25, 0.49, 0.29, 0.28, 0.26, 0.27, 0.34, 0.71]}
{"t": 145.6, "x": -4164, "y": -1861, "h": 175.9, "d5": 0.38, "d6": "tick=85654 goal=0 here=0", "l": [1.15, 0.63, 0.43, 0.29, 0.23, 0.34, 0.37, 0.74, 1.39, 0.58, 0.33, 0.3, 0.21, 0.28, 0.34, 0.59]}
{"t": 146.2, "x": -4165, "y": -1873, "h": 219.0, "d5": 0.37, "d6": "tick=85712 goal=0 here=0", "l": [0.41, 0.31, 0.23, 0.26, 0.37, 0.49, 1.39, 1.38, 0.39, 0.31, 0.24, 0.25, 0.32, 0.52, 1.15, 0.93]}
{"t": 146.2, "x": -4165, "y": -1872, "h": 215.9, "d5": 0.357, "d6": "tick=85719 goal=0 here=0", "l": [0.41, 0.3, 0.23, 0.26, 0.34, 0.49, 1.38, 1.37, 0.4, 0.31, 0.23, 0.24, 0.29, 0.52, 1.15, 0.93]}
{"t": 146.3, "x": -4165, "y": -1873, "h": 215.7, "d5": 0.367, "d6": "tick=85725 goal=0 here=0", "l": [0.41, 0.3, 0.25, 0.26, 0.36, 0.49, 1.38, 1.37, 0.41, 0.3, 0.23, 0.25, 0.31, 0.51, 1.16, 0.93]}
{"t": 146.3, "x": -4164, "y": -1872, "h": 218.1, "d5": 0.381, "d6": "tick=85731 goal=0 here=0", "l": [0.38, 0.3, 0.24, 0.25, 0.37, 0.48, 1.38, 1.36, 0.41, 0.31, 0.23, 0.24, 0.33, 0.52, 1.18, 0.94]}
{"t": 148.4, "x": -4147, "y": -1854, "h": 138.9, "d5": 0.331, "d6": "tick=85934 goal=0 here=0", "l": [0.16, 0.37, 1.33, 0.84, 0.53, 0.41, 0.43, 0.46, 0.66, 1.25, 1.17, 0.23, 0.1, 0.11, 0.12, 0.14]}
{"t": 149.0, "x": -4148, "y": -1850, "h": 203.2, "d5": 0.341, "d6": "tick=85997 goal=0 here=0", "l": [1.15, 0.65, 0.42, 0.47, 0.42, 0.5, 0.83, 1.13, 0.28, 0.13, 0.1, 0.09, 0.15, 0.16, 0.19, 1.35]}
{"t": 149.2, "x": -4178, "y": -1936, "h": 199.5, "d5": 0.36, "d6": "tick=86020 goal=0 here=0", "l": [1.09, 0.58, 0.44, 0.41, 0.43, 0.48, 0.81, 1.2, 0.35, 0.15, 0.13, 0.16, 0.17, 0.15, 0.27, 1.28]}
{"t": 149.5, "x": -4206, "y": -2038, "h": 195.1, "d5": 0.363, "d6": "tick=86042 goal=0 here=0", "l": [1.28, 0.56, 0.45, 0.34, 0.45, 0.49, 0.76, 1.32, 0.44, 0.19, 0.16, 0.18, 0.15, 0.15, 0.3, 1.78]}
{"t": 149.7, "x": -4230, "y": -2135, "h": 194.1, "d5": 0.36, "d6": "tick=86065 goal=0 here=0", "l": [1.25, 0.54, 0.45, 0.34, 0.41, 0.43, 0.66, 1.37, 0.84, 0.23, 0.21, 0.16, 0.14, 0.16, 0.26, 1.71]}
{"t": 149.9, "x": -4242, "y": -2239, "h": 186.7, "d5": 0.374, "d6": "tick=86088 goal=0 here=0", "l": [1.12, 0.64, 0.46, 0.37, 0.31, 0.46, 0.57, -1.0, 1.39, 0.29, 0.22, 0.16, 0.15, 0.18, 0.26, 0.53]}
{"t": 150.1, "x": -4252, "y": -2345, "h": 185.4, "d5": 0.375, "d6": "tick=86111 goal=0 here=0", "l": [1.06, 0.69, 0.42, 0.37, 0.33, 0.42, 0.51, 0.99, 1.43, 0.32, 0.23, 0.14, 0.17, 0.19, 0.23, 0.46]}
{"t": 150.7, "x": -4253, "y": -2356, "h": 222.9, "d5": 0.374, "d6": "tick=86169 goal=0 here=0", "l": [0.41, 0.39, 0.35, 0.37, 0.49, 0.91, 1.41, 0.36, 0.28, 0.16, 0.16, 0.18, 0.22, 0.43, 1.12, 0.86]}
{"t": 150.8, "x": -4254, "y": -2356, "h": 222.3, "d5": 0.385, "d6": "tick=86174 goal=0 here=0", "l": [0.4, 0.41, 0.35, 0.37, 0.49, 0.87, 1.39, 0.35, 0.29, 0.16, 0.16, 0.18, 0.22, 0.42, 1.14, 0.87]}
{"t": 150.8, "x": -4253, "y": -2355, "h": 223.7, "d5": 0.381, "d6": "tick=86179 goal=0 here=0", "l": [0.42, 0.4, 0.35, 0.34, 0.51, 0.89, 1.4, 0.38, 0.27, 0.17, 0.14, 0.17, 0.22, 0.42, 1.12, 0.86]}
{"t": 151.1, "x": -4319, "y": -2419, "h": 226.1, "d5": 0.394, "d6": "tick=86207 goal=0 here=0", "l": [0.36, 0.35, 0.33, 0.29, 0.46, 0.67, 1.49, 0.55, 0.35, 0.21, 0.21, 0.22, 0.26, 0.44, 1.07, 0.8]}
{"t": 151.1, "x": -4339, "y": -2440, "h": 223.8, "d5": 0.398, "d6": "tick=86210 goal=0 here=0", "l": [0.34, 0.36, 0.31, 0.29, -1.0, 0.66, 1.52, 0.56, 0.36, 0.21, 0.23, 0.21, 0.28, 0.46, 1.04, 0.8]}
{"t": 151.2, "x": -4345, "y": -2446, "h": 224.1, "d5": 0.41, "d6": "tick=86215 goal=0 here=0", "l": [0.35, 0.38, 0.3, 0.3, 0.5, 0.65, 1.5, 0.57, 0.37, 0.2, 0.23, 0.22, 0.27, 0.45, 1.06, 0.82]}
{"t": 151.2, "x": -4345, "y": -2447, "h": 220.6, "d5": 0.402, "d6": "tick=86220 goal=0 here=0", "l": [0.36, 0.35, 0.3, 0.28, 0.47, 0.66, 1.52, 0.55, 0.35, 0.21, 0.21, -1.0, 0.27, 0.43, 1.08, 0.82]}
{"t": 151.3, "x": -4344, "y": -2445, "h": 224.7, "d5": 0.406, "d6": "tick=86228 goal=0 here=0", "l": [-1.0, 0.35, 0.31, 0.28, 0.49, 0.65, 1.51, 0.56, 0.35, 0.22, 0.21, 0.24, 0.3, 0.45, 1.08, 0.82]}
{"t": 151.7, "x": -4345, "y": -2447, "h": 212.2, "d5": 0.403, "d6": "tick=86271 goal=0 here=0", "l": [0.56, 0.35, 0.34, 0.32, 0.3, 0.49, 0.98, 1.51, 0.38, 0.27, 0.22, 0.23, 0.22, 0.38, 1.54, 0.99]}
{"t": 152.1, "x": -4345, "y": -2446, "h": 231.3, "d5": 0.401, "d6": "tick=86308 goal=0 here=0", "l": [0.33, 0.33, 0.31, 0.3, 0.51, 0.91, 1.45, 0.42, 0.31, 0.2, 0.21, 0.22, 0.35, 1.64, 0.99, 0.63]}
{"t": 152.5, "x": -4346, "y": -2448, "h": 195.5, "d5": 0.399, "d6": "tick=86347 goal=0 here=0", "l": [0.84, 0.41, 0.37, 0.32, 0.29, 0.46, 0.62, 1.51, 0.66, 0.36, 0.21, 0.21, 0.22, 0.27, 0.4, 1.02]}
{"t": 152.7, "x": -4369, "y": -2536, "h": 194.7, "d5": 0.423, "d6": "tick=86369 goal=0 here=0", "l": [1.04, 0.48, 0.31, 0.3, 0.31, 0.33, 0.53, 1.56, 1.04, 0.41, 0.25, 0.24, 0.21, 0.29, 0.38, 0.97]}
{"t": 153.0, "x": -4391, "y": -2640, "h": 191.8, "d5": 0.423, "d6": "tick=86392 goal=0 here=0", "l": [1.0, 0.44, 0.27, 0.32, 0.28, 0.32, 0.54, 1.12, 1.59, 0.47, 0.27, 0.23, 0.21, 0.3, 0.38, 0.95]}
{"t": 153.6, "x": -4391, "y": -2646, "h": 229.6, "d5": 0.424, "d6": "tick=86453 goal=0 here=0", "l": [0.24, 0.31, 0.28, 0.33, 0.53, 1.01, 1.6, 0.48, 0.27, 0.24, 0.22, 0.29, 0.37, 1.47, 0.97, 0.51]}
{"t": 153.6, "x": -4390, "y": -2645, "h": 233.2, "d5": 0.402, "d6": "tick=86458 goal=0 here=0", "l": [0.26, 0.32, 0.28, 0.32, 0.52, 1.01, 1.61, 0.49, 0.27, 0.27, 0.22, 0.29, 0.33, 1.48, 0.94, 0.49]}
{"t": 153.7, "x": -4392, "y": -2646, "h": 235.3, "d5": 0.394, "d6": "tick=86463 goal=0 here=0", "l": [0.26, 0.29, 0.29, 0.31, 0.54, 1.03, 1.59, 0.49, 0.28, 0.24, 0.22, 0.29, 0.34, 1.49, 0.98, 0.48]}
{"t": 153.7, "x": -4391, "y": -2645, "h": 234.2, "d5": 0.403, "d6": "tick=86469 goal=0 here=0", "l": [0.28, 0.31, 0.29, 0.32, 0.53, 1.0, 1.6, 0.48, 0.29, 0.25, 0.2, 0.29, 0.38, 1.48, 0.94, 0.48]}
{"t": 153.8, "x": -4391, "y": -2645, "h": 229.2, "d5": 0.405, "d6": "tick=86474 goal=0 here=0", "l": [0.25, 0.3, 0.27, 0.31, 0.53, 1.02, 1.6, 0.48, 0.29, 0.24, 0.23, 0.29, 0.34, 1.49, 0.96, 0.5]}
{"t": 153.8, "x": -4391, "y": -2646, "h": 232.5, "d5": 0.409, "d6": "tick=86479 goal=0 here=0", "l": [0.28, 0.3, 0.28, 0.31, 0.53, 1.01, 1.6, 0.49, 0.29, 0.26, 0.2, 0.28, 0.35, 1.48, 0.96, 0.48]}
{"t": 153.9, "x": -4391, "y": -2645, "h": 235.0, "d5": 0.42, "d6": "tick=86484 goal=0 here=0", "l": [0.27, 0.29, 0.26, 0.32, 0.54, 1.01, 1.59, 0.48, 0.28, 0.24, 0.21, 0.28, 0.34, -1.0, 0.95, 0.47]}
{"t": 153.9, "x": -4391, "y": -2646, "h": 230.8, "d5": 0.4, "d6": "tick=86489 goal=0 here=0", "l": [0.27, 0.28, 0.27, 0.31, 0.55, 1.02, 1.61, 0.48, 0.29, 0.23, 0.2, 0.3, 0.34, 1.49, 0.97, 0.5]}
{"t": 154.0, "x": -4391, "y": -2646, "h": 232.3, "d5": 0.415, "d6": "tick=86495 goal=0 here=0", "l": [0.27, 0.3, 0.28, 0.32, 0.52, 1.02, 1.61, 0.45, 0.29, 0.24, 0.22, 0.28, 0.35, 1.5, 0.95, 0.49]}
{"t": 156.0, "x": -4378, "y": -2644, "h": 319.7, "d5": 0.4, "d6": "tick=86692 goal=0 here=0", "l": [0.65, 1.41, 0.66, 0.13, 0.09, 0.09, 0.08, 0.1, 0.1, 0.35, 1.08, 0.88, 0.54, 0.48, 0.43, 0.52]}
{"t": 156.9, "x": -4382, "y": -2643, "h": 258.6, "d5": 0.388, "d6": "tick=86786 goal=0 here=0", "l": [0.45, 0.42, 0.57, 0.71, 1.51, 0.35, 0.13, 0.08, 0.09, 0.12, 0.12, 0.14, 0.38, 1.0, 0.69, 0.47]}
{"t": 157.1, "x": -4471, "y": -2667, "h": 255.0, "d5": 0.404, "d6": "tick=86809 goal=0 here=0", "l": [0.41, 0.37, 0.52, 0.65, 1.52, 0.63, 0.29, 0.15, 0.14, 0.13, 0.15, 0.21, 1.53, 1.02, 0.63, 0.41]}
{"t": 157.2, "x": -4484, "y": -2670, "h": 255.2, "d5": 0.396, "d6": "tick=86814 goal=0 here=0", "l": [0.39, 0.36, 0.51, 0.65, 1.55, 0.64, 0.33, 0.15, 0.15, 0.15, 0.15, 0.24, 1.55, 1.02, 0.63, 0.4]}
{"t": 157.2, "x": -4485, "y": -2671, "h": 254.8, "d5": 0.406, "d6": "tick=86819 goal=0 here=0", "l": [0.39, 0.38, 0.49, 0.63, 1.55, 0.66, 0.31, 0.16, 0.14, 0.14, 0.13, 0.24, 1.53, 1.03, 0.65, 0.4]}
{"t": 157.3, "x": -4484, "y": -2671, "h": 257.0, "d5": 0.396, "d6": "tick=86824 goal=0 here=0", "l": [0.38, 0.36, 0.49, 0.64, 1.56, 0.65, 0.31, 0.16, 0.14, 0.15, 0.18, 0.25, 1.54, 1.01, 0.64, 0.4]}
{"t": 157.3, "x": -4484, "y": -2671, "h": 254.9, "d5": 0.404, "d6": "tick=86829 goal=0 here=0", "l": [0.41, 0.39, 0.51, 0.63, 1.58, 0.67, 0.31, 0.16, 0.14, 0.14, 0.17, 0.23, 1.54, 1.03, 0.64, 0.39]}
{"t": 157.4, "x": -4485, "y": -2671, "h": 254.2, "d5": 0.407, "d6": "tick=86834 goal=0 here=0", "l": [0.4, 0.37, 0.5, 0.64, 1.53, 0.65, 0.32, 0.15, 0.13, 0.15, 0.16, 0.23, 1.54, 1.01, 0.63, 0.37]}
{"t": 157.4, "x": -4483, "y": -2670, "h": 256.3, "d5": 0.39, "d6": "tick=86839 goal=0 here=0", "l": [0.41, 0.38, 0.49, 0.64, 1.57, 0.66, 0.31, 0.14, 0.15, 0.14, 0.15, 0.25, 1.54, 1.02, 0.62, 0.4]}
{"t": 157.5, "x": -4483, "y": -2670, "h": 253.7, "d5": 0.402, "d6": "tick=86844 goal=0 here=0", "l": [0.4, 0.36, 0.5, 0.65, 1.56, 0.66, 0.32, 0.15, 0.14, 0.15, 0.15, 0.25, 1.52, 1.0, 0.63, 0.41]}
{"t": 157.5, "x": -4485, "y": -2671, "h": 259.3, "d5": 0.401, "d6": "tick=86849 goal=0 here=0", "l": [0.39, 0.39, 0.5, 0.64, 1.53, 0.64, 0.31, 0.16, 0.15, 0.15, 0.15, 0.24, 1.52, 1.02, 0.63, 0.39]}
{"t": 157.6, "x": -4484, "y": -2670, "h": 257.8, "d5": 0.4, "d6": "tick=86854 goal=0 here=0", "l": [0.39, 0.37, 0.5, 0.64, 1.57, 0.67, 0.31, 0.15, 0.15, 0.15, 0.15, 0.24, 1.53, 1.01, 0.62, 0.41]}
{"t": 157.6, "x": -4485, "y": -2671, "h": 258.7, "d5": 0.405, "d6": "tick=86859 goal=0 here=0", "l": [0.4, 0.38, 0.49, 0.65, 1.57, 0.64, 0.3, 0.15, 0.14, 0.14, 0.14, 0.23, 1.54, 1.01, 0.63, 0.41]}
{"t": 157.7, "x": -4483, "y": -2670, "h": 255.3, "d5": 0.411, "d6": "tick=86865 goal=0 here=0", "l": [0.39, 0.37, 0.5, 0.63, 1.53, 0.65, 0.3, 0.14, 0.15, 0.15, 0.16, 0.26, 1.52, 1.03, 0.62, 0.4]}
{"t": 157.8, "x": -4485, "y": -2671, "h": 257.1, "d5": 0.41, "d6": "tick=86874 goal=0 here=0", "l": [0.39, 0.36, 0.52, 0.63, -1.0, 0.65, 0.31, 0.15, 0.15, 0.14, 0.16, 0.25, 1.53, 1.0, 0.62, 0.4]}
{"t": 157.8, "x": -4484, "y": -2670, "h": 254.5, "d5": 0.409, "d6": "tick=86880 goal=0 here=0", "l": [0.39, 0.4, 0.49, 0.64, 1.54, 0.66, 0.31, 0.16, 0.15, 0.16, 0.15, 0.22, 1.54, 1.01, 0.63, 0.41]}
{"t": 157.9, "x": -4484, "y": -2670, "h": 256.4, "d5": 0.407, "d6": "tick=86885 goal=0 here=0", "l": [0.41, 0.39, 0.48, 0.64, 1.56, 0.64, 0.32, 0.15, 0.15, 0.16, 0.16, 0.23, 1.53, 0.99, 0.61, 0.41]}
{"t": 157.9, "x": -4484, "y": -2670, "h": 259.8, "d5": 0.399, "d6": "tick=86890 goal=0 here=0", "l": [0.4, 0.38, 0.51, 0.64, 1.56, 0.66, 0.32, 0.14, 0.15, 0.13, 0.15, 0.22, 1.54, 1.01, 0.64, 0.39]}
{"t": 158.0, "x": -4484, "y": -2670, "h": 258.1, "d5": 0.397, "d6": "tick=86895 goal=0 here=0", "l": [0.4, 0.36, 0.53, 0.64, 1.56, 0.67, 0.31, 0.15, 0.15, 0.15, 0.16, 0.23, 1.53, 1.03, 0.62, 0.41]}
{"t": 158.0, "x": -4485, "y": -2671, "h": 256.3, "d5": 0.405, "d6": "tick=86900 goal=0 here=0", "l": [0.39, 0.37, 0.49, 0.64, 1.55, 0.66, 0.31, 0.16, 0.15, 0.13, 0.15, 0.25, 1.54, 1.03, 0.63, 0.41]}
{"t": 158.1, "x": -4484, "y": -2670, "h": 257.0, "d5": 0.409, "d6": "tick=86905 goal=0 here=0", "l": [0.39, 0.39, 0.49, 0.65, 1.56, 0.66, 0.3, 0.15, 0.14, 0.15, 0.15, 0.21, 1.53, 1.01, 0.63, 0.39]}
{"t": 158.1, "x": -4485, "y": -2671, "h": 257.3, "d5": 0.411, "d6": "tick=86910 goal=0 here=0", "l": [0.39, 0.38, 0.51, 0.63, 1.56, 0.65, 0.32, 0.16, 0.14, 0.14, 0.16, 0.24, 1.55, 1.01, 0.63, 0.4]}
{"t": 158.2, "x": -4484, "y": -2670, "h": 254.9, "d5": 0.407, "d6": "tick=86915 goal=0 here=0", "l": [0.41, 0.39, 0.5, 0.66, 1.55, 0.66, 0.32, 0.16, 0.15, 0.14, 0.14, 0.24, 1.53, 1.04, 0.63, 0.4]}
{"t": 158.3, "x": -4484, "y": -2670, "h": 253.9, "d5": 0.419, "d6": "tick=86925 goal=0 here=0", "l": [-1.0, 0.39, 0.51, 0.64, 1.55, 0.66, 0.33, 0.16, 0.14, 0.12, 0.17, 0.24, 1.53, 1.01, 0.63, 0.41]}
{"t": 158.4, "x": -4485, "y": -2670, "h": 259.0, "d5": 0.41, "d6": "tick=86936 goal=0 here=0", "l": [0.4, 0.38, 0.5, 0.65, 1.55, 0.65, 0.32, 0.15, 0.15, 0.13, 0.16, 0.24, 1.55, 1.0, 0.61, 0.39]}
{"t": 158.4, "x": -4485, "y": -2670, "h": 256.7, "d5": 0.406, "d6": "tick=86940 goal=0 here=0", "l": [0.41, 0.37, 0.51, 0.62, 1.56, 0.66, 0.3, 0.15, 0.13, 0.14, 0.16, 0.23, 1.53, 1.02, 0.61, 0.39]}
{"t": 158.5, "x": -4485, "y": -2670, "h": 262.1, "d5": 0.404, "d6": "tick=86948 goal=0 here=0", "l": [0.38, 0.39, 0.49, 0.64, 1.55, 0.65, 0.31, 0.15, 0.14, 0.15, 0.14, 0.21, 1.52, 1.03, 0.62, 0.38]}
{"t": 158.6, "x": -4484, "y": -2670, "h": 260.0, "d5": 0.394, "d6": "tick=86953 goal=0 here=0", "l": [0.39, 0.37, 0.51, 0.65, 1.55, 0.67, 0.3, 0.14, 0.13, 0.15, 0.16, 0.22, 1.54, 1.0, 0.62, 0.4]}
{"t": 158.6, "x": -4484, "y": -2670, "h": 257.7, "d5": 0.395, "d6": "tick=86958 goal=0 here=0", "l": [0.41, 0.38, 0.5, 0.67, 1.53, 0.65, 0.32, 0.15, 0.15, 0.15, 0.16, 0.25, 1.53, 1.02, 0.64, 0.4]}
{"t": 158.7, "x": -4484, "y": -2670, "h": 262.5, "d5": 0.407, "d6": "tick=86964 goal=0 here=0", "l": [0.41, 0.37, 0.49, 0.64, 1.55, 0.66, 0.32, 0.16, 0.15, 0.14, 0.14, 0.23, 1.53, 1.02, 0.62, 0.42]}
{"t": 158.9, "x": -4485, "y": -2671, "h": 250.5, "d5": 0.402, "d6": "tick=86988 goal=0 here=0", "l": [0.43, 0.38, 0.36, 0.53, 0.98, 1.46, 0.34, 0.15, 0.13, 0.12, 0.13, 0.16, 0.38, 1.08, 0.85, 0.47]}
{"t": 159.0, "x": -4485, "y": -2671, "h": 249.9, "d5": 0.406, "d6": "tick=86993 goal=0 here=0", "l": [0.43, 0.37, 0.37, 0.53, 0.96, 1.46, 0.37, 0.14, 0.15, 0.15, 0.16, 0.16, 0.36, 1.07, 0.84, 0.49]}
{"t": 159.1, "x": -4486, "y": -2671, "h": 249.4, "d5": 0.403, "d6": "tick=87003 goal=0 here=0", "l": [0.45, 0.38, 0.38, 0.54, 0.96, 1.48, 0.35, 0.15, 0.15, 0.14, 0.14, 0.17, 0.38, 1.07, 0.86, 0.46]}
{"t": 159.1, "x": -4485, "y": -2671, "h": 248.1, "d5": 0.41, "d6": "tick=87008 goal=0 here=0", "l": [0.43, 0.4, 0.36, 0.54, 0.97, 1.48, -1.0, 0.16, 0.15, 0.16, 0.15, 0.17, 0.39, 1.07, 0.85, 0.48]}
{"t": 159.2, "x": -4485, "y": -2671, "h": 247.9, "d5": 0.414, "d6": "tick=87013 goal=0 here=0", "l": [0.45, -1.0, 0.37, 0.54, 0.97, 1.5, 0.36, 0.17, 0.14, 0.13, 0.14, 0.19, 0.37, 1.08, 0.85, 0.5]}
{"t": 159.4, "x": -4571, "y": -2705, "h": 248.2, "d5": 0.399, "d6": "tick=87036 goal=0 here=0", "l": [0.38, 0.33, 0.33, 0.53, 0.92, 1.47, 0.41, 0.26, 0.2, 0.18, 0.19, 0.27, 0.41, 1.04, 0.81, 0.4]}
{"t": 159.4, "x": -4581, "y": -2709, "h": 246.6, "d5": 0.406, "d6": "tick=87041 goal=0 here=0", "l": [0.37, 0.32, 0.33, 0.51, 0.91, 1.47, 0.45, 0.26, 0.19, 0.2, 0.18, 0.28, 0.41, 1.01, 0.82, 0.38]}
{"t": 159.5, "x": -4583, "y": -2710, "h": 248.9, "d5": 0.413, "d6": "tick=87046 goal=0 here=0", "l": [0.39, 0.32, 0.32, 0.52, 0.91, 1.47, 0.44, 0.25, 0.19, 0.19, 0.18, 0.28, 0.42, 1.04, 0.81, 0.38]}
{"t": 159.5, "x": -4583, "y": -2710, "h": 244.1, "d5": 0.41, "d6": "tick=87051 goal=0 here=0", "l": [0.38, 0.34, 0.31, 0.52, 0.87, 1.48, 0.44, 0.25, 0.19, 0.19, -1.0, 0.29, 0.42, 1.06, 0.8, 0.4]}
{"t": 161.8, "x": -4570, "y": -2717, "h": 20.3, "d5": 0.407, "d6": "tick=87276 goal=0 here=0", "l": [0.3, 0.1, 0.09, 0.08, 0.11, 0.12, 0.16, 1.04, 1.11, 0.61, 0.46, 0.42, 0.42, 0.56, 0.96, 1.43]}
{"t": 163.1, "x": -4576, "y": -2710, "h": 252.4, "d5": 0.399, "d6": "tick=87407 goal=0 here=0", "l": [0.48, 0.43, 0.47, 0.6, 1.09, 1.49, 0.27, 0.1, 0.09, 0.11, 0.09, 0.12, 0.34, 1.08, 0.88, 0.58]}
{"t": 163.3, "x": -4664, "y": -2746, "h": 247.7, "d5": 0.393, "d6": "tick=87430 goal=0 here=0", "l": [0.43, 0.4, 0.37, 0.54, 0.96, 1.48, 0.33, 0.17, 0.12, 0.14, 0.15, 0.18, 0.38, 1.08, 0.84, 0.47]}
{"t": 163.6, "x": -4759, "y": -2782, "h": 249.5, "d5": 0.403, "d6": "tick=87453 goal=0 here=0", "l": [0.38, 0.33, 0.33, 0.52, 0.92, 1.46, 0.43, 0.25, 0.19, 0.2, 0.18, 0.27, 0.39, 1.06, 0.81, 0.38]}
{"t": 163.6, "x": -4771, "y": -2786, "h": 248.8, "d5": 0.414, "d6": "tick=87458 goal=0 here=0", "l": [0.38, 0.33, 0.33, 0.5, 0.88, 1.47, 0.45, 0.27, 0.19, 0.2, 0.2, 0.29, 0.41, 1.05, 0.8, 0.38]}
{"t": 163.7, "x": -4772, "y": -2787, "h": 246.6, "d5": 0.403, "d6": "tick=87463 goal=0 here=0", "l": [0.37, 0.32, 0.32, 0.51, 0.88, 1.49, 0.45, 0.26, 0.19, 0.19, 0.19, 0.27, 0.42, 1.04, 0.79, 0.37]}
{"t": 163.8, "x": -4773, "y": -2787, "h": 250.1, "d5": 0.417, "d6": "tick=87473 goal=0 here=0", "l": [0.38, 0.33, 0.32, 0.51, 0.89, 1.48, 0.44, 0.27, 0.2, 0.2, 0.19, 0.28, 0.43, 1.04, 0.8, 0.38]}
{"t": 166.0, "x": -4766, "y": -2792, "h": 125.9, "d5": 0.402, "d6": "tick=87693 goal=0 here=0", "l": [0.11, 0.15, 0.44, 1.12, 0.65, 0.46, 0.44, 0.4, 0.56, 0.84, 1.53, 0.33, 0.11, 0.1, 0.1, 0.1]}
{"t": 167.1, "x": -4766, "y": -2783, "h": 233.2, "d5": 0.387, "d6": "tick=87802 goal=0 here=0", "l": [0.46, 0.45, 0.4, 0.56, 0.67, 1.53, 0.56, 0.21, 0.1, 0.07, 0.12, 0.1, 0.14, 0.39, 1.06, 0.84]}
{"t": 167.3, "x": -4835, "y": -2845, "h": 228.2, "d5": 0.405, "d6": "tick=87830 goal=0 here=0", "l": [0.45, 0.42, 0.38, 0.42, 0.59, 1.07, 1.49, 0.32, 0.13, 0.14, 0.12, 0.13, 0.16, 0.37, 1.04, 0.82]}
{"t": 167.6, "x": -4927, "y": -2934, "h": 226.0, "d5": 0.416, "d6": "tick=87853 goal=0 here=0", "l": [0.49, 0.37, 0.33, 0.35, 0.54, 0.94, 1.48, 0.41, 0.23, 0.2, 0.18, 0.17, 0.28, 0.39, 1.03, 0.81]}
{"t": 168.0, "x": -4935, "y": -2942, "h": 247.4, "d5": 0.431, "d6": "tick=87897 goal=0 here=0", "l": [0.37, 0.34, 0.34, 0.51, 0.72, 1.59, 0.49, 0.23, 0.21, 0.2, 0.17, 0.26, 0.35, 0.99, 0.88, 0.5]}
{"t": 168.0, "x": -4936, "y": -2942, "h": 242.5, "d5": 0.421, "d6": "tick=87901 goal=0 here=0", "l": [0.36, 0.33, 0.34, 0.51, -1.0, 1.61, 0.46, -1.0, 0.2, 0.18, 0.18, 0.27, 0.37, 1.0, 0.88, 0.51]}
{"t": 168.1, "x": -4937, "y": -2943, "h": 243.2, "d5": 0.418, "d6": "tick=87907 goal=0 here=0", "l": [0.34, 0.34, 0.35, 0.52, 0.7, 1.58, 0.48, 0.24, 0.19, 0.18, 0.18, 0.27, 0.36, 1.0, 0.86, 0.5]}
{"t": 168.5, "x": -4934, "y": -2942, "h": 261.2, "d5": 0.413, "d6": "tick=87946 goal=0 here=0", "l": [0.35, 0.35, 0.37, 0.6, 1.59, 0.71, 0.36, 0.19, 0.19, 0.17, 0.22, 0.35, 1.53, 1.04, 0.52, 0.33]}
{"t": 170.7, "x": -4922, "y": -2949, "h": 33.6, "d5": 0.396, "d6": "tick=88167 goal=0 here=0", "l": [0.14, 0.11, 0.1, 0.1, 0.1, 0.09, 0.35, 0.97, 0.81, 0.44, 0.45, 0.44, 0.55, 0.71, 1.56, 0.39]}
{"t": 171.9, "x": -4927, "y": -2943, "h": 269.6, "d5": 0.404, "d6": "tick=88288 goal=0 here=0", "l": [0.43, 0.42, 0.59, 0.97, 1.45, 0.32, 0.11, 0.1, 0.09, 0.09, 0.1, 0.17, 1.01, 1.09, 0.59, 0.44]}
{"t": 172.8, "x": -4932, "y": -2946, "h": 205.3, "d5": 0.417, "d6": "tick=88372 goal=0 here=0", "l": [0.84, 0.55, 0.47, 0.43, 0.46, 0.64, 1.18, 1.51, 0.15, 0.12, 0.11, 0.09, 0.1, 0.13, 0.32, 1.06]}
{"t": 173.0, "x": -4976, "y": -3027, "h": 208.9, "d5": 0.418, "d6": "tick=88395 goal=0 here=0", "l": [0.81, 0.53, 0.39, 0.4, 0.4, 0.61, 1.11, 1.53, 0.21, 0.16, 0.13, 0.1, 0.11, 0.15, 0.31, 1.01]}
{"t": 173.2, "x": -5023, "y": -3120, "h": 206.4, "d5": 0.428, "d6": "tick=88418 goal=0 here=0", "l": [0.77, 0.5, 0.35, 0.38, 0.41, 0.62, 1.06, 1.59, 0.25, 0.2, 0.14, 0.12, 0.12, 0.25, 0.32, 0.97]}
{"t": 173.8, "x": -5026, "y": -3136, "h": 163.6, "d5": 0.423, "d6": "tick=88478 goal=0 here=0", "l": [1.42, 0.88, 0.72, 0.45, 0.37, 0.4, 0.42, 0.65, 1.56, 0.74, 0.24, 0.19, 0.14, 0.12, 0.16, 0.24]}
{"t": 174.2, "x": -5027, "y": -3137, "h": 180.6, "d5": 0.432, "d6": "tick=88514 goal=0 here=0", "l": [0.96, 0.8, 0.49, 0.34, 0.43, 0.4, 0.62, 1.04, 1.6, 0.41, 0.2, 0.14, 0.09, 0.12, 0.26, 0.29]}
{"t": 174.6, "x": -5026, "y": -3137, "h": 160.5, "d5": 0.437, "d6": "tick=88558 goal=0 here=0", "l": [1.42, 0.89, 0.73, 0.47, 0.35, 0.39, 0.4, 0.6, 1.22, 1.6, 0.24, 0.18, 0.14, 0.11, 0.14, 0.26]}
{"t": 174.9, "x": -5026, "y": -3137, "h": 178.1, "d5": 0.413, "d6": "tick=88590 goal=0 here=0", "l": [0.92, 0.97, 0.52, 0.35, 0.41, 0.4, 0.59, 0.8, 1.6, 0.45, 0.2, 0.15, 0.12, 0.12, 0.22, 0.28]}
{"t": 175.4, "x": -5026, "y": -3139, "h": 163.6, "d5": 0.438, "d6": "tick=88634 goal=0 here=0", "l": [0.31, 0.92, 0.77, 0.49, 0.35, 0.39, 0.42, 0.63, 1.08, 1.61, 0.26, 0.17, 0.15, 0.12, 0.14, 0.25]}
{"t": 175.5, "x": -5026, "y": -3137, "h": 156.9, "d5": 0.428, "d6": "tick=88643 goal=0 here=0", "l": [0.33, 0.94, 0.76, 0.49, 0.35, 0.41, 0.42, 0.63, 1.07, 1.64, 0.25, 0.18, 0.14, 0.12, 0.14, 0.24]}
{"t": 175.5, "x": -5026, "y": -3138, "h": 162.4, "d5": 0.429, "d6": "tick=88648 goal=0 here=0", "l": [0.32, 0.96, 0.76, 0.47, 0.34, 0.39, 0.41, 0.62, 1.07, 1.62, 0.26, 0.19, 0.14, 0.11, 0.14, 0.26]}
{"t": 175.6, "x": -5026, "y": -3138, "h": 160.1, "d5": 0.428, "d6": "tick=88654 goal=0 here=0", "l": [0.31, 0.92, 0.76, 0.48, 0.33, 0.4, 0.43, 0.61, 1.09, 1.6, 0.25, 0.19, 0.14, 0.12, 0.12, 0.22]}
{"t": 175.6, "x": -5026, "y": -3139, "h": 159.4, "d5": 0.434, "d6": "tick=88659 goal=0 here=0", "l": [0.34, 0.95, 0.78, 0.49, 0.35, 0.39, 0.41, 0.62, 1.08, 1.62, 0.28, 0.17, 0.15, 0.12, 0.14, 0.23]}
{"t": 175.7, "x": -5026, "y": -3137, "h": 162.0, "d5": 0.425, "d6": "tick=88664 goal=0 here=0", "l": [0.34, 0.94, 0.78, 0.47, 0.36, 0.4, 0.43, 0.63, 1.08, 1.63, 0.27, 0.2, 0.14, 0.13, 0.12, 0.23]}
{"t": 175.7, "x": -5026, "y": -3137, "h": 160.6, "d5": 0.424, "d6": "tick=88670 goal=0 here=0", "l": [0.32, 0.93, 0.78, 0.51, 0.35, 0.39, 0.42, 0.61, 1.09, 1.61, 0.27, 0.19, 0.12, 0.14, 0.13, 0.24]}
{"t": 178.0, "x": -5020, "y": -3124, "h": 293.2, "d5": 0.375, "d6": "tick=88896 goal=0 here=0", "l": [0.36, 0.45, 0.88, 1.37, 0.46, 0.3, 0.19, 0.17, 0.22, 0.26, 0.48, 1.11, 0.71, 0.41, 0.32, 0.3]}
{"t": 179.1, "x": -5026, "y": -3130, "h": 188.3, "d5": 0.389, "d6": "tick=89005 goal=0 here=0", "l": [1.08, 0.61, 0.44, 0.33, 0.29, 0.4, 0.49, 0.96, 1.43, 0.39, 0.29, 0.2, 0.19, 0.23, 0.28, 1.65]}
{"t": 179.3, "x": -5033, "y": -3220, "h": 184.8, "d5": 0.398, "d6": "tick=89028 goal=0 here=0", "l": [1.01, 0.6, 0.37, 0.33, 0.3, 0.32, 0.48, 0.94, 1.44, 0.4, 0.28, 0.2, 0.21, 0.22, 0.34, 1.6]}
{"t": 179.5, "x": -5047, "y": -3324, "h": 187.3, "d5": 0.42, "d6": "tick=89051 goal=0 here=0", "l": [0.97, 0.6, 0.34, 0.34, 0.32, 0.3, 0.5, 0.94, 1.49, 0.43, 0.26, 0.21, 0.21, 0.21, 0.35, 1.58]}
{"t": 179.8, "x": -5051, "y": -3441, "h": 182.0, "d5": 0.411, "d6": "tick=89079 goal=0 here=0", "l": [0.93, 0.71, 0.43, 0.32, 0.31, 0.33, 0.54, 0.77, 1.55, 0.46, 0.27, 0.22, 0.2, 0.22, 0.33, 1.55]}
{"t": 180.0, "x": -5048, "y": -3558, "h": 178.7, "d5": 0.425, "d6": "tick=89101 goal=0 here=0", "l": [0.88, 0.72, 0.44, 0.27, 0.33, 0.35, 0.39, 0.76, 1.58, 0.53, 0.29, 0.23, 0.19, 0.25, 0.29, 1.49]}
{"t": 180.3, "x": -5054, "y": -3659, "h": 183.5, "d5": 0.44, "d6": "tick=89124 goal=0 here=0", "l": [0.85, 0.66, 0.38, 0.27, 0.3, 0.34, 0.41, 0.77, 1.68, 0.57, 0.3, -1.0, 0.2, 0.27, 0.27, 1.45]}
{"t": 180.5, "x": -5062, "y": -3764, "h": 184.3, "d5": 0.448, "d6": "tick=89147 goal=0 here=0", "l": [0.81, 0.82, 0.39, 0.34, 0.25, 0.34, 0.42, 0.71, 1.75, 0.6, 0.31, 0.23, 0.23, 0.23, 0.25, 1.4]}
{"t": 180.7, "x": -5059, "y": -3869, "h": 178.0, "d5": 0.475, "d6": "tick=89170 goal=0 here=0", "l": [0.79, 0.78, 0.38, 0.33, 0.26, 0.33, 0.42, 0.73, 1.84, 0.64, 0.32, 0.23, 0.24, 0.19, 0.25, 1.35]}
{"t": 181.0, "x": -5060, "y": -3974, "h": 180.9, "d5": 0.465, "d6": "tick=89192 goal=0 here=0", "l": [0.72, 0.75, 0.46, 0.3, 0.33, 0.27, 0.41, 0.77, 1.89, 0.68, 0.28, 0.25, 0.23, 0.18, 0.26, 1.31]}
{"t": 181.2, "x": -5048, "y": -4078, "h": 173.3, "d5": 0.477, "d6": "tick=89215 goal=0 here=0", "l": [0.67, 0.71, 0.46, 0.3, 0.33, 0.28, 0.43, 0.6, 1.92, 0.73, 0.31, 0.28, 0.17, 0.21, 0.89, 1.26]}
{"t": 181.4, "x": -5042, "y": -4178, "h": 176.6, "d5": 0.491, "d6": "tick=89238 goal=0 here=0", "l": [0.63, 0.64, 0.44, 0.31, 0.29, 0.33, 0.45, 0.64, 1.99, 0.58, 0.32, 0.22, 0.16, 0.19, 1.56, 1.21]}
{"t": 181.6, "x": -5032, "y": -4283, "h": 174.8, "d5": 0.499, "d6": "tick=89261 goal=0 here=0", "l": [0.58, 0.61, 0.41, 0.35, 0.28, 0.34, 0.35, 0.68, 2.04, 0.58, 0.33, 0.18, 0.18, 0.69, 1.55, 1.12]}
{"t": 182.3, "x": -5028, "y": -4300, "h": 135.3, "d5": 0.52, "d6": "tick=89323 goal=0 here=0", "l": [1.43, 1.07, 0.53, 0.61, 0.37, 0.35, 0.25, 0.35, 0.36, 0.72, 1.98, 0.53, 0.33, 0.17, 0.17, 0.7]}
{"t": 182.5, "x": -4961, "y": -4362, "h": 132.5, "d5": 0.511, "d6": "tick=89346 goal=0 here=0", "l": [1.48, 1.06, 0.53, 0.53, 0.43, 0.39, 0.31, 0.37, 0.38, 0.96, 2.01, 0.38, 0.19, 0.14, 0.34, 0.64]}
{"t": 182.7, "x": -4883, "y": -4433, "h": 132.7, "d5": 0.519, "d6": "tick=89369 goal=0 here=0", "l": [1.44, 1.03, 0.46, 0.43, 0.58, 0.39, 0.35, 0.38, -1.0, 1.01, 2.06, 0.4, 0.15, 0.13, 0.6, 0.61]}
{"t": 183.0, "x": -4795, "y": -4508, "h": 130.2, "d5": 0.508, "d6": "tick=89397 goal=0 here=0", "l": [1.41, 1.02, 0.41, 0.44, 0.57, 0.45, 0.44, 0.41, 0.5, 1.07, 2.1, 0.17, 0.14, 0.25, 0.56, 0.55]}
{"t": 183.2, "x": -4706, "y": -4583, "h": 130.0, "d5": 0.516, "d6": "tick=89419 goal=0 here=0", "l": [1.32, -1.0, 0.88, 0.44, 0.46, 0.5, 0.5, 0.48, 0.58, 1.12, 2.17, 0.15, 0.23, 0.26, 0.54, 0.51]}
{"t": 183.5, "x": -4622, "y": -4640, "h": 124.3, "d5": 0.521, "d6": "tick=89442 goal=0 here=0", "l": [1.22, 0.94, 0.84, 0.33, 0.4, 0.62, 0.51, 0.48, 0.61, 0.95, 2.23, 0.18, 0.22, 0.24, 0.47, 0.45]}
{"t": 183.7, "x": -4533, "y": -4699, "h": 123.5, "d5": 0.513, "d6": "tick=89465 goal=0 here=0", "l": [0.52, 1.0, 0.77, 0.83, 0.42, 0.58, 0.52, 0.57, 0.66, 0.98, 0.2, 0.23, 0.24, 0.42, 0.47, 0.39]}
{"t": 184.2, "x": -4524, "y": -4703, "h": 166.2, "d5": 0.521, "d6": "tick=89521 goal=0 here=0", "l": [0.85, 0.83, 0.34, 0.41, 0.54, 0.58, 0.64, 0.88, 0.2, 0.25, 0.24, 0.4, 0.46, 0.41, 0.48, 1.03]}
{"t": 184.5, "x": -4493, "y": -4790, "h": 160.3, "d5": 0.505, "d6": "tick=89544 goal=0 here=0", "l": [0.82, 0.77, 0.29, 0.4, 0.62, 0.58, 0.63, 0.91, 0.26, 0.29, 0.26, 0.41, 0.46, 0.38, 0.46, 0.97]}
{"t": 184.7, "x": -4455, "y": -4888, "h": 158.7, "d5": 0.52, "d6": "tick=89567 goal=0 here=0", "l": [0.77, 0.72, 0.77, 0.37, 0.65, 0.59, 0.61, 0.93, 1.78, -1.0, 0.29, 0.47, 0.46, 0.39, 0.94, 0.96]}
{"t": 184.9, "x": -4419, "y": -4987, "h": 160.1, "d5": 0.54, "d6": "tick=89590 goal=0 here=0", "l": [0.7, 0.71, 0.73, 0.21, 0.37, 0.57, 0.64, 0.98, 0.38, 0.39, 0.39, 0.49, 0.37, 0.41, 0.92, 0.88]}
{"t": 185.2, "x": -4385, "y": -5086, "h": 161.0, "d5": 0.551, "d6": "tick=89612 goal=0 here=0", "l": [0.64, 0.65, 0.7, 0.88, 0.36, 0.58, 0.69, 1.02, 0.42, 0.4, 0.5, 0.49, 0.36, 0.37, 0.93, 0.8]}
{"t": 185.4, "x": -4360, "y": -5185, "h": 165.7, "d5": 0.544, "d6": "tick=89635 goal=0 here=0", "l": [0.57, 0.59, 0.66, 0.89, 0.19, 0.63, -1.0, 1.07, 0.47, 0.43, 0.55, 0.49, 0.38, 0.84, 0.98, 0.73]}
{"t": 185.9, "x": -4354, "y": -5199, "h": 130.7, "d5": 0.549, "d6": "tick=89689 goal=0 here=0", "l": [0.85, 0.59, 0.55, 0.58, 0.67, 0.72, 0.38, 0.64, 0.79, 1.28, 0.49, 0.48, 0.53, 0.35, 0.35, 0.86]}
{"t": 186.2, "x": -4280, "y": -5253, "h": 126.4, "d5": 0.514, "d6": "tick=89712 goal=0 here=0", "l": [0.9, 0.57, 0.47, 0.55, 0.66, 0.78, 0.28, 0.68, 0.83, 1.31, 0.5, 0.56, 0.51, 0.34, 0.31, 0.82]}
{"t": 186.4, "x": -4197, "y": -5317, "h": 127.4, "d5": 0.528, "d6": "tick=89735 goal=0 here=0", "l": [0.89, 0.54, 0.48, 0.53, 0.66, 0.9, 0.71, 0.7, 0.86, 1.36, 0.54, 0.58, 0.49, 0.33, 0.26, 0.74]}
{"t": 186.7, "x": -4114, "y": -5381, "h": 127.4, "d5": 0.52, "d6": "tick=89762 goal=0 here=0", "l": [0.86, 0.54, 0.47, 0.49, 0.6, 0.86, 0.81, 0.76, 0.92, 1.4, 0.55, 0.59, 0.33, 0.28, 1.31, 0.69]}
{"t": 186.9, "x": -4004, "y": -5443, "h": 119.6, "d5": 0.504, "d6": "tick=89785 goal=0 here=0", "l": [0.8, 0.52, 0.42, 0.4, 0.52, 0.7, 0.89, 0.39, 0.94, 1.45, 0.55, 0.6, 0.3, 0.19, 1.24, 0.62]}
{"t": 187.1, "x": -3917, "y": -5497, "h": 121.9, "d5": 0.493, "d6": "tick=89808 goal=0 here=0", "l": [0.75, 0.49, 0.37, 0.37, 0.51, 0.69, 0.9, 0.49, 1.0, 1.5, 0.59, 0.64, 0.28, 1.33, 1.18, 0.59]}
{"t": 188.3, "x": -3859, "y": -5534, "h": 226.3, "d5": 0.499, "d6": "tick=89925 goal=0 here=0", "l": [0.6, 0.98, 0.9, 0.98, 1.39, 0.66, 0.64, 0.28, 1.51, 1.16, 0.59, 0.68, 0.49, 0.37, 0.38, 0.38]}
{"t": 188.8, "x": -3856, "y": -5533, "h": 263.0, "d5": 0.49, "d6": "tick=89979 goal=0 here=0", "l": [0.97, 0.9, 1.14, 0.72, 0.66, 0.32, 0.76, 1.26, -1.0, 0.54, 0.65, 0.43, 0.37, 0.4, 0.51, 0.73]}
{"t": 189.0, "x": -3947, "y": -5546, "h": 262.0, "d5": 0.499, "d6": "tick=90001 goal=0 here=0", "l": [0.91, 0.45, 1.03, 1.76, 0.64, 0.36, 0.23, 1.35, 0.65, 0.62, 0.59, 0.43, 0.38, 0.35, 0.48, 0.69]}
{"t": 189.3, "x": -4050, "y": -5559, "h": 262.5, "d5": 0.506, "d6": "tick=90024 goal=0 here=0", "l": [0.86, 0.43, 0.99, 1.71, 0.61, 0.7, 0.34, 1.39, 0.7, 0.7, 0.56, 0.38, 0.37, 0.35, 0.47, 0.83]}
{"t": 189.6, "x": -4151, "y": -5570, "h": 264.1, "d5": 0.511, "d6": "tick=90056 goal=0 here=0", "l": [0.82, 0.37, 0.93, 1.7, 0.62, 0.7, 0.38, 1.41, 0.75, 0.8, 0.57, 0.39, 0.34, 0.42, 0.5, 0.78]}
{"t": 190.2, "x": -4206, "y": -5582, "h": 243.0, "d5": 0.508, "d6": "tick=90112 goal=0 here=0", "l": [0.76, 0.78, 0.35, 0.92, 1.69, 0.62, 0.7, 0.41, 1.42, 0.79, 0.84, 0.55, 0.39, 0.33, 0.41, 0.54]}
{"t": 190.4, "x": -4287, "y": -5623, "h": 243.1, "d5": 0.518, "d6": "tick=90140 goal=0 here=0", "l": [0.71, 0.72, -1.0, 0.27, 1.42, 0.71, 0.76, 0.47, 1.54, 0.83, 0.88, -1.0, 0.37, 0.29, 0.38, 0.48]}
{"t": 190.7, "x": -4398, "y": -5690, "h": 238.7, "d5": 0.548, "d6": "tick=90163 goal=0 here=0", "l": [0.65, 0.63, 0.64, 0.28, 1.11, 0.7, 0.73, 0.53, 1.6, -1.0, 0.92, 0.49, 0.33, 0.31, 0.34, -1.0]}
{"t": 190.9, "x": -4487, "y": -5746, "h": 238.0, "d5": 0.551, "d6": "tick=90186 goal=0 here=0", "l": [0.58, 0.58, 0.58, 0.34, 0.27, 2.79, 0.71, 0.76, 0.5, 0.93, 0.95, 0.47, 0.27, 0.31, 0.29, 0.39]}
{"t": 191.2, "x": -4498, "y": -5753, "h": 249.5, "d5": 0.56, "d6": "tick=90220 goal=0 here=0", "l": [0.62, 0.6, 0.45, 0.27, 1.95, 0.74, 0.86, 0.56, 1.52, 0.89, 0.53, 0.32, 0.3, 0.28, 0.35, 0.4]}
{"t": 191.3, "x": -4498, "y": -5753, "h": 253.7, "d5": 0.55, "d6": "tick=90225 goal=0 here=0", "l": [0.62, 0.61, 0.46, 0.28, 1.96, 0.74, 0.87, 0.57, 1.52, 0.9, 0.52, 0.32, 0.29, 0.3, 0.34, 0.38]}
{"t": 191.6, "x": -4498, "y": -5753, "h": 238.2, "d5": 0.548, "d6": "tick=90258 goal=0 here=0", "l": [0.57, 0.56, 0.59, 0.3, 0.25, 2.81, 0.71, 0.62, 1.67, 0.93, 0.95, 0.43, 0.28, 0.31, 0.3, 0.38]}
{"t": 192.0, "x": -4497, "y": -5752, "h": 254.6, "d5": 0.565, "d6": "tick=90295 goal=0 here=0", "l": [0.62, 0.58, 0.47, 0.26, 2.18, 0.73, 0.84, 0.56, 1.52, 0.91, 0.51, 0.32, 0.3, 0.3, 0.36, 0.41]}
{"t": 192.3, "x": -4596, "y": -5769, "h": 260.6, "d5": 0.565, "d6": "tick=90323 goal=0 here=0", "l": [0.55, 0.55, 0.43, 0.26, 0.26, 0.79, 0.89, 0.62, 1.55, 1.01, 0.48, 0.3, 0.31, 0.28, 0.35, 0.53]}
{"t": 192.5, "x": -4710, "y": -5799, "h": 254.9, "d5": 0.592, "d6": "tick=90351 goal=0 here=0", "l": [0.5, 0.49, 0.49, 0.38, 0.26, 0.77, 0.89, 0.7, 1.63, 1.06, 0.5, 0.32, 0.27, 0.28, 0.31, 0.44]}
{"t": 192.8, "x": -4856, "y": -5838, "h": 255.3, "d5": 0.605, "d6": "tick=90378 goal=0 here=0", "l": [0.43, 0.46, 0.44, 0.35, 0.23, 0.27, 0.94, 0.74, 1.72, 1.13, 0.38, 0.34, 0.24, 0.27, 0.25, 0.42]}
{"t": 193.0, "x": -4953, "y": -5865, "h": 254.4, "d5": 0.612, "d6": "tick=90401 goal=0 here=0", "l": [0.39, 0.41, 0.35, 0.33, 0.36, 0.24, 0.87, 0.81, 1.74, 1.17, 0.42, 0.3, 0.26, 0.24, 0.19, 0.35]}
{"t": 193.1, "x": -4967, "y": -5869, "h": 252.3, "d5": 0.626, "d6": "tick=90411 goal=0 here=0", "l": [0.38, 0.38, 0.36, 0.34, 0.35, 0.26, 0.88, 0.8, 1.76, 1.17, 0.41, 0.28, 0.26, 0.23, 0.18, 0.34]}
{"t": 193.2, "x": -4966, "y": -5869, "h": 249.8, "d5": 0.625, "d6": "tick=90416 goal=0 here=0", "l": [0.38, 0.39, 0.35, 0.33, 0.37, 0.26, 0.86, 0.81, 1.72, 1.19, 0.42, 0.28, -1.0, 0.23, 0.21, 0.34]}
{"t": 193.2, "x": -4966, "y": -5869, "h": 251.7, "d5": 0.63, "d6": "tick=90421 goal=0 here=0", "l": [0.38, 0.38, 0.36, 0.32, 0.34, 0.24, 0.85, 0.81, 1.74, 1.17, 0.4, 0.3, 0.25, 0.24, -1.0, 0.35]}
{"t": 195.1, "x": -4961, "y": -5870, "h": 174.6, "d5": 0.591, "d6": "tick=90604 goal=0 here=0", "l": [0.28, 0.29, 0.34, 0.58, 0.56, 0.56, 0.43, 0.27, 0.8, 0.78, 0.62, 1.61, 0.94, 0.74, 0.42, 0.29]}
{"t": 196.0, "x": -4957, "y": -5866, "h": 262.2, "d5": 0.599, "d6": "tick=90696 goal=0 here=0", "l": [0.53, 0.52, 0.42, 0.26, 2.79, 0.73, 0.78, 0.52, 0.97, 0.99, 0.45, 0.29, 0.31, 0.29, 0.37, 0.54]}
{"t": 196.2, "x": -5047, "y": -5881, "h": 260.5, "d5": 0.605, "d6": "tick=90719 goal=0 here=0", "l": [0.49, 0.48, 0.42, 0.23, 0.23, 0.76, 0.83, 0.58, 1.03, 1.03, 0.47, 0.3, 0.28, 0.3, 0.32, 0.52]}
{"t": 196.4, "x": -5152, "y": -5896, "h": 261.9, "d5": 0.632, "d6": "tick=90741 goal=0 here=0", "l": [0.42, 0.45, 0.37, 0.26, 0.26, 0.82, 0.92, 0.63, 1.06, 1.08, 0.36, 0.34, 0.27, 0.31, 0.29, 0.48]}
{"t": 196.7, "x": -5253, "y": -5913, "h": 260.6, "d5": 0.644, "d6": "tick=90764 goal=0 here=0", "l": [0.4, 0.4, 0.34, 0.32, 0.21, 0.27, 0.97, 0.71, 1.12, 0.86, 0.36, 0.29, 0.27, 0.29, 0.28, 0.47]}
{"t": 197.1, "x": -5265, "y": -5915, "h": 245.2, "d5": 0.663, "d6": "tick=90803 goal=0 here=0", "l": [0.44, 0.45, 0.38, 0.35, 0.27, 0.23, 0.8, 0.91, 1.75, 1.05, 0.58, 0.37, 0.29, 0.29, 0.25, 0.39]}
{"t": 197.1, "x": -5266, "y": -5915, "h": 247.4, "d5": 0.651, "d6": "tick=90808 goal=0 here=0", "l": [0.47, 0.44, 0.39, 0.35, 0.29, 0.22, 0.81, 0.93, -1.0, 1.05, 0.59, -1.0, 0.28, 0.3, 0.26, 0.39]}
{"t": 197.2, "x": -5264, "y": -5915, "h": 250.8, "d5": 0.655, "d6": "tick=90813 goal=0 here=0", "l": [0.46, 0.43, 0.39, 0.32, 0.29, 0.24, 0.81, 0.91, 1.76, 1.04, -1.0, 0.37, 0.28, 0.29, 0.23, 0.41]}
{"t": 197.4, "x": -5361, "y": -5952, "h": 248.7, "d5": 0.682, "d6": "tick=90841 goal=0 here=0", "l": [0.4, 0.35, 0.38, 0.36, 0.32, 0.23, 0.31, 0.97, 1.81, 1.1, 0.6, 0.37, 0.27, 0.25, -1.0, 0.36]}
{"t": 197.9, "x": -5386, "y": -5963, "h": 227.6, "d5": 0.671, "d6": "tick=90885 goal=0 here=0", "l": [0.37, 0.34, 0.38, 0.34, 0.3, 0.34, 0.23, 0.33, 0.82, 1.77, 1.19, 0.42, 0.32, 0.26, 0.22, 0.21]}
{"t": 198.1, "x": -5384, "y": -5962, "h": 242.6, "d5": 0.675, "d6": "tick=90909 goal=0 here=0", "l": [0.41, 0.3, 0.37, 0.4, 0.3, 0.28, 0.28, 1.02, -1.0, 1.18, 0.88, 0.39, 0.29, 0.26, 0.18, 0.33]}
{"t": 198.2, "x": -5384, "y": -5962, "h": 237.1, "d5": 0.682, "d6": "tick=90914 goal=0 here=0", "l": [0.41, 0.32, 0.36, 0.4, 0.31, 0.27, 0.28, 1.02, 0.8, 1.18, 0.89, 0.39, 0.26, 0.26, 0.19, 0.33]}
{"t": 198.2, "x": -5385, "y": -5963, "h": 238.4, "d5": 0.683, "d6": "tick=90919 goal=0 here=0", "l": [0.42, 0.31, 0.4, 0.39, 0.31, 0.28, 0.27, 1.0, 0.79, 1.19, 0.89, 0.4, 0.27, 0.27, 0.21, 0.33]}
{"t": 198.3, "x": -5385, "y": -5963, "h": 237.9, "d5": 0.674, "d6": "tick=90924 goal=0 here=0", "l": [0.4, 0.3, 0.38, 0.42, 0.32, 0.29, 0.26, 1.01, 0.8, 1.19, 0.88, 0.39, 0.28, 0.26, 0.2, 0.34]}
{"t": 200.6, "x": -5377, "y": -5967, "h": 115.4, "d5": 0.622, "d6": "tick=91155 goal=0 here=0", "l": [0.73, 0.37, 0.36, 0.32, 0.37, 0.53, 0.51, 0.52, 0.38, 0.22, 0.19, 0.71, 0.83, 0.61, 1.55, 0.93]}
{"t": 201.9, "x": -5376, "y": -5958, "h": 248.4, "d5": 0.621, "d6": "tick=91287 goal=0 here=0", "l": [0.59, 0.56, 0.39, 0.21, 0.2, 0.68, 0.73, 0.73, 1.63, 0.96, 0.79, 0.46, 0.36, 0.34, 0.39, 0.39]}
{"t": 202.3, "x": -5377, "y": -5959, "h": 231.8, "d5": 0.627, "d6": "tick=91331 goal=0 here=0", "l": [0.54, 0.51, 0.49, 0.34, 0.2, 0.19, 0.71, 0.8, 0.61, 1.56, 0.93, 0.61, 0.34, 0.36, 0.34, 0.38]}
{"t": 202.8, "x": -5376, "y": -5958, "h": 246.1, "d5": 0.614, "d6": "tick=91377 goal=0 here=0", "l": [0.59, 0.55, 0.36, 0.2, 0.2, 0.74, 0.72, 0.75, 0.52, 0.98, 0.81, 0.48, 0.39, 0.33, 0.39, 0.39]}
{"t": 202.9, "x": -5375, "y": -5958, "h": 244.3, "d5": 0.625, "d6": "tick=91382 goal=0 here=0", "l": [0.6, 0.56, 0.38, 0.19, 0.19, 0.74, 0.69, 0.76, 0.52, 0.98, 0.82, 0.46, 0.38, 0.32, 0.39, 0.4]}
{"t": 203.1, "x": -5461, "y": -5992, "h": 248.0, "d5": 0.63, "d6": "tick=91405 goal=0 here=0", "l": [0.57, 0.52, 0.48, 0.34, 0.19, 0.21, 0.73, 0.82, 0.58, 1.02, 0.83, 0.37, 0.36, 0.33, 0.36, 0.44]}
{"t": 203.3, "x": -5555, "y": -6039, "h": 243.9, "d5": 0.648, "d6": "tick=91428 goal=0 here=0", "l": [0.5, 0.47, 0.42, 0.33, 0.19, 0.2, 0.76, 0.87, 0.65, 1.05, 0.82, 0.38, 0.34, 0.3, 0.31, 0.43]}
{"t": 203.5, "x": -5653, "y": -6081, "h": 246.5, "d5": 0.653, "d6": "tick=91451 goal=0 here=0", "l": [0.45, 0.39, 0.38, 0.31, 0.33, 0.21, 0.25, 0.94, 0.7, 1.11, 0.83, 0.4, 0.3, -1.0, 0.26, 0.39]}
{"t": 203.6, "x": -5664, "y": -6088, "h": 238.9, "d5": 0.668, "d6": "tick=91456 goal=0 here=0", "l": [0.46, 0.38, 0.35, 0.35, 0.32, 0.19, 0.27, 0.96, 0.71, 1.14, 0.85, -1.0, 0.29, 0.3, 0.24, 0.37]}
{"t": 203.6, "x": -5664, "y": -6088, "h": 242.7, "d5": 0.671, "d6": "tick=91461 goal=0 here=0", "l": [0.45, 0.38, 0.37, 0.32, 0.32, 0.21, 0.27, 0.95, 0.71, 1.12, 0.84, 0.38, 0.29, 0.27, 0.25, 0.38]}
{"t": 203.7, "x": -5665, "y": -6088, "h": 244.4, "d5": 0.664, "d6": "tick=91466 goal=0 here=0", "l": [0.46, 0.4, 0.38, 0.33, 0.34, 0.2, 0.28, 0.97, 0.7, 1.12, 0.83, 0.4, 0.29, 0.28, 0.23, 0.4]}
{"t": 203.8, "x": -5664, "y": -6088, "h": 243.8, "d5": 0.651, "d6": "tick=91476 goal=0 here=0", "l": [0.45, 0.39, 0.35, 0.32, 0.32, 0.2, 0.28, 0.95, 0.7, 1.12, 0.84, 0.4, 0.3, 0.27, 0.23, 0.37]}
{"t": 203.8, "x": -5664, "y": -6088, "h": 243.5, "d5": 0.666, "d6": "tick=91479 goal=0 here=0", "l": [0.45, 0.38, 0.38, 0.33, 0.33, 0.2, 0.28, 0.96, 0.72, 1.15, 0.83, 0.4, 0.31, 0.28, 0.24, 0.39]}
{"t": 203.9, "x": -5664, "y": -6088, "h": 241.5, "d5": 0.66, "d6": "tick=91484 goal=0 here=0", "l": [0.46, 0.39, 0.37, 0.3, 0.34, 0.21, 0.26, 0.94, 0.7, 1.12, 0.85, 0.39, 0.29, 0.29, 0.25, 0.42]}
{"t": 203.9, "x": -5665, "y": -6088, "h": 246.0, "d5": 0.659, "d6": "tick=91489 goal=0 here=0", "l": [0.46, 0.39, 0.38, 0.33, 0.32, 0.2, 0.27, 0.95, 0.71, 1.13, 0.84, 0.4, 0.32, 0.29, 0.24, 0.4]}
{"t": 204.0, "x": -5664, "y": -6088, "h": 243.1, "d5": 0.678, "d6": "tick=91494 goal=0 here=0", "l": [0.46, 0.39, 0.37, 0.33, 0.32, 0.21, 0.28, 0.95, 0.71, 1.13, 0.85, 0.4, 0.31, 0.28, 0.23, 0.37]}
{"t": 204.0, "x": -5663, "y": -6088, "h": 246.2, "d5": 0.665, "d6": "tick=91500 goal=0 here=0", "l": [0.45, 0.39, 0.35, 0.31, 0.33, 0.2, 0.29, 0.94, 0.72, 1.13, 0.84, 0.4, 0.3, 0.28, 0.24, 0.37]}
{"t": 204.2, "x": -5664, "y": -6088, "h": 244.3, "d5": 0.663, "d6": "tick=91514 goal=0 here=0", "l": [0.46, -1.0, 0.35, 0.34, 0.32, 0.21, 0.26, 0.96, 0.71, 1.11, 0.84, -1.0, 0.3, 0.28, 0.24, 0.38]}
{"t": 204.2, "x": -5664, "y": -6088, "h": 242.0, "d5": 0.673, "d6": "tick=91519 goal=0 here=0", "l": [0.46, 0.39, 0.39, 0.32, 0.33, 0.2, 0.26, 0.95, 0.69, 1.12, 0.85, 0.4, 0.28, 0.28, 0.23, 0.38]}
{"t": 204.3, "x": -5664, "y": -6088, "h": 244.5, "d5": 0.652, "d6": "tick=91524 goal=0 here=0", "l": [0.44, 0.38, 0.37, 0.34, 0.32, 0.2, 0.26, 0.96, 0.72, 1.13, 0.84, 0.4, 0.31, 0.28, 0.26, 0.39]}
{"t": 204.3, "x": -5664, "y": -6088, "h": 237.2, "d5": 0.67, "d6": "tick=91530 goal=0 here=0", "l": [0.46, 0.38, 0.36, 0.31, 0.32, 0.21, 0.26, 0.95, 0.74, 1.11, 0.84, 0.41, 0.32, 0.29, 0.24, 0.38]}
{"t": 204.4, "x": -5664, "y": -6088, "h": 241.2, "d5": 0.673, "d6": "tick=91535 goal=0 here=0", "l": [0.45, 0.38, 0.37, 0.29, 0.33, 0.2, 0.28, 0.96, 0.72, 1.12, 0.84, 0.38, 0.29, 0.29, 0.23, 0.4]}
{"t": 204.4, "x": -5664, "y": -6088, "h": 245.1, "d5": 0.644, "d6": "tick=91540 goal=0 here=0", "l": [0.46, 0.37, 0.36, 0.33, 0.33, 0.21, 0.28, 0.95, 0.73, 1.12, 0.86, 0.39, 0.3, 0.29, 0.24, 0.39]}
{"t": 204.5, "x": -5664, "y": -6088, "h": 242.4, "d5": 0.657, "d6": "tick=91545 goal=0 here=0", "l": [0.45, 0.37, 0.36, 0.32, 0.33, 0.21, 0.26, 0.95, 0.71, 1.13, 0.84, 0.39, 0.29, 0.29, 0.25, 0.37]}
{"t": 204.5, "x": -5664, "y": -6088, "h": 240.4, "d5": 0.664, "d6": "tick=91550 goal=0 here=0", "l": [0.45, 0.4, 0.38, 0.33, 0.32, 0.21, 0.27, 0.95, 0.73, 1.12, 0.83, 0.4, 0.3, 0.29, 0.24, -1.0]}
{"t": 204.6, "x": -5664, "y": -6088, "h": 244.8, "d5": 0.677, "d6": "tick=91555 goal=0 here=0", "l": [0.46, 0.37, 0.34, 0.32, 0.32, 0.19, 0.29, 0.95, 0.72, 1.1, 0.83, 0.39, 0.29, 0.3, 0.25, 0.38]}
{"t": 204.6, "x": -5665, "y": -6088, "h": 246.8, "d5": 0.673, "d6": "tick=91560 goal=0 here=0", "l": [0.43, 0.39, 0.38, 0.32, 0.32, 0.2, 0.26, 0.96, 0.71, 1.13, 0.85, 0.41, 0.29, 0.29, 0.26, -1.0]}
{"t": 204.7, "x": -5663, "y": -6087, "h": 241.2, "d5": 0.664, "d6": "tick=91571 goal=0 here=0", "l": [0.45, 0.39, 0.37, 0.32, 0.33, 0.21, 0.29, 0.96, 0.71, 1.12, 0.84, 0.39, 0.28, 0.31, 0.24, 0.38]}
{"t": 204.8, "x": -5663, "y": -6087, "h": 240.8, "d5": 0.666, "d6": "tick=91575 goal=0 here=0", "l": [0.43, 0.38, 0.38, 0.32, 0.31, 0.2, 0.27, 0.97, 0.71, 1.11, 0.83, 0.39, 0.3, 0.28, 0.23, 0.39]}
{"t": 204.8, "x": -5663, "y": -6087, "h": 243.7, "d5": 0.668, "d6": "tick=91580 goal=0 here=0", "l": [0.46, 0.39, 0.37, 0.34, 0.33, 0.22, 0.27, 0.95, 0.7, 1.13, 0.83, 0.41, 0.32, 0.27, 0.26, 0.4]}
{"t": 204.9, "x": -5664, "y": -6088, "h": 240.2, "d5": 0.662, "d6": "tick=91585 goal=0 here=0", "l": [0.46, 0.39, 0.38, 0.33, 0.31, 0.21, 0.3, 0.96, 0.72, 1.12, 0.85, 0.41, 0.28, 0.29, 0.25, 0.38]}
{"t": 204.9, "x": -5663, "y": -6088, "h": 245.7, "d5": 0.672, "d6": "tick=91590 goal=0 here=0", "l": [0.46, 0.39, 0.38, 0.31, 0.34, 0.21, 0.27, 0.96, 0.73, 1.12, 0.85, 0.39, 0.29, 0.29, 0.25, 0.41]}
{"t": 205.0, "x": -5664, "y": -6088, "h": 243.1, "d5": 0.655, "d6": "tick=91598 goal=0 here=0", "l": [0.45, 0.38, 0.36, 0.32, 0.33, 0.22, 0.29, 0.95, 0.71, -1.0, 0.85, 0.38, 0.32, 0.3, 0.26, 0.39]}
{"t": 205.1, "x": -5663, "y": -6088, "h": 241.3, "d5": 0.665, "d6": "tick=91603 goal=0 here=0", "l": [0.45, 0.4, 0.37, 0.31, 0.33, 0.21, 0.28, 0.96, 0.71, 1.09, 0.85, 0.39, 0.3, 0.29, 0.27, 0.39]}
{"t": 205.1, "x": -5664, "y": -6088, "h": 240.7, "d5": 0.667, "d6": "tick=91608 goal=0 here=0", "l": [0.46, 0.4, 0.37, 0.31, 0.31, 0.21, 0.26, 0.96, 0.73, -1.0, 0.84, 0.38, 0.3, 0.28, 0.24, 0.38]}
{"t": 205.2, "x": -5664, "y": -6088, "h": 245.0, "d5": 0.677, "d6": "tick=91613 goal=0 here=0", "l": [0.47, 0.38, 0.38, 0.34, 0.31, 0.22, 0.27, 0.95, 0.73, 1.12, 0.83, 0.39, 0.3, 0.28, 0.24, 0.39]}
{"t": 205.2, "x": -5664, "y": -6088, "h": 243.5, "d5": 0.673, "d6": "tick=91618 goal=0 here=0", "l": [0.47, 0.37, 0.36, 0.32, 0.33, 0.21, 0.27, 0.94, 0.71, 1.12, 0.84, 0.38, 0.27, 0.29, 0.22, 0.39]}
{"t": 205.3, "x": -5663, "y": -6088, "h": 243.9, "d5": 0.675, "d6": "tick=91623 goal=0 here=0", "l": [0.45, 0.39, 0.37, 0.32, 0.32, 0.21, 0.27, 0.97, 0.7, 1.12, 0.83, 0.41, 0.29, 0.3, 0.25, 0.4]}
{"t": 205.3, "x": -5664, "y": -6088, "h": 247.0, "d5": 0.665, "d6": "tick=91628 goal=0 here=0", "l": [0.45, 0.38, 0.36, 0.32, 0.32, 0.19, 0.28, 0.95, 0.73, 1.13, 0.82, 0.4, 0.29, 0.29, 0.23, 0.38]}
{"t": 205.4, "x": -5665, "y": -6088, "h": 247.7, "d5": 0.659, "d6": "tick=91633 goal=0 here=0", "l": [0.45, 0.39, 0.35, 0.32, 0.34, 0.2, 0.28, 0.96, 0.74, 1.13, 0.85, 0.39, 0.28, 0.28, 0.25, 0.38]}
{"t": 205.4, "x": -5665, "y": -6088, "h": 240.9, "d5": 0.667, "d6": "tick=91638 goal=0 here=0", "l": [0.46, 0.39, 0.38, 0.31, 0.32, 0.22, 0.28, 0.96, 0.7, 1.12, 0.83, 0.38, 0.3, 0.28, 0.25, 0.38]}
{"t": 205.5, "x": -5663, "y": -6088, "h": 243.9, "d5": 0.659, "d6": "tick=91646 goal=0 here=0", "l": [0.46, 0.36, 0.37, 0.34, 0.31, 0.2, 0.29, 0.98, 0.73, 1.13, 0.84, 0.4, 0.3, 0.3, 0.25, 0.38]}
{"t": 205.5, "x": -5664, "y": -6088, "h": 244.6, "d5": 0.66, "d6": "tick=91651 goal=0 here=0", "l": [0.44, 0.37, 0.37, 0.31, 0.34, 0.19, 0.29, 0.96, 0.72, 1.15, 0.83, 0.39, 0.29, 0.29, 0.25, 0.37]}
{"t": 205.6, "x": -5664, "y": -6088, "h": 245.0, "d5": 0.658, "d6": "tick=91656 goal=0 here=0", "l": [0.44, 0.38, 0.38, 0.33, 0.33, 0.21, 0.27, 0.96, 0.72, 1.14, 0.85, 0.39, 0.28, 0.28, 0.24, 0.4]}
{"t": 205.7, "x": -5663, "y": -6088, "h": 240.6, "d5": 0.652, "d6": "tick=91666 goal=0 here=0", "l": [-1.0, 0.38, 0.37, 0.32, 0.32, 0.2, 0.26, 0.96, 0.71, 1.11, 0.83, 0.39, 0.29, 0.28, 0.23, 0.39]}
{"t": 205.8, "x": -5664, "y": -6088, "h": 240.9, "d5": 0.665, "d6": "tick=91676 goal=0 here=0", "l": [0.47, 0.38, 0.36, 0.31, 0.32, 0.2, 0.29, 0.94, 0.7, 1.12, 0.84, 0.4, 0.28, 0.3, 0.24, 0.38]}
{"t": 205.8, "x": -5665, "y": -6088, "h": 245.8, "d5": 0.664, "d6": "tick=91681 goal=0 here=0", "l": [0.45, 0.39, 0.37, 0.32, -1.0, 0.22, 0.28, 0.95, -1.0, 1.12, 0.84, 0.4, 0.29, 0.3, 0.24, 0.41]}
{"t": 205.9, "x": -5665, "y": -6088, "h": 246.8, "d5": 0.657, "d6": "tick=91686 goal=0 here=0", "l": [0.46, 0.39, 0.35, 0.31, 0.33, 0.22, 0.26, 0.94, 0.69, 1.12, 0.87, 0.42, 0.29, 0.29, 0.24, 0.37]}
{"t": 205.9, "x": -5665, "y": -6088, "h": 242.5, "d5": 0.67, "d6": "tick=91691 goal=0 here=0", "l": [0.46, 0.39, 0.37, 0.31, 0.33, 0.21, 0.28, 0.95, 0.72, 1.12, 0.84, 0.4, 0.28, 0.28, 0.24, 0.39]}
{"t": 206.0, "x": -5664, "y": -6088, "h": 246.0, "d5": 0.662, "d6": "tick=91696 goal=0 here=0", "l": [0.45, 0.37, 0.38, 0.3, 0.32, 0.2, 0.29, 0.97, 0.71, 1.12, 0.84, 0.4, 0.3, 0.29, 0.23, 0.38]}
{"t": 206.0, "x": -5664, "y": -6088, "h": 242.2, "d5": 0.655, "d6": "tick=91701 goal=0 here=0", "l": [0.45, 0.4, 0.35, 0.32, 0.32, 0.21, 0.27, 0.94, 0.72, 1.11, 0.84, 0.38, 0.3, 0.29, 0.24, 0.38]}
{"t": 206.1, "x": -5665, "y": -6088, "h": 242.8, "d5": 0.66, "d6": "tick=91706 goal=0 here=0", "l": [0.45, 0.37, 0.36, 0.32, 0.33, 0.21, 0.27, 0.97, 0.72, 1.13, 0.84, 0.41, 0.28, 0.29, 0.25, 0.37]}
{"t": 206.1, "x": -5663, "y": -6088, "h": 240.9, "d5": 0.66, "d6": "tick=91711 goal=0 here=0", "l": [0.46, 0.38, 0.39, 0.32, 0.33, 0.21, 0.28, 0.96, 0.73, 1.11, 0.84, 0.39, 0.29, 0.3, 0.23, 0.37]}
{"t": 206.2, "x": -5663, "y": -6088, "h": 245.7, "d5": 0.662, "d6": "tick=91716 goal=0 here=0", "l": [0.47, 0.38, 0.36, 0.33, 0.33, 0.21, 0.25, 0.97, 0.73, 1.12, 0.85, 0.4, 0.3, 0.28, 0.25, 0.39]}
{"t": 206.2, "x": -5663, "y": -6088, "h": 240.5, "d5": 0.656, "d6": "tick=91721 goal=0 here=0", "l": [0.45, 0.37, 0.37, 0.33, 0.31, 0.19, 0.28, 0.96, 0.72, 1.12, 0.83, 0.4, 0.29, 0.31, 0.25, 0.38]}
{"t": 206.4, "x": -5663, "y": -6088, "h": 242.7, "d5": 0.657, "d6": "tick=91734 goal=0 here=0", "l": [0.47, 0.39, 0.38, 0.32, 0.33, 0.21, 0.28, 0.96, 0.72, 1.13, 0.85, 0.38, -1.0, 0.3, 0.25, 0.38]}
{"t": 206.4, "x": -5664, "y": -6088, "h": 239.2, "d5": 0.658, "d6": "tick=91737 goal=0 here=0", "l": [0.46, 0.38, 0.39, 0.31, 0.32, 0.21, 0.28, 0.94, 0.72, 1.11, 0.85, 0.41, 0.3, 0.27, 0.25, 0.39]}
{"t": 206.5, "x": -5663, "y": -6088, "h": 242.2, "d5": 0.667, "d6": "tick=91743 goal=0 here=0", "l": [0.46, 0.36, 0.37, 0.31, 0.32, 0.21, -1.0, 0.94, 0.71, 1.14, 0.83, 0.4, 0.28, 0.27, 0.26, 0.39]}
{"t": 206.5, "x": -5665, "y": -6088, "h": 244.2, "d5": 0.666, "d6": "tick=91748 goal=0 here=0", "l": [0.43, 0.39, 0.36, 0.33, 0.34, 0.2, 0.26, 0.95, 0.71, 1.12, 0.85, 0.4, 0.29, 0.28, 0.24, 0.38]}
{"t": 206.6, "x": -5664, "y": -6088, "h": 243.4, "d5": 0.681, "d6": "tick=91758 goal=0 here=0", "l": [0.45, 0.38, 0.38, 0.31, 0.33, 0.19, 0.27, 0.93, 0.72, 1.1, 0.83, 0.4, 0.29, 0.31, 0.24, 0.38]}
{"t": 206.7, "x": -5664, "y": -6088, "h": 248.4, "d5": 0.664, "d6": "tick=91763 goal=0 here=0", "l": [0.45, 0.39, 0.38, 0.33, 0.32, 0.2, 0.28, 0.95, -1.0, 1.12, 0.84, 0.41, 0.29, 0.28, 0.22, 0.39]}
{"t": 206.7, "x": -5663, "y": -6088, "h": 244.6, "d5": 0.662, "d6": "tick=91768 goal=0 here=0", "l": [0.43, 0.4, 0.37, 0.31, 0.33, 0.2, 0.27, 0.95, 0.73, 1.13, 0.85, 0.39, 0.3, 0.29, 0.25, 0.38]}
{"t": 206.8, "x": -5664, "y": -6088, "h": 244.0, "d5": 0.661, "d6": "tick=91773 goal=0 here=0", "l": [0.45, 0.38, 0.37, 0.31, 0.32, 0.2, 0.27, 0.97, 0.7, 1.15, 0.85, 0.4, -1.0, 0.3, 0.24, 0.39]}
{"t": 206.8, "x": -5665, "y": -6088, "h": 241.7, "d5": 0.651, "d6": "tick=91778 goal=0 here=0", "l": [0.47, 0.39, 0.38, 0.31, 0.33, 0.2, 0.27, 0.94, 0.7, 1.11, 0.84, 0.39, 0.3, 0.27, 0.24, 0.39]}
{"t": 206.9, "x": -5664, "y": -6088, "h": 243.2, "d5": 0.675, "d6": "tick=91783 goal=0 here=0", "l": [0.46, 0.4, 0.37, 0.31, 0.31, 0.21, 0.26, 0.97, 0.7, 1.13, 0.85, 0.4, 0.29, 0.3, 0.23, 0.38]}
{"t": 207.0, "x": -5664, "y": -6088, "h": 242.5, "d5": 0.68, "d6": "tick=91793 goal=0 here=0", "l": [0.45, 0.38, 0.39, 0.31, 0.32, 0.21, 0.27, 0.93, 0.72, 1.13, 0.83, 0.39, 0.3, 0.28, 0.23, 0.39]}
{"t": 207.0, "x": -5664, "y": -6088, "h": 246.1, "d5": 0.669, "d6": "tick=91796 goal=0 here=0", "l": [0.45, 0.38, 0.36, 0.32, 0.32, 0.19, 0.26, 0.96, 0.71, 1.11, 0.84, 0.4, 0.3, 0.28, 0.26, 0.39]}
{"t": 207.0, "x": -5663, "y": -6088, "h": 240.4, "d5": 0.662, "d6": "tick=91801 goal=0 here=0", "l": [0.45, 0.38, 0.39, 0.34, 0.32, 0.2, 0.28, 0.94, 0.74, 1.11, 0.84, 0.4, 0.3, 0.27, 0.24, 0.41]}
{"t": 207.2, "x": -5664, "y": -6088, "h": 240.6, "d5": 0.664, "d6": "tick=91819 goal=0 here=0", "l": [0.46, 0.4, 0.38, 0.34, 0.32, 0.21, 0.27, 0.98, 0.72, 1.14, 0.85, 0.4, 0.27, 0.29, 0.23, 0.38]}
{"t": 207.3, "x": -5665, "y": -6088, "h": 241.4, "d5": 0.67, "d6": "tick=91822 goal=0 here=0", "l": [0.44, 0.39, 0.38, 0.32, 0.32, 0.2, 0.26, 0.96, 0.72, 1.13, 0.83, 0.41, 0.29, 0.28, 0.24, 0.38]}
{"t": 207.3, "x": -5664, "y": -6088, "h": 243.7, "d5": 0.662, "d6": "tick=91827 goal=0 here=0", "l": [0.45, 0.38, 0.38, 0.32, 0.33, 0.2, 0.27, 0.95, 0.71, 1.11, 0.84, 0.39, 0.28, 0.29, 0.23, 0.39]}
{"t": 207.4, "x": -5665, "y": -6088, "h": 243.4, "d5": 0.655, "d6": "tick=91833 goal=0 here=0", "l": [0.45, 0.37, 0.38, 0.34, 0.33, 0.2, 0.26, 0.95, 0.71, 1.12, 0.84, 0.4, 0.3, 0.28, 0.26, 0.38]}
{"t": 207.4, "x": -5664, "y": -6088, "h": 245.3, "d5": 0.651, "d6": "tick=91838 goal=0 here=0", "l": [-1.0, 0.39, 0.38, 0.32, 0.32, 0.2, 0.26, 0.94, 0.72, 1.13, 0.85, 0.39, 0.31, 0.29, 0.23, 0.39]}
{"t": 207.5, "x": -5664, "y": -6088, "h": 243.7, "d5": 0.675, "d6": "tick=91843 goal=0 here=0", "l": [0.47, 0.39, 0.39, 0.32, 0.32, 0.22, 0.26, 0.95, 0.72, 1.11, 0.84, 0.4, 0.29, 0.29, 0.23, 0.39]}
{"t": 207.5, "x": -5664, "y": -6088, "h": 240.8, "d5": 0.661, "d6": "tick=91848 goal=0 here=0", "l": [0.47, 0.38, 0.34, 0.33, 0.32, 0.21, 0.29, 0.96, 0.72, 1.1, 0.84, 0.39, 0.29, 0.29, 0.25, 0.39]}
{"t": 207.6, "x": -5664, "y": -6088, "h": 242.2, "d5": 0.654, "d6": "tick=91854 goal=0 here=0", "l": [0.46, 0.39, 0.36, 0.33, 0.31, 0.22, 0.29, 0.96, 0.7, 1.13, 0.87, 0.42, 0.3, 0.29, 0.24, 0.38]}
{"t": 207.6, "x": -5663, "y": -6087, "h": 239.2, "d5": 0.668, "d6": "tick=91859 goal=0 here=0", "l": [0.44, 0.38, 0.35, 0.32, 0.33, 0.2, 0.29, 0.97, 0.72, 1.11, 0.85, 0.41, 0.29, 0.29, 0.25, 0.38]}
{"t": 207.7, "x": -5663, "y": -6087, "h": 242.1, "d5": 0.68, "d6": "tick=91864 goal=0 here=0", "l": [0.47, 0.37, 0.36, 0.33, 0.32, 0.19, 0.28, 0.97, 0.71, 1.13, 0.84, 0.4, 0.3, 0.3, 0.25, 0.39]}
{"t": 207.8, "x": -5664, "y": -6088, "h": 241.0, "d5": 0.648, "d6": "tick=91874 goal=0 here=0", "l": [0.46, 0.39, 0.36, 0.32, 0.32, 0.21, 0.26, 0.94, 0.71, 1.12, 0.86, 0.41, 0.29, 0.3, 0.25, 0.4]}
{"t": 207.8, "x": -5663, "y": -6087, "h": 242.7, "d5": 0.658, "d6": "tick=91880 goal=0 here=0", "l": [0.45, 0.39, 0.37, 0.32, 0.32, 0.23, 0.26, 0.93, 0.72, 1.13, 0.84, 0.39, 0.29, 0.27, 0.25, 0.41]}
{"t": 207.9, "x": -5664, "y": -6088, "h": 241.2, "d5": 0.655, "d6": "tick=91885 goal=0 here=0", "l": [0.46, 0.38, 0.37, 0.33, 0.34, 0.21, 0.28, 0.96, 0.71, 1.12, 0.83, 0.39, 0.29, 0.3, 0.25, 0.39]}
{"t": 207.9, "x": -5664, "y": -6088, "h": 239.5, "d5": 0.669, "d6": "tick=91890 goal=0 here=0", "l": [0.46, 0.39, 0.38, 0.32, 0.32, 0.2, 0.27, 0.98, 0.71, 1.13, 0.84, 0.41, 0.28, 0.28, 0.25, 0.39]}
{"t": 208.0, "x": -5664, "y": -6088, "h": 244.0, "d5": 0.665, "d6": "tick=91900 goal=0 here=0", "l": [0.45, 0.37, 0.37, 0.31, 0.31, 0.21, 0.27, 0.95, 0.73, 1.12, 0.84, 0.39, 0.28, 0.29, 0.25, 0.37]}
{"t": 208.1, "x": -5664, "y": -6088, "h": 240.5, "d5": 0.663, "d6": "tick=91904 goal=0 here=0", "l": [0.44, 0.38, 0.36, 0.33, 0.31, 0.18, 0.28, 0.96, 0.71, 1.11, 0.83, 0.41, 0.3, 0.28, -1.0, 0.39]}
{"t": 208.1, "x": -5665, "y": -6088, "h": 244.9, "d5": 0.667, "d6": "tick=91908 goal=0 here=0", "l": [0.45, 0.37, 0.36, 0.32, 0.33, 0.22, 0.29, 0.96, 0.71, 1.11, 0.85, 0.38, 0.32, 0.31, 0.24, 0.4]}
{"t": 208.2, "x": -5663, "y": -6088, "h": 245.2, "d5": 0.67, "d6": "tick=91916 goal=0 here=0", "l": [0.45, 0.36, 0.36, 0.34, 0.33, 0.2, 0.26, 0.95, 0.73, 1.13, 0.83, 0.39, 0.3, 0.28, 0.25, 0.38]}
{"t": 208.2, "x": -5664, "y": -6088, "h": 239.9, "d5": 0.664, "d6": "tick=91920 goal=0 here=0", "l": [0.46, 0.4, 0.39, 0.33, 0.33, 0.21, -1.0, 0.96, 0.71, 1.12, 0.82, 0.4, 0.32, 0.3, 0.24, 0.39]}
{"t": 208.3, "x": -5665, "y": -6089, "h": 241.1, "d5": 0.667, "d6": "tick=91926 goal=0 here=0", "l": [0.46, 0.39, 0.36, 0.33, 0.33, 0.21, 0.28, 0.96, 0.71, 1.13, 0.85, 0.4, 0.31, 0.29, 0.23, 0.37]}
{"t": 208.3, "x": -5664, "y": -6088, "h": 242.8, "d5": 0.66, "d6": "tick=91932 goal=0 here=0", "l": [0.47, 0.38, 0.36, 0.33, 0.33, 0.2, 0.27, 0.96, 0.71, 1.13, 0.84, 0.39, 0.29, 0.27, 0.24, 0.38]}
{"t": 208.4, "x": -5665, "y": -6089, "h": 241.5, "d5": 0.667, "d6": "tick=91937 goal=0 here=0", "l": [0.45, 0.37, 0.38, 0.31, 0.34, 0.19, 0.29, 0.95, 0.71, 1.12, 0.84, 0.38, 0.29, 0.28, 0.26, 0.38]}
{"t": 208.4, "x": -5663, "y": -6088, "h": 241.0, "d5": 0.664, "d6": "tick=91941 goal=0 here=0", "l": [0.43, 0.41, 0.37, 0.31, 0.33, 0.21, 0.27, 0.95, 0.72, 1.12, 0.84, 0.39, 0.3, 0.28, 0.24, 0.37]}
{"t": 208.5, "x": -5664, "y": -6088, "h": 242.2, "d5": 0.665, "d6": "tick=91946 goal=0 here=0", "l": [0.46, -1.0, 0.37, 0.32, 0.32, 0.2, 0.27, 0.95, 0.7, 1.12, 0.85, 0.4, 0.29, 0.28, 0.23, 0.38]}
{"t": 208.5, "x": -5664, "y": -6088, "h": 242.1, "d5": 0.669, "d6": "tick=91951 goal=0 here=0", "l": [0.45, 0.38, 0.38, 0.33, 0.33, 0.21, 0.28, 0.95, 0.71, 1.13, 0.82, 0.39, 0.29, 0.28, 0.25, 0.38]}
{"t": 208.6, "x": -5664, "y": -6088, "h": 244.7, "d5": 0.663, "d6": "tick=91957 goal=0 here=0", "l": [0.45, 0.38, 0.37, 0.34, 0.34, 0.21, 0.27, 0.95, 0.7, 1.12, 0.84, 0.4, 0.29, 0.28, 0.23, 0.4]}
{"t": 208.6, "x": -5664, "y": -6088, "h": 245.3, "d5": 0.659, "d6": "tick=91962 goal=0 here=0", "l": [0.45, 0.39, 0.37, 0.3, 0.33, 0.21, 0.27, 0.95, 0.71, 1.12, 0.84, 0.41, 0.3, 0.3, 0.25, 0.41]}
{"t": 208.7, "x": -5664, "y": -6088, "h": 245.5, "d5": 0.673, "d6": "tick=91972 goal=0 here=0", "l": [0.46, 0.38, 0.37, 0.33, 0.33, 0.2, 0.28, 0.96, 0.72, 1.12, 0.84, 0.41, 0.28, 0.28, 0.25, 0.37]}
{"t": 208.8, "x": -5663, "y": -6088, "h": 243.7, "d5": 0.673, "d6": "tick=91980 goal=0 here=0", "l": [0.47, 0.38, 0.38, 0.34, 0.32, 0.2, 0.27, 0.96, 0.73, 1.12, 0.85, 0.4, 0.3, 0.3, 0.25, 0.38]}
{"t": 208.9, "x": -5664, "y": -6088, "h": 240.7, "d5": 0.662, "d6": "tick=91983 goal=0 here=0", "l": [0.43, 0.38, 0.37, 0.33, 0.31, 0.2, 0.26, 0.97, 0.71, 1.13, 0.82, 0.4, 0.29, 0.29, 0.25, 0.38]}
{"t": 208.9, "x": -5664, "y": -6088, "h": 241.4, "d5": 0.655, "d6": "tick=91988 goal=0 here=0", "l": [0.46, 0.37, 0.37, 0.3, 0.32, 0.2, 0.26, 0.95, 0.7, 1.12, 0.82, 0.4, 0.29, 0.29, 0.24, 0.39]}
{"t": 209.0, "x": -5664, "y": -6088, "h": 246.4, "d5": 0.672, "d6": "tick=91998 goal=0 here=0", "l": [0.46, 0.37, 0.38, 0.33, 0.32, 0.2, 0.27, 0.94, 0.7, 1.12, 0.85, 0.4, 0.29, 0.28, 0.25, 0.39]}
{"t": 209.0, "x": -5664, "y": -6088, "h": 243.5, "d5": 0.654, "d6": "tick=92001 goal=0 here=0", "l": [0.45, 0.39, 0.37, 0.33, 0.34, 0.21, 0.28, -1.0, 0.71, 1.14, 0.84, 0.4, 0.3, 0.29, 0.23, 0.38]}
{"t": 209.1, "x": -5664, "y": -6088, "h": 243.4, "d5": 0.666, "d6": "tick=92011 goal=0 here=0", "l": [0.45, 0.38, 0.36, 0.33, 0.33, 0.22, 0.28, 0.95, 0.72, 1.12, 0.84, 0.38, 0.32, 0.29, 0.23, 0.39]}
{"t": 209.2, "x": -5665, "y": -6089, "h": 242.8, "d5": 0.664, "d6": "tick=92015 goal=0 here=0", "l": [0.46, 0.37, 0.36, 0.33, 0.33, 0.2, 0.27, 0.97, 0.7, 1.13, 0.85, 0.4, 0.3, 0.29, 0.24, 0.36]}
{"t": 209.2, "x": -5663, "y": -6088, "h": 239.3, "d5": 0.67, "d6": "tick=92020 goal=0 here=0", "l": [0.46, 0.38, 0.37, 0.32, 0.32, 0.2, 0.28, 0.97, 0.72, -1.0, 0.83, 0.39, 0.28, 0.3, 0.26, 0.39]}
{"t": 209.3, "x": -5665, "y": -6088, "h": 245.0, "d5": 0.655, "d6": "tick=92030 goal=0 here=0", "l": [0.47, 0.38, -1.0, 0.31, 0.31, 0.22, 0.3, 0.96, 0.73, 1.11, 0.84, 0.38, 0.29, 0.27, 0.24, 0.4]}
{"t": 209.4, "x": -5664, "y": -6088, "h": 245.2, "d5": 0.668, "d6": "tick=92034 goal=0 here=0", "l": [0.46, 0.39, 0.37, 0.34, 0.32, 0.2, 0.26, 0.96, 0.73, 1.12, 0.84, 0.4, 0.27, 0.28, 0.25, 0.38]}
{"t": 209.4, "x": -5664, "y": -6088, "h": 245.3, "d5": 0.67, "d6": "tick=92038 goal=0 here=0", "l": [0.47, 0.38, 0.38, 0.33, 0.32, 0.2, 0.27, 0.95, 0.72, 1.14, 0.85, 0.41, 0.28, 0.29, 0.25, 0.37]}
{"t": 209.5, "x": -5665, "y": -6088, "h": 243.0, "d5": 0.659, "d6": "tick=92044 goal=0 here=0", "l": [0.44, 0.39, 0.38, 0.32, 0.32, 0.19, 0.26, 0.96, 0.71, 1.14, 0.84, 0.38, 0.3, 0.3, 0.24, 0.37]}
{"t": 209.5, "x": -5665, "y": -6088, "h": 243.2, "d5": 0.649, "d6": "tick=92049 goal=0 here=0", "l": [0.45, 0.38, 0.37, 0.32, 0.31, 0.21, 0.27, 0.97, 0.72, 1.14, 0.86, 0.39, 0.29, 0.29, 0.23, 0.39]}
{"t": 209.6, "x": -5664, "y": -6088, "h": 240.9, "d5": 0.68, "d6": "tick=92054 goal=0 here=0", "l": [0.46, 0.4, 0.37, 0.34, 0.32, 0.22, 0.28, 0.94, 0.72, 1.14, 0.84, 0.39, 0.29, 0.29, 0.26, 0.38]}
{"t": 209.6, "x": -5664, "y": -6088, "h": 242.5, "d5": 0.675, "d6": "tick=92059 goal=0 here=0", "l": [0.46, 0.39, 0.38, 0.32, -1.0, 0.21, 0.28, 0.96, 0.73, 1.12, 0.85, 0.37, 0.28, 0.28, 0.23, 0.4]}
{"t": 209.7, "x": -5663, "y": -6088, "h": 244.1, "d5": 0.667, "d6": "tick=92065 goal=0 here=0", "l": [0.46, 0.38, 0.38, 0.32, 0.32, 0.2, 0.25, 0.96, 0.71, 1.13, 0.83, 0.41, 0.3, 0.3, 0.25, 0.38]}
{"t": 209.7, "x": -5664, "y": -6088, "h": 242.3, "d5": 0.662, "d6": "tick=92070 goal=0 here=0", "l": [0.46, 0.39, 0.36, 0.33, 0.34, 0.21, 0.3, 0.95, 0.71, 1.14, 0.84, 0.39, 0.29, 0.28, 0.25, 0.39]}
{"t": 209.8, "x": -5664, "y": -6088, "h": 245.5, "d5": 0.674, "d6": "tick=92075 goal=0 here=0", "l": [0.47, 0.38, 0.38, 0.31, 0.33, 0.21, 0.29, 0.96, 0.71, 1.1, -1.0, 0.38, 0.29, 0.29, 0.23, 0.38]}
{"t": 209.8, "x": -5664, "y": -6088, "h": 243.9, "d5": 0.678, "d6": "tick=92080 goal=0 here=0", "l": [0.46, 0.42, 0.36, 0.32, 0.31, 0.2, 0.28, 0.95, 0.71, 1.13, 0.83, 0.38, 0.3, 0.28, 0.23, 0.38]}
{"t": 209.9, "x": -5663, "y": -6088, "h": 241.7, "d5": 0.681, "d6": "tick=92090 goal=0 here=0", "l": [-1.0, -1.0, 0.36, 0.32, 0.32, 0.22, 0.27, 0.94, 0.73, 1.12, 0.85, 0.38, 0.29, -1.0, 0.26, 0.39]}
{"t": 210.0, "x": -5663, "y": -6088, "h": 244.7, "d5": 0.666, "d6": "tick=92093 goal=0 here=0", "l": [0.45, 0.39, 0.36, 0.32, 0.33, 0.2, 0.28, 0.95, 0.72, 1.13, 0.84, 0.38, 0.29, 0.29, 0.24, 0.37]}
{"t": 210.0, "x": -5664, "y": -6088, "h": 245.6, "d5": 0.679, "d6": "tick=92098 goal=0 here=0", "l": [0.47, 0.37, 0.36, 0.32, 0.31, 0.2, 0.27, 0.95, 0.73, 1.13, 0.84, 0.4, 0.31, 0.27, 0.25, 0.36]}
{"t": 210.1, "x": -5664, "y": -6088, "h": 243.6, "d5": 0.659, "d6": "tick=92104 goal=0 here=0", "l": [0.46, 0.37, 0.36, 0.31, 0.33, 0.19, 0.28, 0.96, 0.72, 1.11, 0.84, 0.39, 0.31, 0.29, 0.24, 0.38]}
{"t": 210.1, "x": -5663, "y": -6088, "h": 245.3, "d5": 0.669, "d6": "tick=92109 goal=0 here=0", "l": [0.45, 0.39, 0.36, 0.31, 0.32, 0.19, 0.28, 0.96, 0.74, 1.13, 0.85, 0.4, 0.29, 0.28, 0.24, 0.38]}
{"t": 210.2, "x": -5664, "y": -6088, "h": 244.6, "d5": 0.653, "d6": "tick=92114 goal=0 here=0", "l": [0.44, 0.38, 0.36, 0.34, 0.34, 0.21, 0.26, 0.97, 0.7, 1.12, 0.83, 0.39, 0.32, 0.29, 0.24, 0.38]}
{"t": 210.2, "x": -5664, "y": -6088, "h": 247.8, "d5": 0.672, "d6": "tick=92119 goal=0 here=0", "l": [0.46, 0.39, 0.38, 0.32, 0.31, 0.19, 0.27, 0.95, 0.7, 1.12, 0.85, 0.39, 0.29, 0.29, 0.25, 0.39]}
{"t": 210.3, "x": -5663, "y": -6088, "h": 239.0, "d5": 0.669, "d6": "tick=92124 goal=0 here=0", "l": [0.45, 0.39, 0.35, 0.32, 0.32, 0.22, 0.26, 0.96, 0.72, 1.12, 0.85, 0.41, 0.28, 0.29, 0.21, 0.38]}
{"t": 210.3, "x": -5664, "y": -6088, "h": 240.8, "d5": 0.667, "d6": "tick=92129 goal=0 here=0", "l": [0.47, 0.39, 0.37, 0.34, 0.32, 0.23, 0.27, 0.95, 0.72, 1.1, 0.84, 0.39, 0.29, 0.28, 0.24, 0.39]}
{"t": 210.4, "x": -5664, "y": -6088, "h": 244.5, "d5": 0.661, "d6": "tick=92134 goal=0 here=0", "l": [0.44, 0.38, 0.36, 0.33, 0.33, 0.21, 0.26, 0.94, 0.71, 1.11, 0.83, 0.41, 0.29, 0.3, 0.23, 0.37]}
{"t": 210.4, "x": -5664, "y": -6088, "h": 245.3, "d5": 0.657, "d6": "tick=92139 goal=0 here=0", "l": [0.47, 0.38, 0.38, 0.31, -1.0, 0.22, 0.27, 0.97, 0.72, 1.13, 0.85, 0.39, 0.3, 0.3, 0.22, 0.39]}
{"t": 210.5, "x": -5664, "y": -6088, "h": 246.3, "d5": 0.662, "d6": "tick=92144 goal=0 here=0", "l": [0.44, 0.38, 0.37, 0.35, 0.33, 0.21, 0.27, 0.95, 0.72, 1.12, 0.84, 0.39, 0.3, 0.28, 0.25, 0.39]}
{"t": 210.5, "x": -5664, "y": -6088, "h": 241.8, "d5": 0.665, "d6": "tick=92149 goal=0 here=0", "l": [0.44, 0.4, 0.37, 0.32, 0.34, 0.18, -1.0, 0.95, 0.71, 1.13, 0.84, 0.4, 0.3, 0.3, 0.26, 0.39]}
{"t": 210.6, "x": -5664, "y": -6088, "h": 239.8, "d5": 0.665, "d6": "tick=92154 goal=0 here=0", "l": [0.45, 0.38, 0.39, 0.31, 0.32, 0.2, 0.28, 0.95, 0.72, 1.14, 0.85, 0.4, 0.28, 0.31, 0.24, 0.38]}
{"t": 210.6, "x": -5664, "y": -6088, "h": 243.3, "d5": 0.682, "d6": "tick=92159 goal=0 here=0", "l": [0.45, 0.38, 0.37, 0.32, 0.33, 0.2, 0.27, 0.96, 0.71, 1.12, 0.85, 0.39, 0.3, 0.28, 0.24, 0.39]}
{"t": 210.7, "x": -5663, "y": -6088, "h": 239.8, "d5": 0.68, "d6": "tick=92164 goal=0 here=0", "l": [0.45, 0.38, 0.35, 0.33, 0.32, 0.2, 0.28, 0.98, 0.72, 1.11, 0.86, 0.4, 0.32, 0.27, 0.24, 0.4]}
{"t": 210.8, "x": -5664, "y": -6088, "h": 242.2, "d5": 0.667, "d6": "tick=92174 goal=0 here=0", "l": [0.47, 0.38, 0.35, 0.32, 0.33, 0.21, 0.27, 0.95, 0.73, 1.11, 0.84, 0.37, 0.31, 0.3, 0.26, 0.38]}
{"t": 210.8, "x": -5663, "y": -6088, "h": 242.8, "d5": 0.661, "d6": "tick=92177 goal=0 here=0", "l": [0.46, 0.4, 0.37, -1.0, 0.34, 0.21, 0.29, 0.96, 0.73, 1.12, 0.85, 0.41, 0.29, 0.28, 0.25, 0.38]}
{"t": 210.9, "x": -5664, "y": -6088, "h": 241.3, "d5": 0.66, "d6": "tick=92188 goal=0 here=0", "l": [0.46, 0.41, 0.38, 0.31, 0.33, 0.21, 0.26, 0.97, 0.72, 1.11, 0.84, 0.41, 0.3, 0.29, 0.23, 0.38]}
{"t": 211.0, "x": -5664, "y": -6088, "h": 244.8, "d5": 0.67, "d6": "tick=92192 goal=0 here=0", "l": [0.45, 0.37, 0.36, 0.34, 0.34, 0.2, 0.29, 0.97, 0.72, 1.14, 0.86, 0.4, 0.28, 0.3, 0.22, 0.37]}
{"t": 211.0, "x": -5665, "y": -6088, "h": 243.0, "d5": 0.663, "d6": "tick=92198 goal=0 here=0", "l": [0.45, 0.37, 0.37, 0.33, 0.33, 0.2, 0.29, 0.94, 0.72, 1.12, 0.85, 0.39, 0.29, 0.3, 0.25, 0.4]}
{"t": 211.1, "x": -5663, "y": -6088, "h": 240.9, "d5": 0.671, "d6": "tick=92203 goal=0 here=0", "l": [0.45, -1.0, 0.37, 0.33, 0.3, 0.19, 0.28, 0.96, 0.71, 1.12, 0.84, 0.39, 0.29, 0.28, 0.25, 0.39]}
{"t": 211.1, "x": -5663, "y": -6088, "h": 245.4, "d5": 0.662, "d6": "tick=92208 goal=0 here=0", "l": [0.45, 0.4, 0.37, 0.32, 0.33, 0.2, 0.29, 0.97, 0.71, 1.11, 0.86, 0.41, 0.29, 0.31, 0.23, 0.39]}
{"t": 211.2, "x": -5663, "y": -6088, "h": 243.7, "d5": 0.673, "d6": "tick=92213 goal=0 here=0", "l": [0.45, 0.38, 0.36, 0.3, 0.32, 0.2, 0.26, 0.96, 0.73, 1.1, 0.85, 0.4, 0.28, 0.28, 0.26, 0.39]}
{"t": 211.2, "x": -5664, "y": -6088, "h": 243.8, "d5": 0.672, "d6": "tick=92218 goal=0 here=0", "l": [0.47, 0.39, 0.37, 0.32, 0.32, 0.2, 0.28, 0.96, 0.72, 1.13, 0.86, 0.4, 0.3, 0.29, 0.25, 0.38]}
{"t": 211.3, "x": -5664, "y": -6088, "h": 243.2, "d5": 0.667, "d6": "tick=92223 goal=0 here=0", "l": [0.44, 0.39, 0.36, 0.32, 0.32, -1.0, 0.28, 0.95, 0.71, 1.13, 0.83, 0.42, 0.28, 0.3, 0.24, 0.38]}
{"t": 211.3, "x": -5663, "y": -6087, "h": 243.7, "d5": 0.663, "d6": "tick=92228 goal=0 here=0", "l": [0.47, 0.38, 0.37, 0.33, 0.33, 0.22, 0.27, 0.94, 0.71, 1.13, 0.85, 0.4, 0.31, 0.29, 0.24, 0.39]}
{"t": 211.4, "x": -5663, "y": -6088, "h": 243.7, "d5": 0.667, "d6": "tick=92233 goal=0 here=0", "l": [0.46, 0.4, 0.34, 0.31, 0.33, 0.2, 0.26, 0.94, 0.72, 1.12, 0.84, 0.4, 0.29, 0.29, 0.25, 0.39]}
{"t": 211.5, "x": -5663, "y": -6088, "h": 242.5, "d5": 0.677, "d6": "tick=92243 goal=0 here=0", "l": [0.45, 0.36, 0.36, 0.33, 0.34, 0.2, 0.27, 0.94, 0.72, 1.14, 0.84, 0.4, 0.28, 0.31, 0.22, 0.38]}
{"t": 211.5, "x": -5663, "y": -6088, "h": 246.9, "d5": 0.662, "d6": "tick=92246 goal=0 here=0", "l": [0.45, 0.39, 0.39, 0.33, 0.33, 0.2, 0.25, 0.97, 0.72, 1.11, 0.82, 0.38, 0.3, 0.29, 0.24, 0.39]}
{"t": 211.5, "x": -5664, "y": -6088, "h": 239.9, "d5": 0.672, "d6": "tick=92251 goal=0 here=0", "l": [0.46, 0.38, 0.36, 0.34, 0.32, 0.21, 0.26, 0.94, 0.73, 1.13, 0.85, 0.4, 0.29, 0.3, 0.24, 0.39]}
{"t": 211.6, "x": -5665, "y": -6088, "h": 245.1, "d5": 0.666, "d6": "tick=92257 goal=0 here=0", "l": [0.44, 0.39, 0.38, 0.33, 0.33, 0.21, 0.28, 0.96, 0.7, 1.13, 0.86, 0.38, 0.29, 0.27, 0.25, 0.39]}
{"t": 211.7, "x": -5663, "y": -6088, "h": 242.2, "d5": 0.673, "d6": "tick=92267 goal=0 here=0", "l": [0.45, 0.39, 0.36, -1.0, 0.35, 0.19, 0.28, 0.96, 0.71, 1.11, 0.84, 0.39, 0.29, 0.28, 0.23, 0.37]}
{"t": 211.7, "x": -5664, "y": -6088, "h": 240.2, "d5": 0.665, "d6": "tick=92272 goal=0 here=0", "l": [0.43, 0.38, 0.38, -1.0, 0.32, 0.22, 0.29, 0.96, 0.72, 1.11, 0.83, 0.39, 0.31, 0.28, 0.24, 0.39]}
{"t": 211.8, "x": -5663, "y": -6088, "h": 240.9, "d5": 0.674, "d6": "tick=92277 goal=0 here=0", "l": [0.45, 0.37, 0.38, 0.34, 0.33, 0.2, 0.27, 0.95, 0.7, 1.13, 0.84, 0.4, 0.31, 0.3, 0.24, 0.36]}
{"t": 211.9, "x": -5664, "y": -6088, "h": 244.4, "d5": 0.662, "d6": "tick=92282 goal=0 here=0", "l": [0.45, 0.39, 0.38, 0.32, 0.31, 0.2, 0.26, 0.93, 0.71, 1.13, 0.84, 0.39, 0.26, 0.28, 0.26, 0.4]}
{"t": 211.9, "x": -5663, "y": -6088, "h": 244.5, "d5": 0.668, "d6": "tick=92287 goal=0 here=0", "l": [0.46, 0.36, 0.37, 0.32, 0.33, 0.21, 0.28, 0.95, 0.72, 1.13, 0.83, 0.38, 0.27, 0.29, 0.24, 0.39]}
{"t": 212.0, "x": -5665, "y": -6088, "h": 241.5, "d5": 0.666, "d6": "tick=92292 goal=0 here=0", "l": [0.46, 0.39, 0.37, 0.31, 0.33, 0.21, 0.27, 0.96, 0.71, 1.12, 0.84, 0.4, 0.29, 0.28, 0.24, 0.39]}
{"t": 212.1, "x": -5664, "y": -6088, "h": 244.5, "d5": 0.668, "d6": "tick=92302 goal=0 here=0", "l": [0.46, 0.38, 0.38, 0.32, 0.33, 0.2, 0.26, 0.96, 0.71, 1.14, 0.85, 0.38, 0.3, 0.29, 0.23, 0.4]}
{"t": 212.1, "x": -5664, "y": -6088, "h": 246.0, "d5": 0.666, "d6": "tick=92311 goal=0 here=0", "l": [0.45, 0.39, 0.37, 0.33, 0.33, 0.22, 0.27, 0.98, 0.71, 1.11, 0.84, 0.41, 0.3, 0.29, 0.24, 0.39]}
{"t": 212.2, "x": -5664, "y": -6088, "h": 242.3, "d5": 0.656, "d6": "tick=92321 goal=0 here=0", "l": [0.44, 0.39, 0.36, 0.34, 0.32, 0.2, 0.27, 0.96, 0.72, 1.12, 0.83, 0.4, 0.28, 0.28, 0.24, 0.37]}
{"t": 212.3, "x": -5663, "y": -6088, "h": 243.9, "d5": 0.672, "d6": "tick=92324 goal=0 here=0", "l": [0.45, 0.39, 0.37, 0.34, 0.32, 0.21, 0.28, 0.97, 0.7, 1.11, 0.81, 0.39, 0.31, 0.28, 0.24, 0.38]}
{"t": 212.3, "x": -5665, "y": -6088, "h": 242.0, "d5": 0.653, "d6": "tick=92329 goal=0 here=0", "l": [0.47, 0.4, 0.39, 0.33, -1.0, 0.18, 0.26, 0.96, 0.71, 1.13, 0.82, 0.39, 0.3, 0.28, 0.25, 0.38]}
{"t": 212.4, "x": -5664, "y": -6088, "h": 243.3, "d5": 0.672, "d6": "tick=92340 goal=0 here=0", "l": [0.46, 0.38, 0.38, 0.34, 0.32, 0.21, 0.26, 0.94, 0.72, 1.12, 0.84, 0.39, 0.31, 0.3, 0.23, 0.38]}
{"t": 212.5, "x": -5664, "y": -6088, "h": 242.5, "d5": 0.668, "d6": "tick=92343 goal=0 here=0", "l": [0.46, 0.38, 0.36, 0.32, 0.32, 0.2, 0.28, 0.96, 0.72, 1.12, 0.84, 0.39, 0.29, 0.28, 0.24, 0.4]}
{"t": 212.5, "x": -5664, "y": -6088, "h": 245.9, "d5": 0.673, "d6": "tick=92348 goal=0 here=0", "l": [0.45, 0.38, 0.38, 0.33, 0.3, 0.23, 0.28, 0.95, 0.7, 1.12, 0.84, 0.4, 0.28, 0.29, 0.23, 0.38]}
{"t": 212.6, "x": -5664, "y": -6088, "h": 240.5, "d5": 0.658, "d6": "tick=92353 goal=0 here=0", "l": [0.45, 0.39, 0.38, 0.31, 0.31, 0.19, 0.27, 0.94, 0.73, 1.13, 0.83, 0.37, 0.27, 0.28, 0.24, 0.38]}
{"t": 212.6, "x": -5665, "y": -6088, "h": 240.4, "d5": 0.683, "d6": "tick=92358 goal=0 here=0", "l": [0.45, 0.38, 0.37, 0.33, 0.33, 0.21, 0.28, 0.96, 0.73, 1.12, 0.82, 0.39, 0.3, 0.29, 0.24, 0.38]}
{"t": 212.7, "x": -5663, "y": -6088, "h": 240.8, "d5": 0.645, "d6": "tick=92363 goal=0 here=0", "l": [0.45, 0.39, 0.38, 0.31, 0.32, 0.19, 0.28, 0.94, 0.72, 1.11, 0.85, 0.39, 0.3, 0.3, 0.26, 0.4]}
{"t": 212.7, "x": -5665, "y": -6088, "h": 245.1, "d5": 0.663, "d6": "tick=92368 goal=0 here=0", "l": [0.46, 0.4, 0.37, 0.33, 0.32, 0.2, 0.27, 0.97, 0.72, 1.11, 0.84, 0.38, 0.29, 0.29, 0.25, 0.39]}
{"t": 212.8, "x": -5664, "y": -6088, "h": 242.5, "d5": 0.673, "d6": "tick=92373 goal=0 here=0", "l": [0.46, 0.4, 0.37, 0.3, 0.33, 0.2, 0.29, 0.95, 0.7, 1.13, 0.84, -1.0, 0.32, 0.28, 0.23, 0.39]}
{"t": 212.8, "x": -5663, "y": -6087, "h": 243.8, "d5": 0.651, "d6": "tick=92378 goal=0 here=0", "l": [0.46, 0.38, 0.38, 0.32, 0.32, 0.2, 0.29, 0.97, 0.73, 1.13, 0.86, 0.39, 0.29, 0.27, 0.24, 0.39]}
{"t": 212.9, "x": -5664, "y": -6088, "h": 239.2, "d5": 0.656, "d6": "tick=92383 goal=0 here=0", "l": [0.46, 0.37, 0.35, 0.32, 0.34, 0.19, 0.28, 0.95, 0.71, 1.11, 0.84, 0.38, 0.28, 0.29, 0.23, 0.4]}
{"t": 212.9, "x": -5664, "y": -6088, "h": 243.8, "d5": 0.664, "d6": "tick=92391 goal=0 here=0", "l": [0.46, 0.38, 0.38, 0.33, 0.33, 0.21, 0.26, 0.95, 0.72, 1.12, 0.85, 0.39, 0.29, 0.3, 0.27, 0.37]}
{"t": 213.0, "x": -5664, "y": -6088, "h": 241.8, "d5": 0.666, "d6": "tick=92396 goal=0 here=0", "l": [0.44, 0.39, 0.36, 0.32, 0.33, 0.22, 0.27, 0.95, 0.71, 1.12, 0.84, 0.4, 0.3, 0.3, 0.23, 0.38]}
{"t": 213.1, "x": -5664, "y": -6088, "h": 245.9, "d5": 0.677, "d6": "tick=92406 goal=0 here=0", "l": [0.47, 0.38, 0.36, 0.31, 0.32, 0.2, 0.26, 0.94, 0.7, 1.12, 0.85, 0.41, 0.28, 0.29, 0.24, 0.37]}
{"t": 213.1, "x": -5665, "y": -6088, "h": 244.7, "d5": 0.671, "d6": "tick=92410 goal=0 here=0", "l": [0.46, 0.37, 0.37, 0.32, 0.31, 0.2, 0.27, 0.96, 0.71, 1.12, 0.84, 0.4, 0.28, 0.28, 0.25, 0.37]}
{"t": 213.2, "x": -5663, "y": -6088, "h": 241.4, "d5": 0.668, "d6": "tick=92415 goal=0 here=0", "l": [0.45, 0.38, 0.38, 0.33, 0.34, 0.21, 0.27, 0.97, 0.73, 1.12, 0.83, 0.38, 0.29, 0.29, 0.23, 0.38]}
{"t": 213.2, "x": -5664, "y": -6088, "h": 244.4, "d5": 0.654, "d6": "tick=92420 goal=0 here=0", "l": [0.45, 0.38, 0.37, 0.31, 0.32, 0.2, 0.26, 0.97, 0.71, 1.12, 0.85, 0.39, 0.29, 0.27, 0.25, 0.4]}
{"t": 213.3, "x": -5663, "y": -6088, "h": 244.0, "d5": 0.66, "d6": "tick=92425 goal=0 here=0", "l": [0.44, 0.38, 0.38, 0.33, 0.31, 0.2, 0.28, 0.96, 0.71, 1.12, 0.84, 0.4, 0.28, 0.3, 0.26, 0.39]}
{"t": 213.3, "x": -5663, "y": -6087, "h": 242.1, "d5": 0.651, "d6": "tick=92430 goal=0 here=0", "l": [0.46, 0.38, 0.37, 0.3, 0.31, 0.2, 0.28, 0.96, 0.71, 1.12, 0.85, 0.41, 0.31, 0.31, 0.25, 0.39]}
{"t": 213.4, "x": -5664, "y": -6088, "h": 241.8, "d5": 0.663, "d6": "tick=92435 goal=0 here=0", "l": [0.46, 0.38, 0.34, 0.34, 0.32, 0.21, 0.29, 0.96, 0.7, 1.13, 0.84, 0.4, 0.29, 0.3, 0.25, 0.39]}
{"t": 213.4, "x": -5664, "y": -6088, "h": 243.2, "d5": 0.675, "d6": "tick=92440 goal=0 here=0", "l": [0.47, 0.39, 0.37, 0.32, 0.33, 0.21, 0.26, 0.97, 0.72, 1.12, 0.84, 0.4, 0.29, 0.29, 0.26, 0.39]}
{"t": 213.5, "x": -5663, "y": -6088, "h": 242.4, "d5": 0.68, "d6": "tick=92445 goal=0 here=0", "l": [0.46, 0.39, 0.34, 0.31, 0.32, 0.19, 0.29, 0.96, 0.71, 1.12, 0.85, 0.39, 0.29, 0.29, 0.24, 0.37]}
{"t": 213.5, "x": -5665, "y": -6088, "h": 245.0, "d5": 0.663, "d6": "tick=92450 goal=0 here=0", "l": [0.46, 0.37, 0.38, 0.31, 0.33, 0.2, 0.27, 0.96, 0.71, 1.12, 0.84, 0.39, 0.29, 0.28, 0.25, 0.38]}
{"t": 213.6, "x": -5664, "y": -6088, "h": 243.4, "d5": 0.655, "d6": "tick=92455 goal=0 here=0", "l": [0.45, 0.38, 0.38, 0.34, 0.33, 0.2, 0.28, 0.95, 0.72, 1.12, 0.85, 0.39, 0.31, 0.27, 0.24, 0.39]}
{"t": 213.7, "x": -5663, "y": -6088, "h": 243.6, "d5": 0.66, "d6": "tick=92466 goal=0 here=0", "l": [0.45, 0.39, 0.36, 0.3, 0.33, 0.19, 0.29, 0.97, 0.73, 1.12, 0.84, 0.39, 0.29, 0.28, 0.24, 0.39]}
{"t": 213.7, "x": -5664, "y": -6088, "h": 244.3, "d5": 0.661, "d6": "tick=92470 goal=0 here=0", "l": [0.45, 0.39, 0.37, 0.34, 0.32, 0.2, 0.28, 0.96, 0.71, 1.12, 0.85, 0.38, 0.29, 0.29, 0.23, 0.38]}
{"t": 213.8, "x": -5663, "y": -6088, "h": 243.8, "d5": 0.652, "d6": "tick=92476 goal=0 here=0", "l": [0.47, -1.0, 0.36, 0.33, 0.33, 0.2, 0.27, 0.96, 0.7, 1.13, 0.83, 0.38, 0.3, 0.28, 0.24, 0.38]}
{"t": 213.8, "x": -5664, "y": -6088, "h": 240.4, "d5": 0.664, "d6": "tick=92481 goal=0 here=0", "l": [-1.0, 0.39, 0.38, 0.32, 0.32, 0.19, 0.26, 0.95, 0.72, 1.13, 0.83, 0.39, 0.29, 0.28, 0.25, 0.39]}
{"t": 213.9, "x": -5664, "y": -6088, "h": 240.1, "d5": 0.66, "d6": "tick=92486 goal=0 here=0", "l": [0.46, 0.38, 0.36, 0.33, 0.32, 0.21, 0.27, 0.97, 0.72, 1.12, 0.84, 0.39, 0.28, 0.29, 0.26, 0.37]}
{"t": 213.9, "x": -5664, "y": -6088, "h": 240.7, "d5": 0.669, "d6": "tick=92491 goal=0 here=0", "l": [0.46, 0.38, 0.36, 0.33, 0.32, 0.2, 0.27, 0.95, 0.7, 1.13, 0.86, 0.39, 0.3, 0.29, 0.24, 0.38]}
{"t": 214.0, "x": -5663, "y": -6088, "h": 243.4, "d5": 0.669, "d6": "tick=92501 goal=0 here=0", "l": [0.44, 0.39, 0.37, 0.31, 0.32, 0.22, 0.26, 0.96, 0.72, 1.12, 0.85, 0.38, 0.29, 0.3, 0.23, 0.39]}
{"t": 214.1, "x": -5664, "y": -6088, "h": 240.9, "d5": 0.666, "d6": "tick=92504 goal=0 here=0", "l": [0.47, 0.38, 0.38, 0.32, 0.32, 0.2, 0.26, 0.95, 0.7, 1.13, 0.84, 0.39, 0.3, 0.3, 0.23, 0.38]}
{"t": 214.1, "x": -5664, "y": -6088, "h": 242.1, "d5": 0.669, "d6": "tick=92509 goal=0 here=0", "l": [0.46, 0.38, 0.37, 0.32, 0.31, 0.19, 0.27, 0.96, 0.7, 1.13, 0.85, 0.39, 0.29, 0.31, 0.23, 0.38]}
{"t": 214.2, "x": -5664, "y": -6088, "h": 241.2, "d5": 0.654, "d6": "tick=92514 goal=0 here=0", "l": [0.46, 0.38, 0.37, 0.33, 0.31, 0.21, 0.26, 0.95, 0.71, 1.12, 0.84, 0.39, 0.29, 0.28, 0.25, 0.38]}
{"t": 214.2, "x": -5664, "y": -6088, "h": 241.2, "d5": 0.667, "d6": "tick=92520 goal=0 here=0", "l": [0.46, 0.39, 0.35, 0.32, 0.33, 0.21, 0.28, 0.97, 0.73, 1.13, 0.84, 0.41, 0.29, 0.29, 0.25, 0.39]}
{"t": 214.3, "x": -5663, "y": -6088, "h": 246.0, "d5": 0.655, "d6": "tick=92525 goal=0 here=0", "l": [0.45, 0.39, 0.36, 0.34, 0.32, 0.21, 0.26, 0.94, 0.71, 1.12, 0.85, 0.39, 0.3, 0.29, 0.24, 0.38]}
{"t": 214.4, "x": -5663, "y": -6087, "h": 242.4, "d5": 0.672, "d6": "tick=92535 goal=0 here=0", "l": [0.47, 0.38, 0.37, 0.32, 0.32, 0.22, 0.29, 0.95, 0.7, 1.11, 0.83, 0.39, 0.27, 0.29, 0.24, 0.4]}
{"t": 214.5, "x": -5664, "y": -6088, "h": 239.4, "d5": 0.664, "d6": "tick=92543 goal=0 here=0", "l": [0.46, 0.39, 0.38, 0.32, 0.32, 0.19, 0.26, 0.95, 0.71, 1.12, 0.81, 0.38, 0.3, 0.27, 0.25, 0.39]}
{"t": 214.5, "x": -5663, "y": -6088, "h": 243.1, "d5": 0.686, "d6": "tick=92549 goal=0 here=0", "l": [0.46, 0.36, 0.38, 0.32, 0.34, 0.19, 0.28, 0.94, 0.72, 1.12, 0.83, 0.38, 0.29, 0.28, 0.24, 0.39]}
{"t": 214.6, "x": -5664, "y": -6088, "h": 243.4, "d5": 0.664, "d6": "tick=92559 goal=0 here=0", "l": [0.45, 0.39, 0.38, 0.34, 0.31, 0.21, 0.27, 0.94, 0.73, 1.13, 0.85, 0.38, 0.31, 0.28, 0.22, 0.4]}
{"t": 214.7, "x": -5664, "y": -6088, "h": 243.7, "d5": 0.659, "d6": "tick=92563 goal=0 here=0", "l": [0.44, 0.38, 0.36, 0.32, 0.33, 0.2, 0.28, 0.96, 0.72, 1.11, 0.86, 0.38, 0.29, 0.3, 0.24, 0.39]}
{"t": 214.7, "x": -5664, "y": -6088, "h": 241.3, "d5": 0.666, "d6": "tick=92568 goal=0 here=0", "l": [0.45, 0.38, 0.34, 0.33, 0.32, 0.2, 0.28, 0.96, 0.71, 1.13, 0.85, 0.39, 0.29, 0.28, 0.25, 0.4]}
{"t": 214.8, "x": -5663, "y": -6088, "h": 245.3, "d5": 0.668, "d6": "tick=92573 goal=0 here=0", "l": [0.48, 0.4, 0.38, 0.33, 0.31, 0.18, 0.29, 0.95, 0.72, 1.12, 0.84, 0.39, 0.3, 0.28, 0.25, 0.39]}
{"t": 214.8, "x": -5663, "y": -6088, "h": 245.2, "d5": 0.663, "d6": "tick=92578 goal=0 here=0", "l": [0.46, 0.38, 0.38, 0.32, 0.3, 0.2, 0.28, 0.97, 0.71, 1.13, 0.85, 0.4, 0.3, 0.29, 0.25, 0.38]}
{"t": 214.9, "x": -5663, "y": -6088, "h": 244.0, "d5": 0.668, "d6": "tick=92583 goal=0 here=0", "l": [0.46, -1.0, 0.36, 0.32, 0.32, 0.22, 0.27, 0.94, 0.72, 1.12, 0.84, 0.39, 0.29, 0.3, 0.25, 0.39]}
{"t": 214.9, "x": -5663, "y": -6088, "h": 245.8, "d5": 0.654, "d6": "tick=92589 goal=0 here=0", "l": [0.45, 0.38, 0.38, 0.32, 0.32, 0.21, 0.28, -1.0, 0.73, 1.12, 0.82, 0.39, 0.3, 0.29, 0.24, 0.39]}
{"t": 215.0, "x": -5664, "y": -6088, "h": 245.5, "d5": 0.66, "d6": "tick=92593 goal=0 here=0", "l": [0.45, 0.38, 0.37, 0.33, 0.31, 0.2, 0.26, 0.95, 0.72, 1.12, 0.83, 0.39, 0.3, 0.3, 0.24, 0.38]}
{"t": 215.0, "x": -5664, "y": -6088, "h": 245.7, "d5": 0.67, "d6": "tick=92599 goal=0 here=0", "l": [0.43, 0.38, 0.37, 0.29, 0.32, 0.21, 0.27, 0.96, 0.73, 1.14, 0.85, 0.4, 0.28, 0.31, 0.24, 0.37]}
{"t": 215.1, "x": -5665, "y": -6088, "h": 243.7, "d5": 0.654, "d6": "tick=92603 goal=0 here=0", "l": [0.47, 0.39, 0.36, 0.31, 0.33, 0.2, 0.27, 0.95, 0.73, 1.12, 0.84, 0.4, 0.31, 0.31, 0.26, 0.39]}
{"t": 215.1, "x": -5663, "y": -6088, "h": 242.2, "d5": 0.651, "d6": "tick=92608 goal=0 here=0", "l": [0.44, 0.38, 0.37, 0.33, 0.33, 0.2, 0.28, 0.95, 0.71, 1.13, 0.85, 0.4, 0.28, 0.29, 0.23, 0.38]}
{"t": 215.2, "x": -5664, "y": -6088, "h": 242.9, "d5": 0.657, "d6": "tick=92616 goal=0 here=0", "l": [0.45, 0.38, 0.37, 0.33, 0.32, 0.21, 0.28, 0.98, 0.7, 1.11, 0.85, 0.38, 0.29, 0.31, 0.25, 0.38]}
{"t": 215.2, "x": -5663, "y": -6088, "h": 243.3, "d5": 0.66, "d6": "tick=92621 goal=0 here=0", "l": [0.46, 0.39, 0.36, 0.32, 0.31, 0.21, 0.27, 0.94, 0.71, 1.11, 0.84, 0.4, 0.29, 0.29, 0.26, 0.38]}
{"t": 215.3, "x": -5664, "y": -6088, "h": 241.4, "d5": 0.651, "d6": "tick=92627 goal=0 here=0", "l": [0.48, 0.36, 0.38, 0.33, 0.32, 0.22, 0.28, 0.95, 0.7, 1.12, 0.84, 0.38, 0.28, 0.29, 0.24, 0.4]}
{"t": 215.4, "x": -5664, "y": -6088, "h": 242.5, "d5": 0.671, "d6": "tick=92635 goal=0 here=0", "l": [0.45, 0.39, 0.39, 0.33, 0.32, 0.21, 0.28, 0.98, 0.72, 1.14, 0.84, 0.4, 0.29, 0.28, 0.24, 0.4]}
{"t": 215.4, "x": -5663, "y": -6088, "h": 238.5, "d5": 0.668, "d6": "tick=92640 goal=0 here=0", "l": [0.46, 0.38, 0.38, 0.3, 0.31, 0.2, 0.29, 0.94, 0.72, 1.12, 0.84, 0.39, 0.29, 0.29, 0.24, 0.41]}
{"t": 215.5, "x": -5664, "y": -6088, "h": 243.5, "d5": 0.671, "d6": "tick=92645 goal=0 here=0", "l": [0.46, 0.36, 0.35, 0.32, -1.0, 0.21, 0.27, 0.94, 0.72, 1.14, 0.85, 0.4, 0.3, 0.29, 0.24, 0.39]}
{"t": 215.6, "x": -5663, "y": -6088, "h": 241.8, "d5": 0.675, "d6": "tick=92655 goal=0 here=0", "l": [0.44, 0.38, 0.37, 0.34, 0.33, 0.22, 0.28, 0.97, 0.72, 1.12, 0.84, 0.4, 0.29, 0.29, 0.23, 0.38]}
{"t": 215.6, "x": -5663, "y": -6088, "h": 244.6, "d5": 0.667, "d6": "tick=92658 goal=0 here=0", "l": [0.46, 0.39, 0.36, 0.3, 0.33, 0.2, 0.28, 0.96, 0.72, 1.12, 0.84, 0.4, 0.3, 0.3, 0.26, 0.39]}
{"t": 215.7, "x": -5663, "y": -6088, "h": 242.1, "d5": 0.646, "d6": "tick=92664 goal=0 here=0", "l": [0.46, 0.38, 0.36, 0.31, 0.33, 0.21, 0.28, 0.95, 0.7, 1.11, 0.84, 0.4, 0.29, 0.31, 0.24, 0.38]}
{"t": 215.7, "x": -5664, "y": -6088, "h": 246.7, "d5": 0.664, "d6": "tick=92671 goal=0 here=0", "l": [0.45, 0.36, 0.38, 0.32, 0.33, 0.23, 0.27, 0.94, 0.72, 1.11, 0.85, 0.39, 0.28, 0.28, 0.23, 0.38]}
{"t": 215.8, "x": -5664, "y": -6088, "h": 243.7, "d5": 0.67, "d6": "tick=92681 goal=0 here=0", "l": [0.46, 0.4, 0.36, 0.34, 0.33, 0.2, 0.26, 0.96, 0.72, 1.13, 0.84, 0.38, 0.29, 0.29, 0.25, 0.4]}
{"t": 215.9, "x": -5663, "y": -6088, "h": 240.4, "d5": 0.656, "d6": "tick=92686 goal=0 here=0", "l": [0.46, 0.39, 0.37, 0.33, 0.33, 0.2, 0.27, 0.96, 0.72, 1.14, 0.85, 0.38, 0.3, 0.28, 0.26, 0.39]}
{"t": 215.9, "x": -5664, "y": -6088, "h": 244.1, "d5": 0.662, "d6": "tick=92692 goal=0 here=0", "l": [0.47, 0.38, 0.36, 0.32, 0.33, 0.2, 0.26, 0.96, 0.7, 1.12, 0.84, 0.4, 0.28, 0.29, 0.23, 0.39]}
{"t": 216.0, "x": -5664, "y": -6088, "h": 241.1, "d5": 0.677, "d6": "tick=92697 goal=0 here=0", "l": [0.45, 0.37, 0.37, 0.33, 0.32, 0.21, 0.27, 0.96, 0.72, 1.11, 0.83, 0.4, 0.28, 0.28, 0.23, 0.38]}
{"t": 216.1, "x": -5665, "y": -6088, "h": 242.4, "d5": 0.657, "d6": "tick=92702 goal=0 here=0", "l": [0.46, 0.38, 0.38, 0.32, 0.33, 0.19, 0.27, 0.96, 0.71, 1.12, 0.85, 0.41, 0.3, 0.28, 0.25, 0.38]}
{"t": 216.1, "x": -5663, "y": -6088, "h": 246.7, "d5": 0.669, "d6": "tick=92709 goal=0 here=0", "l": [0.46, 0.38, 0.38, 0.33, 0.33, 0.21, 0.28, 0.96, 0.73, 1.11, 0.85, 0.41, 0.3, 0.28, 0.22, 0.36]}
{"t": 216.2, "x": -5664, "y": -6088, "h": 244.7, "d5": 0.664, "d6": "tick=92715 goal=0 here=0", "l": [0.46, 0.4, 0.36, 0.32, 0.34, 0.2, 0.28, 0.95, 0.71, 1.12, 0.85, -1.0, 0.3, 0.28, 0.23, 0.38]}
{"t": 216.2, "x": -5664, "y": -6088, "h": 243.7, "d5": 0.663, "d6": "tick=92720 goal=0 here=0", "l": [0.46, 0.37, 0.36, 0.32, 0.33, 0.21, 0.26, 0.95, 0.71, 1.13, 0.84, 0.4, 0.29, 0.29, 0.25, 0.4]}
{"t": 216.3, "x": -5665, "y": -6088, "h": 244.6, "d5": 0.663, "d6": "tick=92725 goal=0 here=0", "l": [0.46, 0.38, 0.36, 0.33, 0.31, 0.2, 0.28, 0.96, 0.72, 1.12, 0.86, 0.39, 0.29, 0.27, 0.25, 0.39]}
{"t": 216.3, "x": -5664, "y": -6088, "h": 242.9, "d5": 0.678, "d6": "tick=92730 goal=0 here=0", "l": [0.46, 0.37, 0.36, 0.32, 0.31, 0.2, 0.27, 0.95, 0.71, 1.12, 0.84, 0.38, 0.29, 0.29, 0.25, 0.37]}
{"t": 216.4, "x": -5663, "y": -6087, "h": 242.3, "d5": 0.668, "d6": "tick=92735 goal=0 here=0", "l": [0.45, 0.37, 0.38, 0.33, 0.32, 0.2, 0.27, 0.96, 0.7, 1.12, 0.86, 0.4, -1.0, 0.27, 0.24, 0.39]}
{"t": 216.5, "x": -5664, "y": -6088, "h": 238.0, "d5": 0.671, "d6": "tick=92745 goal=0 here=0", "l": [0.45, -1.0, 0.37, 0.32, 0.34, 0.2, 0.28, 0.93, 0.72, 1.14, 0.85, 0.4, 0.29, 0.3, 0.25, 0.41]}
{"t": 216.7, "x": -5745, "y": -6130, "h": 242.8, "d5": 0.671, "d6": "tick=92768 goal=0 here=0", "l": [0.43, 0.32, 0.36, 0.42, 0.29, 0.26, 0.28, 1.04, 0.77, 1.18, 0.7, 0.41, 0.26, 0.27, 0.2, 0.35]}
{"t": 216.8, "x": -5757, "y": -6136, "h": 242.8, "d5": 0.694, "d6": "tick=92773 goal=0 here=0", "l": [0.4, 0.3, 0.35, 0.39, 0.31, 0.29, 0.26, 1.02, 0.77, 1.17, 0.68, 0.4, 0.28, 0.25, 0.2, 0.33]}
{"t": 216.8, "x": -5757, "y": -6136, "h": 243.3, "d5": 0.68, "d6": "tick=92780 goal=0 here=0", "l": [0.41, 0.33, 0.35, 0.39, -1.0, 0.27, 0.27, 1.03, 0.78, 1.18, 0.68, 0.41, 0.28, 0.26, 0.2, 0.34]}
{"t": 216.9, "x": -5757, "y": -6136, "h": 242.1, "d5": 0.684, "d6": "tick=92785 goal=0 here=0", "l": [0.4, 0.31, 0.36, 0.41, 0.3, 0.28, 0.26, 1.02, 0.79, 1.18, 0.68, 0.41, 0.29, 0.26, 0.21, 0.33]}
{"t": 216.9, "x": -5758, "y": -6136, "h": 238.8, "d5": 0.691, "d6": "tick=92790 goal=0 here=0", "l": [0.4, 0.3, 0.36, 0.4, 0.31, 0.27, 0.28, 1.02, 0.77, 1.18, 0.68, 0.4, 0.29, 0.24, 0.19, 0.33]}
{"t": 217.0, "x": -5756, "y": -6136, "h": 245.3, "d5": 0.671, "d6": "tick=92796 goal=0 here=0", "l": [0.4, 0.31, 0.34, 0.4, 0.31, 0.27, 0.27, 1.04, 0.8, 1.17, 0.69, 0.41, 0.29, 0.26, 0.19, 0.34]}
{"t": 219.0, "x": -5742, "y": -6137, "h": 329.7, "d5": 0.611, "d6": "tick=92997 goal=0 here=0", "l": [0.23, 2.69, 0.7, 0.79, 0.55, 0.98, 1.02, 0.48, 0.35, 0.32, 0.38, 0.35, 0.61, 0.58, 0.41, 0.2]}
{"t": 220.3, "x": -5750, "y": -6135, "h": 226.7, "d5": 0.608, "d6": "tick=93127 goal=0 here=0", "l": [0.4, 0.59, 0.56, 0.4, 0.22, 0.2, 0.78, 0.7, 0.76, 0.54, -1.0, 0.78, 0.46, 0.35, 0.31, 0.36]}
{"t": 220.4, "x": -5750, "y": -6135, "h": 224.9, "d5": 0.6, "d6": "tick=93132 goal=0 here=0", "l": [0.39, 0.57, 0.55, -1.0, 0.21, 0.2, 0.79, 0.72, 0.78, 0.55, 0.98, 0.79, 0.44, 0.36, 0.32, 0.39]}
{"t": 220.4, "x": -5750, "y": -6136, "h": 225.5, "d5": 0.618, "d6": "tick=93137 goal=0 here=0", "l": [0.39, 0.57, 0.55, 0.4, 0.22, 0.19, 0.78, 0.71, 0.76, 0.53, 0.95, 0.79, 0.46, 0.35, 0.32, 0.37]}
{"t": 220.5, "x": -5750, "y": -6136, "h": 222.9, "d5": 0.615, "d6": "tick=93142 goal=0 here=0", "l": [0.37, 0.59, 0.57, 0.39, 0.2, 0.19, 0.78, 0.69, 0.76, 0.54, 0.96, 0.8, 0.45, 0.37, 0.33, 0.39]}
{"t": 220.5, "x": -5750, "y": -6136, "h": 225.5, "d5": 0.6, "d6": "tick=93147 goal=0 here=0", "l": [0.38, 0.57, 0.55, 0.39, 0.22, 0.21, 0.77, 0.7, 0.76, 0.54, 0.99, 0.82, 0.46, 0.35, 0.33, 0.41]}
{"t": 220.6, "x": -5750, "y": -6136, "h": 223.7, "d5": 0.614, "d6": "tick=93155 goal=0 here=0", "l": [0.39, 0.57, 0.57, 0.4, 0.2, 0.19, 0.8, 0.71, 0.77, 0.53, 0.98, 0.81, 0.46, 0.36, 0.33, 0.39]}
{"t": 220.6, "x": -5751, "y": -6136, "h": 226.8, "d5": 0.614, "d6": "tick=93160 goal=0 here=0", "l": [0.4, 0.57, 0.56, 0.4, 0.2, 0.2, 0.79, 0.7, 0.76, 0.52, 0.98, 0.8, 0.44, 0.34, 0.31, 0.38]}
{"t": 220.7, "x": -5750, "y": -6136, "h": 220.5, "d5": 0.63, "d6": "tick=93165 goal=0 here=0", "l": [0.4, 0.59, 0.54, 0.39, 0.21, 0.22, 0.77, 0.72, 0.77, 0.54, 0.97, 0.8, 0.47, 0.37, -1.0, 0.39]}
{"t": 220.8, "x": -5750, "y": -6136, "h": 221.1, "d5": 0.598, "d6": "tick=93172 goal=0 here=0", "l": [0.4, 0.59, 0.57, 0.41, 0.21, 0.2, 0.78, 0.69, 0.78, 0.53, 0.98, 0.8, 0.47, 0.36, 0.31, 0.38]}
{"t": 220.9, "x": -5750, "y": -6135, "h": 224.9, "d5": 0.611, "d6": "tick=93183 goal=0 here=0", "l": [0.38, 0.6, 0.56, 0.42, 0.22, 0.2, 0.78, 0.7, 0.77, 0.54, 0.96, 0.82, 0.45, 0.38, 0.33, 0.38]}
{"t": 220.9, "x": -5751, "y": -6136, "h": 224.4, "d5": 0.621, "d6": "tick=93188 goal=0 here=0", "l": [0.39, 0.59, 0.56, 0.4, 0.19, 0.2, 0.78, 0.71, 0.76, 0.54, 0.99, 0.83, 0.46, 0.37, 0.32, 0.39]}
{"t": 221.0, "x": -5750, "y": -6135, "h": 224.5, "d5": 0.609, "d6": "tick=93193 goal=0 here=0", "l": [0.39, 0.6, 0.56, 0.39, 0.2, 0.2, 0.79, 0.73, 0.77, 0.53, 1.0, 0.79, 0.45, 0.35, 0.33, 0.39]}
{"t": 221.0, "x": -5750, "y": -6136, "h": 223.9, "d5": 0.597, "d6": "tick=93198 goal=0 here=0", "l": [0.37, 0.56, 0.56, 0.4, 0.2, 0.21, 0.78, 0.71, 0.74, 0.53, 0.97, 0.79, 0.46, 0.36, 0.34, 0.39]}
{"t": 221.1, "x": -5750, "y": -6135, "h": 224.9, "d5": 0.617, "d6": "tick=93203 goal=0 here=0", "l": [0.39, 0.58, 0.56, 0.41, 0.21, 0.2, 0.78, 0.71, 0.76, 0.52, 0.99, 0.81, 0.47, -1.0, 0.32, 0.38]}
{"t": 221.1, "x": -5750, "y": -6136, "h": 222.7, "d5": 0.614, "d6": "tick=93209 goal=0 here=0", "l": [0.38, 0.59, 0.57, 0.39, 0.23, 0.21, 0.77, 0.71, 0.75, 0.54, 0.97, 0.8, 0.47, 0.37, 0.33, 0.39]}
{"t": 221.2, "x": -5750, "y": -6136, "h": 222.9, "d5": 0.614, "d6": "tick=93214 goal=0 here=0", "l": [0.38, 0.58, 0.54, 0.4, 0.21, 0.2, 0.78, 0.71, 0.76, 0.56, 0.98, 0.79, 0.45, 0.36, 0.34, 0.39]}
{"t": 221.2, "x": -5751, "y": -6136, "h": 225.6, "d5": 0.615, "d6": "tick=93219 goal=0 here=0", "l": [0.38, 0.59, 0.56, 0.4, 0.21, 0.22, 0.77, 0.72, 0.77, 0.55, 0.98, 0.8, 0.46, 0.35, 0.31, 0.39]}
{"t": 221.3, "x": -5750, "y": -6136, "h": 223.7, "d5": 0.624, "d6": "tick=93224 goal=0 here=0", "l": [0.39, 0.59, 0.57, 0.41, 0.21, 0.19, 0.79, 0.71, 0.75, 0.53, 0.99, 0.82, 0.47, 0.36, 0.33, 0.37]}
{"t": 221.3, "x": -5751, "y": -6137, "h": 221.7, "d5": 0.618, "d6": "tick=93229 goal=0 here=0", "l": [0.39, 0.57, 0.55, 0.4, 0.21, 0.21, 0.77, 0.7, 0.77, 0.54, 1.0, 0.8, 0.44, 0.36, 0.33, 0.39]}
{"t": 221.4, "x": -5750, "y": -6136, "h": 221.3, "d5": 0.605, "d6": "tick=93234 goal=0 here=0", "l": [0.37, 0.59, 0.56, 0.4, 0.19, 0.19, 0.78, 0.71, 0.77, 0.52, 0.98, 0.81, 0.45, 0.37, 0.33, 0.38]}
{"t": 221.4, "x": -5750, "y": -6136, "h": 217.8, "d5": 0.606, "d6": "tick=93239 goal=0 here=0", "l": [0.38, -1.0, 0.54, 0.41, 0.2, 0.2, 0.77, 0.71, 0.75, 0.52, 0.96, 0.79, 0.45, 0.36, 0.34, 0.38]}
{"t": 221.5, "x": -5751, "y": -6137, "h": 224.2, "d5": 0.61, "d6": "tick=93244 goal=0 here=0", "l": [0.38, 0.57, 0.57, 0.41, 0.2, 0.2, 0.75, 0.71, 0.77, 0.53, 0.96, 0.82, 0.45, 0.39, 0.33, 0.38]}
{"t": 221.5, "x": -5750, "y": -6135, "h": 223.6, "d5": 0.607, "d6": "tick=93249 goal=0 here=0", "l": [0.39, 0.58, 0.56, 0.4, 0.22, 0.21, 0.78, 0.7, 0.77, 0.54, 0.99, 0.79, 0.46, 0.36, 0.31, 0.38]}
{"t": 221.6, "x": -5750, "y": -6136, "h": 220.0, "d5": 0.61, "d6": "tick=93255 goal=0 here=0", "l": [0.37, 0.59, 0.57, 0.39, 0.2, 0.18, 0.79, 0.71, 0.76, 0.53, 0.99, 0.81, 0.44, 0.37, 0.33, 0.37]}
{"t": 221.6, "x": -5750, "y": -6135, "h": 221.7, "d5": 0.602, "d6": "tick=93260 goal=0 here=0", "l": [0.38, 0.59, 0.56, 0.42, 0.2, 0.19, 0.77, 0.69, 0.77, 0.54, 0.97, 0.8, 0.46, 0.37, 0.33, 0.39]}
{"t": 221.7, "x": -5750, "y": -6136, "h": 220.0, "d5": 0.607, "d6": "tick=93265 goal=0 here=0", "l": [0.38, 0.58, 0.55, 0.41, 0.2, 0.21, 0.78, 0.7, 0.77, 0.54, 0.98, 0.79, 0.46, 0.36, 0.33, 0.41]}
{"t": 221.7, "x": -5750, "y": -6136, "h": 223.8, "d5": 0.606, "d6": "tick=93270 goal=0 here=0", "l": [0.38, 0.59, 0.54, 0.42, 0.2, 0.21, 0.78, 0.69, 0.75, 0.53, 0.98, 0.82, 0.47, 0.36, 0.32, 0.37]}
{"t": 221.8, "x": -5750, "y": -6135, "h": 223.9, "d5": 0.616, "d6": "tick=93275 goal=0 here=0", "l": [0.4, 0.59, 0.56, 0.38, 0.2, 0.21, 0.77, 0.69, 0.77, 0.53, 0.97, 0.8, 0.46, 0.35, 0.33, 0.39]}
{"t": 221.8, "x": -5750, "y": -6135, "h": 222.9, "d5": 0.604, "d6": "tick=93280 goal=0 here=0", "l": [0.37, 0.57, 0.55, 0.41, 0.2, 0.2, 0.77, 0.7, 0.76, 0.53, 0.99, 0.82, 0.44, 0.37, 0.31, 0.38]}
{"t": 221.9, "x": -5750, "y": -6136, "h": 227.2, "d5": 0.593, "d6": "tick=93290 goal=0 here=0", "l": [0.38, 0.57, 0.57, 0.41, 0.2, 0.2, 0.77, 0.69, 0.76, 0.54, 0.98, 0.8, 0.46, 0.35, 0.33, 0.39]}
{"t": 222.3, "x": -5750, "y": -6136, "h": 210.7, "d5": 0.624, "d6": "tick=93327 goal=0 here=0", "l": [0.36, 0.54, 0.52, 0.48, 0.36, 0.2, 0.2, 0.73, 0.84, 0.61, 1.6, 0.98, 0.57, 0.35, 0.36, 0.34]}
{"t": 222.4, "x": -5751, "y": -6137, "h": 211.0, "d5": 0.613, "d6": "tick=93333 goal=0 here=0", "l": [0.36, 0.53, 0.52, 0.49, 0.37, 0.17, 0.2, 0.73, 0.84, 0.62, 1.6, 0.99, 0.54, 0.35, 0.35, 0.33]}
{"t": 222.4, "x": -5751, "y": -6138, "h": 208.2, "d5": 0.601, "d6": "tick=93338 goal=0 here=0", "l": [0.36, 0.55, 0.5, 0.49, 0.36, 0.21, 0.2, 0.73, 0.82, 0.62, 1.6, 0.99, 0.53, 0.36, 0.35, 0.34]}
{"t": 222.5, "x": -5751, "y": -6137, "h": 209.1, "d5": 0.613, "d6": "tick=93343 goal=0 here=0", "l": [0.37, 0.54, 0.5, 0.47, 0.38, 0.2, 0.2, 0.73, 0.85, 0.61, 1.59, 0.97, 0.57, 0.34, 0.36, 0.32]}
{"t": 224.8, "x": -5743, "y": -6138, "h": 85.5, "d5": 0.556, "d6": "tick=93575 goal=0 here=0", "l": [1.38, 0.9, 0.74, 0.55, 0.5, 0.51, 0.67, 0.65, 0.25, 0.55, 0.78, 1.33, 0.56, 0.55, 0.58, 0.44]}
{"t": 226.0, "x": -5747, "y": -6132, "h": 212.7, "d5": 0.561, "d6": "tick=93700 goal=0 here=0", "l": [0.56, 0.78, 0.59, 0.61, 0.72, 1.14, 0.53, 0.5, 0.66, 0.43, 0.38, 0.86, 0.82, 0.56, 0.46, 0.49]}
{"t": 226.3, "x": -5796, "y": -6210, "h": 212.1, "d5": 0.577, "d6": "tick=93723 goal=0 here=0", "l": [0.53, 0.75, 0.61, 0.21, 0.72, 0.96, 2.63, 0.56, 0.67, 0.46, 1.48, 0.86, 0.76, 0.54, 0.45, 0.47]}
{"t": 226.5, "x": -5847, "y": -6298, "h": 210.4, "d5": 0.586, "d6": "tick=93746 goal=0 here=0", "l": [0.48, 0.69, 0.62, 0.41, 0.19, 0.95, 2.58, 0.61, 0.73, 0.52, 1.52, 0.91, 0.74, 0.51, 0.42, 0.44]}
{"t": 226.7, "x": -5902, "y": -6388, "h": 211.2, "d5": 0.583, "d6": "tick=93769 goal=0 here=0", "l": [0.41, 0.59, 0.56, 0.55, 0.2, 0.16, 2.15, 0.67, 0.79, 0.58, 1.56, 0.94, 0.7, 0.4, 0.39, 0.39]}
{"t": 226.8, "x": -5909, "y": -6399, "h": 213.0, "d5": 0.598, "d6": "tick=93779 goal=0 here=0", "l": [0.42, 0.59, 0.55, -1.0, 0.18, 0.18, 2.15, 0.7, 0.77, 0.56, 1.56, 0.94, 0.68, 0.38, 0.39, 0.38]}
{"t": 226.9, "x": -5909, "y": -6399, "h": 209.9, "d5": 0.6, "d6": "tick=93784 goal=0 here=0", "l": [0.42, 0.59, 0.56, 0.53, 0.21, 0.19, 2.15, 0.7, 0.78, 0.58, 1.57, 0.93, 0.68, 0.37, 0.39, 0.39]}
{"t": 227.0, "x": -5909, "y": -6399, "h": 209.2, "d5": 0.596, "d6": "tick=93794 goal=0 here=0", "l": [0.42, 0.6, 0.58, 0.52, 0.21, 0.18, 2.13, 0.7, 0.77, 0.56, 1.56, 0.94, 0.68, 0.36, 0.42, 0.38]}
{"t": 227.0, "x": -5909, "y": -6399, "h": 212.1, "d5": 0.591, "d6": "tick=93801 goal=0 here=0", "l": [0.43, -1.0, 0.58, 0.52, 0.21, 0.18, 2.13, 0.71, 0.76, 0.57, 1.56, 0.94, 0.68, 0.39, 0.38, 0.4]}
{"t": 227.1, "x": -5909, "y": -6399, "h": 214.1, "d5": 0.591, "d6": "tick=93806 goal=0 here=0", "l": [0.4, 0.6, 0.54, 0.54, 0.19, 0.17, 2.16, 0.69, 0.78, 0.58, 1.58, 0.93, 0.66, 0.38, 0.4, 0.39]}
{"t": 227.1, "x": -5909, "y": -6399, "h": 210.7, "d5": 0.602, "d6": "tick=93812 goal=0 here=0", "l": [0.4, 0.58, 0.56, 0.52, 0.19, 0.17, 2.14, 0.69, 0.77, 0.58, 1.56, 0.93, 0.68, 0.38, 0.38, 0.38]}
{"t": 227.2, "x": -5909, "y": -6399, "h": 211.0, "d5": 0.595, "d6": "tick=93817 goal=0 here=0", "l": [0.43, 0.59, 0.56, 0.53, 0.2, 0.17, 2.15, 0.69, 0.77, 0.59, 1.57, 0.92, 0.69, 0.41, 0.4, 0.39]}
{"t": 227.2, "x": -5909, "y": -6399, "h": 215.4, "d5": 0.606, "d6": "tick=93822 goal=0 here=0", "l": [0.42, 0.58, 0.57, 0.52, 0.2, 0.18, 2.12, -1.0, 0.79, 0.58, 1.56, 0.94, 0.68, 0.39, 0.4, 0.38]}
{"t": 227.3, "x": -5909, "y": -6399, "h": 208.8, "d5": 0.601, "d6": "tick=93827 goal=0 here=0", "l": [0.42, 0.6, 0.58, 0.53, 0.19, 0.17, 2.15, 0.69, 0.79, 0.57, 1.57, 0.93, 0.68, 0.39, 0.41, 0.38]}
{"t": 227.3, "x": -5909, "y": -6399, "h": 212.1, "d5": 0.607, "d6": "tick=93832 goal=0 here=0", "l": [0.41, 0.6, 0.56, 0.51, 0.19, 0.17, 2.13, 0.7, 0.79, 0.57, 1.56, 0.95, 0.67, 0.39, 0.38, 0.39]}
{"t": 227.4, "x": -5909, "y": -6398, "h": 210.8, "d5": 0.591, "d6": "tick=93837 goal=0 here=0", "l": [0.42, 0.58, 0.56, 0.51, 0.21, 0.17, 2.14, 0.71, 0.78, 0.58, 1.56, 0.93, 0.69, 0.38, 0.42, 0.39]}
{"t": 227.4, "x": -5908, "y": -6398, "h": 213.3, "d5": 0.587, "d6": "tick=93842 goal=0 here=0", "l": [0.43, 0.59, 0.54, 0.53, 0.21, 0.18, 2.15, 0.71, 0.78, 0.58, 1.56, 0.92, 0.69, 0.39, 0.42, 0.39]}
{"t": 227.6, "x": -5909, "y": -6399, "h": 213.1, "d5": 0.605, "d6": "tick=93852 goal=0 here=0", "l": [0.43, 0.6, 0.55, 0.52, 0.19, 0.19, 2.15, 0.69, 0.79, 0.58, 1.58, 0.94, 0.68, 0.39, 0.38, 0.37]}
{"t": 227.7, "x": -5909, "y": -6398, "h": 208.8, "d5": 0.591, "d6": "tick=93866 goal=0 here=0", "l": [0.41, 0.59, 0.57, 0.53, 0.2, 0.17, 2.14, 0.69, 0.8, 0.55, 1.55, 0.95, 0.68, 0.37, 0.39, 0.38]}
{"t": 227.7, "x": -5909, "y": -6399, "h": 209.4, "d5": 0.607, "d6": "tick=93869 goal=0 here=0", "l": [0.44, 0.58, 0.56, 0.52, 0.18, 0.17, 2.14, 0.69, 0.79, 0.57, 1.56, 0.94, 0.69, 0.4, 0.41, 0.37]}
{"t": 227.8, "x": -5909, "y": -6398, "h": 208.7, "d5": 0.592, "d6": "tick=93874 goal=0 here=0", "l": [0.42, 0.58, 0.56, 0.52, 0.2, 0.17, 2.14, 0.69, 0.77, -1.0, 1.56, 0.94, 0.68, 0.38, 0.38, 0.39]}
{"t": 227.9, "x": -5909, "y": -6400, "h": 210.1, "d5": 0.608, "d6": "tick=93884 goal=0 here=0", "l": [0.42, 0.59, 0.54, 0.51, 0.21, 0.19, 2.13, 0.68, 0.77, 0.58, 1.56, 0.91, 0.67, 0.39, 0.38, 0.4]}
{"t": 228.1, "x": -5953, "y": -6478, "h": 209.1, "d5": 0.602, "d6": "tick=93907 goal=0 here=0", "l": [0.38, 0.54, 0.51, 0.47, 0.36, 0.2, 0.2, 0.72, 0.84, 0.62, 1.59, 0.97, 0.56, 0.35, 0.36, 0.34]}
{"t": 228.2, "x": -5960, "y": -6490, "h": 210.4, "d5": 0.616, "d6": "tick=93912 goal=0 here=0", "l": [0.37, 0.53, 0.5, 0.49, 0.39, 0.21, 0.2, 0.72, 0.85, 0.62, 1.59, 0.99, 0.55, 0.34, 0.36, 0.33]}
{"t": 228.2, "x": -5960, "y": -6490, "h": 211.3, "d5": 0.601, "d6": "tick=93920 goal=0 here=0", "l": [0.35, 0.51, 0.5, 0.49, 0.37, 0.23, 0.23, 0.73, 0.84, 0.62, 1.6, 0.98, 0.53, 0.35, 0.35, 0.33]}
{"t": 228.3, "x": -5960, "y": -6490, "h": 209.7, "d5": 0.613, "d6": "tick=93925 goal=0 here=0", "l": [0.36, 0.52, 0.48, 0.49, 0.37, -1.0, 0.2, 0.75, 0.84, 0.62, 1.6, 0.98, 0.56, 0.33, 0.34, 0.33]}
{"t": 230.1, "x": -5949, "y": -6482, "h": 295.2, "d5": 0.568, "d6": "tick=94108 goal=0 here=0", "l": [0.61, 0.81, 1.56, 0.56, 0.63, 0.59, 0.42, 0.87, 0.96, 0.68, 0.49, 0.5, 0.55, 0.73, 0.69, 0.2]}
{"t": 231.0, "x": -5956, "y": -6485, "h": 211.1, "d5": 0.557, "d6": "tick=94200 goal=0 here=0", "l": [0.57, 0.8, 0.66, 0.19, 0.73, 0.93, -1.0, 0.51, 0.64, 0.42, 0.41, 0.87, 1.0, 0.57, 0.45, 0.5]}
{"t": 231.3, "x": -5994, "y": -6567, "h": 204.9, "d5": 0.577, "d6": "tick=94223 goal=0 here=0", "l": [0.53, 0.72, 0.66, 0.22, 0.14, 0.93, 2.07, 0.6, 0.68, 0.49, 0.44, 0.91, 0.96, 0.54, 0.43, 0.45]}
{"t": 231.5, "x": -6038, "y": -6662, "h": 205.2, "d5": 0.58, "d6": "tick=94245 goal=0 here=0", "l": [0.48, 0.63, 0.57, 0.55, 0.2, 0.16, 1.74, 0.64, 0.73, 0.53, 0.45, 0.92, 0.83, 0.53, 0.4, 0.41]}
{"t": 231.7, "x": -6077, "y": -6755, "h": 202.2, "d5": 0.603, "d6": "tick=94268 goal=0 here=0", "l": [0.46, 0.44, 0.57, 0.52, 0.4, 0.19, 0.17, 0.66, 0.79, 0.59, 1.56, 0.94, 0.8, 0.49, 0.38, 0.35]}
{"t": 232.1, "x": -6082, "y": -6767, "h": 215.9, "d5": 0.586, "d6": "tick=94312 goal=0 here=0", "l": [0.4, 0.66, 0.6, 0.42, 0.21, 0.2, 2.73, 0.67, 0.73, 0.53, 0.99, 1.01, 0.51, 0.35, 0.36, 0.38]}
{"t": 232.2, "x": -6082, "y": -6768, "h": 216.0, "d5": 0.604, "d6": "tick=94317 goal=0 here=0", "l": [0.41, 0.66, 0.59, -1.0, 0.21, 0.2, 2.71, 0.67, 0.75, 0.52, 0.98, 1.03, 0.53, 0.35, 0.37, 0.38]}
{"t": 232.3, "x": -6083, "y": -6768, "h": 220.6, "d5": 0.596, "d6": "tick=94322 goal=0 here=0", "l": [0.41, 0.67, 0.61, 0.41, 0.2, 0.18, 2.73, 0.66, 0.74, 0.55, 0.98, 1.01, 0.51, 0.35, 0.37, 0.4]}
{"t": 232.3, "x": -6082, "y": -6767, "h": 215.4, "d5": 0.6, "d6": "tick=94327 goal=0 here=0", "l": [0.4, 0.66, 0.59, 0.41, 0.21, 0.19, 2.72, 0.65, 0.75, 0.52, 0.98, 1.02, 0.53, 0.36, 0.36, 0.4]}
{"t": 232.4, "x": -6082, "y": -6767, "h": 217.3, "d5": 0.608, "d6": "tick=94332 goal=0 here=0", "l": [0.4, 0.66, 0.6, 0.42, 0.19, 0.18, 2.74, 0.67, 0.75, 0.53, 0.95, 1.02, 0.51, 0.38, 0.36, 0.38]}
{"t": 232.4, "x": -6082, "y": -6767, "h": 220.9, "d5": 0.609, "d6": "tick=94337 goal=0 here=0", "l": [0.41, 0.66, 0.6, 0.42, 0.22, 0.18, 2.72, 0.64, 0.76, 0.55, 0.96, 1.02, 0.53, 0.35, 0.38, 0.4]}
{"t": 232.5, "x": -6082, "y": -6767, "h": 216.9, "d5": 0.611, "d6": "tick=94342 goal=0 here=0", "l": [0.4, 0.65, 0.61, 0.4, 0.2, 0.18, 2.71, 0.68, 0.75, 0.54, 0.96, 1.03, 0.51, 0.36, 0.38, 0.39]}
{"t": 232.5, "x": -6082, "y": -6768, "h": 219.4, "d5": 0.597, "d6": "tick=94347 goal=0 here=0", "l": [0.42, 0.64, 0.59, 0.42, 0.22, 0.19, 2.71, 0.65, 0.73, 0.55, 0.97, 1.0, 0.52, 0.34, 0.36, 0.38]}
{"t": 232.6, "x": -6082, "y": -6767, "h": 216.4, "d5": 0.592, "d6": "tick=94352 goal=0 here=0", "l": [0.37, 0.65, 0.59, 0.4, 0.21, 0.19, 2.73, 0.68, 0.78, 0.53, 0.97, 1.02, 0.5, -1.0, 0.35, 0.39]}
{"t": 232.6, "x": -6083, "y": -6768, "h": 223.4, "d5": 0.605, "d6": "tick=94357 goal=0 here=0", "l": [0.4, 0.66, 0.59, 0.41, 0.23, 0.19, 2.71, 0.66, 0.74, 0.54, 0.96, 1.02, 0.52, 0.36, 0.38, 0.37]}
{"t": 232.7, "x": -6083, "y": -6768, "h": 216.5, "d5": 0.6, "d6": "tick=94362 goal=0 here=0", "l": [0.41, 0.66, 0.59, 0.41, 0.21, 0.19, 2.73, 0.64, 0.76, 0.54, 0.97, 1.01, 0.5, 0.37, 0.38, 0.4]}
{"t": 232.7, "x": -6083, "y": -6768, "h": 218.6, "d5": 0.596, "d6": "tick=94367 goal=0 here=0", "l": [0.4, 0.64, 0.59, 0.41, 0.2, 0.19, 2.73, 0.67, 0.74, 0.54, 0.96, 1.02, 0.5, 0.37, 0.35, 0.37]}
{"t": 232.8, "x": -6083, "y": -6767, "h": 217.1, "d5": 0.589, "d6": "tick=94372 goal=0 here=0", "l": [0.39, 0.65, 0.59, 0.42, 0.23, 0.19, 2.74, 0.66, 0.74, 0.53, 0.94, 1.01, 0.52, 0.37, 0.37, 0.38]}
{"t": 232.8, "x": -6083, "y": -6768, "h": 216.6, "d5": 0.59, "d6": "tick=94377 goal=0 here=0", "l": [0.39, 0.65, 0.6, 0.41, 0.2, 0.19, 2.73, 0.65, 0.76, 0.53, 0.97, 1.0, 0.52, 0.35, 0.37, 0.38]}
{"t": 232.9, "x": -6083, "y": -6767, "h": 218.2, "d5": 0.59, "d6": "tick=94382 goal=0 here=0", "l": [0.38, 0.65, 0.59, 0.43, 0.21, 0.2, 2.71, 0.66, 0.74, 0.54, 0.95, 1.01, 0.53, 0.34, 0.36, 0.39]}
{"t": 232.9, "x": -6083, "y": -6767, "h": 219.0, "d5": 0.601, "d6": "tick=94387 goal=0 here=0", "l": [0.41, 0.66, 0.6, 0.41, 0.2, 0.19, 2.74, 0.66, 0.75, 0.54, 0.97, 1.02, 0.49, 0.34, 0.36, 0.37]}
{"t": 233.0, "x": -6082, "y": -6767, "h": 220.5, "d5": 0.585, "d6": "tick=94392 goal=0 here=0", "l": [0.39, 0.65, 0.62, 0.42, 0.21, 0.2, 2.72, 0.67, 0.73, 0.53, -1.0, 1.02, 0.52, 0.35, 0.35, 0.38]}
{"t": 233.0, "x": -6083, "y": -6768, "h": 218.1, "d5": 0.604, "d6": "tick=94397 goal=0 here=0", "l": [0.4, 0.65, 0.6, 0.42, 0.21, 0.19, 2.71, 0.66, 0.74, 0.52, 0.95, 1.02, 0.49, 0.36, 0.36, 0.39]}
{"t": 233.1, "x": -6083, "y": -6767, "h": 215.6, "d5": 0.6, "d6": "tick=94402 goal=0 here=0", "l": [0.41, 0.64, 0.61, 0.43, 0.19, 0.19, 2.73, 0.69, 0.75, 0.54, 0.96, 1.03, 0.51, 0.35, 0.37, 0.4]}
{"t": 233.1, "x": -6083, "y": -6767, "h": 222.0, "d5": 0.604, "d6": "tick=94408 goal=0 here=0", "l": [0.4, 0.65, 0.59, 0.43, 0.21, 0.2, 2.71, 0.65, 0.72, 0.55, 0.97, 1.01, 0.51, 0.36, 0.37, 0.37]}
{"t": 233.2, "x": -6082, "y": -6767, "h": 215.7, "d5": 0.609, "d6": "tick=94418 goal=0 here=0", "l": [0.39, 0.64, 0.61, 0.42, 0.19, 0.2, 2.7, 0.65, 0.74, 0.53, 0.98, 1.01, 0.5, 0.37, 0.38, 0.38]}
{"t": 233.2, "x": -6082, "y": -6767, "h": 221.4, "d5": 0.58, "d6": "tick=94421 goal=0 here=0", "l": [0.4, 0.65, 0.6, 0.4, 0.2, 0.21, 2.71, 0.67, 0.75, 0.52, 0.97, 1.02, 0.51, 0.34, 0.36, 0.37]}
{"t": 233.3, "x": -6083, "y": -6768, "h": 221.4, "d5": 0.599, "d6": "tick=94426 goal=0 here=0", "l": [0.41, 0.66, 0.61, 0.43, 0.21, 0.2, 2.71, 0.67, 0.75, 0.54, 0.97, 0.98, 0.52, 0.35, 0.36, 0.38]}
{"t": 233.3, "x": -6083, "y": -6768, "h": 216.9, "d5": 0.61, "d6": "tick=94431 goal=0 here=0", "l": [0.4, 0.66, 0.6, 0.4, 0.21, 0.19, 2.72, 0.66, 0.76, 0.53, 0.97, 1.02, 0.51, 0.37, 0.37, 0.37]}
{"t": 233.4, "x": -6083, "y": -6767, "h": 219.7, "d5": 0.605, "d6": "tick=94436 goal=0 here=0", "l": [0.4, 0.63, 0.58, 0.42, 0.21, 0.2, 2.7, 0.66, 0.76, 0.54, 0.96, 1.01, 0.5, 0.35, 0.37, 0.39]}
{"t": 233.4, "x": -6082, "y": -6767, "h": 217.6, "d5": 0.596, "d6": "tick=94441 goal=0 here=0", "l": [0.41, 0.65, 0.58, 0.42, 0.19, 0.18, 2.71, 0.65, 0.76, 0.55, 0.97, 1.01, 0.51, 0.36, 0.36, 0.39]}
{"t": 233.5, "x": -6083, "y": -6768, "h": 217.7, "d5": 0.584, "d6": "tick=94446 goal=0 here=0", "l": [0.41, 0.65, 0.61, 0.42, 0.21, 0.2, 2.71, 0.66, 0.75, 0.54, 0.97, 1.01, 0.51, 0.35, 0.38, 0.39]}
{"t": 233.5, "x": -6083, "y": -6768, "h": 220.9, "d5": 0.602, "d6": "tick=94451 goal=0 here=0", "l": [0.4, 0.66, 0.59, 0.43, 0.19, 0.2, 2.73, 0.66, 0.74, 0.54, 0.95, 1.02, 0.53, 0.36, 0.38, 0.37]}
{"t": 233.6, "x": -6083, "y": -6768, "h": 219.1, "d5": 0.599, "d6": "tick=94456 goal=0 here=0", "l": [0.39, 0.64, 0.6, 0.4, 0.19, 0.2, 2.74, 0.67, 0.74, 0.53, 0.97, 1.02, 0.51, 0.37, 0.39, 0.37]}
{"t": 233.7, "x": -6082, "y": -6767, "h": 221.1, "d5": 0.596, "d6": "tick=94466 goal=0 here=0", "l": [0.41, 0.64, 0.59, 0.41, 0.21, 0.17, 2.72, 0.65, 0.74, 0.53, 0.96, 1.01, 0.52, 0.37, 0.37, 0.38]}
{"t": 233.7, "x": -6083, "y": -6767, "h": 219.8, "d5": 0.604, "d6": "tick=94470 goal=0 here=0", "l": [0.39, 0.65, 0.59, 0.41, 0.2, 0.19, 2.74, 0.66, 0.73, 0.51, 0.96, 1.02, 0.51, 0.37, 0.35, 0.36]}
{"t": 233.8, "x": -6083, "y": -6767, "h": 218.1, "d5": 0.599, "d6": "tick=94475 goal=0 here=0", "l": [0.41, 0.64, 0.6, 0.4, 0.2, 0.2, 2.71, 0.65, 0.75, 0.56, 0.96, 1.03, 0.51, 0.35, 0.36, 0.4]}
{"t": 233.9, "x": -6082, "y": -6767, "h": 219.1, "d5": 0.594, "d6": "tick=94482 goal=0 here=0", "l": [0.42, 0.65, 0.6, 0.42, 0.21, 0.18, 2.72, 0.65, 0.74, 0.55, 0.98, 1.03, 0.51, 0.35, 0.37, 0.37]}
{"t": 234.0, "x": -6083, "y": -6767, "h": 221.4, "d5": 0.597, "d6": "tick=94492 goal=0 here=0", "l": [0.41, 0.64, 0.58, 0.41, 0.19, 0.2, 2.7, 0.66, 0.74, 0.55, 0.98, 1.01, 0.51, 0.35, 0.38, 0.38]}
{"t": 234.0, "x": -6082, "y": -6767, "h": 222.3, "d5": 0.596, "d6": "tick=94496 goal=0 here=0", "l": [0.39, 0.64, 0.59, 0.42, 0.21, 0.2, 2.71, 0.66, 0.73, 0.54, 0.96, 1.03, 0.51, 0.34, 0.38, 0.38]}
{"t": 234.0, "x": -6082, "y": -6767, "h": 218.3, "d5": 0.587, "d6": "tick=94501 goal=0 here=0", "l": [0.4, 0.64, 0.61, 0.42, 0.18, 0.19, 2.72, 0.68, 0.75, 0.55, 0.97, -1.0, -1.0, 0.35, 0.35, 0.39]}
{"t": 235.1, "x": -6080, "y": -6775, "h": 112.6, "d5": 0.598, "d6": "tick=94609 goal=0 here=0", "l": [0.75, 0.44, 0.38, 0.34, 0.43, 0.59, 0.55, 0.53, 0.39, 0.19, 0.18, 0.71, 0.81, 0.57, 1.51, 0.9]}
{"t": 235.5, "x": -5988, "y": -6823, "h": 117.6, "d5": 0.59, "d6": "tick=94643 goal=0 here=0", "l": [0.65, 0.38, 0.31, 0.33, 0.38, 0.42, 0.61, 0.58, 0.46, 0.27, 2.17, 0.7, 0.82, 0.55, 1.51, 0.85]}
{"t": 235.9, "x": -5939, "y": -6845, "h": 98.9, "d5": 0.593, "d6": "tick=94690 goal=0 here=0", "l": [0.91, 0.5, 0.36, 0.31, 0.32, 0.4, 0.46, 0.6, 0.6, 0.29, 0.26, 2.74, 0.7, 0.72, 0.48, 1.43]}
{"t": 236.2, "x": -5851, "y": -6866, "h": 103.4, "d5": 0.571, "d6": "tick=94714 goal=0 here=0", "l": [0.86, 0.58, 0.38, 0.26, 0.33, 0.38, 0.46, 0.65, 0.64, 0.32, 1.09, 2.71, 0.7, 0.72, 0.42, 1.39]}
{"t": 236.4, "x": -5746, "y": -6874, "h": 94.3, "d5": 0.574, "d6": "tick=94736 goal=0 here=0", "l": [0.75, 0.56, 0.38, 0.23, 0.29, 0.35, 0.47, 0.77, 0.68, 0.39, 1.14, 0.73, 0.75, 0.5, 1.71, 1.36]}
{"t": 236.6, "x": -5645, "y": -6896, "h": 102.1, "d5": 0.575, "d6": "tick=94760 goal=0 here=0", "l": [0.72, 0.51, 0.29, 0.28, 0.23, 0.37, 0.53, 0.8, 0.73, 0.4, 1.18, 0.78, 0.78, 0.48, 1.5, 0.74]}
{"t": 236.9, "x": -5541, "y": -6920, "h": 102.9, "d5": 0.566, "d6": "tick=94783 goal=0 here=0", "l": [0.69, 0.47, 0.28, 0.28, 0.22, 0.35, 0.53, 0.85, 0.79, 0.43, 1.45, 0.8, 0.76, 0.36, 1.48, 0.71]}
{"t": 237.1, "x": -5438, "y": -6942, "h": 102.3, "d5": 0.552, "d6": "tick=94806 goal=0 here=0", "l": [0.66, 0.44, 0.27, 0.26, 0.26, 0.27, 0.51, 0.9, 0.89, 1.05, 1.57, 0.74, 0.48, 0.85, 1.37, 0.67]}
{"t": 237.3, "x": -5336, "y": -6965, "h": 102.8, "d5": 0.533, "d6": "tick=94829 goal=0 here=0", "l": [0.61, 0.4, 0.27, 0.23, 0.27, 0.26, 0.47, 0.95, 0.93, 1.12, 1.65, 0.76, 0.43, 0.9, 1.28, 0.58]}
{"t": 237.5, "x": -5232, "y": -6983, "h": 99.7, "d5": 0.52, "d6": "tick=94851 goal=0 here=0", "l": [0.57, 0.34, 0.28, 0.2, 0.23, 0.28, 0.47, 0.99, 0.98, 1.18, 0.9, 0.84, 0.85, 2.66, 1.19, 0.5]}
{"t": 238.0, "x": -5221, "y": -6985, "h": 80.5, "d5": 0.537, "d6": "tick=94900 goal=0 here=0", "l": [0.51, 0.55, 0.35, 0.3, 0.22, 0.22, 0.28, 0.47, 1.03, 0.99, 1.16, 1.95, 0.83, 0.83, 2.67, 1.2]}
{"t": 238.3, "x": -5132, "y": -6967, "h": 78.5, "d5": 0.512, "d6": "tick=94923 goal=0 here=0", "l": [0.47, 0.52, 0.47, 0.29, 0.23, 0.21, 0.31, 0.49, 1.09, 1.02, 1.21, 0.92, 0.84, 0.82, 2.65, 1.15]}
{"t": 238.8, "x": -5116, "y": -6960, "h": 42.6, "d5": 0.517, "d6": "tick=94976 goal=0 here=0", "l": [1.5, 0.51, 0.4, 0.53, 0.32, 0.28, 0.22, 0.22, 0.32, 0.63, 1.03, 0.67, 1.39, 0.85, 0.35, 0.8]}
{"t": 239.4, "x": -5118, "y": -6962, "h": 82.9, "d5": 0.525, "d6": "tick=95042 goal=0 here=0", "l": [0.41, 0.51, 0.34, 0.3, 0.22, 0.22, 0.32, 0.55, 1.03, 0.88, 1.25, 0.91, 0.47, 0.8, 2.38, 1.1]}
{"t": 240.1, "x": -5116, "y": -6961, "h": 40.5, "d5": 0.524, "d6": "tick=95107 goal=0 here=0", "l": [1.5, 0.51, 0.41, 0.51, 0.31, 0.28, 0.23, 0.24, 0.32, 0.65, 1.04, 0.67, 1.39, 0.84, 0.36, 0.8]}
{"t": 240.6, "x": -5119, "y": -6962, "h": 70.4, "d5": 0.511, "d6": "tick=95153 goal=0 here=0", "l": [0.49, 0.42, 0.55, 0.28, 0.23, 0.21, 0.29, 0.35, 0.82, 1.01, 1.18, 1.69, 0.82, 0.8, 0.86, 1.21]}
{"t": 240.8, "x": -5031, "y": -6932, "h": 71.4, "d5": 0.519, "d6": "tick=95175 goal=0 here=0", "l": [0.47, 0.37, 0.49, 0.3, 0.28, 0.24, 0.25, 0.35, 0.82, 1.07, 1.2, 1.66, 0.82, 0.78, 0.8, 1.26]}
{"t": 241.3, "x": -5020, "y": -6925, "h": 31.5, "d5": 0.514, "d6": "tick=95228 goal=0 here=0", "l": [2.65, 1.09, 0.41, 0.39, 0.48, 0.28, 0.27, 0.22, 0.29, 0.38, 1.12, 1.09, 1.24, 0.92, 0.34, 0.81]}
{"t": 241.5, "x": -4971, "y": -6849, "h": 33.1, "d5": 0.504, "d6": "tick=95251 goal=0 here=0", "l": [-1.0, 1.1, 0.42, 0.34, 0.47, 0.34, 0.31, 0.28, -1.0, 0.45, 1.17, 0.96, 1.26, -1.0, 0.53, 0.75]}
{"t": 241.8, "x": -4916, "y": -6758, "h": 30.9, "d5": 0.497, "d6": "tick=95274 goal=0 here=0", "l": [2.47, 1.07, 0.38, 0.33, 0.44, 0.46, 0.35, 0.33, 0.39, 0.64, 1.21, 0.77, 1.28, 0.85, 0.5, 0.69]}
{"t": 242.5, "x": -4913, "y": -6751, "h": 88.4, "d5": 0.484, "d6": "tick=95345 goal=0 here=0", "l": [0.35, 0.32, 0.52, 0.34, 0.35, 0.35, 0.47, 0.89, 1.13, 1.24, 1.64, 0.31, 0.7, 0.66, 1.17, 1.0]}
{"t": 243.1, "x": -4909, "y": -6749, "h": 43.6, "d5": 0.488, "d6": "tick=95408 goal=0 here=0", "l": [1.15, 0.38, 0.35, 0.38, 0.51, 0.34, 0.34, 0.35, 0.46, 0.92, 1.08, 1.25, 0.9, 0.45, 0.69, 0.67]}
{"t": 243.7, "x": -4912, "y": -6750, "h": 85.7, "d5": 0.497, "d6": "tick=95470 goal=0 here=0", "l": [0.38, 0.3, 0.48, 0.35, 0.35, 0.3, 0.45, 0.79, 1.17, 1.12, 1.38, 0.27, 0.68, 0.67, 1.42, 0.96]}
{"t": 244.3, "x": -4909, "y": -6749, "h": 49.1, "d5": 0.513, "d6": "tick=95523 goal=0 here=0", "l": [1.15, 0.39, 0.33, 0.36, 0.47, 0.35, 0.35, 0.35, 0.48, 0.92, 1.11, 1.25, 0.88, 0.48, 0.69, 0.7]}
{"t": 244.8, "x": -4913, "y": -6750, "h": 86.2, "d5": 0.477, "d6": "tick=95581 goal=0 here=0", "l": [0.35, 0.31, 0.5, 0.35, 0.34, 0.33, 0.47, 0.89, 1.15, 1.21, 1.56, 0.3, 0.7, 0.65, 1.37, 0.98]}
{"t": 244.9, "x": -4912, "y": -6750, "h": 89.4, "d5": 0.495, "d6": "tick=95586 goal=0 here=0", "l": [0.36, 0.31, 0.52, 0.34, 0.36, 0.34, 0.47, 0.89, 1.17, 1.21, 1.58, 0.28, 0.69, 0.66, 1.38, 1.0]}
{"t": 245.0, "x": -4913, "y": -6750, "h": 87.9, "d5": 0.487, "d6": "tick=95594 goal=0 here=0", "l": [0.37, 0.33, 0.5, 0.35, 0.37, 0.33, 0.45, 0.88, 1.15, 1.2, 1.6, 0.27, 0.7, 0.66, 1.37, 0.96]}
{"t": 245.0, "x": -4913, "y": -6750, "h": 88.9, "d5": 0.492, "d6": "tick=95599 goal=0 here=0", "l": [0.36, 0.31, 0.48, 0.34, 0.36, 0.34, 0.46, 0.88, 1.15, 1.18, 1.58, 0.28, 0.69, 0.67, 1.34, 0.97]}
{"t": 247.2, "x": -4925, "y": -6740, "h": 227.9, "d5": 0.529, "d6": "tick=95816 goal=0 here=0", "l": [0.51, 0.71, 0.95, 0.92, 1.24, 0.76, 0.69, 0.23, 0.84, 1.19, 0.57, -1.0, 0.51, 0.38, 0.35, 0.36]}
{"t": 248.4, "x": -4921, "y": -6747, "h": 99.4, "d5": 0.51, "d6": "tick=95935 goal=0 here=0", "l": [0.5, 0.68, 0.43, 0.31, 0.36, 0.36, 0.68, 0.93, 0.58, 1.07, 1.58, 0.67, 0.34, 0.77, 1.32, 0.58]}
{"t": 248.6, "x": -4833, "y": -6758, "h": 96.8, "d5": 0.509, "d6": "tick=95958 goal=0 here=0", "l": [0.47, 0.62, 0.4, 0.32, 0.34, 0.34, 0.61, 1.02, 0.81, 1.1, 1.6, 0.7, 0.27, 0.74, 1.3, 0.55]}
{"t": 248.9, "x": -4730, "y": -6779, "h": 101.7, "d5": 0.483, "d6": "tick=95986 goal=0 here=0", "l": [0.4, 0.56, 0.38, 0.35, 0.31, 0.39, 0.58, 1.09, 1.04, 1.16, 0.86, 0.75, 0.71, 0.74, 1.25, 0.48]}
{"t": 249.2, "x": -4692, "y": -6783, "h": 85.4, "d5": 0.498, "d6": "tick=96015 goal=0 here=0", "l": [0.45, 0.44, 0.54, 0.39, 0.32, 0.34, 0.41, 0.8, 1.11, 1.04, 1.34, 0.69, 0.49, 0.71, 1.45, 1.04]}
{"t": 250.8, "x": -4692, "y": -6773, "h": 293.6, "d5": 0.491, "d6": "tick=96182 goal=0 here=0", "l": [1.11, 1.52, 0.7, 0.69, 0.69, 1.43, 1.07, 0.46, 0.49, 0.5, 0.38, 0.32, 0.34, 0.43, 0.79, 1.03]}
{"t": 251.1, "x": -4775, "y": -6736, "h": 294.1, "d5": 0.501, "d6": "tick=96204 goal=0 here=0", "l": [1.02, 1.31, 0.68, 0.17, 0.72, 1.47, 1.08, 0.5, 0.53, 0.52, 0.38, 0.32, 0.39, 0.55, 0.8, 1.0]}
{"t": 251.3, "x": -4870, "y": -6698, "h": 291.8, "d5": 0.517, "d6": "tick=96227 goal=0 here=0", "l": [0.97, 1.23, 0.73, 0.64, 0.71, 2.28, 1.12, 0.54, 0.56, 0.53, 0.43, 0.36, 0.4, 0.56, 0.94, -1.0]}
{"t": 251.5, "x": -4967, "y": -6662, "h": 290.6, "d5": 0.502, "d6": "tick=96250 goal=0 here=0", "l": [0.9, 1.2, 0.73, 0.66, 0.3, 0.79, -1.0, 0.62, 0.6, 0.55, 0.42, 0.39, 0.38, 0.54, 0.93, 0.9]}
{"t": 251.8, "x": -5070, "y": -6634, "h": 284.8, "d5": 0.534, "d6": "tick=96272 goal=0 here=0", "l": [0.83, 1.08, 0.7, 0.6, 0.55, 0.25, 1.34, 0.62, 0.6, 0.66, -1.0, 0.41, 0.38, 0.53, 0.88, 0.91]}
{"t": 252.4, "x": -5075, "y": -6633, "h": 326.4, "d5": 0.53, "d6": "tick=96341 goal=0 here=0", "l": [1.46, 0.57, 0.65, 0.3, 1.35, 1.2, 0.61, 0.77, 0.5, 0.43, 0.39, 0.52, 0.68, 0.9, 0.46, 0.97]}
{"t": 252.7, "x": -5128, "y": -6558, "h": 324.5, "d5": 0.511, "d6": "tick=96364 goal=0 here=0", "l": [1.39, 0.55, 0.61, 0.3, 0.22, 1.27, 0.67, 0.82, 0.57, 0.47, 0.39, 0.54, 0.72, 0.91, 0.34, 0.93]}
{"t": 252.9, "x": -5198, "y": -6480, "h": 318.5, "d5": 0.517, "d6": "tick=96387 goal=0 here=0", "l": [1.34, 0.56, 0.58, 0.32, 0.28, 0.21, 0.74, 0.83, 0.63, 0.51, 0.45, 0.6, 0.87, 0.88, 0.76, 0.85]}
{"t": 253.1, "x": -5258, "y": -6393, "h": 325.1, "d5": 0.525, "d6": "tick=96409 goal=0 here=0", "l": [1.32, 0.54, 0.54, 0.48, 0.27, 0.26, 0.76, 0.89, 0.67, 0.52, 0.56, 0.66, 0.88, 0.79, 0.71, 0.86]}
{"t": 253.4, "x": -5317, "y": -6312, "h": 324.1, "d5": 0.517, "d6": "tick=96432 goal=0 here=0", "l": [1.24, 0.49, 0.46, 0.5, 0.28, 0.29, 0.25, 0.92, 0.71, 0.59, 0.6, 0.71, 0.96, 0.27, 0.69, 0.82]}
{"t": 253.6, "x": -5375, "y": -6226, "h": 326.0, "d5": 0.523, "d6": "tick=96455 goal=0 here=0", "l": [1.2, 0.44, 0.35, 0.49, 0.4, 0.32, 0.32, 0.97, 0.78, 0.62, 0.64, 0.72, 0.87, 0.43, 0.68, 0.79]}
{"t": 253.8, "x": -5436, "y": -6138, "h": 325.3, "d5": 0.522, "d6": "tick=96478 goal=0 here=0", "l": [1.15, 0.39, 0.32, 0.44, 0.43, 0.31, 0.36, 1.01, 0.8, 0.65, 0.69, 0.72, 0.27, 0.68, 0.67, 0.78]}
{"t": 254.3, "x": -5445, "y": -6127, "h": 306.8, "d5": 0.534, "d6": "tick=96532 goal=0 here=0", "l": [0.8, 1.16, 0.4, 0.34, 0.43, 0.43, 0.29, 0.36, 1.03, 0.8, -1.0, 0.71, 0.77, 0.38, 0.69, 0.68]}
{"t": 254.6, "x": -5521, "y": -6076, "h": 303.6, "d5": 0.504, "d6": "tick=96554 goal=0 here=0", "l": [0.74, 1.11, 0.32, 0.31, 0.44, 0.45, 0.34, 0.39, 1.06, 0.81, 0.67, 0.72, 0.89, 0.37, 0.61, 0.64]}
{"t": 254.8, "x": -5604, "y": -6019, "h": 304.4, "d5": 0.518, "d6": "tick=96577 goal=0 here=0", "l": [0.67, 1.02, 0.31, 0.34, 0.3, 0.51, 0.43, 0.46, 1.12, 0.85, 0.69, 0.73, 0.25, 0.37, 0.59, 0.61]}
{"t": 255.0, "x": -5694, "y": -5964, "h": 301.5, "d5": 0.517, "d6": "tick=96600 goal=0 here=0", "l": [0.59, 0.91, 2.27, 0.31, 0.3, 0.5, 0.5, 0.46, 1.09, 0.91, 0.74, 0.78, 0.34, 0.34, 0.5, 0.56]}
{"t": 255.3, "x": -5786, "y": -5913, "h": 299.0, "d5": 0.529, "d6": "tick=96623 goal=0 here=0", "l": [0.52, 0.82, 1.68, 0.24, 0.31, 0.3, 0.54, 0.45, 1.05, 1.01, 0.76, 0.25, 0.34, 0.49, 0.47, 0.48]}
{"t": 255.5, "x": -5884, "y": -5874, "h": 291.7, "d5": 0.527, "d6": "tick=96645 goal=0 here=0", "l": [0.45, 0.58, 1.22, 1.36, 0.23, 0.31, 0.58, 0.54, 0.61, 1.1, 0.81, 0.29, 0.33, 0.47, 0.44, 0.44]}
{"t": 256.2, "x": -5890, "y": -5873, "h": 332.4, "d5": 0.518, "d6": "tick=96712 goal=0 here=0", "l": [0.93, 2.24, 0.23, 0.32, 0.54, 0.59, 0.61, 1.23, 0.89, 0.3, 0.34, 0.36, 0.48, 0.42, 0.43, 0.57]}
{"t": 256.4, "x": -5936, "y": -5792, "h": 330.1, "d5": 0.526, "d6": "tick=96735 goal=0 here=0", "l": [0.88, 2.24, 0.22, 0.25, 0.32, 0.59, 0.61, 1.36, 0.95, 0.33, 0.37, 0.49, 0.43, 0.42, 0.41, 0.53]}
{"t": 256.6, "x": -5987, "y": -5701, "h": 331.2, "d5": 0.509, "d6": "tick=96758 goal=0 here=0", "l": [0.81, 2.17, 0.46, 0.17, 0.31, 0.6, 0.62, 1.41, 1.02, 0.37, 0.38, 0.54, 0.38, 0.4, 0.39, 0.48]}
{"t": 256.8, "x": -6044, "y": -5613, "h": 326.8, "d5": 0.495, "d6": "tick=96780 goal=0 here=0", "l": [0.74, 2.1, 0.51, 0.17, 0.15, 0.36, 0.6, 1.44, 1.04, 0.44, 0.42, 0.56, 0.38, 0.36, 0.33, 0.44]}
{"t": 257.1, "x": -6097, "y": -5527, "h": 328.6, "d5": 0.49, "d6": "tick=96803 goal=0 here=0", "l": [0.67, 2.08, 0.66, 0.33, 0.15, 0.31, 0.68, 1.46, 1.11, 0.5, 0.44, 0.57, 0.4, 0.33, 0.33, 0.38]}
{"t": 257.4, "x": -6103, "y": -5515, "h": 343.9, "d5": 0.488, "d6": "tick=96837 goal=0 here=0", "l": [1.21, 1.16, 0.37, 0.19, 0.16, 0.7, 0.78, 1.22, 0.49, 0.48, 0.57, 0.38, 0.33, 0.3, 0.36, 0.56]}
{"t": 257.6, "x": -6130, "y": -5428, "h": 342.5, "d5": 0.491, "d6": "tick=96860 goal=0 here=0", "l": [1.1, 1.99, 0.35, 0.23, 0.16, 0.19, 0.79, 1.33, -1.0, 0.52, 0.62, 0.4, 0.29, 0.29, 0.34, 0.53]}
{"t": 257.9, "x": -6155, "y": -5325, "h": 346.4, "d5": 0.493, "d6": "tick=96882 goal=0 here=0", "l": [1.02, 1.94, 0.42, 0.3, 0.17, 0.17, 0.72, 1.39, 1.16, 0.55, 0.67, 0.43, 0.31, 0.3, 0.3, 0.5]}
{"t": 258.1, "x": -6184, "y": -5230, "h": 342.7, "d5": 0.486, "d6": "tick=96905 goal=0 here=0", "l": [0.87, 1.88, 0.49, 0.31, 0.24, 0.2, 0.22, 1.45, 1.2, 0.59, 0.66, 0.39, 0.28, 0.31, 0.26, 0.45]}
{"t": 258.3, "x": -6217, "y": -5129, "h": 342.3, "d5": 0.459, "d6": "tick=96928 goal=0 here=0", "l": [0.8, 1.79, 0.5, -1.0, 0.27, 0.21, 0.22, 1.59, 1.24, 0.63, 0.52, 0.34, 0.29, 0.26, 0.25, 0.41]}
{"t": 258.6, "x": -6255, "y": -5032, "h": 338.7, "d5": 0.459, "d6": "tick=96955 goal=0 here=0", "l": [0.73, 1.78, 0.66, 0.37, 0.28, 0.27, 0.25, 1.75, 1.29, 0.69, 0.54, 0.28, 0.28, 0.19, 0.28, 0.37]}
{"t": 259.0, "x": -6267, "y": -4998, "h": 357.2, "d5": 0.457, "d6": "tick=96998 goal=0 here=0", "l": [1.8, 0.81, 0.42, 0.28, 0.3, 0.28, 0.32, 1.42, 0.76, 0.79, 0.31, 0.27, 0.22, 0.25, 0.33, 0.49]}
{"t": 259.2, "x": -6273, "y": -4906, "h": 356.3, "d5": 0.447, "d6": "tick=97020 goal=0 here=0", "l": [1.76, 0.77, 0.38, 0.27, 0.28, 0.28, 0.3, 1.43, 0.79, 0.6, 0.33, 0.26, 0.19, 0.29, 0.35, 0.65]}
{"t": 259.5, "x": -6274, "y": -4802, "h": 359.1, "d5": 0.433, "d6": "tick=97048 goal=0 here=0", "l": [1.68, 0.79, 0.36, 0.3, 0.26, 0.32, 0.31, 1.5, 0.85, 0.63, 0.35, 0.21, 0.23, 0.28, 0.33, 0.61]}
{"t": 259.7, "x": -6284, "y": -4679, "h": 355.7, "d5": 0.426, "d6": "tick=97071 goal=0 here=0", "l": [1.61, 0.8, 0.46, 0.31, 0.25, 0.28, 0.35, 1.58, 0.92, 0.69, 0.37, 0.23, 0.26, 0.26, 0.31, 0.57]}
{"t": 260.0, "x": -6293, "y": -4574, "h": 354.9, "d5": 0.42, "d6": "tick=97097 goal=0 here=0", "l": [1.58, 1.12, 0.47, 0.28, 0.26, 0.28, 0.39, 1.65, 1.02, 0.73, 0.32, 0.25, 0.26, 0.24, -1.0, 0.49]}
{"t": 260.2, "x": -6305, "y": -4456, "h": 354.1, "d5": 0.399, "d6": "tick=97120 goal=0 here=0", "l": [1.53, -1.0, 0.44, 0.29, 0.29, 0.3, 0.41, 0.55, 1.07, 0.76, 0.3, 0.28, 0.24, 0.22, 0.24, 0.47]}
{"t": 260.5, "x": -6317, "y": -4351, "h": 353.5, "d5": 0.403, "d6": "tick=97142 goal=0 here=0", "l": [1.47, 1.49, 0.43, 0.37, 0.29, 0.3, 0.35, -1.0, 1.13, 0.79, 0.31, 0.28, 0.24, 0.2, 0.32, 0.44]}
{"t": 260.7, "x": -6328, "y": -4251, "h": 353.7, "d5": 0.384, "d6": "tick=97165 goal=0 here=0", "l": [1.43, 1.46, 0.45, 0.36, 0.27, 0.32, 0.37, 0.56, 1.17, 0.61, 0.35, 0.26, 0.22, 0.18, 0.35, 0.44]}
{"t": 260.9, "x": -6340, "y": -4147, "h": 353.2, "d5": 0.38, "d6": "tick=97188 goal=0 here=0", "l": [1.36, 1.43, 0.44, 0.33, 0.27, 0.3, 0.37, 0.6, 1.17, 0.63, 0.36, 0.25, 0.17, 0.22, 0.31, 0.44]}
{"t": 261.1, "x": -6344, "y": -4042, "h": 358.2, "d5": 0.369, "d6": "tick=97211 goal=0 here=0", "l": [1.3, 1.4, 0.45, 0.31, 0.33, 0.3, 0.41, 0.66, 1.2, 0.46, 0.31, 0.21, 0.2, 0.28, 0.28, 0.45]}
{"t": 261.7, "x": -6350, "y": -4025, "h": 320.7, "d5": 0.381, "d6": "tick=97264 goal=0 here=0", "l": [0.29, 0.68, 1.3, 0.8, 0.41, 0.33, -1.0, 0.33, 0.45, 1.82, 1.27, 0.44, 0.3, 0.19, 0.21, 0.27]}
{"t": 262.2, "x": -6348, "y": -4030, "h": 356.1, "d5": 0.376, "d6": "tick=97321 goal=0 here=0", "l": [1.29, 1.38, 0.45, 0.31, 0.32, 0.29, 0.41, 0.66, 1.22, 0.47, 0.31, 0.21, 0.19, 0.29, 0.29, 0.43]}
{"t": 263.0, "x": -6350, "y": -4026, "h": 314.1, "d5": 0.365, "d6": "tick=97392 goal=0 here=0", "l": [0.28, 0.45, 1.32, 0.86, 0.41, 0.33, 0.31, 0.31, 0.4, 0.78, 1.21, 0.46, 0.31, 0.2, 0.21, 0.29]}
{"t": 263.1, "x": -6350, "y": -4026, "h": 319.1, "d5": 0.355, "d6": "tick=97402 goal=0 here=0", "l": [0.3, 0.48, 1.33, 0.85, 0.42, 0.31, 0.32, 0.31, 0.41, 0.76, 1.2, 0.47, 0.3, 0.19, 0.19, 0.28]}
{"t": 263.1, "x": -6350, "y": -4026, "h": 312.5, "d5": 0.355, "d6": "tick=97410 goal=0 here=0", "l": [0.29, 0.47, 1.33, 0.83, 0.42, 0.32, 0.3, 0.29, 0.41, 0.75, 1.21, 0.46, 0.29, 0.2, 0.21, 0.29]}
{"t": 263.2, "x": -6351, "y": -4025, "h": 315.5, "d5": 0.365, "d6": "tick=97415 goal=0 here=0", "l": [0.29, 0.46, 1.33, 0.85, 0.42, 0.32, 0.3, 0.29, 0.41, 0.75, 1.21, 0.47, 0.3, 0.17, 0.22, 0.28]}
{"t": 265.0, "x": -6348, "y": -4028, "h": 241.1, "d5": 0.395, "d6": "tick=97592 goal=0 here=0", "l": [0.43, 0.34, 0.33, 0.5, 0.64, 1.46, 0.57, 0.3, 0.16, 0.17, 0.17, 0.23, 0.39, 1.08, 1.17, -1.0]}
{"t": 265.7, "x": -6351, "y": -4031, "h": 196.7, "d5": 0.384, "d6": "tick=97667 goal=0 here=0", "l": [0.86, 0.42, 0.4, 0.36, 0.34, 0.48, 0.88, -1.0, 0.44, 0.29, 0.17, -1.0, 0.19, 0.22, 0.43, 1.14]}
{"t": 265.9, "x": -6381, "y": -4118, "h": 198.8, "d5": 0.399, "d6": "tick=97690 goal=0 here=0", "l": [0.88, 0.5, 0.4, 0.33, 0.32, 0.5, 0.65, 1.52, 0.55, 0.33, 0.2, 0.2, 0.2, 0.23, 0.42, 1.05]}
{"t": 266.2, "x": -6408, "y": -4220, "h": 195.3, "d5": 0.403, "d6": "tick=97712 goal=0 here=0", "l": [1.04, 0.49, 0.34, 0.32, 0.33, 0.36, 0.6, 1.57, 0.7, 0.38, 0.2, 0.22, 0.2, 0.24, 0.38, 0.98]}
{"t": 266.4, "x": -6431, "y": -4318, "h": 193.1, "d5": 0.419, "d6": "tick=97735 goal=0 here=0", "l": [1.0, 0.46, 0.29, 0.34, 0.31, 0.34, 0.58, 1.53, -1.0, 0.42, 0.24, 0.21, 0.19, 0.29, 0.36, 0.94]}
{"t": 266.6, "x": -6447, "y": -4422, "h": 188.8, "d5": 0.433, "d6": "tick=97758 goal=0 here=0", "l": [0.9, 0.53, 0.39, 0.28, 0.32, 0.35, 0.59, 1.06, 1.64, 0.49, 0.29, 0.23, 0.21, 0.3, 0.33, 1.43]}
{"t": 266.8, "x": -6456, "y": -4527, "h": 184.8, "d5": 0.44, "d6": "tick=97781 goal=0 here=0", "l": [0.81, 0.61, 0.37, 0.24, 0.31, 0.31, 0.38, 0.83, 1.68, 0.55, 0.32, 0.2, 0.23, 0.28, 0.3, 1.37]}
{"t": 267.1, "x": -6458, "y": -4633, "h": 180.7, "d5": 0.445, "d6": "tick=97803 goal=0 here=0", "l": [0.74, 0.58, 0.33, 0.3, 0.23, 0.32, 0.43, 0.81, 1.7, 0.57, 0.31, 0.22, 0.25, 0.24, 0.3, 1.3]}
{"t": 267.7, "x": -6457, "y": -4639, "h": 217.6, "d5": 0.459, "d6": "tick=97866 goal=0 here=0", "l": [0.37, 0.33, 0.23, 0.33, 0.39, 0.68, 1.76, 0.65, 0.37, 0.23, 0.25, 0.26, 0.26, 1.41, 0.82, 0.82]}
{"t": 268.3, "x": -6458, "y": -4643, "h": 176.3, "d5": 0.461, "d6": "tick=97929 goal=0 here=0", "l": [0.79, 0.65, 0.36, 0.32, 0.21, 0.34, 0.41, 0.7, 1.78, 0.62, 0.33, 0.23, 0.26, 0.25, 0.28, 1.41]}
{"t": 268.8, "x": -6457, "y": -4639, "h": 213.8, "d5": 0.449, "d6": "tick=97981 goal=0 here=0", "l": [0.53, 0.33, 0.25, 0.29, 0.33, 0.45, 1.24, 1.75, 0.39, 0.25, 0.23, 0.25, 0.23, 1.56, 0.78, 0.84]}
{"t": 269.4, "x": -6457, "y": -4644, "h": 170.6, "d5": 0.457, "d6": "tick=98040 goal=0 here=0", "l": [0.8, 0.82, 0.4, 0.33, 0.22, 0.32, 0.37, 0.68, 1.76, 0.81, 0.38, 0.24, 0.24, 0.24, 0.24, 1.44]}
{"t": 269.7, "x": -6448, "y": -4733, "h": 173.7, "d5": 0.468, "d6": "tick=98062 goal=0 here=0", "l": [0.76, 0.78, 0.49, 0.31, 0.28, 0.24, 0.36, 0.52, 1.8, 0.81, 0.36, 0.25, 0.25, 0.21, 0.24, 1.39]}
{"t": 269.9, "x": -6430, "y": -4839, "h": 170.6, "d5": 0.469, "d6": "tick=98085 goal=0 here=0", "l": [0.7, 0.74, 0.49, 0.3, 0.29, 0.27, 0.41, 0.53, 1.82, 0.87, 0.34, 0.26, 0.24, 0.2, 0.24, 1.35]}
{"t": 270.1, "x": -6413, "y": -4936, "h": 169.8, "d5": 0.484, "d6": "tick=98108 goal=0 here=0", "l": [0.64, 0.68, 0.46, 0.32, 0.29, 0.31, 0.41, 0.56, 1.49, 0.83, 0.31, 0.27, 0.19, 0.17, 0.87, 1.29]}
{"t": 270.7, "x": -6411, "y": -4948, "h": 209.4, "d5": 0.487, "d6": "tick=98168 goal=0 here=0", "l": [0.52, 0.38, 0.3, 0.32, 0.3, 0.5, 1.05, 1.88, 0.43, 0.28, 0.23, 0.16, 0.22, 1.41, 0.65, 0.58]}
{"t": 270.8, "x": -6411, "y": -4947, "h": 211.9, "d5": 0.496, "d6": "tick=98173 goal=0 here=0", "l": [0.53, 0.36, 0.28, 0.34, 0.28, 0.48, 1.02, 1.92, 0.42, 0.27, 0.22, 0.17, 0.22, 1.43, 0.65, 0.59]}
{"t": 270.8, "x": -6411, "y": -4946, "h": 208.2, "d5": 0.491, "d6": "tick=98178 goal=0 here=0", "l": [0.54, 0.39, 0.29, 0.3, 0.29, 0.51, 1.03, 1.9, 0.44, 0.29, 0.22, 0.17, 0.23, 1.46, 0.66, 0.6]}
{"t": 270.9, "x": -6411, "y": -4946, "h": 215.3, "d5": 0.458, "d6": "tick=98186 goal=0 here=0", "l": [0.51, 0.38, 0.28, 0.32, 0.28, 0.51, 1.02, 1.9, 0.43, 0.27, 0.19, 0.18, 0.22, 1.45, 0.65, 0.57]}
{"t": 271.0, "x": -6411, "y": -4947, "h": 211.5, "d5": 0.492, "d6": "tick=98196 goal=0 here=0", "l": [0.52, 0.38, 0.28, 0.31, 0.27, 0.5, 1.04, 1.87, 0.41, 0.29, 0.21, 0.18, 0.21, 1.43, 0.63, -1.0]}
{"t": 271.0, "x": -6411, "y": -4947, "h": 208.5, "d5": 0.486, "d6": "tick=98201 goal=0 here=0", "l": [0.54, 0.38, 0.29, 0.3, 0.28, 0.48, 1.02, 1.88, 0.42, 0.28, 0.21, 0.17, 0.21, 1.44, 0.63, 0.57]}
{"t": 271.1, "x": -6411, "y": -4948, "h": 209.8, "d5": 0.494, "d6": "tick=98206 goal=0 here=0", "l": [0.56, 0.37, 0.28, 0.32, 0.29, 0.49, 1.02, 1.89, 0.43, 0.28, 0.2, 0.17, 0.22, 1.43, 0.64, 0.58]}
{"t": 271.5, "x": -6411, "y": -4948, "h": 192.7, "d5": 0.497, "d6": "tick=98246 goal=0 here=0", "l": [0.69, 0.46, 0.32, 0.3, 0.29, 0.43, 0.58, 1.93, 0.76, 0.32, 0.28, 0.18, 0.19, 0.88, 1.26, 0.67]}
{"t": 271.7, "x": -6436, "y": -5037, "h": 195.4, "d5": 0.493, "d6": "tick=98269 goal=0 here=0", "l": [0.6, 0.43, 0.35, 0.26, 0.31, 0.29, 0.57, 1.45, 1.0, 0.35, 0.31, 0.18, 0.2, 0.85, 1.23, 0.57]}
{"t": 271.9, "x": -6450, "y": -5141, "h": 187.7, "d5": 0.508, "d6": "tick=98292 goal=0 here=0", "l": [0.49, 0.56, 0.34, 0.25, 0.27, 0.32, 0.51, 1.09, 2.0, 0.4, 0.3, 0.2, 0.74, 0.84, 1.22, 0.54]}
{"t": 272.2, "x": -6456, "y": -5248, "h": 183.3, "d5": 0.524, "d6": "tick=98314 goal=0 here=0", "l": [0.44, 0.54, 0.34, 0.29, 0.24, 0.33, 0.36, 0.97, 2.06, 0.46, 0.28, 0.22, 0.73, 0.81, 1.28, 0.48]}
{"t": 272.8, "x": -6457, "y": -5258, "h": 226.2, "d5": 0.509, "d6": "tick=98375 goal=0 here=0", "l": [0.34, 0.3, 0.24, -1.0, 0.36, 0.68, 2.09, 0.62, 0.36, 0.23, 0.44, 0.77, 1.35, 0.5, 0.45, 0.52]}
{"t": 272.8, "x": -6457, "y": -5258, "h": 223.9, "d5": 0.509, "d6": "tick=98381 goal=0 here=0", "l": [0.36, 0.32, 0.24, 0.28, 0.35, 0.69, 2.11, 0.64, 0.37, 0.23, 0.47, 0.76, 1.35, 0.51, 0.47, 0.53]}
{"t": 272.9, "x": -6457, "y": -5257, "h": 223.0, "d5": 0.515, "d6": "tick=98391 goal=0 here=0", "l": [0.34, 0.32, 0.23, 0.26, 0.35, 0.69, 2.09, 0.64, 0.37, 0.23, 0.46, 0.76, 1.34, 0.5, 0.46, 0.55]}
{"t": 273.0, "x": -6457, "y": -5257, "h": 220.9, "d5": 0.522, "d6": "tick=98397 goal=0 here=0", "l": [0.34, 0.32, 0.25, 0.28, 0.34, 0.69, 2.09, 0.65, 0.4, 0.24, 0.47, 0.79, 1.36, 0.51, 0.46, 0.54]}
{"t": 275.3, "x": -6442, "y": -5257, "h": 353.2, "d5": 0.474, "d6": "tick=98625 goal=0 here=0", "l": [1.98, 0.46, 0.24, 0.11, 0.11, 0.1, 0.78, 1.2, 0.58, 0.53, 0.58, 0.44, 0.36, 0.38, 0.55, 0.9]}
{"t": 276.4, "x": -6449, "y": -5255, "h": 227.2, "d5": 0.461, "d6": "tick=98737 goal=0 here=0", "l": [0.5, 0.37, 0.39, 0.38, 0.59, 1.13, 1.92, 0.27, 0.17, 0.08, 0.1, 0.12, 1.38, 1.09, 0.62, 0.68]}
{"t": 276.5, "x": -6449, "y": -5255, "h": 227.5, "d5": 0.453, "d6": "tick=98742 goal=0 here=0", "l": [0.49, 0.37, 0.38, -1.0, 0.6, 1.12, 1.92, 0.28, 0.16, 0.1, 0.09, 0.12, 1.4, 1.09, 0.63, 0.7]}
{"t": 276.5, "x": -6449, "y": -5255, "h": 231.3, "d5": 0.465, "d6": "tick=98748 goal=0 here=0", "l": [0.49, 0.36, 0.38, 0.35, 0.6, 1.13, 1.93, 0.26, 0.17, 0.1, 0.1, 0.1, 1.38, 1.08, 0.62, 0.67]}
{"t": 276.9, "x": -6450, "y": -5256, "h": 213.4, "d5": 0.461, "d6": "tick=98791 goal=0 here=0", "l": [0.71, 0.47, 0.36, 0.42, 0.43, 0.66, 1.89, 0.56, 0.27, 0.14, 0.09, 0.09, 0.73, 1.33, 1.13, 0.57]}
{"t": 277.2, "x": -6502, "y": -5332, "h": 214.3, "d5": 0.474, "d6": "tick=98819 goal=0 here=0", "l": [0.63, 0.44, 0.34, 0.36, 0.36, 0.64, 1.51, 0.84, 0.31, 0.13, 0.13, 0.14, 0.77, 1.27, 0.53, 0.54]}
{"t": 277.5, "x": -6570, "y": -5441, "h": 212.0, "d5": 0.49, "d6": "tick=98846 goal=0 here=0", "l": [0.56, 0.37, 0.32, 0.28, 0.38, 0.58, 1.21, 1.14, 0.37, 0.2, 0.17, 0.72, 0.78, 1.19, 0.49, 0.47]}
{"t": 277.5, "x": -6582, "y": -5461, "h": 210.6, "d5": 0.484, "d6": "tick=98849 goal=0 here=0", "l": [0.55, -1.0, 0.32, 0.29, 0.39, 0.56, 1.16, 1.22, 0.4, 0.2, 0.2, -1.0, 0.79, 1.19, 0.48, 0.44]}
{"t": 277.8, "x": -6629, "y": -5555, "h": 206.8, "d5": 0.478, "d6": "tick=98872 goal=0 here=0", "l": [0.5, 0.33, 0.32, 0.26, 0.34, 0.41, 1.06, 2.08, 0.45, 0.25, 0.37, 0.73, 0.79, 1.13, 0.45, 0.39]}
{"t": 278.0, "x": -6634, "y": -5562, "h": 216.9, "d5": 0.493, "d6": "tick=98897 goal=0 here=0", "l": [0.45, 0.32, 0.28, 0.28, 0.38, 0.62, 2.1, 0.7, 0.38, 0.22, 0.46, 0.7, 1.49, 1.02, 0.47, 0.47]}
{"t": 278.0, "x": -6634, "y": -5561, "h": 219.9, "d5": 0.492, "d6": "tick=98902 goal=0 here=0", "l": [0.44, 0.3, 0.27, 0.25, 0.39, 0.63, 2.11, 0.68, 0.39, 0.22, 0.44, 0.68, 1.51, 1.01, 0.47, 0.46]}
{"t": 278.1, "x": -6634, "y": -5561, "h": 222.4, "d5": 0.499, "d6": "tick=98907 goal=0 here=0", "l": [0.46, 0.31, 0.29, 0.27, 0.39, 0.61, 2.1, 0.72, 0.37, 0.21, 0.46, 0.7, 1.5, 1.01, 0.47, 0.49]}
{"t": 278.2, "x": -6634, "y": -5562, "h": 221.5, "d5": 0.484, "d6": "tick=98912 goal=0 here=0", "l": [0.47, 0.34, 0.28, 0.27, 0.37, 0.63, 2.12, 0.72, 0.36, 0.22, 0.44, 0.71, 1.51, 1.0, 0.46, 0.44]}
{"t": 278.2, "x": -6633, "y": -5561, "h": 218.2, "d5": 0.491, "d6": "tick=98917 goal=0 here=0", "l": [0.47, 0.33, 0.27, 0.28, 0.38, 0.62, 2.1, 0.71, 0.36, 0.23, 0.44, 0.7, 1.47, 1.0, 0.48, 0.46]}
{"t": 278.3, "x": -6634, "y": -5562, "h": 222.1, "d5": 0.493, "d6": "tick=98922 goal=0 here=0", "l": [0.46, 0.31, 0.28, 0.27, 0.38, 0.61, 2.1, 0.7, 0.35, 0.23, 0.45, 0.69, 1.49, 1.01, 0.46, 0.48]}
{"t": 278.3, "x": -6633, "y": -5560, "h": 219.7, "d5": 0.499, "d6": "tick=98928 goal=0 here=0", "l": [0.46, 0.33, 0.27, 0.26, 0.38, 0.62, 2.12, 0.68, 0.38, 0.21, 0.46, 0.71, 1.5, 1.02, 0.47, 0.47]}
{"t": 278.4, "x": -6634, "y": -5561, "h": 219.3, "d5": 0.484, "d6": "tick=98934 goal=0 here=0", "l": [0.45, 0.31, 0.3, 0.27, 0.38, 0.63, 2.13, 0.7, 0.37, -1.0, 0.45, 0.7, 1.49, 1.03, 0.47, 0.45]}
{"t": 278.4, "x": -6634, "y": -5561, "h": 220.7, "d5": 0.497, "d6": "tick=98940 goal=0 here=0", "l": [0.49, 0.31, 0.28, 0.27, 0.38, 0.64, 2.11, 0.7, 0.36, 0.21, 0.45, 0.68, 1.5, 1.0, 0.48, 0.47]}
{"t": 278.5, "x": -6634, "y": -5562, "h": 220.8, "d5": 0.483, "d6": "tick=98945 goal=0 here=0", "l": [0.47, 0.32, 0.28, 0.28, 0.38, 0.61, 2.11, 0.69, 0.36, 0.22, 0.46, 0.69, 1.5, 1.01, 0.48, 0.47]}
{"t": 280.4, "x": -6628, "y": -5562, "h": 142.0, "d5": 0.438, "d6": "tick=99133 goal=0 here=0", "l": [1.31, 1.05, 0.59, 0.65, 0.49, 0.37, 0.4, -1.0, 0.63, 1.4, 1.05, 0.28, 0.12, 0.08, 0.09, 0.62]}
{"t": 281.1, "x": -6629, "y": -5559, "h": 181.8, "d5": 0.442, "d6": "tick=99207 goal=0 here=0", "l": [0.55, 0.65, 0.48, 0.43, 0.38, -1.0, 0.59, 1.1, 1.99, 0.28, 0.11, 0.09, 0.08, 0.62, 1.47, 1.09]}
{"t": 281.3, "x": -6629, "y": -5650, "h": 179.7, "d5": 0.437, "d6": "tick=99229 goal=0 here=0", "l": [0.5, 0.5, 0.58, 0.45, 0.36, 0.43, 0.59, 0.98, 1.97, 0.33, 0.12, 0.11, 0.29, 0.61, 1.49, 1.09]}
{"t": 281.6, "x": -6619, "y": -5754, "h": 174.9, "d5": 0.438, "d6": "tick=99252 goal=0 here=0", "l": [0.42, 0.42, 0.61, 0.44, 0.38, 0.38, 0.48, 0.82, 2.12, 0.41, 0.13, 0.15, 0.34, 0.59, 1.43, 1.07]}
{"t": 281.8, "x": -6608, "y": -5855, "h": 173.7, "d5": 0.461, "d6": "tick=99275 goal=0 here=0", "l": [0.39, 0.42, 0.53, 0.4, 0.42, 0.38, 0.49, 0.81, 2.17, 0.43, 0.14, 0.29, 0.59, 0.58, 1.36, 1.02]}
{"t": 282.2, "x": -6607, "y": -5866, "h": 194.0, "d5": 0.452, "d6": "tick=99316 goal=0 here=0", "l": [0.42, 0.5, 0.42, 0.43, 0.38, 0.5, 0.76, 2.12, 0.47, 0.17, 0.28, 0.58, 0.57, 1.33, 1.03, 0.38]}
{"t": 282.2, "x": -6607, "y": -5868, "h": 187.7, "d5": 0.449, "d6": "tick=99321 goal=0 here=0", "l": [0.42, 0.51, 0.41, 0.41, 0.37, 0.5, 0.78, 2.12, 0.46, 0.14, 0.28, 0.58, 0.55, 1.33, 1.01, 0.38]}
{"t": 282.6, "x": -6606, "y": -5866, "h": 205.3, "d5": 0.454, "d6": "tick=99360 goal=0 here=0", "l": [0.38, -1.0, 0.39, 0.4, 0.43, 0.5, 1.16, 2.13, 0.19, 0.17, 0.3, 0.63, 0.65, 1.19, 0.91, 0.4]}
{"t": 282.7, "x": -6607, "y": -5867, "h": 204.3, "d5": 0.459, "d6": "tick=99365 goal=0 here=0", "l": [0.38, 0.57, 0.4, 0.41, 0.43, 0.51, 1.17, 2.15, 0.2, 0.18, 0.3, 0.61, 0.68, 1.18, 0.89, 0.39]}
{"t": 282.7, "x": -6607, "y": -5867, "h": 204.9, "d5": 0.462, "d6": "tick=99370 goal=0 here=0", "l": [0.35, 0.56, 0.4, 0.39, 0.41, 0.51, 1.16, 2.12, 0.18, 0.21, 0.32, 0.6, 0.65, 1.18, 0.9, 0.41]}
{"t": 282.8, "x": -6606, "y": -5866, "h": 204.1, "d5": 0.463, "d6": "tick=99375 goal=0 here=0", "l": [0.37, 0.55, 0.41, 0.38, 0.42, 0.52, 1.16, 2.12, 0.18, 0.17, 0.31, 0.61, 0.67, 1.19, 0.9, 0.41]}
{"t": 282.8, "x": -6607, "y": -5867, "h": 209.8, "d5": 0.445, "d6": "tick=99380 goal=0 here=0", "l": [0.38, 0.55, 0.42, 0.38, 0.42, 0.51, 1.16, 2.12, 0.17, 0.18, 0.3, 0.6, 0.67, 1.18, 0.9, 0.4]}
{"t": 282.9, "x": -6607, "y": -5867, "h": 202.3, "d5": 0.454, "d6": "tick=99385 goal=0 here=0", "l": [0.37, 0.55, 0.4, 0.41, 0.43, 0.51, 1.16, 2.13, 0.19, 0.18, 0.32, 0.59, 0.66, 1.17, 0.9, 0.41]}
{"t": 282.9, "x": -6606, "y": -5866, "h": 204.6, "d5": 0.456, "d6": "tick=99390 goal=0 here=0", "l": [0.37, 0.56, 0.41, 0.37, 0.42, 0.49, 1.15, -1.0, 0.18, 0.17, 0.3, 0.61, 0.68, 1.18, 0.93, 0.41]}
{"t": 283.0, "x": -6606, "y": -5866, "h": 203.5, "d5": 0.439, "d6": "tick=99395 goal=0 here=0", "l": [0.38, 0.56, 0.41, 0.39, 0.41, 0.52, 1.18, 2.13, 0.2, 0.19, 0.3, 0.61, 0.66, 1.19, 0.9, 0.4]}
{"t": 283.1, "x": -6606, "y": -5866, "h": 203.8, "d5": 0.452, "d6": "tick=99407 goal=0 here=0", "l": [0.36, 0.56, 0.4, 0.4, 0.43, 0.5, 1.14, 2.14, 0.18, 0.18, 0.3, 0.62, 0.66, 1.18, 0.9, 0.4]}
{"t": 283.2, "x": -6606, "y": -5866, "h": 204.4, "d5": 0.455, "d6": "tick=99418 goal=0 here=0", "l": [0.38, 0.54, 0.41, 0.4, 0.42, 0.53, 1.15, 2.11, 0.2, 0.19, 0.31, 0.61, 0.67, 1.19, 0.9, 0.41]}
{"t": 283.3, "x": -6607, "y": -5867, "h": 204.1, "d5": 0.461, "d6": "tick=99424 goal=0 here=0", "l": [0.35, 0.55, 0.41, 0.4, 0.44, 0.52, 1.16, 2.13, 0.18, 0.19, 0.31, 0.61, 0.68, 1.17, 0.91, 0.41]}
{"t": 283.3, "x": -6607, "y": -5866, "h": 201.2, "d5": 0.46, "d6": "tick=99429 goal=0 here=0", "l": [0.38, 0.55, 0.39, 0.4, 0.42, 0.52, 1.17, 2.11, 0.2, 0.19, 0.3, 0.61, 0.68, 1.19, 0.9, 0.4]}
{"t": 283.4, "x": -6606, "y": -5865, "h": 203.7, "d5": 0.456, "d6": "tick=99434 goal=0 here=0", "l": [0.39, 0.55, 0.42, 0.41, 0.42, 0.51, 1.15, 2.13, 0.17, 0.19, 0.31, 0.6, 0.69, 1.18, 0.89, 0.38]}
{"t": 283.5, "x": -6607, "y": -5866, "h": 206.3, "d5": 0.461, "d6": "tick=99445 goal=0 here=0", "l": [0.37, 0.55, 0.4, 0.39, 0.43, 0.5, 1.16, -1.0, 0.2, 0.18, 0.3, 0.62, 0.67, 1.19, 0.91, 0.4]}
{"t": 283.5, "x": -6607, "y": -5867, "h": 203.1, "d5": 0.449, "d6": "tick=99450 goal=0 here=0", "l": [0.38, 0.55, 0.4, 0.4, 0.41, 0.52, 1.15, 2.12, 0.18, 0.19, 0.32, 0.6, 0.67, 1.2, 0.9, 0.41]}
{"t": 283.6, "x": -6607, "y": -5866, "h": 204.8, "d5": 0.461, "d6": "tick=99455 goal=0 here=0", "l": [0.37, 0.56, 0.39, 0.4, 0.41, 0.51, 1.16, 2.12, 0.18, 0.18, 0.3, 0.61, 0.66, 1.2, 0.88, 0.42]}
{"t": 283.7, "x": -6607, "y": -5867, "h": 206.9, "d5": 0.455, "d6": "tick=99463 goal=0 here=0", "l": [0.38, 0.55, 0.4, 0.4, 0.43, 0.51, 1.15, 2.12, 0.18, 0.18, 0.29, 0.62, 0.66, 1.2, 0.89, 0.42]}
{"t": 283.7, "x": -6606, "y": -5865, "h": 202.7, "d5": 0.458, "d6": "tick=99468 goal=0 here=0", "l": [0.37, 0.56, 0.4, 0.39, 0.42, 0.5, 1.15, 2.14, 0.17, 0.19, 0.29, 0.61, 0.68, 1.21, 0.9, 0.39]}
{"t": 283.8, "x": -6607, "y": -5867, "h": 208.4, "d5": 0.45, "d6": "tick=99474 goal=0 here=0", "l": [0.37, 0.54, 0.41, 0.39, 0.42, 0.52, 1.16, 2.12, 0.17, 0.18, 0.31, 0.62, 0.67, 1.2, 0.91, 0.41]}
{"t": 283.8, "x": -6607, "y": -5866, "h": 205.2, "d5": 0.456, "d6": "tick=99479 goal=0 here=0", "l": [0.39, 0.57, 0.4, 0.39, 0.43, 0.51, 1.14, 2.12, 0.19, 0.17, 0.32, 0.61, 0.67, 1.18, 0.9, 0.4]}
{"t": 283.9, "x": -6607, "y": -5867, "h": 208.3, "d5": 0.451, "d6": "tick=99484 goal=0 here=0", "l": [0.37, 0.55, 0.39, 0.39, 0.42, 0.52, 1.17, 2.13, 0.18, 0.18, 0.31, 0.61, 0.67, 1.19, 0.9, 0.42]}
{"t": 283.9, "x": -6607, "y": -5866, "h": 201.8, "d5": 0.449, "d6": "tick=99489 goal=0 here=0", "l": [0.36, 0.56, 0.4, 0.39, 0.43, 0.52, 1.16, 2.13, 0.2, 0.19, 0.31, 0.62, 0.66, 1.19, 0.89, 0.4]}
{"t": 284.0, "x": -6607, "y": -5866, "h": 208.8, "d5": 0.466, "d6": "tick=99494 goal=0 here=0", "l": [0.38, 0.55, 0.4, 0.38, 0.4, 0.51, 1.16, 2.13, 0.19, 0.19, 0.3, 0.62, 0.66, 1.19, 0.9, 0.41]}
{"t": 284.1, "x": -6607, "y": -5866, "h": 204.6, "d5": 0.445, "d6": "tick=99504 goal=0 here=0", "l": [0.36, 0.55, 0.42, 0.4, 0.43, 0.52, 1.15, 2.13, 0.19, 0.19, 0.33, 0.62, 0.66, 1.2, 0.92, 0.4]}
{"t": 284.1, "x": -6607, "y": -5866, "h": 205.8, "d5": 0.454, "d6": "tick=99508 goal=0 here=0", "l": [0.37, 0.55, 0.39, 0.41, 0.4, 0.51, 1.15, 2.14, 0.19, 0.16, 0.3, 0.62, 0.67, 1.17, 0.9, 0.41]}
{"t": 284.2, "x": -6607, "y": -5867, "h": 205.9, "d5": 0.451, "d6": "tick=99513 goal=0 here=0", "l": [0.4, 0.55, 0.42, 0.4, 0.42, 0.52, 1.11, 2.14, 0.19, 0.2, 0.3, 0.63, 0.68, 1.19, 0.9, 0.4]}
{"t": 284.2, "x": -6607, "y": -5867, "h": 204.6, "d5": 0.464, "d6": "tick=99518 goal=0 here=0", "l": [0.36, 0.57, 0.4, 0.38, 0.43, 0.5, 1.16, 2.13, 0.19, 0.18, 0.32, 0.61, 0.67, 1.18, 0.91, 0.4]}
{"t": 284.3, "x": -6607, "y": -5867, "h": 202.2, "d5": 0.451, "d6": "tick=99523 goal=0 here=0", "l": [0.36, 0.55, 0.4, 0.4, 0.41, 0.5, 1.17, 2.11, 0.17, 0.18, 0.32, 0.63, 0.65, 1.18, 0.91, 0.43]}
{"t": 284.3, "x": -6607, "y": -5867, "h": 206.5, "d5": 0.459, "d6": "tick=99528 goal=0 here=0", "l": [0.38, 0.55, 0.41, 0.4, 0.41, 0.5, 1.16, 2.11, 0.18, 0.18, 0.31, 0.63, 0.67, 1.2, 0.89, 0.41]}
{"t": 284.4, "x": -6607, "y": -5867, "h": 205.1, "d5": 0.464, "d6": "tick=99538 goal=0 here=0", "l": [0.39, 0.57, 0.4, 0.4, 0.42, 0.53, 1.16, 2.13, 0.19, 0.18, 0.32, 0.62, 0.68, 1.19, 0.9, 0.41]}
{"t": 284.4, "x": -6607, "y": -5866, "h": 202.4, "d5": 0.455, "d6": "tick=99541 goal=0 here=0", "l": [0.39, 0.55, 0.4, 0.41, 0.41, 0.54, 1.16, 2.14, 0.18, 0.18, 0.3, 0.6, 0.67, 1.2, 0.9, 0.42]}
{"t": 284.5, "x": -6606, "y": -5865, "h": 204.6, "d5": 0.462, "d6": "tick=99546 goal=0 here=0", "l": [0.4, 0.55, 0.4, 0.39, 0.43, 0.52, 1.14, 2.12, 0.19, 0.21, 0.31, 0.63, 0.66, 1.19, 0.9, 0.39]}
{"t": 284.6, "x": -6607, "y": -5866, "h": 200.2, "d5": 0.459, "d6": "tick=99556 goal=0 here=0", "l": [0.39, 0.57, 0.41, 0.38, 0.41, 0.52, 1.15, 2.12, 0.18, 0.19, 0.29, 0.61, 0.64, 1.2, 0.89, 0.41]}
{"t": 284.6, "x": -6607, "y": -5866, "h": 203.6, "d5": 0.453, "d6": "tick=99560 goal=0 here=0", "l": [0.37, 0.55, 0.39, 0.4, 0.42, 0.52, 1.16, 2.12, 0.18, 0.17, 0.31, 0.61, 0.65, 1.2, 0.9, -1.0]}
{"t": 285.3, "x": -6607, "y": -5869, "h": 159.6, "d5": 0.438, "d6": "tick=99625 goal=0 here=0", "l": [0.91, 0.41, 0.37, 0.55, 0.4, 0.41, -1.0, 0.51, 1.23, 1.3, 0.18, 0.2, 0.33, 0.63, 0.65, 1.18]}
{"t": 285.8, "x": -6607, "y": -5866, "h": 193.7, "d5": 0.448, "d6": "tick=99673 goal=0 here=0", "l": [0.39, 0.53, 0.41, 0.39, 0.38, -1.0, 0.83, 2.15, 0.42, 0.15, 0.29, 0.57, 0.56, 1.38, 1.0, 0.37]}
{"t": 285.8, "x": -6607, "y": -5868, "h": 194.0, "d5": 0.451, "d6": "tick=99678 goal=0 here=0", "l": [0.42, 0.51, 0.41, 0.42, 0.37, 0.51, 0.79, 2.17, 0.43, 0.15, 0.29, 0.57, 0.56, -1.0, 1.0, 0.38]}
{"t": 285.9, "x": -6607, "y": -5866, "h": 193.5, "d5": 0.458, "d6": "tick=99683 goal=0 here=0", "l": [0.42, 0.53, 0.43, 0.4, 0.38, 0.49, 0.83, 2.17, 0.42, 0.16, 0.3, 0.58, 0.56, 1.37, 1.02, 0.37]}
{"t": 286.0, "x": -6607, "y": -5868, "h": 191.0, "d5": 0.464, "d6": "tick=99693 goal=0 here=0", "l": [0.41, 0.54, 0.41, 0.44, 0.38, 0.51, 0.81, 2.17, 0.44, 0.16, 0.28, 0.58, 0.56, 1.38, 1.0, 0.36]}
{"t": 286.2, "x": -6607, "y": -5866, "h": 205.7, "d5": 0.453, "d6": "tick=99722 goal=0 here=0", "l": [0.37, 0.56, 0.41, 0.42, 0.41, 0.52, 1.25, 1.3, 0.19, 0.18, 0.31, 0.61, 0.66, 1.18, 0.9, 0.41]}
{"t": 286.3, "x": -6607, "y": -5867, "h": 202.9, "d5": 0.437, "d6": "tick=99726 goal=0 here=0", "l": [0.39, 0.56, 0.4, 0.42, 0.44, 0.52, 1.25, 1.3, 0.19, 0.18, 0.31, 0.64, 0.66, 1.18, 0.9, 0.4]}
{"t": 286.3, "x": -6607, "y": -5867, "h": 210.1, "d5": 0.433, "d6": "tick=99731 goal=0 here=0", "l": [0.36, 0.54, 0.39, 0.4, 0.42, 0.52, 1.24, 1.29, 0.19, 0.18, 0.3, 0.62, 0.67, 1.18, 0.91, 0.41]}
{"t": 286.4, "x": -6607, "y": -5867, "h": 202.6, "d5": 0.454, "d6": "tick=99736 goal=0 here=0", "l": [0.38, 0.54, 0.4, 0.39, 0.42, 0.51, 1.26, -1.0, 0.18, 0.2, 0.3, 0.62, 0.66, 1.18, 0.91, 0.41]}
{"t": 286.4, "x": -6607, "y": -5866, "h": 205.3, "d5": 0.456, "d6": "tick=99741 goal=0 here=0", "l": [0.35, 0.55, 0.41, 0.4, 0.44, 0.51, 1.24, 1.3, 0.19, 0.19, 0.32, 0.61, 0.66, 1.18, 0.91, 0.43]}
{"t": 286.5, "x": -6607, "y": -5867, "h": 206.2, "d5": 0.437, "d6": "tick=99747 goal=0 here=0", "l": [0.37, 0.58, 0.4, 0.39, 0.42, 0.52, 1.23, 1.3, 0.18, 0.2, 0.31, 0.63, 0.67, 1.18, 0.89, 0.4]}
{"t": 286.6, "x": -6607, "y": -5867, "h": 205.5, "d5": 0.447, "d6": "tick=99757 goal=0 here=0", "l": [0.38, 0.55, 0.41, 0.38, 0.44, 0.51, 1.24, 1.29, 0.2, 0.2, 0.31, 0.62, 0.67, 1.2, 0.91, 0.41]}
{"t": 286.6, "x": -6607, "y": -5867, "h": 207.4, "d5": 0.45, "d6": "tick=99760 goal=0 here=0", "l": [0.38, 0.54, 0.4, 0.37, 0.45, 0.51, 1.23, 1.3, 0.2, 0.19, 0.32, 0.62, 0.65, 1.17, 0.91, 0.41]}
{"t": 286.7, "x": -6607, "y": -5867, "h": 203.3, "d5": 0.46, "d6": "tick=99765 goal=0 here=0", "l": [0.37, 0.54, 0.41, 0.41, 0.43, 0.52, 1.22, 1.29, 0.19, 0.19, 0.31, 0.6, 0.66, 1.18, 0.93, 0.41]}
{"t": 286.7, "x": -6606, "y": -5865, "h": 206.2, "d5": 0.447, "d6": "tick=99770 goal=0 here=0", "l": [0.38, 0.54, 0.4, -1.0, 0.45, 0.52, 1.25, 1.29, 0.19, 0.2, 0.32, 0.61, 0.67, 1.2, 0.91, 0.41]}
{"t": 286.8, "x": -6607, "y": -5866, "h": 203.4, "d5": 0.449, "d6": "tick=99776 goal=0 here=0", "l": [0.38, 0.56, 0.4, 0.39, 0.44, 0.52, 1.23, 1.3, 0.18, 0.2, 0.29, 0.61, 0.68, 1.21, 0.91, 0.42]}
{"t": 286.8, "x": -6607, "y": -5867, "h": 204.8, "d5": 0.443, "d6": "tick=99781 goal=0 here=0", "l": [0.38, 0.57, 0.4, 0.39, 0.44, 0.51, 1.25, 1.31, 0.2, 0.19, 0.3, 0.61, 0.67, 1.19, 0.91, 0.41]}
{"t": 286.9, "x": -6607, "y": -5867, "h": 208.4, "d5": 0.458, "d6": "tick=99786 goal=0 here=0", "l": [0.38, 0.56, 0.4, 0.4, 0.44, 0.5, 1.24, 1.3, 0.17, 0.19, 0.3, 0.6, 0.66, 1.19, 0.92, 0.41]}
{"t": 287.0, "x": -6607, "y": -5866, "h": 208.8, "d5": 0.464, "d6": "tick=99792 goal=0 here=0", "l": [0.36, 0.56, 0.41, 0.39, 0.45, 0.52, 1.22, 1.3, 0.18, 0.21, 0.32, 0.62, 0.67, 1.19, 0.92, 0.4]}
{"t": 287.0, "x": -6607, "y": -5866, "h": 203.2, "d5": 0.45, "d6": "tick=99797 goal=0 here=0", "l": [0.37, 0.56, 0.42, 0.37, 0.44, 0.52, 1.24, 1.32, 0.19, 0.2, 0.32, 0.62, 0.65, 1.19, 0.9, 0.41]}
{"t": 287.1, "x": -6606, "y": -5866, "h": 205.9, "d5": 0.455, "d6": "tick=99802 goal=0 here=0", "l": [0.38, 0.54, 0.41, 0.41, 0.43, 0.5, 1.25, 1.31, 0.2, 0.21, 0.3, 0.62, 0.65, 1.18, 0.91, 0.4]}
{"t": 287.1, "x": -6606, "y": -5866, "h": 206.8, "d5": 0.45, "d6": "tick=99807 goal=0 here=0", "l": [0.37, 0.55, 0.4, 0.36, 0.42, 0.51, 1.25, 1.3, 0.19, 0.2, 0.31, 0.62, 0.66, 1.21, 0.89, 0.42]}
{"t": 287.2, "x": -6606, "y": -5866, "h": 205.5, "d5": 0.456, "d6": "tick=99812 goal=0 here=0", "l": [0.38, 0.58, 0.4, 0.39, 0.42, 0.49, 1.25, 1.29, 0.18, 0.2, 0.31, 0.61, 0.66, 1.2, 0.9, 0.42]}
{"t": 287.2, "x": -6606, "y": -5866, "h": 203.6, "d5": 0.441, "d6": "tick=99817 goal=0 here=0", "l": [0.36, 0.56, 0.41, 0.39, 0.43, 0.53, 1.24, 1.28, 0.2, 0.21, 0.3, 0.62, 0.64, 1.18, 0.91, 0.43]}
{"t": 287.3, "x": -6607, "y": -5866, "h": 207.9, "d5": 0.445, "d6": "tick=99822 goal=0 here=0", "l": [0.38, 0.54, 0.39, 0.4, 0.42, 0.52, 1.24, 1.3, 0.19, 0.19, 0.31, 0.62, 0.66, 1.2, 0.9, 0.4]}
{"t": 287.3, "x": -6607, "y": -5867, "h": 204.8, "d5": 0.443, "d6": "tick=99827 goal=0 here=0", "l": [0.38, 0.55, 0.42, 0.39, 0.42, 0.5, 1.24, 1.3, 0.16, 0.19, 0.29, 0.6, 0.66, 1.19, 0.91, 0.41]}
{"t": 287.4, "x": -6606, "y": -5866, "h": 206.1, "d5": 0.461, "d6": "tick=99832 goal=0 here=0", "l": [0.38, 0.55, 0.41, 0.41, 0.42, 0.52, 1.25, 1.31, 0.17, 0.2, 0.32, 0.62, 0.67, 1.2, 0.91, 0.39]}
{"t": 287.4, "x": -6606, "y": -5865, "h": 207.1, "d5": 0.451, "d6": "tick=99837 goal=0 here=0", "l": [0.36, 0.55, 0.43, 0.4, 0.43, 0.52, 1.25, 1.29, 0.2, 0.2, 0.3, 0.61, 0.65, 1.19, 0.91, 0.41]}
{"t": 287.5, "x": -6607, "y": -5867, "h": 205.2, "d5": 0.447, "d6": "tick=99842 goal=0 here=0", "l": [0.39, 0.54, 0.41, 0.4, 0.43, 0.52, 1.23, 1.27, 0.21, 0.19, 0.32, 0.62, 0.66, 1.2, 0.88, 0.41]}
{"t": 287.5, "x": -6606, "y": -5866, "h": 206.2, "d5": 0.445, "d6": "tick=99847 goal=0 here=0", "l": [0.4, 0.54, 0.41, 0.39, 0.44, 0.52, 1.24, 1.29, 0.2, 0.19, 0.32, 0.62, 0.69, 1.2, 0.9, 0.41]}
{"t": 287.6, "x": -6606, "y": -5866, "h": 204.7, "d5": 0.446, "d6": "tick=99857 goal=0 here=0", "l": [0.37, 0.57, -1.0, 0.4, 0.41, 0.51, 1.23, 1.29, 0.18, 0.2, 0.31, 0.61, 0.67, 1.17, 0.91, 0.42]}
{"t": 287.6, "x": -6606, "y": -5865, "h": 205.9, "d5": 0.447, "d6": "tick=99861 goal=0 here=0", "l": [0.38, 0.56, 0.39, 0.39, 0.44, 0.51, 1.24, 1.28, 0.18, 0.2, 0.3, 0.6, 0.69, 1.17, 0.91, 0.39]}
{"t": 287.7, "x": -6606, "y": -5865, "h": 204.6, "d5": 0.445, "d6": "tick=99866 goal=0 here=0", "l": [0.38, 0.55, 0.42, 0.39, 0.44, 0.52, 1.23, 1.29, 0.18, 0.19, 0.32, 0.6, 0.65, 1.18, 0.9, 0.38]}
{"t": 287.7, "x": -6606, "y": -5865, "h": 201.3, "d5": 0.438, "d6": "tick=99871 goal=0 here=0", "l": [0.38, 0.56, 0.4, 0.4, 0.44, 0.51, 1.22, 1.29, 0.19, 0.2, 0.32, 0.63, 0.69, 1.18, 0.91, 0.41]}
{"t": 287.8, "x": -6606, "y": -5866, "h": 206.1, "d5": 0.436, "d6": "tick=99876 goal=0 here=0", "l": [0.38, 0.56, 0.41, 0.38, 0.43, 0.52, 1.23, 1.29, 0.21, 0.2, 0.31, 0.63, 0.67, 1.2, 0.92, 0.4]}
{"t": 287.8, "x": -6606, "y": -5865, "h": 207.7, "d5": 0.435, "d6": "tick=99881 goal=0 here=0", "l": [0.37, 0.56, 0.39, 0.41, 0.43, 0.53, 1.23, 1.3, 0.19, 0.2, 0.28, 0.63, 0.69, 1.17, 0.91, 0.4]}
{"t": 287.9, "x": -6606, "y": -5866, "h": 205.3, "d5": 0.437, "d6": "tick=99886 goal=0 here=0", "l": [0.37, -1.0, 0.41, 0.39, 0.42, 0.54, 1.25, 1.29, 0.18, 0.21, 0.3, 0.62, 0.66, 1.18, 0.92, 0.4]}
{"t": 287.9, "x": -6607, "y": -5866, "h": 205.3, "d5": 0.44, "d6": "tick=99891 goal=0 here=0", "l": [0.38, 0.55, 0.4, 0.38, 0.41, 0.51, 1.25, 1.27, 0.18, 0.2, 0.33, 0.62, 0.67, 1.19, 0.89, 0.39]}
{"t": 288.0, "x": -6607, "y": -5866, "h": 203.0, "d5": 0.438, "d6": "tick=99901 goal=0 here=0", "l": [0.37, 0.53, 0.4, 0.39, 0.43, 0.51, 1.23, 1.3, 0.2, 0.21, 0.32, 0.62, 0.67, 1.19, 0.91, 0.41]}
{"t": 288.1, "x": -6607, "y": -5867, "h": 209.9, "d5": 0.443, "d6": "tick=99905 goal=0 here=0", "l": [0.37, 0.56, 0.41, 0.38, 0.43, 0.51, 1.22, 1.28, 0.19, 0.21, 0.32, 0.6, 0.67, 1.19, 0.9, 0.4]}
{"t": 288.2, "x": -6607, "y": -5866, "h": 200.7, "d5": 0.454, "d6": "tick=99915 goal=0 here=0", "l": [0.39, 0.56, 0.4, 0.4, 0.42, 0.51, 1.23, 1.3, 0.18, 0.19, 0.31, 0.61, 0.66, 1.2, 0.9, 0.41]}
{"t": 288.2, "x": -6607, "y": -5866, "h": 202.6, "d5": 0.438, "d6": "tick=99920 goal=0 here=0", "l": [0.38, 0.56, 0.41, 0.41, 0.44, 0.53, 1.24, 1.29, 0.19, 0.18, 0.31, 0.62, 0.65, 1.17, 0.9, 0.41]}
{"t": 288.3, "x": -6607, "y": -5866, "h": 205.5, "d5": 0.443, "d6": "tick=99925 goal=0 here=0", "l": [0.39, 0.55, 0.41, 0.39, 0.43, 0.51, 1.23, 1.29, -1.0, 0.23, 0.3, 0.62, 0.66, 1.18, 0.89, 0.41]}
{"t": 288.3, "x": -6607, "y": -5866, "h": 206.9, "d5": 0.451, "d6": "tick=99930 goal=0 here=0", "l": [0.37, 0.54, 0.4, 0.4, 0.43, 0.52, 1.25, 1.3, 0.19, 0.21, 0.32, 0.6, 0.66, 1.18, 0.91, 0.4]}
{"t": 288.4, "x": -6607, "y": -5866, "h": 209.2, "d5": 0.444, "d6": "tick=99935 goal=0 here=0", "l": [0.37, 0.56, 0.42, 0.4, 0.43, 0.52, 1.23, 1.3, 0.18, 0.2, 0.31, 0.61, 0.68, 1.18, 0.9, 0.42]}
{"t": 288.4, "x": -6607, "y": -5866, "h": 207.9, "d5": 0.436, "d6": "tick=99940 goal=0 here=0", "l": [0.39, 0.54, 0.41, 0.39, 0.43, 0.51, 1.23, 1.28, 0.19, 0.19, 0.3, 0.62, 0.67, 1.19, 0.89, 0.4]}
{"t": 288.5, "x": -6607, "y": -5867, "h": 205.2, "d5": 0.454, "d6": "tick=99945 goal=0 here=0", "l": [0.39, 0.54, 0.4, 0.4, 0.44, 0.51, 1.24, 1.31, 0.18, 0.2, 0.31, 0.6, 0.64, 1.19, 0.92, 0.4]}
{"t": 288.5, "x": -6607, "y": -5867, "h": 203.4, "d5": 0.457, "d6": "tick=99950 goal=0 here=0", "l": [0.38, 0.55, 0.4, 0.39, 0.44, 0.54, 1.25, 1.31, 0.19, 0.2, 0.3, 0.62, 0.68, 1.19, 0.9, 0.41]}
{"t": 288.6, "x": -6607, "y": -5867, "h": 207.0, "d5": 0.442, "d6": "tick=99955 goal=0 here=0", "l": [0.36, 0.56, 0.4, 0.39, 0.43, 0.49, 1.25, 1.29, 0.17, 0.2, 0.3, 0.62, 0.66, 1.18, 0.93, 0.42]}
{"t": 288.6, "x": -6607, "y": -5866, "h": 205.9, "d5": 0.435, "d6": "tick=99960 goal=0 here=0", "l": [0.36, 0.57, 0.4, 0.39, 0.44, 0.52, 1.23, 1.3, 0.18, 0.19, 0.3, 0.61, 0.67, 1.17, 0.9, 0.41]}
{"t": 288.7, "x": -6607, "y": -5866, "h": 207.8, "d5": 0.463, "d6": "tick=99965 goal=0 here=0", "l": [0.38, 0.55, 0.41, 0.39, 0.43, 0.51, 1.23, 1.3, 0.18, 0.19, 0.3, 0.6, 0.66, 1.2, 0.89, 0.42]}
{"t": 288.7, "x": -6607, "y": -5866, "h": 205.2, "d5": 0.447, "d6": "tick=99970 goal=0 here=0", "l": [0.38, 0.55, 0.4, 0.4, 0.44, 0.49, 1.23, 1.29, 0.17, 0.2, 0.3, 0.62, 0.66, 1.18, 0.9, 0.41]}
{"t": 288.8, "x": -6607, "y": -5866, "h": 206.6, "d5": 0.443, "d6": "tick=99975 goal=0 here=0", "l": [0.39, 0.57, 0.42, 0.4, 0.42, 0.51, 1.23, 1.29, 0.19, 0.2, 0.33, 0.62, 0.66, 1.18, 0.9, 0.42]}
{"t": 288.8, "x": -6607, "y": -5866, "h": 205.6, "d5": 0.44, "d6": "tick=99980 goal=0 here=0", "l": [0.37, 0.54, 0.42, 0.38, 0.43, 0.51, 1.23, 1.3, 0.18, 0.21, 0.32, 0.59, 0.67, 1.16, 0.91, 0.42]}
{"t": 288.9, "x": -6607, "y": -5867, "h": 203.2, "d5": 0.456, "d6": "tick=99985 goal=0 here=0", "l": [0.38, 0.54, 0.4, 0.39, 0.44, 0.51, 1.24, 1.28, 0.17, 0.21, 0.33, 0.62, 0.67, 1.17, 0.91, 0.41]}
{"t": 289.0, "x": -6606, "y": -5865, "h": 203.6, "d5": 0.456, "d6": "tick=99995 goal=0 here=0", "l": [0.4, 0.55, 0.41, 0.41, 0.44, 0.51, 1.23, 1.3, 0.16, 0.21, 0.31, 0.6, 0.67, 1.19, 0.91, 0.4]}
{"t": 289.0, "x": -6607, "y": -5866, "h": 205.8, "d5": 0.451, "d6": "tick=99999 goal=0 here=0", "l": [0.36, 0.54, 0.41, 0.39, 0.43, 0.51, 1.23, 1.3, 0.2, 0.18, 0.33, 0.62, 0.66, 1.19, 0.9, 0.4]}
{"t": 289.1, "x": -6607, "y": -5867, "h": 203.0, "d5": 0.44, "d6": "tick=100004 goal=0 here=0", "l": [0.37, 0.55, 0.39, 0.39, 0.42, 0.51, 1.24, 1.29, 0.2, 0.19, 0.29, 0.62, 0.67, 1.18, 0.9, 0.42]}
{"t": 289.1, "x": -6607, "y": -5867, "h": 203.1, "d5": 0.448, "d6": "tick=100009 goal=0 here=0", "l": [0.37, 0.56, 0.4, 0.39, 0.44, 0.51, 1.25, 1.3, 0.17, 0.2, 0.31, 0.6, 0.68, 1.16, 0.9, 0.39]}
{"t": 289.2, "x": -6606, "y": -5865, "h": 206.0, "d5": 0.44, "d6": "tick=100014 goal=0 here=0", "l": [0.36, 0.55, 0.41, 0.41, 0.43, 0.5, 1.25, 1.3, 0.19, 0.2, 0.31, 0.63, 0.66, 1.19, -1.0, 0.41]}
{"t": 289.2, "x": -6607, "y": -5867, "h": 204.4, "d5": 0.445, "d6": "tick=100019 goal=0 here=0", "l": [0.36, 0.56, 0.4, 0.39, 0.42, 0.52, 1.23, 1.3, 0.18, 0.2, 0.3, 0.58, 0.66, 1.18, 0.9, 0.43]}
{"t": 289.3, "x": -6607, "y": -5867, "h": 203.1, "d5": 0.436, "d6": "tick=100024 goal=0 here=0", "l": [0.39, 0.56, 0.41, 0.38, 0.43, 0.52, 1.24, 1.29, 0.18, 0.21, 0.3, 0.61, 0.66, 1.18, 0.92, 0.41]}
{"t": 289.4, "x": -6607, "y": -5866, "h": 204.0, "d5": 0.451, "d6": "tick=100034 goal=0 here=0", "l": [0.37, 0.53, 0.4, 0.39, 0.43, 0.49, 1.22, 1.31, 0.17, 0.21, 0.32, 0.63, 0.66, 1.19, 0.89, 0.4]}
{"t": 289.4, "x": -6607, "y": -5866, "h": 205.6, "d5": 0.443, "d6": "tick=100037 goal=0 here=0", "l": [0.37, 0.56, 0.41, 0.39, 0.42, 0.52, 1.22, 1.29, 0.21, 0.19, 0.3, 0.61, 0.67, 1.19, 0.93, 0.42]}
{"t": 289.5, "x": -6606, "y": -5865, "h": 203.8, "d5": 0.438, "d6": "tick=100048 goal=0 here=0", "l": [0.37, 0.57, 0.41, 0.38, 0.42, 0.5, -1.0, 1.3, 0.17, 0.21, 0.31, 0.61, 0.66, 1.18, 0.91, 0.41]}
{"t": 289.6, "x": -6607, "y": -5866, "h": 204.9, "d5": 0.448, "d6": "tick=100053 goal=0 here=0", "l": [0.38, 0.57, 0.39, 0.39, 0.43, 0.51, 1.24, 1.29, 0.19, 0.18, 0.32, 0.62, 0.66, 1.18, 0.89, 0.4]}
{"t": 289.6, "x": -6607, "y": -5866, "h": 207.7, "d5": 0.446, "d6": "tick=100058 goal=0 here=0", "l": [0.37, 0.54, 0.41, 0.38, 0.42, 0.51, 1.21, 1.31, 0.19, 0.22, 0.3, 0.62, 0.68, 1.16, -1.0, 0.39]}
{"t": 289.7, "x": -6607, "y": -5866, "h": 204.1, "d5": 0.451, "d6": "tick=100063 goal=0 here=0", "l": [0.36, 0.55, 0.41, 0.41, 0.42, 0.51, 1.23, 1.3, 0.18, 0.18, 0.31, 0.63, 0.65, 1.19, 0.91, 0.41]}
{"t": 289.7, "x": -6607, "y": -5866, "h": 209.8, "d5": 0.441, "d6": "tick=100068 goal=0 here=0", "l": [0.38, 0.54, 0.41, 0.39, 0.43, 0.51, 1.23, 1.3, 0.18, 0.19, 0.3, 0.62, 0.66, 1.18, 0.91, 0.42]}
{"t": 289.8, "x": -6607, "y": -5867, "h": 200.5, "d5": 0.451, "d6": "tick=100073 goal=0 here=0", "l": [0.39, 0.54, 0.4, 0.39, 0.42, 0.52, 1.23, 1.3, 0.18, 0.2, 0.29, 0.64, 0.66, 1.19, 0.92, 0.41]}
{"t": 289.8, "x": -6607, "y": -5867, "h": 204.3, "d5": 0.441, "d6": "tick=100078 goal=0 here=0", "l": [0.38, 0.55, 0.39, 0.4, 0.42, 0.51, 1.24, 1.31, 0.2, 0.2, 0.3, 0.62, 0.66, 1.18, 0.91, 0.4]}
{"t": 289.9, "x": -6607, "y": -5867, "h": 204.3, "d5": 0.45, "d6": "tick=100083 goal=0 here=0", "l": [0.37, 0.55, 0.39, 0.39, 0.43, 0.52, 1.24, 1.31, 0.17, 0.21, 0.31, 0.61, 0.67, 1.18, 0.89, 0.41]}
{"t": 289.9, "x": -6607, "y": -5866, "h": 204.2, "d5": 0.444, "d6": "tick=100088 goal=0 here=0", "l": [0.38, 0.56, 0.39, 0.39, 0.43, 0.51, 1.25, 1.29, 0.18, 0.21, 0.3, 0.59, 0.65, 1.19, 0.92, 0.4]}
{"t": 290.0, "x": -6606, "y": -5865, "h": 204.2, "d5": 0.44, "d6": "tick=100093 goal=0 here=0", "l": [0.37, 0.54, 0.42, 0.39, 0.43, 0.51, 1.25, 1.29, 0.2, 0.19, 0.29, 0.61, 0.66, 1.19, 0.91, 0.4]}
{"t": 290.0, "x": -6607, "y": -5866, "h": 208.8, "d5": 0.456, "d6": "tick=100098 goal=0 here=0", "l": [0.37, 0.56, 0.39, 0.39, 0.43, 0.5, 1.24, 1.29, 0.2, 0.2, 0.31, 0.61, 0.66, 1.16, 0.9, 0.4]}
{"t": 290.1, "x": -6607, "y": -5866, "h": 206.3, "d5": 0.434, "d6": "tick=100106 goal=0 here=0", "l": [0.38, 0.54, 0.43, 0.39, 0.45, 0.52, 1.23, 1.31, 0.2, 0.21, 0.32, 0.63, 0.66, 1.2, 0.9, 0.42]}
{"t": 290.1, "x": -6607, "y": -5866, "h": 205.8, "d5": 0.455, "d6": "tick=100111 goal=0 here=0", "l": [0.37, 0.54, 0.42, 0.39, 0.41, 0.51, 1.25, 1.29, 0.18, 0.2, 0.31, 0.61, 0.67, 1.17, 0.9, 0.41]}
{"t": 290.2, "x": -6607, "y": -5867, "h": 203.8, "d5": 0.454, "d6": "tick=100116 goal=0 here=0", "l": [0.37, 0.57, 0.39, 0.4, 0.44, 0.51, 1.23, 1.3, 0.19, 0.19, 0.32, 0.62, 0.66, 1.19, 0.91, 0.4]}
{"t": 290.2, "x": -6607, "y": -5866, "h": 207.6, "d5": 0.455, "d6": "tick=100121 goal=0 here=0", "l": [0.36, 0.57, 0.4, 0.41, -1.0, 0.51, 1.26, 1.3, 0.17, 0.19, 0.3, 0.6, 0.67, 1.2, 0.91, 0.41]}
{"t": 290.3, "x": -6607, "y": -5866, "h": 206.5, "d5": 0.439, "d6": "tick=100126 goal=0 here=0", "l": [0.36, 0.55, 0.41, 0.4, 0.43, 0.52, 1.22, 1.3, 0.17, 0.21, 0.31, -1.0, 0.66, 1.18, 0.9, 0.4]}
{"t": 290.3, "x": -6607, "y": -5867, "h": 205.3, "d5": 0.445, "d6": "tick=100131 goal=0 here=0", "l": [0.37, 0.55, 0.4, 0.4, 0.43, 0.51, 1.24, 1.3, 0.18, 0.2, 0.33, 0.61, 0.67, 1.18, 0.88, 0.42]}
{"t": 290.4, "x": -6606, "y": -5866, "h": 208.8, "d5": 0.441, "d6": "tick=100136 goal=0 here=0", "l": [0.39, 0.55, 0.42, 0.39, 0.43, 0.51, 1.23, 1.28, 0.19, 0.2, 0.3, 0.6, 0.67, 1.2, 0.91, 0.41]}
{"t": 290.4, "x": -6606, "y": -5866, "h": 202.0, "d5": 0.45, "d6": "tick=100141 goal=0 here=0", "l": [0.37, 0.55, 0.41, 0.39, 0.43, 0.51, 1.22, 1.3, 0.17, 0.2, 0.3, 0.6, 0.66, 1.2, 0.92, 0.4]}
{"t": 290.5, "x": -6607, "y": -5867, "h": 205.3, "d5": 0.441, "d6": "tick=100147 goal=0 here=0", "l": [0.39, 0.56, 0.38, 0.38, 0.42, 0.51, 1.25, -1.0, 0.19, 0.2, 0.31, 0.62, 0.67, 1.18, 0.88, 0.41]}
{"t": 290.5, "x": -6607, "y": -5866, "h": 204.5, "d5": 0.454, "d6": "tick=100151 goal=0 here=0", "l": [0.37, 0.55, 0.42, 0.37, 0.42, 0.51, 1.22, 1.28, 0.17, 0.22, 0.3, 0.62, 0.66, 1.16, 0.92, 0.39]}
{"t": 290.6, "x": -6607, "y": -5867, "h": 202.2, "d5": 0.447, "d6": "tick=100161 goal=0 here=0", "l": [0.38, 0.57, 0.4, 0.4, -1.0, 0.52, 1.25, 1.29, 0.17, 0.19, 0.31, 0.64, 0.67, 1.18, 0.91, 0.4]}
{"t": 290.7, "x": -6606, "y": -5866, "h": 206.2, "d5": 0.457, "d6": "tick=100167 goal=0 here=0", "l": [0.38, 0.55, 0.41, 0.37, 0.43, 0.51, 1.24, 1.31, 0.19, 0.19, 0.31, 0.6, 0.65, 1.18, 0.9, 0.42]}
{"t": 290.7, "x": -6607, "y": -5867, "h": 206.1, "d5": 0.448, "d6": "tick=100172 goal=0 here=0", "l": [0.38, 0.53, 0.39, 0.4, 0.43, 0.51, 1.26, 1.32, 0.19, 0.21, 0.31, 0.62, 0.66, 1.19, 0.89, 0.42]}
{"t": 290.8, "x": -6607, "y": -5866, "h": 206.0, "d5": 0.443, "d6": "tick=100177 goal=0 here=0", "l": [0.36, 0.54, 0.39, 0.38, 0.42, 0.51, 1.24, 1.3, 0.19, 0.2, 0.32, 0.62, 0.69, 1.2, 0.91, 0.39]}
{"t": 290.8, "x": -6607, "y": -5867, "h": 202.6, "d5": 0.436, "d6": "tick=100182 goal=0 here=0", "l": [0.39, 0.54, 0.4, 0.39, 0.44, 0.51, 1.23, 1.32, 0.18, 0.19, 0.32, 0.6, 0.65, 1.19, 0.9, 0.42]}
{"t": 290.9, "x": -6607, "y": -5866, "h": 206.3, "d5": 0.465, "d6": "tick=100187 goal=0 here=0", "l": [0.36, 0.55, 0.41, 0.4, 0.42, 0.51, 1.24, 1.3, 0.19, 0.2, 0.31, 0.6, 0.67, 1.18, 0.92, 0.41]}
{"t": 291.0, "x": -6606, "y": -5865, "h": 207.4, "d5": 0.461, "d6": "tick=100197 goal=0 here=0", "l": [0.35, 0.56, 0.4, 0.38, 0.44, 0.53, 1.24, 1.29, 0.17, 0.19, 0.31, 0.62, 0.66, 1.19, 0.9, 0.39]}
{"t": 291.1, "x": -6607, "y": -5867, "h": 203.2, "d5": 0.45, "d6": "tick=100202 goal=0 here=0", "l": [0.36, 0.56, 0.41, 0.38, 0.43, 0.53, 1.25, 1.3, 0.18, 0.19, 0.32, 0.62, 0.65, 1.19, 0.9, 0.42]}
{"t": 291.1, "x": -6606, "y": -5866, "h": 207.7, "d5": 0.445, "d6": "tick=100207 goal=0 here=0", "l": [0.37, 0.55, 0.39, 0.39, 0.43, 0.51, 1.23, 1.29, 0.21, 0.2, 0.32, 0.62, 0.67, 1.19, 0.91, 0.4]}
{"t": 291.2, "x": -6607, "y": -5867, "h": 208.1, "d5": 0.459, "d6": "tick=100212 goal=0 here=0", "l": [0.37, 0.56, 0.4, 0.39, 0.43, 0.51, 1.25, 1.3, 0.2, 0.22, 0.28, 0.62, 0.65, 1.18, 0.89, 0.39]}
{"t": 291.2, "x": -6607, "y": -5867, "h": 204.5, "d5": 0.438, "d6": "tick=100217 goal=0 here=0", "l": [0.37, 0.57, 0.41, 0.39, 0.42, 0.52, 1.24, 1.31, 0.2, 0.2, 0.31, 0.62, 0.67, 1.17, 0.9, 0.41]}
{"t": 291.3, "x": -6607, "y": -5867, "h": 204.4, "d5": 0.445, "d6": "tick=100222 goal=0 here=0", "l": [0.37, 0.55, 0.41, 0.39, 0.43, 0.51, 1.25, 1.29, 0.17, 0.2, 0.33, 0.62, 0.65, 1.18, 0.91, 0.41]}
{"t": 291.3, "x": -6607, "y": -5866, "h": 205.5, "d5": 0.455, "d6": "tick=100227 goal=0 here=0", "l": [0.37, 0.55, 0.39, 0.4, 0.42, 0.53, 1.23, 1.3, 0.19, 0.2, 0.31, 0.61, 0.66, 1.17, 0.91, 0.42]}
{"t": 291.4, "x": -6606, "y": -5865, "h": 200.4, "d5": 0.449, "d6": "tick=100232 goal=0 here=0", "l": [0.38, 0.56, 0.4, 0.38, 0.43, 0.51, 1.24, 1.3, 0.19, 0.2, 0.32, 0.6, 0.67, 1.18, 0.91, 0.42]}
{"t": 291.4, "x": -6607, "y": -5866, "h": 207.9, "d5": 0.439, "d6": "tick=100237 goal=0 here=0", "l": [0.37, 0.57, 0.4, 0.39, 0.42, 0.52, 1.24, 1.3, 0.19, 0.2, 0.3, 0.6, 0.68, 1.17, 0.9, 0.41]}
{"t": 291.5, "x": -6607, "y": -5867, "h": 205.0, "d5": 0.457, "d6": "tick=100242 goal=0 here=0", "l": [0.38, 0.56, 0.41, 0.38, 0.43, 0.51, 1.23, 1.3, 0.19, 0.21, 0.3, 0.64, 0.65, 1.19, 0.92, 0.41]}
{"t": 291.5, "x": -6607, "y": -5867, "h": 205.4, "d5": 0.446, "d6": "tick=100247 goal=0 here=0", "l": [0.4, 0.55, 0.41, 0.39, 0.45, 0.52, 1.24, 1.29, 0.19, 0.2, 0.3, 0.63, 0.67, 1.19, 0.89, 0.4]}
{"t": 291.6, "x": -6606, "y": -5866, "h": 205.3, "d5": 0.442, "d6": "tick=100252 goal=0 here=0", "l": [0.38, 0.56, 0.39, 0.4, 0.44, 0.52, 1.24, 1.29, 0.19, 0.19, 0.31, 0.62, 0.66, 1.19, 0.89, 0.43]}
{"t": 291.6, "x": -6607, "y": -5867, "h": 205.2, "d5": 0.46, "d6": "tick=100257 goal=0 here=0", "l": [0.37, 0.57, 0.4, 0.4, -1.0, 0.52, 1.24, 1.31, 0.18, 0.21, 0.3, 0.62, 0.64, 1.16, 0.92, 0.4]}
{"t": 291.7, "x": -6607, "y": -5867, "h": 204.3, "d5": 0.446, "d6": "tick=100262 goal=0 here=0", "l": [0.38, 0.55, 0.41, 0.39, 0.45, 0.5, 1.22, 1.3, 0.18, 0.19, 0.3, 0.61, 0.67, 1.18, 0.91, 0.39]}
{"t": 291.7, "x": -6607, "y": -5866, "h": 202.2, "d5": 0.453, "d6": "tick=100268 goal=0 here=0", "l": [0.35, 0.56, 0.39, 0.39, 0.43, 0.52, 1.22, 1.31, 0.18, 0.21, 0.31, 0.62, 0.67, 1.19, 0.9, 0.4]}
{"t": 291.8, "x": -6607, "y": -5867, "h": 206.5, "d5": 0.443, "d6": "tick=100272 goal=0 here=0", "l": [0.39, 0.57, 0.4, 0.4, 0.43, 0.5, 1.24, 1.29, 0.17, 0.2, 0.31, 0.62, 0.66, 1.18, 0.9, 0.41]}
{"t": 291.8, "x": -6607, "y": -5866, "h": 204.9, "d5": 0.456, "d6": "tick=100278 goal=0 here=0", "l": [0.38, 0.53, 0.41, 0.39, 0.43, 0.53, 1.23, 1.27, 0.19, 0.2, -1.0, 0.62, 0.67, 1.2, 0.91, 0.41]}
{"t": 291.9, "x": -6607, "y": -5866, "h": 205.6, "d5": 0.465, "d6": "tick=100283 goal=0 here=0", "l": [0.39, 0.55, 0.43, 0.4, 0.43, 0.51, 1.23, 1.31, 0.19, 0.2, 0.31, 0.6, 0.67, 1.2, 0.9, 0.4]}
{"t": 291.9, "x": -6607, "y": -5866, "h": 204.7, "d5": 0.451, "d6": "tick=100288 goal=0 here=0", "l": [0.38, 0.56, 0.39, 0.38, 0.45, 0.52, 1.24, 1.28, 0.2, 0.18, 0.32, 0.62, 0.65, 1.19, 0.92, 0.41]}
{"t": 292.0, "x": -6607, "y": -5866, "h": 203.8, "d5": 0.446, "d6": "tick=100293 goal=0 here=0", "l": [0.38, 0.55, 0.4, 0.37, 0.44, 0.51, 1.23, 1.29, 0.18, 0.19, 0.31, 0.61, 0.66, 1.18, 0.92, 0.39]}
{"t": 292.0, "x": -6606, "y": -5866, "h": 205.9, "d5": 0.438, "d6": "tick=100299 goal=0 here=0", "l": [0.39, 0.54, 0.4, 0.4, 0.43, 0.5, 1.23, 1.3, 0.19, 0.21, 0.29, 0.62, 0.65, 1.19, 0.9, 0.41]}
{"t": 292.1, "x": -6606, "y": -5865, "h": 206.3, "d5": 0.463, "d6": "tick=100304 goal=0 here=0", "l": [0.38, 0.55, 0.4, 0.4, 0.44, 0.52, 1.24, 1.31, 0.19, 0.2, 0.31, 0.59, 0.67, 1.17, 0.91, 0.4]}
{"t": 292.1, "x": -6606, "y": -5866, "h": 202.7, "d5": 0.45, "d6": "tick=100309 goal=0 here=0", "l": [0.39, 0.55, 0.39, 0.38, 0.43, 0.52, 1.22, 1.31, 0.17, 0.2, 0.32, 0.62, 0.67, 1.18, 0.91, 0.4]}
{"t": 292.2, "x": -6607, "y": -5867, "h": 204.4, "d5": 0.446, "d6": "tick=100314 goal=0 here=0", "l": [0.39, 0.54, 0.39, 0.39, 0.43, 0.51, 1.23, 1.28, 0.19, 0.18, 0.3, 0.61, 0.66, 1.18, 0.9, 0.41]}
{"t": 292.2, "x": -6607, "y": -5866, "h": 203.5, "d5": 0.44, "d6": "tick=100319 goal=0 here=0", "l": [0.36, 0.56, 0.39, 0.38, 0.42, 0.51, 1.23, 1.3, 0.17, 0.21, 0.31, 0.62, 0.66, 1.18, 0.92, 0.41]}
{"t": 292.3, "x": -6606, "y": -5865, "h": 203.5, "d5": 0.44, "d6": "tick=100324 goal=0 here=0", "l": [0.36, 0.56, -1.0, 0.39, 0.41, 0.52, 1.23, 1.28, 0.2, 0.2, 0.3, 0.61, 0.68, 1.18, 0.92, 0.43]}
{"t": 292.3, "x": -6607, "y": -5866, "h": 207.5, "d5": 0.442, "d6": "tick=100329 goal=0 here=0", "l": [0.36, 0.56, 0.4, 0.39, 0.43, 0.51, 1.24, 1.31, 0.16, 0.21, 0.3, 0.63, 0.65, 1.18, 0.91, 0.4]}
{"t": 292.4, "x": -6606, "y": -5866, "h": 205.5, "d5": 0.43, "d6": "tick=100334 goal=0 here=0", "l": [0.37, 0.56, 0.41, 0.38, 0.42, 0.52, 1.23, 1.31, 0.17, 0.2, 0.31, -1.0, 0.66, 1.18, 0.9, 0.41]}
{"t": 292.4, "x": -6607, "y": -5866, "h": 205.8, "d5": 0.452, "d6": "tick=100339 goal=0 here=0", "l": [0.38, 0.57, 0.41, 0.41, 0.44, 0.5, 1.24, 1.32, 0.19, 0.2, 0.3, 0.62, 0.66, 1.19, 0.88, 0.42]}
{"t": 292.5, "x": -6606, "y": -5866, "h": 204.4, "d5": 0.451, "d6": "tick=100344 goal=0 here=0", "l": [0.39, 0.54, 0.41, 0.39, 0.42, 0.5, 1.24, 1.29, 0.18, 0.21, 0.29, 0.62, 0.67, 1.18, 0.9, 0.41]}
{"t": 292.5, "x": -6606, "y": -5866, "h": 203.8, "d5": 0.437, "d6": "tick=100349 goal=0 here=0", "l": [0.37, 0.54, 0.41, 0.38, 0.43, 0.53, 1.23, 1.3, 0.2, 0.18, 0.3, 0.61, 0.66, 1.18, 0.89, 0.41]}
{"t": 292.6, "x": -6607, "y": -5866, "h": 202.9, "d5": 0.461, "d6": "tick=100354 goal=0 here=0", "l": [0.36, 0.55, 0.39, 0.4, 0.43, 0.49, 1.23, 1.32, 0.18, 0.2, 0.32, 0.61, 0.67, 1.19, 0.91, 0.42]}
{"t": 292.6, "x": -6607, "y": -5867, "h": 203.0, "d5": 0.451, "d6": "tick=100359 goal=0 here=0", "l": [0.4, 0.57, 0.4, 0.4, 0.42, 0.49, 1.24, 1.31, 0.18, 0.19, 0.3, 0.61, 0.66, 1.2, 0.92, 0.4]}
{"t": 292.7, "x": -6606, "y": -5865, "h": 205.2, "d5": 0.449, "d6": "tick=100365 goal=0 here=0", "l": [0.37, 0.55, 0.41, 0.37, 0.43, 0.52, 1.23, 1.28, 0.17, 0.19, 0.32, 0.61, 0.67, 1.19, 0.91, 0.4]}
{"t": 292.7, "x": -6607, "y": -5867, "h": 205.4, "d5": 0.449, "d6": "tick=100370 goal=0 here=0", "l": [0.38, 0.55, 0.41, 0.4, 0.42, 0.54, 1.24, 1.28, 0.19, 0.21, 0.3, 0.61, 0.64, 1.16, 0.9, 0.41]}
{"t": 292.8, "x": -6607, "y": -5866, "h": 208.4, "d5": 0.441, "d6": "tick=100375 goal=0 here=0", "l": [0.38, 0.55, 0.38, 0.39, 0.43, 0.51, 1.24, 1.31, 0.18, 0.19, 0.29, 0.61, 0.68, 1.18, 0.91, 0.42]}
{"t": 292.9, "x": -6607, "y": -5867, "h": 207.8, "d5": 0.444, "d6": "tick=100385 goal=0 here=0", "l": [0.37, 0.54, 0.39, 0.4, 0.41, 0.53, 1.23, 1.31, 0.18, 0.18, 0.31, 0.62, 0.66, 1.18, 0.91, 0.41]}
{"t": 292.9, "x": -6607, "y": -5866, "h": 208.3, "d5": 0.448, "d6": "tick=100388 goal=0 here=0", "l": [0.38, 0.56, 0.39, 0.38, 0.44, 0.5, 1.23, 1.31, 0.2, 0.21, 0.3, 0.62, 0.66, 1.17, 0.9, 0.42]}
{"t": 293.0, "x": -6607, "y": -5866, "h": 203.9, "d5": 0.45, "d6": "tick=100393 goal=0 here=0", "l": [0.38, 0.56, 0.36, 0.4, 0.42, 0.52, 1.24, 1.32, 0.17, 0.2, 0.29, 0.61, 0.65, 1.19, 0.89, 0.39]}
{"t": 293.0, "x": -6607, "y": -5867, "h": 206.2, "d5": 0.438, "d6": "tick=100398 goal=0 here=0", "l": [0.38, 0.56, 0.4, 0.39, 0.42, -1.0, 1.22, 1.29, 0.19, 0.19, 0.3, 0.6, 0.66, 1.19, 0.91, 0.41]}
{"t": 293.1, "x": -6606, "y": -5866, "h": 203.3, "d5": 0.448, "d6": "tick=100403 goal=0 here=0", "l": [0.4, 0.55, 0.41, 0.4, 0.44, 0.51, 1.23, 1.29, 0.18, 0.2, 0.29, 0.6, 0.66, 1.19, 0.91, 0.42]}
{"t": 293.1, "x": -6607, "y": -5866, "h": 208.6, "d5": 0.453, "d6": "tick=100408 goal=0 here=0", "l": [0.37, 0.54, 0.43, 0.4, 0.43, 0.52, 1.24, 1.31, 0.19, 0.18, 0.31, 0.63, 0.66, 1.19, 0.9, 0.41]}
{"t": 293.2, "x": -6607, "y": -5866, "h": 205.6, "d5": 0.453, "d6": "tick=100418 goal=0 here=0", "l": [0.38, 0.56, 0.41, 0.41, 0.44, 0.5, 1.23, 1.29, 0.19, 0.19, 0.28, 0.62, 0.66, 1.17, 0.91, 0.42]}
{"t": 293.2, "x": -6607, "y": -5866, "h": 202.6, "d5": 0.441, "d6": "tick=100422 goal=0 here=0", "l": [0.36, 0.55, 0.41, 0.4, 0.41, 0.51, 1.25, 1.29, 0.18, 0.22, 0.32, 0.6, 0.66, 1.18, 0.9, 0.39]}
{"t": 293.3, "x": -6606, "y": -5866, "h": 204.2, "d5": 0.448, "d6": "tick=100426 goal=0 here=0", "l": [0.38, 0.55, 0.41, 0.4, 0.44, 0.51, 1.23, 1.3, 0.19, 0.2, 0.29, 0.62, 0.66, 1.18, 0.89, 0.41]}
{"t": 293.3, "x": -6606, "y": -5866, "h": 207.4, "d5": 0.447, "d6": "tick=100431 goal=0 here=0", "l": [0.37, 0.56, 0.41, 0.41, 0.43, 0.52, 1.24, 1.3, 0.2, 0.21, 0.3, 0.62, 0.65, 1.18, 0.91, 0.43]}
{"t": 293.4, "x": -6607, "y": -5867, "h": 207.2, "d5": 0.428, "d6": "tick=100439 goal=0 here=0", "l": [0.38, 0.53, 0.4, 0.4, 0.43, 0.54, 1.24, 1.29, 0.18, 0.2, 0.31, 0.6, 0.66, 1.19, 0.91, 0.41]}
{"t": 293.5, "x": -6607, "y": -5866, "h": 207.7, "d5": 0.449, "d6": "tick=100444 goal=0 here=0", "l": [0.38, 0.56, 0.39, 0.39, -1.0, 0.51, 1.24, 1.28, 0.17, 0.2, 0.3, 0.61, 0.65, 1.15, 0.92, 0.4]}
{"t": 293.5, "x": -6607, "y": -5866, "h": 203.8, "d5": 0.446, "d6": "tick=100449 goal=0 here=0", "l": [0.37, 0.57, 0.4, 0.38, 0.43, 0.5, 1.24, 1.29, 0.19, 0.2, 0.3, 0.6, 0.66, 1.19, 0.9, 0.41]}
{"t": 293.6, "x": -6607, "y": -5867, "h": 204.0, "d5": 0.44, "d6": "tick=100454 goal=0 here=0", "l": [0.38, 0.55, 0.41, 0.38, 0.43, 0.51, 1.26, 1.3, 0.18, 0.2, 0.31, 0.6, 0.68, 1.17, 0.9, 0.41]}
{"t": 293.6, "x": -6607, "y": -5866, "h": 206.7, "d5": 0.457, "d6": "tick=100459 goal=0 here=0", "l": [0.36, 0.57, 0.42, 0.37, 0.41, 0.52, 1.25, 1.3, 0.18, 0.2, 0.3, 0.62, 0.65, 1.19, 0.91, 0.41]}
{"t": 293.7, "x": -6607, "y": -5867, "h": 204.1, "d5": 0.438, "d6": "tick=100465 goal=0 here=0", "l": [0.39, 0.55, 0.41, 0.39, 0.43, 0.5, 1.24, 1.28, 0.18, 0.19, 0.31, 0.6, 0.67, 1.19, 0.92, 0.41]}
{"t": 293.7, "x": -6607, "y": -5867, "h": 207.2, "d5": 0.429, "d6": "tick=100470 goal=0 here=0", "l": [0.37, 0.55, 0.4, 0.38, 0.43, 0.51, 1.24, 1.3, 0.17, 0.21, 0.29, 0.61, 0.66, 1.2, 0.91, 0.41]}
{"t": 293.8, "x": -6606, "y": -5865, "h": 206.8, "d5": 0.451, "d6": "tick=100475 goal=0 here=0", "l": [0.39, 0.56, 0.39, 0.39, 0.42, 0.52, 1.25, 1.3, 0.18, 0.21, 0.31, 0.61, 0.66, 1.2, 0.91, 0.41]}
{"t": 293.8, "x": -6607, "y": -5866, "h": 204.9, "d5": 0.436, "d6": "tick=100480 goal=0 here=0", "l": [0.38, 0.56, 0.42, 0.4, 0.43, 0.5, 1.26, 1.3, 0.19, 0.2, 0.32, 0.61, 0.66, 1.19, 0.91, 0.42]}
{"t": 293.9, "x": -6607, "y": -5867, "h": 205.7, "d5": 0.433, "d6": "tick=100485 goal=0 here=0", "l": [0.37, 0.55, 0.39, 0.4, 0.42, 0.51, 1.23, 1.28, 0.19, 0.19, 0.31, 0.6, 0.66, 1.18, 0.91, 0.41]}
{"t": 293.9, "x": -6607, "y": -5867, "h": 204.3, "d5": 0.457, "d6": "tick=100491 goal=0 here=0", "l": [0.37, 0.55, 0.41, 0.4, 0.42, 0.51, 1.24, 1.29, 0.18, 0.21, 0.31, 0.62, 0.65, 1.2, 0.9, 0.41]}
{"t": 294.0, "x": -6607, "y": -5867, "h": 206.1, "d5": 0.437, "d6": "tick=100496 goal=0 here=0", "l": [0.38, 0.55, 0.41, 0.4, 0.42, 0.53, 1.23, 1.3, 0.18, 0.2, 0.29, 0.6, 0.66, 1.19, 0.91, 0.41]}
{"t": 294.0, "x": -6607, "y": -5867, "h": 204.5, "d5": 0.445, "d6": "tick=100501 goal=0 here=0", "l": [0.38, 0.55, 0.42, 0.38, 0.42, 0.52, 1.23, 1.29, 0.19, 0.2, 0.3, 0.61, 0.67, 1.2, 0.9, 0.41]}
{"t": 294.1, "x": -6607, "y": -5867, "h": 207.2, "d5": 0.451, "d6": "tick=100506 goal=0 here=0", "l": [0.36, 0.55, 0.39, 0.38, 0.44, 0.51, 1.24, 1.3, 0.17, 0.19, 0.29, 0.6, 0.66, 1.19, 0.91, 0.42]}
{"t": 294.1, "x": -6607, "y": -5866, "h": 204.9, "d5": 0.454, "d6": "tick=100511 goal=0 here=0", "l": [0.37, 0.55, 0.41, 0.42, 0.41, 0.51, 1.22, 1.3, 0.17, 0.19, 0.32, 0.62, 0.68, 1.19, 0.92, 0.4]}
{"t": 294.2, "x": -6606, "y": -5865, "h": 207.2, "d5": 0.45, "d6": "tick=100516 goal=0 here=0", "l": [0.37, 0.54, 0.41, 0.41, 0.41, 0.51, 1.25, 1.29, 0.17, 0.2, 0.31, 0.62, 0.66, 1.18, 0.9, 0.4]}
{"t": 294.2, "x": -6607, "y": -5867, "h": 206.6, "d5": 0.444, "d6": "tick=100521 goal=0 here=0", "l": [0.38, 0.54, 0.41, 0.39, 0.43, 0.53, 1.23, 1.31, 0.18, 0.2, 0.3, 0.61, 0.67, 1.16, 0.89, 0.41]}
{"t": 294.3, "x": -6607, "y": -5867, "h": 206.3, "d5": 0.442, "d6": "tick=100527 goal=0 here=0", "l": [0.36, 0.57, 0.4, 0.38, 0.44, 0.49, 1.24, 1.28, 0.19, 0.19, 0.29, 0.61, 0.66, 1.19, 0.88, 0.41]}
{"t": 294.3, "x": -6607, "y": -5866, "h": 205.8, "d5": 0.442, "d6": "tick=100532 goal=0 here=0", "l": [0.38, 0.55, 0.41, 0.4, 0.42, 0.5, 1.23, 1.31, 0.19, 0.18, 0.32, 0.6, 0.67, 1.17, 0.91, 0.4]}
{"t": 294.4, "x": -6607, "y": -5866, "h": 204.5, "d5": 0.432, "d6": "tick=100537 goal=0 here=0", "l": [0.37, 0.55, 0.39, 0.4, 0.43, 0.51, 1.22, -1.0, 0.19, 0.19, 0.3, 0.61, 0.65, 1.2, 0.9, 0.41]}
{"t": 294.4, "x": -6607, "y": -5867, "h": 204.5, "d5": 0.447, "d6": "tick=100542 goal=0 here=0", "l": [0.36, 0.54, 0.4, 0.38, 0.44, 0.54, 1.23, 1.29, 0.17, 0.2, 0.31, 0.61, -1.0, 1.19, 0.9, 0.41]}
{"t": 295.2, "x": -6606, "y": -5872, "h": 143.0, "d5": 0.439, "d6": "tick=100616 goal=0 here=0", "l": [1.05, 0.95, 0.43, 0.47, 0.5, 0.43, 0.37, 0.5, 0.71, 1.66, 0.5, 0.15, 0.28, 0.59, 0.58, 1.2]}
{"t": 295.5, "x": -6554, "y": -5948, "h": 145.7, "d5": 0.464, "d6": "tick=100644 goal=0 here=0", "l": [1.02, 0.87, 0.34, 0.36, 0.56, 0.42, 0.43, 0.51, 0.77, 1.69, 0.28, 0.2, 0.27, 0.55, 0.51, 1.14]}
{"t": 295.8, "x": -6428, "y": -6086, "h": 137.6, "d5": 0.447, "d6": "tick=100680 goal=0 here=0", "l": [1.0, 0.76, 0.27, 0.36, 0.49, 0.46, 0.5, 0.52, 0.83, 1.73, 0.27, 0.33, 0.33, 0.53, 0.47, 1.07]}
{"t": 296.1, "x": -6361, "y": -6167, "h": 140.3, "d5": 0.458, "d6": "tick=100703 goal=0 here=0", "l": [0.97, 0.7, 0.75, 0.27, 0.34, 0.55, 0.5, 0.56, 0.87, 1.75, 0.29, 0.31, 0.47, 0.52, 0.46, 1.01]}
{"t": 296.3, "x": -6291, "y": -6245, "h": 138.0, "d5": 0.451, "d6": "tick=100726 goal=0 here=0", "l": [0.92, 0.69, 0.7, 0.19, 0.33, 0.6, 0.53, 0.6, 0.76, 1.79, 0.36, 0.32, 0.5, 0.46, 0.44, 0.98]}
{"t": 296.5, "x": -6222, "y": -6325, "h": 139.4, "d5": 0.444, "d6": "tick=100749 goal=0 here=0", "l": [0.88, 0.69, 0.66, 0.7, 0.21, 0.36, 0.56, 0.63, 0.81, 1.84, 0.4, 0.33, 0.52, 0.39, 0.42, 0.92]}
{"t": 296.7, "x": -6147, "y": -6401, "h": 135.2, "d5": 0.457, "d6": "tick=100772 goal=0 here=0", "l": [0.83, 0.66, 0.64, 0.71, 0.85, 0.36, 0.6, 0.67, 0.85, 1.66, 0.42, 0.5, 0.49, 0.34, 0.37, 0.88]}
{"t": 297.0, "x": -6073, "y": -6473, "h": 134.4, "d5": 0.445, "d6": "tick=100794 goal=0 here=0", "l": [0.78, 0.61, 0.58, 0.64, 0.85, 0.79, 0.68, 0.74, 0.91, 1.69, 0.43, 0.53, 0.49, 0.34, 0.32, 0.84]}
{"t": 297.2, "x": -6000, "y": -6549, "h": 136.1, "d5": 0.449, "d6": "tick=100817 goal=0 here=0", "l": [0.75, 0.57, 0.5, 0.58, 0.68, 0.79, 0.44, 0.78, 0.96, 0.5, 0.46, 0.53, 0.47, 0.3, 0.27, 0.77]}
{"t": 297.5, "x": -5913, "y": -6620, "h": 129.1, "d5": 0.434, "d6": "tick=100845 goal=0 here=0", "l": [0.68, 0.53, 0.46, 0.55, 0.69, 0.8, 0.38, 0.79, 1.01, 0.57, 0.47, 0.56, 0.31, 0.29, 1.25, 0.7]}
{"t": 297.7, "x": -5826, "y": -6698, "h": 131.9, "d5": 0.436, "d6": "tick=100868 goal=0 here=0", "l": [0.64, 0.49, 0.45, 0.51, 0.65, 0.93, 0.79, 0.79, 1.07, 0.64, 0.52, 0.59, 0.31, 0.21, 0.77, 0.67]}
{"t": 297.9, "x": -5742, "y": -6761, "h": 127.0, "d5": 0.425, "d6": "tick=100891 goal=0 here=0", "l": [0.65, 0.45, 0.44, 0.41, 0.57, 0.88, 0.84, 0.81, 1.09, 0.68, 0.59, 0.55, 0.26, 1.34, 0.65, 0.64]}
{"t": 298.2, "x": -5657, "y": -6823, "h": 126.3, "d5": 0.445, "d6": "tick=100913 goal=0 here=0", "l": [0.54, 0.42, 0.38, 0.36, 0.54, 0.9, 0.91, 0.86, 1.16, 0.71, 0.67, 0.33, 0.75, 1.25, 0.62, 0.61]}
{"t": 298.4, "x": -5578, "y": -6886, "h": 128.5, "d5": 0.439, "d6": "tick=100936 goal=0 here=0", "l": [0.53, 0.41, 0.33, 0.37, 0.5, 0.7, 0.97, 0.53, 1.18, 0.74, 0.72, 0.32, 0.78, 1.24, 0.6, 0.56]}
{"t": 298.6, "x": -5495, "y": -6949, "h": 127.1, "d5": 0.439, "d6": "tick=100959 goal=0 here=0", "l": [0.56, 0.37, 0.3, 0.35, 0.34, 0.71, 0.99, 0.58, 1.17, 0.82, 0.75, 0.76, 0.84, 1.21, 0.55, 0.56]}
{"t": 298.7, "x": -5484, "y": -6958, "h": 127.8, "d5": 0.428, "d6": "tick=100964 goal=0 here=0", "l": [0.54, 0.37, 0.28, 0.36, 0.35, 0.7, 0.95, 0.6, 1.19, 0.8, 0.73, 0.75, 0.85, 1.19, 0.56, 0.54]}
{"t": 298.7, "x": -5483, "y": -6959, "h": 125.8, "d5": 0.419, "d6": "tick=100969 goal=0 here=0", "l": [0.55, 0.37, 0.29, 0.34, 0.34, 0.73, 0.96, 0.59, 1.18, 0.82, 0.74, 0.76, 0.85, 1.2, 0.55, 0.52]}
{"t": 298.8, "x": -5484, "y": -6958, "h": 127.6, "d5": 0.441, "d6": "tick=100974 goal=0 here=0", "l": [0.56, 0.38, 0.29, 0.32, 0.34, 0.7, 0.96, 0.58, 1.16, 0.83, 0.75, 0.79, 0.84, 1.19, 0.54, 0.53]}
{"t": 298.8, "x": -5483, "y": -6958, "h": 128.2, "d5": 0.42, "d6": "tick=100979 goal=0 here=0", "l": [0.55, 0.39, 0.29, 0.33, 0.37, 0.72, 0.96, 0.61, 1.19, 0.79, 0.73, 0.76, 0.85, 1.19, 0.53, 0.54]}
{"t": 298.9, "x": -5483, "y": -6959, "h": 126.8, "d5": 0.43, "d6": "tick=100984 goal=0 here=0", "l": [0.55, 0.38, 0.29, 0.32, 0.36, 0.7, 0.97, 0.62, 1.17, 0.81, 0.74, 0.76, 0.83, 1.19, 0.57, 0.52]}
{"t": 298.9, "x": -5483, "y": -6959, "h": 129.1, "d5": 0.415, "d6": "tick=100989 goal=0 here=0", "l": [0.54, 0.37, 0.3, 0.32, 0.35, 0.69, 0.96, 0.58, 1.16, 0.81, 0.74, 0.76, 0.85, 1.19, 0.55, 0.53]}
{"t": 299.0, "x": -5483, "y": -6959, "h": 126.9, "d5": 0.417, "d6": "tick=100994 goal=0 here=0", "l": [0.55, 0.39, 0.3, 0.34, 0.34, 0.72, 0.97, 0.6, 1.16, 0.8, 0.74, 0.77, 0.85, 1.19, 0.54, 0.53]}
{"t": 299.1, "x": -5484, "y": -6958, "h": 128.5, "d5": 0.426, "d6": "tick=101004 goal=0 here=0", "l": [0.53, 0.38, 0.28, 0.34, 0.35, 0.68, 0.96, 0.6, 1.19, 0.81, 0.73, 0.76, 0.85, 1.19, 0.53, 0.53]}
{"t": 299.2, "x": -5484, "y": -6958, "h": 129.3, "d5": 0.417, "d6": "tick=101014 goal=0 here=0", "l": [0.55, 0.39, 0.29, 0.35, 0.36, 0.7, 0.97, 0.59, 1.17, 0.82, 0.74, 0.75, 0.84, 1.18, 0.55, 0.53]}
{"t": 299.3, "x": -5484, "y": -6958, "h": 126.3, "d5": 0.41, "d6": "tick=101024 goal=0 here=0", "l": [0.55, 0.35, 0.3, 0.33, 0.35, 0.71, 0.96, 0.6, 1.17, 0.79, 0.76, 0.76, 0.84, 1.21, 0.55, 0.52]}
{"t": 299.3, "x": -5484, "y": -6958, "h": 129.5, "d5": 0.428, "d6": "tick=101028 goal=0 here=0", "l": [0.55, 0.37, 0.28, 0.32, 0.35, 0.71, 0.95, 0.59, 1.17, 0.79, 0.75, 0.76, 0.85, 1.18, 0.54, 0.55]}
{"t": 299.6, "x": -5483, "y": -6958, "h": 115.7, "d5": 0.433, "d6": "tick=101057 goal=0 here=0", "l": [0.6, 0.39, 0.3, 0.29, 0.34, 0.52, 0.97, 0.94, 1.09, 1.49, 0.68, 0.38, 0.75, 1.32, 1.13, 0.48]}
{"t": 300.0, "x": -5483, "y": -6959, "h": 129.0, "d5": 0.434, "d6": "tick=101101 goal=0 here=0", "l": [0.4, 0.35, 0.27, 0.34, 0.48, 0.72, 1.03, 0.54, 1.29, 0.8, 0.7, 0.77, 1.55, 1.14, 0.51, 0.57]}
{"t": 300.1, "x": -5484, "y": -6958, "h": 133.6, "d5": 0.427, "d6": "tick=101107 goal=0 here=0", "l": [0.44, 0.35, 0.29, 0.33, 0.46, 0.74, 1.02, 0.54, 1.28, 0.8, 0.7, 0.77, 1.53, 1.12, 0.53, 0.61]}
{"t": 300.2, "x": -5483, "y": -6958, "h": 133.7, "d5": 0.423, "d6": "tick=101112 goal=0 here=0", "l": [0.4, 0.34, 0.29, 0.34, 0.47, 0.75, 1.02, 0.53, 1.29, 0.81, 0.68, 0.77, 1.52, 1.12, 0.51, 0.59]}
{"t": 300.2, "x": -5484, "y": -6958, "h": 129.9, "d5": 0.432, "d6": "tick=101117 goal=0 here=0", "l": [0.41, 0.36, 0.29, 0.36, 0.48, 0.74, 1.0, 0.54, 1.29, 0.8, 0.71, 0.75, 1.52, 1.13, 0.51, 0.59]}
{"t": 300.3, "x": -5484, "y": -6957, "h": 134.6, "d5": 0.428, "d6": "tick=101122 goal=0 here=0", "l": [0.41, 0.34, 0.3, 0.36, 0.48, 0.73, 1.01, 0.55, 1.28, 0.79, -1.0, 0.79, 1.55, 1.14, 0.51, 0.6]}
{"t": 300.3, "x": -5484, "y": -6958, "h": 134.9, "d5": 0.426, "d6": "tick=101127 goal=0 here=0", "l": [0.42, 0.34, 0.29, 0.34, 0.47, 0.73, 1.03, 0.53, 1.28, 0.81, 0.69, 0.76, 1.54, 1.12, 0.51, 0.6]}
{"t": 300.4, "x": -5484, "y": -6957, "h": 132.7, "d5": 0.433, "d6": "tick=101132 goal=0 here=0", "l": [0.4, 0.35, 0.28, 0.33, 0.46, 0.73, 1.02, 0.55, 1.28, 0.78, 0.72, 0.76, 1.56, -1.0, -1.0, 0.59]}
{"t": 301.1, "x": -5479, "y": -6959, "h": 70.1, "d5": 0.445, "d6": "tick=101205 goal=0 here=0", "l": [1.14, 0.48, 0.6, 0.4, 0.3, 0.28, 0.35, 0.53, 0.96, 0.94, 1.08, 1.49, 0.7, 0.37, 0.74, 1.31]}
{"t": 301.9, "x": -5483, "y": -6958, "h": 136.4, "d5": 0.415, "d6": "tick=101284 goal=0 here=0", "l": [0.41, 0.36, 0.29, 0.34, 0.47, 0.73, 1.02, 0.98, 1.29, 0.79, 0.4, 0.77, 1.55, 1.12, 0.52, 0.59]}
{"t": 301.9, "x": -5484, "y": -6957, "h": 135.6, "d5": 0.448, "d6": "tick=101289 goal=0 here=0", "l": [0.42, 0.35, 0.29, 0.34, 0.49, 0.73, 1.03, 0.97, 1.28, 0.8, 0.41, 0.77, 1.52, 1.12, 0.51, 0.6]}
{"t": 302.0, "x": -5484, "y": -6957, "h": 136.0, "d5": 0.434, "d6": "tick=101295 goal=0 here=0", "l": [0.39, 0.35, 0.28, 0.36, -1.0, 0.72, 1.03, 0.99, 1.28, 0.79, 0.41, 0.76, 1.53, 1.12, 0.5, 0.59]}
{"t": 302.0, "x": -5484, "y": -6957, "h": 131.8, "d5": 0.435, "d6": "tick=101300 goal=0 here=0", "l": [0.42, 0.33, 0.29, 0.34, 0.47, 0.72, 1.01, 0.98, 1.28, 0.8, 0.42, 0.76, 1.51, 1.12, 0.5, 0.6]}
{"t": 302.1, "x": -5484, "y": -6957, "h": 129.7, "d5": 0.429, "d6": "tick=101307 goal=0 here=0", "l": [0.41, 0.34, 0.29, 0.34, 0.47, 0.73, 1.0, -1.0, 1.29, 0.79, 0.4, 0.77, 1.55, 1.11, 0.51, 0.6]}
{"t": 302.2, "x": -5485, "y": -6956, "h": 132.0, "d5": 0.434, "d6": "tick=101313 goal=0 here=0", "l": [0.42, 0.34, 0.28, 0.35, 0.49, 0.73, 1.01, 0.99, 1.28, 0.8, 0.42, 0.77, 1.52, 1.14, 0.51, 0.59]}
{"t": 304.3, "x": -5487, "y": -6940, "h": 261.7, "d5": 0.437, "d6": "tick=101530 goal=0 here=0", "l": [0.81, 0.79, 1.04, 0.61, 0.49, 0.59, 0.28, 0.21, 1.2, 0.65, 0.81, 0.53, 0.48, 0.46, 0.64, 0.92]}
{"t": 305.7, "x": -5489, "y": -6949, "h": 133.6, "d5": 0.436, "d6": "tick=101670 goal=0 here=0", "l": [-1.0, 0.49, 0.48, 0.49, 0.66, 0.97, 0.81, 0.81, 1.09, 0.61, 0.54, 0.53, 0.27, 0.21, 1.19, 0.65]}
{"t": 306.0, "x": -5400, "y": -7022, "h": 129.7, "d5": 0.439, "d6": "tick=101698 goal=0 here=0", "l": [0.71, 0.49, 0.43, 0.41, 0.57, 0.92, 0.86, 0.84, 1.13, 0.65, 0.61, 0.32, 0.22, 1.31, 0.61, 0.6]}
{"t": 306.2, "x": -5316, "y": -7086, "h": 127.0, "d5": 0.433, "d6": "tick=101720 goal=0 here=0", "l": [0.71, 0.47, 0.36, 0.39, 0.52, 0.72, 0.96, 0.89, 1.16, 0.72, 0.66, 0.32, 0.73, 1.26, 0.59, 0.56]}
{"t": 306.5, "x": -5234, "y": -7143, "h": 124.7, "d5": 0.438, "d6": "tick=101743 goal=0 here=0", "l": [0.64, 0.43, 0.32, 0.39, 0.43, 0.72, 0.97, 0.54, 1.15, 0.77, 0.72, 0.19, 0.76, 1.22, 0.56, 0.5]}
{"t": 306.7, "x": -5146, "y": -7202, "h": 124.2, "d5": 0.439, "d6": "tick=101766 goal=0 here=0", "l": [0.61, 0.39, 0.33, 0.32, 0.37, 0.66, 0.99, 0.62, 1.18, 0.81, 0.73, 0.75, 0.81, 1.18, 0.52, 0.46]}
{"t": 306.7, "x": -5136, "y": -7210, "h": 126.3, "d5": 0.431, "d6": "tick=101771 goal=0 here=0", "l": [0.59, 0.38, 0.3, 0.32, 0.35, 0.65, 0.99, 0.62, 1.17, 0.8, 0.72, 0.74, 0.79, 1.16, 0.53, 0.44]}
{"t": 306.8, "x": -5136, "y": -7210, "h": 127.6, "d5": 0.406, "d6": "tick=101776 goal=0 here=0", "l": [0.6, 0.39, 0.29, 0.31, 0.34, 0.66, 1.01, 0.64, 1.17, 0.8, 0.75, 0.75, 0.8, 1.17, 0.51, 0.45]}
{"t": 306.8, "x": -5135, "y": -7210, "h": 122.7, "d5": 0.432, "d6": "tick=101781 goal=0 here=0", "l": [0.6, 0.38, 0.31, 0.32, 0.37, 0.65, 0.97, 0.63, 1.17, 0.83, 0.73, 0.74, 0.81, 1.19, 0.5, 0.45]}
{"t": 306.9, "x": -5136, "y": -7210, "h": 124.2, "d5": 0.408, "d6": "tick=101786 goal=0 here=0", "l": [0.61, 0.39, 0.31, 0.31, 0.37, 0.66, 0.99, 0.65, 1.16, 0.83, 0.76, 0.76, 0.81, 1.19, 0.51, 0.46]}
{"t": 307.0, "x": -5135, "y": -7210, "h": 123.8, "d5": 0.424, "d6": "tick=101796 goal=0 here=0", "l": [0.61, 0.4, 0.3, 0.32, 0.36, 0.65, 1.01, 0.66, 1.16, 0.8, 0.77, 0.75, 0.81, 1.18, 0.52, 0.45]}
{"t": 307.0, "x": -5135, "y": -7210, "h": 126.4, "d5": 0.426, "d6": "tick=101801 goal=0 here=0", "l": [0.61, 0.39, 0.3, 0.32, 0.37, 0.65, 0.99, 0.66, 1.16, 0.82, 0.74, 0.74, 0.8, 1.16, 0.49, 0.43]}
{"t": 307.1, "x": -5136, "y": -7210, "h": 126.6, "d5": 0.431, "d6": "tick=101806 goal=0 here=0", "l": [0.6, 0.36, 0.31, 0.3, 0.37, 0.66, 1.0, 0.65, 1.18, 0.83, 0.73, 0.74, 0.79, 1.16, 0.51, 0.45]}
{"t": 307.1, "x": -5136, "y": -7210, "h": 129.9, "d5": 0.428, "d6": "tick=101811 goal=0 here=0", "l": [0.61, 0.38, 0.3, 0.3, 0.38, 0.64, 0.99, 0.64, 1.17, 0.81, 0.73, 0.74, 0.8, 1.17, 0.5, 0.45]}
{"t": 307.2, "x": -5135, "y": -7211, "h": 125.9, "d5": 0.416, "d6": "tick=101816 goal=0 here=0", "l": [0.61, 0.35, 0.29, 0.32, 0.35, 0.65, 0.99, 0.65, 1.19, 0.83, 0.76, 0.74, 0.81, 1.19, 0.52, 0.43]}
{"t": 307.2, "x": -5135, "y": -7211, "h": 123.4, "d5": 0.434, "d6": "tick=101821 goal=0 here=0", "l": [0.6, 0.38, 0.3, 0.31, 0.37, 0.65, 0.99, 0.65, 1.18, 0.82, 0.76, 0.74, 0.8, 1.18, 0.53, 0.44]}
{"t": 307.3, "x": -5135, "y": -7211, "h": 122.0, "d5": 0.411, "d6": "tick=101826 goal=0 here=0", "l": [0.62, 0.38, 0.31, 0.32, 0.35, 0.66, 1.0, 0.65, 1.18, 0.82, 0.75, 0.73, 0.79, 1.18, 0.5, 0.45]}
{"t": 307.3, "x": -5135, "y": -7210, "h": 127.6, "d5": 0.422, "d6": "tick=101831 goal=0 here=0", "l": [0.59, 0.39, 0.31, 0.32, 0.35, 0.64, 0.99, 0.64, 1.17, 0.8, 0.73, 0.74, 0.81, 1.18, 0.53, 0.45]}
{"t": 307.4, "x": -5135, "y": -7211, "h": 125.9, "d5": 0.405, "d6": "tick=101836 goal=0 here=0", "l": [0.61, 0.38, 0.31, 0.31, 0.38, 0.66, 0.99, 0.64, 1.18, 0.83, 0.74, 0.76, 0.8, 1.17, 0.53, 0.47]}
{"t": 307.5, "x": -5136, "y": -7209, "h": 128.3, "d5": 0.421, "d6": "tick=101846 goal=0 here=0", "l": [0.6, 0.38, 0.31, 0.31, 0.36, 0.65, 0.99, 0.65, 1.17, 0.82, 0.74, 0.75, 0.8, 1.19, 0.5, 0.43]}
{"t": 307.5, "x": -5136, "y": -7210, "h": 126.3, "d5": 0.425, "d6": "tick=101850 goal=0 here=0", "l": [0.59, 0.38, 0.29, 0.31, 0.37, 0.66, 1.0, 0.65, 1.17, 0.81, 0.74, 0.75, 0.8, 1.18, 0.51, 0.44]}
{"t": 307.6, "x": -5136, "y": -7210, "h": 124.0, "d5": 0.431, "d6": "tick=101855 goal=0 here=0", "l": [0.61, 0.38, 0.29, 0.32, 0.36, 0.65, 1.0, 0.63, 1.17, 0.82, 0.74, 0.73, 0.8, 1.19, 0.53, 0.44]}
{"t": 307.6, "x": -5136, "y": -7210, "h": 124.9, "d5": 0.419, "d6": "tick=101860 goal=0 here=0", "l": [0.59, 0.38, 0.3, 0.32, 0.35, 0.64, 0.98, 0.63, 1.18, 0.82, 0.76, 0.75, 0.81, 1.17, 0.49, 0.45]}
{"t": 307.7, "x": -5136, "y": -7210, "h": 126.5, "d5": 0.431, "d6": "tick=101865 goal=0 here=0", "l": [0.6, 0.38, 0.32, 0.32, 0.37, 0.63, 0.98, 0.65, 1.18, 0.82, 0.74, 0.73, 0.78, 1.19, 0.52, 0.45]}
{"t": 307.7, "x": -5136, "y": -7209, "h": 127.5, "d5": 0.413, "d6": "tick=101870 goal=0 here=0", "l": [0.6, 0.36, 0.32, 0.33, 0.38, 0.65, 0.99, 0.64, 1.2, 0.81, 0.75, 0.75, 0.79, 1.19, 0.51, 0.47]}
{"t": 307.8, "x": -5136, "y": -7210, "h": 122.1, "d5": 0.429, "d6": "tick=101875 goal=0 here=0", "l": [0.61, 0.38, 0.32, 0.32, 0.36, 0.63, 1.0, 0.65, 1.17, 0.82, 0.72, 0.75, 0.8, 1.19, 0.53, 0.44]}
{"t": 307.8, "x": -5135, "y": -7210, "h": 123.9, "d5": 0.426, "d6": "tick=101880 goal=0 here=0", "l": [0.6, 0.38, 0.29, 0.31, 0.36, 0.66, 1.0, 0.64, -1.0, 0.82, 0.73, 0.75, 0.81, -1.0, 0.52, 0.45]}
{"t": 307.9, "x": -5135, "y": -7210, "h": 127.4, "d5": 0.411, "d6": "tick=101885 goal=0 here=0", "l": [0.6, 0.37, 0.32, 0.32, 0.36, 0.65, 1.0, 0.62, 1.19, 0.83, 0.75, 0.73, 0.8, 1.18, 0.51, 0.44]}
{"t": 307.9, "x": -5135, "y": -7210, "h": 125.8, "d5": 0.403, "d6": "tick=101890 goal=0 here=0", "l": [0.6, 0.37, 0.31, 0.33, 0.38, 0.65, 0.99, 0.65, 1.18, 0.82, 0.75, 0.75, 0.79, 1.18, 0.52, 0.46]}
{"t": 308.0, "x": -5135, "y": -7210, "h": 121.9, "d5": 0.408, "d6": "tick=101895 goal=0 here=0", "l": [0.61, 0.39, 0.3, 0.32, 0.36, 0.65, 0.99, 0.64, 1.18, 0.82, 0.73, 0.75, 0.8, 1.18, 0.51, 0.46]}
{"t": 308.0, "x": -5134, "y": -7211, "h": 123.4, "d5": 0.429, "d6": "tick=101900 goal=0 here=0", "l": [0.59, 0.39, 0.31, 0.31, 0.37, 0.64, 0.99, 0.63, 1.18, 0.82, 0.74, 0.76, 0.81, 1.19, 0.53, 0.46]}
{"t": 308.1, "x": -5135, "y": -7210, "h": 123.2, "d5": 0.423, "d6": "tick=101905 goal=0 here=0", "l": [0.6, 0.38, 0.3, 0.3, 0.36, 0.66, 0.99, 0.64, 1.17, 0.82, 0.74, 0.76, 0.8, 1.17, 0.52, 0.48]}
{"t": 308.1, "x": -5136, "y": -7210, "h": 125.7, "d5": 0.423, "d6": "tick=101910 goal=0 here=0", "l": [0.58, 0.39, 0.32, 0.32, 0.37, 0.64, 0.99, 0.65, 1.18, 0.84, 0.74, 0.76, 0.82, 1.17, 0.51, 0.47]}
{"t": 308.2, "x": -5136, "y": -7209, "h": 124.6, "d5": 0.431, "d6": "tick=101915 goal=0 here=0", "l": [0.59, 0.38, 0.32, 0.29, 0.34, 0.65, -1.0, 0.65, 1.19, 0.82, 0.73, 0.74, 0.78, 1.19, 0.51, 0.46]}
{"t": 308.2, "x": -5134, "y": -7211, "h": 123.7, "d5": 0.429, "d6": "tick=101920 goal=0 here=0", "l": [0.61, 0.38, 0.31, 0.3, 0.36, 0.65, 0.99, 0.62, 1.18, 0.81, 0.75, 0.75, 0.81, 1.19, 0.51, 0.44]}
{"t": 308.3, "x": -5134, "y": -7211, "h": 123.3, "d5": 0.424, "d6": "tick=101925 goal=0 here=0", "l": [0.6, 0.39, -1.0, 0.31, 0.37, 0.65, 0.99, -1.0, 1.19, 0.83, 0.74, 0.74, 0.79, 1.17, 0.52, 0.45]}
{"t": 308.6, "x": -5136, "y": -7209, "h": 135.7, "d5": 0.412, "d6": "tick=101959 goal=0 here=0", "l": [0.38, 0.35, 0.3, 0.38, 0.52, 0.99, 0.97, 1.11, 1.49, 0.69, 0.28, 0.75, 1.31, 1.12, 0.46, 0.58]}
{"t": 308.7, "x": -5136, "y": -7209, "h": 138.2, "d5": 0.426, "d6": "tick=101964 goal=0 here=0", "l": [0.41, 0.35, 0.27, 0.37, 0.53, 0.99, 0.96, 1.12, 1.5, 0.68, 0.28, 0.73, 1.28, 1.11, 0.46, 0.57]}
{"t": 308.7, "x": -5136, "y": -7209, "h": 135.3, "d5": 0.418, "d6": "tick=101969 goal=0 here=0", "l": [0.4, 0.34, 0.29, 0.38, 0.52, 0.99, 0.99, 1.11, 1.52, 0.69, 0.28, 0.75, 1.29, 1.11, 0.45, 0.58]}
{"t": 308.8, "x": -5137, "y": -7209, "h": 139.2, "d5": 0.411, "d6": "tick=101974 goal=0 here=0", "l": [0.41, 0.35, 0.3, 0.36, 0.52, 0.99, 0.97, 1.1, 1.5, 0.7, 0.28, 0.72, 1.3, 1.11, 0.46, 0.6]}
{"t": 308.8, "x": -5136, "y": -7209, "h": 138.8, "d5": 0.419, "d6": "tick=101979 goal=0 here=0", "l": [0.41, 0.34, 0.3, 0.36, 0.54, 0.98, 0.97, 1.1, 1.53, 0.7, 0.26, 0.73, 1.28, 1.12, 0.47, 0.57]}
{"t": 310.7, "x": -5140, "y": -7195, "h": 226.8, "d5": 0.42, "d6": "tick=102167 goal=0 here=0", "l": [0.74, 0.88, 0.45, 0.93, 1.28, 0.58, 0.56, 0.26, 0.21, 0.16, 0.63, 0.62, 0.66, 0.5, 0.47, 0.53]}
{"t": 311.8, "x": -5131, "y": -7197, "h": 331.8, "d5": 0.424, "d6": "tick=102278 goal=0 here=0", "l": [0.61, 0.54, 0.46, 0.23, 0.15, 1.15, 0.6, 0.8, 0.58, 0.47, 0.47, 0.65, 0.96, 0.85, 0.88, 1.08]}
{"t": 312.0, "x": -5176, "y": -7115, "h": 331.2, "d5": 0.429, "d6": "tick=102301 goal=0 here=0", "l": [0.59, 0.47, 0.52, 0.21, 0.22, 0.15, 0.68, 0.81, 0.63, 0.49, 0.49, 0.66, 0.96, 0.82, 0.8, 1.04]}
{"t": 312.3, "x": -5237, "y": -7031, "h": 324.0, "d5": 0.405, "d6": "tick=102324 goal=0 here=0", "l": [1.32, 0.44, 0.47, 0.4, 0.2, 0.21, 0.18, 0.76, 0.68, 0.56, 0.53, 0.69, 0.96, 0.84, 0.77, 0.89]}
{"t": 312.8, "x": -5249, "y": -6999, "h": 0.9, "d5": 0.425, "d6": "tick=102376 goal=0 here=0", "l": [0.47, 0.45, 0.2, 0.22, 0.19, 0.7, 0.83, 0.57, 0.55, 0.66, 0.78, 0.92, 0.78, 0.84, 1.2, 0.49]}
{"t": 313.0, "x": -5255, "y": -6908, "h": 356.6, "d5": 0.425, "d6": "tick=102399 goal=0 here=0", "l": [0.41, 0.45, 0.29, 0.21, 0.23, 0.2, 0.91, 0.65, 0.6, 0.69, 0.97, 0.92, 0.75, 0.84, 1.16, 0.44]}
{"t": 313.2, "x": -5260, "y": -6803, "h": 357.0, "d5": 0.394, "d6": "tick=102421 goal=0 here=0", "l": [0.32, 0.37, 0.32, 0.18, 0.17, 0.22, 0.94, 0.77, 0.7, 0.76, 0.88, 0.4, 0.77, 0.8, 1.11, 0.4]}
{"t": 313.7, "x": -5261, "y": -6795, "h": 15.4, "d5": 0.393, "d6": "tick=102470 goal=0 here=0", "l": [0.4, 0.31, 0.18, 0.19, 0.23, 0.92, 0.76, 0.68, 0.73, 0.83, 0.39, 0.8, 0.81, 1.06, 0.39, 0.32]}
{"t": 313.8, "x": -5261, "y": -6796, "h": 16.7, "d5": 0.393, "d6": "tick=102478 goal=0 here=0", "l": [0.36, 0.31, 0.18, 0.17, 0.23, 0.9, 0.79, 0.69, 0.76, 0.85, 0.37, 0.79, 0.82, 1.05, 0.42, 0.32]}
{"t": 313.9, "x": -5261, "y": -6795, "h": 18.8, "d5": 0.398, "d6": "tick=102483 goal=0 here=0", "l": [0.36, 0.32, 0.17, 0.17, 0.23, 0.94, 0.78, 0.68, 0.74, 0.85, 0.37, 0.8, 0.79, 1.05, 0.4, 0.31]}
{"t": 315.7, "x": -5272, "y": -6805, "h": 108.0, "d5": 0.419, "d6": "tick=102672 goal=0 here=0", "l": [0.73, 0.84, 0.51, -1.0, 0.54, 0.65, 0.88, 0.72, 0.7, 0.87, 1.56, 0.52, 0.6, 0.5, 0.33, 1.31]}
{"t": 316.7, "x": -5266, "y": -6801, "h": 23.2, "d5": 0.429, "d6": "tick=102769 goal=0 here=0", "l": [0.57, 0.33, 0.31, 0.82, 0.79, 0.68, 0.51, 0.46, 0.54, 0.65, 0.78, 0.34, 0.78, 1.0, -1.0, 0.48]}
{"t": 316.8, "x": -5266, "y": -6801, "h": 20.7, "d5": 0.437, "d6": "tick=102774 goal=0 here=0", "l": [0.59, 0.34, 0.28, 0.81, 0.75, 0.67, 0.49, 0.47, 0.53, 0.66, 0.8, 0.33, 0.78, 1.0, 0.56, 0.48]}
{"t": 316.8, "x": -5266, "y": -6800, "h": 24.1, "d5": 0.419, "d6": "tick=102779 goal=0 here=0", "l": [0.56, 0.34, 0.28, 0.81, 0.76, 0.67, 0.5, 0.44, 0.53, 0.65, 0.8, 0.33, 0.78, 1.0, 0.57, 0.5]}
{"t": 316.9, "x": -5266, "y": -6801, "h": 22.6, "d5": 0.413, "d6": "tick=102785 goal=0 here=0", "l": [0.57, 0.33, 0.28, 0.8, 0.76, 0.68, 0.51, 0.44, 0.53, 0.65, 0.79, 0.32, 0.78, 1.0, 0.56, 0.5]}
{"t": 318.8, "x": -5276, "y": -6809, "h": 111.7, "d5": 0.47, "d6": "tick=102972 goal=0 here=0", "l": [0.9, 0.4, 0.27, 0.32, 0.34, 0.46, 0.73, 0.72, 0.51, 0.3, 1.7, 0.73, 0.8, 0.51, 1.48, 0.82]}
{"t": 319.9, "x": -5271, "y": -6805, "h": 1.3, "d5": 0.459, "d6": "tick=103086 goal=0 here=0", "l": [0.67, 0.75, 0.48, 1.41, 0.77, 0.63, 0.4, 0.29, 0.32, 0.36, 0.47, 0.74, 0.67, 0.32, 0.26, 1.94]}
{"t": 320.1, "x": -5266, "y": -6713, "h": 2.6, "d5": 0.441, "d6": "tick=103109 goal=0 here=0", "l": [0.64, 0.76, 0.47, 1.4, 0.81, 0.87, 0.43, 0.33, 0.38, 0.41, 0.49, 0.69, 0.63, 0.28, 0.92, 1.88]}
{"t": 320.3, "x": -5263, "y": -6608, "h": 1.9, "d5": 0.452, "d6": "tick=103131 goal=0 here=0", "l": [0.61, 0.69, 0.44, 1.43, 0.83, 0.91, 0.51, 0.41, 0.41, 0.47, 0.54, 0.67, 0.66, 0.26, 0.97, 1.8]}
{"t": 320.6, "x": -5264, "y": -6507, "h": 359.4, "d5": 0.449, "d6": "tick=103154 goal=0 here=0", "l": [0.58, 0.64, 0.42, 0.39, 0.84, 0.92, 0.7, 0.49, 0.47, 0.51, 0.57, 0.71, 0.64, 0.65, 0.86, 1.62]}
{"t": 320.8, "x": -5269, "y": -6401, "h": 357.6, "d5": 0.433, "d6": "tick=103177 goal=0 here=0", "l": [0.54, 0.59, 0.53, 0.39, 0.33, 0.8, 0.75, 0.55, 0.49, 0.55, 0.63, 0.73, 0.27, 0.62, 0.79, 1.52]}
{"t": 321.1, "x": -5287, "y": -6284, "h": 350.9, "d5": 0.427, "d6": "tick=103203 goal=0 here=0", "l": [0.46, 0.42, 0.57, 0.36, 0.38, 0.87, 1.05, 0.62, 0.53, 0.59, 0.66, 0.75, 0.37, 0.62, 0.75, 1.2]}
{"t": 321.3, "x": -5313, "y": -6181, "h": 346.2, "d5": 0.418, "d6": "tick=103226 goal=0 here=0", "l": [0.4, 0.37, 0.5, 0.46, 0.36, 0.37, 1.03, 0.76, 0.6, 0.62, 0.69, 0.2, 0.39, 0.61, 0.72, 1.13]}
{"t": 321.9, "x": -5316, "y": -6171, "h": 22.8, "d5": 0.423, "d6": "tick=103284 goal=0 here=0", "l": [0.48, 0.47, 0.33, 0.38, 0.89, 0.83, 0.68, 0.65, 0.73, 0.88, 0.38, 0.58, 0.67, 1.02, 0.41, 0.4]}
{"t": 322.1, "x": -5277, "y": -6088, "h": 25.0, "d5": 0.416, "d6": "tick=103307 goal=0 here=0", "l": [0.44, 0.44, 0.31, 0.36, 0.89, 0.86, 0.7, 0.7, 0.78, 0.25, 0.42, 0.61, 0.69, 1.01, 0.36, 0.34]}
{"t": 322.2, "x": -5271, "y": -6077, "h": 30.2, "d5": 0.408, "d6": "tick=103317 goal=0 here=0", "l": [0.42, 0.46, 0.31, 0.33, 0.88, 0.89, 0.71, 0.71, 0.77, 0.25, 0.42, 0.61, 0.69, 1.02, 0.35, 0.33]}
{"t": 322.3, "x": -5270, "y": -6077, "h": 27.3, "d5": 0.412, "d6": "tick=103330 goal=0 here=0", "l": [0.42, 0.42, 0.31, 0.35, 0.87, 0.86, 0.71, -1.0, 0.76, 0.26, 0.42, 0.64, 0.69, 1.04, 0.35, 0.31]}
{"t": 322.4, "x": -5270, "y": -6076, "h": 24.0, "d5": 0.399, "d6": "tick=103335 goal=0 here=0", "l": [0.43, 0.44, 0.32, 0.37, 0.88, 0.86, 0.72, -1.0, 0.77, 0.27, 0.43, 0.62, 0.7, 1.05, 0.34, 0.32]}
{"t": 322.4, "x": -5270, "y": -6077, "h": 30.2, "d5": 0.411, "d6": "tick=103340 goal=0 here=0", "l": [0.42, 0.43, 0.32, 0.37, 0.88, 0.87, 0.7, 0.7, 0.77, 0.25, 0.46, 0.62, 0.68, 1.04, 0.35, 0.32]}
{"t": 322.5, "x": -5270, "y": -6077, "h": 26.4, "d5": 0.423, "d6": "tick=103345 goal=0 here=0", "l": [0.44, 0.43, 0.33, 0.35, 0.89, 0.89, 0.7, 0.7, 0.75, 0.27, 0.43, 0.64, 0.71, 1.03, -1.0, 0.33]}
{"t": 324.6, "x": -5278, "y": -6078, "h": 262.9, "d5": 0.44, "d6": "tick=103561 goal=0 here=0", "l": [0.3, 0.57, 0.72, 1.25, 0.46, 0.47, 0.61, 0.43, 0.43, 0.94, 0.79, 0.6, 0.54, 0.62, 0.72, 0.68]}
{"t": 325.8, "x": -5275, "y": -6085, "h": 13.5, "d5": 0.443, "d6": "tick=103678 goal=0 here=0", "l": [0.5, 0.62, 0.46, 0.45, 0.92, 0.87, 0.64, 0.55, 0.55, 0.59, 0.65, 0.12, 0.55, 0.68, 1.07, 2.55]}
{"t": 327.3, "x": -5284, "y": -6080, "h": 225.7, "d5": 0.454, "d6": "tick=103830 goal=0 here=0", "l": [0.73, 0.67, 0.3, 0.56, 0.73, 1.48, 0.49, 0.49, 0.61, 0.43, 0.41, 0.95, 0.8, 0.56, 0.55, 0.6]}
{"t": 327.6, "x": -5348, "y": -6145, "h": 224.5, "d5": 0.437, "d6": "tick=103853 goal=0 here=0", "l": [0.71, 0.68, 0.3, 0.55, 0.72, 1.26, 0.49, 0.47, 0.63, 0.43, 0.41, 0.93, 0.81, 0.56, 0.57, 0.61]}
{"t": 327.8, "x": -5413, "y": -6228, "h": 218.3, "d5": 0.441, "d6": "tick=103880 goal=0 here=0", "l": [0.73, 0.66, 0.3, 0.56, 0.72, 1.21, 0.48, 0.48, 0.62, 0.44, 0.43, 0.89, 0.83, 0.58, 0.55, 0.6]}
{"t": 328.1, "x": -5493, "y": -6328, "h": 218.5, "d5": 0.437, "d6": "tick=103904 goal=0 here=0", "l": [0.75, 0.68, 0.28, 0.54, 0.69, 1.23, 0.48, 0.48, 0.64, 0.43, 0.43, 0.91, 0.82, 0.61, 0.55, 0.59]}
{"t": 328.3, "x": -5566, "y": -6404, "h": 223.7, "d5": 0.441, "d6": "tick=103931 goal=0 here=0", "l": [0.73, 0.66, 0.13, 0.54, 0.69, 1.2, 0.49, 0.47, 0.64, 0.42, 0.44, 0.9, 0.83, 0.61, 0.54, 0.59]}
{"t": 328.6, "x": -5660, "y": -6518, "h": 219.8, "d5": 0.451, "d6": "tick=103959 goal=0 here=0", "l": [0.72, 0.67, 0.29, 0.56, 0.72, 1.23, 0.49, 0.48, 0.62, 0.44, 0.43, 0.92, 0.82, 0.59, 0.56, 0.59]}
{"t": 328.9, "x": -5727, "y": -6598, "h": 219.9, "d5": 0.447, "d6": "tick=103982 goal=0 here=0", "l": [0.73, 0.65, 0.29, 0.53, 0.7, 1.23, 0.49, 0.47, 0.63, 0.44, 0.42, 0.92, 0.81, 0.59, 0.56, 0.59]}
{"t": 329.1, "x": -5794, "y": -6678, "h": 219.7, "d5": 0.444, "d6": "tick=104005 goal=0 here=0", "l": [0.73, 0.67, 0.29, 0.53, 0.69, 1.21, 0.49, 0.47, 0.66, 0.43, 0.4, 0.9, 0.81, 0.61, 0.57, 0.58]}
{"t": 329.3, "x": -5858, "y": -6762, "h": 217.5, "d5": 0.443, "d6": "tick=104027 goal=0 here=0", "l": [0.75, 0.65, 0.14, 0.54, 0.68, 1.18, 0.47, 0.47, 0.65, 0.44, 0.43, 0.89, 0.83, 0.6, 0.56, 0.57]}
{"t": 329.5, "x": -5927, "y": -6836, "h": 223.0, "d5": 0.427, "d6": "tick=104050 goal=0 here=0", "l": [0.72, 0.66, 0.31, 0.55, 0.71, 1.23, 0.5, 0.48, 0.61, 0.44, 0.43, 0.93, 0.81, 0.59, 0.56, 0.61]}
{"t": 329.8, "x": -6001, "y": -6910, "h": 224.6, "d5": 0.452, "d6": "tick=104073 goal=0 here=0", "l": [0.73, 0.67, 0.28, 0.55, 0.72, 1.22, 0.49, 0.48, 0.63, 0.43, -1.0, 0.91, 0.81, 0.59, 0.56, 0.59]}
{"t": 330.0, "x": -6068, "y": -6991, "h": 219.9, "d5": 0.447, "d6": "tick=104096 goal=0 here=0", "l": [0.73, 0.65, 0.28, 0.55, 0.7, 1.22, 0.48, 0.47, 0.66, 0.45, 0.42, 0.91, 0.81, 0.6, 0.55, 0.56]}
{"t": 330.3, "x": -6139, "y": -7083, "h": 217.6, "d5": 0.445, "d6": "tick=104124 goal=0 here=0", "l": [0.74, 0.65, 0.13, 0.56, 0.69, -1.0, 0.48, 0.48, -1.0, 0.42, 0.43, 0.9, 0.82, 0.63, 0.54, 0.59]}
{"t": 330.5, "x": -6217, "y": -7169, "h": 222.3, "d5": 0.438, "d6": "tick=104146 goal=0 here=0", "l": [0.73, 0.66, 0.3, 0.53, 0.7, 1.24, 0.49, 0.47, 0.64, 0.44, 0.42, 0.9, 0.83, 0.61, 0.56, 0.62]}
{"t": 330.7, "x": -6289, "y": -7241, "h": 224.9, "d5": 0.423, "d6": "tick=104169 goal=0 here=0", "l": [0.73, 0.66, -1.0, 0.56, 0.7, 1.22, 0.48, 0.48, 0.66, 0.44, 0.42, 0.9, 0.82, 0.6, 0.56, 0.59]}
{"t": 330.9, "x": -6353, "y": -7324, "h": 217.6, "d5": 0.438, "d6": "tick=104192 goal=0 here=0", "l": [0.72, 0.65, 0.12, 0.53, -1.0, 1.14, 0.48, 0.48, 0.62, 0.43, 0.44, 0.91, 0.84, 0.61, 0.56, 0.56]}
{"t": 331.2, "x": -6413, "y": -7410, "h": 215.3, "d5": 0.431, "d6": "tick=104214 goal=0 here=0", "l": [0.71, 0.66, 0.28, 0.52, 0.7, 1.21, 0.48, 0.48, 0.65, 0.43, 0.44, 0.89, 0.81, 0.6, 0.54, 0.58]}
{"t": 331.4, "x": -6472, "y": -7495, "h": 214.3, "d5": 0.442, "d6": "tick=104237 goal=0 here=0", "l": [0.72, 0.64, 0.14, 0.53, 0.68, 1.2, 0.49, 0.48, 0.63, 0.43, 0.45, 0.9, 0.83, 0.59, 0.55, 0.57]}
{"t": 331.7, "x": -6554, "y": -7590, "h": 220.9, "d5": 0.435, "d6": "tick=104265 goal=0 here=0", "l": [0.73, 0.67, 0.29, 0.54, 0.7, 1.23, 0.49, 0.48, 0.62, 0.44, 0.44, 0.89, 0.81, 0.6, 0.56, 0.6]}
{"t": 332.0, "x": -6624, "y": -7668, "h": 221.9, "d5": 0.433, "d6": "tick=104293 goal=0 here=0", "l": [0.75, 0.66, 0.29, 0.53, 0.72, 1.23, 0.48, 0.47, 0.65, 0.44, 0.42, 0.91, 0.84, 0.6, 0.54, 0.59]}
{"t": 332.2, "x": -6718, "y": -7787, "h": 218.3, "d5": 0.44, "d6": "tick=104321 goal=0 here=0", "l": [0.73, 0.65, 0.12, 0.55, 0.68, 1.2, 0.48, 0.48, 0.65, 0.42, 0.46, 0.91, 0.83, 0.61, 0.54, 0.57]}
{"t": 332.5, "x": -6796, "y": -7871, "h": 223.0, "d5": 0.442, "d6": "tick=104349 goal=0 here=0", "l": [0.74, 0.67, 0.3, 0.56, -1.0, 1.26, 0.46, 0.49, 0.6, 0.44, 0.43, 0.93, 0.81, 0.58, 0.55, 0.63]}
{"t": 332.8, "x": -6872, "y": -7960, "h": 220.3, "d5": 0.453, "d6": "tick=104377 goal=0 here=0", "l": [0.73, 0.66, 0.28, 0.54, 0.72, 1.24, 0.49, 0.49, 0.63, 0.41, 0.41, 0.91, 0.81, 0.59, 0.56, 0.58]}
{"t": 333.0, "x": -6958, "y": -8057, "h": 221.7, "d5": 0.426, "d6": "tick=104400 goal=0 here=0", "l": [0.73, 0.68, 0.28, 0.55, 0.7, 1.22, 0.48, 0.47, 0.67, 0.43, 0.42, 0.88, 0.81, 0.59, 0.54, -1.0]}
{"t": 333.3, "x": -7029, "y": -8149, "h": 217.4, "d5": 0.429, "d6": "tick=104428 goal=0 here=0", "l": [0.71, 0.66, 0.14, 0.54, 0.66, 1.17, 0.48, 0.46, 0.63, 0.43, 0.42, 0.92, 0.83, 0.61, 0.55, 0.57]}
{"t": 333.5, "x": -7104, "y": -8238, "h": 220.3, "d5": 0.419, "d6": "tick=104450 goal=0 here=0", "l": [0.74, 0.68, 0.29, 0.56, 0.7, 1.23, 0.48, 0.47, 0.62, 0.43, 0.44, 0.89, 0.82, 0.58, 0.53, 0.6]}
{"t": 333.8, "x": -7170, "y": -8313, "h": 221.2, "d5": 0.422, "d6": "tick=104474 goal=0 here=0", "l": [0.73, 0.68, 0.28, 0.54, 0.7, 1.21, 0.47, 0.47, 0.66, 0.44, 0.44, 0.91, 0.81, 0.61, 0.57, 0.59]}
{"t": 334.0, "x": -7238, "y": -8401, "h": 218.0, "d5": 0.416, "d6": "tick=104497 goal=0 here=0", "l": [0.73, 0.65, 0.27, 0.53, 0.68, 1.21, 0.49, 0.47, 0.64, 0.43, 0.44, 0.9, 0.82, 0.59, 0.56, 0.57]}
{"t": 334.2, "x": -7300, "y": -8486, "h": 215.8, "d5": 0.421, "d6": "tick=104520 goal=0 here=0", "l": [0.71, 0.66, 0.14, 0.54, 0.68, 1.17, 0.49, 0.47, 0.63, 0.43, 0.42, 0.9, 0.81, 0.6, 0.58, 0.56]}
{"t": 334.5, "x": -7365, "y": -8567, "h": 219.0, "d5": 0.443, "d6": "tick=104542 goal=0 here=0", "l": [0.73, 0.68, 0.28, 0.55, 0.7, 1.22, 0.47, 0.48, 0.66, 0.42, 0.41, 0.91, 0.81, 0.62, 0.54, 0.59]}
{"t": 334.7, "x": -7441, "y": -8657, "h": 220.1, "d5": 0.426, "d6": "tick=104570 goal=0 here=0", "l": [0.71, 0.67, 0.28, 0.55, 0.71, 1.2, 0.49, 0.48, 0.65, 0.43, 0.44, 0.9, 0.82, 0.58, 0.56, 0.59]}
{"t": 335.0, "x": -7510, "y": -8747, "h": 217.4, "d5": 0.429, "d6": "tick=104593 goal=0 here=0", "l": [0.73, 0.65, 0.13, 0.55, 0.69, 1.19, 0.5, 0.47, 0.62, 0.43, 0.42, 0.89, 0.83, 0.59, 0.56, 0.58]}
{"t": 335.2, "x": -7584, "y": -8834, "h": 220.3, "d5": 0.425, "d6": "tick=104621 goal=0 here=0", "l": [0.72, 0.68, 0.29, 0.55, 0.71, 1.27, 0.47, 0.48, 0.62, 0.43, 0.42, 0.94, -1.0, 0.58, 0.55, 0.62]}
{"t": 335.5, "x": -7662, "y": -8921, "h": 222.1, "d5": 0.431, "d6": "tick=104644 goal=0 here=0", "l": [0.73, 0.66, 0.29, 0.55, 0.71, 1.23, 0.47, 0.48, 0.65, 0.42, 0.42, 0.9, 0.8, 0.6, 0.57, 0.6]}
{"t": 335.7, "x": -7732, "y": -9000, "h": 221.7, "d5": 0.414, "d6": "tick=104666 goal=0 here=0", "l": [0.73, 0.66, 0.27, 0.55, 0.68, 1.23, 0.48, 0.47, 0.65, 0.44, 0.43, 0.91, 0.83, 0.6, 0.56, 0.57]}
{"t": 335.9, "x": -7795, "y": -9084, "h": 216.3, "d5": 0.425, "d6": "tick=104689 goal=0 here=0", "l": [0.73, 0.65, 0.14, 0.54, 0.67, 1.18, 0.49, 0.47, 0.63, 0.44, 0.44, 0.9, 0.83, 0.6, 0.55, 0.58]}
{"t": 336.2, "x": -7860, "y": -9160, "h": 220.8, "d5": 0.423, "d6": "tick=104712 goal=0 here=0", "l": [0.74, 0.68, 0.31, 0.56, 0.71, 1.21, 0.48, 0.45, 0.65, 0.45, 0.42, 0.9, 0.81, 0.58, 0.55, 0.58]}
{"t": 336.4, "x": -7928, "y": -9239, "h": 221.0, "d5": 0.434, "d6": "tick=104735 goal=0 here=0", "l": [0.74, 0.67, 0.29, 0.54, 0.69, 1.22, 0.48, 0.49, 0.66, 0.43, 0.42, 0.9, 0.81, 0.61, 0.56, 0.59]}
{"t": 336.6, "x": -7998, "y": -9320, "h": 220.7, "d5": 0.417, "d6": "tick=104758 goal=0 here=0", "l": [0.73, 0.65, 0.12, 0.52, 0.68, 1.19, 0.48, 0.49, 0.66, 0.43, 0.43, 0.89, 0.82, 0.61, 0.56, 0.57]}
{"t": 336.8, "x": -8066, "y": -9399, "h": 220.5, "d5": 0.414, "d6": "tick=104781 goal=0 here=0", "l": [0.73, 0.66, 0.28, 0.54, 0.71, 1.24, 0.5, 0.47, -1.0, 0.44, 0.43, 0.92, 0.79, 0.59, 0.56, 0.61]}
{"t": 337.1, "x": -8144, "y": -9486, "h": 222.0, "d5": 0.406, "d6": "tick=104809 goal=0 here=0", "l": [0.73, 0.65, 0.29, 0.54, 0.71, 1.23, 0.48, 0.48, 0.65, 0.44, 0.43, 0.9, 0.83, 0.59, 0.55, 0.59]}
{"t": 337.4, "x": -8217, "y": -9578, "h": 218.2, "d5": 0.426, "d6": "tick=104837 goal=0 here=0", "l": [0.73, 0.67, 0.29, 0.54, 0.69, 1.21, 0.49, 0.47, -1.0, 0.42, 0.42, 0.89, 0.83, 0.6, 0.57, 0.58]}
{"t": 337.7, "x": -8303, "y": -9701, "h": 214.9, "d5": 0.434, "d6": "tick=104865 goal=0 here=0", "l": [0.7, 0.67, 0.11, 0.55, 0.68, 1.14, 0.5, 0.49, 0.62, 0.44, 0.44, 0.91, 0.84, 0.6, 0.55, 0.55]}
{"t": 337.9, "x": -8372, "y": -9781, "h": 220.9, "d5": 0.415, "d6": "tick=104887 goal=0 here=0", "l": [0.74, 0.67, 0.27, 0.55, 0.69, 1.21, 0.47, 0.46, 0.65, 0.43, 0.41, 0.89, 0.81, 0.6, 0.55, 0.57]}
{"t": 338.1, "x": -8435, "y": -9857, "h": 219.7, "d5": 0.401, "d6": "tick=104911 goal=0 here=0", "l": [0.73, 0.65, 0.29, 0.56, 0.69, 1.2, 0.49, 0.47, 0.66, 0.42, 0.43, 0.88, 0.8, 0.61, 0.55, 0.58]}
{"t": 338.4, "x": -8504, "y": -9943, "h": 219.2, "d5": 0.412, "d6": "tick=104933 goal=0 here=0", "l": [0.71, 0.64, 0.13, 0.55, 0.69, 1.16, 0.49, 0.48, -1.0, 0.45, 0.41, 0.9, 0.84, 0.59, 0.56, 0.56]}
{"t": 338.6, "x": -8570, "y": -10019, "h": 220.8, "d5": 0.409, "d6": "tick=104961 goal=0 here=0", "l": [0.73, 0.68, 0.29, 0.55, 0.71, 1.23, 0.48, 0.47, 0.63, 0.43, 0.42, 0.91, 0.82, 0.61, 0.56, 0.61]}
{"t": 338.9, "x": -8654, "y": -10115, "h": 221.2, "d5": 0.41, "d6": "tick=104984 goal=0 here=0", "l": [0.73, 0.67, 0.28, 0.53, 0.71, 1.22, 0.51, 0.48, 0.64, 0.45, 0.44, 0.93, 0.8, 0.61, 0.55, 0.59]}
{"t": 339.1, "x": -8727, "y": -10191, "h": 223.8, "d5": 0.395, "d6": "tick=105007 goal=0 here=0", "l": [0.74, 0.65, 0.27, 0.56, 0.68, 1.21, 0.48, 0.5, 0.64, 0.44, 0.44, 0.91, 0.82, 0.57, 0.56, 0.59]}
{"t": 339.3, "x": -8792, "y": -10275, "h": 217.9, "d5": 0.409, "d6": "tick=105030 goal=0 here=0", "l": [0.72, 0.65, 0.14, 0.56, 0.68, 1.19, 0.49, 0.47, 0.62, 0.45, 0.41, 0.91, 0.82, 0.59, 0.56, 0.57]}
{"t": 340.2, "x": -8795, "y": -10285, "h": 302.4, "d5": 0.399, "d6": "tick=105121 goal=0 here=0", "l": [0.66, 0.88, 2.54, 0.51, 0.63, 0.53, 0.46, 0.94, 1.04, 0.62, 0.53, 0.55, 0.57, 0.7, 0.08, 0.54]}
{"t": 340.5, "x": -8875, "y": -10239, "h": 299.6, "d5": 0.402, "d6": "tick=105144 goal=0 here=0", "l": [0.66, 0.84, 1.92, 0.5, 0.56, 0.57, 0.46, 0.93, 1.06, 0.66, 0.53, 0.57, 0.6, 0.8, 0.14, 0.56]}
{"t": 340.7, "x": -8970, "y": -10193, "h": 296.1, "d5": 0.405, "d6": "tick=105166 goal=0 here=0", "l": [0.59, 0.78, 1.43, 0.44, 0.44, 0.66, 0.45, 0.45, 0.98, 0.84, 0.57, 0.57, 0.63, 0.09, 0.23, 0.54]}
{"t": 340.9, "x": -9068, "y": -10154, "h": 291.7, "d5": 0.41, "d6": "tick=105190 goal=0 here=0", "l": [0.53, 0.64, 1.15, 0.44, 0.45, 0.6, 0.53, 0.49, 0.98, 0.88, 0.61, 0.6, 0.09, 0.11, 0.22, 0.51]}
{"t": 341.3, "x": -9230, "y": -10106, "h": 286.5, "d5": 0.403, "d6": "tick=105231 goal=0 here=0", "l": [0.39, 0.51, 0.71, 2.42, 0.41, 0.45, 0.66, 0.58, 1.1, 1.0, 0.13, 0.13, 0.17, 0.19, 0.19, 0.41]}
{"t": 341.8, "x": -9258, "y": -10097, "h": 324.1, "d5": 0.424, "d6": "tick=105281 goal=0 here=0", "l": [0.69, 1.89, 0.43, 0.49, 0.68, 0.54, 1.1, 1.19, 0.76, 0.11, 0.15, 0.18, 0.17, 0.43, 0.37, 0.47]}
{"t": 342.1, "x": -9313, "y": -10023, "h": 323.3, "d5": 0.423, "d6": "tick=105304 goal=0 here=0", "l": [0.63, 1.76, 0.68, 0.44, 0.65, 0.62, 0.6, 1.29, 0.8, 0.17, 0.21, 0.19, 0.22, 0.4, 0.33, 0.44]}
{"t": 342.3, "x": -9379, "y": -9942, "h": 320.7, "d5": 0.43, "d6": "tick=105327 goal=0 here=0", "l": [0.58, 1.26, 1.22, 0.36, 0.46, 0.69, 0.65, 1.34, 0.89, 0.19, 0.23, 0.19, 0.38, 0.35, 0.32, 0.4]}
{"t": 342.6, "x": -9388, "y": -9932, "h": 332.9, "d5": 0.417, "d6": "tick=105361 goal=0 here=0", "l": [0.83, 2.36, 0.38, 0.45, 0.7, 0.59, 1.21, 1.07, 0.23, 0.27, 0.21, 0.33, 0.4, 0.3, 0.39, 0.42]}
{"t": 342.9, "x": -9428, "y": -9852, "h": 333.1, "d5": 0.424, "d6": "tick=105384 goal=0 here=0", "l": [0.82, 2.26, 0.57, 0.4, 0.66, 0.65, 1.21, 1.1, 0.25, 0.3, 0.21, 0.37, 0.32, 0.3, 0.34, 0.4]}
{"t": 343.1, "x": -9475, "y": -9756, "h": 334.1, "d5": 0.417, "d6": "tick=105406 goal=0 here=0", "l": [0.83, 2.19, 0.56, 0.31, 0.46, 0.66, 1.26, 1.13, 0.3, 0.32, 0.27, 0.44, 0.28, 0.3, 0.31, 0.43]}
{"t": 343.3, "x": -9511, "y": -9658, "h": 339.8, "d5": 0.407, "d6": "tick=105429 goal=0 here=0", "l": [0.81, 2.11, 0.54, 0.29, 0.43, 0.72, 0.76, 1.19, 0.36, 0.34, 0.44, 0.41, 0.31, 0.28, 0.28, 0.43]}
{"t": 343.6, "x": -9547, "y": -9563, "h": 338.9, "d5": 0.415, "d6": "tick=105457 goal=0 here=0", "l": [0.75, 2.08, 0.52, 0.28, 0.39, 0.78, 0.8, 1.23, 0.43, 0.34, 0.49, 0.3, 0.28, 0.25, 0.26, 0.39]}
{"t": 343.9, "x": -9561, "y": -9529, "h": 325.8, "d5": 0.414, "d6": "tick=105490 goal=0 here=0", "l": [0.4, 1.19, 1.28, 0.47, 0.27, 0.41, 0.7, 1.46, 1.1, 0.47, 0.4, 0.5, 0.28, 0.28, 0.24, 0.29]}
{"t": 344.0, "x": -9562, "y": -9529, "h": 321.5, "d5": 0.414, "d6": "tick=105497 goal=0 here=0", "l": [0.4, 1.16, 1.26, 0.48, 0.28, 0.43, 0.71, 1.49, 1.1, 0.45, 0.4, 0.51, 0.29, 0.27, 0.22, 0.29]}
{"t": 344.1, "x": -9561, "y": -9529, "h": 327.5, "d5": 0.399, "d6": "tick=105502 goal=0 here=0", "l": [0.39, 1.18, 1.26, 0.48, 0.28, 0.4, 0.72, 1.47, 1.12, 0.46, 0.39, 0.52, 0.29, 0.29, 0.23, 0.28]}
{"t": 344.1, "x": -9561, "y": -9530, "h": 324.1, "d5": 0.406, "d6": "tick=105507 goal=0 here=0", "l": [0.39, 1.18, 1.27, 0.49, 0.28, 0.43, 0.71, 1.5, 1.11, 0.47, 0.38, 0.49, 0.28, 0.29, 0.23, 0.28]}
{"t": 346.0, "x": -9563, "y": -9535, "h": 243.8, "d5": 0.435, "d6": "tick=105695 goal=0 here=0", "l": [0.4, 0.33, 0.39, 0.52, 0.93, 2.24, 0.33, 0.39, 0.69, 0.59, 1.17, 1.11, 0.26, 0.29, 0.24, 0.39]}
{"t": 346.8, "x": -9557, "y": -9535, "h": 307.0, "d5": 0.406, "d6": "tick=105780 goal=0 here=0", "l": [0.43, 0.8, 2.29, 0.37, 0.38, 0.62, 0.61, 0.64, 1.13, 0.8, 0.25, 0.25, 0.28, 0.45, 0.32, 0.4]}
{"t": 346.9, "x": -9557, "y": -9536, "h": 310.8, "d5": 0.415, "d6": "tick=105785 goal=0 here=0", "l": [0.42, 0.8, 2.29, 0.38, 0.38, 0.6, 0.63, 0.64, 1.14, 0.81, 0.26, 0.25, 0.26, 0.43, 0.34, 0.4]}
{"t": 346.9, "x": -9557, "y": -9535, "h": 311.1, "d5": 0.412, "d6": "tick=105790 goal=0 here=0", "l": [0.43, 0.8, 2.3, 0.37, 0.37, 0.62, 0.63, 0.65, 1.15, 0.81, 0.26, 0.27, 0.26, 0.44, 0.33, 0.41]}
{"t": 347.2, "x": -9625, "y": -9475, "h": 311.2, "d5": 0.419, "d6": "tick=105813 goal=0 here=0", "l": [0.37, 0.56, 2.27, 0.62, 0.3, 0.44, 0.69, 0.69, 1.21, 0.82, 0.31, 0.26, 0.4, 0.39, 0.33, 0.35]}
{"t": 347.2, "x": -9636, "y": -9467, "h": 308.9, "d5": 0.416, "d6": "tick=105819 goal=0 here=0", "l": [0.36, 0.56, 2.29, 0.6, 0.29, 0.42, 0.72, 0.7, 1.23, 0.87, -1.0, 0.24, 0.4, 0.37, 0.3, 0.35]}
{"t": 347.3, "x": -9637, "y": -9466, "h": 309.5, "d5": 0.416, "d6": "tick=105824 goal=0 here=0", "l": [0.38, 0.55, 2.28, 0.63, 0.29, 0.44, 0.7, 0.68, 1.21, 0.85, 0.31, 0.27, 0.38, 0.39, 0.31, 0.33]}
{"t": 347.3, "x": -9637, "y": -9466, "h": 307.2, "d5": 0.413, "d6": "tick=105829 goal=0 here=0", "l": [0.39, 0.54, 2.28, 0.61, 0.3, 0.41, 0.67, 0.67, 1.2, 0.85, 0.3, 0.26, 0.41, 0.39, 0.3, 0.36]}
{"t": 347.4, "x": -9636, "y": -9467, "h": 309.7, "d5": 0.429, "d6": "tick=105834 goal=0 here=0", "l": [0.37, 0.55, 2.28, 0.61, 0.28, 0.42, 0.7, 0.7, 1.23, 0.85, 0.31, 0.24, 0.41, 0.39, 0.3, 0.34]}
{"t": 347.4, "x": -9636, "y": -9467, "h": 305.5, "d5": 0.423, "d6": "tick=105839 goal=0 here=0", "l": [0.37, 0.55, 2.28, 0.6, 0.28, 0.43, 0.7, 0.69, 1.21, 0.85, 0.31, 0.27, 0.4, 0.38, 0.28, 0.36]}
{"t": 347.5, "x": -9636, "y": -9467, "h": 306.6, "d5": 0.425, "d6": "tick=105844 goal=0 here=0", "l": [0.38, 0.54, 2.29, 0.62, 0.3, 0.42, 0.69, 0.69, 1.21, 0.84, 0.31, 0.26, 0.39, 0.38, 0.29, 0.37]}
{"t": 347.5, "x": -9636, "y": -9467, "h": 307.1, "d5": 0.411, "d6": "tick=105849 goal=0 here=0", "l": [0.35, 0.53, 2.28, 0.61, 0.29, 0.41, 0.69, 0.69, 1.22, 0.86, 0.31, 0.27, 0.38, 0.37, 0.3, 0.35]}
{"t": 347.6, "x": -9636, "y": -9467, "h": 309.9, "d5": 0.424, "d6": "tick=105854 goal=0 here=0", "l": [0.36, 0.57, 2.28, 0.61, 0.31, 0.42, 0.68, 0.69, 1.22, 0.84, 0.31, 0.25, 0.4, 0.38, 0.3, 0.35]}
{"t": 347.6, "x": -9636, "y": -9467, "h": 308.2, "d5": 0.412, "d6": "tick=105859 goal=0 here=0", "l": [0.38, 0.56, 2.3, 0.6, 0.29, 0.43, 0.69, 0.69, 1.22, 0.85, 0.29, 0.27, 0.39, 0.38, 0.32, 0.36]}
{"t": 347.7, "x": -9637, "y": -9466, "h": 307.7, "d5": 0.421, "d6": "tick=105865 goal=0 here=0", "l": [0.4, 0.56, 2.28, 0.64, 0.29, 0.41, 0.71, 0.69, 1.22, 0.84, 0.3, 0.26, 0.4, 0.38, 0.3, 0.37]}
{"t": 347.7, "x": -9637, "y": -9466, "h": 310.1, "d5": 0.401, "d6": "tick=105870 goal=0 here=0", "l": [0.38, 0.56, 2.27, 0.62, 0.31, 0.43, 0.69, 0.67, 1.22, 0.84, 0.3, 0.26, 0.39, 0.38, 0.3, 0.35]}
{"t": 347.8, "x": -9636, "y": -9467, "h": 311.6, "d5": 0.411, "d6": "tick=105875 goal=0 here=0", "l": [0.38, 0.56, 2.3, 0.62, 0.31, 0.43, 0.7, 0.7, 1.21, 0.83, 0.3, 0.25, 0.4, 0.38, 0.29, 0.35]}
{"t": 347.8, "x": -9637, "y": -9466, "h": 307.5, "d5": 0.434, "d6": "tick=105880 goal=0 here=0", "l": [0.38, 0.56, 2.28, 0.61, 0.31, 0.43, 0.71, 0.69, 1.2, 0.85, 0.31, 0.26, 0.41, 0.38, 0.3, 0.36]}
{"t": 347.9, "x": -9637, "y": -9466, "h": 307.8, "d5": 0.412, "d6": "tick=105885 goal=0 here=0", "l": [0.38, 0.55, 2.29, 0.6, 0.28, 0.42, 0.7, 0.68, 1.22, 0.83, 0.3, 0.24, 0.41, 0.35, 0.31, 0.33]}
{"t": 348.0, "x": -9637, "y": -9466, "h": 308.2, "d5": 0.417, "d6": "tick=105892 goal=0 here=0", "l": [0.36, 0.57, 2.29, 0.61, 0.28, 0.43, 0.71, 0.7, 1.22, 0.86, 0.32, 0.26, 0.39, 0.38, 0.3, 0.34]}
{"t": 348.0, "x": -9637, "y": -9466, "h": 309.0, "d5": 0.411, "d6": "tick=105897 goal=0 here=0", "l": [0.39, 0.55, 2.29, 0.62, 0.28, 0.42, 0.68, 0.7, 1.22, 0.85, 0.32, 0.25, 0.39, 0.37, -1.0, 0.35]}
{"t": 348.1, "x": -9637, "y": -9466, "h": 307.5, "d5": 0.417, "d6": "tick=105902 goal=0 here=0", "l": [0.37, 0.53, 2.29, 0.61, 0.29, 0.44, 0.69, 0.7, 1.21, 0.83, 0.3, 0.27, 0.39, 0.36, 0.31, 0.35]}
{"t": 348.1, "x": -9637, "y": -9466, "h": 309.4, "d5": 0.423, "d6": "tick=105907 goal=0 here=0", "l": [0.38, 0.55, 2.3, 0.61, 0.29, 0.41, 0.7, 0.7, 1.2, 0.84, 0.3, 0.25, 0.38, 0.36, 0.29, 0.36]}
{"t": 348.2, "x": -9637, "y": -9466, "h": 308.6, "d5": 0.42, "d6": "tick=105912 goal=0 here=0", "l": [0.38, 0.56, 2.26, 0.61, 0.28, 0.4, 0.69, 0.72, 1.24, 0.86, 0.3, 0.26, 0.4, 0.4, 0.29, 0.34]}
{"t": 348.2, "x": -9636, "y": -9467, "h": 303.0, "d5": 0.422, "d6": "tick=105917 goal=0 here=0", "l": [0.38, 0.56, 2.29, 0.61, 0.31, 0.43, 0.68, 0.7, 1.24, 0.85, 0.32, 0.25, 0.39, 0.4, 0.31, 0.36]}
{"t": 348.5, "x": -9636, "y": -9467, "h": 316.7, "d5": 0.415, "d6": "tick=105944 goal=0 here=0", "l": [0.51, 0.94, 2.26, 0.34, 0.44, 0.69, 0.63, 1.23, 0.99, 0.28, 0.29, 0.27, 0.43, 0.31, 0.34, 0.34]}
{"t": 348.8, "x": -9635, "y": -9468, "h": 332.5, "d5": 0.419, "d6": "tick=105978 goal=0 here=0", "l": [0.75, 2.28, 0.59, 0.31, 0.44, 0.67, 0.7, 1.17, 0.31, 0.33, 0.27, 0.38, 0.35, 0.29, 0.34, 0.39]}
{"t": 349.2, "x": -9636, "y": -9467, "h": 314.0, "d5": 0.418, "d6": "tick=106021 goal=0 here=0", "l": [0.47, 0.9, 2.22, 0.35, 0.38, 0.7, 0.64, 1.2, 1.04, 0.26, 0.31, 0.23, 0.42, 0.31, 0.33, 0.36]}
{"t": 349.3, "x": -9635, "y": -9467, "h": 316.2, "d5": 0.418, "d6": "tick=106026 goal=0 here=0", "l": [0.49, 0.89, 2.23, 0.37, 0.38, 0.72, 0.62, 1.21, 1.03, 0.27, 0.31, 0.26, 0.41, 0.32, 0.33, 0.35]}
{"t": 349.3, "x": -9635, "y": -9467, "h": 318.0, "d5": 0.413, "d6": "tick=106031 goal=0 here=0", "l": [0.48, 0.9, 2.23, 0.35, 0.4, 0.71, 0.62, 1.21, 1.05, 0.28, 0.3, 0.23, 0.43, 0.31, 0.33, 0.35]}
{"t": 349.4, "x": -9636, "y": -9466, "h": 316.4, "d5": 0.414, "d6": "tick=106042 goal=0 here=0", "l": [0.5, 0.92, 2.22, 0.36, 0.41, 0.7, 0.63, 1.21, 1.04, -1.0, 0.32, 0.24, 0.41, 0.31, 0.33, 0.34]}
{"t": 349.5, "x": -9636, "y": -9467, "h": 314.2, "d5": 0.418, "d6": "tick=106045 goal=0 here=0", "l": [0.47, 0.92, 2.24, 0.34, 0.4, -1.0, 0.61, 1.21, 1.05, 0.28, 0.3, 0.25, 0.41, 0.31, 0.34, 0.35]}
{"t": 349.5, "x": -9636, "y": -9466, "h": 315.9, "d5": 0.414, "d6": "tick=106050 goal=0 here=0", "l": [0.5, 0.9, 2.21, 0.37, 0.41, 0.71, 0.62, 1.22, 1.02, 0.27, 0.29, 0.24, 0.42, 0.3, 0.32, 0.33]}
{"t": 349.9, "x": -9636, "y": -9467, "h": 334.4, "d5": 0.428, "d6": "tick=106084 goal=0 here=0", "l": [0.55, 2.26, 0.62, 0.29, 0.43, 0.68, 0.69, 1.18, 0.31, 0.3, 0.24, 0.4, 0.36, 0.3, 0.33, 0.38]}
{"t": 350.4, "x": -9636, "y": -9467, "h": 316.1, "d5": 0.42, "d6": "tick=106134 goal=0 here=0", "l": [0.48, 0.89, 2.19, 0.35, 0.39, 0.68, 0.61, 1.22, 1.08, 0.28, 0.31, 0.24, 0.42, 0.29, 0.33, 0.33]}
{"t": 350.4, "x": -9636, "y": -9467, "h": 315.7, "d5": 0.416, "d6": "tick=106137 goal=0 here=0", "l": [0.48, 0.89, 2.21, 0.37, 0.41, 0.69, 0.64, 1.22, 1.08, 0.28, 0.3, 0.23, 0.41, 0.3, 0.33, 0.34]}
{"t": 350.5, "x": -9636, "y": -9467, "h": 312.0, "d5": 0.428, "d6": "tick=106143 goal=0 here=0", "l": [0.49, 0.89, -1.0, 0.38, 0.4, 0.67, 0.62, 1.21, 1.07, 0.27, 0.31, 0.23, 0.41, 0.3, 0.33, 0.35]}
{"t": 350.5, "x": -9636, "y": -9467, "h": 317.3, "d5": 0.406, "d6": "tick=106148 goal=0 here=0", "l": [0.5, 0.86, -1.0, 0.37, 0.39, 0.68, 0.63, 1.22, 1.08, 0.29, 0.31, 0.23, 0.42, 0.3, 0.32, 0.32]}
{"t": 350.6, "x": -9636, "y": -9467, "h": 313.9, "d5": 0.424, "d6": "tick=106153 goal=0 here=0", "l": [0.51, 0.91, 2.19, 0.38, 0.39, 0.68, 0.62, 1.21, 1.08, 0.27, 0.32, 0.25, 0.4, 0.3, 0.33, 0.35]}
{"t": 350.6, "x": -9636, "y": -9467, "h": 319.1, "d5": 0.41, "d6": "tick=106158 goal=0 here=0", "l": [0.47, 0.87, 2.21, 0.38, 0.37, 0.66, 0.62, 1.19, 1.07, 0.29, 0.31, 0.24, 0.4, 0.32, 0.34, 0.33]}
{"t": 350.7, "x": -9636, "y": -9467, "h": 317.0, "d5": 0.426, "d6": "tick=106163 goal=0 here=0", "l": [0.47, 0.88, 2.23, 0.38, 0.37, 0.68, 0.63, 1.19, 1.06, 0.27, 0.31, 0.23, 0.42, 0.3, 0.31, 0.35]}
{"t": 350.7, "x": -9636, "y": -9467, "h": 313.7, "d5": 0.421, "d6": "tick=106168 goal=0 here=0", "l": [0.48, 0.89, 2.21, 0.38, 0.4, 0.68, 0.62, 1.21, 1.06, 0.25, 0.31, 0.25, 0.41, 0.31, 0.32, 0.36]}
{"t": 350.8, "x": -9636, "y": -9467, "h": 316.8, "d5": 0.421, "d6": "tick=106173 goal=0 here=0", "l": [0.47, 0.88, 2.21, 0.38, 0.37, 0.67, 0.61, 1.23, 1.06, 0.29, 0.29, 0.22, 0.43, 0.31, 0.32, 0.34]}
{"t": 350.8, "x": -9636, "y": -9467, "h": 319.0, "d5": 0.418, "d6": "tick=106178 goal=0 here=0", "l": [-1.0, 0.88, 2.2, 0.38, 0.39, 0.66, 0.62, 1.22, 1.06, 0.3, 0.31, 0.23, 0.39, 0.31, 0.33, 0.35]}
{"t": 351.2, "x": -9635, "y": -9468, "h": 336.6, "d5": 0.414, "d6": "tick=106222 goal=0 here=0", "l": [0.83, 2.25, 0.55, 0.37, 0.65, 0.62, 1.23, 1.14, 0.29, 0.31, 0.24, 0.4, 0.33, 0.31, 0.34, 0.43]}
{"t": 351.5, "x": -9672, "y": -9383, "h": 336.8, "d5": 0.419, "d6": "tick=106244 goal=0 here=0", "l": [0.82, 2.16, 0.53, 0.27, 0.43, 0.68, 0.74, 1.19, 0.33, 0.35, 0.34, 0.46, 0.28, 0.33, 0.32, 0.47]}
{"t": 351.8, "x": -9713, "y": -9291, "h": 336.0, "d5": 0.417, "d6": "tick=106272 goal=0 here=0", "l": [0.81, 2.11, 0.51, 0.26, 0.4, 0.73, 0.76, 1.23, 0.38, 0.37, 0.43, 0.37, 0.29, -1.0, 0.28, 0.41]}
{"t": 352.0, "x": -9754, "y": -9170, "h": 341.0, "d5": 0.403, "d6": "tick=106295 goal=0 here=0", "l": [0.76, 2.06, 0.52, 0.28, 0.27, 0.76, 0.79, 1.25, 0.46, 0.38, 0.48, 0.3, 0.3, 0.23, 0.24, 0.37]}
{"t": 352.4, "x": -9760, "y": -9158, "h": 326.7, "d5": 0.406, "d6": "tick=106341 goal=0 here=0", "l": [0.38, 1.04, 2.07, 0.45, 0.28, 0.42, 0.76, 1.35, 1.12, 0.47, 0.39, 0.5, 0.3, 0.27, 0.24, 0.29]}
{"t": 352.5, "x": -9760, "y": -9157, "h": 322.5, "d5": 0.406, "d6": "tick=106346 goal=0 here=0", "l": [0.38, 1.05, 2.08, 0.49, 0.27, 0.39, 0.73, 1.35, 1.13, 0.47, 0.41, 0.5, 0.3, 0.31, 0.23, 0.29]}
{"t": 352.5, "x": -9759, "y": -9158, "h": 323.2, "d5": 0.404, "d6": "tick=106351 goal=0 here=0", "l": [0.38, 1.05, 2.07, 0.47, 0.26, 0.4, 0.73, 1.33, 1.13, 0.45, 0.39, 0.52, 0.3, 0.27, 0.24, 0.3]}
{"t": 352.6, "x": -9759, "y": -9158, "h": 319.8, "d5": 0.409, "d6": "tick=106356 goal=0 here=0", "l": [0.38, 1.04, 2.09, 0.48, 0.24, 0.4, 0.73, 1.34, 1.14, 0.46, 0.4, 0.49, 0.29, 0.29, 0.23, 0.31]}
{"t": 354.5, "x": -9756, "y": -9176, "h": 52.4, "d5": 0.429, "d6": "tick=106544 goal=0 here=0", "l": [0.37, 0.61, 0.58, 1.15, 0.98, 0.26, 0.28, 0.27, 0.41, 0.37, 0.36, 0.42, 0.58, 1.23, 2.25, 0.3]}
{"t": 355.4, "x": -9756, "y": -9170, "h": 326.9, "d5": 0.414, "d6": "tick=106633 goal=0 here=0", "l": [0.59, 1.77, 0.59, 0.31, 0.39, 0.65, 0.65, 1.35, 0.92, 0.25, 0.3, 0.25, 0.47, 0.34, 0.41, 0.43]}
{"t": 355.6, "x": -9799, "y": -9089, "h": 331.8, "d5": 0.419, "d6": "tick=106656 goal=0 here=0", "l": [0.56, 1.79, 0.6, 0.26, 0.37, 0.65, 0.66, 1.38, 0.95, 0.32, 0.32, 0.39, 0.43, 0.33, 0.38, 0.39]}
{"t": 355.8, "x": -9808, "y": -9078, "h": 319.2, "d5": 0.413, "d6": "tick=106676 goal=0 here=0", "l": [0.51, 1.15, 2.21, 0.3, 0.36, 0.69, 0.58, 1.21, 1.03, 0.33, 0.34, 0.28, 0.47, 0.33, 0.37, 0.36]}
{"t": 355.8, "x": -9809, "y": -9077, "h": 317.5, "d5": 0.409, "d6": "tick=106681 goal=0 here=0", "l": [0.52, 1.16, 2.2, 0.28, 0.35, 0.67, 0.58, 1.2, 1.04, 0.34, 0.35, 0.27, 0.47, 0.33, 0.38, 0.35]}
{"t": 355.9, "x": -9809, "y": -9077, "h": 315.7, "d5": 0.408, "d6": "tick=106686 goal=0 here=0", "l": [0.5, 1.16, 2.22, 0.3, 0.38, 0.68, 0.6, 1.19, 1.05, 0.32, 0.36, 0.28, 0.49, 0.33, 0.36, 0.36]}
{"t": 355.9, "x": -9808, "y": -9077, "h": 320.9, "d5": 0.407, "d6": "tick=106691 goal=0 here=0", "l": [0.53, 1.18, 2.2, 0.29, 0.36, 0.69, 0.59, 1.19, 1.04, 0.32, 0.37, 0.28, 0.47, 0.33, 0.38, 0.36]}
{"t": 356.5, "x": -9807, "y": -9079, "h": 335.9, "d5": 0.429, "d6": "tick=106746 goal=0 here=0", "l": [0.91, 2.19, 0.3, 0.35, 0.59, 0.62, 0.66, 1.15, 0.31, 0.34, 0.29, 0.44, 0.34, 0.37, 0.36, 0.52]}
{"t": 356.7, "x": -9842, "y": -8994, "h": 338.0, "d5": 0.406, "d6": "tick=106769 goal=0 here=0", "l": [0.83, 2.13, 0.5, 0.23, 0.38, 0.68, 0.69, 1.21, 0.9, 0.37, 0.32, 0.48, 0.34, 0.36, 0.32, 0.47]}
{"t": 357.0, "x": -9883, "y": -8899, "h": 336.2, "d5": 0.406, "d6": "tick=106797 goal=0 here=0", "l": [0.77, 2.16, 0.51, -1.0, 0.24, 0.66, 0.75, 1.3, 0.95, 0.45, 0.46, 0.47, 0.33, 0.3, 0.29, 0.42]}
{"t": 357.2, "x": -9938, "y": -8781, "h": 335.0, "d5": 0.419, "d6": "tick=106819 goal=0 here=0", "l": [0.69, 2.1, 0.65, 0.35, 0.23, 0.42, 0.71, 1.46, 0.99, 0.48, 0.52, 0.37, 0.34, 0.25, 0.26, 0.37]}
{"t": 357.7, "x": -9941, "y": -8774, "h": 351.9, "d5": 0.419, "d6": "tick=106863 goal=0 here=0", "l": [1.7, 0.91, 0.4, 0.24, 0.39, 0.7, 1.5, 1.11, 0.51, 0.48, 0.46, 0.33, 0.28, 0.28, 0.36, 0.6]}
{"t": 357.9, "x": -9955, "y": -8684, "h": 351.1, "d5": 0.407, "d6": "tick=106886 goal=0 here=0", "l": [1.56, 0.88, 0.39, 0.25, 0.21, 0.72, 1.53, 1.17, 0.54, 0.55, 0.39, 0.35, 0.25, 0.25, 0.34, 0.55]}
{"t": 358.1, "x": -9970, "y": -8586, "h": 351.6, "d5": 0.395, "d6": "tick=106910 goal=0 here=0", "l": [1.42, 1.08, 0.4, 0.3, 0.2, 0.24, 0.89, 1.23, 0.6, 0.62, 0.41, 0.32, 0.24, 0.28, 0.29, 0.49]}
