{"t": 0.1, "x": 1, "y": -29, "h": 358.1, "d5": 0.823, "sm": 0.823, "d6": "tick=179472 goal=0 here=0", "l": [0.92, 0.99, 0.6, 1.52, 0.85, 0.28, 0.13, 0.1, 0.14, 0.13, 0.13, 0.27, 0.64, 0.7, 0.59, 0.45]}
{"t": 0.3, "x": -2, "y": 21, "h": 356.4, "d5": 0.793, "sm": 0.816, "d6": "tick=179500 goal=0 here=0", "l": [0.89, 0.97, 0.61, 1.56, 0.82, 0.35, 0.15, 0.14, 0.14, 0.14, 0.15, 0.32, 0.66, 0.69, 0.59, 0.43]}
{"t": 0.5, "x": -12, "y": 116, "h": 354.2, "d5": 0.785, "sm": 0.808, "d6": "tick=179521 goal=0 here=0", "l": [0.84, 0.93, 0.64, 1.58, 0.82, 0.62, 0.28, 0.16, 0.22, 0.19, 0.23, 0.35, 0.63, 0.67, 0.54, 0.37]}
{"t": 0.8, "x": -22, "y": 211, "h": 354.0, "d5": 0.78, "sm": 0.801, "d6": "tick=179542 goal=0 here=0", "l": [0.88, 0.85, 0.61, 1.65, 0.88, 0.91, 0.36, 0.21, 0.25, 0.23, 0.29, 0.36, 0.62, 0.6, 0.49, 0.35]}
{"t": 1.7, "x": -27, "y": 216, "h": 76.9, "d5": 0.788, "sm": 0.798, "d6": "tick=179634 goal=0 here=0", "l": [0.91, 0.9, 0.37, 0.22, 0.22, 0.23, 0.29, 0.38, 0.68, 0.65, 0.51, 0.34, 2.38, 0.77, 0.8, 1.72]}
{"t": 2.0, "x": 59, "y": 235, "h": 77.8, "d5": 0.771, "sm": 0.791, "d6": "tick=179662 goal=0 here=0", "l": [0.87, 0.88, 0.4, 0.24, 0.23, 0.27, 0.28, 0.41, 0.71, 0.68, 0.55, 0.36, 2.43, 0.73, 0.58, 1.65]}
{"t": 2.2, "x": 152, "y": 256, "h": 77.2, "d5": 0.758, "sm": 0.783, "d6": "tick=179683 goal=0 here=0", "l": [0.83, 0.82, 0.51, 0.31, 0.21, 0.24, 0.3, 0.46, 0.74, 0.72, 0.58, 1.14, 2.42, 0.78, 0.53, 1.73]}
{"t": 2.4, "x": 240, "y": 275, "h": 77.7, "d5": 0.748, "sm": 0.774, "d6": "tick=179703 goal=0 here=0", "l": [0.78, -1.0, 0.53, 0.32, 0.27, 0.22, 0.32, 0.47, 0.8, 0.76, 0.44, 1.17, 0.8, 0.78, 0.51, 1.7]}
{"t": 2.6, "x": 334, "y": 304, "h": 72.6, "d5": 0.718, "sm": 0.76, "d6": "tick=179723 goal=0 here=0", "l": [1.3, 0.68, 0.53, 0.3, 0.29, 0.21, 0.35, 0.44, 0.86, 0.78, 0.46, 1.19, 0.78, 0.81, 0.46, 1.68]}
{"t": 2.8, "x": 427, "y": 327, "h": 76.4, "d5": 0.713, "sm": 0.748, "d6": "tick=179745 goal=0 here=0", "l": [1.28, 0.59, 0.7, 0.36, 0.29, 0.29, 0.3, 0.47, 0.83, 0.85, 0.46, 1.21, 0.78, 0.78, 0.41, 1.62]}
{"t": 3.0, "x": 518, "y": 360, "h": 70.1, "d5": 0.694, "sm": 0.735, "d6": "tick=179765 goal=0 here=0", "l": [1.24, 0.56, 0.68, 0.42, 0.27, 0.3, 0.28, 0.45, 0.86, -1.0, 0.5, 1.22, 0.79, 0.74, 0.3, 1.6]}
{"t": 3.2, "x": 605, "y": 388, "h": 72.3, "d5": 0.673, "sm": 0.719, "d6": "tick=179786 goal=0 here=0", "l": [1.19, 0.55, 0.65, 0.44, 0.29, 0.3, 0.31, 0.5, 0.92, 0.92, 0.97, 1.26, 0.77, 0.71, 0.79, 1.53]}
{"t": 3.4, "x": 693, "y": 424, "h": 67.4, "d5": 0.659, "sm": 0.704, "d6": "tick=179807 goal=0 here=0", "l": [1.13, 0.5, 0.59, 0.42, 0.36, 0.3, 0.34, 0.51, 0.79, 0.97, 0.99, 1.29, 0.71, 0.38, 0.74, 1.5]}
{"t": 4.7, "x": 700, "y": 438, "h": 281.1, "d5": 0.65, "sm": 0.691, "d6": "tick=179939 goal=0 here=0", "l": [0.65, 1.12, 0.8, 0.71, 0.3, 0.74, 1.29, 0.54, 0.47, 0.62, 0.42, 0.33, 0.33, 0.38, 0.62, 0.99]}
{"t": 5.0, "x": 613, "y": 451, "h": 278.9, "d5": 0.66, "sm": 0.683, "d6": "tick=179962 goal=0 here=0", "l": [0.81, 1.07, 1.54, 0.67, 0.36, 0.73, 1.32, 1.13, 0.52, 0.65, 0.44, 0.33, 0.35, 0.35, 0.61, 0.96]}
{"t": 5.2, "x": 519, "y": 466, "h": 278.6, "d5": 0.649, "sm": 0.674, "d6": "tick=179983 goal=0 here=0", "l": [0.88, 0.99, 1.43, 0.64, 0.69, 0.24, 1.35, 1.22, 0.56, 0.71, 0.43, 0.33, 0.35, 0.4, 0.66, 0.92]}
{"t": 5.4, "x": 428, "y": 477, "h": 276.9, "d5": 0.672, "sm": 0.674, "d6": "tick=180003 goal=0 here=0", "l": [0.84, 0.94, 1.35, 0.72, 0.68, 0.34, 1.58, 1.27, 0.63, 0.74, 0.47, 0.35, 0.33, 0.42, 0.62, 0.88]}
{"t": 5.6, "x": 332, "y": 489, "h": 277.5, "d5": 0.679, "sm": 0.675, "d6": "tick=180024 goal=0 here=0", "l": [0.8, 0.88, 1.15, 0.69, 0.7, 0.39, 0.27, 1.29, 0.67, 0.77, 0.44, 0.37, 0.34, 0.42, 0.61, 0.82]}
{"t": 5.8, "x": 236, "y": 499, "h": 275.6, "d5": 0.679, "sm": 0.676, "d6": "tick=180045 goal=0 here=0", "l": [0.73, 0.31, 1.1, 0.68, 0.64, 0.6, 0.37, 1.32, 0.72, 0.82, 0.46, 0.39, 0.33, 0.43, 0.57, 0.76]}
{"t": 7.4, "x": 227, "y": 488, "h": 98.8, "d5": 0.679, "sm": 0.677, "d6": "tick=180202 goal=0 here=0", "l": [0.74, 0.6, 0.39, 0.34, 0.38, 0.46, 0.6, 0.76, 0.58, 0.87, 1.33, 0.69, 0.71, 0.43, 0.32, 1.28]}
{"t": 7.6, "x": 308, "y": 468, "h": 104.1, "d5": 0.675, "sm": 0.676, "d6": "tick=180224 goal=0 here=0", "l": [0.69, 0.62, 0.39, 0.38, 0.33, 0.43, 0.59, 0.78, 0.64, 0.92, 1.37, 0.71, 0.69, 0.41, 1.45, 1.27]}
{"t": 7.8, "x": 402, "y": 457, "h": 96.7, "d5": 0.668, "sm": 0.674, "d6": "tick=180245 goal=0 here=0", "l": [0.63, 0.71, 0.38, 0.37, 0.33, 0.44, 0.62, 0.8, 0.7, -1.0, 1.41, 0.69, 0.69, 0.37, 1.43, 1.23]}
{"t": 8.0, "x": 497, "y": 440, "h": 100.3, "d5": 0.645, "sm": 0.667, "d6": "tick=180266 goal=0 here=0", "l": [0.57, 0.73, 0.43, 0.32, 0.34, 0.43, 0.63, 0.91, 0.88, 1.02, 1.44, 0.66, 0.71, 0.27, 1.38, 1.19]}
{"t": 8.2, "x": 593, "y": 427, "h": 97.8, "d5": 0.651, "sm": 0.663, "d6": "tick=180286 goal=0 here=0", "l": [0.53, 0.66, 0.44, 0.32, 0.34, 0.33, 0.57, 0.97, 0.91, 1.06, 1.49, 0.66, 0.39, 0.77, 1.34, 1.13]}
{"t": 8.4, "x": 684, "y": 423, "h": 92.2, "d5": 0.656, "sm": 0.661, "d6": "tick=180307 goal=0 here=0", "l": [0.48, 0.6, 0.4, 0.31, 0.31, 0.35, 0.56, 1.03, 0.95, 1.11, 1.53, 0.69, 0.37, 0.75, 1.3, 0.54]}
{"t": 9.9, "x": 692, "y": 429, "h": 265.8, "d5": 0.656, "sm": 0.66, "d6": "tick=180457 goal=0 here=0", "l": [0.98, 0.58, 1.19, 0.82, 0.73, 0.75, 0.81, 1.19, -1.0, 0.5, 0.58, 0.41, 0.31, 0.36, 0.36, 0.7]}
{"t": 10.1, "x": 607, "y": 416, "h": 261.4, "d5": 0.672, "sm": 0.663, "d6": "tick=180480 goal=0 here=0", "l": [0.94, 0.58, 1.12, 0.78, 0.73, 0.34, 0.83, 1.25, 0.61, 0.57, 0.48, 0.38, 0.3, 0.35, 0.45, 0.71]}
{"t": 10.3, "x": 515, "y": 405, "h": 262.8, "d5": 0.693, "sm": 0.67, "d6": "tick=180500 goal=0 here=0", "l": [0.87, 0.53, 1.06, 1.81, 0.68, 0.41, 0.82, 1.29, 0.64, 0.62, 0.51, 0.35, 0.33, 0.31, 0.44, 0.66]}
{"t": 10.5, "x": 421, "y": 385, "h": 258.3, "d5": 0.695, "sm": 0.677, "d6": "tick=180521 goal=0 here=0", "l": [0.83, 0.68, 1.0, 1.54, 0.66, 0.68, 0.28, 1.38, 0.66, 0.69, 0.48, 0.32, 0.31, 0.3, 0.42, 0.62]}
{"t": 10.8, "x": 306, "y": 363, "h": 259.1, "d5": 0.716, "sm": 0.686, "d6": "tick=180542 goal=0 here=0", "l": [0.77, 0.69, 0.96, 1.47, 0.74, 0.73, 0.4, 1.48, 0.73, 0.75, 0.53, 0.33, 0.32, 0.29, 0.39, 0.56]}
{"t": 11.0, "x": 210, "y": 348, "h": 261.0, "d5": 0.733, "sm": 0.698, "d6": "tick=180568 goal=0 here=0", "l": [0.7, 0.72, 0.38, 1.34, 0.76, 0.78, 0.45, 1.52, 0.8, 0.79, 0.55, 0.35, 0.26, 0.32, 0.38, 0.51]}
{"t": 11.5, "x": 198, "y": 343, "h": 224.1, "d5": 0.73, "sm": 0.706, "d6": "tick=180614 goal=0 here=0", "l": [0.43, 0.72, 0.78, 0.57, 0.95, 1.77, 0.69, 0.75, 0.44, 1.39, 0.75, 0.81, 0.38, 0.33, 0.26, 0.35]}
{"t": 12.7, "x": 204, "y": 335, "h": 95.2, "d5": 0.738, "sm": 0.714, "d6": "tick=180735 goal=0 here=0", "l": [0.73, 0.58, 0.36, 0.29, 0.27, 0.33, 0.48, 0.8, 0.72, 0.39, 1.13, 0.75, 0.73, 0.5, 1.71, 1.4]}
{"t": 12.9, "x": 290, "y": 329, "h": 94.4, "d5": 0.733, "sm": 0.719, "d6": "tick=180758 goal=0 here=0", "l": [0.69, 0.58, 0.33, 0.29, 0.24, 0.32, 0.49, 0.84, 0.78, 0.42, 1.15, 0.75, 0.75, 0.47, 1.68, 1.36]}
{"t": 13.1, "x": 386, "y": 317, "h": 97.0, "d5": 0.728, "sm": 0.721, "d6": "tick=180778 goal=0 here=0", "l": [0.62, 0.72, 0.34, 0.28, 0.26, 0.3, 0.45, 0.82, 0.83, 0.47, 1.19, 0.79, 0.78, 0.43, -1.0, 1.31]}
{"t": 13.3, "x": 481, "y": 311, "h": 93.7, "d5": 0.715, "sm": 0.72, "d6": "tick=180800 goal=0 here=0", "l": [0.57, 0.7, 0.4, 0.26, 0.3, 0.27, 0.43, 0.84, 0.9, 0.49, 1.24, 0.81, 0.77, 0.39, 1.64, 1.27]}
{"t": 13.5, "x": 574, "y": 312, "h": 89.1, "d5": 0.71, "sm": 0.717, "d6": "tick=180820 goal=0 here=0", "l": [0.51, 0.63, 0.39, 0.26, 0.26, 0.27, 0.45, 0.67, 0.93, 0.54, 1.26, 0.83, 0.77, 0.81, 1.59, 1.22]}
{"t": 13.8, "x": 714, "y": 313, "h": 89.6, "d5": 0.702, "sm": 0.713, "d6": "tick=180841 goal=0 here=0", "l": [0.48, 0.63, 0.39, 0.28, 0.24, 0.29, 0.38, 0.68, 1.01, 0.58, 1.31, 0.83, 0.73, 0.8, 1.54, 1.19]}
{"t": 14.2, "x": 845, "y": 316, "h": 88.8, "d5": 0.693, "sm": 0.708, "d6": "tick=180877 goal=0 here=0", "l": [0.43, 0.54, 0.36, 0.34, 0.26, 0.28, 0.36, 0.75, 1.09, 0.64, 1.37, 0.78, -1.0, 0.76, 1.5, 1.12]}
{"t": 15.8, "x": 865, "y": 325, "h": 262.2, "d5": 0.698, "sm": 0.706, "d6": "tick=181041 goal=0 here=0", "l": [1.06, 0.71, 1.25, 0.88, 0.31, 0.77, 2.55, 1.09, 0.43, 0.43, 0.54, 0.33, 0.29, 0.28, 0.35, 0.57]}
{"t": 16.0, "x": 780, "y": 307, "h": 258.0, "d5": 0.693, "sm": 0.703, "d6": "tick=181065 goal=0 here=0", "l": [1.03, 0.87, 1.19, 0.85, 0.78, 0.8, 2.62, 1.16, 0.49, 0.49, 0.52, 0.32, 0.26, 0.27, 0.33, 0.55]}
{"t": 16.2, "x": 686, "y": 290, "h": 259.7, "d5": 0.728, "sm": 0.709, "d6": "tick=181086 goal=0 here=0", "l": [1.01, 0.85, 1.14, 1.88, 0.8, 0.79, 0.85, 1.23, 0.53, 0.54, 0.45, 0.34, 0.24, 0.27, 0.3, 0.53]}
{"t": 16.4, "x": 592, "y": 269, "h": 257.7, "d5": 0.752, "sm": 0.72, "d6": "tick=181107 goal=0 here=0", "l": [0.98, 0.95, 1.11, 1.64, 0.75, 0.43, 0.84, 1.29, 0.6, 0.59, 0.45, 0.3, 0.24, 0.26, 0.27, 0.49]}
{"t": 16.7, "x": 474, "y": 250, "h": 260.5, "d5": 0.75, "sm": 0.727, "d6": "tick=181133 goal=0 here=0", "l": [0.95, 0.85, 0.46, 1.54, 0.75, 0.48, 0.87, 1.4, 0.64, 0.65, 0.43, 0.27, 0.26, 0.25, 0.25, 0.45]}
{"t": 16.9, "x": 375, "y": 222, "h": 254.4, "d5": 0.769, "sm": 0.738, "d6": "tick=181153 goal=0 here=0", "l": [0.85, 0.78, 0.48, 1.43, 0.83, 0.79, 0.34, 1.48, 0.72, 0.72, 0.45, 0.24, 0.25, 0.2, 0.31, 0.45]}
{"t": 17.1, "x": 271, "y": 201, "h": 258.4, "d5": 0.802, "sm": 0.754, "d6": "tick=181179 goal=0 here=0", "l": [0.81, 0.78, 0.45, 1.21, 0.8, 0.84, 0.51, 1.53, 0.77, 0.76, 0.49, 0.28, 0.2, 0.2, 0.29, 0.43]}
{"t": 17.3, "x": 178, "y": 176, "h": 255.2, "d5": 0.81, "sm": 0.768, "d6": "tick=181200 goal=0 here=0", "l": [0.76, 0.74, 0.59, 0.36, 2.48, 0.81, 0.54, 1.59, 0.82, 0.8, 0.37, 0.28, 0.17, 0.19, 0.29, 0.42]}
{"t": 17.5, "x": 84, "y": 153, "h": 256.3, "d5": 0.822, "sm": 0.781, "d6": "tick=181220 goal=0 here=0", "l": [0.65, 0.71, 0.57, 0.38, 2.3, 0.78, 0.62, 1.81, 0.87, 0.86, 0.37, 0.23, 0.16, 0.22, 0.25, 0.38]}
{"t": 17.8, "x": -7, "y": 126, "h": 253.3, "d5": 0.833, "sm": 0.794, "d6": "tick=181242 goal=0 here=0", "l": [0.6, 0.65, 0.65, 0.37, 2.0, 0.81, 0.82, 1.85, 0.93, 0.92, 0.36, 0.17, 0.22, 0.2, 0.23, 0.34]}
{"t": 19.3, "x": -16, "y": 114, "h": 66.0, "d5": 0.841, "sm": 0.806, "d6": "tick=181397 goal=0 here=0", "l": [1.51, 0.85, 0.59, 0.21, 0.18, 0.2, 0.21, 0.26, 0.36, 0.58, 0.64, 0.53, 0.37, 0.84, 0.91, 0.62]}
{"t": 19.5, "x": 59, "y": 149, "h": 64.6, "d5": 0.83, "sm": 0.812, "d6": "tick=181419 goal=0 here=0", "l": [1.51, 0.77, 0.6, 0.31, 0.17, 0.22, 0.22, 0.3, 0.4, 0.63, 0.67, 0.39, 1.48, 0.82, 0.86, 0.57]}
{"t": 19.7, "x": 147, "y": 189, "h": 65.8, "d5": 0.823, "sm": 0.815, "d6": "tick=181440 goal=0 here=0", "l": [1.47, 0.77, 0.61, 0.33, 0.23, 0.19, 0.27, 0.31, 0.45, 0.69, 0.72, -1.0, 1.51, 0.84, 0.82, 0.49]}
{"t": 19.9, "x": 232, "y": 233, "h": 62.8, "d5": 0.819, "sm": 0.816, "d6": "tick=181461 goal=0 here=0", "l": [1.43, 0.73, 0.8, 0.34, 0.28, 0.21, 0.27, 0.32, 0.47, 0.73, 0.76, 0.4, 1.54, 0.8, 0.83, 0.42]}
{"t": 20.1, "x": 311, "y": 279, "h": 59.5, "d5": 0.807, "sm": 0.814, "d6": "tick=181481 goal=0 here=0", "l": [1.39, 0.73, 0.75, 0.43, 0.29, 0.25, 0.26, 0.36, 0.53, 0.77, 0.7, 0.38, 1.54, 0.76, 0.8, 0.36]}
{"t": 20.4, "x": 397, "y": 323, "h": 62.7, "d5": 0.803, "sm": 0.811, "d6": "tick=181502 goal=0 here=0", "l": [1.38, 0.7, 0.74, 0.47, 0.29, 0.27, 0.27, 0.39, 0.58, 0.8, 0.69, 1.0, 1.55, 0.71, 0.69, 0.87]}
{"t": 20.6, "x": 494, "y": 371, "h": 63.6, "d5": 0.782, "sm": 0.804, "d6": "tick=181523 goal=0 here=0", "l": [1.33, 0.64, 0.67, 0.48, 0.33, 0.31, 0.29, 0.41, 0.63, 0.84, 0.69, 1.03, 1.6, 0.67, 0.43, 0.82]}
{"t": 20.8, "x": 584, "y": 432, "h": 56.2, "d5": 0.761, "sm": 0.793, "d6": "tick=181549 goal=0 here=0", "l": [1.34, 0.61, 0.54, 0.66, 0.4, 0.3, 0.35, 0.44, 0.69, 0.9, 0.56, 1.05, 1.79, 0.67, 0.35, 0.78]}
{"t": 21.0, "x": 662, "y": 484, "h": 56.3, "d5": 0.752, "sm": 0.783, "d6": "tick=181570 goal=0 here=0", "l": [1.29, 0.55, 0.51, 0.65, 0.45, 0.36, 0.4, 0.4, 0.72, 0.97, 0.55, 1.1, 0.74, 0.68, 0.31, 0.72]}
{"t": 21.2, "x": 739, "y": 535, "h": 56.3, "d5": 0.74, "sm": 0.772, "d6": "tick=181590 goal=0 here=0", "l": [1.27, 1.04, 0.49, 0.61, 0.48, 0.38, 0.4, 0.44, 0.77, 1.01, 0.56, 1.12, 0.74, 0.67, 0.65, 0.69]}
{"t": 21.4, "x": 820, "y": 588, "h": 57.0, "d5": 0.715, "sm": 0.758, "d6": "tick=181611 goal=0 here=0", "l": [1.2, 1.05, 0.46, 0.57, 0.48, 0.44, 0.41, 0.46, 0.81, 1.03, 0.81, 1.16, 0.76, 0.12, 0.61, 0.64]}
{"t": 21.7, "x": 894, "y": 648, "h": 50.7, "d5": 0.717, "sm": 0.748, "d6": "tick=181632 goal=0 here=0", "l": [1.14, 1.02, 0.45, 0.44, 0.6, 0.45, 0.44, 0.51, 0.79, 1.09, 1.05, 1.21, 0.09, 0.16, 0.61, 0.59]}
{"t": 22.9, "x": 899, "y": 664, "h": 282.8, "d5": 0.728, "sm": 0.743, "d6": "tick=181753 goal=0 here=0", "l": [1.03, 1.28, 0.13, 0.36, 0.59, 0.63, 1.14, 0.96, 0.44, 0.49, 0.56, 0.49, 0.45, 0.53, 0.9, 1.14]}
{"t": 23.1, "x": 805, "y": 684, "h": 282.2, "d5": 0.722, "sm": 0.738, "d6": "tick=181776 goal=0 here=0", "l": [1.05, 1.28, 0.12, 0.35, 0.6, 0.63, 1.11, 0.94, 0.45, 0.57, 0.54, 0.47, 0.45, 0.53, 0.88, 1.12]}
{"t": 23.4, "x": 704, "y": 723, "h": 290.8, "d5": 0.716, "sm": 0.732, "d6": "tick=181802 goal=0 here=0", "l": [1.12, 1.44, 0.1, 0.39, 0.59, 2.25, 1.05, 0.51, 0.44, 0.6, 0.5, 0.48, 0.49, 0.65, 1.09, 1.03]}
{"t": 23.6, "x": 616, "y": 762, "h": 293.8, "d5": 0.739, "sm": 0.734, "d6": "tick=181823 goal=0 here=0", "l": [1.12, 1.46, 0.13, 0.56, 0.59, 1.43, 1.03, 0.43, 0.43, 0.61, 0.47, 0.45, 0.5, 0.67, 1.12, 1.07]}
{"t": 23.8, "x": 533, "y": 798, "h": 293.7, "d5": 0.711, "sm": 0.728, "d6": "tick=181843 goal=0 here=0", "l": [1.12, 0.75, 0.14, 0.56, 0.57, 1.35, 0.98, 0.44, 0.43, 0.64, 0.48, 0.45, 0.51, 0.68, 1.17, 0.65]}
{"t": 24.0, "x": 447, "y": 839, "h": 295.5, "d5": 0.726, "sm": 0.728, "d6": "tick=181864 goal=0 here=0", "l": [1.14, 0.77, 0.13, 0.56, 0.59, 1.33, 0.97, 0.44, 0.42, 0.64, 0.48, 0.43, 0.52, 0.68, 1.2, 0.66]}
{"t": 24.2, "x": 360, "y": 881, "h": 295.7, "d5": 0.736, "sm": 0.73, "d6": "tick=181885 goal=0 here=0", "l": [1.12, -1.0, 0.13, 0.58, 0.58, 1.33, 0.98, 0.44, 0.42, 0.66, 0.49, 0.44, 0.52, 0.71, 1.14, 0.62]}
{"t": 25.3, "x": 352, "y": 877, "h": 40.8, "d5": 0.745, "sm": 0.734, "d6": "tick=181999 goal=0 here=0", "l": [2.16, 1.06, 0.42, 0.43, 0.61, 0.48, 0.47, 0.49, 0.68, 1.1, 1.05, 1.12, 1.43, 0.13, 0.57, 0.6]}
{"t": 25.6, "x": 427, "y": 952, "h": 44.8, "d5": 0.713, "sm": 0.728, "d6": "tick=182021 goal=0 here=0", "l": [2.11, 1.04, 0.93, 0.41, 0.59, 0.52, 0.49, 0.5, 0.69, 1.15, 1.06, 1.15, 0.13, 0.16, 0.54, 0.55]}
{"t": 25.8, "x": 492, "y": 1024, "h": 42.1, "d5": 0.692, "sm": 0.719, "d6": "tick=182047 goal=0 here=0", "l": [2.12, 0.97, 0.89, 0.37, 0.41, 0.62, 0.53, 0.54, 0.74, 1.2, 0.74, 0.12, 0.12, 0.29, 0.49, 0.51]}
{"t": 26.0, "x": 558, "y": 1093, "h": 44.1, "d5": 0.675, "sm": 0.708, "d6": "tick=182068 goal=0 here=0", "l": [0.53, 0.98, 0.89, 0.34, 0.41, 0.69, 0.59, 0.55, 0.71, 1.23, 0.15, 0.15, 0.27, 0.28, 0.49, 0.46]}
{"t": 26.2, "x": 615, "y": 1167, "h": 37.7, "d5": 0.659, "sm": 0.696, "d6": "tick=182088 goal=0 here=0", "l": [0.45, 0.97, 0.89, 0.39, 0.41, 0.65, 0.58, 0.61, 0.72, 1.27, 0.17, 0.17, 0.29, 0.32, 0.45, 0.4]}
{"t": 26.4, "x": 674, "y": 1240, "h": 38.5, "d5": 0.643, "sm": 0.683, "d6": "tick=182109 goal=0 here=0", "l": [0.4, 0.93, 0.81, 0.59, 0.36, 0.45, 0.64, 0.65, 0.76, 1.32, 0.2, 0.25, 0.27, 0.44, 0.4, 0.35]}
{"t": 26.6, "x": 731, "y": 1319, "h": 35.8, "d5": 0.647, "sm": 0.674, "d6": "tick=182130 goal=0 here=0", "l": [0.36, 0.87, 0.74, 0.83, 0.33, 0.44, 0.69, 0.7, 0.79, 0.29, 0.24, 0.3, 0.27, 0.4, 0.36, 0.32]}
{"t": 27.2, "x": 735, "y": 1324, "h": 75.9, "d5": 0.62, "sm": 0.66, "d6": "tick=182185 goal=0 here=0", "l": [0.79, 0.77, 0.37, 0.42, 0.75, 0.69, 0.79, 1.15, 0.23, 0.29, 0.28, 0.41, 0.36, 0.3, 0.31, 1.05]}
{"t": 27.5, "x": 813, "y": 1348, "h": 73.1, "d5": 0.615, "sm": 0.649, "d6": "tick=182212 goal=0 here=0", "l": [0.77, 0.72, 0.52, 0.33, 0.73, 0.71, 0.8, 1.2, 0.28, 0.31, 0.28, 0.42, 0.36, 0.29, 0.3, 1.01]}
{"t": 27.7, "x": 903, "y": 1377, "h": 71.7, "d5": 0.608, "sm": 0.639, "d6": "tick=182233 goal=0 here=0", "l": [0.69, 0.71, 0.5, 0.3, 0.44, 0.7, 0.78, 1.12, 0.34, -1.0, 0.34, 0.41, 0.36, 0.24, 0.29, 0.98]}
{"t": 27.9, "x": 1019, "y": 1410, "h": 74.5, "d5": 0.582, "sm": 0.625, "d6": "tick=182259 goal=0 here=0", "l": [0.65, 0.67, 0.49, 0.3, 0.38, 0.73, 0.78, 1.12, 0.39, 0.41, 0.41, 0.41, 0.28, 0.24, 1.39, 0.92]}
{"t": 28.1, "x": 1110, "y": 1439, "h": 71.9, "d5": 0.573, "sm": 0.612, "d6": "tick=182280 goal=0 here=0", "l": [0.59, 0.61, 0.68, 0.43, 0.25, 0.77, 0.81, 1.15, 0.45, 0.47, 0.47, 0.42, 0.25, 0.22, 1.34, 0.86]}
{"t": 28.3, "x": 1199, "y": 1474, "h": 68.6, "d5": 0.555, "sm": 0.598, "d6": "tick=182301 goal=0 here=0", "l": [0.55, 0.54, 0.6, 0.42, 0.27, 0.46, 0.86, 1.17, 0.51, 0.53, 0.55, 0.36, 0.21, 0.21, 1.9, 0.84]}
{"t": 28.5, "x": 1283, "y": 1509, "h": 67.3, "d5": 0.543, "sm": 0.584, "d6": "tick=182321 goal=0 here=0", "l": [0.51, 0.47, 0.53, 0.39, 0.34, 0.29, 0.85, 1.06, 0.55, 0.54, 0.6, 0.27, 0.18, 0.32, 1.85, 0.76]}
{"t": 28.8, "x": 1374, "y": 1540, "h": 71.4, "d5": 0.538, "sm": 0.572, "d6": "tick=182342 goal=0 here=0", "l": [0.47, 0.41, 0.49, 0.41, 0.39, 0.31, 0.84, 1.11, 0.6, 0.57, 0.59, 0.21, 0.18, 1.18, 1.83, 0.61]}
{"t": 29.0, "x": 1461, "y": 1581, "h": 64.7, "d5": 0.521, "sm": 0.56, "d6": "tick=182363 goal=0 here=0", "l": [0.42, 0.36, 0.47, 0.52, 0.38, 0.32, 0.85, 1.13, 0.65, 0.61, 0.57, 0.22, -1.0, 1.18, 1.81, 0.53]}
{"t": 29.2, "x": 1550, "y": 1620, "h": 66.5, "d5": 0.513, "sm": 0.548, "d6": "tick=182384 goal=0 here=0", "l": [0.39, 0.35, 0.42, 0.51, 0.35, 0.38, 0.37, 1.13, 0.74, 0.64, 0.58, 0.22, 0.31, 1.16, 1.77, 0.46]}
{"t": 30.8, "x": 1554, "y": 1633, "h": 251.7, "d5": 0.513, "sm": 0.539, "d6": "tick=182548 goal=0 here=0", "l": [0.68, 0.63, 0.27, 0.24, 0.55, 1.11, 1.78, 0.44, 0.35, 0.33, 0.43, 0.54, 0.38, 0.36, 0.92, 1.21]}
{"t": 31.0, "x": 1475, "y": 1597, "h": 245.2, "d5": 0.521, "sm": 0.535, "d6": "tick=182571 goal=0 here=0", "l": [0.66, 0.6, 0.52, 0.19, 0.28, 1.17, 1.78, 0.49, 0.4, 0.34, 0.45, 0.51, 0.39, 0.35, 0.89, 1.16]}
{"t": 31.3, "x": 1385, "y": 1562, "h": 249.0, "d5": 0.537, "sm": 0.535, "d6": "tick=182592 goal=0 here=0", "l": [0.61, 0.53, 0.54, 0.23, 0.24, 1.17, 1.82, 0.57, 0.47, 0.41, 0.48, 0.43, 0.42, 0.31, 0.87, 1.13]}
{"t": 31.5, "x": 1295, "y": 1527, "h": 248.8, "d5": 0.536, "sm": 0.535, "d6": "tick=182613 goal=0 here=0", "l": [0.57, 0.58, 0.57, 0.25, 0.2, 0.3, 1.26, 0.78, 0.53, 0.46, 0.51, 0.39, 0.39, 0.3, 0.88, 1.07]}
{"t": 31.7, "x": 1206, "y": 1490, "h": 246.9, "d5": 0.551, "sm": 0.539, "d6": "tick=182634 goal=0 here=0", "l": [0.53, 0.54, 0.54, 0.4, 0.2, 0.21, 1.29, 0.83, 0.57, 0.51, 0.55, 0.42, 0.33, 0.27, 0.84, 1.02]}
{"t": 32.1, "x": 1198, "y": 1485, "h": 229.4, "d5": 0.559, "sm": 0.544, "d6": "tick=182675 goal=0 here=0", "l": [1.22, 0.49, 0.49, 0.54, 0.33, 0.2, 0.19, 1.88, 0.67, 0.55, 0.55, 0.61, 0.42, 0.27, 0.49, 0.85]}
{"t": 32.3, "x": 1136, "y": 1424, "h": 225.7, "d5": 0.553, "sm": 0.546, "d6": "tick=182698 goal=0 here=0", "l": [1.14, 0.49, 0.47, 0.5, 0.42, 0.23, 0.22, 1.35, 0.84, 0.6, 0.58, 0.64, 0.41, 0.27, 0.5, 0.82]}
{"t": 32.6, "x": 1052, "y": 1341, "h": 225.2, "d5": 0.571, "sm": 0.553, "d6": "tick=182724 goal=0 here=0", "l": [0.97, 0.46, 0.45, 0.42, 0.45, 0.31, 0.25, 1.37, 0.92, 0.62, 0.64, 0.65, 0.38, 0.25, 0.74, 0.79]}
{"t": 32.8, "x": 984, "y": 1272, "h": 224.8, "d5": 0.585, "sm": 0.561, "d6": "tick=182745 goal=0 here=0", "l": [0.89, 1.52, 0.35, 0.41, 0.5, 0.41, 0.29, 0.33, 0.98, 0.7, 0.68, 0.43, 0.27, 0.32, 0.69, 0.74]}
{"t": 33.0, "x": 902, "y": 1188, "h": 224.2, "d5": 0.613, "sm": 0.574, "d6": "tick=182765 goal=0 here=0", "l": [0.83, 1.51, 0.33, 0.4, 0.49, 0.45, 0.35, 0.37, 1.01, 0.72, 0.7, 0.45, 0.24, 0.36, 0.64, 0.68]}
{"t": 33.2, "x": 837, "y": 1121, "h": 223.9, "d5": 0.618, "sm": 0.585, "d6": "tick=182791 goal=0 here=0", "l": [0.77, 1.37, 0.29, 0.34, 0.37, 0.49, 0.42, 0.39, 1.09, 0.79, 0.72, 0.28, 0.28, 0.34, 0.58, 0.63]}
{"t": 33.5, "x": 773, "y": 1052, "h": 223.1, "d5": 0.639, "sm": 0.598, "d6": "tick=182812 goal=0 here=0", "l": [0.69, 1.31, 0.27, 0.26, 0.35, 0.53, 0.47, 0.44, 1.15, 0.82, 0.75, 0.24, 0.3, 0.54, 0.53, 0.59]}
{"t": 33.7, "x": 710, "y": 976, "h": 219.5, "d5": 0.651, "sm": 0.612, "d6": "tick=182833 goal=0 here=0", "l": [0.67, 1.07, 1.22, 0.25, 0.35, 0.54, 0.53, 0.47, 1.23, 0.86, 0.77, 0.27, 0.32, 0.56, 0.51, 0.56]}
{"t": 33.9, "x": 652, "y": 907, "h": 220.1, "d5": 0.678, "sm": 0.628, "d6": "tick=182853 goal=0 here=0", "l": [0.61, 1.03, 1.2, 0.22, 0.22, 0.4, -1.0, 0.51, 2.07, 0.91, -1.0, 0.34, 0.3, 0.59, 0.46, 0.5]}
{"t": 34.1, "x": 590, "y": 832, "h": 219.4, "d5": 0.68, "sm": 0.641, "d6": "tick=182874 goal=0 here=0", "l": [0.56, 0.97, 1.23, 1.2, 0.2, 0.4, 0.6, 0.56, 2.27, 0.97, 0.33, 0.34, 0.33, 0.57, 0.43, 0.44]}
{"t": 34.3, "x": 531, "y": 757, "h": 218.1, "d5": 0.7, "sm": 0.656, "d6": "tick=182895 goal=0 here=0", "l": [0.53, 0.82, 1.2, 1.12, 1.37, 0.23, 0.63, 0.62, 2.41, 1.0, 0.34, 0.35, 0.45, 0.48, 0.42, 0.4]}
{"t": 34.5, "x": 468, "y": 684, "h": 221.0, "d5": 0.714, "sm": 0.67, "d6": "tick=182916 goal=0 here=0", "l": [0.46, 0.72, 1.12, 1.13, 1.38, 0.23, 0.51, 0.65, 2.49, 1.05, 0.39, 0.34, 0.49, 0.44, 0.39, -1.0]}
{"t": 34.7, "x": 422, "y": 605, "h": 210.1, "d5": 0.736, "sm": 0.687, "d6": "tick=182936 goal=0 here=0", "l": [0.41, 0.64, 1.09, 0.73, 1.26, 0.87, 0.48, 0.71, 2.6, 1.1, 0.42, 0.34, 0.52, 0.37, 0.35, 0.29]}
{"t": 36.3, "x": 425, "y": 593, "h": 19.8, "d5": 0.726, "sm": 0.697, "d6": "tick=183094 goal=0 here=0", "l": [0.72, 1.4, 1.03, 0.4, 0.41, 0.52, 0.34, 0.32, 0.31, 0.42, 0.85, 1.14, 1.14, 1.55, 0.24, 0.7]}
{"t": 36.5, "x": 456, "y": 673, "h": 21.1, "d5": 0.708, "sm": 0.699, "d6": "tick=183117 goal=0 here=0", "l": [0.63, 1.38, 0.96, 0.4, 0.35, 0.53, 0.38, 0.38, 0.36, 0.47, 0.9, 1.12, 1.2, 1.55, 0.27, 0.67]}
{"t": 36.7, "x": 486, "y": 761, "h": 19.0, "d5": 0.701, "sm": 0.7, "d6": "tick=183137 goal=0 here=0", "l": [0.6, 1.35, 0.96, 0.39, 0.34, 0.53, 0.42, 0.41, 0.39, 0.52, 0.93, 1.1, 1.21, 1.52, 0.25, 0.64]}
{"t": 36.9, "x": 520, "y": 851, "h": 20.6, "d5": 0.687, "sm": 0.697, "d6": "tick=183157 goal=0 here=0", "l": [0.56, 1.32, 0.95, 0.34, 0.38, 0.5, 0.53, 0.46, 0.45, 0.57, 0.97, 1.11, 1.23, 0.18, 0.39, 0.59]}
{"t": 37.1, "x": 547, "y": 942, "h": 16.5, "d5": 0.678, "sm": 0.692, "d6": "tick=183179 goal=0 here=0", "l": [0.52, 2.08, 0.94, -1.0, 0.38, 0.36, 0.6, 0.5, 0.51, 0.6, 1.0, 1.12, 0.17, 0.18, 0.35, 0.56]}
{"t": 37.3, "x": 580, "y": 1032, "h": 19.9, "d5": 0.665, "sm": 0.685, "d6": "tick=183200 goal=0 here=0", "l": [0.46, 2.2, 0.95, 0.86, 0.35, 0.37, 0.65, 0.53, 0.54, 0.66, 1.22, 0.79, 0.17, 0.25, 0.33, 0.5]}
{"t": 38.5, "x": 575, "y": 1047, "h": 253.7, "d5": 0.647, "sm": 0.676, "d6": "tick=183314 goal=0 here=0", "l": [1.22, 0.16, 0.18, 0.3, 0.48, 0.49, 0.46, 1.0, 0.84, 0.41, 0.39, 0.56, 0.56, 0.57, 0.65, 0.92]}
{"t": 38.9, "x": 573, "y": 1046, "h": 237.0, "d5": 0.627, "sm": 0.664, "d6": "tick=183357 goal=0 here=0", "l": [1.03, 1.25, 0.16, 0.18, 0.3, 0.48, 0.48, 0.51, 1.02, 0.89, 0.34, 0.38, 0.6, 0.54, 0.55, 0.66]}
{"t": 39.2, "x": 481, "y": 988, "h": 237.6, "d5": 0.663, "sm": 0.663, "d6": "tick=183380 goal=0 here=0", "l": [0.96, 1.21, 0.14, 0.13, 0.28, 0.52, 0.51, 0.52, 1.07, 0.91, 0.36, 0.4, 0.63, 0.53, 0.51, 0.61]}
{"t": 39.4, "x": 398, "y": 940, "h": 239.9, "d5": 0.684, "sm": 0.669, "d6": "tick=183405 goal=0 here=0", "l": [0.92, 1.15, 1.05, 0.09, 0.13, 0.34, 0.6, 0.56, 1.11, 0.99, 0.44, 0.43, 0.65, 0.49, 0.47, 0.56]}
{"t": 39.6, "x": 323, "y": 886, "h": 234.9, "d5": 0.69, "sm": 0.674, "d6": "tick=183426 goal=0 here=0", "l": [0.88, 1.1, 1.03, 1.25, 0.11, 0.35, 0.59, 0.58, 1.14, 1.01, 0.45, 0.45, 0.6, 0.49, 0.44, 0.52]}
{"t": 39.8, "x": 245, "y": 831, "h": 234.4, "d5": 0.695, "sm": 0.679, "d6": "tick=183447 goal=0 here=0", "l": [0.81, 1.08, 1.0, 1.19, 0.73, 0.14, 0.61, 0.64, 1.19, 1.05, 0.47, 0.55, 0.5, 0.47, 0.42, 0.5]}
{"t": 40.0, "x": 166, "y": 775, "h": 234.9, "d5": 0.719, "sm": 0.689, "d6": "tick=183468 goal=0 here=0", "l": [0.78, 1.01, 0.57, 1.11, 0.74, 0.67, 0.22, 0.64, 1.23, 1.08, 0.47, 0.62, 0.47, 0.42, 0.41, 0.44]}
{"t": 40.3, "x": 66, "y": 712, "h": 237.4, "d5": 0.728, "sm": 0.699, "d6": "tick=183489 goal=0 here=0", "l": [0.71, 0.96, 0.58, 1.1, 1.55, 0.64, 0.32, 0.71, 1.26, 1.15, 0.52, 0.68, 0.48, 0.37, 0.38, 0.39]}
{"t": 40.5, "x": -9, "y": 651, "h": 231.2, "d5": 0.723, "sm": 0.705, "d6": "tick=183515 goal=0 here=0", "l": [0.62, 0.94, 0.92, 1.02, 1.46, 0.64, 0.69, 0.76, 1.34, 1.18, 0.53, 0.67, 0.46, 0.35, 0.37, 0.34]}
{"t": 41.1, "x": -13, "y": 647, "h": 287.2, "d5": 0.722, "sm": 0.709, "d6": "tick=183575 goal=0 here=0", "l": [0.49, 1.15, 0.75, 0.71, 0.34, 0.81, 1.24, 0.59, 0.63, 0.5, 0.37, 0.33, 0.33, 0.5, 0.69, 0.96]}
{"t": 41.4, "x": -116, "y": 683, "h": 289.2, "d5": 0.73, "sm": 0.714, "d6": "tick=183603 goal=0 here=0", "l": [0.46, 1.05, 0.72, 0.66, 0.36, 0.79, 1.27, 0.65, 0.67, 0.53, 0.38, 0.38, 0.33, 0.49, 0.72, 0.93]}
{"t": 41.6, "x": -209, "y": 708, "h": 285.0, "d5": 0.733, "sm": 0.719, "d6": "tick=183624 goal=0 here=0", "l": [0.4, 0.98, 1.72, 0.59, 0.69, 0.34, 1.4, 0.7, 0.71, 0.56, 0.4, 0.39, 0.38, 0.51, 0.82, 0.87]}
{"t": 41.8, "x": -299, "y": 729, "h": 283.6, "d5": 0.723, "sm": 0.72, "d6": "tick=183644 goal=0 here=0", "l": [0.35, 0.92, 1.46, 0.6, 0.66, 0.39, 1.46, 0.74, 0.72, 0.6, 0.41, 0.37, 0.44, 0.54, 0.81, 0.81]}
{"t": 43.4, "x": -306, "y": 723, "h": 77.3, "d5": 0.717, "sm": 0.719, "d6": "tick=183801 goal=0 here=0", "l": [1.33, 0.7, 0.81, 0.43, 0.39, 0.37, 0.45, 0.58, 0.8, 0.63, 0.89, 1.29, 0.68, 0.71, 0.4, 0.31]}
{"t": 43.7, "x": -308, "y": 723, "h": 90.4, "d5": 0.714, "sm": 0.718, "d6": "tick=183839 goal=0 here=0", "l": [0.75, 0.83, 0.56, 0.41, 0.33, 0.44, 0.58, 0.84, 0.72, 0.29, 1.09, 0.65, 0.6, 0.61, 0.38, 1.34]}
{"t": 43.9, "x": -222, "y": 721, "h": 91.7, "d5": 0.696, "sm": 0.712, "d6": "tick=183860 goal=0 here=0", "l": [0.71, 0.78, 0.56, 0.38, 0.36, 0.46, 0.62, 0.89, 0.77, 0.81, 1.11, 0.68, 0.64, 0.58, 0.3, 1.28]}
{"t": 44.1, "x": -125, "y": 715, "h": 93.2, "d5": 0.693, "sm": 0.708, "d6": "tick=183881 goal=0 here=0", "l": [0.68, 0.72, 0.54, 0.38, 0.4, 0.39, 0.56, 0.93, 0.82, 0.85, 1.15, 0.68, 0.69, 0.34, 0.24, 1.25]}
{"t": 44.3, "x": -31, "y": 717, "h": 88.9, "d5": 0.676, "sm": 0.7, "d6": "tick=183902 goal=0 here=0", "l": [0.62, 0.63, 0.55, 0.4, 0.39, 0.38, 0.52, 0.92, 0.88, 0.88, 1.19, 0.71, 0.68, 0.32, 0.79, 1.22]}
{"t": 44.6, "x": 62, "y": 723, "h": 86.4, "d5": 0.654, "sm": 0.688, "d6": "tick=183922 goal=0 here=0", "l": [0.56, 0.55, 0.62, 0.43, 0.36, 0.39, 0.55, 0.93, 0.93, 0.94, 1.23, 0.71, 0.65, 0.21, 0.79, 1.19]}
{"t": 44.8, "x": 158, "y": 730, "h": 85.6, "d5": 0.638, "sm": 0.676, "d6": "tick=183943 goal=0 here=0", "l": [0.51, 0.46, 0.64, 0.44, 0.39, 0.43, 0.55, 0.78, 1.02, 0.98, 1.25, 0.7, 0.34, 0.69, 0.77, 1.14]}
{"t": 45.0, "x": 254, "y": 740, "h": 84.1, "d5": 0.638, "sm": 0.666, "d6": "tick=183964 goal=0 here=0", "l": [0.47, 0.42, 0.6, 0.43, 0.41, 0.4, 0.45, 0.82, 1.09, 1.02, 1.3, 0.66, 0.22, 0.68, 2.39, 1.11]}
{"t": 45.3, "x": 411, "y": 761, "h": 82.6, "d5": 0.622, "sm": 0.655, "d6": "tick=183990 goal=0 here=0", "l": [0.4, 0.39, 0.56, 0.43, 0.42, 0.38, 0.48, 0.86, 1.17, 1.07, 1.31, 0.17, 0.45, 0.66, 2.41, 1.07]}
{"t": 45.5, "x": 516, "y": 781, "h": 79.3, "d5": 0.592, "sm": 0.639, "d6": "tick=184022 goal=0 here=0", "l": [0.31, 0.32, 0.36, 0.49, 0.39, 0.42, 0.52, 0.83, 1.2, 1.14, 0.2, 0.39, 0.64, 0.58, 2.37, 0.98]}
{"t": 47.0, "x": 520, "y": 792, "h": 251.3, "d5": 0.572, "sm": 0.623, "d6": "tick=184169 goal=0 here=0", "l": [1.19, 1.15, 1.26, 0.21, 0.44, 0.62, 0.61, 1.08, 0.92, 0.34, 0.29, 0.49, 0.44, 0.42, 0.42, 0.55]}
{"t": 47.3, "x": 440, "y": 759, "h": 247.9, "d5": 0.565, "sm": 0.608, "d6": "tick=184192 goal=0 here=0", "l": [1.14, 1.12, 1.21, 0.18, 0.43, 0.63, 0.62, 1.17, 0.97, 0.37, 0.33, 0.53, 0.41, 0.41, 0.4, 0.53]}
{"t": 47.5, "x": 350, "y": 724, "h": 248.8, "d5": 0.593, "sm": 0.604, "d6": "tick=184212 goal=0 here=0", "l": [0.93, 1.05, 1.19, 1.53, 0.22, 0.65, 0.64, 1.38, 0.99, 0.42, 0.37, 0.59, 0.4, 0.39, 0.4, 0.5]}
{"t": 47.7, "x": 265, "y": 687, "h": 246.3, "d5": 0.602, "sm": 0.604, "d6": "tick=184233 goal=0 here=0", "l": [0.82, 1.04, 1.1, 1.49, 0.68, 0.49, 0.67, 1.44, 1.06, 0.47, 0.47, 0.56, 0.41, 0.36, 0.39, 0.45]}
{"t": 47.9, "x": 179, "y": 647, "h": 245.0, "d5": 0.593, "sm": 0.601, "d6": "tick=184254 goal=0 here=0", "l": [0.77, 1.06, 1.01, 1.29, 0.7, 0.37, 0.73, 1.49, 1.08, 0.51, 0.52, 0.56, 0.4, -1.0, 0.37, 0.46]}
{"t": 48.1, "x": 91, "y": 607, "h": 245.9, "d5": 0.618, "sm": 0.605, "d6": "tick=184275 goal=0 here=0", "l": [0.72, 1.01, 0.55, 1.24, 0.79, 0.72, 0.77, 2.32, 1.14, 0.54, 0.6, 0.43, 0.38, 0.3, 0.34, 0.46]}
{"t": 48.8, "x": 81, "y": 598, "h": 188.9, "d5": 0.611, "sm": 0.607, "d6": "tick=184345 goal=0 here=0", "l": [0.32, 0.34, 0.52, 1.03, 0.91, 1.07, 1.47, 0.68, 0.41, 0.76, 1.32, 1.16, 0.5, 0.62, 0.42, 0.32]}
{"t": 49.9, "x": 88, "y": 601, "h": 295.6, "d5": 0.591, "sm": 0.603, "d6": "tick=184453 goal=0 here=0", "l": [0.96, 1.27, 0.78, 0.7, 0.78, 1.53, 1.15, 0.52, 0.62, 0.41, 0.34, 0.3, 0.33, 0.51, 0.75, 0.98]}
{"t": 50.1, "x": -15, "y": 638, "h": 289.7, "d5": 0.583, "sm": 0.598, "d6": "tick=184481 goal=0 here=0", "l": [0.93, 1.22, 0.76, 0.71, 0.21, 1.57, 1.16, 0.58, 0.66, 0.46, 0.36, 0.34, 0.33, 0.51, 0.91, 0.92]}
{"t": 50.3, "x": -105, "y": 674, "h": 291.6, "d5": 0.592, "sm": 0.596, "d6": "tick=184502 goal=0 here=0", "l": [0.39, 1.17, 0.71, 0.69, 0.36, 0.84, 1.26, 0.65, 0.68, 0.51, 0.37, 0.38, 0.33, 0.53, 0.87, 0.86]}
{"t": 50.6, "x": -189, "y": 708, "h": 292.0, "d5": 0.606, "sm": 0.599, "d6": "tick=184522 goal=0 here=0", "l": [0.41, 1.09, 0.69, 0.65, 0.58, 0.29, 1.31, 0.7, 0.74, 0.54, 0.37, 0.38, 0.4, 0.53, 0.85, 0.81]}
{"t": 50.8, "x": -281, "y": 739, "h": 288.9, "d5": 0.595, "sm": 0.598, "d6": "tick=184543 goal=0 here=0", "l": [0.37, 0.98, 1.71, 0.58, 0.67, 0.38, 1.37, 0.72, 0.78, 0.59, 0.4, 0.39, 0.44, 0.56, 0.86, 0.77]}
{"t": 51.0, "x": -372, "y": 769, "h": 288.1, "d5": 0.615, "sm": 0.602, "d6": "tick=184564 goal=0 here=0", "l": [0.3, 0.89, 1.64, 0.61, 0.66, 0.4, 0.31, 0.78, 0.8, 0.65, 0.45, 0.37, 0.45, 0.57, 0.85, 0.71]}
{"t": 52.6, "x": -384, "y": 763, "h": 96.9, "d5": 0.576, "sm": 0.596, "d6": "tick=184721 goal=0 here=0", "l": [0.74, 0.86, 0.46, 0.41, 0.43, 0.5, 0.75, 0.77, 0.37, 0.83, 1.25, 0.62, 0.62, 0.58, 0.38, 1.37]}
{"t": 52.8, "x": -298, "y": 751, "h": 98.2, "d5": 0.576, "sm": 0.591, "d6": "tick=184744 goal=0 here=0", "l": [0.7, 0.81, 0.46, 0.42, 0.4, 0.47, 0.6, 0.79, 0.4, 0.89, 1.29, 0.67, 0.66, -1.0, 0.29, 1.32]}
{"t": 53.0, "x": -208, "y": 732, "h": 101.7, "d5": 0.572, "sm": 0.586, "d6": "tick=184764 goal=0 here=0", "l": [0.66, 0.79, 0.49, 0.4, 0.36, 0.47, 0.62, 0.81, 0.47, 0.92, 1.32, 0.68, 0.64, 0.36, 0.22, 1.28]}
{"t": 53.2, "x": -114, "y": 718, "h": 98.3, "d5": 0.563, "sm": 0.58, "d6": "tick=184785 goal=0 here=0", "l": [0.62, 0.74, 0.49, 0.38, 0.37, 0.48, 0.67, 0.88, 0.7, 0.96, 1.39, 0.65, 0.65, 0.33, 1.56, 1.25]}
{"t": 53.4, "x": -19, "y": 704, "h": 98.6, "d5": 0.534, "sm": 0.569, "d6": "tick=184806 goal=0 here=0", "l": [0.58, 0.7, 0.49, 0.37, 0.4, 0.39, 0.69, 0.95, 0.77, 1.0, 1.41, 0.62, 0.64, 0.23, 1.53, 1.2]}
{"t": 53.6, "x": 73, "y": 698, "h": 93.3, "d5": 0.513, "sm": 0.555, "d6": "tick=184826 goal=0 here=0", "l": [0.52, 0.67, 0.48, 0.37, 0.36, 0.37, 0.62, 1.04, 0.97, 1.05, 1.45, 0.61, 0.32, 0.73, 1.46, 1.15]}
{"t": 55.1, "x": 84, "y": 707, "h": 263.9, "d5": 0.507, "sm": 0.543, "d6": "tick=184978 goal=0 here=0", "l": [1.01, 0.95, 1.18, 0.77, 0.66, 0.19, 0.74, 1.22, 0.55, 0.5, 0.67, 0.44, 0.36, 0.4, 0.53, 0.74]}
{"t": 55.3, "x": -5, "y": 704, "h": 268.2, "d5": 0.509, "sm": 0.534, "d6": "tick=185001 goal=0 here=0", "l": [-1.0, 0.49, 1.1, 0.74, 0.68, 0.32, 0.74, 1.28, 0.58, 0.54, 0.67, 0.44, 0.36, 0.39, 0.51, 0.71]}
{"t": 55.5, "x": -94, "y": 695, "h": 264.2, "d5": 0.519, "sm": 0.531, "d6": "tick=185021 goal=0 here=0", "l": [0.89, 0.49, 1.02, 1.75, 0.64, 0.41, 0.24, 1.37, 0.62, 0.59, 0.6, 0.4, 0.35, 0.34, 0.51, 0.68]}
{"t": 55.8, "x": -188, "y": 678, "h": 259.9, "d5": 0.518, "sm": 0.527, "d6": "tick=185042 goal=0 here=0", "l": [0.83, 0.47, 0.96, 1.48, 0.65, 0.69, 0.36, -1.0, 0.7, 0.65, 0.57, 0.39, 0.37, 0.32, 0.45, 0.62]}
{"t": 56.0, "x": -284, "y": 661, "h": 259.8, "d5": 0.527, "sm": 0.527, "d6": "tick=185063 goal=0 here=0", "l": [0.78, 0.63, 0.91, 1.43, 0.7, 0.7, 0.43, 1.46, 0.72, 0.71, 0.55, 0.39, 0.37, 0.35, 0.44, 0.57]}
{"t": 56.2, "x": -402, "y": 639, "h": 259.5, "d5": 0.536, "sm": 0.529, "d6": "tick=185084 goal=0 here=0", "l": [0.73, 0.61, 0.3, 1.32, 0.71, 0.74, 0.45, 0.32, 1.32, 0.75, 0.59, 0.41, 0.32, 0.36, 0.42, 0.56]}
{"t": 57.3, "x": -413, "y": 630, "h": 152.6, "d5": 0.541, "sm": 0.532, "d6": "tick=185190 goal=0 here=0", "l": [0.35, 0.32, 0.38, 0.52, 0.73, 0.77, 0.36, 0.89, 1.68, 0.71, 0.72, 0.47, 1.44, 0.82, 0.87, 0.45]}
{"t": 58.9, "x": -404, "y": 635, "h": 330.5, "d5": 0.53, "sm": 0.532, "d6": "tick=185351 goal=0 here=0", "l": [1.13, 0.68, 0.72, 0.47, 0.38, 1.35, 0.76, 0.61, 0.39, 0.33, 0.39, 0.43, 0.54, 0.7, 0.7, 0.31]}
{"t": 59.4, "x": -403, "y": 633, "h": 348.2, "d5": 0.539, "sm": 0.534, "d6": "tick=185398 goal=0 here=0", "l": [0.7, 0.67, 0.51, 0.37, 1.39, 0.72, 0.64, 0.41, 0.32, 0.36, 0.43, 0.5, 0.71, 0.69, 0.31, 1.08]}
{"t": 59.6, "x": -424, "y": 718, "h": 346.2, "d5": 0.521, "sm": 0.53, "d6": "tick=185429 goal=0 here=0", "l": [0.63, 0.62, 0.63, 0.41, 1.41, 0.75, 0.68, 0.46, -1.0, 0.41, 0.46, 0.56, 0.7, 0.58, 0.26, 1.08]}
{"t": 59.8, "x": -448, "y": 811, "h": 345.2, "d5": 0.519, "sm": 0.528, "d6": "tick=185450 goal=0 here=0", "l": [0.58, 0.54, 0.63, 0.41, 1.36, 0.81, 0.89, 0.5, 0.42, 0.46, 0.52, 0.74, 0.73, 0.3, 0.78, 1.01]}
{"t": 60.0, "x": -474, "y": 902, "h": 344.3, "d5": 0.514, "sm": 0.524, "d6": "tick=185471 goal=0 here=0", "l": [0.54, 0.5, 0.63, 0.37, 0.34, 0.83, 0.95, 0.58, 0.47, 0.5, 0.58, 0.76, 0.75, 0.26, 0.76, 0.98]}
{"t": 60.2, "x": -502, "y": 994, "h": 342.9, "d5": 0.513, "sm": 0.521, "d6": "tick=185492 goal=0 here=0", "l": [2.04, 0.5, 0.59, 0.48, 0.38, 0.84, 0.97, 0.67, 0.54, 0.54, 0.62, 0.78, 0.74, 0.65, 0.74, 0.93]}
{"t": 60.5, "x": -534, "y": 1082, "h": 340.0, "d5": 0.502, "sm": 0.517, "d6": "tick=185512 goal=0 here=0", "l": [1.95, 0.45, 0.55, 0.5, 0.39, 0.34, 0.97, 0.8, 0.58, 0.6, 0.67, 0.85, 0.18, 0.63, 0.71, 0.9]}
{"t": 60.7, "x": -567, "y": 1171, "h": 339.9, "d5": 0.522, "sm": 0.518, "d6": "tick=185533 goal=0 here=0", "l": [1.84, 0.42, 0.48, 0.5, 0.35, 0.39, 0.91, 0.82, 0.65, 0.62, 0.7, 0.88, 0.34, 0.57, 0.67, -1.0]}
{"t": 60.9, "x": -599, "y": 1274, "h": 342.6, "d5": 0.493, "sm": 0.512, "d6": "tick=185554 goal=0 here=0", "l": [1.61, 0.39, 0.35, 0.53, 0.4, 0.41, 0.91, 0.9, 0.71, 0.69, 0.73, 0.22, 0.36, 0.56, 0.62, 0.8]}
{"t": 61.1, "x": -636, "y": 1374, "h": 340.0, "d5": 0.497, "sm": 0.508, "d6": "tick=185580 goal=0 here=0", "l": [1.5, 0.34, 0.29, 0.46, 0.49, 0.39, 0.45, 0.97, 0.77, 0.75, 0.76, 0.36, 0.59, 0.55, 0.59, 0.75]}
{"t": 62.6, "x": -650, "y": 1381, "h": 189.9, "d5": 0.509, "sm": 0.508, "d6": "tick=185722 goal=0 here=0", "l": [0.72, 0.24, 0.35, 0.58, -1.0, 0.62, 0.96, 2.26, 0.32, 0.29, 0.51, 0.46, 0.44, 1.03, 0.9, 0.69]}
{"t": 63.7, "x": -642, "y": 1384, "h": 299.0, "d5": 0.496, "sm": 0.505, "d6": "tick=185835 goal=0 here=0", "l": [0.61, 0.91, 1.77, 0.32, 0.28, 0.47, 0.48, 0.44, 0.95, 0.94, 0.73, 0.72, 0.24, 0.36, 0.62, 0.57]}
{"t": 64.0, "x": -739, "y": 1436, "h": 298.3, "d5": 0.498, "sm": 0.503, "d6": "tick=185863 goal=0 here=0", "l": [0.55, 0.7, 1.71, 0.28, 0.31, 0.46, 0.52, 0.42, 1.02, 0.98, 0.76, 0.74, 0.27, 0.32, 0.57, 0.52]}
{"t": 64.2, "x": -827, "y": 1477, "h": 295.0, "d5": 0.509, "sm": 0.505, "d6": "tick=185884 goal=0 here=0", "l": [0.48, 0.64, 1.36, 0.28, 0.3, 0.33, 0.54, 0.47, 1.08, 1.04, 0.77, 0.27, 0.34, 0.32, 0.54, 0.48]}
{"t": 64.4, "x": -914, "y": 1513, "h": 292.6, "d5": 0.511, "sm": 0.506, "d6": "tick=185904 goal=0 here=0", "l": [0.44, 0.58, 1.2, 2.23, 0.24, 0.33, 0.59, 0.51, 0.6, 1.09, 0.79, 0.27, 0.32, 0.47, 0.46, 0.43]}
{"t": 64.6, "x": -1002, "y": 1546, "h": 290.2, "d5": 0.517, "sm": 0.509, "d6": "tick=185925 goal=0 here=0", "l": [0.39, 0.56, 0.94, 2.19, 0.26, 0.35, 0.58, 0.58, 0.64, 1.13, 0.81, 0.31, 0.3, 0.45, 0.38, 0.39]}
{"t": 64.8, "x": -1092, "y": 1581, "h": 291.7, "d5": 0.501, "sm": 0.507, "d6": "tick=185946 goal=0 here=0", "l": [0.34, 0.48, 0.84, 2.19, 0.51, 0.26, 0.38, 0.66, 0.7, 1.18, 0.86, 0.35, 0.28, 0.44, 0.32, 0.38]}
{"t": 66.4, "x": -1103, "y": 1575, "h": 113.5, "d5": 0.54, "sm": 0.515, "d6": "tick=186108 goal=0 here=0", "l": [1.23, 1.01, 0.31, 0.33, 0.32, 0.46, 0.31, 0.35, 0.34, 0.49, 1.13, 2.2, 0.3, 0.35, 0.68, 0.62]}
{"t": 66.6, "x": -1025, "y": 1538, "h": 115.1, "d5": 0.539, "sm": 0.521, "d6": "tick=186130 goal=0 here=0", "l": [1.17, 1.08, 0.84, 0.32, 0.3, 0.46, 0.35, 0.38, 0.38, 0.53, 1.17, 2.22, 0.25, 0.35, 0.65, 0.58]}
{"t": 66.8, "x": -938, "y": 1494, "h": 117.0, "d5": 0.532, "sm": 0.524, "d6": "tick=186151 goal=0 here=0", "l": [1.14, 1.09, 0.8, 0.29, 0.3, 0.46, 0.42, 0.42, 0.42, 0.58, 1.19, 2.26, 0.25, 0.35, 0.61, 0.54]}
{"t": 67.0, "x": -848, "y": 1461, "h": 110.1, "d5": 0.535, "sm": 0.527, "d6": "tick=186172 goal=0 here=0", "l": [0.56, 1.07, 0.77, 0.25, 0.33, 0.32, 0.51, 0.45, 0.46, 0.61, 1.24, 2.27, 0.3, 0.32, 0.55, 0.49]}
{"t": 67.3, "x": -762, "y": 1426, "h": 111.8, "d5": 0.525, "sm": 0.526, "d6": "tick=186192 goal=0 here=0", "l": [0.52, 1.04, 0.81, 0.74, 0.26, 0.33, 0.56, 0.49, 0.53, 0.68, 1.3, 0.26, 0.33, 0.32, 0.53, 0.43]}
{"t": 67.5, "x": -673, "y": 1391, "h": 111.7, "d5": 0.511, "sm": 0.522, "d6": "tick=186213 goal=0 here=0", "l": [0.47, 1.04, 0.79, 0.75, 0.24, 0.33, 0.59, 0.5, 0.57, 0.72, 1.33, 0.31, 0.32, 0.45, 0.51, 0.39]}
{"t": 68.0, "x": -668, "y": 1389, "h": 150.3, "d5": 0.534, "sm": 0.525, "d6": "tick=186264 goal=0 here=0", "l": [0.79, 0.72, 0.8, 0.3, 0.36, 0.52, 0.59, 0.7, 1.05, 0.31, 0.35, 0.32, 0.49, 0.41, 0.44, 1.17]}
{"t": 68.3, "x": -626, "y": 1311, "h": 152.0, "d5": 0.515, "sm": 0.523, "d6": "tick=186287 goal=0 here=0", "l": [0.76, 0.7, 0.74, 0.23, 0.34, 0.58, 0.61, 0.73, 1.09, 0.33, 0.34, 0.46, 0.48, 0.36, 0.42, 1.13]}
{"t": 68.5, "x": -560, "y": 1208, "h": 147.2, "d5": 0.518, "sm": 0.522, "d6": "tick=186314 goal=0 here=0", "l": [0.73, 0.59, 0.64, 0.83, 0.32, 0.62, 0.62, 0.7, 1.14, 0.38, 0.37, 0.52, 0.48, 0.36, 0.38, 1.05]}
{"t": 68.7, "x": -505, "y": 1130, "h": 144.5, "d5": 0.545, "sm": 0.527, "d6": "tick=186335 goal=0 here=0", "l": [0.68, 0.57, 0.6, 0.65, 0.76, 0.38, 0.6, 0.74, 1.16, 0.45, 0.41, 0.52, 0.45, 0.35, 0.88, 1.02]}
{"t": 68.9, "x": -452, "y": 1050, "h": 146.7, "d5": 0.541, "sm": 0.531, "d6": "tick=186356 goal=0 here=0", "l": [0.64, 0.55, 0.58, 0.67, 0.88, 0.23, 0.65, 0.76, 1.2, 0.49, 0.42, 0.55, 0.34, 0.36, 0.82, 0.99]}
{"t": 69.1, "x": -396, "y": 971, "h": 145.1, "d5": 0.524, "sm": 0.529, "d6": "tick=186377 goal=0 here=0", "l": [0.61, 0.53, 0.55, 0.66, 0.85, 0.73, 0.67, 0.81, 1.18, 0.53, 0.49, 0.55, 0.35, 0.32, 0.81, 0.94]}
{"t": 69.3, "x": -339, "y": 895, "h": 142.8, "d5": 0.539, "sm": 0.532, "d6": "tick=186398 goal=0 here=0", "l": [0.59, 0.49, 0.47, 0.58, 0.81, 0.81, 0.48, 0.83, 1.23, 0.59, 0.56, 0.53, 0.35, 0.28, 0.77, 0.87]}
{"t": 69.5, "x": -284, "y": 817, "h": 144.6, "d5": 0.542, "sm": 0.534, "d6": "tick=186419 goal=0 here=0", "l": [0.56, 0.46, 0.4, 0.51, 0.63, 0.82, 0.38, 0.86, 1.27, 0.64, 0.62, 0.55, 0.32, 1.28, 0.74, 0.85]}
{"t": 69.7, "x": -229, "y": 743, "h": 143.4, "d5": 0.557, "sm": 0.54, "d6": "tick=186439 goal=0 here=0", "l": [0.52, 0.41, 0.35, 0.47, 0.64, 0.8, 0.63, 0.91, 1.27, 0.67, 0.67, 0.39, 0.27, 1.26, 0.68, 0.79]}
{"t": 69.9, "x": -169, "y": 667, "h": 142.0, "d5": 0.553, "sm": 0.543, "d6": "tick=186460 goal=0 here=0", "l": [0.49, 0.36, 0.33, 0.44, 0.61, 0.91, 0.8, 0.91, 1.17, 0.72, 0.7, 0.4, 1.58, 1.27, 0.63, 0.77]}
{"t": 70.2, "x": -94, "y": 575, "h": 140.7, "d5": 0.547, "sm": 0.544, "d6": "tick=186481 goal=0 here=0", "l": [0.45, 0.31, 0.31, 0.34, 0.52, 0.94, 0.84, 0.92, 1.21, 0.75, 0.72, 0.37, 1.58, 1.26, 0.6, 0.72]}
{"t": 71.6, "x": -83, "y": 575, "h": 285.9, "d5": 0.566, "sm": 0.55, "d6": "tick=186624 goal=0 here=0", "l": [0.52, 1.1, 0.78, 0.72, 0.41, -1.0, 1.26, 0.63, 0.68, 0.45, 0.32, 0.31, 0.29, 0.45, 0.66, 0.91]}
{"t": 71.8, "x": -162, "y": 601, "h": 288.8, "d5": 0.572, "sm": 0.555, "d6": "tick=186646 goal=0 here=0", "l": [0.48, 1.02, 1.79, 0.66, 0.42, -1.0, 1.34, 0.69, 0.73, 0.5, 0.33, 0.34, 0.3, -1.0, 0.62, 0.89]}
{"t": 72.0, "x": -251, "y": 635, "h": 290.4, "d5": 0.58, "sm": 0.561, "d6": "tick=186667 goal=0 here=0", "l": [0.44, 0.95, 1.74, 0.64, 0.73, 0.37, 1.39, 0.75, 0.78, 0.54, 0.36, 0.32, 0.34, 0.46, 0.62, 0.83]}
{"t": 72.2, "x": -342, "y": 664, "h": 288.0, "d5": 0.594, "sm": 0.57, "d6": "tick=186688 goal=0 here=0", "l": [0.39, 0.92, 1.45, 0.67, 0.69, 0.42, 1.48, 0.76, 0.79, 0.58, 0.39, 0.32, 0.37, 0.46, 0.77, 0.79]}
{"t": 72.4, "x": -435, "y": 685, "h": 282.8, "d5": 0.601, "sm": 0.577, "d6": "tick=186709 goal=0 here=0", "l": [0.36, 0.86, 1.37, 0.68, 0.72, 0.45, 0.34, 0.81, 0.82, 0.62, 0.42, 0.31, 0.43, 0.49, 0.71, 0.75]}
{"t": 72.6, "x": -527, "y": 701, "h": 279.8, "d5": 0.627, "sm": 0.59, "d6": "tick=186729 goal=0 here=0", "l": [0.51, 0.24, 1.25, 0.64, 0.66, 0.65, 0.43, 1.37, 0.86, 0.66, 0.45, 0.34, 0.41, 0.51, 0.72, 0.7]}
{"t": 73.3, "x": -536, "y": 702, "h": 337.2, "d5": 0.61, "sm": 0.595, "d6": "tick=186790 goal=0 here=0", "l": [1.65, 0.65, 0.73, 0.45, 0.41, 0.86, 0.91, 0.51, 0.38, 0.39, 0.41, 0.49, 0.72, 0.63, 0.28, 0.83]}
{"t": 73.5, "x": -570, "y": 782, "h": 337.3, "d5": 0.61, "sm": 0.599, "d6": "tick=186813 goal=0 here=0", "l": [1.59, 0.62, 0.67, 0.49, 0.42, 0.88, 0.96, 0.58, -1.0, 0.46, 0.47, 0.53, 0.65, 0.6, 0.23, 0.8]}
{"t": 73.7, "x": -609, "y": 868, "h": 335.3, "d5": 0.584, "sm": 0.595, "d6": "tick=186833 goal=0 here=0", "l": [1.33, 0.56, 0.61, 0.63, 0.46, 0.99, 0.97, 0.69, 0.49, 0.49, 0.51, 0.66, 0.66, 0.6, 0.14, 0.76]}
{"t": 73.9, "x": -660, "y": 952, "h": 328.6, "d5": 0.58, "sm": 0.591, "d6": "tick=186855 goal=0 here=0", "l": [1.17, 0.51, 0.49, 0.65, 0.45, 0.43, 0.89, 0.81, 0.6, 0.53, 0.54, 0.66, 0.65, 0.19, 0.55, 0.69]}
{"t": 74.1, "x": -713, "y": 1032, "h": 326.7, "d5": 0.594, "sm": 0.592, "d6": "tick=186876 goal=0 here=0", "l": [1.08, 2.52, 0.48, -1.0, 0.5, 0.46, 0.93, 0.89, 0.62, 0.57, 0.58, 0.73, 0.65, 0.28, 0.52, 0.66]}
{"t": 74.3, "x": -760, "y": 1115, "h": 330.3, "d5": 0.587, "sm": 0.591, "d6": "tick=186897 goal=0 here=0", "l": [1.01, 2.47, 0.47, 0.57, 0.56, 0.48, 1.0, 1.06, 0.69, 0.63, 0.65, 0.09, 0.22, 0.28, 0.49, 0.63]}
{"t": 74.5, "x": -809, "y": 1199, "h": 330.1, "d5": 0.582, "sm": 0.589, "d6": "tick=186918 goal=0 here=0", "l": [0.96, 2.44, -1.0, 0.41, 0.57, 0.45, 1.01, 1.17, 0.73, 0.65, 0.69, 0.13, 0.24, 0.53, 0.49, 0.58]}
{"t": 74.7, "x": -857, "y": 1280, "h": 329.0, "d5": 0.574, "sm": 0.585, "d6": "tick=186938 goal=0 here=0", "l": [0.92, 2.31, 0.33, 0.39, 0.61, 0.49, 0.52, 1.21, 0.79, 0.69, 0.18, 0.26, 0.26, 0.49, 0.47, 0.53]}
{"t": 74.9, "x": -909, "y": 1358, "h": 326.5, "d5": 0.576, "sm": 0.583, "d6": "tick=186959 goal=0 here=0", "l": [0.65, 1.86, 0.3, 0.36, 0.55, 0.57, 0.55, 1.26, 0.83, 0.76, 0.21, 0.28, 0.26, 0.46, 0.45, 0.49]}
{"t": 75.1, "x": -968, "y": 1433, "h": 321.8, "d5": 0.565, "sm": 0.578, "d6": "tick=186980 goal=0 here=0", "l": [0.64, 1.74, 0.36, 0.33, 0.37, 0.61, 0.57, 1.26, 0.89, 0.8, 0.28, 0.26, 0.44, 0.39, 0.42, 0.46]}
{"t": 76.7, "x": -982, "y": 1436, "h": 132.2, "d5": 0.569, "sm": 0.576, "d6": "tick=187132 goal=0 here=0", "l": [1.08, 0.77, 0.24, 0.3, 0.27, 0.47, -1.0, 0.44, 0.6, 0.96, 2.23, 0.26, 0.36, 0.61, 0.55, 0.63]}
{"t": 76.9, "x": -920, "y": 1373, "h": 135.6, "d5": 0.583, "sm": 0.578, "d6": "tick=187155 goal=0 here=0", "l": [1.02, 0.74, 0.22, 0.28, 0.28, 0.5, 0.41, 0.47, 0.64, 1.0, 2.28, 0.31, 0.36, 0.6, 0.5, 1.09]}
{"t": 77.1, "x": -854, "y": 1310, "h": 133.6, "d5": 0.57, "sm": 0.576, "d6": "tick=187175 goal=0 here=0", "l": [0.99, 0.75, 0.69, 0.2, 0.27, 0.47, 0.44, 0.52, 0.65, 1.05, 2.29, 0.38, 0.38, 0.57, 0.49, 1.05]}
{"t": 77.3, "x": -786, "y": 1244, "h": 134.2, "d5": 0.56, "sm": 0.572, "d6": "tick=187196 goal=0 here=0", "l": [0.97, 0.73, 0.68, 0.16, 0.24, 0.3, 0.51, 0.56, 0.69, 1.1, 0.35, 0.39, 0.53, 0.57, 0.45, 1.0]}
{"t": 77.5, "x": -712, "y": 1181, "h": 130.7, "d5": 0.568, "sm": 0.571, "d6": "tick=187217 goal=0 here=0", "l": [0.95, 0.72, 0.66, 0.72, 0.14, 0.29, 0.56, 0.56, 0.69, 1.13, 0.37, 0.41, 0.56, 0.55, 0.43, 0.96]}
{"t": 77.7, "x": -638, "y": 1121, "h": 128.8, "d5": 0.578, "sm": 0.573, "d6": "tick=187238 goal=0 here=0", "l": [0.95, 0.67, 0.59, 0.65, 0.79, 0.18, 0.62, 0.6, 0.71, 1.19, 0.42, 0.41, 0.55, 0.45, 0.41, 0.9]}
{"t": 78.2, "x": -634, "y": 1116, "h": 170.5, "d5": 0.582, "sm": 0.575, "d6": "tick=187282 goal=0 here=0", "l": [0.6, 0.59, 0.65, 0.81, 0.34, 0.55, 0.67, 0.87, 2.02, 0.43, 0.52, 0.53, 0.4, 0.38, 1.05, 0.73]}
{"t": 78.4, "x": -611, "y": 1032, "h": 164.6, "d5": 0.579, "sm": 0.576, "d6": "tick=187305 goal=0 here=0", "l": [0.52, -1.0, 0.63, 0.82, 0.15, 0.58, 0.7, 0.89, 2.12, 0.48, 0.56, 0.52, 0.4, 0.89, 1.04, -1.0]}
{"t": 78.6, "x": -586, "y": 945, "h": 164.3, "d5": 0.588, "sm": 0.579, "d6": "tick=187325 goal=0 here=0", "l": [0.49, 0.51, 0.61, 0.78, 0.7, 0.4, 0.71, 0.93, 2.12, 0.51, 0.61, 0.42, -1.0, 0.88, 1.0, 0.61]}
{"t": 78.8, "x": -561, "y": 852, "h": 164.8, "d5": 0.592, "sm": 0.582, "d6": "tick=187346 goal=0 here=0", "l": [0.44, 0.49, 0.56, 0.74, 0.72, 0.25, 0.73, 0.98, 2.07, 0.56, 0.64, 0.42, 0.39, 0.86, 0.96, 0.55]}
{"t": 79.1, "x": -521, "y": 738, "h": 160.5, "d5": 0.597, "sm": 0.586, "d6": "tick=187367 goal=0 here=0", "l": [0.4, 0.48, 0.47, 0.56, 0.67, 0.66, 0.2, 1.01, 2.06, 0.58, 0.7, 0.43, 1.42, 0.82, 0.95, 0.51]}
{"t": 79.3, "x": -493, "y": 645, "h": 163.1, "d5": 0.608, "sm": 0.591, "d6": "tick=187393 goal=0 here=0", "l": [0.35, 0.35, 0.39, 0.53, 0.74, 0.66, 0.3, 0.95, 1.9, 0.63, 0.73, 0.47, 1.38, 0.81, 0.91, 0.46]}
{"t": 79.5, "x": -452, "y": 535, "h": 159.9, "d5": 0.618, "sm": 0.598, "d6": "tick=187419 goal=0 here=0", "l": [0.33, 0.3, 0.35, 0.5, 0.78, 0.72, 0.37, 0.94, 1.9, 0.67, 0.73, 0.44, 1.39, 0.74, 0.84, 0.4]}
{"t": 80.9, "x": -439, "y": 528, "h": 10.2, "d5": 0.587, "sm": 0.595, "d6": "tick=187551 goal=0 here=0", "l": [0.8, 0.5, 1.53, 0.8, 0.81, 0.53, 0.35, 0.26, 0.33, -1.0, 0.5, 0.7, 0.73, 0.36, 1.15, 0.72]}
{"t": 81.1, "x": -425, "y": 614, "h": 9.2, "d5": 0.569, "sm": 0.589, "d6": "tick=187574 goal=0 here=0", "l": [0.7, 0.46, 0.34, 1.35, 0.72, 0.6, 0.4, 0.31, 0.36, 0.41, 0.54, 0.72, 0.72, 0.33, 1.12, 0.69]}
{"t": 81.3, "x": -409, "y": 722, "h": 8.6, "d5": 0.587, "sm": 0.588, "d6": "tick=187595 goal=0 here=0", "l": [0.64, 0.6, 0.38, 1.35, 0.73, 0.84, 0.46, 0.38, 0.39, 0.46, -1.0, 0.73, 0.6, 0.83, 1.09, 0.66]}
{"t": 81.5, "x": -399, "y": 828, "h": 5.6, "d5": 0.57, "sm": 0.584, "d6": "tick=187621 goal=0 here=0", "l": [0.57, 0.55, 0.38, 1.29, 0.77, 0.86, 0.56, 0.48, 0.44, 0.54, 0.64, 0.77, 0.35, 0.83, 1.06, 0.61]}
{"t": 81.7, "x": -395, "y": 919, "h": 2.0, "d5": 0.55, "sm": 0.575, "d6": "tick=187641 goal=0 here=0", "l": [0.52, 0.55, 0.31, 0.29, 0.77, 0.88, 0.66, 0.51, -1.0, 0.56, 0.83, 0.82, 0.47, 0.82, 1.17, 0.55]}
{"t": 82.0, "x": -381, "y": 1014, "h": 8.7, "d5": 0.553, "sm": 0.57, "d6": "tick=187662 goal=0 here=0", "l": [0.45, 0.55, 0.28, 0.31, 0.76, 0.82, 0.71, 0.56, 0.52, 0.63, 0.85, 0.84, 0.71, 0.81, 1.16, 0.53]}
{"t": 82.2, "x": -371, "y": 1133, "h": 4.6, "d5": 0.537, "sm": 0.562, "d6": "tick=187683 goal=0 here=0", "l": [0.39, 0.48, 0.31, 0.27, 0.28, 0.78, 0.76, 0.59, 0.56, 0.68, 0.89, 0.81, 0.69, 0.77, 1.14, 0.47]}
{"t": 83.4, "x": -378, "y": 1137, "h": 132.8, "d5": 0.529, "sm": 0.553, "d6": "tick=187809 goal=0 here=0", "l": [0.99, 0.64, 0.57, 0.65, 0.74, 0.82, 0.72, 0.78, 0.95, 0.46, 0.36, 0.48, 0.42, 0.25, 0.29, 0.81]}
{"t": 83.6, "x": -316, "y": 1084, "h": 130.4, "d5": 0.539, "sm": 0.55, "d6": "tick=187831 goal=0 here=0", "l": [0.94, 0.63, 0.57, 0.6, 0.75, 0.85, 0.51, 0.78, 0.96, 0.49, 0.41, 0.48, 0.39, 0.24, 0.24, 0.75]}
{"t": 83.9, "x": -238, "y": 1026, "h": 126.9, "d5": 0.527, "sm": 0.544, "d6": "tick=187852 goal=0 here=0", "l": [0.87, 0.65, 0.54, 0.58, 0.73, 0.98, 0.33, 0.82, 1.03, 0.53, 0.41, 0.52, 0.25, 0.24, 0.2, 0.72]}
{"t": 84.1, "x": -160, "y": 970, "h": 125.4, "d5": 0.536, "sm": 0.542, "d6": "tick=187873 goal=0 here=0", "l": [0.82, 0.58, 0.5, 0.49, 0.68, 1.0, 0.83, 0.82, 1.06, 0.58, 0.47, 0.53, 0.23, 0.22, 0.15, 0.69]}
{"t": 84.3, "x": -81, "y": 925, "h": 119.8, "d5": 0.544, "sm": 0.543, "d6": "tick=187893 goal=0 here=0", "l": [0.75, 0.58, 0.49, 0.47, 0.62, 0.95, 0.9, 0.85, 1.1, 0.61, 0.53, 0.48, 0.22, 0.14, 1.18, 0.62]}
{"t": 84.5, "x": 0, "y": 871, "h": 123.7, "d5": 0.521, "sm": 0.537, "d6": "tick=187914 goal=0 here=0", "l": [0.71, 0.53, 0.44, 0.48, 0.6, 0.76, 1.0, 0.88, 1.1, 0.66, 0.58, 0.25, 0.12, 1.26, 1.14, 0.57]}
{"t": 84.7, "x": 79, "y": 819, "h": 123.5, "d5": 0.533, "sm": 0.536, "d6": "tick=187935 goal=0 here=0", "l": [0.66, 0.48, 0.4, 0.46, 0.52, 0.79, 1.0, 0.94, 1.09, 0.7, 0.64, 0.25, 0.66, 1.25, 1.09, 0.52]}
{"t": 84.9, "x": 159, "y": 766, "h": 123.5, "d5": 0.519, "sm": 0.532, "d6": "tick=187956 goal=0 here=0", "l": [0.59, 0.46, 0.43, 0.39, 0.45, 0.78, 1.01, 0.58, 1.15, 0.74, 0.67, 0.64, 0.65, 1.23, 1.05, 0.48]}
{"t": 85.6, "x": 165, "y": 765, "h": 187.9, "d5": 0.505, "sm": 0.525, "d6": "tick=188026 goal=0 here=0", "l": [0.38, 0.44, 0.62, 1.09, 0.99, 1.09, 1.51, 0.66, 0.2, 0.69, 1.42, 1.07, 0.52, 0.5, 0.58, 0.44]}
{"t": 85.9, "x": 166, "y": 654, "h": 179.4, "d5": 0.513, "sm": 0.522, "d6": "tick=188049 goal=0 here=0", "l": [0.33, 0.4, 0.58, 1.04, 0.99, 1.12, 1.48, 0.67, 0.26, 0.7, 1.43, 1.11, 0.5, 0.56, 0.49, 0.39]}
{"t": 86.8, "x": 169, "y": 650, "h": 262.0, "d5": 0.516, "sm": 0.521, "d6": "tick=188136 goal=0 here=0", "l": [1.0, 0.62, 1.2, 0.81, 0.72, 0.74, 0.76, 1.17, 0.51, 0.44, 0.6, 0.41, 0.32, 0.35, 0.41, 0.74]}
{"t": 87.0, "x": 89, "y": 638, "h": 262.0, "d5": 0.532, "sm": 0.523, "d6": "tick=188168 goal=0 here=0", "l": [0.96, 0.57, 1.13, 0.77, 0.75, 0.72, 0.77, 1.21, 0.53, 0.48, 0.64, 0.41, 0.33, 0.37, 0.36, 0.7]}
{"t": 87.2, "x": -8, "y": 623, "h": 260.8, "d5": 0.514, "sm": 0.521, "d6": "tick=188189 goal=0 here=0", "l": [0.92, 0.59, 1.08, 1.61, 0.69, 0.35, 0.78, 1.33, 0.59, 0.53, 0.64, 0.42, 0.33, 0.35, 0.36, 0.67]}
{"t": 87.4, "x": -102, "y": 607, "h": 260.8, "d5": 0.556, "sm": 0.53, "d6": "tick=188210 goal=0 here=0", "l": [0.87, 0.74, 1.03, 1.55, 0.67, 0.63, 0.81, 1.36, 0.64, 0.57, 0.65, 0.4, 0.31, 0.31, 0.42, 0.64]}
{"t": 87.6, "x": -196, "y": 590, "h": 259.5, "d5": 0.55, "sm": 0.535, "d6": "tick=188231 goal=0 here=0", "l": [0.84, 0.85, 0.99, 1.43, 0.72, 0.72, 0.38, 1.44, 0.66, 0.62, 0.54, 0.34, 0.35, 0.3, 0.41, 0.6]}
{"t": 87.8, "x": -286, "y": 571, "h": 258.3, "d5": 0.563, "sm": 0.542, "d6": "tick=188251 goal=0 here=0", "l": [0.82, 0.78, 0.42, 1.19, 0.78, 0.77, 0.45, 1.47, 0.72, 0.67, -1.0, 0.34, 0.32, 0.26, 0.41, 0.54]}
{"t": 88.1, "x": -380, "y": 548, "h": 255.9, "d5": 0.591, "sm": 0.554, "d6": "tick=188272 goal=0 here=0", "l": [0.79, 0.73, 0.36, 1.13, 0.74, 0.78, 0.5, -1.0, 1.33, 0.73, 0.57, 0.33, 0.28, 0.27, 0.37, 0.5]}
{"t": 88.3, "x": -472, "y": 524, "h": 255.5, "d5": 0.597, "sm": 0.565, "d6": "tick=188293 goal=0 here=0", "l": [0.76, 0.68, 0.37, 1.1, 2.3, 0.74, 0.69, 1.76, 1.44, 0.78, 0.58, 0.35, 0.25, 0.3, 0.32, 0.47]}
{"t": 88.5, "x": -563, "y": 493, "h": 251.3, "d5": 0.623, "sm": 0.579, "d6": "tick=188314 goal=0 here=0", "l": [0.71, 0.68, 0.51, 0.3, 2.22, 0.73, 0.78, -1.0, 1.49, 0.82, 0.6, 0.36, 0.24, 0.3, 0.33, 0.42]}
{"t": 90.0, "x": -571, "y": 479, "h": 99.3, "d5": 0.63, "sm": 0.592, "d6": "tick=188461 goal=0 here=0", "l": [0.89, 0.42, 0.29, 0.27, 0.28, 0.33, 0.41, 0.67, 0.62, 0.51, 0.3, 2.79, 0.72, 0.61, 1.63, 0.87]}
{"t": 90.2, "x": -489, "y": 469, "h": 97.1, "d5": 0.602, "sm": 0.595, "d6": "tick=188483 goal=0 here=0", "l": [0.84, 0.43, 0.31, 0.22, 0.28, 0.32, 0.43, 0.71, 0.67, 0.39, 1.13, 2.75, 0.77, 0.56, 1.6, 0.83]}
{"t": 90.4, "x": -395, "y": 446, "h": 103.6, "d5": 0.599, "sm": 0.596, "d6": "tick=188504 goal=0 here=0", "l": [0.81, 0.5, 0.3, 0.21, 0.24, 0.29, 0.47, 0.78, 0.72, 0.43, 1.17, 0.78, 0.8, 0.52, 1.56, 0.81]}
{"t": 90.6, "x": -300, "y": 433, "h": 97.9, "d5": 0.595, "sm": 0.595, "d6": "tick=188525 goal=0 here=0", "l": [0.74, 0.5, 0.28, 0.26, 0.2, -1.0, 0.4, 0.83, 0.78, 0.46, 1.21, 0.81, 0.82, 0.49, 1.52, 0.75]}
{"t": 90.8, "x": -183, "y": 416, "h": 98.2, "d5": 0.579, "sm": 0.591, "d6": "tick=188546 goal=0 here=0", "l": [0.68, 0.44, 0.28, 0.23, 0.2, 0.23, 0.38, 0.8, 0.85, 0.52, 1.23, 0.83, 0.79, 0.42, 1.48, 0.71]}
{"t": 91.0, "x": -92, "y": 407, "h": 96.1, "d5": 0.553, "sm": 0.582, "d6": "tick=188571 goal=0 here=0", "l": [0.59, 0.45, 0.26, 0.22, 0.25, 0.21, 0.37, 0.64, 0.94, 0.54, 1.29, 0.86, 0.8, 0.87, 1.44, 0.66]}
{"t": 91.8, "x": -87, "y": 409, "h": 157.2, "d5": 0.574, "sm": 0.58, "d6": "tick=188647 goal=0 here=0", "l": [0.24, 0.24, 0.24, 0.35, 0.61, 0.86, 0.76, 1.15, 0.86, 0.83, 0.33, 1.67, 1.25, 0.56, 0.68, 0.35]}
{"t": 93.3, "x": -79, "y": 413, "h": 311.4, "d5": 0.554, "sm": 0.573, "d6": "tick=188797 goal=0 here=0", "l": [1.09, 1.85, 0.78, 0.47, 0.94, 1.28, 0.58, 0.67, 0.39, 0.22, 0.23, 0.22, 0.23, 0.5, 0.88, 0.92]}
{"t": 93.5, "x": -148, "y": 467, "h": 307.8, "d5": 0.571, "sm": 0.573, "d6": "tick=188819 goal=0 here=0", "l": [1.04, 1.63, 0.72, 0.47, 0.91, 1.32, 0.64, 0.71, 0.41, 0.27, 0.26, 0.24, 0.37, 0.56, 0.83, 0.77]}
{"t": 93.7, "x": -226, "y": 521, "h": 304.9, "d5": 0.557, "sm": 0.569, "d6": "tick=188840 goal=0 here=0", "l": [0.98, 1.54, 0.72, 0.78, 0.3, 1.4, 0.7, 0.72, 0.48, 0.3, 0.29, 0.26, 0.38, 0.58, 0.79, 0.71]}
{"t": 93.9, "x": -304, "y": 577, "h": 305.7, "d5": 0.571, "sm": 0.569, "d6": "tick=188861 goal=0 here=0", "l": [0.94, 1.44, 0.73, 0.74, 0.41, 1.48, 0.72, 0.74, 0.53, 0.34, 0.32, 0.31, 0.38, 0.56, 0.76, 0.64]}
{"t": 94.1, "x": -376, "y": 634, "h": 308.2, "d5": 0.583, "sm": 0.573, "d6": "tick=188881 goal=0 here=0", "l": [0.88, 1.33, 0.7, 0.71, 0.46, 1.5, 0.79, 0.74, 0.61, -1.0, 0.32, 0.36, 0.44, 0.55, 0.73, 0.6]}
{"t": 94.4, "x": -461, "y": 689, "h": 303.1, "d5": 0.578, "sm": 0.574, "d6": "tick=188902 goal=0 here=0", "l": [0.24, 1.26, 0.67, 0.68, 0.49, 0.39, 1.36, 0.75, 0.64, 0.42, 0.34, 0.41, 0.48, 0.7, 0.72, 0.55]}
{"t": 95.9, "x": -471, "y": 685, "h": 96.0, "d5": 0.594, "sm": 0.579, "d6": "tick=189054 goal=0 here=0", "l": [0.78, 0.86, 0.42, 0.36, 0.39, 0.45, 0.53, 0.7, 0.67, 0.29, 1.05, 2.17, 0.61, 0.68, 0.43, 1.37]}
{"t": 96.1, "x": -384, "y": 675, "h": 96.6, "d5": 0.569, "sm": 0.577, "d6": "tick=189078 goal=0 here=0", "l": [0.74, 0.86, 0.42, 0.4, 0.34, 0.43, 0.54, 0.76, 0.69, 0.32, 1.09, 0.69, 0.63, 0.64, 0.38, 1.34]}
{"t": 96.3, "x": -287, "y": 665, "h": 95.6, "d5": 0.567, "sm": 0.574, "d6": "tick=189099 goal=0 here=0", "l": [0.7, 0.8, 0.48, 0.38, 0.31, 0.43, 0.58, 0.86, 0.75, 0.35, 1.11, 0.68, 0.69, 0.43, 0.31, 1.28]}
{"t": 96.5, "x": -193, "y": 660, "h": 93.2, "d5": 0.567, "sm": 0.572, "d6": "tick=189119 goal=0 here=0", "l": [0.69, 0.77, 0.5, 0.35, 0.34, 0.44, 0.58, 0.91, 0.8, 0.84, 1.17, 0.71, 0.71, 0.39, 0.92, 1.25]}
{"t": 96.7, "x": -100, "y": 660, "h": 90.2, "d5": 0.546, "sm": 0.566, "d6": "tick=189140 goal=0 here=0", "l": [0.62, 0.72, 0.49, 0.34, 0.37, 0.34, 0.52, 0.93, 0.86, 0.9, 1.18, 0.75, 0.7, 0.34, 1.64, 1.22]}
{"t": 96.9, "x": -4, "y": 657, "h": 91.5, "d5": 0.533, "sm": 0.558, "d6": "tick=189161 goal=0 here=0", "l": [0.57, 0.65, 0.49, 0.36, 0.35, 0.36, 0.53, 0.94, 0.91, 0.93, 1.22, 0.74, 0.69, 0.22, 1.58, 1.16]}
{"t": 97.9, "x": 1, "y": 660, "h": 175.1, "d5": 0.528, "sm": 0.55, "d6": "tick=189251 goal=0 here=0", "l": [0.33, 0.37, 0.51, 0.73, 0.99, 0.52, 1.13, 0.73, 0.7, 0.32, 0.78, 1.25, 0.58, 0.54, 0.62, 0.42]}
{"t": 99.3, "x": 11, "y": 662, "h": 329.2, "d5": 0.551, "sm": 0.55, "d6": "tick=189400 goal=0 here=0", "l": [1.79, 0.66, 0.34, 0.73, 1.31, 0.55, 0.52, 0.68, 0.43, 0.34, 0.35, -1.0, 0.72, 0.94, 0.56, 1.08]}
{"t": 99.6, "x": -29, "y": 733, "h": 330.8, "d5": 0.541, "sm": 0.548, "d6": "tick=189422 goal=0 here=0", "l": [1.54, 0.63, 0.34, 0.15, 1.31, 1.12, 0.56, 0.71, 0.48, 0.37, 0.39, 0.51, 0.72, 0.92, 0.48, 1.03]}
{"t": 99.8, "x": -95, "y": 832, "h": 326.3, "d5": 0.552, "sm": 0.549, "d6": "tick=189443 goal=0 here=0", "l": [1.47, 0.55, 0.61, 0.26, 1.32, 1.2, 0.6, 0.74, 0.52, 0.43, 0.43, 0.54, 0.72, 0.94, 0.66, 0.99]}
{"t": 100.0, "x": -153, "y": 909, "h": 323.2, "d5": 0.559, "sm": 0.552, "d6": "tick=189469 goal=0 here=0", "l": [1.38, 0.51, 0.57, 0.23, 0.2, -1.0, 0.67, 0.8, 0.59, 0.47, 0.45, 0.59, 0.75, 0.94, 0.82, 0.92]}
{"t": 100.2, "x": -210, "y": 987, "h": 323.6, "d5": 0.54, "sm": 0.549, "d6": "tick=189490 goal=0 here=0", "l": [1.34, 0.48, 0.53, 0.28, 0.26, 0.19, 0.7, 0.82, 0.64, 0.51, 0.49, 0.63, 0.91, 0.91, 0.78, 0.91]}
{"t": 100.4, "x": -266, "y": 1065, "h": 324.6, "d5": 0.539, "sm": 0.546, "d6": "tick=189510 goal=0 here=0", "l": [1.26, 0.49, 0.52, 0.44, 0.26, 0.24, 0.23, 0.79, 0.69, 0.56, 0.53, 0.68, 0.91, 0.81, 0.73, 0.86]}
{"t": 102.0, "x": -279, "y": 1065, "h": 152.7, "d5": 0.539, "sm": 0.544, "d6": "tick=189668 goal=0 here=0", "l": [0.62, 0.58, 0.6, 0.74, 0.86, 0.51, 0.81, 0.98, 0.52, 0.43, 0.47, 0.42, 0.25, 0.23, 0.76, 0.91]}
{"t": 102.2, "x": -236, "y": 990, "h": 150.1, "d5": 0.552, "sm": 0.546, "d6": "tick=189689 goal=0 here=0", "l": [0.61, 0.54, 0.58, 0.71, 0.96, 0.39, 0.79, 1.02, 0.57, 0.43, 0.51, 0.24, 0.25, 0.19, 0.71, 0.87]}
{"t": 102.4, "x": -194, "y": 906, "h": 153.2, "d5": 0.549, "sm": 0.547, "d6": "tick=189710 goal=0 here=0", "l": [0.56, 0.49, 0.46, 0.64, 0.94, 0.82, 0.78, 1.02, 0.6, 0.47, 0.56, 0.28, 0.23, 1.22, 0.66, 0.83]}
{"t": 102.6, "x": -147, "y": 820, "h": 151.4, "d5": 0.546, "sm": 0.547, "d6": "tick=189731 goal=0 here=0", "l": [0.51, 0.45, 0.41, 0.57, 0.89, 0.91, -1.0, 0.98, 0.66, 0.55, 0.6, 0.27, 0.19, 1.16, 0.63, 0.78]}
{"t": 102.8, "x": -96, "y": 746, "h": 145.4, "d5": 0.548, "sm": 0.547, "d6": "tick=189751 goal=0 here=0", "l": [0.47, 0.39, 0.39, 0.51, 0.7, 0.91, 0.45, 1.01, 1.73, 0.6, 0.57, 0.26, 1.34, 1.15, 0.58, 0.76]}
{"t": 103.1, "x": -47, "y": 662, "h": 150.0, "d5": 0.551, "sm": 0.548, "d6": "tick=189772 goal=0 here=0", "l": [0.46, 0.33, 0.37, 0.48, 0.69, 0.9, 0.53, 1.03, 1.56, 0.64, 0.34, 0.74, 1.34, 0.6, 0.55, 0.71]}
{"t": 104.7, "x": -32, "y": 661, "h": 336.4, "d5": 0.546, "sm": 0.548, "d6": "tick=189931 goal=0 here=0", "l": [0.74, 0.71, 0.33, 0.85, 1.2, 0.61, 0.66, 0.5, 0.36, 0.35, 0.34, 0.5, 0.91, 0.93, 0.9, 1.21]}
{"t": 104.9, "x": -79, "y": 758, "h": 333.8, "d5": 0.558, "sm": 0.55, "d6": "tick=189954 goal=0 here=0", "l": [0.69, 0.66, 0.32, 0.74, 1.25, 0.62, 0.59, 0.56, 0.41, 0.4, 0.39, 0.55, 0.91, 0.89, 0.87, 1.18]}
{"t": 105.1, "x": -120, "y": 841, "h": 334.2, "d5": 0.543, "sm": 0.548, "d6": "tick=189979 goal=0 here=0", "l": [0.64, 0.58, 0.5, 0.26, 1.32, 1.15, 0.6, 0.75, 0.49, 0.45, 0.43, 0.61, 0.94, 0.83, 0.85, 1.1]}
{"t": 105.3, "x": -160, "y": 928, "h": 335.0, "d5": 0.545, "sm": 0.548, "d6": "tick=190000 goal=0 here=0", "l": [0.6, 0.51, 0.58, 0.25, 0.19, 1.17, 0.65, 0.81, 0.57, 0.51, 0.5, 0.66, 0.98, 0.82, 0.81, 1.07]}
{"t": 105.6, "x": -209, "y": 1025, "h": 333.4, "d5": 0.541, "sm": 0.546, "d6": "tick=190021 goal=0 here=0", "l": [0.55, 0.44, 0.51, 0.25, 0.23, 0.2, 0.7, 0.85, -1.0, 0.55, 0.55, 0.75, 0.98, 0.41, 0.8, 1.03]}
{"t": 107.1, "x": -228, "y": 1038, "h": 178.2, "d5": 0.543, "sm": 0.545, "d6": "tick=190174 goal=0 here=0", "l": [0.51, 0.62, 0.73, 0.88, 0.55, 0.88, 1.02, 0.52, 0.48, 0.51, 0.23, 0.23, 0.21, 0.69, 0.82, 0.56]}
{"t": 107.3, "x": -230, "y": 951, "h": 180.9, "d5": 0.538, "sm": 0.543, "d6": "tick=190198 goal=0 here=0", "l": [0.5, 0.56, 0.71, 0.85, 0.39, 0.85, 1.02, 0.55, 0.48, 0.56, 0.26, 0.24, 1.21, 0.69, 0.73, 0.53]}
{"t": 107.5, "x": -230, "y": 861, "h": 180.1, "d5": 0.558, "sm": 0.547, "d6": "tick=190218 goal=0 here=0", "l": [0.45, 0.53, 0.66, 0.95, 0.78, 0.78, 1.06, 0.62, 0.52, 0.6, 0.3, 0.24, 0.79, 0.67, 0.65, 0.49]}
{"t": 107.7, "x": -223, "y": 764, "h": 176.0, "d5": 0.568, "sm": 0.552, "d6": "tick=190239 goal=0 here=0", "l": [0.4, 0.43, 0.58, 0.89, 0.8, 0.81, 1.03, 0.68, 0.55, 0.57, 0.32, 1.37, 0.69, 0.66, 0.59, 0.44]}
{"t": 107.9, "x": -217, "y": 669, "h": 176.1, "d5": 0.578, "sm": 0.559, "d6": "tick=190260 goal=0 here=0", "l": [0.37, 0.35, 0.48, 0.81, 0.87, 0.41, 1.01, 1.76, 0.6, 0.61, 0.34, 1.35, 0.7, 0.72, 0.56, 0.36]}
{"t": 108.1, "x": -209, "y": 572, "h": 175.6, "d5": 0.574, "sm": 0.563, "d6": "tick=190281 goal=0 here=0", "l": [0.32, 0.28, 0.41, 0.6, 0.83, 0.66, 0.98, 1.78, 0.67, 0.65, 0.28, 1.36, 0.71, 0.73, 0.49, 0.34]}
{"t": 109.6, "x": -200, "y": 567, "h": 330.2, "d5": 0.584, "sm": 0.568, "d6": "tick=190425 goal=0 here=0", "l": [1.5, 0.7, 0.74, 0.33, 1.43, 0.7, 0.65, 0.52, 0.34, -1.0, 0.27, 0.41, 0.59, 0.83, 0.74, 0.97]}
{"t": 109.9, "x": -262, "y": 656, "h": 325.2, "d5": 0.583, "sm": 0.572, "d6": "tick=190453 goal=0 here=0", "l": [1.41, 0.7, 0.7, 0.39, 1.41, 1.26, 0.64, 0.6, 0.39, 0.35, 0.34, 0.44, 0.61, 0.8, 0.65, 0.92]}
{"t": 110.1, "x": -326, "y": 756, "h": 327.4, "d5": 0.56, "sm": 0.569, "d6": "tick=190479 goal=0 here=0", "l": [1.3, 0.66, 0.65, 0.37, 0.28, 1.33, 0.7, 0.8, 0.44, 0.42, 0.4, 0.5, 0.64, 0.82, 0.38, 0.89]}
{"t": 110.3, "x": -379, "y": 836, "h": 326.3, "d5": 0.576, "sm": 0.571, "d6": "tick=190500 goal=0 here=0", "l": [1.23, 0.62, 0.59, 0.55, 0.34, 1.33, 0.75, 0.91, 0.52, 0.45, 0.44, 0.55, 0.8, 0.8, 0.32, 0.84]}
{"t": 110.5, "x": -432, "y": 913, "h": 325.6, "d5": 0.568, "sm": 0.57, "d6": "tick=190520 goal=0 here=0", "l": [1.19, 0.55, 0.51, 0.59, 0.35, 0.33, 0.81, 0.91, 0.58, 0.5, 0.52, 0.61, 0.8, 0.79, 0.43, 0.81]}
{"t": 110.8, "x": -499, "y": 1009, "h": 325.0, "d5": 0.583, "sm": 0.573, "d6": "tick=190546 goal=0 here=0", "l": [0.96, 0.51, 0.48, 0.56, 0.35, 0.36, 0.84, 0.96, 0.67, 0.53, 0.53, 0.65, 0.81, 0.72, 0.66, 0.73]}
{"t": 112.1, "x": -512, "y": 1009, "h": 114.1, "d5": 0.566, "sm": 0.571, "d6": "tick=190679 goal=0 here=0", "l": [0.84, 0.74, 0.58, 0.53, 0.59, 0.79, 0.75, 0.39, 0.7, 0.91, 1.62, 0.52, 0.57, 0.54, 0.37, 0.34]}
{"t": 113.4, "x": -512, "y": 1016, "h": 220.6, "d5": 0.559, "sm": 0.568, "d6": "tick=190800 goal=0 here=0", "l": [0.79, 0.75, 0.38, 0.7, 0.91, 1.55, 0.51, 0.57, 0.53, 0.38, 0.34, 0.83, 0.77, 0.59, 0.52, 0.61]}
{"t": 113.6, "x": -567, "y": 954, "h": 221.1, "d5": 0.561, "sm": 0.566, "d6": "tick=190827 goal=0 here=0", "l": [0.75, 0.69, 0.21, 0.61, 0.8, 1.53, 0.54, 0.58, 0.55, 0.42, 1.38, 0.89, 0.74, 0.56, 0.52, 0.56]}
{"t": 113.8, "x": -629, "y": 882, "h": 220.9, "d5": 0.569, "sm": 0.567, "d6": "tick=190848 goal=0 here=0", "l": [0.68, 0.62, 0.24, 0.58, 0.73, 1.3, 0.56, 0.55, 0.62, 0.44, 1.43, 0.94, 0.7, 0.5, 0.48, 0.53]}
{"t": 114.0, "x": -694, "y": 809, "h": 221.5, "d5": 0.577, "sm": 0.57, "d6": "tick=190869 goal=0 here=0", "l": [0.61, 0.59, 0.53, 0.18, 0.1, 1.26, 0.59, 0.55, 0.65, 0.5, 1.0, 0.98, 0.62, 0.45, 0.48, 0.49]}
{"t": 114.2, "x": -752, "y": 735, "h": 218.0, "d5": 0.595, "sm": 0.576, "d6": "tick=190890 goal=0 here=0", "l": [0.45, 0.62, 0.51, 0.19, 0.17, 0.11, 2.62, 0.61, 0.74, 0.55, 0.96, 1.02, 0.57, 0.4, 0.42, 0.46]}
{"t": 114.4, "x": -809, "y": 660, "h": 217.5, "d5": 0.6, "sm": 0.582, "d6": "tick=190910 goal=0 here=0", "l": [0.41, 0.59, 0.58, 0.38, 0.17, 0.19, 0.14, 0.66, 0.78, 0.59, 0.99, 1.06, 0.55, 0.4, 0.35, 0.44]}
{"t": 114.6, "x": -866, "y": 586, "h": 217.6, "d5": 0.621, "sm": 0.592, "d6": "tick=190931 goal=0 here=0", "l": [0.36, 0.58, 0.52, 0.47, 0.37, 0.19, 0.2, 0.73, 0.83, 0.65, 1.04, 1.06, 0.52, 0.38, 0.34, 0.35]}
{"t": 115.8, "x": -867, "y": 570, "h": 108.5, "d5": 0.62, "sm": 0.599, "d6": "tick=191048 goal=0 here=0", "l": [1.07, 0.47, 0.39, 0.32, 0.37, 0.38, 0.57, 0.53, 0.48, 0.34, 0.18, 0.2, 0.72, 0.82, 0.6, 1.05]}
{"t": 116.0, "x": -783, "y": 548, "h": 104.6, "d5": 0.614, "sm": 0.603, "d6": "tick=191069 goal=0 here=0", "l": [1.04, 0.48, 0.32, 0.3, 0.34, 0.35, 0.6, 0.55, 0.53, 0.38, 0.21, 2.77, 0.71, 0.8, 0.56, 1.0]}
{"t": 116.3, "x": -673, "y": 518, "h": 105.0, "d5": 0.593, "sm": 0.6, "d6": "tick=191094 goal=0 here=0", "l": [0.98, 0.44, 0.3, 0.32, 0.32, 0.36, 0.59, 0.58, 0.56, 0.25, 0.25, 2.8, 0.7, 0.76, 1.69, 0.96]}
{"t": 116.5, "x": -580, "y": 494, "h": 104.5, "d5": 0.58, "sm": 0.595, "d6": "tick=191115 goal=0 here=0", "l": [0.93, 0.41, 0.27, 0.29, 0.31, 0.4, 0.6, -1.0, 0.62, 0.3, 0.27, 0.73, 0.78, 0.57, 1.64, 0.9]}
{"t": 116.7, "x": -491, "y": 461, "h": 110.5, "d5": 0.574, "sm": 0.59, "d6": "tick=191136 goal=0 here=0", "l": [0.88, 0.38, 0.29, 0.24, 0.3, 0.34, 0.44, 0.62, 0.66, 0.34, 1.16, 0.76, 0.82, 0.56, 1.61, 0.85]}
{"t": 116.9, "x": -396, "y": 441, "h": 101.7, "d5": 0.573, "sm": 0.586, "d6": "tick=191157 goal=0 here=0", "l": [0.84, 0.37, 0.3, 0.2, 0.28, 0.31, 0.47, 0.7, 0.7, 0.39, 1.18, 0.76, 0.81, 0.52, 1.56, 0.82]}
{"t": 117.1, "x": -302, "y": 421, "h": 102.2, "d5": 0.564, "sm": 0.58, "d6": "tick=191178 goal=0 here=0", "l": [0.79, 0.43, 0.28, 0.22, 0.22, 0.32, 0.5, 0.81, 0.74, 0.41, 1.41, 0.82, 0.81, 0.49, 1.53, 0.77]}
{"t": 117.3, "x": -208, "y": 405, "h": 99.7, "d5": 0.547, "sm": 0.572, "d6": "tick=191199 goal=0 here=0", "l": [0.71, 0.43, 0.23, -1.0, 0.19, 0.32, 0.45, 0.86, 0.79, 0.47, 1.46, 0.83, 0.79, 0.91, 1.48, 0.73]}
{"t": 118.0, "x": -202, "y": 404, "h": 141.1, "d5": 0.547, "sm": 0.566, "d6": "tick=191260 goal=0 here=0", "l": [0.26, 0.23, 0.18, 0.21, 0.35, 0.58, -1.0, 0.67, 1.23, 0.83, 0.82, 0.47, 1.69, 0.73, 0.66, 0.48]}
{"t": 119.4, "x": -195, "y": 407, "h": 351.7, "d5": 0.556, "sm": 0.563, "d6": "tick=191405 goal=0 here=0", "l": [0.8, 0.8, 0.91, 1.41, 0.69, 0.74, 0.44, 0.25, 0.24, 0.2, 0.33, 0.48, 0.83, 0.81, 0.47, 1.47]}
{"t": 119.7, "x": -215, "y": 515, "h": 349.8, "d5": 0.555, "sm": 0.561, "d6": "tick=191432 goal=0 here=0", "l": [0.77, 0.77, 0.43, 1.48, 0.71, 0.7, 0.51, 0.3, 0.31, 0.25, 0.38, 0.56, 0.82, 0.8, 0.41, 1.4]}
{"t": 119.9, "x": -238, "y": 609, "h": 345.9, "d5": 0.53, "sm": 0.553, "d6": "tick=191453 goal=0 here=0", "l": [0.73, 0.73, 0.39, 1.46, 1.26, 0.66, 0.57, 0.37, 0.35, 0.27, 0.41, 0.56, 0.81, 0.81, 0.91, 1.37]}
{"t": 120.1, "x": -262, "y": 701, "h": 345.6, "d5": 0.533, "sm": 0.548, "d6": "tick=191474 goal=0 here=0", "l": [0.69, 0.71, 0.37, 0.28, 1.32, 0.66, 0.81, 0.43, 0.41, 0.34, 0.44, 0.6, 0.77, 0.62, 0.92, 1.32]}
{"t": 120.3, "x": -287, "y": 794, "h": 344.9, "d5": 0.528, "sm": 0.543, "d6": "tick=191495 goal=0 here=0", "l": [0.63, 0.64, 0.39, 0.32, 1.28, 0.72, 0.82, 0.52, 0.44, 0.39, 0.48, 0.62, 0.82, 0.39, 0.88, 1.25]}
{"t": 120.5, "x": -313, "y": 886, "h": 344.0, "d5": 0.53, "sm": 0.54, "d6": "tick=191516 goal=0 here=0", "l": [0.59, 0.54, 0.52, 0.32, 0.27, 0.74, 0.85, 0.64, 0.49, 0.47, 0.54, 0.81, 0.83, 0.33, 0.84, 1.23]}
{"t": 120.7, "x": -338, "y": 979, "h": 345.4, "d5": 0.515, "sm": 0.534, "d6": "tick=191537 goal=0 here=0", "l": [0.53, 0.46, 0.55, 0.31, 0.3, 0.76, 0.88, 0.68, 0.54, 0.5, 0.61, 0.83, 0.83, 0.72, 0.81, 1.17]}
{"t": 122.4, "x": -350, "y": 986, "h": 158.7, "d5": 0.529, "sm": 0.533, "d6": "tick=191705 goal=0 here=0", "l": [0.54, 0.5, 0.59, 0.7, 0.81, -1.0, 0.81, 0.98, 0.53, 0.45, 0.54, 0.3, 0.31, 1.07, 0.78, 0.7]}
{"t": 122.6, "x": -314, "y": 894, "h": 158.8, "d5": 0.525, "sm": 0.531, "d6": "tick=191731 goal=0 here=0", "l": [0.5, 0.43, 0.52, 0.66, 0.81, 0.35, 0.8, 1.01, 0.57, 0.5, 0.57, 0.32, 0.28, 0.74, 0.78, 0.66]}
{"t": 122.9, "x": -276, "y": 805, "h": 157.2, "d5": 0.525, "sm": 0.529, "d6": "tick=191752 goal=0 here=0", "l": [0.44, 0.41, 0.49, 0.63, 0.86, 0.74, 0.76, 1.05, 0.63, 0.54, 0.62, 0.34, 0.26, 0.72, 0.79, 0.61]}
{"t": 123.1, "x": -236, "y": 718, "h": 155.1, "d5": 0.538, "sm": 0.531, "d6": "tick=191773 goal=0 here=0", "l": [0.38, 0.37, 0.45, 0.57, 0.9, 0.78, 0.34, 1.07, 0.67, 0.58, 0.62, 0.35, 1.33, 0.71, 0.78, 0.57]}
{"t": 123.3, "x": -188, "y": 632, "h": 150.9, "d5": 0.532, "sm": 0.532, "d6": "tick=191794 goal=0 here=0", "l": [0.35, 0.35, 0.36, 0.5, 0.82, 0.89, 0.42, 1.02, 1.8, 0.63, 0.63, 0.28, 1.34, 0.7, 0.75, 0.52]}
{"t": 124.1, "x": -179, "y": 623, "h": 87.4, "d5": 0.555, "sm": 0.537, "d6": "tick=191874 goal=0 here=0", "l": [0.67, 0.75, 0.51, 0.35, 0.35, 0.35, 0.49, 0.82, 0.87, 0.43, 1.09, 0.75, 0.68, 0.42, 0.28, 1.29]}
{"t": 124.3, "x": -96, "y": 627, "h": 87.3, "d5": 0.539, "sm": 0.538, "d6": "tick=191896 goal=0 here=0", "l": [0.66, 0.71, 0.49, 0.35, 0.34, 0.32, 0.48, 0.68, 0.92, 0.47, 1.09, 0.76, 0.7, 0.38, 0.85, 1.29]}
{"t": 124.5, "x": 0, "y": 626, "h": 90.6, "d5": 0.509, "sm": 0.531, "d6": "tick=191917 goal=0 here=0", "l": [0.61, 0.63, 0.49, 0.35, 0.32, 0.34, 0.48, 0.68, 0.96, 0.51, 1.18, 0.76, 0.72, 0.33, 0.82, 1.24]}
{"t": 124.7, "x": 95, "y": 634, "h": 85.5, "d5": 0.495, "sm": 0.522, "d6": "tick=191938 goal=0 here=0", "l": [0.57, 0.54, 0.61, 0.43, 0.31, 0.37, 0.51, 0.72, 1.0, 0.54, 1.25, 0.77, 0.7, 0.73, 0.81, 1.21]}
{"t": 124.9, "x": 192, "y": 640, "h": 86.5, "d5": 0.504, "sm": 0.517, "d6": "tick=191959 goal=0 here=0", "l": [0.5, 0.46, 0.61, 0.43, 0.33, 0.35, 0.39, 0.77, 1.04, 0.56, 1.29, 0.79, 0.68, 0.72, 0.81, 1.15]}
{"t": 125.1, "x": 292, "y": 650, "h": 83.9, "d5": 0.484, "sm": 0.509, "d6": "tick=191981 goal=0 here=0", "l": [0.46, 0.41, 0.59, -1.0, 0.35, 0.34, 0.4, 0.79, 1.07, 1.03, 1.31, 0.78, 0.24, 0.72, 2.49, 1.09]}
{"t": 125.3, "x": 386, "y": 663, "h": 82.1, "d5": 0.461, "sm": 0.497, "d6": "tick=192001 goal=0 here=0", "l": [0.41, 0.35, 0.54, 0.4, 0.38, 0.34, 0.44, 0.75, 1.12, 1.1, 1.35, 0.71, 0.48, 0.67, 2.48, 1.06]}
{"t": 125.6, "x": 501, "y": 672, "h": 85.5, "d5": 0.456, "sm": 0.487, "d6": "tick=192027 goal=0 here=0", "l": [0.37, 0.33, 0.46, 0.47, 0.37, 0.38, 0.45, 0.71, 1.13, 1.13, 1.38, 0.24, 0.68, 0.64, 2.45, 1.01]}
{"t": 127.0, "x": 512, "y": 686, "h": 296.2, "d5": 0.46, "sm": 0.48, "d6": "tick=192161 goal=0 here=0", "l": [1.24, 0.24, 0.47, 0.68, 0.66, 1.1, 0.93, 0.34, 0.32, 0.51, 0.37, 0.4, 0.39, 0.54, 1.17, 1.14]}
{"t": 127.4, "x": 510, "y": 686, "h": 276.9, "d5": 0.452, "sm": 0.473, "d6": "tick=192208 goal=0 here=0", "l": [0.73, 1.32, 0.24, 0.67, 0.64, 2.42, 1.05, 0.33, 0.34, 0.35, 0.51, 0.37, 0.41, 0.42, 0.7, 1.22]}
{"t": 127.6, "x": 429, "y": 702, "h": 280.9, "d5": 0.478, "sm": 0.474, "d6": "tick=192230 goal=0 here=0", "l": [0.73, 1.23, 0.2, 0.43, 0.67, 0.67, 1.16, 0.92, 0.38, 0.39, 0.53, 0.39, 0.36, 0.42, 0.67, 1.2]}
{"t": 127.8, "x": 334, "y": 714, "h": 277.1, "d5": 0.463, "sm": 0.471, "d6": "tick=192251 goal=0 here=0", "l": [0.68, 1.17, 0.81, 0.23, 0.65, 0.66, 1.18, 1.02, 0.4, 0.47, 0.54, 0.41, 0.37, 0.44, 0.65, 1.17]}
{"t": 128.1, "x": 239, "y": 720, "h": 273.9, "d5": 0.472, "sm": 0.472, "d6": "tick=192272 goal=0 here=0", "l": [0.66, 1.12, 0.78, 0.69, 0.65, 0.65, 1.21, 1.08, 0.46, 0.54, 0.49, 0.43, 0.37, 0.42, 0.64, 1.11]}
{"t": 128.3, "x": 143, "y": 729, "h": 275.2, "d5": 0.486, "sm": 0.475, "d6": "tick=192293 goal=0 here=0", "l": [0.82, 1.09, 1.5, 0.63, 0.28, 0.69, 1.46, 1.1, 0.52, 0.61, 0.5, 0.41, 0.39, 0.42, 0.62, 1.06]}
{"t": 128.5, "x": 53, "y": 741, "h": 277.8, "d5": 0.49, "sm": 0.479, "d6": "tick=192313 goal=0 here=0", "l": [0.93, -1.0, 1.41, 0.59, 0.62, 0.17, 1.49, 1.12, 0.58, 0.66, 0.52, 0.4, 0.4, 0.41, 0.64, 1.02]}
{"t": 128.7, "x": -44, "y": 742, "h": 270.8, "d5": 0.504, "sm": 0.485, "d6": "tick=192334 goal=0 here=0", "l": [0.86, 0.96, 1.18, 0.68, 0.62, 0.32, 0.84, 1.19, 0.63, 0.68, 0.51, 0.4, 0.41, 0.4, 0.62, 0.97]}
{"t": 128.9, "x": -139, "y": 747, "h": 273.1, "d5": 0.504, "sm": 0.49, "d6": "tick=192355 goal=0 here=0", "l": [0.82, 0.85, 1.13, 0.67, 0.65, 0.35, 0.24, 1.26, 0.67, 0.75, 0.56, 0.4, 0.4, 0.45, 0.65, 0.93]}
{"t": 129.1, "x": -235, "y": 749, "h": 270.9, "d5": 0.53, "sm": 0.5, "d6": "tick=192376 goal=0 here=0", "l": [0.74, 0.77, 1.1, 0.66, 0.56, 0.58, 0.35, 1.34, 0.72, 0.8, 0.56, 0.41, 0.39, 0.47, 0.63, 0.9]}
{"t": 129.3, "x": -327, "y": 747, "h": 268.5, "d5": 0.551, "sm": 0.513, "d6": "tick=192396 goal=0 here=0", "l": [0.71, 0.28, 0.98, 1.77, 0.58, 0.66, 0.37, 1.39, 0.76, 0.84, 0.62, 0.43, 0.35, 0.46, 0.59, 0.84]}
{"t": 130.9, "x": -336, "y": 734, "h": 95.0, "d5": 0.534, "sm": 0.518, "d6": "tick=192556 goal=0 here=0", "l": [0.75, 0.88, 0.47, 0.44, 0.4, 0.49, 0.58, 0.75, 0.59, 0.83, 1.07, 0.65, 0.62, 0.61, 0.38, 1.31]}
{"t": 131.1, "x": -254, "y": 725, "h": 96.5, "d5": 0.535, "sm": 0.522, "d6": "tick=192577 goal=0 here=0", "l": [0.72, 0.82, 0.53, 0.41, 0.34, 0.46, 0.6, 0.79, 0.78, 0.86, 1.1, 0.66, 0.65, 0.42, 0.31, 1.27]}
{"t": 131.3, "x": -159, "y": 716, "h": 95.4, "d5": 0.524, "sm": 0.523, "d6": "tick=192598 goal=0 here=0", "l": [0.68, 0.77, 0.5, 0.4, 0.36, 0.46, 0.64, 0.87, 0.81, 0.92, 1.16, 0.69, 0.66, 0.37, 0.24, 1.21]}
{"t": 131.5, "x": -62, "y": 708, "h": 94.7, "d5": 0.506, "sm": 0.519, "d6": "tick=192619 goal=0 here=0", "l": [0.63, 0.72, 0.52, 0.4, 0.39, 0.41, 0.62, 0.97, 0.85, 0.94, 1.19, 0.68, 0.66, 0.33, 1.58, 1.18]}
{"t": 131.8, "x": 44, "y": 702, "h": 93.2, "d5": 0.504, "sm": 0.515, "d6": "tick=192639 goal=0 here=0", "l": [0.58, 0.65, 0.5, 0.39, 0.4, 0.4, 0.59, 1.0, 0.89, 0.99, 1.26, 0.69, 0.64, 0.25, 1.52, 1.13]}
{"t": 132.0, "x": 148, "y": 703, "h": 89.4, "d5": 0.479, "sm": 0.506, "d6": "tick=192665 goal=0 here=0", "l": [0.54, 0.52, 0.58, 0.43, 0.34, 0.42, 0.57, 0.98, 0.96, 1.04, 1.41, 0.63, 0.32, 0.68, 1.49, 1.1]}
{"t": 133.4, "x": 157, "y": 712, "h": 261.1, "d5": 0.487, "sm": 0.501, "d6": "tick=192803 goal=0 here=0", "l": [0.98, 0.59, 1.1, 0.76, 0.67, 0.2, 0.69, 1.25, 1.09, 0.5, 0.62, 0.47, 0.4, 0.4, 0.4, 0.73]}
{"t": 133.6, "x": 77, "y": 696, "h": 259.3, "d5": 0.502, "sm": 0.501, "d6": "tick=192825 goal=0 here=0", "l": [0.94, 0.56, 1.08, 0.76, 0.63, 0.3, 0.72, 1.3, 1.1, 0.53, 0.66, 0.46, 0.37, -1.0, 0.42, 0.72]}
{"t": 133.8, "x": -18, "y": 678, "h": 258.8, "d5": 0.499, "sm": 0.501, "d6": "tick=192846 goal=0 here=0", "l": [0.89, 0.55, 1.03, 1.51, 0.6, 0.65, 0.21, 1.33, 1.2, 0.55, 0.7, 0.46, 0.33, 0.39, 0.45, 0.69]}
{"t": 134.0, "x": -110, "y": 649, "h": 252.5, "d5": 0.511, "sm": 0.503, "d6": "tick=192867 goal=0 here=0", "l": [0.83, 0.72, 0.98, 1.41, 0.67, 0.67, 0.35, 1.52, 1.25, 0.6, 0.74, 0.45, 0.37, 0.34, 0.45, 0.63]}
{"t": 134.2, "x": -203, "y": 621, "h": 253.7, "d5": 0.534, "sm": 0.511, "d6": "tick=192888 goal=0 here=0", "l": [0.83, 0.79, 0.92, 1.34, 0.72, 0.7, 0.37, 1.6, 1.32, 0.64, 0.76, 0.42, 0.35, 0.33, 0.43, 0.59]}
{"t": 134.4, "x": -291, "y": 601, "h": 256.6, "d5": 0.546, "sm": 0.52, "d6": "tick=192908 goal=0 here=0", "l": [0.78, 0.75, 0.36, 1.13, 0.71, 0.72, 0.45, 0.31, 1.36, 0.68, 0.77, 0.39, 0.36, 0.31, 0.39, 0.56]}
{"t": 134.7, "x": -406, "y": 566, "h": 253.5, "d5": 0.566, "sm": 0.531, "d6": "tick=192934 goal=0 here=0", "l": [0.76, 0.69, 0.35, 1.09, 2.19, 0.64, 0.68, 0.41, 1.38, 0.76, 0.63, 0.4, 0.28, 0.32, 0.39, 0.5]}
{"t": 136.1, "x": -413, "y": 553, "h": 103.1, "d5": 0.564, "sm": 0.539, "d6": "tick=193072 goal=0 here=0", "l": [0.86, 0.55, 0.37, 0.28, 0.35, 0.4, 0.54, 0.67, 0.69, 0.31, 1.33, 0.72, 0.77, 0.51, 1.57, 0.82]}
{"t": 136.3, "x": -327, "y": 534, "h": 102.4, "d5": 0.561, "sm": 0.545, "d6": "tick=193095 goal=0 here=0", "l": [0.8, 0.54, 0.34, 0.28, 0.32, 0.38, 0.52, 0.72, 0.74, 0.35, 1.38, 0.77, 0.78, 0.47, 1.51, 0.77]}
{"t": 136.5, "x": -233, "y": 513, "h": 102.6, "d5": 0.553, "sm": 0.547, "d6": "tick=193116 goal=0 here=0", "l": [0.73, 0.53, 0.33, 0.3, 0.25, 0.37, 0.53, 0.8, 0.78, 0.39, 1.39, 0.76, 0.77, 0.43, 1.49, 0.74]}
{"t": 136.7, "x": -139, "y": 498, "h": 99.4, "d5": 0.541, "sm": 0.545, "d6": "tick=193137 goal=0 here=0", "l": [0.65, 0.52, 0.31, 0.29, 0.25, 0.37, 0.57, 0.87, 0.82, 0.41, 1.44, 0.77, 0.75, 0.32, 1.45, 0.69]}
{"t": 136.9, "x": -46, "y": 476, "h": 103.0, "d5": 0.528, "sm": 0.541, "d6": "tick=193158 goal=0 here=0", "l": [0.59, 0.48, 0.31, 0.26, 0.29, 0.26, 0.52, 0.94, 0.87, 1.02, 1.47, 0.75, 0.75, 0.83, 1.42, 0.65]}
{"t": 137.1, "x": 51, "y": 463, "h": 97.8, "d5": 0.518, "sm": 0.535, "d6": "tick=193179 goal=0 here=0", "l": [0.55, 0.61, 0.34, 0.25, 0.28, 0.29, 0.47, 0.99, 0.89, 1.06, 1.53, 0.71, 0.42, 0.82, 1.36, 0.6]}
{"t": 137.3, "x": 146, "y": 450, "h": 97.6, "d5": 0.516, "sm": 0.53, "d6": "tick=193200 goal=0 here=0", "l": [0.46, 0.59, 0.35, 0.23, 0.26, 0.32, 0.46, 0.96, 0.97, 1.12, 1.55, 0.74, 0.33, 0.81, 1.33, 0.57]}
{"t": 138.9, "x": 158, "y": 458, "h": 284.9, "d5": 0.509, "sm": 0.525, "d6": "tick=193357 goal=0 here=0", "l": [0.85, 1.16, 0.86, 0.78, 0.82, 2.65, 1.19, 0.55, 0.53, 0.4, 0.33, 0.25, 0.27, 0.3, 0.54, 0.99]}
{"t": 139.1, "x": 79, "y": 478, "h": 284.6, "d5": 0.51, "sm": 0.521, "d6": "tick=193379 goal=0 here=0", "l": [0.83, 1.11, 1.86, 0.76, 0.29, 0.83, 1.26, 0.59, 0.57, 0.45, 0.34, 0.26, 0.29, 0.29, 0.56, 0.97]}
{"t": 139.3, "x": -15, "y": 496, "h": 280.7, "d5": 0.522, "sm": 0.521, "d6": "tick=193400 goal=0 here=0", "l": [0.92, 1.04, 1.59, 0.71, 0.42, 0.81, 1.35, 0.62, 0.61, 0.47, 0.33, 0.27, -1.0, 0.3, 0.57, 0.9]}
{"t": 139.5, "x": -110, "y": 515, "h": 281.6, "d5": 0.547, "sm": 0.528, "d6": "tick=193421 goal=0 here=0", "l": [0.86, 1.03, 1.51, 0.69, 0.74, 0.29, 1.43, 0.66, 0.64, 0.5, 0.31, -1.0, 0.28, 0.4, 0.6, 0.85]}
{"t": 139.7, "x": -204, "y": 530, "h": 279.0, "d5": 0.536, "sm": 0.53, "d6": "tick=193442 goal=0 here=0", "l": [0.78, 0.36, 1.4, 0.74, 0.75, 0.4, 1.44, 0.72, 0.66, 0.53, 0.34, 0.31, 0.28, 0.4, 0.56, 0.79]}
{"t": 140.0, "x": -294, "y": 548, "h": 281.0, "d5": 0.539, "sm": 0.532, "d6": "tick=193462 goal=0 here=0", "l": [0.72, 0.35, 1.19, 0.72, 0.77, 0.44, 1.54, 1.3, 0.73, 0.57, 0.35, 0.32, 0.28, 0.38, 0.54, 0.75]}
{"t": 141.2, "x": -313, "y": 543, "h": 154.5, "d5": 0.567, "sm": 0.541, "d6": "tick=193581 goal=0 here=0", "l": [0.33, 0.29, 0.35, -1.0, 0.75, 0.8, 0.6, 0.93, 1.75, 0.68, 0.74, 0.44, 1.42, 0.76, 0.81, 0.47]}
{"t": 141.9, "x": -309, "y": 540, "h": 94.5, "d5": 0.549, "sm": 0.543, "d6": "tick=193653 goal=0 here=0", "l": [0.68, 0.77, 0.36, 0.34, 0.27, 0.37, 0.53, 0.84, 0.73, 0.39, 1.11, 0.73, 0.69, 0.49, 0.36, 1.35]}
{"t": 142.1, "x": -222, "y": 532, "h": 95.1, "d5": 0.545, "sm": 0.543, "d6": "tick=193676 goal=0 here=0", "l": [0.66, 0.77, 0.4, -1.0, 0.26, 0.36, 0.48, 0.86, 0.8, 0.42, 1.16, 0.73, 0.72, 0.46, 1.68, 1.32]}
{"t": 142.3, "x": -125, "y": 531, "h": 90.7, "d5": 0.55, "sm": 0.545, "d6": "tick=193697 goal=0 here=0", "l": [0.6, 0.72, 0.42, 0.3, 0.3, 0.3, 0.45, 0.84, 0.86, 0.45, 1.21, 0.78, 0.75, -1.0, 1.66, 1.26]}
{"t": 142.5, "x": -30, "y": 527, "h": 92.6, "d5": 0.528, "sm": 0.541, "d6": "tick=193718 goal=0 here=0", "l": [0.58, 0.69, 0.42, 0.28, 0.32, 0.29, 0.45, 0.69, 0.94, 0.49, 1.24, 0.78, 0.75, 0.37, 1.61, 1.2]}
{"t": 142.7, "x": 66, "y": 530, "h": 87.8, "d5": 0.519, "sm": 0.535, "d6": "tick=193739 goal=0 here=0", "l": [0.55, 0.64, 0.42, 0.3, 0.29, 0.33, 0.47, 0.69, 0.99, 0.54, 1.26, 0.82, 0.74, 0.79, 1.58, 1.15]}
{"t": 142.9, "x": 158, "y": 533, "h": 88.1, "d5": 0.514, "sm": 0.53, "d6": "tick=193759 goal=0 here=0", "l": [0.51, 0.57, 0.41, 0.35, 0.28, 0.34, 0.37, 0.74, 1.02, 0.56, 1.3, 0.82, 0.41, 0.78, 1.54, 1.12]}
{"t": 143.1, "x": 254, "y": 540, "h": 86.0, "d5": 0.501, "sm": 0.523, "d6": "tick=193780 goal=0 here=0", "l": [0.47, 0.5, 0.52, 0.36, 0.29, 0.32, 0.39, 0.79, 1.05, 0.62, 1.33, 0.78, 0.26, 0.76, 1.51, 1.08]}
{"t": 143.4, "x": 353, "y": 547, "h": 85.8, "d5": 0.493, "sm": 0.515, "d6": "tick=193802 goal=0 here=0", "l": [0.41, 0.4, 0.53, 0.34, 0.32, 0.29, 0.4, 0.73, 1.09, 0.62, 1.36, 0.73, 0.54, 0.71, 1.47, 1.04]}
{"t": 143.6, "x": 449, "y": 554, "h": 86.2, "d5": 0.481, "sm": 0.507, "d6": "tick=193823 goal=0 here=0", "l": [0.37, 0.32, 0.49, 0.33, 0.35, 0.31, 0.4, 0.69, 1.12, 1.13, 1.4, 0.29, 0.71, 0.71, 1.43, 0.97]}
{"t": 145.1, "x": 459, "y": 566, "h": 292.2, "d5": 0.491, "sm": 0.503, "d6": "tick=193970 goal=0 here=0", "l": [1.23, 1.63, 0.31, 0.73, 0.7, 1.19, 0.39, 0.34, 0.36, 0.5, 0.33, 0.34, 0.33, 0.43, 0.87, 1.12]}
{"t": 145.3, "x": 381, "y": 602, "h": 294.7, "d5": 0.517, "sm": 0.506, "d6": "tick=193993 goal=0 here=0", "l": [1.16, 1.57, 0.23, 0.69, 0.69, 1.39, 1.02, 0.39, 0.4, 0.52, 0.35, 0.33, 0.33, 0.44, 0.88, 1.12]}
{"t": 145.5, "x": 297, "y": 638, "h": 293.4, "d5": 0.524, "sm": 0.511, "d6": "tick=194013 goal=0 here=0", "l": [1.09, 1.5, 0.67, 0.51, 0.7, 1.43, 1.02, 0.47, 0.43, 0.58, 0.4, 0.33, 0.36, 0.45, 0.83, 1.05]}
{"t": 145.7, "x": 208, "y": 671, "h": 289.9, "d5": 0.525, "sm": 0.514, "d6": "tick=194034 goal=0 here=0", "l": [1.02, 1.28, 0.66, 0.18, 0.69, 1.53, 1.06, 0.49, 0.48, 0.6, 0.41, 0.34, 0.4, 0.56, 0.82, 1.01]}
{"t": 145.9, "x": 96, "y": 706, "h": 287.6, "d5": 0.533, "sm": 0.519, "d6": "tick=194059 goal=0 here=0", "l": [0.96, 1.22, 0.74, 0.64, 0.7, 0.78, 1.15, 0.54, 0.51, 0.63, 0.45, 0.34, 0.41, 0.57, 0.95, 0.95]}
{"t": 146.1, "x": 2, "y": 735, "h": 287.0, "d5": 0.554, "sm": 0.528, "d6": "tick=194081 goal=0 here=0", "l": [0.88, 1.18, 0.7, 0.64, 0.29, 0.74, 1.23, 0.61, 0.56, 0.69, 0.46, 0.39, 0.41, 0.57, 0.94, 0.91]}
{"t": 147.2, "x": -13, "y": 735, "h": 181.2, "d5": 0.56, "sm": 0.536, "d6": "tick=194181 goal=0 here=0", "l": [0.42, 0.39, 0.64, 1.01, 0.87, 0.98, 1.2, 0.66, 0.64, 0.3, 0.82, 1.17, 0.6, 0.66, 0.54, 0.42]}
{"t": 147.4, "x": -14, "y": 646, "h": 180.3, "d5": 0.562, "sm": 0.542, "d6": "tick=194209 goal=0 here=0", "l": [0.36, 0.34, 0.51, 0.92, 0.9, 0.88, 1.2, 0.73, 0.69, 0.32, 0.84, 1.2, 0.6, 0.68, 0.5, 0.36]}
{"t": 148.4, "x": -10, "y": 643, "h": 267.0, "d5": 0.561, "sm": 0.547, "d6": "tick=194304 goal=0 here=0", "l": [-1.0, 0.5, 1.07, 0.74, 0.67, 0.33, 0.79, 1.3, 0.61, 0.57, 0.64, 0.42, 0.34, 0.34, 0.48, 0.69]}
{"t": 148.6, "x": -90, "y": 630, "h": 261.1, "d5": 0.577, "sm": 0.555, "d6": "tick=194326 goal=0 here=0", "l": [0.91, 0.47, 1.03, 1.76, 0.65, 0.41, 0.24, 1.35, 0.66, 0.63, 0.54, 0.37, 0.36, 0.33, 0.47, 0.66]}
{"t": 148.9, "x": -252, "y": 617, "h": 265.4, "d5": 0.584, "sm": 0.562, "d6": "tick=194352 goal=0 here=0", "l": [0.81, 0.45, 0.96, 1.49, 0.66, 0.71, 0.39, 1.42, 0.71, 0.68, 0.56, 0.38, 0.36, 0.32, 0.43, 0.62]}
{"t": 149.1, "x": -340, "y": 602, "h": 260.6, "d5": 0.593, "sm": 0.57, "d6": "tick=194381 goal=0 here=0", "l": [0.73, 0.6, 0.89, 1.34, 0.71, 0.72, 0.44, 1.5, 0.76, 0.75, 0.58, 0.38, 0.31, 0.37, 0.41, 0.56]}
{"t": 149.4, "x": -434, "y": 585, "h": 259.7, "d5": 0.611, "sm": 0.58, "d6": "tick=194402 goal=0 here=0", "l": [0.69, 0.7, 0.29, 1.1, -1.0, 0.72, 0.5, 0.37, 1.35, 0.82, 0.61, 0.41, 0.28, 0.37, 0.43, 0.52]}
{"t": 149.7, "x": -564, "y": 559, "h": 258.4, "d5": 0.636, "sm": 0.594, "d6": "tick=194423 goal=0 here=0", "l": [0.63, 0.62, 0.28, 1.07, 2.73, 0.65, 0.72, 0.46, 1.41, 0.85, 0.62, 0.39, 0.28, 0.34, 0.41, 0.48]}
{"t": 149.9, "x": -668, "y": 535, "h": 257.4, "d5": 0.652, "sm": 0.608, "d6": "tick=194454 goal=0 here=0", "l": [0.58, 0.55, 0.43, 0.23, 2.2, 0.72, 0.86, 0.58, 1.55, 0.93, 0.54, 0.33, 0.34, 0.33, 0.4, 0.57]}
{"t": 150.1, "x": -758, "y": 514, "h": 256.7, "d5": 0.661, "sm": 0.622, "d6": "tick=194474 goal=0 here=0", "l": [0.52, 0.51, 0.41, 0.23, 0.23, -1.0, 0.84, 0.61, 1.58, 0.97, 0.53, 0.33, 0.33, 0.31, 0.35, 0.54]}
{"t": 151.4, "x": -768, "y": 504, "h": 130.0, "d5": 0.667, "sm": 0.633, "d6": "tick=194605 goal=0 here=0", "l": [0.46, 0.33, 0.29, 0.33, 0.36, 0.54, 0.53, 0.51, 0.41, 0.24, 0.21, 0.71, 0.81, 0.57, 1.0, 1.03]}
{"t": 152.8, "x": -769, "y": 511, "h": 261.0, "d5": 0.665, "sm": 0.641, "d6": "tick=194744 goal=0 here=0", "l": [0.51, 0.49, 0.4, 0.22, 0.23, 0.76, 0.87, 0.62, 1.05, 1.04, 0.49, 0.33, 0.32, 0.29, 0.35, 0.54]}
{"t": 153.0, "x": -852, "y": 499, "h": 261.8, "d5": 0.676, "sm": 0.65, "d6": "tick=194767 goal=0 here=0", "l": [0.46, 0.45, 0.37, 0.2, 0.23, 0.78, 0.89, 0.67, 1.56, 1.07, 0.5, 0.36, 0.3, 0.31, 0.31, 0.48]}
{"t": 153.2, "x": -944, "y": 485, "h": 260.8, "d5": 0.684, "sm": 0.658, "d6": "tick=194787 goal=0 here=0", "l": [0.41, 0.43, 0.4, 0.35, 0.22, 0.23, 0.89, 0.7, 1.65, 1.11, 0.51, 0.35, 0.27, 0.32, 0.27, 0.45]}
{"t": 153.4, "x": -1038, "y": 466, "h": 258.8, "d5": 0.7, "sm": 0.669, "d6": "tick=194808 goal=0 here=0", "l": [0.37, 0.43, 0.44, 0.32, 0.23, 0.22, 0.94, 0.74, 1.71, 1.16, 0.43, 0.35, 0.3, 0.29, 0.26, 0.42]}
{"t": 153.6, "x": -1131, "y": 442, "h": 255.6, "d5": 0.723, "sm": 0.682, "d6": "tick=194829 goal=0 here=0", "l": [0.34, 0.41, 0.36, 0.28, 0.32, 0.23, 0.32, 0.78, 1.76, 1.2, 0.42, 0.31, 0.3, 0.25, 0.28, 0.37]}
{"t": 155.3, "x": -1136, "y": 430, "h": 67.3, "d5": 0.721, "sm": 0.692, "d6": "tick=194992 goal=0 here=0", "l": [1.82, 1.1, 0.62, 0.38, 0.26, 0.27, 0.2, 0.34, 0.39, 0.37, 0.34, 0.32, 0.3, 0.22, 0.3, 0.97]}
{"t": 155.5, "x": -1055, "y": 461, "h": 69.3, "d5": 0.702, "sm": 0.694, "d6": "tick=195016 goal=0 here=0", "l": [1.77, 1.05, 0.63, 0.38, 0.28, 0.31, 0.23, 0.4, 0.43, 0.4, 0.37, 0.32, 0.31, 0.23, 0.29, 0.92]}
{"t": 155.7, "x": -966, "y": 498, "h": 67.1, "d5": 0.693, "sm": 0.694, "d6": "tick=195037 goal=0 here=0", "l": [1.72, 1.03, 0.69, 0.4, 0.3, 0.28, 0.3, 0.43, 0.49, 0.49, 0.42, 0.33, 0.22, 0.2, 0.77, 0.88]}
{"t": 156.0, "x": -863, "y": 547, "h": 64.7, "d5": 0.666, "sm": 0.687, "d6": "tick=195062 goal=0 here=0", "l": [0.57, 1.04, 0.82, 0.36, 0.36, 0.3, 0.33, 0.45, 0.53, 0.5, 0.48, 0.35, 0.2, 0.21, 0.74, 0.81]}
{"t": 156.2, "x": -776, "y": 588, "h": 64.7, "d5": 0.661, "sm": 0.681, "d6": "tick=195083 goal=0 here=0", "l": [0.55, 1.01, 1.04, 0.48, 0.33, 0.31, 0.38, 0.38, 0.61, 0.58, 0.44, 0.22, 0.21, 2.65, 0.67, 0.78]}
{"t": 156.8, "x": -770, "y": 590, "h": 110.0, "d5": 0.657, "sm": 0.675, "d6": "tick=195147 goal=0 here=0", "l": [1.04, 0.51, 0.35, 0.35, 0.35, 0.37, 0.58, 0.55, 0.51, 0.35, 0.2, 0.2, 0.71, 0.81, 0.61, 0.96]}
{"t": 157.0, "x": -690, "y": 570, "h": 104.4, "d5": 0.644, "sm": 0.667, "d6": "tick=195169 goal=0 here=0", "l": [0.99, 0.48, 0.32, 0.35, 0.34, 0.41, 0.59, 0.56, 0.55, 0.26, 0.24, 2.74, 0.69, 0.76, 0.53, 0.95]}
{"t": 157.2, "x": -592, "y": 549, "h": 102.2, "d5": 0.624, "sm": 0.656, "d6": "tick=195191 goal=0 here=0", "l": [0.95, 0.46, 0.31, 0.33, 0.3, 0.42, 0.6, 0.6, 0.6, 0.29, 0.24, 2.76, 0.7, 0.74, 0.49, 0.91]}
{"t": 157.5, "x": -498, "y": 526, "h": 103.3, "d5": 0.633, "sm": 0.65, "d6": "tick=195212 goal=0 here=0", "l": [0.9, 0.47, 0.35, 0.26, 0.32, 0.4, 0.45, 0.64, 0.64, 0.31, 1.1, 0.73, 0.76, 0.55, 1.58, 0.86]}
{"t": 157.7, "x": -403, "y": 510, "h": 99.8, "d5": 0.62, "sm": 0.643, "d6": "tick=195232 goal=0 here=0", "l": [0.83, 0.52, 0.32, 0.24, 0.32, 0.35, 0.48, 0.68, 0.69, -1.0, 1.15, 0.75, 0.8, 0.51, 1.55, 0.82]}
{"t": 157.9, "x": -309, "y": 499, "h": 97.0, "d5": 0.605, "sm": 0.633, "d6": "tick=195254 goal=0 here=0", "l": [0.78, 0.53, 0.3, 0.25, 0.25, 0.33, 0.5, 0.79, 0.72, 0.4, 1.19, 0.77, 0.78, 0.49, 1.52, 0.77]}
{"t": 158.1, "x": -216, "y": 476, "h": 103.8, "d5": 0.617, "sm": 0.629, "d6": "tick=195274 goal=0 here=0", "l": [0.71, 0.46, 0.3, 0.28, 0.21, 0.33, 0.52, 0.85, 0.79, 0.44, 1.24, 0.81, 0.79, 0.44, 1.5, 0.73]}
{"t": 158.3, "x": -121, "y": 464, "h": 96.7, "d5": 0.585, "sm": 0.618, "d6": "tick=195296 goal=0 here=0", "l": [0.64, 0.46, 0.3, 0.28, 0.25, 0.26, 0.46, 0.9, 0.84, 0.48, 1.44, 0.8, 0.76, 0.86, 1.47, 0.69]}
{"t": 158.5, "x": -30, "y": 451, "h": 98.6, "d5": 0.59, "sm": 0.611, "d6": "tick=195316 goal=0 here=0", "l": [0.57, 0.44, 0.32, 0.23, 0.23, 0.25, 0.43, 0.88, 0.88, 0.53, 1.46, 0.8, 0.78, 0.84, 1.42, 0.64]}
{"t": 158.7, "x": 66, "y": 438, "h": 97.7, "d5": 0.583, "sm": 0.604, "d6": "tick=195337 goal=0 here=0", "l": [0.51, 0.59, 0.33, 0.24, 0.23, 0.25, 0.43, 0.71, 0.95, 0.56, 1.51, 0.76, 0.44, 0.85, 1.37, 0.59]}
{"t": 159.7, "x": 70, "y": 441, "h": 182.3, "d5": 0.558, "sm": 0.593, "d6": "tick=195429 goal=0 here=0", "l": [0.21, 0.27, -1.0, 0.67, 0.93, 0.61, 1.32, 0.86, 0.79, 0.84, 1.61, 0.6, 0.48, 0.62, 0.36, 0.23]}
{"t": 161.4, "x": 80, "y": 440, "h": 8.1, "d5": 0.559, "sm": 0.584, "d6": "tick=195603 goal=0 here=0", "l": [0.46, 0.84, 1.36, 0.59, 0.52, 0.58, 0.35, 0.24, 0.24, 0.27, 0.44, 0.72, 0.94, 0.55, 1.51, 0.76]}
{"t": 161.6, "x": 89, "y": 526, "h": 5.5, "d5": 0.548, "sm": 0.575, "d6": "tick=195626 goal=0 here=0", "l": [0.41, 0.8, 1.35, 0.57, 0.47, 0.61, 0.38, 0.29, 0.29, 0.31, 0.46, 0.95, 0.94, 1.04, 1.48, 0.74]}
{"t": 161.8, "x": 96, "y": 620, "h": 4.5, "d5": 0.552, "sm": 0.569, "d6": "tick=195646 goal=0 here=0", "l": [0.37, 0.75, 1.49, 1.16, 0.53, 0.63, 0.42, 0.33, 0.32, 0.34, 0.52, 0.99, 0.9, 1.07, 1.46, 0.66]}
{"t": 162.1, "x": 105, "y": 741, "h": 4.4, "d5": 0.545, "sm": 0.563, "d6": "tick=195673 goal=0 here=0", "l": [0.34, 0.71, 1.48, 1.12, 0.55, 0.61, 0.49, 0.39, 0.36, 0.39, 0.57, 1.05, 0.94, 1.06, 1.42, 0.62]}
{"t": 162.7, "x": 102, "y": 754, "h": 310.3, "d5": 0.542, "sm": 0.558, "d6": "tick=195739 goal=0 here=0", "l": [1.18, 0.74, 0.66, 0.26, 0.71, 1.22, 0.55, 0.51, 0.68, 0.47, 0.37, 0.41, 0.54, 0.77, 1.04, 0.91]}
{"t": 162.9, "x": 36, "y": 803, "h": 306.3, "d5": 0.542, "sm": 0.554, "d6": "tick=195759 goal=0 here=0", "l": [1.08, 0.7, 0.62, 0.27, 0.14, 1.28, 1.13, 0.56, 0.72, 0.51, 0.41, 0.44, 0.57, 0.75, 1.0, 0.91]}
{"t": 163.1, "x": -42, "y": 859, "h": 306.1, "d5": 0.549, "sm": 0.553, "d6": "tick=195780 goal=0 here=0", "l": [1.01, 0.66, 0.55, 0.53, 0.26, 0.12, 1.19, 0.62, 0.74, 0.56, 0.45, 0.42, 0.57, 0.77, 0.94, 0.87]}
{"t": 163.3, "x": -116, "y": 921, "h": 309.3, "d5": 0.549, "sm": 0.552, "d6": "tick=195801 goal=0 here=0", "l": [0.97, 1.43, 0.48, 0.56, 0.25, 0.21, 1.24, 0.67, 0.8, 0.6, 0.45, 0.45, 0.59, 0.91, 0.92, 0.8]}
{"t": 163.5, "x": -195, "y": 974, "h": 304.3, "d5": 0.551, "sm": 0.552, "d6": "tick=195822 goal=0 here=0", "l": [0.9, 1.35, 0.5, 0.55, 0.32, 0.26, 0.2, 0.72, 0.86, 0.63, 0.52, 0.49, 0.64, 0.89, 0.84, 0.76]}
{"t": 163.8, "x": -272, "y": 1023, "h": 302.5, "d5": 0.565, "sm": 0.555, "d6": "tick=195842 goal=0 here=0", "l": [0.85, 1.28, 0.52, 0.52, 0.46, 0.28, 0.26, 0.76, -1.0, 0.67, 0.53, 0.54, 0.64, 0.9, 0.77, 0.72]}
{"t": 164.0, "x": -355, "y": 1081, "h": 305.0, "d5": 0.564, "sm": 0.557, "d6": "tick=195864 goal=0 here=0", "l": [0.79, 1.23, 0.52, 0.44, 0.54, 0.3, 0.31, 0.79, 0.94, 0.71, 0.58, 0.6, 0.68, 0.91, 0.36, 0.68]}
{"t": 164.2, "x": -434, "y": 1135, "h": 304.1, "d5": 0.569, "sm": 0.56, "d6": "tick=195885 goal=0 here=0", "l": [0.72, 1.08, 0.44, 0.39, 0.52, 0.44, 0.35, 0.32, 0.97, 0.74, 0.59, 0.62, 0.68, 0.89, 0.37, 0.62]}
{"t": 164.4, "x": -518, "y": 1183, "h": 299.6, "d5": 0.566, "sm": 0.562, "d6": "tick=195906 goal=0 here=0", "l": [0.68, 1.05, 0.42, 0.4, 0.51, 0.51, 0.36, 0.37, 1.0, 0.78, 0.63, 0.63, 0.69, 0.84, 0.38, 0.59]}
{"t": 164.6, "x": -598, "y": 1235, "h": 303.1, "d5": 0.588, "sm": 0.568, "d6": "tick=195927 goal=0 here=0", "l": [0.64, 0.82, 1.9, 0.42, 0.41, 0.52, 0.4, -1.0, 1.0, 0.85, 0.62, 0.66, 0.67, 0.17, 0.34, 0.54]}
{"t": 166.0, "x": -614, "y": 1232, "h": 155.9, "d5": 0.574, "sm": 0.57, "d6": "tick=196064 goal=0 here=0", "l": [0.7, 0.68, 0.71, 0.17, 0.29, 0.59, 0.63, 0.75, 1.16, 0.38, 0.37, 0.53, 0.51, 0.41, 0.95, 0.94]}
{"t": 166.2, "x": -572, "y": 1155, "h": 152.0, "d5": 0.57, "sm": 0.57, "d6": "tick=196087 goal=0 here=0", "l": [0.67, 0.6, 0.66, 0.8, 0.18, 0.6, 0.6, 0.72, 1.19, 0.42, 0.4, 0.55, 0.48, 0.42, 0.92, 0.93]}
{"t": 166.4, "x": -523, "y": 1072, "h": 149.1, "d5": 0.574, "sm": 0.571, "d6": "tick=196108 goal=0 here=0", "l": [0.61, 0.53, 0.6, 0.65, 0.72, 0.33, 0.59, 0.74, 1.23, 0.49, 0.43, 0.57, 0.37, 0.39, 0.88, 0.89]}
{"t": 166.6, "x": -482, "y": 986, "h": 154.3, "d5": 0.593, "sm": 0.576, "d6": "tick=196129 goal=0 here=0", "l": [0.56, 0.48, 0.51, 0.62, 0.77, 0.28, 0.62, 0.76, 1.22, 0.53, 0.49, 0.57, 0.39, 0.36, 0.84, 0.83]}
{"t": 166.8, "x": -426, "y": 907, "h": 145.2, "d5": 0.598, "sm": 0.582, "d6": "tick=196150 goal=0 here=0", "l": [0.53, 0.43, 0.5, 0.6, 0.84, 0.68, 0.67, 0.79, 1.27, 0.57, 0.54, 0.56, 0.4, 1.39, 0.78, 0.79]}
{"t": 167.0, "x": -378, "y": 823, "h": 149.7, "d5": 0.595, "sm": 0.585, "d6": "tick=196171 goal=0 here=0", "l": [-1.0, 0.41, 0.47, 0.55, 0.77, 0.78, 0.31, 0.82, 1.26, 0.62, 0.62, 0.57, 0.38, 1.37, 0.74, 0.72]}
{"t": 167.2, "x": -322, "y": 746, "h": 144.2, "d5": 0.586, "sm": 0.585, "d6": "tick=196192 goal=0 here=0", "l": [0.44, 0.38, 0.4, 0.48, 0.61, 0.77, 0.39, 0.88, 1.29, 0.66, 0.68, 0.42, 0.34, 1.33, 0.72, 0.67]}
{"t": 167.5, "x": -253, "y": 647, "h": 145.3, "d5": 0.584, "sm": 0.585, "d6": "tick=196218 goal=0 here=0", "l": [0.41, 0.37, 0.33, 0.41, 0.57, 0.75, 0.76, 0.9, 1.31, 0.71, 0.73, 0.42, 1.63, 1.34, 0.69, 0.61]}
{"t": 167.7, "x": -197, "y": 572, "h": 143.2, "d5": 0.617, "sm": 0.593, "d6": "tick=196238 goal=0 here=0", "l": [0.33, 0.3, 0.28, 0.38, 0.57, 0.84, 0.77, 0.42, 1.21, 0.77, 0.76, 0.43, 1.47, 0.72, 0.66, 0.53]}
{"t": 169.1, "x": -180, "y": 569, "h": 353.2, "d5": 0.595, "sm": 0.593, "d6": "tick=196379 goal=0 here=0", "l": [0.7, 0.75, 0.34, 1.44, 0.71, 0.75, 0.49, 0.31, 0.31, 0.24, 0.39, 0.58, 0.79, 0.68, 0.97, 1.53]}
{"t": 169.4, "x": -191, "y": 653, "h": 352.3, "d5": 0.592, "sm": 0.593, "d6": "tick=196402 goal=0 here=0", "l": [0.68, 0.7, 0.39, 1.45, 0.72, 0.69, 0.55, 0.36, 0.32, 0.3, 0.42, 0.59, 0.8, 0.65, 0.94, 1.46]}
{"t": 169.6, "x": -208, "y": 746, "h": 349.5, "d5": 0.579, "sm": 0.59, "d6": "tick=196422 goal=0 here=0", "l": [0.66, 0.67, 0.39, 1.42, 1.25, 0.66, 0.74, 0.43, 0.39, 0.37, 0.48, 0.65, 0.82, 0.42, 0.92, 1.43]}
{"t": 169.8, "x": -230, "y": 842, "h": 346.9, "d5": 0.564, "sm": 0.583, "d6": "tick=196444 goal=0 here=0", "l": [0.62, 0.62, 0.35, 0.3, 1.31, 0.7, 0.87, 0.5, 0.45, 0.39, 0.54, 0.83, 0.83, 0.35, 0.9, 1.37]}
{"t": 170.0, "x": -254, "y": 934, "h": 345.9, "d5": 0.564, "sm": 0.578, "d6": "tick=196465 goal=0 here=0", "l": [0.58, 0.59, 0.49, 0.3, 0.24, 0.73, 0.87, 0.59, 0.49, 0.47, 0.59, 0.85, 0.85, 0.77, 0.86, 1.32]}
{"t": 170.2, "x": -282, "y": 1026, "h": 342.8, "d5": 0.554, "sm": 0.572, "d6": "tick=196486 goal=0 here=0", "l": [0.55, 0.5, 0.49, 0.28, 0.27, 0.76, 0.88, -1.0, 0.55, 0.51, 0.64, 0.87, 0.81, 0.72, 0.82, 1.24]}
{"t": 170.4, "x": -308, "y": 1119, "h": 344.6, "d5": 0.554, "sm": 0.568, "d6": "tick=196507 goal=0 here=0", "l": [0.49, 0.43, 0.52, 0.26, 0.28, 0.27, 0.85, 0.73, 0.6, 0.57, 0.7, 0.89, 0.36, 0.7, 0.8, 1.19]}
{"t": 172.0, "x": -322, "y": 1124, "h": 172.7, "d5": 0.561, "sm": 0.566, "d6": "tick=196669 goal=0 here=0", "l": [0.58, 0.6, 0.73, 0.83, 0.47, 0.72, 0.89, 1.49, 0.45, 0.49, 0.44, 0.26, 0.29, 0.81, 0.96, 0.68]}
{"t": 172.2, "x": -310, "y": 1043, "h": 171.6, "d5": 0.574, "sm": 0.568, "d6": "tick=196691 goal=0 here=0", "l": [0.56, 0.58, 0.7, 0.94, 0.35, 0.69, 0.84, 1.3, -1.0, 0.54, 0.48, 0.31, 0.27, 0.78, 0.9, 0.65]}
{"t": 172.5, "x": -296, "y": 948, "h": 172.0, "d5": 0.558, "sm": 0.566, "d6": "tick=196712 goal=0 here=0", "l": [0.49, 0.52, 0.62, 0.88, 0.79, 0.73, 0.84, 1.33, 0.57, 0.57, 0.51, 0.31, 0.27, 0.77, 0.89, 0.59]}
{"t": 172.7, "x": -277, "y": 853, "h": 168.4, "d5": 0.569, "sm": 0.566, "d6": "tick=196733 goal=0 here=0", "l": [0.49, 0.45, 0.54, 0.81, 0.83, 0.33, 0.86, 1.32, 0.62, 0.63, 0.37, 0.32, 1.3, 0.74, 0.85, 0.51]}
{"t": 172.9, "x": -254, "y": 762, "h": 166.0, "d5": 0.574, "sm": 0.568, "d6": "tick=196754 goal=0 here=0", "l": [0.43, 0.36, 0.47, 0.61, 0.8, 0.41, 0.92, 1.33, 0.66, 0.68, 0.4, 0.27, 1.33, 0.69, 0.83, 0.46]}
{"t": 173.1, "x": -227, "y": 668, "h": 164.0, "d5": 0.591, "sm": 0.574, "d6": "tick=196775 goal=0 here=0", "l": [0.36, 0.31, 0.43, 0.61, 0.79, 0.79, 0.92, 1.34, 0.72, 0.7, 0.41, 1.64, 1.31, 0.67, 0.78, 0.42]}
{"t": 174.0, "x": -221, "y": 665, "h": 264.1, "d5": 0.574, "sm": 0.574, "d6": "tick=196867 goal=0 here=0", "l": [0.84, 0.43, 0.94, 1.52, 0.65, 0.69, 0.38, 1.42, 0.71, 0.74, 0.56, 0.35, 0.34, 0.34, 0.46, 0.65]}
{"t": 174.3, "x": -330, "y": 654, "h": 264.1, "d5": 0.613, "sm": 0.584, "d6": "tick=196890 goal=0 here=0", "l": [0.81, 0.4, 0.91, 1.46, 0.69, 0.69, 0.41, 1.48, 0.77, 0.8, 0.55, 0.38, 0.33, 0.38, 0.45, 0.76]}
{"t": 174.5, "x": -436, "y": 636, "h": 260.3, "d5": 0.607, "sm": 0.59, "d6": "tick=196916 goal=0 here=0", "l": [0.73, 0.56, 0.27, 1.36, 0.71, 0.76, 0.47, 1.55, 0.81, 0.88, 0.58, 0.4, 0.3, 0.38, 0.45, 0.69]}
{"t": 174.7, "x": -541, "y": 614, "h": 258.1, "d5": 0.633, "sm": 0.6, "d6": "tick=196942 goal=0 here=0", "l": [0.67, 0.63, 0.28, 1.08, 0.7, 0.69, 0.68, 0.43, 0.87, 0.9, 0.53, 0.41, 0.34, 0.37, 0.46, 0.65]}
{"t": 175.0, "x": -632, "y": 598, "h": 260.2, "d5": 0.645, "sm": 0.612, "d6": "tick=196962 goal=0 here=0", "l": [0.57, 0.59, 0.25, 0.23, 2.74, 0.66, 0.74, 0.5, 0.91, 0.98, 0.52, 0.33, 0.34, 0.34, 0.41, 0.61]}
{"t": 175.2, "x": -731, "y": 578, "h": 258.8, "d5": 0.65, "sm": 0.621, "d6": "tick=196984 goal=0 here=0", "l": [0.54, 0.54, 0.38, 0.21, 2.68, 0.73, 0.83, 0.59, 1.5, -1.0, 0.49, 0.34, 0.35, 0.33, 0.37, 0.56]}
{"t": 175.4, "x": -821, "y": 563, "h": 260.1, "d5": 0.658, "sm": 0.63, "d6": "tick=197004 goal=0 here=0", "l": [0.49, 0.44, 0.37, 0.21, 0.2, 0.75, 0.85, 0.62, 1.56, 1.05, 0.53, 0.35, 0.32, 0.34, 0.34, 0.53]}
{"t": 175.6, "x": -915, "y": 544, "h": 258.6, "d5": 0.676, "sm": 0.642, "d6": "tick=197025 goal=0 here=0", "l": [0.43, 0.42, 0.32, 0.28, 0.19, 0.22, 0.89, 0.69, 1.66, 1.1, 0.56, 0.37, 0.3, 0.34, 0.29, 0.49]}
{"t": 177.1, "x": -922, "y": 531, "h": 104.7, "d5": 0.678, "sm": 0.651, "d6": "tick=197172 goal=0 here=0", "l": [0.91, 0.39, 0.35, 0.29, 0.34, 0.31, 0.55, 0.47, 0.42, 0.3, 0.2, 0.21, 0.79, 0.89, 0.66, 1.08]}
{"t": 177.3, "x": -845, "y": 507, "h": 107.3, "d5": 0.67, "sm": 0.656, "d6": "tick=197199 goal=0 here=0", "l": [1.04, 0.45, 0.35, 0.28, 0.34, 0.3, 0.5, 0.48, 0.46, 0.36, 0.2, 0.23, 0.78, 0.83, 0.61, 1.04]}
{"t": 177.5, "x": -750, "y": 485, "h": 103.3, "d5": 0.662, "sm": 0.657, "d6": "tick=197220 goal=0 here=0", "l": [1.0, 0.43, 0.29, 0.28, 0.3, 0.34, 0.5, 0.51, 0.52, -1.0, 0.26, 0.24, 0.74, 0.81, 0.56, 1.0]}
{"t": 177.7, "x": -658, "y": 460, "h": 105.1, "d5": 0.659, "sm": 0.658, "d6": "tick=197241 goal=0 here=0", "l": [0.96, 0.42, 0.28, 0.27, 0.27, 0.34, 0.38, 0.54, -1.0, 0.45, 0.29, 2.84, 0.75, 0.79, 1.7, 0.96]}
{"t": 177.9, "x": -568, "y": 446, "h": 98.6, "d5": 0.645, "sm": 0.654, "d6": "tick=197261 goal=0 here=0", "l": [0.94, 0.38, 0.23, 0.24, 0.26, 0.33, 0.39, 0.64, 0.62, 0.51, 0.33, 2.84, 0.74, 0.64, 1.64, 0.9]}
{"t": 178.2, "x": -450, "y": 431, "h": 97.5, "d5": 0.639, "sm": 0.651, "d6": "tick=197282 goal=0 here=0", "l": [0.89, 0.38, 0.25, 0.21, 0.25, 0.29, 0.44, 0.69, 0.66, 0.54, 0.33, 2.87, 0.81, 0.58, 1.63, 0.86]}
{"t": 178.5, "x": -439, "y": 430, "h": 87.5, "d5": 0.641, "sm": 0.648, "d6": "tick=197316 goal=0 here=0", "l": [0.82, 0.84, 0.34, -1.0, 0.2, 0.26, 0.3, 0.43, 0.65, 0.69, 0.39, 1.39, 0.81, 0.84, 0.53, 1.52]}
{"t": 178.7, "x": -352, "y": 438, "h": 84.3, "d5": 0.619, "sm": 0.641, "d6": "tick=197339 goal=0 here=0", "l": [0.79, 0.81, 0.34, 0.28, 0.19, 0.24, 0.31, 0.46, 0.75, 0.69, 0.4, 1.42, 0.81, 0.84, 0.51, 1.53]}
{"t": 178.9, "x": -256, "y": 454, "h": 80.8, "d5": 0.616, "sm": 0.635, "d6": "tick=197360 goal=0 here=0", "l": [0.74, 0.76, 0.43, 0.28, 0.23, 0.22, 0.32, 0.5, 0.8, 0.77, 0.42, 1.43, 0.82, 0.79, 0.42, 1.51]}
{"t": 179.1, "x": -161, "y": 468, "h": 81.6, "d5": 0.587, "sm": 0.623, "d6": "tick=197381 goal=0 here=0", "l": [0.72, 0.71, 0.46, 0.27, 0.27, 0.22, 0.33, 0.54, 0.84, 0.8, 0.46, 1.47, 0.78, 0.8, 0.88, 1.46]}
{"t": 179.3, "x": -68, "y": 488, "h": 77.7, "d5": 0.579, "sm": 0.612, "d6": "tick=197402 goal=0 here=0", "l": [0.66, 0.67, 0.46, 0.27, 0.26, 0.25, 0.27, 0.49, 0.92, 0.85, 1.02, 1.52, 0.74, 0.72, 0.85, 1.42]}
{"t": 179.6, "x": 22, "y": 505, "h": 79.6, "d5": 0.581, "sm": 0.604, "d6": "tick=197422 goal=0 here=0", "l": [0.62, 0.58, 0.46, 0.33, 0.26, 0.27, 0.27, 0.47, 0.98, 0.92, 1.08, 1.58, 0.69, 0.44, 0.82, 1.39]}
{"t": 179.8, "x": 115, "y": 527, "h": 76.7, "d5": 0.561, "sm": 0.593, "d6": "tick=197443 goal=0 here=0", "l": [0.57, 0.49, 0.61, 0.35, 0.27, 0.28, 0.32, 0.51, 1.03, 0.95, 1.12, 1.6, 0.72, 0.39, 0.8, 1.34]}
{"t": 180.0, "x": 209, "y": 550, "h": 76.3, "d5": 0.545, "sm": 0.581, "d6": "tick=197464 goal=0 here=0", "l": [0.52, 0.43, 0.56, 0.36, 0.29, 0.28, 0.34, 0.53, 1.07, 1.01, 1.15, 1.62, 0.76, 0.75, 0.77, 1.27]}
{"t": 180.2, "x": 304, "y": 569, "h": 78.2, "d5": 0.526, "sm": 0.567, "d6": "tick=197485 goal=0 here=0", "l": [0.48, 0.4, 0.53, 0.36, 0.32, 0.3, 0.36, 0.52, 1.07, 1.04, 1.19, 1.64, 0.78, 0.75, 0.74, 1.26]}
{"t": 180.4, "x": 412, "y": 607, "h": 71.0, "d5": 0.507, "sm": 0.552, "d6": "tick=197510 goal=0 here=0", "l": [0.4, 0.34, 0.47, 0.46, 0.34, 0.31, 0.33, 0.43, 1.08, 1.11, 1.23, 0.89, 0.29, 0.73, 0.72, 1.2]}
{"t": 182.0, "x": 419, "y": 620, "h": 277.7, "d5": 0.517, "sm": 0.543, "d6": "tick=197667 goal=0 here=0", "l": [1.1, 1.24, 0.87, 0.3, 0.72, 0.73, 1.19, 0.39, 0.36, 0.44, 0.45, 0.34, 0.32, 0.36, 0.47, 1.13]}
{"t": 182.2, "x": 333, "y": 628, "h": 274.8, "d5": 0.524, "sm": 0.539, "d6": "tick=197690 goal=0 here=0", "l": [1.06, 1.17, 1.65, 0.22, 0.71, 0.71, 1.22, 0.44, 0.4, 0.49, 0.45, 0.37, 0.3, 0.39, 0.47, 1.08]}
{"t": 182.4, "x": 242, "y": 641, "h": 278.1, "d5": 0.519, "sm": 0.534, "d6": "tick=197710 goal=0 here=0", "l": [0.99, 1.15, 1.52, 0.69, 0.68, 0.68, 1.26, 1.09, 0.46, 0.56, 0.41, 0.38, 0.3, 0.37, 0.53, 1.03]}
{"t": 182.6, "x": 146, "y": 652, "h": 276.8, "d5": 0.543, "sm": 0.536, "d6": "tick=197731 goal=0 here=0", "l": [0.95, 1.04, 1.46, 0.68, 0.35, 0.74, 1.49, 1.14, 0.49, 0.6, 0.42, 0.36, 0.3, 0.37, 0.55, 0.97]}
{"t": 182.9, "x": 51, "y": 660, "h": 274.5, "d5": 0.547, "sm": 0.539, "d6": "tick=197752 goal=0 here=0", "l": [0.91, 0.96, 1.24, 0.74, 0.7, 0.76, 1.53, 1.16, 0.55, 0.64, 0.46, 0.35, 0.34, 0.36, 0.5, 0.93]}
{"t": 183.1, "x": -47, "y": 662, "h": 271.3, "d5": 0.572, "sm": 0.547, "d6": "tick=197773 goal=0 here=0", "l": [0.87, 0.9, 1.2, 0.76, 0.71, 0.35, 2.32, 1.19, 0.61, 0.69, 0.46, 0.34, 0.36, 0.32, 0.5, 0.9]}
{"t": 183.9, "x": -60, "y": 658, "h": 192.3, "d5": 0.562, "sm": 0.551, "d6": "tick=197858 goal=0 here=0", "l": [0.33, 0.46, 0.66, 0.87, 0.72, 1.02, 1.52, 0.63, 0.7, 0.24, 1.37, 0.64, 0.59, 0.71, 0.42, 0.33]}
{"t": 185.0, "x": -51, "y": 659, "h": 298.1, "d5": 0.57, "sm": 0.556, "d6": "tick=197961 goal=0 here=0", "l": [0.94, 1.2, 0.74, -1.0, 0.33, 1.56, 1.22, 0.6, 0.68, 0.45, 0.32, 0.36, 0.32, 0.55, 0.95, 0.85]}
{"t": 185.2, "x": -132, "y": 693, "h": 292.7, "d5": 0.574, "sm": 0.56, "d6": "tick=197984 goal=0 here=0", "l": [0.88, 1.18, 0.72, 0.69, 0.36, 1.59, 1.23, 0.66, 0.75, 0.48, 0.36, 0.34, 0.43, 0.61, 0.94, 0.81]}
{"t": 185.4, "x": -219, "y": 736, "h": 296.4, "d5": 0.574, "sm": 0.564, "d6": "tick=198005 goal=0 here=0", "l": [0.81, -1.0, 0.66, 0.67, 0.41, 0.28, 1.27, 0.71, 0.8, 0.53, 0.37, 0.33, 0.46, 0.63, 0.87, 0.77]}
{"t": 185.6, "x": -298, "y": 780, "h": 299.0, "d5": 0.579, "sm": 0.567, "d6": "tick=198025 goal=0 here=0", "l": [0.75, 1.06, 0.65, 0.58, 0.59, 0.38, 1.35, 0.75, 0.86, 0.6, 0.42, 0.35, 0.46, 0.6, 0.82, 0.74]}
{"t": 185.8, "x": -390, "y": 820, "h": 293.4, "d5": 0.584, "sm": 0.572, "d6": "tick=198046 goal=0 here=0", "l": [0.69, 0.99, 1.79, 0.56, 0.65, 0.41, 0.32, 0.8, 0.88, 0.62, 0.48, 0.4, 0.45, 0.58, 0.75, 0.67]}
{"t": 186.0, "x": -474, "y": 858, "h": 294.6, "d5": 0.585, "sm": 0.575, "d6": "tick=198067 goal=0 here=0", "l": [0.63, 0.85, 1.62, 0.6, 0.65, 0.43, 0.38, 0.83, 0.9, 0.66, 0.5, 0.45, 0.48, 0.55, 0.68, 0.63]}
{"t": 186.2, "x": -563, "y": 897, "h": 293.7, "d5": 0.6, "sm": 0.581, "d6": "tick=198088 goal=0 here=0", "l": [0.14, 0.77, 1.56, 0.57, 0.63, 0.59, 0.44, 0.93, 0.96, 0.67, 0.49, -1.0, 0.5, 0.57, 0.65, 0.59]}
{"t": 186.8, "x": -569, "y": 899, "h": 330.8, "d5": 0.609, "sm": 0.588, "d6": "tick=198149 goal=0 here=0", "l": [1.28, 0.58, 0.56, 0.61, 0.46, 1.41, 0.9, 0.73, 0.54, 0.47, 0.49, 0.56, 0.66, 0.59, 0.17, 0.74]}
{"t": 187.1, "x": -611, "y": 982, "h": 332.8, "d5": 0.604, "sm": 0.592, "d6": "tick=198171 goal=0 here=0", "l": [1.22, 0.52, 0.5, 0.64, 0.46, 0.4, 0.87, 0.78, 0.56, 0.52, 0.55, 0.67, 0.64, 0.19, 0.55, -1.0]}
{"t": 187.3, "x": -664, "y": 1074, "h": 330.0, "d5": 0.601, "sm": 0.594, "d6": "tick=198197 goal=0 here=0", "l": [1.16, 0.48, 0.46, 0.61, 0.43, 0.45, 0.91, 0.85, 0.63, 0.57, 0.6, 0.75, 0.68, 0.29, 0.52, 0.68]}
{"t": 187.5, "x": -710, "y": 1159, "h": 331.7, "d5": 0.585, "sm": 0.592, "d6": "tick=198218 goal=0 here=0", "l": [1.09, 2.5, 0.47, 0.59, 0.55, 0.48, 0.97, 0.92, 0.69, 0.63, 0.64, 0.08, 0.27, 0.3, 0.51, 0.62]}
{"t": 187.8, "x": -769, "y": 1263, "h": 330.5, "d5": 0.573, "sm": 0.587, "d6": "tick=198239 goal=0 here=0", "l": [1.0, 2.44, 0.43, 0.52, 0.56, 0.45, 1.03, 1.09, 0.74, 0.66, 0.69, 0.15, 0.25, 0.52, 0.49, 0.6]}
{"t": 188.0, "x": -819, "y": 1344, "h": 328.5, "d5": 0.564, "sm": 0.581, "d6": "tick=198265 goal=0 here=0", "l": [0.92, 2.4, 0.35, 0.39, 0.6, 0.47, 0.53, 1.21, 0.8, 0.72, 0.19, 0.27, 0.29, 0.46, 0.51, 0.55]}
{"t": 188.2, "x": -869, "y": 1426, "h": 328.1, "d5": 0.58, "sm": 0.581, "d6": "tick=198286 goal=0 here=0", "l": [0.87, 2.36, 0.28, 0.35, 0.57, 0.54, 0.57, 1.26, 0.85, 0.79, 0.22, 0.27, 0.45, 0.42, 0.48, 0.54]}
{"t": 188.4, "x": -926, "y": 1505, "h": 324.5, "d5": 0.575, "sm": 0.58, "d6": "tick=198307 goal=0 here=0", "l": [0.8, 2.2, 0.28, 0.36, 0.36, 0.6, 0.6, 1.29, 0.91, 0.28, 0.29, 0.31, 0.49, 0.38, 0.46, 0.49]}
{"t": 188.7, "x": -979, "y": 1593, "h": 328.8, "d5": 0.567, "sm": 0.576, "d6": "tick=198327 goal=0 here=0", "l": [0.75, 1.74, 0.56, 0.24, 0.34, 0.59, 0.59, 1.31, 0.95, 0.3, 0.35, 0.28, 0.5, 0.36, 0.41, 0.45]}
{"t": 188.9, "x": -1040, "y": 1681, "h": 325.2, "d5": 0.556, "sm": 0.571, "d6": "tick=198353 goal=0 here=0", "l": [0.67, 1.59, 0.78, 0.24, 0.33, 0.64, 0.58, 1.31, 1.03, 0.36, 0.38, 0.47, 0.43, 0.35, 0.35, 0.4]}
{"t": 190.2, "x": -1052, "y": 1683, "h": 119.0, "d5": 0.559, "sm": 0.568, "d6": "tick=198484 goal=0 here=0", "l": [0.68, 1.2, 0.91, 0.36, 0.32, 0.53, 0.35, 0.38, 0.37, 0.48, 0.86, 2.13, 0.44, 0.2, 0.36, 0.65]}
{"t": 190.4, "x": -974, "y": 1642, "h": 117.6, "d5": 0.566, "sm": 0.568, "d6": "tick=198507 goal=0 here=0", "l": [0.64, 1.16, 0.84, 0.35, 0.34, 0.5, 0.37, 0.42, 0.39, 0.51, 1.13, 2.17, 0.23, 0.29, 0.35, 0.62]}
{"t": 190.6, "x": -886, "y": 1605, "h": 112.9, "d5": 0.546, "sm": 0.562, "d6": "tick=198528 goal=0 here=0", "l": [0.61, 1.15, 0.87, 0.33, 0.37, 0.49, 0.44, 0.46, 0.45, 0.55, 1.18, 2.18, 0.2, 0.29, 0.52, 0.56]}
{"t": 190.8, "x": -797, "y": 1567, "h": 113.1, "d5": 0.55, "sm": 0.559, "d6": "tick=198549 goal=0 here=0", "l": [0.55, 1.18, 0.88, 0.81, 0.35, -1.0, 0.54, 0.49, 0.46, 0.63, 1.22, 0.29, 0.26, 0.27, 0.55, 0.5]}
{"t": 191.0, "x": -710, "y": 1539, "h": 107.6, "d5": 0.549, "sm": 0.557, "d6": "tick=198569 goal=0 here=0", "l": [0.52, 1.23, 0.87, 0.82, 0.3, 0.39, 0.6, 0.51, 0.54, 0.66, 1.25, 0.23, 0.27, 0.27, 0.49, 0.44]}
{"t": 191.2, "x": -620, "y": 1511, "h": 107.5, "d5": 0.534, "sm": 0.551, "d6": "tick=198590 goal=0 here=0", "l": [0.43, 1.21, 0.82, 0.78, 0.83, 0.41, 0.63, 0.54, 0.58, 0.73, 1.3, 0.24, 0.26, 0.38, 0.44, 0.39]}
{"t": 191.4, "x": -529, "y": 1480, "h": 108.9, "d5": 0.532, "sm": 0.546, "d6": "tick=198611 goal=0 here=0", "l": [0.42, 1.12, 0.83, 0.74, 0.83, 0.32, 0.43, 0.56, 0.64, 0.78, 1.34, 0.29, 0.23, 0.41, 0.42, 0.33]}
{"t": 192.3, "x": -523, "y": 1480, "h": 172.4, "d5": 0.547, "sm": 0.546, "d6": "tick=198691 goal=0 here=0", "l": [0.73, 0.79, 0.3, 0.43, 0.63, 0.63, 0.75, 1.08, 0.28, 0.25, 0.37, 0.41, 0.38, -1.0, 0.98, 0.93]}
{"t": 192.5, "x": -511, "y": 1399, "h": 171.5, "d5": 0.532, "sm": 0.543, "d6": "tick=198713 goal=0 here=0", "l": [0.7, 0.74, 0.89, 0.4, 0.67, 0.67, 0.77, 1.11, 0.32, 0.28, 0.42, 0.42, 0.32, 0.39, 1.01, 0.87]}
{"t": 192.7, "x": -490, "y": 1304, "h": 167.8, "d5": 0.558, "sm": 0.547, "d6": "tick=198734 goal=0 here=0", "l": [0.66, 0.68, 0.73, 0.35, 0.66, 0.64, 0.74, 1.13, 0.36, 0.32, 0.46, 0.45, 0.32, 0.39, 1.01, 0.83]}
{"t": 192.9, "x": -469, "y": 1211, "h": 167.0, "d5": 0.551, "sm": 0.548, "d6": "tick=198755 goal=0 here=0", "l": [0.61, 0.66, 0.71, 0.79, 0.42, 0.62, 0.75, 1.13, 0.42, 0.36, 0.47, 0.47, 0.35, 0.35, 1.01, 0.77]}
{"t": 193.1, "x": -444, "y": 1118, "h": 165.4, "d5": 0.562, "sm": 0.551, "d6": "tick=198776 goal=0 here=0", "l": [0.57, 0.59, 0.68, 0.89, 0.36, 0.63, 0.73, 1.12, 0.47, 0.41, 0.54, 0.41, 0.36, 0.83, 0.98, 0.71]}
{"t": 193.3, "x": -423, "y": 1025, "h": 167.4, "d5": 0.568, "sm": 0.555, "d6": "tick=198797 goal=0 here=0", "l": [0.56, 0.57, 0.65, 0.83, 0.72, 0.65, 0.78, 1.14, 0.51, 0.45, 0.59, 0.34, 0.32, 0.82, 0.97, 0.66]}
{"t": 193.5, "x": -402, "y": 935, "h": 166.7, "d5": 0.578, "sm": 0.561, "d6": "tick=198817 goal=0 here=0", "l": [0.51, 0.5, 0.56, 0.78, 0.77, 0.21, 0.81, 1.01, 0.53, 0.49, 0.59, 0.34, 0.32, 0.81, 0.92, 0.59]}
{"t": 193.7, "x": -375, "y": 842, "h": 163.5, "d5": 0.589, "sm": 0.568, "d6": "tick=198838 goal=0 here=0", "l": [0.45, 0.44, 0.51, 0.61, 0.76, 0.34, 0.8, 1.05, 0.6, 0.57, 0.6, 0.37, 1.3, 0.77, 0.89, 0.53]}
{"t": 193.9, "x": -347, "y": 750, "h": 163.0, "d5": 0.602, "sm": 0.577, "d6": "tick=198859 goal=0 here=0", "l": [0.41, 0.36, 0.46, 0.57, 0.74, 0.71, 0.78, 1.08, 0.65, 0.61, 0.59, 0.39, 1.32, 0.73, 0.85, 0.47]}
{"t": 194.1, "x": -319, "y": 657, "h": 163.1, "d5": 0.593, "sm": 0.581, "d6": "tick=198880 goal=0 here=0", "l": [0.37, 0.29, 0.42, 0.55, 0.81, 0.71, 0.36, 1.1, 0.69, 0.65, 0.65, 0.32, 1.31, 0.7, 0.82, 0.42]}
{"t": 194.8, "x": -312, "y": 647, "h": 104.2, "d5": 0.592, "sm": 0.583, "d6": "tick=198941 goal=0 here=0", "l": [0.81, 0.57, 0.35, 0.3, 0.39, 0.44, 0.75, 0.8, 0.59, 0.92, 1.47, 0.73, 0.72, 0.42, 1.46, 0.74]}
{"t": 195.0, "x": -225, "y": 619, "h": 107.8, "d5": 0.596, "sm": 0.587, "d6": "tick=198964 goal=0 here=0", "l": [0.72, 0.53, 0.34, 0.33, 0.27, 0.41, 0.58, 0.8, 0.65, 0.97, 1.49, 0.7, 0.71, 0.38, 1.47, 0.72]}
{"t": 195.2, "x": -114, "y": 590, "h": 104.7, "d5": 0.566, "sm": 0.581, "d6": "tick=198989 goal=0 here=0", "l": [0.66, 0.49, 0.35, 0.31, 0.29, 0.43, 0.6, 0.84, 0.69, 1.01, 1.54, 0.66, 0.67, 0.28, 1.42, 0.66]}
{"t": 195.4, "x": -20, "y": 569, "h": 103.0, "d5": 0.564, "sm": 0.577, "d6": "tick=199010 goal=0 here=0", "l": [0.58, 0.52, 0.36, 0.26, 0.31, 0.3, 0.6, 0.9, 0.81, 1.05, 1.59, 0.69, 0.4, 0.83, 1.37, 0.61]}
{"t": 195.6, "x": 73, "y": 550, "h": 101.5, "d5": 0.562, "sm": 0.573, "d6": "tick=199031 goal=0 here=0", "l": [0.5, 0.59, 0.35, 0.27, 0.31, 0.32, 0.53, 1.0, 0.95, 1.09, 1.61, 0.72, 0.37, 0.83, 1.32, 0.57]}
{"t": 195.8, "x": 167, "y": 530, "h": 101.6, "d5": 0.562, "sm": 0.57, "d6": "tick=199051 goal=0 here=0", "l": [0.46, 0.59, 0.35, 0.28, 0.25, 0.32, 0.52, 1.05, 1.0, 1.17, 1.67, 0.74, 0.77, 0.78, 1.26, 0.53]}
{"t": 196.1, "x": 258, "y": 517, "h": 98.5, "d5": 0.532, "sm": 0.561, "d6": "tick=199072 goal=0 here=0", "l": [0.4, 0.51, 0.33, 0.3, 0.26, 0.32, 0.39, 1.04, 1.03, 1.2, 1.69, 0.82, 0.78, 0.81, 1.21, 0.47]}
{"t": 196.3, "x": 353, "y": 496, "h": 102.2, "d5": 0.533, "sm": 0.554, "d6": "tick=199093 goal=0 here=0", "l": [0.35, 0.47, 0.3, 0.3, 0.24, 0.28, 0.38, 0.87, 1.07, 1.24, 0.94, 0.32, 0.78, 0.82, 1.16, 0.43]}
{"t": 197.7, "x": 365, "y": 505, "h": 312.0, "d5": 0.539, "sm": 0.55, "d6": "tick=199233 goal=0 here=0", "l": [1.42, 0.79, 0.76, 0.74, 1.45, 0.43, 0.36, 0.43, 0.46, 0.28, 0.27, 0.26, 0.37, 0.62, 1.09, 0.72]}
{"t": 197.9, "x": 301, "y": 560, "h": 311.0, "d5": 0.535, "sm": 0.546, "d6": "tick=199255 goal=0 here=0", "l": [1.37, 0.8, 0.53, 0.74, 1.55, 1.05, 0.41, 0.44, 0.54, 0.32, 0.31, 0.29, 0.39, 0.67, 1.06, 0.68]}
{"t": 198.1, "x": 227, "y": 620, "h": 309.1, "d5": 0.537, "sm": 0.544, "d6": "tick=199276 goal=0 here=0", "l": [1.27, 0.82, 0.23, 0.73, 2.52, 1.11, 0.48, 0.42, 0.56, 0.37, 0.32, 0.32, 0.39, -1.0, 1.01, 0.63]}
{"t": 198.3, "x": 157, "y": 684, "h": 312.6, "d5": 0.544, "sm": 0.544, "d6": "tick=199297 goal=0 here=0", "l": [1.24, 0.78, 0.68, 0.71, 0.79, 1.18, 0.52, 0.45, 0.64, 0.42, 0.33, 0.37, 0.38, 0.76, 1.03, 0.57]}
{"t": 198.5, "x": 84, "y": 740, "h": 307.4, "d5": 0.534, "sm": 0.542, "d6": "tick=199317 goal=0 here=0", "l": [1.12, -1.0, 0.67, 0.27, 0.72, 1.26, 0.56, 0.5, 0.69, 0.45, 0.36, 0.41, 0.49, 0.76, 0.98, 0.5]}
{"t": 198.7, "x": 3, "y": 794, "h": 303.5, "d5": 0.548, "sm": 0.543, "d6": "tick=199338 goal=0 here=0", "l": [1.06, 0.7, 0.63, 0.32, 0.15, 1.31, 1.1, 0.57, 0.71, 0.48, 0.39, 0.4, 0.53, 0.75, 0.98, 0.89]}
{"t": 198.9, "x": -77, "y": 846, "h": 303.1, "d5": 0.547, "sm": 0.544, "d6": "tick=199359 goal=0 here=0", "l": [1.01, 1.49, 0.57, 0.6, 0.26, 1.32, 1.23, 0.61, -1.0, 0.53, 0.42, 0.43, 0.56, 0.73, 0.94, 0.86]}
{"t": 200.3, "x": -92, "y": 845, "h": 169.0, "d5": 0.523, "sm": 0.539, "d6": "tick=199495 goal=0 here=0", "l": [0.43, 0.41, 0.57, 0.9, 0.91, 0.82, 1.02, 0.68, 0.54, 0.6, 0.27, 1.31, 1.18, 0.61, 0.77, 0.53]}
{"t": 200.5, "x": -74, "y": 760, "h": 168.1, "d5": 0.528, "sm": 0.536, "d6": "tick=199517 goal=0 here=0", "l": [0.39, 0.41, 0.51, 0.69, 0.91, 0.48, 0.99, 1.51, 0.59, 0.6, 0.27, 1.34, 1.16, 0.61, 0.76, 0.5]}
{"t": 200.7, "x": -58, "y": 665, "h": 170.5, "d5": 0.531, "sm": 0.535, "d6": "tick=199538 goal=0 here=0", "l": [0.33, 0.35, 0.48, 0.67, 0.88, 0.54, 1.02, 1.52, 0.61, 0.61, 0.22, 1.38, 0.62, 0.56, 0.69, 0.45]}
{"t": 202.0, "x": -49, "y": 660, "h": 298.4, "d5": 0.527, "sm": 0.533, "d6": "tick=199666 goal=0 here=0", "l": [0.99, 1.38, 0.71, 0.7, 0.31, 1.54, 1.2, 0.59, 0.69, 0.47, 0.34, 0.34, 0.34, 0.57, 0.97, 0.86]}
{"t": 202.2, "x": -130, "y": 700, "h": 296.1, "d5": 0.518, "sm": 0.529, "d6": "tick=199689 goal=0 here=0", "l": [0.94, 1.17, 0.71, 0.68, 0.34, 1.57, 1.24, 0.65, 0.74, 0.51, 0.35, 0.36, 0.44, 0.63, 0.93, 0.83]}
{"t": 202.4, "x": -211, "y": 740, "h": 296.3, "d5": 0.526, "sm": 0.528, "d6": "tick=199709 goal=0 here=0", "l": [0.86, 1.12, 0.7, 0.65, 0.36, 0.28, 1.24, 0.69, 0.76, 0.52, 0.41, 0.36, 0.45, 0.63, 0.87, 0.79]}
{"t": 202.6, "x": -298, "y": 780, "h": 294.7, "d5": 0.536, "sm": 0.53, "d6": "tick=199730 goal=0 here=0", "l": [0.8, 1.06, 0.64, 0.59, 0.59, 0.36, 1.32, 0.76, -1.0, 0.58, 0.43, 0.37, 0.49, 0.61, 0.8, 0.76]}
{"t": 202.9, "x": -408, "y": 827, "h": 293.2, "d5": 0.535, "sm": 0.531, "d6": "tick=199756 goal=0 here=0", "l": [0.72, 1.0, 1.8, 0.54, 0.62, 0.39, 0.31, 0.79, 0.88, 0.63, 0.47, 0.43, 0.48, 0.59, 0.75, 0.68]}
{"t": 203.1, "x": -495, "y": 864, "h": 293.2, "d5": 0.539, "sm": 0.533, "d6": "tick=199777 goal=0 here=0", "l": [0.65, 0.91, 1.65, 0.57, 0.66, 0.45, 0.39, 0.83, 0.92, 0.67, 0.5, 0.47, 0.53, 0.58, 0.7, 0.67]}
{"t": 203.3, "x": -587, "y": 897, "h": 289.6, "d5": 0.554, "sm": 0.539, "d6": "tick=199798 goal=0 here=0", "l": [0.6, 0.8, 1.55, 0.57, 0.64, 0.59, 0.45, 0.91, 0.97, 0.7, 0.53, 0.5, 0.53, 0.71, 0.67, 0.24]}
{"t": 204.2, "x": -592, "y": 894, "h": 9.3, "d5": 0.555, "sm": 0.543, "d6": "tick=199885 goal=0 here=0", "l": [0.5, 0.66, 0.43, 0.4, 0.87, 0.82, 0.53, 0.46, 0.47, 0.57, 0.8, 0.64, 0.17, 0.72, 0.95, 2.62]}
{"t": 204.5, "x": -571, "y": 997, "h": 11.2, "d5": 0.537, "sm": 0.541, "d6": "tick=199912 goal=0 here=0", "l": [0.47, 0.61, 0.42, 0.4, 0.89, 0.99, 0.58, 0.48, 0.53, 0.58, 0.79, -1.0, 0.6, 0.71, 1.11, 0.49]}
{"t": 204.7, "x": -557, "y": 1093, "h": 8.4, "d5": 0.516, "sm": 0.535, "d6": "tick=199933 goal=0 here=0", "l": [0.43, 0.55, 0.49, 0.4, 0.88, 1.03, 0.69, 0.56, 0.56, 0.67, 0.8, 0.35, 0.58, 0.71, 1.09, 0.46]}
{"t": 204.9, "x": -545, "y": 1188, "h": 7.6, "d5": 0.53, "sm": 0.534, "d6": "tick=199954 goal=0 here=0", "l": [0.38, 0.5, 0.48, 0.35, 0.37, 1.02, 0.77, 0.6, 0.64, 0.69, 0.18, -1.0, 0.59, 0.68, 1.08, 0.41]}
{"t": 205.1, "x": -533, "y": 1283, "h": 6.9, "d5": 0.51, "sm": 0.528, "d6": "tick=199975 goal=0 here=0", "l": [0.34, 0.47, 0.46, 0.33, 0.37, 0.93, 0.85, 0.68, 0.71, 0.72, 0.27, 0.66, 0.63, 0.69, 1.05, 0.37]}
{"t": 206.4, "x": -540, "y": 1291, "h": 155.5, "d5": 0.514, "sm": 0.524, "d6": "tick=200105 goal=0 here=0", "l": [0.72, 0.67, 0.74, 0.89, 0.38, 0.59, 0.67, 0.8, 1.42, 0.39, 0.3, 0.46, 0.46, 0.35, 0.36, 1.08]}
{"t": 206.6, "x": -502, "y": 1219, "h": 152.1, "d5": 0.536, "sm": 0.527, "d6": "tick=200127 goal=0 here=0", "l": [0.65, 0.59, 0.7, 0.85, 0.38, 0.66, 0.7, 0.85, 1.44, 0.41, 0.38, 0.53, 0.35, 0.36, 0.89, 1.0]}
{"t": 206.8, "x": -452, "y": 1136, "h": 148.9, "d5": 0.509, "sm": 0.523, "d6": "tick=200148 goal=0 here=0", "l": [0.62, 0.56, 0.64, 0.83, 0.78, 0.7, 0.71, 0.89, 1.48, 0.45, 0.46, 0.48, 0.33, 0.33, 0.84, 0.95]}
{"t": 207.0, "x": -414, "y": 1047, "h": 156.8, "d5": 0.53, "sm": 0.525, "d6": "tick=200169 goal=0 here=0", "l": [-1.0, 0.52, 0.59, 0.68, 0.78, 0.42, 0.7, 0.89, 1.53, 0.49, 0.54, 0.47, 0.33, 0.29, 0.81, 0.92]}
{"t": 207.2, "x": -370, "y": 962, "h": 152.5, "d5": 0.524, "sm": 0.524, "d6": "tick=200190 goal=0 here=0", "l": [0.55, 0.48, 0.54, 0.67, 0.85, 0.35, 0.69, 0.86, 1.57, 0.51, 0.56, 0.48, 0.33, 0.27, 0.75, 0.84]}
{"t": 207.4, "x": -330, "y": 874, "h": 155.6, "d5": 0.53, "sm": 0.526, "d6": "tick=200211 goal=0 here=0", "l": [0.5, 0.46, 0.51, 0.63, 0.9, 0.75, 0.73, 0.89, 1.61, 0.56, 0.59, 0.34, 0.31, 1.29, 0.69, 0.8]}
{"t": 207.7, "x": -280, "y": 793, "h": 148.3, "d5": 0.532, "sm": 0.527, "d6": "tick=200232 goal=0 here=0", "l": [0.46, 0.44, 0.44, 0.54, 0.83, 0.85, 0.35, 0.9, 1.43, 0.59, 0.62, 0.35, 0.27, 1.23, 0.67, 0.71]}
{"t": 208.1, "x": -276, "y": 787, "h": 164.2, "d5": 0.524, "sm": 0.527, "d6": "tick=200274 goal=0 here=0", "l": [0.45, 0.39, 0.5, 0.62, 0.81, 0.4, 0.89, 1.29, 0.63, 0.65, 0.37, 0.3, 1.28, 0.71, 0.82, 0.52]}
{"t": 208.3, "x": -254, "y": 706, "h": 164.8, "d5": 0.525, "sm": 0.526, "d6": "tick=200296 goal=0 here=0", "l": [0.4, 0.34, 0.45, 0.61, 0.79, 0.65, 0.91, 1.3, 0.68, 0.68, 0.39, 0.28, 1.31, 0.66, 0.8, 0.46]}
{"t": 210.0, "x": -240, "y": 697, "h": 351.9, "d5": 0.519, "sm": 0.524, "d6": "tick=200463 goal=0 here=0", "l": [0.68, 0.66, 0.38, 1.43, 1.26, 0.65, 0.73, 0.45, 0.41, 0.35, 0.47, 0.62, 0.82, 0.47, 0.93, 1.36]}
{"t": 210.2, "x": -260, "y": 782, "h": 347.0, "d5": 0.53, "sm": 0.526, "d6": "tick=200486 goal=0 here=0", "l": [0.64, 0.64, 0.36, 0.28, 1.28, 0.69, 0.82, 0.5, 0.43, 0.37, 0.47, 0.63, 0.81, 0.42, 0.89, 1.32]}
{"t": 210.4, "x": -281, "y": 877, "h": 347.6, "d5": 0.527, "sm": 0.526, "d6": "tick=200507 goal=0 here=0", "l": [0.59, -1.0, 0.5, 0.33, 1.27, 0.73, 0.83, 0.6, 0.48, 0.43, 0.56, 0.82, 0.84, 0.33, 0.85, 1.26]}
{"t": 210.6, "x": -307, "y": 969, "h": 344.1, "d5": 0.525, "sm": 0.526, "d6": "tick=200528 goal=0 here=0", "l": [0.55, 0.54, 0.49, 0.28, 0.23, 0.75, 0.85, 0.66, 0.5, 0.49, 0.6, 0.85, 0.86, 0.76, 0.83, 1.2]}
{"t": 210.8, "x": -336, "y": 1068, "h": 343.6, "d5": 0.518, "sm": 0.524, "d6": "tick=200551 goal=0 here=0", "l": [0.53, 0.45, 0.53, 0.28, 0.3, 0.73, 0.85, 0.71, 0.54, 0.54, 0.64, 0.87, 0.84, 0.72, 0.8, 1.15]}
{"t": 212.5, "x": -348, "y": 1076, "h": 165.4, "d5": 0.498, "sm": 0.517, "d6": "tick=200718 goal=0 here=0", "l": [0.6, 0.6, 0.7, 0.94, 0.28, 0.68, 0.82, 1.26, 0.49, 0.48, 0.49, 0.28, 0.31, 0.77, 0.92, 0.71]}
{"t": 212.7, "x": -329, "y": 990, "h": 167.6, "d5": 0.515, "sm": 0.517, "d6": "tick=200741 goal=0 here=0", "l": [0.54, 0.51, 0.63, 0.88, 0.8, 0.71, 0.83, 1.23, 0.54, 0.53, 0.49, 0.3, 0.26, 0.77, 0.89, 0.69]}
{"t": 212.9, "x": -304, "y": 901, "h": 164.2, "d5": 0.53, "sm": 0.52, "d6": "tick=200761 goal=0 here=0", "l": [0.49, 0.44, 0.58, 0.82, 0.83, 0.49, 0.84, 1.24, 0.6, 0.58, 0.52, 0.31, 0.22, 0.76, 0.86, 0.65]}
{"t": 213.2, "x": -277, "y": 811, "h": 163.2, "d5": 0.519, "sm": 0.52, "d6": "tick=200782 goal=0 here=0", "l": [0.46, 0.39, 0.5, 0.66, 0.78, 0.39, 0.88, 1.25, 0.63, 0.64, 0.54, 0.31, 1.26, 0.73, 0.83, 0.58]}
{"t": 213.4, "x": -249, "y": 718, "h": 163.2, "d5": 0.534, "sm": 0.523, "d6": "tick=200803 goal=0 here=0", "l": [0.39, 0.36, 0.47, 0.62, 0.82, 0.78, 0.87, 1.12, 0.67, 0.67, 0.39, 0.28, 1.27, 0.68, 0.81, 0.5]}
{"t": 213.6, "x": -227, "y": 628, "h": 166.6, "d5": 0.535, "sm": 0.526, "d6": "tick=200823 goal=0 here=0", "l": [0.35, 0.3, 0.41, 0.55, 0.87, 0.78, 0.38, 1.15, 0.7, 0.72, 0.41, 1.64, 1.27, 0.65, 0.79, 0.47]}
{"t": 214.3, "x": -218, "y": 613, "h": 103.1, "d5": 0.549, "sm": 0.532, "d6": "tick=200899 goal=0 here=0", "l": [0.68, 0.54, 0.34, 0.36, 0.29, 0.42, 0.59, 0.8, 0.67, 0.98, 1.5, 0.67, 0.71, 0.36, 1.45, 0.69]}
{"t": 214.5, "x": -135, "y": 592, "h": 104.5, "d5": 0.522, "sm": 0.529, "d6": "tick=200922 goal=0 here=0", "l": [0.63, 0.52, 0.35, 0.32, 0.32, 0.44, 0.62, 0.85, 0.69, 1.01, 1.52, 0.68, 0.71, 0.28, 1.41, 0.67]}
{"t": 214.8, "x": -45, "y": 572, "h": 102.2, "d5": 0.517, "sm": 0.526, "d6": "tick=200942 goal=0 here=0", "l": [0.56, 0.63, 0.37, 0.3, 0.3, 0.36, 0.62, 0.89, 0.8, 1.05, 1.57, 0.66, 0.42, 0.81, 1.37, 0.61]}
{"t": 215.0, "x": 48, "y": 550, "h": 103.6, "d5": 0.514, "sm": 0.523, "d6": "tick=200963 goal=0 here=0", "l": [0.5, 0.62, 0.38, 0.28, 0.32, 0.34, 0.55, 1.0, 0.94, 1.09, 1.58, 0.71, 0.39, 0.8, 1.32, 0.58]}
{"t": 215.2, "x": 142, "y": 528, "h": 102.9, "d5": 0.497, "sm": 0.517, "d6": "tick=200984 goal=0 here=0", "l": [0.45, 0.58, 0.4, 0.3, 0.27, 0.34, 0.54, 1.06, 0.99, 1.14, 1.64, -1.0, 0.76, 0.78, 1.3, 0.52]}
{"t": 215.4, "x": 237, "y": 516, "h": 97.4, "d5": 0.489, "sm": 0.51, "d6": "tick=201005 goal=0 here=0", "l": [0.39, 0.54, 0.33, 0.31, 0.27, 0.34, 0.52, 1.1, 1.04, 1.2, 1.66, 0.78, 0.75, 0.79, 1.22, 0.48]}
{"t": 215.6, "x": 327, "y": 503, "h": 98.4, "d5": 0.481, "sm": 0.503, "d6": "tick=201025 goal=0 here=0", "l": [0.33, 0.47, 0.32, 0.31, 0.26, 0.31, 0.41, 1.06, 1.06, 1.2, 0.91, 0.3, 0.77, 0.81, 1.18, 0.45]}
{"t": 217.1, "x": 336, "y": 508, "h": 270.4, "d5": 0.491, "sm": 0.5, "d6": "tick=201177 goal=0 here=0", "l": [1.13, 1.1, 1.4, 0.8, 0.73, 0.73, 1.31, 0.44, 0.36, 0.46, 0.45, 0.33, 0.31, 0.28, 0.39, 0.8]}
{"t": 217.3, "x": 250, "y": 508, "h": 270.3, "d5": 0.493, "sm": 0.498, "d6": "tick=201200 goal=0 here=0", "l": [1.1, 1.06, 1.39, 0.75, 0.58, 0.73, 1.45, 0.47, 0.4, 0.49, 0.39, 0.32, 0.26, 0.27, 0.36, 0.77]}
{"t": 217.5, "x": 154, "y": 509, "h": 270.4, "d5": 0.508, "sm": 0.501, "d6": "tick=201221 goal=0 here=0", "l": [1.04, 0.62, 1.32, 0.84, 0.41, 0.77, 1.5, 1.12, 0.47, 0.55, 0.39, 0.32, 0.25, 0.29, 0.35, 0.71]}
{"t": 217.7, "x": 58, "y": 510, "h": 270.9, "d5": 0.5, "sm": 0.5, "d6": "tick=201242 goal=0 here=0", "l": [0.97, 0.6, 1.27, 0.85, 0.76, 0.8, 2.35, 1.15, 0.51, 0.61, 0.39, 0.32, 0.26, 0.3, 0.32, 0.7]}
{"t": 218.0, "x": -35, "y": 506, "h": 267.5, "d5": 0.529, "sm": 0.508, "d6": "tick=201262 goal=0 here=0", "l": [0.9, 0.57, 1.13, 0.82, 0.78, 0.38, 2.45, 1.21, 0.58, 0.66, 0.42, 0.28, 0.26, 0.29, 0.4, 0.66]}
{"t": 218.2, "x": -130, "y": 501, "h": 267.0, "d5": 0.536, "sm": 0.515, "d6": "tick=201283 goal=0 here=0", "l": [0.86, 0.73, 1.05, 1.83, 0.74, 0.47, 0.91, 1.31, 0.64, 0.68, 0.44, 0.28, 0.28, 0.25, 0.39, 0.61]}
{"t": 219.0, "x": -144, "y": 494, "h": 186.8, "d5": 0.535, "sm": 0.52, "d6": "tick=201363 goal=0 here=0", "l": [0.26, 0.26, 0.44, 0.87, 0.86, 0.48, 1.24, 0.81, 0.75, 0.33, 1.48, 0.66, 0.6, 0.63, 0.34, 0.27]}
{"t": 220.4, "x": -134, "y": 495, "h": 334.7, "d5": 0.528, "sm": 0.522, "d6": "tick=201507 goal=0 here=0", "l": [0.8, 0.77, 0.46, 2.42, 1.26, 0.59, 0.7, 0.41, 0.26, 0.28, 0.25, -1.0, 0.63, 0.9, 0.52, 1.1]}
{"t": 220.6, "x": -168, "y": 575, "h": 337.0, "d5": 0.526, "sm": 0.523, "d6": "tick=201530 goal=0 here=0", "l": [0.77, 0.74, 0.41, 0.89, 1.27, 0.65, 0.73, 0.47, 0.33, 0.33, 0.3, 0.43, 0.65, 0.9, 0.46, 1.08]}
{"t": 220.8, "x": -208, "y": 663, "h": 335.2, "d5": 0.513, "sm": 0.52, "d6": "tick=201551 goal=0 here=0", "l": [1.81, 0.63, 0.6, 0.28, 1.32, 0.69, 0.74, 0.53, 0.36, 0.34, 0.34, 0.51, 0.81, 0.86, 0.43, 1.05]}
{"t": 221.0, "x": -249, "y": 745, "h": 334.0, "d5": 0.513, "sm": 0.519, "d6": "tick=201571 goal=0 here=0", "l": [1.71, 0.57, 0.65, 0.35, 1.39, 0.72, 0.72, 0.58, 0.43, 0.41, 0.42, 0.53, 0.83, 0.83, 0.38, 0.98]}
{"t": 221.3, "x": -295, "y": 830, "h": 331.1, "d5": 0.513, "sm": 0.517, "d6": "tick=201592 goal=0 here=0", "l": [1.67, 0.55, 0.61, 0.33, 0.28, 1.26, 0.68, 0.66, 0.48, 0.42, 0.51, 0.64, 0.9, 0.75, 0.74, 0.95]}
{"t": 221.5, "x": -343, "y": 913, "h": 330.2, "d5": 0.51, "sm": 0.515, "d6": "tick=201613 goal=0 here=0", "l": [1.59, 0.52, 0.58, 0.35, 0.31, 1.28, 0.74, 0.8, 0.53, 0.46, 0.54, 0.64, 0.89, 0.72, 0.71, 0.89]}
{"t": 221.7, "x": -390, "y": 997, "h": 330.8, "d5": 0.5, "sm": 0.512, "d6": "tick=201634 goal=0 here=0", "l": [1.53, 0.52, 0.53, 0.5, 0.3, 0.27, 0.78, 0.9, 0.57, 0.52, 0.57, 0.67, 0.88, 0.33, 0.69, 0.85]}
{"t": 223.1, "x": -403, "y": 1000, "h": 178.7, "d5": 0.498, "sm": 0.508, "d6": "tick=201772 goal=0 here=0", "l": [0.51, 0.57, 0.82, 0.79, 0.45, 0.8, 0.95, 0.53, 0.45, 0.55, 0.35, 0.31, 1.09, 0.8, 0.73, 0.55]}
{"t": 223.3, "x": -401, "y": 913, "h": 178.7, "d5": 0.501, "sm": 0.506, "d6": "tick=201795 goal=0 here=0", "l": [0.46, 0.53, 0.62, 0.77, 0.34, 0.73, 0.98, 1.74, 0.5, 0.59, 0.36, 0.34, 0.81, 0.8, 0.68, 0.51]}
{"t": 223.5, "x": -399, "y": 817, "h": 178.8, "d5": 0.507, "sm": 0.507, "d6": "tick=201816 goal=0 here=0", "l": [0.38, 0.48, 0.61, 0.8, 0.7, 0.7, 0.98, 1.68, 0.56, 0.62, 0.4, 0.31, 0.76, 0.83, 0.64, 0.47]}
{"t": 223.7, "x": -397, "y": 724, "h": 178.7, "d5": 0.518, "sm": 0.509, "d6": "tick=201836 goal=0 here=0", "l": [0.36, 0.42, 0.57, 0.82, 0.7, 0.33, 0.91, 1.67, 0.62, 0.66, 0.39, 1.42, 0.78, 0.86, 0.59, 0.43]}
{"t": 223.9, "x": -397, "y": 629, "h": 180.2, "d5": 0.518, "sm": 0.512, "d6": "tick=201857 goal=0 here=0", "l": [0.3, 0.37, 0.49, 0.74, 0.77, 0.39, 0.91, 1.7, 0.67, 0.72, 0.43, 1.42, 0.78, 0.83, 0.55, 0.38]}
{"t": 224.8, "x": -391, "y": 616, "h": 99.2, "d5": 0.513, "sm": 0.512, "d6": "tick=201947 goal=0 here=0", "l": [0.71, 0.64, 0.4, 0.33, 0.33, 0.39, 0.53, 0.74, 0.72, 0.32, 1.11, 0.69, 0.7, 0.49, 0.36, 1.39]}
{"t": 225.0, "x": -309, "y": 609, "h": 94.5, "d5": 0.521, "sm": 0.514, "d6": "tick=201969 goal=0 here=0", "l": [0.68, 0.79, 0.41, 0.36, 0.29, 0.4, 0.55, 0.82, 0.74, 0.38, 1.12, 0.72, 0.72, 0.43, 1.67, 1.33]}
{"t": 225.2, "x": -215, "y": 595, "h": 98.5, "d5": 0.494, "sm": 0.509, "d6": "tick=201990 goal=0 here=0", "l": [0.63, 0.75, 0.45, 0.33, 0.31, 0.4, 0.54, 0.9, 0.77, 0.41, 1.19, 0.73, 0.73, 0.41, 1.61, 1.3]}
{"t": 225.4, "x": -118, "y": 594, "h": 90.7, "d5": 0.499, "sm": 0.507, "d6": "tick=202011 goal=0 here=0", "l": [0.58, 0.71, 0.45, 0.31, 0.34, 0.31, 0.49, 0.9, 0.85, 0.43, 1.23, 0.74, 0.73, 0.36, 1.58, 1.23]}
{"t": 225.6, "x": -22, "y": 586, "h": 94.9, "d5": 0.482, "sm": 0.5, "d6": "tick=202031 goal=0 here=0", "l": [0.55, 0.65, 0.43, 0.33, 0.32, 0.33, 0.49, 0.91, 0.92, 0.92, 1.25, 0.78, 0.71, 0.78, 1.55, 1.18]}
{"t": 225.9, "x": 69, "y": 577, "h": 95.6, "d5": 0.472, "sm": 0.493, "d6": "tick=202052 goal=0 here=0", "l": [0.51, 0.61, 0.41, 0.35, 0.3, 0.34, 0.49, 0.74, 0.98, 0.98, 1.3, 0.77, 0.4, 0.75, 1.52, 1.14]}
{"t": 226.1, "x": 165, "y": 576, "h": 90.4, "d5": 0.45, "sm": 0.483, "d6": "tick=202073 goal=0 here=0", "l": [0.47, 0.54, 0.43, 0.36, 0.3, 0.35, 0.4, 0.77, 1.06, -1.0, 1.31, 0.7, 0.21, 0.76, 1.49, 1.09]}
{"t": 226.3, "x": 261, "y": 585, "h": 84.7, "d5": 0.462, "sm": 0.477, "d6": "tick=202094 goal=0 here=0", "l": [0.44, 0.46, 0.53, 0.36, 0.32, 0.33, 0.4, 0.81, 1.09, 1.07, 1.34, 0.72, 0.53, 0.72, 1.44, 1.02]}
{"t": 226.5, "x": 357, "y": 587, "h": 88.9, "d5": 0.439, "sm": 0.468, "d6": "tick=202115 goal=0 here=0", "l": [0.39, 0.38, 0.53, 0.34, 0.33, 0.3, 0.42, 0.85, 1.15, 1.09, 1.4, 0.23, 0.7, 0.7, 1.41, 0.98]}
{"t": 227.9, "x": 367, "y": 598, "h": 299.3, "d5": 0.436, "sm": 0.46, "d6": "tick=202258 goal=0 here=0", "l": [1.22, 0.88, 0.31, 0.73, 0.72, 1.18, 0.41, 0.35, 0.47, 0.45, 0.34, -1.0, 0.34, 0.46, 1.11, 1.13]}
{"t": 228.1, "x": 294, "y": 636, "h": 297.4, "d5": 0.439, "sm": 0.455, "d6": "tick=202278 goal=0 here=0", "l": [1.18, 1.63, 0.22, 0.7, 0.71, 1.23, 1.03, 0.4, 0.5, 0.51, 0.39, -1.0, 0.38, 0.58, 1.08, 1.07]}
{"t": 228.4, "x": 198, "y": 687, "h": 298.0, "d5": 0.449, "sm": 0.453, "d6": "tick=202299 goal=0 here=0", "l": [1.15, 1.55, 0.68, 0.66, 0.68, 1.3, 1.06, 0.44, 0.52, 0.52, 0.41, 0.33, 0.42, 0.59, 1.05, 1.02]}
{"t": 228.6, "x": 101, "y": 729, "h": 293.4, "d5": 0.453, "sm": 0.453, "d6": "tick=202325 goal=0 here=0", "l": [1.07, 1.42, 0.61, 0.32, 0.69, 1.48, 1.08, 0.53, -1.0, 0.55, 0.43, 0.35, 0.4, 0.6, 1.08, 0.97]}
{"t": 228.8, "x": -7, "y": 780, "h": 295.6, "d5": 0.47, "sm": 0.457, "d6": "tick=202346 goal=0 here=0", "l": [1.03, 1.37, 0.62, 0.61, 0.23, 1.54, 1.13, 0.57, 0.6, 0.54, 0.45, 0.41, 0.42, 0.63, 1.03, 0.92]}
{"t": 229.0, "x": -91, "y": 817, "h": 293.5, "d5": 0.461, "sm": 0.458, "d6": "tick=202371 goal=0 here=0", "l": [0.94, 1.16, -1.0, 0.62, 0.28, 0.18, 1.24, 0.62, 0.6, 0.58, 0.43, 0.43, 0.44, 0.67, 1.0, 0.87]}
{"t": 230.1, "x": -109, "y": 814, "h": 188.9, "d5": 0.462, "sm": 0.459, "d6": "tick=202474 goal=0 here=0", "l": [0.42, 0.54, 0.71, 0.89, 0.45, 0.99, 1.43, 0.57, 0.61, 0.28, 0.17, 1.18, 0.65, 0.76, 0.56, 0.42]}
{"t": 230.3, "x": -120, "y": 727, "h": 187.2, "d5": 0.47, "sm": 0.462, "d6": "tick=202496 goal=0 here=0", "l": [0.39, 0.5, 0.68, 0.87, 0.73, 0.97, 1.37, 0.63, 0.63, 0.3, 1.52, 1.2, 0.61, 0.73, 0.53, 0.37]}
{"t": 230.5, "x": -129, "y": 632, "h": 185.3, "d5": 0.502, "sm": 0.472, "d6": "tick=202517 goal=0 here=0", "l": [0.35, 0.4, 0.58, 0.95, 0.83, 0.97, 1.37, 0.73, 0.68, 0.34, 1.56, 1.25, 0.6, 0.72, 0.49, 0.33]}
{"t": 231.4, "x": -127, "y": 628, "h": 266.8, "d5": 0.489, "sm": 0.476, "d6": "tick=202604 goal=0 here=0", "l": [0.94, 0.47, 1.12, 0.73, 0.71, 0.38, 0.83, 1.25, 0.66, 0.7, 0.49, 0.35, 0.35, 0.31, 0.48, 0.83]}
{"t": 231.7, "x": -236, "y": 618, "h": 265.1, "d5": 0.482, "sm": 0.478, "d6": "tick=202627 goal=0 here=0", "l": [0.88, 0.44, 1.06, 1.83, 0.65, 0.43, 0.28, 1.32, 0.69, 0.75, 0.51, 0.34, 0.33, 0.33, 0.45, 0.82]}
{"t": 231.9, "x": -332, "y": 609, "h": 264.2, "d5": 0.508, "sm": 0.485, "d6": "tick=202653 goal=0 here=0", "l": [0.82, 0.41, 0.93, 1.71, 0.66, 0.74, 0.41, 1.4, 0.75, 0.79, 0.53, 0.37, 0.3, 0.4, 0.47, 0.75]}
{"t": 232.1, "x": -422, "y": 601, "h": 265.3, "d5": 0.527, "sm": 0.496, "d6": "tick=202673 goal=0 here=0", "l": [0.75, 0.55, 0.89, 1.45, 0.71, 0.73, 0.44, 1.51, 0.79, 0.86, 0.55, 0.39, 0.29, 0.38, 0.46, 0.71]}
{"t": 232.3, "x": -541, "y": 587, "h": 263.2, "d5": 0.549, "sm": 0.509, "d6": "tick=202699 goal=0 here=0", "l": [0.7, 0.52, 0.28, 1.32, 0.7, 0.77, 0.51, 1.56, 0.85, 0.89, 0.49, 0.39, 0.3, 0.36, 0.47, 0.68]}
{"t": 232.5, "x": -634, "y": 572, "h": 260.9, "d5": 0.56, "sm": 0.522, "d6": "tick=202720 goal=0 here=0", "l": [0.65, 0.62, 0.26, 1.07, 0.7, 0.69, 0.72, 0.46, 0.9, 0.94, 0.49, 0.34, 0.34, 0.34, 0.45, 0.63]}
{"t": 232.7, "x": -732, "y": 563, "h": 264.9, "d5": 0.585, "sm": 0.538, "d6": "tick=202741 goal=0 here=0", "l": [0.58, 0.56, 0.25, 0.23, 2.75, 0.69, 0.78, 0.53, 0.95, 0.97, 0.5, 0.33, 0.35, 0.33, 0.4, 0.6]}
{"t": 232.9, "x": -826, "y": 549, "h": 261.3, "d5": 0.595, "sm": 0.552, "d6": "tick=202762 goal=0 here=0", "l": [0.52, 0.51, 0.37, 0.21, 0.22, 0.74, 0.84, 0.62, 1.0, 1.03, 0.51, 0.34, 0.33, 0.31, 0.34, 0.56]}
{"t": 233.2, "x": -917, "y": 534, "h": 260.5, "d5": 0.606, "sm": 0.565, "d6": "tick=202782 goal=0 here=0", "l": [0.47, 0.43, 0.36, 0.21, 0.2, 0.75, 0.88, 0.68, 1.57, 1.09, 0.54, 0.36, 0.33, 0.34, 0.3, 0.52]}
{"t": 234.9, "x": -925, "y": 524, "h": 76.5, "d5": 0.636, "sm": 0.583, "d6": "tick=202952 goal=0 here=0", "l": [1.65, 1.03, 0.54, 0.36, 0.33, 0.33, 0.32, 0.48, 0.46, 0.47, 0.35, 0.26, 0.2, 0.22, 0.87, 0.66]}
{"t": 235.1, "x": -844, "y": 538, "h": 80.0, "d5": 0.61, "sm": 0.59, "d6": "tick=202974 goal=0 here=0", "l": [1.6, 0.99, 0.55, 0.35, 0.34, 0.33, 0.37, 0.52, 0.5, 0.48, 0.37, 0.21, 0.23, 0.76, 0.86, 0.64]}
{"t": 235.3, "x": -749, "y": 558, "h": 78.4, "d5": 0.617, "sm": 0.597, "d6": "tick=202995 goal=0 here=0", "l": [1.55, 0.92, 0.7, 0.35, 0.36, 0.33, 0.41, 0.56, 0.54, 0.52, 0.39, 0.22, 0.19, 0.74, 0.82, 0.6]}
{"t": 235.5, "x": -656, "y": 582, "h": 75.2, "d5": 0.609, "sm": 0.6, "d6": "tick=203016 goal=0 here=0", "l": [1.49, 0.85, 0.71, 0.44, 0.32, 0.34, 0.41, 0.45, 0.59, 0.56, 0.26, 0.22, 1.84, 0.73, 0.76, 0.56]}
{"t": 235.7, "x": -563, "y": 601, "h": 78.2, "d5": 0.595, "sm": 0.599, "d6": "tick=203037 goal=0 here=0", "l": [1.43, 0.83, 0.72, 0.44, 0.32, 0.36, 0.42, 0.46, 0.66, 0.61, 0.28, 0.91, 1.87, 0.67, 0.76, 0.5]}
{"t": 236.1, "x": -555, "y": 603, "h": 90.2, "d5": 0.591, "sm": 0.597, "d6": "tick=203079 goal=0 here=0", "l": [0.82, 0.92, 0.45, 0.33, 0.38, 0.39, 0.47, 0.73, 0.63, 0.29, 0.89, 1.75, 0.66, 0.74, 0.51, 1.45]}
{"t": 236.3, "x": -464, "y": 598, "h": 92.8, "d5": 0.583, "sm": 0.593, "d6": "tick=203102 goal=0 here=0", "l": [0.82, 0.88, 0.43, 0.34, 0.35, 0.4, 0.52, 0.77, 0.66, 0.31, 0.94, 1.85, 0.65, 0.76, 0.49, 1.41]}
{"t": 236.6, "x": -372, "y": 596, "h": 91.8, "d5": 0.566, "sm": 0.586, "d6": "tick=203122 goal=0 here=0", "l": [0.77, 0.83, 0.43, 0.36, 0.31, 0.4, 0.55, 0.81, 0.72, 0.36, 0.98, 1.89, 0.64, 0.67, 0.41, 1.36]}
{"t": 236.8, "x": -276, "y": 591, "h": 92.7, "d5": 0.563, "sm": 0.581, "d6": "tick=203143 goal=0 here=0", "l": [0.72, 0.79, 0.5, 0.37, 0.33, 0.43, 0.52, 0.85, 0.79, 0.41, 1.05, 1.9, 0.64, 0.63, 0.33, 1.33]}
{"t": 237.0, "x": -179, "y": 595, "h": 87.9, "d5": 0.552, "sm": 0.573, "d6": "tick=203164 goal=0 here=0", "l": [0.67, 0.74, 0.5, 0.36, 0.34, 0.33, 0.48, 0.84, 0.86, 0.43, 1.12, 0.74, 0.69, 0.39, 0.87, 1.28]}
{"t": 237.2, "x": -84, "y": 601, "h": 86.0, "d5": 0.549, "sm": 0.567, "d6": "tick=203185 goal=0 here=0", "l": [0.64, 0.69, 0.48, 0.35, 0.35, 0.35, 0.5, 0.86, 0.93, 0.45, 1.19, 0.73, 0.71, 0.35, 0.84, 1.26]}
{"t": 237.4, "x": 30, "y": 607, "h": 86.9, "d5": 0.548, "sm": 0.562, "d6": "tick=203210 goal=0 here=0", "l": [0.56, 0.6, 0.48, 0.4, 0.32, 0.36, 0.5, 0.71, 0.99, 0.5, 1.25, 0.76, 0.69, 0.31, 0.84, 1.19]}
{"t": 237.6, "x": 126, "y": 615, "h": 85.6, "d5": 0.526, "sm": 0.553, "d6": "tick=203231 goal=0 here=0", "l": [0.52, 0.47, 0.6, 0.43, 0.32, 0.37, 0.4, 0.75, 1.03, 0.98, 1.29, 0.79, 0.71, 0.73, 2.5, 1.18]}
{"t": 237.9, "x": 222, "y": 624, "h": 84.8, "d5": 0.521, "sm": 0.545, "d6": "tick=203252 goal=0 here=0", "l": [0.49, 0.42, 0.57, 0.4, 0.34, 0.36, 0.42, 0.81, 1.08, 1.02, 1.3, 0.77, 0.22, 0.73, 2.46, 1.11]}
{"t": 238.1, "x": 318, "y": 638, "h": 81.2, "d5": 0.518, "sm": 0.538, "d6": "tick=203273 goal=0 here=0", "l": [0.42, 0.39, 0.53, 0.39, 0.37, 0.34, 0.43, 0.79, 1.1, 1.08, 1.34, 0.7, 0.46, 0.67, 2.47, 1.08]}
{"t": 238.3, "x": 407, "y": 655, "h": 79.7, "d5": 0.498, "sm": 0.528, "d6": "tick=203293 goal=0 here=0", "l": [0.38, 0.32, 0.49, -1.0, 0.39, 0.35, 0.46, 0.73, 1.13, 1.11, 1.38, 0.23, 0.65, 0.66, 2.47, 1.02]}
{"t": 239.8, "x": 416, "y": 667, "h": 285.8, "d5": 0.518, "sm": 0.526, "d6": "tick=203443 goal=0 here=0", "l": [1.11, 1.38, 0.24, 0.67, 0.66, 1.43, 0.98, 0.37, 0.32, 0.5, 0.4, 0.38, 0.35, 0.47, 0.89, 1.19]}
{"t": 240.0, "x": 333, "y": 690, "h": 285.7, "d5": 0.523, "sm": 0.525, "d6": "tick=203471 goal=0 here=0", "l": [1.07, 1.34, 0.2, 0.48, 0.66, 2.42, 1.05, 0.39, 0.36, 0.52, 0.4, 0.4, 0.39, 0.46, 0.85, 1.15]}
{"t": 240.3, "x": 241, "y": 720, "h": 288.0, "d5": 0.538, "sm": 0.528, "d6": "tick=203492 goal=0 here=0", "l": [1.03, 1.3, 0.71, 0.2, 0.67, 0.72, 1.11, 0.45, 0.42, 0.57, 0.43, 0.38, 0.37, 0.46, 0.81, 1.1]}
{"t": 240.5, "x": 148, "y": 749, "h": 287.5, "d5": 0.557, "sm": 0.535, "d6": "tick=203513 goal=0 here=0", "l": [0.97, 1.22, 0.75, 0.65, 0.65, 0.67, 1.22, 0.6, 0.48, 0.64, 0.46, 0.4, 0.43, 0.45, 0.8, 1.03]}
{"t": 240.7, "x": 57, "y": 776, "h": 286.4, "d5": 0.556, "sm": 0.541, "d6": "tick=203534 goal=0 here=0", "l": [0.94, 1.12, 0.7, 0.64, 0.26, 0.68, 1.27, 1.09, 0.53, 0.67, 0.5, 0.38, 0.42, 0.56, 0.78, 0.99]}
{"t": 240.9, "x": -34, "y": 798, "h": 283.6, "d5": 0.571, "sm": 0.548, "d6": "tick=203554 goal=0 here=0", "l": [0.9, 1.02, 0.69, 0.58, 0.29, 0.2, 1.3, 1.15, 0.59, 0.73, 0.53, 0.42, 0.42, 0.56, 0.73, 0.96]}
{"t": 242.1, "x": -51, "y": 794, "h": 179.2, "d5": 0.594, "sm": 0.56, "d6": "tick=203671 goal=0 here=0", "l": [0.43, 0.4, 0.6, 0.95, 0.88, 0.89, 1.14, -1.0, 0.64, 0.28, 0.17, 1.25, 0.59, 0.57, 0.68, 0.48]}
{"t": 242.3, "x": -39, "y": 708, "h": 172.0, "d5": 0.63, "sm": 0.577, "d6": "tick=203697 goal=0 here=0", "l": [0.38, 0.38, 0.53, 0.91, 0.94, 0.88, 1.18, 0.71, 0.68, 0.33, 0.76, 1.24, 0.6, 0.59, 0.59, 0.43]}
{"t": 242.5, "x": -38, "y": 616, "h": 179.5, "d5": 0.612, "sm": 0.586, "d6": "tick=203717 goal=0 here=0", "l": [0.32, 0.35, 0.47, 0.68, 0.95, 0.52, 1.09, 0.76, 0.72, 0.36, 0.8, 1.24, 0.6, 0.62, 0.49, 0.39]}
{"t": 243.9, "x": -28, "y": 608, "h": 329.3, "d5": 0.657, "sm": 0.604, "d6": "tick=203853 goal=0 here=0", "l": [1.59, 0.66, 0.37, 0.77, 1.37, 0.59, 0.54, 0.66, 0.43, 0.31, 0.34, 0.39, 0.67, 0.89, 0.73, 1.07]}
{"t": 244.1, "x": -75, "y": 678, "h": 326.2, "d5": 0.651, "sm": 0.616, "d6": "tick=203875 goal=0 here=0", "l": [1.54, 0.63, 0.38, 0.21, 1.34, 0.62, -1.0, 0.72, 0.46, 0.35, 0.36, 0.49, 0.69, 0.89, 0.51, 1.03]}
{"t": 244.3, "x": -124, "y": 760, "h": 329.1, "d5": 0.64, "sm": 0.622, "d6": "tick=203896 goal=0 here=0", "l": [1.45, 0.57, 0.63, 0.28, 1.34, 1.21, 0.6, 0.74, 0.51, 0.4, 0.39, 0.53, 0.69, 0.9, 0.45, 0.97]}
{"t": 244.5, "x": -175, "y": 842, "h": 327.8, "d5": 0.653, "sm": 0.629, "d6": "tick=203917 goal=0 here=0", "l": [1.42, 0.55, 0.59, 0.3, 0.22, 1.25, -1.0, 0.79, 0.56, 0.45, 0.41, 0.56, 0.71, 0.9, 0.61, 0.91]}
{"t": 244.7, "x": -230, "y": 921, "h": 325.0, "d5": 0.634, "sm": 0.631, "d6": "tick=203938 goal=0 here=0", "l": [1.32, 0.55, 0.57, 0.31, 0.28, 0.2, 0.71, 0.83, 0.63, 0.51, 0.45, 0.59, 0.86, 0.89, 0.78, 0.88]}
{"t": 244.9, "x": -286, "y": 1000, "h": 325.1, "d5": 0.643, "sm": 0.634, "d6": "tick=203959 goal=0 here=0", "l": [1.28, 0.53, 0.55, 0.45, 0.27, 0.25, 0.74, 0.87, 0.67, 0.53, 0.51, 0.62, 0.89, 0.84, 0.75, 0.83]}
{"t": 245.1, "x": -342, "y": 1076, "h": 323.3, "d5": 0.654, "sm": 0.639, "d6": "tick=203980 goal=0 here=0", "l": [1.18, 0.5, 0.46, 0.53, 0.3, 0.28, 0.26, 0.88, 0.73, 0.58, 0.57, 0.68, 0.9, 0.76, 0.68, 0.81]}
