# new run 1787926923.7797122
P 0.01 0.00 h=14 tgt=81 scan=0.27,0.33,0.45,1.40,0.95,0.36,0.26,0.20,0.28,0.31,0.35,0.34,0.28,0.30,0.28,0.23
P 0.16 2.96 h=89 tgt=89 scan=2.02,0.83,0.48,0.28,0.28,0.32,0.49,0.59,0.53,0.48,0.31,0.20,0.21,0.20,0.24,0.50
P 0.27 6.21 h=86 tgt=86 scan=1.85,1.03,0.52,0.39,0.26,0.30,0.40,0.71,0.69,0.45,0.28,0.20,0.16,0.15,0.28,0.53
P 0.49 9.59 h=90 tgt=90 scan=1.67,0.91,0.47,0.37,0.34,0.32,0.42,0.81,0.85,0.46,0.21,0.17,0.19,0.20,0.25,0.48
P 0.41 12.31 h=91 tgt=91 scan=1.50,0.77,0.40,0.37,0.33,0.38,0.41,0.94,0.95,0.37,0.26,0.23,0.18,0.22,0.34,0.46
P 0.37 14.86 h=90 tgt=90 scan=1.38,0.69,0.49,0.32,0.36,0.35,0.49,0.76,1.12,0.40,0.29,0.21,0.21,0.24,0.26,0.41
P 0.37 16.90 h=97 tgt=97 scan=1.25,0.61,0.47,0.33,0.31,0.38,0.49,0.88,1.19,0.44,0.27,0.23,0.23,0.22,0.22,0.39
P 0.27 18.78 h=92 tgt=92 scan=1.24,0.65,0.46,0.34,0.29,0.38,0.48,0.97,1.27,0.48,0.29,0.24,0.18,0.17,0.27,0.38
# run2 1787927127.4870143
P 0.00 0.00 h=70 tgt=272 scan=1.08,1.01,0.52,0.27,0.29,0.24,0.28,0.32,0.62,1.55,0.72,0.43,0.26,0.24,0.23,0.30
P 0.00 0.00 h=273 tgt=273 scan=1.58,0.83,0.59,0.41,0.38,0.43,1.18,1.01,0.22,0.17,0.15,0.11,0.10,0.11,0.16,0.24
P 0.00 0.00 h=278 tgt=278 scan=1.58,0.84,0.57,0.41,0.38,0.44,1.19,1.00,0.23,0.17,0.17,0.11,0.11,0.12,0.15,0.22
P 0.00 0.00 h=272 tgt=272 scan=1.58,0.84,0.59,0.41,0.38,0.43,1.19,1.02,0.22,0.17,0.17,0.12,0.10,0.11,0.16,0.24
P 0.00 0.00 h=274 tgt=274 scan=1.58,0.84,0.58,0.40,0.38,0.43,1.18,1.01,0.23,0.17,0.16,0.12,0.11,0.12,0.17,0.22
P 0.00 0.00 h=274 tgt=274 scan=1.60,0.86,0.59,0.40,0.38,0.43,1.22,1.02,0.23,0.18,0.16,0.13,0.11,0.12,0.16,0.23
P 0.00 0.00 h=273 tgt=273 scan=1.60,0.86,0.59,0.41,0.38,0.41,1.23,1.04,0.23,0.18,0.15,0.12,0.10,0.11,0.16,0.21
P 0.00 0.00 h=276 tgt=276 scan=1.60,0.87,0.60,0.41,0.37,0.40,1.23,1.02,0.24,0.18,0.15,0.13,0.10,0.11,0.15,0.21
P 0.00 0.00 h=274 tgt=274 scan=1.58,0.86,0.60,0.41,0.38,0.40,1.24,1.03,0.22,0.16,0.16,0.13,0.10,0.13,0.16,0.22
P 0.00 0.00 h=275 tgt=275 scan=1.60,0.86,0.60,0.41,0.37,0.41,1.23,1.02,0.23,0.17,0.17,0.12,0.09,0.12,0.16,0.22
P 0.00 0.00 h=276 tgt=276 scan=1.59,0.86,0.60,0.41,0.37,0.40,1.25,1.03,0.22,0.18,0.15,0.13,0.08,0.11,0.16,0.21
P 0.00 0.00 h=277 tgt=277 scan=1.60,0.86,0.60,0.41,0.36,0.42,1.19,1.03,0.21,0.17,0.16,0.12,0.11,0.12,0.15,0.24
P 0.00 0.00 h=277 tgt=277 scan=1.59,0.85,0.58,0.40,0.37,0.40,1.21,1.03,0.21,0.17,0.15,0.12,0.11,0.11,0.15,0.22
P 0.00 0.00 h=276 tgt=276 scan=1.59,0.84,0.59,0.41,0.37,0.42,1.20,1.02,0.22,0.17,0.16,0.12,0.10,0.12,0.16,0.22
P 0.00 0.00 h=274 tgt=274 scan=1.60,0.86,0.59,0.41,0.38,0.40,1.20,1.02,0.21,0.17,0.16,0.12,0.10,0.11,0.14,0.23
P 0.00 0.00 h=278 tgt=278 scan=1.60,0.85,0.59,0.40,0.38,0.41,1.20,1.02,0.23,0.17,0.16,0.10,0.10,0.12,0.15,0.23
P 0.00 0.00 h=276 tgt=276 scan=1.59,0.86,0.59,0.41,0.37,0.42,1.21,1.01,0.22,0.18,0.17,0.12,0.10,0.12,0.17,0.23
P 0.00 0.00 h=273 tgt=273 scan=1.59,0.86,0.60,0.42,0.37,0.42,1.19,1.02,0.22,0.17,0.16,0.14,0.11,0.12,0.15,0.23
P 0.00 0.00 h=270 tgt=270 scan=1.60,0.86,0.60,0.40,0.39,0.41,1.26,1.04,0.24,0.18,0.16,0.12,0.10,0.11,0.15,0.22
P 0.00 0.00 h=274 tgt=274 scan=1.60,0.87,0.59,0.41,0.37,0.41,1.25,1.03,0.22,0.17,0.17,0.13,0.10,0.12,0.15,0.21
P 0.00 0.00 h=275 tgt=275 scan=1.60,0.88,0.60,0.41,0.38,0.41,1.24,1.04,0.23,0.17,0.15,0.11,0.10,0.11,0.15,0.23
P 0.00 0.00 h=272 tgt=272 scan=1.60,0.86,0.59,0.42,0.39,0.41,1.24,1.03,0.24,0.17,0.17,0.12,0.10,0.12,0.16,0.23
P 0.00 0.00 h=272 tgt=272 scan=1.59,0.88,0.59,0.39,0.39,0.39,1.25,1.03,0.23,0.18,0.15,0.13,0.10,0.12,0.16,0.21
P 0.00 0.00 h=278 tgt=278 scan=1.61,0.87,0.61,0.42,0.37,0.40,1.24,1.04,0.23,0.17,0.15,0.12,0.10,0.12,0.15,0.20
P 0.00 0.00 h=275 tgt=275 scan=1.59,0.85,0.58,0.40,0.38,0.42,1.20,1.02,0.22,0.17,0.16,0.12,0.10,0.12,0.16,0.23
P 0.00 0.00 h=274 tgt=274 scan=1.60,0.85,0.60,0.41,0.38,0.43,1.20,1.02,0.22,0.17,0.16,0.11,0.10,0.12,0.16,0.22
P 0.00 0.00 h=276 tgt=276 scan=1.60,0.85,0.58,0.41,0.37,0.41,1.20,1.02,0.23,0.18,0.17,0.13,0.10,0.11,0.15,0.23
P 0.00 0.00 h=276 tgt=276 scan=1.59,0.86,0.59,0.41,0.38,0.41,1.20,1.03,0.22,0.18,0.16,0.10,0.11,0.13,0.16,0.23
P 0.00 0.00 h=277 tgt=277 scan=1.59,0.84,0.61,0.41,0.39,0.42,1.19,1.01,0.22,0.17,0.15,0.11,0.11,0.12,0.16,0.22
P 0.00 0.00 h=276 tgt=276 scan=1.59,0.85,0.61,0.41,0.37,0.42,1.19,1.01,0.22,0.17,0.17,0.12,0.10,0.11,0.15,0.23
P 0.00 0.00 h=274 tgt=274 scan=1.59,0.85,0.59,0.41,0.37,0.42,1.19,1.01,0.23,0.18,0.16,0.12,0.11,0.11,0.15,0.23
P 0.00 0.00 h=275 tgt=275 scan=1.60,0.84,0.59,0.41,0.39,0.42,1.20,1.02,0.23,0.17,0.15,0.12,0.10,0.12,0.16,0.24
P 0.00 0.00 h=274 tgt=274 scan=1.60,0.85,0.61,0.40,0.36,0.42,1.20,1.02,0.23,0.17,0.17,0.12,0.10,0.12,0.15,0.23
P 0.00 0.00 h=276 tgt=276 scan=1.59,0.85,0.59,0.41,0.38,0.41,1.20,1.02,0.20,0.18,0.16,0.12,0.10,0.11,0.15,0.23
P 0.00 0.00 h=272 tgt=272 scan=1.59,0.85,0.60,0.40,0.38,0.42,1.20,1.02,0.22,0.18,0.16,0.12,0.10,0.11,0.16,0.23
P 0.00 0.00 h=276 tgt=276 scan=1.59,0.85,0.59,0.41,0.38,0.42,1.20,1.01,0.22,0.16,0.16,0.12,0.10,0.11,0.15,0.23
P 0.00 0.00 h=275 tgt=275 scan=1.59,0.85,0.59,0.41,0.39,0.41,1.19,1.00,0.23,0.17,0.15,0.12,0.10,0.11,0.15,0.23
P 0.00 0.00 h=275 tgt=275 scan=1.57,0.86,0.60,0.42,0.38,0.41,1.21,1.01,0.22,0.18,0.17,0.12,0.09,0.12,0.15,0.24
P 0.00 0.00 h=278 tgt=278 scan=1.60,0.85,0.59,0.41,0.38,0.41,1.20,1.03,0.24,0.17,0.16,0.12,0.11,0.12,0.16,0.22
P 0.00 0.00 h=273 tgt=273 scan=1.58,0.86,0.59,0.41,0.36,0.42,1.20,1.02,0.22,0.17,0.16,0.13,0.10,0.11,0.16,0.24
P 0.00 0.00 h=276 tgt=276 scan=1.58,0.84,0.59,0.40,0.38,0.43,1.20,1.01,0.22,0.17,0.17,0.12,0.10,0.12,0.15,0.23
P 0.00 0.00 h=279 tgt=279 scan=1.60,0.85,0.59,0.41,0.37,0.43,1.20,1.04,0.23,0.18,0.16,0.12,0.10,0.10,0.16,0.23
P 0.00 0.00 h=277 tgt=277 scan=1.60,0.84,0.58,0.41,0.38,0.41,1.20,1.02,0.23,0.17,0.17,0.11,0.10,0.10,0.15,0.24
P 0.00 0.00 h=277 tgt=277 scan=1.59,0.86,0.61,0.41,0.38,0.41,1.20,1.03,0.22,0.18,0.16,0.13,0.10,0.11,0.16,0.23
P 0.00 0.00 h=277 tgt=277 scan=1.58,0.85,0.58,0.41,0.38,0.43,1.20,1.00,0.22,0.17,0.16,0.12,0.10,0.13,0.16,0.22
P 0.00 0.00 h=276 tgt=276 scan=1.58,0.84,0.60,0.41,0.37,0.41,1.20,1.02,0.21,0.18,0.16,0.12,0.10,0.11,0.15,0.23
P 0.00 0.00 h=275 tgt=275 scan=1.58,0.86,0.60,0.41,0.37,0.41,1.20,1.01,0.22,0.18,0.17,0.12,0.10,0.11,0.16,0.23
P 0.00 0.00 h=275 tgt=275 scan=1.60,0.84,0.59,0.41,0.37,0.42,1.21,1.02,0.22,0.17,0.16,0.12,0.10,0.12,0.15,0.23
P 0.00 0.00 h=274 tgt=274 scan=1.60,0.86,0.60,0.40,0.38,0.41,1.20,1.02,0.21,0.17,0.15,0.12,0.10,0.11,0.16,0.24
P 0.00 0.00 h=276 tgt=276 scan=1.60,0.85,0.60,0.41,0.37,0.41,1.20,1.02,0.23,0.18,0.16,0.12,0.11,0.12,0.14,0.23
P 0.00 0.00 h=276 tgt=276 scan=1.58,0.86,0.59,0.40,0.37,0.42,1.20,1.01,0.23,0.17,0.16,0.11,0.10,0.11,0.15,0.23
P 0.00 0.00 h=275 tgt=275 scan=1.59,0.86,0.58,0.42,0.38,0.42,1.20,1.01,0.22,0.17,0.16,0.12,0.09,0.11,0.15,0.23
P 0.00 0.00 h=276 tgt=276 scan=1.60,0.85,0.59,0.41,0.38,0.42,1.19,1.02,0.23,0.17,0.16,0.12,0.10,0.13,0.15,0.23
P 0.00 0.00 h=273 tgt=273 scan=1.58,0.85,0.60,0.41,0.37,0.43,1.18,1.01,0.21,0.18,0.16,0.12,0.10,0.11,0.16,0.24
P 0.00 0.00 h=278 tgt=278 scan=1.59,0.86,0.59,0.41,0.38,0.41,1.20,1.02,0.23,0.17,0.16,0.12,0.09,0.12,0.16,0.23
P 0.00 0.00 h=276 tgt=276 scan=1.59,0.86,0.59,0.41,0.39,0.42,1.21,1.02,0.23,0.18,0.18,0.12,0.10,0.11,0.15,0.23
P 0.00 0.00 h=276 tgt=276 scan=1.59,0.84,0.59,0.40,0.39,0.41,1.21,1.01,0.22,0.18,0.17,0.12,0.10,0.11,0.15,0.23
P 0.00 0.00 h=276 tgt=276 scan=1.61,0.85,0.59,0.39,0.38,0.43,1.21,1.03,0.23,0.18,0.15,0.10,0.10,0.11,0.15,0.23
P 0.00 0.00 h=275 tgt=275 scan=1.58,0.85,0.59,0.41,0.39,0.41,1.20,1.02,0.22,0.17,0.17,0.12,0.10,0.12,0.15,0.22
P 0.00 0.00 h=274 tgt=274 scan=1.60,0.85,0.60,0.40,0.39,0.42,1.18,1.01,0.22,0.17,0.17,0.11,0.10,0.12,0.14,0.22
P 0.00 0.00 h=279 tgt=279 scan=1.60,0.85,0.59,0.41,0.38,0.42,1.21,1.02,0.23,0.18,0.16,0.12,0.10,0.12,0.15,0.23
P 0.00 0.00 h=278 tgt=278 scan=1.58,0.84,0.58,0.40,0.38,0.43,1.17,1.00,0.23,0.17,0.15,0.11,0.12,0.11,0.15,0.23
P 0.00 0.00 h=277 tgt=277 scan=1.59,0.83,0.59,0.39,0.38,0.43,1.18,1.00,0.21,0.18,0.17,0.11,0.11,0.10,0.16,0.24
P 0.00 0.00 h=276 tgt=276 scan=1.58,0.85,0.59,0.41,0.39,0.43,1.18,1.00,0.21,0.18,0.16,0.12,0.10,0.12,0.15,0.24
P 0.00 -0.01 h=276 tgt=276 scan=1.59,0.86,0.59,0.41,0.38,0.40,1.23,1.04,0.24,0.18,0.16,0.14,0.11,0.12,0.17,0.22
P 0.00 -0.01 h=276 tgt=276 scan=1.60,0.85,0.59,0.41,0.37,0.40,1.25,1.05,0.23,0.17,0.16,0.12,0.09,0.11,0.15,0.23
P 0.00 -0.01 h=275 tgt=275 scan=1.59,0.85,0.59,0.40,0.38,0.39,1.24,1.04,0.23,0.17,0.15,0.12,0.09,0.12,0.16,0.21
P 0.00 -0.01 h=276 tgt=276 scan=1.60,0.85,0.59,0.40,0.38,0.42,1.23,1.04,0.24,0.18,0.17,0.12,0.09,0.12,0.15,0.22
P 0.00 -0.01 h=276 tgt=276 scan=1.59,0.86,0.60,0.41,0.38,0.41,1.24,1.03,0.23,0.18,0.16,0.12,0.10,0.13,0.16,0.21
P 0.00 -0.01 h=276 tgt=276 scan=1.59,0.85,0.59,0.42,0.38,0.40,1.25,1.03,0.24,0.18,0.16,0.12,0.09,0.13,0.15,0.22
P 0.00 -0.01 h=274 tgt=274 scan=1.58,0.85,0.61,0.41,0.39,0.41,1.24,1.05,0.24,0.18,0.15,0.12,0.11,0.12,0.15,0.21
P 0.00 -0.01 h=275 tgt=275 scan=1.60,0.85,0.59,0.41,0.38,0.41,1.24,1.04,0.25,0.18,0.16,0.11,0.10,0.13,0.15,0.22
P 0.00 -0.01 h=277 tgt=277 scan=1.59,0.86,0.60,0.41,0.38,0.40,1.24,1.04,0.23,0.18,0.17,0.12,0.10,0.11,0.16,0.21
P 0.00 -0.01 h=272 tgt=272 scan=1.60,0.85,0.60,0.40,0.38,0.42,1.25,1.03,0.23,0.17,0.17,0.12,0.09,0.13,0.15,0.23
P 0.00 -0.01 h=276 tgt=276 scan=1.60,0.85,0.59,0.41,0.38,0.43,1.24,1.04,0.24,0.17,0.17,0.13,0.11,0.12,0.15,0.21
P 0.00 -0.01 h=272 tgt=272 scan=1.59,0.86,0.60,0.41,0.39,0.41,1.25,1.03,0.23,0.19,0.15,0.11,0.10,0.11,0.14,0.22
P 0.00 -0.01 h=276 tgt=276 scan=1.59,0.85,0.59,0.41,0.38,0.40,1.24,1.04,0.24,0.18,0.15,0.13,0.10,0.12,0.16,0.20
P 0.00 -0.01 h=276 tgt=276 scan=1.58,0.85,0.59,0.41,0.35,0.40,1.24,1.03,0.24,0.19,0.16,0.11,0.11,0.12,0.15,0.23
P 0.00 -0.01 h=273 tgt=273 scan=1.59,0.86,0.61,0.41,0.39,0.41,1.24,1.03,0.24,0.17,0.16,0.12,0.11,0.13,0.16,0.23
P 0.00 -0.01 h=277 tgt=277 scan=1.58,0.85,0.60,0.41,0.39,0.41,1.24,1.03,0.24,0.18,0.17,0.12,0.10,0.11,0.15,0.23
P 0.00 -0.01 h=273 tgt=273 scan=1.58,0.86,0.59,0.40,0.39,0.41,1.24,1.02,0.23,0.17,0.17,0.13,0.10,0.12,0.16,0.22
P 0.00 -0.01 h=275 tgt=275 scan=1.59,0.85,0.58,0.40,0.39,0.40,1.24,1.03,0.22,0.19,0.17,0.10,0.10,0.12,0.15,0.22
P 0.00 -0.01 h=276 tgt=254 scan=1.58,0.87,0.59,0.42,0.38,0.40,1.24,1.04,0.25,0.19,0.16,0.09,0.11,0.12,0.16,2.50
P 0.00 -0.01 h=262 tgt=284 scan=0.58,1.54,0.78,0.53,0.39,0.36,0.53,1.14,0.96,0.18,0.16,0.15,0.13,0.11,0.12,0.19
P 0.00 -0.01 h=280 tgt=280 scan=1.55,0.81,0.59,0.40,0.38,0.43,1.16,0.98,0.21,0.17,0.15,0.12,0.10,0.12,0.17,0.24
P 0.00 -0.03 h=279 tgt=279 scan=1.57,0.84,0.58,0.41,0.39,0.41,1.20,1.02,0.24,0.18,0.16,0.11,0.10,0.12,0.15,0.23
P 0.00 -0.03 h=277 tgt=277 scan=1.57,0.83,0.58,0.39,0.38,0.41,1.20,1.03,0.23,0.18,0.16,0.12,0.11,0.12,0.16,0.23
P 0.00 -0.03 h=276 tgt=276 scan=1.57,0.84,0.58,0.40,0.39,0.41,1.21,1.03,0.22,0.19,0.15,0.11,0.09,0.11,0.15,0.24
P 0.00 -0.03 h=277 tgt=277 scan=1.55,0.83,0.58,0.39,0.39,0.42,1.20,1.03,0.24,0.18,0.16,0.11,0.10,0.12,0.15,0.22
P 0.00 -0.03 h=275 tgt=275 scan=1.57,0.83,0.58,0.40,0.38,0.41,1.20,1.03,0.23,0.19,0.16,0.12,0.11,0.12,0.16,0.21
P 0.00 -0.03 h=274 tgt=274 scan=1.59,0.85,0.60,0.41,0.38,0.41,1.24,1.05,0.24,0.18,0.17,0.13,0.10,0.12,0.15,0.23
P 0.00 -0.03 h=277 tgt=277 scan=1.59,0.85,0.59,0.40,0.38,0.40,1.24,1.03,0.24,0.18,0.16,0.12,0.11,0.12,0.14,0.23
P 0.00 -0.03 h=272 tgt=272 scan=1.58,0.84,0.59,0.40,0.38,0.40,1.23,1.03,0.24,0.18,0.16,0.12,0.11,0.10,0.16,0.24
P 0.00 -0.03 h=277 tgt=277 scan=1.59,0.85,0.60,0.41,0.38,0.40,0.59,1.04,0.25,0.18,0.16,0.12,0.10,0.12,0.14,0.22
P 0.00 -0.03 h=275 tgt=275 scan=1.57,0.84,0.59,0.41,0.39,0.40,1.22,1.03,0.23,0.19,0.15,0.12,0.11,0.13,0.15,0.23
P 0.00 -0.03 h=277 tgt=277 scan=1.58,0.85,0.59,0.41,0.37,0.40,1.25,1.04,0.24,0.17,0.17,0.12,0.10,0.12,0.16,0.23
P 0.00 -0.03 h=275 tgt=275 scan=1.58,0.84,0.58,0.41,0.37,0.40,1.22,1.04,0.24,0.19,0.16,0.12,0.10,0.12,0.15,0.24
P 0.00 -0.03 h=274 tgt=274 scan=1.58,0.84,0.59,0.41,0.38,0.41,1.22,1.03,0.24,0.18,0.15,0.13,0.11,0.11,0.16,0.22
P 0.00 -0.03 h=278 tgt=278 scan=1.58,0.83,0.58,0.41,0.38,0.41,1.24,1.03,0.24,0.20,0.17,0.12,0.10,0.12,0.15,0.23
P 0.00 -0.03 h=274 tgt=274 scan=1.57,0.84,0.59,0.40,0.37,0.42,1.23,1.03,0.23,0.18,0.17,0.11,0.10,0.11,0.15,0.23
P 0.00 -0.03 h=270 tgt=270 scan=1.57,0.84,0.58,0.40,0.39,0.41,1.24,1.02,0.24,0.19,0.16,0.13,0.10,0.13,0.15,0.24
P 0.00 -0.03 h=274 tgt=274 scan=1.58,0.84,0.58,0.40,0.38,0.41,1.26,1.03,0.24,0.18,0.17,0.12,0.11,0.12,0.15,0.23
P 0.00 -0.03 h=277 tgt=277 scan=1.59,0.85,0.58,0.41,0.38,0.40,1.25,1.05,0.25,0.18,0.16,0.12,0.10,0.12,0.16,0.23
P 0.00 -0.03 h=278 tgt=278 scan=1.59,0.86,0.60,0.42,0.38,0.39,1.25,1.05,0.22,0.17,0.17,0.11,0.10,0.12,0.14,0.23
P 0.00 -0.03 h=271 tgt=271 scan=1.60,0.85,0.59,0.40,0.39,0.40,1.25,1.05,0.25,0.18,0.17,0.12,0.10,0.12,0.15,0.23
P 0.00 -0.03 h=278 tgt=278 scan=1.58,0.87,0.60,0.41,0.39,0.38,0.59,1.04,0.24,0.18,0.17,0.12,0.11,0.10,0.15,0.22
P 0.00 -0.03 h=275 tgt=275 scan=1.59,0.84,0.60,0.41,0.38,0.40,0.58,1.04,0.24,0.19,0.17,0.11,0.10,0.11,0.16,0.22
P 0.00 -0.03 h=274 tgt=274 scan=1.57,0.85,0.59,0.40,0.39,0.40,0.59,1.04,0.24,0.17,0.17,0.12,0.10,0.11,0.15,0.22
P 0.00 -0.06 h=268 tgt=268 scan=1.55,1.13,0.62,0.43,0.40,0.36,0.56,1.06,1.00,0.19,0.17,0.12,0.11,0.10,0.15,0.19
P 0.00 -0.06 h=272 tgt=272 scan=1.55,1.11,0.62,0.43,0.41,0.37,0.55,1.07,1.02,0.17,0.18,0.11,0.11,0.12,0.13,0.20
P 0.00 -0.06 h=270 tgt=270 scan=1.54,1.12,0.62,0.43,0.38,0.38,0.57,1.06,1.00,0.19,0.17,0.12,0.10,0.11,0.13,0.20
P 0.00 -0.06 h=270 tgt=270 scan=1.54,1.12,0.62,0.43,0.39,0.37,0.57,1.06,1.00,0.18,0.17,0.12,0.09,0.12,0.14,0.20
P 0.00 -0.06 h=271 tgt=271 scan=1.56,1.12,0.62,0.44,0.39,0.36,0.57,1.08,1.00,0.20,0.18,0.13,0.11,0.12,0.14,0.20
P 0.00 -0.06 h=272 tgt=272 scan=1.55,1.12,0.61,0.43,0.39,0.36,0.57,1.07,1.00,0.18,0.19,0.12,0.10,0.10,0.14,0.20
P 0.00 -0.06 h=268 tgt=268 scan=1.55,1.11,0.62,0.44,0.41,0.38,0.57,1.06,1.00,0.19,0.19,0.14,0.09,0.11,0.14,0.19
P 0.00 -0.06 h=268 tgt=268 scan=1.55,1.11,0.62,0.43,0.39,0.37,0.57,1.06,1.00,0.19,0.18,0.13,0.10,0.10,0.15,0.20
P 0.00 -0.06 h=266 tgt=266 scan=1.55,1.11,0.62,0.43,0.39,0.38,0.58,1.06,0.99,0.19,0.17,0.12,0.10,0.12,0.15,0.20
P 0.00 -0.06 h=270 tgt=270 scan=1.55,1.12,0.62,0.42,0.40,0.37,0.57,1.05,1.01,0.19,0.17,0.12,0.11,0.11,0.14,0.19
P 0.00 -0.06 h=267 tgt=267 scan=1.55,1.12,0.61,0.44,0.40,0.37,0.57,1.06,1.01,0.19,0.18,0.12,0.09,0.11,0.14,0.19
P 0.00 -0.06 h=268 tgt=268 scan=1.54,1.12,0.61,0.45,0.39,0.37,0.56,1.07,0.99,0.19,0.18,0.12,0.09,0.12,0.14,0.20
P 0.00 -0.06 h=271 tgt=271 scan=1.53,1.12,0.62,0.44,0.39,0.37,0.56,1.06,1.00,0.20,0.17,0.12,0.10,0.10,0.15,0.19
P 0.00 -0.06 h=274 tgt=274 scan=1.54,1.11,0.62,0.43,0.39,0.37,0.57,1.08,1.01,0.20,0.18,0.12,0.10,0.11,0.14,0.20
P 0.00 -0.06 h=269 tgt=269 scan=1.54,1.11,0.60,0.43,0.40,0.36,0.58,1.06,1.01,0.20,0.16,0.12,0.09,0.12,0.15,0.20
P 0.00 -0.06 h=272 tgt=272 scan=1.54,1.12,0.61,0.43,0.40,0.38,0.57,1.06,1.00,0.19,0.16,0.13,0.11,0.11,0.14,0.19
P 0.00 -0.06 h=270 tgt=270 scan=1.55,1.14,0.62,0.42,0.39,0.38,0.56,1.07,1.00,0.19,0.17,0.13,0.10,0.13,0.15,0.19
P 0.00 -0.06 h=267 tgt=267 scan=1.55,1.11,0.61,0.43,0.40,0.38,0.57,1.06,1.00,0.20,0.18,0.13,0.10,0.12,0.14,0.19
P 0.00 -0.06 h=271 tgt=271 scan=1.55,1.12,0.62,0.43,0.41,0.37,0.56,1.06,1.00,0.20,0.18,0.13,0.10,0.13,0.15,0.19
P 0.00 -0.06 h=270 tgt=270 scan=1.54,1.12,0.61,0.43,0.39,0.37,0.57,1.06,1.01,0.19,0.17,0.14,0.10,0.11,0.12,0.20
P 0.00 -0.06 h=268 tgt=268 scan=1.54,1.12,0.62,0.44,0.39,0.37,0.56,1.07,1.01,0.19,0.17,0.12,0.11,0.10,0.14,0.20
P 0.00 -0.06 h=270 tgt=270 scan=1.54,1.12,0.61,0.43,0.40,0.38,0.56,1.06,1.00,0.19,0.17,0.13,0.10,0.12,0.14,0.19
P 0.00 -0.06 h=269 tgt=269 scan=1.54,1.12,0.62,0.43,0.41,0.38,0.57,1.06,1.00,0.18,0.18,0.13,0.10,0.10,0.14,0.19
P 0.00 -0.06 h=270 tgt=270 scan=1.55,1.12,0.61,0.42,0.39,0.37,0.57,1.07,0.99,0.20,0.17,0.13,0.11,0.08,0.15,0.20
P 0.00 -0.06 h=269 tgt=269 scan=1.54,1.12,0.61,0.42,0.40,0.36,0.57,1.06,1.00,0.19,0.16,0.13,0.11,0.11,0.15,0.19
P 0.00 -0.06 h=269 tgt=269 scan=1.54,1.11,0.62,0.45,0.39,0.36,0.58,1.08,1.00,0.18,0.16,0.13,0.10,0.10,0.14,0.19
P 0.00 -0.06 h=270 tgt=270 scan=1.54,1.12,0.63,0.43,0.40,0.36,0.57,1.06,1.01,0.20,0.17,0.13,0.10,0.11,0.14,0.19
P 0.00 -0.06 h=274 tgt=274 scan=1.54,1.13,0.61,0.42,0.39,0.35,0.57,1.08,1.02,0.19,0.17,0.12,0.10,0.12,0.15,0.19
P 0.00 -0.06 h=272 tgt=272 scan=1.56,1.06,0.61,0.43,0.40,0.37,0.58,1.07,0.67,0.20,0.16,0.12,0.10,0.11,0.14,0.20
P 0.00 -0.06 h=271 tgt=271 scan=1.55,1.06,0.61,0.42,0.40,0.37,0.58,1.08,0.66,0.18,0.19,0.11,0.10,0.12,0.15,0.20
P 0.00 -0.06 h=273 tgt=273 scan=1.55,1.06,0.60,0.42,0.40,0.37,0.58,1.07,0.68,0.20,0.16,0.12,0.10,0.11,0.14,0.20
P 0.00 -0.06 h=268 tgt=268 scan=1.56,1.07,0.61,0.43,0.39,0.38,0.57,1.06,0.68,0.20,0.16,0.13,0.10,0.12,0.14,0.18
P 0.00 -0.06 h=272 tgt=272 scan=1.57,1.07,0.59,0.42,0.39,0.38,0.58,1.07,0.67,0.19,0.16,0.12,0.11,0.11,0.15,0.20
P 0.00 -0.06 h=273 tgt=273 scan=1.56,1.06,0.60,0.43,0.39,0.37,0.58,1.07,0.67,0.19,0.17,0.12,0.10,0.11,0.14,0.20
P 0.00 -0.06 h=271 tgt=271 scan=1.56,1.06,0.60,0.42,0.39,0.35,0.57,1.07,0.67,0.20,0.17,0.13,0.10,0.12,0.13,0.20
P 0.00 -0.06 h=271 tgt=271 scan=1.56,1.07,0.60,0.43,0.39,0.37,0.57,1.06,0.67,0.19,0.17,0.12,0.10,0.10,0.15,0.19
P 0.00 -0.06 h=275 tgt=275 scan=1.55,1.06,0.61,0.43,0.39,0.37,0.58,1.06,0.67,0.18,0.17,0.13,0.10,0.12,0.15,0.19
P 0.00 -0.06 h=273 tgt=273 scan=1.57,0.88,0.59,0.40,0.40,0.38,0.58,1.05,0.64,0.19,0.17,0.13,0.10,0.11,0.16,0.21
P 0.00 -0.06 h=269 tgt=269 scan=1.57,0.89,0.60,0.43,0.41,0.39,0.59,1.07,0.66,0.19,0.16,0.13,0.10,0.11,0.15,0.20
P 0.00 -0.06 h=272 tgt=272 scan=1.58,0.89,0.59,0.41,0.39,0.38,0.58,1.07,0.65,0.19,0.17,0.12,0.10,0.11,0.15,0.20
P 0.00 -0.06 h=276 tgt=276 scan=1.56,0.88,0.58,0.42,0.39,0.38,0.58,1.07,0.65,0.19,0.17,0.12,0.10,0.11,0.15,0.20
P 0.00 -0.06 h=271 tgt=271 scan=1.57,0.90,0.60,0.41,0.39,0.37,0.58,1.08,0.65,0.19,0.17,0.12,0.10,0.10,0.16,0.20
P 0.00 -0.06 h=270 tgt=270 scan=1.57,0.89,0.59,0.41,0.39,0.38,0.58,1.06,0.65,0.19,0.17,0.12,0.12,0.11,0.14,0.20
P 0.00 -0.06 h=272 tgt=272 scan=1.56,0.93,0.61,0.42,0.39,0.36,0.58,1.08,0.66,0.19,0.16,0.11,0.10,0.10,0.15,0.20
P 0.00 -0.06 h=269 tgt=269 scan=1.56,0.92,0.60,0.41,0.39,0.37,0.57,1.06,0.66,0.19,0.16,0.12,0.09,0.11,0.15,0.21
P 0.00 -0.06 h=270 tgt=270 scan=1.55,0.92,0.60,0.42,0.40,0.37,0.59,1.06,0.66,0.20,0.17,0.13,0.10,0.11,0.14,0.20
P 0.00 -0.06 h=270 tgt=270 scan=1.56,0.91,0.60,0.43,0.40,0.37,0.58,1.07,0.66,0.19,0.18,0.13,0.09,0.12,0.15,0.20
P 0.00 -0.06 h=268 tgt=268 scan=1.57,0.92,0.60,0.41,0.38,0.38,0.58,1.07,0.65,0.20,0.18,0.12,0.10,0.11,0.14,0.19
P 0.00 -0.06 h=271 tgt=271 scan=1.55,1.09,0.61,0.42,0.39,0.37,0.57,1.06,0.67,0.20,0.18,0.13,0.11,0.11,0.16,0.20
P 0.00 -0.06 h=268 tgt=268 scan=1.55,1.08,0.61,0.43,0.39,0.36,0.57,1.08,0.68,0.20,0.17,0.12,0.10,0.11,0.14,0.20
# run3 1787927211.9710062
P 0.00 0.00 h=256 tgt=76 e=1.05 scan=0.57,1.49,0.76,0.51,0.35,0.34,0.32,0.56,1.05,0.66,0.24,0.23,0.16,0.17,0.17,0.22
P 0.29 0.72 h=56 tgt=259 e=1.26 scan=0.20,1.01,1.03,0.53,0.35,0.36,0.34,0.36,0.62,1.56,0.75,0.40,0.19,0.17,0.16,0.16
P -0.16 -0.68 h=240 tgt=285 e=1.25 scan=0.24,0.75,1.25,0.63,0.46,0.34,0.35,0.37,1.20,1.05,0.30,0.27,0.17,0.16,0.14,0.16
P -0.48 -1.99 h=243 tgt=288 e=1.12 scan=0.31,0.95,1.12,0.62,0.46,0.41,0.37,0.44,1.35,1.24,0.37,0.20,0.12,0.09,0.08,0.14
P -0.62 -3.07 h=248 tgt=68 e=1.10 scan=0.29,1.27,0.91,0.56,0.43,0.45,0.42,0.53,1.36,0.95,0.29,0.11,0.09,0.10,0.14,0.20
P -0.22 -2.41 h=48 tgt=274 e=0.97 scan=0.30,0.49,1.37,0.56,0.39,0.28,0.29,0.34,0.51,0.86,1.17,0.45,0.29,0.26,0.26,0.25
P -0.43 -3.41 h=245 tgt=290 e=1.01 scan=0.27,1.21,1.01,0.54,0.44,0.41,0.41,0.49,0.84,1.37,0.51,0.15,0.13,0.14,0.17,0.20
P -0.50 -4.12 h=254 tgt=299 e=0.87 scan=0.33,1.10,0.87,0.46,0.44,0.40,0.46,0.57,1.51,0.70,0.21,0.18,0.16,0.13,0.15,0.17
P -0.47 -5.25 h=255 tgt=75 e=1.23 scan=0.26,0.97,0.74,0.46,0.39,0.40,0.49,0.60,1.64,0.78,0.29,0.18,0.13,0.13,0.19,0.21
P 0.23 -3.97 h=46 tgt=271 e=0.95 scan=0.32,0.42,1.51,0.79,0.43,0.39,0.32,0.40,0.40,0.71,0.95,0.48,0.23,0.21,0.21,0.20
P 0.09 -4.66 h=248 tgt=90 e=1.08 scan=0.31,1.01,0.78,0.42,0.36,0.34,0.38,0.49,0.70,1.58,0.52,0.28,0.23,0.18,0.20,0.29
P 0.42 -3.51 h=61 tgt=264 e=1.07 scan=0.33,1.50,1.14,0.59,0.40,0.40,0.37,0.44,0.72,1.07,0.55,0.23,0.20,0.15,0.16,0.25
P 0.10 -4.37 h=241 tgt=84 e=1.12 scan=0.31,0.69,0.97,0.60,0.37,0.35,0.34,0.44,0.54,1.55,0.74,0.30,0.25,0.20,0.19,0.26
P 0.50 -3.24 h=60 tgt=263 e=1.10 scan=0.30,0.57,1.20,0.66,0.40,0.40,0.36,0.46,0.68,1.10,0.58,0.25,0.19,0.15,0.16,0.23
P 0.18 -4.10 h=239 tgt=284 e=0.99 scan=0.34,1.04,0.99,0.57,0.37,0.33,0.35,0.44,0.55,1.55,0.73,0.28,0.25,0.22,0.19,0.25
P -0.03 -5.21 h=244 tgt=289 e=0.89 scan=0.23,0.90,0.89,0.52,0.33,0.35,0.38,0.52,0.72,1.61,0.42,0.30,0.17,0.17,0.23,0.21
P -0.12 -6.13 h=250 tgt=294 e=0.78 scan=0.38,0.80,0.78,0.46,0.38,0.32,0.42,0.58,0.88,1.79,0.42,0.21,0.20,0.16,0.12,0.15
P -0.14 -7.14 h=254 tgt=277 e=0.69 scan=0.30,0.69,0.66,0.50,0.38,0.33,0.37,0.53,0.97,1.55,0.33,0.26,0.10,0.10,0.14,0.19
P -0.24 -7.90 h=252 tgt=94 e=0.80 scan=0.26,0.62,0.58,0.45,0.36,0.38,0.37,0.58,1.03,1.19,0.36,0.12,0.11,0.11,0.13,0.20
P 0.35 -6.35 h=50 tgt=72 e=0.66 scan=0.32,0.66,1.87,0.64,0.41,0.40,0.29,0.36,0.46,0.74,0.63,0.29,0.22,0.14,0.13,0.15
P 0.52 -5.93 h=66 tgt=89 e=0.72 scan=0.32,0.92,1.04,0.58,0.41,0.38,0.33,0.47,0.85,0.72,0.47,0.22,0.13,0.12,0.12,0.21
P 0.86 -4.65 h=68 tgt=91 e=0.83 scan=0.38,1.66,0.94,0.56,0.46,0.42,0.41,0.54,0.96,0.82,0.16,0.11,0.10,0.12,0.14,0.17
P 1.02 -3.84 h=73 tgt=95 e=0.80 scan=0.36,1.57,0.85,0.51,0.48,0.42,0.46,0.67,1.02,0.68,0.17,0.14,0.12,0.10,0.10,0.14
P 1.15 -2.86 h=75 tgt=97 e=0.74 scan=0.33,1.54,0.82,0.52,0.47,0.43,0.49,0.67,1.06,0.54,0.17,0.13,0.11,0.09,0.10,0.17
P 1.35 -1.69 h=71 tgt=116 e=0.83 scan=0.32,1.49,0.83,0.54,0.48,0.42,0.49,0.60,1.05,0.73,0.17,0.14,0.11,0.09,0.10,0.16
P 1.35 -0.77 h=79 tgt=102 e=0.74 scan=0.33,1.50,0.75,0.48,0.45,0.43,0.53,0.75,1.14,0.31,0.20,0.10,0.08,0.11,0.14,0.23
P 1.40 -0.09 h=80 tgt=237 e=0.74 scan=0.28,1.44,0.69,0.52,0.43,0.47,0.58,0.74,1.21,0.33,0.16,0.10,0.10,0.13,0.15,0.18
P 0.96 -0.50 h=214 tgt=101 e=1.04 scan=0.33,0.51,1.14,1.16,0.46,0.31,0.27,0.29,0.28,0.39,1.36,1.04,0.55,0.30,0.26,0.29
P 1.08 0.74 h=69 tgt=249 e=1.19 scan=0.32,1.26,0.82,0.57,0.39,0.38,0.46,0.61,1.19,0.99,0.30,0.20,0.17,0.15,0.15,0.15
P 0.68 0.13 h=225 tgt=270 e=1.11 scan=0.31,0.54,1.30,0.81,0.46,0.34,0.33,0.31,0.38,0.73,1.28,0.49,0.32,0.21,0.20,0.25
P 0.24 -0.92 h=235 tgt=280 e=0.97 scan=0.28,0.45,1.11,0.70,0.44,0.36,0.39,0.40,0.54,1.42,0.63,0.29,0.18,0.17,0.21,0.20
P 0.10 -1.62 h=250 tgt=295 e=0.84 scan=0.30,1.06,0.84,0.46,0.42,0.37,0.45,0.51,0.99,1.52,0.27,0.22,0.18,0.14,0.14,0.25
P 0.05 -2.75 h=250 tgt=70 e=1.18 scan=0.23,0.92,0.72,0.51,0.37,0.40,0.43,0.57,2.50,0.91,0.32,0.19,0.14,0.16,0.19,0.19
P 0.68 -1.54 h=47 tgt=272 e=0.88 scan=0.30,0.44,1.56,0.84,0.45,0.39,0.34,0.38,0.42,0.89,0.88,0.45,0.21,0.21,0.20,0.19
P 0.43 -2.59 h=243 tgt=86 e=1.29 scan=0.25,0.93,0.90,0.51,0.34,0.35,0.36,0.47,0.68,1.58,0.63,0.32,0.22,0.18,0.22,0.23
P 0.92 -1.21 h=54 tgt=77 e=0.47 scan=0.30,0.47,1.59,0.78,0.44,0.40,0.37,0.42,0.61,1.04,0.71,0.23,0.18,0.16,0.15,0.17
# wallfollow 1787927379.18558
W -0.03 0.39 h=94 f=1.41 r=0.11 scan=1.41,0.76,0.56,0.42,0.45,0.47,0.55,1.15,0.81,0.26,0.14,0.12,0.11,0.14,0.21,0.29
W -0.13 1.65 h=88 f=1.30 r=0.15 scan=1.30,0.87,0.59,0.41,0.42,0.45,0.58,0.98,1.15,0.30,0.16,0.15,0.15,0.16,0.17,0.22
W -0.29 2.85 h=96 f=1.16 r=0.12 scan=1.16,0.73,0.52,0.42,0.37,0.46,0.68,1.29,1.06,0.27,0.21,0.14,0.12,0.11,0.15,0.24
W -0.53 4.07 h=100 f=1.09 r=0.13 scan=1.09,0.61,0.40,0.40,0.40,0.41,0.61,1.53,0.69,0.33,0.12,0.11,0.13,0.12,0.15,0.50
W -0.52 5.27 h=87 f=0.98 r=0.12 scan=0.98,0.97,0.52,0.36,0.41,0.42,0.45,0.88,1.62,0.50,0.17,0.14,0.12,0.10,0.10,0.34
W -0.43 6.35 h=84 f=0.97 r=0.11 scan=0.97,1.00,0.52,0.36,0.40,0.40,0.43,0.86,1.62,0.51,0.17,0.13,0.11,0.08,0.09,0.32
W -0.34 7.40 h=87 f=0.96 r=0.11 scan=0.96,0.99,0.52,0.35,0.40,0.40,0.45,0.87,1.61,0.51,0.18,0.13,0.11,0.11,0.10,0.33
W -0.27 8.52 h=90 f=0.93 r=0.12 scan=0.93,0.92,0.51,0.35,0.41,0.39,0.49,0.89,1.56,0.48,0.17,0.13,0.12,0.08,0.07,0.36
W -0.18 9.67 h=85 f=0.97 r=0.11 scan=0.97,1.00,0.52,0.33,0.41,0.40,0.42,0.87,1.63,0.51,0.18,0.12,0.11,0.10,0.10,0.32
W -0.10 10.76 h=87 f=0.93 r=0.12 scan=0.93,1.00,0.53,0.34,0.41,0.40,0.43,0.88,1.62,0.49,0.16,2.50,0.12,0.12,0.10,0.32
W -0.02 11.88 h=84 f=0.96 r=0.10 scan=0.96,0.99,0.52,0.37,0.41,0.41,0.42,0.85,1.65,0.51,0.18,0.14,0.10,0.09,2.50,0.32
W 0.06 12.92 h=86 f=0.96 r=0.11 scan=0.96,1.00,0.49,0.34,0.41,0.41,0.43,0.88,1.63,0.51,0.18,0.13,0.11,0.10,0.09,0.33
W 0.13 14.01 h=84 f=0.96 r=0.11 scan=0.96,1.00,0.50,0.35,2.50,0.39,0.43,0.87,1.62,0.51,0.17,0.13,0.11,0.09,0.10,0.32
W 0.21 15.18 h=90 f=0.96 r=0.10 scan=0.96,0.93,0.49,0.37,0.40,0.39,0.50,0.91,1.56,0.49,0.17,0.12,0.10,0.09,0.08,0.35
W 0.29 16.27 h=86 f=0.96 r=0.11 scan=0.96,1.00,0.52,0.33,0.41,0.40,0.44,0.87,1.61,0.51,0.17,0.13,0.11,0.08,0.10,0.34
W 0.35 17.43 h=88 f=0.94 r=0.11 scan=0.94,1.00,0.51,0.34,0.40,0.40,0.45,0.90,2.50,0.49,0.16,0.13,0.11,0.08,0.11,0.33
W 0.44 18.54 h=84 f=0.96 r=0.11 scan=0.96,1.00,0.52,0.35,0.38,0.40,0.43,0.75,1.63,0.54,0.19,0.15,0.11,0.08,0.10,0.30
W 0.51 19.57 h=89 f=0.96 r=0.12 scan=0.96,1.00,0.51,0.35,0.40,0.39,0.43,0.87,1.61,0.50,0.17,0.13,0.12,0.08,0.09,0.34
W 0.58 20.72 h=82 f=0.97 r=0.13 scan=0.97,0.99,2.50,0.36,0.41,0.40,0.44,0.85,1.63,0.52,0.17,0.14,0.13,0.09,0.08,0.32
W 0.68 21.88 h=82 f=0.95 r=0.12 scan=0.95,0.98,0.51,0.36,0.42,0.42,0.44,0.76,1.63,0.53,0.18,0.15,0.12,0.09,0.09,0.32
W 0.76 22.97 h=89 f=0.95 r=0.09 scan=0.95,1.00,0.50,0.34,0.40,0.40,0.45,0.90,1.61,0.50,0.18,0.12,0.09,0.10,0.10,0.35
W 0.85 24.05 h=82 f=0.95 r=0.10 scan=0.95,1.00,0.52,2.50,0.41,0.39,0.44,0.76,1.63,0.53,0.19,0.15,0.10,0.09,0.09,0.32
W 0.92 25.11 h=84 f=0.95 r=0.10 scan=0.95,0.98,0.53,0.36,0.39,0.40,0.43,0.86,1.64,0.51,0.17,0.12,0.10,0.09,0.10,0.31
W 1.02 26.18 h=87 f=0.96 r=0.11 scan=0.96,2.50,0.52,0.33,0.41,0.40,0.45,0.88,1.63,0.50,0.17,0.12,0.11,0.08,0.10,0.34
W 1.12 27.30 h=86 f=0.97 r=0.12 scan=0.97,1.00,0.52,0.35,0.40,0.40,0.43,0.87,1.64,0.51,0.18,0.15,0.12,0.10,0.09,0.34
# wf2 1787927455.968557
W 0.00 0.01 h=87 f=0.94 r=0.10 scan=0.94,0.92,0.50,0.36,0.40,0.42,0.47,0.91,1.54,0.49,0.16,0.12,0.10,0.10,0.10,0.35
W 0.09 1.16 h=91 f=0.95 r=0.11 scan=0.95,0.99,0.51,0.35,0.42,0.39,0.46,0.87,1.63,0.53,0.19,0.12,0.11,0.09,0.09,0.31
W 0.18 2.28 h=85 f=0.95 r=0.13 scan=0.95,1.00,0.53,0.34,0.40,0.38,0.45,0.84,1.62,0.51,0.18,2.50,0.13,0.09,0.09,0.31
W 0.26 3.38 h=89 f=0.95 r=0.11 scan=0.95,0.93,0.50,0.35,0.40,0.40,0.47,0.90,1.57,0.47,0.17,0.14,0.11,0.08,0.08,0.34
W 0.33 4.54 h=87 f=0.97 r=0.10 scan=0.97,0.98,0.54,0.36,0.40,0.40,0.43,0.89,1.61,0.51,0.18,0.12,0.10,0.09,0.09,0.32
W 0.43 5.68 h=86 f=0.97 r=0.12 scan=0.97,1.00,0.52,0.34,0.40,0.41,0.45,0.86,1.61,0.51,0.16,0.13,0.12,0.10,0.08,0.33
W 0.52 6.76 h=84 f=0.97 r=0.09 scan=0.97,0.99,0.51,0.35,0.41,0.39,0.45,0.88,1.64,0.52,0.17,0.13,0.09,0.08,0.08,0.34
W 0.62 7.91 h=88 f=0.94 r=0.10 scan=0.94,0.92,0.51,0.35,0.39,0.40,0.47,0.91,1.57,0.48,0.16,0.13,0.10,0.10,0.10,0.36
W 0.71 9.07 h=83 f=0.94 r=0.11 scan=0.94,1.00,0.52,0.36,0.38,0.38,0.43,0.77,1.64,0.52,0.17,0.15,0.11,0.10,0.10,0.31
W 0.78 10.07 h=87 f=0.95 r=0.12 scan=0.95,1.01,0.51,0.36,0.40,0.39,0.45,0.89,1.62,0.51,0.18,0.15,0.12,0.10,0.09,0.34
W 0.84 11.26 h=85 f=0.97 r=0.11 scan=0.97,0.99,0.53,0.34,0.40,0.39,0.43,0.89,1.62,0.50,0.17,0.15,0.11,0.10,0.08,0.31
W 0.93 12.44 h=86 f=0.95 r=0.12 scan=0.95,1.02,0.52,0.34,0.39,0.40,0.43,0.89,1.61,0.49,2.50,0.14,0.12,0.09,0.09,0.35
W 1.03 13.52 h=86 f=0.94 r=0.10 scan=0.94,1.00,0.51,0.35,2.50,0.38,0.43,0.86,1.62,0.51,0.19,0.16,0.10,0.10,0.09,0.32
W 1.12 14.67 h=81 f=0.96 r=0.09 scan=0.96,1.01,0.52,0.35,0.40,0.38,0.46,0.88,1.64,0.51,0.16,0.13,0.09,0.10,0.09,0.32
W 1.20 15.78 h=88 f=0.97 r=0.11 scan=0.97,1.01,0.50,0.35,0.40,0.40,0.46,0.88,1.62,0.50,0.18,0.12,0.11,0.09,0.09,0.33
W 1.29 16.92 h=81 f=0.96 r=0.11 scan=0.96,1.00,0.52,0.36,0.39,0.40,0.42,0.77,1.65,0.54,0.19,0.15,0.11,0.09,0.10,0.31
W 1.38 18.03 h=88 f=0.96 r=0.10 scan=0.96,1.00,0.52,0.34,0.38,0.41,0.46,0.88,1.61,0.51,0.16,0.12,0.10,0.09,0.08,0.33
W 1.45 19.19 h=87 f=0.96 r=0.09 scan=0.96,1.02,0.52,0.34,0.39,0.40,0.46,0.89,1.63,0.49,0.19,0.13,0.09,0.10,0.10,0.33
W 1.52 20.27 h=88 f=0.96 r=0.10 scan=0.96,1.01,0.53,0.34,0.42,0.41,0.45,0.89,1.62,0.49,0.17,0.14,0.10,0.11,0.11,0.34
W 1.62 21.37 h=83 f=0.94 r=0.09 scan=0.94,1.00,0.51,0.36,0.39,0.40,0.42,0.78,1.63,0.51,0.18,0.13,0.09,0.08,0.09,0.32
W 1.71 22.49 h=88 f=0.95 r=0.11 scan=0.95,1.02,0.53,0.37,0.41,0.40,0.47,0.89,1.60,0.50,0.15,0.16,0.11,0.07,0.11,0.33
W 1.78 23.63 h=87 f=0.95 r=0.10 scan=0.95,1.00,0.53,0.36,0.40,0.40,0.43,0.86,1.61,0.52,0.17,0.12,0.10,0.09,0.10,0.31
W 1.88 24.68 h=85 f=0.96 r=0.10 scan=0.96,1.01,0.51,0.35,0.39,0.40,0.43,0.88,1.63,0.51,0.15,0.13,0.10,0.08,0.09,0.32
W 1.96 25.77 h=87 f=0.98 r=0.10 scan=0.98,1.00,0.52,0.33,0.40,0.41,0.45,0.90,1.60,0.51,0.17,0.15,0.10,0.10,0.10,0.34
W 2.04 26.95 h=93 f=0.95 r=0.09 scan=0.95,0.93,0.51,0.35,0.40,0.41,0.49,0.90,1.57,0.47,0.17,0.15,0.09,0.10,0.09,0.35
W 2.12 28.08 h=88 f=0.96 r=0.12 scan=0.96,0.98,0.52,0.35,0.41,0.38,0.46,0.89,1.62,0.49,0.17,0.14,0.12,0.07,0.10,0.33
W 2.20 29.22 h=87 f=0.94 r=0.09 scan=0.94,0.96,0.51,0.36,0.38,0.40,0.46,2.50,1.57,0.48,0.15,0.13,0.09,0.08,0.10,0.35
# wf3-diffdrive 1787927636.5979898
W 0.09 0.42 h=78 f=0.49 r=0.18 scan=0.98,1.00,0.50,0.30,0.32,0.31,0.34,0.56,1.20,1.29,0.47,0.23,0.18,0.17,0.17,0.37
W 0.03 1.23 h=107 f=0.54 r=0.21 scan=0.84,0.42,0.28,0.23,0.34,0.39,0.63,1.76,0.86,0.32,0.18,0.15,0.21,0.26,0.89,0.79
W -0.26 2.02 h=114 f=0.43 r=0.26 scan=0.56,0.31,0.23,0.21,0.18,0.37,0.57,1.93,0.83,0.27,0.28,0.29,0.26,0.82,0.71,0.64
W -0.35 2.82 h=76 f=0.43 r=2.40 scan=0.43,0.52,0.40,0.21,0.21,0.18,0.25,0.27,1.05,1.78,0.42,0.36,2.40,0.77,0.84,0.56
W 0.09 3.50 h=38 f=0.49 r=0.91 scan=0.53,0.38,0.30,0.38,0.43,0.35,0.23,0.31,0.39,0.71,2.23,0.47,0.91,1.44,0.64,0.67
W 0.84 3.81 h=8 f=0.52 r=0.37 scan=0.52,0.43,0.36,0.27,0.28,0.26,0.48,0.49,0.40,0.48,0.79,1.59,0.37,0.88,1.19,0.51
W 1.62 3.67 h=324 f=0.52 r=1.01 scan=1.19,0.40,0.40,0.45,0.27,0.31,0.26,0.33,0.42,0.60,0.54,0.65,1.01,0.35,0.76,0.85
W 2.05 2.96 h=286 f=0.62 r=0.70 scan=0.62,0.80,1.27,0.33,0.33,0.37,0.43,0.39,0.42,0.51,0.76,0.63,0.70,0.24,0.51,0.61
W 2.24 2.16 h=287 f=0.44 r=0.21 scan=0.44,0.53,0.82,2.50,0.29,0.29,0.48,0.54,0.59,0.70,0.83,0.26,0.21,0.35,0.46,0.45
W 2.76 1.69 h=332 f=0.56 r=0.42 scan=0.67,2.50,0.45,0.29,0.49,0.62,0.67,0.82,0.83,0.27,0.32,0.41,0.42,0.34,0.37,0.45
W 3.50 1.34 h=339 f=0.58 r=0.28 scan=0.68,2.50,0.56,0.35,0.20,0.72,0.79,1.12,0.47,0.44,0.48,0.40,0.28,0.31,0.29,0.46
W 4.29 1.13 h=353 f=0.50 r=0.24 scan=1.50,1.02,0.42,0.26,0.29,0.21,2.50,1.27,0.59,0.65,0.35,0.30,0.24,0.24,0.33,0.38
W 5.13 1.10 h=5 f=0.68 r=0.27 scan=2.50,0.56,0.34,0.28,0.22,0.30,1.18,0.83,0.84,0.47,0.29,0.24,0.27,0.26,0.33,0.92
W 5.96 1.26 h=17 f=0.51 r=0.25 scan=0.91,0.39,0.26,0.21,0.27,0.21,0.41,0.92,0.98,0.40,0.33,0.23,0.25,0.30,0.60,2.50
W 6.74 1.50 h=15 f=0.40 r=0.35 scan=0.57,0.28,0.27,0.20,0.16,0.24,0.33,1.09,1.06,0.50,0.31,0.30,0.35,0.40,0.70,2.42
W 7.55 1.59 h=359 f=0.54 r=0.36 scan=2.24,0.42,0.29,0.18,0.20,0.22,0.22,2.50,1.22,0.90,0.44,0.33,0.36,0.34,0.52,0.83
W 8.36 1.50 h=350 f=0.70 r=0.31 scan=2.12,0.86,0.41,0.25,0.23,0.17,0.20,0.38,0.86,1.45,0.50,0.37,0.31,0.35,0.44,0.58
W 9.17 1.36 h=354 f=0.69 r=0.31 scan=1.92,0.70,0.32,0.27,0.21,0.27,0.28,0.51,1.60,0.98,0.50,0.33,0.31,0.33,0.31,0.57
W 9.99 1.32 h=359 f=0.64 r=0.25 scan=1.75,0.52,0.30,0.23,0.28,0.23,0.33,0.65,1.71,0.67,0.40,0.35,0.25,0.28,0.37,0.67
W 10.84 1.37 h=5 f=0.50 r=0.27 scan=1.63,0.38,0.26,0.22,0.16,0.28,0.34,0.81,1.99,0.60,0.42,0.27,0.27,0.32,0.49,0.98
W 11.67 1.43 h=3 f=0.39 r=0.27 scan=1.46,0.27,0.24,0.23,0.18,0.21,0.26,0.72,2.14,0.69,0.37,0.30,0.27,0.38,0.43,1.51
W 12.50 1.50 h=3 f=0.59 r=0.37 scan=1.25,0.47,0.25,0.13,0.14,0.22,0.24,0.41,2.28,0.82,0.43,0.27,0.37,0.33,0.47,2.50
W 13.33 1.44 h=355 f=0.70 r=0.28 scan=1.12,0.84,0.34,0.21,0.21,0.17,0.16,0.37,1.56,1.09,0.50,0.39,0.28,0.34,0.44,0.58
W 14.55 1.28 h=353 f=0.86 r=0.29 scan=0.86,0.91,0.40,0.22,0.24,0.24,0.28,0.38,1.65,0.87,0.51,0.35,0.29,0.34,0.30,0.97
W 15.51 1.20 h=357 f=0.66 r=0.25 scan=0.66,0.71,0.40,0.30,0.25,0.23,0.37,0.54,2.50,0.69,0.41,0.34,0.25,0.25,0.98,0.72
W 16.33 1.20 h=358 f=0.48 r=0.74 scan=0.48,0.54,0.34,0.32,0.28,0.28,0.26,0.56,2.50,0.82,0.47,0.25,0.74,0.71,0.67,0.50
W 16.92 0.77 h=289 f=0.65 r=0.61 scan=0.69,0.53,0.39,0.40,0.41,0.43,0.29,0.34,0.33,0.39,0.72,2.50,0.61,0.27,0.77,0.70
W 16.90 -0.03 h=246 f=0.59 r=1.17 scan=0.59,0.52,0.50,0.48,0.41,0.34,0.43,0.58,0.47,0.50,0.52,0.66,1.17,0.96,1.55,0.69
W 16.37 -0.65 h=222 f=0.53 r=0.12 scan=0.53,0.46,0.39,0.39,0.51,0.46,0.47,0.46,0.57,0.61,0.63,0.59,0.12,0.22,1.41,1.18
W 15.77 -1.15 h=204 f=0.49 r=0.21 scan=0.80,0.37,0.36,0.30,0.35,0.42,0.53,0.55,0.62,0.89,0.73,0.19,0.21,0.22,0.62,2.48
W 16.25 -0.88 h=30 f=0.77 r=0.28 scan=0.79,0.89,0.24,0.21,0.20,0.36,0.96,1.67,0.63,0.29,0.25,0.26,0.28,0.41,0.64,0.65
W 16.97 -0.50 h=21 f=0.51 r=0.38 scan=0.51,0.64,0.70,0.15,0.20,0.22,0.28,2.49,0.91,0.42,0.38,0.31,0.38,0.40,0.52,0.50
W 17.65 -0.12 h=50 f=0.53 r=0.52 scan=0.54,0.63,0.66,0.65,0.20,0.32,2.50,0.94,0.49,0.37,0.38,0.34,0.52,0.37,0.39,0.41
W 18.15 0.53 h=60 f=0.48 r=0.34 scan=0.58,0.45,0.54,0.59,0.90,2.48,2.50,0.85,0.59,0.51,0.45,0.48,0.34,0.26,0.26,0.36
W 18.23 1.40 h=124 f=0.46 r=0.23 scan=0.46,0.58,1.45,0.82,1.24,0.76,0.63,0.59,0.39,0.27,0.21,0.24,0.23,0.42,0.36,0.39
W 17.63 1.89 h=160 f=0.53 r=0.27 scan=0.81,2.50,0.62,0.28,0.78,0.68,0.76,0.44,0.32,2.50,0.37,0.40,0.27,0.29,0.36,0.41
W 16.84 2.11 h=171 f=0.58 r=0.27 scan=1.18,1.19,0.51,0.28,0.29,0.74,0.80,0.54,0.50,0.50,0.34,0.29,0.27,0.24,0.28,0.46
W 16.01 2.11 h=188 f=0.63 r=0.21 scan=2.50,0.51,0.40,0.30,0.23,0.80,0.77,0.65,0.63,0.44,0.34,0.26,0.21,0.20,0.37,0.56
W 15.21 1.94 h=199 f=0.47 r=0.31 scan=0.88,0.35,0.28,0.29,0.25,0.27,2.50,0.81,0.85,0.50,0.29,0.26,0.31,0.32,0.42,1.92
W 14.40 1.73 h=194 f=0.50 r=0.31 scan=0.74,0.38,0.20,0.20,0.23,0.32,0.33,0.95,1.02,0.59,0.35,0.33,0.31,0.32,0.56,1.75
W 13.62 1.60 h=189 f=0.40 r=0.30 scan=2.40,0.28,0.26,0.22,0.13,0.22,0.30,0.48,1.12,0.86,0.45,0.35,0.30,0.34,0.48,1.04
W 12.80 1.55 h=182 f=0.51 r=0.35 scan=2.27,0.39,0.16,0.11,0.19,0.21,0.18,0.57,1.30,0.91,0.44,0.30,0.35,0.37,0.45,0.94
W 11.96 1.59 h=173 f=0.80 r=0.35 scan=2.08,0.68,0.24,0.17,0.15,0.14,0.16,0.33,1.44,1.25,0.55,0.37,0.35,0.35,0.50,0.73
W 11.14 1.75 h=169 f=0.68 r=0.30 scan=1.12,0.94,0.40,0.18,0.19,0.20,0.23,0.28,0.94,1.67,0.45,0.37,0.30,0.28,0.38,0.56
W 10.31 1.89 h=174 f=0.76 r=0.31 scan=1.77,0.78,0.37,0.29,0.25,0.18,0.27,0.41,1.80,1.04,0.41,0.29,0.31,0.26,0.38,0.64
W 9.49 1.97 h=180 f=0.70 r=0.26 scan=1.55,0.62,0.38,0.29,0.26,0.30,0.28,0.55,1.97,0.73,0.36,0.29,0.26,0.31,0.36,0.58
W 8.67 1.98 h=175 f=0.74 r=0.26 scan=1.40,0.71,0.33,0.27,0.24,0.27,0.39,0.60,2.12,0.65,0.35,0.31,0.26,0.26,0.36,0.62
W 7.83 1.95 h=183 f=0.70 r=0.29 scan=1.29,0.58,0.29,0.23,0.25,0.24,0.37,0.59,2.33,0.63,0.36,0.26,0.29,0.31,0.42,0.69
W 6.98 1.89 h=185 f=0.60 r=0.25 scan=1.11,0.48,0.28,0.21,0.20,0.23,0.34,0.71,2.50,0.61,0.35,0.33,0.25,0.31,0.33,1.55
W 6.17 1.79 h=186 f=0.60 r=0.31 scan=0.95,0.48,2.50,0.21,0.18,0.21,0.29,0.82,2.50,0.66,0.43,0.31,0.31,0.28,0.41,1.41
W 5.35 1.71 h=182 f=0.53 r=0.30 scan=0.77,0.41,0.25,0.21,0.21,0.23,0.25,0.65,2.50,0.64,0.40,0.26,0.30,0.30,1.36,0.75
W 4.53 1.67 h=180 f=0.60 r=0.27 scan=0.60,0.49,0.25,0.22,0.19,0.21,0.31,0.38,2.50,0.79,0.49,0.35,0.27,0.90,1.23,0.58
W 3.71 1.72 h=166 f=0.42 r=0.39 scan=0.42,0.46,0.42,0.27,0.18,0.21,0.22,0.31,0.65,1.92,0.61,0.41,0.39,0.77,0.96,1.10
W 3.11 2.23 h=137 f=0.41 r=0.33 scan=1.06,0.29,0.29,0.37,0.40,0.34,0.26,0.32,0.43,0.70,2.50,0.48,0.33,0.56,0.70,0.80
W 2.60 2.84 h=124 f=0.68 r=0.34 scan=0.68,0.83,0.20,0.15,0.22,0.39,0.43,0.42,0.49,0.75,1.63,0.34,0.34,0.53,0.57,0.58
W 2.23 3.58 h=109 f=0.50 r=0.43 scan=0.50,0.68,0.68,0.58,0.60,0.16,0.21,2.50,0.56,0.74,1.32,0.39,0.43,0.48,0.44,0.46
W 1.63 3.38 h=239 f=0.74 r=0.62 scan=1.05,0.62,0.70,0.82,1.24,0.39,0.47,0.49,0.36,0.35,0.36,0.39,0.62,0.51,0.55,0.64
W 1.87 2.75 h=299 f=0.73 r=0.61 scan=0.73,1.02,0.43,0.41,0.47,0.42,0.44,0.41,0.45,0.66,0.53,0.55,0.61,0.17,0.55,0.63
W 2.33 2.07 h=310 f=0.58 r=0.19 scan=0.59,0.98,2.50,0.33,0.46,0.59,0.56,0.58,0.77,0.76,0.20,0.17,0.19,0.45,0.50,0.46
W 2.87 1.45 h=312 f=0.42 r=0.41 scan=0.42,0.70,2.50,0.45,0.28,0.51,0.62,0.70,0.95,0.78,0.26,0.34,0.41,0.40,0.33,0.36
W 3.50 0.92 h=330 f=0.40 r=0.23 scan=0.47,1.33,1.21,0.38,0.28,0.37,0.79,0.94,1.06,0.41,0.48,0.41,0.23,0.22,0.23,0.28
W 4.29 0.83 h=2 f=0.58 r=0.20 scan=2.50,0.78,0.34,0.32,0.24,0.86,1.11,0.60,0.56,0.54,0.27,0.24,0.20,0.19,0.33,0.46
W 5.18 0.95 h=13 f=0.68 r=0.25 scan=1.15,0.56,0.34,0.22,0.29,0.27,1.42,0.73,0.77,0.42,0.28,0.26,0.25,0.26,0.38,1.06
W 5.98 1.17 h=20 f=0.53 r=0.26 scan=0.72,0.41,0.26,0.23,0.23,0.31,1.51,0.86,0.86,0.40,0.34,0.24,0.26,0.32,0.67,2.50
W 6.75 1.46 h=19 f=0.40 r=0.31 scan=0.58,0.28,0.24,0.17,0.18,0.23,0.29,1.05,1.10,0.50,0.35,0.31,0.31,0.42,0.74,2.49
W 7.55 1.54 h=2 f=0.55 r=0.36 scan=2.30,0.43,0.21,0.18,0.20,0.20,0.21,0.38,1.19,0.91,0.49,0.36,0.36,0.37,0.50,0.86
W 8.37 1.45 h=349 f=0.63 r=0.33 scan=2.20,0.86,0.28,0.24,0.18,0.17,0.27,0.33,0.78,1.39,0.51,0.35,0.33,0.34,0.45,0.51
W 9.17 1.28 h=353 f=0.63 r=0.32 scan=1.36,0.79,0.38,0.23,0.25,0.23,0.25,0.46,0.72,1.54,0.46,0.34,0.32,0.33,0.35,0.51
W 9.98 1.18 h=360 f=0.74 r=0.30 scan=1.84,0.62,0.28,0.29,0.24,0.23,0.35,0.62,1.67,0.72,0.40,0.33,0.30,0.26,0.38,0.71
W 10.81 1.20 h=6 f=0.55 r=0.27 scan=1.70,0.43,0.28,0.19,0.21,0.28,0.35,0.78,1.90,0.57,0.40,0.23,0.27,0.30,0.39,0.97
W 11.62 1.28 h=8 f=0.42 r=0.30 scan=1.53,0.30,0.30,0.19,0.20,0.19,0.37,0.70,2.06,0.64,0.34,0.33,0.30,0.27,0.43,1.55
W 12.43 1.31 h=0 f=0.68 r=0.25 scan=1.31,0.56,0.18,0.18,0.22,0.21,0.27,0.53,2.16,0.80,0.42,0.29,0.25,0.38,0.42,0.74
W 13.25 1.31 h=359 f=0.63 r=0.33 scan=1.19,0.51,0.30,0.22,0.14,0.15,0.30,0.41,2.36,0.95,0.42,0.31,0.33,0.28,0.42,0.62
W 14.34 1.22 h=357 f=0.84 r=0.30 scan=0.98,0.72,0.31,0.26,0.20,0.24,0.25,0.49,2.50,0.79,0.43,0.27,0.30,0.32,0.39,1.06
W 15.32 1.16 h=3 f=0.69 r=0.34 scan=0.73,0.57,0.37,0.22,0.20,0.29,0.31,0.43,2.50,0.64,0.41,0.33,0.34,0.28,1.02,0.82
W 16.14 1.13 h=358 f=0.58 r=0.24 scan=0.58,0.65,0.36,0.27,0.23,0.22,0.35,0.56,2.50,0.74,0.41,0.31,0.24,0.76,0.78,0.60
W 16.96 1.09 h=346 f=0.44 r=0.78 scan=0.44,0.41,0.49,0.30,0.28,0.28,0.30,0.33,0.74,2.13,0.58,0.30,0.78,0.73,0.85,0.56
W 17.34 0.45 h=273 f=0.62 r=1.00 scan=0.62,0.75,0.45,0.34,0.38,0.44,0.38,0.33,0.37,0.39,0.47,1.15,1.00,0.31,0.78,0.67
W 17.15 -0.33 h=234 f=0.57 r=0.81 scan=0.57,0.49,0.47,0.52,0.43,0.42,0.37,0.44,0.62,0.50,0.54,0.54,0.81,2.05,0.34,1.05
W 16.60 -0.93 h=228 f=0.43 r=0.21 scan=0.43,0.40,0.36,2.50,0.56,0.46,0.49,0.53,0.78,0.65,0.64,0.13,0.21,0.26,2.48,0.92
W 15.94 -1.40 h=213 f=0.43 r=0.21 scan=0.51,0.32,0.30,0.31,0.33,0.41,0.54,0.61,0.72,0.83,0.22,0.23,0.21,0.25,0.97,1.72
W 15.25 -1.73 h=197 f=0.45 r=0.25 scan=0.93,0.33,0.21,0.22,0.26,0.27,0.43,0.66,0.72,0.84,0.30,0.26,0.25,0.27,0.52,2.03
W 14.49 -1.95 h=196 f=0.50 r=0.29 scan=0.78,0.38,0.20,0.13,2.50,0.24,0.36,0.85,0.86,1.00,0.37,0.23,0.29,0.42,0.66,2.15
W 13.69 -2.11 h=190 f=0.47 r=0.35 scan=1.26,0.35,0.27,2.50,0.14,0.14,0.20,0.54,0.99,1.12,0.34,0.33,0.35,0.38,0.57,1.28
W 12.80 -2.13 h=175 f=0.83 r=0.37 scan=1.84,0.72,0.25,0.23,0.20,0.19,0.19,0.26,0.94,1.20,0.46,0.38,0.37,0.31,0.46,0.71
W 11.96 -2.03 h=172 f=0.68 r=0.31 scan=1.66,0.89,0.31,0.26,0.18,0.21,0.30,0.34,1.05,1.36,0.48,0.35,0.31,0.35,0.40,0.56
W 11.14 -1.91 h=172 f=0.60 r=0.30 scan=1.49,0.83,0.42,0.25,0.21,0.25,0.24,0.44,1.08,1.52,0.55,0.36,0.30,0.29,0.40,0.48
W 10.33 -1.80 h=178 f=0.72 r=0.27 scan=1.35,0.68,0.39,0.33,0.26,2.50,0.34,0.59,1.66,0.82,0.47,0.31,0.27,0.31,0.29,0.60
W 9.50 -1.80 h=183 f=0.60 r=0.22 scan=1.14,0.48,0.38,0.23,0.26,0.32,0.37,0.79,1.86,0.60,0.36,0.33,0.22,0.26,0.44,0.84
W 8.69 -1.91 h=187 f=0.47 r=0.25 scan=1.02,0.35,0.31,0.28,0.24,0.26,0.39,0.95,2.01,0.58,0.37,0.27,0.25,0.35,0.54,0.99
W 7.72 -2.03 h=185 f=0.76 r=0.29 scan=0.76,0.92,0.22,0.20,0.23,0.29,0.31,0.59,2.20,0.73,0.37,0.34,0.29,0.38,0.54,0.82
W 6.90 -2.06 h=177 f=0.56 r=0.35 scan=0.56,0.71,0.87,0.22,0.18,0.17,0.34,0.49,2.35,0.92,0.42,0.35,0.35,0.38,0.45,0.68
W 6.08 -2.02 h=176 f=0.43 r=0.34 scan=0.43,0.51,0.63,1.33,1.19,0.22,0.24,0.53,2.28,0.95,0.50,0.37,0.34,0.36,0.40,0.51
W 5.56 -2.54 h=239 f=0.64 r=0.46 scan=0.73,1.20,0.62,0.21,0.27,0.94,1.74,0.62,0.45,0.39,0.34,0.39,0.46,0.37,0.42,0.52
W 5.11 -3.23 h=241 f=0.52 r=0.31 scan=0.59,1.04,1.09,0.34,0.23,0.23,1.93,0.81,0.61,0.52,0.48,0.50,0.31,0.31,0.33,0.40
W 4.74 -3.96 h=247 f=0.41 r=0.28 scan=0.95,0.89,0.94,0.42,0.27,0.27,1.60,0.90,0.70,0.61,0.55,0.31,0.28,0.27,0.25,0.29
W 4.59 -4.82 h=271 f=0.73 r=0.17 scan=0.73,0.79,1.07,0.34,0.33,0.29,1.11,0.90,0.78,0.46,0.32,0.23,0.17,0.22,0.28,0.78
W 4.73 -5.64 h=284 f=0.54 r=0.71 scan=0.54,0.66,1.05,1.35,0.31,0.34,1.11,1.01,0.87,0.45,0.23,0.23,0.71,0.81,0.65,0.56
W 4.74 -6.46 h=263 f=0.38 r=0.70 scan=0.38,0.37,0.51,0.66,1.30,0.56,0.36,0.48,1.18,0.86,0.36,0.27,0.70,0.75,0.54,0.42
W 5.49 -6.83 h=332 f=0.58 r=0.38 scan=0.76,1.21,0.54,0.31,0.46,1.20,0.86,0.42,0.90,0.77,0.80,0.53,0.38,0.36,0.33,0.46
W 6.24 -7.16 h=339 f=0.48 r=0.26 scan=0.73,1.12,0.46,0.39,0.27,1.27,0.96,0.56,0.95,0.96,0.60,0.39,0.26,0.29,0.31,0.36
W 7.08 -7.33 h=357 f=0.64 r=0.24 scan=0.87,2.43,0.37,0.36,0.31,1.36,0.95,0.67,1.08,0.67,0.34,0.29,0.24,0.21,0.32,0.52
W 8.08 -7.27 h=8 f=0.76 r=0.27 scan=0.76,1.56,0.31,0.25,0.27,0.33,1.07,1.31,1.27,0.48,0.28,0.23,0.27,0.31,0.38,0.76
W 8.89 -7.13 h=7 f=0.59 r=0.27 scan=0.59,1.50,0.88,0.73,0.24,0.23,0.43,1.02,1.44,0.58,0.31,0.31,0.27,0.30,0.43,0.55
W 9.70 -6.99 h=11 f=0.41 r=0.28 scan=0.41,1.37,0.88,0.69,0.69,0.87,0.30,1.18,1.33,0.48,0.41,0.29,0.28,0.33,0.50,0.36
W 10.38 -6.55 h=40 f=0.39 r=0.44 scan=1.08,0.73,0.62,0.65,0.87,0.88,1.26,1.21,0.58,0.41,0.39,0.36,0.44,0.28,0.31,0.27
W 10.83 -5.88 h=66 f=0.59 r=0.24 scan=0.59,0.55,0.50,0.63,0.95,0.59,1.54,0.74,0.55,0.51,0.52,0.29,0.24,0.19,2.28,0.85
W 11.16 -5.13 h=64 f=0.40 r=0.40 scan=0.40,0.36,0.34,0.50,0.88,0.88,0.44,0.91,0.68,0.60,0.38,0.20,0.40,2.09,1.21,0.49
W 11.76 -4.65 h=29 f=0.47 r=2.50 scan=0.76,0.35,0.31,0.26,0.31,0.33,0.94,0.97,1.58,0.97,0.80,0.44,2.50,0.37,0.85,2.06
W 12.52 -4.35 h=14 f=0.57 r=0.33 scan=1.29,0.45,0.23,0.24,0.23,0.22,0.37,1.14,1.14,1.41,0.91,0.29,0.33,0.34,0.52,1.93
W 13.35 -4.23 h=4 f=0.64 r=0.29 scan=1.74,0.52,0.30,0.17,0.14,0.21,0.32,0.53,1.28,1.84,0.41,0.35,0.29,0.34,0.47,0.95
W 14.19 -4.18 h=359 f=0.68 r=0.34 scan=1.53,0.56,0.36,0.25,0.23,0.19,0.19,0.45,1.48,2.03,0.48,0.32,0.34,0.34,0.51,0.80
W 15.11 -4.23 h=355 f=0.75 r=0.29 scan=1.32,0.78,0.30,0.27,0.28,0.26,0.29,0.35,1.67,2.44,0.46,0.35,0.29,0.37,0.39,0.63
W 16.05 -4.27 h=2 f=0.77 r=0.31 scan=1.13,0.65,0.34,0.25,0.22,0.28,0.37,0.48,1.86,0.84,0.41,0.35,0.31,0.28,0.42,1.25
W 17.52 -4.31 h=358 f=0.82 r=0.28 scan=0.82,0.92,0.37,0.32,0.23,0.28,0.33,0.66,2.15,0.75,0.45,0.29,0.28,0.27,0.43,0.97
W 18.40 -4.27 h=6 f=0.69 r=0.32 scan=0.69,0.73,0.98,0.25,0.30,0.29,0.39,0.79,2.31,0.71,0.36,0.27,0.32,0.31,0.95,0.72
W 19.22 -4.30 h=348 f=0.48 r=0.31 scan=0.48,0.57,0.66,1.03,2.50,0.27,0.36,0.46,1.17,1.10,0.47,0.32,0.31,0.79,0.90,0.61
W 20.00 -4.56 h=328 f=0.42 r=0.80 scan=0.42,0.35,0.34,0.46,0.67,1.77,0.89,0.38,0.56,1.30,1.20,0.40,0.80,0.69,0.67,0.58
W 20.52 -5.19 h=296 f=0.46 r=1.32 scan=0.65,0.34,0.24,0.24,0.24,0.44,2.50,2.50,0.70,0.69,2.50,2.29,1.32,0.71,0.60,0.51
W 20.31 -6.08 h=210 f=0.62 r=0.65 scan=0.89,0.50,0.46,0.40,0.49,0.24,0.24,0.20,0.24,0.30,0.71,2.50,0.65,0.91,1.85,1.78
W 19.32 -5.89 h=139 f=0.81 r=0.61 scan=0.84,1.64,1.58,0.93,0.51,0.43,0.46,0.46,0.55,0.40,0.37,0.41,0.61,1.12,1.45,0.69
W 18.94 -5.17 h=107 f=0.43 r=0.41 scan=0.43,0.55,0.74,2.16,0.45,0.25,0.15,0.57,0.60,0.76,0.54,0.46,0.41,0.59,0.83,2.50
W 18.30 -4.75 h=156 f=0.58 r=1.20 scan=0.76,2.50,0.48,0.24,0.24,0.18,0.68,0.83,0.60,0.54,0.57,0.67,1.20,2.50,0.40,0.46
W 17.56 -4.38 h=157 f=0.49 r=0.29 scan=0.71,2.37,0.75,0.35,0.25,0.25,0.27,0.98,0.75,0.63,0.71,0.84,0.29,0.32,0.34,0.37
W 16.79 -4.13 h=170 f=0.51 r=0.26 scan=0.87,2.50,0.57,0.31,0.30,0.25,0.40,0.94,0.81,0.89,0.39,0.30,0.26,0.21,0.26,0.39
W 15.97 -4.12 h=187 f=0.76 r=0.23 scan=2.00,0.67,0.45,0.32,0.27,0.35,0.49,1.02,1.04,0.47,0.34,0.22,0.23,0.25,0.41,0.64
W 15.17 -4.29 h=196 f=0.59 r=0.27 scan=2.50,0.47,0.35,0.33,0.26,0.33,0.46,1.15,1.20,0.41,0.28,0.21,0.27,0.34,0.49,1.49
W 14.36 -4.51 h=196 f=0.50 r=0.32 scan=2.50,0.38,0.28,0.26,0.26,2.50,0.38,1.34,1.36,0.49,0.31,0.32,0.32,0.37,0.42,1.27
W 13.55 -4.65 h=189 f=0.62 r=0.33 scan=1.50,0.50,0.26,0.22,0.22,0.26,0.39,0.69,1.50,0.65,0.41,0.38,0.33,0.30,0.49,0.81
W 12.59 -4.69 h=178 f=0.77 r=2.50 scan=1.30,1.83,0.33,0.24,0.17,0.20,0.29,0.58,1.65,0.83,0.52,0.35,2.50,0.30,0.41,0.65
W 11.29 -4.70 h=180 f=0.80 r=0.31 scan=1.05,1.85,1.01,0.77,0.19,0.26,0.31,0.52,2.50,0.85,0.38,0.32,0.31,0.31,0.38,0.68
W 10.36 -4.72 h=180 f=0.71 r=0.33 scan=0.86,0.59,0.93,0.77,0.66,0.43,0.31,0.48,2.10,0.93,0.43,0.29,0.33,0.27,0.43,0.81
W 9.54 -4.73 h=185 f=0.59 r=0.24 scan=0.68,0.47,0.96,0.79,0.71,0.76,0.47,0.61,2.27,0.63,0.38,0.32,0.24,0.35,0.39,0.74
W 8.72 -4.78 h=183 f=0.46 r=0.31 scan=0.53,0.34,0.31,0.19,0.69,0.72,0.63,0.54,2.45,0.74,0.45,0.29,0.31,0.29,0.50,0.60
W 8.93 -4.42 h=21 f=0.51 r=0.22 scan=0.89,0.39,0.32,0.27,0.33,0.43,0.45,0.38,0.40,0.20,0.21,0.23,0.22,0.93,0.72,2.50
W 9.76 -4.28 h=355 f=0.65 r=0.75 scan=1.40,1.24,0.49,0.25,0.30,0.28,0.28,0.56,0.59,2.50,0.37,0.27,0.75,0.77,0.81,0.53
W 10.47 -4.73 h=306 f=0.49 r=1.01 scan=0.49,0.37,1.17,1.70,0.58,0.43,0.30,0.39,0.42,0.75,0.71,0.45,1.01,0.74,0.62,0.63
W 10.77 -5.50 h=278 f=0.48 r=1.73 scan=0.48,0.54,0.34,0.29,2.23,1.18,0.69,0.54,0.46,2.50,0.86,0.77,1.73,0.98,0.64,0.45
W 10.43 -6.11 h=207 f=0.68 r=0.67 scan=0.88,0.56,0.36,0.39,0.39,0.36,0.27,0.28,0.28,0.79,0.65,0.58,0.67,0.93,0.35,1.73
W 9.67 -6.42 h=196 f=0.56 r=0.68 scan=1.15,0.44,0.37,0.30,0.30,0.36,0.51,0.38,0.43,1.24,0.77,0.66,0.68,0.24,0.52,1.57
W 8.87 -6.61 h=199 f=0.57 r=0.21 scan=0.90,0.45,0.29,0.33,0.27,0.30,0.49,0.55,0.60,1.08,0.83,0.23,0.21,0.39,1.10,1.44
W 8.09 -6.86 h=193 f=0.52 r=0.34 scan=0.93,0.40,0.22,0.20,0.24,0.31,0.38,0.80,0.80,1.27,0.34,0.26,0.34,0.35,0.88,1.28
W 7.27 -6.94 h=183 f=0.67 r=0.35 scan=1.15,0.55,0.27,0.25,0.21,0.19,0.27,0.49,0.84,2.41,0.41,0.35,0.35,1.39,0.97,1.25
W 6.33 -6.83 h=166 f=0.69 r=0.42 scan=0.95,0.92,0.41,0.33,0.20,0.25,0.27,0.33,0.90,1.13,0.48,0.41,0.42,1.30,0.91,0.57
W 5.65 -6.37 h=113 f=0.54 r=0.54 scan=0.77,0.42,0.79,0.81,0.53,0.38,0.33,0.27,0.32,0.41,0.82,1.26,0.54,0.34,0.55,1.20
W 5.39 -5.59 h=104 f=0.62 r=0.36 scan=1.01,0.50,0.30,0.70,0.76,0.75,0.50,0.46,0.42,0.55,0.86,1.25,0.36,0.35,0.44,1.11
W 5.22 -4.76 h=99 f=0.59 r=0.34 scan=0.92,0.47,0.26,0.20,0.22,0.84,0.67,0.60,0.59,0.75,1.03,0.30,0.34,0.32,1.11,0.96
W 5.16 -3.94 h=87 f=0.54 r=0.29 scan=0.71,0.42,0.31,0.24,0.21,0.18,0.31,0.83,0.81,0.88,1.12,0.36,0.29,0.32,1.02,0.81
W 5.16 -3.12 h=87 f=0.54 r=0.29 scan=0.54,0.51,0.27,0.24,0.22,0.27,0.28,0.49,0.98,1.04,0.47,0.28,0.29,1.58,0.79,0.66
W 5.25 -2.31 h=75 f=0.42 r=0.39 scan=0.42,0.40,0.38,0.24,0.18,0.23,0.28,0.41,1.17,1.10,0.60,0.33,0.39,2.50,0.80,0.54
W 5.71 -1.72 h=18 f=0.60 r=1.26 scan=0.80,0.48,0.36,0.26,0.30,0.35,0.27,0.23,0.27,0.39,0.55,1.26,1.26,0.34,0.45,2.50
W 6.52 -1.52 h=8 f=0.64 r=0.40 scan=1.66,0.52,0.36,2.50,0.28,0.27,0.42,0.44,0.37,0.52,0.66,1.28,0.40,0.29,0.49,0.97
W 7.34 -1.45 h=4 f=0.63 r=0.27 scan=2.43,0.51,2.50,0.26,0.25,0.31,0.35,0.58,0.55,0.68,0.92,1.37,0.27,0.29,0.48,0.81
W 8.18 -1.36 h=7 f=0.48 r=0.33 scan=1.41,0.36,0.27,0.25,0.18,0.28,0.41,0.75,0.73,0.94,0.38,0.28,0.33,0.38,0.53,1.15
W 9.05 -1.35 h=358 f=0.79 r=0.35 scan=2.06,0.77,0.25,0.22,0.19,0.23,0.27,0.54,0.93,1.01,0.42,0.35,0.35,0.32,0.47,0.67
W 9.87 -1.46 h=354 f=0.64 r=0.28 scan=1.61,0.90,0.39,0.34,0.17,0.22,0.28,0.41,1.09,1.16,0.44,0.35,0.28,0.33,0.35,0.52
W 10.80 -1.54 h=356 f=0.76 r=0.31 scan=1.68,0.72,0.41,0.28,0.31,0.27,0.28,0.57,1.29,0.66,0.39,0.33,0.31,0.26,0.38,0.64
W 11.63 -1.54 h=5 f=0.68 r=0.28 scan=1.55,0.56,0.37,0.29,0.26,0.29,0.34,0.73,1.42,0.70,0.41,0.26,0.28,0.30,0.46,0.66
W 12.45 -1.49 h=6 f=0.60 r=0.25 scan=1.39,0.48,0.25,0.26,0.26,0.29,0.47,0.83,1.63,0.58,0.35,0.31,0.25,0.37,0.41,0.86
W 13.27 -1.41 h=3 f=0.49 r=0.34 scan=1.22,0.37,0.28,0.24,0.17,0.32,0.37,0.66,1.82,0.69,0.36,0.30,0.34,0.32,0.39,0.93
W 14.11 -1.30 h=8 f=0.40 r=0.26 scan=1.04,0.28,0.23,0.18,0.21,0.25,0.26,0.77,1.98,0.62,0.42,0.36,0.26,0.28,0.48,0.83
W 14.92 -1.19 h=10 f=0.49 r=0.28 scan=0.88,0.37,0.14,0.14,0.14,0.20,0.33,0.69,2.17,0.64,0.45,0.30,0.28,0.36,0.49,0.90
W 15.74 -1.08 h=4 f=0.72 r=0.35 scan=0.72,0.82,0.21,0.19,0.12,0.12,0.16,0.48,2.29,0.71,0.41,0.31,0.35,0.37,0.50,0.73
W 16.56 -1.07 h=358 f=0.55 r=0.34 scan=0.55,0.56,0.78,0.71,0.16,0.17,0.20,0.27,2.47,1.08,0.42,0.34,0.34,0.35,0.38,0.60
W 17.53 -0.75 h=59 f=0.57 r=0.45 scan=0.79,0.66,0.69,0.83,0.33,0.80,1.52,0.49,0.39,0.34,0.34,0.32,0.45,0.38,0.42,0.45
W 17.92 -0.01 h=66 f=0.51 r=0.33 scan=0.54,0.51,0.56,0.70,1.25,0.21,1.37,0.65,0.49,0.44,0.48,0.37,0.33,0.27,0.30,0.39
W 17.69 0.73 h=151 f=0.62 r=0.48 scan=0.77,2.45,0.34,1.13,0.70,0.60,0.56,0.41,0.31,0.20,0.29,0.28,0.48,0.37,0.45,0.50
W 17.01 1.18 h=148 f=0.49 r=0.33 scan=0.59,1.76,0.91,0.29,0.23,0.67,0.64,0.65,0.46,0.40,0.39,0.51,0.33,0.35,0.33,0.37
W 16.27 1.56 h=164 f=0.50 r=0.30 scan=0.61,2.50,0.56,0.42,0.24,0.26,0.79,0.71,0.55,0.51,0.52,0.34,0.30,0.24,0.22,0.38
W 15.46 1.66 h=181 f=0.78 r=0.17 scan=2.50,0.66,0.41,0.35,0.30,0.31,0.93,0.72,0.67,0.47,0.33,0.21,0.17,0.26,0.33,2.50
W 14.65 1.53 h=191 f=0.62 r=0.25 scan=0.86,0.50,0.30,0.28,0.34,0.32,0.99,0.88,0.93,0.42,0.25,0.25,0.25,0.30,0.34,1.62
W 13.86 1.30 h=197 f=0.45 r=0.28 scan=0.68,0.33,0.23,0.21,0.23,0.36,0.42,1.01,0.91,0.39,0.36,0.28,0.28,0.26,0.55,2.50
W 12.98 1.18 h=188 f=0.50 r=0.25 scan=1.99,0.38,0.22,0.23,0.19,0.21,0.33,0.57,1.15,0.70,0.41,0.33,0.25,0.37,0.49,1.01
W 12.17 1.11 h=187 f=0.50 r=0.34 scan=2.19,0.38,0.24,0.15,0.13,0.24,0.26,0.63,1.35,0.68,0.44,0.29,0.34,0.33,0.55,0.93
FROZEN n=1
W 11.83 1.05 h=194 f=0.47 r=0.32 scan=0.86,0.35,0.19,0.21,0.28,0.24,0.52,1.24,1.06,0.48,0.28,0.23,0.32,0.34,0.62,2.50
W 11.00 0.90 h=191 f=0.42 r=0.31 scan=1.11,0.30,0.24,0.20,0.16,0.13,0.33,0.77,1.48,0.66,0.34,0.33,0.31,0.33,0.51,1.25
W 10.19 0.91 h=180 f=0.66 r=0.29 scan=1.93,0.54,0.22,0.16,0.18,0.20,0.20,0.49,1.58,0.90,0.43,0.34,0.29,0.34,0.38,0.69
W 9.35 0.97 h=173 f=0.73 r=0.35 scan=1.74,0.61,0.36,0.29,0.17,0.14,0.25,0.38,1.75,1.02,0.50,0.29,0.35,0.30,0.44,0.72
W 8.53 1.07 h=173 f=0.70 r=0.28 scan=1.56,0.64,0.32,0.25,0.25,0.25,0.25,0.43,1.90,0.77,0.39,0.39,0.28,0.33,0.36,0.58
W 7.69 1.14 h=170 f=0.74 r=0.29 scan=1.39,0.77,0.30,0.26,0.23,0.26,0.36,0.41,2.09,0.87,0.49,0.34,0.29,0.26,0.40,0.62
W 6.86 1.20 h=179 f=0.60 r=0.28 scan=1.26,0.65,0.31,0.23,0.27,0.24,0.35,0.52,2.29,0.62,0.42,0.28,0.28,0.30,0.35,0.48
FROZEN n=1
W 6.44 1.15 h=199 f=0.48 r=0.27 scan=0.77,0.36,0.28,0.29,0.29,0.41,0.55,2.25,0.58,0.38,0.25,0.21,0.27,0.30,2.50,1.25
W 5.66 0.86 h=196 f=0.39 r=0.30 scan=0.63,0.27,0.23,0.19,0.27,0.28,0.60,2.37,0.74,0.46,0.32,0.32,0.30,0.40,0.57,1.13
W 4.87 0.69 h=188 f=0.47 r=0.34 scan=1.00,0.35,0.26,0.18,0.15,0.19,0.38,0.75,1.78,0.66,0.42,0.29,0.34,0.33,0.49,0.99
W 4.05 0.61 h=187 f=0.55 r=0.26 scan=0.85,0.43,0.23,0.20,0.18,0.17,0.20,0.53,2.50,0.82,0.48,0.35,0.26,0.39,1.26,0.86
W 3.21 0.60 h=175 f=0.67 r=0.34 scan=0.68,0.55,0.29,0.18,0.15,0.20,0.24,0.30,2.50,1.02,0.49,0.28,0.34,0.32,1.13,1.18
W 2.40 0.72 h=167 f=0.48 r=0.27 scan=0.48,0.51,0.39,0.23,0.21,0.18,0.22,2.50,1.23,1.40,0.54,0.38,0.27,0.79,1.00,1.15
W 1.70 1.05 h=139 f=0.46 r=0.29 scan=1.06,0.34,0.39,0.41,0.32,0.23,0.24,0.29,0.38,0.78,1.92,0.43,0.29,0.37,0.75,0.89
W 1.13 1.62 h=131 f=0.79 r=0.34 scan=0.86,0.75,0.20,0.24,0.37,0.40,0.38,0.33,0.45,0.70,2.50,0.49,0.34,0.53,0.60,0.67
W 0.68 2.31 h=119 f=0.61 r=0.34 scan=0.61,0.83,0.60,0.16,0.17,0.19,0.48,0.52,0.55,0.80,1.66,0.37,0.34,0.48,0.49,0.51
W 0.37 3.07 h=114 f=0.41 r=0.46 scan=0.41,0.55,0.61,0.53,0.59,0.83,0.23,0.65,0.65,0.91,1.71,0.39,0.46,0.49,0.38,0.35
W -0.09 2.52 h=239 f=0.73 r=0.63 scan=1.04,0.61,0.67,0.82,1.40,0.36,0.46,0.50,0.37,0.34,2.50,0.39,0.63,0.52,0.57,0.61
W -0.05 1.91 h=304 f=0.78 r=0.56 scan=0.78,1.04,0.45,0.52,0.51,0.39,0.40,0.41,0.41,0.62,0.46,0.50,0.56,0.91,0.19,0.66
W 0.43 1.24 h=308 f=0.60 r=0.17 scan=0.65,1.05,0.38,0.34,0.47,0.57,0.54,0.55,0.73,0.70,0.61,0.16,0.17,0.42,0.51,0.48
W 1.00 0.65 h=311 f=0.49 r=0.41 scan=0.49,2.50,2.50,0.27,0.32,0.51,0.58,0.66,0.91,0.75,0.25,0.29,0.41,0.39,0.38,0.40
W 1.62 0.10 h=320 f=0.41 r=0.34 scan=0.51,1.34,1.27,0.41,0.26,0.38,0.73,0.90,1.07,0.37,0.46,0.45,0.34,0.23,0.28,0.29
W 2.36 -0.24 h=349 f=0.47 r=0.18 scan=0.80,1.72,0.57,0.34,0.29,0.42,0.95,1.24,0.54,0.57,0.44,0.23,0.18,0.19,0.23,0.35
W 3.19 -0.26 h=10 f=0.76 r=0.22 scan=2.05,0.64,0.38,0.28,0.35,0.31,1.41,0.70,0.71,0.37,0.21,0.17,0.22,0.21,0.26,0.67
W 4.02 -0.02 h=22 f=0.54 r=0.19 scan=0.73,0.42,0.29,0.28,0.23,0.35,1.38,0.90,0.55,0.31,0.29,0.21,0.19,0.31,0.69,2.50
W 4.75 0.35 h=24 f=0.43 r=0.30 scan=0.52,0.31,0.21,0.20,0.24,0.25,0.46,1.03,0.70,0.43,0.28,0.28,0.30,2.50,0.80,2.50
W 5.53 0.52 h=6 f=0.55 r=0.33 scan=2.14,0.43,0.21,0.20,0.20,0.17,0.24,0.36,1.17,0.80,0.41,0.32,0.33,0.37,0.55,0.99
W 6.38 0.45 h=349 f=0.67 r=0.36 scan=2.20,0.56,0.30,0.22,0.17,0.18,0.28,0.32,1.82,1.36,0.50,0.33,0.36,0.32,0.45,0.55
W 7.20 0.28 h=349 f=0.66 r=0.32 scan=1.40,0.81,0.41,0.22,0.24,0.22,0.24,0.41,0.72,1.51,0.51,0.38,0.32,0.31,0.37,0.54
W 8.02 0.16 h=357 f=0.65 r=0.32 scan=1.88,0.61,0.28,0.30,0.23,0.25,0.33,0.62,1.64,0.71,0.37,0.32,0.32,0.26,0.37,0.53
W 8.84 0.15 h=1 f=0.59 r=0.23 scan=1.72,0.47,0.29,0.20,0.25,0.29,0.39,0.76,1.87,0.68,0.38,0.24,0.23,0.31,0.38,0.99
W 9.66 0.22 h=7 f=0.45 r=0.27 scan=1.56,0.33,0.30,0.20,0.20,0.19,0.36,0.68,2.03,0.64,0.31,0.30,0.27,0.29,0.46,0.93
W 10.49 0.30 h=6 f=0.50 r=0.26 scan=1.39,0.38,0.18,0.20,0.22,0.21,0.27,0.78,2.20,0.68,0.40,0.30,0.26,0.36,0.51,1.43
W 11.33 0.33 h=359 f=0.58 r=0.34 scan=1.18,0.46,0.27,0.17,0.12,0.14,0.27,0.39,2.36,0.96,0.43,0.32,0.34,0.31,0.47,0.67
W 12.22 0.21 h=350 f=0.88 r=0.29 scan=1.03,0.76,0.32,0.24,0.19,0.19,0.20,0.43,1.69,1.14,0.40,0.37,0.29,0.32,0.43,1.13
W 13.49 0.05 h=356 f=0.76 r=0.32 scan=0.76,0.78,0.42,0.25,0.21,0.26,0.30,0.44,2.50,0.65,0.41,0.34,0.32,0.25,0.34,0.84
W 14.34 0.01 h=3 f=0.54 r=0.24 scan=0.54,0.65,0.36,0.30,0.25,0.22,0.38,0.58,2.50,0.59,0.40,0.26,0.24,0.74,0.74,0.59
W 15.15 -0.07 h=339 f=0.41 r=0.26 scan=0.41,0.39,0.49,0.31,0.30,0.32,0.30,0.33,0.73,2.50,0.60,0.31,0.26,0.75,0.76,0.56
W 15.43 -0.79 h=271 f=0.62 r=2.50 scan=0.62,0.67,0.48,0.36,0.40,0.35,0.50,0.34,0.41,0.41,0.47,0.86,2.50,0.28,0.19,0.68
W 15.15 -1.54 h=233 f=0.55 r=0.82 scan=0.55,0.49,0.46,0.45,0.48,0.43,0.39,0.49,0.68,0.52,0.57,0.54,0.82,1.81,0.37,1.03
W 14.57 -2.13 h=230 f=0.43 r=0.23 scan=0.43,0.40,0.35,0.37,0.46,0.50,0.52,0.56,0.82,0.68,0.13,0.19,0.23,0.28,2.49,0.85
W 13.90 -2.53 h=210 f=0.44 r=0.22 scan=0.71,0.32,0.29,0.28,0.30,0.40,0.62,0.61,0.68,0.90,0.22,0.21,0.22,0.24,0.63,2.43
W 14.45 -2.93 h=340 f=0.51 r=0.25 scan=0.69,0.66,0.71,0.95,0.28,0.23,0.21,0.33,0.62,2.38,0.66,0.29,0.25,0.26,0.28,0.39
W 15.25 -3.07 h=355 f=0.46 r=0.20 scan=0.46,0.54,0.71,0.80,0.79,0.30,0.33,0.69,2.48,0.78,0.32,0.26,0.20,0.25,0.29,0.52
W 15.89 -2.74 h=60 f=0.57 r=0.45 scan=0.81,0.76,0.77,0.36,0.41,1.85,0.97,0.37,0.26,0.24,0.22,0.24,0.45,0.37,0.42,0.45
W 16.29 -2.03 h=63 f=0.57 r=0.32 scan=0.70,0.64,0.66,0.84,0.29,0.91,1.29,0.54,0.40,0.37,0.32,0.49,0.32,0.33,0.31,0.45
W 16.58 -1.26 h=75 f=0.43 r=0.26 scan=0.43,0.47,0.55,0.79,1.92,0.27,1.14,0.67,2.50,0.45,0.50,0.34,0.26,0.25,0.33,0.49
W 16.23 -0.72 h=149 f=0.63 r=0.47 scan=0.76,2.42,0.39,1.15,0.69,0.60,0.55,0.39,0.31,0.23,0.28,0.27,0.47,0.37,0.45,0.51
W 15.55 -0.26 h=148 f=0.49 r=0.33 scan=0.59,1.76,0.91,0.34,0.24,0.70,0.64,0.66,0.48,0.41,0.38,0.52,0.33,0.34,0.34,0.37
W 14.82 0.11 h=161 f=0.49 r=0.29 scan=0.60,2.50,0.56,0.44,0.25,0.28,0.78,0.70,0.56,0.52,0.44,0.32,0.29,0.24,0.24,0.38
W 14.01 0.22 h=182 f=0.58 r=0.17 scan=2.50,0.66,0.41,0.37,0.29,0.31,0.89,0.72,0.69,0.48,0.31,0.18,0.17,0.24,0.32,0.46
W 13.20 0.08 h=193 f=0.62 r=0.25 scan=0.87,0.50,0.30,0.27,0.33,0.33,0.97,0.91,0.95,0.41,0.25,0.25,0.25,0.28,0.35,1.82
W 12.41 -0.16 h=198 f=0.44 r=0.27 scan=0.65,0.32,0.20,0.21,0.25,0.35,0.44,1.03,0.84,0.38,0.34,0.29,0.27,0.30,0.60,2.46
W 11.57 -0.27 h=182 f=0.56 r=0.23 scan=2.36,0.44,0.21,0.22,0.21,0.18,0.31,0.54,1.15,0.81,0.44,0.32,0.23,0.38,0.44,0.98
W 10.75 -0.31 h=184 f=0.47 r=0.35 scan=2.21,0.35,0.23,0.15,0.15,0.24,0.26,0.64,1.36,0.69,0.46,0.31,0.35,0.34,0.41,0.88
W 9.93 -0.27 h=174 f=0.73 r=0.28 scan=1.99,0.61,0.23,0.21,0.17,0.19,0.17,0.39,1.50,1.22,0.40,0.39,0.28,0.29,0.44,0.69
W 9.09 -0.18 h=174 f=0.81 r=0.25 scan=1.84,0.69,0.36,0.20,0.16,0.23,0.24,0.33,1.68,0.96,0.48,0.33,0.25,0.38,0.39,0.73
W 8.28 -0.08 h=173 f=0.75 r=0.31 scan=1.66,0.69,0.35,0.26,0.28,0.23,0.22,0.48,1.83,1.05,0.43,0.32,0.31,0.30,0.38,0.63
W 7.46 -0.02 h=176 f=0.69 r=0.30 scan=1.50,0.57,0.34,0.24,0.24,0.28,0.31,0.54,2.04,0.77,0.43,0.29,0.30,0.28,0.41,0.69
W 6.63 0.02 h=180 f=0.67 r=0.25 scan=2.50,0.69,0.30,0.28,0.23,0.26,0.35,0.48,2.20,0.69,0.37,0.32,0.25,0.31,0.34,0.55
W 5.81 0.01 h=178 f=0.68 r=0.31 scan=1.22,0.56,0.29,0.23,0.22,0.28,0.34,0.60,2.32,0.70,0.41,0.29,0.31,0.28,0.41,0.63
FROZEN n=1
W 5.12 0.41 h=144 f=0.43 r=0.35 scan=0.44,2.50,1.25,0.36,0.23,0.21,0.26,0.24,0.46,0.94,1.11,0.49,0.35,0.26,0.32,0.31
W 4.39 0.67 h=175 f=0.45 r=0.23 scan=1.07,1.03,0.48,0.27,0.26,0.26,0.35,0.65,2.43,0.79,0.32,0.30,0.23,0.21,0.31,0.33
W 3.58 0.66 h=192 f=0.67 r=0.24 scan=0.96,0.55,0.37,0.27,0.22,0.30,0.48,1.18,1.34,0.41,0.28,0.22,0.24,0.21,0.36,1.43
W 2.76 0.45 h=195 f=0.52 r=0.30 scan=0.76,0.40,0.26,0.26,0.26,0.26,0.58,2.50,0.89,0.38,0.31,0.20,0.30,0.32,1.40,0.75
W 1.97 0.24 h=195 f=0.41 r=0.28 scan=0.61,0.29,0.23,0.19,0.20,0.26,0.33,1.17,1.27,0.52,0.29,0.31,0.28,1.04,1.27,0.60
W 1.28 0.59 h=143 f=0.60 r=0.35 scan=2.50,0.48,0.55,0.46,0.27,0.25,0.24,0.23,0.41,0.88,1.76,0.55,0.35,0.24,0.78,0.92
W 0.53 1.30 h=137 f=0.81 r=0.23 scan=0.99,0.83,0.32,0.45,0.50,0.40,0.34,0.40,0.59,1.04,1.91,0.21,0.23,0.47,0.60,0.69
W -0.14 1.97 h=128 f=0.60 r=0.44 scan=0.60,0.78,0.68,0.22,0.23,0.48,0.52,0.51,0.64,1.00,0.30,0.30,0.44,0.55,0.47,0.51
W -0.60 2.66 h=119 f=0.44 r=0.43 scan=0.44,0.65,0.56,0.57,0.63,0.21,0.56,0.67,0.75,1.05,0.41,0.42,0.43,0.41,0.39,0.38
W -1.11 2.24 h=235 f=0.42 r=0.60 scan=1.01,0.30,0.71,0.82,1.20,0.40,0.46,0.47,0.34,0.34,0.32,0.38,0.60,0.59,0.58,0.64
W -1.09 1.64 h=300 f=0.77 r=0.58 scan=0.77,1.04,0.49,0.48,0.46,0.40,0.40,0.37,0.42,0.65,0.52,0.53,0.58,0.92,0.20,0.67
W -0.64 0.95 h=307 f=0.60 r=0.15 scan=0.63,0.96,2.50,0.34,0.48,0.55,0.53,0.54,0.70,0.73,0.62,0.17,0.15,0.42,0.49,0.48
W -0.09 0.34 h=314 f=0.47 r=0.36 scan=0.47,0.75,2.50,0.29,0.29,0.49,0.58,0.66,0.91,0.74,0.25,0.26,0.36,0.42,0.41,0.39
W 0.50 -0.23 h=325 f=0.42 r=0.36 scan=0.48,0.99,1.46,0.40,0.26,0.36,0.74,0.88,1.07,0.37,0.43,0.45,0.36,0.22,0.29,0.30
W 1.26 -0.47 h=357 f=0.55 r=0.20 scan=2.50,0.83,0.34,0.34,0.25,0.84,1.05,0.58,0.54,0.54,0.28,0.27,0.20,0.21,0.30,0.43
W 2.14 -0.40 h=12 f=0.74 r=0.24 scan=1.55,0.62,0.35,2.50,0.31,0.26,1.38,0.69,0.72,0.41,0.28,0.22,0.24,0.27,0.34,1.06
W 2.96 -0.21 h=17 f=0.56 r=0.23 scan=0.77,0.44,0.27,0.26,0.19,0.34,1.46,0.85,0.90,0.41,0.32,0.29,0.23,0.33,0.56,2.50
W 3.75 0.02 h=13 f=0.44 r=0.30 scan=0.64,0.32,0.24,0.17,0.19,0.25,0.24,1.03,1.04,0.51,0.37,0.29,0.30,0.45,0.73,2.50
W 4.56 0.18 h=8 f=0.50 r=0.37 scan=1.09,0.38,0.19,0.20,0.18,0.21,0.24,0.39,1.22,0.70,0.40,0.33,0.37,0.37,0.62,1.24
W 5.38 0.14 h=350 f=0.66 r=0.37 scan=2.20,0.54,0.28,0.23,0.16,0.14,0.24,0.32,0.78,1.38,0.53,0.36,0.37,0.34,0.47,0.59
W 6.18 -0.05 h=346 f=0.62 r=0.32 scan=1.34,0.83,0.35,0.22,0.22,0.24,0.24,0.41,0.70,1.54,0.56,0.41,0.32,0.31,0.35,0.50
W 6.99 -0.18 h=356 f=0.63 r=0.32 scan=1.85,0.61,0.28,0.28,0.24,0.22,0.33,0.57,1.66,0.76,0.38,0.32,0.32,0.24,0.36,0.51
W 7.81 -0.21 h=3 f=0.58 r=0.25 scan=1.72,0.46,0.26,0.21,0.23,0.29,0.38,0.77,1.89,0.68,0.38,0.23,0.25,0.31,0.35,1.00
W 8.63 -0.14 h=5 f=0.44 r=0.30 scan=1.54,0.32,0.29,0.19,0.20,0.20,0.36,0.71,2.02,0.65,0.29,0.32,0.30,0.28,0.47,1.58
# wf4-LEFTwall 1787928434.6100457
W 0.02 0.00 h=8 f=0.42 r=0.19 scan=1.51,0.30,0.28,0.23,0.19,0.20,0.39,0.70,2.08,0.67,0.34,0.31,0.28,0.29,0.45,0.91
W 0.82 -0.12 h=338 f=0.56 r=0.20 scan=0.76,1.30,0.53,0.23,0.20,0.24,0.24,0.34,0.79,2.27,0.67,0.35,0.26,0.28,0.33,0.44
W 1.56 -0.48 h=343 f=0.59 r=0.26 scan=1.19,1.23,0.49,0.34,0.26,0.23,0.37,0.48,1.39,1.16,0.36,0.23,0.24,0.20,0.24,0.47
W 2.37 -0.69 h=344 f=0.47 r=0.33 scan=1.04,1.03,0.68,0.40,0.33,0.34,0.30,0.55,1.48,0.71,0.31,0.17,0.16,0.18,0.23,0.35
W 3.18 -0.82 h=354 f=0.39 r=0.38 scan=0.83,0.92,0.61,0.35,0.38,0.36,0.41,0.78,2.50,0.46,0.23,0.16,0.19,0.21,0.23,0.27
W 4.17 -0.79 h=2 f=0.69 r=0.29 scan=0.69,0.78,0.51,0.38,0.29,0.42,0.52,2.50,2.50,0.38,0.26,0.20,0.14,0.16,0.91,0.71
W 5.00 -0.75 h=5 f=0.71 r=0.37 scan=2.50,0.59,0.40,0.41,0.37,0.36,0.53,0.99,2.50,0.44,0.17,0.15,0.63,0.65,0.62,2.50
W 5.82 -1.15 h=291 f=0.59 r=0.35 scan=0.69,0.47,0.34,0.38,0.35,0.47,0.34,0.39,0.40,0.43,0.82,2.50,0.55,0.23,0.70,0.63
W 6.07 -1.93 h=284 f=0.44 r=0.27 scan=0.44,0.58,0.36,0.30,0.27,0.38,0.60,0.47,0.53,0.58,0.91,2.43,2.50,0.85,0.59,0.50
W 5.60 -2.48 h=212 f=0.66 r=0.47 scan=0.76,0.54,0.42,0.38,0.47,0.34,0.34,0.33,0.43,0.60,0.55,0.59,0.63,0.96,0.36,2.50
W 4.87 -2.86 h=201 f=0.55 r=0.37 scan=0.90,0.43,0.37,0.32,0.37,0.39,0.48,0.48,0.49,0.74,0.67,0.68,0.17,0.23,0.29,2.50
W 4.07 -3.09 h=189 f=0.74 r=0.29 scan=2.43,0.70,0.30,0.30,0.29,0.30,0.43,0.65,0.65,0.76,0.83,0.22,0.20,0.18,0.24,0.62
W 3.24 -3.09 h=174 f=0.53 r=0.25 scan=1.87,1.11,0.55,0.30,0.25,0.28,0.38,0.57,0.78,0.79,0.33,0.18,0.13,0.15,0.23,0.41
W 2.44 -2.96 h=180 f=0.43 r=0.30 scan=2.03,0.96,0.52,0.40,0.30,0.30,0.44,0.71,0.94,0.47,0.17,0.16,0.14,0.18,0.27,0.31
W 1.61 -2.91 h=180 f=0.57 r=2.50 scan=1.87,1.11,0.55,0.39,2.50,0.34,0.39,0.76,1.11,0.31,0.21,0.18,0.19,0.17,0.17,0.45
W 0.79 -2.94 h=185 f=0.66 r=0.36 scan=1.68,0.76,0.45,0.34,0.36,0.39,0.45,0.99,1.29,0.34,0.24,0.14,0.20,0.23,0.28,0.54
W -0.04 -2.99 h=183 f=0.53 r=0.33 scan=1.50,0.82,0.51,0.34,0.33,0.39,0.48,2.50,1.46,0.45,0.23,0.25,0.18,0.21,0.36,0.41
W -0.88 -3.05 h=182 f=0.74 r=0.31 scan=1.33,0.70,0.40,0.39,0.31,0.37,0.55,0.81,1.63,0.39,0.27,0.20,0.20,0.27,0.25,0.62
W -1.71 -3.08 h=185 f=0.78 r=0.40 scan=1.16,0.66,0.48,0.31,0.40,0.34,0.47,0.82,1.80,0.55,0.25,0.27,0.18,0.19,0.26,0.69
W -2.89 -3.12 h=177 f=0.70 r=0.33 scan=0.97,1.07,0.38,0.37,0.33,0.32,0.46,0.70,1.99,0.62,0.23,0.22,0.20,0.24,0.27,0.58
W -3.72 -3.07 h=177 f=0.63 r=0.31 scan=0.77,0.90,1.14,0.29,0.31,0.38,0.42,0.81,2.17,0.59,0.27,0.22,0.19,0.18,0.30,0.51
W -4.54 -3.01 h=170 f=0.48 r=0.32 scan=0.63,0.64,0.84,1.51,0.32,0.29,0.46,0.72,2.12,0.76,0.32,0.19,0.22,0.22,0.29,0.36
W -5.38 -2.93 h=182 f=0.44 r=0.43 scan=0.44,0.51,0.74,1.40,0.43,0.34,0.57,0.94,2.50,0.46,0.27,0.21,0.21,0.24,0.24,0.47
W -5.93 -3.41 h=237 f=0.62 r=0.63 scan=0.69,1.32,0.43,0.35,0.63,1.70,0.74,0.38,0.29,0.25,0.23,0.25,0.40,2.50,0.35,0.50
W -6.31 -4.16 h=247 f=0.58 r=0.33 scan=1.21,1.12,0.56,0.28,0.33,2.50,0.85,0.52,0.43,0.35,0.43,0.41,0.29,0.29,0.37,0.46
W -6.68 -4.91 h=238 f=0.43 r=0.26 scan=0.51,0.98,1.03,0.48,0.26,0.27,1.92,0.87,0.64,0.52,0.56,0.30,0.23,0.26,0.27,0.31
W -6.90 -5.68 h=262 f=0.46 r=0.31 scan=0.87,0.84,0.97,0.41,0.31,0.30,1.30,0.81,0.68,0.70,0.33,0.27,0.25,0.22,0.21,0.34
W -7.04 -6.50 h=264 f=0.70 r=0.38 scan=0.70,0.70,0.84,1.37,0.38,0.33,0.45,0.97,0.81,0.47,0.33,0.20,2.50,0.18,0.22,0.71
W -7.06 -7.32 h=272 f=0.56 r=0.37 scan=0.56,0.56,0.71,1.46,0.37,0.40,0.49,1.07,1.00,0.44,0.18,0.19,0.17,0.74,0.69,0.51
W -6.68 -8.22 h=328 f=0.63 r=0.69 scan=0.85,1.33,0.59,0.43,0.69,1.14,0.69,0.31,0.79,0.67,0.71,0.45,0.40,0.36,0.37,0.51
W -5.91 -8.50 h=342 f=0.55 r=0.50 scan=1.01,1.20,0.47,0.29,0.50,1.19,0.80,0.46,0.83,0.89,0.57,0.39,0.34,0.29,0.36,0.43
W -5.13 -8.75 h=338 f=0.45 r=0.29 scan=0.68,1.04,0.55,0.38,0.29,1.26,1.10,0.65,2.50,1.03,0.65,0.39,0.27,0.26,0.30,0.33
W -4.35 -9.00 h=349 f=0.50 r=0.35 scan=0.72,0.89,1.66,0.33,0.35,0.32,1.26,0.79,1.16,1.11,0.35,0.29,0.21,0.16,0.21,0.38
W -3.55 -9.20 h=345 f=0.39 r=0.33 scan=0.53,0.68,1.73,1.04,0.33,0.35,0.41,1.11,1.31,0.97,0.38,0.18,0.15,0.19,0.23,0.27
W -2.75 -9.28 h=1 f=0.49 r=0.33 scan=0.51,0.63,1.12,0.89,0.33,0.34,0.54,1.07,1.45,0.30,0.23,0.21,0.17,0.17,0.17,0.37
W -1.94 -9.12 h=24 f=0.46 r=0.34 scan=0.46,1.16,0.85,0.83,0.34,0.42,1.23,1.65,2.50,0.31,0.18,0.15,0.21,0.24,0.44,0.35
W -1.30 -8.63 h=52 f=0.43 r=1.00 scan=0.86,0.73,0.67,0.76,1.00,1.30,1.75,0.54,0.35,0.29,0.29,0.26,0.36,0.23,0.29,0.31
W -0.96 -7.89 h=80 f=0.58 r=0.59 scan=0.58,0.52,0.66,0.98,0.59,1.82,0.70,2.50,0.46,0.42,0.26,0.25,0.23,0.19,1.09,0.69
W -0.59 -6.95 h=35 f=0.64 r=0.50 scan=0.84,0.52,0.44,0.38,0.50,0.82,0.84,0.51,1.06,0.73,0.60,0.57,0.35,0.21,0.45,2.23
W 0.13 -6.54 h=28 f=0.54 r=0.35 scan=0.88,0.42,0.37,0.33,0.35,0.50,0.97,0.96,1.55,0.95,0.74,0.42,0.21,0.30,0.42,2.01
W 0.93 -6.29 h=9 f=0.76 r=0.32 scan=1.93,0.64,0.29,0.28,0.32,0.29,0.43,1.15,0.92,1.37,0.85,0.24,0.26,0.26,0.36,0.85
W 1.89 -6.28 h=351 f=0.66 r=0.25 scan=1.68,1.16,0.52,0.37,0.25,0.26,0.37,0.58,1.34,2.43,0.38,0.30,0.20,0.22,0.31,0.54
W 2.70 -6.41 h=355 f=0.53 r=0.35 scan=1.54,1.57,0.52,0.43,0.35,0.30,0.34,0.56,1.53,2.50,0.39,0.21,0.22,0.21,0.25,0.41
W 3.52 -6.48 h=0 f=0.51 r=0.36 scan=1.35,1.49,0.48,0.35,0.36,0.39,0.42,0.85,1.63,0.58,0.28,0.20,0.19,0.25,0.28,0.39
W 4.34 -6.46 h=2 f=0.54 r=0.33 scan=2.50,1.33,0.44,0.34,0.33,0.40,0.49,0.85,1.82,0.43,0.27,0.24,0.20,0.19,0.24,0.42
W 5.49 -6.41 h=0 f=0.91 r=0.34 scan=0.91,1.04,0.48,0.37,0.34,0.34,0.54,0.77,2.05,0.46,0.31,0.19,0.17,0.23,0.24,1.04
W 6.55 -6.37 h=7 f=0.69 r=0.36 scan=0.69,0.83,1.17,0.34,0.36,0.35,0.46,0.94,2.02,0.53,0.26,0.18,0.18,0.29,0.97,0.74
W 7.38 -6.22 h=15 f=0.62 r=0.35 scan=0.62,0.75,1.18,0.29,0.35,0.40,0.56,1.67,0.87,0.40,0.27,0.27,0.75,0.91,0.65,0.55
W 8.18 -6.02 h=18 f=0.46 r=0.44 scan=0.48,0.52,0.85,2.50,0.44,0.36,0.53,2.50,0.98,0.40,0.34,0.73,0.77,0.58,0.45,0.34
W 8.75 -5.51 h=68 f=0.53 r=0.55 scan=0.75,2.50,0.53,0.27,0.55,2.50,0.79,0.52,0.87,0.81,0.81,0.40,0.28,0.32,0.34,0.41
W 9.00 -4.71 h=72 f=0.50 r=0.28 scan=0.80,2.50,0.66,0.39,0.28,2.50,1.19,0.68,2.50,0.93,0.53,0.31,0.29,0.25,0.25,0.38
W 9.25 -3.95 h=83 f=0.47 r=0.36 scan=1.12,1.46,0.57,0.38,0.36,0.31,1.07,0.82,1.13,0.83,0.38,0.24,0.18,0.25,0.25,0.35
W 9.33 -3.14 h=87 f=0.58 r=0.34 scan=2.42,0.88,0.47,0.35,0.34,0.37,1.19,0.91,1.26,0.55,0.26,0.23,0.18,0.12,0.23,0.47
W 9.38 -2.32 h=91 f=0.51 r=0.35 scan=2.50,0.80,0.50,0.39,0.35,0.36,0.50,1.10,1.41,0.53,0.17,0.17,0.16,0.18,0.24,0.39
W 9.40 -1.50 h=88 f=0.61 r=0.32 scan=2.50,0.97,0.42,0.41,0.32,0.38,0.49,1.26,1.58,0.51,0.26,0.18,0.17,0.21,0.24,0.49
W 9.42 -0.68 h=91 f=0.57 r=0.38 scan=2.50,0.87,0.46,0.33,0.38,0.36,0.49,1.39,1.76,0.39,0.24,0.20,0.16,0.17,0.25,0.45
W 9.44 0.18 h=89 f=0.44 r=0.31 scan=2.49,1.01,0.54,0.34,0.31,0.38,0.44,0.89,1.91,0.45,0.24,0.16,0.15,0.19,0.28,0.32
W 9.45 1.00 h=91 f=0.49 r=0.32 scan=2.31,0.88,0.51,0.42,0.32,0.33,0.54,1.01,2.09,0.50,0.24,0.19,0.18,0.20,0.18,0.37
FROZEN n=1
W 9.51 1.84 h=76 f=0.44 r=0.30 scan=0.73,2.38,0.56,0.37,0.30,0.28,0.32,0.52,1.16,1.40,0.38,0.28,0.23,0.23,0.19,0.32
W 9.68 2.66 h=78 f=0.38 r=0.34 scan=1.35,1.20,0.64,0.39,0.34,0.33,0.42,0.70,2.30,0.72,0.30,0.15,0.15,0.19,0.20,0.26
W 9.71 3.46 h=90 f=0.53 r=0.35 scan=1.95,0.87,0.54,0.36,0.35,0.42,0.44,0.84,2.44,0.49,0.20,0.18,0.16,0.14,0.21,0.41
W 9.68 4.29 h=96 f=0.56 r=0.31 scan=1.83,0.73,0.43,0.40,0.31,0.39,0.52,1.01,1.90,0.36,0.18,0.16,0.17,0.23,0.27,0.44
W 9.63 5.11 h=88 f=0.65 r=0.38 scan=1.73,0.72,0.42,0.35,0.38,0.31,0.48,0.88,2.50,0.39,0.24,0.23,0.20,0.17,0.23,0.53
W 9.63 5.95 h=90 f=0.58 r=0.31 scan=1.53,0.76,0.43,0.33,0.31,0.41,0.43,0.81,2.50,0.40,0.32,0.17,0.16,0.16,0.26,0.46
W 9.65 6.77 h=86 f=0.49 r=0.31 scan=1.30,1.38,0.46,0.33,0.31,0.34,0.51,0.74,2.50,0.52,0.22,0.18,0.18,0.21,0.24,0.37
W 9.69 7.61 h=86 f=0.50 r=0.29 scan=1.10,1.21,0.48,0.35,0.29,0.37,0.46,0.70,2.50,0.42,0.23,0.21,0.18,2.50,0.20,0.38
W 9.75 8.43 h=95 f=0.69 r=0.33 scan=1.04,1.14,0.39,0.35,0.33,0.40,0.57,1.30,1.15,0.33,0.21,0.15,0.15,0.20,0.23,0.57
W 9.68 9.25 h=94 f=0.57 r=0.33 scan=0.90,0.93,0.46,0.30,0.33,0.34,0.54,0.99,2.25,0.41,0.20,0.20,0.19,0.14,0.20,0.45
W 9.64 10.08 h=90 f=0.48 r=0.30 scan=0.67,0.76,1.03,0.36,0.30,0.34,0.40,0.84,2.50,0.41,0.29,0.14,0.15,0.21,0.25,0.36
W 9.60 10.91 h=96 f=0.54 r=0.32 scan=0.54,0.60,0.86,0.84,0.32,0.35,0.47,1.01,2.50,0.46,0.22,0.22,0.19,0.18,0.22,0.51
W 9.30 11.70 h=145 f=0.59 r=0.56 scan=0.80,0.83,1.38,0.41,0.56,1.69,0.96,0.34,0.22,0.16,0.15,0.22,0.37,0.33,0.40,0.47
W 8.53 11.97 h=172 f=0.65 r=1.05 scan=0.65,1.21,1.43,0.36,1.05,1.22,0.49,0.39,0.31,0.36,0.44,0.35,0.32,0.35,0.39,0.73
W 7.74 11.79 h=210 f=0.64 r=1.04 scan=1.17,0.78,0.67,0.36,1.04,0.58,0.52,0.48,0.59,0.49,0.37,0.34,0.40,0.62,0.49,0.52
W 6.82 11.16 h=213 f=0.94 r=0.39 scan=0.99,1.34,0.50,0.55,0.39,0.20,0.18,0.65,0.83,0.55,0.46,0.50,0.57,2.50,0.34,0.82
W 5.79 10.47 h=210 f=0.73 r=0.49 scan=0.73,1.01,0.38,0.38,0.49,0.52,0.46,0.40,1.07,0.77,0.64,0.65,0.24,0.19,0.47,0.67
W 5.11 10.01 h=215 f=0.58 r=0.35 scan=0.58,0.88,1.32,2.50,0.35,0.58,0.57,0.54,1.11,0.78,0.38,0.19,0.29,0.38,0.49,0.48
W 4.47 9.49 h=219 f=0.42 r=0.24 scan=0.42,0.67,1.24,0.49,0.24,0.37,0.69,0.68,1.29,0.93,0.28,0.36,0.36,0.38,0.38,0.36
W 4.15 8.77 h=251 f=0.49 r=0.25 scan=0.69,1.06,0.42,0.34,0.25,0.73,0.77,1.23,0.41,2.50,0.43,0.41,0.35,0.30,0.32,0.38
W 3.87 8.03 h=261 f=0.56 r=0.27 scan=0.97,0.96,0.40,0.33,0.27,0.81,1.60,1.19,0.56,0.53,0.43,2.50,0.24,0.21,0.24,0.44
W 3.73 7.22 h=262 f=0.46 r=0.27 scan=0.81,0.79,1.39,0.32,0.27,0.33,0.99,1.37,0.72,0.72,0.35,0.21,0.17,0.19,0.26,0.34
W 3.62 6.42 h=262 f=0.39 r=0.31 scan=0.66,0.64,1.32,0.97,0.31,0.30,0.41,1.49,0.89,0.70,0.20,0.19,0.15,0.19,0.19,0.27
W 4.02 5.70 h=288 f=0.55 r=0.25 scan=0.55,1.18,0.87,0.29,0.25,0.41,1.55,0.98,0.60,0.29,0.25,0.19,0.20,0.21,0.52,0.58
W 4.35 4.89 h=312 f=0.50 r=0.30 scan=1.12,0.80,0.66,0.80,0.30,0.54,1.09,0.97,0.42,0.27,0.23,0.20,0.28,0.43,0.43,0.38
W 4.90 4.28 h=322 f=0.40 r=0.96 scan=0.87,0.64,0.57,0.70,0.96,0.34,1.27,0.85,0.50,0.33,0.29,0.40,0.37,0.28,0.23,0.28
W 5.58 3.81 h=328 f=0.57 r=0.96 scan=0.57,0.48,0.45,0.59,0.96,0.82,1.38,0.82,0.59,0.43,0.52,0.34,0.16,0.18,0.69,0.84
W 6.27 3.36 h=322 f=0.45 r=0.61 scan=2.50,0.33,0.35,0.34,0.61,0.92,0.74,1.21,0.78,0.62,0.28,2.50,0.74,0.59,0.63,0.68
W 6.13 2.59 h=260 f=0.48 r=0.36 scan=0.48,0.54,0.61,0.36,0.36,0.34,0.42,0.63,0.99,0.79,1.18,0.73,0.64,2.25,1.04,0.66
W 5.76 1.90 h=213 f=0.67 r=0.50 scan=0.79,0.55,0.40,0.40,0.50,0.47,0.32,0.36,0.42,0.52,1.10,0.89,1.29,0.19,0.36,2.21
W 5.02 1.56 h=202 f=0.57 r=0.32 scan=0.87,0.45,0.41,0.29,0.32,0.50,0.59,0.47,0.54,0.65,1.28,0.19,0.21,0.25,0.34,2.06
W 4.21 1.32 h=190 f=0.78 r=2.50 scan=1.34,0.66,0.31,0.34,2.50,0.31,0.57,0.72,0.70,0.82,0.30,0.26,0.22,0.22,0.38,1.15
W 3.39 1.27 h=175 f=0.65 r=0.25 scan=1.71,0.88,0.50,0.30,0.25,0.33,0.37,0.73,0.87,0.87,0.38,2.50,0.20,0.23,0.29,0.53
W 2.58 1.37 h=170 f=0.49 r=0.29 scan=2.07,1.27,0.50,0.42,0.29,0.30,0.35,0.54,1.04,1.02,0.37,0.24,0.22,0.18,0.23,0.37
W 1.77 1.50 h=173 f=0.53 r=0.37 scan=1.33,0.89,0.51,0.33,0.37,0.34,0.42,0.67,1.24,0.68,0.29,0.18,0.19,0.23,0.24,0.41
W 0.95 1.52 h=178 f=0.63 r=0.28 scan=1.21,0.75,0.50,0.38,0.28,0.42,0.45,0.83,1.30,0.45,0.24,0.22,0.16,0.19,0.27,0.51
W 0.11 1.56 h=174 f=0.51 r=0.32 scan=1.03,0.83,0.51,0.38,0.32,0.33,0.52,0.70,1.53,0.44,0.25,0.19,0.17,0.18,0.21,0.39
W -0.89 1.60 h=176 f=0.85 r=0.29 scan=0.85,0.87,0.44,0.38,0.29,0.38,0.43,0.81,1.70,0.53,0.25,0.17,0.20,2.50,0.22,1.43
W -1.79 1.66 h=177 f=0.64 r=0.35 scan=0.64,0.70,0.47,0.34,0.35,0.34,0.49,0.87,1.90,0.47,0.25,0.18,0.13,0.16,1.59,1.23
W -2.62 1.69 h=180 f=0.48 r=0.32 scan=0.48,0.46,0.51,0.38,0.32,0.35,0.40,0.79,2.07,0.41,0.17,0.16,0.64,0.65,1.42,1.01
W -3.39 1.81 h=153 f=0.48 r=0.34 scan=0.87,0.36,0.31,0.45,0.34,0.35,0.33,0.51,0.85,2.24,0.51,0.25,0.37,0.68,0.69,1.21
W -3.94 2.38 h=121 f=0.68 r=0.28 scan=1.23,0.85,0.76,0.23,0.28,2.50,0.42,0.47,0.47,0.66,1.81,0.28,0.38,0.56,0.59,0.56
W -4.31 3.12 h=118 f=0.54 r=0.71 scan=1.07,0.77,0.62,0.65,0.71,0.32,0.62,0.58,0.68,1.01,0.38,0.39,0.48,0.50,0.37,0.42
W -4.84 3.77 h=135 f=0.67 r=0.83 scan=0.70,0.55,0.48,0.59,0.83,0.82,0.49,0.81,1.00,0.52,0.45,0.53,0.29,0.28,0.83,0.77
W -5.43 4.34 h=133 f=0.53 r=0.63 scan=0.56,0.41,0.40,0.44,0.63,0.94,0.84,0.90,1.14,0.69,0.66,0.33,0.21,1.25,0.66,0.73
W -5.95 4.98 h=119 f=0.48 r=0.34 scan=0.60,0.36,0.29,0.26,0.34,0.54,1.04,0.98,1.16,1.65,0.75,0.73,0.79,1.30,0.54,0.46
W -6.01 5.88 h=54 f=0.48 r=0.27 scan=1.08,0.36,0.36,0.44,0.27,0.26,0.24,0.24,0.38,0.91,1.13,1.28,0.95,0.59,0.78,2.50
W -5.41 6.43 h=31 f=0.72 r=0.23 scan=2.44,0.94,0.27,0.23,0.23,0.45,0.35,0.38,0.40,0.57,1.31,0.81,1.46,0.48,0.68,0.60
W -4.64 6.73 h=10 f=0.48 r=0.19 scan=0.48,2.02,0.79,0.71,0.19,0.27,0.27,0.53,0.54,0.62,1.08,1.32,0.31,0.45,0.58,0.53
W -3.90 7.01 h=26 f=0.43 r=0.45 scan=2.08,0.82,0.67,0.66,0.45,0.21,0.35,0.62,0.71,1.05,0.37,0.34,0.36,0.50,0.41,0.31
W -3.30 7.55 h=53 f=0.67 r=0.43 scan=0.67,0.59,0.59,0.50,0.43,0.28,2.50,0.86,1.27,0.43,0.45,0.51,0.36,0.19,0.24,1.93
W -2.90 8.27 h=70 f=0.46 r=0.41 scan=0.46,0.40,0.48,0.54,0.41,0.36,0.89,1.13,0.62,0.55,0.54,2.50,0.23,1.13,1.80,0.67
W -2.39 8.93 h=28 f=0.49 r=0.40 scan=1.79,0.37,2.50,0.29,0.40,0.53,0.39,0.43,1.03,1.47,0.74,0.73,0.26,0.27,1.17,1.01
W -1.54 9.20 h=9 f=0.90 r=0.26 scan=0.90,1.57,0.41,0.23,0.26,0.31,0.49,0.61,0.64,1.25,1.78,0.25,0.24,0.31,0.43,0.92
W -0.57 9.20 h=359 f=0.69 r=0.31 scan=0.69,0.74,1.15,0.31,0.31,0.24,2.50,0.49,0.76,0.84,0.39,0.26,0.30,0.28,0.90,0.81
W 0.25 9.13 h=353 f=0.55 r=0.30 scan=0.55,0.55,1.29,0.89,0.30,0.35,0.32,0.56,0.94,1.47,0.33,0.34,0.26,0.78,0.88,0.61
W 0.99 9.30 h=42 f=0.51 r=0.39 scan=1.14,0.89,0.78,0.31,0.39,0.44,1.07,1.61,0.44,0.28,1.27,0.77,0.69,0.47,0.40,0.39
W 1.61 9.84 h=45 f=0.44 r=0.94 scan=0.98,0.71,0.62,0.70,0.94,0.48,1.17,1.82,0.59,1.51,0.88,0.89,0.41,0.26,0.26,0.32
W 2.07 10.51 h=66 f=0.56 r=1.44 scan=0.56,0.53,0.59,0.77,1.44,0.56,1.93,0.77,1.58,0.98,0.48,0.23,0.22,0.21,0.75,0.80
W 1.90 11.46 h=151 f=0.61 r=0.76 scan=0.73,2.50,0.45,2.50,0.76,1.21,0.38,0.26,0.31,0.61,0.67,0.67,0.41,0.39,0.37,0.49
W 1.16 11.84 h=157 f=0.53 r=0.81 scan=0.77,2.50,0.59,0.25,0.81,1.25,0.76,0.43,0.53,0.84,0.81,0.42,0.36,0.27,0.33,0.41
W 0.36 12.06 h=166 f=0.52 r=0.26 scan=1.10,1.95,0.48,0.26,0.26,1.31,0.89,0.61,0.97,0.95,0.46,0.28,0.27,0.26,0.27,0.40
W -0.44 12.31 h=173 f=0.52 r=0.26 scan=1.24,1.29,0.52,0.40,0.26,0.31,1.00,0.72,1.13,0.74,0.34,0.23,0.19,0.23,0.25,0.40
W -1.25 12.45 h=177 f=0.58 r=0.39 scan=1.99,1.15,0.56,0.36,0.39,0.32,0.41,0.86,1.32,0.50,0.24,0.22,0.20,0.16,0.21,0.46
W -2.07 12.46 h=179 f=0.51 r=0.33 scan=2.04,0.94,0.44,0.37,0.33,0.41,0.40,1.00,1.40,0.39,0.23,0.16,0.18,0.19,0.29,0.39
W -2.90 12.47 h=176 f=0.63 r=0.36 scan=1.86,0.85,0.47,0.35,0.36,0.37,0.51,1.19,1.56,0.48,0.26,0.17,0.19,0.21,0.21,0.51
W -3.72 12.47 h=179 f=0.64 r=0.28 scan=1.70,1.06,0.40,0.38,0.28,0.38,0.45,0.82,1.74,0.43,0.26,0.22,0.14,0.17,0.26,0.52
W -4.54 12.49 h=181 f=0.54 r=0.32 scan=1.53,1.00,0.52,0.33,0.32,0.35,0.48,0.81,1.91,0.43,0.20,0.21,0.21,0.20,0.29,0.42
W -5.39 12.50 h=179 f=0.51 r=0.30 scan=1.36,1.45,0.54,0.43,0.30,0.33,0.41,0.76,2.13,0.52,0.27,0.19,0.20,0.22,0.26,0.39
W -6.21 12.51 h=184 f=0.73 r=0.37 scan=1.21,1.28,0.49,0.36,0.37,0.33,0.50,0.91,2.25,0.43,0.24,0.23,0.19,0.17,0.22,0.61
W -7.15 12.44 h=183 f=0.88 r=0.33 scan=0.98,1.14,0.51,0.36,0.33,0.41,0.45,1.08,1.66,0.43,0.26,0.18,0.17,0.20,0.36,0.76
W -8.30 12.33 h=181 f=0.74 r=0.33 scan=0.74,0.86,0.43,0.39,0.33,0.36,0.48,0.92,1.94,0.54,0.25,0.21,0.25,0.28,0.35,0.63
W -9.12 12.22 h=194 f=0.58 r=0.35 scan=0.58,0.73,0.95,0.32,0.35,0.39,0.53,1.47,1.04,0.35,0.31,0.27,0.24,0.31,0.45,0.64
W -9.92 12.04 h=190 f=0.41 r=0.27 scan=0.41,0.57,0.83,0.79,0.27,0.37,0.47,1.21,1.21,0.44,0.36,0.31,0.29,0.37,0.44,0.45
W -10.44 11.50 h=248 f=0.62 r=0.53 scan=0.73,0.70,1.32,0.30,0.53,2.50,0.80,0.52,0.36,0.35,0.39,0.42,0.40,0.32,0.40,0.50
W -10.49 10.70 h=292 f=0.65 r=1.57 scan=1.07,0.98,1.21,0.52,1.57,0.73,0.57,0.50,0.53,0.55,0.38,0.35,0.38,0.53,0.60,0.53
W -9.96 9.92 h=310 f=0.63 r=0.86 scan=1.00,1.07,0.08,2.11,0.86,0.65,0.54,0.58,0.60,0.41,0.38,0.39,0.51,0.58,0.50,0.51
W -9.37 9.11 h=310 f=0.99 r=0.86 scan=0.99,1.06,0.10,2.05,0.86,0.66,0.57,0.58,0.59,0.39,0.38,0.39,0.51,0.57,0.50,1.04
FROZEN n=1
W -8.63 8.79 h=349 f=0.54 r=0.51 scan=0.54,1.79,0.73,0.57,0.51,0.47,0.49,0.29,0.31,0.34,0.35,0.63,0.60,0.57,1.08,1.16
W -7.92 8.72 h=16 f=0.58 r=0.53 scan=1.77,0.71,0.59,0.48,0.53,0.57,0.40,0.37,0.39,0.54,0.62,0.58,1.10,1.02,0.12,0.47
W -7.17 9.04 h=25 f=0.64 r=0.51 scan=0.96,0.52,0.48,0.43,0.51,2.50,0.53,0.51,0.57,0.82,0.15,0.11,0.16,0.28,0.38,2.50
W -6.45 9.44 h=25 f=0.52 r=0.39 scan=0.78,0.40,0.36,0.39,0.39,0.57,0.71,0.65,0.74,0.27,0.23,0.25,0.25,0.30,0.65,2.50
W -5.68 9.70 h=9 f=0.70 r=0.30 scan=1.56,0.58,0.32,0.26,0.30,0.38,0.50,0.86,0.81,1.04,0.35,0.30,0.26,0.30,0.48,0.86
W -4.84 9.72 h=354 f=0.54 r=0.26 scan=2.21,0.94,0.46,0.29,0.26,0.26,0.41,0.61,1.03,1.05,0.47,0.31,0.28,0.23,0.37,0.42
W -4.03 9.57 h=348 f=0.43 r=0.35 scan=0.89,1.53,0.55,0.39,0.35,0.29,0.32,0.60,1.16,1.20,0.50,0.28,0.23,0.25,0.26,0.31
W -3.22 9.45 h=353 f=0.46 r=0.36 scan=1.80,1.11,0.52,0.40,0.36,0.37,0.40,0.76,1.34,0.78,0.29,0.27,0.18,0.14,0.20,0.34
W -2.40 9.40 h=2 f=0.58 r=0.36 scan=1.98,0.91,0.51,0.34,0.36,0.40,0.45,0.94,1.46,0.46,0.20,0.17,0.17,0.19,0.22,0.46
W -1.58 9.41 h=3 f=0.71 r=0.31 scan=1.85,0.77,0.44,0.39,0.31,0.39,0.56,1.07,1.63,0.36,0.23,0.20,0.14,0.16,0.28,0.59
W -0.75 9.44 h=359 f=0.57 r=0.37 scan=1.68,0.88,0.42,0.35,0.37,0.32,0.48,0.84,1.81,0.37,0.18,0.20,0.20,0.21,0.27,0.45
W 0.07 9.44 h=359 f=0.47 r=0.34 scan=1.52,0.76,0.47,0.35,0.34,0.39,0.41,0.91,1.95,0.37,0.32,0.19,0.17,0.19,0.32,0.35
W 1.13 9.45 h=357 f=0.94 r=0.33 scan=1.27,0.84,0.48,0.36,0.33,0.35,0.45,0.84,2.17,0.50,0.26,0.22,0.23,0.15,0.18,0.82
W 2.25 9.42 h=356 f=0.70 r=0.32 scan=1.03,1.01,0.54,0.39,0.32,0.39,0.43,0.78,2.42,0.56,0.19,0.19,0.17,1.23,0.79,0.58
W 3.10 9.40 h=2 f=0.62 r=0.35 scan=0.88,0.92,0.43,0.30,0.35,0.35,0.52,0.90,2.50,0.53,0.22,0.81,1.20,1.02,0.50,0.50
W 3.94 9.38 h=357 f=0.52 r=0.37 scan=0.69,0.71,0.47,0.34,0.37,0.36,0.47,0.70,2.50,0.44,1.02,0.78,1.21,0.43,0.28,0.40
W 4.76 9.37 h=1 f=0.55 r=0.32 scan=0.55,0.53,0.54,0.36,0.32,0.40,0.52,0.85,2.50,1.58,1.01,1.78,0.33,0.21,0.26,0.49
W 4.64 9.80 h=154 f=0.59 r=0.21 scan=0.76,2.50,1.73,1.06,0.21,0.20,0.17,0.20,2.50,0.38,0.38,0.50,0.41,0.29,2.50,0.47
W 3.86 10.03 h=179 f=0.70 r=0.40 scan=2.50,0.58,1.04,1.90,0.40,0.25,0.29,0.54,0.54,0.53,0.46,0.30,0.27,0.36,0.35,0.76
W 2.78 9.79 h=218 f=0.79 r=0.38 scan=2.20,0.86,1.20,1.00,0.38,0.41,0.71,0.73,0.54,0.36,0.38,0.33,0.42,0.62,2.50,0.67
W 1.98 9.18 h=208 f=0.86 r=0.87 scan=1.27,0.74,0.63,1.15,0.87,0.41,0.37,0.86,0.93,0.54,0.42,0.45,0.48,0.62,1.47,0.90
W 1.46 8.64 h=244 f=0.70 r=0.44 scan=0.70,1.58,1.04,0.63,0.44,0.54,0.91,0.73,0.54,0.47,0.47,0.59,0.96,2.50,0.16,2.01
W 1.19 7.87 h=263 f=0.58 r=0.39 scan=0.58,1.08,0.67,0.42,0.39,0.92,0.87,0.54,0.45,0.48,0.58,0.92,2.48,0.18,1.90,0.70
W 1.13 6.79 h=270 f=0.74 r=0.89 scan=1.06,0.94,0.46,0.43,0.89,0.95,0.61,0.48,0.48,0.53,0.70,1.46,0.20,1.22,0.70,0.62
W 1.23 5.81 h=277 f=0.85 r=0.36 scan=0.92,0.73,0.47,0.34,0.36,0.96,0.76,0.67,0.64,0.75,0.25,0.40,1.19,0.75,0.52,1.39
W 1.35 4.78 h=277 f=0.67 r=0.34 scan=0.67,0.71,0.51,0.35,0.34,0.35,1.15,0.90,0.88,0.40,0.52,1.22,1.15,0.45,0.97,1.16
W 1.45 3.96 h=277 f=0.51 r=0.30 scan=0.51,0.51,0.43,0.35,0.30,0.37,0.55,1.04,1.04,0.66,0.84,1.21,0.69,0.72,1.05,1.03
W 1.41 3.15 h=241 f=0.49 r=0.33 scan=0.90,0.37,0.38,0.44,0.33,0.37,0.32,0.44,0.71,1.14,0.70,0.92,0.30,0.73,0.68,0.94
W 0.91 2.49 h=218 f=0.70 r=0.29 scan=0.80,0.79,0.23,0.24,0.29,0.40,0.41,0.45,0.50,0.83,1.27,0.85,0.33,0.58,0.61,0.58
W 0.22 2.06 h=202 f=0.47 r=0.69 scan=0.47,0.67,0.63,0.63,0.69,0.20,0.36,0.52,0.62,0.76,1.45,0.33,0.33,0.53,0.50,0.38
W -0.43 1.55 h=230 f=0.43 r=0.82 scan=0.48,0.57,0.55,0.60,0.82,0.79,0.69,0.77,0.93,0.47,0.41,0.51,0.47,0.28,0.29,0.31
W -0.12 1.03 h=328 f=0.70 r=1.20 scan=0.83,0.84,0.73,0.83,1.20,0.53,0.50,0.58,0.29,0.25,0.25,0.26,0.44,0.51,0.50,0.58
W 0.66 0.92 h=32 f=0.42 r=0.65 scan=0.72,0.93,1.67,0.49,0.65,0.45,0.38,0.36,0.48,0.56,0.42,0.44,0.54,0.73,2.50,0.30
W 1.23 1.53 h=48 f=0.76 r=0.65 scan=0.82,1.52,0.44,0.46,0.65,0.45,0.45,0.47,0.73,0.56,0.55,0.59,0.72,0.17,0.54,0.64
W 1.72 2.18 h=57 f=0.63 r=0.63 scan=0.83,1.30,0.90,0.36,0.63,0.55,0.56,0.78,0.76,0.18,0.18,0.27,0.29,0.41,0.46,0.51
W 1.95 3.10 h=92 f=0.89 r=0.65 scan=1.17,0.77,0.94,0.27,0.65,0.65,0.92,0.92,0.36,0.40,0.50,0.41,0.40,0.39,0.48,1.21
W 1.55 3.86 h=133 f=0.68 r=0.75 scan=0.70,1.21,1.06,0.11,0.75,1.13,0.52,0.59,0.63,0.48,0.41,0.43,0.58,1.08,1.02,0.56
W 1.03 4.49 h=124 f=0.41 r=0.29 scan=0.41,0.60,0.96,1.52,0.29,0.24,0.14,0.64,2.50,0.68,0.53,0.48,0.62,1.03,0.89,0.36
W 0.47 4.91 h=157 f=0.58 r=0.28 scan=0.86,0.98,1.54,0.31,0.28,0.22,0.81,0.77,0.59,0.54,0.61,1.18,0.84,0.33,0.40,0.46
W -0.27 5.27 h=151 f=0.44 r=0.28 scan=0.44,0.77,0.80,1.59,0.28,0.30,0.32,0.90,0.88,0.72,0.74,1.30,0.30,0.29,0.20,0.33
W -1.02 5.56 h=163 f=0.41 r=0.34 scan=0.70,0.67,1.29,1.89,0.34,0.33,0.43,1.07,0.88,0.85,1.48,2.50,0.15,0.18,0.21,0.29
W -1.74 5.29 h=212 f=0.76 r=0.41 scan=1.26,1.82,0.81,0.29,0.41,1.16,0.98,0.96,0.42,0.20,0.22,0.20,0.22,0.27,0.60,0.64
W -2.39 4.80 h=217 f=0.55 r=0.25 scan=1.10,1.71,0.74,0.27,0.25,0.50,1.09,1.10,0.57,0.37,0.28,0.29,0.43,0.52,0.44,0.43
W -3.11 4.36 h=215 f=0.39 r=0.45 scan=0.92,1.50,0.63,0.61,0.45,0.25,1.26,1.23,0.74,0.46,0.36,0.43,0.49,0.32,2.50,0.27
W -3.84 3.48 h=230 f=0.84 r=0.51 scan=1.10,1.56,0.49,0.51,0.51,0.34,1.39,2.15,0.71,0.53,0.56,0.35,0.15,0.14,0.65,0.72
W -4.45 2.75 h=231 f=0.66 r=0.45 scan=0.70,1.43,1.31,0.34,0.45,0.56,0.46,2.23,0.94,0.75,0.21,0.24,0.24,0.56,0.48,0.54
W -4.86 2.00 h=254 f=0.83 r=0.46 scan=1.26,0.75,2.50,0.21,0.46,0.62,0.61,1.08,0.93,0.35,0.31,0.53,0.43,0.43,0.45,0.71
W -5.03 0.72 h=275 f=0.52 r=0.57 scan=0.52,1.03,1.50,0.60,0.57,0.18,1.33,1.18,0.57,0.71,0.49,0.37,0.38,0.48,0.70,0.90
W -4.68 -0.22 h=302 f=0.59 r=0.55 scan=0.81,1.24,0.60,0.59,0.55,0.36,1.34,0.79,0.90,0.53,0.47,0.52,0.59,0.81,0.80,0.47
W -4.12 -0.91 h=313 f=0.73 r=0.61 scan=0.78,1.44,0.43,2.50,0.61,0.43,0.44,0.93,0.85,0.61,0.62,0.65,0.78,0.27,0.58,0.61
W -3.55 -1.50 h=321 f=0.60 r=0.55 scan=0.67,1.35,0.69,0.38,0.55,0.62,0.56,1.14,0.87,0.73,0.17,0.26,0.23,0.48,0.43,0.48
W -2.86 -1.96 h=332 f=0.58 r=0.36 scan=0.77,2.22,0.50,0.23,0.36,0.66,0.68,1.32,0.91,0.35,0.32,0.47,0.36,0.36,0.33,0.46
W -2.14 -2.34 h=327 f=0.46 r=0.24 scan=0.55,1.44,1.14,0.41,0.24,0.22,0.76,1.43,1.14,0.53,0.46,0.52,0.33,0.25,0.24,0.34
W -1.41 -2.62 h=347 f=0.54 r=0.27 scan=0.99,1.93,0.55,0.35,0.27,0.26,0.92,1.30,0.65,0.65,0.39,0.22,0.22,0.24,0.24,0.42
W -0.62 -2.81 h=348 f=0.48 r=0.34 scan=0.88,1.76,0.62,0.38,0.34,0.31,0.38,1.46,0.81,0.78,0.28,0.23,0.14,0.14,0.25,0.36
W 0.26 -2.95 h=2 f=0.64 r=0.32 scan=1.65,0.81,0.52,0.38,0.32,0.41,0.47,1.50,0.97,0.38,0.17,0.20,0.18,0.17,0.24,0.52
W 1.08 -2.90 h=4 f=0.65 r=0.35 scan=1.43,0.67,0.44,0.34,0.35,0.36,0.54,1.67,1.14,0.29,0.24,0.19,0.17,0.15,0.36,0.53
W 1.90 -2.86 h=1 f=0.55 r=0.33 scan=1.30,0.86,0.46,0.33,0.33,0.37,0.44,1.87,1.28,0.45,0.26,0.16,0.19,0.26,0.25,0.43
W 2.73 -2.85 h=360 f=0.60 r=0.32 scan=1.12,1.16,0.45,0.34,0.32,0.38,0.41,0.81,1.40,0.59,0.26,0.26,0.19,0.19,0.25,0.48
W 3.55 -2.89 h=358 f=0.49 r=0.33 scan=0.95,0.98,0.54,0.32,0.33,0.36,0.48,0.76,1.54,0.42,0.36,0.19,0.15,0.15,0.24,0.38
W 4.39 -2.93 h=355 f=0.43 r=0.34 scan=0.78,0.81,0.95,0.42,0.34,0.34,0.43,0.82,1.71,0.54,0.25,0.17,0.17,0.22,0.23,0.31
W 5.21 -2.92 h=6 f=0.64 r=0.38 scan=0.64,0.67,0.84,0.37,0.38,0.36,0.54,1.27,1.15,0.30,0.24,0.18,0.18,0.15,0.18,0.55
W 6.01 -2.76 h=20 f=0.42 r=0.35 scan=0.42,0.53,0.91,1.35,0.35,0.42,0.64,2.09,0.85,0.36,0.20,0.17,0.15,0.27,0.40,0.46
W 6.45 -2.12 h=65 f=0.63 r=0.49 scan=0.95,1.23,1.77,0.38,0.49,2.17,0.70,0.46,0.25,0.22,0.29,0.38,0.41,0.36,0.39,0.51
W 6.55 -1.04 h=102 f=0.81 r=2.01 scan=0.81,1.20,0.70,0.32,2.01,0.82,0.60,0.46,0.49,0.58,0.45,0.35,0.33,0.43,0.64,1.00
W 6.16 0.07 h=116 f=0.90 r=0.52 scan=1.40,0.81,0.58,0.56,0.52,0.23,0.19,0.66,0.78,0.54,0.45,0.44,0.41,0.64,0.87,0.78
W 5.79 0.87 h=110 f=0.79 r=0.50 scan=1.21,0.83,0.60,0.46,0.50,0.56,0.34,0.32,0.92,0.68,0.52,0.42,0.52,0.61,0.71,0.67
W 5.80 1.84 h=51 f=0.72 r=0.61 scan=0.75,0.63,1.14,1.06,0.61,0.48,0.41,0.55,0.51,0.36,0.87,1.04,0.62,0.51,0.53,0.60
W 5.92 2.51 h=54 f=0.74 r=0.57 scan=0.77,0.64,0.29,1.04,0.57,0.49,0.39,0.53,0.53,0.37,0.35,1.02,0.66,0.54,0.53,0.62
W 6.56 3.02 h=30 f=0.62 r=1.03 scan=0.62,0.75,0.62,1.13,1.03,0.56,0.46,0.39,0.54,0.53,0.35,0.38,1.03,0.65,0.50,0.54
W 7.25 3.45 h=33 f=0.60 r=0.88 scan=0.60,0.71,0.10,1.15,0.88,0.57,0.47,0.41,0.56,0.52,0.36,0.85,1.00,0.61,0.49,0.55
FROZEN n=1
W 7.99 3.56 h=351 f=0.58 r=1.33 scan=0.58,0.66,0.86,0.26,1.33,1.15,0.54,0.43,0.34,0.30,0.47,0.44,0.35,0.36,1.03,0.70
W 8.77 3.75 h=30 f=0.58 r=1.05 scan=0.58,0.74,0.60,0.29,1.05,0.59,0.50,0.42,0.58,0.53,2.50,0.88,1.03,0.62,0.50,0.52
W 9.43 4.24 h=41 f=0.61 r=0.85 scan=0.61,0.68,0.61,1.17,0.85,0.58,0.49,0.41,0.58,0.46,0.36,0.91,0.91,0.60,0.47,0.54
W 10.09 4.73 h=36 f=0.60 r=0.90 scan=0.60,0.72,0.61,1.15,0.90,0.59,0.49,0.43,0.57,0.52,0.34,0.88,0.95,0.59,0.48,0.52
FROZEN n=2
W 10.96 4.55 h=332 f=0.50 r=0.69 scan=0.50,0.39,0.46,0.55,0.69,0.63,0.37,0.90,0.64,0.55,0.52,0.62,0.39,0.36,0.95,0.67
W 11.59 4.04 h=299 f=0.54 r=0.35 scan=0.76,0.42,0.36,0.26,0.35,0.49,0.73,0.67,0.51,0.91,0.70,0.60,0.69,0.37,0.86,0.83
W 11.84 3.26 h=280 f=0.69 r=0.30 scan=0.69,0.58,0.34,0.27,0.30,0.27,0.45,0.86,0.84,0.42,0.92,0.68,0.71,0.24,0.84,0.64
W 11.84 2.44 h=264 f=0.48 r=0.28 scan=0.48,0.54,0.45,0.28,0.28,0.25,0.36,0.57,0.99,0.83,1.13,0.75,0.41,1.53,0.71,0.54
W 11.44 1.84 h=208 f=0.69 r=0.42 scan=0.86,0.57,0.38,0.40,0.42,0.39,0.27,0.28,0.30,0.45,0.85,1.11,1.65,0.92,0.40,2.19
W 10.64 1.53 h=198 f=0.62 r=0.30 scan=1.26,0.50,0.41,0.32,0.30,0.46,0.53,0.43,0.46,0.60,0.95,1.22,0.20,0.28,0.34,1.40
W 9.75 1.34 h=188 f=0.83 r=0.29 scan=1.92,0.71,0.34,0.34,0.29,0.31,0.51,0.67,0.62,0.75,1.05,0.23,0.23,0.23,0.28,0.73
W 8.85 1.30 h=182 f=0.67 r=0.28 scan=1.72,0.89,0.50,0.33,0.28,0.35,0.37,0.77,0.80,0.87,0.35,0.24,0.19,0.21,0.29,0.55
W 8.01 1.38 h=173 f=1.14 r=0.29 scan=2.05,1.02,0.46,0.43,0.29,0.29,0.42,0.56,1.03,1.00,0.32,0.21,0.18,0.22,2.50,2.50
W 7.20 1.50 h=174 f=0.53 r=0.38 scan=1.38,0.94,0.50,0.36,0.38,0.34,0.40,0.69,1.20,0.66,0.28,0.16,0.17,0.22,0.24,0.41
W 6.37 1.50 h=182 f=0.64 r=0.30 scan=1.18,0.71,0.47,0.39,0.30,0.41,0.51,0.85,1.27,0.40,0.24,0.22,0.18,0.19,0.26,0.52
W 5.55 1.51 h=179 f=0.51 r=0.33 scan=1.07,0.84,0.44,0.41,0.33,0.32,0.50,0.87,1.48,0.50,0.29,0.20,0.19,0.21,0.21,0.39
W 4.55 1.53 h=179 f=0.88 r=0.33 scan=0.88,0.88,0.41,0.31,0.33,0.37,0.43,0.84,1.65,0.52,0.26,0.17,0.18,0.21,0.23,1.46
W 3.61 1.58 h=175 f=0.66 r=0.34 scan=0.66,0.72,0.48,0.32,0.34,0.32,0.46,0.85,1.90,0.47,0.25,0.20,0.15,0.14,0.91,1.27
W 2.79 1.62 h=177 f=0.51 r=0.31 scan=0.51,0.49,0.49,0.40,0.31,0.35,0.40,0.77,2.09,0.43,0.20,0.16,0.36,0.66,1.49,1.04
W 2.01 1.74 h=152 f=0.49 r=0.33 scan=0.90,0.37,0.30,0.47,0.33,0.36,0.34,0.49,0.82,2.23,0.49,0.23,0.37,0.67,0.69,1.23
W 1.39 2.32 h=122 f=0.69 r=0.29 scan=1.26,0.86,0.77,0.24,0.29,0.45,0.44,0.47,0.47,0.65,1.83,0.29,0.36,0.55,0.59,0.57
W 1.00 3.07 h=119 f=0.53 r=0.70 scan=1.06,0.82,0.63,0.66,0.70,0.31,0.36,0.58,0.65,1.03,2.50,0.40,0.48,0.50,0.35,0.41
W 0.48 3.70 h=136 f=0.69 r=0.86 scan=0.73,0.57,0.49,0.60,0.86,0.82,0.48,0.82,0.98,0.49,0.43,0.52,0.32,0.30,0.25,0.76
W -0.14 4.24 h=136 f=0.51 r=0.66 scan=0.55,0.39,0.39,0.47,0.66,0.87,0.71,0.94,1.31,0.67,0.63,0.32,0.20,1.22,0.67,0.76
W -0.70 4.84 h=121 f=0.50 r=0.30 scan=0.58,0.38,0.27,0.29,0.30,0.57,0.99,0.82,1.12,0.85,0.76,0.75,0.81,1.24,0.57,0.50
W -1.01 5.59 h=101 f=0.38 r=0.22 scan=0.38,0.46,0.25,0.26,0.22,0.24,0.39,1.09,1.13,1.28,0.97,0.59,0.78,2.50,0.45,0.35
W -0.48 6.20 h=38 f=0.44 r=0.41 scan=1.36,0.32,0.29,0.25,0.41,0.34,0.29,0.30,0.33,0.69,1.19,1.20,1.47,0.36,0.75,0.70
W 0.27 6.58 h=21 f=0.55 r=0.24 scan=0.55,1.19,0.79,0.23,0.24,0.22,0.47,0.42,0.47,0.59,1.04,1.28,0.30,0.36,0.62,0.62
W 1.08 6.77 h=28 f=0.49 r=0.21 scan=2.13,0.89,0.71,0.52,0.21,0.31,0.66,0.59,0.67,1.02,1.39,0.29,0.40,0.52,0.47,0.37
W 1.76 7.20 h=50 f=0.77 r=0.28 scan=0.77,0.66,0.66,0.49,0.28,0.39,0.70,0.78,1.16,0.39,0.42,0.41,0.41,0.30,0.26,1.98
W 2.25 7.86 h=61 f=0.58 r=0.43 scan=0.58,0.49,0.54,0.47,0.43,0.33,0.84,1.06,0.57,0.56,0.55,0.28,0.18,0.22,1.22,0.78
W 2.77 8.59 h=28 f=0.57 r=0.46 scan=1.81,0.45,0.38,0.34,0.46,0.54,0.42,0.38,0.98,1.39,0.68,0.64,0.22,0.23,0.55,1.08
W 3.53 8.91 h=13 f=0.61 r=0.30 scan=0.99,0.49,0.30,0.31,0.30,0.34,0.61,0.57,0.55,1.31,0.79,0.21,0.20,0.24,0.46,0.99
W 4.62 9.06 h=358 f=0.68 r=0.23 scan=0.68,1.37,1.07,0.34,0.23,0.27,0.38,0.80,0.81,1.38,0.36,0.23,0.28,0.27,1.05,0.79
W 5.44 9.03 h=356 f=0.57 r=0.29 scan=0.57,0.63,1.24,0.91,0.29,0.34,0.33,0.60,0.93,1.46,0.34,0.34,0.27,0.80,0.88,0.64
W 6.32 8.69 h=307 f=0.65 r=1.09 scan=0.81,0.53,0.45,0.42,1.09,0.91,0.79,2.50,0.41,0.41,1.09,1.07,0.43,0.30,1.24,0.78
W 6.75 7.99 h=296 f=0.61 r=0.33 scan=0.61,0.50,0.34,0.37,0.33,1.22,0.95,0.93,0.49,0.58,1.23,1.34,0.20,0.94,1.13,0.62
W 7.07 7.24 h=291 f=0.41 r=0.28 scan=0.41,0.48,0.37,0.28,0.28,0.39,0.61,1.10,2.50,0.71,1.24,0.33,0.70,0.86,1.03,0.44
W 7.43 7.86 h=71 f=0.52 r=0.33 scan=1.19,1.13,0.70,0.92,0.33,0.75,0.77,1.00,0.40,0.41,0.39,0.36,0.32,0.31,0.28,0.40
W 7.55 8.72 h=101 f=0.64 r=0.52 scan=0.98,0.52,0.79,1.25,0.52,0.81,1.25,0.55,0.54,0.47,0.36,0.25,0.27,0.27,0.45,0.98
W 7.03 9.51 h=157 f=0.62 r=1.25 scan=0.84,1.22,0.51,0.30,1.25,0.72,0.73,0.49,0.34,0.29,0.31,1.13,0.86,0.82,0.94,0.50
W 6.25 9.78 h=158 f=0.46 r=0.29 scan=0.70,1.09,1.66,0.40,0.29,1.25,0.79,0.70,0.51,0.40,0.52,1.07,0.85,0.30,0.29,0.34
W 5.48 10.01 h=176 f=0.54 r=0.36 scan=0.89,0.91,1.69,0.34,0.36,0.30,2.50,0.69,0.57,0.64,1.25,0.87,0.22,0.24,0.23,0.42
W 4.66 10.06 h=177 f=0.53 r=0.32 scan=0.69,0.76,1.75,0.33,0.32,0.39,1.09,0.82,0.74,1.35,0.30,0.26,0.16,0.20,0.28,0.41
W 3.83 10.10 h=176 f=0.52 r=0.34 scan=0.52,0.59,1.39,0.90,0.34,0.30,0.48,1.12,0.89,1.53,0.22,0.20,0.21,0.19,0.25,0.45
W 3.02 10.07 h=192 f=0.47 r=0.42 scan=0.47,0.46,1.71,0.86,0.42,0.37,0.62,1.13,1.66,0.33,0.23,0.22,0.16,0.28,0.34,0.37
W 2.39 9.60 h=232 f=0.41 r=0.38 scan=2.50,0.77,0.73,0.37,0.38,1.24,1.24,0.44,0.30,0.23,0.31,0.33,0.37,0.27,0.35,0.29
W 1.97 8.90 h=242 f=0.70 r=0.32 scan=1.48,0.58,0.60,0.57,0.32,1.28,1.35,0.62,0.44,0.46,0.43,0.27,0.27,0.19,0.21,0.87
W 1.60 8.17 h=247 f=0.54 r=0.41 scan=1.57,0.42,0.50,0.58,0.41,0.36,2.06,0.75,0.57,0.54,0.34,0.15,0.14,0.32,0.67,0.87
W 1.29 7.39 h=247 f=0.41 r=0.53 scan=1.38,0.29,0.30,0.41,0.53,0.45,0.47,1.11,0.74,0.71,0.21,0.29,0.56,0.52,0.56,0.73
W 0.81 6.65 h=231 f=0.64 r=0.21 scan=0.78,1.15,1.13,0.15,0.21,0.43,0.58,0.58,1.09,0.94,0.35,0.34,0.58,0.45,0.46,0.52
W 0.37 5.91 h=261 f=0.90 r=0.36 scan=1.05,0.98,1.27,0.77,0.36,0.71,2.42,1.13,0.53,0.46,0.61,0.41,0.34,0.40,0.47,0.78
W 0.58 4.77 h=292 f=0.84 r=0.57 scan=0.84,1.08,0.62,0.59,0.57,0.35,1.29,0.73,0.83,0.57,0.43,0.39,0.47,0.62,0.76,0.74
W 1.06 4.08 h=310 f=0.75 r=0.56 scan=0.85,1.54,0.53,0.56,0.56,0.40,1.40,0.90,0.75,0.58,0.56,0.58,0.77,0.71,0.32,0.63
W 1.64 3.50 h=316 f=0.67 r=0.56 scan=0.71,1.34,0.39,0.43,0.56,0.57,0.51,0.98,0.94,0.66,0.65,0.14,0.24,0.28,0.48,0.55
W 2.25 2.96 h=327 f=0.55 r=0.39 scan=0.79,1.88,0.58,0.31,0.39,0.65,0.65,1.34,0.90,0.24,0.31,0.28,0.47,0.35,0.44,0.43
W 2.98 2.57 h=331 f=0.51 r=0.23 scan=0.76,2.10,0.48,0.25,0.23,0.69,0.76,1.28,0.96,0.46,0.48,0.45,0.33,0.28,0.30,0.39
W 3.77 2.14 h=346 f=0.59 r=0.25 scan=1.05,1.99,0.51,0.36,0.25,0.80,0.90,1.23,0.60,0.58,0.37,0.28,0.21,0.22,0.27,0.47
W 4.58 1.91 h=346 f=0.44 r=0.35 scan=0.78,1.82,0.67,0.38,0.35,0.29,0.33,1.46,0.74,0.75,0.30,0.22,0.19,0.16,0.19,0.32
W 5.40 1.75 h=349 f=0.41 r=0.34 scan=1.06,1.66,0.59,0.41,0.34,0.37,0.39,1.59,0.89,0.61,0.28,0.14,0.19,0.20,0.22,0.29
W 6.19 1.80 h=4 f=0.69 r=0.35 scan=1.50,0.69,0.48,0.35,0.35,0.38,0.50,1.60,1.04,0.25,0.25,0.18,0.16,0.18,0.20,0.57
W 7.01 1.85 h=2 f=0.58 r=0.34 scan=1.37,0.88,0.45,0.36,0.34,0.37,0.48,1.79,1.21,0.39,0.25,0.18,0.15,0.25,0.29,0.47
W 7.83 1.88 h=2 f=0.67 r=0.33 scan=2.50,1.29,0.42,0.34,0.33,0.36,0.45,0.81,1.38,0.54,0.22,0.24,0.22,0.19,0.28,0.55
W 8.67 1.86 h=0 f=0.54 r=0.32 scan=1.00,1.03,0.55,0.33,0.32,0.33,0.46,0.88,2.50,0.52,0.33,0.20,0.17,0.18,0.21,0.42
W 9.49 1.83 h=357 f=0.46 r=0.31 scan=0.83,0.89,1.00,0.42,0.31,0.35,0.43,0.79,1.67,0.49,0.26,0.17,0.16,0.20,0.26,0.34
W 10.31 1.79 h=358 f=0.43 r=0.38 scan=0.70,0.73,0.87,0.38,0.38,0.33,0.48,0.92,1.86,0.40,0.22,0.20,0.19,0.16,0.20,0.31
W 11.13 1.87 h=14 f=0.48 r=0.37 scan=0.48,0.57,0.78,1.39,0.37,0.41,0.59,2.50,0.82,0.33,0.21,0.17,0.14,0.19,0.39,0.51
W 11.76 2.29 h=63 f=0.62 r=0.72 scan=1.05,1.31,0.35,0.44,0.72,2.08,0.47,0.27,0.17,0.17,0.21,0.31,0.45,0.43,0.37,0.51
W 12.05 3.11 h=83 f=0.84 r=1.26 scan=1.15,1.71,1.07,0.35,1.26,1.38,0.58,0.39,0.32,0.38,0.46,0.43,0.29,0.34,0.44,0.72
W 11.78 4.36 h=105 f=0.40 r=0.52 scan=0.40,0.91,0.65,0.59,0.52,0.17,0.74,0.59,2.50,0.62,0.44,0.38,0.39,0.51,0.89,0.94
W 11.35 5.35 h=110 f=0.65 r=0.59 scan=1.26,0.70,0.51,0.44,0.59,0.49,0.28,0.30,0.92,0.64,0.52,0.40,0.50,0.64,0.75,0.53
W 11.13 6.00 h=102 f=0.71 r=0.40 scan=1.17,0.84,0.58,0.49,0.40,0.59,0.47,0.35,0.91,0.91,0.59,0.45,0.53,0.61,0.68,0.59
W 11.25 6.74 h=50 f=0.74 r=0.62 scan=0.82,0.69,0.25,1.11,0.62,0.48,0.41,0.47,0.55,0.37,0.38,0.99,0.71,0.59,0.51,0.62
W 11.92 7.21 h=30 f=0.62 r=1.05 scan=0.62,0.79,0.63,1.11,1.05,0.58,0.46,0.39,0.53,0.54,0.36,0.38,1.02,0.66,0.52,0.54
W 12.63 7.63 h=30 f=0.61 r=1.02 scan=0.61,0.72,0.16,1.14,1.02,0.59,0.46,0.40,0.55,0.54,0.37,0.87,1.05,0.62,0.50,0.55
FROZEN n=1
W 13.42 7.76 h=352 f=0.61 r=1.70 scan=0.61,0.66,0.86,0.26,1.70,1.13,0.56,0.42,0.33,0.28,0.45,0.46,0.34,0.37,1.07,0.72
W 14.21 7.93 h=29 f=0.60 r=1.09 scan=0.60,0.79,0.65,0.27,1.09,0.59,0.47,0.42,2.50,0.53,0.35,0.38,1.03,0.65,0.52,0.52
W 14.88 8.40 h=35 f=0.61 r=0.83 scan=0.61,0.68,0.60,1.17,0.83,0.60,0.48,0.41,0.58,0.49,0.36,0.90,0.93,0.58,0.44,0.53
W 15.54 8.89 h=32 f=0.60 r=0.86 scan=0.60,0.70,0.59,1.17,0.86,0.58,0.47,0.41,0.57,0.52,0.35,0.89,0.94,0.60,0.50,0.53
FROZEN n=2
W 15.57 9.17 h=104 f=0.72 r=0.43 scan=1.18,0.85,0.59,0.46,0.43,0.59,0.49,0.34,0.89,0.94,0.60,0.46,0.53,0.62,0.68,0.60
W 15.93 9.81 h=52 f=0.73 r=0.59 scan=0.78,0.63,0.29,1.05,0.59,0.48,0.42,0.53,0.52,0.36,0.38,1.05,0.65,0.52,0.54,0.61
W 16.56 10.33 h=36 f=0.60 r=0.85 scan=0.60,0.69,0.60,1.16,0.85,0.60,0.46,0.40,0.56,2.50,0.36,0.89,0.92,0.60,0.48,0.54
W 17.24 10.79 h=39 f=0.62 r=0.85 scan=0.62,0.69,0.60,1.16,0.85,0.58,0.45,0.40,0.57,0.49,0.36,0.88,0.94,0.59,0.47,0.54
FROZEN n=1
W 18.03 10.98 h=357 f=0.55 r=1.14 scan=0.55,0.66,0.86,0.27,1.14,1.10,0.52,0.40,0.32,0.30,0.48,0.43,2.50,0.37,0.96,0.67
W 18.79 11.25 h=31 f=0.55 r=0.93 scan=0.55,0.69,0.60,0.11,0.93,0.62,0.49,0.45,0.61,0.47,0.37,0.92,0.89,0.55,0.41,0.48
W 19.48 11.69 h=29 f=0.45 r=0.34 scan=2.50,0.58,0.54,0.52,0.34,0.26,0.15,0.64,0.77,0.57,0.98,1.04,0.64,0.42,0.34,0.33
W 18.51 11.20 h=207 f=0.74 r=0.67 scan=0.74,0.67,0.48,1.00,0.67,0.48,0.32,0.33,0.39,0.55,0.52,0.51,0.36,0.32,0.17,0.65
W 17.78 10.80 h=210 f=0.58 r=1.02 scan=0.62,0.56,2.50,0.88,1.02,2.50,0.43,0.47,0.52,0.76,0.65,0.39,0.10,0.67,0.55,0.46
W 17.17 10.43 h=294 f=0.44 r=0.68 scan=0.97,0.74,0.64,0.56,0.68,0.89,0.26,1.14,1.06,0.56,0.41,0.33,0.42,0.48,0.35,0.32
W 17.66 9.81 h=315 f=0.63 r=0.69 scan=0.78,0.51,0.49,0.53,0.69,0.80,0.25,1.27,0.71,0.49,0.44,0.52,0.30,0.20,0.21,0.80
W 18.27 9.26 h=316 f=0.43 r=0.55 scan=0.43,0.39,0.38,0.38,0.55,0.94,0.89,1.45,0.88,0.58,0.61,0.18,0.81,0.64,0.58,0.69
W 18.80 8.61 h=299 f=0.43 r=0.33 scan=0.54,0.31,0.28,0.26,0.33,0.38,1.01,1.03,1.57,0.93,0.72,2.21,1.10,0.67,0.45,0.52
W 18.62 7.75 h=207 f=0.53 r=2.50 scan=0.68,0.41,0.34,0.37,2.50,0.32,0.21,0.19,0.26,0.34,0.79,1.17,1.70,0.96,0.54,2.34
W 17.81 7.48 h=190 f=0.64 r=0.26 scan=1.38,0.52,0.36,0.25,0.26,0.36,0.48,0.42,0.35,0.44,0.60,1.22,0.71,0.30,0.40,0.97
W 16.99 7.44 h=179 f=0.60 r=0.25 scan=1.96,0.81,0.39,0.34,0.25,0.26,0.33,0.60,0.59,0.58,0.71,1.30,0.25,0.27,0.28,0.48
W 16.17 7.54 h=172 f=0.52 r=0.32 scan=2.33,1.02,0.59,0.32,0.32,0.30,0.35,0.67,0.77,0.72,0.84,0.28,0.20,0.20,0.23,0.40
W 15.36 7.65 h=171 f=0.51 r=0.33 scan=1.00,1.39,0.52,0.39,0.33,0.32,0.42,0.52,0.94,0.90,0.38,0.18,0.15,0.18,0.23,0.39
W 14.54 7.76 h=172 f=0.44 r=0.36 scan=2.00,1.22,0.56,0.44,0.36,0.36,0.47,0.68,1.09,1.11,0.22,0.18,0.16,0.12,0.23,0.32
W 13.72 7.78 h=182 f=0.51 r=0.43 scan=1.32,0.79,0.50,0.34,0.43,0.38,0.47,0.85,1.19,0.34,0.18,0.17,0.18,0.17,0.19,0.39
W 12.90 7.71 h=185 f=0.61 r=0.31 scan=1.09,0.66,0.45,0.37,0.31,0.46,0.53,1.02,1.41,0.30,0.26,0.16,0.14,0.20,0.24,0.49
W 12.08 7.67 h=180 f=0.55 r=0.34 scan=0.99,0.76,0.47,0.35,0.34,0.35,0.54,0.95,2.50,0.44,0.23,0.20,0.16,0.17,0.31,0.43
W 10.90 7.69 h=175 f=0.76 r=0.30 scan=0.76,0.79,0.51,0.36,0.30,0.36,0.46,0.77,1.83,0.61,0.23,0.21,0.20,0.18,0.20,1.35
W 10.08 7.72 h=177 f=0.60 r=0.30 scan=0.60,0.63,0.45,0.36,0.30,0.34,0.48,0.92,1.94,0.51,0.29,0.15,0.13,0.69,1.56,1.12
W 9.26 7.77 h=178 f=0.42 r=0.34 scan=0.42,0.38,0.51,0.33,0.34,0.33,0.43,0.77,2.15,0.47,0.20,0.33,0.65,0.72,1.28,0.93
W 8.53 8.04 h=147 f=0.39 r=0.47 scan=0.93,0.27,0.31,0.27,0.47,0.33,0.42,0.41,0.57,1.71,0.59,0.29,0.39,0.65,0.63,1.31
W 7.93 8.80 h=120 f=0.61 r=0.16 scan=1.14,0.79,0.67,0.67,0.16,0.27,0.56,0.47,0.56,0.75,1.91,0.37,0.35,0.59,0.45,0.49
W 7.49 9.54 h=130 f=0.72 r=0.67 scan=0.95,0.60,0.53,0.59,0.67,0.76,0.40,0.66,0.86,1.49,0.48,0.46,0.51,0.33,0.34,0.83
W 6.96 10.17 h=131 f=0.58 r=0.68 scan=0.65,0.46,0.44,0.53,0.68,0.92,0.80,0.82,1.08,0.61,0.54,0.54,0.30,0.22,0.68,0.66
W 6.42 10.80 h=127 f=0.55 r=0.41 scan=0.63,0.43,0.31,0.37,0.41,0.71,0.93,0.55,1.11,0.79,0.71,0.35,0.75,1.25,0.59,0.53
W 6.06 11.53 h=105 f=0.44 r=0.26 scan=0.44,0.47,0.32,0.27,0.26,0.37,0.61,1.06,0.71,1.41,0.78,0.59,0.76,1.47,2.50,0.38
W 6.45 12.21 h=45 f=0.48 r=0.45 scan=1.18,0.36,2.50,0.35,0.45,0.29,0.33,0.31,0.45,0.92,1.16,1.29,0.97,0.53,0.73,0.73
W 7.14 12.69 h=20 f=0.67 r=0.24 scan=1.71,1.00,0.83,0.22,0.24,0.25,0.52,0.42,0.47,0.63,1.31,0.85,0.29,0.47,0.61,0.55
W 7.99 12.96 h=28 f=0.47 r=0.24 scan=2.50,0.87,0.71,0.70,0.24,0.30,0.35,0.58,0.66,0.97,1.39,0.29,0.37,0.51,0.45,0.35
W 8.65 13.42 h=50 f=0.76 r=0.28 scan=0.89,0.64,0.66,0.45,0.28,0.32,0.73,0.79,1.12,0.42,0.45,0.42,0.40,0.26,0.22,1.98
W 9.11 14.09 h=65 f=0.57 r=0.41 scan=0.57,0.47,0.53,0.52,0.41,0.32,0.85,1.09,0.59,0.58,0.56,2.50,0.18,0.28,1.23,0.76
W 9.58 14.75 h=28 f=0.55 r=0.45 scan=1.81,0.43,0.36,0.35,0.45,0.53,0.43,0.38,1.01,1.40,0.68,0.66,0.22,0.24,0.55,1.06
W 10.38 15.05 h=16 f=0.64 r=0.30 scan=0.99,0.52,0.29,0.31,0.30,0.35,0.63,0.54,0.54,1.26,0.80,0.21,0.20,0.24,0.45,0.96
W 11.47 15.17 h=360 f=0.69 r=0.27 scan=0.69,1.33,1.12,0.30,0.27,0.25,0.38,0.68,0.82,1.33,0.34,0.24,0.28,0.28,0.95,0.83
W 12.29 15.13 h=354 f=0.55 r=0.29 scan=0.55,0.61,1.24,0.93,0.29,0.35,0.33,0.59,0.92,1.46,0.31,2.50,0.24,0.79,0.90,0.62
W 13.14 15.26 h=42 f=0.51 r=0.42 scan=1.11,0.90,0.78,0.30,0.42,0.43,1.05,1.62,0.44,0.29,1.25,0.78,0.67,0.48,0.41,0.39
W 13.78 15.96 h=53 f=0.77 r=0.26 scan=0.83,0.65,0.67,0.75,0.26,0.44,1.27,0.81,0.49,1.39,0.87,0.65,0.39,0.24,0.28,0.87
W 14.16 16.69 h=73 f=0.48 r=1.68 scan=0.48,0.44,0.56,0.78,1.68,0.55,2.00,0.74,1.58,0.95,0.47,0.25,0.20,0.69,0.76,0.63
W 13.89 17.55 h=152 f=0.78 r=0.75 scan=0.78,2.50,0.43,1.01,0.75,1.19,2.50,0.26,0.36,0.68,0.68,0.58,0.39,0.39,0.36,2.50
W 13.14 17.90 h=158 f=0.59 r=0.79 scan=0.93,2.50,0.56,0.29,0.79,1.26,0.77,0.46,0.57,0.87,0.78,0.38,0.28,0.31,0.32,0.47
W 12.33 18.13 h=162 f=0.49 r=0.25 scan=0.79,2.48,0.59,0.29,0.25,1.26,1.13,0.63,0.76,0.98,0.49,0.30,0.27,0.25,0.26,0.37
W 11.57 18.40 h=168 f=0.46 r=0.26 scan=1.13,1.84,0.63,0.40,0.26,0.31,1.23,0.76,1.12,1.11,0.35,0.24,0.18,0.23,0.25,0.34
W 10.77 18.54 h=175 f=0.55 r=0.38 scan=2.17,1.06,0.53,0.39,0.38,0.31,0.43,0.87,1.31,0.50,0.23,0.22,0.15,0.15,0.22,0.43
W 9.92 18.53 h=185 f=0.66 r=0.33 scan=1.97,0.72,0.41,0.37,0.33,0.42,0.43,1.01,1.44,0.39,0.20,0.17,0.17,0.17,0.30,0.54
W 9.10 18.51 h=181 f=0.74 r=0.35 scan=1.86,0.81,0.45,0.34,0.35,0.36,0.53,1.23,1.58,0.50,0.25,0.19,0.19,0.22,0.21,0.62
W 8.28 18.52 h=178 f=0.61 r=0.29 scan=2.50,1.11,0.44,0.37,0.29,0.40,0.46,0.71,1.80,0.45,0.28,0.21,0.16,0.18,0.26,0.49
W 7.46 18.55 h=177 f=0.51 r=0.32 scan=1.53,1.00,0.51,0.33,0.32,0.34,0.51,0.81,1.94,0.43,0.20,0.18,0.17,0.19,0.29,0.39
W 6.64 18.58 h=177 f=0.49 r=0.32 scan=1.34,1.40,0.56,0.41,0.32,0.33,0.42,0.76,2.15,0.56,0.25,0.18,0.19,0.23,0.24,0.37
W 5.80 18.59 h=182 f=0.74 r=0.37 scan=1.18,1.30,0.50,0.38,0.37,0.36,0.53,1.13,2.30,0.42,0.23,0.21,0.17,0.17,0.25,0.62
W 4.70 18.46 h=189 f=0.89 r=0.36 scan=0.92,1.10,0.49,0.35,0.36,0.38,0.47,1.15,1.42,0.44,0.22,0.19,0.18,0.20,0.38,0.77
W 3.61 18.34 h=188 f=0.69 r=0.35 scan=0.69,2.50,1.04,0.36,0.35,0.35,0.45,0.95,1.95,0.41,0.24,0.24,0.26,0.27,0.36,0.66
W 2.80 18.20 h=193 f=0.53 r=0.32 scan=0.53,0.67,0.91,0.29,0.32,0.39,0.55,1.50,1.08,0.39,0.35,0.28,0.26,0.30,0.46,0.58
W 1.88 17.83 h=232 f=0.57 r=0.46 scan=0.70,0.83,0.75,0.30,0.46,0.93,2.27,0.53,0.41,0.31,0.29,0.34,0.40,0.43,0.38,0.45
W 1.59 17.08 h=272 f=0.59 r=2.50 scan=0.59,1.14,0.83,0.40,2.50,1.15,0.63,0.47,0.45,0.46,0.49,0.33,0.35,0.39,0.56,0.66
W 1.92 16.31 h=303 f=0.64 r=0.87 scan=1.02,1.04,0.29,2.33,0.87,0.68,0.55,0.57,0.62,0.41,2.50,0.39,0.51,0.57,0.51,0.52
W 2.47 15.54 h=307 f=0.65 r=0.86 scan=1.04,1.04,0.28,2.33,0.86,0.68,0.56,0.57,0.60,0.40,0.38,0.39,0.52,0.58,0.51,0.53
FROZEN n=1
W 2.79 14.59 h=266 f=0.62 r=1.32 scan=0.62,1.11,0.89,0.37,1.32,1.27,0.63,0.50,0.46,0.46,0.51,0.35,0.34,0.38,0.53,0.64
W 3.13 13.81 h=304 f=1.01 r=0.84 scan=1.01,1.05,0.28,2.07,0.84,0.68,0.57,0.57,0.60,0.40,0.37,0.38,0.53,0.56,0.49,1.05
W 3.71 13.01 h=304 f=1.00 r=0.83 scan=1.00,1.05,0.27,2.04,0.83,0.67,0.56,0.58,0.59,0.39,0.39,0.37,0.51,0.56,0.51,1.08
FROZEN n=2
W 4.08 12.01 h=265 f=0.47 r=0.28 scan=0.47,1.04,0.98,1.06,0.28,2.02,0.83,0.68,0.57,0.59,0.59,0.39,0.39,0.38,0.50,0.56
W 4.21 11.22 h=291 f=0.45 r=0.32 scan=0.85,0.85,0.76,1.10,0.32,0.23,0.81,0.72,0.73,0.51,0.43,0.38,0.44,0.48,0.41,0.33
W 4.67 10.54 h=315 f=0.65 r=0.34 scan=0.72,0.53,0.98,0.76,0.34,0.28,0.27,0.86,0.64,0.51,0.51,0.53,0.37,0.22,0.21,0.74
W 5.30 10.02 h=329 f=0.42 r=0.42 scan=0.42,0.76,0.93,0.64,0.42,0.34,0.39,1.00,0.70,0.65,0.47,0.19,2.50,0.64,0.56,0.63
W 5.24 9.30 h=257 f=0.66 r=0.36 scan=1.04,0.54,0.63,0.49,0.36,0.84,0.93,0.54,0.41,0.44,1.11,0.77,0.67,0.22,0.81,0.94
W 5.12 8.49 h=267 f=0.42 r=0.38 scan=0.42,0.37,0.54,0.42,0.38,0.88,0.91,0.69,0.57,1.22,0.14,0.29,0.65,0.73,0.80,0.95
W 4.84 7.62 h=238 f=0.83 r=0.47 scan=0.84,0.71,0.29,0.27,0.47,2.50,0.44,1.15,0.93,0.71,1.32,0.33,0.39,0.62,0.62,2.50
W 4.13 6.92 h=214 f=0.46 r=0.74 scan=0.46,0.65,0.59,0.60,0.74,0.26,0.34,0.61,1.33,1.06,0.40,0.42,0.49,0.56,0.47,2.50
W 3.58 6.33 h=236 f=0.40 r=0.78 scan=0.57,0.49,0.46,0.54,0.78,0.68,0.69,0.78,1.19,0.55,0.48,0.62,0.39,0.34,2.50,0.28
W 2.89 6.22 h=168 f=0.49 r=0.39 scan=2.50,2.50,0.23,2.50,0.39,0.43,0.53,0.82,0.77,0.51,0.86,1.26,0.57,0.54,0.56,0.37
W 3.08 6.83 h=61 f=0.65 r=0.31 scan=1.16,0.53,0.58,0.34,0.31,2.50,2.50,0.24,2.50,0.39,0.46,0.56,0.87,0.78,0.79,1.57
W 3.48 7.55 h=61 f=0.53 r=0.33 scan=0.99,0.41,0.37,0.49,0.33,0.37,2.50,0.44,2.50,0.60,0.59,0.79,0.82,0.45,0.74,1.49
W 4.03 8.24 h=37 f=0.69 r=0.29 scan=1.11,0.79,0.26,0.26,0.29,0.49,0.41,0.48,0.62,0.79,2.50,0.74,0.36,0.62,0.58,0.57
W 4.76 8.65 h=20 f=0.44 r=0.18 scan=0.44,0.96,0.73,0.64,0.18,0.26,0.33,0.62,0.65,0.75,0.86,0.34,0.36,0.48,0.47,0.48
W 5.46 9.06 h=40 f=0.38 r=1.02 scan=0.99,0.66,0.55,0.60,1.02,0.79,0.47,0.78,0.91,1.02,0.44,0.43,0.48,0.34,0.27,0.26
W 6.04 9.65 h=47 f=0.61 r=1.07 scan=0.61,0.49,0.45,0.48,1.07,0.86,0.73,0.98,1.08,0.61,0.53,0.39,0.21,0.14,0.67,2.50
W 6.63 10.22 h=41 f=0.53 r=0.38 scan=0.60,0.41,0.34,0.35,0.38,1.03,0.98,0.49,1.23,0.77,0.68,0.15,0.20,0.39,0.56,0.61
W 7.33 10.65 h=22 f=0.43 r=0.27 scan=0.43,0.43,0.25,0.29,0.27,0.34,0.64,1.12,0.64,1.40,0.27,0.22,0.32,0.35,0.48,0.37
W 6.82 10.17 h=216 f=0.44 r=0.31 scan=2.50,0.32,0.25,0.31,0.31,0.43,0.29,0.36,0.38,0.34,2.50,0.25,0.28,0.38,1.19,1.19
W 5.61 9.80 h=187 f=0.92 r=0.52 scan=0.92,1.13,1.46,0.66,0.52,0.22,0.25,0.59,2.50,0.65,0.41,0.33,0.31,0.32,0.51,0.96
W 4.72 9.51 h=215 f=0.79 r=0.47 scan=0.96,1.33,0.69,0.67,0.47,0.27,0.61,0.70,0.78,0.43,0.36,0.32,0.41,0.89,0.77,0.67
W 4.08 9.09 h=204 f=0.81 r=0.64 scan=0.81,0.95,1.11,0.54,0.64,0.45,0.32,0.82,0.91,0.57,0.44,0.40,1.07,0.83,0.71,0.69
W 3.44 9.22 h=141 f=0.74 r=0.92 scan=0.74,0.66,0.20,0.76,0.92,1.03,0.53,0.65,0.47,0.36,0.85,0.96,0.56,0.40,0.45,1.12
W 2.86 9.79 h=123 f=0.70 r=0.34 scan=0.80,0.58,0.54,0.50,0.34,0.17,0.16,0.73,0.82,0.61,1.01,1.03,0.57,0.33,0.35,0.92
W 2.36 10.44 h=124 f=0.58 r=0.48 scan=0.61,0.46,0.36,0.42,0.48,0.38,0.29,0.30,0.97,0.66,1.10,0.81,0.28,0.20,0.77,0.77
W 1.95 11.16 h=113 f=0.48 r=0.30 scan=0.62,0.36,0.34,0.29,0.30,0.44,0.48,0.43,0.47,1.00,2.50,0.38,1.43,0.78,0.65,0.63
W 1.78 11.96 h=88 f=0.47 r=0.23 scan=0.47,0.42,0.35,2.50,0.23,0.29,0.35,0.62,0.61,2.50,0.94,0.32,2.50,1.11,0.64,0.47
W 2.17 12.54 h=22 f=0.63 r=0.33 scan=0.82,0.51,0.39,0.38,0.33,0.37,0.27,0.23,0.27,0.37,0.76,0.72,1.24,0.29,0.60,2.50
W 2.95 12.78 h=13 f=0.62 r=0.32 scan=1.27,0.50,0.39,0.32,0.32,0.36,0.44,0.44,0.39,0.53,0.74,0.77,0.27,0.32,0.48,0.96
W 3.76 12.88 h=360 f=0.70 r=0.29 scan=2.50,0.58,0.38,0.33,0.29,0.32,0.45,0.60,0.54,0.66,0.88,0.31,0.28,0.33,0.39,0.74
W 4.69 12.81 h=351 f=0.65 r=0.28 scan=1.50,1.17,0.42,2.50,0.28,0.34,0.38,0.59,0.80,0.79,1.00,0.33,0.31,0.27,0.32,0.53
W 5.52 12.62 h=340 f=0.50 r=0.30 scan=0.70,2.50,0.68,0.41,0.30,0.29,0.40,0.55,0.96,0.94,0.46,0.34,0.23,0.22,0.23,0.38
W 6.38 12.42 h=360 f=0.48 r=0.32 scan=2.41,0.87,0.50,0.41,0.32,0.36,0.57,0.98,1.06,0.52,0.25,0.20,0.14,0.20,0.24,0.36
W 7.20 12.46 h=5 f=0.56 r=0.39 scan=2.20,0.72,0.45,0.38,0.39,0.36,0.51,1.16,1.24,0.39,0.23,0.21,0.18,0.17,0.22,0.44
W 8.06 12.52 h=3 f=0.69 r=0.34 scan=2.05,0.73,0.44,0.37,0.34,0.40,0.45,1.04,1.41,0.48,0.30,0.15,0.14,0.18,0.24,0.57
W 8.92 12.56 h=2 f=0.78 r=2.50 scan=1.85,0.78,0.43,0.32,2.50,0.36,0.52,1.08,1.60,0.50,0.24,0.19,0.17,0.17,0.32,0.66
W 9.74 12.56 h=357 f=0.63 r=0.34 scan=1.73,0.91,0.45,0.34,0.34,0.31,0.44,0.74,1.74,0.43,0.29,0.16,0.22,0.23,0.29,0.51
W 10.56 12.53 h=0 f=0.48 r=0.31 scan=1.51,0.96,0.50,0.33,0.31,0.39,0.41,0.81,1.93,0.50,0.27,0.24,0.21,0.21,0.27,0.36
W 11.38 12.49 h=355 f=0.51 r=0.30 scan=1.36,0.94,0.48,0.39,0.30,0.35,0.48,0.80,2.08,0.43,0.28,0.19,0.19,0.23,0.22,0.39
W 12.54 12.42 h=2 f=0.80 r=0.33 scan=1.14,1.08,0.47,0.38,0.33,0.37,0.47,0.77,2.31,0.58,0.30,0.12,0.11,0.17,0.20,0.68
W 13.40 12.39 h=1 f=0.59 r=0.36 scan=0.97,0.93,0.47,0.36,0.36,0.36,0.48,0.85,2.48,0.45,0.22,0.17,1.65,1.23,0.57,0.47
W 14.24 12.40 h=359 f=0.61 r=0.30 scan=0.81,0.88,0.45,0.40,0.30,0.39,0.54,0.98,2.50,0.34,0.94,0.73,1.22,0.68,0.42,0.49
W 15.06 12.39 h=358 f=0.48 r=0.35 scan=0.63,0.64,0.49,0.34,0.35,0.32,0.49,0.89,2.50,1.47,0.95,1.79,1.13,0.31,0.27,0.36
W 15.90 12.42 h=4 f=0.47 r=0.32 scan=0.47,0.45,0.49,0.34,0.32,0.38,0.43,0.91,2.50,2.21,0.94,1.26,0.20,0.20,0.23,0.46
W 15.49 12.85 h=154 f=0.61 r=0.20 scan=0.75,2.50,1.73,1.13,0.20,0.18,0.15,0.19,0.37,0.36,0.37,0.46,0.43,0.33,0.35,0.49
W 14.74 13.14 h=170 f=0.69 r=0.44 scan=2.50,2.50,1.13,1.99,0.44,0.26,0.28,0.52,0.52,0.47,0.51,0.29,0.27,0.27,0.34,0.57
W 13.73 13.03 h=201 f=0.46 r=0.45 scan=0.46,1.06,0.80,1.25,0.45,0.30,0.46,0.72,0.75,0.41,0.33,0.31,0.33,0.42,0.68,2.50
W 13.09 12.50 h=218 f=0.42 r=0.43 scan=2.12,0.78,1.64,1.12,0.43,0.36,0.80,0.83,0.57,0.43,0.34,0.43,0.51,0.79,2.50,0.30
W 12.59 12.17 h=212 f=0.40 r=0.88 scan=1.83,0.74,0.64,1.12,0.88,0.42,0.37,0.87,0.94,0.56,0.40,0.42,0.46,0.67,1.51,0.28
W 12.05 12.24 h=153 f=0.68 r=0.70 scan=0.95,2.50,0.17,2.14,0.70,1.57,1.11,0.60,0.44,0.63,0.91,0.63,0.54,0.47,0.47,0.56
W 11.45 12.79 h=126 f=0.43 r=0.23 scan=0.43,0.62,2.06,0.76,0.23,0.18,0.20,1.26,0.85,0.58,1.00,0.99,0.54,0.38,0.35,0.32
W 10.80 13.24 h=151 f=0.46 r=0.35 scan=0.49,1.93,0.93,0.39,0.35,0.22,0.27,0.99,0.70,1.10,1.11,0.37,0.30,0.24,0.31,0.34
W 10.02 13.49 h=170 f=0.48 r=0.35 scan=1.09,1.70,0.57,0.32,0.35,0.26,0.36,0.85,1.24,0.86,0.37,0.23,0.25,0.20,0.23,0.36
W 9.20 13.62 h=170 f=0.49 r=0.32 scan=1.08,1.53,0.49,0.41,0.32,0.39,0.36,1.02,1.40,0.62,0.32,0.19,0.17,0.20,0.23,0.37
W 8.38 13.72 h=175 f=0.55 r=0.36 scan=1.91,1.28,0.50,0.38,0.36,0.36,0.49,1.18,1.60,0.48,0.25,0.18,0.15,0.21,0.23,0.43
W 7.56 13.74 h=182 f=0.63 r=0.36 scan=1.76,1.11,0.45,0.37,0.36,0.39,0.46,1.33,1.71,0.38,0.21,0.21,0.16,0.14,0.25,0.51
W 6.74 13.75 h=180 f=0.56 r=0.36 scan=1.56,1.03,0.53,0.33,0.36,0.34,0.53,0.95,1.89,0.37,0.18,0.15,0.17,0.18,0.25,0.44
W 5.92 13.70 h=182 f=0.60 r=0.31 scan=1.37,0.84,0.44,0.35,0.31,0.39,0.57,0.94,1.68,0.30,0.24,0.20,0.18,0.25,0.28,0.48
W 5.06 13.65 h=180 f=0.79 r=0.35 scan=1.23,0.80,0.47,0.35,0.35,0.34,0.50,1.05,2.23,0.41,0.25,0.23,0.20,0.20,0.26,0.67
W 4.16 13.60 h=184 f=0.80 r=0.33 scan=1.02,1.16,0.54,0.36,0.33,0.38,0.42,1.02,2.44,0.48,0.32,0.20,0.18,0.17,0.29,0.68
W 2.96 13.53 h=184 f=0.77 r=0.35 scan=0.77,0.90,0.44,0.37,0.35,0.36,0.48,0.85,2.50,0.58,0.26,0.22,0.21,0.29,0.34,0.65
W 2.14 13.48 h=187 f=0.58 r=0.35 scan=0.58,0.75,1.00,0.32,0.35,0.38,0.50,1.06,1.46,0.40,0.30,0.29,0.27,0.30,0.43,0.65
W 1.33 13.33 h=191 f=0.45 r=0.28 scan=0.45,0.59,0.90,0.77,0.28,0.38,0.51,1.55,1.15,0.43,0.36,0.27,0.27,0.37,0.42,0.47
W 0.77 12.85 h=242 f=0.63 r=0.51 scan=0.81,0.72,0.26,0.33,0.51,1.90,1.05,0.51,0.37,0.31,0.37,0.36,0.45,0.36,0.40,0.51
W 0.62 12.05 h=276 f=0.55 r=2.50 scan=0.55,1.23,0.14,0.43,2.50,0.86,0.64,0.51,0.49,0.49,0.45,0.34,0.35,0.41,0.61,0.63
W 0.98 11.33 h=303 f=0.62 r=1.04 scan=1.19,0.83,0.09,2.50,1.04,0.68,0.55,0.58,0.57,0.40,0.38,0.39,0.50,0.60,0.55,0.50
W 1.43 10.64 h=298 f=0.62 r=1.08 scan=1.19,0.81,1.08,2.50,1.08,0.70,0.57,0.57,0.57,0.44,0.38,0.37,0.48,0.61,0.56,0.50
FROZEN n=1
W 2.08 10.26 h=345 f=0.48 r=0.47 scan=0.48,2.50,0.85,0.63,0.47,0.49,0.50,0.33,0.29,0.30,0.34,0.55,2.50,0.55,1.27,0.94
W 2.77 10.14 h=11 f=0.57 r=0.51 scan=2.09,0.80,0.63,0.50,0.51,0.52,0.39,0.34,0.38,0.40,0.66,0.61,0.58,1.05,0.12,0.45
W 3.54 10.44 h=31 f=0.65 r=0.51 scan=0.97,0.53,0.48,0.45,0.51,0.58,0.52,0.50,0.54,0.82,0.14,0.13,0.14,0.26,0.37,2.50
W 4.30 10.80 h=26 f=0.56 r=0.40 scan=0.84,0.45,0.37,0.39,0.40,0.56,0.71,0.64,0.71,0.27,0.22,0.24,0.25,0.28,0.60,2.50
W 5.09 11.03 h=7 f=0.72 r=0.31 scan=1.84,0.60,0.34,0.27,0.31,0.38,0.51,0.86,0.83,1.03,0.35,0.29,0.26,0.29,0.40,0.83
W 5.91 11.05 h=359 f=0.54 r=0.29 scan=2.47,0.93,0.45,0.30,0.29,0.27,0.44,0.70,0.98,1.04,0.46,0.27,0.28,0.24,0.35,0.42
W 6.74 10.93 h=347 f=0.43 r=0.32 scan=1.12,1.49,0.56,0.39,0.32,0.30,0.36,0.62,1.18,1.22,0.42,0.26,0.21,0.25,0.24,0.31
W 7.58 10.82 h=352 f=0.46 r=0.35 scan=1.85,1.08,0.48,0.40,0.35,0.37,0.42,0.79,1.34,0.78,0.28,0.25,0.18,0.15,0.20,0.34
W 8.40 10.77 h=0 f=0.61 r=0.33 scan=1.97,0.90,0.50,0.35,0.33,0.39,0.48,0.96,1.45,0.45,0.19,0.16,0.15,0.20,0.19,0.49
W 9.22 10.79 h=2 f=0.70 r=0.32 scan=1.84,0.78,0.45,0.39,0.32,0.40,0.56,1.08,1.65,0.52,0.22,0.20,0.12,0.17,0.28,0.58
W 10.07 10.80 h=358 f=0.58 r=0.35 scan=1.64,0.88,0.42,0.35,0.35,0.33,0.50,0.83,1.80,0.40,0.20,0.21,0.22,0.19,0.26,0.46
W 10.89 10.79 h=0 f=0.47 r=0.32 scan=1.50,0.74,0.47,0.31,0.32,0.39,0.42,0.89,1.97,0.34,0.29,0.20,0.20,0.17,0.29,0.35
W 11.97 10.79 h=360 f=0.96 r=0.34 scan=1.25,0.86,0.50,0.36,0.34,0.34,0.46,0.85,2.17,0.50,0.22,0.20,0.21,0.13,0.21,0.84
W 13.09 10.75 h=353 f=0.70 r=0.32 scan=1.03,1.04,0.54,0.40,0.32,0.37,0.42,0.78,2.44,0.56,0.18,0.18,0.20,1.21,0.80,0.58
W 13.93 10.72 h=0 f=0.63 r=0.37 scan=0.87,0.90,0.45,0.34,0.37,0.36,0.50,0.93,2.50,0.31,0.23,0.79,1.17,1.01,0.48,0.51
W 14.75 10.71 h=358 f=0.51 r=0.37 scan=0.70,0.69,0.44,0.36,0.37,0.35,0.46,0.82,2.50,0.42,0.97,0.77,1.21,0.40,0.29,0.39
W 15.59 10.69 h=1 f=0.53 r=0.33 scan=0.53,0.53,0.51,0.33,0.33,0.40,0.50,0.86,2.50,1.60,1.00,1.79,0.30,0.21,0.25,0.50
W 15.36 11.06 h=158 f=0.58 r=0.22 scan=0.93,2.50,1.73,1.00,0.22,0.20,0.16,0.20,2.50,0.39,0.37,0.50,0.41,0.32,0.35,0.46
W 14.57 11.29 h=177 f=0.70 r=0.41 scan=2.50,0.58,1.05,1.90,0.41,0.23,0.30,0.53,0.56,0.52,0.48,0.30,0.28,0.35,0.33,0.79
W 13.46 11.06 h=212 f=0.98 r=0.40 scan=2.10,0.90,1.70,1.20,0.40,0.39,0.72,0.73,0.64,0.37,0.37,0.34,0.42,0.60,1.80,0.86
W 12.66 10.53 h=202 f=0.89 r=0.90 scan=1.26,0.77,0.66,1.14,0.90,0.41,0.36,0.85,0.93,0.56,0.47,0.45,0.46,0.60,1.26,1.21
W 11.92 10.82 h=143 f=0.60 r=0.14 scan=0.65,1.44,0.81,0.20,0.14,0.70,1.16,0.99,0.51,0.43,1.00,0.92,0.53,0.43,0.40,0.48
W 11.36 11.37 h=152 f=0.49 r=0.19 scan=0.73,2.45,0.72,0.39,0.19,0.20,1.23,0.81,0.59,1.03,1.00,0.51,0.38,0.29,0.32,0.37
W 10.63 11.76 h=166 f=0.97 r=0.24 scan=0.97,2.37,0.63,0.36,0.24,0.25,0.29,0.77,1.14,1.14,0.40,0.31,0.23,0.26,0.27,2.50
W 9.84 11.97 h=167 f=0.52 r=0.31 scan=0.98,2.21,0.53,0.39,0.31,0.36,0.33,0.92,1.30,0.89,0.33,0.28,0.19,0.17,0.22,0.40
W 9.03 12.13 h=174 f=0.43 r=0.36 scan=1.04,1.49,0.58,0.43,0.36,0.37,0.41,1.07,1.51,0.67,0.22,0.16,0.18,0.16,0.21,0.31
W 8.17 12.16 h=183 f=0.51 r=0.39 scan=1.83,0.96,0.47,0.34,0.39,0.41,0.55,1.27,1.61,0.30,0.22,0.17,0.18,0.17,0.16,0.39
W 7.35 12.17 h=177 f=0.60 r=0.30 scan=1.66,1.08,0.45,0.37,0.30,0.43,2.50,0.90,1.77,0.40,0.26,0.14,0.12,0.16,0.25,0.48
W 6.52 12.14 h=182 f=0.63 r=0.33 scan=1.47,0.89,0.49,0.33,0.33,0.36,0.57,1.57,1.22,0.41,0.20,0.19,0.20,0.17,0.33,0.51
W 5.63 12.07 h=186 f=0.83 r=0.29 scan=1.29,0.83,0.46,0.39,0.29,0.34,0.44,1.00,2.16,0.36,0.25,0.21,0.22,0.25,0.24,0.71
W 4.75 12.02 h=184 f=0.79 r=0.35 scan=1.10,1.29,0.47,0.35,0.35,0.35,0.43,0.97,2.35,0.47,0.31,0.23,0.16,0.20,0.25,0.67
W 3.58 11.95 h=186 f=0.83 r=0.33 scan=0.86,0.99,0.44,0.38,0.33,0.35,0.49,0.83,2.50,0.51,0.25,0.20,0.16,0.26,0.38,0.71
W 2.64 11.91 h=185 f=0.68 r=0.38 scan=0.68,2.50,1.07,0.35,0.38,0.35,0.44,0.96,2.01,0.44,0.25,0.26,0.26,0.28,0.34,0.60
W 1.82 11.80 h=192 f=0.53 r=0.31 scan=0.53,0.68,0.95,0.29,0.31,0.40,0.52,1.18,1.12,0.39,0.34,0.27,0.27,0.32,0.42,0.57
W 1.01 11.44 h=238 f=0.62 r=0.53 scan=0.75,0.81,1.29,0.36,0.53,1.28,1.23,0.48,0.34,0.28,0.30,0.34,0.43,0.42,0.37,0.50
W 0.74 10.65 h=266 f=0.58 r=1.31 scan=0.58,1.13,0.90,0.41,1.31,1.29,0.65,0.48,0.44,0.44,0.49,0.36,0.34,0.37,0.54,0.64
W 1.06 9.86 h=308 f=0.63 r=0.87 scan=1.01,1.03,0.28,2.35,0.87,0.68,0.56,0.57,0.63,0.41,0.38,0.38,0.51,0.56,0.52,0.51
W 1.67 9.01 h=308 f=0.61 r=0.86 scan=1.02,1.06,0.28,2.33,0.86,0.65,0.55,0.59,0.62,0.42,0.36,0.38,0.51,0.57,0.50,0.49
FROZEN n=1
W 2.03 8.01 h=266 f=0.58 r=2.50 scan=0.58,1.11,0.88,0.39,2.50,1.18,0.63,0.51,0.46,0.45,0.48,0.32,0.33,0.38,0.54,0.65
W 2.41 7.17 h=304 f=0.65 r=0.88 scan=1.01,1.03,1.14,2.35,0.88,0.67,0.57,0.57,0.62,0.39,0.38,0.40,0.53,0.58,0.53,0.53
W 3.07 6.28 h=308 f=0.63 r=0.85 scan=1.00,1.04,0.29,2.12,0.85,0.68,0.56,0.57,0.61,0.38,0.37,0.39,0.52,0.56,0.50,0.51
FROZEN n=2
W 4.27 5.51 h=345 f=0.92 r=0.57 scan=1.07,2.50,1.13,0.70,0.57,0.58,0.59,0.44,0.39,0.39,0.46,0.64,0.56,0.48,1.16,0.80
W 5.57 5.38 h=343 f=0.92 r=0.56 scan=1.07,2.50,1.11,0.66,0.56,0.56,0.57,0.46,0.36,0.39,0.45,0.63,0.55,0.50,1.16,0.80
W 6.88 5.30 h=340 f=0.92 r=0.58 scan=1.20,0.94,1.32,0.68,0.58,0.54,0.53,0.54,0.36,0.39,0.39,0.57,0.58,2.50,1.08,0.80
W 7.61 5.15 h=358 f=0.66 r=0.54 scan=0.66,1.35,0.70,0.60,0.54,0.54,0.55,0.37,0.39,0.38,0.54,0.59,0.49,1.03,0.82,1.21
W 8.43 4.93 h=334 f=0.55 r=0.64 scan=1.12,0.43,1.62,0.75,0.64,0.53,0.57,0.57,0.39,0.38,0.40,0.55,0.60,0.50,1.05,0.95
W 9.19 5.15 h=26 f=0.76 r=0.52 scan=1.08,0.64,0.50,0.49,0.52,0.56,0.38,0.41,0.43,0.65,0.62,0.56,1.19,0.12,0.35,2.50
W 9.90 5.57 h=32 f=0.59 r=0.50 scan=0.66,0.47,0.43,0.42,0.50,0.64,0.52,0.56,0.70,0.78,0.16,0.14,0.21,0.29,0.73,2.15
W 10.61 5.98 h=25 f=0.49 r=0.36 scan=0.75,0.38,0.35,0.34,0.36,0.53,0.72,0.66,0.76,0.32,0.26,0.29,0.28,0.34,0.64,2.50
W 11.40 6.21 h=5 f=0.70 r=0.25 scan=2.19,0.58,0.30,0.23,0.25,0.34,0.43,0.78,0.81,0.94,0.39,0.33,0.26,0.29,0.46,0.81
W 12.21 6.17 h=349 f=0.52 r=0.26 scan=1.26,1.13,0.45,0.33,0.26,0.25,0.32,0.55,1.05,1.04,0.48,0.34,0.28,0.23,0.36,0.40
W 13.01 5.95 h=347 f=0.40 r=0.36 scan=0.84,1.94,0.55,0.39,0.36,0.29,0.35,0.58,1.09,1.19,0.54,0.28,0.23,0.25,0.23,0.28
W 13.82 5.80 h=357 f=0.44 r=0.36 scan=1.82,1.09,0.56,0.41,0.36,0.38,0.40,0.80,1.36,0.77,0.28,0.26,0.14,0.14,0.19,0.32
W 14.64 5.75 h=357 f=0.62 r=0.37 scan=1.98,0.90,0.51,0.35,0.37,0.40,0.49,0.97,1.46,0.45,0.17,0.17,0.14,0.18,0.19,0.50
W 15.46 5.78 h=4 f=0.71 r=0.30 scan=1.81,0.77,0.45,0.40,0.30,0.40,0.54,1.13,1.66,0.32,0.22,0.17,0.14,0.21,0.27,0.59
W 16.28 5.79 h=2 f=0.56 r=0.34 scan=1.67,0.87,0.42,0.36,0.34,0.34,0.49,0.84,1.81,0.42,0.19,0.23,0.20,0.21,0.27,0.44
W 17.11 5.79 h=0 f=0.46 r=0.32 scan=1.50,0.74,0.48,0.31,0.32,0.38,0.43,0.90,1.97,0.35,0.30,0.21,0.19,0.20,0.32,0.34
W 18.17 5.77 h=357 f=0.93 r=0.35 scan=1.26,0.87,0.50,0.35,0.35,0.34,0.45,0.85,2.22,0.50,0.27,0.22,0.21,0.16,0.21,0.81
W 19.27 5.74 h=0 f=0.70 r=0.33 scan=1.04,0.99,0.53,0.40,0.33,0.37,0.43,0.77,2.40,0.57,0.19,0.19,0.17,1.23,0.78,0.58
W 20.10 5.73 h=360 f=0.66 r=0.35 scan=0.88,0.89,0.43,0.31,0.35,0.35,0.53,0.93,2.50,0.32,0.24,0.81,1.19,1.00,0.47,0.54
W 20.92 5.71 h=359 f=0.54 r=0.35 scan=0.68,0.70,0.46,0.35,0.35,0.32,0.46,0.73,2.50,0.44,1.03,0.79,1.23,0.41,0.28,0.42
W 21.74 5.68 h=1 f=0.56 r=0.33 scan=0.56,0.52,0.54,0.32,0.33,0.39,0.50,0.83,2.50,1.57,1.03,1.78,0.35,0.21,0.25,0.48
W 21.61 6.06 h=156 f=0.61 r=0.19 scan=0.80,2.50,1.73,1.04,0.19,0.20,0.17,0.20,0.38,0.37,0.38,0.49,0.43,0.29,0.36,0.49
W 20.83 6.32 h=176 f=0.72 r=0.42 scan=2.50,0.60,1.07,1.92,0.42,0.25,0.30,0.52,0.54,2.50,0.49,0.30,0.27,0.36,0.35,2.50
W 19.82 6.17 h=204 f=0.40 r=0.43 scan=0.40,0.91,0.77,1.19,0.43,0.30,0.47,0.74,0.78,0.42,0.36,0.30,0.39,0.45,0.86,2.50
W 19.18 5.70 h=211 f=0.44 r=0.63 scan=1.94,0.77,1.64,1.09,0.63,0.39,0.51,0.85,0.82,0.47,0.39,0.43,0.44,0.65,1.76,0.32
W 18.52 5.21 h=234 f=0.69 r=0.45 scan=0.70,0.57,1.11,0.88,0.45,0.41,0.92,0.95,0.55,0.44,0.46,0.56,0.75,1.68,0.21,1.87
W 18.15 4.49 h=253 f=0.59 r=0.42 scan=0.59,1.11,0.88,0.42,0.42,0.90,0.95,0.55,0.41,0.46,0.56,0.73,1.65,0.21,1.84,0.68
W 18.02 3.44 h=272 f=0.75 r=0.87 scan=1.06,0.95,0.47,0.42,0.87,0.96,0.63,0.44,0.47,0.49,0.63,1.41,0.24,1.19,0.77,0.63
W 18.06 2.61 h=275 f=0.61 r=0.61 scan=0.99,0.83,0.52,0.40,0.61,0.99,0.69,0.53,0.56,0.66,0.87,0.15,1.09,1.83,0.61,0.49
W 18.22 1.42 h=276 f=0.78 r=0.29 scan=0.78,0.76,0.42,0.38,0.29,0.42,1.02,0.85,0.82,0.34,0.47,1.06,1.15,0.48,0.29,1.26
W 18.31 0.61 h=277 f=0.60 r=0.35 scan=0.60,0.62,0.47,0.34,0.35,0.33,0.54,0.98,0.97,0.57,0.77,1.17,0.46,0.70,1.11,1.11
W 18.39 -0.21 h=273 f=0.44 r=0.32 scan=0.44,0.41,0.40,2.50,0.32,0.34,0.43,1.18,1.14,0.76,0.93,0.28,0.72,0.72,0.99,0.43
W 18.83 -0.82 h=314 f=0.40 r=0.44 scan=0.41,0.29,0.33,0.31,0.44,1.27,1.19,0.79,1.01,0.40,0.71,0.75,1.04,0.32,0.33,0.28
W 18.40 -1.37 h=212 f=0.76 r=0.27 scan=0.78,0.95,0.29,0.29,0.27,0.38,0.29,0.33,0.34,0.51,1.29,1.28,0.86,0.41,0.77,0.64
W 17.63 -1.63 h=190 f=0.53 r=0.19 scan=0.53,0.60,0.87,0.72,0.19,0.28,0.31,0.44,0.49,0.52,0.70,1.37,0.85,0.33,0.58,0.60
W 16.86 -1.89 h=214 f=0.45 r=0.82 scan=0.45,0.78,0.62,0.66,0.82,0.27,2.50,0.63,0.70,1.63,0.34,0.33,0.46,0.52,0.37,0.38
W 16.30 -2.49 h=237 f=0.41 r=0.89 scan=0.45,0.52,0.57,0.67,0.89,0.78,0.71,0.83,1.82,0.45,0.49,0.55,0.30,0.28,0.27,0.29
W 16.81 -3.01 h=329 f=0.74 r=1.83 scan=0.84,0.77,0.73,0.83,1.83,0.52,0.55,0.57,0.31,0.27,0.28,0.43,0.58,0.46,0.52,0.62
W 17.49 -2.93 h=42 f=0.75 r=0.63 scan=0.79,1.69,0.51,0.56,0.63,0.39,0.36,0.35,0.46,0.49,0.47,0.47,0.56,0.70,0.66,0.63
W 18.09 -2.37 h=46 f=0.70 r=0.62 scan=0.73,1.51,0.94,0.41,0.62,0.53,0.48,0.49,0.69,0.59,0.57,0.59,0.11,0.29,0.53,0.58
W 18.56 -1.70 h=67 f=0.69 r=0.67 scan=1.41,1.33,0.29,0.34,0.67,0.56,0.61,0.79,0.74,0.20,0.25,0.30,0.47,0.41,0.46,0.57
W 18.68 -0.64 h=103 f=0.62 r=0.64 scan=0.62,0.68,1.15,0.26,0.64,0.73,1.11,0.45,0.47,0.46,0.44,0.41,0.39,0.45,1.31,1.07
W 18.19 0.02 h=133 f=0.66 r=0.12 scan=0.66,1.14,1.03,0.29,0.12,1.16,1.04,0.62,0.65,0.54,0.45,0.44,1.33,2.50,0.97,0.56
W 17.90 0.85 h=76 f=0.48 r=1.00 scan=0.87,0.36,0.38,0.57,1.00,0.96,0.31,0.29,0.21,0.20,0.75,0.70,0.54,0.51,0.61,1.04
W 18.40 1.78 h=52 f=0.79 r=0.32 scan=0.84,0.67,0.69,0.19,0.32,0.55,1.08,1.71,0.48,0.35,0.82,0.92,0.58,0.46,0.44,1.05
W 19.02 2.43 h=46 f=0.67 r=0.85 scan=0.67,0.61,0.57,0.61,0.85,0.16,1.14,1.89,0.66,1.51,1.00,0.76,0.34,0.33,0.54,0.89
W 19.47 3.12 h=56 f=0.45 r=0.83 scan=0.45,0.42,0.43,0.49,0.83,2.50,0.36,2.20,0.72,1.12,0.94,0.35,0.27,0.73,0.75,0.73
W 20.08 3.60 h=22 f=0.53 r=0.31 scan=0.68,0.41,0.32,0.33,0.31,0.44,0.73,2.50,0.47,0.98,1.88,1.16,0.37,0.29,0.42,0.65
W 20.88 3.75 h=4 f=0.50 r=0.28 scan=0.50,0.53,0.40,0.27,0.28,0.36,0.38,0.84,2.50,2.22,1.03,1.29,0.26,0.29,0.31,0.50
W 20.58 4.06 h=162 f=0.58 r=0.27 scan=0.96,2.50,2.42,1.72,0.27,0.22,0.22,0.37,0.34,0.38,0.34,0.39,0.32,0.26,0.29,0.46
W 19.80 4.29 h=174 f=0.65 r=0.44 scan=2.50,0.69,1.16,2.03,0.44,0.30,0.34,0.54,0.55,0.48,0.45,0.25,0.24,0.24,0.31,0.53
W 18.81 4.15 h=197 f=0.71 r=0.46 scan=0.71,2.48,0.84,1.29,0.46,0.34,0.49,0.73,0.72,0.38,0.27,0.31,0.25,0.38,0.64,2.50
W 18.21 3.67 h=230 f=0.42 r=0.40 scan=0.83,0.71,1.18,0.65,0.40,0.53,0.83,0.80,0.43,0.39,0.38,0.41,0.58,1.28,1.22,0.30
W 17.82 3.16 h=242 f=0.75 r=0.42 scan=0.75,1.62,1.09,0.62,0.42,0.56,0.87,0.64,0.51,0.42,0.44,0.56,0.91,2.50,0.27,2.06
W 17.53 2.39 h=260 f=0.71 r=0.41 scan=1.48,0.97,0.77,0.45,0.41,0.96,1.01,0.65,0.58,0.58,0.67,0.14,0.33,1.17,1.93,0.59
W 17.51 1.57 h=274 f=0.42 r=0.37 scan=0.78,0.86,0.56,0.43,0.37,0.46,0.93,0.82,0.74,0.27,0.39,0.74,1.13,0.63,0.44,0.30
W 17.64 0.76 h=284 f=0.66 r=0.37 scan=0.66,0.69,0.48,0.36,0.37,0.47,1.01,0.87,0.42,0.52,0.73,1.11,0.42,0.21,1.12,1.11
W 17.85 -0.03 h=281 f=0.49 r=0.35 scan=0.49,0.56,0.42,0.35,0.35,0.40,1.27,1.07,0.58,0.68,1.15,0.26,0.67,0.80,1.12,0.44
W 17.82 -0.81 h=247 f=0.47 r=0.35 scan=0.91,0.35,0.36,0.42,0.35,0.37,0.34,0.47,1.27,1.16,0.73,0.92,0.32,0.70,0.67,0.95
W 17.31 -1.42 h=214 f=0.64 r=0.30 scan=0.64,0.88,0.72,0.22,0.30,0.32,0.42,0.45,0.49,0.67,1.36,0.83,0.33,0.58,0.60,0.54
W 16.59 -1.82 h=209 f=0.45 r=0.67 scan=0.45,0.64,0.61,0.62,0.67,0.21,0.40,0.58,0.64,0.84,1.47,0.35,0.39,0.58,0.41,0.40
W 15.95 -2.34 h=223 f=0.41 r=0.80 scan=0.47,0.59,0.53,0.56,0.80,0.84,0.54,0.81,0.95,0.49,0.41,0.50,0.45,0.27,0.27,0.29
W 16.37 -2.86 h=325 f=0.69 r=1.18 scan=0.84,0.83,0.70,0.83,1.18,0.52,0.50,0.58,2.50,0.26,0.28,0.28,0.45,0.50,0.51,0.57
W 17.13 -2.85 h=41 f=0.77 r=0.62 scan=0.81,1.69,0.54,0.61,0.62,0.38,0.37,0.40,0.49,0.45,0.46,0.49,0.60,0.67,0.64,0.65
W 17.68 -2.24 h=48 f=0.71 r=0.66 scan=0.77,1.51,0.42,0.41,0.66,0.48,0.47,0.52,0.75,0.59,0.56,0.62,0.10,0.29,0.50,0.59
W 18.15 -1.57 h=66 f=0.69 r=0.66 scan=1.41,1.34,0.28,0.33,0.66,0.53,0.61,0.78,0.74,0.21,0.23,0.30,0.45,0.41,0.45,0.57
W 18.30 -0.54 h=103 f=0.60 r=0.64 scan=0.60,0.68,1.15,0.27,0.64,0.74,1.10,0.41,0.46,0.44,0.42,0.41,0.37,0.46,1.34,1.11
W 17.80 0.14 h=138 f=0.67 r=0.09 scan=0.69,1.12,0.39,0.16,0.09,1.07,0.56,0.60,0.58,0.50,0.47,0.42,1.30,1.04,0.96,0.55
W 17.48 0.99 h=77 f=0.49 r=0.94 scan=0.90,0.38,0.36,0.56,0.94,1.19,0.31,0.29,0.18,0.68,0.75,0.68,0.55,0.49,1.21,1.01
W 18.07 1.92 h=43 f=0.89 r=0.31 scan=0.96,0.77,0.71,0.20,0.31,0.38,1.00,1.70,0.46,0.37,0.83,0.85,0.68,0.50,0.42,1.06
W 18.85 2.63 h=48 f=0.67 r=0.85 scan=0.67,0.59,0.56,0.58,0.85,1.78,1.17,1.93,0.70,1.49,0.96,0.70,0.30,0.31,0.48,0.85
W 19.33 3.30 h=52 f=0.46 r=0.70 scan=0.46,0.41,0.37,0.49,0.70,1.84,0.41,2.12,0.80,1.16,1.10,0.32,0.22,0.41,0.73,0.76
W 19.60 2.90 h=263 f=0.46 r=0.63 scan=1.23,0.34,0.29,0.42,0.63,0.61,0.48,0.34,0.28,0.34,0.41,0.72,2.50,0.53,1.07,1.92
W 19.21 1.79 h=237 f=0.93 r=0.20 scan=1.56,1.00,0.78,0.22,0.20,0.18,0.70,0.85,0.57,0.52,0.51,0.62,1.00,0.49,1.40,0.81
W 18.69 1.16 h=232 f=0.49 r=0.40 scan=0.49,1.40,0.87,0.68,0.40,0.24,0.29,0.89,0.90,0.67,0.68,0.75,0.28,0.47,1.26,0.79
W 18.07 0.68 h=224 f=0.47 r=0.56 scan=0.47,1.38,0.77,0.80,0.56,0.42,0.34,0.43,1.07,0.78,0.74,0.29,0.42,0.62,1.14,1.75
W 17.31 0.44 h=188 f=0.53 r=0.74 scan=1.00,0.41,0.37,0.27,0.74,0.78,0.66,0.52,0.43,1.12,0.95,0.77,0.27,0.37,0.37,1.08
W 16.33 0.46 h=172 f=0.62 r=0.30 scan=0.77,0.82,0.40,0.25,0.30,0.27,0.89,0.82,0.71,0.72,1.33,0.32,0.33,0.25,0.38,0.51
W 15.54 0.66 h=160 f=0.46 r=0.30 scan=0.70,0.70,1.28,1.79,0.30,0.26,0.38,0.45,0.86,0.82,1.47,0.36,0.19,0.22,0.27,0.34
W 14.74 0.84 h=184 f=0.65 r=0.31 scan=2.50,0.53,1.38,0.86,0.31,0.31,0.50,1.12,0.97,0.53,0.24,0.24,0.17,0.23,0.27,0.54
W 13.85 0.60 h=226 f=0.48 r=0.39 scan=1.15,1.90,0.77,0.36,0.39,1.29,1.11,0.62,0.32,0.24,0.19,0.28,0.32,0.36,0.34,0.36
W 13.35 -0.02 h=239 f=0.78 r=0.38 scan=1.52,0.66,0.68,0.41,0.38,1.27,1.85,0.54,0.40,0.34,0.36,0.41,0.26,0.29,0.22,0.92
W 12.94 -0.73 h=240 f=0.64 r=0.36 scan=1.38,0.52,0.55,0.57,0.36,0.38,1.41,0.69,0.53,0.54,0.54,0.29,0.15,0.15,0.66,0.82
W 12.61 -1.48 h=248 f=0.47 r=0.51 scan=1.50,0.35,0.44,0.56,0.51,0.39,2.12,0.84,0.67,0.64,0.19,0.19,0.28,0.58,0.63,0.81
W 12.18 -2.29 h=232 f=0.67 r=0.37 scan=0.83,1.22,1.17,0.22,0.37,0.53,0.51,0.57,1.01,0.86,0.30,0.33,0.52,0.51,0.52,0.55
W 11.65 -2.92 h=232 f=0.59 r=0.79 scan=0.73,1.07,0.65,1.22,0.79,0.23,0.65,0.69,1.17,0.54,0.41,0.53,0.46,0.41,0.37,0.47
W 11.54 -3.91 h=280 f=0.47 r=0.40 scan=0.47,1.03,1.73,0.61,0.40,0.24,1.34,0.62,0.59,0.72,0.44,0.36,0.38,0.48,0.68,0.91
W 11.95 -4.84 h=305 f=0.81 r=0.56 scan=0.81,1.33,0.59,0.60,0.56,0.39,1.38,0.75,0.72,0.50,0.43,0.48,0.59,0.86,0.69,0.69
W 12.50 -5.45 h=315 f=0.72 r=0.58 scan=0.80,1.57,0.45,0.44,0.58,0.42,0.44,0.99,0.78,0.58,0.59,0.62,0.10,0.26,0.56,0.60
W 13.08 -6.03 h=316 f=0.59 r=0.57 scan=0.66,1.43,0.41,0.37,0.57,0.61,0.58,1.17,0.90,0.73,0.18,0.26,0.27,0.46,0.41,0.47
W 13.75 -6.50 h=330 f=0.62 r=0.38 scan=0.81,2.23,0.50,0.23,0.38,0.67,0.69,1.24,0.89,0.38,0.33,0.46,0.34,0.38,0.33,0.50
W 14.48 -6.89 h=323 f=0.47 r=0.23 scan=0.55,1.44,1.12,0.42,0.23,0.22,0.76,1.39,1.17,0.49,0.49,0.51,0.36,0.26,0.26,0.35
W 15.21 -7.22 h=340 f=0.51 r=0.31 scan=0.83,1.90,0.57,0.39,0.31,0.26,0.88,1.43,0.65,0.64,0.39,0.24,0.20,0.24,0.21,0.39
W 16.00 -7.46 h=346 f=0.43 r=0.34 scan=0.81,1.78,0.64,0.40,0.34,0.35,0.36,1.50,0.82,0.78,0.26,0.21,0.12,0.13,0.25,0.31
W 16.80 -7.57 h=4 f=0.66 r=0.34 scan=1.60,0.75,0.47,0.38,0.34,0.44,1.78,0.93,0.93,0.34,0.15,0.19,0.18,0.19,0.24,0.54
W 17.62 -7.50 h=8 f=0.68 r=0.33 scan=1.42,0.64,0.41,0.34,0.33,0.37,0.53,1.10,0.89,0.29,0.27,0.18,0.16,0.16,0.36,0.56
W 18.45 -7.45 h=0 f=0.57 r=0.34 scan=1.32,0.83,0.45,0.35,0.34,0.33,0.46,1.84,1.28,0.46,0.26,0.17,0.20,0.28,0.27,0.45
W 19.29 -7.47 h=357 f=0.60 r=0.29 scan=1.13,1.15,0.44,0.32,0.29,0.39,0.41,0.79,1.37,0.59,0.27,0.27,0.18,0.19,0.24,0.48
W 20.11 -7.53 h=355 f=0.52 r=0.30 scan=0.93,0.99,0.55,0.33,0.30,0.34,0.47,0.74,1.54,0.46,0.35,0.20,0.18,0.16,0.25,0.40
W 20.93 -7.61 h=354 f=0.44 r=0.32 scan=0.77,0.86,0.96,0.41,0.32,0.33,0.44,0.83,1.70,0.51,0.23,0.17,0.17,0.22,0.23,0.32
W 21.75 -7.63 h=5 f=0.65 r=0.39 scan=0.65,0.66,0.83,0.38,0.39,2.50,0.53,1.06,1.69,0.31,0.25,0.18,0.17,0.19,0.19,0.54
W 22.57 -7.49 h=18 f=0.40 r=0.35 scan=0.40,0.55,0.91,1.33,0.35,0.40,0.63,2.08,0.85,0.37,0.19,0.15,0.17,0.23,0.42,2.50
W 23.04 -6.85 h=66 f=0.63 r=0.50 scan=0.97,1.26,1.77,0.38,0.50,2.17,0.72,0.44,0.27,0.23,0.28,0.38,0.41,0.37,0.37,0.51
W 23.16 -5.82 h=100 f=0.86 r=2.23 scan=0.86,1.25,0.71,0.32,2.23,0.84,0.61,0.44,0.47,0.56,0.48,0.35,0.33,0.45,0.61,1.02
W 22.79 -4.67 h=111 f=0.90 r=0.53 scan=1.42,0.80,0.59,0.54,0.53,0.22,0.20,0.65,0.76,0.54,0.43,0.43,0.37,0.62,0.86,0.78
W 22.44 -3.83 h=109 f=0.79 r=0.51 scan=1.21,0.79,0.57,0.44,0.51,0.54,0.33,0.30,0.91,0.68,0.52,2.50,0.52,0.62,0.70,0.67
W 22.49 -2.91 h=51 f=0.73 r=0.60 scan=0.80,0.65,0.28,1.07,0.60,0.47,0.42,0.53,0.55,0.37,0.38,1.00,0.65,0.54,0.54,0.61
W 23.13 -2.41 h=33 f=0.61 r=0.89 scan=0.61,0.71,0.59,1.17,0.89,0.59,0.47,0.40,0.58,0.52,0.37,0.87,0.96,0.61,0.47,0.53
W 23.82 -1.96 h=35 f=0.61 r=0.85 scan=0.61,0.69,0.15,1.17,0.85,0.60,0.47,0.41,0.59,0.49,0.36,0.90,0.94,0.60,0.46,0.54
FROZEN n=1
W 24.56 -1.84 h=357 f=0.55 r=1.12 scan=0.55,0.67,0.88,0.27,1.12,1.10,0.53,0.39,0.31,0.32,0.48,0.44,0.32,0.36,0.99,0.66
W 25.32 -1.57 h=34 f=0.55 r=0.92 scan=0.55,0.69,0.60,0.11,0.92,0.62,0.54,0.46,0.62,0.46,0.37,0.94,0.72,0.56,0.41,0.49
W 26.02 -1.14 h=28 f=0.39 r=0.34 scan=0.39,0.57,0.51,0.52,0.34,0.30,0.16,0.61,0.77,0.57,1.01,1.02,0.67,0.43,0.32,0.34
W 25.12 -1.72 h=213 f=0.72 r=0.65 scan=0.78,0.60,1.02,1.01,0.65,0.39,0.30,0.33,0.37,0.55,0.51,0.51,0.36,0.32,0.18,0.65
W 24.65 -2.39 h=265 f=0.49 r=0.34 scan=0.84,0.94,0.62,0.49,0.34,0.44,0.53,0.67,0.62,0.41,0.15,0.69,0.57,0.56,0.62,0.37
W 23.96 -2.72 h=160 f=0.60 r=0.24 scan=0.60,0.51,0.58,0.28,0.24,0.73,0.84,0.54,0.43,0.38,0.45,0.60,0.75,0.72,1.35,0.78
W 23.22 -2.36 h=150 f=0.47 r=0.37 scan=0.47,0.37,0.41,0.53,0.37,0.28,0.86,0.91,0.61,0.53,0.59,0.80,0.76,0.32,1.21,0.63
W 22.55 -1.90 h=133 f=0.43 r=0.38 scan=0.43,0.31,0.28,0.23,0.38,0.49,0.41,0.40,1.06,0.77,0.70,0.20,0.26,0.54,1.08,0.79
W 22.14 -1.19 h=106 f=0.42 r=0.20 scan=0.81,0.30,0.25,0.22,0.20,0.24,0.27,0.61,0.56,1.24,0.88,0.29,0.24,0.41,1.61,0.96
W 22.11 -0.30 h=79 f=0.75 r=0.18 scan=0.75,0.75,0.39,0.22,0.18,0.21,0.26,0.33,0.78,0.71,1.39,0.36,0.24,0.32,0.35,1.49
W 22.44 0.54 h=67 f=0.73 r=0.31 scan=1.20,0.61,0.60,0.48,0.31,0.25,0.24,0.40,0.56,0.95,1.55,0.28,0.27,0.23,0.25,1.52
W 22.80 1.31 h=69 f=0.53 r=0.42 scan=1.02,0.41,0.45,0.48,0.42,0.34,0.40,0.46,0.75,1.06,0.35,0.22,0.18,0.69,0.70,1.35
W 23.19 2.09 h=52 f=0.76 r=0.39 scan=1.00,0.88,0.25,0.36,0.39,0.44,0.43,0.47,2.50,1.28,0.52,0.24,0.35,0.64,0.65,0.64
W 23.84 2.59 h=28 f=0.56 r=0.19 scan=1.12,0.88,0.71,0.32,0.19,0.25,0.55,0.61,0.62,0.87,1.43,0.34,0.34,0.52,0.50,0.44
W 24.55 2.89 h=29 f=0.44 r=0.35 scan=0.98,0.77,0.60,0.67,0.35,0.26,0.47,0.73,0.81,1.04,0.42,0.35,0.49,0.45,0.38,0.32
W 25.16 3.39 h=50 f=0.63 r=0.32 scan=0.63,0.53,0.56,0.59,0.32,0.33,0.78,0.90,1.20,0.47,0.48,0.54,0.35,0.19,0.23,0.86
W 25.67 4.04 h=50 f=0.46 r=0.52 scan=0.46,0.41,0.38,0.51,0.52,0.36,0.40,1.00,1.38,0.60,0.61,0.21,0.15,0.69,0.59,0.71
W 26.27 4.59 h=36 f=0.42 r=0.31 scan=0.42,0.30,0.30,0.29,0.31,0.57,0.53,0.54,1.23,0.85,0.76,2.38,0.87,0.63,0.49,0.55
W 27.18 4.43 h=297 f=0.59 r=0.38 scan=0.80,0.47,0.33,0.37,0.38,0.29,0.25,0.19,0.25,0.31,0.71,0.63,1.31,1.71,0.45,2.50
W 27.43 3.65 h=282 f=0.55 r=0.29 scan=1.46,0.43,0.38,0.29,0.29,0.41,0.41,0.45,0.36,0.46,0.77,0.70,1.25,0.23,0.36,1.13
W 27.51 2.83 h=266 f=0.59 r=0.28 scan=2.50,0.80,0.45,0.30,0.28,0.29,0.33,0.58,0.56,0.60,0.84,0.78,0.23,0.25,0.26,0.47
W 27.45 1.99 h=264 f=0.51 r=0.20 scan=1.56,1.15,0.44,0.36,0.20,0.34,0.37,0.64,0.74,0.75,0.97,0.27,0.19,0.19,0.28,0.39
W 27.30 1.18 h=259 f=0.40 r=0.33 scan=1.19,1.32,0.53,0.34,0.33,0.32,0.43,0.56,0.91,0.89,0.32,0.17,0.18,0.17,0.18,0.28
W 27.27 0.36 h=269 f=0.59 r=0.30 scan=2.50,0.86,0.43,0.37,0.30,0.37,0.39,0.73,1.01,0.51,0.25,0.15,0.15,0.16,2.50,0.47
W 27.23 -0.46 h=266 f=0.67 r=0.35 scan=2.50,0.97,0.44,0.34,0.35,0.35,0.48,0.79,1.21,0.42,0.22,0.15,0.16,0.18,0.21,0.55
W 27.20 -1.28 h=267 f=0.55 r=0.32 scan=2.50,0.88,0.52,0.33,0.32,0.38,0.45,0.89,1.34,0.38,0.21,0.18,0.14,0.17,0.23,0.43
W 27.17 -2.10 h=264 f=0.43 r=0.31 scan=2.50,1.05,0.47,0.39,0.31,0.33,0.48,0.78,1.57,0.39,0.21,0.18,0.16,0.22,0.25,0.32
W 27.11 -2.92 h=268 f=0.52 r=0.38 scan=2.50,0.94,0.48,0.37,0.38,0.35,0.46,0.92,1.68,0.37,0.23,0.21,0.22,0.15,0.19,0.40
W 27.12 -3.76 h=271 f=0.54 r=0.35 scan=2.50,0.75,0.43,0.35,0.35,0.41,0.50,1.09,1.89,0.33,0.28,0.14,0.16,0.20,0.23,0.42
W 27.16 -4.58 h=269 f=0.57 r=0.31 scan=2.43,0.86,0.49,0.34,0.31,0.34,0.50,0.93,2.03,0.48,0.23,0.21,0.17,0.21,0.27,0.45
W 27.19 -5.41 h=274 f=0.55 r=0.29 scan=2.24,0.76,0.47,0.41,0.29,0.35,0.46,1.05,2.22,0.36,0.23,0.19,0.20,0.17,0.27,0.43
FROZEN n=1
W 27.14 -6.19 h=254 f=0.45 r=0.35 scan=0.90,1.96,0.57,0.39,0.35,0.26,0.33,0.44,1.15,1.42,0.40,0.27,0.27,0.20,0.20,0.33
W 26.98 -7.00 h=258 f=0.54 r=0.33 scan=1.06,1.32,0.58,0.36,0.33,0.36,0.35,0.53,1.62,0.85,0.34,0.15,0.15,0.19,0.22,0.42
W 26.87 -7.82 h=263 f=0.43 r=0.34 scan=1.90,1.18,2.50,0.40,0.34,0.36,0.47,2.50,2.50,0.62,0.24,0.17,0.14,0.12,0.25,0.31
W 26.80 -8.64 h=267 f=0.50 r=2.50 scan=1.74,1.00,0.50,0.39,2.50,0.36,0.52,0.79,2.50,0.38,0.18,0.18,0.20,0.15,0.19,0.38
W 26.79 -9.46 h=270 f=0.59 r=0.36 scan=1.59,0.90,0.56,0.37,0.36,0.40,0.49,0.93,2.50,0.29,0.27,0.12,0.16,0.19,0.24,0.47
W 26.83 -10.44 h=276 f=0.82 r=0.33 scan=1.38,0.70,0.45,0.33,0.33,0.38,0.52,0.92,2.30,0.45,0.26,0.20,0.16,0.19,0.30,0.99
W 26.89 -11.86 h=275 f=0.82 r=0.33 scan=1.07,0.81,0.44,0.38,0.33,0.35,0.47,1.01,2.50,0.48,0.28,0.23,0.18,0.18,0.84,0.70
W 26.89 -12.69 h=268 f=0.62 r=0.36 scan=0.93,0.97,0.47,0.36,0.36,0.34,0.47,0.87,2.50,0.44,0.29,0.19,1.34,1.18,0.57,0.50
W 26.88 -13.79 h=267 f=0.72 r=0.29 scan=0.72,0.78,0.50,0.36,0.29,0.38,0.47,0.71,2.50,0.60,0.43,0.73,2.50,0.62,0.39,0.76
W 26.83 -14.64 h=265 f=0.54 r=0.34 scan=0.54,0.52,0.49,0.37,0.34,0.35,0.48,0.80,2.50,0.51,0.69,1.17,2.50,0.21,0.79,0.59
W 26.45 -15.57 h=208 f=0.60 r=0.41 scan=0.74,0.48,0.40,0.36,0.41,0.49,0.32,0.36,0.39,0.60,1.17,1.29,0.78,0.97,0.26,1.69
W 25.68 -15.87 h=193 f=0.63 r=0.32 scan=1.09,0.51,0.35,0.28,0.32,0.36,0.58,0.47,0.52,0.60,1.06,2.50,0.14,0.17,0.36,1.23
W 24.87 -15.97 h=183 f=0.63 r=0.29 scan=1.35,0.63,0.39,0.25,0.29,0.28,0.44,0.74,0.67,0.74,1.01,0.16,0.17,0.23,0.25,0.51
W 24.05 -15.91 h=174 f=0.46 r=0.33 scan=1.01,1.18,0.46,0.35,0.33,0.27,0.38,0.58,0.81,0.85,0.23,0.25,0.17,0.19,0.24,0.34
W 23.24 -15.84 h=179 f=0.43 r=0.31 scan=0.97,0.93,0.38,0.36,0.31,0.34,0.43,0.76,0.99,0.35,0.21,0.20,0.20,0.20,0.23,0.31
W 22.40 -15.81 h=176 f=0.49 r=0.32 scan=0.81,0.87,0.43,0.32,0.32,0.32,0.44,0.69,1.13,0.49,0.26,0.19,0.16,0.11,0.16,0.37
W 21.57 -15.74 h=174 f=0.47 r=0.32 scan=0.66,0.72,0.61,0.34,0.32,0.30,0.41,0.59,1.29,0.47,0.16,0.11,0.09,0.14,0.19,0.35
W 20.75 -15.69 h=177 f=0.41 r=0.30 scan=0.46,0.58,0.52,0.34,0.30,0.37,0.50,0.76,1.49,0.26,0.19,0.16,0.12,0.13,0.20,0.29
W 20.93 -15.86 h=332 f=0.50 r=0.15 scan=0.76,1.50,0.26,0.20,0.15,0.13,0.15,0.18,0.26,0.45,0.55,0.58,0.46,0.32,0.36,0.38
W 21.63 -16.33 h=342 f=0.57 r=0.21 scan=0.91,1.43,0.49,0.21,0.21,0.22,0.25,0.37,0.61,0.60,0.55,0.31,0.25,0.29,0.27,0.45
W 22.46 -16.69 h=344 f=0.45 r=0.24 scan=0.73,1.29,0.51,0.38,0.24,0.25,0.34,0.50,0.71,0.71,0.34,0.24,0.19,0.16,0.25,0.33
W 23.26 -16.84 h=352 f=0.45 r=0.32 scan=1.16,1.18,0.52,0.38,0.32,0.26,0.38,0.63,0.85,0.77,0.29,0.19,0.20,0.18,0.20,0.33
W 24.07 -16.89 h=5 f=0.57 r=0.35 scan=0.95,1.09,0.43,0.32,0.35,0.34,0.43,0.88,1.00,0.27,0.25,0.16,0.15,0.19,0.23,0.45
W 24.89 -16.88 h=357 f=0.44 r=0.33 scan=0.82,0.85,1.12,0.33,0.33,0.37,0.45,0.74,1.21,0.42,0.22,0.19,0.16,0.12,0.21,0.32
W 25.71 -16.88 h=360 f=0.51 r=0.27 scan=0.64,0.69,1.01,0.31,0.27,0.35,0.49,0.88,1.36,0.38,0.15,0.16,0.17,0.16,0.18,0.39
W 26.53 -16.88 h=4 f=0.45 r=0.83 scan=0.45,0.55,0.74,1.93,0.83,0.30,0.50,1.25,1.06,0.26,0.23,0.14,0.15,0.18,0.22,0.53
W 27.26 -16.54 h=42 f=0.42 r=1.03 scan=0.42,0.78,2.50,0.81,1.03,0.54,1.67,0.74,0.36,0.26,0.23,0.22,0.28,0.40,0.30,0.35
W 27.70 -15.85 h=74 f=0.49 r=0.52 scan=0.92,2.29,0.74,0.99,0.52,1.78,0.77,0.44,0.36,0.32,0.46,0.30,0.24,0.27,0.27,0.37
W 27.74 -15.04 h=103 f=0.67 r=0.45 scan=1.35,0.55,0.82,2.00,0.45,0.95,0.66,0.55,0.52,0.37,0.29,0.22,0.24,0.23,0.46,1.22
W 27.41 -14.29 h=129 f=0.38 r=0.43 scan=0.38,0.61,1.70,1.01,0.43,0.77,0.70,0.69,0.49,0.34,0.30,0.29,0.41,0.63,1.78,0.95
W 26.82 -13.31 h=167 f=0.52 r=0.81 scan=0.75,2.50,0.64,0.47,0.81,0.78,0.62,0.42,0.32,0.40,0.42,0.56,1.45,0.82,0.34,0.40
W 26.00 -13.26 h=182 f=0.64 r=0.81 scan=2.50,0.92,0.51,0.40,0.81,0.93,0.71,0.51,0.55,0.55,0.70,1.47,0.19,0.19,0.31,0.52
W 24.99 -13.34 h=183 f=0.82 r=0.34 scan=2.28,0.74,0.41,0.35,0.34,0.41,2.50,0.74,0.76,0.83,0.24,0.23,0.25,0.22,0.28,0.70
W 24.13 -13.37 h=185 f=0.75 r=0.35 scan=2.12,0.75,0.53,0.31,0.35,0.32,1.20,0.92,0.91,1.01,0.33,0.23,0.20,0.22,0.28,0.63
W 23.31 -13.40 h=183 f=0.68 r=0.30 scan=1.98,0.93,0.45,0.38,0.30,0.32,0.40,1.15,1.05,0.51,0.27,0.23,0.19,0.20,0.34,0.56
W 22.43 -13.39 h=178 f=0.55 r=0.35 scan=2.50,2.05,0.46,0.37,0.35,0.32,2.50,1.31,1.24,0.62,0.28,0.20,0.20,0.25,0.31,0.43
W 21.61 -13.38 h=179 f=0.46 r=0.31 scan=1.66,2.16,0.47,0.36,0.31,0.40,0.45,0.70,1.39,0.53,0.28,0.24,0.21,0.24,0.27,0.34
W 20.77 -13.38 h=177 f=0.54 r=0.33 scan=1.46,2.05,0.49,0.35,0.33,0.32,2.50,0.83,1.58,0.47,0.34,0.22,0.18,0.18,0.20,0.42
W 19.95 -13.37 h=177 f=0.59 r=0.33 scan=1.31,0.86,1.21,0.38,0.33,0.33,0.44,0.76,1.72,0.57,0.30,0.14,0.14,0.18,0.25,0.47
W 19.13 -13.42 h=190 f=0.79 r=0.35 scan=1.11,1.60,1.00,0.33,0.35,0.37,0.55,1.17,1.93,0.41,0.21,0.21,0.19,0.20,0.34,0.67
W 17.99 -13.64 h=198 f=0.66 r=0.48 scan=0.66,1.15,0.85,0.75,0.48,0.42,0.65,2.10,0.83,0.36,0.24,0.27,0.23,0.20,0.48,0.91
W 17.34 -14.08 h=223 f=0.62 r=0.44 scan=0.98,0.76,0.71,0.72,0.44,0.53,2.25,1.00,0.47,0.37,0.26,0.35,0.43,2.50,0.73,0.51
W 16.77 -14.63 h=216 f=0.47 r=0.61 scan=0.96,0.69,0.57,0.60,0.61,0.45,0.64,1.79,0.66,0.47,0.35,0.43,0.46,0.77,0.63,0.35
W 16.14 -15.04 h=210 f=0.41 r=0.56 scan=1.16,0.69,0.57,2.50,0.56,0.55,0.49,2.40,1.22,0.60,0.44,0.47,0.47,0.68,0.61,0.29
W 15.41 -15.40 h=210 f=0.39 r=0.58 scan=1.03,0.60,0.57,0.50,0.58,0.49,0.46,2.48,0.82,0.60,0.44,0.47,0.51,0.73,0.58,0.27
W 14.71 -15.73 h=202 f=0.44 r=0.56 scan=1.33,0.74,0.58,0.53,0.56,0.64,0.53,2.45,1.29,0.62,0.46,0.48,0.46,0.70,0.62,0.32
W 13.98 -16.08 h=210 f=0.40 r=0.56 scan=1.05,0.59,0.57,0.47,0.56,0.50,0.49,2.46,0.86,0.59,0.46,0.47,0.49,0.72,0.58,0.28
W 13.10 -16.16 h=145 f=0.65 r=0.58 scan=0.71,0.58,0.27,1.02,0.58,0.56,0.51,0.59,0.50,0.47,2.49,0.83,0.59,0.44,0.46,0.53
W 13.12 -15.27 h=28 f=0.49 r=0.33 scan=0.77,0.37,0.37,0.33,0.33,0.53,0.54,0.46,0.27,0.24,0.18,0.63,0.73,2.50,0.55,2.50
W 13.90 -15.03 h=8 f=0.71 r=0.31 scan=2.39,0.59,0.39,0.24,0.31,0.32,0.55,0.68,0.64,0.40,0.27,0.73,0.73,0.76,0.48,0.91
W 14.74 -15.02 h=355 f=0.63 r=0.28 scan=2.19,1.00,0.45,0.30,0.28,0.24,0.37,0.52,0.83,0.59,1.12,0.84,0.74,0.51,0.30,0.51
W 15.58 -15.13 h=352 f=0.47 r=0.29 scan=1.00,1.48,0.60,0.37,0.29,0.34,0.33,0.53,1.00,0.74,1.23,0.80,0.67,0.20,0.30,0.35
W 16.40 -15.26 h=352 f=0.49 r=0.34 scan=1.09,1.35,0.64,0.33,0.34,0.35,0.41,0.69,1.19,2.26,1.06,0.20,0.20,0.21,0.20,0.37
W 17.21 -15.37 h=354 f=0.38 r=0.33 scan=0.91,1.73,0.65,0.47,0.33,0.34,0.44,0.60,2.50,2.37,0.28,0.21,0.14,0.12,0.19,0.26
W 18.04 -15.43 h=3 f=0.53 r=0.38 scan=1.51,1.00,0.52,0.46,0.38,0.36,0.56,1.00,1.48,0.41,0.18,0.14,0.17,0.14,0.21,0.41
W 18.88 -15.37 h=7 f=0.67 r=0.40 scan=1.33,0.83,0.47,2.50,0.40,0.43,0.51,1.22,1.37,0.28,0.19,0.16,0.15,0.23,0.24,0.55
W 19.81 -15.24 h=7 f=0.81 r=0.36 scan=1.19,0.69,0.43,0.35,0.36,0.44,0.54,1.10,2.50,0.34,0.27,0.24,0.20,0.16,0.23,1.21
W 21.23 -15.11 h=5 f=0.85 r=0.32 scan=0.85,1.02,0.43,0.37,0.32,0.36,0.54,0.86,1.85,0.50,0.22,0.20,0.21,0.20,0.38,0.92
W 22.13 -15.04 h=5 f=0.68 r=0.36 scan=0.68,0.77,1.08,0.32,0.36,0.34,0.46,0.98,2.02,0.41,0.31,0.18,0.26,0.28,0.89,0.68
W 22.94 -14.91 h=10 f=0.55 r=0.29 scan=0.55,0.61,0.89,2.26,0.29,0.40,0.48,1.12,1.49,0.46,0.31,0.28,0.75,0.89,0.64,0.54
W 23.74 -14.73 h=24 f=0.43 r=0.37 scan=0.43,0.60,1.09,2.50,0.37,0.42,0.71,2.50,0.61,0.47,0.83,0.78,0.83,0.48,0.37,0.34
W 24.20 -14.15 h=74 f=0.62 r=0.60 scan=0.99,1.79,0.50,0.28,0.60,2.50,0.70,0.47,0.83,0.81,0.59,0.37,0.26,0.32,0.34,0.51
W 24.42 -13.36 h=73 f=0.47 r=0.28 scan=0.81,2.50,0.63,0.39,0.28,2.50,1.20,0.70,1.03,0.99,0.50,0.32,0.29,0.24,0.28,0.35
W 24.64 -12.57 h=76 f=0.51 r=0.36 scan=1.10,1.04,0.54,0.35,0.36,0.30,1.11,0.83,1.15,0.84,0.39,0.25,0.20,0.27,0.23,0.39
W 24.74 -11.74 h=84 f=0.57 r=2.50 scan=2.04,0.91,0.47,0.40,2.50,0.38,0.41,1.00,2.50,0.56,0.28,0.27,0.13,0.17,0.22,0.45
W 24.79 -10.92 h=87 f=0.51 r=0.36 scan=2.50,0.94,0.47,0.35,0.36,0.35,0.51,1.16,1.46,0.56,0.19,0.19,0.17,0.18,0.26,0.39
W 24.84 -10.10 h=85 f=0.54 r=0.31 scan=2.50,0.97,0.47,0.39,0.31,0.40,0.43,1.27,1.63,0.54,0.25,0.20,0.18,0.19,0.20,0.42
W 24.87 -9.28 h=92 f=0.55 r=0.36 scan=2.50,0.84,0.43,0.34,0.36,0.37,0.51,1.45,1.82,0.41,0.27,0.20,0.16,0.17,0.27,0.43
W 24.89 -8.44 h=90 f=1.13 r=0.32 scan=2.47,1.01,0.51,0.35,0.32,0.34,0.44,0.92,1.95,0.46,2.50,0.17,0.18,0.17,0.28,2.50
W 24.91 -7.61 h=91 f=0.48 r=0.32 scan=2.28,0.92,0.52,0.42,0.32,0.38,0.55,0.87,2.12,0.48,0.24,0.18,0.21,0.17,0.17,0.36
FROZEN n=1
W 24.62 -6.49 h=131 f=0.54 r=0.46 scan=0.54,0.43,0.36,0.39,0.46,0.91,2.21,0.34,0.20,0.17,0.14,0.08,0.18,0.26,1.54,1.12
W 24.11 -5.82 h=118 f=0.49 r=0.28 scan=0.60,0.37,0.27,0.33,0.28,0.43,1.26,1.57,0.47,0.34,0.20,0.26,0.26,0.39,0.99,2.17
W 23.85 -5.05 h=93 f=0.58 r=0.22 scan=1.99,0.46,0.25,0.24,0.22,0.28,0.35,0.82,2.19,0.59,0.32,0.28,0.24,0.33,0.44,1.15
W 23.91 -4.23 h=79 f=0.55 r=0.24 scan=1.05,1.84,0.43,0.32,0.24,0.23,0.28,0.46,0.99,1.86,0.47,0.32,0.26,0.30,0.32,0.43
W 24.15 -3.43 h=72 f=0.42 r=0.28 scan=0.82,1.61,0.55,0.36,0.28,0.35,0.30,0.46,0.86,2.14,0.52,0.29,0.27,0.22,0.23,0.30
W 24.35 -2.72 h=80 f=0.48 r=0.33 scan=0.72,1.54,0.57,0.40,0.33,0.32,0.41,0.59,1.35,1.04,0.37,0.21,0.16,0.16,0.18,0.36
W 24.51 -1.94 h=83 f=0.45 r=0.33 scan=1.31,1.41,0.50,0.36,0.33,0.37,0.54,0.78,2.50,0.49,0.19,0.15,0.13,0.16,0.23,0.33
W 24.52 -1.11 h=92 f=0.53 r=2.50 scan=1.20,1.28,0.49,0.36,2.50,0.36,0.50,1.10,2.50,0.30,0.19,0.18,0.17,0.15,0.19,0.41
W 24.50 -0.29 h=88 f=0.41 r=0.33 scan=1.01,1.09,0.42,0.38,0.33,0.34,0.47,1.00,2.50,0.34,0.22,0.15,0.14,0.17,0.24,0.29
W 24.45 0.53 h=92 f=0.59 r=0.33 scan=0.92,0.95,0.47,0.32,0.33,0.36,0.57,0.98,2.06,0.42,0.21,0.20,0.18,0.17,0.17,0.47
W 24.39 1.36 h=94 f=0.53 r=0.29 scan=0.73,0.76,1.08,0.36,0.29,0.35,0.44,0.91,2.50,0.41,0.29,0.13,0.15,0.23,0.27,0.41
W 24.37 2.19 h=92 f=0.59 r=0.34 scan=0.59,0.61,0.88,0.85,0.34,0.33,0.49,0.97,2.50,0.41,0.21,0.21,0.19,0.19,0.21,0.55
W 24.52 1.84 h=282 f=0.48 r=0.16 scan=0.95,0.36,0.22,0.17,0.16,0.25,0.37,0.32,0.36,0.46,0.78,0.81,1.36,0.39,0.57,1.68
W 24.46 1.03 h=257 f=0.60 r=0.23 scan=1.24,1.41,0.43,0.24,0.23,0.21,0.19,0.28,0.52,0.56,0.62,0.93,0.81,0.30,0.33,0.48
W 24.12 0.27 h=242 f=0.40 r=0.35 scan=0.41,1.57,1.15,0.44,0.35,0.22,0.31,0.33,0.56,0.69,0.72,0.93,0.28,0.23,0.18,0.28
W 23.92 -0.49 h=260 f=0.44 r=0.33 scan=0.99,1.37,0.55,0.36,0.33,0.26,0.41,0.52,0.82,0.85,0.34,0.17,0.16,0.20,0.21,0.32
W 23.84 -1.28 h=270 f=0.50 r=0.32 scan=2.50,0.94,0.49,0.37,0.32,0.34,0.39,0.65,0.97,0.99,0.23,0.20,0.16,2.50,0.20,0.38
W 23.78 -2.12 h=265 f=0.49 r=0.34 scan=2.50,1.05,0.47,0.38,0.34,0.35,0.47,0.74,1.15,0.40,0.20,0.16,0.13,0.14,0.25,0.37
W 23.74 -2.97 h=268 f=0.58 r=0.36 scan=2.50,0.92,0.52,0.34,0.36,0.36,0.47,0.88,1.29,0.35,0.20,0.20,0.13,2.50,0.22,0.46
W 23.75 -3.81 h=271 f=0.49 r=0.32 scan=2.50,0.77,0.47,0.36,0.32,0.35,0.48,0.78,1.45,0.32,0.20,0.16,0.14,0.18,0.32,0.37
FROZEN n=1
W 23.71 -4.38 h=255 f=0.47 r=0.28 scan=0.84,1.67,0.50,0.39,0.28,0.28,0.38,0.50,2.50,1.47,0.32,0.23,0.20,0.20,0.26,0.35
W 23.54 -5.17 h=266 f=0.55 r=0.32 scan=2.50,0.98,0.45,0.40,0.32,0.33,0.48,0.82,1.64,0.43,0.24,0.19,0.20,0.24,0.23,0.43
W 23.52 -5.99 h=267 f=0.61 r=0.35 scan=2.50,0.85,0.48,0.33,0.35,0.36,0.45,0.98,1.75,0.39,0.24,0.23,0.17,0.14,0.26,0.49
W 23.54 -6.81 h=269 f=0.48 r=0.32 scan=2.50,0.86,0.41,0.36,0.32,0.39,0.47,0.88,1.91,0.42,0.24,0.19,0.18,0.19,0.29,0.36
W 23.52 -7.64 h=271 f=0.52 r=0.33 scan=2.38,0.89,0.50,0.33,0.33,0.34,0.54,0.94,2.05,0.53,0.26,0.18,0.19,0.24,0.22,0.40
W 23.53 -8.48 h=272 f=0.46 r=0.33 scan=2.22,0.84,0.46,0.36,0.33,0.34,0.41,0.77,2.24,0.43,0.23,0.23,0.14,0.13,0.23,0.34
FROZEN n=1
W 23.84 -9.22 h=313 f=0.52 r=0.46 scan=0.52,0.42,0.41,0.42,0.46,0.79,2.29,0.39,0.21,0.20,0.10,0.09,0.16,0.25,2.18,0.95
W 24.36 -9.86 h=304 f=0.43 r=0.28 scan=0.52,0.31,0.28,0.32,0.28,0.42,1.25,1.20,0.49,0.36,0.21,0.24,0.27,0.45,1.08,1.34
W 24.63 -10.63 h=277 f=0.55 r=0.21 scan=1.67,0.43,0.27,0.20,0.21,0.24,0.32,0.64,2.50,0.66,0.33,0.30,0.29,0.37,0.53,1.54
W 24.54 -11.44 h=254 f=0.59 r=0.26 scan=1.35,1.54,0.43,0.31,0.26,0.23,0.25,0.37,0.74,1.98,0.48,0.32,0.27,0.31,0.34,0.47
W 24.23 -12.21 h=246 f=0.44 r=0.29 scan=0.56,1.61,0.86,0.36,0.29,0.28,0.33,0.36,0.67,2.50,0.55,0.30,0.26,0.20,0.28,0.32
W 23.96 -12.95 h=252 f=0.46 r=0.33 scan=1.04,1.49,0.70,0.48,0.33,0.33,0.43,0.54,1.39,1.14,0.38,0.22,0.22,0.18,0.19,0.34
W 23.77 -13.75 h=260 f=0.38 r=0.41 scan=1.32,1.37,0.62,0.43,0.41,0.36,0.45,0.66,2.09,0.55,0.31,0.15,0.12,0.17,2.50,0.26
W 23.81 -15.01 h=271 f=0.78 r=0.36 scan=1.05,0.79,0.45,0.39,0.36,0.40,0.53,1.18,1.08,0.31,0.25,0.19,0.14,1.29,0.78,0.66
W 23.87 -15.99 h=270 f=0.85 r=0.40 scan=0.86,0.73,0.46,0.32,0.40,0.38,0.50,0.97,2.50,0.45,0.21,0.45,2.50,1.04,0.53,0.93
W 23.88 -16.97 h=268 f=0.68 r=0.32 scan=0.68,0.76,0.51,0.38,0.32,0.39,0.51,0.84,2.50,0.54,0.54,0.80,2.50,0.44,0.30,0.75
W 23.86 -17.79 h=267 f=0.51 r=0.33 scan=0.51,0.54,0.47,0.38,0.33,0.34,0.51,0.84,2.50,0.53,0.69,1.24,0.40,1.31,0.75,0.53
W 23.48 -18.56 h=204 f=0.62 r=0.43 scan=0.78,0.50,0.39,0.36,0.43,0.46,0.32,0.35,0.39,0.59,1.15,1.47,0.78,0.96,0.26,1.68
W 22.70 -18.87 h=195 f=0.65 r=0.31 scan=1.09,0.53,0.35,0.31,0.31,0.37,0.61,0.47,0.54,0.57,1.05,2.50,0.14,0.18,0.35,1.23
W 21.87 -18.97 h=178 f=0.62 r=0.30 scan=1.35,0.62,0.40,0.26,0.30,0.28,0.45,0.75,0.67,0.76,1.02,0.14,0.15,0.24,0.24,0.50
W 21.03 -18.94 h=178 f=0.46 r=0.32 scan=1.15,1.11,0.45,0.31,0.32,0.26,0.38,0.62,0.81,0.88,0.23,0.23,0.17,0.19,0.26,0.34
W 20.22 -18.89 h=178 f=0.61 r=0.30 scan=0.99,0.89,0.36,0.35,0.30,0.35,0.42,0.76,0.97,0.36,0.20,0.19,0.21,0.20,0.24,0.49
W 19.40 -18.85 h=175 f=0.46 r=0.33 scan=0.82,0.84,0.45,0.31,0.33,0.30,0.43,0.65,1.12,0.49,0.27,0.21,0.15,0.14,0.14,0.34
W 18.58 -18.75 h=171 f=0.41 r=0.35 scan=0.68,0.72,0.63,0.36,0.35,0.29,0.41,0.60,1.32,0.51,0.18,0.13,0.11,0.15,0.19,0.29
W 17.77 -18.65 h=171 f=0.39 r=0.32 scan=0.47,0.58,0.55,0.40,0.32,0.37,0.39,0.73,1.44,0.27,0.17,0.16,0.15,0.13,0.17,0.27
W 18.56 -19.07 h=334 f=0.50 r=0.14 scan=0.78,1.46,0.23,0.17,0.14,0.13,0.12,0.18,0.26,0.46,0.55,0.53,0.43,0.34,0.38,0.38
W 19.33 -19.59 h=344 f=0.52 r=2.50 scan=0.88,1.40,2.50,0.23,2.50,0.22,0.24,0.37,0.60,0.64,0.55,0.31,0.24,0.27,0.26,0.40
W 20.14 -19.91 h=342 f=0.45 r=0.23 scan=0.71,1.28,0.59,0.39,0.23,0.23,0.34,0.51,0.73,0.74,0.35,0.25,0.19,0.15,0.26,0.33
W 20.93 -20.09 h=349 f=0.46 r=0.33 scan=0.85,1.12,0.52,0.36,0.33,0.27,0.34,0.64,0.88,0.79,0.21,0.19,0.17,0.15,0.20,0.34
W 21.74 -20.12 h=2 f=0.55 r=0.34 scan=0.92,1.07,0.41,0.31,0.34,0.34,0.42,0.86,1.05,0.28,0.24,0.17,0.15,0.19,0.20,0.43
W 22.57 -20.14 h=2 f=0.45 r=0.34 scan=0.81,0.83,1.12,0.29,0.34,0.36,0.45,0.79,1.24,0.45,0.21,0.18,0.12,0.11,0.23,0.33
W 23.39 -20.14 h=356 f=0.48 r=0.28 scan=0.62,0.67,0.80,1.64,0.28,0.39,0.47,0.69,1.44,0.41,0.17,0.17,0.15,0.17,0.18,0.36
W 24.22 -20.12 h=14 f=0.47 r=0.31 scan=0.47,0.54,0.93,2.50,0.31,0.35,0.67,1.52,0.62,0.25,0.16,0.14,0.18,0.21,0.25,0.48
W 24.96 -19.68 h=48 f=0.45 r=1.07 scan=0.45,0.87,2.50,0.88,1.07,0.60,1.74,0.48,0.30,0.27,0.24,0.25,0.39,0.35,0.28,0.35
W 25.31 -18.94 h=76 f=0.46 r=0.49 scan=1.34,1.25,0.76,1.05,0.49,1.78,0.63,0.46,0.39,0.40,0.44,0.25,0.25,0.24,0.27,0.34
W 25.27 -18.13 h=106 f=0.68 r=0.45 scan=1.02,0.56,0.90,2.50,0.45,0.91,0.63,0.54,0.62,0.36,0.28,0.24,0.23,0.26,0.53,1.95
W 24.80 -17.47 h=154 f=0.57 r=0.75 scan=0.76,2.50,0.48,0.32,0.75,0.66,0.77,0.45,0.34,0.26,0.35,0.43,0.67,2.50,0.62,0.45
W 24.00 -17.22 h=169 f=1.17 r=2.50 scan=1.17,1.52,0.50,0.37,2.50,0.75,0.87,0.55,0.44,0.48,0.54,0.81,2.16,0.28,0.35,2.50
W 23.16 -17.02 h=165 f=0.53 r=0.30 scan=0.97,2.50,0.53,0.37,0.30,0.30,0.93,0.78,0.63,0.68,0.81,1.15,0.22,0.28,0.30,0.41
W 22.34 -16.80 h=168 f=0.44 r=0.38 scan=0.82,1.94,0.66,0.37,0.38,0.31,0.45,0.95,0.81,0.82,0.33,0.27,0.23,0.20,0.20,0.32
W 21.53 -16.68 h=176 f=0.54 r=0.33 scan=1.26,2.50,0.57,0.46,0.33,0.40,0.52,1.08,0.93,1.02,0.32,0.18,0.16,0.17,0.17,0.42
W 20.71 -16.63 h=180 f=0.57 r=0.39 scan=1.92,2.18,0.54,0.45,0.39,0.39,0.49,1.23,1.17,0.49,0.22,0.16,0.13,0.16,0.25,0.45
W 19.89 -16.70 h=184 f=0.50 r=0.41 scan=1.70,0.76,0.45,0.38,0.41,0.40,0.59,1.33,1.31,0.33,0.19,0.19,0.19,0.21,0.31,0.38
W 19.07 -16.77 h=183 f=0.64 r=0.33 scan=1.54,1.80,0.48,0.35,0.33,0.44,0.48,1.54,1.50,0.38,0.27,0.23,0.19,0.21,0.22,0.52
W 18.25 -16.86 h=188 f=0.73 r=0.31 scan=1.36,1.66,0.42,0.33,0.31,0.38,0.57,1.69,1.67,0.43,0.28,0.21,0.16,0.16,0.33,0.61
W 17.43 -16.92 h=184 f=0.59 r=0.32 scan=1.21,1.76,1.02,0.35,0.32,0.30,0.48,1.02,1.85,0.56,0.23,0.17,0.19,0.23,0.25,0.47
W 16.22 -17.07 h=186 f=0.69 r=0.48 scan=0.94,0.57,1.01,0.82,0.48,0.35,0.42,0.98,2.06,0.36,0.30,0.21,0.23,0.27,0.27,0.92
W 15.34 -17.40 h=220 f=0.68 r=0.32 scan=1.12,0.81,0.73,0.76,0.32,0.52,2.20,1.05,0.47,0.32,0.27,0.24,0.39,0.74,0.81,0.56
W 14.80 -18.02 h=237 f=0.70 r=0.41 scan=0.70,0.58,0.58,0.48,0.41,0.60,1.82,0.66,0.48,0.36,0.45,0.45,0.80,0.67,0.39,0.97
W 14.45 -18.77 h=250 f=0.49 r=0.42 scan=0.49,0.42,0.47,0.56,0.42,0.41,1.37,0.78,0.59,0.57,0.57,0.82,0.20,1.59,1.08,0.54
W 14.02 -19.43 h=218 f=0.44 r=0.40 scan=0.44,0.40,0.32,0.29,0.40,0.54,0.44,0.47,1.17,0.78,0.68,0.64,0.23,0.48,1.55,1.11
W 13.30 -19.81 h=200 f=0.40 r=0.26 scan=0.78,0.28,0.26,2.50,0.26,0.28,0.47,0.54,0.63,1.12,0.78,0.26,0.27,0.41,1.01,1.40
W 12.37 -19.85 h=171 f=0.95 r=2.50 scan=1.25,0.88,0.39,0.25,2.50,0.21,0.31,0.38,0.80,2.50,1.24,0.30,0.29,0.35,1.18,0.83
W 11.19 -19.49 h=156 f=0.76 r=0.29 scan=1.07,1.01,0.67,0.43,0.29,0.32,0.31,0.42,0.88,1.06,0.46,0.36,0.26,1.27,1.17,0.64
W 10.42 -19.19 h=164 f=0.55 r=0.40 scan=0.83,0.88,0.59,0.42,0.40,0.33,0.43,0.49,1.24,1.18,0.44,0.28,0.50,1.14,0.74,0.43
W 9.62 -18.57 h=96 f=0.46 r=0.67 scan=1.09,0.34,0.25,0.67,0.67,0.70,0.49,0.39,0.42,0.44,0.61,1.40,0.65,0.40,0.49,2.50
W 9.71 -17.74 h=75 f=0.56 r=0.21 scan=1.02,0.99,0.49,0.22,0.21,0.21,0.79,0.61,2.50,0.58,0.65,0.93,1.37,0.31,0.35,0.44
W 10.06 -17.00 h=70 f=0.46 r=0.32 scan=0.89,0.76,0.55,0.42,0.32,0.24,0.29,0.95,0.73,0.70,0.80,1.03,0.27,0.24,0.24,0.34
W 10.34 -16.14 h=74 f=0.69 r=0.35 scan=0.69,0.63,0.58,0.40,0.35,0.36,0.35,1.05,0.88,0.91,0.36,0.22,0.15,0.16,0.20,0.79
W 10.48 -15.33 h=87 f=0.50 r=0.37 scan=0.50,0.49,0.54,0.34,0.37,0.43,0.44,1.10,1.05,0.51,0.19,0.18,0.26,1.45,0.73,0.56
W 10.86 -14.64 h=28 f=0.61 r=0.40 scan=0.76,0.49,0.40,0.38,0.40,0.46,0.34,0.34,0.44,0.53,1.18,1.15,0.28,0.26,0.59,2.50
W 11.61 -14.32 h=20 f=0.60 r=0.35 scan=0.92,0.48,0.33,0.33,0.35,0.35,0.55,0.49,0.56,0.68,1.35,0.32,0.21,0.25,0.54,2.24
W 12.42 -14.19 h=2 f=0.63 r=0.29 scan=2.34,0.51,0.36,0.24,0.29,0.33,0.42,0.66,0.62,0.81,1.61,0.26,0.22,0.30,0.40,0.72
W 13.32 -14.26 h=351 f=0.65 r=0.28 scan=1.25,1.13,0.53,0.31,0.28,0.29,0.40,0.55,0.86,0.92,0.41,0.25,0.28,0.28,0.31,0.53
W 14.12 -14.44 h=351 f=0.48 r=0.29 scan=0.87,1.99,0.69,0.47,0.29,0.30,0.37,0.57,1.03,1.04,0.34,0.29,0.24,0.21,0.24,0.36
W 14.91 -14.64 h=356 f=0.53 r=0.34 scan=1.86,0.95,0.50,0.42,0.34,0.36,0.50,0.88,1.12,0.42,0.26,0.17,0.20,0.25,0.22,0.41
W 15.74 -14.63 h=4 f=0.72 r=0.39 scan=1.68,0.71,0.52,0.38,0.39,0.34,0.57,1.29,1.36,0.38,0.25,0.23,0.15,0.17,0.28,0.60
W 16.55 -14.53 h=7 f=0.68 r=0.34 scan=1.50,0.60,0.38,0.38,0.34,0.43,0.45,1.21,1.51,0.40,0.24,0.19,0.22,0.21,0.39,0.56
W 17.37 -14.49 h=2 f=0.57 r=0.36 scan=1.30,0.61,0.44,0.28,0.36,0.35,0.52,0.91,1.65,0.56,0.29,0.21,0.19,0.26,0.30,0.45
W 18.19 -14.52 h=359 f=0.43 r=0.31 scan=1.20,1.21,0.41,0.35,0.31,0.30,0.41,0.72,1.85,0.71,0.29,0.24,0.24,0.22,0.23,0.31
W 18.98 -14.58 h=351 f=0.49 r=0.31 scan=1.01,1.05,0.50,0.32,0.31,0.36,0.50,0.83,1.96,0.57,0.32,0.23,0.15,0.17,0.19,0.37
W 19.80 -14.66 h=354 f=0.46 r=0.29 scan=0.88,0.92,1.15,0.37,0.29,0.33,0.44,0.71,2.15,0.72,0.20,0.15,0.12,0.11,0.14,0.34
W 20.61 -14.71 h=357 f=0.51 r=0.34 scan=0.69,0.77,1.05,0.40,0.34,0.31,0.53,0.90,2.26,0.34,0.15,0.11,0.14,0.16,0.19,0.39
W 21.43 -14.68 h=7 f=0.45 r=0.35 scan=0.52,0.62,0.96,0.88,0.35,0.35,0.51,1.30,1.34,0.25,0.20,0.13,0.15,0.16,0.25,0.33
W 22.23 -14.53 h=22 f=0.42 r=0.81 scan=0.42,0.49,0.89,0.85,0.81,0.42,0.78,2.50,0.43,0.26,0.19,0.17,0.18,0.19,0.42,0.35
W 22.82 -14.00 h=58 f=0.46 r=0.44 scan=0.51,2.50,0.76,0.93,0.44,1.56,1.10,0.47,0.29,0.24,0.23,0.31,0.29,0.24,0.30,0.34
W 23.07 -13.22 h=85 f=0.52 r=0.49 scan=0.52,0.64,0.69,1.11,0.49,1.42,0.63,0.45,0.38,0.43,0.29,0.23,0.23,0.22,0.34,0.59
W 22.77 -12.50 h=147 f=0.62 r=0.71 scan=0.75,1.92,0.64,1.16,0.71,0.58,0.51,0.45,0.35,0.27,0.29,0.30,0.49,0.40,0.46,0.50
W 22.04 -12.12 h=158 f=0.55 r=0.20 scan=0.76,2.50,0.50,0.20,0.20,0.64,0.61,0.58,0.43,0.48,0.49,0.43,0.38,0.36,0.36,0.43
W 21.33 -11.75 h=156 f=0.62 r=0.23 scan=0.62,2.50,0.54,0.39,0.23,0.23,0.74,0.70,0.55,0.53,0.65,0.38,0.33,0.27,0.24,2.50
W 20.58 -11.43 h=158 f=0.41 r=0.36 scan=0.47,2.50,0.65,0.41,0.36,0.29,0.31,0.90,0.74,0.71,0.47,0.29,0.17,0.17,0.22,0.29
W 19.79 -11.21 h=171 f=0.40 r=0.36 scan=0.76,1.47,0.54,0.39,0.36,0.41,0.41,1.02,0.91,0.65,0.19,0.18,0.18,0.17,0.19,0.28
W 19.00 -11.30 h=182 f=0.70 r=0.34 scan=2.15,0.58,0.44,0.30,0.34,0.44,0.52,0.98,1.06,0.27,0.26,0.17,0.18,0.19,0.19,0.63
W 18.18 -11.35 h=182 f=0.56 r=0.33 scan=2.32,0.84,0.42,0.31,0.33,0.32,0.51,1.26,1.15,0.45,0.24,0.19,0.12,0.15,0.31,0.44
W 17.36 -11.31 h=171 f=0.46 r=0.26 scan=2.17,1.00,0.42,0.35,0.26,0.37,0.39,0.73,1.35,0.57,0.18,2.50,0.21,0.19,0.22,0.34
W 16.54 -11.20 h=172 f=0.47 r=0.33 scan=1.20,1.06,0.57,0.34,0.33,0.32,0.48,0.78,1.53,0.69,0.28,0.20,0.14,0.19,0.18,0.35
W 15.69 -11.09 h=174 f=0.51 r=0.29 scan=1.02,1.21,0.55,0.43,0.29,0.35,0.41,0.69,1.71,0.42,0.23,0.13,0.12,2.50,0.23,0.39
W 14.85 -11.01 h=180 f=1.15 r=0.40 scan=1.64,1.02,0.56,0.41,0.40,0.32,0.48,0.95,1.82,0.36,0.20,0.22,0.15,2.50,0.23,2.50
W 14.03 -11.05 h=183 f=0.75 r=0.36 scan=1.56,0.63,0.46,0.36,0.36,0.39,0.57,1.36,0.78,0.36,0.19,0.19,0.18,0.20,0.22,0.65
W 13.21 -11.11 h=181 f=0.65 r=0.30 scan=1.34,0.76,0.41,0.37,0.30,0.38,0.50,0.85,2.21,0.36,0.26,0.18,0.16,0.21,0.28,0.53
W 12.39 -11.09 h=175 f=0.48 r=0.27 scan=1.14,0.88,0.51,0.32,0.27,0.34,0.48,0.66,2.33,0.45,0.25,0.21,0.23,0.19,0.23,0.36
W 11.60 -11.06 h=182 f=0.56 r=0.31 scan=1.03,0.73,0.45,0.31,0.31,0.35,0.46,2.50,2.25,0.34,0.27,0.17,0.16,0.19,0.25,0.44
W 10.76 -11.06 h=180 f=0.82 r=0.31 scan=0.82,0.85,0.45,0.35,0.31,0.30,0.42,0.92,2.50,0.46,0.23,0.20,0.18,0.14,0.26,1.46
W 9.86 -11.05 h=180 f=0.64 r=0.31 scan=0.64,0.71,2.50,0.34,0.31,0.36,0.41,0.95,2.50,0.42,0.16,0.17,0.19,0.17,0.22,1.18
W 9.03 -11.01 h=179 f=0.46 r=0.32 scan=0.46,0.59,0.51,0.34,0.32,0.32,0.47,0.84,2.50,0.30,0.28,0.14,0.23,0.73,0.92,0.99
W 8.26 -10.83 h=154 f=0.45 r=0.39 scan=0.85,0.33,0.44,0.48,0.39,0.33,0.37,0.50,0.78,2.50,0.38,0.19,0.27,0.64,0.69,0.97
W 7.51 -10.30 h=133 f=0.72 r=0.38 scan=0.83,0.72,0.22,0.21,0.38,0.47,0.46,0.43,0.57,0.94,2.50,0.31,0.32,0.60,0.58,0.60
W 7.14 -9.58 h=109 f=0.50 r=0.63 scan=0.50,0.71,0.68,0.60,0.63,0.20,0.50,0.61,0.66,0.87,1.68,0.32,0.43,0.51,0.41,0.45
W 6.51 -9.74 h=241 f=0.77 r=1.42 scan=1.26,0.69,0.67,0.84,1.42,0.38,0.45,0.49,0.36,0.33,0.36,0.39,0.62,0.53,0.57,0.65
W 6.76 -10.44 h=296 f=0.69 r=0.47 scan=0.69,0.93,2.07,0.33,0.47,0.52,0.45,0.40,0.48,0.70,0.57,0.56,0.60,0.18,0.52,0.61
W 7.24 -11.10 h=316 f=0.60 r=0.47 scan=0.64,1.18,0.54,0.30,0.47,0.59,0.58,0.62,0.82,0.68,0.22,0.21,0.39,0.51,0.45,0.48
W 7.82 -11.68 h=314 f=0.45 r=0.24 scan=0.45,0.79,2.50,0.41,0.24,0.30,0.63,0.69,1.00,0.83,0.31,0.44,0.47,0.41,0.31,0.37
W 8.52 -12.07 h=333 f=0.46 r=0.22 scan=0.52,2.50,0.83,0.35,0.22,0.34,0.83,0.94,0.96,0.43,0.50,0.41,0.26,0.28,0.28,0.34
W 9.26 -12.41 h=346 f=0.47 r=0.33 scan=0.76,1.75,0.68,0.31,0.33,0.27,0.92,1.32,0.56,0.61,0.48,0.26,0.21,0.20,0.24,0.35
W 10.05 -12.54 h=358 f=0.51 r=0.31 scan=2.50,2.50,0.43,0.36,0.31,0.33,1.17,1.25,0.76,0.40,0.24,0.17,0.18,0.23,0.24,0.39
W 10.87 -12.60 h=352 f=0.57 r=0.36 scan=2.50,0.99,0.52,0.34,0.36,0.30,0.42,1.53,0.92,0.51,0.27,0.22,0.16,0.14,0.19,0.45
W 11.69 -12.64 h=353 f=0.59 r=0.33 scan=2.49,0.85,0.48,0.40,0.33,0.39,0.40,1.66,1.07,0.44,0.17,0.15,0.14,0.14,0.26,0.47
W 12.51 -12.64 h=4 f=0.67 r=0.40 scan=2.27,0.70,0.48,0.34,0.40,0.35,0.50,1.72,1.24,0.29,0.18,0.14,0.18,0.20,0.24,0.55
W 13.34 -12.60 h=1 f=0.54 r=0.33 scan=2.11,0.71,0.41,0.38,0.33,0.39,0.47,0.85,1.41,0.35,0.25,2.50,0.16,0.22,0.34,0.42
W 14.17 -12.58 h=358 f=0.69 r=0.36 scan=1.96,0.73,0.43,0.32,0.36,0.34,0.51,0.78,1.56,0.40,0.22,0.22,0.21,0.25,0.25,0.57
W 14.99 -12.60 h=358 f=0.54 r=0.34 scan=1.80,0.67,0.43,0.32,0.34,0.32,0.44,0.73,1.73,0.56,0.31,0.27,0.21,0.16,0.26,0.42
W 15.83 -12.66 h=354 f=0.42 r=0.28 scan=1.60,0.93,0.48,0.33,0.28,0.40,0.38,0.80,1.87,0.55,0.34,0.14,0.17,0.20,0.23,0.30
W 15.05 -12.81 h=188 f=0.50 r=0.19 scan=0.76,0.38,0.20,0.19,0.19,0.20,0.25,0.96,1.39,0.44,0.42,0.34,0.31,0.41,0.62,2.44
W 14.25 -12.69 h=154 f=0.60 r=0.25 scan=0.78,1.80,0.55,0.29,0.25,0.15,0.18,0.28,0.41,1.77,0.61,0.39,0.29,0.35,0.32,0.48
W 13.53 -12.30 h=149 f=0.46 r=0.35 scan=0.54,2.10,1.00,0.47,0.35,0.30,0.29,0.29,0.52,1.88,0.66,0.30,0.32,0.19,0.26,0.34
W 12.78 -12.03 h=170 f=0.52 r=0.32 scan=0.95,1.23,0.48,0.37,0.32,0.35,0.39,0.60,2.02,0.76,0.37,0.22,0.20,0.21,0.23,0.40
W 11.93 -11.89 h=176 f=0.43 r=0.36 scan=1.82,1.30,0.50,0.35,0.36,0.35,0.51,0.72,2.19,0.53,0.29,0.22,0.13,0.16,0.25,0.31
W 11.11 -11.83 h=179 f=0.47 r=0.33 scan=1.14,0.89,0.55,0.36,0.33,0.38,0.52,0.90,2.32,0.43,0.20,0.20,0.18,0.17,0.20,0.35
W 10.29 -11.88 h=193 f=0.77 r=0.32 scan=1.09,0.65,0.48,0.32,0.32,0.47,0.66,1.85,0.83,0.30,0.22,0.15,0.16,0.19,0.22,1.48
W 9.45 -11.99 h=185 f=0.74 r=0.30 scan=0.87,0.62,0.40,0.36,0.30,0.34,0.56,0.98,1.41,0.43,0.21,0.21,0.14,0.13,0.28,1.31
W 8.55 -12.02 h=181 f=0.66 r=0.32 scan=0.66,0.73,0.42,0.34,0.32,0.35,0.40,0.93,2.50,0.46,0.19,0.18,0.21,0.18,1.04,1.14
W 7.73 -11.98 h=179 f=0.47 r=0.32 scan=0.47,0.56,0.50,0.33,0.32,0.32,0.46,0.69,2.50,0.52,0.28,0.17,0.26,0.75,0.94,1.00
W 6.96 -11.80 h=155 f=0.47 r=0.39 scan=0.86,0.35,0.42,0.48,0.39,0.32,0.36,0.45,0.74,2.50,0.39,0.21,0.29,0.66,0.71,1.00
W 6.30 -11.27 h=126 f=0.70 r=0.34 scan=0.70,0.86,2.50,0.21,0.34,0.45,0.47,0.41,0.51,0.77,2.50,0.30,0.28,0.47,0.54,0.59
W 5.94 -10.54 h=109 f=0.49 r=0.63 scan=0.49,0.69,0.71,0.63,0.63,0.21,0.51,0.61,0.63,0.85,1.63,0.34,0.43,0.46,0.41,0.46
W 5.52 -10.05 h=237 f=0.42 r=1.18 scan=1.00,0.30,0.73,0.82,1.18,0.39,0.46,0.48,0.35,0.32,0.33,0.36,0.59,0.59,0.56,0.65
W 5.63 -10.73 h=302 f=0.74 r=0.49 scan=0.74,1.06,0.48,0.45,0.49,0.42,0.41,0.41,0.42,0.62,0.48,0.51,0.60,0.93,0.22,0.66
W 6.09 -11.41 h=310 f=0.60 r=0.47 scan=0.64,1.03,0.60,0.35,0.47,0.56,0.55,0.55,0.76,0.70,0.61,0.16,0.16,0.43,0.51,0.48
W 6.70 -11.97 h=321 f=0.56 r=0.30 scan=0.64,1.46,1.03,0.27,0.30,0.63,0.67,0.75,0.94,0.28,0.26,0.37,0.48,0.43,0.34,0.44
W 7.35 -12.48 h=339 f=0.54 r=0.32 scan=0.73,2.50,0.40,0.26,0.32,0.71,0.78,1.11,0.41,0.40,0.47,0.41,0.28,0.29,0.30,0.42
W 8.09 -12.85 h=328 f=0.38 r=0.35 scan=0.38,2.39,1.04,0.49,0.35,0.25,0.80,1.05,1.04,0.56,0.56,0.26,0.24,0.20,0.19,0.30
W 8.87 -13.04 h=347 f=0.38 r=0.29 scan=1.04,1.55,0.65,0.41,0.29,0.33,0.99,1.33,0.66,0.68,0.32,0.20,0.16,0.22,0.23,0.26
W 9.67 -13.08 h=352 f=0.43 r=0.33 scan=2.50,1.06,0.56,0.34,0.33,0.32,0.37,1.47,0.85,0.48,0.24,0.22,0.18,0.15,0.17,0.31
W 10.51 -13.13 h=357 f=0.51 r=0.32 scan=2.50,0.89,0.46,0.42,0.32,0.38,0.49,1.55,1.05,0.39,0.24,0.13,0.14,0.16,0.20,0.39
W 11.34 -13.15 h=1 f=0.66 r=2.50 scan=2.32,0.75,0.50,0.35,2.50,0.37,0.46,1.70,1.19,0.46,0.19,0.15,0.14,0.21,0.23,0.54
W 12.17 -13.09 h=7 f=0.57 r=0.31 scan=2.21,0.61,0.41,0.37,0.31,0.42,0.51,1.85,1.36,0.34,0.23,0.24,0.17,0.20,0.30,0.45
W 12.99 -13.07 h=2 f=0.65 r=0.34 scan=2.00,0.78,0.46,0.33,0.34,0.33,0.51,0.78,1.54,0.38,0.20,0.19,0.21,0.22,0.27,0.53
W 13.81 -13.08 h=356 f=0.54 r=0.30 scan=1.83,0.68,0.44,0.36,0.30,0.37,0.42,0.71,1.67,0.54,0.29,0.23,0.23,0.20,0.19,0.42
W 14.63 -13.15 h=357 f=0.46 r=0.30 scan=1.71,0.94,0.50,0.33,0.30,0.37,0.46,0.79,1.85,0.48,0.30,0.15,0.14,0.20,0.23,0.34
W 15.43 -13.19 h=359 f=0.57 r=0.32 scan=1.56,0.81,0.40,0.34,0.32,0.30,0.44,0.93,2.04,0.51,0.19,0.20,0.17,0.19,0.20,0.45
W 16.26 -13.25 h=359 f=1.21 r=0.35 scan=1.34,1.09,0.48,0.32,0.35,0.30,0.39,0.79,2.12,0.60,0.27,0.19,0.13,0.14,0.27,2.50
W 17.09 -13.32 h=352 f=0.58 r=0.25 scan=1.19,1.26,0.53,0.38,0.25,0.34,0.40,0.70,2.33,0.49,0.18,0.17,0.20,0.16,0.16,0.46
W 17.93 -13.42 h=353 f=0.48 r=0.36 scan=0.99,1.11,0.48,0.42,0.36,0.31,0.49,0.88,2.49,0.33,0.29,0.12,0.15,0.14,0.23,0.36
W 18.87 -13.43 h=6 f=0.87 r=0.38 scan=0.88,0.75,0.53,0.34,0.38,0.40,0.45,1.07,2.32,0.27,0.22,0.17,0.19,0.20,0.24,0.90
W 19.84 -13.37 h=4 f=0.66 r=0.30 scan=0.66,0.76,0.48,0.39,0.30,0.39,0.52,1.01,1.71,0.39,0.30,0.18,0.15,0.18,0.84,0.68
W 20.66 -13.34 h=1 f=0.48 r=0.36 scan=0.48,0.59,0.41,0.38,0.36,0.35,0.53,0.74,2.50,0.46,0.19,0.17,0.64,0.65,0.59,0.49
W 21.45 -13.75 h=291 f=0.58 r=0.33 scan=0.71,0.46,0.33,0.37,0.33,0.45,0.32,0.38,0.39,0.43,0.83,2.50,0.54,0.25,0.71,0.64
W 21.66 -14.54 h=278 f=0.43 r=0.28 scan=0.43,0.55,0.35,0.30,0.28,0.37,0.57,0.46,0.54,0.58,0.82,2.30,2.50,0.93,0.61,0.50
W 21.24 -15.08 h=210 f=0.67 r=0.46 scan=0.80,0.55,0.42,0.38,0.46,0.34,0.29,0.27,0.32,0.44,0.56,0.61,0.61,0.93,0.33,2.50
W 20.50 -15.44 h=200 f=0.57 r=0.36 scan=0.95,0.45,0.38,0.33,0.36,0.37,0.44,0.45,0.46,0.58,0.67,0.68,2.50,0.24,0.28,2.50
W 19.69 -15.64 h=184 f=0.76 r=0.32 scan=2.44,0.70,0.31,0.30,0.32,0.34,0.43,0.59,2.50,0.71,0.82,0.22,0.20,0.20,0.23,0.64
W 18.85 -15.66 h=178 f=0.55 r=0.27 scan=2.21,0.86,0.49,0.29,0.27,0.32,0.39,0.57,0.76,0.81,0.31,0.18,0.14,2.50,0.25,0.43
W 18.03 -15.52 h=171 f=0.39 r=0.32 scan=0.88,2.13,0.64,0.46,0.32,0.29,0.33,0.55,0.95,0.95,0.23,0.14,0.15,0.16,0.24,0.27
W 17.23 -15.51 h=178 f=0.62 r=0.36 scan=1.91,0.86,0.47,0.39,0.36,0.31,0.38,0.81,1.10,0.31,0.24,0.18,0.22,0.18,0.17,0.50
W 16.40 -15.52 h=182 f=0.69 r=0.37 scan=1.71,0.73,0.45,0.34,0.37,0.38,0.44,0.95,1.27,0.38,0.28,0.16,0.14,0.27,0.28,0.57
W 15.58 -15.54 h=181 f=0.56 r=0.33 scan=1.55,0.84,0.53,0.36,0.33,0.37,0.45,0.87,1.43,0.43,0.23,0.23,0.22,0.22,0.27,0.44
W 14.73 -15.54 h=177 f=0.72 r=0.31 scan=1.38,0.74,0.42,0.39,0.31,0.34,0.53,0.76,1.60,0.37,0.30,0.23,0.20,0.28,0.27,0.60
W 13.91 -15.56 h=181 f=0.64 r=0.36 scan=1.22,0.74,0.49,0.35,0.36,0.32,0.44,0.78,1.76,0.51,0.28,0.25,0.24,0.19,0.28,0.52
W 12.71 -15.57 h=177 f=0.97 r=0.32 scan=0.97,1.10,0.38,0.36,0.32,0.33,0.46,0.90,2.00,0.54,0.35,0.19,0.21,0.23,0.30,2.50
W 11.87 -15.53 h=178 f=0.63 r=0.33 scan=0.81,0.91,1.13,0.30,0.33,0.38,0.42,0.80,2.16,0.58,0.28,0.21,0.23,0.21,0.32,0.51
W 11.04 -15.47 h=175 f=0.52 r=0.30 scan=0.66,0.67,0.85,1.47,0.30,0.33,0.46,0.75,2.33,0.50,0.32,0.17,0.22,0.25,0.32,0.40
W 10.23 -15.39 h=178 f=0.48 r=0.44 scan=0.48,0.51,0.74,1.45,0.44,0.33,0.54,0.89,2.50,0.47,0.27,0.24,0.22,0.24,0.24,0.46
W 9.66 -15.84 h=239 f=0.65 r=0.65 scan=0.74,1.36,0.39,0.37,0.65,1.66,0.74,0.36,0.27,0.24,0.23,0.24,0.40,0.42,0.37,0.53
W 9.24 -16.54 h=241 f=0.61 r=0.28 scan=0.72,1.19,0.62,0.28,0.28,1.61,1.17,0.52,0.43,0.38,0.36,0.43,0.35,0.28,0.34,0.49
W 8.82 -17.23 h=249 f=0.48 r=0.27 scan=1.07,1.04,1.09,0.32,0.27,2.50,1.20,0.66,0.53,0.47,0.49,0.27,0.24,0.29,0.33,0.36
W 8.55 -17.99 h=258 f=0.45 r=0.29 scan=0.91,0.90,1.01,0.41,0.29,0.33,1.07,0.78,0.64,0.65,0.29,0.27,0.24,0.26,0.21,0.33
W 8.35 -18.79 h=259 f=0.72 r=0.38 scan=0.72,0.73,0.88,1.36,0.38,0.32,0.40,0.94,0.77,0.69,0.33,0.25,0.13,0.14,0.18,0.85
W 8.27 -19.60 h=271 f=0.58 r=0.40 scan=0.58,0.63,0.76,1.50,0.40,0.40,0.50,1.04,0.97,0.46,0.17,0.15,0.15,0.15,0.76,0.63
W 8.36 -20.42 h=285 f=0.43 r=0.44 scan=0.43,0.54,0.90,1.34,0.44,0.45,1.25,1.09,0.68,0.28,0.18,0.66,0.72,0.65,0.47,0.41
W 8.95 -20.87 h=335 f=0.62 r=1.26 scan=0.92,1.33,0.55,0.43,1.26,1.17,0.67,0.33,0.75,0.69,0.70,0.47,0.33,0.37,0.34,0.50
W 9.74 -21.11 h=345 f=0.53 r=0.43 scan=1.01,1.14,0.43,0.30,0.43,1.21,0.84,0.52,0.88,0.90,0.58,0.36,0.27,0.29,0.33,0.41
W 10.51 -21.38 h=338 f=0.46 r=0.33 scan=0.59,0.98,1.91,0.33,0.33,0.30,1.29,0.71,1.08,1.07,0.52,0.30,0.27,0.25,0.25,0.34
W 11.30 -21.61 h=350 f=0.49 r=0.33 scan=0.85,0.87,1.34,0.33,0.33,0.34,1.20,0.84,1.23,0.85,0.35,0.23,0.16,0.17,0.26,0.37
W 12.11 -21.79 h=346 f=0.38 r=0.31 scan=0.67,0.67,1.59,1.01,0.31,0.33,0.45,1.03,1.40,0.79,0.22,0.19,0.18,0.19,0.20,0.26
W 12.88 -21.52 h=21 f=0.58 r=0.31 scan=0.58,1.09,0.87,0.77,0.31,0.50,1.09,1.54,0.59,0.26,0.29,0.22,0.19,0.26,0.41,0.48
W 13.65 -21.23 h=28 f=0.53 r=0.91 scan=1.37,0.90,0.72,0.73,0.91,0.36,1.15,1.33,0.45,0.35,0.25,0.27,0.31,0.45,0.34,0.41
W 14.24 -20.59 h=60 f=0.70 r=0.93 scan=0.70,0.62,0.63,0.72,0.93,1.30,1.45,0.62,0.44,0.40,0.38,0.45,0.27,0.29,0.27,1.06
W 14.53 -19.82 h=79 f=0.46 r=0.83 scan=0.46,0.42,0.53,0.84,0.83,1.88,1.03,0.72,0.57,0.57,0.33,0.26,0.43,2.23,0.85,0.57
W 14.99 -19.24 h=28 f=0.60 r=0.36 scan=0.80,0.48,0.36,0.35,0.36,0.52,0.89,0.65,1.35,0.83,0.67,0.66,0.39,0.25,0.50,2.21
W 15.77 -18.94 h=15 f=0.50 r=0.29 scan=1.17,0.38,0.33,0.27,0.29,0.34,0.56,1.04,0.76,1.17,0.78,0.70,0.23,0.32,0.38,1.27
W 16.85 -18.88 h=356 f=0.76 r=0.25 scan=1.75,0.84,0.44,0.27,0.25,0.30,0.34,0.51,1.25,2.00,1.13,0.27,0.28,0.24,0.33,0.64
W 17.65 -19.04 h=346 f=0.55 r=0.33 scan=0.83,1.65,0.56,0.42,0.33,0.27,0.33,0.46,1.37,1.14,0.39,0.28,0.19,0.20,0.25,0.43
W 18.46 -19.19 h=355 f=0.50 r=0.35 scan=1.44,1.49,0.53,0.42,0.35,0.35,0.36,0.74,1.59,2.14,0.23,0.21,0.19,0.17,0.28,0.38
W 19.28 -19.21 h=1 f=0.63 r=0.38 scan=1.24,0.82,0.48,0.36,0.38,0.40,0.44,0.95,1.73,0.37,0.23,0.18,0.21,0.24,0.25,0.51
W 20.18 -19.17 h=2 f=1.08 r=0.31 scan=1.08,1.27,0.48,0.36,0.31,0.42,0.53,0.93,1.88,0.46,0.31,0.24,0.18,0.18,0.25,1.16
W 21.53 -19.13 h=0 f=0.78 r=0.34 scan=0.78,0.93,0.46,0.40,0.34,0.37,0.46,0.83,2.16,0.56,0.23,0.21,0.21,0.16,0.34,0.89
W 22.35 -19.08 h=10 f=0.67 r=0.36 scan=0.67,0.77,1.17,0.33,0.36,0.36,0.49,1.11,1.31,0.36,0.25,0.20,0.26,0.76,0.76,0.68
W 23.16 -18.91 h=13 f=0.56 r=0.28 scan=0.56,0.61,0.97,2.50,0.28,0.41,0.55,1.71,2.50,0.45,0.33,0.27,0.76,0.88,0.57,0.49
W 23.95 -18.70 h=27 f=0.41 r=0.44 scan=0.41,0.58,1.07,1.41,0.44,0.42,0.73,2.50,0.63,0.43,0.80,0.75,0.78,0.43,0.33,0.34
W 24.50 -18.14 h=50 f=0.39 r=0.36 scan=0.45,0.89,2.44,0.55,0.36,0.55,2.50,0.80,0.56,0.87,0.86,0.55,0.28,0.26,0.29,0.27
W 24.75 -17.38 h=72 f=0.45 r=0.31 scan=0.79,2.30,0.67,0.42,0.31,2.50,1.00,0.71,1.00,1.03,0.32,0.29,0.23,0.20,0.23,0.33
W 24.88 -16.59 h=84 f=0.55 r=0.36 scan=2.50,0.77,0.51,0.36,0.36,0.33,0.99,1.22,1.11,0.40,0.29,0.19,0.17,0.22,0.20,0.43
W 24.86 -15.77 h=93 f=0.68 r=0.34 scan=2.50,0.63,0.42,0.33,0.34,0.40,1.09,1.39,1.35,0.51,0.26,0.21,0.14,0.20,0.24,0.56
W 24.84 -14.95 h=93 f=0.71 r=0.32 scan=2.50,0.72,0.47,0.34,0.32,0.34,0.50,1.11,1.48,0.52,0.22,0.20,0.19,0.20,0.31,0.59
W 24.86 -14.13 h=85 f=0.58 r=0.31 scan=2.50,0.97,0.42,0.37,0.31,0.36,0.42,1.24,1.61,0.56,0.28,0.21,0.20,0.23,0.24,0.46
W 24.92 -13.28 h=87 f=0.56 r=0.31 scan=1.89,1.13,0.43,0.34,0.31,0.35,0.46,0.77,1.81,0.48,0.30,0.23,0.17,0.17,0.24,0.44
W 25.01 -12.46 h=83 f=0.42 r=0.32 scan=1.37,1.17,0.54,0.35,0.32,0.32,0.42,0.69,2.00,0.58,0.27,0.18,0.19,0.19,0.28,0.30
W 25.03 -11.66 h=88 f=0.51 r=0.30 scan=2.41,0.84,0.48,0.40,0.30,0.34,0.54,1.04,2.14,0.45,0.23,0.20,0.21,0.17,0.19,0.39
FROZEN n=1
W 24.72 -10.53 h=134 f=0.56 r=0.47 scan=0.56,0.45,0.34,0.39,0.47,0.91,2.15,0.31,0.19,0.18,0.16,0.09,0.12,0.28,2.28,1.12
W 24.24 -9.86 h=117 f=0.50 r=0.26 scan=0.61,0.38,0.30,0.32,0.26,0.43,1.21,1.57,0.46,0.32,0.19,0.24,0.24,0.30,0.74,2.17
W 23.99 -9.08 h=95 f=0.59 r=0.23 scan=2.01,0.47,0.25,0.27,0.23,0.29,0.35,0.81,2.22,0.58,0.33,0.30,0.26,0.29,0.43,0.93
W 24.07 -8.27 h=72 f=0.52 r=0.23 scan=1.04,1.84,0.44,0.34,0.23,0.23,0.28,0.45,0.98,1.57,0.43,0.29,0.24,0.30,0.33,0.40
W 24.30 -7.48 h=74 f=0.43 r=0.29 scan=0.86,1.70,0.53,0.36,0.29,0.33,0.29,0.47,0.97,2.50,0.41,0.27,0.25,0.22,0.21,0.31
W 24.54 -6.69 h=70 f=0.43 r=0.33 scan=0.67,1.47,0.63,0.42,0.33,0.32,0.43,0.57,1.08,1.47,0.37,0.23,0.14,0.14,0.15,0.31
W 24.69 -5.90 h=94 f=0.65 r=0.35 scan=1.39,0.69,0.43,0.40,0.35,0.41,0.55,1.14,1.56,0.28,0.12,0.11,0.14,0.15,0.23,0.53
W 24.64 -5.08 h=94 f=0.54 r=0.37 scan=1.24,0.79,0.46,0.31,0.37,0.35,0.61,1.11,1.91,0.29,0.19,0.17,0.17,0.18,0.22,0.42
W 24.62 -4.25 h=89 f=0.41 r=0.32 scan=1.04,1.12,0.41,0.35,0.32,0.33,0.45,0.99,2.50,0.35,0.24,0.16,0.14,0.19,0.25,0.29
W 24.59 -3.45 h=95 f=0.56 r=0.33 scan=2.50,0.97,0.47,0.32,0.33,0.35,0.53,0.97,2.50,2.50,0.20,0.19,0.19,0.17,0.19,0.45
W 24.56 -2.62 h=90 f=0.49 r=0.27 scan=0.71,0.77,1.05,0.37,0.27,0.35,0.43,0.84,2.50,0.42,0.29,0.10,0.12,0.23,0.26,0.37
W 24.56 -1.80 h=95 f=0.58 r=0.34 scan=0.58,0.61,0.89,0.86,0.34,0.34,0.47,0.89,2.50,0.43,0.23,0.23,0.17,0.18,0.21,0.53
W 24.50 -0.99 h=102 f=0.40 r=1.37 scan=0.40,0.47,0.80,0.80,1.37,0.40,0.59,1.67,0.96,0.35,0.22,0.17,0.15,0.23,0.37,0.34
W 23.81 -0.61 h=165 f=0.59 r=0.80 scan=0.79,0.77,0.27,0.39,0.80,1.87,0.44,0.37,0.27,0.27,0.35,0.38,0.36,0.31,2.50,0.47
W 23.00 -0.59 h=194 f=0.59 r=1.61 scan=0.59,1.30,0.74,0.36,1.61,0.75,0.52,0.41,0.48,0.52,0.44,0.34,0.34,0.38,0.65,0.55
W 22.15 -1.10 h=212 f=0.80 r=0.16 scan=1.11,0.68,0.57,0.56,0.16,0.14,0.64,0.62,0.72,0.46,0.45,0.43,0.58,0.53,0.41,0.91
W 21.09 -1.75 h=213 f=0.83 r=0.53 scan=0.83,1.18,0.45,0.43,0.53,0.42,0.31,0.33,0.96,0.68,0.55,0.62,0.30,0.24,0.29,0.75
W 20.32 -2.22 h=212 f=0.64 r=0.35 scan=0.64,0.92,1.38,0.38,0.35,0.59,0.52,0.49,1.17,0.79,0.72,0.27,0.17,0.34,0.54,0.56
W 19.65 -2.71 h=219 f=0.49 r=0.34 scan=0.49,0.77,1.27,0.45,0.34,0.41,0.61,0.63,1.21,0.83,0.24,0.29,0.35,0.44,0.46,0.39
W 19.13 -3.29 h=246 f=0.52 r=0.41 scan=0.74,1.14,0.46,0.27,0.41,0.69,0.77,1.17,0.34,0.36,0.36,0.40,0.38,0.31,0.34,0.40
W 18.83 -4.07 h=263 f=0.59 r=0.27 scan=1.02,1.03,0.34,0.32,0.27,0.83,1.58,1.10,0.51,0.48,0.43,0.28,0.24,0.26,0.25,0.47
W 18.65 -4.87 h=257 f=0.49 r=0.33 scan=0.87,0.83,1.47,0.29,0.33,0.29,0.95,1.35,0.65,0.63,0.47,0.25,0.20,0.17,0.25,0.37
W 18.50 -5.66 h=267 f=0.43 r=0.28 scan=0.74,0.71,1.37,0.37,0.28,0.35,0.40,2.50,0.81,0.67,0.30,0.15,0.17,0.19,0.23,0.31
W 18.67 -6.41 h=296 f=0.65 r=0.30 scan=0.65,1.09,0.33,0.29,0.30,0.47,1.53,0.89,0.48,0.23,0.21,0.20,0.19,0.26,0.29,0.65
W 18.92 -7.20 h=283 f=0.43 r=0.28 scan=0.43,1.19,0.86,0.72,0.28,0.26,0.53,1.02,0.96,0.37,0.29,0.20,0.20,0.20,0.47,0.49
W 19.34 -7.89 h=310 f=0.43 r=0.92 scan=1.05,0.82,0.69,0.71,0.92,0.33,1.35,1.17,0.52,0.34,0.23,0.23,0.37,0.40,0.35,0.31
W 19.98 -8.37 h=335 f=0.60 r=0.86 scan=0.60,0.56,0.65,0.88,0.86,1.23,1.17,0.61,0.37,0.35,0.43,0.38,0.21,0.20,0.24,0.85
W 21.00 -8.79 h=306 f=0.59 r=0.51 scan=0.72,0.47,0.42,0.37,0.51,0.82,0.83,0.54,1.04,0.70,0.51,0.62,0.38,0.23,0.69,0.77
W 21.42 -9.49 h=294 f=0.49 r=0.34 scan=0.64,0.37,0.33,0.32,0.34,0.50,0.97,0.92,1.56,0.92,0.62,0.65,1.36,0.77,0.58,0.59
W 21.64 -10.29 h=277 f=0.46 r=0.26 scan=0.46,0.49,0.38,0.25,0.26,0.29,0.42,1.12,1.06,1.42,0.87,0.41,2.31,0.83,0.52,0.41
W 21.43 -10.71 h=201 f=0.63 r=0.38 scan=0.86,0.51,0.33,0.35,0.38,0.38,0.32,0.22,2.50,0.38,0.72,1.18,1.79,1.01,0.45,2.26
W 20.63 -10.91 h=192 f=0.65 r=0.27 scan=1.57,0.53,0.40,0.27,0.27,0.40,2.50,0.48,0.41,0.46,0.64,1.21,1.74,0.28,0.36,0.89
W 19.81 -10.96 h=177 f=0.63 r=0.30 scan=1.91,0.77,0.37,0.34,0.30,0.28,0.36,0.65,0.56,0.62,0.77,0.25,0.25,0.25,0.25,0.51
W 18.99 -10.91 h=174 f=0.53 r=0.31 scan=1.77,0.96,0.51,0.30,0.31,0.33,0.37,0.70,0.78,0.78,0.34,0.26,0.21,0.20,0.26,0.41
W 18.18 -10.80 h=171 f=0.54 r=0.34 scan=2.13,1.06,0.49,0.40,0.34,0.30,0.43,0.56,0.97,0.94,0.36,0.18,0.18,0.17,0.20,0.42
W 17.37 -10.68 h=169 f=0.41 r=0.38 scan=1.43,1.18,0.55,0.39,0.38,0.35,0.42,0.66,1.13,0.64,0.26,0.17,0.15,0.15,0.25,0.29
W 16.51 -10.63 h=181 f=0.69 r=0.39 scan=1.27,0.77,0.50,0.34,0.39,0.38,0.48,0.87,1.23,0.38,0.19,0.18,0.20,0.18,0.24,0.57
W 15.69 -10.67 h=184 f=0.59 r=0.33 scan=1.08,0.68,0.43,0.35,0.33,0.41,0.49,0.92,1.41,0.37,0.29,0.15,0.16,0.20,0.24,0.47
W 14.84 -10.64 h=178 f=0.86 r=0.35 scan=0.94,0.74,0.46,0.32,0.35,0.35,0.58,0.96,1.55,0.44,0.25,0.21,0.18,0.18,0.30,1.53
W 13.67 -10.56 h=173 f=0.71 r=0.35 scan=0.71,0.77,0.51,0.34,0.35,0.29,0.46,0.80,1.88,0.48,0.27,0.21,0.17,0.14,0.18,1.31
W 12.85 -10.50 h=174 f=0.55 r=0.29 scan=0.55,0.60,0.44,0.39,0.29,0.39,0.38,0.72,2.05,0.46,0.26,0.14,0.13,0.69,1.53,1.11
W 12.03 -10.43 h=178 f=0.39 r=0.37 scan=0.39,0.32,0.51,0.35,0.37,0.35,0.48,0.84,2.12,0.48,0.23,0.37,0.67,0.70,1.21,0.89
W 11.33 -9.92 h=128 f=0.73 r=0.25 scan=1.10,0.79,0.23,0.29,0.25,0.50,0.38,0.43,0.54,0.94,2.33,0.28,0.37,0.62,0.56,0.61
W 10.93 -9.18 h=116 f=0.55 r=0.69 scan=0.97,0.91,0.71,0.68,0.69,0.27,0.33,0.52,0.59,2.50,1.52,0.38,0.35,0.52,0.48,0.43
W 10.45 -8.43 h=128 f=0.68 r=0.68 scan=0.79,0.56,0.52,0.62,0.68,0.81,0.46,0.78,0.95,0.50,0.46,0.53,0.47,0.33,0.29,0.78
W 9.90 -7.82 h=132 f=0.54 r=0.67 scan=0.59,0.42,0.42,0.49,0.67,0.95,0.84,0.89,1.13,0.63,0.64,0.33,0.26,1.26,0.66,0.68
W 9.39 -7.18 h=121 f=0.51 r=0.34 scan=0.63,0.39,0.30,2.50,0.34,0.63,0.96,0.83,1.12,0.82,0.74,0.73,0.78,1.25,0.57,0.48
W 9.08 -6.43 h=103 f=0.39 r=0.24 scan=0.39,0.47,0.29,0.27,0.24,0.30,0.44,1.14,0.78,1.36,0.90,0.61,0.76,1.53,0.44,0.36
W 9.58 -5.92 h=41 f=0.46 r=0.41 scan=1.20,0.34,0.30,0.27,0.41,0.34,0.32,0.31,0.42,0.74,1.21,1.19,1.62,0.51,0.72,0.69
W 10.30 -5.53 h=16 f=0.57 r=2.50 scan=0.57,1.00,0.78,0.22,2.50,0.24,0.52,2.50,0.50,0.63,1.09,1.25,0.28,0.42,0.62,0.56
W 11.11 -5.30 h=26 f=0.48 r=0.24 scan=2.12,0.86,0.70,0.73,0.24,0.30,0.40,0.58,0.67,0.97,1.38,0.31,0.40,0.52,0.46,0.36
W 11.75 -4.89 h=48 f=0.76 r=0.27 scan=0.76,0.66,0.66,0.46,0.27,0.35,0.70,0.78,1.12,0.38,0.42,0.42,0.42,0.29,0.25,1.99
W 12.26 -4.24 h=60 f=0.57 r=0.44 scan=0.57,0.49,0.53,0.53,0.44,0.31,0.82,1.07,0.59,0.56,0.57,0.29,0.17,0.23,1.23,0.80
W 12.82 -3.50 h=25 f=0.53 r=0.42 scan=1.79,0.41,0.32,0.34,0.42,0.52,0.41,0.38,1.04,1.46,0.70,0.67,0.21,0.26,1.19,1.06
W 13.58 -3.21 h=10 f=0.62 r=0.28 scan=0.98,0.50,2.50,0.30,0.28,0.32,0.63,0.54,0.54,1.32,0.81,0.22,0.22,0.28,0.47,0.98
W 14.62 -3.10 h=356 f=0.70 r=0.26 scan=0.70,1.36,1.08,0.31,0.26,0.26,0.35,0.67,0.78,1.30,1.74,0.26,0.30,0.31,0.98,0.84
W 15.45 -3.18 h=351 f=0.58 r=0.28 scan=0.58,0.61,1.28,0.92,0.28,0.32,0.31,0.56,0.88,1.47,2.50,0.30,0.25,0.25,0.91,0.67
W 16.32 -3.11 h=34 f=0.53 r=0.41 scan=1.10,0.89,0.79,0.30,0.41,0.43,2.50,1.61,0.42,0.29,1.27,0.79,0.72,0.50,0.42,0.41
W 16.94 -2.57 h=42 f=0.46 r=0.26 scan=1.01,0.75,0.65,0.72,0.26,0.46,1.17,1.82,0.56,1.49,0.86,0.87,0.43,0.29,0.28,0.34
W 17.43 -1.92 h=68 f=0.57 r=1.41 scan=0.57,0.54,0.61,0.76,1.41,0.55,1.89,0.73,1.61,0.99,0.53,0.23,0.23,0.20,0.77,0.82
W 17.67 -1.13 h=76 f=0.39 r=2.27 scan=0.39,0.37,0.47,0.71,2.27,0.45,2.23,0.78,1.15,0.92,0.31,0.29,0.67,0.69,0.71,0.41
W 17.03 -0.68 h=148 f=0.55 r=0.83 scan=0.66,2.50,0.69,2.21,0.83,1.19,0.96,0.37,0.39,0.73,0.70,0.57,0.37,0.37,0.36,0.43
W 16.28 -0.34 h=162 f=0.59 r=0.78 scan=0.94,2.50,0.51,0.28,0.78,1.28,0.76,0.49,0.89,0.85,0.51,0.39,0.26,0.29,0.30,0.47
W 15.50 -0.10 h=158 f=0.47 r=0.24 scan=0.75,2.43,0.71,0.43,0.24,0.27,1.22,0.69,0.78,1.00,0.49,0.31,0.24,0.22,0.28,0.35
W 16.12 0.19 h=11 f=0.47 r=0.19 scan=1.11,0.35,0.25,0.18,0.19,0.27,0.29,0.72,2.40,0.67,0.38,0.26,0.31,1.20,0.73,1.11
W 16.93 0.11 h=344 f=0.68 r=0.24 scan=0.95,0.90,0.40,0.24,0.24,0.22,0.22,0.40,0.82,2.50,0.56,0.31,0.30,1.33,0.85,0.56
W 17.68 -0.23 h=333 f=0.51 r=0.37 scan=0.51,0.80,0.81,0.39,0.37,0.22,0.31,0.37,0.59,2.50,0.65,0.33,0.86,1.24,0.75,0.41
W 18.32 -0.97 h=270 f=0.45 r=0.65 scan=1.11,0.33,0.29,0.39,0.65,0.68,0.43,0.34,0.39,0.30,0.49,0.91,2.50,1.47,0.93,1.78
W 17.97 -2.08 h=240 f=0.87 r=0.20 scan=1.65,0.98,0.76,0.23,0.20,0.21,0.75,0.91,0.60,0.60,0.60,0.74,1.19,0.53,1.34,0.75
W 17.24 -2.89 h=202 f=0.57 r=0.84 scan=0.76,0.45,1.38,0.83,0.84,0.41,0.32,0.25,0.35,1.04,0.78,0.72,0.79,0.30,0.49,2.50
W 16.55 -3.28 h=223 f=0.39 r=0.62 scan=0.43,0.27,0.73,0.74,0.62,0.43,0.37,0.45,1.17,0.84,0.83,0.30,0.42,0.71,1.12,0.64
W 15.75 -3.42 h=183 f=0.58 r=0.20 scan=0.99,0.46,0.32,0.24,0.20,0.77,0.71,0.56,0.47,0.59,1.06,0.83,0.33,0.39,0.54,1.04
W 14.82 -3.29 h=165 f=0.58 r=0.23 scan=0.81,0.77,1.43,0.24,0.23,0.27,0.28,0.92,0.74,0.69,1.39,1.01,0.35,0.26,0.36,0.46
W 14.07 -2.94 h=154 f=0.42 r=0.92 scan=0.54,0.57,0.65,1.46,0.92,0.26,0.29,0.42,1.00,0.81,1.48,0.37,0.17,0.24,0.25,0.30
W 13.27 -2.78 h=181 f=0.47 r=0.40 scan=0.47,0.50,1.38,0.86,0.40,0.34,0.54,1.11,1.03,0.50,0.25,0.19,0.18,0.19,0.35,0.51
W 12.52 -3.03 h=226 f=0.49 r=0.38 scan=1.17,1.87,0.76,0.38,0.38,1.31,1.13,0.61,0.32,0.23,0.18,0.30,0.32,0.36,0.33,0.37
W 12.00 -3.70 h=245 f=0.79 r=0.37 scan=1.74,0.67,0.72,0.38,0.37,1.29,1.88,0.53,0.37,0.37,0.36,0.38,0.26,0.28,0.23,0.94
W 11.64 -4.47 h=246 f=0.61 r=0.32 scan=1.67,0.49,0.50,0.56,0.32,0.43,2.00,0.68,0.52,0.53,0.32,0.30,0.17,0.17,0.68,0.93
W 11.30 -5.24 h=244 f=0.45 r=0.49 scan=1.49,0.33,0.42,0.53,0.49,0.39,1.53,0.83,0.67,0.64,0.23,0.21,0.30,0.56,0.63,0.80
W 10.85 -6.01 h=225 f=0.68 r=0.35 scan=0.84,1.22,1.17,0.21,0.35,0.53,0.54,0.51,1.03,0.85,0.30,0.34,0.52,0.51,0.53,0.56
W 10.32 -6.64 h=234 f=0.57 r=0.78 scan=0.74,1.08,0.82,1.20,0.78,0.21,0.65,0.68,1.19,0.97,0.42,0.56,0.46,0.43,0.36,0.45
W 10.21 -7.60 h=284 f=0.44 r=0.41 scan=0.44,1.05,0.71,0.63,0.41,0.23,1.34,0.63,0.60,0.67,0.45,0.39,0.36,0.51,0.71,0.94
W 10.63 -8.53 h=304 f=0.77 r=0.54 scan=0.80,1.31,0.57,0.58,0.54,0.37,1.38,0.79,0.74,0.54,0.44,0.52,0.61,0.83,0.66,0.65
W 11.16 -9.15 h=316 f=0.71 r=0.61 scan=0.80,1.46,0.42,0.40,0.61,0.43,0.44,0.94,0.84,0.61,0.62,2.50,0.12,0.28,0.53,0.59
W 11.73 -9.74 h=319 f=0.57 r=0.40 scan=0.64,1.43,0.64,0.37,0.40,0.62,0.58,1.21,0.88,0.76,0.22,0.26,0.27,0.46,0.41,0.45
W 12.41 -10.21 h=331 f=0.60 r=0.36 scan=0.79,2.21,0.51,0.24,0.36,0.68,0.71,1.27,0.93,0.39,0.32,0.48,0.33,0.35,0.32,0.48
W 13.11 -10.63 h=321 f=0.44 r=0.27 scan=0.52,1.11,2.03,0.41,0.27,0.24,0.77,0.85,1.19,0.54,0.49,0.42,0.34,0.24,0.22,0.32
W 13.81 -10.91 h=342 f=0.49 r=0.32 scan=0.82,1.90,0.58,0.36,0.32,0.28,0.93,1.40,0.67,0.66,0.40,0.23,0.20,0.25,0.20,0.37
W 14.60 -11.12 h=346 f=0.47 r=0.33 scan=0.86,1.76,0.62,0.39,0.33,0.36,0.39,1.48,0.81,0.58,0.26,0.18,0.12,0.15,0.25,0.35
W 15.39 -11.24 h=359 f=0.61 r=0.33 scan=1.62,0.80,0.52,0.37,0.33,0.41,0.45,1.52,0.98,0.36,0.18,0.21,0.17,0.18,2.50,0.49
W 16.21 -11.22 h=4 f=0.62 r=0.35 scan=1.42,0.68,0.43,0.36,0.35,0.36,0.54,1.67,1.12,0.29,0.24,0.18,0.16,0.15,0.34,0.51
W 17.06 -11.21 h=0 f=0.53 r=0.36 scan=1.29,1.37,0.44,0.32,0.36,0.35,0.48,1.92,1.32,0.47,0.20,0.17,0.23,0.23,0.23,0.41
W 17.88 -11.23 h=357 f=0.59 r=0.30 scan=1.12,1.14,0.44,0.35,0.30,0.38,0.45,0.82,1.43,0.48,0.24,0.26,0.16,0.17,0.23,0.47
W 18.70 -11.26 h=359 f=0.54 r=0.33 scan=0.96,0.98,0.51,0.33,0.33,0.34,0.51,0.95,1.64,0.42,0.23,0.18,0.14,0.16,0.30,0.42
W 19.52 -11.31 h=356 f=0.44 r=0.34 scan=0.77,0.80,0.96,0.41,0.34,0.33,0.44,0.82,1.72,0.55,0.22,0.17,0.19,0.22,0.21,0.32
W 20.34 -11.31 h=7 f=0.59 r=0.38 scan=0.59,0.66,0.84,0.36,0.38,0.34,0.52,1.31,1.14,0.31,0.25,0.21,0.17,0.16,0.23,0.62
W 21.15 -11.16 h=16 f=0.39 r=0.32 scan=0.39,0.50,0.89,1.33,0.32,0.41,0.59,2.09,0.87,0.38,0.20,0.16,0.18,0.31,0.43,0.46
W 21.63 -10.51 h=67 f=0.65 r=0.44 scan=0.95,1.22,1.73,0.36,0.44,2.17,0.75,0.48,0.29,0.27,0.37,0.43,0.43,0.33,0.40,0.53
W 21.62 -9.45 h=110 f=1.10 r=1.42 scan=1.56,0.98,0.63,0.33,1.42,0.69,0.55,0.47,0.57,0.52,0.36,0.35,0.37,0.41,0.78,1.04
W 21.15 -8.21 h=117 f=0.65 r=0.59 scan=1.22,0.72,0.54,0.45,0.59,0.30,0.26,0.73,0.86,0.59,0.49,0.42,0.54,0.76,0.79,0.53
W 20.89 -7.56 h=105 f=0.74 r=0.46 scan=1.18,0.83,0.60,0.46,0.46,0.58,0.40,0.34,0.92,0.86,0.55,0.43,0.51,0.62,0.71,0.62
W 21.08 -6.99 h=49 f=0.70 r=0.62 scan=0.82,0.68,0.24,1.14,0.62,0.52,0.41,0.49,0.55,0.38,0.36,1.00,0.71,0.57,0.51,0.58
W 21.74 -6.50 h=31 f=0.60 r=0.86 scan=0.60,0.70,0.61,1.18,0.86,0.59,0.47,0.42,0.57,0.51,0.36,0.88,0.95,0.60,0.47,0.54
W 22.42 -6.05 h=33 f=0.60 r=0.88 scan=0.60,0.71,0.59,1.16,0.88,0.60,0.47,0.40,0.57,0.52,0.35,0.88,2.50,0.61,0.47,0.53
FROZEN n=1
W 22.69 -5.73 h=65 f=0.81 r=0.45 scan=0.81,1.21,1.18,0.60,0.45,0.35,0.43,0.46,0.30,0.25,0.86,0.88,0.60,0.53,0.60,0.85
W 22.72 -5.00 h=116 f=0.71 r=2.50 scan=1.07,0.59,0.45,0.38,2.50,0.52,0.34,0.33,1.01,0.71,0.61,0.51,0.61,0.84,0.17,1.12
W 22.36 -4.26 h=118 f=0.58 r=0.33 scan=0.93,0.46,0.43,0.36,0.33,0.57,0.57,0.47,1.15,0.84,0.59,0.14,0.14,0.13,0.19,0.99
W 22.07 -3.45 h=104 f=0.64 r=0.34 scan=0.83,0.52,0.33,0.32,0.34,0.36,0.46,0.71,0.70,1.07,0.22,0.12,0.12,0.27,0.35,0.82
W 21.95 -2.64 h=95 f=0.70 r=0.26 scan=0.70,0.62,0.39,0.29,0.26,0.33,0.41,0.86,0.79,1.52,0.19,0.22,0.24,0.25,1.55,1.27
W 21.98 -1.80 h=84 f=0.52 r=0.30 scan=0.52,0.51,2.50,0.32,0.30,0.32,0.39,0.62,1.03,1.66,0.31,0.23,0.17,0.79,1.42,1.11
W 21.71 -2.25 h=252 f=0.53 r=0.39 scan=0.78,1.09,0.38,0.24,0.39,0.72,0.79,1.17,0.39,0.39,0.40,0.40,0.36,0.30,0.34,0.41
W 21.41 -2.99 h=258 f=0.58 r=0.26 scan=1.01,0.98,0.34,0.32,0.26,0.76,0.92,1.15,0.51,0.52,0.45,0.29,0.25,0.26,0.23,0.46
W 21.19 -3.81 h=254 f=0.46 r=0.27 scan=0.50,0.83,1.52,0.32,0.27,0.32,0.32,1.47,0.67,0.65,0.52,0.27,0.20,0.17,0.24,0.34
W 21.04 -4.60 h=260 f=0.41 r=0.27 scan=0.71,0.70,1.43,0.38,0.27,0.32,0.40,1.55,0.84,0.76,0.33,0.17,0.18,0.19,0.23,0.29
W 21.33 -5.32 h=288 f=0.57 r=0.24 scan=0.57,1.08,0.80,0.28,0.24,0.43,1.52,0.93,0.54,0.26,0.25,0.20,0.20,0.24,0.32,0.64
W 21.55 -6.11 h=280 f=0.41 r=0.23 scan=0.41,1.15,0.91,0.72,0.23,0.28,0.48,1.07,1.07,0.43,0.31,0.24,0.19,0.20,0.44,0.46
W 21.99 -6.78 h=312 f=0.40 r=0.91 scan=1.05,0.77,0.64,0.70,0.91,0.34,1.17,1.11,0.52,0.34,0.26,0.28,0.41,0.39,0.32,0.28
W 22.60 -7.32 h=324 f=0.63 r=0.96 scan=0.63,0.56,0.50,0.66,0.96,0.78,1.31,0.74,0.51,0.36,0.46,0.41,0.22,0.18,0.20,0.83
W 23.29 -7.78 h=329 f=0.45 r=0.73 scan=0.45,0.40,0.42,0.46,0.73,0.94,0.40,1.08,0.69,0.55,0.56,0.17,0.14,0.63,0.66,0.74
W 23.28 -8.45 h=232 f=0.66 r=0.37 scan=0.71,0.54,0.62,0.60,0.37,0.31,0.35,0.35,0.58,0.92,0.78,1.21,0.79,0.62,0.20,1.12
W 22.86 -9.16 h=244 f=0.47 r=0.49 scan=0.47,0.38,0.49,0.57,0.49,0.40,0.42,0.52,0.90,1.08,1.63,0.10,0.27,1.18,1.35,0.61
W 22.45 -9.87 h=229 f=0.40 r=0.48 scan=0.41,0.28,0.24,0.31,0.48,0.53,0.45,0.54,0.69,1.25,0.24,0.29,0.34,0.82,1.83,0.60
W 21.70 -10.13 h=188 f=0.57 r=0.21 scan=1.14,0.45,0.29,0.27,0.21,0.23,0.39,0.64,0.58,0.69,1.03,0.31,0.29,0.28,0.48,1.25
W 20.87 -10.08 h=172 f=0.69 r=0.23 scan=2.31,0.95,0.50,0.27,0.23,0.28,0.29,0.38,0.79,0.79,0.92,0.36,0.24,0.25,0.33,0.57
W 20.09 -9.82 h=158 f=0.47 r=0.29 scan=0.64,1.53,0.77,0.44,0.29,0.28,0.30,0.41,0.86,0.90,1.04,0.28,0.20,0.21,0.21,0.35
W 19.32 -9.54 h=164 f=0.41 r=0.42 scan=0.78,1.47,0.68,0.39,0.42,0.34,0.37,0.60,1.10,1.12,0.25,0.20,0.15,0.14,0.23,0.29
W 18.52 -9.51 h=181 f=0.68 r=0.38 scan=1.25,0.77,0.47,0.33,0.38,0.38,0.47,0.85,1.23,0.37,0.21,0.18,0.18,0.17,0.23,0.56
W 17.69 -9.54 h=185 f=0.61 r=0.33 scan=1.07,0.68,0.44,0.34,0.33,0.43,0.48,0.93,1.42,0.35,0.29,0.17,0.15,0.21,0.26,0.49
W 16.87 -9.53 h=180 f=0.56 r=0.35 scan=0.96,0.76,0.46,0.32,0.35,0.35,0.55,0.77,1.53,0.46,0.24,0.19,0.19,0.19,0.30,0.44
W 15.70 -9.44 h=174 f=0.72 r=0.34 scan=0.72,0.78,0.53,0.34,0.34,0.32,0.45,0.80,1.86,0.48,0.23,0.22,0.19,0.17,0.19,1.32
W 14.88 -9.38 h=176 f=0.56 r=0.30 scan=0.56,0.61,0.43,0.37,0.30,0.39,0.51,2.50,2.03,0.48,0.28,0.17,0.15,0.68,1.52,1.09
W 14.06 -9.32 h=179 f=0.41 r=2.50 scan=0.41,0.34,0.50,0.35,2.50,0.33,0.46,0.84,2.13,0.48,0.19,0.36,0.68,0.73,1.21,0.91
W 13.34 -8.89 h=132 f=0.91 r=0.43 scan=1.09,0.79,0.27,0.27,0.43,0.42,0.36,0.41,0.57,0.94,2.22,0.27,0.39,0.66,0.56,1.16
W 12.91 -8.17 h=108 f=0.59 r=0.16 scan=0.98,0.93,0.70,0.67,0.16,0.29,0.29,0.48,0.58,0.73,1.40,0.34,0.38,0.53,0.52,0.47
W 12.50 -7.44 h=127 f=0.72 r=0.72 scan=0.90,0.60,0.53,0.59,0.72,0.78,0.43,0.74,0.92,1.51,0.49,0.53,0.49,0.33,0.33,0.82
W 11.94 -6.84 h=134 f=0.57 r=0.64 scan=0.62,0.45,0.44,0.53,0.64,0.84,0.44,0.90,1.10,0.62,0.58,0.51,0.28,1.28,0.69,0.79
W 11.39 -6.22 h=125 f=0.49 r=0.47 scan=0.49,0.38,0.31,0.35,0.47,0.71,0.96,0.54,1.13,0.76,0.74,0.31,0.82,1.23,0.57,0.58
W 11.02 -5.46 h=105 f=0.46 r=0.21 scan=0.46,0.45,0.28,0.25,0.21,0.33,0.59,1.08,0.75,1.40,0.87,0.58,0.78,1.50,0.45,0.39
W 11.41 -4.81 h=45 f=0.47 r=0.43 scan=1.19,0.35,0.27,0.35,0.43,0.28,0.29,0.29,0.42,0.85,1.23,1.23,1.65,0.37,0.75,0.75
W 12.11 -4.38 h=20 f=0.69 r=0.23 scan=1.71,1.04,0.85,0.26,0.23,0.26,0.49,0.40,2.50,0.61,1.06,1.24,0.30,0.42,0.64,0.57
W 12.90 -4.17 h=7 f=0.39 r=0.49 scan=0.39,2.17,0.84,0.76,0.49,0.23,0.31,0.63,0.60,0.72,1.16,0.31,0.28,0.38,0.52,0.47
W 13.61 -3.80 h=37 f=0.39 r=0.44 scan=1.98,0.73,0.60,0.66,0.44,0.26,0.43,0.74,0.89,1.48,0.39,0.40,0.47,0.38,0.28,0.27
W 14.12 -3.17 h=59 f=0.60 r=0.43 scan=0.60,0.51,0.57,0.46,0.43,0.30,0.79,0.98,1.62,0.52,0.48,0.43,0.20,0.18,1.15,1.80
W 14.50 -2.45 h=66 f=0.41 r=0.40 scan=0.41,0.34,0.45,0.55,0.40,0.41,0.42,1.18,0.68,0.61,0.27,0.21,0.28,1.14,1.75,0.48
W 15.21 -2.11 h=21 f=0.64 r=0.31 scan=1.65,0.52,0.35,0.28,0.31,0.45,0.52,0.53,0.47,1.30,0.75,0.70,0.21,0.24,0.47,1.04
W 16.27 -1.93 h=4 f=0.77 r=0.23 scan=0.77,1.46,0.36,0.29,0.23,0.32,0.39,0.72,0.72,1.35,0.95,0.23,0.26,0.33,1.08,0.84
W 17.11 -1.97 h=357 f=0.61 r=0.33 scan=0.61,0.70,1.10,0.31,0.33,0.29,0.41,0.58,0.89,1.42,0.32,0.27,0.29,0.26,2.50,0.69
W 17.92 -2.05 h=2 f=0.62 r=0.30 scan=2.50,0.52,1.14,0.89,0.30,0.33,0.38,0.70,1.09,2.50,0.38,0.25,1.19,0.76,0.69,0.50
W 18.40 -2.56 h=298 f=0.69 r=0.47 scan=0.75,0.57,0.43,0.36,0.47,1.05,0.87,0.81,0.34,0.43,1.04,1.07,0.44,0.29,1.22,0.72
W 18.73 -3.31 h=289 f=0.56 r=0.33 scan=0.56,0.51,0.40,0.32,0.33,0.45,1.02,0.95,0.48,0.60,1.11,1.14,0.22,0.88,1.15,0.55
W 18.94 -4.10 h=282 f=0.42 r=0.28 scan=0.42,0.45,0.34,0.34,0.28,0.37,0.43,1.12,1.14,0.76,1.05,0.35,0.69,0.83,1.12,0.41
W 18.63 -4.80 h=235 f=0.42 r=0.41 scan=0.96,0.30,0.35,0.30,0.41,0.32,0.37,0.37,0.51,1.23,1.22,0.81,0.33,0.70,0.63,0.74
W 18.03 -5.27 h=208 f=0.59 r=0.26 scan=0.59,0.89,0.73,0.20,0.26,0.32,0.46,0.48,0.50,0.67,1.37,0.83,0.33,0.55,0.59,0.51
W 17.29 -5.62 h=213 f=0.42 r=0.69 scan=0.42,0.71,0.60,0.61,0.69,0.23,0.44,0.61,0.68,1.03,0.37,0.34,0.47,0.52,0.37,0.38
W 17.15 -6.48 h=321 f=0.70 r=1.00 scan=0.83,0.83,0.74,0.83,1.00,0.52,0.45,0.53,0.32,0.24,0.25,0.27,0.46,0.57,0.51,0.58
W 17.82 -6.65 h=39 f=0.74 r=0.66 scan=0.78,1.80,0.55,0.54,0.66,0.40,0.36,0.35,0.49,0.54,0.46,0.46,0.54,0.69,0.68,0.62
W 18.45 -6.09 h=44 f=0.72 r=0.62 scan=0.75,1.53,0.40,0.42,0.62,0.51,0.47,0.49,0.72,0.59,0.56,0.61,0.11,0.26,0.50,0.60
W 18.95 -5.41 h=60 f=1.43 r=0.67 scan=1.43,1.33,0.90,0.35,0.67,0.54,0.61,0.80,0.75,0.20,0.23,0.28,0.44,0.40,0.45,2.50
W 19.09 -4.38 h=106 f=0.61 r=0.64 scan=0.61,0.67,1.15,0.24,0.64,0.72,1.10,0.42,0.47,0.45,0.43,0.41,0.36,0.45,1.32,1.13
W 18.63 -3.71 h=131 f=0.67 r=0.10 scan=0.67,1.15,1.05,0.28,0.10,1.16,0.56,0.61,0.62,0.54,0.43,0.46,0.61,1.01,0.96,0.55
W 18.31 -2.81 h=77 f=0.46 r=0.97 scan=0.88,0.34,0.38,0.54,0.97,0.99,0.32,0.29,0.21,0.21,0.74,0.69,0.55,0.46,1.22,1.00
# wf4-LEFTwall 1787931710.8858619
W 0.20 0.22 h=48 f=0.92 r=0.37 scan=0.94,0.80,0.26,0.34,0.37,1.02,0.99,0.52,0.38,0.28,0.75,0.79,0.72,0.53,0.47,1.15
W 1.11 1.06 h=41 f=0.93 r=0.80 scan=0.93,2.50,0.59,0.60,0.80,0.20,1.18,1.25,0.61,0.47,0.91,0.95,0.48,0.31,0.34,0.92
W 1.64 1.68 h=56 f=0.52 r=0.83 scan=0.52,0.50,0.46,0.54,0.83,2.50,1.27,2.17,0.69,1.09,1.07,0.32,0.30,0.37,0.79,0.84
W 2.20 2.29 h=22 f=0.52 r=0.36 scan=0.71,0.40,0.34,0.38,0.36,0.50,1.11,2.50,1.48,0.91,1.75,1.11,0.35,0.28,0.43,0.68
W 2.99 2.51 h=9 f=0.49 r=0.28 scan=0.49,0.56,0.32,0.28,0.28,0.35,0.50,1.29,1.26,2.32,0.92,1.30,0.23,0.26,0.34,0.50
W 2.73 2.86 h=162 f=0.56 r=0.27 scan=0.96,2.50,2.42,1.73,0.27,0.24,0.22,0.39,2.50,0.36,0.35,0.39,0.30,0.24,0.31,0.44
W 1.94 3.07 h=176 f=0.69 r=0.44 scan=2.50,0.66,1.13,1.98,0.44,0.31,0.32,0.52,0.53,0.51,0.42,0.23,0.24,2.50,0.32,0.57
W 0.91 2.92 h=204 f=0.68 r=0.46 scan=0.68,1.09,0.82,1.27,0.46,0.34,0.49,0.73,0.75,0.38,0.28,0.27,0.28,0.39,0.63,2.50
W 0.30 2.41 h=232 f=0.39 r=0.43 scan=0.80,1.67,1.11,0.64,0.43,0.54,0.84,0.79,0.43,0.33,0.40,0.43,0.59,1.53,0.92,0.27
W -0.41 2.39 h=160 f=0.67 r=0.69 scan=1.18,2.50,0.23,0.87,0.69,1.14,0.94,0.46,0.40,0.88,0.96,0.51,0.39,0.40,0.41,0.55
W -1.07 2.87 h=132 f=0.40 r=0.24 scan=0.40,0.75,2.42,0.59,0.24,0.23,0.21,1.27,0.71,0.56,1.05,0.92,0.38,0.36,0.31,0.35
W -1.75 3.28 h=147 f=0.40 r=0.37 scan=0.45,2.14,0.92,0.48,0.37,0.22,0.27,0.98,0.73,1.12,0.74,0.40,0.26,0.21,0.26,0.28
W -2.54 3.45 h=171 f=0.58 r=0.36 scan=1.14,1.61,0.55,0.36,0.36,0.29,0.38,0.88,1.27,0.81,0.33,0.25,0.24,0.20,0.25,0.46
W -3.35 3.60 h=168 f=0.48 r=0.34 scan=1.49,1.48,0.47,0.41,0.34,0.35,0.38,1.01,1.44,0.64,0.34,0.18,0.18,0.19,0.22,0.36
W -4.16 3.68 h=176 f=0.57 r=0.36 scan=1.88,1.04,0.48,0.35,0.36,0.36,0.51,1.19,1.59,0.50,0.25,0.17,0.18,0.22,0.23,0.45
W -4.99 3.72 h=178 f=0.63 r=0.30 scan=1.72,1.11,0.43,0.37,0.30,0.39,0.47,0.83,1.75,0.40,0.26,0.21,0.15,0.14,0.27,0.51
W -5.83 3.76 h=179 f=0.55 r=0.37 scan=1.56,0.99,0.53,0.33,0.37,0.33,0.50,0.84,1.90,0.41,0.20,0.16,0.19,0.19,0.28,0.43
W -6.65 3.76 h=181 f=0.54 r=0.29 scan=1.36,0.93,0.48,0.43,0.29,0.38,0.44,0.94,2.07,0.34,0.27,0.18,0.19,0.22,0.27,0.42
W -7.47 3.77 h=179 f=0.75 r=0.38 scan=1.17,1.41,0.47,0.34,0.38,0.35,0.51,1.09,2.26,0.42,0.26,0.23,0.18,0.16,0.23,0.63
W -8.53 3.71 h=185 f=0.90 r=0.34 scan=0.98,1.11,0.51,0.34,0.34,0.40,0.46,1.07,1.70,0.45,0.24,0.17,0.17,0.19,0.38,0.78
W -9.69 3.63 h=183 f=0.73 r=0.35 scan=0.73,0.86,0.45,0.36,0.35,0.34,0.45,0.91,2.50,0.57,0.24,0.21,0.26,0.28,0.34,0.63
W -10.51 3.55 h=191 f=0.55 r=0.36 scan=0.55,0.71,0.95,0.31,0.36,0.38,0.53,1.46,1.07,0.39,0.31,0.27,0.25,0.29,0.44,0.62
W -11.33 3.41 h=186 f=0.40 r=0.27 scan=0.40,0.50,0.77,0.82,0.27,0.33,0.47,0.93,1.66,0.48,0.40,0.32,0.28,0.35,0.38,0.43
W -11.76 2.77 h=248 f=0.73 r=0.57 scan=0.73,0.64,1.33,0.31,0.57,2.50,0.75,0.52,0.39,0.38,0.41,0.46,0.38,0.35,0.42,0.64
W -11.77 1.96 h=294 f=0.60 r=1.22 scan=1.13,0.80,1.18,2.50,1.22,0.68,0.56,0.54,0.54,0.50,0.38,0.38,0.38,0.56,0.56,0.48
W -11.32 1.27 h=307 f=0.65 r=0.84 scan=1.01,1.05,0.10,2.10,0.84,0.66,0.56,0.57,0.60,0.41,0.37,0.38,0.52,0.56,0.50,0.53
W -10.83 0.54 h=304 f=0.65 r=0.85 scan=0.99,1.06,0.10,2.09,0.85,0.66,0.55,0.58,0.61,0.39,0.38,0.38,0.53,0.57,0.51,0.53
FROZEN n=1
W -10.08 0.31 h=346 f=0.46 r=0.51 scan=0.46,2.40,0.83,0.62,0.51,0.50,0.50,0.38,0.30,0.34,0.35,0.60,0.60,0.55,1.24,0.92
W -9.35 0.19 h=18 f=0.57 r=0.51 scan=1.74,0.76,0.61,0.49,0.51,0.56,0.42,0.40,0.42,0.57,0.62,0.53,1.07,1.01,0.12,0.46
W -8.59 0.49 h=26 f=0.64 r=0.50 scan=0.92,0.52,0.46,0.43,0.50,0.57,0.56,0.53,0.59,0.82,0.13,0.12,0.16,0.25,0.38,2.50
W -7.81 0.86 h=18 f=0.56 r=0.41 scan=0.83,0.44,0.36,0.37,0.41,0.53,0.74,0.65,0.75,0.29,0.26,0.25,0.24,0.29,0.60,2.50
W -7.01 1.05 h=8 f=0.71 r=0.28 scan=1.82,0.59,0.34,0.26,0.28,0.40,0.48,0.87,0.85,1.04,0.34,0.29,0.22,0.28,0.46,0.80
W -6.08 1.05 h=354 f=0.57 r=0.26 scan=2.40,0.89,0.45,0.33,0.26,0.26,0.38,0.65,1.05,1.10,0.46,0.26,0.23,0.25,0.33,0.45
W -5.28 0.91 h=353 f=0.54 r=0.35 scan=1.12,1.18,0.49,0.37,0.35,0.29,0.37,0.66,1.24,1.25,0.38,0.25,0.25,0.23,0.22,0.42
W -4.44 0.80 h=355 f=0.43 r=0.34 scan=1.83,1.04,0.55,0.36,0.34,0.37,0.40,0.80,1.39,0.81,0.33,0.24,0.13,0.17,0.24,0.31
W -3.62 0.73 h=359 f=0.62 r=0.35 scan=1.93,0.86,0.51,0.33,0.35,0.36,0.51,0.95,1.52,0.49,0.21,0.16,0.18,0.20,0.20,0.50
W -2.80 0.69 h=359 f=0.67 r=0.29 scan=1.76,0.97,0.46,0.38,0.29,0.36,0.48,0.77,1.68,0.58,0.25,0.18,0.14,0.26,0.24,0.55
W -1.97 0.65 h=360 f=0.54 r=0.33 scan=1.62,0.85,0.49,0.36,0.33,0.37,0.52,0.82,1.86,0.43,0.22,0.23,0.18,0.21,0.22,0.42
W -1.12 0.64 h=3 f=0.57 r=0.32 scan=1.47,0.72,0.44,0.32,0.32,0.36,0.47,0.96,2.03,0.36,0.28,0.22,0.17,0.25,0.26,0.45
W 0.16 0.60 h=356 f=0.86 r=0.36 scan=1.20,0.78,0.47,0.34,0.36,0.34,0.47,0.88,2.28,0.56,0.26,0.24,0.14,0.16,0.25,0.74
W 1.06 0.57 h=359 f=0.64 r=0.33 scan=1.01,0.95,0.51,0.37,0.33,0.35,0.44,0.83,2.47,0.45,0.20,0.20,1.67,1.25,0.61,0.52
W 1.90 0.54 h=358 f=0.63 r=0.31 scan=0.82,0.87,0.44,0.40,0.31,0.36,0.51,0.97,2.50,0.35,0.99,0.77,1.21,0.75,0.42,0.51
W 2.72 0.50 h=355 f=0.49 r=0.36 scan=0.66,0.66,0.48,0.36,0.36,0.33,0.46,0.77,2.50,0.47,0.95,1.87,1.16,0.37,0.28,0.37
W 3.54 0.46 h=359 f=0.49 r=0.34 scan=0.49,0.46,0.51,0.34,0.34,0.38,0.40,0.87,2.50,1.62,1.04,1.79,0.18,0.21,2.50,0.46
W 3.22 0.90 h=152 f=0.61 r=0.21 scan=0.76,2.50,1.74,1.12,0.21,0.20,0.18,0.19,0.39,0.37,0.38,0.46,0.42,0.30,0.33,0.49
W 2.46 1.18 h=173 f=0.71 r=0.43 scan=2.50,0.63,1.09,1.97,0.43,0.26,0.29,0.51,0.54,0.49,0.50,0.30,0.28,0.31,0.34,0.59
W 1.38 1.03 h=202 f=0.40 r=0.41 scan=0.40,0.94,0.77,1.21,0.41,0.32,0.46,0.75,0.78,0.42,0.35,0.28,0.38,0.43,0.89,2.50
W 0.68 0.53 h=212 f=0.40 r=0.58 scan=2.05,2.50,1.64,1.10,0.58,0.40,0.54,0.84,0.68,0.45,0.37,0.42,0.52,0.78,2.50,0.28
DETACH
W 0.37 0.28 h=243 f=0.47 r=0.42 scan=1.32,0.70,0.70,0.60,0.42,0.39,0.43,1.18,0.87,0.83,0.34,0.45,0.77,1.15,0.45,0.35
W -0.37 0.15 h=183 f=0.47 r=0.67 scan=1.00,0.35,0.30,0.18,0.67,0.71,0.66,0.51,0.45,0.57,1.06,0.85,0.36,0.43,0.58,1.08
W -1.25 0.28 h=162 f=0.61 r=0.23 scan=0.88,0.83,1.47,0.22,0.23,0.24,0.22,0.87,0.69,0.61,1.31,1.07,0.33,0.36,0.32,0.49
W -1.97 0.65 h=147 f=0.41 r=0.32 scan=0.41,0.65,0.68,1.43,0.32,0.24,0.30,0.36,1.00,0.83,0.85,1.34,0.36,0.21,0.26,0.30
W -2.74 0.91 h=170 f=0.55 r=0.80 scan=0.55,2.50,1.23,2.02,0.80,0.28,0.44,1.14,0.99,1.49,0.40,0.20,0.21,0.19,0.23,0.44
W -3.55 0.90 h=194 f=0.47 r=0.42 scan=0.47,0.45,1.72,0.85,0.42,0.35,0.60,1.12,1.67,0.33,0.22,0.20,0.16,0.29,0.47,0.35
W -4.17 0.40 h=231 f=0.40 r=0.36 scan=1.18,0.76,0.70,0.41,0.36,1.33,1.21,0.53,0.36,0.26,0.33,0.35,0.39,0.27,0.33,0.28
W -4.59 -0.27 h=247 f=0.70 r=0.32 scan=1.46,0.58,0.58,0.55,0.32,1.30,1.34,0.61,0.44,0.43,0.44,0.24,0.28,0.19,0.21,0.85
W -4.96 -1.00 h=246 f=0.55 r=0.41 scan=1.60,0.43,0.50,0.58,0.41,0.35,2.06,0.74,0.58,0.56,0.36,0.16,0.13,0.34,0.67,0.88
W -5.29 -1.76 h=246 f=0.41 r=0.54 scan=1.36,0.29,0.30,0.41,0.54,0.46,0.46,1.11,0.78,0.71,0.21,0.28,0.36,0.53,0.59,0.74
W -5.82 -2.51 h=230 f=0.63 r=0.19 scan=0.74,1.16,1.14,0.15,0.19,0.41,0.58,0.60,1.11,0.94,0.35,0.35,0.58,0.43,0.46,0.51
W -6.26 -3.25 h=263 f=0.91 r=0.66 scan=1.04,0.98,1.27,0.76,0.66,0.71,0.78,1.16,0.52,0.47,0.62,0.42,0.34,2.50,0.41,0.79
W -6.07 -4.36 h=295 f=0.84 r=0.56 scan=0.84,1.09,0.61,0.63,0.56,0.34,1.28,0.73,0.82,0.57,0.43,0.37,0.47,0.62,0.77,0.77
W -5.59 -5.05 h=312 f=0.73 r=0.56 scan=0.85,1.54,0.53,0.60,0.56,0.41,1.41,0.90,0.76,0.57,0.55,0.59,0.74,0.70,0.33,0.61
W -5.01 -5.63 h=316 f=0.68 r=0.59 scan=0.73,1.38,0.37,0.43,0.59,0.57,0.52,1.00,0.90,0.64,0.65,0.13,0.24,0.27,0.46,0.56
W -4.40 -6.18 h=325 f=0.57 r=0.39 scan=0.58,1.82,0.57,0.32,0.39,0.67,0.64,1.30,0.90,0.26,0.31,0.27,0.48,0.33,0.43,0.45
W -3.67 -6.60 h=334 f=0.53 r=0.21 scan=0.75,2.16,0.51,0.23,0.21,0.67,0.73,1.30,0.96,0.47,0.45,0.50,0.32,0.30,0.29,0.41
W -2.98 -6.97 h=341 f=0.41 r=0.24 scan=0.92,1.99,0.55,0.38,0.24,0.45,0.88,1.34,0.56,0.49,0.55,0.33,0.23,0.20,0.30,0.29
W -2.21 -7.23 h=342 f=0.49 r=0.33 scan=0.77,1.85,0.67,0.36,0.33,0.29,0.34,1.52,0.71,0.72,0.44,0.22,0.21,0.19,0.17,0.37
W -1.42 -7.45 h=345 f=0.43 r=0.34 scan=0.73,1.71,0.61,0.40,0.34,0.36,0.36,1.66,0.90,0.87,0.31,0.13,0.13,0.20,0.21,0.31
W -0.62 -7.51 h=2 f=0.60 r=0.34 scan=1.54,0.72,0.49,0.35,0.34,0.42,0.49,1.03,1.02,0.23,0.24,0.20,0.15,0.18,0.20,0.48
W 0.20 -7.47 h=0 f=0.61 r=0.33 scan=1.38,0.87,0.42,0.39,0.33,0.37,0.57,1.69,1.20,0.36,0.23,0.21,0.16,0.19,0.30,0.49
W 1.03 -7.47 h=358 f=0.70 r=0.34 scan=1.26,1.34,0.44,0.32,0.34,0.35,0.45,0.83,2.50,0.51,0.21,0.19,0.23,0.21,0.25,0.58
W 1.85 -7.49 h=355 f=0.56 r=0.34 scan=1.03,1.07,0.56,0.36,0.34,0.33,0.44,0.84,1.44,0.54,0.30,0.24,0.16,0.20,0.21,0.44
W 2.69 -7.56 h=352 f=0.47 r=0.30 scan=0.86,0.91,1.13,0.39,0.30,0.34,0.45,0.76,1.62,0.47,0.25,0.20,0.14,0.17,0.27,0.35
W 3.52 -7.65 h=358 f=0.40 r=0.38 scan=0.69,0.72,0.91,0.41,0.38,0.32,0.47,0.86,1.78,0.58,0.20,0.17,0.19,0.20,0.17,0.28
W 4.34 -7.63 h=6 f=0.54 r=0.36 scan=0.54,0.62,0.81,1.39,0.36,0.38,0.57,1.41,0.82,0.29,0.25,0.17,0.14,0.16,0.22,0.56
W 5.08 -7.21 h=62 f=0.64 r=0.71 scan=0.97,1.31,0.36,0.43,0.71,2.08,0.50,0.33,0.20,0.15,0.18,0.31,0.44,0.45,0.38,0.52
W 5.40 -6.46 h=82 f=0.68 r=0.99 scan=1.15,0.70,0.24,0.38,0.99,1.39,0.58,0.39,0.30,0.36,0.45,0.42,0.32,0.38,0.39,0.56
W 5.20 -5.19 h=106 f=1.02 r=0.19 scan=1.48,0.91,0.60,0.62,0.19,0.13,0.72,0.56,0.65,0.63,0.41,0.34,0.43,0.48,0.92,0.94
W 4.79 -4.17 h=112 f=0.60 r=0.57 scan=1.21,0.70,0.55,0.46,0.57,0.43,0.28,0.75,0.88,0.62,0.50,0.42,0.52,0.77,0.77,0.48
W 4.59 -3.51 h=101 f=0.72 r=0.40 scan=1.17,0.84,2.50,0.48,0.40,0.58,0.48,0.33,0.91,0.93,0.58,0.47,0.53,0.59,0.68,0.60
W 4.94 -2.67 h=53 f=0.73 r=0.59 scan=0.80,0.65,0.26,1.08,0.59,0.46,0.39,0.53,0.54,0.37,0.36,1.00,0.68,0.56,0.53,0.61
W 5.59 -2.18 h=33 f=0.60 r=0.88 scan=0.60,0.71,0.59,1.13,0.88,0.58,0.47,0.39,0.56,0.52,0.36,0.85,0.98,0.59,0.48,0.53
W 6.29 -1.75 h=33 f=0.60 r=0.88 scan=0.60,0.72,0.59,1.14,0.88,0.59,0.47,0.40,0.55,0.54,0.37,0.86,0.97,0.61,0.49,0.54
FROZEN n=1
W 7.06 -1.62 h=354 f=0.55 r=1.13 scan=0.55,0.66,0.86,0.26,1.13,1.12,0.53,0.39,0.31,0.32,0.48,0.44,0.31,0.37,0.97,0.68
W 7.84 -1.42 h=32 f=0.57 r=1.09 scan=0.57,0.76,0.63,0.12,1.09,0.64,0.52,0.45,0.60,0.52,0.36,0.87,0.91,0.57,0.44,0.48
W 8.56 -1.03 h=30 f=0.41 r=0.35 scan=0.41,0.57,0.53,0.51,0.35,0.29,0.14,0.65,0.75,0.60,1.00,1.01,0.68,0.45,0.31,0.33
W 7.72 -1.53 h=210 f=0.73 r=0.64 scan=0.76,0.61,1.03,1.03,0.64,0.40,0.30,0.31,0.36,0.53,0.52,0.53,0.40,0.33,0.20,0.67
W 7.16 -2.21 h=261 f=0.50 r=0.35 scan=0.84,0.94,0.63,0.49,0.35,0.44,0.53,0.73,0.66,0.41,0.15,0.70,0.57,0.55,0.64,0.38
W 6.48 -2.32 h=144 f=0.62 r=0.26 scan=0.72,0.50,0.58,0.51,0.26,0.24,0.76,0.79,0.51,0.45,0.38,0.50,0.80,0.81,0.55,1.05
W 5.85 -1.79 h=134 f=0.59 r=0.51 scan=0.60,0.47,0.38,0.49,0.51,0.33,0.33,0.95,0.71,0.61,0.51,0.64,0.87,0.71,1.14,1.09
W 5.31 -1.18 h=124 f=0.53 r=0.32 scan=0.62,0.41,0.32,0.30,0.32,0.56,0.47,0.44,1.17,0.76,0.63,0.17,0.20,0.23,1.62,1.05
W 4.97 -0.42 h=107 f=0.56 r=0.27 scan=0.91,0.45,0.28,0.27,0.27,0.30,0.39,0.65,0.62,1.23,0.28,0.23,0.17,0.34,1.57,0.86
W 4.90 0.41 h=87 f=0.72 r=0.23 scan=0.72,0.74,0.40,0.28,0.23,0.27,0.33,0.45,0.83,0.83,0.37,0.20,0.25,0.28,0.31,1.32
W 5.08 1.22 h=76 f=0.56 r=0.30 scan=0.56,0.56,0.53,0.36,0.30,0.28,0.29,0.46,0.98,0.93,0.32,0.28,0.24,0.19,0.82,1.29
DETACH
W 5.08 1.24 h=40 f=0.65 r=0.54 scan=0.68,0.53,0.44,0.54,0.54,0.34,0.35,0.90,1.04,0.61,0.51,0.55,0.35,0.21,0.19,0.70
W 5.76 1.71 h=30 f=0.49 r=0.47 scan=0.61,0.37,0.36,0.34,0.47,0.56,0.45,0.48,1.15,0.78,0.65,0.20,1.04,0.61,0.57,0.55
W 6.50 2.05 h=20 f=0.43 r=0.30 scan=0.43,0.35,0.38,0.26,0.30,0.33,0.69,0.59,0.65,1.41,0.22,0.84,1.20,0.55,0.47,0.37
W 7.02 1.68 h=294 f=0.59 r=0.40 scan=0.78,0.47,0.32,0.33,0.40,0.31,0.33,0.23,0.30,0.35,0.73,0.66,1.30,0.27,0.43,2.50
W 7.22 0.86 h=275 f=0.69 r=0.25 scan=1.76,0.57,0.37,0.28,0.25,0.32,0.48,0.43,0.39,0.52,0.82,0.71,0.24,0.29,0.33,0.73
W 7.23 0.04 h=265 f=0.56 r=0.30 scan=2.50,0.82,0.44,0.26,0.30,0.27,0.32,2.50,0.64,0.64,0.86,0.25,0.25,0.22,0.23,0.44
W 7.08 -0.80 h=255 f=0.41 r=0.33 scan=0.98,1.83,0.61,0.37,0.33,0.25,0.36,0.45,0.74,0.81,0.96,0.28,0.16,0.20,0.23,0.29
W 6.94 -1.62 h=273 f=0.55 r=0.35 scan=2.50,0.91,0.46,0.34,0.35,0.29,0.51,0.92,0.89,0.44,0.20,0.20,0.17,0.15,0.22,0.43
W 6.94 -2.44 h=267 f=0.57 r=0.31 scan=2.50,0.81,0.42,0.37,0.31,0.38,0.41,0.76,1.04,0.39,0.22,0.18,0.16,0.14,0.27,0.46
W 6.90 -3.26 h=266 f=0.63 r=0.34 scan=2.50,0.94,0.43,0.34,0.34,0.33,0.47,0.75,1.27,0.45,0.23,0.17,0.21,0.19,0.21,0.51
W 6.86 -4.10 h=268 f=0.51 r=0.31 scan=2.50,0.80,0.50,0.31,0.31,0.38,0.45,0.72,1.41,0.42,0.28,0.15,0.15,0.19,0.29,0.39
W 6.80 -4.92 h=266 f=0.53 r=0.33 scan=2.50,1.04,0.47,0.41,0.33,0.33,0.46,0.83,1.64,0.42,0.25,0.18,0.17,0.23,0.25,0.41
W 6.76 -5.74 h=267 f=0.61 r=0.39 scan=2.50,0.90,0.50,0.36,0.39,0.38,0.44,0.98,1.74,0.38,0.23,0.25,0.16,0.16,0.26,0.49
W 6.79 -6.56 h=272 f=0.51 r=0.30 scan=2.50,0.78,0.41,0.36,0.30,0.41,0.46,0.93,1.93,0.40,0.21,2.50,0.18,0.17,0.27,0.39
FROZEN n=1
W 7.09 -7.35 h=311 f=0.57 r=0.47 scan=0.61,0.45,0.35,0.43,0.47,0.90,1.93,0.35,0.14,0.12,0.13,0.14,0.18,0.35,2.50,1.07
W 7.56 -8.02 h=295 f=0.56 r=0.28 scan=0.60,0.44,0.32,2.50,0.28,0.46,0.94,2.07,0.51,0.28,0.23,0.20,0.29,0.29,0.75,2.47
W 7.77 -8.81 h=279 f=0.56 r=0.21 scan=1.54,0.44,0.31,0.27,0.21,0.27,0.34,0.80,2.24,0.65,0.36,0.28,0.29,0.27,0.39,1.16
W 7.70 -9.67 h=262 f=0.59 r=0.25 scan=1.68,1.27,0.47,2.50,0.25,0.30,0.26,0.44,1.33,1.20,0.47,0.35,0.22,0.26,0.28,0.47
W 7.48 -10.48 h=255 f=0.44 r=0.30 scan=0.83,1.97,0.60,0.41,0.30,0.33,0.34,0.41,0.95,1.78,0.49,0.27,0.21,0.19,0.28,0.32
W 7.26 -11.24 h=257 f=0.49 r=0.37 scan=1.38,1.55,0.53,0.39,0.37,0.32,0.41,2.50,1.59,0.86,0.33,0.16,0.19,0.22,0.19,0.37
W 7.13 -12.07 h=264 f=1.07 r=0.37 scan=1.60,0.95,0.59,0.38,0.37,0.39,0.47,0.71,2.50,0.45,0.26,0.15,0.15,0.20,0.24,2.50
W 7.09 -12.89 h=270 f=0.53 r=0.36 scan=1.45,0.76,0.48,0.33,0.36,0.38,0.51,0.88,2.50,0.40,0.21,0.20,0.15,0.15,0.26,0.41
W 7.10 -14.15 h=268 f=0.93 r=0.40 scan=1.18,0.81,0.52,0.36,0.40,0.31,0.52,1.08,2.50,0.43,0.23,0.20,0.19,0.20,0.23,0.81
W 7.12 -15.18 h=270 f=0.69 r=0.35 scan=0.98,0.78,0.41,0.40,0.35,0.35,0.45,0.88,2.50,0.41,0.30,0.18,1.27,1.29,0.75,0.57
W 7.10 -16.28 h=268 f=0.77 r=0.30 scan=0.77,0.84,0.49,0.36,0.30,0.40,0.45,0.85,2.50,0.53,0.35,0.61,2.50,0.68,0.46,0.82
W 7.04 -17.12 h=268 f=0.59 r=0.35 scan=0.59,0.62,0.44,0.37,0.35,0.33,0.50,0.76,2.50,0.46,0.64,1.10,2.50,0.34,0.85,0.64
W 6.99 -17.94 h=271 f=0.42 r=0.36 scan=0.42,0.41,0.54,0.36,0.36,2.50,0.43,0.88,2.50,0.63,0.80,1.39,0.88,0.98,0.54,0.42
W 6.49 -18.43 h=205 f=0.57 r=0.35 scan=0.85,0.46,0.35,0.36,0.35,0.53,0.35,0.37,0.41,0.48,1.01,1.78,0.77,0.93,0.26,1.61
W 5.71 -18.67 h=190 f=0.66 r=0.30 scan=1.47,0.54,0.33,0.30,0.30,0.38,0.59,0.50,0.55,0.63,0.95,2.50,0.15,0.17,0.34,0.68
W 4.89 -18.72 h=178 f=0.60 r=0.28 scan=1.27,0.74,0.41,0.29,0.28,0.30,0.41,0.78,0.68,0.75,0.24,0.14,0.17,0.24,0.25,0.48
W 4.08 -18.62 h=168 f=0.42 r=0.30 scan=0.98,1.13,0.46,0.33,0.30,0.28,0.39,0.59,0.85,0.89,0.24,0.24,0.17,0.19,0.26,0.30
W 3.27 -18.56 h=176 f=0.50 r=0.32 scan=0.95,0.93,0.45,0.35,0.32,0.34,0.37,0.75,0.99,0.36,0.23,0.19,0.20,0.18,0.22,0.38
W 2.43 -18.51 h=175 f=0.47 r=0.30 scan=0.81,0.82,0.46,0.33,0.30,0.35,0.45,0.68,1.16,0.50,0.28,0.20,0.12,0.12,0.15,0.35
W 1.64 -18.51 h=187 f=0.75 r=0.26 scan=0.75,0.63,0.36,0.32,0.26,0.40,0.59,1.36,0.62,0.28,0.10,0.13,0.14,0.20,0.29,0.69
W 0.82 -18.61 h=184 f=0.50 r=0.28 scan=0.50,0.54,0.47,0.28,0.28,0.34,0.47,0.94,1.50,0.29,0.19,0.20,0.19,0.20,0.28,0.53
W 1.29 -18.93 h=342 f=0.52 r=0.18 scan=0.83,1.60,0.31,0.23,0.18,0.18,0.22,0.22,2.50,0.40,0.46,0.43,0.35,0.25,0.31,0.40
W 2.04 -19.31 h=344 f=0.55 r=0.26 scan=0.93,1.47,0.51,0.24,0.26,0.24,0.31,0.40,0.51,0.56,0.47,0.24,0.21,0.23,0.24,0.43
W 2.94 -19.63 h=350 f=0.46 r=0.29 scan=1.34,1.36,0.50,0.33,0.29,0.31,0.36,0.56,0.71,0.71,0.24,0.20,0.16,0.14,0.23,0.34
W 3.72 -19.78 h=353 f=0.45 r=0.32 scan=1.19,1.20,0.58,0.40,0.32,0.30,0.41,0.70,0.89,0.41,0.17,0.13,0.14,0.17,0.17,0.33
W 4.53 -19.78 h=6 f=0.68 r=0.35 scan=1.02,0.56,0.45,0.36,0.35,0.33,0.57,0.97,0.90,0.24,0.19,0.14,0.13,0.18,0.23,0.68
W 5.42 -19.70 h=1 f=0.63 r=0.28 scan=0.79,0.92,0.38,0.32,0.28,0.34,0.42,0.94,1.18,0.39,0.22,0.19,0.16,0.13,0.26,0.51
W 6.24 -19.69 h=3 f=0.56 r=0.29 scan=0.63,0.72,1.03,0.30,0.29,0.34,0.49,0.92,1.30,0.38,0.17,0.17,0.20,0.18,0.24,0.45
W 7.07 -19.68 h=4 f=0.45 r=0.83 scan=0.45,0.55,0.72,1.69,0.83,0.29,0.44,1.03,1.48,0.28,0.26,0.16,0.15,0.21,0.26,0.56
W 7.81 -19.36 h=38 f=0.48 r=0.28 scan=0.48,0.86,2.50,0.84,0.28,0.53,1.61,0.70,0.37,0.25,0.27,0.25,0.34,0.41,0.32,0.38
W 8.23 -18.67 h=76 f=0.48 r=0.48 scan=0.92,1.48,0.74,1.00,0.48,1.78,0.78,0.44,0.39,2.50,0.48,0.29,0.26,0.27,0.31,0.36
W 8.25 -17.85 h=102 f=0.66 r=0.42 scan=1.10,0.54,0.81,2.00,0.42,1.00,0.67,0.57,0.56,0.37,0.33,0.23,0.24,0.24,0.51,1.32
DETACH
W 8.17 -17.59 h=75 f=0.50 r=0.34 scan=0.86,1.93,0.53,0.38,0.34,0.30,0.41,1.15,2.50,1.15,0.39,0.31,0.18,0.20,0.21,0.38
W 8.34 -16.78 h=82 f=0.43 r=0.36 scan=0.98,1.38,0.52,0.43,0.36,0.38,0.44,1.25,1.56,0.75,0.21,0.18,0.14,0.19,0.23,0.31
W 8.46 -15.95 h=86 f=0.49 r=0.39 scan=1.97,1.21,0.51,0.36,0.39,0.38,0.47,0.79,1.71,0.38,0.22,0.19,0.18,0.17,0.18,0.37
W 8.51 -15.13 h=89 f=0.47 r=0.32 scan=2.50,1.06,0.57,0.39,0.32,0.41,0.56,0.90,1.84,0.36,0.23,0.16,0.13,0.17,0.22,0.35
W 8.49 -14.34 h=95 f=0.58 r=0.33 scan=2.48,0.69,0.49,0.32,0.33,0.38,0.62,1.67,1.27,0.30,0.21,0.18,0.17,0.23,0.21,0.46
W 8.40 -13.46 h=94 f=0.73 r=0.28 scan=2.22,0.75,0.46,0.37,0.28,0.37,0.51,1.17,1.48,0.33,0.22,0.26,0.13,0.17,0.25,0.61
W 8.37 -12.62 h=93 f=0.61 r=0.33 scan=2.14,0.74,0.39,0.35,0.33,0.36,0.45,0.97,2.41,0.48,0.21,0.18,0.20,0.16,0.21,0.49
W 8.37 -11.80 h=92 f=0.55 r=0.33 scan=1.95,0.79,0.47,0.30,0.33,0.33,0.45,0.91,2.50,0.51,0.28,0.17,0.15,0.20,0.32,0.43
W 8.36 -10.97 h=89 f=0.57 r=0.34 scan=1.71,0.79,0.44,0.35,0.34,0.35,0.43,0.75,2.50,0.46,0.23,0.22,0.22,0.22,0.21,0.45
W 8.40 -10.14 h=89 f=0.57 r=0.32 scan=1.56,0.83,0.49,0.35,0.32,0.38,0.45,0.72,2.50,0.46,0.30,0.21,0.15,0.14,0.21,0.45
W 8.45 -9.30 h=86 f=0.47 r=0.30 scan=1.37,1.45,0.45,0.38,0.30,0.32,0.48,0.71,2.50,0.50,0.22,0.16,0.17,0.15,0.25,0.35
W 8.53 -8.48 h=86 f=0.57 r=0.34 scan=1.20,1.30,0.49,0.33,0.34,0.34,0.46,0.84,2.50,0.56,0.20,0.19,0.17,0.19,0.21,0.45
W 8.57 -7.62 h=86 f=0.43 r=0.33 scan=1.03,1.14,0.45,0.38,0.33,0.34,0.43,0.78,2.50,0.40,0.26,0.17,0.15,0.13,0.23,0.31
W 8.54 -6.81 h=94 f=0.60 r=0.32 scan=0.97,1.00,0.49,0.34,0.32,0.36,0.49,1.12,1.98,0.38,0.20,0.16,0.17,0.21,0.19,0.48
W 8.49 -5.99 h=92 f=0.53 r=0.30 scan=0.80,0.83,0.44,0.36,0.30,0.34,0.45,1.03,2.35,2.50,0.24,0.17,0.11,0.18,0.28,0.41
W 8.49 -5.17 h=88 f=0.66 r=0.34 scan=2.50,0.66,0.93,0.34,0.34,0.31,0.44,0.85,2.50,0.42,0.18,0.19,0.20,0.20,0.23,0.54
W 8.46 -4.35 h=94 f=0.48 r=0.86 scan=0.48,0.48,0.61,0.90,0.86,0.36,0.39,0.96,2.18,0.32,0.28,0.19,0.18,0.18,0.35,0.42
W 7.95 -3.82 h=157 f=0.60 r=0.69 scan=0.82,0.77,0.29,0.40,0.69,2.50,0.43,0.39,0.22,0.22,0.27,0.37,0.33,0.38,0.40,0.48
W 7.13 -3.67 h=187 f=0.63 r=2.50 scan=0.63,1.31,0.17,0.35,2.50,0.79,0.54,0.38,0.38,0.48,0.41,0.28,0.33,0.35,0.62,0.65
W 6.34 -4.07 h=221 f=0.79 r=0.84 scan=1.20,0.67,0.60,0.16,0.84,0.64,0.54,0.63,0.55,0.41,0.36,0.38,0.58,0.52,0.45,1.07
W 5.34 -4.73 h=215 f=0.90 r=0.53 scan=0.91,1.26,0.47,0.50,0.53,0.40,0.24,0.26,0.92,0.65,0.51,0.59,0.50,0.30,0.26,0.78
W 4.45 -5.27 h=210 f=0.70 r=0.38 scan=0.70,0.96,1.42,0.37,0.38,0.58,0.49,0.44,1.11,0.80,0.70,0.31,0.17,0.21,0.57,0.63
W 3.77 -5.72 h=214 f=0.54 r=0.33 scan=0.54,0.83,1.27,0.27,0.33,0.58,0.60,2.50,1.18,0.81,0.24,0.24,0.34,0.48,0.48,0.45
W 3.08 -6.41 h=252 f=0.51 r=0.41 scan=0.75,1.13,0.47,0.28,0.41,0.74,0.78,1.16,0.34,0.35,0.36,0.39,0.37,0.29,0.35,0.39
W 2.75 -7.16 h=247 f=0.38 r=0.33 scan=0.50,1.03,1.63,0.35,0.33,0.23,0.85,1.47,0.54,0.54,0.51,0.40,0.24,0.23,0.24,0.26
W 2.59 -7.98 h=259 f=0.47 r=0.33 scan=0.89,0.84,1.47,0.29,0.33,0.31,0.95,1.34,0.65,0.62,0.45,0.27,0.19,0.17,0.23,0.35
W 2.43 -8.76 h=260 f=0.41 r=0.26 scan=0.75,0.71,1.38,0.40,0.26,0.34,0.37,1.45,0.82,0.68,0.33,0.16,0.18,0.19,0.22,0.29
W 2.68 -9.52 h=294 f=0.67 r=0.31 scan=0.67,1.06,0.31,0.28,0.31,0.44,1.52,0.86,0.47,0.24,0.23,0.20,0.20,0.25,0.34,2.50
W 2.93 -10.30 h=285 f=0.43 r=0.26 scan=0.43,1.20,0.85,0.72,0.26,0.27,0.53,1.03,0.97,0.37,0.32,0.22,0.19,0.21,0.46,0.49
W 3.33 -10.97 h=306 f=0.42 r=0.89 scan=1.05,0.81,0.72,0.72,0.89,0.33,1.74,1.16,0.51,0.34,0.25,0.24,0.36,0.42,0.38,0.30
W 3.92 -11.54 h=324 f=0.64 r=0.95 scan=0.64,0.56,0.53,0.69,0.95,0.34,1.31,0.78,0.50,0.36,0.40,0.45,0.30,0.18,0.18,0.88
W 4.61 -11.99 h=325 f=0.49 r=0.88 scan=0.49,0.42,0.41,0.54,0.88,0.91,1.43,0.94,0.66,0.53,0.56,0.18,0.14,0.62,0.69,0.71
W 4.72 -12.73 h=237 f=0.68 r=0.40 scan=0.72,0.56,0.63,0.60,0.40,0.33,0.35,0.35,0.66,0.89,0.74,1.20,0.79,0.62,0.23,1.12
W 4.33 -13.45 h=243 f=0.48 r=0.41 scan=0.48,0.40,0.49,0.61,0.41,0.41,0.44,0.50,1.09,1.04,1.57,0.11,0.27,2.11,1.19,0.62
W 3.82 -14.00 h=208 f=0.59 r=0.38 scan=0.89,0.47,0.34,0.31,0.38,0.51,0.54,0.44,0.48,0.61,1.23,0.69,0.20,0.30,0.39,2.03
W 3.02 -14.27 h=194 f=0.59 r=0.27 scan=1.09,0.47,0.33,0.32,0.27,0.31,0.59,0.67,0.66,0.77,0.26,0.26,0.25,0.23,2.50,2.44
W 2.19 -14.34 h=178 f=0.73 r=0.27 scan=1.74,0.77,0.38,0.27,0.27,0.33,0.35,0.74,0.79,0.82,0.38,0.27,0.22,0.23,0.33,0.61
W 1.35 -14.23 h=169 f=0.51 r=0.28 scan=1.07,1.35,0.46,2.50,0.28,0.27,2.50,0.48,0.99,0.97,0.46,0.21,0.22,0.22,0.25,0.39
W 0.56 -14.03 h=166 f=0.43 r=0.40 scan=1.95,1.19,0.58,0.38,0.40,0.33,0.37,0.60,1.17,1.13,0.29,0.22,0.17,0.19,0.25,0.32
W -0.26 -13.96 h=182 f=0.68 r=0.35 scan=1.22,0.74,0.50,0.35,0.35,0.40,0.47,0.85,1.23,0.40,0.23,0.21,0.20,0.16,0.26,0.56
W -1.09 -13.95 h=176 f=0.55 r=0.33 scan=1.11,2.50,0.39,0.38,0.33,0.31,0.49,0.87,1.40,0.46,0.30,0.18,0.17,0.19,0.23,0.43
W -1.94 -13.90 h=179 f=0.93 r=0.35 scan=0.93,2.50,2.50,0.30,0.35,0.37,0.44,0.78,1.59,0.49,0.26,2.50,0.15,0.20,0.26,1.50
W -3.04 -13.81 h=175 f=0.71 r=0.34 scan=0.71,0.74,0.52,0.33,0.34,0.29,0.46,0.83,1.88,0.45,0.23,0.22,0.16,0.14,0.19,1.30
W -3.86 -13.77 h=175 f=0.54 r=0.31 scan=0.54,0.56,0.43,0.37,0.31,0.37,0.38,0.94,1.99,0.41,0.22,0.15,0.34,0.65,1.49,1.06
W -4.80 -13.64 h=154 f=0.49 r=0.33 scan=0.86,0.37,0.30,0.48,0.33,0.35,0.33,0.49,0.84,2.21,0.52,0.22,0.39,0.68,0.69,1.20
W -5.47 -13.03 h=119 f=0.97 r=0.25 scan=1.26,0.85,0.76,0.23,0.25,0.44,0.42,0.45,0.51,0.67,1.88,0.28,0.39,0.55,0.58,2.50
DETACH
W -5.46 -12.09 h=50 f=0.53 r=0.26 scan=1.15,0.41,0.40,0.48,0.26,0.23,0.19,0.21,0.36,0.82,1.09,1.24,0.98,0.32,0.82,2.50
W -4.83 -11.53 h=34 f=0.77 r=0.40 scan=2.35,0.90,0.32,0.25,0.40,0.43,0.33,0.35,0.38,0.70,1.20,1.21,1.46,0.34,0.70,0.65
W -4.08 -11.22 h=14 f=0.52 r=0.25 scan=0.52,1.17,0.81,0.73,0.25,0.26,0.50,0.47,0.52,0.67,1.09,1.25,0.29,0.40,0.61,0.53
W -3.33 -10.96 h=27 f=0.47 r=0.26 scan=2.10,0.84,0.68,0.71,0.26,0.31,0.67,0.63,0.68,1.05,0.34,0.30,0.38,0.49,0.44,0.35
W -2.67 -10.46 h=46 f=0.76 r=0.39 scan=0.90,0.64,0.64,0.66,0.39,0.28,0.76,0.80,1.15,0.43,0.44,0.47,0.41,0.26,0.23,1.38
W -2.21 -9.78 h=62 f=0.53 r=0.45 scan=0.53,0.44,0.52,0.52,0.45,0.33,0.88,1.11,0.59,0.54,0.54,0.19,0.15,1.13,1.23,0.75
W -1.72 -9.13 h=25 f=0.54 r=0.44 scan=1.79,0.42,0.36,0.33,0.44,0.54,0.41,0.40,1.00,1.41,0.69,0.66,0.20,0.23,0.59,1.04
W -0.94 -8.88 h=11 f=0.67 r=0.26 scan=0.98,0.55,0.28,0.32,0.26,0.32,0.52,0.53,0.54,1.24,0.85,0.22,0.22,0.22,0.41,0.96
W 0.11 -8.81 h=359 f=0.72 r=0.29 scan=0.72,0.76,1.11,0.32,0.29,0.24,0.37,0.67,0.77,1.30,0.34,0.23,0.24,0.29,0.35,0.85
W 0.93 -8.85 h=359 f=0.55 r=0.31 scan=0.55,0.61,1.21,0.82,0.31,0.34,0.33,0.62,0.96,1.52,0.31,0.32,0.26,0.81,0.82,0.61
W 1.91 -9.05 h=324 f=0.53 r=0.94 scan=0.53,0.45,0.36,0.48,0.94,0.80,0.78,0.36,0.41,1.16,1.06,0.42,0.31,1.24,0.77,0.83
W 2.48 -9.63 h=309 f=0.45 r=0.36 scan=0.49,0.33,0.30,0.29,0.36,1.01,0.92,0.90,0.58,0.79,1.23,0.50,0.85,1.30,0.62,0.59
W 2.82 -10.37 h=281 f=0.42 r=0.20 scan=0.42,0.37,0.30,0.19,0.20,0.30,0.33,1.04,1.07,0.73,1.04,1.29,0.77,0.93,1.07,0.51
W 2.51 -11.05 h=230 f=0.49 r=0.33 scan=1.11,0.37,0.38,0.38,0.33,0.29,0.26,0.27,0.40,1.17,1.14,0.81,1.05,0.37,0.75,0.83
W 1.88 -11.68 h=217 f=0.72 r=0.31 scan=0.72,0.85,0.23,0.27,0.31,0.42,0.37,0.43,0.45,0.63,1.31,0.80,0.32,0.39,0.66,0.60
W 1.14 -12.03 h=200 f=0.46 r=0.70 scan=0.46,0.67,0.70,0.67,0.70,0.25,0.36,0.53,0.60,0.71,1.45,0.32,2.50,0.48,0.55,0.43
W 0.52 -12.49 h=242 f=0.51 r=0.22 scan=0.69,0.59,0.59,0.79,0.22,0.50,0.71,0.84,1.58,0.38,0.40,0.53,0.39,0.30,0.34,0.39
W 0.23 -13.25 h=258 f=0.41 r=0.80 scan=0.41,0.45,0.56,0.81,0.80,0.24,0.82,1.90,0.56,0.61,0.58,0.33,0.27,0.27,0.40,0.52
W 0.85 -13.76 h=326 f=0.61 r=1.04 scan=0.72,0.71,0.38,0.82,1.04,0.63,0.60,0.68,0.38,0.36,0.34,0.41,0.50,0.37,0.41,0.49
W 1.57 -14.15 h=332 f=0.52 r=0.25 scan=0.56,0.58,0.53,0.24,0.25,1.74,0.66,0.81,0.53,0.46,0.50,0.44,0.35,0.30,0.35,0.40
W 1.41 -13.61 h=127 f=0.78 r=0.36 scan=0.97,0.66,0.59,0.61,0.36,0.27,0.25,0.26,0.28,0.47,0.47,0.49,0.45,0.24,0.25,0.76
W 0.84 -13.02 h=138 f=0.60 r=0.44 scan=0.60,0.48,0.48,0.52,0.44,0.40,0.35,0.42,0.58,0.59,0.55,0.25,0.19,1.72,0.63,0.75
W 0.25 -12.44 h=135 f=0.45 r=0.47 scan=0.59,0.33,2.50,0.33,0.47,0.55,0.48,0.51,0.61,0.73,0.68,0.68,0.83,1.68,0.50,0.59
W -0.18 -11.74 h=108 f=0.44 r=0.27 scan=0.44,0.43,0.26,0.23,0.27,0.32,0.67,0.57,0.65,0.89,0.30,0.73,0.80,0.93,0.39,0.34
W 0.21 -11.13 h=36 f=0.45 r=0.42 scan=0.87,0.33,0.25,0.33,0.42,0.37,0.24,0.28,0.38,0.62,0.65,0.73,0.98,0.52,0.71,0.73
W 0.95 -10.75 h=17 f=0.57 r=0.21 scan=0.57,0.67,1.38,0.21,0.21,0.20,0.44,0.47,0.41,0.54,0.90,0.80,0.84,0.38,0.48,0.57
W 1.74 -10.56 h=35 f=0.50 r=0.83 scan=0.50,0.73,1.25,0.69,0.83,0.28,0.65,0.56,0.69,1.00,0.82,0.35,0.39,0.50,0.43,0.40
W 2.20 -9.90 h=72 f=0.51 r=1.23 scan=1.09,1.10,0.62,0.87,1.23,0.74,0.72,1.05,1.02,0.51,0.46,0.39,0.35,0.27,0.36,0.39
W 2.31 -8.67 h=91 f=0.84 r=1.21 scan=0.84,2.50,0.53,0.89,1.21,0.53,1.04,1.25,0.72,0.63,0.37,0.30,0.24,0.30,2.50,0.85
W 2.25 -7.76 h=93 f=0.65 r=1.22 scan=0.65,0.72,0.99,0.43,1.22,1.89,0.61,1.42,0.91,0.70,0.40,0.29,0.29,0.91,0.78,0.68
W 1.92 -7.02 h=129 f=0.62 r=0.84 scan=0.62,1.02,0.26,1.21,0.84,0.69,1.05,1.09,0.59,2.50,0.56,0.90,0.67,0.56,0.47,0.50
W 1.33 -6.45 h=125 f=0.46 r=0.18 scan=0.46,0.83,2.50,0.42,0.18,0.15,0.12,1.17,0.77,0.54,0.97,1.04,0.53,0.40,0.37,0.36
W 0.71 -6.05 h=160 f=0.61 r=0.21 scan=1.26,1.81,0.41,0.21,0.21,0.24,1.12,0.66,0.81,1.01,0.54,0.38,0.32,0.28,0.35,0.49
W -0.04 -5.72 h=157 f=0.44 r=0.35 scan=0.58,2.24,0.61,0.43,0.35,0.26,0.27,1.00,0.78,1.22,0.47,0.32,0.25,0.26,0.22,0.32
W -0.82 -5.43 h=170 f=0.49 r=0.33 scan=0.95,2.14,0.52,0.42,0.33,0.38,0.36,0.98,1.36,0.82,0.30,0.23,2.50,0.18,0.22,0.37
W -1.67 -5.27 h=170 f=0.41 r=0.35 scan=1.78,1.37,0.53,0.43,0.35,0.37,0.48,1.15,1.57,0.43,0.20,0.18,0.14,0.17,0.24,0.29
W -2.49 -5.30 h=185 f=0.73 r=0.38 scan=1.74,0.76,0.44,0.34,0.38,0.40,0.56,1.26,1.32,0.31,0.23,0.22,0.20,0.19,0.28,0.61
W -3.31 -5.33 h=178 f=0.60 r=0.32 scan=1.61,1.02,0.45,0.34,0.32,0.40,0.49,0.91,1.82,0.41,0.30,0.15,0.16,0.22,0.24,0.48
W -4.13 -5.35 h=182 f=0.63 r=0.31 scan=1.44,0.89,0.44,0.31,0.31,0.36,0.52,0.87,2.02,2.50,0.24,0.21,0.20,0.23,0.31,0.51
W -4.96 -5.34 h=178 f=0.56 r=0.34 scan=1.29,1.41,0.49,0.37,0.34,0.33,0.46,0.84,2.14,0.39,2.50,0.22,0.21,0.22,0.24,0.44
W -5.80 -5.35 h=182 f=0.79 r=0.32 scan=1.11,1.28,0.48,0.34,0.32,0.36,0.43,0.97,2.34,0.47,0.32,0.21,0.18,0.19,0.25,0.67
W -6.82 -5.37 h=183 f=0.82 r=0.35 scan=0.90,1.01,0.49,0.38,0.35,0.32,0.50,0.82,2.50,0.52,0.24,0.21,0.18,0.23,0.38,0.70
W -7.76 -5.39 h=181 f=0.69 r=0.36 scan=0.69,0.82,1.06,0.36,0.36,0.34,0.46,0.96,2.33,0.43,0.25,0.23,0.25,0.28,0.35,0.59
W -8.57 -5.50 h=193 f=0.53 r=0.34 scan=0.53,0.68,0.91,0.29,0.34,0.40,0.54,1.49,1.08,0.40,0.35,0.30,0.28,0.32,0.43,0.58
W -9.44 -5.85 h=235 f=0.60 r=0.46 scan=0.72,0.82,0.76,0.29,0.46,0.91,2.26,0.52,0.42,0.31,0.30,0.35,0.39,0.43,0.38,0.48
DETACH
W -9.75 -6.48 h=356 f=0.41 r=0.32 scan=2.36,1.01,0.55,0.44,0.32,0.34,0.44,0.80,1.08,0.61,0.30,0.19,0.16,0.21,0.27,0.29
W -8.92 -6.52 h=358 f=0.50 r=0.40 scan=2.20,0.84,0.47,0.38,0.40,0.36,0.46,2.50,1.29,0.44,0.21,0.22,0.20,0.17,0.19,0.38
W -8.10 -6.52 h=358 f=0.66 r=0.35 scan=2.03,0.72,0.51,0.37,0.35,0.42,0.46,1.02,1.42,0.40,0.24,0.15,0.17,0.20,0.23,0.54
W -7.24 -6.50 h=3 f=0.77 r=0.34 scan=1.85,0.77,0.41,0.33,0.34,0.36,0.54,1.12,1.65,0.48,0.21,0.20,0.16,0.17,0.31,0.65
W -6.40 -6.50 h=1 f=0.60 r=0.35 scan=1.71,0.88,0.43,0.33,0.35,0.31,0.47,0.79,1.76,0.42,0.27,0.20,0.24,0.21,0.27,0.48
W -5.56 -6.53 h=358 f=0.48 r=0.31 scan=1.52,0.78,0.50,0.33,0.31,0.39,0.39,0.88,1.93,0.45,0.29,0.21,0.21,0.21,0.34,0.36
W -4.74 -6.58 h=360 f=0.51 r=0.32 scan=1.35,2.50,0.47,0.39,0.32,0.35,0.48,0.78,2.13,0.45,0.29,0.18,0.20,0.23,0.20,0.39
W -3.48 -6.68 h=356 f=0.77 r=0.30 scan=1.07,1.06,0.44,0.38,0.30,0.38,0.43,0.74,2.40,0.63,0.32,0.14,0.16,0.16,0.86,0.65
W -2.66 -6.74 h=356 f=0.57 r=0.35 scan=0.92,0.93,0.47,0.33,0.35,0.36,0.49,0.90,2.50,0.47,0.23,0.81,1.18,1.09,0.53,0.45
W -1.83 -6.76 h=360 f=0.57 r=0.31 scan=0.76,0.80,0.45,0.38,0.31,0.39,0.46,0.99,2.50,0.37,0.94,0.74,1.22,0.65,0.38,0.45
W -1.01 -6.79 h=359 f=0.59 r=0.33 scan=0.59,0.61,0.51,0.34,0.33,0.34,0.50,0.93,2.50,1.53,0.95,1.75,1.15,0.22,0.28,0.54
W -0.19 -6.80 h=359 f=0.43 r=0.31 scan=0.43,0.39,0.50,0.34,0.31,0.34,0.42,0.94,2.50,2.28,0.94,0.19,0.21,0.19,0.20,0.41
W -0.60 -6.37 h=152 f=0.59 r=0.22 scan=0.78,2.50,1.75,1.05,0.22,0.21,0.18,0.24,0.34,0.36,0.35,0.45,0.43,0.32,0.34,0.47
W -1.36 -6.05 h=170 f=0.69 r=0.44 scan=2.50,0.66,1.21,2.01,0.44,0.27,0.28,0.49,0.50,0.47,0.50,0.29,0.26,0.27,0.34,0.57
W -2.39 -6.13 h=197 f=0.47 r=0.47 scan=0.47,2.41,0.80,1.25,0.47,0.28,0.45,0.71,2.50,0.41,0.32,0.33,0.31,0.38,0.67,2.50
W -3.07 -6.63 h=215 f=0.44 r=0.42 scan=2.15,0.80,1.14,1.16,0.42,0.35,0.81,0.82,0.57,0.44,0.34,0.41,0.49,0.79,2.50,0.32
W -3.77 -6.49 h=146 f=0.67 r=0.74 scan=0.94,2.50,0.24,2.12,0.74,1.61,1.15,0.48,0.43,0.85,0.90,0.57,0.47,0.42,0.42,0.55
W -4.53 -5.92 h=153 f=0.52 r=0.21 scan=0.78,2.45,0.61,0.23,0.21,0.19,1.26,0.72,0.56,1.03,0.93,0.36,0.34,0.30,0.32,0.40
W -5.33 -5.47 h=163 f=0.50 r=0.33 scan=0.90,2.35,0.61,0.36,0.33,0.27,0.34,0.80,1.18,1.16,0.42,2.50,0.22,0.24,0.24,0.38
W -6.13 -5.28 h=175 f=0.56 r=0.34 scan=1.22,1.53,0.51,0.39,0.34,0.34,0.38,0.92,1.34,0.58,0.28,0.25,0.16,0.17,0.24,0.44
W -6.94 -5.16 h=173 f=0.45 r=0.35 scan=1.84,1.16,0.54,0.42,0.35,0.36,0.43,1.11,1.53,0.55,2.50,0.18,0.16,0.16,0.27,0.33
W -7.76 -5.11 h=182 f=0.69 r=0.38 scan=1.84,0.95,0.46,0.32,0.38,0.37,0.56,1.25,1.61,0.34,0.23,0.15,0.19,0.18,0.19,0.57
W -8.62 -5.09 h=177 f=0.60 r=0.33 scan=1.67,1.08,0.51,0.36,0.33,0.41,0.50,0.89,1.78,0.43,0.28,0.15,0.14,0.19,0.26,0.48
W -9.45 -5.09 h=182 f=0.62 r=0.33 scan=1.45,0.92,0.47,0.31,0.33,0.34,0.54,0.90,1.99,0.44,0.20,0.20,0.19,0.18,0.32,0.50
W -10.27 -5.10 h=181 f=0.57 r=0.31 scan=1.31,0.88,0.49,0.39,0.31,0.34,0.47,0.99,2.13,0.37,0.26,0.22,0.23,2.50,0.23,0.45
W -11.09 -5.11 h=183 f=0.77 r=0.36 scan=1.11,1.31,0.47,0.35,0.36,0.36,0.46,0.95,2.32,0.45,0.28,0.22,0.17,0.16,0.27,0.65
W -12.13 -5.15 h=183 f=0.86 r=0.34 scan=0.91,1.02,0.48,0.36,0.34,0.34,0.49,1.00,2.50,0.49,0.24,0.19,0.17,0.21,0.39,0.74
W -13.13 -5.17 h=181 f=0.71 r=0.33 scan=0.71,0.81,1.07,0.37,0.33,0.33,0.45,0.93,2.50,0.58,0.25,0.24,0.28,0.29,0.35,0.60
W -13.95 -5.25 h=185 f=0.54 r=0.33 scan=0.54,0.69,0.95,0.30,0.33,0.39,0.52,1.46,1.12,0.40,0.33,0.29,0.26,0.31,0.46,0.58
W -14.85 -5.57 h=228 f=0.61 r=0.49 scan=0.76,0.82,1.30,0.32,0.49,0.92,1.99,0.50,0.39,0.31,0.27,0.36,0.38,0.45,0.38,0.49
W -15.19 -6.31 h=259 f=0.64 r=0.71 scan=0.64,1.16,1.08,0.26,0.71,1.66,0.66,0.53,0.45,0.46,0.49,0.42,0.33,0.36,0.41,0.72
W -14.96 -7.08 h=301 f=0.61 r=0.92 scan=1.10,0.84,0.11,2.50,0.92,0.67,0.55,0.58,0.59,0.41,0.39,0.40,0.50,0.60,0.55,0.49
W -14.52 -7.80 h=299 f=0.63 r=1.05 scan=1.17,0.82,1.09,2.50,1.05,0.67,0.56,0.59,0.59,0.42,0.38,0.38,0.51,0.60,0.54,0.51
FROZEN n=1
W -14.30 -8.68 h=264 f=0.61 r=0.98 scan=0.61,1.12,0.93,0.36,0.98,1.32,0.66,0.51,0.44,0.47,0.49,0.36,0.31,0.39,0.45,0.66
W -14.03 -9.48 h=305 f=0.64 r=0.88 scan=1.02,1.04,1.12,2.36,0.88,0.67,0.57,0.58,0.59,0.39,0.38,0.38,0.51,0.57,0.51,0.52
W -13.50 -10.25 h=304 f=0.63 r=0.86 scan=1.00,1.03,0.28,2.32,0.86,0.69,0.55,0.58,0.61,0.40,0.37,0.39,0.51,0.56,0.52,0.51
FROZEN n=2
W -13.18 -11.24 h=266 f=0.48 r=0.25 scan=0.48,1.04,0.98,1.06,0.25,1.80,0.84,0.67,0.57,0.58,0.58,0.38,0.38,0.38,0.53,0.54
W -13.08 -12.03 h=293 f=0.45 r=0.27 scan=0.84,0.83,1.01,1.12,0.27,2.50,0.79,0.70,0.72,0.48,0.41,0.37,0.47,0.46,0.41,0.33
W -12.66 -12.72 h=310 f=0.65 r=0.33 scan=0.74,0.53,0.96,0.77,0.33,0.27,0.28,0.85,0.64,0.53,0.53,0.52,0.38,0.20,0.22,0.71
W -12.05 -13.27 h=328 f=0.44 r=0.41 scan=0.44,0.77,0.97,0.66,0.41,0.34,0.39,0.99,0.71,0.64,0.47,0.16,2.50,1.10,0.58,0.67
W -12.16 -13.97 h=257 f=0.66 r=0.35 scan=1.04,0.54,0.68,0.49,0.35,0.81,0.91,0.54,0.41,0.44,1.12,0.76,0.68,0.22,0.80,0.95
W -12.31 -14.78 h=266 f=0.41 r=0.40 scan=0.41,0.38,0.54,0.42,0.40,0.90,0.92,0.68,0.58,1.21,0.13,0.29,0.62,0.72,0.83,0.94
W -12.52 -15.55 h=246 f=0.39 r=0.50 scan=0.80,0.27,0.29,0.26,0.50,0.44,0.43,1.19,0.83,0.73,0.27,0.34,0.60,0.55,0.63,0.66
W -13.23 -16.32 h=216 f=0.48 r=0.16 scan=0.48,0.62,0.58,0.61,0.16,0.24,0.59,0.59,1.31,1.00,0.42,0.41,0.51,0.55,0.50,2.50
W -13.83 -16.87 h=233 f=0.44 r=0.76 scan=0.56,0.49,0.49,0.55,0.76,0.67,0.65,0.79,1.21,0.52,0.47,0.61,0.40,0.35,2.50,0.32
DETACH
W -13.93 -17.03 h=31 f=0.39 r=0.30 scan=0.39,0.90,0.70,0.75,0.30,0.43,0.71,0.71,0.74,0.84,0.29,0.24,0.27,0.44,0.33,0.37
W -13.42 -16.47 h=64 f=0.73 r=0.37 scan=0.75,0.61,0.67,1.07,0.37,0.78,0.81,0.86,0.40,0.34,0.38,0.43,0.27,0.29,0.25,0.96
W -13.16 -15.70 h=88 f=0.46 r=0.39 scan=0.46,0.49,1.14,0.83,0.39,0.89,1.00,0.57,0.44,0.54,0.35,0.21,0.19,0.71,0.81,0.55
W -13.51 -15.04 h=140 f=0.56 r=2.50 scan=0.87,0.77,0.63,0.93,2.50,0.67,0.62,0.45,0.28,0.36,0.70,0.81,0.48,0.39,0.34,0.44
W -14.31 -14.61 h=155 f=0.61 r=0.19 scan=0.61,0.61,0.49,0.26,0.19,0.72,0.76,0.62,0.48,0.84,0.72,0.44,0.27,0.31,0.91,0.75
W -15.01 -14.18 h=150 f=0.49 r=0.37 scan=0.49,0.41,0.45,0.48,0.37,0.26,0.28,0.95,0.64,1.08,1.04,0.31,0.24,0.21,0.81,0.78
W -15.63 -13.66 h=129 f=0.42 r=0.38 scan=0.42,0.31,0.30,0.34,0.38,0.43,0.41,0.35,1.10,0.74,1.13,0.35,1.03,0.81,0.69,0.67
W -15.98 -12.92 h=105 f=0.46 r=2.50 scan=0.48,0.34,0.24,0.22,2.50,0.27,0.48,0.52,0.51,1.25,0.95,0.43,1.93,0.83,0.60,0.54
W -15.96 -12.11 h=76 f=0.41 r=0.20 scan=0.41,0.33,0.39,0.27,0.20,0.19,0.27,0.38,0.70,0.66,1.40,0.32,0.81,1.88,0.69,0.45
W -15.22 -11.79 h=17 f=0.66 r=0.34 scan=1.09,0.54,0.36,0.35,0.34,0.37,0.34,0.28,0.31,0.41,0.69,2.50,1.30,0.30,0.54,1.95
W -14.41 -11.65 h=4 f=0.61 r=0.27 scan=2.19,0.49,0.39,0.30,0.27,0.36,0.40,0.48,0.42,0.56,0.82,0.80,0.26,0.35,0.45,0.88
W -13.47 -11.66 h=357 f=0.75 r=0.33 scan=2.50,0.87,0.38,0.30,0.33,0.28,0.37,0.55,0.64,0.69,0.94,0.31,0.32,0.34,0.35,0.63
W -12.65 -11.81 h=346 f=0.59 r=0.26 scan=0.86,1.56,0.59,0.32,0.26,0.32,0.38,0.52,0.86,0.86,1.03,0.34,0.29,0.25,0.30,0.47
W -11.86 -12.05 h=339 f=0.45 r=0.31 scan=0.64,2.48,0.69,0.46,0.31,0.30,0.39,0.56,1.01,0.98,0.44,0.28,0.22,2.50,0.21,0.33
W -11.09 -12.21 h=355 f=0.39 r=0.33 scan=2.34,1.01,0.57,0.44,0.33,0.34,0.47,0.93,1.10,0.58,0.25,0.18,0.16,0.21,0.23,0.27
W -10.25 -12.23 h=2 f=0.51 r=0.41 scan=2.14,0.81,0.48,0.38,0.41,0.38,0.51,1.17,1.30,0.42,0.24,0.20,0.12,0.14,0.20,0.39
W -9.43 -12.21 h=3 f=0.69 r=0.35 scan=2.00,0.72,0.51,0.36,0.35,0.43,0.49,1.12,1.47,0.38,0.18,0.14,0.12,0.18,0.22,0.57
W -8.61 -12.15 h=3 f=0.76 r=0.31 scan=1.81,0.73,0.43,0.34,0.31,0.38,0.55,1.25,1.67,0.33,0.20,0.20,0.15,0.17,0.32,0.64
W -7.78 -12.14 h=360 f=0.60 r=0.33 scan=1.68,0.75,0.42,0.32,0.33,0.32,0.48,0.86,1.79,0.40,0.20,0.20,0.22,0.22,0.27,0.48
W -6.95 -12.16 h=359 f=0.47 r=0.32 scan=1.50,0.77,0.45,0.33,0.32,0.38,0.40,0.87,1.95,0.48,0.30,0.21,0.23,0.20,0.31,0.35
W -6.13 -12.22 h=355 f=0.50 r=0.29 scan=1.33,0.95,0.50,0.39,0.29,0.34,0.47,0.76,2.13,0.47,0.30,0.19,0.21,0.24,0.20,0.38
W -4.91 -12.35 h=356 f=0.76 r=0.33 scan=1.07,1.10,0.46,0.39,0.33,0.39,0.42,0.74,2.40,0.64,0.31,0.13,0.15,0.18,0.87,0.64
W -4.08 -12.41 h=358 f=0.59 r=0.36 scan=0.92,0.95,0.47,0.33,0.36,0.35,0.48,0.90,2.50,0.48,0.23,0.78,1.18,1.10,0.54,0.47
W -3.26 -12.45 h=355 f=0.57 r=0.32 scan=0.76,0.80,0.47,0.37,0.32,0.39,0.47,1.01,2.50,0.38,0.94,0.75,1.21,0.65,0.35,0.45
W -2.43 -12.48 h=358 f=0.62 r=0.34 scan=0.62,0.60,0.52,0.36,0.34,0.35,0.50,0.94,2.50,1.52,0.99,1.76,1.14,0.18,0.28,0.51
W -1.61 -12.48 h=2 f=0.44 r=0.33 scan=0.44,2.50,0.49,0.37,0.33,0.34,0.45,0.94,2.50,2.27,0.93,0.20,0.22,0.20,0.20,0.42
W -2.17 -11.98 h=148 f=0.60 r=0.21 scan=0.72,2.50,1.75,1.13,0.21,0.21,0.16,0.16,0.37,0.36,0.38,0.44,0.43,0.34,0.34,0.48
W -2.93 -11.69 h=172 f=0.71 r=0.43 scan=2.50,0.64,1.10,1.97,0.43,0.26,0.29,0.53,0.55,0.50,0.49,0.29,0.28,0.32,0.33,0.59
W -3.96 -11.80 h=200 f=0.42 r=0.43 scan=0.42,1.00,0.79,1.22,0.43,0.31,0.45,0.74,0.78,0.41,0.35,0.29,0.38,0.44,0.81,2.50
W -4.59 -12.25 h=213 f=0.72 r=0.64 scan=1.96,0.77,1.65,1.11,0.64,0.40,0.52,0.85,0.81,0.46,0.36,0.43,0.43,0.63,1.61,0.60
W -5.09 -12.73 h=236 f=0.72 r=0.43 scan=0.72,0.63,1.12,0.71,0.43,0.38,0.93,0.89,0.52,0.39,0.44,0.50,0.71,1.66,0.26,1.88
W -5.48 -13.48 h=252 f=0.57 r=0.40 scan=0.57,1.10,0.88,0.43,0.40,0.89,0.95,0.58,0.44,0.48,0.56,0.74,1.66,0.23,1.85,0.67
W -5.65 -14.50 h=273 f=0.75 r=0.87 scan=1.05,0.94,0.51,0.43,0.87,0.97,0.60,0.47,0.49,0.50,0.64,1.43,0.23,1.17,0.75,0.63
W -5.60 -15.39 h=277 f=0.88 r=0.39 scan=0.94,0.76,0.48,0.35,0.39,1.00,0.73,0.59,0.59,0.73,0.16,0.35,1.17,1.85,0.56,1.43
W -5.48 -16.48 h=273 f=0.72 r=0.32 scan=0.72,0.75,0.48,0.36,0.32,0.38,1.12,0.88,0.86,0.38,0.50,1.22,1.15,0.46,0.27,1.23
W -5.41 -17.30 h=276 f=0.54 r=0.33 scan=0.54,0.57,0.44,0.34,0.33,0.36,0.54,1.03,1.01,0.62,0.78,1.15,0.23,0.73,1.07,1.08
W -5.36 -18.12 h=270 f=0.39 r=0.33 scan=0.39,0.36,0.44,0.34,0.33,0.33,0.44,1.19,1.21,0.81,0.95,0.33,0.69,0.74,0.98,0.38
W -5.81 -18.74 h=219 f=0.76 r=0.31 scan=0.85,0.82,0.26,0.32,0.31,2.50,0.39,0.39,0.48,0.78,1.19,0.81,0.28,0.40,0.65,0.64
W -6.52 -19.16 h=207 f=0.54 r=0.18 scan=0.54,0.68,0.68,0.67,0.18,0.32,0.40,0.49,0.55,0.71,1.38,0.32,0.32,0.52,0.55,0.46
W -7.22 -19.57 h=221 f=0.47 r=0.82 scan=0.54,0.67,0.58,0.63,0.82,0.23,0.66,0.72,0.86,1.58,0.38,0.43,0.54,0.36,0.32,0.35
W -7.18 -20.37 h=321 f=0.72 r=1.90 scan=0.86,0.86,0.74,0.84,1.90,0.49,0.55,0.54,0.26,0.24,0.24,0.26,0.41,0.52,0.51,0.60
W -6.34 -20.44 h=36 f=0.74 r=0.65 scan=0.77,1.78,0.54,0.53,0.65,0.40,0.37,2.50,0.47,0.53,0.47,0.46,0.57,0.71,0.66,0.62
W -5.71 -19.91 h=42 f=0.70 r=0.60 scan=0.73,1.54,0.40,0.42,0.60,0.51,0.47,0.48,0.66,0.59,0.55,0.59,0.11,0.28,0.52,0.58
W -5.22 -19.26 h=62 f=0.68 r=0.68 scan=1.44,1.35,0.29,0.35,0.68,0.56,0.58,0.80,0.74,0.20,0.24,0.30,0.40,0.40,0.47,0.56
W -5.04 -18.27 h=98 f=0.82 r=0.63 scan=1.13,0.70,0.97,0.28,0.63,0.69,1.07,0.94,0.44,0.42,0.45,0.41,0.36,0.44,0.64,1.15
W -5.47 -17.58 h=133 f=0.70 r=0.77 scan=0.70,1.17,1.06,0.11,0.77,1.14,0.53,0.59,0.62,0.51,0.42,0.43,0.62,1.03,0.98,0.59
DETACH
W -5.69 -17.31 h=48 f=0.38 r=0.45 scan=0.38,0.29,0.27,0.34,0.45,0.80,2.50,1.56,1.02,1.81,0.41,0.25,0.31,0.56,0.59,0.62
W -5.92 -18.21 h=256 f=0.48 r=0.54 scan=1.24,0.36,0.29,0.35,0.54,0.55,0.61,0.34,0.30,0.29,0.34,0.50,1.22,1.27,2.24,0.96
W -6.49 -19.17 h=232 f=0.81 r=0.21 scan=0.81,1.60,0.98,0.26,0.21,0.17,0.65,0.69,0.71,0.49,0.51,0.54,0.73,1.42,0.34,2.02
W -7.13 -19.69 h=222 f=0.64 r=0.44 scan=0.64,1.55,0.95,0.75,0.44,0.27,0.29,0.88,0.88,0.60,0.55,0.63,0.83,0.26,1.20,1.85
W -7.63 -20.31 h=221 f=0.47 r=0.53 scan=0.50,0.35,0.81,0.84,0.53,0.42,0.34,0.40,1.05,0.75,0.73,0.77,0.30,0.40,1.09,1.77
W -8.34 -20.65 h=189 f=0.53 r=0.80 scan=1.04,0.41,0.36,0.27,0.80,0.80,0.56,0.47,0.47,1.19,0.88,0.79,0.27,0.37,0.52,1.05
W -9.40 -20.71 h=174 f=0.64 r=0.29 scan=0.80,1.36,0.37,0.27,0.29,0.28,0.93,0.80,0.69,0.71,1.19,0.33,0.35,0.26,0.39,0.52
W -10.20 -20.53 h=160 f=0.48 r=0.28 scan=0.70,0.70,1.30,1.83,0.28,0.23,0.36,0.42,0.88,0.81,1.51,0.37,0.20,0.24,0.28,0.36
W -10.99 -20.33 h=177 f=0.45 r=0.81 scan=0.45,0.53,1.35,0.85,0.81,0.32,0.49,1.17,0.97,1.59,0.26,0.26,0.20,0.22,0.23,0.56
W -11.86 -20.56 h=221 f=0.47 r=0.36 scan=1.14,1.92,0.78,0.36,0.36,1.30,1.11,0.63,0.37,0.25,0.19,0.31,0.32,0.34,0.34,0.35
W -12.44 -21.28 h=242 f=0.81 r=0.36 scan=1.73,0.69,0.71,0.35,0.36,1.26,1.88,0.55,0.39,0.36,0.36,0.39,0.27,0.29,0.22,0.92
W -12.81 -22.01 h=241 f=0.60 r=0.35 scan=1.57,0.48,0.52,0.56,0.35,0.32,1.42,0.72,0.57,0.56,0.39,0.31,0.17,0.16,0.65,0.89
W -13.17 -22.78 h=247 f=0.46 r=0.49 scan=1.45,0.34,0.43,0.51,0.49,0.36,1.53,0.85,0.66,0.67,0.20,0.25,0.33,0.56,0.61,0.79
W -13.60 -23.51 h=224 f=0.66 r=0.36 scan=0.83,1.30,1.19,0.21,0.36,0.56,0.52,0.51,1.04,0.81,0.35,0.34,0.36,0.56,0.53,0.54
W -14.18 -24.10 h=232 f=0.56 r=0.81 scan=0.70,1.08,0.67,1.22,0.81,0.24,0.66,0.66,1.17,0.96,0.42,0.52,0.51,0.40,0.38,0.44
W -14.32 -25.10 h=280 f=0.46 r=0.38 scan=0.46,1.01,1.76,0.61,0.38,0.24,1.35,0.62,0.57,0.70,0.45,0.36,0.37,0.50,0.68,0.92
W -13.93 -26.01 h=302 f=0.80 r=0.56 scan=0.81,1.31,0.60,0.59,0.56,0.37,1.38,0.77,0.72,0.52,0.42,0.49,0.60,0.86,0.71,0.68
W -13.37 -26.65 h=317 f=0.73 r=0.58 scan=0.80,1.49,0.43,0.42,0.58,0.41,0.43,0.97,0.82,0.60,0.59,0.64,0.11,0.27,0.54,0.61
W -12.80 -27.23 h=322 f=0.60 r=0.56 scan=0.64,1.44,0.64,0.37,0.56,0.61,0.58,1.18,0.89,0.74,0.20,0.27,0.23,0.47,0.41,0.48
W -12.12 -27.70 h=333 f=0.59 r=0.37 scan=0.79,2.23,0.50,0.22,0.37,0.67,0.68,1.22,0.89,0.37,0.32,0.47,0.35,0.37,0.35,0.47
W -11.40 -28.09 h=325 f=0.45 r=0.23 scan=0.54,1.46,1.10,0.40,0.23,0.23,0.75,1.46,1.15,0.53,0.50,0.42,0.34,0.25,0.24,0.33
W -10.70 -28.43 h=346 f=0.53 r=0.32 scan=0.86,1.94,0.57,0.37,0.32,0.24,0.90,1.37,0.64,0.66,0.40,0.23,0.19,0.24,0.22,0.41
W -9.91 -28.66 h=346 f=0.46 r=0.34 scan=0.84,1.76,0.62,0.39,0.34,0.36,0.38,1.50,0.84,0.81,0.25,0.24,0.13,0.13,0.24,0.34
W -9.11 -28.80 h=354 f=0.59 r=0.35 scan=1.61,1.10,0.54,0.38,0.35,0.39,0.44,1.51,0.91,0.39,0.17,0.17,0.18,0.14,0.22,0.47
W -8.29 -28.81 h=1 f=0.61 r=0.35 scan=1.49,0.89,0.44,0.37,0.35,0.36,0.53,1.65,1.15,0.32,0.23,0.20,0.16,0.17,0.35,0.49
W -7.47 -28.80 h=357 f=0.52 r=0.34 scan=1.30,0.87,0.45,0.36,0.34,0.36,0.46,1.84,1.30,0.43,0.20,0.14,0.18,0.26,0.26,0.40
W -6.63 -28.79 h=359 f=0.63 r=0.31 scan=1.14,1.19,0.43,0.35,0.31,0.39,0.47,0.83,2.50,0.45,0.26,0.25,0.17,2.50,0.22,0.51
W -5.81 -28.81 h=358 f=0.54 r=0.32 scan=0.99,0.97,0.53,0.32,0.32,0.34,0.48,2.50,1.63,0.41,0.28,0.17,0.16,0.15,0.30,0.42
W -4.98 -28.82 h=359 f=0.45 r=0.30 scan=0.79,0.82,0.97,0.40,0.30,0.34,0.45,0.84,1.74,0.54,0.25,0.15,0.18,0.21,0.22,0.33
W -4.16 -28.81 h=4 f=0.61 r=0.37 scan=0.61,0.67,0.86,0.37,0.37,0.36,0.52,1.25,1.14,0.31,0.25,0.22,0.17,0.19,0.21,0.60
W -3.35 -28.66 h=12 f=0.41 r=0.35 scan=0.41,0.53,0.90,1.34,0.35,0.42,0.61,2.12,0.85,0.40,0.24,0.17,0.17,0.29,0.43,0.49
W -2.91 -28.04 h=67 f=0.66 r=0.49 scan=0.97,1.22,1.74,0.38,0.49,2.19,0.75,0.45,0.29,0.24,0.31,0.40,0.41,0.36,0.41,0.54
W -2.81 -26.96 h=104 f=0.59 r=1.96 scan=0.59,1.03,0.66,0.30,1.96,0.83,0.63,0.45,0.52,0.61,0.36,0.38,0.35,0.44,0.76,1.04
W -3.21 -25.77 h=113 f=0.89 r=0.55 scan=1.36,0.77,0.57,0.51,0.55,0.25,0.21,0.69,0.80,0.56,0.45,0.46,0.49,0.65,0.80,0.77
W -3.49 -25.10 h=107 f=0.76 r=0.49 scan=1.20,0.76,0.57,0.43,0.49,0.54,0.33,0.30,0.94,0.69,0.56,0.44,0.53,0.63,0.73,0.64
W -3.38 -24.40 h=53 f=0.72 r=0.56 scan=0.77,0.63,0.27,1.05,0.56,0.48,0.41,0.56,0.54,0.37,0.87,1.03,0.63,0.51,0.52,0.60
W -2.73 -23.90 h=35 f=0.61 r=0.85 scan=0.61,0.69,0.61,1.16,0.85,0.61,2.50,0.40,0.57,0.51,0.36,0.89,0.94,0.60,0.47,0.53
W -2.04 -23.46 h=29 f=0.60 r=2.50 scan=0.60,0.72,0.59,1.15,2.50,0.58,0.48,0.40,0.58,0.50,0.34,0.85,0.96,0.61,0.48,0.53
FROZEN n=1
W -1.29 -23.30 h=0 f=0.57 r=1.14 scan=0.57,0.67,0.87,0.26,1.14,1.09,0.56,0.38,0.32,0.32,0.49,0.45,0.34,0.37,0.96,0.66
W -0.53 -23.04 h=36 f=0.56 r=0.89 scan=0.56,0.68,0.60,0.13,0.89,2.50,0.51,0.45,0.63,2.50,0.38,0.94,0.87,0.54,0.41,0.47
W 0.17 -22.61 h=28 f=0.40 r=0.35 scan=0.40,0.57,0.52,0.50,0.35,0.27,0.16,0.63,0.77,0.58,1.00,1.02,0.66,0.39,2.50,0.35
W -0.52 -23.02 h=212 f=0.67 r=0.52 scan=0.81,0.55,1.00,1.05,0.52,0.28,0.31,0.30,0.35,0.54,0.48,0.48,0.36,0.33,0.19,0.68
W -1.05 -23.63 h=240 f=0.38 r=0.47 scan=0.38,0.86,0.94,0.61,0.47,0.36,0.40,0.50,0.66,0.62,0.42,0.16,0.69,0.58,0.62,0.61
W -1.75 -23.92 h=144 f=0.64 r=0.26 scan=0.74,0.52,0.60,0.52,0.26,0.76,0.76,0.76,0.52,0.42,0.36,0.48,0.77,0.80,0.54,1.22
W -2.38 -23.39 h=135 f=0.58 r=0.50 scan=0.59,0.46,0.39,0.50,0.50,0.33,0.32,0.96,0.68,0.59,0.51,0.61,0.86,0.72,1.15,1.11
DETACH
W -2.43 -22.90 h=46 f=0.54 r=0.29 scan=1.11,0.42,0.36,0.40,0.29,0.23,0.19,0.23,0.28,2.50,1.11,0.69,0.43,0.46,0.84,1.51
W -1.83 -22.34 h=36 f=0.42 r=0.30 scan=1.28,0.30,0.26,0.31,0.30,0.36,0.37,0.31,0.38,0.54,1.24,1.77,0.32,0.45,0.70,0.68
W -1.05 -22.04 h=10 f=0.54 r=0.19 scan=0.54,1.23,0.83,0.77,0.19,0.23,0.35,0.48,0.50,0.59,0.83,1.37,0.32,0.35,0.56,0.56
W -0.23 -21.89 h=31 f=0.49 r=0.23 scan=1.10,0.86,2.50,0.69,0.23,0.28,0.62,0.63,0.72,1.00,0.31,0.32,0.40,0.51,0.45,0.37
W 0.41 -21.48 h=43 f=0.40 r=0.34 scan=0.87,0.69,0.63,0.62,0.34,0.29,0.73,0.77,1.03,0.42,0.34,0.43,0.41,0.34,0.26,0.28
W -0.25 -21.34 h=181 f=0.43 r=0.39 scan=0.74,0.80,2.50,0.46,0.39,0.46,0.36,0.31,0.23,0.27,0.81,0.63,0.58,0.64,0.34,0.31
W -1.03 -21.54 h=203 f=0.67 r=0.41 scan=0.67,0.91,1.50,0.41,0.41,0.56,0.45,0.36,0.99,0.79,0.61,0.68,0.28,0.20,0.44,0.63
W -1.75 -21.94 h=214 f=0.58 r=0.34 scan=0.58,0.86,1.35,0.29,0.34,0.56,0.56,0.51,1.22,0.83,0.77,0.22,0.23,0.38,0.49,0.51
W -2.43 -22.41 h=213 f=0.41 r=0.27 scan=0.41,0.63,1.24,1.71,0.27,0.36,0.70,0.69,1.40,0.93,0.29,0.33,0.37,0.41,0.40,0.33
W -2.80 -23.08 h=245 f=0.45 r=0.35 scan=0.72,1.08,0.43,0.33,0.35,0.73,0.79,1.21,0.41,0.43,0.40,0.39,0.35,0.24,0.33,0.33
W -3.09 -23.84 h=253 f=0.50 r=0.32 scan=0.61,0.96,0.55,0.32,0.32,0.28,0.89,1.29,0.54,0.50,0.47,0.28,0.24,0.22,0.23,0.38
W -3.31 -24.63 h=252 f=0.41 r=0.29 scan=0.45,0.83,1.52,0.41,0.29,0.35,0.35,1.52,0.70,0.67,0.35,0.26,0.15,0.15,0.20,0.29
W -3.39 -25.43 h=263 f=0.41 r=0.30 scan=0.70,0.67,1.35,0.40,0.30,0.35,0.42,1.46,0.88,0.69,0.21,0.18,0.18,0.18,0.19,0.29
W -3.06 -26.15 h=295 f=0.56 r=0.27 scan=0.56,1.03,0.84,0.29,0.27,0.45,1.54,0.95,0.57,0.28,0.23,0.20,0.20,0.21,0.54,0.59
W -2.81 -26.94 h=286 f=0.40 r=0.80 scan=0.40,1.16,0.82,0.67,0.80,0.29,0.54,1.08,0.98,0.41,0.26,0.24,0.20,0.23,0.47,0.45
W -2.30 -27.55 h=314 f=0.41 r=0.93 scan=0.97,0.70,0.61,0.69,0.93,0.32,1.19,1.07,0.52,0.35,0.27,0.32,0.43,0.36,0.27,0.29
W -1.65 -28.04 h=328 f=0.59 r=0.92 scan=0.59,0.54,0.48,0.70,0.92,0.80,1.34,0.72,0.52,0.43,0.47,0.38,0.19,0.20,0.18,0.88
W -0.93 -28.45 h=331 f=0.46 r=0.71 scan=0.46,0.38,0.39,0.43,0.71,0.92,0.63,1.05,0.69,0.59,0.54,0.16,0.74,0.61,0.67,0.62
W -1.00 -29.07 h=238 f=0.67 r=0.39 scan=0.76,0.55,0.63,0.58,0.39,0.30,0.35,0.34,0.66,0.91,0.75,1.20,0.78,0.65,0.25,1.10
W -1.39 -29.79 h=248 f=0.46 r=0.40 scan=0.46,0.39,0.53,0.58,0.40,0.42,0.43,0.48,2.50,1.05,1.58,0.10,0.27,2.11,1.19,0.64
W -1.94 -30.31 h=203 f=0.60 r=0.39 scan=0.88,0.48,0.37,0.33,0.39,0.54,0.54,0.45,0.49,0.60,1.21,2.50,0.19,0.28,0.34,2.02
W -2.72 -30.61 h=198 f=0.60 r=0.30 scan=1.09,0.48,0.34,0.34,0.30,0.35,0.64,0.65,0.65,0.77,0.27,0.24,0.24,0.23,0.43,1.91
W -3.53 -30.72 h=182 f=0.71 r=0.28 scan=1.71,0.60,0.35,0.27,0.28,0.34,0.36,0.77,0.75,0.86,0.35,0.27,0.18,0.24,0.33,0.59
W -4.35 -30.65 h=168 f=0.54 r=0.28 scan=2.10,1.03,0.43,0.38,0.28,0.27,0.39,0.50,0.97,0.96,0.45,0.21,0.21,0.22,0.26,0.42
W -5.15 -30.49 h=169 f=0.48 r=0.40 scan=1.95,1.20,0.53,2.50,0.40,0.31,0.36,0.60,1.14,1.13,0.29,0.24,0.17,0.19,0.27,0.36
W -5.97 -30.42 h=178 f=0.66 r=0.33 scan=1.25,0.75,0.50,0.35,0.33,0.39,0.45,2.50,1.23,0.42,0.19,0.22,0.18,0.14,0.26,0.54
W -6.80 -30.39 h=176 f=0.54 r=0.34 scan=1.11,0.87,0.39,0.39,0.34,0.31,0.46,0.84,1.48,0.51,0.31,0.18,0.18,0.19,0.21,0.42
W -7.62 -30.33 h=177 f=0.50 r=0.37 scan=0.94,0.94,0.45,0.33,0.37,0.36,0.42,0.79,1.59,0.47,0.24,0.18,0.15,0.17,0.26,0.38
W -8.64 -30.25 h=177 f=0.73 r=0.34 scan=0.73,0.77,0.51,0.33,0.34,0.34,0.45,0.80,1.87,0.43,0.22,0.21,0.17,0.14,0.18,1.29
W -9.46 -30.21 h=179 f=0.57 r=0.30 scan=0.57,0.61,0.45,0.37,0.30,0.37,0.53,0.96,1.94,0.37,0.25,0.13,0.13,0.67,1.49,1.08
W -10.28 -30.17 h=176 f=0.39 r=0.36 scan=0.39,0.34,0.49,2.50,0.36,0.34,0.48,0.86,2.13,0.46,0.21,0.37,0.68,0.72,1.20,0.93
W -11.01 -29.73 h=130 f=0.92 r=0.41 scan=1.11,0.80,0.27,0.26,0.41,0.43,0.34,0.40,2.50,0.93,2.21,0.30,0.38,0.66,0.56,1.17
W -11.42 -29.02 h=114 f=0.61 r=0.18 scan=1.01,0.92,0.70,0.69,0.18,0.28,0.52,0.48,0.56,0.73,1.49,0.35,0.37,0.53,0.51,0.49
W -11.86 -28.27 h=130 f=0.73 r=0.70 scan=0.92,0.61,0.53,0.61,0.70,0.78,0.44,0.71,0.91,1.51,0.47,0.51,0.48,0.33,0.33,0.83
W -12.41 -27.66 h=136 f=0.58 r=0.68 scan=0.61,0.46,0.46,0.54,0.68,0.85,0.44,0.89,1.08,0.62,0.58,0.50,0.28,0.19,0.69,0.75
W -12.98 -27.07 h=130 f=0.46 r=0.49 scan=0.46,0.36,0.32,0.34,0.49,0.72,0.97,0.51,1.25,0.76,0.71,0.22,2.37,1.18,0.58,0.63
W -13.37 -26.35 h=107 f=0.46 r=0.24 scan=0.46,0.36,0.28,0.24,0.24,0.38,0.61,1.07,0.72,1.40,0.82,2.50,0.75,1.48,0.49,0.36
W -13.04 -25.69 h=45 f=0.48 r=0.42 scan=1.18,0.36,0.28,0.38,0.42,0.25,0.27,0.28,0.40,0.86,1.20,1.26,1.68,0.38,0.77,0.78
W -12.35 -25.27 h=19 f=0.61 r=0.23 scan=0.61,1.05,0.85,0.25,0.23,0.24,0.47,0.37,0.43,0.57,1.05,1.23,1.32,0.34,0.69,0.60
W -11.54 -25.10 h=8 f=0.42 r=0.49 scan=0.42,2.27,0.91,0.75,0.49,0.23,0.31,0.62,0.57,0.63,1.03,1.38,0.28,0.40,0.56,2.50
W -10.84 -24.76 h=33 f=0.41 r=0.42 scan=2.12,0.79,0.65,0.66,0.42,0.24,0.43,0.70,0.84,1.25,0.34,2.50,0.41,0.42,0.31,0.29
W -10.28 -24.17 h=53 f=0.65 r=0.44 scan=0.65,0.55,0.61,0.48,0.44,0.30,0.76,0.92,1.42,0.47,0.44,0.46,0.24,0.20,0.34,1.96
W -9.90 -23.45 h=68 f=0.45 r=0.42 scan=0.45,0.36,0.49,0.54,0.42,0.35,0.91,1.16,0.64,0.56,0.29,0.18,0.26,1.15,1.76,0.52
W -9.31 -22.91 h=32 f=0.47 r=0.39 scan=0.59,0.35,0.30,0.30,0.39,0.57,0.46,0.48,1.14,1.70,0.74,0.21,0.24,0.44,1.04,1.06
W -8.51 -22.60 h=11 f=0.90 r=0.25 scan=0.90,1.46,0.36,0.22,0.25,0.27,0.36,0.60,0.67,1.29,0.92,0.28,0.26,0.39,1.05,0.90
W -7.56 -22.59 h=353 f=0.66 r=0.28 scan=0.66,0.69,1.18,0.27,0.28,0.21,0.30,0.47,0.80,0.85,1.66,0.28,0.32,0.31,0.94,0.82
DETACH
W -6.88 -22.71 h=16 f=0.42 r=0.73 scan=2.50,2.50,0.71,0.68,0.73,0.25,0.42,1.12,1.74,0.53,0.39,0.83,0.86,0.48,0.37,0.30
W -6.27 -22.21 h=52 f=0.70 r=0.91 scan=2.50,0.58,0.56,0.65,0.91,0.30,1.23,2.50,0.62,1.48,0.92,0.49,0.24,0.23,0.23,0.83
W -5.77 -21.56 h=51 f=0.55 r=0.79 scan=0.55,0.45,0.45,0.53,0.79,2.28,1.32,2.21,0.71,1.09,0.86,0.24,0.16,0.32,0.65,0.74
W -5.26 -20.91 h=47 f=0.44 r=0.50 scan=0.45,0.32,0.30,0.35,0.50,1.03,2.50,2.19,0.98,1.26,0.34,0.26,0.29,0.55,0.57,0.59
W -4.54 -20.67 h=359 f=0.47 r=0.25 scan=0.47,0.43,0.43,0.27,0.25,0.28,0.37,0.66,2.50,1.68,1.14,1.37,0.28,0.26,0.32,0.45
W -5.15 -20.34 h=160 f=0.53 r=0.27 scan=0.94,2.50,2.42,1.74,0.27,0.25,0.24,0.38,0.36,0.36,0.37,0.39,0.29,0.24,0.30,0.41
W -5.95 -20.14 h=177 f=0.68 r=0.45 scan=2.50,0.66,1.12,1.92,0.45,0.33,0.35,0.52,0.54,0.55,0.34,0.24,0.23,0.26,0.29,0.56
W -6.95 -20.32 h=203 f=0.47 r=0.47 scan=0.47,1.05,0.82,1.25,0.47,0.36,0.67,0.74,0.74,0.38,0.30,0.25,0.31,0.40,0.65,2.50
W -7.64 -20.90 h=220 f=0.43 r=0.46 scan=2.10,0.81,1.64,1.16,0.46,0.39,0.82,0.82,0.54,0.45,0.34,0.40,0.47,0.76,2.50,0.32
W -8.36 -20.75 h=155 f=0.64 r=0.77 scan=0.90,2.50,2.50,0.19,0.77,1.64,1.19,0.53,0.46,0.91,0.97,0.56,0.35,0.41,0.37,0.52
W -9.08 -20.25 h=154 f=0.49 r=0.20 scan=0.72,2.46,0.73,0.39,0.20,0.23,1.26,0.83,0.60,1.05,0.98,0.36,0.33,0.27,0.30,0.37
W -9.79 -19.89 h=162 f=0.49 r=0.33 scan=0.88,2.33,0.62,0.35,0.33,0.27,0.31,0.77,1.17,1.15,0.40,0.28,0.21,0.25,0.26,0.37
W -10.59 -19.71 h=171 f=0.55 r=0.33 scan=1.19,1.56,0.50,0.40,0.33,0.34,0.37,0.95,1.33,0.57,0.28,0.28,0.17,0.19,0.24,0.43
W -11.42 -19.59 h=173 f=0.42 r=0.38 scan=1.82,1.39,0.55,0.41,0.38,0.35,0.43,1.09,1.51,0.57,0.21,0.17,0.14,0.16,0.26,0.30
W -12.24 -19.54 h=177 f=0.66 r=0.40 scan=1.80,0.94,0.45,0.34,0.40,0.38,0.55,1.25,1.61,0.33,0.20,0.18,0.19,0.16,0.16,0.54
W -13.07 -19.52 h=179 f=0.59 r=0.32 scan=1.65,1.08,0.51,0.36,0.32,0.41,0.48,0.86,1.80,0.41,0.29,0.15,0.14,0.17,0.24,0.47
W -13.95 -19.52 h=181 f=0.58 r=0.33 scan=1.45,0.95,0.49,0.31,0.33,0.37,0.54,0.90,1.98,0.43,0.22,0.19,0.18,0.20,0.30,0.46
W -14.77 -19.53 h=181 f=0.53 r=0.33 scan=1.31,1.43,0.50,0.39,0.33,0.32,0.46,1.00,2.13,0.35,0.26,0.21,0.22,0.23,0.22,0.41
W -15.61 -19.54 h=184 f=0.75 r=0.37 scan=1.11,1.31,0.46,0.36,0.37,0.38,0.46,1.16,1.95,0.45,0.28,0.21,0.16,0.20,0.23,0.63
W -16.81 -19.61 h=181 f=0.84 r=0.34 scan=0.87,1.00,0.47,0.38,0.34,0.38,0.51,1.11,1.80,0.49,0.22,0.20,0.20,0.27,0.38,0.72
W -17.75 -19.66 h=183 f=0.67 r=0.36 scan=0.67,0.82,1.03,0.35,0.36,0.35,0.45,0.95,1.99,0.43,0.27,0.24,0.26,0.28,0.36,0.64
W -18.56 -19.77 h=186 f=0.51 r=0.31 scan=0.51,0.67,0.96,0.30,0.31,0.40,0.49,1.13,1.37,0.42,0.35,0.27,0.28,0.32,0.42,0.56
W -19.35 -20.09 h=230 f=0.60 r=0.50 scan=0.76,0.82,1.32,0.29,0.50,0.97,1.67,0.49,0.37,0.31,0.28,0.35,0.40,0.44,0.37,0.48
W -19.63 -20.87 h=269 f=0.59 r=1.95 scan=0.59,1.12,0.15,0.40,1.95,1.18,0.64,0.48,0.45,0.43,0.48,0.35,0.35,0.38,0.54,0.65
W -19.30 -21.66 h=304 f=0.64 r=0.86 scan=1.00,1.05,0.29,2.31,0.86,0.67,0.53,0.58,0.62,0.40,0.39,0.40,0.52,0.55,0.51,0.52
W -18.76 -22.43 h=307 f=0.63 r=0.89 scan=1.06,0.89,1.12,2.36,0.89,0.69,0.58,0.59,0.61,0.40,0.37,0.40,0.51,0.57,0.53,0.51
FROZEN n=1
W -17.87 -23.18 h=346 f=0.48 r=0.52 scan=0.48,2.44,0.82,0.61,0.52,0.48,0.50,0.30,0.27,0.30,0.32,0.53,0.60,0.56,1.26,0.93
W -17.10 -23.33 h=12 f=0.55 r=0.54 scan=2.36,0.83,0.64,0.50,0.54,0.53,0.37,0.37,0.36,0.40,0.64,0.59,0.56,1.11,1.08,0.43
W -16.33 -23.05 h=24 f=0.66 r=0.51 scan=0.99,0.54,0.50,0.42,0.51,0.61,0.49,0.49,0.53,0.79,0.63,0.11,0.12,0.23,0.36,2.50
W -15.58 -22.66 h=24 f=0.55 r=0.40 scan=0.81,0.43,0.40,0.38,0.40,0.55,0.69,0.62,0.70,0.25,0.20,0.25,0.25,0.29,0.65,2.50
W -14.79 -22.39 h=10 f=0.71 r=0.32 scan=1.33,0.59,0.33,0.28,0.32,0.40,0.59,0.82,0.83,1.01,0.34,0.30,0.25,0.31,0.47,1.21
W -13.97 -22.36 h=356 f=0.57 r=0.27 scan=2.48,0.73,0.48,0.29,0.27,0.26,0.46,0.73,0.97,1.02,0.45,0.30,0.27,0.26,0.38,0.45
W -13.16 -22.49 h=346 f=0.45 r=0.33 scan=1.11,1.53,0.54,0.38,0.33,0.28,2.50,0.63,1.17,1.19,0.51,0.28,0.21,0.25,0.26,0.33
W -12.31 -22.64 h=354 f=0.51 r=0.36 scan=1.81,1.09,0.47,0.38,0.36,0.37,0.38,0.77,1.33,0.79,0.30,0.23,0.19,0.15,0.20,0.39
W -11.49 -22.71 h=0 f=0.57 r=0.34 scan=1.97,0.94,0.52,0.35,0.34,0.41,0.46,0.91,1.45,0.55,0.22,0.15,0.15,0.18,0.21,0.45
W -10.67 -22.72 h=3 f=0.73 r=0.31 scan=1.84,0.77,0.45,0.39,0.31,0.39,0.53,1.07,1.61,0.51,0.20,0.19,0.16,0.15,0.29,0.61
W -9.85 -22.72 h=2 f=0.59 r=0.37 scan=1.71,0.89,0.44,0.34,0.37,0.33,0.49,0.88,1.81,0.37,0.20,0.18,0.20,0.20,0.26,0.47
W -9.02 -22.73 h=357 f=0.46 r=0.30 scan=1.52,0.77,0.48,0.33,0.30,0.40,0.42,0.89,1.94,0.47,0.27,0.21,0.19,0.18,0.32,0.34
W -8.02 -22.76 h=356 f=0.97 r=0.31 scan=1.32,0.87,0.49,0.38,0.31,0.35,0.50,0.83,2.15,0.46,0.29,0.20,0.24,0.18,0.19,0.85
W -6.83 -22.83 h=354 f=0.72 r=0.31 scan=1.03,1.05,0.54,0.40,0.31,0.38,0.42,0.75,2.43,0.55,0.21,0.16,0.17,0.15,0.81,0.60
W -6.01 -22.87 h=358 f=0.63 r=0.38 scan=0.90,0.94,0.44,0.31,0.38,0.35,0.50,0.91,2.50,0.33,0.22,0.81,1.17,1.02,0.49,0.51
W -5.19 -22.89 h=355 f=0.53 r=0.35 scan=0.73,0.76,0.45,0.35,0.35,0.40,0.44,0.83,2.50,0.42,0.95,0.76,1.20,0.42,0.31,0.41
W -4.36 -22.91 h=358 f=0.63 r=0.33 scan=2.50,0.56,0.52,0.33,0.33,0.37,0.51,0.84,2.50,1.58,1.00,1.77,0.37,0.21,0.28,0.51
W -4.39 -22.45 h=151 f=0.60 r=0.21 scan=0.91,2.50,1.73,1.03,0.21,0.17,0.17,0.18,0.40,0.38,0.37,0.50,0.42,0.31,0.35,0.48
W -5.16 -22.20 h=179 f=0.68 r=0.40 scan=2.50,0.56,1.04,1.85,0.40,0.25,0.29,0.54,0.55,0.53,0.47,0.30,0.28,0.34,0.35,0.79
W -6.19 -22.38 h=202 f=0.39 r=0.44 scan=0.39,0.90,1.81,1.19,0.44,0.30,0.49,0.75,0.80,0.42,0.37,0.28,0.39,0.47,1.04,2.50
DETACH
W -6.62 -22.71 h=250 f=0.44 r=0.46 scan=0.86,0.32,0.44,0.45,0.46,0.45,0.51,0.62,1.22,0.68,0.15,0.19,0.49,0.57,0.57,0.88
W -7.01 -23.54 h=240 f=0.65 r=0.35 scan=0.80,0.69,0.74,0.20,0.35,0.52,0.58,0.67,1.56,1.37,0.30,0.36,0.57,0.42,0.45,0.53
W -7.41 -24.26 h=237 f=0.63 r=0.73 scan=0.63,0.53,0.56,0.66,0.73,0.41,0.61,0.75,1.68,0.46,0.45,0.59,0.40,0.37,0.38,0.51
W -7.76 -25.00 h=247 f=0.43 r=0.77 scan=0.43,0.36,0.37,0.52,0.77,0.75,0.34,0.91,1.78,0.57,0.68,0.38,0.33,0.30,0.38,0.38
W -7.33 -25.51 h=337 f=0.59 r=1.84 scan=0.81,0.80,0.41,0.96,1.84,0.62,0.71,0.38,0.28,0.23,0.34,0.40,0.35,0.28,0.35,0.47
W -6.57 -25.80 h=344 f=0.54 r=1.82 scan=0.61,0.64,0.53,0.30,1.82,0.69,0.85,0.51,0.39,0.45,0.52,0.28,0.30,0.24,0.33,0.42
W -5.77 -25.97 h=344 f=0.41 r=0.25 scan=0.41,0.50,0.46,0.38,0.25,0.24,0.93,0.71,0.59,0.57,0.41,0.32,0.22,0.26,0.24,0.41
W -6.08 -25.32 h=126 f=0.41 r=0.36 scan=0.99,0.74,0.62,0.66,0.36,0.24,0.24,0.21,0.24,0.42,0.38,0.43,0.46,0.40,0.26,0.29
W -6.67 -24.76 h=141 f=0.63 r=0.39 scan=0.63,0.55,0.59,0.62,0.39,0.34,0.32,0.37,0.56,0.51,0.49,0.43,0.20,0.21,0.68,0.82
W -7.38 -24.32 h=151 f=0.39 r=0.42 scan=0.39,0.37,0.46,0.52,0.42,0.42,0.39,0.51,0.66,0.67,0.27,0.81,1.77,0.58,0.65,0.66
W -7.34 -23.65 h=70 f=0.62 r=0.33 scan=1.67,0.50,0.64,0.42,0.33,0.33,0.46,0.57,0.43,0.45,0.53,0.74,0.73,0.30,0.76,0.96
W -7.12 -22.87 h=70 f=0.49 r=0.40 scan=1.52,0.37,0.45,0.54,0.40,0.37,0.41,0.57,0.60,0.60,0.69,0.82,0.37,0.59,0.66,0.83
W -6.73 -22.12 h=52 f=0.71 r=0.43 scan=0.85,1.34,0.23,0.24,0.43,0.54,0.43,0.51,0.75,0.78,0.75,0.28,0.41,0.53,0.58,0.59
W -6.13 -21.57 h=41 f=0.48 r=0.87 scan=0.48,1.22,1.18,0.73,0.87,0.26,0.62,0.56,0.73,0.93,0.35,0.43,0.44,0.43,0.43,2.50
W -5.75 -20.85 h=73 f=0.63 r=1.21 scan=1.03,1.02,0.58,0.81,1.21,0.22,0.72,1.07,1.07,0.55,0.53,0.43,0.34,0.30,0.35,0.51
W -5.56 -19.67 h=83 f=0.80 r=1.23 scan=0.80,0.80,0.36,0.52,1.23,1.72,0.51,1.34,0.75,0.72,0.53,0.36,0.23,0.26,0.34,0.85
W -5.56 -18.85 h=101 f=0.62 r=1.23 scan=0.62,0.76,1.13,0.43,1.23,0.69,0.52,1.44,0.89,0.47,0.29,0.29,0.29,0.93,0.68,0.63
W -5.97 -18.15 h=133 f=0.61 r=0.82 scan=0.61,1.21,2.50,1.21,0.82,0.66,1.05,1.10,0.51,0.41,0.84,0.92,0.64,0.55,0.48,0.49
W -6.56 -17.59 h=125 f=0.42 r=0.17 scan=0.42,0.78,2.49,0.72,0.17,0.18,0.15,1.18,0.80,0.57,0.99,1.01,0.55,0.38,0.36,0.33
W -7.20 -17.11 h=149 f=0.45 r=0.34 scan=0.51,1.87,0.93,0.38,0.34,0.21,0.23,0.98,0.69,1.06,1.13,0.39,0.32,0.24,0.29,0.33
W -7.96 -16.81 h=167 f=0.48 r=0.37 scan=1.08,2.29,0.58,0.34,0.37,0.25,0.35,0.84,1.22,1.21,0.46,0.23,0.24,0.21,0.21,0.36
W -8.76 -16.67 h=175 f=0.52 r=0.31 scan=1.13,1.53,0.49,0.40,0.31,0.39,0.35,0.99,1.40,0.64,0.34,0.19,0.15,0.19,0.24,0.40
W -9.58 -16.55 h=172 f=0.56 r=0.34 scan=1.93,1.11,0.50,0.38,0.34,0.36,0.48,1.13,1.58,0.47,0.23,0.20,0.17,0.20,0.25,0.44
W -10.40 -16.53 h=178 f=0.67 r=0.37 scan=1.76,0.92,0.43,2.50,0.37,0.38,0.56,1.32,1.70,0.37,0.22,0.19,0.18,0.16,0.25,0.55
W -11.22 -16.51 h=178 f=0.57 r=0.34 scan=1.60,1.02,0.52,0.34,0.34,0.34,0.53,0.92,1.85,0.40,0.26,0.15,0.17,0.20,0.24,0.46
W -12.04 -16.54 h=180 f=0.58 r=0.31 scan=1.40,0.91,0.48,0.35,0.31,0.38,0.53,0.89,2.05,0.48,0.26,0.19,0.18,0.23,0.30,0.46
W -12.86 -16.56 h=177 f=0.76 r=0.34 scan=1.26,1.41,0.48,0.35,0.34,0.34,0.50,1.04,2.21,0.39,0.23,0.22,0.22,0.21,0.23,0.64
W -13.70 -16.60 h=184 f=0.77 r=0.32 scan=1.06,1.22,0.51,0.39,0.32,0.40,0.44,0.99,2.03,0.45,0.32,0.19,0.16,0.20,0.23,0.65
W -14.92 -16.68 h=184 f=0.80 r=0.29 scan=0.83,0.91,0.43,0.40,0.29,0.37,0.53,0.85,2.50,0.55,0.26,0.18,0.21,0.27,0.34,0.68
W -15.77 -16.73 h=187 f=0.64 r=0.35 scan=0.64,0.77,1.00,0.33,0.35,0.37,0.49,1.03,1.45,0.40,0.28,0.26,0.27,0.28,0.43,0.69
W -16.58 -16.87 h=195 f=0.47 r=0.32 scan=0.47,0.61,0.92,0.76,0.32,0.41,0.52,1.20,1.15,0.44,0.37,0.28,0.25,0.36,0.43,0.50
W -17.22 -17.25 h=236 f=0.62 r=0.47 scan=0.76,0.76,1.28,0.32,0.47,1.24,1.24,0.50,0.36,0.30,0.33,0.37,0.43,0.41,0.38,0.50
W -17.48 -18.02 h=271 f=0.57 r=2.50 scan=0.57,1.16,0.84,0.40,2.50,1.12,0.63,0.48,0.47,0.48,0.49,0.32,0.36,0.41,0.58,0.63
W -17.16 -18.78 h=302 f=0.64 r=1.06 scan=1.17,0.83,0.08,2.50,1.06,0.68,0.56,0.57,0.58,0.43,0.38,0.40,0.48,2.50,0.55,0.52
W -16.72 -19.50 h=303 f=0.65 r=0.87 scan=1.04,1.05,0.10,2.35,0.87,0.67,0.55,0.56,0.59,0.41,0.39,0.39,0.52,0.59,0.52,0.53
FROZEN n=1
W -16.61 -20.27 h=260 f=0.62 r=0.94 scan=0.62,1.15,1.05,0.30,0.94,1.34,0.63,0.49,0.43,0.46,0.51,0.38,0.33,0.37,0.44,0.68
W -16.34 -21.11 h=306 f=0.64 r=0.87 scan=0.99,1.04,1.15,2.19,0.87,0.67,0.55,0.58,0.60,0.40,0.38,0.37,0.53,0.56,0.49,0.52
W -15.58 -22.13 h=310 f=1.01 r=0.86 scan=1.01,1.03,0.30,2.07,0.86,0.69,0.54,0.58,0.62,0.40,0.35,0.38,0.52,0.53,0.51,1.05
FROZEN n=2
W -14.98 -23.48 h=265 f=0.47 r=0.29 scan=0.47,1.03,0.98,1.06,0.29,1.82,0.84,0.68,0.56,0.59,0.58,0.38,0.39,0.37,0.51,0.54
W -14.83 -24.27 h=291 f=0.44 r=0.30 scan=0.86,0.85,0.97,1.12,0.30,0.21,0.79,0.71,0.72,0.51,0.46,0.38,0.45,0.45,0.38,0.32
W -14.38 -24.94 h=309 f=0.66 r=0.38 scan=0.74,0.54,0.98,1.03,0.38,0.30,0.28,0.86,0.67,0.54,0.52,0.54,0.33,0.21,0.21,2.50
W -13.75 -25.46 h=331 f=0.39 r=0.44 scan=0.39,0.87,0.94,0.65,0.44,0.36,0.41,0.94,0.68,0.65,0.44,0.14,1.20,0.60,0.57,0.56
W -13.38 -26.17 h=289 f=0.55 r=0.93 scan=0.55,0.43,0.34,0.30,0.93,0.70,0.54,0.46,1.15,0.90,0.75,0.37,0.81,0.93,1.08,0.50
W -12.71 -26.11 h=51 f=0.75 r=0.88 scan=0.75,0.65,0.59,1.29,0.88,0.42,0.71,2.50,1.05,0.43,0.33,0.48,0.35,0.30,0.24,0.93
W -12.30 -25.39 h=68 f=0.49 r=0.83 scan=0.49,0.43,0.50,1.01,0.83,0.36,0.95,1.03,0.60,0.47,0.55,0.31,0.16,0.71,0.81,0.62
DETACH
W -12.24 -25.03 h=223 f=0.51 r=0.37 scan=2.50,0.53,0.77,0.79,0.37,0.48,0.71,2.50,1.12,0.28,0.25,0.22,0.32,0.37,0.28,0.39
W -12.48 -25.80 h=291 f=0.70 r=0.82 scan=0.70,0.96,0.50,0.77,0.82,1.13,0.38,0.29,0.38,0.36,0.21,0.30,0.26,2.50,0.39,0.63
W -12.12 -26.54 h=302 f=0.59 r=0.79 scan=0.59,0.82,0.70,0.71,0.79,1.15,0.51,0.46,0.56,0.36,0.32,2.50,0.33,2.50,0.49,0.52
W -11.51 -27.17 h=322 f=0.68 r=1.34 scan=0.68,0.65,0.49,0.17,1.34,1.08,0.60,0.73,0.55,2.50,0.39,2.50,0.43,0.42,0.37,2.50
W -10.89 -27.72 h=312 f=0.39 r=0.37 scan=0.40,0.45,0.47,0.52,0.37,0.19,0.19,0.73,0.86,0.63,0.48,2.50,0.40,0.27,0.28,0.27
W -11.88 -26.30 h=125 f=0.84 r=0.43 scan=0.90,0.72,2.50,2.50,0.43,0.28,0.26,0.26,0.33,0.48,0.46,0.46,0.38,0.32,0.20,0.77
W -12.47 -25.63 h=140 f=0.53 r=0.42 scan=0.53,0.48,0.42,2.50,0.42,0.41,0.38,0.42,0.67,0.63,0.60,0.15,1.38,1.07,0.63,0.70
W -12.82 -24.73 h=67 f=0.64 r=0.41 scan=2.50,0.52,0.55,0.42,0.41,2.50,2.50,0.30,0.49,0.48,0.49,0.67,0.73,0.30,0.75,1.57
W -12.50 -23.97 h=64 f=0.51 r=0.38 scan=0.89,0.39,0.36,0.50,0.38,0.42,2.50,0.45,0.62,0.60,0.64,0.88,0.37,0.62,0.68,1.21
W -12.02 -23.31 h=36 f=0.66 r=0.28 scan=1.27,0.84,0.23,0.27,0.28,0.49,0.44,0.51,2.50,0.82,0.74,0.76,0.35,0.57,0.55,0.54
W -11.31 -22.90 h=22 f=0.51 r=1.25 scan=0.93,0.88,0.67,0.64,1.25,0.26,0.36,0.59,0.69,0.76,0.92,0.39,0.36,0.54,0.42,0.39
W -10.63 -22.42 h=42 f=0.72 r=1.02 scan=0.91,0.60,0.53,0.58,1.02,0.82,0.46,0.86,0.93,1.03,0.41,0.49,0.36,0.31,0.24,0.74
W -10.02 -21.84 h=41 f=0.60 r=1.19 scan=0.62,0.48,0.43,0.41,1.19,0.91,0.86,0.95,1.11,0.64,0.55,0.39,0.16,0.15,0.65,0.73
W -9.39 -21.32 h=38 f=0.47 r=0.35 scan=0.61,0.35,0.34,0.34,0.35,0.59,0.95,0.85,2.50,0.80,0.69,0.16,0.17,0.37,0.54,0.53
W -8.65 -20.97 h=18 f=0.42 r=0.29 scan=0.43,0.43,0.27,0.26,0.29,0.32,0.41,2.50,1.00,1.46,0.29,0.23,0.30,0.34,0.42,0.30
W -9.31 -21.60 h=222 f=0.39 r=0.33 scan=2.50,0.27,0.23,0.31,0.33,0.40,0.28,0.39,0.41,0.30,0.24,0.26,0.31,0.41,1.15,1.04
W -10.47 -22.00 h=182 f=0.93 r=0.49 scan=0.93,1.09,1.42,0.64,0.49,0.18,0.22,0.57,0.53,0.62,0.41,0.33,0.33,0.32,2.50,0.93
W -11.49 -22.31 h=214 f=0.79 r=0.45 scan=0.94,2.50,0.67,0.64,0.45,0.25,0.58,0.69,0.81,0.47,0.37,0.33,0.43,0.89,0.77,0.67
W -12.19 -22.74 h=204 f=0.70 r=0.63 scan=0.78,0.95,1.11,0.55,0.63,0.47,0.34,0.86,0.91,0.60,0.43,0.42,1.08,0.87,0.70,0.58
W -12.86 -22.47 h=143 f=0.74 r=0.91 scan=0.74,0.65,0.48,0.10,0.91,1.09,0.59,0.69,0.52,0.38,0.85,0.93,0.53,0.41,0.43,1.09
W -13.41 -21.86 h=126 f=0.69 r=0.38 scan=0.74,0.57,0.50,0.50,0.38,0.20,0.19,0.75,0.88,0.58,1.03,1.04,0.51,0.32,0.30,0.89
W -13.89 -21.20 h=120 f=0.56 r=0.46 scan=0.69,0.44,0.39,0.41,0.46,0.40,0.34,0.32,1.02,0.72,1.16,0.85,0.27,0.22,0.75,0.75
W -14.26 -20.45 h=107 f=0.53 r=0.30 scan=0.53,0.42,0.30,0.30,0.30,0.44,0.52,0.50,0.51,1.04,1.11,0.36,1.70,0.79,0.65,0.59
W -14.38 -19.64 h=87 f=0.42 r=0.24 scan=0.42,0.40,0.39,0.24,0.24,0.29,0.35,0.69,0.66,1.19,0.97,0.50,2.50,0.95,0.61,0.42
W -13.89 -18.98 h=17 f=0.61 r=2.50 scan=0.83,0.49,0.33,0.33,2.50,0.33,0.34,0.27,2.50,0.41,0.71,0.79,1.27,0.34,0.59,2.50
W -13.07 -18.84 h=6 f=0.60 r=0.26 scan=2.24,0.48,0.39,0.27,0.26,0.32,0.39,0.51,0.43,0.51,0.77,0.85,0.28,0.35,0.46,0.84
W -12.13 -18.86 h=353 f=0.62 r=0.31 scan=1.67,0.98,0.37,0.30,0.31,0.28,0.35,0.54,0.67,0.67,0.90,0.35,0.29,0.33,0.34,0.50
W -11.32 -19.02 h=348 f=0.53 r=0.28 scan=0.82,1.87,0.60,0.33,0.28,0.31,0.39,0.49,0.83,0.82,1.02,0.33,0.29,0.25,0.29,0.41
W -10.54 -19.27 h=343 f=0.45 r=0.33 scan=0.49,2.49,0.71,0.48,0.33,0.31,0.38,0.55,0.99,0.97,0.47,0.29,0.21,0.20,0.20,0.33
W -9.76 -19.40 h=3 f=0.63 r=0.34 scan=2.32,0.82,0.48,0.41,0.34,0.39,0.63,1.10,1.11,0.46,0.24,0.15,0.16,0.20,0.22,0.51
W -8.86 -19.31 h=11 f=0.81 r=0.39 scan=2.21,0.69,0.43,0.37,0.39,0.38,0.54,1.23,1.31,0.38,0.23,0.21,0.16,0.15,0.23,0.72
W -7.97 -19.24 h=1 f=0.67 r=0.34 scan=2.01,0.72,0.48,0.35,0.34,0.41,0.46,0.99,1.46,0.43,0.22,0.15,0.17,0.21,0.25,0.55
W -7.11 -19.21 h=358 f=0.72 r=0.30 scan=1.84,0.76,0.43,0.38,0.30,2.50,0.53,0.82,1.64,0.54,0.23,0.22,0.17,0.18,0.30,0.60
W -6.29 -19.23 h=355 f=0.58 r=0.34 scan=1.66,0.92,0.43,0.36,0.34,0.33,0.45,0.73,1.82,0.47,0.28,0.18,0.23,0.20,0.26,0.46
W -5.47 -19.28 h=356 f=0.44 r=0.34 scan=1.49,0.95,2.50,0.34,0.34,0.38,0.40,0.82,1.98,0.51,0.31,0.21,0.22,0.17,0.33,0.32
W -4.65 -19.32 h=353 f=0.47 r=0.32 scan=1.32,0.93,0.51,0.40,0.32,0.35,0.49,0.78,2.16,0.44,0.31,0.17,0.21,0.22,0.18,0.35
W -3.45 -19.38 h=357 f=0.76 r=0.31 scan=1.08,1.03,0.41,0.39,0.31,0.39,0.47,0.77,2.36,0.51,0.33,0.14,0.14,0.17,0.83,0.64
W -2.61 -19.40 h=4 f=0.64 r=0.34 scan=0.94,0.89,0.45,0.34,0.34,0.35,0.50,0.91,2.50,0.30,0.19,0.81,1.16,1.03,0.51,0.52
W -1.79 -19.39 h=4 f=0.57 r=0.28 scan=0.77,0.80,0.45,0.37,0.28,0.39,0.46,0.99,2.50,0.39,0.94,0.76,1.19,0.64,0.35,0.45
W -0.97 -19.40 h=358 f=0.60 r=0.33 scan=0.60,0.59,0.53,0.34,0.33,0.36,0.50,0.92,2.50,1.51,0.98,1.78,1.14,0.19,0.30,0.51
W -0.14 -19.40 h=360 f=0.42 r=0.29 scan=0.42,0.40,0.50,0.34,0.29,0.33,0.44,0.94,2.50,2.25,0.95,0.20,0.21,0.19,0.19,0.42
W -0.74 -19.00 h=155 f=0.61 r=0.21 scan=0.80,2.50,1.76,1.02,0.21,0.20,0.16,0.21,0.37,0.35,0.35,0.48,0.41,0.32,0.35,0.49
W -1.50 -18.70 h=177 f=0.72 r=0.41 scan=2.50,0.65,1.10,1.99,0.41,0.26,0.29,0.50,0.51,0.48,0.49,0.28,0.27,0.29,0.35,0.60
W -2.50 -18.81 h=200 f=0.46 r=0.45 scan=0.46,1.08,0.80,1.23,0.45,0.28,0.45,0.70,0.71,0.41,0.31,0.34,0.31,0.41,0.67,2.50
DETACH
W -3.04 -19.18 h=254 f=0.39 r=0.40 scan=1.23,0.75,0.76,0.48,0.40,0.33,0.45,1.03,0.89,0.83,0.38,0.45,1.18,1.15,0.44,0.27
W -3.60 -19.48 h=185 f=0.51 r=0.66 scan=1.08,0.39,0.22,1.16,0.66,0.69,0.57,0.42,0.39,0.49,1.15,0.94,0.85,0.46,0.49,1.15
W -4.46 -19.36 h=159 f=0.61 r=0.25 scan=0.98,0.90,0.44,0.26,0.25,0.20,0.22,0.78,0.59,2.50,0.67,1.09,0.89,0.35,0.35,0.49
W -5.19 -18.99 h=144 f=0.43 r=0.29 scan=0.46,0.75,0.74,1.50,0.29,0.25,0.31,0.31,0.91,0.78,0.77,1.42,0.32,0.30,0.23,0.31
W -5.93 -18.68 h=163 f=0.43 r=0.34 scan=0.68,0.67,1.31,2.50,0.34,0.29,0.40,1.11,0.90,0.90,1.49,0.33,0.17,0.21,0.24,0.31
W -6.72 -18.63 h=184 f=0.50 r=0.32 scan=0.50,0.52,1.57,0.89,0.32,0.32,0.51,1.06,1.02,0.46,0.23,0.20,2.50,0.19,0.27,0.55
W -7.63 -18.90 h=226 f=0.49 r=0.38 scan=1.13,1.94,0.79,0.40,0.38,1.32,1.11,0.62,0.32,0.23,0.18,0.30,0.32,0.37,0.33,0.37
W -8.19 -19.66 h=244 f=0.81 r=0.39 scan=1.81,0.69,0.73,0.35,0.39,1.29,1.86,0.53,0.36,0.41,0.36,0.27,0.26,0.25,0.23,0.96
W -8.51 -20.46 h=245 f=0.60 r=0.31 scan=1.58,0.48,0.52,0.54,0.31,0.46,1.98,0.69,0.51,0.51,0.32,0.30,0.15,0.17,0.73,0.93
W -8.80 -21.23 h=251 f=0.45 r=0.48 scan=1.39,0.33,0.43,0.53,0.48,0.39,2.14,0.86,0.67,0.68,0.22,0.25,0.32,0.59,0.64,0.95
W -9.25 -22.01 h=224 f=0.65 r=0.36 scan=0.80,1.34,0.94,0.20,0.36,0.56,0.51,0.47,1.21,0.83,0.38,0.35,0.34,0.58,0.52,0.53
W -9.86 -22.56 h=230 f=0.59 r=0.80 scan=0.71,1.07,0.67,1.23,0.80,0.42,0.64,0.69,1.17,0.96,0.40,0.51,0.53,0.42,0.38,0.47
W -9.99 -23.59 h=282 f=0.49 r=0.58 scan=0.49,1.01,1.74,0.62,0.58,0.24,1.35,0.61,0.58,0.71,0.45,0.36,0.37,0.49,0.68,0.92
W -9.60 -24.48 h=305 f=0.77 r=0.57 scan=0.82,1.33,0.59,0.61,0.57,0.37,1.37,0.76,0.71,0.51,0.41,2.50,0.59,0.84,0.69,0.65
W -8.99 -25.12 h=319 f=0.76 r=0.56 scan=0.81,1.84,0.48,0.44,0.56,0.43,0.42,1.07,0.74,0.58,0.60,0.61,0.13,0.26,0.50,0.64
W -8.40 -25.69 h=322 f=0.58 r=0.38 scan=0.63,1.41,0.67,0.38,0.38,0.61,0.55,1.10,0.91,0.72,0.21,0.28,0.25,0.47,0.43,0.46
W -7.74 -26.19 h=326 f=0.57 r=0.35 scan=0.70,2.24,0.55,0.25,0.35,0.66,0.67,1.40,0.98,0.37,0.34,0.48,0.35,0.35,0.35,0.45
W -7.03 -26.57 h=336 f=0.46 r=0.22 scan=0.69,2.06,0.61,0.35,0.22,0.43,0.78,1.34,0.52,0.47,0.54,0.34,0.33,0.25,0.28,0.34
W -6.28 -26.87 h=345 f=0.56 r=0.29 scan=0.86,1.93,0.56,0.37,0.29,0.23,0.93,1.35,0.66,0.63,0.40,0.26,0.22,0.24,0.22,0.44
W -5.48 -27.10 h=345 f=0.46 r=0.34 scan=0.81,1.78,0.64,0.40,0.34,0.36,0.37,1.55,0.85,0.77,0.28,0.23,0.14,0.14,0.26,0.34
W -4.68 -27.24 h=0 f=0.64 r=0.33 scan=1.62,0.86,0.53,0.39,0.33,0.41,0.43,1.47,0.93,0.37,0.17,0.18,0.17,0.19,0.24,0.52
W -3.86 -27.24 h=2 f=0.61 r=0.35 scan=1.47,0.92,0.43,0.37,0.35,0.35,0.53,1.62,1.12,0.30,0.25,0.20,0.17,0.16,0.33,0.49
W -3.01 -27.21 h=4 f=0.52 r=0.33 scan=1.31,0.87,0.44,0.35,0.33,0.36,0.46,1.84,1.28,0.46,0.24,0.15,0.18,0.25,0.25,0.40
W -2.19 -27.21 h=358 f=0.62 r=0.31 scan=1.12,1.19,0.42,0.34,0.31,0.39,0.48,0.85,1.43,0.46,0.25,2.50,0.19,0.16,0.23,0.50
W -1.35 -27.21 h=2 f=0.53 r=0.34 scan=0.96,0.98,0.53,0.33,0.34,0.33,0.49,2.50,1.63,0.41,0.27,0.18,0.17,0.15,0.30,0.41
W -0.51 -27.20 h=0 f=0.46 r=0.29 scan=0.79,0.83,0.97,0.40,0.29,0.33,0.44,0.85,1.72,0.53,0.21,0.16,0.19,0.22,0.24,0.34
W 0.31 -27.20 h=3 f=0.65 r=0.38 scan=0.65,0.68,0.83,0.36,0.38,0.35,0.50,1.05,1.68,0.31,0.24,0.21,0.16,0.15,0.20,0.56
W 1.12 -27.06 h=16 f=0.41 r=0.35 scan=0.41,0.53,0.89,1.36,0.35,0.42,0.60,2.09,0.86,0.36,0.21,0.18,0.17,0.26,0.41,0.47
W 1.57 -26.44 h=63 f=0.63 r=0.49 scan=0.97,1.25,1.85,0.37,0.49,2.19,0.93,0.45,0.26,0.24,0.31,0.40,0.42,0.36,0.38,0.51
W 1.66 -25.37 h=97 f=0.82 r=2.00 scan=0.82,1.16,0.67,0.32,2.00,0.81,0.61,0.45,0.51,0.57,0.45,0.37,0.35,0.43,0.65,1.03
W 1.28 -24.25 h=114 f=0.90 r=0.54 scan=1.42,0.78,0.59,0.53,0.54,0.26,0.20,0.68,0.80,0.54,0.43,0.43,0.42,0.64,0.82,0.78
W 0.93 -23.44 h=109 f=0.76 r=0.47 scan=1.20,0.85,0.60,0.44,0.47,0.58,0.38,0.33,0.92,0.85,0.55,0.45,0.53,0.60,0.71,0.64
W 0.77 -22.76 h=100 f=0.75 r=0.41 scan=1.14,1.06,0.58,0.46,0.41,0.56,0.55,0.36,0.38,1.05,0.64,0.52,0.55,0.61,0.75,0.63
W 1.27 -22.22 h=38 f=0.66 r=0.81 scan=0.66,0.69,0.19,1.16,0.81,0.58,0.45,0.41,0.59,0.50,0.36,0.91,0.93,0.60,0.46,2.50
W 1.97 -21.79 h=32 f=0.59 r=1.05 scan=0.59,0.74,0.63,1.11,1.05,0.58,0.47,0.41,2.50,0.54,0.36,0.38,1.04,0.63,0.51,0.53
W 2.68 -21.37 h=30 f=0.59 r=1.04 scan=0.59,0.75,0.62,1.12,1.04,0.58,0.48,0.40,0.54,0.53,0.36,0.38,1.05,0.62,0.52,0.55
FROZEN n=1
W 2.65 -21.05 h=100 f=0.43 r=0.33 scan=1.21,0.78,0.48,0.35,0.33,0.47,0.43,0.29,0.30,0.99,0.73,0.63,0.61,0.70,0.80,0.31
W 3.26 -21.17 h=324 f=0.69 r=0.19 scan=0.74,0.57,0.60,0.76,0.19,0.27,1.14,0.75,0.49,0.38,0.32,0.43,0.51,0.40,0.40,1.08
W 3.93 -21.68 h=325 f=0.57 r=0.83 scan=0.57,0.51,0.46,0.61,0.83,0.73,0.34,0.96,0.68,0.50,0.47,0.56,0.33,0.29,0.80,0.88
W 4.57 -22.21 h=314 f=0.46 r=0.49 scan=0.46,0.34,0.37,0.31,0.49,0.90,0.81,0.42,0.89,0.68,0.62,0.57,0.23,0.77,0.67,0.74
W 4.96 -22.89 h=284 f=0.61 r=0.28 scan=0.61,0.53,0.34,0.25,0.28,0.33,0.53,0.88,0.95,1.24,0.85,0.69,0.26,1.01,0.72,0.55
W 5.00 -23.70 h=266 f=0.41 r=0.24 scan=0.41,0.47,0.39,0.24,0.24,0.26,0.36,0.46,1.06,0.86,1.10,0.74,1.09,1.31,0.66,0.43
W 4.38 -24.15 h=202 f=0.67 r=0.42 scan=1.02,0.55,0.35,0.32,0.42,0.49,0.40,0.29,0.34,0.47,0.88,1.17,1.77,0.25,0.42,2.22
W 3.59 -24.39 h=194 f=0.65 r=0.29 scan=1.26,0.53,0.42,0.31,0.29,0.39,0.57,0.55,0.49,0.62,0.89,1.26,0.22,0.28,0.31,1.07
W 2.62 -24.50 h=182 f=0.76 r=0.33 scan=1.79,0.70,0.40,0.30,0.33,0.30,0.36,0.75,0.64,0.72,0.97,0.28,0.24,0.22,0.28,0.64
W 1.80 -24.47 h=174 f=0.60 r=0.25 scan=1.67,0.91,0.53,0.34,0.25,0.34,0.39,0.53,0.90,0.88,0.38,0.22,0.17,0.21,0.27,0.48
W 0.98 -24.37 h=169 f=0.48 r=0.31 scan=2.06,1.09,0.53,0.44,0.31,0.31,0.43,0.59,1.05,1.02,0.24,0.20,0.18,0.18,2.50,0.36
DETACH
W 0.69 -24.33 h=350 f=0.41 r=0.35 scan=0.75,0.68,0.89,0.40,0.35,0.29,0.35,0.61,2.37,0.97,0.35,0.20,0.20,0.24,0.23,0.29
W 1.51 -24.42 h=357 f=0.57 r=0.35 scan=0.57,0.58,0.78,1.37,0.35,0.36,0.40,0.81,1.90,0.50,0.28,0.22,0.15,0.16,0.18,0.48
W 2.32 -24.38 h=11 f=0.40 r=1.87 scan=0.40,0.47,0.68,1.33,1.87,0.44,0.53,2.50,0.93,0.39,0.18,0.13,0.18,0.25,0.35,0.40
W 2.66 -23.66 h=70 f=0.68 r=0.69 scan=0.99,1.24,0.28,0.42,0.69,2.22,0.57,0.33,0.22,0.24,0.32,0.40,0.39,0.33,0.40,0.56
W 2.72 -22.55 h=105 f=0.82 r=1.96 scan=0.82,1.16,0.71,0.32,1.96,0.83,0.59,0.45,0.53,0.56,0.34,0.34,0.31,0.42,0.64,1.03
W 2.34 -21.48 h=115 f=0.91 r=0.53 scan=1.41,0.79,0.59,0.55,0.53,0.23,0.18,0.65,0.78,0.52,0.42,0.43,0.40,0.63,0.83,0.80
W 1.97 -20.73 h=116 f=0.59 r=0.56 scan=1.26,0.68,0.55,0.45,0.56,0.52,0.34,0.32,0.92,0.65,0.54,0.42,0.52,0.74,0.74,0.47
W 1.74 -20.04 h=100 f=0.73 r=0.42 scan=1.17,0.83,0.60,0.48,0.42,0.59,0.45,0.37,0.94,0.90,0.58,0.43,0.51,0.61,0.68,0.61
W 1.82 -19.44 h=55 f=0.71 r=0.60 scan=0.78,0.63,0.30,1.05,0.60,0.48,0.39,0.56,0.53,0.35,0.86,1.03,0.61,0.48,0.54,0.59
W 2.45 -18.90 h=36 f=0.61 r=0.84 scan=0.61,0.69,0.15,1.20,0.84,0.59,0.48,0.43,0.58,0.49,0.36,0.91,0.95,0.60,0.45,0.53
W 3.11 -18.42 h=32 f=0.65 r=0.83 scan=2.50,0.69,0.59,1.16,0.83,0.59,0.47,0.43,0.58,0.49,0.36,0.91,0.92,0.58,0.48,0.53
FROZEN n=1
W 3.51 -18.01 h=67 f=0.81 r=0.42 scan=0.81,1.19,1.15,0.61,0.42,0.33,0.43,0.44,0.31,0.26,0.88,2.50,0.59,0.50,0.62,0.85
W 3.31 -17.25 h=111 f=0.67 r=0.34 scan=1.15,0.55,0.47,0.36,0.34,0.54,0.45,0.36,0.99,0.79,0.66,0.55,0.64,0.12,0.20,1.09
W 3.02 -16.46 h=108 f=0.69 r=0.33 scan=0.98,0.57,0.39,0.39,0.33,0.35,0.64,0.54,0.58,0.92,0.14,0.16,0.15,0.14,0.35,0.93
W 2.81 -15.53 h=96 f=0.79 r=0.30 scan=0.80,0.67,0.41,0.30,0.30,0.35,0.43,0.78,0.71,1.37,0.21,2.50,0.18,0.24,0.29,1.35
W 2.74 -14.70 h=90 f=0.60 r=0.30 scan=0.60,0.61,0.49,0.34,0.30,0.30,0.44,0.59,0.91,2.50,0.22,0.24,0.19,0.20,1.49,1.17
W 2.75 -13.88 h=91 f=0.42 r=0.30 scan=0.42,0.43,0.42,0.38,0.30,0.35,0.36,0.68,1.10,0.39,0.33,0.18,0.73,0.75,1.37,1.03
W 3.12 -13.14 h=55 f=0.39 r=0.43 scan=0.92,0.27,0.33,0.34,0.43,0.42,0.34,0.45,0.65,1.25,0.50,0.24,0.35,0.68,0.68,1.39
W 3.73 -12.66 h=28 f=0.65 r=0.19 scan=1.18,0.94,0.76,0.17,0.19,0.35,0.51,0.53,0.53,0.66,1.36,0.30,0.35,0.52,0.56,0.53
