t=0 field hdg=35.1 enc=10282;6500 xy=0;0 want=-7 v-str=1.18 l=0.61 r=0.79 tick=312403 goal=0 here=0 d11=0.47 b0=0.37 b2=1.45 b13=0.34
t=0 field hdg=31.6 enc=10281;6500 xy=4378;2694 want=-8 v-str=1.20 l=0.60 r=0.80 tick=312420 goal=0 here=0 d11=0.47 b0=0.36 b2=1.45 b13=0.33
t=0 field hdg=30.5 enc=10281;6501 xy=4379;2694 want=-7 v-str=1.31 l=0.60 r=0.80 tick=312437 goal=0 here=0 d11=0.47 b0=0.37 b2=1.45 b13=0.34
t=0 field hdg=34.6 enc=10281;6500 xy=4378;2694 want=-11 v-str=1.35 l=0.56 r=0.84 tick=312455 goal=0 here=0 d11=0.47 b0=0.36 b2=1.47 b13=0.34
t=0 field hdg=33.6 enc=10281;6501 xy=4379;2694 want=-7 v-str=1.25 l=0.61 r=0.79 tick=312472 goal=0 here=0 d11=0.46 b0=0.37 b2=1.47 b13=0.33
t=0 field hdg=30.7 enc=10281;6501 xy=4379;2694 want=-6 v-str=1.19 l=0.62 r=0.78 tick=312489 goal=0 here=0 d11=0.47 b0=0.36 b2=1.46 b13=0.32
t=1 field hdg=34.9 enc=10282;6499 xy=4378;2694 want=-10 v-str=1.27 l=0.57 r=0.83 tick=312506 goal=0 here=0 d11=0.47 b0=0.37 b2=1.46 b13=0.32
t=1 field hdg=37.8 enc=10282;6499 xy=4378;2694 want=-6 v-str=1.28 l=0.62 r=0.78 tick=312524 goal=0 here=0 d11=0.47 b0=0.36 b2=1.46 b13=0.33
t=1 field hdg=35.6 enc=10281;6501 xy=4379;2694 want=-6 v-str=1.16 l=0.62 r=0.78 tick=312541 goal=0 here=0 d11=0.48 b0=0.37 b2=1.47 b13=0.33
t=1 field hdg=34.9 enc=10283;6500 xy=4379;2694 want=-5 v-str=1.21 l=0.63 r=0.77 tick=312558 goal=0 here=0 d11=-1.00 b0=0.37 b2=1.45 b13=0.32
t=1 field hdg=-1.0 enc=10283;6499 xy=4379;2694 want=-8 v-str=1.11 l=0.60 r=0.80 tick=312576 goal=0 here=0 d11=0.46 b0=0.36 b2=1.45 b13=0.33
t=1 field hdg=35.6 enc=10283;6501 xy=4379;2695 want=-0 v-str=1.11 l=0.69 r=0.71 tick=312593 goal=0 here=0 d11=0.47 b0=0.38 b2=1.46 b13=0.33
t=2 field hdg=35.4 enc=10282;6499 xy=4378;2694 want=-7 v-str=1.23 l=0.61 r=0.79 tick=312622 goal=0 here=0 d11=0.48 b0=0.38 b2=1.46 b13=0.32
t=2 field hdg=-1.0 enc=10283;6501 xy=4380;2694 want=-9 v-str=1.14 l=0.58 r=0.82 tick=312645 goal=0 here=0 d11=0.47 b0=0.37 b2=1.44 b13=0.33
t=2 field hdg=32.4 enc=10282;6499 xy=4378;2693 want=-2 v-str=1.19 l=0.67 r=0.73 tick=312663 goal=0 here=0 d11=0.46 b0=0.37 b2=1.47 b13=0.34
t=2 field hdg=34.8 enc=10283;6501 xy=4380;2694 want=-3 v-str=1.24 l=0.66 r=0.74 tick=312680 goal=0 here=0 d11=0.47 b0=0.37 b2=1.46 b13=0.32
t=3 field hdg=32.6 enc=10282;6499 xy=4378;2693 want=-6 v-str=1.11 l=0.61 r=0.79 tick=312697 goal=0 here=0 d11=0.46 b0=0.36 b2=1.44 b13=0.33
t=3 field hdg=33.4 enc=10282;6500 xy=4379;2693 want=-10 v-str=1.30 l=0.57 r=0.83 tick=312715 goal=0 here=0 d11=0.47 b0=0.37 b2=1.44 b13=0.32
t=3 field hdg=39.2 enc=10283;6501 xy=4380;2694 want=-11 v-str=1.28 l=0.56 r=0.84 tick=312732 goal=0 here=0 d11=0.47 b0=0.38 b2=1.46 b13=0.34
t=3 field hdg=34.3 enc=10282;6501 xy=4379;2694 want=-4 v-str=1.13 l=0.65 r=0.75 tick=312751 goal=0 here=0 d11=0.45 b0=0.37 b2=1.46 b13=0.32
t=3 field hdg=36.0 enc=10281;6501 xy=4379;2693 want=-6 v-str=1.16 l=0.62 r=0.78 tick=312769 goal=0 here=0 d11=0.47 b0=0.38 b2=1.46 b13=0.32
t=3 field hdg=34.5 enc=10281;6499 xy=4378;2693 want=-6 v-str=1.24 l=0.62 r=0.78  d11=0.48 b0=0.39 b2=1.46 b13=0.33
t=4 field hdg=37.7 enc=10281;6501 xy=4379;2693 want=-4 v-str=1.16 l=0.65 r=0.75 tick=312804 goal=0 here=0 d11=0.46 b0=0.38 b2=1.46 b13=0.33
t=4 field hdg=34.2 enc=10281;6501 xy=4379;2693 want=-6 v-str=1.23 l=0.62 r=0.78 tick=312821 goal=0 here=0 d11=0.47 b0=0.37 b2=1.46 b13=0.33
t=4 STUCK mv=2 back+turn
t=6 field hdg=18.9 enc=10312;6462 xy=4375;2692 want=-66 v-str=1.04 l=-0.18 r=1.58 tick=313070 goal=0 here=0 d11=0.45 b0=0.28 b2=0.66 b13=0.34
t=6 field hdg=24.3 enc=10312;6463 xy=4375;2692 want=-66 v-str=1.05 l=-0.18 r=1.58 tick=313088 goal=0 here=0 d11=-1.00 b0=0.31 b2=0.67 b13=0.36
t=7 field hdg=23.4 enc=10314;6462 xy=4376;2693 want=-68 v-str=0.81 l=-0.21 r=1.61 tick=313106 goal=0 here=0 d11=0.47 b0=0.28 b2=0.66 b13=0.35
t=7 field hdg=24.4 enc=10316;6462 xy=4377;2693 want=-62 v-str=0.94 l=-0.13 r=1.53 tick=313124 goal=0 here=0 d11=0.47 b0=0.28 b2=0.65 b13=0.37
t=7 field hdg=24.4 enc=10316;6463 xy=4377;2693 want=-58 v-str=0.90 l=-0.07 r=1.47 tick=313141 goal=0 here=0 d11=0.47 b0=0.29 b2=0.64 b13=0.35
t=7 field hdg=23.4 enc=10316;6463 xy=4377;2693 want=-64 v-str=0.82 l=-0.15 r=1.55 tick=313158 goal=0 here=0 d11=0.46 b0=0.28 b2=0.64 b13=0.35
t=7 field hdg=21.9 enc=10316;6464 xy=4378;2693 want=-63 v-str=0.81 l=-0.14 r=1.54 tick=313175 goal=0 here=0 d11=0.47 b0=0.27 b2=0.65 b13=0.34
t=7 field hdg=20.3 enc=10318;6462 xy=4378;2693 want=-65 v-str=0.66 l=-0.17 r=1.57 tick=313193 goal=0 here=0 d11=0.47 b0=0.28 b2=0.64 b13=0.34
t=8 field hdg=19.6 enc=10320;6464 xy=4380;2694 want=-64 v-str=0.73 l=-0.16 r=1.56 tick=313210 goal=0 here=0 d11=0.48 b0=0.27 b2=0.63 b13=0.35
t=8 field hdg=20.9 enc=10321;6462 xy=4379;2694 want=-56 v-str=0.74 l=-0.05 r=1.45 tick=313228 goal=0 here=0 d11=0.46 b0=0.28 b2=0.63 b13=0.35
t=8 field hdg=21.2 enc=10321;6462 xy=4379;2694 want=-63 v-str=0.83 l=-0.14 r=1.54 tick=313245 goal=0 here=0 d11=0.46 b0=0.28 b2=0.64 b13=0.36
t=8 field hdg=18.9 enc=10323;6463 xy=4381;2694 want=-56 v-str=0.65 l=-0.05 r=1.45 tick=313262 goal=0 here=0 d11=0.47 b0=0.27 b2=0.65 b13=0.36
t=8 field hdg=20.4 enc=10322;6464 xy=4381;2694 want=-54 v-str=0.71 l=-0.02 r=1.42 tick=313280 goal=0 here=0 d11=0.47 b0=0.27 b2=0.62 b13=0.36
t=9 field hdg=18.9 enc=10325;6462 xy=4381;2695 want=-63 v-str=0.66 l=-0.14 r=1.54 tick=313298 goal=0 here=0 d11=0.46 b0=0.26 b2=0.61 b13=0.34
t=9 field hdg=20.3 enc=10324;6463 xy=4381;2695 want=-68 v-str=0.61 l=-0.20 r=1.60 tick=313316 goal=0 here=0 d11=0.47 b0=0.26 b2=0.62 b13=0.34
t=9 field hdg=20.2 enc=10326;6463 xy=4382;2695 want=-56 v-str=0.67 l=-0.04 r=1.44  d11=0.46 b0=0.26 b2=0.63 b13=0.36
t=9 field hdg=16.2 enc=10325;6463 xy=4381;2695 want=-65 v-str=0.63 l=-0.17 r=1.57 tick=313350 goal=0 here=0 d11=0.45 b0=0.26 b2=0.62 b13=0.35
t=9 field hdg=19.2 enc=10326;6464 xy=4382;2695 want=-59 v-str=0.63 l=-0.09 r=1.49 tick=313369 goal=0 here=0 d11=0.46 b0=0.27 b2=0.63 b13=0.34
t=9 field hdg=22.0 enc=10328;6462 xy=4382;2695 want=-54 v-str=0.63 l=-0.02 r=1.42 tick=313388 goal=0 here=0 d11=0.47 b0=0.27 b2=0.62 b13=0.35
t=10 field hdg=18.2 enc=10328;6462 xy=4382;2695 want=-48 v-str=0.60 l=0.06 r=1.34 tick=313406 goal=0 here=0 d11=0.47 b0=0.27 b2=0.63 b13=0.34
t=10 field hdg=18.9 enc=10331;6463 xy=4384;2696 want=-59 v-str=0.53 l=-0.09 r=1.49 tick=313422 goal=0 here=0 d11=0.47 b0=0.27 b2=0.63 b13=0.34
t=10 field hdg=20.0 enc=10331;6464 xy=4385;2696 want=-57 v-str=0.54 l=-0.06 r=1.46 tick=313440 goal=0 here=0 d11=0.47 b0=0.27 b2=0.62 b13=0.34
t=10 field hdg=17.7 enc=10332;6463 xy=4385;2696 want=-53 v-str=0.46 l=-0.01 r=1.41 tick=313457 goal=0 here=0 d11=0.47 b0=0.26 b2=0.62 b13=0.36
t=10 STUCK mv=9 back+turn
t=13 field hdg=5.0 enc=10363;6427 xy=4382;2696 want=31 v-str=1.22 l=1.11 r=0.29 tick=313706 goal=0 here=0 d11=0.47 b0=0.23 b2=0.44 b13=0.53
t=13 field hdg=9.4 enc=10362;6427 xy=4382;2696 want=33 v-str=1.43 l=1.15 r=0.25 tick=313723 goal=0 here=0 d11=0.47 b0=0.24 b2=0.45 b13=0.52
t=13 field hdg=5.5 enc=10362;6427 xy=4382;2696 want=30 v-str=1.57 l=1.11 r=0.29 tick=313740 goal=0 here=0 d11=0.47 b0=0.23 b2=0.45 b13=0.52
t=13 field hdg=8.5 enc=10363;6427 xy=4382;2696 want=23 v-str=1.23 l=1.01 r=0.39 tick=313758 goal=0 here=0 d11=0.46 b0=0.25 b2=0.45 b13=0.52
t=13 field hdg=8.5 enc=10362;6429 xy=4383;2696 want=24 v-str=1.23 l=1.02 r=0.38 tick=313776 goal=0 here=0 d11=0.46 b0=0.24 b2=0.44 b13=0.52
t=13 field hdg=8.8 enc=10364;6429 xy=4384;2696 want=26 v-str=1.17 l=1.05 r=0.35 tick=313793 goal=0 here=0 d11=0.45 b0=0.22 b2=0.45 b13=0.53
t=14 field hdg=7.6 enc=10364;6432 xy=4385;2696 want=30 v-str=1.51 l=1.10 r=0.30 tick=313810 goal=0 here=0 d11=0.46 b0=0.23 b2=0.46 b13=0.52
t=14 field hdg=8.4 enc=10362;6432 xy=4384;2696 want=25 v-str=1.31 l=1.04 r=0.36  d11=0.47 b0=0.25 b2=0.45 b13=0.53
t=14 field hdg=7.2 enc=10364;6433 xy=4386;2696 want=25 v-str=1.18 l=1.04 r=0.36 tick=313845 goal=0 here=0 d11=0.47 b0=0.23 b2=0.44 b13=0.52
t=14 field hdg=10.5 enc=10363;6433 xy=4385;2696 want=15 v-str=1.12 l=0.90 r=0.50 tick=313863 goal=0 here=0 d11=0.47 b0=0.23 b2=0.44 b13=0.52
t=14 field hdg=9.0 enc=10362;6434 xy=4385;2696 want=16 v-str=1.11 l=0.92 r=0.48 tick=313881 goal=0 here=0 d11=0.47 b0=0.23 b2=0.43 b13=0.52
t=15 field hdg=10.3 enc=10364;6434 xy=4386;2696 want=22 v-str=1.34 l=0.99 r=0.41 tick=313898 goal=0 here=0 d11=0.46 b0=0.25 b2=0.45 b13=0.53
t=15 field hdg=4.8 enc=10362;6433 xy=4385;2696 want=21 v-str=1.39 l=0.98 r=0.42 tick=313915 goal=0 here=0 d11=0.46 b0=0.25 b2=0.45 b13=0.52
t=15 field hdg=9.4 enc=10364;6433 xy=4386;2696 want=24 v-str=1.32 l=1.01 r=0.39 tick=313932 goal=0 here=0 d11=0.47 b0=0.23 b2=0.47 b13=0.53
t=15 field hdg=6.8 enc=10362;6435 xy=4386;2696 want=17 v-str=1.11 l=0.93 r=0.47 tick=313950 goal=0 here=0 d11=0.45 b0=0.22 b2=0.44 b13=0.51
t=15 field hdg=8.6 enc=10362;6434 xy=4385;2696 want=14 v-str=1.27 l=0.89 r=0.51 tick=313968 goal=0 here=0 d11=0.48 b0=0.24 b2=0.46 b13=0.52
t=15 field hdg=8.3 enc=10362;6435 xy=4386;2696 want=26 v-str=1.36 l=1.05 r=0.35 tick=313986 goal=0 here=0 d11=0.46 b0=0.23 b2=0.45 b13=0.52
t=16 field hdg=6.4 enc=10362;6436 xy=4386;2696 want=20 v-str=1.37 l=0.97 r=0.43 tick=314003 goal=0 here=0 d11=0.47 b0=0.23 b2=0.45 b13=0.53
t=16 field hdg=6.3 enc=10363;6436 xy=4387;2696 want=25 v-str=1.31 l=1.03 r=0.37 tick=314020 goal=0 here=0 d11=0.46 b0=0.24 b2=0.46 b13=0.52
t=16 field hdg=9.0 enc=10364;6436 xy=4387;2696 want=11 v-str=1.07 l=0.85 r=0.55 tick=314038 goal=0 here=0 d11=0.47 b0=0.23 b2=0.45 b13=0.53
t=16 field hdg=8.6 enc=10364;6436 xy=4387;2696 want=15 v-str=1.25 l=0.90 r=0.50 tick=314055 goal=0 here=0 d11=0.48 b0=0.24 b2=0.46 b13=0.52
t=16 field hdg=9.9 enc=10362;6435 xy=4386;2696 want=13 v-str=1.06 l=0.87 r=0.53 tick=314073 goal=0 here=0 d11=0.47 b0=0.23 b2=0.44 b13=0.53
t=16 field hdg=8.4 enc=10362;6435 xy=4386;2696 want=16 v-str=0.98 l=0.92 r=0.48 tick=314090 goal=0 here=0 d11=0.47 b0=0.23 b2=0.44 b13=0.51
t=17 STUCK mv=4 back+turn
t=19 field hdg=19.4 enc=10325;6464 xy=4382;2695 want=-68 v-str=0.79 l=-0.20 r=1.60  d11=0.46 b0=0.27 b2=0.63 b13=0.35
t=19 field hdg=17.9 enc=10324;6465 xy=4382;2695 want=-72 v-str=0.71 l=-0.26 r=1.66 tick=314355 goal=0 here=0 d11=0.46 b0=0.26 b2=0.62 b13=0.35
t=19 field hdg=20.4 enc=10326;6464 xy=4382;2695 want=-60 v-str=0.61 l=-0.10 r=1.50 tick=314372 goal=0 here=0 d11=0.46 b0=0.27 b2=0.63 b13=0.34
t=19 field hdg=18.1 enc=10326;6465 xy=4383;2695 want=-55 v-str=0.58 l=-0.04 r=1.44 tick=314390 goal=0 here=0 d11=0.45 b0=0.28 b2=0.64 b13=0.35
t=20 field hdg=18.3 enc=10326;6464 xy=4382;2695 want=-70 v-str=0.60 l=-0.23 r=1.63 tick=314407 goal=0 here=0 d11=0.48 b0=0.26 b2=0.63 b13=0.34
t=20 field hdg=22.2 enc=10327;6463 xy=4382;2695 want=-69 v-str=0.60 l=-0.22 r=1.62 tick=314425 goal=0 here=0 d11=0.47 b0=0.26 b2=0.63 b13=0.35
t=20 field hdg=20.0 enc=10329;6465 xy=4384;2696 want=-59 v-str=0.65 l=-0.09 r=1.49 tick=314444 goal=0 here=0 d11=0.46 b0=0.27 b2=0.62 b13=0.36
t=20 field hdg=17.2 enc=10329;6465 xy=4384;2696 want=-56 v-str=0.62 l=-0.04 r=1.44 tick=314461 goal=0 here=0 d11=0.47 b0=0.26 b2=0.62 b13=0.35
t=20 field hdg=20.1 enc=10332;6465 xy=4386;2696 want=-58 v-str=0.66 l=-0.07 r=1.47 tick=314478 goal=0 here=0 d11=0.47 b0=0.27 b2=0.61 b13=0.34
t=21 field hdg=14.7 enc=10331;6465 xy=4385;2696 want=-53 v-str=0.59 l=-0.01 r=1.41  d11=0.47 b0=0.27 b2=0.63 b13=0.35
t=21 field hdg=19.2 enc=10334;6465 xy=4387;2697 want=-53 v-str=0.53 l=-0.00 r=1.40 tick=314513 goal=0 here=0 d11=0.46 b0=0.26 b2=0.62 b13=0.35
t=21 STUCK mv=11 back+turn
t=23 field hdg=3.6 enc=10362;6426 xy=4381;2696 want=25 v-str=1.36 l=1.03 r=0.37 tick=314761 goal=0 here=0 d11=0.46 b0=0.23 b2=0.44 b13=0.53
t=23 field hdg=7.4 enc=10362;6428 xy=4382;2696 want=27 v-str=1.44 l=1.06 r=0.34 tick=314778 goal=0 here=0 d11=-1.00 b0=0.24 b2=0.46 b13=0.52
t=24 field hdg=9.9 enc=10363;6429 xy=4383;2696 want=29 v-str=1.22 l=1.09 r=0.31  d11=0.46 b0=0.23 b2=0.45 b13=0.53
t=24 field hdg=8.6 enc=10364;6429 xy=4384;2696 want=30 v-str=1.49 l=1.10 r=0.30 tick=314813 goal=0 here=0 d11=0.47 b0=0.24 b2=0.46 b13=0.52
t=24 field hdg=6.3 enc=10362;6431 xy=4384;2696 want=27 v-str=1.21 l=1.07 r=0.33 tick=314831 goal=0 here=0 d11=0.46 b0=0.23 b2=0.45 b13=0.54
t=24 field hdg=5.3 enc=10363;6432 xy=4385;2696 want=27 v-str=1.36 l=1.06 r=0.34 tick=314849 goal=0 here=0 d11=0.47 b0=0.24 b2=0.45 b13=0.52
t=24 field hdg=6.2 enc=10362;6432 xy=4384;2696 want=29 v-str=1.23 l=1.09 r=0.31 tick=314866 goal=0 here=0 d11=0.46 b0=0.23 b2=0.45 b13=0.53
t=24 field hdg=9.3 enc=10363;6432 xy=4385;2696 want=27 v-str=1.43 l=1.06 r=0.34 tick=314883 goal=0 here=0 d11=0.47 b0=0.24 b2=0.45 b13=0.53
t=25 field hdg=10.0 enc=10364;6435 xy=4387;2697 want=22 v-str=1.39 l=1.00 r=0.40 tick=314901 goal=0 here=0 d11=0.47 b0=0.25 b2=0.46 b13=0.53
t=25 field hdg=10.5 enc=10364;6434 xy=4386;2697 want=19 v-str=1.01 l=0.95 r=0.45 tick=314918 goal=0 here=0 d11=0.47 b0=0.22 b2=0.45 b13=0.52
t=25 field hdg=7.6 enc=10362;6434 xy=4385;2696 want=15 v-str=1.15 l=0.90 r=0.50 tick=314935 goal=0 here=0 d11=0.47 b0=0.24 b2=0.45 b13=0.52
t=25 STUCK mv=7 back+turn
t=27 field hdg=17.3 enc=10325;6463 xy=4381;2695 want=-63 v-str=0.61 l=-0.14 r=1.54 tick=315182 goal=0 here=0 d11=0.45 b0=0.28 b2=0.62 b13=0.35
t=28 field hdg=18.5 enc=10326;6463 xy=4382;2695 want=-63 v-str=0.52 l=-0.14 r=1.54 tick=315200 goal=0 here=0 d11=0.47 b0=0.26 b2=0.63 b13=0.35
t=28 field hdg=20.7 enc=10325;6462 xy=4381;2695 want=-63 v-str=0.52 l=-0.14 r=1.54 tick=315217 goal=0 here=0 d11=0.47 b0=0.27 b2=0.62 b13=0.34
t=28 field hdg=19.2 enc=10328;6461 xy=4382;2695 want=-65 v-str=0.58 l=-0.17 r=1.57 tick=315234 goal=0 here=0 d11=0.46 b0=0.25 b2=0.63 b13=0.35
t=28 field hdg=19.8 enc=10329;6463 xy=4383;2696 want=-59 v-str=0.68 l=-0.09 r=1.49 tick=315251 goal=0 here=0 d11=0.47 b0=0.27 b2=0.64 b13=0.36
t=28 field hdg=18.8 enc=10328;6461 xy=4382;2695 want=-57 v-str=0.64 l=-0.06 r=1.46 tick=315268 goal=0 here=0 d11=0.47 b0=0.27 b2=0.63 b13=0.36
t=28 field hdg=17.2 enc=10330;6463 xy=4384;2696 want=-58 v-str=0.51 l=-0.07 r=1.47 tick=315285 goal=0 here=0 d11=0.47 b0=0.27 b2=0.63 b13=0.35
t=29 field hdg=20.7 enc=10332;6462 xy=4384;2696 want=-58 v-str=0.56 l=-0.08 r=1.48 tick=315304 goal=0 here=0 d11=0.46 b0=0.26 b2=0.62 b13=0.36
t=29 field hdg=21.3 enc=10331;6461 xy=4383;2696 want=-63 v-str=0.53 l=-0.14 r=1.54 tick=315321 goal=0 here=0 d11=0.47 b0=0.26 b2=0.63 b13=0.35
t=29 field hdg=14.8 enc=10332;6462 xy=4384;2696 want=-50 v-str=0.61 l=0.03 r=1.37 tick=315338 goal=0 here=0 d11=0.47 b0=0.27 b2=0.61 b13=0.34
t=29 field hdg=19.0 enc=10333;6463 xy=4385;2696 want=-65 v-str=0.60 l=-0.16 r=1.56 tick=315356 goal=0 here=0 d11=0.46 b0=0.26 b2=0.61 b13=0.34
t=29 STUCK mv=8 back+turn
t=32 field hdg=3.7 enc=10364;6426 xy=4382;2696 want=32 v-str=1.50 l=1.13 r=0.27 tick=315604 goal=0 here=0 d11=0.47 b0=0.24 b2=0.45 b13=0.52
t=32 field hdg=7.8 enc=10363;6427 xy=4382;2696 want=32 v-str=1.54 l=1.13 r=0.27 tick=315622 goal=0 here=0 d11=0.48 b0=0.24 b2=0.46 b13=0.53
t=32 field hdg=6.2 enc=10363;6427 xy=4382;2696 want=26 v-str=1.23 l=1.05 r=0.35 tick=315639 goal=0 here=0 d11=0.46 b0=0.23 b2=0.44 b13=0.53
t=32 field hdg=3.7 enc=10363;6427 xy=4382;2696 want=26 v-str=1.35 l=1.05 r=0.35 tick=315656 goal=0 here=0 d11=0.46 b0=0.24 b2=0.45 b13=0.52
t=32 field hdg=8.5 enc=10364;6428 xy=4383;2696 want=25 v-str=1.33 l=1.03 r=0.37 tick=315674 goal=0 here=0 d11=0.46 b0=0.25 b2=0.44 b13=0.53
t=32 field hdg=5.4 enc=10364;6430 xy=4384;2696 want=22 v-str=1.31 l=1.00 r=0.40 tick=315692 goal=0 here=0 d11=0.47 b0=0.24 b2=0.44 b13=0.52
t=33 field hdg=8.0 enc=10365;6428 xy=4384;2696 want=32 v-str=1.36 l=1.12 r=0.28 tick=315709 goal=0 here=0 d11=0.45 b0=0.23 b2=0.45 b13=0.53
t=33 field hdg=6.8 enc=10363;6429 xy=4383;2696 want=31 v-str=1.38 l=1.12 r=0.28 tick=315726 goal=0 here=0 d11=0.46 b0=0.24 b2=0.45 b13=0.52
t=33 field hdg=8.8 enc=10364;6432 xy=4385;2696 want=24 v-str=1.25 l=1.02 r=0.38 tick=315743 goal=0 here=0 d11=0.47 b0=0.23 b2=0.45 b13=0.53
t=33 field hdg=10.8 enc=10364;6433 xy=4386;2696 want=29 v-str=1.42 l=1.09 r=0.31 tick=315761 goal=0 here=0 d11=0.47 b0=0.23 b2=0.45 b13=0.52
t=33 field hdg=7.0 enc=10364;6432 xy=4385;2696 want=31 v-str=1.15 l=1.11 r=0.29 tick=315778 goal=0 here=0 d11=0.47 b0=0.23 b2=0.45 b13=0.53
t=34 STUCK mv=11 back+turn
t=36 field hdg=23.0 enc=10325;6461 xy=4381;2694 want=-61 v-str=0.68 l=-0.11 r=1.51 tick=316025 goal=0 here=0 d11=0.47 b0=0.26 b2=0.63 b13=0.34
t=36 field hdg=21.3 enc=10325;6460 xy=4380;2694 want=-56 v-str=0.62 l=-0.05 r=1.45 tick=316043 goal=0 here=0 d11=0.47 b0=0.27 b2=0.63 b13=0.36
t=36 field hdg=19.4 enc=10326;6461 xy=4381;2694 want=-60 v-str=0.68 l=-0.10 r=1.50 tick=316061 goal=0 here=0 d11=0.46 b0=0.26 b2=0.62 b13=0.35
t=36 field hdg=17.4 enc=10328;6461 xy=4382;2694 want=-51 v-str=0.62 l=0.02 r=1.38 tick=316078 goal=0 here=0 d11=0.48 b0=0.27 b2=0.63 b13=0.35
t=37 field hdg=19.3 enc=10329;6462 xy=4383;2695 want=-54 v-str=0.60 l=-0.01 r=1.41 tick=316096 goal=0 here=0 d11=0.47 b0=0.26 b2=0.64 b13=0.35
t=37 field hdg=15.9 enc=10330;6460 xy=4383;2694 want=-55 v-str=0.44 l=-0.03 r=1.43 tick=316113 goal=0 here=0 d11=0.46 b0=0.27 b2=0.61 b13=0.33
t=37 field hdg=16.2 enc=10330;6462 xy=4384;2695 want=-61 v-str=0.60 l=-0.12 r=1.52 tick=316130 goal=0 here=0 d11=-1.00 b0=0.27 b2=0.62 b13=0.35
t=37 field hdg=16.2 enc=10330;6460 xy=4383;2694 want=-55 v-str=0.62 l=-0.03 r=1.43 tick=316148 goal=0 here=0 d11=0.47 b0=0.26 b2=0.61 b13=0.35
t=37 field hdg=16.0 enc=10331;6460 xy=4383;2695 want=-61 v-str=0.48 l=-0.11 r=1.51 tick=316165 goal=0 here=0 d11=0.46 b0=0.25 b2=0.61 b13=0.34
t=37 field hdg=19.9 enc=10333;6460 xy=4384;2695 want=-60 v-str=0.53 l=-0.10 r=1.50 tick=316182 goal=0 here=0 d11=0.47 b0=0.27 b2=0.61 b13=0.34
t=38 field hdg=21.3 enc=10334;6462 xy=4386;2695 want=-70 v-str=0.73 l=-0.23 r=1.63 tick=316199 goal=0 here=0 d11=0.47 b0=0.25 b2=0.62 b13=0.34
t=38 STUCK mv=9 back+turn
t=40 field hdg=1.4 enc=10366;6426 xy=4384;2695 want=28 v-str=1.29 l=1.08 r=0.32 tick=316448 goal=0 here=0 d11=0.47 b0=0.23 b2=0.44 b13=0.52
t=40 field hdg=5.3 enc=10365;6424 xy=4382;2695 want=27 v-str=1.22 l=1.06 r=0.34 tick=316466 goal=0 here=0 d11=0.46 b0=0.23 b2=0.44 b13=0.52
t=40 field hdg=8.2 enc=10366;6425 xy=4383;2695 want=28 v-str=1.16 l=1.08 r=0.32 tick=316483 goal=0 here=0 d11=0.46 b0=0.23 b2=0.43 b13=0.52
t=41 field hdg=4.7 enc=10364;6426 xy=4383;2695 want=25 v-str=1.32 l=1.04 r=0.36 tick=316500 goal=0 here=0 d11=0.46 b0=0.22 b2=0.44 b13=0.54
t=41 field hdg=7.3 enc=10366;6429 xy=4385;2696 want=28 v-str=1.19 l=1.07 r=0.33 tick=316518 goal=0 here=0 d11=0.46 b0=0.23 b2=0.44 b13=0.52
t=41 field hdg=8.3 enc=10366;6428 xy=4384;2696 want=25 v-str=1.22 l=1.03 r=0.37 tick=316535 goal=0 here=0 d11=0.45 b0=0.23 b2=0.44 b13=0.52
t=41 field hdg=7.5 enc=10365;6430 xy=4385;2696 want=28 v-str=1.21 l=1.07 r=0.33 tick=316553 goal=0 here=0 d11=0.46 b0=0.23 b2=0.45 b13=0.53
t=41 field hdg=6.6 enc=10364;6431 xy=4385;2696 want=26 v-str=1.21 l=1.05 r=0.35 tick=316576 goal=0 here=0 d11=0.46 b0=0.23 b2=0.44 b13=0.53
t=42 field hdg=7.1 enc=10366;6432 xy=4386;2696 want=28 v-str=1.44 l=1.07 r=0.33 tick=316594 goal=0 here=0 d11=0.47 b0=0.24 b2=0.45 b13=0.52
t=42 field hdg=6.3 enc=10366;6433 xy=4387;2696 want=28 v-str=1.40 l=1.07 r=0.33 tick=316612 goal=0 here=0 d11=0.48 b0=0.23 b2=0.45 b13=0.54
t=42 field hdg=6.9 enc=10365;6433 xy=4386;2696 want=29 v-str=1.35 l=1.09 r=0.31  d11=0.47 b0=0.23 b2=0.45 b13=0.53
t=42 STUCK mv=10 back+turn
t=44 field hdg=18.8 enc=10327;6462 xy=4382;2694 want=-56 v-str=0.59 l=-0.04 r=1.44 tick=316882 goal=0 here=0 d11=0.47 b0=0.27 b2=0.63 b13=0.34
t=45 field hdg=16.9 enc=10326;6463 xy=4382;2694 want=-59 v-str=0.59 l=-0.09 r=1.49 tick=316899 goal=0 here=0 d11=0.47 b0=0.27 b2=0.64 b13=0.34
t=45 field hdg=23.4 enc=10327;6463 xy=4383;2694 want=-55 v-str=0.64 l=-0.04 r=1.44 tick=316917 goal=0 here=0 d11=0.46 b0=0.27 b2=0.63 b13=0.35
t=45 field hdg=20.8 enc=10328;6461 xy=4382;2694 want=-64 v-str=0.47 l=-0.15 r=1.55 tick=316934 goal=0 here=0 d11=0.48 b0=0.27 b2=0.63 b13=0.34
t=45 field hdg=19.8 enc=10330;6463 xy=4384;2695 want=-66 v-str=0.57 l=-0.18 r=1.58 tick=316951 goal=0 here=0 d11=0.46 b0=0.26 b2=0.63 b13=0.36
t=45 field hdg=15.4 enc=10331;6461 xy=4384;2695 want=-60 v-str=0.52 l=-0.10 r=1.50 tick=316969 goal=0 here=0 d11=0.46 b0=0.26 b2=0.64 b13=0.35
t=45 field hdg=20.6 enc=10331;6462 xy=4384;2695 want=-50 v-str=0.63 l=0.03 r=1.37 tick=316986 goal=0 here=0 d11=0.47 b0=0.28 b2=0.61 b13=0.35
t=46 field hdg=19.5 enc=10331;6463 xy=4385;2695 want=-50 v-str=0.61 l=0.04 r=1.36  d11=0.46 b0=0.27 b2=0.62 b13=0.35
t=46 field hdg=20.9 enc=10333;6463 xy=4386;2696 want=-59 v-str=0.53 l=-0.08 r=1.48 tick=317021 goal=0 here=0 d11=0.46 b0=0.26 b2=0.62 b13=0.35
t=46 field hdg=20.2 enc=10335;6462 xy=4386;2696 want=-53 v-str=0.54 l=-0.00 r=1.40 tick=317040 goal=0 here=0 d11=0.47 b0=0.26 b2=0.63 b13=0.35
t=46 field hdg=15.9 enc=10335;6461 xy=4386;2696 want=-76 v-str=0.72 l=-0.31 r=1.71 tick=317058 goal=0 here=0 d11=0.47 b0=0.25 b2=0.62 b13=0.35
t=46 field hdg=15.4 enc=10335;6463 xy=4386;2696 want=-68 v-str=0.74 l=-0.21 r=1.61 tick=317075 goal=0 here=0 d11=0.46 b0=0.26 b2=0.62 b13=0.35
t=46 field hdg=17.3 enc=10337;6461 xy=4386;2696 want=-74 v-str=0.74 l=-0.28 r=1.68 tick=317093 goal=0 here=0 d11=0.47 b0=0.26 b2=0.62 b13=0.34
t=47 field hdg=15.6 enc=10339;6461 xy=4387;2696 want=-67 v-str=0.73 l=-0.20 r=1.60 tick=317110 goal=0 here=0 d11=0.47 b0=0.26 b2=0.62 b13=0.34
t=47 field hdg=22.2 enc=10339;6461 xy=4387;2696 want=-74 v-str=0.84 l=-0.29 r=1.69 tick=317128 goal=0 here=0 d11=0.45 b0=0.25 b2=0.61 b13=0.35
t=47 field hdg=16.2 enc=10340;6461 xy=4388;2696 want=-62 v-str=0.88 l=-0.13 r=1.53 tick=317146 goal=0 here=0 d11=0.47 b0=0.27 b2=0.59 b13=0.35
t=47 field hdg=19.7 enc=10340;6462 xy=4388;2696 want=-75 v-str=0.75 l=-0.30 r=1.70 tick=317163 goal=0 here=0 d11=0.47 b0=0.25 b2=0.62 b13=0.36
t=47 field hdg=17.0 enc=10340;6463 xy=4389;2697 want=-70 v-str=0.83 l=-0.23 r=1.63 tick=317181 goal=0 here=0 d11=0.46 b0=0.23 b2=0.61 b13=0.36
t=48 field hdg=14.9 enc=10342;6463 xy=4390;2697 want=-74 v-str=0.78 l=-0.29 r=1.69 tick=317199 goal=0 here=0 d11=0.46 b0=0.24 b2=0.61 b13=0.35
t=48 field hdg=15.3 enc=10344;6461 xy=4390;2697 want=-77 v-str=0.79 l=-0.33 r=1.73  d11=0.45 b0=0.25 b2=0.61 b13=0.36
t=48 field hdg=17.3 enc=10343;6462 xy=4390;2697 want=-70 v-str=0.83 l=-0.24 r=1.64 tick=317234 goal=0 here=0 d11=0.47 b0=0.27 b2=0.61 b13=0.34
t=48 field hdg=14.9 enc=10346;6463 xy=4392;2697 want=-76 v-str=0.75 l=-0.31 r=1.71 tick=317252 goal=0 here=0 d11=0.47 b0=0.24 b2=0.60 b13=0.35
t=48 field hdg=17.1 enc=10345;6463 xy=4391;2697 want=-72 v-str=0.90 l=-0.26 r=1.66 tick=317269 goal=0 here=0 d11=0.48 b0=0.25 b2=0.59 b13=0.35
t=48 field hdg=15.6 enc=10348;6461 xy=4392;2697 want=-81 v-str=0.80 l=-0.39 r=1.79 tick=317286 goal=0 here=0 d11=0.45 b0=0.25 b2=0.60 b13=0.35
t=49 field hdg=15.3 enc=10348;6462 xy=4392;2697 want=-83 v-str=0.71 l=-0.41 r=1.81 tick=317304 goal=0 here=0 d11=0.47 b0=0.24 b2=0.58 b13=0.35
t=49 field hdg=14.6 enc=10348;6462 xy=4392;2697 want=-81 v-str=0.85 l=-0.39 r=1.79 tick=317322 goal=0 here=0 d11=0.47 b0=0.24 b2=0.59 b13=0.34
t=49 field hdg=15.3 enc=10351;6463 xy=4394;2698 want=-75 v-str=0.81 l=-0.30 r=1.70 tick=317339 goal=0 here=0 d11=0.48 b0=0.25 b2=0.60 b13=0.34
t=49 field hdg=16.4 enc=10351;6463 xy=4394;2698 want=-80 v-str=0.92 l=-0.37 r=1.77 tick=317357 goal=0 here=0 d11=0.46 b0=0.24 b2=0.58 b13=0.35
t=49 field hdg=14.3 enc=10351;6463 xy=4394;2698 want=-80 v-str=0.98 l=-0.37 r=1.77 tick=317374 goal=0 here=0 d11=0.47 b0=0.25 b2=0.57 b13=0.36
t=49 field hdg=18.6 enc=10352;6461 xy=4394;2698 want=-88 v-str=0.95 l=-0.47 r=1.87 tick=317391 goal=0 here=0 d11=0.46 b0=0.23 b2=0.56 b13=0.36
t=50 field hdg=15.0 enc=10354;6461 xy=4395;2698 want=-81 v-str=0.84 l=-0.38 r=1.78 tick=317409 goal=0 here=0 d11=0.47 b0=0.24 b2=0.57 b13=0.34
t=50 field hdg=16.4 enc=10355;6462 xy=4396;2698 want=-86 v-str=0.90 l=-0.45 r=1.85 tick=317426 goal=0 here=0 d11=0.46 b0=0.24 b2=0.56 b13=0.35
t=50 field hdg=17.4 enc=10355;6462 xy=4396;2698 want=-89 v-str=0.80 l=-0.48 r=1.88 tick=317443 goal=0 here=0 d11=0.47 b0=0.24 b2=0.56 b13=0.35
t=50 field hdg=15.9 enc=10357;6462 xy=4397;2699 want=-85 v-str=0.65 l=-0.44 r=1.84 tick=317460 goal=0 here=0 d11=0.46 b0=0.22 b2=0.56 b13=0.35
t=50 field hdg=16.7 enc=10358;6463 xy=4398;2699 want=-89 v-str=0.57 l=-0.48 r=1.88 tick=317478 goal=0 here=0 d11=0.47 b0=0.24 b2=0.56 b13=0.34
t=51 STUCK mv=10 back+turn
t=53 field hdg=1.8 enc=10387;6424 xy=4393;2699 want=-39 v-str=0.79 l=0.19 r=1.21 tick=317729 goal=0 here=0 d11=0.47 b0=0.23 b2=0.41 b13=0.54
t=53 field hdg=1.8 enc=10388;6426 xy=4394;2699 want=-39 v-str=0.79 l=0.18 r=1.22 tick=317746 goal=0 here=0 d11=0.47 b0=0.24 b2=0.42 b13=0.56
t=53 field hdg=358.2 enc=10391;6426 xy=4396;2699 want=-55 v-str=0.88 l=-0.03 r=1.43 tick=317763 goal=0 here=0 d11=0.46 b0=0.23 b2=0.43 b13=0.55
t=53 field hdg=-1.0 enc=10389;6426 xy=4395;2699 want=-56 v-str=0.84 l=-0.05 r=1.45 tick=317781 goal=0 here=0 d11=0.47 b0=0.23 b2=0.41 b13=0.54
t=54 field hdg=0.8 enc=10389;6424 xy=4394;2699 want=-60 v-str=0.91 l=-0.11 r=1.51 tick=317798 goal=0 here=0 d11=0.47 b0=0.24 b2=0.42 b13=0.56
t=54 field hdg=5.7 enc=10393;6424 xy=4396;2699 want=-62 v-str=0.88 l=-0.12 r=1.52 tick=317815 goal=0 here=0 d11=0.46 b0=0.23 b2=0.41 b13=0.56
t=54 field hdg=357.9 enc=10394;6424 xy=4396;2699 want=-60 v-str=0.78 l=-0.09 r=1.49 tick=317832 goal=0 here=0 d11=0.46 b0=0.22 b2=0.41 b13=0.54
t=54 field hdg=0.0 enc=10394;6424 xy=4396;2699 want=-66 v-str=0.56 l=-0.18 r=1.58 tick=317850 goal=0 here=0 d11=0.46 b0=0.21 b2=0.41 b13=0.55
t=54 field hdg=0.5 enc=10396;6425 xy=4398;2699 want=-59 v-str=0.64 l=-0.09 r=1.49 tick=317867 goal=0 here=0 d11=0.47 b0=0.23 b2=0.41 b13=0.57
t=54 field hdg=1.1 enc=10396;6425 xy=4398;2699 want=-62 v-str=0.56 l=-0.13 r=1.53 tick=317884 goal=0 here=0 d11=0.46 b0=0.22 b2=0.41 b13=0.55
t=55 field hdg=358.0 enc=10396;6425 xy=4398;2699 want=-52 v-str=0.71 l=0.00 r=1.40 tick=317902 goal=0 here=0 d11=0.47 b0=0.24 b2=0.41 b13=0.56
t=55 field hdg=358.9 enc=10397;6424 xy=4398;2699 want=-75 v-str=0.48 l=-0.30 r=1.70 tick=317919 goal=0 here=0 d11=0.47 b0=0.22 b2=0.41 b13=0.56
t=55 field hdg=1.5 enc=10399;6424 xy=4399;2699 want=-69 v-str=0.60 l=-0.22 r=1.62 tick=317936 goal=0 here=0 d11=0.47 b0=0.22 b2=0.40 b13=0.57
t=55 field hdg=1.2 enc=10399;6424 xy=4399;2699 want=-66 v-str=0.65 l=-0.18 r=1.58 tick=317953 goal=0 here=0 d11=0.47 b0=0.23 b2=0.39 b13=0.56
t=55 field hdg=0.1 enc=10400;6424 xy=4399;2699 want=-72 v-str=0.64 l=-0.26 r=1.66  d11=-1.00 b0=0.23 b2=0.40 b13=0.57
t=56 field hdg=354.5 enc=10402;6425 xy=4401;2699 want=-73 v-str=0.55 l=-0.28 r=1.68 tick=317999 goal=0 here=0 d11=0.47 b0=0.22 b2=0.41 b13=0.58
t=56 field hdg=0.5 enc=10404;6424 xy=4401;2699 want=-73 v-str=0.52 l=-0.28 r=1.68 tick=318016 goal=0 here=0 d11=0.46 b0=0.22 b2=0.40 b13=0.60
t=56 field hdg=0.6 enc=10404;6425 xy=4402;2699 want=-50 v-str=0.56 l=0.04 r=1.36 tick=318034 goal=0 here=0 d11=0.46 b0=0.22 b2=0.40 b13=0.61
t=56 field hdg=356.0 enc=10405;6424 xy=4402;2699 want=-76 v-str=0.51 l=-0.31 r=1.71 tick=318052 goal=0 here=0 d11=0.47 b0=0.22 b2=0.41 b13=0.62
t=56 field hdg=359.9 enc=10405;6424 xy=4402;2699 want=-76 v-str=0.53 l=-0.32 r=1.72 tick=318069 goal=0 here=0 d11=0.47 b0=0.21 b2=0.40 b13=0.62
t=56 field hdg=357.0 enc=10408;6425 xy=4404;2698 want=-84 v-str=0.53 l=-0.42 r=1.82 tick=318086 goal=0 here=0 d11=0.46 b0=0.22 b2=0.40 b13=0.62
t=57 field hdg=0.8 enc=10408;6426 xy=4404;2699 want=-77 v-str=0.47 l=-0.32 r=1.72 tick=318104 goal=0 here=0 d11=0.47 b0=0.23 b2=0.41 b13=0.62
t=57 field hdg=358.4 enc=10408;6424 xy=4403;2699 want=-74 v-str=0.53 l=-0.28 r=1.68 tick=318121 goal=0 here=0 d11=0.47 b0=0.21 b2=0.39 b13=0.63
t=57 field hdg=357.7 enc=10409;6426 xy=4405;2698 want=-78 v-str=0.43 l=-0.34 r=1.74 tick=318139 goal=0 here=0 d11=0.47 b0=0.22 b2=0.39 b13=0.61
t=57 field hdg=356.0 enc=10409;6426 xy=4405;2698 want=-74 v-str=0.48 l=-0.28 r=1.68 tick=318156 goal=0 here=0 d11=0.46 b0=0.23 b2=0.39 b13=0.63
t=57 field hdg=358.3 enc=10410;6426 xy=4405;2698 want=-80 v-str=0.45 l=-0.37 r=1.77 tick=318174 goal=0 here=0 d11=0.47 b0=0.23 b2=0.39 b13=0.63
t=57 field hdg=-1.0 enc=10411;6425 xy=4405;2698 want=-70 v-str=0.44 l=-0.23 r=1.63 tick=318192 goal=0 here=0 d11=0.46 b0=0.23 b2=0.40 b13=0.65
t=58 field hdg=354.9 enc=10414;6426 xy=4407;2698 want=-86 v-str=0.40 l=-0.44 r=1.84 tick=318209 goal=0 here=0 d11=0.47 b0=0.21 b2=0.39 b13=0.64
t=58 field hdg=355.6 enc=10414;6426 xy=4407;2698 want=-79 v-str=0.35 l=-0.36 r=1.76 tick=318227 goal=0 here=0 d11=0.47 b0=0.22 b2=0.40 b13=0.64
t=58 field hdg=356.3 enc=10416;6426 xy=4408;2698 want=-52 v-str=0.35 l=0.01 r=1.39 tick=318244 goal=0 here=0 d11=0.47 b0=0.23 b2=0.38 b13=0.65
t=58 field hdg=357.4 enc=10416;6425 xy=4408;2698 want=-72 v-str=0.33 l=-0.26 r=1.66 tick=318261 goal=0 here=0 d11=0.47 b0=0.21 b2=0.40 b13=0.65
t=58 field hdg=359.1 enc=10418;6425 xy=4409;2698 want=-87 v-str=0.31 l=-0.46 r=1.86 tick=318279 goal=0 here=0 d11=0.46 b0=0.23 b2=0.39 b13=0.66
t=59 field hdg=357.7 enc=10417;6424 xy=4408;2698 want=-74 v-str=0.25 l=-0.29 r=1.69 tick=318296 goal=0 here=0 d11=0.47 b0=0.23 b2=0.40 b13=0.64
t=59 field hdg=354.7 enc=10419;6424 xy=4409;2698 want=-49 v-str=0.27 l=0.05 r=1.35 tick=318313 goal=0 here=0 d11=0.47 b0=0.21 b2=0.38 b13=0.67
t=59 field hdg=359.7 enc=10419;6425 xy=4409;2698 want=-78 v-str=0.22 l=-0.35 r=1.75 tick=318330 goal=0 here=0 d11=0.46 b0=0.23 b2=0.38 b13=0.66
t=59 STUCK mv=10 back+turn
t=61 field hdg=345.4 enc=10451;6390 xy=4408;2699 want=58 v-str=0.94 l=1.47 r=-0.07 tick=318578 goal=0 here=0 d11=0.48 b0=0.24 b2=0.31 b13=1.55
t=62 field hdg=345.2 enc=10451;6389 xy=4407;2699 want=53 v-str=1.05 l=1.41 r=-0.01 tick=318595 goal=0 here=0 d11=0.46 b0=0.25 b2=0.32 b13=1.55
t=62 field hdg=340.2 enc=10449;6391 xy=4407;2699 want=51 v-str=1.03 l=1.37 r=0.03 tick=318613 goal=0 here=0 d11=0.48 b0=0.26 b2=0.31 b13=1.56
t=62 field hdg=344.3 enc=10451;6391 xy=4408;2698 want=61 v-str=0.83 l=1.51 r=-0.11 tick=318630 goal=0 here=0 d11=0.47 b0=0.23 b2=0.31 b13=1.53
t=62 field hdg=346.9 enc=10451;6393 xy=4409;2698 want=60 v-str=0.88 l=1.50 r=-0.10 tick=318647 goal=0 here=0 d11=0.47 b0=0.24 b2=0.31 b13=1.55
t=62 field hdg=342.4 enc=10450;6392 xy=4408;2699 want=57 v-str=0.83 l=1.47 r=-0.07 tick=318665 goal=0 here=0 d11=0.46 b0=0.24 b2=0.30 b13=1.56
t=62 field hdg=343.0 enc=10449;6395 xy=4409;2698 want=79 v-str=1.04 l=1.76 r=-0.36 tick=318682 goal=0 here=0 d11=0.47 b0=0.24 b2=0.31 b13=1.55
t=63 field hdg=343.6 enc=10451;6394 xy=4410;2698 want=79 v-str=1.12 l=1.76 r=-0.36 tick=318699 goal=0 here=0 d11=0.46 b0=0.24 b2=0.32 b13=1.55
t=63 field hdg=346.8 enc=10451;6395 xy=4410;2698 want=82 v-str=1.04 l=1.79 r=-0.39 tick=318717 goal=0 here=0 d11=0.46 b0=0.23 b2=0.31 b13=1.56
t=63 field hdg=346.7 enc=10451;6396 xy=4411;2698 want=82 v-str=1.07 l=1.79 r=-0.39 tick=318734 goal=0 here=0 d11=0.47 b0=0.25 b2=0.31 b13=1.55
t=63 field hdg=346.6 enc=10450;6396 xy=4410;2698 want=85 v-str=1.17 l=1.83 r=-0.43 tick=318752 goal=0 here=0 d11=0.47 b0=0.23 b2=0.32 b13=1.55
t=63 field hdg=345.1 enc=10450;6397 xy=4411;2698 want=81 v-str=1.19 l=1.77 r=-0.37 tick=318769 goal=0 here=0 d11=0.47 b0=0.25 b2=0.33 b13=1.56
t=63 field hdg=343.7 enc=10450;6398 xy=4411;2698 want=84 v-str=0.98 l=1.82 r=-0.42 tick=318787 goal=0 here=0 d11=0.47 b0=0.23 b2=0.32 b13=1.56
t=64 field hdg=347.1 enc=10450;6400 xy=4412;2698 want=80 v-str=0.98 l=1.77 r=-0.37 tick=318804 goal=0 here=0 d11=0.47 b0=0.25 b2=0.31 b13=1.57
t=64 field hdg=350.3 enc=10451;6402 xy=4413;2697 want=82 v-str=1.16 l=1.80 r=-0.40 tick=318822 goal=0 here=0 d11=0.49 b0=0.22 b2=0.32 b13=1.57
t=64 field hdg=348.9 enc=10451;6402 xy=4413;2697 want=94 v-str=1.42 l=1.95 r=-0.55 tick=318839 goal=0 here=0 d11=0.46 b0=0.23 b2=0.31 b13=1.34
t=64 field hdg=342.2 enc=10451;6401 xy=4413;2697 want=94 v-str=1.51 l=1.96 r=-0.56 tick=318856 goal=0 here=0 d11=0.47 b0=0.24 b2=0.32 b13=1.32
t=64 field hdg=349.6 enc=10450;6402 xy=4413;2697 want=91 v-str=1.76 l=1.91 r=-0.51 tick=318874 goal=0 here=0 d11=0.49 b0=0.23 b2=0.32 b13=1.33
t=64 field hdg=344.9 enc=10449;6403 xy=4413;2697 want=91 v-str=1.82 l=1.91 r=-0.51 tick=318892 goal=0 here=0 d11=0.46 b0=0.23 b2=0.33 b13=1.32
t=65 field hdg=342.8 enc=10450;6406 xy=4415;2697 want=95 v-str=1.44 l=1.96 r=-0.56 tick=318909 goal=0 here=0 d11=0.48 b0=0.23 b2=0.32 b13=1.32
t=65 field hdg=346.9 enc=10451;6405 xy=4415;2697 want=97 v-str=1.52 l=1.99 r=-0.59 tick=318927 goal=0 here=0 d11=0.48 b0=0.24 b2=0.32 b13=1.30
t=65 field hdg=346.3 enc=10450;6408 xy=4416;2697 want=96 v-str=1.49 l=1.99 r=-0.59 tick=318944 goal=0 here=0 d11=0.47 b0=0.23 b2=0.32 b13=1.30
t=65 field hdg=349.2 enc=10451;6408 xy=4416;2696 want=102 v-str=1.35 l=2.06 r=-0.66 tick=318961 goal=0 here=0 d11=0.47 b0=0.22 b2=0.32 b13=1.30
t=65 field hdg=349.4 enc=10449;6410 xy=4416;2696 want=92 v-str=1.42 l=1.93 r=-0.53  d11=0.49 b0=0.24 b2=0.33 b13=1.28
t=66 field hdg=346.1 enc=10451;6409 xy=4417;2696 want=81 v-str=1.08 l=1.79 r=-0.39 tick=318999 goal=0 here=0 d11=0.48 b0=0.22 b2=0.34 b13=1.28
t=66 field hdg=347.2 enc=10449;6411 xy=4417;2696 want=82 v-str=1.01 l=1.79 r=-0.39 tick=319016 goal=0 here=0 d11=0.47 b0=0.23 b2=0.34 b13=1.28
t=66 field hdg=346.7 enc=10450;6412 xy=4418;2696 want=83 v-str=0.98 l=1.80 r=-0.40 tick=319033 goal=0 here=0 d11=0.47 b0=0.23 b2=0.33 b13=1.27
t=66 field hdg=349.2 enc=10449;6414 xy=4418;2696 want=90 v-str=0.67 l=1.91 r=-0.51 tick=319051 goal=0 here=0 d11=0.46 b0=0.23 b2=0.33 b13=1.28
t=66 field hdg=348.8 enc=10451;6414 xy=4419;2696 want=80 v-str=0.66 l=1.77 r=-0.37 tick=319069 goal=0 here=0 d11=0.47 b0=0.23 b2=0.34 b13=1.27
t=66 field hdg=351.4 enc=10449;6415 xy=4419;2696 want=89 v-str=0.56 l=1.89 r=-0.49 tick=319086 goal=0 here=0 d11=0.47 b0=0.23 b2=0.32 b13=1.27
t=67 field hdg=350.2 enc=10449;6415 xy=4419;2696 want=81 v-str=0.22 l=1.78 r=-0.38 tick=319104 goal=0 here=0 d11=0.47 b0=0.22 b2=0.33 b13=1.28
t=67 field hdg=347.0 enc=10449;6415 xy=4419;2696 want=75 v-str=0.20 l=1.70 r=-0.30 tick=319120 goal=0 here=0 d11=0.47 b0=0.22 b2=0.34 b13=1.27
t=67 field hdg=351.8 enc=10449;6416 xy=4419;2696 want=91 v-str=0.18 l=1.92 r=-0.52 tick=319138 goal=0 here=0 d11=0.47 b0=0.23 b2=0.34 b13=1.26
t=67 field hdg=348.3 enc=10450;6417 xy=4420;2696 want=80 v-str=0.19 l=1.76 r=-0.36 tick=319155 goal=0 here=0 d11=0.47 b0=0.23 b2=0.33 b13=1.20
t=67 field hdg=349.2 enc=10449;6419 xy=4421;2696 want=-129 v-str=0.40 l=-1.02 r=2.20 tick=319173 goal=0 here=0 d11=0.47 b0=0.23 b2=0.34 b13=1.15
t=67 STUCK mv=11 back+turn
t=70 field hdg=337.9 enc=10482;6381 xy=4418;2697 want=-63 v-str=0.50 l=-0.14 r=1.54 tick=319420 goal=0 here=0 d11=0.47 b0=0.26 b2=0.26 b13=1.58
t=70 field hdg=337.4 enc=10481;6381 xy=4418;2697 want=-76 v-str=0.50 l=-0.32 r=1.72 tick=319437 goal=0 here=0 d11=0.46 b0=0.26 b2=0.26 b13=1.60
t=70 field hdg=336.2 enc=10481;6382 xy=4418;2697 want=-81 v-str=0.56 l=-0.38 r=1.78 tick=319454 goal=0 here=0 d11=0.47 b0=0.26 b2=0.24 b13=1.58
t=70 field hdg=333.0 enc=10482;6381 xy=4418;2697 want=-80 v-str=0.50 l=-0.36 r=1.76 tick=319472 goal=0 here=0 d11=-1.00 b0=0.24 b2=0.26 b13=1.58
t=70 field hdg=339.8 enc=10485;6382 xy=4420;2696 want=-82 v-str=0.50 l=-0.40 r=1.80 tick=319489 goal=0 here=0 d11=0.47 b0=0.26 b2=0.25 b13=1.58
t=71 field hdg=335.1 enc=10484;6382 xy=4420;2696 want=-75 v-str=0.55 l=-0.31 r=1.71 tick=319506 goal=0 here=0 d11=0.48 b0=0.27 b2=0.26 b13=1.58
t=72 field hdg=336.4 enc=10490;6382 xy=4423;2695 want=-103 v-str=0.47 l=-0.67 r=2.07 tick=319600 goal=0 here=0 d11=0.47 b0=0.24 b2=0.25 b13=1.56
t=72 field hdg=335.0 enc=10492;6381 xy=4423;2695 want=-97 v-str=0.41 l=-0.59 r=1.99 tick=319618 goal=0 here=0 d11=0.47 b0=0.26 b2=0.25 b13=1.53
t=72 field hdg=335.0 enc=10494;6381 xy=4424;2694 want=-92 v-str=0.31 l=-0.53 r=1.93 tick=319635 goal=0 here=0 d11=0.46 b0=0.26 b2=0.24 b13=1.53
t=72 field hdg=337.5 enc=10493;6383 xy=4424;2694 want=-101 v-str=0.35 l=-0.65 r=2.05 tick=319652 goal=0 here=0 d11=0.47 b0=0.26 b2=0.23 b13=1.54
t=72 field hdg=334.4 enc=10496;6381 xy=4425;2694 want=-82 v-str=0.29 l=-0.39 r=1.79 tick=319669 goal=0 here=0 d11=0.48 b0=0.26 b2=0.23 b13=1.53
t=72 field hdg=333.4 enc=10497;6383 xy=4426;2693 want=-103 v-str=0.40 l=-0.67 r=2.07 tick=319687 goal=0 here=0 d11=0.48 b0=0.26 b2=0.23 b13=1.54
t=73 field hdg=335.0 enc=10498;6381 xy=4426;2693 want=-111 v-str=0.29 l=-0.78 r=2.18 tick=319705 goal=0 here=0 d11=0.47 b0=0.27 b2=0.24 b13=1.52
t=73 field hdg=334.8 enc=10499;6381 xy=4426;2693 want=-133 v-str=0.39 l=-1.08 r=2.20 tick=319722 goal=0 here=0 d11=0.46 b0=0.25 b2=0.24 b13=1.51
t=73 field hdg=331.5 enc=10503;6381 xy=4428;2692 want=-131 v-str=0.43 l=-1.04 r=2.20 tick=319739 goal=0 here=0 d11=0.46 b0=0.25 b2=0.22 b13=1.51
t=73 field hdg=331.9 enc=10504;6381 xy=4428;2692 want=-150 v-str=0.24 l=-1.30 r=2.20 tick=319756 goal=0 here=0 d11=0.48 b0=0.26 b2=0.24 b13=1.50
t=73 field hdg=334.7 enc=10506;6378 xy=4428;2692 want=-125 v-str=0.23 l=-0.97 r=2.20 tick=319773 goal=0 here=0 d11=0.48 b0=0.26 b2=0.23 b13=1.51
t=73 field hdg=330.9 enc=10507;6378 xy=4428;2692 want=-131 v-str=0.32 l=-1.04 r=2.20 tick=319790 goal=0 here=0 d11=0.47 b0=0.27 b2=0.22 b13=1.51
t=74 field hdg=334.3 enc=10508;6378 xy=4429;2692 want=-91 v-str=0.49 l=-0.51 r=1.91 tick=319808 goal=0 here=0 d11=0.49 b0=0.27 b2=0.22 b13=1.51
t=74 field hdg=332.9 enc=10509;6378 xy=4429;2692 want=-91 v-str=0.58 l=-0.52 r=1.92 tick=319825 goal=0 here=0 d11=0.48 b0=0.27 b2=0.23 b13=1.52
t=74 field hdg=331.1 enc=10509;6378 xy=4429;2692 want=-86 v-str=0.55 l=-0.44 r=1.84 tick=319843 goal=0 here=0 d11=0.46 b0=0.25 b2=0.22 b13=1.52
t=74 field hdg=332.9 enc=10511;6377 xy=4430;2691 want=-110 v-str=0.43 l=-0.76 r=2.16 tick=319860 goal=0 here=0 d11=0.47 b0=0.27 b2=0.22 b13=1.51
t=74 field hdg=326.0 enc=10514;6378 xy=4431;2690 want=-114 v-str=0.47 l=-0.82 r=2.20 tick=319878 goal=0 here=0 d11=0.48 b0=0.26 b2=0.21 b13=1.52
t=75 field hdg=329.4 enc=10515;6377 xy=4431;2690 want=-104 v-str=0.51 l=-0.69 r=2.09 tick=319896 goal=0 here=0 d11=0.48 b0=0.28 b2=0.21 b13=1.52
t=75 field hdg=329.1 enc=10517;6378 xy=4433;2689 want=-104 v-str=0.59 l=-0.69 r=2.09 tick=319914 goal=0 here=0 d11=0.47 b0=0.27 b2=0.23 b13=1.54
t=75 field hdg=331.8 enc=10518;6378 xy=4433;2689 want=-100 v-str=0.53 l=-0.64 r=2.04 tick=319931 goal=0 here=0 d11=0.47 b0=0.27 b2=0.22 b13=1.54
t=75 field hdg=329.9 enc=10522;6378 xy=4435;2688 want=-100 v-str=0.66 l=-0.63 r=2.03 tick=319948 goal=0 here=0 d11=0.47 b0=0.28 b2=0.22 b13=1.55
t=75 field hdg=328.1 enc=10522;6377 xy=4434;2689 want=-99 v-str=0.69 l=-0.62 r=2.02 tick=319966 goal=0 here=0 d11=0.47 b0=0.28 b2=0.22 b13=1.55
t=75 field hdg=327.3 enc=10526;6377 xy=4436;2687 want=-99 v-str=0.72 l=-0.63 r=2.03 tick=319983 goal=0 here=0 d11=0.48 b0=0.28 b2=0.21 b13=1.54
t=76 field hdg=328.3 enc=10526;6379 xy=4437;2687 want=-99 v-str=0.77 l=-0.62 r=2.02 tick=320000 goal=0 here=0 d11=0.48 b0=0.28 b2=0.22 b13=1.55
t=76 field hdg=328.8 enc=10529;6378 xy=4438;2686 want=-121 v-str=0.65 l=-0.91 r=2.20 tick=320017 goal=0 here=0 d11=0.47 b0=0.27 b2=0.21 b13=1.37
t=76 field hdg=327.1 enc=10529;6377 xy=4437;2687 want=-132 v-str=0.64 l=-1.06 r=2.20 tick=320035 goal=0 here=0 d11=0.47 b0=0.27 b2=0.22 b13=1.35
t=76 field hdg=324.2 enc=10531;6377 xy=4438;2686 want=-145 v-str=0.64 l=-1.24 r=2.20 tick=320052 goal=0 here=0 d11=0.49 b0=0.28 b2=0.21 b13=1.34
t=76 field hdg=326.3 enc=10534;6376 xy=4439;2686 want=-150 v-str=0.66 l=-1.30 r=2.20 tick=320069 goal=0 here=0 d11=0.48 b0=0.28 b2=0.20 b13=1.32
t=76 field hdg=326.5 enc=10537;6376 xy=4440;2685 want=-129 v-str=0.61 l=-1.02 r=2.20 tick=320087 goal=0 here=0 d11=0.47 b0=0.27 b2=0.21 b13=1.31
t=77 field hdg=326.0 enc=10538;6376 xy=4441;2684 want=-122 v-str=0.61 l=-0.93 r=2.20 tick=320104 goal=0 here=0 d11=0.46 b0=0.28 b2=0.21 b13=1.30
t=77 field hdg=326.9 enc=10539;6374 xy=4440;2685 want=-173 v-str=0.61 l=-1.60 r=2.20 tick=320120 goal=0 here=0 d11=0.46 b0=0.29 b2=0.22 b13=1.22
t=77 field hdg=328.6 enc=10541;6373 xy=4441;2684 want=149 v-str=1.22 l=2.20 r=-1.29 tick=320138 goal=0 here=0 d11=0.48 b0=0.30 b2=0.21 b13=0.99
t=77 field hdg=329.5 enc=10541;6373 xy=4441;2684 want=148 v-str=1.28 l=2.20 r=-1.27 tick=320155 goal=0 here=0 d11=0.48 b0=0.30 b2=0.21 b13=0.99
t=77 field hdg=326.0 enc=10540;6376 xy=4442;2684 want=170 v-str=0.95 l=2.20 r=-1.57 tick=320172 goal=0 here=0 d11=0.46 b0=0.29 b2=0.21 b13=1.22
t=77 field hdg=325.8 enc=10538;6380 xy=4442;2683 want=-125 v-str=0.60 l=-0.96 r=2.20 tick=320190 goal=0 here=0 d11=0.47 b0=0.29 b2=0.21 b13=1.31
t=78 field hdg=328.6 enc=10539;6378 xy=4442;2684 want=-133 v-str=0.52 l=-1.07 r=2.20 tick=320207 goal=0 here=0 d11=0.47 b0=0.28 b2=0.21 b13=1.32
t=78 field hdg=326.6 enc=10541;6378 xy=4443;2683 want=-178 v-str=0.79 l=-1.67 r=2.20 tick=320224 goal=0 here=0 d11=0.46 b0=0.28 b2=0.22 b13=1.29
t=78 field hdg=327.9 enc=10545;6378 xy=4445;2682 want=160 v-str=1.11 l=2.20 r=-1.43 tick=320241 goal=0 here=0 d11=0.48 b0=0.29 b2=0.22 b13=1.07
t=78 field hdg=326.9 enc=10543;6380 xy=4445;2682 want=159 v-str=1.08 l=2.20 r=-1.42 tick=320259 goal=0 here=0 d11=0.47 b0=0.30 b2=0.20 b13=1.07
t=78 field hdg=327.1 enc=10542;6380 xy=4444;2682 want=176 v-str=0.93 l=2.20 r=-1.65 tick=320275 goal=0 here=0 d11=0.47 b0=0.29 b2=0.20 b13=1.21
t=78 field hdg=329.8 enc=10541;6382 xy=4445;2682 want=-125 v-str=0.67 l=-0.97 r=2.20 tick=320293 goal=0 here=0 d11=0.47 b0=0.29 b2=0.20 b13=1.31
t=79 field hdg=327.5 enc=10542;6382 xy=4445;2682 want=-142 v-str=0.66 l=-1.19 r=2.20 tick=320310 goal=0 here=0 d11=0.48 b0=0.29 b2=0.21 b13=1.32
t=79 field hdg=324.5 enc=10544;6381 xy=4445;2681 want=-154 v-str=0.68 l=-1.36 r=2.20 tick=320327 goal=0 here=0 d11=0.47 b0=0.30 b2=0.21 b13=1.32
t=79 field hdg=324.7 enc=10547;6382 xy=4447;2680 want=164 v-str=1.10 l=2.20 r=-1.48 tick=320345 goal=0 here=0 d11=0.48 b0=0.29 b2=0.20 b13=1.12
t=79 field hdg=326.6 enc=10546;6381 xy=4446;2681 want=162 v-str=1.05 l=2.20 r=-1.47 tick=320362 goal=0 here=0 d11=0.48 b0=0.30 b2=0.21 b13=1.12
t=79 field hdg=330.4 enc=10546;6385 xy=4448;2680 want=175 v-str=1.04 l=2.20 r=-1.63 tick=320379 goal=0 here=0 d11=0.47 b0=0.29 b2=0.20 b13=1.21
t=80 field hdg=327.7 enc=10545;6386 xy=4448;2680 want=-165 v-str=0.64 l=-1.49 r=2.20 tick=320397 goal=0 here=0 d11=0.47 b0=0.29 b2=0.20 b13=1.32
t=80 field hdg=328.0 enc=10547;6386 xy=4449;2679 want=-148 v-str=0.80 l=-1.27 r=2.20 tick=320416 goal=0 here=0 d11=0.48 b0=0.28 b2=0.21 b13=1.31
t=80 field hdg=322.0 enc=10547;6383 xy=4448;2680 want=-172 v-str=0.95 l=-1.59 r=2.20 tick=320433 goal=0 here=0 d11=0.47 b0=0.28 b2=0.20 b13=1.31
t=80 STUCK mv=9 back+turn
t=82 field hdg=337.1 enc=10511;6413 xy=4445;2681 want=-125 v-str=0.83 l=-0.97 r=2.20 tick=320686 goal=0 here=0 d11=-1.00 b0=0.23 b2=0.23 b13=1.58
t=83 field hdg=335.9 enc=10512;6411 xy=4444;2681 want=-119 v-str=0.76 l=-0.89 r=2.20 tick=320704 goal=0 here=0 d11=0.46 b0=0.23 b2=0.23 b13=1.58
t=83 field hdg=335.0 enc=10512;6413 xy=4445;2681 want=-120 v-str=0.71 l=-0.90 r=2.20 tick=320722 goal=0 here=0 d11=0.47 b0=0.24 b2=0.24 b13=1.57
t=83 field hdg=337.3 enc=10516;6411 xy=4446;2681 want=-114 v-str=0.59 l=-0.81 r=2.20 tick=320740 goal=0 here=0 d11=0.48 b0=0.24 b2=0.24 b13=1.58
t=83 field hdg=337.6 enc=10516;6411 xy=4446;2681 want=-123 v-str=0.61 l=-0.93 r=2.20 tick=320757 goal=0 here=0 d11=0.46 b0=0.25 b2=0.23 b13=1.57
t=83 field hdg=333.6 enc=10518;6412 xy=4447;2680 want=-135 v-str=0.64 l=-1.10 r=2.20 tick=320775 goal=0 here=0 d11=0.47 b0=0.25 b2=0.23 b13=1.55
t=83 field hdg=338.7 enc=10521;6412 xy=4449;2679 want=-135 v-str=0.63 l=-1.10 r=2.20 tick=320792 goal=0 here=0 d11=0.48 b0=0.24 b2=0.23 b13=1.55
t=84 field hdg=333.5 enc=10522;6410 xy=4448;2680 want=-134 v-str=0.60 l=-1.09 r=2.20 tick=320810 goal=0 here=0 d11=0.47 b0=0.25 b2=0.23 b13=1.55
t=84 field hdg=331.6 enc=10525;6409 xy=4449;2679 want=-143 v-str=0.61 l=-1.21 r=2.20  d11=0.47 b0=0.25 b2=0.21 b13=1.53
t=84 field hdg=338.5 enc=10526;6409 xy=4450;2679 want=-132 v-str=0.52 l=-1.06 r=2.20 tick=320845 goal=0 here=0 d11=0.47 b0=0.24 b2=0.22 b13=1.54
t=84 field hdg=334.0 enc=10529;6407 xy=4450;2679 want=-140 v-str=0.73 l=-1.17 r=2.20 tick=320863 goal=0 here=0 d11=0.48 b0=0.24 b2=0.21 b13=1.52
t=84 field hdg=334.0 enc=10529;6407 xy=4450;2679 want=-155 v-str=0.64 l=-1.36 r=2.20 tick=320880 goal=0 here=0 d11=0.48 b0=0.25 b2=0.21 b13=1.50
t=85 field hdg=329.4 enc=10531;6405 xy=4450;2679 want=-154 v-str=0.60 l=-1.35 r=2.20 tick=320898 goal=0 here=0 d11=0.46 b0=0.25 b2=0.22 b13=1.50
t=85 field hdg=329.5 enc=10532;6406 xy=4451;2678 want=-148 v-str=0.65 l=-1.27 r=2.20 tick=320915 goal=0 here=0 d11=0.49 b0=0.26 b2=0.20 b13=1.51
t=85 field hdg=335.8 enc=10534;6404 xy=4451;2678 want=-159 v-str=0.90 l=-1.41 r=2.20 tick=320932 goal=0 here=0 d11=0.49 b0=0.26 b2=0.19 b13=1.49
t=85 field hdg=328.6 enc=10538;6403 xy=4452;2677 want=-140 v-str=0.70 l=-1.16 r=2.20 tick=320950 goal=0 here=0 d11=0.48 b0=0.26 b2=0.21 b13=1.52
t=85 field hdg=332.6 enc=10540;6402 xy=4453;2677 want=-123 v-str=0.76 l=-0.94 r=2.20 tick=320968 goal=0 here=0 d11=0.47 b0=0.27 b2=0.20 b13=1.51
t=85 field hdg=329.4 enc=10542;6403 xy=4454;2676 want=-128 v-str=0.81 l=-1.01 r=2.20 tick=320986 goal=0 here=0 d11=0.48 b0=0.26 b2=0.20 b13=1.51
t=86 field hdg=327.0 enc=10542;6402 xy=4454;2677 want=-123 v-str=0.66 l=-0.94 r=2.20 tick=321004 goal=0 here=0 d11=0.47 b0=0.27 b2=0.22 b13=1.52
t=86 field hdg=327.3 enc=10545;6401 xy=4455;2676 want=-124 v-str=0.96 l=-0.96 r=2.20 tick=321021 goal=0 here=0 d11=0.47 b0=0.25 b2=0.22 b13=1.54
t=86 field hdg=329.9 enc=10546;6402 xy=4455;2676 want=-128 v-str=0.98 l=-1.00 r=2.20 tick=321039 goal=0 here=0 d11=0.47 b0=0.26 b2=0.20 b13=1.54
t=86 field hdg=325.1 enc=10547;6401 xy=4455;2676 want=-116 v-str=1.10 l=-0.85 r=2.20 tick=321056 goal=0 here=0 d11=0.47 b0=0.27 b2=0.21 b13=1.54
t=86 field hdg=332.3 enc=10551;6401 xy=4457;2675 want=-124 v-str=0.89 l=-0.95 r=2.20 tick=321074 goal=0 here=0 d11=0.47 b0=0.25 b2=0.21 b13=1.56
t=86 field hdg=326.7 enc=10553;6402 xy=4458;2674 want=-123 v-str=1.05 l=-0.94 r=2.20 tick=321091 goal=0 here=0 d11=0.48 b0=0.27 b2=0.21 b13=1.55
t=87 field hdg=327.4 enc=10554;6402 xy=4459;2674 want=-155 v-str=0.96 l=-1.36 r=2.20 tick=321110 goal=0 here=0 d11=0.48 b0=0.27 b2=0.20 b13=1.36
t=87 field hdg=327.6 enc=10556;6400 xy=4459;2674 want=-157 v-str=1.04 l=-1.39 r=2.20 tick=321128 goal=0 here=0 d11=0.48 b0=0.26 b2=0.20 b13=1.36
t=87 field hdg=325.7 enc=10559;6398 xy=4459;2673 want=-154 v-str=1.02 l=-1.35 r=2.20 tick=321145 goal=0 here=0 d11=0.49 b0=0.28 b2=0.19 b13=1.32
t=87 field hdg=326.9 enc=10560;6399 xy=4460;2673 want=-164 v-str=1.16 l=-1.49 r=2.20 tick=321162 goal=0 here=0 d11=0.47 b0=0.28 b2=0.19 b13=1.33
t=87 field hdg=324.1 enc=10560;6399 xy=4460;2673 want=-174 v-str=1.13 l=-1.62 r=2.20 tick=321180 goal=0 here=0 d11=0.48 b0=0.27 b2=0.20 b13=1.29
t=88 field hdg=325.9 enc=10564;6395 xy=4460;2673 want=-176 v-str=1.16 l=-1.65 r=2.20 tick=321197 goal=0 here=0 d11=0.48 b0=0.29 b2=0.21 b13=1.30
t=88 field hdg=323.9 enc=10565;6394 xy=4460;2673 want=168 v-str=1.53 l=2.20 r=-1.54 tick=321214 goal=0 here=0 d11=0.48 b0=0.29 b2=0.19 b13=1.06
t=88 field hdg=323.9 enc=10565;6397 xy=4461;2672 want=162 v-str=1.51 l=2.20 r=-1.46 tick=321231 goal=0 here=0 d11=0.47 b0=0.28 b2=0.20 b13=1.05
t=88 field hdg=322.1 enc=10564;6398 xy=4461;2672 want=-174 v-str=1.23 l=-1.62 r=2.20 tick=321248 goal=0 here=0 d11=0.47 b0=0.29 b2=0.19 b13=1.29
t=88 field hdg=328.8 enc=10564;6398 xy=4461;2672 want=-173 v-str=1.29 l=-1.61 r=2.20 tick=321266 goal=0 here=0 d11=0.48 b0=0.28 b2=0.19 b13=1.28
t=88 field hdg=323.9 enc=10566;6397 xy=4462;2672 want=166 v-str=1.53 l=2.20 r=-1.51 tick=321283 goal=0 here=0 d11=0.48 b0=0.29 b2=0.21 b13=1.08
t=89 field hdg=324.1 enc=10565;6398 xy=4462;2672 want=164 v-str=1.61 l=2.20 r=-1.49 tick=321300 goal=0 here=0 d11=0.48 b0=0.29 b2=0.20 b13=1.06
t=89 field hdg=325.0 enc=10564;6399 xy=4462;2672 want=-172 v-str=1.22 l=-1.60 r=2.20 tick=321317 goal=0 here=0 d11=0.46 b0=0.28 b2=0.19 b13=1.29
t=89 field hdg=325.4 enc=10566;6401 xy=4463;2671 want=-174 v-str=1.29 l=-1.62 r=2.20 tick=321335 goal=0 here=0 d11=0.50 b0=0.27 b2=0.20 b13=1.29
t=89 field hdg=322.3 enc=10567;6400 xy=4463;2671 want=173 v-str=1.53 l=2.20 r=-1.61 tick=321352 goal=0 here=0 d11=0.48 b0=0.28 b2=0.18 b13=1.12
t=89 field hdg=323.4 enc=10568;6399 xy=4463;2671 want=171 v-str=1.46 l=2.20 r=-1.58 tick=321369 goal=0 here=0 d11=0.47 b0=0.29 b2=0.20 b13=1.08
t=89 field hdg=324.2 enc=10567;6401 xy=4464;2670 want=-176 v-str=1.25 l=-1.64 r=2.20 tick=321387 goal=0 here=0 d11=0.47 b0=0.29 b2=0.20 b13=1.29
t=90 field hdg=326.4 enc=10567;6403 xy=4465;2670 want=-170 v-str=1.22 l=-1.56 r=2.20 tick=321404 goal=0 here=0 d11=0.49 b0=0.26 b2=0.20 b13=1.31
t=90 field hdg=323.4 enc=10571;6401 xy=4465;2669 want=169 v-str=1.57 l=2.20 r=-1.56 tick=321421 goal=0 here=0 d11=0.48 b0=0.30 b2=0.19 b13=1.11
t=90 field hdg=324.7 enc=10570;6402 xy=4465;2669 want=172 v-str=1.54 l=2.20 r=-1.59 tick=321438 goal=0 here=0 d11=0.48 b0=0.28 b2=0.19 b13=1.12
t=90 field hdg=325.1 enc=10569;6404 xy=4466;2669 want=-175 v-str=1.32 l=-1.63 r=2.20 tick=321456 goal=0 here=0 d11=0.48 b0=0.26 b2=0.19 b13=1.30
t=90 field hdg=325.4 enc=10569;6404 xy=4466;2669 want=-174 v-str=1.29 l=-1.62 r=2.20 tick=321473 goal=0 here=0 d11=0.48 b0=0.29 b2=0.20 b13=1.29
t=90 field hdg=324.4 enc=10572;6402 xy=4466;2669 want=175 v-str=1.55 l=2.20 r=-1.63 tick=321490 goal=0 here=0 d11=0.48 b0=0.27 b2=0.19 b13=1.12
t=91 field hdg=326.2 enc=10572;6404 xy=4467;2668 want=166 v-str=1.54 l=2.20 r=-1.51 tick=321507 goal=0 here=0 d11=0.48 b0=0.29 b2=0.20 b13=1.12
t=91 field hdg=327.7 enc=10569;6406 xy=4467;2668 want=-173 v-str=1.39 l=-1.61 r=2.20 tick=321525 goal=0 here=0 d11=0.48 b0=0.27 b2=0.19 b13=1.29
t=91 field hdg=321.7 enc=10569;6406 xy=4467;2668 want=-174 v-str=1.20 l=-1.63 r=2.20 tick=321542 goal=0 here=0 d11=0.47 b0=0.28 b2=0.20 b13=1.29
t=91 field hdg=321.5 enc=10573;6405 xy=4468;2667 want=172 v-str=1.52 l=2.20 r=-1.60 tick=321559 goal=0 here=0 d11=0.49 b0=0.28 b2=0.19 b13=1.13
t=91 field hdg=321.9 enc=10574;6405 xy=4468;2667 want=171 v-str=1.59 l=2.20 r=-1.58 tick=321576 goal=0 here=0 d11=0.47 b0=0.27 b2=0.19 b13=1.12
t=92 field hdg=323.2 enc=10571;6408 xy=4468;2667 want=-172 v-str=1.33 l=-1.59 r=2.20 tick=321594 goal=0 here=0 d11=-1.00 b0=0.28 b2=0.20 b13=1.30
t=92 field hdg=325.4 enc=10575;6406 xy=4469;2666 want=-169 v-str=1.45 l=-1.56 r=2.20 tick=321611 goal=0 here=0 d11=0.46 b0=0.28 b2=0.19 b13=1.30
t=92 field hdg=321.7 enc=10577;6406 xy=4470;2666 want=178 v-str=1.50 l=2.20 r=-1.68 tick=321632 goal=0 here=0 d11=0.50 b0=0.27 b2=0.20 b13=1.21
t=92 field hdg=325.4 enc=10576;6408 xy=4470;2666 want=166 v-str=1.56 l=2.20 r=-1.52 tick=321649 goal=0 here=0 d11=0.47 b0=0.28 b2=0.20 b13=1.11
t=92 field hdg=323.0 enc=10573;6409 xy=4469;2666 want=-171 v-str=1.43 l=-1.57 r=2.20 tick=321667 goal=0 here=0 d11=0.49 b0=0.27 b2=0.19 b13=1.30
t=92 field hdg=322.9 enc=10576;6408 xy=4470;2666 want=-173 v-str=1.40 l=-1.60 r=2.20 tick=321685 goal=0 here=0 d11=0.48 b0=0.28 b2=0.19 b13=1.30
t=93 field hdg=326.1 enc=10578;6407 xy=4471;2665 want=169 v-str=1.58 l=2.20 r=-1.55 tick=321702 goal=0 here=0 d11=0.48 b0=0.29 b2=0.20 b13=1.12
t=93 field hdg=326.5 enc=10578;6410 xy=4472;2664 want=171 v-str=1.66 l=2.20 r=-1.57 tick=321720 goal=0 here=0 d11=0.48 b0=0.28 b2=0.19 b13=1.12
t=93 field hdg=324.6 enc=10575;6412 xy=4471;2665 want=-175 v-str=1.35 l=-1.64 r=2.20 tick=321737 goal=0 here=0 d11=0.48 b0=0.29 b2=0.20 b13=1.30
t=93 field hdg=326.0 enc=10579;6409 xy=4472;2664 want=-174 v-str=1.36 l=-1.61 r=2.20 tick=321754 goal=0 here=0 d11=0.48 b0=0.28 b2=0.19 b13=1.30
t=93 field hdg=324.2 enc=10579;6408 xy=4471;2665 want=171 v-str=1.63 l=2.20 r=-1.58 tick=321771 goal=0 here=0 d11=0.48 b0=0.28 b2=0.19 b13=1.14
t=93 field hdg=320.6 enc=10580;6410 xy=4473;2664 want=173 v-str=1.63 l=2.20 r=-1.61 tick=321789 goal=0 here=0 d11=0.47 b0=0.29 b2=0.19 b13=1.13
t=94 field hdg=323.2 enc=10579;6413 xy=4473;2663 want=-173 v-str=1.41 l=-1.60 r=2.20 tick=321806 goal=0 here=0 d11=0.48 b0=0.27 b2=0.19 b13=1.30
t=94 field hdg=327.7 enc=10580;6412 xy=4473;2663 want=-173 v-str=1.42 l=-1.61 r=2.20 tick=321823 goal=0 here=0 d11=0.48 b0=0.28 b2=0.19 b13=1.29
t=94 field hdg=328.1 enc=10580;6410 xy=4473;2664 want=175 v-str=1.71 l=2.20 r=-1.63 tick=321841 goal=0 here=0 d11=0.49 b0=0.27 b2=0.18 b13=1.15
t=94 field hdg=327.3 enc=10582;6413 xy=4475;2662 want=173 v-str=1.57 l=2.20 r=-1.61 tick=321858 goal=0 here=0 d11=0.48 b0=0.29 b2=0.18 b13=1.12
t=94 field hdg=327.2 enc=10581;6413 xy=4474;2663 want=-174 v-str=1.34 l=-1.62 r=2.20 tick=321875 goal=0 here=0 d11=0.48 b0=0.29 b2=0.20 b13=1.28
t=94 field hdg=328.2 enc=10581;6413 xy=4474;2663 want=-172 v-str=1.41 l=-1.59 r=2.20 tick=321893 goal=0 here=0 d11=0.48 b0=0.29 b2=0.19 b13=1.29
t=95 field hdg=323.3 enc=10583;6412 xy=4475;2662 want=171 v-str=1.69 l=2.20 r=-1.58  d11=0.48 b0=0.27 b2=0.20 b13=1.12
t=95 STUCK mv=9 back+turn
t=97 field hdg=336.4 enc=10543;6441 xy=4469;2664 want=-136 v-str=1.16 l=-1.11 r=2.20 tick=322158 goal=0 here=0 d11=0.48 b0=0.23 b2=0.21 b13=1.58
t=97 field hdg=336.1 enc=10544;6440 xy=4469;2664 want=-136 v-str=1.13 l=-1.11 r=2.20 tick=322176 goal=0 here=0 d11=0.47 b0=0.22 b2=0.21 b13=1.59
t=98 field hdg=335.6 enc=10546;6440 xy=4470;2664 want=-137 v-str=1.06 l=-1.13 r=2.20 tick=322194 goal=0 here=0 d11=0.47 b0=0.22 b2=0.22 b13=1.57
t=98 field hdg=336.2 enc=10549;6441 xy=4472;2663 want=-146 v-str=1.05 l=-1.24 r=2.20 tick=322212 goal=0 here=0 d11=0.47 b0=0.24 b2=0.20 b13=1.56
t=98 field hdg=331.8 enc=10549;6440 xy=4472;2663 want=-155 v-str=1.02 l=-1.37 r=2.20 tick=322229 goal=0 here=0 d11=0.46 b0=0.23 b2=0.21 b13=1.54
t=98 field hdg=333.4 enc=10552;6439 xy=4473;2663 want=-154 v-str=1.05 l=-1.35 r=2.20 tick=322247 goal=0 here=0 d11=0.48 b0=0.23 b2=0.20 b13=1.53
t=98 field hdg=331.0 enc=10554;6436 xy=4472;2663 want=-149 v-str=1.04 l=-1.29 r=2.20 tick=322264 goal=0 here=0 d11=0.47 b0=0.24 b2=0.20 b13=1.53
t=98 field hdg=331.7 enc=10557;6435 xy=4473;2663 want=-155 v-str=1.06 l=-1.36 r=2.20 tick=322282 goal=0 here=0 d11=0.47 b0=0.25 b2=0.20 b13=1.50
t=99 field hdg=329.3 enc=10558;6435 xy=4474;2662 want=-157 v-str=1.14 l=-1.40 r=2.20 tick=322300 goal=0 here=0 d11=0.47 b0=0.23 b2=0.19 b13=1.49
t=99 field hdg=334.6 enc=10560;6434 xy=4474;2662 want=-169 v-str=1.10 l=-1.55 r=2.20 tick=322318 goal=0 here=0 d11=0.49 b0=0.24 b2=0.21 b13=1.51
t=99 field hdg=337.3 enc=10563;6434 xy=4475;2662 want=-164 v-str=1.27 l=-1.49 r=2.20 tick=322335 goal=0 here=0 d11=0.47 b0=0.24 b2=0.20 b13=1.50
t=99 field hdg=335.2 enc=10562;6432 xy=4474;2662 want=-163 v-str=1.23 l=-1.48 r=2.20 tick=322353 goal=0 here=0 d11=0.47 b0=0.25 b2=0.21 b13=1.50
t=99 field hdg=330.8 enc=10564;6433 xy=4475;2662 want=-157 v-str=1.36 l=-1.39 r=2.20 tick=322371 goal=0 here=0 d11=0.48 b0=0.24 b2=0.19 b13=1.51
t=99 field hdg=-1.0 enc=10566;6431 xy=4475;2662 want=-156 v-str=1.38 l=-1.39 r=2.20 tick=322389 goal=0 here=0 d11=0.48 b0=0.23 b2=0.18 b13=1.50
t=100 field hdg=330.0 enc=10568;6430 xy=4476;2661 want=-134 v-str=1.38 l=-1.09 r=2.20 tick=322406 goal=0 here=0 d11=0.47 b0=0.24 b2=0.20 b13=1.51
t=100 field hdg=327.6 enc=10571;6429 xy=4477;2661 want=-134 v-str=1.41 l=-1.09 r=2.20 tick=322424 goal=0 here=0 d11=0.47 b0=0.24 b2=0.18 b13=1.52
t=100 field hdg=331.7 enc=10573;6428 xy=4477;2660 want=-131 v-str=1.43 l=-1.05 r=2.20 tick=322441 goal=0 here=0 d11=0.46 b0=0.26 b2=0.19 b13=1.53
t=100 field hdg=328.2 enc=10573;6428 xy=4477;2660 want=-134 v-str=1.46 l=-1.09 r=2.20 tick=322458 goal=0 here=0 d11=0.47 b0=0.25 b2=0.20 b13=1.53
t=100 field hdg=326.5 enc=10575;6427 xy=4477;2660 want=-138 v-str=1.39 l=-1.14 r=2.20 tick=322476 goal=0 here=0 d11=0.47 b0=0.25 b2=0.20 b13=1.55
t=100 field hdg=330.7 enc=10578;6426 xy=4478;2660 want=-136 v-str=1.54 l=-1.11 r=2.20 tick=322493 goal=0 here=0 d11=0.48 b0=0.24 b2=0.19 b13=1.54
t=101 field hdg=326.8 enc=10581;6424 xy=4479;2659 want=-147 v-str=1.45 l=-1.25 r=2.20 tick=322510 goal=0 here=0 d11=0.48 b0=0.25 b2=0.18 b13=1.45
t=101 field hdg=325.5 enc=10581;6424 xy=4479;2659 want=-161 v-str=1.42 l=-1.45 r=2.20 tick=322528 goal=0 here=0 d11=0.48 b0=0.25 b2=0.19 b13=1.35
t=101 field hdg=323.5 enc=10584;6422 xy=4479;2659 want=-180 v-str=1.71 l=-1.70 r=2.20 tick=322545 goal=0 here=0 d11=0.48 b0=0.27 b2=0.19 b13=1.33
t=101 field hdg=326.2 enc=10584;6422 xy=4479;2659 want=-180 v-str=1.64 l=-1.69 r=2.20 tick=322562 goal=0 here=0 d11=0.49 b0=0.27 b2=0.20 b13=1.31
t=101 field hdg=322.8 enc=10588;6421 xy=4480;2658 want=-172 v-str=1.53 l=-1.59 r=2.20 tick=322580 goal=0 here=0 d11=0.49 b0=0.26 b2=0.19 b13=1.30
t=102 field hdg=325.1 enc=10590;6421 xy=4481;2658 want=-169 v-str=1.71 l=-1.56 r=2.20 tick=322597 goal=0 here=0 d11=0.47 b0=0.28 b2=0.18 b13=1.29
t=102 field hdg=323.5 enc=10592;6419 xy=4481;2658 want=172 v-str=1.80 l=2.20 r=-1.59 tick=322615 goal=0 here=0 d11=0.47 b0=0.27 b2=0.19 b13=1.12
t=102 field hdg=329.3 enc=10589;6421 xy=4481;2658 want=174 v-str=1.90 l=2.20 r=-1.62 tick=322632 goal=0 here=0 d11=0.47 b0=0.28 b2=0.19 b13=1.12
t=102 field hdg=323.5 enc=10590;6423 xy=4482;2657 want=-171 v-str=1.64 l=-1.58 r=2.20 tick=322650 goal=0 here=0 d11=0.49 b0=0.28 b2=0.19 b13=1.30
t=102 field hdg=325.4 enc=10590;6423 xy=4482;2657 want=-171 v-str=1.68 l=-1.59 r=2.20 tick=322667 goal=0 here=0 d11=0.48 b0=0.28 b2=0.17 b13=1.30
t=102 field hdg=323.9 enc=10594;6422 xy=4483;2656 want=171 v-str=1.92 l=2.20 r=-1.58 tick=322685 goal=0 here=0 d11=0.49 b0=0.28 b2=0.19 b13=1.12
t=103 field hdg=323.3 enc=10591;6422 xy=4482;2657 want=172 v-str=1.83 l=2.20 r=-1.60 tick=322703 goal=0 here=0 d11=0.47 b0=0.27 b2=0.18 b13=1.12
t=103 field hdg=325.3 enc=10592;6426 xy=4484;2656 want=-169 v-str=1.75 l=-1.56 r=2.20 tick=322720 goal=0 here=0 d11=0.47 b0=0.27 b2=0.18 b13=1.29
t=103 field hdg=326.6 enc=10592;6425 xy=4484;2656 want=-169 v-str=1.74 l=-1.56 r=2.20 tick=322737 goal=0 here=0 d11=0.48 b0=0.27 b2=0.18 b13=1.30
t=103 field hdg=323.6 enc=10592;6423 xy=4483;2656 want=177 v-str=1.76 l=2.20 r=-1.66 tick=322754 goal=0 here=0 d11=0.47 b0=0.28 b2=0.19 b13=1.21
t=103 field hdg=325.2 enc=10594;6426 xy=4485;2655 want=172 v-str=1.95 l=2.20 r=-1.59 tick=322772 goal=0 here=0 d11=0.48 b0=0.27 b2=0.19 b13=1.11
t=103 field hdg=326.8 enc=10593;6425 xy=4484;2656 want=-174 v-str=1.76 l=-1.62 r=2.20 tick=322789 goal=0 here=0 d11=0.48 b0=0.28 b2=0.18 b13=1.28
t=104 field hdg=327.0 enc=10596;6426 xy=4486;2655 want=-171 v-str=1.79 l=-1.59 r=2.20 tick=322806 goal=0 here=0 d11=0.47 b0=0.26 b2=0.18 b13=1.29
t=104 field hdg=325.3 enc=10596;6426 xy=4486;2655 want=173 v-str=1.92 l=2.20 r=-1.61 tick=322824 goal=0 here=0 d11=0.48 b0=0.28 b2=0.18 b13=1.13
t=104 field hdg=322.2 enc=10595;6426 xy=4485;2655 want=173 v-str=2.01 l=2.20 r=-1.61 tick=322842 goal=0 here=0 d11=0.48 b0=0.29 b2=0.18 b13=1.13
t=104 field hdg=326.2 enc=10596;6428 xy=4487;2654 want=174 v-str=1.94 l=2.20 r=-1.61 tick=322859 goal=0 here=0 d11=0.49 b0=0.26 b2=0.17 b13=1.15
t=104 field hdg=325.8 enc=10595;6431 xy=4487;2653 want=-168 v-str=1.76 l=-1.53 r=2.20 tick=322876 goal=0 here=0 d11=0.47 b0=0.26 b2=0.17 b13=1.31
t=105 field hdg=324.8 enc=10597;6430 xy=4488;2653 want=-168 v-str=1.73 l=-1.54 r=2.20 tick=322894 goal=0 here=0 d11=0.48 b0=0.26 b2=0.17 b13=1.31
t=105 field hdg=323.9 enc=10599;6429 xy=4488;2653 want=-173 v-str=1.81 l=-1.60 r=2.20 tick=322912 goal=0 here=0 d11=0.49 b0=0.27 b2=0.18 b13=1.30
t=105 field hdg=323.8 enc=10600;6426 xy=4487;2653 want=175 v-str=2.00 l=2.20 r=-1.63 tick=322930 goal=0 here=0 d11=0.47 b0=0.27 b2=0.20 b13=1.13
t=105 field hdg=324.5 enc=10599;6428 xy=4488;2653 want=173 v-str=1.95 l=2.20 r=-1.60 tick=322947 goal=0 here=0 d11=0.49 b0=0.26 b2=0.18 b13=1.13
t=105 field hdg=327.0 enc=10599;6429 xy=4488;2653 want=-174 v-str=1.75 l=-1.62 r=2.20 tick=322964 goal=0 here=0 d11=0.47 b0=0.26 b2=0.18 b13=1.30
t=105 STUCK mv=9 back+turn
t=108 field hdg=309.9 enc=10630;6394 xy=4487;2654 want=-127 v-str=1.30 l=-0.99 r=2.20 tick=323212 goal=0 here=0 d11=0.47 b0=0.29 b2=0.19 b13=0.62
t=108 field hdg=313.6 enc=10631;6392 xy=4487;2655 want=-129 v-str=1.33 l=-1.02 r=2.20 tick=323229 goal=0 here=0 d11=0.48 b0=0.29 b2=0.18 b13=0.63
t=108 field hdg=315.9 enc=10632;6391 xy=4487;2655 want=-138 v-str=1.35 l=-1.14 r=2.20 tick=323246 goal=0 here=0 d11=0.49 b0=0.30 b2=0.18 b13=0.59
t=108 field hdg=309.6 enc=10634;6393 xy=4488;2653 want=-132 v-str=1.35 l=-1.06 r=2.20 tick=323263 goal=0 here=0 d11=0.48 b0=0.31 b2=0.18 b13=0.57
t=108 field hdg=309.3 enc=10635;6390 xy=4487;2654 want=-133 v-str=1.32 l=-1.07 r=2.20 tick=323281 goal=0 here=0 d11=0.49 b0=0.31 b2=0.18 b13=0.58
t=109 field hdg=309.6 enc=10638;6389 xy=4488;2653 want=-141 v-str=1.32 l=-1.18 r=2.20 tick=323299 goal=0 here=0 d11=0.46 b0=0.31 b2=0.19 b13=0.56
t=109 field hdg=312.3 enc=10639;6389 xy=4488;2653 want=-139 v-str=1.41 l=-1.15 r=2.20 tick=323316 goal=0 here=0 d11=0.48 b0=0.31 b2=0.19 b13=0.57
t=109 field hdg=310.7 enc=10643;6389 xy=4490;2651 want=-142 v-str=1.36 l=-1.20 r=2.20 tick=323334 goal=0 here=0 d11=0.47 b0=0.30 b2=0.20 b13=0.56
t=109 field hdg=309.6 enc=10643;6386 xy=4489;2653 want=-143 v-str=1.46 l=-1.21 r=2.20 tick=323351 goal=0 here=0 d11=0.48 b0=0.30 b2=0.18 b13=0.56
t=109 field hdg=309.4 enc=10645;6387 xy=4490;2651 want=-130 v-str=1.45 l=-1.04 r=2.20 tick=323369 goal=0 here=0 d11=0.48 b0=0.29 b2=0.18 b13=0.55
t=109 field hdg=308.3 enc=10646;6386 xy=4490;2651 want=-131 v-str=1.42 l=-1.04 r=2.20 tick=323386 goal=0 here=0 d11=0.48 b0=0.30 b2=0.19 b13=0.55
t=110 field hdg=309.1 enc=10649;6386 xy=4490;2650 want=-135 v-str=1.44 l=-1.10 r=2.20 tick=323404 goal=0 here=0 d11=0.47 b0=0.32 b2=0.20 b13=0.55
t=110 field hdg=309.8 enc=10650;6384 xy=4490;2651 want=-114 v-str=1.74 l=-0.82 r=2.20 tick=323421 goal=0 here=0 d11=0.48 b0=0.29 b2=0.20 b13=0.54
t=110 field hdg=308.5 enc=10653;6383 xy=4491;2650 want=-114 v-str=1.63 l=-0.83 r=2.20 tick=323438 goal=0 here=0 d11=0.48 b0=0.30 b2=0.20 b13=0.54
t=110 field hdg=309.5 enc=10654;6385 xy=4492;2649 want=-119 v-str=1.69 l=-0.89 r=2.20 tick=323455 goal=0 here=0 d11=0.48 b0=0.32 b2=0.18 b13=0.54
t=110 field hdg=307.1 enc=10655;6385 xy=4492;2648 want=-118 v-str=1.57 l=-0.87 r=2.20 tick=323473 goal=0 here=0 d11=0.48 b0=0.29 b2=0.20 b13=0.55
t=110 field hdg=305.1 enc=10657;6384 xy=4492;2648 want=-121 v-str=1.70 l=-0.92 r=2.20 tick=323491 goal=0 here=0 d11=0.49 b0=0.28 b2=0.19 b13=0.54
t=111 field hdg=304.4 enc=10660;6385 xy=4493;2646 want=-121 v-str=1.78 l=-0.91 r=2.20 tick=323509 goal=0 here=0 d11=0.46 b0=0.30 b2=0.18 b13=0.54
t=111 field hdg=306.2 enc=10663;6384 xy=4494;2645 want=-121 v-str=1.69 l=-0.91 r=2.20 tick=323526 goal=0 here=0 d11=0.47 b0=0.29 b2=0.20 b13=0.53
t=111 field hdg=305.9 enc=10664;6383 xy=4494;2645 want=-125 v-str=1.61 l=-0.97 r=2.20 tick=323544 goal=0 here=0 d11=0.47 b0=0.29 b2=0.19 b13=0.53
t=111 field hdg=304.9 enc=10666;6383 xy=4495;2645 want=-152 v-str=2.05 l=-1.33 r=2.20 tick=323561 goal=0 here=0 d11=0.48 b0=0.28 b2=0.21 b13=0.53
t=111 field hdg=304.1 enc=10666;6384 xy=4495;2644 want=-156 v-str=2.11 l=-1.38 r=2.20 tick=323578 goal=0 here=0 d11=0.48 b0=0.28 b2=0.19 b13=0.53
t=112 field hdg=302.8 enc=10668;6381 xy=4495;2645 want=-155 v-str=2.09 l=-1.37 r=2.20 tick=323596 goal=0 here=0 d11=0.48 b0=0.29 b2=0.19 b13=0.52
t=112 field hdg=303.2 enc=10670;6381 xy=4495;2644 want=-153 v-str=2.01 l=-1.34 r=2.20 tick=323613 goal=0 here=0 d11=0.48 b0=0.30 b2=0.19 b13=0.53
t=112 field hdg=303.3 enc=10672;6380 xy=4495;2643 want=-149 v-str=1.88 l=-1.29 r=2.20 tick=323631 goal=0 here=0 d11=0.48 b0=0.29 b2=0.20 b13=0.53
t=112 field hdg=304.0 enc=10674;6381 xy=4496;2642 want=-154 v-str=2.00 l=-1.36 r=2.20 tick=323648 goal=0 here=0 d11=0.47 b0=0.29 b2=0.20 b13=0.53
t=112 field hdg=297.6 enc=10678;6378 xy=4497;2642 want=-155 v-str=2.11 l=-1.37 r=2.20 tick=323668 goal=0 here=0 d11=0.47 b0=0.29 b2=0.20 b13=0.54
t=112 field hdg=302.3 enc=10677;6378 xy=4496;2642 want=-168 v-str=2.17 l=-1.54 r=2.20 tick=323685 goal=0 here=0 d11=0.48 b0=0.29 b2=0.19 b13=0.52
t=113 field hdg=300.1 enc=10680;6376 xy=4497;2642 want=-168 v-str=2.40 l=-1.54 r=2.20 tick=323702 goal=0 here=0 d11=0.47 b0=0.29 b2=0.20 b13=0.52
t=113 field hdg=301.1 enc=10683;6377 xy=4498;2640 want=-133 v-str=2.01 l=-1.07 r=2.20 tick=323719 goal=0 here=0 d11=0.48 b0=0.31 b2=0.21 b13=0.53
t=113 field hdg=298.9 enc=10684;6374 xy=4497;2641 want=-123 v-str=1.93 l=-0.94 r=2.20 tick=323737 goal=0 here=0 d11=0.48 b0=0.29 b2=0.20 b13=0.52
t=113 field hdg=299.0 enc=10686;6374 xy=4498;2640 want=-109 v-str=2.02 l=-0.75 r=2.15 tick=323754 goal=0 here=0 d11=0.49 b0=0.28 b2=0.20 b13=0.52
t=113 field hdg=296.3 enc=10687;6374 xy=4498;2639 want=-108 v-str=2.17 l=-0.74 r=2.14 tick=323771 goal=0 here=0 d11=0.49 b0=0.29 b2=0.19 b13=0.52
t=113 field hdg=297.0 enc=10689;6376 xy=4499;2638 want=-107 v-str=2.02 l=-0.73 r=2.13 tick=323788 goal=0 here=0 d11=0.48 b0=0.28 b2=0.20 b13=0.50
t=114 field hdg=297.0 enc=10690;6376 xy=4499;2637 want=-110 v-str=2.09 l=-0.77 r=2.17 tick=323806 goal=0 here=0 d11=0.49 b0=0.28 b2=0.20 b13=0.51
t=114 field hdg=302.4 enc=10692;6375 xy=4499;2637 want=-112 v-str=2.05 l=-0.79 r=2.19 tick=323824 goal=0 here=0 d11=0.48 b0=0.29 b2=0.20 b13=0.52
t=114 field hdg=296.5 enc=10695;6375 xy=4500;2636 want=-109 v-str=2.05 l=-0.75 r=2.15 tick=323841 goal=0 here=0 d11=0.47 b0=0.31 b2=0.19 b13=0.50
t=114 field hdg=295.2 enc=10695;6376 xy=4500;2635 want=-110 v-str=2.07 l=-0.76 r=2.16 tick=323859 goal=0 here=0 d11=0.48 b0=0.30 b2=0.20 b13=0.51
t=114 field hdg=296.0 enc=10699;6374 xy=4500;2634 want=-117 v-str=1.88 l=-0.86 r=2.20  d11=0.48 b0=0.31 b2=0.20 b13=0.40
t=114 field hdg=297.9 enc=10700;6374 xy=4501;2634 want=-117 v-str=1.83 l=-0.86 r=2.20 tick=323893 goal=0 here=0 d11=0.49 b0=0.32 b2=0.20 b13=0.38
t=115 field hdg=295.5 enc=10703;6375 xy=4502;2632 want=-115 v-str=1.84 l=-0.83 r=2.20 tick=323911 goal=0 here=0 d11=0.49 b0=0.33 b2=0.19 b13=0.38
t=115 field hdg=297.1 enc=10704;6374 xy=4502;2632 want=-102 v-str=1.69 l=-0.65 r=2.05 tick=323928 goal=0 here=0 d11=0.49 b0=0.47 b2=0.20 b13=0.38
t=115 field hdg=295.5 enc=10706;6375 xy=4502;2631 want=-103 v-str=1.69 l=-0.67 r=2.07 tick=323945 goal=0 here=0 d11=0.48 b0=0.46 b2=0.20 b13=0.37
t=115 field hdg=295.5 enc=10707;6376 xy=4503;2630 want=-100 v-str=1.77 l=-0.63 r=2.03 tick=323963 goal=0 here=0 d11=0.48 b0=0.47 b2=0.20 b13=0.37
t=115 field hdg=291.6 enc=10710;6374 xy=4503;2629 want=-100 v-str=1.70 l=-0.63 r=2.03 tick=323980 goal=0 here=0 d11=0.48 b0=0.46 b2=0.21 b13=0.36
t=116 field hdg=290.1 enc=10711;6374 xy=4503;2629 want=-98 v-str=1.70 l=-0.60 r=2.00 tick=323998 goal=0 here=0 d11=0.49 b0=0.47 b2=0.21 b13=0.37
t=116 field hdg=294.3 enc=10712;6376 xy=4504;2627 want=-102 v-str=1.69 l=-0.66 r=2.06 tick=324015 goal=0 here=0 d11=0.47 b0=0.47 b2=0.22 b13=0.35
t=116 field hdg=295.8 enc=10715;6375 xy=4504;2626 want=-99 v-str=1.75 l=-0.61 r=2.01 tick=324033 goal=0 here=0 d11=0.49 b0=0.48 b2=0.20 b13=0.36
t=116 field hdg=295.2 enc=10718;6376 xy=4505;2625 want=-100 v-str=1.73 l=-0.63 r=2.03 tick=324050 goal=0 here=0 d11=0.48 b0=0.47 b2=0.21 b13=0.34
t=116 field hdg=293.7 enc=10717;6375 xy=4505;2626 want=-99 v-str=1.65 l=-0.62 r=2.02 tick=324068 goal=0 here=0 d11=0.47 b0=0.47 b2=0.21 b13=0.35
t=116 field hdg=293.2 enc=10719;6375 xy=4505;2625 want=-93 v-str=1.69 l=-0.55 r=1.95 tick=324085 goal=0 here=0 d11=0.47 b0=0.48 b2=0.22 b13=0.36
t=117 field hdg=290.7 enc=10719;6374 xy=4505;2625 want=-99 v-str=1.86 l=-0.63 r=2.03 tick=324103 goal=0 here=0 d11=0.48 b0=0.47 b2=0.20 b13=0.36
t=117 field hdg=290.8 enc=10722;6374 xy=4505;2624 want=-100 v-str=1.80 l=-0.64 r=2.04 tick=324120 goal=0 here=0 d11=0.48 b0=0.47 b2=0.21 b13=0.34
t=117 field hdg=292.4 enc=10726;6375 xy=4506;2621 want=-99 v-str=1.72 l=-0.62 r=2.02 tick=324138 goal=0 here=0 d11=0.48 b0=0.48 b2=0.20 b13=0.34
t=117 field hdg=-1.0 enc=10727;6376 xy=4507;2621 want=-102 v-str=1.72 l=-0.65 r=2.05 tick=324155 goal=0 here=0 d11=0.49 b0=0.49 b2=0.21 b13=0.34
t=117 field hdg=288.5 enc=10728;6376 xy=4507;2621 want=-106 v-str=1.68 l=-0.72 r=2.12 tick=324173 goal=0 here=0 d11=0.50 b0=0.48 b2=0.20 b13=0.34
t=117 field hdg=291.8 enc=10729;6374 xy=4507;2621 want=-109 v-str=1.67 l=-0.75 r=2.15 tick=324189 goal=0 here=0 d11=0.48 b0=0.48 b2=0.21 b13=0.33
t=118 field hdg=291.9 enc=10732;6374 xy=4508;2620 want=-106 v-str=1.69 l=-0.72 r=2.12 tick=324207 goal=0 here=0 d11=0.48 b0=0.48 b2=0.23 b13=0.34
t=118 field hdg=288.1 enc=10735;6376 xy=4509;2618 want=-106 v-str=1.69 l=-0.71 r=2.11 tick=324224 goal=0 here=0 d11=0.49 b0=0.49 b2=0.22 b13=0.35
t=118 field hdg=287.2 enc=10737;6375 xy=4509;2617 want=-108 v-str=1.63 l=-0.74 r=2.14 tick=324242 goal=0 here=0 d11=0.49 b0=0.50 b2=0.22 b13=0.34
t=118 field hdg=288.3 enc=10737;6375 xy=4509;2617 want=-110 v-str=1.70 l=-0.76 r=2.16 tick=324259 goal=0 here=0 d11=0.50 b0=0.49 b2=0.22 b13=0.33
t=118 field hdg=287.7 enc=10738;6374 xy=4509;2617 want=-112 v-str=1.67 l=-0.79 r=2.19 tick=324276 goal=0 here=0 d11=-1.00 b0=0.48 b2=0.22 b13=0.33
t=119 field hdg=288.3 enc=10740;6374 xy=4509;2616 want=-111 v-str=1.69 l=-0.78 r=2.18 tick=324294 goal=0 here=0 d11=0.49 b0=0.50 b2=0.23 b13=0.34
t=119 field hdg=287.2 enc=10743;6374 xy=4509;2615 want=-112 v-str=1.84 l=-0.80 r=2.20 tick=324311 goal=0 here=0 d11=0.48 b0=0.49 b2=0.22 b13=0.34
t=119 field hdg=289.1 enc=10744;6376 xy=4510;2613 want=-121 v-str=1.94 l=-0.91 r=2.20 tick=324329 goal=0 here=0 d11=0.50 b0=0.51 b2=0.22 b13=0.34
t=119 field hdg=289.0 enc=10744;6374 xy=4510;2614 want=-120 v-str=1.92 l=-0.89 r=2.20 tick=324346 goal=0 here=0 d11=0.50 b0=0.57 b2=0.22 b13=0.34
t=119 field hdg=287.2 enc=10750;6376 xy=4511;2610 want=-120 v-str=1.97 l=-0.90 r=2.20 tick=324363 goal=0 here=0 d11=0.49 b0=0.55 b2=0.22 b13=0.34
t=119 field hdg=284.0 enc=10750;6374 xy=4511;2611 want=-113 v-str=1.88 l=-0.80 r=2.20 tick=324381 goal=0 here=0 d11=0.49 b0=0.57 b2=0.21 b13=0.34
t=120 field hdg=289.5 enc=10753;6376 xy=4511;2609 want=-114 v-str=1.96 l=-0.82 r=2.20 tick=324399 goal=0 here=0 d11=0.50 b0=0.57 b2=0.22 b13=0.34
t=120 field hdg=286.1 enc=10753;6374 xy=4511;2610 want=-114 v-str=1.93 l=-0.82 r=2.20 tick=324417 goal=0 here=0 d11=0.49 b0=0.57 b2=0.23 b13=0.34
t=120 field hdg=283.7 enc=10756;6376 xy=4512;2608 want=-115 v-str=1.95 l=-0.83 r=2.20 tick=324434 goal=0 here=0 d11=0.49 b0=0.58 b2=0.23 b13=0.35
t=120 field hdg=-1.0 enc=10759;6376 xy=4513;2608 want=-114 v-str=2.16 l=-0.82 r=2.20 tick=324452 goal=0 here=0 d11=0.47 b0=0.59 b2=0.22 b13=0.35
t=120 field hdg=286.0 enc=10759;6374 xy=4513;2609 want=-113 v-str=2.13 l=-0.80 r=2.20 tick=324469 goal=0 here=0 d11=-1.00 b0=0.60 b2=0.23 b13=0.34
t=120 field hdg=288.5 enc=10762;6375 xy=4514;2607 want=-115 v-str=2.03 l=-0.83 r=2.20 tick=324485 goal=0 here=0 d11=0.49 b0=0.62 b2=0.23 b13=0.35
t=121 field hdg=284.9 enc=10764;6374 xy=4514;2606 want=-115 v-str=2.09 l=-0.83 r=2.20 tick=324503 goal=0 here=0 d11=0.49 b0=0.62 b2=0.22 b13=0.34
t=121 field hdg=285.6 enc=10766;6375 xy=4514;2605 want=-115 v-str=2.06 l=-0.83 r=2.20 tick=324520 goal=0 here=0 d11=0.49 b0=0.64 b2=0.23 b13=0.34
t=121 field hdg=284.6 enc=10768;6374 xy=4514;2604 want=-103 v-str=2.01 l=-0.49 r=2.20 tick=324537 goal=0 here=0 d11=0.48 b0=0.86 b2=0.23 b13=0.34
t=121 field hdg=286.0 enc=10770;6374 xy=4514;2603 want=-113 v-str=2.23 l=-0.60 r=2.20 tick=324554 goal=0 here=0 d11=-1.00 b0=0.87 b2=0.22 b13=0.34
t=121 field hdg=283.3 enc=10770;6375 xy=4515;2603 want=-113 v-str=2.20 l=-0.60 r=2.20 tick=324571 goal=0 here=0 d11=0.50 b0=0.88 b2=0.22 b13=0.34
t=121 field hdg=283.3 enc=10773;6375 xy=4515;2601 want=-110 v-str=2.04 l=-0.54 r=2.20 tick=324588 goal=0 here=0 d11=0.48 b0=0.90 b2=0.25 b13=0.33
t=122 field hdg=282.2 enc=10774;6376 xy=4515;2600 want=-105 v-str=1.94 l=-0.47 r=2.20 tick=324606 goal=0 here=0 d11=0.48 b0=0.90 b2=0.26 b13=0.34
t=122 field hdg=280.2 enc=10775;6375 xy=4515;2600 want=-113 v-str=2.10 l=-0.58 r=2.20 tick=324623 goal=0 here=0 d11=0.48 b0=0.91 b2=0.25 b13=0.34
t=122 field hdg=280.1 enc=10777;6374 xy=4515;2600 want=-112 v-str=2.16 l=-0.53 r=2.20  d11=0.49 b0=0.94 b2=0.25 b13=0.35
t=122 field hdg=282.7 enc=10780;6374 xy=4516;2598 want=-124 v-str=2.23 l=-0.69 r=2.20 tick=324658 goal=0 here=0 d11=0.49 b0=0.94 b2=0.26 b13=0.33
t=122 field hdg=282.4 enc=10782;6376 xy=4516;2596 want=-123 v-str=2.31 l=-0.67 r=2.20 tick=324675 goal=0 here=0 d11=0.49 b0=0.94 b2=0.25 b13=0.33
t=122 field hdg=281.5 enc=10782;6374 xy=4516;2597 want=-125 v-str=2.50 l=-0.70 r=2.20 tick=324692 goal=0 here=0 d11=0.46 b0=0.95 b2=0.26 b13=0.35
t=123 field hdg=280.8 enc=10785;6376 xy=4516;2595 want=-134 v-str=2.46 l=-0.80 r=2.20 tick=324710 goal=0 here=0 d11=0.50 b0=0.96 b2=0.26 b13=0.34
t=123 field hdg=281.1 enc=10788;6375 xy=4516;2594 want=-136 v-str=2.63 l=-0.80 r=2.20 tick=324727 goal=0 here=0 d11=0.48 b0=0.99 b2=0.27 b13=0.35
t=123 field hdg=282.9 enc=10787;6374 xy=4516;2595 want=-139 v-str=2.79 l=-0.83 r=2.20 tick=324744 goal=0 here=0 d11=0.47 b0=1.01 b2=0.27 b13=0.34
t=123 field hdg=280.7 enc=10790;6374 xy=4517;2593 want=-137 v-str=2.66 l=-0.72 r=2.20 tick=324761 goal=0 here=0 d11=0.49 b0=1.10 b2=0.26 b13=0.34
t=123 field hdg=277.9 enc=10792;6375 xy=4517;2592 want=-136 v-str=2.59 l=-0.60 r=2.20 tick=324779 goal=0 here=0 d11=0.48 b0=1.21 b2=0.24 b13=0.35
t=124 field hdg=279.8 enc=10793;6375 xy=4517;2591 want=-137 v-str=2.58 l=-0.62 r=2.20 tick=324796 goal=0 here=0 d11=-1.00 b0=1.21 b2=0.28 b13=0.34
t=124 field hdg=276.2 enc=10793;6376 xy=4517;2591 want=-136 v-str=2.61 l=-0.61 r=2.20 tick=324813 goal=0 here=0 d11=0.49 b0=1.21 b2=0.27 b13=0.35
t=124 field hdg=277.8 enc=10797;6375 xy=4517;2590 want=-135 v-str=2.46 l=-0.58 r=2.20 tick=324830 goal=0 here=0 d11=0.48 b0=1.22 b2=0.27 b13=0.33
t=124 field hdg=276.7 enc=10799;6375 xy=4517;2589 want=-102 v-str=2.47 l=-0.15 r=2.20 tick=324847 goal=0 here=0 d11=0.48 b0=1.21 b2=0.27 b13=0.33
t=124 field hdg=277.8 enc=10801;6376 xy=4517;2587 want=-107 v-str=2.42 l=-0.20 r=2.20 tick=324864 goal=0 here=0 d11=0.48 b0=1.23 b2=0.26 b13=0.33
t=124 field hdg=276.9 enc=10803;6374 xy=4517;2587 want=-104 v-str=2.61 l=-0.16 r=2.20 tick=324882 goal=0 here=0 d11=0.48 b0=1.24 b2=0.26 b13=0.34
t=125 field hdg=274.9 enc=10804;6374 xy=4517;2587 want=-109 v-str=2.58 l=-0.22 r=2.20 tick=324899 goal=0 here=0 d11=0.48 b0=1.24 b2=0.25 b13=0.35
t=125 field hdg=277.9 enc=10808;6374 xy=4518;2585 want=-108 v-str=2.46 l=-0.19 r=2.20 tick=324917 goal=0 here=0 d11=0.48 b0=1.26 b2=0.26 b13=0.35
t=125 field hdg=279.7 enc=10808;6376 xy=4518;2584 want=-101 v-str=2.28 l=0.02 r=2.20 tick=324934 goal=0 here=0 d11=0.49 b0=1.39 b2=0.26 b13=0.34
t=125 field hdg=277.7 enc=10811;6376 xy=4518;2582 want=-93 v-str=2.27 l=0.24 r=2.20 tick=324952 goal=0 here=0 d11=0.49 b0=1.51 b2=0.28 b13=0.34
t=125 field hdg=274.7 enc=10811;6374 xy=4518;2583 want=-95 v-str=2.33 l=0.21 r=2.20 tick=324969 goal=0 here=0 d11=0.49 b0=1.51 b2=0.26 b13=0.35
t=125 field hdg=281.1 enc=10815;6376 xy=4519;2580 want=-97 v-str=2.26 l=0.16 r=2.20 tick=324987 goal=0 here=0 d11=0.49 b0=1.49 b2=0.26 b13=0.35
t=126 field hdg=269.9 enc=10816;6374 xy=4519;2581 want=-95 v-str=2.39 l=0.20 r=2.20 tick=325004 goal=0 here=0 d11=0.50 b0=1.49 b2=0.27 b13=0.35
t=126 field hdg=274.1 enc=10817;6375 xy=4519;2580 want=-95 v-str=2.39 l=0.20 r=2.20 tick=325021 goal=0 here=0 d11=-1.00 b0=1.48 b2=0.25 b13=0.35
t=126 field hdg=274.2 enc=10818;6375 xy=4519;2579 want=-95 v-str=2.50 l=0.19 r=2.20 tick=325039 goal=0 here=0 d11=0.48 b0=1.48 b2=0.25 b13=0.36
t=126 field hdg=273.1 enc=10821;6374 xy=4519;2578 want=-94 v-str=2.42 l=0.21 r=2.20 tick=325057 goal=0 here=0 d11=0.49 b0=1.48 b2=0.25 b13=0.36
t=126 field hdg=273.6 enc=10822;6375 xy=4519;2577 want=-89 v-str=2.20 l=0.33 r=2.20 tick=325074 goal=0 here=0 d11=0.49 b0=1.48 b2=0.26 b13=0.34
t=126 field hdg=277.6 enc=10825;6376 xy=4519;2575 want=-90 v-str=2.28 l=0.30 r=2.20 tick=325092 goal=0 here=0 d11=0.48 b0=1.46 b2=0.24 b13=0.34
t=127 field hdg=272.2 enc=10826;6374 xy=4519;2576 want=-87 v-str=2.32 l=0.36 r=2.20 tick=325109 goal=0 here=0 d11=0.48 b0=1.48 b2=0.27 b13=0.34
t=127 field hdg=276.9 enc=10830;6374 xy=4519;2574 want=-88 v-str=2.31 l=0.35 r=2.20 tick=325127 goal=0 here=0 d11=0.49 b0=1.48 b2=0.25 b13=0.36
t=127 field hdg=269.1 enc=10829;6374 xy=4519;2574 want=-87 v-str=2.25 l=0.36 r=2.20 tick=325144 goal=0 here=0 d11=0.48 b0=1.49 b2=0.25 b13=0.35
t=127 field hdg=269.6 enc=10833;6376 xy=4519;2571 want=-87 v-str=2.32 l=0.38 r=2.20 tick=325161 goal=0 here=0 d11=0.48 b0=1.50 b2=0.25 b13=0.35
t=127 field hdg=273.6 enc=10834;6376 xy=4519;2571 want=-84 v-str=2.32 l=0.40 r=2.20 tick=325178 goal=0 here=0 d11=0.48 b0=1.48 b2=0.27 b13=0.35
t=128 field hdg=-1.0 enc=10835;6375 xy=4519;2571 want=-84 v-str=2.36 l=0.43 r=2.20 tick=325196 goal=0 here=0 d11=0.49 b0=1.51 b2=0.27 b13=0.35
t=128 field hdg=273.1 enc=10839;6375 xy=4519;2569 want=-84 v-str=2.39 l=0.45 r=2.20 tick=325214 goal=0 here=0 d11=0.49 b0=1.53 b2=0.25 b13=0.34
t=128 field hdg=-1.0 enc=10839;6375 xy=4519;2569 want=-84 v-str=2.39 l=0.44 r=2.20 tick=325230 goal=0 here=0 d11=0.48 b0=1.52 b2=0.27 b13=0.35
t=128 field hdg=-1.0 enc=10840;6374 xy=4519;2569 want=-80 v-str=2.38 l=0.50 r=2.20 tick=325248 goal=0 here=0 d11=0.50 b0=1.52 b2=0.26 b13=0.35
t=128 field hdg=270.0 enc=10844;6374 xy=4519;2567 want=-85 v-str=2.39 l=0.43 r=2.20 tick=325266 goal=0 here=0 d11=0.48 b0=1.53 b2=0.25 b13=0.35
t=128 field hdg=271.7 enc=10844;6376 xy=4519;2566 want=-82 v-str=2.31 l=0.47 r=2.20 tick=325284 goal=0 here=0 d11=0.50 b0=1.53 b2=0.26 b13=0.35
t=129 field hdg=275.0 enc=10848;6376 xy=4520;2564 want=-82 v-str=2.51 l=0.46 r=2.20 tick=325302 goal=0 here=0 d11=0.49 b0=1.52 b2=0.27 b13=0.36
t=129 field hdg=272.9 enc=10849;6376 xy=4520;2563 want=-81 v-str=2.13 l=0.48 r=2.20 tick=325319 goal=0 here=0 d11=0.48 b0=1.52 b2=0.26 b13=0.33
t=129 field hdg=268.6 enc=10850;6375 xy=4520;2563 want=-83 v-str=1.95 l=0.47 r=2.20 tick=325338 goal=0 here=0 d11=0.48 b0=1.53 b2=0.26 b13=0.35
t=129 field hdg=269.1 enc=10854;6375 xy=4520;2561 want=-84 v-str=2.00 l=0.45 r=2.20 tick=325355 goal=0 here=0 d11=0.49 b0=1.52 b2=0.25 b13=0.35
t=129 field hdg=266.8 enc=10855;6374 xy=4520;2561 want=-88 v-str=2.06 l=0.38 r=2.20 tick=325372 goal=0 here=0 d11=0.50 b0=1.51 b2=0.26 b13=0.35
t=129 field hdg=267.6 enc=10857;6376 xy=4520;2559 want=-91 v-str=2.24 l=0.34 r=2.20 tick=325390 goal=0 here=0 d11=0.49 b0=1.52 b2=0.25 b13=0.36
t=130 cage hdg=268.8 enc=10858;6374 xy=4520;2560 want=-166 v-str=0.00 l=2.00 r=-2.00 tick=325406 goal=0 here=0 d11=0.48 b0=-1.00 b2=-1.00 b13=-1.00
t=130 field hdg=270.9 enc=10856;6377 xy=4520;2559 want=-90 v-str=2.17 l=0.36 r=2.20 tick=325423 goal=0 here=0 d11=0.47 b0=1.51 b2=0.27 b13=0.36
t=130 field hdg=268.2 enc=10857;6378 xy=4520;2558 want=-85 v-str=2.11 l=0.43 r=2.20 tick=325440 goal=0 here=0 d11=0.49 b0=1.53 b2=0.25 b13=0.37
t=130 field hdg=267.7 enc=10860;6376 xy=4519;2558 want=-88 v-str=2.23 l=0.38 r=2.20 tick=325457 goal=0 here=0 d11=0.49 b0=1.51 b2=0.24 b13=0.36
t=130 field hdg=267.7 enc=10860;6378 xy=4519;2557 want=-92 v-str=2.02 l=0.32 r=2.20 tick=325475 goal=0 here=0 d11=0.49 b0=1.50 b2=0.26 b13=0.36
t=130 field hdg=267.2 enc=10864;6378 xy=4519;2555 want=-92 v-str=2.03 l=0.33 r=2.20 tick=325492 goal=0 here=0 d11=0.48 b0=1.51 b2=0.26 b13=0.36
t=131 field hdg=267.7 enc=10866;6378 xy=4519;2554 want=-94 v-str=2.01 l=0.29 r=2.20 tick=325509 goal=0 here=0 d11=0.48 b0=1.49 b2=0.24 b13=0.35
t=131 field hdg=263.5 enc=10866;6377 xy=4519;2554 want=-96 v-str=2.06 l=0.26 r=2.20 tick=325527 goal=0 here=0 d11=0.49 b0=1.49 b2=0.25 b13=0.35
t=131 field hdg=267.6 enc=10870;6377 xy=4519;2552 want=-98 v-str=2.15 l=0.25 r=2.20 tick=325543 goal=0 here=0 d11=0.49 b0=1.49 b2=0.25 b13=0.35
t=131 field hdg=264.8 enc=10869;6377 xy=4519;2553 want=-92 v-str=2.02 l=0.33 r=2.20 tick=325560 goal=0 here=0 d11=0.48 b0=1.48 b2=0.25 b13=0.35
t=131 field hdg=262.4 enc=10873;6377 xy=4519;2551 want=-98 v-str=2.07 l=0.23 r=2.20 tick=325578 goal=0 here=0 d11=0.49 b0=1.47 b2=0.27 b13=0.35
t=132 field hdg=268.3 enc=10875;6377 xy=4519;2550 want=-96 v-str=2.08 l=0.26 r=2.20 tick=325594 goal=0 here=0 d11=0.50 b0=1.47 b2=0.25 b13=0.35
t=132 field hdg=264.1 enc=10875;6376 xy=4519;2550 want=-105 v-str=2.12 l=0.12 r=2.20 tick=325612 goal=0 here=0 d11=0.49 b0=1.44 b2=0.25 b13=0.35
t=132 field hdg=264.8 enc=10877;6378 xy=4519;2548 want=-105 v-str=2.41 l=0.12 r=2.20 tick=325629 goal=0 here=0 d11=0.48 b0=1.43 b2=0.25 b13=0.36
t=132 field hdg=263.1 enc=10878;6377 xy=4519;2548 want=-107 v-str=2.34 l=0.10 r=2.20 tick=325646 goal=0 here=0 d11=0.49 b0=1.44 b2=0.24 b13=0.35
t=132 field hdg=264.7 enc=10880;6377 xy=4519;2547 want=-106 v-str=2.22 l=0.13 r=2.20 tick=325663 goal=0 here=0 d11=0.47 b0=1.45 b2=0.25 b13=0.35
t=132 field hdg=268.8 enc=10880;6378 xy=4519;2547 want=-106 v-str=2.29 l=0.13 r=2.20 tick=325681 goal=0 here=0 d11=0.49 b0=1.44 b2=0.26 b13=0.35
t=133 field hdg=266.2 enc=10885;6376 xy=4519;2545 want=-101 v-str=2.36 l=0.19 r=2.20 tick=325698 goal=0 here=0 d11=0.47 b0=1.43 b2=0.25 b13=0.37
t=133 field hdg=260.9 enc=10886;6376 xy=4519;2545 want=-101 v-str=2.33 l=0.21 r=2.20 tick=325715 goal=0 here=0 d11=0.48 b0=1.45 b2=0.24 b13=0.36
t=133 field hdg=263.8 enc=10889;6377 xy=4518;2543 want=-108 v-str=2.25 l=0.12 r=2.20 tick=325732 goal=0 here=0 d11=0.49 b0=1.45 b2=0.24 b13=0.36
t=133 field hdg=259.3 enc=10889;6377 xy=4518;2543 want=-95 v-str=2.12 l=0.36 r=2.20 tick=325750 goal=0 here=0 d11=0.50 b0=1.44 b2=0.24 b13=0.36
t=133 field hdg=258.0 enc=10893;6378 xy=4518;2540 want=-94 v-str=2.24 l=0.41 r=2.20 tick=325767 goal=0 here=0 d11=0.49 b0=1.46 b2=0.25 b13=0.36
t=133 field hdg=264.5 enc=10893;6377 xy=4518;2541 want=-93 v-str=2.19 l=0.42 r=2.20 tick=325784 goal=0 here=0 d11=0.50 b0=1.46 b2=0.24 b13=0.35
t=134 field hdg=263.9 enc=10895;6378 xy=4518;2539 want=-98 v-str=2.08 l=0.36 r=2.20 tick=325801 goal=0 here=0 d11=0.49 b0=1.46 b2=0.25 b13=0.34
t=134 field hdg=260.9 enc=10899;6376 xy=4518;2538 want=-99 v-str=2.22 l=0.34 r=2.20 tick=325819 goal=0 here=0 d11=0.49 b0=1.46 b2=0.24 b13=0.35
t=134 field hdg=262.9 enc=10898;6378 xy=4518;2538 want=-100 v-str=2.21 l=0.34 r=2.20 tick=325836 goal=0 here=0 d11=0.49 b0=1.46 b2=0.24 b13=0.35
t=134 field hdg=260.4 enc=10902;6376 xy=4517;2537 want=-97 v-str=2.28 l=0.40 r=2.20 tick=325853 goal=0 here=0 d11=0.48 b0=1.48 b2=0.24 b13=0.34
t=134 field hdg=258.2 enc=10904;6376 xy=4517;2536 want=-99 v-str=2.22 l=0.38 r=2.20 tick=325870 goal=0 here=0 d11=0.50 b0=1.48 b2=0.25 b13=0.33
t=134 field hdg=254.1 enc=10904;6377 xy=4517;2535 want=-97 v-str=2.24 l=0.40 r=2.20 tick=325888 goal=0 here=0 d11=0.50 b0=1.48 b2=0.24 b13=0.34
t=135 field hdg=258.9 enc=10908;6377 xy=4517;2533 want=-104 v-str=2.60 l=0.31 r=2.20 tick=325905 goal=0 here=0 d11=0.50 b0=1.50 b2=0.24 b13=0.35
t=135 field hdg=261.1 enc=10907;6377 xy=4517;2534 want=-110 v-str=2.79 l=0.24 r=2.20 tick=325922 goal=0 here=0 d11=0.49 b0=1.49 b2=0.23 b13=0.35
t=135 field hdg=256.4 enc=10909;6377 xy=4517;2533 want=-110 v-str=2.75 l=0.23 r=2.20 tick=325940 goal=0 here=0 d11=0.49 b0=1.48 b2=0.23 b13=0.34
t=135 field hdg=255.3 enc=10913;6376 xy=4516;2531 want=-121 v-str=3.01 l=-0.05 r=2.20 tick=325957 goal=0 here=0 d11=0.48 b0=1.30 b2=0.23 b13=0.33
t=135 field hdg=260.3 enc=10913;6376 xy=4516;2531 want=-119 v-str=2.93 l=0.00 r=2.20 tick=325979 goal=0 here=0 d11=0.49 b0=1.29 b2=0.23 b13=0.34
t=136 field hdg=-1.0 enc=10915;6376 xy=4517;2531 want=-117 v-str=2.78 l=0.04 r=2.20 tick=325997 goal=0 here=0 d11=0.48 b0=1.26 b2=0.26 b13=0.33
t=136 field hdg=255.5 enc=10917;6376 xy=4517;2530 want=-121 v-str=2.68 l=0.00 r=2.20 tick=326014 goal=0 here=0 d11=0.48 b0=1.27 b2=0.24 b13=0.33
t=136 field hdg=257.7 enc=10921;6378 xy=4516;2528 want=-120 v-str=2.88 l=-0.00 r=2.20 tick=326032 goal=0 here=0 d11=0.48 b0=1.25 b2=0.25 b13=0.33
t=136 field hdg=255.9 enc=10922;6378 xy=4516;2527 want=-120 v-str=2.75 l=0.01 r=2.20 tick=326049 goal=0 here=0 d11=0.50 b0=1.25 b2=0.25 b13=0.33
t=136 field hdg=252.9 enc=10922;6377 xy=4516;2528 want=-90 v-str=2.33 l=0.38 r=2.20 tick=326067 goal=0 here=0 d11=0.49 b0=1.23 b2=0.26 b13=0.33
t=136 field hdg=252.6 enc=10926;6376 xy=4516;2526 want=-83 v-str=2.28 l=0.47 r=2.20 tick=326084 goal=0 here=0 d11=0.49 b0=1.23 b2=0.26 b13=0.33
t=137 field hdg=254.5 enc=10927;6378 xy=4515;2525 want=-81 v-str=2.43 l=0.52 r=2.20 tick=326102 goal=0 here=0 d11=0.50 b0=1.24 b2=0.26 b13=0.34
t=137 field hdg=254.8 enc=10929;6378 xy=4515;2524 want=-85 v-str=2.41 l=0.37 r=2.20 tick=326119 goal=0 here=0 d11=0.48 b0=1.14 b2=0.27 b13=0.33
t=137 field hdg=254.0 enc=10931;6377 xy=4515;2523 want=-88 v-str=2.47 l=0.25 r=2.20 tick=326140 goal=0 here=0 d11=0.49 b0=1.03 b2=0.30 b13=0.33
t=137 field hdg=254.9 enc=10932;6376 xy=4515;2523 want=-78 v-str=2.14 l=0.36 r=2.20 tick=326157 goal=0 here=0 d11=0.48 b0=0.95 b2=0.41 b13=0.34
t=137 field hdg=255.5 enc=10936;6376 xy=4515;2521 want=-71 v-str=2.01 l=0.47 r=2.20 tick=326174 goal=0 here=0 d11=0.50 b0=0.92 b2=0.41 b13=0.32
t=137 field hdg=254.7 enc=10938;6378 xy=4514;2519 want=-71 v-str=2.06 l=0.45 r=2.20 tick=326192 goal=0 here=0 d11=0.47 b0=0.91 b2=0.41 b13=0.32
t=138 field hdg=255.3 enc=10940;6376 xy=4514;2519 want=-74 v-str=2.00 l=0.39 r=2.20 tick=326209 goal=0 here=0 d11=0.48 b0=0.88 b2=0.42 b13=0.32
t=138 field hdg=256.4 enc=10940;6377 xy=4514;2519 want=-74 v-str=2.05 l=0.39 r=2.20 tick=326227 goal=0 here=0 d11=0.49 b0=0.89 b2=0.42 b13=0.32
t=138 field hdg=248.7 enc=10942;6378 xy=4513;2517 want=-76 v-str=2.10 l=0.34 r=2.20 tick=326243 goal=0 here=0 d11=0.50 b0=0.88 b2=0.41 b13=0.32
t=138 field hdg=251.5 enc=10944;6377 xy=4513;2517 want=-74 v-str=2.06 l=0.37 r=2.20 tick=326261 goal=0 here=0 d11=0.49 b0=0.88 b2=0.41 b13=0.32
t=138 field hdg=253.8 enc=10946;6378 xy=4513;2516 want=-74 v-str=2.08 l=0.36 r=2.20 tick=326278 goal=0 here=0 d11=0.50 b0=0.87 b2=0.43 b13=0.32
t=139 field hdg=249.7 enc=10948;6378 xy=4512;2515 want=-76 v-str=1.99 l=0.34 r=2.20 tick=326296 goal=0 here=0 d11=0.50 b0=0.86 b2=0.43 b13=0.33
t=139 field hdg=250.7 enc=10949;6377 xy=4512;2515 want=-76 v-str=2.05 l=0.31 r=2.20 tick=326313 goal=0 here=0 d11=0.47 b0=0.84 b2=0.42 b13=0.33
t=139 field hdg=254.7 enc=10952;6378 xy=4512;2513 want=-76 v-str=1.98 l=0.31 r=2.20 tick=326330 goal=0 here=0 d11=0.48 b0=0.83 b2=0.41 b13=0.31
t=139 field hdg=249.3 enc=10952;6378 xy=4512;2513 want=-73 v-str=2.08 l=0.35 r=2.20 tick=326347 goal=0 here=0 d11=0.47 b0=0.84 b2=0.44 b13=0.32
t=139 field hdg=250.2 enc=10956;6377 xy=4511;2511 want=-72 v-str=2.07 l=0.38 r=2.20 tick=326365 goal=0 here=0 d11=0.50 b0=0.85 b2=0.42 b13=0.31
t=139 field hdg=248.0 enc=10958;6378 xy=4511;2510 want=-73 v-str=2.04 l=0.35 r=2.20 tick=326382 goal=0 here=0 d11=0.49 b0=0.82 b2=0.42 b13=0.29
t=140 field hdg=249.8 enc=10959;6378 xy=4511;2509 want=-71 v-str=2.20 l=0.37 r=2.20 tick=326399 goal=0 here=0 d11=0.49 b0=0.83 b2=0.41 b13=0.31
t=140 field hdg=246.3 enc=10960;6377 xy=4511;2509 want=-71 v-str=2.10 l=0.37 r=2.20 tick=326417 goal=0 here=0 d11=0.48 b0=0.82 b2=0.42 b13=0.31
t=140 field hdg=251.6 enc=10962;6376 xy=4510;2509 want=-69 v-str=2.13 l=0.41 r=2.20 tick=326434 goal=0 here=0 d11=0.48 b0=0.82 b2=0.42 b13=0.32
t=140 field hdg=251.0 enc=10963;6376 xy=4510;2508 want=-70 v-str=2.29 l=0.36 r=2.20 tick=326451 goal=0 here=0 d11=0.50 b0=0.80 b2=0.42 b13=0.31
t=140 field hdg=250.6 enc=10967;6376 xy=4510;2507 want=-66 v-str=2.21 l=0.44 r=2.19 tick=326469 goal=0 here=0 d11=0.49 b0=0.81 b2=0.43 b13=0.32
t=140 field hdg=250.6 enc=10967;6376 xy=4510;2507 want=-67 v-str=2.22 l=0.41 r=2.20 tick=326486 goal=0 here=0 d11=0.50 b0=0.80 b2=0.42 b13=0.31
t=141 field hdg=249.3 enc=10968;6376 xy=4509;2506 want=-60 v-str=2.22 l=0.50 r=2.11 tick=326503 goal=0 here=0 d11=0.48 b0=0.80 b2=0.45 b13=0.31
t=141 field hdg=250.3 enc=10971;6377 xy=4509;2504 want=-66 v-str=2.37 l=0.44 r=2.20 tick=326521 goal=0 here=0 d11=0.49 b0=0.81 b2=0.44 b13=0.31
t=141 field hdg=249.1 enc=10974;6376 xy=4508;2503 want=-67 v-str=2.18 l=0.41 r=2.20 tick=326538 goal=0 here=0 d11=0.50 b0=0.79 b2=0.42 b13=0.33
t=141 field hdg=248.3 enc=10976;6378 xy=4508;2501 want=-68 v-str=2.23 l=0.37 r=2.19 tick=326555 goal=0 here=0 d11=0.48 b0=0.76 b2=0.43 b13=0.30
t=141 field hdg=242.3 enc=10976;6378 xy=4508;2501 want=-69 v-str=2.07 l=0.37 r=2.20 tick=326573 goal=0 here=0 d11=0.49 b0=0.78 b2=0.44 b13=0.30
t=141 field hdg=245.0 enc=10979;6378 xy=4507;2500 want=-67 v-str=2.22 l=0.39 r=2.18 tick=326590 goal=0 here=0 d11=0.49 b0=0.76 b2=0.44 b13=0.32
t=142 field hdg=243.7 enc=10981;6376 xy=4507;2500 want=-73 v-str=2.13 l=0.29 r=2.20 tick=326607 goal=0 here=0 d11=-1.00 b0=0.75 b2=0.45 b13=0.32
t=142 field hdg=246.8 enc=10982;6377 xy=4507;2499 want=-70 v-str=1.96 l=0.33 r=2.18 tick=326625 goal=0 here=0 d11=0.51 b0=0.74 b2=0.47 b13=0.31
t=142 field hdg=245.8 enc=10983;6377 xy=4506;2499 want=-69 v-str=1.90 l=0.34 r=2.18 tick=326642 goal=0 here=0 d11=0.48 b0=0.75 b2=0.50 b13=0.31
t=142 field hdg=243.7 enc=10985;6377 xy=4506;2498 want=-74 v-str=2.07 l=0.25 r=2.20 tick=326659 goal=0 here=0 d11=0.49 b0=0.73 b2=0.51 b13=0.31
t=142 field hdg=241.7 enc=10987;6378 xy=4505;2496 want=-78 v-str=2.12 l=0.19 r=2.20 tick=326676 goal=0 here=0 d11=0.48 b0=0.71 b2=0.51 b13=0.31
t=143 field hdg=243.4 enc=10990;6376 xy=4505;2496 want=-78 v-str=2.14 l=0.16 r=2.20 tick=326694 goal=0 here=0 d11=0.49 b0=0.69 b2=0.52 b13=0.32
t=143 field hdg=245.1 enc=10992;6377 xy=4504;2495 want=-79 v-str=2.08 l=0.09 r=2.20 tick=326711 goal=0 here=0 d11=0.50 b0=0.64 b2=0.53 b13=0.30
t=143 field hdg=247.4 enc=10992;6377 xy=4504;2495 want=-81 v-str=2.17 l=0.05 r=2.20 tick=326728 goal=0 here=0 d11=0.49 b0=0.63 b2=0.53 b13=0.30
t=143 field hdg=241.7 enc=10995;6378 xy=4504;2493 want=-85 v-str=2.02 l=-0.02 r=2.20 tick=326746 goal=0 here=0 d11=0.48 b0=0.60 b2=0.53 b13=0.32
t=143 field hdg=240.4 enc=10998;6378 xy=4503;2492 want=-85 v-str=2.10 l=-0.04 r=2.20 tick=326763 goal=0 here=0 d11=0.48 b0=0.59 b2=0.54 b13=0.31
t=143 field hdg=243.9 enc=10997;6377 xy=4503;2493 want=-84 v-str=2.07 l=-0.03 r=2.20 tick=326780 goal=0 here=0 d11=0.48 b0=0.58 b2=0.54 b13=0.31
t=144 field hdg=240.5 enc=10997;6376 xy=4503;2493 want=-87 v-str=2.14 l=-0.08 r=2.20 tick=326798 goal=0 here=0 d11=0.49 b0=0.58 b2=0.56 b13=0.31
t=144 field hdg=243.6 enc=11001;6378 xy=4502;2490 want=-87 v-str=1.95 l=-0.08 r=2.20 tick=326815 goal=0 here=0 d11=0.49 b0=0.58 b2=0.56 b13=0.32
t=144 field hdg=240.2 enc=11003;6377 xy=4502;2490 want=-89 v-str=2.02 l=-0.12 r=2.20 tick=326832 goal=0 here=0 d11=0.47 b0=0.58 b2=0.57 b13=0.31
t=144 field hdg=236.3 enc=11006;6377 xy=4501;2489 want=-85 v-str=1.92 l=-0.08 r=2.19 tick=326850 goal=0 here=0 d11=0.50 b0=0.55 b2=0.79 b13=0.32
t=144 field hdg=239.1 enc=11008;6378 xy=4500;2487 want=-89 v-str=1.98 l=-0.13 r=2.20 tick=326867 goal=0 here=0 d11=0.50 b0=0.56 b2=0.81 b13=0.29
t=144 field hdg=237.7 enc=11010;6377 xy=4500;2487 want=-89 v-str=1.98 l=-0.13 r=2.20 tick=326884 goal=0 here=0 d11=0.47 b0=0.56 b2=0.82 b13=0.30
t=145 field hdg=242.7 enc=11011;6377 xy=4500;2486 want=-88 v-str=2.02 l=-0.13 r=2.20 tick=326901 goal=0 here=0 d11=0.49 b0=0.54 b2=0.83 b13=0.32
t=145 field hdg=240.2 enc=11013;6377 xy=4499;2486 want=-88 v-str=1.89 l=-0.15 r=2.20 tick=326918 goal=0 here=0 d11=0.49 b0=0.53 b2=0.85 b13=0.30
t=145 field hdg=238.3 enc=11016;6377 xy=4498;2484 want=-92 v-str=2.03 l=-0.21 r=2.20 tick=326935 goal=0 here=0 d11=-1.00 b0=0.50 b2=0.84 b13=0.30
t=145 field hdg=239.9 enc=11016;6376 xy=4499;2485 want=-89 v-str=1.99 l=-0.17 r=2.20 tick=326952 goal=0 here=0 d11=0.48 b0=0.51 b2=0.85 b13=0.32
t=145 field hdg=236.0 enc=11019;6377 xy=4498;2483 want=-91 v-str=2.06 l=-0.20 r=2.20 tick=326970 goal=0 here=0 d11=0.49 b0=0.51 b2=0.85 b13=0.31
t=145 field hdg=238.0 enc=11021;6378 xy=4497;2482 want=-92 v-str=1.98 l=-0.22 r=2.20 tick=326987 goal=0 here=0 d11=0.47 b0=0.50 b2=0.87 b13=0.30
t=146 field hdg=243.0 enc=11022;6376 xy=4497;2482 want=-91 v-str=1.95 l=-0.20 r=2.20 tick=327004 goal=0 here=0 d11=0.49 b0=0.50 b2=0.87 b13=0.30
t=146 field hdg=237.3 enc=11023;6378 xy=4496;2481 want=-90 v-str=1.94 l=-0.19 r=2.20 tick=327022 goal=0 here=0 d11=0.49 b0=0.49 b2=0.89 b13=0.31
t=146 field hdg=237.2 enc=11026;6376 xy=4496;2481 want=-90 v-str=2.01 l=-0.21 r=2.20 tick=327039 goal=0 here=0 d11=0.49 b0=0.48 b2=0.90 b13=0.30
t=146 field hdg=236.5 enc=11027;6376 xy=4496;2480 want=-92 v-str=1.99 l=-0.21 r=2.20 tick=327056 goal=0 here=0 d11=-1.00 b0=0.50 b2=0.91 b13=0.30
t=146 field hdg=235.9 enc=11029;6378 xy=4495;2478 want=-91 v-str=2.04 l=-0.21 r=2.20 tick=327073 goal=0 here=0 d11=0.49 b0=0.48 b2=0.92 b13=0.30
t=146 field hdg=236.4 enc=11030;6376 xy=4495;2479 want=-94 v-str=2.00 l=-0.24 r=2.20 tick=327091 goal=0 here=0 d11=0.48 b0=0.49 b2=0.94 b13=0.31
t=147 field hdg=237.9 enc=11033;6376 xy=4494;2478 want=-85 v-str=1.53 l=-0.12 r=2.13 tick=327108 goal=0 here=0 d11=0.49 b0=0.48 b2=1.02 b13=0.31
t=147 field hdg=237.5 enc=11036;6377 xy=4493;2476 want=-95 v-str=1.54 l=-0.30 r=2.20 tick=327125 goal=0 here=0 d11=0.49 b0=0.49 b2=1.04 b13=0.30
t=147 field hdg=231.2 enc=11036;6377 xy=4493;2476 want=-104 v-str=2.19 l=-0.47 r=2.20 tick=327142 goal=0 here=0 d11=0.48 b0=0.47 b2=1.15 b13=0.29
t=147 field hdg=234.9 enc=11038;6376 xy=4493;2476 want=-104 v-str=2.28 l=-0.47 r=2.20 tick=327160 goal=0 here=0 d11=0.49 b0=0.48 b2=1.14 b13=0.31
t=147 field hdg=233.5 enc=11039;6376 xy=4492;2475 want=-104 v-str=2.19 l=-0.47 r=2.20 tick=327177 goal=0 here=0 d11=0.47 b0=0.47 b2=1.15 b13=0.32
t=148 field hdg=234.2 enc=11043;6377 xy=4491;2473 want=-107 v-str=2.27 l=-0.53 r=2.20 tick=327194 goal=0 here=0 d11=0.49 b0=0.46 b2=1.17 b13=0.29
t=148 field hdg=234.6 enc=11043;6376 xy=4491;2474 want=-103 v-str=2.18 l=-0.47 r=2.20 tick=327211 goal=0 here=0 d11=0.50 b0=0.47 b2=1.17 b13=0.30
t=148 field hdg=235.9 enc=11045;6376 xy=4491;2473 want=-107 v-str=2.43 l=-0.52 r=2.20 tick=327229 goal=0 here=0 d11=0.48 b0=0.47 b2=1.16 b13=0.31
t=148 field hdg=235.5 enc=11047;6376 xy=4490;2472 want=-111 v-str=2.42 l=-0.59 r=2.20 tick=327246 goal=0 here=0 d11=0.49 b0=0.46 b2=1.18 b13=0.31
t=148 field hdg=232.0 enc=11048;6378 xy=4489;2471 want=-67 v-str=1.82 l=0.01 r=1.79 tick=327263 goal=0 here=0 d11=0.47 b0=0.47 b2=1.20 b13=0.30
t=148 field hdg=229.6 enc=11049;6377 xy=4489;2471 want=-75 v-str=1.82 l=-0.12 r=1.87 tick=327281 goal=0 here=0 d11=0.50 b0=0.45 b2=1.19 b13=0.30
t=149 field hdg=-1.0 enc=11051;6376 xy=4490;2471 want=-71 v-str=1.85 l=-0.06 r=1.84 tick=327298 goal=0 here=0 d11=0.50 b0=0.46 b2=1.21 b13=0.31
t=149 field hdg=230.1 enc=11053;6376 xy=4489;2470 want=-81 v-str=1.92 l=-0.26 r=1.89 tick=327316 goal=0 here=0 d11=0.49 b0=0.45 b2=1.22 b13=0.31
t=149 field hdg=236.7 enc=11054;6376 xy=4489;2469 want=-57 v-str=1.69 l=0.06 r=1.58 tick=327334 goal=0 here=0 d11=0.47 b0=0.47 b2=1.35 b13=0.31
t=149 field hdg=232.4 enc=11053;6376 xy=4489;2470 want=-61 v-str=1.44 l=-0.01 r=1.61 tick=327351 goal=0 here=0 d11=0.49 b0=0.45 b2=1.43 b13=0.30
t=149 field hdg=230.2 enc=11054;6376 xy=4489;2469 want=-57 v-str=1.66 l=0.03 r=1.54 tick=327368 goal=0 here=0 d11=0.48 b0=0.46 b2=1.43 b13=0.30
t=149 field hdg=231.8 enc=11056;6378 xy=4488;2468 want=-60 v-str=1.58 l=-0.03 r=1.56 tick=327386 goal=0 here=0 d11=0.49 b0=0.46 b2=1.44 b13=0.32
t=150 field hdg=232.9 enc=11055;6376 xy=4488;2469 want=-59 v-str=1.59 l=-0.02 r=1.55 tick=327402 goal=0 here=0 d11=0.49 b0=0.45 b2=1.44 b13=0.31
t=150 field hdg=-1.0 enc=11056;6378 xy=4490;2469 want=-60 v-str=1.64 l=-0.04 r=1.56 tick=327420 goal=0 here=0 d11=0.49 b0=0.46 b2=1.43 b13=0.30
t=150 field hdg=-1.0 enc=11059;6377 xy=4491;2469 want=-68 v-str=1.41 l=-0.16 r=1.65 tick=327437 goal=0 here=0 d11=0.48 b0=0.45 b2=1.44 b13=0.30
t=150 field hdg=-1.0 enc=11059;6377 xy=4491;2469 want=-62 v-str=1.61 l=-0.07 r=1.60 tick=327454 goal=0 here=0 d11=0.49 b0=0.47 b2=1.43 b13=0.30
t=150 field hdg=232.6 enc=11060;6377 xy=4491;2469 want=-72 v-str=1.53 l=-0.22 r=1.71 tick=327471 goal=0 here=0 d11=0.50 b0=0.45 b2=1.42 b13=0.31
t=150 field hdg=229.0 enc=11062;6378 xy=4490;2468 want=-65 v-str=1.52 l=-0.13 r=1.61 tick=327488 goal=0 here=0 d11=0.49 b0=0.45 b2=1.43 b13=0.30
t=151 field hdg=235.1 enc=11061;6378 xy=4490;2468 want=-73 v-str=1.55 l=-0.24 r=1.72 tick=327506 goal=0 here=0 d11=0.48 b0=0.45 b2=1.42 b13=0.30
t=151 field hdg=229.4 enc=11063;6378 xy=4489;2467 want=-63 v-str=1.66 l=-0.09 r=1.58 tick=327524 goal=0 here=0 d11=0.49 b0=0.45 b2=1.43 b13=0.31
t=151 field hdg=234.0 enc=11063;6378 xy=4489;2467 want=-69 v-str=1.46 l=-0.18 r=1.65 tick=327541 goal=0 here=0 d11=0.49 b0=0.44 b2=1.43 b13=0.30
t=151 field hdg=227.3 enc=11064;6376 xy=4490;2468 want=-62 v-str=1.54 l=-0.07 r=1.57 tick=327559 goal=0 here=0 d11=0.50 b0=0.46 b2=1.41 b13=0.30
t=151 STUCK mv=11 back+turn
t=154 field hdg=217.0 enc=11094;6340 xy=4492;2469 want=-65 v-str=1.63 l=-0.17 r=1.57 tick=327807 goal=0 here=0 d11=0.49 b0=0.31 b2=1.40 b13=0.29
t=154 field hdg=217.5 enc=11096;6339 xy=4492;2469 want=-68 v-str=1.65 l=-0.20 r=1.60 tick=327825 goal=0 here=0 d11=0.48 b0=0.31 b2=1.40 b13=0.29
t=154 field hdg=217.4 enc=11097;6340 xy=4491;2468 want=-64 v-str=1.67 l=-0.15 r=1.55 tick=327843 goal=0 here=0 d11=0.48 b0=0.31 b2=1.40 b13=0.31
t=154 field hdg=220.6 enc=11098;6339 xy=4491;2468 want=-73 v-str=1.82 l=-0.27 r=1.67 tick=327860 goal=0 here=0 d11=0.50 b0=0.29 b2=1.40 b13=0.28
t=154 field hdg=218.1 enc=11099;6341 xy=4490;2467 want=-70 v-str=1.84 l=-0.23 r=1.63 tick=327877 goal=0 here=0 d11=0.49 b0=0.30 b2=1.40 b13=0.29
t=155 field hdg=218.7 enc=11100;6339 xy=4490;2468 want=-73 v-str=1.78 l=-0.27 r=1.67 tick=327895 goal=0 here=0 d11=-1.00 b0=0.30 b2=1.40 b13=0.30
t=155 field hdg=219.7 enc=11102;6339 xy=4489;2467 want=-71 v-str=1.75 l=-0.25 r=1.65 tick=327914 goal=0 here=0 d11=0.49 b0=0.29 b2=1.42 b13=0.31
t=155 field hdg=218.2 enc=11102;6339 xy=4489;2467 want=-71 v-str=1.74 l=-0.25 r=1.65 tick=327931 goal=0 here=0 d11=0.48 b0=0.30 b2=1.42 b13=0.30
t=155 field hdg=215.0 enc=11103;6341 xy=4488;2466 want=-73 v-str=1.80 l=-0.27 r=1.67 tick=327949 goal=0 here=0 d11=0.48 b0=0.30 b2=1.41 b13=0.30
t=155 field hdg=218.4 enc=11103;6339 xy=4489;2467 want=-72 v-str=1.79 l=-0.26 r=1.66 tick=327966 goal=0 here=0 d11=0.47 b0=0.29 b2=1.41 b13=0.30
t=155 field hdg=217.8 enc=11105;6340 xy=4488;2466 want=-75 v-str=1.73 l=-0.29 r=1.69 tick=327983 goal=0 here=0 d11=-1.00 b0=0.29 b2=1.41 b13=0.29
t=156 field hdg=215.8 enc=11106;6340 xy=4487;2466 want=-70 v-str=1.71 l=-0.23 r=1.63 tick=328000 goal=0 here=0 d11=0.47 b0=0.30 b2=1.42 b13=0.29
t=156 field hdg=215.0 enc=11106;6340 xy=4487;2466 want=-74 v-str=1.64 l=-0.28 r=1.68 tick=328018 goal=0 here=0 d11=0.48 b0=0.29 b2=1.43 b13=0.30
t=156 field hdg=214.7 enc=11106;6339 xy=4488;2466 want=-72 v-str=1.76 l=-0.27 r=1.67 tick=328035 goal=0 here=0 d11=0.50 b0=0.31 b2=1.41 b13=0.30
t=156 field hdg=213.8 enc=11108;6340 xy=4486;2465 want=-70 v-str=1.33 l=-0.23 r=1.63 tick=328052 goal=0 here=0 d11=0.50 b0=0.29 b2=1.42 b13=0.29
t=156 field hdg=217.4 enc=11109;6340 xy=4486;2465 want=-74 v-str=1.44 l=-0.28 r=1.68 tick=328069 goal=0 here=0 d11=0.49 b0=0.28 b2=1.42 b13=0.30
t=157 field hdg=214.4 enc=11111;6339 xy=4486;2465 want=-69 v-str=1.34 l=-0.23 r=1.63 tick=328099 goal=0 here=0 d11=0.48 b0=0.28 b2=1.43 b13=0.29
t=157 field hdg=214.9 enc=11112;6340 xy=4485;2464 want=-67 v-str=1.40 l=-0.19 r=1.59 tick=328116 goal=0 here=0 d11=0.50 b0=0.28 b2=1.43 b13=0.31
t=157 field hdg=216.4 enc=11112;6339 xy=4485;2464 want=-69 v-str=1.36 l=-0.22 r=1.62 tick=328150 goal=0 here=0 d11=0.48 b0=0.29 b2=1.44 b13=0.31
t=157 field hdg=214.5 enc=11114;6339 xy=4484;2464 want=-67 v-str=1.35 l=-0.19 r=1.59 tick=328167 goal=0 here=0 d11=0.49 b0=0.28 b2=1.44 b13=0.30
t=157 field hdg=213.3 enc=11116;6340 xy=4483;2463 want=-66 v-str=1.28 l=-0.17 r=1.57 tick=328185 goal=0 here=0 d11=0.47 b0=0.29 b2=1.44 b13=0.30
t=158 STUCK mv=10 back+turn
t=160 field hdg=202.0 enc=11145;6303 xy=4487;2464 want=-22 v-str=1.69 l=0.41 r=0.99 tick=328433 goal=0 here=0 d11=0.49 b0=0.30 b2=0.76 b13=0.39
t=160 field hdg=204.0 enc=11146;6303 xy=4486;2464 want=-22 v-str=1.59 l=0.41 r=0.99 tick=328450 goal=0 here=0 d11=0.49 b0=0.30 b2=0.76 b13=0.40
t=160 field hdg=201.1 enc=11146;6304 xy=4486;2464 want=-21 v-str=1.40 l=0.42 r=0.98 tick=328467 goal=0 here=0 d11=0.48 b0=0.29 b2=0.76 b13=0.40
t=160 field hdg=202.6 enc=11146;6303 xy=4486;2464 want=-16 v-str=1.64 l=0.49 r=0.91 tick=328485 goal=0 here=0 d11=0.48 b0=0.30 b2=0.76 b13=0.39
t=161 field hdg=201.7 enc=11146;6303 xy=4486;2464 want=-23 v-str=1.56 l=0.39 r=1.01 tick=328502 goal=0 here=0 d11=0.50 b0=0.29 b2=0.76 b13=0.40
t=161 field hdg=203.0 enc=11146;6304 xy=4486;2464 want=-18 v-str=1.50 l=0.46 r=0.94 tick=328519 goal=0 here=0 d11=0.49 b0=0.30 b2=0.77 b13=0.39
t=161 field hdg=204.1 enc=11146;6303 xy=4486;2464 want=-20 v-str=1.65 l=0.43 r=0.97 tick=328537 goal=0 here=0 d11=0.49 b0=0.29 b2=0.74 b13=0.40
t=161 field hdg=205.6 enc=11147;6302 xy=4486;2464 want=-23 v-str=1.55 l=0.39 r=1.01 tick=328554 goal=0 here=0 d11=0.49 b0=0.30 b2=0.75 b13=0.39
t=161 field hdg=200.8 enc=11147;6302 xy=4486;2464 want=-25 v-str=1.50 l=0.37 r=1.03 tick=328571 goal=0 here=0 d11=0.48 b0=0.30 b2=0.75 b13=0.40
t=161 field hdg=200.8 enc=11147;6304 xy=4485;2464 want=-19 v-str=1.60 l=0.45 r=0.95 tick=328589 goal=0 here=0 d11=0.50 b0=0.30 b2=0.76 b13=0.40
t=162 field hdg=204.4 enc=11148;6304 xy=4485;2464 want=-24 v-str=1.49 l=0.38 r=1.02 tick=328606 goal=0 here=0 d11=0.48 b0=0.31 b2=0.73 b13=0.39
t=162 STUCK mv=5 back+turn
t=164 field hdg=190.9 enc=11180;6267 xy=4487;2464 want=-65 v-str=2.16 l=-0.17 r=1.57 tick=328854 goal=0 here=0 d11=0.50 b0=0.33 b2=0.45 b13=0.48
t=164 field hdg=188.4 enc=11179;6267 xy=4488;2464 want=-64 v-str=2.22 l=-0.15 r=1.55 tick=328871 goal=0 here=0 d11=0.49 b0=0.33 b2=0.45 b13=0.48
t=164 field hdg=-1.0 enc=11179;6265 xy=4487;2464 want=-63 v-str=2.22 l=-0.13 r=1.53 tick=328888 goal=0 here=0 d11=0.50 b0=0.33 b2=0.46 b13=0.48
t=165 field hdg=192.1 enc=11180;6267 xy=4485;2464 want=-66 v-str=2.21 l=-0.17 r=1.57 tick=328906 goal=0 here=0 d11=0.49 b0=0.33 b2=0.46 b13=0.48
t=165 field hdg=189.1 enc=11181;6265 xy=4486;2464 want=-64 v-str=2.21 l=-0.16 r=1.56 tick=328923 goal=0 here=0 d11=0.48 b0=0.32 b2=0.46 b13=0.47
t=165 field hdg=188.9 enc=11184;6265 xy=4485;2464 want=-66 v-str=2.26 l=-0.17 r=1.57 tick=328940 goal=0 here=0 d11=0.48 b0=0.33 b2=0.46 b13=0.49
t=165 field hdg=185.5 enc=11184;6267 xy=4484;2464 want=-64 v-str=2.24 l=-0.16 r=1.56 tick=328957 goal=0 here=0 d11=0.48 b0=0.33 b2=0.46 b13=0.49
t=165 field hdg=188.6 enc=11186;6265 xy=4484;2464 want=-72 v-str=2.40 l=-0.26 r=1.66 tick=328975 goal=0 here=0 d11=0.48 b0=0.34 b2=0.44 b13=0.50
t=165 field hdg=188.5 enc=11185;6266 xy=4484;2464 want=-70 v-str=2.45 l=-0.23 r=1.63 tick=328992 goal=0 here=0 d11=0.47 b0=0.32 b2=0.44 b13=0.48
t=166 field hdg=189.9 enc=11187;6266 xy=4483;2463 want=-70 v-str=2.45 l=-0.23 r=1.63 tick=329009 goal=0 here=0 d11=0.49 b0=0.31 b2=0.45 b13=0.49
t=166 field hdg=185.6 enc=11189;6266 xy=4482;2463 want=-56 v-str=1.87 l=-0.05 r=1.45 tick=329026 goal=0 here=0 d11=0.50 b0=0.31 b2=0.45 b13=0.48
t=166 field hdg=184.1 enc=11188;6265 xy=4483;2463 want=-45 v-str=1.84 l=0.09 r=1.31 tick=329044 goal=0 here=0 d11=0.49 b0=0.32 b2=0.44 b13=0.49
t=166 field hdg=186.1 enc=11190;6267 xy=4481;2463 want=-30 v-str=1.59 l=0.30 r=1.10 tick=329061 goal=0 here=0 d11=0.48 b0=0.33 b2=0.46 b13=0.49
t=166 field hdg=185.3 enc=11191;6265 xy=4481;2463 want=-25 v-str=1.45 l=0.37 r=1.03 tick=329078 goal=0 here=0 d11=0.48 b0=0.31 b2=0.46 b13=0.48
t=167 field hdg=187.8 enc=11192;6267 xy=4480;2463 want=-41 v-str=1.37 l=0.16 r=1.24 tick=329095 goal=0 here=0 d11=0.48 b0=0.32 b2=0.45 b13=0.50
t=167 field hdg=188.1 enc=11191;6266 xy=4481;2463 want=-28 v-str=1.32 l=0.33 r=1.07 tick=329113 goal=0 here=0 d11=0.47 b0=0.31 b2=0.46 b13=0.49
t=167 field hdg=188.8 enc=11193;6266 xy=4480;2463 want=-20 v-str=1.38 l=0.44 r=0.96 tick=329130 goal=0 here=0 d11=0.49 b0=0.32 b2=0.45 b13=0.49
t=167 field hdg=188.9 enc=11192;6265 xy=4481;2463 want=-19 v-str=1.41 l=0.44 r=0.96 tick=329147 goal=0 here=0 d11=0.49 b0=0.31 b2=0.45 b13=0.49
t=167 field hdg=186.7 enc=11192;6267 xy=4480;2463 want=-23 v-str=1.29 l=0.39 r=1.01 tick=329165 goal=0 here=0 d11=0.48 b0=0.33 b2=0.44 b13=0.49
t=167 field hdg=186.3 enc=11195;6265 xy=4479;2463 want=-17 v-str=1.49 l=0.48 r=0.92 tick=329182 goal=0 here=0 d11=0.50 b0=0.32 b2=0.45 b13=0.50
t=168 field hdg=186.3 enc=11193;6266 xy=4480;2463 want=-27 v-str=1.30 l=0.34 r=1.06 tick=329199 goal=0 here=0 d11=0.50 b0=0.32 b2=0.44 b13=0.49
t=168 field hdg=191.2 enc=11194;6267 xy=4479;2463 want=-33 v-str=1.31 l=0.26 r=1.14 tick=329217 goal=0 here=0 d11=0.47 b0=0.31 b2=0.44 b13=0.49
t=168 field hdg=186.6 enc=11197;6266 xy=4478;2463 want=-26 v-str=1.40 l=0.35 r=1.05 tick=329234 goal=0 here=0 d11=0.47 b0=0.32 b2=0.45 b13=0.51
t=168 field hdg=187.0 enc=11197;6267 xy=4477;2463 want=-28 v-str=1.30 l=0.32 r=1.08 tick=329251 goal=0 here=0 d11=0.49 b0=0.32 b2=0.44 b13=0.49
t=168 STUCK mv=11 back+turn
t=171 field hdg=173.7 enc=11228;6229 xy=4481;2462 want=-18 v-str=1.30 l=0.45 r=0.95 tick=329498 goal=0 here=0 d11=0.48 b0=0.29 b2=0.32 b13=0.68
t=171 field hdg=176.7 enc=11228;6230 xy=4480;2462 want=-19 v-str=1.24 l=0.44 r=0.96 tick=329516 goal=0 here=0 d11=0.48 b0=0.29 b2=0.32 b13=0.68
t=171 field hdg=176.8 enc=11226;6230 xy=4481;2462 want=-24 v-str=1.57 l=0.38 r=1.02 tick=329533 goal=0 here=0 d11=0.50 b0=0.30 b2=0.32 b13=0.68
t=171 field hdg=174.2 enc=11229;6231 xy=4479;2462 want=-23 v-str=1.49 l=0.40 r=1.00 tick=329550 goal=0 here=0 d11=0.48 b0=0.29 b2=0.32 b13=0.68
t=171 field hdg=175.6 enc=11230;6229 xy=4480;2462 want=-23 v-str=1.49 l=0.39 r=1.01 tick=329568 goal=0 here=0 d11=0.48 b0=0.29 b2=0.32 b13=0.68
t=171 field hdg=175.2 enc=11230;6231 xy=4479;2463 want=-24 v-str=1.54 l=0.37 r=1.03  d11=0.50 b0=0.30 b2=0.30 b13=0.69
t=172 field hdg=173.5 enc=11231;6231 xy=4478;2463 want=-26 v-str=1.56 l=0.35 r=1.05 tick=329602 goal=0 here=0 d11=-1.00 b0=0.30 b2=0.29 b13=0.70
t=172 field hdg=174.6 enc=11233;6231 xy=4477;2463 want=-28 v-str=1.55 l=0.33 r=1.07 tick=329620 goal=0 here=0 d11=0.49 b0=0.30 b2=0.30 b13=0.72
t=172 field hdg=172.1 enc=11234;6229 xy=4478;2463 want=-26 v-str=1.48 l=0.36 r=1.04 tick=329637 goal=0 here=0 d11=0.50 b0=0.30 b2=0.30 b13=0.70
t=172 field hdg=171.0 enc=11234;6231 xy=4477;2463 want=-26 v-str=1.41 l=0.36 r=1.04 tick=329655 goal=0 here=0 d11=0.49 b0=0.30 b2=0.29 b13=0.70
t=172 field hdg=174.7 enc=11234;6229 xy=4478;2463 want=-17 v-str=1.40 l=0.47 r=0.93 tick=329672 goal=0 here=0 d11=0.50 b0=0.29 b2=0.29 b13=0.73
t=172 field hdg=172.0 enc=11234;6230 xy=4477;2463 want=-24 v-str=1.42 l=0.38 r=1.02 tick=329689 goal=0 here=0 d11=0.47 b0=0.30 b2=0.29 b13=0.71
t=173 STUCK mv=8 back+turn
t=175 field hdg=157.8 enc=11266;6193 xy=4479;2462 want=-4 v-str=1.35 l=0.64 r=0.76 tick=329938 goal=0 here=0 d11=0.49 b0=0.29 b2=0.29 b13=1.56
t=175 field hdg=161.8 enc=11266;6192 xy=4480;2462 want=-5 v-str=1.42 l=0.63 r=0.77 tick=329955 goal=0 here=0 d11=0.48 b0=0.30 b2=0.28 b13=1.56
t=175 field hdg=161.5 enc=11265;6194 xy=4479;2462 want=7 v-str=1.58 l=0.79 r=0.61 tick=329973 goal=0 here=0 d11=0.49 b0=0.30 b2=0.30 b13=1.55
t=175 field hdg=162.8 enc=11264;6192 xy=4481;2461 want=-2 v-str=1.43 l=0.68 r=0.72 tick=329990 goal=0 here=0 d11=0.50 b0=0.30 b2=0.29 b13=1.56
t=176 field hdg=163.5 enc=11266;6194 xy=4479;2462 want=-5 v-str=1.45 l=0.63 r=0.77 tick=330009 goal=0 here=0 d11=0.50 b0=0.31 b2=0.28 b13=1.55
t=176 field hdg=161.6 enc=11264;6192 xy=4481;2461 want=-1 v-str=1.51 l=0.68 r=0.72 tick=330026 goal=0 here=0 d11=0.48 b0=0.30 b2=0.30 b13=1.55
t=176 field hdg=160.3 enc=11266;6194 xy=4479;2462 want=5 v-str=1.53 l=0.77 r=0.63 tick=330043 goal=0 here=0 d11=0.48 b0=0.29 b2=0.30 b13=1.56
t=176 field hdg=162.1 enc=11266;6193 xy=4479;2462 want=-2 v-str=1.42 l=0.67 r=0.73 tick=330060 goal=0 here=0 d11=0.48 b0=0.29 b2=0.28 b13=1.55
t=176 field hdg=160.9 enc=11264;6193 xy=4480;2462 want=6 v-str=1.47 l=0.78 r=0.62 tick=330078 goal=0 here=0 d11=0.49 b0=0.30 b2=0.28 b13=1.53
t=177 field hdg=160.4 enc=11266;6192 xy=4480;2462 want=6 v-str=1.53 l=0.77 r=0.63 tick=330096 goal=0 here=0 d11=0.47 b0=0.30 b2=0.29 b13=1.54
t=177 field hdg=159.8 enc=11266;6193 xy=4479;2462 want=-0 v-str=1.37 l=0.69 r=0.71 tick=330113 goal=0 here=0 d11=0.49 b0=0.29 b2=0.29 b13=1.56
t=177 STUCK mv=3 back+turn
t=179 field hdg=173.5 enc=11226;6220 xy=4486;2461 want=-25 v-str=1.42 l=0.36 r=1.04 tick=330361 goal=0 here=0 d11=0.48 b0=0.29 b2=0.30 b13=0.72
t=179 field hdg=171.7 enc=11226;6220 xy=4486;2461 want=-23 v-str=1.60 l=0.39 r=1.01 tick=330378 goal=0 here=0 d11=0.47 b0=0.31 b2=0.30 b13=0.73
t=180 field hdg=172.7 enc=11227;6220 xy=4485;2461 want=-30 v-str=1.75 l=0.30 r=1.10 tick=330395 goal=0 here=0 d11=0.49 b0=0.30 b2=0.30 b13=0.82
t=180 field hdg=172.6 enc=11229;6221 xy=4484;2461 want=-29 v-str=1.65 l=0.31 r=1.09 tick=330412 goal=0 here=0 d11=0.49 b0=0.29 b2=0.29 b13=0.92
t=180 field hdg=171.3 enc=11230;6220 xy=4484;2461 want=-28 v-str=1.83 l=0.32 r=1.08 tick=330430 goal=0 here=0 d11=0.48 b0=0.30 b2=0.30 b13=0.92
t=180 field hdg=172.2 enc=11231;6222 xy=4482;2461 want=-28 v-str=1.64 l=0.33 r=1.07 tick=330447 goal=0 here=0 d11=0.50 b0=0.29 b2=0.30 b13=0.92
t=180 field hdg=171.1 enc=11230;6220 xy=4484;2461 want=-31 v-str=1.63 l=0.29 r=1.11 tick=330464 goal=0 here=0 d11=0.49 b0=0.31 b2=0.30 b13=0.93
t=180 field hdg=167.6 enc=11232;6222 xy=4482;2462 want=-31 v-str=1.65 l=0.29 r=1.11 tick=330481 goal=0 here=0 d11=0.50 b0=0.30 b2=0.29 b13=0.93
t=181 field hdg=170.7 enc=11232;6221 xy=4482;2462 want=-30 v-str=1.73 l=0.30 r=1.10 tick=330498 goal=0 here=0 d11=0.48 b0=0.31 b2=0.28 b13=0.93
t=181 field hdg=169.7 enc=11233;6221 xy=4482;2462 want=-30 v-str=1.68 l=0.29 r=1.11 tick=330515 goal=0 here=0 d11=0.49 b0=0.30 b2=0.28 b13=0.93
t=181 field hdg=172.0 enc=11234;6222 xy=4481;2462 want=-27 v-str=1.50 l=0.34 r=1.06 tick=330532 goal=0 here=0 d11=0.49 b0=0.32 b2=0.30 b13=0.94
t=181 field hdg=172.1 enc=11235;6220 xy=4481;2462 want=-25 v-str=1.36 l=0.36 r=1.04 tick=330550 goal=0 here=0 d11=0.49 b0=0.29 b2=0.28 b13=0.93
t=181 field hdg=172.3 enc=11238;6222 xy=4479;2462 want=-27 v-str=1.36 l=0.34 r=1.06 tick=330567 goal=0 here=0 d11=0.48 b0=0.30 b2=0.28 b13=0.93
t=181 field hdg=173.5 enc=11239;6221 xy=4479;2462 want=-31 v-str=1.33 l=0.28 r=1.12 tick=330584 goal=0 here=0 d11=0.49 b0=0.31 b2=0.28 b13=0.94
t=182 field hdg=172.0 enc=11239;6222 xy=4478;2462 want=-21 v-str=1.31 l=0.42 r=0.98 tick=330601 goal=0 here=0 d11=0.48 b0=0.28 b2=0.29 b13=0.94
t=182 field hdg=172.8 enc=11240;6220 xy=4479;2462 want=-26 v-str=1.28 l=0.35 r=1.05 tick=330619 goal=0 here=0 d11=0.49 b0=0.29 b2=0.27 b13=0.94
t=182 field hdg=172.3 enc=11239;6220 xy=4479;2462 want=-21 v-str=1.36 l=0.42 r=0.98 tick=330636 goal=0 here=0 d11=0.48 b0=0.31 b2=0.29 b13=0.95
t=182 field hdg=171.6 enc=11239;6220 xy=4479;2462 want=-26 v-str=1.28 l=0.35 r=1.05 tick=330653 goal=0 here=0 d11=0.47 b0=0.30 b2=0.29 b13=0.94
t=182 field hdg=171.1 enc=11239;6221 xy=4479;2462 want=-24 v-str=1.38 l=0.37 r=1.03 tick=330670 goal=0 here=0 d11=0.47 b0=0.30 b2=0.29 b13=0.95
t=182 field hdg=169.0 enc=11242;6220 xy=4478;2462 want=-29 v-str=1.25 l=0.32 r=1.08 tick=330688 goal=0 here=0 d11=0.49 b0=0.29 b2=0.28 b13=0.96
t=183 field hdg=173.8 enc=11242;6220 xy=4478;2462 want=-35 v-str=1.28 l=0.24 r=1.16 tick=330705 goal=0 here=0 d11=0.50 b0=0.30 b2=0.27 b13=0.96
t=183 field hdg=168.8 enc=11242;6222 xy=4477;2462 want=-24 v-str=1.23 l=0.38 r=1.02 tick=330722 goal=0 here=0 d11=0.51 b0=0.29 b2=0.27 b13=0.96
t=183 field hdg=169.2 enc=11242;6221 xy=4477;2462 want=-25 v-str=1.35 l=0.37 r=1.03 tick=330740 goal=0 here=0 d11=0.49 b0=0.29 b2=0.28 b13=0.97
t=183 field hdg=170.7 enc=11244;6220 xy=4477;2462 want=-22 v-str=1.28 l=0.41 r=0.99 tick=330756 goal=0 here=0 d11=0.49 b0=0.29 b2=0.28 b13=0.98
t=183 STUCK mv=9 back+turn
t=186 field hdg=156.4 enc=11276;6184 xy=4479;2461 want=18 v-str=1.40 l=0.94 r=0.46 tick=331004 goal=0 here=0 d11=0.46 b0=0.30 b2=0.30 b13=1.52
t=186 field hdg=157.9 enc=11274;6184 xy=4480;2461 want=20 v-str=1.41 l=0.96 r=0.44 tick=331022 goal=0 here=0 d11=0.49 b0=0.30 b2=0.30 b13=1.50
t=186 field hdg=159.2 enc=11276;6184 xy=4479;2461 want=19 v-str=1.44 l=0.95 r=0.45 tick=331039 goal=0 here=0 d11=0.49 b0=0.30 b2=0.29 b13=1.51
t=186 field hdg=155.9 enc=11275;6185 xy=4479;2461 want=22 v-str=1.41 l=0.99 r=0.41 tick=331057 goal=0 here=0 d11=0.49 b0=0.29 b2=0.30 b13=1.50
t=186 field hdg=156.6 enc=11275;6184 xy=4479;2461 want=25 v-str=1.52 l=1.04 r=0.36 tick=331074 goal=0 here=0 d11=0.49 b0=0.30 b2=0.28 b13=1.50
t=186 field hdg=161.0 enc=11276;6185 xy=4478;2461 want=18 v-str=1.36 l=0.93 r=0.47 tick=331091 goal=0 here=0 d11=0.48 b0=0.29 b2=0.29 b13=1.52
t=187 field hdg=155.0 enc=11276;6185 xy=4478;2461 want=18 v-str=1.46 l=0.95 r=0.45 tick=331109 goal=0 here=0 d11=0.48 b0=0.31 b2=0.30 b13=1.51
t=187 field hdg=156.8 enc=11276;6185 xy=4478;2461 want=18 v-str=1.35 l=0.95 r=0.45 tick=331127 goal=0 here=0 d11=0.50 b0=0.28 b2=0.29 b13=1.52
t=187 field hdg=157.6 enc=11276;6185 xy=4478;2461 want=17 v-str=1.25 l=0.92 r=0.48 tick=331144 goal=0 here=0 d11=0.51 b0=0.29 b2=0.29 b13=1.50
t=187 field hdg=156.2 enc=11274;6186 xy=4479;2461 want=19 v-str=1.39 l=0.96 r=0.44 tick=331161 goal=0 here=0 d11=0.48 b0=0.30 b2=0.30 b13=1.51
t=187 field hdg=161.1 enc=11276;6184 xy=4479;2461 want=25 v-str=1.67 l=1.03 r=0.37 tick=331178 goal=0 here=0 d11=0.47 b0=0.31 b2=0.30 b13=1.51
t=188 STUCK mv=4 back+turn
t=190 field hdg=168.6 enc=11235;6213 xy=4485;2460 want=-10 v-str=1.54 l=0.57 r=0.83 tick=331426 goal=0 here=0 d11=0.48 b0=0.30 b2=0.27 b13=0.98
t=190 field hdg=168.3 enc=11237;6213 xy=4484;2460 want=-24 v-str=1.39 l=0.37 r=1.03 tick=331443 goal=0 here=0 d11=0.48 b0=0.30 b2=0.29 b13=0.96
t=190 field hdg=171.6 enc=11237;6215 xy=4483;2461 want=-24 v-str=1.48 l=0.39 r=1.01 tick=331460 goal=0 here=0 d11=0.49 b0=0.29 b2=0.28 b13=0.99
t=190 field hdg=168.4 enc=11237;6214 xy=4483;2460 want=-20 v-str=1.40 l=0.43 r=0.97 tick=331477 goal=0 here=0 d11=0.50 b0=0.31 b2=0.28 b13=0.99
t=191 field hdg=169.5 enc=11236;6214 xy=4484;2460 want=-23 v-str=1.39 l=0.39 r=1.01 tick=331495 goal=0 here=0 d11=0.50 b0=0.31 b2=0.28 b13=1.01
t=191 field hdg=165.8 enc=11239;6215 xy=4482;2461 want=-24 v-str=1.42 l=0.39 r=1.01 tick=331513 goal=0 here=0 d11=0.47 b0=0.29 b2=0.28 b13=1.00
t=191 field hdg=169.1 enc=11240;6214 xy=4482;2461 want=-25 v-str=1.29 l=0.36 r=1.04 tick=331530 goal=0 here=0 d11=0.48 b0=0.30 b2=0.29 b13=1.07
t=191 field hdg=170.0 enc=11240;6214 xy=4482;2461 want=-27 v-str=1.34 l=0.35 r=1.05 tick=331547 goal=0 here=0 d11=0.49 b0=0.29 b2=0.27 b13=1.07
t=191 field hdg=169.2 enc=11240;6213 xy=4482;2461 want=-24 v-str=1.33 l=0.38 r=1.02 tick=331564 goal=0 here=0 d11=-1.00 b0=0.30 b2=0.28 b13=1.08
t=191 field hdg=168.8 enc=11243;6213 xy=4481;2461 want=-21 v-str=1.23 l=0.42 r=0.98 tick=331582 goal=0 here=0 d11=0.49 b0=0.31 b2=0.27 b13=1.09
t=192 field hdg=170.2 enc=11241;6214 xy=4481;2461 want=-39 v-str=1.45 l=0.18 r=1.22 tick=331599 goal=0 here=0 d11=0.49 b0=0.30 b2=0.27 b13=1.09
t=192 STUCK mv=9 back+turn
t=194 field hdg=157.4 enc=11273;6178 xy=4483;2460 want=23 v-str=1.56 l=1.01 r=0.39 tick=331847 goal=0 here=0 d11=0.48 b0=0.28 b2=0.30 b13=1.52
t=194 field hdg=155.1 enc=11271;6179 xy=4483;2460 want=20 v-str=1.59 l=0.97 r=0.43  d11=0.48 b0=0.29 b2=0.31 b13=1.52
t=194 field hdg=156.1 enc=11273;6178 xy=4483;2460 want=20 v-str=1.52 l=0.96 r=0.44 tick=331882 goal=0 here=0 d11=0.49 b0=0.29 b2=0.30 b13=1.52
t=195 field hdg=157.8 enc=11271;6179 xy=4483;2460 want=29 v-str=1.84 l=1.09 r=0.31 tick=331899 goal=0 here=0 d11=0.50 b0=0.30 b2=0.30 b13=1.51
t=195 field hdg=154.8 enc=11271;6178 xy=4484;2459 want=21 v-str=1.52 l=0.97 r=0.43  d11=0.49 b0=0.31 b2=0.30 b13=1.51
t=195 field hdg=157.9 enc=11272;6180 xy=4482;2460 want=20 v-str=1.47 l=0.96 r=0.44 tick=331934 goal=0 here=0 d11=0.49 b0=0.29 b2=0.30 b13=1.51
t=195 field hdg=157.5 enc=11273;6179 xy=4482;2460 want=26 v-str=1.43 l=1.05 r=0.35 tick=331952 goal=0 here=0 d11=0.49 b0=0.30 b2=0.30 b13=1.51
t=195 field hdg=156.4 enc=11272;6179 xy=4483;2460 want=22 v-str=1.66 l=0.99 r=0.41 tick=331970 goal=0 here=0 d11=0.50 b0=0.31 b2=0.30 b13=1.50
t=195 field hdg=158.6 enc=11271;6180 xy=4483;2460 want=26 v-str=1.66 l=1.04 r=0.36 tick=331987 goal=0 here=0 d11=0.49 b0=0.31 b2=0.29 b13=1.51
t=196 field hdg=157.2 enc=11271;6179 xy=4483;2460 want=28 v-str=1.59 l=1.07 r=0.33 tick=332005 goal=0 here=0 d11=0.49 b0=0.31 b2=0.29 b13=1.51
t=196 field hdg=158.3 enc=11272;6182 xy=4482;2460 want=29 v-str=1.57 l=1.09 r=0.31 tick=332022 goal=0 here=0 d11=0.48 b0=0.29 b2=0.30 b13=1.50
t=196 STUCK mv=6 back+turn
t=198 field hdg=170.9 enc=11233;6209 xy=4487;2459 want=-23 v-str=1.59 l=0.39 r=1.01 tick=332271 goal=0 here=0 d11=0.50 b0=0.30 b2=0.29 b13=1.04
t=198 field hdg=167.5 enc=11235;6210 xy=4486;2460 want=-28 v-str=1.40 l=0.33 r=1.07 tick=332288 goal=0 here=0 d11=0.50 b0=0.30 b2=0.28 b13=1.02
t=199 field hdg=171.0 enc=11235;6210 xy=4486;2460 want=-27 v-str=1.49 l=0.34 r=1.06 tick=332306 goal=0 here=0 d11=0.49 b0=0.31 b2=0.28 b13=1.08
t=199 field hdg=165.8 enc=11236;6211 xy=4485;2460 want=-25 v-str=1.40 l=0.37 r=1.03 tick=332323 goal=0 here=0 d11=0.50 b0=0.29 b2=0.27 b13=1.08
t=199 field hdg=169.0 enc=11238;6209 xy=4485;2460 want=-26 v-str=1.40 l=0.36 r=1.04 tick=332340 goal=0 here=0 d11=0.49 b0=0.30 b2=0.29 b13=1.09
t=199 field hdg=168.7 enc=11239;6210 xy=4484;2460 want=-25 v-str=1.50 l=0.37 r=1.03 tick=332358 goal=0 here=0 d11=0.47 b0=0.31 b2=0.28 b13=1.10
t=199 field hdg=167.7 enc=11238;6211 xy=4484;2460 want=-22 v-str=1.33 l=0.41 r=0.99 tick=332375 goal=0 here=0 d11=0.48 b0=0.30 b2=0.27 b13=1.09
t=199 field hdg=167.0 enc=11239;6210 xy=4484;2460 want=-27 v-str=1.43 l=0.33 r=1.07 tick=332392 goal=0 here=0 d11=0.49 b0=0.29 b2=0.28 b13=1.11
t=200 field hdg=169.1 enc=11239;6210 xy=4484;2460 want=-42 v-str=1.52 l=0.15 r=1.25 tick=332410 goal=0 here=0 d11=0.48 b0=0.30 b2=0.27 b13=1.11
t=200 field hdg=168.1 enc=11241;6211 xy=4483;2460 want=-42 v-str=1.52 l=0.13 r=1.27 tick=332427 goal=0 here=0 d11=0.49 b0=0.30 b2=0.26 b13=1.11
t=200 field hdg=171.8 enc=11241;6210 xy=4483;2460 want=-36 v-str=1.56 l=0.22 r=1.18 tick=332444 goal=0 here=0 d11=0.51 b0=0.31 b2=0.27 b13=1.12
t=200 field hdg=167.4 enc=11242;6209 xy=4483;2460 want=-39 v-str=1.65 l=0.18 r=1.22 tick=332461 goal=0 here=0 d11=0.49 b0=0.31 b2=0.27 b13=1.13
t=200 STUCK mv=9 back+turn
t=203 field hdg=155.9 enc=11274;6173 xy=4485;2460 want=15 v-str=1.54 l=0.91 r=0.49 tick=332713 goal=0 here=0 d11=0.49 b0=0.29 b2=0.31 b13=1.55
t=203 field hdg=156.0 enc=11273;6172 xy=4486;2459 want=16 v-str=1.67 l=0.91 r=0.49 tick=332730 goal=0 here=0 d11=0.49 b0=0.31 b2=0.30 b13=1.53
t=203 field hdg=156.7 enc=11272;6174 xy=4485;2459 want=15 v-str=1.62 l=0.90 r=0.50 tick=332748 goal=0 here=0 d11=0.49 b0=0.30 b2=0.30 b13=1.55
t=203 field hdg=150.3 enc=11272;6174 xy=4485;2459 want=15 v-str=1.69 l=0.90 r=0.50 tick=332766 goal=0 here=0 d11=0.48 b0=0.31 b2=0.31 b13=1.56
t=203 field hdg=151.7 enc=11273;6174 xy=4485;2460 want=20 v-str=1.62 l=0.96 r=0.44 tick=332784 goal=0 here=0 d11=0.50 b0=0.29 b2=0.31 b13=1.53
t=204 field hdg=154.6 enc=11272;6173 xy=4486;2459 want=14 v-str=1.75 l=0.89 r=0.51 tick=332801 goal=0 here=0 d11=0.49 b0=0.30 b2=0.31 b13=1.54
t=204 field hdg=153.6 enc=11273;6174 xy=4485;2460 want=15 v-str=1.66 l=0.90 r=0.50 tick=332819 goal=0 here=0 d11=0.48 b0=0.31 b2=0.30 b13=1.54
t=204 field hdg=154.4 enc=11273;6172 xy=4486;2459 want=17 v-str=1.61 l=0.92 r=0.48 tick=332836 goal=0 here=0 d11=0.49 b0=0.29 b2=0.28 b13=1.54
t=204 field hdg=157.8 enc=11274;6174 xy=4484;2460 want=20 v-str=1.67 l=0.97 r=0.43 tick=332854 goal=0 here=0 d11=0.48 b0=0.29 b2=0.31 b13=1.54
t=204 field hdg=158.0 enc=11274;6172 xy=4485;2459 want=17 v-str=1.76 l=0.92 r=0.48  d11=0.49 b0=0.30 b2=0.32 b13=1.54
t=204 field hdg=156.0 enc=11273;6173 xy=4485;2459 want=18 v-str=1.71 l=0.93 r=0.47 tick=332889 goal=0 here=0 d11=0.50 b0=0.30 b2=0.30 b13=1.54
t=205 STUCK mv=2 back+turn
t=207 field hdg=169.2 enc=11234;6199 xy=4492;2458 want=-39 v-str=2.27 l=0.18 r=1.22 tick=333137 goal=0 here=0 d11=0.49 b0=0.30 b2=0.29 b13=1.41
t=207 field hdg=168.6 enc=11234;6201 xy=4491;2458 want=-43 v-str=2.20 l=0.13 r=1.27 tick=333154 goal=0 here=0 d11=0.48 b0=0.29 b2=0.27 b13=1.42
t=207 field hdg=167.2 enc=11235;6199 xy=4491;2458 want=-41 v-str=2.28 l=0.15 r=1.25 tick=333171 goal=0 here=0 d11=0.49 b0=0.31 b2=0.27 b13=1.43
t=207 field hdg=164.6 enc=11237;6199 xy=4490;2459 want=-42 v-str=2.34 l=0.14 r=1.26 tick=333189 goal=0 here=0 d11=0.50 b0=0.31 b2=0.27 b13=1.44
t=208 field hdg=169.4 enc=11238;6200 xy=4489;2459 want=-45 v-str=2.18 l=0.10 r=1.30 tick=333206 goal=0 here=0 d11=0.49 b0=0.30 b2=0.27 b13=1.44
t=208 field hdg=163.7 enc=11238;6199 xy=4490;2459 want=-44 v-str=2.21 l=0.11 r=1.29 tick=333225 goal=0 here=0 d11=0.49 b0=0.30 b2=0.25 b13=1.45
t=208 field hdg=165.8 enc=11239;6200 xy=4489;2459 want=-41 v-str=2.31 l=0.15 r=1.25 tick=333242 goal=0 here=0 d11=0.49 b0=0.31 b2=0.28 b13=1.45
t=208 field hdg=165.2 enc=11242;6200 xy=4487;2459 want=-44 v-str=2.29 l=0.11 r=1.29 tick=333259 goal=0 here=0 d11=0.49 b0=0.30 b2=0.28 b13=1.46
t=208 field hdg=167.9 enc=11241;6200 xy=4488;2459 want=-41 v-str=2.34 l=0.15 r=1.25 tick=333277 goal=0 here=0 d11=0.49 b0=0.30 b2=0.28 b13=1.47
t=209 field hdg=165.7 enc=11244;6200 xy=4486;2460 want=-44 v-str=2.44 l=0.12 r=1.28 tick=333294 goal=0 here=0 d11=0.50 b0=0.31 b2=0.28 b13=1.49
t=209 field hdg=165.8 enc=11244;6200 xy=4486;2460 want=-46 v-str=2.42 l=0.09 r=1.31 tick=333311 goal=0 here=0 d11=0.48 b0=0.31 b2=0.28 b13=1.53
t=209 STUCK mv=11 back+turn
t=211 field hdg=154.0 enc=11274;6164 xy=4489;2458 want=5 v-str=1.90 l=0.77 r=0.63 tick=333559 goal=0 here=0 d11=0.49 b0=0.31 b2=0.32 b13=1.58
t=211 field hdg=-1.0 enc=11273;6164 xy=4489;2458 want=6 v-str=1.67 l=0.77 r=0.63 tick=333577 goal=0 here=0 d11=0.48 b0=0.30 b2=0.30 b13=1.57
t=212 field hdg=159.0 enc=11274;6163 xy=4489;2458 want=4 v-str=1.77 l=0.75 r=0.65 tick=333594 goal=0 here=0 d11=0.48 b0=0.31 b2=0.30 b13=1.59
t=212 field hdg=153.0 enc=11274;6164 xy=4488;2458 want=-2 v-str=1.89 l=0.68 r=0.72 tick=333611 goal=0 here=0 d11=0.48 b0=0.29 b2=0.31 b13=1.59
t=212 field hdg=152.4 enc=11275;6163 xy=4488;2458 want=6 v-str=1.85 l=0.78 r=0.62 tick=333629 goal=0 here=0 d11=0.49 b0=0.30 b2=0.30 b13=1.59
t=212 field hdg=155.4 enc=11274;6164 xy=4488;2458 want=2 v-str=1.70 l=0.72 r=0.68 tick=333647 goal=0 here=0 d11=0.49 b0=0.30 b2=0.30 b13=1.59
t=212 field hdg=154.7 enc=11273;6165 xy=4488;2458 want=6 v-str=1.71 l=0.78 r=0.62 tick=333664 goal=0 here=0 d11=0.49 b0=0.30 b2=0.30 b13=1.58
t=212 field hdg=156.4 enc=11273;6165 xy=4488;2458 want=2 v-str=1.95 l=0.73 r=0.67 tick=333681 goal=0 here=0 d11=0.50 b0=0.30 b2=0.31 b13=1.57
t=213 field hdg=152.8 enc=11273;6164 xy=4489;2458 want=2 v-str=1.83 l=0.72 r=0.68 tick=333699 goal=0 here=0 d11=0.47 b0=0.31 b2=0.31 b13=1.59
t=213 field hdg=152.8 enc=11274;6164 xy=4488;2458 want=2 v-str=1.93 l=0.73 r=0.67 tick=333717 goal=0 here=0 d11=0.48 b0=0.30 b2=0.30 b13=1.58
t=213 field hdg=152.9 enc=11273;6164 xy=4489;2458 want=3 v-str=1.96 l=0.74 r=0.66 tick=333735 goal=0 here=0 d11=0.49 b0=0.29 b2=0.31 b13=1.59
t=213 STUCK mv=4 back+turn
t=215 field hdg=164.6 enc=11236;6192 xy=4493;2457 want=-9 v-str=1.91 l=0.57 r=0.83 tick=333983 goal=0 here=0 d11=0.49 b0=0.31 b2=0.28 b13=1.55
t=216 field hdg=165.8 enc=11235;6190 xy=4494;2457 want=-15 v-str=2.04 l=0.50 r=0.90 tick=334005 goal=0 here=0 d11=0.50 b0=0.30 b2=0.27 b13=1.54
t=216 field hdg=164.9 enc=11234;6192 xy=4494;2457 want=-10 v-str=1.82 l=0.57 r=0.83 tick=334031 goal=0 here=0 d11=0.49 b0=0.30 b2=0.27 b13=1.54
t=216 field hdg=168.7 enc=11235;6191 xy=4494;2457 want=-7 v-str=1.92 l=0.60 r=0.80 tick=334053 goal=0 here=0 d11=0.49 b0=0.30 b2=0.28 b13=1.55
t=216 field hdg=164.8 enc=11236;6190 xy=4494;2457 want=-6 v-str=1.83 l=0.63 r=0.77 tick=334070 goal=0 here=0 d11=0.49 b0=0.30 b2=0.29 b13=1.54
t=216 field hdg=162.4 enc=11235;6191 xy=4494;2457 want=-15 v-str=1.91 l=0.50 r=0.90 tick=334087 goal=0 here=0 d11=0.48 b0=0.30 b2=0.27 b13=1.55
t=217 field hdg=163.2 enc=11236;6190 xy=4494;2457 want=-8 v-str=1.89 l=0.60 r=0.80 tick=334105 goal=0 here=0 d11=0.49 b0=0.31 b2=0.29 b13=1.53
t=217 field hdg=166.0 enc=11236;6192 xy=4493;2457 want=-9 v-str=1.96 l=0.58 r=0.82 tick=334122 goal=0 here=0 d11=0.50 b0=0.32 b2=0.27 b13=1.54
t=217 field hdg=167.2 enc=11235;6191 xy=4494;2457 want=-14 v-str=1.85 l=0.51 r=0.89 tick=334140 goal=0 here=0 d11=0.49 b0=0.30 b2=0.29 b13=1.55
t=217 field hdg=165.4 enc=11235;6191 xy=4494;2457 want=-13 v-str=1.90 l=0.52 r=0.88 tick=334157 goal=0 here=0 d11=0.49 b0=0.31 b2=0.28 b13=1.54
t=217 STUCK mv=2 back+turn
t=220 field hdg=151.8 enc=11264;6154 xy=4497;2455 want=7 v-str=2.10 l=0.80 r=0.60 tick=334405 goal=0 here=0 d11=0.49 b0=0.29 b2=0.30 b13=1.58
t=220 field hdg=155.2 enc=11265;6154 xy=4497;2455 want=6 v-str=2.06 l=0.78 r=0.62 tick=334422 goal=0 here=0 d11=0.48 b0=0.31 b2=0.30 b13=1.59
t=220 field hdg=158.4 enc=11264;6156 xy=4497;2455 want=11 v-str=1.89 l=0.85 r=0.55 tick=334439 goal=0 here=0 d11=0.48 b0=0.31 b2=0.30 b13=1.57
t=220 field hdg=152.9 enc=11265;6156 xy=4496;2456 want=5 v-str=2.20 l=0.76 r=0.64 tick=334457 goal=0 here=0 d11=0.49 b0=0.32 b2=0.31 b13=1.59
t=220 field hdg=152.5 enc=11264;6156 xy=4497;2455 want=8 v-str=1.93 l=0.81 r=0.59 tick=334474 goal=0 here=0 d11=0.50 b0=0.30 b2=0.31 b13=1.59
t=220 field hdg=154.4 enc=11265;6156 xy=4496;2456 want=8 v-str=2.08 l=0.81 r=0.59 tick=334491 goal=0 here=0 d11=0.49 b0=0.30 b2=0.33 b13=1.59
t=221 field hdg=158.3 enc=11263;6154 xy=4498;2455 want=5 v-str=2.16 l=0.77 r=0.63 tick=334509 goal=0 here=0 d11=0.48 b0=0.31 b2=0.32 b13=1.58
t=221 field hdg=152.9 enc=11265;6154 xy=4497;2455 want=12 v-str=1.98 l=0.86 r=0.54 tick=334526 goal=0 here=0 d11=0.48 b0=0.31 b2=0.31 b13=1.58
t=221 field hdg=156.5 enc=11265;6155 xy=4497;2456 want=6 v-str=2.08 l=0.78 r=0.62 tick=334545 goal=0 here=0 d11=0.49 b0=0.31 b2=0.30 b13=1.59
t=221 field hdg=156.2 enc=11263;6155 xy=4498;2455 want=6 v-str=2.08 l=0.78 r=0.62 tick=334564 goal=0 here=0 d11=0.49 b0=0.32 b2=0.31 b13=1.58
t=221 field hdg=154.4 enc=11265;6156 xy=4496;2456 want=9 v-str=2.14 l=0.82 r=0.58 tick=334581 goal=0 here=0 d11=0.50 b0=0.30 b2=0.30 b13=1.57
t=222 STUCK mv=4 back+turn
t=224 field hdg=165.2 enc=11229;6181 xy=4501;2454 want=6 v-str=2.00 l=0.78 r=0.62 tick=334834 goal=0 here=0 d11=0.50 b0=0.31 b2=0.28 b13=1.52
t=224 field hdg=165.6 enc=11227;6181 xy=4502;2454 want=7 v-str=1.97 l=0.79 r=0.61 tick=334852 goal=0 here=0 d11=0.49 b0=0.31 b2=0.29 b13=1.54
t=224 field hdg=165.8 enc=11229;6180 xy=4502;2454 want=4 v-str=2.05 l=0.75 r=0.65 tick=334869 goal=0 here=0 d11=0.47 b0=0.31 b2=0.28 b13=1.55
t=224 field hdg=164.6 enc=11228;6179 xy=4503;2454 want=5 v-str=2.08 l=0.77 r=0.63 tick=334887 goal=0 here=0 d11=0.50 b0=0.31 b2=0.29 b13=1.54
t=225 field hdg=163.2 enc=11227;6180 xy=4503;2454 want=6 v-str=2.07 l=0.79 r=0.61 tick=334904 goal=0 here=0 d11=0.48 b0=0.31 b2=0.29 b13=1.53
t=225 field hdg=162.9 enc=11228;6180 xy=4502;2454 want=5 v-str=1.97 l=0.77 r=0.63 tick=334921 goal=0 here=0 d11=0.47 b0=0.30 b2=0.28 b13=1.55
t=225 field hdg=164.5 enc=11229;6180 xy=4502;2454 want=5 v-str=2.06 l=0.77 r=0.63 tick=334939 goal=0 here=0 d11=0.51 b0=0.32 b2=0.29 b13=1.54
t=225 field hdg=162.7 enc=11228;6181 xy=4502;2454 want=6 v-str=2.01 l=0.78 r=0.62 tick=334955 goal=0 here=0 d11=0.50 b0=0.31 b2=0.28 b13=1.54
t=225 field hdg=163.4 enc=11228;6179 xy=4503;2454 want=7 v-str=2.01 l=0.79 r=0.61 tick=334973 goal=0 here=0 d11=0.48 b0=0.31 b2=0.29 b13=1.55
t=225 field hdg=165.5 enc=11229;6179 xy=4502;2454 want=4 v-str=1.97 l=0.75 r=0.65 tick=334990 goal=0 here=0 d11=0.47 b0=0.30 b2=0.28 b13=1.54
t=226 field hdg=167.1 enc=11229;6180 xy=4502;2454 want=4 v-str=2.12 l=0.75 r=0.65 tick=335008 goal=0 here=0 d11=0.49 b0=0.32 b2=0.30 b13=1.54
t=226 STUCK mv=2 back+turn
t=228 field hdg=177.8 enc=11188;6208 xy=4508;2454 want=-10 v-str=2.15 l=0.56 r=0.84 tick=335256 goal=0 here=0 d11=0.51 b0=0.31 b2=0.44 b13=0.65
t=228 field hdg=180.2 enc=11188;6208 xy=4508;2454 want=-13 v-str=2.12 l=0.53 r=0.87 tick=335273 goal=0 here=0 d11=0.49 b0=0.32 b2=0.44 b13=0.67
t=228 field hdg=180.6 enc=11190;6208 xy=4507;2454 want=-9 v-str=2.27 l=0.58 r=0.82 tick=335290 goal=0 here=0 d11=0.48 b0=0.32 b2=0.45 b13=0.68
t=229 field hdg=177.2 enc=11190;6207 xy=4508;2454 want=-10 v-str=2.18 l=0.57 r=0.83 tick=335308 goal=0 here=0 d11=0.49 b0=0.31 b2=0.44 b13=0.67
t=229 field hdg=180.5 enc=11188;6207 xy=4509;2454 want=-8 v-str=2.33 l=0.60 r=0.80 tick=335326 goal=0 here=0 d11=0.50 b0=0.32 b2=0.46 b13=0.68
t=229 field hdg=173.2 enc=11190;6208 xy=4507;2454 want=-14 v-str=2.24 l=0.52 r=0.88 tick=335343 goal=0 here=0 d11=0.48 b0=0.32 b2=0.45 b13=0.67
t=229 field hdg=176.0 enc=11190;6208 xy=4507;2454 want=-8 v-str=1.98 l=0.60 r=0.80 tick=335360 goal=0 here=0 d11=0.49 b0=0.32 b2=0.45 b13=0.66
t=229 field hdg=181.1 enc=11190;6208 xy=4507;2454 want=-2 v-str=2.24 l=0.68 r=0.72 tick=335377 goal=0 here=0 d11=0.48 b0=0.31 b2=0.46 b13=0.68
t=230 field hdg=177.4 enc=11190;6208 xy=4507;2454 want=-14 v-str=2.17 l=0.51 r=0.89 tick=335395 goal=0 here=0 d11=0.49 b0=0.32 b2=0.44 b13=0.67
t=230 field hdg=179.1 enc=11189;6208 xy=4508;2454 want=-12 v-str=2.32 l=0.54 r=0.86 tick=335412 goal=0 here=0 d11=0.49 b0=0.31 b2=0.44 b13=0.67
t=230 field hdg=178.4 enc=11190;6209 xy=4507;2454 want=-12 v-str=2.21 l=0.54 r=0.86 tick=335430 goal=0 here=0 d11=0.49 b0=0.31 b2=0.45 b13=0.66
t=230 STUCK mv=1 back+turn
t=232 field hdg=167.3 enc=11217;6173 xy=4511;2453 want=6 v-str=2.05 l=0.77 r=0.63 tick=335678 goal=0 here=0 d11=0.50 b0=0.30 b2=0.29 b13=1.54
t=233 field hdg=166.3 enc=11219;6172 xy=4511;2453 want=5 v-str=2.23 l=0.77 r=0.63 tick=335696 goal=0 here=0 d11=0.49 b0=0.31 b2=0.28 b13=1.55
t=233 field hdg=163.7 enc=11218;6171 xy=4512;2453 want=4 v-str=2.16 l=0.76 r=0.64 tick=335713 goal=0 here=0 d11=0.48 b0=0.31 b2=0.29 b13=1.56
t=233 field hdg=167.9 enc=11219;6172 xy=4511;2453 want=6 v-str=2.15 l=0.78 r=0.62 tick=335731 goal=0 here=0 d11=0.49 b0=0.32 b2=0.29 b13=1.54
t=233 field hdg=164.2 enc=11219;6171 xy=4511;2453 want=4 v-str=2.04 l=0.76 r=0.64 tick=335748 goal=0 here=0 d11=0.48 b0=0.33 b2=0.29 b13=1.54
t=233 field hdg=162.9 enc=11219;6173 xy=4510;2454 want=5 v-str=2.07 l=0.76 r=0.64 tick=335765 goal=0 here=0 d11=0.49 b0=0.32 b2=0.29 b13=1.54
t=233 field hdg=165.4 enc=11219;6172 xy=4511;2453 want=6 v-str=2.13 l=0.77 r=0.63 tick=335781 goal=0 here=0 d11=0.48 b0=0.32 b2=0.30 b13=1.54
t=234 field hdg=168.0 enc=11217;6173 xy=4511;2453 want=2 v-str=2.02 l=0.73 r=0.67 tick=335799 goal=0 here=0 d11=0.49 b0=0.31 b2=0.29 b13=1.53
t=234 field hdg=166.6 enc=11218;6173 xy=4511;2453 want=4 v-str=2.19 l=0.76 r=0.64 tick=335816 goal=0 here=0 d11=0.49 b0=0.31 b2=0.29 b13=1.55
t=234 field hdg=164.1 enc=11217;6173 xy=4511;2453 want=4 v-str=2.11 l=0.75 r=0.65 tick=335833 goal=0 here=0 d11=0.49 b0=0.31 b2=0.28 b13=1.55
t=234 field hdg=164.5 enc=11219;6171 xy=4511;2453 want=7 v-str=2.21 l=0.79 r=0.61 tick=335851 goal=0 here=0 d11=0.50 b0=0.32 b2=0.29 b13=1.54
t=234 field hdg=167.7 enc=11217;6171 xy=4512;2453 want=6 v-str=2.10 l=0.78 r=0.62 tick=335868 goal=0 here=0 d11=0.49 b0=0.32 b2=0.28 b13=1.54
t=234 STUCK mv=3 back+turn
t=237 field hdg=175.9 enc=11178;6198 xy=4518;2453 want=-15 v-str=2.51 l=0.50 r=0.90 tick=336116 goal=0 here=0 d11=0.51 b0=0.31 b2=0.46 b13=0.67
t=237 field hdg=176.2 enc=11178;6198 xy=4518;2453 want=-8 v-str=2.46 l=0.59 r=0.81 tick=336143 goal=0 here=0 d11=0.50 b0=0.31 b2=0.46 b13=0.67
t=237 field hdg=177.7 enc=11180;6198 xy=4517;2453 want=-11 v-str=2.36 l=0.55 r=0.85 tick=336160 goal=0 here=0 d11=0.48 b0=0.32 b2=0.45 b13=0.66
t=237 field hdg=176.6 enc=11178;6199 xy=4518;2453 want=-5 v-str=2.55 l=0.63 r=0.77 tick=336177 goal=0 here=0 d11=0.50 b0=0.31 b2=0.46 b13=0.67
t=238 field hdg=176.3 enc=11179;6198 xy=4518;2453 want=-5 v-str=2.49 l=0.63 r=0.77 tick=336194 goal=0 here=0 d11=0.48 b0=0.31 b2=0.45 b13=0.67
t=238 field hdg=177.3 enc=11180;6199 xy=4517;2453 want=-7 v-str=2.50 l=0.60 r=0.80 tick=336212 goal=0 here=0 d11=0.51 b0=0.32 b2=0.46 b13=0.67
t=238 field hdg=180.1 enc=11178;6200 xy=4517;2453 want=-10 v-str=2.19 l=0.57 r=0.83 tick=336229 goal=0 here=0 d11=0.49 b0=0.32 b2=0.45 b13=0.66
t=238 field hdg=174.4 enc=11178;6200 xy=4517;2453 want=-6 v-str=2.50 l=0.62 r=0.78 tick=336246 goal=0 here=0 d11=0.49 b0=0.33 b2=0.45 b13=0.67
t=238 field hdg=178.4 enc=11179;6200 xy=4517;2453 want=-9 v-str=2.18 l=0.58 r=0.82 tick=336264 goal=0 here=0 d11=0.49 b0=0.32 b2=0.45 b13=0.67
t=238 field hdg=173.4 enc=11178;6200 xy=4517;2453 want=-7 v-str=2.51 l=0.61 r=0.79 tick=336282 goal=0 here=0 d11=0.51 b0=0.32 b2=0.45 b13=0.67
t=239 field hdg=174.2 enc=11179;6200 xy=4517;2453 want=-6 v-str=2.52 l=0.63 r=0.77 tick=336299 goal=0 here=0 d11=0.52 b0=0.33 b2=0.45 b13=0.68
t=239 STUCK mv=2 back+turn
t=241 field hdg=166.6 enc=11209;6161 xy=4521;2452 want=6 v-str=2.34 l=0.78 r=0.62 tick=336548 goal=0 here=0 d11=0.49 b0=0.31 b2=0.29 b13=1.55
t=241 field hdg=166.2 enc=11209;6162 xy=4521;2452 want=8 v-str=2.21 l=0.80 r=0.60 tick=336565 goal=0 here=0 d11=0.49 b0=0.32 b2=0.29 b13=1.54
t=241 field hdg=166.8 enc=11209;6162 xy=4521;2452 want=5 v-str=2.42 l=0.76 r=0.64 tick=336582 goal=0 here=0 d11=0.48 b0=0.32 b2=0.30 b13=1.55
t=242 field hdg=166.9 enc=11210;6162 xy=4520;2452 want=5 v-str=2.38 l=0.77 r=0.63 tick=336599 goal=0 here=0 d11=0.49 b0=0.32 b2=0.29 b13=1.55
t=242 field hdg=165.9 enc=11209;6163 xy=4520;2452 want=7 v-str=2.20 l=0.79 r=0.61 tick=336616 goal=0 here=0 d11=0.49 b0=0.33 b2=0.29 b13=1.56
t=242 field hdg=164.2 enc=11209;6161 xy=4521;2452 want=6 v-str=2.12 l=0.79 r=0.61 tick=336633 goal=0 here=0 d11=0.49 b0=0.32 b2=0.28 b13=1.55
t=242 field hdg=167.8 enc=11210;6163 xy=4520;2452 want=5 v-str=2.34 l=0.77 r=0.63 tick=336654 goal=0 here=0 d11=0.50 b0=0.32 b2=0.28 b13=1.55
t=242 field hdg=165.9 enc=11210;6162 xy=4520;2452 want=7 v-str=2.30 l=0.79 r=0.61 tick=336672 goal=0 here=0 d11=0.48 b0=0.31 b2=0.29 b13=1.54
t=242 field hdg=162.3 enc=11210;6162 xy=4520;2452 want=5 v-str=2.20 l=0.77 r=0.63 tick=336689 goal=0 here=0 d11=0.50 b0=0.32 b2=0.28 b13=1.54
t=243 field hdg=165.3 enc=11210;6163 xy=4520;2452 want=5 v-str=2.32 l=0.77 r=0.63 tick=336707 goal=0 here=0 d11=0.49 b0=0.32 b2=0.29 b13=1.56
t=243 field hdg=161.5 enc=11209;6163 xy=4520;2452 want=6 v-str=2.37 l=0.78 r=0.62 tick=336724 goal=0 here=0 d11=0.50 b0=0.32 b2=0.29 b13=1.55
t=243 STUCK mv=1 back+turn
t=245 field hdg=179.0 enc=11169;6189 xy=4527;2452 want=-9 v-str=2.60 l=0.58 r=0.82 tick=336972 goal=0 here=0 d11=0.49 b0=0.31 b2=0.46 b13=0.68
t=245 field hdg=176.0 enc=11171;6189 xy=4526;2452 want=-8 v-str=2.68 l=0.60 r=0.80 tick=336989 goal=0 here=0 d11=0.52 b0=0.32 b2=0.46 b13=0.67
t=246 field hdg=178.9 enc=11171;6191 xy=4525;2452 want=-8 v-str=2.80 l=0.59 r=0.81 tick=337006 goal=0 here=0 d11=0.50 b0=0.33 b2=0.47 b13=0.68
t=246 field hdg=174.7 enc=11171;6190 xy=4526;2452 want=-6 v-str=2.63 l=0.62 r=0.78 tick=337024 goal=0 here=0 d11=0.51 b0=0.32 b2=0.45 b13=0.68
t=246 field hdg=177.4 enc=11169;6189 xy=4527;2452 want=-8 v-str=2.71 l=0.59 r=0.81 tick=337041 goal=0 here=0 d11=0.50 b0=0.32 b2=0.45 b13=0.69
t=246 field hdg=175.3 enc=11171;6189 xy=4526;2452 want=-7 v-str=2.56 l=0.60 r=0.80 tick=337058 goal=0 here=0 d11=0.51 b0=0.33 b2=0.46 b13=0.68
t=246 field hdg=177.6 enc=11171;6190 xy=4526;2452 want=-7 v-str=2.60 l=0.60 r=0.80 tick=337075 goal=0 here=0 d11=0.50 b0=0.32 b2=0.46 b13=0.68
t=246 field hdg=180.3 enc=11171;6190 xy=4526;2452 want=-7 v-str=2.68 l=0.61 r=0.79 tick=337092 goal=0 here=0 d11=0.51 b0=0.32 b2=0.46 b13=0.67
t=247 field hdg=177.9 enc=11171;6191 xy=4525;2452 want=-13 v-str=2.45 l=0.53 r=0.87  d11=0.49 b0=0.31 b2=0.45 b13=0.68
t=247 field hdg=179.0 enc=11170;6190 xy=4526;2452 want=-7 v-str=2.54 l=0.61 r=0.79 tick=337127 goal=0 here=0 d11=0.48 b0=0.32 b2=0.46 b13=0.69
t=247 field hdg=177.3 enc=11169;6190 xy=4527;2452 want=-5 v-str=2.57 l=0.63 r=0.77 tick=337145 goal=0 here=0 d11=0.51 b0=0.32 b2=0.45 b13=0.67
t=247 field hdg=178.6 enc=11169;6191 xy=4526;2452 want=-11 v-str=2.45 l=0.55 r=0.85 tick=337162 goal=0 here=0 d11=0.49 b0=0.32 b2=0.45 b13=0.68
t=247 STUCK mv=4 back+turn
t=250 field hdg=162.9 enc=11199;6154 xy=4530;2451 want=11 v-str=2.51 l=0.85 r=0.55 tick=337410 goal=0 here=0 d11=0.50 b0=0.32 b2=0.29 b13=1.56
t=250 field hdg=-1.0 enc=11200;6152 xy=4529;2451 want=7 v-str=2.29 l=0.79 r=0.61 tick=337427 goal=0 here=0 d11=0.50 b0=0.32 b2=0.29 b13=1.54
t=250 field hdg=166.0 enc=11200;6153 xy=4529;2451 want=7 v-str=2.49 l=0.80 r=0.60 tick=337444 goal=0 here=0 d11=0.50 b0=0.32 b2=0.30 b13=1.54
t=250 field hdg=168.6 enc=11199;6154 xy=4529;2451 want=10 v-str=2.40 l=0.84 r=0.56 tick=337464 goal=0 here=0 d11=0.49 b0=0.31 b2=0.29 b13=1.54
t=250 field hdg=165.6 enc=11201;6153 xy=4528;2451 want=8 v-str=2.28 l=0.80 r=0.60 tick=337483 goal=0 here=0 d11=0.49 b0=0.31 b2=0.29 b13=1.56
t=251 field hdg=170.1 enc=11199;6154 xy=4529;2451 want=6 v-str=2.50 l=0.78 r=0.62 tick=337500 goal=0 here=0 d11=0.49 b0=0.32 b2=0.29 b13=1.55
t=251 field hdg=161.4 enc=11200;6153 xy=4529;2451 want=6 v-str=2.34 l=0.78 r=0.62 tick=337517 goal=0 here=0 d11=0.49 b0=0.32 b2=0.30 b13=1.55
t=251 field hdg=166.1 enc=11199;6154 xy=4529;2451 want=6 v-str=2.44 l=0.78 r=0.62 tick=337535 goal=0 here=0 d11=0.49 b0=0.34 b2=0.30 b13=1.55
t=251 field hdg=166.8 enc=11199;6153 xy=4529;2451 want=8 v-str=2.53 l=0.81 r=0.59 tick=337552 goal=0 here=0 d11=0.49 b0=0.33 b2=0.31 b13=1.55
t=251 field hdg=163.7 enc=11200;6154 xy=4528;2451 want=7 v-str=2.60 l=0.80 r=0.60 tick=337570 goal=0 here=0 d11=0.51 b0=0.33 b2=0.29 b13=1.54
t=251 field hdg=162.9 enc=11201;6154 xy=4528;2451 want=6 v-str=2.48 l=0.78 r=0.62 tick=337591 goal=0 here=0 d11=0.51 b0=0.31 b2=0.30 b13=1.56
t=252 STUCK mv=3 back+turn
t=254 field hdg=177.9 enc=11161;6182 xy=4534;2451 want=16 v-str=2.90 l=0.92 r=0.48 tick=337840 goal=0 here=0 d11=0.51 b0=0.33 b2=0.47 b13=0.69
t=254 field hdg=177.4 enc=11159;6181 xy=4535;2451 want=-10 v-str=2.74 l=0.57 r=0.83 tick=337859 goal=0 here=0 d11=0.50 b0=0.32 b2=0.46 b13=0.69
t=254 field hdg=177.2 enc=11161;6182 xy=4534;2451 want=-5 v-str=2.66 l=0.63 r=0.77 tick=337878 goal=0 here=0 d11=0.47 b0=0.33 b2=0.46 b13=0.69
t=255 field hdg=175.2 enc=11161;6182 xy=4534;2451 want=-11 v-str=2.88 l=0.55 r=0.85 tick=337896 goal=0 here=0 d11=0.47 b0=0.34 b2=0.46 b13=0.69
t=255 field hdg=180.3 enc=11161;6182 xy=4534;2451 want=-12 v-str=2.91 l=0.54 r=0.86 tick=337917 goal=0 here=0 d11=0.51 b0=0.33 b2=0.46 b13=0.69
t=255 field hdg=173.4 enc=11161;6180 xy=4535;2451 want=-11 v-str=2.86 l=0.55 r=0.85 tick=337935 goal=0 here=0 d11=0.49 b0=0.33 b2=0.46 b13=0.68
t=255 field hdg=176.3 enc=11160;6180 xy=4535;2451 want=-9 v-str=2.82 l=0.57 r=0.83 tick=337952 goal=0 here=0 d11=0.49 b0=0.34 b2=0.47 b13=0.68
t=255 field hdg=177.8 enc=11159;6180 xy=4536;2451 want=-9 v-str=2.89 l=0.58 r=0.82 tick=337970 goal=0 here=0 d11=0.50 b0=0.34 b2=0.46 b13=0.66
t=255 field hdg=173.8 enc=11160;6182 xy=4534;2451 want=-8 v-str=2.77 l=0.59 r=0.81 tick=337987 goal=0 here=0 d11=0.50 b0=0.33 b2=0.47 b13=0.68
t=256 field hdg=175.9 enc=11160;6181 xy=4535;2451 want=-9 v-str=2.93 l=0.58 r=0.82 tick=338005 goal=0 here=0 d11=0.50 b0=0.33 b2=0.46 b13=0.69
t=256 field hdg=172.7 enc=11159;6182 xy=4535;2451 want=-9 v-str=2.92 l=0.58 r=0.82 tick=338022 goal=0 here=0 d11=0.49 b0=0.33 b2=0.47 b13=0.69
t=256 STUCK mv=0 back+turn
t=258 field hdg=162.5 enc=11190;6143 xy=4538;2449 want=10 v-str=2.58 l=0.84 r=0.56 tick=338271 goal=0 here=0 d11=0.52 b0=0.34 b2=0.30 b13=1.56
t=258 field hdg=170.2 enc=11190;6143 xy=4538;2449 want=9 v-str=2.60 l=0.82 r=0.58 tick=338289 goal=0 here=0 d11=0.50 b0=0.33 b2=0.30 b13=1.54
t=259 field hdg=165.9 enc=11190;6143 xy=4538;2449 want=8 v-str=2.50 l=0.81 r=0.59 tick=338308 goal=0 here=0 d11=-1.00 b0=0.33 b2=0.30 b13=1.55
t=259 field hdg=162.4 enc=11191;6143 xy=4538;2449 want=11 v-str=2.73 l=0.84 r=0.56 tick=338326 goal=0 here=0 d11=0.52 b0=0.33 b2=0.31 b13=1.54
t=259 field hdg=165.4 enc=11189;6143 xy=4539;2449 want=10 v-str=2.58 l=0.83 r=0.57 tick=338343 goal=0 here=0 d11=0.53 b0=0.34 b2=0.29 b13=1.54
t=259 field hdg=166.1 enc=11189;6145 xy=4538;2449 want=9 v-str=2.68 l=0.82 r=0.58 tick=338361 goal=0 here=0 d11=0.53 b0=0.34 b2=0.31 b13=1.56
t=259 field hdg=164.0 enc=11190;6143 xy=4538;2449 want=9 v-str=2.52 l=0.82 r=0.58 tick=338378 goal=0 here=0 d11=0.53 b0=0.33 b2=0.30 b13=1.54
t=260 field hdg=167.3 enc=11189;6144 xy=4538;2449 want=9 v-str=2.58 l=0.82 r=0.58 tick=338396 goal=0 here=0 d11=0.52 b0=0.33 b2=0.30 b13=1.54
t=260 field hdg=163.7 enc=11189;6145 xy=4538;2449 want=9 v-str=2.58 l=0.82 r=0.58 tick=338415 goal=0 here=0 d11=0.52 b0=0.33 b2=0.31 b13=1.56
t=260 field hdg=166.9 enc=11189;6143 xy=4539;2449 want=8 v-str=2.69 l=0.80 r=0.60 tick=338433 goal=0 here=0 d11=0.52 b0=0.34 b2=0.30 b13=1.54
t=260 field hdg=163.9 enc=11189;6144 xy=4538;2449 want=9 v-str=2.67 l=0.82 r=0.58 tick=338450 goal=0 here=0 d11=0.53 b0=0.34 b2=0.31 b13=1.54
t=260 STUCK mv=4 back+turn
t=263 field hdg=178.1 enc=11152;6171 xy=4543;2449 want=-12 v-str=2.91 l=0.54 r=0.86 tick=338701 goal=0 here=0 d11=0.55 b0=0.34 b2=0.47 b13=0.69
t=263 field hdg=182.7 enc=11151;6172 xy=4543;2449 want=-10 v-str=3.08 l=0.57 r=0.83 tick=338718 goal=0 here=0 d11=0.54 b0=0.34 b2=0.47 b13=0.68
t=263 field hdg=179.1 enc=11152;6171 xy=4543;2449 want=-11 v-str=2.96 l=0.56 r=0.84 tick=338736 goal=0 here=0 d11=0.53 b0=0.33 b2=0.46 b13=0.70
t=263 field hdg=176.5 enc=11151;6172 xy=4543;2449 want=-13 v-str=3.00 l=0.53 r=0.87 tick=338753 goal=0 here=0 d11=0.54 b0=0.33 b2=0.46 b13=0.69
t=263 field hdg=173.8 enc=11152;6172 xy=4543;2449 want=-10 v-str=3.01 l=0.57 r=0.83 tick=338771 goal=0 here=0 d11=0.54 b0=0.33 b2=0.48 b13=0.69
t=264 field hdg=179.6 enc=11151;6172 xy=4543;2449 want=-10 v-str=3.18 l=0.56 r=0.84 tick=338787 goal=0 here=0 d11=0.54 b0=0.34 b2=0.47 b13=0.69
t=264 field hdg=177.1 enc=11150;6173 xy=4543;2449 want=-11 v-str=3.07 l=0.55 r=0.85 tick=338818 goal=0 here=0 d11=0.54 b0=0.34 b2=0.46 b13=0.68
t=264 field hdg=177.6 enc=11152;6171 xy=4543;2449 want=-11 v-str=3.08 l=0.55 r=0.85 tick=338837 goal=0 here=0 d11=0.55 b0=0.32 b2=0.46 b13=0.69
t=264 field hdg=178.1 enc=11152;6171 xy=4543;2449 want=-10 v-str=2.90 l=0.56 r=0.84 tick=338854 goal=0 here=0 d11=0.54 b0=0.34 b2=0.46 b13=0.69
t=264 field hdg=175.3 enc=11152;6173 xy=4542;2449 want=-11 v-str=3.00 l=0.56 r=0.84 tick=338872 goal=0 here=0 d11=0.55 b0=0.33 b2=0.47 b13=0.70
t=264 field hdg=181.6 enc=11152;6172 xy=4543;2449 want=-10 v-str=2.94 l=0.56 r=0.84 tick=338890 goal=0 here=0 d11=0.54 b0=0.33 b2=0.46 b13=0.71
t=265 field hdg=178.6 enc=11151;6173 xy=4543;2449 want=-11 v-str=3.17 l=0.56 r=0.84 tick=338907 goal=0 here=0 d11=0.54 b0=0.34 b2=0.46 b13=0.69
t=265 field hdg=174.9 enc=11151;6172 xy=4543;2449 want=-11 v-str=3.01 l=0.56 r=0.84 tick=338925 goal=0 here=0 d11=0.54 b0=0.34 b2=0.47 b13=0.69
t=265 field hdg=176.6 enc=11152;6171 xy=4543;2449 want=-12 v-str=3.06 l=0.54 r=0.86 tick=338943 goal=0 here=0 d11=0.55 b0=0.34 b2=0.47 b13=0.68
t=265 field hdg=179.2 enc=11152;6173 xy=4542;2449 want=-13 v-str=3.08 l=0.53 r=0.87 tick=338960 goal=0 here=0 d11=0.53 b0=0.33 b2=0.46 b13=0.70
t=265 field hdg=179.1 enc=11152;6173 xy=4542;2449 want=-9 v-str=3.14 l=0.58 r=0.82 tick=338979 goal=0 here=0 d11=0.54 b0=0.32 b2=0.47 b13=0.69
t=266 field hdg=176.7 enc=11152;6171 xy=4543;2449 want=-11 v-str=3.17 l=0.56 r=0.84 tick=338996 goal=0 here=0 d11=0.53 b0=0.33 b2=0.46 b13=0.69
t=266 field hdg=176.4 enc=11150;6172 xy=4544;2449 want=-9 v-str=3.01 l=0.58 r=0.82 tick=339014 goal=0 here=0 d11=0.54 b0=0.33 b2=0.48 b13=0.69
t=266 field hdg=179.5 enc=11151;6171 xy=4544;2449 want=-11 v-str=3.00 l=0.55 r=0.85 tick=339032 goal=0 here=0 d11=0.53 b0=0.34 b2=0.47 b13=0.69
t=266 field hdg=173.2 enc=11151;6172 xy=4543;2449 want=-11 v-str=3.10 l=0.56 r=0.84 tick=339050 goal=0 here=0 d11=0.54 b0=0.33 b2=0.47 b13=0.69
t=266 field hdg=173.3 enc=11152;6173 xy=4542;2449 want=-12 v-str=3.07 l=0.54 r=0.86 tick=339068 goal=0 here=0 d11=0.54 b0=0.34 b2=0.46 b13=0.69
t=266 field hdg=177.9 enc=11150;6173 xy=4543;2449 want=-11 v-str=2.98 l=0.55 r=0.85 tick=339086 goal=0 here=0 d11=0.52 b0=0.33 b2=0.48 b13=0.69
t=267 field hdg=175.8 enc=11151;6171 xy=4544;2449 want=-11 v-str=3.07 l=0.55 r=0.85 tick=339104 goal=0 here=0 d11=0.54 b0=0.34 b2=0.46 b13=0.68
t=267 STUCK mv=2 back+turn
