t=0 field hdg=50.6 enc=8704;10979 xy=1;1 want=-166 str=0.35 l=-1.36 r=2.00 tick=482002 goal=0 here=0 d11=0.60 B=0.37,1.21,1.17,0.55,0.30,0.25,0.29,0.29,0.50,0.90,1.81,0.44,0.25,0.26,0.25,0.26
t=0 field hdg=50.1 enc=8708;10976 xy=1;1 want=100 str=0.48 l=2.00 r=-0.48 tick=482021 goal=0 here=0 d11=0.60 B=0.36,1.21,1.16,0.56,0.30,0.25,0.29,0.31,0.47,0.81,1.79,0.52,0.27,0.25,0.25,0.25
t=0 field hdg=50.5 enc=8707;10977 xy=1;1 want=103 str=0.50 l=2.00 r=-0.51 tick=482040 goal=0 here=0 d11=0.59 B=0.37,1.20,1.17,0.57,0.31,0.25,0.29,0.30,0.47,0.82,1.81,0.52,0.26,0.25,0.25,0.25
t=0 field hdg=49.9 enc=8709;10979 xy=2;3 want=102 str=0.38 l=2.00 r=-0.50 tick=482059 goal=0 here=0 d11=0.61 B=0.36,1.21,1.17,0.55,0.28,0.24,0.29,0.30,0.47,0.81,1.81,0.47,0.25,0.26,0.25,0.25
t=0 field hdg=51.5 enc=8708;10981 xy=3;3 want=106 str=0.45 l=2.00 r=-0.56 tick=482080 goal=0 here=0 d11=0.60 B=0.37,1.22,1.18,0.55,0.30,0.25,0.30,0.31,0.46,0.84,1.81,0.46,0.27,0.26,0.25,0.25
t=1 field hdg=50.9 enc=8708;10983 xy=3;4 want=-176 str=0.44 l=-1.49 r=2.00 tick=482103 goal=0 here=0 d11=0.59 B=0.38,1.21,1.17,0.55,0.31,0.25,0.31,0.29,0.46,0.90,1.81,0.45,0.25,0.25,0.26,0.23
t=1 field hdg=52.4 enc=8711;10985 xy=5;6 want=107 str=0.42 l=2.00 r=-0.57 tick=482122 goal=0 here=0 d11=0.59 B=0.37,1.21,1.18,0.56,0.29,0.25,0.29,0.30,0.49,0.90,1.81,0.45,0.26,0.25,0.25,0.26
t=1 field hdg=51.6 enc=8709;10985 xy=4;5 want=112 str=0.50 l=2.00 r=-0.63 tick=482141 goal=0 here=0 d11=0.60 B=0.37,1.20,1.19,0.56,0.30,0.24,0.29,0.31,0.47,0.87,1.80,0.45,0.28,0.23,0.24,0.24
t=1 field hdg=52.5 enc=8711;10988 xy=6;7 want=111 str=0.45 l=2.00 r=-0.63 tick=482160 goal=0 here=0 d11=0.61 B=0.36,1.21,1.18,0.56,0.30,0.24,0.30,0.29,0.47,0.89,1.80,0.43,0.27,0.25,0.24,0.25
t=1 field hdg=53.0 enc=8711;10989 xy=6;7 want=-171 str=0.40 l=-1.42 r=2.00 tick=482180 goal=0 here=0 d11=0.62 B=0.37,1.23,1.19,0.54,0.29,0.26,0.31,0.31,0.48,0.91,1.80,0.42,0.26,0.25,0.24,0.26
t=2 field hdg=51.5 enc=8712;10988 xy=6;7 want=115 str=0.54 l=2.00 r=-0.67 tick=482198 goal=0 here=0 d11=0.61 B=0.38,1.21,1.18,0.56,0.30,0.26,0.30,0.31,0.49,0.92,1.81,0.43,0.26,0.26,0.24,0.25
t=2 field hdg=48.1 enc=8713;10989 xy=7;8 want=-176 str=0.46 l=-1.49 r=2.00 tick=482217 goal=0 here=0 d11=0.59 B=0.36,1.21,1.18,0.55,0.30,0.25,0.31,0.30,0.49,0.91,1.82,0.44,0.26,0.25,0.24,0.24
t=2 field hdg=53.0 enc=8714;10991 xy=7;9 want=-164 str=0.40 l=-1.32 r=2.00 tick=482236 goal=0 here=0 d11=0.59 B=0.37,1.22,1.17,0.54,0.30,0.24,0.30,0.30,0.48,0.91,1.83,0.44,0.25,0.26,0.26,0.25
t=2 field hdg=50.1 enc=8715;10989 xy=7;9 want=-157 str=0.39 l=-1.24 r=2.00 tick=482255 goal=0 here=0 d11=0.60 B=0.36,1.20,1.17,0.54,0.30,0.23,0.31,0.31,0.48,0.88,1.81,0.44,0.26,0.27,0.25,0.25
t=2 field hdg=53.2 enc=8717;10987 xy=7;9 want=106 str=0.55 l=2.00 r=-0.55 tick=482274 goal=0 here=0 d11=0.60 B=0.37,1.20,1.16,0.56,0.30,0.25,0.30,0.30,0.47,0.83,1.78,0.45,0.26,0.26,0.24,0.25
t=3 field hdg=50.5 enc=8717;10988 xy=7;9 want=109 str=0.49 l=2.00 r=-0.60 tick=482293 goal=0 here=0 d11=0.59 B=0.36,1.20,1.15,0.56,0.30,0.25,0.31,0.29,0.46,0.83,1.81,0.46,0.26,0.25,0.25,0.25
t=3 field hdg=52.6 enc=8719;10991 xy=9;11 want=110 str=0.49 l=2.00 r=-0.61 tick=482312 goal=0 here=0 d11=0.60 B=0.36,1.20,1.17,0.56,0.30,0.24,0.31,0.31,0.47,0.84,1.80,0.45,0.27,0.24,0.24,0.25
t=3 field hdg=50.7 enc=8718;10992 xy=9;11 want=110 str=0.50 l=2.00 r=-0.60 tick=482330 goal=0 here=0 d11=0.60 B=0.38,1.20,1.17,0.57,0.30,0.25,0.29,0.30,0.48,0.87,1.82,0.44,0.26,0.25,0.24,0.25
t=3 field hdg=51.2 enc=8719;10996 xy=11;13 want=114 str=0.58 l=2.00 r=-0.68 tick=482349 goal=0 here=0 d11=0.59 B=0.36,1.21,1.17,0.56,0.30,0.25,0.30,0.30,0.49,0.89,1.82,0.43,0.25,0.25,0.24,0.24
t=3 field hdg=51.1 enc=8719;10996 xy=11;13 want=117 str=0.55 l=2.00 r=-0.71 tick=482368 goal=0 here=0 d11=0.61 B=0.36,1.20,1.18,0.55,0.32,0.24,0.32,0.30,0.50,0.90,1.83,0.41,0.26,0.24,0.23,0.25
t=3 field hdg=49.7 enc=8717;10998 xy=11;13 want=161 str=0.33 l=2.00 r=-1.31 tick=482387 goal=0 here=0 d11=0.61 B=0.35,1.20,1.17,0.54,0.29,0.25,0.30,0.31,0.49,0.94,1.58,0.41,0.26,0.24,0.24,0.25
t=4 field hdg=52.9 enc=8716;11000 xy=11;14 want=173 str=0.44 l=2.00 r=-1.46 tick=482409 goal=0 here=0 d11=0.60 B=0.35,1.21,1.18,0.54,0.31,0.24,0.31,0.30,0.49,1.10,1.56,0.41,0.26,0.26,0.23,0.25
t=4 field hdg=55.3 enc=8715;11002 xy=11;14 want=110 str=0.65 l=2.00 r=-0.63 tick=482427 goal=0 here=0 d11=0.60 B=0.35,1.21,1.17,0.55,0.30,0.26,0.31,0.31,0.52,1.11,1.56,0.39,0.26,0.25,0.24,0.25
t=4 field hdg=52.3 enc=8717;11003 xy=12;15 want=170 str=0.48 l=2.00 r=-1.42 tick=482447 goal=0 here=0 d11=0.61 B=0.36,1.21,1.18,0.54,0.29,0.25,0.31,0.31,0.53,1.13,1.53,0.38,0.26,0.24,0.24,0.24
t=4 field hdg=56.2 enc=8714;11005 xy=12;15 want=174 str=0.42 l=2.00 r=-1.46 tick=482466 goal=0 here=0 d11=0.61 B=0.37,1.22,1.18,0.54,0.29,0.24,0.31,0.31,0.55,1.14,1.53,0.37,0.26,0.25,0.24,0.25
t=4 field hdg=57.3 enc=8714;11008 xy=13;16 want=173 str=0.88 l=2.00 r=-1.46 tick=482485 goal=0 here=0 d11=0.61 B=0.37,1.22,1.17,0.53,0.29,0.24,0.31,0.30,0.55,1.16,1.36,0.37,0.26,0.26,0.24,0.25
t=5 field hdg=53.7 enc=8712;11009 xy=12;16 want=174 str=0.81 l=2.00 r=-1.46 tick=482503 goal=0 here=0 d11=0.60 B=0.36,1.22,1.18,0.53,0.28,0.24,0.31,0.30,0.56,1.17,1.28,0.35,0.27,0.26,0.25,0.25
t=5 field hdg=53.7 enc=8711;11011 xy=13;16 want=166 str=0.86 l=2.00 r=-1.37 tick=482522 goal=0 here=0 d11=0.61 B=0.35,1.21,1.17,0.52,0.28,0.24,0.31,0.32,0.56,1.17,1.25,0.34,0.26,0.24,0.24,0.26
t=5 field hdg=55.2 enc=8712;11014 xy=14;18 want=164 str=0.91 l=2.00 r=-1.33 tick=482541 goal=0 here=0 d11=0.61 B=0.38,1.20,1.15,0.39,0.28,0.25,0.30,0.30,0.56,1.19,1.22,0.33,0.25,0.26,0.23,0.26
t=5 field hdg=55.2 enc=8709;11014 xy=13;17 want=151 str=0.80 l=2.00 r=-1.16 tick=482560 goal=0 here=0 d11=0.59 B=0.37,1.20,1.16,0.37,0.27,0.25,0.30,0.32,0.56,1.21,0.94,0.34,0.26,0.25,0.23,0.25
t=5 field hdg=57.1 enc=8709;11017 xy=14;18 want=148 str=0.83 l=2.00 r=-1.11 tick=482579 goal=0 here=0 d11=0.61 B=0.37,1.20,1.15,0.38,0.28,0.26,0.31,0.32,0.57,1.23,0.91,0.32,0.25,0.26,0.25,0.24
t=6 field hdg=56.0 enc=8709;11020 xy=15;19 want=148 str=0.82 l=2.00 r=-1.11 tick=482600 goal=0 here=0 d11=0.59 B=0.37,1.19,1.16,0.36,0.28,0.24,0.32,0.31,0.56,1.26,0.87,0.32,0.26,0.24,0.23,0.26
t=6 field hdg=55.7 enc=8708;11021 xy=15;19 want=159 str=1.02 l=2.00 r=-1.26 tick=482619 goal=0 here=0 d11=0.61 B=0.36,1.19,1.17,0.36,0.27,0.25,0.31,0.32,0.57,1.59,0.80,0.31,0.25,0.25,0.23,0.26
t=6 field hdg=57.4 enc=8707;11022 xy=15;19 want=160 str=1.05 l=2.00 r=-1.28 tick=482638 goal=0 here=0 d11=0.61 B=0.37,1.18,1.11,0.36,0.27,0.25,0.31,0.31,0.58,1.59,0.79,0.31,0.24,0.25,0.24,0.26
t=6 field hdg=56.0 enc=8705;11026 xy=15;20 want=162 str=0.98 l=2.00 r=-1.30 tick=482661 goal=0 here=0 d11=0.61 B=0.36,1.20,1.09,0.36,0.27,0.26,0.31,0.33,0.56,1.61,0.78,0.31,0.25,0.25,0.24,0.27
t=6 field hdg=58.8 enc=8703;11027 xy=15;19 want=171 str=1.11 l=2.00 r=-1.42 tick=482680 goal=0 here=0 d11=0.59 B=0.38,1.17,1.07,0.35,0.26,0.26,0.31,0.32,0.58,1.75,0.78,0.31,0.25,0.25,0.24,0.28
t=7 field hdg=60.3 enc=8702;11028 xy=15;19 want=161 str=1.18 l=2.00 r=-1.27 tick=482699 goal=0 here=0 d11=0.63 B=0.39,1.19,1.04,0.35,0.26,0.25,0.31,0.32,0.57,1.84,0.56,0.30,0.25,0.23,0.23,0.26
t=7 field hdg=63.2 enc=8703;11030 xy=16;21 want=157 str=1.21 l=2.00 r=-1.23 tick=482718 goal=0 here=0 d11=0.61 B=0.38,1.18,1.04,0.35,0.27,0.28,0.31,0.32,0.58,1.82,0.57,0.29,0.25,0.25,0.22,0.27
t=7 field hdg=60.5 enc=8702;11033 xy=16;22 want=159 str=1.09 l=2.00 r=-1.25 tick=482736 goal=0 here=0 d11=0.59 B=0.38,1.18,1.03,0.35,0.27,0.27,0.31,0.34,0.57,1.81,0.56,0.28,0.25,0.25,0.24,0.28
t=7 field hdg=61.7 enc=8701;11035 xy=16;22 want=160 str=1.13 l=2.00 r=-1.25 tick=482755 goal=0 here=0 d11=0.59 B=0.40,1.18,1.00,0.35,0.26,0.26,0.31,0.33,0.57,1.80,0.57,0.27,0.25,0.25,0.23,0.28
t=7 field hdg=58.2 enc=8698;11035 xy=15;21 want=162 str=1.08 l=2.00 r=-1.27 tick=482774 goal=0 here=0 d11=0.61 B=0.41,1.20,0.99,0.35,0.25,0.27,0.31,0.34,0.57,1.80,0.56,0.29,0.25,0.25,0.23,0.28
t=8 field hdg=59.3 enc=8697;11037 xy=16;21 want=171 str=1.14 l=2.00 r=-1.40 tick=482792 goal=0 here=0 d11=0.61 B=0.40,1.20,0.77,0.33,0.26,0.26,0.30,0.34,0.59,1.79,0.57,0.28,0.24,0.26,0.23,0.29
t=8 field hdg=63.6 enc=8696;11040 xy=16;22 want=169 str=1.22 l=2.00 r=-1.36 tick=482811 goal=0 here=0 d11=0.61 B=0.42,1.18,0.75,0.34,0.26,0.26,0.31,0.34,0.58,1.78,0.56,0.27,0.24,0.25,0.24,0.28
t=8 field hdg=64.3 enc=8697;11042 xy=17;24 want=169 str=1.20 l=2.00 r=-1.36 tick=482830 goal=0 here=0 d11=0.60 B=0.42,1.20,0.74,0.33,0.26,0.28,0.33,0.35,0.59,1.79,0.56,0.28,0.25,0.24,0.23,0.30
t=8 field hdg=60.4 enc=8695;11044 xy=17;24 want=164 str=0.61 l=2.00 r=-1.18 tick=482849 goal=0 here=0 d11=0.61 B=0.58,1.20,0.71,0.33,0.25,0.27,0.31,0.35,0.58,1.79,0.56,0.28,0.25,0.24,0.23,0.31
t=8 field hdg=65.3 enc=8694;11046 xy=17;24 want=169 str=0.59 l=2.00 r=-1.23 tick=482875 goal=0 here=0 d11=0.60 B=0.60,1.19,0.71,0.33,0.25,0.26,0.32,0.35,0.58,1.79,0.56,0.28,0.26,0.23,0.24,0.30
t=9 field hdg=66.9 enc=8694;11047 xy=17;24 want=171 str=0.65 l=2.00 r=-1.26 tick=482893 goal=0 here=0 d11=0.59 B=0.60,1.17,0.70,0.34,0.24,0.28,0.31,0.36,0.58,1.81,0.56,0.28,0.26,0.24,0.23,0.31
t=9 field hdg=67.1 enc=8691;11051 xy=17;25 want=121 str=0.60 l=2.00 r=-0.59 tick=482913 goal=0 here=0 d11=0.60 B=0.60,1.15,0.69,0.33,0.25,0.28,0.31,0.37,0.60,1.84,0.54,0.28,0.26,0.24,0.23,0.32
t=9 field hdg=64.0 enc=8691;11051 xy=17;25 want=169 str=0.70 l=2.00 r=-1.24 tick=482931 goal=0 here=0 d11=0.59 B=0.59,1.15,0.69,0.33,0.25,0.28,0.30,0.39,0.59,1.84,0.55,0.28,0.24,0.24,0.24,0.31
t=9 field hdg=62.9 enc=8691;11055 xy=18;27 want=125 str=0.64 l=2.00 r=-0.66 tick=482950 goal=0 here=0 d11=0.61 B=0.59,1.16,0.63,0.34,0.25,0.29,0.31,0.40,0.59,1.86,0.55,0.27,0.25,0.24,0.24,0.32
t=9 field hdg=67.5 enc=8692;11055 xy=19;27 want=170 str=0.78 l=2.00 r=-1.25 tick=482969 goal=0 here=0 d11=0.61 B=0.60,1.15,0.63,0.34,0.26,0.29,0.30,0.40,0.61,1.87,0.56,0.27,0.25,0.25,0.24,0.33
t=9 field hdg=66.7 enc=8689;11058 xy=19;27 want=171 str=0.85 l=2.00 r=-1.27 tick=482988 goal=0 here=0 d11=0.60 B=0.60,1.12,0.62,0.33,0.24,0.28,0.31,0.43,0.62,1.87,0.56,0.27,0.25,0.24,0.23,0.32
t=10 field hdg=68.8 enc=8690;11060 xy=19;29 want=140 str=0.82 l=2.00 r=-0.84 tick=483006 goal=0 here=0 d11=0.60 B=0.60,1.13,0.60,0.32,0.26,0.29,0.32,0.41,0.79,1.86,0.54,0.28,0.25,0.25,0.22,0.33
t=10 field hdg=68.3 enc=8690;11062 xy=19;29 want=140 str=0.89 l=2.00 r=-0.84 tick=483025 goal=0 here=0 d11=0.60 B=0.60,1.11,0.59,0.33,0.26,0.28,0.31,0.41,0.80,1.88,0.53,0.27,0.25,0.22,0.23,0.33
t=10 field hdg=68.2 enc=8688;11062 xy=19;29 want=140 str=0.88 l=2.00 r=-0.86 tick=483044 goal=0 here=0 d11=0.60 B=0.59,1.11,0.60,0.33,0.26,0.28,0.31,0.42,0.80,1.87,0.54,0.27,0.24,0.23,0.22,0.33
t=10 field hdg=69.7 enc=8688;11066 xy=20;30 want=140 str=0.78 l=2.00 r=-0.82 tick=483063 goal=0 here=0 d11=0.60 B=0.64,1.10,0.59,0.32,0.25,0.29,0.32,0.43,0.79,1.86,0.53,0.27,0.25,0.25,0.23,0.33
t=10 field hdg=66.5 enc=8689;11068 xy=20;32 want=81 str=0.47 l=2.00 r=0.38 tick=483082 goal=0 here=0 d11=0.60 B=1.23,1.13,0.59,0.33,0.26,0.28,0.31,0.44,0.79,1.84,0.53,0.26,0.26,0.24,0.24,0.35
t=11 field hdg=68.8 enc=8688;11069 xy=20;32 want=93 str=0.46 l=2.00 r=0.21 tick=483100 goal=0 here=0 d11=0.61 B=1.21,1.12,0.58,0.32,0.25,0.28,0.31,0.44,0.80,1.84,0.52,0.28,0.25,0.24,0.23,0.33
t=11 field hdg=68.4 enc=8689;11070 xy=21;33 want=94 str=0.57 l=2.00 r=0.20 tick=483119 goal=0 here=0 d11=0.60 B=1.22,1.12,0.58,0.33,0.25,0.30,0.31,0.45,0.81,1.84,0.53,0.26,0.25,0.23,0.22,0.34
t=11 field hdg=71.4 enc=8689;11071 xy=21;33 want=95 str=0.46 l=2.00 r=0.17 tick=483139 goal=0 here=0 d11=0.59 B=1.20,1.11,0.56,0.31,0.26,0.28,0.31,0.45,0.81,1.84,0.54,0.27,0.26,0.23,0.24,0.34
t=11 field hdg=71.4 enc=8688;11074 xy=21;34 want=97 str=0.62 l=2.00 r=0.13 tick=483158 goal=0 here=0 d11=0.60 B=1.18,1.12,0.56,0.31,0.26,0.30,0.31,0.45,0.80,1.82,0.50,0.27,0.24,0.23,0.23,0.34
t=11 field hdg=71.0 enc=8688;11075 xy=21;35 want=94 str=0.50 l=2.00 r=0.18 tick=483177 goal=0 here=0 d11=0.59 B=1.19,1.12,0.56,0.32,0.26,0.30,0.32,0.47,0.83,1.82,0.46,0.26,0.26,0.24,0.24,0.34
t=12 field hdg=72.9 enc=8688;11077 xy=22;36 want=96 str=0.49 l=2.00 r=0.15 tick=483196 goal=0 here=0 d11=0.60 B=1.18,1.13,0.57,0.33,0.24,0.28,0.31,0.47,0.84,1.83,0.45,0.26,0.26,0.23,0.23,0.35
t=12 field hdg=75.0 enc=8690;11079 xy=22;38 want=94 str=0.51 l=2.00 r=0.18 tick=483214 goal=0 here=0 d11=0.62 B=1.19,1.14,0.56,0.31,0.25,0.30,0.32,0.47,0.82,1.82,0.45,0.27,0.25,0.24,0.24,0.34
t=12 field hdg=73.3 enc=8690;11082 xy=23;39 want=100 str=0.63 l=2.00 r=0.10 tick=483234 goal=0 here=0 d11=0.60 B=1.18,1.13,0.56,0.30,0.25,0.31,0.31,0.48,0.85,1.82,0.44,0.26,0.25,0.22,0.23,0.34
t=12 field hdg=72.3 enc=8689;11085 xy=23;40 want=95 str=0.64 l=2.00 r=0.17 tick=483253 goal=0 here=0 d11=0.61 B=1.19,1.15,0.57,0.32,0.25,0.32,0.32,0.47,0.85,1.81,0.43,0.26,0.25,0.21,0.24,0.34
t=12 field hdg=73.3 enc=8690;11086 xy=23;41 want=93 str=0.56 l=2.00 r=0.20 tick=483272 goal=0 here=0 d11=0.60 B=1.19,1.15,0.56,0.31,0.25,0.30,0.32,0.49,0.86,1.82,0.43,0.25,0.25,0.24,0.24,0.35
t=13 field hdg=74.1 enc=8690;11086 xy=23;41 want=103 str=0.53 l=2.00 r=0.06 tick=483291 goal=0 here=0 d11=0.60 B=1.19,1.15,0.56,0.31,0.24,0.31,0.32,0.49,0.92,1.84,0.41,0.26,0.25,0.24,0.24,0.33
t=13 field hdg=72.7 enc=8688;11088 xy=23;41 want=105 str=0.52 l=2.00 r=0.02 tick=483309 goal=0 here=0 d11=0.61 B=1.19,1.16,0.56,0.31,0.24,0.30,0.31,0.49,0.93,1.83,0.41,0.26,0.26,0.24,0.23,0.35
t=13 field hdg=74.4 enc=8688;11091 xy=24;42 want=94 str=0.57 l=2.00 r=0.18 tick=483327 goal=0 here=0 d11=0.60 B=1.19,1.17,0.55,0.30,0.25,0.31,0.31,0.49,0.95,1.72,0.38,0.27,0.25,0.24,0.24,0.34
t=13 field hdg=72.7 enc=8689;11094 xy=24;44 want=82 str=0.63 l=2.00 r=0.34 tick=483346 goal=0 here=0 d11=0.61 B=1.20,1.16,0.55,0.31,0.24,0.31,0.33,0.51,0.96,1.59,0.37,0.25,0.25,0.24,0.24,0.35
t=13 field hdg=72.5 enc=8690;11096 xy=25;46 want=149 str=0.58 l=2.00 r=-0.55 tick=483365 goal=0 here=0 d11=0.61 B=1.19,1.15,0.55,0.30,0.25,0.31,0.31,0.51,1.12,1.58,0.36,0.25,0.25,0.24,0.22,0.35
t=13 field hdg=72.1 enc=8688;11097 xy=24;45 want=148 str=0.57 l=2.00 r=-0.54 tick=483384 goal=0 here=0 d11=0.61 B=1.20,1.15,0.54,0.31,0.25,0.32,0.32,0.51,1.12,1.57,0.37,0.26,0.25,0.22,0.24,0.35
t=14 field hdg=71.4 enc=8688;11099 xy=25;46 want=149 str=0.58 l=2.00 r=-0.56 tick=483403 goal=0 here=0 d11=0.62 B=1.19,1.16,0.54,0.31,0.25,0.30,0.34,0.52,1.14,1.56,0.34,0.26,0.26,0.23,0.23,0.34
t=14 field hdg=72.2 enc=8688;11101 xy=25;47 want=147 str=0.56 l=2.00 r=-0.53 tick=483421 goal=0 here=0 d11=0.61 B=1.19,1.15,0.54,0.31,0.25,0.31,0.33,0.53,1.14,1.55,0.35,0.26,0.25,0.22,0.25,0.35
t=14 field hdg=77.4 enc=8690;11102 xy=25;49 want=149 str=0.52 l=2.00 r=-0.54 tick=483440 goal=0 here=0 d11=0.62 B=1.21,1.17,0.54,0.31,0.25,0.31,0.32,0.54,1.15,1.54,0.35,0.27,0.25,0.23,0.24,0.36
t=14 field hdg=77.3 enc=8690;11104 xy=26;49 want=131 str=0.49 l=2.00 r=-0.31 tick=483459 goal=0 here=0 d11=0.60 B=1.20,1.16,0.54,0.30,0.23,0.30,0.33,0.54,1.17,1.38,0.34,0.25,0.23,0.23,0.24,0.35
t=14 field hdg=74.6 enc=8689;11105 xy=26;49 want=141 str=1.04 l=2.00 r=-0.43 tick=483478 goal=0 here=0 d11=0.60 B=1.21,1.15,0.53,0.30,0.25,0.31,0.33,0.56,1.17,1.31,0.34,0.25,0.24,0.22,0.24,0.35
t=15 field hdg=76.3 enc=8689;11108 xy=26;51 want=142 str=1.00 l=2.00 r=-0.46 tick=483497 goal=0 here=0 d11=0.61 B=1.20,1.14,0.53,0.31,0.25,0.31,0.33,0.58,1.19,1.28,0.34,0.26,0.24,0.22,0.25,0.33
t=15 field hdg=76.8 enc=8689;11109 xy=26;51 want=139 str=1.04 l=2.00 r=-0.42 tick=483518 goal=0 here=0 d11=0.60 B=1.20,1.15,0.52,0.30,0.26,0.32,0.31,0.57,1.19,1.27,0.32,0.25,0.25,0.23,0.23,0.35
t=15 field hdg=80.0 enc=8690;11113 xy=27;54 want=144 str=1.02 l=2.00 r=-0.49 tick=483540 goal=0 here=0 d11=0.59 B=1.19,1.15,0.54,0.30,0.24,0.31,0.33,0.57,1.20,1.24,0.32,0.26,0.27,0.22,0.23,0.36
t=15 field hdg=78.6 enc=8688;11113 xy=26;53 want=137 str=0.93 l=2.00 r=-0.39 tick=483560 goal=0 here=0 d11=0.61 B=1.19,1.15,0.53,0.29,0.24,0.32,0.31,0.57,1.21,1.11,0.32,0.26,0.24,0.23,0.24,0.34
t=15 field hdg=77.5 enc=8688;11117 xy=27;55 want=126 str=0.92 l=2.00 r=-0.26 tick=483579 goal=0 here=0 d11=0.60 B=1.19,1.13,0.52,0.30,0.25,0.33,0.33,0.58,1.23,0.93,0.31,0.27,0.23,0.23,0.25,0.34
t=16 field hdg=76.4 enc=8690;11117 xy=27;56 want=130 str=0.82 l=2.00 r=-0.30 tick=483597 goal=0 here=0 d11=0.62 B=1.19,1.13,0.53,0.29,0.24,0.31,0.34,0.58,1.24,0.91,0.31,0.26,0.26,0.23,0.26,0.35
t=16 field hdg=79.5 enc=8690;11119 xy=27;57 want=127 str=0.92 l=2.00 r=-0.26 tick=483616 goal=0 here=0 d11=0.59 B=1.18,1.13,0.51,0.29,0.24,0.33,0.33,0.58,1.24,0.90,0.30,0.26,0.24,0.23,0.24,0.35
t=16 field hdg=80.0 enc=8690;11120 xy=27;57 want=124 str=0.87 l=2.00 r=-0.22 tick=483635 goal=0 here=0 d11=0.60 B=1.19,1.14,0.51,0.30,0.24,0.31,0.32,0.57,1.27,0.81,0.32,0.26,0.26,0.22,0.24,0.35
t=16 field hdg=77.1 enc=8689;11124 xy=28;59 want=123 str=0.91 l=2.00 r=-0.22 tick=483654 goal=0 here=0 d11=0.60 B=1.18,1.13,0.50,0.29,0.24,0.32,0.33,0.58,1.28,0.81,0.31,0.25,0.24,0.23,0.25,0.35
t=16 field hdg=78.3 enc=8690;11126 xy=28;60 want=134 str=1.16 l=2.00 r=-0.36 tick=483673 goal=0 here=0 d11=0.60 B=1.19,1.14,0.50,0.30,0.24,0.32,0.33,0.59,1.60,0.80,0.31,0.27,0.23,0.21,0.25,0.35
t=17 field hdg=80.1 enc=8688;11128 xy=28;60 want=136 str=1.17 l=2.00 r=-0.40 tick=483692 goal=0 here=0 d11=0.61 B=1.16,1.14,0.49,0.28,0.25,0.32,0.32,0.58,1.61,0.79,0.31,0.25,0.24,0.21,0.25,0.36
t=17 field hdg=79.7 enc=8688;11128 xy=28;60 want=135 str=1.17 l=2.00 r=-0.38 tick=483710 goal=0 here=0 d11=0.61 B=1.16,1.14,0.40,0.29,0.24,0.33,0.33,0.58,1.62,0.79,0.30,0.24,0.25,0.22,0.25,0.36
t=17 field hdg=78.6 enc=8688;11130 xy=28;61 want=133 str=1.04 l=2.00 r=-0.36 tick=483729 goal=0 here=0 d11=0.60 B=1.16,1.15,0.36,0.28,0.25,0.33,0.35,0.58,1.62,0.71,0.28,0.27,0.24,0.23,0.26,0.35
t=17 field hdg=80.2 enc=8689;11131 xy=28;62 want=129 str=1.09 l=2.00 r=-0.30 tick=483748 goal=0 here=0 d11=0.59 B=1.17,1.10,0.36,0.28,0.25,0.32,0.34,0.59,1.65,0.58,0.29,0.26,0.24,0.21,0.26,0.36
t=17 field hdg=83.5 enc=8689;11134 xy=28;64 want=132 str=1.17 l=2.00 r=-0.35 tick=483769 goal=0 here=0 d11=0.60 B=1.15,1.06,0.36,0.29,0.26,0.32,0.33,0.61,1.65,0.59,0.30,0.26,0.23,0.22,0.26,0.37
t=17 field hdg=82.3 enc=8688;11136 xy=29;64 want=143 str=1.21 l=2.00 r=-0.50 tick=483788 goal=0 here=0 d11=0.61 B=1.16,1.05,0.36,0.27,0.25,0.33,0.34,0.60,1.85,0.60,0.30,0.26,0.24,0.23,0.27,0.37
t=18 field hdg=82.3 enc=8690;11137 xy=29;66 want=137 str=1.24 l=2.00 r=-0.41 tick=483809 goal=0 here=0 d11=0.61 B=1.15,1.06,0.36,0.29,0.24,0.32,0.34,0.60,1.85,0.58,0.29,0.25,0.24,0.22,0.27,0.37
t=18 field hdg=85.4 enc=8690;11141 xy=29;68 want=139 str=1.24 l=2.00 r=-0.44 tick=483828 goal=0 here=0 d11=0.61 B=1.16,1.04,0.35,0.28,0.26,0.31,0.34,0.61,1.84,0.60,0.30,0.26,0.24,0.22,0.28,0.37
t=18 field hdg=83.5 enc=8689;11141 xy=29;67 want=139 str=1.17 l=2.00 r=-0.44 tick=483847 goal=0 here=0 d11=0.59 B=1.17,1.04,0.34,0.28,0.25,0.32,0.34,0.60,1.84,0.59,0.27,0.27,0.24,0.22,0.28,0.36
t=18 field hdg=81.1 enc=8690;11144 xy=29;69 want=135 str=1.29 l=2.00 r=-0.39 tick=483866 goal=0 here=0 d11=0.61 B=1.16,1.02,0.35,0.28,0.27,0.33,0.33,0.60,1.82,0.58,0.29,0.26,0.23,0.22,0.27,0.36
t=18 field hdg=78.9 enc=8688;11145 xy=29;69 want=139 str=1.20 l=2.00 r=-0.44 tick=483889 goal=0 here=0 d11=0.61 B=1.16,1.02,0.34,0.27,0.25,0.32,0.33,0.59,1.82,0.59,0.28,0.25,0.24,0.21,0.28,0.38
t=19 field hdg=80.1 enc=8689;11147 xy=29;70 want=140 str=1.17 l=2.00 r=-0.45 tick=483908 goal=0 here=0 d11=0.61 B=1.17,1.00,0.35,0.28,0.26,0.34,0.34,0.61,1.83,0.59,0.29,0.27,0.23,0.22,0.30,0.38
t=19 field hdg=81.5 enc=8689;11149 xy=29;71 want=138 str=1.22 l=2.00 r=-0.42 tick=483927 goal=0 here=0 d11=0.60 B=1.18,0.99,0.33,0.27,0.26,0.33,0.33,0.62,1.81,0.58,0.29,0.25,0.23,0.21,0.29,0.39
t=19 field hdg=85.0 enc=8688;11151 xy=30;72 want=137 str=1.22 l=2.00 r=-0.42 tick=483949 goal=0 here=0 d11=0.60 B=1.15,0.97,0.33,0.28,0.27,0.34,0.35,0.61,1.80,0.58,0.27,0.26,0.24,0.21,0.29,0.36
t=19 field hdg=85.8 enc=8690;11155 xy=30;75 want=139 str=1.15 l=2.00 r=-0.44 tick=483968 goal=0 here=0 d11=0.60 B=1.17,0.97,0.35,0.28,0.26,0.33,0.34,0.60,1.81,0.58,0.28,0.26,0.24,0.22,0.31,0.39
t=20 field hdg=80.6 enc=8689;11157 xy=30;75 want=134 str=0.69 l=2.00 r=-0.35 tick=483990 goal=0 here=0 d11=0.60 B=1.18,0.79,0.34,0.27,0.27,0.34,0.35,0.61,1.81,0.58,0.27,0.26,0.24,0.23,0.30,0.56
t=20 field hdg=86.0 enc=8690;11158 xy=30;76 want=145 str=0.72 l=2.00 r=-0.51 tick=484009 goal=0 here=0 d11=0.59 B=1.17,0.76,0.34,0.26,0.26,0.33,0.35,0.60,1.82,0.58,0.28,0.26,0.23,0.22,0.30,0.56
t=20 field hdg=86.4 enc=8688;11160 xy=30;76 want=143 str=0.75 l=2.00 r=-0.49 tick=484028 goal=0 here=0 d11=0.60 B=1.17,0.75,0.34,0.27,0.26,0.33,0.35,0.61,1.81,0.57,0.29,0.26,0.24,0.22,0.29,0.55
t=20 field hdg=84.7 enc=8689;11161 xy=30;77 want=144 str=0.75 l=2.00 r=-0.50 tick=484048 goal=0 here=0 d11=0.60 B=1.17,0.73,0.32,0.27,0.26,0.32,0.35,0.61,1.83,0.57,0.28,0.26,0.23,0.22,0.30,0.56
t=20 field hdg=89.0 enc=8690;11165 xy=30;80 want=152 str=0.81 l=2.00 r=-0.60 tick=484066 goal=0 here=0 d11=0.60 B=1.17,0.70,0.33,0.25,0.26,0.34,0.35,0.63,1.84,0.57,0.29,0.26,0.24,0.21,0.29,0.57
t=20 field hdg=87.6 enc=8688;11167 xy=30;80 want=148 str=0.73 l=2.00 r=-0.56 tick=484085 goal=0 here=0 d11=0.61 B=1.16,0.70,0.32,0.27,0.24,0.32,0.35,0.60,1.85,0.57,0.27,0.26,0.24,0.22,0.32,0.56
t=21 field hdg=85.6 enc=8690;11167 xy=30;81 want=146 str=0.81 l=2.00 r=-0.55 tick=484106 goal=0 here=0 d11=0.60 B=1.15,0.71,0.32,0.27,0.26,0.32,0.35,0.63,1.84,0.58,0.28,0.26,0.24,0.21,0.30,0.57
t=21 field hdg=87.8 enc=8688;11171 xy=30;82 want=144 str=0.80 l=2.00 r=-0.51 tick=484125 goal=0 here=0 d11=0.61 B=1.16,0.69,0.34,0.28,0.26,0.33,0.38,0.61,1.85,0.58,0.27,0.26,0.23,0.22,0.31,0.57
t=21 field hdg=90.5 enc=8689;11172 xy=30;83 want=146 str=0.82 l=2.00 r=-0.54 tick=484144 goal=0 here=0 d11=0.60 B=1.14,0.69,0.31,0.26,0.27,0.33,0.38,0.62,1.88,0.56,0.28,0.25,0.22,0.23,0.31,0.58
t=21 field hdg=89.6 enc=8688;11172 xy=30;82 want=149 str=0.86 l=2.00 r=-0.60 tick=484163 goal=0 here=0 d11=0.59 B=1.13,0.68,0.33,0.27,0.27,0.33,0.38,0.62,1.87,0.57,0.29,0.27,0.22,0.23,0.31,0.57
t=21 field hdg=89.5 enc=8690;11176 xy=30;85 want=146 str=0.84 l=2.00 r=-0.56 tick=484182 goal=0 here=0 d11=0.60 B=1.13,0.66,0.31,0.26,0.27,0.33,0.37,0.62,1.89,0.56,0.26,0.26,0.22,0.23,0.31,0.57
t=22 field hdg=89.4 enc=8688;11178 xy=30;85 want=148 str=0.88 l=2.00 r=-0.60 tick=484201 goal=0 here=0 d11=0.59 B=1.11,0.66,0.32,0.26,0.26,0.33,0.38,0.62,1.88,0.57,0.27,0.24,0.23,0.22,0.32,0.57
t=22 field hdg=91.1 enc=8689;11178 xy=30;86 want=151 str=0.89 l=2.00 r=-0.64 tick=484220 goal=0 here=0 d11=0.59 B=1.10,0.66,0.30,0.25,0.27,0.33,0.38,0.63,1.90,0.56,0.27,0.25,0.23,0.23,0.30,0.57
t=22 field hdg=90.9 enc=8688;11181 xy=30;87 want=154 str=0.91 l=2.00 r=-0.68 tick=484239 goal=0 here=0 d11=0.60 B=1.10,0.66,0.32,0.26,0.25,0.34,0.37,0.64,1.90,0.56,0.28,0.26,0.23,0.21,0.33,0.58
t=22 field hdg=90.5 enc=8688;11184 xy=30;88 want=150 str=0.96 l=2.00 r=-0.64 tick=484264 goal=0 here=0 d11=0.59 B=1.08,0.63,0.32,0.26,0.28,0.34,0.38,0.66,1.90,0.55,0.26,0.26,0.23,0.22,0.32,0.58
t=22 field hdg=92.7 enc=8688;11186 xy=30;89 want=156 str=1.12 l=2.00 r=-0.70 tick=484283 goal=0 here=0 d11=0.62 B=1.11,0.60,0.33,0.25,0.26,0.34,0.41,0.82,1.89,0.55,0.28,0.26,0.23,0.21,0.32,0.59
t=23 field hdg=90.7 enc=8690;11186 xy=30;90 want=124 str=0.88 l=2.00 r=-0.29 tick=484301 goal=0 here=0 d11=0.60 B=1.08,0.58,0.32,0.25,0.27,0.33,0.41,0.82,1.89,0.55,0.27,0.26,0.21,0.23,0.32,0.62
t=23 field hdg=90.2 enc=8688;11189 xy=30;91 want=85 str=0.45 l=2.00 r=0.23 tick=484323 goal=0 here=0 d11=0.61 B=1.09,0.58,0.31,0.24,0.28,0.34,0.41,0.82,1.89,0.50,0.28,0.27,0.21,0.23,0.32,1.21
t=23 field hdg=91.3 enc=8688;11192 xy=30;92 want=85 str=0.50 l=2.00 r=0.22 tick=484341 goal=0 here=0 d11=0.60 B=1.08,0.58,0.31,0.25,0.28,0.34,0.43,0.83,1.88,0.49,0.27,0.25,0.22,0.23,0.32,1.19
t=23 field hdg=95.3 enc=8688;11192 xy=30;92 want=82 str=0.45 l=2.00 r=0.27 tick=484362 goal=0 here=0 d11=0.60 B=1.09,0.58,0.31,0.25,0.27,0.32,0.44,0.84,1.86,0.47,0.27,0.26,0.23,0.23,0.31,1.17
t=23 field hdg=93.9 enc=8690;11194 xy=30;94 want=91 str=0.46 l=2.00 r=0.14 tick=484385 goal=0 here=0 d11=0.60 B=1.09,0.56,0.32,0.25,0.27,0.34,0.45,0.84,1.87,0.45,0.28,0.25,0.23,0.22,0.32,1.16
t=24 field hdg=91.3 enc=8688;11198 xy=30;95 want=92 str=0.46 l=2.00 r=0.13 tick=484403 goal=0 here=0 d11=0.62 B=1.08,0.56,0.31,0.24,0.27,0.34,0.44,0.84,1.85,0.45,0.28,0.25,0.22,0.23,0.32,1.15
t=24 field hdg=91.9 enc=8689;11199 xy=30;96 want=91 str=0.50 l=2.00 r=0.15 tick=484422 goal=0 here=0 d11=0.60 B=1.08,0.56,0.32,0.25,0.28,0.33,0.46,0.84,1.85,0.43,0.28,0.25,0.22,0.23,0.33,1.15
t=24 field hdg=91.4 enc=8689;11201 xy=30;97 want=92 str=0.52 l=2.00 r=0.14 tick=484441 goal=0 here=0 d11=0.60 B=1.08,0.56,0.31,0.24,0.29,0.33,0.46,0.85,1.85,0.42,0.27,0.25,0.22,0.22,0.33,1.15
t=24 field hdg=89.7 enc=8688;11203 xy=30;98 want=91 str=0.52 l=2.00 r=0.14 tick=484460 goal=0 here=0 d11=0.61 B=1.08,0.57,0.31,0.25,0.28,0.32,0.46,0.86,1.85,0.42,0.27,0.25,0.23,0.23,0.33,1.15
t=24 field hdg=91.6 enc=8689;11205 xy=30;99 want=97 str=0.55 l=2.00 r=0.06 tick=484479 goal=0 here=0 d11=0.59 B=1.08,0.56,0.31,0.24,0.29,0.33,0.45,0.86,1.85,0.41,0.29,0.24,0.22,0.21,0.32,1.17
t=25 field hdg=94.8 enc=8689;11205 xy=30;99 want=88 str=0.52 l=2.00 r=0.19 tick=484500 goal=0 here=0 d11=0.59 B=1.09,0.55,0.30,0.26,0.27,0.34,0.47,0.86,1.84,0.40,0.27,0.25,0.22,0.24,0.34,1.15
t=25 field hdg=92.2 enc=8688;11207 xy=30;100 want=143 str=0.63 l=2.00 r=-0.53 tick=484519 goal=0 here=0 d11=0.61 B=1.10,0.54,0.32,0.25,0.28,0.33,0.48,0.87,1.85,0.39,0.28,0.24,0.21,0.23,0.32,1.16
t=25 field hdg=94.6 enc=8689;11211 xy=30;102 want=145 str=0.63 l=2.00 r=-0.56 tick=484537 goal=0 here=0 d11=0.61 B=1.11,0.53,0.31,0.26,0.28,0.34,0.48,0.88,1.84,0.38,0.28,0.26,0.21,0.22,0.32,1.17
t=25 field hdg=97.2 enc=8689;11213 xy=29;103 want=152 str=0.62 l=2.00 r=-0.65 tick=484556 goal=0 here=0 d11=0.60 B=1.11,0.54,0.31,0.25,0.27,0.32,0.49,0.88,1.86,0.38,0.28,0.25,0.22,0.23,0.34,1.16
t=25 field hdg=95.4 enc=8690;11213 xy=29;104 want=144 str=0.53 l=2.00 r=-0.53 tick=484575 goal=0 here=0 d11=0.60 B=1.13,0.54,0.31,0.24,0.27,0.33,0.49,0.95,1.75,0.35,0.26,0.24,0.22,0.24,0.32,1.16
t=26 field hdg=95.5 enc=8690;11216 xy=29;105 want=132 str=0.48 l=2.00 r=-0.37 tick=484596 goal=0 here=0 d11=0.60 B=1.13,0.53,0.30,0.26,0.28,0.33,0.48,0.95,1.63,0.36,0.28,0.24,0.22,0.24,0.33,1.15
t=26 field hdg=94.8 enc=8690;11219 xy=29;107 want=126 str=0.50 l=2.00 r=-0.28 tick=484618 goal=0 here=0 d11=0.60 B=1.14,0.52,0.30,0.25,0.29,0.34,0.51,0.97,1.59,0.35,0.27,0.25,0.22,0.23,0.33,1.15
t=26 field hdg=95.4 enc=8688;11221 xy=29;107 want=134 str=0.56 l=2.00 r=-0.39 tick=484636 goal=0 here=0 d11=0.60 B=1.13,0.51,0.30,0.25,0.29,0.34,0.50,1.05,1.59,0.35,0.27,0.25,0.22,0.23,0.33,1.16
t=26 field hdg=95.6 enc=8689;11222 xy=29;108 want=141 str=0.63 l=2.00 r=-0.50 tick=484655 goal=0 here=0 d11=0.61 B=1.11,0.53,0.30,0.24,0.29,0.33,0.50,1.15,1.58,0.34,0.28,0.24,0.23,0.23,0.33,1.16
t=26 field hdg=95.7 enc=8690;11223 xy=29;109 want=128 str=0.66 l=2.00 r=-0.30 tick=484674 goal=0 here=0 d11=0.60 B=1.14,0.53,0.30,0.27,0.29,0.34,0.53,1.17,1.57,0.34,0.27,0.24,0.22,0.24,0.33,1.16
t=27 field hdg=98.5 enc=8689;11225 xy=29;109 want=137 str=0.62 l=2.00 r=-0.42 tick=484692 goal=0 here=0 d11=0.60 B=1.15,0.52,0.30,0.24,0.29,0.32,0.53,1.17,1.57,0.33,0.27,0.25,0.22,0.24,0.33,1.16
t=27 field hdg=98.5 enc=8690;11227 xy=29;111 want=116 str=0.52 l=2.00 r=-0.17 tick=484715 goal=0 here=0 d11=0.60 B=1.12,0.52,0.31,0.25,0.29,0.33,0.52,1.20,1.37,0.34,0.26,0.24,0.22,0.25,0.33,1.17
t=27 field hdg=99.8 enc=8689;11229 xy=29;111 want=121 str=0.53 l=2.00 r=-0.22 tick=484734 goal=0 here=0 d11=0.61 B=1.12,0.52,0.29,0.24,0.29,0.34,0.54,1.19,1.33,0.33,0.28,0.24,0.22,0.23,0.33,1.17
t=27 field hdg=96.5 enc=8690;11230 xy=28;112 want=114 str=0.56 l=2.00 r=-0.13 tick=484753 goal=0 here=0 d11=0.61 B=1.13,0.52,0.29,0.25,0.30,0.33,0.53,1.20,1.31,0.34,0.28,0.24,0.20,0.24,0.32,1.17
t=27 field hdg=100.6 enc=8688;11234 xy=28;113 want=123 str=1.08 l=2.00 r=-0.25 tick=484774 goal=0 here=0 d11=0.60 B=1.13,0.51,0.30,0.25,0.31,0.33,0.55,1.22,1.30,0.32,0.28,0.25,0.20,0.25,0.33,1.18
t=28 field hdg=102.2 enc=8688;11234 xy=28;113 want=110 str=0.54 l=2.00 r=-0.08 tick=484792 goal=0 here=0 d11=0.59 B=1.12,0.51,0.29,0.25,0.30,0.33,0.55,1.23,1.29,0.33,0.26,0.25,0.20,0.26,0.32,1.17
t=28 field hdg=101.3 enc=8689;11237 xy=28;115 want=109 str=0.91 l=2.00 r=-0.07 tick=484815 goal=0 here=0 d11=0.60 B=1.12,0.52,0.30,0.24,0.30,0.34,0.57,1.23,0.98,0.32,0.27,0.24,0.21,0.26,0.32,1.17
t=28 field hdg=96.9 enc=8689;11238 xy=28;115 want=112 str=0.90 l=2.00 r=-0.11 tick=484834 goal=0 here=0 d11=0.61 B=1.12,0.50,0.30,0.25,0.30,0.34,0.58,1.24,0.96,0.33,0.27,0.25,0.22,0.26,0.32,1.16
t=28 field hdg=98.2 enc=8688;11242 xy=28;117 want=111 str=0.88 l=2.00 r=-0.09 tick=484853 goal=0 here=0 d11=0.60 B=1.12,0.52,0.29,0.24,0.32,0.33,0.60,1.25,0.93,0.32,0.27,0.24,0.22,0.27,0.33,1.16
t=28 field hdg=101.1 enc=8689;11242 xy=27;117 want=108 str=0.92 l=2.00 r=-0.08 tick=484873 goal=0 here=0 d11=0.59 B=1.10,0.50,0.30,0.24,0.30,0.34,0.59,1.27,0.88,0.32,0.27,0.24,0.21,0.26,0.35,1.16
t=29 field hdg=102.9 enc=8688;11245 xy=27;118 want=109 str=0.87 l=2.00 r=-0.07 tick=484892 goal=0 here=0 d11=0.61 B=1.11,0.51,0.28,0.24,0.32,0.34,0.61,1.28,0.85,0.31,0.26,0.25,0.21,0.28,0.34,1.15
t=29 field hdg=97.4 enc=8690;11247 xy=27;120 want=113 str=0.81 l=2.00 r=-0.14 tick=484911 goal=0 here=0 d11=0.60 B=1.10,0.49,0.28,0.23,0.29,0.33,0.59,1.29,0.84,0.30,0.27,0.24,0.22,0.27,0.35,1.14
t=29 field hdg=102.7 enc=8688;11249 xy=27;120 want=112 str=0.93 l=2.00 r=-0.12 tick=484930 goal=0 here=0 d11=0.60 B=1.10,0.50,0.29,0.24,0.30,0.34,0.61,1.33,0.83,0.32,0.27,0.24,0.21,0.27,0.33,1.13
t=29 field hdg=100.4 enc=8690;11251 xy=27;122 want=119 str=1.16 l=2.00 r=-0.21 tick=484949 goal=0 here=0 d11=0.59 B=1.11,0.50,0.30,0.24,0.30,0.34,0.60,1.63,0.81,0.32,0.27,0.24,0.21,0.27,0.35,1.13
t=29 field hdg=102.0 enc=8688;11253 xy=27;122 want=120 str=0.93 l=2.00 r=-0.23 tick=484968 goal=0 here=0 d11=0.60 B=1.10,0.51,0.28,0.23,0.31,0.33,0.61,1.64,0.63,0.32,0.27,0.26,0.23,0.29,0.35,1.13
t=29 field hdg=100.8 enc=8688;11253 xy=27;122 want=114 str=1.03 l=2.00 r=-0.14 tick=484986 goal=0 here=0 d11=0.61 B=1.12,0.49,0.29,0.24,0.32,0.34,0.61,1.65,0.62,0.32,0.29,0.23,0.22,0.28,0.34,1.13
t=30 field hdg=107.0 enc=8688;11255 xy=26;123 want=111 str=1.07 l=2.00 r=-0.10 tick=485005 goal=0 here=0 d11=0.61 B=1.11,0.49,0.28,0.25,0.31,0.34,0.61,1.65,0.60,0.31,0.27,0.23,0.22,0.28,0.35,1.12
t=30 field hdg=101.1 enc=8689;11258 xy=26;125 want=117 str=1.07 l=2.00 r=-0.21 tick=485024 goal=0 here=0 d11=0.60 B=1.07,0.48,0.27,0.24,0.32,0.34,0.62,1.67,0.62,0.31,0.26,0.24,0.20,0.29,0.36,1.13
t=30 field hdg=100.2 enc=8690;11259 xy=26;126 want=117 str=1.13 l=2.00 r=-0.22 tick=485043 goal=0 here=0 d11=0.61 B=1.05,0.48,0.28,0.23,0.32,0.33,0.61,1.70,0.61,0.31,0.26,0.23,0.21,0.28,0.36,1.12
t=30 field hdg=104.4 enc=8689;11261 xy=26;127 want=124 str=1.27 l=2.00 r=-0.33 tick=485062 goal=0 here=0 d11=0.61 B=1.04,0.47,0.27,0.23,0.31,0.34,0.61,1.88,0.62,0.31,0.27,0.22,0.21,0.29,0.35,1.14
t=30 field hdg=105.0 enc=8689;11265 xy=25;129 want=125 str=1.22 l=2.00 r=-0.34 tick=485082 goal=0 here=0 d11=0.60 B=1.03,0.46,0.29,0.23,0.32,0.34,0.63,1.88,0.60,0.29,0.28,0.24,0.22,0.29,0.35,1.12
t=31 field hdg=107.8 enc=8690;11265 xy=25;129 want=124 str=1.31 l=2.00 r=-0.34 tick=485104 goal=0 here=0 d11=0.59 B=1.02,0.47,0.28,0.24,0.32,0.34,0.61,1.87,0.62,0.30,0.26,0.24,0.21,0.28,0.45,1.12
t=31 field hdg=106.6 enc=8688;11269 xy=25;130 want=125 str=1.23 l=2.00 r=-0.36 tick=485122 goal=0 here=0 d11=0.61 B=1.01,0.42,0.28,0.23,0.32,0.34,0.61,1.88,0.60,0.31,0.26,0.23,0.22,0.29,0.53,1.12
t=31 field hdg=108.6 enc=8690;11271 xy=24;132 want=125 str=1.25 l=2.00 r=-0.37 tick=485143 goal=0 here=0 d11=0.60 B=1.01,0.37,0.27,0.24,0.33,0.35,0.62,1.88,0.62,0.32,0.26,0.23,0.21,0.31,0.52,1.13
t=31 field hdg=104.1 enc=8688;11271 xy=24;131 want=126 str=1.19 l=2.00 r=-0.39 tick=485162 goal=0 here=0 d11=0.61 B=0.98,0.35,0.27,0.24,0.33,0.34,0.62,1.85,0.60,0.30,0.27,0.24,0.22,0.29,0.54,1.15
t=31 field hdg=110.0 enc=8689;11274 xy=24;133 want=131 str=1.23 l=2.00 r=-0.46 tick=485183 goal=0 here=0 d11=0.60 B=0.97,0.35,0.26,0.23,0.32,0.36,0.63,1.86,0.62,0.30,0.27,0.23,0.22,0.30,0.53,1.12
t=32 field hdg=105.6 enc=8688;11275 xy=24;133 want=126 str=1.25 l=2.00 r=-0.40 tick=485205 goal=0 here=0 d11=0.61 B=0.97,0.33,0.27,0.24,0.34,0.35,0.62,1.85,0.61,0.30,0.27,0.23,0.22,0.30,0.54,1.13
t=32 field hdg=108.2 enc=8689;11278 xy=23;135 want=125 str=1.17 l=2.00 r=-0.40 tick=485223 goal=0 here=0 d11=0.59 B=0.96,0.34,0.26,0.24,0.31,0.33,0.62,1.83,0.60,0.30,0.25,0.23,0.23,0.30,0.53,1.14
t=32 field hdg=108.0 enc=8690;11280 xy=23;136 want=130 str=1.18 l=2.00 r=-0.46 tick=485242 goal=0 here=0 d11=0.61 B=0.95,0.34,0.26,0.23,0.33,0.35,0.63,1.83,0.60,0.31,0.27,0.22,0.23,0.31,0.54,1.14
t=32 field hdg=108.0 enc=8688;11282 xy=23;136 want=127 str=1.26 l=2.00 r=-0.45 tick=485261 goal=0 here=0 d11=0.59 B=0.92,0.34,0.28,0.25,0.33,0.35,0.62,1.83,0.62,0.30,0.28,0.23,0.22,0.30,0.55,1.14
t=32 field hdg=110.2 enc=8688;11283 xy=22;137 want=134 str=1.36 l=2.00 r=-0.66 tick=485280 goal=0 here=0 d11=0.60 B=0.77,0.32,0.26,0.24,0.34,0.35,0.63,1.84,0.61,0.30,0.28,0.23,0.22,0.31,0.54,1.15
t=33 field hdg=108.6 enc=8690;11285 xy=22;139 want=136 str=1.35 l=2.00 r=-0.71 tick=485299 goal=0 here=0 d11=0.60 B=0.73,0.33,0.26,0.23,0.33,0.34,0.63,1.84,0.61,0.31,0.26,0.24,0.23,0.30,0.54,1.14
t=33 field hdg=107.9 enc=8689;11286 xy=22;139 want=133 str=1.42 l=2.00 r=-0.69 tick=485317 goal=0 here=0 d11=0.60 B=0.70,0.32,0.27,0.23,0.32,0.34,0.62,1.86,0.60,0.31,0.26,0.22,0.22,0.30,0.55,1.14
t=33 field hdg=107.0 enc=8688;11290 xy=21;140 want=133 str=1.45 l=2.00 r=-0.68 tick=485337 goal=0 here=0 d11=0.60 B=0.70,0.32,0.27,0.26,0.33,0.35,0.64,1.87,0.59,0.30,0.27,0.22,0.23,0.31,0.54,1.12
t=33 field hdg=111.7 enc=8688;11292 xy=21;141 want=135 str=1.45 l=2.00 r=-0.72 tick=485358 goal=0 here=0 d11=0.61 B=0.68,0.31,0.26,0.24,0.33,0.35,0.63,1.87,0.60,0.30,0.26,0.21,0.22,0.30,0.53,1.12
t=33 field hdg=111.4 enc=8688;11292 xy=21;141 want=135 str=0.94 l=2.00 r=-0.72 tick=485379 goal=0 here=0 d11=0.60 B=0.69,0.31,0.26,0.25,0.33,0.35,0.65,1.89,0.61,0.30,0.26,0.23,0.22,0.30,0.56,1.12
t=34 field hdg=107.5 enc=8689;11294 xy=20;142 want=140 str=0.89 l=2.00 r=-0.79 tick=485398 goal=0 here=0 d11=0.60 B=0.68,0.31,0.25,0.24,0.33,0.37,0.64,1.89,0.58,0.29,0.26,0.23,0.23,0.31,0.56,1.11
t=34 field hdg=108.9 enc=8689;11298 xy=20;144 want=138 str=0.95 l=2.00 r=-0.78 tick=485417 goal=0 here=0 d11=0.60 B=0.66,0.32,0.26,0.23,0.32,0.36,0.64,1.91,0.60,0.29,0.27,0.22,0.22,0.31,0.55,1.10
t=34 field hdg=108.7 enc=8689;11299 xy=20;145 want=139 str=1.03 l=2.00 r=-0.79 tick=485438 goal=0 here=0 d11=0.59 B=0.66,0.29,0.25,0.24,0.32,0.35,0.63,1.92,0.61,0.29,0.26,0.21,0.22,0.30,0.55,1.09
t=34 field hdg=112.3 enc=8688;11301 xy=19;145 want=146 str=0.96 l=2.00 r=-0.88 tick=485457 goal=0 here=0 d11=0.59 B=0.66,0.33,0.24,0.23,0.33,0.36,0.63,1.92,0.60,0.29,0.27,0.24,0.23,0.30,0.55,1.09
t=34 field hdg=109.5 enc=8689;11302 xy=19;146 want=143 str=0.91 l=2.00 r=-0.85 tick=485477 goal=0 here=0 d11=0.61 B=0.65,0.30,0.26,0.24,0.33,0.35,0.63,1.91,0.59,0.29,0.26,0.24,0.23,0.30,0.60,1.07
t=35 field hdg=111.4 enc=8688;11305 xy=19;147 want=147 str=0.67 l=2.00 r=-0.92 tick=485498 goal=0 here=0 d11=0.60 B=0.64,0.29,0.25,0.24,0.33,0.37,0.65,1.93,0.60,0.29,0.27,0.21,0.24,0.30,0.93,1.07
t=35 field hdg=109.7 enc=8689;11307 xy=18;149 want=168 str=0.39 l=2.00 r=-1.20 tick=485519 goal=0 here=0 d11=0.61 B=0.63,0.31,0.25,0.23,0.33,0.36,0.64,1.93,0.59,0.28,0.27,0.24,0.23,0.33,1.18,1.07
t=35 field hdg=117.0 enc=8689;11310 xy=18;150 want=47 str=0.33 l=1.66 r=0.40 tick=485541 goal=0 here=0 d11=0.61 B=0.62,0.31,0.25,0.24,0.33,0.37,0.65,1.92,0.55,0.29,0.26,0.21,0.23,0.30,1.17,1.06
t=35 field hdg=118.9 enc=8689;11311 xy=17;150 want=57 str=0.23 l=1.76 r=0.24 tick=485560 goal=0 here=0 d11=0.60 B=0.57,0.29,0.26,0.24,0.34,0.38,0.65,1.91,0.52,0.30,0.26,0.23,0.23,0.30,1.16,1.05
t=35 field hdg=115.5 enc=8688;11310 xy=18;149 want=54 str=0.21 l=1.72 r=0.28 tick=485579 goal=0 here=0 d11=0.61 B=0.57,0.29,0.26,0.23,0.32,0.38,0.65,1.92,0.50,0.29,0.27,0.23,0.24,0.31,1.14,1.06
t=36 field hdg=113.3 enc=8689;11313 xy=17;151 want=58 str=0.30 l=1.77 r=0.23 tick=485598 goal=0 here=0 d11=0.60 B=0.57,0.31,0.26,0.24,0.34,0.38,0.64,1.90,0.49,0.29,0.26,0.21,0.23,0.31,1.15,1.05
t=36 field hdg=112.9 enc=8687;11314 xy=17;151 want=67 str=0.22 l=1.89 r=0.10 tick=485617 goal=0 here=0 d11=0.61 B=0.56,0.29,0.25,0.26,0.34,0.36,0.67,1.92,0.49,0.29,0.26,0.22,0.25,0.31,1.15,1.03
t=36 field hdg=112.8 enc=8688;11313 xy=17;151 want=67 str=0.26 l=1.89 r=0.10 tick=485636 goal=0 here=0 d11=0.59 B=0.57,0.29,0.25,0.25,0.34,0.38,0.67,1.92,0.48,0.29,0.27,0.22,0.23,0.32,1.14,1.06
t=36 field hdg=114.5 enc=8687;11316 xy=17;152 want=152 str=0.55 l=2.00 r=-1.05 tick=485655 goal=0 here=0 d11=0.61 B=0.54,0.30,0.24,0.24,0.34,0.39,0.69,1.92,0.48,0.29,0.26,0.22,0.22,0.31,1.13,1.07
t=36 field hdg=112.6 enc=8686;11316 xy=17;151 want=140 str=0.72 l=2.00 r=-0.88 tick=485674 goal=0 here=0 d11=0.61 B=0.54,0.30,0.25,0.26,0.34,0.37,0.85,1.91,0.47,0.30,0.25,0.22,0.22,0.31,1.14,1.05
t=37 field hdg=114.0 enc=8688;11318 xy=16;153 want=149 str=0.72 l=2.00 r=-1.01 tick=485693 goal=0 here=0 d11=0.59 B=0.54,0.29,0.24,0.24,0.34,0.39,0.86,1.89,0.46,0.30,0.25,0.22,0.23,0.32,1.12,1.05
t=37 field hdg=115.4 enc=8686;11320 xy=16;153 want=150 str=0.67 l=2.00 r=-1.04 tick=485714 goal=0 here=0 d11=0.60 B=0.53,0.30,0.25,0.25,0.34,0.39,0.85,1.88,0.44,0.31,0.27,0.22,0.24,0.31,1.13,1.06
t=37 field hdg=113.1 enc=8686;11322 xy=16;154 want=151 str=0.65 l=2.00 r=-1.04 tick=485733 goal=0 here=0 d11=0.60 B=0.53,0.28,0.24,0.25,0.34,0.39,0.87,1.87,0.42,0.28,0.26,0.22,0.24,0.31,1.15,1.07
t=37 field hdg=115.8 enc=8685;11324 xy=16;154 want=147 str=0.67 l=2.00 r=-0.99 tick=485754 goal=0 here=0 d11=0.60 B=0.53,0.29,0.25,0.26,0.34,0.41,0.87,1.88,0.41,0.30,0.26,0.22,0.25,0.32,1.13,1.07
t=37 field hdg=115.6 enc=8683;11326 xy=16;154 want=149 str=0.66 l=2.00 r=-1.02 tick=485773 goal=0 here=0 d11=0.62 B=0.52,0.29,0.25,0.25,0.34,0.41,0.87,1.87,0.40,0.29,0.26,0.23,0.25,0.32,1.13,1.07
t=38 field hdg=117.4 enc=8682;11329 xy=15;155 want=147 str=0.66 l=2.00 r=-1.01 tick=485792 goal=0 here=0 d11=0.60 B=0.51,0.28,0.25,0.27,0.35,0.45,0.88,1.88,0.38,0.29,0.27,0.22,0.26,0.32,1.14,1.07
t=38 field hdg=119.8 enc=8683;11329 xy=15;156 want=148 str=0.65 l=2.00 r=-1.01 tick=485811 goal=0 here=0 d11=0.61 B=0.52,0.29,0.24,0.25,0.34,0.46,0.88,1.87,0.38,0.30,0.25,0.21,0.25,0.32,1.14,1.09
t=38 field hdg=114.9 enc=8682;11332 xy=14;157 want=156 str=0.41 l=2.00 r=-1.12 tick=485830 goal=0 here=0 d11=0.60 B=0.51,0.29,0.23,0.24,0.34,0.46,0.91,1.67,0.37,0.28,0.26,0.22,0.27,0.32,1.14,1.09
t=38 field hdg=116.7 enc=8681;11335 xy=14;158 want=144 str=0.40 l=2.00 r=-0.96 tick=485849 goal=0 here=0 d11=0.61 B=0.52,0.29,0.23,0.26,0.34,0.48,0.93,1.62,0.36,0.29,0.25,0.23,0.25,0.31,1.15,1.10
t=38 field hdg=120.1 enc=8678;11337 xy=14;157 want=141 str=0.46 l=2.00 r=-0.92 tick=485868 goal=0 here=0 d11=0.60 B=0.51,0.29,0.24,0.26,0.33,0.48,0.99,1.62,0.37,0.29,0.25,0.22,0.26,0.33,1.14,1.10
t=38 field hdg=120.7 enc=8678;11338 xy=14;158 want=140 str=0.43 l=2.00 r=-0.92 tick=485886 goal=0 here=0 d11=0.61 B=0.50,0.28,0.24,0.26,0.34,0.49,0.99,1.60,0.36,0.30,0.25,0.21,0.27,0.31,1.15,1.11
t=39 field hdg=118.4 enc=8680;11340 xy=13;159 want=142 str=0.59 l=2.00 r=-0.93 tick=485905 goal=0 here=0 d11=0.58 B=0.51,0.28,0.23,0.27,0.35,0.50,1.10,1.60,0.37,0.29,0.25,0.21,0.26,0.31,1.13,1.09
t=39 field hdg=118.5 enc=8680;11340 xy=13;159 want=149 str=0.63 l=2.00 r=-1.04 tick=485924 goal=0 here=0 d11=0.60 B=0.50,0.27,0.23,0.26,0.33,0.50,1.18,1.59,0.36,0.29,0.26,0.21,0.28,0.34,1.14,1.11
t=39 field hdg=118.0 enc=8680;11343 xy=12;161 want=119 str=0.47 l=2.00 r=-0.63 tick=485943 goal=0 here=0 d11=0.61 B=0.50,0.29,0.24,0.26,0.34,0.51,1.20,1.41,0.35,0.27,0.24,0.22,0.26,0.33,1.14,1.10
t=39 field hdg=122.5 enc=8679;11346 xy=12;161 want=133 str=0.42 l=2.00 r=-0.82 tick=485962 goal=0 here=0 d11=0.60 B=0.50,0.28,0.24,0.26,0.34,0.51,1.21,1.35,0.34,0.29,0.26,0.21,0.27,0.31,1.14,1.10
t=39 field hdg=124.2 enc=8677;11347 xy=12;161 want=120 str=0.45 l=2.00 r=-0.66 tick=485981 goal=0 here=0 d11=0.62 B=0.49,0.29,0.24,0.27,0.34,0.51,1.22,1.32,0.35,0.29,0.24,0.22,0.27,0.33,1.15,1.09
t=40 field hdg=126.9 enc=8677;11350 xy=11;162 want=130 str=0.44 l=2.00 r=-0.80 tick=486000 goal=0 here=0 d11=0.60 B=0.48,0.28,0.23,0.27,0.34,0.52,1.22,1.32,0.34,0.30,0.25,0.21,0.28,0.33,1.14,1.08
t=40 field hdg=126.4 enc=8679;11350 xy=11;163 want=132 str=0.42 l=2.00 r=-0.82 tick=486018 goal=0 here=0 d11=0.60 B=0.49,0.28,0.23,0.27,0.34,0.54,1.24,1.29,0.34,0.29,0.24,0.22,0.28,0.34,1.12,1.10
t=40 field hdg=119.6 enc=8679;11353 xy=10;164 want=79 str=0.22 l=1.99 r=-0.11 tick=486039 goal=0 here=0 d11=0.61 B=0.48,0.29,0.24,0.26,0.34,0.53,1.24,1.02,0.34,0.28,0.24,0.23,0.27,0.34,1.14,1.08
t=40 field hdg=118.4 enc=8678;11355 xy=10;165 want=102 str=0.20 l=2.00 r=-0.42 tick=486058 goal=0 here=0 d11=0.60 B=0.49,0.27,0.24,0.27,0.34,0.53,1.26,0.99,0.33,0.30,0.25,0.22,0.28,0.33,1.13,1.09
t=40 field hdg=122.3 enc=8679;11354 xy=10;165 want=76 str=0.25 l=1.95 r=-0.07 tick=486077 goal=0 here=0 d11=0.60 B=0.48,0.28,0.24,0.28,0.35,0.54,1.27,0.96,0.35,0.28,0.25,0.22,0.28,0.35,1.15,1.08
t=41 field hdg=121.2 enc=8678;11356 xy=9;165 want=94 str=0.16 l=2.00 r=-0.31 tick=486096 goal=0 here=0 d11=0.60 B=0.49,0.27,0.23,0.27,0.34,0.54,1.26,0.95,0.33,0.30,0.24,0.22,0.29,0.35,1.11,1.09
t=41 field hdg=126.2 enc=8679;11358 xy=8;166 want=93 str=0.18 l=2.00 r=-0.31 tick=486117 goal=0 here=0 d11=0.61 B=0.48,0.27,0.23,0.27,0.34,0.55,1.28,0.95,0.34,0.28,0.25,0.22,0.28,0.34,1.12,1.09
t=41 field hdg=121.6 enc=8677;11359 xy=9;166 want=98 str=0.66 l=2.00 r=-0.37 tick=486136 goal=0 here=0 d11=0.61 B=0.48,0.29,0.23,0.27,0.34,0.56,1.28,0.88,0.33,0.29,0.24,0.23,0.30,0.35,1.12,1.09
t=41 field hdg=123.3 enc=8678;11362 xy=8;168 want=105 str=0.71 l=2.00 r=-0.46 tick=486156 goal=0 here=0 d11=0.60 B=0.48,0.27,0.23,0.27,0.34,0.57,1.30,0.86,0.34,0.29,0.24,0.21,0.30,0.35,1.10,1.08
t=41 field hdg=126.6 enc=8677;11363 xy=8;168 want=100 str=0.78 l=2.00 r=-0.41 tick=486175 goal=0 here=0 d11=0.58 B=0.47,0.28,0.23,0.26,0.33,0.57,1.32,0.86,0.33,0.29,0.23,0.22,0.29,0.51,1.09,1.08
t=42 field hdg=125.7 enc=8677;11366 xy=7;169 want=107 str=0.73 l=2.00 r=-0.49 tick=486194 goal=0 here=0 d11=0.60 B=0.47,0.26,0.22,0.27,0.35,0.60,1.33,0.85,0.33,0.29,0.23,0.23,0.30,0.51,1.11,1.07
t=42 field hdg=126.4 enc=8677;11367 xy=6;169 want=113 str=1.03 l=2.00 r=-0.57 tick=486213 goal=0 here=0 d11=0.60 B=0.47,0.27,0.22,0.27,0.34,0.61,1.64,0.85,0.34,0.27,0.24,0.21,0.30,0.53,1.11,1.08
t=42 field hdg=125.9 enc=8679;11370 xy=5;171 want=107 str=0.94 l=2.00 r=-0.49 tick=486232 goal=0 here=0 d11=0.60 B=0.48,0.26,0.22,0.27,0.34,0.62,1.68,0.64,0.34,0.28,0.24,0.22,0.30,0.51,1.11,1.07
t=42 field hdg=128.1 enc=8678;11372 xy=5;172 want=108 str=0.97 l=2.00 r=-0.50 tick=486256 goal=0 here=0 d11=0.61 B=0.48,0.27,0.23,0.29,0.33,0.62,1.66,0.65,0.33,0.29,0.25,0.24,0.30,0.52,1.10,1.03
t=42 field hdg=127.8 enc=8679;11374 xy=4;173 want=106 str=1.01 l=2.00 r=-0.50 tick=486278 goal=0 here=0 d11=0.61 B=0.46,0.27,0.23,0.28,0.34,0.61,1.69,0.65,0.34,0.28,0.23,0.23,0.29,0.53,1.12,1.01
t=43 field hdg=128.6 enc=8678;11375 xy=4;173 want=111 str=1.05 l=2.00 r=-0.56 tick=486298 goal=0 here=0 d11=0.60 B=0.46,0.26,0.23,0.29,0.35,0.63,1.71,0.65,0.32,0.29,0.24,0.23,0.31,0.51,1.10,1.00
t=43 field hdg=121.4 enc=8677;11378 xy=3;174 want=117 str=1.20 l=2.00 r=-0.65 tick=486317 goal=0 here=0 d11=0.60 B=0.45,0.26,0.22,0.28,0.34,0.62,1.91,0.63,0.33,0.29,0.24,0.23,0.29,0.53,1.10,1.00
t=43 field hdg=127.2 enc=8677;11379 xy=3;174 want=113 str=1.25 l=2.00 r=-0.60 tick=486336 goal=0 here=0 d11=0.61 B=0.44,0.27,0.23,0.28,0.33,0.63,1.93,0.64,0.33,0.29,0.23,0.23,0.29,0.53,1.12,0.99
t=43 field hdg=130.7 enc=8679;11382 xy=1;176 want=114 str=1.24 l=2.00 r=-0.62 tick=486358 goal=0 here=0 d11=0.62 B=0.44,0.26,0.23,0.28,0.35,0.62,1.90,0.63,0.33,0.29,0.23,0.22,0.32,0.54,1.11,0.97
t=43 field hdg=131.1 enc=8677;11384 xy=1;176 want=114 str=1.25 l=2.00 r=-0.62 tick=486380 goal=0 here=0 d11=0.59 B=0.43,0.26,0.23,0.29,0.35,0.64,1.89,0.63,0.32,0.29,0.23,0.23,0.31,0.53,1.11,0.96
t=44 field hdg=124.8 enc=8679;11386 xy=0;178 want=113 str=1.26 l=2.00 r=-0.64 tick=486398 goal=0 here=0 d11=0.59 B=0.39,0.25,0.24,0.30,0.34,0.63,1.89,0.63,0.32,0.28,0.24,0.23,0.30,0.53,1.12,0.97
t=44 field hdg=130.3 enc=8677;11389 xy=-0;178 want=115 str=1.27 l=2.00 r=-0.69 tick=486416 goal=0 here=0 d11=0.60 B=0.34,0.25,0.23,0.29,0.34,0.62,1.88,0.64,0.32,0.29,0.22,0.23,0.29,0.54,1.12,0.94
t=44 field hdg=130.8 enc=8679;11389 xy=-1;179 want=112 str=1.25 l=2.00 r=-0.67 tick=486435 goal=0 here=0 d11=0.60 B=0.33,0.26,0.22,0.29,0.34,0.64,1.86,0.63,0.33,0.28,0.23,0.23,0.29,0.53,1.13,0.93
t=44 field hdg=129.2 enc=8679;11393 xy=-2;180 want=119 str=1.24 l=2.00 r=-0.77 tick=486457 goal=0 here=0 d11=0.59 B=0.31,0.25,0.23,0.30,0.34,0.62,1.87,0.64,0.33,0.29,0.23,0.24,0.30,0.54,1.11,0.92
t=44 field hdg=130.6 enc=8678;11395 xy=-2;181 want=114 str=1.28 l=2.00 r=-0.70 tick=486476 goal=0 here=0 d11=0.60 B=0.30,0.26,0.23,0.30,0.34,0.64,1.86,0.64,0.32,0.28,0.23,0.23,0.30,0.53,1.13,0.91
t=45 field hdg=129.3 enc=8679;11396 xy=-3;182 want=125 str=1.40 l=2.00 r=-0.85 tick=486495 goal=0 here=0 d11=0.60 B=0.30,0.25,0.21,0.31,0.36,0.64,1.86,0.63,0.32,0.29,0.24,0.24,0.32,0.54,1.11,0.72
t=45 field hdg=129.9 enc=8677;11399 xy=-3;182 want=122 str=1.41 l=2.00 r=-0.82 tick=486514 goal=0 here=0 d11=0.61 B=0.30,0.25,0.22,0.29,0.35,0.64,1.86,0.62,0.31,0.28,0.24,0.23,0.30,0.52,1.12,0.69
t=45 field hdg=131.1 enc=8679;11398 xy=-4;182 want=123 str=1.42 l=2.00 r=-0.83 tick=486533 goal=0 here=0 d11=0.59 B=0.30,0.25,0.23,0.28,0.35,0.64,1.87,0.62,0.32,0.28,0.24,0.23,0.31,0.55,1.10,0.69
t=45 field hdg=128.7 enc=8678;11400 xy=-4;183 want=121 str=1.46 l=2.00 r=-0.79 tick=486552 goal=0 here=0 d11=0.60 B=0.31,0.25,0.24,0.31,0.35,0.63,1.87,0.63,0.32,0.28,0.23,0.24,0.32,0.54,1.10,0.68
t=45 field hdg=132.1 enc=8677;11403 xy=-5;183 want=129 str=0.96 l=2.00 r=-0.91 tick=486574 goal=0 here=0 d11=0.59 B=0.29,0.25,0.24,0.30,0.34,0.66,1.86,0.64,0.32,0.29,0.23,0.24,0.31,0.56,1.10,0.66
t=46 field hdg=134.8 enc=8678;11405 xy=-6;185 want=133 str=1.01 l=2.00 r=-0.97 tick=486596 goal=0 here=0 d11=0.58 B=0.30,0.24,0.22,0.32,0.35,0.66,1.88,0.62,0.33,0.29,0.24,0.24,0.29,0.56,1.07,0.67
t=46 field hdg=133.5 enc=8677;11409 xy=-7;186 want=131 str=0.98 l=2.00 r=-0.94 tick=486615 goal=0 here=0 d11=0.59 B=0.29,0.25,0.22,0.32,0.35,0.64,1.89,0.61,0.32,0.29,0.23,0.23,0.31,0.59,1.07,0.63
t=46 field hdg=131.3 enc=8678;11409 xy=-7;186 want=160 str=0.44 l=2.00 r=-1.33 tick=486634 goal=0 here=0 d11=0.60 B=0.29,0.25,0.22,0.31,0.35,0.65,1.90,0.63,0.32,0.28,0.22,0.25,0.30,1.22,1.07,0.64
t=46 field hdg=136.9 enc=8679;11412 xy=-9;187 want=167 str=0.54 l=2.00 r=-1.42 tick=486653 goal=0 here=0 d11=0.60 B=0.29,0.24,0.21,0.30,0.36,0.65,1.91,0.62,0.33,0.29,0.23,0.26,0.31,1.20,1.07,0.63
t=46 field hdg=133.9 enc=8676;11414 xy=-8;187 want=162 str=0.58 l=2.00 r=-1.36 tick=486672 goal=0 here=0 d11=0.60 B=0.28,0.25,0.22,0.30,0.34,0.65,1.92,0.62,0.32,0.29,0.24,0.24,0.31,1.18,1.06,0.62
t=47 field hdg=133.9 enc=8676;11416 xy=-9;188 want=163 str=0.64 l=2.00 r=-1.38 tick=486691 goal=0 here=0 d11=0.59 B=0.29,0.24,0.21,0.32,0.36,0.66,1.94,0.62,0.33,0.28,0.24,0.26,0.30,1.18,1.04,0.60
t=47 field hdg=134.6 enc=8675;11418 xy=-9;188 want=161 str=0.68 l=2.00 r=-1.36 tick=486710 goal=0 here=0 d11=0.59 B=0.28,0.25,0.21,0.31,0.36,0.64,1.95,0.62,0.32,0.29,0.23,0.25,0.31,1.15,1.03,0.60
t=47 field hdg=135.5 enc=8674;11418 xy=-9;188 want=157 str=1.24 l=2.00 r=-1.29 tick=486728 goal=0 here=0 d11=0.62 B=0.29,0.24,0.21,0.30,0.36,0.66,1.94,0.60,0.32,0.28,0.22,0.25,0.31,1.13,1.04,0.55
t=47 field hdg=133.9 enc=8673;11420 xy=-9;188 want=155 str=1.23 l=2.00 r=-1.26 tick=486747 goal=0 here=0 d11=0.61 B=0.28,0.24,0.22,0.33,0.35,0.65,1.95,0.59,0.31,0.28,0.22,0.25,0.32,1.12,1.03,0.54
t=47 field hdg=132.9 enc=8672;11423 xy=-10;189 want=156 str=0.66 l=2.00 r=-1.29 tick=486767 goal=0 here=0 d11=0.60 B=0.28,0.24,0.21,0.32,0.35,0.65,1.94,0.55,0.33,0.27,0.22,0.26,0.32,1.11,1.03,0.53
t=47 field hdg=136.0 enc=8670;11425 xy=-10;189 want=161 str=0.69 l=2.00 r=-1.37 tick=486785 goal=0 here=0 d11=0.61 B=0.27,0.24,0.22,0.33,0.36,0.66,1.93,0.52,0.31,0.28,0.23,0.27,0.30,1.12,1.04,0.53
t=48 field hdg=137.9 enc=8670;11425 xy=-10;189 want=163 str=0.70 l=2.00 r=-1.39 tick=486804 goal=0 here=0 d11=0.59 B=0.26,0.24,0.21,0.32,0.36,0.67,1.92,0.49,0.32,0.28,0.23,0.27,0.31,1.12,1.04,0.50
t=48 field hdg=139.6 enc=8670;11428 xy=-11;190 want=162 str=0.72 l=2.00 r=-1.37 tick=486825 goal=0 here=0 d11=0.59 B=0.26,0.23,0.21,0.32,0.37,0.67,1.92,0.47,0.30,0.27,0.23,0.26,0.30,1.12,1.04,0.50
t=48 field hdg=136.5 enc=8667;11430 xy=-11;189 want=151 str=0.76 l=2.00 r=-1.22 tick=486845 goal=0 here=0 d11=0.59 B=0.27,0.23,0.22,0.34,0.37,0.87,1.89,0.46,0.31,0.27,0.22,0.28,0.31,1.12,1.05,0.50
t=48 field hdg=138.2 enc=8666;11433 xy=-12;190 want=151 str=0.74 l=2.00 r=-1.22 tick=486867 goal=0 here=0 d11=0.60 B=0.27,0.24,0.21,0.32,0.38,0.86,1.88,0.45,0.31,0.27,0.23,0.26,0.31,1.10,1.08,0.50
t=49 field hdg=143.2 enc=8664;11435 xy=-12;190 want=153 str=0.75 l=2.00 r=-1.25 tick=486894 goal=0 here=0 d11=0.59 B=0.26,0.24,0.23,0.33,0.39,0.88,1.90,0.43,0.31,0.27,0.23,0.29,0.33,1.13,1.07,0.49
t=49 field hdg=140.0 enc=8665;11437 xy=-13;191 want=152 str=0.78 l=2.00 r=-1.24 tick=486913 goal=0 here=0 d11=0.60 B=0.27,0.22,0.23,0.34,0.37,0.88,1.90,0.40,0.31,0.28,0.22,0.29,0.32,1.13,1.07,0.49
t=49 field hdg=142.1 enc=8664;11440 xy=-13;192 want=152 str=0.81 l=2.00 r=-1.25 tick=486931 goal=0 here=0 d11=0.62 B=0.25,0.22,0.23,0.33,0.37,0.89,1.91,0.39,0.31,0.26,0.22,0.29,0.32,1.13,1.08,0.48
t=49 field hdg=140.8 enc=8663;11440 xy=-13;191 want=162 str=0.58 l=2.00 r=-1.38 tick=486949 goal=0 here=0 d11=0.59 B=0.26,0.22,0.23,0.34,0.41,0.90,1.68,0.40,0.31,0.27,0.23,0.29,0.31,1.14,1.08,0.49
t=49 field hdg=143.0 enc=8660;11443 xy=-13;191 want=165 str=0.57 l=2.00 r=-1.42 tick=486973 goal=0 here=0 d11=0.61 B=0.26,0.22,0.23,0.34,0.41,0.91,1.65,0.39,0.31,0.26,0.24,0.30,0.34,1.13,1.08,0.47
t=50 field hdg=144.1 enc=8660;11446 xy=-14;192 want=159 str=0.58 l=2.00 r=-1.34 tick=486992 goal=0 here=0 d11=0.59 B=0.25,0.22,0.23,0.33,0.44,0.95,1.62,0.38,0.31,0.26,0.22,0.30,0.34,1.12,1.08,0.48
t=50 field hdg=141.3 enc=8658;11447 xy=-14;192 want=149 str=0.59 l=2.00 r=-1.21 tick=487011 goal=0 here=0 d11=0.60 B=0.26,0.22,0.25,0.34,0.46,1.00,1.63,0.39,0.32,0.26,0.23,0.29,0.32,1.13,1.08,0.47
t=50 field hdg=145.2 enc=8659;11449 xy=-15;193 want=150 str=0.55 l=2.00 r=-1.21 tick=487030 goal=0 here=0 d11=0.60 B=0.27,0.23,0.23,0.33,0.47,1.18,1.47,0.38,0.31,0.25,0.24,0.30,0.34,1.13,1.08,0.47
t=50 field hdg=138.5 enc=8658;11450 xy=-15;193 want=144 str=0.54 l=2.00 r=-1.14 tick=487049 goal=0 here=0 d11=0.59 B=0.25,0.23,0.24,0.33,0.48,1.21,1.37,0.36,0.30,0.26,0.23,0.29,0.35,1.11,1.07,0.48
t=50 field hdg=146.8 enc=8657;11453 xy=-16;193 want=144 str=0.52 l=2.00 r=-1.15 tick=487068 goal=0 here=0 d11=0.59 B=0.25,0.23,0.24,0.33,0.49,1.22,1.34,0.37,0.30,0.25,0.23,0.29,0.50,1.12,1.07,0.46
t=50 field hdg=145.6 enc=8655;11455 xy=-16;193 want=141 str=0.49 l=2.00 r=-1.09 tick=487088 goal=0 here=0 d11=0.59 B=0.26,0.22,0.25,0.33,0.49,1.25,1.32,0.35,0.31,0.24,0.23,0.30,0.49,1.12,1.07,0.46
t=51 field hdg=144.5 enc=8653;11457 xy=-16;193 want=158 str=0.28 l=2.00 r=-1.33 tick=487106 goal=0 here=0 d11=0.60 B=0.25,0.22,0.24,0.33,0.52,1.26,1.03,0.35,0.31,0.25,0.24,0.30,0.51,1.09,1.06,0.46
t=51 field hdg=148.9 enc=8653;11459 xy=-17;194 want=168 str=0.23 l=2.00 r=-1.46 tick=487128 goal=0 here=0 d11=0.60 B=0.25,0.21,0.24,0.33,0.53,1.26,1.00,0.37,0.29,0.26,0.23,0.31,0.51,1.11,1.07,0.46
t=51 field hdg=145.1 enc=8653;11460 xy=-17;194 want=165 str=0.20 l=2.00 r=-1.42 tick=487147 goal=0 here=0 d11=0.59 B=0.26,0.22,0.24,0.33,0.53,1.29,0.92,0.36,0.32,0.26,0.23,0.30,0.52,1.09,1.07,0.45
t=51 field hdg=145.9 enc=8651;11463 xy=-18;194 want=-177 str=0.27 l=-1.59 r=2.00 tick=487166 goal=0 here=0 d11=0.59 B=0.25,0.21,0.23,0.33,0.54,1.31,0.89,0.35,0.31,0.26,0.24,0.31,0.51,1.09,1.08,0.46
t=51 field hdg=152.2 enc=8651;11460 xy=-16;194 want=123 str=0.11 l=2.00 r=-0.85 tick=487186 goal=0 here=0 d11=0.59 B=0.27,0.23,0.25,0.33,0.55,1.30,0.89,0.34,0.31,0.25,0.22,0.30,0.52,1.08,1.07,0.45
t=52 field hdg=146.2 enc=8652;11462 xy=-18;195 want=160 str=0.15 l=2.00 r=-1.35 tick=487208 goal=0 here=0 d11=0.60 B=0.26,0.22,0.24,0.34,0.53,1.30,0.90,0.35,0.31,0.25,0.24,0.31,0.53,1.09,1.08,0.45
t=52 field hdg=145.2 enc=8652;11464 xy=-18;195 want=155 str=0.12 l=2.00 r=-1.29 tick=487227 goal=0 here=0 d11=0.60 B=0.26,0.22,0.25,0.34,0.53,1.31,0.87,0.35,0.29,0.26,0.24,0.31,0.52,1.09,1.06,0.47
t=52 field hdg=145.1 enc=8650;11466 xy=-18;195 want=111 str=0.69 l=2.00 r=-0.71 tick=487246 goal=0 here=0 d11=0.59 B=0.25,0.21,0.25,0.34,0.55,1.35,0.87,0.34,0.30,0.26,0.24,0.31,0.52,1.10,1.02,0.45
t=52 field hdg=146.2 enc=8652;11470 xy=-21;197 want=109 str=1.03 l=2.00 r=-0.69 tick=487265 goal=0 here=0 d11=0.60 B=0.24,0.22,0.25,0.33,0.56,1.67,0.85,0.35,0.30,0.25,0.24,0.30,0.53,1.11,0.99,0.45
t=52 field hdg=148.1 enc=8651;11469 xy=-20;196 want=104 str=0.92 l=2.00 r=-0.62 tick=487284 goal=0 here=0 d11=0.61 B=0.25,0.21,0.26,0.34,0.57,1.68,0.66,0.34,0.30,0.25,0.23,0.32,0.52,1.10,0.97,0.44
t=53 field hdg=150.7 enc=8652;11471 xy=-21;197 want=108 str=0.93 l=2.00 r=-0.66 tick=487303 goal=0 here=0 d11=0.59 B=0.25,0.20,0.26,0.33,0.60,1.69,0.67,0.36,0.31,0.26,0.25,0.30,0.53,1.10,0.98,0.42
t=53 field hdg=148.1 enc=8650;11477 xy=-23;198 want=105 str=0.99 l=2.00 r=-0.63 tick=487337 goal=0 here=0 d11=0.59 B=0.24,0.21,0.26,0.35,0.61,1.72,0.66,0.35,0.31,0.25,0.24,0.30,0.54,1.11,0.96,0.42
t=53 field hdg=149.4 enc=8652;11477 xy=-24;199 want=108 str=1.20 l=2.00 r=-0.67 tick=487359 goal=0 here=0 d11=0.58 B=0.25,0.21,0.24,0.33,0.61,1.91,0.66,0.36,0.30,0.24,0.24,0.30,0.54,1.10,0.93,0.41
t=53 field hdg=147.7 enc=8652;11479 xy=-25;199 want=104 str=1.23 l=2.00 r=-0.61 tick=487377 goal=0 here=0 d11=0.60 B=0.26,0.21,0.26,0.35,0.63,1.91,0.67,0.35,0.30,0.25,0.24,0.32,0.53,1.11,0.94,0.42
t=54 field hdg=144.0 enc=8651;11481 xy=-25;199 want=107 str=1.24 l=2.00 r=-0.66 tick=487398 goal=0 here=0 d11=0.61 B=0.24,0.21,0.25,0.34,0.63,1.91,0.67,0.34,0.30,0.25,0.23,0.31,0.52,1.10,0.93,0.34
t=54 field hdg=150.5 enc=8652;11485 xy=-27;201 want=109 str=1.20 l=2.00 r=-0.68 tick=487417 goal=0 here=0 d11=0.60 B=0.24,0.21,0.25,0.33,0.63,1.90,0.65,0.35,0.30,0.26,0.24,0.31,0.54,1.12,0.91,0.30
t=54 field hdg=153.9 enc=8651;11487 xy=-28;201 want=109 str=1.25 l=2.00 r=-0.68 tick=487441 goal=0 here=0 d11=0.60 B=0.25,0.21,0.26,0.34,0.63,1.89,0.65,0.33,0.31,0.24,0.25,0.31,0.52,1.11,0.89,0.28
t=54 field hdg=152.9 enc=8651;11489 xy=-29;201 want=111 str=1.44 l=2.00 r=-0.71 tick=487460 goal=0 here=0 d11=0.59 B=0.24,0.22,0.26,0.34,0.63,1.89,0.65,0.34,0.32,0.25,0.24,0.32,0.53,1.10,0.72,0.28
t=54 field hdg=154.9 enc=8652;11489 xy=-29;201 want=111 str=1.43 l=2.00 r=-0.71 tick=487478 goal=0 here=0 d11=0.59 B=0.24,0.21,0.26,0.34,0.63,1.88,0.65,0.33,0.30,0.24,0.25,0.31,0.54,1.10,0.68,0.30
t=55 field hdg=150.0 enc=8652;11492 xy=-30;202 want=115 str=1.46 l=2.00 r=-0.77 tick=487497 goal=0 here=0 d11=0.60 B=0.25,0.20,0.26,0.34,0.64,1.89,0.65,0.34,0.31,0.25,0.26,0.31,0.54,1.09,0.67,0.29
t=55 field hdg=155.8 enc=8651;11494 xy=-31;202 want=131 str=0.98 l=2.00 r=-0.99 tick=487516 goal=0 here=0 d11=0.60 B=0.23,0.20,0.27,0.35,0.63,1.88,0.64,0.34,0.30,0.25,0.26,0.31,0.57,1.11,0.67,0.29
t=55 field hdg=153.2 enc=8650;11496 xy=-31;203 want=128 str=1.00 l=2.00 r=-0.95 tick=487535 goal=0 here=0 d11=0.59 B=0.23,0.21,0.26,0.34,0.64,1.86,0.65,0.34,0.31,0.24,0.25,0.31,0.60,1.08,0.64,0.28
t=55 field hdg=151.5 enc=8652;11497 xy=-33;203 want=133 str=1.00 l=2.00 r=-1.01 tick=487555 goal=0 here=0 d11=0.59 B=0.24,0.20,0.26,0.33,0.64,1.87,0.65,0.34,0.30,0.25,0.26,0.31,0.63,1.07,0.64,0.27
t=55 field hdg=155.5 enc=8650;11500 xy=-33;204 want=158 str=0.72 l=2.00 r=-1.34 tick=487576 goal=0 here=0 d11=0.60 B=0.23,0.22,0.28,0.34,0.64,1.89,0.66,0.33,0.30,0.26,0.25,0.31,1.22,1.06,0.62,0.27
t=56 field hdg=156.4 enc=8650;11502 xy=-34;204 want=161 str=0.74 l=2.00 r=-1.39 tick=487594 goal=0 here=0 d11=0.60 B=0.22,0.20,0.28,0.33,0.65,1.87,0.66,0.35,0.30,0.24,0.27,0.31,1.21,1.05,0.61,0.28
t=56 field hdg=156.1 enc=8648;11504 xy=-34;204 want=152 str=0.75 l=2.00 r=-1.26 tick=487613 goal=0 here=0 d11=0.60 B=0.25,0.21,0.29,0.33,0.65,1.88,0.64,0.34,0.30,0.25,0.25,0.30,1.20,1.04,0.61,0.26
t=56 field hdg=156.0 enc=8646;11504 xy=-33;204 want=157 str=0.82 l=2.00 r=-1.34 tick=487632 goal=0 here=0 d11=0.60 B=0.23,0.20,0.28,0.33,0.64,1.90,0.65,0.34,0.30,0.24,0.27,0.31,1.18,1.02,0.61,0.27
t=56 field hdg=156.7 enc=8646;11506 xy=-34;204 want=150 str=0.80 l=2.00 r=-1.23 tick=487651 goal=0 here=0 d11=0.58 B=0.23,0.21,0.29,0.33,0.64,1.92,0.63,0.34,0.30,0.24,0.26,0.32,1.15,1.03,0.59,0.26
t=56 field hdg=158.5 enc=8645;11507 xy=-34;204 want=145 str=1.47 l=2.00 r=-1.18 tick=487670 goal=0 here=0 d11=0.58 B=0.22,0.20,0.29,0.35,0.65,1.94,0.63,0.34,0.30,0.24,0.28,0.31,1.12,1.03,0.55,0.27
t=56 field hdg=158.5 enc=8643;11511 xy=-35;204 want=138 str=1.40 l=2.00 r=-1.09 tick=487689 goal=0 here=0 d11=0.59 B=0.23,0.23,0.30,0.35,0.65,1.95,0.63,0.33,0.29,0.23,0.27,0.31,1.12,1.03,0.54,0.26
t=57 field hdg=159.8 enc=8643;11513 xy=-36;205 want=141 str=1.41 l=2.00 r=-1.13 tick=487708 goal=0 here=0 d11=0.59 B=0.23,0.20,0.30,0.34,0.64,1.96,0.63,0.34,0.29,0.23,0.28,0.30,1.10,1.03,0.51,0.28
t=57 field hdg=155.3 enc=8641;11514 xy=-35;204 want=144 str=1.48 l=2.00 r=-1.16 tick=487727 goal=0 here=0 d11=0.59 B=0.22,0.21,0.30,0.34,0.64,1.96,0.61,0.34,0.29,0.25,0.28,0.31,1.11,1.03,0.51,0.26
t=57 field hdg=159.5 enc=8640;11516 xy=-36;205 want=142 str=1.48 l=2.00 r=-1.13 tick=487746 goal=0 here=0 d11=0.59 B=0.23,0.21,0.30,0.35,0.66,1.96,0.62,0.33,0.28,0.23,0.29,0.32,1.11,1.03,0.49,0.24
t=57 field hdg=162.6 enc=8641;11518 xy=-37;205 want=151 str=0.84 l=2.00 r=-1.27 tick=487765 goal=0 here=0 d11=0.61 B=0.21,0.20,0.30,0.35,0.65,1.95,0.55,0.34,0.29,0.23,0.28,0.32,1.13,1.04,0.49,0.27
t=57 field hdg=160.0 enc=8638;11521 xy=-37;205 want=148 str=0.81 l=2.00 r=-1.21 tick=487784 goal=0 here=0 d11=0.60 B=0.22,0.21,0.30,0.37,0.66,1.95,0.54,0.33,0.28,0.23,0.28,0.32,1.12,1.04,0.47,0.25
t=58 field hdg=160.7 enc=8638;11522 xy=-38;205 want=152 str=0.83 l=2.00 r=-1.27 tick=487803 goal=0 here=0 d11=0.60 B=0.23,0.21,0.31,0.35,0.66,1.93,0.53,0.33,0.30,0.24,0.29,0.32,1.12,1.05,0.50,0.26
t=58 field hdg=162.9 enc=8636;11524 xy=-38;205 want=154 str=0.80 l=2.00 r=-1.30 tick=487822 goal=0 here=0 d11=0.60 B=0.22,0.22,0.31,0.35,0.66,1.91,0.49,0.33,0.29,0.24,0.30,0.32,1.12,1.05,0.48,0.26
t=58 field hdg=158.1 enc=8636;11525 xy=-38;205 want=154 str=0.82 l=2.00 r=-1.30 tick=487842 goal=0 here=0 d11=0.58 B=0.22,0.21,0.32,0.36,0.67,1.90,0.50,0.34,0.29,0.23,0.29,0.33,1.13,1.07,0.47,0.25
t=58 field hdg=158.6 enc=8635;11526 xy=-38;205 want=152 str=0.80 l=2.00 r=-1.27 tick=487861 goal=0 here=0 d11=0.59 B=0.21,0.21,0.32,0.35,0.69,1.90,0.47,0.33,0.28,0.24,0.29,0.33,1.12,1.06,0.48,0.25
t=58 field hdg=162.2 enc=8633;11530 xy=-39;206 want=142 str=0.92 l=2.00 r=-1.14 tick=487883 goal=0 here=0 d11=0.60 B=0.21,0.21,0.31,0.36,0.88,1.90,0.46,0.31,0.28,0.24,0.29,0.33,1.12,1.07,0.48,0.25
t=59 field hdg=162.7 enc=8633;11530 xy=-39;206 want=140 str=0.89 l=2.00 r=-1.12 tick=487901 goal=0 here=0 d11=0.61 B=0.22,0.21,0.32,0.37,0.87,1.91,0.46,0.33,0.28,0.23,0.29,0.34,1.13,1.08,0.46,0.25
t=59 field hdg=162.2 enc=8632;11534 xy=-41;206 want=143 str=0.94 l=2.00 r=-1.16 tick=487920 goal=0 here=0 d11=0.60 B=0.21,0.22,0.31,0.36,0.89,1.92,0.42,0.34,0.27,0.25,0.30,0.34,1.14,1.07,0.46,0.25
t=59 field hdg=161.2 enc=8632;11534 xy=-41;206 want=148 str=0.84 l=2.00 r=-1.22 tick=487939 goal=0 here=0 d11=0.60 B=0.22,0.21,0.31,0.37,0.89,1.81,0.43,0.34,0.27,0.26,0.31,0.34,1.13,1.06,0.47,0.26
t=59 field hdg=164.0 enc=8631;11538 xy=-42;207 want=150 str=0.68 l=2.00 r=-1.25 tick=487958 goal=0 here=0 d11=0.60 B=0.21,0.21,0.33,0.38,0.91,1.66,0.42,0.32,0.28,0.24,0.29,0.51,1.13,1.08,0.46,0.26
t=59 field hdg=162.3 enc=8628;11539 xy=-41;206 want=159 str=0.81 l=2.00 r=-1.38 tick=487979 goal=0 here=0 d11=0.58 B=0.20,0.19,0.33,0.38,0.89,1.65,0.41,0.33,0.27,0.25,0.30,0.50,1.12,1.08,0.45,0.25
t=0 field hdg=163.7 enc=7939;12834 xy=0;-0 want=148 str=0.66 l=2.00 r=-1.22 tick=509936 goal=0 here=0 d11=0.68 B=0.22,0.22,0.32,0.37,0.89,1.69,0.42,0.33,0.26,0.25,0.31,0.35,1.12,1.08,0.46,0.26
t=0 field hdg=164.9 enc=7939;12837 xy=-1;0 want=156 str=0.79 l=2.00 r=-1.34 tick=509955 goal=0 here=0 d11=0.66 B=0.21,0.21,0.31,0.37,0.89,1.67,0.42,0.34,0.29,0.26,0.31,0.42,1.12,1.07,0.45,0.25
t=0 field hdg=164.0 enc=7937;12837 xy=-0;-0 want=151 str=0.76 l=2.00 r=-1.26 tick=509973 goal=0 here=0 d11=0.68 B=0.22,0.20,0.33,0.39,0.90,1.65,0.42,0.33,0.28,0.23,0.30,0.50,1.13,1.05,0.46,0.24
t=0 field hdg=167.1 enc=7936;12839 xy=-0;0 want=153 str=0.73 l=2.00 r=-1.28 tick=509992 goal=0 here=0 d11=0.66 B=0.22,0.19,0.33,0.37,0.91,1.63,0.40,0.34,0.26,0.24,0.31,0.51,1.12,1.06,0.46,0.24
t=0 field hdg=169.4 enc=7936;12842 xy=-2;0 want=148 str=0.71 l=2.00 r=-1.22 tick=510012 goal=0 here=0 d11=0.68 B=0.22,0.21,0.33,0.39,0.96,1.62,0.41,0.33,0.27,0.25,0.31,0.51,1.11,1.07,0.44,0.25
t=1 field hdg=166.9 enc=7936;12843 xy=-2;0 want=153 str=0.63 l=2.00 r=-1.30 tick=510031 goal=0 here=0 d11=0.69 B=0.20,0.22,0.32,0.41,1.01,1.45,0.38,0.33,0.27,0.25,0.30,0.52,1.11,1.06,0.45,0.25
t=1 field hdg=164.9 enc=7934;12847 xy=-3;1 want=146 str=0.76 l=2.00 r=-1.20 tick=510058 goal=0 here=0 d11=0.67 B=0.20,0.20,0.32,0.43,1.21,1.36,0.39,0.31,0.28,0.24,0.30,0.50,1.09,1.05,0.44,0.25
t=1 field hdg=169.7 enc=7934;12849 xy=-4;1 want=143 str=0.73 l=2.00 r=-1.16 tick=510077 goal=0 here=0 d11=0.67 B=0.20,0.21,0.34,0.47,1.23,1.34,0.39,0.32,0.27,0.25,0.31,0.52,1.10,1.04,0.45,0.24
t=1 field hdg=166.7 enc=7931;12850 xy=-3;1 want=140 str=0.67 l=2.00 r=-1.12 tick=510096 goal=0 here=0 d11=0.67 B=0.20,0.22,0.34,0.48,1.25,1.31,0.37,0.34,0.27,0.24,0.33,0.53,1.08,1.06,0.44,0.24
t=1 field hdg=171.3 enc=7930;12850 xy=-3;1 want=159 str=0.52 l=2.00 r=-1.38 tick=510115 goal=0 here=0 d11=0.66 B=0.19,0.22,0.32,0.48,1.26,1.02,0.38,0.32,0.27,0.25,0.33,0.52,1.08,1.05,0.45,0.23
t=2 field hdg=167.0 enc=7929;12853 xy=-4;1 want=162 str=0.45 l=2.00 r=-1.42 tick=510138 goal=0 here=0 d11=0.67 B=0.19,0.23,0.32,0.48,1.26,1.00,0.37,0.32,0.26,0.26,0.31,0.53,1.10,1.07,0.43,0.24
t=2 field hdg=172.8 enc=7928;12856 xy=-5;1 want=156 str=0.51 l=2.00 r=-1.35 tick=510170 goal=0 here=0 d11=0.68 B=0.19,0.22,0.32,0.51,1.28,0.97,0.37,0.33,0.26,0.25,0.30,0.52,1.09,1.00,0.44,0.23
t=2 field hdg=170.6 enc=7928;12858 xy=-6;1 want=146 str=0.39 l=2.00 r=-1.20 tick=510189 goal=0 here=0 d11=0.68 B=0.22,0.23,0.33,0.54,1.33,0.89,0.36,0.32,0.27,0.24,0.32,0.54,1.10,0.96,0.43,0.24
t=2 field hdg=172.1 enc=7925;12860 xy=-5;1 want=139 str=0.57 l=2.00 r=-1.11 tick=510208 goal=0 here=0 d11=0.66 B=0.20,0.23,0.32,0.53,1.51,0.89,0.38,0.32,0.27,0.26,0.32,0.53,1.11,0.96,0.42,0.23
t=3 field hdg=170.1 enc=7924;12864 xy=-7;1 want=126 str=0.74 l=2.00 r=-0.94 tick=510227 goal=0 here=0 d11=0.66 B=0.19,0.23,0.33,0.55,1.70,0.89,0.37,0.33,0.25,0.26,0.31,0.53,1.10,0.93,0.37,0.23
t=3 field hdg=172.0 enc=7925;12866 xy=-8;2 want=99 str=0.95 l=2.00 r=-0.58 tick=510248 goal=0 here=0 d11=0.67 B=0.20,0.23,0.33,0.56,1.71,0.68,0.37,0.32,0.26,0.26,0.32,0.53,1.10,0.93,0.31,0.23
t=3 field hdg=171.7 enc=7924;12866 xy=-8;1 want=102 str=1.04 l=2.00 r=-0.63 tick=510267 goal=0 here=0 d11=0.67 B=0.19,0.23,0.34,0.57,1.73,0.68,0.37,0.32,0.26,0.26,0.31,0.53,1.11,0.90,0.30,0.22
t=3 field hdg=172.1 enc=7925;12869 xy=-10;2 want=97 str=1.22 l=2.00 r=-0.56 tick=510286 goal=0 here=0 d11=0.66 B=0.19,0.24,0.33,0.59,1.91,0.66,0.36,0.31,0.26,0.26,0.32,0.54,1.11,0.90,0.28,0.24
t=3 field hdg=173.6 enc=7924;12870 xy=-10;2 want=98 str=1.27 l=2.00 r=-0.57 tick=510305 goal=0 here=0 d11=0.67 B=0.18,0.25,0.32,0.60,1.92,0.66,0.37,0.33,0.26,0.26,0.31,0.53,1.11,0.88,0.28,0.23
t=4 field hdg=172.9 enc=7924;12872 xy=-11;2 want=117 str=1.04 l=2.00 r=-0.82 tick=510324 goal=0 here=0 d11=0.66 B=0.20,0.24,0.33,0.60,1.92,0.67,0.35,0.32,0.26,0.26,0.31,0.55,1.12,0.71,0.27,0.23
t=4 field hdg=175.2 enc=7924;12874 xy=-12;2 want=115 str=1.06 l=2.00 r=-0.79 tick=510346 goal=0 here=0 d11=0.65 B=0.20,0.24,0.33,0.61,1.90,0.68,0.36,0.30,0.25,0.26,0.31,0.56,1.10,0.67,0.28,0.22
t=4 field hdg=174.4 enc=7924;12877 xy=-13;2 want=116 str=1.10 l=2.00 r=-0.81 tick=510365 goal=0 here=0 d11=0.65 B=0.20,0.24,0.32,0.63,1.90,0.67,0.36,0.32,0.25,0.27,0.32,0.57,1.09,0.66,0.27,0.22
t=4 field hdg=176.5 enc=7925;12877 xy=-14;2 want=118 str=1.10 l=2.00 r=-0.83 tick=510384 goal=0 here=0 d11=0.64 B=0.19,0.25,0.32,0.63,1.90,0.67,0.37,0.32,0.26,0.26,0.31,0.60,1.09,0.64,0.28,0.23
t=4 field hdg=174.0 enc=7924;12881 xy=-15;2 want=119 str=1.12 l=2.00 r=-0.85 tick=510405 goal=0 here=0 d11=0.65 B=0.19,0.26,0.32,0.62,1.88,0.66,0.36,0.31,0.26,0.27,0.30,0.62,1.08,0.64,0.26,0.23
t=5 field hdg=172.2 enc=7925;12882 xy=-16;2 want=148 str=0.85 l=2.00 r=-1.23 tick=510424 goal=0 here=0 d11=0.64 B=0.20,0.26,0.32,0.62,1.87,0.67,0.36,0.32,0.26,0.27,0.30,1.22,1.06,0.62,0.26,0.23
t=5 field hdg=177.5 enc=7925;12884 xy=-17;2 want=156 str=0.85 l=2.00 r=-1.34 tick=510443 goal=0 here=0 d11=0.64 B=0.19,0.24,0.33,0.62,1.87,0.66,0.35,0.31,0.27,0.27,0.33,1.24,1.08,0.63,0.28,0.23
t=5 field hdg=175.1 enc=7922;12885 xy=-16;2 want=152 str=0.95 l=2.00 r=-1.30 tick=510463 goal=0 here=0 d11=0.63 B=0.18,0.25,0.33,0.63,1.87,0.65,0.37,0.30,0.26,0.27,0.32,1.21,1.07,0.61,0.26,0.22
t=5 field hdg=178.2 enc=7921;12889 xy=-18;2 want=147 str=1.00 l=2.00 r=-1.24 tick=510482 goal=0 here=0 d11=0.64 B=0.19,0.26,0.34,0.62,1.88,0.66,0.36,0.32,0.26,0.27,0.34,1.20,1.05,0.60,0.25,0.22
t=5 field hdg=178.8 enc=7920;12889 xy=-17;2 want=143 str=0.99 l=2.00 r=-1.18 tick=510502 goal=0 here=0 d11=0.63 B=0.19,0.27,0.34,0.63,1.88,0.66,0.35,0.30,0.27,0.27,0.33,1.17,1.04,0.58,0.26,0.22
t=5 field hdg=174.2 enc=7919;12892 xy=-18;2 want=140 str=1.08 l=2.00 r=-1.13 tick=510521 goal=0 here=0 d11=0.64 B=0.19,0.26,0.33,0.65,1.90,0.64,0.34,0.32,0.26,0.27,0.31,1.15,1.03,0.55,0.25,0.20
t=6 field hdg=176.6 enc=7919;12894 xy=-19;3 want=132 str=1.60 l=2.00 r=-1.02 tick=510540 goal=0 here=0 d11=0.63 B=0.19,0.26,0.33,0.64,1.92,0.65,0.35,0.31,0.26,0.28,0.32,1.14,1.02,0.52,0.26,0.21
t=6 field hdg=183.4 enc=7918;12896 xy=-20;3 want=130 str=1.64 l=2.00 r=-1.00 tick=510561 goal=0 here=0 d11=0.65 B=0.20,0.27,0.32,0.64,1.93,0.64,0.34,0.31,0.25,0.30,0.32,1.13,1.01,0.50,0.24,0.21
t=6 field hdg=180.0 enc=7918;12898 xy=-21;3 want=126 str=1.64 l=2.00 r=-0.95 tick=510580 goal=0 here=0 d11=0.65 B=0.19,0.29,0.34,0.65,1.94,0.63,0.35,0.31,0.24,0.28,0.33,1.12,1.03,0.51,0.23,0.21
t=6 field hdg=177.2 enc=7917;12899 xy=-21;3 want=129 str=1.67 l=2.00 r=-0.99 tick=510599 goal=0 here=0 d11=0.65 B=0.19,0.27,0.33,0.63,1.96,0.64,0.36,0.31,0.26,0.29,0.35,1.11,1.02,0.48,0.24,0.21
t=6 field hdg=181.9 enc=7916;12900 xy=-21;3 want=129 str=1.65 l=2.00 r=-0.99 tick=510621 goal=0 here=0 d11=0.64 B=0.19,0.28,0.34,0.65,1.96,0.66,0.34,0.30,0.26,0.29,0.34,1.13,1.04,0.49,0.25,0.21
t=7 field hdg=179.0 enc=7918;12903 xy=-23;3 want=131 str=1.66 l=2.00 r=-1.02 tick=510640 goal=0 here=0 d11=0.64 B=0.19,0.28,0.34,0.63,1.95,0.64,0.34,0.31,0.26,0.30,0.32,1.13,1.03,0.49,0.24,0.21
t=7 field hdg=182.3 enc=7915;12904 xy=-22;3 want=129 str=1.67 l=2.00 r=-0.99 tick=510661 goal=0 here=0 d11=0.63 B=0.18,0.28,0.33,0.64,1.97,0.62,0.33,0.31,0.25,0.30,0.34,1.12,1.02,0.47,0.23,0.22
t=7 field hdg=183.4 enc=7915;12907 xy=-24;3 want=127 str=1.64 l=2.00 r=-0.96 tick=510686 goal=0 here=0 d11=0.64 B=0.19,0.29,0.32,0.64,1.95,0.63,0.35,0.31,0.25,0.31,0.34,1.11,1.03,0.47,0.23,0.21
t=7 field hdg=181.8 enc=7915;12910 xy=-25;2 want=129 str=1.61 l=2.00 r=-0.99 tick=510713 goal=0 here=0 d11=0.65 B=0.18,0.29,0.34,0.65,1.96,0.62,0.35,0.30,0.25,0.31,0.34,1.12,1.04,0.46,0.24,0.22
t=8 field hdg=182.2 enc=7917;12913 xy=-28;2 want=129 str=1.66 l=2.00 r=-1.00 tick=510739 goal=0 here=0 d11=0.64 B=0.18,0.29,0.33,0.65,1.95,0.63,0.34,0.30,0.24,0.30,0.35,1.11,1.06,0.49,0.24,0.20
t=8 field hdg=184.0 enc=7914;12915 xy=-27;2 want=131 str=1.65 l=2.00 r=-1.02 tick=510758 goal=0 here=0 d11=0.64 B=0.19,0.29,0.34,0.65,1.94,0.60,0.34,0.31,0.26,0.30,0.34,1.11,1.06,0.47,0.24,0.19
t=8 field hdg=183.1 enc=7914;12917 xy=-28;2 want=130 str=1.52 l=2.00 r=-1.00 tick=510777 goal=0 here=0 d11=0.64 B=0.19,0.30,0.34,0.66,1.92,0.55,0.35,0.31,0.26,0.32,0.35,1.13,1.07,0.46,0.24,0.21
t=8 field hdg=182.3 enc=7914;12918 xy=-29;2 want=142 str=1.07 l=2.00 r=-1.17 tick=510797 goal=0 here=0 d11=0.63 B=0.18,0.30,0.33,0.66,1.92,0.54,0.34,0.31,0.27,0.31,0.36,1.14,1.07,0.45,0.24,0.20
t=8 field hdg=185.3 enc=7914;12921 xy=-30;2 want=142 str=1.02 l=2.00 r=-1.17 tick=510816 goal=0 here=0 d11=0.63 B=0.19,0.30,0.34,0.64,1.92,0.54,0.35,0.30,0.26,0.31,0.34,1.14,1.08,0.45,0.24,0.20
t=9 field hdg=181.9 enc=7913;12922 xy=-30;2 want=140 str=1.04 l=2.00 r=-1.13 tick=510834 goal=0 here=0 d11=0.63 B=0.19,0.30,0.34,0.67,1.92,0.52,0.34,0.29,0.25,0.32,0.43,1.13,1.08,0.45,0.23,0.19
t=9 field hdg=185.8 enc=7910;12924 xy=-30;2 want=142 str=1.03 l=2.00 r=-1.16 tick=510853 goal=0 here=0 d11=0.63 B=0.18,0.30,0.35,0.66,1.90,0.50,0.34,0.28,0.26,0.32,0.51,1.14,1.07,0.45,0.23,0.20
t=9 field hdg=186.5 enc=7909;12926 xy=-30;2 want=135 str=1.03 l=2.00 r=-1.06 tick=510872 goal=0 here=0 d11=0.64 B=0.19,0.29,0.33,0.77,1.93,0.48,0.34,0.28,0.25,0.30,0.51,1.13,1.08,0.45,0.24,0.20
t=9 field hdg=187.2 enc=7908;12928 xy=-31;2 want=132 str=1.15 l=2.00 r=-1.03 tick=510892 goal=0 here=0 d11=0.63 B=0.19,0.30,0.34,0.86,1.91,0.47,0.34,0.30,0.27,0.31,0.52,1.14,1.08,0.45,0.23,0.19
t=9 field hdg=188.7 enc=7909;12930 xy=-32;2 want=136 str=1.11 l=2.00 r=-1.09 tick=510911 goal=0 here=0 d11=0.62 B=0.17,0.30,0.35,0.88,1.81,0.47,0.35,0.29,0.25,0.32,0.51,1.12,1.07,0.44,0.23,0.19
t=10 field hdg=188.8 enc=7907;12931 xy=-32;2 want=137 str=0.98 l=2.00 r=-1.08 tick=510931 goal=0 here=0 d11=0.63 B=0.20,0.30,0.35,0.89,1.67,0.44,0.35,0.30,0.25,0.32,0.52,1.12,1.06,0.44,0.23,0.18
t=10 field hdg=187.5 enc=7905;12933 xy=-32;2 want=137 str=0.90 l=2.00 r=-1.08 tick=510950 goal=0 here=0 d11=0.62 B=0.20,0.30,0.35,0.89,1.65,0.45,0.34,0.27,0.26,0.34,0.52,1.12,1.06,0.44,0.23,0.19
t=10 field hdg=188.8 enc=7906;12935 xy=-33;2 want=136 str=0.89 l=2.00 r=-1.08 tick=510969 goal=0 here=0 d11=0.63 B=0.20,0.30,0.36,0.91,1.64,0.43,0.34,0.27,0.27,0.33,0.52,1.10,1.05,0.44,0.25,0.19
t=10 field hdg=188.2 enc=7905;12937 xy=-34;2 want=136 str=0.94 l=2.00 r=-1.07 tick=510991 goal=0 here=0 d11=0.62 B=0.20,0.31,0.36,0.92,1.61,0.41,0.34,0.29,0.26,0.32,0.52,1.10,1.05,0.44,0.23,0.19
t=10 field hdg=191.8 enc=7903;12939 xy=-34;2 want=138 str=0.84 l=2.00 r=-1.09 tick=511010 goal=0 here=0 d11=0.62 B=0.21,0.31,0.36,1.00,1.45,0.41,0.34,0.28,0.27,0.33,0.52,1.09,1.05,0.43,0.23,0.18
t=11 field hdg=186.2 enc=7901;12942 xy=-34;2 want=127 str=0.82 l=2.00 r=-0.95 tick=511028 goal=0 here=0 d11=0.63 B=0.21,0.31,0.39,1.19,1.38,0.41,0.36,0.27,0.26,0.33,0.55,1.11,1.06,0.44,0.23,0.19
t=11 field hdg=190.3 enc=7901;12943 xy=-35;2 want=133 str=0.95 l=2.00 r=-1.04 tick=511047 goal=0 here=0 d11=0.61 B=0.19,0.31,0.38,1.22,1.36,0.40,0.35,0.29,0.28,0.33,0.53,1.10,1.06,0.43,0.22,0.20
t=11 field hdg=190.3 enc=7902;12944 xy=-36;1 want=130 str=0.93 l=2.00 r=-0.98 tick=511066 goal=0 here=0 d11=0.62 B=0.21,0.31,0.39,1.23,1.34,0.40,0.34,0.29,0.27,0.32,0.53,1.10,1.05,0.44,0.22,0.18
t=11 field hdg=195.1 enc=7901;12947 xy=-37;1 want=127 str=0.89 l=2.00 r=-0.94 tick=511085 goal=0 here=0 d11=0.61 B=0.22,0.30,0.40,1.23,1.32,0.40,0.33,0.29,0.27,0.32,0.54,1.09,1.00,0.41,0.23,0.19
t=11 field hdg=194.1 enc=7900;12949 xy=-37;1 want=130 str=1.01 l=2.00 r=-1.00 tick=511105 goal=0 here=0 d11=0.61 B=0.19,0.31,0.41,1.25,1.30,0.40,0.34,0.28,0.26,0.33,0.54,1.10,0.98,0.40,0.21,0.18
t=12 field hdg=197.4 enc=7901;12952 xy=-39;0 want=140 str=0.84 l=2.00 r=-1.12 tick=511124 goal=0 here=0 d11=0.61 B=0.21,0.31,0.45,1.25,1.05,0.39,0.33,0.29,0.28,0.33,0.54,1.11,0.97,0.31,0.21,0.17
t=12 field hdg=193.3 enc=7899;12954 xy=-39;0 want=135 str=0.80 l=2.00 r=-1.06 tick=511145 goal=0 here=0 d11=0.61 B=0.20,0.31,0.47,1.27,1.01,0.39,0.34,0.28,0.26,0.33,0.53,1.10,0.94,0.28,0.22,0.19
t=12 field hdg=196.0 enc=7899;12956 xy=-40;0 want=134 str=0.85 l=2.00 r=-1.04 tick=511164 goal=0 here=0 d11=0.59 B=0.21,0.30,0.46,1.29,0.99,0.38,0.33,0.29,0.26,0.33,0.54,1.10,0.94,0.27,0.22,0.18
t=12 field hdg=194.2 enc=7898;12958 xy=-41;-0 want=136 str=0.76 l=2.00 r=-1.06 tick=511183 goal=0 here=0 d11=0.60 B=0.22,0.31,0.50,1.31,0.90,0.37,0.34,0.28,0.26,0.33,0.55,1.10,0.92,0.28,0.22,0.17
t=12 field hdg=195.3 enc=7896;12960 xy=-41;-0 want=168 str=1.00 l=2.00 r=-1.49 tick=511204 goal=0 here=0 d11=0.60 B=0.21,0.31,0.51,1.34,0.90,0.38,0.33,0.29,0.27,0.34,0.56,1.11,0.91,0.27,0.21,0.18
t=13 field hdg=193.9 enc=7895;12961 xy=-41;-0 want=145 str=1.04 l=2.00 r=-1.17 tick=511223 goal=0 here=0 d11=0.61 B=0.22,0.30,0.52,1.68,0.89,0.39,0.34,0.28,0.27,0.33,0.55,1.12,0.81,0.27,0.21,0.18
t=13 field hdg=198.8 enc=7896;12963 xy=-42;-1 want=140 str=1.19 l=2.00 r=-1.12 tick=511242 goal=0 here=0 d11=0.62 B=0.20,0.31,0.53,1.70,0.87,0.37,0.33,0.28,0.28,0.33,0.56,1.12,0.67,0.26,0.20,0.18
t=13 field hdg=196.2 enc=7893;12965 xy=-41;-0 want=136 str=1.17 l=2.00 r=-1.06 tick=511261 goal=0 here=0 d11=0.60 B=0.23,0.31,0.53,1.72,0.87,0.37,0.33,0.28,0.27,0.33,0.60,1.11,0.64,0.25,0.21,0.19
t=13 field hdg=193.5 enc=7894;12968 xy=-43;-1 want=134 str=1.10 l=2.00 r=-1.03 tick=511283 goal=0 here=0 d11=0.61 B=0.23,0.32,0.55,1.92,0.68,0.37,0.33,0.27,0.28,0.32,0.63,1.09,0.63,0.26,0.20,0.18
t=13 field hdg=195.6 enc=7891;12969 xy=-42;-1 want=138 str=1.14 l=2.00 r=-1.09 tick=511301 goal=0 here=0 d11=0.61 B=0.22,0.31,0.57,1.90,0.68,0.38,0.33,0.26,0.28,0.34,1.25,1.09,0.62,0.25,0.21,0.18
t=13 field hdg=197.8 enc=7892;12971 xy=-44;-1 want=136 str=1.20 l=2.00 r=-1.05 tick=511320 goal=0 here=0 d11=0.61 B=0.23,0.32,0.61,1.92,0.68,0.36,0.33,0.27,0.29,0.32,1.25,1.07,0.61,0.25,0.21,0.16
t=14 field hdg=195.4 enc=7889;12971 xy=-42;-1 want=134 str=1.22 l=2.00 r=-1.02 tick=511339 goal=0 here=0 d11=0.63 B=0.24,0.31,0.61,1.89,0.66,0.38,0.33,0.28,0.28,0.33,1.23,1.07,0.60,0.24,0.20,0.17
t=14 field hdg=199.7 enc=7888;12973 xy=-43;-1 want=135 str=1.29 l=2.00 r=-1.05 tick=511358 goal=0 here=0 d11=0.62 B=0.22,0.32,0.61,1.87,0.67,0.37,0.32,0.27,0.29,0.34,1.22,1.06,0.58,0.23,0.19,0.17
t=14 field hdg=199.6 enc=7887;12977 xy=-44;-1 want=132 str=1.18 l=2.00 r=-1.00 tick=511379 goal=0 here=0 d11=0.62 B=0.23,0.32,0.59,1.88,0.65,0.36,0.33,0.27,0.29,0.33,1.20,1.05,0.56,0.24,0.21,0.18
t=14 field hdg=199.8 enc=7888;12977 xy=-45;-1 want=117 str=1.67 l=2.00 r=-0.80 tick=511402 goal=0 here=0 d11=0.61 B=0.23,0.31,0.62,1.86,0.67,0.37,0.34,0.27,0.29,0.32,1.17,1.02,0.51,0.25,0.21,0.17
t=14 field hdg=199.1 enc=7887;12980 xy=-46;-2 want=116 str=1.76 l=2.00 r=-0.79 tick=511420 goal=0 here=0 d11=0.63 B=0.24,0.32,0.63,1.87,0.67,0.37,0.33,0.27,0.30,0.33,1.17,1.03,0.50,0.23,0.20,0.18
t=15 field hdg=201.6 enc=7887;12982 xy=-47;-2 want=114 str=1.70 l=2.00 r=-0.75 tick=511439 goal=0 here=0 d11=0.63 B=0.25,0.32,0.62,1.89,0.65,0.36,0.34,0.27,0.29,0.33,1.15,1.03,0.49,0.24,0.20,0.18
t=15 field hdg=202.6 enc=7885;12984 xy=-47;-2 want=114 str=1.69 l=2.00 r=-0.76 tick=511458 goal=0 here=0 d11=0.62 B=0.24,0.31,0.63,1.88,0.66,0.36,0.33,0.27,0.30,0.33,1.14,1.03,0.48,0.24,0.21,0.19
t=15 field hdg=202.6 enc=7887;12986 xy=-49;-3 want=112 str=1.74 l=2.00 r=-0.72 tick=511477 goal=0 here=0 d11=0.62 B=0.25,0.32,0.62,1.90,0.66,0.36,0.32,0.25,0.30,0.33,1.12,1.03,0.48,0.23,0.19,0.19
t=15 field hdg=206.2 enc=7885;12987 xy=-48;-3 want=115 str=1.74 l=2.00 r=-0.77 tick=511496 goal=0 here=0 d11=0.63 B=0.24,0.31,0.63,1.91,0.67,0.36,0.33,0.26,0.31,0.35,1.13,1.04,0.47,0.25,0.19,0.18
t=15 field hdg=202.7 enc=7886;12990 xy=-50;-3 want=115 str=1.79 l=2.00 r=-0.76 tick=511515 goal=0 here=0 d11=0.62 B=0.25,0.32,0.63,1.91,0.66,0.36,0.32,0.27,0.32,0.35,1.12,1.04,0.48,0.24,0.19,0.17
t=16 field hdg=199.0 enc=7886;12990 xy=-50;-3 want=113 str=1.81 l=2.00 r=-0.74 tick=511534 goal=0 here=0 d11=0.63 B=0.24,0.32,0.63,1.94,0.66,0.37,0.34,0.27,0.33,0.34,1.13,1.02,0.47,0.23,0.20,0.18
t=16 field hdg=199.9 enc=7886;12992 xy=-51;-4 want=113 str=1.83 l=2.00 r=-0.73 tick=511553 goal=0 here=0 d11=0.64 B=0.25,0.31,0.64,1.94,0.66,0.37,0.32,0.27,0.31,0.37,1.13,1.03,0.48,0.23,0.20,0.18
t=16 field hdg=201.0 enc=7886;12995 xy=-52;-4 want=113 str=1.84 l=2.00 r=-0.72 tick=511571 goal=0 here=0 d11=0.63 B=0.26,0.31,0.64,1.94,0.66,0.36,0.31,0.29,0.31,0.35,1.13,1.03,0.46,0.23,0.20,0.17
t=16 field hdg=201.8 enc=7887;12996 xy=-53;-5 want=115 str=1.93 l=2.00 r=-0.75 tick=511590 goal=0 here=0 d11=0.62 B=0.25,0.32,0.64,1.95,0.66,0.36,0.33,0.27,0.32,0.36,1.13,1.04,0.47,0.22,0.18,0.17
t=16 field hdg=205.1 enc=7887;13000 xy=-55;-6 want=111 str=1.83 l=2.00 r=-0.69 tick=511610 goal=0 here=0 d11=0.62 B=0.27,0.30,0.65,1.96,0.67,0.37,0.34,0.26,0.32,0.36,1.14,1.05,0.45,0.22,0.20,0.17
t=17 field hdg=207.4 enc=7887;13002 xy=-56;-6 want=112 str=1.83 l=2.00 r=-0.70 tick=511632 goal=0 here=0 d11=0.64 B=0.27,0.32,0.64,1.96,0.64,0.35,0.31,0.28,0.31,0.34,1.13,1.06,0.45,0.21,0.19,0.18
t=17 field hdg=199.2 enc=7886;13003 xy=-56;-6 want=113 str=1.87 l=2.00 r=-0.73 tick=511651 goal=0 here=0 d11=0.63 B=0.26,0.32,0.64,1.96,0.65,0.36,0.33,0.27,0.33,0.36,1.15,1.05,0.47,0.22,0.18,0.18
t=17 field hdg=207.8 enc=7887;13004 xy=-57;-7 want=113 str=1.80 l=2.00 r=-0.71 tick=511669 goal=0 here=0 d11=0.63 B=0.27,0.32,0.64,1.95,0.65,0.36,0.33,0.27,0.34,0.35,1.15,1.06,0.46,0.23,0.19,0.18
t=17 field hdg=206.1 enc=7887;13007 xy=-58;-7 want=112 str=1.75 l=2.00 r=-0.69 tick=511691 goal=0 here=0 d11=0.64 B=0.28,0.31,0.65,1.94,0.63,0.36,0.32,0.27,0.32,0.36,1.14,1.07,0.45,0.22,0.20,0.18
t=17 field hdg=206.4 enc=7885;13008 xy=-58;-7 want=113 str=1.77 l=2.00 r=-0.71 tick=511709 goal=0 here=0 d11=0.64 B=0.28,0.34,0.63,1.94,0.64,0.35,0.32,0.27,0.33,0.36,1.15,1.07,0.46,0.23,0.18,0.17
t=18 field hdg=206.1 enc=7885;13010 xy=-59;-7 want=114 str=1.82 l=2.00 r=-0.73 tick=511728 goal=0 here=0 d11=0.63 B=0.27,0.32,0.65,1.93,0.63,0.36,0.32,0.29,0.33,0.36,1.15,1.07,0.45,0.22,0.19,0.18
t=18 field hdg=210.6 enc=7885;13013 xy=-60;-8 want=113 str=1.78 l=2.00 r=-0.71 tick=511748 goal=0 here=0 d11=0.66 B=0.28,0.33,0.65,1.92,0.63,0.36,0.32,0.27,0.34,0.37,1.15,1.08,0.45,0.22,0.18,0.18
t=18 field hdg=207.1 enc=7886;13013 xy=-60;-8 want=115 str=1.81 l=2.00 r=-0.74 tick=511766 goal=0 here=0 d11=0.65 B=0.27,0.32,0.64,1.93,0.62,0.36,0.31,0.29,0.34,0.53,1.14,1.07,0.45,0.22,0.19,0.18
t=18 field hdg=205.7 enc=7885;13016 xy=-61;-9 want=114 str=1.79 l=2.00 r=-0.72 tick=511788 goal=0 here=0 d11=0.64 B=0.28,0.33,0.64,1.92,0.62,0.34,0.33,0.28,0.35,0.54,1.15,1.06,0.44,0.23,0.17,0.17
t=18 field hdg=207.2 enc=7887;13017 xy=-63;-9 want=113 str=1.75 l=2.00 r=-0.71 tick=511806 goal=0 here=0 d11=0.64 B=0.28,0.33,0.65,1.89,0.62,0.35,0.32,0.26,0.33,0.54,1.15,1.07,0.45,0.21,0.19,0.18
t=19 field hdg=207.5 enc=7887;13020 xy=-64;-10 want=115 str=1.81 l=2.00 r=-0.73 tick=511826 goal=0 here=0 d11=0.64 B=0.28,0.33,0.65,1.90,0.61,0.35,0.33,0.28,0.34,0.54,1.15,1.08,0.44,0.21,0.17,0.17
t=19 field hdg=210.9 enc=7886;13022 xy=-64;-10 want=116 str=1.76 l=2.00 r=-0.75 tick=511845 goal=0 here=0 d11=0.62 B=0.28,0.34,0.66,1.90,0.58,0.35,0.33,0.29,0.34,0.53,1.14,1.08,0.44,0.22,0.19,0.16
t=19 field hdg=206.4 enc=7885;13025 xy=-65;-11 want=116 str=1.72 l=2.00 r=-0.75 tick=511864 goal=0 here=0 d11=0.63 B=0.28,0.31,0.65,1.90,0.55,0.36,0.32,0.28,0.34,0.53,1.15,1.07,0.44,0.22,0.18,0.18
t=19 field hdg=209.5 enc=7887;13026 xy=-66;-12 want=126 str=1.30 l=2.00 r=-0.88 tick=511882 goal=0 here=0 d11=0.62 B=0.27,0.31,0.65,1.90,0.55,0.36,0.32,0.27,0.32,0.52,1.14,1.07,0.44,0.21,0.17,0.17
t=19 field hdg=207.4 enc=7886;13027 xy=-66;-12 want=124 str=1.24 l=2.00 r=-0.85 tick=511901 goal=0 here=0 d11=0.65 B=0.28,0.31,0.66,1.88,0.55,0.35,0.29,0.27,0.33,0.54,1.13,1.08,0.43,0.21,0.17,0.18
t=19 field hdg=207.6 enc=7885;13028 xy=-66;-12 want=125 str=1.25 l=2.00 r=-0.88 tick=511920 goal=0 here=0 d11=0.63 B=0.27,0.32,0.65,1.91,0.54,0.35,0.32,0.27,0.33,0.52,1.14,1.07,0.43,0.22,0.18,0.17
t=20 field hdg=208.0 enc=7885;13032 xy=-68;-13 want=124 str=1.30 l=2.00 r=-0.85 tick=511938 goal=0 here=0 d11=0.64 B=0.29,0.33,0.67,1.91,0.54,0.36,0.32,0.29,0.34,0.53,1.13,1.06,0.44,0.22,0.17,0.18
t=20 field hdg=211.1 enc=7887;13034 xy=-70;-14 want=120 str=1.32 l=2.00 r=-0.81 tick=511957 goal=0 here=0 d11=0.63 B=0.28,0.32,0.77,1.90,0.52,0.35,0.32,0.28,0.33,0.54,1.13,1.07,0.42,0.22,0.18,0.17
t=20 field hdg=209.8 enc=7885;13034 xy=-69;-13 want=116 str=1.41 l=2.00 r=-0.75 tick=511978 goal=0 here=0 d11=0.63 B=0.28,0.33,0.86,1.92,0.52,0.34,0.31,0.29,0.33,0.53,1.12,1.05,0.42,0.21,0.17,0.17
t=20 field hdg=211.2 enc=7885;13036 xy=-70;-14 want=122 str=1.20 l=2.00 r=-0.83 tick=511997 goal=0 here=0 d11=0.62 B=0.28,0.33,0.87,1.69,0.51,0.36,0.31,0.28,0.35,0.54,1.12,1.07,0.42,0.22,0.17,0.18
t=20 field hdg=209.1 enc=7886;13038 xy=-71;-14 want=124 str=1.23 l=2.00 r=-0.86 tick=512016 goal=0 here=0 d11=0.64 B=0.27,0.34,0.87,1.66,0.48,0.34,0.31,0.28,0.33,0.53,1.12,1.06,0.43,0.21,0.17,0.18
t=21 field hdg=211.1 enc=7886;13040 xy=-72;-15 want=124 str=1.16 l=2.00 r=-0.87 tick=512035 goal=0 here=0 d11=0.62 B=0.27,0.34,0.87,1.65,0.49,0.34,0.32,0.27,0.34,0.54,1.11,1.07,0.40,0.22,0.17,0.19
t=21 field hdg=211.3 enc=7887;13043 xy=-74;-16 want=120 str=1.33 l=2.00 r=-0.80 tick=512054 goal=0 here=0 d11=0.62 B=0.28,0.32,0.88,1.65,0.50,0.36,0.32,0.27,0.36,0.54,1.11,1.06,0.26,0.20,0.16,0.18
t=21 field hdg=211.9 enc=7886;13044 xy=-74;-16 want=141 str=1.50 l=2.00 r=-1.09 tick=512073 goal=0 here=0 d11=0.64 B=0.27,0.34,0.88,1.64,0.48,0.36,0.31,0.28,0.35,0.56,1.11,1.05,0.26,0.20,0.17,0.19
t=21 field hdg=211.8 enc=7885;13046 xy=-74;-16 want=143 str=1.43 l=2.00 r=-1.12 tick=512092 goal=0 here=0 d11=0.63 B=0.27,0.33,0.90,1.61,0.47,0.35,0.31,0.29,0.35,0.55,1.10,1.05,0.28,0.20,0.18,0.20
t=21 field hdg=212.0 enc=7886;13047 xy=-75;-17 want=119 str=1.23 l=2.00 r=-0.79 tick=512110 goal=0 here=0 d11=0.63 B=0.28,0.33,0.90,1.57,0.46,0.35,0.31,0.28,0.36,0.54,1.11,1.02,0.26,0.22,0.17,0.19
t=22 field hdg=213.9 enc=7883;13050 xy=-75;-17 want=143 str=1.51 l=2.00 r=-1.11 tick=512136 goal=0 here=0 d11=0.62 B=0.27,0.34,0.97,1.43,0.46,0.34,0.30,0.28,0.35,0.56,1.11,0.99,0.25,0.20,0.17,0.19
t=22 field hdg=217.2 enc=7883;13052 xy=-76;-17 want=140 str=1.52 l=2.00 r=-1.07 tick=512156 goal=0 here=0 d11=0.62 B=0.27,0.36,1.08,1.37,0.44,0.35,0.31,0.29,0.34,0.55,1.10,0.97,0.26,0.20,0.15,0.18
t=22 field hdg=213.9 enc=7882;13054 xy=-76;-18 want=135 str=1.43 l=2.00 r=-1.00 tick=512183 goal=0 here=0 d11=0.63 B=0.28,0.34,1.20,1.37,0.43,0.36,0.31,0.27,0.36,0.56,1.12,0.95,0.25,0.21,0.16,0.18
t=22 field hdg=213.8 enc=7883;13056 xy=-78;-18 want=134 str=1.53 l=2.00 r=-0.99 tick=512202 goal=0 here=0 d11=0.61 B=0.28,0.36,1.23,1.33,0.42,0.36,0.30,0.29,0.35,0.57,1.10,0.93,0.25,0.20,0.16,0.18
t=22 field hdg=216.6 enc=7881;13058 xy=-78;-18 want=133 str=1.43 l=2.00 r=-0.97 tick=512221 goal=0 here=0 d11=0.64 B=0.29,0.35,1.24,1.31,0.42,0.36,0.31,0.28,0.35,0.57,1.11,0.93,0.25,0.21,0.17,0.19
t=23 field hdg=218.3 enc=7882;13062 xy=-80;-20 want=132 str=1.41 l=2.00 r=-0.96 tick=512239 goal=0 here=0 d11=0.63 B=0.29,0.37,1.24,1.28,0.42,0.35,0.30,0.27,0.35,0.57,1.12,0.91,0.24,0.19,0.16,0.20
t=23 field hdg=215.5 enc=7881;13062 xy=-79;-20 want=132 str=1.46 l=2.00 r=-0.96 tick=512259 goal=0 here=0 d11=0.64 B=0.29,0.37,1.25,1.04,0.41,0.36,0.31,0.29,0.35,0.57,1.12,0.68,0.23,0.21,0.16,0.20
t=23 field hdg=216.8 enc=7882;13064 xy=-80;-21 want=134 str=1.41 l=2.00 r=-0.98 tick=512278 goal=0 here=0 d11=0.63 B=0.29,0.43,1.26,1.01,0.40,0.35,0.29,0.29,0.35,0.58,1.12,0.68,0.25,0.20,0.17,0.19
t=23 field hdg=215.6 enc=7882;13067 xy=-82;-21 want=136 str=1.42 l=2.00 r=-1.02 tick=512297 goal=0 here=0 d11=0.64 B=0.28,0.44,1.26,0.98,0.42,0.34,0.30,0.30,0.34,0.58,1.13,0.65,0.25,0.20,0.17,0.20
t=23 field hdg=216.9 enc=7882;13070 xy=-83;-22 want=131 str=1.46 l=2.00 r=-0.94 tick=512316 goal=0 here=0 d11=0.64 B=0.29,0.44,1.28,0.99,0.41,0.35,0.30,0.28,0.35,0.60,1.11,0.64,0.23,0.20,0.16,0.21
t=24 field hdg=219.2 enc=7881;13070 xy=-82;-22 want=133 str=1.52 l=2.00 r=-0.97 tick=512335 goal=0 here=0 d11=0.63 B=0.29,0.47,1.31,0.96,0.41,0.37,0.30,0.29,0.36,0.61,1.11,0.63,0.24,0.19,0.16,0.19
t=24 field hdg=217.9 enc=7880;13073 xy=-83;-23 want=135 str=1.56 l=2.00 r=-1.00 tick=512354 goal=0 here=0 d11=0.63 B=0.29,0.47,1.33,0.90,0.41,0.37,0.30,0.30,0.35,0.65,1.11,0.61,0.23,0.19,0.16,0.20
t=24 field hdg=222.1 enc=7880;13074 xy=-84;-23 want=135 str=1.61 l=2.00 r=-1.00 tick=512373 goal=0 here=0 d11=0.62 B=0.28,0.47,1.66,0.89,0.40,0.35,0.32,0.30,0.36,0.97,1.10,0.62,0.25,0.19,0.15,0.21
t=24 field hdg=214.7 enc=7880;13076 xy=-84;-24 want=139 str=1.73 l=2.00 r=-1.05 tick=512394 goal=0 here=0 d11=0.63 B=0.30,0.47,1.69,0.89,0.40,0.35,0.30,0.30,0.34,1.28,1.09,0.60,0.22,0.19,0.16,0.22
t=24 field hdg=220.6 enc=7879;13077 xy=-84;-24 want=141 str=1.81 l=2.00 r=-1.08 tick=512413 goal=0 here=0 d11=0.61 B=0.28,0.50,1.71,0.88,0.40,0.34,0.30,0.30,0.35,1.27,1.09,0.59,0.24,0.19,0.15,0.20
t=25 field hdg=220.5 enc=7880;13079 xy=-85;-25 want=118 str=2.09 l=2.00 r=-0.78 tick=512432 goal=0 here=0 d11=0.61 B=0.29,0.51,1.90,0.87,0.39,0.35,0.31,0.31,0.37,1.26,1.09,0.53,0.23,0.18,0.16,0.20
t=25 field hdg=219.5 enc=7880;13083 xy=-87;-26 want=118 str=2.13 l=2.00 r=-0.78 tick=512451 goal=0 here=0 d11=0.62 B=0.29,0.52,1.89,0.87,0.39,0.34,0.31,0.30,0.35,1.25,1.07,0.52,0.23,0.18,0.15,0.20
t=25 field hdg=220.2 enc=7879;13085 xy=-87;-26 want=119 str=2.08 l=2.00 r=-0.79 tick=512469 goal=0 here=0 d11=0.63 B=0.29,0.52,1.88,0.85,0.38,0.35,0.30,0.30,0.35,1.26,1.06,0.51,0.23,0.19,0.15,0.19
t=25 field hdg=219.1 enc=7880;13085 xy=-88;-26 want=117 str=2.09 l=2.00 r=-0.76 tick=512488 goal=0 here=0 d11=0.63 B=0.29,0.51,1.87,0.86,0.39,0.36,0.30,0.31,0.36,1.22,1.05,0.49,0.23,0.18,0.15,0.21
t=25 field hdg=221.8 enc=7878;13088 xy=-88;-27 want=119 str=1.90 l=2.00 r=-0.79 tick=512506 goal=0 here=0 d11=0.64 B=0.29,0.55,1.87,0.69,0.41,0.35,0.29,0.31,0.35,1.21,1.05,0.49,0.23,0.18,0.16,0.22
t=26 field hdg=220.1 enc=7878;13088 xy=-88;-27 want=104 str=1.99 l=2.00 r=-0.58 tick=512524 goal=0 here=0 d11=0.64 B=0.29,0.56,1.86,0.67,0.39,0.35,0.29,0.31,0.35,1.19,1.04,0.48,0.22,0.18,0.16,0.20
t=26 field hdg=222.2 enc=7880;13091 xy=-90;-28 want=101 str=2.01 l=2.00 r=-0.54 tick=512543 goal=0 here=0 d11=0.64 B=0.29,0.58,1.87,0.69,0.37,0.35,0.30,0.32,0.35,1.19,1.04,0.49,0.22,0.17,0.16,0.22
t=26 field hdg=218.2 enc=7879;13094 xy=-91;-29 want=103 str=1.99 l=2.00 r=-0.56 tick=512562 goal=0 here=0 d11=0.63 B=0.29,0.58,1.85,0.67,0.38,0.34,0.30,0.31,0.36,1.19,1.03,0.47,0.22,0.18,0.15,0.21
t=26 field hdg=219.9 enc=7878;13096 xy=-91;-29 want=101 str=1.99 l=2.00 r=-0.53 tick=512581 goal=0 here=0 d11=0.62 B=0.31,0.60,1.85,0.67,0.39,0.35,0.30,0.33,0.36,1.18,1.03,0.48,0.22,0.17,0.15,0.22
t=26 field hdg=223.7 enc=7879;13098 xy=-92;-30 want=101 str=1.98 l=2.00 r=-0.53 tick=512604 goal=0 here=0 d11=0.62 B=0.30,0.58,1.85,0.67,0.37,0.33,0.29,0.33,0.38,1.16,1.03,0.48,0.22,0.17,0.16,0.22
t=27 field hdg=220.7 enc=7879;13099 xy=-93;-31 want=101 str=2.02 l=2.00 r=-0.55 tick=512626 goal=0 here=0 d11=0.62 B=0.29,0.59,1.85,0.67,0.37,0.34,0.30,0.31,0.36,1.14,1.05,0.47,0.22,0.16,0.15,0.22
t=27 field hdg=223.6 enc=7880;13101 xy=-94;-32 want=100 str=2.03 l=2.00 r=-0.54 tick=512645 goal=0 here=0 d11=0.63 B=0.29,0.59,1.86,0.67,0.39,0.36,0.29,0.33,0.36,1.15,1.03,0.48,0.21,0.18,0.15,0.22
t=27 field hdg=224.3 enc=7878;13104 xy=-94;-32 want=100 str=2.00 l=2.00 r=-0.53 tick=512663 goal=0 here=0 d11=0.61 B=0.29,0.60,1.86,0.67,0.37,0.35,0.30,0.33,0.37,1.16,1.04,0.47,0.22,0.16,0.16,0.23
t=27 field hdg=223.8 enc=7880;13105 xy=-95;-33 want=100 str=2.07 l=2.00 r=-0.53 tick=512682 goal=0 here=0 d11=0.61 B=0.29,0.60,1.87,0.67,0.38,0.35,0.30,0.34,0.38,1.13,1.04,0.47,0.23,0.15,0.14,0.23
t=27 field hdg=225.5 enc=7878;13107 xy=-95;-33 want=100 str=2.07 l=2.00 r=-0.52 tick=512701 goal=0 here=0 d11=0.62 B=0.29,0.61,1.88,0.66,0.38,0.35,0.29,0.32,0.37,1.16,1.06,0.46,0.21,0.16,0.15,0.23
t=27 field hdg=222.9 enc=7879;13108 xy=-96;-34 want=99 str=1.98 l=2.00 r=-0.52 tick=512720 goal=0 here=0 d11=0.61 B=0.29,0.59,1.88,0.65,0.37,0.34,0.30,0.33,0.39,1.15,1.05,0.46,0.22,0.17,0.16,0.24
t=28 field hdg=221.8 enc=7878;13109 xy=-96;-34 want=100 str=2.07 l=2.00 r=-0.54 tick=512739 goal=0 here=0 d11=0.60 B=0.28,0.60,1.91,0.66,0.38,0.35,0.31,0.33,0.37,1.17,1.06,0.45,0.21,0.17,0.15,0.24
t=28 field hdg=224.2 enc=7880;13113 xy=-98;-36 want=97 str=1.97 l=2.00 r=-0.48 tick=512758 goal=0 here=0 d11=0.63 B=0.31,0.61,1.92,0.64,0.38,0.36,0.30,0.32,0.37,1.15,1.07,0.46,0.22,0.16,0.17,0.23
t=28 field hdg=225.5 enc=7879;13115 xy=-98;-36 want=101 str=2.08 l=2.00 r=-0.55 tick=512776 goal=0 here=0 d11=0.61 B=0.28,0.60,1.93,0.66,0.38,0.35,0.30,0.33,0.39,1.16,1.07,0.45,0.22,0.15,0.16,0.23
t=28 field hdg=225.9 enc=7879;13115 xy=-98;-36 want=98 str=2.05 l=2.00 r=-0.51 tick=512796 goal=0 here=0 d11=0.61 B=0.29,0.60,1.94,0.65,0.38,0.36,0.31,0.34,0.39,1.15,1.08,0.45,0.20,0.17,0.16,0.23
t=28 field hdg=227.5 enc=7880;13118 xy=-100;-38 want=100 str=2.11 l=2.00 r=-0.53 tick=512821 goal=0 here=0 d11=0.61 B=0.29,0.60,1.94,0.67,0.39,0.35,0.31,0.35,0.39,1.16,1.09,0.46,0.21,0.15,0.14,0.24
t=29 field hdg=224.6 enc=7879;13121 xy=-100;-38 want=99 str=2.06 l=2.00 r=-0.52 tick=512839 goal=0 here=0 d11=0.61 B=0.29,0.60,1.94,0.66,0.38,0.34,0.31,0.33,0.40,1.17,1.08,0.44,0.21,0.17,0.15,0.24
t=29 field hdg=227.4 enc=7878;13123 xy=-101;-39 want=97 str=1.98 l=2.00 r=-0.49 tick=512858 goal=0 here=0 d11=0.59 B=0.29,0.61,1.95,0.65,0.36,0.35,0.28,0.33,0.39,1.15,1.09,0.46,0.22,0.16,0.16,0.24
t=29 field hdg=229.3 enc=7879;13125 xy=-102;-40 want=100 str=2.07 l=2.00 r=-0.53 tick=512877 goal=0 here=0 d11=0.60 B=0.28,0.61,1.94,0.65,0.37,0.35,0.30,0.34,0.40,1.16,1.08,0.44,0.20,0.16,0.16,0.23
t=29 field hdg=230.6 enc=7878;13125 xy=-101;-40 want=99 str=2.03 l=2.00 r=-0.52 tick=512896 goal=0 here=0 d11=0.60 B=0.29,0.60,1.93,0.64,0.39,0.36,0.29,0.35,0.39,1.17,1.10,0.45,0.21,0.14,0.15,0.25
t=29 field hdg=229.5 enc=7880;13127 xy=-103;-41 want=99 str=1.99 l=2.00 r=-0.51 tick=512915 goal=0 here=0 d11=0.61 B=0.29,0.60,1.93,0.65,0.37,0.35,0.29,0.34,0.54,1.16,1.10,0.44,0.21,0.16,0.17,0.24
t=30 field hdg=228.2 enc=7878;13129 xy=-103;-41 want=99 str=1.98 l=2.00 r=-0.52 tick=512933 goal=0 here=0 d11=0.61 B=0.29,0.62,1.92,0.64,0.37,0.34,0.31,0.35,0.55,1.17,1.09,0.43,0.21,0.17,0.15,0.25
t=30 field hdg=230.0 enc=7880;13130 xy=-104;-42 want=114 str=2.16 l=2.00 r=-0.71 tick=512952 goal=0 here=0 d11=0.62 B=0.29,0.60,1.92,0.64,0.37,0.34,0.30,0.35,0.55,1.17,1.09,0.44,0.20,0.16,0.17,0.25
t=30 field hdg=230.1 enc=7880;13134 xy=-105;-44 want=113 str=2.23 l=2.00 r=-0.70 tick=512971 goal=0 here=0 d11=0.62 B=0.29,0.62,1.94,0.65,0.38,0.33,0.30,0.35,0.56,1.16,1.10,0.44,0.20,0.15,0.15,0.25
t=30 field hdg=229.5 enc=7878;13136 xy=-105;-44 want=112 str=2.23 l=2.00 r=-0.69 tick=512990 goal=0 here=0 d11=0.61 B=0.29,0.61,1.91,0.64,0.38,0.35,0.29,0.36,0.55,1.17,1.10,0.28,0.19,0.15,0.16,0.26
t=30 field hdg=228.6 enc=7879;13138 xy=-106;-45 want=97 str=2.06 l=2.00 r=-0.49 tick=513009 goal=0 here=0 d11=0.62 B=0.29,0.62,1.90,0.64,0.37,0.35,0.29,0.36,0.55,1.16,1.08,0.27,0.19,0.17,0.16,0.25
t=31 field hdg=230.1 enc=7879;13139 xy=-106;-45 want=111 str=2.28 l=2.00 r=-0.67 tick=513028 goal=0 here=0 d11=0.62 B=0.30,0.62,1.90,0.63,0.38,0.34,0.29,0.34,0.56,1.15,1.09,0.26,0.20,0.15,0.15,0.25
t=31 field hdg=232.8 enc=7879;13140 xy=-107;-46 want=112 str=2.31 l=2.00 r=-0.69 tick=513053 goal=0 here=0 d11=0.61 B=0.29,0.62,1.88,0.63,0.37,0.35,0.30,0.36,0.56,1.16,1.10,0.26,0.20,0.14,0.15,0.25
t=31 field hdg=231.7 enc=7878;13144 xy=-108;-47 want=110 str=2.22 l=2.00 r=-0.67 tick=513072 goal=0 here=0 d11=0.63 B=0.29,0.63,1.90,0.63,0.38,0.35,0.29,0.36,0.57,1.16,1.08,0.27,0.19,0.16,0.16,0.26
t=31 field hdg=228.8 enc=7878;13145 xy=-108;-47 want=111 str=2.22 l=2.00 r=-0.67 tick=513091 goal=0 here=0 d11=0.61 B=0.30,0.63,1.90,0.63,0.37,0.34,0.29,0.38,0.57,1.15,1.08,0.28,0.20,0.15,0.16,0.26
t=31 field hdg=228.0 enc=7878;13147 xy=-109;-48 want=110 str=2.22 l=2.00 r=-0.66 tick=513110 goal=0 here=0 d11=0.63 B=0.30,0.61,1.89,0.63,0.37,0.35,0.30,0.36,0.57,1.15,1.08,0.27,0.19,0.15,0.18,0.26
t=32 field hdg=228.9 enc=7878;13148 xy=-109;-48 want=110 str=2.28 l=2.00 r=-0.67 tick=513128 goal=0 here=0 d11=0.63 B=0.28,0.62,1.90,0.62,0.38,0.34,0.30,0.36,0.56,1.15,1.08,0.25,0.20,0.15,0.17,0.27
t=32 field hdg=231.2 enc=7880;13151 xy=-110;-50 want=110 str=2.29 l=2.00 r=-0.65 tick=513147 goal=0 here=0 d11=0.63 B=0.30,0.62,1.90,0.62,0.37,0.33,0.30,0.36,0.57,1.15,1.07,0.26,0.18,0.15,0.18,0.24
t=32 field hdg=237.2 enc=7880;13153 xy=-111;-51 want=109 str=2.29 l=2.00 r=-0.65 tick=513166 goal=0 here=0 d11=0.64 B=0.30,0.61,1.90,0.62,0.37,0.33,0.29,0.37,0.57,1.14,1.07,0.25,0.18,0.16,0.16,0.25
t=32 field hdg=228.6 enc=7880;13153 xy=-111;-51 want=110 str=2.32 l=2.00 r=-0.66 tick=513186 goal=0 here=0 d11=0.62 B=0.29,0.63,1.91,0.59,0.37,0.34,0.30,0.37,0.58,1.13,1.07,0.25,0.19,0.15,0.16,0.25
t=32 field hdg=232.9 enc=7879;13156 xy=-112;-52 want=108 str=2.32 l=2.00 r=-0.63 tick=513205 goal=0 here=0 d11=0.64 B=0.29,0.63,1.90,0.56,0.36,0.34,0.30,0.36,0.57,1.12,1.08,0.23,0.18,0.14,0.17,0.27
t=33 field hdg=233.3 enc=7879;13158 xy=-112;-53 want=108 str=2.20 l=2.00 r=-0.63 tick=513224 goal=0 here=0 d11=0.64 B=0.31,0.83,1.67,0.57,0.36,0.34,0.31,0.39,0.58,1.13,1.08,0.23,0.19,0.15,0.17,0.27
t=33 field hdg=232.5 enc=7880;13159 xy=-113;-54 want=108 str=2.23 l=2.00 r=-0.64 tick=513243 goal=0 here=0 d11=0.62 B=0.29,0.85,1.65,0.56,0.36,0.34,0.31,0.37,0.58,1.13,1.03,0.25,0.18,0.15,0.17,0.26
t=33 field hdg=236.6 enc=7878;13163 xy=-113;-54 want=120 str=1.75 l=2.00 r=-0.79 tick=513263 goal=0 here=0 d11=0.62 B=0.29,0.84,1.63,0.55,0.37,0.35,0.29,0.38,0.59,1.13,1.01,0.24,0.19,0.16,0.17,0.27
t=33 field hdg=233.9 enc=7880;13163 xy=-114;-55 want=119 str=1.86 l=2.00 r=-0.79 tick=513282 goal=0 here=0 d11=0.62 B=0.29,0.84,1.62,0.53,0.36,0.34,0.31,0.37,0.57,1.14,0.99,0.24,0.19,0.14,0.17,0.26
t=33 field hdg=238.8 enc=7880;13166 xy=-115;-56 want=119 str=1.79 l=2.00 r=-0.78 tick=513301 goal=0 here=0 d11=0.63 B=0.30,0.85,1.63,0.53,0.35,0.34,0.30,0.36,0.59,1.13,0.99,0.25,0.18,0.15,0.18,0.26
t=33 field hdg=235.8 enc=7880;13166 xy=-115;-56 want=116 str=1.85 l=2.00 r=-0.74 tick=513319 goal=0 here=0 d11=0.63 B=0.30,0.86,1.61,0.53,0.36,0.34,0.31,0.38,0.58,1.12,0.97,0.23,0.16,0.16,0.17,0.27
t=34 field hdg=236.0 enc=7879;13169 xy=-115;-57 want=118 str=1.80 l=2.00 r=-0.75 tick=513338 goal=0 here=0 d11=0.62 B=0.31,0.86,1.60,0.52,0.37,0.33,0.29,0.38,0.58,1.14,0.97,0.25,0.17,0.15,0.18,0.26
t=34 field hdg=235.1 enc=7880;13171 xy=-116;-59 want=117 str=1.80 l=2.00 r=-0.74 tick=513357 goal=0 here=0 d11=0.61 B=0.31,0.87,1.61,0.51,0.36,0.33,0.31,0.38,0.59,1.13,0.95,0.24,0.18,0.14,0.19,0.26
t=34 field hdg=236.0 enc=7880;13173 xy=-117;-59 want=121 str=1.81 l=2.00 r=-0.79 tick=513375 goal=0 here=0 d11=0.62 B=0.31,0.87,1.50,0.51,0.35,0.35,0.31,0.39,0.59,1.14,0.94,0.24,0.18,0.14,0.19,0.25
t=34 field hdg=237.4 enc=7880;13174 xy=-117;-60 want=112 str=1.85 l=2.00 r=-0.68 tick=513394 goal=0 here=0 d11=0.62 B=0.31,0.92,1.44,0.49,0.35,0.33,0.31,0.39,0.59,1.12,0.67,0.24,0.18,0.14,0.18,0.27
t=34 field hdg=239.9 enc=7880;13176 xy=-117;-61 want=112 str=1.84 l=2.00 r=-0.67 tick=513414 goal=0 here=0 d11=0.62 B=0.31,0.98,1.40,0.49,0.36,0.33,0.30,0.38,0.59,1.14,0.67,0.25,0.18,0.14,0.18,0.27
t=35 field hdg=235.7 enc=7879;13178 xy=-118;-61 want=107 str=1.79 l=2.00 r=-0.61 tick=513435 goal=0 here=0 d11=0.62 B=0.32,1.17,1.34,0.48,0.36,0.34,0.31,0.38,0.59,1.14,0.66,0.24,0.17,0.16,0.18,0.26
t=35 field hdg=236.4 enc=7878;13181 xy=-118;-62 want=105 str=1.94 l=2.00 r=-0.58 tick=513453 goal=0 here=0 d11=0.62 B=0.32,1.19,1.34,0.48,0.35,0.33,0.32,0.37,0.59,1.14,0.64,0.23,0.16,0.14,0.18,0.26
t=35 field hdg=240.5 enc=7879;13183 xy=-119;-63 want=104 str=1.92 l=2.00 r=-0.54 tick=513476 goal=0 here=0 d11=0.62 B=0.34,1.20,1.32,0.48,0.37,0.33,0.30,0.39,0.59,1.14,0.62,0.22,0.16,0.14,0.19,0.27
t=35 field hdg=238.9 enc=7878;13186 xy=-120;-64 want=106 str=1.89 l=2.00 r=-0.58 tick=513496 goal=0 here=0 d11=0.62 B=0.34,1.21,1.32,0.48,0.36,0.32,0.32,0.38,0.61,1.16,0.63,0.23,0.16,0.14,0.19,0.27
t=35 field hdg=238.7 enc=7880;13186 xy=-120;-65 want=106 str=1.93 l=2.00 r=-0.58 tick=513515 goal=0 here=0 d11=0.62 B=0.34,1.22,1.29,0.46,0.36,0.34,0.32,0.39,0.64,1.14,0.61,0.23,0.16,0.15,0.18,0.26
t=36 field hdg=241.4 enc=7880;13187 xy=-120;-65 want=106 str=1.91 l=2.00 r=-0.57 tick=513533 goal=0 here=0 d11=0.62 B=0.34,1.23,1.28,0.45,0.36,0.33,0.33,0.39,0.64,1.13,0.60,0.24,0.16,0.14,0.19,0.27
t=36 field hdg=241.5 enc=7878;13189 xy=-120;-65 want=92 str=2.26 l=2.00 r=-0.37 tick=513553 goal=0 here=0 d11=0.62 B=0.37,1.25,1.26,0.44,0.36,0.34,0.31,0.38,0.66,1.12,0.53,0.23,0.16,0.15,0.18,0.26
t=36 field hdg=236.9 enc=7880;13192 xy=-122;-67 want=97 str=2.12 l=2.00 r=-0.40 tick=513571 goal=0 here=0 d11=0.64 B=0.41,1.23,1.02,0.45,0.36,0.33,0.30,0.38,0.68,1.12,0.52,0.21,0.17,0.14,0.20,0.26
t=36 field hdg=237.5 enc=7878;13195 xy=-122;-68 want=105 str=2.15 l=2.00 r=-0.51 tick=513590 goal=0 here=0 d11=0.62 B=0.41,1.26,1.00,0.44,0.36,0.33,0.32,0.40,0.99,1.12,0.51,0.23,0.17,0.14,0.20,0.26
t=36 field hdg=243.0 enc=7878;13195 xy=-122;-68 want=114 str=2.28 l=2.00 r=-0.62 tick=513609 goal=0 here=0 d11=0.62 B=0.42,1.27,0.98,0.45,0.36,0.34,0.32,0.37,1.31,1.12,0.50,0.24,0.16,0.13,0.20,0.26
t=37 field hdg=240.6 enc=7880;13198 xy=-123;-70 want=112 str=2.26 l=2.00 r=-0.61 tick=513629 goal=0 here=0 d11=0.62 B=0.42,1.29,0.98,0.43,0.35,0.33,0.32,0.38,1.29,1.11,0.48,0.23,0.16,0.14,0.20,0.26
t=37 field hdg=245.7 enc=7880;13200 xy=-124;-71 want=104 str=2.34 l=2.00 r=-0.48 tick=513648 goal=0 here=0 d11=0.62 B=0.43,1.65,0.96,0.42,0.35,0.32,0.32,0.37,1.31,1.10,0.50,0.22,0.16,0.14,0.19,0.26
t=37 field hdg=244.4 enc=7880;13201 xy=-124;-71 want=103 str=2.21 l=2.00 r=-0.47 tick=513667 goal=0 here=0 d11=0.63 B=0.43,1.66,0.94,0.42,0.36,0.34,0.32,0.39,1.31,1.09,0.49,0.23,0.17,0.14,0.21,0.27
t=37 field hdg=242.3 enc=7878;13203 xy=-124;-71 want=102 str=2.27 l=2.00 r=-0.45 tick=513687 goal=0 here=0 d11=0.63 B=0.46,1.68,0.91,0.43,0.37,0.32,0.33,0.40,1.29,1.08,0.49,0.22,0.15,0.15,0.20,0.26
t=37 field hdg=240.9 enc=7878;13205 xy=-124;-72 want=102 str=2.20 l=2.00 r=-0.43 tick=513707 goal=0 here=0 d11=0.62 B=0.46,1.78,0.87,0.42,0.35,0.33,0.33,0.39,1.29,1.08,0.49,0.23,0.16,0.14,0.21,0.26
t=38 field hdg=241.4 enc=7878;13207 xy=-125;-73 want=98 str=2.29 l=2.00 r=-0.38 tick=513726 goal=0 here=0 d11=0.62 B=0.46,1.88,0.88,0.42,0.35,0.33,0.33,0.39,1.28,1.06,0.48,0.23,0.15,0.15,0.21,0.25
t=38 field hdg=244.7 enc=7880;13209 xy=-126;-75 want=97 str=2.27 l=2.00 r=-0.35 tick=513744 goal=0 here=0 d11=0.63 B=0.48,1.88,0.88,0.41,0.35,0.33,0.32,0.38,1.26,1.07,0.49,0.22,0.17,0.14,0.21,0.27
t=38 field hdg=242.0 enc=7878;13210 xy=-125;-75 want=97 str=2.25 l=2.00 r=-0.36 tick=513765 goal=0 here=0 d11=0.62 B=0.47,1.85,0.86,0.42,0.37,0.31,0.30,0.40,1.23,1.08,0.47,0.22,0.15,0.14,0.22,0.26
t=38 field hdg=245.5 enc=7880;13212 xy=-126;-76 want=98 str=2.30 l=2.00 r=-0.35 tick=513784 goal=0 here=0 d11=0.63 B=0.50,1.85,0.86,0.41,0.36,0.32,0.32,0.39,1.23,1.06,0.49,0.22,0.15,0.14,0.21,0.25
t=38 field hdg=243.2 enc=7880;13216 xy=-127;-78 want=97 str=2.22 l=2.00 r=-0.34 tick=513803 goal=0 here=0 d11=0.63 B=0.50,1.85,0.85,0.41,0.36,0.33,0.32,0.38,1.22,1.07,0.47,0.22,0.16,0.13,0.23,0.26
t=38 field hdg=246.1 enc=7880;13216 xy=-127;-78 want=82 str=2.24 l=2.00 r=-0.10 tick=513822 goal=0 here=0 d11=0.63 B=0.56,1.84,0.84,0.41,0.34,0.32,0.32,0.39,1.20,1.07,0.48,0.21,0.15,0.15,0.21,0.26
t=39 field hdg=243.9 enc=7880;13220 xy=-128;-80 want=83 str=2.34 l=2.00 r=-0.12 tick=513840 goal=0 here=0 d11=0.63 B=0.56,1.84,0.85,0.41,0.37,0.33,0.33,0.40,1.20,1.07,0.47,0.20,0.15,0.14,0.21,0.25
t=39 field hdg=247.3 enc=7878;13219 xy=-127;-79 want=96 str=2.20 l=2.00 r=-0.30 tick=513859 goal=0 here=0 d11=0.62 B=0.54,1.83,0.84,0.40,0.35,0.33,0.32,0.38,1.19,1.07,0.47,0.22,0.15,0.15,0.22,0.27
t=39 field hdg=248.8 enc=7880;13222 xy=-128;-81 want=82 str=2.28 l=2.00 r=-0.09 tick=513878 goal=0 here=0 d11=0.62 B=0.56,1.81,0.84,0.40,0.37,0.32,0.33,0.40,1.16,1.07,0.47,0.21,0.13,0.15,0.23,0.25
t=39 field hdg=244.6 enc=7879;13225 xy=-129;-82 want=85 str=2.19 l=2.00 r=-0.14 tick=513897 goal=0 here=0 d11=0.63 B=0.56,1.82,0.68,0.39,0.34,0.32,0.32,0.40,1.18,1.06,0.47,0.20,0.15,0.14,0.22,0.25
t=39 field hdg=249.2 enc=7880;13225 xy=-129;-82 want=83 str=2.02 l=2.00 r=-0.11 tick=513916 goal=0 here=0 d11=0.62 B=0.56,1.82,0.66,0.39,0.36,0.32,0.32,0.40,1.18,1.08,0.46,0.21,0.15,0.17,0.23,0.27
t=40 field hdg=244.1 enc=7878;13229 xy=-129;-83 want=84 str=2.03 l=2.00 r=-0.12 tick=513935 goal=0 here=0 d11=0.63 B=0.56,1.83,0.65,0.40,0.35,0.33,0.35,0.40,1.18,1.08,0.45,0.21,0.15,0.16,0.23,0.26
t=40 field hdg=246.2 enc=7880;13231 xy=-130;-85 want=84 str=2.16 l=2.00 r=-0.13 tick=513954 goal=0 here=0 d11=0.64 B=0.56,1.84,0.65,0.40,0.36,0.32,0.33,0.40,1.18,1.10,0.46,0.19,0.15,0.13,0.23,0.26
t=40 field hdg=248.7 enc=7878;13231 xy=-130;-84 want=83 str=2.11 l=2.00 r=-0.11 tick=513973 goal=0 here=0 d11=0.62 B=0.57,1.84,0.65,0.39,0.35,0.32,0.35,0.40,1.18,1.09,0.46,0.20,0.14,0.15,0.22,0.27
t=40 field hdg=244.5 enc=7880;13233 xy=-131;-86 want=85 str=2.09 l=2.00 r=-0.13 tick=513994 goal=0 here=0 d11=0.65 B=0.57,1.85,0.63,0.39,0.37,0.34,0.33,0.40,1.19,1.09,0.46,0.20,0.15,0.17,0.22,0.25
t=40 field hdg=246.7 enc=7880;13235 xy=-131;-87 want=84 str=2.04 l=2.00 r=-0.12 tick=514012 goal=0 here=0 d11=0.62 B=0.57,1.86,0.65,0.39,0.35,0.32,0.36,0.41,1.18,1.11,0.30,0.21,0.15,0.15,0.24,0.26
t=41 field hdg=245.4 enc=7880;13238 xy=-132;-88 want=85 str=2.19 l=2.00 r=-0.13 tick=514031 goal=0 here=0 d11=0.63 B=0.57,1.87,0.65,0.37,0.35,0.31,0.34,0.40,1.19,1.11,0.28,0.19,0.15,0.15,0.22,0.24
t=41 field hdg=251.3 enc=7880;13238 xy=-132;-88 want=82 str=2.17 l=2.00 r=-0.09 tick=514050 goal=0 here=0 d11=0.63 B=0.57,1.88,0.65,0.38,0.35,0.33,0.34,0.41,1.18,1.12,0.28,0.19,0.15,0.16,0.23,0.26
t=41 field hdg=250.4 enc=7880;13241 xy=-132;-90 want=84 str=2.18 l=2.00 r=-0.12 tick=514069 goal=0 here=0 d11=0.62 B=0.57,1.88,0.65,0.38,0.36,0.32,0.35,0.41,1.18,1.11,0.28,0.20,0.15,0.15,0.23,0.25
t=41 field hdg=248.9 enc=7880;13242 xy=-132;-90 want=82 str=2.21 l=2.00 r=-0.10 tick=514087 goal=0 here=0 d11=0.63 B=0.57,1.91,0.64,0.37,0.36,0.32,0.35,0.42,1.19,1.11,0.29,0.18,0.14,0.15,0.23,0.26
t=41 field hdg=251.4 enc=7878;13244 xy=-132;-90 want=81 str=2.18 l=2.00 r=-0.07 tick=514107 goal=0 here=0 d11=0.63 B=0.58,1.90,0.64,0.38,0.36,0.32,0.36,0.43,1.20,1.13,0.28,0.18,0.14,0.16,0.24,0.26
t=42 field hdg=250.0 enc=7880;13248 xy=-133;-93 want=81 str=2.21 l=2.00 r=-0.08 tick=514128 goal=0 here=0 d11=0.62 B=0.58,1.90,0.63,0.37,0.37,0.33,0.36,0.41,1.20,1.12,0.26,0.18,0.16,0.15,0.23,0.26
t=42 field hdg=247.3 enc=7878;13249 xy=-133;-92 want=80 str=2.26 l=2.00 r=-0.06 tick=514147 goal=0 here=0 d11=0.63 B=0.57,1.92,0.66,0.37,0.35,0.32,0.36,0.41,1.19,1.11,0.26,0.18,0.14,0.17,0.22,0.26
t=42 field hdg=253.2 enc=7878;13251 xy=-133;-93 want=80 str=2.22 l=2.00 r=-0.06 tick=514165 goal=0 here=0 d11=0.63 B=0.57,1.92,0.64,0.39,0.35,0.33,0.36,0.43,1.20,1.11,0.26,0.18,0.15,0.16,0.24,0.26
t=42 field hdg=252.2 enc=7880;13253 xy=-134;-95 want=80 str=2.25 l=2.00 r=-0.06 tick=514187 goal=0 here=0 d11=0.63 B=0.58,1.92,0.63,0.38,0.36,0.32,0.37,0.42,1.21,1.12,0.26,0.17,0.14,0.16,0.24,0.27
t=42 field hdg=249.8 enc=7878;13256 xy=-134;-96 want=80 str=2.24 l=2.00 r=-0.07 tick=514208 goal=0 here=0 d11=0.62 B=0.57,1.91,0.63,0.36,0.36,0.33,0.36,0.42,1.20,1.10,0.25,0.19,0.13,0.17,0.24,0.26
t=43 field hdg=252.7 enc=7880;13256 xy=-135;-97 want=92 str=2.51 l=2.00 r=-0.22 tick=514229 goal=0 here=0 d11=0.63 B=0.58,1.90,0.64,0.37,0.36,0.32,0.37,0.57,1.19,1.10,0.23,0.18,0.14,0.17,0.22,0.26
t=43 field hdg=255.3 enc=7880;13258 xy=-135;-98 want=94 str=2.34 l=2.00 r=-0.25 tick=514248 goal=0 here=0 d11=0.64 B=0.57,1.91,0.62,0.37,0.34,0.32,0.37,0.59,1.19,1.11,0.26,0.19,0.16,0.17,0.22,0.28
t=43 field hdg=250.6 enc=7880;13261 xy=-135;-99 want=93 str=2.42 l=2.00 r=-0.23 tick=514266 goal=0 here=0 d11=0.61 B=0.58,1.88,0.63,0.36,0.36,0.32,0.38,0.57,1.19,1.11,0.24,0.19,0.15,0.16,0.24,0.25
t=43 field hdg=249.1 enc=7880;13262 xy=-136;-100 want=93 str=2.45 l=2.00 r=-0.24 tick=514285 goal=0 here=0 d11=0.61 B=0.58,1.89,0.63,0.38,0.36,0.31,0.37,0.58,1.18,1.11,0.25,0.17,0.14,0.17,0.24,0.25
t=43 field hdg=253.3 enc=7878;13265 xy=-136;-100 want=92 str=2.43 l=2.00 r=-0.21 tick=514304 goal=0 here=0 d11=0.62 B=0.60,1.87,0.62,0.38,0.35,0.32,0.36,0.59,1.18,1.11,0.24,0.18,0.14,0.17,0.23,0.27
t=43 field hdg=254.2 enc=7880;13265 xy=-136;-101 want=93 str=2.47 l=2.00 r=-0.24 tick=514323 goal=0 here=0 d11=0.62 B=0.57,1.85,0.64,0.37,0.35,0.33,0.38,0.60,1.19,1.10,0.25,0.17,0.14,0.16,0.24,0.27
t=44 field hdg=252.0 enc=7880;13267 xy=-136;-102 want=92 str=2.43 l=2.00 r=-0.22 tick=514342 goal=0 here=0 d11=0.62 B=0.58,1.86,0.62,0.36,0.35,0.33,0.38,0.60,1.18,1.10,0.24,0.17,0.15,0.17,0.24,0.27
t=44 field hdg=257.8 enc=7879;13271 xy=-137;-103 want=90 str=2.43 l=2.00 r=-0.19 tick=514360 goal=0 here=0 d11=0.62 B=0.59,1.87,0.62,0.38,0.37,0.32,0.37,0.59,1.17,1.08,0.24,0.18,0.13,0.17,0.24,0.28
t=44 field hdg=256.0 enc=7879;13271 xy=-137;-103 want=92 str=2.44 l=2.00 r=-0.22 tick=514379 goal=0 here=0 d11=0.62 B=0.59,1.87,0.61,0.37,0.36,0.32,0.37,0.60,1.18,1.10,0.24,0.17,0.14,0.17,0.23,0.27
t=44 field hdg=251.6 enc=7879;13274 xy=-137;-105 want=92 str=2.50 l=2.00 r=-0.23 tick=514398 goal=0 here=0 d11=0.63 B=0.58,1.86,0.61,0.37,0.35,0.32,0.39,0.60,1.17,1.10,0.24,0.17,0.13,0.17,0.23,0.27
t=44 field hdg=257.7 enc=7879;13276 xy=-137;-106 want=92 str=2.42 l=2.00 r=-0.21 tick=514417 goal=0 here=0 d11=0.63 B=0.60,1.86,0.62,0.37,0.35,0.31,0.38,0.59,1.16,1.10,0.25,0.18,0.14,0.16,0.24,0.27
t=45 field hdg=252.5 enc=7878;13278 xy=-137;-106 want=92 str=2.54 l=2.00 r=-0.22 tick=514435 goal=0 here=0 d11=0.63 B=0.59,1.86,0.61,0.36,0.35,0.33,0.39,0.60,1.16,1.10,0.24,0.16,0.12,0.18,0.24,0.25
t=45 field hdg=257.7 enc=7878;13278 xy=-137;-106 want=90 str=2.46 l=2.00 r=-0.19 tick=514454 goal=0 here=0 d11=0.63 B=0.59,1.88,0.61,0.37,0.35,0.31,0.39,0.60,1.16,1.06,0.24,0.16,0.15,0.19,0.23,0.27
t=45 field hdg=257.4 enc=7879;13280 xy=-138;-108 want=89 str=2.52 l=2.00 r=-0.18 tick=514473 goal=0 here=0 d11=0.62 B=0.59,1.88,0.62,0.35,0.35,0.34,0.38,0.58,1.17,1.03,0.23,0.16,0.14,0.18,0.24,0.26
t=45 field hdg=254.0 enc=7879;13283 xy=-138;-109 want=90 str=2.43 l=2.00 r=-0.18 tick=514492 goal=0 here=0 d11=0.62 B=0.60,1.88,0.60,0.35,0.34,0.32,0.39,0.60,1.16,1.01,0.25,0.17,0.15,0.18,0.24,0.27
t=45 field hdg=257.0 enc=7879;13284 xy=-138;-110 want=87 str=2.46 l=2.00 r=-0.07 tick=514511 goal=0 here=0 d11=0.64 B=0.70,1.88,0.61,0.38,0.36,0.31,0.40,0.62,1.16,1.00,0.25,0.17,0.14,0.18,0.23,0.27
t=46 field hdg=256.2 enc=7880;13288 xy=-139;-112 want=89 str=2.38 l=2.00 r=-0.02 tick=514530 goal=0 here=0 d11=0.62 B=0.81,1.65,0.60,0.36,0.33,0.32,0.39,0.60,1.16,1.00,0.24,0.16,0.15,0.18,0.24,0.27
t=46 field hdg=259.8 enc=7880;13290 xy=-139;-113 want=88 str=2.32 l=2.00 r=-0.01 tick=514550 goal=0 here=0 d11=0.65 B=0.81,1.62,0.60,0.35,0.36,0.33,0.39,0.60,1.18,0.97,0.25,0.17,0.14,0.19,0.23,0.29
t=46 field hdg=257.5 enc=7880;13290 xy=-139;-113 want=86 str=2.44 l=2.00 r=0.02 tick=514569 goal=0 here=0 d11=0.64 B=0.82,1.61,0.60,0.36,0.35,0.31,0.41,0.60,1.17,0.83,0.25,0.15,0.15,0.18,0.23,0.27
t=46 field hdg=259.6 enc=7879;13292 xy=-139;-114 want=83 str=2.40 l=2.00 r=0.06 tick=514588 goal=0 here=0 d11=0.63 B=0.81,1.59,0.60,0.37,0.35,0.33,0.40,0.60,1.17,0.70,0.25,0.16,0.15,0.20,0.24,0.27
t=46 field hdg=256.7 enc=7878;13295 xy=-139;-115 want=81 str=2.53 l=2.00 r=0.11 tick=514606 goal=0 here=0 d11=0.63 B=0.84,1.59,0.58,0.38,0.35,0.31,0.40,0.62,1.17,0.69,0.22,0.15,0.14,0.19,0.24,0.28
t=47 field hdg=261.4 enc=7878;13297 xy=-139;-116 want=91 str=2.04 l=2.00 r=-0.03 tick=514625 goal=0 here=0 d11=0.64 B=0.84,1.58,0.55,0.35,0.35,0.32,0.39,0.61,1.16,0.67,0.23,0.15,0.15,0.19,0.24,0.28
t=47 field hdg=258.6 enc=7879;13299 xy=-140;-117 want=83 str=2.47 l=2.00 r=0.07 tick=514644 goal=0 here=0 d11=0.63 B=0.83,1.58,0.55,0.36,0.34,0.30,0.40,0.63,1.17,0.66,0.24,0.15,0.14,0.19,0.23,0.29
t=47 field hdg=256.5 enc=7880;13300 xy=-140;-118 want=89 str=1.99 l=2.00 r=0.00 tick=514663 goal=0 here=0 d11=0.64 B=0.84,1.57,0.54,0.35,0.34,0.30,0.41,0.63,1.17,0.65,0.23,0.15,0.15,0.21,0.24,0.30
t=47 field hdg=260.9 enc=7880;13301 xy=-140;-118 want=90 str=2.01 l=2.00 r=0.04 tick=514681 goal=0 here=0 d11=0.63 B=0.93,1.45,0.53,0.35,0.35,0.32,0.41,0.63,1.17,0.65,0.23,0.14,0.15,0.20,0.24,0.29
t=47 field hdg=259.7 enc=7878;13302 xy=-140;-118 want=93 str=1.98 l=2.00 r=0.03 tick=514700 goal=0 here=0 d11=0.62 B=0.96,1.36,0.53,0.36,0.35,0.32,0.41,0.63,1.17,0.64,0.23,0.16,0.14,0.20,0.23,0.29
t=47 field hdg=259.6 enc=7879;13305 xy=-140;-120 want=85 str=1.96 l=2.00 r=0.26 tick=514719 goal=0 here=0 d11=0.63 B=1.14,1.35,0.53,0.36,0.34,0.32,0.41,0.63,1.18,0.58,0.24,0.16,0.14,0.20,0.24,0.31
t=48 field hdg=261.6 enc=7880;13306 xy=-141;-121 want=85 str=2.00 l=2.00 r=0.28 tick=514738 goal=0 here=0 d11=0.63 B=1.17,1.32,0.52,0.36,0.35,0.32,0.41,0.62,1.17,0.56,0.23,0.15,0.15,0.20,0.23,0.30
t=48 field hdg=258.7 enc=7880;13309 xy=-141;-122 want=71 str=2.31 l=2.00 r=0.47 tick=514756 goal=0 here=0 d11=0.65 B=1.17,1.31,0.51,0.36,0.36,0.33,0.41,0.65,1.17,0.54,0.22,0.15,0.14,0.20,0.25,0.33
t=48 field hdg=261.3 enc=7879;13310 xy=-141;-122 want=72 str=2.26 l=2.00 r=0.46 tick=514776 goal=0 here=0 d11=0.64 B=1.18,1.30,0.48,0.35,0.34,0.32,0.42,0.64,1.18,0.53,0.23,0.15,0.16,0.20,0.24,0.37
t=48 field hdg=265.3 enc=7880;13313 xy=-141;-124 want=71 str=2.29 l=2.00 r=0.49 tick=514795 goal=0 here=0 d11=0.64 B=1.19,1.29,0.49,0.35,0.35,0.32,0.41,0.65,1.17,0.54,0.21,0.16,0.14,0.21,0.25,0.39
t=48 field hdg=264.1 enc=7880;13315 xy=-141;-125 want=72 str=2.27 l=2.00 r=0.48 tick=514814 goal=0 here=0 d11=0.64 B=1.20,1.26,0.49,0.35,0.35,0.32,0.41,0.65,1.14,0.52,0.22,0.15,0.14,0.21,0.23,0.38
t=49 field hdg=262.5 enc=7879;13315 xy=-141;-125 want=71 str=2.31 l=2.00 r=0.48 tick=514832 goal=0 here=0 d11=0.64 B=1.20,1.25,0.49,0.35,0.36,0.33,0.40,0.67,1.15,0.52,0.22,0.14,0.14,0.21,0.25,0.40
t=49 field hdg=261.9 enc=7879;13317 xy=-141;-126 want=73 str=2.20 l=2.00 r=0.49 tick=514851 goal=0 here=0 d11=0.62 B=1.22,1.25,0.48,0.36,0.34,0.32,0.41,0.70,1.14,0.52,0.23,0.16,0.16,0.22,0.23,0.40
t=49 field hdg=263.5 enc=7880;13321 xy=-141;-128 want=74 str=2.32 l=2.00 r=0.47 tick=514870 goal=0 here=0 d11=0.63 B=1.23,1.22,0.46,0.35,0.35,0.32,0.41,0.72,1.14,0.52,0.22,0.15,0.14,0.20,0.24,0.41
t=49 field hdg=261.4 enc=7879;13322 xy=-141;-128 want=91 str=2.31 l=2.00 r=0.25 tick=514889 goal=0 here=0 d11=0.64 B=1.24,1.00,0.46,0.35,0.35,0.33,0.39,1.32,1.13,0.50,0.21,0.15,0.16,0.21,0.24,0.42
t=49 field hdg=264.6 enc=7879;13324 xy=-142;-129 want=91 str=2.36 l=2.00 r=0.27 tick=514912 goal=0 here=0 d11=0.64 B=1.26,0.99,0.47,0.35,0.34,0.33,0.41,1.34,1.12,0.51,0.20,0.15,0.15,0.21,0.23,0.43
t=50 field hdg=262.2 enc=7879;13327 xy=-142;-131 want=84 str=2.33 l=2.00 r=0.60 tick=514931 goal=0 here=0 d11=0.65 B=1.61,0.96,0.47,0.36,0.35,0.32,0.42,1.33,1.11,0.52,0.22,0.15,0.14,0.22,0.23,0.43
t=50 field hdg=268.1 enc=7879;13329 xy=-142;-132 want=83 str=2.38 l=2.00 r=0.64 tick=514950 goal=0 here=0 d11=0.63 B=1.63,0.95,0.45,0.36,0.35,0.33,0.42,1.34,1.10,0.49,0.20,0.14,0.15,0.21,0.23,0.43
t=50 field hdg=263.6 enc=7878;13331 xy=-142;-132 want=82 str=2.28 l=2.00 r=0.66 tick=514969 goal=0 here=0 d11=0.65 B=1.65,0.93,0.45,0.35,0.35,0.34,0.42,1.33,1.11,0.51,0.22,0.15,0.14,0.23,0.24,0.45
t=50 field hdg=267.9 enc=7879;13333 xy=-142;-134 want=76 str=2.35 l=2.00 r=0.78 tick=514988 goal=0 here=0 d11=0.64 B=1.84,0.92,0.45,0.36,0.34,0.34,0.40,1.31,1.10,0.49,0.20,0.14,0.16,0.22,0.24,0.46
t=50 field hdg=264.6 enc=7878;13333 xy=-142;-133 want=78 str=2.29 l=2.00 r=0.76 tick=515007 goal=0 here=0 d11=0.65 B=1.85,0.91,0.44,0.35,0.35,0.33,0.40,1.30,1.11,0.49,0.21,0.16,0.16,0.21,0.23,0.48
t=51 field hdg=264.4 enc=7879;13336 xy=-142;-135 want=78 str=2.32 l=2.00 r=0.76 tick=515026 goal=0 here=0 d11=0.65 B=1.83,0.86,0.42,0.35,0.35,0.33,0.42,1.29,1.11,0.49,0.21,0.14,0.15,0.22,0.23,0.47
t=51 field hdg=268.1 enc=7880;13338 xy=-142;-137 want=79 str=2.31 l=2.00 r=0.75 tick=515045 goal=0 here=0 d11=0.64 B=1.82,0.85,0.42,0.37,0.35,0.33,0.41,1.27,1.09,0.49,0.20,0.15,0.16,0.22,0.22,0.50
t=51 field hdg=267.5 enc=7878;13338 xy=-142;-136 want=78 str=2.30 l=2.00 r=0.76 tick=515064 goal=0 here=0 d11=0.64 B=1.83,0.84,0.43,0.35,0.35,0.32,0.42,1.25,1.09,0.49,0.21,0.15,0.15,0.21,0.23,0.51
t=51 field hdg=264.6 enc=7879;13340 xy=-142;-137 want=77 str=2.24 l=2.00 r=0.78 tick=515083 goal=0 here=0 d11=0.65 B=1.82,0.83,0.43,0.35,0.35,0.34,0.42,1.24,1.10,0.50,0.20,0.15,0.15,0.22,0.25,0.52
t=51 field hdg=266.5 enc=7879;13342 xy=-142;-138 want=76 str=2.32 l=2.00 r=0.78 tick=515102 goal=0 here=0 d11=0.63 B=1.81,0.83,0.42,0.35,0.35,0.33,0.42,1.25,1.09,0.49,0.20,0.13,0.15,0.22,0.25,0.52
t=52 field hdg=265.8 enc=7880;13345 xy=-142;-140 want=77 str=2.32 l=2.00 r=0.78 tick=515128 goal=0 here=0 d11=0.64 B=1.81,0.82,0.41,0.36,0.35,0.33,0.41,1.23,1.09,0.31,0.19,0.14,0.15,0.22,0.24,0.52
t=52 field hdg=268.1 enc=7878;13348 xy=-142;-141 want=77 str=2.30 l=2.00 r=0.78 tick=515154 goal=0 here=0 d11=0.65 B=1.78,0.83,0.41,0.35,0.33,0.34,0.41,1.21,1.10,0.30,0.19,0.13,0.17,0.22,0.24,0.53
t=52 field hdg=266.7 enc=7880;13349 xy=-142;-142 want=77 str=2.22 l=2.00 r=0.78 tick=515174 goal=0 here=0 d11=0.63 B=1.79,0.82,0.41,0.35,0.35,0.34,0.43,1.19,1.11,0.30,0.20,0.15,0.16,0.22,0.24,0.52
t=52 field hdg=266.4 enc=7878;13352 xy=-143;-143 want=77 str=2.30 l=2.00 r=0.77 tick=515195 goal=0 here=0 d11=0.64 B=1.79,0.82,0.40,0.34,0.34,0.33,0.42,1.21,1.13,0.30,0.20,0.13,0.15,0.23,0.24,0.53
t=52 field hdg=269.2 enc=7878;13353 xy=-143;-143 want=77 str=2.23 l=2.00 r=0.78 tick=515214 goal=0 here=0 d11=0.65 B=1.82,0.81,0.39,0.36,0.34,0.35,0.41,1.22,1.13,0.29,0.19,0.15,0.18,0.20,0.25,0.53
t=53 field hdg=269.0 enc=7880;13355 xy=-143;-145 want=76 str=2.31 l=2.00 r=0.79 tick=515233 goal=0 here=0 d11=0.65 B=1.82,0.81,0.39,0.35,0.34,0.36,0.43,1.23,1.12,0.29,0.18,0.14,0.16,0.22,0.24,0.51
t=53 field hdg=267.8 enc=7880;13359 xy=-143;-147 want=81 str=2.17 l=2.00 r=0.73 tick=515251 goal=0 here=0 d11=0.64 B=1.80,0.65,0.39,0.35,0.33,0.33,0.41,1.22,1.14,0.30,0.19,0.14,0.17,0.22,0.24,0.53
t=53 field hdg=270.8 enc=7878;13360 xy=-143;-147 want=79 str=2.22 l=2.00 r=0.74 tick=515273 goal=0 here=0 d11=0.65 B=1.81,0.64,0.39,0.35,0.34,0.34,0.42,1.21,1.14,0.27,0.18,0.15,0.16,0.22,0.24,0.54
t=53 field hdg=271.0 enc=7880;13363 xy=-143;-149 want=80 str=2.07 l=2.00 r=0.73 tick=515292 goal=0 here=0 d11=0.65 B=1.83,0.63,0.39,0.35,0.34,0.33,0.41,1.22,1.13,0.29,0.20,0.15,0.17,0.23,0.24,0.53
t=53 field hdg=270.4 enc=7880;13363 xy=-143;-149 want=63 str=2.14 l=2.00 r=0.96 tick=515311 goal=0 here=0 d11=0.65 B=1.83,0.62,0.40,0.36,0.34,0.35,0.43,1.21,1.15,0.27,0.17,0.15,0.18,0.22,0.25,0.55
t=54 field hdg=270.5 enc=7879;13366 xy=-143;-150 want=62 str=2.16 l=2.00 r=0.97 tick=515333 goal=0 here=0 d11=0.64 B=1.87,0.64,0.38,0.36,0.33,0.36,0.43,1.21,1.14,0.28,0.18,0.15,0.17,0.23,0.24,0.55
t=54 field hdg=270.3 enc=7878;13367 xy=-143;-150 want=62 str=2.17 l=2.00 r=0.97 tick=515351 goal=0 here=0 d11=0.63 B=1.87,0.63,0.39,0.35,0.33,0.34,0.43,1.22,1.15,0.27,0.18,0.15,0.16,0.24,0.24,0.55
t=54 field hdg=273.5 enc=7878;13369 xy=-143;-151 want=77 str=2.18 l=2.00 r=0.77 tick=515371 goal=0 here=0 d11=0.63 B=1.87,0.61,0.38,0.35,0.35,0.34,0.42,1.23,1.15,0.27,0.17,0.15,0.18,0.22,0.24,0.54
t=54 field hdg=268.7 enc=7878;13370 xy=-143;-152 want=79 str=2.19 l=2.00 r=0.75 tick=515390 goal=0 here=0 d11=0.64 B=1.88,0.61,0.38,0.35,0.34,0.35,0.43,1.23,1.16,0.27,0.17,0.15,0.18,0.23,0.23,0.55
t=54 field hdg=272.9 enc=7879;13374 xy=-142;-154 want=63 str=2.23 l=2.00 r=0.95 tick=515409 goal=0 here=0 d11=0.63 B=1.88,0.61,0.37,0.36,0.34,0.34,0.42,1.23,1.16,0.26,0.17,0.14,0.18,0.21,0.24,0.55
t=55 field hdg=270.2 enc=7878;13374 xy=-142;-154 want=76 str=2.24 l=2.00 r=0.79 tick=515430 goal=0 here=0 d11=0.64 B=1.88,0.61,0.38,0.34,0.34,0.36,0.42,1.23,1.14,0.26,0.15,0.16,0.17,0.22,0.24,0.55
t=55 field hdg=273.0 enc=7878;13378 xy=-142;-156 want=64 str=2.20 l=2.00 r=0.95 tick=515448 goal=0 here=0 d11=0.62 B=1.89,0.62,0.37,0.36,0.32,0.34,0.45,1.23,1.15,0.27,0.17,0.15,0.18,0.21,0.23,0.56
t=55 field hdg=276.9 enc=7880;13380 xy=-142;-158 want=61 str=2.17 l=2.00 r=0.98 tick=515466 goal=0 here=0 d11=0.64 B=1.89,0.62,0.37,0.35,0.34,0.34,0.45,1.23,1.14,0.26,0.17,0.15,0.19,0.23,0.24,0.55
t=55 field hdg=272.5 enc=7879;13381 xy=-142;-158 want=76 str=2.24 l=2.00 r=0.78 tick=515485 goal=0 here=0 d11=0.63 B=1.88,0.62,0.38,0.34,0.34,0.36,0.44,1.23,1.14,0.27,0.17,0.14,0.17,0.23,0.24,0.55
t=55 field hdg=274.3 enc=7879;13384 xy=-142;-159 want=61 str=2.11 l=2.00 r=0.99 tick=515503 goal=0 here=0 d11=0.62 B=1.87,0.60,0.37,0.34,0.34,0.36,0.45,1.23,1.14,0.27,0.15,0.15,0.20,0.23,0.25,0.55
t=55 field hdg=271.0 enc=7880;13386 xy=-142;-161 want=77 str=2.23 l=2.00 r=0.78 tick=515522 goal=0 here=0 d11=0.63 B=1.87,0.61,0.37,0.36,0.33,0.36,0.45,1.23,1.15,0.27,0.17,0.15,0.18,0.21,0.25,0.55
t=56 field hdg=277.1 enc=7880;13387 xy=-142;-161 want=61 str=2.12 l=2.00 r=0.99 tick=515541 goal=0 here=0 d11=0.64 B=1.85,0.62,0.36,0.35,0.32,0.36,0.45,1.23,1.13,0.26,0.18,0.15,0.19,0.23,0.25,0.57
t=56 field hdg=273.9 enc=7878;13389 xy=-142;-161 want=61 str=2.20 l=2.00 r=0.98 tick=515560 goal=0 here=0 d11=0.65 B=1.86,0.61,0.36,0.36,0.35,0.36,0.46,1.23,1.13,0.25,0.16,0.15,0.19,0.22,0.24,0.56
t=56 field hdg=275.1 enc=7878;13389 xy=-142;-161 want=62 str=2.21 l=2.00 r=0.97 tick=515581 goal=0 here=0 d11=0.63 B=1.84,0.62,0.36,0.35,0.33,0.36,0.46,1.21,1.14,0.27,0.15,0.15,0.19,0.21,0.24,0.55
t=56 field hdg=276.3 enc=7878;13392 xy=-142;-163 want=63 str=2.15 l=2.00 r=0.96 tick=515602 goal=0 here=0 d11=0.64 B=1.83,0.60,0.36,0.35,0.33,0.37,0.46,1.23,1.12,0.27,0.17,0.15,0.18,0.22,0.24,0.56
t=56 field hdg=274.9 enc=7880;13395 xy=-141;-165 want=75 str=2.31 l=2.00 r=0.80 tick=515622 goal=0 here=0 d11=0.66 B=1.83,0.60,0.35,0.34,0.34,0.38,0.61,1.22,1.12,0.26,0.17,0.15,0.20,0.23,0.25,0.57
t=57 field hdg=281.9 enc=7878;13396 xy=-142;-165 want=75 str=2.33 l=2.00 r=0.80 tick=515641 goal=0 here=0 d11=0.65 B=1.83,0.59,0.35,0.34,0.32,0.38,0.62,1.21,1.13,0.25,0.16,0.17,0.20,0.22,0.25,0.56
t=57 field hdg=277.0 enc=7880;13398 xy=-141;-167 want=74 str=2.31 l=2.00 r=0.81 tick=515660 goal=0 here=0 d11=0.66 B=1.83,0.61,0.35,0.35,0.34,0.37,0.59,1.21,1.12,0.27,0.16,0.15,0.20,0.23,0.25,0.57
t=57 field hdg=278.5 enc=7879;13400 xy=-141;-167 want=76 str=2.34 l=2.00 r=0.79 tick=515679 goal=0 here=0 d11=0.65 B=1.82,0.60,0.36,0.36,0.34,0.38,0.62,1.21,1.13,0.26,0.16,0.16,0.21,0.21,0.26,0.55
t=57 field hdg=279.5 enc=7880;13402 xy=-141;-169 want=73 str=2.37 l=2.00 r=0.83 tick=515705 goal=0 here=0 d11=0.65 B=1.83,0.60,0.36,0.34,0.34,0.37,0.61,1.19,1.07,0.26,0.16,0.15,0.21,0.22,0.25,0.56
t=58 field hdg=279.5 enc=7878;13405 xy=-141;-169 want=72 str=2.35 l=2.00 r=0.84 tick=515724 goal=0 here=0 d11=0.67 B=1.84,0.60,0.36,0.36,0.33,0.38,0.62,1.19,1.05,0.27,0.15,0.15,0.21,0.22,0.27,0.56
t=58 field hdg=282.1 enc=7879;13407 xy=-141;-171 want=68 str=2.30 l=2.00 r=0.89 tick=515743 goal=0 here=0 d11=0.67 B=1.84,0.59,0.35,0.35,0.33,0.40,0.63,1.20,1.05,0.25,0.17,0.16,0.21,0.22,0.28,0.66
t=58 field hdg=277.7 enc=7879;13409 xy=-140;-172 want=65 str=2.39 l=2.00 r=0.93 tick=515761 goal=0 here=0 d11=0.67 B=1.83,0.61,0.34,0.35,0.34,0.40,0.62,1.18,1.03,0.25,0.15,0.15,0.20,0.23,0.27,0.77
t=58 field hdg=276.5 enc=7878;13409 xy=-141;-171 want=65 str=2.38 l=2.00 r=0.93 tick=515780 goal=0 here=0 d11=0.68 B=1.84,0.58,0.35,0.36,0.33,0.38,0.62,1.19,1.02,0.25,0.16,0.15,0.22,0.21,0.28,0.77
t=58 field hdg=277.6 enc=7880;13411 xy=-140;-173 want=68 str=2.26 l=2.00 r=0.84 tick=515798 goal=0 here=0 d11=0.68 B=1.63,0.60,0.35,0.35,0.33,0.38,0.62,1.19,1.00,0.24,0.17,0.15,0.21,0.23,0.28,0.80
t=58 field hdg=278.0 enc=7880;13413 xy=-140;-174 want=63 str=2.32 l=2.00 r=0.88 tick=515817 goal=0 here=0 d11=0.67 B=1.60,0.57,0.35,0.36,0.33,0.39,0.63,1.21,0.74,0.26,0.15,0.16,0.21,0.23,0.29,0.78
t=59 field hdg=277.1 enc=7880;13415 xy=-140;-175 want=63 str=2.43 l=2.00 r=0.87 tick=515836 goal=0 here=0 d11=0.69 B=1.58,0.58,0.35,0.35,0.33,0.40,0.63,1.19,0.72,0.25,0.15,0.15,0.20,0.22,0.29,0.79
t=59 field hdg=279.8 enc=7878;13417 xy=-140;-175 want=62 str=2.32 l=2.00 r=0.88 tick=515856 goal=0 here=0 d11=0.66 B=1.57,0.58,0.34,0.34,0.33,0.40,0.63,1.20,0.71,0.25,0.15,0.16,0.22,0.23,0.29,0.80
t=59 field hdg=282.9 enc=7880;13421 xy=-139;-178 want=63 str=2.34 l=2.00 r=0.85 tick=515879 goal=0 here=0 d11=0.67 B=1.56,0.59,0.34,0.36,0.33,0.40,0.63,1.20,0.71,0.25,0.17,0.16,0.20,0.22,0.31,0.79
t=59 field hdg=280.7 enc=7878;13423 xy=-139;-178 want=61 str=2.34 l=2.00 r=0.88 tick=515900 goal=0 here=0 d11=0.66 B=1.56,0.57,0.35,0.35,0.33,0.41,0.62,1.20,0.69,0.24,0.16,0.16,0.21,0.23,0.34,0.81
t=59 field hdg=282.0 enc=7880;13423 xy=-139;-179 want=60 str=2.30 l=2.00 r=0.88 tick=515919 goal=0 here=0 d11=0.65 B=1.55,0.58,0.34,0.34,0.34,0.41,0.64,1.20,0.69,0.25,0.16,0.17,0.21,0.23,0.36,0.86
t=60 field hdg=284.4 enc=7879;13425 xy=-139;-180 want=58 str=2.35 l=2.00 r=0.90 tick=515937 goal=0 here=0 d11=0.67 B=1.54,0.57,0.34,0.36,0.32,0.42,0.65,1.20,0.66,0.24,0.16,0.16,0.22,0.23,0.36,0.90
t=60 field hdg=284.8 enc=7878;13427 xy=-139;-180 want=53 str=2.38 l=2.00 r=0.89 tick=515956 goal=0 here=0 d11=0.65 B=1.42,0.58,0.34,0.35,0.32,0.41,0.65,1.19,0.59,0.24,0.14,0.17,0.22,0.23,0.37,1.12
t=60 field hdg=284.1 enc=7878;13428 xy=-139;-180 want=66 str=1.95 l=2.00 r=0.67 tick=515975 goal=0 here=0 d11=0.65 B=1.35,0.54,0.34,0.36,0.32,0.41,0.65,1.20,0.58,0.24,0.15,0.16,0.20,0.22,0.39,1.13
t=60 field hdg=282.2 enc=7878;13430 xy=-139;-181 want=66 str=1.89 l=2.00 r=0.65 tick=515994 goal=0 here=0 d11=0.67 B=1.32,0.52,0.36,0.35,0.32,0.41,0.65,1.22,0.57,0.23,0.16,0.16,0.22,0.22,0.39,1.13
t=60 field hdg=282.8 enc=7878;13432 xy=-138;-182 want=67 str=1.87 l=2.00 r=0.62 tick=516013 goal=0 here=0 d11=0.65 B=1.29,0.53,0.34,0.35,0.32,0.41,0.65,1.21,0.55,0.24,0.16,0.17,0.21,0.22,0.40,1.14
t=61 field hdg=282.4 enc=7879;13436 xy=-138;-185 want=66 str=1.85 l=2.00 r=0.63 tick=516033 goal=0 here=0 d11=0.63 B=1.29,0.51,0.33,0.36,0.33,0.42,0.65,1.21,0.56,0.23,0.16,0.17,0.22,0.21,0.40,1.16
t=61 field hdg=284.6 enc=7879;13437 xy=-138;-185 want=67 str=1.81 l=2.00 r=0.60 tick=516057 goal=0 here=0 d11=0.63 B=1.26,0.52,0.34,0.34,0.33,0.42,0.66,1.19,0.55,0.24,0.16,0.18,0.21,0.22,0.40,1.16
t=61 field hdg=286.3 enc=7879;13440 xy=-137;-187 want=52 str=2.19 l=2.00 r=0.78 tick=516076 goal=0 here=0 d11=0.64 B=1.25,0.49,0.35,0.34,0.32,0.41,0.66,1.20,0.55,0.22,0.15,0.17,0.21,0.22,0.41,1.17
t=61 field hdg=284.9 enc=7879;13442 xy=-137;-188 want=52 str=2.19 l=2.00 r=0.78 tick=516096 goal=0 here=0 d11=0.64 B=1.25,0.50,0.35,0.34,0.33,0.42,0.66,1.19,0.54,0.23,0.15,0.16,0.22,0.22,0.42,1.16
t=61 field hdg=286.0 enc=7880;13444 xy=-137;-189 want=51 str=2.09 l=2.00 r=0.77 tick=516116 goal=0 here=0 d11=0.62 B=1.22,0.49,0.33,0.33,0.33,0.42,0.67,1.17,0.53,0.23,0.17,0.18,0.21,0.23,0.43,1.20
t=62 field hdg=287.0 enc=7880;13445 xy=-136;-190 want=64 str=1.88 l=2.00 r=0.60 tick=516135 goal=0 here=0 d11=0.64 B=1.21,0.48,0.33,0.34,0.34,0.42,0.65,1.18,0.55,0.22,0.15,0.16,0.22,0.22,0.42,1.21
t=62 field hdg=284.9 enc=7879;13447 xy=-136;-190 want=63 str=1.79 l=2.00 r=0.59 tick=516157 goal=0 here=0 d11=0.64 B=1.19,0.48,0.34,0.33,0.32,0.43,0.67,1.18,0.55,0.22,0.16,0.17,0.24,0.23,0.44,1.23
t=62 field hdg=287.7 enc=7879;13449 xy=-136;-191 want=47 str=2.06 l=1.90 r=0.64 tick=516176 goal=0 here=0 d11=0.65 B=0.96,0.47,0.35,0.34,0.33,0.42,0.70,1.16,0.52,0.22,0.17,0.17,0.22,0.22,0.45,1.58
t=62 field hdg=288.3 enc=7878;13449 xy=-136;-191 want=46 str=2.17 l=1.88 r=0.65 tick=516195 goal=0 here=0 d11=0.63 B=0.95,0.46,0.33,0.36,0.33,0.43,0.71,1.16,0.54,0.19,0.16,0.17,0.22,0.23,0.46,1.59
t=62 field hdg=284.9 enc=7879;13452 xy=-136;-193 want=47 str=2.12 l=1.88 r=0.64 tick=516215 goal=0 here=0 d11=0.64 B=0.94,0.45,0.34,0.34,0.34,0.42,0.73,1.16,0.52,0.21,0.15,0.18,0.22,0.23,0.48,1.59
t=63 field hdg=286.5 enc=7878;13451 xy=-136;-192 want=46 str=2.11 l=1.87 r=0.64 tick=516234 goal=0 here=0 d11=0.65 B=0.93,0.46,0.33,0.34,0.32,0.43,0.74,1.14,0.54,0.21,0.16,0.18,0.21,0.24,0.50,1.61
t=63 field hdg=286.4 enc=7878;13454 xy=-136;-193 want=47 str=2.12 l=1.88 r=0.62 tick=516253 goal=0 here=0 d11=0.64 B=0.93,0.45,0.34,0.33,0.32,0.41,0.76,1.14,0.53,0.21,0.16,0.18,0.22,0.23,0.50,1.63
t=63 field hdg=287.1 enc=7880;13453 xy=-135;-194 want=62 str=2.18 l=2.00 r=0.41 tick=516272 goal=0 here=0 d11=0.63 B=0.91,0.46,0.34,0.35,0.32,0.44,1.35,1.15,0.53,0.21,0.16,0.18,0.22,0.23,0.50,1.63
t=63 field hdg=287.9 enc=7879;13457 xy=-135;-195 want=58 str=2.20 l=2.00 r=0.47 tick=516291 goal=0 here=0 d11=0.64 B=0.92,0.45,0.34,0.34,0.33,0.42,1.37,1.12,0.53,0.22,0.16,0.18,0.22,0.23,0.50,1.81
t=63 field hdg=290.7 enc=7879;13458 xy=-135;-195 want=58 str=2.16 l=2.00 r=0.47 tick=516308 goal=0 here=0 d11=0.64 B=0.91,0.46,0.34,0.35,0.33,0.42,1.35,1.12,0.51,0.22,0.16,0.19,0.21,0.23,0.50,1.80
t=64 field hdg=285.7 enc=7879;13458 xy=-135;-195 want=59 str=2.24 l=2.00 r=0.43 tick=516327 goal=0 here=0 d11=0.64 B=0.89,0.44,0.34,0.35,0.33,0.43,1.36,1.12,0.51,0.21,0.17,0.17,0.21,0.22,0.50,1.81
t=64 field hdg=287.5 enc=7879;13461 xy=-134;-197 want=57 str=2.19 l=1.97 r=0.45 tick=516345 goal=0 here=0 d11=0.63 B=0.87,0.43,0.35,0.34,0.33,0.44,1.33,1.12,0.52,0.21,0.15,0.17,0.23,0.23,0.49,1.81
t=64 field hdg=290.0 enc=7880;13462 xy=-134;-198 want=59 str=2.16 l=1.95 r=0.38 tick=516364 goal=0 here=0 d11=0.62 B=0.81,0.44,0.34,0.34,0.33,0.42,1.32,1.13,0.43,0.20,0.17,0.17,0.22,0.24,0.51,1.79
t=64 field hdg=288.9 enc=7878;13462 xy=-134;-197 want=59 str=2.16 l=1.95 r=0.39 tick=516381 goal=0 here=0 d11=0.63 B=0.81,0.42,0.33,0.35,0.32,0.41,1.33,1.12,0.32,0.19,0.16,0.19,0.23,0.23,0.51,1.78
t=64 field hdg=289.5 enc=7879;13465 xy=-134;-199 want=60 str=2.17 l=1.97 r=0.36 tick=516399 goal=0 here=0 d11=0.66 B=0.81,0.41,0.34,0.34,0.32,0.43,1.30,1.14,0.33,0.20,0.16,0.18,0.22,0.22,0.50,1.78
t=64 field hdg=287.8 enc=7879;13466 xy=-133;-199 want=59 str=2.09 l=1.96 r=0.39 tick=516418 goal=0 here=0 d11=0.63 B=0.82,0.42,0.33,0.35,0.33,0.42,1.30,1.13,0.33,0.21,0.16,0.18,0.23,0.23,0.50,1.78
t=65 field hdg=289.7 enc=7879;13467 xy=-133;-200 want=60 str=2.16 l=1.97 r=0.37 tick=516437 goal=0 here=0 d11=0.63 B=0.81,0.43,0.33,0.34,0.32,0.42,1.31,1.13,0.34,0.21,0.15,0.19,0.21,0.23,0.50,1.78
t=65 field hdg=289.0 enc=7879;13466 xy=-133;-199 want=58 str=2.19 l=1.93 r=0.39 tick=516455 goal=0 here=0 d11=0.63 B=0.80,0.41,0.34,0.34,0.33,0.44,1.30,1.13,0.34,0.20,0.14,0.17,0.23,0.24,0.51,1.79
t=65 field hdg=289.3 enc=7878;13467 xy=-133;-199 want=58 str=2.17 l=1.93 r=0.39 tick=516474 goal=0 here=0 d11=0.63 B=0.80,0.42,0.33,0.34,0.33,0.42,1.28,1.13,0.32,0.19,0.16,0.18,0.22,0.24,0.51,1.77
t=65 field hdg=290.4 enc=7879;13469 xy=-133;-201 want=57 str=2.11 l=1.92 r=0.40 tick=516493 goal=0 here=0 d11=0.64 B=0.80,0.42,0.33,0.34,0.33,0.43,1.29,1.14,0.33,0.18,0.16,0.20,0.22,0.25,0.50,1.77
t=65 field hdg=286.5 enc=7878;13469 xy=-133;-200 want=60 str=2.19 l=1.96 r=0.37 tick=516512 goal=0 here=0 d11=0.64 B=0.81,0.42,0.33,0.34,0.33,0.42,1.28,1.13,0.31,0.21,0.15,0.18,0.22,0.21,0.52,1.77
t=66 field hdg=289.6 enc=7879;13469 xy=-133;-201 want=59 str=2.20 l=1.95 r=0.36 tick=516531 goal=0 here=0 d11=0.64 B=0.79,0.42,0.34,0.34,0.33,0.42,1.27,1.12,0.33,0.20,0.15,0.19,0.21,0.21,0.52,1.76
t=66 field hdg=289.6 enc=7880;13471 xy=-132;-202 want=59 str=2.16 l=1.94 r=0.38 tick=516552 goal=0 here=0 d11=0.64 B=0.80,0.42,0.31,0.34,0.33,0.43,1.27,1.13,0.32,0.20,0.15,0.18,0.21,0.23,0.51,1.76
t=66 field hdg=293.4 enc=7878;13473 xy=-132;-202 want=59 str=2.12 l=1.94 r=0.37 tick=516571 goal=0 here=0 d11=0.62 B=0.79,0.42,0.34,0.34,0.34,0.42,1.26,1.14,0.33,0.20,0.16,0.19,0.21,0.23,0.51,1.77
t=66 field hdg=290.8 enc=7880;13473 xy=-132;-203 want=59 str=2.07 l=1.93 r=0.37 tick=516590 goal=0 here=0 d11=0.63 B=0.78,0.41,0.35,0.35,0.34,0.44,1.25,1.14,0.32,0.20,0.17,0.20,0.21,0.24,0.52,1.76
t=66 field hdg=291.7 enc=7878;13474 xy=-132;-203 want=59 str=2.07 l=1.94 r=0.37 tick=516609 goal=0 here=0 d11=0.63 B=0.79,0.41,0.33,0.35,0.33,0.44,1.25,1.13,0.33,0.20,0.16,0.20,0.23,0.22,0.51,1.76
t=67 field hdg=292.6 enc=7878;13475 xy=-132;-203 want=57 str=2.13 l=1.92 r=0.39 tick=516630 goal=0 here=0 d11=0.61 B=0.80,0.40,0.33,0.34,0.32,0.44,1.25,1.13,0.33,0.20,0.15,0.19,0.22,0.23,0.52,1.78
t=67 field hdg=291.7 enc=7879;13476 xy=-132;-204 want=58 str=2.10 l=1.93 r=0.39 tick=516649 goal=0 here=0 d11=0.62 B=0.80,0.40,0.32,0.35,0.33,0.43,1.23,1.16,0.32,0.20,0.16,0.19,0.23,0.22,0.52,1.78
t=67 field hdg=285.9 enc=7879;13478 xy=-131;-205 want=57 str=2.17 l=1.91 r=0.39 tick=516672 goal=0 here=0 d11=0.64 B=0.79,0.39,0.33,0.34,0.35,0.43,1.23,1.15,0.33,0.18,0.16,0.19,0.21,0.23,0.52,1.79
t=67 STUCK mv=11 want=59
t=70 field hdg=277.5 enc=7915;13432 xy=-131;-205 want=63 str=2.00 l=2.00 r=0.96 tick=517004 goal=0 here=0 d11=0.62 B=1.82,0.57,0.34,0.34,0.33,0.36,0.45,1.23,1.15,0.26,0.18,0.16,0.21,0.21,0.26,0.55
t=71 field hdg=276.9 enc=7914;13435 xy=-131;-206 want=62 str=1.91 l=2.00 r=0.97 tick=517023 goal=0 here=0 d11=0.63 B=1.82,0.58,0.35,0.35,0.32,0.37,0.47,1.22,1.15,0.28,0.17,0.16,0.22,0.22,0.26,0.56
t=71 field hdg=281.5 enc=7913;13435 xy=-131;-206 want=61 str=1.93 l=2.00 r=0.99 tick=517042 goal=0 here=0 d11=0.62 B=1.79,0.59,0.35,0.33,0.32,0.35,0.47,1.23,1.16,0.27,0.17,0.17,0.21,0.22,0.28,0.56
t=71 field hdg=279.8 enc=7915;13436 xy=-131;-207 want=60 str=2.02 l=2.00 r=1.00 tick=517063 goal=0 here=0 d11=0.63 B=1.82,0.58,0.35,0.34,0.32,0.36,0.48,1.21,1.15,0.27,0.17,0.16,0.21,0.21,0.27,0.57
t=71 field hdg=278.2 enc=7915;13438 xy=-131;-208 want=52 str=2.00 l=2.00 r=1.11 tick=517082 goal=0 here=0 d11=0.62 B=1.81,0.58,0.34,0.35,0.32,0.35,0.48,1.22,1.09,0.27,0.17,0.17,0.21,0.22,0.29,0.76
t=71 field hdg=276.8 enc=7916;13441 xy=-131;-210 want=67 str=2.22 l=2.00 r=0.90 tick=517100 goal=0 here=0 d11=0.63 B=1.82,0.58,0.33,0.33,0.33,0.37,0.64,1.21,1.08,0.26,0.17,0.16,0.23,0.21,0.29,0.76
t=71 field hdg=280.4 enc=7915;13444 xy=-131;-211 want=66 str=2.12 l=2.00 r=0.93 tick=517120 goal=0 here=0 d11=0.63 B=1.83,0.57,0.34,0.34,0.33,0.37,0.62,1.21,1.06,0.26,0.17,0.18,0.22,0.22,0.31,0.76
t=72 field hdg=277.4 enc=7916;13445 xy=-130;-212 want=66 str=2.16 l=2.00 r=0.92 tick=517138 goal=0 here=0 d11=0.64 B=1.82,0.58,0.35,0.34,0.33,0.37,0.62,1.20,1.06,0.27,0.17,0.17,0.21,0.22,0.30,0.77
t=72 field hdg=278.4 enc=7916;13447 xy=-130;-213 want=66 str=2.26 l=2.00 r=0.93 tick=517157 goal=0 here=0 d11=0.64 B=1.80,0.57,0.32,0.34,0.34,0.38,0.64,1.21,1.03,0.26,0.17,0.16,0.20,0.22,0.33,0.79
t=72 field hdg=278.1 enc=7914;13450 xy=-130;-214 want=67 str=2.18 l=2.00 r=0.82 tick=517184 goal=0 here=0 d11=0.63 B=1.60,0.58,0.34,0.35,0.34,0.37,0.63,1.20,0.90,0.26,0.17,0.17,0.22,0.21,0.35,0.78
t=72 field hdg=283.1 enc=7914;13453 xy=-130;-215 want=64 str=2.23 l=2.00 r=0.84 tick=517206 goal=0 here=0 d11=0.65 B=1.56,0.58,0.33,0.35,0.32,0.38,0.65,1.21,0.75,0.24,0.17,0.18,0.22,0.21,0.35,0.80
t=73 field hdg=279.7 enc=7915;13453 xy=-130;-216 want=65 str=2.22 l=2.00 r=0.83 tick=517225 goal=0 here=0 d11=0.63 B=1.56,0.57,0.35,0.34,0.32,0.38,0.64,1.23,0.73,0.26,0.17,0.17,0.21,0.22,0.36,0.79
t=73 field hdg=280.6 enc=7916;13456 xy=-129;-218 want=63 str=2.26 l=2.00 r=0.84 tick=517246 goal=0 here=0 d11=0.65 B=1.55,0.57,0.33,0.34,0.33,0.38,0.66,1.22,0.73,0.26,0.15,0.17,0.22,0.23,0.36,0.80
t=73 field hdg=282.2 enc=7914;13456 xy=-130;-217 want=63 str=2.21 l=2.00 r=0.84 tick=517265 goal=0 here=0 d11=0.65 B=1.55,0.56,0.33,0.35,0.32,0.40,0.63,1.22,0.71,0.25,0.17,0.18,0.21,0.22,0.37,0.83
t=73 field hdg=284.6 enc=7914;13460 xy=-129;-219 want=61 str=2.29 l=2.00 r=0.86 tick=517284 goal=0 here=0 d11=0.64 B=1.53,0.58,0.34,0.33,0.33,0.38,0.64,1.21,0.70,0.24,0.16,0.18,0.21,0.21,0.38,0.90
t=73 field hdg=283.3 enc=7916;13460 xy=-129;-220 want=57 str=2.36 l=2.00 r=0.92 tick=517305 goal=0 here=0 d11=0.65 B=1.53,0.57,0.35,0.34,0.32,0.40,0.64,1.22,0.69,0.25,0.16,0.17,0.21,0.20,0.39,1.10
t=74 field hdg=283.4 enc=7916;13463 xy=-129;-221 want=57 str=2.25 l=2.00 r=0.83 tick=517324 goal=0 here=0 d11=0.63 B=1.42,0.55,0.33,0.35,0.34,0.39,0.65,1.23,0.62,0.24,0.17,0.18,0.21,0.22,0.39,1.10
t=74 field hdg=282.3 enc=7916;13466 xy=-128;-223 want=56 str=2.17 l=2.00 r=0.79 tick=517343 goal=0 here=0 d11=0.64 B=1.34,0.56,0.33,0.34,0.31,0.42,0.64,1.22,0.59,0.24,0.17,0.19,0.21,0.23,0.40,1.11
t=74 field hdg=279.5 enc=7915;13468 xy=-128;-223 want=59 str=2.19 l=2.00 r=0.71 tick=517362 goal=0 here=0 d11=0.64 B=1.29,0.55,0.34,0.34,0.34,0.41,0.66,1.21,0.58,0.25,0.17,0.18,0.21,0.22,0.39,1.12
t=74 field hdg=284.7 enc=7914;13468 xy=-128;-223 want=68 str=1.78 l=2.00 r=0.59 tick=517381 goal=0 here=0 d11=0.63 B=1.28,0.55,0.32,0.35,0.34,0.41,0.65,1.23,0.58,0.23,0.17,0.18,0.23,0.21,0.42,1.12
t=74 field hdg=284.5 enc=7914;13472 xy=-128;-225 want=69 str=1.79 l=2.00 r=0.57 tick=517400 goal=0 here=0 d11=0.64 B=1.28,0.51,0.34,0.35,0.33,0.40,0.64,1.23,0.58,0.25,0.16,0.18,0.22,0.21,0.41,1.14
t=74 field hdg=286.0 enc=7916;13473 xy=-127;-226 want=68 str=1.73 l=2.00 r=0.55 tick=517419 goal=0 here=0 d11=0.63 B=1.24,0.51,0.33,0.35,0.34,0.42,0.66,1.22,0.57,0.24,0.16,0.18,0.23,0.22,0.41,1.15
t=75 field hdg=282.3 enc=7916;13474 xy=-127;-226 want=66 str=1.67 l=2.00 r=0.58 tick=517438 goal=0 here=0 d11=0.63 B=1.24,0.49,0.33,0.33,0.34,0.41,0.65,1.21,0.56,0.23,0.17,0.19,0.23,0.23,0.41,1.17
t=75 field hdg=286.0 enc=7914;13476 xy=-127;-226 want=68 str=1.76 l=2.00 r=0.55 tick=517456 goal=0 here=0 d11=0.63 B=1.23,0.51,0.33,0.34,0.33,0.41,0.67,1.22,0.56,0.22,0.17,0.19,0.21,0.22,0.44,1.17
t=75 field hdg=284.2 enc=7915;13479 xy=-127;-228 want=68 str=1.76 l=2.00 r=0.55 tick=517475 goal=0 here=0 d11=0.64 B=1.21,0.49,0.34,0.35,0.32,0.43,0.67,1.21,0.58,0.22,0.18,0.17,0.22,0.23,0.43,1.19
t=75 field hdg=284.8 enc=7915;13480 xy=-127;-229 want=67 str=1.76 l=2.00 r=0.56 tick=517499 goal=0 here=0 d11=0.63 B=1.21,0.49,0.34,0.35,0.32,0.42,0.67,1.21,0.56,0.23,0.16,0.18,0.23,0.23,0.46,1.19
t=75 field hdg=285.5 enc=7915;13482 xy=-126;-230 want=52 str=2.07 l=2.00 r=0.75 tick=517519 goal=0 here=0 d11=0.64 B=1.19,0.48,0.33,0.34,0.33,0.43,0.66,1.21,0.55,0.22,0.17,0.18,0.22,0.22,0.49,1.23
t=76 field hdg=287.8 enc=7914;13484 xy=-126;-230 want=56 str=1.74 l=2.00 r=0.66 tick=517537 goal=0 here=0 d11=0.64 B=1.16,0.47,0.33,0.34,0.33,0.42,0.68,1.19,0.55,0.23,0.18,0.19,0.21,0.22,0.49,1.56
t=76 field hdg=284.6 enc=7916;13486 xy=-126;-232 want=46 str=1.98 l=1.88 r=0.64 tick=517556 goal=0 here=0 d11=0.62 B=0.94,0.48,0.33,0.34,0.34,0.42,0.69,1.19,0.55,0.23,0.17,0.19,0.22,0.23,0.48,1.59
t=76 field hdg=286.4 enc=7915;13488 xy=-126;-233 want=62 str=1.60 l=2.00 r=0.43 tick=517575 goal=0 here=0 d11=0.64 B=0.94,0.47,0.35,0.34,0.32,0.42,0.68,1.18,0.55,0.24,0.18,0.20,0.21,0.23,0.48,1.60
t=76 field hdg=287.3 enc=7914;13490 xy=-125;-233 want=60 str=1.60 l=2.00 r=0.44 tick=517594 goal=0 here=0 d11=0.63 B=0.92,0.44,0.33,0.33,0.32,0.43,0.68,1.17,0.55,0.22,0.18,0.20,0.22,0.23,0.50,1.61
t=76 field hdg=288.0 enc=7915;13492 xy=-125;-235 want=42 str=2.12 l=1.80 r=0.68 tick=517613 goal=0 here=0 d11=0.64 B=0.91,0.45,0.32,0.34,0.33,0.42,0.70,1.16,0.55,0.22,0.16,0.19,0.22,0.22,0.50,1.80
t=77 field hdg=288.7 enc=7916;13493 xy=-125;-236 want=42 str=2.02 l=1.79 r=0.67 tick=517632 goal=0 here=0 d11=0.64 B=0.90,0.45,0.33,0.34,0.33,0.43,0.71,1.15,0.55,0.22,0.18,0.20,0.22,0.23,0.50,1.79
t=77 field hdg=284.0 enc=7914;13493 xy=-125;-235 want=55 str=1.74 l=1.95 r=0.49 tick=517651 goal=0 here=0 d11=0.64 B=0.88,0.46,0.31,0.34,0.34,0.43,0.74,1.13,0.55,0.20,0.17,0.20,0.22,0.22,0.49,1.80
t=77 field hdg=285.2 enc=7914;13493 xy=-125;-235 want=43 str=2.04 l=1.79 r=0.63 tick=517670 goal=0 here=0 d11=0.64 B=0.88,0.44,0.32,0.34,0.34,0.43,0.76,1.14,0.54,0.21,0.17,0.20,0.21,0.22,0.49,1.79
t=77 field hdg=285.0 enc=7914;13496 xy=-125;-236 want=43 str=1.98 l=1.78 r=0.63 tick=517689 goal=0 here=0 d11=0.63 B=0.87,0.44,0.33,0.34,0.32,0.43,0.78,1.15,0.53,0.22,0.17,0.20,0.23,0.23,0.50,1.79
t=77 field hdg=285.8 enc=7915;13497 xy=-124;-237 want=60 str=2.09 l=2.00 r=0.41 tick=517709 goal=0 here=0 d11=0.64 B=0.87,0.45,0.32,0.34,0.33,0.44,1.39,1.13,0.54,0.21,0.16,0.21,0.21,0.23,0.48,1.78
t=78 field hdg=288.3 enc=7916;13496 xy=-124;-237 want=60 str=2.08 l=2.00 r=0.40 tick=517728 goal=0 here=0 d11=0.65 B=0.86,0.44,0.33,0.34,0.33,0.43,1.37,1.15,0.44,0.20,0.17,0.22,0.22,0.22,0.50,1.76
t=78 field hdg=288.8 enc=7914;13498 xy=-124;-237 want=62 str=1.96 l=1.99 r=0.35 tick=517747 goal=0 here=0 d11=0.64 B=0.81,0.43,0.33,0.32,0.33,0.43,1.36,1.15,0.37,0.21,0.19,0.22,0.22,0.24,0.48,1.77
t=78 field hdg=293.4 enc=7915;13499 xy=-124;-238 want=63 str=2.08 l=1.99 r=0.32 tick=517766 goal=0 here=0 d11=0.65 B=0.79,0.42,0.33,0.35,0.34,0.43,1.35,1.16,0.34,0.21,0.16,0.21,0.20,0.23,0.49,1.76
t=78 field hdg=290.1 enc=7915;13500 xy=-124;-238 want=62 str=2.16 l=1.99 r=0.32 tick=517787 goal=0 here=0 d11=0.65 B=0.79,0.44,0.33,0.33,0.33,0.43,1.36,1.14,0.35,0.20,0.16,0.20,0.21,0.21,0.51,1.76
t=78 field hdg=290.6 enc=7915;13501 xy=-123;-239 want=63 str=2.09 l=2.00 r=0.33 tick=517805 goal=0 here=0 d11=0.63 B=0.81,0.42,0.32,0.34,0.33,0.45,1.34,1.15,0.34,0.21,0.17,0.21,0.21,0.22,0.50,1.76
t=79 field hdg=290.6 enc=7915;13504 xy=-123;-240 want=63 str=2.02 l=1.99 r=0.31 tick=517823 goal=0 here=0 d11=0.63 B=0.78,0.43,0.32,0.33,0.32,0.43,1.33,1.14,0.34,0.21,0.18,0.20,0.22,0.22,0.51,1.75
t=79 field hdg=291.2 enc=7915;13504 xy=-123;-240 want=62 str=2.03 l=1.99 r=0.32 tick=517842 goal=0 here=0 d11=0.63 B=0.79,0.42,0.33,0.34,0.32,0.44,1.32,1.15,0.35,0.21,0.18,0.21,0.21,0.22,0.51,1.76
t=79 field hdg=290.1 enc=7915;13506 xy=-123;-241 want=60 str=2.03 l=1.95 r=0.36 tick=517861 goal=0 here=0 d11=0.63 B=0.79,0.41,0.33,0.34,0.32,0.43,1.31,1.14,0.34,0.20,0.18,0.20,0.22,0.24,0.50,1.76
t=79 field hdg=290.1 enc=7914;13506 xy=-123;-241 want=60 str=2.04 l=1.96 r=0.36 tick=517880 goal=0 here=0 d11=0.62 B=0.80,0.41,0.33,0.34,0.33,0.43,1.31,1.14,0.34,0.20,0.16,0.21,0.23,0.23,0.49,1.74
t=79 field hdg=289.9 enc=7915;13508 xy=-122;-242 want=60 str=2.00 l=1.95 r=0.34 tick=517899 goal=0 here=0 d11=0.63 B=0.78,0.41,0.32,0.35,0.34,0.44,1.28,1.15,0.35,0.21,0.17,0.20,0.22,0.24,0.51,1.75
t=79 field hdg=291.5 enc=7915;13508 xy=-122;-242 want=59 str=2.00 l=1.95 r=0.36 tick=517917 goal=0 here=0 d11=0.65 B=0.79,0.41,0.34,0.34,0.34,0.42,1.29,1.13,0.34,0.19,0.18,0.22,0.21,0.24,0.49,1.75
t=80 field hdg=290.0 enc=7915;13509 xy=-122;-243 want=63 str=2.04 l=1.99 r=0.32 tick=517940 goal=0 here=0 d11=0.64 B=0.79,0.42,0.33,0.34,0.32,0.44,1.29,1.17,0.35,0.21,0.18,0.21,0.21,0.21,0.52,1.75
t=80 field hdg=293.5 enc=7915;13511 xy=-122;-244 want=60 str=2.07 l=1.94 r=0.34 tick=517960 goal=0 here=0 d11=0.65 B=0.78,0.40,0.31,0.33,0.33,0.45,1.29,1.14,0.33,0.20,0.17,0.20,0.22,0.23,0.51,1.76
t=80 field hdg=293.2 enc=7915;13511 xy=-122;-244 want=61 str=2.01 l=1.95 r=0.31 tick=517979 goal=0 here=0 d11=0.63 B=0.76,0.40,0.32,0.34,0.33,0.44,1.28,1.16,0.33,0.21,0.17,0.21,0.22,0.22,0.51,1.76
t=80 field hdg=287.0 enc=7916;13513 xy=-121;-245 want=61 str=2.01 l=1.95 r=0.33 tick=518000 goal=0 here=0 d11=0.63 B=0.77,0.41,0.32,0.33,0.34,0.44,1.27,1.16,0.34,0.21,0.18,0.21,0.22,0.22,0.51,1.78
t=80 field hdg=293.3 enc=7916;13512 xy=-121;-245 want=62 str=1.96 l=1.96 r=0.31 tick=518019 goal=0 here=0 d11=0.65 B=0.77,0.41,0.32,0.33,0.34,0.44,1.26,1.17,0.32,0.20,0.19,0.22,0.22,0.21,0.52,1.76
t=81 field hdg=293.5 enc=7916;13513 xy=-121;-245 want=60 str=2.02 l=1.94 r=0.35 tick=518039 goal=0 here=0 d11=0.65 B=0.78,0.40,0.32,0.34,0.33,0.44,1.27,1.16,0.32,0.19,0.18,0.21,0.22,0.23,0.52,1.75
t=81 field hdg=294.8 enc=7915;13516 xy=-121;-246 want=59 str=1.96 l=1.93 r=0.36 tick=518058 goal=0 here=0 d11=0.64 B=0.78,0.37,0.32,0.34,0.32,0.44,1.26,1.17,0.33,0.19,0.18,0.22,0.22,0.24,0.51,1.75
t=81 field hdg=297.2 enc=7914;13515 xy=-121;-245 want=60 str=1.96 l=1.92 r=0.34 tick=518077 goal=0 here=0 d11=0.65 B=0.76,0.39,0.32,0.34,0.33,0.45,1.24,1.16,0.32,0.20,0.18,0.20,0.23,0.24,0.51,1.76
t=81 field hdg=292.8 enc=7916;13518 xy=-120;-247 want=60 str=1.91 l=1.93 r=0.33 tick=518097 goal=0 here=0 d11=0.63 B=0.76,0.39,0.32,0.33,0.34,0.43,1.25,1.17,0.32,0.21,0.17,0.23,0.22,0.24,0.52,1.77
t=81 field hdg=292.7 enc=7914;13518 xy=-121;-246 want=61 str=2.03 l=1.95 r=0.33 tick=518115 goal=0 here=0 d11=0.64 B=0.77,0.39,0.33,0.33,0.34,0.45,1.26,1.16,0.33,0.20,0.17,0.21,0.20,0.23,0.51,1.76
t=82 field hdg=293.6 enc=7915;13519 xy=-120;-247 want=59 str=1.97 l=1.92 r=0.34 tick=518134 goal=0 here=0 d11=0.64 B=0.76,0.38,0.32,0.33,0.33,0.44,1.25,1.17,0.32,0.20,0.18,0.21,0.22,0.24,0.50,1.77
t=82 field hdg=293.5 enc=7916;13520 xy=-120;-248 want=60 str=1.99 l=1.92 r=0.32 tick=518154 goal=0 here=0 d11=0.65 B=0.75,0.38,0.33,0.34,0.33,0.44,1.24,1.18,0.32,0.19,0.17,0.22,0.22,0.23,0.51,1.78
t=82 field hdg=295.4 enc=7915;13520 xy=-120;-248 want=60 str=1.94 l=1.92 r=0.33 tick=518175 goal=0 here=0 d11=0.64 B=0.75,0.37,0.32,0.33,0.34,0.44,1.24,1.19,0.32,0.21,0.17,0.21,0.22,0.24,0.50,1.80
t=82 field hdg=290.9 enc=7914;13522 xy=-120;-248 want=62 str=1.93 l=1.91 r=0.26 tick=518197 goal=0 here=0 d11=0.66 B=0.69,0.39,0.31,0.34,0.32,0.44,1.27,1.17,0.32,0.19,0.19,0.22,0.21,0.23,0.52,1.79
t=82 field hdg=289.2 enc=7914;13521 xy=-120;-248 want=63 str=1.84 l=1.86 r=0.18 tick=518215 goal=0 here=0 d11=0.64 B=0.60,0.39,0.31,0.33,0.33,0.45,1.25,1.18,0.30,0.19,0.19,0.22,0.22,0.24,0.52,1.79
t=83 field hdg=292.9 enc=7914;13524 xy=-120;-249 want=63 str=1.91 l=1.86 r=0.18 tick=518238 goal=0 here=0 d11=0.64 B=0.60,0.38,0.31,0.33,0.34,0.44,1.26,1.19,0.30,0.19,0.18,0.21,0.22,0.24,0.52,1.80
t=83 field hdg=294.4 enc=7915;13524 xy=-119;-250 want=63 str=1.86 l=1.84 r=0.16 tick=518257 goal=0 here=0 d11=0.63 B=0.58,0.38,0.32,0.33,0.33,0.44,1.25,1.20,0.31,0.20,0.18,0.21,0.22,0.25,0.52,1.81
t=83 STUCK mv=9 want=64
t=86 field hdg=280.4 enc=7952;13478 xy=-119;-250 want=61 str=1.45 l=2.00 r=0.99 tick=518586 goal=0 here=0 d11=0.64 B=1.82,0.55,0.34,0.33,0.33,0.35,0.48,1.23,1.07,0.27,0.18,0.18,0.23,0.21,0.36,0.77
t=86 field hdg=282.2 enc=7952;13480 xy=-119;-251 want=49 str=1.85 l=2.00 r=1.15 tick=518605 goal=0 here=0 d11=0.62 B=1.81,0.56,0.33,0.33,0.32,0.36,0.48,1.22,1.05,0.28,0.17,0.20,0.23,0.23,0.35,0.76
t=87 field hdg=281.3 enc=7952;13483 xy=-119;-252 want=56 str=1.71 l=2.00 r=0.96 tick=518626 goal=0 here=0 d11=0.64 B=1.57,0.57,0.32,0.33,0.33,0.37,0.49,1.22,1.05,0.28,0.18,0.18,0.23,0.22,0.37,0.78
t=87 field hdg=281.8 enc=7952;13484 xy=-119;-253 want=56 str=1.84 l=2.00 r=0.95 tick=518645 goal=0 here=0 d11=0.64 B=1.57,0.56,0.33,0.33,0.34,0.36,0.49,1.23,1.04,0.27,0.17,0.19,0.21,0.21,0.36,0.77
t=87 field hdg=279.5 enc=7953;13487 xy=-118;-255 want=50 str=1.96 l=2.00 r=1.02 tick=518664 goal=0 here=0 d11=0.63 B=1.55,0.56,0.34,0.33,0.33,0.36,0.48,1.22,0.79,0.27,0.17,0.18,0.22,0.22,0.38,0.77
t=87 field hdg=279.4 enc=7952;13488 xy=-118;-255 want=80 str=1.78 l=2.00 r=0.60 tick=518682 goal=0 here=0 d11=0.63 B=1.53,0.55,0.31,0.33,0.33,0.36,0.66,1.22,0.76,0.26,0.18,0.19,0.20,0.22,0.38,0.78
t=87 field hdg=278.1 enc=7952;13490 xy=-118;-256 want=67 str=2.14 l=2.00 r=0.78 tick=518701 goal=0 here=0 d11=0.65 B=1.52,0.55,0.33,0.33,0.33,0.37,0.65,1.23,0.76,0.26,0.16,0.19,0.23,0.21,0.37,0.79
t=88 field hdg=278.4 enc=7953;13494 xy=-118;-258 want=66 str=2.13 l=2.00 r=0.79 tick=518725 goal=0 here=0 d11=0.63 B=1.53,0.55,0.31,0.33,0.33,0.36,0.64,1.23,0.74,0.26,0.17,0.19,0.22,0.22,0.39,0.82
t=88 field hdg=280.1 enc=7953;13494 xy=-118;-258 want=63 str=2.08 l=2.00 r=0.83 tick=518751 goal=0 here=0 d11=0.66 B=1.52,0.55,0.33,0.34,0.34,0.37,0.66,1.22,0.72,0.26,0.18,0.20,0.22,0.22,0.39,0.88
t=88 field hdg=287.0 enc=7953;13497 xy=-117;-260 want=69 str=1.70 l=2.00 r=0.74 tick=518775 goal=0 here=0 d11=0.64 B=1.51,0.55,0.33,0.32,0.34,0.38,0.66,1.24,0.71,0.25,0.17,0.20,0.23,0.21,0.40,1.09
t=88 field hdg=283.9 enc=7952;13501 xy=-117;-261 want=71 str=1.67 l=2.00 r=0.66 tick=518794 goal=0 here=0 d11=0.65 B=1.44,0.54,0.32,0.34,0.34,0.38,0.65,1.24,0.71,0.25,0.18,0.19,0.22,0.22,0.41,1.09
t=88 field hdg=283.4 enc=7954;13501 xy=-117;-262 want=59 str=2.07 l=2.00 r=0.78 tick=518813 goal=0 here=0 d11=0.63 B=1.38,0.56,0.31,0.32,0.32,0.38,0.66,1.23,0.63,0.26,0.18,0.20,0.22,0.21,0.41,1.12
t=89 field hdg=281.9 enc=7954;13504 xy=-116;-264 want=72 str=1.67 l=2.00 r=0.54 tick=518832 goal=0 here=0 d11=0.64 B=1.29,0.54,0.32,0.33,0.33,0.39,0.67,1.24,0.61,0.25,0.18,0.20,0.22,0.22,0.42,1.11
t=89 field hdg=288.1 enc=7953;13504 xy=-116;-263 want=70 str=1.69 l=2.00 r=0.57 tick=518851 goal=0 here=0 d11=0.65 B=1.29,0.53,0.34,0.33,0.33,0.39,0.65,1.24,0.60,0.24,0.18,0.20,0.21,0.23,0.41,1.11
t=89 field hdg=283.4 enc=7954;13508 xy=-116;-266 want=71 str=1.62 l=2.00 r=0.53 tick=518870 goal=0 here=0 d11=0.63 B=1.25,0.54,0.32,0.33,0.32,0.38,0.65,1.24,0.59,0.25,0.18,0.20,0.22,0.23,0.43,1.13
t=89 field hdg=282.4 enc=7954;13509 xy=-116;-266 want=72 str=1.68 l=2.00 r=0.52 tick=518888 goal=0 here=0 d11=0.64 B=1.25,0.53,0.32,0.33,0.33,0.40,0.66,1.24,0.60,0.24,0.19,0.20,0.20,0.22,0.44,1.14
t=89 field hdg=284.7 enc=7953;13510 xy=-116;-266 want=72 str=1.61 l=2.00 r=0.50 tick=518908 goal=0 here=0 d11=0.66 B=1.23,0.53,0.32,0.33,0.33,0.39,0.67,1.24,0.58,0.23,0.20,0.21,0.22,0.22,0.47,1.15
t=90 field hdg=285.4 enc=7954;13513 xy=-115;-268 want=70 str=1.72 l=2.00 r=0.51 tick=518927 goal=0 here=0 d11=0.65 B=1.21,0.50,0.33,0.33,0.33,0.40,0.68,1.25,0.58,0.23,0.17,0.20,0.21,0.22,0.48,1.16
t=90 field hdg=288.1 enc=7953;13515 xy=-115;-269 want=72 str=1.64 l=2.00 r=0.48 tick=518948 goal=0 here=0 d11=0.63 B=1.20,0.49,0.32,0.33,0.34,0.41,0.68,1.23,0.59,0.24,0.18,0.19,0.23,0.22,0.47,1.17
t=90 field hdg=283.6 enc=7952;13516 xy=-115;-269 want=71 str=1.60 l=2.00 r=0.47 tick=518969 goal=0 here=0 d11=0.65 B=1.18,0.48,0.32,0.32,0.33,0.41,0.67,1.23,0.59,0.24,0.17,0.22,0.21,0.23,0.48,1.18
t=90 field hdg=287.4 enc=7953;13520 xy=-114;-271 want=64 str=1.69 l=2.00 r=0.58 tick=518988 goal=0 here=0 d11=0.64 B=1.19,0.48,0.33,0.32,0.33,0.41,0.67,1.22,0.56,0.24,0.18,0.20,0.20,0.22,0.47,1.38
t=90 field hdg=283.6 enc=7953;13520 xy=-114;-271 want=59 str=1.62 l=2.00 r=0.62 tick=519007 goal=0 here=0 d11=0.64 B=1.15,0.47,0.32,0.34,0.32,0.41,0.68,1.22,0.57,0.23,0.20,0.21,0.22,0.21,0.48,1.56
t=91 field hdg=287.5 enc=7952;13522 xy=-114;-271 want=61 str=1.44 l=2.00 r=0.45 tick=519025 goal=0 here=0 d11=0.65 B=0.96,0.47,0.32,0.34,0.33,0.42,0.67,1.20,0.56,0.23,0.19,0.22,0.24,0.23,0.48,1.56
t=91 field hdg=288.6 enc=7952;13525 xy=-114;-273 want=62 str=1.48 l=2.00 r=0.43 tick=519044 goal=0 here=0 d11=0.64 B=0.93,0.45,0.32,0.33,0.33,0.41,0.67,1.19,0.57,0.22,0.19,0.22,0.22,0.23,0.46,1.59
t=91 field hdg=285.8 enc=7953;13525 xy=-114;-273 want=55 str=1.62 l=1.97 r=0.50 tick=519063 goal=0 here=0 d11=0.64 B=0.91,0.46,0.33,0.33,0.33,0.42,0.67,1.18,0.55,0.22,0.18,0.20,0.21,0.22,0.48,1.78
t=91 field hdg=283.0 enc=7953;13527 xy=-113;-274 want=43 str=1.88 l=1.79 r=0.63 tick=519082 goal=0 here=0 d11=0.65 B=0.87,0.45,0.31,0.33,0.32,0.43,0.70,1.20,0.55,0.22,0.18,0.22,0.22,0.22,0.49,1.78
t=91 field hdg=285.9 enc=7954;13527 xy=-113;-275 want=43 str=1.90 l=1.79 r=0.65 tick=519100 goal=0 here=0 d11=0.65 B=0.89,0.44,0.31,0.33,0.34,0.42,0.69,1.19,0.54,0.23,0.18,0.23,0.22,0.22,0.49,1.78
t=91 field hdg=289.4 enc=7954;13528 xy=-113;-275 want=43 str=1.95 l=1.80 r=0.65 tick=519118 goal=0 here=0 d11=0.64 B=0.89,0.45,0.32,0.33,0.33,0.42,0.69,1.18,0.55,0.22,0.18,0.20,0.22,0.22,0.48,1.77
t=92 field hdg=287.4 enc=7954;13531 xy=-113;-277 want=57 str=1.55 l=1.97 r=0.44 tick=519137 goal=0 here=0 d11=0.64 B=0.87,0.43,0.32,0.33,0.34,0.41,0.68,1.18,0.56,0.23,0.18,0.22,0.22,0.22,0.48,1.77
t=92 field hdg=288.5 enc=7954;13530 xy=-113;-276 want=44 str=1.94 l=1.79 r=0.61 tick=519161 goal=0 here=0 d11=0.64 B=0.86,0.44,0.31,0.34,0.33,0.42,0.69,1.18,0.55,0.21,0.18,0.21,0.22,0.21,0.49,1.77
t=92 field hdg=292.1 enc=7953;13531 xy=-113;-276 want=57 str=1.52 l=1.95 r=0.43 tick=519181 goal=0 here=0 d11=0.65 B=0.84,0.43,0.32,0.33,0.32,0.40,0.70,1.16,0.56,0.21,0.19,0.22,0.21,0.22,0.49,1.77
t=92 field hdg=284.8 enc=7952;13532 xy=-113;-276 want=44 str=1.92 l=1.78 r=0.61 tick=519200 goal=0 here=0 d11=0.65 B=0.85,0.44,0.32,0.35,0.34,0.42,0.71,1.16,0.38,0.22,0.18,0.21,0.21,0.23,0.49,1.76
t=92 field hdg=287.4 enc=7952;13533 xy=-113;-277 want=44 str=1.89 l=1.77 r=0.61 tick=519219 goal=0 here=0 d11=0.63 B=0.84,0.43,0.31,0.32,0.33,0.43,0.72,1.15,0.39,0.22,0.18,0.22,0.22,0.22,0.49,1.75
t=93 field hdg=288.1 enc=7952;13535 xy=-112;-278 want=45 str=1.77 l=1.79 r=0.59 tick=519237 goal=0 here=0 d11=0.65 B=0.84,0.44,0.30,0.33,0.33,0.42,0.73,1.17,0.38,0.23,0.21,0.23,0.21,0.23,0.47,1.74
t=93 field hdg=289.0 enc=7952;13537 xy=-112;-279 want=45 str=1.87 l=1.79 r=0.60 tick=519256 goal=0 here=0 d11=0.66 B=0.85,0.43,0.32,0.33,0.34,0.43,0.76,1.17,0.36,0.22,0.18,0.22,0.21,0.24,0.49,1.75
t=93 field hdg=288.3 enc=7952;13536 xy=-112;-278 want=47 str=1.87 l=1.78 r=0.53 tick=519275 goal=0 here=0 d11=0.64 B=0.79,0.42,0.31,0.34,0.33,0.41,0.78,1.16,0.37,0.22,0.18,0.21,0.22,0.23,0.49,1.73
t=93 field hdg=288.8 enc=7952;13537 xy=-112;-279 want=64 str=1.95 l=2.00 r=0.30 tick=519294 goal=0 here=0 d11=0.64 B=0.79,0.42,0.31,0.34,0.33,0.43,1.39,1.16,0.36,0.21,0.19,0.22,0.23,0.22,0.50,1.75
t=93 field hdg=288.6 enc=7952;13538 xy=-112;-279 want=65 str=1.94 l=2.00 r=0.29 tick=519313 goal=0 here=0 d11=0.64 B=0.79,0.42,0.31,0.33,0.34,0.43,1.38,1.16,0.36,0.22,0.20,0.21,0.22,0.23,0.49,1.75
t=94 field hdg=286.8 enc=7954;13540 xy=-111;-281 want=66 str=1.92 l=2.00 r=0.27 tick=519332 goal=0 here=0 d11=0.63 B=0.78,0.42,0.32,0.33,0.32,0.42,1.36,1.16,0.37,0.22,0.20,0.23,0.22,0.21,0.50,1.73
t=94 field hdg=288.9 enc=7953;13542 xy=-111;-281 want=64 str=1.98 l=2.00 r=0.28 tick=519350 goal=0 here=0 d11=0.65 B=0.77,0.41,0.31,0.33,0.33,0.43,1.34,1.17,0.35,0.20,0.19,0.21,0.21,0.23,0.50,1.73
t=94 field hdg=288.8 enc=7953;13545 xy=-111;-283 want=64 str=1.92 l=1.99 r=0.29 tick=519369 goal=0 here=0 d11=0.64 B=0.77,0.41,0.32,0.34,0.33,0.44,1.33,1.18,0.36,0.21,0.19,0.20,0.22,0.24,0.51,1.73
t=94 field hdg=293.9 enc=7952;13546 xy=-111;-283 want=63 str=2.03 l=1.97 r=0.29 tick=519388 goal=0 here=0 d11=0.64 B=0.76,0.41,0.31,0.34,0.32,0.43,1.33,1.15,0.36,0.19,0.18,0.21,0.21,0.23,0.49,1.72
t=94 field hdg=292.8 enc=7952;13546 xy=-111;-283 want=63 str=1.89 l=1.98 r=0.29 tick=519407 goal=0 here=0 d11=0.64 B=0.76,0.41,0.30,0.33,0.33,0.45,1.32,1.17,0.35,0.20,0.20,0.23,0.20,0.25,0.50,1.73
t=95 field hdg=291.4 enc=7953;13548 xy=-110;-284 want=62 str=1.95 l=1.96 r=0.30 tick=519428 goal=0 here=0 d11=0.64 B=0.76,0.41,0.31,0.33,0.33,0.44,1.31,1.16,0.34,0.20,0.18,0.22,0.22,0.24,0.50,1.74
t=95 field hdg=289.0 enc=7952;13549 xy=-110;-284 want=63 str=1.97 l=1.97 r=0.28 tick=519447 goal=0 here=0 d11=0.66 B=0.75,0.39,0.32,0.33,0.34,0.44,1.31,1.17,0.35,0.21,0.19,0.21,0.21,0.23,0.49,1.75
t=95 field hdg=289.0 enc=7952;13550 xy=-110;-285 want=62 str=1.90 l=1.96 r=0.31 tick=519466 goal=0 here=0 d11=0.66 B=0.76,0.39,0.31,0.34,0.32,0.45,1.31,1.17,0.35,0.21,0.20,0.21,0.21,0.26,0.49,1.74
t=95 field hdg=287.7 enc=7954;13550 xy=-110;-286 want=63 str=1.86 l=1.97 r=0.30 tick=519485 goal=0 here=0 d11=0.64 B=0.76,0.40,0.29,0.34,0.33,0.45,1.30,1.16,0.35,0.21,0.20,0.23,0.20,0.25,0.50,1.74
t=95 field hdg=291.7 enc=7954;13550 xy=-110;-286 want=63 str=1.88 l=1.97 r=0.28 tick=519503 goal=0 here=0 d11=0.64 B=0.75,0.39,0.30,0.33,0.33,0.45,1.30,1.16,0.34,0.21,0.19,0.22,0.20,0.25,0.49,1.73
t=95 field hdg=289.3 enc=7954;13552 xy=-109;-287 want=62 str=1.81 l=1.96 r=0.30 tick=519522 goal=0 here=0 d11=0.62 B=0.76,0.39,0.32,0.34,0.33,0.45,1.29,1.17,0.36,0.21,0.20,0.23,0.20,0.25,0.49,1.75
t=96 field hdg=288.6 enc=7952;13553 xy=-109;-286 want=62 str=1.88 l=1.95 r=0.30 tick=519541 goal=0 here=0 d11=0.64 B=0.75,0.38,0.32,0.33,0.33,0.43,1.29,1.19,0.33,0.21,0.19,0.22,0.21,0.25,0.50,1.74
t=96 field hdg=292.1 enc=7953;13554 xy=-109;-287 want=62 str=1.95 l=1.94 r=0.30 tick=519559 goal=0 here=0 d11=0.65 B=0.74,0.40,0.31,0.32,0.34,0.45,1.28,1.19,0.34,0.21,0.18,0.21,0.20,0.25,0.51,1.76
t=96 field hdg=291.0 enc=7952;13555 xy=-109;-287 want=62 str=1.89 l=1.94 r=0.29 tick=519581 goal=0 here=0 d11=0.64 B=0.74,0.38,0.30,0.32,0.34,0.45,1.28,1.18,0.34,0.21,0.18,0.21,0.22,0.24,0.49,1.76
t=96 field hdg=291.6 enc=7954;13556 xy=-109;-289 want=63 str=1.86 l=1.96 r=0.28 tick=519600 goal=0 here=0 d11=0.65 B=0.74,0.39,0.30,0.33,0.34,0.45,1.27,1.19,0.34,0.22,0.20,0.22,0.20,0.25,0.49,1.75
t=96 field hdg=294.7 enc=7954;13557 xy=-108;-289 want=62 str=1.89 l=1.94 r=0.29 tick=519619 goal=0 here=0 d11=0.63 B=0.74,0.39,0.31,0.33,0.33,0.44,1.27,1.19,0.33,0.21,0.18,0.23,0.21,0.24,0.52,1.77
t=97 field hdg=295.7 enc=7954;13558 xy=-108;-289 want=60 str=1.90 l=1.93 r=0.32 tick=519645 goal=0 here=0 d11=0.64 B=0.75,0.39,0.31,0.33,0.33,0.45,1.26,1.18,0.34,0.21,0.18,0.21,0.22,0.25,0.50,1.76
t=97 field hdg=290.0 enc=7953;13560 xy=-108;-290 want=59 str=1.89 l=1.90 r=0.32 tick=519664 goal=0 here=0 d11=0.63 B=0.73,0.38,0.31,0.33,0.34,0.45,1.26,1.19,0.33,0.20,0.18,0.22,0.22,0.26,0.49,1.78
t=97 field hdg=291.0 enc=7952;13560 xy=-108;-289 want=62 str=1.85 l=1.95 r=0.29 tick=519683 goal=0 here=0 d11=0.64 B=0.74,0.37,0.30,0.34,0.32,0.45,1.26,1.20,0.34,0.21,0.20,0.21,0.22,0.24,0.51,1.77
t=97 field hdg=295.5 enc=7954;13562 xy=-107;-291 want=64 str=1.85 l=1.87 r=0.16 tick=519703 goal=0 here=0 d11=0.64 B=0.59,0.38,0.30,0.33,0.34,0.46,1.27,1.20,0.32,0.20,0.19,0.22,0.21,0.25,0.50,1.79
t=97 field hdg=293.5 enc=7952;13561 xy=-108;-290 want=65 str=1.80 l=1.88 r=0.14 tick=519721 goal=0 here=0 d11=0.66 B=0.59,0.38,0.30,0.33,0.33,0.46,1.28,1.20,0.34,0.21,0.20,0.21,0.21,0.25,0.49,1.80
t=98 field hdg=290.4 enc=7952;13563 xy=-107;-291 want=64 str=1.71 l=1.85 r=0.14 tick=519740 goal=0 here=0 d11=0.65 B=0.57,0.37,0.32,0.33,0.34,0.47,1.28,1.20,0.34,0.21,0.20,0.22,0.22,0.27,0.50,1.80
t=98 field hdg=296.8 enc=7954;13563 xy=-107;-292 want=65 str=1.74 l=1.86 r=0.13 tick=519759 goal=0 here=0 d11=0.66 B=0.57,0.38,0.29,0.31,0.32,0.46,1.27,1.20,0.32,0.20,0.20,0.22,0.22,0.26,0.50,1.80
t=98 field hdg=298.7 enc=7954;13565 xy=-107;-293 want=63 str=1.74 l=1.84 r=0.15 tick=519778 goal=0 here=0 d11=0.66 B=0.56,0.37,0.31,0.34,0.34,0.45,1.26,1.20,0.32,0.21,0.20,0.21,0.20,0.28,0.50,1.80
t=98 field hdg=292.6 enc=7952;13565 xy=-107;-292 want=65 str=1.81 l=1.86 r=0.12 tick=519796 goal=0 here=0 d11=0.63 B=0.55,0.37,0.30,0.32,0.33,0.46,1.29,1.20,0.34,0.20,0.19,0.22,0.20,0.26,0.49,1.80
t=98 field hdg=295.0 enc=7954;13566 xy=-106;-293 want=84 str=1.56 l=2.00 r=-0.13 tick=519815 goal=0 here=0 d11=0.65 B=0.55,0.37,0.31,0.34,0.34,0.45,1.28,1.22,0.32,0.21,0.20,0.22,0.21,0.28,0.50,1.81
t=99 STUCK mv=11 want=63
t=102 field hdg=281.3 enc=7987;13521 xy=-106;-293 want=75 str=1.23 l=2.00 r=0.67 tick=520141 goal=0 here=0 d11=0.65 B=1.53,0.44,0.33,0.32,0.34,0.36,0.48,1.24,1.08,0.28,0.18,0.21,0.22,0.22,0.38,0.76
t=102 field hdg=275.9 enc=7987;13522 xy=-106;-293 want=73 str=1.18 l=2.00 r=0.69 tick=520159 goal=0 here=0 d11=0.64 B=1.52,0.54,0.33,0.32,0.34,0.36,0.47,1.24,1.05,0.28,0.20,0.20,0.22,0.22,0.39,0.80
t=102 field hdg=280.4 enc=7988;13525 xy=-106;-295 want=60 str=1.32 l=2.00 r=0.85 tick=520178 goal=0 here=0 d11=0.65 B=1.51,0.53,0.32,0.32,0.33,0.37,0.48,1.25,0.78,0.28,0.19,0.21,0.22,0.21,0.39,0.85
t=102 field hdg=282.0 enc=7988;13526 xy=-106;-296 want=58 str=1.32 l=2.00 r=0.89 tick=520197 goal=0 here=0 d11=0.64 B=1.52,0.54,0.32,0.32,0.34,0.36,0.49,1.24,0.76,0.27,0.19,0.22,0.22,0.21,0.39,0.86
t=102 field hdg=284.5 enc=7987;13528 xy=-105;-296 want=51 str=1.43 l=2.00 r=0.97 tick=520216 goal=0 here=0 d11=0.64 B=1.50,0.53,0.33,0.34,0.33,0.37,0.49,1.25,0.76,0.26,0.19,0.21,0.21,0.21,0.40,1.06
t=103 field hdg=282.7 enc=7988;13530 xy=-105;-298 want=48 str=1.42 l=2.00 r=1.00 tick=520235 goal=0 here=0 d11=0.64 B=1.49,0.54,0.32,0.32,0.33,0.36,0.50,1.25,0.74,0.27,0.18,0.20,0.22,0.23,0.39,1.07
t=103 field hdg=279.8 enc=7988;13533 xy=-105;-299 want=48 str=1.45 l=2.00 r=1.01 tick=520254 goal=0 here=0 d11=0.64 B=1.51,0.54,0.32,0.32,0.34,0.36,0.49,1.23,0.74,0.26,0.19,0.20,0.23,0.21,0.41,1.07
t=103 field hdg=282.8 enc=7989;13534 xy=-105;-300 want=49 str=1.43 l=2.00 r=0.99 tick=520273 goal=0 here=0 d11=0.65 B=1.48,0.54,0.31,0.33,0.33,0.36,0.49,1.24,0.72,0.26,0.20,0.21,0.22,0.21,0.42,1.09
t=103 field hdg=282.8 enc=7989;13536 xy=-104;-301 want=50 str=1.43 l=2.00 r=0.97 tick=520291 goal=0 here=0 d11=0.66 B=1.48,0.53,0.31,0.32,0.34,0.36,0.49,1.25,0.72,0.27,0.19,0.21,0.21,0.21,0.42,1.09
t=103 field hdg=281.0 enc=7991;13537 xy=-104;-303 want=76 str=1.55 l=2.00 r=0.54 tick=520310 goal=0 here=0 d11=0.65 B=1.36,0.53,0.31,0.32,0.34,0.37,0.66,1.25,0.70,0.26,0.20,0.21,0.22,0.21,0.44,1.09
t=104 field hdg=283.7 enc=7991;13539 xy=-104;-304 want=76 str=1.52 l=2.00 r=0.49 tick=520329 goal=0 here=0 d11=0.63 B=1.29,0.54,0.31,0.31,0.33,0.38,0.67,1.26,0.65,0.25,0.20,0.23,0.23,0.22,0.46,1.10
t=104 field hdg=279.4 enc=7989;13542 xy=-104;-304 want=76 str=1.64 l=2.00 r=0.48 tick=520348 goal=0 here=0 d11=0.63 B=1.27,0.53,0.32,0.32,0.33,0.36,0.67,1.26,0.62,0.25,0.18,0.22,0.21,0.21,0.46,1.11
t=104 field hdg=279.0 enc=7990;13545 xy=-103;-306 want=75 str=1.63 l=2.00 r=0.47 tick=520367 goal=0 here=0 d11=0.64 B=1.24,0.53,0.32,0.31,0.31,0.35,0.66,1.26,0.61,0.24,0.19,0.22,0.21,0.21,0.46,1.12
t=104 field hdg=284.7 enc=7989;13547 xy=-103;-307 want=77 str=1.56 l=2.00 r=0.43 tick=520389 goal=0 here=0 d11=0.64 B=1.22,0.51,0.31,0.31,0.33,0.37,0.68,1.26,0.61,0.26,0.18,0.23,0.21,0.22,0.46,1.13
t=104 field hdg=284.2 enc=7991;13547 xy=-103;-308 want=77 str=1.57 l=2.00 r=0.41 tick=520408 goal=0 here=0 d11=0.64 B=1.20,0.51,0.31,0.32,0.33,0.38,0.67,1.26,0.60,0.25,0.20,0.23,0.21,0.20,0.46,1.14
t=105 field hdg=284.2 enc=7991;13549 xy=-103;-309 want=77 str=1.51 l=2.00 r=0.41 tick=520428 goal=0 here=0 d11=0.64 B=1.19,0.53,0.31,0.33,0.34,0.37,0.68,1.26,0.61,0.25,0.20,0.23,0.21,0.22,0.46,1.16
t=105 field hdg=283.8 enc=7991;13552 xy=-102;-310 want=75 str=1.60 l=2.00 r=0.42 tick=520447 goal=0 here=0 d11=0.64 B=1.17,0.51,0.31,0.32,0.34,0.39,0.68,1.24,0.60,0.24,0.19,0.22,0.21,0.20,0.46,1.18
t=105 field hdg=288.2 enc=7989;13554 xy=-102;-310 want=73 str=1.52 l=2.00 r=0.46 tick=520466 goal=0 here=0 d11=0.64 B=1.18,0.49,0.30,0.32,0.32,0.38,0.68,1.25,0.60,0.24,0.19,0.23,0.22,0.22,0.47,1.20
t=105 field hdg=286.1 enc=7990;13557 xy=-102;-312 want=62 str=1.64 l=2.00 r=0.58 tick=520485 goal=0 here=0 d11=0.66 B=1.15,0.49,0.31,0.32,0.34,0.37,0.68,1.25,0.60,0.23,0.19,0.21,0.21,0.21,0.46,1.53
t=105 field hdg=285.2 enc=7989;13556 xy=-102;-311 want=63 str=1.52 l=2.00 r=0.56 tick=520503 goal=0 here=0 d11=0.66 B=1.15,0.47,0.30,0.31,0.33,0.38,0.68,1.25,0.59,0.25,0.20,0.22,0.21,0.22,0.47,1.53
t=106 field hdg=286.6 enc=7990;13559 xy=-102;-313 want=65 str=1.46 l=2.00 r=0.46 tick=520525 goal=0 here=0 d11=0.64 B=1.03,0.46,0.30,0.33,0.34,0.40,0.69,1.24,0.59,0.25,0.19,0.22,0.21,0.24,0.47,1.55
t=106 field hdg=285.1 enc=7990;13561 xy=-101;-314 want=69 str=1.48 l=2.00 r=0.31 tick=520544 goal=0 here=0 d11=0.64 B=0.91,0.47,0.30,0.31,0.32,0.40,0.69,1.24,0.58,0.24,0.20,0.22,0.20,0.22,0.47,1.57
t=106 field hdg=289.4 enc=7991;13562 xy=-101;-315 want=61 str=1.44 l=2.00 r=0.41 tick=520563 goal=0 here=0 d11=0.66 B=0.88,0.46,0.30,0.32,0.32,0.40,0.68,1.22,0.60,0.24,0.19,0.23,0.21,0.23,0.47,1.76
t=106 field hdg=289.3 enc=7990;13564 xy=-101;-315 want=61 str=1.49 l=2.00 r=0.40 tick=520584 goal=0 here=0 d11=0.65 B=0.87,0.45,0.31,0.33,0.33,0.41,0.68,1.21,0.59,0.23,0.19,0.22,0.21,0.22,0.48,1.76
t=106 field hdg=287.5 enc=7990;13567 xy=-100;-317 want=62 str=1.44 l=2.00 r=0.36 tick=520603 goal=0 here=0 d11=0.66 B=0.84,0.45,0.31,0.32,0.33,0.41,0.70,1.21,0.57,0.23,0.20,0.22,0.21,0.23,0.49,1.74
t=106 field hdg=287.6 enc=7989;13568 xy=-100;-317 want=61 str=1.45 l=2.00 r=0.38 tick=520622 goal=0 here=0 d11=0.65 B=0.84,0.44,0.31,0.33,0.32,0.42,0.69,1.20,0.58,0.23,0.20,0.22,0.21,0.23,0.48,1.74
t=107 field hdg=287.7 enc=7989;13569 xy=-100;-317 want=46 str=1.87 l=1.79 r=0.57 tick=520642 goal=0 here=0 d11=0.64 B=0.83,0.44,0.30,0.32,0.33,0.41,0.69,1.19,0.39,0.22,0.18,0.22,0.21,0.22,0.48,1.73
t=107 field hdg=290.6 enc=7989;13571 xy=-100;-318 want=43 str=1.75 l=1.75 r=0.62 tick=520663 goal=0 here=0 d11=0.65 B=0.83,0.43,0.30,0.33,0.33,0.42,0.70,1.19,0.39,0.22,0.20,0.24,0.21,0.24,0.48,1.73
t=107 field hdg=287.0 enc=7990;13573 xy=-99;-320 want=45 str=1.83 l=1.77 r=0.57 tick=520682 goal=0 here=0 d11=0.63 B=0.82,0.42,0.30,0.33,0.34,0.42,0.71,1.19,0.38,0.22,0.19,0.22,0.20,0.24,0.48,1.74
t=107 field hdg=289.8 enc=7990;13573 xy=-99;-320 want=44 str=1.79 l=1.76 r=0.59 tick=520701 goal=0 here=0 d11=0.63 B=0.83,0.42,0.29,0.31,0.32,0.42,0.71,1.18,0.38,0.22,0.20,0.22,0.21,0.24,0.48,1.74
t=107 field hdg=288.9 enc=7990;13573 xy=-99;-320 want=45 str=1.80 l=1.74 r=0.54 tick=520720 goal=0 here=0 d11=0.65 B=0.77,0.43,0.31,0.32,0.33,0.42,0.69,1.18,0.39,0.21,0.20,0.22,0.20,0.24,0.48,1.73
t=108 field hdg=283.8 enc=7990;13575 xy=-99;-321 want=45 str=1.74 l=1.74 r=0.54 tick=520741 goal=0 here=0 d11=0.63 B=0.77,0.42,0.29,0.32,0.34,0.44,0.71,1.17,0.38,0.22,0.21,0.21,0.21,0.25,0.47,1.72
t=108 field hdg=287.7 enc=7990;13577 xy=-99;-321 want=48 str=1.75 l=1.77 r=0.49 tick=520761 goal=0 here=0 d11=0.64 B=0.76,0.42,0.30,0.33,0.34,0.42,0.73,1.19,0.37,0.23,0.20,0.23,0.19,0.24,0.48,1.73
t=108 field hdg=291.2 enc=7990;13577 xy=-99;-321 want=46 str=1.74 l=1.74 r=0.50 tick=520780 goal=0 here=0 d11=0.64 B=0.74,0.41,0.30,0.31,0.32,0.43,0.74,1.18,0.38,0.22,0.19,0.23,0.21,0.25,0.49,1.73
t=108 field hdg=291.3 enc=7991;13578 xy=-99;-322 want=47 str=1.66 l=1.76 r=0.51 tick=520799 goal=0 here=0 d11=0.65 B=0.76,0.41,0.31,0.31,0.32,0.41,0.75,1.19,0.37,0.23,0.21,0.23,0.21,0.25,0.50,1.73
t=108 field hdg=289.2 enc=7989;13580 xy=-99;-322 want=49 str=1.68 l=1.78 r=0.48 tick=520818 goal=0 here=0 d11=0.63 B=0.76,0.41,0.30,0.32,0.33,0.41,0.77,1.18,0.37,0.23,0.21,0.23,0.20,0.24,0.48,1.71
t=109 field hdg=290.4 enc=7991;13580 xy=-98;-323 want=48 str=1.70 l=1.78 r=0.49 tick=520837 goal=0 here=0 d11=0.65 B=0.76,0.42,0.29,0.31,0.33,0.44,0.80,1.18,0.37,0.23,0.20,0.22,0.22,0.24,0.49,1.72
t=109 field hdg=285.3 enc=7991;13580 xy=-98;-323 want=67 str=1.85 l=2.00 r=0.24 tick=520857 goal=0 here=0 d11=0.64 B=0.76,0.42,0.30,0.32,0.33,0.43,1.39,1.17,0.39,0.22,0.20,0.23,0.21,0.24,0.48,1.71
t=109 field hdg=291.4 enc=7989;13581 xy=-98;-323 want=68 str=1.89 l=2.00 r=0.21 tick=520876 goal=0 here=0 d11=0.64 B=0.74,0.41,0.30,0.32,0.33,0.42,1.38,1.18,0.37,0.22,0.19,0.22,0.20,0.25,0.49,1.70
t=109 field hdg=290.5 enc=7991;13584 xy=-98;-325 want=65 str=1.80 l=1.98 r=0.26 tick=520899 goal=0 here=0 d11=0.64 B=0.74,0.40,0.30,0.34,0.34,0.45,1.36,1.20,0.37,0.21,0.20,0.23,0.22,0.26,0.49,1.71
t=109 field hdg=292.0 enc=7989;13585 xy=-98;-325 want=65 str=1.73 l=1.97 r=0.24 tick=520918 goal=0 here=0 d11=0.64 B=0.72,0.40,0.30,0.33,0.31,0.44,1.34,1.18,0.37,0.22,0.21,0.23,0.23,0.26,0.50,1.73
t=110 field hdg=288.3 enc=7990;13586 xy=-97;-326 want=65 str=1.77 l=1.99 r=0.25 tick=520938 goal=0 here=0 d11=0.64 B=0.74,0.39,0.29,0.33,0.33,0.43,1.34,1.19,0.35,0.21,0.21,0.23,0.22,0.25,0.48,1.73
t=110 field hdg=291.6 enc=7990;13587 xy=-97;-326 want=66 str=1.76 l=2.00 r=0.24 tick=520957 goal=0 here=0 d11=0.65 B=0.74,0.40,0.30,0.32,0.33,0.44,1.33,1.19,0.35,0.22,0.22,0.23,0.21,0.25,0.48,1.73
t=110 field hdg=292.6 enc=7991;13590 xy=-96;-328 want=66 str=1.77 l=2.00 r=0.23 tick=520975 goal=0 here=0 d11=0.66 B=0.73,0.39,0.30,0.32,0.33,0.43,1.32,1.19,0.37,0.23,0.21,0.22,0.20,0.26,0.50,1.73
t=110 field hdg=290.8 enc=7990;13589 xy=-97;-327 want=64 str=1.79 l=1.96 r=0.25 tick=520994 goal=0 here=0 d11=0.63 B=0.72,0.39,0.30,0.33,0.32,0.44,1.32,1.18,0.35,0.22,0.19,0.23,0.21,0.26,0.48,1.74
t=110 field hdg=292.7 enc=7989;13592 xy=-96;-328 want=64 str=1.76 l=1.97 r=0.26 tick=521013 goal=0 here=0 d11=0.65 B=0.73,0.39,0.30,0.33,0.34,0.45,1.31,1.19,0.36,0.21,0.21,0.23,0.20,0.26,0.49,1.73
t=111 field hdg=291.0 enc=7989;13591 xy=-97;-328 want=64 str=1.73 l=1.96 r=0.25 tick=521032 goal=0 here=0 d11=0.66 B=0.72,0.38,0.30,0.32,0.34,0.44,1.30,1.20,0.35,0.22,0.21,0.23,0.20,0.27,0.49,1.74
t=111 field hdg=293.7 enc=7990;13593 xy=-96;-329 want=63 str=1.73 l=1.95 r=0.26 tick=521051 goal=0 here=0 d11=0.65 B=0.72,0.39,0.30,0.33,0.34,0.45,1.30,1.20,0.36,0.22,0.22,0.21,0.21,0.28,0.48,1.75
t=111 field hdg=293.5 enc=7990;13593 xy=-96;-329 want=62 str=1.77 l=1.94 r=0.28 tick=521071 goal=0 here=0 d11=0.65 B=0.73,0.38,0.30,0.33,0.34,0.44,1.30,1.22,0.35,0.21,0.21,0.22,0.21,0.28,0.48,1.75
t=111 field hdg=292.9 enc=7990;13595 xy=-96;-330 want=63 str=1.69 l=1.93 r=0.26 tick=521094 goal=0 here=0 d11=0.65 B=0.71,0.38,0.30,0.32,0.33,0.44,1.28,1.21,0.36,0.22,0.21,0.24,0.20,0.28,0.49,1.75
t=111 field hdg=291.2 enc=7990;13595 xy=-96;-330 want=62 str=1.66 l=1.93 r=0.29 tick=521113 goal=0 here=0 d11=0.66 B=0.73,0.38,0.27,0.31,0.32,0.45,1.29,1.22,0.35,0.22,0.21,0.22,0.20,0.29,0.48,1.77
t=112 field hdg=291.1 enc=7989;13595 xy=-96;-329 want=61 str=1.74 l=1.92 r=0.29 tick=521132 goal=0 here=0 d11=0.64 B=0.72,0.36,0.29,0.32,0.33,0.45,1.29,1.21,0.35,0.21,0.22,0.22,0.19,0.29,0.49,1.77
t=112 field hdg=293.8 enc=7990;13597 xy=-95;-331 want=60 str=1.75 l=1.91 r=0.30 tick=521151 goal=0 here=0 d11=0.65 B=0.72,0.37,0.30,0.33,0.33,0.45,1.29,1.21,0.35,0.21,0.21,0.22,0.20,0.30,0.49,1.78
t=112 field hdg=292.8 enc=7991;13599 xy=-95;-332 want=59 str=1.68 l=1.90 r=0.32 tick=521170 goal=0 here=0 d11=0.65 B=0.73,0.36,0.29,0.33,0.34,0.45,1.28,1.21,0.35,0.21,0.21,0.23,0.21,0.30,0.49,1.78
t=112 STUCK mv=10 want=65
t=115 field hdg=279.9 enc=8026;13554 xy=-95;-332 want=71 str=1.13 l=2.00 r=0.86 tick=521494 goal=0 here=0 d11=0.69 B=1.77,0.53,0.31,0.30,0.33,0.34,0.47,1.27,1.13,0.30,0.21,0.22,0.23,0.22,0.40,0.76
t=115 field hdg=279.2 enc=8026;13555 xy=-95;-332 want=69 str=1.26 l=2.00 r=0.87 tick=521515 goal=0 here=0 d11=0.67 B=1.78,0.54,0.31,0.30,0.33,0.35,0.46,1.27,1.11,0.29,0.19,0.21,0.21,0.22,0.39,0.75
t=116 field hdg=281.6 enc=8026;13557 xy=-95;-333 want=79 str=1.10 l=2.00 r=0.63 tick=521534 goal=0 here=0 d11=0.67 B=1.54,0.54,0.33,0.31,0.32,0.36,0.47,1.26,1.12,0.29,0.20,0.22,0.22,0.22,0.40,0.76
t=116 field hdg=280.2 enc=8026;13558 xy=-95;-334 want=77 str=1.15 l=2.00 r=0.63 tick=521552 goal=0 here=0 d11=0.68 B=1.52,0.52,0.33,0.30,0.33,0.34,0.47,1.28,1.09,0.30,0.18,0.22,0.22,0.22,0.39,0.83
t=116 field hdg=281.6 enc=8024;13560 xy=-95;-334 want=74 str=1.16 l=2.00 r=0.67 tick=521571 goal=0 here=0 d11=0.66 B=1.51,0.52,0.33,0.32,0.33,0.36,0.47,1.25,1.08,0.28,0.19,0.23,0.21,0.22,0.40,0.85
t=116 field hdg=282.6 enc=8026;13563 xy=-94;-336 want=54 str=1.27 l=2.00 r=0.95 tick=521590 goal=0 here=0 d11=0.67 B=1.52,0.54,0.32,0.31,0.32,0.36,0.49,1.26,0.81,0.28,0.21,0.22,0.21,0.21,0.42,1.04
t=116 field hdg=283.1 enc=8026;13564 xy=-94;-337 want=53 str=1.24 l=2.00 r=0.93 tick=521611 goal=0 here=0 d11=0.65 B=1.48,0.52,0.32,0.29,0.33,0.35,0.49,1.26,0.79,0.28,0.20,0.24,0.21,0.22,0.41,1.04
t=117 field hdg=280.0 enc=8024;13566 xy=-94;-337 want=53 str=1.29 l=2.00 r=0.94 tick=521632 goal=0 here=0 d11=0.65 B=1.48,0.53,0.31,0.32,0.33,0.34,0.48,1.26,0.77,0.27,0.20,0.23,0.21,0.21,0.43,1.07
t=117 field hdg=283.1 enc=8024;13569 xy=-94;-338 want=54 str=1.29 l=2.00 r=0.91 tick=521651 goal=0 here=0 d11=0.65 B=1.47,0.52,0.30,0.30,0.32,0.36,0.50,1.26,0.76,0.29,0.20,0.23,0.20,0.20,0.45,1.08
t=117 field hdg=280.2 enc=8026;13569 xy=-93;-339 want=51 str=1.28 l=2.00 r=0.95 tick=521670 goal=0 here=0 d11=0.63 B=1.47,0.52,0.31,0.30,0.33,0.36,0.51,1.26,0.76,0.26,0.22,0.23,0.22,0.21,0.45,1.07
t=117 field hdg=283.1 enc=8024;13572 xy=-93;-340 want=53 str=1.27 l=2.00 r=0.88 tick=521689 goal=0 here=0 d11=0.66 B=1.41,0.52,0.32,0.30,0.32,0.35,0.49,1.25,0.74,0.27,0.20,0.23,0.21,0.21,0.45,1.08
t=117 field hdg=280.7 enc=8025;13575 xy=-93;-341 want=55 str=1.29 l=2.00 r=0.78 tick=521708 goal=0 here=0 d11=0.64 B=1.32,0.52,0.31,0.31,0.34,0.35,0.51,1.26,0.71,0.26,0.21,0.22,0.20,0.21,0.45,1.08
t=118 field hdg=280.9 enc=8024;13576 xy=-93;-341 want=55 str=1.30 l=2.00 r=0.77 tick=521726 goal=0 here=0 d11=0.64 B=1.29,0.52,0.30,0.31,0.33,0.36,0.51,1.28,0.66,0.26,0.21,0.22,0.21,0.20,0.46,1.10
t=118 field hdg=280.8 enc=8025;13578 xy=-93;-343 want=54 str=1.28 l=2.00 r=0.74 tick=521747 goal=0 here=0 d11=0.64 B=1.24,0.52,0.30,0.30,0.34,0.37,0.51,1.28,0.66,0.25,0.21,0.22,0.21,0.21,0.47,1.12
t=118 field hdg=282.8 enc=8024;13579 xy=-93;-343 want=53 str=1.30 l=2.00 r=0.75 tick=521767 goal=0 here=0 d11=0.65 B=1.22,0.51,0.30,0.31,0.33,0.35,0.50,1.26,0.63,0.25,0.19,0.23,0.21,0.21,0.45,1.11
t=118 field hdg=285.0 enc=8026;13581 xy=-92;-345 want=76 str=1.44 l=2.00 r=0.44 tick=521788 goal=0 here=0 d11=0.64 B=1.21,0.51,0.29,0.31,0.32,0.36,0.59,1.27,0.62,0.26,0.20,0.22,0.21,0.23,0.45,1.14
t=118 field hdg=285.3 enc=8026;13584 xy=-92;-346 want=81 str=1.49 l=2.00 r=0.34 tick=521809 goal=0 here=0 d11=0.64 B=1.18,0.50,0.29,0.31,0.33,0.37,0.69,1.28,0.63,0.25,0.22,0.22,0.20,0.22,0.46,1.13
t=119 field hdg=284.8 enc=8024;13587 xy=-92;-347 want=77 str=1.46 l=2.00 r=0.39 tick=521828 goal=0 here=0 d11=0.65 B=1.18,0.51,0.31,0.30,0.32,0.37,0.68,1.27,0.62,0.25,0.20,0.24,0.22,0.23,0.45,1.15
t=119 field hdg=286.2 enc=8026;13587 xy=-91;-348 want=77 str=1.48 l=2.00 r=0.40 tick=521849 goal=0 here=0 d11=0.64 B=1.17,0.51,0.29,0.32,0.31,0.36,0.68,1.28,0.62,0.24,0.21,0.22,0.21,0.24,0.47,1.18
t=119 field hdg=282.8 enc=8025;13589 xy=-91;-348 want=64 str=1.47 l=2.00 r=0.54 tick=521868 goal=0 here=0 d11=0.65 B=1.13,0.51,0.32,0.31,0.33,0.38,0.68,1.27,0.62,0.24,0.21,0.22,0.21,0.23,0.48,1.52
t=119 field hdg=284.6 enc=8024;13592 xy=-91;-349 want=64 str=1.40 l=2.00 r=0.54 tick=521888 goal=0 here=0 d11=0.65 B=1.14,0.49,0.30,0.31,0.33,0.36,0.69,1.27,0.62,0.25,0.22,0.22,0.22,0.24,0.46,1.53
t=119 field hdg=288.0 enc=8025;13593 xy=-91;-350 want=66 str=1.43 l=2.00 r=0.51 tick=521907 goal=0 here=0 d11=0.66 B=1.13,0.47,0.30,0.31,0.33,0.37,0.70,1.25,0.60,0.25,0.23,0.23,0.20,0.22,0.46,1.54
t=120 field hdg=282.3 enc=8025;13596 xy=-90;-352 want=72 str=1.34 l=2.00 r=0.27 tick=521926 goal=0 here=0 d11=0.65 B=0.91,0.46,0.30,0.33,0.34,0.36,0.69,1.26,0.60,0.25,0.22,0.23,0.20,0.24,0.47,1.55
t=120 field hdg=287.5 enc=8026;13597 xy=-90;-353 want=65 str=1.34 l=2.00 r=0.35 tick=521944 goal=0 here=0 d11=0.65 B=0.88,0.46,0.30,0.31,0.34,0.37,0.69,1.25,0.62,0.24,0.22,0.23,0.21,0.23,0.47,1.75
t=120 field hdg=287.3 enc=8024;13598 xy=-90;-352 want=62 str=1.34 l=2.00 r=0.38 tick=521963 goal=0 here=0 d11=0.65 B=0.87,0.44,0.28,0.30,0.33,0.37,0.70,1.23,0.59,0.23,0.22,0.22,0.19,0.25,0.47,1.74
t=120 field hdg=289.9 enc=8025;13602 xy=-89;-354 want=64 str=1.33 l=2.00 r=0.35 tick=521981 goal=0 here=0 d11=0.64 B=0.86,0.44,0.30,0.32,0.33,0.39,0.70,1.24,0.60,0.24,0.22,0.22,0.21,0.24,0.47,1.74
t=120 field hdg=287.0 enc=8024;13604 xy=-89;-355 want=64 str=1.29 l=2.00 r=0.34 tick=521999 goal=0 here=0 d11=0.65 B=0.84,0.43,0.29,0.31,0.33,0.38,0.70,1.23,0.60,0.23,0.21,0.23,0.22,0.24,0.46,1.73
t=120 field hdg=289.8 enc=8025;13603 xy=-89;-355 want=45 str=1.61 l=1.77 r=0.57 tick=522018 goal=0 here=0 d11=0.65 B=0.82,0.42,0.30,0.31,0.32,0.38,0.70,1.23,0.51,0.24,0.22,0.24,0.21,0.24,0.46,1.73
t=121 field hdg=288.5 enc=8024;13605 xy=-89;-355 want=45 str=1.65 l=1.79 r=0.58 tick=522039 goal=0 here=0 d11=0.65 B=0.83,0.44,0.29,0.31,0.33,0.40,0.71,1.21,0.40,0.24,0.21,0.23,0.21,0.25,0.47,1.71
t=121 field hdg=289.6 enc=8024;13608 xy=-88;-357 want=43 str=1.67 l=1.76 r=0.60 tick=522060 goal=0 here=0 d11=0.64 B=0.83,0.42,0.30,0.32,0.33,0.39,0.71,1.20,0.42,0.23,0.21,0.23,0.21,0.26,0.48,1.72
t=121 field hdg=293.7 enc=8026;13609 xy=-88;-358 want=46 str=1.71 l=1.77 r=0.55 tick=522079 goal=0 here=0 d11=0.63 B=0.80,0.42,0.30,0.31,0.33,0.39,0.71,1.20,0.41,0.23,0.22,0.23,0.19,0.25,0.47,1.73
t=121 field hdg=288.8 enc=8026;13609 xy=-88;-358 want=42 str=1.59 l=1.73 r=0.61 tick=522098 goal=0 here=0 d11=0.63 B=0.81,0.43,0.27,0.31,0.33,0.41,0.70,1.20,0.39,0.22,0.21,0.22,0.21,0.27,0.47,1.71
t=122 field hdg=286.4 enc=8025;13611 xy=-88;-359 want=47 str=1.63 l=1.78 r=0.53 tick=522125 goal=0 here=0 d11=0.65 B=0.79,0.42,0.29,0.30,0.33,0.40,0.72,1.21,0.40,0.24,0.21,0.21,0.21,0.25,0.48,1.71
t=122 field hdg=289.5 enc=8025;13612 xy=-88;-359 want=47 str=1.59 l=1.74 r=0.50 tick=522144 goal=0 here=0 d11=0.67 B=0.74,0.42,0.30,0.30,0.33,0.42,0.71,1.19,0.40,0.23,0.22,0.24,0.20,0.26,0.48,1.70
t=122 field hdg=292.3 enc=8024;13612 xy=-88;-359 want=44 str=1.64 l=1.71 r=0.53 tick=522163 goal=0 here=0 d11=0.65 B=0.74,0.42,0.29,0.31,0.34,0.40,0.71,1.20,0.40,0.23,0.20,0.22,0.21,0.28,0.46,1.70
t=122 field hdg=292.2 enc=8024;13612 xy=-88;-359 want=45 str=1.62 l=1.73 r=0.52 tick=522181 goal=0 here=0 d11=0.64 B=0.75,0.42,0.28,0.30,0.34,0.41,0.72,1.19,0.38,0.22,0.21,0.23,0.20,0.27,0.47,1.70
t=122 field hdg=290.3 enc=8024;13612 xy=-88;-359 want=44 str=1.52 l=1.70 r=0.54 tick=522200 goal=0 here=0 d11=0.66 B=0.74,0.41,0.29,0.31,0.32,0.42,0.70,1.19,0.39,0.23,0.22,0.24,0.21,0.28,0.48,1.70
t=122 field hdg=290.1 enc=8025;13614 xy=-87;-360 want=44 str=1.57 l=1.70 r=0.54 tick=522219 goal=0 here=0 d11=0.64 B=0.74,0.41,0.27,0.31,0.33,0.43,0.71,1.20,0.41,0.22,0.21,0.21,0.22,0.28,0.48,1.71
t=123 field hdg=287.9 enc=8026;13616 xy=-87;-362 want=45 str=1.49 l=1.71 r=0.51 tick=522238 goal=0 here=0 d11=0.65 B=0.73,0.41,0.27,0.31,0.33,0.42,0.73,1.21,0.40,0.23,0.22,0.23,0.20,0.29,0.48,1.71
t=123 field hdg=287.9 enc=8025;13616 xy=-87;-361 want=43 str=1.50 l=1.69 r=0.54 tick=522257 goal=0 here=0 d11=0.64 B=0.73,0.40,0.29,0.30,0.34,0.42,0.73,1.21,0.38,0.22,0.22,0.23,0.22,0.29,0.47,1.70
t=123 field hdg=288.3 enc=8026;13617 xy=-87;-362 want=44 str=1.53 l=1.69 r=0.52 tick=522276 goal=0 here=0 d11=0.62 B=0.72,0.42,0.29,0.30,0.32,0.44,0.74,1.20,0.40,0.22,0.22,0.23,0.20,0.29,0.48,1.71
t=123 field hdg=292.8 enc=8024;13618 xy=-87;-362 want=46 str=1.52 l=1.72 r=0.50 tick=522297 goal=0 here=0 d11=0.64 B=0.73,0.40,0.29,0.30,0.35,0.43,0.75,1.20,0.39,0.22,0.22,0.24,0.20,0.28,0.47,1.69
t=123 field hdg=290.4 enc=8026;13618 xy=-86;-362 want=45 str=1.54 l=1.72 r=0.50 tick=522316 goal=0 here=0 d11=0.63 B=0.73,0.41,0.30,0.31,0.32,0.42,0.78,1.20,0.37,0.23,0.23,0.22,0.21,0.29,0.48,1.69
t=124 STUCK mv=8 want=57
t=127 field hdg=274.2 enc=8062;13575 xy=-86;-364 want=85 str=1.03 l=2.00 r=0.66 tick=522641 goal=0 here=0 d11=0.63 B=1.74,0.51,0.34,0.29,0.33,0.33,0.46,1.30,1.22,0.34,0.23,0.22,0.23,0.21,0.36,0.70
t=127 field hdg=277.6 enc=8060;13577 xy=-86;-364 want=83 str=1.10 l=2.00 r=0.70 tick=522660 goal=0 here=0 d11=0.63 B=1.74,0.53,0.32,0.29,0.32,0.33,0.48,1.31,1.21,0.32,0.21,0.23,0.22,0.21,0.37,0.71
t=127 field hdg=274.6 enc=8060;13576 xy=-86;-363 want=85 str=1.10 l=2.00 r=0.67 tick=522679 goal=0 here=0 d11=0.64 B=1.73,0.51,0.32,0.29,0.33,0.34,0.47,1.30,1.23,0.32,0.22,0.23,0.21,0.20,0.37,0.71
t=127 field hdg=279.5 enc=8060;13578 xy=-86;-364 want=81 str=1.12 l=2.00 r=0.71 tick=522697 goal=0 here=0 d11=0.65 B=1.74,0.52,0.32,0.29,0.31,0.33,0.47,1.30,1.23,0.30,0.20,0.24,0.21,0.20,0.38,0.73
t=127 field hdg=274.4 enc=8061;13581 xy=-86;-366 want=84 str=1.05 l=2.00 r=0.68 tick=522716 goal=0 here=0 d11=0.64 B=1.75,0.51,0.31,0.29,0.32,0.33,0.47,1.31,1.22,0.34,0.22,0.23,0.22,0.21,0.37,0.72
t=128 field hdg=278.5 enc=8061;13584 xy=-86;-368 want=83 str=1.07 l=2.00 r=0.69 tick=522735 goal=0 here=0 d11=0.66 B=1.74,0.51,0.32,0.28,0.32,0.34,0.48,1.29,1.22,0.31,0.21,0.23,0.22,0.20,0.38,0.72
t=128 field hdg=279.5 enc=8062;13585 xy=-86;-369 want=83 str=1.16 l=2.00 r=0.69 tick=522754 goal=0 here=0 d11=0.65 B=1.73,0.51,0.32,0.30,0.32,0.34,0.47,1.30,1.22,0.32,0.20,0.23,0.22,0.19,0.38,0.74
t=128 field hdg=277.8 enc=8061;13588 xy=-86;-370 want=79 str=1.12 l=2.00 r=0.74 tick=522775 goal=0 here=0 d11=0.63 B=1.75,0.51,0.32,0.29,0.33,0.34,0.48,1.30,1.18,0.30,0.22,0.22,0.21,0.20,0.40,0.75
t=128 field hdg=279.1 enc=8062;13588 xy=-85;-370 want=78 str=1.12 l=2.00 r=0.76 tick=522796 goal=0 here=0 d11=0.66 B=1.75,0.51,0.30,0.29,0.33,0.35,0.48,1.30,1.15,0.30,0.21,0.23,0.22,0.20,0.40,0.74
t=128 field hdg=280.3 enc=8061;13590 xy=-85;-371 want=72 str=1.05 l=2.00 r=0.85 tick=522815 goal=0 here=0 d11=0.65 B=1.74,0.52,0.31,0.28,0.34,0.34,0.49,1.28,1.13,0.29,0.21,0.24,0.21,0.21,0.42,0.83
t=129 field hdg=279.1 enc=8061;13594 xy=-85;-373 want=82 str=1.10 l=2.00 r=0.57 tick=522833 goal=0 here=0 d11=0.64 B=1.51,0.50,0.30,0.30,0.33,0.34,0.49,1.29,1.12,0.29,0.21,0.23,0.22,0.20,0.43,0.83
t=129 field hdg=281.4 enc=8060;13594 xy=-85;-372 want=73 str=1.00 l=2.00 r=0.68 tick=522852 goal=0 here=0 d11=0.64 B=1.50,0.51,0.31,0.29,0.32,0.36,0.48,1.29,1.10,0.29,0.23,0.22,0.21,0.21,0.43,1.02
t=129 field hdg=280.9 enc=8062;13595 xy=-85;-374 want=71 str=1.05 l=2.00 r=0.69 tick=522871 goal=0 here=0 d11=0.66 B=1.49,0.51,0.30,0.29,0.36,0.35,0.49,1.28,1.09,0.29,0.21,0.22,0.21,0.21,0.44,1.02
t=129 field hdg=278.2 enc=8060;13598 xy=-85;-374 want=56 str=1.17 l=2.00 r=0.89 tick=522889 goal=0 here=0 d11=0.64 B=1.48,0.51,0.31,0.29,0.32,0.34,0.49,1.28,0.82,0.28,0.21,0.23,0.22,0.21,0.45,1.03
t=129 field hdg=276.9 enc=8060;13599 xy=-85;-375 want=59 str=1.21 l=2.00 r=0.85 tick=522908 goal=0 here=0 d11=0.64 B=1.47,0.52,0.30,0.29,0.32,0.34,0.48,1.27,0.81,0.29,0.22,0.22,0.20,0.20,0.45,1.05
t=130 field hdg=280.2 enc=8060;13602 xy=-84;-376 want=57 str=1.19 l=2.00 r=0.86 tick=522927 goal=0 here=0 d11=0.64 B=1.46,0.51,0.32,0.30,0.32,0.35,0.48,1.28,0.79,0.28,0.22,0.23,0.20,0.22,0.45,1.04
t=130 field hdg=283.0 enc=8062;13605 xy=-84;-379 want=52 str=1.16 l=2.00 r=0.92 tick=522946 goal=0 here=0 d11=0.65 B=1.46,0.52,0.30,0.30,0.32,0.36,0.49,1.27,0.77,0.28,0.21,0.25,0.20,0.23,0.44,1.06
t=130 field hdg=279.6 enc=8061;13606 xy=-84;-379 want=53 str=1.21 l=2.00 r=0.91 tick=522965 goal=0 here=0 d11=0.64 B=1.45,0.52,0.30,0.29,0.32,0.36,0.50,1.28,0.77,0.28,0.21,0.23,0.20,0.22,0.44,1.07
t=130 field hdg=283.6 enc=8060;13607 xy=-84;-379 want=56 str=1.09 l=2.00 r=0.80 tick=522984 goal=0 here=0 d11=0.64 B=1.35,0.50,0.29,0.30,0.32,0.36,0.49,1.28,0.75,0.27,0.23,0.24,0.21,0.22,0.43,1.07
t=130 field hdg=282.7 enc=8060;13609 xy=-84;-380 want=55 str=1.13 l=2.00 r=0.76 tick=523003 goal=0 here=0 d11=0.65 B=1.27,0.50,0.30,0.30,0.32,0.36,0.49,1.29,0.70,0.26,0.22,0.24,0.20,0.23,0.45,1.09
t=131 field hdg=283.7 enc=8061;13610 xy=-83;-381 want=55 str=1.16 l=2.00 r=0.74 tick=523024 goal=0 here=0 d11=0.65 B=1.23,0.51,0.29,0.30,0.33,0.35,0.51,1.28,0.68,0.24,0.22,0.24,0.21,0.22,0.45,1.10
t=131 field hdg=286.2 enc=8062;13613 xy=-83;-383 want=56 str=1.17 l=2.00 r=0.70 tick=523043 goal=0 here=0 d11=0.64 B=1.20,0.50,0.30,0.29,0.32,0.36,0.51,1.28,0.66,0.26,0.21,0.23,0.20,0.23,0.45,1.10
t=131 field hdg=285.8 enc=8062;13616 xy=-82;-384 want=56 str=1.15 l=2.00 r=0.69 tick=523062 goal=0 here=0 d11=0.65 B=1.19,0.49,0.29,0.29,0.33,0.35,0.52,1.29,0.65,0.25,0.22,0.22,0.20,0.23,0.45,1.11
t=131 field hdg=284.0 enc=8061;13619 xy=-82;-385 want=55 str=1.13 l=2.00 r=0.69 tick=523084 goal=0 here=0 d11=0.66 B=1.19,0.50,0.30,0.30,0.33,0.36,0.51,1.30,0.65,0.26,0.21,0.24,0.21,0.23,0.45,1.12
t=131 field hdg=283.4 enc=8062;13618 xy=-82;-385 want=53 str=1.11 l=2.00 r=0.72 tick=523105 goal=0 here=0 d11=0.65 B=1.18,0.48,0.29,0.30,0.33,0.36,0.53,1.29,0.64,0.25,0.23,0.23,0.21,0.23,0.45,1.14
t=132 field hdg=283.8 enc=8061;13622 xy=-82;-387 want=46 str=1.18 l=2.00 r=0.81 tick=523126 goal=0 here=0 d11=0.65 B=1.17,0.50,0.29,0.29,0.33,0.37,0.53,1.29,0.63,0.26,0.22,0.22,0.20,0.23,0.45,1.33
t=132 field hdg=285.8 enc=8062;13624 xy=-81;-388 want=37 str=1.18 l=1.90 r=0.91 tick=523147 goal=0 here=0 d11=0.66 B=1.15,0.49,0.29,0.29,0.34,0.36,0.54,1.30,0.64,0.25,0.23,0.23,0.21,0.24,0.46,1.50
t=132 field hdg=284.7 enc=8060;13624 xy=-82;-387 want=69 str=1.37 l=2.00 r=0.47 tick=523166 goal=0 here=0 d11=0.65 B=1.13,0.49,0.29,0.30,0.34,0.37,0.70,1.29,0.63,0.25,0.22,0.23,0.21,0.23,0.46,1.51
t=132 field hdg=285.7 enc=8060;13627 xy=-81;-388 want=68 str=1.34 l=2.00 r=0.47 tick=523185 goal=0 here=0 d11=0.65 B=1.12,0.49,0.29,0.30,0.34,0.36,0.69,1.28,0.63,0.26,0.22,0.23,0.20,0.24,0.47,1.52
t=132 field hdg=286.1 enc=8061;13629 xy=-81;-390 want=67 str=1.35 l=2.00 r=0.48 tick=523204 goal=0 here=0 d11=0.64 B=1.11,0.49,0.29,0.30,0.33,0.38,0.69,1.27,0.64,0.25,0.22,0.23,0.20,0.25,0.46,1.52
t=133 field hdg=280.6 enc=8062;13629 xy=-81;-390 want=59 str=1.30 l=2.00 r=0.58 tick=523225 goal=0 here=0 d11=0.66 B=1.10,0.48,0.30,0.30,0.32,0.38,0.70,1.26,0.60,0.24,0.23,0.24,0.22,0.24,0.46,1.64
t=133 field hdg=282.3 enc=8060;13633 xy=-81;-391 want=65 str=1.27 l=2.00 r=0.34 tick=523246 goal=0 here=0 d11=0.66 B=0.86,0.47,0.30,0.29,0.34,0.38,0.70,1.27,0.62,0.24,0.22,0.22,0.20,0.26,0.46,1.74
t=133 field hdg=286.0 enc=8061;13634 xy=-80;-392 want=66 str=1.27 l=2.00 r=0.33 tick=523265 goal=0 here=0 d11=0.64 B=0.86,0.46,0.29,0.31,0.33,0.36,0.70,1.26,0.62,0.24,0.22,0.23,0.20,0.26,0.46,1.72
t=133 field hdg=286.7 enc=8061;13636 xy=-80;-393 want=67 str=1.15 l=2.00 r=0.30 tick=523284 goal=0 here=0 d11=0.65 B=0.84,0.46,0.27,0.28,0.33,0.38,0.71,1.26,0.60,0.24,0.23,0.22,0.20,0.27,0.45,1.72
t=133 field hdg=288.4 enc=8060;13637 xy=-80;-393 want=44 str=1.45 l=1.76 r=0.59 tick=523303 goal=0 here=0 d11=0.64 B=0.82,0.43,0.28,0.29,0.33,0.39,0.70,1.25,0.52,0.25,0.23,0.24,0.20,0.28,0.47,1.71
t=134 field hdg=286.9 enc=8061;13640 xy=-79;-395 want=45 str=1.55 l=1.77 r=0.57 tick=523324 goal=0 here=0 d11=0.65 B=0.81,0.44,0.29,0.30,0.32,0.38,0.70,1.25,0.43,0.24,0.22,0.23,0.20,0.27,0.47,1.71
t=134 field hdg=289.1 enc=8062;13640 xy=-79;-396 want=44 str=1.51 l=1.77 r=0.58 tick=523343 goal=0 here=0 d11=0.66 B=0.82,0.42,0.29,0.29,0.34,0.38,0.71,1.24,0.42,0.24,0.22,0.23,0.21,0.28,0.47,1.69
t=134 field hdg=289.1 enc=8062;13642 xy=-79;-397 want=42 str=1.44 l=1.73 r=0.61 tick=523362 goal=0 here=0 d11=0.65 B=0.81,0.44,0.28,0.30,0.34,0.38,0.71,1.22,0.41,0.24,0.23,0.24,0.20,0.29,0.46,1.70
t=134 field hdg=284.9 enc=8060;13642 xy=-79;-396 want=43 str=1.53 l=1.74 r=0.58 tick=523380 goal=0 here=0 d11=0.66 B=0.80,0.44,0.28,0.28,0.32,0.38,0.70,1.23,0.42,0.24,0.21,0.22,0.21,0.29,0.46,1.68
t=134 field hdg=288.5 enc=8062;13644 xy=-79;-398 want=44 str=1.36 l=1.76 r=0.57 tick=523399 goal=0 here=0 d11=0.64 B=0.81,0.42,0.28,0.29,0.33,0.39,0.72,1.23,0.42,0.25,0.25,0.23,0.20,0.29,0.46,1.68
t=134 field hdg=293.8 enc=8062;13644 xy=-79;-398 want=43 str=1.45 l=1.73 r=0.57 tick=523418 goal=0 here=0 d11=0.64 B=0.78,0.43,0.28,0.31,0.33,0.38,0.71,1.22,0.42,0.24,0.24,0.22,0.20,0.30,0.46,1.69
t=135 field hdg=289.6 enc=8062;13646 xy=-78;-398 want=45 str=1.51 l=1.75 r=0.54 tick=523439 goal=0 here=0 d11=0.65 B=0.78,0.42,0.28,0.30,0.34,0.39,0.71,1.22,0.41,0.24,0.23,0.22,0.20,0.29,0.46,1.68
t=135 field hdg=288.9 enc=8061;13647 xy=-78;-398 want=45 str=1.44 l=1.71 r=0.51 tick=523458 goal=0 here=0 d11=0.63 B=0.73,0.41,0.27,0.30,0.34,0.38,0.72,1.20,0.40,0.24,0.22,0.23,0.20,0.29,0.47,1.69
t=135 field hdg=288.0 enc=8062;13648 xy=-78;-399 want=45 str=1.37 l=1.71 r=0.51 tick=523477 goal=0 here=0 d11=0.64 B=0.73,0.42,0.28,0.30,0.33,0.37,0.73,1.21,0.41,0.24,0.24,0.23,0.20,0.29,0.46,1.69
t=135 field hdg=290.1 enc=8062;13648 xy=-78;-399 want=43 str=1.42 l=1.68 r=0.54 tick=523495 goal=0 here=0 d11=0.65 B=0.73,0.41,0.29,0.30,0.33,0.39,0.71,1.21,0.40,0.24,0.23,0.23,0.22,0.30,0.46,1.69
t=135 field hdg=291.5 enc=8061;13649 xy=-78;-399 want=44 str=1.39 l=1.70 r=0.51 tick=523514 goal=0 here=0 d11=0.66 B=0.72,0.42,0.27,0.29,0.32,0.37,0.71,1.22,0.40,0.23,0.23,0.23,0.20,0.30,0.46,1.68
t=136 field hdg=290.2 enc=8061;13650 xy=-78;-400 want=45 str=1.37 l=1.72 r=0.51 tick=523535 goal=0 here=0 d11=0.65 B=0.73,0.41,0.28,0.30,0.34,0.39,0.73,1.21,0.41,0.25,0.23,0.24,0.20,0.30,0.46,1.68
t=136 field hdg=289.6 enc=8061;13651 xy=-78;-400 want=44 str=1.47 l=1.69 r=0.52 tick=523554 goal=0 here=0 d11=0.65 B=0.72,0.41,0.29,0.30,0.33,0.40,0.72,1.20,0.40,0.23,0.23,0.22,0.21,0.29,0.48,1.68
t=136 field hdg=287.8 enc=8062;13653 xy=-77;-402 want=46 str=1.47 l=1.72 r=0.48 tick=523576 goal=0 here=0 d11=0.65 B=0.72,0.40,0.28,0.31,0.34,0.40,0.73,1.21,0.39,0.23,0.23,0.21,0.20,0.30,0.46,1.67
t=136 field hdg=287.4 enc=8061;13654 xy=-77;-402 want=46 str=1.41 l=1.72 r=0.49 tick=523595 goal=0 here=0 d11=0.65 B=0.72,0.39,0.28,0.30,0.33,0.39,0.74,1.23,0.39,0.23,0.24,0.22,0.20,0.32,0.46,1.69
t=136 field hdg=293.8 enc=8061;13653 xy=-77;-401 want=45 str=1.36 l=1.71 r=0.51 tick=523613 goal=0 here=0 d11=0.66 B=0.73,0.39,0.28,0.31,0.33,0.40,0.74,1.22,0.40,0.24,0.24,0.23,0.21,0.31,0.45,1.69
t=137 field hdg=290.5 enc=8060;13655 xy=-77;-402 want=46 str=1.42 l=1.71 r=0.50 tick=523633 goal=0 here=0 d11=0.66 B=0.72,0.40,0.28,0.30,0.32,0.40,0.74,1.23,0.41,0.23,0.23,0.23,0.20,0.31,0.46,1.69
t=137 field hdg=290.0 enc=8061;13655 xy=-77;-402 want=46 str=1.45 l=1.71 r=0.48 tick=523653 goal=0 here=0 d11=0.65 B=0.71,0.40,0.28,0.30,0.33,0.41,0.73,1.23,0.39,0.24,0.23,0.22,0.20,0.30,0.47,1.69
t=137 STUCK mv=11 want=46
t=140 field hdg=277.0 enc=8095;13609 xy=-77;-402 want=89 str=1.02 l=2.00 r=0.61 tick=523980 goal=0 here=0 d11=0.62 B=1.74,0.51,0.33,0.28,0.32,0.35,0.48,1.33,1.23,0.33,0.24,0.23,0.21,0.21,0.39,0.71
t=140 field hdg=276.4 enc=8096;13613 xy=-77;-404 want=88 str=1.09 l=2.00 r=0.62 tick=523999 goal=0 here=0 d11=0.62 B=1.73,0.50,0.32,0.29,0.32,0.35,0.47,1.33,1.24,0.33,0.23,0.23,0.19,0.21,0.39,0.71
t=140 field hdg=275.1 enc=8095;13614 xy=-77;-404 want=90 str=1.09 l=2.00 r=0.60 tick=524018 goal=0 here=0 d11=0.62 B=1.72,0.52,0.34,0.28,0.34,0.36,0.47,1.34,1.25,0.32,0.22,0.23,0.21,0.20,0.39,0.69
t=141 field hdg=274.0 enc=8095;13615 xy=-77;-405 want=90 str=0.98 l=2.00 r=0.59 tick=524037 goal=0 here=0 d11=0.63 B=1.73,0.50,0.32,0.28,0.33,0.35,0.48,1.31,1.23,0.32,0.25,0.24,0.22,0.20,0.41,0.71
t=141 field hdg=274.2 enc=8095;13617 xy=-77;-406 want=88 str=1.09 l=2.00 r=0.63 tick=524056 goal=0 here=0 d11=0.61 B=1.72,0.49,0.31,0.29,0.32,0.34,0.48,1.33,1.24,0.32,0.23,0.23,0.20,0.21,0.40,0.72
t=141 field hdg=279.7 enc=8095;13621 xy=-76;-408 want=87 str=1.02 l=2.00 r=0.64 tick=524078 goal=0 here=0 d11=0.62 B=1.74,0.51,0.32,0.29,0.32,0.35,0.49,1.32,1.24,0.32,0.23,0.24,0.22,0.21,0.42,0.72
t=141 field hdg=276.9 enc=8097;13621 xy=-76;-409 want=80 str=0.92 l=2.00 r=0.73 tick=524097 goal=0 here=0 d11=0.61 B=1.73,0.48,0.31,0.28,0.32,0.34,0.49,1.33,1.19,0.32,0.22,0.25,0.22,0.22,0.42,0.79
t=141 field hdg=279.6 enc=8097;13623 xy=-76;-410 want=78 str=0.94 l=2.00 r=0.75 tick=524118 goal=0 here=0 d11=0.63 B=1.74,0.50,0.32,0.28,0.32,0.36,0.49,1.31,1.17,0.30,0.25,0.23,0.21,0.22,0.44,0.81
t=142 field hdg=277.0 enc=8097;13626 xy=-76;-411 want=76 str=0.97 l=2.00 r=0.79 tick=524137 goal=0 here=0 d11=0.64 B=1.74,0.51,0.31,0.29,0.33,0.34,0.48,1.31,1.15,0.30,0.23,0.25,0.22,0.21,0.43,0.82
t=142 field hdg=277.9 enc=8096;13627 xy=-76;-411 want=77 str=0.88 l=2.00 r=0.62 tick=524156 goal=0 here=0 d11=0.63 B=1.50,0.50,0.32,0.28,0.33,0.35,0.48,1.30,1.14,0.31,0.23,0.24,0.21,0.23,0.43,1.00
t=142 field hdg=279.7 enc=8095;13630 xy=-76;-412 want=79 str=0.90 l=2.00 r=0.58 tick=524175 goal=0 here=0 d11=0.64 B=1.48,0.50,0.30,0.28,0.32,0.35,0.49,1.31,1.15,0.29,0.24,0.24,0.20,0.23,0.43,1.01
t=142 field hdg=280.1 enc=8096;13630 xy=-75;-413 want=77 str=0.87 l=2.00 r=0.59 tick=524194 goal=0 here=0 d11=0.61 B=1.46,0.49,0.30,0.28,0.33,0.34,0.49,1.31,1.11,0.31,0.22,0.25,0.22,0.21,0.44,1.03
t=142 field hdg=279.8 enc=8096;13632 xy=-75;-414 want=59 str=1.02 l=2.00 r=0.84 tick=524212 goal=0 here=0 d11=0.63 B=1.47,0.49,0.30,0.27,0.33,0.34,0.49,1.30,0.85,0.29,0.23,0.23,0.20,0.23,0.43,1.04
t=143 field hdg=280.3 enc=8095;13636 xy=-75;-415 want=58 str=1.05 l=2.00 r=0.84 tick=524231 goal=0 here=0 d11=0.64 B=1.46,0.49,0.31,0.28,0.32,0.34,0.49,1.28,0.83,0.29,0.22,0.23,0.21,0.22,0.44,1.04
t=143 field hdg=282.1 enc=8096;13637 xy=-75;-416 want=58 str=1.03 l=2.00 r=0.84 tick=524250 goal=0 here=0 d11=0.63 B=1.45,0.49,0.30,0.28,0.33,0.35,0.50,1.29,0.81,0.29,0.23,0.24,0.20,0.23,0.43,1.04
t=143 field hdg=282.8 enc=8097;13639 xy=-74;-418 want=57 str=0.96 l=2.00 r=0.85 tick=524269 goal=0 here=0 d11=0.65 B=1.44,0.49,0.31,0.28,0.32,0.35,0.50,1.29,0.80,0.29,0.23,0.24,0.21,0.22,0.42,1.05
t=143 field hdg=282.3 enc=8097;13640 xy=-74;-418 want=56 str=0.97 l=2.00 r=0.85 tick=524288 goal=0 here=0 d11=0.65 B=1.43,0.49,0.29,0.28,0.33,0.35,0.49,1.31,0.79,0.29,0.23,0.25,0.20,0.24,0.44,1.06
t=143 field hdg=281.5 enc=8095;13642 xy=-74;-418 want=60 str=1.02 l=2.00 r=0.74 tick=524310 goal=0 here=0 d11=0.66 B=1.33,0.48,0.29,0.28,0.33,0.35,0.48,1.30,0.77,0.28,0.23,0.23,0.20,0.23,0.44,1.06
t=144 field hdg=279.9 enc=8097;13646 xy=-74;-421 want=55 str=1.09 l=2.00 r=0.77 tick=524332 goal=0 here=0 d11=0.65 B=1.29,0.48,0.31,0.29,0.33,0.35,0.48,1.30,0.73,0.27,0.21,0.24,0.20,0.25,0.44,1.08
t=144 field hdg=284.4 enc=8095;13648 xy=-74;-421 want=58 str=0.86 l=2.00 r=0.69 tick=524351 goal=0 here=0 d11=0.65 B=1.22,0.48,0.29,0.28,0.34,0.35,0.49,1.30,0.69,0.28,0.25,0.24,0.21,0.24,0.44,1.08
t=144 field hdg=283.1 enc=8097;13650 xy=-73;-423 want=56 str=0.88 l=2.00 r=0.70 tick=524372 goal=0 here=0 d11=0.65 B=1.20,0.48,0.29,0.28,0.34,0.34,0.51,1.31,0.67,0.27,0.25,0.24,0.21,0.25,0.43,1.09
t=144 field hdg=281.6 enc=8097;13652 xy=-73;-424 want=55 str=1.01 l=2.00 r=0.70 tick=524391 goal=0 here=0 d11=0.66 B=1.19,0.48,0.29,0.28,0.34,0.36,0.52,1.31,0.66,0.27,0.23,0.24,0.19,0.25,0.46,1.11
t=144 field hdg=287.3 enc=8096;13651 xy=-74;-423 want=56 str=1.03 l=2.00 r=0.68 tick=524410 goal=0 here=0 d11=0.64 B=1.18,0.48,0.28,0.28,0.33,0.36,0.52,1.31,0.64,0.25,0.23,0.23,0.19,0.24,0.44,1.11
t=145 field hdg=286.8 enc=8097;13654 xy=-73;-425 want=51 str=0.93 l=2.00 r=0.73 tick=524429 goal=0 here=0 d11=0.64 B=1.16,0.47,0.29,0.29,0.32,0.35,0.52,1.31,0.65,0.26,0.23,0.25,0.21,0.25,0.44,1.15
t=145 field hdg=280.7 enc=8096;13657 xy=-73;-426 want=34 str=1.06 l=1.85 r=0.96 tick=524448 goal=0 here=0 d11=0.66 B=1.15,0.48,0.29,0.29,0.32,0.36,0.52,1.30,0.66,0.26,0.24,0.24,0.20,0.27,0.45,1.47
t=145 field hdg=287.5 enc=8097;13656 xy=-73;-426 want=38 str=1.08 l=1.89 r=0.88 tick=524466 goal=0 here=0 d11=0.64 B=1.12,0.47,0.29,0.29,0.33,0.36,0.53,1.32,0.65,0.27,0.23,0.24,0.19,0.27,0.44,1.48
t=145 field hdg=284.2 enc=8096;13659 xy=-72;-427 want=35 str=1.06 l=1.87 r=0.93 tick=524485 goal=0 here=0 d11=0.65 B=1.14,0.47,0.28,0.28,0.32,0.36,0.53,1.31,0.65,0.27,0.24,0.23,0.20,0.27,0.45,1.49
t=145 field hdg=285.0 enc=8095;13658 xy=-73;-426 want=32 str=1.03 l=1.81 r=0.96 tick=524504 goal=0 here=0 d11=0.64 B=1.12,0.48,0.29,0.29,0.32,0.36,0.52,1.31,0.64,0.27,0.23,0.24,0.22,0.27,0.45,1.48
t=145 field hdg=284.1 enc=8096;13660 xy=-72;-427 want=33 str=1.05 l=1.82 r=0.95 tick=524523 goal=0 here=0 d11=0.67 B=1.12,0.48,0.29,0.29,0.34,0.36,0.54,1.31,0.64,0.26,0.26,0.24,0.19,0.28,0.45,1.51
t=146 field hdg=283.6 enc=8095;13660 xy=-73;-427 want=30 str=1.02 l=1.77 r=0.98 tick=524542 goal=0 here=0 d11=0.65 B=1.11,0.47,0.29,0.28,0.34,0.36,0.54,1.32,0.65,0.26,0.24,0.24,0.20,0.29,0.45,1.51
t=146 field hdg=280.5 enc=8097;13662 xy=-72;-429 want=35 str=1.06 l=1.84 r=0.91 tick=524563 goal=0 here=0 d11=0.65 B=1.11,0.47,0.29,0.29,0.33,0.37,0.54,1.30,0.65,0.27,0.24,0.24,0.19,0.27,0.44,1.51
t=146 field hdg=284.3 enc=8095;13662 xy=-72;-428 want=28 str=1.01 l=1.74 r=0.99 tick=524584 goal=0 here=0 d11=0.65 B=1.09,0.48,0.28,0.30,0.33,0.36,0.53,1.30,0.64,0.26,0.25,0.23,0.22,0.29,0.45,1.52
t=146 STUCK mv=11 want=24
t=149 field hdg=267.7 enc=8132;13618 xy=-72;-430 want=91 str=1.47 l=2.00 r=0.58 tick=524910 goal=0 here=0 d11=0.65 B=1.76,0.68,0.37,0.26,0.31,0.33,0.44,1.32,1.26,0.39,0.23,0.24,0.22,0.21,0.33,0.46
t=150 field hdg=272.7 enc=8131;13621 xy=-72;-431 want=92 str=1.51 l=2.00 r=0.57 tick=524929 goal=0 here=0 d11=0.66 B=1.75,0.68,0.38,0.27,0.31,0.34,0.44,1.32,1.26,0.39,0.24,0.25,0.21,0.20,0.34,0.46
t=150 field hdg=266.1 enc=8132;13620 xy=-72;-431 want=121 str=1.33 l=2.00 r=0.18 tick=524948 goal=0 here=0 d11=0.65 B=1.76,0.54,0.37,0.27,0.31,0.33,0.45,1.32,1.27,0.38,0.25,0.25,0.22,0.22,0.34,0.47
t=150 field hdg=272.5 enc=8132;13623 xy=-72;-433 want=119 str=1.37 l=2.00 r=0.21 tick=524967 goal=0 here=0 d11=0.66 B=1.75,0.52,0.35,0.28,0.29,0.34,0.46,1.31,1.27,0.36,0.24,0.25,0.21,0.21,0.34,0.50
t=150 field hdg=273.9 enc=8130;13624 xy=-72;-432 want=99 str=1.00 l=2.00 r=0.48 tick=524985 goal=0 here=0 d11=0.66 B=1.75,0.52,0.36,0.27,0.29,0.35,0.45,1.33,1.27,0.38,0.23,0.25,0.22,0.20,0.34,0.59
t=150 field hdg=276.1 enc=8131;13626 xy=-72;-434 want=94 str=0.94 l=2.00 r=0.55 tick=525005 goal=0 here=0 d11=0.65 B=1.76,0.50,0.37,0.27,0.30,0.35,0.46,1.32,1.27,0.37,0.24,0.25,0.22,0.20,0.34,0.67
t=151 field hdg=271.2 enc=8131;13630 xy=-72;-436 want=93 str=1.01 l=2.00 r=0.56 tick=525024 goal=0 here=0 d11=0.65 B=1.75,0.50,0.35,0.28,0.31,0.34,0.46,1.33,1.27,0.38,0.24,0.23,0.21,0.21,0.36,0.66
t=151 field hdg=272.6 enc=8132;13630 xy=-72;-436 want=95 str=0.92 l=2.00 r=0.53 tick=525048 goal=0 here=0 d11=0.67 B=1.74,0.49,0.34,0.28,0.31,0.33,0.46,1.32,1.27,0.37,0.25,0.25,0.22,0.21,0.35,0.68
t=151 field hdg=272.7 enc=8130;13633 xy=-72;-437 want=97 str=0.93 l=2.00 r=0.50 tick=525066 goal=0 here=0 d11=0.66 B=1.73,0.47,0.36,0.27,0.30,0.34,0.48,1.32,1.28,0.35,0.25,0.25,0.21,0.21,0.36,0.67
t=151 field hdg=272.4 enc=8131;13636 xy=-72;-439 want=94 str=1.05 l=2.00 r=0.54 tick=525088 goal=0 here=0 d11=0.65 B=1.72,0.49,0.34,0.27,0.31,0.33,0.46,1.33,1.26,0.34,0.23,0.23,0.21,0.20,0.38,0.67
t=151 field hdg=276.9 enc=8132;13638 xy=-71;-440 want=93 str=1.03 l=2.00 r=0.56 tick=525107 goal=0 here=0 d11=0.65 B=1.72,0.49,0.33,0.28,0.30,0.33,0.47,1.31,1.28,0.35,0.23,0.24,0.20,0.21,0.38,0.68
t=152 field hdg=271.3 enc=8130;13638 xy=-71;-439 want=98 str=1.02 l=2.00 r=0.49 tick=525126 goal=0 here=0 d11=0.66 B=1.71,0.48,0.34,0.28,0.31,0.35,0.48,1.34,1.27,0.35,0.25,0.23,0.21,0.21,0.39,0.66
t=152 field hdg=273.7 enc=8131;13642 xy=-71;-442 want=92 str=0.99 l=2.00 r=0.57 tick=525151 goal=0 here=0 d11=0.65 B=1.71,0.49,0.35,0.28,0.31,0.34,0.48,1.33,1.25,0.34,0.24,0.24,0.20,0.22,0.38,0.69
t=152 field hdg=275.9 enc=8131;13642 xy=-71;-442 want=97 str=0.98 l=2.00 r=0.51 tick=525172 goal=0 here=0 d11=0.66 B=1.71,0.50,0.33,0.27,0.31,0.34,0.47,1.34,1.26,0.35,0.25,0.24,0.21,0.20,0.40,0.69
t=152 field hdg=274.9 enc=8130;13645 xy=-71;-443 want=97 str=0.91 l=2.00 r=0.50 tick=525191 goal=0 here=0 d11=0.65 B=1.70,0.48,0.33,0.27,0.30,0.35,0.48,1.34,1.26,0.34,0.24,0.24,0.20,0.23,0.39,0.68
t=152 field hdg=276.1 enc=8131;13648 xy=-71;-445 want=97 str=0.97 l=2.00 r=0.51 tick=525210 goal=0 here=0 d11=0.66 B=1.71,0.49,0.33,0.26,0.33,0.34,0.48,1.35,1.27,0.33,0.24,0.25,0.21,0.20,0.40,0.71
t=153 field hdg=279.0 enc=8132;13649 xy=-71;-446 want=93 str=0.94 l=2.00 r=0.56 tick=525229 goal=0 here=0 d11=0.66 B=1.71,0.48,0.34,0.27,0.32,0.35,0.48,1.35,1.26,0.33,0.23,0.25,0.20,0.23,0.42,0.71
t=153 field hdg=279.3 enc=8132;13652 xy=-71;-447 want=94 str=0.94 l=2.00 r=0.54 tick=525248 goal=0 here=0 d11=0.66 B=1.71,0.49,0.33,0.27,0.32,0.34,0.49,1.34,1.26,0.32,0.24,0.24,0.21,0.22,0.42,0.70
t=153 field hdg=275.5 enc=8131;13654 xy=-71;-448 want=96 str=0.90 l=2.00 r=0.51 tick=525267 goal=0 here=0 d11=0.66 B=1.72,0.48,0.33,0.27,0.33,0.34,0.48,1.34,1.26,0.33,0.25,0.25,0.21,0.22,0.42,0.71
t=153 field hdg=281.3 enc=8130;13656 xy=-70;-448 want=92 str=0.94 l=2.00 r=0.56 tick=525286 goal=0 here=0 d11=0.65 B=1.70,0.49,0.33,0.27,0.32,0.34,0.49,1.33,1.26,0.31,0.24,0.24,0.19,0.22,0.43,0.77
t=153 field hdg=274.6 enc=8132;13657 xy=-70;-450 want=85 str=0.90 l=2.00 r=0.67 tick=525304 goal=0 here=0 d11=0.67 B=1.71,0.48,0.32,0.27,0.30,0.35,0.49,1.34,1.24,0.31,0.23,0.24,0.21,0.23,0.43,0.80
t=154 field hdg=273.0 enc=8131;13658 xy=-70;-450 want=86 str=0.89 l=2.00 r=0.65 tick=525323 goal=0 here=0 d11=0.65 B=1.71,0.49,0.31,0.27,0.32,0.35,0.50,1.35,1.20,0.31,0.24,0.26,0.20,0.22,0.43,0.81
t=154 field hdg=278.5 enc=8132;13659 xy=-70;-451 want=69 str=0.87 l=2.00 r=0.88 tick=525342 goal=0 here=0 d11=0.65 B=1.72,0.49,0.30,0.27,0.32,0.35,0.49,1.33,1.17,0.32,0.24,0.24,0.21,0.23,0.41,0.97
t=154 field hdg=281.0 enc=8132;13662 xy=-70;-452 want=84 str=0.83 l=2.00 r=0.53 tick=525361 goal=0 here=0 d11=0.65 B=1.49,0.48,0.31,0.27,0.32,0.34,0.49,1.33,1.17,0.30,0.24,0.24,0.20,0.23,0.42,0.99
t=154 field hdg=281.4 enc=8130;13663 xy=-70;-452 want=82 str=0.80 l=2.00 r=0.53 tick=525382 goal=0 here=0 d11=0.65 B=1.48,0.47,0.32,0.27,0.32,0.34,0.50,1.32,1.15,0.30,0.25,0.24,0.21,0.23,0.41,1.00
t=154 field hdg=279.1 enc=8131;13666 xy=-70;-454 want=77 str=0.85 l=2.00 r=0.59 tick=525401 goal=0 here=0 d11=0.64 B=1.46,0.48,0.31,0.27,0.31,0.37,0.49,1.32,1.13,0.29,0.23,0.24,0.20,0.23,0.42,1.02
t=154 field hdg=281.6 enc=8132;13669 xy=-69;-456 want=61 str=0.90 l=2.00 r=0.80 tick=525422 goal=0 here=0 d11=0.64 B=1.45,0.47,0.30,0.27,0.31,0.35,0.50,1.30,0.86,0.30,0.24,0.24,0.19,0.25,0.42,1.01
t=155 field hdg=280.5 enc=8132;13671 xy=-69;-457 want=59 str=0.90 l=2.00 r=0.82 tick=525441 goal=0 here=0 d11=0.66 B=1.44,0.46,0.31,0.26,0.32,0.35,0.49,1.32,0.84,0.29,0.24,0.24,0.20,0.24,0.42,1.03
t=155 field hdg=280.1 enc=8130;13672 xy=-69;-456 want=59 str=0.93 l=2.00 r=0.83 tick=525460 goal=0 here=0 d11=0.64 B=1.44,0.46,0.30,0.28,0.33,0.35,0.51,1.32,0.83,0.29,0.24,0.24,0.20,0.25,0.42,1.04
t=155 field hdg=282.8 enc=8132;13673 xy=-69;-458 want=58 str=0.93 l=2.00 r=0.84 tick=525478 goal=0 here=0 d11=0.65 B=1.44,0.47,0.30,0.27,0.33,0.35,0.50,1.32,0.82,0.29,0.23,0.24,0.21,0.24,0.42,1.04
t=155 field hdg=279.1 enc=8131;13677 xy=-69;-459 want=53 str=0.84 l=2.00 r=0.89 tick=525500 goal=0 here=0 d11=0.66 B=1.42,0.48,0.30,0.26,0.33,0.35,0.52,1.32,0.81,0.28,0.25,0.24,0.21,0.26,0.42,1.05
t=155 field hdg=280.5 enc=8132;13679 xy=-68;-460 want=56 str=0.88 l=2.00 r=0.81 tick=525521 goal=0 here=0 d11=0.65 B=1.36,0.47,0.31,0.27,0.33,0.34,0.51,1.31,0.79,0.27,0.25,0.25,0.20,0.26,0.42,1.05
t=156 field hdg=282.0 enc=8132;13679 xy=-68;-460 want=59 str=0.82 l=2.00 r=0.70 tick=525543 goal=0 here=0 d11=0.65 B=1.27,0.46,0.29,0.27,0.32,0.35,0.51,1.32,0.74,0.27,0.25,0.25,0.20,0.25,0.43,1.06
t=156 field hdg=284.7 enc=8132;13681 xy=-68;-461 want=57 str=0.93 l=2.00 r=0.69 tick=525562 goal=0 here=0 d11=0.65 B=1.21,0.47,0.30,0.27,0.33,0.35,0.51,1.31,0.70,0.28,0.24,0.23,0.20,0.26,0.45,1.09
t=156 field hdg=286.0 enc=8132;13685 xy=-68;-463 want=53 str=0.73 l=2.00 r=0.72 tick=525581 goal=0 here=0 d11=0.65 B=1.19,0.47,0.28,0.27,0.30,0.36,0.50,1.31,0.69,0.27,0.24,0.25,0.21,0.28,0.42,1.09
t=156 field hdg=281.7 enc=8132;13686 xy=-67;-464 want=57 str=0.81 l=2.00 r=0.66 tick=525602 goal=0 here=0 d11=0.64 B=1.17,0.47,0.29,0.27,0.33,0.36,0.52,1.32,0.67,0.27,0.26,0.23,0.20,0.27,0.42,1.09
t=156 field hdg=285.0 enc=8130;13689 xy=-67;-464 want=57 str=0.85 l=2.00 r=0.65 tick=525621 goal=0 here=0 d11=0.64 B=1.16,0.46,0.28,0.28,0.32,0.36,0.52,1.31,0.67,0.27,0.25,0.24,0.19,0.27,0.44,1.11
t=157 field hdg=286.3 enc=8132;13689 xy=-67;-465 want=47 str=0.88 l=2.00 r=0.78 tick=525640 goal=0 here=0 d11=0.66 B=1.14,0.48,0.28,0.28,0.34,0.37,0.52,1.32,0.67,0.27,0.25,0.24,0.19,0.27,0.43,1.29
t=157 field hdg=284.7 enc=8132;13691 xy=-67;-466 want=33 str=0.95 l=1.83 r=0.94 tick=525659 goal=0 here=0 d11=0.66 B=1.12,0.46,0.28,0.26,0.31,0.37,0.52,1.33,0.66,0.25,0.25,0.23,0.19,0.28,0.43,1.47
t=157 field hdg=284.2 enc=8132;13693 xy=-67;-467 want=34 str=0.93 l=1.84 r=0.93 tick=525678 goal=0 here=0 d11=0.66 B=1.13,0.47,0.28,0.28,0.33,0.35,0.54,1.32,0.67,0.26,0.26,0.24,0.20,0.27,0.43,1.47
t=157 field hdg=286.3 enc=8130;13693 xy=-67;-466 want=35 str=0.92 l=1.85 r=0.93 tick=525697 goal=0 here=0 d11=0.64 B=1.13,0.48,0.29,0.27,0.33,0.36,0.51,1.33,0.68,0.27,0.24,0.24,0.20,0.28,0.43,1.47
t=157 field hdg=283.9 enc=8130;13693 xy=-67;-466 want=38 str=1.05 l=1.88 r=0.88 tick=525717 goal=0 here=0 d11=0.66 B=1.11,0.45,0.29,0.30,0.33,0.37,0.51,1.33,0.67,0.26,0.27,0.21,0.19,0.28,0.44,1.49
t=158 field hdg=283.5 enc=8131;13696 xy=-66;-468 want=33 str=0.99 l=1.83 r=0.94 tick=525736 goal=0 here=0 d11=0.65 B=1.12,0.46,0.29,0.27,0.34,0.34,0.54,1.32,0.67,0.27,0.24,0.22,0.20,0.29,0.43,1.47
t=158 field hdg=290.3 enc=8131;13695 xy=-66;-468 want=34 str=0.98 l=1.82 r=0.92 tick=525754 goal=0 here=0 d11=0.66 B=1.10,0.46,0.28,0.29,0.33,0.36,0.53,1.33,0.66,0.27,0.25,0.22,0.19,0.30,0.42,1.49
t=158 field hdg=284.3 enc=8130;13698 xy=-66;-469 want=36 str=0.96 l=1.84 r=0.88 tick=525776 goal=0 here=0 d11=0.65 B=1.09,0.46,0.29,0.28,0.33,0.36,0.53,1.34,0.66,0.27,0.25,0.23,0.19,0.28,0.44,1.51
t=158 field hdg=286.8 enc=8131;13698 xy=-66;-469 want=30 str=1.02 l=1.76 r=0.96 tick=525795 goal=0 here=0 d11=0.65 B=1.08,0.46,0.28,0.28,0.33,0.36,0.54,1.34,0.66,0.26,0.25,0.23,0.19,0.29,0.43,1.60
t=158 field hdg=284.9 enc=8132;13699 xy=-66;-470 want=27 str=1.18 l=1.71 r=0.99 tick=525814 goal=0 here=0 d11=0.65 B=1.07,0.47,0.30,0.29,0.31,0.37,0.55,1.32,0.66,0.26,0.25,0.22,0.19,0.30,0.42,1.70
t=159 field hdg=283.7 enc=8131;13701 xy=-66;-471 want=23 str=1.07 l=1.66 r=1.04 tick=525833 goal=0 here=0 d11=0.65 B=1.07,0.45,0.29,0.28,0.34,0.37,0.55,1.32,0.65,0.27,0.25,0.23,0.19,0.31,0.44,1.70
t=159 field hdg=281.9 enc=8133;13700 xy=-66;-471 want=26 str=1.13 l=1.69 r=1.00 tick=525851 goal=0 here=0 d11=0.64 B=1.06,0.45,0.29,0.28,0.33,0.36,0.53,1.33,0.65,0.25,0.25,0.23,0.20,0.28,0.43,1.70
t=159 field hdg=288.7 enc=8131;13703 xy=-65;-472 want=24 str=1.10 l=1.66 r=1.02 tick=525870 goal=0 here=0 d11=0.65 B=1.06,0.47,0.29,0.27,0.33,0.37,0.54,1.33,0.65,0.25,0.25,0.22,0.19,0.30,0.44,1.69
t=159 field hdg=289.2 enc=8133;13704 xy=-65;-473 want=24 str=1.09 l=1.65 r=1.02 tick=525889 goal=0 here=0 d11=0.65 B=1.05,0.45,0.29,0.28,0.34,0.36,0.53,1.31,0.65,0.26,0.24,0.23,0.21,0.28,0.43,1.71
t=159 field hdg=287.2 enc=8133;13705 xy=-65;-474 want=55 str=0.96 l=2.00 r=0.61 tick=525908 goal=0 here=0 d11=0.63 B=1.07,0.46,0.28,0.27,0.33,0.36,0.55,1.34,0.66,0.25,0.27,0.22,0.20,0.30,0.43,1.69
t=160 field hdg=286.0 enc=8133;13706 xy=-65;-474 want=60 str=0.85 l=2.00 r=0.47 tick=525930 goal=0 here=0 d11=0.65 B=0.95,0.46,0.26,0.27,0.31,0.36,0.55,1.32,0.65,0.26,0.26,0.22,0.20,0.30,0.43,1.68
t=160 field hdg=284.5 enc=8134;13709 xy=-64;-476 want=33 str=0.89 l=1.63 r=0.74 tick=525960 goal=0 here=0 d11=0.64 B=0.83,0.46,0.29,0.27,0.34,0.37,0.54,1.32,0.65,0.26,0.26,0.21,0.19,0.29,0.43,1.68
t=160 field hdg=283.3 enc=8133;13711 xy=-64;-476 want=41 str=1.22 l=1.71 r=0.61 tick=525984 goal=0 here=0 d11=0.66 B=0.80,0.45,0.27,0.27,0.33,0.36,0.56,1.31,0.46,0.27,0.25,0.21,0.20,0.31,0.44,1.66
t=160 field hdg=288.4 enc=8135;13712 xy=-64;-478 want=40 str=1.28 l=1.69 r=0.62 tick=526003 goal=0 here=0 d11=0.65 B=0.80,0.45,0.28,0.27,0.34,0.36,0.55,1.30,0.46,0.26,0.25,0.22,0.19,0.32,0.42,1.66
t=161 field hdg=285.7 enc=8133;13711 xy=-64;-476 want=39 str=1.27 l=1.68 r=0.64 tick=526024 goal=0 here=0 d11=0.65 B=0.80,0.44,0.28,0.27,0.33,0.36,0.56,1.29,0.46,0.25,0.26,0.22,0.21,0.31,0.43,1.66
t=161 field hdg=287.5 enc=8133;13712 xy=-64;-477 want=43 str=1.17 l=1.71 r=0.57 tick=526045 goal=0 here=0 d11=0.64 B=0.78,0.46,0.26,0.27,0.33,0.38,0.64,1.28,0.47,0.25,0.26,0.23,0.20,0.31,0.42,1.66
t=161 field hdg=289.3 enc=8133;13713 xy=-64;-477 want=49 str=1.16 l=1.80 r=0.49 tick=526064 goal=0 here=0 d11=0.64 B=0.78,0.46,0.26,0.28,0.32,0.37,0.73,1.29,0.45,0.27,0.26,0.23,0.20,0.29,0.42,1.65
t=161 field hdg=289.7 enc=8133;13714 xy=-64;-478 want=49 str=1.14 l=1.80 r=0.49 tick=526083 goal=0 here=0 d11=0.63 B=0.78,0.46,0.27,0.28,0.32,0.38,0.73,1.29,0.45,0.27,0.26,0.22,0.21,0.32,0.43,1.65
t=161 field hdg=287.0 enc=8134;13716 xy=-63;-479 want=48 str=1.19 l=1.77 r=0.51 tick=526107 goal=0 here=0 d11=0.64 B=0.77,0.44,0.28,0.27,0.33,0.36,0.73,1.29,0.44,0.27,0.25,0.22,0.20,0.33,0.43,1.66
t=162 field hdg=286.6 enc=8133;13718 xy=-63;-480 want=48 str=1.19 l=1.79 r=0.50 tick=526128 goal=0 here=0 d11=0.64 B=0.77,0.45,0.27,0.29,0.33,0.38,0.73,1.28,0.43,0.26,0.26,0.23,0.21,0.31,0.43,1.65
t=162 field hdg=288.8 enc=8133;13717 xy=-63;-479 want=49 str=1.18 l=1.79 r=0.48 tick=526147 goal=0 here=0 d11=0.64 B=0.76,0.45,0.26,0.27,0.34,0.38,0.75,1.27,0.44,0.25,0.26,0.21,0.20,0.31,0.43,1.63
t=162 STUCK mv=11 want=49
t=165 field hdg=273.5 enc=8168;13673 xy=-63;-480 want=100 str=0.99 l=2.00 r=0.47 tick=526474 goal=0 here=0 d11=0.64 B=1.72,0.47,0.35,0.27,0.31,0.35,0.46,1.35,1.29,0.37,0.25,0.24,0.21,0.21,0.40,0.66
t=165 field hdg=273.9 enc=8169;13676 xy=-62;-482 want=103 str=0.91 l=2.00 r=0.43 tick=526493 goal=0 here=0 d11=0.63 B=1.71,0.47,0.33,0.26,0.30,0.33,0.47,1.34,1.29,0.37,0.26,0.25,0.19,0.22,0.40,0.66
t=165 field hdg=275.2 enc=8169;13677 xy=-62;-483 want=100 str=0.92 l=2.00 r=0.46 tick=526512 goal=0 here=0 d11=0.62 B=1.70,0.48,0.35,0.26,0.30,0.34,0.47,1.35,1.28,0.36,0.25,0.24,0.20,0.23,0.40,0.66
t=166 field hdg=273.4 enc=8170;13679 xy=-62;-484 want=102 str=0.97 l=2.00 r=0.43 tick=526531 goal=0 here=0 d11=0.65 B=1.70,0.48,0.35,0.27,0.31,0.35,0.47,1.35,1.29,0.36,0.26,0.24,0.20,0.22,0.42,0.67
t=166 field hdg=275.2 enc=8168;13680 xy=-62;-484 want=98 str=0.92 l=2.00 r=0.47 tick=526549 goal=0 here=0 d11=0.65 B=1.69,0.47,0.34,0.26,0.29,0.34,0.46,1.33,1.27,0.36,0.24,0.25,0.19,0.22,0.42,0.68
t=166 field hdg=274.7 enc=8170;13682 xy=-62;-486 want=101 str=0.91 l=2.00 r=0.42 tick=526571 goal=0 here=0 d11=0.65 B=1.68,0.46,0.34,0.26,0.31,0.34,0.47,1.36,1.27,0.36,0.25,0.25,0.20,0.23,0.41,0.69
t=166 field hdg=277.1 enc=8170;13685 xy=-62;-487 want=99 str=0.94 l=2.00 r=0.46 tick=526590 goal=0 here=0 d11=0.65 B=1.69,0.47,0.34,0.26,0.31,0.35,0.48,1.35,1.28,0.35,0.24,0.24,0.21,0.22,0.41,0.68
t=166 field hdg=277.1 enc=8169;13686 xy=-62;-487 want=100 str=0.89 l=2.00 r=0.45 tick=526613 goal=0 here=0 d11=0.62 B=1.69,0.47,0.33,0.27,0.29,0.34,0.48,1.35,1.28,0.34,0.25,0.24,0.20,0.24,0.42,0.68
t=167 field hdg=276.0 enc=8170;13687 xy=-62;-488 want=102 str=0.91 l=2.00 r=0.42 tick=526632 goal=0 here=0 d11=0.64 B=1.68,0.46,0.33,0.26,0.30,0.34,0.49,1.37,1.27,0.33,0.26,0.24,0.20,0.24,0.41,0.69
t=167 field hdg=276.8 enc=8168;13691 xy=-62;-489 want=97 str=0.85 l=2.00 r=0.49 tick=526654 goal=0 here=0 d11=0.65 B=1.68,0.47,0.31,0.25,0.29,0.34,0.49,1.36,1.27,0.33,0.25,0.24,0.19,0.24,0.42,0.76
t=167 field hdg=276.6 enc=8168;13691 xy=-62;-489 want=96 str=0.82 l=2.00 r=0.50 tick=526672 goal=0 here=0 d11=0.65 B=1.69,0.47,0.32,0.25,0.31,0.34,0.49,1.36,1.27,0.31,0.26,0.23,0.21,0.24,0.41,0.76
t=167 field hdg=277.1 enc=8169;13695 xy=-61;-492 want=94 str=0.79 l=2.00 r=0.53 tick=526691 goal=0 here=0 d11=0.65 B=1.69,0.46,0.32,0.26,0.29,0.34,0.50,1.35,1.29,0.32,0.25,0.24,0.20,0.24,0.41,0.79
t=167 field hdg=276.0 enc=8169;13697 xy=-61;-493 want=79 str=0.74 l=2.00 r=0.74 tick=526710 goal=0 here=0 d11=0.65 B=1.70,0.47,0.31,0.27,0.30,0.34,0.49,1.34,1.24,0.31,0.26,0.26,0.20,0.24,0.41,0.96
t=168 field hdg=280.5 enc=8169;13697 xy=-61;-493 want=75 str=0.80 l=2.00 r=0.79 tick=526729 goal=0 here=0 d11=0.65 B=1.70,0.47,0.32,0.27,0.31,0.34,0.50,1.34,1.20,0.33,0.26,0.24,0.20,0.24,0.42,0.97
t=168 field hdg=281.6 enc=8168;13701 xy=-61;-494 want=75 str=0.80 l=2.00 r=0.79 tick=526747 goal=0 here=0 d11=0.63 B=1.70,0.46,0.30,0.28,0.32,0.34,0.50,1.36,1.19,0.31,0.25,0.25,0.20,0.24,0.41,0.97
t=168 field hdg=277.8 enc=8169;13701 xy=-61;-495 want=88 str=0.73 l=2.00 r=0.44 tick=526766 goal=0 here=0 d11=0.64 B=1.45,0.47,0.32,0.26,0.31,0.35,0.50,1.34,1.17,0.31,0.26,0.23,0.20,0.26,0.42,0.99
t=168 field hdg=277.5 enc=8168;13704 xy=-61;-496 want=85 str=0.76 l=2.00 r=0.48 tick=526785 goal=0 here=0 d11=0.64 B=1.44,0.47,0.31,0.26,0.30,0.35,0.51,1.34,1.15,0.31,0.25,0.23,0.19,0.27,0.41,0.99
t=168 field hdg=279.3 enc=8168;13706 xy=-61;-497 want=87 str=0.57 l=2.00 r=0.45 tick=526804 goal=0 here=0 d11=0.65 B=1.43,0.46,0.31,0.25,0.31,0.34,0.51,1.35,1.15,0.31,0.25,0.26,0.20,0.28,0.41,1.00
t=168 field hdg=279.0 enc=8169;13706 xy=-61;-497 want=66 str=0.72 l=2.00 r=0.71 tick=526823 goal=0 here=0 d11=0.65 B=1.42,0.46,0.31,0.26,0.30,0.35,0.51,1.33,0.89,0.30,0.26,0.24,0.20,0.27,0.43,1.00
t=169 field hdg=282.6 enc=8170;13710 xy=-60;-499 want=60 str=0.71 l=2.00 r=0.79 tick=526842 goal=0 here=0 d11=0.66 B=1.41,0.45,0.31,0.26,0.31,0.36,0.53,1.33,0.86,0.31,0.25,0.25,0.21,0.27,0.43,1.01
t=169 field hdg=281.1 enc=8170;13711 xy=-60;-500 want=63 str=0.73 l=2.00 r=0.76 tick=526860 goal=0 here=0 d11=0.64 B=1.41,0.46,0.31,0.27,0.30,0.35,0.52,1.34,0.85,0.30,0.26,0.24,0.20,0.27,0.42,1.03
t=169 field hdg=282.6 enc=8169;13713 xy=-60;-500 want=63 str=0.74 l=2.00 r=0.74 tick=526879 goal=0 here=0 d11=0.66 B=1.40,0.46,0.29,0.26,0.32,0.34,0.52,1.33,0.84,0.29,0.27,0.24,0.19,0.26,0.42,1.03
t=169 field hdg=282.5 enc=8170;13716 xy=-59;-502 want=58 str=0.77 l=2.00 r=0.81 tick=526900 goal=0 here=0 d11=0.65 B=1.40,0.46,0.29,0.27,0.32,0.34,0.52,1.34,0.83,0.31,0.26,0.23,0.19,0.28,0.41,1.05
t=170 field hdg=281.8 enc=8169;13717 xy=-59;-502 want=59 str=0.72 l=2.00 r=0.76 tick=526921 goal=0 here=0 d11=0.67 B=1.35,0.46,0.30,0.26,0.32,0.35,0.51,1.32,0.81,0.29,0.27,0.24,0.19,0.28,0.42,1.05
t=170 field hdg=282.6 enc=8168;13719 xy=-59;-503 want=59 str=0.71 l=2.00 r=0.69 tick=526945 goal=0 here=0 d11=0.66 B=1.25,0.47,0.28,0.26,0.32,0.36,0.53,1.33,0.73,0.29,0.27,0.22,0.20,0.28,0.43,1.06
t=170 field hdg=283.1 enc=8168;13720 xy=-59;-503 want=62 str=0.65 l=2.00 r=0.61 tick=526964 goal=0 here=0 d11=0.68 B=1.20,0.45,0.29,0.26,0.31,0.36,0.52,1.35,0.71,0.30,0.26,0.23,0.21,0.29,0.42,1.06
t=170 field hdg=280.6 enc=8170;13724 xy=-59;-506 want=63 str=0.67 l=2.00 r=0.58 tick=526983 goal=0 here=0 d11=0.66 B=1.16,0.46,0.30,0.26,0.32,0.37,0.52,1.33,0.71,0.30,0.26,0.24,0.20,0.28,0.42,1.08
t=170 field hdg=283.1 enc=8168;13724 xy=-59;-505 want=62 str=0.74 l=2.00 r=0.58 tick=527002 goal=0 here=0 d11=0.68 B=1.15,0.45,0.30,0.26,0.32,0.35,0.53,1.33,0.72,0.27,0.27,0.23,0.20,0.27,0.42,1.10
t=170 field hdg=281.2 enc=8168;13728 xy=-58;-507 want=43 str=0.64 l=1.97 r=0.81 tick=527020 goal=0 here=0 d11=0.68 B=1.13,0.45,0.28,0.26,0.32,0.37,0.52,1.33,0.71,0.28,0.27,0.24,0.20,0.29,0.43,1.27
t=171 field hdg=283.1 enc=8169;13728 xy=-58;-508 want=33 str=0.84 l=1.83 r=0.96 tick=527039 goal=0 here=0 d11=0.66 B=1.13,0.46,0.29,0.27,0.33,0.35,0.52,1.34,0.68,0.28,0.27,0.22,0.20,0.30,0.41,1.44
t=171 field hdg=285.6 enc=8169;13728 xy=-58;-508 want=36 str=0.79 l=1.86 r=0.89 tick=527058 goal=0 here=0 d11=0.69 B=1.11,0.45,0.30,0.27,0.32,0.37,0.53,1.35,0.69,0.29,0.27,0.23,0.19,0.30,0.41,1.44
t=171 field hdg=284.4 enc=8168;13729 xy=-58;-508 want=33 str=0.83 l=1.82 r=0.95 tick=527077 goal=0 here=0 d11=0.68 B=1.12,0.45,0.29,0.26,0.33,0.35,0.52,1.33,0.69,0.27,0.27,0.23,0.19,0.30,0.41,1.45
t=171 field hdg=283.6 enc=8170;13731 xy=-58;-510 want=34 str=0.83 l=1.83 r=0.94 tick=527096 goal=0 here=0 d11=0.67 B=1.12,0.44,0.28,0.25,0.31,0.36,0.53,1.35,0.69,0.27,0.26,0.22,0.20,0.30,0.44,1.45
t=171 field hdg=285.4 enc=8169;13732 xy=-58;-510 want=34 str=0.87 l=1.83 r=0.91 tick=527117 goal=0 here=0 d11=0.68 B=1.10,0.44,0.29,0.26,0.33,0.37,0.52,1.34,0.69,0.26,0.27,0.22,0.20,0.29,0.43,1.45
t=172 field hdg=283.2 enc=8170;13732 xy=-58;-510 want=36 str=0.81 l=1.86 r=0.89 tick=527136 goal=0 here=0 d11=0.67 B=1.11,0.44,0.28,0.27,0.32,0.36,0.52,1.35,0.68,0.28,0.26,0.22,0.19,0.29,0.42,1.47
t=172 field hdg=287.2 enc=8168;13733 xy=-58;-510 want=34 str=0.77 l=1.82 r=0.91 tick=527155 goal=0 here=0 d11=0.66 B=1.09,0.45,0.27,0.25,0.32,0.36,0.53,1.36,0.68,0.28,0.27,0.21,0.21,0.29,0.43,1.47
t=172 field hdg=285.4 enc=8169;13733 xy=-58;-510 want=28 str=0.73 l=1.74 r=0.98 tick=527176 goal=0 here=0 d11=0.66 B=1.09,0.43,0.28,0.26,0.32,0.35,0.53,1.35,0.69,0.27,0.27,0.23,0.21,0.30,0.41,1.48
t=172 field hdg=290.0 enc=8169;13734 xy=-58;-511 want=28 str=0.75 l=1.72 r=0.97 tick=527195 goal=0 here=0 d11=0.67 B=1.06,0.45,0.28,0.25,0.32,0.37,0.54,1.33,0.68,0.28,0.26,0.23,0.21,0.30,0.43,1.49
t=172 field hdg=281.7 enc=8170;13735 xy=-57;-512 want=25 str=0.96 l=1.69 r=1.01 tick=527214 goal=0 here=0 d11=0.65 B=1.07,0.45,0.29,0.28,0.33,0.37,0.54,1.34,0.67,0.28,0.27,0.22,0.20,0.30,0.43,1.68
t=173 field hdg=283.5 enc=8170;13736 xy=-57;-512 want=24 str=0.95 l=1.66 r=1.03 tick=527233 goal=0 here=0 d11=0.65 B=1.06,0.44,0.29,0.26,0.34,0.36,0.53,1.36,0.66,0.26,0.27,0.23,0.19,0.31,0.43,1.69
t=173 field hdg=285.2 enc=8172;13737 xy=-57;-514 want=26 str=0.97 l=1.70 r=1.00 tick=527252 goal=0 here=0 d11=0.65 B=1.07,0.45,0.28,0.27,0.32,0.36,0.53,1.36,0.67,0.27,0.26,0.21,0.20,0.30,0.42,1.68
t=173 field hdg=285.3 enc=8171;13739 xy=-57;-514 want=22 str=0.96 l=1.64 r=1.05 tick=527276 goal=0 here=0 d11=0.66 B=1.06,0.45,0.29,0.26,0.32,0.37,0.52,1.35,0.68,0.27,0.26,0.22,0.20,0.31,0.43,1.69
t=173 field hdg=288.9 enc=8173;13741 xy=-56;-516 want=28 str=0.98 l=1.72 r=0.97 tick=527295 goal=0 here=0 d11=0.65 B=1.06,0.44,0.29,0.27,0.32,0.39,0.54,1.35,0.68,0.28,0.26,0.21,0.19,0.30,0.42,1.69
t=173 field hdg=282.8 enc=8174;13742 xy=-56;-517 want=26 str=0.97 l=1.70 r=1.00 tick=527314 goal=0 here=0 d11=0.65 B=1.07,0.43,0.29,0.27,0.33,0.35,0.51,1.37,0.67,0.28,0.27,0.21,0.20,0.30,0.43,1.68
t=174 field hdg=288.4 enc=8174;13743 xy=-56;-517 want=22 str=0.82 l=1.63 r=1.05 tick=527332 goal=0 here=0 d11=0.65 B=1.06,0.43,0.27,0.26,0.33,0.37,0.52,1.35,0.68,0.27,0.29,0.22,0.20,0.30,0.42,1.67
t=174 field hdg=285.8 enc=8174;13742 xy=-56;-517 want=22 str=0.87 l=1.64 r=1.04 tick=527351 goal=0 here=0 d11=0.64 B=1.06,0.46,0.28,0.25,0.32,0.36,0.54,1.34,0.68,0.27,0.27,0.23,0.19,0.31,0.41,1.66
t=174 field hdg=283.1 enc=8174;13745 xy=-56;-518 want=19 str=0.85 l=1.60 r=1.09 tick=527372 goal=0 here=0 d11=0.65 B=1.06,0.45,0.28,0.26,0.32,0.36,0.53,1.35,0.67,0.28,0.27,0.22,0.21,0.32,0.42,1.67
t=174 field hdg=284.1 enc=8176;13746 xy=-55;-520 want=20 str=0.84 l=1.60 r=1.08 tick=527391 goal=0 here=0 d11=0.65 B=1.05,0.44,0.29,0.26,0.32,0.36,0.54,1.37,0.68,0.28,0.27,0.22,0.21,0.32,0.42,1.68
t=174 field hdg=284.6 enc=8179;13746 xy=-55;-521 want=22 str=0.90 l=1.63 r=1.05 tick=527411 goal=0 here=0 d11=0.64 B=1.06,0.45,0.28,0.26,0.32,0.37,0.54,1.35,0.67,0.27,0.27,0.22,0.21,0.31,0.42,1.67
t=175 field hdg=285.8 enc=8179;13748 xy=-55;-522 want=20 str=0.84 l=1.60 r=1.07 tick=527432 goal=0 here=0 d11=0.65 B=1.05,0.44,0.27,0.26,0.33,0.35,0.53,1.35,0.69,0.28,0.26,0.22,0.21,0.31,0.42,1.68
t=175 field hdg=286.0 enc=8180;13747 xy=-55;-522 want=22 str=0.90 l=1.63 r=1.04 tick=527451 goal=0 here=0 d11=0.64 B=1.05,0.42,0.28,0.27,0.33,0.37,0.53,1.35,0.69,0.27,0.27,0.22,0.21,0.31,0.43,1.68
t=175 field hdg=286.3 enc=8181;13748 xy=-54;-523 want=21 str=0.83 l=1.61 r=1.05 tick=527470 goal=0 here=0 d11=0.64 B=1.04,0.43,0.28,0.27,0.32,0.35,0.52,1.35,0.68,0.28,0.29,0.22,0.20,0.32,0.42,1.68
t=175 field hdg=282.3 enc=8181;13751 xy=-54;-525 want=25 str=0.89 l=1.67 r=1.00 tick=527489 goal=0 here=0 d11=0.64 B=1.06,0.43,0.28,0.26,0.32,0.37,0.53,1.36,0.69,0.27,0.27,0.21,0.20,0.30,0.42,1.67
t=175 field hdg=288.9 enc=8184;13751 xy=-53;-526 want=25 str=0.87 l=1.68 r=1.02 tick=527508 goal=0 here=0 d11=0.64 B=1.07,0.44,0.28,0.27,0.32,0.36,0.53,1.35,0.69,0.29,0.27,0.21,0.20,0.31,0.42,1.66
t=176 field hdg=285.1 enc=8185;13753 xy=-53;-528 want=20 str=0.79 l=1.61 r=1.07 tick=527529 goal=0 here=0 d11=0.64 B=1.06,0.44,0.27,0.26,0.33,0.36,0.54,1.36,0.68,0.28,0.28,0.22,0.21,0.31,0.41,1.68
t=176 field hdg=284.8 enc=8185;13752 xy=-53;-527 want=25 str=0.90 l=1.67 r=1.01 tick=527549 goal=0 here=0 d11=0.63 B=1.06,0.44,0.28,0.27,0.32,0.37,0.53,1.35,0.68,0.28,0.26,0.21,0.20,0.31,0.42,1.67
t=176 field hdg=288.5 enc=8186;13753 xy=-53;-528 want=25 str=0.88 l=1.67 r=1.00 tick=527571 goal=0 here=0 d11=0.65 B=1.05,0.45,0.28,0.27,0.32,0.38,0.55,1.36,0.68,0.28,0.27,0.22,0.19,0.32,0.42,1.67
t=176 field hdg=287.5 enc=8187;13756 xy=-52;-530 want=21 str=0.81 l=1.62 r=1.06 tick=527590 goal=0 here=0 d11=0.66 B=1.06,0.46,0.27,0.26,0.30,0.35,0.53,1.35,0.67,0.27,0.28,0.22,0.21,0.30,0.41,1.66
t=176 field hdg=284.8 enc=8189;13755 xy=-52;-530 want=20 str=0.79 l=1.60 r=1.08 tick=527612 goal=0 here=0 d11=0.65 B=1.06,0.44,0.27,0.25,0.32,0.36,0.54,1.35,0.70,0.28,0.27,0.22,0.21,0.32,0.41,1.67
t=177 field hdg=286.5 enc=8190;13757 xy=-52;-532 want=20 str=0.77 l=1.60 r=1.06 tick=527632 goal=0 here=0 d11=0.64 B=1.05,0.44,0.28,0.26,0.33,0.37,0.53,1.36,0.69,0.28,0.28,0.23,0.20,0.31,0.43,1.67
t=177 field hdg=284.1 enc=8189;13758 xy=-52;-532 want=23 str=0.85 l=1.64 r=1.02 tick=527652 goal=0 here=0 d11=0.65 B=1.04,0.44,0.29,0.26,0.32,0.36,0.53,1.36,0.69,0.28,0.27,0.21,0.22,0.31,0.41,1.65
t=177 field hdg=284.7 enc=8190;13759 xy=-51;-533 want=20 str=0.78 l=1.61 r=1.07 tick=527670 goal=0 here=0 d11=0.64 B=1.05,0.43,0.27,0.24,0.31,0.35,0.54,1.36,0.69,0.29,0.27,0.21,0.20,0.31,0.41,1.68
t=177 field hdg=283.8 enc=8192;13759 xy=-51;-534 want=26 str=0.86 l=1.68 r=0.99 tick=527688 goal=0 here=0 d11=0.67 B=1.05,0.44,0.28,0.27,0.31,0.35,0.53,1.36,0.68,0.29,0.27,0.21,0.20,0.31,0.40,1.68
t=177 field hdg=287.4 enc=8193;13759 xy=-51;-534 want=21 str=0.81 l=1.62 r=1.06 tick=527706 goal=0 here=0 d11=0.64 B=1.06,0.44,0.27,0.26,0.31,0.36,0.53,1.36,0.69,0.28,0.27,0.22,0.21,0.31,0.41,1.67
t=178 field hdg=286.1 enc=8193;13760 xy=-51;-535 want=18 str=0.74 l=1.57 r=1.08 tick=527724 goal=0 here=0 d11=0.66 B=1.04,0.45,0.28,0.25,0.31,0.36,0.53,1.36,0.68,0.29,0.28,0.23,0.21,0.31,0.41,1.67
t=178 field hdg=288.1 enc=8194;13762 xy=-50;-536 want=23 str=0.81 l=1.65 r=1.02 tick=527742 goal=0 here=0 d11=0.64 B=1.05,0.43,0.28,0.25,0.32,0.35,0.55,1.36,0.70,0.27,0.27,0.23,0.19,0.30,0.42,1.66
t=178 field hdg=284.9 enc=8194;13764 xy=-50;-537 want=18 str=0.73 l=1.58 r=1.09 tick=527761 goal=0 here=0 d11=0.64 B=1.05,0.45,0.26,0.25,0.31,0.37,0.54,1.36,0.69,0.28,0.27,0.23,0.21,0.30,0.40,1.66
t=178 field hdg=285.2 enc=8197;13763 xy=-50;-538 want=24 str=0.78 l=1.66 r=1.01 tick=527782 goal=0 here=0 d11=0.65 B=1.05,0.44,0.28,0.26,0.31,0.36,0.55,1.37,0.70,0.29,0.28,0.22,0.20,0.30,0.41,1.66
t=178 field hdg=284.7 enc=8198;13766 xy=-49;-540 want=19 str=0.73 l=1.59 r=1.08 tick=527804 goal=0 here=0 d11=0.64 B=1.05,0.44,0.27,0.25,0.32,0.38,0.54,1.37,0.68,0.29,0.27,0.21,0.21,0.32,0.42,1.66
t=178 field hdg=284.5 enc=8197;13766 xy=-50;-540 want=21 str=0.80 l=1.61 r=1.06 tick=527823 goal=0 here=0 d11=0.65 B=1.05,0.44,0.28,0.25,0.32,0.36,0.54,1.35,0.70,0.28,0.27,0.22,0.20,0.30,0.41,1.68
t=179 field hdg=284.4 enc=8198;13766 xy=-49;-540 want=21 str=0.82 l=1.62 r=1.05 tick=527842 goal=0 here=0 d11=0.64 B=1.05,0.43,0.28,0.26,0.31,0.36,0.54,1.35,0.68,0.29,0.27,0.22,0.20,0.30,0.40,1.67
t=179 field hdg=284.7 enc=8200;13769 xy=-49;-542 want=20 str=0.75 l=1.59 r=1.05 tick=527861 goal=0 here=0 d11=0.63 B=1.03,0.43,0.28,0.25,0.30,0.37,0.54,1.37,0.70,0.28,0.28,0.22,0.21,0.32,0.40,1.67
t=179 field hdg=284.6 enc=8202;13770 xy=-48;-544 want=22 str=0.81 l=1.63 r=1.04 tick=527880 goal=0 here=0 d11=0.63 B=1.05,0.43,0.28,0.26,0.33,0.36,0.53,1.36,0.70,0.28,0.27,0.22,0.21,0.32,0.42,1.66
t=179 field hdg=286.5 enc=8201;13770 xy=-49;-543 want=23 str=0.81 l=1.64 r=1.03 tick=527898 goal=0 here=0 d11=0.62 B=1.05,0.43,0.28,0.25,0.33,0.36,0.54,1.36,0.69,0.29,0.27,0.21,0.20,0.31,0.41,1.67
t=179 field hdg=287.5 enc=8202;13772 xy=-48;-545 want=20 str=0.72 l=1.60 r=1.07 tick=527917 goal=0 here=0 d11=0.64 B=1.05,0.43,0.28,0.26,0.31,0.36,0.54,1.37,0.69,0.29,0.28,0.23,0.22,0.31,0.41,1.65
t=180 field hdg=286.6 enc=8203;13773 xy=-48;-546 want=25 str=0.84 l=1.67 r=1.01 tick=527936 goal=0 here=0 d11=0.64 B=1.05,0.43,0.28,0.26,0.32,0.36,0.54,1.37,0.69,0.28,0.27,0.21,0.20,0.32,0.42,1.67
t=180 field hdg=285.3 enc=8204;13774 xy=-48;-547 want=20 str=0.71 l=1.61 r=1.06 tick=527955 goal=0 here=0 d11=0.63 B=1.05,0.42,0.27,0.24,0.32,0.36,0.54,1.37,0.70,0.29,0.28,0.21,0.21,0.32,0.40,1.66
t=180 field hdg=287.0 enc=8205;13775 xy=-47;-548 want=23 str=0.83 l=1.64 r=1.03 tick=527974 goal=0 here=0 d11=0.62 B=1.05,0.43,0.30,0.26,0.31,0.36,0.54,1.36,0.70,0.28,0.29,0.22,0.21,0.31,0.41,1.66
t=180 field hdg=289.3 enc=8208;13775 xy=-47;-549 want=19 str=0.72 l=1.59 r=1.08 tick=527993 goal=0 here=0 d11=0.61 B=1.05,0.42,0.28,0.25,0.31,0.35,0.54,1.36,0.69,0.29,0.29,0.22,0.21,0.32,0.42,1.67
t=180 field hdg=285.1 enc=8208;13777 xy=-47;-550 want=19 str=0.68 l=1.57 r=1.07 tick=528012 goal=0 here=0 d11=0.61 B=1.03,0.42,0.27,0.26,0.32,0.36,0.55,1.37,0.69,0.29,0.28,0.23,0.21,0.30,0.41,1.67
t=181 field hdg=287.0 enc=8208;13777 xy=-47;-550 want=22 str=0.67 l=1.62 r=1.04 tick=528031 goal=0 here=0 d11=0.63 B=1.04,0.42,0.27,0.25,0.32,0.37,0.54,1.37,0.71,0.29,0.29,0.21,0.21,0.32,0.41,1.64
t=181 field hdg=284.1 enc=8211;13779 xy=-46;-553 want=20 str=0.65 l=1.59 r=1.05 tick=528052 goal=0 here=0 d11=0.63 B=1.03,0.42,0.27,0.25,0.32,0.35,0.53,1.37,0.71,0.30,0.28,0.21,0.22,0.32,0.40,1.66
t=181 field hdg=286.3 enc=8210;13780 xy=-46;-553 want=21 str=0.72 l=1.61 r=1.04 tick=528072 goal=0 here=0 d11=0.61 B=1.04,0.43,0.29,0.24,0.31,0.36,0.54,1.37,0.69,0.30,0.28,0.22,0.21,0.33,0.40,1.67
t=181 field hdg=283.6 enc=8211;13778 xy=-46;-552 want=21 str=0.78 l=1.60 r=1.05 tick=528091 goal=0 here=0 d11=0.61 B=1.03,0.42,0.29,0.24,0.31,0.36,0.54,1.36,0.69,0.29,0.27,0.21,0.21,0.32,0.42,1.66
t=181 field hdg=285.6 enc=8212;13780 xy=-46;-554 want=19 str=0.74 l=1.58 r=1.08 tick=528110 goal=0 here=0 d11=0.61 B=1.04,0.43,0.28,0.25,0.30,0.37,0.55,1.37,0.69,0.28,0.28,0.22,0.22,0.32,0.40,1.66
t=182 field hdg=286.6 enc=8214;13782 xy=-45;-555 want=26 str=0.83 l=1.68 r=0.99 tick=528129 goal=0 here=0 d11=0.61 B=1.05,0.43,0.29,0.25,0.31,0.35,0.54,1.37,0.69,0.29,0.26,0.21,0.21,0.32,0.41,1.65
t=182 field hdg=286.1 enc=8214;13782 xy=-45;-555 want=17 str=0.75 l=1.56 r=1.11 tick=528147 goal=0 here=0 d11=0.62 B=1.04,0.44,0.28,0.26,0.32,0.38,0.53,1.36,0.68,0.29,0.28,0.21,0.23,0.31,0.40,1.65
t=182 field hdg=284.2 enc=8214;13784 xy=-45;-556 want=24 str=0.72 l=1.66 r=1.01 tick=528166 goal=0 here=0 d11=0.62 B=1.05,0.43,0.28,0.25,0.31,0.38,0.55,1.38,0.70,0.31,0.27,0.21,0.21,0.32,0.41,1.65
t=182 field hdg=282.7 enc=8217;13783 xy=-45;-557 want=70 str=0.69 l=2.00 r=0.39 tick=528185 goal=0 here=0 d11=0.63 B=1.03,0.42,0.28,0.24,0.30,0.36,0.55,1.37,0.70,0.29,0.28,0.21,0.20,0.31,0.41,1.65
t=182 field hdg=288.5 enc=8217;13786 xy=-44;-559 want=21 str=0.72 l=1.60 r=1.04 tick=528203 goal=0 here=0 d11=0.64 B=1.03,0.43,0.28,0.25,0.31,0.37,0.54,1.37,0.70,0.28,0.28,0.22,0.21,0.32,0.40,1.65
t=182 field hdg=286.0 enc=8216;13787 xy=-44;-559 want=18 str=0.61 l=1.57 r=1.08 tick=528222 goal=0 here=0 d11=0.63 B=1.03,0.43,0.28,0.24,0.31,0.36,0.54,1.38,0.70,0.30,0.29,0.22,0.21,0.31,0.40,1.65
t=183 field hdg=285.4 enc=8217;13789 xy=-44;-560 want=22 str=0.67 l=1.61 r=1.02 tick=528241 goal=0 here=0 d11=0.63 B=1.02,0.43,0.27,0.24,0.32,0.36,0.54,1.38,0.70,0.29,0.27,0.22,0.21,0.32,0.41,1.64
t=183 field hdg=285.2 enc=8220;13790 xy=-43;-562 want=23 str=0.67 l=1.63 r=1.00 tick=528260 goal=0 here=0 d11=0.63 B=1.02,0.43,0.27,0.25,0.31,0.37,0.55,1.38,0.70,0.31,0.27,0.22,0.21,0.32,0.41,1.65
t=183 field hdg=281.8 enc=8220;13790 xy=-43;-562 want=25 str=0.69 l=1.65 r=0.98 tick=528279 goal=0 here=0 d11=0.64 B=1.02,0.42,0.27,0.26,0.32,0.37,0.55,1.38,0.69,0.30,0.27,0.21,0.21,0.33,0.41,1.64
t=183 field hdg=283.9 enc=8220;13791 xy=-43;-563 want=20 str=0.67 l=1.59 r=1.06 tick=528297 goal=0 here=0 d11=0.62 B=1.03,0.44,0.28,0.24,0.31,0.37,0.54,1.36,0.69,0.30,0.29,0.21,0.21,0.32,0.41,1.65
t=183 field hdg=288.1 enc=8222;13790 xy=-43;-563 want=69 str=0.68 l=2.00 r=0.41 tick=528316 goal=0 here=0 d11=0.64 B=1.04,0.43,0.29,0.25,0.31,0.36,0.55,1.38,0.69,0.30,0.29,0.21,0.21,0.33,0.42,1.66
t=184 field hdg=289.6 enc=8220;13793 xy=-43;-564 want=24 str=0.71 l=1.63 r=1.00 tick=528335 goal=0 here=0 d11=0.64 B=1.02,0.42,0.29,0.24,0.30,0.36,0.55,1.37,0.70,0.30,0.27,0.21,0.21,0.33,0.43,1.63
t=184 field hdg=281.9 enc=8221;13795 xy=-42;-565 want=75 str=0.67 l=2.00 r=0.29 tick=528353 goal=0 here=0 d11=0.63 B=0.99,0.42,0.27,0.25,0.30,0.36,0.55,1.37,0.69,0.30,0.28,0.21,0.21,0.33,0.41,1.63
t=184 field hdg=288.1 enc=8221;13796 xy=-42;-566 want=24 str=0.53 l=1.47 r=0.84 tick=528373 goal=0 here=0 d11=0.64 B=0.79,0.43,0.28,0.24,0.31,0.37,0.55,1.38,0.61,0.29,0.28,0.23,0.22,0.32,0.41,1.63
t=184 field hdg=287.1 enc=8221;13796 xy=-42;-566 want=14 str=1.13 l=1.34 r=0.97 tick=528392 goal=0 here=0 d11=0.66 B=0.80,0.42,0.27,0.25,0.30,0.38,0.55,1.37,0.50,0.29,0.27,0.21,0.22,0.32,0.41,1.62
t=184 field hdg=289.8 enc=8223;13798 xy=-42;-567 want=45 str=0.92 l=1.74 r=0.54 tick=528412 goal=0 here=0 d11=0.65 B=0.77,0.42,0.26,0.25,0.31,0.36,0.56,1.38,0.51,0.29,0.27,0.21,0.21,0.33,0.42,1.63
t=185 field hdg=287.2 enc=8221;13798 xy=-42;-566 want=10 str=1.08 l=1.27 r=1.00 tick=528431 goal=0 here=0 d11=0.65 B=0.77,0.42,0.28,0.24,0.30,0.35,0.54,1.35,0.50,0.30,0.27,0.21,0.23,0.33,0.41,1.62
t=185 field hdg=290.3 enc=8223;13801 xy=-41;-569 want=13 str=1.07 l=1.30 r=0.96 tick=528450 goal=0 here=0 d11=0.63 B=0.75,0.42,0.27,0.26,0.31,0.38,0.55,1.35,0.50,0.30,0.28,0.21,0.23,0.33,0.42,1.61
t=185 field hdg=287.9 enc=8223;13801 xy=-41;-569 want=16 str=1.10 l=1.34 r=0.91 tick=528468 goal=0 here=0 d11=0.65 B=0.75,0.41,0.27,0.25,0.30,0.38,0.55,1.35,0.51,0.30,0.26,0.20,0.21,0.33,0.43,1.61
t=185 field hdg=289.5 enc=8222;13802 xy=-41;-569 want=44 str=0.91 l=1.71 r=0.53 tick=528487 goal=0 here=0 d11=0.65 B=0.75,0.42,0.27,0.25,0.30,0.36,0.56,1.34,0.49,0.30,0.28,0.21,0.21,0.33,0.41,1.62
t=185 field hdg=288.9 enc=8223;13802 xy=-41;-569 want=45 str=0.90 l=1.73 r=0.51 tick=528511 goal=0 here=0 d11=0.65 B=0.74,0.41,0.27,0.25,0.31,0.37,0.56,1.36,0.49,0.30,0.27,0.20,0.23,0.34,0.41,1.60
t=186 field hdg=284.2 enc=8223;13805 xy=-40;-571 want=45 str=0.89 l=1.72 r=0.52 tick=528530 goal=0 here=0 d11=0.64 B=0.75,0.42,0.27,0.24,0.31,0.36,0.56,1.34,0.48,0.30,0.27,0.21,0.22,0.33,0.41,1.60
t=186 field hdg=290.9 enc=8222;13804 xy=-41;-570 want=45 str=0.87 l=1.71 r=0.51 tick=528550 goal=0 here=0 d11=0.64 B=0.73,0.43,0.27,0.25,0.31,0.38,0.57,1.34,0.49,0.30,0.27,0.22,0.22,0.34,0.41,1.62
t=186 field hdg=284.7 enc=8223;13807 xy=-40;-572 want=44 str=0.86 l=1.69 r=0.53 tick=528569 goal=0 here=0 d11=0.65 B=0.73,0.41,0.27,0.25,0.31,0.38,0.56,1.34,0.47,0.29,0.28,0.21,0.23,0.35,0.41,1.60
t=186 field hdg=288.0 enc=8221;13808 xy=-41;-571 want=46 str=0.85 l=1.71 r=0.49 tick=528588 goal=0 here=0 d11=0.65 B=0.72,0.42,0.26,0.24,0.32,0.37,0.57,1.32,0.48,0.29,0.28,0.22,0.21,0.34,0.42,1.60
t=186 field hdg=289.7 enc=8223;13809 xy=-40;-573 want=44 str=0.91 l=1.69 r=0.51 tick=528607 goal=0 here=0 d11=0.66 B=0.72,0.40,0.27,0.25,0.31,0.38,0.56,1.32,0.47,0.29,0.27,0.20,0.23,0.35,0.41,1.60
t=187 field hdg=289.0 enc=8221;13809 xy=-40;-572 want=45 str=0.88 l=1.71 r=0.50 tick=528627 goal=0 here=0 d11=0.65 B=0.72,0.42,0.26,0.24,0.31,0.36,0.57,1.32,0.47,0.29,0.28,0.20,0.22,0.34,0.42,1.60
t=187 field hdg=290.1 enc=8221;13811 xy=-40;-573 want=45 str=0.91 l=1.71 r=0.51 tick=528646 goal=0 here=0 d11=0.66 B=0.72,0.42,0.25,0.25,0.32,0.36,0.57,1.30,0.47,0.29,0.27,0.20,0.22,0.33,0.43,1.59
t=187 field hdg=292.6 enc=8221;13811 xy=-40;-573 want=45 str=0.87 l=1.70 r=0.51 tick=528664 goal=0 here=0 d11=0.65 B=0.72,0.41,0.27,0.25,0.32,0.37,0.57,1.32,0.46,0.29,0.29,0.20,0.23,0.36,0.44,1.59
t=187 field hdg=287.3 enc=8221;13811 xy=-40;-573 want=47 str=0.94 l=1.72 r=0.47 tick=528683 goal=0 here=0 d11=0.65 B=0.70,0.41,0.26,0.26,0.32,0.38,0.59,1.30,0.48,0.28,0.27,0.22,0.21,0.36,0.43,1.60
t=187 field hdg=289.5 enc=8221;13812 xy=-40;-573 want=44 str=0.91 l=1.68 r=0.51 tick=528702 goal=0 here=0 d11=0.65 B=0.71,0.40,0.28,0.24,0.33,0.37,0.58,1.30,0.47,0.29,0.28,0.20,0.24,0.37,0.44,1.60
t=187 field hdg=290.9 enc=8221;13814 xy=-39;-574 want=47 str=0.77 l=1.69 r=0.43 tick=528721 goal=0 here=0 d11=0.66 B=0.66,0.41,0.25,0.25,0.32,0.39,0.58,1.30,0.46,0.30,0.28,0.20,0.23,0.35,0.46,1.61
t=188 field hdg=292.1 enc=8221;13813 xy=-40;-574 want=46 str=0.72 l=1.67 r=0.44 tick=528739 goal=0 here=0 d11=0.65 B=0.65,0.41,0.26,0.24,0.31,0.38,0.61,1.29,0.46,0.30,0.28,0.21,0.24,0.34,0.46,1.61
t=188 field hdg=292.9 enc=8223;13814 xy=-39;-575 want=10 str=1.04 l=1.19 r=0.92 tick=528758 goal=0 here=0 d11=0.64 B=0.65,0.41,0.27,0.25,0.32,0.37,0.59,1.31,0.45,0.29,0.27,0.21,0.24,0.37,0.60,1.62
t=188 field hdg=291.1 enc=8222;13816 xy=-39;-575 want=7 str=0.98 l=1.14 r=0.95 tick=528777 goal=0 here=0 d11=0.65 B=0.64,0.41,0.26,0.24,0.31,0.36,0.58,1.29,0.47,0.29,0.28,0.20,0.25,0.37,0.60,1.60
t=188 STUCK mv=11 want=9
t=191 field hdg=276.5 enc=8259;13771 xy=-39;-576 want=115 str=0.68 l=2.00 r=0.22 tick=529103 goal=0 here=0 d11=0.65 B=1.64,0.42,0.33,0.25,0.26,0.36,0.42,1.38,1.34,0.36,0.28,0.23,0.20,0.27,0.39,0.72
t=191 field hdg=273.8 enc=8260;13773 xy=-39;-577 want=117 str=0.61 l=2.00 r=0.20 tick=529122 goal=0 here=0 d11=0.64 B=1.65,0.42,0.32,0.25,0.27,0.34,0.43,1.39,1.33,0.36,0.28,0.25,0.21,0.27,0.40,0.73
t=192 field hdg=279.5 enc=8258;13773 xy=-39;-576 want=114 str=0.64 l=2.00 r=0.22 tick=529141 goal=0 here=0 d11=0.65 B=1.64,0.43,0.32,0.26,0.26,0.35,0.44,1.39,1.32,0.36,0.29,0.23,0.20,0.27,0.41,0.76
t=192 field hdg=273.1 enc=8259;13776 xy=-39;-578 want=117 str=0.59 l=2.00 r=0.19 tick=529160 goal=0 here=0 d11=0.64 B=1.64,0.44,0.33,0.24,0.26,0.35,0.44,1.39,1.33,0.36,0.28,0.24,0.21,0.27,0.40,0.75
t=192 field hdg=275.2 enc=8260;13779 xy=-38;-580 want=111 str=0.55 l=2.00 r=0.28 tick=529180 goal=0 here=0 d11=0.65 B=1.65,0.42,0.33,0.24,0.27,0.35,0.46,1.40,1.32,0.35,0.29,0.24,0.20,0.28,0.39,0.83
t=192 field hdg=274.1 enc=8258;13781 xy=-38;-580 want=101 str=0.56 l=2.00 r=0.40 tick=529199 goal=0 here=0 d11=0.65 B=1.63,0.42,0.32,0.25,0.28,0.35,0.45,1.39,1.32,0.33,0.28,0.24,0.19,0.28,0.39,0.91
t=192 field hdg=276.9 enc=8259;13780 xy=-38;-580 want=109 str=0.35 l=2.00 r=0.30 tick=529221 goal=0 here=0 d11=0.65 B=1.64,0.43,0.33,0.24,0.26,0.34,0.47,1.40,1.32,0.35,0.30,0.23,0.22,0.29,0.39,0.93
t=193 field hdg=280.5 enc=8260;13783 xy=-38;-582 want=105 str=0.43 l=2.00 r=0.35 tick=529239 goal=0 here=0 d11=0.65 B=1.64,0.44,0.32,0.23,0.28,0.34,0.48,1.41,1.34,0.33,0.29,0.23,0.21,0.29,0.39,0.95
t=193 field hdg=275.6 enc=8260;13786 xy=-38;-584 want=98 str=0.50 l=2.00 r=0.45 tick=529258 goal=0 here=0 d11=0.65 B=1.66,0.43,0.31,0.24,0.28,0.35,0.49,1.40,1.34,0.33,0.29,0.22,0.21,0.29,0.40,0.94
t=193 field hdg=276.3 enc=8259;13786 xy=-38;-583 want=92 str=0.36 l=2.00 r=0.52 tick=529277 goal=0 here=0 d11=0.64 B=1.65,0.42,0.31,0.23,0.25,0.34,0.50,1.40,1.26,0.33,0.29,0.23,0.21,0.29,0.40,0.96
t=193 field hdg=280.7 enc=8258;13789 xy=-38;-584 want=105 str=0.45 l=2.00 r=0.26 tick=529297 goal=0 here=0 d11=0.65 B=1.52,0.43,0.31,0.24,0.26,0.35,0.49,1.41,1.25,0.33,0.29,0.23,0.20,0.29,0.41,0.97
t=193 field hdg=277.0 enc=8258;13792 xy=-38;-586 want=114 str=0.49 l=2.00 r=0.08 tick=529315 goal=0 here=0 d11=0.66 B=1.42,0.42,0.31,0.23,0.29,0.35,0.49,1.40,1.23,0.33,0.30,0.22,0.20,0.30,0.39,0.97
t=194 field hdg=281.0 enc=8258;13792 xy=-38;-586 want=113 str=0.44 l=2.00 r=0.07 tick=529334 goal=0 here=0 d11=0.65 B=1.40,0.41,0.31,0.25,0.27,0.34,0.50,1.40,1.21,0.33,0.29,0.23,0.21,0.29,0.40,0.97
t=194 field hdg=280.0 enc=8259;13796 xy=-37;-588 want=113 str=0.42 l=2.00 r=0.07 tick=529353 goal=0 here=0 d11=0.65 B=1.39,0.42,0.30,0.24,0.29,0.37,0.51,1.38,1.20,0.32,0.30,0.24,0.21,0.30,0.40,0.99
t=194 field hdg=279.8 enc=8258;13796 xy=-37;-588 want=89 str=0.44 l=2.00 r=0.37 tick=529373 goal=0 here=0 d11=0.65 B=1.37,0.42,0.31,0.24,0.29,0.36,0.51,1.38,1.06,0.32,0.28,0.23,0.22,0.30,0.39,0.98
t=194 field hdg=280.0 enc=8260;13799 xy=-37;-590 want=72 str=0.47 l=2.00 r=0.60 tick=529391 goal=0 here=0 d11=0.66 B=1.37,0.41,0.31,0.24,0.28,0.35,0.51,1.39,0.92,0.33,0.28,0.23,0.21,0.32,0.40,0.99
t=194 field hdg=277.3 enc=8260;13799 xy=-37;-590 want=77 str=0.48 l=2.00 r=0.53 tick=529410 goal=0 here=0 d11=0.65 B=1.36,0.42,0.30,0.25,0.28,0.36,0.52,1.39,0.90,0.32,0.29,0.22,0.21,0.28,0.39,1.01
t=195 field hdg=279.3 enc=8260;13802 xy=-37;-592 want=75 str=0.48 l=2.00 r=0.55 tick=529428 goal=0 here=0 d11=0.65 B=1.36,0.42,0.30,0.23,0.29,0.35,0.52,1.37,0.89,0.32,0.30,0.22,0.21,0.28,0.40,1.01
t=195 field hdg=282.4 enc=8260;13806 xy=-36;-594 want=64 str=0.43 l=2.00 r=0.69 tick=529454 goal=0 here=0 d11=0.64 B=1.35,0.41,0.30,0.24,0.27,0.36,0.54,1.37,0.87,0.31,0.30,0.22,0.20,0.30,0.39,1.03
t=195 field hdg=283.7 enc=8259;13807 xy=-36;-594 want=74 str=0.40 l=2.00 r=0.50 tick=529471 goal=0 here=0 d11=0.64 B=1.25,0.43,0.28,0.24,0.29,0.35,0.54,1.36,0.85,0.31,0.29,0.22,0.22,0.31,0.40,1.04
t=0 field hdg=284.2 enc=8260;13813 xy=0;-1 want=37 str=0.53 l=1.88 r=0.91 tick=529829 goal=0 here=0 d11=0.64 B=1.14,0.41,0.30,0.24,0.30,0.36,0.54,1.38,0.75,0.31,0.30,0.21,0.22,0.31,0.40,1.39
t=0 field hdg=284.8 enc=8258;13814 xy=0;-0 want=36 str=0.48 l=1.85 r=0.90 tick=529850 goal=0 here=0 d11=0.64 B=1.11,0.42,0.28,0.24,0.29,0.37,0.53,1.37,0.76,0.31,0.29,0.22,0.21,0.32,0.39,1.39
t=0 field hdg=280.5 enc=8259;13813 xy=0;-0 want=34 str=0.50 l=1.82 r=0.93 tick=529877 goal=0 here=0 d11=0.63 B=1.11,0.41,0.29,0.24,0.29,0.36,0.54,1.38,0.74,0.32,0.29,0.22,0.22,0.31,0.39,1.40
t=0 field hdg=282.1 enc=8258;13814 xy=0;-0 want=31 str=0.43 l=1.78 r=0.96 tick=529895 goal=0 here=0 d11=0.65 B=1.10,0.41,0.28,0.24,0.29,0.36,0.55,1.38,0.76,0.31,0.28,0.23,0.22,0.30,0.40,1.40
t=0 field hdg=282.8 enc=8260;13815 xy=0;-2 want=27 str=0.44 l=1.73 r=1.01 tick=529914 goal=0 here=0 d11=0.64 B=1.10,0.41,0.28,0.23,0.28,0.35,0.53,1.37,0.75,0.31,0.28,0.22,0.22,0.32,0.39,1.40
t=1 field hdg=285.9 enc=8259;13818 xy=1;-3 want=29 str=0.46 l=1.74 r=0.98 tick=529933 goal=0 here=0 d11=0.67 B=1.09,0.41,0.29,0.23,0.28,0.37,0.55,1.38,0.74,0.32,0.29,0.21,0.22,0.32,0.38,1.42
t=1 field hdg=281.2 enc=8259;13818 xy=1;-3 want=33 str=0.46 l=1.79 r=0.91 tick=529952 goal=0 here=0 d11=0.65 B=1.08,0.39,0.28,0.25,0.29,0.36,0.55,1.37,0.75,0.32,0.29,0.22,0.21,0.32,0.39,1.42
t=1 field hdg=285.1 enc=8261;13818 xy=1;-4 want=89 str=0.61 l=2.00 r=0.16 tick=529971 goal=0 here=0 d11=0.64 B=1.07,0.40,0.28,0.23,0.30,0.36,0.55,1.37,0.73,0.31,0.29,0.22,0.23,0.31,0.38,1.43
t=1 field hdg=281.4 enc=8259;13821 xy=1;-4 want=32 str=0.47 l=1.77 r=0.93 tick=529990 goal=0 here=0 d11=0.65 B=1.07,0.41,0.28,0.23,0.31,0.36,0.54,1.38,0.73,0.31,0.29,0.21,0.22,0.32,0.40,1.44
t=1 field hdg=281.9 enc=8261;13822 xy=1;-6 want=33 str=0.49 l=1.78 r=0.90 tick=530009 goal=0 here=0 d11=0.64 B=1.06,0.40,0.28,0.23,0.29,0.36,0.54,1.37,0.73,0.30,0.28,0.21,0.21,0.33,0.39,1.44
t=2 STUCK mv=11 want=29
t=5 field hdg=266.7 enc=8295;13777 xy=1;-6 want=38 str=0.84 l=2.00 r=1.26 tick=530343 goal=0 here=0 d11=0.67 B=1.67,0.61,0.39,0.25,0.25,0.32,0.39,0.80,1.31,0.45,0.30,0.27,0.20,0.26,0.38,0.60
t=5 field hdg=271.4 enc=8295;13777 xy=1;-6 want=42 str=0.89 l=2.00 r=1.20 tick=530363 goal=0 here=0 d11=0.64 B=1.66,0.62,0.39,0.26,0.26,0.33,0.39,0.80,1.31,0.44,0.30,0.27,0.20,0.25,0.37,0.60
t=5 field hdg=268.2 enc=8297;13779 xy=1;-8 want=37 str=0.88 l=2.00 r=1.28 tick=530382 goal=0 here=0 d11=0.66 B=1.67,0.60,0.38,0.26,0.24,0.33,0.40,0.79,1.32,0.44,0.30,0.26,0.20,0.26,0.38,0.61
t=5 field hdg=272.3 enc=8299;13780 xy=1;-9 want=39 str=0.84 l=2.00 r=1.25 tick=530400 goal=0 here=0 d11=0.63 B=1.66,0.61,0.39,0.24,0.26,0.33,0.39,0.80,1.32,0.44,0.29,0.27,0.21,0.26,0.38,0.61
t=6 field hdg=273.8 enc=8297;13782 xy=1;-9 want=37 str=0.84 l=2.00 r=1.27 tick=530419 goal=0 here=0 d11=0.64 B=1.67,0.61,0.39,0.25,0.24,0.33,0.39,0.80,1.33,0.44,0.30,0.27,0.20,0.26,0.38,0.61
t=6 field hdg=271.7 enc=8298;13785 xy=1;-11 want=39 str=0.87 l=2.00 r=1.25 tick=530438 goal=0 here=0 d11=0.65 B=1.67,0.61,0.39,0.25,0.26,0.32,0.39,0.81,1.31,0.45,0.31,0.27,0.20,0.27,0.39,0.59
t=6 field hdg=271.0 enc=8300;13788 xy=1;-14 want=38 str=0.86 l=2.00 r=1.25 tick=530457 goal=0 here=0 d11=0.66 B=1.66,0.61,0.39,0.26,0.24,0.34,0.39,0.81,1.32,0.43,0.30,0.26,0.21,0.25,0.38,0.62
t=6 field hdg=272.4 enc=8302;13788 xy=1;-15 want=37 str=0.83 l=2.00 r=1.27 tick=530479 goal=0 here=0 d11=0.64 B=1.66,0.61,0.38,0.26,0.24,0.34,0.40,0.80,1.34,0.44,0.31,0.26,0.20,0.26,0.38,0.61
t=6 field hdg=270.5 enc=8303;13790 xy=1;-16 want=41 str=0.87 l=2.00 r=1.23 tick=530497 goal=0 here=0 d11=0.64 B=1.68,0.59,0.39,0.25,0.25,0.32,0.40,0.81,1.33,0.44,0.30,0.25,0.21,0.25,0.37,0.61
t=6 field hdg=271.0 enc=8303;13794 xy=1;-18 want=38 str=0.89 l=2.00 r=1.27 tick=530516 goal=0 here=0 d11=0.64 B=1.68,0.60,0.37,0.26,0.24,0.33,0.40,0.81,1.34,0.43,0.29,0.25,0.20,0.28,0.37,0.60
t=7 field hdg=271.0 enc=8306;13795 xy=1;-20 want=39 str=0.80 l=2.00 r=1.25 tick=530537 goal=0 here=0 d11=0.65 B=1.67,0.60,0.38,0.24,0.24,0.34,0.40,0.81,1.34,0.44,0.30,0.26,0.19,0.27,0.37,0.59
t=7 field hdg=272.7 enc=8305;13798 xy=1;-21 want=37 str=0.91 l=2.00 r=1.28 tick=530559 goal=0 here=0 d11=0.65 B=1.69,0.60,0.38,0.25,0.24,0.33,0.41,0.81,1.35,0.43,0.29,0.25,0.20,0.27,0.37,0.62
t=7 field hdg=270.7 enc=8306;13798 xy=1;-22 want=40 str=0.86 l=2.00 r=1.24 tick=530579 goal=0 here=0 d11=0.65 B=1.67,0.60,0.38,0.26,0.25,0.33,0.40,0.82,1.34,0.43,0.31,0.25,0.21,0.27,0.38,0.61
t=7 field hdg=274.3 enc=8307;13802 xy=1;-24 want=39 str=0.81 l=2.00 r=1.23 tick=530597 goal=0 here=0 d11=0.66 B=1.64,0.61,0.37,0.24,0.25,0.32,0.39,0.82,1.37,0.43,0.29,0.24,0.21,0.28,0.37,0.61
t=8 field hdg=273.3 enc=8310;13803 xy=1;-26 want=40 str=0.82 l=2.00 r=1.23 tick=530616 goal=0 here=0 d11=0.66 B=1.68,0.60,0.36,0.24,0.25,0.32,0.41,0.85,1.36,0.44,0.30,0.25,0.20,0.27,0.37,0.62
t=8 field hdg=273.7 enc=8310;13805 xy=1;-27 want=61 str=0.59 l=2.00 r=0.95 tick=530635 goal=0 here=0 d11=0.66 B=1.66,0.58,0.37,0.25,0.23,0.33,0.40,1.15,1.36,0.42,0.31,0.27,0.21,0.26,0.37,0.62
t=8 field hdg=273.0 enc=8309;13808 xy=2;-28 want=85 str=0.79 l=2.00 r=0.63 tick=530654 goal=0 here=0 d11=0.65 B=1.66,0.59,0.36,0.25,0.25,0.33,0.40,1.42,1.37,0.42,0.31,0.24,0.21,0.26,0.36,0.62
t=8 field hdg=275.1 enc=8310;13809 xy=2;-29 want=86 str=0.76 l=2.00 r=0.62 tick=530674 goal=0 here=0 d11=0.65 B=1.65,0.59,0.36,0.25,0.25,0.34,0.39,1.42,1.36,0.43,0.31,0.25,0.21,0.26,0.39,0.63
t=8 field hdg=272.5 enc=8311;13809 xy=2;-30 want=82 str=0.71 l=2.00 r=0.66 tick=530693 goal=0 here=0 d11=0.65 B=1.65,0.59,0.34,0.24,0.23,0.34,0.40,1.39,1.36,0.41,0.32,0.24,0.20,0.27,0.38,0.63
t=8 field hdg=271.0 enc=8311;13812 xy=2;-31 want=83 str=0.61 l=2.00 r=0.65 tick=530712 goal=0 here=0 d11=0.65 B=1.65,0.57,0.34,0.24,0.25,0.34,0.42,1.39,1.37,0.40,0.31,0.25,0.23,0.28,0.37,0.64
t=9 field hdg=276.8 enc=8309;13815 xy=2;-32 want=86 str=0.85 l=2.00 r=0.60 tick=530732 goal=0 here=0 d11=0.63 B=1.64,0.58,0.34,0.26,0.25,0.33,0.42,1.41,1.36,0.40,0.31,0.25,0.19,0.26,0.39,0.63
t=9 field hdg=274.3 enc=8310;13816 xy=2;-33 want=77 str=0.72 l=2.00 r=0.72 tick=530751 goal=0 here=0 d11=0.65 B=1.64,0.61,0.35,0.24,0.26,0.33,0.43,1.40,1.35,0.37,0.31,0.24,0.21,0.28,0.38,0.67
t=9 field hdg=276.4 enc=8310;13819 xy=2;-34 want=131 str=0.61 l=2.00 r=-0.00 tick=530770 goal=0 here=0 d11=0.65 B=1.63,0.44,0.35,0.24,0.25,0.34,0.40,1.41,1.38,0.38,0.31,0.23,0.21,0.28,0.38,0.70
t=9 field hdg=276.2 enc=8309;13820 xy=2;-34 want=130 str=0.55 l=2.00 r=0.01 tick=530788 goal=0 here=0 d11=0.64 B=1.64,0.43,0.33,0.23,0.25,0.34,0.42,1.40,1.36,0.38,0.30,0.22,0.22,0.29,0.38,0.72
t=9 field hdg=278.0 enc=8310;13821 xy=2;-35 want=131 str=0.57 l=2.00 r=-0.02 tick=530806 goal=0 here=0 d11=0.64 B=1.61,0.43,0.33,0.25,0.25,0.34,0.43,1.40,1.36,0.35,0.31,0.24,0.21,0.29,0.38,0.72
t=10 field hdg=278.2 enc=8310;13824 xy=2;-37 want=133 str=0.57 l=2.00 r=-0.05 tick=530826 goal=0 here=0 d11=0.67 B=1.62,0.42,0.34,0.24,0.26,0.35,0.43,1.42,1.36,0.36,0.32,0.23,0.23,0.28,0.39,0.74
t=10 field hdg=280.6 enc=8311;13826 xy=3;-38 want=121 str=0.45 l=2.00 r=0.12 tick=530844 goal=0 here=0 d11=0.65 B=1.62,0.41,0.35,0.24,0.25,0.34,0.44,1.41,1.34,0.37,0.31,0.23,0.20,0.29,0.38,0.87
t=10 field hdg=273.5 enc=8310;13827 xy=3;-38 want=121 str=0.41 l=2.00 r=0.11 tick=530863 goal=0 here=0 d11=0.64 B=1.61,0.40,0.32,0.24,0.25,0.34,0.43,1.40,1.34,0.37,0.31,0.23,0.21,0.29,0.37,0.90
t=10 field hdg=278.2 enc=8309;13828 xy=3;-38 want=126 str=0.43 l=2.00 r=0.06 tick=530883 goal=0 here=0 d11=0.65 B=1.62,0.41,0.33,0.22,0.26,0.34,0.44,1.43,1.36,0.36,0.31,0.23,0.22,0.28,0.38,0.91
t=10 field hdg=276.3 enc=8309;13831 xy=3;-40 want=117 str=0.44 l=2.00 r=0.17 tick=530906 goal=0 here=0 d11=0.65 B=1.62,0.40,0.32,0.24,0.25,0.36,0.44,1.41,1.35,0.35,0.30,0.23,0.21,0.28,0.38,0.92
t=11 field hdg=278.1 enc=8311;13834 xy=3;-42 want=121 str=0.44 l=2.00 r=0.12 tick=530927 goal=0 here=0 d11=0.65 B=1.62,0.40,0.32,0.23,0.25,0.35,0.44,1.43,1.35,0.34,0.31,0.23,0.21,0.28,0.38,0.93
t=11 field hdg=281.4 enc=8310;13834 xy=3;-42 want=121 str=0.43 l=2.00 r=0.12 tick=530946 goal=0 here=0 d11=0.66 B=1.62,0.41,0.31,0.24,0.26,0.35,0.45,1.43,1.36,0.33,0.31,0.23,0.23,0.28,0.37,0.93
t=11 field hdg=277.6 enc=8310;13836 xy=3;-43 want=116 str=0.40 l=2.00 r=0.20 tick=530964 goal=0 here=0 d11=0.64 B=1.63,0.41,0.32,0.23,0.26,0.35,0.45,1.43,1.34,0.36,0.32,0.23,0.21,0.30,0.37,0.94
t=11 field hdg=280.3 enc=8310;13840 xy=4;-45 want=100 str=0.43 l=2.00 r=0.40 tick=530983 goal=0 here=0 d11=0.65 B=1.63,0.40,0.32,0.25,0.26,0.35,0.44,1.43,1.29,0.35,0.31,0.21,0.22,0.30,0.38,0.94
t=11 field hdg=277.6 enc=8309;13841 xy=4;-45 want=103 str=0.43 l=2.00 r=0.36 tick=531000 goal=0 here=0 d11=0.64 B=1.62,0.40,0.32,0.23,0.26,0.36,0.45,1.44,1.28,0.34,0.30,0.21,0.21,0.29,0.37,0.94
t=12 field hdg=273.8 enc=8310;13842 xy=4;-46 want=129 str=0.45 l=2.00 r=-0.15 tick=531018 goal=0 here=0 d11=0.64 B=1.39,0.40,0.32,0.24,0.26,0.35,0.47,1.42,1.26,0.35,0.32,0.22,0.22,0.30,0.38,0.95
t=12 field hdg=278.6 enc=8309;13844 xy=4;-46 want=120 str=0.47 l=2.00 r=-0.04 tick=531036 goal=0 here=0 d11=0.64 B=1.38,0.40,0.33,0.24,0.27,0.35,0.49,1.42,1.23,0.33,0.32,0.22,0.21,0.30,0.37,0.97
t=12 field hdg=278.2 enc=8311;13845 xy=4;-48 want=126 str=0.44 l=2.00 r=-0.11 tick=531056 goal=0 here=0 d11=0.64 B=1.39,0.40,0.33,0.23,0.27,0.36,0.48,1.43,1.24,0.33,0.31,0.21,0.22,0.30,0.38,0.97
t=12 field hdg=281.8 enc=8311;13848 xy=4;-49 want=87 str=0.34 l=2.00 r=0.40 tick=531074 goal=0 here=0 d11=0.64 B=1.37,0.41,0.30,0.24,0.25,0.36,0.50,1.42,0.96,0.34,0.30,0.22,0.22,0.30,0.38,0.98
t=12 field hdg=280.5 enc=8311;13851 xy=4;-51 want=78 str=0.32 l=2.00 r=0.52 tick=531094 goal=0 here=0 d11=0.64 B=1.36,0.39,0.30,0.23,0.26,0.35,0.51,1.41,0.93,0.34,0.29,0.22,0.22,0.30,0.38,0.99
t=12 field hdg=283.8 enc=8310;13852 xy=4;-51 want=83 str=0.33 l=2.00 r=0.43 tick=531113 goal=0 here=0 d11=0.65 B=1.35,0.39,0.31,0.24,0.26,0.35,0.50,1.41,0.93,0.33,0.30,0.23,0.22,0.30,0.38,0.98
t=13 field hdg=281.1 enc=8309;13854 xy=5;-51 want=73 str=0.35 l=2.00 r=0.55 tick=531133 goal=0 here=0 d11=0.64 B=1.33,0.41,0.30,0.25,0.27,0.36,0.51,1.40,0.91,0.33,0.32,0.21,0.24,0.30,0.39,1.00
t=13 field hdg=283.6 enc=8311;13855 xy=5;-53 want=76 str=0.33 l=2.00 r=0.52 tick=531152 goal=0 here=0 d11=0.66 B=1.33,0.40,0.30,0.24,0.27,0.36,0.53,1.40,0.91,0.33,0.30,0.22,0.23,0.30,0.38,1.00
t=13 field hdg=281.9 enc=8309;13856 xy=5;-52 want=69 str=0.36 l=2.00 r=0.61 tick=531171 goal=0 here=0 d11=0.64 B=1.33,0.39,0.30,0.24,0.26,0.37,0.53,1.41,0.88,0.33,0.29,0.22,0.23,0.30,0.37,1.02
t=13 field hdg=281.6 enc=8309;13859 xy=5;-54 want=68 str=0.33 l=2.00 r=0.54 tick=531190 goal=0 here=0 d11=0.66 B=1.22,0.39,0.30,0.23,0.27,0.36,0.54,1.40,0.80,0.33,0.30,0.21,0.23,0.31,0.36,1.05
t=13 field hdg=281.5 enc=8309;13861 xy=5;-55 want=26 str=0.25 l=1.74 r=1.06 tick=531209 goal=0 here=0 d11=0.64 B=1.15,0.41,0.29,0.23,0.26,0.37,0.55,1.40,0.78,0.33,0.30,0.23,0.23,0.31,0.37,1.28
t=14 field hdg=286.6 enc=8310;13862 xy=6;-56 want=28 str=0.39 l=1.76 r=1.01 tick=531228 goal=0 here=0 d11=0.65 B=1.12,0.39,0.30,0.24,0.26,0.36,0.54,1.40,0.77,0.32,0.29,0.21,0.23,0.32,0.38,1.35
t=14 field hdg=282.3 enc=8311;13863 xy=6;-57 want=15 str=0.34 l=1.59 r=1.18 tick=531252 goal=0 here=0 d11=-1.00 B=1.12,0.40,0.30,0.23,0.25,0.36,0.54,1.39,0.78,0.33,0.32,0.22,0.24,0.32,0.38,1.37
t=14 field hdg=282.9 enc=8312;13866 xy=6;-58 want=30 str=0.38 l=1.78 r=0.98 tick=531278 goal=0 here=0 d11=0.64 B=1.11,0.39,0.30,0.23,0.25,0.36,0.55,1.40,0.79,0.34,0.30,0.20,0.23,0.32,0.38,1.36
t=14 field hdg=281.9 enc=8315;13866 xy=7;-60 want=94 str=0.64 l=2.00 r=0.13 tick=531299 goal=0 here=0 d11=0.64 B=1.12,0.38,0.30,0.23,0.27,0.37,0.55,1.40,0.77,0.33,0.29,0.20,0.23,0.33,0.37,1.34
t=15 field hdg=282.8 enc=8315;13866 xy=7;-60 want=32 str=0.42 l=1.80 r=0.95 tick=531318 goal=0 here=0 d11=0.65 B=1.11,0.39,0.30,0.24,0.26,0.36,0.55,1.41,0.77,0.34,0.29,0.21,0.23,0.32,0.38,1.37
t=15 field hdg=281.8 enc=8315;13869 xy=7;-61 want=35 str=0.38 l=1.83 r=0.90 tick=531339 goal=0 here=0 d11=0.64 B=1.09,0.39,0.28,0.25,0.27,0.36,0.55,1.39,0.78,0.34,0.29,0.21,0.23,0.33,0.36,1.37
t=15 field hdg=282.0 enc=8314;13870 xy=7;-61 want=100 str=0.51 l=2.00 r=0.01 tick=531358 goal=0 here=0 d11=0.64 B=1.07,0.38,0.29,0.22,0.27,0.36,0.56,1.39,0.77,0.33,0.29,0.22,0.24,0.34,0.38,1.38
t=15 field hdg=285.1 enc=8315;13872 xy=7;-63 want=100 str=0.60 l=2.00 r=0.02 tick=531377 goal=0 here=0 d11=0.65 B=1.07,0.39,0.30,0.22,0.28,0.35,0.56,1.41,0.78,0.33,0.30,0.20,0.24,0.33,0.37,1.38
t=15 field hdg=284.9 enc=8313;13874 xy=7;-63 want=95 str=0.52 l=2.00 r=0.07 tick=531396 goal=0 here=0 d11=0.63 B=1.06,0.39,0.30,0.23,0.27,0.37,0.56,1.39,0.76,0.32,0.29,0.21,0.24,0.34,0.36,1.41
t=15 field hdg=285.1 enc=8315;13874 xy=8;-64 want=102 str=0.54 l=2.00 r=-0.03 tick=531414 goal=0 here=0 d11=0.64 B=1.04,0.39,0.28,0.24,0.27,0.37,0.56,1.40,0.77,0.33,0.30,0.20,0.24,0.33,0.38,1.42
t=16 field hdg=288.5 enc=8314;13878 xy=8;-65 want=81 str=0.50 l=2.00 r=0.24 tick=531433 goal=0 here=0 d11=0.63 B=1.02,0.38,0.28,0.23,0.28,0.37,0.57,1.41,0.75,0.33,0.28,0.20,0.25,0.34,0.37,1.61
t=16 field hdg=283.9 enc=8315;13879 xy=8;-66 want=3 str=0.47 l=1.35 r=1.28 tick=531452 goal=0 here=0 d11=0.65 B=1.02,0.38,0.29,0.23,0.25,0.37,0.55,1.41,0.75,0.32,0.30,0.20,0.24,0.34,0.37,1.61
t=16 field hdg=287.6 enc=8315;13879 xy=8;-66 want=79 str=0.49 l=2.00 r=0.25 tick=531472 goal=0 here=0 d11=0.62 B=1.02,0.38,0.29,0.24,0.28,0.36,0.56,1.40,0.74,0.34,0.30,0.21,0.25,0.34,0.36,1.60
t=16 field hdg=286.4 enc=8314;13883 xy=9;-68 want=80 str=0.38 l=2.00 r=0.25 tick=531492 goal=0 here=0 d11=0.64 B=1.02,0.40,0.29,0.23,0.25,0.36,0.57,1.40,0.73,0.33,0.30,0.20,0.25,0.34,0.38,1.60
t=16 field hdg=284.0 enc=8316;13884 xy=9;-69 want=85 str=0.52 l=2.00 r=0.18 tick=531511 goal=0 here=0 d11=0.64 B=1.01,0.39,0.28,0.24,0.28,0.38,0.56,1.42,0.76,0.32,0.29,0.20,0.25,0.37,0.37,1.60
t=17 field hdg=284.6 enc=8314;13884 xy=9;-68 want=30 str=0.87 l=1.69 r=0.89 tick=531530 goal=0 here=0 d11=0.64 B=0.99,0.38,0.27,0.23,0.27,0.37,0.57,1.41,0.55,0.33,0.29,0.21,0.26,0.36,0.41,1.59
t=17 field hdg=288.8 enc=8314;13886 xy=9;-69 want=30 str=0.89 l=1.69 r=0.90 tick=531549 goal=0 here=0 d11=0.63 B=0.99,0.39,0.28,0.24,0.27,0.38,0.57,1.42,0.55,0.32,0.28,0.21,0.26,0.36,0.41,1.58
t=17 field hdg=289.0 enc=8315;13886 xy=9;-70 want=69 str=0.47 l=2.00 r=0.36 tick=531567 goal=0 here=0 d11=0.63 B=0.97,0.39,0.29,0.23,0.27,0.37,0.57,1.42,0.55,0.33,0.30,0.21,0.26,0.35,0.39,1.59
t=17 field hdg=289.8 enc=8314;13889 xy=10;-70 want=37 str=0.93 l=1.77 r=0.78 tick=531586 goal=0 here=0 d11=0.63 B=0.96,0.39,0.28,0.24,0.28,0.36,0.58,1.42,0.55,0.31,0.28,0.20,0.24,0.35,0.42,1.58
t=17 field hdg=285.8 enc=8315;13889 xy=10;-71 want=31 str=0.80 l=1.68 r=0.84 tick=531605 goal=0 here=0 d11=0.63 B=0.94,0.39,0.28,0.23,0.28,0.38,0.57,1.42,0.53,0.33,0.29,0.21,0.26,0.36,0.42,1.57
t=18 field hdg=284.1 enc=8314;13892 xy=10;-72 want=2 str=0.82 l=1.15 r=1.10 tick=531624 goal=0 here=0 d11=0.63 B=0.75,0.38,0.26,0.23,0.28,0.38,0.58,1.42,0.53,0.32,0.29,0.21,0.25,0.36,0.55,1.56
t=18 field hdg=288.2 enc=8315;13892 xy=10;-72 want=4 str=0.89 l=1.18 r=1.08 tick=531643 goal=0 here=0 d11=0.63 B=0.75,0.38,0.28,0.22,0.28,0.39,0.59,1.41,0.53,0.35,0.28,0.22,0.25,0.35,0.57,1.56
t=18 field hdg=289.0 enc=8316;13894 xy=11;-74 want=6 str=0.93 l=1.20 r=1.04 tick=531661 goal=0 here=0 d11=0.62 B=0.74,0.38,0.28,0.23,0.29,0.38,0.57,1.41,0.52,0.33,0.27,0.21,0.26,0.35,0.57,1.57
t=18 field hdg=289.8 enc=8318;13893 xy=11;-74 want=7 str=0.93 l=1.22 r=1.03 tick=531680 goal=0 here=0 d11=0.64 B=0.75,0.39,0.28,0.22,0.29,0.37,0.57,1.41,0.53,0.33,0.28,0.20,0.25,0.35,0.56,1.58
t=18 field hdg=289.2 enc=8318;13896 xy=11;-76 want=1 str=0.89 l=1.15 r=1.12 tick=531699 goal=0 here=0 d11=0.61 B=0.76,0.38,0.28,0.22,0.28,0.37,0.58,1.42,0.54,0.32,0.28,0.21,0.26,0.35,0.56,1.57
t=19 field hdg=287.2 enc=8318;13895 xy=11;-75 want=8 str=0.89 l=1.23 r=1.03 tick=531718 goal=0 here=0 d11=0.63 B=0.76,0.39,0.29,0.22,0.29,0.37,0.60,1.40,0.54,0.32,0.30,0.19,0.26,0.36,0.55,1.56
t=19 field hdg=286.6 enc=8321;13897 xy=12;-78 want=7 str=0.93 l=1.21 r=1.04 tick=531737 goal=0 here=0 d11=0.62 B=0.75,0.38,0.28,0.24,0.28,0.37,0.57,1.40,0.53,0.33,0.28,0.21,0.24,0.36,0.56,1.57
t=19 field hdg=294.0 enc=8321;13898 xy=12;-78 want=39 str=0.56 l=1.65 r=0.60 tick=531755 goal=0 here=0 d11=0.64 B=0.75,0.38,0.27,0.22,0.28,0.36,0.58,1.41,0.53,0.33,0.30,0.21,0.27,0.35,0.54,1.56
t=19 field hdg=286.5 enc=8322;13900 xy=12;-80 want=-1 str=0.86 l=1.12 r=1.15 tick=531778 goal=0 here=0 d11=0.64 B=0.76,0.38,0.27,0.23,0.27,0.38,0.58,1.42,0.55,0.33,0.28,0.22,0.26,0.35,0.56,1.57
t=19 field hdg=285.7 enc=8322;13901 xy=13;-80 want=-5 str=0.85 l=1.05 r=1.18 tick=531798 goal=0 here=0 d11=0.61 B=0.73,0.38,0.26,0.21,0.27,0.38,0.57,1.41,0.53,0.32,0.27,0.21,0.27,0.37,0.56,1.56
t=20 field hdg=290.5 enc=8324;13900 xy=13;-80 want=42 str=0.61 l=1.67 r=0.56 tick=531816 goal=0 here=0 d11=0.62 B=0.74,0.37,0.27,0.23,0.28,0.38,0.58,1.41,0.53,0.33,0.28,0.22,0.26,0.35,0.55,1.57
t=20 field hdg=287.2 enc=8324;13901 xy=13;-81 want=6 str=0.90 l=1.20 r=1.03 tick=531835 goal=0 here=0 d11=0.65 B=0.74,0.39,0.27,0.24,0.27,0.36,0.58,1.41,0.54,0.32,0.28,0.21,0.25,0.36,0.56,1.57
t=20 field hdg=286.8 enc=8325;13903 xy=13;-82 want=-3 str=0.80 l=1.07 r=1.16 tick=531854 goal=0 here=0 d11=0.62 B=0.74,0.38,0.26,0.22,0.28,0.37,0.58,1.41,0.53,0.34,0.29,0.22,0.26,0.36,0.56,1.56
t=20 field hdg=287.7 enc=8325;13902 xy=13;-82 want=-2 str=0.86 l=1.09 r=1.13 tick=531875 goal=0 here=0 d11=0.63 B=0.73,0.38,0.27,0.24,0.26,0.39,0.58,1.40,0.53,0.33,0.29,0.22,0.27,0.35,0.56,1.56
t=20 field hdg=287.4 enc=8328;13905 xy=14;-85 want=-1 str=0.83 l=1.10 r=1.12 tick=531896 goal=0 here=0 d11=0.63 B=0.73,0.38,0.27,0.22,0.28,0.38,0.58,1.42,0.53,0.34,0.28,0.21,0.26,0.35,0.57,1.56
t=21 field hdg=287.3 enc=8329;13904 xy=14;-85 want=5 str=0.89 l=1.18 r=1.04 tick=531918 goal=0 here=0 d11=0.64 B=0.73,0.39,0.28,0.23,0.28,0.37,0.56,1.41,0.53,0.33,0.28,0.20,0.26,0.35,0.58,1.55
t=21 field hdg=285.2 enc=8329;13905 xy=14;-85 want=-2 str=0.85 l=1.09 r=1.14 tick=531937 goal=0 here=0 d11=0.63 B=0.73,0.39,0.28,0.22,0.28,0.37,0.57,1.42,0.54,0.33,0.28,0.22,0.27,0.35,0.56,1.57
t=21 field hdg=290.0 enc=8329;13906 xy=14;-86 want=4 str=0.85 l=1.16 r=1.05 tick=531955 goal=0 here=0 d11=0.61 B=0.72,0.38,0.27,0.24,0.28,0.37,0.58,1.40,0.53,0.34,0.29,0.21,0.26,0.35,0.56,1.55
t=21 field hdg=288.0 enc=8331;13907 xy=15;-87 want=3 str=0.89 l=1.16 r=1.07 tick=531974 goal=0 here=0 d11=0.62 B=0.74,0.38,0.28,0.23,0.28,0.37,0.57,1.40,0.54,0.34,0.28,0.21,0.26,0.36,0.56,1.56
t=21 field hdg=286.9 enc=8331;13909 xy=15;-88 want=2 str=0.86 l=1.13 r=1.08 tick=531995 goal=0 here=0 d11=0.62 B=0.72,0.37,0.27,0.22,0.27,0.37,0.57,1.42,0.54,0.35,0.27,0.21,0.26,0.36,0.56,1.56
t=21 field hdg=283.7 enc=8332;13910 xy=15;-89 want=-0 str=0.85 l=1.11 r=1.12 tick=532013 goal=0 here=0 d11=0.62 B=0.73,0.37,0.27,0.22,0.26,0.37,0.58,1.42,0.53,0.32,0.27,0.21,0.27,0.36,0.56,1.55
t=22 field hdg=287.7 enc=8334;13912 xy=16;-91 want=-3 str=0.83 l=1.07 r=1.14 tick=532031 goal=0 here=0 d11=0.62 B=0.72,0.38,0.26,0.23,0.26,0.37,0.57,1.42,0.54,0.33,0.27,0.21,0.27,0.36,0.57,1.56
t=22 field hdg=286.6 enc=8334;13911 xy=16;-91 want=6 str=0.86 l=1.19 r=1.04 tick=532050 goal=0 here=0 d11=0.63 B=0.73,0.38,0.26,0.24,0.28,0.37,0.58,1.43,0.53,0.34,0.27,0.21,0.26,0.35,0.57,1.54
t=22 field hdg=287.3 enc=8337;13913 xy=17;-93 want=0 str=0.87 l=1.11 r=1.10 tick=532070 goal=0 here=0 d11=0.64 B=0.72,0.37,0.28,0.23,0.27,0.38,0.58,1.41,0.53,0.33,0.27,0.22,0.27,0.36,0.56,1.54
t=22 field hdg=286.1 enc=8337;13914 xy=17;-93 want=5 str=0.88 l=1.18 r=1.05 tick=532092 goal=0 here=0 d11=0.64 B=0.74,0.38,0.27,0.23,0.28,0.36,0.59,1.43,0.54,0.35,0.27,0.21,0.27,0.35,0.56,1.56
t=22 field hdg=288.6 enc=8339;13914 xy=17;-94 want=-1 str=0.84 l=1.10 r=1.14 tick=532111 goal=0 here=0 d11=0.65 B=0.74,0.38,0.27,0.23,0.26,0.37,0.58,1.43,0.53,0.34,0.28,0.22,0.26,0.36,0.56,1.55
t=23 field hdg=288.1 enc=8339;13915 xy=17;-95 want=-5 str=0.29 l=1.05 r=1.19 tick=532130 goal=0 here=0 d11=0.63 B=0.74,0.38,0.28,0.22,0.27,0.38,0.58,1.42,0.55,0.34,0.29,0.21,0.27,0.36,0.56,1.55
t=23 field hdg=289.7 enc=8340;13918 xy=18;-97 want=37 str=0.49 l=1.61 r=0.62 tick=532149 goal=0 here=0 d11=0.64 B=0.73,0.36,0.26,0.22,0.26,0.37,0.58,1.42,0.54,0.33,0.30,0.21,0.26,0.35,0.55,1.57
t=23 field hdg=286.3 enc=8339;13917 xy=18;-96 want=-1 str=0.88 l=1.10 r=1.13 tick=532167 goal=0 here=0 d11=0.65 B=0.74,0.36,0.28,0.22,0.27,0.39,0.56,1.42,0.54,0.34,0.28,0.21,0.26,0.35,0.57,1.55
t=23 field hdg=287.2 enc=8342;13919 xy=18;-98 want=7 str=0.87 l=1.21 r=1.02 tick=532186 goal=0 here=0 d11=0.64 B=0.73,0.38,0.27,0.23,0.27,0.38,0.59,1.43,0.54,0.34,0.27,0.21,0.25,0.38,0.56,1.55
t=23 field hdg=290.3 enc=8343;13920 xy=19;-99 want=-3 str=0.85 l=1.07 r=1.16 tick=532208 goal=0 here=0 d11=0.65 B=0.74,0.37,0.28,0.23,0.26,0.38,0.58,1.42,0.55,0.34,0.29,0.22,0.27,0.36,0.56,1.56
t=24 field hdg=285.5 enc=8343;13920 xy=19;-99 want=5 str=0.87 l=1.18 r=1.04 tick=532230 goal=0 here=0 d11=0.65 B=0.73,0.37,0.28,0.22,0.27,0.37,0.58,1.43,0.54,0.34,0.27,0.21,0.26,0.34,0.57,1.55
t=24 field hdg=285.9 enc=8343;13921 xy=19;-100 want=-4 str=0.80 l=1.05 r=1.16 tick=532249 goal=0 here=0 d11=0.66 B=0.73,0.35,0.26,0.22,0.27,0.37,0.58,1.42,0.55,0.34,0.28,0.22,0.26,0.35,0.56,1.56
t=24 field hdg=288.3 enc=8344;13922 xy=19;-100 want=43 str=0.60 l=1.68 r=0.54 tick=532267 goal=0 here=0 d11=0.65 B=0.73,0.38,0.28,0.23,0.27,0.38,0.58,1.43,0.54,0.34,0.28,0.22,0.26,0.36,0.55,1.55
t=24 field hdg=284.1 enc=8346;13925 xy=20;-103 want=3 str=0.82 l=1.16 r=1.08 tick=532286 goal=0 here=0 d11=0.64 B=0.74,0.35,0.28,0.22,0.28,0.38,0.59,1.43,0.54,0.35,0.28,0.22,0.26,0.35,0.57,1.54
t=24 field hdg=287.0 enc=8345;13925 xy=20;-102 want=3 str=0.84 l=1.14 r=1.07 tick=532305 goal=0 here=0 d11=0.66 B=0.72,0.37,0.28,0.23,0.27,0.38,0.58,1.42,0.54,0.34,0.27,0.21,0.26,0.36,0.56,1.54
t=25 field hdg=286.3 enc=8347;13926 xy=20;-104 want=-6 str=0.27 l=1.02 r=1.19 tick=532324 goal=0 here=0 d11=0.66 B=0.72,0.36,0.27,0.23,0.25,0.38,0.59,1.43,0.55,0.33,0.26,0.22,0.27,0.36,0.56,1.53
t=25 field hdg=285.6 enc=8349;13926 xy=20;-105 want=35 str=0.49 l=1.57 r=0.63 tick=532342 goal=0 here=0 d11=0.64 B=0.71,0.37,0.27,0.24,0.24,0.38,0.59,1.43,0.54,0.33,0.29,0.21,0.28,0.35,0.55,1.55
t=25 field hdg=289.1 enc=8349;13928 xy=21;-106 want=-1 str=0.80 l=1.08 r=1.12 tick=532364 goal=0 here=0 d11=0.65 B=0.71,0.36,0.26,0.23,0.26,0.38,0.57,1.43,0.54,0.34,0.26,0.22,0.26,0.36,0.56,1.54
t=25 field hdg=285.8 enc=8350;13929 xy=21;-107 want=1 str=0.87 l=1.12 r=1.08 tick=532383 goal=0 here=0 d11=0.64 B=0.71,0.36,0.27,0.22,0.26,0.37,0.59,1.41,0.54,0.33,0.27,0.21,0.27,0.35,0.56,1.56
t=25 field hdg=281.7 enc=8349;13929 xy=21;-106 want=-1 str=0.79 l=1.09 r=1.11 tick=532401 goal=0 here=0 d11=0.64 B=0.71,0.38,0.26,0.24,0.27,0.37,0.58,1.42,0.53,0.35,0.27,0.23,0.26,0.35,0.57,1.54
t=26 field hdg=288.5 enc=8350;13929 xy=21;-107 want=-2 str=0.84 l=1.08 r=1.13 tick=532420 goal=0 here=0 d11=0.64 B=0.73,0.37,0.27,0.22,0.26,0.37,0.58,1.43,0.54,0.35,0.27,0.21,0.27,0.34,0.56,1.56
t=26 field hdg=288.8 enc=8353;13932 xy=22;-110 want=-7 str=0.76 l=1.00 r=1.18 tick=532439 goal=0 here=0 d11=0.65 B=0.70,0.36,0.27,0.22,0.26,0.38,0.59,1.43,0.54,0.36,0.28,0.22,0.27,0.36,0.55,1.55
t=26 field hdg=289.5 enc=8354;13933 xy=22;-111 want=3 str=0.85 l=1.14 r=1.06 tick=532458 goal=0 here=0 d11=0.65 B=0.71,0.36,0.27,0.22,0.27,0.38,0.60,1.42,0.54,0.33,0.25,0.21,0.27,0.36,0.56,1.54
t=26 field hdg=291.0 enc=8354;13934 xy=22;-111 want=-2 str=0.82 l=1.07 r=1.12 tick=532479 goal=0 here=0 d11=0.65 B=0.71,0.36,0.26,0.23,0.26,0.36,0.59,1.42,0.53,0.34,0.27,0.20,0.27,0.35,0.57,1.55
t=26 field hdg=286.0 enc=8356;13934 xy=23;-112 want=-5 str=0.80 l=1.02 r=1.17 tick=532498 goal=0 here=0 d11=0.64 B=0.71,0.37,0.27,0.22,0.25,0.37,0.59,1.43,0.54,0.34,0.27,0.22,0.27,0.36,0.55,1.55
t=26 field hdg=290.9 enc=8356;13936 xy=23;-113 want=37 str=0.45 l=1.60 r=0.60 tick=532516 goal=0 here=0 d11=0.64 B=0.71,0.36,0.26,0.22,0.26,0.38,0.59,1.43,0.54,0.35,0.28,0.22,0.28,0.35,0.54,1.54
t=27 field hdg=288.3 enc=8355;13936 xy=23;-112 want=-0 str=0.80 l=1.09 r=1.10 tick=532535 goal=0 here=0 d11=0.65 B=0.70,0.36,0.26,0.23,0.27,0.38,0.59,1.42,0.53,0.35,0.27,0.21,0.27,0.36,0.55,1.54
t=27 field hdg=287.0 enc=8356;13938 xy=23;-114 want=41 str=0.54 l=1.64 r=0.54 tick=532553 goal=0 here=0 d11=0.67 B=0.70,0.36,0.27,0.22,0.26,0.37,0.58,1.42,0.53,0.34,0.27,0.22,0.27,0.34,0.55,1.54
t=27 field hdg=286.0 enc=8358;13938 xy=24;-115 want=-6 str=0.80 l=1.02 r=1.17 tick=532575 goal=0 here=0 d11=0.65 B=0.71,0.36,0.27,0.22,0.26,0.39,0.57,1.42,0.54,0.35,0.28,0.22,0.27,0.35,0.56,1.54
t=27 field hdg=285.0 enc=8359;13939 xy=24;-116 want=39 str=0.46 l=1.60 r=0.58 tick=532599 goal=0 here=0 d11=0.66 B=0.70,0.35,0.26,0.21,0.27,0.37,0.59,1.42,0.55,0.35,0.27,0.21,0.29,0.36,0.55,1.53
t=28 field hdg=288.2 enc=8359;13940 xy=24;-116 want=40 str=0.45 l=1.61 r=0.56 tick=532618 goal=0 here=0 d11=0.68 B=0.69,0.36,0.27,0.21,0.24,0.38,0.60,1.43,0.53,0.35,0.27,0.23,0.27,0.35,0.55,1.53
t=28 field hdg=290.4 enc=8359;13940 xy=24;-116 want=-6 str=0.81 l=1.00 r=1.17 tick=532640 goal=0 here=0 d11=0.67 B=0.70,0.36,0.27,0.23,0.25,0.37,0.58,1.42,0.53,0.35,0.27,0.22,0.28,0.35,0.56,1.54
t=28 field hdg=291.2 enc=8359;13941 xy=24;-117 want=-5 str=0.72 l=1.00 r=1.14 tick=532659 goal=0 here=0 d11=0.66 B=0.67,0.36,0.25,0.23,0.25,0.38,0.59,1.43,0.53,0.35,0.27,0.22,0.26,0.34,0.56,1.54
t=28 field hdg=286.1 enc=8359;13941 xy=24;-117 want=-2 str=0.77 l=1.05 r=1.11 tick=532678 goal=0 here=0 d11=0.67 B=0.69,0.37,0.26,0.23,0.26,0.39,0.60,1.43,0.54,0.35,0.27,0.21,0.28,0.36,0.57,1.54
t=28 field hdg=282.8 enc=8361;13943 xy=25;-119 want=41 str=0.55 l=1.64 r=0.54 tick=532700 goal=0 here=0 d11=0.66 B=0.70,0.38,0.26,0.23,0.25,0.37,0.59,1.42,0.53,0.35,0.27,0.21,0.27,0.34,0.55,1.54
t=29 field hdg=286.2 enc=8363;13945 xy=25;-121 want=-13 str=0.76 l=0.90 r=1.25 tick=532723 goal=0 here=0 d11=0.66 B=0.68,0.35,0.27,0.23,0.26,0.39,0.59,1.41,0.54,0.35,0.28,0.23,0.29,0.35,0.56,1.54
t=29 field hdg=289.9 enc=8363;13943 xy=25;-120 want=42 str=0.46 l=1.64 r=0.52 tick=532741 goal=0 here=0 d11=0.67 B=0.68,0.36,0.26,0.21,0.26,0.37,0.58,1.42,0.54,0.35,0.27,0.22,0.27,0.37,0.54,1.53
t=29 field hdg=288.1 enc=8362;13944 xy=25;-120 want=44 str=0.54 l=1.67 r=0.49 tick=532760 goal=0 here=0 d11=0.65 B=0.69,0.36,0.27,0.23,0.25,0.37,0.59,1.42,0.54,0.34,0.27,0.22,0.26,0.35,0.55,1.53
t=29 field hdg=285.4 enc=8362;13947 xy=25;-121 want=-7 str=0.73 l=0.99 r=1.17 tick=532779 goal=0 here=0 d11=0.66 B=0.68,0.37,0.27,0.22,0.25,0.37,0.60,1.42,0.54,0.34,0.27,0.23,0.26,0.35,0.56,1.52
t=29 field hdg=289.0 enc=8363;13946 xy=25;-121 want=41 str=0.50 l=1.63 r=0.54 tick=532801 goal=0 here=0 d11=0.66 B=0.69,0.36,0.26,0.23,0.26,0.38,0.60,1.41,0.54,0.35,0.27,0.22,0.28,0.34,0.54,1.54
t=30 field hdg=287.8 enc=8363;13948 xy=26;-122 want=-6 str=0.78 l=0.99 r=1.16 tick=532832 goal=0 here=0 d11=0.66 B=0.68,0.35,0.27,0.22,0.25,0.39,0.59,1.42,0.54,0.35,0.27,0.22,0.27,0.37,0.56,1.53
t=30 field hdg=287.8 enc=8364;13947 xy=26;-122 want=-7 str=0.75 l=0.99 r=1.16 tick=532851 goal=0 here=0 d11=0.65 B=0.68,0.35,0.26,0.22,0.26,0.38,0.58,1.42,0.53,0.36,0.28,0.22,0.28,0.35,0.57,1.53
t=30 field hdg=284.0 enc=8365;13946 xy=26;-122 want=-6 str=0.77 l=0.99 r=1.17 tick=532872 goal=0 here=0 d11=0.66 B=0.69,0.37,0.27,0.21,0.26,0.37,0.59,1.42,0.54,0.36,0.26,0.22,0.27,0.36,0.56,1.53
t=30 field hdg=290.0 enc=8367;13946 xy=26;-123 want=-6 str=0.75 l=1.00 r=1.17 tick=532891 goal=0 here=0 d11=0.66 B=0.69,0.36,0.26,0.22,0.26,0.37,0.59,1.43,0.54,0.35,0.27,0.22,0.28,0.35,0.55,1.54
t=30 field hdg=283.7 enc=8368;13948 xy=26;-124 want=-7 str=0.77 l=1.00 r=1.18 tick=532910 goal=0 here=0 d11=0.65 B=0.70,0.35,0.27,0.22,0.26,0.38,0.59,1.44,0.54,0.34,0.27,0.23,0.28,0.34,0.55,1.53
t=31 field hdg=287.3 enc=8370;13950 xy=27;-126 want=-8 str=0.75 l=0.98 r=1.19 tick=532929 goal=0 here=0 d11=0.65 B=0.69,0.36,0.27,0.21,0.26,0.38,0.59,1.43,0.55,0.34,0.27,0.23,0.27,0.35,0.56,1.53
t=31 field hdg=289.1 enc=8369;13950 xy=27;-126 want=41 str=0.52 l=1.63 r=0.54 tick=532947 goal=0 here=0 d11=0.64 B=0.69,0.36,0.27,0.23,0.26,0.39,0.58,1.44,0.54,0.36,0.26,0.23,0.27,0.36,0.55,1.53
t=31 field hdg=287.5 enc=8370;13949 xy=27;-126 want=-24 str=0.19 l=0.77 r=1.40 tick=532966 goal=0 here=0 d11=0.66 B=0.70,0.36,0.27,0.22,0.25,0.38,0.59,1.45,0.56,0.36,0.27,0.23,0.26,0.34,0.55,1.53
t=31 field hdg=291.0 enc=8370;13949 xy=27;-126 want=39 str=0.50 l=1.61 r=0.57 tick=532984 goal=0 here=0 d11=0.63 B=0.70,0.36,0.27,0.23,0.26,0.38,0.58,1.43,0.54,0.36,0.27,0.22,0.28,0.35,0.54,1.53
t=31 field hdg=290.5 enc=8370;13950 xy=27;-126 want=-13 str=0.25 l=0.92 r=1.27 tick=533003 goal=0 here=0 d11=0.66 B=0.71,0.36,0.27,0.23,0.25,0.38,0.59,1.44,0.56,0.35,0.26,0.22,0.28,0.35,0.56,1.54
t=32 field hdg=285.2 enc=8373;13952 xy=28;-129 want=43 str=0.59 l=1.67 r=0.52 tick=533022 goal=0 here=0 d11=0.65 B=0.70,0.36,0.26,0.23,0.26,0.37,0.58,1.42,0.55,0.35,0.24,0.23,0.26,0.35,0.55,1.53
t=32 field hdg=289.6 enc=8372;13951 xy=27;-128 want=38 str=0.46 l=1.59 r=0.58 tick=533041 goal=0 here=0 d11=0.65 B=0.69,0.36,0.27,0.22,0.24,0.37,0.59,1.45,0.55,0.35,0.26,0.23,0.27,0.36,0.54,1.53
t=32 field hdg=288.5 enc=8373;13954 xy=28;-130 want=119 str=0.32 l=2.00 r=-0.50 tick=533060 goal=0 here=0 d11=0.63 B=0.70,0.36,0.28,0.21,0.25,0.38,0.59,1.43,0.55,0.35,0.26,0.22,0.29,0.35,0.53,1.53
t=32 field hdg=288.6 enc=8372;13953 xy=28;-129 want=40 str=0.45 l=1.61 r=0.54 tick=533079 goal=0 here=0 d11=0.64 B=0.68,0.35,0.27,0.21,0.25,0.37,0.59,1.43,0.55,0.36,0.25,0.23,0.27,0.34,0.55,1.52
t=32 field hdg=288.7 enc=8372;13957 xy=28;-131 want=126 str=0.37 l=2.00 r=-0.60 tick=533098 goal=0 here=0 d11=0.63 B=0.69,0.34,0.26,0.22,0.25,0.39,0.59,1.43,0.55,0.35,0.26,0.23,0.27,0.36,0.55,1.52
t=33 field hdg=286.6 enc=8371;13958 xy=28;-131 want=-9 str=0.78 l=0.97 r=1.19 tick=533117 goal=0 here=0 d11=0.66 B=0.69,0.36,0.27,0.22,0.25,0.36,0.60,1.43,0.54,0.36,0.26,0.23,0.28,0.35,0.56,1.54
t=33 field hdg=291.5 enc=8374;13958 xy=29;-132 want=-5 str=0.73 l=1.00 r=1.13 tick=533136 goal=0 here=0 d11=0.64 B=0.66,0.37,0.26,0.22,0.25,0.38,0.61,1.43,0.54,0.36,0.26,0.22,0.28,0.35,0.55,1.53
t=33 field hdg=288.3 enc=8373;13957 xy=28;-131 want=-12 str=0.74 l=0.90 r=1.23 tick=533157 goal=0 here=0 d11=0.64 B=0.66,0.36,0.26,0.22,0.24,0.39,0.59,1.42,0.55,0.34,0.26,0.23,0.28,0.34,0.55,1.52
t=33 field hdg=284.7 enc=8375;13958 xy=29;-133 want=-9 str=0.73 l=0.94 r=1.19 tick=533177 goal=0 here=0 d11=0.65 B=0.67,0.34,0.26,0.22,0.25,0.37,0.61,1.43,0.54,0.36,0.26,0.22,0.29,0.35,0.56,1.53
t=33 field hdg=286.2 enc=8375;13958 xy=29;-133 want=39 str=0.44 l=1.60 r=0.56 tick=533196 goal=0 here=0 d11=0.64 B=0.69,0.35,0.27,0.22,0.25,0.38,0.59,1.44,0.54,0.35,0.27,0.22,0.28,0.34,0.54,1.52
t=33 field hdg=288.2 enc=8375;13959 xy=29;-133 want=-43 str=0.23 l=0.50 r=1.65 tick=533215 goal=0 here=0 d11=0.65 B=0.67,0.36,0.26,0.22,0.25,0.36,0.59,1.41,0.55,0.35,0.27,0.23,0.28,0.35,0.56,1.52
t=34 field hdg=288.7 enc=8376;13960 xy=29;-134 want=-7 str=0.77 l=0.98 r=1.16 tick=533234 goal=0 here=0 d11=0.64 B=0.67,0.35,0.28,0.22,0.24,0.38,0.61,1.43,0.54,0.35,0.26,0.22,0.28,0.35,0.55,1.53
t=34 field hdg=287.2 enc=8377;13959 xy=29;-134 want=37 str=0.40 l=1.58 r=0.60 tick=533254 goal=0 here=0 d11=0.64 B=0.70,0.35,0.26,0.22,0.25,0.38,0.60,1.43,0.54,0.35,0.28,0.23,0.29,0.35,0.54,1.52
t=34 field hdg=284.4 enc=8379;13960 xy=30;-135 want=-12 str=0.70 l=0.93 r=1.25 tick=533277 goal=0 here=0 d11=0.64 B=0.69,0.33,0.26,0.22,0.25,0.40,0.59,1.44,0.55,0.36,0.28,0.24,0.27,0.35,0.55,1.51
t=34 field hdg=287.6 enc=8378;13961 xy=30;-135 want=-7 str=0.75 l=0.99 r=1.17 tick=533295 goal=0 here=0 d11=0.63 B=0.68,0.35,0.27,0.22,0.25,0.38,0.60,1.43,0.55,0.36,0.26,0.22,0.28,0.36,0.55,1.52
t=34 field hdg=287.0 enc=8380;13961 xy=30;-136 want=127 str=0.30 l=2.00 r=-0.62 tick=533314 goal=0 here=0 d11=0.65 B=0.69,0.35,0.27,0.22,0.24,0.37,0.59,1.45,0.55,0.36,0.26,0.23,0.29,0.34,0.55,1.53
t=35 field hdg=289.2 enc=8379;13960 xy=30;-135 want=35 str=0.39 l=1.54 r=0.61 tick=533333 goal=0 here=0 d11=0.66 B=0.68,0.35,0.26,0.22,0.24,0.38,0.59,1.43,0.55,0.36,0.27,0.22,0.29,0.34,0.55,1.52
t=35 field hdg=286.4 enc=8381;13961 xy=30;-137 want=32 str=0.41 l=1.50 r=0.65 tick=533352 goal=0 here=0 d11=0.64 B=0.68,0.36,0.27,0.22,0.25,0.38,0.58,1.43,0.54,0.36,0.27,0.23,0.30,0.35,0.55,1.52
t=35 field hdg=291.2 enc=8380;13963 xy=30;-137 want=42 str=0.44 l=1.63 r=0.50 tick=533374 goal=0 here=0 d11=0.64 B=0.67,0.35,0.27,0.21,0.25,0.37,0.59,1.43,0.55,0.34,0.27,0.23,0.27,0.35,0.54,1.52
t=35 field hdg=288.6 enc=8379;13964 xy=30;-137 want=43 str=0.47 l=1.65 r=0.50 tick=533392 goal=0 here=0 d11=0.64 B=0.68,0.36,0.26,0.21,0.25,0.38,0.59,1.44,0.54,0.36,0.26,0.22,0.27,0.35,0.54,1.52
t=35 field hdg=288.7 enc=8379;13966 xy=31;-138 want=37 str=0.44 l=1.56 r=0.57 tick=533411 goal=0 here=0 d11=0.65 B=0.66,0.35,0.26,0.22,0.24,0.37,0.60,1.41,0.54,0.36,0.26,0.22,0.27,0.36,0.54,1.53
t=36 field hdg=288.8 enc=8381;13967 xy=31;-140 want=-9 str=0.74 l=0.95 r=1.18 tick=533430 goal=0 here=0 d11=0.63 B=0.67,0.35,0.26,0.21,0.25,0.38,0.59,1.43,0.54,0.35,0.27,0.22,0.27,0.34,0.56,1.54
t=36 field hdg=287.6 enc=8382;13967 xy=31;-140 want=41 str=0.42 l=1.61 r=0.52 tick=533449 goal=0 here=0 d11=0.66 B=0.67,0.36,0.27,0.23,0.26,0.38,0.59,1.43,0.53,0.36,0.28,0.22,0.29,0.34,0.55,1.53
t=36 field hdg=287.1 enc=8381;13966 xy=31;-139 want=38 str=0.40 l=1.56 r=0.55 tick=533470 goal=0 here=0 d11=0.64 B=0.65,0.34,0.25,0.23,0.25,0.39,0.60,1.42,0.54,0.36,0.26,0.23,0.29,0.35,0.55,1.53
t=36 STUCK mv=10 want=-16
t=39 field hdg=273.2 enc=8417;13921 xy=31;-139 want=149 str=0.41 l=2.00 r=-0.28 tick=533801 goal=0 here=0 d11=0.63 B=1.59,0.55,0.35,0.24,0.21,0.30,0.41,1.44,1.42,0.41,0.34,0.22,0.23,0.31,0.36,0.85
t=40 field hdg=271.7 enc=8418;13923 xy=31;-141 want=150 str=0.43 l=2.00 r=-0.30 tick=533820 goal=0 here=0 d11=0.63 B=1.57,0.54,0.34,0.25,0.23,0.30,0.40,1.45,1.43,0.40,0.35,0.23,0.24,0.30,0.35,0.86
t=40 field hdg=274.9 enc=8416;13926 xy=31;-141 want=160 str=0.41 l=2.00 r=-0.45 tick=533839 goal=0 here=0 d11=0.63 B=1.56,0.54,0.34,0.24,0.20,0.31,0.41,1.45,1.41,0.41,0.35,0.23,0.24,0.29,0.35,0.86
t=40 field hdg=277.3 enc=8416;13929 xy=31;-143 want=153 str=0.40 l=2.00 r=-0.35 tick=533858 goal=0 here=0 d11=0.62 B=1.57,0.54,0.34,0.23,0.22,0.31,0.42,1.45,1.42,0.40,0.34,0.22,0.24,0.31,0.34,0.89
t=40 field hdg=273.3 enc=8417;13929 xy=31;-143 want=164 str=0.38 l=2.00 r=-0.49 tick=533877 goal=0 here=0 d11=0.64 B=1.56,0.54,0.35,0.24,0.21,0.33,0.41,1.42,1.41,0.40,0.35,0.24,0.24,0.31,0.35,0.87
t=40 field hdg=274.4 enc=8417;13933 xy=32;-145 want=158 str=0.37 l=2.00 r=-0.41 tick=533898 goal=0 here=0 d11=0.63 B=1.56,0.52,0.35,0.24,0.22,0.31,0.41,1.47,1.40,0.39,0.33,0.23,0.26,0.33,0.34,0.90
t=41 field hdg=277.7 enc=8418;13933 xy=32;-146 want=167 str=0.40 l=2.00 r=-0.53 tick=533917 goal=0 here=0 d11=0.64 B=1.57,0.41,0.36,0.23,0.22,0.30,0.43,1.46,1.42,0.40,0.34,0.25,0.25,0.32,0.35,0.90
t=41 field hdg=279.2 enc=8416;13936 xy=32;-146 want=154 str=0.38 l=2.00 r=-0.36 tick=533936 goal=0 here=0 d11=0.65 B=1.56,0.39,0.33,0.23,0.23,0.32,0.42,1.44,1.41,0.39,0.34,0.22,0.25,0.33,0.35,0.90
t=41 field hdg=277.3 enc=8417;13937 xy=32;-147 want=150 str=0.37 l=2.00 r=-0.31 tick=533959 goal=0 here=0 d11=0.64 B=1.56,0.38,0.33,0.24,0.22,0.32,0.43,1.46,1.40,0.39,0.34,0.21,0.25,0.34,0.35,0.91
t=41 field hdg=276.3 enc=8417;13939 xy=32;-148 want=164 str=0.35 l=2.00 r=-0.48 tick=533978 goal=0 here=0 d11=0.65 B=1.57,0.36,0.33,0.23,0.22,0.32,0.43,1.46,1.40,0.39,0.34,0.23,0.26,0.32,0.34,0.90
t=41 field hdg=279.4 enc=8416;13942 xy=32;-149 want=154 str=0.33 l=2.00 r=-0.34 tick=533997 goal=0 here=0 d11=0.65 B=1.58,0.36,0.34,0.25,0.22,0.32,0.43,1.46,1.40,0.39,0.34,0.22,0.26,0.33,0.35,0.91
t=41 field hdg=279.2 enc=8416;13944 xy=32;-150 want=166 str=0.36 l=2.00 r=-0.51 tick=534015 goal=0 here=0 d11=0.64 B=1.57,0.35,0.34,0.23,0.22,0.32,0.42,1.46,1.40,0.38,0.33,0.24,0.25,0.33,0.34,0.91
t=42 field hdg=279.6 enc=8416;13944 xy=32;-150 want=155 str=0.35 l=2.00 r=-0.35 tick=534034 goal=0 here=0 d11=0.66 B=1.59,0.35,0.32,0.23,0.23,0.32,0.43,1.47,1.41,0.39,0.33,0.22,0.26,0.33,0.35,0.92
t=42 field hdg=279.5 enc=8417;13948 xy=33;-153 want=161 str=0.49 l=2.00 r=-0.60 tick=534053 goal=0 here=0 d11=0.65 B=1.35,0.35,0.31,0.24,0.21,0.32,0.43,1.46,1.35,0.38,0.32,0.20,0.26,0.35,0.34,0.93
t=42 field hdg=281.7 enc=8418;13950 xy=33;-154 want=164 str=0.49 l=2.00 r=-0.65 tick=534072 goal=0 here=0 d11=0.66 B=1.34,0.34,0.32,0.23,0.22,0.32,0.43,1.49,1.31,0.37,0.32,0.23,0.25,0.33,0.35,0.94
t=42 field hdg=278.1 enc=8418;13952 xy=33;-155 want=172 str=0.48 l=2.00 r=-0.77 tick=534091 goal=0 here=0 d11=0.65 B=1.31,0.34,0.31,0.24,0.21,0.32,0.45,1.47,1.32,0.38,0.32,0.23,0.27,0.33,0.34,0.95
t=42 field hdg=279.9 enc=8416;13951 xy=33;-154 want=-177 str=0.49 l=-0.84 r=2.00 tick=534109 goal=0 here=0 d11=0.65 B=1.30,0.34,0.29,0.22,0.22,0.33,0.45,1.48,1.29,0.39,0.33,0.23,0.28,0.35,0.35,0.96
t=43 field hdg=279.7 enc=8417;13953 xy=33;-155 want=170 str=0.51 l=2.00 r=-0.75 tick=534129 goal=0 here=0 d11=0.65 B=1.31,0.35,0.30,0.22,0.22,0.33,0.44,1.48,1.31,0.38,0.33,0.24,0.25,0.34,0.34,0.95
t=43 field hdg=283.0 enc=8420;13953 xy=33;-157 want=166 str=0.46 l=2.00 r=-0.70 tick=534148 goal=0 here=0 d11=0.66 B=1.30,0.34,0.30,0.23,0.23,0.32,0.44,1.48,1.28,0.37,0.33,0.22,0.27,0.34,0.35,0.96
t=43 field hdg=281.7 enc=8418;13957 xy=34;-157 want=163 str=0.46 l=2.00 r=-0.66 tick=534166 goal=0 here=0 d11=0.63 B=1.30,0.35,0.31,0.23,0.23,0.33,0.44,1.48,1.29,0.38,0.33,0.21,0.27,0.36,0.34,0.95
t=43 field hdg=281.1 enc=8419;13959 xy=34;-159 want=173 str=0.32 l=2.00 r=-0.81 tick=534185 goal=0 here=0 d11=0.64 B=1.29,0.34,0.30,0.22,0.22,0.34,0.44,1.47,1.15,0.39,0.32,0.23,0.26,0.35,0.35,0.98
t=43 field hdg=281.4 enc=8419;13959 xy=34;-159 want=148 str=0.16 l=2.00 r=-0.47 tick=534206 goal=0 here=0 d11=0.65 B=1.29,0.34,0.31,0.23,0.22,0.33,0.44,1.47,0.99,0.37,0.30,0.22,0.26,0.34,0.37,0.98
t=44 field hdg=277.4 enc=8418;13961 xy=34;-159 want=171 str=0.15 l=2.00 r=-0.79 tick=534227 goal=0 here=0 d11=0.64 B=1.27,0.35,0.29,0.23,0.21,0.34,0.44,1.47,0.97,0.37,0.32,0.23,0.25,0.35,0.35,1.01
t=44 field hdg=285.2 enc=8418;13963 xy=34;-160 want=-46 str=0.20 l=0.87 r=2.00 tick=534246 goal=0 here=0 d11=0.65 B=1.27,0.34,0.29,0.23,0.21,0.33,0.45,1.46,0.96,0.37,0.31,0.24,0.27,0.32,0.37,1.30
t=44 field hdg=281.1 enc=8420;13963 xy=34;-161 want=-15 str=0.19 l=1.30 r=1.69 tick=534265 goal=0 here=0 d11=0.64 B=1.28,0.34,0.31,0.24,0.22,0.34,0.46,1.46,0.95,0.36,0.31,0.24,0.26,0.35,0.37,1.31
t=44 cage hdg=279.1 enc=8422;13965 xy=35;-163 want=-99 str=0.08 l=2.00 r=-2.00 tick=534284 goal=0 here=0 d11=0.65 B=1.27,0.34,0.29,0.23,0.22,0.34,0.45,1.47,0.96,0.38,0.32,0.23,0.28,0.33,0.36,1.15
t=44 field hdg=282.4 enc=8421;13968 xy=35;-164 want=-12 str=0.19 l=1.33 r=1.65 tick=534302 goal=0 here=0 d11=0.65 B=1.27,0.34,0.29,0.23,0.22,0.33,0.45,1.46,0.95,0.38,0.31,0.22,0.26,0.34,0.37,1.32
t=45 field hdg=283.3 enc=8421;13967 xy=35;-164 want=-45 str=0.14 l=0.82 r=2.00 tick=534321 goal=0 here=0 d11=0.66 B=1.17,0.35,0.29,0.24,0.22,0.34,0.46,1.46,0.93,0.38,0.31,0.24,0.27,0.34,0.40,1.32
t=45 field hdg=281.9 enc=8423;13968 xy=35;-165 want=-33 str=0.19 l=1.05 r=1.92 tick=534340 goal=0 here=0 d11=0.65 B=1.26,0.36,0.29,0.23,0.23,0.35,0.46,1.47,0.95,0.38,0.31,0.22,0.27,0.34,0.38,1.32
t=45 field hdg=280.2 enc=8422;13969 xy=35;-165 want=-20 str=0.20 l=1.22 r=1.76 tick=534359 goal=0 here=0 d11=0.66 B=1.27,0.35,0.30,0.23,0.23,0.34,0.47,1.45,0.95,0.38,0.30,0.24,0.27,0.34,0.38,1.32
t=45 field hdg=282.4 enc=8425;13970 xy=36;-167 want=-32 str=0.17 l=1.07 r=1.92 tick=534378 goal=0 here=0 d11=0.64 B=1.28,0.35,0.29,0.23,0.21,0.34,0.45,1.47,0.96,0.37,0.31,0.23,0.26,0.34,0.39,1.31
t=45 field hdg=282.1 enc=8424;13971 xy=36;-167 want=-47 str=0.17 l=0.86 r=2.00 tick=534397 goal=0 here=0 d11=0.65 B=1.26,0.34,0.29,0.22,0.22,0.34,0.46,1.47,0.96,0.38,0.31,0.23,0.27,0.34,0.38,1.31
t=46 field hdg=278.7 enc=8426;13970 xy=36;-168 want=-51 str=0.20 l=0.81 r=2.00 tick=534418 goal=0 here=0 d11=0.65 B=1.27,0.34,0.28,0.23,0.21,0.33,0.45,1.47,0.97,0.38,0.32,0.23,0.28,0.34,0.38,1.31
t=46 field hdg=280.4 enc=8429;13970 xy=36;-169 want=-169 str=0.14 l=-0.75 r=2.00 tick=534437 goal=0 here=0 d11=0.64 B=1.28,0.35,0.30,0.21,0.22,0.33,0.46,1.46,0.99,0.39,0.30,0.22,0.27,0.36,0.37,1.01
t=46 field hdg=278.4 enc=8430;13970 xy=36;-170 want=168 str=0.17 l=2.00 r=-0.75 tick=534456 goal=0 here=0 d11=0.64 B=1.29,0.34,0.32,0.23,0.22,0.33,0.44,1.46,1.01,0.39,0.32,0.23,0.27,0.34,0.36,0.98
t=46 field hdg=280.8 enc=8433;13971 xy=36;-172 want=166 str=0.19 l=2.00 r=-0.72 tick=534474 goal=0 here=0 d11=0.65 B=1.29,0.34,0.32,0.24,0.22,0.32,0.45,1.48,1.01,0.38,0.33,0.24,0.26,0.34,0.37,0.98
t=46 field hdg=282.9 enc=8432;13973 xy=37;-172 want=-177 str=0.14 l=-0.86 r=2.00 tick=534493 goal=0 here=0 d11=0.67 B=1.28,0.34,0.31,0.23,0.22,0.33,0.44,1.47,0.99,0.38,0.32,0.23,0.28,0.33,0.37,1.00
t=46 field hdg=280.0 enc=8435;13973 xy=37;-174 want=152 str=0.15 l=2.00 r=-0.52 tick=534514 goal=0 here=0 d11=0.65 B=1.29,0.33,0.30,0.23,0.22,0.32,0.44,1.47,1.00,0.39,0.31,0.22,0.27,0.34,0.37,1.01
t=47 field hdg=280.5 enc=8435;13975 xy=37;-175 want=142 str=0.18 l=2.00 r=-0.41 tick=534533 goal=0 here=0 d11=0.64 B=1.27,0.34,0.30,0.24,0.22,0.32,0.45,1.47,0.98,0.37,0.32,0.23,0.26,0.35,0.37,1.00
t=47 cage hdg=281.6 enc=8435;13977 xy=37;-176 want=117 str=0.02 l=2.00 r=-2.00 tick=534552 goal=0 here=0 d11=0.65 B=1.26,0.34,0.29,0.23,0.22,0.33,0.46,1.47,0.98,0.39,0.32,0.21,0.27,0.34,0.36,1.15
t=47 field hdg=279.3 enc=8432;13981 xy=37;-176 want=-44 str=0.15 l=0.90 r=2.00 tick=534571 goal=0 here=0 d11=0.65 B=1.26,0.35,0.29,0.22,0.22,0.33,0.46,1.48,0.97,0.38,0.30,0.23,0.27,0.33,0.38,1.31
t=47 field hdg=280.0 enc=8434;13980 xy=37;-177 want=-60 str=0.13 l=0.61 r=2.00 tick=534593 goal=0 here=0 d11=0.65 B=1.15,0.34,0.29,0.23,0.22,0.34,0.45,1.47,0.95,0.37,0.31,0.23,0.27,0.34,0.52,1.33
t=47 field hdg=283.0 enc=8436;13979 xy=37;-177 want=-16 str=0.16 l=1.28 r=1.70 tick=534614 goal=0 here=0 d11=0.64 B=1.27,0.33,0.30,0.22,0.23,0.32,0.45,1.47,0.96,0.38,0.30,0.22,0.26,0.33,0.38,1.32
t=48 field hdg=280.5 enc=8437;13980 xy=38;-178 want=-46 str=0.17 l=0.87 r=2.00 tick=534633 goal=0 here=0 d11=0.64 B=1.27,0.34,0.29,0.23,0.22,0.34,0.46,1.48,0.98,0.36,0.31,0.23,0.27,0.34,0.38,1.31
t=48 field hdg=282.1 enc=8437;13982 xy=38;-179 want=-52 str=0.21 l=0.79 r=2.00 tick=534652 goal=0 here=0 d11=0.66 B=1.27,0.33,0.30,0.23,0.21,0.33,0.45,1.47,0.96,0.39,0.31,0.24,0.28,0.33,0.38,1.31
t=48 field hdg=281.8 enc=8440;13981 xy=38;-180 want=-174 str=0.16 l=-0.82 r=2.00 tick=534671 goal=0 here=0 d11=0.64 B=1.28,0.32,0.29,0.22,0.23,0.33,0.45,1.48,0.99,0.38,0.32,0.23,0.27,0.34,0.37,1.05
t=48 field hdg=285.5 enc=8442;13982 xy=38;-182 want=162 str=0.21 l=2.00 r=-0.67 tick=534692 goal=0 here=0 d11=0.64 B=1.28,0.34,0.31,0.23,0.22,0.31,0.45,1.49,1.02,0.39,0.31,0.23,0.27,0.34,0.36,0.99
t=48 field hdg=281.8 enc=8442;13982 xy=38;-182 want=-177 str=0.22 l=-0.87 r=2.00 tick=534711 goal=0 here=0 d11=0.64 B=1.28,0.33,0.31,0.22,0.22,0.32,0.43,1.48,1.03,0.39,0.30,0.23,0.27,0.35,0.37,1.00
t=49 field hdg=283.0 enc=8444;13982 xy=39;-182 want=150 str=0.21 l=2.00 r=-0.50 tick=534732 goal=0 here=0 d11=0.66 B=1.28,0.33,0.30,0.25,0.23,0.31,0.44,1.49,1.02,0.39,0.31,0.23,0.27,0.33,0.36,0.98
t=49 field hdg=281.8 enc=8445;13985 xy=39;-184 want=173 str=0.22 l=2.00 r=-0.81 tick=534750 goal=0 here=0 d11=0.66 B=1.28,0.33,0.31,0.22,0.21,0.32,0.44,1.47,1.03,0.39,0.32,0.23,0.26,0.34,0.37,0.97
t=49 field hdg=283.9 enc=8446;13988 xy=40;-186 want=-179 str=0.21 l=-0.90 r=2.00 tick=534769 goal=0 here=0 d11=0.64 B=1.27,0.32,0.31,0.23,0.22,0.32,0.45,1.49,1.02,0.39,0.32,0.24,0.28,0.33,0.37,1.00
t=49 field hdg=281.5 enc=8448;13986 xy=40;-186 want=-174 str=0.19 l=-0.83 r=2.00 tick=534788 goal=0 here=0 d11=0.65 B=1.26,0.33,0.30,0.22,0.22,0.34,0.45,1.48,0.99,0.38,0.32,0.23,0.28,0.34,0.36,1.00
t=49 field hdg=277.2 enc=8449;13988 xy=40;-188 want=173 str=0.24 l=2.00 r=-0.81 tick=534808 goal=0 here=0 d11=0.64 B=1.27,0.33,0.32,0.23,0.21,0.31,0.44,1.50,1.03,0.40,0.30,0.23,0.27,0.33,0.36,0.98
t=50 field hdg=279.2 enc=8449;13988 xy=40;-188 want=178 str=0.38 l=2.00 r=-0.87 tick=534827 goal=0 here=0 d11=0.65 B=1.28,0.34,0.32,0.22,0.22,0.33,0.44,1.49,1.17,0.38,0.31,0.23,0.26,0.33,0.36,0.97
t=50 field hdg=281.5 enc=8448;13989 xy=40;-188 want=-176 str=0.18 l=-0.85 r=2.00 tick=534846 goal=0 here=0 d11=0.66 B=1.28,0.34,0.32,0.23,0.21,0.33,0.45,1.48,1.01,0.39,0.31,0.23,0.27,0.35,0.38,0.99
t=50 field hdg=283.0 enc=8452;13992 xy=41;-191 want=176 str=0.20 l=2.00 r=-0.85 tick=534865 goal=0 here=0 d11=0.65 B=1.27,0.32,0.30,0.22,0.23,0.32,0.46,1.49,1.00,0.39,0.31,0.24,0.27,0.32,0.36,1.00
t=50 field hdg=281.5 enc=8450;13993 xy=40;-191 want=170 str=0.22 l=2.00 r=-0.79 tick=534884 goal=0 here=0 d11=0.66 B=1.26,0.32,0.31,0.22,0.22,0.31,0.45,1.49,1.01,0.40,0.31,0.23,0.27,0.33,0.38,0.98
t=50 field hdg=282.9 enc=8450;13993 xy=40;-191 want=-144 str=0.08 l=-0.44 r=2.00 tick=534903 goal=0 here=0 d11=0.64 B=1.27,0.33,0.31,0.23,0.22,0.32,0.46,1.48,1.00,0.40,0.30,0.24,0.27,0.35,0.45,1.13
t=51 field hdg=281.6 enc=8453;13995 xy=41;-193 want=-154 str=0.09 l=-0.57 r=2.00 tick=534922 goal=0 here=0 d11=0.64 B=1.26,0.32,0.31,0.22,0.22,0.33,0.45,1.48,1.00,0.38,0.31,0.23,0.27,0.33,0.53,1.12
t=51 field hdg=282.5 enc=8455;13995 xy=41;-194 want=175 str=0.23 l=2.00 r=-0.83 tick=534941 goal=0 here=0 d11=0.63 B=1.28,0.34,0.32,0.23,0.22,0.33,0.46,1.50,1.01,0.39,0.32,0.25,0.27,0.34,0.38,0.98
t=51 field hdg=283.5 enc=8456;13997 xy=41;-196 want=177 str=0.21 l=2.00 r=-0.88 tick=534963 goal=0 here=0 d11=0.64 B=1.27,0.33,0.32,0.23,0.22,0.32,0.45,1.47,1.02,0.40,0.31,0.23,0.28,0.34,0.38,0.98
t=51 cage hdg=281.4 enc=8454;13999 xy=41;-196 want=-137 str=0.05 l=2.00 r=-2.00 tick=534988 goal=0 here=0 d11=0.63 B=1.25,0.33,0.30,0.23,0.23,0.32,0.46,1.50,1.00,0.41,0.31,0.24,0.27,0.33,0.51,1.21
t=51 field hdg=284.2 enc=8453;14000 xy=41;-196 want=-49 str=0.13 l=0.82 r=2.00 tick=535006 goal=0 here=0 d11=0.65 B=1.25,0.32,0.31,0.23,0.22,0.32,0.46,1.49,0.97,0.38,0.30,0.24,0.27,0.33,0.53,1.30
t=52 field hdg=281.1 enc=8456;14000 xy=42;-197 want=-66 str=0.15 l=0.56 r=2.00 tick=535028 goal=0 here=0 d11=0.64 B=1.20,0.33,0.29,0.22,0.22,0.33,0.47,1.48,0.96,0.38,0.31,0.23,0.27,0.32,0.50,1.31
t=52 field hdg=282.3 enc=8458;14000 xy=42;-198 want=-64 str=0.19 l=0.63 r=2.00 tick=535049 goal=0 here=0 d11=0.65 B=1.26,0.32,0.30,0.22,0.22,0.33,0.46,1.49,0.97,0.39,0.32,0.24,0.29,0.33,0.52,1.29
t=52 field hdg=281.1 enc=8459;14001 xy=42;-199 want=-73 str=0.10 l=0.52 r=2.00 tick=535069 goal=0 here=0 d11=0.64 B=1.27,0.33,0.31,0.23,0.21,0.34,0.45,1.47,0.99,0.39,0.31,0.24,0.27,0.33,0.51,1.21
t=52 field hdg=281.1 enc=8461;14001 xy=42;-200 want=-165 str=0.16 l=-0.71 r=2.00 tick=535087 goal=0 here=0 d11=0.63 B=1.27,0.33,0.32,0.23,0.22,0.32,0.44,1.48,1.01,0.38,0.32,0.24,0.29,0.34,0.52,1.04
t=52 field hdg=279.8 enc=8463;14001 xy=43;-201 want=-172 str=0.52 l=-0.80 r=2.00 tick=535109 goal=0 here=0 d11=0.63 B=1.28,0.32,0.32,0.23,0.22,0.31,0.46,1.49,1.29,0.40,0.31,0.24,0.29,0.34,0.38,0.98
t=53 field hdg=278.1 enc=8466;14000 xy=43;-202 want=172 str=0.55 l=2.00 r=-0.79 tick=535128 goal=0 here=0 d11=0.64 B=1.28,0.32,0.31,0.24,0.22,0.30,0.43,1.50,1.31,0.40,0.32,0.24,0.27,0.33,0.36,0.94
t=53 field hdg=279.6 enc=8465;14001 xy=43;-202 want=172 str=0.53 l=2.00 r=-0.80 tick=535146 goal=0 here=0 d11=0.64 B=1.29,0.34,0.32,0.23,0.22,0.31,0.45,1.50,1.32,0.40,0.32,0.22,0.28,0.35,0.37,0.95
t=53 field hdg=282.3 enc=8467;14004 xy=43;-204 want=178 str=0.54 l=2.00 r=-0.90 tick=535166 goal=0 here=0 d11=0.61 B=1.26,0.32,0.32,0.23,0.22,0.31,0.45,1.50,1.30,0.39,0.32,0.24,0.27,0.34,0.38,0.97
t=53 field hdg=283.0 enc=8466;14006 xy=43;-205 want=154 str=0.24 l=2.00 r=-0.56 tick=535184 goal=0 here=0 d11=0.62 B=1.27,0.31,0.31,0.25,0.23,0.31,0.45,1.49,1.03,0.40,0.31,0.24,0.27,0.33,0.52,0.98
t=53 field hdg=281.5 enc=8467;14008 xy=44;-206 want=-141 str=0.15 l=-0.40 r=2.00 tick=535206 goal=0 here=0 d11=0.62 B=1.26,0.33,0.31,0.22,0.22,0.31,0.44,1.50,1.01,0.39,0.31,0.24,0.28,0.33,0.51,1.13
t=54 field hdg=281.6 enc=8466;14008 xy=44;-206 want=-98 str=0.12 l=0.16 r=2.00 tick=535225 goal=0 here=0 d11=0.62 B=1.25,0.32,0.30,0.22,0.21,0.31,0.46,1.49,0.99,0.39,0.31,0.23,0.28,0.33,0.51,1.21
t=54 field hdg=280.0 enc=8470;14009 xy=44;-208 want=176 str=0.24 l=2.00 r=-0.87 tick=535246 goal=0 here=0 d11=0.61 B=1.26,0.31,0.32,0.22,0.22,0.31,0.44,1.49,1.02,0.40,0.31,0.23,0.27,0.34,0.52,0.98
t=54 field hdg=280.3 enc=8469;14011 xy=44;-209 want=-177 str=0.24 l=-0.86 r=2.00 tick=535265 goal=0 here=0 d11=0.61 B=1.28,0.33,0.32,0.22,0.22,0.31,0.45,1.50,1.03,0.41,0.31,0.23,0.28,0.33,0.51,0.98
t=54 field hdg=282.4 enc=8472;14010 xy=44;-210 want=-172 str=0.30 l=-0.82 r=2.00 tick=535283 goal=0 here=0 d11=0.62 B=1.25,0.32,0.31,0.23,0.20,0.31,0.46,1.50,1.04,0.40,0.31,0.25,0.27,0.34,0.50,0.98
t=54 field hdg=276.4 enc=8474;14010 xy=44;-211 want=176 str=0.52 l=2.00 r=-0.86 tick=535306 goal=0 here=0 d11=0.61 B=1.26,0.32,0.31,0.24,0.22,0.30,0.44,1.50,1.29,0.39,0.31,0.23,0.28,0.33,0.52,0.97
t=55 field hdg=280.0 enc=8475;14011 xy=45;-212 want=176 str=0.55 l=2.00 r=-0.86 tick=535325 goal=0 here=0 d11=0.62 B=1.27,0.33,0.31,0.23,0.21,0.31,0.46,1.50,1.31,0.40,0.31,0.24,0.26,0.33,0.52,0.96
t=55 field hdg=280.1 enc=8475;14013 xy=45;-213 want=-180 str=0.42 l=-0.91 r=2.00 tick=535344 goal=0 here=0 d11=0.63 B=1.26,0.33,0.32,0.22,0.22,0.31,0.46,1.50,1.18,0.39,0.31,0.25,0.27,0.33,0.51,0.98
t=55 field hdg=281.8 enc=8476;14013 xy=45;-213 want=171 str=0.37 l=2.00 r=-0.79 tick=535372 goal=0 here=0 d11=0.62 B=1.26,0.32,0.32,0.24,0.22,0.30,0.44,1.49,1.17,0.40,0.31,0.23,0.27,0.35,0.50,0.98
t=55 field hdg=277.9 enc=8477;14016 xy=45;-215 want=178 str=0.54 l=2.00 r=-0.89 tick=535391 goal=0 here=0 d11=0.62 B=1.26,0.32,0.32,0.23,0.21,0.30,0.44,1.50,1.30,0.41,0.31,0.25,0.26,0.35,0.52,0.97
t=55 field hdg=279.2 enc=8477;14017 xy=45;-216 want=165 str=0.24 l=2.00 r=-0.72 tick=535409 goal=0 here=0 d11=0.63 B=1.26,0.32,0.32,0.23,0.21,0.30,0.46,1.50,1.03,0.39,0.30,0.22,0.27,0.34,0.50,0.97
t=56 field hdg=280.2 enc=8477;14018 xy=45;-216 want=-165 str=0.20 l=-0.72 r=2.00 tick=535431 goal=0 here=0 d11=0.62 B=1.26,0.32,0.30,0.23,0.22,0.30,0.46,1.49,1.02,0.40,0.30,0.26,0.27,0.33,0.50,1.06
t=56 field hdg=285.1 enc=8480;14020 xy=46;-219 want=-86 str=0.12 l=0.33 r=2.00 tick=535449 goal=0 here=0 d11=0.65 B=1.26,0.32,0.31,0.23,0.22,0.31,0.46,1.51,1.01,0.40,0.30,0.25,0.28,0.34,0.51,1.27
t=56 field hdg=280.7 enc=8482;14021 xy=46;-220 want=-163 str=0.20 l=-0.70 r=2.00 tick=535469 goal=0 here=0 d11=0.63 B=1.25,0.32,0.32,0.23,0.22,0.31,0.45,1.50,1.03,0.39,0.31,0.24,0.29,0.33,0.51,1.06
t=56 field hdg=281.7 enc=8482;14020 xy=46;-220 want=178 str=0.52 l=2.00 r=-0.89 tick=535487 goal=0 here=0 d11=0.63 B=1.27,0.32,0.31,0.24,0.21,0.29,0.45,1.51,1.31,0.40,0.30,0.23,0.28,0.33,0.51,0.97
t=56 field hdg=281.6 enc=8483;14023 xy=46;-222 want=-175 str=0.55 l=-0.85 r=2.00 tick=535509 goal=0 here=0 d11=0.64 B=1.26,0.32,0.32,0.22,0.22,0.30,0.44,1.50,1.31,0.39,0.32,0.24,0.28,0.32,0.50,0.97
t=57 field hdg=275.5 enc=8485;14022 xy=47;-222 want=179 str=0.54 l=2.00 r=-0.90 tick=535528 goal=0 here=0 d11=0.64 B=1.26,0.32,0.31,0.24,0.21,0.29,0.44,1.51,1.31,0.41,0.31,0.23,0.28,0.34,0.50,0.96
t=57 field hdg=279.1 enc=8484;14023 xy=47;-222 want=-179 str=0.57 l=-0.91 r=2.00 tick=535548 goal=0 here=0 d11=0.65 B=1.26,0.30,0.31,0.23,0.21,0.30,0.45,1.51,1.32,0.41,0.30,0.24,0.27,0.33,0.51,0.97
t=57 field hdg=278.5 enc=8488;14025 xy=47;-225 want=-176 str=0.56 l=-0.86 r=2.00 tick=535567 goal=0 here=0 d11=0.65 B=1.25,0.31,0.30,0.23,0.21,0.30,0.44,1.51,1.31,0.40,0.29,0.25,0.28,0.33,0.50,0.98
t=57 field hdg=282.9 enc=8488;14024 xy=47;-225 want=179 str=0.55 l=2.00 r=-0.90 tick=535587 goal=0 here=0 d11=0.65 B=1.27,0.33,0.33,0.23,0.22,0.29,0.44,1.50,1.32,0.40,0.31,0.23,0.27,0.34,0.50,0.95
t=57 field hdg=279.1 enc=8489;14026 xy=47;-226 want=-178 str=0.57 l=-0.87 r=2.00 tick=535606 goal=0 here=0 d11=0.64 B=1.28,0.32,0.31,0.22,0.22,0.29,0.45,1.51,1.33,0.41,0.31,0.24,0.27,0.33,0.50,0.94
t=58 field hdg=278.7 enc=8492;14027 xy=47;-228 want=-178 str=0.62 l=-0.89 r=2.00 tick=535624 goal=0 here=0 d11=0.66 B=1.27,0.32,0.32,0.23,0.23,0.29,0.45,1.53,1.33,0.41,0.32,0.25,0.28,0.33,0.51,0.94
t=58 field hdg=278.7 enc=8493;14027 xy=47;-229 want=-169 str=0.59 l=-0.75 r=2.00 tick=535643 goal=0 here=0 d11=0.65 B=1.28,0.34,0.31,0.23,0.20,0.29,0.45,1.50,1.34,0.41,0.32,0.24,0.29,0.32,0.49,0.95
t=58 field hdg=277.1 enc=8494;14025 xy=47;-228 want=-176 str=0.60 l=-0.84 r=2.00 tick=535662 goal=0 here=0 d11=0.64 B=1.30,0.35,0.32,0.23,0.21,0.29,0.45,1.50,1.36,0.40,0.32,0.24,0.28,0.34,0.49,0.92
t=58 field hdg=284.2 enc=8497;14026 xy=48;-230 want=180 str=0.63 l=2.00 r=-0.88 tick=535681 goal=0 here=0 d11=0.64 B=1.31,0.35,0.32,0.23,0.22,0.29,0.43,1.51,1.38,0.40,0.32,0.24,0.28,0.32,0.36,0.91
t=58 field hdg=278.8 enc=8496;14027 xy=48;-230 want=-173 str=0.54 l=-0.73 r=2.00 tick=535700 goal=0 here=0 d11=0.64 B=1.40,0.36,0.30,0.23,0.21,0.28,0.43,1.50,1.41,0.42,0.31,0.24,0.28,0.32,0.36,0.91
t=59 field hdg=279.6 enc=8500;14026 xy=48;-232 want=-169 str=0.62 l=-0.74 r=2.00 tick=535721 goal=0 here=0 d11=0.63 B=1.31,0.36,0.31,0.24,0.20,0.27,0.44,1.50,1.41,0.43,0.32,0.24,0.28,0.33,0.36,0.91
t=59 field hdg=274.8 enc=8502;14027 xy=48;-233 want=-170 str=0.45 l=-0.60 r=2.00 tick=535741 goal=0 here=0 d11=0.65 B=1.53,0.49,0.32,0.23,0.21,0.28,0.45,1.50,1.45,0.41,0.31,0.23,0.29,0.33,0.37,0.90
t=59 field hdg=282.9 enc=8504;14026 xy=48;-234 want=-178 str=0.44 l=-0.71 r=2.00 tick=535760 goal=0 here=0 d11=0.64 B=1.52,0.50,0.31,0.25,0.21,0.27,0.44,1.50,1.45,0.43,0.34,0.24,0.27,0.33,0.37,0.90
t=59 field hdg=276.5 enc=8506;14027 xy=49;-235 want=-177 str=0.43 l=-0.69 r=2.00 tick=535778 goal=0 here=0 d11=0.65 B=1.53,0.49,0.31,0.24,0.22,0.27,0.43,1.49,1.45,0.41,0.33,0.23,0.27,0.33,0.36,0.90
t=59 field hdg=276.4 enc=8509;14028 xy=49;-237 want=-169 str=0.46 l=-0.59 r=2.00 tick=535803 goal=0 here=0 d11=0.65 B=1.51,0.49,0.32,0.24,0.21,0.27,0.43,1.49,1.45,0.41,0.33,0.24,0.28,0.32,0.35,0.89
t=60 field hdg=279.7 enc=8511;14027 xy=49;-237 want=-173 str=0.47 l=-0.64 r=2.00 tick=535822 goal=0 here=0 d11=0.64 B=1.52,0.50,0.32,0.24,0.21,0.26,0.43,1.50,1.45,0.43,0.34,0.24,0.27,0.33,0.35,0.87
t=60 field hdg=273.5 enc=8512;14026 xy=49;-237 want=-168 str=0.49 l=-0.58 r=2.00 tick=535840 goal=0 here=0 d11=0.65 B=1.51,0.50,0.31,0.24,0.21,0.26,0.43,1.49,1.45,0.42,0.34,0.25,0.27,0.34,0.34,0.87
t=60 field hdg=275.0 enc=8513;14028 xy=49;-239 want=-176 str=0.46 l=-0.68 r=2.00 tick=535859 goal=0 here=0 d11=0.65 B=1.52,0.49,0.32,0.23,0.21,0.27,0.43,1.48,1.44,0.42,0.34,0.24,0.27,0.32,0.34,0.86
t=60 field hdg=278.0 enc=8517;14028 xy=49;-241 want=-86 str=0.30 l=0.50 r=2.00 tick=535878 goal=0 here=0 d11=0.64 B=1.51,0.49,0.31,0.23,0.22,0.26,0.42,0.92,1.46,0.41,0.36,0.24,0.27,0.33,0.33,0.85
t=60 field hdg=274.9 enc=8518;14027 xy=49;-241 want=-82 str=0.33 l=0.57 r=2.00 tick=535901 goal=0 here=0 d11=0.65 B=1.52,0.49,0.31,0.23,0.21,0.26,0.42,0.89,1.46,0.43,0.36,0.25,0.27,0.31,0.32,0.85
t=61 field hdg=274.9 enc=8521;14026 xy=49;-242 want=-89 str=0.34 l=0.47 r=2.00 tick=535920 goal=0 here=0 d11=0.64 B=1.51,0.48,0.30,0.23,0.21,0.26,0.41,0.91,1.47,0.43,0.36,0.25,0.27,0.33,0.33,0.85
t=61 field hdg=277.3 enc=8523;14028 xy=50;-244 want=-76 str=0.28 l=0.66 r=2.00 tick=535941 goal=0 here=0 d11=0.64 B=1.52,0.49,0.32,0.25,0.21,0.25,0.41,0.90,1.46,0.43,0.36,0.24,0.28,0.33,0.32,0.84
t=61 field hdg=277.4 enc=8523;14027 xy=50;-243 want=-66 str=0.51 l=0.79 r=2.00 tick=535960 goal=0 here=0 d11=0.64 B=1.54,0.50,0.32,0.23,0.21,0.25,0.42,0.72,1.49,0.45,0.36,0.25,0.28,0.34,0.31,0.84
t=61 field hdg=276.4 enc=8527;14026 xy=50;-245 want=-54 str=0.45 l=0.95 r=2.00 tick=535979 goal=0 here=0 d11=0.65 B=1.53,0.50,0.31,0.26,0.22,0.24,0.42,0.69,1.48,0.45,0.35,0.25,0.27,0.34,0.32,0.83
t=61 field hdg=275.3 enc=8529;14027 xy=50;-246 want=-57 str=0.46 l=0.93 r=2.00 tick=535998 goal=0 here=0 d11=0.64 B=1.55,0.50,0.31,0.25,0.21,0.24,0.41,0.68,1.47,0.45,0.36,0.26,0.27,0.31,0.31,0.81
t=62 field hdg=275.1 enc=8530;14028 xy=50;-247 want=-55 str=0.46 l=0.94 r=2.00 tick=536017 goal=0 here=0 d11=0.63 B=1.55,0.50,0.32,0.24,0.22,0.24,0.41,0.68,1.47,0.46,0.38,0.25,0.26,0.34,0.31,0.81
t=62 field hdg=274.4 enc=8534;14026 xy=50;-248 want=-56 str=0.52 l=0.94 r=2.00 tick=536040 goal=0 here=0 d11=0.65 B=1.54,0.51,0.30,0.25,0.21,0.23,0.41,0.67,1.47,0.47,0.36,0.24,0.28,0.33,0.31,0.81
t=62 field hdg=268.1 enc=8534;14028 xy=50;-249 want=-59 str=0.49 l=0.89 r=2.00 tick=536058 goal=0 here=0 d11=0.64 B=1.54,0.51,0.31,0.23,0.20,0.24,0.41,0.67,1.45,0.48,0.37,0.24,0.27,0.31,0.31,0.79
t=62 field hdg=270.9 enc=8536;14028 xy=50;-250 want=-58 str=0.49 l=0.91 r=2.00 tick=536077 goal=0 here=0 d11=0.65 B=1.55,0.51,0.30,0.25,0.21,0.23,0.40,0.65,1.45,0.47,0.38,0.25,0.27,0.33,0.30,0.76
t=62 field hdg=270.1 enc=8539;14026 xy=50;-251 want=-59 str=0.44 l=0.90 r=2.00 tick=536096 goal=0 here=0 d11=0.64 B=1.56,0.51,0.30,0.25,0.21,0.23,0.39,0.66,1.43,0.47,0.38,0.25,0.27,0.34,0.31,0.68
t=63 field hdg=271.5 enc=8540;14027 xy=50;-252 want=-59 str=0.41 l=0.90 r=2.00 tick=536117 goal=0 here=0 d11=0.65 B=1.56,0.51,0.31,0.26,0.21,0.23,0.41,0.65,1.45,0.49,0.39,0.24,0.28,0.33,0.30,0.66
t=63 field hdg=269.5 enc=8543;14026 xy=50;-253 want=-63 str=0.41 l=0.85 r=2.00 tick=536136 goal=0 here=0 d11=0.64 B=1.56,0.51,0.30,0.25,0.22,0.23,0.40,0.66,1.43,0.50,0.39,0.26,0.27,0.32,0.32,0.63
t=63 field hdg=268.0 enc=8546;14028 xy=50;-255 want=-61 str=0.36 l=0.88 r=2.00 tick=536155 goal=0 here=0 d11=0.66 B=1.55,0.51,0.29,0.25,0.22,0.23,0.40,0.66,1.43,0.50,0.38,0.24,0.27,0.33,0.32,0.64
t=63 field hdg=271.3 enc=8547;14027 xy=50;-255 want=-57 str=0.35 l=0.92 r=2.00 tick=536176 goal=0 here=0 d11=0.64 B=1.54,0.52,0.31,0.25,0.23,0.23,0.40,0.65,1.42,0.53,0.39,0.25,0.26,0.33,0.30,0.62
t=63 field hdg=268.1 enc=8549;14028 xy=50;-257 want=-57 str=0.30 l=0.93 r=2.00 tick=536194 goal=0 here=0 d11=0.64 B=1.55,0.54,0.29,0.26,0.22,0.23,0.40,0.66,1.44,0.54,0.39,0.24,0.25,0.32,0.31,0.61
t=63 field hdg=269.0 enc=8550;14028 xy=50;-257 want=-7 str=0.70 l=1.59 r=1.77 tick=536213 goal=0 here=0 d11=0.65 B=1.54,0.56,0.31,0.27,0.21,0.23,0.38,0.64,1.44,0.54,0.38,0.26,0.26,0.31,0.32,0.61
t=64 field hdg=267.8 enc=8551;14029 xy=50;-258 want=-8 str=0.67 l=1.56 r=1.78 tick=536232 goal=0 here=0 d11=0.66 B=1.53,0.57,0.30,0.26,0.22,0.22,0.40,0.65,1.43,0.55,0.40,0.25,0.27,0.31,0.30,0.59
t=64 field hdg=269.4 enc=8554;14028 xy=50;-259 want=-12 str=0.70 l=1.51 r=1.83 tick=536253 goal=0 here=0 d11=0.65 B=1.53,0.57,0.30,0.26,0.21,0.22,0.38,0.64,1.43,0.55,0.38,0.25,0.27,0.32,0.31,0.59
t=64 field hdg=274.4 enc=8553;14030 xy=50;-260 want=-6 str=0.68 l=1.60 r=1.76 tick=536272 goal=0 here=0 d11=0.65 B=1.54,0.57,0.31,0.26,0.23,0.23,0.39,0.64,1.43,0.54,0.39,0.25,0.27,0.33,0.32,0.59
t=64 field hdg=269.1 enc=8554;14032 xy=50;-261 want=-65 str=0.33 l=0.80 r=2.00 tick=536291 goal=0 here=0 d11=0.64 B=1.53,0.58,0.30,0.25,0.21,0.23,0.39,0.65,1.44,0.56,0.39,0.24,0.26,0.31,0.31,0.59
t=64 field hdg=266.9 enc=8558;14031 xy=50;-263 want=-68 str=0.40 l=0.76 r=2.00 tick=536310 goal=0 here=0 d11=0.66 B=1.53,0.57,0.30,0.26,0.21,0.23,0.38,0.65,1.44,0.55,0.39,0.26,0.28,0.31,0.30,0.59
t=65 field hdg=268.8 enc=8560;14032 xy=50;-264 want=-76 str=0.45 l=0.66 r=2.00 tick=536328 goal=0 here=0 d11=0.65 B=1.53,0.58,0.31,0.26,0.21,0.21,0.38,0.65,1.44,0.57,0.39,0.27,0.27,0.32,0.30,0.56
t=65 field hdg=267.6 enc=8561;14030 xy=50;-264 want=-70 str=0.30 l=0.73 r=2.00 tick=536347 goal=0 here=0 d11=0.65 B=1.52,0.59,0.29,0.26,0.22,0.23,0.37,0.65,1.44,0.56,0.40,0.24,0.27,0.30,0.31,0.55
t=65 field hdg=270.0 enc=8562;14030 xy=50;-264 want=-163 str=0.42 l=-0.51 r=2.00 tick=536366 goal=0 here=0 d11=0.65 B=1.51,0.58,0.30,0.26,0.21,0.21,0.38,0.62,1.45,0.58,0.40,0.24,0.27,0.31,0.31,0.53
t=65 field hdg=269.2 enc=8565;14031 xy=50;-266 want=-168 str=0.48 l=-0.60 r=2.00 tick=536385 goal=0 here=0 d11=0.64 B=1.49,0.59,0.29,0.27,0.23,0.22,0.37,0.62,1.48,0.59,0.39,0.25,0.28,0.32,0.31,0.54
t=65 field hdg=266.7 enc=8568;14030 xy=50;-267 want=-166 str=0.45 l=-0.57 r=2.00 tick=536404 goal=0 here=0 d11=0.65 B=1.49,0.61,0.30,0.26,0.22,0.22,0.37,0.62,1.48,0.59,0.40,0.26,0.26,0.31,0.31,0.52
t=66 field hdg=262.6 enc=8569;14032 xy=49;-269 want=-176 str=0.48 l=-0.71 r=2.00 tick=536423 goal=0 here=0 d11=0.66 B=1.47,0.61,0.29,0.26,0.22,0.23,0.37,0.62,1.49,0.58,0.40,0.24,0.26,0.31,0.31,0.53
t=66 field hdg=267.6 enc=8570;14030 xy=50;-268 want=-168 str=0.46 l=-0.60 r=2.00 tick=536442 goal=0 here=0 d11=0.65 B=1.47,0.63,0.30,0.27,0.22,0.21,0.35,0.61,1.50,0.59,0.40,0.26,0.27,0.30,0.29,0.52
t=66 field hdg=270.9 enc=8573;14030 xy=50;-270 want=-166 str=0.50 l=-0.60 r=2.00 tick=536462 goal=0 here=0 d11=0.64 B=1.45,0.63,0.29,0.27,0.21,0.22,0.36,0.60,1.51,0.59,0.41,0.26,0.27,0.30,0.30,0.53
t=66 field hdg=268.5 enc=8574;14030 xy=50;-270 want=179 str=0.40 l=2.00 r=-0.76 tick=536481 goal=0 here=0 d11=0.64 B=1.48,0.66,0.30,0.28,0.23,0.22,0.35,0.59,1.51,0.61,0.40,0.25,0.26,0.30,0.31,0.52
t=66 field hdg=258.8 enc=8575;14032 xy=49;-272 want=-177 str=0.44 l=-0.74 r=2.00 tick=536500 goal=0 here=0 d11=0.63 B=1.46,0.67,0.28,0.28,0.23,0.22,0.36,0.57,1.51,0.59,0.40,0.27,0.25,0.32,0.30,0.52
t=67 field hdg=265.0 enc=8577;14033 xy=49;-273 want=-160 str=0.46 l=-0.50 r=2.00 tick=536522 goal=0 here=0 d11=0.65 B=1.47,0.67,0.28,0.28,0.21,0.22,0.35,0.56,1.51,0.60,0.40,0.27,0.28,0.31,0.32,0.52
t=67 field hdg=265.8 enc=8579;14034 xy=49;-275 want=-32 str=0.33 l=1.20 r=2.00 tick=536540 goal=0 here=0 d11=0.64 B=1.46,0.85,0.30,0.29,0.22,0.21,0.35,0.55,1.53,0.61,0.39,0.26,0.26,0.29,0.32,0.51
t=67 field hdg=266.5 enc=8581;14034 xy=49;-276 want=-27 str=0.35 l=1.25 r=1.98 tick=536559 goal=0 here=0 d11=0.65 B=1.45,0.86,0.30,0.29,0.23,0.21,0.34,0.55,1.52,0.60,0.39,0.26,0.26,0.30,0.31,0.50
t=67 field hdg=263.6 enc=8581;14036 xy=49;-277 want=-37 str=0.39 l=1.13 r=2.00 tick=536579 goal=0 here=0 d11=0.64 B=1.46,0.87,0.30,0.27,0.22,0.21,0.34,0.53,1.52,0.61,0.41,0.24,0.27,0.30,0.31,0.51
t=67 field hdg=262.5 enc=8584;14035 xy=49;-278 want=-46 str=0.40 l=1.01 r=2.00 tick=536600 goal=0 here=0 d11=0.64 B=1.46,0.87,0.29,0.28,0.22,0.21,0.33,0.52,1.51,0.62,0.41,0.26,0.27,0.31,0.30,0.51
t=68 field hdg=263.8 enc=8586;14037 xy=48;-280 want=-26 str=0.36 l=1.27 r=1.96 tick=536619 goal=0 here=0 d11=0.64 B=1.45,0.89,0.29,0.29,0.23,0.21,0.34,0.53,1.52,0.62,0.41,0.25,0.27,0.30,0.30,0.50
t=68 field hdg=262.5 enc=8587;14039 xy=48;-281 want=-36 str=0.38 l=1.15 r=2.00 tick=536638 goal=0 here=0 d11=0.65 B=1.46,0.88,0.30,0.29,0.22,0.21,0.34,0.52,1.52,0.61,0.41,0.26,0.28,0.31,0.30,0.50
t=68 field hdg=264.6 enc=8588;14039 xy=48;-282 want=-35 str=0.33 l=1.16 r=2.00 tick=536657 goal=0 here=0 d11=0.66 B=1.47,0.89,0.29,0.29,0.23,0.22,0.35,0.51,1.52,0.62,0.40,0.27,0.26,0.30,0.30,0.51
t=68 field hdg=264.7 enc=8593;14040 xy=48;-285 want=-32 str=0.36 l=1.20 r=2.00 tick=536680 goal=0 here=0 d11=0.64 B=1.47,0.89,0.29,0.29,0.23,0.21,0.33,0.52,1.51,0.62,0.41,0.26,0.27,0.31,0.31,0.50
t=68 field hdg=264.1 enc=8593;14041 xy=48;-285 want=-18 str=0.35 l=1.39 r=1.88 tick=536700 goal=0 here=0 d11=0.65 B=1.48,0.90,0.29,0.29,0.23,0.22,0.33,0.52,1.53,0.63,0.42,0.25,0.27,0.30,0.31,0.49
t=69 field hdg=261.4 enc=8595;14042 xy=48;-287 want=-28 str=0.38 l=1.25 r=1.99 tick=536719 goal=0 here=0 d11=0.66 B=1.46,0.90,0.29,0.31,0.22,0.21,0.32,0.51,1.51,0.62,0.41,0.27,0.26,0.30,0.30,0.51
t=69 field hdg=266.0 enc=8597;14043 xy=48;-288 want=-41 str=0.41 l=1.07 r=2.00 tick=536738 goal=0 here=0 d11=0.65 B=1.46,0.90,0.28,0.29,0.22,0.20,0.34,0.51,1.50,0.64,0.41,0.27,0.27,0.30,0.29,0.51
t=69 field hdg=262.5 enc=8599;14045 xy=47;-290 want=-23 str=0.30 l=1.32 r=1.94 tick=536757 goal=0 here=0 d11=0.66 B=1.47,0.90,0.28,0.29,0.23,0.22,0.32,0.50,1.50,0.64,0.42,0.26,0.25,0.29,0.30,0.49
t=69 field hdg=266.6 enc=8599;14045 xy=47;-290 want=-24 str=0.34 l=1.31 r=1.95 tick=536778 goal=0 here=0 d11=0.65 B=1.47,0.91,0.30,0.29,0.22,0.21,0.33,0.51,1.51,0.65,0.42,0.26,0.27,0.28,0.30,0.50
t=69 field hdg=263.7 enc=8601;14046 xy=47;-292 want=-33 str=0.34 l=1.19 r=2.00 tick=536797 goal=0 here=0 d11=0.65 B=1.47,0.91,0.28,0.31,0.23,0.22,0.33,0.51,1.51,0.64,0.41,0.28,0.26,0.30,0.30,0.49
t=70 field hdg=262.0 enc=8601;14047 xy=47;-292 want=-30 str=0.39 l=1.23 r=2.00 tick=536816 goal=0 here=0 d11=0.65 B=1.48,0.91,0.29,0.29,0.22,0.20,0.32,0.50,1.52,0.62,0.42,0.25,0.27,0.29,0.29,0.50
t=70 field hdg=262.4 enc=8605;14047 xy=47;-294 want=-21 str=0.30 l=1.33 r=1.91 tick=536835 goal=0 here=0 d11=0.65 B=1.46,0.91,0.29,0.30,0.22,0.22,0.33,0.51,1.53,0.65,0.42,0.26,0.26,0.29,0.30,0.49
t=70 field hdg=263.6 enc=8606;14047 xy=47;-295 want=-41 str=0.36 l=1.09 r=2.00 tick=536854 goal=0 here=0 d11=0.65 B=1.47,0.92,0.27,0.29,0.23,0.21,0.33,0.51,1.52,0.64,0.40,0.26,0.27,0.30,0.30,0.50
t=70 field hdg=265.3 enc=8606;14050 xy=47;-296 want=-24 str=0.33 l=1.32 r=1.95 tick=536874 goal=0 here=0 d11=0.65 B=1.47,0.91,0.29,0.31,0.23,0.22,0.31,0.51,1.51,0.65,0.42,0.26,0.27,0.30,0.30,0.49
t=70 field hdg=262.5 enc=8608;14052 xy=46;-298 want=-18 str=0.29 l=1.38 r=1.87 tick=536902 goal=0 here=0 d11=0.64 B=1.47,0.93,0.28,0.29,0.24,0.23,0.33,0.50,1.52,0.66,0.42,0.25,0.27,0.29,0.30,0.50
t=71 field hdg=259.6 enc=8609;14052 xy=46;-299 want=-24 str=0.33 l=1.31 r=1.96 tick=536921 goal=0 here=0 d11=0.64 B=1.48,0.93,0.29,0.30,0.23,0.23,0.31,0.50,1.52,0.65,0.41,0.27,0.27,0.29,0.31,0.49
t=71 field hdg=265.7 enc=8610;14052 xy=46;-299 want=-25 str=0.32 l=1.30 r=1.96 tick=536940 goal=0 here=0 d11=0.65 B=1.47,0.92,0.29,0.29,0.23,0.23,0.31,0.50,1.52,0.65,0.42,0.26,0.26,0.30,0.30,0.48
t=71 field hdg=265.3 enc=8612;14053 xy=46;-301 want=-18 str=0.24 l=1.38 r=1.88 tick=536962 goal=0 here=0 d11=0.65 B=1.47,0.92,0.29,0.29,0.23,0.23,0.32,0.51,1.53,0.66,0.43,0.26,0.26,0.28,0.29,0.49
t=71 field hdg=264.3 enc=8614;14054 xy=46;-302 want=-36 str=0.32 l=1.15 r=2.00 tick=536982 goal=0 here=0 d11=0.65 B=1.47,0.92,0.29,0.29,0.22,0.22,0.32,0.49,1.52,0.65,0.42,0.28,0.26,0.29,0.29,0.49
t=71 field hdg=259.5 enc=8615;14055 xy=46;-303 want=-34 str=0.27 l=1.17 r=2.00 tick=537004 goal=0 here=0 d11=0.64 B=1.46,0.92,0.27,0.29,0.23,0.23,0.31,0.50,1.52,0.65,0.41,0.26,0.27,0.30,0.29,0.49
t=72 field hdg=265.0 enc=8618;14056 xy=46;-305 want=-31 str=0.32 l=1.22 r=2.00 tick=537027 goal=0 here=0 d11=0.63 B=1.47,0.93,0.28,0.29,0.23,0.22,0.30,0.50,1.51,0.67,0.41,0.26,0.26,0.31,0.30,0.48
t=72 field hdg=261.7 enc=8618;14057 xy=46;-306 want=-35 str=0.38 l=1.17 r=2.00 tick=537046 goal=0 here=0 d11=0.63 B=1.47,0.94,0.28,0.29,0.22,0.23,0.29,0.50,1.50,0.67,0.41,0.26,0.27,0.29,0.31,0.48
t=72 field hdg=263.6 enc=8622;14059 xy=45;-309 want=-31 str=0.35 l=1.21 r=2.00 tick=537065 goal=0 here=0 d11=0.63 B=1.47,0.95,0.28,0.30,0.24,0.21,0.29,0.50,1.52,0.68,0.42,0.26,0.27,0.30,0.29,0.48
t=72 field hdg=263.2 enc=8624;14061 xy=45;-311 want=-70 str=0.27 l=0.71 r=2.00 tick=537085 goal=0 here=0 d11=0.62 B=1.48,0.94,0.29,0.30,0.22,0.20,0.30,0.48,1.52,0.87,0.42,0.28,0.26,0.28,0.29,0.49
t=72 field hdg=262.5 enc=8624;14059 xy=45;-310 want=-57 str=0.27 l=0.88 r=2.00 tick=537104 goal=0 here=0 d11=0.62 B=1.48,0.95,0.30,0.29,0.23,0.22,0.29,0.49,1.52,0.86,0.43,0.27,0.27,0.29,0.29,0.47
t=73 field hdg=263.0 enc=8626;14059 xy=45;-311 want=-48 str=0.27 l=1.00 r=2.00 tick=537123 goal=0 here=0 d11=0.61 B=1.48,0.98,0.30,0.29,0.24,0.22,0.29,0.50,1.50,0.88,0.41,0.27,0.27,0.29,0.30,0.48
t=73 field hdg=261.1 enc=8631;14060 xy=45;-314 want=-35 str=0.19 l=1.18 r=2.00 tick=537151 goal=0 here=0 d11=0.63 B=1.49,0.99,0.30,0.30,0.25,0.22,0.29,0.49,1.53,0.88,0.42,0.27,0.27,0.28,0.29,0.49
t=73 field hdg=260.5 enc=8633;14062 xy=44;-316 want=-46 str=0.31 l=1.03 r=2.00 tick=537170 goal=0 here=0 d11=0.61 B=1.49,0.99,0.31,0.29,0.24,0.23,0.27,0.49,1.53,0.89,0.44,0.27,0.27,0.29,0.30,0.46
t=73 field hdg=261.6 enc=8635;14063 xy=44;-317 want=-41 str=0.25 l=1.10 r=2.00 tick=537190 goal=0 here=0 d11=0.60 B=1.51,1.02,0.31,0.29,0.24,0.22,0.29,0.49,1.53,0.90,0.43,0.27,0.27,0.29,0.29,0.47
t=73 field hdg=260.9 enc=8635;14064 xy=44;-318 want=-74 str=0.20 l=0.52 r=2.00 tick=537209 goal=0 here=0 d11=0.61 B=1.29,1.05,0.33,0.30,0.23,0.22,0.29,0.49,1.53,0.89,0.43,0.27,0.26,0.30,0.29,0.47
t=74 field hdg=259.5 enc=8640;14063 xy=44;-319 want=-69 str=0.14 l=0.58 r=2.00 tick=537230 goal=0 here=0 d11=0.61 B=1.28,1.09,0.45,0.30,0.23,0.23,0.28,0.48,1.54,0.89,0.43,0.26,0.27,0.28,0.29,0.46
t=74 field hdg=259.3 enc=8642;14063 xy=43;-320 want=-52 str=0.30 l=0.79 r=2.00 tick=537251 goal=0 here=0 d11=0.61 B=1.26,1.19,0.44,0.28,0.25,0.22,0.26,0.48,1.54,0.91,0.42,0.27,0.27,0.30,0.30,0.47
t=74 field hdg=265.5 enc=8644;14063 xy=43;-321 want=-62 str=0.21 l=0.65 r=2.00 tick=537271 goal=0 here=0 d11=0.63 B=1.26,1.19,0.45,0.28,0.23,0.21,0.29,0.49,1.56,0.92,0.42,0.26,0.26,0.29,0.30,0.48
t=74 field hdg=256.9 enc=8644;14063 xy=43;-321 want=-42 str=0.14 l=0.92 r=2.00 tick=537290 goal=0 here=0 d11=0.62 B=1.26,1.20,0.46,0.30,0.24,0.22,0.27,0.47,1.55,0.94,0.44,0.26,0.27,0.28,0.30,0.47
t=74 field hdg=259.6 enc=8646;14064 xy=43;-323 want=-89 str=0.15 l=0.27 r=2.00 tick=537312 goal=0 here=0 d11=0.61 B=1.23,1.22,0.45,0.29,0.23,0.23,0.27,0.47,1.56,1.03,0.43,0.26,0.26,0.29,0.29,0.46
t=75 field hdg=257.9 enc=8648;14063 xy=43;-323 want=-104 str=0.18 l=0.08 r=2.00 tick=537330 goal=0 here=0 d11=0.63 B=1.24,1.22,0.45,0.29,0.23,0.23,0.27,0.47,1.56,1.04,0.43,0.27,0.27,0.28,0.28,0.47
t=75 field hdg=259.2 enc=8652;14063 xy=43;-325 want=-142 str=0.19 l=-0.49 r=2.00 tick=537349 goal=0 here=0 d11=0.63 B=1.14,1.22,0.45,0.29,0.24,0.23,0.27,0.46,1.57,1.07,0.44,0.26,0.26,0.29,0.29,0.47
t=75 field hdg=258.1 enc=8654;14063 xy=42;-326 want=-140 str=0.33 l=-0.56 r=2.00 tick=537369 goal=0 here=0 d11=0.61 B=1.01,1.22,0.44,0.27,0.24,0.22,0.24,0.47,1.57,1.08,0.43,0.26,0.26,0.28,0.29,0.47
t=75 field hdg=262.5 enc=8655;14065 xy=42;-328 want=-137 str=0.73 l=-0.59 r=2.00 tick=537388 goal=0 here=0 d11=0.64 B=0.91,1.24,0.45,0.28,0.23,0.20,0.25,0.46,1.55,1.36,0.44,0.27,0.27,0.29,0.30,0.48
t=75 field hdg=257.6 enc=8656;14064 xy=42;-328 want=-149 str=0.63 l=-0.75 r=2.00 tick=537408 goal=0 here=0 d11=0.62 B=0.91,1.25,0.44,0.28,0.26,0.23,0.22,0.47,1.56,1.37,0.44,0.27,0.27,0.27,0.30,0.47
t=76 field hdg=258.7 enc=8658;14063 xy=42;-328 want=-158 str=0.42 l=-0.89 r=2.00 tick=537429 goal=0 here=0 d11=0.61 B=0.89,1.48,0.44,0.29,0.25,0.23,0.25,0.46,1.55,1.40,0.45,0.26,0.26,0.28,0.29,0.47
t=76 field hdg=259.0 enc=8662;14064 xy=42;-331 want=-162 str=0.47 l=-0.94 r=2.00 tick=537448 goal=0 here=0 d11=0.62 B=0.87,1.48,0.45,0.30,0.25,0.24,0.24,0.45,1.56,1.43,0.44,0.27,0.25,0.28,0.30,0.45
t=76 field hdg=258.7 enc=8664;14065 xy=41;-332 want=-165 str=0.58 l=-1.01 r=2.00 tick=537469 goal=0 here=0 d11=0.61 B=0.86,1.48,0.46,0.29,0.26,0.22,0.26,0.46,1.55,1.50,0.44,0.27,0.26,0.27,0.29,0.47
t=76 field hdg=255.4 enc=8666;14064 xy=41;-333 want=-151 str=0.58 l=-0.80 r=2.00 tick=537489 goal=0 here=0 d11=0.61 B=0.86,1.46,0.46,0.29,0.25,0.23,0.23,0.46,1.56,1.48,0.43,0.28,0.26,0.28,0.30,0.46
t=76 field hdg=256.8 enc=8668;14064 xy=41;-334 want=-152 str=0.65 l=-0.83 r=2.00 tick=537508 goal=0 here=0 d11=0.62 B=0.85,1.46,0.46,0.27,0.25,0.22,0.25,0.45,1.53,1.50,0.44,0.27,0.27,0.28,0.28,0.47
t=77 field hdg=250.8 enc=8669;14063 xy=41;-334 want=-153 str=0.65 l=-0.86 r=2.00 tick=537527 goal=0 here=0 d11=0.62 B=0.83,1.46,0.45,0.28,0.25,0.23,0.25,0.45,1.54,1.49,0.44,0.29,0.25,0.28,0.30,0.44
t=77 field hdg=253.5 enc=8672;14062 xy=41;-335 want=-129 str=0.43 l=-0.53 r=2.00 tick=537546 goal=0 here=0 d11=0.60 B=0.83,1.46,0.45,0.28,0.26,0.22,0.24,0.44,1.25,1.50,0.44,0.29,0.25,0.28,0.30,0.46
t=77 field hdg=254.4 enc=8674;14064 xy=40;-337 want=-90 str=0.27 l=-0.01 r=2.00 tick=537568 goal=0 here=0 d11=0.61 B=0.83,1.46,0.45,0.28,0.26,0.23,0.24,0.46,0.96,1.48,0.46,0.29,0.25,0.28,0.29,0.46
t=77 field hdg=250.4 enc=8675;14062 xy=40;-336 want=-95 str=0.33 l=-0.09 r=2.00 tick=537587 goal=0 here=0 d11=0.60 B=0.82,1.46,0.46,0.28,0.26,0.22,0.25,0.45,0.96,1.50,0.45,0.30,0.26,0.27,0.30,0.46
t=77 field hdg=251.1 enc=8679;14063 xy=39;-339 want=-100 str=0.28 l=-0.16 r=2.00 tick=537609 goal=0 here=0 d11=0.61 B=0.81,1.47,0.46,0.28,0.25,0.23,0.25,0.44,0.95,1.50,0.46,0.29,0.26,0.28,0.30,0.45
t=78 field hdg=254.3 enc=8679;14062 xy=40;-338 want=-60 str=0.38 l=0.36 r=1.97 tick=537627 goal=0 here=0 d11=0.61 B=0.81,1.47,0.46,0.28,0.26,0.21,0.24,0.44,0.76,1.52,0.45,0.29,0.26,0.27,0.30,0.44
t=78 field hdg=251.0 enc=8681;14063 xy=39;-339 want=-65 str=0.40 l=0.30 r=2.00 tick=537646 goal=0 here=0 d11=0.61 B=0.80,1.48,0.46,0.27,0.27,0.21,0.24,0.44,0.76,1.52,0.45,0.30,0.26,0.28,0.29,0.42
t=78 field hdg=250.9 enc=8684;14062 xy=39;-340 want=-55 str=0.32 l=0.44 r=1.90 tick=537665 goal=0 here=0 d11=0.62 B=0.82,1.48,0.48,0.28,0.27,0.23,0.24,0.43,0.74,1.52,0.46,0.32,0.25,0.27,0.30,0.44
t=78 field hdg=251.6 enc=8684;14064 xy=38;-341 want=-61 str=0.41 l=0.36 r=1.97 tick=537685 goal=0 here=0 d11=0.62 B=0.80,1.49,0.47,0.28,0.27,0.21,0.24,0.43,0.74,1.53,0.47,0.31,0.27,0.27,0.30,0.44
t=78 field hdg=252.0 enc=8686;14063 xy=38;-342 want=-60 str=0.37 l=0.35 r=1.95 tick=537711 goal=0 here=0 d11=0.63 B=0.79,1.49,0.46,0.28,0.27,0.22,0.24,0.44,0.72,1.53,0.46,0.31,0.26,0.28,0.29,0.43
t=79 field hdg=250.5 enc=8687;14064 xy=38;-343 want=-58 str=0.39 l=0.38 r=1.94 tick=537731 goal=0 here=0 d11=0.63 B=0.80,1.48,0.47,0.27,0.27,0.22,0.23,0.44,0.71,1.52,0.46,0.30,0.25,0.28,0.29,0.35
t=79 field hdg=254.5 enc=8687;14062 xy=38;-342 want=-58 str=0.42 l=0.37 r=1.92 tick=537749 goal=0 here=0 d11=0.64 B=0.78,1.50,0.47,0.27,0.27,0.23,0.23,0.43,0.72,1.52,0.45,0.31,0.26,0.28,0.30,0.31
t=79 field hdg=253.3 enc=8690;14063 xy=38;-344 want=-57 str=0.37 l=0.38 r=1.91 tick=537770 goal=0 here=0 d11=0.64 B=0.78,1.50,0.48,0.28,0.27,0.22,0.23,0.43,0.72,1.52,0.48,0.32,0.27,0.27,0.29,0.31
t=79 field hdg=251.7 enc=8690;14062 xy=38;-343 want=-54 str=0.36 l=0.43 r=1.87 tick=537789 goal=0 here=0 d11=0.63 B=0.79,1.50,0.47,0.28,0.27,0.23,0.24,0.43,0.72,1.52,0.47,0.32,0.27,0.27,0.30,0.32
t=79 field hdg=251.8 enc=8691;14062 xy=38;-344 want=-48 str=0.28 l=0.50 r=1.80 tick=537810 goal=0 here=0 d11=0.64 B=0.79,1.49,0.47,0.28,0.27,0.24,0.23,0.42,0.71,1.52,0.46,0.32,0.25,0.27,0.29,0.32
t=80 field hdg=252.5 enc=8691;14063 xy=37;-344 want=-60 str=0.30 l=0.34 r=1.94 tick=537829 goal=0 here=0 d11=0.65 B=0.77,1.50,0.47,0.27,0.27,0.23,0.23,0.41,0.71,1.52,0.47,0.32,0.26,0.26,0.28,0.31
t=80 field hdg=251.4 enc=8692;14062 xy=37;-344 want=-60 str=0.32 l=0.34 r=1.93 tick=537848 goal=0 here=0 d11=0.64 B=0.76,1.51,0.48,0.28,0.27,0.22,0.25,0.43,0.72,1.51,0.46,0.32,0.26,0.26,0.30,0.31
t=80 field hdg=250.3 enc=8693;14062 xy=37;-345 want=-59 str=0.28 l=0.36 r=1.93 tick=537869 goal=0 here=0 d11=0.64 B=0.78,1.51,0.50,0.27,0.27,0.24,0.26,0.42,0.71,1.50,0.47,0.32,0.26,0.28,0.29,0.29
t=80 field hdg=247.7 enc=8694;14064 xy=37;-346 want=-41 str=0.23 l=0.59 r=1.67 tick=537891 goal=0 here=0 d11=0.64 B=0.76,1.51,0.53,0.28,0.28,0.24,0.24,0.41,0.70,1.51,0.47,0.32,0.25,0.26,0.29,0.31
t=80 field hdg=246.1 enc=8695;14064 xy=37;-347 want=-56 str=0.32 l=0.38 r=1.88 tick=537911 goal=0 here=0 d11=0.64 B=0.76,1.50,0.52,0.28,0.28,0.23,0.24,0.42,0.71,1.52,0.47,0.32,0.27,0.27,0.30,0.30
t=81 field hdg=251.0 enc=8697;14063 xy=36;-347 want=-52 str=0.32 l=0.43 r=1.83 tick=537930 goal=0 here=0 d11=0.64 B=0.75,1.51,0.53,0.26,0.28,0.23,0.23,0.41,0.71,1.50,0.47,0.33,0.25,0.27,0.30,0.31
t=81 field hdg=252.8 enc=8699;14063 xy=36;-348 want=-52 str=0.31 l=0.43 r=1.82 tick=537952 goal=0 here=0 d11=0.65 B=0.75,1.50,0.53,0.27,0.27,0.23,0.24,0.41,0.70,1.49,0.49,0.32,0.25,0.26,0.30,0.30
t=81 field hdg=246.9 enc=8701;14063 xy=36;-349 want=-61 str=0.33 l=0.30 r=1.94 tick=537973 goal=0 here=0 d11=0.64 B=0.74,1.52,0.53,0.27,0.27,0.23,0.24,0.42,0.69,1.51,0.48,0.34,0.27,0.26,0.31,0.29
t=81 field hdg=252.0 enc=8701;14063 xy=36;-349 want=-52 str=0.29 l=0.41 r=1.80 tick=537992 goal=0 here=0 d11=0.63 B=0.72,1.49,0.54,0.27,0.30,0.23,0.23,0.42,0.70,1.50,0.47,0.34,0.26,0.27,0.30,0.30
t=81 field hdg=247.5 enc=8702;14064 xy=35;-350 want=-51 str=0.22 l=0.43 r=1.78 tick=538011 goal=0 here=0 d11=0.65 B=0.72,1.50,0.54,0.28,0.29,0.24,0.24,0.41,0.70,1.49,0.48,0.35,0.26,0.27,0.29,0.30
t=82 field hdg=250.5 enc=8702;14064 xy=35;-350 want=-69 str=0.30 l=0.18 r=2.00 tick=538030 goal=0 here=0 d11=0.64 B=0.71,1.49,0.53,0.25,0.27,0.23,0.23,0.41,0.70,1.48,0.48,0.34,0.26,0.26,0.28,0.31
t=82 field hdg=248.9 enc=8705;14064 xy=35;-351 want=-81 str=0.27 l=-0.04 r=2.00 tick=538049 goal=0 here=0 d11=0.65 B=0.64,1.51,0.55,0.27,0.28,0.23,0.24,0.41,0.70,1.48,0.49,0.34,0.27,0.28,0.29,0.29
t=82 field hdg=249.1 enc=8705;14064 xy=35;-351 want=30 str=0.43 l=1.41 r=0.62 tick=538068 goal=0 here=0 d11=0.63 B=0.60,1.51,0.55,0.27,0.28,0.23,0.24,0.39,0.70,1.47,0.50,0.35,0.26,0.26,0.29,0.28
t=82 field hdg=248.0 enc=8708;14064 xy=34;-353 want=33 str=0.44 l=1.44 r=0.57 tick=538088 goal=0 here=0 d11=0.63 B=0.58,1.49,0.55,0.27,0.29,0.22,0.24,0.40,0.69,1.49,0.49,0.35,0.24,0.26,0.29,0.29
t=82 field hdg=249.8 enc=8707;14064 xy=34;-352 want=44 str=0.44 l=1.62 r=0.43 tick=538107 goal=0 here=0 d11=0.64 B=0.60,1.48,0.56,0.26,0.29,0.24,0.24,0.41,0.68,1.48,0.50,0.35,0.25,0.26,0.29,0.27
t=83 field hdg=246.3 enc=8706;14067 xy=34;-353 want=-85 str=0.16 l=-0.10 r=2.00 tick=538129 goal=0 here=0 d11=0.65 B=0.62,1.49,0.54,0.28,0.29,0.23,0.23,0.40,0.70,1.47,0.50,0.35,0.26,0.27,0.29,0.28
t=83 field hdg=250.4 enc=8707;14067 xy=34;-353 want=29 str=0.47 l=1.42 r=0.64 tick=538148 goal=0 here=0 d11=0.65 B=0.62,1.50,0.56,0.26,0.29,0.24,0.24,0.39,0.70,1.47,0.49,0.35,0.25,0.28,0.28,0.29
t=83 field hdg=249.5 enc=8710;14068 xy=33;-355 want=20 str=0.44 l=1.28 r=0.76 tick=538168 goal=0 here=0 d11=0.63 B=0.60,1.48,0.56,0.26,0.29,0.24,0.23,0.39,0.69,1.48,0.48,0.34,0.27,0.27,0.30,0.29
t=83 field hdg=247.5 enc=8710;14068 xy=33;-355 want=29 str=0.48 l=1.42 r=0.66 tick=538187 goal=0 here=0 d11=0.66 B=0.62,1.50,0.56,0.26,0.29,0.23,0.25,0.40,0.69,1.48,0.48,0.34,0.25,0.26,0.29,0.30
t=83 field hdg=246.9 enc=8709;14069 xy=33;-355 want=-62 str=0.20 l=0.21 r=1.87 tick=538206 goal=0 here=0 d11=0.65 B=0.62,1.50,0.54,0.28,0.29,0.22,0.23,0.41,0.70,1.48,0.48,0.34,0.25,0.27,0.29,0.30
t=84 field hdg=248.5 enc=8711;14069 xy=33;-356 want=-90 str=0.20 l=-0.16 r=2.00 tick=538225 goal=0 here=0 d11=0.66 B=0.63,1.50,0.54,0.27,0.28,0.23,0.25,0.40,0.69,1.48,0.49,0.35,0.26,0.27,0.29,0.28
t=84 field hdg=249.2 enc=8711;14068 xy=33;-356 want=32 str=0.44 l=1.45 r=0.60 tick=538243 goal=0 here=0 d11=0.66 B=0.61,1.49,0.55,0.27,0.30,0.23,0.23,0.41,0.69,1.49,0.48,0.34,0.26,0.27,0.28,0.28
t=84 field hdg=245.3 enc=8712;14070 xy=32;-357 want=17 str=0.47 l=1.25 r=0.79 tick=538262 goal=0 here=0 d11=0.65 B=0.60,1.49,0.55,0.27,0.30,0.23,0.23,0.40,0.69,1.47,0.49,0.34,0.27,0.28,0.29,0.30
t=84 field hdg=247.5 enc=8712;14071 xy=32;-358 want=33 str=0.47 l=1.46 r=0.58 tick=538283 goal=0 here=0 d11=0.65 B=0.60,1.49,0.56,0.27,0.28,0.24,0.23,0.39,0.68,1.48,0.49,0.33,0.26,0.25,0.28,0.29
t=84 field hdg=249.0 enc=8712;14071 xy=32;-358 want=29 str=0.45 l=1.42 r=0.66 tick=538305 goal=0 here=0 d11=0.66 B=0.63,1.50,0.57,0.26,0.28,0.24,0.24,0.41,0.69,1.51,0.48,0.34,0.26,0.26,0.29,0.30
t=85 field hdg=249.5 enc=8712;14074 xy=32;-359 want=-71 str=0.20 l=0.14 r=2.00 tick=538326 goal=0 here=0 d11=0.66 B=0.69,1.51,0.54,0.26,0.28,0.25,0.23,0.42,0.70,1.49,0.48,0.33,0.25,0.26,0.29,0.28
t=85 field hdg=244.9 enc=8712;14074 xy=32;-359 want=37 str=0.50 l=1.56 r=0.57 tick=538346 goal=0 here=0 d11=0.66 B=0.67,1.50,0.55,0.27,0.29,0.25,0.24,0.40,0.70,1.48,0.47,0.33,0.26,0.26,0.29,0.28
t=85 field hdg=250.9 enc=8714;14073 xy=31;-360 want=-83 str=0.21 l=-0.07 r=2.00 tick=538365 goal=0 here=0 d11=0.65 B=0.63,1.50,0.55,0.26,0.29,0.24,0.23,0.40,0.70,1.49,0.49,0.32,0.26,0.27,0.30,0.28
t=85 field hdg=249.2 enc=8715;14074 xy=31;-360 want=40 str=0.44 l=1.57 r=0.51 tick=538384 goal=0 here=0 d11=0.65 B=0.63,1.49,0.55,0.26,0.29,0.26,0.24,0.40,0.70,1.49,0.47,0.34,0.26,0.26,0.28,0.29
t=85 field hdg=247.1 enc=8716;14074 xy=31;-361 want=-105 str=0.17 l=-0.38 r=2.00 tick=538405 goal=0 here=0 d11=0.66 B=0.61,1.49,0.54,0.28,0.28,0.24,0.24,0.41,0.70,1.49,0.49,0.35,0.27,0.26,0.29,0.28
t=86 field hdg=245.7 enc=8717;14075 xy=30;-362 want=-116 str=0.10 l=-0.51 r=2.00 tick=538424 goal=0 here=0 d11=0.67 B=0.62,1.49,0.54,0.26,0.30,0.25,0.24,0.40,0.70,1.48,0.48,0.33,0.25,0.26,0.29,0.29
t=86 field hdg=249.3 enc=8719;14076 xy=30;-363 want=33 str=0.39 l=1.44 r=0.56 tick=538443 goal=0 here=0 d11=0.65 B=0.57,1.49,0.56,0.25,0.29,0.23,0.23,0.40,0.69,1.48,0.50,0.32,0.25,0.26,0.29,0.28
t=86 field hdg=247.3 enc=8719;14076 xy=30;-363 want=36 str=0.43 l=1.49 r=0.53 tick=538462 goal=0 here=0 d11=0.65 B=0.59,1.49,0.55,0.28,0.29,0.23,0.24,0.40,0.69,1.49,0.49,0.33,0.26,0.27,0.28,0.28
t=86 field hdg=248.1 enc=8721;14077 xy=29;-365 want=23 str=0.43 l=1.32 r=0.69 tick=538480 goal=0 here=0 d11=0.65 B=0.58,1.49,0.57,0.26,0.27,0.23,0.24,0.39,0.70,1.47,0.49,0.34,0.24,0.27,0.30,0.29
t=86 field hdg=249.0 enc=8721;14077 xy=29;-365 want=40 str=0.51 l=1.55 r=0.49 tick=538499 goal=0 here=0 d11=0.65 B=0.60,1.50,0.58,0.28,0.30,0.23,0.23,0.39,0.70,1.48,0.49,0.33,0.25,0.26,0.28,0.29
t=87 field hdg=250.1 enc=8721;14079 xy=29;-366 want=32 str=0.43 l=1.46 r=0.60 tick=538518 goal=0 here=0 d11=0.65 B=0.62,1.49,0.56,0.27,0.29,0.23,0.25,0.39,0.70,1.49,0.48,0.34,0.26,0.26,0.29,0.28
t=87 field hdg=250.0 enc=8719;14080 xy=29;-365 want=-96 str=0.17 l=-0.25 r=2.00 tick=538537 goal=0 here=0 d11=0.65 B=0.62,1.50,0.55,0.27,0.29,0.24,0.23,0.41,0.70,1.49,0.49,0.34,0.26,0.27,0.28,0.28
t=87 field hdg=244.8 enc=8720;14081 xy=29;-366 want=39 str=0.47 l=1.56 r=0.52 tick=538556 goal=0 here=0 d11=0.64 B=0.62,1.49,0.56,0.27,0.30,0.25,0.23,0.40,0.71,1.49,0.47,0.32,0.26,0.27,0.28,0.28
t=87 field hdg=248.4 enc=8722;14081 xy=28;-367 want=-96 str=0.23 l=-0.25 r=2.00 tick=538574 goal=0 here=0 d11=0.63 B=0.61,1.48,0.55,0.26,0.29,0.23,0.24,0.41,0.69,1.49,0.48,0.34,0.26,0.27,0.28,0.29
t=87 field hdg=249.4 enc=8722;14082 xy=28;-367 want=30 str=0.47 l=1.42 r=0.63 tick=538593 goal=0 here=0 d11=0.65 B=0.61,1.50,0.55,0.27,0.30,0.23,0.24,0.41,0.71,1.50,0.49,0.34,0.25,0.28,0.29,0.29
t=87 field hdg=245.9 enc=8723;14082 xy=28;-368 want=38 str=0.37 l=1.53 r=0.50 tick=538612 goal=0 here=0 d11=0.64 B=0.60,1.49,0.57,0.25,0.29,0.24,0.24,0.39,0.71,1.50,0.49,0.33,0.26,0.25,0.29,0.28
t=88 field hdg=249.1 enc=8723;14084 xy=28;-369 want=25 str=0.40 l=1.36 r=0.68 tick=538633 goal=0 here=0 d11=0.66 B=0.60,1.48,0.56,0.27,0.28,0.23,0.24,0.41,0.70,1.48,0.47,0.33,0.27,0.27,0.29,0.28
t=88 field hdg=247.8 enc=8724;14083 xy=28;-369 want=35 str=0.50 l=1.49 r=0.57 tick=538652 goal=0 here=0 d11=0.65 B=0.61,1.50,0.56,0.27,0.29,0.24,0.24,0.40,0.68,1.49,0.49,0.32,0.25,0.27,0.28,0.30
t=88 field hdg=247.5 enc=8725;14085 xy=27;-370 want=31 str=0.46 l=1.45 r=0.63 tick=538671 goal=0 here=0 d11=0.64 B=0.63,1.51,0.56,0.27,0.29,0.24,0.24,0.41,0.70,1.49,0.48,0.32,0.26,0.27,0.29,0.28
t=88 field hdg=249.6 enc=8723;14085 xy=27;-369 want=26 str=0.53 l=1.43 r=0.74 tick=538689 goal=0 here=0 d11=0.64 B=0.69,1.51,0.55,0.26,0.30,0.26,0.24,0.41,0.71,1.49,0.48,0.32,0.27,0.27,0.29,0.30
t=88 field hdg=252.8 enc=8724;14086 xy=27;-370 want=-78 str=0.24 l=0.05 r=2.00 tick=538708 goal=0 here=0 d11=0.64 B=0.70,1.50,0.55,0.28,0.27,0.23,0.24,0.41,0.71,1.50,0.47,0.32,0.27,0.27,0.28,0.29
t=89 field hdg=251.5 enc=8724;14086 xy=27;-370 want=24 str=0.48 l=1.41 r=0.77 tick=538726 goal=0 here=0 d11=0.64 B=0.70,1.51,0.55,0.26,0.29,0.25,0.24,0.41,0.71,1.51,0.48,0.30,0.27,0.27,0.29,0.30
t=89 field hdg=249.7 enc=8727;14087 xy=26;-372 want=17 str=0.47 l=1.31 r=0.85 tick=538745 goal=0 here=0 d11=0.64 B=0.68,1.50,0.56,0.26,0.29,0.24,0.22,0.42,0.72,1.50,0.48,0.32,0.26,0.28,0.27,0.30
t=89 field hdg=249.9 enc=8726;14087 xy=27;-372 want=-88 str=0.13 l=-0.08 r=2.00 tick=538764 goal=0 here=0 d11=0.64 B=0.71,1.51,0.55,0.26,0.29,0.23,0.25,0.40,0.70,1.51,0.50,0.32,0.26,0.26,0.27,0.28
t=89 field hdg=247.9 enc=8727;14087 xy=26;-372 want=-88 str=0.26 l=-0.09 r=2.00 tick=538785 goal=0 here=0 d11=0.62 B=0.68,1.50,0.54,0.26,0.29,0.24,0.24,0.40,0.71,1.51,0.49,0.33,0.29,0.27,0.27,0.29
t=89 field hdg=245.6 enc=8730;14088 xy=26;-374 want=44 str=0.44 l=1.62 r=0.44 tick=538804 goal=0 here=0 d11=0.64 B=0.61,1.50,0.55,0.27,0.28,0.25,0.23,0.39,0.70,1.50,0.48,0.33,0.26,0.25,0.27,0.29
t=90 field hdg=246.8 enc=8729;14090 xy=25;-374 want=43 str=0.47 l=1.60 r=0.45 tick=538823 goal=0 here=0 d11=0.65 B=0.60,1.50,0.56,0.27,0.30,0.24,0.24,0.40,0.71,1.49,0.50,0.33,0.25,0.25,0.28,0.29
t=90 field hdg=248.1 enc=8729;14089 xy=26;-374 want=-108 str=0.25 l=-0.40 r=2.00 tick=538842 goal=0 here=0 d11=0.64 B=0.62,1.49,0.55,0.27,0.27,0.24,0.23,0.40,0.71,1.50,0.47,0.32,0.27,0.27,0.27,0.28
t=90 field hdg=250.4 enc=8731;14089 xy=25;-375 want=35 str=0.38 l=1.48 r=0.56 tick=538860 goal=0 here=0 d11=0.64 B=0.61,1.49,0.56,0.26,0.29,0.23,0.24,0.40,0.70,1.50,0.49,0.33,0.26,0.27,0.28,0.28
t=90 field hdg=247.8 enc=8732;14091 xy=25;-376 want=32 str=0.41 l=1.46 r=0.62 tick=538879 goal=0 here=0 d11=0.65 B=0.62,1.49,0.56,0.26,0.29,0.24,0.24,0.40,0.70,1.51,0.48,0.33,0.26,0.27,0.28,0.29
t=90 field hdg=246.6 enc=8733;14091 xy=24;-377 want=-109 str=0.21 l=-0.42 r=2.00 tick=538898 goal=0 here=0 d11=0.64 B=0.62,1.48,0.55,0.26,0.29,0.23,0.23,0.41,0.70,1.51,0.48,0.31,0.26,0.27,0.27,0.28
t=91 field hdg=248.7 enc=8734;14091 xy=24;-377 want=39 str=0.41 l=1.55 r=0.50 tick=538918 goal=0 here=0 d11=0.65 B=0.61,1.49,0.55,0.27,0.29,0.25,0.24,0.41,0.70,1.50,0.49,0.33,0.26,0.27,0.29,0.28
t=91 field hdg=247.1 enc=8735;14093 xy=24;-379 want=48 str=0.42 l=1.66 r=0.38 tick=538936 goal=0 here=0 d11=0.64 B=0.60,1.49,0.56,0.27,0.29,0.24,0.24,0.39,0.71,1.48,0.48,0.32,0.26,0.26,0.28,0.27
t=91 field hdg=249.7 enc=8733;14094 xy=24;-378 want=40 str=0.37 l=1.57 r=0.51 tick=538958 goal=0 here=0 d11=0.65 B=0.63,1.49,0.55,0.27,0.28,0.24,0.24,0.40,0.71,1.51,0.48,0.32,0.26,0.27,0.27,0.28
t=91 field hdg=245.9 enc=8734;14095 xy=23;-379 want=-81 str=0.22 l=-0.01 r=2.00 tick=538979 goal=0 here=0 d11=0.64 B=0.66,1.49,0.54,0.26,0.29,0.23,0.23,0.41,0.71,1.51,0.48,0.32,0.25,0.26,0.28,0.30
t=91 field hdg=247.0 enc=8735;14096 xy=23;-380 want=31 str=0.39 l=1.48 r=0.65 tick=538997 goal=0 here=0 d11=0.63 B=0.66,1.49,0.56,0.26,0.28,0.24,0.24,0.40,0.70,1.51,0.47,0.31,0.26,0.26,0.27,0.29
t=92 field hdg=252.4 enc=8737;14097 xy=23;-381 want=-103 str=0.16 l=-0.34 r=2.00 tick=539016 goal=0 here=0 d11=0.65 B=0.61,1.48,0.54,0.26,0.29,0.24,0.23,0.41,0.71,1.50,0.47,0.32,0.25,0.26,0.28,0.29
t=92 field hdg=249.6 enc=8737;14095 xy=23;-380 want=38 str=0.45 l=1.54 r=0.53 tick=539035 goal=0 here=0 d11=0.62 B=0.62,1.49,0.56,0.27,0.28,0.24,0.24,0.41,0.71,1.50,0.47,0.32,0.25,0.26,0.29,0.29
t=92 field hdg=248.2 enc=8739;14098 xy=22;-383 want=39 str=0.39 l=1.54 r=0.49 tick=539054 goal=0 here=0 d11=0.64 B=0.59,1.48,0.57,0.27,0.29,0.25,0.25,0.41,0.70,1.49,0.49,0.32,0.27,0.28,0.28,0.28
t=92 field hdg=245.2 enc=8737;14098 xy=22;-382 want=37 str=0.38 l=1.52 r=0.53 tick=539073 goal=0 here=0 d11=0.64 B=0.61,1.48,0.56,0.27,0.28,0.24,0.24,0.41,0.71,1.50,0.47,0.33,0.26,0.27,0.28,0.28
t=92 field hdg=247.9 enc=8737;14098 xy=22;-382 want=17 str=0.39 l=1.26 r=0.82 tick=539092 goal=0 here=0 d11=0.64 B=0.63,1.49,0.56,0.25,0.28,0.24,0.23,0.41,0.71,1.50,0.47,0.31,0.26,0.28,0.28,0.29
t=92 field hdg=249.6 enc=8739;14099 xy=22;-383 want=-97 str=0.20 l=-0.21 r=2.00 tick=539114 goal=0 here=0 d11=0.65 B=0.69,1.50,0.55,0.25,0.28,0.24,0.24,0.41,0.72,1.51,0.47,0.32,0.26,0.27,0.27,0.29
t=93 field hdg=248.9 enc=8740;14099 xy=22;-384 want=35 str=0.47 l=1.54 r=0.61 tick=539141 goal=0 here=0 d11=0.63 B=0.68,1.48,0.57,0.27,0.29,0.23,0.25,0.40,0.72,1.51,0.47,0.31,0.27,0.25,0.28,0.29
t=93 field hdg=251.5 enc=8739;14101 xy=22;-384 want=39 str=0.37 l=1.55 r=0.51 tick=539161 goal=0 here=0 d11=0.63 B=0.61,1.47,0.56,0.25,0.29,0.25,0.24,0.41,0.72,1.50,0.49,0.32,0.26,0.27,0.27,0.30
t=93 field hdg=248.4 enc=8741;14103 xy=21;-386 want=39 str=0.42 l=1.59 r=0.55 tick=539180 goal=0 here=0 d11=0.63 B=0.67,1.48,0.56,0.25,0.29,0.25,0.25,0.41,0.71,1.51,0.48,0.29,0.27,0.26,0.28,0.29
t=93 field hdg=252.4 enc=8740;14103 xy=21;-386 want=-102 str=0.16 l=-0.28 r=2.00 tick=539199 goal=0 here=0 d11=0.63 B=0.68,1.49,0.55,0.25,0.29,0.23,0.25,0.41,0.71,1.51,0.48,0.30,0.25,0.26,0.28,0.29
t=94 field hdg=250.6 enc=8741;14103 xy=21;-386 want=40 str=0.42 l=1.62 r=0.54 tick=539218 goal=0 here=0 d11=0.64 B=0.68,1.48,0.55,0.25,0.29,0.25,0.25,0.42,0.71,1.51,0.48,0.31,0.26,0.26,0.28,0.29
t=94 field hdg=249.3 enc=8743;14103 xy=21;-387 want=47 str=0.32 l=1.67 r=0.42 tick=539237 goal=0 here=0 d11=0.63 B=0.64,1.47,0.56,0.25,0.27,0.25,0.25,0.39,0.72,1.50,0.49,0.31,0.27,0.25,0.27,0.28
t=94 field hdg=249.7 enc=8743;14105 xy=20;-388 want=40 str=0.42 l=1.61 r=0.55 tick=539256 goal=0 here=0 d11=0.62 B=0.69,1.49,0.55,0.26,0.29,0.24,0.24,0.41,0.72,1.51,0.49,0.31,0.27,0.26,0.26,0.29
t=94 field hdg=250.4 enc=8743;14105 xy=20;-388 want=-122 str=0.13 l=-0.53 r=2.00 tick=539275 goal=0 here=0 d11=0.63 B=0.70,1.48,0.55,0.26,0.29,0.25,0.25,0.42,0.72,1.52,0.49,0.30,0.26,0.26,0.28,0.28
t=94 field hdg=248.3 enc=8743;14107 xy=20;-389 want=33 str=0.42 l=1.54 r=0.65 tick=539294 goal=0 here=0 d11=0.63 B=0.71,1.48,0.56,0.25,0.29,0.24,0.24,0.42,0.71,1.52,0.49,0.30,0.26,0.26,0.28,0.28
t=94 field hdg=250.4 enc=8743;14105 xy=20;-388 want=-126 str=0.18 l=-0.60 r=2.00 tick=539313 goal=0 here=0 d11=0.61 B=0.68,1.48,0.54,0.24,0.29,0.25,0.26,0.41,0.72,1.51,0.49,0.30,0.26,0.27,0.28,0.29
t=95 field hdg=251.2 enc=8745;14108 xy=19;-390 want=38 str=0.41 l=1.59 r=0.57 tick=539332 goal=0 here=0 d11=0.61 B=0.68,1.48,0.56,0.26,0.28,0.25,0.25,0.41,0.71,1.52,0.48,0.30,0.26,0.27,0.28,0.28
t=95 field hdg=248.6 enc=8745;14108 xy=19;-390 want=35 str=0.39 l=1.51 r=0.57 tick=539350 goal=0 here=0 d11=0.63 B=0.63,1.49,0.56,0.26,0.27,0.24,0.24,0.41,0.70,1.50,0.47,0.30,0.26,0.27,0.27,0.28
t=95 field hdg=245.7 enc=8746;14108 xy=19;-391 want=46 str=0.48 l=1.70 r=0.46 tick=539370 goal=0 here=0 d11=0.62 B=0.68,1.48,0.56,0.27,0.29,0.25,0.25,0.40,0.72,1.51,0.47,0.29,0.26,0.26,0.28,0.28
t=95 field hdg=249.6 enc=8747;14108 xy=19;-391 want=35 str=0.42 l=1.54 r=0.61 tick=539396 goal=0 here=0 d11=0.62 B=0.68,1.48,0.55,0.26,0.30,0.24,0.25,0.41,0.72,1.52,0.48,0.30,0.27,0.27,0.28,0.29
t=96 field hdg=249.1 enc=8746;14110 xy=19;-392 want=-131 str=0.16 l=-0.65 r=2.00 tick=539419 goal=0 here=0 d11=0.62 B=0.70,1.48,0.54,0.25,0.29,0.24,0.25,0.40,0.73,1.53,0.47,0.28,0.26,0.26,0.28,0.27
t=96 field hdg=248.3 enc=8747;14112 xy=18;-393 want=32 str=0.44 l=1.52 r=0.66 tick=539438 goal=0 here=0 d11=0.62 B=0.70,1.49,0.56,0.26,0.29,0.24,0.25,0.43,0.71,1.51,0.47,0.30,0.27,0.27,0.28,0.29
t=96 field hdg=252.9 enc=8749;14112 xy=18;-394 want=-125 str=0.16 l=-0.58 r=2.00 tick=539457 goal=0 here=0 d11=0.62 B=0.68,1.48,0.54,0.24,0.29,0.24,0.24,0.41,0.72,1.52,0.48,0.29,0.26,0.25,0.26,0.29
t=96 field hdg=250.9 enc=8751;14111 xy=18;-394 want=-134 str=0.15 l=-0.70 r=2.00 tick=539477 goal=0 here=0 d11=0.64 B=0.70,1.49,0.55,0.26,0.29,0.25,0.25,0.41,0.73,1.52,0.48,0.30,0.26,0.27,0.27,0.27
t=96 field hdg=250.1 enc=8751;14111 xy=18;-394 want=31 str=0.40 l=1.45 r=0.63 tick=539495 goal=0 here=0 d11=0.64 B=0.63,1.48,0.56,0.26,0.29,0.24,0.25,0.42,0.70,1.52,0.48,0.30,0.27,0.28,0.29,0.29
t=96 field hdg=249.6 enc=8751;14112 xy=18;-395 want=51 str=0.38 l=1.70 r=0.35 tick=539514 goal=0 here=0 d11=0.64 B=0.61,1.48,0.56,0.27,0.29,0.25,0.25,0.40,0.72,1.51,0.48,0.31,0.26,0.26,0.27,0.28
t=97 field hdg=250.5 enc=8752;14113 xy=17;-396 want=48 str=0.37 l=1.68 r=0.41 tick=539532 goal=0 here=0 d11=0.64 B=0.63,1.48,0.56,0.26,0.29,0.24,0.25,0.41,0.71,1.51,0.48,0.30,0.27,0.25,0.28,0.28
t=97 field hdg=249.0 enc=8753;14113 xy=17;-396 want=43 str=0.49 l=1.64 r=0.50 tick=539551 goal=0 here=0 d11=0.63 B=0.67,1.48,0.55,0.27,0.28,0.25,0.24,0.41,0.71,1.52,0.48,0.29,0.25,0.25,0.29,0.29
t=97 field hdg=247.6 enc=8751;14114 xy=17;-396 want=-114 str=0.17 l=-0.43 r=2.00 tick=539572 goal=0 here=0 d11=0.63 B=0.69,1.48,0.55,0.26,0.28,0.24,0.25,0.41,0.71,1.51,0.48,0.30,0.27,0.26,0.28,0.29
t=97 field hdg=248.0 enc=8753;14117 xy=16;-398 want=-155 str=0.14 l=-0.98 r=2.00 tick=539591 goal=0 here=0 d11=0.63 B=0.68,1.47,0.55,0.26,0.29,0.25,0.25,0.41,0.72,1.52,0.48,0.29,0.26,0.26,0.26,0.28
t=97 field hdg=249.3 enc=8755;14117 xy=16;-399 want=46 str=0.42 l=1.65 r=0.43 tick=539610 goal=0 here=0 d11=0.64 B=0.62,1.48,0.56,0.27,0.28,0.25,0.25,0.42,0.72,1.52,0.48,0.28,0.26,0.27,0.28,0.28
t=98 field hdg=248.5 enc=8755;14117 xy=16;-399 want=35 str=0.38 l=1.48 r=0.56 tick=539630 goal=0 here=0 d11=0.63 B=0.61,1.48,0.57,0.26,0.29,0.24,0.24,0.40,0.71,1.50,0.48,0.30,0.27,0.26,0.28,0.30
t=98 field hdg=250.5 enc=8756;14117 xy=16;-400 want=-146 str=0.18 l=-0.90 r=2.00 tick=539648 goal=0 here=0 d11=0.63 B=0.63,1.47,0.55,0.26,0.29,0.24,0.25,0.41,0.72,1.52,0.48,0.29,0.26,0.25,0.28,0.28
t=98 field hdg=248.2 enc=8759;14118 xy=15;-401 want=45 str=0.36 l=1.64 r=0.43 tick=539667 goal=0 here=0 d11=0.64 B=0.62,1.48,0.56,0.26,0.28,0.25,0.24,0.41,0.71,1.52,0.47,0.31,0.26,0.26,0.27,0.28
t=98 field hdg=248.9 enc=8757;14118 xy=15;-401 want=56 str=0.40 l=1.77 r=0.27 tick=539686 goal=0 here=0 d11=0.64 B=0.60,1.46,0.56,0.27,0.27,0.25,0.25,0.41,0.72,1.52,0.47,0.29,0.26,0.26,0.26,0.29
t=98 field hdg=249.9 enc=8758;14120 xy=15;-402 want=67 str=0.47 l=1.92 r=0.15 tick=539705 goal=0 here=0 d11=0.63 B=0.62,1.47,0.55,0.28,0.29,0.26,0.26,0.43,0.72,1.52,0.48,0.29,0.26,0.26,0.27,0.28
t=99 field hdg=248.1 enc=8757;14119 xy=15;-401 want=52 str=0.47 l=1.77 r=0.38 tick=539724 goal=0 here=0 d11=0.64 B=0.68,1.46,0.56,0.26,0.29,0.26,0.25,0.42,0.72,1.52,0.48,0.29,0.26,0.26,0.27,0.29
t=99 field hdg=248.9 enc=8758;14122 xy=15;-403 want=43 str=0.48 l=1.64 r=0.50 tick=539743 goal=0 here=0 d11=0.63 B=0.67,1.48,0.55,0.27,0.29,0.25,0.24,0.40,0.72,1.53,0.47,0.28,0.25,0.27,0.27,0.29
t=99 field hdg=248.2 enc=8757;14121 xy=15;-402 want=54 str=0.47 l=1.80 r=0.37 tick=539762 goal=0 here=0 d11=0.64 B=0.69,1.48,0.55,0.26,0.28,0.24,0.24,0.42,0.73,1.52,0.49,0.29,0.25,0.24,0.25,0.29
t=99 field hdg=250.6 enc=8757;14123 xy=15;-403 want=47 str=0.48 l=1.70 r=0.45 tick=539780 goal=0 here=0 d11=0.64 B=0.68,1.48,0.56,0.26,0.29,0.24,0.25,0.42,0.73,1.53,0.48,0.28,0.27,0.26,0.27,0.29
t=99 cage hdg=250.4 enc=8759;14125 xy=14;-405 want=174 str=0.03 l=2.00 r=-2.00 tick=539806 goal=0 here=0 d11=0.64 B=0.70,1.48,0.55,0.29,0.28,0.26,0.25,0.42,0.73,1.54,0.47,0.29,0.26,0.26,0.28,0.38
t=100 field hdg=243.0 enc=8756;14127 xy=14;-404 want=-96 str=0.13 l=-0.17 r=2.00 tick=539832 goal=0 here=0 d11=0.63 B=0.73,1.47,0.54,0.27,0.28,0.25,0.25,0.43,0.73,1.55,0.49,0.28,0.26,0.26,0.28,0.39
t=100 field hdg=253.0 enc=8756;14127 xy=14;-404 want=-137 str=0.10 l=-0.72 r=2.00 tick=539852 goal=0 here=0 d11=0.63 B=0.72,1.48,0.54,0.26,0.29,0.24,0.25,0.45,0.74,1.55,0.47,0.28,0.26,0.26,0.26,0.41
t=100 field hdg=247.8 enc=8758;14127 xy=14;-405 want=-108 str=0.09 l=-0.33 r=2.00 tick=539874 goal=0 here=0 d11=0.63 B=0.72,1.47,0.53,0.26,0.28,0.24,0.25,0.42,0.73,1.54,0.49,0.28,0.25,0.25,0.27,0.39
t=100 field hdg=247.0 enc=8763;14128 xy=13;-408 want=-96 str=0.16 l=-0.18 r=2.00 tick=539893 goal=0 here=0 d11=0.64 B=0.72,1.48,0.55,0.26,0.29,0.24,0.24,0.43,0.73,1.54,0.47,0.29,0.26,0.27,0.27,0.39
t=100 field hdg=247.4 enc=8765;14128 xy=12;-409 want=52 str=0.46 l=1.79 r=0.40 tick=539912 goal=0 here=0 d11=0.65 B=0.71,1.49,0.55,0.26,0.30,0.25,0.26,0.41,0.74,1.54,0.47,0.29,0.27,0.26,0.26,0.38
t=101 field hdg=248.2 enc=8763;14129 xy=12;-408 want=-104 str=0.18 l=-0.29 r=2.00 tick=539939 goal=0 here=0 d11=0.63 B=0.70,1.47,0.55,0.27,0.28,0.22,0.25,0.41,0.73,1.53,0.48,0.29,0.26,0.27,0.26,0.33
t=101 field hdg=248.2 enc=8766;14129 xy=12;-410 want=42 str=0.44 l=1.65 r=0.52 tick=539957 goal=0 here=0 d11=0.63 B=0.69,1.49,0.55,0.26,0.28,0.25,0.24,0.42,0.74,1.52,0.48,0.29,0.26,0.26,0.26,0.34
t=101 field hdg=248.0 enc=8767;14130 xy=11;-411 want=56 str=0.46 l=1.82 r=0.32 tick=539976 goal=0 here=0 d11=0.63 B=0.67,1.48,0.55,0.27,0.28,0.25,0.25,0.41,0.73,1.53,0.49,0.28,0.26,0.26,0.26,0.28
t=101 cage hdg=246.8 enc=8767;14130 xy=11;-411 want=-124 str=0.07 l=2.00 r=-2.00 tick=539996 goal=0 here=0 d11=0.63 B=0.69,1.48,0.55,0.27,0.29,0.26,0.24,0.41,0.72,1.53,0.49,0.28,0.26,0.27,0.26,0.39
t=101 field hdg=253.6 enc=8764;14132 xy=12;-410 want=43 str=0.45 l=1.66 r=0.51 tick=540015 goal=0 here=0 d11=0.63 B=0.70,1.49,0.55,0.26,0.28,0.25,0.25,0.42,0.73,1.55,0.48,0.27,0.27,0.27,0.26,0.40
t=102 field hdg=250.6 enc=8764;14134 xy=11;-411 want=-112 str=0.10 l=-0.39 r=2.00 tick=540034 goal=0 here=0 d11=0.66 B=0.72,1.48,0.54,0.26,0.28,0.25,0.24,0.45,0.74,1.54,0.46,0.28,0.26,0.26,0.26,0.40
t=102 cage hdg=251.1 enc=8766;14134 xy=11;-412 want=-138 str=0.07 l=2.00 r=-2.00 tick=540055 goal=0 here=0 d11=0.66 B=0.72,1.48,0.53,0.28,0.29,0.25,0.26,0.44,0.74,1.55,0.48,0.29,0.27,0.27,0.27,0.40
t=102 cage hdg=250.6 enc=8765;14135 xy=11;-412 want=-159 str=0.02 l=2.00 r=-2.00 tick=540075 goal=0 here=0 d11=0.63 B=0.74,1.48,0.55,0.26,0.28,0.25,0.25,0.43,0.74,1.54,0.48,0.28,0.25,0.26,0.27,0.40
t=102 STUCK mv=9 want=-149
t=105 field hdg=267.6 enc=8712;14171 xy=11;-411 want=138 str=0.68 l=2.00 r=-0.27 tick=540401 goal=0 here=0 d11=0.64 B=1.39,0.87,0.42,0.29,0.25,0.24,0.32,0.59,1.57,0.59,0.38,0.26,0.25,0.27,0.25,0.46
t=106 field hdg=266.9 enc=8713;14171 xy=11;-411 want=150 str=0.59 l=2.00 r=-0.41 tick=540423 goal=0 here=0 d11=0.63 B=1.40,0.86,0.43,0.27,0.24,0.25,0.34,0.59,1.56,0.60,0.36,0.27,0.25,0.28,0.26,0.45
t=106 field hdg=263.8 enc=8713;14174 xy=11;-413 want=145 str=0.62 l=2.00 r=-0.35 tick=540441 goal=0 here=0 d11=0.64 B=1.40,0.84,0.42,0.27,0.25,0.25,0.34,0.59,1.57,0.57,0.35,0.26,0.26,0.27,0.26,0.47
t=106 field hdg=268.9 enc=8713;14175 xy=11;-413 want=91 str=0.59 l=2.00 r=0.37 tick=540461 goal=0 here=0 d11=0.63 B=1.40,0.82,0.42,0.29,0.26,0.23,0.32,0.62,1.55,0.54,0.35,0.28,0.26,0.28,0.25,0.47
t=106 field hdg=266.1 enc=8713;14176 xy=11;-414 want=90 str=0.63 l=2.00 r=0.39 tick=540480 goal=0 here=0 d11=0.64 B=1.41,0.83,0.44,0.27,0.25,0.26,0.34,0.64,1.54,0.54,0.34,0.25,0.26,0.27,0.27,0.49
t=106 field hdg=267.6 enc=8712;14179 xy=11;-415 want=89 str=0.55 l=2.00 r=0.39 tick=540501 goal=0 here=0 d11=0.64 B=1.40,0.82,0.43,0.28,0.24,0.25,0.34,0.66,1.52,0.54,0.35,0.27,0.25,0.28,0.27,0.51
t=107 field hdg=265.8 enc=8713;14182 xy=11;-417 want=94 str=0.65 l=2.00 r=0.33 tick=540520 goal=0 here=0 d11=0.64 B=1.40,0.80,0.42,0.29,0.25,0.25,0.36,0.69,1.52,0.52,0.33,0.27,0.25,0.28,0.26,0.52
t=107 field hdg=268.5 enc=8714;14184 xy=11;-418 want=95 str=0.68 l=2.00 r=0.32 tick=540538 goal=0 here=0 d11=0.63 B=1.41,0.80,0.35,0.28,0.25,0.27,0.37,0.68,1.51,0.52,0.32,0.26,0.26,0.26,0.26,0.53
t=107 field hdg=271.4 enc=8712;14185 xy=11;-418 want=93 str=0.48 l=2.00 r=0.35 tick=540557 goal=0 here=0 d11=0.62 B=1.42,0.78,0.29,0.28,0.25,0.24,0.35,0.69,1.50,0.50,0.32,0.26,0.27,0.28,0.27,0.53
t=107 field hdg=271.8 enc=8712;14186 xy=11;-418 want=96 str=0.50 l=2.00 r=0.31 tick=540578 goal=0 here=0 d11=0.64 B=1.42,0.77,0.29,0.27,0.26,0.26,0.38,0.70,1.50,0.51,0.30,0.26,0.27,0.27,0.28,0.53
t=107 field hdg=265.1 enc=8713;14188 xy=11;-420 want=112 str=0.56 l=2.00 r=0.12 tick=540597 goal=0 here=0 d11=0.63 B=1.44,0.62,0.30,0.28,0.25,0.25,0.38,0.72,1.51,0.50,0.32,0.27,0.27,0.26,0.26,0.54
t=107 field hdg=267.7 enc=8714;14190 xy=11;-421 want=44 str=0.41 l=2.00 r=1.02 tick=540616 goal=0 here=0 d11=0.64 B=1.44,0.62,0.28,0.28,0.26,0.25,0.38,0.72,1.50,0.49,0.30,0.27,0.26,0.27,0.27,0.55
t=108 field hdg=269.1 enc=8714;14192 xy=11;-422 want=32 str=0.33 l=2.00 r=1.18 tick=540637 goal=0 here=0 d11=0.64 B=1.44,0.58,0.28,0.27,0.24,0.24,0.38,0.72,1.51,0.51,0.30,0.26,0.26,0.27,0.28,0.55
t=108 field hdg=270.3 enc=8716;14194 xy=11;-424 want=45 str=0.41 l=2.00 r=1.01 tick=540656 goal=0 here=0 d11=0.64 B=1.45,0.59,0.27,0.29,0.26,0.24,0.37,0.72,1.52,0.50,0.28,0.27,0.26,0.27,0.27,0.57
t=108 field hdg=270.7 enc=8717;14196 xy=11;-426 want=45 str=0.37 l=2.00 r=1.02 tick=540675 goal=0 here=0 d11=0.64 B=1.47,0.58,0.27,0.27,0.26,0.25,0.39,0.72,1.51,0.50,0.29,0.27,0.26,0.26,0.27,0.56
t=108 field hdg=269.6 enc=8718;14197 xy=11;-427 want=52 str=0.46 l=2.00 r=0.93 tick=540693 goal=0 here=0 d11=0.63 B=1.45,0.58,0.28,0.29,0.27,0.25,0.38,0.74,1.51,0.49,0.29,0.27,0.25,0.27,0.27,0.56
t=108 field hdg=271.4 enc=8717;14199 xy=11;-427 want=24 str=0.43 l=1.94 r=1.31 tick=540715 goal=0 here=0 d11=0.60 B=1.47,0.57,0.29,0.28,0.24,0.25,0.41,0.73,1.51,0.49,0.29,0.27,0.27,0.26,0.33,0.61
t=109 field hdg=271.3 enc=8719;14202 xy=11;-430 want=19 str=0.47 l=1.88 r=1.37 tick=540735 goal=0 here=0 d11=0.63 B=1.46,0.56,0.28,0.28,0.25,0.25,0.39,0.73,1.52,0.49,0.28,0.26,0.27,0.28,0.38,0.66
t=109 field hdg=271.0 enc=8719;14202 xy=11;-430 want=25 str=0.40 l=1.95 r=1.30 tick=540753 goal=0 here=0 d11=0.64 B=1.47,0.55,0.28,0.27,0.24,0.26,0.40,0.72,1.54,0.50,0.28,0.27,0.27,0.25,0.38,0.66
t=109 field hdg=272.7 enc=8720;14203 xy=11;-431 want=14 str=0.43 l=1.81 r=1.44 tick=540779 goal=0 here=0 d11=0.63 B=1.46,0.56,0.27,0.28,0.25,0.25,0.40,0.72,1.52,0.49,0.28,0.27,0.27,0.27,0.38,0.66
t=109 field hdg=269.5 enc=8721;14204 xy=11;-432 want=25 str=0.47 l=1.95 r=1.30 tick=540809 goal=0 here=0 d11=0.62 B=1.46,0.57,0.27,0.28,0.25,0.25,0.40,0.73,1.52,0.47,0.28,0.26,0.27,0.27,0.38,0.67
t=110 field hdg=267.9 enc=8723;14208 xy=11;-435 want=11 str=0.46 l=1.76 r=1.48 tick=540839 goal=0 here=0 d11=0.63 B=1.46,0.58,0.28,0.28,0.25,0.24,0.40,0.73,1.52,0.49,0.28,0.27,0.28,0.27,0.38,0.67
t=110 field hdg=272.1 enc=8724;14209 xy=11;-436 want=29 str=0.44 l=2.00 r=1.24 tick=540857 goal=0 here=0 d11=0.60 B=1.46,0.57,0.28,0.28,0.26,0.26,0.39,0.74,1.54,0.48,0.29,0.26,0.27,0.28,0.39,0.66
t=110 field hdg=270.6 enc=8726;14210 xy=11;-437 want=29 str=0.45 l=2.00 r=1.23 tick=540876 goal=0 here=0 d11=0.61 B=1.45,0.57,0.29,0.28,0.24,0.25,0.41,0.74,1.53,0.49,0.29,0.26,0.26,0.26,0.37,0.66
t=110 field hdg=272.3 enc=8726;14212 xy=11;-438 want=38 str=0.49 l=2.00 r=1.12 tick=540896 goal=0 here=0 d11=0.61 B=1.46,0.56,0.27,0.28,0.26,0.26,0.40,0.74,1.54,0.50,0.28,0.25,0.27,0.25,0.39,0.68
t=110 field hdg=270.5 enc=8728;14214 xy=11;-440 want=30 str=0.42 l=2.00 r=1.22 tick=540914 goal=0 here=0 d11=0.61 B=1.45,0.56,0.27,0.27,0.25,0.26,0.41,0.74,1.54,0.50,0.28,0.26,0.26,0.27,0.37,0.68
t=111 field hdg=266.8 enc=8727;14214 xy=11;-440 want=23 str=0.43 l=1.94 r=1.33 tick=540935 goal=0 here=0 d11=0.61 B=1.48,0.58,0.28,0.26,0.25,0.27,0.40,0.74,1.55,0.50,0.28,0.27,0.27,0.26,0.38,0.70
t=111 field hdg=271.6 enc=8729;14215 xy=11;-441 want=24 str=0.45 l=1.95 r=1.30 tick=540954 goal=0 here=0 d11=0.61 B=1.46,0.55,0.28,0.28,0.25,0.26,0.41,0.74,1.55,0.49,0.28,0.27,0.26,0.26,0.39,0.71
t=111 field hdg=271.1 enc=8731;14218 xy=11;-444 want=29 str=0.50 l=2.00 r=1.23 tick=540973 goal=0 here=0 d11=0.61 B=1.46,0.56,0.28,0.28,0.25,0.26,0.40,0.74,1.55,0.50,0.28,0.26,0.27,0.26,0.40,0.71
t=111 field hdg=270.3 enc=8730;14218 xy=11;-443 want=29 str=0.41 l=2.00 r=1.24 tick=540992 goal=0 here=0 d11=0.61 B=1.46,0.56,0.27,0.28,0.26,0.25,0.42,0.75,1.56,0.49,0.30,0.25,0.27,0.26,0.40,0.70
t=111 field hdg=273.1 enc=8733;14220 xy=11;-446 want=29 str=0.42 l=2.00 r=1.23 tick=541011 goal=0 here=0 d11=0.62 B=1.46,0.56,0.27,0.28,0.26,0.26,0.42,0.74,1.54,0.49,0.29,0.27,0.28,0.25,0.40,0.70
t=112 field hdg=271.7 enc=8732;14222 xy=11;-446 want=179 str=0.14 l=2.00 r=-0.76 tick=541030 goal=0 here=0 d11=0.61 B=1.46,0.54,0.28,0.27,0.26,0.25,0.41,0.74,1.56,0.51,0.28,0.27,0.26,0.25,0.40,0.70
t=112 field hdg=268.7 enc=8732;14226 xy=11;-448 want=-172 str=0.16 l=-0.68 r=2.00 tick=541054 goal=0 here=0 d11=0.61 B=1.45,0.55,0.27,0.29,0.25,0.25,0.41,0.73,1.56,0.49,0.29,0.26,0.28,0.24,0.40,0.70
t=112 field hdg=272.8 enc=8736;14224 xy=11;-449 want=149 str=0.14 l=2.00 r=-0.36 tick=541076 goal=0 here=0 d11=0.63 B=1.47,0.54,0.27,0.28,0.25,0.27,0.42,0.75,1.56,0.50,0.28,0.24,0.27,0.26,0.40,0.71
t=112 field hdg=271.3 enc=8736;14228 xy=11;-451 want=-165 str=0.19 l=-0.59 r=2.00 tick=541098 goal=0 here=0 d11=0.62 B=1.45,0.53,0.26,0.27,0.25,0.26,0.40,0.74,1.56,0.50,0.28,0.27,0.26,0.25,0.40,0.71
t=113 field hdg=270.8 enc=8738;14227 xy=11;-452 want=-153 str=0.14 l=-0.42 r=2.00 tick=541119 goal=0 here=0 d11=0.62 B=1.46,0.55,0.27,0.28,0.24,0.25,0.40,0.74,1.56,0.49,0.29,0.26,0.26,0.26,0.42,0.71
t=113 field hdg=271.2 enc=8741;14227 xy=11;-453 want=-152 str=0.18 l=-0.41 r=2.00 tick=541138 goal=0 here=0 d11=0.63 B=1.46,0.54,0.28,0.28,0.25,0.25,0.40,0.76,1.55,0.49,0.30,0.27,0.26,0.27,0.39,0.70
t=113 field hdg=267.6 enc=8741;14226 xy=11;-453 want=32 str=0.39 l=2.00 r=1.20 tick=541157 goal=0 here=0 d11=0.63 B=1.47,0.56,0.28,0.26,0.27,0.26,0.40,0.76,1.56,0.51,0.28,0.28,0.27,0.25,0.40,0.70
t=113 field hdg=270.5 enc=8744;14230 xy=11;-456 want=38 str=0.44 l=2.00 r=1.11 tick=541176 goal=0 here=0 d11=0.63 B=1.45,0.55,0.29,0.27,0.26,0.26,0.39,0.74,1.56,0.49,0.29,0.27,0.26,0.25,0.39,0.69
t=113 field hdg=270.4 enc=8744;14230 xy=11;-456 want=26 str=0.35 l=1.97 r=1.28 tick=541195 goal=0 here=0 d11=0.62 B=1.46,0.56,0.27,0.26,0.26,0.26,0.39,0.74,1.55,0.50,0.29,0.27,0.27,0.25,0.39,0.69
t=113 field hdg=272.5 enc=8744;14231 xy=11;-457 want=24 str=0.41 l=1.94 r=1.30 tick=541216 goal=0 here=0 d11=0.66 B=1.46,0.56,0.28,0.28,0.25,0.26,0.39,0.73,1.55,0.49,0.30,0.26,0.28,0.26,0.39,0.71
t=114 field hdg=269.8 enc=8745;14234 xy=11;-459 want=33 str=0.44 l=2.00 r=1.19 tick=541236 goal=0 here=0 d11=0.63 B=1.46,0.56,0.28,0.27,0.26,0.26,0.39,0.74,1.56,0.50,0.29,0.27,0.27,0.25,0.40,0.70
t=114 field hdg=271.4 enc=8746;14235 xy=11;-460 want=27 str=0.45 l=1.99 r=1.25 tick=541255 goal=0 here=0 d11=0.62 B=1.46,0.55,0.28,0.27,0.25,0.25,0.39,0.74,1.54,0.50,0.28,0.27,0.26,0.24,0.39,0.71
t=114 field hdg=271.6 enc=8749;14235 xy=11;-461 want=-170 str=0.21 l=-0.65 r=2.00 tick=541274 goal=0 here=0 d11=0.64 B=1.44,0.54,0.28,0.27,0.25,0.26,0.39,0.75,1.55,0.51,0.30,0.27,0.27,0.24,0.40,0.71
t=114 field hdg=269.2 enc=8750;14237 xy=11;-463 want=33 str=0.40 l=2.00 r=1.17 tick=541293 goal=0 here=0 d11=0.63 B=1.45,0.56,0.27,0.28,0.26,0.26,0.40,0.73,1.56,0.49,0.29,0.26,0.28,0.25,0.39,0.70
t=114 field hdg=272.8 enc=8751;14237 xy=11;-463 want=27 str=0.43 l=1.98 r=1.27 tick=541312 goal=0 here=0 d11=0.62 B=1.46,0.56,0.38,0.26,0.26,0.25,0.38,0.74,1.55,0.49,0.30,0.27,0.28,0.25,0.39,0.69
t=115 field hdg=269.1 enc=8752;14238 xy=11;-464 want=-168 str=0.15 l=-0.63 r=2.00 tick=541331 goal=0 here=0 d11=0.64 B=1.44,0.55,0.38,0.27,0.24,0.26,0.37,0.75,1.55,0.49,0.29,0.27,0.28,0.25,0.41,0.69
t=115 field hdg=273.1 enc=8754;14238 xy=11;-465 want=25 str=0.42 l=1.95 r=1.29 tick=541350 goal=0 here=0 d11=0.62 B=1.45,0.56,0.39,0.26,0.25,0.26,0.39,0.74,1.55,0.51,0.29,0.27,0.27,0.26,0.38,0.68
t=115 field hdg=268.6 enc=8754;14239 xy=11;-466 want=38 str=0.46 l=2.00 r=1.11 tick=541369 goal=0 here=0 d11=0.63 B=1.45,0.56,0.39,0.27,0.26,0.26,0.37,0.75,1.55,0.51,0.29,0.27,0.27,0.24,0.39,0.68
t=115 field hdg=271.7 enc=8757;14242 xy=11;-469 want=30 str=0.40 l=2.00 r=1.22 tick=541389 goal=0 here=0 d11=0.64 B=1.45,0.55,0.39,0.27,0.26,0.25,0.37,0.74,1.56,0.51,0.30,0.27,0.27,0.25,0.39,0.69
t=115 field hdg=269.8 enc=8756;14245 xy=11;-470 want=26 str=0.38 l=1.96 r=1.27 tick=541413 goal=0 here=0 d11=0.63 B=1.45,0.56,0.39,0.26,0.25,0.25,0.37,0.74,1.56,0.51,0.30,0.27,0.27,0.25,0.40,0.69
t=116 field hdg=270.8 enc=8759;14244 xy=11;-471 want=142 str=0.16 l=2.00 r=-0.28 tick=541434 goal=0 here=0 d11=0.62 B=1.45,0.54,0.38,0.26,0.27,0.26,0.36,0.74,1.57,0.50,0.28,0.25,0.27,0.25,0.38,0.69
t=116 field hdg=268.8 enc=8759;14248 xy=11;-473 want=29 str=0.43 l=2.00 r=1.22 tick=541463 goal=0 here=0 d11=0.64 B=1.45,0.57,0.39,0.27,0.25,0.25,0.39,0.75,1.56,0.50,0.29,0.27,0.28,0.23,0.40,0.71
t=116 field hdg=274.2 enc=8759;14251 xy=12;-474 want=-158 str=0.22 l=-0.49 r=2.00 tick=541484 goal=0 here=0 d11=0.62 B=1.45,0.53,0.38,0.26,0.24,0.26,0.38,0.76,1.56,0.50,0.30,0.28,0.28,0.23,0.40,0.71
t=116 field hdg=272.1 enc=8762;14249 xy=12;-475 want=-178 str=0.16 l=-0.76 r=2.00 tick=541502 goal=0 here=0 d11=0.64 B=1.46,0.55,0.38,0.27,0.24,0.25,0.38,0.76,1.56,0.49,0.29,0.28,0.28,0.23,0.41,0.70
t=117 field hdg=269.0 enc=8764;14250 xy=12;-476 want=-171 str=0.19 l=-0.66 r=2.00 tick=541521 goal=0 here=0 d11=0.63 B=1.45,0.54,0.40,0.27,0.24,0.25,0.38,0.75,1.57,0.50,0.31,0.27,0.27,0.24,0.39,0.70
t=117 field hdg=268.7 enc=8764;14251 xy=12;-477 want=30 str=0.42 l=2.00 r=1.21 tick=541541 goal=0 here=0 d11=0.64 B=1.45,0.57,0.38,0.25,0.26,0.25,0.37,0.75,1.55,0.51,0.28,0.28,0.27,0.25,0.41,0.69
t=117 field hdg=272.4 enc=8767;14251 xy=12;-478 want=25 str=0.35 l=1.93 r=1.27 tick=541561 goal=0 here=0 d11=0.62 B=1.43,0.56,0.39,0.25,0.25,0.26,0.37,0.75,1.56,0.51,0.29,0.27,0.27,0.25,0.39,0.69
t=117 field hdg=270.9 enc=8767;14253 xy=12;-479 want=43 str=0.40 l=2.00 r=1.03 tick=541580 goal=0 here=0 d11=0.64 B=1.43,0.57,0.39,0.24,0.27,0.26,0.36,0.76,1.56,0.50,0.30,0.26,0.27,0.23,0.39,0.69
t=117 field hdg=267.4 enc=8768;14254 xy=12;-480 want=33 str=0.42 l=2.00 r=1.18 tick=541602 goal=0 here=0 d11=0.63 B=1.44,0.56,0.40,0.26,0.25,0.25,0.37,0.74,1.56,0.50,0.29,0.26,0.27,0.24,0.39,0.69
t=118 field hdg=270.1 enc=8769;14257 xy=12;-482 want=28 str=0.42 l=1.99 r=1.23 tick=541620 goal=0 here=0 d11=0.65 B=1.44,0.58,0.38,0.25,0.26,0.25,0.37,0.74,1.57,0.51,0.29,0.27,0.27,0.25,0.39,0.71
t=118 field hdg=269.7 enc=8771;14257 xy=12;-483 want=26 str=0.33 l=1.94 r=1.26 tick=541639 goal=0 here=0 d11=0.62 B=1.43,0.56,0.38,0.25,0.24,0.26,0.36,0.76,1.56,0.50,0.30,0.27,0.27,0.25,0.39,0.69
t=118 field hdg=272.1 enc=8773;14259 xy=12;-485 want=-179 str=0.18 l=-0.78 r=2.00 tick=541658 goal=0 here=0 d11=0.62 B=1.43,0.55,0.39,0.26,0.25,0.26,0.36,0.74,1.56,0.52,0.29,0.27,0.27,0.24,0.39,0.70
t=118 field hdg=275.7 enc=8773;14258 xy=12;-485 want=38 str=0.45 l=2.00 r=1.09 tick=541677 goal=0 here=0 d11=0.64 B=1.42,0.56,0.38,0.27,0.26,0.25,0.37,0.75,1.57,0.52,0.28,0.27,0.27,0.24,0.40,0.68
t=118 field hdg=270.3 enc=8774;14260 xy=12;-486 want=31 str=0.39 l=2.00 r=1.19 tick=541696 goal=0 here=0 d11=0.64 B=1.44,0.57,0.39,0.26,0.25,0.26,0.36,0.75,1.55,0.51,0.29,0.26,0.28,0.24,0.39,0.68
t=118 field hdg=269.7 enc=8776;14261 xy=12;-488 want=-179 str=0.20 l=-0.79 r=2.00 tick=541715 goal=0 here=0 d11=0.63 B=1.43,0.55,0.38,0.26,0.26,0.25,0.36,0.77,1.56,0.51,0.30,0.27,0.28,0.24,0.39,0.69
t=119 field hdg=269.8 enc=8776;14263 xy=12;-489 want=26 str=0.33 l=1.95 r=1.26 tick=541733 goal=0 here=0 d11=0.64 B=1.43,0.56,0.39,0.25,0.25,0.26,0.35,0.75,1.56,0.50,0.29,0.28,0.28,0.23,0.39,0.69
t=119 field hdg=271.6 enc=8779;14263 xy=12;-490 want=29 str=0.30 l=1.99 r=1.22 tick=541752 goal=0 here=0 d11=0.64 B=1.44,0.56,0.38,0.25,0.25,0.26,0.35,0.76,1.56,0.50,0.29,0.29,0.28,0.23,0.38,0.68
t=119 field hdg=269.3 enc=8780;14265 xy=12;-492 want=32 str=0.39 l=2.00 r=1.17 tick=541771 goal=0 here=0 d11=0.66 B=1.43,0.56,0.39,0.26,0.25,0.25,0.36,0.76,1.56,0.52,0.30,0.26,0.28,0.24,0.41,0.70
t=119 field hdg=269.8 enc=8780;14266 xy=12;-492 want=50 str=0.42 l=2.00 r=0.94 tick=541790 goal=0 here=0 d11=0.64 B=1.43,0.55,0.40,0.25,0.27,0.27,0.36,0.75,1.58,0.51,0.28,0.27,0.27,0.24,0.39,0.67
t=119 field hdg=272.3 enc=8782;14267 xy=12;-494 want=39 str=0.30 l=2.00 r=1.09 tick=541809 goal=0 here=0 d11=0.64 B=1.43,0.56,0.40,0.25,0.25,0.27,0.36,0.76,1.58,0.51,0.30,0.28,0.27,0.23,0.39,0.69
t=120 field hdg=270.6 enc=8782;14269 xy=12;-495 want=42 str=0.39 l=2.00 r=1.05 tick=541834 goal=0 here=0 d11=0.63 B=1.44,0.55,0.38,0.26,0.26,0.26,0.36,0.76,1.56,0.50,0.29,0.28,0.28,0.22,0.38,0.69
t=120 field hdg=268.2 enc=8784;14271 xy=12;-497 want=-163 str=0.25 l=-0.57 r=2.00 tick=541853 goal=0 here=0 d11=0.64 B=1.44,0.55,0.40,0.25,0.25,0.26,0.36,0.76,1.56,0.51,0.30,0.27,0.29,0.23,0.39,0.69
t=120 field hdg=272.2 enc=8785;14274 xy=12;-499 want=47 str=0.40 l=2.00 r=0.98 tick=541881 goal=0 here=0 d11=0.64 B=1.43,0.55,0.38,0.26,0.26,0.27,0.35,0.76,1.56,0.51,0.30,0.26,0.28,0.23,0.39,0.69
t=120 field hdg=270.1 enc=8787;14273 xy=12;-499 want=-166 str=0.26 l=-0.61 r=2.00 tick=541900 goal=0 here=0 d11=0.62 B=1.44,0.55,0.40,0.26,0.26,0.26,0.35,0.76,1.57,0.50,0.30,0.29,0.28,0.25,0.40,0.68
t=121 field hdg=269.9 enc=8788;14274 xy=12;-500 want=35 str=0.36 l=2.00 r=1.14 tick=541919 goal=0 here=0 d11=0.63 B=1.44,0.56,0.39,0.24,0.26,0.25,0.37,0.76,1.57,0.50,0.28,0.28,0.27,0.23,0.38,0.70
t=121 field hdg=275.1 enc=8790;14276 xy=12;-502 want=30 str=0.32 l=2.00 r=1.20 tick=541938 goal=0 here=0 d11=0.64 B=1.43,0.55,0.39,0.25,0.26,0.25,0.35,0.75,1.58,0.51,0.29,0.27,0.29,0.24,0.39,0.69
t=121 field hdg=268.6 enc=8789;14277 xy=12;-502 want=38 str=0.31 l=2.00 r=1.11 tick=541957 goal=0 here=0 d11=0.63 B=1.44,0.55,0.39,0.24,0.25,0.26,0.35,0.75,1.58,0.52,0.32,0.27,0.28,0.23,0.38,0.68
t=121 field hdg=270.5 enc=8790;14281 xy=12;-505 want=36 str=0.34 l=2.00 r=1.12 tick=541978 goal=0 here=0 d11=0.63 B=1.43,0.56,0.40,0.26,0.25,0.25,0.36,0.76,1.58,0.52,0.29,0.27,0.28,0.22,0.38,0.70
t=121 field hdg=273.6 enc=8792;14283 xy=12;-507 want=179 str=0.23 l=2.00 r=-0.78 tick=541999 goal=0 here=0 d11=0.64 B=1.43,0.54,0.39,0.25,0.26,0.25,0.37,0.76,1.59,0.49,0.29,0.27,0.27,0.23,0.40,0.70
t=122 field hdg=273.3 enc=8792;14283 xy=12;-507 want=-164 str=0.27 l=-0.58 r=2.00 tick=542018 goal=0 here=0 d11=0.64 B=1.43,0.55,0.40,0.25,0.25,0.25,0.35,0.77,1.59,0.51,0.30,0.28,0.28,0.24,0.39,0.70
t=122 field hdg=275.6 enc=8794;14283 xy=12;-508 want=-168 str=0.29 l=-0.63 r=2.00 tick=542037 goal=0 here=0 d11=0.64 B=1.43,0.53,0.39,0.25,0.24,0.26,0.37,0.78,1.59,0.52,0.30,0.27,0.28,0.22,0.40,0.70
t=122 field hdg=269.7 enc=8796;14283 xy=12;-509 want=-174 str=0.27 l=-0.72 r=2.00 tick=542056 goal=0 here=0 d11=0.63 B=1.44,0.55,0.39,0.25,0.25,0.26,0.37,0.77,1.59,0.50,0.30,0.27,0.27,0.24,0.38,0.69
t=122 field hdg=272.5 enc=8798;14285 xy=12;-511 want=166 str=0.24 l=2.00 r=-0.61 tick=542076 goal=0 here=0 d11=0.64 B=1.44,0.54,0.40,0.25,0.26,0.26,0.35,0.76,1.58,0.51,0.28,0.27,0.28,0.22,0.38,0.69
t=122 field hdg=270.9 enc=8798;14285 xy=12;-511 want=42 str=0.32 l=2.00 r=1.03 tick=542095 goal=0 here=0 d11=0.62 B=1.42,0.55,0.39,0.26,0.27,0.25,0.35,0.75,1.57,0.51,0.31,0.28,0.29,0.22,0.38,0.69
t=123 field hdg=272.3 enc=8800;14287 xy=12;-513 want=166 str=0.28 l=2.00 r=-0.61 tick=542116 goal=0 here=0 d11=0.63 B=1.43,0.55,0.37,0.25,0.26,0.26,0.34,0.76,1.58,0.51,0.31,0.26,0.28,0.22,0.39,0.68
t=123 field hdg=276.3 enc=8800;14289 xy=12;-514 want=-173 str=0.28 l=-0.71 r=2.00 tick=542135 goal=0 here=0 d11=0.64 B=1.42,0.53,0.39,0.25,0.25,0.25,0.36,0.76,1.58,0.51,0.30,0.27,0.27,0.23,0.38,0.69
t=123 field hdg=270.5 enc=8801;14290 xy=12;-515 want=56 str=0.39 l=2.00 r=0.85 tick=542157 goal=0 here=0 d11=0.64 B=1.43,0.55,0.38,0.25,0.27,0.27,0.35,0.77,1.59,0.53,0.29,0.27,0.27,0.22,0.38,0.69
t=123 field hdg=269.4 enc=8802;14293 xy=12;-517 want=-169 str=0.26 l=-0.65 r=2.00 tick=542179 goal=0 here=0 d11=0.63 B=1.43,0.54,0.39,0.24,0.25,0.25,0.36,0.76,1.57,0.53,0.29,0.27,0.29,0.22,0.38,0.69
t=123 field hdg=267.8 enc=8804;14293 xy=12;-518 want=170 str=0.27 l=2.00 r=-0.66 tick=542197 goal=0 here=0 d11=0.64 B=1.43,0.54,0.37,0.25,0.26,0.27,0.37,0.76,1.59,0.52,0.29,0.28,0.27,0.23,0.39,0.69
t=124 field hdg=271.2 enc=8803;14294 xy=12;-518 want=33 str=0.25 l=2.00 r=1.15 tick=542216 goal=0 here=0 d11=0.64 B=1.42,0.56,0.38,0.24,0.27,0.26,0.35,0.77,1.60,0.53,0.29,0.28,0.30,0.23,0.38,0.70
t=124 field hdg=272.2 enc=8803;14296 xy=12;-519 want=-167 str=0.31 l=-0.62 r=2.00 tick=542237 goal=0 here=0 d11=0.62 B=1.43,0.53,0.38,0.25,0.25,0.26,0.36,0.76,1.60,0.53,0.30,0.27,0.29,0.22,0.37,0.69
t=124 field hdg=269.3 enc=8806;14296 xy=12;-520 want=-178 str=0.31 l=-0.78 r=2.00 tick=542256 goal=0 here=0 d11=0.63 B=1.43,0.53,0.38,0.25,0.26,0.27,0.35,0.77,1.59,0.51,0.31,0.28,0.29,0.22,0.39,0.70
t=124 field hdg=270.6 enc=8808;14296 xy=12;-521 want=173 str=0.27 l=2.00 r=-0.71 tick=542278 goal=0 here=0 d11=0.63 B=1.42,0.54,0.38,0.24,0.26,0.25,0.34,0.77,1.57,0.51,0.29,0.27,0.27,0.22,0.38,0.69
t=124 field hdg=271.7 enc=8808;14298 xy=12;-522 want=-175 str=0.31 l=-0.74 r=2.00 tick=542300 goal=0 here=0 d11=0.63 B=1.43,0.55,0.39,0.24,0.26,0.25,0.35,0.76,1.59,0.51,0.30,0.27,0.28,0.23,0.38,0.68
t=125 field hdg=269.3 enc=8811;14297 xy=12;-523 want=-177 str=0.30 l=-0.76 r=2.00 tick=542319 goal=0 here=0 d11=0.63 B=1.43,0.55,0.37,0.25,0.26,0.26,0.36,0.76,1.59,0.52,0.30,0.27,0.29,0.22,0.38,0.69
t=125 field hdg=273.6 enc=8814;14297 xy=12;-525 want=54 str=0.38 l=2.00 r=0.87 tick=542340 goal=0 here=0 d11=0.65 B=1.42,0.57,0.38,0.25,0.27,0.26,0.34,0.77,1.57,0.52,0.29,0.28,0.28,0.20,0.38,0.69
t=125 field hdg=272.0 enc=8813;14299 xy=12;-525 want=41 str=0.25 l=2.00 r=1.05 tick=542359 goal=0 here=0 d11=0.62 B=1.42,0.59,0.38,0.23,0.26,0.26,0.34,0.77,1.59,0.51,0.30,0.28,0.28,0.22,0.38,0.68
t=125 field hdg=273.1 enc=8813;14301 xy=13;-526 want=45 str=0.26 l=2.00 r=0.99 tick=542378 goal=0 here=0 d11=0.63 B=1.42,0.57,0.38,0.24,0.26,0.25,0.34,0.76,1.60,0.52,0.30,0.27,0.28,0.22,0.38,0.67
t=125 field hdg=276.3 enc=8815;14302 xy=13;-528 want=-175 str=0.31 l=-0.74 r=2.00 tick=542396 goal=0 here=0 d11=0.62 B=1.43,0.55,0.37,0.25,0.26,0.26,0.34,0.76,1.59,0.53,0.30,0.28,0.29,0.22,0.39,0.68
t=125 field hdg=272.0 enc=8815;14303 xy=13;-528 want=53 str=0.21 l=2.00 r=0.89 tick=542415 goal=0 here=0 d11=0.62 B=1.41,0.55,0.38,0.23,0.26,0.27,0.35,0.77,1.60,0.53,0.31,0.29,0.28,0.22,0.38,0.69
t=126 field hdg=273.1 enc=8815;14305 xy=13;-529 want=51 str=0.27 l=2.00 r=0.90 tick=542434 goal=0 here=0 d11=0.63 B=1.41,0.55,0.38,0.25,0.26,0.25,0.34,0.77,1.60,0.53,0.31,0.27,0.28,0.21,0.38,0.69
t=126 field hdg=274.9 enc=8816;14306 xy=13;-530 want=173 str=0.36 l=2.00 r=-0.70 tick=542452 goal=0 here=0 d11=0.63 B=1.43,0.54,0.38,0.25,0.26,0.27,0.35,0.79,1.60,0.52,0.31,0.28,0.28,0.21,0.38,0.69
t=126 field hdg=273.9 enc=8815;14308 xy=13;-531 want=-176 str=0.37 l=-0.75 r=2.00 tick=542471 goal=0 here=0 d11=0.63 B=1.42,0.53,0.38,0.24,0.26,0.26,0.36,0.77,1.62,0.51,0.30,0.29,0.27,0.22,0.39,0.69
t=126 field hdg=271.3 enc=8819;14310 xy=13;-534 want=178 str=0.29 l=2.00 r=-0.78 tick=542490 goal=0 here=0 d11=0.65 B=1.42,0.53,0.39,0.23,0.28,0.26,0.36,0.78,1.60,0.51,0.28,0.28,0.28,0.23,0.37,0.70
t=126 field hdg=272.4 enc=8818;14312 xy=13;-534 want=-176 str=0.38 l=-0.75 r=2.00 tick=542509 goal=0 here=0 d11=0.62 B=1.42,0.54,0.38,0.22,0.26,0.27,0.36,0.78,1.60,0.52,0.30,0.28,0.28,0.21,0.39,0.70
t=127 field hdg=273.0 enc=8820;14310 xy=13;-534 want=175 str=0.36 l=2.00 r=-0.75 tick=542528 goal=0 here=0 d11=0.63 B=1.42,0.53,0.38,0.24,0.25,0.27,0.34,0.78,1.60,0.52,0.30,0.28,0.28,0.20,0.37,0.70
t=127 field hdg=273.2 enc=8821;14312 xy=13;-536 want=166 str=0.34 l=2.00 r=-0.62 tick=542547 goal=0 here=0 d11=0.62 B=1.41,0.54,0.38,0.24,0.27,0.27,0.35,0.76,1.61,0.52,0.29,0.27,0.27,0.21,0.38,0.71
t=127 field hdg=272.9 enc=8821;14314 xy=13;-537 want=176 str=0.37 l=2.00 r=-0.75 tick=542571 goal=0 here=0 d11=0.64 B=1.42,0.53,0.37,0.23,0.26,0.27,0.36,0.79,1.62,0.52,0.29,0.27,0.28,0.22,0.38,0.70
t=127 field hdg=271.7 enc=8820;14316 xy=13;-537 want=170 str=0.38 l=2.00 r=-0.68 tick=542590 goal=0 here=0 d11=0.64 B=1.42,0.51,0.37,0.24,0.26,0.27,0.37,0.77,1.61,0.52,0.30,0.28,0.27,0.21,0.38,0.69
t=127 field hdg=269.7 enc=8821;14318 xy=13;-539 want=174 str=0.33 l=2.00 r=-0.74 tick=542609 goal=0 here=0 d11=0.63 B=1.41,0.52,0.37,0.24,0.26,0.26,0.36,0.77,1.60,0.51,0.30,0.27,0.27,0.22,0.38,0.71
t=128 field hdg=274.5 enc=8820;14320 xy=13;-539 want=170 str=0.38 l=2.00 r=-0.69 tick=542627 goal=0 here=0 d11=0.62 B=1.40,0.51,0.37,0.23,0.25,0.27,0.38,0.79,1.61,0.51,0.29,0.27,0.27,0.21,0.39,0.72
t=128 field hdg=276.1 enc=8821;14321 xy=13;-540 want=-179 str=0.40 l=-0.81 r=2.00 tick=542646 goal=0 here=0 d11=0.61 B=1.40,0.50,0.38,0.23,0.25,0.26,0.38,0.80,1.62,0.51,0.31,0.27,0.27,0.21,0.38,0.72
t=128 field hdg=273.5 enc=8821;14322 xy=13;-541 want=172 str=0.39 l=2.00 r=-0.72 tick=542666 goal=0 here=0 d11=0.61 B=1.40,0.51,0.37,0.24,0.26,0.27,0.37,0.80,1.60,0.52,0.30,0.28,0.26,0.22,0.37,0.71
t=128 field hdg=276.4 enc=8823;14326 xy=14;-544 want=159 str=0.43 l=2.00 r=-0.54 tick=542693 goal=0 here=0 d11=0.61 B=1.40,0.50,0.37,0.25,0.26,0.28,0.38,0.79,1.62,0.51,0.30,0.28,0.26,0.20,0.38,0.73
t=128 field hdg=274.5 enc=8823;14328 xy=14;-545 want=164 str=0.41 l=2.00 r=-0.61 tick=542712 goal=0 here=0 d11=0.61 B=1.40,0.50,0.37,0.25,0.26,0.27,0.39,0.80,1.63,0.53,0.30,0.27,0.27,0.21,0.38,0.72
t=129 field hdg=275.2 enc=8822;14328 xy=14;-544 want=174 str=0.36 l=2.00 r=-0.75 tick=542732 goal=0 here=0 d11=0.61 B=1.39,0.48,0.37,0.24,0.25,0.26,0.39,0.80,1.60,0.50,0.30,0.27,0.26,0.22,0.37,0.73
t=129 field hdg=274.9 enc=8823;14332 xy=14;-547 want=164 str=0.40 l=2.00 r=-0.63 tick=542750 goal=0 here=0 d11=0.61 B=1.37,0.48,0.36,0.24,0.26,0.26,0.42,0.80,1.61,0.52,0.30,0.27,0.27,0.21,0.37,0.74
t=129 field hdg=275.0 enc=8822;14334 xy=14;-547 want=159 str=0.42 l=2.00 r=-0.55 tick=542769 goal=0 here=0 d11=0.60 B=1.39,0.48,0.37,0.23,0.26,0.27,0.41,0.82,1.59,0.51,0.30,0.27,0.26,0.20,0.38,0.74
t=129 field hdg=273.0 enc=8823;14334 xy=14;-548 want=158 str=0.37 l=2.00 r=-0.55 tick=542788 goal=0 here=0 d11=0.60 B=1.36,0.48,0.35,0.24,0.26,0.27,0.41,0.81,1.59,0.51,0.28,0.27,0.26,0.21,0.38,0.75
t=129 field hdg=277.4 enc=8821;14337 xy=14;-548 want=175 str=0.45 l=2.00 r=-0.77 tick=542807 goal=0 here=0 d11=0.61 B=1.37,0.47,0.35,0.23,0.26,0.27,0.42,0.84,1.60,0.51,0.30,0.28,0.26,0.21,0.37,0.73
t=130 field hdg=279.2 enc=8823;14337 xy=14;-549 want=166 str=0.43 l=2.00 r=-0.66 tick=542826 goal=0 here=0 d11=0.61 B=1.36,0.46,0.35,0.24,0.25,0.27,0.45,0.84,1.59,0.51,0.31,0.27,0.25,0.22,0.38,0.73
t=130 field hdg=274.8 enc=8822;14341 xy=14;-551 want=163 str=0.61 l=2.00 r=-0.62 tick=542845 goal=0 here=0 d11=0.60 B=1.36,0.46,0.35,0.24,0.26,0.27,0.45,1.04,1.61,0.49,0.31,0.26,0.26,0.22,0.38,0.77
t=130 field hdg=281.0 enc=8822;14341 xy=14;-551 want=163 str=0.65 l=2.00 r=-0.62 tick=542866 goal=0 here=0 d11=0.62 B=1.37,0.47,0.34,0.23,0.27,0.28,0.44,1.06,1.59,0.50,0.30,0.28,0.26,0.22,0.37,0.76
t=130 field hdg=278.3 enc=8822;14344 xy=15;-552 want=155 str=0.56 l=2.00 r=-0.52 tick=542885 goal=0 here=0 d11=0.61 B=1.36,0.43,0.33,0.27,0.26,0.26,0.48,1.07,1.56,0.50,0.29,0.28,0.26,0.22,0.37,0.77
t=130 field hdg=277.9 enc=8823;14345 xy=15;-553 want=158 str=1.12 l=2.00 r=-0.56 tick=542904 goal=0 here=0 d11=0.62 B=1.36,0.46,0.34,0.24,0.25,0.27,0.47,1.65,1.52,0.51,0.31,0.27,0.24,0.22,0.37,0.78
t=131 field hdg=278.0 enc=8821;14347 xy=15;-553 want=157 str=1.11 l=2.00 r=-0.54 tick=542923 goal=0 here=0 d11=0.59 B=1.36,0.43,0.35,0.23,0.27,0.27,0.49,1.64,1.48,0.50,0.29,0.28,0.25,0.22,0.37,0.77
t=131 field hdg=280.8 enc=8822;14349 xy=15;-555 want=158 str=0.94 l=2.00 r=-0.55 tick=542942 goal=0 here=0 d11=0.60 B=1.36,0.45,0.35,0.24,0.26,0.27,0.48,1.65,1.34,0.51,0.31,0.28,0.25,0.23,0.38,0.78
t=131 field hdg=280.9 enc=8823;14352 xy=15;-557 want=157 str=0.74 l=2.00 r=-0.53 tick=542960 goal=0 here=0 d11=0.60 B=1.37,0.45,0.34,0.24,0.25,0.26,0.51,1.66,1.19,0.50,0.29,0.28,0.26,0.24,0.39,0.79
t=131 field hdg=282.3 enc=8823;14353 xy=15;-557 want=151 str=0.81 l=2.00 r=-0.46 tick=542979 goal=0 here=0 d11=0.59 B=1.37,0.45,0.25,0.25,0.26,0.28,0.50,1.66,1.15,0.49,0.29,0.26,0.25,0.23,0.38,0.81
t=131 field hdg=277.4 enc=8823;14354 xy=15;-557 want=152 str=0.77 l=2.00 r=-0.46 tick=542998 goal=0 here=0 d11=0.60 B=1.37,0.43,0.24,0.26,0.26,0.28,0.52,1.66,1.13,0.48,0.30,0.27,0.23,0.22,0.38,0.90
t=132 field hdg=282.1 enc=8822;14356 xy=16;-558 want=154 str=0.57 l=2.00 r=-0.50 tick=543018 goal=0 here=0 d11=0.60 B=1.37,0.43,0.25,0.24,0.27,0.28,0.53,1.68,1.05,0.49,0.30,0.27,0.25,0.25,0.38,0.95
t=132 field hdg=280.0 enc=8822;14360 xy=16;-560 want=159 str=0.38 l=2.00 r=-0.55 tick=543036 goal=0 here=0 d11=0.59 B=1.39,0.40,0.24,0.25,0.26,0.28,0.51,1.67,1.02,0.47,0.30,0.28,0.26,0.24,0.38,1.12
t=132 field hdg=281.4 enc=8821;14361 xy=16;-560 want=157 str=0.40 l=2.00 r=-0.54 tick=543056 goal=0 here=0 d11=0.60 B=1.36,0.40,0.25,0.24,0.26,0.29,0.52,1.67,1.00,0.47,0.31,0.28,0.26,0.23,0.38,1.12
t=132 field hdg=281.0 enc=8821;14363 xy=16;-561 want=155 str=0.61 l=2.00 r=-0.65 tick=543075 goal=0 here=0 d11=0.61 B=1.16,0.38,0.23,0.26,0.27,0.28,0.52,1.68,1.00,0.47,0.30,0.27,0.23,0.24,0.40,1.12
t=132 field hdg=280.4 enc=8821;14365 xy=16;-562 want=163 str=0.57 l=2.00 r=-0.78 tick=543093 goal=0 here=0 d11=0.60 B=1.13,0.38,0.25,0.25,0.26,0.28,0.52,1.69,0.99,0.48,0.30,0.27,0.24,0.25,0.40,1.14
t=132 field hdg=283.2 enc=8823;14366 xy=17;-563 want=165 str=0.58 l=2.00 r=-0.82 tick=543113 goal=0 here=0 d11=0.60 B=1.12,0.38,0.24,0.25,0.25,0.28,0.52,1.69,0.99,0.48,0.30,0.28,0.23,0.26,0.39,1.13
t=133 field hdg=280.0 enc=8822;14368 xy=17;-564 want=-179 str=0.37 l=-1.01 r=2.00 tick=543132 goal=0 here=0 d11=0.60 B=1.10,0.38,0.23,0.25,0.26,0.27,0.54,1.68,0.80,0.44,0.30,0.28,0.24,0.27,0.39,1.15
t=133 field hdg=283.1 enc=8825;14369 xy=17;-566 want=175 str=0.36 l=2.00 r=-0.96 tick=543151 goal=0 here=0 d11=0.61 B=1.11,0.39,0.23,0.24,0.25,0.28,0.53,1.67,0.80,0.44,0.30,0.29,0.23,0.28,0.38,1.15
t=133 field hdg=280.8 enc=8825;14368 xy=17;-565 want=177 str=0.36 l=2.00 r=-0.98 tick=543170 goal=0 here=0 d11=0.61 B=1.11,0.40,0.23,0.25,0.25,0.27,0.54,1.67,0.80,0.46,0.30,0.28,0.24,0.27,0.39,1.13
t=133 field hdg=281.0 enc=8825;14370 xy=17;-566 want=163 str=0.32 l=2.00 r=-0.81 tick=543189 goal=0 here=0 d11=0.60 B=1.10,0.38,0.23,0.26,0.27,0.28,0.53,1.67,0.78,0.43,0.29,0.28,0.24,0.28,0.39,1.16
t=134 field hdg=283.0 enc=8824;14375 xy=18;-568 want=177 str=0.29 l=2.00 r=-1.00 tick=543217 goal=0 here=0 d11=0.60 B=1.09,0.38,0.23,0.25,0.25,0.28,0.54,1.67,0.76,0.40,0.30,0.28,0.22,0.31,0.40,1.16
t=134 field hdg=280.8 enc=8824;14376 xy=18;-569 want=143 str=0.75 l=2.00 r=-0.54 tick=543236 goal=0 here=0 d11=0.60 B=1.10,0.39,0.23,0.25,0.26,0.28,0.56,1.66,0.75,0.40,0.29,0.26,0.23,0.34,0.39,1.18
t=134 field hdg=282.5 enc=8824;14377 xy=18;-569 want=-136 str=0.18 l=-0.45 r=2.00 tick=543255 goal=0 here=0 d11=0.60 B=1.10,0.38,0.23,0.25,0.26,0.29,0.55,1.67,0.75,0.38,0.30,0.29,0.24,0.33,0.40,1.35
t=134 field hdg=279.0 enc=8826;14379 xy=18;-571 want=144 str=0.60 l=2.00 r=-0.56 tick=543274 goal=0 here=0 d11=0.61 B=1.09,0.37,0.23,0.24,0.27,0.29,0.55,1.66,0.75,0.39,0.29,0.29,0.23,0.33,0.39,1.37
t=134 field hdg=287.6 enc=8826;14378 xy=18;-571 want=141 str=0.58 l=2.00 r=-0.53 tick=543293 goal=0 here=0 d11=0.63 B=1.08,0.37,0.24,0.26,0.25,0.29,0.55,1.66,0.74,0.38,0.32,0.27,0.23,0.34,0.40,1.36
t=134 field hdg=281.2 enc=8825;14381 xy=18;-572 want=150 str=0.08 l=2.00 r=-0.65 tick=543311 goal=0 here=0 d11=0.59 B=1.08,0.38,0.23,0.26,0.27,0.29,0.55,1.65,0.75,0.36,0.29,0.28,0.22,0.34,0.40,1.36
t=135 field hdg=282.5 enc=8826;14383 xy=19;-573 want=140 str=0.63 l=2.00 r=-0.51 tick=543330 goal=0 here=0 d11=0.62 B=1.09,0.37,0.22,0.25,0.27,0.29,0.56,1.65,0.75,0.36,0.29,0.28,0.22,0.34,0.42,1.36
t=135 field hdg=282.7 enc=8826;14384 xy=19;-574 want=144 str=0.60 l=2.00 r=-0.57 tick=543349 goal=0 here=0 d11=0.63 B=1.07,0.36,0.23,0.26,0.26,0.28,0.56,1.65,0.73,0.36,0.30,0.28,0.23,0.33,0.41,1.34
t=135 field hdg=283.4 enc=8827;14388 xy=19;-576 want=152 str=0.58 l=2.00 r=-0.67 tick=543368 goal=0 here=0 d11=0.61 B=1.07,0.38,0.22,0.26,0.25,0.29,0.57,1.64,0.73,0.35,0.30,0.29,0.23,0.34,0.41,1.36
t=135 field hdg=284.9 enc=8827;14389 xy=19;-577 want=147 str=0.65 l=2.00 r=-0.62 tick=543387 goal=0 here=0 d11=0.63 B=1.05,0.37,0.21,0.24,0.26,0.29,0.56,1.64,0.73,0.34,0.28,0.28,0.21,0.34,0.45,1.34
t=135 field hdg=287.1 enc=8827;14391 xy=20;-578 want=147 str=0.71 l=2.00 r=-0.68 tick=543405 goal=0 here=0 d11=0.65 B=0.97,0.37,0.22,0.25,0.26,0.29,0.56,1.65,0.72,0.34,0.29,0.28,0.22,0.33,0.45,1.35
t=136 field hdg=287.0 enc=8826;14394 xy=20;-579 want=149 str=0.73 l=2.00 r=-0.72 tick=543428 goal=0 here=0 d11=0.62 B=0.95,0.36,0.21,0.26,0.25,0.29,0.57,1.65,0.71,0.34,0.29,0.29,0.21,0.34,0.45,1.33
t=136 field hdg=285.5 enc=8827;14394 xy=20;-579 want=152 str=0.77 l=2.00 r=-0.80 tick=543447 goal=0 here=0 d11=0.63 B=0.91,0.36,0.21,0.25,0.26,0.29,0.58,1.65,0.68,0.34,0.29,0.28,0.22,0.34,0.44,1.33
t=136 field hdg=289.3 enc=8825;14397 xy=20;-579 want=150 str=0.81 l=2.00 r=-0.80 tick=543465 goal=0 here=0 d11=0.64 B=0.87,0.36,0.21,0.27,0.26,0.29,0.57,1.65,0.67,0.34,0.30,0.29,0.22,0.34,0.45,1.32
t=136 field hdg=286.8 enc=8827;14397 xy=21;-580 want=151 str=0.81 l=2.00 r=-0.82 tick=543484 goal=0 here=0 d11=0.64 B=0.86,0.37,0.22,0.26,0.26,0.28,0.57,1.68,0.67,0.34,0.29,0.29,0.21,0.34,0.46,1.31
t=136 field hdg=288.3 enc=8826;14401 xy=21;-582 want=157 str=0.79 l=2.00 r=-0.89 tick=543505 goal=0 here=0 d11=0.64 B=0.85,0.35,0.20,0.26,0.24,0.29,0.59,1.66,0.65,0.34,0.29,0.28,0.22,0.36,0.47,1.32
t=137 field hdg=287.0 enc=8827;14401 xy=21;-582 want=152 str=0.81 l=2.00 r=-0.85 tick=543525 goal=0 here=0 d11=0.62 B=0.83,0.36,0.20,0.27,0.26,0.28,0.58,1.66,0.61,0.37,0.30,0.28,0.21,0.35,0.46,1.32
t=137 field hdg=285.8 enc=8826;14406 xy=22;-584 want=150 str=0.86 l=2.00 r=-0.83 tick=543550 goal=0 here=0 d11=0.62 B=0.82,0.35,0.21,0.27,0.24,0.29,0.59,1.68,0.61,0.34,0.29,0.29,0.20,0.35,0.48,1.31
t=137 field hdg=288.5 enc=8826;14407 xy=22;-585 want=147 str=0.90 l=2.00 r=-0.79 tick=543569 goal=0 here=0 d11=0.63 B=0.81,0.37,0.20,0.26,0.26,0.31,0.60,1.67,0.60,0.34,0.29,0.29,0.20,0.37,0.49,1.31
t=137 field hdg=290.3 enc=8826;14409 xy=22;-586 want=155 str=0.83 l=2.00 r=-0.90 tick=543591 goal=0 here=0 d11=0.64 B=0.81,0.35,0.20,0.25,0.26,0.29,0.59,1.66,0.59,0.35,0.29,0.29,0.22,0.36,0.49,1.31
t=137 field hdg=291.7 enc=8827;14411 xy=23;-587 want=150 str=0.85 l=2.00 r=-0.84 tick=543609 goal=0 here=0 d11=0.63 B=0.79,0.36,0.21,0.25,0.26,0.29,0.62,1.66,0.59,0.33,0.28,0.28,0.21,0.36,0.53,1.30
t=138 field hdg=291.2 enc=8826;14414 xy=23;-588 want=146 str=0.86 l=2.00 r=-0.80 tick=543629 goal=0 here=0 d11=0.63 B=0.78,0.36,0.20,0.27,0.25,0.29,0.61,1.64,0.57,0.33,0.28,0.27,0.21,0.36,0.52,1.30
t=138 field hdg=291.9 enc=8825;14414 xy=23;-588 want=155 str=0.85 l=2.00 r=-0.92 tick=543657 goal=0 here=0 d11=0.63 B=0.78,0.35,0.19,0.26,0.26,0.29,0.60,1.65,0.59,0.34,0.29,0.29,0.21,0.36,0.54,1.32
t=0 field hdg=291.3 enc=8825;14420 xy=0;-0 want=171 str=0.26 l=2.00 r=-1.15 tick=566323 goal=0 here=0 d11=0.64 B=0.76,0.36,0.20,0.26,0.25,0.30,0.62,1.61,0.57,0.32,0.29,0.26,0.21,0.36,0.62,1.33
t=0 field hdg=289.9 enc=8825;14421 xy=0;-1 want=158 str=0.24 l=2.00 r=-0.98 tick=566342 goal=0 here=0 d11=0.64 B=0.76,0.35,0.21,0.26,0.26,0.30,0.61,1.62,0.57,0.32,0.28,0.27,0.21,0.37,0.63,1.34
t=0 field hdg=290.9 enc=8824;14423 xy=1;-1 want=166 str=0.27 l=2.00 r=-1.09 tick=566362 goal=0 here=0 d11=0.63 B=0.75,0.36,0.20,0.26,0.26,0.30,0.64,1.60,0.57,0.33,0.29,0.27,0.19,0.36,0.64,1.35
t=0 field hdg=293.3 enc=8824;14425 xy=1;-2 want=164 str=0.24 l=2.00 r=-1.07 tick=566384 goal=0 here=0 d11=0.64 B=0.73,0.36,0.20,0.27,0.26,0.31,0.63,1.61,0.56,0.32,0.28,0.27,0.21,0.35,0.65,1.35
t=0 field hdg=290.6 enc=8824;14426 xy=1;-3 want=171 str=0.19 l=2.00 r=-1.17 tick=566403 goal=0 here=0 d11=0.64 B=0.73,0.35,0.21,0.27,0.24,0.32,0.66,1.60,0.56,0.32,0.28,0.26,0.22,0.36,0.66,1.36
t=1 field hdg=290.7 enc=8823;14427 xy=1;-3 want=10 str=0.33 l=1.23 r=0.95 tick=566422 goal=0 here=0 d11=0.63 B=0.70,0.35,0.21,0.26,0.26,0.31,0.67,1.60,0.55,0.32,0.29,0.27,0.21,0.37,0.67,1.38
t=1 field hdg=293.6 enc=8822;14430 xy=2;-4 want=171 str=0.27 l=2.00 r=-1.20 tick=566440 goal=0 here=0 d11=0.63 B=0.70,0.34,0.19,0.27,0.26,0.31,0.67,1.61,0.57,0.32,0.29,0.26,0.21,0.36,0.68,1.38
t=1 field hdg=292.9 enc=8820;14432 xy=2;-4 want=153 str=0.33 l=2.00 r=-0.96 tick=566460 goal=0 here=0 d11=0.63 B=0.68,0.35,0.20,0.27,0.25,0.30,0.76,1.62,0.56,0.34,0.28,0.26,0.21,0.36,0.67,1.39
t=1 field hdg=299.8 enc=8821;14434 xy=2;-5 want=38 str=0.31 l=1.56 r=0.56 tick=566480 goal=0 here=0 d11=0.64 B=0.65,0.36,0.21,0.28,0.25,0.32,0.77,1.62,0.55,0.32,0.29,0.26,0.20,0.36,0.68,1.39
t=1 field hdg=290.1 enc=8821;14435 xy=2;-5 want=169 str=0.48 l=2.00 r=-1.24 tick=566503 goal=0 here=0 d11=0.64 B=0.58,0.36,0.20,0.27,0.26,0.32,0.78,1.62,0.55,0.32,0.30,0.25,0.22,0.35,0.67,1.40
t=2 field hdg=295.8 enc=8819;14435 xy=2;-5 want=167 str=0.98 l=2.00 r=-1.25 tick=566522 goal=0 here=0 d11=0.65 B=0.54,0.34,0.22,0.27,0.27,0.33,0.77,1.63,0.55,0.34,0.29,0.24,0.22,0.36,0.69,1.39
t=2 field hdg=293.9 enc=8820;14438 xy=3;-6 want=173 str=1.03 l=2.00 r=-1.35 tick=566540 goal=0 here=0 d11=0.65 B=0.51,0.35,0.20,0.26,0.26,0.32,0.80,1.63,0.55,0.32,0.28,0.27,0.22,0.36,0.69,1.39
t=2 field hdg=294.6 enc=8819;14441 xy=3;-7 want=160 str=0.47 l=2.00 r=-1.19 tick=566559 goal=0 here=0 d11=0.64 B=0.49,0.35,0.21,0.26,0.26,0.33,0.80,1.64,0.54,0.32,0.27,0.25,0.22,0.36,0.70,1.38
t=2 field hdg=298.4 enc=8816;14441 xy=2;-6 want=161 str=0.48 l=2.00 r=-1.21 tick=566580 goal=0 here=0 d11=0.65 B=0.50,0.34,0.21,0.27,0.26,0.32,0.80,1.65,0.54,0.32,0.28,0.25,0.23,0.36,0.70,1.37
t=2 field hdg=297.0 enc=8817;14444 xy=3;-8 want=163 str=0.50 l=2.00 r=-1.22 tick=566599 goal=0 here=0 d11=0.67 B=0.50,0.36,0.21,0.26,0.26,0.35,0.81,1.65,0.54,0.32,0.28,0.26,0.22,0.37,0.71,1.37
t=3 field hdg=298.0 enc=8816;14445 xy=3;-8 want=152 str=0.52 l=2.00 r=-1.09 tick=566617 goal=0 here=0 d11=0.65 B=0.48,0.35,0.21,0.27,0.28,0.34,0.81,1.64,0.53,0.32,0.28,0.25,0.22,0.37,0.71,1.37
t=3 field hdg=297.8 enc=8813;14446 xy=3;-7 want=161 str=0.52 l=2.00 r=-1.22 tick=566636 goal=0 here=0 d11=0.67 B=0.47,0.34,0.21,0.27,0.27,0.34,0.83,1.64,0.53,0.31,0.29,0.24,0.24,0.36,0.71,1.35
t=3 field hdg=299.4 enc=8813;14448 xy=3;-8 want=160 str=0.49 l=2.00 r=-1.22 tick=566655 goal=0 here=0 d11=0.67 B=0.46,0.36,0.21,0.27,0.26,0.37,0.83,1.63,0.53,0.31,0.29,0.24,0.23,0.37,0.74,1.36
t=3 field hdg=297.7 enc=8812;14452 xy=4;-9 want=153 str=0.49 l=2.00 r=-1.11 tick=566675 goal=0 here=0 d11=0.66 B=0.46,0.35,0.22,0.26,0.27,0.37,0.83,1.62,0.53,0.30,0.27,0.23,0.24,0.37,0.72,1.33
t=3 field hdg=300.8 enc=8811;14454 xy=4;-10 want=150 str=0.51 l=2.00 r=-1.08 tick=566694 goal=0 here=0 d11=0.64 B=0.46,0.35,0.22,0.26,0.27,0.38,0.85,1.64,0.53,0.32,0.28,0.24,0.23,0.36,0.76,1.34
t=4 field hdg=298.6 enc=8809;14456 xy=4;-10 want=159 str=0.49 l=2.00 r=-1.21 tick=566713 goal=0 here=0 d11=0.67 B=0.46,0.34,0.22,0.26,0.28,0.39,0.87,1.62,0.53,0.32,0.29,0.24,0.25,0.37,0.76,1.34
t=4 field hdg=300.6 enc=8809;14458 xy=5;-10 want=156 str=0.59 l=2.00 r=-1.18 tick=566733 goal=0 here=0 d11=0.68 B=0.43,0.34,0.22,0.26,0.27,0.39,1.07,1.57,0.53,0.32,0.29,0.23,0.26,0.38,0.78,1.34
t=4 field hdg=304.9 enc=8808;14459 xy=5;-10 want=156 str=0.79 l=2.00 r=-1.18 tick=566752 goal=0 here=0 d11=0.67 B=0.43,0.34,0.20,0.27,0.27,0.42,1.37,1.52,0.51,0.31,0.29,0.24,0.29,0.38,0.80,1.33
t=4 field hdg=300.3 enc=8806;14461 xy=5;-10 want=148 str=0.66 l=2.00 r=-1.09 tick=566771 goal=0 here=0 d11=0.66 B=0.42,0.32,0.21,0.26,0.27,0.44,1.67,1.22,0.51,0.31,0.29,0.23,0.29,0.37,0.90,1.34
t=4 field hdg=302.0 enc=8807;14463 xy=6;-12 want=153 str=0.45 l=2.00 r=-1.14 tick=566790 goal=0 here=0 d11=0.68 B=0.42,0.33,0.21,0.26,0.28,0.47,1.68,1.17,0.51,0.32,0.30,0.23,0.31,0.38,1.08,1.35
t=4 field hdg=303.6 enc=8805;14464 xy=5;-11 want=158 str=0.33 l=2.00 r=-1.22 tick=566809 goal=0 here=0 d11=0.68 B=0.41,0.32,0.22,0.25,0.27,0.48,1.68,1.12,0.50,0.32,0.29,0.23,0.33,0.38,1.11,1.36
t=5 field hdg=301.8 enc=8804;14465 xy=5;-11 want=132 str=0.33 l=2.00 r=-0.88 tick=566830 goal=0 here=0 d11=0.67 B=0.41,0.32,0.23,0.26,0.28,0.49,1.69,1.05,0.49,0.31,0.29,0.22,0.31,0.37,1.11,1.33
t=5 field hdg=302.1 enc=8803;14468 xy=6;-12 want=147 str=0.48 l=2.00 r=-1.10 tick=566849 goal=0 here=0 d11=0.67 B=0.38,0.32,0.22,0.26,0.28,0.51,1.70,1.04,0.48,0.32,0.28,0.23,0.34,0.39,1.13,1.12
t=5 field hdg=303.6 enc=8802;14471 xy=6;-13 want=155 str=0.48 l=2.00 r=-1.20 tick=566868 goal=0 here=0 d11=0.67 B=0.38,0.31,0.21,0.25,0.27,0.51,1.70,1.01,0.45,0.30,0.28,0.22,0.34,0.39,1.12,1.10
t=5 field hdg=304.1 enc=8803;14472 xy=7;-14 want=137 str=0.39 l=2.00 r=-0.96 tick=566886 goal=0 here=0 d11=0.67 B=0.38,0.30,0.23,0.26,0.28,0.52,1.70,0.90,0.43,0.31,0.29,0.21,0.34,0.40,1.15,1.10
t=5 field hdg=303.7 enc=8802;14475 xy=8;-15 want=168 str=0.36 l=2.00 r=-1.38 tick=566908 goal=0 here=0 d11=0.67 B=0.37,0.26,0.22,0.25,0.28,0.54,1.69,0.80,0.41,0.32,0.30,0.22,0.34,0.39,1.16,1.08
t=6 field hdg=306.2 enc=8802;14476 xy=8;-15 want=-165 str=0.23 l=-1.34 r=2.00 tick=566927 goal=0 here=0 d11=0.69 B=0.38,0.24,0.21,0.25,0.27,0.53,1.70,0.78,0.40,0.29,0.28,0.22,0.35,0.41,1.34,1.07
t=6 field hdg=302.7 enc=8801;14475 xy=7;-14 want=-159 str=0.31 l=-1.27 r=2.00 tick=566946 goal=0 here=0 d11=0.68 B=0.36,0.22,0.23,0.26,0.27,0.53,1.68,0.79,0.39,0.30,0.30,0.21,0.34,0.42,1.35,1.07
t=6 field hdg=303.7 enc=8804;14476 xy=8;-16 want=166 str=0.30 l=2.00 r=-1.35 tick=566965 goal=0 here=0 d11=0.68 B=0.36,0.27,0.22,0.25,0.27,0.53,1.67,0.79,0.40,0.31,0.29,0.22,0.34,0.40,1.17,1.08
t=6 field hdg=306.2 enc=8803;14477 xy=8;-16 want=157 str=0.36 l=2.00 r=-1.23 tick=566984 goal=0 here=0 d11=0.68 B=0.38,0.26,0.22,0.26,0.28,0.53,1.69,0.81,0.42,0.32,0.29,0.22,0.35,0.40,1.16,1.07
t=6 field hdg=305.4 enc=8803;14477 xy=8;-16 want=173 str=0.17 l=2.00 r=-1.45 tick=567003 goal=0 here=0 d11=0.70 B=0.37,0.23,0.25,0.26,0.27,0.52,1.68,0.79,0.40,0.29,0.28,0.21,0.35,0.40,1.35,1.07
t=7 field hdg=307.1 enc=8801;14480 xy=9;-16 want=-167 str=0.26 l=-1.37 r=2.00 tick=567023 goal=0 here=0 d11=0.68 B=0.36,0.23,0.24,0.25,0.28,0.54,1.67,0.78,0.39,0.31,0.30,0.22,0.35,0.43,1.35,1.07
t=7 field hdg=308.0 enc=8803;14480 xy=9;-17 want=179 str=0.21 l=2.00 r=-1.53 tick=567044 goal=0 here=0 d11=0.68 B=0.37,0.23,0.25,0.26,0.27,0.54,1.68,0.78,0.38,0.30,0.27,0.23,0.34,0.43,1.33,1.06
t=7 field hdg=300.0 enc=8804;14482 xy=10;-18 want=-153 str=0.36 l=-1.20 r=2.00 tick=567064 goal=0 here=0 d11=0.70 B=0.35,0.22,0.23,0.24,0.27,0.54,1.68,0.77,0.38,0.31,0.30,0.23,0.35,0.41,1.34,1.06
t=7 field hdg=306.6 enc=8805;14481 xy=10;-18 want=-180 str=0.26 l=-1.55 r=2.00 tick=567083 goal=0 here=0 d11=0.70 B=0.35,0.22,0.24,0.27,0.29,0.54,1.69,0.77,0.38,0.30,0.31,0.22,0.35,0.42,1.35,1.06
t=7 field hdg=304.1 enc=8806;14478 xy=10;-17 want=-176 str=0.25 l=-1.50 r=2.00 tick=567102 goal=0 here=0 d11=0.70 B=0.36,0.24,0.22,0.26,0.28,0.54,1.69,0.79,0.41,0.31,0.29,0.21,0.34,0.42,1.36,1.08
t=8 field hdg=305.6 enc=8809;14479 xy=11;-19 want=167 str=0.30 l=2.00 r=-1.37 tick=567121 goal=0 here=0 d11=0.70 B=0.36,0.28,0.22,0.25,0.27,0.53,1.69,0.80,0.42,0.31,0.29,0.22,0.34,0.41,1.17,1.08
t=8 field hdg=304.9 enc=8809;14480 xy=11;-19 want=161 str=0.33 l=2.00 r=-1.30 tick=567140 goal=0 here=0 d11=0.69 B=0.36,0.27,0.23,0.26,0.28,0.52,1.69,0.80,0.42,0.32,0.29,0.23,0.33,0.39,1.16,1.08
t=8 field hdg=305.2 enc=8807;14481 xy=11;-19 want=177 str=0.17 l=2.00 r=-1.49 tick=567159 goal=0 here=0 d11=0.71 B=0.37,0.26,0.23,0.26,0.28,0.53,1.69,0.80,0.41,0.32,0.29,0.23,0.34,0.41,1.34,1.08
t=8 field hdg=303.8 enc=8806;14483 xy=11;-20 want=-173 str=0.28 l=-1.45 r=2.00 tick=567178 goal=0 here=0 d11=0.70 B=0.37,0.23,0.22,0.26,0.28,0.54,1.69,0.78,0.39,0.31,0.29,0.21,0.36,0.42,1.34,1.07
t=8 field hdg=306.5 enc=8807;14482 xy=11;-20 want=-169 str=0.25 l=-1.40 r=2.00 tick=567200 goal=0 here=0 d11=0.69 B=0.36,0.23,0.23,0.27,0.27,0.53,1.69,0.77,0.39,0.30,0.30,0.22,0.36,0.43,1.34,1.08
t=9 field hdg=305.2 enc=8809;14481 xy=11;-20 want=-158 str=0.22 l=-1.25 r=2.00 tick=567218 goal=0 here=0 d11=0.69 B=0.36,0.26,0.22,0.24,0.27,0.52,1.69,0.78,0.40,0.30,0.29,0.21,0.35,0.41,1.34,1.08
t=9 field hdg=308.0 enc=8811;14480 xy=12;-20 want=158 str=0.29 l=2.00 r=-1.25 tick=567238 goal=0 here=0 d11=0.70 B=0.37,0.31,0.22,0.24,0.28,0.52,1.71,0.81,0.42,0.29,0.29,0.22,0.34,0.40,1.16,1.08
t=9 field hdg=301.6 enc=8812;14484 xy=13;-22 want=140 str=0.40 l=2.00 r=-1.00 tick=567259 goal=0 here=0 d11=0.71 B=0.37,0.31,0.22,0.26,0.28,0.51,1.69,0.91,0.43,0.31,0.29,0.21,0.34,0.41,1.15,1.08
t=9 field hdg=304.0 enc=8809;14486 xy=13;-22 want=-154 str=0.23 l=-1.19 r=2.00 tick=567278 goal=0 here=0 d11=0.70 B=0.37,0.26,0.23,0.24,0.27,0.53,1.69,0.79,0.41,0.32,0.30,0.23,0.34,0.42,1.35,1.08
t=9 field hdg=305.4 enc=8813;14484 xy=13;-23 want=-161 str=0.25 l=-1.30 r=2.00 tick=567298 goal=0 here=0 d11=0.69 B=0.35,0.26,0.21,0.25,0.28,0.53,1.69,0.79,0.41,0.32,0.29,0.22,0.35,0.42,1.34,1.08
t=10 field hdg=302.0 enc=8814;14482 xy=13;-22 want=167 str=0.35 l=2.00 r=-1.38 tick=567317 goal=0 here=0 d11=0.69 B=0.36,0.28,0.22,0.25,0.27,0.53,1.71,0.81,0.42,0.31,0.31,0.23,0.34,0.41,1.16,1.08
t=10 field hdg=303.0 enc=8812;14484 xy=13;-22 want=149 str=0.40 l=2.00 r=-1.13 tick=567335 goal=0 here=0 d11=0.69 B=0.37,0.30,0.23,0.26,0.27,0.50,1.69,0.92,0.43,0.32,0.30,0.22,0.35,0.41,1.16,1.07
t=10 field hdg=307.4 enc=8813;14487 xy=14;-24 want=-175 str=0.17 l=-1.48 r=2.00 tick=567355 goal=0 here=0 d11=0.68 B=0.36,0.26,0.22,0.26,0.27,0.52,1.68,0.80,0.42,0.31,0.29,0.21,0.35,0.41,1.35,1.08
t=10 STUCK mv=11 want=-169
t=13 field hdg=287.9 enc=8850;14440 xy=14;-25 want=-169 str=0.29 l=-1.12 r=2.00 tick=567679 goal=0 here=0 d11=0.64 B=0.75,0.33,0.21,0.25,0.24,0.29,0.61,1.64,0.57,0.33,0.29,0.27,0.21,0.36,0.64,1.32
t=13 field hdg=288.8 enc=8852;14439 xy=14;-25 want=-175 str=0.31 l=-1.19 r=2.00 tick=567698 goal=0 here=0 d11=0.66 B=0.77,0.34,0.20,0.25,0.24,0.30,0.61,1.65,0.60,0.35,0.28,0.28,0.21,0.36,0.61,1.32
t=14 field hdg=290.8 enc=8852;14438 xy=14;-25 want=178 str=0.36 l=2.00 r=-1.23 tick=567718 goal=0 here=0 d11=0.67 B=0.77,0.34,0.20,0.26,0.26,0.29,0.60,1.67,0.60,0.35,0.29,0.28,0.21,0.35,0.61,1.31
t=14 field hdg=290.4 enc=8853;14438 xy=14;-25 want=-179 str=0.39 l=-1.25 r=2.00 tick=567737 goal=0 here=0 d11=0.66 B=0.77,0.35,0.21,0.24,0.25,0.29,0.63,1.66,0.60,0.34,0.31,0.27,0.21,0.36,0.60,1.31
t=14 field hdg=288.9 enc=8855;14440 xy=15;-27 want=-172 str=0.39 l=-1.17 r=2.00 tick=567756 goal=0 here=0 d11=0.67 B=0.75,0.34,0.20,0.24,0.26,0.30,0.59,1.65,0.60,0.34,0.29,0.28,0.22,0.36,0.60,1.31
t=14 field hdg=290.5 enc=8857;14439 xy=15;-27 want=-180 str=0.41 l=-1.26 r=2.00 tick=567774 goal=0 here=0 d11=0.66 B=0.77,0.35,0.21,0.25,0.26,0.28,0.59,1.70,0.62,0.34,0.30,0.27,0.21,0.36,0.59,1.30
t=14 field hdg=286.6 enc=8857;14437 xy=15;-26 want=156 str=0.90 l=2.00 r=-0.93 tick=567793 goal=0 here=0 d11=0.66 B=0.79,0.35,0.20,0.24,0.26,0.29,0.59,1.68,0.62,0.35,0.29,0.28,0.22,0.36,0.54,1.30
t=15 field hdg=289.2 enc=8858;14437 xy=15;-27 want=160 str=0.89 l=2.00 r=-0.98 tick=567812 goal=0 here=0 d11=0.66 B=0.80,0.33,0.21,0.24,0.25,0.29,0.59,1.68,0.62,0.34,0.31,0.29,0.22,0.36,0.53,1.30
t=15 field hdg=289.3 enc=8858;14442 xy=16;-29 want=158 str=0.92 l=2.00 r=-0.95 tick=567833 goal=0 here=0 d11=0.65 B=0.79,0.34,0.20,0.24,0.25,0.30,0.60,1.68,0.61,0.35,0.30,0.27,0.22,0.37,0.55,1.30
t=15 field hdg=286.9 enc=8858;14443 xy=16;-30 want=-180 str=0.41 l=-1.26 r=2.00 tick=567852 goal=0 here=0 d11=0.66 B=0.77,0.35,0.21,0.24,0.25,0.29,0.61,1.68,0.61,0.35,0.31,0.27,0.21,0.35,0.58,1.31
t=15 STUCK mv=11 want=-177
t=18 field hdg=273.1 enc=8896;14396 xy=16;-29 want=-174 str=0.53 l=-0.76 r=2.00 tick=568179 goal=0 here=0 d11=0.64 B=1.36,0.48,0.36,0.20,0.25,0.25,0.32,0.80,1.67,0.55,0.33,0.29,0.23,0.23,0.36,0.71
t=18 field hdg=273.7 enc=8898;14395 xy=16;-29 want=-169 str=1.06 l=-0.68 r=2.00 tick=568198 goal=0 here=0 d11=0.65 B=1.38,0.47,0.36,0.19,0.26,0.28,0.32,0.81,1.65,0.55,0.34,0.28,0.23,0.23,0.35,0.70
t=19 field hdg=271.5 enc=8899;14396 xy=16;-30 want=-161 str=1.09 l=-0.58 r=2.00 tick=568217 goal=0 here=0 d11=0.63 B=1.37,0.48,0.35,0.20,0.26,0.26,0.34,0.80,1.65,0.55,0.32,0.30,0.27,0.23,0.35,0.71
t=19 field hdg=272.0 enc=8900;14394 xy=16;-30 want=-166 str=0.54 l=-0.66 r=2.00 tick=568236 goal=0 here=0 d11=0.64 B=1.37,0.49,0.34,0.20,0.26,0.26,0.32,0.80,1.62,0.54,0.33,0.30,0.27,0.22,0.36,0.67
t=19 field hdg=273.2 enc=8903;14396 xy=16;-32 want=-168 str=0.54 l=-0.68 r=2.00 tick=568255 goal=0 here=0 d11=0.65 B=1.37,0.52,0.33,0.19,0.26,0.27,0.32,0.79,1.65,0.55,0.33,0.29,0.25,0.23,0.35,0.68
t=19 field hdg=271.9 enc=8906;14394 xy=16;-33 want=-162 str=1.03 l=-0.59 r=2.00 tick=568273 goal=0 here=0 d11=0.65 B=1.38,0.52,0.34,0.20,0.26,0.26,0.31,0.77,1.64,0.56,0.35,0.29,0.25,0.23,0.36,0.70
t=19 field hdg=272.3 enc=8906;14396 xy=16;-34 want=179 str=0.47 l=2.00 r=-0.83 tick=568292 goal=0 here=0 d11=0.64 B=1.37,0.59,0.34,0.19,0.27,0.27,0.32,0.77,1.63,0.56,0.32,0.28,0.24,0.22,0.35,0.68
t=20 field hdg=271.9 enc=8908;14397 xy=16;-35 want=-163 str=0.44 l=-0.62 r=2.00 tick=568311 goal=0 here=0 d11=0.64 B=1.38,0.61,0.33,0.20,0.25,0.26,0.31,0.75,1.64,0.55,0.32,0.30,0.25,0.23,0.36,0.68
t=20 field hdg=268.3 enc=8909;14396 xy=16;-35 want=-170 str=0.45 l=-0.69 r=2.00 tick=568331 goal=0 here=0 d11=0.64 B=1.38,0.60,0.34,0.20,0.26,0.26,0.32,0.77,1.62,0.56,0.33,0.29,0.26,0.23,0.36,0.68
t=20 field hdg=269.9 enc=8912;14396 xy=16;-37 want=-152 str=0.35 l=-0.45 r=2.00 tick=568350 goal=0 here=0 d11=0.65 B=1.39,0.66,0.35,0.19,0.27,0.25,0.32,0.70,1.64,0.56,0.33,0.29,0.25,0.25,0.36,0.67
t=20 field hdg=271.2 enc=8912;14398 xy=16;-38 want=-150 str=0.34 l=-0.44 r=2.00 tick=568369 goal=0 here=0 d11=0.66 B=1.38,0.68,0.33,0.19,0.25,0.26,0.30,0.67,1.63,0.57,0.32,0.29,0.26,0.23,0.35,0.67
t=20 field hdg=268.8 enc=8915;14398 xy=16;-39 want=-142 str=0.40 l=-0.34 r=2.00 tick=568388 goal=0 here=0 d11=0.66 B=1.37,0.67,0.33,0.18,0.25,0.25,0.30,0.66,1.62,0.57,0.35,0.29,0.27,0.22,0.36,0.67
t=20 field hdg=264.8 enc=8917;14397 xy=16;-40 want=-143 str=0.38 l=-0.37 r=2.00 tick=568407 goal=0 here=0 d11=0.66 B=1.35,0.70,0.34,0.21,0.24,0.26,0.29,0.67,1.62,0.59,0.33,0.31,0.26,0.23,0.36,0.66
t=21 field hdg=268.2 enc=8918;14398 xy=16;-41 want=-144 str=0.35 l=-0.39 r=2.00 tick=568426 goal=0 here=0 d11=0.65 B=1.34,0.71,0.34,0.20,0.23,0.27,0.30,0.64,1.62,0.58,0.34,0.31,0.25,0.24,0.35,0.66
t=21 field hdg=270.2 enc=8922;14396 xy=16;-42 want=-159 str=0.31 l=-0.57 r=2.00 tick=568445 goal=0 here=0 d11=0.66 B=1.36,0.71,0.34,0.19,0.25,0.27,0.29,0.65,1.61,0.58,0.33,0.29,0.26,0.21,0.38,0.64
t=21 field hdg=268.2 enc=8924;14397 xy=16;-43 want=-151 str=0.30 l=-0.48 r=2.00 tick=568463 goal=0 here=0 d11=0.65 B=1.34,0.72,0.35,0.20,0.26,0.26,0.30,0.64,1.61,0.59,0.34,0.29,0.27,0.22,0.35,0.65
t=21 field hdg=270.5 enc=8925;14397 xy=16;-44 want=-150 str=0.33 l=-0.47 r=2.00 tick=568484 goal=0 here=0 d11=0.66 B=1.33,0.71,0.33,0.21,0.24,0.26,0.30,0.64,1.61,0.58,0.33,0.30,0.26,0.22,0.36,0.65
t=21 field hdg=266.2 enc=8926;14397 xy=16;-44 want=-146 str=0.36 l=-0.42 r=2.00 tick=568503 goal=0 here=0 d11=0.66 B=1.32,0.75,0.34,0.20,0.25,0.26,0.29,0.63,1.64,0.59,0.34,0.30,0.28,0.23,0.36,0.63
t=22 field hdg=264.9 enc=8928;14398 xy=16;-46 want=-147 str=0.42 l=-0.44 r=2.00 tick=568522 goal=0 here=0 d11=0.64 B=1.31,0.74,0.33,0.19,0.24,0.25,0.29,0.63,1.65,0.60,0.35,0.30,0.26,0.21,0.36,0.63
t=22 field hdg=269.5 enc=8932;14396 xy=16;-47 want=-159 str=0.38 l=-0.60 r=2.00 tick=568541 goal=0 here=0 d11=0.67 B=1.32,0.75,0.34,0.20,0.25,0.27,0.30,0.62,1.66,0.59,0.35,0.30,0.26,0.23,0.36,0.62
t=22 field hdg=265.2 enc=8932;14398 xy=16;-48 want=-157 str=0.43 l=-0.59 r=2.00 tick=568560 goal=0 here=0 d11=0.67 B=1.29,0.74,0.35,0.20,0.24,0.26,0.30,0.62,1.66,0.60,0.34,0.30,0.26,0.22,0.36,0.62
t=22 field hdg=265.2 enc=8935;14398 xy=16;-49 want=-153 str=0.41 l=-0.54 r=2.00 tick=568578 goal=0 here=0 d11=0.65 B=1.29,0.76,0.34,0.20,0.24,0.26,0.29,0.61,1.68,0.60,0.34,0.30,0.26,0.22,0.35,0.61
t=22 field hdg=265.9 enc=8937;14398 xy=15;-50 want=-152 str=0.44 l=-0.52 r=2.00 tick=568601 goal=0 here=0 d11=0.64 B=1.29,0.77,0.33,0.20,0.24,0.26,0.29,0.61,1.68,0.59,0.35,0.31,0.27,0.22,0.34,0.59
t=23 field hdg=265.9 enc=8939;14397 xy=15;-51 want=-151 str=0.45 l=-0.51 r=2.00 tick=568620 goal=0 here=0 d11=0.66 B=1.28,0.78,0.33,0.21,0.23,0.25,0.29,0.61,1.69,0.61,0.34,0.30,0.27,0.22,0.36,0.57
t=23 field hdg=269.5 enc=8941;14397 xy=15;-52 want=-151 str=0.47 l=-0.52 r=2.00 tick=568638 goal=0 here=0 d11=0.66 B=1.28,0.78,0.34,0.22,0.23,0.26,0.29,0.59,1.69,0.62,0.35,0.31,0.28,0.22,0.35,0.57
t=23 field hdg=268.4 enc=8943;14396 xy=15;-52 want=172 str=0.98 l=2.00 r=-0.80 tick=568658 goal=0 here=0 d11=0.65 B=1.28,0.80,0.35,0.22,0.25,0.26,0.30,0.60,1.71,0.63,0.35,0.30,0.27,0.21,0.35,0.54
t=23 field hdg=265.4 enc=8943;14400 xy=15;-54 want=173 str=0.98 l=2.00 r=-0.81 tick=568677 goal=0 here=0 d11=0.65 B=1.28,0.79,0.34,0.21,0.24,0.26,0.30,0.59,1.70,0.62,0.36,0.31,0.26,0.20,0.35,0.54
t=23 field hdg=264.5 enc=8945;14399 xy=15;-55 want=-159 str=0.47 l=-0.63 r=2.00 tick=568696 goal=0 here=0 d11=0.66 B=1.27,0.80,0.34,0.21,0.24,0.25,0.30,0.60,1.69,0.64,0.35,0.31,0.27,0.22,0.34,0.57
t=24 field hdg=267.7 enc=8944;14400 xy=15;-55 want=-155 str=0.46 l=-0.57 r=2.00 tick=568715 goal=0 here=0 d11=0.66 B=1.27,0.78,0.35,0.21,0.24,0.26,0.29,0.60,1.69,0.62,0.35,0.31,0.27,0.23,0.35,0.57
t=24 field hdg=265.3 enc=8947;14402 xy=15;-57 want=178 str=0.98 l=2.00 r=-0.88 tick=568736 goal=0 here=0 d11=0.66 B=1.27,0.79,0.34,0.21,0.22,0.25,0.30,0.60,1.71,0.62,0.34,0.30,0.27,0.21,0.36,0.54
t=24 field hdg=264.5 enc=8948;14401 xy=15;-57 want=177 str=0.99 l=2.00 r=-0.87 tick=568755 goal=0 here=0 d11=0.64 B=1.27,0.80,0.34,0.21,0.23,0.25,0.31,0.59,1.69,0.64,0.36,0.31,0.27,0.20,0.34,0.53
t=24 field hdg=268.2 enc=8947;14404 xy=15;-58 want=-163 str=0.49 l=-0.68 r=2.00 tick=568777 goal=0 here=0 d11=0.66 B=1.28,0.78,0.33,0.20,0.24,0.27,0.29,0.60,1.69,0.62,0.36,0.31,0.26,0.22,0.35,0.55
t=24 field hdg=268.0 enc=8950;14404 xy=15;-60 want=-156 str=0.48 l=-0.59 r=2.00 tick=568795 goal=0 here=0 d11=0.65 B=1.27,0.78,0.34,0.21,0.22,0.25,0.29,0.61,1.69,0.62,0.35,0.30,0.27,0.21,0.35,0.57
t=25 field hdg=264.2 enc=8952;14406 xy=15;-62 want=179 str=0.94 l=2.00 r=-0.89 tick=568814 goal=0 here=0 d11=0.66 B=1.28,0.79,0.32,0.21,0.22,0.26,0.29,0.61,1.70,0.63,0.35,0.29,0.26,0.23,0.35,0.54
t=25 field hdg=264.2 enc=8952;14407 xy=15;-62 want=179 str=0.95 l=2.00 r=-0.90 tick=568833 goal=0 here=0 d11=0.66 B=1.28,0.80,0.34,0.22,0.22,0.25,0.29,0.61,1.70,0.63,0.35,0.31,0.27,0.21,0.34,0.54
t=25 field hdg=267.3 enc=8952;14407 xy=15;-62 want=-161 str=0.49 l=-0.66 r=2.00 tick=568855 goal=0 here=0 d11=0.66 B=1.27,0.78,0.34,0.22,0.23,0.26,0.30,0.60,1.70,0.63,0.35,0.31,0.26,0.22,0.34,0.56
t=25 field hdg=267.5 enc=8953;14409 xy=15;-64 want=-156 str=0.46 l=-0.57 r=2.00 tick=568873 goal=0 here=0 d11=0.64 B=1.29,0.79,0.33,0.21,0.23,0.25,0.29,0.60,1.71,0.63,0.36,0.30,0.27,0.21,0.35,0.57
t=25 field hdg=265.0 enc=8954;14410 xy=14;-65 want=-161 str=0.45 l=-0.66 r=2.00 tick=568892 goal=0 here=0 d11=0.66 B=1.28,0.79,0.33,0.22,0.22,0.26,0.28,0.60,1.70,0.63,0.37,0.30,0.25,0.20,0.35,0.56
t=26 field hdg=262.2 enc=8956;14409 xy=14;-65 want=-180 str=0.94 l=-0.90 r=2.00 tick=568911 goal=0 here=0 d11=0.63 B=1.28,0.80,0.35,0.22,0.21,0.27,0.29,0.59,1.70,0.63,0.37,0.31,0.28,0.21,0.34,0.52
t=26 field hdg=265.9 enc=8958;14410 xy=14;-67 want=171 str=0.95 l=2.00 r=-0.78 tick=568930 goal=0 here=0 d11=0.64 B=1.28,0.81,0.34,0.24,0.22,0.27,0.29,0.59,1.70,0.66,0.35,0.31,0.26,0.21,0.35,0.52
t=26 field hdg=262.2 enc=8960;14409 xy=14;-67 want=178 str=0.90 l=2.00 r=-0.88 tick=568950 goal=0 here=0 d11=0.62 B=1.28,0.81,0.34,0.24,0.22,0.25,0.28,0.60,1.70,0.65,0.34,0.30,0.27,0.22,0.34,0.49
t=26 field hdg=261.7 enc=8960;14412 xy=14;-69 want=171 str=0.98 l=2.00 r=-0.80 tick=568969 goal=0 here=0 d11=0.64 B=1.27,0.79,0.33,0.23,0.23,0.26,0.29,0.59,1.70,0.65,0.35,0.31,0.26,0.21,0.35,0.53
t=26 field hdg=267.9 enc=8961;14414 xy=14;-70 want=-155 str=0.51 l=-0.58 r=2.00 tick=568987 goal=0 here=0 d11=0.64 B=1.28,0.80,0.33,0.21,0.21,0.27,0.30,0.60,1.71,0.63,0.35,0.30,0.27,0.22,0.35,0.56
t=27 field hdg=264.8 enc=8962;14413 xy=14;-70 want=-159 str=0.52 l=-0.64 r=2.00 tick=569012 goal=0 here=0 d11=0.63 B=1.26,0.79,0.34,0.22,0.21,0.25,0.30,0.61,1.70,0.64,0.35,0.32,0.26,0.21,0.34,0.55
t=27 field hdg=267.2 enc=8963;14413 xy=14;-71 want=176 str=0.92 l=2.00 r=-0.87 tick=569032 goal=0 here=0 d11=0.62 B=1.27,0.81,0.33,0.24,0.21,0.26,0.28,0.60,1.69,0.64,0.34,0.30,0.27,0.21,0.34,0.52
t=27 field hdg=266.4 enc=8964;14416 xy=14;-73 want=173 str=0.95 l=2.00 r=-0.81 tick=569051 goal=0 here=0 d11=0.62 B=1.27,0.80,0.33,0.24,0.24,0.26,0.29,0.60,1.70,0.65,0.35,0.31,0.27,0.21,0.34,0.52
t=27 field hdg=261.9 enc=8965;14417 xy=14;-74 want=173 str=0.95 l=2.00 r=-0.82 tick=569073 goal=0 here=0 d11=0.61 B=1.27,0.80,0.34,0.24,0.22,0.25,0.30,0.59,1.70,0.64,0.36,0.30,0.27,0.21,0.35,0.55
t=27 field hdg=263.1 enc=8963;14421 xy=14;-75 want=-159 str=0.44 l=-0.62 r=2.00 tick=569092 goal=0 here=0 d11=0.63 B=1.28,0.79,0.35,0.23,0.22,0.25,0.29,0.59,1.72,0.62,0.35,0.30,0.27,0.21,0.34,0.55
t=28 field hdg=263.7 enc=8966;14420 xy=13;-76 want=-167 str=0.45 l=-0.73 r=2.00 tick=569111 goal=0 here=0 d11=0.62 B=1.28,0.78,0.33,0.23,0.23,0.27,0.31,0.60,1.71,0.63,0.35,0.29,0.27,0.22,0.33,0.57
t=28 field hdg=267.6 enc=8969;14420 xy=13;-77 want=-171 str=0.45 l=-0.80 r=2.00 tick=569132 goal=0 here=0 d11=0.63 B=1.26,0.80,0.33,0.24,0.22,0.25,0.29,0.61,1.71,0.64,0.34,0.30,0.25,0.22,0.34,0.55
t=28 field hdg=262.8 enc=8971;14421 xy=13;-79 want=172 str=0.95 l=2.00 r=-0.81 tick=569154 goal=0 here=0 d11=0.61 B=1.27,0.81,0.33,0.26,0.21,0.26,0.29,0.60,1.71,0.65,0.36,0.32,0.26,0.21,0.33,0.52
t=28 field hdg=268.9 enc=8971;14421 xy=13;-79 want=168 str=0.98 l=2.00 r=-0.76 tick=569172 goal=0 here=0 d11=0.61 B=1.26,0.81,0.34,0.26,0.22,0.27,0.31,0.59,1.71,0.65,0.35,0.31,0.27,0.21,0.35,0.51
t=28 field hdg=267.0 enc=8970;14423 xy=13;-79 want=165 str=1.05 l=2.00 r=-0.73 tick=569191 goal=0 here=0 d11=0.63 B=1.25,0.80,0.34,0.26,0.22,0.28,0.30,0.60,1.72,0.64,0.36,0.30,0.27,0.20,0.34,0.55
t=28 field hdg=266.0 enc=8971;14427 xy=13;-82 want=166 str=0.95 l=2.00 r=-0.72 tick=569210 goal=0 here=0 d11=0.62 B=1.27,0.78,0.34,0.26,0.22,0.25,0.31,0.59,1.71,0.63,0.35,0.29,0.25,0.22,0.35,0.55
t=29 field hdg=264.9 enc=8970;14428 xy=13;-82 want=-158 str=0.43 l=-0.63 r=2.00 tick=569230 goal=0 here=0 d11=0.62 B=1.26,0.78,0.34,0.23,0.21,0.25,0.29,0.60,1.71,0.61,0.35,0.29,0.26,0.22,0.34,0.58
t=29 field hdg=265.4 enc=8971;14429 xy=13;-83 want=-165 str=0.44 l=-0.72 r=2.00 tick=569249 goal=0 here=0 d11=0.63 B=1.27,0.79,0.33,0.24,0.22,0.27,0.29,0.60,1.72,0.62,0.36,0.30,0.25,0.23,0.34,0.58
t=29 field hdg=265.7 enc=8973;14429 xy=13;-84 want=-173 str=0.41 l=-0.81 r=2.00 tick=569268 goal=0 here=0 d11=0.62 B=1.27,0.79,0.34,0.25,0.21,0.26,0.29,0.61,1.71,0.62,0.35,0.30,0.25,0.21,0.33,0.56
t=29 field hdg=265.4 enc=8975;14428 xy=13;-84 want=170 str=0.47 l=2.00 r=-0.78 tick=569287 goal=0 here=0 d11=0.63 B=1.26,0.79,0.33,0.28,0.22,0.28,0.30,0.59,1.72,0.66,0.35,0.30,0.26,0.21,0.33,0.56
t=29 field hdg=263.8 enc=8978;14429 xy=13;-86 want=164 str=0.98 l=2.00 r=-0.70 tick=569305 goal=0 here=0 d11=0.64 B=1.26,0.81,0.33,0.28,0.21,0.26,0.30,0.60,1.71,0.64,0.36,0.30,0.26,0.20,0.34,0.53
t=30 field hdg=265.9 enc=8977;14430 xy=13;-86 want=-176 str=0.40 l=-0.85 r=2.00 tick=569324 goal=0 here=0 d11=0.64 B=1.27,0.79,0.32,0.28,0.21,0.26,0.31,0.61,1.72,0.63,0.35,0.30,0.26,0.23,0.32,0.56
t=30 field hdg=266.8 enc=8977;14432 xy=13;-87 want=176 str=0.46 l=2.00 r=-0.87 tick=569343 goal=0 here=0 d11=0.62 B=1.26,0.78,0.33,0.26,0.22,0.27,0.30,0.62,1.72,0.63,0.36,0.29,0.25,0.22,0.34,0.56
t=30 field hdg=262.5 enc=8980;14434 xy=12;-90 want=-179 str=0.43 l=-0.91 r=2.00 tick=569362 goal=0 here=0 d11=0.64 B=1.26,0.80,0.33,0.27,0.21,0.27,0.30,0.60,1.71,0.62,0.35,0.31,0.26,0.21,0.33,0.55
t=30 field hdg=265.3 enc=8979;14435 xy=12;-90 want=167 str=0.46 l=2.00 r=-0.74 tick=569381 goal=0 here=0 d11=0.64 B=1.26,0.79,0.33,0.28,0.22,0.28,0.31,0.60,1.72,0.64,0.35,0.29,0.25,0.22,0.33,0.57
t=30 field hdg=264.3 enc=8981;14435 xy=12;-91 want=-178 str=0.38 l=-0.88 r=2.00 tick=569400 goal=0 here=0 d11=0.64 B=1.27,0.79,0.35,0.28,0.20,0.27,0.29,0.60,1.70,0.63,0.36,0.31,0.25,0.22,0.33,0.56
t=31 field hdg=267.2 enc=8982;14434 xy=12;-91 want=176 str=0.41 l=2.00 r=-0.85 tick=569419 goal=0 here=0 d11=0.65 B=1.27,0.78,0.32,0.28,0.20,0.27,0.30,0.60,1.71,0.62,0.35,0.31,0.26,0.21,0.32,0.56
t=31 field hdg=261.1 enc=8983;14436 xy=12;-92 want=176 str=0.43 l=2.00 r=-0.86 tick=569440 goal=0 here=0 d11=0.65 B=1.26,0.79,0.33,0.28,0.21,0.28,0.30,0.61,1.71,0.63,0.35,0.32,0.26,0.22,0.32,0.56
t=31 field hdg=265.9 enc=8983;14439 xy=12;-94 want=176 str=0.41 l=2.00 r=-0.86 tick=569460 goal=0 here=0 d11=0.68 B=1.26,0.78,0.34,0.27,0.21,0.26,0.29,0.62,1.70,0.63,0.36,0.30,0.23,0.22,0.34,0.58
t=31 field hdg=263.8 enc=8983;14441 xy=12;-95 want=-171 str=0.42 l=-0.80 r=2.00 tick=569479 goal=0 here=0 d11=0.65 B=1.26,0.78,0.32,0.26,0.22,0.27,0.30,0.61,1.70,0.63,0.37,0.31,0.27,0.22,0.33,0.60
t=31 field hdg=266.6 enc=8983;14442 xy=12;-95 want=-167 str=0.43 l=-0.76 r=2.00 tick=569498 goal=0 here=0 d11=0.66 B=1.25,0.77,0.33,0.26,0.21,0.27,0.29,0.61,1.72,0.62,0.37,0.30,0.26,0.22,0.32,0.59
t=32 field hdg=264.7 enc=8987;14440 xy=12;-96 want=176 str=0.37 l=2.00 r=-0.87 tick=569517 goal=0 here=0 d11=0.66 B=1.26,0.77,0.32,0.28,0.22,0.27,0.28,0.61,1.71,0.63,0.35,0.30,0.24,0.22,0.33,0.58
t=32 field hdg=266.2 enc=8986;14443 xy=11;-97 want=172 str=0.41 l=2.00 r=-0.81 tick=569539 goal=0 here=0 d11=0.65 B=1.26,0.79,0.32,0.28,0.22,0.26,0.29,0.62,1.73,0.63,0.36,0.30,0.24,0.22,0.33,0.57
t=32 field hdg=264.3 enc=8988;14444 xy=11;-99 want=161 str=0.44 l=2.00 r=-0.66 tick=569558 goal=0 here=0 d11=0.65 B=1.26,0.77,0.33,0.29,0.22,0.29,0.29,0.62,1.72,0.62,0.36,0.29,0.24,0.22,0.34,0.58
t=32 field hdg=261.6 enc=8987;14449 xy=11;-101 want=-177 str=0.41 l=-0.87 r=2.00 tick=569582 goal=0 here=0 d11=0.66 B=1.27,0.76,0.33,0.26,0.21,0.27,0.29,0.62,1.71,0.63,0.35,0.30,0.24,0.23,0.33,0.60
t=32 field hdg=265.5 enc=8988;14448 xy=11;-101 want=-177 str=0.40 l=-0.88 r=2.00 tick=569604 goal=0 here=0 d11=0.68 B=1.26,0.76,0.32,0.27,0.20,0.25,0.30,0.61,1.71,0.62,0.36,0.29,0.24,0.23,0.33,0.59
t=33 field hdg=262.2 enc=8990;14449 xy=11;-102 want=171 str=0.44 l=2.00 r=-0.80 tick=569623 goal=0 here=0 d11=0.65 B=1.26,0.77,0.33,0.28,0.22,0.27,0.30,0.62,1.72,0.63,0.35,0.30,0.24,0.23,0.32,0.58
t=33 field hdg=269.8 enc=8991;14448 xy=11;-102 want=166 str=0.47 l=2.00 r=-0.74 tick=569644 goal=0 here=0 d11=0.66 B=1.25,0.77,0.31,0.29,0.20,0.27,0.31,0.64,1.71,0.63,0.36,0.31,0.24,0.21,0.34,0.57
t=33 field hdg=266.5 enc=8990;14452 xy=11;-103 want=172 str=0.42 l=2.00 r=-0.81 tick=569664 goal=0 here=0 d11=0.66 B=1.26,0.76,0.33,0.28,0.21,0.26,0.30,0.62,1.73,0.61,0.36,0.30,0.23,0.22,0.33,0.59
t=33 field hdg=266.6 enc=8991;14454 xy=11;-105 want=179 str=0.40 l=2.00 r=-0.89 tick=569684 goal=0 here=0 d11=0.66 B=1.27,0.74,0.32,0.28,0.22,0.26,0.31,0.61,1.71,0.62,0.36,0.31,0.24,0.23,0.33,0.59
t=33 field hdg=264.8 enc=8992;14454 xy=11;-105 want=-176 str=0.38 l=-0.86 r=2.00 tick=569703 goal=0 here=0 d11=0.66 B=1.27,0.75,0.32,0.26,0.20,0.26,0.30,0.63,1.69,0.61,0.35,0.31,0.23,0.22,0.33,0.61
t=34 field hdg=271.1 enc=8993;14455 xy=11;-106 want=179 str=0.45 l=2.00 r=-0.91 tick=569738 goal=0 here=0 d11=0.66 B=1.26,0.75,0.33,0.26,0.21,0.27,0.30,0.62,1.70,0.63,0.35,0.32,0.22,0.23,0.33,0.59
t=34 field hdg=268.5 enc=8995;14457 xy=11;-108 want=167 str=0.43 l=2.00 r=-0.75 tick=569757 goal=0 here=0 d11=0.66 B=1.25,0.75,0.32,0.29,0.21,0.28,0.30,0.62,1.72,0.63,0.35,0.31,0.23,0.23,0.33,0.60
t=34 field hdg=268.7 enc=8995;14458 xy=11;-109 want=-179 str=0.41 l=-0.90 r=2.00 tick=569776 goal=0 here=0 d11=0.65 B=1.27,0.74,0.32,0.27,0.21,0.26,0.32,0.64,1.69,0.61,0.37,0.31,0.23,0.23,0.33,0.61
t=34 field hdg=265.6 enc=8996;14459 xy=10;-110 want=173 str=0.41 l=2.00 r=-0.81 tick=569795 goal=0 here=0 d11=0.67 B=1.27,0.74,0.32,0.27,0.21,0.28,0.31,0.63,1.70,0.62,0.36,0.29,0.24,0.24,0.32,0.59
t=35 field hdg=264.0 enc=8998;14460 xy=10;-111 want=-178 str=0.36 l=-0.89 r=2.00 tick=569814 goal=0 here=0 d11=0.65 B=1.27,0.74,0.32,0.29,0.20,0.26,0.29,0.62,1.71,0.61,0.35,0.31,0.23,0.24,0.33,0.60
t=35 field hdg=262.4 enc=8999;14461 xy=10;-112 want=168 str=0.44 l=2.00 r=-0.75 tick=569836 goal=0 here=0 d11=0.66 B=1.27,0.75,0.33,0.28,0.21,0.28,0.30,0.62,1.71,0.63,0.36,0.30,0.23,0.22,0.33,0.59
t=35 field hdg=264.4 enc=8999;14463 xy=10;-113 want=177 str=0.40 l=2.00 r=-0.87 tick=569854 goal=0 here=0 d11=0.66 B=1.27,0.76,0.34,0.29,0.21,0.27,0.30,0.64,1.71,0.62,0.37,0.30,0.24,0.24,0.32,0.59
t=35 field hdg=266.5 enc=8998;14465 xy=10;-114 want=179 str=0.39 l=2.00 r=-0.90 tick=569876 goal=0 here=0 d11=0.65 B=1.26,0.74,0.31,0.28,0.21,0.26,0.31,0.63,1.70,0.61,0.34,0.30,0.23,0.24,0.33,0.61
t=35 field hdg=266.6 enc=8999;14466 xy=10;-115 want=176 str=0.38 l=2.00 r=-0.85 tick=569895 goal=0 here=0 d11=0.66 B=1.28,0.74,0.32,0.28,0.21,0.27,0.31,0.63,1.68,0.62,0.35,0.30,0.22,0.24,0.33,0.60
t=36 field hdg=271.7 enc=9000;14468 xy=10;-116 want=-174 str=0.39 l=-0.82 r=2.00 tick=569914 goal=0 here=0 d11=0.66 B=1.28,0.74,0.34,0.26,0.21,0.27,0.31,0.65,1.67,0.61,0.36,0.30,0.23,0.25,0.33,0.61
t=36 field hdg=268.0 enc=9000;14470 xy=10;-117 want=172 str=0.37 l=2.00 r=-0.79 tick=569933 goal=0 here=0 d11=0.66 B=1.29,0.73,0.32,0.28,0.21,0.28,0.33,0.65,1.67,0.62,0.36,0.29,0.22,0.26,0.31,0.61
t=36 field hdg=271.6 enc=9002;14470 xy=10;-118 want=-174 str=0.39 l=-0.83 r=2.00 tick=569952 goal=0 here=0 d11=0.66 B=1.28,0.73,0.33,0.26,0.20,0.28,0.31,0.65,1.68,0.61,0.36,0.30,0.21,0.26,0.31,0.61
t=36 field hdg=264.7 enc=9003;14470 xy=10;-119 want=164 str=0.36 l=2.00 r=-0.68 tick=569974 goal=0 here=0 d11=0.66 B=1.29,0.73,0.33,0.27,0.21,0.28,0.31,0.64,1.66,0.60,0.36,0.29,0.21,0.24,0.33,0.61
t=36 field hdg=267.1 enc=9003;14472 xy=10;-120 want=-175 str=0.43 l=-0.84 r=2.00 tick=569993 goal=0 here=0 d11=0.66 B=1.27,0.72,0.32,0.27,0.20,0.27,0.30,0.65,1.69,0.63,0.37,0.30,0.22,0.25,0.33,0.62
t=37 field hdg=269.0 enc=9004;14473 xy=10;-121 want=178 str=0.36 l=2.00 r=-0.88 tick=570011 goal=0 here=0 d11=0.67 B=1.27,0.73,0.32,0.27,0.21,0.27,0.32,0.63,1.69,0.60,0.36,0.32,0.22,0.25,0.32,0.61
t=37 field hdg=265.0 enc=9005;14473 xy=10;-121 want=-173 str=0.33 l=-0.81 r=2.00 tick=570031 goal=0 here=0 d11=0.65 B=1.28,0.74,0.31,0.28,0.21,0.27,0.31,0.63,1.68,0.60,0.35,0.30,0.22,0.26,0.32,0.61
t=37 field hdg=267.0 enc=9007;14476 xy=10;-124 want=164 str=0.38 l=2.00 r=-0.68 tick=570050 goal=0 here=0 d11=0.68 B=1.28,0.73,0.32,0.29,0.21,0.27,0.31,0.65,1.68,0.61,0.35,0.30,0.21,0.25,0.33,0.60
t=37 field hdg=269.1 enc=9007;14475 xy=10;-123 want=-176 str=0.34 l=-0.86 r=2.00 tick=570069 goal=0 here=0 d11=0.67 B=1.27,0.73,0.31,0.30,0.20,0.26,0.31,0.65,1.68,0.61,0.36,0.31,0.22,0.26,0.33,0.61
t=37 field hdg=267.5 enc=9010;14477 xy=10;-126 want=165 str=0.42 l=2.00 r=-0.70 tick=570088 goal=0 here=0 d11=0.67 B=1.28,0.73,0.33,0.29,0.21,0.28,0.32,0.66,1.68,0.61,0.36,0.30,0.23,0.24,0.32,0.61
t=37 field hdg=266.0 enc=9010;14477 xy=10;-126 want=176 str=0.34 l=2.00 r=-0.86 tick=570109 goal=0 here=0 d11=0.67 B=1.28,0.74,0.32,0.29,0.20,0.26,0.31,0.63,1.69,0.62,0.36,0.32,0.21,0.25,0.32,0.62
t=38 field hdg=269.6 enc=9009;14479 xy=10;-126 want=172 str=0.38 l=2.00 r=-0.80 tick=570128 goal=0 here=0 d11=0.67 B=1.29,0.71,0.31,0.28,0.21,0.27,0.32,0.65,1.68,0.61,0.36,0.31,0.21,0.26,0.32,0.61
t=38 field hdg=265.8 enc=9008;14481 xy=10;-127 want=176 str=0.35 l=2.00 r=-0.85 tick=570147 goal=0 here=0 d11=0.65 B=1.29,0.74,0.30,0.28,0.20,0.28,0.31,0.66,1.67,0.62,0.34,0.30,0.21,0.26,0.33,0.62
t=38 field hdg=267.4 enc=9009;14483 xy=10;-128 want=179 str=0.37 l=2.00 r=-0.88 tick=570165 goal=0 here=0 d11=0.67 B=1.29,0.71,0.31,0.27,0.20,0.28,0.30,0.66,1.66,0.61,0.35,0.30,0.21,0.26,0.31,0.61
t=38 field hdg=267.3 enc=9010;14485 xy=9;-130 want=-178 str=0.31 l=-0.86 r=2.00 tick=570184 goal=0 here=0 d11=0.68 B=1.30,0.71,0.32,0.28,0.21,0.27,0.30,0.66,1.66,0.61,0.35,0.31,0.20,0.28,0.33,0.61
t=38 field hdg=265.5 enc=9010;14487 xy=9;-131 want=-162 str=0.31 l=-0.65 r=2.00 tick=570203 goal=0 here=0 d11=0.69 B=1.30,0.70,0.32,0.27,0.19,0.26,0.33,0.66,1.65,0.59,0.36,0.31,0.19,0.28,0.32,0.63
t=39 field hdg=268.6 enc=9014;14486 xy=9;-132 want=178 str=0.37 l=2.00 r=-0.86 tick=570224 goal=0 here=0 d11=0.66 B=1.29,0.70,0.32,0.27,0.19,0.27,0.31,0.65,1.66,0.61,0.36,0.31,0.19,0.26,0.33,0.61
t=39 field hdg=266.8 enc=9015;14487 xy=9;-133 want=-178 str=0.34 l=-0.87 r=2.00 tick=570245 goal=0 here=0 d11=0.67 B=1.29,0.71,0.31,0.28,0.19,0.28,0.32,0.66,1.66,0.61,0.35,0.30,0.20,0.27,0.32,0.62
t=39 field hdg=272.3 enc=9015;14487 xy=9;-133 want=-174 str=0.31 l=-0.81 r=2.00 tick=570264 goal=0 here=0 d11=0.67 B=1.30,0.72,0.32,0.28,0.21,0.27,0.33,0.66,1.66,0.61,0.36,0.31,0.21,0.28,0.31,0.61
t=39 field hdg=265.9 enc=9018;14488 xy=9;-135 want=177 str=0.36 l=2.00 r=-0.86 tick=570283 goal=0 here=0 d11=0.67 B=1.29,0.72,0.32,0.27,0.20,0.27,0.31,0.67,1.68,0.60,0.35,0.30,0.19,0.26,0.32,0.63
t=39 field hdg=267.3 enc=9019;14489 xy=9;-136 want=164 str=0.40 l=2.00 r=-0.70 tick=570302 goal=0 here=0 d11=0.67 B=1.27,0.71,0.31,0.30,0.21,0.28,0.32,0.64,1.69,0.62,0.35,0.30,0.21,0.26,0.32,0.61
t=40 field hdg=267.9 enc=9018;14491 xy=9;-137 want=-170 str=0.34 l=-0.77 r=2.00 tick=570326 goal=0 here=0 d11=0.65 B=1.27,0.71,0.31,0.28,0.20,0.26,0.31,0.66,1.66,0.62,0.36,0.30,0.20,0.28,0.33,0.62
t=40 field hdg=270.0 enc=9020;14491 xy=9;-138 want=-172 str=0.31 l=-0.78 r=2.00 tick=570348 goal=0 here=0 d11=0.64 B=1.30,0.71,0.32,0.27,0.20,0.28,0.32,0.65,1.66,0.61,0.35,0.31,0.20,0.29,0.31,0.63
t=40 field hdg=268.8 enc=9023;14491 xy=9;-139 want=-177 str=0.36 l=-0.87 r=2.00 tick=570369 goal=0 here=0 d11=0.66 B=1.28,0.72,0.31,0.28,0.19,0.28,0.32,0.66,1.67,0.62,0.36,0.32,0.20,0.28,0.31,0.61
t=40 field hdg=268.3 enc=9024;14492 xy=9;-140 want=176 str=0.37 l=2.00 r=-0.85 tick=570388 goal=0 here=0 d11=0.68 B=1.27,0.73,0.31,0.28,0.19,0.29,0.31,0.64,1.67,0.61,0.36,0.32,0.20,0.27,0.32,0.60
t=40 field hdg=264.4 enc=9023;14495 xy=9;-141 want=179 str=0.38 l=2.00 r=-0.90 tick=570407 goal=0 here=0 d11=0.65 B=1.27,0.73,0.31,0.29,0.18,0.28,0.32,0.65,1.69,0.62,0.37,0.32,0.21,0.27,0.31,0.61
t=41 field hdg=268.4 enc=9025;14496 xy=9;-143 want=-170 str=0.36 l=-0.78 r=2.00 tick=570426 goal=0 here=0 d11=0.66 B=1.27,0.72,0.31,0.28,0.19,0.28,0.32,0.65,1.68,0.62,0.35,0.31,0.20,0.29,0.32,0.61
t=41 field hdg=266.4 enc=9025;14497 xy=9;-143 want=-168 str=0.32 l=-0.75 r=2.00 tick=570445 goal=0 here=0 d11=0.65 B=1.28,0.72,0.31,0.29,0.18,0.28,0.32,0.66,1.68,0.62,0.37,0.30,0.20,0.29,0.32,0.63
t=41 field hdg=267.4 enc=9028;14496 xy=9;-144 want=-169 str=0.37 l=-0.76 r=2.00 tick=570465 goal=0 here=0 d11=0.66 B=1.28,0.72,0.32,0.28,0.18,0.28,0.31,0.66,1.69,0.61,0.38,0.31,0.21,0.28,0.31,0.61
t=41 field hdg=272.0 enc=9029;14497 xy=9;-145 want=-177 str=0.42 l=-0.88 r=2.00 tick=570486 goal=0 here=0 d11=0.65 B=1.25,0.72,0.32,0.29,0.19,0.28,0.31,0.65,1.69,0.62,0.36,0.30,0.21,0.28,0.32,0.58
t=41 field hdg=268.0 enc=9031;14495 xy=9;-145 want=-172 str=0.43 l=-0.82 r=2.00 tick=570505 goal=0 here=0 d11=0.65 B=1.25,0.74,0.32,0.29,0.18,0.28,0.32,0.64,1.72,0.63,0.36,0.30,0.22,0.28,0.33,0.60
t=42 field hdg=264.1 enc=9034;14496 xy=9;-147 want=174 str=0.40 l=2.00 r=-0.84 tick=570524 goal=0 here=0 d11=0.66 B=1.26,0.75,0.31,0.30,0.19,0.27,0.31,0.65,1.73,0.63,0.36,0.31,0.20,0.27,0.30,0.60
t=42 field hdg=270.5 enc=9034;14497 xy=9;-148 want=176 str=0.45 l=2.00 r=-0.89 tick=570546 goal=0 here=0 d11=0.65 B=1.23,0.74,0.33,0.29,0.18,0.28,0.31,0.62,1.72,0.63,0.39,0.30,0.20,0.26,0.31,0.59
t=42 field hdg=268.0 enc=9035;14499 xy=9;-149 want=175 str=0.43 l=2.00 r=-0.85 tick=570565 goal=0 here=0 d11=0.65 B=1.25,0.74,0.30,0.31,0.19,0.28,0.31,0.65,1.71,0.63,0.37,0.30,0.21,0.27,0.31,0.59
t=42 field hdg=269.4 enc=9035;14501 xy=9;-150 want=-172 str=0.39 l=-0.81 r=2.00 tick=570584 goal=0 here=0 d11=0.65 B=1.26,0.73,0.31,0.29,0.18,0.27,0.32,0.64,1.70,0.62,0.36,0.31,0.20,0.28,0.32,0.60
t=42 field hdg=266.5 enc=9035;14501 xy=9;-150 want=-179 str=0.38 l=-0.91 r=2.00 tick=570602 goal=0 here=0 d11=0.65 B=1.26,0.73,0.31,0.28,0.19,0.27,0.31,0.64,1.71,0.62,0.37,0.30,0.19,0.28,0.31,0.61
t=43 field hdg=263.4 enc=9038;14503 xy=8;-153 want=175 str=0.46 l=2.00 r=-0.86 tick=570621 goal=0 here=0 d11=0.66 B=1.26,0.73,0.30,0.31,0.18,0.27,0.31,0.65,1.72,0.64,0.35,0.31,0.21,0.26,0.32,0.58
t=43 field hdg=267.8 enc=9039;14502 xy=8;-153 want=175 str=0.42 l=2.00 r=-0.86 tick=570643 goal=0 here=0 d11=0.65 B=1.25,0.74,0.31,0.29,0.18,0.28,0.31,0.63,1.72,0.62,0.37,0.30,0.19,0.26,0.31,0.60
t=43 field hdg=267.8 enc=9039;14505 xy=8;-154 want=173 str=0.45 l=2.00 r=-0.84 tick=570661 goal=0 here=0 d11=0.66 B=1.24,0.72,0.32,0.29,0.19,0.28,0.30,0.65,1.71,0.63,0.36,0.31,0.19,0.27,0.31,0.60
t=43 field hdg=266.7 enc=9039;14507 xy=8;-155 want=175 str=0.40 l=2.00 r=-0.85 tick=570680 goal=0 here=0 d11=0.64 B=1.26,0.72,0.33,0.30,0.18,0.29,0.33,0.66,1.69,0.63,0.37,0.31,0.19,0.27,0.30,0.61
t=43 field hdg=265.8 enc=9039;14508 xy=8;-156 want=171 str=0.40 l=2.00 r=-0.80 tick=570699 goal=0 here=0 d11=0.64 B=1.26,0.73,0.31,0.30,0.18,0.29,0.31,0.65,1.69,0.62,0.36,0.32,0.18,0.28,0.32,0.60
t=44 field hdg=264.7 enc=9037;14512 xy=8;-157 want=-175 str=0.34 l=-0.84 r=2.00 tick=570717 goal=0 here=0 d11=0.64 B=1.27,0.72,0.31,0.30,0.18,0.28,0.31,0.65,1.69,0.62,0.37,0.31,0.20,0.30,0.32,0.62
t=44 field hdg=264.1 enc=9041;14511 xy=8;-158 want=-179 str=0.40 l=-0.89 r=2.00 tick=570736 goal=0 here=0 d11=0.65 B=1.27,0.72,0.31,0.28,0.19,0.29,0.32,0.67,1.68,0.63,0.36,0.31,0.20,0.29,0.31,0.61
t=44 field hdg=267.0 enc=9042;14511 xy=8;-159 want=-174 str=0.35 l=-0.84 r=2.00 tick=570755 goal=0 here=0 d11=0.67 B=1.26,0.73,0.31,0.29,0.18,0.28,0.32,0.66,1.69,0.61,0.37,0.31,0.19,0.29,0.31,0.61
t=44 field hdg=266.7 enc=9043;14510 xy=8;-159 want=-180 str=0.37 l=-0.92 r=2.00 tick=570776 goal=0 here=0 d11=0.66 B=1.25,0.74,0.32,0.30,0.17,0.28,0.32,0.65,1.70,0.62,0.38,0.32,0.19,0.28,0.30,0.61
t=44 field hdg=266.6 enc=9045;14512 xy=8;-161 want=177 str=0.44 l=2.00 r=-0.88 tick=570795 goal=0 here=0 d11=0.66 B=1.26,0.72,0.31,0.29,0.20,0.29,0.30,0.64,1.72,0.64,0.36,0.32,0.19,0.29,0.31,0.60
t=45 field hdg=268.8 enc=9046;14512 xy=8;-161 want=-178 str=0.44 l=-0.90 r=2.00 tick=570816 goal=0 here=0 d11=0.67 B=1.25,0.74,0.32,0.30,0.17,0.28,0.31,0.65,1.73,0.63,0.37,0.32,0.20,0.29,0.31,0.58
t=45 field hdg=267.6 enc=9048;14513 xy=8;-163 want=-178 str=0.41 l=-0.90 r=2.00 tick=570835 goal=0 here=0 d11=0.67 B=1.25,0.74,0.31,0.30,0.18,0.28,0.31,0.64,1.72,0.64,0.37,0.31,0.19,0.30,0.31,0.59
t=45 field hdg=268.1 enc=9050;14514 xy=8;-164 want=179 str=0.43 l=2.00 r=-0.91 tick=570854 goal=0 here=0 d11=0.67 B=1.25,0.73,0.31,0.30,0.19,0.28,0.30,0.65,1.72,0.64,0.38,0.31,0.21,0.28,0.31,0.59
t=45 field hdg=271.2 enc=9050;14514 xy=8;-164 want=173 str=0.43 l=2.00 r=-0.83 tick=570875 goal=0 here=0 d11=0.67 B=1.25,0.74,0.31,0.31,0.19,0.28,0.31,0.65,1.71,0.63,0.36,0.33,0.20,0.28,0.32,0.59
t=45 field hdg=267.1 enc=9050;14517 xy=8;-166 want=-179 str=0.44 l=-0.91 r=2.00 tick=570897 goal=0 here=0 d11=0.68 B=1.25,0.74,0.32,0.30,0.18,0.28,0.32,0.66,1.71,0.63,0.36,0.31,0.20,0.28,0.33,0.59
t=46 field hdg=265.8 enc=9052;14516 xy=8;-166 want=167 str=0.45 l=2.00 r=-0.77 tick=570915 goal=0 here=0 d11=0.67 B=1.24,0.73,0.32,0.30,0.19,0.29,0.31,0.66,1.71,0.62,0.36,0.31,0.19,0.28,0.32,0.60
t=46 field hdg=267.5 enc=9052;14520 xy=7;-168 want=-179 str=0.47 l=-0.92 r=2.00 tick=570934 goal=0 here=0 d11=0.68 B=1.23,0.73,0.31,0.30,0.17,0.29,0.31,0.66,1.72,0.64,0.37,0.31,0.19,0.28,0.30,0.59
t=46 field hdg=265.2 enc=9055;14520 xy=7;-170 want=171 str=0.39 l=2.00 r=-0.81 tick=570953 goal=0 here=0 d11=0.67 B=1.25,0.74,0.31,0.30,0.20,0.27,0.31,0.64,1.72,0.62,0.38,0.31,0.18,0.29,0.29,0.60
t=46 field hdg=264.6 enc=9055;14520 xy=7;-170 want=-179 str=0.46 l=-0.92 r=2.00 tick=570975 goal=0 here=0 d11=0.69 B=1.24,0.73,0.30,0.30,0.19,0.29,0.31,0.65,1.73,0.63,0.38,0.32,0.20,0.30,0.31,0.58
t=46 field hdg=263.2 enc=9057;14520 xy=7;-171 want=-180 str=0.43 l=-0.93 r=2.00 tick=570994 goal=0 here=0 d11=0.68 B=1.24,0.72,0.31,0.30,0.19,0.29,0.32,0.66,1.71,0.62,0.37,0.31,0.21,0.29,0.31,0.60
t=47 field hdg=269.3 enc=9057;14521 xy=7;-171 want=174 str=0.44 l=2.00 r=-0.86 tick=571012 goal=0 here=0 d11=0.68 B=1.24,0.75,0.31,0.30,0.18,0.28,0.32,0.65,1.73,0.64,0.38,0.31,0.19,0.29,0.31,0.59
t=47 field hdg=268.6 enc=9058;14524 xy=7;-173 want=-180 str=0.42 l=-0.92 r=2.00 tick=571031 goal=0 here=0 d11=0.70 B=1.25,0.74,0.32,0.30,0.19,0.28,0.32,0.65,1.73,0.63,0.37,0.32,0.20,0.29,0.31,0.59
t=47 field hdg=266.1 enc=9061;14522 xy=7;-174 want=-175 str=0.47 l=-0.88 r=2.00 tick=571051 goal=0 here=0 d11=0.69 B=1.23,0.75,0.32,0.31,0.18,0.29,0.32,0.64,1.75,0.64,0.37,0.31,0.21,0.29,0.31,0.58
t=47 field hdg=268.2 enc=9063;14523 xy=7;-175 want=-174 str=0.46 l=-0.86 r=2.00 tick=571070 goal=0 here=0 d11=0.70 B=1.23,0.73,0.32,0.31,0.18,0.28,0.31,0.63,1.74,0.64,0.37,0.32,0.21,0.28,0.30,0.59
t=47 field hdg=265.5 enc=9063;14523 xy=7;-175 want=179 str=0.51 l=2.00 r=-0.93 tick=571089 goal=0 here=0 d11=0.71 B=1.23,0.75,0.34,0.31,0.17,0.28,0.32,0.63,1.75,0.65,0.37,0.31,0.20,0.28,0.30,0.56
t=47 field hdg=268.9 enc=9066;14524 xy=7;-177 want=-180 str=0.43 l=-0.93 r=2.00 tick=571108 goal=0 here=0 d11=0.69 B=1.23,0.75,0.31,0.30,0.19,0.28,0.30,0.63,1.74,0.64,0.37,0.31,0.19,0.30,0.30,0.59
t=48 field hdg=265.1 enc=9067;14525 xy=7;-178 want=178 str=0.48 l=2.00 r=-0.92 tick=571127 goal=0 here=0 d11=0.69 B=1.22,0.77,0.34,0.29,0.19,0.28,0.32,0.63,1.75,0.64,0.37,0.32,0.20,0.28,0.31,0.57
t=48 field hdg=265.1 enc=9066;14527 xy=7;-179 want=175 str=0.47 l=2.00 r=-0.88 tick=571152 goal=0 here=0 d11=0.70 B=1.22,0.75,0.33,0.31,0.19,0.28,0.30,0.64,1.75,0.63,0.37,0.31,0.19,0.29,0.31,0.58
t=48 field hdg=267.2 enc=9068;14528 xy=7;-180 want=-177 str=0.47 l=-0.90 r=2.00 tick=571171 goal=0 here=0 d11=0.70 B=1.23,0.74,0.32,0.30,0.18,0.28,0.31,0.66,1.73,0.64,0.37,0.30,0.20,0.29,0.31,0.59
t=48 field hdg=267.1 enc=9069;14530 xy=7;-182 want=176 str=0.51 l=2.00 r=-0.90 tick=571190 goal=0 here=0 d11=0.70 B=1.22,0.74,0.33,0.30,0.18,0.29,0.31,0.65,1.76,0.65,0.38,0.31,0.20,0.28,0.31,0.59
t=49 field hdg=269.3 enc=9067;14532 xy=7;-182 want=-178 str=0.49 l=-0.91 r=2.00 tick=571211 goal=0 here=0 d11=0.69 B=1.24,0.73,0.33,0.31,0.17,0.29,0.31,0.64,1.75,0.65,0.38,0.31,0.19,0.29,0.31,0.58
t=49 field hdg=268.2 enc=9071;14532 xy=7;-184 want=178 str=0.47 l=2.00 r=-0.91 tick=571230 goal=0 here=0 d11=0.69 B=1.24,0.74,0.33,0.30,0.19,0.29,0.32,0.64,1.75,0.64,0.38,0.31,0.20,0.29,0.30,0.59
t=49 field hdg=265.7 enc=9071;14534 xy=7;-185 want=-179 str=0.51 l=-0.94 r=2.00 tick=571249 goal=0 here=0 d11=0.69 B=1.22,0.73,0.33,0.30,0.18,0.29,0.30,0.66,1.74,0.65,0.37,0.31,0.20,0.29,0.31,0.58
t=49 field hdg=264.7 enc=9073;14533 xy=7;-185 want=-168 str=0.48 l=-0.79 r=2.00 tick=571268 goal=0 here=0 d11=0.69 B=1.21,0.74,0.32,0.31,0.16,0.27,0.33,0.65,1.74,0.64,0.37,0.32,0.19,0.30,0.30,0.58
t=49 field hdg=264.3 enc=9074;14532 xy=7;-185 want=-171 str=0.51 l=-0.82 r=2.00 tick=571290 goal=0 here=0 d11=0.69 B=1.23,0.74,0.33,0.29,0.19,0.27,0.32,0.64,1.76,0.66,0.37,0.32,0.21,0.29,0.30,0.57
t=50 field hdg=268.0 enc=9076;14532 xy=7;-186 want=178 str=0.52 l=2.00 r=-0.92 tick=571311 goal=0 here=0 d11=0.69 B=1.21,0.76,0.34,0.29,0.19,0.29,0.32,0.64,1.77,0.65,0.38,0.32,0.20,0.29,0.31,0.57
t=50 field hdg=265.4 enc=9076;14535 xy=6;-188 want=175 str=0.50 l=2.00 r=-0.88 tick=571330 goal=0 here=0 d11=0.69 B=1.22,0.77,0.34,0.29,0.19,0.28,0.32,0.63,1.76,0.66,0.38,0.31,0.19,0.28,0.30,0.56
t=50 field hdg=265.1 enc=9076;14538 xy=6;-189 want=170 str=0.49 l=2.00 r=-0.80 tick=571349 goal=0 here=0 d11=0.70 B=1.23,0.76,0.33,0.30,0.21,0.28,0.30,0.65,1.76,0.64,0.37,0.32,0.20,0.29,0.30,0.57
t=50 field hdg=268.6 enc=9078;14538 xy=6;-190 want=168 str=0.53 l=2.00 r=-0.79 tick=571370 goal=0 here=0 d11=0.67 B=1.22,0.74,0.32,0.32,0.19,0.29,0.32,0.64,1.76,0.64,0.37,0.31,0.19,0.27,0.30,0.58
t=50 field hdg=267.3 enc=9076;14542 xy=6;-191 want=-175 str=0.46 l=-0.86 r=2.00 tick=571389 goal=0 here=0 d11=0.70 B=1.24,0.74,0.32,0.31,0.18,0.27,0.32,0.65,1.75,0.65,0.37,0.31,0.19,0.29,0.30,0.59
t=50 field hdg=265.3 enc=9080;14540 xy=6;-192 want=-177 str=0.50 l=-0.91 r=2.00 tick=571408 goal=0 here=0 d11=0.69 B=1.22,0.73,0.32,0.32,0.17,0.29,0.32,0.65,1.74,0.64,0.37,0.31,0.20,0.29,0.31,0.57
t=51 field hdg=267.0 enc=9082;14542 xy=6;-194 want=-178 str=0.53 l=-0.92 r=2.00 tick=571430 goal=0 here=0 d11=0.69 B=1.21,0.73,0.33,0.30,0.18,0.30,0.31,0.65,1.75,0.65,0.38,0.30,0.21,0.29,0.31,0.58
t=51 field hdg=265.4 enc=9084;14541 xy=6;-195 want=-177 str=0.52 l=-0.90 r=2.00 tick=571448 goal=0 here=0 d11=0.69 B=1.23,0.75,0.32,0.30,0.18,0.28,0.32,0.65,1.77,0.65,0.39,0.32,0.20,0.29,0.31,0.56
t=51 field hdg=268.4 enc=9085;14540 xy=6;-195 want=178 str=0.52 l=2.00 r=-0.93 tick=571468 goal=0 here=0 d11=0.69 B=1.21,0.76,0.34,0.29,0.19,0.27,0.31,0.64,1.76,0.67,0.38,0.31,0.19,0.28,0.31,0.57
t=51 field hdg=265.8 enc=9084;14543 xy=6;-196 want=179 str=0.52 l=2.00 r=-0.94 tick=571487 goal=0 here=0 d11=0.69 B=1.22,0.77,0.34,0.30,0.18,0.27,0.32,0.64,1.77,0.65,0.37,0.31,0.19,0.30,0.28,0.57
t=51 field hdg=270.0 enc=9085;14543 xy=6;-196 want=179 str=0.50 l=2.00 r=-0.94 tick=571505 goal=0 here=0 d11=0.71 B=1.22,0.76,0.34,0.31,0.20,0.27,0.31,0.64,1.75,0.66,0.38,0.33,0.20,0.29,0.32,0.56
t=52 field hdg=265.7 enc=9086;14547 xy=6;-199 want=-171 str=0.46 l=-0.83 r=2.00 tick=571525 goal=0 here=0 d11=0.69 B=1.22,0.74,0.33,0.30,0.19,0.26,0.30,0.64,1.77,0.63,0.38,0.30,0.19,0.30,0.30,0.58
t=52 field hdg=265.6 enc=9086;14546 xy=6;-198 want=-173 str=0.53 l=-0.85 r=2.00 tick=571543 goal=0 here=0 d11=0.68 B=1.22,0.75,0.34,0.29,0.19,0.27,0.33,0.66,1.76,0.65,0.37,0.31,0.21,0.30,0.30,0.57
t=52 field hdg=264.1 enc=9089;14546 xy=6;-200 want=169 str=0.54 l=2.00 r=-0.81 tick=571562 goal=0 here=0 d11=0.68 B=1.21,0.76,0.35,0.29,0.20,0.28,0.31,0.63,1.77,0.65,0.37,0.32,0.19,0.28,0.29,0.58
t=52 field hdg=265.5 enc=9090;14549 xy=5;-202 want=-173 str=0.52 l=-0.85 r=2.00 tick=571581 goal=0 here=0 d11=0.69 B=1.22,0.76,0.34,0.29,0.19,0.26,0.31,0.65,1.77,0.67,0.38,0.31,0.20,0.29,0.30,0.58
t=52 field hdg=265.2 enc=9090;14547 xy=6;-201 want=-179 str=0.49 l=-0.94 r=2.00 tick=571600 goal=0 here=0 d11=0.69 B=1.21,0.76,0.35,0.30,0.20,0.27,0.32,0.64,1.76,0.66,0.38,0.31,0.20,0.29,0.30,0.58
t=53 field hdg=266.8 enc=9094;14549 xy=5;-204 want=-175 str=0.52 l=-0.89 r=2.00 tick=571619 goal=0 here=0 d11=0.70 B=1.20,0.76,0.35,0.30,0.19,0.26,0.30,0.63,1.78,0.66,0.37,0.31,0.20,0.29,0.31,0.57
t=53 field hdg=261.0 enc=9094;14547 xy=6;-203 want=-179 str=0.54 l=-0.95 r=2.00 tick=571638 goal=0 here=0 d11=0.69 B=1.20,0.77,0.35,0.30,0.18,0.28,0.32,0.63,1.78,0.66,0.38,0.32,0.20,0.28,0.30,0.57
t=53 field hdg=265.8 enc=9098;14549 xy=5;-206 want=-167 str=0.46 l=-0.78 r=2.00 tick=571656 goal=0 here=0 d11=0.69 B=1.22,0.80,0.34,0.29,0.19,0.24,0.30,0.62,1.77,0.67,0.39,0.32,0.20,0.29,0.30,0.56
t=53 field hdg=265.9 enc=9098;14548 xy=5;-205 want=172 str=0.46 l=2.00 r=-0.85 tick=571675 goal=0 here=0 d11=0.67 B=1.21,0.85,0.34,0.30,0.20,0.27,0.32,0.61,1.77,0.68,0.39,0.32,0.20,0.28,0.29,0.56
t=53 field hdg=266.0 enc=9098;14549 xy=5;-206 want=173 str=1.00 l=2.00 r=-0.88 tick=571694 goal=0 here=0 d11=0.67 B=1.19,0.84,0.35,0.28,0.19,0.26,0.33,0.61,1.78,0.66,0.39,0.32,0.22,0.29,0.29,0.55
t=54 field hdg=264.9 enc=9098;14552 xy=5;-207 want=173 str=0.45 l=2.00 r=-0.87 tick=571713 goal=0 here=0 d11=0.68 B=1.20,0.83,0.34,0.30,0.20,0.26,0.32,0.61,1.76,0.67,0.38,0.32,0.20,0.29,0.29,0.55
t=54 field hdg=265.9 enc=9098;14553 xy=5;-208 want=175 str=0.56 l=2.00 r=-0.89 tick=571731 goal=0 here=0 d11=0.67 B=1.20,0.80,0.34,0.29,0.20,0.28,0.32,0.63,1.78,0.68,0.37,0.31,0.20,0.28,0.30,0.56
t=54 field hdg=266.8 enc=9099;14555 xy=5;-209 want=175 str=0.53 l=2.00 r=-0.89 tick=571750 goal=0 here=0 d11=0.67 B=1.20,0.77,0.34,0.30,0.20,0.27,0.33,0.63,1.77,0.65,0.37,0.32,0.20,0.29,0.29,0.56
t=54 field hdg=267.2 enc=9099;14557 xy=5;-210 want=172 str=0.54 l=2.00 r=-0.85 tick=571771 goal=0 here=0 d11=0.66 B=1.20,0.78,0.36,0.30,0.19,0.27,0.31,0.63,1.79,0.64,0.38,0.32,0.20,0.28,0.29,0.57
t=54 field hdg=265.5 enc=9100;14559 xy=5;-212 want=179 str=0.55 l=2.00 r=-0.94 tick=571790 goal=0 here=0 d11=0.66 B=1.21,0.75,0.34,0.30,0.19,0.27,0.31,0.65,1.76,0.67,0.39,0.32,0.20,0.28,0.29,0.58
t=55 field hdg=263.6 enc=9099;14562 xy=5;-213 want=-177 str=0.53 l=-0.91 r=2.00 tick=571812 goal=0 here=0 d11=0.66 B=1.21,0.74,0.34,0.29,0.20,0.28,0.31,0.65,1.76,0.65,0.39,0.32,0.20,0.29,0.31,0.57
t=55 field hdg=265.0 enc=9102;14562 xy=5;-214 want=175 str=0.57 l=2.00 r=-0.88 tick=571836 goal=0 here=0 d11=0.66 B=1.21,0.75,0.33,0.30,0.18,0.29,0.33,0.65,1.75,0.65,0.38,0.33,0.20,0.28,0.28,0.57
t=55 field hdg=267.4 enc=9103;14563 xy=5;-215 want=-168 str=0.54 l=-0.79 r=2.00 tick=571864 goal=0 here=0 d11=0.65 B=1.22,0.74,0.34,0.28,0.20,0.26,0.33,0.65,1.77,0.65,0.37,0.32,0.21,0.30,0.30,0.57
t=55 field hdg=265.5 enc=9102;14566 xy=5;-216 want=178 str=0.52 l=2.00 r=-0.93 tick=571883 goal=0 here=0 d11=0.65 B=1.22,0.74,0.33,0.30,0.20,0.27,0.32,0.65,1.77,0.65,0.38,0.32,0.20,0.29,0.31,0.57
t=55 field hdg=265.6 enc=9104;14565 xy=4;-217 want=-172 str=0.57 l=-0.84 r=2.00 tick=571902 goal=0 here=0 d11=0.65 B=1.22,0.74,0.34,0.28,0.19,0.27,0.33,0.66,1.76,0.66,0.38,0.31,0.21,0.29,0.29,0.58
t=56 field hdg=266.9 enc=9104;14567 xy=4;-218 want=-176 str=0.54 l=-0.90 r=2.00 tick=571921 goal=0 here=0 d11=0.65 B=1.21,0.73,0.34,0.29,0.18,0.27,0.32,0.65,1.76,0.65,0.39,0.33,0.19,0.29,0.30,0.57
t=56 field hdg=264.2 enc=9108;14565 xy=4;-219 want=-178 str=0.52 l=-0.93 r=2.00 tick=571940 goal=0 here=0 d11=0.65 B=1.21,0.76,0.34,0.29,0.20,0.26,0.31,0.65,1.76,0.64,0.39,0.32,0.19,0.29,0.30,0.56
t=56 field hdg=261.8 enc=9110;14565 xy=4;-220 want=-177 str=0.53 l=-0.92 r=2.00 tick=571959 goal=0 here=0 d11=0.66 B=1.20,0.76,0.34,0.30,0.20,0.27,0.32,0.65,1.78,0.66,0.38,0.30,0.20,0.29,0.30,0.57
t=56 field hdg=266.9 enc=9110;14567 xy=4;-221 want=-167 str=0.57 l=-0.78 r=2.00 tick=571978 goal=0 here=0 d11=0.64 B=1.20,0.78,0.36,0.28,0.18,0.27,0.32,0.63,1.78,0.67,0.38,0.32,0.21,0.29,0.29,0.56
t=56 field hdg=264.0 enc=9112;14566 xy=4;-221 want=171 str=1.04 l=2.00 r=-0.84 tick=571996 goal=0 here=0 d11=0.65 B=1.19,0.81,0.34,0.29,0.19,0.27,0.32,0.63,1.79,0.67,0.38,0.32,0.20,0.30,0.30,0.55
t=57 field hdg=267.1 enc=9113;14568 xy=4;-223 want=171 str=1.07 l=2.00 r=-0.85 tick=572016 goal=0 here=0 d11=0.66 B=1.19,0.82,0.35,0.28,0.19,0.26,0.32,0.63,1.79,0.66,0.38,0.31,0.21,0.29,0.28,0.54
t=57 field hdg=265.8 enc=9113;14569 xy=4;-223 want=-172 str=0.53 l=-0.85 r=2.00 tick=572035 goal=0 here=0 d11=0.64 B=1.21,0.78,0.34,0.30,0.19,0.26,0.34,0.65,1.78,0.68,0.40,0.32,0.20,0.29,0.30,0.57
t=57 field hdg=268.0 enc=9114;14571 xy=4;-225 want=171 str=0.55 l=2.00 r=-0.84 tick=572053 goal=0 here=0 d11=0.64 B=1.20,0.78,0.34,0.30,0.20,0.27,0.31,0.63,1.77,0.68,0.38,0.32,0.18,0.28,0.29,0.56
t=57 field hdg=267.8 enc=9115;14573 xy=4;-226 want=-176 str=0.53 l=-0.91 r=2.00 tick=572072 goal=0 here=0 d11=0.65 B=1.21,0.80,0.35,0.28,0.21,0.26,0.32,0.64,1.78,0.68,0.38,0.31,0.20,0.29,0.30,0.56
t=57 field hdg=268.2 enc=9116;14571 xy=4;-226 want=-176 str=0.57 l=-0.91 r=2.00 tick=572091 goal=0 here=0 d11=0.66 B=1.21,0.78,0.35,0.29,0.21,0.26,0.32,0.64,1.79,0.66,0.38,0.31,0.22,0.29,0.28,0.55
t=57 field hdg=267.8 enc=9118;14573 xy=4;-228 want=-177 str=0.52 l=-0.92 r=2.00 tick=572110 goal=0 here=0 d11=0.64 B=1.20,0.81,0.34,0.29,0.19,0.26,0.32,0.62,1.79,0.67,0.39,0.32,0.21,0.28,0.29,0.56
t=58 field hdg=267.7 enc=9123;14573 xy=4;-230 want=-173 str=0.51 l=-0.87 r=2.00 tick=572133 goal=0 here=0 d11=0.64 B=1.19,0.83,0.35,0.28,0.19,0.24,0.32,0.63,1.78,0.67,0.40,0.32,0.20,0.28,0.29,0.55
t=58 field hdg=267.0 enc=9125;14572 xy=4;-231 want=172 str=0.49 l=2.00 r=-0.87 tick=572151 goal=0 here=0 d11=0.64 B=1.19,0.86,0.35,0.29,0.21,0.25,0.32,0.61,1.78,0.68,0.39,0.31,0.20,0.28,0.29,0.56
t=58 field hdg=264.1 enc=9125;14575 xy=4;-232 want=165 str=0.96 l=2.00 r=-0.76 tick=572170 goal=0 here=0 d11=0.66 B=1.20,0.90,0.34,0.29,0.21,0.25,0.32,0.61,1.77,0.68,0.38,0.33,0.19,0.28,0.29,0.55
t=58 field hdg=266.9 enc=9123;14576 xy=4;-232 want=174 str=1.04 l=2.00 r=-0.89 tick=572189 goal=0 here=0 d11=0.64 B=1.18,0.84,0.35,0.28,0.18,0.24,0.31,0.62,1.78,0.68,0.40,0.31,0.20,0.28,0.29,0.55
t=59 field hdg=266.5 enc=9125;14576 xy=3;-233 want=170 str=1.04 l=2.00 r=-0.84 tick=572210 goal=0 here=0 d11=0.66 B=1.18,0.83,0.34,0.29,0.20,0.26,0.33,0.62,1.77,0.69,0.40,0.31,0.21,0.29,0.29,0.55
t=59 field hdg=264.9 enc=9124;14579 xy=3;-234 want=175 str=1.04 l=2.00 r=-0.90 tick=572232 goal=0 here=0 d11=0.65 B=1.19,0.81,0.35,0.28,0.19,0.24,0.32,0.64,1.78,0.66,0.39,0.32,0.20,0.29,0.30,0.55
t=59 field hdg=264.4 enc=9124;14582 xy=3;-235 want=-170 str=0.52 l=-0.83 r=2.00 tick=572254 goal=0 here=0 d11=0.63 B=1.20,0.76,0.35,0.30,0.20,0.24,0.31,0.64,1.79,0.66,0.37,0.32,0.21,0.29,0.30,0.57
t=59 field hdg=262.6 enc=9125;14582 xy=3;-236 want=166 str=1.15 l=2.00 r=-0.78 tick=572273 goal=0 here=0 d11=0.65 B=1.19,0.76,0.36,0.29,0.20,0.27,0.32,0.64,1.80,0.66,0.39,0.31,0.19,0.28,0.29,0.55
t=59 field hdg=265.0 enc=9126;14584 xy=3;-237 want=-174 str=0.58 l=-0.89 r=2.00 tick=572292 goal=0 here=0 d11=0.64 B=1.19,0.78,0.34,0.28,0.20,0.26,0.31,0.64,1.80,0.67,0.38,0.32,0.20,0.30,0.29,0.56
t=60 field hdg=268.2 enc=9129;14583 xy=3;-238 want=177 str=0.56 l=2.00 r=-0.93 tick=572319 goal=0 here=0 d11=0.65 B=1.19,0.76,0.35,0.30,0.20,0.27,0.32,0.65,1.78,0.65,0.38,0.32,0.20,0.29,0.30,0.56
t=60 field hdg=266.1 enc=9130;14586 xy=3;-240 want=-170 str=0.57 l=-0.83 r=2.00 tick=572338 goal=0 here=0 d11=0.65 B=1.19,0.78,0.33,0.28,0.20,0.25,0.32,0.63,1.78,0.67,0.39,0.31,0.20,0.30,0.29,0.55
t=60 field hdg=261.8 enc=9130;14585 xy=3;-240 want=-175 str=0.57 l=-0.89 r=2.00 tick=572357 goal=0 here=0 d11=0.63 B=1.20,0.78,0.34,0.28,0.20,0.25,0.33,0.65,1.80,0.67,0.39,0.31,0.20,0.29,0.29,0.56
t=60 field hdg=265.8 enc=9132;14587 xy=3;-242 want=-175 str=0.53 l=-0.90 r=2.00 tick=572376 goal=0 here=0 d11=0.63 B=1.19,0.80,0.34,0.29,0.22,0.25,0.31,0.64,1.79,0.67,0.37,0.32,0.20,0.29,0.31,0.55
t=60 field hdg=265.1 enc=9135;14586 xy=3;-243 want=169 str=1.08 l=2.00 r=-0.83 tick=572395 goal=0 here=0 d11=0.64 B=1.18,0.82,0.34,0.28,0.21,0.25,0.32,0.64,1.79,0.68,0.40,0.34,0.20,0.29,0.29,0.55
t=61 field hdg=266.4 enc=9134;14589 xy=3;-244 want=177 str=0.53 l=2.00 r=-0.94 tick=572427 goal=0 here=0 d11=0.64 B=1.17,0.83,0.36,0.29,0.22,0.24,0.31,0.62,1.78,0.69,0.38,0.33,0.20,0.29,0.29,0.55
t=61 field hdg=266.4 enc=9135;14591 xy=3;-245 want=-172 str=0.51 l=-0.87 r=2.00 tick=572448 goal=0 here=0 d11=0.64 B=1.18,0.81,0.35,0.30,0.20,0.24,0.31,0.63,1.78,0.68,0.39,0.30,0.21,0.30,0.29,0.56
t=61 field hdg=264.3 enc=9136;14590 xy=3;-245 want=169 str=1.08 l=2.00 r=-0.83 tick=572467 goal=0 here=0 d11=0.63 B=1.18,0.80,0.35,0.28,0.22,0.24,0.33,0.63,1.79,0.67,0.39,0.32,0.19,0.28,0.29,0.55
t=61 field hdg=266.3 enc=9136;14594 xy=2;-247 want=-172 str=0.57 l=-0.85 r=2.00 tick=572485 goal=0 here=0 d11=0.64 B=1.19,0.80,0.34,0.27,0.21,0.25,0.32,0.65,1.79,0.68,0.38,0.33,0.21,0.28,0.29,0.56
t=61 field hdg=263.1 enc=9137;14593 xy=2;-247 want=170 str=1.10 l=2.00 r=-0.85 tick=572504 goal=0 here=0 d11=0.64 B=1.17,0.79,0.34,0.28,0.22,0.24,0.32,0.63,1.80,0.67,0.39,0.32,0.20,0.29,0.29,0.54
t=62 field hdg=264.7 enc=9140;14595 xy=2;-250 want=171 str=1.10 l=2.00 r=-0.85 tick=572523 goal=0 here=0 d11=0.64 B=1.18,0.80,0.34,0.28,0.21,0.25,0.32,0.63,1.79,0.67,0.38,0.30,0.21,0.28,0.29,0.54
t=62 field hdg=264.7 enc=9138;14597 xy=2;-250 want=169 str=1.14 l=2.00 r=-0.82 tick=572544 goal=0 here=0 d11=0.64 B=1.20,0.78,0.35,0.28,0.21,0.24,0.34,0.64,1.80,0.66,0.39,0.31,0.20,0.28,0.27,0.55
t=62 field hdg=266.8 enc=9138;14597 xy=2;-250 want=-175 str=0.63 l=-0.91 r=2.00 tick=572563 goal=0 here=0 d11=0.64 B=1.18,0.76,0.34,0.27,0.20,0.26,0.32,0.64,1.79,0.66,0.39,0.30,0.19,0.30,0.28,0.55
t=62 field hdg=264.7 enc=9141;14599 xy=2;-252 want=-171 str=0.60 l=-0.83 r=2.00 tick=572582 goal=0 here=0 d11=0.64 B=1.20,0.76,0.33,0.28,0.20,0.24,0.33,0.65,1.78,0.66,0.39,0.31,0.21,0.29,0.28,0.56
t=62 field hdg=265.1 enc=9143;14598 xy=2;-253 want=-168 str=0.55 l=-0.80 r=2.00 tick=572601 goal=0 here=0 d11=0.63 B=1.19,0.77,0.33,0.29,0.21,0.23,0.32,0.64,1.79,0.67,0.38,0.31,0.21,0.29,0.30,0.55
t=63 field hdg=266.4 enc=9143;14599 xy=2;-253 want=168 str=1.12 l=2.00 r=-0.81 tick=572621 goal=0 here=0 d11=0.64 B=1.18,0.81,0.34,0.28,0.22,0.25,0.33,0.63,1.80,0.68,0.39,0.32,0.20,0.28,0.29,0.55
t=63 field hdg=266.4 enc=9144;14600 xy=2;-254 want=176 str=0.55 l=2.00 r=-0.93 tick=572640 goal=0 here=0 d11=0.64 B=1.18,0.82,0.35,0.28,0.23,0.22,0.33,0.64,1.79,0.68,0.38,0.30,0.19,0.28,0.29,0.56
t=63 field hdg=266.0 enc=9145;14601 xy=2;-255 want=-179 str=0.61 l=-0.97 r=2.00 tick=572659 goal=0 here=0 d11=0.64 B=1.18,0.78,0.34,0.28,0.22,0.24,0.33,0.65,1.81,0.67,0.39,0.31,0.19,0.30,0.27,0.56
t=63 field hdg=264.9 enc=9146;14603 xy=2;-257 want=-171 str=0.59 l=-0.84 r=2.00 tick=572678 goal=0 here=0 d11=0.65 B=1.19,0.78,0.34,0.28,0.22,0.23,0.34,0.66,1.80,0.68,0.38,0.30,0.20,0.29,0.29,0.56
t=63 field hdg=263.3 enc=9147;14604 xy=2;-258 want=172 str=1.10 l=2.00 r=-0.86 tick=572697 goal=0 here=0 d11=0.63 B=1.20,0.82,0.34,0.27,0.22,0.23,0.33,0.65,1.80,0.68,0.39,0.30,0.20,0.28,0.28,0.54
t=64 field hdg=266.7 enc=9148;14605 xy=1;-259 want=-165 str=0.55 l=-0.77 r=2.00 tick=572716 goal=0 here=0 d11=0.64 B=1.19,0.81,0.34,0.27,0.21,0.23,0.32,0.63,1.80,0.67,0.39,0.31,0.20,0.30,0.29,0.56
t=64 field hdg=263.9 enc=9149;14603 xy=2;-258 want=171 str=1.13 l=2.00 r=-0.86 tick=572734 goal=0 here=0 d11=0.64 B=1.17,0.81,0.35,0.27,0.22,0.24,0.33,0.64,1.79,0.67,0.39,0.30,0.20,0.30,0.28,0.55
t=64 field hdg=261.1 enc=9151;14606 xy=1;-261 want=179 str=0.57 l=2.00 r=-0.96 tick=572754 goal=0 here=0 d11=0.65 B=1.18,0.83,0.34,0.29,0.21,0.23,0.33,0.64,1.79,0.68,0.38,0.31,0.19,0.29,0.27,0.55
t=64 field hdg=264.7 enc=9150;14607 xy=1;-261 want=172 str=1.10 l=2.00 r=-0.87 tick=572775 goal=0 here=0 d11=0.64 B=1.17,0.80,0.34,0.28,0.21,0.23,0.33,0.65,1.81,0.67,0.39,0.29,0.21,0.29,0.29,0.54
t=64 field hdg=264.3 enc=9151;14609 xy=1;-262 want=-172 str=0.60 l=-0.86 r=2.00 tick=572795 goal=0 here=0 d11=0.65 B=1.18,0.76,0.34,0.29,0.21,0.24,0.32,0.65,1.80,0.66,0.38,0.30,0.21,0.30,0.28,0.56
t=65 field hdg=267.9 enc=9153;14610 xy=1;-264 want=-166 str=0.63 l=-0.78 r=2.00 tick=572814 goal=0 here=0 d11=0.66 B=1.19,0.76,0.35,0.28,0.21,0.23,0.33,0.66,1.79,0.67,0.39,0.30,0.21,0.30,0.28,0.56
t=65 field hdg=264.2 enc=9154;14610 xy=1;-264 want=-167 str=0.59 l=-0.81 r=2.00 tick=572835 goal=0 here=0 d11=0.65 B=1.17,0.80,0.34,0.28,0.22,0.22,0.32,0.64,1.82,0.68,0.40,0.30,0.21,0.30,0.28,0.55
t=65 field hdg=261.9 enc=9156;14610 xy=1;-265 want=-176 str=0.57 l=-0.92 r=2.00 tick=572854 goal=0 here=0 d11=0.65 B=1.18,0.82,0.35,0.29,0.21,0.23,0.33,0.64,1.81,0.68,0.38,0.30,0.21,0.28,0.28,0.55
t=65 field hdg=260.1 enc=9159;14609 xy=1;-266 want=174 str=1.09 l=2.00 r=-0.90 tick=572873 goal=0 here=0 d11=0.65 B=1.17,0.82,0.35,0.27,0.22,0.23,0.32,0.65,1.80,0.69,0.39,0.31,0.20,0.30,0.28,0.55
t=65 field hdg=259.9 enc=9158;14611 xy=0;-267 want=178 str=1.05 l=2.00 r=-0.95 tick=572892 goal=0 here=0 d11=0.64 B=1.17,0.83,0.33,0.26,0.21,0.22,0.33,0.63,1.80,0.66,0.39,0.31,0.21,0.29,0.29,0.54
t=66 field hdg=265.6 enc=9160;14615 xy=0;-270 want=-174 str=0.55 l=-0.90 r=2.00 tick=572911 goal=0 here=0 d11=0.64 B=1.17,0.82,0.34,0.27,0.24,0.21,0.33,0.64,1.80,0.68,0.40,0.29,0.20,0.29,0.29,0.55
t=66 field hdg=265.9 enc=9159;14615 xy=0;-269 want=-168 str=0.56 l=-0.81 r=2.00 tick=572930 goal=0 here=0 d11=0.66 B=1.18,0.81,0.35,0.28,0.24,0.21,0.33,0.65,1.81,0.68,0.39,0.31,0.22,0.29,0.29,0.56
t=66 field hdg=261.5 enc=9163;14613 xy=0;-270 want=177 str=0.99 l=2.00 r=-0.93 tick=572948 goal=0 here=0 d11=0.65 B=1.18,0.84,0.36,0.27,0.23,0.21,0.31,0.62,1.78,0.67,0.39,0.31,0.21,0.29,0.29,0.54
t=66 field hdg=267.8 enc=9164;14616 xy=0;-272 want=170 str=1.07 l=2.00 r=-0.84 tick=572967 goal=0 here=0 d11=0.66 B=1.17,0.83,0.34,0.28,0.22,0.22,0.32,0.63,1.81,0.68,0.40,0.29,0.20,0.29,0.28,0.55
t=66 field hdg=264.5 enc=9164;14617 xy=-0;-273 want=170 str=1.12 l=2.00 r=-0.86 tick=572986 goal=0 here=0 d11=0.66 B=1.16,0.83,0.35,0.28,0.23,0.22,0.33,0.63,1.81,0.68,0.39,0.30,0.20,0.29,0.27,0.54
t=66 field hdg=264.0 enc=9163;14621 xy=-0;-274 want=171 str=1.09 l=2.00 r=-0.87 tick=573005 goal=0 here=0 d11=0.65 B=1.16,0.81,0.34,0.28,0.23,0.22,0.33,0.64,1.80,0.67,0.40,0.29,0.21,0.29,0.28,0.54
t=67 field hdg=265.1 enc=9163;14620 xy=-0;-274 want=-174 str=0.57 l=-0.89 r=2.00 tick=573024 goal=0 here=0 d11=0.65 B=1.19,0.78,0.34,0.28,0.23,0.23,0.33,0.65,1.81,0.68,0.38,0.29,0.21,0.29,0.29,0.56
t=67 field hdg=268.9 enc=9164;14621 xy=-0;-275 want=172 str=1.14 l=2.00 r=-0.87 tick=573043 goal=0 here=0 d11=0.64 B=1.18,0.77,0.33,0.28,0.22,0.22,0.33,0.67,1.80,0.68,0.38,0.28,0.20,0.30,0.27,0.55
t=67 field hdg=264.4 enc=9164;14624 xy=-0;-276 want=-177 str=0.63 l=-0.93 r=2.00 tick=573061 goal=0 here=0 d11=0.64 B=1.18,0.80,0.34,0.26,0.24,0.23,0.33,0.65,1.81,0.69,0.38,0.30,0.21,0.28,0.28,0.55
t=67 field hdg=263.6 enc=9165;14625 xy=-0;-277 want=-174 str=0.62 l=-0.90 r=2.00 tick=573083 goal=0 here=0 d11=0.65 B=1.17,0.79,0.34,0.28,0.23,0.22,0.33,0.66,1.81,0.67,0.38,0.30,0.21,0.29,0.28,0.55
t=67 field hdg=270.8 enc=9168;14623 xy=-0;-278 want=170 str=1.11 l=2.00 r=-0.84 tick=573106 goal=0 here=0 d11=0.65 B=1.18,0.81,0.35,0.28,0.24,0.21,0.32,0.65,1.81,0.68,0.39,0.29,0.21,0.28,0.28,0.54
t=68 field hdg=264.7 enc=9169;14626 xy=-1;-280 want=173 str=1.06 l=2.00 r=-0.89 tick=573125 goal=0 here=0 d11=0.66 B=1.17,0.82,0.34,0.28,0.23,0.19,0.33,0.65,1.81,0.68,0.38,0.29,0.20,0.29,0.28,0.54
t=68 field hdg=264.8 enc=9170;14627 xy=-1;-281 want=175 str=1.12 l=2.00 r=-0.92 tick=573144 goal=0 here=0 d11=0.65 B=1.16,0.80,0.34,0.27,0.22,0.21,0.31,0.65,1.82,0.67,0.38,0.29,0.21,0.30,0.27,0.54
t=68 field hdg=268.0 enc=9170;14628 xy=-1;-281 want=168 str=1.14 l=2.00 r=-0.81 tick=573163 goal=0 here=0 d11=0.64 B=1.18,0.79,0.35,0.28,0.24,0.22,0.33,0.66,1.82,0.68,0.37,0.28,0.21,0.29,0.28,0.54
t=68 field hdg=267.9 enc=9168;14631 xy=-1;-282 want=-179 str=0.60 l=-0.97 r=2.00 tick=573182 goal=0 here=0 d11=0.65 B=1.17,0.76,0.33,0.27,0.24,0.22,0.33,0.67,1.80,0.68,0.39,0.28,0.21,0.29,0.29,0.57
t=68 field hdg=264.5 enc=9171;14630 xy=-1;-283 want=-167 str=0.61 l=-0.80 r=2.00 tick=573201 goal=0 here=0 d11=0.64 B=1.17,0.75,0.34,0.27,0.23,0.21,0.32,0.66,1.79,0.68,0.40,0.29,0.21,0.30,0.29,0.56
t=69 field hdg=266.8 enc=9173;14631 xy=-1;-284 want=175 str=1.11 l=2.00 r=-0.92 tick=573219 goal=0 here=0 d11=0.64 B=1.17,0.77,0.34,0.27,0.22,0.20,0.34,0.65,1.80,0.69,0.39,0.28,0.21,0.29,0.28,0.55
t=69 field hdg=269.4 enc=9172;14634 xy=-1;-285 want=-170 str=0.61 l=-0.85 r=2.00 tick=573238 goal=0 here=0 d11=0.64 B=1.17,0.77,0.35,0.28,0.23,0.21,0.32,0.66,1.81,0.70,0.39,0.28,0.22,0.29,0.28,0.57
t=69 field hdg=267.1 enc=9174;14632 xy=-1;-285 want=-171 str=0.64 l=-0.87 r=2.00 tick=573257 goal=0 here=0 d11=0.64 B=1.16,0.78,0.34,0.26,0.23,0.21,0.34,0.66,1.82,0.67,0.40,0.28,0.22,0.29,0.28,0.55
t=69 field hdg=264.8 enc=9176;14634 xy=-1;-287 want=172 str=1.11 l=2.00 r=-0.88 tick=573276 goal=0 here=0 d11=0.64 B=1.17,0.79,0.34,0.27,0.26,0.20,0.33,0.65,1.82,0.69,0.39,0.28,0.21,0.30,0.29,0.55
t=69 field hdg=265.6 enc=9177;14633 xy=-1;-287 want=-165 str=0.60 l=-0.78 r=2.00 tick=573295 goal=0 here=0 d11=0.62 B=1.17,0.81,0.35,0.27,0.24,0.19,0.33,0.64,1.82,0.69,0.39,0.30,0.21,0.29,0.28,0.56
t=70 field hdg=264.3 enc=9178;14634 xy=-1;-288 want=171 str=1.13 l=2.00 r=-0.87 tick=573313 goal=0 here=0 d11=0.63 B=1.15,0.80,0.34,0.27,0.24,0.20,0.34,0.65,1.80,0.69,0.39,0.28,0.21,0.29,0.27,0.54
t=70 field hdg=265.6 enc=9180;14635 xy=-1;-289 want=170 str=1.05 l=2.00 r=-0.84 tick=573332 goal=0 here=0 d11=0.62 B=1.17,0.80,0.34,0.28,0.25,0.19,0.33,0.65,1.82,0.68,0.40,0.27,0.20,0.31,0.28,0.55
t=70 field hdg=263.3 enc=9178;14639 xy=-1;-290 want=-176 str=0.63 l=-0.93 r=2.00 tick=573351 goal=0 here=0 d11=0.63 B=1.17,0.80,0.34,0.26,0.24,0.20,0.34,0.65,1.82,0.68,0.38,0.28,0.21,0.29,0.27,0.55
t=70 field hdg=265.6 enc=9180;14639 xy=-1;-291 want=169 str=1.14 l=2.00 r=-0.84 tick=573369 goal=0 here=0 d11=0.61 B=1.16,0.80,0.34,0.27,0.24,0.20,0.34,0.66,1.82,0.68,0.38,0.27,0.22,0.28,0.27,0.55
t=70 field hdg=264.4 enc=9181;14639 xy=-2;-292 want=173 str=1.13 l=2.00 r=-0.89 tick=573390 goal=0 here=0 d11=0.62 B=1.17,0.80,0.34,0.25,0.25,0.20,0.33,0.66,1.81,0.68,0.39,0.26,0.23,0.29,0.27,0.55
t=70 field hdg=265.8 enc=9180;14643 xy=-2;-293 want=171 str=1.11 l=2.00 r=-0.85 tick=573409 goal=0 here=0 d11=0.61 B=1.19,0.77,0.34,0.27,0.24,0.19,0.33,0.67,1.81,0.68,0.40,0.26,0.22,0.28,0.28,0.54
t=71 field hdg=266.7 enc=9180;14645 xy=-2;-294 want=168 str=1.15 l=2.00 r=-0.81 tick=573428 goal=0 here=0 d11=0.61 B=1.18,0.73,0.34,0.26,0.24,0.22,0.34,0.67,1.80,0.67,0.39,0.25,0.21,0.28,0.29,0.55
t=71 field hdg=265.4 enc=9181;14647 xy=-2;-296 want=179 str=0.65 l=2.00 r=-0.96 tick=573447 goal=0 here=0 d11=0.62 B=1.19,0.72,0.33,0.26,0.23,0.21,0.33,0.67,1.78,0.68,0.39,0.25,0.23,0.28,0.27,0.55
t=71 field hdg=266.3 enc=9182;14649 xy=-2;-297 want=168 str=1.17 l=2.00 r=-0.82 tick=573466 goal=0 here=0 d11=0.60 B=1.17,0.72,0.34,0.27,0.23,0.21,0.34,0.69,1.77,0.68,0.38,0.24,0.22,0.28,0.28,0.54
t=71 field hdg=265.8 enc=9182;14649 xy=-2;-297 want=172 str=0.63 l=2.00 r=-0.86 tick=573484 goal=0 here=0 d11=0.60 B=1.18,0.71,0.32,0.27,0.24,0.20,0.35,0.70,1.77,0.68,0.38,0.24,0.21,0.28,0.28,0.55
t=71 field hdg=268.6 enc=9182;14652 xy=-2;-299 want=167 str=0.61 l=2.00 r=-0.80 tick=573503 goal=0 here=0 d11=0.61 B=1.18,0.69,0.34,0.28,0.24,0.23,0.34,0.67,1.77,0.67,0.36,0.23,0.23,0.28,0.29,0.56
t=72 field hdg=267.6 enc=9181;14652 xy=-2;-298 want=179 str=0.56 l=2.00 r=-0.95 tick=573522 goal=0 here=0 d11=0.60 B=1.20,0.68,0.33,0.26,0.24,0.22,0.34,0.70,1.75,0.67,0.38,0.22,0.23,0.28,0.30,0.56
t=72 field hdg=269.0 enc=9182;14656 xy=-2;-301 want=175 str=0.52 l=2.00 r=-0.90 tick=573541 goal=0 here=0 d11=0.61 B=1.21,0.68,0.33,0.27,0.25,0.21,0.35,0.71,1.75,0.65,0.36,0.23,0.23,0.29,0.29,0.57
t=72 field hdg=271.6 enc=9180;14658 xy=-2;-301 want=172 str=0.54 l=2.00 r=-0.84 tick=573563 goal=0 here=0 d11=0.61 B=1.22,0.68,0.32,0.28,0.24,0.23,0.34,0.71,1.74,0.66,0.36,0.23,0.24,0.28,0.29,0.56
t=72 field hdg=267.4 enc=9181;14658 xy=-2;-301 want=171 str=0.56 l=2.00 r=-0.83 tick=573584 goal=0 here=0 d11=0.61 B=1.20,0.66,0.32,0.28,0.23,0.22,0.35,0.70,1.74,0.67,0.37,0.21,0.24,0.28,0.28,0.57
t=72 field hdg=270.7 enc=9182;14662 xy=-2;-304 want=168 str=0.54 l=2.00 r=-0.80 tick=573603 goal=0 here=0 d11=0.61 B=1.21,0.68,0.32,0.27,0.23,0.24,0.35,0.71,1.73,0.66,0.37,0.20,0.24,0.27,0.31,0.57
t=73 field hdg=271.4 enc=9182;14664 xy=-2;-305 want=171 str=0.53 l=2.00 r=-0.83 tick=573621 goal=0 here=0 d11=0.62 B=1.23,0.66,0.30,0.26,0.22,0.24,0.35,0.72,1.74,0.65,0.37,0.20,0.24,0.27,0.32,0.58
t=73 field hdg=269.7 enc=9182;14664 xy=-2;-305 want=177 str=0.54 l=2.00 r=-0.89 tick=573642 goal=0 here=0 d11=0.62 B=1.23,0.67,0.32,0.27,0.22,0.22,0.34,0.74,1.75,0.66,0.37,0.21,0.24,0.27,0.30,0.59
t=73 field hdg=271.3 enc=9182;14668 xy=-2;-307 want=172 str=0.62 l=2.00 r=-0.83 tick=573662 goal=0 here=0 d11=0.62 B=1.23,0.65,0.32,0.27,0.22,0.26,0.35,0.74,1.78,0.64,0.35,0.21,0.25,0.27,0.31,0.58
t=73 field hdg=269.6 enc=9180;14670 xy=-2;-307 want=174 str=0.54 l=2.00 r=-0.84 tick=573681 goal=0 here=0 d11=0.63 B=1.25,0.65,0.33,0.27,0.22,0.24,0.35,0.74,1.77,0.65,0.38,0.21,0.25,0.28,0.32,0.59
t=73 field hdg=272.5 enc=9180;14670 xy=-2;-307 want=164 str=0.61 l=2.00 r=-0.73 tick=573700 goal=0 here=0 d11=0.63 B=1.23,0.64,0.30,0.27,0.22,0.25,0.35,0.75,1.78,0.62,0.36,0.20,0.24,0.27,0.32,0.59
t=74 field hdg=269.8 enc=9181;14674 xy=-2;-309 want=177 str=0.62 l=2.00 r=-0.89 tick=573719 goal=0 here=0 d11=0.64 B=1.25,0.62,0.31,0.27,0.20,0.27,0.35,0.75,1.79,0.62,0.36,0.21,0.26,0.27,0.32,0.59
t=74 field hdg=271.8 enc=9182;14674 xy=-2;-310 want=173 str=0.65 l=2.00 r=-0.85 tick=573738 goal=0 here=0 d11=0.64 B=1.23,0.62,0.30,0.27,0.22,0.26,0.36,0.76,1.79,0.63,0.36,0.21,0.25,0.27,0.33,0.59
t=74 field hdg=270.5 enc=9182;14677 xy=-2;-311 want=160 str=0.67 l=2.00 r=-0.67 tick=573757 goal=0 here=0 d11=0.65 B=1.23,0.63,0.31,0.27,0.22,0.28,0.34,0.77,1.79,0.58,0.35,0.22,0.24,0.26,0.32,0.60
t=74 field hdg=272.7 enc=9181;14678 xy=-2;-311 want=110 str=0.27 l=2.00 r=-0.01 tick=573775 goal=0 here=0 d11=0.64 B=1.23,0.61,0.31,0.28,0.20,0.27,0.36,0.78,1.80,0.49,0.36,0.22,0.26,0.27,0.33,0.61
t=74 field hdg=273.2 enc=9180;14681 xy=-2;-312 want=115 str=0.36 l=2.00 r=-0.08 tick=573794 goal=0 here=0 d11=0.65 B=1.22,0.62,0.29,0.27,0.21,0.29,0.36,0.80,1.81,0.49,0.35,0.21,0.26,0.28,0.33,0.61
t=75 field hdg=275.6 enc=9181;14681 xy=-2;-313 want=110 str=0.32 l=2.00 r=-0.01 tick=573813 goal=0 here=0 d11=0.64 B=1.22,0.63,0.31,0.26,0.22,0.27,0.36,0.79,1.79,0.48,0.36,0.21,0.26,0.28,0.34,0.59
t=75 field hdg=272.5 enc=9182;14685 xy=-2;-315 want=112 str=0.45 l=2.00 r=-0.04 tick=573831 goal=0 here=0 d11=0.64 B=1.22,0.59,0.29,0.27,0.23,0.28,0.36,0.83,1.81,0.46,0.36,0.19,0.27,0.27,0.33,0.62
t=75 field hdg=273.9 enc=9182;14686 xy=-2;-316 want=110 str=0.38 l=2.00 r=-0.01 tick=573851 goal=0 here=0 d11=0.64 B=1.22,0.60,0.30,0.27,0.21,0.28,0.37,0.82,1.78,0.47,0.35,0.20,0.27,0.26,0.35,0.61
t=75 field hdg=270.9 enc=9181;14687 xy=-2;-316 want=126 str=0.39 l=2.00 r=-0.23 tick=573870 goal=0 here=0 d11=0.64 B=1.22,0.60,0.28,0.28,0.20,0.28,0.37,0.91,1.77,0.47,0.35,0.22,0.27,0.27,0.35,0.64
t=75 field hdg=273.0 enc=9181;14688 xy=-2;-316 want=118 str=0.52 l=2.00 r=-0.12 tick=573889 goal=0 here=0 d11=0.65 B=1.21,0.58,0.30,0.28,0.22,0.29,0.35,0.92,1.78,0.47,0.36,0.20,0.26,0.27,0.34,0.63
t=75 field hdg=278.5 enc=9180;14690 xy=-2;-317 want=130 str=0.42 l=2.00 r=-0.28 tick=573907 goal=0 here=0 d11=0.65 B=1.22,0.60,0.29,0.26,0.21,0.29,0.37,0.94,1.78,0.46,0.36,0.21,0.27,0.27,0.33,0.65
t=76 field hdg=278.2 enc=9182;14692 xy=-1;-319 want=120 str=0.54 l=2.00 r=-0.16 tick=573926 goal=0 here=0 d11=0.64 B=1.21,0.58,0.29,0.29,0.21,0.29,0.38,0.95,1.76,0.46,0.35,0.21,0.27,0.26,0.35,0.65
t=76 field hdg=274.2 enc=9180;14695 xy=-1;-319 want=123 str=0.49 l=2.00 r=-0.20 tick=573945 goal=0 here=0 d11=0.64 B=1.20,0.58,0.28,0.29,0.21,0.29,0.37,0.96,1.78,0.47,0.36,0.21,0.27,0.26,0.36,0.69
t=76 field hdg=275.4 enc=9180;14696 xy=-1;-320 want=112 str=0.47 l=2.00 r=-0.05 tick=573968 goal=0 here=0 d11=0.65 B=1.19,0.57,0.31,0.29,0.21,0.29,0.38,0.95,1.78,0.45,0.37,0.21,0.27,0.26,0.35,0.77
t=76 field hdg=274.1 enc=9182;14700 xy=-1;-323 want=119 str=0.47 l=2.00 r=-0.15 tick=573988 goal=0 here=0 d11=0.66 B=1.19,0.55,0.28,0.28,0.21,0.30,0.38,0.97,1.75,0.45,0.34,0.21,0.26,0.26,0.35,0.79
t=76 field hdg=276.4 enc=9181;14701 xy=-1;-323 want=93 str=0.23 l=2.00 r=0.18 tick=574007 goal=0 here=0 d11=0.65 B=1.18,0.55,0.28,0.28,0.19,0.30,0.38,0.98,1.70,0.46,0.36,0.20,0.27,0.27,0.37,0.94
t=77 field hdg=279.2 enc=9181;14704 xy=-1;-324 want=174 str=0.50 l=2.00 r=-0.89 tick=574029 goal=0 here=0
tick=574035 goal=0 here=0 d11=0.65 B=1.18,0.54,0.29,0.27,0.20,0.30,0.38,0.96,1.66,0.43,0.36,0.20,0.28,0.26,0.36,0.95
t=77 field hdg=274.5 enc=9180;14706 xy=-1;-325 want=-180 str=0.23 l=-0.95 r=2.00 tick=574053 goal=0 here=0 d11=0.65 B=1.20,0.54,0.27,0.27,0.20,0.31,0.40,0.98,1.34,0.45,0.35,0.21,0.28,0.25,0.37,0.95
t=77 field hdg=277.1 enc=9183;14705 xy=-1;-326 want=178 str=0.22 l=2.00 r=-0.94 tick=574074 goal=0 here=0 d11=0.65 B=1.19,0.53,0.27,0.28,0.21,0.31,0.39,0.97,1.33,0.45,0.34,0.22,0.28,0.27,0.38,0.94
t=77 field hdg=279.3 enc=9183;14707 xy=-0;-327 want=36 str=0.31 l=1.90 r=0.95 tick=574093 goal=0 here=0 d11=0.66 B=1.18,0.55,0.26,0.27,0.20,0.31,0.38,0.98,1.34,0.44,0.35,0.21,0.27,0.26,0.37,0.95
t=78 field hdg=277.1 enc=9182;14708 xy=-0;-327 want=129 str=0.21 l=2.00 r=-0.29 tick=574113 goal=0 here=0 d11=0.66 B=1.18,0.55,0.28,0.29,0.20,0.31,0.38,0.96,1.33,0.44,0.36,0.19,0.26,0.26,0.39,0.95
t=78 field hdg=276.6 enc=9183;14710 xy=-0;-328 want=166 str=0.21 l=2.00 r=-0.79 tick=574132 goal=0 here=0 d11=0.64 B=1.18,0.51,0.27,0.28,0.20,0.30,0.38,0.99,1.31,0.44,0.35,0.20,0.28,0.26,0.38,0.95
t=78 field hdg=281.9 enc=9184;14713 xy=0;-330 want=-157 str=0.11 l=-0.67 r=2.00 tick=574153 goal=0 here=0 d11=0.65 B=1.18,0.53,0.27,0.27,0.20,0.32,0.39,1.00,1.20,0.45,0.35,0.22,0.29,0.26,0.37,0.96
t=78 field hdg=281.3 enc=9186;14712 xy=0;-331 want=145 str=0.13 l=2.00 r=-0.51 tick=574175 goal=0 here=0 d11=0.66 B=1.17,0.50,0.28,0.28,0.20,0.32,0.39,1.00,1.20,0.44,0.34,0.22,0.27,0.25,0.39,0.96
t=78 field hdg=275.7 enc=9184;14715 xy=0;-331 want=136 str=0.08 l=2.00 r=-0.39 tick=574194 goal=0 here=0 d11=0.64 B=1.18,0.53,0.28,0.28,0.20,0.31,0.40,0.97,1.20,0.46,0.35,0.21,0.28,0.25,0.39,0.95
t=79 field hdg=276.6 enc=9184;14717 xy=0;-332 want=151 str=0.11 l=2.00 r=-0.59 tick=574213 goal=0 here=0 d11=0.66 B=1.18,0.51,0.26,0.27,0.21,0.30,0.40,1.01,1.19,0.44,0.35,0.20,0.27,0.26,0.40,0.96
t=79 field hdg=280.5 enc=9186;14717 xy=1;-333 want=128 str=0.16 l=2.00 r=-0.29 tick=574232 goal=0 here=0 d11=0.67 B=1.17,0.49,0.26,0.28,0.22,0.33,0.39,1.02,1.20,0.44,0.35,0.19,0.28,0.26,0.39,0.96
t=79 field hdg=280.1 enc=9185;14720 xy=1;-334 want=117 str=0.13 l=2.00 r=-0.13 tick=574256 goal=0 here=0 d11=0.66 B=1.19,0.49,0.27,0.28,0.20,0.33,0.39,1.23,0.96,0.45,0.35,0.22,0.27,0.25,0.42,0.98
t=79 field hdg=280.8 enc=9184;14722 xy=1;-335 want=155 str=0.36 l=2.00 r=-0.63 tick=574275 goal=0 here=0 d11=0.65 B=1.19,0.47,0.26,0.28,0.20,0.32,0.41,1.54,0.95,0.45,0.33,0.22,0.29,0.26,0.44,0.98
t=79 field hdg=284.5 enc=9184;14724 xy=1;-336 want=152 str=0.65 l=2.00 r=-0.59 tick=574294 goal=0 here=0 d11=0.65 B=1.19,0.45,0.26,0.29,0.20,0.32,0.41,1.84,0.92,0.44,0.35,0.21,0.28,0.27,0.44,0.97
t=80 field hdg=280.9 enc=9184;14727 xy=1;-337 want=152 str=0.62 l=2.00 r=-0.59 tick=574313 goal=0 here=0 d11=0.65 B=1.19,0.44,0.26,0.28,0.19,0.32,0.40,1.84,0.93,0.44,0.36,0.22,0.28,0.26,0.44,1.01
t=80 field hdg=286.5 enc=9186;14727 xy=2;-338 want=155 str=0.55 l=2.00 r=-0.63 tick=574336 goal=0 here=0 d11=0.67 B=1.19,0.41,0.25,0.28,0.20,0.31,0.40,1.85,0.90,0.44,0.35,0.22,0.28,0.26,0.45,1.10
t=80 field hdg=278.5 enc=9184;14730 xy=2;-339 want=151 str=0.44 l=2.00 r=-0.58 tick=574355 goal=0 here=0 d11=0.64 B=1.19,0.40,0.25,0.30,0.19,0.32,0.41,1.86,0.90,0.45,0.32,0.22,0.28,0.26,0.47,1.19
t=80 field hdg=282.5 enc=9185;14731 xy=2;-340 want=159 str=0.41 l=2.00 r=-0.67 tick=574373 goal=0 here=0 d11=0.65 B=1.20,0.40,0.26,0.29,0.20,0.32,0.40,1.85,0.90,0.44,0.33,0.24,0.28,0.27,0.46,1.19
t=80 field hdg=284.2 enc=9185;14733 xy=2;-341 want=155 str=0.49 l=2.00 r=-0.64 tick=574395 goal=0 here=0 d11=0.65 B=1.17,0.40,0.25,0.27,0.21,0.33,0.40,1.85,0.90,0.44,0.31,0.22,0.27,0.26,0.47,1.18
t=81 field hdg=283.1 enc=9185;14737 xy=3;-343 want=160 str=0.49 l=2.00 r=-0.79 tick=574414 goal=0 here=0 d11=0.64 B=1.06,0.39,0.26,0.29,0.20,0.32,0.43,1.85,0.88,0.44,0.31,0.22,0.31,0.27,0.46,1.19
t=81 field hdg=283.0 enc=9184;14739 xy=3;-343 want=169 str=0.61 l=2.00 r=-0.98 tick=574435 goal=0 here=0 d11=0.66 B=0.96,0.39,0.25,0.28,0.20,0.33,0.43,1.84,0.86,0.43,0.31,0.22,0.30,0.26,0.51,1.17
t=81 field hdg=285.9 enc=9186;14740 xy=3;-344 want=169 str=0.61 l=2.00 r=-0.98 tick=574453 goal=0 here=0 d11=0.65 B=0.96,0.38,0.26,0.27,0.21,0.32,0.41,1.85,0.84,0.43,0.30,0.23,0.29,0.26,0.51,1.18
t=81 field hdg=281.7 enc=9185;14743 xy=3;-345 want=166 str=0.59 l=2.00 r=-0.95 tick=574472 goal=0 here=0 d11=0.66 B=0.95,0.38,0.25,0.26,0.19,0.33,0.43,1.85,0.81,0.43,0.29,0.22,0.28,0.26,0.49,1.17
t=81 field hdg=282.0 enc=9186;14743 xy=4;-346 want=161 str=0.61 l=2.00 r=-0.89 tick=574491 goal=0 here=0 d11=0.65 B=0.93,0.37,0.25,0.27,0.20,0.33,0.43,1.85,0.78,0.42,0.30,0.22,0.27,0.26,0.49,1.16
t=81 field hdg=284.5 enc=9185;14744 xy=4;-346 want=160 str=0.57 l=2.00 r=-0.88 tick=574510 goal=0 here=0 d11=0.66 B=0.92,0.36,0.24,0.27,0.20,0.32,0.44,1.84,0.76,0.43,0.28,0.23,0.29,0.26,0.50,1.15
t=82 field hdg=284.8 enc=9186;14746 xy=4;-347 want=152 str=0.55 l=2.00 r=-0.78 tick=574529 goal=0 here=0 d11=0.65 B=0.92,0.36,0.26,0.27,0.21,0.33,0.43,1.84,0.75,0.41,0.26,0.24,0.27,0.26,0.51,1.15
t=82 field hdg=286.5 enc=9185;14749 xy=4;-348 want=160 str=0.49 l=2.00 r=-0.89 tick=574548 goal=0 here=0 d11=0.65 B=0.92,0.36,0.25,0.28,0.19,0.34,0.44,1.82,0.76,0.43,0.26,0.23,0.28,0.27,0.51,1.15
t=82 field hdg=287.1 enc=9186;14752 xy=5;-350 want=157 str=0.49 l=2.00 r=-0.85 tick=574567 goal=0 here=0 d11=0.65 B=0.92,0.35,0.25,0.26,0.21,0.33,0.46,1.82,0.73,0.42,0.24,0.24,0.28,0.27,0.50,1.13
t=82 field hdg=284.9 enc=9184;14753 xy=5;-350 want=164 str=0.46 l=2.00 r=-0.95 tick=574585 goal=0 here=0 d11=0.66 B=0.92,0.35,0.24,0.27,0.19,0.34,0.44,1.82,0.73,0.43,0.24,0.25,0.27,0.27,0.51,1.15
t=82 field hdg=289.5 enc=9184;14755 xy=5;-351 want=156 str=0.45 l=2.00 r=-0.84 tick=574607 goal=0 here=0 d11=0.64 B=0.91,0.34,0.24,0.27,0.19,0.34,0.45,1.83,0.75,0.41,0.23,0.23,0.28,0.28,0.52,1.15
t=83 field hdg=284.5 enc=9186;14756 xy=5;-352 want=145 str=0.51 l=2.00 r=-0.70 tick=574626 goal=0 here=0 d11=0.64 B=0.91,0.34,0.25,0.28,0.20,0.33,0.45,1.83,0.73,0.42,0.23,0.25,0.26,0.27,0.51,1.13
t=83 field hdg=284.8 enc=9184;14760 xy=6;-353 want=152 str=0.46 l=2.00 r=-0.79 tick=574644 goal=0 here=0 d11=0.66 B=0.91,0.35,0.24,0.27,0.19,0.33,0.45,1.84,0.73,0.41,0.22,0.24,0.28,0.29,0.53,1.13
t=83 field hdg=287.6 enc=9184;14761 xy=6;-354 want=139 str=0.49 l=2.00 r=-0.62 tick=574668 goal=0 here=0 d11=0.66 B=0.91,0.34,0.25,0.27,0.20,0.35,0.46,1.83,0.73,0.41,0.20,0.24,0.26,0.28,0.51,1.13
t=83 field hdg=289.3 enc=9185;14764 xy=6;-356 want=157 str=0.48 l=2.00 r=-0.86 tick=574687 goal=0 here=0 d11=0.67 B=0.89,0.34,0.25,0.27,0.19,0.34,0.46,1.83,0.73,0.40,0.23,0.25,0.27,0.28,0.53,1.12
t=83 field hdg=291.7 enc=9186;14766 xy=7;-357 want=150 str=0.48 l=2.00 r=-0.78 tick=574706 goal=0 here=0 d11=0.65 B=0.89,0.33,0.25,0.28,0.19,0.34,0.49,1.85,0.72,0.41,0.22,0.24,0.27,0.29,0.53,1.13
t=84 field hdg=287.1 enc=9184;14765 xy=7;-355 want=150 str=0.56 l=2.00 r=-0.82 tick=574725 goal=0 here=0 d11=0.66 B=0.83,0.34,0.24,0.27,0.20,0.33,0.49,1.85,0.71,0.41,0.20,0.25,0.26,0.28,0.53,1.13
t=84 field hdg=288.4 enc=9184;14768 xy=7;-357 want=162 str=0.54 l=2.00 r=-1.01 tick=574744 goal=0 here=0 d11=0.64 B=0.78,0.32,0.25,0.28,0.19,0.34,0.50,1.84,0.72,0.41,0.21,0.26,0.27,0.29,0.53,1.13
t=84 field hdg=287.6 enc=9185;14770 xy=8;-358 want=148 str=1.14 l=2.00 r=-0.84 tick=574763 goal=0 here=0 d11=0.66 B=0.77,0.33,0.24,0.25,0.21,0.33,0.62,1.85,0.70,0.39,0.22,0.25,0.26,0.30,0.52,1.15
t=84 field hdg=292.6 enc=9183;14771 xy=7;-358 want=149 str=1.19 l=2.00 r=-0.86 tick=574781 goal=0 here=0 d11=0.64 B=0.75,0.33,0.24,0.26,0.20,0.34,0.67,1.83,0.69,0.41,0.22,0.26,0.26,0.31,0.54,1.14
t=84 field hdg=287.8 enc=9183;14775 xy=8;-360 want=147 str=1.27 l=2.00 r=-0.86 tick=574800 goal=0 here=0 d11=0.63 B=0.71,0.31,0.25,0.27,0.21,0.34,0.67,1.83,0.71,0.40,0.23,0.26,0.26,0.29,0.53,1.14
t=85 field hdg=289.7 enc=9185;14775 xy=8;-361 want=151 str=1.21 l=2.00 r=-0.93 tick=574824 goal=0 here=0 d11=0.64 B=0.69,0.32,0.23,0.26,0.21,0.34,0.66,1.82,0.70,0.40,0.22,0.26,0.27,0.31,0.53,1.15
t=85 field hdg=291.3 enc=9185;14777 xy=9;-362 want=151 str=1.20 l=2.00 r=-0.93 tick=574843 goal=0 here=0 d11=0.64 B=0.69,0.32,0.23,0.26,0.20,0.34,0.68,1.80,0.71,0.40,0.22,0.26,0.26,0.30,0.53,1.17
t=85 field hdg=289.6 enc=9183;14780 xy=9;-362 want=149 str=1.17 l=2.00 r=-0.91 tick=574862 goal=0 here=0 d11=0.65 B=0.68,0.32,0.25,0.27,0.19,0.34,0.68,1.80,0.70,0.39,0.22,0.26,0.26,0.31,0.55,1.17
t=85 field hdg=290.0 enc=9185;14781 xy=9;-364 want=149 str=1.16 l=2.00 r=-0.92 tick=574881 goal=0 here=0 d11=0.63 B=0.67,0.32,0.25,0.26,0.20,0.34,0.70,1.77,0.69,0.39,0.21,0.27,0.27,0.31,0.55,1.17
t=85 field hdg=291.8 enc=9184;14784 xy=10;-364 want=161 str=0.66 l=2.00 r=-1.09 tick=574899 goal=0 here=0 d11=0.64 B=0.66,0.31,0.25,0.27,0.20,0.34,0.70,1.77,0.69,0.39,0.23,0.26,0.26,0.30,0.56,1.18
t=86 field hdg=290.6 enc=9182;14787 xy=10;-365 want=170 str=0.68 l=2.00 r=-1.21 tick=574921 goal=0 here=0 d11=0.64 B=0.64,0.31,0.23,0.25,0.20,0.34,0.71,1.76,0.69,0.38,0.21,0.27,0.26,0.32,0.57,1.19
t=86 field hdg=293.1 enc=9181;14788 xy=10;-365 want=162 str=0.68 l=2.00 r=-1.10 tick=574942 goal=0 here=0 d11=0.65 B=0.65,0.29,0.26,0.26,0.19,0.34,0.72,1.76,0.69,0.39,0.23,0.26,0.25,0.31,0.56,1.19
t=86 field hdg=291.2 enc=9182;14790 xy=10;-366 want=166 str=0.70 l=2.00 r=-1.17 tick=574961 goal=0 here=0 d11=0.64 B=0.63,0.32,0.24,0.25,0.20,0.36,0.73,1.78,0.68,0.37,0.22,0.28,0.25,0.31,0.57,1.20
t=86 field hdg=290.6 enc=9179;14791 xy=10;-365 want=157 str=0.70 l=2.00 r=-1.06 tick=574980 goal=0 here=0 d11=0.66 B=0.63,0.30,0.25,0.27,0.21,0.36,0.76,1.78,0.66,0.37,0.22,0.28,0.26,0.32,0.56,1.20
t=86 field hdg=295.3 enc=9179;14792 xy=10;-366 want=162 str=0.74 l=2.00 r=-1.13 tick=574998 goal=0 here=0 d11=0.64 B=0.61,0.29,0.24,0.26,0.21,0.35,0.77,1.79,0.65,0.38,0.22,0.28,0.26,0.32,0.57,1.21
t=87 field hdg=294.0 enc=9179;14794 xy=11;-367 want=156 str=0.65 l=2.00 r=-1.05 tick=575017 goal=0 here=0 d11=0.64 B=0.61,0.30,0.26,0.25,0.21,0.35,0.76,1.81,0.60,0.36,0.21,0.27,0.25,0.32,0.58,1.21
t=87 field hdg=297.5 enc=9177;14796 xy=11;-367 want=121 str=0.20 l=2.00 r=-0.60 tick=575036 goal=0 here=0 d11=0.65 B=0.60,0.30,0.24,0.25,0.20,0.36,0.77,1.83,0.51,0.38,0.22,0.28,0.25,0.33,0.59,1.20
t=87 field hdg=294.3 enc=9176;14799 xy=11;-368 want=116 str=0.19 l=2.00 r=-0.52 tick=575055 goal=0 here=0 d11=0.65 B=0.61,0.29,0.25,0.25,0.20,0.36,0.76,1.82,0.51,0.38,0.22,0.29,0.25,0.34,0.60,1.19
t=87 field hdg=292.7 enc=9178;14801 xy=12;-369 want=144 str=0.18 l=2.00 r=-0.90 tick=575074 goal=0 here=0 d11=0.65 B=0.61,0.29,0.24,0.24,0.20,0.35,0.79,1.83,0.50,0.36,0.22,0.28,0.25,0.33,0.61,1.20
t=87 field hdg=294.6 enc=9178;14802 xy=12;-370 want=153 str=0.19 l=2.00 r=-1.02 tick=575095 goal=0 here=0 d11=0.65 B=0.60,0.28,0.24,0.24,0.21,0.36,0.80,1.82,0.50,0.37,0.22,0.29,0.27,0.34,0.63,1.20
t=88 field hdg=297.8 enc=9175;14805 xy=12;-370 want=131 str=0.16 l=2.00 r=-0.73 tick=575114 goal=0 here=0 d11=0.65 B=0.59,0.29,0.25,0.25,0.19,0.38,0.79,1.82,0.51,0.37,0.22,0.28,0.26,0.35,0.61,1.20
t=88 field hdg=300.1 enc=9175;14806 xy=12;-370 want=156 str=0.21 l=2.00 r=-1.08 tick=575132 goal=0 here=0 d11=0.65 B=0.58,0.28,0.24,0.24,0.21,0.36,0.81,1.81,0.50,0.38,0.22,0.28,0.27,0.34,0.65,1.18
t=88 field hdg=299.7 enc=9175;14808 xy=13;-371 want=154 str=0.17 l=2.00 r=-1.05 tick=575152 goal=0 here=0 d11=0.64 B=0.57,0.29,0.24,0.24,0.21,0.36,0.82,1.81,0.49,0.38,0.23,0.28,0.26,0.36,0.70,1.19
t=88 field hdg=294.0 enc=9173;14811 xy=13;-372 want=155 str=0.17 l=2.00 r=-1.08 tick=575171 goal=0 here=0 d11=0.64 B=0.56,0.29,0.24,0.24,0.20,0.37,0.89,1.80,0.47,0.37,0.22,0.28,0.27,0.36,0.76,1.17
t=88 field hdg=298.7 enc=9172;14813 xy=13;-372 want=174 str=0.70 l=2.00 r=-1.33 tick=575190 goal=0 here=0 d11=0.67 B=0.55,0.29,0.25,0.24,0.21,0.38,0.96,1.79,0.49,0.37,0.22,0.29,0.25,0.37,0.84,1.17
t=88 field hdg=300.1 enc=9171;14813 xy=13;-372 want=173 str=0.65 l=2.00 r=-1.32 tick=575209 goal=0 here=0 d11=0.67 B=0.55,0.28,0.26,0.24,0.20,0.37,0.97,1.80,0.47,0.38,0.22,0.28,0.25,0.38,0.92,1.16
t=89 field hdg=297.5 enc=9170;14815 xy=13;-372 want=-178 str=0.62 l=-1.39 r=2.00 tick=575228 goal=0 here=0 d11=0.68 B=0.54,0.28,0.25,0.24,0.19,0.38,0.97,1.74,0.47,0.36,0.21,0.29,0.25,0.39,0.93,1.16
t=89 field hdg=301.3 enc=9172;14816 xy=14;-373 want=-174 str=0.64 l=-1.35 r=2.00 tick=575246 goal=0 here=0 d11=0.67 B=0.53,0.27,0.26,0.22,0.20,0.38,0.96,1.73,0.48,0.36,0.23,0.28,0.26,0.40,0.93,1.16
t=89 field hdg=294.1 enc=9175;14814 xy=14;-374 want=172 str=0.63 l=2.00 r=-1.31 tick=575265 goal=0 here=0 d11=0.66 B=0.55,0.28,0.26,0.24,0.20,0.38,0.97,1.81,0.47,0.37,0.21,0.29,0.25,0.39,0.93,1.16
t=89 field hdg=300.5 enc=9176;14816 xy=15;-375 want=178 str=0.14 l=2.00 r=-1.37 tick=575284 goal=0 here=0 d11=0.68 B=0.57,0.27,0.26,0.23,0.21,0.37,0.97,1.81,0.49,0.36,0.23,0.29,0.26,0.38,0.92,1.17
t=89 field hdg=299.6 enc=9173;14817 xy=14;-374 want=-173 str=0.68 l=-1.33 r=2.00 tick=575305 goal=0 here=0 d11=0.67 B=0.55,0.27,0.24,0.22,0.21,0.39,0.97,1.74,0.48,0.37,0.23,0.28,0.26,0.40,0.92,1.16
t=90 field hdg=299.8 enc=9175;14818 xy=15;-376 want=178 str=0.69 l=2.00 r=-1.40 tick=575324 goal=0 here=0 d11=0.67 B=0.53,0.27,0.25,0.23,0.21,0.37,0.98,1.73,0.49,0.36,0.23,0.28,0.25,0.41,0.92,1.15
t=90 field hdg=299.1 enc=9173;14818 xy=15;-375 want=-179 str=0.62 l=-1.40 r=2.00 tick=575343 goal=0 here=0 d11=0.67 B=0.54,0.29,0.25,0.23,0.21,0.37,0.98,1.73,0.47,0.37,0.23,0.29,0.26,0.40,0.92,1.15
t=90 field hdg=298.8 enc=9176;14820 xy=16;-377 want=178 str=0.63 l=2.00 r=-1.40 tick=575362 goal=0 here=0 d11=0.67 B=0.53,0.28,0.25,0.23,0.22,0.37,0.99,1.74,0.49,0.36,0.22,0.28,0.27,0.40,0.93,1.16
t=90 field hdg=298.9 enc=9176;14821 xy=16;-377 want=-173 str=0.69 l=-1.32 r=2.00 tick=575383 goal=0 here=0 d11=0.68 B=0.55,0.28,0.25,0.23,0.20,0.38,0.97,1.75,0.47,0.38,0.23,0.29,0.27,0.40,0.92,1.15
t=90 field hdg=296.4 enc=9176;14819 xy=16;-376 want=-172 str=0.67 l=-1.31 r=2.00 tick=575402 goal=0 here=0 d11=0.69 B=0.54,0.28,0.25,0.23,0.18,0.39,0.98,1.74,0.47,0.36,0.22,0.29,0.26,0.41,0.93,1.15
t=91 field hdg=300.3 enc=9178;14820 xy=16;-378 want=136 str=0.12 l=2.00 r=-0.82 tick=575420 goal=0 here=0 d11=0.68 B=0.56,0.28,0.25,0.24,0.21,0.38,0.98,1.80,0.49,0.36,0.22,0.28,0.25,0.39,0.92,1.17
t=91 field hdg=300.8 enc=9180;14820 xy=17;-379 want=178 str=0.68 l=2.00 r=-1.39 tick=575444 goal=0 here=0 d11=0.69 B=0.55,0.29,0.24,0.24,0.20,0.38,0.97,1.80,0.48,0.38,0.22,0.29,0.26,0.37,0.91,1.15
t=91 field hdg=298.1 enc=9180;14821 xy=17;-379 want=-176 str=0.72 l=-1.37 r=2.00 tick=575463 goal=0 here=0 d11=0.68 B=0.54,0.28,0.24,0.23,0.21,0.38,0.98,1.77,0.47,0.37,0.24,0.29,0.25,0.41,0.93,1.17
t=91 field hdg=298.6 enc=9179;14822 xy=17;-379 want=178 str=0.67 l=2.00 r=-1.39 tick=575481 goal=0 here=0 d11=0.68 B=0.54,0.27,0.26,0.24,0.21,0.38,0.98,1.76,0.48,0.36,0.22,0.29,0.26,0.40,0.92,1.16
t=91 field hdg=302.6 enc=9181;14822 xy=18;-380 want=-176 str=0.66 l=-1.37 r=2.00 tick=575500 goal=0 here=0 d11=0.68 B=0.53,0.28,0.26,0.23,0.18,0.38,0.97,1.78,0.48,0.37,0.23,0.27,0.26,0.41,0.91,1.17
t=92 field hdg=295.2 enc=9182;14823 xy=18;-381 want=-175 str=0.71 l=-1.34 r=2.00 tick=575519 goal=0 here=0 d11=0.69 B=0.55,0.27,0.25,0.24,0.20,0.38,0.98,1.76,0.48,0.37,0.23,0.29,0.27,0.41,0.92,1.16
t=92 field hdg=295.1 enc=9183;14823 xy=18;-381 want=-174 str=0.75 l=-1.34 r=2.00 tick=575538 goal=0 here=0 d11=0.68 B=0.54,0.27,0.25,0.22,0.19,0.36,0.98,1.80,0.47,0.37,0.23,0.29,0.26,0.40,0.91,1.17
t=92 field hdg=301.7 enc=9186;14821 xy=19;-382 want=-169 str=0.26 l=-1.26 r=2.00 tick=575557 goal=0 here=0 d11=0.69 B=0.56,0.27,0.23,0.22,0.20,0.36,0.95,1.81,0.47,0.37,0.23,0.28,0.24,0.39,0.90,1.15
t=92 field hdg=294.6 enc=9186;14820 xy=18;-381 want=-160 str=0.22 l=-1.13 r=2.00 tick=575577 goal=0 here=0 d11=0.69 B=0.57,0.28,0.23,0.23,0.20,0.37,0.85,1.81,0.50,0.37,0.22,0.29,0.27,0.38,0.74,1.17
t=92 field hdg=299.1 enc=9189;14818 xy=19;-382 want=-175 str=0.22 l=-1.34 r=2.00 tick=575595 goal=0 here=0 d11=0.70 B=0.56,0.27,0.24,0.23,0.20,0.36,0.82,1.82,0.50,0.38,0.22,0.29,0.25,0.37,0.73,1.17
t=93 field hdg=294.5 enc=9190;14819 xy=19;-383 want=118 str=0.22 l=2.00 r=-0.57 tick=575614 goal=0 here=0 d11=0.68 B=0.57,0.30,0.26,0.26,0.20,0.38,0.79,1.83,0.51,0.38,0.23,0.28,0.25,0.36,0.66,1.18
t=93 field hdg=294.8 enc=9191;14820 xy=20;-384 want=154 str=0.26 l=2.00 r=-1.05 tick=575633 goal=0 here=0 d11=0.68 B=0.57,0.28,0.23,0.25,0.21,0.37,0.80,1.84,0.51,0.38,0.22,0.30,0.24,0.36,0.64,1.18
t=93 field hdg=297.2 enc=9191;14822 xy=20;-384 want=159 str=0.19 l=2.00 r=-1.12 tick=575655 goal=0 here=0 d11=0.70 B=0.57,0.28,0.23,0.25,0.20,0.36,0.81,1.83,0.51,0.37,0.22,0.29,0.25,0.36,0.70,1.19
t=93 field hdg=298.2 enc=9188;14823 xy=20;-384 want=176 str=0.68 l=2.00 r=-1.36 tick=575674 goal=0 here=0 d11=0.70 B=0.55,0.28,0.24,0.25,0.19,0.38,0.82,1.83,0.49,0.38,0.22,0.27,0.26,0.38,0.75,1.17
t=93 field hdg=299.0 enc=9188;14825 xy=20;-384 want=-166 str=0.19 l=-1.23 r=2.00 tick=575693 goal=0 here=0 d11=0.68 B=0.55,0.27,0.23,0.24,0.20,0.37,0.86,1.81,0.48,0.37,0.23,0.29,0.25,0.38,0.84,1.17
t=94 field hdg=302.4 enc=9191;14826 xy=21;-386 want=-135 str=0.16 l=-0.81 r=2.00 tick=575711 goal=0 here=0 d11=0.69 B=0.56,0.28,0.24,0.23,0.21,0.36,0.86,1.81,0.50,0.37,0.23,0.29,0.26,0.39,0.91,1.16
t=94 field hdg=298.5 enc=9192;14825 xy=21;-386 want=168 str=0.14 l=2.00 r=-1.25 tick=575733 goal=0 here=0 d11=0.68 B=0.56,0.29,0.24,0.23,0.21,0.36,0.82,1.81,0.49,0.37,0.22,0.29,0.25,0.39,0.75,1.18
t=94 STUCK mv=10 want=155
t=97 field hdg=282.0 enc=9226;14780 xy=21;-385 want=166 str=0.64 l=2.00 r=-0.97 tick=576058 goal=0 here=0 d11=0.69 B=0.91,0.37,0.25,0.24,0.21,0.31,0.41,1.86,0.86,0.46,0.23,0.26,0.27,0.27,0.50,1.16
t=97 field hdg=285.9 enc=9227;14782 xy=21;-386 want=164 str=0.66 l=2.00 r=-0.95 tick=576077 goal=0 here=0 d11=0.69 B=0.91,0.36,0.24,0.27,0.21,0.31,0.41,1.87,0.84,0.45,0.24,0.25,0.28,0.27,0.50,1.13
t=97 field hdg=284.8 enc=9226;14785 xy=21;-387 want=156 str=0.63 l=2.00 r=-0.85 tick=576096 goal=0 here=0 d11=0.68 B=0.90,0.36,0.23,0.26,0.21,0.33,0.42,1.87,0.81,0.44,0.23,0.24,0.26,0.27,0.50,1.15
t=98 field hdg=285.3 enc=9226;14785 xy=21;-387 want=158 str=0.57 l=2.00 r=-0.86 tick=576115 goal=0 here=0 d11=0.68 B=0.92,0.35,0.24,0.27,0.20,0.34,0.43,1.86,0.80,0.43,0.23,0.25,0.27,0.28,0.50,1.14
t=98 field hdg=280.4 enc=9227;14789 xy=22;-390 want=161 str=0.53 l=2.00 r=-0.92 tick=576136 goal=0 here=0 d11=0.71 B=0.90,0.35,0.25,0.27,0.20,0.33,0.42,1.84,0.79,0.45,0.23,0.26,0.27,0.29,0.51,1.13
t=98 field hdg=283.4 enc=9227;14789 xy=22;-390 want=163 str=0.59 l=2.00 r=-0.94 tick=576155 goal=0 here=0 d11=0.67 B=0.90,0.34,0.24,0.27,0.21,0.34,0.43,1.85,0.77,0.45,0.24,0.27,0.27,0.27,0.51,1.13
t=98 field hdg=289.4 enc=9227;14791 xy=22;-390 want=151 str=0.56 l=2.00 r=-0.80 tick=576177 goal=0 here=0 d11=0.69 B=0.88,0.35,0.24,0.27,0.22,0.33,0.43,1.84,0.76,0.42,0.23,0.24,0.26,0.29,0.50,1.12
t=98 field hdg=283.1 enc=9228;14794 xy=23;-392 want=161 str=0.60 l=2.00 r=-0.92 tick=576196 goal=0 here=0 d11=0.69 B=0.89,0.34,0.23,0.26,0.21,0.33,0.43,1.85,0.75,0.43,0.23,0.26,0.26,0.28,0.52,1.11
t=99 field hdg=287.1 enc=9228;14794 xy=23;-392 want=158 str=0.61 l=2.00 r=-0.89 tick=576214 goal=0 here=0 d11=0.68 B=0.89,0.33,0.23,0.28,0.21,0.34,0.44,1.86,0.75,0.42,0.25,0.24,0.26,0.29,0.51,1.11
t=99 field hdg=286.8 enc=9228;14798 xy=23;-394 want=170 str=0.57 l=2.00 r=-1.06 tick=576233 goal=0 here=0 d11=0.69 B=0.87,0.33,0.23,0.28,0.20,0.33,0.45,1.85,0.75,0.43,0.24,0.25,0.27,0.30,0.51,1.12
t=99 field hdg=286.5 enc=9226;14800 xy=23;-394 want=177 str=0.61 l=2.00 r=-1.14 tick=576252 goal=0 here=0 d11=0.69 B=0.88,0.32,0.23,0.25,0.20,0.33,0.45,1.85,0.74,0.43,0.24,0.27,0.26,0.29,0.52,1.10
t=99 field hdg=288.4 enc=9224;14801 xy=23;-394 want=166 str=0.55 l=2.00 r=-1.01 tick=576274 goal=0 here=0 d11=0.70 B=0.87,0.33,0.24,0.28,0.19,0.33,0.45,1.86,0.73,0.43,0.24,0.27,0.26,0.29,0.53,1.11
t=99 field hdg=287.9 enc=9224;14804 xy=23;-395 want=165 str=0.62 l=2.00 r=-1.01 tick=576298 goal=0 here=0 d11=0.68 B=0.85,0.34,0.23,0.27,0.21,0.33,0.46,1.87,0.75,0.42,0.23,0.27,0.24,0.30,0.52,1.13
t=100 field hdg=288.5 enc=9221;14805 xy=23;-394 want=173 str=0.68 l=2.00 r=-1.17 tick=576320 goal=0 here=0 d11=0.66 B=0.77,0.31,0.23,0.27,0.20,0.33,0.48,1.87,0.73,0.42,0.24,0.28,0.26,0.31,0.52,1.12
t=100 field hdg=285.7 enc=9222;14808 xy=24;-396 want=173 str=0.74 l=2.00 r=-1.19 tick=576338 goal=0 here=0 d11=0.66 B=0.73,0.32,0.23,0.26,0.21,0.34,0.49,1.88,0.73,0.42,0.23,0.28,0.25,0.32,0.53,1.12
t=100 field hdg=290.8 enc=9220;14809 xy=24;-396 want=-177 str=0.72 l=-1.27 r=2.00 tick=576357 goal=0 here=0 d11=0.67 B=0.71,0.32,0.23,0.25,0.19,0.34,0.50,1.85,0.73,0.42,0.23,0.30,0.25,0.30,0.53,1.14
t=100 field hdg=288.7 enc=9222;14808 xy=24;-396 want=179 str=0.73 l=2.00 r=-1.31 tick=576376 goal=0 here=0 d11=0.66 B=0.69,0.31,0.23,0.26,0.21,0.33,0.48,1.84,0.72,0.41,0.24,0.28,0.26,0.32,0.54,1.14
t=100 field hdg=290.7 enc=9222;14810 xy=24;-397 want=179 str=0.74 l=2.00 r=-1.29 tick=576394 goal=0 here=0 d11=0.68 B=0.71,0.31,0.23,0.25,0.19,0.34,0.49,1.85,0.73,0.41,0.24,0.28,0.25,0.32,0.53,1.14
t=101 field hdg=290.7 enc=9220;14813 xy=24;-398 want=177 str=0.73 l=2.00 r=-1.28 tick=576417 goal=0 here=0 d11=0.65 B=0.68,0.30,0.23,0.27,0.20,0.35,0.51,1.83,0.73,0.41,0.24,0.28,0.25,0.32,0.54,1.15
t=101 field hdg=290.2 enc=9220;14814 xy=24;-398 want=158 str=1.26 l=2.00 r=-1.06 tick=576436 goal=0 here=0 d11=0.65 B=0.65,0.30,0.23,0.25,0.20,0.33,0.67,1.81,0.70,0.40,0.23,0.28,0.26,0.30,0.54,1.16
t=101 field hdg=291.0 enc=9219;14816 xy=25;-399 want=156 str=1.25 l=2.00 r=-1.02 tick=576455 goal=0 here=0 d11=0.66 B=0.65,0.31,0.23,0.26,0.21,0.35,0.70,1.81,0.70,0.38,0.22,0.29,0.27,0.31,0.55,1.17
t=101 field hdg=292.3 enc=9218;14819 xy=25;-400 want=159 str=1.26 l=2.00 r=-1.08 tick=576474 goal=0 here=0 d11=0.66 B=0.64,0.29,0.23,0.26,0.19,0.35,0.70,1.78,0.69,0.38,0.24,0.29,0.25,0.33,0.55,1.17
t=101 field hdg=292.3 enc=9217;14821 xy=25;-400 want=174 str=0.79 l=2.00 r=-1.28 tick=576493 goal=0 here=0 d11=0.65 B=0.63,0.30,0.23,0.26,0.19,0.34,0.72,1.79,0.70,0.40,0.23,0.28,0.26,0.32,0.56,1.17
t=102 field hdg=293.0 enc=9216;14822 xy=25;-400 want=177 str=0.84 l=2.00 r=-1.33 tick=576513 goal=0 here=0 d11=0.64 B=0.63,0.29,0.22,0.25,0.20,0.34,0.73,1.79,0.69,0.40,0.24,0.29,0.25,0.33,0.57,1.18
t=102 field hdg=291.4 enc=9213;14825 xy=25;-400 want=172 str=0.79 l=2.00 r=-1.28 tick=576532 goal=0 here=0 d11=0.64 B=0.60,0.30,0.23,0.26,0.20,0.36,0.73,1.80,0.70,0.39,0.23,0.29,0.25,0.34,0.58,1.19
t=102 field hdg=296.4 enc=9213;14825 xy=25;-400 want=170 str=0.81 l=2.00 r=-1.25 tick=576551 goal=0 here=0 d11=0.64 B=0.60,0.30,0.23,0.26,0.21,0.35,0.75,1.81,0.69,0.39,0.22,0.29,0.26,0.35,0.57,1.19
t=102 field hdg=296.8 enc=9212;14829 xy=26;-401 want=171 str=0.80 l=2.00 r=-1.27 tick=576570 goal=0 here=0 d11=0.63 B=0.60,0.29,0.24,0.25,0.19,0.35,0.74,1.82,0.66,0.39,0.23,0.28,0.24,0.33,0.58,1.19
t=102 field hdg=297.6 enc=9211;14830 xy=26;-401 want=158 str=0.19 l=2.00 r=-1.10 tick=576591 goal=0 here=0 d11=0.64 B=0.59,0.30,0.22,0.26,0.19,0.35,0.76,1.82,0.53,0.40,0.24,0.29,0.25,0.35,0.59,1.20
t=102 field hdg=293.6 enc=9209;14833 xy=26;-402 want=126 str=0.27 l=2.00 r=-0.67 tick=576610 goal=0 here=0 d11=0.65 B=0.58,0.30,0.23,0.27,0.21,0.35,0.79,1.83,0.52,0.38,0.23,0.29,0.25,0.36,0.59,1.19
t=103 field hdg=294.7 enc=9210;14833 xy=26;-402 want=163 str=0.25 l=2.00 r=-1.16 tick=576629 goal=0 here=0 d11=0.64 B=0.58,0.28,0.24,0.26,0.20,0.36,0.79,1.83,0.52,0.38,0.23,0.29,0.26,0.36,0.61,1.18
t=103 field hdg=299.4 enc=9209;14834 xy=26;-402 want=152 str=0.24 l=2.00 r=-1.01 tick=576647 goal=0 here=0 d11=0.64 B=0.59,0.28,0.24,0.25,0.20,0.36,0.81,1.83,0.52,0.38,0.23,0.28,0.26,0.36,0.64,1.17
t=103 field hdg=292.4 enc=9208;14837 xy=27;-403 want=158 str=0.23 l=2.00 r=-1.11 tick=576674 goal=0 here=0 d11=0.64 B=0.56,0.28,0.24,0.25,0.20,0.36,0.81,1.85,0.50,0.39,0.23,0.28,0.25,0.36,0.71,1.17
t=103 field hdg=300.2 enc=9206;14840 xy=27;-404 want=164 str=0.18 l=2.00 r=-1.19 tick=576696 goal=0 here=0 d11=0.63 B=0.57,0.27,0.23,0.26,0.20,0.37,0.82,1.83,0.50,0.37,0.23,0.28,0.26,0.38,0.74,1.18
t=104 field hdg=300.6 enc=9204;14843 xy=27;-404 want=-140 str=0.18 l=-0.88 r=2.00 tick=576715 goal=0 here=0 d11=0.63 B=0.56,0.28,0.22,0.26,0.20,0.39,0.85,1.82,0.50,0.38,0.24,0.29,0.26,0.39,0.90,1.16
t=104 field hdg=295.9 enc=9207;14841 xy=27;-404 want=-170 str=0.70 l=-1.28 r=2.00 tick=576734 goal=0 here=0 d11=0.64 B=0.55,0.27,0.23,0.26,0.20,0.37,0.85,1.82,0.50,0.37,0.23,0.30,0.26,0.42,0.91,1.16
t=104 field hdg=300.9 enc=9208;14842 xy=28;-405 want=-108 str=0.12 l=-0.45 r=2.00 tick=576755 goal=0 here=0 d11=0.64 B=0.56,0.29,0.24,0.24,0.20,0.38,0.81,1.81,0.50,0.39,0.22,0.29,0.26,0.39,0.90,1.16
t=104 field hdg=295.6 enc=9212;14841 xy=28;-407 want=-176 str=0.80 l=-1.37 r=2.00 tick=576774 goal=0 here=0 d11=0.64 B=0.54,0.28,0.23,0.26,0.19,0.35,0.81,1.83,0.50,0.39,0.24,0.30,0.26,0.38,0.75,1.15
t=104 field hdg=297.0 enc=9214;14842 xy=29;-408 want=180 str=0.22 l=2.00 r=-1.40 tick=576793 goal=0 here=0 d11=0.64 B=0.56,0.27,0.22,0.26,0.20,0.37,0.80,1.85,0.52,0.39,0.22,0.29,0.26,0.38,0.73,1.17
t=105 field hdg=295.4 enc=9211;14843 xy=29;-407 want=178 str=0.23 l=2.00 r=-1.37 tick=576811 goal=0 here=0 d11=0.64 B=0.56,0.27,0.23,0.25,0.21,0.35,0.79,1.84,0.50,0.37,0.24,0.28,0.25,0.38,0.72,1.18
t=105 field hdg=297.7 enc=9212;14845 xy=29;-408 want=171 str=0.19 l=2.00 r=-1.29 tick=576833 goal=0 here=0 d11=0.64 B=0.56,0.29,0.25,0.25,0.20,0.37,0.81,1.83,0.50,0.39,0.24,0.29,0.26,0.40,0.73,1.16
t=105 field hdg=302.2 enc=9210;14845 xy=29;-408 want=-170 str=0.66 l=-1.28 r=2.00 tick=576852 goal=0 here=0 d11=0.62 B=0.54,0.29,0.23,0.26,0.20,0.37,0.83,1.82,0.50,0.38,0.24,0.30,0.25,0.40,0.90,1.18
t=105 field hdg=298.0 enc=9211;14847 xy=30;-409 want=-156 str=0.15 l=-1.10 r=2.00 tick=576873 goal=0 here=0 d11=0.65 B=0.56,0.28,0.24,0.26,0.20,0.36,0.85,1.82,0.50,0.38,0.24,0.30,0.25,0.41,0.89,1.16
t=105 field hdg=300.4 enc=9214;14845 xy=30;-409 want=-163 str=0.18 l=-1.18 r=2.00 tick=576892 goal=0 here=0 d11=0.64 B=0.55,0.28,0.23,0.25,0.19,0.36,0.82,1.83,0.51,0.39,0.24,0.28,0.24,0.39,0.83,1.17
t=106 field hdg=300.1 enc=9216;14845 xy=30;-410 want=-175 str=0.84 l=-1.35 r=2.00 tick=576911 goal=0 here=0 d11=0.65 B=0.55,0.28,0.23,0.25,0.19,0.35,0.81,1.85,0.51,0.38,0.24,0.29,0.27,0.39,0.73,1.16
t=106 field hdg=295.5 enc=9219;14843 xy=31;-411 want=-164 str=0.24 l=-1.19 r=2.00 tick=576930 goal=0 here=0 d11=0.63 B=0.57,0.29,0.21,0.24,0.19,0.36,0.78,1.84,0.52,0.38,0.24,0.29,0.25,0.38,0.71,1.18
t=106 field hdg=297.8 enc=9220;14843 xy=31;-411 want=169 str=0.25 l=2.00 r=-1.26 tick=576949 goal=0 here=0 d11=0.64 B=0.57,0.29,0.22,0.25,0.20,0.37,0.79,1.83,0.52,0.39,0.24,0.29,0.25,0.38,0.65,1.17
t=106 field hdg=295.4 enc=9219;14843 xy=31;-411 want=175 str=0.27 l=2.00 r=-1.33 tick=576967 goal=0 here=0 d11=0.63 B=0.58,0.28,0.23,0.25,0.20,0.36,0.78,1.86,0.53,0.39,0.24,0.30,0.25,0.37,0.64,1.19
t=106 field hdg=296.5 enc=9218;14845 xy=31;-411 want=-179 str=0.24 l=-1.38 r=2.00 tick=576989 goal=0 here=0 d11=0.64 B=0.58,0.28,0.22,0.26,0.20,0.36,0.79,1.84,0.52,0.38,0.23,0.29,0.26,0.38,0.68,1.17
t=107 field hdg=299.4 enc=9219;14844 xy=31;-411 want=-169 str=0.25 l=-1.25 r=2.00 tick=577013 goal=0 here=0 d11=0.65 B=0.57,0.28,0.24,0.24,0.20,0.35,0.79,1.85,0.52,0.39,0.25,0.29,0.26,0.37,0.70,1.17
t=107 field hdg=292.9 enc=9222;14843 xy=31;-412 want=168 str=0.30 l=2.00 r=-1.24 tick=577033 goal=0 here=0 d11=0.64 B=0.57,0.27,0.24,0.26,0.20,0.37,0.78,1.85,0.53,0.40,0.24,0.29,0.25,0.38,0.64,1.17
t=107 field hdg=295.5 enc=9221;14844 xy=31;-412 want=142 str=0.27 l=2.00 r=-0.89 tick=577052 goal=0 here=0 d11=0.64 B=0.57,0.29,0.23,0.26,0.22,0.35,0.78,1.85,0.52,0.40,0.23,0.28,0.25,0.38,0.64,1.17
t=107 field hdg=295.0 enc=9220;14846 xy=31;-412 want=159 str=0.23 l=2.00 r=-1.13 tick=577071 goal=0 here=0 d11=0.63 B=0.56,0.29,0.23,0.26,0.20,0.35,0.79,1.85,0.52,0.38,0.23,0.28,0.27,0.37,0.67,1.16
t=107 field hdg=296.8 enc=9220;14850 xy=32;-414 want=172 str=0.29 l=2.00 r=-1.30 tick=577090 goal=0 here=0 d11=0.64 B=0.56,0.28,0.22,0.27,0.21,0.35,0.80,1.86,0.52,0.39,0.24,0.29,0.25,0.38,0.72,1.17
t=108 STUCK mv=10 want=-161
t=111 field hdg=279.2 enc=9256;14805 xy=32;-414 want=179 str=0.67 l=2.00 r=-1.14 tick=577417 goal=0 here=0 d11=0.63 B=0.93,0.38,0.25,0.24,0.21,0.26,0.40,1.89,0.92,0.45,0.24,0.26,0.27,0.28,0.49,1.13
t=111 field hdg=284.2 enc=9253;14808 xy=32;-414 want=173 str=0.74 l=2.00 r=-1.08 tick=577437 goal=0 here=0 d11=0.64 B=0.91,0.37,0.24,0.24,0.23,0.29,0.42,1.87,0.90,0.45,0.24,0.27,0.27,0.28,0.49,1.14
t=111 field hdg=284.9 enc=9253;14808 xy=32;-414 want=174 str=0.69 l=2.00 r=-1.08 tick=577456 goal=0 here=0 d11=0.64 B=0.91,0.37,0.24,0.25,0.21,0.30,0.42,1.88,0.89,0.47,0.24,0.26,0.27,0.29,0.51,1.14
t=111 field hdg=282.3 enc=9251;14811 xy=32;-415 want=171 str=0.69 l=2.00 r=-1.05 tick=577477 goal=0 here=0 d11=0.65 B=0.90,0.37,0.24,0.25,0.23,0.30,0.42,1.88,0.81,0.45,0.24,0.28,0.28,0.28,0.51,1.12
t=111 field hdg=286.2 enc=9252;14812 xy=33;-416 want=175 str=0.67 l=2.00 r=-1.10 tick=577496 goal=0 here=0 d11=0.64 B=0.90,0.34,0.22,0.25,0.22,0.29,0.42,1.87,0.79,0.45,0.24,0.27,0.26,0.29,0.50,1.10
t=112 field hdg=282.4 enc=9250;14815 xy=33;-416 want=178 str=0.63 l=2.00 r=-1.15 tick=577520 goal=0 here=0 d11=0.64 B=0.88,0.33,0.23,0.25,0.21,0.31,0.42,1.87,0.77,0.45,0.24,0.27,0.27,0.31,0.51,1.12
t=112 field hdg=286.5 enc=9247;14816 xy=32;-415 want=174 str=0.66 l=2.00 r=-1.10 tick=577538 goal=0 here=0 d11=0.65 B=0.88,0.32,0.23,0.25,0.21,0.33,0.43,1.85,0.77,0.45,0.24,0.28,0.26,0.29,0.52,1.10
t=112 field hdg=288.0 enc=9248;14818 xy=33;-417 want=176 str=0.65 l=2.00 r=-1.13 tick=577557 goal=0 here=0 d11=0.64 B=0.88,0.34,0.23,0.25,0.21,0.33,0.44,1.86,0.76,0.44,0.24,0.28,0.27,0.30,0.52,1.09
t=112 field hdg=289.3 enc=9245;14822 xy=33;-417 want=178 str=0.67 l=2.00 r=-1.17 tick=577581 goal=0 here=0 d11=0.65 B=0.87,0.32,0.21,0.26,0.21,0.32,0.44,1.85,0.75,0.43,0.23,0.29,0.25,0.30,0.52,1.09
t=112 field hdg=285.7 enc=9245;14822 xy=33;-417 want=174 str=0.61 l=2.00 r=-1.12 tick=577600 goal=0 here=0 d11=0.63 B=0.85,0.33,0.23,0.26,0.20,0.35,0.46,1.86,0.75,0.42,0.23,0.28,0.26,0.30,0.53,1.11
t=113 field hdg=285.8 enc=9244;14824 xy=33;-418 want=180 str=0.72 l=2.00 r=-1.23 tick=577619 goal=0 here=0 d11=0.64 B=0.81,0.31,0.22,0.26,0.21,0.33,0.46,1.87,0.74,0.44,0.23,0.29,0.27,0.30,0.53,1.10
t=113 field hdg=291.2 enc=9244;14828 xy=34;-420 want=174 str=0.71 l=2.00 r=-1.20 tick=577638 goal=0 here=0 d11=0.64 B=0.75,0.30,0.23,0.27,0.20,0.34,0.46,1.88,0.75,0.43,0.23,0.29,0.26,0.30,0.52,1.12
t=113 field hdg=285.5 enc=9242;14829 xy=34;-419 want=174 str=0.77 l=2.00 r=-1.21 tick=577661 goal=0 here=0 d11=0.63 B=0.72,0.31,0.21,0.26,0.21,0.34,0.47,1.88,0.73,0.42,0.23,0.28,0.25,0.32,0.53,1.13
t=113 field hdg=288.4 enc=9242;14830 xy=34;-420 want=179 str=0.74 l=2.00 r=-1.30 tick=577680 goal=0 here=0 d11=0.65 B=0.69,0.30,0.22,0.26,0.20,0.33,0.48,1.86,0.73,0.41,0.23,0.28,0.26,0.32,0.54,1.14
t=113 field hdg=291.2 enc=9240;14834 xy=34;-420 want=180 str=0.80 l=2.00 r=-1.33 tick=577699 goal=0 here=0 d11=0.64 B=0.66,0.29,0.23,0.26,0.21,0.35,0.50,1.85,0.73,0.41,0.24,0.29,0.26,0.32,0.53,1.14
t=114 field hdg=289.8 enc=9239;14834 xy=34;-420 want=178 str=0.76 l=2.00 r=-1.32 tick=577718 goal=0 here=0 d11=0.65 B=0.65,0.30,0.23,0.25,0.20,0.34,0.50,1.83,0.72,0.42,0.23,0.29,0.25,0.31,0.53,1.14
t=114 field hdg=290.8 enc=9237;14837 xy=34;-420 want=-178 str=0.91 l=-1.32 r=2.00 tick=577737 goal=0 here=0 d11=0.65 B=0.65,0.29,0.22,0.25,0.20,0.34,0.68,1.83,0.72,0.40,0.25,0.29,0.26,0.33,0.56,1.16
t=114 field hdg=290.8 enc=9239;14837 xy=35;-421 want=160 str=1.30 l=2.00 r=-1.09 tick=577755 goal=0 here=0 d11=0.64 B=0.64,0.29,0.25,0.25,0.20,0.34,0.68,1.81,0.72,0.40,0.24,0.30,0.26,0.31,0.54,1.16
t=114 field hdg=291.2 enc=9240;14837 xy=35;-422 want=176 str=0.88 l=2.00 r=-1.31 tick=577774 goal=0 here=0 d11=0.64 B=0.63,0.29,0.22,0.26,0.19,0.34,0.68,1.82,0.72,0.41,0.23,0.29,0.24,0.33,0.56,1.16
t=114 field hdg=291.3 enc=9239;14839 xy=35;-422 want=171 str=0.86 l=2.00 r=-1.25 tick=577793 goal=0 here=0 d11=0.64 B=0.63,0.29,0.23,0.26,0.21,0.35,0.69,1.80,0.72,0.40,0.24,0.29,0.25,0.34,0.55,1.16
t=115 field hdg=290.1 enc=9237;14840 xy=35;-422 want=176 str=0.89 l=2.00 r=-1.30 tick=577813 goal=0 here=0 d11=0.63 B=0.62,0.28,0.22,0.26,0.20,0.34,0.72,1.81,0.71,0.40,0.23,0.29,0.25,0.32,0.55,1.18
t=115 field hdg=293.1 enc=9235;14842 xy=35;-422 want=171 str=0.87 l=2.00 r=-1.26 tick=577832 goal=0 here=0 d11=0.63 B=0.60,0.28,0.24,0.26,0.20,0.34,0.72,1.80,0.72,0.41,0.22,0.29,0.24,0.33,0.57,1.18
t=115 field hdg=293.0 enc=9236;14845 xy=36;-424 want=175 str=0.89 l=2.00 r=-1.32 tick=577854 goal=0 here=0 d11=0.64 B=0.60,0.28,0.22,0.26,0.20,0.35,0.73,1.81,0.70,0.41,0.23,0.29,0.25,0.35,0.58,1.19
t=115 field hdg=293.6 enc=9233;14848 xy=36;-424 want=177 str=0.89 l=2.00 r=-1.33 tick=577873 goal=0 here=0 d11=0.63 B=0.61,0.28,0.22,0.26,0.19,0.33,0.75,1.81,0.69,0.40,0.23,0.28,0.26,0.35,0.58,1.18
t=115 field hdg=296.9 enc=9232;14849 xy=36;-424 want=-180 str=0.94 l=-1.38 r=2.00 tick=577894 goal=0 here=0 d11=0.65 B=0.60,0.28,0.21,0.25,0.20,0.34,0.75,1.84,0.64,0.39,0.24,0.30,0.25,0.36,0.59,1.18
t=116 field hdg=296.9 enc=9235;14849 xy=36;-425 want=174 str=0.79 l=2.00 r=-1.32 tick=577913 goal=0 here=0 d11=0.64 B=0.58,0.29,0.22,0.27,0.20,0.35,0.77,1.84,0.56,0.40,0.23,0.29,0.26,0.35,0.61,1.19
t=116 field hdg=291.2 enc=9235;14851 xy=37;-426 want=176 str=0.91 l=2.00 r=-1.33 tick=577934 goal=0 here=0 d11=0.64 B=0.59,0.28,0.21,0.25,0.20,0.35,0.76,1.84,0.62,0.38,0.24,0.29,0.25,0.35,0.59,1.18
t=116 field hdg=296.3 enc=9232;14853 xy=36;-426 want=170 str=0.28 l=2.00 r=-1.25 tick=577953 goal=0 here=0 d11=0.65 B=0.59,0.28,0.22,0.26,0.21,0.35,0.76,1.84,0.54,0.39,0.24,0.30,0.26,0.38,0.60,1.17
t=116 field hdg=296.0 enc=9230;14854 xy=36;-425 want=-170 str=0.31 l=-1.28 r=2.00 tick=577991 goal=0 here=0 d11=0.64 B=0.57,0.27,0.22,0.26,0.20,0.35,0.78,1.82,0.53,0.39,0.25,0.30,0.26,0.37,0.65,1.17
t=116 field hdg=295.5 enc=9232;14856 xy=37;-427 want=-174 str=0.30 l=-1.33 r=2.00 tick=578010 goal=0 here=0 d11=0.61 B=0.56,0.27,0.23,0.25,0.21,0.36,0.78,1.86,0.52,0.37,0.25,0.30,0.26,0.38,0.69,1.17
t=117 field hdg=293.4 enc=9235;14854 xy=37;-427 want=167 str=0.26 l=2.00 r=-1.23 tick=578029 goal=0 here=0 d11=0.61 B=0.57,0.29,0.23,0.26,0.20,0.36,0.77,1.85,0.53,0.40,0.25,0.29,0.25,0.37,0.64,1.18
t=117 field hdg=295.9 enc=9235;14855 xy=37;-428 want=179 str=0.28 l=2.00 r=-1.38 tick=578047 goal=0 here=0 d11=0.62 B=0.58,0.28,0.22,0.25,0.21,0.35,0.76,1.85,0.53,0.40,0.24,0.29,0.27,0.38,0.64,1.17
t=117 field hdg=294.6 enc=9232;14858 xy=37;-428 want=-174 str=0.36 l=-1.33 r=2.00 tick=578067 goal=0 here=0 d11=0.61 B=0.55,0.27,0.23,0.25,0.20,0.36,0.79,1.86,0.52,0.39,0.25,0.30,0.26,0.37,0.67,1.17
t=117 field hdg=292.7 enc=9234;14857 xy=38;-428 want=-167 str=0.31 l=-1.23 r=2.00 tick=578090 goal=0 here=0 d11=0.60 B=0.57,0.27,0.22,0.24,0.19,0.35,0.78,1.85,0.53,0.39,0.25,0.28,0.25,0.39,0.71,1.17
t=118 field hdg=291.9 enc=9238;14855 xy=38;-429 want=179 str=0.31 l=2.00 r=-1.39 tick=578111 goal=0 here=0 d11=0.62 B=0.57,0.27,0.22,0.25,0.20,0.36,0.78,1.84,0.53,0.40,0.24,0.29,0.26,0.38,0.62,1.18
t=118 field hdg=297.3 enc=9237;14856 xy=38;-429 want=172 str=0.36 l=2.00 r=-1.29 tick=578131 goal=0 here=0 d11=0.60 B=0.59,0.27,0.22,0.26,0.21,0.35,0.77,1.85,0.54,0.40,0.25,0.30,0.25,0.36,0.61,1.16
t=118 field hdg=294.6 enc=9235;14860 xy=38;-430 want=-172 str=0.28 l=-1.30 r=2.00 tick=578150 goal=0 here=0 d11=0.61 B=0.55,0.28,0.22,0.26,0.18,0.35,0.78,1.84,0.54,0.40,0.24,0.32,0.25,0.39,0.67,1.18
t=118 field hdg=293.8 enc=9236;14858 xy=38;-430 want=-175 str=0.29 l=-1.34 r=2.00 tick=578173 goal=0 here=0 d11=0.61 B=0.56,0.27,0.24,0.25,0.20,0.35,0.78,1.85,0.53,0.39,0.24,0.29,0.27,0.37,0.67,1.17
t=118 field hdg=295.6 enc=9238;14858 xy=39;-431 want=-176 str=0.86 l=-1.34 r=2.00 tick=578194 goal=0 here=0 d11=0.61 B=0.57,0.28,0.22,0.24,0.20,0.35,0.75,1.85,0.55,0.40,0.24,0.30,0.26,0.37,0.63,1.18
t=119 field hdg=292.8 enc=9241;14858 xy=39;-432 want=163 str=0.31 l=2.00 r=-1.15 tick=578213 goal=0 here=0 d11=0.61 B=0.59,0.27,0.23,0.26,0.21,0.36,0.76,1.84,0.54,0.40,0.25,0.28,0.26,0.36,0.59,1.18
t=119 field hdg=294.3 enc=9241;14857 xy=39;-431 want=173 str=0.83 l=2.00 r=-1.31 tick=578232 goal=0 here=0 d11=0.59 B=0.57,0.27,0.22,0.27,0.20,0.34,0.76,1.83,0.57,0.39,0.24,0.29,0.24,0.37,0.60,1.19
t=119 STUCK mv=10 want=176
t=122 field hdg=279.5 enc=9276;14813 xy=40;-433 want=-53 str=0.49 l=0.70 r=2.00 tick=578561 goal=0 here=0 d11=0.64 B=1.15,0.44,0.26,0.23,0.24,0.22,0.40,1.06,0.97,0.48,0.25,0.26,0.27,0.28,0.47,1.15
t=122 field hdg=280.4 enc=9275;14815 xy=40;-433 want=-59 str=0.58 l=0.62 r=2.00 tick=578580 goal=0 here=0 d11=0.63 B=1.15,0.44,0.26,0.24,0.23,0.20,0.40,1.05,1.00,0.47,0.27,0.26,0.27,0.28,0.47,1.16
t=122 field hdg=282.2 enc=9277;14815 xy=40;-434 want=-62 str=0.62 l=0.57 r=2.00 tick=578599 goal=0 here=0 d11=0.63 B=1.15,0.46,0.26,0.24,0.24,0.19,0.40,1.04,1.02,0.49,0.28,0.26,0.29,0.29,0.48,1.17
t=123 field hdg=280.8 enc=9281;14815 xy=40;-436 want=-88 str=0.60 l=0.21 r=2.00 tick=578618 goal=0 here=0 d11=0.63 B=1.13,0.47,0.27,0.23,0.23,0.20,0.38,1.02,1.24,0.49,0.31,0.26,0.28,0.29,0.47,1.15
t=123 field hdg=277.2 enc=9283;14813 xy=40;-436 want=-114 str=0.56 l=-0.12 r=2.00 tick=578637 goal=0 here=0 d11=0.64 B=1.14,0.48,0.27,0.21,0.25,0.19,0.38,1.02,1.25,0.47,0.33,0.27,0.27,0.28,0.46,0.95
t=123 field hdg=280.0 enc=9286;14813 xy=40;-438 want=-120 str=0.44 l=-0.22 r=2.00 tick=578659 goal=0 here=0 d11=0.65 B=1.12,0.50,0.26,0.23,0.25,0.20,0.39,1.02,1.26,0.49,0.33,0.25,0.27,0.26,0.46,0.96
t=123 field hdg=277.9 enc=9286;14815 xy=41;-439 want=-124 str=0.52 l=-0.26 r=2.00 tick=578680 goal=0 here=0 d11=0.63 B=1.14,0.50,0.27,0.22,0.24,0.19,0.37,1.01,1.37,0.48,0.34,0.25,0.27,0.27,0.46,0.95
t=123 field hdg=276.2 enc=9290;14814 xy=41;-440 want=-138 str=0.44 l=-0.44 r=2.00 tick=578699 goal=0 here=0 d11=0.63 B=1.14,0.51,0.27,0.23,0.25,0.21,0.38,1.01,1.38,0.50,0.35,0.25,0.28,0.27,0.45,0.94
t=124 field hdg=275.2 enc=9292;14813 xy=41;-441 want=-150 str=0.65 l=-0.61 r=2.00 tick=578718 goal=0 here=0 d11=0.65 B=1.12,0.51,0.27,0.22,0.25,0.21,0.37,1.00,1.57,0.49,0.35,0.26,0.27,0.26,0.46,0.93
t=124 field hdg=276.2 enc=9294;14813 xy=41;-442 want=-147 str=0.85 l=-0.57 r=2.00 tick=578737 goal=0 here=0 d11=0.65 B=1.13,0.52,0.27,0.21,0.25,0.20,0.38,0.99,1.75,0.50,0.38,0.26,0.28,0.27,0.44,0.92
t=124 field hdg=277.9 enc=9296;14814 xy=41;-443 want=-150 str=0.88 l=-0.60 r=2.00 tick=578756 goal=0 here=0 d11=0.64 B=1.13,0.52,0.26,0.22,0.24,0.20,0.38,0.99,1.78,0.50,0.36,0.26,0.29,0.26,0.43,0.92
t=124 field hdg=275.3 enc=9298;14813 xy=41;-444 want=-152 str=0.93 l=-0.64 r=2.00 tick=578775 goal=0 here=0 d11=0.64 B=1.12,0.53,0.27,0.22,0.24,0.21,0.37,0.97,1.84,0.51,0.38,0.26,0.28,0.27,0.43,0.91
t=124 field hdg=274.1 enc=9300;14814 xy=41;-445 want=-142 str=0.90 l=-0.50 r=2.00 tick=578794 goal=0 here=0 d11=0.66 B=1.13,0.53,0.26,0.20,0.24,0.20,0.37,0.86,1.83,0.49,0.38,0.25,0.29,0.27,0.44,0.90
t=125 field hdg=274.5 enc=9301;14814 xy=41;-446 want=-145 str=0.84 l=-0.54 r=2.00 tick=578813 goal=0 here=0 d11=0.64 B=1.13,0.53,0.27,0.22,0.25,0.20,0.38,0.86,1.83,0.52,0.38,0.26,0.27,0.28,0.44,0.90
t=125 field hdg=278.9 enc=9304;14814 xy=42;-447 want=-144 str=0.86 l=-0.53 r=2.00 tick=578831 goal=0 here=0 d11=0.64 B=1.13,0.55,0.27,0.22,0.24,0.20,0.36,0.83,1.83,0.51,0.38,0.26,0.29,0.26,0.44,0.89
t=125 field hdg=274.2 enc=9304;14813 xy=42;-447 want=-151 str=0.78 l=-0.62 r=2.00 tick=578850 goal=0 here=0 d11=0.64 B=1.13,0.53,0.27,0.22,0.26,0.21,0.35,0.82,1.83,0.51,0.40,0.25,0.29,0.25,0.43,0.90
t=125 field hdg=275.7 enc=9308;14813 xy=42;-449 want=-137 str=0.23 l=-0.43 r=2.00 tick=578870 goal=0 here=0 d11=0.64 B=1.14,0.56,0.25,0.23,0.26,0.20,0.37,0.82,1.84,0.52,0.40,0.24,0.27,0.26,0.42,0.89
t=125 field hdg=270.0 enc=9310;14813 xy=42;-450 want=-150 str=0.79 l=-0.59 r=2.00 tick=578891 goal=0 here=0 d11=0.65 B=1.15,0.55,0.28,0.21,0.25,0.20,0.37,0.82,1.85,0.53,0.39,0.26,0.28,0.25,0.43,0.87
t=125 field hdg=273.7 enc=9312;14814 xy=42;-451 want=-149 str=0.35 l=-0.58 r=2.00 tick=578910 goal=0 here=0 d11=0.64 B=1.15,0.55,0.27,0.22,0.24,0.20,0.36,0.80,1.86,0.53,0.40,0.25,0.30,0.25,0.42,0.73
t=126 field hdg=271.0 enc=9313;14813 xy=42;-451 want=-158 str=0.33 l=-0.69 r=2.00 tick=578931 goal=0 here=0 d11=0.65 B=1.16,0.56,0.28,0.21,0.26,0.20,0.35,0.80,1.87,0.53,0.40,0.26,0.29,0.24,0.40,0.72
t=126 field hdg=272.2 enc=9316;14814 xy=42;-453 want=-156 str=0.36 l=-0.67 r=2.00 tick=578951 goal=0 here=0 d11=0.64 B=1.17,0.56,0.26,0.22,0.25,0.22,0.36,0.80,1.86,0.53,0.39,0.26,0.29,0.26,0.40,0.71
t=126 field hdg=275.7 enc=9317;14813 xy=42;-453 want=-158 str=0.31 l=-0.69 r=2.00 tick=578970 goal=0 here=0 d11=0.64 B=1.17,0.56,0.29,0.22,0.25,0.21,0.35,0.78,1.85,0.53,0.40,0.25,0.29,0.25,0.39,0.68
t=126 field hdg=273.9 enc=9320;14815 xy=42;-456 want=-145 str=0.36 l=-0.51 r=2.00 tick=578989 goal=0 here=0 d11=0.65 B=1.16,0.57,0.28,0.21,0.24,0.18,0.36,0.76,1.85,0.54,0.40,0.26,0.28,0.26,0.37,0.63
t=126 field hdg=273.3 enc=9321;14813 xy=42;-455 want=-162 str=0.90 l=-0.74 r=2.00 tick=579007 goal=0 here=0 d11=0.64 B=1.17,0.56,0.28,0.21,0.25,0.22,0.36,0.76,1.85,0.56,0.40,0.25,0.29,0.25,0.38,0.62
t=127 field hdg=272.0 enc=9324;14814 xy=42;-457 want=-167 str=0.90 l=-0.82 r=2.00 tick=579026 goal=0 here=0 d11=0.64 B=1.16,0.57,0.28,0.21,0.27,0.22,0.34,0.76,1.84,0.57,0.40,0.24,0.30,0.24,0.36,0.60
t=127 field hdg=271.6 enc=9324;14813 xy=42;-457 want=-160 str=0.87 l=-0.71 r=2.00 tick=579045 goal=0 here=0 d11=0.65 B=1.17,0.58,0.29,0.22,0.26,0.20,0.35,0.75,1.85,0.56,0.40,0.25,0.29,0.26,0.37,0.58
t=127 field hdg=266.5 enc=9326;14813 xy=42;-458 want=-166 str=1.04 l=-0.80 r=2.00 tick=579064 goal=0 here=0 d11=0.63 B=1.16,0.57,0.28,0.22,0.26,0.22,0.36,0.74,1.83,0.70,0.42,0.25,0.30,0.23,0.36,0.58
t=127 field hdg=270.2 enc=9328;14813 xy=42;-459 want=-162 str=0.93 l=-0.73 r=2.00 tick=579083 goal=0 here=0 d11=0.64 B=1.19,0.59,0.28,0.23,0.26,0.20,0.33,0.73,1.82,0.69,0.41,0.25,0.29,0.25,0.37,0.57
t=127 field hdg=273.9 enc=9330;14814 xy=42;-460 want=-162 str=1.00 l=-0.74 r=2.00 tick=579102 goal=0 here=0 d11=0.65 B=1.17,0.60,0.29,0.21,0.27,0.22,0.36,0.73,1.81,0.71,0.41,0.25,0.30,0.24,0.36,0.57
t=128 field hdg=267.7 enc=9334;14815 xy=42;-463 want=-163 str=0.98 l=-0.76 r=2.00 tick=579120 goal=0 here=0 d11=0.65 B=1.17,0.61,0.29,0.21,0.26,0.21,0.35,0.72,1.83,0.71,0.41,0.25,0.29,0.25,0.35,0.55
t=128 field hdg=270.9 enc=9335;14814 xy=42;-463 want=-158 str=0.97 l=-0.69 r=2.00 tick=579140 goal=0 here=0 d11=0.63 B=1.16,0.61,0.30,0.22,0.25,0.21,0.36,0.71,1.82,0.73,0.40,0.26,0.29,0.26,0.36,0.56
t=128 field hdg=271.0 enc=9337;14813 xy=42;-463 want=-174 str=1.42 l=-0.91 r=2.00 tick=579158 goal=0 here=0 d11=0.63 B=1.16,0.60,0.28,0.21,0.25,0.22,0.34,0.64,1.82,0.73,0.42,0.25,0.29,0.25,0.35,0.55
t=128 field hdg=269.7 enc=9339;14814 xy=42;-465 want=-116 str=0.67 l=-0.14 r=2.00 tick=579177 goal=0 here=0 d11=0.64 B=1.15,0.62,0.29,0.21,0.26,0.22,0.35,0.51,1.82,0.73,0.40,0.25,0.29,0.25,0.35,0.55
t=128 field hdg=268.9 enc=9342;14814 xy=42;-466 want=-159 str=0.86 l=-0.72 r=2.00 tick=579196 goal=0 here=0 d11=0.65 B=1.15,0.62,0.29,0.22,0.25,0.23,0.35,0.51,1.84,0.74,0.42,0.23,0.30,0.25,0.32,0.52
t=129 field hdg=269.1 enc=9344;14814 xy=42;-467 want=-158 str=0.84 l=-0.71 r=2.00 tick=579215 goal=0 here=0 d11=0.63 B=1.15,0.63,0.30,0.23,0.24,0.21,0.35,0.50,1.85,0.74,0.41,0.25,0.27,0.26,0.33,0.53
t=129 field hdg=266.3 enc=9345;14813 xy=42;-467 want=-162 str=0.89 l=-0.76 r=2.00 tick=579235 goal=0 here=0 d11=0.65 B=1.14,0.64,0.29,0.21,0.24,0.23,0.35,0.50,1.87,0.73,0.41,0.23,0.28,0.24,0.34,0.53
t=129 field hdg=267.2 enc=9347;14813 xy=42;-468 want=-160 str=0.89 l=-0.76 r=2.00 tick=579255 goal=0 here=0 d11=0.64 B=1.11,0.66,0.30,0.21,0.25,0.21,0.34,0.48,1.87,0.76,0.42,0.24,0.29,0.24,0.32,0.53
t=129 field hdg=268.1 enc=9350;14814 xy=42;-470 want=-155 str=0.93 l=-0.68 r=2.00 tick=579276 goal=0 here=0 d11=0.64 B=1.12,0.67,0.30,0.21,0.25,0.22,0.34,0.47,1.88,0.75,0.42,0.25,0.30,0.25,0.33,0.53
t=129 field hdg=265.9 enc=9352;14813 xy=42;-471 want=-159 str=0.91 l=-0.73 r=2.00 tick=579296 goal=0 here=0 d11=0.64 B=1.12,0.70,0.30,0.21,0.25,0.24,0.33,0.47,1.89,0.75,0.43,0.26,0.30,0.25,0.33,0.52
t=130 field hdg=266.2 enc=9353;14814 xy=42;-472 want=-158 str=0.95 l=-0.74 r=2.00 tick=579321 goal=0 here=0 d11=0.62 B=1.09,0.71,0.31,0.21,0.24,0.23,0.31,0.46,1.91,0.76,0.42,0.24,0.30,0.24,0.33,0.55
t=130 field hdg=265.5 enc=9355;14814 xy=42;-473 want=-151 str=0.88 l=-0.66 r=2.00 tick=579343 goal=0 here=0 d11=0.64 B=1.08,0.72,0.31,0.23,0.24,0.22,0.26,0.47,1.90,0.77,0.42,0.25,0.30,0.25,0.31,0.53
t=130 field hdg=261.9 enc=9358;14815 xy=41;-475 want=-144 str=0.77 l=-0.55 r=2.00 tick=579362 goal=0 here=0 d11=0.64 B=1.10,0.80,0.30,0.23,0.23,0.24,0.22,0.46,1.91,0.78,0.43,0.25,0.30,0.25,0.31,0.50
t=130 field hdg=261.9 enc=9361;14813 xy=41;-475 want=-141 str=0.71 l=-0.51 r=2.00 tick=579381 goal=0 here=0 d11=0.63 B=1.10,0.82,0.31,0.23,0.23,0.23,0.22,0.45,1.88,0.77,0.43,0.25,0.29,0.25,0.30,0.52
t=130 field hdg=267.8 enc=9363;14815 xy=41;-477 want=-144 str=0.75 l=-0.56 r=2.00 tick=579399 goal=0 here=0 d11=0.63 B=1.09,0.84,0.33,0.23,0.23,0.23,0.23,0.44,1.89,0.78,0.43,0.26,0.30,0.25,0.31,0.52
t=131 field hdg=265.2 enc=9363;14815 xy=41;-477 want=-147 str=0.72 l=-0.60 r=2.00 tick=579418 goal=0 here=0 d11=0.62 B=1.08,0.84,0.31,0.23,0.24,0.23,0.23,0.46,1.89,0.77,0.42,0.25,0.30,0.24,0.31,0.50
t=131 field hdg=266.8 enc=9365;14813 xy=41;-477 want=-150 str=0.66 l=-0.65 r=2.00 tick=579437 goal=0 here=0 d11=0.64 B=1.07,0.84,0.32,0.24,0.23,0.23,0.22,0.44,1.88,0.78,0.44,0.24,0.29,0.24,0.31,0.50
t=131 field hdg=260.3 enc=9367;14813 xy=41;-478 want=-158 str=0.66 l=-0.75 r=2.00 tick=579456 goal=0 here=0 d11=0.64 B=1.08,0.85,0.34,0.24,0.24,0.25,0.23,0.45,1.88,0.79,0.44,0.25,0.29,0.24,0.31,0.49
t=131 field hdg=263.7 enc=9371;14814 xy=41;-481 want=-153 str=0.74 l=-0.69 r=2.00 tick=579475 goal=0 here=0 d11=0.65 B=1.06,0.84,0.34,0.25,0.23,0.25,0.23,0.44,1.89,0.79,0.45,0.26,0.29,0.23,0.30,0.51
t=131 field hdg=263.6 enc=9371;14815 xy=41;-481 want=-149 str=0.75 l=-0.63 r=2.00 tick=579493 goal=0 here=0 d11=0.63 B=1.07,0.84,0.34,0.23,0.23,0.24,0.23,0.44,1.87,0.78,0.45,0.26,0.30,0.25,0.28,0.48
t=132 field hdg=263.6 enc=9374;14815 xy=41;-483 want=-151 str=0.69 l=-0.65 r=2.00 tick=579512 goal=0 here=0 d11=0.64 B=1.08,0.85,0.35,0.25,0.23,0.25,0.21,0.43,1.90,0.80,0.46,0.26,0.29,0.24,0.30,0.49
t=132 field hdg=263.2 enc=9376;14814 xy=41;-483 want=-147 str=0.65 l=-0.61 r=2.00 tick=579531 goal=0 here=0 d11=0.65 B=1.08,0.86,0.35,0.25,0.23,0.23,0.22,0.44,1.90,0.80,0.45,0.24,0.29,0.25,0.30,0.49
t=132 field hdg=261.2 enc=9379;14815 xy=40;-485 want=-146 str=0.73 l=-0.59 r=2.00 tick=579550 goal=0 here=0 d11=0.64 B=1.08,0.87,0.38,0.25,0.22,0.25,0.22,0.43,1.91,0.82,0.46,0.25,0.29,0.25,0.30,0.49
t=132 field hdg=258.9 enc=9381;14814 xy=40;-486 want=-148 str=0.76 l=-0.62 r=2.00 tick=579569 goal=0 here=0 d11=0.64 B=1.09,0.86,0.38,0.25,0.23,0.25,0.22,0.43,1.92,0.83,0.45,0.26,0.29,0.26,0.29,0.49
t=132 field hdg=259.8 enc=9381;14813 xy=40;-485 want=-150 str=0.76 l=-0.64 r=2.00 tick=579588 goal=0 here=0 d11=0.65 B=1.08,0.87,0.38,0.24,0.22,0.24,0.22,0.42,1.90,0.84,0.48,0.25,0.28,0.25,0.29,0.49
t=132 field hdg=258.3 enc=9383;14814 xy=40;-487 want=-146 str=0.74 l=-0.58 r=2.00 tick=579609 goal=0 here=0 d11=0.64 B=1.10,0.89,0.40,0.24,0.22,0.26,0.20,0.43,1.91,0.86,0.47,0.25,0.29,0.25,0.29,0.48
t=133 field hdg=258.4 enc=9386;14814 xy=40;-488 want=-152 str=0.79 l=-0.67 r=2.00 tick=579628 goal=0 here=0 d11=0.62 B=1.08,0.88,0.42,0.25,0.21,0.26,0.22,0.41,1.92,0.91,0.46,0.25,0.28,0.25,0.30,0.48
t=133 field hdg=259.8 enc=9387;14815 xy=39;-489 want=-156 str=0.84 l=-0.71 r=2.00 tick=579647 goal=0 here=0 d11=0.64 B=1.10,0.90,0.42,0.25,0.23,0.26,0.22,0.42,1.93,0.94,0.46,0.26,0.29,0.25,0.28,0.48
t=133 field hdg=259.5 enc=9391;14815 xy=39;-491 want=-159 str=0.63 l=-0.74 r=2.00 tick=579670 goal=0 here=0 d11=0.63 B=1.11,1.07,0.44,0.25,0.21,0.27,0.22,0.42,1.89,0.95,0.46,0.26,0.28,0.24,0.28,0.47
t=133 field hdg=258.4 enc=9393;14813 xy=39;-491 want=-151 str=0.63 l=-0.64 r=2.00 tick=579689 goal=0 here=0 d11=0.64 B=1.11,1.09,0.45,0.25,0.22,0.26,0.23,0.41,1.91,0.96,0.48,0.26,0.28,0.26,0.29,0.47
t=133 field hdg=262.8 enc=9396;14813 xy=39;-492 want=-156 str=0.62 l=-0.71 r=2.00 tick=579709 goal=0 here=0 d11=0.62 B=1.10,1.13,0.45,0.24,0.23,0.26,0.22,0.41,1.90,0.97,0.48,0.26,0.29,0.23,0.28,0.49
t=134 field hdg=259.5 enc=9397;14815 xy=39;-494 want=-58 str=0.35 l=0.61 r=2.00 tick=579727 goal=0 here=0 d11=0.63 B=1.12,1.14,0.47,0.25,0.22,0.24,0.22,0.41,1.23,0.98,0.48,0.25,0.29,0.26,0.28,0.46
t=134 field hdg=259.8 enc=9400;14813 xy=39;-494 want=-56 str=0.47 l=0.63 r=2.00 tick=579746 goal=0 here=0 d11=0.65 B=1.11,1.11,0.47,0.27,0.20,0.25,0.22,0.41,1.09,0.99,0.49,0.26,0.30,0.25,0.29,0.46
t=134 field hdg=257.7 enc=9401;14815 xy=38;-496 want=-45 str=0.37 l=0.78 r=1.97 tick=579769 goal=0 here=0 d11=0.64 B=1.11,1.12,0.47,0.25,0.22,0.27,0.21,0.39,1.08,1.01,0.48,0.26,0.28,0.25,0.29,0.47
t=134 field hdg=258.3 enc=9401;14814 xy=38;-495 want=-48 str=0.40 l=0.75 r=2.00 tick=579788 goal=0 here=0 d11=0.64 B=1.13,1.11,0.46,0.25,0.21,0.26,0.22,0.41,1.05,1.01,0.49,0.26,0.30,0.23,0.28,0.46
t=134 field hdg=255.2 enc=9404;14814 xy=38;-497 want=-53 str=0.42 l=0.67 r=2.00 tick=579807 goal=0 here=0 d11=0.64 B=1.12,1.11,0.49,0.24,0.22,0.26,0.21,0.41,1.05,1.04,0.51,0.26,0.28,0.26,0.28,0.46
t=135 field hdg=259.9 enc=9406;14815 xy=38;-498 want=-90 str=0.39 l=0.19 r=2.00 tick=579826 goal=0 here=0 d11=0.64 B=1.12,1.10,0.50,0.25,0.22,0.25,0.22,0.39,1.05,1.27,0.51,0.27,0.29,0.24,0.27,0.46
t=135 field hdg=255.8 enc=9408;14814 xy=38;-499 want=-115 str=0.37 l=-0.28 r=2.00 tick=579845 goal=0 here=0 d11=0.64 B=0.94,1.10,0.49,0.26,0.21,0.25,0.22,0.40,1.04,1.27,0.50,0.25,0.28,0.23,0.27,0.45
t=135 field hdg=254.5 enc=9411;14815 xy=37;-501 want=-119 str=0.37 l=-0.34 r=2.00 tick=579863 goal=0 here=0 d11=0.65 B=0.93,1.10,0.52,0.27,0.21,0.26,0.23,0.40,1.03,1.29,0.50,0.26,0.29,0.23,0.29,0.46
t=135 field hdg=254.1 enc=9413;14815 xy=37;-502 want=-123 str=0.56 l=-0.40 r=2.00 tick=579885 goal=0 here=0 d11=0.65 B=0.92,1.09,0.51,0.27,0.22,0.26,0.21,0.38,1.04,1.40,0.52,0.28,0.29,0.25,0.27,0.44
t=135 field hdg=255.0 enc=9413;14815 xy=37;-502 want=-124 str=0.49 l=-0.41 r=2.00 tick=579903 goal=0 here=0 d11=0.63 B=0.91,1.10,0.50,0.26,0.21,0.26,0.21,0.40,1.02,1.42,0.51,0.27,0.27,0.25,0.28,0.46
t=136 field hdg=251.8 enc=9418;14813 xy=36;-503 want=-130 str=0.52 l=-0.51 r=2.00 tick=579928 goal=0 here=0 d11=0.63 B=0.90,1.10,0.52,0.27,0.21,0.26,0.22,0.39,1.02,1.46,0.51,0.25,0.28,0.25,0.27,0.44
t=136 field hdg=254.5 enc=9420;14814 xy=36;-505 want=-137 str=0.87 l=-0.60 r=2.00 tick=579946 goal=0 here=0 d11=0.63 B=0.89,1.09,0.51,0.27,0.21,0.26,0.21,0.38,1.00,1.76,0.52,0.27,0.30,0.24,0.26,0.43
t=136 field hdg=255.8 enc=9422;14813 xy=36;-505 want=-136 str=0.81 l=-0.60 r=2.00 tick=579985 goal=0 here=0 d11=0.63 B=0.88,1.10,0.51,0.27,0.21,0.27,0.21,0.38,0.89,1.85,0.52,0.27,0.28,0.24,0.28,0.43
t=136 field hdg=253.9 enc=9424;14815 xy=35;-507 want=-137 str=0.89 l=-0.62 r=2.00 tick=580004 goal=0 here=0 d11=0.63 B=0.86,1.10,0.52,0.25,0.21,0.27,0.22,0.39,0.86,1.86,0.52,0.27,0.29,0.26,0.27,0.44
t=137 field hdg=254.8 enc=9426;14814 xy=35;-507 want=-141 str=0.83 l=-0.68 r=2.00 tick=580025 goal=0 here=0 d11=0.64 B=0.87,1.11,0.54,0.27,0.20,0.27,0.23,0.38,0.85,1.87,0.52,0.27,0.27,0.25,0.26,0.43
t=137 field hdg=253.0 enc=9429;14815 xy=34;-509 want=-135 str=0.82 l=-0.60 r=2.00 tick=580047 goal=0 here=0 d11=0.64 B=0.86,1.12,0.53,0.27,0.20,0.26,0.22,0.38,0.85,1.88,0.53,0.26,0.29,0.25,0.27,0.43
t=137 field hdg=254.9 enc=9430;14813 xy=35;-509 want=-137 str=0.88 l=-0.62 r=2.00 tick=580066 goal=0 here=0 d11=0.62 B=0.86,1.13,0.54,0.26,0.20,0.27,0.22,0.37,0.82,1.87,0.54,0.28,0.28,0.25,0.25,0.42
t=137 field hdg=252.6 enc=9433;14814 xy=34;-511 want=-137 str=0.81 l=-0.63 r=2.00 tick=580085 goal=0 here=0 d11=0.63 B=0.85,1.11,0.54,0.28,0.22,0.26,0.23,0.38,0.82,1.88,0.53,0.28,0.28,0.26,0.27,0.42
t=137 field hdg=254.1 enc=9436;14813 xy=34;-512 want=-141 str=0.76 l=-0.69 r=2.00 tick=580104 goal=0 here=0 d11=0.63 B=0.85,1.11,0.54,0.28,0.22,0.26,0.23,0.37,0.82,1.88,0.53,0.27,0.27,0.26,0.26,0.41
t=138 field hdg=250.2 enc=9438;14813 xy=33;-513 want=-151 str=0.32 l=-0.87 r=2.00 tick=580125 goal=0 here=0 d11=0.63 B=0.78,1.13,0.55,0.27,0.22,0.26,0.23,0.38,0.81,1.90,0.54,0.27,0.28,0.26,0.26,0.40
t=138 field hdg=254.4 enc=9439;14813 xy=33;-513 want=-140 str=1.50 l=-0.78 r=2.00 tick=580144 goal=0 here=0 d11=0.65 B=0.70,1.13,0.55,0.27,0.20,0.24,0.24,0.38,0.80,1.89,0.55,0.27,0.28,0.26,0.25,0.39
t=138 field hdg=249.2 enc=9442;14813 xy=33;-515 want=-150 str=0.46 l=-0.93 r=2.00 tick=580163 goal=0 here=0 d11=0.64 B=0.68,1.12,0.55,0.28,0.21,0.26,0.23,0.38,0.80,1.88,0.54,0.37,0.28,0.25,0.26,0.40
t=138 field hdg=246.9 enc=9444;14814 xy=32;-516 want=-151 str=0.44 l=-0.95 r=2.00 tick=580182 goal=0 here=0 d11=0.65 B=0.67,1.14,0.57,0.27,0.22,0.25,0.23,0.36,0.81,1.88,0.54,0.37,0.28,0.26,0.26,0.38
t=138 field hdg=252.1 enc=9446;14814 xy=32;-517 want=-150 str=0.48 l=-0.97 r=2.00 tick=580201 goal=0 here=0 d11=0.65 B=0.62,1.14,0.57,0.27,0.22,0.23,0.23,0.38,0.79,1.89,0.55,0.39,0.28,0.26,0.25,0.39
t=139 field hdg=247.2 enc=9446;14814 xy=32;-517 want=-147 str=1.05 l=-0.94 r=2.00 tick=580219 goal=0 here=0 d11=0.66 B=0.60,1.13,0.57,0.29,0.22,0.25,0.24,0.38,0.78,1.88,0.57,0.40,0.29,0.26,0.24,0.39
t=139 field hdg=247.5 enc=9449;14813 xy=31;-518 want=-151 str=0.94 l=-1.01 r=2.00 tick=580238 goal=0 here=0 d11=0.65 B=0.58,1.13,0.59,0.29,0.22,0.23,0.24,0.37,0.77,1.87,0.56,0.40,0.26,0.25,0.25,0.39
t=139 field hdg=246.4 enc=9451;14812 xy=31;-518 want=-145 str=0.99 l=-0.94 r=2.00 tick=580257 goal=0 here=0 d11=0.64 B=0.56,1.16,0.59,0.29,0.22,0.23,0.25,0.37,0.76,1.87,0.56,0.41,0.28,0.28,0.24,0.37
t=139 field hdg=247.2 enc=9452;14813 xy=31;-519 want=-146 str=1.03 l=-0.96 r=2.00 tick=580276 goal=0 here=0 d11=0.67 B=0.55,1.13,0.58,0.29,0.22,0.24,0.24,0.38,0.75,1.86,0.58,0.40,0.28,0.26,0.25,0.36
t=139 field hdg=249.8 enc=9454;14814 xy=30;-521 want=-159 str=1.41 l=-1.14 r=2.00 tick=580295 goal=0 here=0 d11=0.66 B=0.54,1.15,0.60,0.30,0.23,0.23,0.24,0.38,0.74,1.85,0.58,0.43,0.27,0.27,0.25,0.35
t=140 field hdg=245.9 enc=9458;14811 xy=30;-521 want=-160 str=1.36 l=-1.15 r=2.00 tick=580314 goal=0 here=0 d11=0.67 B=0.54,1.13,0.60,0.30,0.23,0.24,0.25,0.37,0.65,1.85,0.59,0.42,0.27,0.27,0.25,0.36
t=140 field hdg=247.5 enc=9459;14810 xy=30;-521 want=-130 str=0.85 l=-0.77 r=2.00 tick=580334 goal=0 here=0 d11=0.67 B=0.52,1.12,0.62,0.29,0.23,0.25,0.24,0.23,0.54,1.86,0.73,0.41,0.27,0.27,0.24,0.35
t=140 field hdg=247.6 enc=9461;14812 xy=29;-523 want=-127 str=0.88 l=-0.73 r=2.00 tick=580356 goal=0 here=0 d11=0.68 B=0.52,1.12,0.62,0.30,0.22,0.23,0.25,0.24,0.51,1.86,0.73,0.43,0.27,0.28,0.24,0.36
t=140 field hdg=245.3 enc=9465;14811 xy=29;-524 want=-129 str=0.86 l=-0.75 r=2.00 tick=580375 goal=0 here=0 d11=0.69 B=0.52,1.11,0.66,0.31,0.23,0.23,0.25,0.23,0.52,1.86,0.76,0.42,0.27,0.27,0.24,0.34
t=140 field hdg=244.9 enc=9465;14810 xy=29;-524 want=-132 str=0.86 l=-0.81 r=2.00 tick=580398 goal=0 here=0 d11=0.67 B=0.51,1.10,0.68,0.31,0.25,0.22,0.24,0.24,0.51,1.88,0.76,0.41,0.27,0.27,0.24,0.33
t=141 field hdg=244.6 enc=9468;14810 xy=28;-525 want=-132 str=0.92 l=-0.80 r=2.00 tick=580417 goal=0 here=0 d11=0.68 B=0.51,1.09,0.69,0.32,0.24,0.22,0.24,0.25,0.50,1.90,0.77,0.42,0.28,0.28,0.23,0.34
t=141 field hdg=244.3 enc=9469;14810 xy=28;-526 want=-133 str=0.89 l=-0.83 r=2.00 tick=580436 goal=0 here=0 d11=0.69 B=0.49,1.07,0.71,0.34,0.23,0.22,0.26,0.25,0.50,1.90,0.76,0.42,0.26,0.28,0.25,0.33
t=141 field hdg=243.0 enc=9472;14810 xy=27;-527 want=-139 str=0.91 l=-0.91 r=2.00 tick=580455 goal=0 here=0 d11=0.68 B=0.50,1.08,0.71,0.32,0.24,0.22,0.27,0.24,0.50,1.92,0.78,0.42,0.27,0.27,0.22,0.31
t=141 field hdg=240.5 enc=9475;14811 xy=26;-529 want=-140 str=0.80 l=-0.92 r=2.00 tick=580475 goal=0 here=0 d11=0.67 B=0.49,1.08,0.80,0.34,0.24,0.23,0.26,0.25,0.49,1.93,0.76,0.43,0.26,0.29,0.24,0.32
t=141 field hdg=240.9 enc=9475;14810 xy=27;-528 want=-139 str=0.85 l=-0.91 r=2.00 tick=580494 goal=0 here=0 d11=0.69 B=0.49,1.07,0.81,0.34,0.24,0.22,0.27,0.24,0.48,1.94,0.77,0.44,0.27,0.28,0.22,0.32
t=142 field hdg=244.3 enc=9478;14811 xy=26;-530 want=-142 str=0.78 l=-0.94 r=2.00 tick=580513 goal=0 here=0 d11=0.67 B=0.50,1.05,0.82,0.34,0.24,0.23,0.26,0.24,0.47,1.92,0.78,0.42,0.25,0.28,0.23,0.31
t=142 field hdg=247.9 enc=9480;14811 xy=25;-531 want=-136 str=0.82 l=-0.88 r=2.00 tick=580533 goal=0 here=0 d11=0.68 B=0.48,1.07,0.82,0.34,0.25,0.23,0.26,0.24,0.47,1.94,0.77,0.43,0.27,0.29,0.24,0.31
t=142 field hdg=241.2 enc=9483;14811 xy=25;-532 want=-145 str=0.80 l=-0.98 r=2.00 tick=580552 goal=0 here=0 d11=0.68 B=0.50,1.05,0.83,0.36,0.25,0.22,0.26,0.25,0.48,1.93,0.78,0.44,0.25,0.28,0.23,0.31
t=142 field hdg=240.0 enc=9484;14811 xy=24;-533 want=-137 str=0.84 l=-0.89 r=2.00 tick=580573 goal=0 here=0 d11=0.69 B=0.47,1.05,0.82,0.36,0.24,0.21,0.27,0.23,0.48,1.93,0.79,0.44,0.26,0.29,0.22,0.31
t=142 field hdg=239.4 enc=9486;14810 xy=24;-533 want=-140 str=0.82 l=-0.93 r=2.00 tick=580592 goal=0 here=0 d11=0.68 B=0.48,1.06,0.81,0.37,0.24,0.22,0.27,0.24,0.48,1.91,0.80,0.43,0.26,0.29,0.23,0.31
t=143 field hdg=242.1 enc=9489;14812 xy=23;-535 want=-136 str=0.91 l=-0.88 r=2.00 tick=580611 goal=0 here=0 d11=0.67 B=0.48,1.05,0.82,0.38,0.23,0.21,0.27,0.25,0.48,1.93,0.79,0.44,0.27,0.29,0.23,0.30
t=143 field hdg=237.8 enc=9491;14810 xy=23;-535 want=-138 str=0.85 l=-0.92 r=2.00 tick=580630 goal=0 here=0 d11=0.68 B=0.47,1.04,0.83,0.39,0.24,0.21,0.27,0.25,0.46,1.92,0.80,0.44,0.26,0.29,0.24,0.30
t=143 field hdg=240.8 enc=9494;14812 xy=22;-538 want=-138 str=0.86 l=-0.91 r=2.00 tick=580651 goal=0 here=0 d11=0.68 B=0.47,1.04,0.82,0.42,0.24,0.23,0.28,0.23,0.46,1.91,0.80,0.44,0.27,0.29,0.23,0.31
t=143 field hdg=245.1 enc=9496;14812 xy=21;-538 want=-140 str=0.82 l=-0.94 r=2.00 tick=580670 goal=0 here=0 d11=0.69 B=0.47,1.05,0.84,0.41,0.24,0.22,0.27,0.24,0.46,1.91,0.81,0.45,0.25,0.29,0.23,0.29
t=143 field hdg=241.2 enc=9496;14810 xy=22;-538 want=-139 str=0.84 l=-0.93 r=2.00 tick=580692 goal=0 here=0 d11=0.67 B=0.47,1.04,0.84,0.41,0.25,0.21,0.27,0.24,0.46,1.91,0.81,0.44,0.26,0.29,0.23,0.29
t=143 field hdg=237.4 enc=9498;14811 xy=21;-539 want=-143 str=0.86 l=-0.99 r=2.00 tick=580710 goal=0 here=0 d11=0.67 B=0.46,1.06,0.84,0.43,0.24,0.22,0.28,0.24,0.46,1.93,0.82,0.46,0.27,0.29,0.22,0.29
t=144 field hdg=239.2 enc=9501;14810 xy=21;-540 want=-142 str=0.85 l=-0.97 r=2.00 tick=580732 goal=0 here=0 d11=0.69 B=0.46,1.06,0.85,0.43,0.24,0.22,0.28,0.23,0.46,1.93,0.82,0.45,0.27,0.28,0.24,0.28
t=144 field hdg=239.3 enc=9503;14812 xy=20;-541 want=-137 str=0.79 l=-0.91 r=2.00 tick=580753 goal=0 here=0 d11=0.68 B=0.46,1.05,0.87,0.45,0.26,0.21,0.27,0.23,0.46,1.94,0.82,0.45,0.26,0.29,0.23,0.30
t=144 field hdg=238.2 enc=9506;14812 xy=19;-543 want=-148 str=0.76 l=-1.06 r=2.00 tick=580772 goal=0 here=0 d11=0.68 B=0.45,1.05,0.97,0.46,0.26,0.21,0.28,0.24,0.45,1.94,0.84,0.47,0.26,0.29,0.22,0.28
t=144 field hdg=239.2 enc=9506;14809 xy=20;-541 want=-145 str=0.66 l=-1.01 r=2.00 tick=580791 goal=0 here=0 d11=0.67 B=0.45,1.06,1.04,0.45,0.26,0.21,0.27,0.22,0.43,1.95,0.84,0.45,0.26,0.29,0.23,0.27
t=144 field hdg=237.0 enc=9508;14809 xy=19;-542 want=-147 str=0.64 l=-1.04 r=2.00 tick=580809 goal=0 here=0 d11=0.68 B=0.45,1.06,1.09,0.46,0.25,0.22,0.27,0.23,0.45,1.95,0.87,0.46,0.25,0.29,0.23,0.28
t=145 field hdg=234.0 enc=9512;14808 xy=18;-543 want=-147 str=0.71 l=-1.04 r=2.00 tick=580829 goal=0 here=0 d11=0.68 B=0.47,1.08,1.10,0.48,0.26,0.21,0.27,0.24,0.42,1.94,0.93,0.47,0.25,0.29,0.23,0.27
t=145 field hdg=235.4 enc=9513;14807 xy=18;-543 want=-152 str=0.74 l=-1.13 r=2.00 tick=580847 goal=0 here=0 d11=0.67 B=0.44,1.09,1.10,0.48,0.28,0.22,0.27,0.24,0.43,1.94,0.96,0.47,0.26,0.30,0.23,0.25
t=145 field hdg=235.1 enc=9514;14808 xy=18;-544 want=-130 str=0.49 l=-0.83 r=2.00 tick=580866 goal=0 here=0 d11=0.68 B=0.44,1.09,1.09,0.49,0.26,0.22,0.29,0.23,0.43,1.63,1.01,0.49,0.27,0.30,0.23,0.29
t=145 field hdg=234.8 enc=9518;14807 xy=17;-546 want=-48 str=0.18 l=0.27 r=1.56 tick=580885 goal=0 here=0 d11=0.66 B=0.45,1.09,1.07,0.49,0.26,0.20,0.27,0.24,0.43,1.12,1.01,0.48,0.26,0.28,0.23,0.28
t=145 field hdg=236.6 enc=9519;14807 xy=16;-546 want=-36 str=0.13 l=0.43 r=1.39 tick=580904 goal=0 here=0 d11=0.68 B=0.44,1.09,1.07,0.51,0.26,0.21,0.28,0.23,0.42,1.10,1.01,0.47,0.25,0.29,0.22,0.27
t=146 field hdg=231.9 enc=9519;14807 xy=16;-546 want=-27 str=0.10 l=0.55 r=1.26 tick=580923 goal=0 here=0 d11=0.67 B=0.44,1.09,1.09,0.50,0.26,0.21,0.28,0.25,0.43,1.09,1.01,0.47,0.26,0.28,0.23,0.27
t=146 field hdg=234.7 enc=9519;14806 xy=17;-546 want=-17 str=0.12 l=0.68 r=1.13 tick=580943 goal=0 here=0 d11=0.67 B=0.44,1.12,1.08,0.51,0.27,0.21,0.28,0.23,0.42,1.09,1.02,0.49,0.27,0.28,0.22,0.27
t=146 field hdg=231.7 enc=9522;14806 xy=16;-547 want=-42 str=0.19 l=0.34 r=1.47 tick=580963 goal=0 here=0 d11=0.67 B=0.44,1.10,1.09,0.50,0.25,0.20,0.27,0.24,0.41,1.09,1.02,0.49,0.25,0.29,0.23,0.26
t=146 field hdg=234.2 enc=9522;14808 xy=15;-548 want=-111 str=0.20 l=-0.58 r=2.00 tick=580981 goal=0 here=0 d11=0.68 B=0.43,0.92,1.09,0.51,0.25,0.20,0.28,0.25,0.43,1.07,1.03,0.50,0.26,0.28,0.24,0.26
t=146 field hdg=231.2 enc=9523;14806 xy=15;-547 want=-128 str=0.11 l=-0.80 r=2.00 tick=581000 goal=0 here=0 d11=0.66 B=0.44,0.91,1.09,0.50,0.27,0.21,0.28,0.25,0.42,1.07,1.06,0.51,0.24,0.28,0.23,0.27
t=147 field hdg=231.3 enc=9526;14808 xy=14;-549 want=-114 str=0.19 l=-0.62 r=2.00 tick=581020 goal=0 here=0 d11=0.68 B=0.44,0.89,1.08,0.50,0.27,0.21,0.26,0.25,0.41,1.05,1.07,0.50,0.25,0.30,0.22,0.27
t=147 field hdg=230.8 enc=9529;14807 xy=13;-550 want=-129 str=0.43 l=-0.82 r=2.00 tick=581039 goal=0 here=0 d11=0.68 B=0.43,0.89,1.08,0.50,0.25,0.22,0.26,0.25,0.40,1.06,1.27,0.50,0.26,0.29,0.22,0.26
t=147 field hdg=236.3 enc=9531;14806 xy=13;-550 want=-142 str=0.45 l=-1.01 r=2.00 tick=581059 goal=0 here=0 d11=0.68 B=0.42,0.87,1.08,0.52,0.26,0.21,0.27,0.24,0.42,1.06,1.30,0.50,0.25,0.28,0.21,0.25
t=147 field hdg=231.0 enc=9533;14805 xy=13;-551 want=-142 str=0.55 l=-0.99 r=2.00 tick=581077 goal=0 here=0 d11=0.68 B=0.44,0.86,1.06,0.52,0.27,0.22,0.27,0.25,0.41,1.05,1.41,0.50,0.25,0.27,0.22,0.26
t=147 field hdg=231.9 enc=9534;14807 xy=12;-552 want=-136 str=0.56 l=-0.92 r=2.00 tick=581099 goal=0 here=0 d11=0.67 B=0.42,0.88,1.08,0.53,0.28,0.23,0.26,0.25,0.40,1.05,1.48,0.52,0.26,0.28,0.23,0.26
t=148 field hdg=234.8 enc=9536;14806 xy=11;-552 want=-139 str=0.89 l=-0.96 r=2.00 tick=581120 goal=0 here=0 d11=0.67 B=0.42,0.86,1.09,0.53,0.28,0.22,0.26,0.26,0.40,1.02,1.79,0.52,0.26,0.28,0.23,0.26
t=148 field hdg=230.2 enc=9539;14806 xy=11;-553 want=-134 str=0.83 l=-0.89 r=2.00 tick=581145 goal=0 here=0 d11=0.69 B=0.42,0.85,1.08,0.53,0.27,0.23,0.26,0.26,0.39,0.92,1.82,0.52,0.25,0.30,0.22,0.26
t=148 field hdg=232.7 enc=9540;14805 xy=11;-553 want=-139 str=0.88 l=-0.96 r=2.00 tick=581164 goal=0 here=0 d11=0.66 B=0.41,0.85,1.10,0.54,0.27,0.25,0.25,0.27,0.40,0.90,1.89,0.52,0.26,0.28,0.23,0.25
t=148 field hdg=231.8 enc=9544;14805 xy=9;-555 want=-132 str=0.85 l=-0.87 r=2.00 tick=581183 goal=0 here=0 d11=0.68 B=0.41,0.83,1.10,0.54,0.27,0.23,0.24,0.26,0.41,0.89,1.89,0.52,0.25,0.27,0.25,0.25
t=148 field hdg=230.3 enc=9544;14805 xy=9;-555 want=-133 str=0.85 l=-0.89 r=2.00 tick=581202 goal=0 here=0 d11=0.67 B=0.41,0.83,1.11,0.53,0.28,0.24,0.26,0.25,0.41,0.87,1.89,0.52,0.27,0.30,0.22,0.26
t=149 field hdg=229.6 enc=9546;14807 xy=8;-556 want=-142 str=0.86 l=-1.01 r=2.00 tick=581221 goal=0 here=0 d11=0.66 B=0.40,0.83,1.11,0.55,0.28,0.24,0.25,0.27,0.39,0.88,1.89,0.53,0.26,0.28,0.22,0.24
t=149 field hdg=226.2 enc=9550;14804 xy=8;-557 want=-143 str=0.83 l=-1.04 r=2.00 tick=581240 goal=0 here=0 d11=0.67 B=0.38,0.82,1.11,0.54,0.29,0.23,0.25,0.27,0.40,0.87,1.89,0.53,0.25,0.28,0.23,0.24
t=149 field hdg=225.3 enc=9552;14803 xy=7;-557 want=-165 str=0.54 l=-1.33 r=2.00 tick=581258 goal=0 here=0 d11=0.67 B=0.39,0.66,1.10,0.56,0.28,0.25,0.24,0.25,0.40,0.83,1.91,0.55,0.27,0.28,0.23,0.24
t=149 field hdg=226.7 enc=9554;14802 xy=7;-558 want=-164 str=0.53 l=-1.31 r=2.00 tick=581282 goal=0 here=0 d11=0.67 B=0.40,0.65,1.11,0.57,0.29,0.22,0.24,0.26,0.39,0.83,1.90,0.53,0.27,0.27,0.24,0.25
t=149 field hdg=227.4 enc=9556;14803 xy=6;-559 want=-168 str=0.55 l=-1.38 r=2.00 tick=581301 goal=0 here=0 d11=0.68 B=0.37,0.60,1.11,0.59,0.29,0.24,0.25,0.25,0.39,0.82,1.92,0.55,0.27,0.28,0.23,0.25
t=150 field hdg=226.3 enc=9557;14802 xy=6;-559 want=-166 str=0.58 l=-1.36 r=2.00 tick=581320 goal=0 here=0 d11=0.68 B=0.37,0.57,1.12,0.58,0.31,0.24,0.23,0.27,0.40,0.82,1.91,0.53,0.27,0.29,0.23,0.25
t=150 field hdg=224.8 enc=9561;14799 xy=6;-559 want=-167 str=1.13 l=-1.37 r=2.00 tick=581339 goal=0 here=0 d11=0.66 B=0.37,0.54,1.12,0.59,0.32,0.24,0.23,0.27,0.38,0.81,1.90,0.54,0.26,0.27,0.23,0.24
t=150 field hdg=225.8 enc=9563;14799 xy=5;-560 want=-150 str=1.51 l=-1.15 r=2.00 tick=581357 goal=0 here=0 d11=0.68 B=0.36,0.53,1.12,0.60,0.32,0.25,0.24,0.27,0.39,0.80,1.89,0.55,0.26,0.29,0.23,0.24
t=150 field hdg=227.5 enc=9564;14798 xy=5;-560 want=-165 str=1.08 l=-1.35 r=2.00 tick=581376 goal=0 here=0 d11=0.69 B=0.35,0.52,1.10,0.61,0.32,0.24,0.24,0.26,0.33,0.78,1.87,0.55,0.27,0.29,0.24,0.23
t=150 field hdg=226.5 enc=9565;14797 xy=5;-560 want=-152 str=1.42 l=-1.18 r=2.00 tick=581400 goal=0 here=0 d11=0.67 B=0.35,0.50,1.11,0.65,0.32,0.25,0.25,0.28,0.26,0.77,1.87,0.57,0.27,0.27,0.24,0.23
t=151 field hdg=224.5 enc=9567;14795 xy=5;-560 want=-150 str=1.22 l=-1.16 r=2.00 tick=581421 goal=0 here=0 d11=0.67 B=0.34,0.50,1.10,0.68,0.32,0.26,0.23,0.28,0.27,0.57,1.87,0.58,0.28,0.27,0.23,0.23
t=151 field hdg=222.1 enc=9569;14794 xy=4;-560 want=-145 str=1.23 l=-1.09 r=2.00 tick=581440 goal=0 here=0 d11=0.66 B=0.34,0.49,1.08,0.70,0.35,0.25,0.23,0.28,0.26,0.56,1.86,0.59,0.29,0.29,0.24,0.22
t=151 field hdg=223.4 enc=9572;14795 xy=3;-561 want=-149 str=1.17 l=-1.16 r=2.00 tick=581459 goal=0 here=0 d11=0.66 B=0.33,0.49,1.08,0.71,0.34,0.24,0.24,0.27,0.27,0.55,1.88,0.58,0.27,0.27,0.24,0.22
t=151 field hdg=222.6 enc=9573;14793 xy=3;-561 want=-139 str=0.74 l=-1.03 r=2.00 tick=581478 goal=0 here=0 d11=0.65 B=0.32,0.48,1.07,0.77,0.35,0.25,0.23,0.29,0.27,0.54,1.89,0.66,0.29,0.27,0.25,0.22
t=151 field hdg=220.6 enc=9577;14792 xy=2;-562 want=-127 str=0.85 l=-0.86 r=2.00 tick=581497 goal=0 here=0 d11=0.65 B=0.33,0.47,1.04,0.77,0.37,0.24,0.23,0.28,0.25,0.54,1.91,0.75,0.43,0.27,0.25,0.23
t=152 field hdg=217.4 enc=9579;14793 xy=1;-563 want=-132 str=0.83 l=-0.94 r=2.00 tick=581515 goal=0 here=0 d11=0.66 B=0.32,0.48,1.05,0.81,0.38,0.25,0.21,0.29,0.25,0.52,1.93,0.77,0.42,0.27,0.24,0.23
t=152 field hdg=221.6 enc=9579;14792 xy=1;-563 want=-132 str=0.88 l=-0.95 r=2.00 tick=581534 goal=0 here=0 d11=0.64 B=0.31,0.48,1.05,0.80,0.39,0.26,0.22,0.28,0.26,0.53,1.94,0.78,0.42,0.27,0.26,0.22
t=152 field hdg=216.2 enc=9581;14791 xy=1;-563 want=-130 str=0.88 l=-0.92 r=2.00 tick=581553 goal=0 here=0 d11=0.65 B=0.30,0.47,1.04,0.80,0.40,0.25,0.22,0.29,0.26,0.51,1.95,0.77,0.41,0.27,0.26,0.22
t=152 field hdg=219.9 enc=9585;14793 xy=-1;-565 want=-131 str=0.89 l=-0.92 r=2.00 tick=581572 goal=0 here=0 d11=0.66 B=0.31,0.46,1.04,0.82,0.40,0.26,0.23,0.29,0.26,0.52,1.95,0.78,0.41,0.29,0.27,0.22
t=152 field hdg=220.1 enc=9587;14792 xy=-2;-565 want=-138 str=0.93 l=-1.03 r=2.00 tick=581591 goal=0 here=0 d11=0.63 B=0.30,0.46,1.03,0.81,0.42,0.25,0.22,0.29,0.26,0.50,1.96,0.77,0.43,0.26,0.26,0.20
t=152 field hdg=217.9 enc=9589;14792 xy=-2;-566 want=-136 str=0.92 l=-1.00 r=2.00 tick=581610 goal=0 here=0 d11=0.64 B=0.30,0.46,1.03,0.81,0.42,0.26,0.22,0.29,0.27,0.50,1.94,0.79,0.43,0.27,0.25,0.22
t=153 field hdg=222.1 enc=9591;14790 xy=-2;-566 want=-135 str=0.93 l=-1.00 r=2.00 tick=581629 goal=0 here=0 d11=0.62 B=0.28,0.45,1.01,0.82,0.41,0.26,0.23,0.27,0.27,0.49,1.94,0.79,0.42,0.27,0.26,0.23
t=153 field hdg=215.5 enc=9592;14791 xy=-3;-566 want=-131 str=0.93 l=-0.95 r=2.00 tick=581648 goal=0 here=0 d11=0.63 B=0.29,0.47,1.02,0.82,0.43,0.26,0.20,0.28,0.27,0.50,1.93,0.79,0.44,0.27,0.27,0.21
t=153 field hdg=221.0 enc=9596;14789 xy=-4;-567 want=-135 str=0.90 l=-1.00 r=2.00 tick=581676 goal=0 here=0 d11=0.64 B=0.28,0.44,1.02,0.84,0.44,0.25,0.22,0.27,0.25,0.49,1.93,0.81,0.44,0.27,0.25,0.21
t=153 field hdg=216.4 enc=9597;14788 xy=-4;-567 want=-137 str=0.92 l=-1.02 r=2.00 tick=581698 goal=0 here=0 d11=0.62 B=0.28,0.46,1.03,0.84,0.44,0.26,0.22,0.28,0.26,0.50,1.92,0.81,0.44,0.27,0.26,0.20
t=154 field hdg=224.3 enc=9598;14788 xy=-4;-567 want=-135 str=0.93 l=-1.02 r=2.00 tick=581716 goal=0 here=0 d11=0.62 B=0.26,0.44,1.04,0.85,0.45,0.26,0.22,0.27,0.25,0.48,1.94,0.83,0.45,0.26,0.27,0.20
t=154 field hdg=216.6 enc=9602;14788 xy=-6;-569 want=-138 str=0.81 l=-1.04 r=2.00 tick=581738 goal=0 here=0 d11=0.62 B=0.28,0.44,1.04,0.95,0.47,0.26,0.21,0.29,0.25,0.47,1.93,0.83,0.45,0.25,0.27,0.21
t=154 field hdg=216.9 enc=9602;14786 xy=-5;-568 want=-138 str=0.78 l=-1.05 r=2.00 tick=581756 goal=0 here=0 d11=0.61 B=0.27,0.44,1.05,1.04,0.46,0.26,0.21,0.28,0.26,0.47,1.96,0.82,0.44,0.26,0.28,0.22
t=154 field hdg=216.2 enc=9604;14784 xy=-5;-568 want=-143 str=0.72 l=-1.12 r=2.00 tick=581775 goal=0 here=0 d11=0.63 B=0.27,0.44,1.06,1.09,0.47,0.26,0.21,0.28,0.26,0.45,1.95,0.83,0.44,0.25,0.28,0.20
t=154 field hdg=219.2 enc=9606;14785 xy=-6;-569 want=-154 str=0.75 l=-1.26 r=2.00 tick=581795 goal=0 here=0 d11=0.62 B=0.26,0.44,1.06,1.10,0.47,0.28,0.23,0.29,0.26,0.46,1.96,0.83,0.45,0.27,0.26,0.22
t=155 field hdg=215.1 enc=9609;14783 xy=-7;-569 want=-143 str=0.77 l=-1.14 r=2.00 tick=581814 goal=0 here=0 d11=0.61 B=0.24,0.43,1.07,1.08,0.50,0.26,0.22,0.28,0.25,0.47,1.96,0.84,0.45,0.26,0.28,0.21
t=155 field hdg=213.2 enc=9611;14782 xy=-7;-570 want=-142 str=0.78 l=-1.11 r=2.00 tick=581833 goal=0 here=0 d11=0.63 B=0.26,0.42,1.07,1.08,0.50,0.27,0.21,0.30,0.25,0.45,1.96,0.87,0.46,0.28,0.27,0.22
t=155 field hdg=217.5 enc=9612;14783 xy=-8;-570 want=-153 str=0.80 l=-1.27 r=2.00 tick=581851 goal=0 here=0 d11=0.62 B=0.25,0.43,1.10,1.08,0.49,0.28,0.23,0.31,0.24,0.46,1.95,0.92,0.46,0.25,0.27,0.20
t=155 field hdg=212.9 enc=9615;14780 xy=-8;-570 want=-147 str=0.88 l=-1.18 r=2.00 tick=581870 goal=0 here=0 d11=0.62 B=0.25,0.41,1.08,1.06,0.50,0.27,0.23,0.29,0.25,0.45,1.94,0.97,0.48,0.26,0.27,0.20
t=155 field hdg=210.7 enc=9617;14779 xy=-8;-570 want=-147 str=0.59 l=-1.19 r=2.00 tick=581890 goal=0 here=0 d11=0.61 B=0.26,0.41,0.98,1.05,0.51,0.28,0.23,0.28,0.26,0.44,1.54,1.01,0.48,0.26,0.28,0.21
t=155 field hdg=210.6 enc=9619;14779 xy=-9;-571 want=-165 str=0.31 l=-1.43 r=2.00 tick=581909 goal=0 here=0 d11=0.63 B=0.25,0.42,0.89,1.07,0.52,0.29,0.23,0.28,0.27,0.44,1.11,1.03,0.48,0.26,0.28,0.21
t=156 field hdg=212.9 enc=9623;14779 xy=-11;-572 want=-174 str=0.34 l=-1.56 r=2.00 tick=581930 goal=0 here=0 d11=0.63 B=0.24,0.40,0.87,1.07,0.52,0.28,0.26,0.28,0.25,0.44,1.09,1.03,0.49,0.26,0.28,0.21
t=156 field hdg=207.1 enc=9625;14776 xy=-10;-572 want=-173 str=0.34 l=-1.53 r=2.00 tick=581949 goal=0 here=0 d11=0.62 B=0.25,0.40,0.87,1.08,0.53,0.29,0.24,0.28,0.26,0.43,1.09,1.04,0.50,0.27,0.27,0.21
t=156 field hdg=211.5 enc=9626;14775 xy=-10;-572 want=-137 str=0.52 l=-1.05 r=2.00 tick=581970 goal=0 here=0 d11=0.63 B=0.25,0.40,0.85,1.07,0.53,0.28,0.22,0.26,0.27,0.43,1.07,1.31,0.51,0.25,0.28,0.19
t=156 field hdg=211.2 enc=9627;14775 xy=-11;-572 want=-137 str=0.52 l=-1.06 r=2.00 tick=581992 goal=0 here=0 d11=0.62 B=0.25,0.39,0.85,1.07,0.54,0.29,0.23,0.26,0.26,0.43,1.07,1.33,0.50,0.26,0.28,0.21
t=156 field hdg=209.9 enc=9629;14774 xy=-11;-572 want=-134 str=0.64 l=-1.02 r=2.00 tick=582010 goal=0 here=0 d11=0.61 B=0.24,0.39,0.83,1.08,0.53,0.29,0.22,0.26,0.26,0.41,1.05,1.48,0.52,0.26,0.27,0.21
t=157 field hdg=209.5 enc=9631;14774 xy=-12;-573 want=-163 str=0.59 l=-1.40 r=2.00 tick=582029 goal=0 here=0 d11=0.62 B=0.24,0.39,0.82,1.07,0.55,0.29,0.23,0.26,0.26,0.42,0.98,1.83,0.52,0.25,0.27,0.21
t=157 field hdg=210.2 enc=9635;14773 xy=-13;-574 want=-124 str=0.93 l=-0.88 r=2.00 tick=582048 goal=0 here=0 d11=0.61 B=0.25,0.39,0.82,1.08,0.53,0.29,0.25,0.25,0.27,0.42,0.92,1.91,0.52,0.27,0.27,0.22
t=157 field hdg=207.4 enc=9635;14773 xy=-13;-574 want=-134 str=0.89 l=-1.02 r=2.00 tick=582067 goal=0 here=0 d11=0.61 B=0.24,0.39,0.82,1.09,0.54,0.32,0.25,0.27,0.28,0.42,0.89,1.90,0.52,0.25,0.28,0.21
t=157 field hdg=205.8 enc=9637;14771 xy=-13;-574 want=-157 str=0.69 l=-1.34 r=2.00 tick=582088 goal=0 here=0 d11=0.61 B=0.22,0.38,0.68,1.11,0.56,0.30,0.23,0.24,0.27,0.42,0.89,1.90,0.51,0.25,0.29,0.21
t=157 field hdg=203.5 enc=9639;14771 xy=-14;-574 want=-160 str=0.74 l=-1.38 r=2.00 tick=582107 goal=0 here=0 d11=0.61 B=0.23,0.38,0.64,1.10,0.57,0.31,0.25,0.26,0.27,0.41,0.90,1.90,0.53,0.25,0.28,0.22
t=158 field hdg=205.4 enc=9641;14768 xy=-14;-574 want=-163 str=0.76 l=-1.41 r=2.00 tick=582126 goal=0 here=0 d11=0.62 B=0.24,0.37,0.61,1.11,0.58,0.31,0.26,0.25,0.28,0.42,0.87,1.91,0.52,0.26,0.28,0.21
t=158 field hdg=206.0 enc=9644;14769 xy=-16;-575 want=-161 str=0.78 l=-1.38 r=2.00 tick=582145 goal=0 here=0 d11=0.62 B=0.24,0.37,0.56,1.11,0.59,0.31,0.24,0.24,0.29,0.40,0.85,1.91,0.53,0.25,0.27,0.22
t=158 field hdg=207.3 enc=9646;14767 xy=-16;-575 want=-150 str=1.31 l=-1.23 r=2.00 tick=582163 goal=0 here=0 d11=0.62 B=0.23,0.37,0.52,1.11,0.61,0.33,0.25,0.24,0.29,0.40,0.86,1.92,0.53,0.26,0.28,0.22
t=158 field hdg=204.0 enc=9649;14767 xy=-17;-575 want=-147 str=1.27 l=-1.19 r=2.00 tick=582185 goal=0 here=0 d11=0.62 B=0.23,0.34,0.51,1.09,0.61,0.32,0.24,0.24,0.28,0.41,0.85,1.91,0.54,0.26,0.28,0.22
t=158 field hdg=204.3 enc=9650;14764 xy=-16;-575 want=-153 str=1.30 l=-1.28 r=2.00 tick=582206 goal=0 here=0 d11=0.63 B=0.23,0.37,0.50,1.10,0.64,0.33,0.26,0.24,0.28,0.42,0.83,1.92,0.54,0.27,0.27,0.21
t=159 field hdg=205.5 enc=9654;14765 xy=-18;-576 want=-152 str=1.27 l=-1.27 r=2.00 tick=582229 goal=0 here=0 d11=0.63 B=0.22,0.34,0.49,1.10,0.65,0.35,0.26,0.24,0.28,0.39,0.83,1.91,0.54,0.25,0.29,0.22
t=159 field hdg=204.2 enc=9656;14763 xy=-18;-576 want=-136 str=1.57 l=-1.05 r=2.00 tick=582248 goal=0 here=0 d11=0.62 B=0.23,0.34,0.48,1.10,0.69,0.35,0.25,0.24,0.30,0.40,0.79,1.90,0.56,0.26,0.28,0.21
t=159 field hdg=202.1 enc=9656;14762 xy=-18;-576 want=-154 str=1.20 l=-1.29 r=2.00 tick=582267 goal=0 here=0 d11=0.63 B=0.24,0.32,0.48,1.09,0.70,0.36,0.25,0.24,0.29,0.34,0.78,1.88,0.55,0.27,0.27,0.21
t=159 field hdg=203.6 enc=9658;14760 xy=-18;-576 want=-140 str=1.46 l=-1.11 r=2.00 tick=582287 goal=0 here=0 d11=0.63 B=0.22,0.31,0.48,1.07,0.77,0.38,0.26,0.24,0.31,0.27,0.76,1.89,0.56,0.27,0.26,0.21
t=159 field hdg=198.8 enc=9662;14761 xy=-20;-576 want=-136 str=1.22 l=-1.06 r=2.00 tick=582306 goal=0 here=0 d11=0.62 B=0.21,0.31,0.49,1.06,0.77,0.38,0.25,0.23,0.27,0.28,0.59,1.88,0.56,0.25,0.27,0.22
t=160 field hdg=203.4 enc=9663;14759 xy=-20;-576 want=-139 str=1.29 l=-1.10 r=2.00 tick=582327 goal=0 here=0 d11=0.61 B=0.21,0.31,0.47,1.06,0.78,0.39,0.25,0.24,0.29,0.27,0.58,1.88,0.58,0.26,0.27,0.21
t=160 field hdg=203.4 enc=9665;14758 xy=-20;-576 want=-140 str=1.32 l=-1.11 r=2.00 tick=582346 goal=0 here=0 d11=0.61 B=0.21,0.29,0.46,1.03,0.80,0.41,0.25,0.24,0.29,0.28,0.56,1.90,0.58,0.26,0.26,0.22
t=160 field hdg=196.5 enc=9666;14758 xy=-21;-577 want=-135 str=0.76 l=-1.05 r=2.00 tick=582365 goal=0 here=0 d11=0.61 B=0.22,0.29,0.46,1.05,0.80,0.41,0.26,0.23,0.30,0.28,0.55,1.92,0.59,0.27,0.27,0.23
t=160 field hdg=200.3 enc=9669;14757 xy=-22;-577 want=-134 str=0.82 l=-1.03 r=2.00 tick=582384 goal=0 here=0 d11=0.62 B=0.22,0.30,0.47,1.04,0.82,0.41,0.26,0.23,0.29,0.28,0.54,1.95,0.68,0.27,0.27,0.22
t=160 field hdg=199.9 enc=9670;14755 xy=-21;-577 want=-132 str=1.00 l=-1.02 r=2.00 tick=582403 goal=0 here=0 d11=0.62 B=0.21,0.29,0.45,1.02,0.80,0.43,0.26,0.24,0.29,0.28,0.53,1.96,0.78,0.27,0.27,0.21
t=161 field hdg=200.7 enc=9673;14754 xy=-22;-577 want=-130 str=0.95 l=-0.99 r=2.00 tick=582424 goal=0 here=0 d11=0.61 B=0.20,0.28,0.46,1.03,0.82,0.44,0.26,0.23,0.30,0.27,0.53,1.97,0.77,0.27,0.26,0.24
t=161 field hdg=197.7 enc=9677;14754 xy=-24;-578 want=-130 str=1.01 l=-0.98 r=2.00 tick=582443 goal=0 here=0 d11=0.61 B=0.21,0.27,0.45,1.01,0.81,0.45,0.26,0.24,0.30,0.27,0.52,1.96,0.78,0.28,0.26,0.24
t=161 field hdg=196.4 enc=9678;14754 xy=-25;-578 want=-128 str=1.00 l=-0.96 r=2.00 tick=582462 goal=0 here=0 d11=0.61 B=0.20,0.27,0.45,1.01,0.82,0.46,0.27,0.23,0.30,0.26,0.53,1.94,0.78,0.29,0.27,0.24
t=161 field hdg=198.4 enc=9680;14753 xy=-25;-578 want=-138 str=1.03 l=-1.10 r=2.00 tick=582481 goal=0 here=0 d11=0.62 B=0.20,0.27,0.44,1.01,0.83,0.45,0.27,0.23,0.30,0.27,0.50,1.95,0.78,0.26,0.26,0.23
t=161 field hdg=189.9 enc=9680;14754 xy=-26;-578 want=-129 str=1.00 l=-0.98 r=2.00 tick=582500 goal=0 here=0 d11=0.62 B=0.20,0.27,0.43,1.03,0.84,0.46,0.27,0.23,0.29,0.27,0.52,1.93,0.79,0.42,0.27,0.23
t=162 field hdg=194.0 enc=9684;14752 xy=-27;-578 want=-129 str=1.02 l=-0.97 r=2.00 tick=582519 goal=0 here=0 d11=0.63 B=0.21,0.26,0.44,1.03,0.84,0.47,0.27,0.25,0.30,0.28,0.50,1.95,0.79,0.41,0.25,0.26
t=162 field hdg=195.6 enc=9685;14752 xy=-27;-579 want=-126 str=1.03 l=-0.93 r=2.00 tick=582541 goal=0 here=0 d11=0.60 B=0.20,0.26,0.45,1.03,0.86,0.49,0.27,0.23,0.31,0.27,0.50,1.94,0.82,0.42,0.28,0.25
t=162 field hdg=198.3 enc=9688;14752 xy=-28;-579 want=-132 str=0.88 l=-1.02 r=2.00 tick=582565 goal=0 here=0 d11=0.61 B=0.20,0.26,0.44,1.03,1.03,0.49,0.27,0.22,0.30,0.27,0.51,1.94,0.81,0.42,0.26,0.25
t=162 field hdg=195.9 enc=9689;14752 xy=-29;-579 want=-140 str=0.94 l=-1.14 r=2.00 tick=582584 goal=0 here=0 d11=0.61 B=0.18,0.25,0.43,1.05,1.03,0.48,0.27,0.23,0.31,0.26,0.50,1.94,0.80,0.42,0.26,0.24
t=162 field hdg=196.5 enc=9691;14751 xy=-29;-579 want=-140 str=0.90 l=-1.12 r=2.00 tick=582602 goal=0 here=0 d11=0.61 B=0.21,0.24,0.41,1.05,1.09,0.49,0.28,0.23,0.30,0.27,0.49,1.95,0.82,0.42,0.26,0.25
t=163 field hdg=190.8 enc=9693;14750 xy=-30;-579 want=-140 str=0.98 l=-1.12 r=2.00 tick=582621 goal=0 here=0 d11=0.61 B=0.20,0.23,0.43,1.06,1.08,0.51,0.27,0.23,0.31,0.27,0.48,1.97,0.82,0.43,0.27,0.24
t=163 field hdg=192.7 enc=9696;14749 xy=-31;-580 want=-137 str=0.90 l=-1.09 r=2.00 tick=582640 goal=0 here=0 d11=0.62 B=0.20,0.25,0.42,1.05,1.07,0.50,0.28,0.24,0.31,0.26,0.48,1.96,0.83,0.43,0.27,0.25
t=163 field hdg=192.8 enc=9697;14750 xy=-32;-580 want=-140 str=0.98 l=-1.13 r=2.00 tick=582661 goal=0 here=0 d11=0.60 B=0.20,0.23,0.41,1.07,1.07,0.51,0.28,0.23,0.32,0.27,0.48,1.97,0.83,0.45,0.26,0.26
t=163 field hdg=191.5 enc=9700;14747 xy=-32;-580 want=-144 str=1.01 l=-1.19 r=2.00 tick=582683 goal=0 here=0 d11=0.61 B=0.19,0.24,0.41,1.08,1.07,0.51,0.29,0.24,0.30,0.28,0.47,1.97,0.84,0.44,0.26,0.24
t=163 field hdg=192.6 enc=9703;14746 xy=-33;-580 want=-139 str=0.91 l=-1.11 r=2.00 tick=582702 goal=0 here=0 d11=0.64 B=0.20,0.24,0.41,1.08,1.07,0.52,0.28,0.24,0.31,0.26,0.47,1.96,0.86,0.44,0.25,0.27
t=164 field hdg=194.2 enc=9705;14746 xy=-34;-580 want=-135 str=1.14 l=-1.06 r=2.00 tick=582721 goal=0 here=0 d11=0.62 B=0.19,0.23,0.40,0.88,1.07,0.53,0.28,0.25,0.28,0.28,0.48,1.95,0.89,0.45,0.24,0.28
t=164 field hdg=191.4 enc=9708;14744 xy=-34;-580 want=-135 str=1.22 l=-1.07 r=2.00 tick=582740 goal=0 here=0 d11=0.61 B=0.19,0.24,0.40,0.88,1.06,0.54,0.30,0.25,0.30,0.27,0.46,1.96,0.96,0.45,0.25,0.27
t=164 field hdg=188.9 enc=9709;14744 xy=-35;-580 want=-157 str=0.56 l=-1.35 r=2.00 tick=582759 goal=0 here=0 d11=0.62 B=0.20,0.23,0.40,0.86,1.06,0.54,0.29,0.25,0.29,0.27,0.45,1.15,1.00,0.45,0.25,0.27
t=164 field hdg=188.2 enc=9710;14743 xy=-35;-580 want=-163 str=0.48 l=-1.44 r=2.00 tick=582778 goal=0 here=0 d11=0.62 B=0.20,0.24,0.40,0.85,1.07,0.54,0.31,0.24,0.28,0.27,0.45,1.10,1.01,0.46,0.26,0.26
t=164 field hdg=187.6 enc=9714;14741 xy=-36;-581 want=-156 str=0.55 l=-1.34 r=2.00 tick=582797 goal=0 here=0 d11=0.63 B=0.20,0.23,0.39,0.83,1.06,0.54,0.29,0.25,0.29,0.28,0.45,1.10,1.03,0.47,0.27,0.27
t=165 field hdg=188.3 enc=9716;14741 xy=-37;-581 want=-162 str=0.53 l=-1.42 r=2.00 tick=582816 goal=0 here=0 d11=0.61 B=0.20,0.23,0.39,0.84,1.08,0.54,0.29,0.26,0.28,0.27,0.44,1.11,1.04,0.48,0.25,0.28
t=165 field hdg=189.4 enc=9715;14740 xy=-36;-581 want=158 str=0.87 l=2.00 r=-1.37 tick=582834 goal=0 here=0 d11=0.62 B=0.20,0.23,0.39,0.82,1.08,0.56,0.31,0.27,0.28,0.28,0.46,1.10,1.08,0.48,0.24,0.27
t=165 field hdg=188.5 enc=9716;14741 xy=-37;-581 want=-158 str=0.68 l=-1.37 r=2.00 tick=582853 goal=0 here=0 d11=0.62 B=0.19,0.23,0.39,0.82,1.08,0.54,0.31,0.25,0.29,0.30,0.44,1.08,1.10,0.48,0.25,0.27
t=165 field hdg=186.6 enc=9718;14740 xy=-37;-581 want=161 str=0.79 l=2.00 r=-1.41 tick=582872 goal=0 here=0 d11=0.61 B=0.20,0.23,0.39,0.82,1.08,0.56,0.30,0.25,0.29,0.29,0.46,1.10,1.07,0.48,0.26,0.27
t=165 field hdg=189.2 enc=9718;14741 xy=-38;-581 want=-163 str=0.62 l=-1.44 r=2.00 tick=582891 goal=0 here=0 d11=0.61 B=0.20,0.23,0.38,0.82,1.08,0.55,0.31,0.26,0.30,0.27,0.43,1.08,1.06,0.49,0.26,0.26
t=165 field hdg=189.7 enc=9718;14743 xy=-39;-581 want=157 str=0.88 l=2.00 r=-1.35 tick=582910 goal=0 here=0 d11=0.62 B=0.20,0.23,0.38,0.84,1.09,0.56,0.30,0.26,0.28,0.28,0.44,1.08,1.08,0.48,0.25,0.26
t=166 field hdg=186.5 enc=9717;14744 xy=-39;-581 want=-160 str=0.52 l=-1.39 r=2.00 tick=582928 goal=0 here=0 d11=0.61 B=0.20,0.23,0.37,0.83,1.08,0.54,0.31,0.25,0.27,0.27,0.44,1.08,1.08,0.49,0.25,0.26
t=166 field hdg=188.5 enc=9719;14742 xy=-39;-581 want=-164 str=0.65 l=-1.45 r=2.00 tick=582948 goal=0 here=0 d11=0.60 B=0.20,0.23,0.38,0.82,1.07,0.54,0.30,0.26,0.27,0.29,0.46,1.10,1.06,0.47,0.23,0.27
t=166 field hdg=187.2 enc=9722;14743 xy=-41;-581 want=175 str=0.88 l=2.00 r=-1.59 tick=582967 goal=0 here=0 d11=0.62 B=0.20,0.22,0.38,0.81,1.08,0.56,0.30,0.27,0.28,0.28,0.45,1.08,1.31,0.47,0.26,0.25
t=166 field hdg=188.6 enc=9720;14743 xy=-40;-581 want=174 str=0.93 l=2.00 r=-1.59 tick=582986 goal=0 here=0 d11=0.60 B=0.18,0.22,0.38,0.82,1.09,0.56,0.30,0.26,0.28,0.29,0.44,1.08,1.31,0.48,0.24,0.25
t=167 field hdg=187.1 enc=9721;14747 xy=-42;-581 want=-169 str=0.72 l=-1.53 r=2.00 tick=583010 goal=0 here=0 d11=0.61 B=0.18,0.23,0.39,0.83,1.09,0.55,0.31,0.26,0.28,0.28,0.45,1.08,1.07,0.48,0.24,0.26
t=167 field hdg=189.0 enc=9722;14745 xy=-42;-581 want=155 str=0.71 l=2.00 r=-1.33 tick=583031 goal=0 here=0 d11=0.62 B=0.20,0.23,0.38,0.82,1.07,0.56,0.31,0.24,0.27,0.28,0.46,1.08,1.05,0.47,0.25,0.28
t=167 field hdg=187.0 enc=9722;14746 xy=-42;-581 want=158 str=0.97 l=2.00 r=-1.38 tick=583050 goal=0 here=0 d11=0.59 B=0.19,0.22,0.38,0.83,1.09,0.56,0.31,0.26,0.28,0.28,0.46,1.10,1.06,0.47,0.24,0.26
t=167 field hdg=185.1 enc=9719;14748 xy=-42;-581 want=-162 str=0.55 l=-1.42 r=2.00 tick=583069 goal=0 here=0 d11=0.62 B=0.21,0.24,0.39,0.82,1.08,0.54,0.30,0.25,0.27,0.28,0.45,1.10,1.04,0.47,0.25,0.25
t=167 field hdg=187.9 enc=9721;14749 xy=-43;-582 want=-165 str=0.62 l=-1.47 r=2.00 tick=583088 goal=0 here=0 d11=0.60 B=0.19,0.22,0.38,0.83,1.06,0.54,0.31,0.25,0.29,0.26,0.46,1.11,1.03,0.47,0.24,0.26
t=167 field hdg=187.3 enc=9724;14746 xy=-43;-582 want=-165 str=0.65 l=-1.46 r=2.00 tick=583107 goal=0 here=0 d11=0.61 B=0.20,0.22,0.38,0.82,1.08,0.55,0.31,0.26,0.29,0.28,0.44,1.08,1.05,0.47,0.24,0.27
t=168 field hdg=186.5 enc=9726;14746 xy=-44;-582 want=166 str=0.93 l=2.00 r=-1.49 tick=583126 goal=0 here=0 d11=0.61 B=0.19,0.23,0.37,0.82,1.08,0.56,0.32,0.27,0.27,0.29,0.43,1.09,1.19,0.47,0.24,0.26
t=168 field hdg=185.4 enc=9723;14749 xy=-44;-582 want=172 str=0.80 l=2.00 r=-1.55 tick=583149 goal=0 here=0 d11=0.62 B=0.20,0.23,0.37,0.82,1.08,0.56,0.32,0.25,0.28,0.29,0.45,1.07,1.30,0.48,0.24,0.26
t=168 STUCK mv=8 want=155
t=171 field hdg=205.5 enc=9674;14783 xy=-44;-582 want=-161 str=1.38 l=-1.39 r=2.00 tick=583474 goal=0 here=0 d11=0.57 B=0.21,0.30,0.48,1.07,0.71,0.37,0.27,0.26,0.28,0.42,0.82,1.91,0.55,0.25,0.28,0.21
t=171 field hdg=205.6 enc=9675;14783 xy=-45;-582 want=-161 str=1.34 l=-1.40 r=2.00 tick=583493 goal=0 here=0 d11=0.57 B=0.22,0.30,0.47,1.07,0.73,0.38,0.26,0.24,0.30,0.42,0.82,1.88,0.55,0.25,0.26,0.21
t=172 field hdg=202.8 enc=9678;14783 xy=-46;-582 want=-164 str=1.39 l=-1.44 r=2.00 tick=583512 goal=0 here=0 d11=0.58 B=0.21,0.31,0.47,1.05,0.79,0.39,0.27,0.26,0.30,0.42,0.81,1.88,0.54,0.27,0.26,0.22
t=172 field hdg=201.3 enc=9680;14782 xy=-47;-582 want=-144 str=1.64 l=-1.17 r=2.00 tick=583531 goal=0 here=0 d11=0.57 B=0.21,0.29,0.47,1.05,0.78,0.40,0.26,0.24,0.30,0.35,0.79,1.90,0.56,0.25,0.26,0.21
t=172 field hdg=198.7 enc=9683;14781 xy=-48;-583 want=-144 str=1.54 l=-1.18 r=2.00 tick=583550 goal=0 here=0 d11=0.56 B=0.19,0.30,0.45,1.04,0.80,0.42,0.26,0.23,0.31,0.29,0.77,1.87,0.56,0.24,0.27,0.22
t=172 field hdg=199.9 enc=9684;14778 xy=-47;-582 want=-147 str=1.44 l=-1.22 r=2.00 tick=583572 goal=0 here=0 d11=0.56 B=0.20,0.28,0.46,1.03,0.80,0.41,0.28,0.22,0.30,0.28,0.60,1.88,0.56,0.26,0.27,0.20
t=172 field hdg=197.1 enc=9685;14777 xy=-47;-582 want=-147 str=1.42 l=-1.21 r=2.00 tick=583593 goal=0 here=0 d11=0.58 B=0.21,0.29,0.46,1.04,0.81,0.43,0.28,0.24,0.30,0.29,0.58,1.90,0.57,0.26,0.26,0.21
t=173 field hdg=199.7 enc=9687;14777 xy=-48;-583 want=-144 str=1.50 l=-1.18 r=2.00 tick=583612 goal=0 here=0 d11=0.56 B=0.20,0.27,0.44,1.03,0.81,0.44,0.28,0.25,0.30,0.28,0.57,1.92,0.59,0.27,0.27,0.22
t=173 field hdg=198.0 enc=9691;14776 xy=-49;-583 want=-147 str=1.58 l=-1.22 r=2.00 tick=583634 goal=0 here=0 d11=0.57 B=0.20,0.27,0.44,1.02,0.81,0.45,0.28,0.24,0.30,0.30,0.55,1.94,0.59,0.26,0.26,0.21
t=173 field hdg=198.5 enc=9693;14776 xy=-50;-584 want=-150 str=1.10 l=-1.27 r=2.00 tick=583653 goal=0 here=0 d11=0.57 B=0.19,0.27,0.44,1.00,0.82,0.46,0.29,0.24,0.31,0.29,0.54,1.98,0.61,0.27,0.27,0.20
t=173 field hdg=194.6 enc=9694;14775 xy=-50;-584 want=-141 str=1.08 l=-1.14 r=2.00 tick=583671 goal=0 here=0 d11=0.56 B=0.19,0.27,0.44,1.01,0.83,0.47,0.27,0.23,0.31,0.29,0.54,1.96,0.76,0.26,0.25,0.23
t=173 field hdg=196.9 enc=9695;14772 xy=-49;-583 want=-142 str=1.06 l=-1.16 r=2.00 tick=583690 goal=0 here=0 d11=0.57 B=0.20,0.27,0.43,1.02,0.85,0.47,0.28,0.24,0.30,0.27,0.54,1.95,0.79,0.27,0.27,0.21
t=173 field hdg=195.0 enc=9699;14773 xy=-51;-584 want=-145 str=1.08 l=-1.20 r=2.00 tick=583709 goal=0 here=0 d11=0.58 B=0.20,0.26,0.42,1.02,0.85,0.47,0.29,0.24,0.31,0.28,0.52,1.96,0.79,0.26,0.25,0.23
t=174 field hdg=196.3 enc=9701;14770 xy=-51;-584 want=-143 str=1.05 l=-1.18 r=2.00 tick=583728 goal=0 here=0 d11=0.57 B=0.18,0.25,0.44,1.03,0.87,0.48,0.27,0.23,0.31,0.27,0.53,1.94,0.80,0.26,0.25,0.23
t=174 field hdg=196.6 enc=9702;14770 xy=-51;-584 want=-147 str=1.00 l=-1.21 r=2.00 tick=583750 goal=0 here=0 d11=0.57 B=0.20,0.24,0.43,1.02,1.03,0.48,0.28,0.23,0.30,0.28,0.52,1.94,0.79,0.28,0.26,0.22
t=174 field hdg=195.0 enc=9706;14769 xy=-53;-584 want=-153 str=1.04 l=-1.32 r=2.00 tick=583774 goal=0 here=0 d11=0.57 B=0.18,0.24,0.40,1.05,1.04,0.49,0.27,0.25,0.30,0.28,0.52,1.93,0.79,0.28,0.25,0.23
t=174 field hdg=194.2 enc=9706;14768 xy=-52;-584 want=-151 str=1.01 l=-1.27 r=2.00 tick=583793 goal=0 here=0 d11=0.58 B=0.20,0.23,0.41,1.05,1.10,0.49,0.29,0.24,0.31,0.28,0.51,1.95,0.80,0.41,0.25,0.24
t=175 field hdg=192.4 enc=9708;14767 xy=-53;-584 want=-147 str=1.06 l=-1.23 r=2.00 tick=583811 goal=0 here=0 d11=0.57 B=0.19,0.23,0.41,1.05,1.08,0.50,0.29,0.23,0.30,0.28,0.51,1.96,0.82,0.43,0.26,0.24
t=175 field hdg=193.2 enc=9711;14767 xy=-54;-585 want=-147 str=0.98 l=-1.23 r=2.00 tick=583833 goal=0 here=0 d11=0.58 B=0.18,0.25,0.40,1.06,1.06,0.51,0.29,0.24,0.31,0.27,0.49,1.95,0.80,0.42,0.26,0.25
t=175 field hdg=194.5 enc=9714;14765 xy=-55;-585 want=-152 str=1.13 l=-1.31 r=2.00 tick=583851 goal=0 here=0 d11=0.58 B=0.17,0.23,0.40,1.06,1.07,0.52,0.29,0.25,0.31,0.28,0.50,1.97,0.82,0.42,0.25,0.24
t=175 field hdg=194.7 enc=9717;14765 xy=-56;-585 want=-147 str=0.97 l=-1.23 r=2.00 tick=583873 goal=0 here=0 d11=0.59 B=0.19,0.24,0.40,1.09,1.07,0.51,0.29,0.24,0.32,0.27,0.48,1.98,0.82,0.44,0.25,0.24
t=175 field hdg=191.4 enc=9717;14763 xy=-55;-585 want=-148 str=1.10 l=-1.24 r=2.00 tick=583891 goal=0 here=0 d11=0.58 B=0.19,0.22,0.39,1.06,1.06,0.52,0.30,0.24,0.32,0.29,0.47,1.97,0.82,0.43,0.25,0.26
t=176 field hdg=191.7 enc=9719;14762 xy=-56;-585 want=-144 str=1.17 l=-1.18 r=2.00 tick=583911 goal=0 here=0 d11=0.59 B=0.19,0.23,0.41,0.89,1.06,0.51,0.29,0.25,0.30,0.27,0.48,1.95,0.84,0.43,0.24,0.25
t=176 field hdg=191.9 enc=9721;14761 xy=-56;-585 want=-142 str=1.20 l=-1.16 r=2.00 tick=583930 goal=0 here=0 d11=0.58 B=0.20,0.23,0.40,0.88,1.06,0.53,0.31,0.25,0.30,0.27,0.49,1.96,0.87,0.43,0.24,0.26
t=176 field hdg=190.0 enc=9725;14759 xy=-57;-585 want=-142 str=1.32 l=-1.16 r=2.00 tick=583948 goal=0 here=0 d11=0.59 B=0.18,0.24,0.39,0.85,1.05,0.54,0.31,0.26,0.31,0.28,0.47,1.96,0.91,0.45,0.24,0.26
t=176 field hdg=191.4 enc=9724;14760 xy=-57;-585 want=-168 str=0.72 l=-1.50 r=2.00 tick=583967 goal=0 here=0 d11=0.60 B=0.19,0.23,0.38,0.86,1.06,0.54,0.30,0.26,0.29,0.29,0.46,1.16,0.96,0.44,0.24,0.27
t=176 field hdg=189.1 enc=9726;14758 xy=-57;-585 want=-167 str=0.77 l=-1.51 r=2.00 tick=583986 goal=0 here=0 d11=0.61 B=0.17,0.22,0.38,0.83,1.07,0.54,0.31,0.26,0.30,0.28,0.46,1.14,1.00,0.46,0.24,0.26
t=176 field hdg=188.3 enc=9728;14759 xy=-59;-586 want=159 str=0.95 l=2.00 r=-1.39 tick=584005 goal=0 here=0 d11=0.61 B=0.18,0.23,0.39,0.83,1.06,0.56,0.31,0.25,0.31,0.28,0.47,1.11,1.01,0.46,0.25,0.26
t=177 field hdg=187.0 enc=9728;14758 xy=-58;-586 want=-166 str=0.74 l=-1.48 r=2.00 tick=584023 goal=0 here=0 d11=0.60 B=0.20,0.21,0.40,0.82,1.07,0.54,0.33,0.27,0.29,0.27,0.45,1.12,1.02,0.46,0.25,0.25
t=177 field hdg=185.8 enc=9731;14759 xy=-60;-586 want=-169 str=0.74 l=-1.53 r=2.00 tick=584055 goal=0 here=0 d11=0.62 B=0.18,0.24,0.37,0.82,1.08,0.55,0.30,0.26,0.29,0.29,0.45,1.10,1.01,0.46,0.25,0.26
t=177 field hdg=187.5 enc=9735;14756 xy=-61;-586 want=161 str=1.07 l=2.00 r=-1.41 tick=584076 goal=0 here=0 d11=0.62 B=0.19,0.22,0.38,0.82,1.09,0.55,0.33,0.27,0.28,0.30,0.47,1.09,1.05,0.47,0.24,0.24
t=177 field hdg=189.6 enc=9733;14759 xy=-61;-586 want=159 str=1.01 l=2.00 r=-1.38 tick=584095 goal=0 here=0 d11=0.60 B=0.19,0.22,0.37,0.82,1.08,0.56,0.32,0.27,0.27,0.28,0.46,1.10,1.06,0.46,0.24,0.24
t=178 field hdg=185.4 enc=9733;14759 xy=-61;-586 want=159 str=1.03 l=2.00 r=-1.38 tick=584114 goal=0 here=0 d11=0.61 B=0.19,0.22,0.36,0.81,1.08,0.56,0.31,0.26,0.28,0.28,0.46,1.10,1.03,0.45,0.24,0.25
t=178 field hdg=185.1 enc=9731;14762 xy=-62;-586 want=158 str=0.95 l=2.00 r=-1.37 tick=584132 goal=0 here=0 d11=0.62 B=0.18,0.22,0.38,0.83,1.06,0.55,0.31,0.25,0.29,0.27,0.47,1.11,1.01,0.45,0.25,0.26
t=178 field hdg=189.6 enc=9731;14763 xy=-62;-586 want=162 str=1.00 l=2.00 r=-1.42 tick=584151 goal=0 here=0 d11=0.62 B=0.19,0.23,0.37,0.83,1.05,0.55,0.31,0.25,0.30,0.29,0.47,1.14,1.02,0.45,0.24,0.25
t=178 field hdg=188.8 enc=9730;14766 xy=-63;-586 want=-165 str=0.79 l=-1.47 r=2.00 tick=584170 goal=0 here=0 d11=0.61 B=0.19,0.23,0.37,0.84,1.07,0.53,0.31,0.26,0.30,0.29,0.48,1.27,0.96,0.46,0.24,0.25
t=178 field hdg=190.0 enc=9732;14765 xy=-64;-586 want=172 str=1.01 l=2.00 r=-1.57 tick=584190 goal=0 here=0 d11=0.61 B=0.18,0.22,0.38,0.83,1.08,0.55,0.30,0.24,0.29,0.28,0.48,1.37,0.97,0.45,0.25,0.25
t=178 field hdg=190.0 enc=9729;14767 xy=-63;-586 want=-157 str=0.85 l=-1.36 r=2.00 tick=584208 goal=0 here=0 d11=0.60 B=0.19,0.22,0.38,0.84,1.06,0.55,0.29,0.26,0.30,0.27,0.47,1.36,0.96,0.44,0.24,0.26
t=179 field hdg=192.1 enc=9732;14766 xy=-64;-586 want=-154 str=0.81 l=-1.32 r=2.00 tick=584227 goal=0 here=0 d11=0.61 B=0.18,0.23,0.38,0.83,1.06,0.55,0.30,0.26,0.28,0.28,0.47,1.37,0.96,0.45,0.26,0.27
t=179 field hdg=188.6 enc=9733;14765 xy=-64;-586 want=-168 str=0.77 l=-1.50 r=2.00 tick=584249 goal=0 here=0 d11=0.61 B=0.19,0.22,0.37,0.83,1.06,0.55,0.32,0.25,0.30,0.28,0.46,1.14,0.99,0.44,0.24,0.25
t=179 field hdg=188.6 enc=9736;14763 xy=-65;-586 want=157 str=1.04 l=2.00 r=-1.36 tick=584272 goal=0 here=0 d11=0.60 B=0.19,0.23,0.37,0.81,1.07,0.57,0.32,0.27,0.29,0.28,0.47,1.11,1.01,0.45,0.24,0.25
t=179 field hdg=185.4 enc=9737;14767 xy=-67;-587 want=162 str=1.07 l=2.00 r=-1.43 tick=584291 goal=0 here=0 d11=0.60 B=0.18,0.21,0.38,0.82,1.08,0.55,0.32,0.26,0.29,0.29,0.47,1.11,1.02,0.45,0.25,0.26
t=179 field hdg=190.9 enc=9736;14768 xy=-67;-587 want=157 str=1.05 l=2.00 r=-1.36 tick=584310 goal=0 here=0 d11=0.61 B=0.19,0.23,0.38,0.84,1.07,0.56,0.32,0.26,0.30,0.29,0.47,1.12,1.00,0.44,0.23,0.25
t=180 field hdg=189.5 enc=9735;14770 xy=-68;-587 want=-164 str=0.91 l=-1.45 r=2.00 tick=584334 goal=0 here=0 d11=0.61 B=0.19,0.21,0.38,0.83,1.07,0.55,0.31,0.27,0.31,0.28,0.47,1.26,0.98,0.44,0.25,0.24
t=180 field hdg=191.4 enc=9736;14768 xy=-67;-587 want=168 str=0.95 l=2.00 r=-1.51 tick=584353 goal=0 here=0 d11=0.61 B=0.19,0.23,0.38,0.84,1.05,0.56,0.31,0.25,0.30,0.27,0.47,1.36,0.96,0.45,0.24,0.27
t=180 field hdg=188.1 enc=9736;14770 xy=-68;-587 want=166 str=1.10 l=2.00 r=-1.49 tick=584377 goal=0 here=0 d11=0.60 B=0.17,0.23,0.39,0.82,1.07,0.56,0.31,0.27,0.29,0.28,0.48,1.27,0.97,0.43,0.24,0.26
t=180 field hdg=189.2 enc=9734;14772 xy=-68;-587 want=-144 str=1.32 l=-1.20 r=2.00 tick=584395 goal=0 here=0 d11=0.61 B=0.18,0.23,0.38,0.84,1.07,0.54,0.30,0.27,0.31,0.28,0.48,1.95,0.87,0.44,0.25,0.25
t=181 field hdg=190.4 enc=9735;14771 xy=-68;-587 want=-145 str=1.34 l=-1.21 r=2.00 tick=584416 goal=0 here=0 d11=0.63 B=0.18,0.23,0.38,0.85,1.05,0.53,0.30,0.26,0.31,0.29,0.47,1.96,0.87,0.43,0.25,0.24
t=181 field hdg=190.4 enc=9737;14771 xy=-69;-587 want=-162 str=0.96 l=-1.42 r=2.00 tick=584438 goal=0 here=0 d11=0.61 B=0.19,0.22,0.39,0.84,1.06,0.55,0.31,0.27,0.31,0.30,0.47,1.37,0.92,0.43,0.24,0.25
t=181 field hdg=188.7 enc=9741;14769 xy=-70;-587 want=-167 str=0.96 l=-1.51 r=2.00 tick=584459 goal=0 here=0 d11=0.61 B=0.18,0.20,0.38,0.81,1.06,0.54,0.31,0.28,0.30,0.30,0.48,1.15,0.99,0.43,0.24,0.25
t=181 field hdg=187.4 enc=9741;14768 xy=-70;-587 want=161 str=1.12 l=2.00 r=-1.43 tick=584482 goal=0 here=0 d11=0.60 B=0.17,0.22,0.38,0.82,1.07,0.56,0.32,0.26,0.29,0.29,0.46,1.12,1.01,0.45,0.23,0.26
t=181 STUCK mv=10 want=161
t=184 field hdg=204.3 enc=9692;14805 xy=-71;-587 want=-165 str=1.49 l=-1.45 r=2.00 tick=584808 goal=0 here=0 d11=0.61 B=0.21,0.31,0.45,1.07,0.76,0.38,0.27,0.25,0.31,0.43,0.84,1.91,0.53,0.25,0.26,0.19
t=185 field hdg=202.6 enc=9693;14802 xy=-70;-587 want=-166 str=1.46 l=-1.46 r=2.00 tick=584827 goal=0 here=0 d11=0.62 B=0.21,0.30,0.46,1.06,0.78,0.40,0.27,0.25,0.29,0.42,0.85,1.91,0.52,0.24,0.26,0.20
t=185 field hdg=200.2 enc=9695;14802 xy=-71;-587 want=-169 str=1.56 l=-1.51 r=2.00 tick=584849 goal=0 here=0 d11=0.62 B=0.21,0.29,0.46,1.05,0.79,0.41,0.28,0.26,0.30,0.43,0.83,1.90,0.53,0.24,0.26,0.19
t=185 field hdg=202.9 enc=9699;14802 xy=-73;-588 want=-171 str=1.59 l=-1.53 r=2.00 tick=584869 goal=0 here=0 d11=0.61 B=0.20,0.29,0.45,1.06,0.79,0.42,0.29,0.26,0.30,0.41,0.81,1.88,0.54,0.25,0.25,0.18
t=185 field hdg=200.6 enc=9700;14800 xy=-73;-588 want=-170 str=1.59 l=-1.51 r=2.00 tick=584889 goal=0 here=0 d11=0.61 B=0.21,0.26,0.44,1.04,0.80,0.44,0.28,0.26,0.31,0.43,0.80,1.88,0.54,0.24,0.25,0.20
t=185 field hdg=197.6 enc=9704;14799 xy=-74;-588 want=-153 str=1.76 l=-1.31 r=2.00 tick=584908 goal=0 here=0 d11=0.60 B=0.19,0.28,0.44,1.03,0.82,0.45,0.29,0.25,0.33,0.42,0.79,1.89,0.55,0.23,0.25,0.21
t=186 field hdg=198.2 enc=9704;14798 xy=-73;-588 want=-148 str=1.66 l=-1.23 r=2.00 tick=584927 goal=0 here=0 d11=0.60 B=0.20,0.27,0.43,1.03,0.81,0.44,0.27,0.25,0.31,0.30,0.77,1.89,0.55,0.23,0.26,0.22
t=186 field hdg=198.5 enc=9706;14796 xy=-73;-588 want=-153 str=1.67 l=-1.31 r=2.00 tick=584945 goal=0 here=0 d11=0.61 B=0.19,0.25,0.44,1.02,0.82,0.46,0.28,0.26,0.32,0.31,0.58,1.89,0.56,0.25,0.25,0.20
t=186 field hdg=196.8 enc=9708;14797 xy=-75;-588 want=-150 str=1.59 l=-1.26 r=2.00 tick=584967 goal=0 here=0 d11=0.62 B=0.19,0.27,0.43,1.02,0.82,0.46,0.28,0.24,0.31,0.31,0.59,1.93,0.56,0.25,0.26,0.20
t=186 field hdg=195.7 enc=9711;14796 xy=-76;-589 want=-149 str=1.68 l=-1.25 r=2.00 tick=584986 goal=0 here=0 d11=0.62 B=0.19,0.25,0.43,1.00,0.83,0.46,0.28,0.25,0.33,0.29,0.57,1.95,0.57,0.26,0.26,0.21
t=186 field hdg=195.9 enc=9714;14794 xy=-76;-589 want=-148 str=1.72 l=-1.25 r=2.00 tick=585005 goal=0 here=0 d11=0.61 B=0.19,0.24,0.44,1.01,0.82,0.48,0.28,0.24,0.32,0.29,0.57,1.96,0.59,0.27,0.25,0.21
t=187 field hdg=195.0 enc=9714;14793 xy=-76;-589 want=-151 str=1.73 l=-1.28 r=2.00 tick=585024 goal=0 here=0 d11=0.61 B=0.19,0.24,0.42,1.02,0.84,0.49,0.29,0.26,0.31,0.30,0.56,1.97,0.59,0.26,0.26,0.21
t=187 field hdg=199.0 enc=9717;14792 xy=-77;-589 want=-157 str=1.22 l=-1.37 r=2.00 tick=585045 goal=0 here=0 d11=0.60 B=0.18,0.24,0.42,1.02,0.85,0.49,0.28,0.25,0.32,0.29,0.54,1.96,0.68,0.25,0.25,0.20
t=187 field hdg=203.3 enc=9720;14791 xy=-78;-589 want=-161 str=1.16 l=-1.42 r=2.00 tick=585063 goal=0 here=0 d11=0.60 B=0.18,0.24,0.42,1.02,1.02,0.50,0.29,0.24,0.31,0.29,0.54,1.96,0.76,0.24,0.25,0.20
t=187 field hdg=194.3 enc=9720;14791 xy=-78;-589 want=-158 str=1.16 l=-1.39 r=2.00 tick=585082 goal=0 here=0 d11=0.61 B=0.17,0.23,0.41,1.03,1.03,0.50,0.29,0.25,0.32,0.29,0.52,1.96,0.79,0.25,0.26,0.22
t=187 field hdg=200.3 enc=9724;14790 xy=-79;-590 want=-160 str=1.17 l=-1.41 r=2.00 tick=585101 goal=0 here=0 d11=0.60 B=0.18,0.23,0.41,1.03,1.03,0.50,0.28,0.25,0.31,0.29,0.53,1.95,0.78,0.25,0.24,0.21
t=188 field hdg=195.9 enc=9724;14789 xy=-79;-590 want=-161 str=1.20 l=-1.43 r=2.00 tick=585125 goal=0 here=0 d11=0.61 B=0.17,0.22,0.39,1.03,1.08,0.51,0.29,0.26,0.32,0.28,0.52,1.94,0.79,0.26,0.26,0.22
t=188 field hdg=194.5 enc=9728;14787 xy=-80;-590 want=-160 str=1.18 l=-1.41 r=2.00 tick=585144 goal=0 here=0 d11=0.62 B=0.17,0.23,0.41,1.06,1.08,0.51,0.29,0.25,0.33,0.29,0.53,1.95,0.79,0.28,0.25,0.22
t=188 field hdg=193.3 enc=9730;14786 xy=-80;-590 want=-161 str=1.13 l=-1.42 r=2.00 tick=585163 goal=0 here=0 d11=0.63 B=0.19,0.23,0.41,1.06,1.08,0.52,0.30,0.26,0.32,0.28,0.51,1.95,0.80,0.27,0.25,0.22
t=188 field hdg=191.6 enc=9730;14787 xy=-81;-590 want=-161 str=1.15 l=-1.41 r=2.00 tick=585182 goal=0 here=0 d11=0.61 B=0.20,0.23,0.41,1.07,1.07,0.52,0.30,0.27,0.32,0.29,0.51,1.96,0.81,0.25,0.26,0.23
t=188 field hdg=192.6 enc=9734;14786 xy=-82;-590 want=-157 str=1.21 l=-1.36 r=2.00 tick=585204 goal=0 here=0 d11=0.62 B=0.18,0.21,0.40,1.07,1.07,0.52,0.30,0.26,0.31,0.28,0.50,1.98,0.81,0.35,0.23,0.23
t=189 field hdg=189.2 enc=9735;14784 xy=-82;-590 want=-155 str=1.18 l=-1.34 r=2.00 tick=585222 goal=0 here=0 d11=0.60 B=0.18,0.22,0.39,1.08,1.07,0.53,0.31,0.27,0.34,0.27,0.51,1.99,0.82,0.42,0.25,0.23
t=189 field hdg=188.8 enc=9739;14783 xy=-83;-591 want=-149 str=1.37 l=-1.26 r=2.00 tick=585244 goal=0 here=0 d11=0.60 B=0.18,0.23,0.39,0.87,1.07,0.53,0.31,0.26,0.32,0.30,0.49,1.98,0.82,0.42,0.24,0.24
t=189 field hdg=193.3 enc=9741;14783 xy=-84;-591 want=-148 str=1.36 l=-1.26 r=2.00 tick=585263 goal=0 here=0 d11=0.61 B=0.17,0.22,0.39,0.86,1.07,0.54,0.32,0.26,0.32,0.28,0.51,1.97,0.84,0.42,0.24,0.24
t=189 field hdg=189.1 enc=9741;14781 xy=-83;-591 want=-147 str=1.45 l=-1.24 r=2.00 tick=585282 goal=0 here=0 d11=0.61 B=0.17,0.20,0.37,0.85,1.07,0.54,0.31,0.27,0.31,0.28,0.49,1.97,0.86,0.43,0.25,0.24
t=189 field hdg=191.2 enc=9743;14781 xy=-84;-591 want=-169 str=1.43 l=-1.53 r=2.00 tick=585301 goal=0 here=0 d11=0.60 B=0.17,0.21,0.38,0.83,1.08,0.55,0.31,0.26,0.30,0.28,0.50,1.96,0.85,0.45,0.24,0.25
t=190 field hdg=186.9 enc=9747;14780 xy=-86;-591 want=167 str=1.25 l=2.00 r=-1.50 tick=585320 goal=0 here=0 d11=0.60 B=0.18,0.22,0.38,0.83,1.07,0.56,0.33,0.27,0.31,0.29,0.49,1.38,0.91,0.43,0.23,0.24
t=190 field hdg=187.4 enc=9745;14781 xy=-85;-591 want=170 str=1.09 l=2.00 r=-1.55 tick=585338 goal=0 here=0 d11=0.61 B=0.17,0.22,0.37,0.83,1.08,0.56,0.31,0.27,0.28,0.29,0.48,1.36,0.94,0.45,0.25,0.26
t=190 field hdg=189.3 enc=9745;14783 xy=-86;-591 want=-169 str=1.39 l=-1.53 r=2.00 tick=585359 goal=0 here=0 d11=0.62 B=0.17,0.23,0.39,0.84,1.06,0.57,0.32,0.26,0.32,0.29,0.49,1.96,0.87,0.44,0.25,0.24
t=190 field hdg=189.1 enc=9746;14782 xy=-86;-591 want=-169 str=1.41 l=-1.53 r=2.00 tick=585378 goal=0 here=0 d11=0.62 B=0.18,0.22,0.38,0.83,1.07,0.57,0.31,0.27,0.31,0.28,0.48,1.97,0.87,0.43,0.25,0.24
t=190 field hdg=187.4 enc=9748;14781 xy=-87;-591 want=-178 str=1.35 l=-1.60 r=2.00 tick=585397 goal=0 here=0 d11=0.61 B=0.18,0.21,0.37,0.83,1.06,0.55,0.32,0.27,0.32,0.30,0.48,1.67,0.88,0.44,0.25,0.24
t=191 field hdg=185.8 enc=9749;14781 xy=-87;-591 want=167 str=1.15 l=2.00 r=-1.50 tick=585416 goal=0 here=0 d11=0.63 B=0.18,0.22,0.37,0.83,1.07,0.56,0.33,0.27,0.29,0.29,0.47,1.27,0.98,0.44,0.24,0.25
t=191 field hdg=191.9 enc=9750;14780 xy=-87;-591 want=-171 str=0.87 l=-1.55 r=2.00 tick=585435 goal=0 here=0 d11=0.60 B=0.18,0.21,0.37,0.83,1.06,0.54,0.34,0.28,0.31,0.28,0.49,1.15,0.99,0.43,0.24,0.25
t=191 field hdg=191.6 enc=9752;14782 xy=-89;-592 want=161 str=1.12 l=2.00 r=-1.41 tick=585453 goal=0 here=0 d11=0.62 B=0.19,0.21,0.37,0.83,1.07,0.55,0.32,0.27,0.30,0.28,0.49,1.16,0.97,0.44,0.25,0.24
t=191 field hdg=187.0 enc=9750;14782 xy=-88;-591 want=162 str=1.13 l=2.00 r=-1.43 tick=585480 goal=0 here=0 d11=0.61 B=0.18,0.21,0.36,0.81,1.07,0.56,0.32,0.25,0.30,0.29,0.48,1.15,0.98,0.44,0.24,0.25
t=191 field hdg=191.4 enc=9749;14786 xy=-89;-592 want=180 str=1.30 l=2.00 r=-1.60 tick=585506 goal=0 here=0 d11=0.61 B=0.18,0.21,0.37,0.83,1.07,0.56,0.33,0.26,0.29,0.29,0.49,1.66,0.88,0.44,0.24,0.24
t=192 field hdg=187.9 enc=9748;14787 xy=-89;-592 want=-147 str=1.41 l=-1.24 r=2.00 tick=585526 goal=0 here=0 d11=0.61 B=0.18,0.21,0.38,0.83,1.06,0.55,0.32,0.27,0.31,0.28,0.49,1.96,0.85,0.43,0.24,0.24
t=192 field hdg=188.5 enc=9749;14786 xy=-89;-592 want=-148 str=1.42 l=-1.26 r=2.00 tick=585545 goal=0 here=0 d11=0.61 B=0.17,0.21,0.38,0.85,1.06,0.55,0.32,0.27,0.31,0.28,0.49,1.97,0.83,0.43,0.25,0.24
t=192 field hdg=189.7 enc=9752;14785 xy=-90;-592 want=-171 str=1.49 l=-1.56 r=2.00 tick=585563 goal=0 here=0 d11=0.61 B=0.18,0.21,0.39,0.83,1.07,0.55,0.32,0.27,0.31,0.29,0.49,1.96,0.86,0.43,0.24,0.23
t=192 field hdg=188.4 enc=9752;14786 xy=-91;-592 want=-167 str=1.07 l=-1.51 r=2.00 tick=585582 goal=0 here=0 d11=0.61 B=0.17,0.21,0.37,0.81,1.07,0.55,0.32,0.28,0.32,0.29,0.48,1.36,0.88,0.43,0.24,0.24
t=192 field hdg=189.7 enc=9756;14784 xy=-92;-592 want=164 str=1.20 l=2.00 r=-1.47 tick=585601 goal=0 here=0 d11=0.62 B=0.17,0.21,0.35,0.81,1.07,0.56,0.34,0.26,0.30,0.30,0.49,1.15,0.98,0.44,0.24,0.25
t=193 field hdg=188.8 enc=9753;14785 xy=-91;-592 want=161 str=1.18 l=2.00 r=-1.42 tick=585620 goal=0 here=0 d11=0.63 B=0.18,0.22,0.36,0.82,1.08,0.57,0.33,0.27,0.29,0.30,0.48,1.15,0.98,0.43,0.25,0.23
t=193 STUCK mv=9 want=167
t=196 field hdg=202.9 enc=9703;14823 xy=-91;-592 want=-169 str=1.70 l=-1.51 r=2.00 tick=585947 goal=0 here=0 d11=0.67 B=0.19,0.30,0.46,1.08,0.70,0.40,0.29,0.27,0.30,0.43,0.87,1.93,0.52,0.23,0.26,0.18
t=196 field hdg=203.6 enc=9705;14820 xy=-91;-592 want=-168 str=1.70 l=-1.50 r=2.00 tick=585966 goal=0 here=0 d11=0.67 B=0.20,0.29,0.47,1.09,0.72,0.41,0.28,0.27,0.30,0.44,0.88,1.93,0.52,0.24,0.25,0.18
t=196 field hdg=200.3 enc=9707;14820 xy=-92;-592 want=-170 str=1.67 l=-1.53 r=2.00 tick=585985 goal=0 here=0 d11=0.65 B=0.20,0.29,0.46,1.08,0.76,0.41,0.28,0.27,0.32,0.44,0.88,1.93,0.53,0.23,0.24,0.19
t=196 field hdg=200.6 enc=9709;14819 xy=-92;-592 want=-170 str=1.71 l=-1.54 r=2.00 tick=586004 goal=0 here=0 d11=0.67 B=0.18,0.28,0.45,1.06,0.81,0.41,0.28,0.26,0.30,0.44,0.86,1.92,0.53,0.24,0.24,0.20
t=197 field hdg=201.4 enc=9710;14819 xy=-93;-593 want=-171 str=1.73 l=-1.54 r=2.00 tick=586031 goal=0 here=0 d11=0.66 B=0.19,0.28,0.44,1.05,0.79,0.42,0.28,0.27,0.31,0.44,0.85,1.90,0.52,0.23,0.26,0.18
t=197 field hdg=202.4 enc=9713;14817 xy=-93;-593 want=-169 str=1.69 l=-1.53 r=2.00 tick=586052 goal=0 here=0 d11=0.66 B=0.18,0.27,0.43,1.03,0.80,0.44,0.28,0.25,0.31,0.43,0.83,1.90,0.54,0.24,0.25,0.19
t=197 field hdg=198.7 enc=9715;14815 xy=-93;-593 want=-170 str=1.73 l=-1.54 r=2.00 tick=586072 goal=0 here=0 d11=0.66 B=0.18,0.26,0.43,1.02,0.81,0.45,0.28,0.27,0.31,0.42,0.81,1.89,0.54,0.24,0.26,0.19
t=197 field hdg=198.1 enc=9717;14816 xy=-95;-593 want=-172 str=1.76 l=-1.57 r=2.00 tick=586091 goal=0 here=0 d11=0.66 B=0.18,0.26,0.43,1.03,0.82,0.46,0.28,0.26,0.32,0.44,0.82,1.89,0.55,0.23,0.24,0.19
t=198 field hdg=197.7 enc=9719;14815 xy=-95;-593 want=-155 str=1.90 l=-1.35 r=2.00 tick=586112 goal=0 here=0 d11=0.68 B=0.18,0.26,0.43,1.02,0.80,0.46,0.29,0.26,0.32,0.42,0.79,1.88,0.56,0.24,0.24,0.19
t=198 field hdg=204.4 enc=9721;14813 xy=-95;-593 want=-156 str=1.92 l=-1.35 r=2.00 tick=586131 goal=0 here=0 d11=0.67 B=0.19,0.24,0.43,1.02,0.82,0.47,0.30,0.27,0.33,0.30,0.73,1.90,0.56,0.25,0.25,0.19
t=198 field hdg=197.1 enc=9723;14813 xy=-96;-594 want=-154 str=1.70 l=-1.32 r=2.00 tick=586152 goal=0 here=0 d11=0.66 B=0.19,0.25,0.41,1.00,0.82,0.47,0.30,0.25,0.32,0.29,0.60,1.92,0.56,0.25,0.26,0.19
t=198 field hdg=198.9 enc=9725;14810 xy=-96;-594 want=-155 str=1.81 l=-1.34 r=2.00 tick=586172 goal=0 here=0 d11=0.67 B=0.18,0.24,0.42,1.01,0.83,0.48,0.28,0.26,0.33,0.30,0.60,1.95,0.56,0.25,0.25,0.18
t=198 field hdg=197.3 enc=9730;14811 xy=-99;-594 want=-155 str=1.79 l=-1.35 r=2.00 tick=586191 goal=0 here=0 d11=0.66 B=0.18,0.24,0.42,1.02,0.85,0.49,0.28,0.25,0.32,0.31,0.58,1.96,0.56,0.24,0.24,0.20
t=198 field hdg=195.3 enc=9730;14810 xy=-98;-594 want=-155 str=1.89 l=-1.35 r=2.00 tick=586210 goal=0 here=0 d11=0.66 B=0.18,0.22,0.41,1.01,0.86,0.49,0.30,0.26,0.31,0.30,0.57,1.98,0.59,0.25,0.24,0.19
t=199 field hdg=200.4 enc=9733;14809 xy=-99;-595 want=-161 str=1.79 l=-1.43 r=2.00 tick=586229 goal=0 here=0 d11=0.66 B=0.16,0.23,0.39,1.02,1.02,0.49,0.30,0.27,0.32,0.30,0.55,1.96,0.59,0.25,0.25,0.20
t=199 field hdg=197.3 enc=9733;14806 xy=-98;-594 want=-159 str=1.80 l=-1.42 r=2.00 tick=586248 goal=0 here=0 d11=0.66 B=0.15,0.23,0.40,1.02,1.02,0.51,0.30,0.24,0.33,0.30,0.55,1.96,0.60,0.25,0.24,0.20
t=199 field hdg=194.3 enc=9737;14806 xy=-99;-595 want=-159 str=1.24 l=-1.40 r=2.00 tick=586270 goal=0 here=0 d11=0.67 B=0.17,0.24,0.41,1.03,1.04,0.52,0.30,0.26,0.32,0.30,0.55,1.97,0.78,0.26,0.26,0.21
t=199 field hdg=198.2 enc=9739;14805 xy=-100;-595 want=-166 str=1.30 l=-1.51 r=2.00 tick=586289 goal=0 here=0 d11=0.67 B=0.15,0.23,0.41,1.04,1.09,0.53,0.30,0.26,0.34,0.29,0.54,1.94,0.79,0.25,0.25,0.22
t=199 field hdg=196.4 enc=9740;14804 xy=-100;-595 want=-165 str=1.33 l=-1.49 r=2.00 tick=586308 goal=0 here=0 d11=0.66 B=0.15,0.22,0.41,1.04,1.09,0.52,0.29,0.27,0.31,0.30,0.54,1.95,0.78,0.26,0.25,0.21
t=200 field hdg=192.7 enc=9743;14802 xy=-100;-595 want=-166 str=1.36 l=-1.49 r=2.00 tick=586326 goal=0 here=0 d11=0.65 B=0.16,0.21,0.39,1.05,1.07,0.53,0.30,0.26,0.32,0.30,0.53,1.95,0.79,0.26,0.24,0.20
t=200 field hdg=193.2 enc=9745;14802 xy=-101;-595 want=-165 str=1.24 l=-1.47 r=2.00 tick=586345 goal=0 here=0 d11=0.64 B=0.19,0.22,0.39,1.07,1.08,0.53,0.30,0.27,0.32,0.29,0.54,1.97,0.80,0.25,0.25,0.21
t=200 field hdg=192.6 enc=9747;14801 xy=-102;-595 want=-162 str=1.20 l=-1.44 r=2.00 tick=586365 goal=0 here=0 d11=0.67 B=0.18,0.22,0.39,1.07,1.06,0.52,0.30,0.26,0.33,0.29,0.52,1.97,0.80,0.26,0.24,0.23
t=200 field hdg=194.9 enc=9750;14801 xy=-103;-596 want=-162 str=1.25 l=-1.45 r=2.00 tick=586384 goal=0 here=0 d11=0.67 B=0.17,0.22,0.39,1.05,1.07,0.55,0.30,0.26,0.33,0.28,0.52,1.97,0.81,0.26,0.23,0.23
t=200 field hdg=192.4 enc=9750;14800 xy=-103;-596 want=-154 str=1.46 l=-1.33 r=2.00 tick=586402 goal=0 here=0 d11=0.66 B=0.17,0.21,0.38,0.86,1.06,0.55,0.32,0.27,0.31,0.29,0.50,1.97,0.82,0.27,0.25,0.22
t=201 field hdg=191.0 enc=9752;14798 xy=-103;-596 want=-158 str=1.49 l=-1.39 r=2.00 tick=586424 goal=0 here=0 d11=0.66 B=0.16,0.22,0.37,0.87,1.06,0.54,0.32,0.27,0.33,0.29,0.51,1.98,0.82,0.26,0.24,0.21
t=201 field hdg=187.9 enc=9755;14798 xy=-104;-596 want=-174 str=1.47 l=-1.60 r=2.00 tick=586443 goal=0 here=0 d11=0.65 B=0.17,0.22,0.38,0.84,1.07,0.55,0.32,0.26,0.33,0.29,0.50,1.98,0.84,0.27,0.24,0.23
t=201 field hdg=189.2 enc=9756;14795 xy=-103;-596 want=-147 str=1.45 l=-1.24 r=2.00 tick=586461 goal=0 here=0 d11=0.67 B=0.17,0.22,0.36,0.84,1.05,0.55,0.32,0.27,0.32,0.29,0.49,1.98,0.84,0.41,0.25,0.23
t=201 field hdg=189.8 enc=9758;14794 xy=-104;-596 want=-170 str=1.55 l=-1.55 r=2.00 tick=586481 goal=0 here=0 d11=0.64 B=0.18,0.19,0.38,0.83,1.06,0.56,0.32,0.27,0.32,0.29,0.50,1.95,0.85,0.42,0.24,0.23
t=201 field hdg=190.5 enc=9761;14795 xy=-106;-596 want=-171 str=1.60 l=-1.55 r=2.00 tick=586499 goal=0 here=0 d11=0.66 B=0.18,0.19,0.36,0.82,1.07,0.56,0.34,0.28,0.31,0.29,0.49,1.96,0.87,0.42,0.23,0.24
t=202 field hdg=189.0 enc=9763;14794 xy=-106;-596 want=169 str=1.41 l=2.00 r=-1.54 tick=586523 goal=0 here=0 d11=0.68 B=0.16,0.20,0.36,0.82,1.06,0.57,0.32,0.28,0.31,0.30,0.49,1.37,0.90,0.43,0.24,0.22
t=202 field hdg=189.6 enc=9762;14795 xy=-106;-596 want=161 str=1.35 l=2.00 r=-1.42 tick=586543 goal=0 here=0 d11=0.66 B=0.17,0.21,0.36,0.82,1.07,0.56,0.34,0.29,0.30,0.30,0.49,1.15,0.96,0.43,0.22,0.24
t=202 field hdg=188.3 enc=9762;14796 xy=-107;-596 want=179 str=1.48 l=2.00 r=-1.60 tick=586562 goal=0 here=0 d11=0.67 B=0.17,0.20,0.36,0.82,1.07,0.56,0.34,0.27,0.31,0.30,0.49,1.66,0.88,0.43,0.22,0.24
t=202 field hdg=193.4 enc=9760;14797 xy=-106;-596 want=-172 str=1.53 l=-1.57 r=2.00 tick=586581 goal=0 here=0 d11=0.67 B=0.17,0.21,0.36,0.81,1.08,0.56,0.33,0.27,0.31,0.29,0.49,1.96,0.85,0.43,0.23,0.23
t=202 field hdg=187.9 enc=9763;14799 xy=-109;-596 want=-171 str=1.51 l=-1.56 r=2.00 tick=586602 goal=0 here=0 d11=0.66 B=0.17,0.21,0.37,0.81,1.07,0.56,0.34,0.28,0.29,0.29,0.50,1.97,0.84,0.43,0.24,0.24
t=203 field hdg=186.4 enc=9763;14798 xy=-108;-596 want=-171 str=1.57 l=-1.56 r=2.00 tick=586621 goal=0 here=0 d11=0.65 B=0.17,0.21,0.37,0.82,1.08,0.57,0.34,0.28,0.32,0.31,0.50,1.96,0.86,0.42,0.25,0.22
t=203 field hdg=186.5 enc=9767;14796 xy=-109;-597 want=165 str=1.38 l=2.00 r=-1.49 tick=586640 goal=0 here=0 d11=0.66 B=0.17,0.19,0.35,0.81,1.07,0.57,0.35,0.28,0.31,0.29,0.50,1.26,0.94,0.43,0.23,0.23
t=203 field hdg=185.5 enc=9765;14798 xy=-109;-597 want=160 str=1.34 l=2.00 r=-1.41 tick=586659 goal=0 here=0 d11=0.68 B=0.17,0.22,0.34,0.81,1.08,0.58,0.34,0.28,0.31,0.30,0.49,1.16,0.95,0.41,0.22,0.24
t=203 field hdg=192.0 enc=9765;14800 xy=-110;-597 want=176 str=1.35 l=2.00 r=-1.60 tick=586678 goal=0 here=0 d11=0.65 B=0.18,0.20,0.36,0.81,1.08,0.56,0.34,0.28,0.30,0.28,0.48,1.57,0.88,0.42,0.25,0.22
t=203 field hdg=190.6 enc=9765;14800 xy=-110;-597 want=-171 str=1.65 l=-1.57 r=2.00 tick=586696 goal=0 here=0 d11=0.68 B=0.16,0.20,0.37,0.82,1.07,0.57,0.33,0.28,0.32,0.31,0.49,1.96,0.86,0.43,0.25,0.23
t=204 field hdg=189.8 enc=9767;14800 xy=-111;-597 want=-171 str=1.63 l=-1.57 r=2.00 tick=586717 goal=0 here=0 d11=0.67 B=0.16,0.20,0.35,0.82,1.06,0.55,0.33,0.28,0.31,0.31,0.50,1.97,0.84,0.43,0.23,0.23
t=204 field hdg=188.0 enc=9768;14799 xy=-111;-597 want=179 str=1.42 l=2.00 r=-1.60 tick=586735 goal=0 here=0 d11=0.66 B=0.17,0.20,0.36,0.82,1.08,0.57,0.34,0.28,0.31,0.29,0.48,1.67,0.88,0.42,0.24,0.24
t=204 field hdg=191.6 enc=9766;14800 xy=-111;-597 want=168 str=1.46 l=2.00 r=-1.52 tick=586753 goal=0 here=0 d11=0.65 B=0.17,0.20,0.35,0.81,1.09,0.55,0.35,0.29,0.30,0.30,0.50,1.38,0.88,0.41,0.23,0.22
t=204 field hdg=187.7 enc=9767;14803 xy=-113;-597 want=-172 str=1.64 l=-1.57 r=2.00 tick=586772 goal=0 here=0 d11=0.65 B=0.17,0.20,0.36,0.81,1.07,0.57,0.33,0.28,0.32,0.30,0.50,1.97,0.85,0.42,0.23,0.23
t=204 field hdg=188.9 enc=9769;14802 xy=-113;-597 want=-172 str=1.65 l=-1.58 r=2.00 tick=586791 goal=0 here=0 d11=0.67 B=0.16,0.20,0.35,0.82,1.07,0.55,0.34,0.28,0.32,0.30,0.49,1.96,0.85,0.42,0.24,0.22
t=204 field hdg=188.2 enc=9769;14802 xy=-113;-597 want=167 str=1.48 l=2.00 r=-1.52 tick=586810 goal=0 here=0 d11=0.67 B=0.16,0.20,0.34,0.81,1.08,0.58,0.34,0.29,0.33,0.29,0.49,1.37,0.89,0.43,0.23,0.22
t=205 field hdg=191.3 enc=9770;14803 xy=-114;-597 want=166 str=1.45 l=2.00 r=-1.50 tick=586829 goal=0 here=0 d11=0.66 B=0.17,0.21,0.36,0.80,1.08,0.58,0.35,0.28,0.31,0.29,0.50,1.38,0.88,0.42,0.22,0.22
t=205 field hdg=187.5 enc=9769;14805 xy=-115;-597 want=-172 str=1.68 l=-1.57 r=2.00 tick=586849 goal=0 here=0 d11=0.65 B=0.17,0.20,0.37,0.80,1.08,0.56,0.34,0.29,0.30,0.30,0.50,1.97,0.85,0.42,0.23,0.22
t=205 field hdg=190.1 enc=9770;14803 xy=-114;-597 want=-172 str=1.60 l=-1.58 r=2.00 tick=586868 goal=0 here=0 d11=0.67 B=0.18,0.20,0.37,0.81,1.09,0.57,0.34,0.28,0.31,0.29,0.49,1.96,0.85,0.41,0.23,0.23
t=205 field hdg=191.2 enc=9772;14804 xy=-116;-598 want=177 str=1.55 l=2.00 r=-1.60 tick=586887 goal=0 here=0 d11=0.66 B=0.16,0.20,0.34,0.81,1.08,0.57,0.35,0.28,0.31,0.30,0.49,1.66,0.87,0.41,0.22,0.23
t=205 field hdg=190.4 enc=9773;14804 xy=-116;-598 want=171 str=1.37 l=2.00 r=-1.56 tick=586906 goal=0 here=0 d11=0.65 B=0.17,0.19,0.35,0.82,1.06,0.56,0.35,0.27,0.30,0.31,0.50,1.38,0.89,0.42,0.24,0.23
t=206 field hdg=193.9 enc=9771;14807 xy=-117;-598 want=-171 str=1.64 l=-1.56 r=2.00 tick=586926 goal=0 here=0 d11=0.66 B=0.16,0.20,0.35,0.82,1.06,0.57,0.32,0.28,0.33,0.31,0.49,1.97,0.85,0.42,0.24,0.22
t=206 field hdg=189.3 enc=9773;14805 xy=-117;-598 want=-174 str=1.64 l=-1.60 r=2.00 tick=586945 goal=0 here=0 d11=0.64 B=0.17,0.20,0.34,0.82,1.08,0.58,0.34,0.28,0.32,0.31,0.51,1.96,0.85,0.41,0.23,0.22
t=206 field hdg=186.8 enc=9774;14805 xy=-117;-598 want=178 str=1.53 l=2.00 r=-1.60 tick=586964 goal=0 here=0 d11=0.66 B=0.17,0.21,0.33,0.80,1.09,0.57,0.35,0.28,0.32,0.30,0.51,1.67,0.87,0.42,0.24,0.21
t=206 field hdg=190.1 enc=9772;14808 xy=-118;-598 want=167 str=1.46 l=2.00 r=-1.52 tick=586986 goal=0 here=0 d11=0.67 B=0.16,0.20,0.35,0.81,1.08,0.58,0.35,0.28,0.32,0.30,0.49,1.37,0.86,0.42,0.23,0.24
t=206 STUCK mv=10 want=-172
t=210 field hdg=207.0 enc=9723;14842 xy=-118;-598 want=-170 str=1.84 l=-1.55 r=2.00 tick=587315 goal=0 here=0 d11=0.62 B=0.17,0.28,0.44,1.08,0.77,0.42,0.28,0.27,0.32,0.45,0.90,1.94,0.50,0.24,0.24,0.18
t=210 field hdg=201.1 enc=9723;14840 xy=-117;-598 want=-171 str=1.87 l=-1.56 r=2.00 tick=587334 goal=0 here=0 d11=0.61 B=0.18,0.27,0.45,1.07,0.77,0.42,0.28,0.28,0.32,0.44,0.89,1.93,0.48,0.23,0.26,0.18
t=210 field hdg=203.3 enc=9728;14841 xy=-120;-599 want=-171 str=1.88 l=-1.54 r=2.00 tick=587354 goal=0 here=0 d11=0.60 B=0.19,0.26,0.46,1.06,0.79,0.42,0.28,0.28,0.31,0.45,0.88,1.94,0.50,0.24,0.24,0.16
t=210 field hdg=201.9 enc=9730;14840 xy=-120;-599 want=-171 str=1.81 l=-1.55 r=2.00 tick=587372 goal=0 here=0 d11=0.61 B=0.18,0.27,0.44,1.06,0.80,0.44,0.29,0.27,0.32,0.46,0.89,1.92,0.52,0.23,0.25,0.18
t=210 field hdg=203.5 enc=9730;14837 xy=-119;-599 want=-171 str=1.84 l=-1.54 r=2.00 tick=587391 goal=0 here=0 d11=0.60 B=0.19,0.25,0.43,1.03,0.81,0.43,0.30,0.25,0.32,0.46,0.86,1.92,0.52,0.24,0.24,0.18
t=211 field hdg=203.2 enc=9732;14836 xy=-120;-599 want=-172 str=1.95 l=-1.57 r=2.00 tick=587413 goal=0 here=0 d11=0.60 B=0.17,0.24,0.42,1.04,0.81,0.44,0.29,0.28,0.31,0.44,0.85,1.92,0.51,0.23,0.25,0.17
t=211 field hdg=201.1 enc=9734;14837 xy=-121;-599 want=-174 str=1.97 l=-1.60 r=2.00 tick=587433 goal=0 here=0 d11=0.60 B=0.17,0.25,0.43,1.01,0.82,0.46,0.31,0.29,0.33,0.43,0.84,1.90,0.52,0.22,0.24,0.18
t=211 field hdg=200.8 enc=9737;14835 xy=-121;-599 want=-171 str=1.80 l=-1.55 r=2.00 tick=587451 goal=0 here=0 d11=0.59 B=0.18,0.25,0.41,1.02,0.82,0.48,0.30,0.26,0.33,0.44,0.83,1.90,0.53,0.24,0.25,0.19
t=211 field hdg=201.2 enc=9738;14835 xy=-122;-600 want=-172 str=1.88 l=-1.57 r=2.00 tick=587470 goal=0 here=0 d11=0.59 B=0.18,0.24,0.42,1.01,0.81,0.47,0.30,0.27,0.33,0.43,0.80,1.89,0.54,0.24,0.26,0.17
t=211 field hdg=203.0 enc=9740;14834 xy=-122;-600 want=-174 str=1.95 l=-1.59 r=2.00 tick=587489 goal=0 here=0 d11=0.59 B=0.18,0.23,0.42,1.01,0.82,0.48,0.30,0.25,0.33,0.44,0.81,1.89,0.53,0.23,0.23,0.17
t=211 field hdg=195.8 enc=9743;14832 xy=-123;-600 want=-175 str=1.99 l=-1.60 r=2.00 tick=587508 goal=0 here=0 d11=0.60 B=0.16,0.23,0.41,1.01,0.84,0.48,0.29,0.26,0.34,0.43,0.80,1.89,0.53,0.22,0.24,0.17
t=212 field hdg=197.8 enc=9745;14832 xy=-124;-600 want=-173 str=1.90 l=-1.59 r=2.00 tick=587527 goal=0 here=0 d11=0.59 B=0.17,0.24,0.42,1.01,0.84,0.49,0.30,0.27,0.34,0.37,0.76,1.91,0.53,0.24,0.25,0.17
t=212 field hdg=196.8 enc=9747;14832 xy=-125;-601 want=-175 str=1.83 l=-1.60 r=2.00 tick=587546 goal=0 here=0 d11=0.58 B=0.16,0.23,0.41,1.00,0.85,0.50,0.30,0.27,0.34,0.31,0.61,1.94,0.54,0.24,0.25,0.18
t=212 field hdg=198.1 enc=9749;14830 xy=-125;-601 want=-175 str=1.82 l=-1.60 r=2.00 tick=587565 goal=0 here=0 d11=0.60 B=0.16,0.22,0.40,1.01,0.85,0.51,0.30,0.25,0.33,0.31,0.60,1.96,0.55,0.23,0.25,0.18
t=212 field hdg=197.6 enc=9750;14829 xy=-125;-601 want=-162 str=1.84 l=-1.44 r=2.00 tick=587583 goal=0 here=0 d11=0.59 B=0.17,0.21,0.40,1.03,1.02,0.51,0.30,0.24,0.34,0.31,0.58,1.96,0.56,0.24,0.24,0.17
t=212 field hdg=198.6 enc=9752;14829 xy=-126;-601 want=-165 str=1.89 l=-1.48 r=2.00 tick=587605 goal=0 here=0 d11=0.58 B=0.17,0.22,0.38,1.02,1.04,0.51,0.30,0.26,0.33,0.32,0.57,1.98,0.56,0.23,0.24,0.18
t=213 field hdg=194.3 enc=9754;14826 xy=-125;-601 want=-163 str=1.89 l=-1.46 r=2.00 tick=587623 goal=0 here=0 d11=0.60 B=0.17,0.22,0.40,1.02,1.04,0.50,0.31,0.27,0.33,0.31,0.57,1.96,0.58,0.25,0.24,0.18
t=213 field hdg=194.7 enc=9758;14825 xy=-127;-601 want=-166 str=1.86 l=-1.50 r=2.00 tick=587642 goal=0 here=0 d11=0.59 B=0.17,0.22,0.39,1.03,1.09,0.54,0.31,0.27,0.34,0.31,0.56,1.95,0.59,0.24,0.24,0.18
t=213 field hdg=196.5 enc=9759;14826 xy=-128;-601 want=-163 str=1.93 l=-1.47 r=2.00 tick=587661 goal=0 here=0 d11=0.60 B=0.15,0.21,0.39,1.04,1.10,0.53,0.31,0.26,0.34,0.30,0.56,1.96,0.69,0.24,0.23,0.19
t=213 field hdg=196.1 enc=9761;14825 xy=-128;-602 want=-163 str=1.95 l=-1.46 r=2.00 tick=587680 goal=0 here=0 d11=0.60 B=0.16,0.21,0.37,1.05,1.08,0.52,0.31,0.28,0.33,0.29,0.55,1.95,0.78,0.23,0.23,0.19
t=213 field hdg=193.7 enc=9762;14824 xy=-128;-602 want=-170 str=1.45 l=-1.55 r=2.00 tick=587699 goal=0 here=0 d11=0.61 B=0.16,0.20,0.39,1.06,1.07,0.53,0.32,0.27,0.34,0.31,0.54,1.94,0.78,0.24,0.24,0.19
t=214 field hdg=193.5 enc=9766;14822 xy=-129;-602 want=-170 str=1.50 l=-1.55 r=2.00 tick=587717 goal=0 here=0 d11=0.60 B=0.16,0.20,0.38,1.04,1.07,0.54,0.31,0.28,0.33,0.31,0.55,1.95,0.79,0.24,0.23,0.20
t=214 field hdg=190.4 enc=9767;14822 xy=-130;-602 want=-168 str=1.50 l=-1.52 r=2.00 tick=587736 goal=0 here=0 d11=0.60 B=0.16,0.20,0.38,1.05,1.07,0.54,0.32,0.27,0.34,0.31,0.53,1.96,0.80,0.25,0.23,0.19
t=214 field hdg=190.1 enc=9769;14821 xy=-130;-602 want=-161 str=1.60 l=-1.43 r=2.00 tick=587758 goal=0 here=0 d11=0.60 B=0.16,0.20,0.38,0.86,1.07,0.54,0.33,0.27,0.34,0.31,0.54,1.98,0.80,0.26,0.24,0.20
t=214 field hdg=189.4 enc=9772;14820 xy=-131;-602 want=-160 str=1.62 l=-1.44 r=2.00 tick=587776 goal=0 here=0 d11=0.59 B=0.15,0.21,0.36,0.86,1.06,0.54,0.33,0.28,0.33,0.30,0.52,1.97,0.82,0.25,0.25,0.20
t=214 field hdg=192.3 enc=9774;14820 xy=-132;-602 want=-155 str=1.56 l=-1.35 r=2.00 tick=587796 goal=0 here=0 d11=0.60 B=0.16,0.20,0.37,0.84,1.06,0.55,0.34,0.26,0.34,0.29,0.52,1.98,0.82,0.26,0.26,0.20
t=215 field hdg=188.0 enc=9776;14817 xy=-132;-602 want=-177 str=1.78 l=-1.60 r=2.00 tick=587814 goal=0 here=0 d11=0.59 B=0.15,0.19,0.36,0.83,1.06,0.55,0.34,0.28,0.33,0.31,0.53,1.99,0.82,0.26,0.23,0.21
t=215 field hdg=190.0 enc=9778;14818 xy=-133;-602 want=-177 str=1.75 l=-1.60 r=2.00 tick=587833 goal=0 here=0 d11=0.60 B=0.15,0.21,0.35,0.82,1.06,0.57,0.34,0.28,0.33,0.31,0.50,1.99,0.83,0.26,0.23,0.21
t=215 field hdg=190.2 enc=9779;14816 xy=-132;-602 want=-176 str=1.75 l=-1.60 r=2.00 tick=587852 goal=0 here=0 d11=0.61 B=0.16,0.20,0.36,0.81,1.07,0.58,0.35,0.29,0.32,0.31,0.50,1.99,0.84,0.26,0.24,0.22
t=215 field hdg=191.1 enc=9782;14815 xy=-133;-603 want=-177 str=1.74 l=-1.60 r=2.00 tick=587871 goal=0 here=0 d11=0.60 B=0.17,0.19,0.35,0.81,1.06,0.57,0.34,0.29,0.33,0.31,0.50,1.96,0.85,0.25,0.23,0.22
t=215 field hdg=191.6 enc=9782;14814 xy=-133;-603 want=-176 str=1.67 l=-1.60 r=2.00 tick=587890 goal=0 here=0 d11=0.61 B=0.18,0.21,0.34,0.79,1.08,0.58,0.35,0.28,0.32,0.30,0.50,1.97,0.87,0.26,0.24,0.21
t=215 field hdg=184.8 enc=9785;14812 xy=-133;-603 want=174 str=1.57 l=2.00 r=-1.60 tick=587909 goal=0 here=0 d11=0.61 B=0.16,0.19,0.34,0.64,1.08,0.59,0.36,0.29,0.32,0.30,0.51,1.37,0.89,0.42,0.24,0.21
t=216 field hdg=188.7 enc=9783;14815 xy=-134;-603 want=172 str=1.57 l=2.00 r=-1.59 tick=587930 goal=0 here=0 d11=0.59 B=0.15,0.19,0.34,0.63,1.09,0.58,0.36,0.30,0.32,0.31,0.49,1.27,0.93,0.41,0.24,0.22
t=216 field hdg=191.2 enc=9782;14816 xy=-134;-603 want=175 str=1.66 l=2.00 r=-1.60 tick=587951 goal=0 here=0 d11=0.60 B=0.17,0.18,0.34,0.80,1.08,0.58,0.36,0.31,0.32,0.31,0.50,1.67,0.85,0.27,0.23,0.23
t=216 field hdg=187.4 enc=9781;14817 xy=-134;-603 want=-175 str=1.75 l=-1.60 r=2.00 tick=587970 goal=0 here=0 d11=0.60 B=0.15,0.19,0.34,0.81,1.07,0.58,0.35,0.29,0.33,0.30,0.51,1.98,0.84,0.26,0.25,0.22
t=216 field hdg=187.8 enc=9783;14819 xy=-136;-603 want=-178 str=1.76 l=-1.60 r=2.00 tick=587992 goal=0 here=0 d11=0.60 B=0.17,0.20,0.34,0.80,1.08,0.57,0.34,0.29,0.32,0.30,0.51,1.97,0.84,0.26,0.22,0.22
t=217 field hdg=188.2 enc=9785;14816 xy=-135;-603 want=180 str=1.86 l=2.00 r=-1.60 tick=588011 goal=0 here=0 d11=0.59 B=0.15,0.20,0.34,0.81,1.07,0.58,0.35,0.30,0.31,0.29,0.51,1.96,0.85,0.25,0.21,0.21
t=217 field hdg=190.0 enc=9784;14819 xy=-136;-603 want=-177 str=1.81 l=-1.60 r=2.00 tick=588029 goal=0 here=0 d11=0.60 B=0.15,0.19,0.33,0.79,1.09,0.58,0.36,0.28,0.31,0.31,0.49,1.95,0.85,0.27,0.23,0.21
t=217 field hdg=189.5 enc=9787;14818 xy=-137;-603 want=-177 str=1.84 l=-1.60 r=2.00 tick=588048 goal=0 here=0 d11=0.60 B=0.15,0.19,0.33,0.80,1.08,0.59,0.37,0.29,0.31,0.31,0.49,1.98,0.85,0.27,0.22,0.21
t=217 field hdg=186.7 enc=9789;14816 xy=-137;-603 want=171 str=1.71 l=2.00 r=-1.56 tick=588067 goal=0 here=0 d11=0.61 B=0.16,0.19,0.32,0.63,1.09,0.59,0.35,0.30,0.31,0.32,0.50,1.38,0.89,0.26,0.23,0.21
t=217 field hdg=190.2 enc=9789;14819 xy=-139;-603 want=168 str=1.66 l=2.00 r=-1.53 tick=588086 goal=0 here=0 d11=0.61 B=0.16,0.18,0.32,0.62,1.08,0.59,0.37,0.30,0.32,0.30,0.51,1.27,0.90,0.25,0.24,0.22
t=217 field hdg=191.0 enc=9786;14819 xy=-137;-603 want=-178 str=1.83 l=-1.60 r=2.00 tick=588107 goal=0 here=0 d11=0.60 B=0.16,0.19,0.34,0.79,1.08,0.59,0.37,0.30,0.32,0.31,0.50,1.96,0.84,0.27,0.23,0.21
t=218 field hdg=190.3 enc=9789;14821 xy=-140;-604 want=-178 str=1.79 l=-1.60 r=2.00 tick=588126 goal=0 here=0 d11=0.61 B=0.16,0.20,0.33,0.80,1.09,0.59,0.36,0.29,0.32,0.32,0.51,1.97,0.84,0.26,0.23,0.21
t=218 field hdg=191.4 enc=9792;14820 xy=-141;-604 want=170 str=1.70 l=2.00 r=-1.56 tick=588149 goal=0 here=0 d11=0.60 B=0.16,0.18,0.32,0.63,1.08,0.59,0.36,0.30,0.32,0.31,0.52,1.38,0.87,0.25,0.23,0.22
t=218 field hdg=192.6 enc=9791;14820 xy=-140;-604 want=168 str=1.77 l=2.00 r=-1.54 tick=588170 goal=0 here=0 d11=0.62 B=0.14,0.18,0.32,0.63,1.09,0.60,0.37,0.30,0.32,0.31,0.52,1.27,0.89,0.26,0.23,0.22
t=218 field hdg=187.7 enc=9791;14822 xy=-141;-604 want=179 str=1.76 l=2.00 r=-1.60 tick=588189 goal=0 here=0 d11=0.61 B=0.16,0.19,0.33,0.64,1.08,0.60,0.36,0.29,0.31,0.31,0.50,1.68,0.84,0.26,0.24,0.21
t=218 field hdg=189.7 enc=9790;14825 xy=-142;-604 want=-179 str=1.88 l=-1.60 r=2.00 tick=588207 goal=0 here=0 d11=0.60 B=0.14,0.19,0.33,0.81,1.09,0.58,0.35,0.30,0.32,0.31,0.51,1.96,0.85,0.25,0.23,0.21
t=219 field hdg=188.1 enc=9791;14824 xy=-142;-604 want=-178 str=1.82 l=-1.60 r=2.00 tick=588226 goal=0 here=0 d11=0.60 B=0.15,0.19,0.33,0.80,1.09,0.58,0.36,0.29,0.33,0.30,0.51,1.95,0.83,0.26,0.23,0.21
t=219 field hdg=186.8 enc=9792;14821 xy=-141;-604 want=-174 str=1.83 l=-1.60 r=2.00 tick=588245 goal=0 here=0 d11=0.62 B=0.16,0.20,0.32,0.65,1.08,0.59,0.36,0.28,0.33,0.31,0.51,1.97,0.85,0.25,0.24,0.21
t=219 field hdg=187.6 enc=9793;14820 xy=-141;-604 want=171 str=1.73 l=2.00 r=-1.57 tick=588264 goal=0 here=0 d11=0.60 B=0.15,0.18,0.30,0.62,1.08,0.60,0.36,0.30,0.32,0.31,0.50,1.38,0.88,0.26,0.23,0.21
t=219 field hdg=187.3 enc=9795;14824 xy=-144;-604 want=168 str=1.67 l=2.00 r=-1.52 tick=588283 goal=0 here=0 d11=0.60 B=0.17,0.18,0.32,0.60,1.08,0.60,0.37,0.29,0.32,0.30,0.49,1.26,0.89,0.26,0.23,0.21
t=219 field hdg=190.6 enc=9792;14824 xy=-143;-604 want=178 str=1.83 l=2.00 r=-1.60 tick=588301 goal=0 here=0 d11=0.61 B=0.15,0.18,0.34,0.63,1.09,0.60,0.36,0.29,0.32,0.31,0.52,1.67,0.85,0.26,0.23,0.20
t=220 field hdg=189.0 enc=9793;14827 xy=-145;-604 want=-178 str=1.89 l=-1.60 r=2.00 tick=588320 goal=0 here=0 d11=0.61 B=0.15,0.18,0.33,0.80,1.07,0.59,0.34,0.31,0.31,0.31,0.51,1.97,0.84,0.26,0.23,0.21
t=220 field hdg=188.5 enc=9794;14825 xy=-144;-604 want=-178 str=1.83 l=-1.60 r=2.00 tick=588340 goal=0 here=0 d11=0.59 B=0.16,0.19,0.33,0.78,1.08,0.58,0.37,0.30,0.33,0.31,0.51,1.96,0.83,0.26,0.24,0.21
t=220 STUCK mv=8 want=-173
t=223 field hdg=200.9 enc=9748;14858 xy=-145;-604 want=-173 str=2.07 l=-1.59 r=2.00 tick=588665 goal=0 here=0 d11=0.58 B=0.16,0.25,0.42,1.04,0.81,0.46,0.30,0.28,0.32,0.46,0.88,1.94,0.51,0.22,0.24,0.16
t=223 field hdg=199.9 enc=9748;14856 xy=-144;-604 want=-173 str=2.06 l=-1.59 r=2.00 tick=588684 goal=0 here=0 d11=0.61 B=0.17,0.23,0.43,1.03,0.80,0.47,0.30,0.28,0.32,0.46,0.88,1.92,0.49,0.22,0.23,0.18
t=223 field hdg=204.0 enc=9749;14857 xy=-145;-605 want=-173 str=2.11 l=-1.60 r=2.00 tick=588703 goal=0 here=0 d11=0.59 B=0.16,0.23,0.41,1.02,0.82,0.47,0.32,0.27,0.33,0.44,0.87,1.91,0.51,0.24,0.23,0.16
t=224 field hdg=199.4 enc=9751;14854 xy=-145;-604 want=-172 str=2.02 l=-1.58 r=2.00 tick=588722 goal=0 here=0 d11=0.59 B=0.17,0.23,0.40,1.02,0.82,0.47,0.29,0.27,0.33,0.45,0.87,1.92,0.51,0.23,0.23,0.18
t=224 field hdg=200.3 enc=9755;14853 xy=-146;-605 want=-174 str=2.06 l=-1.60 r=2.00 tick=588741 goal=0 here=0 d11=0.60 B=0.17,0.23,0.41,1.01,0.81,0.48,0.31,0.27,0.33,0.46,0.86,1.89,0.51,0.23,0.23,0.17
t=224 field hdg=198.1 enc=9755;14853 xy=-146;-605 want=-177 str=2.13 l=-1.60 r=2.00 tick=588760 goal=0 here=0 d11=0.59 B=0.15,0.23,0.41,1.03,0.83,0.49,0.30,0.28,0.34,0.45,0.85,1.89,0.54,0.22,0.22,0.17
t=224 field hdg=202.3 enc=9758;14853 xy=-148;-605 want=-174 str=2.13 l=-1.60 r=2.00 tick=588779 goal=0 here=0 d11=0.60 B=0.15,0.21,0.41,1.00,0.82,0.50,0.30,0.28,0.34,0.45,0.82,1.91,0.52,0.22,0.24,0.17
t=224 field hdg=200.5 enc=9760;14851 xy=-148;-605 want=-175 str=2.13 l=-1.60 r=2.00 tick=588797 goal=0 here=0 d11=0.60 B=0.16,0.21,0.41,0.99,0.85,0.49,0.32,0.28,0.35,0.45,0.82,1.88,0.51,0.23,0.24,0.16
t=225 field hdg=200.4 enc=9763;14851 xy=-149;-606 want=-174 str=2.08 l=-1.60 r=2.00 tick=588816 goal=0 here=0 d11=0.59 B=0.16,0.21,0.41,1.01,0.85,0.50,0.30,0.27,0.35,0.44,0.81,1.90,0.53,0.23,0.24,0.17
t=225 field hdg=198.2 enc=9765;14849 xy=-149;-606 want=-176 str=2.06 l=-1.60 r=2.00 tick=588835 goal=0 here=0 d11=0.61 B=0.18,0.21,0.39,1.01,0.86,0.51,0.31,0.28,0.35,0.42,0.79,1.92,0.54,0.22,0.23,0.17
t=225 field hdg=198.9 enc=9767;14850 xy=-150;-606 want=180 str=1.95 l=2.00 r=-1.60 tick=588854 goal=0 here=0 d11=0.59 B=0.16,0.21,0.40,1.02,1.01,0.51,0.31,0.27,0.34,0.37,0.66,1.94,0.54,0.23,0.24,0.18
t=225 field hdg=198.4 enc=9765;14849 xy=-149;-606 want=178 str=2.08 l=2.00 r=-1.60 tick=588873 goal=0 here=0 d11=0.59 B=0.15,0.21,0.38,1.00,1.02,0.51,0.32,0.28,0.34,0.33,0.65,1.94,0.54,0.23,0.23,0.16
t=225 field hdg=199.1 enc=9765;14851 xy=-150;-606 want=-176 str=2.07 l=-1.60 r=2.00 tick=588892 goal=0 here=0 d11=0.59 B=0.16,0.22,0.40,1.01,0.87,0.50,0.32,0.28,0.34,0.41,0.78,1.93,0.54,0.23,0.24,0.17
t=226 field hdg=200.0 enc=9767;14852 xy=-151;-607 want=-159 str=2.18 l=-1.42 r=2.00 tick=588914 goal=0 here=0 d11=0.59 B=0.16,0.21,0.41,1.01,0.86,0.50,0.31,0.28,0.34,0.43,0.79,1.92,0.55,0.22,0.24,0.19
t=226 field hdg=200.7 enc=9769;14851 xy=-152;-607 want=179 str=2.09 l=2.00 r=-1.60 tick=588933 goal=0 here=0 d11=0.59 B=0.17,0.20,0.39,1.00,1.03,0.50,0.32,0.27,0.35,0.32,0.67,1.95,0.54,0.22,0.24,0.14
t=226 field hdg=201.2 enc=9768;14853 xy=-152;-607 want=177 str=2.07 l=2.00 r=-1.60 tick=588951 goal=0 here=0 d11=0.60 B=0.15,0.21,0.39,1.02,1.02,0.52,0.31,0.27,0.35,0.32,0.67,1.95,0.54,0.22,0.22,0.17
t=226 field hdg=201.4 enc=9766;14853 xy=-151;-607 want=-174 str=2.06 l=-1.60 r=2.00 tick=588970 goal=0 here=0 d11=0.61 B=0.16,0.21,0.39,1.00,0.86,0.51,0.31,0.27,0.35,0.43,0.77,1.94,0.55,0.24,0.23,0.18
t=226 field hdg=197.1 enc=9768;14852 xy=-152;-607 want=-176 str=2.09 l=-1.60 r=2.00 tick=588989 goal=0 here=0 d11=0.60 B=0.17,0.21,0.40,1.02,0.86,0.50,0.32,0.27,0.34,0.43,0.79,1.92,0.54,0.23,0.23,0.16
t=227 field hdg=196.5 enc=9772;14852 xy=-154;-608 want=179 str=2.05 l=2.00 r=-1.60 tick=589013 goal=0 here=0 d11=0.59 B=0.15,0.21,0.39,1.01,1.03,0.51,0.32,0.28,0.33,0.36,0.70,1.93,0.54,0.23,0.23,0.17
t=227 field hdg=200.2 enc=9770;14854 xy=-154;-608 want=177 str=2.04 l=2.00 r=-1.60 tick=589032 goal=0 here=0 d11=0.60 B=0.16,0.20,0.39,1.01,1.02,0.52,0.31,0.27,0.35,0.33,0.64,1.95,0.53,0.21,0.23,0.16
t=227 field hdg=198.3 enc=9770;14856 xy=-155;-608 want=180 str=2.11 l=2.00 r=-1.60 tick=589050 goal=0 here=0 d11=0.57 B=0.14,0.21,0.40,1.01,1.03,0.51,0.31,0.28,0.35,0.41,0.75,1.93,0.55,0.22,0.23,0.18
t=227 STUCK mv=10 want=-175
t=230 field hdg=211.6 enc=9720;14891 xy=-155;-608 want=176 str=1.75 l=2.00 r=-1.60 tick=589378 goal=0 here=0 d11=0.56 B=0.19,0.36,0.82,1.05,0.55,0.34,0.29,0.35,0.30,0.53,1.98,0.81,0.25,0.22,0.20,0.15
t=230 field hdg=216.2 enc=9717;14891 xy=-154;-607 want=159 str=1.72 l=2.00 r=-1.37 tick=589399 goal=0 here=0 d11=0.56 B=0.21,0.36,0.84,1.07,0.56,0.34,0.28,0.35,0.29,0.53,1.98,0.81,0.26,0.23,0.20,0.16
t=231 field hdg=214.2 enc=9716;14894 xy=-154;-607 want=174 str=1.66 l=2.00 r=-1.57 tick=589417 goal=0 here=0 d11=0.55 B=0.21,0.37,0.84,1.07,0.54,0.33,0.28,0.35,0.31,0.55,1.97,0.80,0.24,0.23,0.18,0.16
t=231 field hdg=212.7 enc=9715;14896 xy=-155;-608 want=174 str=1.72 l=2.00 r=-1.59 tick=589437 goal=0 here=0 d11=0.54 B=0.19,0.37,0.86,1.07,0.55,0.33,0.29,0.36,0.30,0.54,1.97,0.81,0.26,0.24,0.18,0.15
t=231 field hdg=217.7 enc=9715;14898 xy=-156;-608 want=170 str=1.54 l=2.00 r=-1.53 tick=589456 goal=0 here=0 d11=0.56 B=0.20,0.36,0.96,1.07,0.54,0.34,0.27,0.35,0.31,0.55,1.96,0.78,0.24,0.23,0.20,0.16
t=231 field hdg=216.6 enc=9715;14899 xy=-156;-609 want=176 str=2.05 l=2.00 r=-1.60 tick=589475 goal=0 here=0 d11=0.55 B=0.20,0.37,1.06,1.05,0.54,0.32,0.28,0.34,0.31,0.56,1.94,0.78,0.24,0.24,0.18,0.15
t=231 field hdg=216.9 enc=9713;14903 xy=-157;-609 want=175 str=2.03 l=2.00 r=-1.60 tick=589493 goal=0 here=0 d11=0.55 B=0.19,0.38,1.06,1.08,0.53,0.32,0.28,0.34,0.31,0.55,1.96,0.77,0.23,0.23,0.18,0.16
t=232 field hdg=215.1 enc=9712;14904 xy=-157;-609 want=169 str=2.03 l=2.00 r=-1.52 tick=589517 goal=0 here=0 d11=0.55 B=0.20,0.39,1.04,1.08,0.53,0.32,0.28,0.35,0.31,0.56,1.95,0.59,0.23,0.23,0.17,0.15
t=232 field hdg=221.1 enc=9710;14906 xy=-157;-609 want=172 str=1.98 l=2.00 r=-1.55 tick=589536 goal=0 here=0 d11=0.56 B=0.20,0.37,1.02,1.08,0.55,0.32,0.27,0.34,0.32,0.57,1.95,0.59,0.24,0.24,0.19,0.14
t=232 field hdg=218.4 enc=9709;14907 xy=-157;-609 want=169 str=2.07 l=2.00 r=-1.52 tick=589554 goal=0 here=0 d11=0.55 B=0.20,0.39,1.03,1.08,0.52,0.33,0.28,0.34,0.32,0.58,1.97,0.57,0.23,0.22,0.17,0.16
t=232 field hdg=215.9 enc=9710;14911 xy=-159;-611 want=170 str=1.98 l=2.00 r=-1.52 tick=589573 goal=0 here=0 d11=0.56 B=0.21,0.39,1.03,1.06,0.52,0.31,0.28,0.35,0.32,0.59,1.98,0.56,0.23,0.23,0.17,0.17
t=232 field hdg=220.3 enc=9707;14910 xy=-157;-609 want=155 str=2.07 l=2.00 r=-1.34 tick=589592 goal=0 here=0 d11=0.56 B=0.20,0.39,1.03,1.04,0.52,0.30,0.29,0.34,0.32,0.61,1.97,0.55,0.23,0.24,0.18,0.14
t=233 field hdg=222.0 enc=9706;14914 xy=-158;-610 want=153 str=2.12 l=2.00 r=-1.30 tick=589611 goal=0 here=0 d11=0.56 B=0.20,0.39,1.01,1.02,0.52,0.30,0.29,0.35,0.31,0.63,1.95,0.55,0.21,0.22,0.18,0.15
t=233 field hdg=221.1 enc=9707;14916 xy=-160;-611 want=158 str=2.03 l=2.00 r=-1.36 tick=589630 goal=0 here=0 d11=0.57 B=0.20,0.40,1.02,1.01,0.52,0.31,0.27,0.36,0.33,0.67,1.96,0.55,0.23,0.23,0.18,0.16
t=233 field hdg=220.0 enc=9705;14916 xy=-159;-611 want=162 str=2.13 l=2.00 r=-1.41 tick=589649 goal=0 here=0 d11=0.57 B=0.21,0.39,1.02,0.86,0.51,0.31,0.27,0.34,0.42,0.78,1.93,0.54,0.23,0.23,0.16,0.16
t=233 field hdg=220.2 enc=9705;14919 xy=-160;-612 want=162 str=2.09 l=2.00 r=-1.41 tick=589668 goal=0 here=0 d11=0.58 B=0.21,0.40,1.01,0.86,0.50,0.31,0.28,0.35,0.42,0.81,1.90,0.53,0.23,0.23,0.17,0.17
t=233 field hdg=221.6 enc=9703;14921 xy=-160;-612 want=162 str=2.08 l=2.00 r=-1.42 tick=589687 goal=0 here=0 d11=0.59 B=0.21,0.39,1.02,0.84,0.49,0.31,0.27,0.34,0.45,0.82,1.89,0.53,0.22,0.23,0.17,0.16
t=233 field hdg=219.8 enc=9701;14922 xy=-160;-611 want=162 str=2.06 l=2.00 r=-1.40 tick=589707 goal=0 here=0 d11=0.58 B=0.23,0.39,1.01,0.84,0.49,0.31,0.28,0.35,0.45,0.84,1.90,0.53,0.22,0.24,0.17,0.17
t=234 field hdg=223.1 enc=9700;14926 xy=-161;-612 want=162 str=2.13 l=2.00 r=-1.40 tick=589727 goal=0 here=0 d11=0.58 B=0.22,0.40,1.01,0.83,0.49,0.32,0.28,0.34,0.45,0.86,1.89,0.52,0.23,0.23,0.15,0.17
t=234 field hdg=221.8 enc=9699;14928 xy=-161;-613 want=161 str=2.16 l=2.00 r=-1.40 tick=589746 goal=0 here=0 d11=0.58 B=0.22,0.40,1.02,0.82,0.48,0.30,0.28,0.35,0.46,0.84,1.89,0.52,0.21,0.23,0.16,0.16
t=234 field hdg=226.2 enc=9699;14928 xy=-161;-613 want=164 str=2.15 l=2.00 r=-1.43 tick=589765 goal=0 here=0 d11=0.58 B=0.22,0.41,1.02,0.81,0.48,0.30,0.28,0.34,0.46,0.85,1.92,0.51,0.23,0.23,0.15,0.17
t=234 field hdg=225.2 enc=9698;14931 xy=-162;-613 want=162 str=2.19 l=2.00 r=-1.40 tick=589783 goal=0 here=0 d11=0.58 B=0.23,0.41,1.01,0.82,0.48,0.30,0.28,0.33,0.46,0.88,1.92,0.51,0.21,0.21,0.17,0.16
t=234 field hdg=222.8 enc=9697;14932 xy=-162;-613 want=166 str=2.15 l=2.00 r=-1.46 tick=589802 goal=0 here=0 d11=0.59 B=0.22,0.41,1.01,0.81,0.47,0.29,0.28,0.34,0.47,0.89,1.94,0.50,0.24,0.22,0.16,0.18
t=235 field hdg=225.4 enc=9695;14935 xy=-162;-614 want=163 str=2.17 l=2.00 r=-1.41 tick=589824 goal=0 here=0 d11=0.60 B=0.23,0.42,1.04,0.83,0.46,0.30,0.28,0.34,0.48,0.90,1.93,0.49,0.23,0.23,0.16,0.17
t=235 field hdg=225.3 enc=9694;14935 xy=-162;-613 want=164 str=2.09 l=2.00 r=-1.41 tick=589842 goal=0 here=0 d11=0.59 B=0.25,0.43,1.04,0.81,0.45,0.31,0.28,0.33,0.47,0.91,1.94,0.48,0.22,0.23,0.17,0.17
t=235 field hdg=226.0 enc=9693;14937 xy=-162;-614 want=161 str=2.15 l=2.00 r=-1.38 tick=589861 goal=0 here=0 d11=0.61 B=0.25,0.43,1.06,0.81,0.45,0.32,0.29,0.34,0.46,0.93,1.93,0.46,0.21,0.22,0.16,0.17
t=235 field hdg=225.0 enc=9692;14939 xy=-162;-614 want=164 str=2.11 l=2.00 r=-1.41 tick=589880 goal=0 here=0 d11=0.60 B=0.25,0.41,1.06,0.79,0.44,0.29,0.28,0.33,0.48,0.93,1.91,0.47,0.23,0.23,0.15,0.17
t=235 field hdg=230.9 enc=9692;14941 xy=-163;-615 want=164 str=2.12 l=2.00 r=-1.41 tick=589902 goal=0 here=0 d11=0.61 B=0.26,0.44,1.06,0.79,0.45,0.29,0.29,0.33,0.47,0.97,1.91,0.45,0.23,0.23,0.15,0.17
t=236 field hdg=228.8 enc=9691;14943 xy=-163;-615 want=165 str=2.15 l=2.00 r=-1.41 tick=589921 goal=0 here=0 d11=0.61 B=0.27,0.43,1.07,0.78,0.44,0.30,0.29,0.34,0.47,1.02,1.92,0.46,0.23,0.23,0.16,0.17
t=236 field hdg=231.1 enc=9691;14947 xy=-165;-617 want=165 str=2.29 l=2.00 r=-1.43 tick=589939 goal=0 here=0 d11=0.61 B=0.25,0.42,1.08,0.71,0.43,0.29,0.30,0.33,0.47,1.07,1.91,0.44,0.22,0.22,0.14,0.17
t=236 field hdg=227.6 enc=9690;14948 xy=-165;-617 want=157 str=2.07 l=2.00 r=-1.30 tick=589958 goal=0 here=0 d11=0.61 B=0.27,0.45,1.09,0.69,0.42,0.30,0.30,0.34,0.47,1.11,1.49,0.43,0.23,0.23,0.14,0.18
t=236 field hdg=234.4 enc=9687;14948 xy=-164;-616 want=150 str=1.83 l=2.00 r=-1.21 tick=589978 goal=0 here=0 d11=0.62 B=0.27,0.45,1.10,0.68,0.40,0.31,0.29,0.34,0.48,1.11,1.20,0.45,0.23,0.23,0.16,0.19
t=236 field hdg=231.1 enc=9688;14952 xy=-165;-618 want=144 str=1.88 l=2.00 r=-1.11 tick=589997 goal=0 here=0 d11=0.60 B=0.29,0.45,1.09,0.67,0.41,0.30,0.31,0.32,0.49,1.12,1.06,0.42,0.23,0.22,0.15,0.18
t=237 field hdg=231.3 enc=9687;14953 xy=-165;-618 want=143 str=1.84 l=2.00 r=-1.10 tick=590016 goal=0 here=0 d11=0.62 B=0.31,0.47,1.09,0.64,0.40,0.30,0.30,0.32,0.49,1.12,1.02,0.43,0.23,0.21,0.14,0.19
t=237 field hdg=232.8 enc=9685;14955 xy=-165;-618 want=141 str=1.86 l=2.00 r=-1.07 tick=590038 goal=0 here=0 d11=0.60 B=0.30,0.47,1.10,0.62,0.39,0.30,0.30,0.32,0.50,1.13,1.02,0.26,0.23,0.22,0.15,0.18
t=237 field hdg=230.9 enc=9684;14956 xy=-165;-618 want=139 str=1.94 l=2.00 r=-1.04 tick=590057 goal=0 here=0 d11=0.60 B=0.31,0.49,1.10,0.61,0.39,0.31,0.30,0.33,0.51,1.14,0.98,0.25,0.23,0.21,0.15,0.17
t=237 field hdg=232.7 enc=9684;14960 xy=-167;-619 want=137 str=2.00 l=2.00 r=-0.99 tick=590078 goal=0 here=0 d11=0.59 B=0.33,0.50,1.08,0.62,0.39,0.30,0.31,0.33,0.50,1.18,0.89,0.24,0.23,0.21,0.14,0.17
t=237 field hdg=231.5 enc=9684;14960 xy=-167;-619 want=125 str=1.76 l=2.00 r=-0.84 tick=590097 goal=0 here=0 d11=0.61 B=0.33,0.59,1.09,0.61,0.39,0.29,0.33,0.32,0.51,1.38,0.86,0.25,0.23,0.21,0.15,0.18
t=238 field hdg=234.6 enc=9682;14963 xy=-167;-620 want=141 str=1.97 l=2.00 r=-1.05 tick=590116 goal=0 here=0 d11=0.60 B=0.33,0.61,1.08,0.59,0.37,0.30,0.33,0.32,0.51,1.98,0.85,0.25,0.23,0.20,0.15,0.19
t=238 field hdg=232.9 enc=9683;14964 xy=-167;-620 want=140 str=1.95 l=2.00 r=-1.04 tick=590135 goal=0 here=0 d11=0.63 B=0.32,0.62,1.08,0.59,0.36,0.29,0.33,0.31,0.52,1.96,0.85,0.24,0.23,0.19,0.16,0.19
t=238 field hdg=234.2 enc=9681;14967 xy=-168;-621 want=139 str=2.03 l=2.00 r=-1.01 tick=590154 goal=0 here=0 d11=0.61 B=0.33,0.70,1.06,0.59,0.37,0.31,0.33,0.31,0.52,1.97,0.84,0.25,0.23,0.19,0.13,0.19
t=238 field hdg=238.7 enc=9680;14969 xy=-168;-621 want=138 str=1.92 l=2.00 r=-1.01 tick=590176 goal=0 here=0 d11=0.60 B=0.33,0.80,1.07,0.57,0.36,0.29,0.32,0.32,0.54,1.98,0.83,0.25,0.25,0.19,0.14,0.18
t=238 field hdg=229.2 enc=9680;14970 xy=-168;-622 want=137 str=1.98 l=2.00 r=-0.98 tick=590194 goal=0 here=0 d11=0.61 B=0.34,0.82,1.07,0.58,0.35,0.29,0.33,0.31,0.53,2.01,0.81,0.25,0.24,0.19,0.14,0.18
t=239 field hdg=237.7 enc=9679;14974 xy=-169;-623 want=136 str=2.00 l=2.00 r=-0.98 tick=590216 goal=0 here=0 d11=0.60 B=0.33,0.82,1.06,0.56,0.36,0.30,0.34,0.31,0.55,2.00,0.81,0.24,0.24,0.18,0.15,0.18
t=239 field hdg=238.9 enc=9679;14976 xy=-170;-624 want=136 str=2.05 l=2.00 r=-0.97 tick=590235 goal=0 here=0 d11=0.61 B=0.35,0.82,1.06,0.57,0.35,0.30,0.33,0.33,0.55,2.00,0.82,0.24,0.24,0.17,0.14,0.18
t=239 field hdg=240.6 enc=9677;14978 xy=-170;-624 want=136 str=1.99 l=2.00 r=-0.96 tick=590254 goal=0 here=0 d11=0.62 B=0.35,0.83,1.05,0.57,0.36,0.30,0.35,0.32,0.54,1.99,0.80,0.24,0.24,0.18,0.14,0.18
t=239 field hdg=235.8 enc=9678;14978 xy=-170;-624 want=145 str=2.38 l=2.00 r=-1.08 tick=590272 goal=0 here=0 d11=0.61 B=0.36,0.84,1.05,0.57,0.34,0.29,0.35,0.32,0.55,1.98,0.80,0.25,0.24,0.18,0.15,0.18
t=239 field hdg=238.9 enc=9678;14981 xy=-171;-625 want=132 str=1.97 l=2.00 r=-0.92 tick=590291 goal=0 here=0 d11=0.60 B=0.35,0.84,1.06,0.56,0.34,0.30,0.35,0.32,0.55,1.98,0.79,0.22,0.24,0.18,0.15,0.18
t=239 field hdg=234.2 enc=9677;14981 xy=-170;-625 want=156 str=2.36 l=2.00 r=-1.24 tick=590310 goal=0 here=0 d11=0.59 B=0.35,0.85,1.06,0.54,0.35,0.30,0.35,0.32,0.56,1.99,0.78,0.24,0.23,0.18,0.13,0.19
t=240 field hdg=236.5 enc=9677;14985 xy=-172;-627 want=142 str=2.38 l=2.00 r=-1.05 tick=590329 goal=0 here=0 d11=0.59 B=0.35,0.86,1.06,0.56,0.34,0.30,0.35,0.32,0.55,1.97,0.79,0.23,0.23,0.17,0.16,0.18
t=240 field hdg=237.9 enc=9676;14986 xy=-172;-627 want=146 str=2.14 l=2.00 r=-1.09 tick=590348 goal=0 here=0 d11=0.60 B=0.37,1.04,1.06,0.55,0.34,0.29,0.35,0.32,0.55,1.98,0.60,0.23,0.22,0.16,0.14,0.20
t=240 field hdg=243.1 enc=9675;14987 xy=-172;-627 want=133 str=2.23 l=2.00 r=-0.92 tick=590368 goal=0 here=0 d11=0.60 B=0.36,1.04,1.07,0.56,0.33,0.28,0.36,0.32,0.57,1.97,0.59,0.24,0.24,0.16,0.15,0.21
t=240 field hdg=238.4 enc=9673;14991 xy=-172;-628 want=147 str=2.15 l=2.00 r=-1.10 tick=590387 goal=0 here=0 d11=0.62 B=0.37,1.03,1.06,0.54,0.33,0.30,0.36,0.33,0.57,1.98,0.57,0.24,0.24,0.16,0.14,0.20
t=240 field hdg=239.1 enc=9673;14992 xy=-172;-628 want=146 str=2.07 l=2.00 r=-1.09 tick=590405 goal=0 here=0 d11=0.59 B=0.36,1.05,1.08,0.54,0.34,0.28,0.36,0.33,0.59,1.97,0.57,0.22,0.23,0.17,0.16,0.20
t=241 field hdg=243.8 enc=9673;14994 xy=-173;-629 want=147 str=2.13 l=2.00 r=-1.10 tick=590427 goal=0 here=0 d11=0.60 B=0.37,1.04,1.09,0.54,0.32,0.31,0.35,0.33,0.59,1.99,0.55,0.24,0.25,0.17,0.15,0.20
t=241 field hdg=243.6 enc=9672;14996 xy=-173;-629 want=148 str=2.21 l=2.00 r=-1.11 tick=590448 goal=0 here=0 d11=0.60 B=0.37,1.01,1.09,0.55,0.33,0.28,0.35,0.33,0.63,1.98,0.55,0.24,0.23,0.16,0.15,0.18
t=241 field hdg=244.5 enc=9671;14998 xy=-173;-630 want=145 str=2.18 l=2.00 r=-1.07 tick=590467 goal=0 here=0 d11=0.58 B=0.37,1.03,1.07,0.54,0.33,0.29,0.36,0.34,0.62,1.97,0.55,0.22,0.23,0.14,0.15,0.21
t=241 field hdg=243.7 enc=9668;15001 xy=-173;-630 want=132 str=2.12 l=2.00 r=-0.89 tick=590486 goal=0 here=0 d11=0.57 B=0.38,1.00,1.04,0.52,0.32,0.28,0.35,0.34,0.62,1.96,0.54,0.22,0.23,0.15,0.16,0.20
t=241 field hdg=241.1 enc=9670;15000 xy=-173;-630 want=134 str=2.20 l=2.00 r=-0.93 tick=590505 goal=0 here=0 d11=0.58 B=0.37,1.02,1.02,0.52,0.32,0.29,0.36,0.34,0.72,1.96,0.55,0.22,0.24,0.15,0.15,0.20
t=242 field hdg=245.4 enc=9669;15004 xy=-174;-632 want=136 str=2.21 l=2.00 r=-0.95 tick=590524 goal=0 here=0 d11=0.59 B=0.38,1.00,1.03,0.52,0.32,0.28,0.36,0.34,0.79,1.93,0.53,0.23,0.24,0.16,0.14,0.20
t=242 field hdg=246.0 enc=9668;15004 xy=-174;-631 want=136 str=2.15 l=2.00 r=-0.95 tick=590545 goal=0 here=0 d11=0.58 B=0.37,1.00,1.00,0.51,0.33,0.29,0.35,0.40,0.81,1.92,0.53,0.23,0.23,0.16,0.17,0.21
t=242 field hdg=245.5 enc=9669;15006 xy=-174;-632 want=135 str=2.31 l=2.00 r=-0.93 tick=590564 goal=0 here=0 d11=0.59 B=0.38,1.01,1.00,0.50,0.32,0.29,0.35,0.45,0.83,1.90,0.53,0.23,0.22,0.15,0.14,0.20
t=242 field hdg=245.1 enc=9669;15010 xy=-175;-634 want=139 str=2.27 l=2.00 r=-0.98 tick=590582 goal=0 here=0 d11=0.59 B=0.38,0.99,0.85,0.52,0.32,0.29,0.36,0.44,0.85,1.91,0.53,0.21,0.23,0.16,0.15,0.21
t=242 field hdg=245.3 enc=9669;15012 xy=-176;-635 want=140 str=2.29 l=2.00 r=-1.00 tick=590601 goal=0 here=0 d11=0.59 B=0.38,0.98,0.86,0.51,0.32,0.29,0.36,0.46,0.84,1.91,0.52,0.23,0.23,0.16,0.14,0.21
t=243 field hdg=244.5 enc=9667;15012 xy=-175;-634 want=140 str=2.23 l=2.00 r=-1.00 tick=590620 goal=0 here=0 d11=0.59 B=0.38,0.99,0.84,0.51,0.31,0.30,0.35,0.46,0.85,1.90,0.53,0.23,0.22,0.16,0.17,0.21
t=243 field hdg=242.4 enc=9668;15016 xy=-176;-636 want=141 str=2.24 l=2.00 r=-1.01 tick=590639 goal=0 here=0 d11=0.59 B=0.39,0.98,0.83,0.51,0.31,0.29,0.36,0.47,0.88,1.90,0.52,0.23,0.23,0.15,0.16,0.21
t=243 field hdg=246.7 enc=9668;15018 xy=-177;-637 want=141 str=2.21 l=2.00 r=-1.01 tick=590660 goal=0 here=0 d11=0.58 B=0.39,1.00,0.83,0.50,0.32,0.28,0.36,0.47,0.86,1.92,0.51,0.23,0.22,0.16,0.17,0.21
t=243 field hdg=245.0 enc=9666;15018 xy=-176;-636 want=143 str=2.27 l=2.00 r=-1.04 tick=590679 goal=0 here=0 d11=0.59 B=0.38,0.98,0.81,0.51,0.33,0.28,0.35,0.47,0.90,1.94,0.49,0.23,0.23,0.16,0.16,0.22
t=243 field hdg=250.0 enc=9666;15021 xy=-177;-638 want=141 str=2.26 l=2.00 r=-1.01 tick=590698 goal=0 here=0 d11=0.58 B=0.39,1.01,0.80,0.50,0.32,0.28,0.36,0.47,0.88,1.93,0.49,0.23,0.22,0.14,0.16,0.22
t=244 field hdg=245.5 enc=9663;15021 xy=-176;-637 want=143 str=2.30 l=2.00 r=-1.03 tick=590717 goal=0 here=0 d11=0.60 B=0.40,1.00,0.80,0.48,0.32,0.27,0.36,0.47,0.90,1.94,0.48,0.23,0.23,0.14,0.15,0.21
t=244 field hdg=248.3 enc=9664;15025 xy=-177;-639 want=142 str=2.29 l=2.00 r=-1.01 tick=590736 goal=0 here=0 d11=0.60 B=0.40,1.01,0.82,0.48,0.31,0.30,0.34,0.47,0.91,1.96,0.48,0.23,0.22,0.15,0.17,0.22
t=244 field hdg=247.3 enc=9663;15025 xy=-177;-638 want=141 str=2.32 l=2.00 r=-1.00 tick=590755 goal=0 here=0 d11=0.58 B=0.41,1.01,0.81,0.49,0.31,0.29,0.35,0.47,0.93,1.95,0.48,0.22,0.22,0.15,0.15,0.23
t=244 field hdg=250.8 enc=9663;15027 xy=-177;-639 want=142 str=2.31 l=2.00 r=-1.01 tick=590773 goal=0 here=0 d11=0.58 B=0.40,1.03,0.80,0.47,0.31,0.29,0.34,0.47,0.93,1.95,0.46,0.23,0.23,0.14,0.16,0.23
t=244 field hdg=248.5 enc=9661;15030 xy=-178;-640 want=142 str=2.21 l=2.00 r=-1.01 tick=590792 goal=0 here=0 d11=0.60 B=0.41,1.03,0.79,0.48,0.30,0.28,0.35,0.48,0.94,1.94,0.47,0.23,0.22,0.14,0.17,0.24
t=245 field hdg=249.1 enc=9659;15032 xy=-178;-640 want=141 str=2.28 l=2.00 r=-1.01 tick=590811 goal=0 here=0 d11=0.58 B=0.40,1.04,0.79,0.48,0.32,0.29,0.34,0.48,0.96,1.94,0.44,0.23,0.21,0.15,0.17,0.23
t=245 field hdg=251.4 enc=9660;15034 xy=-178;-641 want=141 str=2.26 l=2.00 r=-0.99 tick=590832 goal=0 here=0 d11=0.58 B=0.42,1.05,0.79,0.47,0.30,0.30,0.34,0.49,0.98,1.93,0.46,0.23,0.22,0.14,0.16,0.26
t=245 field hdg=248.1 enc=9659;15036 xy=-178;-642 want=142 str=2.37 l=2.00 r=-1.00 tick=590854 goal=0 here=0 d11=0.59 B=0.43,1.04,0.78,0.45,0.31,0.29,0.35,0.49,1.09,1.92,0.44,0.23,0.20,0.15,0.16,0.24
t=245 field hdg=251.7 enc=9658;15037 xy=-178;-642 want=138 str=2.40 l=2.00 r=-0.96 tick=590873 goal=0 here=0 d11=0.59 B=0.41,1.07,0.77,0.44,0.31,0.29,0.33,0.49,1.11,1.93,0.26,0.23,0.20,0.14,0.15,0.26
t=245 field hdg=251.7 enc=9660;15040 xy=-179;-644 want=131 str=2.16 l=2.00 r=-0.85 tick=590893 goal=0 here=0 d11=0.60 B=0.44,1.07,0.76,0.45,0.29,0.30,0.33,0.50,1.10,1.49,0.28,0.23,0.21,0.14,0.18,0.25
t=246 field hdg=250.8 enc=9660;15041 xy=-179;-645 want=122 str=2.16 l=2.00 r=-0.74 tick=590912 goal=0 here=0 d11=0.59 B=0.41,1.07,0.75,0.44,0.31,0.29,0.35,0.50,1.11,1.24,0.27,0.22,0.19,0.14,0.16,0.26
t=246 field hdg=253.9 enc=9660;15042 xy=-179;-645 want=119 str=2.10 l=2.00 r=-0.69 tick=590931 goal=0 here=0 d11=0.59 B=0.43,1.08,0.70,0.44,0.30,0.30,0.36,0.49,1.12,1.09,0.26,0.24,0.19,0.14,0.17,0.27
t=246 field hdg=253.4 enc=9660;15044 xy=-180;-646 want=119 str=2.09 l=2.00 r=-0.68 tick=590951 goal=0 here=0 d11=0.61 B=0.44,1.06,0.70,0.44,0.30,0.30,0.34,0.51,1.12,1.06,0.26,0.24,0.19,0.14,0.16,0.27
t=246 field hdg=250.1 enc=9658;15048 xy=-180;-647 want=118 str=2.14 l=2.00 r=-0.67 tick=590973 goal=0 here=0 d11=0.60 B=0.43,1.08,0.69,0.43,0.31,0.30,0.35,0.51,1.14,1.05,0.27,0.23,0.18,0.13,0.17,0.27
t=246 field hdg=253.0 enc=9658;15050 xy=-180;-648 want=117 str=2.18 l=2.00 r=-0.66 tick=590991 goal=0 here=0 d11=0.60 B=0.43,1.09,0.67,0.42,0.31,0.30,0.34,0.50,1.14,1.04,0.26,0.23,0.18,0.13,0.17,0.27
t=247 field hdg=254.0 enc=9658;15052 xy=-180;-649 want=118 str=2.12 l=2.00 r=-0.68 tick=591013 goal=0 here=0 d11=0.60 B=0.42,1.08,0.67,0.41,0.31,0.31,0.34,0.51,1.15,1.02,0.26,0.23,0.18,0.13,0.17,0.28
t=247 field hdg=257.0 enc=9658;15052 xy=-180;-649 want=116 str=2.06 l=2.00 r=-0.64 tick=591032 goal=0 here=0 d11=0.59 B=0.45,1.09,0.66,0.42,0.31,0.29,0.33,0.52,1.14,1.00,0.25,0.24,0.18,0.14,0.17,0.29
t=247 field hdg=254.1 enc=9659;15056 xy=-181;-651 want=114 str=2.12 l=2.00 r=-0.61 tick=591053 goal=0 here=0 d11=0.58 B=0.45,1.08,0.65,0.41,0.31,0.31,0.33,0.51,1.16,0.91,0.26,0.24,0.17,0.13,0.16,0.30
t=247 field hdg=255.8 enc=9660;15057 xy=-181;-652 want=113 str=2.12 l=2.00 r=-0.59 tick=591072 goal=0 here=0 d11=0.59 B=0.46,1.09,0.64,0.41,0.31,0.30,0.34,0.51,1.18,0.88,0.25,0.24,0.17,0.13,0.17,0.29
t=247 field hdg=256.1 enc=9659;15059 xy=-182;-653 want=116 str=2.12 l=2.00 r=-0.62 tick=591096 goal=0 here=0 d11=0.61 B=0.46,1.08,0.64,0.40,0.32,0.31,0.34,0.52,1.30,0.86,0.25,0.24,0.17,0.13,0.18,0.30
t=248 field hdg=257.8 enc=9658;15061 xy=-182;-653 want=118 str=2.24 l=2.00 r=-0.64 tick=591114 goal=0 here=0 d11=0.60 B=0.48,1.09,0.63,0.41,0.31,0.30,0.34,0.53,1.40,0.86,0.24,0.25,0.17,0.13,0.15,0.31
t=248 field hdg=259.6 enc=9658;15064 xy=-182;-655 want=128 str=2.66 l=2.00 r=-0.75 tick=591136 goal=0 here=0 d11=0.60 B=0.51,1.06,0.61,0.41,0.31,0.31,0.34,0.52,1.99,0.86,0.22,0.23,0.15,0.12,0.16,0.31
t=248 field hdg=256.4 enc=9658;15066 xy=-182;-656 want=119 str=2.24 l=2.00 r=-0.58 tick=591155 goal=0 here=0 d11=0.61 B=0.59,1.06,0.61,0.40,0.31,0.31,0.33,0.54,2.00,0.85,0.25,0.24,0.16,0.13,0.16,0.31
t=248 field hdg=258.0 enc=9659;15067 xy=-182;-657 want=118 str=2.19 l=2.00 r=-0.56 tick=591174 goal=0 here=0 d11=0.59 B=0.60,1.06,0.59,0.39,0.31,0.32,0.34,0.54,2.00,0.85,0.24,0.24,0.17,0.13,0.18,0.31
t=248 field hdg=258.4 enc=9660;15070 xy=-183;-659 want=113 str=2.12 l=2.00 r=-0.37 tick=591195 goal=0 here=0 d11=0.59 B=0.78,1.07,0.59,0.40,0.30,0.32,0.33,0.53,2.01,0.83,0.23,0.24,0.16,0.13,0.18,0.32
t=249 field hdg=256.8 enc=9660;15072 xy=-183;-660 want=114 str=2.11 l=2.00 r=-0.39 tick=591214 goal=0 here=0 d11=0.60 B=0.76,1.05,0.59,0.39,0.29,0.30,0.33,0.54,2.02,0.84,0.24,0.24,0.15,0.13,0.18,0.33
t=249 field hdg=260.5 enc=9660;15072 xy=-183;-660 want=113 str=2.13 l=2.00 r=-0.36 tick=591234 goal=0 here=0 d11=0.59 B=0.78,1.05,0.58,0.38,0.30,0.32,0.32,0.55,2.01,0.82,0.23,0.23,0.16,0.14,0.18,0.33
t=249 field hdg=261.1 enc=9660;15076 xy=-183;-662 want=122 str=2.53 l=2.00 r=-0.48 tick=591253 goal=0 here=0 d11=0.60 B=0.77,1.06,0.58,0.37,0.29,0.32,0.33,0.56,2.01,0.83,0.24,0.23,0.15,0.14,0.19,0.34
t=249 field hdg=259.9 enc=9658;15078 xy=-183;-662 want=122 str=2.56 l=2.00 r=-0.48 tick=591272 goal=0 here=0 d11=0.61 B=0.78,1.06,0.58,0.39,0.30,0.32,0.33,0.56,2.01,0.82,0.24,0.23,0.15,0.15,0.17,0.33
t=249 field hdg=260.8 enc=9660;15080 xy=-184;-663 want=123 str=2.54 l=2.00 r=-0.48 tick=591291 goal=0 here=0 d11=0.60 B=0.79,1.05,0.57,0.37,0.30,0.31,0.35,0.56,2.01,0.81,0.25,0.23,0.15,0.14,0.17,0.33
t=249 field hdg=260.1 enc=9660;15082 xy=-184;-664 want=124 str=2.53 l=2.00 r=-0.49 tick=591310 goal=0 here=0 d11=0.60 B=0.80,1.03,0.56,0.36,0.31,0.32,0.34,0.57,2.01,0.81,0.25,0.25,0.15,0.15,0.17,0.33
t=250 field hdg=262.8 enc=9659;15083 xy=-184;-664 want=123 str=2.48 l=2.00 r=-0.47 tick=591331 goal=0 here=0 d11=0.60 B=0.81,1.03,0.57,0.38,0.29,0.33,0.33,0.56,2.00,0.81,0.23,0.24,0.16,0.14,0.18,0.32
t=250 field hdg=262.7 enc=9659;15084 xy=-184;-665 want=121 str=2.57 l=2.00 r=-0.45 tick=591351 goal=0 here=0 d11=0.60 B=0.81,1.03,0.56,0.36,0.30,0.35,0.34,0.56,2.00,0.80,0.24,0.23,0.15,0.14,0.17,0.33
t=250 field hdg=260.0 enc=9659;15086 xy=-184;-666 want=117 str=2.56 l=2.00 r=-0.40 tick=591370 goal=0 here=0 d11=0.61 B=0.81,1.04,0.57,0.36,0.30,0.33,0.34,0.57,2.00,0.63,0.25,0.22,0.14,0.14,0.18,0.34
t=250 field hdg=258.5 enc=9660;15090 xy=-185;-668 want=118 str=2.57 l=2.00 r=-0.39 tick=591389 goal=0 here=0 d11=0.60 B=0.83,1.03,0.56,0.36,0.32,0.34,0.33,0.58,2.00,0.62,0.24,0.23,0.15,0.13,0.17,0.34
t=250 field hdg=259.2 enc=9658;15090 xy=-184;-667 want=130 str=2.43 l=2.00 r=-0.54 tick=591408 goal=0 here=0 d11=0.59 B=0.84,1.04,0.54,0.36,0.30,0.36,0.34,0.59,1.99,0.60,0.24,0.24,0.15,0.14,0.17,0.33
t=251 field hdg=262.8 enc=9658;15091 xy=-184;-668 want=129 str=2.41 l=2.00 r=-0.53 tick=591427 goal=0 here=0 d11=0.61 B=0.84,1.03,0.55,0.35,0.31,0.35,0.34,0.60,1.99,0.60,0.24,0.23,0.15,0.15,0.18,0.34
t=251 field hdg=263.8 enc=9658;15095 xy=-185;-670 want=113 str=2.38 l=2.00 r=-0.20 tick=591446 goal=0 here=0 d11=0.59 B=1.02,1.04,0.55,0.36,0.29,0.35,0.35,0.57,1.99,0.60,0.24,0.23,0.15,0.16,0.17,0.35
t=251 field hdg=260.7 enc=9660;15095 xy=-185;-671 want=124 str=2.33 l=2.00 r=-0.34 tick=591467 goal=0 here=0 d11=0.59 B=1.02,1.04,0.55,0.35,0.31,0.36,0.35,0.59,1.98,0.58,0.23,0.23,0.14,0.14,0.18,0.34
t=251 field hdg=262.9 enc=9659;15097 xy=-185;-671 want=124 str=2.34 l=2.00 r=-0.34 tick=591486 goal=0 here=0 d11=0.59 B=1.02,1.04,0.54,0.35,0.31,0.35,0.35,0.60,1.99,0.57,0.23,0.22,0.15,0.14,0.18,0.34
t=251 field hdg=265.6 enc=9658;15099 xy=-185;-672 want=126 str=2.24 l=2.00 r=-0.37 tick=591504 goal=0 here=0 d11=0.59 B=1.01,1.05,0.55,0.36,0.30,0.36,0.34,0.59,1.99,0.56,0.25,0.23,0.16,0.15,0.18,0.35
t=252 field hdg=267.5 enc=9660;15102 xy=-185;-674 want=127 str=2.31 l=2.00 r=-0.38 tick=591523 goal=0 here=0 d11=0.61 B=1.01,1.03,0.53,0.34,0.30,0.36,0.34,0.60,2.00,0.57,0.25,0.24,0.14,0.15,0.18,0.35
t=252 field hdg=262.7 enc=9659;15104 xy=-185;-675 want=126 str=2.27 l=2.00 r=-0.38 tick=591542 goal=0 here=0 d11=0.62 B=1.00,1.04,0.52,0.34,0.29,0.36,0.34,0.61,1.99,0.56,0.24,0.23,0.15,0.14,0.18,0.33
t=252 field hdg=263.7 enc=9659;15104 xy=-185;-675 want=126 str=2.27 l=2.00 r=-0.37 tick=591561 goal=0 here=0 d11=0.61 B=1.01,1.05,0.52,0.35,0.30,0.35,0.35,0.61,2.01,0.57,0.24,0.24,0.14,0.15,0.19,0.35
t=252 field hdg=260.8 enc=9660;15109 xy=-186;-678 want=125 str=2.31 l=2.00 r=-0.37 tick=591587 goal=0 here=0 d11=0.62 B=1.00,1.06,0.53,0.34,0.30,0.37,0.34,0.61,2.00,0.56,0.25,0.22,0.14,0.15,0.18,0.36
t=252 field hdg=262.6 enc=9660;15109 xy=-186;-678 want=126 str=2.28 l=2.00 r=-0.38 tick=591606 goal=0 here=0 d11=0.60 B=1.00,1.05,0.53,0.34,0.32,0.38,0.35,0.64,2.00,0.56,0.25,0.23,0.14,0.16,0.19,0.35
t=253 field hdg=263.1 enc=9659;15111 xy=-186;-678 want=125 str=2.32 l=2.00 r=-0.37 tick=591625 goal=0 here=0 d11=0.62 B=0.99,1.05,0.52,0.34,0.31,0.36,0.36,0.63,1.98,0.57,0.24,0.23,0.13,0.16,0.19,0.37
t=253 field hdg=266.0 enc=9658;15113 xy=-186;-679 want=110 str=2.29 l=2.00 r=-0.18 tick=591644 goal=0 here=0 d11=0.62 B=0.98,1.07,0.53,0.34,0.31,0.36,0.34,0.65,1.98,0.55,0.23,0.23,0.14,0.14,0.19,0.34
t=253 field hdg=264.3 enc=9659;15116 xy=-186;-681 want=127 str=2.33 l=2.00 r=-0.41 tick=591665 goal=0 here=0 d11=0.61 B=0.97,1.02,0.52,0.34,0.30,0.38,0.35,0.67,1.97,0.57,0.24,0.23,0.14,0.15,0.19,0.35
t=253 field hdg=263.5 enc=9659;15117 xy=-186;-681 want=112 str=2.23 l=2.00 r=-0.21 tick=591683 goal=0 here=0 d11=0.62 B=0.98,1.02,0.51,0.33,0.29,0.38,0.34,0.69,1.97,0.54,0.23,0.22,0.14,0.15,0.20,0.35
t=253 field hdg=266.7 enc=9660;15118 xy=-186;-682 want=113 str=2.45 l=2.00 r=-0.23 tick=591702 goal=0 here=0 d11=0.64 B=0.97,0.99,0.51,0.32,0.30,0.38,0.34,0.80,1.93,0.54,0.23,0.22,0.12,0.14,0.19,0.36
t=254 field hdg=264.2 enc=9659;15121 xy=-186;-683 want=113 str=2.37 l=2.00 r=-0.22 tick=591721 goal=0 here=0 d11=0.64 B=0.99,0.99,0.51,0.33,0.29,0.35,0.35,0.84,1.92,0.54,0.24,0.22,0.13,0.14,0.21,0.37
t=254 field hdg=267.3 enc=9658;15123 xy=-186;-684 want=113 str=2.40 l=2.00 r=-0.22 tick=591743 goal=0 here=0 d11=0.64 B=0.98,0.99,0.52,0.34,0.30,0.37,0.37,0.84,1.92,0.54,0.23,0.22,0.12,0.15,0.21,0.36
t=254 field hdg=266.1 enc=9660;15125 xy=-186;-686 want=114 str=2.36 l=2.00 r=-0.25 tick=591762 goal=0 here=0 d11=0.65 B=0.96,0.99,0.52,0.33,0.30,0.37,0.35,0.85,1.93,0.53,0.23,0.21,0.14,0.16,0.21,0.36
t=254 field hdg=267.4 enc=9658;15126 xy=-186;-685 want=115 str=2.34 l=2.00 r=-0.26 tick=591781 goal=0 here=0 d11=0.64 B=0.96,0.99,0.50,0.32,0.29,0.38,0.35,0.87,1.93,0.52,0.24,0.21,0.14,0.15,0.21,0.36
t=254 field hdg=266.7 enc=9658;15129 xy=-186;-687 want=119 str=2.38 l=2.00 r=-0.31 tick=591800 goal=0 here=0 d11=0.64 B=0.96,0.82,0.52,0.34,0.29,0.37,0.34,0.87,1.93,0.53,0.24,0.20,0.14,0.16,0.20,0.36
t=255 field hdg=267.9 enc=9660;15132 xy=-186;-689 want=118 str=2.40 l=2.00 r=-0.30 tick=591819 goal=0 here=0 d11=0.63 B=0.96,0.83,0.49,0.32,0.30,0.38,0.36,0.88,1.92,0.52,0.23,0.21,0.14,0.15,0.22,0.37
t=255 field hdg=268.9 enc=9659;15132 xy=-186;-689 want=117 str=2.47 l=2.00 r=-0.28 tick=591838 goal=0 here=0 d11=0.64 B=0.97,0.83,0.50,0.32,0.30,0.38,0.35,0.89,1.95,0.52,0.24,0.18,0.12,0.17,0.20,0.36
t=255 field hdg=267.6 enc=9659;15134 xy=-186;-690 want=119 str=2.38 l=2.00 r=-0.30 tick=591857 goal=0 here=0 d11=0.65 B=0.98,0.81,0.52,0.32,0.29,0.38,0.36,0.89,1.95,0.50,0.25,0.20,0.15,0.15,0.22,0.38
t=255 field hdg=267.5 enc=9658;15136 xy=-186;-690 want=118 str=2.41 l=2.00 r=-0.29 tick=591876 goal=0 here=0 d11=0.66 B=0.97,0.80,0.50,0.32,0.29,0.37,0.49,0.91,1.96,0.51,0.24,0.19,0.12,0.16,0.23,0.37
t=255 field hdg=270.8 enc=9660;15138 xy=-186;-692 want=119 str=2.46 l=2.00 r=-0.30 tick=591897 goal=0 here=0 d11=0.64 B=0.98,0.79,0.50,0.33,0.31,0.36,0.51,0.91,1.96,0.48,0.25,0.18,0.15,0.15,0.22,0.38
t=256 field hdg=269.9 enc=9658;15140 xy=-186;-692 want=119 str=2.49 l=2.00 r=-0.31 tick=591916 goal=0 here=0 d11=0.65 B=0.97,0.79,0.50,0.31,0.30,0.37,0.49,0.92,1.97,0.51,0.25,0.18,0.13,0.16,0.22,0.37
t=256 field hdg=269.0 enc=9658;15143 xy=-186;-694 want=119 str=2.38 l=2.00 r=-0.31 tick=591935 goal=0 here=0 d11=0.63 B=0.98,0.80,0.49,0.31,0.30,0.37,0.50,0.92,1.98,0.48,0.26,0.18,0.14,0.16,0.24,0.38
t=256 field hdg=270.6 enc=9658;15145 xy=-186;-695 want=119 str=2.44 l=2.00 r=-0.30 tick=591954 goal=0 here=0 d11=0.66 B=0.98,0.81,0.49,0.33,0.29,0.38,0.49,0.93,1.98,0.49,0.25,0.18,0.13,0.15,0.23,0.37
t=256 field hdg=272.0 enc=9658;15147 xy=-186;-696 want=118 str=2.45 l=2.00 r=-0.29 tick=591973 goal=0 here=0 d11=0.65 B=0.98,0.79,0.49,0.32,0.30,0.37,0.50,0.94,1.97,0.30,0.25,0.17,0.12,0.17,0.24,0.38
t=256 field hdg=271.5 enc=9658;15148 xy=-186;-696 want=119 str=2.42 l=2.00 r=-0.30 tick=591994 goal=0 here=0 d11=0.65 B=0.98,0.78,0.48,0.32,0.29,0.37,0.49,0.94,1.97,0.29,0.26,0.17,0.14,0.15,0.24,0.38
t=257 field hdg=275.6 enc=9659;15149 xy=-186;-697 want=118 str=2.32 l=2.00 r=-0.28 tick=592013 goal=0 here=0 d11=0.65 B=0.99,0.79,0.48,0.31,0.30,0.38,0.48,0.95,1.98,0.29,0.25,0.17,0.15,0.17,0.26,0.37
t=257 field hdg=270.9 enc=9658;15151 xy=-186;-698 want=117 str=2.49 l=2.00 r=-0.26 tick=592032 goal=0 here=0 d11=0.65 B=1.00,0.78,0.47,0.32,0.30,0.37,0.50,0.95,1.97,0.29,0.25,0.15,0.14,0.16,0.23,0.38
t=257 field hdg=271.8 enc=9658;15153 xy=-186;-699 want=117 str=2.39 l=2.00 r=-0.25 tick=592053 goal=0 here=0 d11=0.66 B=1.01,0.76,0.48,0.32,0.29,0.37,0.49,0.97,1.95,0.28,0.26,0.16,0.13,0.15,0.26,0.39
t=257 field hdg=274.3 enc=9658;15155 xy=-186;-700 want=116 str=2.39 l=2.00 r=-0.24 tick=592072 goal=0 here=0 d11=0.66 B=1.01,0.79,0.48,0.32,0.29,0.38,0.50,0.98,1.96,0.29,0.25,0.16,0.13,0.16,0.26,0.39
t=257 field hdg=275.9 enc=9658;15158 xy=-186;-701 want=118 str=2.34 l=2.00 r=-0.26 tick=592091 goal=0 here=0 d11=0.64 B=1.02,0.78,0.46,0.30,0.28,0.37,0.49,1.01,1.96,0.28,0.25,0.18,0.13,0.17,0.26,0.40
t=257 field hdg=269.7 enc=9659;15161 xy=-186;-703 want=118 str=2.44 l=2.00 r=-0.25 tick=592110 goal=0 here=0 d11=0.64 B=1.02,0.78,0.47,0.31,0.29,0.38,0.50,1.02,1.96,0.29,0.25,0.16,0.14,0.16,0.25,0.40
t=258 field hdg=275.2 enc=9660;15162 xy=-186;-704 want=116 str=2.44 l=2.00 r=-0.22 tick=592128 goal=0 here=0 d11=0.64 B=1.03,0.78,0.47,0.31,0.30,0.38,0.51,1.10,1.95,0.26,0.25,0.15,0.14,0.17,0.26,0.41
t=258 field hdg=277.8 enc=9659;15163 xy=-186;-704 want=113 str=2.31 l=2.00 r=-0.19 tick=592147 goal=0 here=0 d11=0.65 B=1.02,0.76,0.47,0.30,0.28,0.37,0.50,1.12,1.73,0.26,0.25,0.15,0.15,0.16,0.27,0.41
t=258 field hdg=273.7 enc=9659;15164 xy=-186;-705 want=99 str=2.09 l=2.00 r=0.01 tick=592169 goal=0 here=0 d11=0.65 B=1.04,0.76,0.47,0.31,0.27,0.37,0.52,1.14,1.14,0.26,0.26,0.16,0.14,0.17,0.27,0.40
t=258 field hdg=274.8 enc=9658;15168 xy=-186;-706 want=98 str=2.16 l=2.00 r=0.03 tick=592187 goal=0 here=0 d11=0.65 B=1.04,0.75,0.45,0.31,0.29,0.37,0.52,1.16,1.11,0.27,0.25,0.15,0.14,0.17,0.27,0.40
t=258 field hdg=277.0 enc=9660;15170 xy=-186;-708 want=98 str=2.18 l=2.00 r=0.02 tick=592206 goal=0 here=0 d11=0.65 B=1.04,0.74,0.45,0.31,0.29,0.38,0.51,1.16,1.08,0.27,0.26,0.15,0.14,0.16,0.27,0.42
t=259 field hdg=273.8 enc=9659;15170 xy=-186;-708 want=96 str=2.14 l=2.00 r=0.06 tick=592225 goal=0 here=0 d11=0.65 B=1.06,0.73,0.45,0.30,0.28,0.37,0.51,1.14,1.07,0.27,0.25,0.15,0.13,0.17,0.28,0.41
t=259 field hdg=275.4 enc=9659;15173 xy=-185;-709 want=97 str=2.01 l=2.00 r=0.05 tick=592246 goal=0 here=0 d11=0.66 B=1.06,0.73,0.45,0.32,0.28,0.38,0.51,1.16,1.06,0.26,0.27,0.17,0.15,0.17,0.29,0.42
t=259 field hdg=278.1 enc=9658;15176 xy=-185;-710 want=96 str=2.21 l=2.00 r=0.06 tick=592265 goal=0 here=0 d11=0.65 B=1.05,0.69,0.46,0.30,0.30,0.37,0.52,1.17,1.04,0.27,0.24,0.14,0.13,0.17,0.29,0.43
t=259 field hdg=277.1 enc=9659;15176 xy=-185;-711 want=93 str=2.08 l=2.00 r=0.10 tick=592289 goal=0 here=0 d11=0.66 B=1.06,0.68,0.44,0.31,0.29,0.35,0.53,1.17,0.97,0.26,0.24,0.15,0.14,0.17,0.30,0.44
t=259 field hdg=278.6 enc=9659;15180 xy=-185;-713 want=93 str=2.13 l=2.00 r=0.09 tick=592309 goal=0 here=0 d11=0.65 B=1.05,0.67,0.44,0.31,0.29,0.37,0.52,1.18,0.91,0.26,0.26,0.14,0.14,0.16,0.30,0.43
t=260 field hdg=278.6 enc=9660;15180 xy=-185;-713 want=96 str=2.00 l=2.00 r=0.05 tick=592328 goal=0 here=0 d11=0.66 B=1.03,0.64,0.45,0.30,0.28,0.37,0.52,1.19,0.89,0.27,0.26,0.17,0.15,0.16,0.30,0.45
t=260 field hdg=279.2 enc=9658;15182 xy=-185;-713 want=94 str=2.13 l=2.00 r=0.08 tick=592347 goal=0 here=0 d11=0.67 B=1.06,0.65,0.43,0.31,0.29,0.36,0.55,1.22,0.90,0.27,0.25,0.15,0.14,0.17,0.29,0.45
t=260 field hdg=274.8 enc=9658;15185 xy=-185;-715 want=95 str=2.09 l=2.00 r=0.07 tick=592366 goal=0 here=0 d11=0.67 B=1.04,0.64,0.42,0.30,0.29,0.37,0.54,1.22,0.89,0.25,0.26,0.16,0.14,0.16,0.32,0.53
t=260 field hdg=279.9 enc=9658;15186 xy=-185;-715 want=85 str=2.05 l=2.00 r=0.19 tick=592387 goal=0 here=0 d11=0.66 B=1.03,0.63,0.44,0.30,0.30,0.37,0.54,1.43,0.89,0.26,0.25,0.13,0.15,0.16,0.31,0.56
t=260 field hdg=280.6 enc=9660;15189 xy=-184;-718 want=99 str=2.24 l=2.00 r=0.00 tick=592405 goal=0 here=0 d11=0.65 B=1.04,0.61,0.42,0.31,0.30,0.36,0.55,2.02,0.88,0.26,0.24,0.15,0.15,0.16,0.30,0.59
t=261 field hdg=280.4 enc=9659;15190 xy=-184;-718 want=97 str=2.07 l=2.00 r=0.03 tick=592428 goal=0 here=0 d11=0.65 B=1.03,0.62,0.43,0.31,0.29,0.36,0.54,2.01,0.87,0.28,0.25,0.16,0.15,0.16,0.30,0.73
t=261 field hdg=280.5 enc=9659;15192 xy=-184;-719 want=95 str=2.07 l=2.00 r=0.07 tick=592449 goal=0 here=0 d11=0.65 B=1.04,0.61,0.40,0.29,0.29,0.39,0.54,2.04,0.86,0.25,0.24,0.15,0.15,0.18,0.30,0.74
t=261 field hdg=279.0 enc=9658;15196 xy=-184;-720 want=102 str=2.58 l=2.00 r=-0.03 tick=592468 goal=0 here=0 d11=0.65 B=1.04,0.61,0.41,0.30,0.31,0.36,0.56,2.04,0.86,0.26,0.23,0.13,0.15,0.19,0.31,0.74
t=261 field hdg=278.8 enc=9659;15197 xy=-184;-721 want=95 str=2.07 l=2.00 r=0.05 tick=592489 goal=0 here=0 d11=0.66 B=1.03,0.60,0.41,0.31,0.29,0.37,0.54,2.05,0.87,0.25,0.25,0.14,0.16,0.18,0.31,0.76
t=261 field hdg=283.1 enc=9660;15198 xy=-183;-722 want=96 str=2.08 l=2.00 r=0.04 tick=592509 goal=0 here=0 d11=0.66 B=1.03,0.58,0.41,0.30,0.29,0.36,0.55,2.06,0.85,0.26,0.24,0.14,0.16,0.17,0.32,0.76
t=262 field hdg=278.4 enc=9659;15201 xy=-183;-723 want=104 str=2.61 l=2.00 r=-0.08 tick=592529 goal=0 here=0 d11=0.66 B=1.02,0.57,0.41,0.29,0.30,0.35,0.56,2.05,0.85,0.27,0.24,0.13,0.14,0.18,0.31,0.75
t=262 field hdg=281.9 enc=9660;15204 xy=-183;-725 want=104 str=2.62 l=2.00 r=-0.06 tick=592549 goal=0 here=0 d11=0.66 B=1.03,0.57,0.41,0.29,0.30,0.36,0.57,2.05,0.84,0.27,0.24,0.13,0.14,0.18,0.32,0.76
t=262 field hdg=279.0 enc=9659;15205 xy=-183;-725 want=104 str=2.54 l=2.00 r=-0.09 tick=592568 goal=0 here=0 d11=0.65 B=1.00,0.58,0.39,0.29,0.29,0.36,0.57,2.05,0.84,0.27,0.23,0.14,0.16,0.17,0.32,0.76
t=262 field hdg=282.8 enc=9660;15208 xy=-182;-727 want=103 str=2.56 l=2.00 r=-0.07 tick=592587 goal=0 here=0 d11=0.66 B=1.01,0.57,0.39,0.30,0.30,0.36,0.57,2.05,0.83,0.25,0.24,0.14,0.15,0.18,0.31,0.78
t=262 field hdg=282.4 enc=9658;15207 xy=-183;-726 want=99 str=2.53 l=2.00 r=-0.02 tick=592605 goal=0 here=0 d11=0.66 B=1.01,0.56,0.39,0.31,0.29,0.37,0.58,2.05,0.66,0.27,0.24,0.13,0.15,0.19,0.33,0.79
t=263 field hdg=281.1 enc=9659;15209 xy=-182;-727 want=99 str=2.51 l=2.00 r=-0.02 tick=592624 goal=0 here=0 d11=0.67 B=1.00,0.56,0.39,0.30,0.30,0.36,0.56,2.04,0.66,0.26,0.24,0.13,0.16,0.19,0.32,0.79
t=263 field hdg=287.0 enc=9660;15211 xy=-182;-728 want=98 str=2.46 l=2.00 r=0.00 tick=592643 goal=0 here=0 d11=0.67 B=1.01,0.55,0.38,0.31,0.30,0.35,0.59,2.02,0.64,0.25,0.25,0.14,0.16,0.19,0.34,0.81
t=263 field hdg=285.4 enc=9658;15215 xy=-182;-729 want=112 str=2.42 l=2.00 r=-0.19 tick=592662 goal=0 here=0 d11=0.67 B=1.01,0.55,0.38,0.29,0.31,0.35,0.58,2.02,0.61,0.28,0.25,0.13,0.15,0.18,0.34,0.81
t=263 field hdg=280.1 enc=9660;15217 xy=-181;-731 want=109 str=2.17 l=2.00 r=-0.14 tick=592681 goal=0 here=0 d11=0.67 B=1.01,0.54,0.37,0.29,0.30,0.36,0.59,2.02,0.63,0.26,0.24,0.15,0.16,0.20,0.32,0.99
t=263 field hdg=283.2 enc=9658;15219 xy=-181;-731 want=108 str=2.24 l=2.00 r=-0.13 tick=592703 goal=0 here=0 d11=0.69 B=1.01,0.54,0.38,0.29,0.31,0.36,0.59,2.01,0.61,0.27,0.23,0.14,0.15,0.19,0.32,0.99
t=264 field hdg=282.6 enc=9660;15219 xy=-181;-732 want=108 str=2.31 l=2.00 r=-0.14 tick=592722 goal=0 here=0 d11=0.67 B=1.00,0.53,0.37,0.31,0.31,0.36,0.60,2.02,0.61,0.28,0.22,0.14,0.14,0.19,0.33,0.98
t=264 field hdg=283.6 enc=9658;15223 xy=-181;-733 want=107 str=2.32 l=2.00 r=-0.11 tick=592742 goal=0 here=0 d11=0.68 B=1.02,0.53,0.37,0.30,0.32,0.36,0.61,2.02,0.59,0.26,0.23,0.14,0.15,0.19,0.34,0.99
t=264 field hdg=286.2 enc=9659;15223 xy=-181;-734 want=107 str=2.24 l=2.00 r=-0.13 tick=592761 goal=0 here=0 d11=0.68 B=1.00,0.52,0.37,0.29,0.30,0.35,0.60,2.02,0.62,0.27,0.22,0.14,0.16,0.20,0.33,0.98
t=264 field hdg=288.5 enc=9658;15226 xy=-180;-735 want=107 str=2.26 l=2.00 r=-0.12 tick=592780 goal=0 here=0 d11=0.69 B=1.01,0.53,0.35,0.29,0.31,0.35,0.61,2.02,0.60,0.27,0.22,0.14,0.15,0.21,0.34,0.97
t=264 field hdg=286.4 enc=9659;15226 xy=-180;-735 want=106 str=2.31 l=2.00 r=-0.11 tick=592799 goal=0 here=0 d11=0.70 B=1.01,0.52,0.36,0.30,0.32,0.35,0.62,2.03,0.60,0.27,0.20,0.15,0.15,0.20,0.33,0.97
t=265 field hdg=285.6 enc=9659;15228 xy=-180;-736 want=107 str=2.23 l=2.00 r=-0.12 tick=592818 goal=0 here=0 d11=0.69 B=1.01,0.53,0.34,0.28,0.32,0.36,0.61,2.04,0.60,0.26,0.21,0.14,0.16,0.22,0.33,0.97
t=265 field hdg=288.1 enc=9660;15232 xy=-179;-739 want=106 str=2.29 l=2.00 r=-0.10 tick=592837 goal=0 here=0 d11=0.70 B=1.02,0.52,0.36,0.28,0.31,0.36,0.62,2.04,0.58,0.26,0.21,0.14,0.15,0.21,0.33,0.96
t=265 field hdg=286.7 enc=9660;15234 xy=-179;-740 want=105 str=2.36 l=2.00 r=-0.08 tick=592855 goal=0 here=0 d11=0.72 B=1.02,0.53,0.34,0.29,0.32,0.36,0.62,2.04,0.59,0.26,0.19,0.14,0.15,0.20,0.34,0.95
t=265 field hdg=289.4 enc=9658;15236 xy=-179;-740 want=106 str=2.31 l=2.00 r=-0.08 tick=592874 goal=0 here=0 d11=0.70 B=1.04,0.51,0.35,0.29,0.31,0.35,0.63,2.04,0.59,0.27,0.20,0.15,0.15,0.21,0.35,0.96
t=265 field hdg=287.4 enc=9658;15237 xy=-179;-740 want=104 str=2.25 l=2.00 r=-0.06 tick=592893 goal=0 here=0 d11=0.69 B=1.03,0.50,0.36,0.31,0.33,0.35,0.62,2.01,0.59,0.27,0.18,0.15,0.16,0.22,0.34,0.96
t=266 field hdg=289.5 enc=9659;15238 xy=-178;-741 want=105 str=2.26 l=2.00 r=-0.08 tick=592912 goal=0 here=0 d11=0.69 B=1.03,0.52,0.34,0.28,0.33,0.36,0.65,2.02,0.57,0.27,0.18,0.14,0.17,0.22,0.35,0.95
t=266 field hdg=288.8 enc=9659;15241 xy=-178;-742 want=104 str=2.26 l=2.00 r=-0.07 tick=592931 goal=0 here=0 d11=0.69 B=1.02,0.50,0.32,0.29,0.34,0.34,0.65,2.01,0.57,0.27,0.18,0.14,0.17,0.23,0.34,0.95
t=266 field hdg=286.3 enc=9660;15242 xy=-178;-743 want=104 str=2.32 l=2.00 r=-0.09 tick=592957 goal=0 here=0 d11=0.70 B=0.99,0.52,0.33,0.30,0.34,0.35,0.66,2.00,0.57,0.27,0.17,0.13,0.17,0.22,0.34,0.95
t=266 field hdg=288.2 enc=9660;15246 xy=-177;-745 want=105 str=2.26 l=2.00 r=-0.11 tick=592975 goal=0 here=0 d11=0.70 B=0.99,0.51,0.34,0.30,0.35,0.36,0.66,1.97,0.56,0.27,0.18,0.15,0.16,0.23,0.35,0.94
t=266 field hdg=286.0 enc=9660;15248 xy=-177;-746 want=104 str=2.29 l=2.00 r=-0.09 tick=592998 goal=0 here=0 d11=0.71 B=0.98,0.50,0.35,0.30,0.34,0.37,0.67,1.96,0.56,0.27,0.18,0.14,0.14,0.24,0.33,0.95
t=267 field hdg=290.6 enc=9659;15248 xy=-177;-746 want=105 str=2.29 l=2.00 r=-0.12 tick=593020 goal=0 here=0 d11=0.68 B=0.97,0.50,0.33,0.30,0.35,0.36,0.69,1.96,0.56,0.28,0.17,0.15,0.16,0.23,0.36,0.94
t=267 field hdg=286.3 enc=9660;15251 xy=-176;-748 want=92 str=2.26 l=2.00 r=0.03 tick=593043 goal=0 here=0 d11=0.70 B=0.95,0.49,0.33,0.30,0.34,0.36,0.79,1.96,0.55,0.27,0.17,0.15,0.16,0.24,0.35,0.94
t=267 field hdg=290.3 enc=9660;15254 xy=-176;-749 want=92 str=2.36 l=2.00 r=0.03 tick=593062 goal=0 here=0 d11=0.69 B=0.94,0.49,0.33,0.30,0.34,0.37,0.86,1.96,0.54,0.27,0.16,0.13,0.15,0.25,0.36,0.94
t=267 field hdg=286.3 enc=9660;15254 xy=-176;-749 want=98 str=2.34 l=2.00 r=-0.14 tick=593081 goal=0 here=0 d11=0.69 B=0.81,0.49,0.34,0.30,0.36,0.36,0.88,1.97,0.54,0.28,0.17,0.14,0.16,0.24,0.36,0.94
t=267 field hdg=290.7 enc=9659;15257 xy=-176;-750 want=98 str=2.34 l=2.00 r=-0.14 tick=593100 goal=0 here=0 d11=0.69 B=0.80,0.49,0.31,0.29,0.36,0.37,0.90,1.96,0.53,0.27,0.17,0.14,0.17,0.24,0.37,0.93
t=268 field hdg=290.5 enc=9658;15260 xy=-175;-751 want=98 str=2.31 l=2.00 r=-0.15 tick=593119 goal=0 here=0 d11=0.69 B=0.79,0.49,0.33,0.30,0.36,0.37,0.90,1.97,0.53,0.27,0.16,0.16,0.16,0.26,0.35,0.94
t=268 field hdg=290.0 enc=9659;15262 xy=-175;-752 want=99 str=2.31 l=2.00 r=-0.17 tick=593138 goal=0 here=0 d11=0.68 B=0.78,0.49,0.33,0.28,0.37,0.36,0.90,1.98,0.52,0.27,0.17,0.15,0.16,0.25,0.35,0.94
t=268 field hdg=291.9 enc=9660;15263 xy=-174;-753 want=100 str=2.32 l=2.00 r=-0.19 tick=593157 goal=0 here=0 d11=0.69 B=0.77,0.48,0.33,0.32,0.37,0.36,0.92,2.01,0.51,0.27,0.17,0.15,0.18,0.26,0.36,0.94
t=268 field hdg=292.9 enc=9659;15264 xy=-174;-753 want=98 str=2.37 l=2.00 r=-0.17 tick=593178 goal=0 here=0 d11=0.68 B=0.77,0.48,0.32,0.30,0.38,0.37,0.92,2.00,0.31,0.27,0.16,0.15,0.16,0.26,0.36,0.95
t=268 field hdg=293.6 enc=9659;15267 xy=-174;-755 want=99 str=2.33 l=2.00 r=-0.18 tick=593197 goal=0 here=0 d11=0.67 B=0.77,0.46,0.32,0.30,0.38,0.36,0.92,2.00,0.32,0.28,0.15,0.14,0.16,0.27,0.37,0.94
t=269 field hdg=292.9 enc=9660;15268 xy=-173;-756 want=99 str=2.34 l=2.00 r=-0.19 tick=593215 goal=0 here=0 d11=0.66 B=0.76,0.46,0.30,0.29,0.37,0.38,0.92,2.02,0.32,0.27,0.16,0.15,0.16,0.26,0.37,0.96
t=269 field hdg=297.8 enc=9658;15271 xy=-173;-756 want=100 str=2.28 l=2.00 r=-0.20 tick=593234 goal=0 here=0 d11=0.67 B=0.77,0.47,0.32,0.30,0.37,0.37,0.94,2.01,0.31,0.28,0.16,0.16,0.18,0.26,0.37,0.95
t=269 field hdg=292.4 enc=9660;15272 xy=-173;-757 want=98 str=2.29 l=2.00 r=-0.18 tick=593253 goal=0 here=0 d11=0.67 B=0.77,0.46,0.32,0.29,0.38,0.37,0.95,2.00,0.31,0.27,0.15,0.15,0.17,0.28,0.36,0.96
t=269 field hdg=298.1 enc=9659;15274 xy=-172;-758 want=99 str=2.31 l=2.00 r=-0.20 tick=593272 goal=0 here=0 d11=0.67 B=0.75,0.47,0.31,0.30,0.38,0.37,0.96,1.99,0.31,0.27,0.16,0.15,0.18,0.27,0.37,0.96
t=269 field hdg=293.0 enc=9659;15276 xy=-172;-759 want=99 str=2.33 l=2.00 r=-0.20 tick=593292 goal=0 here=0 d11=0.66 B=0.75,0.47,0.30,0.29,0.38,0.38,0.97,2.00,0.32,0.27,0.16,0.15,0.16,0.28,0.38,0.98
t=269 field hdg=290.3 enc=9659;15278 xy=-172;-760 want=98 str=2.29 l=2.00 r=-0.19 tick=593310 goal=0 here=0 d11=0.65 B=0.75,0.47,0.30,0.30,0.38,0.38,0.96,1.98,0.31,0.27,0.15,0.14,0.17,0.28,0.37,0.97
t=270 field hdg=292.5 enc=9658;15280 xy=-171;-760 want=99 str=2.31 l=2.00 r=-0.18 tick=593330 goal=0 here=0 d11=0.67 B=0.76,0.47,0.30,0.30,0.38,0.37,0.98,1.98,0.31,0.28,0.15,0.15,0.17,0.28,0.38,0.97
t=270 field hdg=300.5 enc=9659;15282 xy=-171;-761 want=97 str=2.34 l=2.00 r=-0.18 tick=593349 goal=0 here=0 d11=0.67 B=0.74,0.46,0.30,0.30,0.37,0.38,0.99,1.98,0.30,0.27,0.15,0.14,0.17,0.29,0.38,1.00
t=270 field hdg=294.2 enc=9658;15283 xy=-171;-761 want=97 str=2.26 l=2.00 r=-0.17 tick=593367 goal=0 here=0 d11=0.64 B=0.74,0.45,0.30,0.30,0.37,0.38,0.99,1.97,0.30,0.26,0.16,0.15,0.16,0.29,0.39,1.02
t=270 field hdg=295.0 enc=9660;15285 xy=-170;-763 want=100 str=2.20 l=2.00 r=-0.22 tick=593386 goal=0 here=0 d11=0.64 B=0.74,0.46,0.30,0.28,0.38,0.38,1.00,1.99,0.30,0.28,0.16,0.15,0.18,0.29,0.39,1.01
t=270 field hdg=296.1 enc=9659;15287 xy=-170;-764 want=97 str=2.24 l=2.00 r=-0.17 tick=593405 goal=0 here=0 d11=0.66 B=0.74,0.45,0.31,0.29,0.38,0.44,1.02,1.95,0.30,0.26,0.15,0.15,0.18,0.30,0.39,1.01
t=271 field hdg=297.6 enc=9660;15288 xy=-169;-765 want=89 str=1.98 l=2.00 r=-0.08 tick=593423 goal=0 here=0 d11=0.66 B=0.74,0.46,0.28,0.28,0.38,0.51,1.03,1.56,0.30,0.26,0.16,0.15,0.18,0.29,0.41,1.01
t=271 field hdg=295.9 enc=9660;15292 xy=-168;-766 want=80 str=2.06 l=2.00 r=0.05 tick=593442 goal=0 here=0 d11=0.65 B=0.74,0.46,0.29,0.29,0.39,0.51,1.06,1.29,0.29,0.26,0.14,0.15,0.18,0.29,0.40,0.99
t=271 field hdg=296.1 enc=9659;15294 xy=-168;-767 want=78 str=1.97 l=2.00 r=0.07 tick=593461 goal=0 here=0 d11=0.63 B=0.73,0.44,0.30,0.30,0.39,0.53,1.14,1.13,0.29,0.27,0.15,0.17,0.18,0.30,0.41,1.01
t=271 field hdg=295.6 enc=9659;15295 xy=-168;-767 want=81 str=1.92 l=2.00 r=0.02 tick=593480 goal=0 here=0 d11=0.65 B=0.71,0.45,0.30,0.28,0.37,0.51,1.15,1.12,0.29,0.28,0.16,0.15,0.18,0.29,0.42,1.02
t=271 field hdg=295.3 enc=9658;15295 xy=-168;-767 want=79 str=2.01 l=2.00 r=0.05 tick=593499 goal=0 here=0 d11=0.65 B=0.73,0.44,0.30,0.29,0.39,0.52,1.17,1.10,0.29,0.27,0.16,0.15,0.18,0.28,0.44,1.03
t=272 field hdg=297.0 enc=9659;15297 xy=-167;-768 want=78 str=1.98 l=2.00 r=0.05 tick=593519 goal=0 here=0 d11=0.63 B=0.71,0.44,0.29,0.30,0.37,0.52,1.17,1.10,0.29,0.26,0.14,0.16,0.18,0.30,0.46,1.02
t=272 field hdg=297.7 enc=9660;15299 xy=-167;-769 want=81 str=1.97 l=2.00 r=0.01 tick=593538 goal=0 here=0 d11=0.64 B=0.70,0.44,0.30,0.30,0.37,0.52,1.19,1.09,0.29,0.28,0.15,0.16,0.19,0.29,0.54,1.02
t=272 field hdg=299.1 enc=9658;15301 xy=-167;-769 want=81 str=1.92 l=2.00 r=-0.01 tick=593557 goal=0 here=0 d11=0.65 B=0.67,0.43,0.29,0.28,0.38,0.52,1.20,1.06,0.29,0.27,0.16,0.15,0.18,0.30,0.54,1.01
t=272 field hdg=298.8 enc=9658;15303 xy=-166;-770 want=61 str=1.72 l=1.87 r=0.23 tick=593576 goal=0 here=0 d11=0.65 B=0.65,0.43,0.30,0.30,0.38,0.53,1.19,0.98,0.29,0.26,0.16,0.16,0.19,0.29,0.56,1.01
t=272 field hdg=298.2 enc=9659;15304 xy=-166;-771 want=61 str=1.66 l=1.86 r=0.24 tick=593597 goal=0 here=0 d11=0.64 B=0.65,0.41,0.30,0.28,0.39,0.53,1.20,0.96,0.29,0.26,0.15,0.16,0.19,0.29,0.56,1.02
t=273 field hdg=297.7 enc=9660;15307 xy=-165;-773 want=54 str=1.63 l=1.76 r=0.33 tick=593616 goal=0 here=0 d11=0.64 B=0.64,0.43,0.29,0.28,0.37,0.55,1.20,0.93,0.29,0.26,0.14,0.16,0.19,0.31,0.72,1.02
t=273 field hdg=302.8 enc=9659;15306 xy=-165;-772 want=56 str=1.67 l=1.79 r=0.30 tick=593635 goal=0 here=0 d11=0.64 B=0.64,0.42,0.30,0.28,0.38,0.54,1.22,0.94,0.28,0.28,0.15,0.15,0.19,0.31,0.70,1.02
t=273 field hdg=301.9 enc=9660;15308 xy=-164;-773 want=54 str=1.67 l=1.76 r=0.33 tick=593654 goal=0 here=0 d11=0.63 B=0.64,0.43,0.31,0.29,0.37,0.53,1.22,0.92,0.28,0.27,0.14,0.16,0.20,0.30,0.71,1.02
t=273 field hdg=301.7 enc=9659;15308 xy=-165;-773 want=55 str=1.58 l=1.78 r=0.30 tick=593673 goal=0 here=0 d11=0.66 B=0.62,0.41,0.29,0.29,0.37,0.52,1.21,0.93,0.29,0.27,0.16,0.17,0.20,0.31,0.72,1.01
t=273 field hdg=299.2 enc=9660;15310 xy=-164;-774 want=55 str=1.67 l=1.76 r=0.31 tick=593704 goal=0 here=0 d11=0.66 B=0.62,0.42,0.30,0.28,0.37,0.53,1.23,0.92,0.27,0.27,0.14,0.16,0.18,0.31,0.73,1.01
t=274 field hdg=305.0 enc=9659;15311 xy=-164;-774 want=55 str=1.59 l=1.76 r=0.29 tick=593724 goal=0 here=0 d11=0.64 B=0.61,0.41,0.28,0.28,0.38,0.53,1.23,0.93,0.29,0.26,0.15,0.16,0.20,0.30,0.72,1.01
t=274 field hdg=300.3 enc=9660;15312 xy=-163;-775 want=56 str=1.64 l=1.77 r=0.28 tick=593743 goal=0 here=0 d11=0.63 B=0.61,0.42,0.29,0.28,0.38,0.53,1.26,0.92,0.29,0.25,0.15,0.16,0.19,0.32,0.73,1.02
t=274 field hdg=301.1 enc=9658;15313 xy=-164;-775 want=57 str=1.68 l=1.79 r=0.27 tick=593761 goal=0 here=0 d11=0.64 B=0.61,0.41,0.29,0.30,0.39,0.53,1.27,0.91,0.30,0.26,0.14,0.16,0.19,0.31,0.72,1.01
t=274 field hdg=303.8 enc=9660;15315 xy=-163;-776 want=63 str=1.61 l=1.86 r=0.19 tick=593780 goal=0 here=0 d11=0.63 B=0.61,0.41,0.28,0.29,0.39,0.53,1.46,0.90,0.29,0.27,0.15,0.17,0.20,0.32,0.73,1.02
t=274 field hdg=305.0 enc=9659;15316 xy=-163;-776 want=64 str=1.66 l=1.88 r=0.17 tick=593799 goal=0 here=0 d11=0.64 B=0.60,0.41,0.30,0.28,0.38,0.53,1.45,0.91,0.29,0.27,0.16,0.15,0.19,0.32,0.72,1.00
t=275 field hdg=300.7 enc=9660;15316 xy=-162;-777 want=80 str=1.94 l=2.00 r=-0.06 tick=593818 goal=0 here=0 d11=0.64 B=0.59,0.41,0.28,0.28,0.39,0.54,2.05,0.91,0.29,0.26,0.15,0.15,0.20,0.32,0.73,1.00
t=275 field hdg=301.6 enc=9659;15317 xy=-162;-777 want=82 str=1.80 l=2.00 r=-0.07 tick=593837 goal=0 here=0 d11=0.65 B=0.59,0.41,0.27,0.29,0.39,0.55,2.05,0.90,0.29,0.27,0.16,0.16,0.21,0.31,0.73,1.01
t=275 field hdg=302.0 enc=9659;15319 xy=-162;-778 want=82 str=1.87 l=2.00 r=-0.08 tick=593856 goal=0 here=0 d11=0.64 B=0.58,0.40,0.28,0.28,0.38,0.54,2.06,0.90,0.28,0.27,0.15,0.16,0.19,0.31,0.74,1.00
t=275 field hdg=302.2 enc=9660;15321 xy=-161;-779 want=87 str=2.42 l=2.00 r=-0.15 tick=593875 goal=0 here=0 d11=0.64 B=0.58,0.39,0.29,0.29,0.37,0.55,2.07,0.90,0.29,0.26,0.15,0.15,0.21,0.32,0.75,1.00
t=275 field hdg=304.1 enc=9660;15324 xy=-160;-780 want=80 str=1.86 l=2.00 r=-0.08 tick=593898 goal=0 here=0 d11=0.65 B=0.55,0.40,0.29,0.28,0.39,0.55,2.06,0.89,0.29,0.25,0.15,0.17,0.20,0.31,0.75,1.00
t=276 field hdg=300.7 enc=9660;15327 xy=-159;-781 want=87 str=2.37 l=2.00 r=-0.17 tick=593917 goal=0 here=0 d11=0.65 B=0.56,0.41,0.29,0.28,0.39,0.55,2.06,0.88,0.29,0.26,0.14,0.16,0.20,0.30,0.75,0.99
t=276 field hdg=304.8 enc=9659;15327 xy=-160;-781 want=102 str=2.41 l=2.00 r=-0.38 tick=593936 goal=0 here=0 d11=0.64 B=0.55,0.40,0.29,0.29,0.39,0.56,2.08,0.88,0.30,0.24,0.17,0.17,0.20,0.32,0.75,0.98
t=276 field hdg=302.4 enc=9660;15329 xy=-159;-782 want=96 str=1.82 l=2.00 r=-0.30 tick=593954 goal=0 here=0 d11=0.66 B=0.55,0.38,0.28,0.28,0.38,0.55,2.08,0.86,0.29,0.24,0.15,0.16,0.22,0.32,0.77,0.99
t=276 field hdg=305.9 enc=9660;15332 xy=-158;-784 want=99 str=2.35 l=2.00 r=-0.34 tick=593973 goal=0 here=0 d11=0.63 B=0.54,0.38,0.29,0.28,0.37,0.56,2.06,0.87,0.28,0.24,0.15,0.16,0.22,0.33,0.78,0.98
t=276 field hdg=301.9 enc=9658;15334 xy=-158;-784 want=99 str=2.36 l=2.00 r=-0.35 tick=593992 goal=0 here=0 d11=0.65 B=0.54,0.38,0.29,0.28,0.38,0.56,2.08,0.86,0.29,0.23,0.15,0.16,0.22,0.34,0.79,0.98
t=277 field hdg=308.4 enc=9660;15335 xy=-157;-785 want=94 str=2.18 l=2.00 r=-0.28 tick=594011 goal=0 here=0 d11=0.65 B=0.53,0.38,0.27,0.28,0.36,0.57,2.07,0.77,0.29,0.21,0.15,0.16,0.21,0.32,0.96,0.97
t=277 field hdg=306.5 enc=9660;15338 xy=-156;-786 want=90 str=2.13 l=2.00 r=-0.23 tick=594030 goal=0 here=0 d11=0.64 B=0.52,0.39,0.29,0.27,0.39,0.58,2.05,0.68,0.29,0.21,0.14,0.16,0.23,0.32,0.97,0.97
t=277 field hdg=302.2 enc=9659;15338 xy=-156;-786 want=91 str=2.11 l=2.00 r=-0.25 tick=594050 goal=0 here=0 d11=0.64 B=0.51,0.36,0.28,0.28,0.37,0.57,2.05,0.67,0.29,0.20,0.17,0.16,0.22,0.32,0.97,0.97
t=277 field hdg=306.2 enc=9659;15341 xy=-156;-787 want=89 str=2.10 l=2.00 r=-0.23 tick=594069 goal=0 here=0 d11=0.64 B=0.52,0.37,0.29,0.28,0.38,0.57,2.04,0.66,0.30,0.21,0.15,0.16,0.23,0.33,0.98,0.98
t=277 field hdg=304.6 enc=9659;15344 xy=-155;-788 want=91 str=2.10 l=2.00 r=-0.25 tick=594088 goal=0 here=0 d11=0.64 B=0.52,0.37,0.28,0.29,0.36,0.58,2.05,0.64,0.30,0.20,0.17,0.16,0.23,0.34,0.95,0.97
t=277 field hdg=304.6 enc=9660;15346 xy=-154;-789 want=90 str=2.08 l=2.00 r=-0.24 tick=594109 goal=0 here=0 d11=0.65 B=0.51,0.38,0.28,0.28,0.37,0.57,2.04,0.66,0.29,0.20,0.17,0.14,0.23,0.32,0.96,0.98
t=278 field hdg=306.5 enc=9658;15346 xy=-154;-788 want=89 str=2.07 l=2.00 r=-0.24 tick=594128 goal=0 here=0 d11=0.63 B=0.50,0.35,0.28,0.27,0.38,0.60,2.04,0.64,0.30,0.19,0.15,0.17,0.23,0.34,0.97,0.98
t=278 field hdg=309.9 enc=9660;15348 xy=-153;-790 want=89 str=2.04 l=2.00 r=-0.24 tick=594147 goal=0 here=0 d11=0.66 B=0.50,0.37,0.28,0.28,0.39,0.60,2.05,0.64,0.28,0.19,0.17,0.17,0.25,0.32,0.94,0.97
t=278 field hdg=307.4 enc=9659;15350 xy=-153;-790 want=89 str=2.09 l=2.00 r=-0.24 tick=594167 goal=0 here=0 d11=0.65 B=0.51,0.36,0.28,0.30,0.37,0.59,2.05,0.64,0.30,0.18,0.17,0.17,0.24,0.33,0.95,0.98
t=278 field hdg=308.7 enc=9659;15351 xy=-153;-791 want=90 str=2.03 l=2.00 r=-0.26 tick=594186 goal=0 here=0 d11=0.64 B=0.50,0.35,0.28,0.28,0.39,0.59,2.05,0.63,0.30,0.20,0.15,0.18,0.25,0.33,0.94,0.98
t=278 field hdg=309.6 enc=9658;15353 xy=-152;-791 want=91 str=2.15 l=2.00 r=-0.26 tick=594205 goal=0 here=0 d11=0.65 B=0.49,0.37,0.27,0.30,0.37,0.61,2.07,0.63,0.31,0.19,0.15,0.18,0.23,0.34,0.93,0.98
t=279 field hdg=309.4 enc=9660;15357 xy=-150;-793 want=92 str=2.02 l=2.00 r=-0.27 tick=594225 goal=0 here=0 d11=0.64 B=0.50,0.35,0.28,0.28,0.37,0.61,2.07,0.61,0.30,0.20,0.17,0.18,0.24,0.34,0.94,0.99
t=279 field hdg=308.5 enc=9658;15358 xy=-151;-793 want=89 str=2.10 l=2.00 r=-0.25 tick=594244 goal=0 here=0 d11=0.66 B=0.48,0.35,0.28,0.28,0.37,0.62,2.05,0.63,0.31,0.18,0.16,0.16,0.25,0.33,0.92,0.99
t=279 field hdg=308.7 enc=9660;15361 xy=-149;-795 want=90 str=2.11 l=2.00 r=-0.26 tick=594264 goal=0 here=0 d11=0.64 B=0.49,0.34,0.28,0.29,0.37,0.62,2.07,0.63,0.30,0.19,0.17,0.15,0.25,0.34,0.92,0.99
t=279 field hdg=310.7 enc=9659;15363 xy=-149;-795 want=90 str=2.00 l=2.00 r=-0.27 tick=594286 goal=0 here=0 d11=0.64 B=0.48,0.34,0.27,0.29,0.36,0.62,2.04,0.61,0.30,0.18,0.17,0.17,0.26,0.33,0.91,1.00
t=279 field hdg=311.0 enc=9660;15364 xy=-148;-796 want=92 str=1.99 l=2.00 r=-0.28 tick=594305 goal=0 here=0 d11=0.67 B=0.49,0.33,0.28,0.29,0.37,0.62,2.05,0.62,0.30,0.18,0.17,0.19,0.26,0.35,0.91,0.98
t=280 field hdg=314.9 enc=9658;15366 xy=-148;-796 want=92 str=1.99 l=2.00 r=-0.29 tick=594325 goal=0 here=0 d11=0.65 B=0.47,0.35,0.27,0.29,0.37,0.63,2.04,0.61,0.30,0.19,0.17,0.18,0.27,0.34,0.91,0.96
t=280 field hdg=313.3 enc=9658;15370 xy=-147;-798 want=90 str=2.04 l=2.00 r=-0.27 tick=594353 goal=0 here=0 d11=0.66 B=0.47,0.34,0.28,0.29,0.37,0.64,2.02,0.61,0.30,0.18,0.16,0.17,0.28,0.34,0.91,0.94
t=280 field hdg=311.3 enc=9659;15372 xy=-146;-799 want=89 str=2.08 l=2.00 r=-0.27 tick=594380 goal=0 here=0 d11=0.65 B=0.47,0.33,0.29,0.31,0.37,0.64,2.01,0.59,0.30,0.18,0.18,0.17,0.26,0.34,0.91,0.93
t=280 field hdg=308.7 enc=9659;15374 xy=-145;-799 want=88 str=2.04 l=2.00 r=-0.25 tick=594398 goal=0 here=0 d11=0.64 B=0.46,0.33,0.28,0.30,0.38,0.65,1.98,0.59,0.30,0.17,0.16,0.17,0.28,0.35,0.91,0.94
t=281 field hdg=309.2 enc=9659;15376 xy=-144;-800 want=88 str=2.03 l=2.00 r=-0.25 tick=594417 goal=0 here=0 d11=0.64 B=0.47,0.31,0.29,0.29,0.37,0.65,1.99,0.58,0.29,0.18,0.17,0.18,0.27,0.34,0.91,0.93
t=281 field hdg=311.7 enc=9658;15378 xy=-144;-801 want=94 str=2.03 l=2.00 r=-0.30 tick=594437 goal=0 here=0 d11=0.62 B=0.49,0.31,0.28,0.29,0.36,0.65,1.99,0.57,0.31,0.17,0.18,0.18,0.28,0.36,0.92,0.77
t=281 field hdg=315.2 enc=9659;15379 xy=-143;-801 want=94 str=2.05 l=2.00 r=-0.35 tick=594456 goal=0 here=0 d11=0.63 B=0.45,0.31,0.27,0.31,0.38,0.67,1.99,0.59,0.30,0.18,0.18,0.18,0.28,0.37,0.92,0.78
t=281 field hdg=314.6 enc=9660;15382 xy=-142;-803 want=95 str=1.96 l=2.00 r=-0.35 tick=594475 goal=0 here=0 d11=0.63 B=0.45,0.31,0.27,0.29,0.37,0.67,1.99,0.57,0.30,0.17,0.17,0.20,0.28,0.36,0.92,0.76
t=281 field hdg=313.4 enc=9659;15384 xy=-142;-803 want=94 str=2.06 l=2.00 r=-0.34 tick=594494 goal=0 here=0 d11=0.65 B=0.44,0.31,0.27,0.30,0.37,0.69,1.98,0.57,0.31,0.18,0.17,0.18,0.28,0.37,0.92,0.76
t=282 field hdg=317.4 enc=9660;15384 xy=-141;-803 want=95 str=2.05 l=2.00 r=-0.34 tick=594513 goal=0 here=0 d11=0.64 B=0.46,0.31,0.27,0.30,0.37,0.69,2.00,0.56,0.31,0.18,0.16,0.20,0.28,0.36,0.93,0.75
t=282 field hdg=314.0 enc=9660;15387 xy=-140;-805 want=94 str=2.08 l=2.00 r=-0.33 tick=594532 goal=0 here=0 d11=0.62 B=0.46,0.32,0.27,0.32,0.37,0.70,2.01,0.56,0.30,0.16,0.16,0.19,0.29,0.36,0.92,0.74
t=282 field hdg=314.8 enc=9659;15387 xy=-141;-804 want=96 str=2.31 l=2.00 r=-0.36 tick=594551 goal=0 here=0 d11=0.62 B=0.46,0.31,0.28,0.32,0.36,0.89,2.01,0.56,0.30,0.17,0.17,0.19,0.27,0.37,0.92,0.74
t=282 field hdg=318.2 enc=9659;15390 xy=-140;-805 want=95 str=2.28 l=2.00 r=-0.35 tick=594570 goal=0 here=0 d11=0.64 B=0.45,0.32,0.28,0.30,0.36,0.89,2.03,0.55,0.31,0.16,0.17,0.18,0.29,0.39,0.94,0.74
t=282 field hdg=315.3 enc=9658;15391 xy=-140;-805 want=98 str=2.19 l=2.00 r=-0.39 tick=594589 goal=0 here=0 d11=0.63 B=0.45,0.30,0.27,0.31,0.37,0.91,2.02,0.55,0.30,0.18,0.18,0.21,0.29,0.38,0.94,0.73
t=282 field hdg=316.1 enc=9659;15394 xy=-138;-807 want=82 str=2.07 l=2.00 r=-0.19 tick=594610 goal=0 here=0 d11=0.63 B=0.44,0.30,0.27,0.30,0.37,0.92,2.03,0.45,0.31,0.16,0.17,0.20,0.28,0.38,0.95,0.72
t=283 field hdg=316.3 enc=9660;15396 xy=-137;-808 want=81 str=2.05 l=2.00 r=-0.17 tick=594631 goal=0 here=0 d11=0.62 B=0.45,0.31,0.27,0.30,0.37,0.92,2.03,0.36,0.30,0.16,0.17,0.19,0.31,0.39,0.95,0.73
t=283 field hdg=316.7 enc=9660;15396 xy=-137;-808 want=83 str=2.00 l=2.00 r=-0.20 tick=594652 goal=0 here=0 d11=0.61 B=0.44,0.30,0.26,0.31,0.35,0.94,2.03,0.34,0.31,0.17,0.16,0.20,0.30,0.39,0.97,0.73
t=283 field hdg=318.6 enc=9658;15399 xy=-137;-808 want=83 str=2.01 l=2.00 r=-0.21 tick=594671 goal=0 here=0 d11=0.62 B=0.44,0.30,0.27,0.30,0.37,0.94,2.03,0.36,0.31,0.17,0.17,0.20,0.31,0.40,0.96,0.72
t=283 field hdg=314.7 enc=9660;15400 xy=-136;-809 want=83 str=2.08 l=2.00 r=-0.20 tick=594690 goal=0 here=0 d11=0.61 B=0.43,0.30,0.28,0.32,0.37,0.96,2.03,0.36,0.31,0.17,0.17,0.20,0.29,0.41,0.97,0.73
t=283 field hdg=315.0 enc=9658;15403 xy=-135;-809 want=84 str=2.00 l=2.00 r=-0.22 tick=594709 goal=0 here=0 d11=0.61 B=0.44,0.29,0.27,0.34,0.36,0.95,2.02,0.35,0.31,0.17,0.17,0.21,0.29,0.42,0.97,0.71
t=284 field hdg=317.8 enc=9660;15406 xy=-133;-811 want=84 str=1.99 l=2.00 r=-0.23 tick=594728 goal=0 here=0 d11=0.61 B=0.42,0.28,0.27,0.32,0.36,0.96,2.02,0.34,0.29,0.18,0.17,0.20,0.29,0.42,0.99,0.71
t=284 field hdg=318.3 enc=9660;15407 xy=-133;-811 want=83 str=2.01 l=2.00 r=-0.20 tick=594749 goal=0 here=0 d11=0.60 B=0.44,0.29,0.27,0.33,0.36,0.97,2.00,0.34,0.30,0.17,0.17,0.20,0.30,0.44,0.98,0.71
t=284 field hdg=315.5 enc=9658;15410 xy=-133;-812 want=82 str=2.02 l=1.99 r=-0.19 tick=594768 goal=0 here=0 d11=0.61 B=0.43,0.30,0.27,0.33,0.36,0.97,2.01,0.34,0.30,0.17,0.17,0.20,0.30,0.48,0.99,0.71
t=284 field hdg=317.8 enc=9658;15409 xy=-133;-811 want=83 str=2.02 l=2.00 r=-0.21 tick=594787 goal=0 here=0 d11=0.61 B=0.42,0.29,0.28,0.32,0.36,0.99,2.02,0.34,0.30,0.16,0.16,0.22,0.31,0.48,0.99,0.70
t=284 field hdg=318.8 enc=9658;15410 xy=-133;-812 want=84 str=1.95 l=2.00 r=-0.22 tick=594809 goal=0 here=0 d11=0.60 B=0.42,0.29,0.26,0.34,0.36,0.98,2.01,0.34,0.31,0.17,0.17,0.21,0.30,0.50,0.99,0.71
t=285 field hdg=318.3 enc=9660;15413 xy=-131;-813 want=85 str=1.94 l=2.00 r=-0.23 tick=594828 goal=0 here=0 d11=0.61 B=0.44,0.29,0.27,0.34,0.38,1.01,2.00,0.35,0.31,0.18,0.18,0.21,0.31,0.53,1.00,0.72
t=285 field hdg=320.1 enc=9659;15415 xy=-130;-814 want=86 str=1.90 l=2.00 r=-0.25 tick=594847 goal=0 here=0 d11=0.61 B=0.43,0.27,0.27,0.35,0.38,0.99,2.01,0.34,0.29,0.17,0.18,0.22,0.32,0.53,1.00,0.70
t=285 field hdg=317.9 enc=9660;15417 xy=-129;-815 want=74 str=1.75 l=1.87 r=-0.09 tick=594868 goal=0 here=0 d11=0.61 B=0.42,0.29,0.28,0.35,0.37,1.00,1.61,0.34,0.29,0.17,0.18,0.21,0.31,0.55,1.01,0.69
t=285 field hdg=323.8 enc=9658;15419 xy=-129;-815 want=54 str=1.30 l=1.61 r=0.17 tick=594887 goal=0 here=0 d11=0.61 B=0.41,0.28,0.27,0.36,0.38,1.02,1.57,0.33,0.30,0.16,0.17,0.21,0.31,0.69,1.00,0.68
t=285 field hdg=316.8 enc=9659;15418 xy=-129;-815 want=51 str=1.28 l=1.57 r=0.22 tick=594906 goal=0 here=0 d11=0.61 B=0.42,0.29,0.26,0.36,0.38,1.03,1.47,0.33,0.29,0.18,0.17,0.20,0.31,0.69,1.00,0.68
t=286 field hdg=318.1 enc=9660;15419 xy=-129;-815 want=48 str=1.24 l=1.54 r=0.26 tick=594927 goal=0 here=0 d11=0.62 B=0.43,0.28,0.28,0.36,0.37,1.03,1.42,0.33,0.29,0.18,0.17,0.22,0.31,0.68,1.01,0.67
t=286 field hdg=319.2 enc=9659;15421 xy=-128;-816 want=39 str=1.15 l=1.41 r=0.38 tick=594945 goal=0 here=0 d11=0.62 B=0.42,0.27,0.26,0.36,0.37,1.05,1.19,0.33,0.29,0.18,0.18,0.22,0.31,0.69,0.99,0.67
t=286 field hdg=321.3 enc=9659;15421 xy=-128;-816 want=37 str=1.34 l=1.39 r=0.40 tick=594964 goal=0 here=0 d11=0.61 B=0.43,0.29,0.29,0.36,0.38,1.06,1.17,0.31,0.29,0.17,0.17,0.21,0.31,0.70,1.00,0.67
t=286 field hdg=321.5 enc=9660;15423 xy=-127;-817 want=38 str=1.24 l=1.39 r=0.38 tick=594983 goal=0 here=0 d11=0.61 B=0.41,0.29,0.27,0.36,0.37,1.06,1.17,0.33,0.29,0.17,0.17,0.22,0.31,0.69,0.98,0.67
t=286 field hdg=319.6 enc=9659;15423 xy=-127;-816 want=36 str=1.10 l=1.37 r=0.40 tick=595002 goal=0 here=0 d11=0.61 B=0.41,0.27,0.27,0.38,0.38,1.07,1.14,0.35,0.29,0.19,0.19,0.23,0.31,0.70,1.00,0.65
t=287 field hdg=320.6 enc=9659;15423 xy=-127;-816 want=45 str=1.27 l=1.49 r=0.29 tick=595021 goal=0 here=0 d11=0.60 B=0.41,0.28,0.28,0.37,0.39,1.16,1.13,0.33,0.30,0.19,0.17,0.21,0.31,0.70,0.98,0.63
t=287 field hdg=322.0 enc=9659;15425 xy=-127;-817 want=43 str=1.25 l=1.46 r=0.31 tick=595040 goal=0 here=0 d11=0.62 B=0.41,0.28,0.27,0.37,0.38,1.17,1.13,0.33,0.28,0.18,0.18,0.21,0.30,0.70,0.99,0.62
t=287 field hdg=317.5 enc=9659;15426 xy=-126;-817 want=44 str=1.25 l=1.47 r=0.30 tick=595059 goal=0 here=0 d11=0.62 B=0.41,0.28,0.28,0.37,0.38,1.18,1.14,0.32,0.29,0.18,0.18,0.21,0.31,0.71,1.00,0.61
t=287 STUCK mv=9 want=44
t=290 field hdg=305.5 enc=9695;15380 xy=-126;-817 want=96 str=1.92 l=2.00 r=-0.33 tick=595388 goal=0 here=0 d11=0.55 B=0.50,0.34,0.27,0.27,0.38,0.57,2.06,0.68,0.32,0.21,0.18,0.17,0.26,0.34,0.93,0.97
t=290 field hdg=306.2 enc=9694;15383 xy=-126;-818 want=96 str=1.87 l=2.00 r=-0.35 tick=595406 goal=0 here=0 d11=0.57 B=0.47,0.35,0.26,0.27,0.39,0.56,2.06,0.67,0.31,0.20,0.18,0.18,0.26,0.35,0.92,0.96
t=291 field hdg=304.8 enc=9695;15386 xy=-124;-820 want=95 str=1.84 l=2.00 r=-0.33 tick=595428 goal=0 here=0 d11=0.57 B=0.48,0.36,0.27,0.27,0.37,0.58,2.05,0.67,0.32,0.21,0.16,0.19,0.28,0.34,0.93,0.97
t=291 field hdg=309.0 enc=9693;15388 xy=-124;-820 want=97 str=1.83 l=2.00 r=-0.35 tick=595457 goal=0 here=0 d11=0.58 B=0.48,0.34,0.26,0.26,0.38,0.59,2.07,0.65,0.30,0.20,0.18,0.18,0.27,0.35,0.92,0.97
t=291 field hdg=310.8 enc=9693;15390 xy=-124;-820 want=95 str=1.87 l=2.00 r=-0.33 tick=595475 goal=0 here=0 d11=0.56 B=0.48,0.34,0.27,0.27,0.38,0.60,2.07,0.64,0.31,0.21,0.18,0.19,0.27,0.34,0.93,0.98
t=291 field hdg=305.3 enc=9695;15391 xy=-123;-822 want=93 str=1.93 l=2.00 r=-0.32 tick=595494 goal=0 here=0 d11=0.56 B=0.47,0.32,0.28,0.26,0.39,0.59,2.07,0.65,0.30,0.19,0.17,0.18,0.26,0.35,0.91,0.99
t=292 field hdg=310.4 enc=9693;15393 xy=-123;-822 want=96 str=1.79 l=2.00 r=-0.35 tick=595514 goal=0 here=0 d11=0.57 B=0.47,0.34,0.27,0.27,0.37,0.60,2.08,0.64,0.31,0.20,0.18,0.19,0.29,0.35,0.91,0.99
t=292 field hdg=310.6 enc=9694;15394 xy=-122;-822 want=93 str=1.94 l=2.00 r=-0.32 tick=595533 goal=0 here=0 d11=0.57 B=0.46,0.35,0.27,0.28,0.38,0.60,2.08,0.64,0.32,0.20,0.16,0.19,0.27,0.35,0.92,0.99
t=292 field hdg=310.5 enc=9693;15398 xy=-121;-823 want=97 str=1.90 l=2.00 r=-0.37 tick=595552 goal=0 here=0 d11=0.58 B=0.45,0.34,0.26,0.27,0.37,0.60,2.09,0.64,0.32,0.21,0.17,0.18,0.28,0.36,0.91,0.95
t=292 field hdg=310.2 enc=9694;15399 xy=-121;-824 want=96 str=1.92 l=2.00 r=-0.35 tick=595576 goal=0 here=0 d11=0.56 B=0.47,0.34,0.27,0.28,0.37,0.61,2.07,0.63,0.31,0.19,0.18,0.18,0.27,0.34,0.91,0.94
t=292 field hdg=311.6 enc=9695;15401 xy=-120;-825 want=98 str=1.82 l=2.00 r=-0.39 tick=595595 goal=0 here=0 d11=0.58 B=0.45,0.34,0.27,0.26,0.36,0.61,2.06,0.64,0.30,0.19,0.18,0.21,0.27,0.34,0.91,0.91
t=293 field hdg=310.7 enc=9694;15403 xy=-119;-826 want=97 str=1.84 l=2.00 r=-0.36 tick=595615 goal=0 here=0 d11=0.57 B=0.47,0.33,0.25,0.28,0.36,0.63,2.06,0.62,0.31,0.18,0.18,0.19,0.30,0.35,0.90,0.92
t=293 field hdg=310.5 enc=9695;15405 xy=-118;-827 want=97 str=1.82 l=2.00 r=-0.37 tick=595634 goal=0 here=0 d11=0.57 B=0.46,0.32,0.27,0.27,0.38,0.63,2.04,0.62,0.31,0.19,0.19,0.20,0.30,0.36,0.89,0.91
t=293 field hdg=311.8 enc=9693;15407 xy=-118;-827 want=96 str=1.81 l=2.00 r=-0.36 tick=595653 goal=0 here=0 d11=0.58 B=0.46,0.32,0.26,0.27,0.37,0.63,2.04,0.61,0.30,0.18,0.17,0.19,0.29,0.35,0.91,0.89
t=293 field hdg=311.6 enc=9694;15408 xy=-118;-828 want=99 str=1.97 l=2.00 r=-0.40 tick=595672 goal=0 here=0 d11=0.57 B=0.46,0.32,0.26,0.29,0.36,0.64,2.00,0.62,0.32,0.19,0.17,0.20,0.27,0.36,0.90,0.76
t=293 field hdg=310.9 enc=9695;15412 xy=-116;-830 want=99 str=1.83 l=2.00 r=-0.41 tick=595691 goal=0 here=0 d11=0.57 B=0.45,0.30,0.26,0.26,0.37,0.63,1.99,0.61,0.31,0.18,0.18,0.19,0.30,0.36,0.91,0.75
t=294 field hdg=314.7 enc=9694;15413 xy=-116;-830 want=101 str=1.85 l=2.00 r=-0.43 tick=595714 goal=0 here=0 d11=0.58 B=0.45,0.31,0.26,0.27,0.37,0.64,2.00,0.61,0.32,0.18,0.19,0.21,0.28,0.35,0.92,0.74
t=294 field hdg=311.9 enc=9695;15415 xy=-115;-831 want=100 str=1.90 l=2.00 r=-0.41 tick=595733 goal=0 here=0 d11=0.57 B=0.45,0.31,0.26,0.29,0.37,0.64,2.00,0.60,0.32,0.19,0.17,0.19,0.29,0.37,0.91,0.73
t=294 field hdg=315.9 enc=9694;15416 xy=-115;-831 want=99 str=1.89 l=2.00 r=-0.41 tick=595753 goal=0 here=0 d11=0.58 B=0.44,0.31,0.26,0.28,0.38,0.65,2.00,0.59,0.32,0.19,0.17,0.20,0.29,0.38,0.91,0.75
t=294 field hdg=315.9 enc=9694;15420 xy=-114;-832 want=98 str=1.88 l=2.00 r=-0.40 tick=595772 goal=0 here=0 d11=0.58 B=0.44,0.31,0.26,0.29,0.36,0.65,1.99,0.61,0.33,0.17,0.18,0.20,0.31,0.38,0.93,0.73
t=294 field hdg=312.7 enc=9693;15422 xy=-113;-832 want=98 str=1.93 l=2.00 r=-0.40 tick=595791 goal=0 here=0 d11=0.58 B=0.43,0.30,0.26,0.29,0.37,0.67,2.01,0.58,0.32,0.18,0.17,0.20,0.30,0.40,0.92,0.73
t=294 field hdg=313.2 enc=9695;15423 xy=-112;-834 want=99 str=1.90 l=2.00 r=-0.42 tick=595810 goal=0 here=0 d11=0.59 B=0.44,0.30,0.26,0.29,0.37,0.67,2.03,0.57,0.33,0.18,0.18,0.21,0.30,0.38,0.92,0.72
t=295 field hdg=308.3 enc=9693;15425 xy=-112;-834 want=101 str=1.92 l=2.00 r=-0.44 tick=595830 goal=0 here=0 d11=0.60 B=0.43,0.28,0.27,0.29,0.36,0.69,2.02,0.58,0.34,0.18,0.18,0.20,0.30,0.40,0.93,0.72
t=295 field hdg=316.9 enc=9695;15426 xy=-111;-835 want=98 str=1.95 l=2.00 r=-0.42 tick=595849 goal=0 here=0 d11=0.60 B=0.42,0.30,0.27,0.28,0.37,0.70,2.03,0.57,0.33,0.18,0.18,0.20,0.30,0.41,0.94,0.71
t=295 field hdg=314.3 enc=9694;15429 xy=-110;-835 want=103 str=1.88 l=2.00 r=-0.47 tick=595867 goal=0 here=0 d11=0.60 B=0.43,0.29,0.26,0.27,0.36,0.71,2.05,0.57,0.33,0.20,0.18,0.21,0.30,0.42,0.95,0.71
t=295 field hdg=314.5 enc=9693;15431 xy=-110;-836 want=100 str=1.98 l=2.00 r=-0.45 tick=595886 goal=0 here=0 d11=0.60 B=0.42,0.30,0.27,0.28,0.37,0.81,2.03,0.57,0.31,0.18,0.18,0.21,0.30,0.42,0.95,0.71
t=295 field hdg=315.0 enc=9695;15431 xy=-109;-836 want=104 str=2.01 l=2.00 r=-0.49 tick=595907 goal=0 here=0 d11=0.60 B=0.43,0.29,0.25,0.29,0.37,0.92,2.04,0.55,0.31,0.19,0.19,0.24,0.31,0.44,0.96,0.71
t=296 field hdg=319.8 enc=9695;15435 xy=-108;-838 want=104 str=2.07 l=2.00 r=-0.49 tick=595927 goal=0 here=0 d11=0.62 B=0.42,0.29,0.25,0.29,0.35,0.92,2.06,0.55,0.30,0.19,0.19,0.23,0.30,0.45,0.96,0.70
t=296 field hdg=317.5 enc=9695;15437 xy=-107;-838 want=88 str=1.85 l=2.00 r=-0.29 tick=595948 goal=0 here=0 d11=0.61 B=0.41,0.28,0.26,0.29,0.36,0.94,2.05,0.37,0.32,0.18,0.18,0.22,0.31,0.49,0.96,0.70
t=296 field hdg=319.3 enc=9695;15439 xy=-106;-839 want=87 str=1.93 l=2.00 r=-0.27 tick=595967 goal=0 here=0 d11=0.62 B=0.41,0.29,0.27,0.30,0.38,0.95,2.05,0.37,0.32,0.18,0.17,0.22,0.29,0.51,0.96,0.70
t=296 field hdg=314.4 enc=9693;15441 xy=-106;-839 want=91 str=1.76 l=2.00 r=-0.32 tick=595986 goal=0 here=0 d11=0.61 B=0.41,0.27,0.25,0.28,0.38,0.95,2.03,0.36,0.31,0.19,0.18,0.23,0.31,0.52,0.98,0.69
t=296 field hdg=318.9 enc=9695;15442 xy=-105;-840 want=89 str=1.84 l=2.00 r=-0.29 tick=596005 goal=0 here=0 d11=0.61 B=0.42,0.28,0.26,0.30,0.36,0.96,2.03,0.37,0.32,0.18,0.18,0.23,0.30,0.53,0.98,0.69
t=297 field hdg=317.1 enc=9695;15443 xy=-105;-840 want=80 str=1.26 l=1.95 r=-0.17 tick=596024 goal=0 here=0 d11=0.61 B=0.42,0.28,0.25,0.28,0.37,0.96,2.02,0.37,0.32,0.19,0.19,0.22,0.30,0.60,0.97,0.69
t=297 field hdg=319.1 enc=9694;15444 xy=-105;-840 want=76 str=1.15 l=1.90 r=-0.12 tick=596044 goal=0 here=0 d11=0.62 B=0.42,0.28,0.26,0.28,0.36,0.97,2.01,0.37,0.31,0.18,0.18,0.24,0.32,0.69,0.98,0.69
t=297 field hdg=317.5 enc=9694;15446 xy=-104;-841 want=79 str=1.26 l=1.94 r=-0.16 tick=596063 goal=0 here=0 d11=0.62 B=0.41,0.28,0.26,0.30,0.36,0.98,2.03,0.36,0.31,0.19,0.18,0.22,0.31,0.67,0.98,0.68
t=297 field hdg=321.0 enc=9693;15447 xy=-104;-841 want=78 str=1.22 l=1.93 r=-0.15 tick=596082 goal=0 here=0 d11=0.61 B=0.42,0.28,0.26,0.29,0.37,0.98,2.03,0.35,0.32,0.19,0.18,0.23,0.32,0.69,0.98,0.68
t=297 field hdg=321.2 enc=9694;15448 xy=-103;-842 want=78 str=1.27 l=1.93 r=-0.15 tick=596101 goal=0 here=0 d11=0.63 B=0.41,0.28,0.26,0.30,0.37,0.98,2.03,0.36,0.32,0.20,0.18,0.22,0.32,0.69,0.98,0.68
t=298 field hdg=319.4 enc=9695;15448 xy=-103;-842 want=78 str=1.22 l=1.93 r=-0.16 tick=596120 goal=0 here=0 d11=0.62 B=0.41,0.28,0.25,0.31,0.36,0.99,2.02,0.35,0.30,0.18,0.19,0.23,0.32,0.68,0.99,0.67
t=298 field hdg=323.0 enc=9693;15450 xy=-103;-842 want=77 str=1.20 l=1.91 r=-0.15 tick=596138 goal=0 here=0 d11=0.60 B=0.40,0.28,0.27,0.29,0.37,0.99,2.03,0.35,0.31,0.19,0.18,0.24,0.32,0.70,0.99,0.67
t=298 field hdg=319.1 enc=9693;15451 xy=-103;-842 want=79 str=1.16 l=1.95 r=-0.17 tick=596157 goal=0 here=0 d11=0.62 B=0.41,0.28,0.26,0.29,0.36,1.01,2.02,0.36,0.30,0.18,0.19,0.25,0.31,0.68,0.99,0.67
t=298 field hdg=320.6 enc=9695;15451 xy=-102;-843 want=76 str=1.21 l=1.90 r=-0.13 tick=596176 goal=0 here=0 d11=0.61 B=0.41,0.27,0.26,0.30,0.37,1.01,1.97,0.36,0.32,0.18,0.18,0.24,0.31,0.68,0.98,0.67
t=298 field hdg=319.7 enc=9695;15452 xy=-101;-843 want=77 str=1.16 l=1.91 r=-0.15 tick=596195 goal=0 here=0 d11=0.60 B=0.40,0.28,0.24,0.30,0.36,1.01,1.94,0.37,0.31,0.19,0.17,0.25,0.33,0.68,0.99,0.66
t=299 STUCK mv=11 want=62
t=302 field hdg=304.7 enc=9728;15407 xy=-101;-843 want=97 str=1.20 l=2.00 r=-0.36 tick=596523 goal=0 here=0 d11=0.59 B=0.48,0.36,0.26,0.27,0.37,0.54,1.85,0.90,0.33,0.23,0.18,0.19,0.27,0.33,0.93,0.95
t=302 field hdg=308.6 enc=9728;15408 xy=-101;-844 want=101 str=1.41 l=2.00 r=-0.41 tick=596541 goal=0 here=0 d11=0.60 B=0.48,0.36,0.26,0.26,0.38,0.54,2.07,0.91,0.32,0.22,0.18,0.19,0.26,0.33,0.93,0.95
t=302 field hdg=304.8 enc=9728;15412 xy=-100;-846 want=102 str=1.37 l=2.00 r=-0.43 tick=596561 goal=0 here=0 d11=0.58 B=0.47,0.36,0.25,0.26,0.38,0.54,2.09,0.90,0.32,0.21,0.17,0.20,0.27,0.34,0.92,0.95
t=302 field hdg=302.4 enc=9730;15412 xy=-99;-846 want=105 str=1.93 l=2.00 r=-0.47 tick=596579 goal=0 here=0 d11=0.59 B=0.48,0.36,0.26,0.26,0.38,0.56,2.09,0.89,0.33,0.22,0.17,0.19,0.27,0.33,0.92,0.96
t=302 field hdg=308.6 enc=9728;15415 xy=-99;-847 want=101 str=1.77 l=2.00 r=-0.42 tick=596601 goal=0 here=0 d11=0.58 B=0.46,0.35,0.25,0.27,0.38,0.55,2.07,0.71,0.33,0.21,0.18,0.20,0.28,0.33,0.93,0.96
t=303 field hdg=308.4 enc=9728;15418 xy=-98;-848 want=104 str=1.76 l=2.00 r=-0.45 tick=596622 goal=0 here=0 d11=0.58 B=0.47,0.34,0.25,0.26,0.37,0.57,2.09,0.71,0.33,0.22,0.19,0.20,0.29,0.34,0.89,0.95
t=303 field hdg=308.9 enc=9728;15418 xy=-98;-848 want=101 str=1.81 l=2.00 r=-0.41 tick=596641 goal=0 here=0 d11=0.57 B=0.47,0.34,0.26,0.27,0.38,0.56,2.06,0.70,0.34,0.22,0.19,0.21,0.27,0.35,0.90,0.96
t=303 field hdg=308.3 enc=9729;15420 xy=-97;-849 want=100 str=1.77 l=2.00 r=-0.42 tick=596662 goal=0 here=0 d11=0.58 B=0.46,0.35,0.26,0.27,0.38,0.56,2.07,0.69,0.33,0.21,0.18,0.20,0.29,0.34,0.89,0.95
t=303 field hdg=309.6 enc=9730;15424 xy=-95;-851 want=103 str=1.73 l=2.00 r=-0.45 tick=596681 goal=0 here=0 d11=0.59 B=0.46,0.33,0.24,0.25,0.39,0.57,2.07,0.69,0.34,0.21,0.19,0.21,0.27,0.34,0.89,0.96
t=303 field hdg=309.5 enc=9728;15424 xy=-96;-850 want=101 str=1.68 l=2.00 r=-0.43 tick=596699 goal=0 here=0 d11=0.58 B=0.47,0.33,0.26,0.26,0.37,0.57,2.07,0.67,0.33,0.21,0.20,0.20,0.29,0.35,0.90,0.96
t=304 field hdg=308.2 enc=9730;15427 xy=-94;-852 want=100 str=1.77 l=2.00 r=-0.41 tick=596718 goal=0 here=0 d11=0.57 B=0.46,0.32,0.25,0.27,0.38,0.58,2.09,0.68,0.33,0.20,0.19,0.20,0.29,0.35,0.89,0.97
t=304 field hdg=308.8 enc=9728;15428 xy=-95;-852 want=101 str=1.71 l=2.00 r=-0.43 tick=596737 goal=0 here=0 d11=0.57 B=0.45,0.31,0.26,0.25,0.38,0.59,2.08,0.66,0.32,0.21,0.19,0.20,0.29,0.36,0.90,0.97
t=304 field hdg=310.7 enc=9729;15429 xy=-94;-853 want=102 str=1.75 l=2.00 r=-0.44 tick=596755 goal=0 here=0 d11=0.57 B=0.45,0.32,0.25,0.26,0.37,0.58,2.08,0.66,0.33,0.21,0.18,0.20,0.28,0.35,0.89,0.94
t=304 field hdg=311.5 enc=9729;15433 xy=-93;-854 want=100 str=1.82 l=2.00 r=-0.41 tick=596774 goal=0 here=0 d11=0.57 B=0.45,0.33,0.26,0.27,0.37,0.58,2.09,0.66,0.33,0.21,0.17,0.20,0.29,0.36,0.90,0.92
t=304 field hdg=308.3 enc=9730;15434 xy=-92;-855 want=102 str=1.77 l=2.00 r=-0.45 tick=596793 goal=0 here=0 d11=0.58 B=0.44,0.31,0.25,0.25,0.39,0.60,2.08,0.67,0.34,0.20,0.19,0.20,0.28,0.36,0.89,0.91
t=305 field hdg=311.2 enc=9729;15436 xy=-92;-855 want=101 str=1.81 l=2.00 r=-0.44 tick=596812 goal=0 here=0 d11=0.58 B=0.45,0.32,0.25,0.28,0.38,0.60,2.09,0.66,0.34,0.20,0.19,0.21,0.30,0.36,0.89,0.90
t=305 field hdg=313.1 enc=9729;15438 xy=-91;-856 want=103 str=1.77 l=2.00 r=-0.47 tick=596831 goal=0 here=0 d11=0.58 B=0.43,0.32,0.25,0.27,0.37,0.60,2.08,0.66,0.33,0.20,0.20,0.21,0.29,0.36,0.88,0.90
t=305 field hdg=310.1 enc=9730;15440 xy=-90;-857 want=102 str=1.75 l=2.00 r=-0.46 tick=596851 goal=0 here=0 d11=0.56 B=0.43,0.31,0.25,0.26,0.38,0.60,2.07,0.65,0.34,0.20,0.18,0.21,0.29,0.36,0.88,0.89
t=305 field hdg=312.4 enc=9730;15440 xy=-90;-857 want=106 str=1.79 l=2.00 r=-0.50 tick=596869 goal=0 here=0 d11=0.59 B=0.45,0.32,0.26,0.26,0.36,0.61,2.07,0.65,0.34,0.20,0.21,0.20,0.29,0.38,0.89,0.81
t=305 field hdg=313.5 enc=9730;15442 xy=-89;-858 want=107 str=1.80 l=2.00 r=-0.52 tick=596891 goal=0 here=0 d11=0.57 B=0.44,0.31,0.25,0.26,0.38,0.61,2.05,0.65,0.34,0.20,0.19,0.22,0.30,0.37,0.89,0.72
t=305 field hdg=314.4 enc=9729;15446 xy=-88;-859 want=106 str=1.83 l=2.00 r=-0.51 tick=596909 goal=0 here=0 d11=0.57 B=0.43,0.31,0.24,0.26,0.37,0.63,2.03,0.64,0.34,0.20,0.18,0.20,0.30,0.39,0.90,0.71
t=306 field hdg=313.1 enc=9730;15447 xy=-88;-860 want=107 str=1.79 l=2.00 r=-0.52 tick=596928 goal=0 here=0 d11=0.58 B=0.43,0.30,0.25,0.27,0.36,0.62,2.04,0.64,0.34,0.20,0.19,0.22,0.31,0.39,0.90,0.72
t=306 field hdg=314.4 enc=9730;15449 xy=-87;-860 want=106 str=1.70 l=2.00 r=-0.52 tick=596947 goal=0 here=0 d11=0.58 B=0.41,0.30,0.25,0.26,0.37,0.62,2.00,0.61,0.33,0.20,0.19,0.22,0.30,0.40,0.91,0.72
t=306 field hdg=315.8 enc=9729;15451 xy=-87;-861 want=107 str=1.77 l=2.00 r=-0.53 tick=596967 goal=0 here=0 d11=0.58 B=0.42,0.29,0.24,0.27,0.37,0.62,2.01,0.63,0.33,0.20,0.18,0.22,0.30,0.41,0.90,0.70
t=306 field hdg=312.8 enc=9728;15452 xy=-87;-861 want=105 str=1.79 l=2.00 r=-0.49 tick=596986 goal=0 here=0 d11=0.58 B=0.43,0.31,0.26,0.28,0.37,0.63,2.01,0.60,0.34,0.21,0.19,0.22,0.31,0.39,0.90,0.72
t=306 field hdg=315.2 enc=9730;15455 xy=-85;-862 want=105 str=1.81 l=2.00 r=-0.51 tick=597005 goal=0 here=0 d11=0.58 B=0.42,0.29,0.25,0.26,0.36,0.63,2.01,0.62,0.33,0.19,0.17,0.22,0.29,0.42,0.90,0.70
t=307 field hdg=313.0 enc=9728;15455 xy=-85;-862 want=106 str=1.71 l=2.00 r=-0.52 tick=597024 goal=0 here=0 d11=0.59 B=0.42,0.30,0.24,0.26,0.36,0.64,2.00,0.62,0.33,0.20,0.18,0.23,0.31,0.43,0.93,0.71
t=307 field hdg=316.6 enc=9728;15459 xy=-84;-863 want=108 str=1.72 l=2.00 r=-0.55 tick=597043 goal=0 here=0 d11=0.58 B=0.41,0.28,0.26,0.27,0.37,0.66,2.00,0.61,0.34,0.19,0.20,0.25,0.31,0.44,0.92,0.70
t=307 field hdg=318.7 enc=9730;15461 xy=-83;-864 want=105 str=1.79 l=2.00 r=-0.51 tick=597061 goal=0 here=0 d11=0.60 B=0.42,0.30,0.26,0.27,0.38,0.66,2.03,0.61,0.34,0.20,0.19,0.22,0.31,0.45,0.93,0.71
t=307 field hdg=315.9 enc=9728;15462 xy=-83;-864 want=107 str=1.75 l=2.00 r=-0.53 tick=597080 goal=0 here=0 d11=0.59 B=0.42,0.29,0.25,0.26,0.37,0.66,2.04,0.60,0.34,0.19,0.20,0.22,0.31,0.49,0.95,0.70
t=307 field hdg=318.0 enc=9730;15465 xy=-81;-866 want=110 str=1.71 l=2.00 r=-0.60 tick=597099 goal=0 here=0 d11=0.59 B=0.40,0.29,0.23,0.26,0.37,0.67,2.05,0.58,0.34,0.20,0.20,0.24,0.31,0.49,0.94,0.69
t=308 field hdg=317.8 enc=9730;15466 xy=-81;-866 want=110 str=1.74 l=2.00 r=-0.58 tick=597119 goal=0 here=0 d11=0.60 B=0.41,0.28,0.24,0.26,0.36,0.68,2.06,0.59,0.33,0.20,0.20,0.23,0.31,0.51,0.95,0.68
t=308 field hdg=318.2 enc=9730;15467 xy=-80;-866 want=110 str=1.76 l=2.00 r=-0.59 tick=597138 goal=0 here=0 d11=0.60 B=0.40,0.28,0.25,0.27,0.37,0.69,2.05,0.58,0.34,0.21,0.20,0.24,0.31,0.51,0.95,0.68
t=308 field hdg=317.7 enc=9730;15470 xy=-79;-867 want=112 str=1.72 l=2.00 r=-0.62 tick=597156 goal=0 here=0 d11=0.62 B=0.40,0.28,0.25,0.25,0.37,0.71,2.06,0.58,0.35,0.21,0.20,0.24,0.31,0.52,0.97,0.68
t=308 field hdg=317.1 enc=9730;15471 xy=-79;-868 want=104 str=1.16 l=2.00 r=-0.50 tick=597175 goal=0 here=0 d11=0.61 B=0.41,0.29,0.25,0.27,0.35,0.72,2.05,0.57,0.34,0.19,0.20,0.23,0.32,0.66,0.96,0.67
t=308 field hdg=310.7 enc=9730;15473 xy=-78;-869 want=107 str=1.29 l=2.00 r=-0.55 tick=597195 goal=0 here=0 d11=0.61 B=0.40,0.29,0.24,0.27,0.36,0.92,2.07,0.56,0.35,0.20,0.20,0.24,0.30,0.66,0.97,0.68
t=309 field hdg=316.0 enc=9729;15475 xy=-78;-869 want=86 str=1.01 l=2.00 r=-0.26 tick=597214 goal=0 here=0 d11=0.61 B=0.40,0.27,0.24,0.27,0.37,0.95,2.06,0.39,0.32,0.20,0.19,0.24,0.31,0.67,0.96,0.69
t=309 field hdg=319.4 enc=9730;15478 xy=-76;-870 want=85 str=1.03 l=2.00 r=-0.25 tick=597233 goal=0 here=0 d11=0.61 B=0.41,0.27,0.25,0.27,0.37,0.96,2.04,0.39,0.33,0.20,0.19,0.25,0.32,0.67,0.97,0.68
t=309 field hdg=315.6 enc=9730;15479 xy=-76;-871 want=86 str=1.02 l=2.00 r=-0.27 tick=597251 goal=0 here=0 d11=0.61 B=0.39,0.27,0.25,0.28,0.37,0.95,2.05,0.39,0.35,0.20,0.19,0.26,0.32,0.67,0.96,0.67
t=309 field hdg=319.5 enc=9730;15481 xy=-75;-871 want=85 str=0.98 l=2.00 r=-0.26 tick=597270 goal=0 here=0 d11=0.61 B=0.39,0.27,0.23,0.27,0.36,0.96,2.04,0.38,0.33,0.19,0.20,0.25,0.32,0.70,0.98,0.66
t=309 field hdg=321.7 enc=9729;15484 xy=-74;-872 want=88 str=0.97 l=2.00 r=-0.30 tick=597289 goal=0 here=0 d11=0.62 B=0.40,0.27,0.23,0.27,0.37,0.98,2.04,0.39,0.33,0.21,0.18,0.26,0.32,0.69,0.97,0.65
t=309 field hdg=322.8 enc=9730;15484 xy=-74;-872 want=84 str=1.06 l=1.98 r=-0.25 tick=597308 goal=0 here=0 d11=0.61 B=0.38,0.28,0.26,0.27,0.36,0.98,2.04,0.39,0.34,0.19,0.20,0.25,0.32,0.68,0.97,0.65
t=310 field hdg=318.7 enc=9729;15487 xy=-73;-873 want=88 str=1.04 l=2.00 r=-0.30 tick=597327 goal=0 here=0 d11=0.61 B=0.39,0.27,0.25,0.28,0.36,0.98,2.05,0.38,0.34,0.20,0.20,0.26,0.31,0.69,0.97,0.64
t=310 field hdg=317.6 enc=9728;15486 xy=-74;-872 want=90 str=0.99 l=2.00 r=-0.33 tick=597346 goal=0 here=0 d11=0.63 B=0.39,0.26,0.25,0.27,0.35,0.98,2.03,0.39,0.33,0.21,0.20,0.26,0.32,0.69,0.96,0.64
t=310 field hdg=322.0 enc=9730;15490 xy=-72;-874 want=90 str=0.92 l=2.00 r=-0.33 tick=597365 goal=0 here=0 d11=0.63 B=0.38,0.26,0.24,0.28,0.38,1.00,1.98,0.38,0.33,0.20,0.20,0.27,0.32,0.69,0.97,0.63
t=310 field hdg=317.4 enc=9730;15492 xy=-71;-875 want=74 str=0.74 l=1.85 r=-0.12 tick=597383 goal=0 here=0 d11=0.62 B=0.38,0.26,0.24,0.28,0.37,1.01,1.63,0.37,0.33,0.20,0.21,0.27,0.33,0.71,0.95,0.59
t=310 field hdg=321.0 enc=9730;15493 xy=-70;-875 want=73 str=0.69 l=1.84 r=-0.10 tick=597402 goal=0 here=0 d11=0.60 B=0.38,0.26,0.22,0.26,0.38,1.03,1.59,0.37,0.34,0.19,0.20,0.26,0.33,0.71,0.96,0.57
t=311 field hdg=319.4 enc=9729;15493 xy=-71;-875 want=69 str=0.71 l=1.78 r=-0.06 tick=597421 goal=0 here=0 d11=0.62 B=0.38,0.26,0.25,0.28,0.36,1.02,1.54,0.38,0.32,0.20,0.21,0.27,0.32,0.71,0.96,0.57
t=311 field hdg=323.0 enc=9729;15493 xy=-71;-875 want=64 str=0.65 l=1.72 r=0.01 tick=597440 goal=0 here=0 d11=0.61 B=0.38,0.26,0.24,0.28,0.36,1.02,1.45,0.36,0.33,0.21,0.22,0.27,0.32,0.70,0.96,0.57
t=311 field hdg=319.9 enc=9729;15495 xy=-70;-875 want=64 str=0.65 l=1.71 r=0.01 tick=597461 goal=0 here=0 d11=0.61 B=0.38,0.25,0.24,0.28,0.38,1.03,1.45,0.38,0.32,0.21,0.20,0.27,0.32,0.72,0.97,0.57
t=311 field hdg=318.1 enc=9728;15497 xy=-70;-876 want=44 str=0.63 l=1.45 r=0.28 tick=597480 goal=0 here=0 d11=0.62 B=0.38,0.27,0.26,0.27,0.38,1.03,1.23,0.38,0.32,0.21,0.21,0.27,0.32,0.72,0.95,0.56
t=311 field hdg=322.9 enc=9730;15496 xy=-69;-876 want=44 str=0.62 l=1.45 r=0.28 tick=597499 goal=0 here=0 d11=0.62 B=0.38,0.26,0.24,0.28,0.37,1.04,1.21,0.37,0.32,0.20,0.21,0.27,0.32,0.71,0.95,0.56
t=312 field hdg=322.9 enc=9728;15499 xy=-69;-876 want=95 str=0.67 l=2.00 r=-0.41 tick=597518 goal=0 here=0 d11=0.61 B=0.37,0.26,0.26,0.28,0.36,1.04,1.21,0.36,0.33,0.22,0.21,0.27,0.33,0.72,0.95,0.55
t=312 field hdg=322.4 enc=9728;15498 xy=-69;-876 want=98 str=0.66 l=2.00 r=-0.44 tick=597536 goal=0 here=0 d11=0.61 B=0.38,0.26,0.24,0.29,0.37,1.07,1.19,0.36,0.33,0.22,0.20,0.27,0.33,0.71,0.95,0.55
t=312 field hdg=322.1 enc=9728;15502 xy=-68;-877 want=97 str=0.64 l=2.00 r=-0.43 tick=597556 goal=0 here=0 d11=0.62 B=0.38,0.26,0.23,0.28,0.36,1.07,1.18,0.37,0.33,0.20,0.21,0.26,0.32,0.74,0.94,0.54
t=312 field hdg=322.2 enc=9729;15502 xy=-67;-877 want=96 str=0.69 l=2.00 r=-0.41 tick=597576 goal=0 here=0 d11=0.62 B=0.38,0.25,0.25,0.29,0.37,1.15,1.15,0.35,0.33,0.20,0.20,0.28,0.32,0.73,0.95,0.52
t=312 field hdg=322.6 enc=9728;15504 xy=-67;-878 want=105 str=0.69 l=2.00 r=-0.56 tick=597595 goal=0 here=0 d11=0.62 B=0.35,0.25,0.23,0.28,0.36,1.21,1.15,0.37,0.31,0.22,0.22,0.27,0.34,0.75,0.94,0.52
t=313 field hdg=323.4 enc=9729;15508 xy=-65;-879 want=98 str=0.63 l=2.00 r=-0.45 tick=597614 goal=0 here=0 d11=0.62 B=0.37,0.24,0.25,0.29,0.37,1.21,1.14,0.36,0.30,0.20,0.22,0.28,0.33,0.84,0.93,0.51
t=313 field hdg=325.0 enc=9730;15510 xy=-64;-880 want=81 str=0.58 l=1.94 r=-0.23 tick=597633 goal=0 here=0 d11=0.61 B=0.36,0.25,0.25,0.29,0.37,1.20,1.10,0.36,0.29,0.21,0.19,0.27,0.33,0.94,0.93,0.50
t=313 field hdg=324.2 enc=9729;15510 xy=-64;-880 want=82 str=0.46 l=1.94 r=-0.24 tick=597651 goal=0 here=0 d11=0.64 B=0.36,0.25,0.23,0.29,0.36,1.24,1.03,0.35,0.27,0.21,0.22,0.28,0.33,0.94,0.94,0.50
t=313 field hdg=322.1 enc=9729;15511 xy=-64;-880 want=85 str=0.50 l=1.98 r=-0.28 tick=597669 goal=0 here=0 d11=0.63 B=0.36,0.25,0.25,0.30,0.36,1.22,1.03,0.36,0.28,0.21,0.23,0.27,0.34,0.93,0.92,0.49
t=313 field hdg=323.8 enc=9729;15511 xy=-64;-880 want=85 str=0.42 l=2.00 r=-0.28 tick=597689 goal=0 here=0 d11=0.63 B=0.37,0.24,0.24,0.30,0.37,1.23,1.00,0.34,0.28,0.21,0.23,0.29,0.33,0.93,0.93,0.49
t=313 field hdg=324.3 enc=9728;15514 xy=-63;-881 want=71 str=0.47 l=1.79 r=-0.10 tick=597707 goal=0 here=0 d11=0.63 B=0.35,0.25,0.24,0.29,0.37,1.23,1.00,0.36,0.25,0.21,0.22,0.28,0.34,0.93,0.93,0.49
t=314 field hdg=322.6 enc=9730;15514 xy=-62;-881 want=73 str=0.51 l=1.84 r=-0.12 tick=597727 goal=0 here=0 d11=0.64 B=0.37,0.27,0.25,0.29,0.37,1.24,1.00,0.35,0.28,0.22,0.21,0.29,0.33,0.93,0.93,0.50
t=314 field hdg=325.4 enc=9729;15514 xy=-63;-881 want=72 str=0.44 l=1.81 r=-0.11 tick=597746 goal=0 here=0 d11=0.63 B=0.36,0.24,0.25,0.28,0.37,1.23,0.99,0.36,0.25,0.21,0.22,0.29,0.32,0.94,0.92,0.49
t=314 field hdg=325.5 enc=9729;15517 xy=-61;-882 want=74 str=0.45 l=1.84 r=-0.14 tick=597766 goal=0 here=0 d11=0.64 B=0.36,0.24,0.23,0.29,0.37,1.24,0.98,0.36,0.25,0.21,0.22,0.28,0.32,0.94,0.92,0.47
t=314 field hdg=324.7 enc=9728;15516 xy=-62;-881 want=72 str=0.59 l=1.81 r=-0.11 tick=597785 goal=0 here=0 d11=0.65 B=0.36,0.25,0.25,0.31,0.38,1.24,0.98,0.37,0.26,0.21,0.22,0.26,0.34,0.92,0.92,0.48
t=314 field hdg=322.4 enc=9729;15517 xy=-61;-882 want=78 str=0.46 l=1.88 r=-0.19 tick=597804 goal=0 here=0 d11=0.64 B=0.35,0.23,0.26,0.30,0.36,1.24,0.98,0.36,0.26,0.23,0.22,0.28,0.35,0.93,0.92,0.48
t=315 field hdg=325.9 enc=9729;15519 xy=-60;-882 want=70 str=0.48 l=1.78 r=-0.08 tick=597823 goal=0 here=0 d11=0.63 B=0.36,0.25,0.24,0.30,0.37,1.25,0.98,0.36,0.24,0.21,0.22,0.29,0.33,0.92,0.92,0.48
t=315 field hdg=324.1 enc=9728;15519 xy=-61;-882 want=71 str=0.52 l=1.79 r=-0.11 tick=597843 goal=0 here=0 d11=0.64 B=0.34,0.25,0.25,0.31,0.38,1.26,0.97,0.37,0.27,0.19,0.22,0.29,0.35,0.92,0.93,0.49
t=315 field hdg=324.8 enc=9730;15520 xy=-60;-883 want=79 str=0.50 l=1.91 r=-0.20 tick=597864 goal=0 here=0 d11=0.66 B=0.36,0.24,0.24,0.32,0.37,1.29,0.96,0.36,0.26,0.21,0.22,0.29,0.33,0.92,0.91,0.48
t=315 field hdg=327.1 enc=9729;15522 xy=-59;-883 want=77 str=0.51 l=1.87 r=-0.20 tick=597883 goal=0 here=0 d11=0.65 B=0.33,0.23,0.25,0.32,0.37,1.28,0.97,0.37,0.25,0.20,0.23,0.28,0.33,0.92,0.92,0.46
t=315 field hdg=326.2 enc=9730;15523 xy=-58;-884 want=79 str=0.51 l=1.89 r=-0.21 tick=597902 goal=0 here=0 d11=0.65 B=0.34,0.24,0.23,0.31,0.38,1.30,0.97,0.35,0.25,0.21,0.22,0.28,0.35,0.91,0.93,0.47
t=316 field hdg=323.4 enc=9730;15522 xy=-59;-884 want=100 str=1.23 l=2.00 r=-0.50 tick=597923 goal=0 here=0 d11=0.66 B=0.34,0.24,0.24,0.33,0.39,2.09,0.96,0.36,0.25,0.22,0.22,0.29,0.34,0.92,0.91,0.46
t=316 field hdg=323.1 enc=9730;15524 xy=-58;-884 want=98 str=1.23 l=2.00 r=-0.47 tick=597942 goal=0 here=0 d11=0.65 B=0.34,0.24,0.25,0.32,0.38,2.10,0.96,0.36,0.25,0.22,0.22,0.30,0.34,0.92,0.92,0.46
t=316 field hdg=325.8 enc=9728;15526 xy=-58;-884 want=98 str=1.29 l=2.00 r=-0.47 tick=597961 goal=0 here=0 d11=0.66 B=0.34,0.24,0.26,0.35,0.38,2.11,0.96,0.37,0.24,0.21,0.23,0.28,0.35,0.90,0.92,0.47
t=316 field hdg=327.0 enc=9730;15528 xy=-56;-885 want=98 str=1.30 l=2.00 r=-0.47 tick=597982 goal=0 here=0 d11=0.67 B=0.34,0.23,0.25,0.35,0.39,2.12,0.96,0.37,0.24,0.22,0.22,0.28,0.35,0.90,0.92,0.46
t=316 field hdg=328.3 enc=9729;15531 xy=-56;-886 want=97 str=1.30 l=2.00 r=-0.46 tick=598001 goal=0 here=0 d11=0.67 B=0.34,0.24,0.25,0.36,0.39,2.11,0.95,0.36,0.24,0.20,0.22,0.29,0.34,0.89,0.91,0.45
t=317 field hdg=329.3 enc=9730;15534 xy=-54;-887 want=102 str=1.24 l=2.00 r=-0.53 tick=598020 goal=0 here=0 d11=0.66 B=0.33,0.23,0.24,0.38,0.38,2.10,0.95,0.36,0.26,0.21,0.23,0.30,0.35,0.89,0.92,0.45
t=317 field hdg=325.6 enc=9729;15536 xy=-53;-887 want=101 str=1.22 l=2.00 r=-0.52 tick=598039 goal=0 here=0 d11=0.67 B=0.32,0.24,0.23,0.35,0.39,2.10,0.94,0.37,0.24,0.22,0.22,0.31,0.36,0.89,0.91,0.44
t=317 field hdg=330.7 enc=9728;15537 xy=-53;-887 want=99 str=1.21 l=2.00 r=-0.49 tick=598058 goal=0 here=0 d11=0.67 B=0.32,0.23,0.25,0.37,0.39,2.09,0.94,0.36,0.24,0.21,0.23,0.29,0.35,0.90,0.93,0.44
t=317 field hdg=325.3 enc=9729;15539 xy=-52;-888 want=99 str=1.17 l=2.00 r=-0.49 tick=598077 goal=0 here=0 d11=0.67 B=0.33,0.23,0.24,0.36,0.39,2.11,0.92,0.37,0.23,0.22,0.23,0.30,0.36,0.89,0.93,0.43
t=317 field hdg=330.4 enc=9729;15540 xy=-52;-888 want=99 str=1.19 l=2.00 r=-0.50 tick=598095 goal=0 here=0 d11=0.68 B=0.32,0.22,0.25,0.35,0.40,2.11,0.92,0.38,0.23,0.21,0.23,0.30,0.34,0.88,0.93,0.42
t=318 field hdg=330.6 enc=9730;15541 xy=-51;-889 want=99 str=1.23 l=2.00 r=-0.49 tick=598114 goal=0 here=0 d11=0.68 B=0.34,0.22,0.24,0.36,0.40,2.10,0.92,0.35,0.23,0.22,0.22,0.28,0.35,0.87,0.94,0.43
t=318 field hdg=334.3 enc=9729;15545 xy=-49;-889 want=97 str=1.16 l=2.00 r=-0.47 tick=598138 goal=0 here=0 d11=0.67 B=0.32,0.24,0.24,0.36,0.40,2.09,0.91,0.36,0.23,0.21,0.23,0.31,0.37,0.87,0.94,0.43
t=318 field hdg=333.1 enc=9728;15545 xy=-50;-889 want=94 str=0.99 l=2.00 r=-0.44 tick=598157 goal=0 here=0 d11=0.68 B=0.31,0.23,0.24,0.36,0.40,2.08,0.74,0.36,0.23,0.22,0.25,0.31,0.36,0.86,0.95,0.42
t=318 field hdg=329.7 enc=9730;15547 xy=-48;-890 want=92 str=1.07 l=2.00 r=-0.41 tick=598176 goal=0 here=0 d11=0.67 B=0.30,0.24,0.25,0.36,0.54,2.09,0.74,0.37,0.23,0.20,0.24,0.30,0.37,0.87,0.92,0.42
t=318 field hdg=331.5 enc=9728;15550 xy=-48;-890 want=93 str=1.05 l=2.00 r=-0.42 tick=598195 goal=0 here=0 d11=0.68 B=0.32,0.24,0.23,0.35,0.54,2.09,0.74,0.36,0.23,0.21,0.23,0.31,0.39,0.88,0.90,0.43
t=319 field hdg=331.1 enc=9728;15553 xy=-46;-891 want=93 str=1.59 l=2.00 r=-0.42 tick=598214 goal=0 here=0 d11=0.69 B=0.31,0.22,0.24,0.35,0.56,2.09,0.72,0.38,0.23,0.21,0.23,0.30,0.39,0.88,0.90,0.42
t=319 field hdg=333.4 enc=9730;15553 xy=-46;-892 want=95 str=1.56 l=2.00 r=-0.45 tick=598234 goal=0 here=0 d11=0.69 B=0.29,0.22,0.24,0.36,0.55,2.08,0.72,0.37,0.23,0.21,0.25,0.29,0.39,0.88,0.90,0.41
t=319 field hdg=335.0 enc=9730;15555 xy=-45;-892 want=93 str=1.60 l=2.00 r=-0.42 tick=598253 goal=0 here=0 d11=0.68 B=0.30,0.23,0.25,0.37,0.55,2.10,0.71,0.37,0.22,0.23,0.23,0.30,0.39,0.88,0.88,0.41
t=319 field hdg=335.0 enc=9730;15556 xy=-44;-892 want=96 str=1.55 l=2.00 r=-0.47 tick=598274 goal=0 here=0 d11=0.70 B=0.29,0.22,0.25,0.36,0.56,2.10,0.70,0.36,0.22,0.22,0.26,0.30,0.40,0.89,0.86,0.41
t=319 field hdg=333.0 enc=9728;15559 xy=-44;-892 want=100 str=1.70 l=2.00 r=-0.53 tick=598293 goal=0 here=0 d11=0.70 B=0.29,0.23,0.24,0.36,0.56,2.11,0.70,0.36,0.24,0.21,0.25,0.31,0.42,0.88,0.71,0.40
t=320 field hdg=331.4 enc=9729;15561 xy=-42;-893 want=97 str=1.70 l=2.00 r=-0.49 tick=598312 goal=0 here=0 d11=0.69 B=0.30,0.22,0.24,0.36,0.57,2.11,0.69,0.37,0.22,0.21,0.25,0.32,0.42,0.89,0.71,0.41
t=320 field hdg=337.0 enc=9730;15562 xy=-42;-893 want=98 str=1.73 l=2.00 r=-0.51 tick=598331 goal=0 here=0 d11=0.69 B=0.28,0.24,0.25,0.36,0.56,2.11,0.69,0.36,0.22,0.22,0.25,0.31,0.44,0.88,0.70,0.41
t=320 field hdg=332.7 enc=9729;15566 xy=-40;-894 want=98 str=1.70 l=2.00 r=-0.51 tick=598350 goal=0 here=0 d11=0.69 B=0.28,0.22,0.24,0.35,0.57,2.09,0.69,0.36,0.23,0.21,0.24,0.30,0.44,0.88,0.70,0.40
t=320 field hdg=336.3 enc=9729;15566 xy=-40;-894 want=100 str=1.70 l=2.00 r=-0.53 tick=598369 goal=0 here=0 d11=0.70 B=0.29,0.21,0.26,0.37,0.58,2.08,0.70,0.37,0.22,0.22,0.26,0.32,0.47,0.90,0.69,0.39
t=320 field hdg=337.0 enc=9728;15569 xy=-39;-895 want=98 str=1.70 l=2.00 r=-0.52 tick=598388 goal=0 here=0 d11=0.70 B=0.28,0.23,0.25,0.37,0.59,2.08,0.69,0.37,0.22,0.21,0.26,0.32,0.49,0.90,0.69,0.39
t=320 field hdg=334.1 enc=9728;15571 xy=-38;-895 want=99 str=1.65 l=2.00 r=-0.53 tick=598406 goal=0 here=0 d11=0.71 B=0.27,0.24,0.25,0.38,0.58,2.05,0.68,0.37,0.22,0.21,0.26,0.30,0.50,0.90,0.69,0.40
t=321 field hdg=333.3 enc=9729;15572 xy=-37;-895 want=102 str=1.63 l=2.00 r=-0.57 tick=598425 goal=0 here=0 d11=0.70 B=0.27,0.21,0.25,0.36,0.59,2.06,0.67,0.37,0.23,0.21,0.27,0.30,0.49,0.92,0.68,0.40
t=321 field hdg=335.9 enc=9728;15575 xy=-37;-896 want=102 str=1.65 l=2.00 r=-0.57 tick=598444 goal=0 here=0 d11=0.71 B=0.28,0.22,0.24,0.38,0.60,2.06,0.68,0.36,0.23,0.22,0.26,0.31,0.51,0.91,0.68,0.39
t=321 field hdg=338.3 enc=9729;15576 xy=-36;-896 want=102 str=1.61 l=2.00 r=-0.57 tick=598462 goal=0 here=0 d11=0.69 B=0.27,0.22,0.24,0.38,0.59,2.05,0.66,0.37,0.23,0.22,0.26,0.31,0.50,0.92,0.67,0.39
t=321 field hdg=336.0 enc=9729;15579 xy=-34;-897 want=99 str=1.61 l=2.00 r=-0.53 tick=598483 goal=0 here=0 d11=0.71 B=0.27,0.22,0.25,0.37,0.60,2.03,0.67,0.37,0.21,0.20,0.27,0.31,0.54,0.93,0.68,0.39
t=321 field hdg=335.6 enc=9730;15580 xy=-33;-897 want=107 str=0.98 l=2.00 r=-0.63 tick=598502 goal=0 here=0 d11=0.70 B=0.27,0.23,0.24,0.37,0.61,2.02,0.66,0.36,0.22,0.21,0.26,0.32,0.64,0.93,0.67,0.38
t=322 field hdg=334.8 enc=9728;15581 xy=-34;-897 want=109 str=0.96 l=2.00 r=-0.66 tick=598523 goal=0 here=0 d11=0.69 B=0.27,0.23,0.24,0.39,0.62,2.03,0.66,0.36,0.23,0.21,0.28,0.33,0.65,0.94,0.67,0.40
t=322 field hdg=339.1 enc=9730;15585 xy=-31;-898 want=110 str=1.01 l=2.00 r=-0.68 tick=598542 goal=0 here=0 d11=0.70 B=0.27,0.23,0.25,0.37,0.63,2.03,0.65,0.36,0.24,0.21,0.27,0.32,0.66,0.94,0.66,0.38
t=322 field hdg=337.8 enc=9730;15587 xy=-30;-898 want=109 str=0.97 l=2.00 r=-0.67 tick=598561 goal=0 here=0 d11=0.70 B=0.27,0.23,0.23,0.37,0.63,2.05,0.66,0.37,0.23,0.22,0.26,0.31,0.67,0.94,0.66,0.36
t=322 field hdg=337.9 enc=9730;15587 xy=-30;-898 want=115 str=0.97 l=2.00 r=-0.74 tick=598580 goal=0 here=0 d11=0.69 B=0.27,0.21,0.23,0.37,0.63,2.06,0.65,0.37,0.22,0.22,0.28,0.32,0.67,0.93,0.66,0.37
t=322 field hdg=337.6 enc=9730;15589 xy=-29;-899 want=108 str=0.95 l=2.00 r=-0.65 tick=598601 goal=0 here=0 d11=0.70 B=0.26,0.23,0.24,0.37,0.64,2.04,0.64,0.37,0.22,0.21,0.27,0.33,0.68,0.95,0.67,0.38
t=323 field hdg=338.1 enc=9729;15591 xy=-29;-899 want=117 str=1.03 l=2.00 r=-0.79 tick=598620 goal=0 here=0 d11=0.71 B=0.25,0.22,0.25,0.36,0.64,2.06,0.62,0.37,0.24,0.23,0.28,0.31,0.66,0.94,0.65,0.37
t=323 field hdg=340.0 enc=9729;15594 xy=-27;-900 want=113 str=0.96 l=2.00 r=-0.73 tick=598643 goal=0 here=0 d11=0.70 B=0.25,0.21,0.25,0.37,0.64,2.08,0.62,0.37,0.22,0.22,0.28,0.32,0.68,0.96,0.67,0.38
t=323 field hdg=340.9 enc=9729;15597 xy=-26;-900 want=117 str=1.01 l=2.00 r=-0.78 tick=598662 goal=0 here=0 d11=0.70 B=0.26,0.20,0.23,0.37,0.65,2.08,0.61,0.37,0.23,0.22,0.27,0.33,0.69,0.94,0.65,0.37
t=323 field hdg=336.4 enc=9728;15599 xy=-25;-900 want=116 str=1.03 l=2.00 r=-0.77 tick=598680 goal=0 here=0 d11=0.70 B=0.26,0.21,0.24,0.37,0.66,2.07,0.62,0.37,0.24,0.23,0.27,0.34,0.68,0.96,0.63,0.37
t=323 field hdg=339.3 enc=9729;15601 xy=-24;-901 want=118 str=0.98 l=2.00 r=-0.79 tick=598700 goal=0 here=0 d11=0.69 B=0.26,0.22,0.22,0.35,0.66,2.08,0.62,0.38,0.23,0.23,0.27,0.32,0.70,0.96,0.63,0.36
t=324 field hdg=340.4 enc=9728;15603 xy=-24;-901 want=123 str=1.01 l=2.00 r=-0.87 tick=598718 goal=0 here=0 d11=0.71 B=0.24,0.22,0.23,0.37,0.67,2.08,0.61,0.37,0.22,0.24,0.29,0.33,0.70,0.96,0.62,0.36
t=324 field hdg=339.5 enc=9728;15603 xy=-24;-901 want=124 str=1.07 l=2.00 r=-0.88 tick=598737 goal=0 here=0 d11=0.70 B=0.25,0.21,0.24,0.37,0.68,2.08,0.61,0.37,0.24,0.23,0.30,0.33,0.70,0.94,0.60,0.36
t=324 field hdg=341.2 enc=9730;15604 xy=-22;-901 want=125 str=1.06 l=2.00 r=-0.90 tick=598756 goal=0 here=0 d11=0.71 B=0.24,0.21,0.25,0.36,0.68,2.06,0.59,0.36,0.26,0.23,0.30,0.34,0.72,0.94,0.61,0.35
t=324 field hdg=342.2 enc=9730;15607 xy=-21;-902 want=123 str=1.07 l=2.00 r=-0.87 tick=598777 goal=0 here=0 d11=0.71 B=0.25,0.22,0.23,0.36,0.70,2.07,0.59,0.37,0.23,0.23,0.30,0.35,0.70,0.94,0.55,0.36
t=324 field hdg=347.2 enc=9728;15608 xy=-21;-902 want=123 str=1.10 l=2.00 r=-0.87 tick=598796 goal=0 here=0 d11=0.71 B=0.24,0.22,0.24,0.37,0.70,2.07,0.59,0.37,0.24,0.23,0.30,0.34,0.72,0.94,0.55,0.35
t=325 field hdg=339.6 enc=9730;15610 xy=-19;-902 want=127 str=1.65 l=2.00 r=-0.93 tick=598818 goal=0 here=0 d11=0.73 B=0.23,0.22,0.23,0.37,0.72,2.06,0.59,0.37,0.23,0.22,0.30,0.33,0.71,0.93,0.53,0.35
t=325 field hdg=341.2 enc=9729;15615 xy=-17;-903 want=119 str=1.25 l=2.00 r=-0.82 tick=598842 goal=0 here=0 d11=0.70 B=0.24,0.20,0.23,0.36,0.96,2.05,0.49,0.37,0.23,0.23,0.30,0.34,0.73,0.92,0.52,0.35
t=325 field hdg=346.2 enc=9729;15617 xy=-16;-903 want=119 str=1.26 l=2.00 r=-0.82 tick=598861 goal=0 here=0 d11=0.71 B=0.23,0.22,0.24,0.37,0.97,2.05,0.42,0.36,0.23,0.24,0.30,0.34,0.74,0.93,0.53,0.34
t=325 field hdg=345.8 enc=9728;15616 xy=-17;-903 want=121 str=1.21 l=2.00 r=-0.84 tick=598880 goal=0 here=0 d11=0.71 B=0.25,0.20,0.22,0.37,0.98,2.01,0.42,0.36,0.24,0.23,0.31,0.34,0.75,0.93,0.51,0.35
t=325 field hdg=343.2 enc=9728;15618 xy=-16;-903 want=121 str=1.19 l=2.00 r=-0.84 tick=598899 goal=0 here=0 d11=0.72 B=0.24,0.22,0.23,0.36,0.99,1.95,0.42,0.37,0.24,0.24,0.30,0.34,0.75,0.93,0.50,0.34
t=326 field hdg=342.6 enc=9728;15623 xy=-14;-904 want=135 str=0.70 l=2.00 r=-1.02 tick=598925 goal=0 here=0 d11=0.71 B=0.26,0.21,0.23,0.36,0.99,1.62,0.42,0.36,0.25,0.25,0.30,0.36,0.94,0.92,0.48,0.35
t=326 field hdg=346.5 enc=9728;15623 xy=-14;-904 want=142 str=0.64 l=2.00 r=-1.14 tick=598947 goal=0 here=0 d11=0.72 B=0.22,0.21,0.22,0.36,1.00,1.48,0.41,0.35,0.23,0.25,0.31,0.34,0.93,0.91,0.48,0.33
t=326 field hdg=348.6 enc=9727;15625 xy=-14;-904 want=139 str=0.53 l=2.00 r=-1.10 tick=598966 goal=0 here=0 d11=0.71 B=0.22,0.21,0.25,0.36,1.02,1.35,0.41,0.36,0.23,0.24,0.30,0.34,0.93,0.92,0.47,0.34
t=326 field hdg=346.2 enc=9726;15628 xy=-13;-904 want=149 str=0.39 l=2.00 r=-1.23 tick=598986 goal=0 here=0 d11=0.71 B=0.22,0.21,0.23,0.37,1.03,1.21,0.41,0.36,0.23,0.23,0.30,0.35,0.92,0.91,0.45,0.33
t=326 field hdg=345.2 enc=9726;15629 xy=-12;-905 want=148 str=0.46 l=2.00 r=-1.23 tick=599006 goal=0 here=0 d11=0.72 B=0.22,0.22,0.23,0.37,1.07,1.18,0.41,0.36,0.24,0.25,0.31,0.34,0.92,0.90,0.45,0.32
t=327 field hdg=347.4 enc=9723;15633 xy=-12;-905 want=143 str=0.48 l=2.00 r=-1.15 tick=599032 goal=0 here=0 d11=0.73 B=0.22,0.21,0.23,0.35,1.15,1.16,0.39,0.33,0.23,0.24,0.30,0.35,0.92,0.90,0.44,0.32
t=327 field hdg=346.8 enc=9722;15634 xy=-12;-905 want=125 str=0.42 l=2.00 r=-0.90 tick=599052 goal=0 here=0 d11=0.71 B=0.24,0.23,0.24,0.37,1.21,1.12,0.39,0.31,0.22,0.26,0.31,0.35,0.91,0.91,0.43,0.32
t=327 field hdg=349.3 enc=9724;15636 xy=-10;-905 want=129 str=0.37 l=2.00 r=-0.97 tick=599070 goal=0 here=0 d11=0.70 B=0.21,0.22,0.25,0.36,1.22,1.04,0.39,0.28,0.24,0.24,0.31,0.35,0.90,0.90,0.44,0.32
t=327 field hdg=349.0 enc=9723;15637 xy=-10;-905 want=134 str=0.35 l=2.00 r=-1.03 tick=599092 goal=0 here=0 d11=0.72 B=0.22,0.22,0.25,0.36,1.23,1.01,0.39,0.28,0.24,0.25,0.30,0.36,0.90,0.90,0.42,0.30
t=328 field hdg=345.4 enc=9723;15640 xy=-8;-905 want=132 str=0.38 l=2.00 r=-1.00 tick=599111 goal=0 here=0 d11=0.70 B=0.22,0.22,0.25,0.36,1.25,1.01,0.38,0.29,0.24,0.26,0.30,0.38,0.90,0.91,0.43,0.30
t=328 field hdg=349.7 enc=9723;15642 xy=-7;-906 want=118 str=0.34 l=2.00 r=-0.83 tick=599132 goal=0 here=0 d11=0.70 B=0.22,0.23,0.26,0.37,1.25,1.00,0.38,0.28,0.22,0.26,0.32,0.37,0.89,0.90,0.40,0.32
t=328 field hdg=352.4 enc=9721;15644 xy=-7;-906 want=136 str=0.39 l=2.00 r=-1.06 tick=599151 goal=0 here=0 d11=0.72 B=0.21,0.20,0.25,0.36,1.26,0.99,0.39,0.28,0.23,0.26,0.31,0.38,0.87,0.91,0.40,0.30
t=328 field hdg=347.8 enc=9722;15645 xy=-6;-906 want=106 str=0.80 l=2.00 r=-0.65 tick=599170 goal=0 here=0 d11=0.71 B=0.22,0.22,0.27,0.37,1.70,0.98,0.40,0.29,0.24,0.25,0.31,0.38,0.88,0.91,0.41,0.31
t=328 field hdg=349.1 enc=9722;15649 xy=-4;-906 want=103 str=1.17 l=2.00 r=-0.62 tick=599191 goal=0 here=0 d11=0.71 B=0.22,0.22,0.26,0.37,2.11,0.99,0.39,0.28,0.23,0.26,0.32,0.39,0.87,0.93,0.42,0.29
t=328 field hdg=354.7 enc=9721;15651 xy=-4;-906 want=102 str=1.19 l=2.00 r=-0.61 tick=599210 goal=0 here=0 d11=0.70 B=0.21,0.21,0.27,0.35,2.12,0.97,0.39,0.28,0.24,0.25,0.32,0.40,0.87,0.93,0.41,0.30
t=329 field hdg=347.4 enc=9722;15653 xy=-2;-907 want=100 str=1.16 l=2.00 r=-0.58 tick=599229 goal=0 here=0 d11=0.71 B=0.22,0.22,0.26,0.36,2.12,0.97,0.39,0.28,0.23,0.27,0.32,0.39,0.88,0.91,0.40,0.29
t=329 field hdg=354.1 enc=9722;15655 xy=-1;-907 want=100 str=1.18 l=2.00 r=-0.58 tick=599248 goal=0 here=0 d11=0.69 B=0.22,0.22,0.27,0.35,2.13,0.98,0.39,0.28,0.22,0.27,0.32,0.40,0.87,0.93,0.40,0.29
t=329 field hdg=348.9 enc=9722;15657 xy=-0;-907 want=100 str=1.15 l=2.00 r=-0.58 tick=599269 goal=0 here=0 d11=0.70 B=0.21,0.21,0.27,0.35,2.11,0.96,0.37,0.27,0.23,0.25,0.31,0.41,0.87,0.94,0.40,0.29
t=329 field hdg=348.2 enc=9721;15658 xy=-0;-907 want=100 str=1.18 l=2.00 r=-0.58 tick=599287 goal=0 here=0 d11=0.70 B=0.21,0.22,0.28,0.37,2.10,0.95,0.40,0.26,0.24,0.26,0.32,0.41,0.87,0.89,0.40,0.28
t=329 field hdg=352.2 enc=9722;15659 xy=1;-907 want=105 str=1.20 l=2.00 r=-0.66 tick=599306 goal=0 here=0 d11=0.69 B=0.20,0.22,0.27,0.37,2.12,0.96,0.38,0.26,0.24,0.28,0.31,0.42,0.86,0.88,0.40,0.29
t=330 field hdg=355.4 enc=9721;15663 xy=2;-907 want=110 str=1.21 l=2.00 r=-0.73 tick=599327 goal=0 here=0 d11=0.71 B=0.20,0.22,0.26,0.37,2.11,0.95,0.38,0.28,0.24,0.29,0.33,0.43,0.87,0.88,0.39,0.28
t=330 field hdg=352.8 enc=9720;15664 xy=2;-907 want=102 str=1.22 l=2.00 r=-0.62 tick=599347 goal=0 here=0 d11=0.72 B=0.21,0.22,0.28,0.37,2.09,0.95,0.39,0.27,0.25,0.26,0.32,0.44,0.88,0.86,0.39,0.28
t=330 field hdg=352.8 enc=9722;15665 xy=4;-907 want=108 str=1.42 l=2.00 r=-0.70 tick=599366 goal=0 here=0 d11=0.70 B=0.19,0.21,0.28,0.38,2.09,0.94,0.39,0.26,0.24,0.27,0.32,0.46,0.86,0.70,0.39,0.27
t=330 field hdg=350.4 enc=9721;15667 xy=4;-907 want=101 str=1.36 l=2.00 r=-0.60 tick=599385 goal=0 here=0 d11=0.72 B=0.21,0.21,0.30,0.37,2.09,0.93,0.38,0.25,0.24,0.27,0.34,0.46,0.88,0.70,0.39,0.28
t=330 field hdg=352.4 enc=9721;15669 xy=5;-908 want=105 str=1.40 l=2.00 r=-0.67 tick=599404 goal=0 here=0 d11=0.69 B=0.19,0.21,0.32,0.37,2.10,0.93,0.40,0.26,0.24,0.27,0.33,0.47,0.88,0.69,0.39,0.28
t=331 field hdg=352.9 enc=9720;15670 xy=5;-908 want=107 str=1.42 l=2.00 r=-0.69 tick=599423 goal=0 here=0 d11=0.70 B=0.19,0.21,0.33,0.36,2.09,0.94,0.38,0.26,0.24,0.28,0.32,0.49,0.88,0.68,0.37,0.27
t=331 field hdg=352.6 enc=9720;15673 xy=7;-908 want=104 str=1.23 l=2.00 r=-0.64 tick=599444 goal=0 here=0 d11=0.69 B=0.22,0.20,0.35,0.36,2.10,0.75,0.39,0.26,0.23,0.28,0.33,0.50,0.88,0.68,0.38,0.26
t=331 field hdg=355.0 enc=9720;15676 xy=8;-908 want=106 str=1.28 l=2.00 r=-0.69 tick=599463 goal=0 here=0 d11=0.69 B=0.19,0.21,0.34,0.38,2.10,0.76,0.39,0.25,0.24,0.27,0.33,0.50,0.89,0.68,0.37,0.25
t=331 field hdg=357.5 enc=9722;15677 xy=10;-908 want=104 str=1.25 l=2.00 r=-0.65 tick=599486 goal=0 here=0 d11=0.70 B=0.20,0.21,0.34,0.39,2.11,0.75,0.39,0.26,0.24,0.27,0.33,0.53,0.90,0.67,0.38,0.27
t=331 field hdg=356.3 enc=9720;15680 xy=10;-908 want=102 str=1.25 l=2.00 r=-0.63 tick=599507 goal=0 here=0 d11=0.70 B=0.19,0.23,0.34,0.38,2.12,0.74,0.39,0.25,0.23,0.28,0.34,0.53,0.90,0.66,0.38,0.26
t=332 field hdg=1.7 enc=9722;15682 xy=12;-908 want=108 str=1.25 l=2.00 r=-0.69 tick=599528 goal=0 here=0 d11=0.70 B=0.21,0.21,0.35,0.39,2.11,0.72,0.40,0.26,0.25,0.28,0.33,0.54,0.91,0.67,0.36,0.24
t=332 field hdg=355.5 enc=9721;15684 xy=13;-908 want=137 str=0.88 l=2.00 r=-1.09 tick=599547 goal=0 here=0 d11=0.69 B=0.20,0.21,0.34,0.38,2.12,0.72,0.38,0.27,0.24,0.29,0.33,0.65,0.90,0.65,0.36,0.26
t=332 field hdg=358.2 enc=9720;15684 xy=12;-908 want=135 str=0.81 l=2.00 r=-1.05 tick=599566 goal=0 here=0 d11=0.68 B=0.20,0.21,0.35,0.39,2.10,0.72,0.38,0.25,0.24,0.28,0.32,0.65,0.91,0.65,0.35,0.25
t=332 field hdg=359.8 enc=9719;15688 xy=14;-908 want=142 str=0.85 l=2.00 r=-1.17 tick=599585 goal=0 here=0 d11=0.70 B=0.19,0.22,0.35,0.49,2.09,0.72,0.38,0.25,0.25,0.30,0.33,0.66,0.94,0.65,0.37,0.25
t=332 field hdg=1.1 enc=9717;15688 xy=13;-908 want=109 str=1.12 l=2.00 r=-0.72 tick=599604 goal=0 here=0 d11=0.70 B=0.20,0.23,0.35,0.57,2.08,0.71,0.38,0.25,0.24,0.29,0.34,0.67,0.92,0.64,0.36,0.25
t=333 field hdg=358.2 enc=9719;15691 xy=15;-908 want=117 str=1.12 l=2.00 r=-0.82 tick=599623 goal=0 here=0 d11=0.69 B=0.20,0.21,0.35,0.56,2.05,0.71,0.38,0.27,0.23,0.29,0.33,0.68,0.94,0.64,0.36,0.23
t=333 field hdg=359.1 enc=9717;15692 xy=15;-908 want=115 str=1.10 l=2.00 r=-0.80 tick=599644 goal=0 here=0 d11=0.69 B=0.19,0.23,0.34,0.56,2.04,0.71,0.40,0.26,0.24,0.30,0.35,0.68,0.93,0.65,0.36,0.24
t=333 field hdg=358.4 enc=9719;15696 xy=18;-908 want=112 str=1.06 l=2.00 r=-0.76 tick=599663 goal=0 here=0 d11=0.68 B=0.19,0.23,0.35,0.57,2.02,0.70,0.39,0.26,0.23,0.29,0.34,0.69,0.93,0.64,0.36,0.25
t=333 field hdg=356.3 enc=9719;15698 xy=19;-908 want=114 str=1.09 l=2.00 r=-0.77 tick=599684 goal=0 here=0 d11=0.70 B=0.20,0.23,0.35,0.58,2.04,0.69,0.38,0.26,0.24,0.30,0.34,0.69,0.95,0.64,0.35,0.23
t=333 field hdg=358.4 enc=9719;15699 xy=19;-908 want=110 str=1.04 l=2.00 r=-0.74 tick=599703 goal=0 here=0 d11=0.69 B=0.19,0.23,0.34,0.58,2.03,0.69,0.39,0.25,0.23,0.29,0.34,0.69,0.95,0.63,0.34,0.24
t=334 field hdg=359.1 enc=9718;15700 xy=19;-908 want=116 str=1.06 l=2.00 r=-0.80 tick=599722 goal=0 here=0 d11=0.70 B=0.21,0.22,0.35,0.57,2.03,0.68,0.41,0.25,0.24,0.30,0.34,0.69,0.96,0.62,0.34,0.23
t=334 field hdg=357.9 enc=9719;15701 xy=20;-908 want=116 str=1.11 l=2.00 r=-0.81 tick=599741 goal=0 here=0 d11=0.69 B=0.20,0.23,0.36,0.59,2.04,0.69,0.39,0.24,0.24,0.31,0.34,0.71,0.94,0.61,0.34,0.22
t=334 field hdg=4.3 enc=9717;15705 xy=21;-908 want=118 str=1.12 l=2.00 r=-0.84 tick=599761 goal=0 here=0 d11=0.69 B=0.19,0.21,0.35,0.59,2.05,0.69,0.40,0.25,0.25,0.30,0.34,0.70,0.95,0.61,0.34,0.24
t=334 field hdg=1.4 enc=9719;15707 xy=23;-908 want=120 str=1.20 l=2.00 r=-0.86 tick=599783 goal=0 here=0 d11=0.69 B=0.19,0.22,0.36,0.60,2.06,0.67,0.39,0.26,0.26,0.30,0.35,0.71,0.94,0.61,0.34,0.21
t=334 field hdg=2.4 enc=9717;15708 xy=23;-908 want=117 str=1.19 l=2.00 r=-0.81 tick=599802 goal=0 here=0 d11=0.69 B=0.20,0.22,0.36,0.61,2.07,0.67,0.39,0.26,0.24,0.31,0.35,0.71,0.94,0.58,0.34,0.22
t=335 field hdg=359.1 enc=9718;15711 xy=25;-908 want=117 str=1.83 l=2.00 r=-0.83 tick=599821 goal=0 here=0 d11=0.68 B=0.19,0.22,0.35,0.62,2.09,0.67,0.39,0.25,0.26,0.31,0.35,0.70,0.94,0.55,0.34,0.22
t=335 field hdg=6.5 enc=9718;15713 xy=26;-908 want=116 str=1.81 l=2.00 r=-0.81 tick=599840 goal=0 here=0 d11=0.69 B=0.20,0.22,0.35,0.62,2.07,0.66,0.39,0.26,0.25,0.31,0.35,0.70,0.94,0.54,0.35,0.21
t=335 field hdg=5.8 enc=9719;15714 xy=27;-908 want=117 str=1.81 l=2.00 r=-0.81 tick=599861 goal=0 here=0 d11=0.69 B=0.20,0.21,0.36,0.64,2.09,0.66,0.40,0.27,0.25,0.33,0.36,0.73,0.94,0.51,0.32,0.22
t=335 field hdg=5.4 enc=9719;15717 xy=28;-908 want=119 str=1.88 l=2.00 r=-0.85 tick=599880 goal=0 here=0 d11=0.70 B=0.18,0.23,0.35,0.61,2.08,0.65,0.38,0.26,0.26,0.32,0.35,0.73,0.92,0.51,0.33,0.20
t=335 field hdg=4.9 enc=9718;15717 xy=28;-908 want=118 str=1.84 l=2.00 r=-0.84 tick=599899 goal=0 here=0 d11=0.70 B=0.18,0.21,0.35,0.63,2.09,0.65,0.40,0.25,0.25,0.32,0.35,0.73,0.92,0.50,0.33,0.21
t=336 field hdg=4.6 enc=9719;15721 xy=30;-908 want=117 str=1.76 l=2.00 r=-0.84 tick=599917 goal=0 here=0 d11=0.69 B=0.18,0.21,0.35,0.63,2.08,0.64,0.39,0.25,0.25,0.31,0.35,0.74,0.94,0.50,0.32,0.23
t=336 field hdg=2.3 enc=9718;15722 xy=30;-908 want=119 str=1.81 l=2.00 r=-0.86 tick=599939 goal=0 here=0 d11=0.69 B=0.18,0.21,0.36,0.65,2.07,0.64,0.40,0.26,0.25,0.32,0.34,0.75,0.93,0.48,0.33,0.21
t=336 field hdg=3.9 enc=9718;15724 xy=31;-908 want=124 str=1.74 l=2.00 r=-0.93 tick=599960 goal=0 here=0 d11=0.70 B=0.18,0.21,0.35,0.65,2.06,0.63,0.39,0.26,0.26,0.31,0.36,0.93,0.93,0.45,0.32,0.20
t=336 field hdg=1.7 enc=9719;15726 xy=33;-908 want=122 str=1.69 l=2.00 r=-0.90 tick=599979 goal=0 here=0 d11=0.70 B=0.19,0.22,0.36,0.64,2.06,0.63,0.38,0.26,0.25,0.32,0.37,0.94,0.91,0.46,0.32,0.21
t=336 field hdg=6.5 enc=9718;15729 xy=34;-907 want=124 str=1.68 l=2.00 r=-0.92 tick=599998 goal=0 here=0 d11=0.72 B=0.18,0.21,0.36,0.67,2.05,0.63,0.40,0.25,0.26,0.33,0.37,0.94,0.92,0.46,0.32,0.22
t=337 field hdg=4.8 enc=9719;15728 xy=34;-907 want=123 str=1.68 l=2.00 r=-0.92 tick=600016 goal=0 here=0 d11=0.71 B=0.18,0.21,0.34,0.66,2.06,0.62,0.39,0.25,0.25,0.32,0.38,0.94,0.91,0.45,0.32,0.21
t=337 field hdg=5.7 enc=9719;15732 xy=36;-907 want=121 str=1.71 l=2.00 r=-0.89 tick=600035 goal=0 here=0 d11=0.71 B=0.18,0.22,0.36,0.69,2.07,0.61,0.39,0.26,0.25,0.33,0.37,0.93,0.91,0.45,0.31,0.21
t=337 field hdg=6.6 enc=9719;15733 xy=36;-907 want=123 str=1.76 l=2.00 r=-0.92 tick=600053 goal=0 here=0 d11=0.72 B=0.18,0.22,0.35,0.69,2.06,0.61,0.39,0.26,0.26,0.33,0.37,0.94,0.91,0.43,0.31,0.20
t=337 field hdg=5.8 enc=9719;15735 xy=37;-907 want=124 str=1.70 l=2.00 r=-0.92 tick=600072 goal=0 here=0 d11=0.73 B=0.19,0.22,0.35,0.72,1.98,0.61,0.39,0.26,0.27,0.32,0.37,0.93,0.91,0.44,0.30,0.20
t=337 field hdg=8.2 enc=9717;15736 xy=37;-907 want=121 str=1.60 l=2.00 r=-0.88 tick=600098 goal=0 here=0 d11=0.71 B=0.18,0.23,0.36,0.84,1.81,0.61,0.39,0.25,0.25,0.32,0.37,0.92,0.91,0.43,0.31,0.19
t=338 field hdg=9.5 enc=9719;15740 xy=40;-907 want=124 str=1.56 l=2.00 r=-0.93 tick=600117 goal=0 here=0 d11=0.72 B=0.18,0.21,0.36,0.97,1.63,0.61,0.39,0.26,0.26,0.32,0.37,0.92,0.91,0.43,0.30,0.20
t=338 field hdg=9.8 enc=9719;15742 xy=40;-906 want=122 str=1.53 l=2.00 r=-0.90 tick=600137 goal=0 here=0 d11=0.73 B=0.19,0.22,0.36,0.97,1.60,0.61,0.38,0.27,0.26,0.34,0.38,0.93,0.89,0.42,0.30,0.21
t=338 field hdg=5.6 enc=9718;15742 xy=40;-907 want=125 str=1.49 l=2.00 r=-0.93 tick=600156 goal=0 here=0 d11=0.75 B=0.20,0.22,0.34,0.99,1.48,0.59,0.39,0.26,0.26,0.34,0.39,0.93,0.90,0.41,0.28,0.18
t=338 field hdg=10.3 enc=9719;15746 xy=42;-906 want=138 str=0.90 l=2.00 r=-1.11 tick=600174 goal=0 here=0 d11=0.74 B=0.19,0.21,0.35,0.99,1.46,0.51,0.38,0.26,0.27,0.33,0.39,0.92,0.89,0.41,0.31,0.19
t=338 field hdg=9.5 enc=9718;15748 xy=43;-906 want=148 str=0.86 l=2.00 r=-1.24 tick=600193 goal=0 here=0 d11=0.75 B=0.18,0.21,0.33,1.00,1.24,0.43,0.38,0.27,0.27,0.34,0.40,0.91,0.90,0.39,0.28,0.19
t=339 field hdg=8.7 enc=9716;15750 xy=43;-906 want=144 str=0.74 l=2.00 r=-1.19 tick=600212 goal=0 here=0 d11=0.75 B=0.19,0.22,0.34,1.02,1.21,0.43,0.40,0.26,0.28,0.35,0.40,0.90,0.91,0.39,0.28,0.21
t=339 field hdg=12.9 enc=9716;15750 xy=43;-906 want=149 str=0.75 l=2.00 r=-1.26 tick=600231 goal=0 here=0 d11=0.75 B=0.18,0.22,0.34,1.04,1.18,0.42,0.38,0.26,0.27,0.33,0.40,0.89,0.91,0.38,0.29,0.20
t=339 field hdg=9.9 enc=9715;15752 xy=43;-906 want=145 str=0.82 l=2.00 r=-1.20 tick=600250 goal=0 here=0 d11=0.75 B=0.18,0.22,0.35,1.07,1.19,0.42,0.38,0.26,0.28,0.36,0.40,0.89,0.91,0.40,0.29,0.19
t=339 field hdg=9.1 enc=9713;15755 xy=44;-906 want=137 str=0.87 l=2.00 r=-1.09 tick=600270 goal=0 here=0 d11=0.76 B=0.19,0.21,0.36,1.22,1.17,0.42,0.39,0.27,0.29,0.34,0.42,0.88,0.92,0.38,0.27,0.20
t=339 field hdg=11.5 enc=9713;15758 xy=45;-906 want=137 str=0.87 l=2.00 r=-1.09 tick=600291 goal=0 here=0 d11=0.76 B=0.19,0.21,0.36,1.22,1.12,0.42,0.36,0.26,0.28,0.34,0.42,0.87,0.90,0.40,0.26,0.20
t=339 field hdg=12.2 enc=9711;15757 xy=44;-906 want=143 str=0.85 l=2.00 r=-1.17 tick=600310 goal=0 here=0 d11=0.75 B=0.19,0.21,0.34,1.23,1.05,0.42,0.35,0.28,0.28,0.35,0.43,0.87,0.93,0.39,0.27,0.18
t=340 field hdg=14.9 enc=9709;15761 xy=45;-906 want=144 str=0.88 l=2.00 r=-1.19 tick=600329 goal=0 here=0 d11=0.75 B=0.19,0.21,0.34,1.25,1.03,0.41,0.34,0.26,0.29,0.34,0.43,0.88,0.93,0.37,0.26,0.18
t=340 field hdg=12.9 enc=9708;15763 xy=45;-905 want=139 str=0.85 l=2.00 r=-1.11 tick=600350 goal=0 here=0 d11=0.74 B=0.20,0.22,0.34,1.27,1.01,0.41,0.32,0.26,0.29,0.34,0.45,0.87,0.88,0.38,0.27,0.18
t=340 field hdg=16.6 enc=9709;15763 xy=46;-905 want=119 str=1.13 l=2.00 r=-0.85 tick=600368 goal=0 here=0 d11=0.76 B=0.18,0.22,0.35,1.70,1.00,0.40,0.31,0.26,0.29,0.34,0.46,0.88,0.87,0.37,0.26,0.17
t=340 field hdg=16.1 enc=9709;15765 xy=47;-905 want=106 str=1.42 l=2.00 r=-0.69 tick=600387 goal=0 here=0 d11=0.75 B=0.18,0.22,0.35,2.12,0.99,0.41,0.31,0.26,0.30,0.34,0.49,0.88,0.85,0.38,0.26,0.18
t=340 field hdg=14.8 enc=9709;15767 xy=48;-905 want=103 str=1.59 l=2.00 r=-0.63 tick=600406 goal=0 here=0 d11=0.75 B=0.20,0.22,0.35,2.11,1.00,0.41,0.31,0.26,0.29,0.35,0.50,0.88,0.69,0.37,0.25,0.18
t=341 field hdg=14.2 enc=9709;15770 xy=49;-904 want=104 str=1.61 l=2.00 r=-0.66 tick=600425 goal=0 here=0 d11=0.76 B=0.18,0.23,0.36,2.11,0.99,0.40,0.31,0.26,0.29,0.34,0.49,0.88,0.70,0.36,0.24,0.18
t=341 field hdg=13.1 enc=9707;15771 xy=49;-905 want=105 str=1.61 l=2.00 r=-0.68 tick=600444 goal=0 here=0 d11=0.73 B=0.18,0.23,0.35,2.11,0.98,0.41,0.31,0.26,0.30,0.35,0.52,0.89,0.68,0.36,0.24,0.19
t=341 field hdg=11.7 enc=9708;15772 xy=50;-904 want=102 str=1.58 l=2.00 r=-0.63 tick=600462 goal=0 here=0 d11=0.75 B=0.18,0.24,0.35,2.11,0.97,0.40,0.31,0.25,0.29,0.34,0.50,0.89,0.67,0.36,0.25,0.18
t=341 field hdg=17.2 enc=9708;15776 xy=52;-904 want=104 str=1.65 l=2.00 r=-0.65 tick=600481 goal=0 here=0 d11=0.75 B=0.20,0.23,0.35,2.10,0.98,0.40,0.30,0.27,0.31,0.35,0.51,0.88,0.65,0.35,0.24,0.17
t=341 field hdg=16.0 enc=9707;15776 xy=51;-904 want=105 str=1.58 l=2.00 r=-0.67 tick=600500 goal=0 here=0 d11=0.74 B=0.18,0.23,0.34,2.09,0.96,0.40,0.30,0.26,0.30,0.35,0.52,0.90,0.67,0.36,0.24,0.19
t=342 field hdg=17.5 enc=9707;15779 xy=53;-903 want=100 str=1.58 l=2.00 r=-0.60 tick=600521 goal=0 here=0 d11=0.74 B=0.20,0.24,0.34,2.10,0.96,0.41,0.30,0.25,0.29,0.34,0.52,0.89,0.65,0.37,0.24,0.19
t=342 field hdg=22.1 enc=9708;15780 xy=54;-903 want=126 str=1.49 l=2.00 r=-0.95 tick=600540 goal=0 here=0 d11=0.73 B=0.19,0.24,0.35,2.09,0.95,0.40,0.30,0.27,0.30,0.35,0.55,0.90,0.65,0.35,0.23,0.17
t=342 field hdg=14.7 enc=9707;15782 xy=54;-903 want=131 str=1.39 l=2.00 r=-1.01 tick=600561 goal=0 here=0 d11=0.72 B=0.20,0.23,0.35,2.08,0.95,0.41,0.31,0.26,0.31,0.35,0.66,0.91,0.66,0.33,0.23,0.18
t=342 field hdg=16.7 enc=9707;15784 xy=55;-903 want=130 str=1.42 l=2.00 r=-1.00 tick=600580 goal=0 here=0 d11=0.72 B=0.20,0.23,0.35,2.10,0.95,0.40,0.30,0.26,0.30,0.35,0.66,0.92,0.66,0.34,0.23,0.18
t=342 field hdg=18.3 enc=9706;15786 xy=55;-903 want=128 str=1.37 l=2.00 r=-0.98 tick=600601 goal=0 here=0 d11=0.73 B=0.19,0.25,0.34,2.09,0.94,0.41,0.29,0.25,0.32,0.35,0.66,0.92,0.66,0.35,0.22,0.17
t=343 field hdg=18.9 enc=9708;15788 xy=57;-902 want=128 str=1.42 l=2.00 r=-0.97 tick=600620 goal=0 here=0 d11=0.72 B=0.19,0.25,0.35,2.10,0.95,0.40,0.30,0.26,0.31,0.36,0.68,0.92,0.64,0.34,0.22,0.18
t=343 field hdg=20.7 enc=9708;15791 xy=59;-901 want=130 str=1.39 l=2.00 r=-1.00 tick=600641 goal=0 here=0 d11=0.72 B=0.18,0.26,0.35,2.10,0.93,0.41,0.29,0.26,0.33,0.36,0.68,0.93,0.65,0.35,0.22,0.18
t=343 field hdg=21.0 enc=9706;15793 xy=59;-901 want=133 str=1.26 l=2.00 r=-1.04 tick=600660 goal=0 here=0 d11=0.71 B=0.19,0.26,0.36,2.12,0.76,0.40,0.29,0.27,0.31,0.37,0.69,0.94,0.63,0.34,0.23,0.18
t=343 field hdg=18.6 enc=9706;15796 xy=60;-901 want=129 str=1.25 l=2.00 r=-0.99 tick=600679 goal=0 here=0 d11=0.71 B=0.19,0.30,0.36,2.11,0.75,0.40,0.30,0.26,0.32,0.36,0.69,0.94,0.64,0.34,0.22,0.17
t=343 field hdg=19.2 enc=9707;15796 xy=61;-901 want=128 str=1.27 l=2.00 r=-0.97 tick=600698 goal=0 here=0 d11=0.71 B=0.19,0.31,0.36,2.11,0.75,0.41,0.28,0.27,0.33,0.35,0.69,0.93,0.62,0.35,0.20,0.17
t=344 field hdg=19.0 enc=9705;15799 xy=61;-901 want=129 str=1.20 l=2.00 r=-0.98 tick=600719 goal=0 here=0 d11=0.71 B=0.19,0.32,0.35,2.10,0.75,0.40,0.29,0.26,0.31,0.36,0.69,0.94,0.63,0.32,0.22,0.18
t=344 field hdg=19.3 enc=9707;15800 xy=63;-900 want=128 str=1.17 l=2.00 r=-0.97 tick=600738 goal=0 here=0 d11=0.71 B=0.20,0.32,0.36,2.09,0.74,0.40,0.28,0.26,0.32,0.36,0.69,0.96,0.62,0.35,0.21,0.18
t=344 field hdg=21.1 enc=9707;15803 xy=64;-899 want=131 str=1.14 l=2.00 r=-1.00 tick=600757 goal=0 here=0 d11=0.72 B=0.19,0.32,0.36,2.07,0.73,0.40,0.27,0.26,0.33,0.35,0.69,0.96,0.63,0.34,0.21,0.18
t=344 field hdg=21.4 enc=9706;15803 xy=63;-900 want=131 str=1.26 l=2.00 r=-1.01 tick=600776 goal=0 here=0 d11=0.70 B=0.20,0.32,0.36,2.07,0.73,0.40,0.28,0.28,0.33,0.36,0.71,0.95,0.61,0.34,0.20,0.17
t=344 field hdg=18.4 enc=9703;15806 xy=63;-900 want=132 str=1.21 l=2.00 r=-1.01 tick=600794 goal=0 here=0 d11=0.69 B=0.20,0.31,0.37,2.04,0.72,0.41,0.26,0.27,0.33,0.35,0.72,0.95,0.57,0.32,0.20,0.17
t=345 field hdg=23.0 enc=9702;15809 xy=64;-899 want=118 str=1.64 l=2.00 r=-0.84 tick=600813 goal=0 here=0 d11=0.69 B=0.20,0.32,0.38,2.04,0.70,0.41,0.27,0.26,0.33,0.38,0.71,0.96,0.52,0.33,0.20,0.17
t=345 field hdg=22.1 enc=9704;15810 xy=66;-899 want=120 str=1.72 l=2.00 r=-0.86 tick=600832 goal=0 here=0 d11=0.69 B=0.19,0.31,0.38,2.02,0.72,0.40,0.29,0.27,0.34,0.37,0.72,0.95,0.51,0.32,0.20,0.18
t=345 field hdg=23.3 enc=9704;15811 xy=66;-899 want=121 str=1.73 l=2.00 r=-0.89 tick=600852 goal=0 here=0 d11=0.70 B=0.18,0.32,0.37,2.04,0.70,0.40,0.27,0.27,0.33,0.37,0.73,0.94,0.52,0.32,0.20,0.16
t=345 field hdg=23.2 enc=9704;15814 xy=68;-898 want=104 str=1.93 l=2.00 r=-0.65 tick=600871 goal=0 here=0 d11=0.69 B=0.20,0.33,0.56,2.03,0.71,0.41,0.27,0.28,0.34,0.36,0.73,0.94,0.51,0.31,0.20,0.17
t=345 field hdg=21.8 enc=9702;15816 xy=68;-898 want=104 str=1.95 l=2.00 r=-0.64 tick=600889 goal=0 here=0 d11=0.71 B=0.21,0.32,0.56,2.04,0.70,0.42,0.27,0.27,0.33,0.39,0.73,0.94,0.48,0.32,0.19,0.16
t=345 field hdg=24.6 enc=9702;15816 xy=68;-898 want=104 str=1.95 l=2.00 r=-0.65 tick=600908 goal=0 here=0 d11=0.70 B=0.19,0.31,0.56,2.04,0.69,0.41,0.27,0.27,0.33,0.36,0.73,0.94,0.47,0.31,0.19,0.17
t=346 field hdg=22.2 enc=9702;15820 xy=69;-897 want=104 str=1.95 l=2.00 r=-0.66 tick=600927 goal=0 here=0 d11=0.68 B=0.19,0.33,0.56,2.03,0.70,0.40,0.28,0.26,0.33,0.38,0.73,0.95,0.45,0.30,0.19,0.17
t=346 field hdg=27.1 enc=9702;15822 xy=70;-897 want=103 str=1.92 l=2.00 r=-0.63 tick=600946 goal=0 here=0 d11=0.69 B=0.20,0.33,0.58,2.05,0.68,0.42,0.27,0.27,0.35,0.37,0.75,0.93,0.45,0.30,0.19,0.17
t=346 field hdg=24.6 enc=9703;15822 xy=71;-897 want=104 str=2.02 l=2.00 r=-0.65 tick=600965 goal=0 here=0 d11=0.70 B=0.19,0.32,0.58,2.07,0.70,0.39,0.29,0.27,0.34,0.37,0.76,0.93,0.46,0.30,0.19,0.18
t=346 field hdg=25.0 enc=9702;15826 xy=72;-896 want=108 str=1.95 l=2.00 r=-0.71 tick=600985 goal=0 here=0 d11=0.70 B=0.18,0.33,0.58,2.07,0.69,0.42,0.28,0.28,0.34,0.38,0.85,0.93,0.42,0.30,0.19,0.18
t=346 field hdg=25.3 enc=9704;15828 xy=74;-895 want=109 str=1.97 l=2.00 r=-0.72 tick=601005 goal=0 here=0 d11=0.70 B=0.19,0.33,0.59,2.09,0.68,0.41,0.27,0.27,0.34,0.38,0.95,0.92,0.44,0.28,0.19,0.15
t=347 field hdg=27.1 enc=9702;15829 xy=74;-895 want=108 str=1.94 l=2.00 r=-0.70 tick=601026 goal=0 here=0 d11=0.71 B=0.21,0.33,0.59,2.08,0.66,0.40,0.27,0.28,0.34,0.38,0.95,0.93,0.43,0.29,0.18,0.17
t=347 field hdg=25.3 enc=9704;15831 xy=75;-894 want=109 str=1.95 l=2.00 r=-0.72 tick=601045 goal=0 here=0 d11=0.70 B=0.19,0.33,0.60,2.09,0.67,0.40,0.28,0.28,0.36,0.39,0.94,0.93,0.42,0.29,0.19,0.16
t=347 field hdg=28.2 enc=9704;15834 xy=77;-894 want=109 str=1.96 l=2.00 r=-0.72 tick=601066 goal=0 here=0 d11=0.71 B=0.20,0.32,0.60,2.08,0.66,0.40,0.28,0.28,0.34,0.38,0.95,0.91,0.42,0.29,0.18,0.17
t=347 field hdg=24.2 enc=9702;15834 xy=76;-894 want=108 str=1.92 l=2.00 r=-0.70 tick=601085 goal=0 here=0 d11=0.70 B=0.20,0.33,0.61,2.07,0.67,0.43,0.27,0.28,0.35,0.39,0.95,0.92,0.42,0.29,0.19,0.17
t=347 field hdg=27.5 enc=9704;15838 xy=78;-893 want=111 str=2.04 l=2.00 r=-0.74 tick=601107 goal=0 here=0 d11=0.69 B=0.19,0.32,0.60,2.06,0.65,0.41,0.27,0.29,0.34,0.40,0.94,0.90,0.42,0.27,0.18,0.16
t=348 field hdg=29.9 enc=9702;15839 xy=78;-893 want=109 str=1.98 l=2.00 r=-0.72 tick=601126 goal=0 here=0 d11=0.69 B=0.19,0.33,0.61,2.06,0.65,0.40,0.26,0.29,0.35,0.40,0.94,0.91,0.40,0.26,0.18,0.18
t=348 field hdg=30.5 enc=9703;15842 xy=80;-892 want=110 str=2.04 l=2.00 r=-0.73 tick=601145 goal=0 here=0 d11=0.69 B=0.19,0.34,0.62,2.05,0.65,0.41,0.29,0.27,0.36,0.40,0.94,0.90,0.40,0.28,0.17,0.16
t=348 field hdg=28.9 enc=9702;15842 xy=79;-892 want=111 str=2.03 l=2.00 r=-0.75 tick=601164 goal=0 here=0 d11=0.69 B=0.18,0.32,0.62,2.06,0.65,0.41,0.28,0.29,0.35,0.40,0.94,0.92,0.41,0.28,0.17,0.17
t=348 field hdg=29.7 enc=9703;15844 xy=81;-891 want=110 str=2.11 l=2.00 r=-0.74 tick=601183 goal=0 here=0 d11=0.69 B=0.18,0.33,0.64,2.05,0.64,0.42,0.29,0.27,0.36,0.39,0.92,0.91,0.38,0.26,0.17,0.16
t=348 field hdg=33.3 enc=9702;15846 xy=81;-891 want=108 str=2.06 l=2.00 r=-0.71 tick=601202 goal=0 here=0 d11=0.69 B=0.20,0.32,0.63,2.05,0.64,0.41,0.27,0.28,0.35,0.40,0.92,0.91,0.39,0.26,0.17,0.16
t=349 field hdg=29.8 enc=9703;15848 xy=82;-890 want=110 str=2.02 l=2.00 r=-0.73 tick=601221 goal=0 here=0 d11=0.69 B=0.19,0.31,0.64,2.00,0.64,0.42,0.29,0.28,0.36,0.42,0.91,0.92,0.39,0.26,0.19,0.17
t=349 field hdg=34.5 enc=9703;15851 xy=84;-890 want=112 str=2.07 l=2.00 r=-0.77 tick=601239 goal=0 here=0 d11=0.69 B=0.18,0.33,0.64,1.95,0.63,0.41,0.29,0.28,0.36,0.41,0.92,0.90,0.39,0.25,0.16,0.17
t=349 field hdg=32.1 enc=9702;15851 xy=83;-890 want=118 str=1.85 l=2.00 r=-0.85 tick=601258 goal=0 here=0 d11=0.70 B=0.18,0.33,0.67,1.65,0.63,0.41,0.27,0.29,0.35,0.42,0.91,0.91,0.39,0.26,0.16,0.17
t=349 field hdg=32.8 enc=9702;15854 xy=84;-889 want=119 str=1.85 l=2.00 r=-0.86 tick=601277 goal=0 here=0 d11=0.69 B=0.18,0.33,0.69,1.62,0.62,0.40,0.28,0.29,0.35,0.43,0.90,0.92,0.39,0.25,0.18,0.16
t=349 field hdg=30.1 enc=9702;15855 xy=85;-889 want=114 str=1.96 l=2.00 r=-0.78 tick=601296 goal=0 here=0 d11=0.67 B=0.19,0.34,0.84,1.59,0.62,0.41,0.29,0.30,0.36,0.42,0.89,0.91,0.38,0.24,0.16,0.17
t=350 field hdg=33.4 enc=9703;15859 xy=87;-887 want=113 str=1.81 l=2.00 r=-0.77 tick=601322 goal=0 here=0 d11=0.67 B=0.19,0.32,0.97,1.47,0.61,0.41,0.28,0.30,0.38,0.43,0.89,0.93,0.38,0.25,0.18,0.16
t=350 field hdg=30.4 enc=9704;15860 xy=88;-887 want=113 str=1.89 l=2.00 r=-0.78 tick=601341 goal=0 here=0 d11=0.67 B=0.19,0.33,0.97,1.46,0.61,0.40,0.28,0.30,0.36,0.43,0.89,0.93,0.38,0.23,0.17,0.16
t=350 field hdg=30.4 enc=9704;15863 xy=89;-886 want=113 str=1.87 l=2.00 r=-0.77 tick=601365 goal=0 here=0 d11=0.67 B=0.19,0.34,0.99,1.46,0.60,0.39,0.27,0.29,0.36,0.44,0.90,0.92,0.38,0.24,0.15,0.16
t=350 field hdg=34.3 enc=9704;15863 xy=89;-886 want=119 str=1.83 l=2.00 r=-0.87 tick=601384 goal=0 here=0 d11=0.68 B=0.17,0.32,1.00,1.23,0.62,0.41,0.30,0.30,0.37,0.46,0.89,0.92,0.38,0.24,0.16,0.17
t=350 field hdg=32.3 enc=9702;15865 xy=89;-886 want=117 str=1.68 l=2.00 r=-0.84 tick=601403 goal=0 here=0 d11=0.67 B=0.18,0.33,1.02,1.19,0.60,0.40,0.28,0.28,0.37,0.45,0.90,0.92,0.37,0.23,0.16,0.18
t=351 field hdg=32.3 enc=9704;15867 xy=91;-885 want=120 str=1.77 l=2.00 r=-0.87 tick=601425 goal=0 here=0 d11=0.67 B=0.19,0.33,1.01,1.18,0.59,0.41,0.28,0.30,0.37,0.46,0.88,0.93,0.37,0.23,0.15,0.16
t=351 field hdg=32.8 enc=9704;15870 xy=92;-884 want=117 str=1.77 l=2.00 r=-0.83 tick=601444 goal=0 here=0 d11=0.69 B=0.19,0.32,1.04,1.18,0.61,0.40,0.29,0.29,0.37,0.46,0.88,0.93,0.37,0.23,0.16,0.17
t=351 field hdg=36.5 enc=9702;15873 xy=92;-884 want=117 str=1.85 l=2.00 r=-0.82 tick=601463 goal=0 here=0 d11=0.68 B=0.19,0.33,1.07,1.18,0.60,0.39,0.28,0.31,0.38,0.47,0.90,0.89,0.37,0.22,0.15,0.17
t=351 field hdg=34.0 enc=9703;15875 xy=94;-883 want=114 str=1.85 l=2.00 r=-0.79 tick=601482 goal=0 here=0 d11=0.67 B=0.18,0.33,1.19,1.17,0.57,0.40,0.29,0.32,0.36,0.50,0.88,0.87,0.36,0.22,0.17,0.17
t=351 field hdg=32.5 enc=9702;15877 xy=94;-883 want=118 str=1.46 l=2.00 r=-0.85 tick=601500 goal=0 here=0 d11=0.67 B=0.19,0.32,1.20,1.14,0.44,0.40,0.28,0.32,0.37,0.49,0.89,0.70,0.34,0.21,0.17,0.16
t=352 field hdg=34.4 enc=9702;15878 xy=94;-883 want=117 str=1.48 l=2.00 r=-0.82 tick=601519 goal=0 here=0 d11=0.67 B=0.20,0.31,1.21,1.12,0.44,0.41,0.28,0.32,0.37,0.50,0.88,0.69,0.35,0.21,0.14,0.17
t=352 field hdg=38.0 enc=9702;15880 xy=95;-882 want=120 str=1.44 l=2.00 r=-0.86 tick=601538 goal=0 here=0 d11=0.68 B=0.19,0.32,1.21,1.08,0.45,0.40,0.28,0.31,0.37,0.51,0.89,0.68,0.34,0.22,0.15,0.16
t=352 field hdg=39.6 enc=9703;15882 xy=96;-881 want=120 str=1.40 l=2.00 r=-0.88 tick=601557 goal=0 here=0 d11=0.68 B=0.18,0.32,1.23,1.05,0.44,0.40,0.29,0.32,0.37,0.52,0.90,0.69,0.35,0.21,0.17,0.16
t=352 field hdg=35.3 enc=9704;15883 xy=97;-880 want=121 str=1.44 l=2.00 r=-0.89 tick=601576 goal=0 here=0 d11=0.66 B=0.18,0.31,1.22,1.03,0.43,0.40,0.31,0.31,0.38,0.53,0.90,0.68,0.34,0.21,0.17,0.17
t=352 field hdg=39.0 enc=9704;15887 xy=99;-879 want=119 str=1.45 l=2.00 r=-0.85 tick=601599 goal=0 here=0 d11=0.65 B=0.19,0.32,1.23,1.01,0.43,0.40,0.29,0.32,0.38,0.54,0.90,0.66,0.34,0.19,0.17,0.17
t=353 field hdg=37.0 enc=9703;15888 xy=99;-879 want=138 str=1.56 l=2.00 r=-1.10 tick=601619 goal=0 here=0 d11=0.65 B=0.21,0.32,1.26,1.00,0.44,0.39,0.28,0.31,0.39,0.56,0.91,0.66,0.35,0.21,0.15,0.17
t=353 field hdg=40.1 enc=9702;15890 xy=99;-879 want=113 str=1.76 l=2.00 r=-0.77 tick=601638 goal=0 here=0 d11=0.66 B=0.18,0.32,2.09,0.99,0.43,0.39,0.28,0.33,0.38,0.56,0.91,0.66,0.35,0.21,0.16,0.16
t=353 field hdg=38.1 enc=9701;15890 xy=99;-879 want=112 str=1.85 l=2.00 r=-0.76 tick=601657 goal=0 here=0 d11=0.68 B=0.19,0.34,2.11,0.99,0.43,0.39,0.30,0.32,0.37,0.57,0.90,0.66,0.35,0.19,0.15,0.16
t=353 field hdg=40.0 enc=9701;15893 xy=100;-878 want=116 str=1.80 l=2.00 r=-0.81 tick=601675 goal=0 here=0 d11=0.65 B=0.19,0.33,2.09,0.99,0.43,0.39,0.29,0.32,0.38,0.67,0.92,0.65,0.34,0.18,0.16,0.16
t=353 field hdg=41.2 enc=9703;15895 xy=101;-877 want=116 str=1.75 l=2.00 r=-0.82 tick=601694 goal=0 here=0 d11=0.66 B=0.18,0.32,2.10,0.97,0.41,0.39,0.29,0.33,0.37,0.67,0.92,0.66,0.34,0.20,0.16,0.17
t=354 field hdg=40.3 enc=9701;15897 xy=101;-877 want=115 str=1.75 l=2.00 r=-0.80 tick=601716 goal=0 here=0 d11=0.66 B=0.19,0.33,2.09,0.98,0.41,0.37,0.28,0.33,0.37,0.68,0.93,0.65,0.33,0.19,0.17,0.16
t=354 field hdg=41.8 enc=9702;15899 xy=103;-876 want=116 str=1.79 l=2.00 r=-0.80 tick=601739 goal=0 here=0 d11=0.66 B=0.21,0.31,2.08,0.97,0.41,0.36,0.29,0.33,0.39,0.68,0.94,0.66,0.33,0.18,0.16,0.16
t=354 field hdg=42.1 enc=9701;15901 xy=103;-876 want=117 str=1.79 l=2.00 r=-0.82 tick=601758 goal=0 here=0 d11=0.67 B=0.20,0.33,2.07,0.96,0.43,0.36,0.29,0.34,0.40,0.70,0.93,0.65,0.33,0.18,0.15,0.17
t=354 field hdg=39.9 enc=9703;15904 xy=105;-874 want=117 str=1.80 l=2.00 r=-0.83 tick=601777 goal=0 here=0 d11=0.66 B=0.20,0.31,2.07,0.96,0.41,0.34,0.29,0.33,0.37,0.70,0.95,0.65,0.32,0.17,0.16,0.17
t=354 field hdg=44.5 enc=9701;15906 xy=105;-874 want=118 str=1.74 l=2.00 r=-0.84 tick=601796 goal=0 here=0 d11=0.67 B=0.20,0.32,2.07,0.96,0.41,0.35,0.29,0.33,0.38,0.71,0.96,0.65,0.31,0.19,0.16,0.17
t=355 field hdg=43.1 enc=9701;15906 xy=105;-874 want=117 str=1.85 l=2.00 r=-0.81 tick=601814 goal=0 here=0 d11=0.64 B=0.21,0.32,2.08,0.95,0.41,0.34,0.30,0.34,0.39,0.70,0.95,0.62,0.31,0.17,0.15,0.16
t=355 field hdg=42.5 enc=9703;15910 xy=107;-872 want=117 str=1.72 l=2.00 r=-0.82 tick=601833 goal=0 here=0 d11=0.65 B=0.21,0.33,2.08,0.94,0.40,0.35,0.29,0.33,0.40,0.71,0.96,0.63,0.32,0.19,0.17,0.16
t=355 field hdg=43.8 enc=9701;15910 xy=106;-873 want=118 str=1.86 l=2.00 r=-0.84 tick=601852 goal=0 here=0 d11=0.64 B=0.20,0.33,2.08,0.95,0.41,0.33,0.31,0.34,0.39,0.71,0.96,0.62,0.32,0.18,0.14,0.17
t=355 field hdg=43.5 enc=9702;15911 xy=107;-872 want=119 str=1.86 l=2.00 r=-0.83 tick=601871 goal=0 here=0 d11=0.65 B=0.21,0.32,2.07,0.94,0.42,0.34,0.30,0.35,0.38,0.73,0.97,0.61,0.30,0.18,0.14,0.16
t=355 field hdg=39.4 enc=9703;15913 xy=108;-871 want=104 str=2.20 l=2.00 r=-0.63 tick=601890 goal=0 here=0 d11=0.65 B=0.22,0.32,2.09,0.94,0.42,0.33,0.29,0.35,0.39,0.73,0.95,0.54,0.32,0.19,0.15,0.17
t=355 field hdg=38.8 enc=9702;15917 xy=109;-870 want=106 str=2.34 l=2.00 r=-0.65 tick=601908 goal=0 here=0 d11=0.65 B=0.22,0.32,2.09,0.93,0.40,0.32,0.31,0.35,0.39,0.72,0.97,0.53,0.30,0.17,0.14,0.16
t=356 field hdg=42.0 enc=9701;15918 xy=109;-870 want=106 str=2.33 l=2.00 r=-0.67 tick=601927 goal=0 here=0 d11=0.64 B=0.21,0.33,2.08,0.93,0.40,0.32,0.29,0.34,0.39,0.73,0.97,0.53,0.30,0.16,0.13,0.17
t=356 field hdg=46.1 enc=9703;15921 xy=111;-868 want=104 str=2.25 l=2.00 r=-0.63 tick=601948 goal=0 here=0 d11=0.64 B=0.23,0.31,2.10,0.92,0.40,0.32,0.29,0.34,0.40,0.73,0.98,0.51,0.30,0.17,0.15,0.17
t=356 field hdg=37.6 enc=9703;15921 xy=111;-868 want=102 str=2.24 l=2.00 r=-0.56 tick=601967 goal=0 here=0 d11=0.64 B=0.28,0.32,2.07,0.91,0.41,0.33,0.28,0.34,0.38,0.74,0.97,0.52,0.29,0.17,0.14,0.16
t=356 field hdg=43.2 enc=9701;15923 xy=111;-868 want=100 str=2.19 l=2.00 r=-0.53 tick=601987 goal=0 here=0 d11=0.65 B=0.29,0.32,2.08,0.90,0.42,0.32,0.29,0.33,0.39,0.74,0.96,0.48,0.29,0.17,0.16,0.16
t=356 field hdg=42.6 enc=9702;15926 xy=113;-867 want=103 str=2.13 l=2.00 r=-0.57 tick=602006 goal=0 here=0 d11=0.65 B=0.29,0.34,2.07,0.77,0.43,0.31,0.29,0.36,0.39,0.75,0.96,0.47,0.29,0.17,0.15,0.17
t=357 field hdg=44.1 enc=9701;15927 xy=113;-867 want=103 str=2.14 l=2.00 r=-0.58 tick=602025 goal=0 here=0 d11=0.64 B=0.29,0.32,2.07,0.75,0.42,0.32,0.29,0.35,0.41,0.75,0.96,0.46,0.28,0.15,0.15,0.17
t=357 field hdg=43.9 enc=9702;15930 xy=114;-865 want=106 str=2.09 l=2.00 r=-0.62 tick=602043 goal=0 here=0 d11=0.62 B=0.28,0.32,2.05,0.74,0.40,0.32,0.30,0.35,0.40,0.74,0.98,0.45,0.29,0.18,0.14,0.16
t=357 field hdg=47.4 enc=9703;15932 xy=115;-864 want=105 str=2.21 l=2.00 r=-0.60 tick=602062 goal=0 here=0 d11=0.63 B=0.30,0.33,2.03,0.73,0.41,0.32,0.29,0.35,0.38,0.77,0.97,0.43,0.27,0.15,0.14,0.16
t=357 field hdg=46.5 enc=9702;15932 xy=115;-865 want=104 str=2.11 l=2.00 r=-0.59 tick=602081 goal=0 here=0 d11=0.63 B=0.29,0.33,2.02,0.74,0.41,0.31,0.28,0.35,0.41,0.76,0.96,0.43,0.28,0.15,0.14,0.17
t=357 field hdg=48.0 enc=9703;15936 xy=116;-863 want=105 str=2.07 l=2.00 r=-0.60 tick=602101 goal=0 here=0 d11=0.62 B=0.28,0.33,2.02,0.71,0.41,0.31,0.28,0.36,0.39,0.76,0.95,0.43,0.28,0.16,0.14,0.17
t=358 field hdg=45.9 enc=9702;15936 xy=116;-863 want=104 str=2.15 l=2.00 r=-0.58 tick=602120 goal=0 here=0 d11=0.63 B=0.29,0.33,2.02,0.73,0.40,0.31,0.28,0.35,0.40,0.78,0.95,0.42,0.26,0.15,0.15,0.18
t=358 field hdg=47.5 enc=9702;15940 xy=117;-862 want=105 str=2.13 l=2.00 r=-0.59 tick=602139 goal=0 here=0 d11=0.62 B=0.30,0.32,2.00,0.72,0.41,0.31,0.29,0.35,0.40,0.77,0.96,0.42,0.27,0.14,0.15,0.17
t=358 field hdg=47.1 enc=9703;15942 xy=118;-861 want=106 str=2.16 l=2.00 r=-0.61 tick=602160 goal=0 here=0 d11=0.63 B=0.29,0.33,2.02,0.72,0.42,0.30,0.29,0.36,0.41,0.80,0.94,0.42,0.27,0.16,0.14,0.16
t=358 field hdg=46.0 enc=9703;15942 xy=118;-861 want=111 str=2.25 l=2.00 r=-0.68 tick=602179 goal=0 here=0 d11=0.64 B=0.29,0.34,2.02,0.71,0.41,0.32,0.29,0.36,0.40,0.97,0.95,0.40,0.26,0.15,0.14,0.14
t=358 field hdg=48.6 enc=9701;15945 xy=119;-860 want=110 str=2.18 l=2.00 r=-0.66 tick=602198 goal=0 here=0 d11=0.63 B=0.28,0.34,2.02,0.72,0.41,0.31,0.29,0.38,0.40,0.97,0.93,0.41,0.25,0.16,0.15,0.17
t=359 field hdg=49.6 enc=9701;15947 xy=119;-860 want=110 str=2.20 l=2.00 r=-0.67 tick=602220 goal=0 here=0 d11=0.62 B=0.29,0.35,2.04,0.70,0.42,0.31,0.30,0.35,0.40,0.97,0.93,0.40,0.26,0.16,0.14,0.16
t=359 field hdg=47.7 enc=9703;15950 xy=121;-858 want=109 str=2.25 l=2.00 r=-0.64 tick=602239 goal=0 here=0 d11=0.62 B=0.30,0.34,2.06,0.70,0.41,0.30,0.30,0.36,0.40,0.98,0.92,0.39,0.25,0.15,0.14,0.16
t=359 field hdg=49.1 enc=9703;15951 xy=121;-857 want=110 str=2.28 l=2.00 r=-0.66 tick=602258 goal=0 here=0 d11=0.60 B=0.28,0.34,2.05,0.70,0.39,0.30,0.30,0.36,0.41,0.96,0.93,0.39,0.24,0.15,0.15,0.15
t=359 field hdg=47.4 enc=9701;15952 xy=121;-858 want=109 str=2.20 l=2.00 r=-0.65 tick=602277 goal=0 here=0 d11=0.62 B=0.28,0.34,2.06,0.70,0.41,0.31,0.28,0.37,0.42,0.97,0.92,0.40,0.24,0.16,0.16,0.15
t=359 field hdg=51.8 enc=9702;15955 xy=122;-856 want=108 str=2.24 l=2.00 r=-0.64 tick=602296 goal=0 here=0 d11=0.62 B=0.29,0.55,2.07,0.70,0.42,0.31,0.28,0.37,0.41,0.97,0.92,0.38,0.25,0.15,0.14,0.16
t=360 field hdg=47.2 enc=9703;15955 xy=123;-856 want=108 str=2.28 l=2.00 r=-0.63 tick=602315 goal=0 here=0 d11=0.62 B=0.30,0.54,2.05,0.70,0.41,0.29,0.29,0.38,0.42,0.97,0.92,0.38,0.23,0.15,0.13,0.16
t=360 field hdg=50.5 enc=9701;15957 xy=123;-856 want=95 str=2.42 l=2.00 r=-0.45 tick=602336 goal=0 here=0 d11=0.63 B=0.30,0.56,2.06,0.69,0.42,0.29,0.30,0.37,0.42,0.97,0.93,0.39,0.22,0.13,0.14,0.17
t=360 field hdg=50.2 enc=9701;15960 xy=124;-855 want=108 str=2.29 l=2.00 r=-0.64 tick=602361 goal=0 here=0 d11=0.63 B=0.29,0.55,2.06,0.68,0.40,0.30,0.29,0.38,0.42,0.96,0.92,0.37,0.23,0.14,0.15,0.16
t=360 field hdg=52.8 enc=9702;15963 xy=125;-853 want=95 str=2.46 l=2.00 r=-0.46 tick=602381 goal=0 here=0 d11=0.61 B=0.29,0.57,2.05,0.69,0.41,0.30,0.30,0.37,0.44,0.97,0.92,0.38,0.22,0.15,0.13,0.18
t=360 field hdg=50.5 enc=9701;15963 xy=124;-853 want=95 str=2.46 l=2.00 r=-0.46 tick=602400 goal=0 here=0 d11=0.61 B=0.30,0.56,2.04,0.68,0.42,0.31,0.31,0.37,0.43,0.95,0.92,0.38,0.22,0.14,0.14,0.16
t=361 field hdg=52.0 enc=9703;15967 xy=126;-851 want=93 str=2.42 l=2.00 r=-0.43 tick=602421 goal=0 here=0 d11=0.61 B=0.30,0.59,2.04,0.66,0.39,0.28,0.32,0.38,0.44,0.94,0.92,0.38,0.21,0.14,0.15,0.17
t=361 field hdg=53.7 enc=9702;15967 xy=126;-851 want=95 str=2.48 l=2.00 r=-0.45 tick=602440 goal=0 here=0 d11=0.60 B=0.30,0.57,2.05,0.68,0.42,0.30,0.29,0.38,0.44,0.94,0.93,0.38,0.21,0.14,0.14,0.15
t=361 field hdg=51.2 enc=9703;15969 xy=127;-850 want=95 str=2.45 l=2.00 r=-0.45 tick=602459 goal=0 here=0 d11=0.62 B=0.30,0.57,2.03,0.67,0.40,0.30,0.31,0.39,0.45,0.94,0.93,0.38,0.21,0.14,0.15,0.16
t=361 field hdg=51.4 enc=9702;15972 xy=128;-849 want=94 str=2.47 l=2.00 r=-0.45 tick=602479 goal=0 here=0 d11=0.60 B=0.29,0.58,2.02,0.67,0.40,0.28,0.30,0.38,0.45,0.92,0.92,0.36,0.22,0.13,0.12,0.18
t=361 field hdg=53.6 enc=9703;15975 xy=129;-848 want=95 str=2.45 l=2.00 r=-0.46 tick=602497 goal=0 here=0 d11=0.61 B=0.29,0.61,2.04,0.66,0.41,0.30,0.30,0.38,0.45,0.93,0.94,0.36,0.21,0.15,0.14,0.16
t=362 field hdg=53.0 enc=9702;15975 xy=128;-848 want=94 str=2.46 l=2.00 r=-0.44 tick=602516 goal=0 here=0 d11=0.62 B=0.31,0.61,1.97,0.64,0.41,0.30,0.30,0.39,0.45,0.93,0.93,0.36,0.19,0.13,0.15,0.17
t=362 field hdg=54.1 enc=9703;15978 xy=130;-847 want=95 str=2.41 l=2.00 r=-0.46 tick=602535 goal=0 here=0 d11=0.60 B=0.30,0.62,1.93,0.66,0.43,0.31,0.30,0.39,0.45,0.93,0.92,0.36,0.20,0.15,0.15,0.15
t=362 field hdg=55.6 enc=9702;15981 xy=130;-846 want=100 str=2.37 l=2.00 r=-0.53 tick=602554 goal=0 here=0 d11=0.61 B=0.29,0.61,1.76,0.65,0.42,0.29,0.31,0.39,0.47,0.92,0.94,0.36,0.18,0.14,0.14,0.16
t=362 field hdg=52.6 enc=9703;15981 xy=131;-845 want=101 str=2.24 l=2.00 r=-0.53 tick=602573 goal=0 here=0 d11=0.60 B=0.30,0.62,1.62,0.64,0.42,0.31,0.30,0.39,0.47,0.92,0.94,0.35,0.19,0.14,0.15,0.16
t=362 field hdg=58.8 enc=9702;15983 xy=131;-845 want=102 str=2.22 l=2.00 r=-0.56 tick=602592 goal=0 here=0 d11=0.62 B=0.28,0.64,1.58,0.64,0.41,0.31,0.32,0.40,0.47,0.91,0.94,0.36,0.19,0.14,0.15,0.17
t=362 field hdg=55.6 enc=9701;15986 xy=131;-844 want=103 str=2.30 l=2.00 r=-0.57 tick=602610 goal=0 here=0 d11=0.61 B=0.29,0.66,1.53,0.64,0.42,0.30,0.31,0.40,0.47,0.91,0.94,0.34,0.17,0.13,0.14,0.16
t=363 field hdg=54.5 enc=9702;15987 xy=132;-843 want=102 str=2.26 l=2.00 r=-0.56 tick=602629 goal=0 here=0 d11=0.62 B=0.28,0.81,1.44,0.62,0.42,0.30,0.33,0.40,0.48,0.91,0.89,0.35,0.19,0.14,0.13,0.15
t=363 field hdg=55.1 enc=9702;15990 xy=133;-842 want=93 str=2.40 l=2.00 r=-0.43 tick=602650 goal=0 here=0 d11=0.62 B=0.30,0.96,1.44,0.63,0.42,0.29,0.29,0.39,0.49,0.90,0.72,0.34,0.18,0.14,0.14,0.15
t=363 field hdg=55.3 enc=9701;15992 xy=133;-842 want=92 str=2.42 l=2.00 r=-0.42 tick=602669 goal=0 here=0 d11=0.61 B=0.30,0.96,1.43,0.63,0.42,0.30,0.32,0.40,0.50,0.90,0.69,0.34,0.19,0.14,0.14,0.17
t=363 field hdg=56.9 enc=9702;15993 xy=134;-841 want=95 str=2.41 l=2.00 r=-0.47 tick=602688 goal=0 here=0 d11=0.62 B=0.28,0.97,1.32,0.62,0.41,0.30,0.31,0.40,0.51,0.90,0.69,0.34,0.17,0.13,0.15,0.16
t=363 field hdg=57.6 enc=9703;15994 xy=134;-840 want=95 str=2.23 l=2.00 r=-0.46 tick=602709 goal=0 here=0 d11=0.61 B=0.29,0.98,1.20,0.63,0.43,0.31,0.32,0.40,0.51,0.90,0.71,0.33,0.17,0.15,0.16,0.16
t=364 field hdg=58.3 enc=9702;15997 xy=135;-839 want=98 str=2.32 l=2.00 r=-0.50 tick=602728 goal=0 here=0 d11=0.60 B=0.29,0.99,1.18,0.60,0.41,0.30,0.31,0.40,0.53,0.93,0.67,0.34,0.17,0.12,0.14,0.16
t=364 field hdg=59.0 enc=9701;15999 xy=135;-839 want=99 str=2.31 l=2.00 r=-0.53 tick=602747 goal=0 here=0 d11=0.61 B=0.28,1.01,1.16,0.60,0.41,0.31,0.32,0.39,0.54,0.92,0.68,0.34,0.17,0.14,0.14,0.14
t=364 field hdg=55.1 enc=9702;16001 xy=136;-837 want=110 str=2.37 l=2.00 r=-0.67 tick=602766 goal=0 here=0 d11=0.60 B=0.29,1.03,1.16,0.60,0.42,0.31,0.32,0.40,0.56,0.92,0.69,0.33,0.18,0.15,0.15,0.16
t=364 field hdg=58.3 enc=9701;16001 xy=136;-838 want=106 str=2.38 l=2.00 r=-0.61 tick=602785 goal=0 here=0 d11=0.62 B=0.29,1.17,1.16,0.61,0.42,0.30,0.32,0.40,0.56,0.93,0.68,0.34,0.17,0.15,0.15,0.17
t=364 field hdg=58.1 enc=9703;16004 xy=137;-836 want=107 str=2.43 l=2.00 r=-0.61 tick=602804 goal=0 here=0 d11=0.60 B=0.30,1.17,1.14,0.60,0.40,0.29,0.32,0.40,0.56,0.92,0.68,0.32,0.16,0.13,0.15,0.16
t=365 field hdg=59.2 enc=9703;16006 xy=137;-835 want=106 str=2.36 l=2.00 r=-0.61 tick=602823 goal=0 here=0 d11=0.61 B=0.30,1.17,1.14,0.60,0.42,0.31,0.33,0.39,0.57,0.93,0.67,0.32,0.17,0.15,0.15,0.16
t=365 field hdg=60.1 enc=9702;16008 xy=138;-835 want=108 str=2.35 l=2.00 r=-0.63 tick=602842 goal=0 here=0 d11=0.62 B=0.29,1.18,1.11,0.58,0.41,0.30,0.32,0.40,0.57,0.93,0.67,0.33,0.17,0.14,0.14,0.17
t=365 field hdg=57.9 enc=9701;16011 xy=138;-834 want=107 str=2.37 l=2.00 r=-0.62 tick=602861 goal=0 here=0 d11=0.61 B=0.30,1.19,1.08,0.59,0.40,0.30,0.33,0.41,0.59,0.93,0.67,0.31,0.17,0.13,0.15,0.18
t=365 field hdg=57.3 enc=9703;16012 xy=139;-832 want=108 str=2.39 l=2.00 r=-0.64 tick=602880 goal=0 here=0 d11=0.60 B=0.29,1.19,1.05,0.59,0.41,0.31,0.34,0.41,0.58,0.95,0.67,0.32,0.15,0.14,0.15,0.18
t=365 field hdg=58.1 enc=9702;16014 xy=139;-832 want=112 str=2.40 l=2.00 r=-0.69 tick=602899 goal=0 here=0 d11=0.62 B=0.28,1.20,1.02,0.59,0.40,0.32,0.34,0.41,0.64,0.96,0.67,0.30,0.16,0.14,0.14,0.17
t=366 field hdg=57.7 enc=9702;16017 xy=140;-831 want=111 str=2.35 l=2.00 r=-0.67 tick=602920 goal=0 here=0 d11=0.61 B=0.29,1.25,1.00,0.59,0.41,0.29,0.34,0.40,0.69,0.96,0.66,0.29,0.16,0.14,0.16,0.17
t=366 field hdg=63.8 enc=9702;16018 xy=140;-830 want=92 str=2.53 l=2.00 r=-0.43 tick=602939 goal=0 here=0 d11=0.63 B=0.29,2.08,0.99,0.59,0.39,0.30,0.34,0.41,0.70,0.96,0.65,0.30,0.16,0.14,0.15,0.17
t=366 field hdg=62.6 enc=9702;16018 xy=140;-830 want=93 str=2.58 l=2.00 r=-0.44 tick=602958 goal=0 here=0 d11=0.61 B=0.29,2.06,0.98,0.57,0.39,0.30,0.35,0.40,0.71,0.96,0.66,0.29,0.16,0.13,0.14,0.18
t=366 field hdg=63.8 enc=9701;16021 xy=141;-829 want=92 str=2.54 l=2.00 r=-0.43 tick=602976 goal=0 here=0 d11=0.61 B=0.29,2.08,0.97,0.59,0.41,0.31,0.34,0.41,0.71,0.97,0.65,0.30,0.15,0.14,0.15,0.18
t=366 field hdg=60.2 enc=9702;16024 xy=142;-828 want=93 str=2.59 l=2.00 r=-0.44 tick=602995 goal=0 here=0 d11=0.61 B=0.28,2.06,0.98,0.58,0.41,0.31,0.34,0.41,0.71,0.98,0.63,0.29,0.14,0.13,0.17,0.17
t=367 field hdg=63.5 enc=9702;16025 xy=142;-827 want=100 str=2.15 l=2.00 r=-0.53 tick=603014 goal=0 here=0 d11=0.63 B=0.29,2.05,0.97,0.44,0.41,0.30,0.35,0.40,0.73,0.98,0.57,0.29,0.16,0.13,0.14,0.17
t=367 field hdg=61.8 enc=9701;16027 xy=142;-827 want=97 str=2.12 l=2.00 r=-0.49 tick=603033 goal=0 here=0 d11=0.62 B=0.30,2.06,0.96,0.42,0.41,0.30,0.35,0.41,0.75,0.98,0.55,0.29,0.15,0.13,0.14,0.20
t=367 field hdg=64.0 enc=9702;16029 xy=143;-825 want=88 str=2.50 l=1.98 r=-0.38 tick=603054 goal=0 here=0 d11=0.62 B=0.28,2.04,0.96,0.44,0.41,0.31,0.34,0.42,0.74,0.97,0.54,0.29,0.14,0.13,0.16,0.18
t=367 field hdg=64.0 enc=9701;16029 xy=143;-826 want=89 str=2.55 l=1.98 r=-0.38 tick=603076 goal=0 here=0 d11=0.62 B=0.28,2.05,0.97,0.43,0.40,0.30,0.35,0.41,0.74,0.99,0.53,0.28,0.14,0.12,0.15,0.18
t=367 field hdg=61.8 enc=9701;16031 xy=143;-825 want=89 str=2.54 l=1.98 r=-0.39 tick=603094 goal=0 here=0 d11=0.61 B=0.28,2.05,0.95,0.44,0.41,0.30,0.33,0.41,0.73,1.00,0.52,0.28,0.15,0.12,0.15,0.19
t=368 field hdg=64.6 enc=9702;16031 xy=143;-825 want=88 str=2.50 l=1.98 r=-0.37 tick=603113 goal=0 here=0 d11=0.62 B=0.29,2.05,0.95,0.43,0.41,0.31,0.35,0.41,0.73,0.99,0.50,0.29,0.15,0.13,0.14,0.20
t=368 field hdg=60.6 enc=9703;16032 xy=144;-824 want=88 str=2.53 l=1.97 r=-0.37 tick=603132 goal=0 here=0 d11=0.62 B=0.29,2.05,0.95,0.42,0.39,0.30,0.34,0.42,0.74,0.98,0.49,0.27,0.14,0.14,0.15,0.19
t=368 field hdg=64.2 enc=9701;16035 xy=144;-823 want=88 str=2.48 l=1.98 r=-0.37 tick=603153 goal=0 here=0 d11=0.61 B=0.29,2.04,0.95,0.43,0.40,0.30,0.34,0.41,0.75,1.00,0.47,0.27,0.15,0.14,0.15,0.19
t=368 field hdg=64.1 enc=9702;16034 xy=144;-823 want=88 str=2.47 l=1.98 r=-0.38 tick=603175 goal=0 here=0 d11=0.62 B=0.29,2.05,0.94,0.43,0.41,0.31,0.35,0.41,0.76,1.00,0.47,0.27,0.16,0.14,0.14,0.20
t=368 field hdg=67.2 enc=9703;16036 xy=145;-822 want=88 str=2.48 l=1.98 r=-0.37 tick=603194 goal=0 here=0 d11=0.62 B=0.29,2.04,0.95,0.44,0.41,0.31,0.35,0.42,0.76,0.99,0.47,0.28,0.15,0.14,0.14,0.21
t=369 field hdg=67.4 enc=9703;16038 xy=145;-821 want=86 str=2.48 l=1.95 r=-0.35 tick=603215 goal=0 here=0 d11=0.62 B=0.29,2.05,0.93,0.42,0.41,0.32,0.34,0.42,0.75,1.01,0.46,0.27,0.14,0.13,0.16,0.22
t=369 field hdg=66.1 enc=9702;16038 xy=145;-821 want=85 str=2.45 l=1.94 r=-0.32 tick=603233 goal=0 here=0 d11=0.60 B=0.29,2.05,0.94,0.41,0.41,0.31,0.36,0.42,0.76,1.00,0.46,0.26,0.15,0.14,0.15,0.24
t=369 field hdg=66.4 enc=9701;16040 xy=145;-821 want=85 str=2.47 l=1.93 r=-0.34 tick=603252 goal=0 here=0 d11=0.63 B=0.28,2.05,0.93,0.41,0.40,0.30,0.35,0.43,0.76,0.99,0.47,0.26,0.15,0.13,0.15,0.25
t=369 field hdg=63.3 enc=9702;16039 xy=145;-821 want=84 str=2.56 l=1.92 r=-0.32 tick=603272 goal=0 here=0 d11=0.60 B=0.28,2.05,0.94,0.42,0.38,0.31,0.35,0.42,0.76,0.99,0.46,0.25,0.14,0.12,0.15,0.26
t=369 field hdg=64.0 enc=9702;16042 xy=146;-820 want=83 str=2.57 l=1.91 r=-0.31 tick=603291 goal=0 here=0 d11=0.61 B=0.28,2.07,0.93,0.41,0.40,0.32,0.35,0.41,0.77,0.98,0.45,0.24,0.15,0.12,0.15,0.26
t=369 STUCK mv=11 want=84
t=373 field hdg=81.8 enc=9653;16074 xy=145;-821 want=88 str=2.41 l=2.00 r=0.14 tick=603616 goal=0 here=0 d11=0.62 B=1.01,1.17,0.61,0.42,0.31,0.32,0.40,0.56,0.93,0.68,0.33,0.17,0.14,0.14,0.16,0.29
t=373 field hdg=80.3 enc=9651;16075 xy=145;-821 want=88 str=2.49 l=2.00 r=0.15 tick=603635 goal=0 here=0 d11=0.64 B=1.04,1.16,0.60,0.42,0.30,0.33,0.40,0.56,0.93,0.68,0.32,0.16,0.12,0.15,0.15,0.28
t=373 field hdg=80.1 enc=9653;16079 xy=146;-819 want=84 str=2.47 l=2.00 r=0.29 tick=603656 goal=0 here=0 d11=0.62 B=1.16,1.15,0.61,0.43,0.30,0.32,0.40,0.56,0.92,0.68,0.32,0.17,0.12,0.13,0.17,0.30
t=373 field hdg=81.1 enc=9653;16080 xy=146;-818 want=85 str=2.46 l=2.00 r=0.28 tick=603675 goal=0 here=0 d11=0.63 B=1.16,1.14,0.61,0.41,0.30,0.34,0.41,0.57,0.93,0.68,0.32,0.16,0.13,0.15,0.15,0.29
t=373 field hdg=80.9 enc=9653;16081 xy=146;-818 want=86 str=2.52 l=2.00 r=0.27 tick=603694 goal=0 here=0 d11=0.62 B=1.16,1.13,0.60,0.42,0.31,0.33,0.41,0.58,0.94,0.67,0.32,0.15,0.13,0.14,0.17,0.28
t=374 field hdg=79.4 enc=9652;16083 xy=146;-817 want=86 str=2.44 l=2.00 r=0.29 tick=603713 goal=0 here=0 d11=0.64 B=1.18,1.10,0.59,0.42,0.32,0.34,0.41,0.58,0.94,0.66,0.32,0.15,0.15,0.14,0.16,0.28
t=374 field hdg=80.2 enc=9651;16086 xy=146;-816 want=87 str=2.45 l=2.00 r=0.26 tick=603731 goal=0 here=0 d11=0.62 B=1.18,1.07,0.59,0.41,0.29,0.32,0.40,0.61,0.95,0.66,0.31,0.16,0.13,0.14,0.16,0.28
t=374 field hdg=86.8 enc=9651;16088 xy=146;-815 want=86 str=2.42 l=2.00 r=0.29 tick=603750 goal=0 here=0 d11=0.62 B=1.20,1.05,0.59,0.41,0.30,0.33,0.41,0.60,0.95,0.66,0.31,0.15,0.13,0.15,0.17,0.29
t=374 field hdg=84.6 enc=9651;16089 xy=146;-815 want=89 str=2.49 l=2.00 r=0.26 tick=603769 goal=0 here=0 d11=0.61 B=1.22,1.03,0.58,0.40,0.30,0.33,0.41,0.69,0.95,0.66,0.30,0.15,0.13,0.15,0.17,0.28
t=374 field hdg=81.7 enc=9652;16092 xy=146;-813 want=80 str=2.52 l=2.00 r=0.69 tick=603790 goal=0 here=0 d11=0.63 B=1.65,1.00,0.59,0.41,0.31,0.32,0.41,0.72,0.97,0.65,0.30,0.14,0.13,0.15,0.17,0.28
t=374 field hdg=82.1 enc=9651;16094 xy=147;-812 want=71 str=2.65 l=2.00 r=0.85 tick=603809 goal=0 here=0 d11=0.61 B=2.07,0.98,0.59,0.42,0.30,0.34,0.42,0.72,0.97,0.65,0.30,0.15,0.13,0.13,0.17,0.30
t=375 field hdg=83.3 enc=9653;16096 xy=147;-810 want=72 str=2.58 l=2.00 r=0.85 tick=603829 goal=0 here=0 d11=0.62 B=2.07,0.98,0.59,0.41,0.31,0.33,0.41,0.71,0.97,0.64,0.29,0.15,0.14,0.15,0.17,0.27
t=375 field hdg=87.0 enc=9653;16096 xy=147;-810 want=71 str=2.65 l=2.00 r=0.85 tick=603847 goal=0 here=0 d11=0.61 B=2.06,0.97,0.56,0.41,0.31,0.34,0.41,0.73,0.98,0.64,0.29,0.14,0.12,0.13,0.18,0.30
t=375 field hdg=84.5 enc=9651;16100 xy=147;-809 want=70 str=2.61 l=2.00 r=0.87 tick=603868 goal=0 here=0 d11=0.63 B=2.06,0.97,0.58,0.41,0.31,0.32,0.42,0.74,0.98,0.56,0.28,0.16,0.14,0.14,0.18,0.28
t=375 field hdg=85.7 enc=9651;16102 xy=147;-808 want=71 str=2.64 l=2.00 r=0.85 tick=603887 goal=0 here=0 d11=0.61 B=2.06,0.96,0.56,0.41,0.30,0.35,0.41,0.74,0.99,0.55,0.29,0.15,0.14,0.13,0.18,0.28
t=375 field hdg=87.1 enc=9652;16102 xy=147;-808 want=62 str=3.02 l=2.00 r=0.98 tick=603906 goal=0 here=0 d11=0.63 B=2.05,0.96,0.56,0.40,0.30,0.34,0.42,0.75,0.98,0.53,0.28,0.15,0.14,0.15,0.20,0.28
t=376 field hdg=85.2 enc=9652;16105 xy=147;-806 want=66 str=2.54 l=2.00 r=0.92 tick=603925 goal=0 here=0 d11=0.63 B=2.03,0.96,0.49,0.40,0.30,0.34,0.42,0.75,0.98,0.53,0.27,0.15,0.13,0.14,0.20,0.28
t=376 field hdg=82.1 enc=9651;16106 xy=147;-806 want=64 str=2.53 l=2.00 r=0.95 tick=603946 goal=0 here=0 d11=0.64 B=2.04,0.96,0.43,0.41,0.30,0.34,0.41,0.75,0.99,0.50,0.27,0.14,0.14,0.15,0.22,0.28
t=376 field hdg=85.1 enc=9653;16109 xy=147;-804 want=63 str=2.54 l=2.00 r=0.96 tick=603965 goal=0 here=0 d11=0.64 B=2.04,0.95,0.44,0.41,0.31,0.35,0.41,0.75,1.00,0.49,0.26,0.14,0.13,0.14,0.25,0.28
t=376 field hdg=89.7 enc=9652;16110 xy=147;-804 want=64 str=2.50 l=2.00 r=0.95 tick=603984 goal=0 here=0 d11=0.63 B=2.04,0.94,0.42,0.41,0.31,0.35,0.41,0.76,1.00,0.47,0.26,0.15,0.14,0.13,0.25,0.28
t=376 field hdg=88.9 enc=9652;16112 xy=147;-803 want=63 str=2.45 l=2.00 r=0.96 tick=604003 goal=0 here=0 d11=0.65 B=2.03,0.92,0.41,0.39,0.29,0.34,0.42,0.76,1.00,0.46,0.27,0.14,0.13,0.14,0.26,0.28
t=377 field hdg=85.9 enc=9651;16114 xy=147;-802 want=61 str=2.48 l=2.00 r=0.98 tick=604022 goal=0 here=0 d11=0.64 B=2.05,0.94,0.42,0.40,0.30,0.35,0.43,0.76,1.00,0.44,0.26,0.14,0.13,0.16,0.26,0.29
t=377 field hdg=87.3 enc=9651;16115 xy=147;-802 want=64 str=2.52 l=2.00 r=0.95 tick=604042 goal=0 here=0 d11=0.65 B=2.05,0.92,0.41,0.40,0.31,0.35,0.42,0.76,1.00,0.44,0.26,0.14,0.12,0.14,0.26,0.28
t=377 field hdg=88.5 enc=9651;16119 xy=147;-800 want=63 str=2.62 l=2.00 r=0.96 tick=604061 goal=0 here=0 d11=0.67 B=2.06,0.92,0.41,0.40,0.30,0.36,0.41,0.78,1.00,0.44,0.24,0.12,0.13,0.15,0.25,0.28
t=377 field hdg=87.6 enc=9653;16120 xy=148;-798 want=62 str=2.53 l=2.00 r=0.97 tick=604083 goal=0 here=0 d11=0.65 B=2.05,0.93,0.41,0.42,0.31,0.36,0.42,0.76,1.00,0.44,0.25,0.15,0.13,0.14,0.26,0.29
t=377 field hdg=85.3 enc=9653;16122 xy=148;-797 want=63 str=2.62 l=2.00 r=0.96 tick=604102 goal=0 here=0 d11=0.66 B=2.04,0.91,0.41,0.39,0.32,0.36,0.42,0.77,0.99,0.44,0.23,0.15,0.12,0.13,0.26,0.29
t=378 field hdg=87.8 enc=9653;16125 xy=148;-796 want=63 str=2.57 l=2.00 r=0.96 tick=604121 goal=0 here=0 d11=0.66 B=2.04,0.91,0.40,0.40,0.31,0.37,0.42,0.78,0.99,0.43,0.23,0.14,0.14,0.15,0.26,0.27
t=378 field hdg=86.5 enc=9651;16126 xy=148;-796 want=64 str=2.55 l=2.00 r=0.95 tick=604139 goal=0 here=0 d11=0.66 B=2.03,0.89,0.40,0.39,0.30,0.36,0.41,0.77,1.00,0.43,0.23,0.14,0.14,0.14,0.25,0.28
t=378 field hdg=88.3 enc=9652;16127 xy=148;-795 want=61 str=2.52 l=2.00 r=0.98 tick=604161 goal=0 here=0 d11=0.67 B=2.04,0.91,0.40,0.37,0.31,0.37,0.43,0.78,0.98,0.41,0.23,0.15,0.13,0.15,0.28,0.28
t=378 field hdg=87.0 enc=9653;16129 xy=148;-794 want=63 str=2.56 l=2.00 r=0.97 tick=604180 goal=0 here=0 d11=0.68 B=2.02,0.91,0.40,0.38,0.29,0.37,0.43,0.80,0.99,0.42,0.22,0.14,0.13,0.14,0.27,0.29
t=378 field hdg=94.5 enc=9652;16133 xy=148;-792 want=64 str=2.57 l=2.00 r=0.95 tick=604199 goal=0 here=0 d11=0.68 B=2.01,0.89,0.39,0.39,0.30,0.36,0.44,0.80,0.98,0.41,0.22,0.14,0.14,0.13,0.26,0.28
t=379 field hdg=93.3 enc=9652;16133 xy=148;-792 want=64 str=2.60 l=2.00 r=0.95 tick=604218 goal=0 here=0 d11=0.68 B=2.00,0.87,0.38,0.37,0.31,0.38,0.43,0.80,0.98,0.42,0.21,0.13,0.14,0.13,0.26,0.29
t=379 field hdg=88.0 enc=9653;16135 xy=148;-791 want=64 str=2.53 l=2.00 r=0.95 tick=604237 goal=0 here=0 d11=0.67 B=1.98,0.87,0.40,0.37,0.30,0.37,0.42,0.81,0.98,0.41,0.21,0.15,0.13,0.15,0.26,0.28
t=379 field hdg=96.4 enc=9653;16139 xy=147;-789 want=65 str=2.49 l=2.00 r=0.93 tick=604256 goal=0 here=0 d11=0.68 B=1.98,0.72,0.40,0.37,0.31,0.36,0.44,0.80,0.98,0.40,0.20,0.14,0.14,0.14,0.26,0.29
t=379 field hdg=92.7 enc=9653;16138 xy=147;-789 want=65 str=2.48 l=2.00 r=0.94 tick=604275 goal=0 here=0 d11=0.69 B=1.99,0.72,0.40,0.38,0.30,0.36,0.44,0.80,0.98,0.40,0.20,0.14,0.13,0.15,0.27,0.29
t=379 field hdg=95.2 enc=9653;16142 xy=147;-787 want=68 str=2.41 l=2.00 r=0.89 tick=604296 goal=0 here=0 d11=0.67 B=1.99,0.72,0.40,0.35,0.31,0.37,0.43,1.00,0.97,0.40,0.20,0.15,0.14,0.15,0.27,0.30
t=380 field hdg=91.5 enc=9651;16144 xy=147;-787 want=68 str=2.50 l=2.00 r=0.89 tick=604315 goal=0 here=0 d11=0.68 B=1.98,0.71,0.39,0.36,0.30,0.38,0.43,1.00,0.95,0.40,0.19,0.14,0.13,0.16,0.27,0.30
t=380 field hdg=93.2 enc=9653;16144 xy=147;-786 want=68 str=2.48 l=2.00 r=0.89 tick=604334 goal=0 here=0 d11=0.69 B=2.00,0.71,0.40,0.35,0.30,0.38,0.45,1.00,0.96,0.41,0.20,0.13,0.14,0.13,0.28,0.30
t=380 field hdg=94.8 enc=9651;16147 xy=147;-786 want=69 str=2.50 l=2.00 r=0.89 tick=604353 goal=0 here=0 d11=0.69 B=2.00,0.69,0.39,0.35,0.30,0.38,0.44,1.02,0.95,0.39,0.19,0.14,0.13,0.15,0.27,0.30
t=380 field hdg=95.0 enc=9651;16149 xy=147;-785 want=69 str=2.44 l=2.00 r=0.88 tick=604373 goal=0 here=0 d11=0.69 B=2.00,0.70,0.38,0.35,0.30,0.37,0.44,1.01,0.94,0.39,0.20,0.15,0.14,0.15,0.25,0.31
t=380 field hdg=92.8 enc=9653;16151 xy=147;-783 want=69 str=2.55 l=2.00 r=0.89 tick=604392 goal=0 here=0 d11=0.70 B=2.00,0.69,0.38,0.34,0.32,0.38,0.45,1.01,0.95,0.39,0.19,0.13,0.14,0.14,0.27,0.30
t=381 field hdg=95.8 enc=9653;16152 xy=147;-782 want=68 str=2.54 l=2.00 r=0.90 tick=604411 goal=0 here=0 d11=0.70 B=2.03,0.68,0.40,0.32,0.30,0.37,0.44,1.00,0.96,0.39,0.18,0.14,0.15,0.13,0.27,0.40
t=381 field hdg=95.0 enc=9651;16155 xy=147;-782 want=68 str=2.52 l=2.00 r=0.90 tick=604430 goal=0 here=0 d11=0.71 B=2.03,0.68,0.40,0.33,0.30,0.39,0.45,1.00,0.95,0.39,0.18,0.14,0.14,0.13,0.27,0.51
t=381 field hdg=93.3 enc=9652;16157 xy=147;-780 want=68 str=2.53 l=2.00 r=0.90 tick=604449 goal=0 here=0 d11=0.68 B=2.02,0.69,0.37,0.34,0.31,0.38,0.44,1.01,0.96,0.39,0.18,0.13,0.15,0.14,0.26,0.51
t=381 field hdg=96.9 enc=9652;16160 xy=147;-779 want=68 str=2.47 l=2.00 r=0.90 tick=604470 goal=0 here=0 d11=0.70 B=2.01,0.66,0.39,0.32,0.30,0.40,0.44,1.00,0.95,0.39,0.18,0.14,0.14,0.16,0.26,0.50
t=381 field hdg=94.6 enc=9652;16161 xy=147;-778 want=66 str=2.56 l=2.00 r=0.91 tick=604489 goal=0 here=0 d11=0.70 B=2.03,0.69,0.38,0.33,0.32,0.39,0.46,1.00,0.95,0.38,0.17,0.13,0.15,0.13,0.28,0.54
t=381 field hdg=95.0 enc=9652;16163 xy=147;-777 want=67 str=2.56 l=2.00 r=0.90 tick=604508 goal=0 here=0 d11=0.72 B=2.02,0.67,0.40,0.32,0.31,0.39,0.46,0.99,0.95,0.38,0.17,0.13,0.14,0.15,0.27,0.53
t=382 field hdg=94.1 enc=9653;16165 xy=146;-776 want=66 str=2.49 l=2.00 r=0.93 tick=604527 goal=0 here=0 d11=0.71 B=2.01,0.68,0.39,0.33,0.31,0.39,0.45,0.98,0.95,0.38,0.16,0.15,0.15,0.16,0.27,0.55
t=382 field hdg=96.0 enc=9651;16167 xy=146;-776 want=67 str=2.44 l=2.00 r=0.91 tick=604546 goal=0 here=0 d11=0.71 B=2.02,0.66,0.39,0.32,0.30,0.40,0.45,0.99,0.95,0.37,0.19,0.13,0.15,0.16,0.27,0.55
t=382 field hdg=99.0 enc=9652;16167 xy=146;-775 want=67 str=2.49 l=2.00 r=0.90 tick=604565 goal=0 here=0 d11=0.73 B=2.02,0.67,0.38,0.33,0.32,0.41,0.45,0.99,0.96,0.37,0.18,0.15,0.14,0.14,0.27,0.55
t=382 field hdg=98.4 enc=9653;16170 xy=146;-773 want=54 str=2.53 l=2.00 r=1.08 tick=604586 goal=0 here=0 d11=0.72 B=2.00,0.66,0.39,0.32,0.30,0.40,0.46,0.97,0.96,0.37,0.18,0.14,0.14,0.16,0.27,0.56
t=382 field hdg=97.4 enc=9653;16173 xy=146;-772 want=54 str=2.60 l=2.00 r=1.08 tick=604605 goal=0 here=0 d11=0.74 B=2.00,0.67,0.39,0.33,0.29,0.40,0.46,0.96,0.97,0.36,0.16,0.13,0.14,0.16,0.27,0.56
t=383 field hdg=98.0 enc=9655;16174 xy=146;-770 want=55 str=2.61 l=2.00 r=1.07 tick=604625 goal=0 here=0 d11=0.74 B=2.01,0.65,0.40,0.32,0.30,0.41,0.45,0.97,0.97,0.37,0.16,0.13,0.15,0.14,0.26,0.57
t=383 field hdg=97.0 enc=9656;16175 xy=146;-769 want=55 str=2.56 l=2.00 r=1.07 tick=604645 goal=0 here=0 d11=0.75 B=2.02,0.66,0.39,0.33,0.32,0.39,0.46,0.96,0.98,0.36,0.17,0.14,0.14,0.14,0.26,0.57
t=383 field hdg=95.0 enc=9656;16179 xy=145;-767 want=56 str=2.62 l=2.00 r=1.06 tick=604664 goal=0 here=0 d11=0.73 B=2.00,0.66,0.38,0.32,0.31,0.41,0.48,0.96,0.96,0.36,0.16,0.14,0.15,0.14,0.25,0.57
t=383 field hdg=101.8 enc=9657;16181 xy=145;-766 want=55 str=2.51 l=2.00 r=1.07 tick=604687 goal=0 here=0 d11=0.74 B=2.00,0.65,0.40,0.32,0.31,0.39,0.48,0.97,0.98,0.36,0.18,0.14,0.14,0.16,0.26,0.56
t=383 field hdg=97.0 enc=9659;16181 xy=145;-765 want=55 str=2.54 l=2.00 r=1.06 tick=604708 goal=0 here=0 d11=0.73 B=1.95,0.65,0.39,0.31,0.31,0.39,0.48,0.97,0.96,0.36,0.17,0.14,0.14,0.15,0.26,0.58
t=384 field hdg=96.3 enc=9661;16185 xy=145;-762 want=54 str=2.44 l=2.00 r=1.07 tick=604727 goal=0 here=0 d11=0.74 B=1.94,0.65,0.38,0.31,0.31,0.39,0.47,0.95,0.99,0.36,0.17,0.15,0.15,0.17,0.26,0.58
t=384 field hdg=100.4 enc=9662;16185 xy=144;-761 want=55 str=2.47 l=2.00 r=1.07 tick=604746 goal=0 here=0 d11=0.75 B=1.90,0.65,0.38,0.32,0.32,0.39,0.47,0.97,0.98,0.36,0.17,0.14,0.14,0.17,0.27,0.59
t=384 field hdg=99.4 enc=9661;16189 xy=144;-760 want=57 str=2.52 l=2.00 r=1.04 tick=604765 goal=0 here=0 d11=0.73 B=1.90,0.66,0.38,0.32,0.31,0.39,0.48,0.96,0.98,0.36,0.17,0.13,0.15,0.15,0.24,0.58
t=384 field hdg=97.9 enc=9662;16191 xy=144;-758 want=57 str=2.53 l=2.00 r=1.04 tick=604784 goal=0 here=0 d11=0.73 B=1.88,0.65,0.39,0.31,0.32,0.41,0.47,0.96,1.00,0.36,0.15,0.14,0.14,0.17,0.25,0.59
t=384 field hdg=98.2 enc=9664;16192 xy=144;-757 want=56 str=2.45 l=2.00 r=1.05 tick=604804 goal=0 here=0 d11=0.75 B=1.87,0.64,0.38,0.32,0.31,0.41,0.48,0.97,0.99,0.36,0.15,0.15,0.14,0.17,0.25,0.60
t=385 field hdg=99.6 enc=9666;16194 xy=143;-755 want=58 str=2.38 l=2.00 r=1.03 tick=604825 goal=0 here=0 d11=0.74 B=1.75,0.64,0.39,0.31,0.30,0.41,0.49,0.96,0.95,0.35,0.17,0.14,0.15,0.17,0.25,0.61
t=385 field hdg=98.9 enc=9665;16195 xy=143;-755 want=57 str=2.43 l=2.00 r=0.94 tick=604844 goal=0 here=0 d11=0.76 B=1.58,0.64,0.39,0.32,0.31,0.39,0.47,0.95,0.78,0.35,0.17,0.13,0.13,0.17,0.26,0.61
t=385 field hdg=98.4 enc=9667;16196 xy=143;-753 want=54 str=2.45 l=2.00 r=0.96 tick=604863 goal=0 here=0 d11=0.76 B=1.55,0.62,0.39,0.33,0.29,0.40,0.47,0.96,0.76,0.35,0.16,0.13,0.14,0.17,0.26,0.76
t=385 field hdg=102.5 enc=9665;16200 xy=143;-752 want=52 str=2.49 l=2.00 r=0.97 tick=604882 goal=0 here=0 d11=0.75 B=1.52,0.62,0.39,0.32,0.32,0.41,0.50,0.96,0.74,0.36,0.15,0.15,0.14,0.17,0.25,0.90
t=385 field hdg=103.3 enc=9666;16202 xy=143;-751 want=53 str=2.47 l=2.00 r=0.91 tick=604904 goal=0 here=0 d11=0.75 B=1.44,0.62,0.38,0.32,0.31,0.42,0.47,0.95,0.73,0.35,0.16,0.13,0.14,0.17,0.25,0.92
t=386 field hdg=101.7 enc=9667;16203 xy=143;-750 want=53 str=2.39 l=2.00 r=0.87 tick=604923 goal=0 here=0 d11=0.76 B=1.40,0.62,0.39,0.30,0.32,0.40,0.49,0.95,0.73,0.34,0.16,0.14,0.15,0.18,0.24,0.93
t=386 field hdg=101.2 enc=9665;16204 xy=143;-750 want=53 str=2.40 l=2.00 r=0.87 tick=604943 goal=0 here=0 d11=0.76 B=1.39,0.60,0.38,0.30,0.30,0.42,0.50,0.96,0.73,0.35,0.17,0.13,0.13,0.18,0.27,0.93
t=386 field hdg=101.0 enc=9666;16208 xy=142;-748 want=51 str=2.37 l=2.00 r=0.89 tick=604962 goal=0 here=0 d11=0.75 B=1.38,0.62,0.40,0.32,0.30,0.41,0.50,0.96,0.74,0.34,0.16,0.14,0.14,0.20,0.26,0.96
t=386 field hdg=100.1 enc=9666;16210 xy=142;-747 want=54 str=2.20 l=2.00 r=0.70 tick=604986 goal=0 here=0 d11=0.77 B=1.17,0.61,0.37,0.30,0.32,0.41,0.51,0.96,0.71,0.34,0.15,0.16,0.14,0.20,0.26,0.96
t=386 field hdg=104.4 enc=9666;16211 xy=142;-747 want=54 str=2.22 l=2.00 r=0.68 tick=605005 goal=0 here=0 d11=0.75 B=1.15,0.59,0.38,0.31,0.32,0.41,0.52,0.94,0.71,0.34,0.16,0.14,0.13,0.21,0.25,1.00
t=387 field hdg=99.9 enc=9666;16214 xy=142;-745 want=50 str=2.25 l=2.00 r=0.72 tick=605023 goal=0 here=0 d11=0.75 B=1.14,0.61,0.40,0.31,0.32,0.42,0.53,0.97,0.72,0.34,0.15,0.14,0.14,0.22,0.25,1.12
t=387 field hdg=103.9 enc=9665;16215 xy=142;-745 want=49 str=2.22 l=2.00 r=0.74 tick=605042 goal=0 here=0 d11=0.76 B=1.13,0.59,0.38,0.30,0.31,0.42,0.54,0.97,0.71,0.34,0.15,0.14,0.13,0.24,0.26,1.14
t=387 field hdg=105.0 enc=9667;16216 xy=141;-744 want=50 str=2.20 l=2.00 r=0.72 tick=605061 goal=0 here=0 d11=0.76 B=1.12,0.59,0.39,0.31,0.33,0.41,0.54,0.97,0.70,0.32,0.16,0.14,0.14,0.23,0.25,1.14
t=387 field hdg=103.4 enc=9665;16220 xy=141;-743 want=48 str=2.19 l=2.00 r=0.73 tick=605080 goal=0 here=0 d11=0.76 B=1.12,0.58,0.38,0.30,0.30,0.42,0.55,0.97,0.71,0.30,0.14,0.15,0.14,0.24,0.26,1.13
t=387 field hdg=105.3 enc=9666;16222 xy=141;-741 want=64 str=2.29 l=2.00 r=0.53 tick=605099 goal=0 here=0 d11=0.76 B=1.11,0.58,0.40,0.30,0.31,0.43,0.56,0.97,0.70,0.31,0.15,0.15,0.13,0.24,0.24,1.16
t=388 field hdg=103.2 enc=9665;16223 xy=141;-741 want=61 str=2.25 l=2.00 r=0.55 tick=605120 goal=0 here=0 d11=0.76 B=1.09,0.58,0.41,0.30,0.32,0.42,0.56,0.96,0.69,0.30,0.15,0.14,0.14,0.26,0.26,1.15
t=388 field hdg=106.0 enc=9665;16226 xy=140;-740 want=64 str=2.25 l=2.00 r=0.48 tick=605139 goal=0 here=0 d11=0.76 B=1.05,0.57,0.39,0.30,0.32,0.43,0.58,0.98,0.70,0.30,0.16,0.14,0.14,0.25,0.26,1.17
t=388 field hdg=101.6 enc=9665;16227 xy=140;-739 want=64 str=2.19 l=2.00 r=0.47 tick=605157 goal=0 here=0 d11=0.76 B=1.04,0.57,0.39,0.28,0.32,0.43,0.59,0.99,0.70,0.30,0.16,0.14,0.14,0.25,0.26,1.18
t=388 field hdg=111.4 enc=9666;16228 xy=140;-738 want=45 str=2.39 l=1.90 r=0.71 tick=605176 goal=0 here=0 d11=0.74 B=1.01,0.57,0.39,0.30,0.32,0.42,0.60,0.99,0.69,0.30,0.15,0.15,0.15,0.24,0.26,2.02
t=388 field hdg=106.0 enc=9665;16230 xy=140;-738 want=46 str=2.45 l=1.90 r=0.67 tick=605195 goal=0 here=0 d11=0.74 B=0.98,0.56,0.40,0.30,0.33,0.42,0.60,0.99,0.68,0.28,0.16,0.15,0.13,0.24,0.25,2.03
t=389 field hdg=105.0 enc=9666;16229 xy=140;-738 want=47 str=2.46 l=1.92 r=0.66 tick=605214 goal=0 here=0 d11=0.75 B=0.98,0.56,0.38,0.30,0.32,0.43,0.60,1.00,0.68,0.29,0.16,0.14,0.13,0.25,0.24,2.02
t=389 field hdg=105.7 enc=9665;16232 xy=139;-737 want=45 str=2.36 l=1.89 r=0.68 tick=605234 goal=0 here=0 d11=0.76 B=0.98,0.56,0.41,0.29,0.32,0.44,0.61,0.99,0.68,0.29,0.16,0.14,0.15,0.25,0.25,2.02
t=389 field hdg=104.5 enc=9666;16231 xy=139;-737 want=52 str=2.00 l=1.96 r=0.56 tick=605253 goal=0 here=0 d11=0.75 B=0.95,0.55,0.39,0.30,0.32,0.43,0.62,0.99,0.60,0.28,0.15,0.14,0.14,0.23,0.25,2.02
t=389 field hdg=106.8 enc=9667;16232 xy=139;-736 want=44 str=2.49 l=1.85 r=0.68 tick=605272 goal=0 here=0 d11=0.74 B=0.95,0.57,0.39,0.30,0.32,0.43,0.62,0.99,0.59,0.27,0.16,0.15,0.14,0.24,0.25,2.03
t=389 field hdg=103.0 enc=9666;16233 xy=139;-736 want=45 str=2.52 l=1.87 r=0.66 tick=605291 goal=0 here=0 d11=0.75 B=0.95,0.56,0.38,0.30,0.33,0.43,0.63,1.01,0.58,0.27,0.15,0.15,0.14,0.24,0.25,2.01
t=389 field hdg=109.9 enc=9666;16235 xy=139;-735 want=45 str=2.43 l=1.85 r=0.66 tick=605310 goal=0 here=0 d11=0.76 B=0.94,0.55,0.38,0.29,0.34,0.43,0.63,1.01,0.58,0.28,0.16,0.15,0.14,0.24,0.26,2.03
t=390 field hdg=105.9 enc=9665;16237 xy=139;-735 want=45 str=2.39 l=1.87 r=0.65 tick=605337 goal=0 here=0 d11=0.76 B=0.94,0.55,0.40,0.28,0.33,0.42,0.63,1.02,0.58,0.28,0.16,0.14,0.14,0.25,0.24,2.02
t=390 field hdg=103.5 enc=9666;16237 xy=138;-734 want=45 str=2.49 l=1.86 r=0.65 tick=605362 goal=0 here=0 d11=0.73 B=0.93,0.55,0.40,0.29,0.33,0.42,0.64,1.01,0.57,0.27,0.15,0.14,0.14,0.24,0.25,2.02
t=390 field hdg=108.7 enc=9666;16239 xy=138;-733 want=47 str=2.50 l=1.88 r=0.62 tick=605383 goal=0 here=0 d11=0.75 B=0.93,0.55,0.40,0.30,0.33,0.42,0.74,1.02,0.56,0.27,0.15,0.14,0.15,0.25,0.26,2.01
t=390 field hdg=104.2 enc=9665;16241 xy=138;-733 want=40 str=2.95 l=1.77 r=0.71 tick=605406 goal=0 here=0 d11=0.75 B=0.92,0.56,0.39,0.30,0.32,0.43,0.75,1.02,0.55,0.26,0.15,0.14,0.14,0.25,0.25,2.01
t=391 field hdg=111.2 enc=9665;16240 xy=138;-733 want=39 str=2.96 l=1.78 r=0.73 tick=605425 goal=0 here=0 d11=0.75 B=0.94,0.55,0.39,0.29,0.32,0.42,0.76,1.00,0.54,0.25,0.15,0.14,0.14,0.24,0.26,2.00
t=391 field hdg=110.9 enc=9666;16243 xy=137;-731 want=43 str=2.46 l=1.83 r=0.67 tick=605444 goal=0 here=0 d11=0.74 B=0.93,0.54,0.37,0.30,0.33,0.43,0.76,1.02,0.52,0.25,0.15,0.15,0.14,0.25,0.25,2.01
t=391 field hdg=105.7 enc=9665;16243 xy=138;-732 want=39 str=2.90 l=1.78 r=0.74 tick=605462 goal=0 here=0 d11=0.76 B=0.94,0.56,0.39,0.29,0.32,0.42,0.74,1.04,0.51,0.25,0.16,0.15,0.14,0.25,0.26,2.00
t=391 field hdg=107.5 enc=9667;16244 xy=137;-730 want=44 str=2.44 l=1.82 r=0.65 tick=605481 goal=0 here=0 d11=0.74 B=0.91,0.55,0.39,0.30,0.32,0.42,0.75,1.02,0.51,0.25,0.15,0.15,0.14,0.25,0.25,2.00
t=391 field hdg=109.9 enc=9666;16243 xy=137;-731 want=43 str=2.41 l=1.82 r=0.66 tick=605500 goal=0 here=0 d11=0.74 B=0.91,0.55,0.39,0.30,0.34,0.43,0.75,1.03,0.51,0.25,0.15,0.14,0.16,0.26,0.25,2.00
t=392 STUCK mv=10 want=43
t=395 field hdg=94.6 enc=9700;16199 xy=137;-731 want=71 str=2.50 l=2.00 r=0.86 tick=605830 goal=0 here=0 d11=0.73 B=2.00,0.67,0.38,0.36,0.31,0.37,0.45,1.03,0.99,0.41,0.18,0.14,0.14,0.15,0.24,0.49
t=395 field hdg=90.1 enc=9700;16202 xy=137;-730 want=69 str=2.47 l=2.00 r=0.88 tick=605849 goal=0 here=0 d11=0.74 B=1.99,0.68,0.39,0.37,0.30,0.36,0.45,1.02,0.97,0.39,0.19,0.13,0.15,0.16,0.25,0.49
t=395 field hdg=94.6 enc=9702;16202 xy=137;-729 want=69 str=2.49 l=2.00 r=0.87 tick=605867 goal=0 here=0 d11=0.75 B=2.00,0.68,0.37,0.36,0.30,0.38,0.46,1.05,0.98,0.40,0.17,0.15,0.13,0.15,0.26,0.51
t=395 field hdg=93.3 enc=9700;16204 xy=137;-729 want=70 str=2.53 l=2.00 r=0.87 tick=605886 goal=0 here=0 d11=0.73 B=2.02,0.67,0.38,0.37,0.30,0.36,0.46,1.02,0.99,0.40,0.18,0.13,0.14,0.15,0.25,0.50
t=395 field hdg=93.1 enc=9702;16206 xy=137;-727 want=68 str=2.41 l=2.00 r=0.89 tick=605910 goal=0 here=0 d11=0.73 B=1.99,0.66,0.36,0.36,0.29,0.39,0.46,1.03,0.97,0.40,0.18,0.14,0.13,0.18,0.26,0.50
t=396 field hdg=97.6 enc=9701;16210 xy=137;-725 want=70 str=2.45 l=2.00 r=0.87 tick=605932 goal=0 here=0 d11=0.74 B=2.00,0.66,0.37,0.36,0.31,0.39,0.45,1.03,0.97,0.39,0.17,0.15,0.14,0.17,0.24,0.52
t=396 field hdg=97.2 enc=9702;16211 xy=137;-724 want=69 str=2.42 l=2.00 r=0.88 tick=605951 goal=0 here=0 d11=0.75 B=1.99,0.66,0.37,0.34,0.30,0.38,0.45,1.01,0.98,0.39,0.19,0.14,0.14,0.17,0.24,0.53
t=0 field hdg=26.8 enc=8927;19018 xy=0;0 want=91 str=1.24 l=1.97 r=-0.46 tick=653058 goal=0 here=0 d11=0.57 B=0.22,0.38,0.62,2.09,0.68,0.41,0.26,0.26,0.30,0.34,0.67,0.92,0.60,0.34,0.24,0.20
t=0 field hdg=22.1 enc=8928;19019 xy=1;1 want=94 str=1.21 l=2.00 r=-0.50 tick=653081 goal=0 here=0 d11=0.56 B=0.22,0.38,0.62,2.09,0.67,0.41,0.25,0.26,0.31,0.34,0.68,0.93,0.60,0.34,0.23,0.20
t=0 field hdg=22.5 enc=8926;19022 xy=2;1 want=86 str=1.20 l=1.91 r=-0.39 tick=653103 goal=0 here=0 d11=0.57 B=0.23,0.37,0.63,2.10,0.68,0.40,0.26,0.24,0.32,0.32,0.67,0.91,0.61,0.34,0.24,0.22
t=0 field hdg=23.8 enc=8928;19023 xy=3;1 want=88 str=1.24 l=1.94 r=-0.41 tick=653121 goal=0 here=0 d11=0.57 B=0.23,0.36,0.63,2.10,0.68,0.40,0.25,0.25,0.30,0.33,0.67,0.92,0.60,0.34,0.24,0.19
t=1 field hdg=24.9 enc=8926;19023 xy=2;1 want=89 str=1.25 l=1.95 r=-0.42 tick=653143 goal=0 here=0 d11=0.56 B=0.23,0.38,0.64,2.10,0.68,0.40,0.26,0.26,0.31,0.33,0.68,0.91,0.59,0.34,0.25,0.19
t=1 field hdg=22.3 enc=8928;19024 xy=4;2 want=86 str=1.20 l=1.90 r=-0.39 tick=653165 goal=0 here=0 d11=0.55 B=0.23,0.38,0.62,2.11,0.68,0.40,0.25,0.25,0.30,0.33,0.69,0.92,0.59,0.33,0.25,0.21
t=1 field hdg=25.9 enc=8928;19024 xy=4;2 want=89 str=1.25 l=1.95 r=-0.43 tick=653183 goal=0 here=0 d11=0.56 B=0.23,0.37,0.63,2.11,0.68,0.40,0.26,0.27,0.29,0.33,0.69,0.91,0.59,0.34,0.25,0.20
t=1 field hdg=27.8 enc=8927;19026 xy=4;2 want=90 str=1.23 l=1.95 r=-0.45 tick=653202 goal=0 here=0 d11=0.57 B=0.22,0.37,0.63,2.09,0.67,0.40,0.26,0.26,0.30,0.34,0.67,0.90,0.58,0.33,0.26,0.20
t=1 field hdg=22.8 enc=8928;19026 xy=5;2 want=95 str=1.26 l=2.00 r=-0.52 tick=653221 goal=0 here=0 d11=0.56 B=0.21,0.37,0.64,2.10,0.66,0.40,0.26,0.26,0.32,0.33,0.69,0.92,0.59,0.35,0.24,0.19
t=1 field hdg=26.3 enc=8927;19030 xy=6;3 want=92 str=1.30 l=1.98 r=-0.47 tick=653240 goal=0 here=0 d11=0.56 B=0.23,0.38,0.65,2.12,0.66,0.40,0.27,0.26,0.31,0.33,0.70,0.90,0.59,0.34,0.24,0.20
t=2 STUCK mv=11 want=89
t=5 field hdg=39.5 enc=8878;19062 xy=5;2 want=88 str=0.89 l=1.97 r=-0.39 tick=653566 goal=0 here=0 d11=0.56 B=0.27,0.39,2.14,0.76,0.42,0.25,0.24,0.29,0.31,0.62,0.86,0.64,0.38,0.28,0.19,0.22
t=5 field hdg=42.1 enc=8878;19063 xy=5;2 want=93 str=0.86 l=2.00 r=-0.46 tick=653585 goal=0 here=0 d11=0.56 B=0.26,0.40,2.13,0.75,0.43,0.26,0.24,0.29,0.32,0.61,0.86,0.65,0.37,0.28,0.21,0.20
t=5 field hdg=42.4 enc=8878;19065 xy=6;3 want=90 str=0.90 l=1.99 r=-0.42 tick=653604 goal=0 here=0 d11=0.56 B=0.27,0.39,2.14,0.76,0.42,0.26,0.24,0.28,0.31,0.61,0.86,0.65,0.37,0.28,0.20,0.20
t=5 field hdg=42.3 enc=8878;19068 xy=7;4 want=95 str=0.92 l=2.00 r=-0.50 tick=653623 goal=0 here=0 d11=0.55 B=0.25,0.40,2.15,0.75,0.41,0.26,0.25,0.30,0.32,0.62,0.86,0.65,0.37,0.28,0.20,0.22
t=6 field hdg=38.5 enc=8877;19069 xy=7;4 want=91 str=0.90 l=2.00 r=-0.44 tick=653644 goal=0 here=0 d11=0.57 B=0.26,0.39,2.14,0.75,0.40,0.26,0.24,0.29,0.31,0.62,0.88,0.63,0.37,0.27,0.20,0.23
t=6 field hdg=47.2 enc=8879;19069 xy=8;5 want=92 str=0.95 l=2.00 r=-0.44 tick=653663 goal=0 here=0 d11=0.56 B=0.27,0.39,2.15,0.75,0.42,0.27,0.24,0.29,0.32,0.65,0.88,0.63,0.35,0.26,0.21,0.22
t=6 field hdg=43.7 enc=8877;19072 xy=8;5 want=96 str=0.89 l=2.00 r=-0.49 tick=653681 goal=0 here=0 d11=0.56 B=0.27,0.39,2.14,0.72,0.42,0.27,0.24,0.30,0.31,0.65,0.89,0.63,0.36,0.27,0.20,0.22
t=6 field hdg=43.7 enc=8879;19074 xy=9;6 want=94 str=0.95 l=2.00 r=-0.46 tick=653703 goal=0 here=0 d11=0.57 B=0.28,0.40,2.14,0.74,0.40,0.26,0.24,0.29,0.33,0.65,0.89,0.63,0.37,0.25,0.19,0.21
t=6 field hdg=44.6 enc=8877;19074 xy=9;6 want=97 str=0.95 l=2.00 r=-0.49 tick=653722 goal=0 here=0 d11=0.57 B=0.28,0.41,2.12,0.74,0.41,0.27,0.26,0.30,0.32,0.65,0.90,0.64,0.37,0.26,0.19,0.22
t=6 field hdg=43.9 enc=8878;19078 xy=10;7 want=94 str=0.86 l=2.00 r=-0.45 tick=653741 goal=0 here=0 d11=0.56 B=0.28,0.41,2.12,0.73,0.41,0.27,0.25,0.29,0.32,0.65,0.89,0.63,0.35,0.28,0.21,0.21
t=7 field hdg=49.1 enc=8877;19079 xy=10;7 want=94 str=0.84 l=2.00 r=-0.45 tick=653764 goal=0 here=0 d11=0.56 B=0.29,0.41,2.10,0.71,0.41,0.25,0.25,0.29,0.32,0.65,0.89,0.62,0.34,0.27,0.21,0.20
t=7 field hdg=40.8 enc=8877;19081 xy=11;8 want=96 str=0.86 l=2.00 r=-0.46 tick=653783 goal=0 here=0 d11=0.57 B=0.32,0.40,2.09,0.71,0.41,0.26,0.24,0.30,0.32,0.67,0.90,0.63,0.35,0.26,0.19,0.21
t=7 field hdg=42.5 enc=8877;19084 xy=12;9 want=96 str=0.88 l=2.00 r=-0.43 tick=653802 goal=0 here=0 d11=0.56 B=0.35,0.42,2.08,0.72,0.42,0.26,0.25,0.29,0.33,0.67,0.91,0.62,0.34,0.26,0.19,0.21
t=7 field hdg=43.9 enc=8878;19084 xy=13;9 want=97 str=0.89 l=2.00 r=-0.43 tick=653823 goal=0 here=0 d11=0.56 B=0.37,0.42,2.06,0.71,0.41,0.26,0.26,0.31,0.32,0.65,0.90,0.62,0.35,0.25,0.21,0.21
t=7 field hdg=45.4 enc=8878;19088 xy=14;11 want=66 str=1.17 l=1.73 r=-0.04 tick=653842 goal=0 here=0 d11=0.57 B=0.35,0.59,2.06,0.70,0.41,0.26,0.25,0.29,0.32,0.67,0.92,0.62,0.33,0.26,0.20,0.23
t=8 field hdg=47.2 enc=8877;19088 xy=14;10 want=69 str=1.18 l=1.77 r=-0.06 tick=653860 goal=0 here=0 d11=0.56 B=0.36,0.60,2.07,0.71,0.41,0.26,0.26,0.30,0.33,0.67,0.92,0.62,0.34,0.25,0.20,0.22
t=8 field hdg=52.6 enc=8877;19088 xy=14;10 want=71 str=1.18 l=1.79 r=-0.10 tick=653880 goal=0 here=0 d11=0.56 B=0.35,0.59,2.05,0.68,0.41,0.26,0.25,0.31,0.34,0.67,0.91,0.61,0.33,0.25,0.20,0.21
t=8 field hdg=49.1 enc=8877;19090 xy=14;11 want=66 str=1.17 l=1.73 r=-0.02 tick=653899 goal=0 here=0 d11=0.55 B=0.37,0.60,2.06,0.69,0.41,0.26,0.24,0.28,0.34,0.68,0.93,0.62,0.35,0.23,0.21,0.23
t=8 field hdg=44.8 enc=8879;19091 xy=15;12 want=73 str=1.23 l=1.82 r=-0.13 tick=653921 goal=0 here=0 d11=0.55 B=0.36,0.60,2.05,0.70,0.39,0.27,0.27,0.31,0.33,0.68,0.92,0.61,0.33,0.24,0.19,0.22
t=8 field hdg=47.6 enc=8877;19093 xy=15;12 want=72 str=1.17 l=1.80 r=-0.10 tick=653940 goal=0 here=0 d11=0.54 B=0.36,0.59,2.07,0.69,0.41,0.26,0.25,0.30,0.32,0.68,0.94,0.61,0.34,0.24,0.20,0.21
t=9 field hdg=46.5 enc=8877;19093 xy=15;12 want=66 str=1.15 l=1.75 r=-0.02 tick=653959 goal=0 here=0 d11=0.57 B=0.38,0.60,2.07,0.69,0.41,0.25,0.24,0.30,0.33,0.69,0.92,0.62,0.35,0.25,0.19,0.23
t=9 field hdg=46.5 enc=8879;19094 xy=17;13 want=69 str=1.17 l=1.77 r=-0.08 tick=653980 goal=0 here=0 d11=0.56 B=0.35,0.60,2.07,0.69,0.41,0.26,0.25,0.31,0.33,0.67,0.93,0.61,0.35,0.26,0.19,0.22
t=9 field hdg=48.8 enc=8877;19094 xy=16;13 want=72 str=1.28 l=1.82 r=-0.11 tick=654002 goal=0 here=0 d11=0.56 B=0.36,0.61,2.07,0.71,0.41,0.27,0.25,0.32,0.32,0.68,0.92,0.60,0.34,0.23,0.20,0.21
t=9 field hdg=50.9 enc=8879;19097 xy=17;14 want=70 str=1.20 l=1.79 r=-0.09 tick=654021 goal=0 here=0 d11=0.58 B=0.36,0.61,2.08,0.67,0.40,0.27,0.25,0.31,0.34,0.68,0.92,0.60,0.34,0.24,0.20,0.22
t=9 field hdg=49.1 enc=8879;19097 xy=17;14 want=67 str=1.19 l=1.75 r=-0.04 tick=654042 goal=0 here=0 d11=0.56 B=0.36,0.61,2.08,0.69,0.41,0.25,0.25,0.32,0.34,0.67,0.93,0.60,0.33,0.24,0.19,0.22
t=10 field hdg=49.4 enc=8877;19097 xy=17;14 want=69 str=1.25 l=1.78 r=-0.07 tick=654061 goal=0 here=0 d11=0.55 B=0.36,0.62,2.09,0.69,0.41,0.27,0.26,0.31,0.34,0.69,0.92,0.59,0.34,0.24,0.21,0.22
t=10 field hdg=48.9 enc=8877;19099 xy=17;14 want=68 str=1.23 l=1.76 r=-0.05 tick=654080 goal=0 here=0 d11=0.56 B=0.37,0.62,2.11,0.68,0.40,0.25,0.25,0.31,0.34,0.68,0.92,0.60,0.34,0.24,0.19,0.22
t=10 field hdg=47.4 enc=8878;19101 xy=18;16 want=71 str=1.29 l=1.80 r=-0.10 tick=654099 goal=0 here=0 d11=0.56 B=0.36,0.62,2.11,0.68,0.41,0.27,0.25,0.30,0.32,0.69,0.92,0.58,0.34,0.24,0.19,0.22
t=10 field hdg=48.9 enc=8878;19100 xy=18;15 want=71 str=1.23 l=1.80 r=-0.10 tick=654121 goal=0 here=0 d11=0.57 B=0.36,0.62,2.11,0.66,0.40,0.26,0.26,0.30,0.32,0.71,0.92,0.58,0.33,0.24,0.20,0.21
t=10 field hdg=50.2 enc=8877;19101 xy=18;15 want=71 str=1.26 l=1.80 r=-0.10 tick=654141 goal=0 here=0 d11=0.57 B=0.36,0.63,2.10,0.67,0.40,0.26,0.25,0.32,0.33,0.70,0.91,0.57,0.34,0.23,0.19,0.21
t=11 field hdg=51.8 enc=8878;19102 xy=19;16 want=69 str=1.27 l=1.76 r=-0.07 tick=654161 goal=0 here=0 d11=0.56 B=0.36,0.64,2.10,0.67,0.41,0.26,0.26,0.30,0.34,0.70,0.92,0.57,0.34,0.23,0.19,0.23
t=11 field hdg=49.5 enc=8877;19105 xy=19;17 want=71 str=1.89 l=1.79 r=-0.10 tick=654180 goal=0 here=0 d11=0.57 B=0.35,0.64,2.10,0.68,0.41,0.26,0.26,0.31,0.34,0.70,0.91,0.52,0.34,0.23,0.19,0.21
t=11 field hdg=47.8 enc=8878;19106 xy=20;17 want=70 str=1.86 l=1.79 r=-0.07 tick=654199 goal=0 here=0 d11=0.57 B=0.36,0.63,2.10,0.68,0.40,0.26,0.25,0.30,0.34,0.71,0.91,0.52,0.34,0.23,0.19,0.22
t=11 field hdg=47.5 enc=8877;19107 xy=20;17 want=70 str=1.85 l=1.78 r=-0.07 tick=654218 goal=0 here=0 d11=0.57 B=0.36,0.64,2.11,0.66,0.40,0.26,0.27,0.31,0.34,0.71,0.92,0.52,0.33,0.23,0.20,0.23
t=11 field hdg=46.1 enc=8879;19108 xy=21;19 want=71 str=1.89 l=1.81 r=-0.09 tick=654237 goal=0 here=0 d11=0.57 B=0.37,0.65,2.11,0.66,0.40,0.25,0.27,0.32,0.34,0.72,0.90,0.52,0.34,0.22,0.19,0.22
t=12 field hdg=50.6 enc=8877;19107 xy=20;17 want=69 str=1.82 l=1.78 r=-0.07 tick=654258 goal=0 here=0 d11=0.57 B=0.36,0.64,2.12,0.65,0.39,0.25,0.27,0.31,0.35,0.72,0.91,0.51,0.34,0.24,0.20,0.22
t=12 field hdg=51.6 enc=8879;19109 xy=21;19 want=68 str=1.85 l=1.78 r=-0.05 tick=654277 goal=0 here=0 d11=0.57 B=0.38,0.65,2.10,0.65,0.39,0.26,0.25,0.30,0.35,0.73,0.92,0.52,0.34,0.22,0.21,0.23
t=12 field hdg=54.3 enc=8878;19109 xy=21;19 want=71 str=1.87 l=1.79 r=-0.09 tick=654299 goal=0 here=0 d11=0.58 B=0.36,0.64,2.11,0.65,0.40,0.26,0.25,0.31,0.35,0.73,0.92,0.50,0.33,0.21,0.19,0.23
t=12 field hdg=49.6 enc=8879;19111 xy=22;20 want=71 str=1.86 l=1.81 r=-0.10 tick=654317 goal=0 here=0 d11=0.56 B=0.36,0.66,2.09,0.64,0.41,0.26,0.27,0.32,0.35,0.73,0.90,0.51,0.32,0.23,0.19,0.22
t=12 field hdg=49.7 enc=8878;19111 xy=22;19 want=76 str=1.74 l=1.86 r=-0.17 tick=654336 goal=0 here=0 d11=0.57 B=0.35,0.66,2.10,0.64,0.39,0.26,0.26,0.32,0.36,0.92,0.93,0.49,0.31,0.22,0.19,0.22
t=13 field hdg=54.2 enc=8879;19114 xy=23;21 want=75 str=1.68 l=1.85 r=-0.14 tick=654355 goal=0 here=0 d11=0.57 B=0.37,0.66,2.09,0.65,0.40,0.25,0.26,0.32,0.35,0.92,0.92,0.50,0.32,0.23,0.19,0.22
t=13 field hdg=51.9 enc=8878;19114 xy=23;21 want=74 str=1.71 l=1.84 r=-0.13 tick=654374 goal=0 here=0 d11=0.56 B=0.36,0.67,2.09,0.63,0.39,0.27,0.25,0.32,0.36,0.91,0.90,0.49,0.32,0.23,0.19,0.23
t=13 STUCK mv=11 want=75
t=16 field hdg=69.2 enc=8829;19147 xy=23;20 want=74 str=0.95 l=1.86 r=-0.12 tick=654699 goal=0 here=0 d11=0.55 B=0.39,2.14,0.75,0.42,0.25,0.26,0.30,0.34,0.65,0.90,0.63,0.35,0.26,0.20,0.22,0.27
t=16 field hdg=66.5 enc=8829;19148 xy=23;20 want=75 str=0.95 l=1.87 r=-0.13 tick=654717 goal=0 here=0 d11=0.58 B=0.39,2.13,0.73,0.41,0.26,0.25,0.29,0.34,0.66,0.89,0.63,0.35,0.26,0.20,0.21,0.27
t=16 field hdg=61.9 enc=8828;19148 xy=23;20 want=78 str=1.07 l=1.93 r=-0.16 tick=654736 goal=0 here=0 d11=0.56 B=0.40,2.14,0.73,0.42,0.27,0.23,0.31,0.32,0.64,0.89,0.61,0.34,0.24,0.18,0.19,0.27
t=17 field hdg=68.2 enc=8829;19149 xy=23;21 want=79 str=1.05 l=1.92 r=-0.17 tick=654755 goal=0 here=0 d11=0.59 B=0.39,2.13,0.74,0.41,0.27,0.26,0.31,0.33,0.66,0.90,0.63,0.35,0.25,0.19,0.22,0.27
t=17 field hdg=67.6 enc=8830;19151 xy=23;22 want=75 str=0.97 l=1.88 r=-0.12 tick=654774 goal=0 here=0 d11=0.57 B=0.40,2.11,0.74,0.42,0.26,0.24,0.29,0.34,0.66,0.90,0.62,0.35,0.24,0.20,0.20,0.28
t=17 field hdg=66.0 enc=8828;19152 xy=23;22 want=75 str=0.90 l=1.89 r=-0.12 tick=654793 goal=0 here=0 d11=0.57 B=0.40,2.11,0.73,0.42,0.25,0.26,0.28,0.33,0.65,0.90,0.63,0.35,0.26,0.20,0.21,0.27
t=17 field hdg=64.5 enc=8828;19154 xy=24;23 want=77 str=0.93 l=1.90 r=-0.14 tick=654811 goal=0 here=0 d11=0.57 B=0.40,2.10,0.73,0.42,0.28,0.25,0.31,0.34,0.67,0.91,0.62,0.35,0.27,0.20,0.21,0.28
t=17 field hdg=65.6 enc=8828;19154 xy=24;23 want=78 str=1.01 l=1.93 r=-0.16 tick=654830 goal=0 here=0 d11=0.57 B=0.41,2.11,0.72,0.41,0.27,0.27,0.31,0.33,0.66,0.91,0.62,0.33,0.25,0.19,0.21,0.29
t=18 field hdg=69.9 enc=8829;19154 xy=24;23 want=77 str=0.99 l=1.92 r=-0.14 tick=654853 goal=0 here=0 d11=0.58 B=0.41,2.10,0.73,0.41,0.26,0.25,0.31,0.32,0.67,0.92,0.62,0.35,0.24,0.18,0.21,0.30
t=18 field hdg=68.7 enc=8829;19155 xy=24;24 want=74 str=0.90 l=1.87 r=-0.09 tick=654874 goal=0 here=0 d11=0.57 B=0.41,2.08,0.72,0.42,0.26,0.25,0.31,0.33,0.65,0.93,0.61,0.36,0.25,0.19,0.22,0.34
t=18 STUCK mv=11 want=77
t=21 field hdg=84.9 enc=8779;19189 xy=24;23 want=24 str=1.26 l=2.00 r=1.48 tick=655202 goal=0 here=0 d11=0.56 B=2.14,1.00,0.43,0.26,0.25,0.29,0.33,0.45,0.84,0.90,0.38,0.28,0.20,0.20,0.24,0.37
t=21 field hdg=81.4 enc=8780;19191 xy=24;25 want=22 str=1.19 l=2.00 r=1.51 tick=655226 goal=0 here=0 d11=0.57 B=2.14,0.99,0.42,0.27,0.25,0.29,0.32,0.45,0.86,0.90,0.39,0.29,0.23,0.20,0.24,0.37
t=22 field hdg=83.9 enc=8783;19195 xy=25;28 want=21 str=1.22 l=2.00 r=1.52 tick=655245 goal=0 here=0 d11=0.55 B=2.15,0.99,0.43,0.27,0.24,0.29,0.31,0.46,0.85,0.90,0.39,0.29,0.20,0.21,0.24,0.38
t=22 field hdg=87.8 enc=8783;19195 xy=25;28 want=20 str=1.28 l=2.00 r=1.53 tick=655264 goal=0 here=0 d11=0.56 B=2.14,1.00,0.42,0.27,0.24,0.28,0.29,0.46,0.85,0.86,0.38,0.28,0.20,0.21,0.24,0.37
t=22 field hdg=84.3 enc=8783;19197 xy=25;29 want=24 str=1.32 l=2.00 r=1.48 tick=655283 goal=0 here=0 d11=0.56 B=2.14,1.00,0.41,0.28,0.24,0.28,0.33,0.46,0.84,0.87,0.38,0.28,0.20,0.19,0.25,0.37
t=22 field hdg=82.8 enc=8786;19201 xy=25;33 want=21 str=1.27 l=2.00 r=1.52 tick=655302 goal=0 here=0 d11=0.56 B=2.14,0.99,0.41,0.28,0.24,0.29,0.33,0.47,0.85,0.85,0.37,0.29,0.22,0.21,0.24,0.37
t=22 field hdg=85.7 enc=8787;19202 xy=25;34 want=26 str=1.31 l=2.00 r=1.45 tick=655321 goal=0 here=0 d11=0.57 B=2.13,0.99,0.40,0.27,0.25,0.30,0.32,0.46,0.85,0.86,0.37,0.27,0.21,0.20,0.24,0.38
t=22 field hdg=84.7 enc=8787;19205 xy=26;35 want=28 str=1.32 l=2.00 r=1.43 tick=655341 goal=0 here=0 d11=0.56 B=2.15,0.98,0.41,0.28,0.25,0.29,0.31,0.49,0.86,0.86,0.38,0.27,0.19,0.20,0.23,0.38
t=23 field hdg=84.0 enc=8789;19206 xy=26;37 want=22 str=1.25 l=2.00 r=1.50 tick=655360 goal=0 here=0 d11=0.56 B=2.13,0.98,0.42,0.26,0.24,0.30,0.31,0.47,0.85,0.84,0.39,0.28,0.21,0.21,0.23,0.37
t=23 field hdg=82.9 enc=8789;19209 xy=26;38 want=22 str=1.29 l=2.00 r=1.50 tick=655380 goal=0 here=0 d11=0.56 B=2.14,0.99,0.40,0.27,0.25,0.28,0.32,0.48,0.84,0.83,0.36,0.29,0.20,0.20,0.23,0.38
t=23 field hdg=85.1 enc=8789;19210 xy=26;39 want=27 str=1.28 l=2.00 r=1.44 tick=655398 goal=0 here=0 d11=0.54 B=2.13,0.98,0.41,0.27,0.25,0.29,0.31,0.49,0.87,0.85,0.38,0.28,0.20,0.20,0.23,0.38
t=23 field hdg=83.7 enc=8791;19212 xy=26;41 want=23 str=1.30 l=2.00 r=1.49 tick=655417 goal=0 here=0 d11=0.56 B=2.13,0.98,0.40,0.26,0.25,0.29,0.33,0.49,0.87,0.83,0.37,0.26,0.21,0.21,0.25,0.37
t=23 field hdg=87.7 enc=8792;19212 xy=26;41 want=26 str=1.43 l=2.00 r=1.45 tick=655436 goal=0 here=0 d11=0.55 B=2.12,0.99,0.40,0.28,0.24,0.30,0.31,0.50,0.85,0.75,0.38,0.27,0.20,0.20,0.24,0.37
t=24 field hdg=86.9 enc=8793;19214 xy=26;43 want=24 str=1.40 l=2.00 r=1.48 tick=655455 goal=0 here=0 d11=0.57 B=2.11,0.96,0.42,0.27,0.26,0.29,0.33,0.49,0.87,0.69,0.37,0.28,0.20,0.21,0.25,0.38
t=24 field hdg=85.9 enc=8794;19217 xy=26;45 want=24 str=1.39 l=2.00 r=1.48 tick=655474 goal=0 here=0 d11=0.55 B=2.12,0.96,0.42,0.26,0.24,0.29,0.32,0.49,0.87,0.69,0.37,0.27,0.20,0.21,0.24,0.38
t=24 field hdg=85.4 enc=8795;19218 xy=26;46 want=28 str=1.43 l=2.00 r=1.42 tick=655493 goal=0 here=0 d11=0.57 B=2.11,0.97,0.40,0.26,0.25,0.30,0.33,0.49,0.86,0.68,0.37,0.27,0.19,0.20,0.23,0.37
t=24 field hdg=84.5 enc=8797;19220 xy=27;48 want=26 str=1.45 l=2.00 r=1.45 tick=655515 goal=0 here=0 d11=0.56 B=2.11,0.96,0.41,0.27,0.25,0.29,0.32,0.50,0.87,0.68,0.36,0.27,0.19,0.20,0.25,0.37
t=24 field hdg=85.4 enc=8796;19224 xy=27;49 want=24 str=1.43 l=2.00 r=1.49 tick=655534 goal=0 here=0 d11=0.56 B=2.11,0.96,0.41,0.27,0.25,0.29,0.33,0.50,0.87,0.67,0.38,0.28,0.20,0.21,0.26,0.37
t=25 field hdg=87.1 enc=8799;19224 xy=27;51 want=25 str=1.44 l=2.00 r=1.47 tick=655553 goal=0 here=0 d11=0.57 B=2.10,0.96,0.41,0.27,0.24,0.29,0.33,0.51,0.88,0.67,0.37,0.27,0.20,0.19,0.25,0.37
t=25 field hdg=86.1 enc=8798;19227 xy=27;52 want=26 str=1.48 l=2.00 r=1.46 tick=655574 goal=0 here=0 d11=0.56 B=2.12,0.97,0.41,0.27,0.25,0.29,0.33,0.51,0.87,0.66,0.37,0.25,0.20,0.21,0.24,0.36
t=25 field hdg=86.8 enc=8799;19229 xy=27;53 want=29 str=1.48 l=2.00 r=1.41 tick=655593 goal=0 here=0 d11=0.57 B=2.10,0.96,0.40,0.27,0.26,0.30,0.33,0.51,0.87,0.67,0.37,0.26,0.20,0.20,0.24,0.37
t=25 field hdg=86.2 enc=8801;19231 xy=27;55 want=23 str=1.46 l=2.00 r=1.49 tick=655612 goal=0 here=0 d11=0.56 B=2.11,0.94,0.40,0.28,0.26,0.29,0.32,0.51,0.87,0.66,0.36,0.26,0.22,0.20,0.26,0.36
t=25 field hdg=83.5 enc=8802;19231 xy=27;56 want=26 str=1.44 l=2.00 r=1.45 tick=655630 goal=0 here=0 d11=0.56 B=2.10,0.95,0.41,0.26,0.24,0.30,0.33,0.51,0.88,0.66,0.37,0.26,0.19,0.20,0.25,0.37
t=26 field hdg=84.9 enc=8803;19235 xy=27;58 want=23 str=1.42 l=2.00 r=1.50 tick=655649 goal=0 here=0 d11=0.55 B=2.10,0.93,0.40,0.25,0.24,0.30,0.32,0.52,0.88,0.64,0.37,0.26,0.20,0.20,0.27,0.36
t=26 field hdg=89.1 enc=8803;19237 xy=27;59 want=26 str=1.31 l=2.00 r=1.45 tick=655668 goal=0 here=0 d11=0.57 B=2.11,0.77,0.39,0.25,0.25,0.29,0.35,0.52,0.89,0.67,0.35,0.24,0.18,0.20,0.28,0.38
t=26 field hdg=87.5 enc=8806;19239 xy=28;62 want=30 str=1.31 l=2.00 r=1.40 tick=655687 goal=0 here=0 d11=0.56 B=2.12,0.78,0.41,0.27,0.25,0.30,0.34,0.53,0.88,0.65,0.36,0.26,0.18,0.20,0.25,0.39
t=26 field hdg=88.7 enc=8806;19240 xy=28;62 want=50 str=0.97 l=2.00 r=1.14 tick=655705 goal=0 here=0 d11=0.57 B=2.12,0.77,0.40,0.26,0.24,0.29,0.33,0.63,0.89,0.65,0.36,0.26,0.18,0.20,0.28,0.36
t=26 field hdg=87.5 enc=8806;19242 xy=28;63 want=56 str=0.97 l=2.00 r=1.06 tick=655724 goal=0 here=0 d11=0.55 B=2.10,0.77,0.41,0.25,0.25,0.30,0.35,0.63,0.89,0.65,0.36,0.25,0.20,0.20,0.26,0.37
t=27 field hdg=90.5 enc=8809;19244 xy=28;66 want=54 str=0.93 l=2.00 r=1.08 tick=655743 goal=0 here=0 d11=0.55 B=2.11,0.75,0.39,0.25,0.25,0.30,0.34,0.64,0.90,0.66,0.36,0.25,0.19,0.21,0.27,0.36
t=27 field hdg=87.8 enc=8808;19245 xy=28;66 want=54 str=0.97 l=2.00 r=1.08 tick=655762 goal=0 here=0 d11=0.56 B=2.12,0.75,0.39,0.26,0.23,0.30,0.33,0.65,0.90,0.65,0.36,0.24,0.19,0.21,0.27,0.38
t=27 field hdg=85.8 enc=8809;19247 xy=28;67 want=50 str=0.95 l=2.00 r=1.13 tick=655783 goal=0 here=0 d11=0.55 B=2.11,0.74,0.40,0.28,0.25,0.29,0.33,0.65,0.91,0.65,0.36,0.25,0.20,0.22,0.28,0.37
t=27 field hdg=86.4 enc=8812;19249 xy=28;70 want=51 str=0.98 l=2.00 r=1.12 tick=655802 goal=0 here=0 d11=0.56 B=2.11,0.76,0.40,0.26,0.24,0.30,0.34,0.65,0.91,0.64,0.36,0.25,0.18,0.21,0.32,0.37
t=27 field hdg=85.8 enc=8811;19250 xy=28;70 want=47 str=0.96 l=2.00 r=1.17 tick=655823 goal=0 here=0 d11=0.57 B=2.11,0.75,0.41,0.27,0.24,0.29,0.35,0.64,0.91,0.65,0.35,0.25,0.19,0.22,0.33,0.38
t=27 field hdg=85.9 enc=8814;19252 xy=28;72 want=50 str=0.99 l=2.00 r=1.13 tick=655842 goal=0 here=0 d11=0.56 B=2.12,0.73,0.40,0.26,0.25,0.29,0.35,0.65,0.91,0.64,0.35,0.24,0.19,0.21,0.34,0.38
t=28 field hdg=91.4 enc=8814;19254 xy=28;73 want=52 str=0.98 l=2.00 r=1.11 tick=655861 goal=0 here=0 d11=0.56 B=2.11,0.74,0.40,0.26,0.25,0.30,0.33,0.66,0.91,0.64,0.36,0.24,0.18,0.21,0.31,0.39
t=28 field hdg=91.8 enc=8816;19257 xy=28;76 want=50 str=0.92 l=2.00 r=1.13 tick=655881 goal=0 here=0 d11=0.56 B=2.13,0.72,0.39,0.27,0.24,0.29,0.34,0.67,0.92,0.65,0.36,0.24,0.20,0.22,0.33,0.39
t=28 field hdg=89.4 enc=8817;19260 xy=28;78 want=49 str=0.92 l=2.00 r=1.14 tick=655900 goal=0 here=0 d11=0.56 B=2.10,0.73,0.41,0.26,0.25,0.29,0.34,0.65,0.93,0.64,0.35,0.23,0.19,0.22,0.33,0.38
t=28 field hdg=89.4 enc=8816;19261 xy=28;78 want=52 str=0.91 l=2.00 r=1.11 tick=655921 goal=0 here=0 d11=0.56 B=2.10,0.73,0.40,0.26,0.25,0.29,0.33,0.67,0.92,0.64,0.36,0.25,0.19,0.21,0.33,0.38
t=28 field hdg=92.1 enc=8819;19262 xy=28;80 want=55 str=0.95 l=2.00 r=1.07 tick=655940 goal=0 here=0 d11=0.57 B=2.10,0.71,0.39,0.26,0.25,0.31,0.33,0.66,0.91,0.65,0.36,0.24,0.19,0.20,0.34,0.37
t=29 field hdg=87.6 enc=8818;19264 xy=28;80 want=54 str=0.95 l=2.00 r=1.08 tick=655958 goal=0 here=0 d11=0.58 B=2.11,0.71,0.39,0.25,0.26,0.28,0.35,0.68,0.92,0.65,0.35,0.24,0.19,0.20,0.34,0.38
t=29 field hdg=88.7 enc=8821;19266 xy=28;83 want=56 str=0.99 l=2.00 r=1.05 tick=655977 goal=0 here=0 d11=0.56 B=2.10,0.73,0.39,0.25,0.25,0.31,0.34,0.66,0.93,0.65,0.36,0.23,0.18,0.20,0.33,0.39
t=29 field hdg=89.6 enc=8821;19267 xy=28;83 want=54 str=0.83 l=2.00 r=1.08 tick=655996 goal=0 here=0 d11=0.57 B=2.09,0.70,0.39,0.24,0.24,0.31,0.34,0.68,0.92,0.65,0.35,0.24,0.20,0.21,0.33,0.39
t=29 field hdg=89.7 enc=8822;19270 xy=28;85 want=55 str=0.88 l=2.00 r=1.06 tick=656021 goal=0 here=0 d11=0.56 B=2.08,0.72,0.41,0.25,0.24,0.29,0.34,0.69,0.93,0.64,0.35,0.24,0.19,0.21,0.34,0.38
t=30 field hdg=90.6 enc=8824;19274 xy=28;88 want=60 str=0.92 l=2.00 r=1.01 tick=656050 goal=0 here=0 d11=0.57 B=2.07,0.70,0.39,0.25,0.26,0.30,0.35,0.69,0.94,0.64,0.35,0.24,0.18,0.21,0.33,0.40
t=30 field hdg=89.6 enc=8824;19276 xy=28;89 want=25 str=1.10 l=2.00 r=1.47 tick=656069 goal=0 here=0 d11=0.57 B=2.06,0.70,0.40,0.26,0.24,0.29,0.35,0.69,0.94,0.63,0.37,0.25,0.19,0.21,0.33,0.56
t=30 field hdg=85.0 enc=8826;19276 xy=28;90 want=59 str=0.93 l=2.00 r=1.02 tick=656088 goal=0 here=0 d11=0.57 B=2.06,0.70,0.39,0.26,0.24,0.30,0.35,0.68,0.94,0.64,0.35,0.23,0.18,0.21,0.34,0.55
t=30 field hdg=90.6 enc=8827;19280 xy=28;93 want=61 str=0.92 l=2.00 r=0.99 tick=656107 goal=0 here=0 d11=0.58 B=2.05,0.71,0.40,0.26,0.25,0.30,0.34,0.71,0.95,0.65,0.35,0.23,0.18,0.22,0.34,0.55
t=30 field hdg=88.1 enc=8827;19282 xy=28;94 want=34 str=1.14 l=2.00 r=1.34 tick=656126 goal=0 here=0 d11=0.56 B=2.03,0.69,0.39,0.26,0.26,0.31,0.34,0.69,0.95,0.63,0.33,0.22,0.20,0.20,0.33,0.55
t=31 field hdg=91.2 enc=8828;19283 xy=28;95 want=32 str=1.17 l=2.00 r=1.38 tick=656147 goal=0 here=0 d11=0.57 B=2.04,0.69,0.38,0.27,0.24,0.31,0.34,0.69,0.95,0.63,0.36,0.22,0.19,0.22,0.34,0.56
t=31 field hdg=89.8 enc=8829;19284 xy=28;96 want=28 str=1.11 l=2.00 r=1.42 tick=656169 goal=0 here=0 d11=0.56 B=2.03,0.71,0.39,0.26,0.24,0.31,0.35,0.69,0.95,0.64,0.35,0.22,0.20,0.22,0.32,0.57
t=31 field hdg=92.7 enc=8831;19287 xy=28;98 want=31 str=1.10 l=2.00 r=1.39 tick=656188 goal=0 here=0 d11=0.57 B=2.02,0.70,0.39,0.26,0.25,0.31,0.35,0.71,0.96,0.64,0.36,0.22,0.20,0.22,0.35,0.56
t=31 field hdg=87.1 enc=8830;19289 xy=28;99 want=32 str=1.15 l=2.00 r=1.38 tick=656211 goal=0 here=0 d11=0.57 B=2.03,0.70,0.39,0.26,0.25,0.29,0.35,0.69,0.96,0.63,0.35,0.21,0.19,0.21,0.35,0.57
t=31 field hdg=86.8 enc=8833;19290 xy=28;101 want=32 str=1.12 l=2.00 r=1.37 tick=656232 goal=0 here=0 d11=0.57 B=2.02,0.69,0.39,0.26,0.24,0.30,0.35,0.71,0.98,0.62,0.36,0.21,0.19,0.22,0.34,0.57
t=32 field hdg=90.9 enc=8832;19293 xy=28;102 want=29 str=1.10 l=2.00 r=1.41 tick=656251 goal=0 here=0 d11=0.58 B=2.01,0.69,0.38,0.26,0.24,0.30,0.35,0.70,0.95,0.62,0.36,0.22,0.20,0.22,0.34,0.58
t=32 field hdg=88.9 enc=8834;19295 xy=28;104 want=31 str=1.08 l=2.00 r=1.39 tick=656270 goal=0 here=0 d11=0.57 B=2.04,0.68,0.39,0.25,0.25,0.32,0.36,0.72,0.96,0.62,0.35,0.22,0.21,0.21,0.34,0.56
t=32 field hdg=95.5 enc=8836;19298 xy=28;106 want=33 str=1.10 l=2.00 r=1.36 tick=656291 goal=0 here=0 d11=0.57 B=2.03,0.69,0.39,0.27,0.25,0.31,0.35,0.71,0.96,0.63,0.35,0.23,0.18,0.21,0.34,0.57
t=32 field hdg=92.7 enc=8838;19301 xy=28;108 want=31 str=1.07 l=2.00 r=1.39 tick=656313 goal=0 here=0 d11=0.56 B=2.03,0.69,0.37,0.25,0.26,0.31,0.35,0.70,0.97,0.62,0.35,0.24,0.19,0.21,0.34,0.57
t=32 field hdg=91.7 enc=8837;19301 xy=28;108 want=31 str=1.06 l=2.00 r=1.39 tick=656331 goal=0 here=0 d11=0.57 B=2.02,0.68,0.39,0.25,0.24,0.32,0.35,0.71,0.98,0.61,0.35,0.22,0.19,0.21,0.34,0.58
t=33 field hdg=92.5 enc=8838;19304 xy=28;110 want=31 str=1.17 l=2.00 r=1.39 tick=656351 goal=0 here=0 d11=0.57 B=2.03,0.67,0.38,0.26,0.25,0.30,0.36,0.72,0.96,0.55,0.34,0.22,0.20,0.21,0.34,0.58
t=33 field hdg=92.7 enc=8840;19305 xy=28;111 want=29 str=1.18 l=2.00 r=1.42 tick=656369 goal=0 here=0 d11=0.57 B=2.04,0.68,0.37,0.25,0.25,0.30,0.34,0.71,0.96,0.56,0.33,0.21,0.20,0.23,0.34,0.59
t=33 field hdg=93.8 enc=8842;19307 xy=27;113 want=29 str=1.72 l=2.00 r=1.41 tick=656388 goal=0 here=0 d11=0.58 B=2.04,0.67,0.39,0.26,0.25,0.30,0.35,0.71,0.98,0.55,0.35,0.23,0.18,0.21,0.35,0.59
t=33 field hdg=88.1 enc=8841;19309 xy=27;114 want=28 str=1.69 l=2.00 r=1.42 tick=656408 goal=0 here=0 d11=0.57 B=2.04,0.66,0.37,0.24,0.25,0.31,0.36,0.72,0.96,0.54,0.35,0.22,0.18,0.22,0.34,0.57
t=33 field hdg=93.5 enc=8842;19311 xy=27;115 want=27 str=1.67 l=2.00 r=1.43 tick=656427 goal=0 here=0 d11=0.57 B=2.04,0.68,0.39,0.25,0.24,0.32,0.36,0.71,0.97,0.53,0.34,0.24,0.19,0.20,0.35,0.59
t=34 field hdg=90.3 enc=8844;19314 xy=27;118 want=30 str=1.75 l=2.00 r=1.39 tick=656447 goal=0 here=0 d11=0.58 B=2.04,0.66,0.38,0.25,0.24,0.30,0.35,0.72,0.96,0.55,0.33,0.20,0.18,0.20,0.34,0.59
t=34 field hdg=91.7 enc=8846;19314 xy=27;119 want=30 str=1.72 l=2.00 r=1.40 tick=656465 goal=0 here=0 d11=0.56 B=2.06,0.66,0.40,0.24,0.26,0.32,0.37,0.73,0.97,0.53,0.34,0.22,0.19,0.20,0.34,0.60
t=34 field hdg=94.1 enc=8846;19316 xy=27;120 want=28 str=1.69 l=2.00 r=1.42 tick=656486 goal=0 here=0 d11=0.55 B=2.04,0.66,0.37,0.25,0.25,0.32,0.36,0.73,0.97,0.53,0.34,0.23,0.19,0.21,0.35,0.60
t=34 field hdg=96.3 enc=8846;19320 xy=27;122 want=30 str=1.75 l=2.00 r=1.41 tick=656505 goal=0 here=0 d11=0.57 B=2.06,0.66,0.37,0.26,0.24,0.31,0.38,0.73,0.98,0.53,0.32,0.20,0.18,0.21,0.33,0.58
t=34 field hdg=98.1 enc=8848;19320 xy=27;123 want=30 str=1.74 l=2.00 r=1.40 tick=656524 goal=0 here=0 d11=0.58 B=2.06,0.67,0.38,0.25,0.25,0.31,0.36,0.74,0.96,0.53,0.34,0.22,0.19,0.19,0.34,0.61
t=35 field hdg=93.8 enc=8850;19323 xy=27;125 want=30 str=1.72 l=2.00 r=1.40 tick=656543 goal=0 here=0 d11=0.57 B=2.06,0.65,0.37,0.24,0.25,0.31,0.36,0.73,0.97,0.52,0.34,0.21,0.18,0.20,0.34,0.61
t=35 field hdg=92.8 enc=8850;19323 xy=27;125 want=28 str=1.77 l=2.00 r=1.42 tick=656562 goal=0 here=0 d11=0.57 B=2.06,0.65,0.37,0.26,0.24,0.31,0.36,0.74,0.96,0.52,0.33,0.20,0.20,0.22,0.33,0.62
t=35 field hdg=90.6 enc=8850;19325 xy=27;126 want=26 str=1.69 l=2.00 r=1.45 tick=656580 goal=0 here=0 d11=0.56 B=2.04,0.65,0.38,0.24,0.24,0.31,0.36,0.74,0.95,0.51,0.33,0.21,0.20,0.22,0.32,0.61
t=35 field hdg=93.8 enc=8852;19327 xy=27;128 want=30 str=1.75 l=2.00 r=1.40 tick=656599 goal=0 here=0 d11=0.57 B=2.06,0.64,0.37,0.26,0.24,0.31,0.36,0.75,0.96,0.51,0.32,0.20,0.19,0.20,0.34,0.62
t=35 field hdg=94.6 enc=8854;19329 xy=26;130 want=28 str=1.72 l=2.00 r=1.43 tick=656618 goal=0 here=0 d11=0.58 B=2.05,0.65,0.37,0.25,0.25,0.31,0.37,0.75,0.96,0.49,0.34,0.20,0.19,0.22,0.34,0.61
t=35 field hdg=96.8 enc=8854;19330 xy=26;131 want=31 str=1.79 l=2.00 r=1.39 tick=656637 goal=0 here=0 d11=0.57 B=2.05,0.63,0.37,0.26,0.26,0.32,0.37,0.74,0.95,0.50,0.33,0.20,0.19,0.21,0.34,0.62
t=36 field hdg=90.5 enc=8855;19332 xy=26;132 want=29 str=1.75 l=2.00 r=1.41 tick=656656 goal=0 here=0 d11=0.57 B=2.06,0.64,0.37,0.25,0.27,0.31,0.36,0.74,0.95,0.49,0.33,0.21,0.21,0.20,0.33,0.62
t=36 field hdg=91.4 enc=8855;19335 xy=26;134 want=29 str=1.71 l=2.00 r=1.41 tick=656675 goal=0 here=0 d11=0.56 B=2.05,0.64,0.37,0.24,0.25,0.31,0.37,0.76,0.95,0.49,0.34,0.20,0.20,0.20,0.33,0.62
t=36 field hdg=93.9 enc=8856;19337 xy=26;135 want=29 str=1.77 l=2.00 r=1.41 tick=656693 goal=0 here=0 d11=0.56 B=2.05,0.64,0.38,0.26,0.24,0.31,0.36,0.75,0.95,0.48,0.32,0.19,0.20,0.21,0.34,0.62
t=36 field hdg=93.0 enc=8859;19339 xy=26;138 want=29 str=1.70 l=2.00 r=1.41 tick=656712 goal=0 here=0 d11=0.57 B=2.04,0.63,0.37,0.25,0.25,0.31,0.36,0.76,0.96,0.48,0.33,0.20,0.20,0.21,0.34,0.63
t=36 field hdg=95.6 enc=8860;19341 xy=26;139 want=30 str=1.71 l=2.00 r=1.39 tick=656731 goal=0 here=0 d11=0.56 B=2.05,0.62,0.40,0.24,0.26,0.31,0.37,0.77,0.95,0.47,0.32,0.20,0.19,0.21,0.34,0.63
t=37 field hdg=99.1 enc=8861;19343 xy=26;141 want=29 str=1.68 l=2.00 r=1.41 tick=656750 goal=0 here=0 d11=0.56 B=2.04,0.63,0.38,0.24,0.24,0.32,0.37,0.76,0.95,0.47,0.33,0.21,0.19,0.20,0.33,0.62
t=37 field hdg=94.3 enc=8861;19345 xy=26;142 want=28 str=1.73 l=2.00 r=1.42 tick=656769 goal=0 here=0 d11=0.56 B=2.05,0.63,0.37,0.25,0.25,0.32,0.37,0.76,0.95,0.47,0.32,0.20,0.19,0.21,0.33,0.64
t=37 field hdg=96.0 enc=8863;19345 xy=25;143 want=30 str=1.71 l=2.00 r=1.40 tick=656791 goal=0 here=0 d11=0.57 B=2.03,0.63,0.39,0.26,0.24,0.31,0.38,0.77,0.96,0.47,0.31,0.21,0.19,0.20,0.33,0.64
t=37 field hdg=99.3 enc=8864;19347 xy=25;144 want=28 str=1.69 l=2.00 r=1.42 tick=656809 goal=0 here=0 d11=0.57 B=2.03,0.63,0.38,0.24,0.24,0.32,0.38,0.76,0.96,0.48,0.31,0.20,0.19,0.21,0.33,0.65
t=37 field hdg=97.4 enc=8864;19350 xy=25;146 want=28 str=1.70 l=2.00 r=1.42 tick=656828 goal=0 here=0 d11=0.56 B=2.03,0.63,0.37,0.24,0.24,0.33,0.37,0.77,0.95,0.48,0.32,0.20,0.19,0.21,0.33,0.65
t=38 field hdg=94.8 enc=8866;19353 xy=25;148 want=30 str=1.72 l=2.00 r=1.40 tick=656849 goal=0 here=0 d11=0.57 B=2.04,0.61,0.37,0.24,0.25,0.32,0.39,0.78,0.95,0.47,0.32,0.20,0.19,0.20,0.32,0.67
t=38 field hdg=95.5 enc=8866;19354 xy=25;149 want=28 str=1.71 l=2.00 r=1.42 tick=656869 goal=0 here=0 d11=0.57 B=2.04,0.62,0.37,0.26,0.25,0.33,0.38,0.78,0.94,0.47,0.31,0.21,0.20,0.21,0.32,0.66
t=38 field hdg=92.6 enc=8868;19356 xy=25;151 want=30 str=1.65 l=2.00 r=1.40 tick=656888 goal=0 here=0 d11=0.57 B=2.03,0.61,0.37,0.25,0.25,0.32,0.36,0.87,0.95,0.47,0.31,0.20,0.19,0.22,0.33,0.68
t=38 field hdg=98.2 enc=8868;19358 xy=25;152 want=31 str=1.52 l=2.00 r=1.38 tick=656909 goal=0 here=0 d11=0.58 B=2.01,0.60,0.38,0.26,0.24,0.32,0.37,0.97,0.96,0.46,0.29,0.22,0.21,0.21,0.33,0.69
t=38 field hdg=98.1 enc=8869;19361 xy=24;154 want=25 str=1.71 l=2.00 r=1.47 tick=656928 goal=0 here=0 d11=0.56 B=2.02,0.60,0.37,0.25,0.23,0.33,0.36,0.97,0.96,0.45,0.30,0.21,0.19,0.23,0.32,0.94
t=39 field hdg=99.7 enc=8871;19361 xy=24;155 want=25 str=1.71 l=2.00 r=1.47 tick=656948 goal=0 here=0 d11=0.56 B=2.03,0.61,0.37,0.24,0.24,0.32,0.38,0.97,0.95,0.46,0.31,0.20,0.20,0.21,0.32,0.93
t=39 field hdg=96.7 enc=8871;19365 xy=24;157 want=24 str=1.63 l=2.00 r=1.48 tick=656967 goal=0 here=0 d11=0.57 B=2.02,0.59,0.37,0.24,0.24,0.32,0.38,0.98,0.95,0.46,0.30,0.22,0.20,0.21,0.32,0.92
t=39 field hdg=94.7 enc=8871;19365 xy=24;157 want=23 str=1.69 l=2.00 r=1.49 tick=656986 goal=0 here=0 d11=0.58 B=2.04,0.58,0.36,0.24,0.23,0.31,0.38,0.97,0.95,0.47,0.31,0.20,0.19,0.23,0.32,0.93
t=39 field hdg=97.2 enc=8873;19369 xy=23;160 want=25 str=1.65 l=2.00 r=1.46 tick=657006 goal=0 here=0 d11=0.57 B=1.96,0.59,0.37,0.25,0.24,0.33,0.37,0.98,0.95,0.45,0.30,0.20,0.20,0.23,0.32,0.93
t=39 field hdg=100.5 enc=8874;19369 xy=23;160 want=24 str=1.66 l=2.00 r=1.48 tick=657025 goal=0 here=0 d11=0.56 B=1.95,0.60,0.37,0.23,0.26,0.31,0.38,0.97,0.94,0.45,0.29,0.21,0.20,0.23,0.33,0.96
t=40 field hdg=99.5 enc=8875;19371 xy=23;162 want=25 str=1.60 l=2.00 r=1.47 tick=657044 goal=0 here=0 d11=0.56 B=1.92,0.58,0.36,0.24,0.25,0.32,0.39,0.98,0.94,0.44,0.30,0.21,0.20,0.23,0.32,0.94
t=40 field hdg=98.0 enc=8877;19374 xy=23;164 want=25 str=1.57 l=2.00 r=1.46 tick=657063 goal=0 here=0 d11=0.57 B=1.92,0.59,0.37,0.24,0.26,0.33,0.38,0.98,0.95,0.45,0.30,0.21,0.21,0.22,0.33,0.94
t=40 field hdg=99.1 enc=8876;19375 xy=23;164 want=29 str=1.33 l=2.00 r=1.35 tick=657082 goal=0 here=0 d11=0.57 B=1.62,0.58,0.36,0.24,0.24,0.33,0.37,0.97,0.95,0.43,0.30,0.20,0.20,0.23,0.32,0.95
t=40 field hdg=97.7 enc=8878;19378 xy=22;167 want=31 str=1.32 l=2.00 r=1.30 tick=657100 goal=0 here=0 d11=0.58 B=1.59,0.58,0.36,0.24,0.25,0.32,0.37,0.98,0.95,0.43,0.30,0.19,0.21,0.23,0.32,0.96
t=40 field hdg=99.1 enc=8879;19378 xy=22;167 want=30 str=1.30 l=2.00 r=1.31 tick=657119 goal=0 here=0 d11=0.57 B=1.58,0.57,0.37,0.25,0.25,0.33,0.39,0.98,0.95,0.45,0.30,0.21,0.21,0.24,0.31,0.96
t=40 field hdg=97.7 enc=8879;19382 xy=22;169 want=30 str=1.26 l=2.00 r=1.28 tick=657138 goal=0 here=0 d11=0.57 B=1.56,0.56,0.35,0.24,0.24,0.32,0.38,0.97,0.96,0.44,0.29,0.20,0.20,0.23,0.32,0.96
t=41 field hdg=99.3 enc=8881;19382 xy=22;170 want=30 str=1.31 l=2.00 r=1.28 tick=657157 goal=0 here=0 d11=0.56 B=1.55,0.58,0.37,0.24,0.25,0.33,0.38,0.96,0.92,0.45,0.29,0.21,0.20,0.23,0.33,0.97
t=41 field hdg=99.5 enc=8881;19385 xy=22;172 want=31 str=1.20 l=2.00 r=1.19 tick=657176 goal=0 here=0 d11=0.57 B=1.45,0.56,0.36,0.24,0.25,0.33,0.39,0.97,0.95,0.45,0.29,0.20,0.21,0.24,0.31,0.97
t=41 field hdg=97.3 enc=8884;19386 xy=21;174 want=35 str=1.22 l=2.00 r=1.14 tick=657196 goal=0 here=0 d11=0.56 B=1.43,0.56,0.37,0.26,0.24,0.33,0.39,0.97,0.94,0.44,0.30,0.20,0.20,0.23,0.32,0.97
t=41 field hdg=99.0 enc=8883;19390 xy=21;175 want=33 str=1.24 l=2.00 r=1.16 tick=657215 goal=0 here=0 d11=0.58 B=1.43,0.57,0.37,0.26,0.26,0.33,0.38,0.97,0.95,0.44,0.29,0.21,0.21,0.25,0.31,0.98
t=41 field hdg=102.2 enc=8884;19389 xy=21;175 want=31 str=1.21 l=2.00 r=1.18 tick=657234 goal=0 here=0 d11=0.58 B=1.42,0.56,0.37,0.25,0.24,0.33,0.38,0.97,0.95,0.43,0.28,0.20,0.21,0.25,0.31,0.98
t=42 field hdg=99.2 enc=8886;19392 xy=21;178 want=29 str=1.18 l=1.97 r=1.20 tick=657253 goal=0 here=0 d11=0.58 B=1.41,0.56,0.36,0.23,0.24,0.31,0.39,0.96,0.94,0.43,0.28,0.19,0.21,0.26,0.32,0.98
t=42 field hdg=98.2 enc=8887;19392 xy=21;178 want=28 str=1.15 l=1.95 r=1.22 tick=657272 goal=0 here=0 d11=0.58 B=1.41,0.56,0.36,0.23,0.25,0.33,0.40,0.97,0.95,0.44,0.29,0.20,0.20,0.27,0.31,1.00
t=42 field hdg=98.7 enc=8889;19394 xy=20;180 want=33 str=1.23 l=2.00 r=1.15 tick=657293 goal=0 here=0 d11=0.57 B=1.42,0.55,0.36,0.25,0.25,0.32,0.39,0.98,0.95,0.43,0.29,0.19,0.20,0.25,0.30,0.99
t=42 field hdg=98.5 enc=8888;19396 xy=20;181 want=30 str=1.09 l=1.92 r=1.11 tick=657312 goal=0 here=0 d11=0.55 B=1.30,0.55,0.37,0.24,0.24,0.32,0.40,0.96,0.95,0.43,0.28,0.21,0.20,0.27,0.31,1.00
t=42 field hdg=102.0 enc=8890;19396 xy=20;182 want=35 str=1.05 l=1.90 r=0.97 tick=657331 goal=0 here=0 d11=0.58 B=1.19,0.56,0.37,0.23,0.26,0.31,0.39,0.96,0.95,0.45,0.27,0.20,0.20,0.27,0.32,0.99
t=43 field hdg=102.7 enc=8890;19398 xy=20;182 want=33 str=1.01 l=1.86 r=0.99 tick=657353 goal=0 here=0 d11=0.59 B=1.18,0.55,0.37,0.24,0.25,0.32,0.40,0.97,0.95,0.44,0.27,0.20,0.21,0.27,0.30,1.01
t=43 field hdg=100.4 enc=8889;19400 xy=20;183 want=36 str=1.13 l=1.91 r=0.95 tick=657371 goal=0 here=0 d11=0.57 B=1.18,0.56,0.37,0.25,0.24,0.32,0.39,0.97,0.95,0.44,0.26,0.20,0.19,0.27,0.32,1.02
t=43 field hdg=102.4 enc=8889;19400 xy=20;183 want=49 str=0.48 l=2.00 r=0.76 tick=657390 goal=0 here=0 d11=0.58 B=1.16,0.55,0.34,0.24,0.25,0.33,0.40,0.97,0.95,0.43,0.28,0.20,0.20,0.27,0.33,1.02
t=43 field hdg=100.1 enc=8890;19402 xy=20;184 want=29 str=1.06 l=1.80 r=1.02 tick=657409 goal=0 here=0 d11=0.57 B=1.16,0.56,0.37,0.24,0.25,0.33,0.40,0.98,0.95,0.43,0.28,0.20,0.21,0.29,0.31,1.10
t=43 field hdg=102.4 enc=8891;19403 xy=19;185 want=24 str=1.14 l=1.73 r=1.08 tick=657428 goal=0 here=0 d11=0.57 B=1.15,0.56,0.36,0.25,0.26,0.33,0.39,0.95,0.95,0.42,0.27,0.20,0.22,0.29,0.31,1.17
t=44 field hdg=97.5 enc=8893;19403 xy=19;186 want=22 str=1.05 l=1.70 r=1.10 tick=657447 goal=0 here=0 d11=0.57 B=1.14,0.56,0.36,0.23,0.24,0.31,0.39,0.96,0.96,0.44,0.27,0.21,0.21,0.28,0.31,1.17
t=44 field hdg=100.9 enc=8893;19405 xy=19;187 want=29 str=0.56 l=1.79 r=1.01 tick=657466 goal=0 here=0 d11=0.58 B=1.14,0.54,0.36,0.24,0.25,0.33,0.40,0.95,0.95,0.43,0.26,0.20,0.21,0.30,0.31,1.14
t=44 field hdg=97.3 enc=8893;19406 xy=19;188 want=25 str=1.11 l=1.74 r=1.07 tick=657485 goal=0 here=0 d11=0.58 B=1.15,0.56,0.37,0.24,0.25,0.32,0.40,0.96,0.96,0.43,0.27,0.20,0.21,0.30,0.30,1.15
t=44 field hdg=100.6 enc=8895;19407 xy=19;189 want=21 str=0.45 l=1.68 r=1.12 tick=657503 goal=0 here=0 d11=0.56 B=1.14,0.54,0.36,0.23,0.24,0.33,0.40,0.96,0.97,0.44,0.27,0.21,0.21,0.30,0.32,1.14
t=44 field hdg=99.9 enc=8895;19407 xy=19;189 want=22 str=1.06 l=1.70 r=1.10 tick=657525 goal=0 here=0 d11=0.56 B=1.14,0.55,0.37,0.24,0.25,0.33,0.39,0.96,0.96,0.43,0.27,0.21,0.21,0.30,0.31,1.16
t=45 field hdg=101.9 enc=8898;19410 xy=18;192 want=26 str=1.03 l=1.74 r=1.06 tick=657544 goal=0 here=0 d11=0.58 B=1.14,0.55,0.36,0.23,0.25,0.33,0.40,0.97,0.96,0.44,0.28,0.20,0.20,0.29,0.32,1.15
t=45 field hdg=102.1 enc=8898;19408 xy=18;191 want=31 str=0.56 l=1.80 r=0.98 tick=657562 goal=0 here=0 d11=0.58 B=1.13,0.54,0.36,0.25,0.24,0.33,0.41,0.96,0.96,0.43,0.26,0.20,0.20,0.29,0.30,1.15
t=45 field hdg=100.9 enc=8899;19412 xy=18;194 want=25 str=1.13 l=1.75 r=1.07 tick=657586 goal=0 here=0 d11=0.55 B=1.16,0.55,0.34,0.24,0.25,0.34,0.38,0.97,0.95,0.43,0.25,0.20,0.21,0.31,0.31,1.15
t=45 field hdg=99.0 enc=8899;19412 xy=18;194 want=24 str=0.46 l=1.69 r=1.06 tick=657605 goal=0 here=0 d11=0.57 B=1.11,0.54,0.36,0.24,0.24,0.34,0.39,0.97,0.97,0.43,0.27,0.21,0.20,0.30,0.31,1.17
t=45 field hdg=99.5 enc=8899;19414 xy=18;195 want=23 str=1.02 l=1.71 r=1.09 tick=657625 goal=0 here=0 d11=0.57 B=1.14,0.55,0.35,0.24,0.24,0.32,0.40,0.96,0.96,0.43,0.28,0.20,0.20,0.30,0.31,1.15
t=46 field hdg=105.0 enc=8900;19414 xy=18;195 want=28 str=0.52 l=1.77 r=1.02 tick=657644 goal=0 here=0 d11=0.57 B=1.14,0.54,0.36,0.24,0.23,0.32,0.40,0.97,0.96,0.43,0.27,0.20,0.20,0.30,0.29,1.16
t=46 field hdg=103.8 enc=8903;19413 xy=17;196 want=23 str=1.00 l=1.71 r=1.09 tick=657664 goal=0 here=0 d11=0.60 B=1.14,0.55,0.36,0.23,0.25,0.35,0.41,0.98,0.98,0.44,0.28,0.20,0.21,0.30,0.30,1.16
t=46 field hdg=100.7 enc=8902;19416 xy=17;197 want=23 str=0.50 l=1.71 r=1.09 tick=657684 goal=0 here=0 d11=0.57 B=1.14,0.55,0.36,0.22,0.24,0.32,0.39,0.97,0.94,0.45,0.26,0.21,0.20,0.32,0.31,1.15
t=46 field hdg=100.6 enc=8903;19416 xy=17;198 want=31 str=0.52 l=1.80 r=0.98 tick=657702 goal=0 here=0 d11=0.57 B=1.13,0.54,0.36,0.25,0.24,0.32,0.40,0.97,0.97,0.44,0.27,0.20,0.20,0.31,0.30,1.15
t=46 field hdg=100.7 enc=8905;19416 xy=17;199 want=20 str=0.47 l=1.66 r=1.12 tick=657722 goal=0 here=0 d11=0.56 B=1.13,0.54,0.37,0.23,0.24,0.32,0.39,0.97,0.96,0.44,0.27,0.21,0.21,0.32,0.30,1.16
t=47 field hdg=99.0 enc=8905;19419 xy=17;200 want=31 str=0.56 l=1.80 r=0.98 tick=657743 goal=0 here=0 d11=0.58 B=1.13,0.54,0.34,0.24,0.24,0.32,0.39,0.97,0.97,0.43,0.25,0.19,0.21,0.31,0.30,1.15
t=47 field hdg=102.0 enc=8906;19419 xy=17;201 want=34 str=0.58 l=1.85 r=0.94 tick=657762 goal=0 here=0 d11=0.56 B=1.14,0.53,0.36,0.25,0.26,0.33,0.38,0.96,0.97,0.44,0.26,0.20,0.20,0.31,0.29,1.16
t=47 field hdg=104.4 enc=8906;19420 xy=16;201 want=30 str=0.54 l=1.78 r=0.99 tick=657784 goal=0 here=0 d11=0.57 B=1.12,0.55,0.34,0.24,0.24,0.32,0.41,0.96,0.96,0.44,0.26,0.20,0.19,0.30,0.31,1.16
t=47 field hdg=102.6 enc=8904;19420 xy=17;200 want=30 str=0.55 l=1.78 r=0.98 tick=657802 goal=0 here=0 d11=0.59 B=1.12,0.54,0.35,0.23,0.25,0.33,0.41,0.96,0.97,0.44,0.25,0.20,0.21,0.29,0.30,1.16
t=47 field hdg=104.5 enc=8904;19422 xy=16;201 want=30 str=0.55 l=1.78 r=0.98 tick=657822 goal=0 here=0 d11=0.57 B=1.11,0.53,0.36,0.24,0.25,0.33,0.40,0.96,0.97,0.42,0.26,0.20,0.20,0.30,0.31,1.18
t=47 field hdg=102.1 enc=8906;19424 xy=16;203 want=22 str=0.48 l=1.66 r=1.09 tick=657840 goal=0 here=0 d11=0.58 B=1.10,0.53,0.33,0.24,0.23,0.34,0.41,0.96,0.97,0.41,0.26,0.19,0.21,0.31,0.30,1.16
t=48 field hdg=101.9 enc=8905;19423 xy=16;202 want=29 str=0.52 l=1.76 r=0.98 tick=657862 goal=0 here=0 d11=0.58 B=1.10,0.54,0.35,0.25,0.24,0.33,0.40,0.96,0.97,0.42,0.26,0.20,0.20,0.30,0.31,1.16
t=48 field hdg=103.7 enc=8907;19424 xy=16;204 want=27 str=0.49 l=1.72 r=1.01 tick=657886 goal=0 here=0 d11=0.58 B=1.09,0.54,0.35,0.24,0.24,0.33,0.41,0.96,0.97,0.42,0.26,0.21,0.20,0.30,0.32,1.17
t=48 field hdg=95.0 enc=8908;19427 xy=16;206 want=28 str=0.51 l=1.73 r=0.99 tick=657907 goal=0 here=0 d11=0.57 B=1.08,0.53,0.34,0.24,0.25,0.33,0.40,0.96,0.97,0.43,0.25,0.20,0.21,0.31,0.30,1.17
t=48 field hdg=102.3 enc=8907;19427 xy=16;205 want=35 str=0.57 l=1.83 r=0.90 tick=657926 goal=0 here=0 d11=0.57 B=1.09,0.52,0.35,0.24,0.26,0.34,0.40,0.95,0.97,0.43,0.25,0.20,0.19,0.30,0.30,1.17
t=49 field hdg=101.8 enc=8909;19427 xy=16;206 want=27 str=0.51 l=1.72 r=0.99 tick=657945 goal=0 here=0 d11=0.56 B=1.08,0.53,0.34,0.24,0.25,0.31,0.41,0.94,0.98,0.43,0.26,0.20,0.21,0.30,0.31,1.18
t=49 field hdg=102.3 enc=8908;19430 xy=15;207 want=35 str=0.54 l=1.81 r=0.88 tick=657966 goal=0 here=0 d11=0.58 B=1.07,0.53,0.35,0.24,0.26,0.34,0.41,0.95,0.98,0.44,0.25,0.20,0.20,0.30,0.32,1.18
t=49 field hdg=103.7 enc=8909;19430 xy=15;208 want=29 str=0.47 l=1.72 r=0.94 tick=657985 goal=0 here=0 d11=0.58 B=1.04,0.54,0.36,0.23,0.24,0.34,0.41,0.95,1.00,0.42,0.24,0.21,0.20,0.31,0.31,1.18
t=49 field hdg=105.8 enc=8908;19431 xy=15;208 want=29 str=0.45 l=1.69 r=0.91 tick=658004 goal=0 here=0 d11=0.58 B=1.00,0.52,0.35,0.24,0.23,0.33,0.41,0.95,0.98,0.44,0.24,0.20,0.21,0.30,0.31,1.18
t=49 field hdg=103.1 enc=8907;19431 xy=15;207 want=30 str=0.40 l=1.69 r=0.89 tick=658023 goal=0 here=0 d11=0.56 B=0.99,0.53,0.35,0.24,0.24,0.35,0.42,0.95,0.99,0.42,0.26,0.20,0.20,0.31,0.32,1.19
t=50 field hdg=104.5 enc=8907;19433 xy=15;208 want=30 str=0.44 l=1.69 r=0.90 tick=658061 goal=0 here=0 d11=0.57 B=0.99,0.38,0.35,0.24,0.24,0.33,0.42,0.95,0.99,0.42,0.24,0.21,0.21,0.31,0.31,1.20
t=50 field hdg=101.3 enc=8908;19436 xy=15;210 want=38 str=0.50 l=1.78 r=0.77 tick=658086 goal=0 here=0 d11=0.59 B=0.96,0.36,0.34,0.25,0.25,0.34,0.41,0.95,0.99,0.42,0.24,0.20,0.20,0.30,0.32,1.22
t=50 field hdg=105.5 enc=8909;19437 xy=14;211 want=-7 str=1.10 l=1.16 r=1.36 tick=658105 goal=0 here=0 d11=0.57 B=0.94,0.37,0.34,0.24,0.24,0.35,0.41,0.95,0.99,0.43,0.26,0.20,0.22,0.31,0.32,2.03
t=50 field hdg=104.9 enc=8910;19436 xy=14;211 want=-4 str=1.10 l=1.21 r=1.32 tick=658124 goal=0 here=0 d11=0.57 B=0.95,0.36,0.35,0.23,0.25,0.34,0.41,0.94,1.00,0.41,0.25,0.20,0.20,0.32,0.32,2.03
t=51 field hdg=102.0 enc=8911;19437 xy=14;212 want=-5 str=1.11 l=1.19 r=1.32 tick=658143 goal=0 here=0 d11=0.58 B=0.93,0.37,0.34,0.23,0.24,0.34,0.42,0.95,1.00,0.42,0.24,0.21,0.20,0.31,0.32,2.05
t=51 field hdg=103.8 enc=8912;19440 xy=14;214 want=-7 str=1.15 l=1.18 r=1.35 tick=658163 goal=0 here=0 d11=0.58 B=0.95,0.37,0.34,0.23,0.24,0.34,0.41,0.93,1.00,0.42,0.23,0.21,0.20,0.30,0.32,2.05
t=51 field hdg=105.7 enc=8913;19439 xy=14;214 want=-3 str=1.11 l=1.21 r=1.30 tick=658182 goal=0 here=0 d11=0.57 B=0.94,0.36,0.34,0.23,0.26,0.34,0.42,0.92,0.99,0.41,0.25,0.21,0.20,0.31,0.32,2.05
t=51 field hdg=105.3 enc=8914;19442 xy=13;216 want=-4 str=1.13 l=1.20 r=1.32 tick=658206 goal=0 here=0 d11=0.58 B=0.95,0.35,0.35,0.24,0.25,0.33,0.41,0.95,0.99,0.42,0.24,0.20,0.21,0.30,0.32,2.04
t=51 field hdg=101.7 enc=8915;19441 xy=13;216 want=-4 str=1.09 l=1.21 r=1.30 tick=658225 goal=0 here=0 d11=0.56 B=0.94,0.37,0.34,0.24,0.24,0.34,0.41,0.95,1.00,0.42,0.25,0.21,0.19,0.31,0.32,2.05
t=52 field hdg=105.0 enc=8916;19442 xy=13;217 want=-4 str=1.09 l=1.20 r=1.31 tick=658244 goal=0 here=0 d11=0.57 B=0.93,0.36,0.35,0.23,0.25,0.33,0.41,0.93,1.00,0.42,0.24,0.21,0.20,0.30,0.32,2.03
t=52 field hdg=104.5 enc=8917;19443 xy=13;218 want=-7 str=1.11 l=1.17 r=1.35 tick=658263 goal=0 here=0 d11=0.58 B=0.95,0.36,0.34,0.24,0.24,0.36,0.43,0.95,1.01,0.42,0.25,0.21,0.22,0.30,0.33,2.05
t=52 field hdg=105.2 enc=8918;19445 xy=12;219 want=-6 str=1.10 l=1.19 r=1.34 tick=658283 goal=0 here=0 d11=0.58 B=0.94,0.38,0.34,0.24,0.24,0.34,0.41,0.95,1.00,0.42,0.25,0.21,0.21,0.29,0.32,2.05
t=52 field hdg=104.8 enc=8919;19446 xy=12;220 want=-7 str=1.06 l=1.17 r=1.35 tick=658301 goal=0 here=0 d11=0.56 B=0.94,0.36,0.34,0.23,0.24,0.34,0.43,0.97,1.00,0.42,0.25,0.20,0.21,0.31,0.32,2.04
t=52 field hdg=104.1 enc=8920;19446 xy=12;221 want=-2 str=1.08 l=1.23 r=1.29 tick=658320 goal=0 here=0 d11=0.58 B=0.94,0.37,0.35,0.23,0.25,0.34,0.42,0.96,1.00,0.42,0.25,0.20,0.20,0.30,0.32,2.04
t=52 field hdg=104.6 enc=8919;19448 xy=12;221 want=-5 str=1.09 l=1.19 r=1.33 tick=658339 goal=0 here=0 d11=0.56 B=0.94,0.38,0.35,0.23,0.25,0.34,0.42,0.95,1.01,0.42,0.24,0.20,0.21,0.30,0.31,2.03
t=53 field hdg=103.0 enc=8920;19449 xy=12;222 want=-5 str=1.05 l=1.18 r=1.33 tick=658361 goal=0 here=0 d11=0.58 B=0.94,0.36,0.34,0.23,0.25,0.33,0.40,0.95,1.01,0.41,0.25,0.21,0.20,0.29,0.32,2.03
t=53 field hdg=103.5 enc=8922;19449 xy=11;223 want=-6 str=1.06 l=1.17 r=1.35 tick=658379 goal=0 here=0 d11=0.57 B=0.94,0.36,0.34,0.22,0.25,0.33,0.43,0.94,1.00,0.42,0.27,0.20,0.20,0.29,0.32,2.03
t=53 field hdg=102.7 enc=8923;19451 xy=11;224 want=-5 str=1.10 l=1.19 r=1.33 tick=658398 goal=0 here=0 d11=0.58 B=0.94,0.37,0.33,0.24,0.24,0.34,0.42,0.95,1.00,0.42,0.25,0.20,0.21,0.30,0.33,2.04
t=53 field hdg=104.4 enc=8925;19451 xy=11;225 want=-3 str=1.10 l=1.22 r=1.30 tick=658417 goal=0 here=0 d11=0.57 B=0.94,0.37,0.34,0.23,0.25,0.34,0.41,0.95,0.99,0.41,0.24,0.20,0.20,0.31,0.32,2.03
t=53 field hdg=105.9 enc=8926;19454 xy=10;227 want=-2 str=1.09 l=1.23 r=1.29 tick=658436 goal=0 here=0 d11=0.57 B=0.95,0.38,0.35,0.23,0.24,0.33,0.40,0.95,1.00,0.43,0.24,0.20,0.19,0.29,0.32,2.04
t=54 field hdg=102.7 enc=8925;19455 xy=10;227 want=-1 str=1.10 l=1.25 r=1.28 tick=658459 goal=0 here=0 d11=0.58 B=0.95,0.36,0.35,0.23,0.25,0.33,0.40,0.96,1.00,0.42,0.24,0.19,0.20,0.30,0.32,2.03
t=54 field hdg=105.9 enc=8926;19454 xy=10;227 want=-6 str=1.09 l=1.18 r=1.34 tick=658478 goal=0 here=0 d11=0.57 B=0.94,0.50,0.35,0.23,0.24,0.34,0.42,0.95,1.00,0.42,0.24,0.20,0.20,0.30,0.30,2.02
t=54 field hdg=102.3 enc=8927;19456 xy=10;229 want=-5 str=1.10 l=1.19 r=1.32 tick=658497 goal=0 here=0 d11=0.57 B=0.94,0.52,0.35,0.23,0.24,0.33,0.42,0.94,1.00,0.42,0.24,0.21,0.20,0.30,0.31,2.04
t=54 field hdg=102.9 enc=8929;19456 xy=10;230 want=-4 str=1.12 l=1.21 r=1.30 tick=658516 goal=0 here=0 d11=0.58 B=0.94,0.52,0.34,0.24,0.24,0.33,0.42,0.96,1.00,0.43,0.23,0.21,0.20,0.31,0.31,2.05
t=54 field hdg=98.9 enc=8929;19458 xy=9;231 want=-5 str=1.06 l=1.19 r=1.32 tick=658535 goal=0 here=0 d11=0.56 B=0.94,0.52,0.35,0.23,0.25,0.34,0.41,0.97,1.00,0.42,0.25,0.21,0.20,0.30,0.31,2.04
t=55 field hdg=102.1 enc=8932;19458 xy=9;232 want=-2 str=1.08 l=1.23 r=1.30 tick=658556 goal=0 here=0 d11=0.57 B=0.95,0.51,0.34,0.23,0.26,0.34,0.42,0.96,1.01,0.44,0.24,0.20,0.20,0.30,0.30,2.02
t=55 field hdg=103.5 enc=8933;19460 xy=9;234 want=-0 str=1.10 l=1.26 r=1.26 tick=658576 goal=0 here=0 d11=0.57 B=0.94,0.51,0.35,0.24,0.25,0.33,0.41,0.95,1.00,0.43,0.25,0.21,0.18,0.30,0.32,2.05
t=55 field hdg=103.4 enc=8933;19459 xy=9;233 want=-2 str=1.07 l=1.24 r=1.29 tick=658595 goal=0 here=0 d11=0.59 B=0.95,0.51,0.35,0.24,0.24,0.33,0.43,0.97,1.00,0.42,0.25,0.19,0.20,0.30,0.31,2.03
t=55 field hdg=103.8 enc=8934;19460 xy=9;234 want=-3 str=1.06 l=1.23 r=1.30 tick=658614 goal=0 here=0 d11=0.57 B=0.95,0.52,0.34,0.23,0.24,0.33,0.41,0.97,1.01,0.43,0.25,0.20,0.20,0.29,0.32,2.04
t=55 field hdg=101.9 enc=8936;19461 xy=8;236 want=-5 str=1.09 l=1.18 r=1.33 tick=658633 goal=0 here=0 d11=0.56 B=0.94,0.51,0.34,0.24,0.24,0.35,0.41,0.95,1.00,0.42,0.24,0.21,0.20,0.30,0.32,2.03
t=56 field hdg=100.9 enc=8937;19462 xy=8;237 want=-6 str=1.06 l=1.18 r=1.33 tick=658653 goal=0 here=0 d11=0.59 B=0.94,0.50,0.34,0.23,0.23,0.34,0.41,0.96,1.00,0.44,0.24,0.20,0.19,0.31,0.33,2.02
t=56 field hdg=100.2 enc=8938;19465 xy=8;239 want=-5 str=1.07 l=1.19 r=1.33 tick=658672 goal=0 here=0 d11=0.56 B=0.95,0.51,0.34,0.22,0.24,0.34,0.41,0.96,1.01,0.44,0.24,0.21,0.19,0.30,0.32,2.03
t=56 field hdg=103.8 enc=8937;19465 xy=8;238 want=-8 str=1.06 l=1.15 r=1.35 tick=658691 goal=0 here=0 d11=0.57 B=0.93,0.50,0.34,0.23,0.24,0.34,0.42,0.95,1.00,0.43,0.25,0.21,0.20,0.30,0.32,2.02
t=56 field hdg=99.8 enc=8938;19467 xy=8;240 want=-6 str=1.08 l=1.18 r=1.34 tick=658712 goal=0 here=0 d11=0.57 B=0.94,0.50,0.33,0.24,0.24,0.34,0.42,0.97,1.00,0.43,0.25,0.21,0.21,0.30,0.33,2.04
t=56 field hdg=101.1 enc=8939;19468 xy=8;241 want=-2 str=1.09 l=1.23 r=1.29 tick=658733 goal=0 here=0 d11=0.60 B=0.94,0.50,0.35,0.24,0.25,0.33,0.41,0.95,0.99,0.43,0.24,0.22,0.20,0.29,0.32,2.03
t=57 field hdg=108.4 enc=8940;19469 xy=7;242 want=-4 str=1.05 l=1.21 r=1.31 tick=658752 goal=0 here=0 d11=0.57 B=0.94,0.51,0.33,0.24,0.25,0.32,0.41,0.95,1.02,0.43,0.26,0.21,0.19,0.31,0.30,2.03
t=57 field hdg=102.8 enc=8943;19468 xy=7;243 want=1 str=1.12 l=1.29 r=1.25 tick=658771 goal=0 here=0 d11=0.57 B=0.95,0.52,0.33,0.25,0.24,0.34,0.43,0.97,0.99,0.43,0.24,0.20,0.19,0.31,0.32,2.02
t=57 field hdg=106.5 enc=8944;19469 xy=7;244 want=-5 str=1.08 l=1.20 r=1.32 tick=658790 goal=0 here=0 d11=0.57 B=0.95,0.51,0.34,0.24,0.25,0.33,0.41,0.96,1.00,0.43,0.24,0.21,0.20,0.30,0.33,2.04
t=57 field hdg=104.0 enc=8945;19470 xy=6;244 want=0 str=1.10 l=1.27 r=1.26 tick=658809 goal=0 here=0 d11=0.58 B=0.95,0.51,0.35,0.24,0.25,0.34,0.43,0.96,1.00,0.44,0.25,0.19,0.20,0.30,0.32,2.02
t=57 field hdg=105.3 enc=8945;19472 xy=6;245 want=-9 str=1.05 l=1.15 r=1.37 tick=658828 goal=0 here=0 d11=0.57 B=0.94,0.52,0.34,0.22,0.25,0.32,0.41,0.96,1.00,0.44,0.25,0.22,0.20,0.30,0.32,2.03
t=58 field hdg=105.5 enc=8946;19473 xy=6;246 want=2 str=1.06 l=1.27 r=1.23 tick=658846 goal=0 here=0 d11=0.57 B=0.93,0.51,0.33,0.24,0.24,0.34,0.42,0.97,1.01,0.44,0.24,0.20,0.18,0.31,0.32,2.01
t=58 field hdg=105.9 enc=8947;19474 xy=6;247 want=-1 str=1.08 l=1.25 r=1.28 tick=658865 goal=0 here=0 d11=0.57 B=0.95,0.51,0.33,0.25,0.24,0.34,0.43,0.97,1.01,0.44,0.25,0.21,0.19,0.31,0.31,2.03
t=58 field hdg=105.2 enc=8948;19475 xy=5;248 want=-6 str=1.06 l=1.18 r=1.33 tick=658884 goal=0 here=0 d11=0.56 B=0.94,0.51,0.33,0.24,0.24,0.33,0.42,0.96,1.01,0.45,0.25,0.21,0.20,0.32,0.32,2.03
t=58 field hdg=100.5 enc=8948;19475 xy=5;248 want=-4 str=1.03 l=1.20 r=1.31 tick=658903 goal=0 here=0 d11=0.56 B=0.94,0.51,0.34,0.24,0.24,0.33,0.42,0.96,1.02,0.44,0.26,0.21,0.19,0.30,0.32,2.02
t=58 field hdg=103.9 enc=8950;19476 xy=5;250 want=1 str=1.08 l=1.28 r=1.24 tick=658924 goal=0 here=0 d11=0.57 B=0.94,0.52,0.34,0.24,0.25,0.33,0.42,0.96,1.02,0.42,0.24,0.19,0.20,0.29,0.32,2.02
t=59 field hdg=99.7 enc=8950;19479 xy=5;251 want=-7 str=1.06 l=1.17 r=1.35 tick=658943 goal=0 here=0 d11=0.58 B=0.95,0.51,0.33,0.23,0.24,0.33,0.43,0.97,1.02,0.44,0.25,0.21,0.21,0.30,0.32,2.03
t=59 field hdg=104.8 enc=8952;19477 xy=5;251 want=-6 str=1.08 l=1.18 r=1.34 tick=658962 goal=0 here=0 d11=0.57 B=0.94,0.51,0.35,0.23,0.24,0.33,0.43,0.96,1.00,0.44,0.24,0.21,0.19,0.30,0.31,2.04
t=59 field hdg=102.6 enc=8952;19478 xy=5;252 want=-2 str=1.09 l=1.24 r=1.29 tick=658981 goal=0 here=0 d11=0.56 B=0.95,0.51,0.35,0.24,0.25,0.34,0.43,0.97,1.01,0.42,0.24,0.21,0.19,0.31,0.31,2.03
t=59 field hdg=100.1 enc=8955;19479 xy=4;254 want=-3 str=1.04 l=1.22 r=1.30 tick=659000 goal=0 here=0 d11=0.56 B=0.95,0.51,0.34,0.24,0.24,0.34,0.41,0.98,1.01,0.44,0.25,0.21,0.20,0.29,0.32,2.03
t=59 field hdg=104.5 enc=8956;19481 xy=4;255 want=-6 str=1.06 l=1.19 r=1.35 tick=659021 goal=0 here=0 d11=0.57 B=0.95,0.51,0.32,0.23,0.24,0.34,0.42,0.97,1.02,0.45,0.24,0.21,0.21,0.30,0.31,2.03
t=59 field hdg=105.7 enc=8958;19481 xy=4;256 want=-7 str=1.05 l=1.17 r=1.35 tick=659040 goal=0 here=0 d11=0.58 B=0.94,0.51,0.33,0.22,0.24,0.33,0.41,0.97,1.01,0.44,0.24,0.20,0.21,0.30,0.32,2.02
t=60 field hdg=99.4 enc=8957;19482 xy=4;256 want=-4 str=1.03 l=1.21 r=1.31 tick=659058 goal=0 here=0 d11=0.57 B=0.94,0.51,0.33,0.24,0.25,0.33,0.41,0.97,1.02,0.43,0.25,0.21,0.20,0.30,0.31,2.02
t=60 field hdg=105.6 enc=8958;19485 xy=3;258 want=-5 str=1.06 l=1.20 r=1.32 tick=659080 goal=0 here=0 d11=0.58 B=0.95,0.51,0.32,0.24,0.25,0.33,0.42,0.96,1.02,0.44,0.24,0.22,0.20,0.31,0.31,2.02
t=60 field hdg=104.9 enc=8961;19484 xy=3;259 want=-5 str=1.07 l=1.21 r=1.33 tick=659099 goal=0 here=0 d11=0.58 B=0.96,0.51,0.33,0.24,0.24,0.33,0.40,0.98,1.01,0.45,0.24,0.21,0.20,0.30,0.31,2.02
t=60 field hdg=104.4 enc=8962;19485 xy=3;260 want=-9 str=1.02 l=1.15 r=1.38 tick=659120 goal=0 here=0 d11=0.57 B=0.94,0.51,0.34,0.23,0.24,0.33,0.41,0.98,1.02,0.44,0.25,0.21,0.21,0.30,0.31,2.01
t=60 field hdg=103.9 enc=8962;19487 xy=2;261 want=-2 str=1.05 l=1.24 r=1.29 tick=659139 goal=0 here=0 d11=0.58 B=0.95,0.51,0.33,0.24,0.25,0.33,0.41,0.97,1.02,0.43,0.24,0.21,0.20,0.31,0.30,2.01
t=61 field hdg=104.3 enc=8964;19488 xy=2;262 want=-5 str=1.05 l=1.20 r=1.33 tick=659157 goal=0 here=0 d11=0.58 B=0.94,0.51,0.33,0.24,0.24,0.32,0.41,0.98,1.02,0.45,0.25,0.20,0.21,0.30,0.33,2.03
t=61 field hdg=100.9 enc=8965;19488 xy=2;263 want=-5 str=1.04 l=1.19 r=1.34 tick=659176 goal=0 here=0 d11=0.57 B=0.95,0.51,0.33,0.24,0.23,0.31,0.40,0.97,1.00,0.45,0.25,0.21,0.20,0.30,0.32,2.00
t=61 field hdg=98.9 enc=8965;19490 xy=2;264 want=-6 str=1.04 l=1.18 r=1.34 tick=659195 goal=0 here=0 d11=0.56 B=0.95,0.50,0.34,0.24,0.25,0.32,0.42,0.97,1.00,0.43,0.25,0.22,0.21,0.30,0.31,2.01
t=61 field hdg=107.0 enc=8965;19490 xy=2;264 want=-6 str=1.02 l=1.18 r=1.34 tick=659214 goal=0 here=0 d11=0.57 B=0.94,0.52,0.33,0.24,0.24,0.32,0.41,0.98,1.01,0.43,0.25,0.22,0.21,0.29,0.32,2.02
t=61 field hdg=103.0 enc=8967;19493 xy=1;266 want=-5 str=1.02 l=1.18 r=1.32 tick=659235 goal=0 here=0 d11=0.57 B=0.93,0.51,0.31,0.24,0.24,0.32,0.42,0.97,1.02,0.45,0.24,0.22,0.21,0.30,0.30,2.01
t=62 field hdg=103.4 enc=8968;19492 xy=1;266 want=-4 str=1.06 l=1.21 r=1.32 tick=659254 goal=0 here=0 d11=0.57 B=0.95,0.49,0.33,0.24,0.25,0.32,0.41,0.98,1.01,0.45,0.24,0.21,0.21,0.30,0.32,2.02
t=62 field hdg=103.2 enc=8969;19495 xy=1;268 want=-3 str=1.03 l=1.22 r=1.29 tick=659273 goal=0 here=0 d11=0.57 B=0.94,0.51,0.32,0.23,0.25,0.32,0.43,0.99,1.01,0.45,0.25,0.20,0.20,0.31,0.45,2.01
t=62 field hdg=103.9 enc=8970;19495 xy=1;269 want=-6 str=1.05 l=1.17 r=1.34 tick=659292 goal=0 here=0 d11=0.57 B=0.93,0.50,0.34,0.24,0.24,0.31,0.41,0.98,1.01,0.45,0.24,0.22,0.21,0.30,0.46,2.03
t=62 field hdg=101.6 enc=8972;19496 xy=0;270 want=-6 str=0.99 l=1.18 r=1.35 tick=659313 goal=0 here=0 d11=0.58 B=0.95,0.52,0.33,0.24,0.23,0.32,0.43,0.99,1.02,0.45,0.25,0.22,0.20,0.29,0.46,2.01
t=62 field hdg=106.3 enc=8973;19498 xy=-0;272 want=-2 str=1.03 l=1.23 r=1.29 tick=659332 goal=0 here=0 d11=0.57 B=0.94,0.52,0.33,0.24,0.24,0.32,0.43,0.99,1.01,0.44,0.24,0.21,0.20,0.30,0.45,2.01
t=63 field hdg=101.8 enc=8973;19498 xy=-0;272 want=-5 str=1.02 l=1.19 r=1.32 tick=659351 goal=0 here=0 d11=0.57 B=0.94,0.51,0.32,0.25,0.24,0.31,0.40,0.98,1.00,0.44,0.26,0.21,0.21,0.29,0.45,2.01
t=63 field hdg=102.4 enc=8973;19500 xy=-0;273 want=-7 str=1.03 l=1.17 r=1.35 tick=659370 goal=0 here=0 d11=0.59 B=0.94,0.51,0.33,0.24,0.24,0.31,0.41,0.97,1.02,0.44,0.25,0.22,0.21,0.30,0.45,2.02
t=63 field hdg=102.8 enc=8976;19499 xy=-1;274 want=-6 str=1.02 l=1.19 r=1.33 tick=659389 goal=0 here=0 d11=0.57 B=0.94,0.50,0.33,0.24,0.24,0.32,0.42,0.97,1.02,0.44,0.25,0.21,0.21,0.31,0.45,1.99
t=63 field hdg=102.1 enc=8977;19501 xy=-1;275 want=-12 str=1.01 l=1.10 r=1.42 tick=659408 goal=0 here=0 d11=0.57 B=0.94,0.49,0.33,0.23,0.22,0.32,0.41,0.99,1.02,0.44,0.25,0.22,0.21,0.30,0.46,2.01
t=63 field hdg=101.7 enc=8977;19501 xy=-1;275 want=-4 str=1.01 l=1.21 r=1.32 tick=659430 goal=0 here=0 d11=0.58 B=0.95,0.50,0.31,0.23,0.24,0.31,0.41,0.98,1.01,0.45,0.25,0.21,0.21,0.29,0.45,2.00
t=64 field hdg=103.6 enc=8978;19503 xy=-1;277 want=-6 str=0.98 l=1.18 r=1.34 tick=659453 goal=0 here=0 d11=0.58 B=0.94,0.50,0.32,0.23,0.24,0.31,0.43,1.00,1.02,0.45,0.24,0.22,0.21,0.28,0.45,2.02
t=64 field hdg=100.8 enc=8978;19505 xy=-1;278 want=-8 str=1.04 l=1.15 r=1.37 tick=659472 goal=0 here=0 d11=0.57 B=0.94,0.51,0.31,0.25,0.24,0.32,0.42,0.99,1.03,0.45,0.24,0.22,0.22,0.31,0.45,2.02
t=64 field hdg=103.8 enc=8981;19506 xy=-2;279 want=-9 str=1.02 l=1.16 r=1.39 tick=659491 goal=0 here=0 d11=0.57 B=0.96,0.50,0.34,0.24,0.24,0.33,0.43,0.99,1.02,0.45,0.25,0.23,0.21,0.30,0.44,2.01
t=64 field hdg=101.9 enc=8980;19504 xy=-2;278 want=-3 str=0.97 l=1.22 r=1.30 tick=659510 goal=0 here=0 d11=0.55 B=0.95,0.50,0.31,0.24,0.25,0.31,0.42,0.99,1.02,0.45,0.26,0.21,0.21,0.29,0.45,2.00
t=64 field hdg=102.3 enc=8983;19505 xy=-2;280 want=-4 str=1.04 l=1.21 r=1.31 tick=659529 goal=0 here=0 d11=0.58 B=0.94,0.50,0.32,0.25,0.24,0.31,0.42,0.98,1.03,0.45,0.24,0.21,0.21,0.30,0.46,2.02
t=65 field hdg=103.7 enc=8982;19506 xy=-2;280 want=-4 str=1.01 l=1.20 r=1.31 tick=659548 goal=0 here=0 d11=0.58 B=0.94,0.48,0.32,0.24,0.24,0.33,0.43,0.99,1.02,0.45,0.24,0.21,0.21,0.29,0.45,2.01
t=65 field hdg=103.2 enc=8984;19507 xy=-2;281 want=-3 str=1.00 l=1.23 r=1.31 tick=659567 goal=0 here=0 d11=0.57 B=0.95,0.50,0.32,0.24,0.25,0.31,0.42,1.00,1.02,0.44,0.24,0.22,0.21,0.29,0.44,2.00
t=65 field hdg=103.2 enc=8985;19510 xy=-3;283 want=-7 str=0.99 l=1.16 r=1.36 tick=659586 goal=0 here=0 d11=0.58 B=0.94,0.50,0.31,0.23,0.23,0.31,0.43,0.99,1.03,0.45,0.24,0.21,0.22,0.29,0.45,2.01
t=65 field hdg=103.7 enc=8986;19509 xy=-3;283 want=-6 str=0.99 l=1.18 r=1.34 tick=659607 goal=0 here=0 d11=0.58 B=0.94,0.49,0.32,0.24,0.24,0.33,0.41,1.00,1.01,0.45,0.25,0.22,0.20,0.30,0.44,2.01
t=65 field hdg=105.8 enc=8987;19511 xy=-3;285 want=-6 str=0.99 l=1.19 r=1.34 tick=659626 goal=0 here=0 d11=0.57 B=0.94,0.50,0.31,0.25,0.25,0.32,0.42,1.00,1.02,0.46,0.26,0.22,0.21,0.30,0.45,2.01
t=66 field hdg=102.5 enc=8988;19511 xy=-3;285 want=-7 str=1.01 l=1.18 r=1.36 tick=659645 goal=0 here=0 d11=0.59 B=0.96,0.50,0.32,0.24,0.23,0.31,0.42,0.99,1.03,0.45,0.25,0.21,0.21,0.29,0.45,2.01
t=66 field hdg=105.1 enc=8988;19514 xy=-4;287 want=-5 str=1.01 l=1.20 r=1.32 tick=659666 goal=0 here=0 d11=0.59 B=0.94,0.49,0.30,0.24,0.23,0.32,0.41,0.99,1.01,0.46,0.25,0.21,0.21,0.30,0.46,1.99
t=66 field hdg=101.1 enc=8992;19513 xy=-4;288 want=-3 str=0.97 l=1.22 r=1.31 tick=659688 goal=0 here=0 d11=0.56 B=0.95,0.50,0.32,0.25,0.24,0.31,0.42,1.01,1.03,0.45,0.25,0.21,0.21,0.29,0.45,1.99
t=66 field hdg=103.6 enc=8992;19515 xy=-4;289 want=-2 str=0.98 l=1.24 r=1.28 tick=659707 goal=0 here=0 d11=0.58 B=0.94,0.50,0.32,0.24,0.25,0.31,0.42,1.00,1.02,0.45,0.25,0.20,0.20,0.30,0.45,1.99
t=66 field hdg=103.0 enc=8992;19517 xy=-4;290 want=-4 str=1.00 l=1.21 r=1.32 tick=659726 goal=0 here=0 d11=0.57 B=0.95,0.50,0.32,0.24,0.24,0.31,0.43,0.99,1.01,0.45,0.24,0.21,0.21,0.29,0.45,1.99
t=67 field hdg=101.0 enc=8992;19517 xy=-4;290 want=-4 str=0.97 l=1.20 r=1.31 tick=659744 goal=0 here=0 d11=0.58 B=0.93,0.48,0.31,0.24,0.24,0.31,0.42,1.00,1.02,0.45,0.25,0.21,0.22,0.29,0.45,1.99
t=67 field hdg=102.7 enc=8995;19519 xy=-5;293 want=-5 str=0.98 l=1.19 r=1.34 tick=659763 goal=0 here=0 d11=0.58 B=0.95,0.49,0.32,0.25,0.23,0.31,0.42,1.01,1.03,0.44,0.25,0.22,0.22,0.29,0.45,2.00
t=67 field hdg=99.8 enc=8994;19518 xy=-5;292 want=-6 str=0.99 l=1.17 r=1.34 tick=659783 goal=0 here=0 d11=0.57 B=0.93,0.49,0.32,0.23,0.24,0.30,0.41,1.00,1.02,0.45,0.24,0.22,0.21,0.29,0.45,2.01
t=67 field hdg=101.7 enc=8998;19519 xy=-5;294 want=-4 str=0.97 l=1.21 r=1.32 tick=659808 goal=0 here=0 d11=0.58 B=0.95,0.48,0.32,0.24,0.24,0.32,0.44,1.01,1.03,0.45,0.24,0.21,0.21,0.29,0.44,1.99
t=67 field hdg=103.6 enc=8997;19520 xy=-5;294 want=-3 str=0.96 l=1.22 r=1.31 tick=659827 goal=0 here=0 d11=0.57 B=0.95,0.49,0.31,0.24,0.23,0.30,0.42,1.00,1.04,0.45,0.24,0.21,0.21,0.28,0.44,2.00
t=68 field hdg=100.0 enc=9000;19523 xy=-6;297 want=-6 str=0.97 l=1.19 r=1.35 tick=659845 goal=0 here=0 d11=0.58 B=0.95,0.49,0.32,0.24,0.25,0.30,0.42,1.00,1.03,0.45,0.24,0.22,0.23,0.28,0.45,1.99
t=68 field hdg=103.8 enc=9001;19523 xy=-6;298 want=-10 str=0.98 l=1.13 r=1.40 tick=659864 goal=0 here=0 d11=0.57 B=0.95,0.48,0.30,0.24,0.24,0.31,0.42,1.01,1.02,0.44,0.24,0.23,0.22,0.30,0.45,1.99
t=68 field hdg=101.7 enc=9000;19525 xy=-6;298 want=-6 str=0.98 l=1.20 r=1.35 tick=659884 goal=0 here=0 d11=0.58 B=0.97,0.50,0.30,0.24,0.23,0.29,0.42,1.00,1.03,0.46,0.26,0.21,0.21,0.28,0.45,2.00
t=68 field hdg=102.9 enc=9001;19524 xy=-6;298 want=-4 str=0.96 l=1.21 r=1.32 tick=659903 goal=0 here=0 d11=0.57 B=0.95,0.50,0.32,0.24,0.25,0.30,0.42,1.02,1.03,0.45,0.25,0.23,0.21,0.30,0.45,2.00
t=68 field hdg=100.0 enc=9004;19525 xy=-6;300 want=-8 str=0.98 l=1.15 r=1.37 tick=659922 goal=0 here=0 d11=0.56 B=0.94,0.50,0.32,0.25,0.23,0.30,0.42,1.01,1.02,0.46,0.24,0.22,0.22,0.30,0.45,1.99
t=68 field hdg=102.6 enc=9004;19527 xy=-7;301 want=-10 str=0.96 l=1.14 r=1.39 tick=659942 goal=0 here=0 d11=0.58 B=0.95,0.50,0.32,0.23,0.24,0.31,0.42,1.01,1.02,0.46,0.24,0.23,0.21,0.29,0.45,1.99
t=69 field hdg=105.4 enc=9004;19527 xy=-7;301 want=-6 str=0.98 l=1.19 r=1.35 tick=659961 goal=0 here=0 d11=0.58 B=0.96,0.48,0.32,0.24,0.24,0.31,0.43,1.01,1.03,0.46,0.25,0.22,0.22,0.30,0.44,1.99
t=69 field hdg=101.9 enc=9006;19530 xy=-7;303 want=-0 str=0.97 l=1.27 r=1.27 tick=659980 goal=0 here=0 d11=0.58 B=0.96,0.50,0.30,0.26,0.24,0.30,0.43,1.01,1.02,0.45,0.24,0.21,0.21,0.28,0.45,1.98
t=69 field hdg=106.9 enc=9006;19530 xy=-7;303 want=-7 str=0.94 l=1.18 r=1.35 tick=659999 goal=0 here=0 d11=0.57 B=0.95,0.49,0.32,0.24,0.24,0.30,0.42,1.03,1.03,0.46,0.25,0.21,0.23,0.29,0.44,1.99
t=69 field hdg=99.2 enc=9008;19530 xy=-7;304 want=41 str=0.33 l=1.82 r=0.71 tick=660017 goal=0 here=0 d11=0.58 B=0.95,0.49,0.31,0.24,0.24,0.30,0.42,1.02,1.01,0.46,0.24,0.22,0.23,0.28,0.44,1.20
t=69 field hdg=102.7 enc=9008;19530 xy=-7;304 want=-5 str=0.99 l=1.21 r=1.33 tick=660036 goal=0 here=0 d11=0.58 B=0.95,0.49,0.30,0.24,0.24,0.29,0.40,1.01,1.04,0.45,0.23,0.21,0.22,0.29,0.45,1.98
t=70 field hdg=104.6 enc=9010;19532 xy=-8;306 want=-6 str=0.98 l=1.18 r=1.33 tick=660057 goal=0 here=0 d11=0.57 B=0.94,0.48,0.31,0.25,0.24,0.30,0.43,1.01,1.03,0.45,0.24,0.21,0.22,0.29,0.46,2.01
t=70 field hdg=103.5 enc=9011;19532 xy=-8;307 want=-4 str=0.97 l=1.21 r=1.32 tick=660076 goal=0 here=0 d11=0.58 B=0.95,0.48,0.30,0.24,0.24,0.30,0.42,1.00,1.04,0.45,0.24,0.22,0.21,0.29,0.43,1.99
t=70 field hdg=107.3 enc=9012;19533 xy=-8;308 want=-8 str=0.99 l=1.15 r=1.38 tick=660095 goal=0 here=0 d11=0.57 B=0.95,0.50,0.30,0.25,0.22,0.30,0.42,1.01,1.04,0.45,0.24,0.23,0.21,0.30,0.44,2.00
t=70 field hdg=104.0 enc=9012;19536 xy=-9;309 want=-5 str=0.97 l=1.19 r=1.32 tick=660114 goal=0 here=0 d11=0.57 B=0.93,0.50,0.32,0.24,0.24,0.30,0.42,1.00,1.03,0.45,0.24,0.22,0.22,0.29,0.44,2.00
t=70 field hdg=104.6 enc=9013;19535 xy=-9;309 want=-6 str=1.00 l=1.18 r=1.35 tick=660133 goal=0 here=0 d11=0.57 B=0.95,0.51,0.30,0.25,0.24,0.29,0.41,1.01,1.03,0.46,0.25,0.21,0.22,0.29,0.44,2.00
t=71 field hdg=105.0 enc=9015;19538 xy=-9;312 want=-2 str=0.94 l=1.23 r=1.30 tick=660152 goal=0 here=0 d11=0.57 B=0.95,0.50,0.31,0.24,0.24,0.29,0.43,1.01,1.03,0.45,0.24,0.22,0.21,0.27,0.44,1.99
t=71 field hdg=106.4 enc=9014;19539 xy=-9;312 want=-8 str=0.95 l=1.15 r=1.37 tick=660172 goal=0 here=0 d11=0.57 B=0.94,0.49,0.32,0.23,0.24,0.29,0.42,1.01,1.04,0.45,0.25,0.22,0.21,0.29,0.46,1.99
t=71 field hdg=102.1 enc=9017;19538 xy=-9;313 want=-8 str=0.94 l=1.16 r=1.37 tick=660193 goal=0 here=0 d11=0.58 B=0.95,0.49,0.31,0.24,0.24,0.29,0.42,1.01,1.03,0.46,0.26,0.20,0.24,0.28,0.44,1.99
t=71 field hdg=104.5 enc=9016;19539 xy=-9;313 want=-9 str=0.95 l=1.13 r=1.38 tick=660212 goal=0 here=0 d11=0.57 B=0.94,0.48,0.30,0.24,0.23,0.29,0.43,1.02,1.04,0.46,0.24,0.21,0.22,0.29,0.44,1.99
t=71 field hdg=99.1 enc=9017;19541 xy=-10;314 want=-7 str=0.88 l=1.15 r=1.35 tick=660231 goal=0 here=0 d11=0.57 B=0.93,0.48,0.30,0.24,0.24,0.30,0.42,1.02,1.05,0.47,0.24,0.23,0.22,0.28,0.44,1.99
t=72 field hdg=102.5 enc=9020;19541 xy=-10;316 want=-10 str=0.97 l=1.12 r=1.39 tick=660250 goal=0 here=0 d11=0.58 B=0.94,0.50,0.30,0.24,0.23,0.29,0.43,1.02,1.04,0.46,0.24,0.22,0.23,0.29,0.43,1.99
t=72 field hdg=103.2 enc=9021;19543 xy=-10;317 want=-6 str=0.92 l=1.17 r=1.34 tick=660269 goal=0 here=0 d11=0.57 B=0.94,0.48,0.31,0.24,0.23,0.30,0.42,1.01,1.03,0.45,0.24,0.23,0.22,0.27,0.45,1.99
t=72 field hdg=105.6 enc=9020;19545 xy=-10;317 want=-5 str=0.92 l=1.20 r=1.32 tick=660288 goal=0 here=0 d11=0.58 B=0.94,0.49,0.30,0.26,0.23,0.31,0.42,1.01,1.04,0.45,0.25,0.22,0.22,0.28,0.44,1.98
t=72 field hdg=100.7 enc=9022;19546 xy=-11;319 want=-8 str=0.96 l=1.16 r=1.37 tick=660308 goal=0 here=0 d11=0.56 B=0.95,0.49,0.30,0.25,0.23,0.29,0.43,1.02,1.04,0.46,0.24,0.22,0.22,0.28,0.45,1.99
t=72 field hdg=102.0 enc=9024;19545 xy=-11;319 want=-4 str=0.90 l=1.21 r=1.32 tick=660327 goal=0 here=0 d11=0.59 B=0.95,0.50,0.30,0.26,0.24,0.29,0.42,1.04,1.04,0.46,0.26,0.21,0.22,0.28,0.44,1.99
t=73 field hdg=103.3 enc=9024;19548 xy=-11;321 want=-6 str=0.93 l=1.18 r=1.35 tick=660346 goal=0 here=0 d11=0.56 B=0.95,0.49,0.30,0.25,0.24,0.28,0.43,1.02,1.04,0.46,0.25,0.22,0.22,0.27,0.45,1.99
t=73 field hdg=100.6 enc=9025;19547 xy=-11;321 want=-6 str=0.94 l=1.20 r=1.35 tick=660365 goal=0 here=0 d11=0.56 B=0.96,0.49,0.31,0.24,0.23,0.29,0.42,1.02,1.04,0.47,0.24,0.22,0.21,0.27,0.45,1.99
t=73 field hdg=102.6 enc=9027;19550 xy=-12;323 want=-7 str=0.91 l=1.17 r=1.36 tick=660386 goal=0 here=0 d11=0.57 B=0.95,0.49,0.30,0.24,0.24,0.29,0.44,1.02,1.05,0.46,0.25,0.22,0.22,0.28,0.44,1.98
t=73 field hdg=104.8 enc=9028;19550 xy=-12;324 want=-8 str=0.98 l=1.17 r=1.39 tick=660405 goal=0 here=0 d11=0.57 B=0.97,0.48,0.30,0.25,0.22,0.30,0.41,1.01,1.04,0.45,0.24,0.22,0.23,0.28,0.44,1.99
t=73 field hdg=105.2 enc=9027;19552 xy=-12;324 want=-9 str=0.91 l=1.15 r=1.38 tick=660426 goal=0 here=0 d11=0.57 B=0.95,0.49,0.30,0.24,0.22,0.29,0.41,1.01,1.04,0.47,0.26,0.22,0.21,0.27,0.43,1.99
t=74 field hdg=102.7 enc=9028;19551 xy=-12;324 want=-12 str=0.92 l=1.11 r=1.42 tick=660446 goal=0 here=0 d11=0.58 B=0.95,0.49,0.28,0.26,0.25,0.29,0.44,1.02,1.04,0.46,0.25,0.22,0.24,0.29,0.44,1.98
t=74 field hdg=102.3 enc=9031;19554 xy=-13;327 want=-12 str=0.91 l=1.11 r=1.42 tick=660468 goal=0 here=0 d11=0.57 B=0.95,0.48,0.29,0.25,0.24,0.27,0.43,1.03,1.04,0.47,0.25,0.22,0.23,0.27,0.43,1.98
t=74 field hdg=102.5 enc=9030;19553 xy=-12;326 want=-7 str=0.99 l=1.19 r=1.37 tick=660487 goal=0 here=0 d11=0.58 B=0.97,0.49,0.31,0.27,0.24,0.29,0.42,1.01,1.04,0.47,0.26,0.22,0.23,0.29,0.45,2.00
t=74 field hdg=104.8 enc=9033;19554 xy=-13;328 want=-10 str=0.96 l=1.15 r=1.41 tick=660509 goal=0 here=0 d11=0.58 B=0.98,0.48,0.30,0.24,0.23,0.30,0.41,1.02,1.04,0.47,0.25,0.21,0.24,0.28,0.45,1.99
t=74 field hdg=101.0 enc=9033;19555 xy=-13;329 want=-5 str=0.92 l=1.21 r=1.34 tick=660528 goal=0 here=0 d11=0.58 B=0.96,0.48,0.29,0.27,0.24,0.29,0.42,1.03,1.03,0.47,0.26,0.22,0.23,0.27,0.43,1.98
t=75 field hdg=101.9 enc=9034;19556 xy=-13;330 want=-7 str=0.93 l=1.18 r=1.37 tick=660547 goal=0 here=0 d11=0.60 B=0.96,0.49,0.29,0.26,0.23,0.28,0.43,1.04,1.04,0.47,0.24,0.22,0.23,0.26,0.45,1.98
t=75 field hdg=100.4 enc=9036;19556 xy=-13;331 want=-2 str=0.95 l=1.27 r=1.32 tick=660566 goal=0 here=0 d11=0.58 B=0.99,0.49,0.30,0.25,0.25,0.29,0.42,1.02,1.04,0.47,0.26,0.21,0.23,0.27,0.45,1.99
t=75 field hdg=104.8 enc=9036;19557 xy=-14;331 want=-7 str=0.94 l=1.19 r=1.38 tick=660585 goal=0 here=0 d11=0.59 B=0.97,0.49,0.30,0.25,0.23,0.28,0.42,1.03,1.05,0.47,0.25,0.21,0.22,0.28,0.45,1.98
t=75 field hdg=99.0 enc=9037;19558 xy=-14;332 want=-8 str=0.91 l=1.17 r=1.39 tick=660606 goal=0 here=0 d11=0.59 B=0.96,0.48,0.29,0.24,0.23,0.30,0.42,1.03,1.04,0.46,0.25,0.22,0.23,0.28,0.44,1.98
t=75 field hdg=104.2 enc=9038;19560 xy=-14;334 want=-12 str=0.91 l=1.12 r=1.44 tick=660625 goal=0 here=0 d11=0.58 B=0.97,0.49,0.30,0.25,0.23,0.30,0.43,1.03,1.05,0.46,0.26,0.23,0.24,0.27,0.44,2.00
t=76 field hdg=102.4 enc=9041;19561 xy=-15;336 want=-7 str=0.94 l=1.19 r=1.37 tick=660644 goal=0 here=0 d11=0.59 B=0.97,0.48,0.31,0.26,0.22,0.30,0.43,1.03,1.06,0.47,0.25,0.22,0.24,0.27,0.44,1.99
t=76 field hdg=101.7 enc=9041;19561 xy=-15;336 want=-13 str=0.96 l=1.12 r=1.46 tick=660668 goal=0 here=0 d11=0.58 B=0.98,0.48,0.29,0.26,0.23,0.28,0.43,1.04,1.04,0.47,0.26,0.22,0.24,0.28,0.44,1.98
t=76 field hdg=103.2 enc=9042;19563 xy=-15;337 want=-6 str=0.92 l=1.22 r=1.37 tick=660689 goal=0 here=0 d11=0.60 B=0.99,0.49,0.28,0.26,0.23,0.29,0.42,1.04,1.04,0.46,0.25,0.22,0.22,0.27,0.44,1.98
t=76 field hdg=105.5 enc=9042;19564 xy=-15;337 want=-8 str=0.99 l=1.17 r=1.40 tick=660708 goal=0 here=0 d11=0.59 B=0.98,0.48,0.30,0.27,0.24,0.28,0.43,1.02,1.05,0.47,0.25,0.21,0.24,0.28,0.44,1.98
t=76 field hdg=99.5 enc=9044;19565 xy=-15;339 want=-5 str=0.93 l=1.23 r=1.35 tick=660727 goal=0 here=0 d11=0.58 B=0.98,0.49,0.30,0.27,0.23,0.28,0.43,1.03,1.05,0.47,0.26,0.22,0.23,0.27,0.45,1.97
t=77 field hdg=101.7 enc=9044;19566 xy=-15;339 want=-9 str=0.96 l=1.17 r=1.42 tick=660752 goal=0 here=0 d11=0.59 B=0.99,0.48,0.31,0.26,0.22,0.28,0.43,1.04,1.05,0.47,0.25,0.22,0.23,0.27,0.45,1.99
t=77 field hdg=105.4 enc=9047;19567 xy=-16;341 want=-14 str=0.89 l=1.11 r=1.47 tick=660771 goal=0 here=0 d11=0.60 B=0.99,0.49,0.28,0.26,0.23,0.29,0.43,1.04,1.06,0.46,0.25,0.22,0.26,0.26,0.44,1.98
t=77 field hdg=102.8 enc=9046;19567 xy=-16;341 want=-12 str=0.93 l=1.14 r=1.46 tick=660789 goal=0 here=0 d11=0.59 B=1.00,0.49,0.29,0.26,0.22,0.28,0.42,1.05,1.06,0.45,0.26,0.22,0.23,0.28,0.43,1.98
t=77 field hdg=106.5 enc=9049;19570 xy=-17;344 want=-8 str=0.92 l=1.18 r=1.40 tick=660808 goal=0 here=0 d11=0.59 B=0.99,0.49,0.29,0.27,0.23,0.30,0.41,1.03,1.05,0.47,0.25,0.22,0.24,0.27,0.44,1.98
t=77 field hdg=100.4 enc=9050;19571 xy=-17;345 want=-16 str=0.93 l=1.07 r=1.50 tick=660827 goal=0 here=0 d11=0.58 B=0.98,0.49,0.29,0.25,0.23,0.28,0.43,1.05,1.04,0.47,0.26,0.21,0.25,0.28,0.43,1.97
t=78 field hdg=105.4 enc=9050;19572 xy=-17;345 want=-13 str=0.94 l=1.11 r=1.47 tick=660846 goal=0 here=0 d11=0.61 B=0.98,0.48,0.29,0.26,0.22,0.28,0.43,1.03,1.05,0.47,0.26,0.22,0.24,0.28,0.43,1.96
t=78 field hdg=105.1 enc=9051;19572 xy=-17;346 want=-12 str=0.96 l=1.14 r=1.46 tick=660865 goal=0 here=0 d11=0.59 B=1.00,0.48,0.29,0.27,0.22,0.28,0.42,1.04,1.04,0.46,0.26,0.22,0.24,0.28,0.44,1.97
t=78 field hdg=100.7 enc=9053;19572 xy=-17;347 want=-14 str=0.94 l=1.12 r=1.48 tick=660883 goal=0 here=0 d11=0.59 B=0.99,0.48,0.29,0.26,0.22,0.28,0.43,1.04,1.06,0.47,0.26,0.22,0.23,0.27,0.46,1.98
t=78 field hdg=106.3 enc=9053;19574 xy=-18;348 want=-14 str=0.96 l=1.11 r=1.47 tick=660902 goal=0 here=0 d11=0.59 B=0.98,0.48,0.29,0.29,0.22,0.28,0.42,1.04,1.06,0.47,0.26,0.22,0.24,0.29,0.43,1.98
t=78 field hdg=104.9 enc=9054;19574 xy=-18;348 want=-13 str=0.87 l=1.12 r=1.47 tick=660927 goal=0 here=0 d11=0.59 B=0.99,0.48,0.27,0.26,0.23,0.29,0.42,1.04,1.04,0.46,0.25,0.23,0.24,0.27,0.43,1.96
t=79 field hdg=102.1 enc=9055;19576 xy=-18;350 want=-12 str=0.94 l=1.13 r=1.44 tick=660954 goal=0 here=0 d11=0.58 B=0.98,0.49,0.29,0.28,0.21,0.29,0.43,1.05,1.05,0.48,0.25,0.22,0.25,0.27,0.45,1.97
t=79 field hdg=102.5 enc=9056;19578 xy=-18;351 want=-16 str=0.92 l=1.07 r=1.51 tick=660980 goal=0 here=0 d11=0.58 B=0.99,0.48,0.27,0.26,0.22,0.27,0.43,1.04,1.04,0.47,0.25,0.21,0.25,0.27,0.44,1.96
t=79 field hdg=100.0 enc=9057;19580 xy=-19;353 want=-13 str=0.91 l=1.11 r=1.46 tick=660998 goal=0 here=0 d11=0.59 B=0.98,0.48,0.28,0.27,0.23,0.28,0.42,1.04,1.04,0.48,0.25,0.23,0.25,0.25,0.44,1.98
t=79 field hdg=103.9 enc=9058;19581 xy=-19;354 want=-19 str=0.92 l=1.04 r=1.54 tick=661017 goal=0 here=0 d11=0.58 B=0.99,0.49,0.29,0.27,0.23,0.26,0.43,1.04,1.06,0.47,0.26,0.24,0.25,0.27,0.44,1.96
t=79 field hdg=100.9 enc=9059;19581 xy=-19;354 want=-12 str=0.90 l=1.13 r=1.45 tick=661036 goal=0 here=0 d11=0.60 B=0.99,0.49,0.29,0.27,0.21,0.28,0.42,1.05,1.05,0.46,0.26,0.22,0.24,0.26,0.43,1.96
t=80 field hdg=103.7 enc=9061;19583 xy=-19;356 want=-9 str=0.88 l=1.17 r=1.40 tick=661055 goal=0 here=0 d11=0.58 B=0.98,0.49,0.29,0.28,0.21,0.29,0.43,1.05,1.06,0.48,0.26,0.21,0.25,0.27,0.45,1.96
t=80 field hdg=102.3 enc=9061;19582 xy=-19;355 want=-16 str=0.92 l=1.07 r=1.49 tick=661074 goal=0 here=0 d11=0.59 B=0.98,0.48,0.28,0.27,0.23,0.27,0.44,1.05,1.05,0.47,0.25,0.22,0.26,0.27,0.44,1.96
t=80 field hdg=102.7 enc=9064;19584 xy=-20;358 want=-9 str=0.89 l=1.17 r=1.41 tick=661093 goal=0 here=0 d11=0.59 B=0.98,0.48,0.29,0.27,0.21,0.29,0.43,1.06,1.05,0.48,0.26,0.21,0.24,0.27,0.43,1.98
t=80 field hdg=101.6 enc=9063;19584 xy=-20;357 want=-11 str=0.86 l=1.13 r=1.42 tick=661111 goal=0 here=0 d11=0.60 B=0.97,0.48,0.29,0.27,0.24,0.28,0.43,1.06,1.05,0.48,0.26,0.22,0.25,0.26,0.43,1.97
t=80 field hdg=102.3 enc=9064;19585 xy=-20;358 want=-14 str=0.91 l=1.10 r=1.49 tick=661130 goal=0 here=0 d11=0.60 B=0.99,0.48,0.28,0.27,0.21,0.27,0.43,1.05,1.06,0.47,0.25,0.23,0.25,0.25,0.45,1.96
t=81 field hdg=99.2 enc=9066;19586 xy=-20;360 want=-11 str=0.91 l=1.14 r=1.44 tick=661149 goal=0 here=0 d11=0.58 B=0.98,0.49,0.28,0.28,0.22,0.28,0.42,1.05,1.06,0.48,0.24,0.22,0.25,0.27,0.44,1.98
t=81 field hdg=100.8 enc=9067;19588 xy=-20;361 want=-14 str=0.95 l=1.10 r=1.48 tick=661168 goal=0 here=0 d11=0.60 B=0.98,0.49,0.28,0.28,0.21,0.27,0.44,1.05,1.05,0.47,0.25,0.21,0.25,0.27,0.44,1.97
t=81 field hdg=102.3 enc=9069;19587 xy=-21;362 want=-19 str=0.93 l=1.04 r=1.55 tick=661187 goal=0 here=0 d11=0.60 B=0.99,0.49,0.28,0.28,0.21,0.27,0.43,1.06,1.05,0.48,0.26,0.22,0.26,0.28,0.44,1.96
t=81 field hdg=104.0 enc=9070;19588 xy=-21;363 want=-9 str=0.91 l=1.18 r=1.42 tick=661205 goal=0 here=0 d11=0.57 B=1.00,0.48,0.29,0.28,0.21,0.28,0.43,1.06,1.06,0.49,0.25,0.21,0.25,0.26,0.43,1.95
t=81 field hdg=100.9 enc=9070;19591 xy=-21;364 want=-13 str=0.94 l=1.12 r=1.47 tick=661224 goal=0 here=0 d11=0.60 B=0.99,0.47,0.28,0.28,0.21,0.27,0.43,1.05,1.05,0.48,0.26,0.22,0.24,0.27,0.43,1.97
t=82 field hdg=100.5 enc=9072;19590 xy=-21;365 want=-11 str=0.90 l=1.15 r=1.44 tick=661243 goal=0 here=0 d11=0.59 B=0.99,0.49,0.28,0.27,0.22,0.28,0.43,1.05,1.05,0.48,0.25,0.23,0.24,0.26,0.44,1.96
t=82 field hdg=103.5 enc=9072;19591 xy=-21;365 want=-15 str=0.90 l=1.09 r=1.49 tick=661262 goal=0 here=0 d11=0.59 B=0.99,0.48,0.29,0.27,0.21,0.27,0.42,1.06,1.05,0.47,0.26,0.22,0.26,0.26,0.45,1.96
t=82 field hdg=102.3 enc=9073;19594 xy=-22;367 want=-17 str=0.88 l=1.05 r=1.51 tick=661280 goal=0 here=0 d11=0.60 B=0.97,0.47,0.27,0.28,0.22,0.27,0.42,1.06,1.07,0.47,0.26,0.22,0.26,0.27,0.43,1.97
t=82 field hdg=105.2 enc=9075;19593 xy=-22;368 want=-14 str=0.90 l=1.12 r=1.48 tick=661299 goal=0 here=0 d11=0.59 B=1.00,0.49,0.29,0.27,0.22,0.27,0.42,1.06,1.07,0.48,0.26,0.22,0.25,0.27,0.44,1.95
t=82 field hdg=101.0 enc=9074;19595 xy=-22;368 want=-17 str=0.92 l=1.06 r=1.52 tick=661321 goal=0 here=0 d11=0.59 B=0.98,0.48,0.29,0.27,0.21,0.27,0.44,1.05,1.06,0.47,0.26,0.22,0.25,0.27,0.44,1.97
t=82 field hdg=101.6 enc=9075;19597 xy=-22;370 want=-14 str=0.90 l=1.11 r=1.49 tick=661339 goal=0 here=0 d11=0.60 B=1.00,0.48,0.28,0.28,0.20,0.28,0.42,1.06,1.05,0.48,0.27,0.22,0.25,0.26,0.44,1.97
t=83 field hdg=102.9 enc=9078;19596 xy=-22;371 want=-21 str=0.89 l=1.00 r=1.57 tick=661358 goal=0 here=0 d11=0.58 B=0.98,0.48,0.28,0.28,0.21,0.27,0.43,1.05,1.07,0.47,0.26,0.23,0.27,0.26,0.45,1.96
t=83 field hdg=100.7 enc=9079;19598 xy=-23;372 want=-9 str=0.86 l=1.18 r=1.42 tick=661377 goal=0 here=0 d11=0.58 B=1.00,0.49,0.27,0.28,0.21,0.29,0.42,1.05,1.06,0.48,0.26,0.21,0.25,0.24,0.45,1.97
t=83 field hdg=102.3 enc=9079;19598 xy=-23;372 want=-15 str=0.84 l=1.09 r=1.49 tick=661398 goal=0 here=0 d11=0.59 B=0.99,0.48,0.28,0.28,0.22,0.28,0.43,1.06,1.07,0.48,0.27,0.22,0.26,0.26,0.43,1.96
t=83 field hdg=106.3 enc=9081;19600 xy=-23;374 want=-17 str=0.91 l=1.07 r=1.52 tick=661420 goal=0 here=0 d11=0.59 B=0.99,0.48,0.28,0.28,0.22,0.27,0.43,1.06,1.06,0.49,0.26,0.22,0.26,0.28,0.45,1.95
t=83 field hdg=98.5 enc=9080;19600 xy=-23;374 want=-12 str=0.85 l=1.13 r=1.46 tick=661438 goal=0 here=0 d11=0.59 B=1.00,0.48,0.28,0.27,0.22,0.28,0.44,1.07,1.06,0.47,0.25,0.22,0.26,0.25,0.45,1.96
t=84 field hdg=106.5 enc=9083;19602 xy=-24;376 want=-20 str=0.85 l=1.03 r=1.56 tick=661457 goal=0 here=0 d11=0.59 B=0.99,0.48,0.27,0.28,0.22,0.27,0.43,1.08,1.08,0.49,0.27,0.22,0.27,0.26,0.44,1.96
t=84 field hdg=100.7 enc=9083;19602 xy=-24;376 want=-15 str=0.92 l=1.10 r=1.50 tick=661478 goal=0 here=0 d11=0.59 B=1.00,0.49,0.27,0.28,0.22,0.25,0.43,1.06,1.05,0.47,0.25,0.23,0.25,0.25,0.44,1.96
t=84 field hdg=103.2 enc=9085;19602 xy=-24;377 want=-23 str=0.91 l=1.00 r=1.60 tick=661497 goal=0 here=0 d11=0.59 B=1.00,0.48,0.27,0.28,0.21,0.27,0.44,1.07,1.06,0.48,0.25,0.23,0.27,0.26,0.44,1.96
t=84 field hdg=102.6 enc=9085;19604 xy=-24;378 want=1 str=0.23 l=1.31 r=1.29 tick=661516 goal=0 here=0 d11=0.59 B=1.00,0.48,0.27,0.30,0.20,0.27,0.43,1.06,1.07,0.47,0.26,0.22,0.25,0.27,0.44,1.27
t=84 field hdg=99.1 enc=9086;19605 xy=-25;379 want=45 str=0.15 l=1.90 r=0.69 tick=661535 goal=0 here=0 d11=0.59 B=0.99,0.48,0.27,0.29,0.22,0.27,0.44,1.07,1.07,0.49,0.26,0.22,0.25,0.26,0.43,1.17
t=85 field hdg=101.9 enc=9088;19606 xy=-25;380 want=6 str=0.09 l=1.38 r=1.21 tick=661559 goal=0 here=0 d11=0.58 B=0.99,0.48,0.27,0.28,0.22,0.26,0.43,1.06,1.08,0.49,0.26,0.21,0.28,0.25,0.43,1.15
t=85 field hdg=99.1 enc=9087;19606 xy=-25;380 want=-9 str=0.89 l=1.18 r=1.42 tick=661577 goal=0 here=0 d11=0.59 B=1.00,0.49,0.28,0.29,0.22,0.27,0.42,1.06,1.06,0.49,0.25,0.21,0.27,0.25,0.44,1.95
t=0 field hdg=338.5 enc=9354;21151 xy=1;-0 want=49 str=2.30 l=1.49 r=0.18 tick=698164 goal=0 here=0 d11=0.71 B=0.33,0.30,0.32,0.44,0.78,1.90,0.51,0.20,0.21,0.21,0.16,0.19,0.39,0.68,1.06,0.52
t=0 field hdg=332.4 enc=9353;21153 xy=1;-1 want=40 str=2.12 l=1.36 r=0.29 tick=698183 goal=0 here=0 d11=0.71 B=0.32,0.29,0.33,0.44,0.80,1.91,0.51,0.20,0.20,0.21,0.16,0.20,0.39,1.07,1.07,0.54
t=0 field hdg=332.6 enc=9356;21152 xy=2;-1 want=41 str=2.16 l=1.37 r=0.28 tick=698201 goal=0 here=0 d11=0.72 B=0.32,0.29,0.31,0.44,0.79,1.92,0.51,0.20,0.21,0.21,0.16,0.19,0.41,1.06,1.07,0.53
t=0 field hdg=335.4 enc=9355;21154 xy=3;-1 want=41 str=2.15 l=1.37 r=0.28 tick=698220 goal=0 here=0 d11=0.72 B=0.32,0.29,0.32,0.42,0.78,1.92,0.51,0.20,0.21,0.20,0.16,0.20,0.40,1.05,1.07,0.53
t=0 field hdg=333.1 enc=9357;21153 xy=3;-1 want=41 str=2.06 l=1.37 r=0.28 tick=698239 goal=0 here=0 d11=0.71 B=0.32,0.29,0.32,0.43,0.78,1.90,0.52,0.22,0.21,0.21,0.16,0.21,0.40,1.06,1.06,0.51
t=1 field hdg=333.1 enc=9359;21155 xy=5;-2 want=40 str=2.17 l=1.35 r=0.29 tick=698258 goal=0 here=0 d11=0.72 B=0.32,0.30,0.33,0.43,0.78,1.93,0.51,0.19,0.21,0.20,0.17,0.20,0.39,1.07,1.06,0.53
t=1 field hdg=331.3 enc=9358;21155 xy=5;-2 want=41 str=2.11 l=1.38 r=0.29 tick=698277 goal=0 here=0 d11=0.70 B=0.33,0.29,0.33,0.43,0.77,1.92,0.52,0.21,0.21,0.20,0.17,0.20,0.40,1.05,1.06,0.52
t=1 field hdg=333.3 enc=9359;21156 xy=5;-3 want=41 str=2.07 l=1.38 r=0.28 tick=698298 goal=0 here=0 d11=0.71 B=0.33,0.29,0.31,0.44,0.79,1.92,0.52,0.21,0.21,0.21,0.17,0.21,0.41,1.05,1.06,0.52
t=1 field hdg=331.4 enc=9361;21159 xy=8;-4 want=41 str=2.05 l=1.38 r=0.29 tick=698317 goal=0 here=0 d11=0.71 B=0.33,0.30,0.32,0.45,0.78,1.91,0.53,0.21,0.21,0.20,0.18,0.21,0.40,1.06,1.05,0.53
t=1 field hdg=333.7 enc=9363;21158 xy=8;-4 want=42 str=2.10 l=1.38 r=0.27 tick=698336 goal=0 here=0 d11=0.70 B=0.32,0.30,0.32,0.44,0.77,1.92,0.51,0.22,0.20,0.21,0.17,0.20,0.40,1.05,1.05,0.53
t=2 field hdg=334.1 enc=9362;21161 xy=9;-4 want=41 str=2.08 l=1.37 r=0.26 tick=698355 goal=0 here=0 d11=0.71 B=0.31,0.28,0.31,0.44,0.77,1.90,0.52,0.21,0.21,0.20,0.18,0.18,0.41,1.06,1.05,0.53
t=2 field hdg=333.5 enc=9364;21162 xy=10;-5 want=41 str=2.01 l=1.37 r=0.27 tick=698374 goal=0 here=0 d11=0.71 B=0.32,0.28,0.32,0.44,0.78,1.91,0.53,0.21,0.21,0.20,0.18,0.21,0.41,1.06,1.05,0.52
t=2 field hdg=332.3 enc=9365;21163 xy=11;-6 want=41 str=2.11 l=1.36 r=0.28 tick=698393 goal=0 here=0 d11=0.71 B=0.32,0.29,0.31,0.44,0.78,1.92,0.52,0.20,0.21,0.21,0.15,0.20,0.40,1.06,1.06,0.52
t=2 field hdg=330.9 enc=9365;21163 xy=11;-6 want=40 str=2.16 l=1.35 r=0.29 tick=698411 goal=0 here=0 d11=0.70 B=0.32,0.30,0.33,0.43,0.77,1.91,0.52,0.20,0.20,0.20,0.17,0.20,0.40,1.05,1.05,0.51
t=2 field hdg=332.3 enc=9365;21163 xy=11;-6 want=46 str=2.12 l=1.45 r=0.21 tick=698433 goal=0 here=0 d11=0.69 B=0.33,0.28,0.31,0.43,0.78,1.92,0.52,0.23,0.20,0.21,0.15,0.20,0.41,1.04,0.91,0.52
t=3 field hdg=333.8 enc=9365;21165 xy=12;-6 want=45 str=2.08 l=1.43 r=0.23 tick=698454 goal=0 here=0 d11=0.71 B=0.33,0.29,0.31,0.43,0.78,1.90,0.52,0.22,0.20,0.20,0.15,0.22,0.40,1.06,0.89,0.51
t=3 field hdg=331.9 enc=9365;21166 xy=13;-6 want=45 str=2.06 l=1.43 r=0.24 tick=698473 goal=0 here=0 d11=0.72 B=0.33,0.29,0.32,0.42,0.79,1.90,0.51,0.20,0.22,0.21,0.16,0.21,0.40,1.06,0.89,0.52
t=3 field hdg=333.6 enc=9364;21166 xy=12;-6 want=45 str=2.07 l=1.42 r=0.22 tick=698492 goal=0 here=0 d11=0.72 B=0.31,0.29,0.32,0.43,0.79,1.89,0.52,0.20,0.22,0.20,0.17,0.21,0.42,1.04,0.89,0.53
t=3 field hdg=333.8 enc=9365;21168 xy=13;-7 want=46 str=2.01 l=1.43 r=0.22 tick=698515 goal=0 here=0 d11=0.70 B=0.32,0.29,0.31,0.43,0.79,1.88,0.52,0.21,0.22,0.21,0.18,0.21,0.41,1.05,0.89,0.51
t=3 field hdg=335.0 enc=9363;21167 xy=12;-6 want=45 str=2.13 l=1.42 r=0.23 tick=698534 goal=0 here=0 d11=0.71 B=0.32,0.30,0.32,0.43,0.79,1.88,0.51,0.21,0.21,0.20,0.15,0.21,0.41,1.05,0.88,0.51
t=4 field hdg=333.0 enc=9364;21168 xy=13;-7 want=45 str=2.09 l=1.43 r=0.22 tick=698553 goal=0 here=0 d11=0.72 B=0.32,0.29,0.33,0.43,0.81,1.86,0.51,0.21,0.21,0.19,0.17,0.21,0.42,1.04,0.87,0.51
t=4 STUCK mv=11 want=44
t=7 field hdg=323.1 enc=9387;21148 xy=15;-8 want=46 str=1.75 l=1.44 r=0.22 tick=698878 goal=0 here=0 d11=0.71 B=0.33,0.28,0.34,0.29,0.51,1.96,0.78,0.39,0.21,0.22,0.16,0.18,0.33,0.85,1.10,0.59
t=7 field hdg=326.0 enc=9388;21148 xy=15;-8 want=46 str=1.76 l=1.44 r=0.22 tick=698897 goal=0 here=0 d11=0.72 B=0.33,0.27,0.35,0.31,0.52,1.96,0.78,0.39,0.20,0.22,0.16,0.18,0.34,0.83,1.10,0.59
t=7 field hdg=328.5 enc=9390;21148 xy=16;-8 want=46 str=1.73 l=1.44 r=0.22 tick=698916 goal=0 here=0 d11=0.72 B=0.33,0.27,0.34,0.28,0.53,1.96,0.79,0.38,0.19,0.23,0.15,0.18,0.33,0.85,1.09,0.58
t=7 field hdg=325.5 enc=9390;21149 xy=16;-9 want=45 str=1.77 l=1.42 r=0.21 tick=698935 goal=0 here=0 d11=0.71 B=0.31,0.29,0.33,0.29,0.52,1.96,0.78,0.39,0.20,0.23,0.15,0.19,0.34,0.84,1.10,0.59
t=8 field hdg=328.6 enc=9391;21149 xy=17;-9 want=48 str=1.68 l=1.47 r=0.20 tick=698954 goal=0 here=0 d11=0.72 B=0.34,0.28,0.34,0.29,0.52,1.95,0.80,0.39,0.22,0.22,0.17,0.19,0.35,0.83,1.09,0.58
t=8 field hdg=324.1 enc=9390;21151 xy=17;-9 want=47 str=1.70 l=1.46 r=0.20 tick=698973 goal=0 here=0 d11=0.71 B=0.33,0.27,0.32,0.30,0.51,1.95,0.79,0.38,0.20,0.22,0.17,0.18,0.34,0.85,1.08,0.58
t=8 field hdg=325.3 enc=9390;21153 xy=18;-10 want=46 str=1.67 l=1.46 r=0.22 tick=698994 goal=0 here=0 d11=0.71 B=0.34,0.27,0.33,0.31,0.52,1.94,0.78,0.38,0.21,0.22,0.17,0.19,0.34,0.85,1.10,0.58
t=8 field hdg=324.3 enc=9392;21153 xy=19;-10 want=47 str=1.71 l=1.45 r=0.21 tick=699014 goal=0 here=0 d11=0.70 B=0.33,0.28,0.34,0.30,0.51,1.95,0.80,0.38,0.21,0.22,0.17,0.19,0.34,0.85,1.09,0.58
t=8 field hdg=325.4 enc=9391;21154 xy=19;-10 want=47 str=1.69 l=1.47 r=0.21 tick=699033 goal=0 here=0 d11=0.71 B=0.34,0.28,0.33,0.31,0.52,1.95,0.78,0.39,0.22,0.22,0.16,0.20,0.34,0.85,1.08,0.57
t=9 field hdg=327.2 enc=9391;21156 xy=20;-11 want=47 str=1.63 l=1.47 r=0.20 tick=699054 goal=0 here=0 d11=0.71 B=0.33,0.27,0.34,0.30,0.52,1.94,0.78,0.38,0.21,0.24,0.17,0.18,0.35,0.85,1.09,0.57
t=9 field hdg=323.9 enc=9392;21157 xy=20;-11 want=46 str=1.57 l=1.44 r=0.22 tick=699073 goal=0 here=0 d11=0.70 B=0.33,0.28,0.34,0.31,0.52,1.94,0.78,0.40,0.21,0.24,0.19,0.20,0.36,0.86,1.10,0.57
t=9 field hdg=325.0 enc=9390;21158 xy=20;-11 want=41 str=1.68 l=1.38 r=0.29 tick=699092 goal=0 here=0 d11=0.71 B=0.34,0.26,0.33,0.29,0.52,1.96,0.77,0.24,0.21,0.22,0.17,0.19,0.35,0.86,1.10,0.57
t=9 field hdg=328.5 enc=9391;21158 xy=20;-11 want=38 str=1.75 l=1.35 r=0.33 tick=699111 goal=0 here=0 d11=0.72 B=0.34,0.28,0.34,0.31,0.54,1.94,0.77,0.23,0.20,0.22,0.18,0.20,0.36,0.86,1.09,0.57
t=9 field hdg=329.8 enc=9390;21160 xy=21;-12 want=41 str=1.68 l=1.38 r=0.29 tick=699131 goal=0 here=0 d11=0.71 B=0.34,0.26,0.34,0.30,0.53,1.95,0.78,0.24,0.22,0.22,0.17,0.18,0.36,0.89,1.09,0.58
t=9 field hdg=327.4 enc=9390;21160 xy=21;-12 want=41 str=1.77 l=1.37 r=0.27 tick=699149 goal=0 here=0 d11=0.71 B=0.32,0.27,0.34,0.30,0.52,1.94,0.77,0.24,0.21,0.23,0.16,0.18,0.37,0.87,1.08,0.56
t=10 field hdg=328.0 enc=9392;21162 xy=23;-13 want=39 str=1.75 l=1.35 r=0.32 tick=699168 goal=0 here=0 d11=0.70 B=0.33,0.28,0.33,0.30,0.54,1.93,0.77,0.23,0.21,0.21,0.17,0.20,0.37,0.88,1.08,0.57
t=10 field hdg=325.8 enc=9392;21161 xy=22;-12 want=40 str=1.67 l=1.36 r=0.31 tick=699190 goal=0 here=0 d11=0.70 B=0.33,0.27,0.33,0.30,0.53,1.93,0.77,0.24,0.22,0.21,0.17,0.20,0.39,0.89,1.10,0.55
t=10 field hdg=331.3 enc=9390;21164 xy=23;-13 want=38 str=1.64 l=1.33 r=0.32 tick=699209 goal=0 here=0 d11=0.71 B=0.32,0.28,0.32,0.29,0.53,1.94,0.77,0.23,0.22,0.23,0.16,0.21,0.38,0.89,1.11,0.57
t=10 field hdg=328.1 enc=9392;21163 xy=23;-13 want=38 str=1.69 l=1.33 r=0.31 tick=699228 goal=0 here=0 d11=0.69 B=0.32,0.28,0.33,0.30,0.53,1.94,0.77,0.23,0.22,0.22,0.18,0.20,0.38,0.90,1.10,0.56
t=10 field hdg=330.2 enc=9394;21166 xy=25;-14 want=58 str=1.55 l=1.60 r=0.06 tick=699248 goal=0 here=0 d11=0.71 B=0.33,0.28,0.33,0.30,0.53,1.93,0.77,0.25,0.21,0.22,0.16,0.20,0.37,0.92,1.08,0.55
t=11 field hdg=326.8 enc=9394;21167 xy=26;-14 want=37 str=1.61 l=1.33 r=0.33 tick=699267 goal=0 here=0 d11=0.71 B=0.33,0.26,0.34,0.30,0.54,1.93,0.77,0.23,0.22,0.21,0.18,0.21,0.37,0.89,1.10,0.56
t=11 field hdg=330.1 enc=9394;21167 xy=26;-14 want=39 str=1.68 l=1.35 r=0.31 tick=699285 goal=0 here=0 d11=0.72 B=0.32,0.28,0.33,0.29,0.53,1.94,0.77,0.24,0.22,0.23,0.18,0.19,0.36,0.89,1.10,0.55
t=11 field hdg=329.4 enc=9396;21167 xy=26;-15 want=36 str=1.61 l=1.32 r=0.35 tick=699304 goal=0 here=0 d11=0.71 B=0.34,0.27,0.33,0.29,0.54,1.93,0.77,0.22,0.22,0.23,0.16,0.22,0.39,0.90,1.10,0.56
t=11 field hdg=333.1 enc=9397;21170 xy=28;-16 want=39 str=1.71 l=1.33 r=0.30 tick=699323 goal=0 here=0 d11=0.71 B=0.31,0.28,0.34,0.29,0.53,1.94,0.78,0.23,0.22,0.22,0.16,0.20,0.37,0.89,1.10,0.56
t=11 field hdg=330.4 enc=9397;21170 xy=28;-16 want=36 str=1.66 l=1.32 r=0.34 tick=699342 goal=0 here=0 d11=0.71 B=0.33,0.28,0.33,0.31,0.52,1.93,0.76,0.23,0.20,0.24,0.17,0.21,0.38,0.91,1.09,0.56
t=12 field hdg=328.6 enc=9398;21170 xy=29;-16 want=39 str=1.63 l=1.35 r=0.32 tick=699364 goal=0 here=0 d11=0.72 B=0.33,0.28,0.33,0.29,0.52,1.95,0.77,0.25,0.21,0.22,0.17,0.21,0.37,0.90,1.10,0.55
t=12 field hdg=328.9 enc=9400;21171 xy=30;-17 want=40 str=1.68 l=1.36 r=0.29 tick=699385 goal=0 here=0 d11=0.71 B=0.32,0.27,0.33,0.30,0.54,1.94,0.78,0.24,0.22,0.22,0.16,0.20,0.39,0.89,1.09,0.55
t=12 field hdg=330.0 enc=9401;21174 xy=32;-18 want=57 str=1.55 l=1.59 r=0.07 tick=699405 goal=0 here=0 d11=0.71 B=0.33,0.28,0.33,0.30,0.52,1.93,0.78,0.23,0.21,0.22,0.16,0.20,0.39,0.90,1.09,0.55
t=12 field hdg=332.9 enc=9402;21174 xy=32;-18 want=41 str=1.65 l=1.38 r=0.28 tick=699424 goal=0 here=0 d11=0.70 B=0.33,0.27,0.33,0.31,0.53,1.94,0.78,0.25,0.22,0.23,0.16,0.20,0.37,0.90,1.09,0.55
t=12 field hdg=329.8 enc=9402;21174 xy=32;-18 want=59 str=1.38 l=1.61 r=0.03 tick=699443 goal=0 here=0 d11=0.72 B=0.31,0.27,0.32,0.29,0.52,1.94,0.77,0.24,0.21,0.23,0.17,0.21,0.39,0.91,1.09,0.54
t=13 field hdg=330.5 enc=9402;21175 xy=33;-18 want=35 str=1.61 l=1.29 r=0.35 tick=699462 goal=0 here=0 d11=0.72 B=0.32,0.27,0.33,0.30,0.54,1.93,0.78,0.23,0.21,0.23,0.17,0.21,0.38,0.99,1.08,0.56
t=13 field hdg=328.7 enc=9405;21175 xy=34;-19 want=32 str=1.58 l=1.25 r=0.39 tick=699480 goal=0 here=0 d11=0.71 B=0.31,0.26,0.34,0.30,0.52,1.93,0.78,0.23,0.22,0.22,0.17,0.20,0.39,1.09,1.10,0.55
t=13 field hdg=329.9 enc=9405;21176 xy=34;-19 want=34 str=1.50 l=1.27 r=0.37 tick=699499 goal=0 here=0 d11=0.71 B=0.32,0.26,0.33,0.30,0.52,1.93,0.77,0.24,0.22,0.24,0.18,0.20,0.38,1.09,1.09,0.55
t=13 field hdg=330.3 enc=9406;21179 xy=36;-20 want=57 str=1.23 l=1.58 r=0.07 tick=699518 goal=0 here=0 d11=0.70 B=0.32,0.26,0.33,0.29,0.51,1.94,0.79,0.25,0.22,0.24,0.18,0.21,0.39,1.08,1.11,0.54
t=13 field hdg=326.9 enc=9404;21179 xy=35;-20 want=53 str=1.34 l=1.53 r=0.12 tick=699537 goal=0 here=0 d11=0.71 B=0.32,0.27,0.32,0.29,0.53,1.95,0.78,0.23,0.21,0.23,0.17,0.21,0.39,1.07,1.09,0.55
t=14 field hdg=327.6 enc=9404;21180 xy=36;-20 want=50 str=1.32 l=1.49 r=0.15 tick=699556 goal=0 here=0 d11=0.72 B=0.31,0.27,0.33,0.30,0.53,1.93,0.77,0.23,0.22,0.22,0.17,0.22,0.39,1.08,1.11,0.55
t=14 field hdg=327.7 enc=9404;21181 xy=36;-20 want=33 str=1.50 l=1.26 r=0.38 tick=699575 goal=0 here=0 d11=0.71 B=0.31,0.26,0.35,0.29,0.52,1.93,0.78,0.24,0.23,0.22,0.17,0.21,0.37,1.08,1.10,0.55
t=14 field hdg=331.0 enc=9406;21181 xy=37;-21 want=49 str=1.33 l=1.47 r=0.16 tick=699593 goal=0 here=0 d11=0.71 B=0.31,0.28,0.33,0.29,0.54,1.93,0.78,0.23,0.21,0.23,0.17,0.22,0.40,1.08,1.11,0.53
t=14 field hdg=333.0 enc=9405;21183 xy=37;-21 want=51 str=1.37 l=1.50 r=0.15 tick=699620 goal=0 here=0 d11=0.71 B=0.32,0.27,0.31,0.30,0.54,1.92,0.76,0.23,0.22,0.23,0.17,0.21,0.39,1.07,1.10,0.53
t=14 field hdg=331.8 enc=9405;21184 xy=38;-21 want=52 str=1.34 l=1.52 r=0.13 tick=699640 goal=0 here=0 d11=0.70 B=0.32,0.26,0.34,0.31,0.54,1.92,0.77,0.24,0.22,0.22,0.15,0.22,0.40,1.08,1.09,0.53
t=15 field hdg=332.8 enc=9406;21184 xy=38;-22 want=54 str=1.26 l=1.53 r=0.10 tick=699659 goal=0 here=0 d11=0.71 B=0.30,0.26,0.33,0.31,0.54,1.93,0.75,0.24,0.23,0.23,0.18,0.21,0.39,1.08,1.10,0.53
t=15 field hdg=328.7 enc=9405;21187 xy=39;-22 want=54 str=1.36 l=1.54 r=0.11 tick=699678 goal=0 here=0 d11=0.70 B=0.32,0.27,0.31,0.30,0.54,1.93,0.76,0.24,0.22,0.23,0.17,0.20,0.39,1.07,1.10,0.53
t=15 field hdg=329.2 enc=9406;21187 xy=40;-22 want=50 str=1.32 l=1.49 r=0.16 tick=699697 goal=0 here=0 d11=0.71 B=0.32,0.27,0.33,0.30,0.54,1.93,0.76,0.22,0.22,0.23,0.16,0.22,0.40,1.08,1.10,0.53
t=15 field hdg=328.9 enc=9404;21187 xy=39;-22 want=54 str=1.23 l=1.54 r=0.11 tick=699715 goal=0 here=0 d11=0.71 B=0.32,0.27,0.33,0.29,0.54,1.93,0.76,0.24,0.24,0.24,0.17,0.22,0.40,1.07,1.11,0.53
t=15 field hdg=332.6 enc=9405;21188 xy=40;-22 want=51 str=1.30 l=1.49 r=0.13 tick=699734 goal=0 here=0 d11=0.71 B=0.30,0.27,0.31,0.29,0.55,1.93,0.76,0.23,0.23,0.22,0.17,0.21,0.39,1.08,1.11,0.53
t=16 field hdg=330.2 enc=9405;21190 xy=40;-23 want=50 str=1.35 l=1.48 r=0.14 tick=699753 goal=0 here=0 d11=0.72 B=0.30,0.28,0.32,0.30,0.55,1.93,0.76,0.23,0.22,0.22,0.18,0.22,0.40,1.07,1.10,0.52
t=16 field hdg=332.7 enc=9405;21189 xy=40;-23 want=62 str=1.74 l=1.64 r=-0.00 tick=699774 goal=0 here=0 d11=0.70 B=0.31,0.27,0.33,0.29,0.55,1.94,0.74,0.23,0.23,0.21,0.17,0.22,0.41,1.07,1.11,0.53
t=16 field hdg=327.8 enc=9407;21191 xy=42;-24 want=53 str=1.27 l=1.53 r=0.10 tick=699795 goal=0 here=0 d11=0.71 B=0.31,0.28,0.32,0.29,0.55,1.94,0.77,0.24,0.22,0.23,0.18,0.22,0.41,1.06,1.09,0.52
t=16 field hdg=333.0 enc=9408;21192 xy=43;-24 want=52 str=1.31 l=1.52 r=0.13 tick=699814 goal=0 here=0 d11=0.73 B=0.32,0.28,0.33,0.30,0.54,1.93,0.77,0.24,0.23,0.22,0.17,0.23,0.41,1.06,1.10,0.52
t=16 field hdg=330.3 enc=9407;21194 xy=43;-24 want=55 str=1.28 l=1.55 r=0.07 tick=699833 goal=0 here=0 d11=0.70 B=0.30,0.26,0.32,0.30,0.55,1.93,0.77,0.25,0.23,0.22,0.17,0.22,0.40,1.06,1.09,0.51
t=17 field hdg=333.0 enc=9408;21195 xy=44;-25 want=55 str=1.29 l=1.55 r=0.08 tick=699851 goal=0 here=0 d11=0.72 B=0.31,0.27,0.32,0.30,0.55,1.92,0.75,0.24,0.24,0.23,0.16,0.22,0.42,1.06,1.10,0.52
t=17 field hdg=332.9 enc=9409;21196 xy=45;-25 want=55 str=1.25 l=1.55 r=0.08 tick=699870 goal=0 here=0 d11=0.70 B=0.31,0.26,0.33,0.30,0.54,1.93,0.76,0.24,0.23,0.23,0.18,0.22,0.41,1.06,1.08,0.53
t=17 field hdg=335.1 enc=9409;21196 xy=45;-25 want=57 str=1.24 l=1.56 r=0.05 tick=699889 goal=0 here=0 d11=0.71 B=0.29,0.26,0.32,0.29,0.54,1.94,0.76,0.24,0.23,0.23,0.17,0.22,0.39,1.07,1.07,0.52
t=17 field hdg=333.2 enc=9410;21196 xy=45;-25 want=64 str=1.74 l=1.66 r=-0.04 tick=699910 goal=0 here=0 d11=0.73 B=0.30,0.27,0.32,0.29,0.56,1.94,0.75,0.23,0.22,0.22,0.19,0.22,0.40,1.06,1.08,0.53
t=17 field hdg=332.1 enc=9411;21197 xy=46;-26 want=65 str=1.76 l=1.67 r=-0.05 tick=699929 goal=0 here=0 d11=0.72 B=0.30,0.26,0.32,0.29,0.56,1.94,0.76,0.24,0.22,0.22,0.16,0.24,0.41,1.05,1.07,0.52
t=17 field hdg=330.7 enc=9412;21200 xy=48;-27 want=56 str=1.27 l=1.56 r=0.07 tick=699950 goal=0 here=0 d11=0.71 B=0.31,0.25,0.33,0.30,0.54,1.92,0.77,0.24,0.22,0.22,0.17,0.22,0.42,1.06,1.07,0.52
t=18 field hdg=331.1 enc=9414;21200 xy=49;-27 want=58 str=1.19 l=1.59 r=0.04 tick=699969 goal=0 here=0 d11=0.71 B=0.30,0.27,0.33,0.29,0.54,1.93,0.76,0.25,0.25,0.23,0.18,0.22,0.41,1.06,1.08,0.52
t=18 field hdg=331.3 enc=9416;21201 xy=50;-28 want=57 str=1.30 l=1.57 r=0.06 tick=699989 goal=0 here=0 d11=0.72 B=0.31,0.27,0.31,0.30,0.54,1.94,0.76,0.24,0.24,0.22,0.18,0.22,0.41,1.06,1.06,0.54
t=18 field hdg=332.9 enc=9416;21203 xy=51;-29 want=55 str=1.25 l=1.54 r=0.08 tick=700010 goal=0 here=0 d11=0.72 B=0.30,0.26,0.32,0.28,0.53,1.94,0.76,0.24,0.22,0.21,0.18,0.22,0.40,1.06,1.06,0.51
t=18 field hdg=332.0 enc=9418;21203 xy=52;-29 want=54 str=1.31 l=1.52 r=0.09 tick=700029 goal=0 here=0 d11=0.72 B=0.29,0.27,0.33,0.29,0.54,1.94,0.75,0.23,0.23,0.22,0.17,0.22,0.41,1.05,1.06,0.52
t=18 field hdg=328.8 enc=9417;21203 xy=51;-29 want=59 str=1.24 l=1.60 r=0.03 tick=700048 goal=0 here=0 d11=0.69 B=0.31,0.25,0.32,0.30,0.54,1.94,0.78,0.24,0.23,0.22,0.18,0.22,0.41,1.05,1.06,0.51
t=19 field hdg=331.5 enc=9419;21204 xy=53;-30 want=56 str=1.21 l=1.56 r=0.08 tick=700067 goal=0 here=0 d11=0.72 B=0.31,0.26,0.32,0.30,0.54,1.93,0.76,0.24,0.22,0.22,0.19,0.23,0.41,1.06,1.05,0.53
t=19 field hdg=329.2 enc=9419;21206 xy=54;-30 want=63 str=1.17 l=1.63 r=-0.03 tick=700086 goal=0 here=0 d11=0.72 B=0.29,0.27,0.32,0.29,0.55,1.95,0.76,0.25,0.25,0.23,0.19,0.22,0.41,1.05,1.07,0.52
t=19 field hdg=332.6 enc=9420;21206 xy=54;-30 want=57 str=1.14 l=1.56 r=0.05 tick=700104 goal=0 here=0 d11=0.72 B=0.29,0.26,0.32,0.27,0.55,1.94,0.75,0.24,0.23,0.23,0.18,0.23,0.41,1.06,1.05,0.51
t=19 field hdg=332.7 enc=9418;21208 xy=54;-30 want=55 str=1.30 l=1.56 r=0.08 tick=700123 goal=0 here=0 d11=0.72 B=0.31,0.27,0.31,0.30,0.53,1.94,0.77,0.24,0.22,0.21,0.17,0.23,0.41,1.05,1.05,0.51
t=19 field hdg=332.3 enc=9418;21209 xy=54;-30 want=57 str=1.29 l=1.56 r=0.05 tick=700142 goal=0 here=0 d11=0.71 B=0.29,0.27,0.32,0.28,0.54,1.95,0.76,0.24,0.23,0.22,0.17,0.22,0.40,1.06,1.05,0.51
t=20 field hdg=333.1 enc=9419;21209 xy=55;-31 want=70 str=1.72 l=1.74 r=-0.12 tick=700161 goal=0 here=0 d11=0.71 B=0.30,0.26,0.32,0.29,0.55,1.94,0.77,0.25,0.24,0.23,0.18,0.22,0.41,1.05,1.04,0.51
t=20 field hdg=333.3 enc=9419;21209 xy=55;-31 want=59 str=1.15 l=1.59 r=0.01 tick=700182 goal=0 here=0 d11=0.72 B=0.29,0.25,0.32,0.28,0.55,1.94,0.77,0.25,0.24,0.21,0.17,0.24,0.42,1.04,1.05,0.50
t=20 field hdg=331.8 enc=9419;21211 xy=56;-31 want=72 str=1.72 l=1.76 r=-0.15 tick=700201 goal=0 here=0 d11=0.70 B=0.29,0.25,0.33,0.30,0.56,1.94,0.76,0.25,0.24,0.22,0.18,0.23,0.42,1.05,1.03,0.50
t=20 field hdg=334.7 enc=9414;21214 xy=55;-31 want=69 str=1.76 l=1.73 r=-0.11 tick=700220 goal=0 here=0 d11=0.73 B=0.30,0.25,0.31,0.34,0.57,1.96,0.58,0.24,0.24,0.23,0.18,0.22,0.42,1.05,0.86,0.50
t=20 field hdg=335.6 enc=9411;21218 xy=55;-31 want=68 str=1.77 l=1.71 r=-0.11 tick=700239 goal=0 here=0 d11=0.71 B=0.28,0.26,0.31,0.42,0.59,1.91,0.56,0.24,0.24,0.20,0.19,0.23,0.42,1.03,0.84,0.49
t=21 field hdg=337.7 enc=9407;21222 xy=55;-31 want=52 str=1.79 l=1.49 r=0.11 tick=700257 goal=0 here=0 d11=0.71 B=0.28,0.27,0.31,0.43,0.80,1.87,0.53,0.24,0.24,0.20,0.17,0.25,0.44,1.03,0.83,0.46
t=21 field hdg=340.2 enc=9406;21226 xy=57;-31 want=51 str=1.77 l=1.49 r=0.12 tick=700277 goal=0 here=0 d11=0.73 B=0.29,0.25,0.32,0.43,0.83,1.87,0.51,0.22,0.24,0.19,0.18,0.25,0.45,1.05,0.82,0.43
t=21 field hdg=334.6 enc=9404;21225 xy=55;-31 want=52 str=1.74 l=1.49 r=0.10 tick=700298 goal=0 here=0 d11=0.71 B=0.28,0.27,0.29,0.41,0.82,1.89,0.52,0.23,0.24,0.21,0.18,0.25,0.44,1.06,0.82,0.43
t=21 field hdg=338.7 enc=9404;21226 xy=56;-31 want=52 str=1.69 l=1.48 r=0.11 tick=700317 goal=0 here=0 d11=0.71 B=0.28,0.27,0.30,0.43,0.82,1.87,0.51,0.22,0.25,0.21,0.18,0.27,0.45,1.05,0.83,0.43
t=21 field hdg=339.4 enc=9406;21226 xy=57;-31 want=51 str=1.70 l=1.49 r=0.12 tick=700336 goal=0 here=0 d11=0.71 B=0.29,0.25,0.30,0.42,0.83,1.87,0.51,0.22,0.23,0.20,0.19,0.25,0.45,1.05,0.83,0.42
t=22 field hdg=335.8 enc=9406;21228 xy=58;-32 want=53 str=1.80 l=1.50 r=0.09 tick=700355 goal=0 here=0 d11=0.71 B=0.28,0.28,0.30,0.43,0.84,1.89,0.52,0.23,0.25,0.20,0.17,0.25,0.45,1.07,0.82,0.41
t=22 field hdg=336.1 enc=9406;21228 xy=58;-32 want=55 str=1.66 l=1.53 r=0.07 tick=700374 goal=0 here=0 d11=0.73 B=0.28,0.27,0.29,0.42,0.84,1.91,0.53,0.23,0.26,0.20,0.19,0.27,0.45,1.06,0.81,0.42
t=22 field hdg=339.8 enc=9405;21231 xy=59;-32 want=49 str=1.82 l=1.46 r=0.15 tick=700393 goal=0 here=0 d11=0.72 B=0.29,0.28,0.30,0.41,0.86,1.88,0.51,0.22,0.22,0.20,0.19,0.26,0.45,1.06,0.81,0.42
t=22 field hdg=337.5 enc=9405;21231 xy=59;-32 want=55 str=1.73 l=1.53 r=0.06 tick=700411 goal=0 here=0 d11=0.71 B=0.28,0.27,0.29,0.44,0.85,1.91,0.52,0.24,0.25,0.18,0.18,0.26,0.46,1.07,0.80,0.41
t=22 field hdg=336.6 enc=9407;21233 xy=60;-33 want=53 str=1.67 l=1.50 r=0.10 tick=700431 goal=0 here=0 d11=0.72 B=0.29,0.29,0.28,0.42,0.83,1.90,0.52,0.23,0.26,0.20,0.19,0.27,0.44,1.07,0.81,0.41
t=23 field hdg=339.7 enc=9407;21233 xy=60;-33 want=53 str=1.75 l=1.50 r=0.09 tick=700452 goal=0 here=0 d11=0.71 B=0.28,0.27,0.29,0.43,0.85,1.89,0.52,0.23,0.24,0.19,0.19,0.26,0.46,1.06,0.79,0.40
t=23 field hdg=338.3 enc=9407;21234 xy=61;-33 want=53 str=1.69 l=1.50 r=0.09 tick=700471 goal=0 here=0 d11=0.73 B=0.28,0.26,0.29,0.43,0.85,1.88,0.52,0.23,0.24,0.20,0.18,0.26,0.45,1.07,0.81,0.41
t=23 field hdg=339.0 enc=9409;21235 xy=62;-34 want=55 str=1.68 l=1.53 r=0.07 tick=700490 goal=0 here=0 d11=0.70 B=0.28,0.26,0.30,0.43,0.83,1.91,0.51,0.24,0.25,0.19,0.19,0.27,0.47,1.06,0.79,0.39
t=23 field hdg=336.2 enc=9409;21236 xy=63;-34 want=54 str=1.65 l=1.51 r=0.07 tick=700511 goal=0 here=0 d11=0.73 B=0.27,0.27,0.29,0.43,0.84,1.90,0.53,0.22,0.26,0.19,0.19,0.27,0.46,1.07,0.79,0.42
t=23 field hdg=340.6 enc=9411;21237 xy=64;-34 want=55 str=1.64 l=1.53 r=0.07 tick=700530 goal=0 here=0 d11=0.71 B=0.28,0.28,0.29,0.43,0.84,1.90,0.52,0.23,0.25,0.22,0.18,0.26,0.46,1.08,0.80,0.39
t=23 field hdg=340.8 enc=9412;21239 xy=66;-35 want=53 str=1.66 l=1.51 r=0.09 tick=700549 goal=0 here=0 d11=0.71 B=0.29,0.28,0.29,0.43,0.84,1.89,0.52,0.23,0.26,0.19,0.19,0.27,0.46,1.07,0.79,0.40
t=24 field hdg=340.0 enc=9413;21238 xy=66;-35 want=54 str=1.67 l=1.52 r=0.08 tick=700568 goal=0 here=0 d11=0.73 B=0.29,0.26,0.29,0.43,0.84,1.91,0.51,0.22,0.26,0.20,0.18,0.27,0.46,1.07,0.80,0.40
t=24 field hdg=339.6 enc=9413;21241 xy=67;-35 want=52 str=1.66 l=1.49 r=0.10 tick=700587 goal=0 here=0 d11=0.70 B=0.28,0.27,0.30,0.43,0.84,1.89,0.52,0.22,0.25,0.21,0.19,0.28,0.46,1.08,0.79,0.39
t=24 field hdg=338.4 enc=9414;21241 xy=68;-36 want=54 str=1.68 l=1.52 r=0.08 tick=700608 goal=0 here=0 d11=0.71 B=0.28,0.27,0.29,0.42,0.84,1.88,0.53,0.23,0.25,0.20,0.17,0.27,0.47,1.08,0.78,0.40
t=24 field hdg=336.7 enc=9415;21241 xy=68;-36 want=54 str=1.64 l=1.51 r=0.08 tick=700627 goal=0 here=0 d11=0.72 B=0.28,0.26,0.29,0.43,0.85,1.90,0.52,0.24,0.24,0.19,0.19,0.28,0.47,1.08,0.79,0.40
t=24 field hdg=337.2 enc=9415;21243 xy=69;-36 want=55 str=1.63 l=1.52 r=0.07 tick=700645 goal=0 here=0 d11=0.70 B=0.28,0.26,0.30,0.42,0.84,1.89,0.51,0.23,0.25,0.19,0.19,0.27,0.47,1.08,0.79,0.40
t=25 field hdg=340.1 enc=9417;21243 xy=70;-36 want=56 str=1.60 l=1.54 r=0.05 tick=700664 goal=0 here=0 d11=0.71 B=0.28,0.26,0.30,0.44,0.83,1.90,0.51,0.24,0.26,0.19,0.19,0.28,0.46,1.06,0.79,0.40
t=25 field hdg=340.5 enc=9417;21244 xy=70;-37 want=53 str=1.66 l=1.51 r=0.10 tick=700683 goal=0 here=0 d11=0.71 B=0.29,0.27,0.29,0.43,0.84,1.90,0.52,0.23,0.25,0.20,0.20,0.27,0.46,1.08,0.80,0.40
t=25 field hdg=340.5 enc=9418;21245 xy=71;-37 want=55 str=1.56 l=1.52 r=0.07 tick=700702 goal=0 here=0 d11=0.71 B=0.28,0.27,0.30,0.43,0.83,1.89,0.52,0.24,0.25,0.20,0.20,0.29,0.46,1.08,0.78,0.40
t=25 field hdg=344.2 enc=9420;21247 xy=73;-38 want=56 str=1.58 l=1.54 r=0.04 tick=700731 goal=0 here=0 d11=0.73 B=0.27,0.27,0.31,0.42,0.84,1.91,0.53,0.23,0.25,0.20,0.21,0.28,0.46,1.06,0.78,0.40
t=25 field hdg=336.2 enc=9418;21248 xy=73;-37 want=60 str=1.45 l=1.59 r=-0.01 tick=700749 goal=0 here=0 d11=0.72 B=0.27,0.26,0.28,0.42,0.83,1.90,0.52,0.24,0.25,0.20,0.21,0.28,0.46,1.09,0.72,0.39
t=26 field hdg=341.2 enc=9420;21249 xy=74;-38 want=59 str=1.62 l=1.58 r=0.00 tick=700768 goal=0 here=0 d11=0.71 B=0.27,0.26,0.29,0.43,0.85,1.91,0.52,0.23,0.26,0.21,0.19,0.28,0.46,1.08,0.71,0.39
t=26 field hdg=341.1 enc=9420;21250 xy=75;-38 want=59 str=1.59 l=1.58 r=0.01 tick=700792 goal=0 here=0 d11=0.70 B=0.27,0.28,0.28,0.42,0.85,1.91,0.52,0.24,0.26,0.20,0.19,0.28,0.47,1.09,0.70,0.39
t=26 field hdg=342.7 enc=9419;21250 xy=74;-38 want=60 str=1.55 l=1.59 r=-0.00 tick=700811 goal=0 here=0 d11=0.70 B=0.28,0.27,0.29,0.41,0.86,1.91,0.52,0.24,0.25,0.20,0.20,0.29,0.47,1.10,0.70,0.38
t=26 field hdg=338.9 enc=9418;21251 xy=74;-38 want=59 str=1.58 l=1.58 r=0.01 tick=700832 goal=0 here=0 d11=0.72 B=0.28,0.27,0.30,0.43,0.86,1.90,0.52,0.25,0.24,0.20,0.21,0.29,0.47,1.10,0.69,0.37
t=26 field hdg=340.8 enc=9419;21251 xy=75;-38 want=58 str=1.59 l=1.57 r=0.03 tick=700851 goal=0 here=0 d11=0.71 B=0.28,0.27,0.30,0.43,0.85,1.91,0.52,0.24,0.26,0.19,0.21,0.29,0.48,1.10,0.70,0.38
t=27 field hdg=338.2 enc=9418;21252 xy=75;-38 want=61 str=1.50 l=1.60 r=-0.03 tick=700870 goal=0 here=0 d11=0.70 B=0.27,0.28,0.28,0.42,0.86,1.91,0.52,0.24,0.27,0.20,0.21,0.30,0.48,1.10,0.67,0.37
t=27 field hdg=335.3 enc=9420;21255 xy=77;-39 want=60 str=1.48 l=1.59 r=0.00 tick=700889 goal=0 here=0 d11=0.72 B=0.28,0.27,0.29,0.43,0.86,1.90,0.52,0.23,0.27,0.20,0.21,0.31,0.48,1.09,0.69,0.37
t=27 field hdg=346.7 enc=9419;21254 xy=76;-39 want=60 str=1.61 l=1.59 r=-0.00 tick=700908 goal=0 here=0 d11=0.70 B=0.28,0.27,0.30,0.42,0.87,1.92,0.51,0.24,0.25,0.20,0.19,0.31,0.48,1.10,0.67,0.35
t=27 field hdg=342.5 enc=9418;21255 xy=76;-39 want=61 str=1.53 l=1.61 r=-0.02 tick=700930 goal=0 here=0 d11=0.71 B=0.27,0.26,0.29,0.43,0.87,1.92,0.51,0.24,0.26,0.19,0.21,0.30,0.49,1.11,0.66,0.37
t=27 field hdg=340.4 enc=9420;21256 xy=77;-39 want=60 str=1.46 l=1.59 r=-0.01 tick=700949 goal=0 here=0 d11=0.70 B=0.27,0.27,0.28,0.42,0.87,1.91,0.52,0.22,0.26,0.21,0.22,0.32,0.49,1.11,0.66,0.36
t=28 field hdg=340.8 enc=9419;21258 xy=78;-39 want=59 str=1.51 l=1.58 r=0.01 tick=700969 goal=0 here=0 d11=0.70 B=0.28,0.27,0.29,0.43,0.88,1.91,0.51,0.23,0.24,0.21,0.22,0.32,0.47,1.12,0.65,0.37
t=28 STUCK mv=10 want=60
t=31 field hdg=325.4 enc=9449;21238 xy=80;-40 want=78 str=1.09 l=1.83 r=-0.25 tick=701294 goal=0 here=0 d11=0.73 B=0.27,0.25,0.30,0.29,0.53,1.95,0.77,0.26,0.24,0.24,0.17,0.26,0.42,1.04,0.86,0.49
t=31 field hdg=331.3 enc=9449;21238 xy=80;-40 want=76 str=1.08 l=1.82 r=-0.21 tick=701313 goal=0 here=0 d11=0.72 B=0.29,0.25,0.31,0.27,0.54,1.94,0.78,0.27,0.25,0.23,0.20,0.24,0.43,1.03,0.88,0.47
t=31 field hdg=330.5 enc=9449;21241 xy=81;-41 want=78 str=1.11 l=1.83 r=-0.24 tick=701333 goal=0 here=0 d11=0.72 B=0.28,0.24,0.31,0.28,0.54,1.94,0.78,0.26,0.25,0.22,0.18,0.25,0.43,1.04,0.86,0.48
t=32 field hdg=333.8 enc=9449;21242 xy=81;-41 want=75 str=1.12 l=1.81 r=-0.20 tick=701352 goal=0 here=0 d11=0.71 B=0.29,0.24,0.32,0.28,0.55,1.94,0.78,0.26,0.24,0.23,0.18,0.25,0.44,1.03,0.85,0.47
t=32 field hdg=332.0 enc=9449;21241 xy=81;-41 want=83 str=1.01 l=1.91 r=-0.31 tick=701372 goal=0 here=0 d11=0.71 B=0.28,0.23,0.32,0.27,0.53,1.96,0.77,0.25,0.26,0.23,0.20,0.25,0.44,1.02,0.86,0.48
t=32 field hdg=332.4 enc=9447;21243 xy=81;-41 want=77 str=1.11 l=1.82 r=-0.23 tick=701392 goal=0 here=0 d11=0.71 B=0.28,0.25,0.31,0.29,0.54,1.94,0.76,0.25,0.26,0.22,0.20,0.25,0.44,1.02,0.85,0.48
t=32 field hdg=335.4 enc=9445;21247 xy=82;-42 want=75 str=1.08 l=1.80 r=-0.21 tick=701411 goal=0 here=0 d11=0.71 B=0.28,0.24,0.31,0.29,0.55,1.96,0.67,0.26,0.26,0.21,0.20,0.25,0.43,1.03,0.82,0.46
t=32 field hdg=337.1 enc=9439;21250 xy=80;-41 want=75 str=1.56 l=1.80 r=-0.21 tick=701431 goal=0 here=0 d11=0.72 B=0.27,0.26,0.31,0.29,0.58,1.90,0.55,0.25,0.26,0.23,0.19,0.26,0.45,1.04,0.81,0.43
t=33 field hdg=339.3 enc=9435;21255 xy=81;-41 want=58 str=1.45 l=1.56 r=0.01 tick=701452 goal=0 here=0 d11=0.72 B=0.27,0.26,0.30,0.42,0.79,1.88,0.54,0.24,0.26,0.22,0.20,0.28,0.46,1.06,0.81,0.40
t=33 field hdg=337.4 enc=9434;21257 xy=81;-41 want=57 str=1.46 l=1.56 r=0.03 tick=701470 goal=0 here=0 d11=0.71 B=0.27,0.25,0.29,0.41,0.82,1.88,0.54,0.25,0.26,0.20,0.20,0.29,0.47,1.07,0.79,0.40
t=33 field hdg=335.7 enc=9433;21259 xy=82;-41 want=58 str=1.42 l=1.57 r=0.01 tick=701490 goal=0 here=0 d11=0.72 B=0.28,0.26,0.30,0.42,0.81,1.88,0.55,0.24,0.27,0.21,0.21,0.29,0.47,1.07,0.79,0.41
t=33 field hdg=339.2 enc=9434;21260 xy=83;-42 want=59 str=1.47 l=1.58 r=0.00 tick=701514 goal=0 here=0 d11=0.71 B=0.27,0.27,0.29,0.43,0.82,1.89,0.54,0.25,0.27,0.21,0.20,0.29,0.47,1.07,0.77,0.39
t=33 field hdg=338.9 enc=9434;21259 xy=82;-42 want=57 str=1.49 l=1.55 r=0.03 tick=701533 goal=0 here=0 d11=0.73 B=0.27,0.27,0.29,0.41,0.83,1.89,0.54,0.24,0.26,0.20,0.20,0.30,0.47,1.08,0.77,0.38
t=34 field hdg=338.8 enc=9434;21261 xy=83;-42 want=63 str=1.43 l=1.63 r=-0.06 tick=701555 goal=0 here=0 d11=0.70 B=0.26,0.25,0.29,0.42,0.82,1.89,0.53,0.25,0.27,0.21,0.21,0.29,0.46,1.08,0.71,0.39
t=34 field hdg=338.5 enc=9434;21262 xy=84;-42 want=63 str=1.46 l=1.63 r=-0.05 tick=701576 goal=0 here=0 d11=0.71 B=0.27,0.26,0.29,0.41,0.83,1.90,0.54,0.25,0.27,0.21,0.19,0.30,0.48,1.08,0.70,0.38
t=34 field hdg=342.2 enc=9434;21264 xy=85;-43 want=60 str=1.43 l=1.58 r=-0.01 tick=701595 goal=0 here=0 d11=0.73 B=0.27,0.25,0.29,0.41,0.81,1.89,0.52,0.24,0.26,0.20,0.20,0.31,0.47,1.09,0.71,0.38
t=34 field hdg=340.8 enc=9436;21265 xy=86;-43 want=62 str=1.50 l=1.62 r=-0.04 tick=701615 goal=0 here=0 d11=0.71 B=0.27,0.27,0.31,0.41,0.82,1.91,0.53,0.26,0.26,0.20,0.21,0.29,0.47,1.08,0.69,0.36
t=34 field hdg=343.1 enc=9436;21264 xy=86;-43 want=62 str=1.44 l=1.62 r=-0.04 tick=701634 goal=0 here=0 d11=0.71 B=0.27,0.25,0.29,0.42,0.83,1.90,0.54,0.25,0.26,0.20,0.21,0.30,0.48,1.09,0.69,0.37
t=35 field hdg=337.2 enc=9437;21266 xy=87;-43 want=64 str=1.36 l=1.64 r=-0.07 tick=701654 goal=0 here=0 d11=0.70 B=0.27,0.25,0.28,0.42,0.83,1.90,0.53,0.24,0.28,0.20,0.21,0.31,0.47,1.09,0.69,0.37
t=35 field hdg=337.3 enc=9438;21266 xy=87;-44 want=64 str=1.38 l=1.64 r=-0.06 tick=701677 goal=0 here=0 d11=0.71 B=0.27,0.25,0.28,0.41,0.82,1.91,0.53,0.24,0.27,0.21,0.21,0.31,0.49,1.08,0.69,0.36
t=35 field hdg=338.3 enc=9439;21269 xy=89;-44 want=67 str=1.38 l=1.68 r=-0.11 tick=701695 goal=0 here=0 d11=0.73 B=0.26,0.26,0.29,0.41,0.82,1.91,0.53,0.27,0.27,0.22,0.21,0.31,0.49,1.09,0.69,0.37
t=35 field hdg=339.9 enc=9440;21269 xy=90;-45 want=65 str=1.33 l=1.66 r=-0.08 tick=701714 goal=0 here=0 d11=0.71 B=0.27,0.25,0.29,0.41,0.81,1.89,0.53,0.25,0.27,0.22,0.22,0.32,0.47,1.09,0.69,0.36
t=35 field hdg=340.9 enc=9440;21271 xy=91;-45 want=61 str=1.43 l=1.61 r=-0.03 tick=701733 goal=0 here=0 d11=0.72 B=0.27,0.25,0.29,0.42,0.82,1.91,0.53,0.24,0.27,0.20,0.21,0.32,0.47,1.09,0.69,0.37
t=36 field hdg=345.5 enc=9443;21270 xy=92;-45 want=63 str=1.39 l=1.62 r=-0.06 tick=701755 goal=0 here=0 d11=0.72 B=0.25,0.25,0.30,0.42,0.82,1.90,0.52,0.25,0.25,0.20,0.21,0.32,0.48,1.09,0.69,0.37
t=36 field hdg=335.9 enc=9443;21273 xy=93;-46 want=65 str=1.39 l=1.64 r=-0.09 tick=701774 goal=0 here=0 d11=0.70 B=0.25,0.26,0.29,0.42,0.83,1.90,0.53,0.25,0.26,0.21,0.21,0.31,0.47,1.09,0.70,0.35
t=36 field hdg=339.2 enc=9443;21273 xy=93;-46 want=65 str=1.39 l=1.66 r=-0.08 tick=701793 goal=0 here=0 d11=0.73 B=0.27,0.25,0.29,0.41,0.83,1.91,0.54,0.25,0.27,0.22,0.21,0.31,0.48,1.08,0.69,0.37
t=36 field hdg=336.8 enc=9445;21273 xy=94;-46 want=64 str=1.37 l=1.64 r=-0.06 tick=701812 goal=0 here=0 d11=0.71 B=0.27,0.25,0.28,0.41,0.82,1.90,0.54,0.25,0.27,0.21,0.21,0.31,0.49,1.09,0.68,0.36
t=36 field hdg=340.5 enc=9444;21274 xy=94;-46 want=66 str=1.30 l=1.67 r=-0.10 tick=701832 goal=0 here=0 d11=0.72 B=0.27,0.25,0.28,0.42,0.83,1.91,0.54,0.25,0.27,0.22,0.22,0.31,0.49,1.10,0.70,0.36
t=37 field hdg=335.8 enc=9447;21275 xy=96;-47 want=66 str=1.35 l=1.67 r=-0.09 tick=701851 goal=0 here=0 d11=0.72 B=0.27,0.25,0.29,0.41,0.83,1.90,0.54,0.26,0.27,0.21,0.22,0.33,0.48,1.10,0.68,0.37
t=37 field hdg=338.4 enc=9446;21277 xy=96;-47 want=65 str=1.31 l=1.66 r=-0.09 tick=701875 goal=0 here=0 d11=0.71 B=0.27,0.24,0.28,0.41,0.83,1.90,0.54,0.25,0.27,0.20,0.22,0.32,0.48,1.09,0.69,0.36
t=37 field hdg=337.0 enc=9447;21276 xy=96;-47 want=64 str=1.36 l=1.65 r=-0.06 tick=701894 goal=0 here=0 d11=0.72 B=0.28,0.26,0.27,0.41,0.82,1.90,0.55,0.26,0.27,0.21,0.21,0.33,0.48,1.09,0.69,0.34
t=37 field hdg=336.0 enc=9446;21279 xy=97;-48 want=69 str=1.31 l=1.70 r=-0.14 tick=701913 goal=0 here=0 d11=0.71 B=0.26,0.25,0.29,0.42,0.82,1.92,0.53,0.26,0.27,0.22,0.22,0.31,0.49,1.09,0.68,0.35
t=37 field hdg=338.0 enc=9446;21280 xy=98;-48 want=67 str=1.35 l=1.68 r=-0.11 tick=701932 goal=0 here=0 d11=0.73 B=0.26,0.24,0.28,0.41,0.83,1.92,0.54,0.25,0.27,0.22,0.21,0.34,0.49,1.10,0.67,0.36
t=38 field hdg=340.1 enc=9448;21279 xy=98;-48 want=66 str=1.38 l=1.66 r=-0.10 tick=701953 goal=0 here=0 d11=0.70 B=0.26,0.26,0.29,0.41,0.83,1.92,0.54,0.25,0.26,0.22,0.22,0.33,0.49,1.10,0.66,0.35
t=38 field hdg=340.9 enc=9448;21281 xy=99;-48 want=71 str=1.30 l=1.72 r=-0.16 tick=701972 goal=0 here=0 d11=0.74 B=0.26,0.25,0.28,0.41,0.84,1.91,0.53,0.26,0.26,0.21,0.23,0.33,0.48,1.09,0.66,0.36
t=38 field hdg=344.3 enc=9446;21282 xy=99;-48 want=69 str=1.40 l=1.69 r=-0.14 tick=701991 goal=0 here=0 d11=0.72 B=0.25,0.25,0.30,0.42,0.84,1.91,0.54,0.26,0.27,0.20,0.22,0.34,0.51,1.10,0.65,0.35
t=38 field hdg=342.1 enc=9447;21283 xy=99;-48 want=67 str=1.35 l=1.67 r=-0.11 tick=702012 goal=0 here=0 d11=0.72 B=0.26,0.26,0.29,0.41,0.83,1.91,0.54,0.24,0.27,0.22,0.22,0.34,0.50,1.11,0.65,0.34
t=38 field hdg=341.8 enc=9442;21288 xy=99;-48 want=72 str=1.35 l=1.74 r=-0.18 tick=702031 goal=0 here=0 d11=0.73 B=0.25,0.24,0.29,0.42,0.86,1.91,0.52,0.26,0.27,0.21,0.22,0.35,0.50,1.11,0.61,0.34
t=38 field hdg=341.6 enc=9437;21292 xy=99;-48 want=54 str=0.82 l=1.51 r=0.06 tick=702050 goal=0 here=0 d11=0.72 B=0.26,0.26,0.27,0.43,0.90,1.89,0.51,0.24,0.28,0.20,0.23,0.37,0.62,1.11,0.59,0.32
t=39 field hdg=349.1 enc=9432;21295 xy=98;-48 want=56 str=0.78 l=1.52 r=0.03 tick=702071 goal=0 here=0 d11=0.72 B=0.25,0.27,0.28,0.43,1.05,1.83,0.51,0.26,0.27,0.21,0.24,0.39,0.81,1.08,0.55,0.31
t=39 field hdg=347.9 enc=9434;21296 xy=99;-48 want=65 str=0.61 l=1.64 r=-0.10 tick=702090 goal=0 here=0 d11=0.71 B=0.24,0.28,0.26,0.45,1.08,1.32,0.48,0.25,0.25,0.20,0.23,0.39,0.84,1.08,0.55,0.30
t=39 field hdg=349.3 enc=9433;21299 xy=100;-49 want=68 str=0.54 l=1.68 r=-0.12 tick=702109 goal=0 here=0 d11=0.70 B=0.25,0.26,0.26,0.43,1.08,1.32,0.50,0.24,0.27,0.21,0.24,0.39,0.85,1.09,0.54,0.30
t=39 field hdg=343.4 enc=9434;21298 xy=100;-49 want=57 str=0.74 l=1.53 r=0.01 tick=702128 goal=0 here=0 d11=0.72 B=0.25,0.29,0.28,0.45,1.10,1.30,0.49,0.24,0.26,0.20,0.23,0.39,0.83,1.07,0.54,0.30
t=39 field hdg=346.5 enc=9432;21299 xy=100;-48 want=50 str=0.50 l=1.43 r=0.10 tick=702147 goal=0 here=0 d11=0.71 B=0.24,0.27,0.28,0.44,1.08,1.08,0.48,0.24,0.27,0.21,0.23,0.40,0.84,1.06,0.55,0.29
t=40 field hdg=346.6 enc=9434;21302 xy=102;-49 want=48 str=0.50 l=1.42 r=0.13 tick=702175 goal=0 here=0 d11=0.72 B=0.25,0.28,0.28,0.44,1.08,1.06,0.47,0.26,0.27,0.20,0.24,0.40,0.84,1.08,0.54,0.29
t=40 field hdg=350.6 enc=9433;21304 xy=103;-49 want=50 str=0.46 l=1.44 r=0.10 tick=702200 goal=0 here=0 d11=0.71 B=0.24,0.28,0.27,0.44,1.10,1.04,0.49,0.25,0.28,0.21,0.23,0.39,0.84,1.08,0.54,0.29
t=40 field hdg=344.0 enc=9433;21305 xy=103;-49 want=42 str=0.48 l=1.33 r=0.20 tick=702218 goal=0 here=0 d11=0.71 B=0.24,0.28,0.26,0.44,1.08,1.04,0.46,0.24,0.27,0.19,0.23,0.39,0.83,1.07,0.54,0.30
t=40 field hdg=346.0 enc=9434;21304 xy=103;-49 want=53 str=0.43 l=1.47 r=0.05 tick=702241 goal=0 here=0 d11=0.71 B=0.23,0.28,0.28,0.44,1.08,1.04,0.46,0.25,0.27,0.21,0.23,0.39,0.86,1.07,0.54,0.28
t=41 field hdg=350.0 enc=9434;21307 xy=105;-49 want=-3 str=0.75 l=0.74 r=0.81 tick=702259 goal=0 here=0 d11=0.70 B=0.25,0.27,0.28,0.45,1.09,1.04,0.48,0.26,0.27,0.20,0.23,0.40,0.85,1.07,0.55,0.29
t=41 field hdg=346.1 enc=9436;21308 xy=106;-50 want=47 str=0.52 l=1.40 r=0.14 tick=702278 goal=0 here=0 d11=0.73 B=0.24,0.30,0.27,0.44,1.10,1.05,0.49,0.26,0.27,0.19,0.24,0.40,0.85,1.07,0.53,0.28
t=41 field hdg=347.2 enc=9437;21309 xy=107;-50 want=43 str=0.49 l=1.34 r=0.19 tick=702298 goal=0 here=0 d11=0.73 B=0.24,0.29,0.27,0.46,1.09,1.04,0.48,0.25,0.27,0.20,0.24,0.39,0.85,1.08,0.54,0.30
t=41 field hdg=345.8 enc=9438;21310 xy=108;-50 want=52 str=0.39 l=1.46 r=0.08 tick=702319 goal=0 here=0 d11=0.72 B=0.24,0.29,0.27,0.44,1.09,1.04,0.47,0.26,0.28,0.21,0.24,0.39,0.86,1.06,0.53,0.29
t=41 field hdg=341.1 enc=9439;21311 xy=109;-51 want=51 str=0.45 l=1.46 r=0.09 tick=702338 goal=0 here=0 d11=0.72 B=0.25,0.28,0.28,0.42,1.09,1.04,0.48,0.26,0.28,0.20,0.25,0.40,0.86,1.05,0.53,0.29
t=42 field hdg=347.2 enc=9439;21312 xy=110;-51 want=44 str=0.36 l=1.36 r=0.18 tick=702357 goal=0 here=0 d11=0.70 B=0.24,0.27,0.26,0.45,1.09,1.04,0.49,0.25,0.27,0.20,0.25,0.40,0.85,1.07,0.53,0.29
t=42 field hdg=346.5 enc=9441;21310 xy=110;-51 want=54 str=0.32 l=1.49 r=0.04 tick=702376 goal=0 here=0 d11=0.72 B=0.24,0.26,0.27,0.44,1.10,1.05,0.49,0.24,0.27,0.21,0.26,0.40,0.87,1.06,0.54,0.29
t=42 field hdg=345.3 enc=9442;21311 xy=111;-51 want=66 str=0.38 l=1.64 r=-0.11 tick=702396 goal=0 here=0 d11=0.72 B=0.23,0.27,0.28,0.44,1.09,1.05,0.48,0.25,0.28,0.22,0.23,0.40,0.85,1.07,0.53,0.27
t=42 field hdg=347.7 enc=9442;21314 xy=112;-51 want=51 str=0.49 l=1.46 r=0.09 tick=702415 goal=0 here=0 d11=0.72 B=0.25,0.27,0.29,0.44,1.10,1.05,0.48,0.25,0.27,0.20,0.24,0.41,0.86,1.05,0.52,0.28
t=42 field hdg=343.3 enc=9443;21314 xy=113;-51 want=58 str=0.39 l=1.53 r=-0.00 tick=702434 goal=0 here=0 d11=0.72 B=0.24,0.28,0.26,0.43,1.09,1.05,0.47,0.26,0.27,0.21,0.24,0.41,0.85,1.07,0.53,0.28
t=43 field hdg=346.9 enc=9443;21316 xy=114;-52 want=58 str=0.35 l=1.54 r=-0.01 tick=702454 goal=0 here=0 d11=0.71 B=0.24,0.27,0.27,0.44,1.09,1.05,0.49,0.26,0.27,0.21,0.25,0.40,0.85,1.06,0.53,0.29
t=43 field hdg=348.3 enc=9446;21317 xy=116;-52 want=62 str=0.33 l=1.59 r=-0.07 tick=702473 goal=0 here=0 d11=0.72 B=0.23,0.26,0.27,0.44,1.08,1.06,0.48,0.26,0.26,0.22,0.24,0.40,0.85,1.07,0.52,0.29
t=43 field hdg=347.2 enc=9445;21318 xy=116;-52 want=57 str=0.37 l=1.53 r=0.01 tick=702494 goal=0 here=0 d11=0.72 B=0.24,0.27,0.27,0.45,1.08,1.06,0.47,0.26,0.27,0.21,0.24,0.40,0.86,1.07,0.52,0.28
t=43 field hdg=344.5 enc=9447;21319 xy=117;-53 want=62 str=0.36 l=1.59 r=-0.06 tick=702513 goal=0 here=0 d11=0.71 B=0.24,0.27,0.27,0.43,1.08,1.05,0.50,0.27,0.28,0.21,0.24,0.41,0.87,1.06,0.53,0.29
t=43 field hdg=347.8 enc=9446;21318 xy=116;-52 want=52 str=0.35 l=1.46 r=0.06 tick=702532 goal=0 here=0 d11=0.73 B=0.23,0.27,0.26,0.43,1.08,1.05,0.50,0.25,0.28,0.19,0.24,0.40,0.86,1.07,0.53,0.29
t=44 field hdg=348.5 enc=9447;21319 xy=117;-52 want=51 str=0.39 l=1.44 r=0.09 tick=702553 goal=0 here=0 d11=0.72 B=0.24,0.29,0.27,0.42,1.08,1.04,0.49,0.25,0.28,0.21,0.24,0.41,0.86,1.07,0.53,0.29
t=44 field hdg=347.0 enc=9447;21320 xy=117;-53 want=67 str=0.36 l=1.66 r=-0.14 tick=702572 goal=0 here=0 d11=0.70 B=0.23,0.28,0.27,0.44,1.10,1.03,0.48,0.27,0.28,0.21,0.24,0.41,0.86,1.07,0.53,0.28
t=44 field hdg=345.8 enc=9448;21321 xy=118;-53 want=47 str=0.40 l=1.39 r=0.14 tick=702597 goal=0 here=0 d11=0.72 B=0.23,0.26,0.26,0.42,1.10,1.04,0.48,0.25,0.26,0.20,0.24,0.41,0.87,1.07,0.52,0.28
t=44 field hdg=347.5 enc=9447;21323 xy=119;-53 want=57 str=0.39 l=1.52 r=-0.00 tick=702616 goal=0 here=0 d11=0.71 B=0.23,0.29,0.28,0.43,1.10,1.03,0.48,0.26,0.27,0.21,0.25,0.41,0.86,1.06,0.52,0.28
t=44 field hdg=347.9 enc=9446;21325 xy=119;-53 want=70 str=0.30 l=1.69 r=-0.17 tick=702634 goal=0 here=0 d11=0.72 B=0.23,0.28,0.26,0.44,1.10,1.03,0.48,0.27,0.28,0.22,0.25,0.41,0.88,1.07,0.51,0.27
t=45 field hdg=346.9 enc=9447;21324 xy=119;-53 want=60 str=0.31 l=1.56 r=-0.03 tick=702653 goal=0 here=0 d11=0.73 B=0.24,0.27,0.27,0.44,1.11,1.01,0.47,0.25,0.30,0.21,0.24,0.41,0.90,1.05,0.52,0.28
t=45 field hdg=346.3 enc=9446;21325 xy=119;-53 want=66 str=0.26 l=1.65 r=-0.12 tick=702672 goal=0 here=0 d11=0.71 B=0.24,0.27,0.26,0.43,1.09,1.00,0.48,0.27,0.28,0.21,0.25,0.42,0.89,1.06,0.50,0.28
t=45 field hdg=348.3 enc=9447;21328 xy=121;-53 want=78 str=0.26 l=1.80 r=-0.28 tick=702695 goal=0 here=0 d11=0.72 B=0.23,0.29,0.26,0.43,1.12,1.02,0.48,0.26,0.28,0.22,0.26,0.41,0.89,1.06,0.51,0.27
t=45 field hdg=347.8 enc=9446;21328 xy=121;-53 want=33 str=0.14 l=1.19 r=0.32 tick=702729 goal=0 here=0 d11=0.72 B=0.23,0.28,0.25,0.45,1.12,1.00,0.47,0.26,0.30,0.20,0.24,0.43,1.08,1.07,0.52,0.28
t=45 field hdg=351.3 enc=9446;21330 xy=122;-54 want=39 str=0.12 l=1.28 r=0.23 tick=702751 goal=0 here=0 d11=0.70 B=0.22,0.28,0.26,0.45,1.14,0.99,0.47,0.26,0.29,0.21,0.26,0.41,1.06,1.06,0.50,0.28
t=46 STUCK mv=11 want=55
t=49 field hdg=340.5 enc=9473;21309 xy=122;-54 want=97 str=1.06 l=2.00 r=-0.51 tick=703077 goal=0 here=0 d11=0.71 B=0.25,0.24,0.28,0.40,0.83,1.92,0.56,0.26,0.27,0.22,0.25,0.38,0.55,1.11,0.59,0.32
t=49 field hdg=340.6 enc=9471;21311 xy=122;-54 want=66 str=0.76 l=1.66 r=-0.10 tick=703096 goal=0 here=0 d11=0.72 B=0.25,0.24,0.28,0.41,0.84,1.92,0.54,0.26,0.28,0.21,0.24,0.38,0.55,1.11,0.60,0.33
t=49 field hdg=341.0 enc=9473;21312 xy=123;-54 want=70 str=0.72 l=1.70 r=-0.16 tick=703115 goal=0 here=0 d11=0.72 B=0.24,0.24,0.29,0.42,0.84,1.92,0.55,0.25,0.28,0.22,0.24,0.37,0.56,1.12,0.57,0.31
t=49 field hdg=342.8 enc=9473;21313 xy=124;-54 want=99 str=1.03 l=2.00 r=-0.56 tick=703134 goal=0 here=0 d11=0.71 B=0.23,0.23,0.28,0.41,0.84,1.92,0.55,0.26,0.28,0.21,0.24,0.37,0.58,1.12,0.59,0.32
t=50 field hdg=342.8 enc=9471;21315 xy=124;-54 want=69 str=0.71 l=1.69 r=-0.15 tick=703153 goal=0 here=0 d11=0.72 B=0.24,0.25,0.29,0.40,0.85,1.93,0.55,0.26,0.29,0.22,0.24,0.36,0.61,1.11,0.58,0.31
t=50 field hdg=340.6 enc=9472;21316 xy=125;-55 want=70 str=0.64 l=1.71 r=-0.16 tick=703173 goal=0 here=0 d11=0.73 B=0.25,0.24,0.28,0.41,0.86,1.92,0.54,0.27,0.28,0.21,0.26,0.38,0.64,1.12,0.57,0.30
t=50 field hdg=343.7 enc=9471;21316 xy=124;-54 want=76 str=0.60 l=1.79 r=-0.25 tick=703193 goal=0 here=0 d11=0.71 B=0.25,0.24,0.27,0.40,0.85,1.93,0.53,0.26,0.30,0.23,0.25,0.38,0.64,1.10,0.57,0.30
t=50 field hdg=343.5 enc=9473;21318 xy=126;-55 want=70 str=0.73 l=1.71 r=-0.15 tick=703212 goal=0 here=0 d11=0.73 B=0.26,0.23,0.28,0.41,0.87,1.91,0.54,0.27,0.28,0.21,0.23,0.39,0.66,1.09,0.57,0.29
t=50 field hdg=340.9 enc=9473;21320 xy=127;-55 want=72 str=0.59 l=1.74 r=-0.18 tick=703231 goal=0 here=0 d11=0.72 B=0.26,0.23,0.28,0.40,0.86,1.92,0.54,0.25,0.28,0.23,0.26,0.40,0.65,1.10,0.57,0.30
t=50 field hdg=342.5 enc=9472;21320 xy=127;-55 want=71 str=0.64 l=1.72 r=-0.18 tick=703250 goal=0 here=0 d11=0.70 B=0.24,0.22,0.28,0.41,0.86,1.91,0.53,0.26,0.27,0.22,0.24,0.39,0.66,1.09,0.57,0.31
t=51 STUCK mv=11 want=76
t=54 field hdg=333.1 enc=9498;21297 xy=127;-55 want=114 str=0.96 l=2.00 r=-0.74 tick=703578 goal=0 here=0 d11=0.72 B=0.25,0.22,0.28,0.26,0.50,1.95,0.80,0.43,0.27,0.24,0.21,0.30,0.45,1.02,0.79,0.41
t=54 field hdg=330.2 enc=9498;21297 xy=127;-55 want=120 str=0.91 l=2.00 r=-0.83 tick=703597 goal=0 here=0 d11=0.71 B=0.25,0.21,0.28,0.25,0.50,1.95,0.79,0.44,0.28,0.25,0.23,0.30,0.47,1.03,0.82,0.43
t=54 field hdg=337.3 enc=9500;21299 xy=129;-56 want=119 str=0.91 l=2.00 r=-0.82 tick=703616 goal=0 here=0 d11=0.72 B=0.24,0.22,0.28,0.25,0.51,1.96,0.79,0.42,0.27,0.25,0.22,0.32,0.46,1.04,0.81,0.41
t=54 field hdg=335.6 enc=9501;21299 xy=129;-56 want=120 str=0.94 l=2.00 r=-0.83 tick=703635 goal=0 here=0 d11=0.73 B=0.24,0.23,0.29,0.25,0.51,1.95,0.79,0.42,0.29,0.25,0.22,0.31,0.46,1.03,0.81,0.41
t=55 field hdg=334.4 enc=9500;21299 xy=129;-56 want=117 str=0.92 l=2.00 r=-0.78 tick=703656 goal=0 here=0 d11=0.72 B=0.25,0.22,0.28,0.25,0.51,1.95,0.78,0.42,0.28,0.23,0.22,0.29,0.46,1.03,0.80,0.41
t=55 field hdg=334.5 enc=9500;21302 xy=130;-57 want=118 str=0.94 l=2.00 r=-0.80 tick=703675 goal=0 here=0 d11=0.72 B=0.24,0.23,0.28,0.25,0.51,1.96,0.81,0.43,0.27,0.24,0.23,0.31,0.46,1.02,0.80,0.40
t=55 field hdg=336.9 enc=9502;21304 xy=132;-58 want=116 str=1.02 l=2.00 r=-0.77 tick=703696 goal=0 here=0 d11=0.74 B=0.25,0.23,0.29,0.27,0.51,1.97,0.79,0.43,0.30,0.25,0.22,0.31,0.46,1.02,0.79,0.40
t=55 field hdg=335.6 enc=9500;21306 xy=132;-58 want=116 str=0.92 l=2.00 r=-0.77 tick=703719 goal=0 here=0 d11=0.74 B=0.25,0.22,0.29,0.26,0.52,1.97,0.79,0.29,0.27,0.25,0.23,0.30,0.45,1.03,0.81,0.40
t=55 field hdg=333.2 enc=9501;21307 xy=133;-58 want=114 str=0.90 l=2.00 r=-0.76 tick=703741 goal=0 here=0 d11=0.71 B=0.23,0.24,0.30,0.25,0.52,1.95,0.78,0.29,0.28,0.24,0.23,0.33,0.47,1.03,0.80,0.39
t=56 field hdg=337.8 enc=9502;21309 xy=134;-59 want=114 str=0.91 l=2.00 r=-0.75 tick=703761 goal=0 here=0 d11=0.72 B=0.24,0.22,0.29,0.26,0.53,1.94,0.77,0.30,0.28,0.24,0.22,0.31,0.48,1.03,0.80,0.38
t=56 field hdg=336.1 enc=9500;21312 xy=135;-59 want=116 str=0.84 l=2.00 r=-0.77 tick=703779 goal=0 here=0 d11=0.73 B=0.25,0.22,0.28,0.25,0.52,1.93,0.77,0.29,0.28,0.23,0.23,0.32,0.47,1.04,0.79,0.38
t=56 field hdg=334.2 enc=9500;21314 xy=136;-59 want=123 str=0.85 l=2.00 r=-0.87 tick=703798 goal=0 here=0 d11=0.70 B=0.24,0.21,0.28,0.25,0.52,1.92,0.75,0.29,0.29,0.23,0.23,0.33,0.48,1.06,0.78,0.37
t=56 field hdg=336.7 enc=9501;21314 xy=136;-59 want=113 str=0.69 l=2.00 r=-0.74 tick=703820 goal=0 here=0 d11=0.72 B=0.24,0.21,0.29,0.26,0.54,1.92,0.60,0.28,0.29,0.22,0.23,0.33,0.50,1.05,0.77,0.37
t=56 field hdg=340.0 enc=9501;21317 xy=138;-60 want=109 str=0.70 l=2.00 r=-0.69 tick=703839 goal=0 here=0 d11=0.74 B=0.24,0.23,0.28,0.26,0.54,1.89,0.60,0.28,0.28,0.23,0.23,0.34,0.49,1.07,0.72,0.36
t=57 field hdg=341.7 enc=9500;21318 xy=138;-60 want=123 str=0.70 l=2.00 r=-0.87 tick=703858 goal=0 here=0 d11=0.73 B=0.23,0.22,0.27,0.26,0.55,1.89,0.60,0.27,0.29,0.23,0.24,0.35,0.50,1.08,0.68,0.34
t=57 field hdg=340.2 enc=9501;21320 xy=139;-60 want=117 str=0.70 l=2.00 r=-0.78 tick=703879 goal=0 here=0 d11=0.73 B=0.25,0.21,0.28,0.26,0.54,1.89,0.59,0.28,0.28,0.24,0.23,0.35,0.50,1.07,0.67,0.34
t=57 field hdg=333.0 enc=9501;21323 xy=140;-61 want=105 str=1.30 l=2.00 r=-0.64 tick=703899 goal=0 here=0 d11=0.74 B=0.23,0.23,0.29,0.27,0.57,1.88,0.59,0.29,0.29,0.23,0.24,0.36,0.51,1.07,0.67,0.33
t=57 field hdg=335.3 enc=9501;21324 xy=141;-61 want=123 str=0.78 l=2.00 r=-0.87 tick=703918 goal=0 here=0 d11=0.71 B=0.25,0.22,0.28,0.27,0.55,1.87,0.59,0.29,0.30,0.24,0.24,0.35,0.51,1.08,0.64,0.32
t=57 field hdg=338.7 enc=9502;21324 xy=141;-62 want=115 str=0.78 l=2.00 r=-0.77 tick=703937 goal=0 here=0 d11=0.73 B=0.24,0.22,0.30,0.27,0.54,1.89,0.59,0.29,0.30,0.23,0.24,0.35,0.51,1.08,0.65,0.33
t=58 field hdg=339.4 enc=9504;21327 xy=144;-62 want=111 str=1.25 l=2.00 r=-0.72 tick=703956 goal=0 here=0 d11=0.72 B=0.24,0.21,0.28,0.25,0.56,1.87,0.59,0.28,0.30,0.25,0.23,0.37,0.51,1.09,0.64,0.33
t=58 field hdg=338.2 enc=9504;21326 xy=143;-62 want=112 str=1.29 l=2.00 r=-0.73 tick=703974 goal=0 here=0 d11=0.71 B=0.24,0.22,0.27,0.26,0.57,1.89,0.59,0.30,0.30,0.23,0.25,0.37,0.50,1.08,0.64,0.33
t=58 field hdg=338.4 enc=9505;21329 xy=145;-63 want=109 str=1.20 l=2.00 r=-0.69 tick=703994 goal=0 here=0 d11=0.71 B=0.23,0.23,0.28,0.26,0.56,1.88,0.58,0.28,0.28,0.23,0.26,0.37,0.51,1.09,0.64,0.32
t=58 field hdg=335.3 enc=9506;21330 xy=146;-63 want=108 str=1.33 l=2.00 r=-0.68 tick=704013 goal=0 here=0 d11=0.73 B=0.23,0.22,0.29,0.27,0.57,1.89,0.59,0.28,0.30,0.23,0.24,0.39,0.52,1.08,0.62,0.32
t=58 field hdg=339.5 enc=9506;21330 xy=146;-63 want=112 str=1.24 l=2.00 r=-0.73 tick=704033 goal=0 here=0 d11=0.73 B=0.23,0.22,0.28,0.25,0.56,1.89,0.59,0.29,0.30,0.22,0.27,0.37,0.53,1.09,0.64,0.30
t=59 field hdg=342.3 enc=9509;21331 xy=148;-64 want=111 str=1.33 l=2.00 r=-0.73 tick=704052 goal=0 here=0 d11=0.74 B=0.23,0.21,0.28,0.27,0.55,1.88,0.59,0.30,0.31,0.22,0.25,0.36,0.51,1.08,0.62,0.32
t=59 field hdg=337.9 enc=9507;21333 xy=148;-64 want=113 str=1.32 l=2.00 r=-0.74 tick=704071 goal=0 here=0 d11=0.71 B=0.23,0.21,0.28,0.26,0.57,1.88,0.59,0.29,0.29,0.24,0.24,0.37,0.51,1.09,0.62,0.32
t=59 field hdg=335.4 enc=9508;21333 xy=148;-64 want=125 str=0.76 l=2.00 r=-0.89 tick=704089 goal=0 here=0 d11=0.73 B=0.25,0.22,0.27,0.27,0.55,1.88,0.59,0.28,0.31,0.24,0.25,0.38,0.52,1.10,0.61,0.32
t=59 field hdg=337.6 enc=9510;21336 xy=151;-65 want=130 str=0.78 l=2.00 r=-0.97 tick=704109 goal=0 here=0 d11=0.73 B=0.23,0.20,0.27,0.26,0.55,1.88,0.59,0.29,0.29,0.23,0.25,0.37,0.52,1.08,0.63,0.31
t=59 field hdg=342.1 enc=9510;21336 xy=151;-65 want=137 str=0.84 l=2.00 r=-1.07 tick=704128 goal=0 here=0 d11=0.71 B=0.22,0.20,0.27,0.26,0.54,1.89,0.58,0.29,0.30,0.24,0.26,0.36,0.53,1.09,0.62,0.32
t=59 field hdg=334.4 enc=9512;21337 xy=152;-66 want=131 str=0.83 l=2.00 r=-0.99 tick=704149 goal=0 here=0 d11=0.72 B=0.23,0.22,0.28,0.26,0.53,1.89,0.59,0.29,0.31,0.24,0.26,0.37,0.52,1.09,0.61,0.31
t=60 field hdg=337.7 enc=9513;21339 xy=153;-66 want=112 str=1.31 l=2.00 r=-0.73 tick=704168 goal=0 here=0 d11=0.71 B=0.23,0.20,0.28,0.27,0.55,1.88,0.60,0.28,0.31,0.22,0.25,0.38,0.53,1.09,0.59,0.31
t=60 field hdg=339.7 enc=9515;21340 xy=155;-67 want=115 str=1.32 l=2.00 r=-0.78 tick=704187 goal=0 here=0 d11=0.73 B=0.23,0.22,0.28,0.27,0.56,1.89,0.60,0.29,0.30,0.25,0.25,0.37,0.53,1.08,0.61,0.30
t=60 field hdg=340.3 enc=9515;21339 xy=154;-67 want=114 str=1.30 l=2.00 r=-0.77 tick=704206 goal=0 here=0 d11=0.73 B=0.23,0.21,0.28,0.25,0.56,1.88,0.59,0.29,0.31,0.23,0.25,0.38,0.53,1.09,0.59,0.31
t=60 field hdg=341.3 enc=9515;21343 xy=156;-67 want=118 str=1.34 l=2.00 r=-0.82 tick=704225 goal=0 here=0 d11=0.72 B=0.22,0.20,0.27,0.25,0.55,1.88,0.60,0.30,0.30,0.23,0.25,0.37,0.53,1.09,0.58,0.32
t=60 field hdg=338.7 enc=9515;21342 xy=156;-67 want=133 str=0.84 l=2.00 r=-1.02 tick=704244 goal=0 here=0 d11=0.73 B=0.23,0.22,0.28,0.26,0.56,1.89,0.59,0.29,0.30,0.24,0.27,0.38,0.57,1.10,0.56,0.32
t=61 field hdg=338.9 enc=9513;21345 xy=156;-67 want=125 str=0.84 l=2.00 r=-0.91 tick=704265 goal=0 here=0 d11=0.73 B=0.23,0.22,0.27,0.27,0.58,1.91,0.58,0.29,0.30,0.21,0.26,0.39,0.59,1.10,0.58,0.31
t=61 field hdg=342.2 enc=9512;21347 xy=157;-68 want=128 str=0.94 l=2.00 r=-0.96 tick=704284 goal=0 here=0 d11=0.72 B=0.22,0.21,0.29,0.26,0.69,1.91,0.58,0.28,0.31,0.24,0.26,0.38,0.62,1.10,0.57,0.29
t=61 field hdg=340.3 enc=9514;21349 xy=159;-68 want=131 str=1.03 l=2.00 r=-0.99 tick=704303 goal=0 here=0 d11=0.71 B=0.23,0.21,0.27,0.25,0.78,1.91,0.57,0.29,0.30,0.24,0.26,0.39,0.65,1.11,0.55,0.28
t=61 field hdg=342.2 enc=9513;21352 xy=159;-68 want=127 str=1.06 l=2.00 r=-0.93 tick=704324 goal=0 here=0 d11=0.72 B=0.23,0.21,0.28,0.27,0.81,1.92,0.57,0.30,0.30,0.23,0.26,0.39,0.66,1.10,0.56,0.29
t=61 field hdg=342.2 enc=9511;21356 xy=160;-69 want=133 str=1.56 l=2.00 r=-1.00 tick=704343 goal=0 here=0 d11=0.71 B=0.25,0.20,0.28,0.26,0.82,1.93,0.58,0.29,0.31,0.24,0.27,0.40,0.74,1.10,0.53,0.28
t=62 field hdg=343.7 enc=9507;21359 xy=160;-69 want=133 str=1.51 l=2.00 r=-1.01 tick=704362 goal=0 here=0 d11=0.72 B=0.23,0.22,0.26,0.26,0.86,1.91,0.56,0.28,0.30,0.22,0.27,0.41,0.81,1.08,0.53,0.27
t=62 field hdg=347.3 enc=9500;21363 xy=158;-68 want=126 str=1.01 l=2.00 r=-0.92 tick=704381 goal=0 here=0 d11=0.72 B=0.23,0.22,0.26,0.40,0.90,1.90,0.55,0.29,0.29,0.23,0.26,0.41,0.84,1.07,0.52,0.26
t=62 field hdg=345.3 enc=9500;21365 xy=159;-69 want=132 str=0.68 l=2.00 r=-1.01 tick=704401 goal=0 here=0 d11=0.70 B=0.23,0.24,0.26,0.40,0.95,1.49,0.53,0.28,0.31,0.23,0.27,0.42,0.87,1.05,0.50,0.25
t=62 field hdg=347.5 enc=9499;21368 xy=160;-69 want=133 str=0.75 l=2.00 r=-1.04 tick=704422 goal=0 here=0 d11=0.72 B=0.20,0.22,0.27,0.42,1.06,1.47,0.53,0.27,0.29,0.22,0.28,0.43,0.88,1.06,0.50,0.25
t=62 field hdg=344.5 enc=9496;21370 xy=160;-69 want=141 str=0.61 l=2.00 r=-1.14 tick=704442 goal=0 here=0 d11=0.73 B=0.20,0.24,0.27,0.42,1.07,1.33,0.51,0.28,0.31,0.23,0.27,0.42,0.99,1.05,0.49,0.25
t=63 field hdg=344.2 enc=9497;21373 xy=162;-69 want=147 str=0.48 l=2.00 r=-1.20 tick=704461 goal=0 here=0 d11=0.72 B=0.22,0.22,0.26,0.42,1.09,1.31,0.51,0.28,0.30,0.22,0.28,0.43,1.08,1.04,0.49,0.26
t=63 field hdg=346.9 enc=9494;21375 xy=161;-69 want=177 str=0.25 l=2.00 r=-1.60 tick=704480 goal=0 here=0 d11=0.72 B=0.21,0.25,0.26,0.41,1.08,1.07,0.52,0.27,0.30,0.23,0.28,0.43,1.07,1.05,0.48,0.26
t=63 field hdg=347.4 enc=9494;21377 xy=162;-69 want=172 str=0.33 l=2.00 r=-1.54 tick=704501 goal=0 here=0 d11=0.74 B=0.22,0.24,0.26,0.40,1.10,1.05,0.50,0.29,0.32,0.23,0.27,0.44,1.07,1.05,0.47,0.25
t=63 field hdg=349.4 enc=9493;21377 xy=162;-69 want=178 str=0.42 l=2.00 r=-1.60 tick=704523 goal=0 here=0 d11=0.73 B=0.21,0.24,0.25,0.42,1.10,1.04,0.50,0.29,0.30,0.23,0.28,0.42,1.07,1.06,0.47,0.25
t=63 field hdg=346.8 enc=9495;21379 xy=164;-70 want=180 str=0.47 l=2.00 r=-1.60 tick=704542 goal=0 here=0 d11=0.73 B=0.20,0.23,0.26,0.42,1.11,1.03,0.50,0.29,0.30,0.23,0.29,0.44,1.07,1.07,0.45,0.24
t=64 field hdg=350.6 enc=9494;21380 xy=164;-70 want=179 str=0.39 l=2.00 r=-1.60 tick=704561 goal=0 here=0 d11=0.73 B=0.22,0.23,0.26,0.42,1.12,1.04,0.51,0.29,0.30,0.22,0.29,0.44,1.07,1.07,0.48,0.24
t=64 field hdg=353.2 enc=9495;21380 xy=164;-70 want=178 str=0.40 l=2.00 r=-1.60 tick=704579 goal=0 here=0 d11=0.73 B=0.20,0.24,0.26,0.43,1.13,1.02,0.49,0.28,0.30,0.24,0.29,0.44,1.06,1.07,0.47,0.24
t=64 field hdg=349.2 enc=9496;21383 xy=166;-70 want=176 str=0.32 l=2.00 r=-1.60 tick=704598 goal=0 here=0 d11=0.72 B=0.21,0.25,0.26,0.43,1.13,1.02,0.50,0.28,0.28,0.23,0.29,0.46,1.06,1.06,0.47,0.25
t=64 field hdg=349.6 enc=9496;21383 xy=166;-70 want=176 str=0.35 l=2.00 r=-1.60 tick=704617 goal=0 here=0 d11=0.73 B=0.20,0.24,0.26,0.42,1.13,1.02,0.50,0.28,0.29,0.23,0.29,0.44,1.05,1.06,0.47,0.25
t=64 field hdg=350.7 enc=9496;21384 xy=167;-70 want=172 str=0.39 l=2.00 r=-1.55 tick=704636 goal=0 here=0 d11=0.73 B=0.20,0.24,0.25,0.42,1.13,1.03,0.50,0.28,0.29,0.23,0.28,0.45,1.06,1.06,0.47,0.24
t=65 field hdg=349.0 enc=9497;21386 xy=168;-70 want=180 str=0.45 l=2.00 r=-1.60 tick=704655 goal=0 here=0 d11=0.73 B=0.19,0.24,0.26,0.42,1.13,1.02,0.50,0.27,0.29,0.24,0.30,0.44,1.04,1.08,0.46,0.24
t=65 field hdg=350.6 enc=9498;21386 xy=169;-71 want=179 str=0.49 l=2.00 r=-1.60 tick=704674 goal=0 here=0 d11=0.72 B=0.21,0.24,0.25,0.42,1.13,1.02,0.49,0.30,0.30,0.23,0.29,0.44,1.05,1.07,0.46,0.24
t=65 field hdg=351.9 enc=9500;21388 xy=171;-71 want=180 str=0.48 l=2.00 r=-1.60 tick=704693 goal=0 here=0 d11=0.74 B=0.20,0.24,0.26,0.42,1.15,1.01,0.51,0.29,0.29,0.24,0.30,0.44,1.06,1.06,0.47,0.24
t=65 field hdg=353.5 enc=9501;21390 xy=172;-71 want=-177 str=0.46 l=-1.60 r=2.00 tick=704712 goal=0 here=0 d11=0.71 B=0.21,0.24,0.25,0.41,1.13,1.01,0.50,0.28,0.30,0.24,0.29,0.44,1.06,1.07,0.46,0.24
t=65 field hdg=352.9 enc=9500;21389 xy=171;-71 want=-177 str=0.54 l=-1.60 r=2.00 tick=704731 goal=0 here=0 d11=0.73 B=0.20,0.23,0.25,0.43,1.12,1.03,0.50,0.30,0.30,0.24,0.30,0.45,1.06,1.07,0.47,0.25
t=65 field hdg=348.9 enc=9503;21389 xy=173;-71 want=179 str=0.51 l=2.00 r=-1.60 tick=704750 goal=0 here=0 d11=0.73 B=0.21,0.24,0.25,0.42,1.12,1.04,0.51,0.29,0.31,0.24,0.29,0.45,1.06,1.07,0.45,0.23
t=66 field hdg=348.2 enc=9504;21391 xy=174;-71 want=178 str=0.54 l=2.00 r=-1.60 tick=704773 goal=0 here=0 d11=0.73 B=0.20,0.25,0.26,0.41,1.12,1.02,0.50,0.31,0.30,0.24,0.30,0.44,1.05,1.07,0.46,0.24
t=66 field hdg=353.2 enc=9504;21391 xy=174;-71 want=175 str=0.53 l=2.00 r=-1.60 tick=704795 goal=0 here=0 d11=0.73 B=0.20,0.26,0.25,0.41,1.11,1.03,0.51,0.29,0.30,0.24,0.31,0.44,1.04,1.07,0.45,0.23
t=66 field hdg=353.6 enc=9506;21394 xy=177;-72 want=-176 str=0.51 l=-1.60 r=2.00 tick=704813 goal=0 here=0 d11=0.73 B=0.20,0.23,0.25,0.43,1.13,1.02,0.51,0.29,0.29,0.24,0.29,0.44,1.06,1.06,0.45,0.24
t=66 field hdg=350.0 enc=9506;21393 xy=176;-72 want=-176 str=0.51 l=-1.60 r=2.00 tick=704832 goal=0 here=0 d11=0.73 B=0.20,0.24,0.24,0.42,1.15,1.01,0.50,0.28,0.30,0.24,0.30,0.46,1.05,1.06,0.45,0.25
t=67 field hdg=348.1 enc=9506;21392 xy=176;-72 want=178 str=0.54 l=2.00 r=-1.60 tick=704851 goal=0 here=0 d11=0.74 B=0.19,0.24,0.26,0.40,1.11,1.02,0.51,0.29,0.30,0.23,0.31,0.45,1.05,1.06,0.45,0.23
t=67 field hdg=349.7 enc=9505;21395 xy=177;-72 want=-179 str=0.58 l=-1.60 r=2.00 tick=704871 goal=0 here=0 d11=0.72 B=0.20,0.22,0.25,0.42,1.11,1.04,0.52,0.30,0.29,0.24,0.29,0.44,1.04,1.07,0.46,0.24
t=67 field hdg=353.9 enc=9506;21394 xy=177;-72 want=176 str=0.45 l=2.00 r=-1.60 tick=704892 goal=0 here=0 d11=0.73 B=0.21,0.24,0.27,0.41,1.14,1.04,0.52,0.29,0.30,0.24,0.30,0.46,1.06,1.08,0.46,0.25
t=67 field hdg=351.0 enc=9507;21395 xy=178;-72 want=-176 str=0.58 l=-1.60 r=2.00 tick=704910 goal=0 here=0 d11=0.72 B=0.19,0.24,0.24,0.42,1.12,1.02,0.50,0.28,0.31,0.24,0.31,0.45,1.05,1.06,0.45,0.23
t=67 field hdg=346.7 enc=9509;21394 xy=178;-72 want=180 str=0.56 l=2.00 r=-1.60 tick=704930 goal=0 here=0 d11=0.74 B=0.20,0.23,0.26,0.41,1.12,1.04,0.51,0.30,0.30,0.24,0.30,0.44,1.05,1.08,0.43,0.24
t=67 field hdg=351.0 enc=9508;21397 xy=179;-72 want=179 str=0.51 l=2.00 r=-1.60 tick=704948 goal=0 here=0 d11=0.74 B=0.20,0.23,0.26,0.41,1.12,1.02,0.51,0.29,0.30,0.23,0.30,0.45,1.04,1.07,0.46,0.25
t=68 field hdg=353.6 enc=9506;21398 xy=179;-72 want=177 str=0.58 l=2.00 r=-1.60 tick=704967 goal=0 here=0 d11=0.72 B=0.19,0.24,0.25,0.42,1.16,1.02,0.50,0.29,0.30,0.24,0.31,0.44,1.04,1.07,0.44,0.22
t=68 field hdg=348.3 enc=9506;21400 xy=180;-72 want=122 str=1.07 l=2.00 r=-0.89 tick=704986 goal=0 here=0 d11=0.73 B=0.20,0.24,0.26,0.42,1.97,0.99,0.49,0.29,0.30,0.25,0.32,0.46,1.02,1.02,0.44,0.23
t=68 field hdg=350.0 enc=9506;21403 xy=181;-73 want=122 str=1.07 l=2.00 r=-0.89 tick=705004 goal=0 here=0 d11=0.72 B=0.20,0.25,0.24,0.42,1.96,0.95,0.50,0.29,0.30,0.24,0.31,0.45,1.04,0.92,0.43,0.24
t=68 field hdg=355.5 enc=9504;21403 xy=180;-73 want=123 str=1.16 l=2.00 r=-0.91 tick=705024 goal=0 here=0 d11=0.73 B=0.19,0.24,0.25,0.42,1.97,0.92,0.48,0.29,0.29,0.25,0.31,0.47,1.02,0.83,0.43,0.24
t=68 field hdg=350.5 enc=9505;21407 xy=183;-73 want=122 str=1.10 l=2.00 r=-0.90 tick=705045 goal=0 here=0 d11=0.73 B=0.19,0.24,0.24,0.43,1.97,0.89,0.49,0.28,0.28,0.25,0.32,0.46,1.03,0.82,0.42,0.23
t=69 field hdg=353.7 enc=9505;21408 xy=183;-73 want=122 str=1.13 l=2.00 r=-0.88 tick=705065 goal=0 here=0 d11=0.74 B=0.20,0.24,0.25,0.42,1.97,0.88,0.48,0.29,0.31,0.24,0.33,0.46,1.03,0.82,0.42,0.23
t=69 field hdg=357.5 enc=9506;21410 xy=185;-73 want=118 str=1.13 l=2.00 r=-0.83 tick=705083 goal=0 here=0 d11=0.73 B=0.20,0.26,0.25,0.44,1.98,0.86,0.50,0.30,0.29,0.24,0.33,0.47,1.02,0.81,0.39,0.23
t=69 field hdg=352.3 enc=9507;21411 xy=186;-73 want=129 str=1.19 l=2.00 r=-0.99 tick=705102 goal=0 here=0 d11=0.74 B=0.18,0.24,0.25,0.43,1.96,0.85,0.48,0.30,0.29,0.27,0.34,0.47,1.03,0.82,0.41,0.21
t=69 field hdg=354.1 enc=9508;21413 xy=187;-73 want=123 str=1.14 l=2.00 r=-0.90 tick=705121 goal=0 here=0 d11=0.75 B=0.20,0.25,0.25,0.43,1.96,0.87,0.48,0.29,0.29,0.26,0.33,0.46,1.01,0.82,0.40,0.21
t=69 field hdg=353.0 enc=9508;21413 xy=187;-73 want=125 str=1.15 l=2.00 r=-0.93 tick=705142 goal=0 here=0 d11=0.71 B=0.19,0.24,0.25,0.43,1.96,0.86,0.49,0.30,0.28,0.26,0.33,0.48,1.03,0.81,0.40,0.22
t=70 field hdg=351.1 enc=9510;21415 xy=189;-74 want=123 str=1.17 l=2.00 r=-0.91 tick=705162 goal=0 here=0 d11=0.72 B=0.19,0.25,0.24,0.42,1.98,0.85,0.48,0.30,0.29,0.24,0.33,0.47,1.01,0.80,0.40,0.22
t=70 field hdg=354.4 enc=9511;21414 xy=189;-74 want=125 str=1.21 l=2.00 r=-0.93 tick=705182 goal=0 here=0 d11=0.73 B=0.19,0.25,0.25,0.42,1.96,0.86,0.48,0.30,0.29,0.25,0.34,0.47,1.01,0.80,0.40,0.21
t=70 field hdg=354.4 enc=9510;21415 xy=189;-74 want=121 str=1.16 l=2.00 r=-0.87 tick=705201 goal=0 here=0 d11=0.73 B=0.20,0.25,0.25,0.42,1.97,0.86,0.48,0.29,0.28,0.25,0.33,0.47,1.01,0.79,0.40,0.21
t=70 field hdg=355.8 enc=9512;21417 xy=191;-74 want=123 str=1.17 l=2.00 r=-0.90 tick=705220 goal=0 here=0 d11=0.75 B=0.19,0.25,0.25,0.44,1.97,0.87,0.48,0.29,0.29,0.25,0.35,0.47,1.01,0.81,0.40,0.22
t=70 field hdg=355.4 enc=9514;21418 xy=192;-74 want=128 str=1.16 l=2.00 r=-0.99 tick=705238 goal=0 here=0 d11=0.72 B=0.18,0.25,0.24,0.44,1.95,0.85,0.52,0.30,0.29,0.27,0.33,0.48,1.01,0.82,0.39,0.23
t=71 field hdg=351.4 enc=9513;21419 xy=192;-74 want=125 str=1.22 l=2.00 r=-0.94 tick=705257 goal=0 here=0 d11=0.73 B=0.18,0.25,0.24,0.43,1.97,0.87,0.50,0.30,0.29,0.25,0.33,0.47,1.00,0.80,0.39,0.22
t=71 field hdg=354.1 enc=9515;21420 xy=194;-74 want=128 str=1.22 l=2.00 r=-0.97 tick=705276 goal=0 here=0 d11=0.73 B=0.19,0.24,0.24,0.43,1.97,0.87,0.47,0.30,0.29,0.27,0.34,0.48,1.00,0.80,0.39,0.22
t=71 field hdg=353.4 enc=9514;21423 xy=195;-74 want=127 str=1.20 l=2.00 r=-0.96 tick=705295 goal=0 here=0 d11=0.73 B=0.18,0.23,0.24,0.42,1.98,0.87,0.48,0.29,0.29,0.25,0.34,0.46,1.01,0.80,0.40,0.22
t=71 field hdg=351.5 enc=9515;21422 xy=195;-74 want=128 str=1.24 l=2.00 r=-0.98 tick=705316 goal=0 here=0 d11=0.73 B=0.17,0.25,0.23,0.43,1.96,0.87,0.48,0.31,0.29,0.26,0.34,0.48,1.00,0.79,0.38,0.23
t=71 field hdg=351.9 enc=9516;21425 xy=197;-74 want=131 str=1.28 l=2.00 r=-1.03 tick=705335 goal=0 here=0 d11=0.72 B=0.17,0.23,0.23,0.43,1.97,0.89,0.50,0.32,0.28,0.26,0.34,0.48,1.01,0.79,0.38,0.21
t=72 field hdg=352.7 enc=9516;21426 xy=197;-75 want=128 str=1.21 l=2.00 r=-0.98 tick=705353 goal=0 here=0 d11=0.74 B=0.18,0.23,0.23,0.43,1.97,0.88,0.49,0.30,0.28,0.25,0.34,0.48,1.01,0.79,0.38,0.22
t=72 field hdg=352.9 enc=9518;21425 xy=198;-75 want=130 str=1.26 l=2.00 r=-1.01 tick=705372 goal=0 here=0 d11=0.73 B=0.17,0.24,0.24,0.44,1.96,0.88,0.49,0.30,0.30,0.26,0.35,0.48,1.01,0.80,0.38,0.22
t=72 field hdg=353.4 enc=9520;21428 xy=200;-75 want=134 str=1.29 l=2.00 r=-1.06 tick=705394 goal=0 here=0 d11=0.73 B=0.17,0.24,0.23,0.42,1.96,0.86,0.49,0.31,0.29,0.27,0.35,0.49,1.01,0.79,0.38,0.21
t=72 field hdg=355.6 enc=9519;21429 xy=200;-75 want=126 str=1.23 l=2.00 r=-0.95 tick=705413 goal=0 here=0 d11=0.73 B=0.18,0.25,0.24,0.42,1.96,0.87,0.49,0.31,0.28,0.26,0.35,0.48,1.01,0.79,0.38,0.21
t=72 field hdg=354.6 enc=9518;21431 xy=201;-75 want=128 str=1.23 l=2.00 r=-0.98 tick=705431 goal=0 here=0 d11=0.73 B=0.18,0.26,0.24,0.42,1.95,0.87,0.48,0.30,0.29,0.27,0.35,0.47,1.02,0.78,0.36,0.21
t=72 field hdg=354.6 enc=9517;21433 xy=201;-75 want=127 str=1.19 l=2.00 r=-0.96 tick=705450 goal=0 here=0 d11=0.73 B=0.18,0.25,0.25,0.43,1.94,0.85,0.49,0.32,0.28,0.27,0.37,0.47,1.02,0.78,0.37,0.22
t=73 field hdg=354.6 enc=9517;21435 xy=202;-75 want=131 str=1.24 l=2.00 r=-1.02 tick=705469 goal=0 here=0 d11=0.74 B=0.18,0.24,0.23,0.44,1.95,0.86,0.48,0.30,0.28,0.27,0.37,0.49,1.01,0.78,0.36,0.21
t=73 field hdg=351.1 enc=9516;21437 xy=203;-75 want=130 str=1.23 l=2.00 r=-1.02 tick=705488 goal=0 here=0 d11=0.72 B=0.17,0.25,0.24,0.45,1.94,0.84,0.48,0.31,0.28,0.27,0.37,0.48,1.02,0.77,0.33,0.21
t=73 field hdg=352.8 enc=9516;21436 xy=202;-75 want=127 str=1.19 l=2.00 r=-0.97 tick=705507 goal=0 here=0 d11=0.73 B=0.18,0.25,0.24,0.46,1.94,0.84,0.48,0.30,0.27,0.27,0.37,0.50,1.03,0.76,0.33,0.21
t=73 field hdg=356.2 enc=9516;21439 xy=204;-75 want=128 str=1.17 l=2.00 r=-0.98 tick=705525 goal=0 here=0 d11=0.74 B=0.18,0.24,0.24,0.44,1.95,0.84,0.47,0.31,0.27,0.26,0.38,0.50,1.03,0.76,0.32,0.22
t=73 field hdg=357.7 enc=9512;21444 xy=204;-75 want=129 str=1.29 l=2.00 r=-0.98 tick=705544 goal=0 here=0 d11=0.72 B=0.19,0.25,0.22,0.47,1.96,0.82,0.46,0.31,0.27,0.27,0.39,0.53,1.05,0.65,0.29,0.20
t=74 field hdg=0.0 enc=9506;21448 xy=203;-75 want=154 str=1.20 l=2.00 r=-1.32 tick=705563 goal=0 here=0 d11=0.74 B=0.18,0.26,0.24,0.47,1.95,0.83,0.47,0.31,0.26,0.29,0.40,0.57,1.08,0.60,0.28,0.20
t=74 field hdg=5.0 enc=9501;21454 xy=204;-75 want=160 str=1.15 l=2.00 r=-1.41 tick=705584 goal=0 here=0 d11=0.72 B=0.18,0.24,0.23,0.51,1.88,0.78,0.39,0.33,0.26,0.27,0.42,0.64,1.10,0.55,0.27,0.21
t=74 field hdg=1.1 enc=9501;21454 xy=204;-75 want=147 str=1.48 l=2.00 r=-1.23 tick=705609 goal=0 here=0 d11=0.75 B=0.19,0.25,0.24,0.51,1.90,0.62,0.33,0.33,0.25,0.27,0.42,0.67,1.09,0.54,0.26,0.20
t=74 field hdg=1.8 enc=9501;21457 xy=205;-75 want=156 str=1.49 l=2.00 r=-1.34 tick=705628 goal=0 here=0 d11=0.73 B=0.19,0.25,0.23,0.51,1.89,0.63,0.32,0.32,0.26,0.29,0.42,0.81,1.11,0.54,0.26,0.20
t=74 field hdg=4.2 enc=9498;21458 xy=204;-75 want=153 str=1.53 l=2.00 r=-1.31 tick=705647 goal=0 here=0 d11=0.73 B=0.19,0.26,0.23,0.53,1.91,0.61,0.31,0.32,0.26,0.28,0.43,0.82,1.08,0.52,0.25,0.20
t=75 field hdg=3.3 enc=9498;21461 xy=206;-75 want=154 str=1.53 l=2.00 r=-1.32 tick=705666 goal=0 here=0 d11=0.72 B=0.19,0.25,0.23,0.52,1.91,0.61,0.31,0.33,0.26,0.29,0.44,0.83,1.08,0.51,0.24,0.21
t=75 field hdg=2.5 enc=9498;21461 xy=206;-75 want=154 str=1.65 l=2.00 r=-1.34 tick=705687 goal=0 here=0 d11=0.73 B=0.17,0.25,0.24,0.55,1.93,0.61,0.32,0.32,0.26,0.29,0.43,0.83,1.09,0.51,0.23,0.20
t=75 field hdg=6.7 enc=9496;21465 xy=207;-75 want=133 str=1.66 l=2.00 r=-1.05 tick=705706 goal=0 here=0 d11=0.74 B=0.19,0.24,0.25,0.57,1.93,0.59,0.31,0.33,0.25,0.29,0.43,0.83,1.08,0.51,0.25,0.20
t=75 field hdg=9.0 enc=9496;21464 xy=206;-75 want=133 str=1.70 l=2.00 r=-1.05 tick=705725 goal=0 here=0 d11=0.73 B=0.19,0.26,0.24,0.56,1.94,0.59,0.32,0.33,0.25,0.28,0.43,0.84,1.08,0.50,0.24,0.18
t=75 field hdg=4.5 enc=9496;21467 xy=208;-75 want=135 str=1.75 l=2.00 r=-1.07 tick=705749 goal=0 here=0 d11=0.74 B=0.19,0.24,0.23,0.58,1.94,0.59,0.31,0.33,0.26,0.29,0.43,0.83,1.07,0.49,0.24,0.19
t=76 field hdg=6.5 enc=9499;21467 xy=209;-75 want=131 str=1.70 l=2.00 r=-1.01 tick=705770 goal=0 here=0 d11=0.73 B=0.20,0.26,0.23,0.56,1.94,0.60,0.32,0.34,0.25,0.27,0.43,0.84,1.06,0.50,0.23,0.19
t=76 field hdg=4.7 enc=9500;21468 xy=210;-75 want=132 str=1.65 l=2.00 r=-1.03 tick=705789 goal=0 here=0 d11=0.74 B=0.18,0.27,0.23,0.57,1.94,0.58,0.31,0.32,0.25,0.28,0.42,0.84,1.07,0.50,0.24,0.21
t=76 field hdg=3.0 enc=9501;21471 xy=212;-75 want=135 str=1.73 l=2.00 r=-1.06 tick=705808 goal=0 here=0 d11=0.73 B=0.19,0.25,0.24,0.56,1.94,0.60,0.31,0.32,0.25,0.29,0.43,0.83,1.07,0.49,0.24,0.19
t=76 field hdg=9.2 enc=9501;21472 xy=213;-74 want=134 str=1.69 l=2.00 r=-1.05 tick=705827 goal=0 here=0 d11=0.74 B=0.20,0.26,0.22,0.58,1.93,0.60,0.32,0.33,0.25,0.30,0.43,0.82,1.06,0.51,0.24,0.20
t=76 field hdg=6.7 enc=9500;21473 xy=213;-74 want=135 str=1.73 l=2.00 r=-1.07 tick=705846 goal=0 here=0 d11=0.72 B=0.18,0.24,0.23,0.58,1.94,0.59,0.31,0.33,0.25,0.28,0.43,0.84,1.06,0.49,0.24,0.19
t=77 field hdg=2.7 enc=9502;21473 xy=214;-74 want=135 str=1.81 l=2.00 r=-1.08 tick=705865 goal=0 here=0 d11=0.73 B=0.18,0.26,0.23,0.58,1.93,0.59,0.31,0.33,0.26,0.29,0.44,0.84,1.06,0.49,0.22,0.19
t=77 field hdg=4.5 enc=9501;21476 xy=215;-74 want=132 str=1.69 l=2.00 r=-1.03 tick=705888 goal=0 here=0 d11=0.74 B=0.19,0.25,0.24,0.57,1.94,0.58,0.31,0.33,0.24,0.28,0.45,0.85,1.06,0.49,0.24,0.20
t=77 field hdg=6.6 enc=9503;21476 xy=216;-74 want=135 str=1.78 l=2.00 r=-1.08 tick=705907 goal=0 here=0 d11=0.73 B=0.18,0.25,0.23,0.57,1.92,0.59,0.32,0.32,0.26,0.28,0.44,0.84,1.06,0.48,0.23,0.19
t=77 field hdg=9.5 enc=9504;21478 xy=217;-74 want=134 str=1.75 l=2.00 r=-1.07 tick=705926 goal=0 here=0 d11=0.73 B=0.18,0.26,0.23,0.57,1.94,0.59,0.31,0.34,0.25,0.29,0.44,0.84,1.05,0.49,0.24,0.19
t=77 field hdg=4.1 enc=9506;21479 xy=219;-74 want=137 str=1.80 l=2.00 r=-1.10 tick=705945 goal=0 here=0 d11=0.73 B=0.19,0.24,0.22,0.58,1.93,0.59,0.30,0.33,0.26,0.30,0.44,0.85,1.06,0.48,0.23,0.19
t=78 field hdg=5.9 enc=9506;21479 xy=219;-74 want=133 str=1.74 l=2.00 r=-1.04 tick=705964 goal=0 here=0 d11=0.73 B=0.19,0.27,0.24,0.58,1.94,0.59,0.32,0.33,0.26,0.30,0.44,0.86,1.06,0.48,0.23,0.20
t=78 field hdg=5.7 enc=9507;21479 xy=219;-74 want=136 str=1.81 l=2.00 r=-1.08 tick=705983 goal=0 here=0 d11=0.76 B=0.19,0.24,0.24,0.58,1.94,0.60,0.32,0.32,0.26,0.31,0.46,0.85,1.05,0.48,0.23,0.20
t=78 field hdg=5.2 enc=9508;21481 xy=221;-74 want=136 str=1.83 l=2.00 r=-1.09 tick=706001 goal=0 here=0 d11=0.73 B=0.18,0.24,0.24,0.58,1.94,0.59,0.31,0.34,0.26,0.29,0.45,0.85,1.06,0.48,0.23,0.18
t=78 field hdg=5.1 enc=9508;21480 xy=220;-74 want=129 str=1.93 l=2.00 r=-0.99 tick=706020 goal=0 here=0 d11=0.74 B=0.18,0.25,0.23,0.80,1.94,0.59,0.32,0.34,0.27,0.29,0.44,0.85,1.05,0.48,0.23,0.18
t=78 field hdg=6.5 enc=9507;21482 xy=221;-74 want=127 str=1.81 l=2.00 r=-0.97 tick=706039 goal=0 here=0 d11=0.74 B=0.18,0.26,0.24,0.80,1.94,0.60,0.31,0.34,0.26,0.30,0.45,0.86,1.06,0.47,0.24,0.20
t=79 field hdg=1.9 enc=9506;21484 xy=221;-74 want=132 str=2.01 l=2.00 r=-1.05 tick=706058 goal=0 here=0 d11=0.74 B=0.16,0.25,0.24,0.81,1.94,0.59,0.30,0.34,0.27,0.30,0.45,0.87,1.05,0.48,0.22,0.18
t=79 field hdg=7.3 enc=9506;21486 xy=222;-74 want=129 str=1.89 l=2.00 r=-0.99 tick=706077 goal=0 here=0 d11=0.73 B=0.18,0.24,0.24,0.81,1.93,0.59,0.30,0.32,0.25,0.29,0.46,0.88,1.04,0.48,0.21,0.20
t=79 field hdg=10.0 enc=9507;21488 xy=224;-73 want=129 str=1.89 l=2.00 r=-0.99 tick=706096 goal=0 here=0 d11=0.74 B=0.18,0.26,0.23,0.83,1.93,0.58,0.33,0.32,0.26,0.32,0.45,0.88,1.05,0.46,0.23,0.18
t=79 field hdg=7.5 enc=9507;21491 xy=225;-73 want=129 str=1.91 l=2.00 r=-0.99 tick=706120 goal=0 here=0 d11=0.74 B=0.20,0.26,0.24,0.83,1.91,0.58,0.31,0.34,0.27,0.32,0.46,0.89,1.04,0.45,0.21,0.19
t=79 field hdg=7.1 enc=9507;21493 xy=226;-73 want=134 str=1.86 l=2.00 r=-1.05 tick=706142 goal=0 here=0 d11=0.76 B=0.19,0.25,0.25,0.84,1.93,0.58,0.32,0.32,0.26,0.31,0.45,1.07,1.05,0.44,0.22,0.18
t=80 field hdg=5.9 enc=9505;21496 xy=227;-73 want=137 str=1.88 l=2.00 r=-1.11 tick=706161 goal=0 here=0 d11=0.73 B=0.17,0.24,0.22,0.85,1.92,0.57,0.31,0.33,0.25,0.31,0.46,1.08,1.04,0.44,0.21,0.18
t=80 field hdg=13.6 enc=9505;21496 xy=227;-73 want=136 str=1.89 l=2.00 r=-1.09 tick=706181 goal=0 here=0 d11=0.74 B=0.18,0.23,0.23,0.88,1.87,0.58,0.32,0.32,0.25,0.32,0.46,1.07,1.04,0.46,0.21,0.17
t=80 field hdg=9.0 enc=9504;21498 xy=227;-73 want=135 str=1.77 l=2.00 r=-1.06 tick=706200 goal=0 here=0 d11=0.73 B=0.20,0.24,0.25,0.88,1.82,0.56,0.31,0.34,0.25,0.32,0.46,1.09,1.04,0.44,0.21,0.18
t=80 field hdg=9.8 enc=9501;21500 xy=227;-73 want=143 str=1.62 l=2.00 r=-1.18 tick=706219 goal=0 here=0 d11=0.75 B=0.19,0.24,0.25,0.90,1.51,0.56,0.31,0.34,0.26,0.31,0.46,1.08,1.05,0.44,0.20,0.19
t=80 field hdg=9.1 enc=9500;21503 xy=228;-73 want=145 str=1.62 l=2.00 r=-1.21 tick=706242 goal=0 here=0 d11=0.73 B=0.19,0.25,0.24,0.91,1.45,0.55,0.30,0.34,0.27,0.31,0.47,1.05,1.06,0.42,0.21,0.18
t=81 field hdg=10.0 enc=9500;21504 xy=228;-73 want=146 str=1.58 l=2.00 r=-1.22 tick=706260 goal=0 here=0 d11=0.73 B=0.19,0.23,0.24,1.00,1.34,0.57,0.30,0.33,0.27,0.34,0.47,1.05,1.06,0.41,0.20,0.19
t=81 field hdg=13.6 enc=9501;21507 xy=230;-72 want=157 str=1.10 l=2.00 r=-1.35 tick=706279 goal=0 here=0 d11=0.75 B=0.21,0.23,0.25,1.06,1.32,0.55,0.31,0.34,0.27,0.32,0.46,1.05,1.07,0.41,0.19,0.19
t=81 field hdg=7.5 enc=9501;21507 xy=230;-72 want=143 str=1.55 l=2.00 r=-1.17 tick=706298 goal=0 here=0 d11=0.75 B=0.20,0.24,0.24,1.07,1.33,0.56,0.30,0.33,0.26,0.33,0.48,1.05,1.07,0.41,0.20,0.18
t=81 field hdg=12.3 enc=9500;21508 xy=230;-72 want=143 str=1.54 l=2.00 r=-1.18 tick=706318 goal=0 here=0 d11=0.75 B=0.20,0.23,0.24,1.06,1.33,0.56,0.30,0.34,0.25,0.34,0.47,1.05,1.07,0.41,0.22,0.16
t=81 field hdg=14.7 enc=9503;21509 xy=232;-72 want=142 str=1.60 l=2.00 r=-1.16 tick=706338 goal=0 here=0 d11=0.75 B=0.19,0.24,0.24,1.08,1.33,0.57,0.31,0.34,0.26,0.33,0.48,1.04,1.08,0.40,0.20,0.17
t=82 field hdg=12.2 enc=9504;21510 xy=233;-71 want=145 str=1.57 l=2.00 r=-1.19 tick=706357 goal=0 here=0 d11=0.76 B=0.19,0.24,0.24,1.05,1.32,0.57,0.30,0.33,0.27,0.33,0.48,1.04,1.07,0.39,0.21,0.17
t=82 field hdg=9.5 enc=9505;21511 xy=234;-71 want=143 str=1.61 l=2.00 r=-1.17 tick=706377 goal=0 here=0 d11=0.76 B=0.19,0.24,0.22,1.08,1.32,0.56,0.31,0.34,0.26,0.34,0.47,1.04,1.02,0.41,0.21,0.16
t=82 field hdg=13.2 enc=9504;21514 xy=235;-71 want=142 str=1.66 l=2.00 r=-1.15 tick=706397 goal=0 here=0 d11=0.74 B=0.20,0.24,0.25,1.07,1.32,0.55,0.30,0.34,0.28,0.34,0.48,1.04,1.01,0.39,0.21,0.16
t=82 field hdg=17.6 enc=9506;21515 xy=236;-71 want=143 str=1.66 l=2.00 r=-1.17 tick=706416 goal=0 here=0 d11=0.75 B=0.20,0.23,0.24,1.08,1.31,0.55,0.31,0.33,0.27,0.34,0.48,1.04,1.02,0.41,0.20,0.17
t=82 field hdg=15.0 enc=9506;21514 xy=236;-71 want=158 str=1.13 l=2.00 r=-1.37 tick=706434 goal=0 here=0 d11=0.75 B=0.19,0.23,0.24,1.07,1.32,0.55,0.31,0.33,0.26,0.34,0.47,1.05,1.02,0.40,0.21,0.18
t=83 field hdg=12.4 enc=9506;21517 xy=237;-70 want=138 str=1.76 l=2.00 r=-1.11 tick=706453 goal=0 here=0 d11=0.76 B=0.19,0.23,0.24,1.07,1.32,0.56,0.32,0.34,0.27,0.34,0.47,1.04,0.85,0.40,0.20,0.17
t=83 field hdg=14.0 enc=9507;21517 xy=238;-70 want=140 str=1.79 l=2.00 r=-1.13 tick=706472 goal=0 here=0 d11=0.76 B=0.20,0.23,0.23,1.06,1.31,0.56,0.31,0.33,0.28,0.35,0.48,1.04,0.84,0.39,0.20,0.17
t=83 field hdg=11.7 enc=9509;21518 xy=239;-70 want=138 str=1.74 l=2.00 r=-1.10 tick=706491 goal=0 here=0 d11=0.76 B=0.21,0.23,0.24,1.07,1.32,0.55,0.31,0.33,0.27,0.35,0.47,1.04,0.84,0.41,0.20,0.16
t=83 field hdg=13.2 enc=9509;21518 xy=239;-70 want=151 str=1.34 l=2.00 r=-1.28 tick=706510 goal=0 here=0 d11=0.75 B=0.19,0.22,0.24,1.07,1.31,0.55,0.31,0.35,0.28,0.34,0.48,1.04,0.84,0.40,0.19,0.17
t=83 field hdg=10.9 enc=9510;21520 xy=241;-70 want=147 str=1.29 l=2.00 r=-1.23 tick=706531 goal=0 here=0 d11=0.74 B=0.19,0.24,0.25,1.08,1.30,0.54,0.31,0.34,0.27,0.35,0.49,1.04,0.83,0.40,0.20,0.16
t=83 field hdg=12.3 enc=9511;21522 xy=242;-69 want=142 str=1.70 l=2.00 r=-1.15 tick=706550 goal=0 here=0 d11=0.75 B=0.20,0.23,0.25,1.09,1.11,0.56,0.30,0.34,0.28,0.34,0.48,1.03,0.83,0.38,0.20,0.16
t=84 field hdg=12.6 enc=9511;21521 xy=242;-70 want=145 str=1.62 l=2.00 r=-1.19 tick=706569 goal=0 here=0 d11=0.75 B=0.20,0.24,0.23,1.07,1.11,0.56,0.32,0.35,0.28,0.35,0.49,1.06,0.82,0.39,0.20,0.17
t=84 field hdg=11.7 enc=9510;21523 xy=242;-69 want=145 str=1.71 l=2.00 r=-1.20 tick=706588 goal=0 here=0 d11=0.76 B=0.19,0.21,0.26,1.07,1.09,0.56,0.32,0.36,0.28,0.34,0.50,1.04,0.82,0.38,0.20,0.17
t=84 field hdg=14.3 enc=9510;21525 xy=243;-69 want=143 str=1.72 l=2.00 r=-1.18 tick=706606 goal=0 here=0 d11=0.76 B=0.19,0.23,0.24,1.08,1.06,0.55,0.31,0.35,0.27,0.35,0.47,1.01,0.79,0.37,0.20,0.15
t=84 field hdg=12.6 enc=9507;21526 xy=242;-69 want=157 str=1.32 l=2.00 r=-1.36 tick=706625 goal=0 here=0 d11=0.77 B=0.20,0.23,0.24,1.10,1.05,0.54,0.32,0.35,0.29,0.36,0.48,1.02,0.81,0.34,0.19,0.15
t=84 field hdg=10.0 enc=9506;21528 xy=243;-69 want=156 str=1.26 l=2.00 r=-1.33 tick=706646 goal=0 here=0 d11=0.76 B=0.21,0.21,0.24,1.12,1.04,0.54,0.31,0.33,0.27,0.36,0.49,1.02,0.79,0.35,0.19,0.16
t=85 field hdg=19.0 enc=9505;21531 xy=244;-69 want=131 str=1.38 l=2.00 r=-1.01 tick=706668 goal=0 here=0 d11=0.74 B=0.20,0.22,0.32,1.55,1.01,0.54,0.32,0.33,0.29,0.38,0.50,1.02,0.79,0.33,0.19,0.15
t=85 field hdg=13.8 enc=9504;21535 xy=245;-69 want=119 str=1.59 l=2.00 r=-0.84 tick=706687 goal=0 here=0 d11=0.76 B=0.20,0.22,0.38,1.97,0.98,0.53,0.31,0.32,0.30,0.38,0.51,1.02,0.77,0.32,0.19,0.17
t=85 field hdg=16.1 enc=9503;21535 xy=245;-69 want=118 str=1.57 l=2.00 r=-0.83 tick=706706 goal=0 here=0 d11=0.75 B=0.21,0.22,0.39,1.97,0.96,0.53,0.32,0.33,0.29,0.39,0.49,1.02,0.77,0.30,0.19,0.16
t=85 field hdg=14.6 enc=9503;21537 xy=246;-69 want=118 str=1.54 l=2.00 r=-0.82 tick=706724 goal=0 here=0 d11=0.77 B=0.21,0.22,0.39,1.97,0.94,0.52,0.33,0.33,0.28,0.40,0.50,1.02,0.77,0.29,0.19,0.15
t=85 field hdg=15.3 enc=9504;21540 xy=248;-68 want=116 str=1.49 l=2.00 r=-0.80 tick=706745 goal=0 here=0 d11=0.76 B=0.23,0.22,0.38,1.96,0.91,0.53,0.33,0.31,0.28,0.39,0.51,1.04,0.77,0.28,0.20,0.15
t=86 field hdg=18.5 enc=9505;21540 xy=248;-68 want=119 str=1.57 l=2.00 r=-0.83 tick=706765 goal=0 here=0 d11=0.75 B=0.21,0.23,0.39,1.96,0.91,0.53,0.31,0.31,0.29,0.40,0.51,1.04,0.77,0.27,0.20,0.15
t=86 field hdg=15.9 enc=9504;21544 xy=250;-67 want=118 str=1.55 l=2.00 r=-0.82 tick=706783 goal=0 here=0 d11=0.76 B=0.22,0.22,0.39,1.95,0.90,0.52,0.32,0.31,0.29,0.39,0.53,1.03,0.75,0.28,0.19,0.16
t=86 field hdg=18.3 enc=9504;21545 xy=250;-67 want=120 str=1.54 l=2.00 r=-0.85 tick=706802 goal=0 here=0 d11=0.74 B=0.22,0.22,0.39,1.95,0.87,0.51,0.31,0.32,0.29,0.40,0.53,1.04,0.75,0.28,0.19,0.16
t=86 field hdg=17.2 enc=9503;21548 xy=251;-67 want=118 str=1.72 l=2.00 r=-0.82 tick=706823 goal=0 here=0 d11=0.76 B=0.22,0.22,0.39,1.94,0.87,0.50,0.33,0.31,0.30,0.41,0.54,1.05,0.66,0.25,0.17,0.16
t=86 field hdg=19.0 enc=9505;21547 xy=251;-67 want=117 str=1.57 l=2.00 r=-0.79 tick=706842 goal=0 here=0 d11=0.77 B=0.23,0.22,0.39,1.94,0.86,0.50,0.31,0.32,0.30,0.41,0.54,1.05,0.65,0.27,0.20,0.16
t=87 field hdg=19.0 enc=9505;21549 xy=252;-66 want=115 str=1.63 l=2.00 r=-0.78 tick=706861 goal=0 here=0 d11=0.77 B=0.23,0.24,0.40,1.94,0.89,0.51,0.31,0.30,0.29,0.41,0.54,1.05,0.65,0.27,0.20,0.15
t=87 field hdg=18.5 enc=9507;21550 xy=254;-66 want=116 str=1.66 l=2.00 r=-0.79 tick=706880 goal=0 here=0 d11=0.75 B=0.23,0.22,0.41,1.95,0.86,0.52,0.31,0.31,0.29,0.41,0.55,1.05,0.65,0.25,0.18,0.16
t=87 field hdg=16.9 enc=9508;21551 xy=255;-66 want=119 str=1.65 l=2.00 r=-0.83 tick=706907 goal=0 here=0 d11=0.77 B=0.23,0.21,0.41,1.94,0.86,0.51,0.32,0.31,0.31,0.42,0.54,1.06,0.65,0.26,0.18,0.15
