=== explore start 1787926709.4377792
t=0.0 head 90.2 odo 689 lidar 1.24,0.49,0.29,0.22,0.26,0.24,0.36,0.62,3.00,0.68,0.32,0.27,0.26,0.27,0.39,0.70
t=5.1 head 274.9 odo 1685 lidar 2.99,0.55,0.40,0.30,0.27,0.34,0.37,1.00,1.01,0.51,0.27,0.20,0.19,0.20,0.34,0.77
t=10.1 head 97.4 odo 2715 lidar 1.09,0.64,0.40,0.28,0.25,0.33,0.41,0.94,2.66,0.40,0.31,0.22,0.21,0.26,0.34,0.63
t=15.2 head 268.1 odo 3771 lidar 2.99,0.63,0.44,0.28,0.30,0.30,0.46,0.83,0.90,0.97,0.23,0.24,0.20,0.21,0.25,0.58
t=20.2 head 93.4 odo 4774 lidar 1.13,0.68,0.40,0.27,0.25,0.36,0.44,0.92,3.00,0.42,0.29,0.24,0.19,0.21,0.36,0.63
t=25.3 head 275.2 odo 5864 lidar 3.00,0.54,0.35,0.29,0.26,0.32,0.36,0.70,0.99,0.55,0.33,0.21,0.22,0.20,0.37,0.74
t=30.3 head 93.8 odo 6843 lidar 1.25,0.77,0.36,0.27,0.31,0.30,0.39,0.82,3.00,0.59,0.26,0.23,0.24,0.24,0.26,0.46
t=35.3 head 277.7 odo 7854 lidar 3.00,0.52,0.38,0.30,0.27,0.33,0.36,0.76,1.01,0.53,0.32,0.22,0.19,0.23,0.36,0.75
t=40.3 head 97.0 odo 8864 lidar 1.12,0.69,0.40,0.28,0.25,0.33,0.45,0.92,2.57,0.41,0.28,0.24,0.22,0.22,0.35,0.66
t=45.4 head 279.7 odo 9912 lidar 2.73,0.53,0.37,0.29,0.27,0.34,0.36,0.99,1.03,0.55,0.31,0.19,0.21,0.21,0.33,0.74
t=50.4 head 103.6 odo 10957 lidar 1.11,0.41,0.34,0.27,0.24,0.35,0.50,1.47,0.87,0.35,0.28,0.19,0.20,0.29,0.36,1.07
=== explore2 start 1787926874.64632
t=0 pos 0.00,0.00 h=258 f=0.42 r=0.09 l=0.36 odo=16402 lid=0.42,2.06,0.66,0.49,0.36,0.41,0.37,0.63,0.98,0.96,0.18,0.17,0.09,0.10,0.11,0.16
t=1 pos 0.12,-0.57 h=302 f=0.83 r=0.11 l=0.33 odo=16740 lid=0.83,0.47,0.38,0.36,0.41,0.59,1.05,1.04,0.27,0.14,0.12,0.12,0.14,0.13,0.46,2.99
t=2 pos 0.43,-0.87 h=333 f=0.37 r=0.26 l=0.39 odo=16985 lid=0.37,0.31,0.30,0.42,0.63,1.07,1.10,0.34,0.20,0.17,0.16,0.28,0.36,1.19,1.13,0.46
t=3 pos 0.64,-1.00 h=333 f=0.30 r=0.29 l=0.32 odo=17128 lid=0.30,0.25,0.24,0.34,0.41,1.09,1.15,0.39,0.26,0.23,0.24,0.31,0.65,2.91,0.79,0.36
t=4 pos 0.93,-0.94 h=41 f=0.34 r=0.28 l=0.25 odo=17308 lid=0.34,0.42,1.09,1.17,0.40,0.27,0.21,0.22,0.31,0.64,2.35,0.81,0.36,0.30,0.26,0.24
=== explore2 start 1787926934.634333
t=0 pos 0.00,0.00 h=41 f=0.33 r=0.26 l=0.27 odo=17382 lid=0.33,0.38,1.06,1.12,0.40,0.30,0.26,0.28,0.34,0.70,3.00,0.77,0.34,0.28,0.21,0.20
t=1 pos 0.18,0.24 h=64 f=0.34 r=0.17 l=0.28 odo=17550 lid=0.34,1.01,1.13,0.39,0.35,0.30,0.30,0.40,0.77,3.00,0.48,0.31,0.22,0.19,0.17,0.28
t=2 pos 0.26,0.70 h=91 f=0.96 r=0.15 l=0.32 odo=17819 lid=0.96,1.04,0.49,0.36,0.32,0.35,0.47,0.85,3.00,0.42,0.23,0.17,0.18,0.21,0.22,0.46
t=3 pos 0.13,1.27 h=115 f=0.91 r=0.18 l=0.28 odo=18153 lid=0.91,0.45,0.26,0.30,0.29,0.39,0.96,3.00,0.49,0.27,0.23,0.22,0.18,0.35,0.46,0.88
t=4 pos -0.19,1.71 h=131 f=1.01 r=0.28 l=0.17 odo=18465 lid=1.01,0.27,0.20,0.19,0.29,0.43,2.68,0.83,0.40,0.34,0.21,0.31,0.35,0.65,0.75,0.77
t=5 pos -0.46,2.06 h=125 f=0.79 r=0.34 l=0.12 odo=18715 lid=0.79,0.16,0.18,0.16,0.12,0.28,0.52,1.59,0.63,0.45,0.34,0.37,0.40,0.66,0.68,0.63
t=6 pos -0.60,2.29 h=119 f=0.58 r=0.35 l=0.10 odo=18866 lid=0.58,0.79,0.13,0.11,0.13,0.16,0.18,3.00,0.87,0.55,0.44,0.38,0.42,0.64,0.62,0.56
t=7 pos -0.74,2.53 h=121 f=0.61 r=0.36 l=0.10 odo=19027 lid=0.61,0.75,0.10,0.11,0.14,0.17,0.19,2.42,0.80,0.46,0.45,0.40,0.47,0.61,0.54,0.54
t=8 pos -0.91,2.76 h=125 f=0.71 r=0.38 l=0.10 odo=19190 lid=0.71,0.13,0.10,0.11,0.16,0.16,0.42,1.71,0.67,0.41,0.44,0.41,0.51,0.56,0.47,0.55
t=10 pos -1.09,2.99 h=127 f=0.71 r=0.35 l=0.07 odo=19355 lid=0.71,0.11,0.09,0.07,0.15,0.16,0.43,1.70,0.68,0.41,0.45,0.38,0.52,0.56,0.48,0.55
t=11 pos -1.26,3.22 h=129 f=0.73 r=0.36 l=0.09 odo=19516 lid=0.73,0.11,0.08,0.10,0.16,0.17,0.56,1.44,0.65,0.41,0.45,0.39,0.57,0.56,0.51,0.54
t=12 pos -1.45,3.44 h=134 f=0.75 r=0.37 l=0.11 odo=19683 lid=0.75,0.10,0.10,0.12,0.15,0.17,0.60,1.36,0.62,0.43,0.43,0.40,0.56,0.55,0.50,0.55
t=13 pos -1.64,3.64 h=132 f=0.76 r=0.37 l=0.11 odo=19839 lid=0.76,0.10,0.09,0.12,0.14,0.16,0.61,1.35,0.62,0.41,0.41,0.40,0.58,0.58,0.51,0.53
t=14 pos -1.82,3.85 h=134 f=0.76 r=0.37 l=0.09 odo=19997 lid=0.76,0.10,0.11,0.10,0.15,0.17,0.62,1.32,0.62,0.42,0.41,0.40,0.59,0.55,0.49,0.54
t=15 pos -1.99,4.06 h=130 f=0.73 r=0.39 l=0.10 odo=20151 lid=0.73,0.11,0.07,0.10,0.16,0.16,0.59,1.40,0.63,0.41,0.43,0.42,0.56,0.56,0.50,0.53
t=16 pos -2.16,4.27 h=129 f=0.74 r=0.38 l=0.11 odo=20305 lid=0.74,0.12,0.08,0.12,0.16,0.17,0.56,1.43,0.64,0.42,0.44,0.41,0.57,0.55,0.48,0.52
t=17 pos -2.34,4.49 h=129 f=0.74 r=0.37 l=0.08 odo=20464 lid=0.74,0.10,0.09,0.09,0.14,0.16,0.53,1.44,0.64,0.41,0.41,0.40,0.55,0.55,0.49,0.54
t=18 pos -2.52,4.70 h=132 f=0.74 r=0.37 l=0.10 odo=20622 lid=0.74,0.11,0.09,0.11,0.13,0.17,0.56,1.43,0.64,0.43,0.45,0.40,0.56,0.55,0.48,0.54
t=19 pos -2.70,4.91 h=131 f=0.76 r=0.37 l=0.09 odo=20779 lid=0.76,0.12,0.09,0.10,0.14,0.16,0.61,1.35,0.65,0.42,0.43,0.41,0.57,0.55,0.50,0.53
t=20 pos -2.88,5.11 h=133 f=0.75 r=0.37 l=0.11 odo=20933 lid=0.75,0.11,0.07,0.12,0.15,0.16,0.60,1.39,0.63,0.40,0.44,0.40,0.59,0.54,0.50,0.55
t=21 pos -3.05,5.31 h=135 f=0.75 r=0.39 l=0.10 odo=21083 lid=0.75,0.11,0.08,0.10,0.15,0.17,0.61,1.36,0.62,0.42,0.41,0.42,0.56,0.57,0.50,0.53
t=22 pos -3.22,5.51 h=127 f=0.75 r=0.36 l=0.10 odo=21234 lid=0.75,0.09,0.09,0.11,0.16,0.17,0.58,1.40,0.64,0.42,0.42,0.39,0.54,0.55,0.49,0.54
t=23 pos -3.40,5.72 h=130 f=0.73 r=0.35 l=0.09 odo=21389 lid=0.73,0.12,0.10,0.10,0.14,0.15,0.55,1.42,0.66,0.42,0.42,0.38,0.53,0.54,0.49,0.53
t=24 pos -3.59,5.93 h=132 f=0.77 r=0.37 l=0.10 odo=21547 lid=0.77,0.09,0.09,0.11,0.14,0.16,0.59,1.36,0.62,0.41,0.42,0.40,0.56,0.55,0.51,0.52
t=25 pos -3.77,6.13 h=132 f=0.76 r=0.36 l=0.12 odo=21701 lid=0.76,0.11,0.10,0.13,0.15,0.16,0.62,1.35,0.61,0.41,0.43,0.39,0.58,0.57,0.49,0.53
t=26 pos -3.95,6.33 h=130 f=0.78 r=0.36 l=0.10 odo=21857 lid=0.78,0.10,0.10,0.11,0.15,0.18,0.62,1.35,0.60,0.40,0.41,0.39,0.56,0.56,0.50,0.55
t=27 pos -4.13,6.54 h=130 f=0.74 r=0.38 l=0.08 odo=22014 lid=0.74,0.11,0.10,0.08,0.15,0.18,0.61,1.36,0.63,0.43,0.43,0.41,0.57,0.58,0.50,0.52
t=28 pos -4.32,6.74 h=134 f=0.77 r=0.37 l=0.09 odo=22171 lid=0.77,0.10,0.08,0.10,0.16,0.17,1.27,1.33,0.59,0.40,0.42,0.40,0.58,0.58,0.50,0.53
t=29 pos -4.51,6.95 h=131 f=0.77 r=0.36 l=0.10 odo=22330 lid=0.77,0.09,0.09,0.11,0.14,0.17,0.59,1.36,0.62,0.41,0.42,0.39,0.57,0.55,0.51,0.52
t=30 pos -4.69,7.16 h=131 f=0.78 r=0.36 l=0.10 odo=22487 lid=0.78,0.09,0.08,0.10,0.15,0.17,0.62,1.37,0.63,0.43,0.42,0.39,0.57,0.55,0.50,0.54
t=31 pos -4.88,7.36 h=129 f=0.75 r=0.36 l=0.10 odo=22645 lid=0.75,0.09,0.10,0.11,0.15,0.18,0.61,1.35,0.60,0.40,0.41,0.39,0.59,0.56,0.52,0.54
t=32 pos -5.05,7.56 h=133 f=0.75 r=0.38 l=0.09 odo=22794 lid=0.75,0.11,0.10,0.10,0.15,0.15,0.61,1.37,0.61,0.40,0.43,0.41,0.56,0.56,0.51,0.52
t=33 pos -5.22,7.76 h=130 f=0.73 r=0.38 l=0.11 odo=22943 lid=0.73,0.12,0.09,0.12,0.15,0.15,0.56,1.39,0.64,0.37,0.44,0.41,0.57,0.53,0.48,0.54
t=35 pos -5.40,7.97 h=126 f=0.74 r=0.36 l=0.11 odo=23099 lid=0.74,0.12,0.09,0.11,0.15,0.15,0.45,1.66,0.65,0.43,0.44,0.39,0.54,0.58,0.49,0.56
t=36 pos -5.57,8.19 h=127 f=0.75 r=0.36 l=0.09 odo=23262 lid=0.75,0.11,0.10,0.10,0.14,0.17,0.58,1.38,0.64,0.41,0.42,0.40,0.56,0.55,0.50,0.54
t=37 pos -5.76,8.41 h=128 f=0.76 r=0.37 l=0.10 odo=23425 lid=0.76,0.12,0.11,0.11,0.14,0.15,0.59,1.37,0.62,0.43,0.44,0.40,0.57,0.55,0.50,0.55
t=38 pos -5.93,8.62 h=130 f=0.74 r=0.36 l=0.10 odo=23578 lid=0.74,0.11,0.10,0.11,0.15,0.17,0.59,1.37,0.64,0.40,0.44,0.39,0.57,0.55,0.51,0.53
t=39 pos -6.11,8.83 h=128 f=0.74 r=0.36 l=0.11 odo=23734 lid=0.74,0.09,0.07,0.12,0.15,0.17,0.53,1.42,0.65,0.42,0.42,0.39,0.55,0.54,0.49,0.54
t=40 pos -6.27,9.04 h=130 f=0.73 r=0.39 l=0.11 odo=23883 lid=0.73,0.10,0.09,0.12,0.16,0.18,0.54,1.42,0.63,0.41,0.43,0.42,0.55,0.53,0.51,0.53
t=41 pos -6.44,9.25 h=132 f=0.74 r=0.37 l=0.10 odo=24039 lid=0.74,0.10,0.09,0.11,0.15,0.17,0.56,1.39,0.62,0.43,0.43,0.40,0.57,0.54,0.50,0.54
t=42 pos -6.62,9.46 h=134 f=0.75 r=0.38 l=0.10 odo=24197 lid=0.75,0.09,0.09,0.10,0.15,0.17,0.59,1.36,0.64,0.41,0.43,0.41,0.57,0.54,0.50,0.55
t=43 pos -6.81,9.68 h=136 f=0.76 r=0.37 l=0.10 odo=24359 lid=0.76,0.12,0.09,0.11,0.16,0.17,1.26,1.31,0.62,0.41,0.43,0.40,0.58,0.58,0.51,0.54
t=44 pos -7.00,9.88 h=132 f=0.78 r=0.37 l=0.12 odo=24514 lid=0.78,0.12,0.09,0.13,0.14,0.18,0.62,1.35,0.61,0.39,0.44,0.40,0.57,0.58,0.49,0.55
t=45 pos -7.17,10.09 h=131 f=0.77 r=0.36 l=0.10 odo=24670 lid=0.77,0.12,0.08,0.11,0.16,0.15,0.58,1.39,0.62,0.41,0.42,0.39,0.57,0.55,0.51,0.53
t=46 pos -7.35,10.30 h=126 f=0.75 r=0.36 l=0.10 odo=24828 lid=0.75,0.11,0.09,0.11,0.15,0.16,0.55,1.42,0.64,0.41,0.44,0.39,0.56,0.55,0.50,0.53
t=47 pos -7.54,10.52 h=133 f=0.76 r=0.37 l=0.11 odo=24990 lid=0.76,0.10,0.09,0.12,0.15,0.17,0.58,1.38,0.61,0.43,0.43,0.40,0.58,0.56,0.50,0.54
t=48 pos -7.72,10.73 h=126 f=0.73 r=0.36 l=0.10 odo=25152 lid=0.73,0.10,0.08,0.11,0.14,0.15,0.56,1.44,0.65,0.40,0.43,0.39,0.54,0.55,0.50,0.52
t=49 pos -7.89,10.95 h=131 f=0.73 r=0.37 l=0.11 odo=25309 lid=0.73,0.11,0.09,0.11,0.14,0.17,0.56,1.41,0.63,0.40,0.41,0.40,0.56,0.57,0.50,0.54
t=50 pos -8.07,11.15 h=129 f=0.76 r=0.38 l=0.11 odo=25462 lid=0.76,0.11,0.10,0.12,0.14,0.17,0.59,1.36,0.64,0.43,0.44,0.41,0.58,0.57,0.50,0.54
t=51 pos -8.26,11.37 h=134 f=0.75 r=0.35 l=0.09 odo=25625 lid=0.75,0.09,0.08,0.09,0.16,0.18,0.61,1.33,0.64,0.41,0.41,0.38,0.59,0.57,0.50,0.52
t=52 pos -8.44,11.57 h=130 f=0.77 r=0.38 l=0.12 odo=25780 lid=0.77,0.12,0.10,0.12,0.15,0.17,1.27,1.31,0.60,0.40,0.42,0.41,0.59,0.57,0.51,0.53
t=53 pos -8.63,11.78 h=132 f=0.76 r=0.36 l=0.08 odo=25940 lid=0.76,0.11,0.10,0.09,0.15,0.15,1.25,1.34,0.60,0.40,0.41,0.39,0.60,0.56,0.53,0.54
t=54 pos -8.81,11.98 h=131 f=0.76 r=0.36 l=0.10 odo=26093 lid=0.76,0.11,0.09,0.11,0.15,0.16,0.59,1.38,0.61,0.42,0.41,0.39,0.59,0.58,0.49,0.52
t=55 pos -8.98,12.18 h=132 f=0.74 r=0.38 l=0.11 odo=26244 lid=0.74,0.10,0.09,0.12,0.14,0.16,0.62,1.34,0.60,0.41,0.44,0.41,0.57,0.55,0.51,0.56
t=56 pos -9.17,12.39 h=132 f=0.78 r=0.37 l=0.09 odo=26400 lid=0.78,0.10,0.12,0.10,0.15,0.17,1.29,1.32,0.59,0.41,0.43,0.40,0.59,0.56,0.52,0.53
t=58 pos -9.34,12.58 h=128 f=0.77 r=0.36 l=0.12 odo=26551 lid=0.77,0.09,0.09,0.13,0.17,0.17,0.60,1.36,0.63,0.41,0.44,0.40,0.58,0.58,0.50,0.54
t=59 pos -9.52,12.79 h=129 f=0.76 r=0.36 l=0.10 odo=26706 lid=0.76,0.11,0.11,0.11,0.14,0.16,0.60,1.38,0.60,0.41,0.41,0.39,0.56,0.56,0.50,0.54
t=60 pos -9.68,12.98 h=132 f=0.74 r=0.38 l=0.11 odo=26846 lid=0.74,0.12,0.07,0.12,0.15,0.18,0.57,1.39,0.64,0.41,0.40,0.41,0.59,0.53,0.50,0.53
t=61 pos -9.86,13.20 h=132 f=0.75 r=0.36 l=0.11 odo=27011 lid=0.75,0.10,0.08,0.12,0.16,0.16,0.56,1.43,0.63,0.41,0.43,0.39,0.53,0.55,0.50,0.53
t=62 pos -10.03,13.41 h=129 f=0.74 r=0.38 l=0.10 odo=27165 lid=0.74,0.11,0.08,0.11,0.14,0.16,0.59,1.38,0.65,0.41,0.41,0.41,0.58,0.55,0.49,0.54
t=63 pos -10.22,13.63 h=132 f=0.77 r=0.37 l=0.10 odo=27330 lid=0.77,0.10,0.10,0.11,0.15,0.16,0.60,1.36,0.62,0.40,0.41,0.40,0.58,0.55,0.51,0.55
t=64 pos -10.40,13.83 h=132 f=0.74 r=0.36 l=0.11 odo=27480 lid=0.74,0.12,0.08,0.12,0.17,0.17,0.62,1.36,0.61,0.41,0.42,0.39,0.58,0.57,0.51,0.54
t=65 pos -10.58,14.03 h=127 f=0.75 r=0.37 l=0.10 odo=27632 lid=0.75,0.09,0.08,0.10,0.15,0.17,1.26,1.34,0.62,0.41,0.43,0.40,0.61,0.58,0.51,0.51
t=66 pos -10.76,14.23 h=132 f=0.76 r=0.36 l=0.10 odo=27789 lid=0.76,0.13,0.09,0.11,0.14,0.18,0.62,1.35,0.62,0.41,0.41,0.39,0.60,0.55,0.50,0.53
t=67 pos -10.95,14.44 h=131 f=0.77 r=0.37 l=0.08 odo=27949 lid=0.77,0.11,0.08,0.09,0.17,0.16,0.59,1.37,0.62,0.41,0.43,0.40,0.57,0.55,0.52,0.52
t=68 pos -11.14,14.66 h=130 f=0.76 r=0.36 l=0.09 odo=28111 lid=0.76,0.10,0.09,0.10,0.16,0.18,0.59,1.37,0.63,0.40,0.41,0.40,0.57,0.55,0.49,0.53
t=69 pos -11.32,14.86 h=130 f=0.79 r=0.36 l=0.11 odo=28266 lid=0.79,0.10,0.10,0.12,0.16,0.16,1.26,1.33,0.61,0.41,0.41,0.39,0.58,0.57,0.52,0.54
t=70 pos -11.51,15.07 h=135 f=0.78 r=0.36 l=0.10 odo=28429 lid=0.78,0.10,0.10,0.11,0.16,0.16,1.26,1.32,0.61,0.41,0.42,0.39,0.59,0.57,0.52,0.53
t=71 pos -11.70,15.28 h=133 f=0.76 r=0.36 l=0.10 odo=28585 lid=0.76,0.10,0.09,0.11,0.15,0.18,0.60,1.37,0.61,0.41,0.41,0.39,0.58,0.54,0.48,0.54
t=72 pos -11.89,15.50 h=130 f=0.77 r=0.37 l=0.11 odo=28753 lid=0.77,0.10,0.09,0.12,0.14,0.18,1.29,1.30,0.61,0.39,0.41,0.40,0.59,0.57,0.51,0.55
t=73 pos -12.06,15.69 h=132 f=0.76 r=0.37 l=0.11 odo=28900 lid=0.76,0.10,0.09,0.12,0.15,0.19,0.60,1.35,0.62,0.42,0.42,0.40,0.58,0.56,0.50,0.52
t=74 pos -12.25,15.90 h=128 f=0.75 r=0.37 l=0.10 odo=29059 lid=0.75,0.10,0.08,0.11,0.16,0.16,1.27,1.33,0.61,0.41,0.41,0.40,0.59,0.58,0.50,0.51
t=75 pos -12.44,16.11 h=131 f=0.77 r=0.36 l=0.10 odo=29221 lid=0.77,0.09,0.10,0.11,0.14,0.16,1.26,1.33,0.61,0.43,0.43,0.40,0.57,0.56,0.49,0.54
t=76 pos -12.62,16.30 h=132 f=0.76 r=0.37 l=0.11 odo=29370 lid=0.76,0.10,0.10,0.12,0.16,0.17,0.58,1.35,0.61,0.42,0.42,0.40,0.59,0.56,0.49,0.53
t=77 pos -12.80,16.51 h=131 f=0.78 r=0.38 l=0.10 odo=29527 lid=0.78,0.10,0.10,0.11,0.17,0.18,1.26,1.33,0.62,0.43,0.42,0.41,0.58,0.55,0.52,0.55
t=78 pos -12.98,16.72 h=131 f=0.77 r=0.37 l=0.11 odo=29684 lid=0.77,0.11,0.09,0.12,0.15,0.17,0.60,1.37,0.63,0.41,0.41,0.40,0.58,0.55,0.50,0.55
t=79 pos -13.16,16.93 h=129 f=0.76 r=0.37 l=0.10 odo=29841 lid=0.76,0.10,0.09,0.10,0.16,0.16,0.56,1.40,0.66,0.41,0.41,0.40,0.54,0.55,0.51,0.52
t=81 pos -13.34,17.15 h=131 f=0.73 r=0.35 l=0.10 odo=30004 lid=0.73,0.10,0.07,0.11,0.16,0.17,0.55,1.42,0.63,0.41,0.42,0.38,0.57,0.56,0.50,0.53
t=82 pos -13.53,17.36 h=132 f=0.76 r=0.38 l=0.10 odo=30165 lid=0.76,0.12,0.09,0.11,0.15,0.17,0.63,1.34,0.62,0.41,0.42,0.41,0.57,0.56,0.50,0.52
t=83 pos -13.71,17.57 h=128 f=0.76 r=0.37 l=0.09 odo=30318 lid=0.76,0.10,0.09,0.10,0.15,0.17,0.59,1.40,0.64,0.41,0.41,0.40,0.58,0.56,0.49,0.54
=== ex3 start 1787927041.4395947
t=0 pos -0.00,-0.01 h=247 f=0.10 r=0.08 l=0.40 odo=34256 lid=0.10,0.52,1.31,0.63,0.44,0.44,0.44,0.62,0.63,0.60,0.60,0.09,0.11,0.09,0.09,0.10
t=1 pos 0.06,-0.45 h=291 f=1.22 r=0.08 l=0.42 odo=34514 lid=1.22,0.57,0.40,0.45,0.44,0.63,0.65,0.62,0.63,0.13,0.10,0.11,0.09,0.09,0.10,2.98
t=2 pos 0.44,-0.81 h=338 f=0.40 r=0.15 l=0.40 odo=34816 lid=0.40,0.33,0.38,0.43,0.71,0.64,0.70,0.22,0.18,0.10,0.09,0.16,0.29,3.00,0.91,0.48
t=3 pos 0.72,-0.83 h=10 f=0.34 r=0.60 l=0.62 odo=34982 lid=0.34,0.36,0.47,0.67,0.69,0.75,0.25,0.20,0.14,0.15,0.28,0.65,2.43,0.66,0.42,0.28
t=4 pos 0.91,-0.79 h=17 f=0.31 r=0.39 l=0.64 odo=35092 lid=0.31,0.32,0.62,0.70,0.71,0.93,0.27,0.24,0.19,0.30,0.42,1.61,0.92,0.42,0.32,0.24
t=5 pos 1.15,-0.57 h=51 f=0.32 r=0.19 l=0.25 odo=35275 lid=0.32,0.64,0.65,0.71,1.01,0.27,0.26,0.25,0.37,0.76,2.48,0.49,0.35,0.21,0.25,0.26
t=6 pos 1.32,-0.29 h=62 f=0.50 r=0.21 l=0.30 odo=35467 lid=0.50,0.55,0.57,0.70,0.93,0.33,0.30,0.40,0.58,2.98,0.73,0.22,0.21,0.23,0.21,0.24
t=7 pos 1.43,0.07 h=84 f=0.47 r=0.17 l=0.31 odo=35680 lid=0.47,0.48,0.61,0.96,0.85,0.34,0.33,0.56,2.07,0.79,0.24,0.24,0.20,0.18,0.18,0.41
t=8 pos 1.39,0.45 h=109 f=0.42 r=0.14 l=0.33 odo=35900 lid=0.42,0.55,0.92,0.81,0.33,0.39,0.66,2.98,0.57,0.29,0.19,0.15,0.17,0.19,0.43,0.38
t=9 pos 1.16,0.77 h=134 f=0.48 r=0.20 l=0.28 odo=36126 lid=0.48,0.86,0.79,0.30,0.41,0.65,3.00,0.62,0.37,0.23,0.18,0.21,0.37,0.34,0.41,0.36
t=10 pos 0.96,0.96 h=133 f=0.41 r=0.28 l=0.32 odo=36283 lid=0.41,0.79,0.70,1.35,0.32,0.46,2.99,0.74,0.43,0.25,0.25,0.34,0.39,0.30,0.31,0.34
t=11 pos 0.80,1.14 h=130 f=0.30 r=0.28 l=0.35 odo=36419 lid=0.30,0.60,0.71,0.71,1.45,0.38,1.50,1.18,0.52,0.35,0.30,0.40,0.39,0.31,0.22,0.27
t=13 pos 0.53,1.32 h=156 f=0.60 r=0.16 l=0.30 odo=36606 lid=0.60,0.65,0.67,1.44,0.30,1.57,1.18,0.58,0.37,0.38,0.41,0.30,0.26,0.17,0.22,0.27
t=14 pos 0.16,1.41 h=176 f=0.57 r=0.18 l=0.47 odo=36825 lid=0.57,0.57,1.37,0.91,0.47,1.38,0.67,0.48,0.48,0.48,0.32,0.19,0.21,0.20,0.22,0.51
t=15 pos -0.20,1.37 h=199 f=0.47 r=0.18 l=0.78 odo=37032 lid=0.47,1.25,0.91,0.85,2.00,0.89,0.61,0.53,0.57,0.23,0.22,0.22,0.18,0.19,0.47,0.50
t=16 pos -0.54,1.19 h=216 f=1.08 r=0.21 l=0.36 odo=37252 lid=1.08,1.59,0.75,0.39,1.04,0.75,0.55,0.63,0.33,0.29,0.22,0.22,0.32,0.48,0.44,0.40
t=17 pos -0.91,0.89 h=214 f=0.96 r=0.34 l=0.24 odo=37521 lid=0.96,1.35,0.70,0.71,0.35,0.26,0.72,0.76,0.63,0.39,0.30,0.36,0.45,0.38,0.26,0.30
t=18 pos -1.21,0.69 h=213 f=0.85 r=0.21 l=0.32 odo=37728 lid=0.85,1.21,0.62,0.64,0.58,0.35,0.85,0.81,0.73,0.47,0.36,0.44,0.39,0.22,0.19,0.22
t=19 pos -1.63,0.25 h=240 f=1.15 r=0.11 l=0.38 odo=38078 lid=1.15,0.52,0.51,0.63,0.52,0.41,0.95,0.72,0.52,0.51,0.44,0.15,0.14,0.12,0.61,0.76
t=20 pos -1.74,-0.29 h=280 f=0.43 r=0.35 l=0.43 odo=38394 lid=0.43,0.49,0.56,0.50,0.43,1.09,0.75,0.63,0.60,0.19,0.12,0.38,0.60,0.64,0.94,1.50
t=21 pos -1.74,-0.47 h=261 f=0.35 r=0.33 l=0.40 odo=38502 lid=0.35,0.36,0.44,0.51,0.49,0.43,1.03,0.78,0.71,0.30,0.19,0.36,0.59,0.62,0.72,1.04
t=22 pos -1.83,-0.74 h=246 f=1.03 r=0.33 l=0.25 odo=38664 lid=1.03,0.24,0.27,0.27,0.56,0.49,0.46,1.07,0.79,0.83,0.28,0.36,0.52,0.60,0.59,0.68
t=23 pos -2.00,-0.98 h=226 f=0.65 r=0.32 l=0.15 odo=38828 lid=0.65,0.96,0.42,0.17,0.23,0.31,0.53,0.54,1.18,0.89,0.34,0.35,0.47,0.55,0.48,0.51
t=24 pos -2.18,-1.13 h=215 f=0.47 r=0.36 l=0.13 odo=38964 lid=0.47,0.71,1.15,0.35,0.13,0.22,0.54,0.64,0.71,1.07,0.40,0.39,0.46,0.50,0.43,0.44
t=25 pos -2.35,-1.23 h=198 f=0.36 r=0.41 l=0.28 odo=39075 lid=0.36,0.38,0.64,1.13,1.65,0.31,0.17,0.35,0.74,1.47,1.04,0.44,0.47,0.52,0.46,0.31
t=26 pos -2.51,-1.24 h=192 f=0.30 r=0.40 l=0.34 odo=39169 lid=0.30,0.32,0.51,1.09,1.10,0.37,0.24,0.37,0.78,1.49,1.07,0.43,0.46,0.50,0.38,0.28
t=27 pos -2.73,-1.39 h=226 f=0.35 r=0.25 l=0.20 odo=39320 lid=0.35,0.66,1.06,0.58,0.35,0.22,0.76,0.79,1.25,0.46,0.47,0.48,0.43,0.27,0.29,0.30
t=28 pos -2.89,-1.64 h=245 f=0.48 r=0.23 l=0.24 odo=39492 lid=0.48,1.02,1.03,0.36,0.32,0.26,0.87,1.52,1.13,0.52,0.51,0.41,0.23,0.25,0.23,0.26
t=29 pos -3.01,-1.93 h=252 f=0.51 r=0.19 l=0.27 odo=39671 lid=0.51,0.93,1.63,0.34,0.35,0.29,0.90,1.38,0.58,0.57,0.47,0.24,0.22,0.20,0.20,0.30
t=30 pos -3.03,-2.42 h=281 f=0.83 r=0.14 l=0.27 odo=39949 lid=0.83,1.53,0.39,0.30,0.34,0.36,1.46,0.68,0.66,0.36,0.26,0.16,0.14,0.23,0.31,0.47
t=31 pos -2.84,-2.86 h=302 f=1.41 r=0.22 l=0.25 odo=40224 lid=1.41,0.36,0.23,0.27,0.34,1.53,0.79,0.76,0.44,0.25,0.20,0.23,0.24,0.34,0.72,0.69
t=32 pos -2.57,-3.26 h=304 f=1.25 r=0.28 l=0.16 odo=40498 lid=1.25,0.25,0.22,0.17,0.19,0.37,0.88,0.88,0.53,0.31,0.32,0.30,0.34,0.37,0.66,0.58
t=33 pos -2.29,-3.63 h=308 f=1.09 r=0.33 l=0.13 odo=40764 lid=1.09,0.74,0.14,0.14,0.15,0.16,1.54,1.00,0.65,0.44,0.37,0.36,0.35,0.60,0.51,0.51
t=34 pos -1.97,-3.98 h=314 f=0.77 r=0.35 l=0.09 odo=41031 lid=0.77,0.62,0.55,0.64,0.09,0.17,1.06,1.10,0.57,0.46,0.40,0.38,0.56,0.47,0.39,1.01
t=35 pos -1.82,-4.17 h=299 f=0.95 r=0.36 l=0.42 odo=41172 lid=0.95,0.68,0.56,0.46,0.56,0.80,0.72,0.28,1.15,0.65,0.50,0.39,0.53,0.50,0.30,0.32
t=37 pos -1.77,-4.38 h=281 f=0.75 r=0.42 l=0.43 odo=41294 lid=0.75,0.89,0.60,0.50,0.43,0.59,0.86,0.82,0.42,0.99,0.65,0.45,0.46,0.52,0.29,0.23
t=38 pos -1.75,-4.54 h=280 f=0.68 r=0.41 l=0.44 odo=41386 lid=0.68,0.84,0.58,0.48,0.44,0.57,0.86,0.85,0.44,1.02,0.66,0.44,0.51,0.46,0.22,0.18
t=39 pos -1.69,-4.74 h=295 f=0.74 r=0.16 l=0.45 odo=41508 lid=0.74,0.73,0.53,0.51,0.45,0.67,0.91,0.83,1.41,0.79,0.50,0.48,0.51,0.17,0.15,0.14
t=40 pos -1.40,-5.09 h=329 f=0.46 r=0.11 l=0.44 odo=41773 lid=0.46,0.40,0.46,0.48,0.75,0.94,0.59,1.01,0.66,0.53,0.50,0.13,0.11,0.61,0.63,0.73
t=41 pos -1.19,-5.19 h=318 f=0.49 r=0.53 l=0.37 odo=41903 lid=0.49,0.39,0.34,0.40,0.62,1.00,0.94,1.48,0.87,0.61,0.62,1.28,0.74,0.57,0.55,0.64
t=42 pos -1.10,-5.32 h=292 f=0.56 r=0.35 l=0.28 odo=41995 lid=0.56,0.48,0.31,0.30,0.32,0.38,0.76,1.04,0.55,1.01,0.67,0.38,1.46,0.71,0.52,0.47
t=43 pos -1.07,-5.50 h=270 f=0.41 r=0.31 l=0.24 odo=42102 lid=0.41,0.46,0.43,0.26,0.30,0.31,0.43,0.82,1.12,1.69,1.03,0.34,2.24,1.07,0.62,0.40
t=44 pos -1.09,-5.73 h=271 f=0.33 r=0.39 l=0.26 odo=42228 lid=0.33,0.40,0.45,0.37,0.26,0.34,0.48,0.83,1.20,1.78,1.11,0.43,2.26,1.04,0.53,0.34
t=45 pos -1.07,-5.88 h=271 f=0.30 r=0.44 l=0.26 odo=42317 lid=0.30,0.35,0.42,0.36,0.26,0.33,0.42,0.75,1.24,1.80,0.29,0.48,2.26,0.83,0.47,0.29
t=46 pos -1.02,-6.07 h=285 f=0.31 r=0.48 l=0.24 odo=42429 lid=0.31,0.35,0.35,0.35,0.24,0.36,0.56,1.25,1.02,0.33,0.46,1.35,1.07,0.52,0.28,0.26
t=47 pos -0.89,-6.29 h=312 f=0.33 r=0.21 l=0.24 odo=42578 lid=0.33,0.31,0.30,0.26,0.37,0.58,1.29,1.86,0.40,0.57,2.26,0.61,0.33,0.23,0.22,0.29
t=48 pos -0.62,-6.43 h=1 f=0.31 r=0.19 l=0.56 odo=42758 lid=0.31,0.24,0.36,0.60,1.31,1.89,0.44,0.59,2.21,0.60,0.28,0.21,0.23,0.26,0.31,0.30
t=49 pos -0.37,-6.28 h=43 f=0.33 r=0.25 l=0.37 odo=42925 lid=0.33,0.57,1.24,0.80,0.37,0.55,2.33,0.66,0.33,0.23,0.28,0.29,0.32,0.27,0.27,0.20
t=50 pos -0.19,-6.03 h=63 f=0.46 r=0.18 l=0.52 odo=43100 lid=0.46,1.21,1.04,1.26,0.52,2.85,1.11,0.43,0.31,0.30,0.31,0.35,0.27,0.20,0.16,0.27
t=51 pos -0.10,-5.59 h=89 f=1.09 r=0.14 l=0.31 odo=43358 lid=1.09,0.97,1.21,0.33,2.33,1.18,0.55,0.40,0.41,0.39,0.32,0.15,0.16,0.20,0.23,0.40
t=52 pos -0.21,-5.05 h=111 f=0.85 r=0.18 l=0.45 odo=43679 lid=0.85,1.13,0.80,0.49,1.51,0.76,0.51,0.53,0.52,0.24,0.23,0.19,0.19,0.32,0.35,0.97
t=53 pos -0.44,-4.67 h=127 f=1.41 r=0.28 l=0.27 odo=43930 lid=1.41,0.89,0.70,0.29,1.16,0.75,0.57,0.65,0.52,0.32,0.25,0.30,0.28,0.48,0.90,0.94
t=54 pos -0.60,-4.40 h=121 f=0.40 r=0.29 l=0.31 odo=44105 lid=0.40,0.88,0.64,0.68,0.31,0.86,0.68,0.71,0.67,0.41,0.30,0.34,0.29,0.47,0.85,0.82
t=55 pos -0.68,-4.20 h=108 f=0.56 r=0.31 l=0.29 odo=44233 lid=0.56,1.03,0.75,0.58,0.67,0.31,0.87,0.71,0.80,0.48,0.37,0.36,0.31,0.45,0.84,0.78
t=56 pos -0.73,-3.99 h=95 f=0.65 r=0.30 l=0.57 odo=44353 lid=0.65,0.41,0.77,0.68,0.57,0.69,0.38,0.86,0.85,0.79,0.43,0.38,0.30,0.40,0.52,0.69
t=57 pos -0.73,-3.79 h=83 f=0.67 r=0.31 l=0.16 odo=44470 lid=0.67,0.45,0.32,0.17,0.64,0.59,0.69,0.42,0.91,0.94,0.61,0.45,0.31,0.38,0.48,0.69
t=58 pos -0.68,-3.55 h=73 f=0.53 r=0.30 l=0.15 odo=44608 lid=0.53,0.50,0.34,0.28,0.15,0.62,0.73,0.66,0.49,1.01,0.69,0.47,0.33,0.33,0.39,0.56
t=60 pos -0.59,-3.31 h=68 f=0.43 r=0.27 l=0.17 odo=44753 lid=0.43,0.45,0.48,0.27,0.26,0.18,0.66,0.82,0.58,1.05,0.72,0.35,0.34,0.30,0.34,0.47
t=61 pos -0.49,-3.09 h=63 f=0.41 r=0.28 l=0.25 odo=44893 lid=0.41,0.40,0.36,0.32,0.28,0.27,0.21,0.93,0.67,1.11,0.81,0.36,0.32,0.30,0.28,0.41
t=62 pos -0.36,-2.84 h=63 f=0.34 r=0.23 l=0.28 odo=45051 lid=0.34,0.31,0.32,0.39,0.29,0.30,0.30,0.34,0.76,1.19,0.83,0.37,0.28,0.25,0.23,0.35
t=63 pos -0.32,-2.55 h=107 f=0.30 r=0.21 l=0.28 odo=45224 lid=0.30,0.32,0.30,0.30,0.33,0.32,0.79,1.20,0.89,0.37,0.28,0.22,0.23,0.32,0.29,0.26
t=64 pos -0.52,-2.32 h=139 f=0.38 r=0.23 l=0.29 odo=45402 lid=0.38,0.23,0.28,0.31,0.35,0.79,1.29,0.47,0.34,0.28,0.24,0.33,0.34,0.25,0.28,0.26
t=65 pos -0.80,-2.19 h=179 f=0.23 r=0.21 l=0.66 odo=45583 lid=0.23,0.28,0.32,0.79,1.28,0.71,0.43,0.32,0.28,0.33,0.30,0.23,0.24,0.24,0.33,0.20
t=66 pos -1.07,-2.41 h=237 f=0.94 r=0.19 l=0.27 odo=45789 lid=0.94,1.24,1.29,0.46,0.36,0.29,0.32,0.40,0.27,0.26,0.26,0.30,0.22,0.21,0.27,0.27
t=67 pos -1.24,-2.79 h=254 f=0.67 r=0.18 l=0.30 odo=46027 lid=0.67,1.21,0.69,0.43,0.36,0.32,0.41,0.42,0.39,0.33,0.40,0.21,0.22,0.20,0.20,0.88
t=68 pos -1.27,-3.28 h=279 f=1.09 r=0.16 l=0.33 odo=46305 lid=1.09,0.75,0.35,0.36,0.36,0.36,0.57,0.47,0.42,0.29,0.26,0.19,0.16,0.66,0.77,0.54
t=69 pos -1.14,-3.71 h=288 f=0.96 r=0.62 l=0.28 odo=46566 lid=0.96,0.51,0.30,0.30,0.32,0.41,0.65,0.58,0.55,0.38,0.23,0.69,0.62,0.76,0.48,0.93
t=70 pos -1.14,-3.92 h=259 f=0.84 r=0.21 l=0.26 odo=46684 lid=0.84,0.90,0.54,0.38,0.26,0.29,0.38,0.64,0.63,0.67,0.43,0.22,0.68,0.64,0.68,0.39
t=71 pos -1.23,-4.17 h=239 f=0.85 r=0.55 l=0.26 odo=46836 lid=0.85,0.75,0.84,0.45,0.38,0.28,0.37,0.53,0.77,0.72,0.50,0.86,0.69,0.59,0.67,0.33
t=72 pos -1.31,-4.35 h=243 f=0.83 r=0.51 l=0.37 odo=46951 lid=0.83,0.66,0.79,0.51,0.39,0.40,0.33,0.49,0.88,0.79,0.39,0.94,0.67,0.55,0.64,0.26
t=73 pos -1.37,-4.51 h=245 f=0.17 r=0.51 l=0.36 odo=47046 lid=0.17,0.66,0.74,0.66,0.44,0.39,0.38,0.53,0.91,0.85,0.35,0.89,0.66,0.55,0.58,0.20
t=74 pos -1.42,-4.64 h=249 f=0.72 r=0.54 l=0.38 odo=47128 lid=0.72,0.61,0.71,0.61,0.44,0.41,0.39,0.61,0.91,0.84,1.48,0.83,0.55,0.58,0.23,0.16
t=75 pos -1.45,-4.73 h=238 f=0.10 r=0.50 l=0.39 odo=47178 lid=0.10,0.60,0.58,0.72,0.47,0.42,0.47,0.44,0.75,0.95,0.53,1.05,0.66,0.54,0.19,0.13
t=76 pos -1.51,-4.87 h=246 f=0.09 r=0.51 l=0.36 odo=47262 lid=0.09,0.58,0.66,0.64,0.48,0.39,0.44,0.57,1.00,0.91,1.47,0.85,0.54,0.56,0.16,0.11
t=77 pos -1.56,-5.02 h=252 f=0.67 r=0.50 l=0.40 odo=47354 lid=0.67,0.56,0.69,0.65,0.47,0.43,0.43,0.62,0.95,0.91,1.39,0.78,0.50,0.55,0.15,0.10
t=78 pos -1.60,-5.13 h=246 f=0.08 r=0.51 l=0.40 odo=47419 lid=0.08,0.57,0.69,0.65,0.48,0.43,0.45,0.61,0.97,0.90,1.51,0.83,0.53,0.55,0.16,0.09
RECOVER at t=79
t=81 pos -1.68,-5.10 h=292 f=0.77 r=0.23 l=0.35 odo=47399 lid=0.77,0.49,0.39,0.40,0.35,0.59,0.84,0.80,0.31,0.84,0.62,0.83,0.57,0.25,0.80,0.65
t=82 pos -1.50,-5.37 h=310 f=0.61 r=0.20 l=0.34 odo=47585 lid=0.61,0.42,0.34,0.36,0.41,0.67,0.89,0.64,1.12,0.73,0.60,0.59,0.20,0.78,0.63,0.68
t=83 pos -1.28,-5.59 h=315 f=0.34 r=0.57 l=0.31 odo=47763 lid=0.34,0.32,0.29,0.33,0.36,0.92,0.92,0.48,0.95,0.67,0.69,1.50,0.80,0.62,0.59,0.64
t=84 pos -1.17,-5.75 h=295 f=0.59 r=0.46 l=0.18 odo=47873 lid=0.59,0.27,0.27,0.20,0.32,0.32,0.71,1.02,0.56,1.02,0.71,0.50,1.19,0.76,0.51,0.55
t=85 pos -1.14,-5.92 h=270 f=0.46 r=0.71 l=0.19 odo=47969 lid=0.46,0.47,0.40,0.21,0.25,0.23,0.38,0.43,1.06,0.87,1.11,0.77,1.69,1.18,0.68,0.44
t=86 pos -1.20,-6.04 h=238 f=0.39 r=0.30 l=0.19 odo=48049 lid=0.39,0.34,0.40,0.43,0.35,0.21,0.28,0.31,0.46,1.17,1.03,1.34,0.30,0.76,1.50,0.65
t=87 pos -1.34,-6.20 h=225 f=0.48 r=0.32 l=0.32 odo=48168 lid=0.48,0.29,0.29,0.35,0.37,0.36,0.28,0.34,0.40,0.56,1.23,1.77,0.32,0.45,2.23,0.98
t=88 pos -1.50,-6.32 h=207 f=0.50 r=0.32 l=0.19 odo=48280 lid=0.50,0.31,0.22,0.21,0.30,0.40,0.40,0.35,0.40,0.59,1.30,1.09,0.32,0.42,0.77,2.17
t=89 pos -1.76,-6.41 h=192 f=0.87 r=0.33 l=0.19 odo=48437 lid=0.87,0.38,0.27,0.20,0.19,0.26,0.45,0.50,0.43,0.56,0.91,1.34,0.33,0.38,0.48,2.60
t=90 pos -2.12,-6.44 h=179 f=1.96 r=0.29 l=0.20 odo=48646 lid=1.96,0.70,0.32,0.26,0.23,0.21,0.23,0.54,0.63,0.64,0.79,1.43,0.32,0.32,0.35,0.75
t=91 pos -2.57,-6.37 h=169 f=2.34 r=0.24 l=0.22 odo=48902 lid=2.34,0.97,0.37,0.24,0.26,0.26,0.27,0.38,0.72,0.76,0.88,0.36,0.31,0.27,0.33,0.60
t=92 pos -3.07,-6.34 h=179 f=1.66 r=0.24 l=0.21 odo=49191 lid=1.66,0.70,0.43,0.28,0.21,0.27,0.37,0.48,0.91,0.90,0.44,0.28,0.25,0.26,0.31,0.60
t=93 pos -3.57,-6.36 h=184 f=1.57 r=0.24 l=0.22 odo=49471 lid=1.57,0.58,0.41,0.26,0.26,0.23,0.44,0.60,0.98,1.11,0.31,0.26,0.26,0.27,0.41,0.85
t=95 pos -4.05,-6.40 h=186 f=1.44 r=0.24 l=0.22 odo=49748 lid=1.44,0.58,0.27,0.30,0.25,0.24,0.32,0.68,1.08,0.67,0.34,0.26,0.26,0.31,0.42,0.81
t=96 pos -4.53,-6.44 h=182 f=1.29 r=0.28 l=0.19 odo=50021 lid=1.29,0.48,0.31,0.20,0.27,0.29,0.33,0.73,1.24,0.55,0.36,0.30,0.29,0.31,0.41,1.76
t=97 pos -4.98,-6.45 h=180 f=1.07 r=0.27 l=0.18 odo=50279 lid=1.07,0.56,0.35,0.23,0.21,0.20,0.37,0.51,1.45,0.91,0.38,0.35,0.27,0.31,0.40,1.73
t=98 pos -5.41,-6.41 h=174 f=1.04 r=0.23 l=0.23 odo=50525 lid=1.04,0.76,0.30,0.27,0.25,0.25,0.27,0.49,1.59,1.61,0.46,0.31,0.28,0.25,0.39,0.51
t=99 pos -5.88,-6.36 h=176 f=0.88 r=0.25 l=0.23 odo=50793 lid=0.88,0.86,0.35,0.25,0.24,0.29,0.34,0.60,1.70,0.88,0.39,0.29,0.25,0.30,0.29,1.52
t=100 pos -6.29,-6.31 h=176 f=0.75 r=0.22 l=0.21 odo=51026 lid=0.75,0.77,0.35,0.29,0.24,0.22,0.36,0.50,1.81,0.83,0.39,0.24,0.27,0.24,0.27,1.39
t=101 pos -6.61,-6.31 h=186 f=0.59 r=0.22 l=0.21 odo=51208 lid=0.59,0.49,0.32,0.24,0.28,0.23,0.42,0.81,1.85,0.53,0.29,0.29,0.22,0.25,1.50,0.68
t=102 pos -6.95,-6.37 h=192 f=0.61 r=0.22 l=0.22 odo=51405 lid=0.61,0.37,0.26,0.24,0.28,0.26,0.49,1.47,1.02,0.38,0.34,0.23,0.79,1.58,1.25,0.60
t=103 pos -7.23,-6.46 h=200 f=0.54 r=0.26 l=0.18 odo=51572 lid=0.54,0.30,0.26,0.19,0.21,0.28,0.51,2.02,0.94,0.46,0.29,0.28,0.75,1.63,0.54,0.46
t=104 pos -7.44,-6.49 h=183 f=0.41 r=0.31 l=0.18 odo=51692 lid=0.41,0.46,0.23,0.23,0.18,0.20,0.35,0.72,2.10,0.63,0.37,0.34,0.81,1.37,1.16,0.47
t=105 pos -7.68,-6.49 h=192 f=0.39 r=0.72 l=0.21 odo=51831 lid=0.39,0.38,0.20,0.23,0.21,0.23,0.40,1.10,1.72,0.55,0.34,0.78,0.79,1.53,0.40,0.33
t=106 pos -7.88,-6.53 h=187 f=0.29 r=0.75 l=0.14 odo=51948 lid=0.29,0.31,0.21,0.16,0.21,0.23,0.26,0.49,2.26,0.64,0.37,0.81,0.80,1.49,0.35,0.29
t=107 pos -8.14,-6.67 h=228 f=0.26 r=0.23 l=0.20 odo=52117 lid=0.26,0.16,0.17,0.22,0.24,0.47,2.25,0.70,0.40,0.80,0.78,1.44,0.34,0.25,0.24,0.32
t=108 pos -8.16,-6.97 h=292 f=0.23 r=0.19 l=0.37 odo=52298 lid=0.23,0.24,0.48,2.26,0.70,0.40,0.79,0.75,1.36,0.35,0.29,0.21,0.31,0.25,0.18,0.17
t=109 pos -7.85,-7.13 h=347 f=0.86 r=0.16 l=0.39 odo=52501 lid=0.86,1.43,0.61,0.42,0.83,0.84,1.36,0.39,0.23,0.32,0.31,0.17,0.18,0.21,0.21,0.28
t=111 pos -7.26,-7.12 h=12 f=1.27 r=0.15 l=0.45 odo=52841 lid=1.27,0.53,0.32,0.48,0.77,1.58,0.47,0.40,0.47,0.26,0.24,0.18,0.15,0.20,0.31,1.16
t=112 pos -6.85,-6.91 h=36 f=0.44 r=0.20 l=0.74 odo=53107 lid=0.44,0.30,0.27,0.80,1.59,1.13,0.52,0.57,0.34,0.25,0.18,0.21,0.29,0.51,1.53,0.97
t=113 pos -6.62,-6.72 h=38 f=0.34 r=0.27 l=0.72 odo=53275 lid=0.34,0.25,0.20,0.78,1.59,1.20,0.63,0.62,0.40,0.27,0.25,0.30,0.30,0.61,1.96,0.78
t=114 pos -6.48,-6.49 h=78 f=0.19 r=0.53 l=0.55 odo=53432 lid=0.19,0.19,0.85,1.27,0.60,0.59,0.47,0.35,0.26,0.32,0.29,0.57,1.47,0.96,0.33,0.28
t=115 pos -6.56,-6.22 h=115 f=0.69 r=0.27 l=0.38 odo=53594 lid=0.69,1.41,1.10,0.58,0.66,0.41,0.33,0.34,0.34,0.51,0.95,1.94,0.40,0.29,0.17,0.15
t=116 pos -6.74,-5.91 h=132 f=1.50 r=0.09 l=0.43 odo=53800 lid=1.50,1.15,0.53,0.53,0.51,0.46,0.36,0.44,0.56,0.97,1.96,0.30,0.12,0.10,0.08,0.64
t=117 pos -7.33,-5.66 h=175 f=0.41 r=0.24 l=0.36 odo=54172 lid=0.41,0.43,0.55,0.43,0.42,0.39,0.48,0.82,2.13,0.19,0.11,0.26,0.57,0.56,1.39,1.03
t=118 pos -7.61,-5.63 h=170 f=0.33 r=0.27 l=0.38 odo=54333 lid=0.33,0.38,0.49,0.44,0.44,0.41,0.55,0.88,2.21,0.21,0.25,0.30,0.59,0.61,1.38,0.95
t=119 pos -7.80,-5.65 h=183 f=0.34 r=0.53 l=0.37 odo=54438 lid=0.34,0.32,0.54,0.40,0.44,0.54,0.77,1.70,0.52,0.26,0.32,0.58,0.53,1.25,0.95,0.87
t=120 pos -7.99,-5.70 h=200 f=0.31 r=0.50 l=0.37 odo=54553 lid=0.31,0.31,0.47,0.40,0.43,0.57,0.95,2.23,0.26,0.34,0.60,0.54,0.61,1.10,0.82,0.26
t=121 pos -8.19,-5.87 h=223 f=0.27 r=0.71 l=0.39 odo=54705 lid=0.27,0.43,0.34,0.42,0.51,0.93,2.29,0.28,0.41,0.68,0.55,1.15,1.09,0.77,0.26,0.27
t=122 pos -8.37,-6.13 h=241 f=0.38 r=0.21 l=0.35 odo=54884 lid=0.38,0.30,0.36,0.38,0.59,1.93,0.67,0.44,0.67,0.63,0.66,1.13,0.22,0.23,0.21,0.19
t=123 pos -8.47,-6.45 h=277 f=0.24 r=0.12 l=0.43 odo=55077 lid=0.24,0.34,0.36,0.87,2.33,0.47,0.50,0.74,0.72,1.36,0.22,0.21,0.18,0.14,0.30,0.31
t=124 pos -8.27,-6.74 h=316 f=0.32 r=0.22 l=0.50 odo=55282 lid=0.32,0.56,2.26,0.65,0.50,0.79,0.75,1.37,0.26,0.27,0.16,0.26,0.32,0.24,0.22,0.29
t=125 pos -7.98,-6.93 h=336 f=0.46 r=0.16 l=0.37 odo=55480 lid=0.46,2.26,0.86,0.40,0.53,0.77,1.33,1.10,0.34,0.22,0.33,0.30,0.17,0.17,0.25,0.24
t=126 pos -7.53,-7.03 h=354 f=2.17 r=0.17 l=0.31 odo=55742 lid=2.17,1.01,0.52,0.34,0.82,0.85,1.31,0.43,0.34,0.39,0.20,0.21,0.21,0.18,0.21,0.39
t=127 pos -6.98,-6.94 h=24 f=0.90 r=0.17 l=0.43 odo=56064 lid=0.90,0.46,0.33,0.46,0.79,1.41,0.56,0.45,0.53,0.28,0.23,0.19,0.18,0.28,0.52,2.04
t=128 pos -6.65,-6.75 h=36 f=0.40 r=0.25 l=0.22 odo=56284 lid=0.40,0.32,0.22,0.24,0.89,1.24,0.61,0.62,0.38,0.27,0.22,0.28,0.25,0.47,1.38,1.09
t=129 pos -6.43,-6.60 h=33 f=0.34 r=0.26 l=0.17 odo=56436 lid=0.34,0.28,0.20,0.18,0.87,1.32,0.64,0.67,0.48,0.32,0.29,0.28,0.36,0.56,1.44,0.99
t=130 pos -6.29,-6.34 h=89 f=0.18 r=0.55 l=0.67 odo=56608 lid=0.18,0.19,0.89,1.27,0.67,0.72,0.48,0.29,0.31,0.28,0.42,0.59,1.91,0.73,0.29,0.27
t=131 pos -6.46,-6.04 h=129 f=0.88 r=0.20 l=0.31 odo=56813 lid=0.88,1.24,0.65,0.71,0.48,0.34,0.34,0.31,0.47,0.84,1.95,0.52,0.25,0.21,0.16,0.16
t=132 pos -6.98,-5.73 h=164 f=1.06 r=0.08 l=0.35 odo=57164 lid=1.06,0.54,0.64,0.45,0.39,0.38,0.42,0.69,1.53,0.60,0.26,0.08,0.10,0.60,0.72,1.27
t=133 pos -7.40,-5.75 h=191 f=0.46 r=0.27 l=0.37 odo=57401 lid=0.46,0.57,0.42,0.43,0.37,0.47,0.68,1.62,0.65,0.17,0.15,0.29,0.60,0.70,1.10,0.97
t=134 pos -7.63,-5.77 h=176 f=0.35 r=0.31 l=0.35 odo=57532 lid=0.35,0.35,0.48,0.37,0.39,0.39,0.52,0.88,2.15,0.26,0.21,0.33,0.65,0.66,1.21,0.89
t=136 pos -7.86,-5.77 h=186 f=0.35 r=0.57 l=0.32 odo=57663 lid=0.35,0.28,0.51,0.34,0.41,0.41,0.56,1.36,0.84,0.24,0.34,0.61,0.58,1.23,0.96,0.28
t=137 pos -8.09,-5.88 h=216 f=0.40 r=0.61 l=0.37 odo=57816 lid=0.40,0.43,0.37,0.40,0.49,0.86,2.32,0.31,0.36,0.59,0.60,0.66,1.15,0.81,0.30,0.29
t=138 pos -8.29,-6.06 h=231 f=0.36 r=0.22 l=0.34 odo=57969 lid=0.36,0.37,0.30,0.37,0.47,0.97,2.30,0.35,0.47,0.69,0.67,1.27,0.91,0.23,0.26,0.21
t=139 pos -8.48,-6.32 h=239 f=0.33 r=0.16 l=0.32 odo=58151 lid=0.33,0.23,0.25,0.34,0.56,1.78,0.92,0.42,0.73,0.69,1.25,1.13,0.21,0.17,0.12,0.27
t=140 pos -8.44,-6.63 h=302 f=0.32 r=0.13 l=0.41 odo=58336 lid=0.32,0.43,1.28,1.40,0.41,0.53,0.74,0.73,1.22,0.23,0.20,0.14,0.23,0.30,0.23,0.23
t=141 pos -8.14,-6.87 h=331 f=0.50 r=0.18 l=0.37 odo=58557 lid=0.50,2.32,0.88,0.40,0.55,0.72,1.30,1.07,0.28,0.19,0.28,0.30,0.24,0.20,0.25,0.28
t=142 pos -7.72,-6.99 h=353 f=1.62 r=0.18 l=0.42 odo=58809 lid=1.62,1.08,0.53,0.46,0.79,0.81,1.28,0.38,0.26,0.38,0.33,0.20,0.23,0.21,0.22,0.42
t=143 pos -7.16,-6.94 h=13 f=1.20 r=0.18 l=0.43 odo=59126 lid=1.20,0.48,0.31,0.47,0.75,1.57,1.08,0.43,0.49,0.30,0.24,0.20,0.19,0.28,0.33,1.20
t=144 pos -6.76,-6.76 h=30 f=0.47 r=0.21 l=0.73 odo=59379 lid=0.47,0.35,0.24,0.79,0.88,1.24,0.57,0.57,0.39,0.32,0.22,0.23,0.28,0.47,1.05,1.98
t=145 pos -6.54,-6.62 h=33 f=0.39 r=0.27 l=0.18 odo=59529 lid=0.39,0.32,0.19,0.20,0.82,1.35,0.59,0.60,0.49,0.35,0.27,0.31,0.27,0.54,1.31,1.91
t=146 pos -6.31,-6.48 h=32 f=0.32 r=0.28 l=0.14 odo=59680 lid=0.32,0.25,0.20,0.15,0.18,1.43,1.22,0.63,0.53,0.36,0.34,0.30,0.43,0.56,1.35,0.96
t=147 pos -6.16,-6.23 h=89 f=0.17 r=0.40 l=0.68 odo=59852 lid=0.17,0.16,0.24,1.27,0.72,0.74,0.49,0.32,0.33,0.32,0.47,0.84,1.80,0.43,0.23,0.21
t=148 pos -6.37,-5.97 h=148 f=1.35 r=0.15 l=0.34 odo=60054 lid=1.35,0.64,0.64,0.53,0.35,0.36,0.30,0.45,0.59,1.88,0.71,0.25,0.21,0.17,0.14,0.16
t=149 pos -6.95,-5.83 h=186 f=0.57 r=0.09 l=0.34 odo=60398 lid=0.57,0.67,0.46,0.37,0.38,0.36,0.62,1.40,1.07,0.30,0.13,0.10,0.12,0.65,1.34,1.08
t=150 pos -7.27,-5.94 h=196 f=0.53 r=0.33 l=0.29 odo=60590 lid=0.53,0.44,0.37,0.31,0.38,0.41,0.97,2.02,0.40,0.19,0.15,0.35,0.63,1.46,1.02,0.53
t=151 pos -7.46,-5.98 h=182 f=0.43 r=0.34 l=0.30 odo=60702 lid=0.43,0.51,0.43,0.35,0.32,0.33,0.44,1.07,2.12,0.45,0.20,0.36,0.69,0.73,1.23,0.42
t=152 pos -7.66,-5.95 h=172 f=0.33 r=0.35 l=0.32 odo=60817 lid=0.33,0.30,0.43,0.39,0.33,0.35,0.38,0.52,1.74,0.77,0.24,0.38,0.67,0.67,1.39,0.97
t=153 pos -7.87,-5.94 h=178 f=0.33 r=0.58 l=0.29 odo=60934 lid=0.33,0.26,0.41,0.31,0.34,0.37,0.51,0.87,2.21,0.35,0.38,0.63,0.61,1.21,1.13,0.31
t=154 pos -8.11,-6.03 h=206 f=0.23 r=0.64 l=0.32 odo=61088 lid=0.23,0.44,0.29,0.34,0.34,0.55,1.38,1.13,0.31,0.43,0.69,0.69,1.36,0.94,0.27,0.26
t=155 pos -8.36,-6.24 h=231 f=0.32 r=0.23 l=0.32 odo=61272 lid=0.32,0.29,0.26,0.34,0.42,0.94,2.33,0.41,0.49,0.74,0.72,1.35,0.24,0.24,0.18,0.18
t=156 pos -8.42,-6.56 h=287 f=0.28 r=0.14 l=0.39 odo=61467 lid=0.28,0.33,0.57,2.30,0.84,0.42,0.73,0.68,1.23,1.12,0.24,0.19,0.14,0.30,0.34,0.25
t=158 pos -8.18,-6.82 h=326 f=0.37 r=0.19 l=0.39 odo=61671 lid=0.37,1.27,1.19,0.42,0.51,0.79,0.77,1.23,0.28,0.22,0.18,0.29,0.29,0.21,0.23,0.30
t=159 pos -7.84,-6.96 h=346 f=0.84 r=0.19 l=0.34 odo=61877 lid=0.84,2.23,0.60,0.36,0.79,0.78,1.48,0.34,0.31,0.30,0.35,0.21,0.19,0.21,0.22,0.31
t=160 pos -7.31,-6.99 h=4 f=2.07 r=0.17 l=0.30 odo=62184 lid=2.07,0.69,0.39,0.32,0.81,1.39,1.16,0.49,0.42,0.47,0.24,0.23,0.17,0.19,0.33,0.70
t=161 pos -6.81,-6.85 h=27 f=0.62 r=0.20 l=0.25 odo=62481 lid=0.62,0.38,0.26,0.27,0.86,1.38,0.57,0.51,0.55,0.33,0.22,0.21,0.26,0.27,0.64,1.96
t=162 pos -6.54,-6.69 h=32 f=0.44 r=0.27 l=0.19 odo=62659 lid=0.44,0.30,0.21,0.20,0.86,1.34,0.61,0.59,0.43,0.30,0.24,0.30,0.27,0.49,1.05,1.93
t=163 pos -6.30,-6.56 h=31 f=0.38 r=0.27 l=0.16 odo=62813 lid=0.38,0.25,0.24,0.17,0.20,1.43,1.23,0.64,0.53,0.34,0.32,0.29,0.41,0.53,1.28,1.87
t=164 pos -6.07,-6.33 h=71 f=0.21 r=0.47 l=0.20 odo=63005 lid=0.21,0.17,0.16,0.22,1.27,0.74,0.80,0.48,0.36,0.30,0.42,0.51,0.92,1.77,0.42,0.22
t=165 pos -6.16,-6.04 h=136 f=0.20 r=0.19 l=0.33 odo=63187 lid=0.20,1.26,0.71,0.80,0.45,0.36,0.30,0.40,0.51,0.94,1.80,0.40,0.21,0.21,0.20,0.16
t=166 pos -6.66,-5.84 h=172 f=0.61 r=0.10 l=0.34 odo=63495 lid=0.61,0.58,0.66,0.46,0.35,0.37,0.50,0.66,1.95,0.50,0.25,0.15,0.11,0.11,0.12,1.29
t=167 pos -7.10,-5.95 h=212 f=0.65 r=0.13 l=0.36 odo=63758 lid=0.65,0.45,0.35,0.39,0.36,0.65,1.43,0.86,0.33,0.14,0.14,0.14,0.67,1.31,1.09,0.55
t=168 pos -7.29,-6.04 h=197 f=0.47 r=0.33 l=0.27 odo=63880 lid=0.47,0.56,0.37,0.29,0.31,0.38,0.70,2.08,0.65,0.32,0.19,0.36,0.65,1.50,1.10,0.48
t=169 pos -7.47,-6.06 h=179 f=0.44 r=0.32 l=0.29 odo=63980 lid=0.44,0.39,0.49,0.31,0.33,0.32,0.43,0.77,2.16,0.50,0.23,0.34,0.68,0.75,1.28,0.95
t=170 pos -7.66,-6.02 h=162 f=0.31 r=0.29 l=0.30 odo=64093 lid=0.31,0.35,0.29,0.46,0.30,0.34,0.32,0.48,0.87,2.17,0.39,0.32,0.64,0.64,1.23,1.12
t=171 pos -7.92,-6.00 h=180 f=0.30 r=0.61 l=0.31 odo=64240 lid=0.30,0.25,0.39,0.34,0.33,0.34,0.45,0.89,2.23,0.36,0.39,0.66,0.62,1.20,1.11,0.29
t=172 pos -8.16,-6.13 h=216 f=0.36 r=0.25 l=0.33 odo=64401 lid=0.36,0.38,0.28,0.35,0.37,0.57,2.29,0.63,0.34,0.48,0.66,0.69,1.14,0.27,0.27,0.22
t=173 pos -8.40,-6.36 h=241 f=0.34 r=0.19 l=0.31 odo=64589 lid=0.34,0.24,0.28,0.33,0.53,1.74,0.93,0.38,0.52,0.69,1.23,1.16,0.25,0.21,0.14,0.27
t=175 pos -8.40,-6.68 h=303 f=0.31 r=0.13 l=0.42 odo=64786 lid=0.31,0.39,1.02,1.45,0.42,0.52,0.77,0.72,1.37,0.23,0.23,0.14,0.26,0.34,0.25,0.26
t=176 pos -8.14,-6.90 h=327 f=0.36 r=0.17 l=0.39 odo=64981 lid=0.36,1.24,1.18,0.42,0.53,0.80,0.78,1.25,0.31,0.23,0.21,0.31,0.27,0.19,0.26,0.26
t=177 pos -7.78,-7.04 h=346 f=0.84 r=0.17 l=0.33 odo=65200 lid=0.84,2.21,0.56,0.36,0.80,0.81,1.53,0.38,0.29,0.36,0.37,0.18,0.19,0.23,0.21,0.29
t=178 pos -7.18,-7.04 h=9 f=2.10 r=0.17 l=0.30 odo=65542 lid=2.10,0.53,0.34,0.32,0.78,1.55,1.13,0.47,0.50,0.27,0.24,0.19,0.17,0.20,0.33,0.99
t=179 pos -6.74,-6.86 h=31 f=0.48 r=0.21 l=0.73 odo=65813 lid=0.48,0.36,0.23,0.79,0.91,1.23,0.60,0.60,0.37,0.27,0.22,0.22,0.27,0.49,1.07,2.00
t=180 pos -6.51,-6.69 h=35 f=0.33 r=0.27 l=0.18 odo=65975 lid=0.33,0.31,0.21,0.20,0.88,1.28,0.65,0.67,0.46,0.29,0.26,0.29,0.27,0.57,1.46,0.98
t=181 pos -6.30,-6.47 h=71 f=0.23 r=0.41 l=0.61 odo=66157 lid=0.23,0.18,0.18,1.65,1.21,0.66,0.71,0.45,0.29,0.34,0.28,0.45,0.84,1.84,0.50,0.28
t=182 pos -6.39,-6.17 h=129 f=0.88 r=0.24 l=0.30 odo=66344 lid=0.88,1.28,0.67,0.71,0.48,0.32,0.32,0.30,0.46,0.61,1.92,0.70,0.28,0.26,0.18,0.16
t=183 pos -6.84,-5.80 h=154 f=1.15 r=0.08 l=0.34 odo=66680 lid=1.15,0.54,0.54,0.51,0.44,0.37,0.42,0.57,0.98,1.93,0.32,0.13,0.10,0.09,0.63,1.51
t=184 pos -7.33,-5.76 h=191 f=0.49 r=0.26 l=0.38 odo=66965 lid=0.49,0.61,0.43,0.43,0.38,0.47,0.71,1.60,0.62,0.16,0.11,0.28,0.64,0.70,1.12,1.02
t=185 pos -7.56,-5.78 h=179 f=0.41 r=0.30 l=0.36 odo=67096 lid=0.41,0.34,0.55,0.39,0.38,0.40,0.48,1.12,2.15,0.21,0.19,0.32,0.63,0.66,1.19,0.91
t=186 pos -7.78,-5.77 h=177 f=0.31 r=0.52 l=0.33 odo=67221 lid=0.31,0.31,0.46,0.35,0.41,0.39,0.56,0.92,2.18,0.26,0.34,0.57,0.59,0.65,1.13,0.83
t=187 pos -8.03,-5.83 h=212 f=0.28 r=0.56 l=0.37 odo=67371 lid=0.28,0.46,0.36,0.40,0.41,0.56,1.41,0.82,0.29,0.37,0.62,0.60,1.27,0.95,0.27,0.31
t=188 pos -8.21,-6.00 h=225 f=0.40 r=0.23 l=0.35 odo=67508 lid=0.40,0.40,0.35,0.38,0.46,0.91,2.27,0.35,0.43,0.70,0.59,1.17,1.06,0.24,0.26,0.23
t=189 pos -8.43,-6.27 h=236 f=0.36 r=0.21 l=0.33 odo=67711 lid=0.36,0.26,0.27,0.36,0.54,1.42,1.17,0.39,0.51,0.75,0.69,1.19,0.22,0.23,0.16,0.19
t=190 pos -8.47,-6.57 h=289 f=0.28 r=0.11 l=0.47 odo=67891 lid=0.28,0.37,0.57,2.38,0.70,0.51,0.79,0.70,1.20,0.25,0.18,0.20,0.11,0.27,0.33,0.24
t=191 pos -8.22,-6.84 h=328 f=0.39 r=0.17 l=0.39 odo=68107 lid=0.39,1.38,1.18,0.43,0.55,0.77,0.78,1.19,0.28,0.19,0.17,0.29,0.30,0.18,0.21,0.31
t=192 pos -7.86,-6.97 h=345 f=0.88 r=0.16 l=0.37 odo=68326 lid=0.88,1.77,0.58,0.40,0.79,0.80,1.49,0.34,0.24,0.30,0.35,0.18,0.19,0.23,0.24,0.33
t=193 pos -7.32,-6.99 h=7 f=2.13 r=0.19 l=0.45 odo=68635 lid=2.13,0.57,0.35,0.48,0.79,1.46,1.13,0.46,0.45,0.42,0.24,0.22,0.19,0.20,0.32,0.75
t=195 pos -6.83,-6.84 h=22 f=0.62 r=0.19 l=0.22 odo=68926 lid=0.62,0.40,0.25,0.24,0.86,1.38,0.56,0.51,0.57,0.34,0.23,0.21,0.29,0.31,0.65,1.95
t=196 pos -6.56,-6.69 h=29 f=0.45 r=0.27 l=0.19 odo=69099 lid=0.45,0.30,0.23,0.21,0.86,1.35,0.62,0.58,0.47,0.32,0.27,0.29,0.27,0.49,1.07,1.90
t=197 pos -6.32,-6.54 h=34 f=0.34 r=0.26 l=0.14 odo=69260 lid=0.34,0.25,0.20,0.15,0.20,1.43,0.66,0.65,0.53,0.34,0.36,0.28,0.41,0.56,1.36,0.97
t=198 pos -6.18,-6.27 h=93 f=0.17 r=0.39 l=0.70 odo=69445 lid=0.17,0.14,1.60,1.19,0.70,0.77,0.44,0.32,0.32,0.34,0.49,0.94,1.84,0.43,0.24,0.21
t=199 pos -6.43,-5.98 h=147 f=1.40 r=0.14 l=0.30 odo=69670 lid=1.40,1.19,0.60,0.57,0.43,0.33,0.34,0.46,0.58,1.43,0.76,0.26,0.22,0.15,0.13,0.14
t=200 pos -6.98,-5.82 h=184 f=0.57 r=0.08 l=0.36 odo=70001 lid=0.57,0.64,0.47,0.40,0.37,0.39,0.59,1.13,2.01,0.30,0.12,0.10,0.08,0.62,1.37,1.07
t=201 pos -7.31,-5.92 h=197 f=0.44 r=0.33 l=0.32 odo=70198 lid=0.44,0.59,0.39,0.34,0.38,0.44,0.78,2.11,0.41,0.18,0.15,0.35,0.61,1.49,1.09,0.48
t=202 pos -7.50,-5.95 h=180 f=0.42 r=0.32 l=0.31 odo=70309 lid=0.42,0.38,0.50,0.33,0.33,0.34,0.45,0.86,2.12,0.46,0.19,0.35,0.69,0.70,1.23,0.94
t=203 pos -7.71,-5.92 h=175 f=0.31 r=0.35 l=0.33 odo=70426 lid=0.31,0.32,0.44,0.39,0.34,0.35,0.43,0.74,2.22,0.54,0.25,0.38,0.67,0.68,1.38,0.95
t=204 pos -7.95,-5.94 h=199 f=0.27 r=0.59 l=0.32 odo=70569 lid=0.27,0.43,0.39,0.35,0.35,0.49,0.56,2.29,0.33,0.36,0.60,0.63,0.67,1.14,0.82,0.32
t=205 pos -8.16,-6.09 h=214 f=0.36 r=0.26 l=0.33 odo=70712 lid=0.36,0.40,0.30,0.36,0.38,0.58,2.30,0.60,0.36,0.49,0.68,0.68,1.14,0.28,0.26,0.24
t=206 pos -8.40,-6.31 h=241 f=0.35 r=0.21 l=0.33 odo=70900 lid=0.35,0.25,0.26,0.35,0.56,1.75,0.91,0.40,0.53,0.72,1.26,1.15,0.23,0.23,0.15,0.28
t=207 pos -8.41,-6.61 h=294 f=0.30 r=0.15 l=0.47 odo=71078 lid=0.30,0.35,0.61,2.29,0.64,0.50,0.77,0.72,1.31,0.24,0.22,0.17,0.15,0.31,0.28,0.22
t=208 pos -8.15,-6.84 h=332 f=0.50 r=0.20 l=0.38 odo=71276 lid=0.50,1.46,1.15,0.41,0.51,0.77,0.77,1.19,0.27,0.21,0.17,0.29,0.28,0.21,0.26,0.29
t=209 pos -7.78,-6.98 h=348 f=0.85 r=0.19 l=0.33 odo=71502 lid=0.85,2.21,0.59,0.35,0.78,0.81,1.49,0.35,0.29,0.32,0.36,0.20,0.21,0.22,0.22,0.38
t=210 pos -7.22,-7.00 h=6 f=2.10 r=0.18 l=0.27 odo=71823 lid=2.10,0.62,0.39,0.29,0.82,1.39,1.16,0.50,0.47,0.45,0.26,0.22,0.18,0.19,0.31,0.70
t=211 pos -6.73,-6.84 h=30 f=0.59 r=0.21 l=0.22 odo=72118 lid=0.59,0.36,0.25,0.24,0.87,1.39,0.58,0.53,0.40,0.33,0.22,0.22,0.28,0.28,0.87,1.95
t=212 pos -6.47,-6.69 h=32 f=0.45 r=0.24 l=0.19 odo=72290 lid=0.45,0.29,0.22,0.20,0.79,1.41,0.65,0.62,0.46,0.33,0.26,0.28,0.24,0.49,1.04,1.88
t=214 pos -6.22,-6.53 h=37 f=0.32 r=0.26 l=0.15 odo=72458 lid=0.32,0.23,0.21,0.17,0.20,1.40,0.70,0.69,0.52,0.34,0.35,0.28,0.42,0.54,1.45,0.88
t=215 pos -6.13,-6.24 h=101 f=0.15 r=0.30 l=0.49 odo=72642 lid=0.15,0.19,1.43,0.72,0.70,0.53,0.33,0.35,0.27,0.42,0.55,1.76,0.86,0.32,0.22,0.20
t=216 pos -6.41,-5.99 h=152 f=1.29 r=0.16 l=0.34 odo=72866 lid=1.29,0.66,0.74,0.52,0.37,0.36,0.31,0.46,0.83,1.89,0.54,0.25,0.23,0.18,0.15,0.18
t=217 pos -6.94,-5.88 h=186 f=0.58 r=0.10 l=0.32 odo=73175 lid=0.58,0.65,0.45,0.35,0.38,0.36,0.62,1.41,1.00,0.29,0.14,0.11,0.12,0.67,1.32,1.11
t=218 pos -7.25,-6.00 h=197 f=0.53 r=0.31 l=0.29 odo=73368 lid=0.53,0.45,0.41,0.32,0.38,0.39,0.75,2.05,0.41,0.20,0.18,0.33,0.66,1.48,1.05,0.51
t=219 pos -7.43,-6.03 h=184 f=0.43 r=0.34 l=0.30 odo=73471 lid=0.43,0.51,0.38,0.34,0.30,0.33,0.43,1.04,2.11,0.44,0.21,0.37,0.70,0.76,1.24,0.41
t=220 pos -7.62,-6.00 h=166 f=0.32 r=0.32 l=0.31 odo=73577 lid=0.32,0.34,0.41,0.45,0.31,0.35,0.32,0.48,1.18,1.32,0.31,0.35,0.68,0.63,1.26,1.00
t=221 pos -7.84,-5.97 h=187 f=0.32 r=0.61 l=0.27 odo=73708 lid=0.32,0.27,0.46,0.29,0.35,0.36,0.51,1.16,2.23,0.32,0.37,0.66,0.61,1.19,1.00,0.32
t=222 pos -8.09,-6.04 h=220 f=0.38 r=0.63 l=0.35 odo=73858 lid=0.38,0.41,0.30,0.38,0.39,0.56,2.29,0.58,0.31,0.42,0.69,0.68,1.20,0.84,0.28,0.25
t=223 pos -8.29,-6.22 h=228 f=0.32 r=0.22 l=0.32 odo=74013 lid=0.32,0.33,0.25,0.35,0.39,0.60,2.33,0.64,0.46,0.74,0.66,1.22,0.96,0.24,0.24,0.17
t=224 pos -8.46,-6.48 h=260 f=0.26 r=0.13 l=0.50 odo=74193 lid=0.26,0.24,0.33,0.54,1.52,0.96,0.41,0.54,0.71,1.26,1.16,0.23,0.21,0.15,0.27,0.34
t=225 pos -8.31,-6.77 h=315 f=0.31 r=0.20 l=0.50 odo=74388 lid=0.31,0.57,2.35,0.66,0.50,0.78,0.72,1.31,0.26,0.24,0.15,0.22,0.30,0.26,0.20,0.28
t=226 pos -8.00,-6.93 h=340 f=0.53 r=0.19 l=0.36 odo=74586 lid=0.53,2.24,0.64,0.39,0.81,0.74,1.44,0.33,0.30,0.21,0.32,0.29,0.19,0.22,0.24,0.30
t=227 pos -7.50,-7.01 h=356 f=2.17 r=0.16 l=0.30 odo=74873 lid=2.17,0.80,0.47,0.33,0.80,0.86,1.29,0.43,0.33,0.41,0.25,0.22,0.21,0.17,0.25,0.42
t=228 pos -6.97,-6.92 h=19 f=0.89 r=0.18 l=0.25 odo=75185 lid=0.89,0.41,0.28,0.27,0.76,1.54,0.56,0.47,0.54,0.33,0.24,0.19,0.22,0.29,0.50,2.05
t=229 pos -6.64,-6.75 h=34 f=0.45 r=0.24 l=0.19 odo=75396 lid=0.45,0.33,0.23,0.20,0.88,1.29,0.60,0.61,0.44,0.31,0.25,0.26,0.28,0.47,1.07,1.95
t=230 pos -6.40,-6.60 h=31 f=0.36 r=0.29 l=0.15 odo=75557 lid=0.36,0.28,0.23,0.17,0.22,1.42,0.66,0.62,0.50,0.32,0.30,0.32,0.39,0.54,1.29,1.06
t=231 pos -6.20,-6.37 h=78 f=0.23 r=0.50 l=0.61 odo=75736 lid=0.23,0.18,0.18,1.47,1.21,0.66,0.58,0.39,0.34,0.30,0.42,0.54,1.23,1.83,0.38,0.24
t=232 pos -6.32,-6.09 h=144 f=1.48 r=0.21 l=0.30 odo=75917 lid=1.48,1.24,0.65,0.54,0.37,0.33,0.28,0.42,0.54,1.25,1.83,0.37,0.24,0.23,0.17,0.20
t=233 pos -6.85,-5.87 h=169 f=0.55 r=0.10 l=0.33 odo=76250 lid=0.55,0.54,0.62,0.45,0.33,0.38,0.50,0.67,1.99,0.53,0.27,0.11,0.11,0.10,0.79,1.21
t=234 pos -7.26,-5.95 h=200 f=0.53 r=0.32 l=0.29 odo=76489 lid=0.53,0.46,0.41,0.31,0.38,0.41,0.96,1.99,0.38,0.17,0.14,0.34,0.65,1.46,1.05,0.52
t=235 pos -7.44,-5.99 h=183 f=0.42 r=0.34 l=0.31 odo=76594 lid=0.42,0.50,0.36,0.36,0.31,0.37,0.43,1.09,2.10,0.41,0.19,0.37,0.68,0.74,1.19,0.41
t=236 pos -7.62,-5.96 h=161 f=0.34 r=0.32 l=0.32 odo=76700 lid=0.34,0.34,0.42,0.45,0.34,0.35,0.37,0.51,1.27,1.27,0.30,0.34,0.64,0.62,1.26,1.01
t=238 pos -7.89,-5.94 h=196 f=0.30 r=0.63 l=0.31 odo=76854 lid=0.30,0.43,0.42,0.33,0.36,0.40,0.73,2.26,0.58,0.26,0.38,0.68,0.68,1.38,0.92,0.32
t=239 pos -8.10,-6.09 h=212 f=0.39 r=0.65 l=0.34 odo=77000 lid=0.39,0.38,0.29,0.37,0.36,0.56,1.85,0.65,0.32,0.45,0.70,0.71,1.32,0.85,0.29,0.25
t=240 pos -8.29,-6.26 h=230 f=0.34 r=0.24 l=0.31 odo=77149 lid=0.34,0.28,0.26,0.34,0.40,0.94,2.29,0.42,0.48,0.72,0.72,1.35,0.29,0.26,0.23,0.20
t=241 pos -8.41,-6.55 h=272 f=0.21 r=0.16 l=0.56 odo=77329 lid=0.21,0.30,0.35,0.61,2.29,0.64,0.53,0.76,0.73,1.35,0.26,0.24,0.16,0.20,0.31,0.29
t=242 pos -8.22,-6.82 h=323 f=0.38 r=0.19 l=0.40 odo=77526 lid=0.38,1.24,1.39,0.43,0.54,0.79,0.76,1.27,0.25,0.23,0.18,0.29,0.32,0.20,0.23,0.30
t=243 pos -7.84,-6.97 h=347 f=0.85 r=0.18 l=0.34 odo=77758 lid=0.85,2.23,0.59,0.36,0.80,0.80,1.48,0.36,0.30,0.30,0.36,0.23,0.18,0.24,0.23,0.32
t=244 pos -7.28,-7.01 h=3 f=2.07 r=0.17 l=0.29 odo=78080 lid=2.07,0.67,0.40,0.32,0.82,1.40,1.18,0.49,0.44,0.46,0.24,0.23,0.18,0.18,0.30,0.70
t=245 pos -6.76,-6.86 h=28 f=0.59 r=0.20 l=0.23 odo=78390 lid=0.59,0.39,0.25,0.25,0.83,1.41,0.58,0.50,0.58,0.34,0.23,0.21,0.25,0.30,0.62,1.93
t=246 pos -6.50,-6.71 h=32 f=0.47 r=0.26 l=0.18 odo=78560 lid=0.47,0.32,0.24,0.20,0.83,1.41,0.63,0.61,0.47,0.31,0.26,0.30,0.26,0.47,1.02,1.89
t=247 pos -6.26,-6.57 h=32 f=0.37 r=0.27 l=0.15 odo=78715 lid=0.37,0.24,0.20,0.16,0.20,1.45,0.69,0.66,0.53,0.35,0.33,0.30,0.42,0.53,1.34,0.99
t=248 pos -6.11,-6.29 h=93 f=0.18 r=0.38 l=0.68 odo=78913 lid=0.18,0.17,1.60,1.23,0.68,0.75,0.39,0.34,0.28,0.41,0.50,0.97,1.84,0.42,0.24,0.22
t=249 pos -6.36,-6.03 h=152 f=1.31 r=0.16 l=0.30 odo=79127 lid=1.31,0.68,0.73,0.52,0.35,0.33,0.31,0.47,0.79,1.85,0.66,0.24,0.22,0.17,0.15,0.19
t=250 pos -6.89,-5.91 h=184 f=0.59 r=0.11 l=0.33 odo=79444 lid=0.59,0.65,0.46,0.35,0.36,0.36,0.56,1.10,1.96,0.32,0.19,0.12,0.14,0.67,1.38,1.07
t=251 pos -7.23,-6.04 h=203 f=0.55 r=0.32 l=0.28 odo=79653 lid=0.55,0.41,0.38,0.30,0.37,0.38,0.97,1.99,0.40,0.23,0.15,0.35,0.67,1.34,1.01,0.53
t=252 pos -7.40,-6.08 h=184 f=0.41 r=0.33 l=0.29 odo=79753 lid=0.41,0.51,0.34,0.34,0.29,0.32,0.43,1.05,2.10,0.43,0.22,0.36,0.71,0.76,1.21,0.45
t=253 pos -7.58,-6.06 h=168 f=0.35 r=0.32 l=0.30 odo=79855 lid=0.35,0.34,0.44,0.43,0.32,0.32,0.35,0.47,1.18,1.31,0.30,0.34,0.69,0.61,1.27,1.03
t=254 pos -7.79,-6.01 h=171 f=0.31 r=0.37 l=0.32 odo=79976 lid=0.31,0.27,0.43,0.38,0.32,0.35,0.40,0.54,2.27,0.59,0.29,0.40,0.69,0.71,1.33,0.87
t=255 pos -8.04,-6.10 h=216 f=0.39 r=0.63 l=0.32 odo=80130 lid=0.39,0.40,0.31,0.35,0.39,0.55,1.79,0.80,0.28,0.43,0.70,0.68,1.37,0.90,0.31,0.26
t=257 pos -8.25,-6.25 h=225 f=0.34 r=0.23 l=0.32 odo=80278 lid=0.34,0.33,0.25,0.35,0.36,0.60,2.33,0.62,0.46,0.75,0.64,1.22,0.99,0.25,0.23,0.16
t=258 pos -8.40,-6.49 h=255 f=0.24 r=0.14 l=0.34 odo=80444 lid=0.24,0.23,0.31,0.37,0.57,2.34,0.45,0.51,0.77,0.75,1.41,0.24,0.25,0.15,0.25,0.33
t=259 pos -8.28,-6.78 h=316 f=0.33 r=0.15 l=0.48 odo=80632 lid=0.33,0.57,2.38,0.67,0.48,0.80,0.69,1.24,0.29,0.26,0.18,0.17,0.30,0.28,0.21,0.28
t=260 pos -7.98,-6.96 h=336 f=0.50 r=0.17 l=0.33 odo=80831 lid=0.50,2.30,0.68,0.36,0.55,0.74,1.31,0.34,0.30,0.21,0.33,0.32,0.17,0.20,0.25,0.25
t=261 pos -7.52,-7.05 h=358 f=2.16 r=0.19 l=0.31 odo=81102 lid=2.16,0.99,0.48,0.33,0.80,0.85,1.30,0.42,0.34,0.42,0.22,0.22,0.22,0.20,0.24,0.39
t=262 pos -6.97,-6.98 h=18 f=0.93 r=0.15 l=0.24 odo=81419 lid=0.93,0.45,0.31,0.26,0.78,1.59,0.56,0.46,0.56,0.29,0.25,0.17,0.20,0.28,0.50,2.05
t=263 pos -6.61,-6.80 h=32 f=0.44 r=0.25 l=0.23 odo=81644 lid=0.44,0.35,0.22,0.25,0.89,1.25,0.61,0.64,0.43,0.28,0.23,0.27,0.25,0.45,1.11,1.48
t=264 pos -6.37,-6.65 h=30 f=0.38 r=0.27 l=0.17 odo=81806 lid=0.38,0.28,0.23,0.18,0.22,1.38,0.64,0.61,0.50,0.33,0.30,0.29,0.36,0.54,1.31,1.02
t=265 pos -6.16,-6.43 h=72 f=0.24 r=0.46 l=0.62 odo=81987 lid=0.24,0.17,0.17,1.63,1.20,0.67,0.77,0.42,0.32,0.28,0.34,0.50,0.94,1.83,0.44,0.22
t=266 pos -6.26,-6.15 h=142 f=1.49 r=0.21 l=0.30 odo=82173 lid=1.49,1.23,0.65,0.72,0.39,0.33,0.30,0.38,0.50,0.99,1.82,0.44,0.22,0.23,0.17,0.18
t=267 pos -6.80,-5.89 h=171 f=0.56 r=0.09 l=0.34 odo=82517 lid=0.56,0.54,0.66,0.45,0.34,0.39,0.48,0.66,2.01,0.53,0.27,0.10,0.09,0.12,0.77,1.21
t=268 pos -7.21,-5.97 h=204 f=0.56 r=0.32 l=0.31 odo=82760 lid=0.56,0.44,0.39,0.34,0.41,0.57,0.98,2.02,0.37,0.16,0.13,0.34,0.65,1.35,1.01,0.53
t=269 pos -7.40,-6.02 h=185 f=0.43 r=0.32 l=0.30 odo=82873 lid=0.43,0.50,0.40,0.37,0.30,0.37,0.45,1.13,2.10,0.41,0.18,0.34,0.67,0.74,1.18,0.43
t=270 pos -7.60,-6.00 h=165 f=0.35 r=0.33 l=0.32 odo=82982 lid=0.35,0.33,0.44,0.43,0.34,0.35,0.38,0.52,1.39,1.03,0.27,0.36,0.65,0.61,1.35,0.98
t=271 pos -7.83,-5.97 h=179 f=0.32 r=0.56 l=0.34 odo=83118 lid=0.32,0.28,0.42,0.36,0.35,0.38,0.51,0.91,2.19,0.35,0.37,0.60,0.61,0.67,1.15,0.28
t=272 pos -8.08,-6.08 h=225 f=0.40 r=0.27 l=0.34 odo=83282 lid=0.40,0.34,0.35,0.37,0.54,0.92,2.22,0.31,0.41,0.66,0.60,1.18,1.07,0.29,0.30,0.25
t=273 pos -8.29,-6.31 h=234 f=0.36 r=0.23 l=0.33 odo=83459 lid=0.36,0.29,0.28,0.36,0.45,0.97,2.29,0.40,0.49,0.74,0.73,1.37,0.25,0.25,0.19,0.21
t=275 pos -8.42,-6.58 h=269 f=0.20 r=0.15 l=0.53 odo=83633 lid=0.20,0.31,0.34,0.57,2.38,0.68,0.49,0.80,0.70,1.24,0.26,0.25,0.17,0.16,0.29,0.30
t=276 pos -8.23,-6.86 h=323 f=0.34 r=0.19 l=0.43 odo=83831 lid=0.34,0.93,2.33,0.47,0.52,0.79,0.76,1.41,0.25,0.26,0.17,0.28,0.34,0.21,0.22,0.30
t=277 pos -7.89,-7.04 h=341 f=0.49 r=0.18 l=0.34 odo=84049 lid=0.49,2.19,0.64,0.37,0.77,0.74,1.40,0.36,0.34,0.26,0.35,0.25,0.18,0.23,0.23,0.27
t=278 pos -7.41,-7.11 h=4 f=2.17 r=0.16 l=0.30 odo=84329 lid=2.17,0.80,0.49,0.33,0.82,0.85,1.28,0.46,0.37,0.44,0.23,0.23,0.19,0.17,0.22,0.37
t=279 pos -6.85,-6.98 h=22 f=0.69 r=0.16 l=0.26 odo=84660 lid=0.69,0.41,0.28,0.28,0.81,1.41,0.56,0.47,0.56,0.32,0.20,0.18,0.25,0.27,0.59,2.03
t=280 pos -6.56,-6.80 h=36 f=0.40 r=0.25 l=0.22 odo=84849 lid=0.40,0.32,0.22,0.24,0.88,1.26,0.62,0.66,0.42,0.28,0.23,0.27,0.27,0.48,1.36,1.07
t=281 pos -6.32,-6.64 h=41 f=0.28 r=0.25 l=0.16 odo=85017 lid=0.28,0.25,0.20,0.17,1.62,1.26,0.70,0.72,0.48,0.30,0.34,0.27,0.43,0.81,1.91,0.52
t=282 pos -6.27,-6.34 h=110 f=0.17 r=0.26 l=0.43 odo=85200 lid=0.17,1.64,1.26,0.71,0.72,0.47,0.29,0.31,0.26,0.44,0.81,1.90,0.54,0.28,0.25,0.19
t=283 pos -6.58,-6.00 h=139 f=1.40 r=0.11 l=0.33 odo=85461 lid=1.40,1.10,0.62,0.69,0.47,0.35,0.37,0.36,0.59,1.12,1.91,0.29,0.23,0.12,0.13,0.13
t=284 pos -7.16,-5.81 h=182 f=0.49 r=0.07 l=0.39 odo=85815 lid=0.49,0.49,0.53,0.44,0.39,0.45,0.61,1.16,2.04,0.31,0.12,0.07,0.34,0.59,1.30,1.02
t=285 pos -7.46,-5.86 h=185 f=0.46 r=0.31 l=0.36 odo=85988 lid=0.46,0.48,0.48,0.39,0.37,0.46,0.67,1.53,0.75,0.19,0.17,0.34,0.61,0.70,1.15,0.94
t=286 pos -7.68,-5.86 h=181 f=0.36 r=0.33 l=0.34 odo=86112 lid=0.36,0.36,0.51,0.36,0.40,0.39,0.52,0.91,2.17,0.25,0.30,0.35,0.62,0.64,1.17,0.86
t=287 pos -7.88,-5.87 h=189 f=0.32 r=0.58 l=0.33 odo=86228 lid=0.32,0.29,0.50,0.36,0.39,0.40,0.57,1.40,0.81,0.27,0.36,0.63,0.59,1.27,0.96,0.30
t=288 pos -8.11,-6.03 h=220 f=0.40 r=0.61 l=0.36 odo=86389 lid=0.40,0.39,0.33,0.39,0.45,0.85,2.31,0.36,0.40,0.63,0.61,0.66,1.12,0.79,0.27,0.28
t=289 pos -8.31,-6.22 h=231 f=0.35 r=0.22 l=0.34 odo=86546 lid=0.35,0.31,0.28,0.36,0.42,0.95,2.33,0.40,0.48,0.70,0.68,1.33,0.91,0.23,0.21,0.18
t=290 pos -8.45,-6.52 h=269 f=0.25 r=0.12 l=0.55 odo=86736 lid=0.25,0.30,0.35,0.60,2.36,0.68,0.49,0.77,0.69,1.22,0.26,0.23,0.20,0.13,0.31,0.33
t=291 pos -8.28,-6.82 h=315 f=0.33 r=0.20 l=0.51 odo=86936 lid=0.33,0.57,2.32,0.68,0.51,0.77,0.74,1.30,0.24,0.26,0.15,0.22,0.30,0.28,0.20,0.29
t=293 pos -7.99,-7.00 h=334 f=0.49 r=0.17 l=0.36 odo=87137 lid=0.49,2.29,0.67,0.39,0.75,0.72,1.31,0.35,0.33,0.21,0.33,0.33,0.19,0.19,0.26,0.27
t=294 pos -7.50,-7.09 h=357 f=2.15 r=0.17 l=0.33 odo=87421 lid=2.15,0.79,0.48,0.36,0.82,0.84,1.29,0.45,0.33,0.40,0.22,0.24,0.21,0.19,0.22,0.39
=== ex4 start 1787927368.4300673
t=0 pos 0.00,0.00 h=318 f=0.15 hand=1 odo=92218 lid=0.15,0.20,1.98,0.92,0.52,0.45,0.38,0.93,1.50,0.65,0.63,0.30,0.12,0.07,0.11,0.13
t=1 pos 0.37,-0.05 h=10 f=1.88 hand=1 odo=92439 lid=1.88,0.81,0.46,0.42,0.36,1.01,1.35,0.68,0.64,0.16,0.13,0.12,0.13,0.12,0.13,0.48
t=2 pos 0.87,0.21 h=47 f=0.47 hand=1 odo=92762 lid=0.47,0.36,0.34,0.36,1.61,0.76,0.76,0.43,0.20,0.20,0.11,0.11,0.29,0.43,1.86,0.77
t=3 pos 1.06,0.48 h=56 f=0.34 hand=1 odo=92947 lid=0.34,0.28,0.29,0.28,1.55,0.79,0.80,0.37,0.29,0.21,0.19,0.31,0.41,1.17,1.74,0.44
t=4 pos 1.19,0.72 h=81 f=0.24 hand=1 odo=93109 lid=0.24,0.27,0.27,1.49,0.82,0.84,0.40,0.33,0.22,0.30,0.34,0.47,1.70,0.88,0.39,0.28
t=5 pos 1.04,0.99 h=144 f=1.58 hand=1 odo=93293 lid=1.58,0.80,0.84,0.54,0.31,0.24,0.27,0.34,0.41,1.16,1.73,0.41,0.28,0.27,0.25,0.27
t=6 pos 0.60,1.25 h=154 f=1.30 hand=1 odo=93585 lid=1.30,0.70,0.77,0.52,0.33,0.35,0.30,0.44,0.83,1.91,0.47,0.26,0.21,0.16,0.15,0.19
t=7 pos 0.07,1.33 h=189 f=0.53 hand=1 odo=93894 lid=0.53,0.68,0.44,0.33,0.38,0.36,0.64,1.46,0.80,0.30,0.18,0.11,0.13,0.74,1.35,1.14
t=9 pos -0.25,1.20 h=200 f=0.56 hand=1 odo=94091 lid=0.56,0.41,0.39,0.28,0.36,0.36,0.75,2.02,0.44,0.22,0.17,0.36,0.67,1.44,1.03,0.55
t=10 pos -0.45,1.16 h=182 f=0.42 hand=1 odo=94205 lid=0.42,0.49,0.39,0.33,0.29,0.31,0.40,0.79,2.09,0.45,0.23,0.38,0.71,0.75,1.25,0.42
t=11 pos -0.63,1.19 h=162 f=0.35 hand=1 odo=94312 lid=0.35,0.34,0.44,0.42,0.31,0.32,0.35,0.49,1.17,2.16,0.32,0.31,0.70,0.63,1.26,1.03
t=12 pos -0.85,1.23 h=176 f=0.32 hand=1 odo=94437 lid=0.32,0.25,0.41,0.35,0.32,0.33,0.40,0.76,2.25,0.56,0.29,0.43,0.69,0.69,1.18,0.33
t=13 pos -1.11,1.14 h=222 f=0.40 hand=1 odo=94600 lid=0.40,0.35,0.31,0.37,0.40,0.78,2.31,0.57,0.31,0.43,0.65,0.70,1.16,0.28,0.31,0.25
t=14 pos -1.32,0.95 h=231 f=0.34 hand=1 odo=94762 lid=0.34,0.27,0.27,0.33,0.38,0.89,2.29,0.42,0.49,0.74,0.72,1.36,0.29,0.26,0.20,0.19
t=15 pos -1.45,0.69 h=269 f=0.23 hand=1 odo=94932 lid=0.23,0.25,0.33,0.55,2.33,0.72,0.42,0.76,0.68,1.24,0.30,0.25,0.17,0.17,0.28,0.30
t=16 pos -1.28,0.42 h=324 f=0.34 hand=1 odo=95116 lid=0.34,0.93,2.32,0.46,0.51,0.78,0.77,1.41,0.27,0.23,0.14,0.29,0.33,0.21,0.22,0.32
t=17 pos -0.97,0.25 h=338 f=0.49 hand=1 odo=95317 lid=0.49,2.26,0.67,0.36,0.56,0.73,1.34,0.35,0.34,0.23,0.34,0.30,0.19,0.21,0.23,0.26
t=18 pos -0.50,0.18 h=358 f=2.19 hand=1 odo=95591 lid=2.19,0.78,0.43,0.36,0.81,0.88,1.17,0.43,0.37,0.43,0.23,0.20,0.20,0.17,0.23,0.40
t=19 pos 0.05,0.31 h=29 f=0.69 hand=1 odo=95910 lid=0.69,0.40,0.27,0.46,0.85,1.39,0.53,0.47,0.55,0.30,0.23,0.19,0.24,0.28,0.61,2.06
t=20 pos 0.33,0.48 h=36 f=0.39 hand=1 odo=96100 lid=0.39,0.31,0.20,0.24,0.89,1.22,0.62,0.63,0.42,0.28,0.24,0.29,0.26,0.52,1.43,1.04
t=21 pos 0.57,0.64 h=33 f=0.32 hand=1 odo=96263 lid=0.32,0.25,0.19,0.17,0.23,1.34,0.63,0.64,0.50,0.34,0.31,0.29,0.41,0.57,1.41,0.98
t=22 pos 0.69,0.92 h=94 f=0.17 hand=1 odo=96446 lid=0.17,0.22,1.44,1.20,0.62,0.69,0.47,0.31,0.30,0.30,0.50,1.03,1.86,0.43,0.26,0.22
t=23 pos 0.45,1.23 h=138 f=1.59 hand=1 odo=96676 lid=1.59,1.14,0.64,0.70,0.48,0.34,0.35,0.32,0.51,0.94,1.88,0.36,0.25,0.14,0.13,0.14
t=24 pos -0.15,1.47 h=180 f=0.49 hand=1 odo=97055 lid=0.49,0.47,0.57,0.46,0.38,0.44,0.61,1.04,2.01,0.33,0.12,0.10,0.29,0.59,1.46,1.07
t=25 pos -0.46,1.42 h=189 f=0.43 hand=1 odo=97233 lid=0.43,0.54,0.41,0.41,0.36,0.47,0.69,1.56,0.71,0.18,0.16,0.31,0.61,0.70,1.10,0.97
t=26 pos -0.68,1.42 h=174 f=0.33 hand=1 odo=97357 lid=0.33,0.34,0.47,0.39,0.40,0.38,0.51,0.84,2.24,0.47,0.24,0.34,0.65,0.65,1.34,0.95
t=27 pos -0.91,1.41 h=190 f=0.32 hand=1 odo=97489 lid=0.32,0.29,0.49,0.35,0.41,0.41,0.57,1.42,0.82,0.26,0.37,0.61,0.60,1.29,0.94,0.27
t=29 pos -1.14,1.27 h=221 f=0.40 hand=1 odo=97646 lid=0.40,0.42,0.34,0.39,0.47,0.89,2.30,0.34,0.38,0.62,0.59,0.67,1.14,0.80,0.27,0.27
t=30 pos -1.34,1.06 h=231 f=0.36 hand=1 odo=97816 lid=0.36,0.33,0.30,0.38,0.46,1.01,2.29,0.38,0.45,0.71,0.69,1.36,0.90,0.24,0.22,0.17
t=31 pos -1.50,0.79 h=255 f=0.27 hand=1 odo=97991 lid=0.27,0.23,0.30,0.38,0.99,2.34,0.43,0.51,0.79,0.72,1.39,0.21,0.24,0.14,0.16,0.29
t=32 pos -1.36,0.48 h=315 f=0.34 hand=1 odo=98199 lid=0.34,0.59,2.29,0.64,0.53,0.77,0.74,1.39,0.24,0.24,0.14,0.17,0.28,0.28,0.21,0.28
t=33 pos -1.08,0.28 h=333 f=0.48 hand=1 odo=98397 lid=0.48,2.30,0.89,0.40,0.56,0.76,1.33,1.10,0.32,0.21,0.30,0.36,0.20,0.17,0.24,0.27
t=34 pos -0.64,0.16 h=353 f=1.63 hand=1 odo=98655 lid=1.63,1.08,0.55,0.34,0.80,0.83,1.31,0.42,0.31,0.38,0.27,0.19,0.22,0.19,0.21,0.39
t=35 pos -0.08,0.23 h=18 f=0.97 hand=1 odo=98977 lid=0.97,0.46,0.32,0.45,0.78,1.55,0.53,0.42,0.52,0.29,0.24,0.17,0.19,0.29,0.33,1.63
t=36 pos 0.30,0.43 h=33 f=0.41 hand=1 odo=99222 lid=0.41,0.34,0.23,0.24,0.90,1.24,0.61,0.63,0.40,0.29,0.20,0.27,0.25,0.47,1.39,1.08
t=37 pos 0.51,0.57 h=33 f=0.37 hand=1 odo=99369 lid=0.37,0.29,0.21,0.19,0.85,1.31,0.62,0.63,0.48,0.29,0.28,0.29,0.29,0.54,1.34,1.04
t=38 pos 0.68,0.83 h=85 f=0.18 hand=1 odo=99551 lid=0.18,0.20,0.91,1.28,0.68,0.72,0.45,0.33,0.31,0.27,0.41,0.59,1.91,0.71,0.29,0.27
t=39 pos 0.48,1.15 h=135 f=1.61 hand=1 odo=99771 lid=1.61,1.20,0.65,0.69,0.48,0.33,0.34,0.32,0.47,0.87,1.87,0.48,0.27,0.19,0.14,0.17
t=40 pos -0.07,1.44 h=171 f=1.03 hand=1 odo=100133 lid=1.03,0.50,0.62,0.46,0.38,0.41,0.43,0.73,2.06,0.40,0.12,0.11,0.12,0.64,0.74,1.16
t=41 pos -0.45,1.41 h=188 f=0.46 hand=1 odo=100348 lid=0.46,0.55,0.42,0.43,0.35,0.47,0.69,1.61,0.68,0.15,0.15,0.31,0.62,0.71,1.09,0.96
SWITCH HAND to -1 t=42 pos -0.66,1.40
t=42 pos -0.66,1.40 h=177 f=0.34 hand=-1 odo=100468 lid=0.34,0.33,0.50,0.39,0.39,0.36,0.53,0.85,2.23,0.27,0.22,0.33,0.65,0.65,1.31,0.92
t=43 pos -0.81,1.43 h=164 f=0.83 hand=-1 odo=100559 lid=0.83,0.29,0.29,0.45,0.37,0.42,0.43,0.57,1.36,0.88,0.26,0.36,0.62,0.56,1.17,1.07
t=44 pos -1.00,1.49 h=157 f=0.74 hand=-1 odo=100673 lid=0.74,0.22,0.25,0.24,0.45,0.40,0.47,0.63,1.25,2.28,0.32,0.39,0.60,0.56,1.11,0.99
t=45 pos -1.19,1.59 h=146 f=0.77 hand=-1 odo=100796 lid=0.77,0.67,0.13,0.22,0.23,0.47,0.42,0.51,0.74,2.36,0.36,0.41,0.62,0.49,0.54,1.20
t=46 pos -1.33,1.76 h=109 f=0.95 hand=-1 odo=100920 lid=0.95,0.84,0.62,0.61,0.63,0.09,0.24,0.54,0.58,0.73,1.41,0.43,0.43,0.62,0.44,0.44
t=48 pos -1.65,2.19 h=144 f=0.60 hand=-1 odo=101235 lid=0.60,0.49,0.55,0.63,0.82,0.61,0.60,0.74,1.15,0.51,0.47,0.60,0.39,0.37,0.87,1.01
t=49 pos -1.97,2.36 h=161 f=0.49 hand=-1 odo=101441 lid=0.49,0.48,0.53,0.62,0.72,0.32,0.71,0.99,2.05,0.53,0.67,0.39,0.34,0.82,0.91,0.56
t=50 pos -2.25,2.42 h=165 f=0.34 hand=-1 odo=101605 lid=0.34,0.41,0.44,0.55,0.71,0.61,0.28,1.08,0.65,0.66,0.62,0.38,1.38,0.77,0.67,0.42
t=51 pos -2.37,2.43 h=159 f=0.34 hand=-1 odo=101673 lid=0.34,0.33,0.36,0.51,0.79,0.70,0.34,1.05,2.15,0.64,0.68,0.43,1.37,0.74,0.84,0.40
t=52 pos -2.50,2.46 h=158 f=0.30 hand=-1 odo=101746 lid=0.30,0.25,0.35,0.42,0.72,0.77,0.57,0.95,1.78,0.70,0.74,0.41,1.41,0.76,0.83,0.37
t=53 pos -2.52,2.49 h=132 f=0.34 hand=-1 odo=101768 lid=0.34,0.29,0.23,0.27,0.34,0.52,0.74,0.64,0.37,1.58,0.76,0.75,0.35,1.38,0.70,0.77
t=54 pos -2.64,2.65 h=114 f=0.46 hand=-1 odo=101881 lid=0.46,0.26,0.22,0.20,0.18,0.35,0.56,0.85,0.71,1.15,0.85,0.87,0.48,1.70,0.71,0.66
t=55 pos -2.67,2.80 h=90 f=0.58 hand=-1 odo=101969 lid=0.58,0.41,0.22,0.19,0.18,0.21,0.20,0.60,0.91,0.78,1.30,0.88,0.86,0.92,1.50,0.63
t=56 pos -2.63,2.94 h=62 f=0.57 hand=-1 odo=102054 lid=0.57,0.45,0.55,0.29,0.21,0.17,0.25,0.24,0.54,0.95,0.85,1.32,0.93,0.79,0.85,1.58
t=57 pos -2.43,3.20 h=49 f=1.26 hand=-1 odo=102242 lid=1.26,0.46,0.38,0.49,0.31,0.30,0.24,0.28,0.41,0.85,1.06,1.18,1.62,0.82,0.76,0.77
t=58 pos -2.13,3.58 h=56 f=1.03 hand=-1 odo=102518 lid=1.03,0.33,0.31,0.40,0.47,0.34,0.37,0.38,0.69,1.19,0.74,1.40,0.29,0.68,0.65,2.49
t=59 pos -1.88,4.00 h=54 f=0.85 hand=-1 odo=102794 lid=0.85,0.23,0.23,0.21,0.43,0.44,0.43,0.47,0.85,1.31,1.26,0.35,0.49,0.63,0.56,1.26
t=60 pos -1.65,4.24 h=31 f=2.23 hand=-1 odo=102985 lid=2.23,0.77,0.69,0.13,0.15,0.21,0.25,0.49,0.60,0.79,1.40,0.38,0.49,0.63,0.52,0.46
t=61 pos -1.42,4.29 h=3 f=0.34 hand=-1 odo=103118 lid=0.34,2.06,0.79,0.59,0.59,0.38,0.18,0.26,0.63,0.68,0.87,1.48,0.39,0.44,0.55,0.47
t=62 pos -1.00,4.40 h=24 f=1.38 hand=-1 odo=103369 lid=1.38,0.74,0.60,0.61,0.46,0.39,0.23,0.73,0.78,0.99,0.46,0.46,0.43,0.45,0.29,0.27
t=63 pos -0.57,4.73 h=45 f=0.78 hand=-1 odo=103678 lid=0.78,0.57,0.48,0.55,0.43,0.40,0.32,0.90,1.07,0.53,0.51,0.56,0.24,0.17,0.23,1.27
t=64 pos -0.36,4.98 h=57 f=0.53 hand=-1 odo=103868 lid=0.53,0.46,0.42,0.52,0.43,0.41,0.38,0.99,1.54,0.63,0.59,0.16,0.14,0.23,1.10,1.83
t=65 pos -0.20,5.29 h=72 f=0.42 hand=-1 odo=104062 lid=0.42,0.38,0.48,0.56,0.43,0.40,0.98,1.39,0.67,0.64,0.18,0.18,0.48,1.07,1.70,0.45
t=66 pos -0.18,5.53 h=75 f=0.31 hand=-1 odo=104199 lid=0.31,0.31,0.43,0.55,0.44,0.42,1.09,1.67,0.74,0.30,0.23,0.30,1.10,1.10,0.61,0.38
t=67 pos -0.16,5.60 h=69 f=0.33 hand=-1 odo=104243 lid=0.33,0.26,0.26,0.41,0.53,0.44,0.44,1.24,0.81,0.71,0.25,0.28,0.53,1.07,1.66,0.35
t=68 pos -0.22,5.59 h=29 f=0.51 hand=-1 odo=104214 lid=0.51,0.30,0.27,0.25,0.26,0.42,0.43,0.51,1.12,1.62,0.82,0.26,0.27,0.50,1.06,1.07
t=70 pos 0.08,5.70 h=14 f=1.45 hand=-1 odo=104397 lid=1.45,0.42,0.20,0.21,0.23,0.26,0.47,0.53,0.62,1.26,0.95,0.32,0.28,0.43,1.12,0.96
t=71 pos 0.42,5.71 h=348 f=0.83 hand=-1 odo=104592 lid=0.83,0.80,1.41,0.32,0.18,0.19,0.24,0.34,0.74,0.75,1.39,0.97,0.27,0.33,0.37,0.99
t=72 pos 0.75,5.55 h=331 f=0.81 hand=-1 odo=104803 lid=0.81,0.69,0.73,1.26,0.29,0.30,0.24,0.37,0.50,0.78,0.84,0.40,0.27,0.29,0.26,0.89
t=73 pos 1.06,5.42 h=342 f=0.63 hand=-1 odo=104994 lid=0.63,0.58,0.67,1.06,0.33,0.35,0.33,0.46,0.94,0.93,1.50,0.27,0.30,0.23,0.82,0.81
t=74 pos 1.41,5.35 h=355 f=0.55 hand=-1 odo=105199 lid=0.55,0.56,1.29,0.94,0.33,0.40,0.35,0.67,1.00,1.50,0.30,0.27,0.20,0.79,0.84,0.58
t=75 pos 1.74,5.37 h=9 f=0.41 hand=-1 odo=105387 lid=0.41,0.52,0.96,0.82,0.32,0.42,0.59,1.07,1.04,0.38,0.27,0.20,0.72,0.81,0.61,0.48
t=76 pos 2.07,5.49 h=33 f=0.42 hand=-1 odo=105587 lid=0.42,1.08,0.84,0.81,0.32,0.46,0.83,1.12,0.47,0.31,1.25,0.74,0.77,0.53,0.40,0.34
t=77 pos 2.39,5.73 h=44 f=1.10 hand=-1 odo=105811 lid=1.10,0.80,0.69,0.79,0.34,0.49,1.14,1.81,0.48,1.44,0.77,0.80,0.45,0.35,0.26,0.33
t=78 pos 2.70,6.14 h=60 f=0.72 hand=-1 odo=106107 lid=0.72,0.68,0.70,0.85,0.30,0.56,1.28,0.67,1.44,0.89,0.87,0.38,0.19,0.20,0.25,0.86
t=79 pos 2.83,6.45 h=75 f=0.56 hand=-1 odo=106299 lid=0.56,0.52,0.67,0.95,0.29,1.33,0.92,0.58,1.50,0.91,0.39,0.20,0.22,0.20,0.79,0.75
t=80 pos 2.88,6.81 h=91 f=0.49 hand=-1 odo=106506 lid=0.49,0.54,0.74,1.38,0.31,1.93,0.80,1.61,1.01,0.49,0.24,0.19,0.41,0.73,0.74,0.51
t=81 pos 2.82,7.16 h=107 f=0.44 hand=-1 odo=106707 lid=0.44,0.51,0.87,2.78,1.44,0.98,0.70,1.16,0.65,0.29,0.22,0.69,0.72,0.71,0.46,0.46
t=82 pos 2.62,7.52 h=130 f=0.42 hand=-1 odo=106944 lid=0.42,0.67,2.74,0.43,2.23,0.80,1.19,0.95,0.37,0.40,0.70,0.72,0.50,0.37,0.37,0.38
t=83 pos 2.33,7.74 h=150 f=0.57 hand=-1 odo=107155 lid=0.57,2.55,0.77,0.32,0.90,1.24,1.06,0.48,0.49,0.82,0.83,0.43,0.35,0.26,0.33,0.36
t=84 pos 2.00,7.88 h=163 f=0.88 hand=-1 odo=107359 lid=0.88,2.58,0.56,0.30,0.87,1.28,0.86,0.53,0.72,0.88,0.53,0.38,0.25,0.28,0.29,0.43
t=85 pos 1.62,8.01 h=162 f=0.75 hand=-1 odo=107586 lid=0.75,2.50,0.65,0.31,0.30,1.28,1.13,0.64,0.97,0.94,0.46,0.28,0.25,0.21,0.24,0.33
t=86 pos 1.37,8.09 h=160 f=0.67 hand=-1 odo=107735 lid=0.67,2.38,0.73,0.45,0.27,0.30,1.27,0.71,0.90,1.02,0.49,0.29,0.19,0.19,0.24,0.28
t=87 pos 1.13,8.18 h=157 f=0.42 hand=-1 odo=107881 lid=0.42,2.34,0.88,0.50,0.42,0.28,0.35,0.84,0.88,1.10,0.35,0.25,0.15,0.19,0.21,0.22
t=88 pos 1.12,8.11 h=115 f=0.18 hand=-1 odo=107860 lid=0.18,0.19,0.56,2.26,0.70,0.49,0.44,0.30,0.39,0.84,1.20,1.17,0.37,0.17,0.15,0.18
t=89 pos 1.05,7.81 h=48 f=0.17 hand=-1 odo=107679 lid=0.17,0.15,0.17,0.17,0.19,0.54,2.27,0.82,0.49,0.43,0.31,0.39,0.85,1.20,1.17,0.38
t=90 pos 1.01,7.76 h=4 f=1.10 hand=-1 odo=107642 lid=1.10,0.33,0.17,0.13,0.15,0.17,0.20,0.38,2.33,0.90,0.54,0.44,0.33,1.49,0.82,1.13
t=91 pos 1.22,7.69 h=321 f=0.65 hand=-1 odo=107771 lid=0.65,1.03,1.03,0.25,0.24,0.16,0.14,0.17,0.30,0.72,2.48,0.74,0.49,0.32,1.39,1.00
t=92 pos 1.34,7.55 h=306 f=0.69 hand=-1 odo=107880 lid=0.69,0.62,0.98,0.93,0.40,0.28,0.24,0.21,0.32,0.41,1.58,1.01,0.49,0.30,0.26,1.30
t=93 pos 1.50,7.34 h=302 f=0.75 hand=-1 odo=108028 lid=0.75,0.52,0.90,0.94,0.48,0.28,0.32,0.30,0.36,0.48,1.57,0.83,0.30,0.27,0.74,1.22
t=95 pos 1.70,7.09 h=314 f=0.48 hand=-1 odo=108209 lid=0.48,0.42,0.86,0.92,0.51,0.34,0.39,0.38,0.53,0.94,2.56,0.28,0.21,0.80,1.17,1.07
t=96 pos 1.98,6.87 h=331 f=0.36 hand=-1 odo=108417 lid=0.36,0.80,0.81,0.66,0.47,0.34,0.42,0.49,0.80,2.68,0.30,2.11,0.78,1.66,1.13,0.43
t=97 pos 2.17,6.77 h=332 f=0.32 hand=-1 odo=108535 lid=0.32,0.49,0.77,0.75,0.50,0.42,0.47,0.54,0.87,2.74,1.33,2.19,0.70,1.09,0.93,0.34
t=98 pos 2.17,6.78 h=305 f=0.31 hand=-1 odo=108531 lid=0.31,0.28,0.42,0.77,0.79,0.51,0.47,0.51,0.57,0.90,2.78,1.39,0.95,0.66,1.07,0.90
t=99 pos 2.22,6.72 h=296 f=0.51 hand=-1 odo=108574 lid=0.51,0.26,0.21,0.71,0.76,0.60,0.48,0.45,0.55,0.73,1.65,0.51,2.00,0.78,1.59,0.99
t=100 pos 2.32,6.55 h=296 f=0.46 hand=-1 odo=108689 lid=0.46,0.22,0.21,0.18,0.75,0.79,0.58,0.55,0.57,0.81,1.64,0.60,1.99,0.75,1.55,0.95
t=101 pos 2.34,6.35 h=266 f=0.93 hand=-1 odo=108806 lid=0.93,0.65,0.18,0.15,0.16,0.17,0.86,0.67,0.64,0.68,0.88,1.45,1.36,1.87,0.67,1.57
t=102 pos 2.22,6.08 h=229 f=1.12 hand=-1 odo=108973 lid=1.12,1.32,0.75,0.54,0.28,0.23,0.16,0.23,1.01,0.78,0.71,0.83,0.39,0.60,1.34,0.63
t=103 pos 1.93,5.76 h=233 f=0.98 hand=-1 odo=109220 lid=0.98,1.22,0.70,0.74,0.47,0.32,0.30,0.28,1.15,0.90,0.87,0.41,0.55,0.90,1.18,0.48
t=104 pos 1.62,5.33 h=242 f=1.23 hand=-1 odo=109521 lid=1.23,0.56,0.61,0.64,0.49,0.40,0.39,0.51,1.04,0.94,0.47,0.54,0.86,1.17,0.37,0.73
t=105 pos 1.47,4.84 h=259 f=1.02 hand=-1 odo=109814 lid=1.02,0.50,0.52,0.51,0.45,0.41,0.45,1.30,1.08,0.54,0.60,0.82,1.11,0.14,0.61,1.00
t=106 pos 1.37,4.38 h=264 f=1.04 hand=-1 odo=110082 lid=1.04,0.54,0.53,0.52,0.41,0.43,0.44,1.25,1.00,0.53,0.58,0.87,1.16,0.10,0.66,1.01
t=107 pos 1.28,3.92 h=256 f=1.02 hand=-1 odo=110349 lid=1.02,0.53,0.54,0.51,0.43,0.43,0.44,1.27,1.05,0.52,0.59,0.86,1.16,0.12,0.64,1.02
t=108 pos 1.19,3.43 h=259 f=1.00 hand=-1 odo=110632 lid=1.00,0.55,0.56,0.52,0.42,0.44,0.44,1.18,0.99,0.53,0.60,0.91,1.13,0.10,0.67,1.02
t=109 pos 1.12,2.97 h=260 f=1.03 hand=-1 odo=110896 lid=1.03,0.54,0.57,0.50,0.43,0.44,0.43,1.19,0.99,0.51,0.59,0.90,1.15,0.09,0.64,1.02
t=110 pos 1.05,2.52 h=263 f=1.04 hand=-1 odo=111157 lid=1.04,0.54,0.56,0.50,0.40,0.43,0.44,1.20,1.00,0.51,0.59,0.89,1.15,0.10,0.64,1.04
RECOVER t=110
t=112 pos 1.00,2.50 h=332 f=0.48 hand=-1 odo=111150 lid=0.48,0.40,0.35,0.53,0.99,0.91,0.41,0.51,0.80,1.17,0.40,0.22,1.25,1.12,0.65,0.60
t=113 pos 1.44,2.45 h=7 f=0.33 hand=-1 odo=111406 lid=0.33,0.31,0.49,0.92,0.92,0.47,0.59,1.25,1.40,0.24,0.97,1.17,0.65,0.65,0.47,0.30
t=114 pos 1.36,2.50 h=333 f=0.32 hand=-1 odo=111355 lid=0.32,0.31,0.29,0.39,0.97,0.86,0.96,0.59,0.90,1.24,0.48,0.91,1.21,0.63,0.59,0.46
t=116 pos 1.47,2.39 h=319 f=0.39 hand=-1 odo=111446 lid=0.39,0.25,0.24,0.28,0.27,1.00,0.92,1.08,0.65,1.23,1.24,0.79,0.99,1.14,0.60,0.62
t=117 pos 1.62,2.24 h=308 f=0.35 hand=-1 odo=111568 lid=0.35,0.26,0.18,0.20,0.24,0.28,1.02,1.06,0.63,0.92,1.36,0.83,0.95,1.21,0.56,0.48
t=118 pos 1.67,2.10 h=280 f=0.38 hand=-1 odo=111650 lid=0.38,0.33,0.24,0.21,0.15,0.17,0.29,0.58,1.06,0.68,0.95,1.38,0.86,0.92,1.21,0.47
t=119 pos 1.64,1.97 h=247 f=0.41 hand=-1 odo=111730 lid=0.41,0.34,0.35,0.24,0.23,0.21,0.20,0.22,0.38,1.21,1.29,0.84,1.43,0.86,0.84,1.12
t=120 pos 1.54,1.79 h=235 f=0.36 hand=-1 odo=111847 lid=0.36,0.33,0.27,0.28,0.25,0.24,0.25,0.28,0.37,1.26,1.28,0.91,1.17,0.83,0.74,0.83
t=121 pos 1.27,1.53 h=217 f=0.85 hand=-1 odo=112058 lid=0.85,0.22,0.21,0.23,0.23,0.35,0.28,0.37,0.39,0.58,1.39,0.85,0.37,0.67,0.68,0.68
t=122 pos 1.08,1.43 h=186 f=0.57 hand=-1 odo=112183 lid=0.57,0.61,0.85,0.15,0.13,0.20,0.26,0.44,0.41,0.50,0.66,1.39,0.87,0.40,0.60,0.61
t=123 pos 0.94,1.46 h=158 f=0.56 hand=-1 odo=112264 lid=0.56,0.46,0.54,0.71,0.66,0.66,0.16,0.29,0.33,0.47,0.54,0.71,1.42,0.86,0.34,0.56
t=124 pos 0.50,1.50 h=186 f=0.38 hand=-1 odo=112519 lid=0.38,0.46,0.65,0.66,0.67,0.73,0.28,0.44,0.59,0.64,0.92,1.43,0.32,0.34,0.51,0.45
t=125 pos 0.10,1.35 h=214 f=0.35 hand=-1 odo=112768 lid=0.35,0.55,0.62,0.65,0.72,0.85,0.50,0.67,0.74,1.75,0.35,0.30,0.45,0.45,0.30,0.32
t=126 pos -0.14,1.15 h=220 f=0.30 hand=-1 odo=112946 lid=0.30,0.51,0.55,0.61,0.73,0.85,0.56,0.80,0.90,0.45,0.35,0.43,0.48,0.27,0.24,0.26
t=127 pos 0.15,1.16 h=154 f=0.25 hand=-1 odo=112770 lid=0.25,0.24,0.26,0.30,0.51,0.56,0.61,0.74,0.87,0.58,0.79,0.93,0.43,0.36,0.45,0.46
t=128 pos 0.12,1.22 h=123 f=0.42 hand=-1 odo=112809 lid=0.42,0.28,0.18,0.21,0.24,0.33,0.67,0.66,0.79,0.94,0.59,0.82,0.93,0.40,0.30,0.39
t=129 pos 0.07,1.35 h=98 f=0.31 hand=-1 odo=112891 lid=0.31,0.32,0.31,0.20,0.16,0.19,0.27,0.59,0.67,0.82,1.06,0.62,0.81,0.92,0.36,0.25
t=130 pos 0.03,1.21 h=44 f=0.35 hand=-1 odo=112804 lid=0.35,0.23,0.26,0.32,0.35,0.26,0.18,0.17,0.27,0.59,0.69,0.78,1.05,0.62,0.77,0.86
SWITCH HAND to 1 t=131 pos 0.19,1.35
t=131 pos 0.19,1.35 h=29 f=0.81 hand=1 odo=112927 lid=0.81,0.25,0.18,0.17,0.28,0.37,0.34,0.24,0.29,0.43,0.82,0.81,0.89,0.55,0.71,0.73
t=132 pos 0.39,1.42 h=10 f=0.63 hand=1 odo=113051 lid=0.63,0.70,0.20,0.16,0.14,0.17,0.34,0.42,0.33,0.40,0.73,0.79,0.84,0.39,0.53,0.64
t=133 pos 0.64,1.47 h=10 f=0.55 hand=1 odo=113195 lid=0.55,0.64,1.54,0.16,0.16,0.15,0.20,0.48,0.44,0.46,0.77,0.80,0.82,0.36,0.48,0.56
t=134 pos 0.87,1.47 h=356 f=0.51 hand=1 odo=113324 lid=0.51,0.48,0.58,1.29,1.20,0.18,0.19,0.24,0.57,0.51,0.65,0.93,0.83,0.35,0.41,0.54
t=136 pos 1.08,1.43 h=344 f=0.40 hand=1 odo=113449 lid=0.40,0.44,0.43,0.55,1.22,1.21,0.75,0.25,0.61,0.57,0.66,0.90,0.85,0.30,0.35,0.46
t=137 pos 1.30,1.35 h=338 f=0.34 hand=1 odo=113582 lid=0.34,0.34,0.36,0.44,0.75,1.19,0.81,0.99,0.37,0.69,0.68,0.90,0.32,0.31,0.30,0.33
t=138 pos 1.59,1.32 h=7 f=0.33 hand=1 odo=113751 lid=0.33,0.32,0.47,1.27,1.24,0.88,0.34,0.76,0.65,0.79,0.98,0.29,0.32,0.27,0.37,0.29
t=139 pos 1.84,1.46 h=50 f=0.39 hand=1 odo=113916 lid=0.39,0.75,1.23,0.83,1.07,0.47,0.72,0.80,1.06,0.32,0.32,0.26,0.39,0.29,0.30,0.29
t=140 pos 2.02,1.69 h=53 f=0.37 hand=1 odo=114084 lid=0.37,1.16,1.20,0.81,1.08,0.45,0.77,0.87,1.08,0.41,0.31,0.39,0.25,0.25,0.23,0.21
t=141 pos 2.19,1.99 h=74 f=0.38 hand=1 odo=114280 lid=0.38,1.07,0.69,0.98,1.37,0.84,0.92,1.20,0.45,0.37,0.39,0.25,0.22,0.15,0.17,0.26
t=142 pos 2.18,2.59 h=103 f=1.02 hand=1 odo=114621 lid=1.02,0.61,0.93,1.39,0.88,1.01,1.17,0.58,0.53,0.31,0.19,0.16,0.16,0.21,0.24,0.97
t=143 pos 1.93,3.08 h=126 f=0.46 hand=1 odo=114937 lid=0.46,0.62,1.27,0.59,0.92,1.38,0.68,0.63,0.43,0.25,0.24,0.20,0.20,0.39,0.86,0.90
t=144 pos 1.68,3.32 h=142 f=0.56 hand=1 odo=115137 lid=0.56,1.10,1.23,0.53,1.06,1.26,0.70,0.59,0.35,0.31,0.23,0.31,1.06,0.80,0.83,0.95
t=145 pos 1.53,3.47 h=130 f=0.32 hand=1 odo=115257 lid=0.32,0.46,1.15,1.70,0.51,1.41,0.75,0.74,0.58,0.36,0.27,0.34,1.03,0.83,0.71,0.78
t=146 pos 1.38,3.60 h=132 f=0.30 hand=1 odo=115372 lid=0.30,0.42,1.08,1.74,0.50,0.36,0.78,0.81,0.58,0.41,0.32,0.40,1.08,0.77,0.73,0.78
t=147 pos 1.21,3.75 h=139 f=0.34 hand=1 odo=115497 lid=0.34,0.39,1.12,1.75,0.50,0.36,0.83,0.90,0.52,0.40,0.40,1.00,0.86,0.74,0.69,0.22
t=148 pos 1.01,3.89 h=153 f=0.31 hand=1 odo=115638 lid=0.31,1.07,1.09,0.54,0.48,1.38,0.89,0.76,0.52,0.42,0.98,1.07,0.74,0.68,0.17,0.20
t=149 pos 0.53,3.90 h=188 f=1.03 hand=1 odo=115911 lid=1.03,1.69,0.44,0.39,0.87,0.98,0.63,0.48,0.55,1.20,0.78,0.17,0.17,0.25,0.22,0.58
t=150 pos -0.00,3.66 h=217 f=1.58 hand=1 odo=116250 lid=1.58,0.36,0.36,0.34,0.93,0.84,0.65,0.67,1.29,0.24,0.24,0.24,0.20,0.34,0.87,0.87
t=151 pos -0.35,3.36 h=224 f=0.33 hand=1 odo=116513 lid=0.33,0.24,0.28,0.29,1.03,0.77,0.68,1.35,1.04,0.35,0.23,0.28,0.37,0.80,0.80,1.38
t=152 pos -0.46,3.07 h=282 f=0.27 hand=1 odo=116695 lid=0.27,0.29,0.97,0.77,0.73,1.42,0.36,0.34,0.25,0.34,0.44,0.78,0.76,1.40,0.29,0.21
t=154 pos -0.20,2.81 h=324 f=0.89 hand=1 odo=116912 lid=0.89,0.74,0.71,1.46,0.37,0.36,0.27,0.38,0.48,0.73,0.78,1.53,0.19,0.21,0.27,0.26
t=155 pos 0.21,2.61 h=343 f=0.66 hand=1 odo=117170 lid=0.66,0.61,0.71,1.10,0.38,0.40,0.34,0.52,0.95,0.84,0.37,0.21,0.23,0.19,0.17,0.83
t=156 pos 0.61,2.59 h=9 f=0.52 hand=1 odo=117404 lid=0.52,0.63,1.09,0.90,0.40,0.39,0.57,0.98,0.94,0.27,0.25,0.17,0.15,0.73,0.72,0.55
t=157 pos 0.92,2.69 h=15 f=0.44 hand=1 odo=117588 lid=0.44,1.17,0.96,0.88,0.35,0.41,0.64,1.00,1.54,0.34,0.21,1.19,0.72,0.81,0.57,0.48
t=158 pos 1.14,2.70 h=347 f=0.38 hand=1 odo=117714 lid=0.38,0.33,0.50,0.94,0.80,0.85,0.47,0.67,1.10,1.61,0.39,1.18,1.17,0.70,0.62,0.42
t=159 pos 1.36,2.62 h=340 f=0.31 hand=1 odo=117847 lid=0.31,0.29,0.28,0.44,0.89,0.88,0.98,0.57,1.12,1.17,0.47,0.98,1.21,0.67,0.70,0.45
t=160 pos 1.63,2.69 h=32 f=0.29 hand=1 odo=118011 lid=0.29,1.10,0.88,0.88,0.41,0.55,1.25,1.72,0.32,1.21,0.69,0.64,0.55,0.33,0.31,0.26
t=161 pos 1.83,2.86 h=42 f=0.35 hand=1 odo=118158 lid=0.35,0.86,0.79,0.85,0.45,0.76,1.30,0.59,1.00,1.27,0.73,0.73,0.35,0.27,0.23,0.20
t=162 pos 2.08,3.20 h=59 f=0.80 hand=1 odo=118402 lid=0.80,0.78,0.78,0.95,0.59,1.28,1.89,0.45,1.45,0.81,0.62,0.30,0.18,0.13,0.16,0.28
t=163 pos 2.12,3.66 h=98 f=0.64 hand=1 odo=118669 lid=0.64,0.77,1.22,0.58,1.33,0.70,1.44,0.87,0.82,0.34,0.14,0.14,0.17,0.22,0.86,0.67
t=164 pos 1.95,4.01 h=124 f=0.71 hand=1 odo=118891 lid=0.71,1.16,0.53,1.31,0.72,0.55,0.93,0.94,0.38,0.19,0.20,0.20,0.81,0.67,0.59,0.61
t=165 pos 1.83,4.21 h=116 f=0.57 hand=1 odo=119024 lid=0.57,0.72,1.38,0.48,1.84,0.73,1.66,1.04,0.76,0.29,0.28,0.24,0.81,0.81,0.54,0.48
t=166 pos 1.78,4.42 h=98 f=0.43 hand=1 odo=119145 lid=0.43,0.50,0.67,1.58,0.34,1.97,0.78,1.59,1.03,0.57,0.35,0.31,0.78,0.88,0.53,0.49
t=167 pos 1.78,4.65 h=89 f=0.32 hand=1 odo=119278 lid=0.32,0.41,0.56,1.02,2.69,0.32,0.91,0.71,1.18,0.66,0.40,0.43,0.77,0.84,0.50,0.41
t=168 pos 1.76,4.86 h=95 f=0.30 hand=1 odo=119397 lid=0.30,0.36,0.52,1.01,2.74,0.37,0.92,0.77,1.21,0.51,0.36,0.54,0.79,0.74,0.38,0.35
t=170 pos 1.69,5.08 h=115 f=0.32 hand=1 odo=119528 lid=0.32,0.39,0.78,2.70,0.44,1.04,0.80,1.26,0.53,0.37,0.72,0.79,0.73,0.35,0.34,0.26
t=171 pos 1.52,5.27 h=142 f=0.50 hand=1 odo=119678 lid=0.50,0.98,2.70,0.38,0.91,1.79,1.23,0.51,0.50,0.80,0.78,0.41,0.33,0.21,0.26,0.30
t=172 pos 1.22,5.42 h=158 f=0.60 hand=1 odo=119869 lid=0.60,2.58,0.74,0.35,0.91,1.31,0.88,0.52,0.88,0.84,0.48,0.34,0.19,0.22,0.25,0.27
t=173 pos 0.76,5.51 h=175 f=2.32 hand=1 odo=120136 lid=2.32,1.00,0.51,0.33,0.30,1.35,0.66,0.73,1.01,0.55,0.25,0.26,0.18,0.15,0.27,0.35
t=174 pos 0.20,5.44 h=199 f=0.97 hand=1 odo=120456 lid=0.97,0.50,0.40,0.26,0.30,0.97,0.67,1.15,0.64,0.36,0.25,0.18,0.25,0.26,0.42,2.17
t=175 pos -0.14,5.29 h=208 f=0.60 hand=1 odo=120669 lid=0.60,0.32,0.34,0.20,0.29,0.89,0.91,1.16,0.46,0.31,0.23,0.26,0.26,0.36,0.82,2.26
t=176 pos -0.40,5.15 h=209 f=0.51 hand=1 odo=120834 lid=0.51,0.29,0.24,0.28,0.22,0.35,0.93,1.22,0.54,0.33,0.33,0.27,0.30,0.51,1.06,2.21
t=177 pos -0.63,5.02 h=212 f=0.42 hand=1 odo=120987 lid=0.42,0.26,0.20,0.25,0.21,0.23,0.84,1.30,0.60,0.38,0.34,0.30,0.34,0.50,1.11,2.17
t=178 pos -0.84,4.91 h=205 f=0.37 hand=1 odo=121124 lid=0.37,0.22,0.17,0.14,0.23,0.24,0.41,1.43,0.89,0.47,0.36,0.34,0.38,0.47,0.95,2.06
t=179 pos -1.11,4.76 h=229 f=0.20 hand=1 odo=121301 lid=0.20,0.17,0.13,0.15,0.26,0.29,1.47,0.76,0.48,0.35,0.39,0.47,0.61,1.11,2.05,0.31
t=180 pos -1.08,4.77 h=221 f=0.26 hand=1 odo=121281 lid=0.26,0.18,0.15,0.12,0.26,0.24,1.43,1.08,0.53,0.41,0.37,0.39,0.48,0.90,2.00,0.33
t=181 pos -1.02,4.79 h=206 f=0.28 hand=1 odo=121250 lid=0.28,0.17,0.15,0.12,0.17,0.26,0.48,1.44,0.72,0.48,0.36,0.38,0.46,0.90,1.59,0.94
t=182 pos -1.06,4.73 h=224 f=0.23 hand=1 odo=121288 lid=0.23,0.18,0.12,0.11,0.25,0.27,1.44,1.03,0.53,0.38,0.36,0.40,0.47,0.93,1.98,0.31
t=183 pos -1.01,4.74 h=220 f=0.32 hand=1 odo=121263 lid=0.32,0.18,0.15,0.14,0.18,0.28,0.97,1.48,0.69,0.48,0.36,0.36,0.47,0.69,1.91,0.54
t=184 pos -0.99,4.74 h=206 f=0.30 hand=1 odo=121253 lid=0.30,0.17,0.15,0.13,0.12,0.25,0.29,1.49,0.76,0.51,0.34,0.37,0.45,0.60,1.13,2.03
SWITCH HAND to -1 t=185 pos -1.04,4.69
t=185 pos -1.04,4.69 h=222 f=0.24 hand=-1 odo=121295 lid=0.24,0.16,0.14,0.12,0.25,0.27,1.44,1.06,0.51,0.39,0.38,0.42,0.47,0.90,1.99,0.30
t=186 pos -1.03,4.75 h=172 f=1.97 hand=-1 odo=121283 lid=1.97,0.46,0.23,0.17,0.14,0.15,0.14,0.31,1.01,1.56,0.56,0.41,0.37,0.42,0.43,0.81
t=188 pos -1.27,4.85 h=141 f=0.54 hand=-1 odo=121430 lid=0.54,1.24,1.86,0.36,0.18,0.22,0.23,0.22,0.26,0.47,1.61,0.71,0.40,0.34,0.35,0.32
t=189 pos -1.36,4.95 h=114 f=0.27 hand=-1 odo=121508 lid=0.27,0.42,0.85,1.77,0.45,0.31,0.24,0.26,0.28,0.34,0.71,1.64,0.60,0.36,0.30,0.29
t=190 pos -1.38,4.69 h=54 f=0.34 hand=-1 odo=121354 lid=0.34,0.29,0.28,0.28,0.46,1.27,1.83,0.42,0.26,0.24,0.27,0.32,0.48,1.20,1.68,0.56
t=191 pos -1.30,4.76 h=34 f=0.36 hand=-1 odo=121418 lid=0.36,0.28,0.24,0.26,0.26,0.39,1.26,1.92,0.47,0.31,0.32,0.29,0.33,0.50,1.32,1.10
t=192 pos -1.11,4.86 h=18 f=0.57 hand=-1 odo=121538 lid=0.57,0.24,0.21,0.18,0.21,0.26,0.45,1.91,1.08,0.48,0.37,0.33,0.32,0.47,1.14,1.58
t=193 pos -0.84,4.87 h=352 f=1.46 hand=-1 odo=121694 lid=1.46,0.68,0.33,0.17,0.18,0.17,0.22,0.34,0.91,2.09,0.57,0.42,0.35,0.34,0.40,0.53
t=194 pos -0.54,4.73 h=321 f=0.43 hand=-1 odo=121882 lid=0.43,1.04,1.33,0.52,0.30,0.24,0.21,0.26,0.44,1.02,2.18,0.48,0.37,0.26,0.32,0.26
t=195 pos -0.32,4.56 h=327 f=0.89 hand=-1 odo=122043 lid=0.89,0.97,1.26,0.51,0.34,0.30,0.27,0.34,0.54,1.24,1.62,0.47,0.25,0.26,0.22,0.21
t=196 pos 0.01,4.36 h=327 f=0.71 hand=-1 odo=122259 lid=0.71,1.16,1.20,0.48,0.39,0.34,0.35,0.43,0.67,2.24,0.61,0.26,0.24,0.13,0.11,0.19
t=197 pos 0.19,4.23 h=324 f=0.68 hand=-1 odo=122390 lid=0.68,0.79,1.09,0.64,0.48,0.36,0.41,0.41,0.73,2.01,0.64,0.28,0.12,0.10,0.13,0.17
t=198 pos 0.36,4.08 h=315 f=0.78 hand=-1 odo=122518 lid=0.78,0.58,1.05,1.09,0.59,0.45,0.39,0.47,0.60,1.25,2.40,0.12,0.08,0.09,0.10,0.12
t=199 pos 0.58,3.90 h=321 f=0.74 hand=-1 odo=122679 lid=0.74,0.59,1.06,1.02,0.61,0.44,0.38,0.46,0.61,1.31,1.00,0.11,0.07,0.10,0.09,0.10
t=200 pos 0.78,3.72 h=318 f=0.74 hand=-1 odo=122830 lid=0.74,0.58,1.05,1.02,0.61,0.47,0.39,0.48,0.63,1.31,1.05,0.11,0.08,0.08,0.09,0.09
t=201 pos 0.99,3.55 h=317 f=0.73 hand=-1 odo=122984 lid=0.73,0.57,1.06,1.00,0.60,0.45,0.39,0.47,0.62,1.32,1.00,0.10,0.11,0.10,0.10,0.07
t=202 pos 1.20,3.36 h=317 f=0.74 hand=-1 odo=123143 lid=0.74,0.57,1.07,1.02,0.59,0.44,0.38,0.49,0.63,1.32,1.04,0.10,0.09,0.09,0.11,0.09
RECOVER t=203
t=205 pos 1.31,3.19 h=33 f=0.66 hand=-1 odo=123230 lid=0.66,0.45,0.33,0.36,0.35,0.57,1.25,0.99,0.30,0.28,0.12,0.15,0.18,0.75,0.78,1.11
t=206 pos 1.57,3.39 h=43 f=0.38 hand=-1 odo=123413 lid=0.38,0.34,0.27,0.34,0.37,0.72,2.41,0.70,0.37,0.17,0.21,0.21,0.86,0.65,1.10,0.99
t=207 pos 1.72,3.56 h=40 f=0.32 hand=-1 odo=123546 lid=0.32,0.29,0.23,0.25,0.36,0.56,2.45,0.75,0.43,0.24,0.27,1.29,0.71,0.67,1.05,0.64
t=208 pos 1.84,3.61 h=20 f=0.58 hand=-1 odo=123621 lid=0.58,0.26,0.27,0.23,0.20,0.32,0.41,2.51,0.84,0.51,0.33,0.28,1.34,0.64,0.69,1.00
t=209 pos 2.17,3.66 h=355 f=0.86 hand=-1 odo=123812 lid=0.86,0.72,0.30,0.16,0.18,0.21,0.25,0.48,2.48,0.97,0.40,0.32,1.35,1.13,0.52,0.63
t=210 pos 2.38,3.59 h=329 f=0.50 hand=-1 odo=123937 lid=0.50,0.77,0.73,0.35,0.29,0.25,0.21,0.29,0.38,1.30,1.26,0.46,0.98,1.84,1.13,0.43
t=211 pos 2.59,3.44 h=325 f=0.43 hand=-1 odo=124087 lid=0.43,0.67,0.65,0.62,0.33,0.30,0.26,0.34,0.45,1.10,1.43,0.44,0.98,1.80,1.25,0.35
t=212 pos 2.81,3.28 h=326 f=0.32 hand=-1 odo=124239 lid=0.32,0.61,0.62,0.66,0.35,0.31,0.37,0.31,0.51,1.20,1.14,2.18,0.92,1.23,0.41,0.23
t=213 pos 2.79,3.33 h=291 f=0.27 hand=-1 odo=124210 lid=0.27,0.27,0.36,0.61,0.59,0.56,0.36,0.32,0.35,0.48,0.79,2.83,1.49,0.95,1.81,1.12
t=214 pos 2.81,3.27 h=277 f=0.31 hand=-1 odo=124244 lid=0.31,0.18,0.23,0.33,0.61,0.62,0.53,0.38,0.40,0.37,0.57,1.22,1.16,2.17,0.89,1.72
t=215 pos 2.75,3.02 h=244 f=1.61 hand=-1 odo=124389 lid=1.61,0.97,0.21,0.19,0.11,0.29,0.67,0.73,0.49,0.48,0.50,0.65,1.22,0.39,2.00,0.84
t=216 pos 2.61,2.88 h=211 f=0.93 hand=-1 odo=124503 lid=0.93,0.57,1.52,0.92,0.39,0.19,0.19,0.20,0.77,0.75,0.58,0.53,0.65,0.94,0.31,1.32
t=217 pos 2.21,2.69 h=212 f=0.81 hand=-1 odo=124758 lid=0.81,0.55,1.45,0.89,0.65,0.38,0.26,0.29,0.87,0.78,0.65,0.64,0.76,1.06,0.44,1.26
t=218 pos 1.93,2.45 h=227 f=0.55 hand=-1 odo=124969 lid=0.55,0.39,0.85,0.89,0.47,0.35,0.36,0.96,0.97,0.72,0.70,0.77,0.24,0.41,1.11,1.78
t=220 pos 1.74,2.17 h=243 f=0.31 hand=-1 odo=125161 lid=0.31,1.29,0.80,0.67,0.47,0.36,0.43,1.18,0.81,0.74,0.28,0.36,0.40,1.06,1.62,0.46
t=221 pos 1.67,2.04 h=241 f=0.31 hand=-1 odo=125241 lid=0.31,1.25,0.78,0.77,0.53,0.46,0.40,1.08,0.91,0.76,0.30,0.39,0.42,1.10,1.10,0.43
t=222 pos 1.59,1.91 h=234 f=0.30 hand=-1 odo=125330 lid=0.30,0.23,0.71,0.78,0.62,0.50,0.41,0.55,0.96,0.79,0.32,0.40,0.56,1.09,1.06,0.41
t=223 pos 1.54,1.85 h=226 f=0.31 hand=-1 odo=125376 lid=0.31,0.18,1.17,0.73,0.67,0.50,0.46,0.54,1.21,0.94,0.36,0.43,0.41,0.94,1.03,0.39
t=224 pos 1.60,1.83 h=191 f=1.51 hand=-1 odo=125354 lid=1.51,0.29,0.19,0.16,0.69,0.78,0.64,0.53,0.49,1.23,0.97,0.88,0.40,0.41,0.68,0.98
t=225 pos 1.29,1.86 h=162 f=0.92 hand=-1 odo=125529 lid=0.92,0.85,0.34,0.23,0.25,0.19,0.20,0.80,0.65,0.60,0.69,1.08,0.37,0.37,0.37,0.54
t=226 pos 1.07,1.97 h=145 f=0.50 hand=-1 odo=125672 lid=0.50,0.76,0.77,1.48,0.22,0.23,0.27,0.25,0.90,0.73,0.70,1.41,0.40,0.36,0.26,0.38
t=227 pos 0.95,2.07 h=124 f=0.30 hand=-1 odo=125764 lid=0.30,0.41,0.72,0.74,1.44,0.34,0.26,0.32,0.34,0.95,0.80,0.79,1.39,0.34,0.24,0.21
t=228 pos 0.94,1.80 h=58 f=0.33 hand=-1 odo=125600 lid=0.33,0.23,0.22,0.32,0.43,0.70,0.72,1.47,0.35,0.24,0.34,0.34,0.95,0.81,0.80,1.35
t=229 pos 1.06,1.88 h=25 f=1.29 hand=-1 odo=125681 lid=1.29,0.26,0.22,0.21,0.16,0.32,0.47,0.79,1.38,1.90,0.31,0.38,0.37,0.96,0.73,0.67
t=230 pos 1.27,1.92 h=357 f=0.56 hand=-1 odo=125805 lid=0.56,1.18,1.03,0.20,0.19,0.23,0.21,0.40,0.91,0.91,1.83,0.39,0.39,0.88,0.95,0.66
SWITCH HAND to 1 t=231 pos 1.42,1.87
t=231 pos 1.42,1.87 h=328 f=0.59 hand=1 odo=125895 lid=0.59,0.49,0.56,1.18,0.85,0.20,0.23,0.28,0.30,0.98,1.00,0.48,0.41,0.32,0.87,0.81
t=232 pos 1.60,1.75 h=320 f=0.64 hand=1 odo=126018 lid=0.64,0.50,0.45,1.09,0.92,0.73,0.26,0.33,0.36,0.70,1.06,0.59,0.40,0.30,0.77,0.84
t=233 pos 1.80,1.57 h=321 f=0.60 hand=1 odo=126170 lid=0.60,0.43,0.34,0.46,1.07,0.87,0.81,0.34,0.42,0.98,1.10,0.44,0.31,1.25,0.72,0.77
t=234 pos 1.92,1.43 h=305 f=0.75 hand=1 odo=126275 lid=0.75,0.50,0.38,0.34,0.41,1.12,0.92,0.87,0.41,0.52,1.20,1.13,0.42,0.98,1.21,0.70
t=235 pos 1.98,1.25 h=284 f=0.61 hand=1 odo=126387 lid=0.61,0.59,0.45,0.34,0.34,0.35,1.15,1.00,0.96,0.57,0.76,1.18,0.45,0.75,1.16,0.59
t=236 pos 1.97,1.06 h=253 f=1.06 hand=1 odo=126491 lid=1.06,0.52,0.50,0.43,0.36,0.34,0.39,0.54,1.06,1.03,0.64,0.83,1.18,0.33,0.68,1.04
t=237 pos 1.82,0.74 h=243 f=1.02 hand=1 odo=126696 lid=1.02,0.36,0.44,0.44,0.43,0.42,0.38,0.49,1.28,1.11,0.67,0.84,0.23,0.64,0.59,0.73
t=238 pos 1.64,0.29 h=254 f=0.79 hand=1 odo=126971 lid=0.79,0.25,0.32,0.35,0.48,0.48,0.48,0.59,1.33,1.26,0.23,0.28,0.63,0.54,0.59,0.81
t=239 pos 1.54,0.06 h=238 f=0.80 hand=1 odo=127112 lid=0.80,0.68,0.19,0.26,0.34,0.47,0.53,0.59,1.55,1.35,0.31,0.32,0.61,0.52,0.52,0.74
t=240 pos 1.38,-0.18 h=229 f=0.66 hand=1 odo=127280 lid=0.66,0.61,0.60,0.64,0.14,0.33,0.53,0.62,0.78,1.48,0.40,0.38,0.60,0.47,0.42,0.46
t=242 pos 1.24,-0.31 h=210 f=0.39 hand=1 odo=127388 lid=0.39,0.66,0.54,0.55,0.63,0.78,0.17,0.58,0.71,0.88,1.57,0.41,0.54,0.55,0.36,0.39
t=243 pos 1.10,-0.34 h=193 f=0.32 hand=1 odo=127470 lid=0.32,0.34,0.54,0.51,0.54,0.64,0.82,0.72,0.66,0.75,1.15,0.48,0.42,0.55,0.41,0.30
t=244 pos 0.88,-0.48 h=216 f=0.46 hand=1 odo=127619 lid=0.46,0.60,0.47,0.54,0.64,0.82,0.73,0.71,0.83,1.71,0.46,0.50,0.54,0.29,0.29,0.29
t=245 pos 0.67,-0.68 h=228 f=0.37 hand=1 odo=127786 lid=0.37,0.51,0.43,0.51,0.66,0.81,0.41,0.85,1.02,0.57,0.50,0.57,0.29,0.23,0.23,0.23
t=246 pos 0.47,-0.98 h=244 f=0.45 hand=1 odo=127992 lid=0.45,0.40,0.41,0.51,0.87,0.91,0.82,1.00,1.81,0.55,0.61,0.28,0.20,0.18,0.17,0.29
t=247 pos 0.39,-1.38 h=274 f=0.31 hand=1 odo=128224 lid=0.31,0.37,0.46,0.91,0.90,0.45,1.16,0.71,0.71,0.34,0.22,0.15,0.14,0.24,0.26,0.36
t=248 pos 0.54,-1.66 h=305 f=0.35 hand=1 odo=128413 lid=0.35,0.56,0.83,0.83,1.02,2.04,0.65,0.71,0.31,0.18,0.18,0.26,0.25,0.36,0.28,0.27
t=249 pos 0.75,-1.89 h=322 f=0.35 hand=1 odo=128589 lid=0.35,0.83,0.84,0.49,1.18,0.78,0.80,0.44,0.29,0.26,0.28,0.24,0.33,0.22,0.19,0.29
t=250 pos 1.11,-2.05 h=348 f=0.74 hand=1 odo=128811 lid=0.74,0.78,0.69,0.37,1.91,0.77,0.56,0.37,0.33,0.31,0.39,0.22,0.17,0.21,0.25,0.33
t=251 pos 1.47,-2.07 h=6 f=0.66 hand=1 odo=129021 lid=0.66,0.69,0.39,1.90,0.76,0.91,0.50,0.39,0.38,0.45,0.22,0.21,0.21,0.19,0.34,0.67
t=252 pos 1.81,-1.98 h=25 f=0.60 hand=1 odo=129220 lid=0.60,0.36,0.32,0.78,0.87,0.61,0.47,0.49,0.51,0.26,0.23,0.21,0.22,0.30,0.56,0.58
t=253 pos 2.08,-1.81 h=35 f=0.50 hand=1 odo=129400 lid=0.50,0.27,0.26,0.73,0.89,0.60,0.49,0.52,0.38,0.30,0.24,0.27,0.31,0.48,0.49,0.54
t=254 pos 2.29,-1.67 h=27 f=0.45 hand=1 odo=129546 lid=0.45,0.23,0.20,0.21,0.84,0.71,0.60,0.63,0.60,0.37,0.30,0.32,0.29,0.49,0.45,0.46
t=255 pos 2.51,-1.56 h=28 f=0.39 hand=1 odo=129683 lid=0.39,0.30,0.16,0.16,0.19,0.95,0.69,0.65,0.74,0.46,0.34,0.32,0.33,0.48,0.38,0.41
t=256 pos 2.70,-1.48 h=28 f=0.33 hand=1 odo=129800 lid=0.33,0.25,0.13,0.13,0.16,0.22,0.75,0.72,0.79,0.45,0.38,0.32,0.41,0.36,0.34,0.34
t=257 pos 2.75,-1.43 h=37 f=0.30 hand=1 odo=129841 lid=0.30,0.25,0.14,0.12,0.19,0.91,0.72,0.78,0.58,0.38,0.36,0.32,0.45,0.34,0.35,0.31
t=258 pos 2.75,-1.42 h=36 f=0.32 hand=1 odo=129841 lid=0.32,0.27,0.14,0.13,0.16,0.25,0.74,0.78,0.65,0.42,0.36,0.33,0.43,0.35,0.35,0.32
t=259 pos 2.78,-1.37 h=36 f=0.30 hand=1 odo=129873 lid=0.30,0.23,0.15,0.09,0.16,0.23,0.73,0.78,0.57,0.41,0.36,0.36,0.42,0.33,0.35,0.27
t=261 pos 2.74,-1.39 h=25 f=0.31 hand=1 odo=129849 lid=0.31,0.26,0.19,0.11,0.13,0.23,0.76,0.74,0.82,0.49,0.40,0.33,0.40,0.37,0.34,0.32
t=262 pos 2.78,-1.34 h=43 f=0.27 hand=1 odo=129885 lid=0.27,0.23,0.14,0.11,0.18,0.89,0.74,0.76,0.56,0.41,0.36,0.38,0.45,0.34,0.35,0.28
t=263 pos 2.78,-1.33 h=34 f=0.29 hand=1 odo=129885 lid=0.29,0.23,0.16,0.11,0.13,0.24,0.75,0.77,0.59,0.40,0.36,0.35,0.42,0.33,0.33,0.27
RECOVER t=263
t=265 pos 2.76,-1.49 h=85 f=0.17 hand=1 odo=129790 lid=0.17,0.23,0.90,0.73,0.62,0.63,0.44,0.34,0.32,0.29,0.39,0.41,0.42,0.40,0.37,0.20
t=266 pos 2.60,-1.18 h=130 f=0.89 hand=1 odo=129996 lid=0.89,0.68,0.59,0.65,0.47,0.36,0.36,0.32,0.45,0.43,0.46,0.40,0.36,0.16,0.16,0.18
t=267 pos 2.15,-0.87 h=166 f=0.54 hand=1 odo=130311 lid=0.54,0.52,0.57,0.47,0.43,0.41,0.40,0.62,0.55,0.49,0.15,0.15,0.13,0.59,0.65,0.73
t=268 pos 1.79,-0.87 h=178 f=0.44 hand=1 odo=130515 lid=0.44,0.53,0.57,0.42,0.39,0.46,0.59,0.59,0.58,0.21,0.17,1.72,0.59,0.61,0.74,0.48
t=269 pos 1.69,-0.82 h=140 f=0.48 hand=1 odo=130581 lid=0.48,0.40,0.36,0.47,0.59,0.39,0.43,0.49,0.68,0.70,0.64,0.68,0.95,1.66,0.53,0.66
t=270 pos 1.59,-0.66 h=108 f=0.55 hand=1 odo=130688 lid=0.55,0.54,0.31,0.31,0.33,0.49,0.56,0.50,0.54,0.66,0.78,0.20,0.72,0.92,1.64,0.45
t=271 pos 1.53,-0.45 h=96 f=0.37 hand=1 odo=130812 lid=0.37,0.49,0.45,0.28,0.30,0.32,0.52,0.63,0.60,0.71,0.91,0.26,0.68,0.76,1.10,0.43
t=272 pos 1.51,-0.22 h=107 f=0.33 hand=1 odo=130945 lid=0.33,0.43,0.42,0.27,0.29,0.37,0.56,0.63,0.66,0.73,0.28,0.53,0.73,0.83,1.65,0.33
t=273 pos 1.45,-0.02 h=111 f=0.31 hand=1 odo=131062 lid=0.31,0.39,0.40,0.25,0.27,0.39,0.61,0.67,0.73,0.94,0.49,0.68,0.73,0.82,0.32,0.28
t=274 pos 1.34,0.21 h=123 f=0.33 hand=1 odo=131209 lid=0.33,0.36,0.30,0.23,0.29,0.42,0.78,0.76,0.86,0.40,0.74,0.77,0.84,0.31,0.20,0.20
t=275 pos 1.09,0.41 h=152 f=0.32 hand=1 odo=131392 lid=0.32,0.24,0.22,0.26,0.45,0.76,0.80,1.06,0.62,0.74,0.76,0.32,0.20,0.17,0.26,0.30
t=276 pos 0.79,0.33 h=224 f=0.33 hand=1 odo=131582 lid=0.33,0.63,0.74,0.84,1.11,0.60,0.77,0.81,0.30,0.18,0.17,0.27,0.31,0.30,0.24,0.20
t=277 pos 0.60,0.08 h=240 f=0.36 hand=1 odo=131761 lid=0.36,0.75,0.76,0.88,0.42,0.79,0.81,0.95,0.27,0.24,0.32,0.34,0.26,0.18,0.17,0.21
t=278 pos 0.51,-0.33 h=271 f=0.61 hand=1 odo=132004 lid=0.61,0.71,0.95,0.41,0.79,0.86,1.14,0.32,0.37,0.38,0.30,0.15,0.13,0.16,0.23,0.51
t=279 pos 0.64,-0.71 h=302 f=0.65 hand=1 odo=132236 lid=0.65,0.95,0.89,0.77,0.88,1.88,0.40,0.44,0.47,0.21,0.17,0.21,0.22,0.26,0.60,0.55
t=281 pos 0.86,-0.98 h=320 f=0.69 hand=1 odo=132434 lid=0.69,0.85,0.54,0.85,0.99,0.50,0.45,0.52,0.31,0.24,0.23,0.24,0.41,0.56,0.49,0.55
t=282 pos 1.09,-1.18 h=322 f=0.66 hand=1 odo=132605 lid=0.66,0.78,0.36,0.80,0.99,1.68,0.48,0.59,0.36,0.29,0.32,0.32,0.44,0.50,0.47,0.50
t=283 pos 1.23,-1.34 h=306 f=0.51 hand=1 odo=132729 lid=0.51,0.74,0.72,0.35,0.79,1.05,0.61,0.59,0.69,0.38,0.35,0.34,0.40,0.48,0.37,0.39
t=284 pos 1.32,-1.52 h=284 f=0.34 hand=1 odo=132841 lid=0.34,0.42,0.71,0.67,0.65,0.26,1.29,0.67,0.71,0.68,0.43,0.36,0.43,0.51,0.32,0.34
t=285 pos 1.44,-1.73 h=309 f=0.38 hand=1 odo=132980 lid=0.38,0.61,0.63,0.61,0.32,1.07,1.78,0.71,0.74,0.46,0.38,0.44,0.49,0.28,0.31,0.27
t=286 pos 1.62,-1.94 h=317 f=0.33 hand=1 odo=133136 lid=0.33,0.64,0.61,0.63,0.32,0.28,0.75,0.88,0.58,0.45,0.51,0.49,0.28,0.25,0.22,0.24
t=287 pos 1.92,-2.08 h=347 f=0.54 hand=1 odo=133330 lid=0.54,0.57,0.55,0.33,0.32,0.78,0.91,0.63,0.49,0.49,0.48,0.26,0.22,0.20,0.26,0.28
t=288 pos 2.29,-2.11 h=7 f=0.45 hand=1 odo=133541 lid=0.45,0.50,0.47,0.29,0.32,0.88,0.75,0.60,0.60,0.37,0.29,0.18,0.18,0.22,0.25,0.45
t=289 pos 2.64,-2.01 h=20 f=0.42 hand=1 odo=133750 lid=0.42,0.45,0.32,0.25,0.30,1.01,0.69,0.72,0.49,0.32,0.23,0.23,0.18,0.33,0.38,0.39
t=290 pos 2.96,-1.82 h=38 f=0.36 hand=1 odo=133958 lid=0.36,0.33,0.23,0.23,0.30,0.81,0.71,0.77,0.41,0.31,0.25,0.25,0.34,0.31,0.30,0.36
t=291 pos 3.14,-1.62 h=57 f=0.29 hand=1 odo=134117 lid=0.29,0.26,0.18,0.21,1.01,0.80,0.80,0.55,0.38,0.28,0.28,0.36,0.29,0.28,0.29,0.29
SWITCH HAND to -1 t=292 pos 3.13,-1.32
t=292 pos 3.13,-1.32 h=122 f=0.21 hand=-1 odo=134296 lid=0.21,1.01,0.78,0.81,0.55,0.36,0.29,0.29,0.35,0.30,0.29,0.31,0.29,0.29,0.26,0.20
t=293 pos 3.10,-1.61 h=58 f=0.29 hand=-1 odo=134121 lid=0.29,0.24,0.19,0.24,0.96,0.78,0.77,0.54,0.38,0.26,0.31,0.35,0.29,0.30,0.31,0.28
t=294 pos 2.82,-1.71 h=349 f=0.28 hand=-1 odo=133938 lid=0.28,0.27,0.29,0.28,0.24,0.18,0.23,0.99,0.78,0.79,0.52,0.37,0.28,0.30,0.34,0.29
t=295 pos 2.77,-1.72 h=313 f=0.35 hand=-1 odo=133919 lid=0.35,0.23,0.26,0.27,0.27,0.32,0.29,0.23,0.31,0.88,0.78,0.85,0.40,0.30,0.26,0.30
t=297 pos 2.77,-1.54 h=263 f=0.21 hand=-1 odo=133824 lid=0.21,0.27,0.30,0.22,0.24,0.25,0.26,0.35,0.31,0.26,0.30,0.99,0.80,0.83,0.42,0.29
t=298 pos 2.79,-1.45 h=218 f=0.39 hand=-1 odo=133776 lid=0.39,0.30,0.19,0.23,0.28,0.27,0.24,0.29,0.30,0.35,0.33,0.24,0.34,0.94,0.76,0.82
t=299 pos 2.64,-1.52 h=188 f=0.70 hand=-1 odo=133870 lid=0.70,0.38,0.25,0.19,0.16,0.22,0.32,0.29,0.36,0.38,0.40,0.32,0.29,0.88,0.81,0.69
t=300 pos 2.50,-1.50 h=159 f=0.64 hand=-1 odo=133953 lid=0.64,0.62,0.38,0.25,0.21,0.20,0.18,0.33,0.39,0.41,0.46,0.44,0.27,0.30,0.84,0.81
t=301 pos 2.34,-1.42 h=145 f=0.66 hand=-1 odo=134057 lid=0.66,0.55,0.55,0.38,0.29,0.23,0.26,0.25,0.43,0.45,0.52,0.52,0.28,0.28,0.77,0.92
t=302 pos 2.15,-1.25 h=137 f=0.68 hand=-1 odo=134199 lid=0.68,0.53,0.53,0.55,0.36,0.31,0.26,0.34,0.39,0.52,0.58,0.56,0.27,0.21,1.24,0.79
t=303 pos 1.89,-1.06 h=151 f=0.50 hand=-1 odo=134384 lid=0.50,0.43,0.48,0.56,0.36,0.36,0.33,0.40,0.63,0.63,0.56,0.25,0.19,1.68,0.62,0.80
t=304 pos 1.56,-0.92 h=164 f=0.37 hand=-1 odo=134587 lid=0.37,0.35,0.43,0.50,0.35,0.36,0.44,0.64,0.68,0.65,0.27,1.01,1.74,0.58,0.71,0.43
t=305 pos 1.44,-0.92 h=155 f=0.34 hand=-1 odo=134658 lid=0.34,0.29,0.40,0.46,0.39,0.38,0.41,0.54,0.76,0.73,0.35,0.91,1.76,0.59,0.68,0.41
t=306 pos 1.35,-0.89 h=138 f=0.35 hand=-1 odo=134709 lid=0.35,0.28,0.26,0.37,0.38,0.43,0.39,0.44,0.55,0.79,0.73,0.78,1.04,1.74,0.57,0.65
t=307 pos 1.25,-0.76 h=122 f=0.56 hand=-1 odo=134802 lid=0.56,0.27,0.24,0.22,0.21,0.38,0.47,0.44,0.50,0.80,0.85,0.30,0.87,1.23,0.53,0.58
t=308 pos 1.18,-0.59 h=102 f=0.53 hand=-1 odo=134906 lid=0.53,0.46,0.19,0.21,0.19,0.21,0.42,0.55,0.52,0.63,0.95,0.86,0.77,0.93,1.80,0.42
t=309 pos 1.18,-0.43 h=80 f=0.36 hand=-1 odo=134996 lid=0.36,0.43,0.46,0.21,0.18,0.18,0.23,0.30,0.64,0.64,0.74,0.97,0.56,0.80,0.94,0.48
t=310 pos 1.25,-0.28 h=55 f=0.36 hand=-1 odo=135087 lid=0.36,0.27,0.33,0.39,0.35,0.21,0.21,0.28,0.36,0.71,0.68,0.79,0.96,0.60,0.78,0.88
t=311 pos 1.51,0.04 h=54 f=1.64 hand=-1 odo=135323 lid=1.64,0.20,0.18,0.27,0.35,0.39,0.29,0.33,0.48,0.80,0.78,0.84,0.48,0.71,0.69,0.77
t=312 pos 1.69,0.22 h=22 f=0.63 hand=-1 odo=135468 lid=0.63,0.82,0.15,0.16,0.12,0.15,0.38,0.44,0.40,0.54,0.94,0.86,0.40,0.50,0.63,0.62
t=313 pos 1.78,0.22 h=350 f=0.52 hand=-1 odo=135521 lid=0.52,0.50,0.60,0.81,1.21,0.13,0.17,0.19,0.54,0.47,0.52,0.84,0.85,0.86,0.43,0.49
t=314 pos 2.13,0.15 h=358 f=0.44 hand=-1 odo=135728 lid=0.44,0.43,0.53,1.31,1.19,0.76,0.23,0.28,0.60,0.56,0.70,0.90,0.34,0.38,0.38,0.44
t=315 pos 2.58,0.23 h=23 f=0.33 hand=-1 odo=135987 lid=0.33,0.44,1.26,1.17,0.74,0.94,0.33,0.69,0.68,0.95,0.90,0.35,0.36,0.46,0.36,0.35
t=317 pos 2.94,0.51 h=47 f=0.37 hand=-1 odo=136246 lid=0.37,1.14,1.12,0.68,0.92,1.28,0.77,0.80,1.07,0.42,0.41,0.37,0.32,0.30,0.25,0.24
t=318 pos 3.13,0.86 h=72 f=1.08 hand=-1 odo=136474 lid=1.08,1.00,0.65,0.76,1.34,0.81,0.85,1.14,0.48,0.46,0.48,0.30,0.24,0.19,0.23,0.28
t=319 pos 3.15,1.30 h=103 f=0.98 hand=-1 odo=136732 lid=0.98,1.11,0.69,1.30,0.57,0.88,1.33,0.57,0.51,0.40,0.26,0.17,0.18,0.21,0.23,0.97
t=320 pos 2.91,1.82 h=125 f=0.99 hand=-1 odo=137056 lid=0.99,0.58,1.29,1.79,0.34,1.25,0.70,0.64,0.49,0.29,0.26,0.23,0.20,1.09,0.86,0.88
t=321 pos 2.64,2.09 h=144 f=0.50 hand=-1 odo=137276 lid=0.50,0.90,1.18,0.52,0.32,1.30,0.75,0.64,0.37,0.31,0.24,0.35,1.05,0.80,0.80,0.91
t=322 pos 2.23,2.25 h=173 f=1.16 hand=-1 odo=137533 lid=1.16,1.10,0.49,0.37,1.29,0.81,0.70,0.45,0.39,0.38,1.02,0.87,0.72,0.76,0.29,0.43
t=323 pos 1.70,2.29 h=182 f=1.01 hand=-1 odo=137835 lid=1.01,1.61,0.39,0.35,0.30,0.84,0.73,0.56,0.48,1.14,0.96,0.74,0.24,0.32,0.31,0.61
t=324 pos 1.18,2.21 h=192 f=0.85 hand=-1 odo=138130 lid=0.85,1.60,0.30,0.30,0.30,0.88,0.83,0.67,0.67,1.39,0.94,0.28,0.28,0.24,0.40,0.90
t=325 pos 0.85,2.14 h=189 f=0.73 hand=-1 odo=138323 lid=0.73,1.49,0.28,0.25,0.30,0.31,0.91,0.77,0.77,1.41,0.34,0.32,0.22,0.34,0.44,0.77
t=326 pos 0.65,2.12 h=178 f=0.69 hand=-1 odo=138440 lid=0.69,0.72,1.66,0.28,0.21,0.31,0.35,0.95,0.79,1.43,0.39,0.35,0.22,0.31,0.36,0.64
t=327 pos 0.44,2.15 h=167 f=0.65 hand=-1 odo=138558 lid=0.65,0.63,1.25,1.80,0.27,0.23,0.35,0.43,0.92,0.91,1.59,0.40,0.25,0.27,0.28,0.36
t=328 pos 0.22,2.23 h=161 f=0.60 hand=-1 odo=138695 lid=0.60,0.53,0.54,1.41,0.86,0.30,0.28,0.45,1.11,0.94,1.57,0.25,0.26,0.21,0.25,0.27
t=329 pos -0.06,2.33 h=165 f=0.48 hand=-1 odo=138861 lid=0.48,0.49,0.48,1.53,0.86,0.36,0.33,0.54,1.08,1.05,0.48,0.26,0.20,0.20,0.21,0.35
t=330 pos -0.38,2.38 h=175 f=0.35 hand=-1 odo=139046 lid=0.35,0.44,0.46,1.76,0.87,0.39,0.39,0.66,1.12,1.67,0.30,0.20,0.18,0.15,0.28,0.43
t=331 pos -0.52,2.39 h=163 f=0.36 hand=-1 odo=139127 lid=0.36,0.28,0.39,1.22,1.92,0.80,0.38,0.48,1.26,1.19,0.39,0.22,0.17,0.15,0.27,0.27
t=332 pos -0.61,2.39 h=140 f=0.27 hand=-1 odo=139175 lid=0.27,0.30,0.29,0.36,0.41,1.94,0.84,0.46,0.52,1.27,1.23,0.39,0.17,0.14,0.19,0.21
t=333 pos -0.58,2.33 h=129 f=0.21 hand=-1 odo=139133 lid=0.21,0.33,0.24,0.26,0.34,1.50,0.84,0.89,0.44,0.72,1.25,1.25,0.25,0.14,0.14,0.19
t=335 pos -0.63,2.36 h=134 f=0.24 hand=-1 odo=139163 lid=0.24,0.32,0.22,0.35,0.35,2.00,0.90,0.55,0.49,1.36,1.21,0.40,0.20,0.12,0.16,0.22
t=336 pos -0.58,2.26 h=114 f=0.23 hand=-1 odo=139100 lid=0.23,0.22,0.32,0.22,0.36,0.34,2.01,0.89,0.52,0.48,1.38,1.23,0.39,0.20,0.12,0.18
t=337 pos -0.61,2.29 h=126 f=0.21 hand=-1 odo=139126 lid=0.21,0.32,0.26,0.25,0.34,1.31,0.87,0.86,0.43,0.72,1.26,1.81,0.26,0.15,0.14,0.21
SWITCH HAND to 1 t=338 pos -0.65,2.32
t=338 pos -0.65,2.32 h=132 f=0.21 hand=1 odo=139150 lid=0.21,0.32,0.25,0.33,0.35,1.72,0.87,0.84,0.46,1.39,1.17,0.42,0.24,0.13,0.16,0.21
t=339 pos -0.95,2.39 h=193 f=0.26 hand=1 odo=139332 lid=0.26,0.36,1.50,0.83,0.92,0.44,0.73,1.25,0.45,0.26,0.12,0.14,0.21,0.21,0.31,0.26
t=340 pos -1.20,2.19 h=240 f=1.48 hand=1 odo=139520 lid=1.48,0.85,0.84,0.41,0.73,1.28,1.83,0.27,0.17,0.18,0.23,0.23,0.29,0.21,0.24,0.30
t=341 pos -1.37,1.68 h=257 f=0.74 hand=1 odo=139823 lid=0.74,0.71,0.63,0.43,1.32,1.82,0.52,0.32,0.32,0.29,0.36,0.16,0.23,0.24,0.19,1.35
t=342 pos -1.35,1.31 h=283 f=0.66 hand=1 odo=140037 lid=0.66,0.64,0.36,0.74,1.32,0.60,0.43,0.37,0.38,0.40,0.24,0.26,0.20,0.24,1.27,0.65
t=343 pos -1.22,0.97 h=305 f=0.66 hand=1 odo=140243 lid=0.66,0.34,0.26,1.26,1.95,0.59,0.42,0.47,0.49,0.30,0.24,0.21,0.84,1.20,0.58,0.61
t=344 pos -1.08,0.76 h=298 f=0.57 hand=1 odo=140391 lid=0.57,0.38,0.21,0.35,1.89,0.64,0.52,0.55,0.59,0.39,0.26,0.27,0.85,1.17,0.51,0.52
t=345 pos -1.02,0.56 h=280 f=0.40 hand=1 odo=140508 lid=0.40,0.47,0.31,0.17,0.18,2.00,0.66,0.61,0.64,0.47,0.37,0.33,0.73,0.90,1.37,0.43
t=346 pos -1.00,0.35 h=268 f=0.36 hand=1 odo=140631 lid=0.36,0.36,0.36,0.29,0.21,0.23,1.72,0.76,0.61,0.73,0.52,0.35,0.81,0.79,1.11,0.35
t=347 pos -1.02,0.11 h=271 f=0.32 hand=1 odo=140763 lid=0.32,0.26,0.36,0.30,0.22,0.20,0.28,0.80,0.73,0.82,0.40,0.47,0.74,0.80,1.10,0.30
t=348 pos -0.90,-0.13 h=305 f=0.34 hand=1 odo=140921 lid=0.34,0.28,0.27,0.22,0.20,0.95,0.77,0.78,0.59,0.47,0.83,0.81,0.91,0.29,0.29,0.22
t=349 pos -0.66,-0.30 h=352 f=0.23 hand=1 odo=141096 lid=0.23,0.20,0.21,0.85,0.78,0.80,0.62,0.52,0.79,0.82,1.07,0.25,0.29,0.20,0.32,0.29
t=350 pos -0.39,-0.13 h=63 f=0.82 hand=1 odo=141287 lid=0.82,0.75,0.82,0.45,0.53,0.78,0.83,1.07,0.26,0.26,0.20,0.29,0.28,0.24,0.21,0.20
t=351 pos -0.28,0.28 h=87 f=0.67 hand=1 odo=141532 lid=0.67,0.74,0.56,0.39,0.84,0.85,1.13,0.36,0.33,0.33,0.30,0.24,0.16,0.14,0.18,0.71
t=352 pos -0.40,0.71 h=122 f=0.69 hand=1 odo=141786 lid=0.69,0.46,0.32,0.78,0.91,1.34,0.41,0.38,0.44,0.28,0.15,0.17,1.89,0.84,0.62,0.65
t=353 pos -0.58,0.94 h=122 f=0.43 hand=1 odo=141958 lid=0.43,0.38,0.28,0.75,0.89,1.40,0.45,0.45,0.49,0.26,0.22,0.38,1.96,0.66,0.56,0.57
t=355 pos -0.66,1.12 h=106 f=0.47 hand=1 odo=142069 lid=0.47,0.33,0.35,0.23,0.73,0.92,1.42,0.53,0.52,0.51,0.28,0.33,1.32,0.82,0.54,0.46
t=356 pos -0.69,1.32 h=95 f=0.43 hand=1 odo=142182 lid=0.43,0.45,0.28,0.30,0.22,0.25,1.07,1.74,0.65,0.68,0.33,0.34,1.27,1.89,0.54,0.40
t=357 pos -0.67,1.53 h=86 f=0.32 hand=1 odo=142304 lid=0.32,0.34,0.41,0.26,0.29,0.26,0.32,1.57,0.68,0.73,0.39,0.39,1.27,1.87,0.50,0.37
t=358 pos -0.67,1.72 h=89 f=0.30 hand=1 odo=142413 lid=0.30,0.30,0.36,0.23,0.27,0.28,0.33,1.80,0.77,0.79,0.38,0.68,1.25,1.85,0.39,0.28
t=359 pos -0.81,1.97 h=128 f=0.34 hand=1 odo=142580 lid=0.34,0.23,0.23,0.28,0.24,1.59,0.74,0.81,0.41,0.49,1.29,1.86,0.39,0.25,0.30,0.27
t=360 pos -1.09,2.14 h=177 f=0.19 hand=1 odo=142766 lid=0.19,0.28,0.27,0.36,0.74,0.84,0.43,0.72,1.29,0.77,0.35,0.24,0.26,0.24,0.33,0.19
t=361 pos -1.34,1.96 h=242 f=1.41 hand=1 odo=142952 lid=1.41,0.76,0.77,0.46,0.48,1.32,1.88,0.38,0.23,0.29,0.26,0.34,0.18,0.19,0.27,0.26
t=362 pos -1.52,1.44 h=258 f=1.68 hand=1 odo=143262 lid=1.68,0.69,0.68,0.40,1.38,1.38,0.59,0.40,0.39,0.35,0.22,0.19,0.21,0.14,0.16,1.26
t=363 pos -1.46,0.99 h=293 f=0.57 hand=1 odo=143523 lid=0.57,0.57,0.34,1.33,1.97,0.62,0.45,0.46,0.48,0.28,0.20,0.14,0.17,0.90,1.68,0.56
t=364 pos -1.30,0.74 h=298 f=0.56 hand=1 odo=143694 lid=0.56,0.48,0.29,0.44,1.95,0.65,0.50,0.55,0.40,0.34,0.20,0.22,0.79,0.98,1.58,0.55
t=365 pos -1.24,0.56 h=279 f=0.46 hand=1 odo=143803 lid=0.46,0.53,0.39,0.25,0.25,2.10,0.68,0.56,0.59,0.44,0.26,0.36,0.70,0.82,1.32,0.40
t=366 pos -1.23,0.36 h=264 f=0.36 hand=1 odo=143918 lid=0.36,0.36,0.45,0.39,0.26,0.27,1.82,0.78,0.64,0.72,0.47,0.33,0.77,0.76,0.89,0.39
t=367 pos -1.24,0.15 h=274 f=0.33 hand=1 odo=144039 lid=0.33,0.32,0.43,0.36,0.27,0.27,0.99,0.74,0.75,0.54,0.32,0.45,0.70,0.75,1.07,0.31
t=368 pos -1.17,-0.09 h=301 f=0.27 hand=1 odo=144182 lid=0.27,0.39,0.34,0.29,0.29,1.00,0.78,0.75,0.54,0.43,0.79,0.75,0.85,1.19,0.27,0.31
t=369 pos -0.98,-0.30 h=315 f=0.31 hand=1 odo=144347 lid=0.31,0.29,0.27,0.25,0.28,0.87,0.77,0.65,0.41,0.55,0.76,0.81,0.31,0.24,0.24,0.20
t=370 pos -0.68,-0.37 h=15 f=0.25 hand=1 odo=144525 lid=0.25,0.25,0.91,0.81,0.82,0.44,0.51,0.77,0.77,1.00,0.25,0.26,0.22,0.25,0.29,0.29
=== ex5 start 1787927739.590201
t=0 pos -0.00,-0.00 h=77 f=0.80 m=f1 odo=144688 lid=0.80,0.82,0.62,0.50,0.81,0.79,0.85,0.23,0.25,0.23,0.23,0.33,0.27,0.27,0.23,0.35
t=1 pos 0.06,0.35 h=88 f=0.67 m=f1 odo=144893 lid=0.67,0.78,0.46,0.47,0.78,0.80,1.10,0.30,0.34,0.28,0.34,0.29,0.20,0.19,0.26,0.79
t=2 pos 0.02,0.70 h=108 f=0.67 m=f1 odo=145096 lid=0.67,0.51,0.32,0.51,0.82,0.97,0.43,0.41,0.36,0.40,0.30,0.21,0.20,1.97,0.70,0.62
t=3 pos -0.11,1.00 h=120 f=0.46 m=f1 odo=145278 lid=0.46,0.36,0.27,0.73,0.83,1.26,0.43,0.46,0.51,0.39,0.23,0.24,1.94,0.67,0.57,0.62
t=4 pos -0.22,1.21 h=114 f=0.57 m=f1 odo=145415 lid=0.57,0.35,0.23,0.23,0.77,0.98,1.66,0.53,0.55,0.45,0.28,0.34,1.95,0.66,0.54,0.54
t=5 pos -0.27,1.42 h=97 f=0.44 m=f1 odo=145536 lid=0.44,0.47,0.28,0.24,0.19,0.78,1.07,1.66,0.65,0.67,0.35,0.33,1.25,2.02,0.54,0.41
t=6 pos -0.26,1.63 h=81 f=0.36 m=f1 odo=145657 lid=0.36,0.34,0.41,0.22,0.28,0.20,0.24,1.42,0.68,0.65,0.59,0.35,1.31,1.32,0.55,0.38
t=7 pos -0.24,1.86 h=87 f=0.31 m=f1 odo=145788 lid=0.31,0.30,0.36,0.21,0.25,0.23,0.26,1.77,0.72,0.80,0.38,0.47,1.27,1.86,0.40,0.26
t=8 pos -0.33,2.09 h=122 f=0.36 m=f1 odo=145932 lid=0.36,0.22,0.22,0.27,0.22,1.16,0.77,0.74,0.63,0.45,1.29,1.29,0.49,0.30,0.29,0.27
t=10 pos -0.56,2.29 h=164 f=0.15 m=f1 odo=146110 lid=0.15,0.20,0.26,0.28,1.84,0.84,0.79,0.43,1.42,1.32,0.51,0.29,0.23,0.26,0.28,0.29
t=11 pos -0.84,2.13 h=242 f=0.28 m=f1 odo=146311 lid=0.28,1.83,0.81,0.77,0.47,1.38,1.32,0.50,0.27,0.26,0.26,0.27,0.27,0.16,0.23,0.26
t=12 pos -0.94,1.64 h=269 f=0.65 m=f1 odo=146597 lid=0.65,0.72,0.45,0.43,1.34,1.91,0.47,0.33,0.37,0.39,0.18,0.21,0.21,0.17,0.24,1.55
t=13 pos -0.84,1.26 h=294 f=0.66 m=f1 odo=146820 lid=0.66,0.43,0.33,1.32,1.94,0.61,0.41,0.45,0.47,0.28,0.25,0.17,0.19,1.01,1.75,0.61
t=14 pos -0.64,1.00 h=305 f=0.55 m=f1 odo=147008 lid=0.55,0.30,0.26,1.24,0.87,0.60,0.47,0.51,0.35,0.34,0.21,0.25,0.84,1.33,0.51,0.53
t=15 pos -0.55,0.82 h=290 f=0.46 m=f1 odo=147122 lid=0.46,0.44,0.24,0.22,1.24,0.89,0.65,0.54,0.57,0.42,0.27,0.26,0.76,0.97,1.60,0.48
t=16 pos -0.52,0.62 h=272 f=0.42 m=f1 odo=147234 lid=0.42,0.43,0.37,0.23,0.22,0.23,0.90,0.64,0.65,0.70,0.42,0.32,0.75,0.83,1.15,0.40
t=17 pos -0.53,0.41 h=258 f=0.33 m=f1 odo=147359 lid=0.33,0.30,0.38,0.33,0.27,0.20,0.28,0.77,0.70,0.72,0.53,0.33,0.79,0.80,0.89,0.34
t=18 pos -0.49,0.13 h=301 f=0.31 m=f1 odo=147521 lid=0.31,0.33,0.31,0.24,0.24,0.98,0.75,0.76,0.56,0.33,0.81,0.78,0.88,0.37,0.32,0.30
t=19 pos -0.30,-0.08 h=318 f=0.31 m=f1 odo=147682 lid=0.31,0.27,0.24,0.18,0.26,0.84,0.77,0.67,0.42,0.56,0.80,0.89,0.31,0.27,0.24,0.23
t=20 pos -0.02,-0.11 h=24 f=0.20 m=f1 odo=147854 lid=0.20,0.24,0.84,0.73,0.86,0.41,0.55,0.78,0.85,0.33,0.27,0.29,0.20,0.33,0.28,0.24
t=21 pos 0.22,0.23 h=60 f=0.76 m=f1 odo=148096 lid=0.76,0.71,0.76,0.60,0.42,0.84,0.83,1.10,0.33,0.30,0.29,0.32,0.26,0.18,0.18,0.19
t=22 pos 0.30,0.66 h=92 f=0.63 m=f1 odo=148346 lid=0.63,0.74,0.54,0.38,0.81,0.92,1.34,0.42,0.34,0.41,0.26,0.14,0.09,0.13,0.87,0.69
t=23 pos 0.10,1.06 h=134 f=0.47 m=f1 odo=148608 lid=0.47,0.34,0.51,0.88,1.04,0.46,0.46,0.47,0.34,0.17,0.16,1.20,0.85,0.64,0.54,0.60
t=24 pos -0.01,1.24 h=114 f=0.55 m=f1 odo=148726 lid=0.55,0.40,0.30,0.29,0.83,1.06,0.56,0.55,0.59,0.33,0.22,0.32,1.89,0.65,0.51,0.50
t=25 pos -0.07,1.44 h=99 f=0.46 m=f1 odo=148846 lid=0.46,0.51,0.32,0.30,0.24,0.87,1.29,0.62,0.58,0.59,0.28,0.35,1.19,1.91,0.54,0.40
t=27 pos -0.07,1.66 h=89 f=0.37 m=f1 odo=148970 lid=0.37,0.38,0.39,0.29,0.28,0.27,1.07,1.83,0.70,0.71,0.31,0.40,1.25,1.86,0.48,0.35
t=28 pos -0.09,1.87 h=105 f=0.34 m=f1 odo=149092 lid=0.34,0.38,0.27,0.29,0.27,0.29,1.42,0.71,0.70,0.39,0.36,1.25,1.27,0.49,0.33,0.28
t=29 pos -0.13,2.04 h=112 f=0.30 m=f1 odo=149194 lid=0.30,0.36,0.25,0.28,0.29,0.34,1.87,0.80,0.77,0.36,0.69,1.20,0.73,0.37,0.25,0.29
t=30 pos -0.34,2.27 h=137 f=0.31 m=f1 odo=149371 lid=0.31,0.18,0.22,0.27,0.27,1.94,0.84,0.79,0.45,1.42,1.25,0.48,0.29,0.20,0.28,0.25
t=31 pos -0.65,2.30 h=209 f=0.28 m=f1 odo=149553 lid=0.28,0.28,1.89,0.82,0.82,0.41,0.81,1.24,0.49,0.31,0.21,0.28,0.24,0.33,0.20,0.21
t=32 pos -0.85,1.92 h=252 f=1.88 m=f1 odo=149803 lid=1.88,0.79,0.81,0.37,0.76,1.26,0.55,0.35,0.26,0.30,0.32,0.27,0.18,0.25,0.22,0.28
t=33 pos -0.93,1.44 h=273 f=0.63 m=f1 odo=150084 lid=0.63,0.71,0.43,0.40,1.32,2.00,0.51,0.38,0.40,0.44,0.21,0.25,0.16,0.18,0.90,1.78
t=34 pos -0.81,1.06 h=300 f=0.64 m=f1 odo=150310 lid=0.64,0.38,0.31,1.30,1.99,0.58,0.45,0.45,0.32,0.30,0.20,0.20,0.80,1.19,0.59,0.59
t=35 pos -0.68,0.86 h=296 f=0.55 m=f1 odo=150447 lid=0.55,0.46,0.25,0.25,1.94,0.65,0.57,0.56,0.61,0.37,0.23,0.22,0.80,1.00,1.55,0.54
t=36 pos -0.62,0.66 h=278 f=0.43 m=f1 odo=150564 lid=0.43,0.49,0.37,0.25,0.22,1.98,0.70,0.64,0.63,0.45,0.30,0.38,0.73,0.85,1.31,0.41
t=37 pos -0.62,0.45 h=263 f=0.34 m=f1 odo=150683 lid=0.34,0.30,0.43,0.37,0.25,0.24,2.03,0.75,0.67,0.68,0.51,0.31,0.79,0.80,0.88,0.39
t=38 pos -0.64,0.25 h=265 f=0.28 m=f1 odo=150801 lid=0.28,0.28,0.37,0.34,0.29,0.24,0.31,0.84,0.69,0.80,0.37,0.46,0.73,0.75,1.00,0.27
t=39 pos -0.52,-0.00 h=313 f=0.36 m=f1 odo=150963 lid=0.36,0.32,0.28,0.26,0.30,0.83,0.72,0.84,0.38,0.48,0.71,0.76,1.04,0.25,0.32,0.25
t=40 pos -0.28,-0.22 h=328 f=0.27 m=f1 odo=151149 lid=0.27,0.27,0.22,0.23,0.84,0.79,0.86,0.45,0.56,0.78,0.81,0.33,0.25,0.25,0.19,0.31
t=41 pos 0.03,-0.15 h=47 f=0.24 m=f1 odo=151340 lid=0.24,0.87,0.76,0.88,0.43,0.55,0.77,0.83,0.30,0.23,0.24,0.19,0.29,0.26,0.24,0.22
t=42 pos 0.17,0.25 h=79 f=0.74 m=f1 odo=151584 lid=0.74,0.79,0.57,0.39,0.85,0.84,0.93,0.33,0.33,0.25,0.34,0.27,0.23,0.18,0.20,0.95
t=43 pos 0.15,0.66 h=103 f=0.67 m=f1 odo=151820 lid=0.67,0.55,0.35,0.54,0.85,0.95,0.41,0.40,0.37,0.37,0.27,0.15,0.15,0.20,0.70,0.63
t=45 pos -0.05,1.00 h=130 f=0.46 m=f1 odo=152045 lid=0.46,0.31,0.47,0.81,0.98,0.52,0.50,0.42,0.39,0.24,0.19,0.19,1.66,0.66,0.56,0.60
DASH t=46 pos -0.16,1.19 hdg 22 hand 1
t=46 pos -0.16,1.19 h=112 f=0.58 m=d1 odo=152168 lid=0.58,0.36,0.23,0.24,0.79,1.00,1.67,0.54,0.55,0.45,0.26,0.33,1.95,0.67,0.54,0.53
t=47 pos -0.15,1.27 h=61 f=0.45 m=d1 odo=152221 lid=0.45,0.41,0.42,0.31,0.33,0.24,0.26,0.94,1.69,0.61,0.62,0.41,0.28,1.24,1.86,0.58
t=48 pos -0.01,1.37 h=23 f=1.79 m=d1 odo=152319 lid=1.79,0.47,0.38,0.33,0.41,0.46,0.33,0.33,0.34,1.17,0.72,0.63,0.58,0.24,0.39,1.15
t=49 pos 0.50,1.57 h=18 f=1.64 m=d1 odo=152630 lid=1.64,0.51,0.32,0.29,0.29,0.45,0.56,0.50,0.49,1.30,0.78,0.70,0.23,0.27,0.50,1.02
t=50 pos 1.04,1.77 h=19 f=1.48 m=d1 odo=152960 lid=1.48,0.36,0.22,0.25,0.25,0.31,0.57,0.62,0.65,1.46,0.30,0.26,0.28,0.38,1.00,0.84
t=51 pos 1.57,1.96 h=19 f=1.33 m=d1 odo=153278 lid=1.33,1.02,0.26,0.23,0.15,0.28,0.42,0.75,0.82,1.77,0.31,0.35,0.37,1.07,0.77,0.65
t=52 pos 2.05,2.14 h=19 f=1.16 m=d1 odo=153573 lid=1.16,0.92,0.19,0.14,0.20,0.22,0.23,0.95,0.95,0.56,0.44,0.38,0.96,0.89,0.66,0.55
t=53 pos 2.58,2.33 h=21 f=1.01 m=d1 odo=153891 lid=1.01,0.90,0.69,0.60,0.64,0.12,0.30,1.12,1.13,0.58,0.52,1.42,0.93,0.61,0.41,0.43
t=54 pos 3.00,2.49 h=22 f=0.86 m=d1 odo=154148 lid=0.86,0.87,0.58,0.49,0.60,0.73,1.34,0.44,1.28,0.70,0.53,0.98,0.87,0.44,0.31,0.31
t=55 pos 3.30,2.60 h=22 f=0.77 m=d1 odo=154327 lid=0.77,0.81,0.56,0.52,0.57,0.74,1.16,0.32,1.35,0.77,1.67,1.04,0.73,0.25,0.26,0.21
t=56 pos 3.60,2.72 h=20 f=0.69 m=d1 odo=154511 lid=0.69,0.76,0.51,0.49,0.48,0.66,1.18,0.51,1.46,0.84,1.72,1.00,0.23,0.20,0.13,0.29
t=57 pos 3.90,2.83 h=24 f=0.63 m=d1 odo=154693 lid=0.63,0.69,0.47,0.44,0.45,0.63,1.20,2.86,1.51,0.90,1.67,0.99,0.20,0.08,0.20,0.54
t=58 pos 4.20,2.95 h=17 f=0.55 m=d1 odo=154878 lid=0.55,0.66,0.43,0.41,0.48,0.60,0.92,2.94,1.55,0.94,1.73,0.27,0.12,0.16,0.20,0.48
t=59 pos 4.51,3.07 h=22 f=0.47 m=d1 odo=155065 lid=0.47,0.54,0.49,0.36,0.41,0.48,0.91,3.00,1.65,1.05,0.16,0.15,0.16,0.18,0.19,0.40
DASH end pos 4.64,3.12
t=60 pos 4.84,3.23 h=34 f=0.37 m=f1 odo=155277 lid=0.37,0.47,0.37,0.34,0.45,0.68,2.02,1.66,1.15,0.20,0.18,0.15,0.14,0.32,0.33,0.38
t=61 pos 5.08,3.53 h=60 f=0.39 m=f1 odo=155496 lid=0.39,0.33,0.28,0.36,0.52,2.01,0.81,1.22,0.29,0.20,0.17,0.31,0.30,0.31,0.30,0.33
t=62 pos 5.22,3.76 h=64 f=0.31 m=f1 odo=155652 lid=0.31,0.26,0.22,0.28,0.51,2.13,0.86,1.28,0.34,0.25,0.29,0.34,0.27,0.29,0.25,0.31
t=63 pos 5.19,4.06 h=126 f=0.24 m=f1 odo=155829 lid=0.24,0.37,1.03,1.55,2.60,0.36,0.30,0.25,0.34,0.28,0.28,0.23,0.25,0.31,0.28,0.24
t=64 pos 4.94,4.24 h=155 f=0.47 m=f1 odo=156007 lid=0.47,2.05,0.88,1.26,0.36,0.28,0.30,0.42,0.34,0.29,0.26,0.35,0.27,0.21,0.18,0.26
t=66 pos 4.51,4.35 h=176 f=2.16 m=f1 odo=156261 lid=2.16,1.05,1.26,2.02,0.36,0.32,0.45,0.40,0.35,0.37,0.34,0.20,0.16,0.16,0.23,0.37
t=67 pos 3.92,4.24 h=200 f=0.91 m=f1 odo=156604 lid=0.91,1.26,2.04,0.51,0.35,0.38,0.52,0.52,0.54,0.28,0.19,0.19,0.21,0.27,0.46,2.83
t=68 pos 3.57,4.05 h=213 f=0.46 m=f1 odo=156831 lid=0.46,1.02,1.32,0.44,0.35,0.40,0.63,0.58,0.53,0.28,0.23,0.28,0.25,0.43,1.15,1.42
t=69 pos 3.28,3.85 h=213 f=0.39 m=f1 odo=157031 lid=0.39,0.92,1.78,1.21,0.37,0.39,0.67,0.66,0.64,0.35,0.31,0.26,0.38,0.47,1.14,1.11
t=70 pos 3.01,3.65 h=216 f=2.04 m=f1 odo=157227 lid=2.04,0.84,1.71,1.13,0.41,0.32,0.77,0.78,0.71,0.42,0.37,0.36,0.42,0.61,1.61,0.94
t=71 pos 2.73,3.46 h=214 f=1.92 m=f1 odo=157415 lid=1.92,0.75,1.62,1.07,0.65,0.41,0.51,0.87,0.80,0.46,0.37,0.42,0.46,0.72,2.12,0.28
t=72 pos 2.45,3.29 h=209 f=1.85 m=f1 odo=157604 lid=1.85,0.69,0.60,1.13,0.88,0.44,0.41,0.94,0.91,0.53,0.43,0.46,0.55,0.71,1.69,0.20
t=73 pos 2.21,3.14 h=205 f=0.16 m=f1 odo=157764 lid=0.16,0.80,0.63,1.07,0.98,0.46,0.42,0.88,1.00,0.59,0.45,0.45,0.48,0.63,1.41,0.23
t=74 pos 1.91,2.97 h=213 f=1.86 m=f1 odo=157962 lid=1.86,0.67,0.60,1.08,0.71,0.43,0.41,0.93,0.87,0.54,0.43,0.46,0.57,0.79,2.21,0.19
t=75 pos 1.64,2.84 h=201 f=0.15 m=f1 odo=158131 lid=0.15,2.18,0.70,1.06,1.12,0.61,0.44,0.65,0.92,0.64,0.53,0.48,0.43,0.59,0.98,2.53
t=76 pos 1.36,2.70 h=208 f=1.22 m=f1 odo=158314 lid=1.22,0.76,0.63,1.08,0.93,0.46,0.42,0.87,0.98,0.59,0.42,0.46,0.49,0.67,1.44,0.24
t=77 pos 1.08,2.56 h=205 f=1.19 m=f1 odo=158487 lid=1.19,0.79,0.65,1.05,0.97,0.51,0.44,0.89,0.96,0.61,0.46,0.48,0.47,0.61,1.36,0.24
t=78 pos 0.82,2.46 h=203 f=1.16 m=f1 odo=158646 lid=1.16,0.83,0.65,1.05,1.00,0.55,0.43,0.85,0.94,0.62,0.47,0.47,0.48,0.62,1.23,0.23
t=79 pos 0.57,2.36 h=202 f=1.21 m=f1 odo=158801 lid=1.21,2.21,0.67,1.06,1.10,0.61,0.44,0.61,0.92,0.63,0.56,0.48,0.47,0.62,1.04,2.55
t=80 pos 0.30,2.27 h=195 f=1.19 m=f1 odo=158960 lid=1.19,2.02,0.68,1.56,1.03,0.61,0.42,0.52,0.91,0.73,0.55,0.50,0.48,0.59,0.94,2.60
t=81 pos 0.03,2.19 h=198 f=1.19 m=f1 odo=159125 lid=1.19,2.00,0.67,1.54,1.03,0.64,0.43,0.39,0.94,0.75,0.55,0.49,0.49,0.61,0.98,2.61
t=82 pos -0.18,2.15 h=192 f=0.40 m=f1 odo=159245 lid=0.40,1.84,0.65,0.55,1.05,0.81,0.41,0.40,0.90,0.96,0.60,0.47,0.49,0.60,0.86,2.22
t=83 pos -0.35,2.13 h=187 f=0.39 m=f1 odo=159344 lid=0.39,1.84,0.65,0.56,1.05,0.85,0.42,0.43,0.89,1.00,0.60,0.46,0.50,0.60,0.83,2.09
t=85 pos -0.50,2.11 h=176 f=0.12 m=f1 odo=159426 lid=0.12,1.16,0.77,0.61,1.02,1.07,0.59,0.43,0.57,0.92,0.68,0.57,0.53,0.53,0.63,1.24
t=86 pos -0.65,2.09 h=180 f=0.13 m=f1 odo=159515 lid=0.13,1.17,0.75,0.60,1.01,1.06,0.58,0.41,0.56,0.93,0.68,0.58,0.53,0.50,0.66,1.52
t=87 pos -0.83,2.07 h=181 f=0.34 m=f1 odo=159615 lid=0.34,1.21,0.66,0.57,0.99,0.92,0.57,0.41,0.62,0.94,0.65,0.53,0.53,0.55,0.76,1.47
RECOVER t=88
t=89 pos -0.91,2.19 h=240 f=0.63 m=f1 odo=159620 lid=0.63,1.04,0.65,0.39,0.31,0.42,0.84,0.84,0.54,0.48,0.49,0.64,1.04,2.74,1.33,0.88
t=90 pos -1.01,2.14 h=183 f=1.10 m=f1 odo=159689 lid=1.10,1.84,0.65,0.52,1.03,0.81,0.42,0.39,0.82,0.96,0.67,0.56,0.54,0.65,0.87,0.14
t=91 pos -1.25,2.11 h=181 f=0.33 m=f1 odo=159825 lid=0.33,1.16,0.67,0.55,0.98,1.02,0.59,0.39,0.41,0.97,0.74,0.62,0.55,0.58,0.76,0.11
t=93 pos -1.53,2.07 h=191 f=1.04 m=f1 odo=159988 lid=1.04,1.78,0.60,0.49,1.02,0.85,0.54,0.42,0.90,1.04,0.69,0.52,0.55,0.66,0.12,0.28
t=94 pos -1.77,2.05 h=185 f=1.05 m=f1 odo=160128 lid=1.05,1.79,0.60,0.50,0.99,0.85,0.56,0.43,0.64,1.06,0.68,0.52,0.56,0.67,0.10,0.30
t=95 pos -2.00,2.02 h=184 f=1.07 m=f1 odo=160259 lid=1.07,1.75,0.60,0.52,0.95,1.05,0.57,0.40,0.40,0.98,0.72,0.54,0.57,0.64,0.10,0.17
t=96 pos -2.24,2.00 h=193 f=1.11 m=f1 odo=160392 lid=1.11,1.83,0.59,0.49,1.00,0.84,0.51,0.41,0.94,1.05,0.67,0.55,0.54,0.65,0.12,0.29
t=97 pos -2.47,1.98 h=186 f=1.08 m=f1 odo=160523 lid=1.08,1.74,0.60,0.52,0.96,1.03,0.56,0.43,0.43,1.00,0.72,0.55,0.57,0.65,0.11,0.26
t=98 pos -2.72,1.97 h=185 f=1.08 m=f1 odo=160668 lid=1.08,1.70,0.60,0.51,0.95,1.02,0.59,0.42,0.41,0.97,0.73,0.56,0.55,0.65,0.09,0.27
t=99 pos -2.94,1.95 h=178 f=0.35 m=f1 odo=160796 lid=0.35,1.14,0.65,0.55,1.43,0.98,0.62,0.41,0.44,0.98,0.79,0.65,0.57,0.63,0.09,0.13
RECOVER t=100
t=101 pos -3.05,1.95 h=157 f=1.51 m=f1 odo=160562 lid=1.51,0.45,1.29,0.66,0.53,0.97,0.84,0.47,0.31,0.32,0.87,0.85,0.59,0.55,0.56,0.73
t=102 pos -3.14,2.05 h=114 f=0.52 m=f1 odo=160637 lid=0.52,0.65,1.21,0.23,1.18,0.80,0.63,1.00,1.08,0.57,0.40,0.56,0.91,0.65,0.56,0.51
t=103 pos -3.14,2.15 h=78 f=0.37 m=f1 odo=160693 lid=0.37,0.40,0.45,0.61,1.47,0.85,0.21,0.75,0.65,1.15,0.87,0.46,0.50,0.92,0.88,0.49
t=104 pos -3.09,2.21 h=30 f=0.77 m=f1 odo=160738 lid=0.77,0.40,0.31,0.36,0.41,0.56,1.43,1.17,0.30,0.83,0.71,1.17,0.68,0.41,0.55,0.83
t=105 pos -2.93,2.24 h=356 f=0.71 m=f1 odo=160831 lid=0.71,0.72,0.49,0.36,0.34,0.31,0.40,0.62,2.55,0.70,2.23,0.88,1.19,0.98,0.40,0.42
t=106 pos -2.76,2.16 h=321 f=0.29 m=f1 odo=160943 lid=0.29,0.60,0.67,0.73,0.42,0.36,0.37,0.44,0.53,1.17,1.10,2.12,0.92,1.72,0.95,0.32
t=107 pos -2.53,2.05 h=343 f=0.32 m=f1 odo=161085 lid=0.32,0.57,0.60,0.60,0.40,0.38,0.37,0.53,0.95,2.83,1.50,0.94,1.76,1.18,0.27,0.20
t=108 pos -2.24,2.01 h=357 f=0.54 m=f1 odo=161255 lid=0.54,0.56,0.60,0.39,0.36,0.44,0.56,0.86,2.92,1.55,0.99,1.79,1.08,0.14,0.19,0.25
t=109 pos -1.83,2.12 h=28 f=0.48 m=f1 odo=161496 lid=0.48,0.51,0.35,0.37,0.46,0.62,1.33,0.69,2.30,1.58,1.21,0.17,0.17,0.18,0.47,0.50
t=110 pos -1.56,2.38 h=52 f=0.45 m=f1 odo=161710 lid=0.45,0.33,0.33,0.35,0.44,1.14,1.37,2.37,1.68,0.22,0.22,0.21,0.33,0.39,0.44,0.43
t=111 pos -1.40,2.64 h=59 f=0.36 m=f1 odo=161884 lid=0.36,0.23,0.23,0.30,0.43,1.97,0.77,1.21,2.06,0.29,0.23,0.33,0.40,0.40,0.34,0.44
t=113 pos -1.38,2.94 h=115 f=0.26 m=f1 odo=162066 lid=0.26,0.43,0.71,3.00,2.35,1.05,0.31,0.28,0.26,0.42,0.40,0.36,0.38,0.38,0.27,0.21
t=114 pos -1.64,3.13 h=153 f=0.39 m=f1 odo=162248 lid=0.39,1.93,1.04,1.24,2.06,0.31,0.28,0.37,0.42,0.41,0.38,0.39,0.28,0.19,0.20,0.25
t=115 pos -2.04,3.24 h=175 f=1.25 m=f1 odo=162487 lid=1.25,1.29,2.48,1.01,1.32,0.34,0.34,0.56,0.50,0.46,0.42,0.20,0.18,0.18,0.28,0.31
t=116 pos -2.67,3.19 h=198 f=1.20 m=f1 odo=162846 lid=1.20,0.51,1.05,1.32,0.48,0.40,0.62,0.68,0.64,0.28,0.22,0.19,0.23,0.20,0.39,1.15
t=117 pos -3.10,3.00 h=212 f=0.44 m=f1 odo=163114 lid=0.44,0.95,1.84,1.26,0.44,0.48,0.72,0.71,0.41,0.29,0.28,0.19,0.28,0.38,1.02,1.84
t=118 pos -3.33,2.84 h=214 f=0.35 m=f1 odo=163277 lid=0.35,0.88,1.76,1.20,0.50,0.41,0.79,0.77,0.47,0.37,0.27,0.35,0.35,0.52,1.50,1.01
t=119 pos -3.52,2.74 h=198 f=0.57 m=f1 odo=163397 lid=0.57,0.28,0.83,1.70,1.24,0.50,0.44,0.86,0.91,0.48,0.34,0.35,0.36,0.45,0.70,2.62
t=120 pos -3.88,2.70 h=180 f=2.43 m=f1 odo=163606 lid=2.43,0.42,0.18,0.15,0.16,1.28,0.63,0.54,1.03,0.93,0.54,0.39,0.34,0.38,0.45,0.82
t=121 pos -4.39,2.70 h=181 f=2.29 m=f1 odo=163897 lid=2.29,0.56,0.29,0.18,0.14,0.18,0.22,0.72,1.17,0.83,0.45,0.37,0.35,0.36,0.47,0.90
t=122 pos -4.90,2.69 h=182 f=2.15 m=f1 odo=164187 lid=2.15,0.45,0.24,0.20,0.22,0.18,0.18,0.85,1.32,0.85,0.46,0.40,0.32,0.36,0.51,0.99
t=123 pos -5.40,2.74 h=173 f=1.84 m=f1 odo=164472 lid=1.84,0.93,0.33,0.23,0.20,0.18,0.27,0.31,1.11,1.49,0.58,0.43,0.33,0.32,0.43,0.62
t=124 pos -5.83,2.86 h=160 f=0.79 m=f1 odo=164727 lid=0.79,1.84,0.47,0.26,0.28,0.24,0.24,0.40,0.63,1.59,0.69,0.35,0.32,0.29,0.33,0.45
t=125 pos -6.06,2.94 h=156 f=0.65 m=f1 odo=164867 lid=0.65,1.83,0.76,0.38,0.24,0.28,0.28,0.32,0.51,1.68,0.74,0.36,0.28,0.27,0.24,0.37
t=126 pos -6.33,3.06 h=163 f=0.59 m=f1 odo=165031 lid=0.59,1.75,0.86,0.37,0.32,0.28,0.33,0.39,0.63,1.75,0.64,0.30,0.26,0.22,0.22,0.34
t=127 pos -6.80,3.14 h=177 f=1.65 m=f1 odo=165302 lid=1.65,1.09,0.51,0.32,0.32,0.34,0.43,0.69,1.88,0.52,0.32,0.20,0.19,0.24,0.28,0.50
t=128 pos -7.36,3.06 h=197 f=1.54 m=f1 odo=165630 lid=1.54,0.50,0.33,0.28,0.33,0.33,0.61,2.00,0.88,0.40,0.23,0.23,0.22,0.33,0.40,1.35
t=129 pos -7.87,2.88 h=200 f=0.82 m=f1 odo=165934 lid=0.82,0.37,0.32,0.22,0.24,0.35,0.66,2.14,0.72,0.36,0.29,0.29,0.33,0.35,0.73,1.35
t=130 pos -8.29,2.74 h=195 f=1.26 m=f1 odo=166188 lid=1.26,0.41,0.26,0.24,0.25,0.23,0.33,1.05,1.50,0.51,0.38,0.35,0.31,0.33,0.61,1.23
t=131 pos -8.74,2.71 h=178 f=1.03 m=f1 odo=166443 lid=1.03,1.12,0.33,0.25,0.21,0.23,0.29,0.40,2.41,0.88,0.46,0.37,0.30,0.31,0.47,0.82
t=133 pos -9.23,2.75 h=172 f=0.95 m=f1 odo=166726 lid=0.95,0.97,0.41,0.33,0.23,0.24,0.26,0.42,1.34,1.18,0.55,0.33,0.31,0.28,0.41,0.59
t=134 pos -9.74,2.83 h=166 f=0.80 m=f1 odo=167019 lid=0.80,0.77,0.95,0.36,0.33,0.29,0.32,0.46,1.25,1.35,0.56,0.30,0.28,0.33,0.35,0.51
t=135 pos -10.01,2.89 h=166 f=0.71 m=f1 odo=167174 lid=0.71,0.65,0.76,0.98,0.29,0.33,0.34,0.44,0.98,1.98,0.45,0.29,0.28,0.29,0.30,0.45
t=136 pos -10.28,2.96 h=166 f=0.61 m=f1 odo=167335 lid=0.61,0.57,0.71,1.03,0.33,0.34,0.39,0.49,1.04,1.74,0.42,0.31,0.28,0.26,0.28,0.43
t=137 pos -10.63,3.02 h=176 f=0.52 m=f1 odo=167533 lid=0.52,0.54,0.68,0.89,0.34,0.39,0.45,0.61,2.67,0.85,0.36,0.31,0.23,0.25,0.31,0.41
t=138 pos -10.96,3.02 h=188 f=0.43 m=f1 odo=167726 lid=0.43,0.48,0.65,0.89,0.33,0.41,0.52,0.92,2.22,0.42,0.33,0.24,0.21,0.28,0.34,0.45
t=139 pos -11.28,2.94 h=197 f=0.34 m=f1 odo=167912 lid=0.34,0.49,0.79,0.81,0.34,0.47,0.69,2.83,0.69,0.41,0.28,0.23,0.27,0.29,0.41,0.39
t=140 pos -11.54,2.81 h=205 f=0.33 m=f1 odo=168075 lid=0.33,0.49,0.79,0.75,0.34,0.52,0.97,2.37,0.55,0.35,0.27,0.29,0.29,0.32,0.32,0.27
t=141 pos -11.76,2.65 h=223 f=0.38 m=f1 odo=168234 lid=0.38,0.66,0.80,1.31,0.36,0.63,3.00,0.78,0.46,0.34,0.32,0.30,0.33,0.28,0.23,0.25
t=142 pos -11.96,2.41 h=238 f=0.36 m=f1 odo=168411 lid=0.36,0.69,0.69,1.31,0.41,1.09,1.44,0.63,0.39,0.38,0.33,0.35,0.25,0.18,0.18,0.26
t=143 pos -12.08,2.05 h=260 f=0.62 m=f1 odo=168627 lid=0.62,0.62,1.36,1.29,0.85,1.50,0.73,0.47,0.44,0.37,0.32,0.19,0.16,0.17,0.26,0.35
t=144 pos -12.03,1.67 h=290 f=0.57 m=f1 odo=168848 lid=0.57,1.23,1.25,0.63,1.52,0.78,0.55,0.50,0.46,0.25,0.20,0.18,0.23,0.26,0.46,0.57
t=145 pos -11.87,1.35 h=303 f=1.10 m=f1 odo=169054 lid=1.10,0.87,1.22,2.99,1.01,0.73,0.60,0.56,0.46,0.26,0.25,0.25,0.26,0.41,0.49,0.49
t=146 pos -11.57,0.92 h=303 f=1.08 m=f1 odo=169352 lid=1.08,0.78,1.19,0.84,0.27,0.87,0.72,0.70,0.59,0.36,0.32,0.33,0.40,0.40,0.39,0.34
t=147 pos -11.37,0.58 h=304 f=0.93 m=f1 odo=169572 lid=0.93,0.75,1.16,1.12,0.37,0.28,0.81,0.81,0.61,0.44,0.36,0.40,0.45,0.35,0.25,0.25
t=148 pos -11.16,0.27 h=305 f=0.82 m=f1 odo=169785 lid=0.82,0.67,0.92,1.11,0.59,0.35,0.33,0.90,0.68,0.51,0.47,0.45,0.33,0.19,0.15,0.16
t=149 pos -10.74,-0.04 h=344 f=0.47 m=f1 odo=170090 lid=0.47,0.97,1.02,0.54,0.37,0.40,1.00,0.66,0.55,0.52,0.18,0.11,0.09,0.60,0.58,0.61
t=151 pos -10.38,-0.04 h=344 f=0.36 m=f1 odo=170298 lid=0.36,0.83,0.97,0.53,0.39,0.38,1.03,0.76,0.68,0.63,0.17,3.00,1.15,0.61,0.69,0.51
t=152 pos -10.25,-0.13 h=311 f=0.47 m=f1 odo=170386 lid=0.47,0.34,0.31,0.80,0.69,0.52,0.41,0.47,1.08,0.77,0.68,0.73,3.00,1.11,0.57,0.55
t=153 pos -10.18,-0.30 h=286 f=0.45 m=f1 odo=170490 lid=0.45,0.49,0.34,0.24,0.78,0.90,0.67,0.52,0.52,1.21,0.82,0.39,0.74,2.99,1.05,0.50
t=154 pos -10.16,-0.50 h=269 f=0.34 m=f1 odo=170610 lid=0.34,0.41,0.42,0.30,0.28,0.25,1.00,0.68,0.58,0.65,1.03,0.32,0.77,0.81,3.00,0.43
t=155 pos -10.19,-0.72 h=250 f=0.34 m=f1 odo=170735 lid=0.34,0.26,0.34,0.39,0.28,0.31,0.28,0.91,0.73,0.66,1.36,0.36,0.74,0.76,3.00,0.93
t=156 pos -10.22,-0.97 h=284 f=0.21 m=f1 odo=170881 lid=0.21,0.33,0.38,0.30,0.35,0.32,0.88,0.76,0.75,1.25,0.45,0.75,0.76,3.00,0.89,0.30
t=157 pos -10.06,-1.20 h=310 f=0.34 m=f1 odo=171043 lid=0.34,0.31,0.28,0.31,0.30,0.88,0.72,0.82,0.36,0.53,0.71,3.00,2.98,0.29,0.20,0.19
t=158 pos -9.82,-1.36 h=346 f=0.23 m=f1 odo=171210 lid=0.23,0.24,0.27,0.34,0.82,0.75,1.49,0.50,0.83,0.79,3.00,0.29,0.20,0.14,0.25,0.32
t=159 pos -9.54,-1.22 h=54 f=1.04 m=f1 odo=171395 lid=1.04,0.81,0.76,1.42,0.52,0.81,0.80,3.00,0.29,0.17,0.14,0.26,0.32,0.25,0.26,0.28
t=160 pos -9.30,-0.75 h=68 f=0.75 m=f1 odo=171696 lid=0.75,0.65,0.74,1.12,0.51,0.82,3.00,1.11,0.36,0.29,0.34,0.23,0.21,0.18,0.18,0.20
t=161 pos -9.25,-0.36 h=94 f=0.58 m=f1 odo=171923 lid=0.58,0.67,1.07,0.91,0.88,3.00,1.13,0.41,0.40,0.40,0.23,0.19,0.15,0.15,0.88,0.65
t=162 pos -9.40,0.02 h=125 f=1.24 m=f1 odo=172155 lid=1.24,0.96,0.82,0.82,3.00,1.10,0.44,0.50,0.32,0.25,0.16,0.16,0.82,0.63,0.52,0.49
t=163 pos -9.52,0.25 h=111 f=0.44 m=f1 odo=172305 lid=0.44,1.16,0.86,0.76,0.80,3.00,1.14,0.53,0.60,0.39,0.21,0.30,0.76,0.68,0.50,0.42
t=164 pos -9.58,0.48 h=110 f=0.32 m=f1 odo=172437 lid=0.32,0.43,0.84,0.79,0.62,0.94,1.27,0.66,0.66,0.48,0.25,0.64,0.77,0.59,0.42,0.34
t=165 pos -9.65,0.65 h=117 f=0.37 m=f1 odo=172541 lid=0.37,0.96,0.78,0.74,0.34,3.00,1.22,0.60,0.59,0.32,0.37,0.70,0.81,0.48,0.34,0.27
t=166 pos -9.73,0.80 h=113 f=0.28 m=f1 odo=172642 lid=0.28,1.00,0.77,0.75,0.59,0.31,1.27,0.71,0.76,0.36,0.46,0.73,0.81,0.42,0.30,0.26
t=168 pos -9.89,1.02 h=132 f=0.31 m=f1 odo=172795 lid=0.31,0.76,0.68,0.74,0.35,1.34,0.79,0.81,0.44,0.50,0.77,0.83,0.37,0.24,0.20,0.25
t=169 pos -10.27,1.24 h=159 f=0.65 m=f1 odo=173047 lid=0.65,0.63,0.69,0.38,0.32,0.84,0.87,0.49,0.80,0.90,0.54,0.22,0.17,0.17,0.21,0.83
t=170 pos -10.66,1.28 h=188 f=0.56 m=f1 odo=173270 lid=0.56,0.61,0.46,0.32,0.84,0.94,0.56,1.01,0.98,0.41,0.19,0.18,0.17,0.80,0.62,0.57
t=171 pos -10.98,1.18 h=200 f=0.51 m=f1 odo=173463 lid=0.51,0.44,0.32,0.28,0.81,0.80,0.61,0.97,0.72,0.26,0.22,0.78,0.78,0.63,0.51,0.43
t=172 pos -11.19,1.15 h=176 f=0.33 m=f1 odo=173587 lid=0.33,0.40,0.42,0.37,0.27,0.28,1.00,0.69,1.10,0.82,0.32,0.23,0.77,0.75,0.50,0.43
t=173 pos -11.43,1.17 h=186 f=0.33 m=f1 odo=173723 lid=0.33,0.36,0.35,0.32,0.27,0.32,0.89,0.82,1.24,0.39,0.25,0.81,0.78,0.67,0.38,0.29
t=174 pos -11.68,1.10 h=215 f=0.32 m=f1 odo=173872 lid=0.32,0.33,0.32,0.28,0.30,0.91,1.14,1.20,0.37,0.93,0.78,0.75,0.45,0.32,0.27,0.30
t=175 pos -11.90,0.90 h=224 f=0.34 m=f1 odo=174041 lid=0.34,0.26,0.28,0.27,0.35,0.80,1.23,0.53,1.11,0.87,0.79,0.45,0.32,0.18,0.26,0.26
t=176 pos -11.98,0.59 h=284 f=0.25 m=f1 odo=174234 lid=0.25,0.26,0.93,1.31,0.99,0.41,0.97,0.85,0.75,0.34,0.19,0.23,0.24,0.27,0.23,0.27
t=177 pos -11.66,0.32 h=322 f=0.88 m=f1 odo=174475 lid=0.88,0.79,1.24,0.47,0.99,0.87,0.83,0.46,0.27,0.29,0.28,0.33,0.25,0.24,0.22,0.21
t=178 pos -11.19,0.12 h=351 f=0.70 m=f1 odo=174768 lid=0.70,1.20,0.62,0.41,0.94,0.91,0.57,0.40,0.40,0.38,0.25,0.21,0.13,0.12,0.14,0.75
t=179 pos -10.59,0.22 h=23 f=0.79 m=f1 odo=175119 lid=0.79,0.41,0.32,0.32,0.92,0.67,0.49,0.51,0.41,0.20,0.14,0.14,0.67,0.70,0.49,0.95
t=180 pos -10.38,0.29 h=3 f=0.82 m=f1 odo=175245 lid=0.82,0.71,0.44,0.28,0.29,0.93,0.76,0.61,0.61,0.48,0.23,1.20,0.73,0.75,0.60,0.48
t=181 pos -10.14,0.26 h=339 f=0.39 m=f1 odo=175387 lid=0.39,0.77,0.84,0.44,0.34,0.26,0.35,0.97,0.74,0.72,0.52,3.00,1.23,0.68,0.71,0.44
t=182 pos -9.96,0.17 h=337 f=0.31 m=f1 odo=175500 lid=0.31,0.74,0.78,0.55,0.38,0.31,0.35,1.07,0.81,0.75,0.35,3.00,1.23,0.61,0.70,0.35
t=184 pos -9.78,0.12 h=341 f=0.34 m=f1 odo=175608 lid=0.34,0.65,0.78,0.52,0.38,0.31,0.40,0.96,0.78,0.80,0.95,3.00,0.69,0.62,0.47,0.23
t=185 pos -9.54,0.06 h=353 f=0.53 m=f1 odo=175745 lid=0.53,0.59,0.75,0.50,0.41,0.38,0.44,0.99,0.86,0.70,1.04,1.28,0.60,0.63,0.24,0.18
t=186 pos -9.32,0.02 h=359 f=0.62 m=f1 odo=175878 lid=0.62,0.66,0.68,0.45,0.40,0.39,0.54,0.98,0.90,0.95,1.09,0.69,0.61,0.35,0.13,0.17
t=187 pos -8.99,0.02 h=11 f=0.49 m=f1 odo=176062 lid=0.49,0.61,0.46,0.44,0.43,0.41,1.12,0.99,0.49,3.00,0.75,0.60,0.09,0.10,0.12,0.39
t=188 pos -8.65,0.31 h=60 f=0.40 m=f1 odo=176325 lid=0.40,0.38,0.36,0.40,1.16,1.00,0.58,3.00,0.79,0.12,0.14,0.13,0.33,0.49,0.42,0.53
t=189 pos -8.52,0.59 h=74 f=0.32 m=f1 odo=176500 lid=0.32,0.33,0.33,0.39,1.10,1.06,1.19,3.00,0.22,0.17,0.19,0.33,0.48,0.37,0.51,0.50
t=190 pos -8.57,0.87 h=120 f=0.33 m=f1 odo=176668 lid=0.33,0.39,1.08,1.06,1.26,1.44,0.21,0.16,0.28,0.37,0.48,0.43,0.48,0.35,0.31,0.30
t=191 pos -8.76,1.07 h=146 f=0.34 m=f1 odo=176824 lid=0.34,1.06,1.04,1.24,1.58,0.75,0.22,0.29,0.40,0.50,0.49,0.52,0.32,0.29,0.25,0.30
t=192 pos -9.03,1.20 h=161 f=0.99 m=f1 odo=176997 lid=0.99,0.98,0.65,2.99,0.87,0.29,0.28,0.47,0.57,0.51,0.55,0.30,0.23,0.20,0.24,0.27
t=193 pos -9.60,1.32 h=176 f=0.80 m=f1 odo=177328 lid=0.80,0.89,0.46,1.42,0.76,0.42,0.36,0.73,0.63,0.67,0.30,0.20,0.18,0.16,0.20,0.86
t=194 pos -10.07,1.20 h=207 f=0.67 m=f1 odo=177608 lid=0.67,0.39,1.37,0.74,0.62,0.39,0.80,0.79,0.50,0.28,0.19,0.16,0.19,0.29,0.76,0.76
t=195 pos -10.37,0.95 h=224 f=0.32 m=f1 odo=177831 lid=0.32,1.28,0.78,0.80,0.42,0.70,0.75,0.82,0.36,0.23,0.22,0.28,0.94,0.69,0.69,0.61
t=196 pos -10.49,0.73 h=241 f=0.22 m=f1 odo=177973 lid=0.22,1.15,0.66,0.60,0.39,0.89,0.89,0.56,0.34,0.25,0.30,0.99,0.72,0.64,0.65,0.30
t=197 pos -10.60,0.54 h=236 f=0.17 m=f1 odo=178101 lid=0.17,1.17,0.66,0.75,0.51,0.47,0.87,0.68,0.44,0.33,0.37,1.00,0.74,0.65,0.62,0.21
t=198 pos -10.72,0.32 h=238 f=3.00 m=f1 odo=178245 lid=3.00,1.06,0.56,0.71,0.48,0.80,0.98,0.67,0.42,0.39,1.03,0.83,0.60,0.60,0.39,0.14
t=199 pos -10.82,0.13 h=237 f=0.08 m=f1 odo=178367 lid=0.08,1.07,0.58,0.70,0.54,0.41,0.91,0.75,0.48,0.42,1.02,1.00,0.67,0.60,0.43,0.12
t=201 pos -10.93,-0.10 h=240 f=1.18 m=f1 odo=178508 lid=1.18,1.05,0.55,0.69,0.50,0.81,1.01,0.70,0.42,0.41,1.03,0.78,0.59,0.55,0.18,0.12
t=202 pos -11.04,-0.29 h=241 f=0.11 m=f1 odo=178634 lid=0.11,1.04,0.59,0.71,0.56,0.48,1.00,0.71,0.43,0.40,1.02,0.88,0.63,0.59,0.40,0.13
t=203 pos -11.14,-0.51 h=250 f=1.09 m=f1 odo=178771 lid=1.09,0.59,0.56,0.59,0.44,0.96,1.00,0.58,0.40,0.42,1.01,0.74,0.59,0.55,0.15,0.11
t=204 pos -11.22,-0.71 h=239 f=0.12 m=f1 odo=178894 lid=0.12,1.04,0.57,0.72,0.54,0.48,1.01,0.72,0.43,0.39,1.02,0.83,0.60,0.58,0.40,0.12
RECOVER t=204
t=206 pos -11.27,-0.86 h=188 f=0.58 m=f1 odo=178579 lid=0.58,0.46,0.24,1.23,0.70,0.81,1.04,0.75,0.93,0.65,0.34,0.27,0.31,0.93,0.71,0.57
t=207 pos -11.52,-0.88 h=184 f=0.52 m=f1 odo=178722 lid=0.52,0.42,0.23,0.18,0.71,0.71,0.67,0.53,0.94,0.73,0.36,0.30,0.30,0.89,0.65,0.51
t=208 pos -11.77,-0.90 h=178 f=0.45 m=f1 odo=178865 lid=0.45,0.47,0.33,0.17,0.16,0.20,0.85,0.56,1.05,0.82,0.39,0.33,0.84,0.87,0.57,0.46
t=209 pos -11.99,-0.88 h=173 f=0.36 m=f1 odo=178992 lid=0.36,0.36,0.32,0.27,0.20,0.18,0.22,0.78,1.04,1.15,0.43,0.37,0.88,0.84,0.54,0.40
t=210 pos -12.22,-0.84 h=172 f=0.31 m=f1 odo=179122 lid=0.31,0.30,0.36,0.27,0.24,0.18,0.22,0.86,1.10,1.21,0.44,1.00,0.84,0.81,0.46,0.31
t=212 pos -12.49,-0.95 h=219 f=0.31 m=f1 odo=179295 lid=0.31,0.24,0.25,0.21,0.21,0.87,1.23,1.21,0.47,0.99,0.86,0.83,0.41,0.28,0.30,0.26
t=213 pos -12.57,-1.24 h=284 f=0.20 m=f1 odo=179474 lid=0.20,0.21,0.88,0.81,1.21,0.47,1.01,0.88,0.81,0.45,0.36,0.28,0.28,0.33,0.24,0.24
t=214 pos -12.28,-1.48 h=330 f=0.82 m=f1 odo=179698 lid=0.82,1.21,1.18,0.46,0.35,0.89,0.84,0.47,0.31,0.34,0.32,0.28,0.23,0.19,0.17,0.19
t=215 pos -11.80,-1.60 h=1 f=1.04 m=f1 odo=179984 lid=1.04,0.86,0.42,0.36,0.92,0.92,0.55,0.42,0.39,0.33,0.26,0.14,0.09,0.15,0.89,0.61
t=216 pos -11.26,-1.43 h=20 f=1.01 m=f1 odo=180310 lid=1.01,0.44,0.30,0.34,0.90,0.69,0.53,0.55,0.48,0.24,0.18,1.17,0.67,0.66,0.48,0.94
t=217 pos -11.04,-1.41 h=358 f=0.90 m=f1 odo=180433 lid=0.90,0.88,0.45,0.32,0.26,0.32,0.96,0.69,0.63,0.59,0.28,1.30,0.72,0.72,0.60,0.41
t=218 pos -10.84,-1.48 h=333 f=0.32 m=f1 odo=180557 lid=0.32,0.80,0.83,0.53,0.37,0.28,0.32,1.08,0.79,0.74,0.62,0.24,1.26,0.70,0.72,0.48
t=219 pos -10.64,-1.56 h=346 f=0.58 m=f1 odo=180680 lid=0.58,0.68,0.80,0.48,0.38,0.31,0.34,0.92,0.73,0.75,0.30,3.00,0.70,0.59,0.49,0.27
t=220 pos -10.44,-1.61 h=345 f=0.54 m=f1 odo=180798 lid=0.54,0.61,0.72,0.51,0.37,0.33,0.39,0.99,0.81,0.82,1.00,2.99,0.70,0.65,0.42,0.20
t=221 pos -10.22,-1.67 h=339 f=0.19 m=f1 odo=180924 lid=0.19,0.61,0.69,0.52,0.43,0.38,0.37,0.55,0.96,0.86,1.01,3.00,0.68,0.63,0.35,0.14
t=222 pos -9.94,-1.70 h=2 f=0.58 m=f1 odo=181086 lid=0.58,0.65,0.63,0.48,0.42,0.38,0.60,1.00,0.93,1.08,3.00,0.60,0.61,0.11,0.12,0.18
t=223 pos -9.57,-1.51 h=40 f=0.61 m=f1 odo=181326 lid=0.61,0.42,0.35,0.38,0.46,1.05,0.99,1.05,3.00,0.63,0.10,0.12,0.13,0.35,0.50,0.60
t=224 pos -9.40,-1.20 h=65 f=0.34 m=f1 odo=181534 lid=0.34,0.33,0.35,0.39,1.09,1.07,0.57,3.00,0.76,0.20,0.17,0.32,0.40,0.44,0.51,0.52
t=225 pos -9.39,-0.91 h=116 f=0.32 m=f1 odo=181703 lid=0.32,0.36,1.09,1.05,0.60,3.00,0.72,0.20,0.19,0.35,0.50,0.41,0.52,0.50,0.32,0.31
t=226 pos -9.54,-0.71 h=137 f=0.32 m=f1 odo=181848 lid=0.32,1.06,1.05,0.59,3.00,0.76,0.21,0.23,0.38,0.52,0.43,0.53,0.34,0.29,0.25,0.27
t=227 pos -9.79,-0.55 h=157 f=0.48 m=f1 odo=182017 lid=0.48,0.94,0.85,3.00,0.89,0.80,0.27,0.43,0.58,0.48,0.55,0.31,0.25,0.22,0.23,0.26
t=229 pos -10.29,-0.40 h=172 f=0.86 m=f1 odo=182313 lid=0.86,0.86,0.50,1.52,0.81,0.64,0.35,0.58,0.59,0.64,0.35,0.19,0.19,0.16,0.18,0.32
t=230 pos -10.81,-0.46 h=198 f=0.76 m=f1 odo=182618 lid=0.76,0.41,1.38,0.84,0.84,0.40,0.67,0.72,0.52,0.29,0.18,0.14,0.15,0.23,0.77,0.69
t=231 pos -11.13,-0.69 h=222 f=0.35 m=f1 odo=182839 lid=0.35,1.31,0.80,0.83,0.42,0.69,0.78,0.59,0.34,0.21,0.18,0.24,0.95,0.71,0.68,0.70
t=232 pos -11.28,-0.92 h=237 f=0.23 m=f1 odo=182999 lid=0.23,0.74,0.70,0.60,0.40,0.89,0.87,0.48,0.30,0.23,0.28,0.99,0.71,0.62,0.68,0.31
t=233 pos -11.36,-1.13 h=248 f=1.23 m=f1 odo=183126 lid=1.23,0.69,0.68,0.58,0.38,0.90,0.90,0.49,0.34,0.32,0.34,0.90,0.67,0.66,0.50,0.22
t=234 pos -11.47,-1.33 h=244 f=3.00 m=f1 odo=183257 lid=3.00,1.04,0.58,0.70,0.49,0.79,0.99,0.68,0.42,0.39,1.00,0.90,0.65,0.60,0.42,0.14
t=235 pos -11.58,-1.52 h=249 f=1.15 m=f1 odo=183382 lid=1.15,0.59,0.56,0.63,0.47,0.93,0.98,0.62,0.42,0.42,1.03,0.76,0.58,0.53,0.17,0.10
t=236 pos -11.68,-1.71 h=243 f=0.09 m=f1 odo=183505 lid=0.09,1.04,0.57,0.71,0.54,0.45,0.97,0.72,0.45,0.39,1.00,0.94,0.64,0.60,0.43,0.12
t=237 pos -11.78,-1.92 h=243 f=1.16 m=f1 odo=183637 lid=1.16,1.04,0.56,0.68,0.48,0.92,0.99,0.62,0.40,0.41,1.02,0.77,0.58,0.54,0.18,0.11
t=238 pos -11.87,-2.11 h=238 f=0.11 m=f1 odo=183756 lid=0.11,1.07,0.61,0.70,0.57,0.41,0.93,0.75,0.48,0.39,1.00,0.97,0.65,0.58,0.42,0.11
t=239 pos -11.95,-2.37 h=253 f=1.09 m=f1 odo=183910 lid=1.09,0.63,0.62,0.57,0.47,0.93,1.05,0.56,0.39,0.42,1.00,0.70,0.59,0.55,0.17,0.11
RECOVER t=239
t=241 pos -11.96,-2.39 h=173 f=0.63 m=f1 odo=183522 lid=0.63,0.56,0.25,0.20,0.71,0.67,0.60,0.40,0.91,0.91,0.47,0.31,0.29,0.33,0.93,0.68
t=242 pos -12.19,-2.36 h=168 f=0.52 m=f1 odo=183653 lid=0.52,0.52,0.40,0.23,0.18,0.74,0.83,0.58,0.86,1.00,0.53,0.32,0.31,0.88,0.93,0.63
t=243 pos -12.41,-2.30 h=158 f=0.45 m=f1 odo=183783 lid=0.45,0.50,0.52,0.35,0.22,0.23,0.72,0.73,0.58,0.99,0.75,0.34,0.29,0.82,0.86,0.59
t=244 pos -12.63,-2.19 h=155 f=0.46 m=f1 odo=183921 lid=0.46,0.35,0.40,0.38,0.33,0.25,0.25,0.98,0.66,1.11,0.82,0.35,0.28,0.79,0.81,0.54
t=245 pos -12.82,-2.07 h=139 f=0.38 m=f1 odo=184054 lid=0.38,0.30,0.32,0.34,0.40,0.33,0.28,0.33,0.91,1.05,1.21,0.37,0.93,0.80,0.78,0.67
t=246 pos -12.93,-1.93 h=121 f=0.41 m=f1 odo=184154 lid=0.41,0.29,0.25,0.23,0.34,0.47,0.40,0.35,0.42,0.96,1.26,0.93,1.31,0.88,0.70,0.65
t=247 pos -13.01,-1.73 h=101 f=0.56 m=f1 odo=184279 lid=0.56,0.39,0.27,0.23,0.23,0.24,0.39,0.46,0.45,0.51,0.95,1.31,0.34,1.21,0.79,0.61
t=248 pos -12.99,-1.57 h=69 f=0.55 m=f1 odo=184369 lid=0.55,0.51,0.52,0.27,0.23,0.24,0.23,0.39,0.56,0.57,0.58,1.09,1.34,2.99,1.24,0.74
t=249 pos -12.88,-1.42 h=50 f=0.63 m=f1 odo=184476 lid=0.63,0.48,0.48,0.44,0.40,0.25,0.25,0.32,0.35,0.64,0.62,1.17,0.93,0.43,3.00,1.16
t=250 pos -12.71,-1.28 h=36 f=0.66 m=f1 odo=184603 lid=0.66,0.49,0.38,0.42,0.43,0.40,0.31,0.32,0.40,0.64,0.71,0.66,1.16,0.33,0.73,1.78
t=252 pos -12.48,-1.14 h=31 f=0.57 m=f1 odo=184759 lid=0.57,0.48,0.35,0.37,0.39,0.49,0.40,0.39,0.48,0.72,0.74,1.25,0.24,0.40,0.89,1.74
t=253 pos -12.23,-0.95 h=40 f=0.47 m=f1 odo=184938 lid=0.47,0.35,0.32,0.34,0.41,0.53,0.45,0.48,0.60,0.82,0.73,0.26,0.39,0.55,2.71,0.97
t=254 pos -12.04,-0.79 h=35 f=0.41 m=f1 odo=185075 lid=0.41,0.34,0.28,0.25,0.34,0.44,0.54,0.50,0.65,0.93,0.30,0.33,0.39,0.54,1.52,1.11
t=255 pos -11.86,-0.70 h=19 f=0.51 m=f1 odo=185191 lid=0.51,0.31,0.27,0.24,0.23,0.32,0.48,0.61,0.61,0.90,0.94,0.35,0.39,0.44,0.77,2.90
t=256 pos -11.56,-0.64 h=2 f=2.73 m=f1 odo=185367 lid=2.73,0.41,0.25,0.20,0.23,0.26,0.28,0.55,0.71,0.75,1.03,0.38,0.41,0.39,0.48,0.79
t=257 pos -11.21,-0.70 h=344 f=0.86 m=f1 odo=185566 lid=0.86,2.63,0.54,0.26,0.20,0.21,0.29,0.35,0.69,0.83,0.93,0.45,0.41,0.33,0.36,0.53
t=258 pos -10.90,-0.83 h=337 f=0.51 m=f1 odo=185759 lid=0.51,2.51,0.72,0.45,0.27,0.23,0.24,0.39,0.58,0.96,1.02,0.46,0.34,0.28,0.28,0.41
t=259 pos -10.63,-0.96 h=338 f=0.44 m=f1 odo=185928 lid=0.44,2.45,0.91,0.45,0.32,0.29,0.28,0.44,0.72,1.00,1.07,0.45,0.26,0.24,0.21,0.35
t=260 pos -10.29,-1.06 h=350 f=0.95 m=f1 odo=186134 lid=0.95,1.60,0.59,0.42,0.33,0.31,0.34,0.60,1.11,1.12,0.49,0.26,0.21,0.22,0.28,0.30
t=261 pos -9.68,-1.08 h=5 f=2.19 m=f1 odo=186482 lid=2.19,0.71,0.45,0.36,0.37,0.34,0.46,1.08,1.24,0.55,0.23,0.26,0.21,0.17,0.25,0.47
t=262 pos -9.16,-0.91 h=24 f=0.71 m=f1 odo=186793 lid=0.71,0.39,0.33,0.31,0.35,0.38,0.87,1.33,0.72,0.31,0.27,0.17,0.22,0.32,0.67,2.11
t=263 pos -8.85,-0.70 h=44 f=0.34 m=f1 odo=187007 lid=0.34,0.30,0.27,0.28,0.35,0.48,1.45,0.96,0.43,0.30,0.23,0.25,0.31,0.59,2.02,0.71
t=264 pos -8.74,-0.43 h=97 f=0.24 m=f1 odo=187183 lid=0.24,0.28,0.36,0.60,1.41,0.84,0.43,0.27,0.27,0.31,0.37,0.85,1.99,0.53,0.29,0.26
t=265 pos -8.91,-0.16 h=136 f=0.35 m=f1 odo=187371 lid=0.35,0.83,1.40,0.81,0.41,0.28,0.27,0.32,0.50,0.87,2.03,0.51,0.26,0.23,0.23,0.27
t=266 pos -9.24,0.01 h=166 f=0.45 m=f1 odo=187582 lid=0.45,1.36,0.88,0.46,0.42,0.29,0.35,0.45,0.95,2.07,0.33,0.25,0.18,0.18,0.23,0.28
t=267 pos -9.78,0.07 h=184 f=1.26 m=f1 odo=187888 lid=1.26,1.33,0.51,0.40,0.37,0.34,0.51,1.02,2.18,0.40,0.21,0.21,0.19,0.17,0.19,0.34
t=268 pos -10.34,-0.09 h=208 f=1.23 m=f1 odo=188223 lid=1.23,0.50,0.36,0.34,0.39,0.44,0.97,2.35,0.47,0.28,0.21,0.17,0.21,0.24,0.64,1.09
t=269 pos -10.67,-0.36 h=225 f=0.48 m=f1 odo=188468 lid=0.48,0.32,0.27,0.32,0.38,0.65,2.45,0.61,0.38,0.25,0.21,0.26,0.39,0.66,1.02,1.10
t=270 pos -10.85,-0.56 h=228 f=0.40 m=f1 odo=188622 lid=0.40,0.23,0.24,0.23,0.34,0.55,2.46,0.69,0.45,0.30,0.28,0.32,0.49,0.84,0.95,1.12
t=272 pos -11.02,-0.71 h=216 f=0.39 m=f1 odo=188749 lid=0.39,0.25,0.19,0.19,0.20,0.37,0.75,1.54,0.64,0.40,0.33,0.36,0.47,0.71,0.93,0.96
DASH t=273 pos -11.21,-0.82 hdg 4 hand 1
t=273 pos -11.21,-0.82 h=206 f=0.36 m=d1 odo=188875 lid=0.36,0.26,0.15,0.14,0.17,0.22,0.45,2.65,0.85,0.57,0.42,0.39,0.47,0.59,0.91,0.84
DASH wall pos -11.24,-0.85
t=274 pos -11.32,-0.93 h=230 f=0.25 m=f1 odo=188963 lid=0.25,0.19,0.13,0.12,0.21,0.45,1.43,0.84,0.53,0.40,0.40,0.47,0.65,0.90,0.85,0.32
t=275 pos -11.35,-1.02 h=253 f=0.17 m=f1 odo=189017 lid=0.17,0.14,0.15,0.21,0.43,2.63,0.87,0.54,0.38,0.38,0.47,0.61,0.90,0.85,0.33,0.25
t=276 pos -11.25,-1.30 h=318 f=0.21 m=f1 odo=189191 lid=0.21,0.42,2.62,1.07,0.62,0.40,0.39,0.47,0.58,0.90,0.83,0.41,0.26,0.19,0.14,0.15
t=277 pos -10.94,-1.38 h=358 f=1.39 m=f1 odo=189380 lid=1.39,1.20,0.63,0.43,0.37,0.48,0.56,0.85,0.86,0.93,0.27,0.18,0.13,0.14,0.18,0.35
t=278 pos -10.27,-1.19 h=30 f=0.68 m=f1 odo=189780 lid=0.68,0.48,0.34,0.34,0.42,0.64,1.07,1.07,0.43,0.22,0.18,0.14,0.18,0.28,0.62,2.47
t=279 pos -10.01,-0.92 h=47 f=0.44 m=f1 odo=189991 lid=0.44,0.33,0.27,0.33,0.55,0.97,1.07,0.54,0.29,0.25,0.19,0.28,0.29,0.59,2.35,0.61
t=280 pos -9.84,-0.73 h=44 f=0.36 m=f1 odo=190139 lid=0.36,0.31,0.23,0.24,0.31,0.68,1.11,1.22,0.40,0.30,0.28,0.31,0.32,0.59,2.34,0.54
t=281 pos -9.67,-0.59 h=32 f=0.41 m=f1 odo=190263 lid=0.41,0.29,0.24,0.20,0.20,0.30,0.96,1.19,0.73,0.42,0.34,0.35,0.33,0.53,1.12,1.16
t=282 pos -9.49,-0.51 h=11 f=0.65 m=f1 odo=190377 lid=0.65,0.30,0.21,0.20,0.20,0.20,0.28,1.12,1.33,0.72,0.41,0.39,0.31,0.42,0.68,2.19
t=283 pos -9.11,-0.48 h=360 f=2.08 m=f1 odo=190592 lid=2.08,0.49,0.24,0.20,0.16,0.19,0.25,0.33,1.43,1.46,0.57,0.43,0.33,0.37,0.43,0.90
t=284 pos -8.64,-0.54 h=344 f=1.44 m=f1 odo=190862 lid=1.44,1.11,0.37,0.18,0.17,0.20,0.20,0.36,0.65,1.54,0.70,0.40,0.32,0.33,0.41,0.55
t=285 pos -8.14,-0.67 h=350 f=1.31 m=f1 odo=191160 lid=1.31,1.39,0.41,0.28,0.23,0.18,0.26,0.38,0.78,1.73,0.64,0.33,0.27,0.28,0.35,0.46
t=286 pos -7.67,-0.79 h=348 f=1.19 m=f1 odo=191435 lid=1.19,1.61,0.54,0.32,0.26,0.30,0.27,0.44,0.84,1.83,0.47,0.29,0.28,0.27,0.31,0.46
t=287 pos -7.18,-0.91 h=349 f=1.15 m=f1 odo=191722 lid=1.15,1.52,0.49,0.31,0.30,0.30,0.40,0.55,1.46,1.42,0.35,0.35,0.23,0.21,0.28,0.35
t=288 pos -6.61,-0.94 h=1 f=1.39 m=f1 odo=192046 lid=1.39,0.63,0.40,0.34,0.29,0.35,0.49,0.95,2.07,0.45,0.29,0.22,0.23,0.26,0.24,0.93
t=290 pos -6.04,-0.83 h=15 f=0.87 m=f1 odo=192378 lid=0.87,0.47,0.29,0.32,0.31,0.37,0.59,2.26,0.77,0.40,0.28,0.22,0.18,0.28,0.79,1.20
t=291 pos -5.68,-0.65 h=36 f=0.39 m=f1 odo=192605 lid=0.39,0.29,0.22,0.28,0.27,0.42,1.20,1.73,0.52,0.37,0.23,0.24,1.21,0.75,1.13,1.13
t=292 pos -5.48,-0.51 h=34 f=0.32 m=f1 odo=192746 lid=0.32,0.26,0.19,0.17,0.25,0.31,0.74,2.45,0.58,0.44,0.29,0.31,1.15,0.69,1.08,1.06
t=293 pos -5.38,-0.22 h=104 f=0.20 m=f1 odo=192935 lid=0.20,0.27,0.29,0.74,2.45,0.62,0.44,0.27,0.30,1.16,0.72,1.05,1.07,0.30,0.26,0.20
t=294 pos -5.63,-0.00 h=160 f=0.54 m=f1 odo=193131 lid=0.54,2.40,0.72,0.44,0.29,0.32,1.42,0.74,0.83,1.05,0.49,0.30,0.20,0.18,0.27,0.28
t=295 pos -6.10,0.06 h=182 f=2.28 m=f1 odo=193402 lid=2.28,0.82,0.50,0.38,0.29,0.36,0.99,0.90,1.15,0.42,0.25,0.17,0.20,0.20,0.22,0.56
t=296 pos -6.69,-0.06 h=201 f=0.80 m=f1 odo=193749 lid=0.80,0.49,0.35,0.34,0.32,0.40,0.93,1.33,0.57,0.29,0.26,0.18,0.20,0.27,0.46,2.15
t=297 pos -7.01,-0.25 h=216 f=0.44 m=f1 odo=193960 lid=0.44,0.34,0.27,0.31,0.31,0.47,1.39,0.99,0.39,0.33,0.23,0.24,0.30,0.43,1.59,1.47
t=298 pos -7.24,-0.43 h=216 f=0.34 m=f1 odo=194122 lid=0.34,0.28,0.25,0.21,0.32,0.33,1.20,1.13,0.47,0.32,0.30,0.32,0.40,0.58,1.84,0.94
t=299 pos -7.41,-0.64 h=255 f=0.22 m=f1 odo=194284 lid=0.22,0.19,0.21,0.33,1.04,1.47,0.71,0.44,0.31,0.29,0.39,0.45,1.00,1.99,0.35,0.29
t=300 pos -7.31,-0.92 h=308 f=0.32 m=f1 odo=194456 lid=0.32,0.33,1.47,1.06,0.47,0.32,0.33,0.35,0.40,0.68,2.00,0.58,0.32,0.22,0.21,0.20
t=301 pos -6.94,-1.08 h=347 f=0.93 m=f1 odo=194687 lid=0.93,1.45,0.63,0.44,0.31,0.34,0.43,0.64,1.82,0.94,0.33,0.22,0.18,0.16,0.25,0.26
t=302 pos -6.32,-1.03 h=10 f=1.31 m=f1 odo=195044 lid=1.31,0.60,0.37,0.38,0.32,0.40,0.58,2.05,0.69,0.33,0.20,0.23,0.19,0.16,0.33,1.02
t=303 pos -5.88,-0.81 h=40 f=0.47 m=f1 odo=195325 lid=0.47,0.32,0.30,0.30,0.36,0.62,2.28,0.62,0.35,0.31,0.19,0.20,0.28,0.77,1.17,1.13
t=304 pos -5.66,-0.59 h=48 f=0.36 m=f1 odo=195504 lid=0.36,0.25,0.24,0.28,0.28,0.65,2.32,0.66,0.37,0.33,0.22,0.29,0.86,0.81,1.13,0.57
t=305 pos -5.49,-0.38 h=68 f=0.23 m=f1 odo=195657 lid=0.23,0.18,0.23,0.26,0.46,2.38,0.88,0.43,0.37,0.30,0.31,0.82,0.81,1.09,0.55,0.33
t=306 pos -5.57,-0.08 h=133 f=0.26 m=f1 odo=195841 lid=0.26,0.48,2.39,0.75,0.43,0.34,0.29,0.31,0.78,0.81,1.10,0.52,0.33,0.21,0.19,0.25
t=307 pos -5.93,0.05 h=174 f=1.13 m=f1 odo=196059 lid=1.13,1.78,0.65,0.40,0.30,0.33,1.23,0.78,1.17,0.74,0.35,0.19,0.20,0.22,0.20,0.34
t=308 pos -6.53,0.02 h=193 f=2.25 m=f1 odo=196402 lid=2.25,0.54,0.42,0.35,0.32,0.39,0.92,1.29,0.84,0.28,0.23,0.18,0.15,0.20,0.31,0.98
t=309 pos -6.95,-0.17 h=212 f=0.46 m=f1 odo=196670 lid=0.46,0.37,0.29,0.33,0.32,0.48,1.39,1.32,0.36,0.29,0.18,0.22,0.25,0.40,0.98,2.13
t=310 pos -7.19,-0.36 h=223 f=0.36 m=f1 odo=196841 lid=0.36,0.29,0.25,0.26,0.33,0.50,1.46,0.88,0.41,0.26,0.25,0.27,0.38,0.61,2.03,0.93
t=311 pos -7.37,-0.56 h=241 f=0.26 m=f1 odo=196996 lid=0.26,0.23,0.19,0.33,0.35,1.48,1.08,0.47,0.31,0.31,0.31,0.39,0.61,1.91,0.88,0.34
t=313 pos -7.30,-0.87 h=314 f=0.35 m=f1 odo=197193 lid=0.35,0.38,1.50,0.75,0.44,0.31,0.30,0.34,0.38,0.78,1.98,0.56,0.32,0.26,0.21,0.22
t=314 pos -6.99,-1.04 h=345 f=1.00 m=f1 odo=197395 lid=1.00,1.44,0.68,0.43,0.32,0.34,0.40,0.46,1.10,2.06,0.35,0.26,0.19,0.17,0.27,0.28
t=315 pos -6.40,-1.06 h=7 f=1.28 m=f1 odo=197735 lid=1.28,0.60,0.36,0.37,0.29,0.38,0.55,1.19,2.20,0.43,0.21,0.18,0.23,0.17,0.20,0.83
t=316 pos -5.88,-0.86 h=34 f=0.47 m=f1 odo=198050 lid=0.47,0.36,0.31,0.33,0.30,0.51,1.18,1.74,0.44,0.29,0.23,0.15,0.24,0.78,0.90,1.16
t=317 pos -5.64,-0.64 h=46 f=0.37 m=f1 odo=198238 lid=0.37,0.25,0.25,0.29,0.29,0.64,2.38,0.68,0.39,0.33,0.22,0.28,0.92,0.70,1.15,0.65
t=318 pos -5.46,-0.46 h=39 f=0.30 m=f1 odo=198381 lid=0.30,0.23,0.19,0.19,0.28,0.34,1.43,1.06,0.54,0.41,0.30,0.32,0.95,0.68,1.09,0.64
t=319 pos -5.39,-0.16 h=107 f=0.19 m=f1 odo=198567 lid=0.19,0.29,0.31,1.27,1.33,0.57,0.42,0.30,0.30,0.93,0.64,1.08,0.66,0.30,0.21,0.19
t=320 pos -5.64,0.02 h=168 f=0.68 m=f1 odo=198753 lid=0.68,2.40,0.72,0.45,0.28,0.30,1.26,0.72,1.11,1.06,0.31,0.25,0.20,0.18,0.24,0.27
t=321 pos -6.21,0.01 h=190 f=2.29 m=f1 odo=199082 lid=2.29,0.61,0.42,0.42,0.28,0.37,0.85,1.23,1.22,0.40,0.21,0.19,0.22,0.18,0.32,0.60
t=322 pos -6.70,-0.17 h=210 f=0.53 m=f1 odo=199377 lid=0.53,0.38,0.29,0.32,0.28,1.07,1.06,1.31,0.47,0.30,0.23,0.20,0.25,0.41,0.96,2.15
t=323 pos -6.95,-0.36 h=218 f=0.40 m=f1 odo=199560 lid=0.40,0.29,0.25,0.31,0.29,0.94,1.38,0.84,0.40,0.33,0.23,0.29,0.37,0.60,2.08,0.73
t=324 pos -7.14,-0.51 h=212 f=0.34 m=f1 odo=199699 lid=0.34,0.26,0.20,0.19,0.30,0.30,1.13,1.47,0.53,0.41,0.30,0.33,0.42,0.61,1.85,0.95
DASH t=325 pos -7.33,-0.74 hdg 188 hand -1
t=325 pos -7.33,-0.74 h=256 f=0.21 m=d-1 odo=199874 lid=0.21,0.16,0.21,0.31,0.51,1.46,0.73,0.47,0.30,0.34,0.41,0.49,1.04,2.00,0.31,0.27
DASH wall pos -7.33,-0.74
t=326 pos -7.15,-0.57 h=195 f=0.57 m=f-1 odo=199727 lid=0.57,0.31,0.21,0.20,0.17,0.29,0.30,1.16,1.43,0.51,0.37,0.32,0.36,0.42,0.69,1.99
t=327 pos -7.49,-0.57 h=167 f=1.49 m=f-1 odo=199919 lid=1.49,1.30,0.35,0.22,0.21,0.19,0.24,0.30,1.16,1.61,0.61,0.39,0.34,0.38,0.35,0.60
t=328 pos -7.73,-0.46 h=143 f=0.49 m=f-1 odo=200074 lid=0.49,1.18,1.77,0.38,0.28,0.18,0.27,0.26,0.35,0.73,1.70,0.62,0.36,0.32,0.28,0.35
t=329 pos -7.90,-0.30 h=134 f=0.35 m=f-1 odo=200206 lid=0.35,0.59,1.72,0.87,0.37,0.33,0.24,0.32,0.41,0.62,1.79,0.67,0.33,0.30,0.21,0.24
t=330 pos -7.91,-0.39 h=96 f=0.15 m=f-1 odo=200163 lid=0.15,0.26,0.34,0.61,1.64,0.67,0.35,0.33,0.26,0.36,0.46,1.37,1.78,0.43,0.28,0.20
t=331 pos -8.03,-0.62 h=32 f=0.35 m=f-1 odo=200008 lid=0.35,0.29,0.21,0.20,0.27,0.40,1.12,1.72,0.61,0.35,0.30,0.31,0.38,0.64,1.49,0.99
t=332 pos -7.84,-0.57 h=0 f=1.67 m=f-1 odo=200122 lid=1.67,0.37,0.22,0.21,0.19,0.16,0.28,0.58,1.77,0.87,0.43,0.30,0.37,0.37,0.56,1.30
t=333 pos -7.46,-0.65 h=335 f=1.15 m=f-1 odo=200340 lid=1.15,1.57,0.53,0.27,0.21,0.20,0.26,0.28,0.52,1.92,0.85,0.44,0.36,0.31,0.31,0.46
t=335 pos -7.25,-0.78 h=323 f=0.36 m=f-1 odo=200482 lid=0.36,1.03,1.44,0.56,0.33,0.25,0.25,0.33,0.35,0.87,1.98,0.53,0.36,0.28,0.23,0.35
t=336 pos -7.24,-0.74 h=287 f=0.23 m=f-1 odo=200464 lid=0.23,0.32,0.43,1.42,1.03,0.44,0.30,0.27,0.28,0.40,0.61,1.93,0.93,0.40,0.26,0.23
t=337 pos -7.21,-0.52 h=230 f=0.33 m=f-1 odo=200339 lid=0.33,0.23,0.20,0.30,0.31,1.00,1.42,0.68,0.43,0.28,0.30,0.38,0.42,0.96,2.03,0.37
t=338 pos -7.27,-0.58 h=198 f=0.49 m=f-1 odo=200386 lid=0.49,0.28,0.21,0.18,0.19,0.31,0.33,1.48,0.96,0.49,0.33,0.33,0.37,0.41,0.83,1.95
t=339 pos -7.59,-0.58 h=169 f=1.86 m=f-1 odo=200572 lid=1.86,0.76,0.29,0.21,0.18,0.19,0.22,0.41,1.24,1.57,0.60,0.41,0.35,0.35,0.43,0.70
t=340 pos -7.85,-0.49 h=144 f=0.54 m=f-1 odo=200731 lid=0.54,1.23,1.75,0.36,0.28,0.18,0.23,0.26,0.36,0.63,1.75,0.64,0.36,0.34,0.27,0.36
DASH t=341 pos -8.02,-0.32 hdg 1 hand -1
t=341 pos -8.02,-0.32 h=136 f=0.34 m=d-1 odo=200865 lid=0.34,0.57,1.70,0.82,0.35,0.30,0.23,0.32,0.39,0.65,1.84,0.70,0.33,0.30,0.22,0.26
DASH wall pos -8.02,-0.32
t=342 pos -8.01,-0.54 h=77 f=0.21 m=f-1 odo=200739 lid=0.21,0.20,0.28,0.45,1.07,1.69,0.62,0.32,0.30,0.24,0.38,0.48,1.37,1.42,0.43,0.30
t=343 pos -8.04,-0.64 h=30 f=0.41 m=f-1 odo=200684 lid=0.41,0.29,0.21,0.18,0.26,0.35,0.74,1.69,0.63,0.38,0.31,0.28,0.38,0.47,1.31,1.34
t=344 pos -7.82,-0.59 h=3 f=1.66 m=f-1 odo=200815 lid=1.66,0.38,0.24,0.21,0.21,0.18,0.25,0.59,1.79,0.90,0.42,0.32,0.36,0.38,0.55,1.27
t=345 pos -7.44,-0.67 h=339 f=1.12 m=f-1 odo=201036 lid=1.12,1.53,0.51,0.28,0.25,0.20,0.26,0.29,0.55,1.93,0.83,0.35,0.36,0.31,0.31,0.43
t=346 pos -7.20,-0.81 h=321 f=0.34 m=f-1 odo=201191 lid=0.34,1.00,1.46,0.54,0.35,0.28,0.25,0.30,0.40,0.93,2.02,0.51,0.36,0.27,0.23,0.34
t=347 pos -7.18,-0.81 h=296 f=0.27 m=f-1 odo=201200 lid=0.27,0.29,0.98,1.48,0.69,0.41,0.29,0.29,0.31,0.41,0.86,2.00,0.56,0.34,0.24,0.19
t=348 pos -7.11,-0.52 h=230 f=0.33 m=f-1 odo=201021 lid=0.33,0.24,0.18,0.26,0.28,0.97,1.45,0.68,0.42,0.30,0.30,0.34,0.43,0.91,2.02,0.53
t=349 pos -7.21,-0.57 h=196 f=0.53 m=f-1 odo=201091 lid=0.53,0.29,0.23,0.19,0.19,0.25,0.33,1.49,1.11,0.52,0.37,0.35,0.37,0.41,0.79,2.00
t=351 pos -7.56,-0.59 h=172 f=1.73 m=f-1 odo=201292 lid=1.73,0.96,0.32,0.17,0.20,0.18,0.22,0.31,1.16,1.67,0.63,0.39,0.35,0.37,0.40,0.70
t=352 pos -7.80,-0.49 h=144 f=0.56 m=f-1 odo=201440 lid=0.56,1.30,1.78,0.34,0.27,0.17,0.24,0.26,0.36,1.29,1.76,0.64,0.37,0.35,0.28,0.36
t=353 pos -7.93,-0.37 h=124 f=0.30 m=f-1 odo=201539 lid=0.30,0.51,1.46,1.74,0.44,0.31,0.25,0.27,0.32,0.49,1.47,1.00,0.42,0.32,0.23,0.23
t=354 pos -7.94,-0.67 h=56 f=0.31 m=f-1 odo=201355 lid=0.31,0.25,0.23,0.31,0.50,1.25,1.73,0.59,0.30,0.26,0.24,0.34,0.46,1.44,1.04,0.44
DASH t=355 pos -7.90,-0.67 hdg 2 hand -1
t=355 pos -7.90,-0.67 h=24 f=0.62 m=d-1 odo=201378 lid=0.62,0.30,0.27,0.21,0.19,0.31,0.58,1.73,0.88,0.38,0.32,0.27,0.37,0.42,0.62,1.75
t=356 pos -7.48,-0.62 h=4 f=1.55 m=d-1 odo=201615 lid=1.55,0.49,0.26,0.21,0.20,0.22,0.24,0.65,1.85,0.81,0.47,0.34,0.32,0.35,0.49,1.18
t=357 pos -6.96,-0.61 h=1 f=1.46 m=d-1 odo=201911 lid=1.46,0.61,0.33,0.20,0.20,0.21,0.31,0.39,2.04,0.95,0.42,0.35,0.32,0.41,0.37,1.06
t=358 pos -6.37,-0.61 h=360 f=1.28 m=d-1 odo=202246 lid=1.28,0.51,0.27,0.24,0.19,0.18,0.27,0.52,2.22,0.79,0.48,0.31,0.36,0.27,0.40,0.85
t=359 pos -5.84,-0.60 h=2 f=1.12 m=d-1 odo=202552 lid=1.12,0.57,0.34,0.23,0.17,0.26,0.26,0.46,2.37,0.88,0.45,0.39,0.27,0.29,0.91,0.78
t=360 pos -5.28,-0.60 h=1 f=0.94 m=d-1 odo=202871 lid=0.94,0.53,0.27,0.25,0.23,0.20,0.32,0.53,2.50,0.83,0.50,0.30,1.80,1.22,0.65,0.74
t=361 pos -4.85,-0.60 h=1 f=0.82 m=d-1 odo=203112 lid=0.82,0.48,0.30,0.18,0.20,0.21,0.29,0.48,2.65,0.84,0.38,0.97,1.29,0.86,0.47,0.82
t=362 pos -4.54,-0.59 h=0 f=0.76 m=d-1 odo=203287 lid=0.76,0.68,0.28,0.26,0.19,0.25,0.32,0.56,2.72,0.86,0.42,0.92,1.35,0.56,0.44,0.76
t=363 pos -4.22,-0.59 h=4 f=0.65 m=d-1 odo=203473 lid=0.65,0.61,0.27,0.21,0.24,0.21,0.32,0.64,2.81,0.79,1.16,1.98,1.28,0.40,0.45,0.68
t=364 pos -3.89,-0.58 h=2 f=0.54 m=d-1 odo=203656 lid=0.54,0.58,0.25,0.22,0.21,0.25,0.25,0.51,2.92,0.64,1.10,1.94,1.28,0.37,0.39,0.59
t=365 pos -3.58,-0.57 h=1 f=0.46 m=d-1 odo=203837 lid=0.46,0.52,0.34,0.20,0.21,0.20,0.31,0.54,3.00,0.71,1.13,1.93,0.32,0.33,0.42,0.49
t=366 pos -3.25,-0.57 h=4 f=0.36 m=d-1 odo=204021 lid=0.36,0.42,0.36,0.22,0.18,0.21,0.28,0.58,2.99,0.74,1.21,0.32,0.31,0.28,0.44,0.40
DASH wall pos -3.17,-0.56
t=367 pos -3.06,-0.58 h=347 f=0.34 m=f-1 odo=204133 lid=0.34,0.29,0.32,0.33,0.27,0.20,0.21,0.32,0.74,3.00,2.50,1.80,0.32,0.26,0.34,0.35
t=368 pos -3.05,-0.60 h=310 f=0.32 m=f-1 odo=204143 lid=0.32,0.30,0.29,0.24,0.30,0.33,0.29,0.23,0.30,0.51,2.07,0.89,1.29,0.34,0.25,0.27
t=369 pos -3.06,-0.34 h=248 f=0.26 m=f-1 odo=203991 lid=0.26,0.22,0.27,0.34,0.27,0.26,0.24,0.35,0.31,0.28,0.24,0.35,0.55,2.99,1.86,1.10
t=370 pos -3.17,-0.43 h=218 f=1.18 m=f-1 odo=204070 lid=1.18,0.25,0.20,0.18,0.25,0.33,0.33,0.33,0.37,0.40,0.32,0.30,0.38,0.69,2.97,1.80
t=371 pos -3.46,-0.55 h=189 f=1.31 m=f-1 odo=204249 lid=1.31,2.32,1.61,0.15,0.18,0.17,0.17,0.45,0.44,0.45,0.52,0.34,0.38,0.45,0.60,1.33
t=373 pos -3.83,-0.48 h=166 f=1.19 m=f-1 odo=204468 lid=1.19,1.54,2.17,0.95,1.76,0.35,0.20,0.28,0.56,0.60,0.61,0.46,0.34,0.34,0.37,0.54
t=374 pos -4.43,-0.42 h=187 f=2.77 m=f-1 odo=204810 lid=2.77,0.42,0.90,1.76,1.16,0.42,0.31,0.45,0.74,0.76,0.41,0.33,0.29,0.40,0.47,1.07
t=375 pos -4.84,-0.55 h=204 f=0.32 m=f-1 odo=205056 lid=0.32,0.95,0.73,1.20,0.72,0.43,0.48,0.83,0.88,0.47,0.39,0.36,0.40,0.55,0.99,2.64
t=376 pos -4.97,-0.61 h=202 f=0.29 m=f-1 odo=205140 lid=0.29,0.19,0.79,1.15,1.05,0.47,0.38,0.83,0.88,0.54,0.44,0.35,0.40,0.52,0.91,2.63
t=377 pos -5.16,-0.68 h=192 f=0.48 m=f-1 odo=205252 lid=0.48,0.20,0.72,0.64,1.13,0.69,0.50,0.64,0.92,0.60,0.46,0.42,0.40,0.49,0.72,2.43
t=378 pos -5.31,-0.73 h=191 f=0.78 m=f-1 odo=205344 lid=0.78,0.16,0.14,0.10,1.14,0.98,0.51,0.48,1.00,0.86,0.53,0.44,0.39,0.49,0.64,1.43
t=379 pos -5.53,-0.68 h=145 f=0.62 m=f-1 odo=205474 lid=0.62,2.28,0.70,0.33,0.14,0.15,0.15,1.06,0.61,0.72,1.03,0.68,0.42,0.36,0.38,0.41
t=380 pos -5.61,-0.56 h=116 f=0.35 m=f-1 odo=205558 lid=0.35,0.49,1.18,2.40,0.48,0.34,0.16,0.19,0.22,0.71,0.77,1.09,0.60,0.42,0.33,0.30
t=381 pos -5.66,-0.58 h=84 f=0.25 m=f-1 odo=205552 lid=0.25,0.30,0.36,0.69,2.36,0.67,0.34,0.22,0.20,0.24,0.92,0.64,1.15,0.71,0.40,0.30
t=382 pos -5.67,-0.67 h=51 f=0.36 m=f-1 odo=205501 lid=0.36,0.26,0.25,0.29,0.34,0.68,2.35,0.68,0.38,0.23,0.25,0.28,0.73,0.79,1.08,0.54
DASH t=383 pos -5.61,-0.61 hdg 178 hand 1
t=383 pos -5.61,-0.61 h=21 f=0.52 m=d1 odo=205549 lid=0.52,0.30,0.24,0.18,0.24,0.30,0.51,2.44,0.76,0.43,0.27,0.29,1.37,0.72,0.77,1.06
DASH wall pos -5.50,-0.55
t=384 pos -5.38,-0.33 h=88 f=0.23 m=f1 odo=205770 lid=0.23,0.19,0.30,0.37,1.54,1.02,0.47,0.30,0.31,1.33,0.87,0.72,1.06,0.62,0.28,0.23
t=385 pos -5.56,-0.08 h=158 f=0.34 m=f1 odo=205955 lid=0.34,2.22,1.01,0.47,0.29,0.29,1.32,0.83,0.72,1.07,0.60,0.29,0.24,0.19,0.20,0.30
t=386 pos -5.99,0.00 h=178 f=2.21 m=f1 odo=206206 lid=2.21,0.95,0.54,0.42,0.28,0.33,0.98,0.81,1.15,0.55,0.29,0.18,0.16,0.22,0.23,0.39
t=387 pos -6.58,-0.07 h=196 f=1.13 m=f1 odo=206548 lid=1.13,0.56,0.34,0.38,0.29,0.39,0.85,1.29,0.68,0.30,0.22,0.20,0.20,0.25,0.47,2.02
t=388 pos -6.97,-0.28 h=219 f=0.46 m=f1 odo=206797 lid=0.46,0.33,0.27,0.32,0.28,0.94,1.33,0.95,0.40,0.32,0.22,0.24,0.29,0.47,1.56,1.51
t=389 pos -7.18,-0.44 h=219 f=0.40 m=f1 odo=206950 lid=0.40,0.25,0.21,0.25,0.29,0.43,1.40,1.05,0.45,0.36,0.27,0.29,0.42,0.57,1.90,0.97
t=390 pos -7.38,-0.58 h=214 f=0.32 m=f1 odo=207090 lid=0.32,0.25,0.21,0.19,0.21,0.29,1.00,1.46,0.66,0.42,0.31,0.32,0.41,0.59,1.45,1.45
t=391 pos -7.48,-0.87 h=280 f=0.15 m=f1 odo=207273 lid=0.15,0.21,0.30,1.02,1.45,0.72,0.45,0.34,0.33,0.40,0.56,1.10,2.01,0.32,0.26,0.21
t=392 pos -7.26,-1.08 h=342 f=0.49 m=f1 odo=207458 lid=0.49,1.49,0.75,0.47,0.32,0.32,0.40,0.42,0.93,1.99,0.36,0.30,0.19,0.19,0.19,0.30
t=393 pos -6.68,-1.12 h=9 f=1.31 m=f1 odo=207792 lid=1.31,0.65,0.42,0.40,0.32,0.40,0.54,1.11,2.15,0.42,0.23,0.16,0.22,0.22,0.20,0.88
t=394 pos -6.14,-0.93 h=34 f=0.51 m=f1 odo=208119 lid=0.51,0.39,0.32,0.33,0.33,0.56,1.16,1.71,0.41,0.26,0.27,0.14,0.23,0.86,0.89,1.21
t=396 pos -5.87,-0.68 h=46 f=0.33 m=f1 odo=208326 lid=0.33,0.25,0.26,0.28,0.37,0.67,2.28,0.65,0.32,0.32,0.20,0.31,0.88,0.84,1.14,0.61
t=397 pos -5.71,-0.51 h=42 f=0.34 m=f1 odo=208458 lid=0.34,0.22,0.16,0.23,0.26,0.43,2.24,0.96,0.52,0.41,0.28,0.33,0.93,0.75,1.13,0.56
t=398 pos -5.61,-0.22 h=100 f=0.16 m=f1 odo=208645 lid=0.16,0.25,0.28,0.71,2.41,0.68,0.44,0.28,0.32,1.23,0.73,1.08,1.09,0.32,0.24,0.17
t=399 pos -5.85,-0.00 h=159 f=0.45 m=f1 odo=208839 lid=0.45,2.38,0.74,0.43,0.40,0.29,1.41,0.78,0.85,1.07,0.33,0.27,0.17,0.15,0.22,0.24
t=400 pos -6.33,0.05 h=185 f=2.25 m=f1 odo=209120 lid=2.25,0.81,0.49,0.40,0.30,0.36,0.96,0.95,1.17,0.41,0.20,0.18,0.18,0.16,0.23,0.54
t=401 pos -6.89,-0.11 h=212 f=0.71 m=f1 odo=209453 lid=0.71,0.48,0.33,0.36,0.30,0.46,1.01,1.29,0.47,0.27,0.21,0.16,0.21,0.28,0.50,2.11
t=402 pos -7.18,-0.33 h=222 f=0.43 m=f1 odo=209659 lid=0.43,0.32,0.25,0.35,0.30,0.98,1.44,0.66,0.37,0.25,0.23,0.26,0.38,0.60,2.08,0.70
t=403 pos -7.38,-0.52 h=221 f=0.34 m=f1 odo=209815 lid=0.34,0.24,0.23,0.20,0.33,0.34,1.45,0.92,0.45,0.30,0.29,0.32,0.39,0.66,2.04,0.62
t=404 pos -7.51,-0.78 h=272 f=0.20 m=f1 odo=209991 lid=0.20,0.17,0.32,0.36,1.50,0.76,0.45,0.30,0.32,0.34,0.40,0.83,1.98,0.51,0.30,0.23
t=405 pos -7.34,-1.01 h=328 f=0.29 m=f1 odo=210165 lid=0.29,1.13,1.49,0.56,0.37,0.33,0.32,0.43,0.60,1.78,1.09,0.33,0.26,0.21,0.18,0.28
t=406 pos -6.85,-1.13 h=355 f=1.36 m=f1 odo=210454 lid=1.36,1.04,0.54,0.43,0.34,0.36,0.47,0.75,2.11,0.45,0.28,0.22,0.17,0.22,0.22,0.24
t=407 pos -6.26,-1.02 h=23 f=0.87 m=f1 odo=210797 lid=0.87,0.52,0.34,0.35,0.32,0.43,0.80,2.25,0.56,0.25,0.23,0.22,0.14,0.26,0.80,1.23
t=408 pos -5.90,-0.78 h=45 f=0.44 m=f1 odo=211048 lid=0.44,0.30,0.30,0.29,0.40,0.66,2.29,0.60,0.32,0.29,0.19,0.25,0.94,0.72,1.19,0.65
t=409 pos -5.71,-0.58 h=44 f=0.33 m=f1 odo=211204 lid=0.33,0.23,0.22,0.27,0.28,0.62,2.37,0.71,0.41,0.33,0.27,0.30,0.79,0.80,1.12,0.54
t=410 pos -5.57,-0.34 h=86 f=0.20 m=f1 odo=211364 lid=0.20,0.22,0.27,0.40,1.43,1.06,0.53,0.44,0.28,0.32,0.96,0.66,1.11,0.67,0.34,0.24
t=411 pos -5.73,-0.09 h=153 f=0.38 m=f1 odo=211544 lid=0.38,1.29,1.31,0.56,0.41,0.28,0.31,0.95,0.66,1.09,0.70,0.33,0.22,0.19,0.18,0.27
t=412 pos -6.11,0.02 h=174 f=1.19 m=f1 odo=211773 lid=1.19,1.30,0.58,0.41,0.29,0.34,1.05,0.76,1.20,0.59,0.29,0.19,0.17,0.23,0.21,0.36
t=413 pos -6.73,-0.05 h=197 f=1.15 m=f1 odo=212131 lid=1.15,0.54,0.40,0.34,0.31,0.41,0.93,1.34,0.53,0.27,0.25,0.17,0.17,0.25,0.46,1.22
t=414 pos -7.11,-0.26 h=218 f=0.45 m=f1 odo=212376 lid=0.45,0.33,0.25,0.36,0.31,0.97,1.38,0.86,0.36,0.28,0.23,0.23,0.27,0.41,1.65,1.23
t=415 pos -7.34,-0.46 h=221 f=0.36 m=f1 odo=212547 lid=0.36,0.26,0.23,0.24,0.33,0.48,1.42,0.90,0.43,0.28,0.28,0.29,0.39,0.62,2.03,0.65
t=416 pos -7.49,-0.70 h=262 f=0.24 m=f1 odo=212714 lid=0.24,0.19,0.32,0.32,1.18,1.45,0.47,0.33,0.29,0.29,0.41,0.60,1.81,1.08,0.33,0.28
t=418 pos -7.33,-0.97 h=326 f=0.33 m=f1 odo=212906 lid=0.33,1.15,1.47,0.53,0.34,0.31,0.29,0.39,0.57,1.61,1.40,0.33,0.29,0.23,0.20,0.32
t=419 pos -6.82,-1.06 h=355 f=1.35 m=f1 odo=213198 lid=1.35,0.96,0.49,0.39,0.30,0.35,0.50,0.73,2.11,0.60,0.32,0.21,0.19,0.26,0.23,0.40
t=420 pos -6.24,-0.99 h=17 f=1.20 m=f1 odo=213533 lid=1.20,0.51,0.34,0.34,0.31,0.38,0.60,2.27,0.58,0.34,0.25,0.23,0.17,0.24,0.80,1.20
t=421 pos -5.86,-0.78 h=34 f=0.43 m=f1 odo=213779 lid=0.43,0.30,0.27,0.30,0.30,0.61,2.12,0.86,0.40,0.34,0.17,0.23,1.13,0.74,1.14,1.12
t=422 pos -5.65,-0.59 h=42 f=0.34 m=f1 odo=213941 lid=0.34,0.25,0.18,0.25,0.28,0.47,2.25,0.90,0.41,0.35,0.26,0.30,0.92,0.66,1.10,0.66
t=423 pos -5.49,-0.36 h=81 f=0.19 m=f1 odo=214106 lid=0.19,0.18,0.26,0.34,1.20,1.84,0.58,0.44,0.28,0.31,0.97,0.68,1.05,1.09,0.32,0.25
t=424 pos -5.65,-0.10 h=154 f=0.36 m=f1 odo=214293 lid=0.36,1.32,1.07,0.52,0.39,0.29,0.28,0.93,0.64,1.07,0.69,0.31,0.24,0.18,0.19,0.27
t=425 pos -6.09,0.01 h=178 f=2.14 m=f1 odo=214551 lid=2.14,0.99,0.51,0.40,0.28,0.34,1.00,0.73,1.17,0.60,0.31,0.17,0.19,0.22,0.22,0.38
t=426 pos -6.67,-0.06 h=194 f=1.30 m=f1 odo=214889 lid=1.30,0.54,0.37,0.35,0.30,0.41,0.90,1.29,0.53,0.26,0.24,0.19,0.17,0.25,0.46,1.71
t=427 pos -7.05,-0.27 h=220 f=0.44 m=f1 odo=215133 lid=0.44,0.34,0.29,0.35,0.29,0.95,1.37,0.90,0.37,0.30,0.21,0.25,0.30,0.43,1.67,1.22
DASH t=428 pos -7.26,-0.44 hdg 176 hand -1
t=428 pos -7.26,-0.44 h=221 f=0.37 m=d-1 odo=215292 lid=0.37,0.28,0.23,0.27,0.31,0.47,1.42,0.92,0.43,0.29,0.27,0.30,0.39,0.61,2.03,0.69
t=429 pos -7.49,-0.48 h=181 f=1.91 m=d-1 odo=215423 lid=1.91,0.48,0.28,0.25,0.22,0.23,0.35,0.40,1.57,0.80,0.47,0.34,0.32,0.36,0.38,0.81
t=430 pos -8.01,-0.45 h=177 f=1.78 m=d-1 odo=215722 lid=1.78,0.86,0.31,0.21,0.21,0.25,0.30,0.52,1.69,0.96,0.44,0.33,0.34,0.27,0.39,0.64
t=431 pos -8.57,-0.39 h=175 f=1.63 m=d-1 odo=216038 lid=1.63,1.03,0.35,0.23,0.24,0.19,0.33,0.48,1.87,1.07,0.44,0.36,0.25,0.30,0.38,0.53
t=432 pos -9.11,-0.34 h=174 f=1.47 m=d-1 odo=216349 lid=1.47,1.49,0.42,0.28,0.23,0.24,0.30,0.53,1.77,0.96,0.47,0.30,0.25,0.29,0.35,0.49
t=433 pos -9.65,-0.28 h=171 f=1.30 m=d-1 odo=216657 lid=1.30,1.34,0.51,0.34,0.30,0.26,0.31,0.46,1.89,0.85,0.40,0.28,0.28,0.27,0.27,0.41
t=434 pos -10.18,-0.23 h=173 f=1.14 m=d-1 odo=216960 lid=1.14,1.16,0.60,0.38,0.30,0.38,0.35,0.56,2.02,0.88,0.39,0.29,0.23,0.20,0.26,0.50
t=435 pos -10.72,-0.16 h=169 f=0.99 m=d-1 odo=217270 lid=0.99,1.01,0.56,0.44,0.32,0.33,0.43,0.65,2.48,0.67,0.38,0.20,0.19,0.17,0.20,0.47
t=436 pos -11.17,-0.13 h=178 f=0.86 m=d-1 odo=217528 lid=0.86,0.89,1.15,0.46,0.37,0.38,0.43,0.59,2.61,0.72,0.26,0.18,0.15,0.18,0.29,0.40
t=437 pos -11.51,-0.09 h=174 f=0.77 m=d-1 odo=217721 lid=0.77,0.76,1.04,0.43,0.40,0.38,0.46,0.66,2.69,0.66,0.25,0.19,0.19,0.22,0.26,0.36
t=438 pos -11.84,-0.07 h=180 f=0.68 m=d-1 odo=217906 lid=0.68,0.65,0.82,1.04,0.41,0.42,0.50,0.74,2.78,0.69,0.23,0.20,0.21,0.20,0.23,0.37
t=439 pos -12.15,-0.04 h=174 f=0.58 m=d-1 odo=218084 lid=0.58,0.57,0.75,1.01,0.41,0.44,0.50,0.79,2.91,0.47,0.27,0.21,0.17,0.18,0.21,0.36
t=440 pos -12.46,-0.01 h=176 f=0.49 m=d-1 odo=218265 lid=0.49,0.50,0.63,1.02,0.88,0.42,0.53,0.87,2.99,0.42,0.27,0.18,0.16,0.14,0.18,0.29
t=441 pos -12.81,0.02 h=177 f=0.41 m=d-1 odo=218460 lid=0.41,0.39,0.48,0.89,0.92,0.43,0.59,0.93,2.99,0.44,0.23,0.16,0.13,0.16,0.21,0.22
DASH wall pos -12.95,0.03
t=442 pos -13.08,0.03 h=177 f=0.30 m=f-1 odo=218618 lid=0.30,0.33,0.35,0.65,0.96,1.42,0.62,0.86,3.00,0.47,0.20,0.14,0.13,0.16,0.15,0.19
t=444 pos -12.88,-0.10 h=120 f=0.15 m=f-1 odo=218472 lid=0.15,0.17,0.33,0.30,0.32,0.56,0.92,0.93,0.49,0.70,1.72,0.58,0.24,0.15,0.14,0.14
t=445 pos -12.94,-0.05 h=138 f=0.17 m=f-1 odo=218515 lid=0.17,0.21,0.31,0.32,0.45,0.96,0.88,0.47,0.66,1.09,1.83,0.36,0.17,0.15,0.14,0.16
t=446 pos -12.89,-0.13 h=124 f=0.17 m=f-1 odo=218468 lid=0.17,0.17,0.29,0.33,0.33,0.55,0.93,0.90,0.50,0.69,1.40,0.72,0.26,0.15,0.14,0.14
t=447 pos -12.89,-0.16 h=112 f=0.14 m=f-1 odo=218448 lid=0.14,0.17,0.21,0.32,0.34,0.42,0.85,0.94,0.45,0.64,1.05,2.99,0.42,0.16,0.14,0.16
t=448 pos -12.94,-0.11 h=132 f=0.16 m=f-1 odo=218488 lid=0.16,0.18,0.31,0.34,0.38,0.61,0.97,1.44,0.59,0.83,3.00,0.48,0.21,0.14,0.14,0.13
t=449 pos -12.93,-0.15 h=119 f=0.15 m=f-1 odo=218466 lid=0.15,0.17,0.28,0.33,0.31,0.48,0.94,0.90,0.48,0.68,1.36,1.13,0.28,0.15,0.12,0.15
t=450 pos -12.92,-0.20 h=111 f=0.15 m=f-1 odo=218438 lid=0.15,0.17,0.20,0.31,0.33,0.38,0.64,0.96,1.43,0.64,0.88,3.00,0.46,0.18,0.12,0.14
t=451 pos -12.95,-0.17 h=119 f=0.17 m=f-1 odo=218460 lid=0.17,0.15,0.25,0.32,0.32,0.47,0.97,0.92,0.47,0.66,1.21,1.30,0.29,0.15,0.15,0.14
t=452 pos -12.96,-0.21 h=110 f=0.18 m=f-1 odo=218442 lid=0.18,0.17,0.20,0.31,0.35,0.36,0.82,0.94,0.44,0.63,1.04,3.00,0.45,0.19,0.14,0.15
DASH t=453 pos -12.99,-0.18 hdg 6 hand 1
t=453 pos -12.99,-0.18 h=118 f=0.15 m=d1 odo=218463 lid=0.15,0.17,0.24,0.31,0.32,0.47,0.94,0.89,0.48,0.68,1.23,1.31,0.30,0.16,0.13,0.17
DASH wall pos -12.99,-0.18
t=454 pos -13.27,-0.06 h=184 f=0.31 m=f1 odo=218645 lid=0.31,0.31,0.43,0.86,0.91,0.45,0.65,1.08,3.00,0.39,0.17,0.14,0.16,0.17,0.18,0.20
t=455 pos -13.56,-0.25 h=230 f=0.43 m=f1 odo=218850 lid=0.43,0.94,0.88,0.44,0.66,1.11,1.40,0.38,0.21,0.17,0.17,0.16,0.18,0.27,0.30,0.27
t=456 pos -13.73,-0.60 h=251 f=0.76 m=f1 odo=219072 lid=0.76,0.84,1.50,0.56,1.05,2.46,0.55,0.29,0.25,0.23,0.20,0.26,0.26,0.24,0.22,0.35
t=457 pos -13.81,-1.04 h=272 f=0.76 m=f1 odo=219325 lid=0.76,0.75,1.09,0.61,3.00,0.84,0.47,0.36,0.34,0.28,0.33,0.24,0.18,0.21,0.31,0.62
t=458 pos -13.74,-1.39 h=288 f=0.67 m=f1 odo=219530 lid=0.67,1.19,0.34,1.10,1.36,0.66,0.44,0.42,0.37,0.37,0.24,0.21,0.23,0.32,0.55,0.69
t=459 pos -13.55,-1.78 h=300 f=1.18 m=f1 odo=219780 lid=1.18,0.88,0.23,2.99,1.08,0.70,0.52,0.51,0.50,0.32,0.27,0.29,0.30,0.49,0.58,0.54
t=460 pos -13.38,-2.14 h=288 f=0.46 m=f1 odo=220005 lid=0.46,0.99,1.06,1.18,0.20,0.93,0.72,0.62,0.60,0.50,0.37,0.35,0.35,0.46,0.47,0.44
t=461 pos -13.35,-2.34 h=271 f=0.33 m=f1 odo=220119 lid=0.33,0.39,0.91,1.01,1.16,0.29,0.18,0.78,0.70,0.71,0.44,0.38,0.33,0.42,0.48,0.42
t=462 pos -13.38,-2.50 h=254 f=0.34 m=f1 odo=220213 lid=0.34,0.26,0.29,0.87,0.76,1.20,0.41,0.28,0.82,0.80,0.77,0.42,0.34,0.35,0.38,0.37
t=464 pos -13.39,-2.78 h=294 f=0.26 m=f1 odo=220378 lid=0.26,0.93,0.67,1.13,0.64,0.32,0.88,0.81,0.77,0.43,0.32,0.36,0.36,0.33,0.33,0.25
t=465 pos -13.15,-3.06 h=310 f=0.88 m=f1 odo=220586 lid=0.88,0.75,1.10,1.12,0.43,0.36,0.87,0.85,0.58,0.44,0.41,0.38,0.32,0.27,0.17,0.17
t=466 pos -12.69,-3.45 h=340 f=0.55 m=f1 odo=220936 lid=0.55,1.02,1.09,0.55,0.41,0.95,0.99,0.64,0.51,0.47,0.33,0.10,0.10,0.08,0.61,0.71
t=467 pos -12.21,-3.44 h=359 f=0.93 m=f1 odo=221209 lid=0.93,0.96,0.56,0.36,0.40,1.02,0.76,0.59,0.57,0.19,0.15,1.10,0.63,0.62,0.57,0.41
t=468 pos -12.07,-3.50 h=323 f=0.43 m=f1 odo=221297 lid=0.43,0.31,0.77,0.93,0.54,0.41,0.40,1.09,0.82,0.73,0.30,0.83,2.99,0.59,0.51,0.66
t=469 pos -11.99,-3.63 h=294 f=0.55 m=f1 odo=221386 lid=0.55,0.40,0.28,0.24,0.86,0.68,0.55,0.45,0.54,0.96,0.79,0.42,0.86,2.99,1.06,0.46
t=470 pos -11.95,-3.82 h=275 f=0.35 m=f1 odo=221494 lid=0.35,0.48,0.34,0.28,0.23,0.89,0.72,0.59,0.53,1.24,0.94,0.37,0.78,3.00,1.14,0.46
t=471 pos -11.95,-4.02 h=260 f=0.33 m=f1 odo=221608 lid=0.33,0.32,0.43,0.32,0.30,0.26,0.93,0.77,0.65,0.65,1.20,0.31,0.77,0.82,3.00,0.43
t=472 pos -12.00,-4.21 h=250 f=0.33 m=f1 odo=221722 lid=0.33,0.24,0.25,0.37,0.27,0.31,0.29,1.08,0.81,0.68,1.35,0.35,0.52,0.71,3.00,2.99
t=473 pos -11.94,-4.52 h=312 f=0.35 m=f1 odo=221910 lid=0.35,0.29,0.29,0.30,0.33,0.84,0.71,0.76,1.10,0.48,0.72,0.78,3.00,0.32,0.26,0.22
t=474 pos -11.76,-4.70 h=322 f=0.32 m=f1 odo=222055 lid=0.32,0.23,0.27,0.27,0.36,0.80,0.76,1.46,0.48,0.83,0.81,3.00,0.31,0.21,0.17,0.26
t=475 pos -11.46,-4.71 h=28 f=0.27 m=f1 odo=222237 lid=0.27,0.32,0.82,0.76,1.44,0.47,0.82,0.82,3.00,0.29,0.23,0.16,0.25,0.33,0.24,0.23
t=476 pos -11.22,-4.33 h=64 f=0.82 m=f1 odo=222495 lid=0.82,0.72,0.74,1.14,0.52,0.83,3.00,3.00,0.34,0.22,0.31,0.34,0.21,0.23,0.23,0.22
t=477 pos -11.10,-3.96 h=82 f=0.63 m=f1 odo=222718 lid=0.63,0.62,1.40,0.98,0.57,0.91,3.00,0.47,0.29,0.41,0.29,0.23,0.20,0.17,0.17,0.73
t=478 pos -11.16,-3.54 h=112 f=0.58 m=f1 odo=222964 lid=0.58,1.11,0.87,0.84,0.93,3.00,0.52,0.40,0.48,0.28,0.19,0.14,0.67,0.86,0.64,0.55
t=479 pos -11.34,-3.26 h=120 f=0.52 m=f1 odo=223150 lid=0.52,1.01,0.80,0.34,0.92,3.00,0.56,0.47,0.57,0.35,0.22,0.29,0.83,0.62,0.50,0.43
t=480 pos -11.40,-3.04 h=98 f=0.37 m=f1 odo=223280 lid=0.37,0.47,0.88,0.79,0.38,0.93,3.00,0.65,0.61,0.47,0.28,0.33,0.70,0.83,0.49,0.39
t=481 pos -11.46,-2.82 h=113 f=0.33 m=f1 odo=223413 lid=0.33,1.06,0.82,0.76,0.39,3.00,1.24,0.63,0.69,0.35,0.35,0.74,0.78,0.53,0.39,0.30
t=482 pos -11.54,-2.66 h=123 f=0.36 m=f1 odo=223515 lid=0.36,0.85,0.72,0.72,0.35,3.00,0.73,0.66,0.55,0.29,0.70,0.76,0.55,0.40,0.28,0.26
t=483 pos -11.66,-2.48 h=126 f=0.33 m=f1 odo=223637 lid=0.33,0.75,0.69,0.73,0.35,1.38,0.79,0.78,0.53,0.41,0.77,0.82,0.45,0.30,0.22,0.23
t=485 pos -12.02,-2.21 h=157 f=0.68 m=f1 odo=223896 lid=0.68,0.59,0.65,0.54,0.33,0.81,0.82,0.64,0.55,0.81,0.65,0.33,0.16,0.17,0.20,0.89
t=486 pos -12.40,-2.11 h=179 f=0.52 m=f1 odo=224119 lid=0.52,0.58,0.50,0.32,1.28,0.83,0.72,0.82,0.91,0.60,0.18,0.15,0.18,0.16,0.81,0.58
t=487 pos -12.77,-2.20 h=203 f=0.50 m=f1 odo=224339 lid=0.50,0.45,0.31,0.30,0.80,0.78,0.69,1.01,0.51,0.21,0.20,0.18,0.79,0.63,0.49,0.44
t=488 pos -12.98,-2.24 h=179 f=0.37 m=f1 odo=224459 lid=0.37,0.42,0.41,0.36,0.27,0.29,0.87,0.69,1.07,0.58,0.27,0.85,0.77,0.74,0.49,0.43
t=489 pos -13.22,-2.22 h=184 f=0.32 m=f1 odo=224597 lid=0.32,0.37,0.38,0.35,0.28,0.34,0.88,1.04,1.19,0.36,0.26,0.80,0.78,0.71,0.39,0.34
t=490 pos -13.39,-2.26 h=186 f=0.28 m=f1 odo=224697 lid=0.28,0.33,0.39,0.33,0.32,0.28,0.95,1.10,1.25,0.41,0.94,0.81,0.77,0.60,0.36,0.26
t=491 pos -13.63,-2.39 h=223 f=0.35 m=f1 odo=224859 lid=0.35,0.31,0.31,0.26,0.36,0.83,1.20,0.73,0.35,0.90,0.80,0.74,0.34,0.26,0.24,0.30
t=492 pos -13.80,-2.67 h=259 f=0.27 m=f1 odo=225045 lid=0.27,0.28,0.27,0.94,1.14,1.27,0.43,1.00,0.82,0.75,0.44,0.25,0.21,0.24,0.24,0.28
t=493 pos -13.64,-2.94 h=322 f=0.94 m=f1 odo=225235 lid=0.94,0.85,1.27,0.44,1.00,0.84,0.76,0.42,0.25,0.24,0.28,0.28,0.29,0.27,0.27,0.25
t=494 pos -13.20,-3.22 h=331 f=0.81 m=f1 odo=225531 lid=0.81,1.15,1.17,0.47,0.38,0.90,0.88,0.52,0.36,0.39,0.35,0.29,0.25,0.16,0.15,0.18
t=495 pos -12.65,-3.29 h=9 f=0.99 m=f1 odo=225848 lid=0.99,0.78,0.38,0.35,0.90,0.92,0.57,0.48,0.45,0.34,0.18,0.12,0.13,0.66,0.70,0.55
t=496 pos -12.23,-3.14 h=15 f=0.96 m=f1 odo=226106 lid=0.96,0.50,0.31,0.31,0.33,0.92,0.64,0.59,0.59,0.27,0.19,1.14,0.65,0.70,0.47,0.94
t=497 pos -12.04,-3.14 h=343 f=0.67 m=f1 odo=226214 lid=0.67,0.81,0.61,0.41,0.27,0.30,0.37,0.78,0.67,0.65,0.32,3.00,1.22,0.65,0.75,0.39
t=498 pos -11.83,-3.22 h=338 f=0.34 m=f1 odo=226343 lid=0.34,0.77,0.80,0.56,0.38,0.30,0.36,1.06,0.81,0.76,0.39,3.00,1.22,0.62,0.70,0.41
t=499 pos -11.66,-3.28 h=344 f=0.32 m=f1 odo=226447 lid=0.32,0.68,0.78,0.53,0.39,0.32,0.40,0.96,0.79,0.76,0.28,3.00,0.69,0.59,0.49,0.27
t=500 pos -11.46,-3.33 h=343 f=0.52 m=f1 odo=226564 lid=0.52,0.61,0.75,0.52,0.40,0.34,0.41,0.97,0.84,0.73,1.00,2.99,0.65,0.65,0.41,0.19
t=501 pos -11.26,-3.38 h=345 f=0.21 m=f1 odo=226682 lid=0.21,0.59,0.69,0.49,0.42,0.39,0.39,1.12,0.90,0.89,1.05,3.00,0.62,0.63,0.18,0.16
t=502 pos -10.99,-3.38 h=11 f=0.53 m=f1 odo=226833 lid=0.53,0.66,0.50,0.43,0.40,0.41,1.08,0.91,0.51,3.00,1.29,0.56,0.41,0.10,0.15,0.43
t=503 pos -10.61,-3.15 h=51 f=0.56 m=f1 odo=227092 lid=0.56,0.39,0.35,0.38,0.51,1.04,0.98,1.17,2.99,0.61,0.12,0.11,0.16,0.39,0.48,0.58
t=504 pos -10.44,-2.84 h=61 f=0.32 m=f1 odo=227296 lid=0.32,0.30,0.33,0.33,0.62,1.02,0.63,3.00,0.84,0.18,0.20,0.34,0.41,0.46,0.54,0.55
t=506 pos -10.46,-2.55 h=121 f=0.35 m=f1 odo=227469 lid=0.35,0.40,1.07,1.04,1.22,1.43,0.19,0.18,0.25,0.36,0.49,0.45,0.52,0.34,0.33,0.28
t=507 pos -10.65,-2.36 h=141 f=0.32 m=f1 odo=227622 lid=0.32,1.02,1.01,1.18,3.00,0.72,0.25,0.23,0.40,0.54,0.52,0.53,0.30,0.29,0.25,0.30
t=508 pos -10.90,-2.21 h=158 f=0.50 m=f1 odo=227789 lid=0.50,0.91,0.85,3.00,0.88,0.81,0.29,0.45,0.61,0.52,0.56,0.32,0.25,0.22,0.21,0.24
t=509 pos -11.44,-2.07 h=175 f=0.80 m=f1 odo=228104 lid=0.80,0.86,0.48,1.45,0.79,0.64,0.39,0.62,0.64,0.68,0.32,0.21,0.16,0.16,0.16,0.34
t=510 pos -11.91,-2.17 h=210 f=0.68 m=f1 odo=228383 lid=0.68,0.41,1.38,0.74,0.65,0.43,0.83,0.79,0.48,0.28,0.16,0.14,0.19,0.28,0.74,0.71
t=511 pos -12.20,-2.40 h=228 f=0.33 m=f1 odo=228594 lid=0.33,1.28,0.76,0.82,0.40,0.72,0.80,0.58,0.34,0.20,0.19,0.27,0.92,0.70,0.70,0.61
t=512 pos -12.33,-2.63 h=235 f=0.24 m=f1 odo=228745 lid=0.24,1.16,0.65,0.62,0.41,0.88,0.89,0.54,0.31,0.24,0.29,0.97,0.73,0.60,0.68,0.33
t=513 pos -12.43,-2.85 h=250 f=1.17 m=f1 odo=228884 lid=1.17,0.70,0.73,0.57,0.40,0.87,0.94,0.48,0.32,0.32,0.97,0.78,0.61,0.62,0.45,0.21
t=514 pos -12.52,-3.04 h=240 f=2.98 m=f1 odo=229004 lid=2.98,1.04,0.58,0.74,0.49,0.49,1.00,0.69,0.42,0.36,1.01,0.89,0.63,0.59,0.44,0.15
t=515 pos -12.63,-3.25 h=242 f=1.15 m=f1 odo=229138 lid=1.15,0.59,0.56,0.66,0.49,0.93,0.98,0.61,0.41,0.41,1.02,0.78,0.59,0.56,0.16,0.11
t=516 pos -12.72,-3.46 h=254 f=1.11 m=f1 odo=229268 lid=1.11,0.60,0.57,0.58,0.44,0.94,1.01,0.58,0.38,0.43,1.02,0.73,0.60,0.57,0.14,0.11
t=517 pos -12.82,-3.69 h=256 f=1.11 m=f1 odo=229411 lid=1.11,0.62,0.67,0.59,0.43,0.90,0.99,0.52,0.40,0.40,1.04,0.72,0.60,0.55,0.13,0.10
t=518 pos -12.90,-3.93 h=259 f=1.12 m=f1 odo=229551 lid=1.12,0.62,0.71,0.58,0.44,0.88,0.78,0.52,0.40,0.40,1.02,0.69,0.61,0.56,0.13,0.08
RECOVER t=519
t=520 pos -12.92,-4.01 h=230 f=0.26 m=f1 odo=229324 lid=0.26,0.20,0.72,0.77,0.60,0.48,0.84,0.70,0.41,0.26,0.29,0.93,0.75,0.60,0.61,0.49
t=521 pos -13.01,-4.25 h=256 f=1.19 m=f1 odo=229469 lid=1.19,0.67,0.76,0.59,0.51,0.90,0.70,0.41,0.33,0.34,0.95,0.70,0.57,0.57,0.39,0.20
t=522 pos -13.08,-4.48 h=260 f=1.14 m=f1 odo=229605 lid=1.14,0.62,0.73,0.58,0.43,0.90,0.76,0.48,0.38,0.40,1.02,0.68,0.60,0.58,0.14,0.11
t=523 pos -13.14,-4.71 h=252 f=0.09 m=f1 odo=229743 lid=0.09,0.62,0.58,0.60,0.45,0.96,1.01,0.55,0.41,0.40,1.00,0.71,0.58,0.55,0.17,0.11
t=524 pos -13.20,-4.97 h=257 f=0.11 m=f1 odo=229894 lid=0.11,0.60,0.69,0.59,0.44,0.89,0.79,0.52,0.40,0.41,1.03,0.69,0.60,0.55,0.12,0.11
t=525 pos -13.27,-5.28 h=261 f=1.11 m=f1 odo=230071 lid=1.11,0.64,0.73,0.57,0.43,0.96,0.76,0.45,0.39,0.98,0.96,0.65,0.59,0.41,0.12,0.11
t=526 pos -13.31,-5.60 h=268 f=1.05 m=f1 odo=230256 lid=1.05,0.59,0.77,0.56,0.96,1.03,0.61,0.39,0.41,1.00,0.75,0.55,0.53,0.38,0.10,0.10
t=527 pos -13.32,-5.93 h=276 f=0.61 m=f1 odo=230446 lid=0.61,0.58,0.61,0.47,0.97,1.04,0.55,0.38,0.40,1.00,0.68,0.56,0.51,0.16,0.11,0.07
t=528 pos -13.13,-6.33 h=311 f=0.72 m=f1 odo=230700 lid=0.72,0.50,0.95,1.01,0.65,0.40,0.41,1.02,0.78,0.57,0.55,0.19,0.11,0.10,1.04,0.59
t=529 pos -12.85,-6.49 h=325 f=0.50 m=f1 odo=230887 lid=0.50,0.38,0.85,0.96,0.57,0.41,0.45,1.12,0.77,0.69,0.21,0.79,3.00,1.05,0.53,0.64
t=531 pos -12.73,-6.64 h=297 f=0.53 m=f1 odo=230994 lid=0.53,0.42,0.36,0.30,0.94,0.73,0.56,0.49,1.16,0.90,0.75,0.70,0.79,2.99,1.04,0.47
t=532 pos -12.70,-6.80 h=273 f=0.38 m=f1 odo=231091 lid=0.38,0.42,0.46,0.37,0.29,0.78,0.83,0.65,0.56,1.24,0.94,0.34,0.76,0.77,3.00,0.44
t=533 pos -12.72,-7.00 h=256 f=0.35 m=f1 odo=231202 lid=0.35,0.30,0.34,0.42,0.35,0.33,0.33,0.85,0.69,0.67,1.32,0.34,0.71,0.68,3.00,0.96
t=534 pos -12.79,-7.23 h=268 f=0.29 m=f1 odo=231342 lid=0.29,0.24,0.39,0.35,0.35,0.35,1.12,0.79,0.68,1.37,0.35,0.48,0.67,3.00,2.99,0.30
t=535 pos -12.66,-7.46 h=308 f=0.26 m=f1 odo=231496 lid=0.26,0.42,0.31,0.34,0.34,0.93,0.77,0.76,1.15,0.45,0.74,0.73,2.98,0.83,0.28,0.21
t=536 pos -12.45,-7.66 h=321 f=0.34 m=f1 odo=231657 lid=0.34,0.28,0.28,0.33,1.09,0.82,0.76,1.45,0.49,0.78,0.77,3.00,0.28,0.24,0.15,0.19
t=537 pos -12.15,-7.76 h=6 f=0.24 m=f1 odo=231844 lid=0.24,0.30,0.35,0.85,0.77,1.50,0.53,0.82,0.79,3.00,0.27,0.18,0.13,0.19,0.30,0.25
t=538 pos -11.90,-7.52 h=62 f=0.90 m=f1 odo=232049 lid=0.90,0.80,0.79,1.19,0.55,0.79,3.00,2.99,0.29,0.17,0.17,0.29,0.30,0.22,0.28,0.28
t=539 pos -11.71,-7.08 h=76 f=0.73 m=f1 odo=232324 lid=0.73,0.65,1.37,1.05,0.53,0.77,2.99,0.43,0.30,0.29,0.36,0.23,0.22,0.19,0.18,0.23
t=540 pos -11.68,-6.71 h=101 f=0.57 m=f1 odo=232538 lid=0.57,0.68,1.03,0.46,0.82,3.00,1.06,0.37,0.38,0.42,0.23,0.20,0.16,0.14,0.85,0.62
t=541 pos -11.85,-6.32 h=125 f=1.25 m=f1 odo=232784 lid=1.25,0.95,0.82,0.80,3.00,1.09,0.45,0.50,0.35,0.30,0.18,0.25,0.82,0.65,0.54,0.49
t=542 pos -11.97,-6.10 h=112 f=0.44 m=f1 odo=232925 lid=0.44,1.10,0.80,0.75,0.79,3.00,1.14,0.51,0.60,0.40,0.24,0.74,0.81,0.61,0.51,0.41
t=543 pos -12.02,-5.89 h=99 f=0.33 m=f1 odo=233045 lid=0.33,0.39,0.90,0.74,0.73,0.28,3.00,1.17,0.57,0.64,0.32,0.35,0.72,0.81,0.53,0.39
t=544 pos -12.08,-5.71 h=109 f=0.33 m=f1 odo=233159 lid=0.33,1.07,0.78,0.75,0.59,3.00,1.25,0.66,0.71,0.42,0.33,0.77,0.80,0.52,0.37,0.29
t=545 pos -12.16,-5.53 h=123 f=0.32 m=f1 odo=233272 lid=0.32,0.84,0.73,0.72,0.36,3.00,1.21,0.67,0.58,0.35,0.69,0.79,0.56,0.37,0.27,0.25
t=546 pos -12.36,-5.31 h=139 f=0.91 m=f1 odo=233438 lid=0.91,0.72,0.72,0.61,0.31,1.29,0.75,0.81,0.40,0.72,0.80,0.58,0.34,0.24,0.20,0.28
t=547 pos -12.78,-5.05 h=164 f=0.62 m=f1 odo=233722 lid=0.62,0.59,0.67,0.43,0.32,0.86,0.90,0.52,0.95,0.94,0.41,0.20,0.17,0.17,0.19,0.74
t=548 pos -13.16,-5.03 h=189 f=0.52 m=f1 odo=233940 lid=0.52,0.59,0.49,0.32,0.87,0.94,0.57,1.00,0.98,0.27,0.19,0.17,0.17,0.79,0.58,0.53
t=549 pos -13.45,-5.11 h=193 f=0.47 m=f1 odo=234111 lid=0.47,0.55,0.40,0.29,0.30,0.99,0.64,1.09,1.06,0.29,0.23,0.77,0.79,0.76,0.50,0.41
t=551 pos -13.66,-5.10 h=176 f=0.31 m=f1 odo=234235 lid=0.31,0.40,0.46,0.39,0.29,0.31,1.02,0.72,1.09,0.66,0.31,0.87,0.75,0.73,0.47,0.39
t=552 pos -13.89,-5.12 h=187 f=0.32 m=f1 odo=234363 lid=0.32,0.36,0.35,0.34,0.28,0.34,0.91,1.10,1.19,0.36,0.92,0.78,0.74,0.51,0.35,0.28
t=553 pos -14.09,-5.18 h=198 f=0.29 m=f1 odo=234482 lid=0.29,0.34,0.33,0.33,0.28,1.04,0.78,1.17,0.47,0.29,0.87,0.79,0.73,0.37,0.26,0.25
t=554 pos -14.31,-5.42 h=240 f=0.29 m=f1 odo=234670 lid=0.29,0.29,0.27,0.31,0.91,1.29,0.96,0.40,0.93,0.81,0.76,0.34,0.23,0.26,0.27,0.30
t=555 pos -14.22,-5.75 h=320 f=1.06 m=f1 odo=234877 lid=1.06,0.77,1.28,0.47,1.02,0.84,0.77,0.46,0.31,0.22,0.26,0.28,0.36,0.29,0.28,0.28
t=556 pos -13.83,-6.07 h=321 f=0.84 m=f1 odo=235162 lid=0.84,0.65,1.12,0.71,0.41,0.93,0.90,0.64,0.46,0.36,0.34,0.35,0.25,0.20,0.15,0.16
t=557 pos -13.41,-6.24 h=357 f=0.94 m=f1 odo=235426 lid=0.94,1.11,0.59,0.40,0.96,0.91,0.61,0.43,0.46,0.45,0.27,0.14,0.12,0.13,0.82,0.69
t=558 pos -12.87,-6.14 h=18 f=0.99 m=f1 odo=235741 lid=0.99,0.57,0.32,0.33,0.94,0.88,0.62,0.59,0.58,0.20,0.17,1.12,0.67,0.77,0.50,0.96
t=559 pos -12.69,-6.14 h=350 f=0.47 m=f1 odo=235848 lid=0.47,0.84,0.65,0.40,0.30,0.35,0.98,0.76,0.63,0.66,0.27,3.00,1.20,0.63,0.73,0.45
t=560 pos -12.48,-6.24 h=346 f=0.34 m=f1 odo=235980 lid=0.34,0.75,0.85,0.52,0.40,0.35,0.41,0.87,0.69,0.69,0.25,3.00,1.16,0.58,0.67,0.38
t=561 pos -12.33,-6.27 h=345 f=0.34 m=f1 odo=236068 lid=0.34,0.68,0.87,0.49,0.40,0.32,0.44,0.87,0.77,0.63,0.91,3.00,0.64,0.58,0.49,0.28
t=562 pos -12.12,-6.31 h=352 f=0.59 m=f1 odo=236190 lid=0.59,0.69,0.77,0.47,0.38,0.35,0.49,0.91,0.83,0.35,3.00,1.19,0.58,0.62,0.38,0.22
t=563 pos -11.97,-6.32 h=341 f=0.22 m=f1 odo=236272 lid=0.22,0.63,0.72,0.55,0.43,0.39,0.47,0.99,0.86,0.48,1.01,1.32,0.61,0.62,0.36,0.15
t=564 pos -11.81,-6.33 h=349 f=0.20 m=f1 odo=236363 lid=0.20,0.58,0.69,0.49,0.42,0.40,0.48,1.04,0.89,0.43,3.00,1.25,0.53,0.59,0.15,0.13
t=565 pos -11.53,-6.33 h=9 f=0.59 m=f1 odo=236522 lid=0.59,0.67,0.57,0.45,0.44,0.42,1.22,0.93,0.93,1.06,3.00,0.57,0.60,0.10,0.10,0.14
t=566 pos -11.12,-6.09 h=50 f=0.56 m=f1 odo=236806 lid=0.56,0.43,0.39,0.40,0.59,1.03,0.97,1.13,1.42,0.57,0.12,0.14,0.11,0.38,0.50,0.62
t=567 pos -10.97,-5.76 h=67 f=0.37 m=f1 odo=237008 lid=0.37,0.31,0.35,0.37,1.07,1.01,1.06,2.99,0.67,0.17,0.15,0.34,0.44,0.44,0.55,0.52
t=569 pos -10.90,-5.51 h=94 f=0.28 m=f1 odo=237161 lid=0.28,0.30,0.34,1.06,1.05,1.10,3.00,0.69,0.18,0.22,0.39,0.49,0.42,0.50,0.37,0.30
t=570 pos -11.07,-5.27 h=135 f=0.32 m=f1 odo=237329 lid=0.32,1.05,1.01,0.61,3.00,0.83,0.25,0.20,0.39,0.55,0.43,0.50,0.36,0.30,0.28,0.28
t=571 pos -11.34,-5.10 h=152 f=0.50 m=f1 odo=237511 lid=0.50,0.92,0.85,3.00,0.89,0.80,0.26,0.45,0.59,0.50,0.55,0.33,0.26,0.22,0.26,0.26
t=572 pos -11.88,-4.95 h=174 f=0.82 m=f1 odo=237833 lid=0.82,0.84,0.48,1.46,0.79,0.66,0.36,0.60,0.60,0.67,0.34,0.23,0.17,0.15,0.15,0.35
t=573 pos -12.37,-5.04 h=207 f=0.79 m=f1 odo=238118 lid=0.79,0.42,1.35,0.79,0.81,0.41,0.70,0.75,0.52,0.29,0.19,0.15,0.18,0.24,0.76,0.69
t=574 pos -12.68,-5.29 h=229 f=0.33 m=f1 odo=238344 lid=0.33,1.28,0.78,0.81,0.41,0.71,0.80,0.59,0.36,0.21,0.20,0.26,0.90,0.69,0.69,0.60
t=575 pos -12.79,-5.52 h=249 f=1.24 m=f1 odo=238492 lid=1.24,0.74,0.80,0.55,0.48,0.78,0.90,0.42,0.27,0.25,0.28,0.91,0.69,0.68,0.55,0.31
t=576 pos -12.88,-5.72 h=243 f=3.00 m=f1 odo=238621 lid=3.00,1.14,0.61,0.61,0.41,0.90,0.94,0.60,0.35,0.32,0.36,0.97,0.71,0.64,0.52,0.22
t=577 pos -12.99,-5.93 h=241 f=0.10 m=f1 odo=238752 lid=0.10,1.08,0.60,0.73,0.55,0.47,0.99,0.72,0.46,0.37,0.99,0.97,0.67,0.61,0.45,0.14
t=578 pos -13.09,-6.15 h=251 f=3.00 m=f1 odo=238891 lid=3.00,1.04,0.58,0.72,0.55,0.48,0.99,0.72,0.47,0.41,1.02,0.86,0.63,0.57,0.41,0.10
t=579 pos -13.19,-6.35 h=238 f=0.08 m=f1 odo=239019 lid=0.08,1.09,0.60,0.72,0.53,0.41,0.90,0.74,0.50,0.39,0.42,0.99,0.67,0.60,0.43,0.13
t=580 pos -13.29,-6.56 h=243 f=1.17 m=f1 odo=239151 lid=1.17,1.06,0.54,0.69,0.51,0.91,0.98,0.64,0.39,0.44,1.03,0.79,0.59,0.54,0.18,0.12
t=581 pos -13.38,-6.76 h=242 f=0.08 m=f1 odo=239277 lid=0.08,1.04,0.57,0.73,0.55,0.50,1.03,0.71,0.44,0.40,1.01,0.81,0.58,0.56,0.38,0.12
RECOVER t=582
t=584 pos -13.46,-6.82 h=323 f=0.51 m=f1 odo=239300 lid=0.51,0.79,0.93,0.64,0.38,0.28,0.31,0.93,0.70,0.58,0.57,0.46,0.24,1.23,0.73,0.80
t=585 pos -13.19,-6.98 h=332 f=0.36 m=f1 odo=239479 lid=0.36,0.86,0.88,0.57,0.37,0.32,0.36,1.00,0.74,0.69,0.54,0.24,1.28,0.70,0.67,0.56
t=586 pos -12.93,-7.08 h=350 f=0.43 m=f1 odo=239638 lid=0.43,0.75,0.81,0.47,0.33,0.33,0.42,0.84,0.70,0.73,0.26,3.00,0.66,0.57,0.54,0.33
t=587 pos -12.78,-7.12 h=343 f=0.29 m=f1 odo=239724 lid=0.29,0.70,0.81,0.53,0.38,0.32,0.43,0.94,0.76,0.77,0.87,3.00,0.66,0.56,0.51,0.28
t=588 pos -12.55,-7.16 h=350 f=0.55 m=f1 odo=239857 lid=0.55,0.64,0.80,0.51,0.40,0.35,0.47,0.93,0.84,0.42,0.98,1.29,0.60,0.62,0.38,0.18
t=589 pos -12.35,-7.19 h=352 f=0.50 m=f1 odo=239974 lid=0.50,0.58,0.76,0.49,0.41,0.36,0.49,0.99,0.91,0.38,2.99,1.22,0.53,0.60,0.16,0.17
t=590 pos -12.18,-7.21 h=0 f=0.59 m=f1 odo=240070 lid=0.59,0.65,0.68,0.47,0.40,0.40,0.56,0.99,0.91,0.95,2.99,0.66,0.60,0.35,0.10,0.16
t=591 pos -11.79,-7.08 h=31 f=0.61 m=f1 odo=240309 lid=0.61,0.48,0.42,0.40,0.40,1.11,0.96,0.53,3.00,0.74,0.57,0.10,0.09,0.12,0.41,0.51
t=592 pos -11.53,-6.72 h=72 f=0.38 m=f1 odo=240567 lid=0.38,0.34,0.37,0.42,1.06,1.00,1.17,3.00,0.64,0.15,0.14,0.33,0.40,0.44,0.55,0.57
t=593 pos -11.45,-6.49 h=77 f=0.32 m=f1 odo=240702 lid=0.32,0.28,0.33,0.40,1.04,1.06,1.23,1.43,0.22,0.19,0.27,0.36,0.48,0.46,0.49,0.33
t=594 pos -11.52,-6.24 h=124 f=0.32 m=f1 odo=240859 lid=0.32,0.43,1.02,1.06,3.00,0.89,0.23,0.19,0.33,0.41,0.44,0.52,0.54,0.31,0.29,0.26
t=595 pos -11.74,-6.07 h=151 f=0.45 m=f1 odo=241017 lid=0.45,0.97,0.93,2.99,0.87,0.79,0.24,0.39,0.48,0.46,0.53,0.48,0.28,0.26,0.25,0.30
t=596 pos -12.12,-5.92 h=165 f=0.94 m=f1 odo=241254 lid=0.94,0.93,0.77,3.00,0.88,0.82,0.32,0.50,0.63,0.64,0.59,0.30,0.22,0.21,0.20,0.22
t=597 pos -12.69,-5.86 h=188 f=0.82 m=f1 odo=241581 lid=0.82,0.69,2.99,0.87,0.82,0.39,0.60,0.74,0.74,0.39,0.24,0.16,0.14,0.15,0.27,0.81
t=598 pos -13.09,-6.04 h=221 f=0.41 m=f1 odo=241836 lid=0.41,3.00,0.82,0.84,0.44,0.67,0.73,0.80,0.34,0.22,0.17,0.17,0.27,0.77,0.68,0.73
t=600 pos -13.29,-6.28 h=245 f=2.98 m=f1 odo=242015 lid=2.98,0.77,0.78,0.60,0.44,0.82,0.85,0.39,0.26,0.20,0.26,0.96,0.71,0.64,0.68,0.34
t=601 pos -13.40,-6.48 h=233 f=0.21 m=f1 odo=242145 lid=0.21,1.17,0.64,0.65,0.41,0.89,0.93,0.62,0.36,0.28,0.32,0.98,0.70,0.62,0.61,0.29
t=602 pos -13.51,-6.69 h=239 f=3.00 m=f1 odo=242280 lid=3.00,1.08,0.58,0.66,0.44,0.90,0.97,0.64,0.38,0.35,0.37,0.96,0.68,0.63,0.49,0.17
t=603 pos -13.62,-6.89 h=247 f=3.00 m=f1 odo=242410 lid=3.00,1.05,0.57,0.73,0.52,0.51,1.00,0.68,0.44,0.41,1.03,0.82,0.60,0.57,0.20,0.12
t=604 pos -13.71,-7.08 h=238 f=0.09 m=f1 odo=242528 lid=0.09,1.09,0.60,0.70,0.54,0.41,0.91,0.74,0.47,0.40,1.00,0.99,0.68,0.58,0.41,0.10
t=605 pos -13.81,-7.29 h=246 f=1.17 m=f1 odo=242662 lid=1.17,1.05,0.57,0.69,0.49,0.92,0.99,0.64,0.41,0.39,1.03,0.78,0.58,0.56,0.20,0.13
t=606 pos -13.90,-7.51 h=250 f=1.14 m=f1 odo=242798 lid=1.14,0.60,0.56,0.66,0.49,0.95,0.98,0.60,0.41,0.41,1.01,0.77,0.57,0.55,0.17,0.10
t=607 pos -13.99,-7.75 h=248 f=1.10 m=f1 odo=242942 lid=1.10,0.59,0.56,0.62,0.45,0.95,1.01,0.59,0.39,0.41,1.00,0.74,0.58,0.56,0.16,0.13
RECOVER t=608
t=609 pos -14.06,-7.95 h=226 f=0.25 m=f1 odo=242770 lid=0.25,0.22,0.73,0.74,0.59,0.47,0.87,0.95,0.44,0.27,0.29,0.94,0.78,0.63,0.62,0.52
t=610 pos -14.17,-8.20 h=253 f=1.17 m=f1 odo=242929 lid=1.17,0.69,0.76,0.58,0.48,0.85,0.69,0.45,0.32,0.34,0.95,0.72,0.56,0.55,0.43,0.19
t=611 pos -14.23,-8.41 h=245 f=0.10 m=f1 odo=243056 lid=0.10,0.60,0.56,0.65,0.47,0.96,0.98,0.59,0.39,0.39,1.00,0.76,0.58,0.56,0.21,0.13
t=613 pos -14.30,-8.64 h=258 f=1.10 m=f1 odo=243192 lid=1.10,0.64,0.69,0.57,0.43,0.89,0.78,0.50,0.41,0.41,1.04,0.68,0.58,0.55,0.14,0.11
t=614 pos -14.36,-8.92 h=259 f=1.09 m=f1 odo=243351 lid=1.09,0.62,0.73,0.59,0.44,0.95,0.73,0.46,0.38,1.01,0.94,0.63,0.58,0.42,0.14,0.10
t=615 pos -14.41,-9.20 h=262 f=1.06 m=f1 odo=243517 lid=1.06,0.62,0.74,0.58,0.49,1.03,0.72,0.41,0.39,1.01,0.82,0.58,0.57,0.39,0.13,0.10
t=616 pos -14.44,-9.58 h=266 f=1.06 m=f1 odo=243731 lid=1.06,0.57,0.68,0.51,0.97,1.03,0.58,0.39,0.43,1.01,0.72,0.54,0.53,0.34,0.11,0.09
t=617 pos -14.33,-10.00 h=304 f=0.69 m=f1 odo=243984 lid=0.69,0.57,0.42,0.87,0.78,0.50,0.38,0.41,1.02,0.68,0.59,0.56,0.14,0.12,1.11,0.62
t=618 pos -13.94,-10.26 h=344 f=0.40 m=f1 odo=244254 lid=0.40,0.91,0.96,0.62,0.42,0.43,1.05,0.79,0.63,0.59,0.12,3.00,1.08,0.58,0.56,0.55
t=619 pos -13.85,-10.36 h=304 f=0.59 m=f1 odo=244330 lid=0.59,0.41,0.29,0.83,0.95,0.60,0.47,0.51,1.20,0.81,0.69,0.73,3.00,1.16,0.53,0.46
t=620 pos -13.80,-10.51 h=279 f=0.37 m=f1 odo=244422 lid=0.37,0.50,0.37,0.34,0.27,0.93,0.76,0.62,0.54,1.22,0.92,0.36,0.74,0.82,2.99,0.45
t=621 pos -13.81,-10.70 h=263 f=0.38 m=f1 odo=244532 lid=0.38,0.29,0.44,0.34,0.33,0.27,1.00,0.81,0.68,0.67,1.24,0.32,0.73,0.77,3.00,0.93
t=622 pos -13.86,-10.93 h=269 f=0.32 m=f1 odo=244662 lid=0.32,0.24,0.41,0.36,0.35,0.32,1.04,0.83,0.66,1.34,0.27,0.43,0.72,0.76,2.99,0.88
t=623 pos -13.74,-11.17 h=301 f=0.27 m=f1 odo=244821 lid=0.27,0.39,0.30,0.33,0.32,0.90,0.74,0.74,1.34,0.45,0.75,0.76,3.00,0.86,0.30,0.22
t=624 pos -13.56,-11.36 h=322 f=0.34 m=f1 odo=244969 lid=0.34,0.27,0.28,0.34,1.06,0.80,0.74,1.47,0.48,0.78,0.78,3.00,0.29,0.25,0.18,0.21
t=625 pos -13.27,-11.47 h=360 f=0.24 m=f1 odo=245150 lid=0.24,0.30,0.32,0.86,0.76,1.44,0.47,0.84,0.78,3.00,0.30,0.22,0.13,0.19,0.30,0.25
t=626 pos -13.01,-11.23 h=62 f=0.89 m=f1 odo=245362 lid=0.89,0.79,0.78,1.23,0.52,0.82,0.83,3.00,0.30,0.18,0.18,0.30,0.30,0.23,0.27,0.25
t=627 pos -12.81,-10.77 h=74 f=0.68 m=f1 odo=245648 lid=0.68,0.63,1.35,1.06,0.55,0.83,3.00,0.43,0.30,0.34,0.37,0.21,0.21,0.16,0.17,0.92
t=628 pos -12.82,-10.36 h=107 f=0.54 m=f1 odo=245884 lid=0.54,1.31,0.95,0.52,0.89,3.00,0.51,0.36,0.43,0.27,0.23,0.17,0.14,0.84,0.68,0.61
t=630 pos -13.03,-10.01 h=123 f=1.19 m=f1 odo=246119 lid=1.19,0.93,0.82,0.83,3.00,1.13,0.51,0.52,0.39,0.27,0.19,0.72,0.82,0.63,0.52,0.47
t=631 pos -13.11,-9.80 h=105 f=0.39 m=f1 odo=246245 lid=0.39,1.16,0.86,0.78,0.26,3.00,1.16,0.60,0.62,0.42,0.25,0.30,0.72,0.78,0.48,0.39
t=632 pos -13.16,-9.57 h=111 f=0.35 m=f1 odo=246378 lid=0.35,1.12,0.83,0.77,0.57,2.99,1.20,0.66,0.69,0.44,0.29,0.77,0.84,0.56,0.41,0.32
t=633 pos -13.21,-9.42 h=109 f=0.31 m=f1 odo=246468 lid=0.31,1.04,0.79,0.76,0.59,3.00,1.25,0.69,0.72,0.38,0.36,0.76,0.81,0.50,0.34,0.26
t=634 pos -13.33,-9.23 h=130 f=0.35 m=f1 odo=246599 lid=0.35,0.77,0.70,0.68,0.31,1.32,0.75,0.77,0.48,0.39,0.79,0.81,0.49,0.35,0.23,0.27
t=635 pos -13.61,-8.95 h=144 f=0.82 m=f1 odo=246826 lid=0.82,0.68,0.68,0.61,0.35,1.32,0.77,0.84,0.43,0.88,0.90,0.52,0.23,0.17,0.18,0.23
t=636 pos -14.01,-8.76 h=165 f=0.56 m=f1 odo=247079 lid=0.56,0.62,0.57,0.37,0.33,0.83,0.77,0.56,0.95,0.92,0.25,0.17,0.17,0.18,0.79,0.63
t=637 pos -14.35,-8.79 h=195 f=0.54 m=f1 odo=247275 lid=0.54,0.57,0.42,0.32,0.83,0.92,0.58,1.01,0.73,0.24,0.18,0.17,0.75,0.81,0.56,0.49
t=638 pos -14.62,-8.87 h=187 f=0.42 m=f1 odo=247435 lid=0.42,0.46,0.39,0.32,0.27,0.83,0.80,0.96,1.12,0.34,0.24,0.83,0.76,0.79,0.49,0.44
t=639 pos -14.83,-8.84 h=172 f=0.29 m=f1 odo=247558 lid=0.29,0.38,0.37,0.37,0.35,0.29,0.96,0.84,1.20,0.89,0.30,0.88,0.75,0.74,0.51,0.37
t=640 pos -15.07,-8.87 h=192 f=0.32 m=f1 odo=247693 lid=0.32,0.35,0.37,0.34,0.29,0.39,0.87,1.24,0.92,0.33,0.88,0.76,0.71,0.43,0.34,0.26
t=641 pos -15.29,-9.00 h=224 f=0.38 m=f1 odo=247843 lid=0.38,0.33,0.34,0.31,1.10,0.79,1.21,0.43,1.05,0.84,0.76,0.70,0.34,0.28,0.25,0.32
t=642 pos -15.49,-9.24 h=242 f=0.29 m=f1 odo=248022 lid=0.29,0.29,0.30,0.28,0.92,1.30,0.97,0.41,0.94,0.84,0.74,0.33,0.21,0.23,0.26,0.26
t=643 pos -15.43,-9.54 h=310 f=0.30 m=f1 odo=248204 lid=0.30,0.93,1.29,0.98,0.38,0.96,0.81,0.76,0.33,0.21,0.21,0.25,0.29,0.28,0.28,0.29
t=644 pos -15.18,-9.75 h=319 f=0.93 m=f1 odo=248392 lid=0.93,0.73,1.26,0.52,0.39,0.88,0.82,0.49,0.34,0.29,0.30,0.33,0.26,0.26,0.23,0.21
t=645 pos -14.76,-10.00 h=342 f=0.64 m=f1 odo=248669 lid=0.64,1.08,0.88,0.43,0.37,0.94,0.85,0.50,0.41,0.38,0.28,0.23,0.14,0.11,0.15,0.87
t=646 pos -14.15,-9.95 h=25 f=1.02 m=f1 odo=249023 lid=1.02,0.53,0.35,0.34,0.93,0.67,0.51,0.51,0.40,0.21,0.15,0.17,0.67,0.80,0.55,1.01
t=647 pos -13.88,-9.87 h=0 f=0.86 m=f1 odo=249187 lid=0.86,0.97,0.46,0.30,0.31,0.95,0.77,0.62,0.61,0.50,0.21,1.20,0.70,0.74,0.58,0.43
t=648 pos -13.69,-9.91 h=341 f=0.35 m=f1 odo=249300 lid=0.35,0.80,0.81,0.56,0.37,0.29,0.35,0.88,0.76,0.71,0.56,3.00,1.20,0.69,0.72,0.49
t=650 pos -13.52,-9.97 h=327 f=0.28 m=f1 odo=249400 lid=0.28,0.77,0.81,0.58,0.42,0.33,0.36,1.12,0.83,0.78,0.38,3.00,1.19,0.65,0.67,0.45
t=651 pos -13.31,-10.03 h=349 f=0.58 m=f1 odo=249527 lid=0.58,0.67,0.79,0.47,0.39,0.36,0.45,0.90,0.80,0.66,0.95,1.31,0.66,0.64,0.43,0.24
t=652 pos -13.09,-10.07 h=343 f=0.22 m=f1 odo=249651 lid=0.22,0.65,0.73,0.51,0.38,0.38,0.41,1.03,0.85,0.85,1.03,3.00,0.65,0.63,0.37,0.16
t=653 pos -12.87,-10.10 h=358 f=0.60 m=f1 odo=249779 lid=0.60,0.64,0.70,0.48,0.42,0.40,0.55,0.99,0.90,0.92,3.00,0.68,0.58,0.37,0.14,0.17
t=654 pos -12.56,-10.08 h=15 f=0.49 m=f1 odo=249958 lid=0.49,0.63,0.46,0.43,0.41,0.45,1.06,0.99,1.01,2.99,0.73,0.60,0.09,0.10,0.12,0.53
t=655 pos -12.25,-9.80 h=60 f=0.42 m=f1 odo=250201 lid=0.42,0.41,0.38,0.42,1.12,0.99,0.58,2.99,0.78,0.14,0.14,0.13,0.33,0.50,0.46,0.57
t=656 pos -12.13,-9.52 h=65 f=0.33 m=f1 odo=250371 lid=0.33,0.31,0.30,0.34,0.60,1.01,0.66,3.00,0.84,0.20,0.17,0.35,0.40,0.45,0.53,0.56
t=657 pos -12.13,-9.22 h=117 f=0.33 m=f1 odo=250548 lid=0.33,0.37,1.06,1.05,1.20,3.00,0.72,0.19,0.21,0.36,0.47,0.40,0.49,0.40,0.30,0.29
t=658 pos -12.32,-9.01 h=149 f=0.35 m=f1 odo=250712 lid=0.35,1.04,1.02,1.23,1.44,0.77,0.23,0.34,0.44,0.48,0.52,0.54,0.28,0.28,0.24,0.29
t=659 pos -12.61,-8.87 h=156 f=0.98 m=f1 odo=250895 lid=0.98,0.92,0.83,2.98,0.89,0.80,0.28,0.47,0.60,0.53,0.56,0.29,0.23,0.20,0.22,0.24
t=660 pos -13.17,-8.74 h=176 f=0.80 m=f1 odo=251224 lid=0.80,0.87,0.47,1.39,0.78,0.61,0.38,0.75,0.65,0.70,0.26,0.20,0.16,0.14,0.17,0.37
t=661 pos -13.66,-8.88 h=210 f=0.63 m=f1 odo=251521 lid=0.63,0.37,1.29,0.79,0.59,0.43,0.82,0.79,0.42,0.23,0.15,0.15,0.22,0.87,0.74,0.76
t=662 pos -13.91,-9.13 h=229 f=0.33 m=f1 odo=251720 lid=0.33,1.31,0.74,0.80,0.42,0.74,0.84,0.56,0.35,0.21,0.20,0.29,0.86,0.68,0.70,0.57
t=663 pos -14.03,-9.34 h=240 f=3.00 m=f1 odo=251858 lid=3.00,0.71,0.70,0.59,0.41,0.86,0.88,0.46,0.30,0.25,0.29,0.97,0.71,0.65,0.68,0.30
t=664 pos -14.13,-9.55 h=246 f=1.20 m=f1 odo=251991 lid=1.20,0.67,0.68,0.59,0.39,0.89,0.91,0.48,0.33,0.33,0.97,0.82,0.64,0.63,0.47,0.21
t=665 pos -14.22,-9.74 h=242 f=3.00 m=f1 odo=252109 lid=3.00,1.08,0.58,0.71,0.49,0.79,1.00,0.67,0.42,0.38,1.01,0.84,0.64,0.59,0.40,0.15
t=666 pos -14.32,-9.93 h=248 f=1.16 m=f1 odo=252235 lid=1.16,1.04,0.56,0.70,0.50,0.92,1.00,0.66,0.43,0.40,1.02,0.80,0.58,0.57,0.18,0.14
t=667 pos -14.42,-10.14 h=240 f=0.09 m=f1 odo=252364 lid=0.09,1.06,0.61,0.71,0.55,0.42,0.92,0.72,0.47,0.40,1.01,0.98,0.66,0.61,0.41,0.11
t=668 pos -14.52,-10.35 h=245 f=1.11 m=f1 odo=252501 lid=1.11,0.59,0.57,0.59,0.46,0.96,1.00,0.58,0.42,0.42,1.02,0.74,0.59,0.56,0.15,0.11
t=670 pos -14.62,-10.58 h=250 f=1.09 m=f1 odo=252641 lid=1.09,0.61,0.55,0.60,0.45,0.95,0.98,0.58,0.39,0.42,1.00,0.76,0.57,0.55,0.16,0.10
t=671 pos -14.70,-10.83 h=254 f=1.11 m=f1 odo=252791 lid=1.11,0.61,0.72,0.57,0.41,0.92,0.77,0.48,0.38,0.98,1.00,0.68,0.59,0.43,0.13,0.09
t=672 pos -14.77,-11.08 h=250 f=1.09 m=f1 odo=252938 lid=1.09,0.60,0.63,0.59,0.43,0.94,1.03,0.55,0.39,0.41,1.00,0.71,0.56,0.56,0.14,0.10
t=673 pos -14.84,-11.34 h=255 f=1.11 m=f1 odo=253091 lid=1.11,0.62,0.70,0.57,0.42,0.90,0.76,0.48,0.38,0.98,0.98,0.69,0.61,0.43,0.14,0.10
t=674 pos -14.89,-11.62 h=265 f=1.08 m=f1 odo=253255 lid=1.08,0.61,0.72,0.56,0.47,1.01,0.79,0.45,0.41,1.00,0.90,0.61,0.58,0.40,0.14,0.10
t=675 pos -14.94,-11.94 h=259 f=0.11 m=f1 odo=253438 lid=0.11,0.65,0.70,0.59,0.46,0.92,0.76,0.47,0.40,0.96,0.99,0.66,0.57,0.55,0.14,0.08
t=676 pos -14.99,-12.26 h=265 f=1.03 m=f1 odo=253625 lid=1.03,0.60,0.76,0.57,0.55,1.03,0.68,0.39,0.39,1.02,0.77,0.58,0.55,0.37,0.12,0.08
t=677 pos -15.00,-12.64 h=268 f=1.04 m=f1 odo=253838 lid=1.04,0.59,0.74,0.55,0.96,1.03,0.63,0.39,0.40,1.00,0.75,0.56,0.51,0.38,0.10,0.08
t=678 pos -14.98,-13.01 h=281 f=0.64 m=f1 odo=254051 lid=0.64,0.73,0.59,0.47,0.94,0.78,0.44,0.40,1.00,0.97,0.62,0.57,0.44,0.12,0.10,0.09
t=679 pos -14.73,-13.38 h=322 f=0.60 m=f1 odo=254310 lid=0.60,0.43,0.92,1.03,0.56,0.40,0.42,1.02,0.71,0.60,0.56,0.14,0.10,1.11,0.62,0.63
t=680 pos -14.51,-13.51 h=317 f=0.52 m=f1 odo=254455 lid=0.52,0.36,0.88,0.95,0.63,0.43,0.45,1.08,0.80,0.69,0.54,0.69,2.99,1.09,0.57,0.61
t=681 pos -14.41,-13.66 h=284 f=0.43 m=f1 odo=254560 lid=0.43,0.51,0.37,0.30,0.81,0.91,0.59,0.51,0.55,0.98,0.72,0.37,0.68,3.00,1.02,0.49
t=682 pos -14.39,-13.84 h=268 f=0.41 m=f1 odo=254664 lid=0.41,0.35,0.50,0.37,0.32,0.29,0.99,0.67,0.57,1.26,0.97,0.35,0.74,0.77,3.00,0.96
t=683 pos -14.42,-14.05 h=257 f=0.35 m=f1 odo=254786 lid=0.35,0.28,0.27,0.45,0.34,0.36,0.32,0.88,0.73,0.69,1.34,0.34,0.67,0.66,3.00,1.01
t=684 pos -14.41,-14.33 h=298 f=0.23 m=f1 odo=254950 lid=0.23,0.43,0.34,0.36,0.35,1.05,0.76,0.69,1.33,0.37,0.68,0.65,3.00,3.00,0.33,0.30
t=686 pos -14.23,-14.52 h=318 f=0.36 m=f1 odo=255101 lid=0.36,0.32,0.33,0.32,1.14,0.83,0.69,1.37,0.42,0.70,0.69,3.00,2.99,0.30,0.25,0.20
t=687 pos -13.99,-14.70 h=333 f=0.35 m=f1 odo=255270 lid=0.35,0.24,0.29,0.30,0.92,0.81,0.82,1.19,0.52,0.77,0.79,2.98,0.26,0.17,0.14,0.24
t=688 pos -13.68,-14.69 h=35 f=0.28 m=f1 odo=255457 lid=0.28,0.35,0.81,0.79,1.44,0.51,0.81,0.79,3.00,0.28,0.18,0.12,0.24,0.30,0.25,0.24
t=689 pos -13.45,-14.30 h=64 f=0.83 m=f1 odo=255716 lid=0.83,0.73,0.77,1.14,0.54,0.77,2.99,2.98,0.32,0.20,0.29,0.33,0.23,0.23,0.23,0.24
t=690 pos -13.34,-13.93 h=85 f=0.65 m=f1 odo=255939 lid=0.65,0.64,1.39,0.94,0.63,0.93,3.00,0.46,0.29,0.39,0.35,0.23,0.20,0.16,0.17,0.76
t=691 pos -13.40,-13.53 h=111 f=0.57 m=f1 odo=256169 lid=0.57,1.24,0.89,0.57,0.91,2.97,0.51,0.39,0.47,0.29,0.23,0.17,0.17,0.86,0.66,0.56
t=692 pos -13.58,-13.22 h=117 f=0.53 m=f1 odo=256376 lid=0.53,0.95,0.83,0.49,0.90,3.00,0.57,0.48,0.54,0.33,0.20,0.29,0.85,0.62,0.53,0.45
t=693 pos -13.66,-13.02 h=104 f=0.39 m=f1 odo=256499 lid=0.39,1.14,0.86,0.79,0.30,3.00,1.19,0.61,0.63,0.43,0.27,0.34,0.72,0.78,0.46,0.39
t=694 pos -13.71,-12.79 h=106 f=0.31 m=f1 odo=256632 lid=0.31,0.40,0.83,0.75,0.64,0.95,1.31,0.69,0.68,0.49,0.28,0.77,0.82,0.56,0.43,0.32
t=695 pos -13.77,-12.67 h=112 f=0.30 m=f1 odo=256708 lid=0.30,1.06,0.78,0.77,0.58,2.98,1.25,0.72,0.75,0.43,0.37,0.76,0.80,0.52,0.34,0.26
t=696 pos -13.88,-12.48 h=122 f=0.33 m=f1 odo=256835 lid=0.33,0.76,0.67,0.70,0.35,2.97,0.75,0.71,0.56,0.37,0.81,0.81,0.51,0.34,0.24,0.24
t=697 pos -14.21,-12.14 h=140 f=0.76 m=f1 odo=257105 lid=0.76,0.65,0.65,0.63,0.34,1.34,0.80,0.86,0.47,0.93,0.90,0.42,0.21,0.17,0.18,0.22
t=698 pos -14.59,-11.98 h=173 f=0.56 m=f1 odo=257339 lid=0.56,0.60,0.59,0.38,0.34,0.82,0.80,0.55,0.95,0.93,0.18,0.16,0.15,0.16,0.80,0.62
t=699 pos -14.97,-12.03 h=197 f=0.52 m=f1 odo=257561 lid=0.52,0.51,0.40,0.31,0.84,0.82,0.64,0.96,0.67,0.21,0.18,0.14,0.77,0.75,0.53,0.46
t=700 pos -15.20,-12.07 h=175 f=0.35 m=f1 odo=257691 lid=0.35,0.44,0.52,0.40,0.29,0.33,1.01,0.66,1.05,0.63,0.27,0.86,0.72,0.73,0.53,0.41
t=701 pos -15.44,-12.08 h=186 f=0.32 m=f1 odo=257830 lid=0.32,0.40,0.40,0.38,0.29,0.35,0.87,1.06,1.16,0.30,0.92,0.77,0.76,0.70,0.40,0.32
t=702 pos -15.62,-12.13 h=194 f=0.33 m=f1 odo=257937 lid=0.33,0.36,0.36,0.36,0.30,1.05,0.80,1.21,0.84,0.29,0.87,0.74,0.70,0.42,0.32,0.26
t=703 pos -15.85,-12.25 h=229 f=0.36 m=f1 odo=258086 lid=0.36,0.32,0.33,0.32,1.09,0.79,1.24,0.43,1.00,0.80,0.77,0.65,0.34,0.26,0.23,0.31
t=704 pos -16.04,-12.51 h=245 f=0.27 m=f1 odo=258271 lid=0.27,0.28,0.28,0.31,0.86,1.25,0.76,0.36,0.91,0.81,0.66,0.32,0.19,0.23,0.25,0.30
t=706 pos -15.96,-12.81 h=311 f=0.32 m=f1 odo=258457 lid=0.32,0.85,1.20,0.54,1.11,0.86,0.79,0.48,0.31,0.20,0.23,0.26,0.29,0.28,0.32,0.29
t=707 pos -15.52,-13.08 h=330 f=0.81 m=f1 odo=258753 lid=0.81,0.77,1.18,0.47,0.37,0.89,0.86,0.53,0.34,0.35,0.33,0.31,0.25,0.20,0.15,0.20
t=708 pos -15.08,-13.21 h=2 f=1.10 m=f1 odo=259019 lid=1.10,1.12,0.47,0.38,0.89,0.89,0.59,0.43,0.43,0.43,0.28,0.16,0.14,0.12,0.88,0.65
t=709 pos -14.51,-13.06 h=16 f=0.96 m=f1 odo=259353 lid=0.96,0.50,0.32,0.31,0.92,0.83,0.60,0.59,0.58,0.26,0.17,1.14,0.66,0.70,0.47,0.98
t=710 pos -14.30,-13.06 h=353 f=0.87 m=f1 odo=259473 lid=0.87,0.90,0.58,0.34,0.27,0.33,1.01,0.73,0.65,0.67,0.25,2.99,0.70,0.66,0.59,0.38
t=711 pos -14.11,-13.13 h=339 f=0.35 m=f1 odo=259591 lid=0.35,0.77,0.80,0.54,0.38,0.31,0.35,1.03,0.77,0.75,0.37,2.99,1.23,0.65,0.71,0.43
t=712 pos -13.90,-13.20 h=340 f=0.30 m=f1 odo=259717 lid=0.30,0.71,0.78,0.53,0.40,0.32,0.37,1.07,0.84,0.77,0.33,3.00,1.21,0.60,0.51,0.26
t=713 pos -13.67,-13.25 h=344 f=0.53 m=f1 odo=259849 lid=0.53,0.61,0.75,0.49,0.37,0.34,0.44,0.94,0.82,0.70,1.01,1.34,0.65,0.65,0.38,0.20
t=714 pos -13.46,-13.31 h=345 f=0.23 m=f1 odo=259976 lid=0.23,0.58,0.68,0.49,0.43,0.40,0.39,1.17,0.91,0.89,1.08,2.99,0.62,0.62,0.18,0.14
t=715 pos -13.17,-13.29 h=15 f=0.51 m=f1 odo=260142 lid=0.51,0.67,0.47,0.39,0.40,0.43,1.05,0.97,1.00,3.00,0.72,0.59,0.12,0.13,0.15,0.56
t=716 pos -12.80,-13.01 h=54 f=0.45 m=f1 odo=260407 lid=0.45,0.40,0.37,0.39,0.57,1.01,1.02,1.16,1.36,0.65,0.13,0.15,0.32,0.51,0.45,0.56
t=717 pos -12.67,-12.74 h=60 f=0.33 m=f1 odo=260580 lid=0.33,0.31,0.28,0.36,0.53,1.02,0.92,2.99,0.86,0.22,0.18,0.34,0.39,0.46,0.50,0.57
t=718 pos -12.67,-12.44 h=119 f=0.32 m=f1 odo=260759 lid=0.32,0.37,1.07,1.04,1.26,1.50,0.22,0.19,0.25,0.36,0.49,0.41,0.51,0.33,0.31,0.28
t=719 pos -12.89,-12.24 h=153 f=0.49 m=f1 odo=260929 lid=0.49,0.98,0.90,3.00,0.89,0.25,0.24,0.41,0.52,0.41,0.52,0.51,0.29,0.29,0.25,0.29
t=720 pos -13.27,-12.09 h=166 f=0.96 m=f1 odo=261159 lid=0.96,0.95,0.59,2.99,0.85,0.80,0.31,0.49,0.60,0.61,0.59,0.32,0.19,0.21,0.22,0.24
t=721 pos -13.85,-12.04 h=190 f=0.84 m=f1 odo=261492 lid=0.84,0.73,3.00,0.85,0.83,0.40,0.59,0.73,0.72,0.41,0.23,0.20,0.14,0.15,0.28,0.79
t=722 pos -14.27,-12.23 h=218 f=0.52 m=f1 odo=261757 lid=0.52,2.99,0.81,0.82,0.55,0.47,0.80,0.79,0.36,0.24,0.18,0.18,0.27,0.76,0.69,0.71
t=724 pos -14.49,-12.47 h=242 f=2.99 m=f1 odo=261946 lid=2.99,0.77,0.76,0.60,0.45,0.83,0.84,0.40,0.24,0.22,0.27,0.96,0.72,0.63,0.69,0.34
t=725 pos -14.59,-12.66 h=241 f=0.22 m=f1 odo=262071 lid=0.22,1.16,0.65,0.63,0.41,0.88,0.92,0.59,0.34,0.28,0.33,1.02,0.72,0.63,0.64,0.27
t=726 pos -14.70,-12.88 h=249 f=1.23 m=f1 odo=262212 lid=1.23,0.64,0.60,0.59,0.41,0.92,0.93,0.59,0.37,0.34,0.98,0.85,0.66,0.64,0.46,0.19
t=727 pos -14.79,-13.08 h=243 f=3.00 m=f1 odo=262333 lid=3.00,1.04,0.58,0.72,0.52,0.49,0.99,0.71,0.43,0.38,1.04,0.80,0.61,0.56,0.21,0.12
t=728 pos -14.90,-13.29 h=242 f=1.17 m=f1 odo=262470 lid=1.17,1.04,0.57,0.70,0.52,0.82,1.02,0.69,0.42,0.42,1.03,0.77,0.59,0.56,0.19,0.10
t=729 pos -15.00,-13.53 h=247 f=1.08 m=f1 odo=262616 lid=1.08,0.60,0.55,0.59,0.46,0.95,0.98,0.57,0.40,0.41,1.01,0.76,0.60,0.56,0.13,0.11
t=730 pos -15.11,-13.76 h=251 f=1.10 m=f1 odo=262764 lid=1.10,0.59,0.57,0.62,0.45,0.95,0.97,0.58,0.39,0.39,0.99,0.75,0.60,0.56,0.16,0.10
t=731 pos -15.18,-13.97 h=244 f=0.07 m=f1 odo=262891 lid=0.07,1.05,0.56,0.74,0.50,0.80,1.02,0.68,0.42,0.40,1.03,0.78,0.59,0.57,0.37,0.13
t=732 pos -15.26,-14.19 h=261 f=1.12 m=f1 odo=263022 lid=1.12,0.60,0.72,0.56,0.44,0.88,0.77,0.50,0.40,0.41,1.01,0.74,0.60,0.47,0.13,0.10
t=733 pos -15.33,-14.44 h=254 f=1.13 m=f1 odo=263172 lid=1.13,0.62,0.70,0.56,0.44,0.90,0.78,0.51,0.38,0.42,1.03,0.67,0.59,0.57,0.14,0.09
t=734 pos -15.39,-14.69 h=256 f=1.11 m=f1 odo=263319 lid=1.11,0.61,0.68,0.58,0.44,0.91,0.95,0.56,0.41,0.41,1.04,0.69,0.58,0.57,0.14,0.12
t=736 pos -15.45,-14.95 h=260 f=1.11 m=f1 odo=263470 lid=1.11,0.62,0.73,0.57,0.43,0.95,0.74,0.44,0.39,1.00,0.96,0.63,0.57,0.43,0.11,0.09
t=737 pos -15.48,-15.27 h=270 f=1.08 m=f1 odo=263650 lid=1.08,0.59,0.73,0.53,0.96,1.01,0.61,0.41,0.40,1.02,0.75,0.56,0.54,0.38,0.11,0.11
t=738 pos -15.50,-15.62 h=271 f=1.07 m=f1 odo=263853 lid=1.07,0.59,0.70,0.52,0.99,1.01,0.59,0.40,0.41,1.01,0.72,0.56,0.52,0.35,0.12,0.11
t=739 pos -15.47,-16.03 h=285 f=0.64 m=f1 odo=264085 lid=0.64,0.73,0.59,0.48,0.97,0.74,0.45,0.40,0.98,0.90,0.61,0.55,0.40,0.14,0.11,0.10
t=740 pos -15.20,-16.40 h=326 f=0.55 m=f1 odo=264352 lid=0.55,0.39,0.87,0.82,0.55,0.38,0.43,1.07,0.71,0.63,0.46,0.12,0.08,1.09,0.60,0.69
t=741 pos -14.98,-16.54 h=311 f=0.49 m=f1 odo=264501 lid=0.49,0.40,0.38,0.95,0.71,0.51,0.43,1.10,0.86,0.67,0.64,0.69,3.00,1.06,0.57,0.51
t=742 pos -14.90,-16.69 h=284 f=0.39 m=f1 odo=264601 lid=0.39,0.52,0.38,0.31,0.38,0.96,0.67,0.54,0.56,1.16,0.76,0.38,0.68,3.00,1.04,0.49
t=743 pos -14.89,-16.86 h=266 f=0.39 m=f1 odo=264699 lid=0.39,0.32,0.47,0.34,0.33,0.28,1.02,0.74,0.60,0.65,1.02,0.33,0.74,0.78,2.99,0.97
t=744 pos -14.93,-17.06 h=250 f=0.34 m=f1 odo=264813 lid=0.34,0.30,0.25,0.42,0.32,0.36,0.33,1.05,0.76,0.66,1.33,0.32,0.49,0.65,3.00,2.98
t=745 pos -14.92,-17.35 h=298 f=0.24 m=f1 odo=264989 lid=0.24,0.43,0.33,0.35,0.36,0.99,0.77,0.71,1.39,0.38,0.72,0.67,2.99,0.98,0.31,0.28
t=746 pos -14.74,-17.54 h=312 f=0.33 m=f1 odo=265135 lid=0.33,0.35,0.31,0.33,0.36,0.88,0.73,1.40,0.38,0.51,0.68,3.00,2.98,0.28,0.24,0.19
t=747 pos -14.48,-17.71 h=340 f=0.30 m=f1 odo=265312 lid=0.30,0.23,0.28,0.31,0.92,0.77,1.46,0.42,0.71,0.73,2.99,3.00,0.25,0.15,0.16,0.30
t=748 pos -14.17,-17.63 h=44 f=0.30 m=f1 odo=265501 lid=0.30,0.90,0.77,1.47,0.44,0.77,0.75,3.00,0.96,0.26,0.15,0.17,0.28,0.30,0.27,0.30
t=749 pos -13.92,-17.18 h=68 f=0.79 m=f1 odo=265795 lid=0.79,0.70,0.72,1.16,0.50,0.85,0.88,2.99,0.38,0.26,0.33,0.32,0.22,0.20,0.19,0.23
t=750 pos -13.83,-16.83 h=87 f=0.63 m=f1 odo=266003 lid=0.63,0.63,1.34,0.92,0.86,0.91,3.00,0.45,0.32,0.42,0.26,0.23,0.19,0.14,0.18,0.72
t=751 pos -13.92,-16.44 h=118 f=0.57 m=f1 odo=266231 lid=0.57,1.07,0.89,0.83,0.92,2.99,0.54,0.41,0.47,0.27,0.18,0.16,0.64,0.85,0.59,0.54
t=752 pos -14.08,-16.17 h=116 f=0.51 m=f1 odo=266416 lid=0.51,0.99,0.81,0.32,0.92,3.00,0.58,0.49,0.56,0.32,0.20,0.73,0.83,0.64,0.52,0.45
t=753 pos -14.16,-15.95 h=99 f=0.34 m=f1 odo=266544 lid=0.34,0.46,0.89,0.78,0.61,0.92,1.30,0.65,0.61,0.46,0.26,0.33,0.72,0.83,0.49,0.38
t=754 pos -14.20,-15.75 h=108 f=0.31 m=f1 odo=266662 lid=0.31,0.42,0.84,0.78,0.66,0.95,1.28,0.70,0.71,0.47,0.29,0.76,0.82,0.57,0.39,0.32
t=755 pos -14.29,-15.59 h=116 f=0.32 m=f1 odo=266768 lid=0.32,0.90,0.76,0.72,0.37,2.99,1.23,0.65,0.57,0.32,0.62,0.71,0.79,0.40,0.32,0.25
t=757 pos -14.41,-15.40 h=130 f=0.33 m=f1 odo=266895 lid=0.33,0.76,0.69,0.73,0.37,2.98,0.78,0.78,0.54,0.40,0.81,0.80,0.48,0.30,0.21,0.24
t=758 pos -14.78,-15.10 h=151 f=0.69 m=f1 odo=267167 lid=0.69,0.62,0.66,0.57,0.34,1.30,0.77,0.67,0.51,0.87,0.86,0.35,0.18,0.15,0.19,0.22
t=759 pos -15.17,-15.00 h=180 f=0.52 m=f1 odo=267402 lid=0.52,0.61,0.53,0.34,1.30,0.83,0.72,0.58,0.92,0.60,0.17,0.18,0.16,0.16,0.83,0.58
t=760 pos -15.55,-15.08 h=205 f=0.52 m=f1 odo=267626 lid=0.52,0.44,0.32,0.32,0.84,0.80,0.92,1.05,0.47,0.22,0.20,0.71,0.76,0.58,0.50,0.45
t=761 pos -15.74,-15.12 h=181 f=0.36 m=f1 odo=267734 lid=0.36,0.42,0.43,0.39,0.28,0.32,0.89,0.67,1.07,0.60,0.27,0.83,0.75,0.74,0.52,0.43
t=762 pos -15.97,-15.11 h=179 f=0.28 m=f1 odo=267862 lid=0.28,0.36,0.46,0.33,0.32,0.29,1.02,0.72,1.14,0.41,0.27,0.84,0.74,0.72,0.41,0.34
t=763 pos -16.16,-15.15 h=192 f=0.32 m=f1 odo=267977 lid=0.32,0.36,0.34,0.36,0.29,0.36,0.88,1.23,0.91,0.35,0.91,0.76,0.71,0.43,0.33,0.26
t=764 pos -16.39,-15.28 h=228 f=0.39 m=f1 odo=268129 lid=0.39,0.32,0.28,0.29,0.96,0.80,1.25,0.41,0.94,0.81,0.75,0.49,0.34,0.24,0.27,0.30
t=765 pos -16.52,-15.55 h=269 f=0.30 m=f1 odo=268303 lid=0.30,0.27,0.34,0.82,1.21,0.73,0.33,0.88,0.80,0.69,0.33,0.22,0.24,0.29,0.33,0.29
t=766 pos -16.35,-15.81 h=322 f=1.05 m=f1 odo=268482 lid=1.05,0.76,1.25,0.46,1.02,0.86,0.79,0.48,0.34,0.23,0.28,0.29,0.35,0.31,0.30,0.26
t=767 pos -15.94,-16.14 h=326 f=0.79 m=f1 odo=268784 lid=0.79,0.63,1.18,0.67,0.41,0.92,0.91,0.60,0.42,0.39,0.37,0.30,0.21,0.15,0.12,0.17
t=768 pos -15.48,-16.26 h=359 f=1.05 m=f1 odo=269061 lid=1.05,1.11,0.47,0.38,0.90,0.91,0.60,0.46,0.44,0.35,0.22,0.11,0.12,0.13,0.84,0.57
t=769 pos -15.00,-16.13 h=12 f=0.96 m=f1 odo=269343 lid=0.96,0.65,0.36,0.32,0.34,0.97,0.66,0.59,0.58,0.23,0.18,1.17,0.67,0.78,0.52,0.80
t=770 pos -14.82,-16.14 h=343 f=0.41 m=f1 odo=269448 lid=0.41,0.78,0.88,0.45,0.33,0.32,0.38,0.80,0.67,0.64,0.28,3.00,1.22,0.63,0.75,0.45
t=771 pos -14.60,-16.22 h=346 f=0.40 m=f1 odo=269582 lid=0.40,0.74,0.80,0.45,0.34,0.33,0.41,0.84,0.71,0.73,0.25,3.00,0.67,0.56,0.54,0.30
t=772 pos -14.44,-16.26 h=344 f=0.32 m=f1 odo=269673 lid=0.32,0.69,0.85,0.51,0.38,0.33,0.44,0.88,0.75,0.79,0.95,3.00,0.68,0.61,0.47,0.26
t=773 pos -14.21,-16.29 h=355 f=0.55 m=f1 odo=269807 lid=0.55,0.64,0.78,0.51,0.41,0.35,0.47,0.92,0.85,0.39,3.00,1.23,0.56,0.61,0.36,0.18
t=774 pos -14.02,-16.33 h=342 f=0.19 m=f1 odo=269914 lid=0.19,0.62,0.70,0.52,0.43,0.40,0.40,1.11,0.90,0.91,1.04,3.00,0.61,0.61,0.31,0.13
t=776 pos -13.77,-16.33 h=6 f=0.56 m=f1 odo=270060 lid=0.56,0.67,0.54,0.46,0.41,0.42,1.22,0.93,0.95,1.07,1.40,0.56,0.60,0.10,0.11,0.15
t=777 pos -13.36,-16.08 h=49 f=0.58 m=f1 odo=270338 lid=0.58,0.43,0.38,0.38,0.56,1.06,0.97,1.14,1.45,0.59,0.12,0.11,0.13,0.39,0.49,0.59
t=778 pos -13.21,-15.76 h=70 f=0.36 m=f1 odo=270541 lid=0.36,0.31,0.34,0.37,1.06,1.04,1.07,3.00,0.70,0.17,0.15,0.34,0.41,0.45,0.55,0.55
t=779 pos -13.15,-15.52 h=88 f=0.28 m=f1 odo=270685 lid=0.28,0.30,0.34,0.60,1.03,0.64,3.00,0.83,0.22,0.19,0.36,0.50,0.39,0.51,0.51,0.30
t=780 pos -13.28,-15.27 h=134 f=0.32 m=f1 odo=270851 lid=0.32,1.06,1.05,0.62,3.00,0.78,0.24,0.22,0.40,0.51,0.41,0.48,0.39,0.31,0.27,0.28
t=781 pos -13.53,-15.12 h=156 f=0.51 m=f1 odo=271019 lid=0.51,0.95,0.86,2.99,0.88,0.78,0.25,0.43,0.55,0.47,0.52,0.29,0.27,0.24,0.25,0.27
t=782 pos -14.06,-14.98 h=174 f=0.87 m=f1 odo=271334 lid=0.87,0.89,0.51,3.00,0.81,0.64,0.32,0.55,0.60,0.65,0.35,0.21,0.21,0.18,0.17,0.31
t=783 pos -14.56,-15.04 h=199 f=0.78 m=f1 odo=271624 lid=0.78,0.43,1.40,0.79,0.83,0.41,0.68,0.71,0.76,0.30,0.19,0.15,0.14,0.24,0.78,0.71
t=784 pos -14.89,-15.26 h=223 f=0.35 m=f1 odo=271850 lid=0.35,1.32,0.79,0.83,0.44,0.69,0.77,0.83,0.35,0.20,0.18,0.23,0.97,0.73,0.67,0.72
t=785 pos -15.05,-15.49 h=251 f=1.28 m=f1 odo=272008 lid=1.28,0.75,0.78,0.57,0.48,0.83,0.89,0.40,0.24,0.24,0.27,0.94,0.71,0.66,0.62,0.31
t=786 pos -15.14,-15.68 h=243 f=3.00 m=f1 odo=272129 lid=3.00,0.69,0.62,0.60,0.40,0.90,0.91,0.57,0.35,0.30,0.34,0.98,0.69,0.65,0.54,0.23
t=787 pos -15.24,-15.87 h=240 f=0.11 m=f1 odo=272253 lid=0.11,1.10,0.59,0.72,0.54,0.46,0.96,0.69,0.43,0.36,0.39,1.00,0.69,0.63,0.48,0.17
t=788 pos -15.35,-16.08 h=238 f=3.00 m=f1 odo=272387 lid=3.00,1.05,0.57,0.72,0.53,0.47,1.00,0.71,0.42,0.41,1.01,0.81,0.61,0.56,0.20,0.10
t=789 pos -15.45,-16.30 h=242 f=0.09 m=f1 odo=272528 lid=0.09,1.05,0.57,0.71,0.51,0.50,1.02,0.70,0.43,0.40,1.03,0.80,0.60,0.59,0.40,0.10
t=790 pos -15.55,-16.55 h=249 f=1.10 m=f1 odo=272678 lid=1.10,0.60,0.56,0.62,0.44,0.96,1.00,0.57,0.40,0.41,1.01,0.74,0.59,0.55,0.16,0.12
t=791 pos -15.65,-16.78 h=254 f=1.12 m=f1 odo=272820 lid=1.12,0.63,0.67,0.57,0.42,0.91,0.98,0.53,0.39,0.40,1.03,0.78,0.59,0.57,0.14,0.11
t=793 pos -15.72,-16.99 h=248 f=0.10 m=f1 odo=272946 lid=0.10,1.04,0.57,0.72,0.50,0.94,1.00,0.60,0.38,0.39,1.01,0.77,0.55,0.53,0.18,0.09
RECOVER t=793
t=795 pos -15.84,-16.96 h=302 f=0.80 m=f1 odo=272921 lid=0.80,0.54,0.54,0.89,0.66,0.40,0.27,0.30,0.92,0.71,0.58,0.61,0.47,0.23,1.21,0.72
t=796 pos -15.64,-17.22 h=310 f=0.56 m=f1 odo=273106 lid=0.56,0.38,0.86,0.90,0.61,0.38,0.33,0.39,0.96,0.69,0.65,0.52,0.21,1.22,0.66,0.63
t=797 pos -15.39,-17.43 h=320 f=0.45 m=f1 odo=273293 lid=0.45,0.28,0.81,0.87,0.59,0.44,0.37,0.46,0.88,0.73,0.72,0.74,3.00,1.17,0.54,0.64
t=798 pos -15.28,-17.60 h=296 f=0.57 m=f1 odo=273409 lid=0.57,0.36,0.24,0.28,0.85,0.65,0.54,0.43,0.56,0.97,0.79,0.44,0.89,3.00,0.56,0.43
t=799 pos -15.24,-17.78 h=270 f=0.35 m=f1 odo=273511 lid=0.35,0.47,0.32,0.28,0.20,0.69,0.89,0.62,0.54,0.63,1.02,0.85,0.82,0.85,3.00,0.47
t=800 pos -15.29,-17.91 h=239 f=0.97 m=f1 odo=273592 lid=0.97,0.36,0.30,0.41,0.29,0.28,0.25,0.94,0.79,0.65,0.67,1.25,0.30,0.78,0.84,3.00
t=801 pos -15.54,-18.19 h=217 f=3.00 m=f1 odo=273811 lid=3.00,0.82,0.28,0.24,0.21,0.43,0.36,0.40,0.39,0.92,0.71,1.38,0.35,0.46,0.69,0.68
t=802 pos -15.85,-18.34 h=198 f=0.56 m=f1 odo=274006 lid=0.56,3.00,0.78,0.64,0.21,0.22,0.26,0.49,0.51,0.53,1.01,0.78,0.35,0.38,0.59,0.54
t=803 pos -16.03,-18.34 h=174 f=0.44 m=f1 odo=274110 lid=0.44,0.49,3.00,0.75,0.68,0.66,0.26,0.30,0.56,0.59,1.28,0.95,0.33,0.33,0.37,0.54
t=804 pos -16.24,-18.29 h=159 f=0.44 m=f1 odo=274231 lid=0.44,0.40,0.40,3.00,0.71,0.69,0.74,0.33,0.40,0.63,0.62,1.14,0.32,0.31,0.27,0.44
t=805 pos -16.45,-18.18 h=150 f=0.37 m=f1 odo=274367 lid=0.37,0.28,0.35,2.99,3.00,0.69,0.72,0.91,0.45,0.68,0.71,1.33,0.31,0.26,0.23,0.36
t=806 pos -16.76,-18.06 h=178 f=0.23 m=f1 odo=274557 lid=0.23,0.30,0.34,2.99,0.69,0.75,0.97,0.52,0.77,0.76,1.18,0.29,0.20,0.21,0.30,0.31
t=807 pos -17.05,-18.24 h=229 f=3.00 m=f1 odo=274761 lid=3.00,3.00,0.74,0.81,1.03,0.57,0.80,1.44,0.34,0.25,0.22,0.29,0.32,0.26,0.21,0.30
t=808 pos -17.37,-18.72 h=244 f=3.00 m=f1 odo=275088 lid=3.00,0.57,0.67,0.80,0.96,0.87,0.89,1.32,0.41,0.34,0.39,0.19,0.18,0.20,0.17,2.99
t=809 pos -17.46,-19.29 h=280 f=0.44 m=f1 odo=275424 lid=0.44,0.55,0.71,0.94,0.65,0.95,1.30,0.47,0.50,0.26,0.22,0.14,3.00,2.99,3.00,3.00
t=810 pos -17.43,-19.54 h=265 f=0.38 m=f1 odo=275567 lid=0.38,0.41,0.48,0.84,0.92,0.90,1.71,0.69,0.55,0.55,0.30,3.00,3.00,2.98,3.00,2.98
t=812 pos -17.51,-19.73 h=241 f=2.99 m=f1 odo=275684 lid=2.99,0.28,0.28,0.40,0.57,0.89,0.80,1.06,1.43,0.64,0.39,3.00,3.00,3.00,2.98,3.00
t=813 pos -17.67,-19.89 h=216 f=2.99 m=f1 odo=275814 lid=2.99,3.00,3.00,0.25,0.25,0.41,0.99,1.02,1.16,0.90,0.73,0.43,3.00,3.00,2.99,3.00
GOAL! t=812.6 pos -17.67 -19.89
