0.3,-0.4,0.139
-4.0,-11.6,0.148
-0.1,-2.4,0.136
0.2,-4.4,0.151
-1.2,5.5,0.148
-3.1,14.8,0.154
-4.4,25.8,0.128
-6.1,35.1,0.13
-8.7,45.8,0.148
-10.1,55.7,0.143
-11.9,64.5,0.138
-13.4,75.4,0.128
-14.7,86.8,0.13
-16.6,96.1,0.115
-18.3,106.0,0.133
-20.2,114.3,0.131
-22.4,125.6,0.133
-24.6,135.8,0.128
-26.5,144.6,0.132
-29.5,155.2,0.139
-31.1,164.6,0.134
-33.5,173.3,0.122
-36.3,184.4,0.131
-38.4,193.7,0.135
-41.0,204.3,0.14
-43.4,213.5,0.127
-46.7,224.6,0.138
-48.8,233.8,0.131
-51.0,241.5,0.126
-54.7,252.9,0.134
-56.2,261.8,0.127
-59.3,272.9,0.137
-62.0,282.5,0.148
-64.8,291.6,0.15
-67.3,300.2,0.128
-70.3,310.8,0.123
-72.7,320.0,0.147
-75.0,330.3,0.148
-79.3,340.4,0.143
-82.3,349.4,0.132
-75.8,353.0,0.149
-84.5,348.1,0.137
-92.6,344.2,0.146
-102.2,338.9,0.136
-112.1,334.1,0.128
-120.4,330.6,0.121
-104.9,343.9,0.129
-112.5,338.3,0.129
-120.8,332.7,0.125
-128.9,326.9,0.131
-137.7,320.2,0.145
-146.5,313.7,0.134
-154.1,308.0,0.12
-162.0,302.7,0.127
-170.4,297.2,0.132
-177.3,292.3,0.142
-171.0,313.9,0.117
-173.8,304.8,0.135
-176.8,294.7,0.132
-178.7,286.4,0.144
-181.0,276.2,0.151
-183.0,265.9,0.126
-185.2,256.1,0.142
-187.0,245.8,0.137
-188.9,237.0,0.126
-190.9,227.7,0.122
-192.9,217.4,0.134
-194.5,207.5,0.133
-196.4,198.2,0.133
-197.8,189.3,0.127
-199.0,179.4,0.116
-200.3,169.0,0.123
-200.7,159.5,0.139
-201.3,149.0,0.121
-201.8,139.5,0.119
-201.9,129.5,0.114
-202.2,120.0,0.134
-202.2,110.0,0.129
-201.9,100.5,0.105
-201.3,89.5,0.132
-201.0,80.1,0.133
-200.5,70.1,0.126
-199.7,59.6,0.134
-198.9,49.1,0.149
-197.8,40.2,0.135
-197.6,30.7,0.124
-204.0,25.1,0.116
-201.5,25.4,0.11
-193.1,26.4,0.13
-182.2,27.8,0.136
-171.7,28.8,0.128
-162.2,29.7,0.131
-176.6,35.5,0.106
-168.2,31.2,0.135
-160.8,28.2,0.132
-151.3,23.5,0.122
-143.3,19.5,0.134
-158.0,30.7,0.109
-149.5,24.6,0.133
-143.2,19.7,0.132
-133.2,12.2,0.116
-124.8,5.8,0.134
-116.9,-0.3,0.124
-109.7,-5.7,0.119
-100.8,-12.2,0.121
-93.3,-18.0,0.128
-84.2,-23.2,0.137
-76.1,-29.1,0.149
-69.5,-34.4,0.15
-60.8,-41.2,0.133
-53.0,-46.6,0.135
-43.9,-52.8,0.14
-37.1,-57.9,0.129
-28.9,-63.5,0.127
-19.9,-70.0,0.13
-12.7,-74.5,0.133
-23.0,-100.5,0.114
-19.9,-91.5,0.117
-16.4,-82.7,0.143
-13.0,-74.4,0.13
-8.6,-63.7,0.122
-5.6,-55.2,0.147
-1.9,-45.4,0.136
1.6,-36.1,0.131
5.5,-25.8,0.138
8.1,-18.2,0.139
11.9,-6.8,0.131
15.1,3.2,0.125
17.9,11.7,0.14
21.0,20.2,0.146
24.3,30.7,0.138
27.7,39.6,0.143
30.9,48.5,0.142
34.6,58.9,0.144
37.3,67.4,0.14
40.6,77.9,0.149
43.8,87.9,0.15
46.3,97.1,0.151
49.2,105.6,0.144
51.8,115.3,0.146
54.2,126.0,0.132
56.8,133.6,0.154
60.0,144.1,0.159
62.5,154.3,0.148
65.2,163.4,0.146
66.0,166.3,0.158
65.7,164.8,0.139
66.0,166.3,0.135
65.8,165.3,0.155
65.7,164.8,0.152
65.5,164.3,0.151
66.1,166.3,0.148
66.1,166.3,0.148
65.7,164.8,0.139
65.9,165.3,0.153
65.9,165.3,0.137
65.7,164.8,0.144
66.0,165.8,0.133
66.0,165.8,0.123
65.7,164.8,0.16
65.7,164.8,0.137
65.7,164.8,0.134
65.7,164.8,0.139
65.9,165.3,0.137
66.2,166.2,0.145
66.1,165.8,0.148
66.1,165.8,0.136
65.8,164.8,0.147
65.8,164.8,0.149
66.0,165.3,0.149
66.2,166.2,0.138
65.8,164.8,0.147
66.0,165.3,0.137
66.0,165.3,0.16
66.1,165.7,0.144
65.8,164.8,0.148
66.1,165.7,0.146
66.1,165.7,0.151
66.1,165.7,0.145
65.8,164.8,0.141
65.7,164.3,0.137
66.0,165.8,0.147
66.1,166.3,0.141
65.8,165.3,0.15
65.8,165.3,0.154
66.1,166.3,0.132
65.7,164.8,0.155
65.6,164.3,0.157
65.6,164.3,0.134
65.7,164.8,0.136
65.8,165.3,0.141
66.0,165.8,0.144
65.8,164.8,0.143
65.8,164.8,0.161
66.1,165.7,0.146
66.0,165.3,0.141
66.0,165.3,0.136
65.7,164.3,0.135
66.1,165.8,0.161
66.1,165.8,0.137
66.1,165.8,0.134
65.8,164.8,0.154
66.1,165.8,0.141
66.1,165.8,0.148
65.8,164.8,0.123
66.0,165.8,0.132
65.9,165.3,0.149
65.9,165.3,0.14
66.0,165.8,0.127
65.8,165.3,0.136
66.2,166.2,0.133
66.0,165.8,0.149
65.8,164.8,0.15
66.1,165.8,0.147
65.9,164.8,0.141
66.0,165.3,0.134
65.8,164.3,0.144
66.0,165.3,0.142
66.1,165.7,0.15
66.3,166.2,0.141
66.1,165.2,0.15
65.8,164.3,0.148
66.0,164.8,0.154
66.1,165.2,0.153
66.0,164.7,0.138
66.1,165.2,0.149
66.2,165.7,0.143
66.2,165.7,0.142
65.9,164.8,0.126
66.1,165.2,0.139
66.3,166.2,0.134
65.8,164.8,0.151
65.8,164.8,0.135
66.0,165.3,0.145
66.0,165.3,0.133
65.9,164.8,0.135
66.2,165.7,0.149
66.3,166.2,0.143
66.3,166.2,0.134
66.3,166.2,0.13
66.3,166.2,0.151
65.9,164.8,0.128
66.2,165.7,0.151
66.1,165.2,0.148
66.3,166.2,0.138
66.2,165.7,0.15
66.2,165.7,0.156
66.0,164.8,0.145
66.2,165.7,0.139
66.1,165.2,0.147
66.1,165.2,0.143
66.3,165.7,0.15
66.1,165.2,0.148
65.8,164.3,0.135
66.0,165.3,0.142
65.9,164.8,0.125
66.1,165.8,0.151
66.0,165.3,0.143
66.1,165.8,0.13
65.8,164.8,0.129
66.0,165.3,0.155
65.8,164.8,0.141
66.0,165.3,0.171
65.8,164.8,0.142
65.8,164.8,0.142
65.7,164.3,0.143
65.7,164.3,0.152
66.1,165.7,0.146
66.1,165.7,0.145
66.1,165.7,0.142
66.0,165.3,0.145
65.9,164.8,0.139
66.2,165.7,0.153
66.2,165.7,0.151
66.4,166.2,0.145
66.4,166.2,0.133
66.3,165.7,0.145
66.3,165.7,0.142
66.0,164.7,0.147
66.1,165.2,0.147
66.3,165.7,0.151
66.3,165.7,0.143
66.0,164.7,0.143
65.9,164.3,0.146
66.3,165.7,0.139
66.4,166.2,0.142
65.9,164.8,0.147
66.0,165.3,0.136
66.0,165.3,0.145
66.0,165.3,0.14
65.9,164.8,0.147
66.2,165.7,0.125
66.0,165.3,0.146
66.3,166.2,0.15
66.0,165.3,0.141
65.7,164.3,0.143
66.0,165.3,0.126
66.0,165.3,0.144
66.0,165.3,0.138
65.9,164.8,0.13
66.1,165.7,0.156
66.3,166.2,0.144
66.2,165.7,0.149
65.7,164.3,0.144
65.8,164.8,0.142
66.1,165.8,0.147
66.0,165.3,0.15
66.2,166.2,0.128
66.1,165.8,0.141
65.9,164.8,0.14
66.0,165.3,0.15
66.1,165.7,0.143
66.1,165.7,0.148
65.8,164.3,0.138
66.1,165.2,0.144
66.2,165.7,0.148
65.9,164.8,0.138
65.9,164.8,0.133
66.2,166.2,0.155
66.2,166.2,0.154
66.0,165.3,0.14
65.9,164.8,0.142
66.1,165.7,0.134
65.8,164.8,0.143
65.7,164.3,0.138
66.1,165.7,0.14
66.1,165.7,0.129
66.0,165.3,0.144
65.7,164.3,0.139
65.8,164.8,0.133
66.0,165.3,0.151
66.0,165.3,0.132
66.3,166.2,0.148
66.0,165.3,0.136
66.3,166.2,0.145
66.2,165.7,0.136
72.6,158.1,0.136
56.5,132.8,0.155
66.0,131.9,0.129
56.5,132.9,0.14
46.6,134.1,0.134
35.7,135.9,0.152
27.3,137.2,0.137
16.9,138.3,0.138
6.6,140.2,0.15
-3.8,141.6,0.13
-14.2,143.4,0.13
-23.1,144.5,0.13
-33.4,146.7,0.141
-42.8,148.0,0.145
-52.1,149.9,0.135
-62.5,151.3,0.138
-72.8,153.2,0.153
-83.2,154.6,0.132
-93.1,156.4,0.134
-102.9,158.0,0.14
-91.4,147.0,0.137
-90.6,150.4,0.13
-88.9,159.8,0.121
-86.6,170.0,0.132
-84.7,179.3,0.142
-82.7,188.6,0.135
-80.2,198.8,0.138
-78.1,209.1,0.126
-76.1,217.9,0.14
-73.5,227.0,0.125
-70.5,237.1,0.128
-68.5,246.3,0.154
-65.6,257.0,0.138
-64.6,259.2,0.14
-61.1,268.1,0.136
-56.8,277.1,0.129
-52.9,284.6,0.146
-47.5,294.2,0.138
-42.7,303.6,0.143
-37.4,312.1,0.147
-31.0,322.2,0.146
-26.1,329.7,0.126
-19.2,338.3,0.133
-14.0,345.0,0.143
-7.8,354.1,0.144
-1.2,361.7,0.148
5.1,369.4,0.13
11.2,376.7,0.144
17.9,384.8,0.142
24.8,392.0,0.142
30.9,398.6,0.14
38.9,406.9,0.143
46.2,413.7,0.151
53.6,420.5,0.147
60.2,426.5,0.15
67.8,433.1,0.152
74.6,439.7,0.142
82.9,446.1,0.144
91.4,453.1,0.139
99.5,461.3,0.141
106.3,466.4,0.14
113.9,472.9,0.158
122.4,479.9,0.14
129.6,485.3,0.144
139.0,491.9,0.142
146.3,497.1,0.151
154.2,502.4,0.145
162.3,508.3,0.159
169.7,513.4,0.153
179.0,520.2,0.159
187.0,526.1,0.148
195.4,531.6,0.149
203.8,536.9,0.165
212.3,543.1,0.148
220.5,547.9,0.147
228.1,552.8,0.154
237.0,558.3,0.16
246.8,564.4,0.165
254.8,569.4,0.166
263.7,574.1,0.154
271.6,579.4,0.16
279.7,584.3,0.158
289.3,589.7,0.154
298.7,595.4,0.164
307.4,600.3,0.158
316.0,604.4,0.171
323.4,608.5,0.16
333.0,612.9,0.171
343.2,617.0,0.155
352.2,621.4,0.16
359.7,625.3,0.167
369.8,629.8,0.162
378.8,634.0,0.174
388.4,638.3,0.178
397.4,642.6,0.167
407.1,646.6,0.171
15.1,5.4,0.184
37.4,12.6,0.175
59.2,19.9,0.181
83.7,27.1,0.178
106.0,34.5,0.188
128.4,41.6,0.19
150.9,48.3,0.199
173.1,55.8,0.184
197.0,63.1,0.207
219.7,69.3,0.21
240.5,74.6,0.199
263.6,81.0,0.21
287.3,87.4,0.209
311.5,93.6,0.213
333.2,99.6,0.218
356.9,105.5,0.224
381.7,111.6,0.214
405.1,116.6,0.221
425.9,122.3,0.226
450.1,128.4,0.232
472.1,133.1,0.235
495.3,139.2,0.225
517.3,144.1,0.234
541.7,149.1,0.243
566.2,154.1,0.24
588.7,159.0,0.245
611.6,164.0,0.253
635.6,168.7,0.251
657.8,172.6,0.243
681.3,177.4,0.252
704.8,182.3,0.262
728.2,187.5,0.265
750.5,190.3,0.254
774.5,195.3,0.272
797.1,199.6,0.275
816.4,202.1,0.264
834.3,203.9,0.298
854.3,205.5,0.293
876.2,206.4,0.286
896.2,207.1,0.281
915.2,206.8,0.292
936.1,205.4,0.295
954.5,203.5,0.313
972.9,201.6,0.317
991.8,199.2,0.311
1012.4,195.5,0.295
1030.1,191.9,0.304
1052.0,186.9,0.329
1069.4,182.5,0.331
1090.0,176.3,0.327
1108.7,170.8,0.315
1128.9,163.5,0.322
1147.1,156.5,0.336
1164.6,149.0,0.343
1182.2,140.6,0.346
1197.3,132.9,0.338
1215.2,122.9,0.349
1231.6,113.4,0.361
1250.3,100.9,0.361
1267.4,90.5,0.353
1282.8,80.3,0.366
1297.9,68.7,0.37
1313.3,56.7,0.369
1327.0,45.1,0.36
1341.4,31.2,0.378
1354.8,17.2,0.384
1370.3,1.6,0.38
1383.0,-11.2,0.403
1395.7,-26.6,0.386
1408.6,-43.2,0.363
1419.9,-57.9,0.388
1433.3,-75.9,0.38
1443.5,-92.0,0.406
1454.5,-109.8,0.395
1465.0,-126.9,0.386
1473.8,-142.6,0.402
1482.7,-160.5,0.401
1491.1,-178.0,0.423
1498.5,-195.0,0.419
1507.0,-214.7,0.391
1513.6,-232.6,0.391
1521.0,-253.3,0.419
1526.4,-269.9,0.418
1531.2,-287.8,0.415
1535.3,-306.8,0.407
1538.7,-324.5,0.407
1542.0,-343.7,0.398
1544.7,-362.5,0.419
1546.5,-378.9,0.403
1547.0,-397.9,0.422
1546.9,-419.3,0.404
1547.0,-438.3,0.408
1545.5,-456.3,0.41
1544.4,-476.7,0.399
1542.4,-500.6,0.403
1540.7,-523.1,0.398
1538.2,-544.9,0.398
1536.6,-570.4,0.386
1533.9,-593.7,0.393
1531.4,-616.1,0.369
1528.8,-639.9,0.369
1525.7,-663.2,0.383
1523.0,-686.0,0.392
1520.2,-709.8,0.375
1516.9,-731.6,0.372
1512.6,-756.2,0.374
1508.8,-778.4,0.368
1503.9,-804.4,0.354
1500.5,-827.1,0.357
1497.2,-850.9,0.364
1493.5,-874.6,0.365
1489.4,-897.7,0.349
1485.9,-922.0,0.355
1481.8,-946.1,0.34
1477.2,-969.1,0.34
1471.9,-993.6,0.332
1467.6,-1016.1,0.331
1463.7,-1037.8,0.346
1457.8,-1063.6,0.339
1452.5,-1086.0,0.324
1447.4,-1109.4,0.327
1442.2,-1131.8,0.324
1437.1,-1155.8,0.313
1432.5,-1176.8,0.307
1426.5,-1201.5,0.303
1420.5,-1225.3,0.316
1415.0,-1247.1,0.307
1409.9,-1270.0,0.31
1403.8,-1293.2,0.307
1397.5,-1316.4,0.289
1391.0,-1340.0,0.298
1385.9,-1360.9,0.278
1380.0,-1384.6,0.281
1373.9,-1406.8,0.288
1368.1,-1430.1,0.277
1361.2,-1455.1,0.276
1356.0,-1470.3,0.282
1350.9,-1484.4,0.269
1343.4,-1502.3,0.266
1335.6,-1517.4,0.268
1326.8,-1532.6,0.259
1318.8,-1545.3,0.255
1308.7,-1558.9,0.246
1298.2,-1572.9,0.259
1287.0,-1586.3,0.259
1275.0,-1599.8,0.243
1263.1,-1611.2,0.26
1250.0,-1622.8,0.249
1237.3,-1633.3,0.264
1224.6,-1643.0,0.247
1209.1,-1653.1,0.245
1195.2,-1661.9,0.247
1179.5,-1670.8,0.227
1163.9,-1678.6,0.234
1148.6,-1686.0,0.235
1132.4,-1692.8,0.226
1117.7,-1697.3,0.214
1099.0,-1702.9,0.224
1081.9,-1706.6,0.215
1063.3,-1710.4,0.235
1047.6,-1713.6,0.23
1029.2,-1715.5,0.23
1010.7,-1716.6,0.205
991.2,-1716.9,0.209
974.3,-1717.2,0.214
954.3,-1715.8,0.214
936.3,-1715.1,0.207
915.4,-1713.8,0.21
896.5,-1711.4,0.211
874.8,-1707.8,0.209
858.1,-1704.6,0.204
836.6,-1699.9,0.198
818.6,-1695.7,0.207
799.5,-1690.1,0.207
781.9,-1684.5,0.202
758.7,-1678.1,0.201
741.8,-1671.9,0.189
722.1,-1664.7,0.196
704.6,-1657.4,0.179
685.0,-1648.7,0.208
666.8,-1639.1,0.205
651.0,-1630.5,0.191
635.4,-1621.6,0.167
618.6,-1610.8,0.194
604.7,-1600.9,0.198
589.8,-1590.0,0.178
574.5,-1577.1,0.189
559.0,-1564.6,0.182
543.4,-1549.8,0.184
527.2,-1534.2,0.197
512.8,-1519.6,0.19
498.5,-1505.0,0.178
485.3,-1491.3,0.185
474.5,-1478.2,0.198
464.1,-1464.1,0.194
452.2,-1447.4,0.181
442.1,-1431.9,0.188
431.9,-1416.5,0.184
419.9,-1396.9,0.18
409.9,-1379.6,0.18
401.8,-1361.3,0.183
391.2,-1340.9,0.189
384.6,-1325.3,0.19
377.3,-1306.7,0.191
371.0,-1289.8,0.188
364.1,-1270.0,0.183
359.2,-1251.7,0.171
354.1,-1231.8,0.177
349.0,-1208.3,0.191
344.2,-1186.9,0.187
339.8,-1165.3,0.19
334.4,-1141.4,0.2
329.2,-1118.5,0.194
325.0,-1095.9,0.185
321.0,-1072.3,0.191
317.0,-1050.1,0.2
313.7,-1027.4,0.188
309.9,-1002.7,0.191
306.5,-980.9,0.184
303.1,-957.7,0.181
300.3,-932.9,0.191
297.2,-908.6,0.2
293.9,-883.8,0.186
290.8,-859.0,0.197
287.6,-835.7,0.218
286.6,-830.8,0.184
285.4,-824.4,0.202
284.2,-819.6,0.169
284.6,-820.5,0.186
284.2,-819.6,0.202
282.5,-816.5,0.201
278.3,-810.9,0.187
268.0,-799.3,0.188
268.8,-799.9,0.196
268.9,-799.8,0.187
269.3,-800.1,0.188
270.2,-800.6,0.185
271.7,-800.8,0.188
271.7,-800.8,0.184
272.2,-800.8,0.201
273.1,-800.6,0.185
272.7,-800.7,0.206
274.5,-799.9,0.185
274.0,-800.1,0.175
274.8,-799.5,0.199
275.3,-799.3,0.195
275.4,-799.4,0.196
275.4,-799.3,0.193
276.5,-797.1,0.213
271.4,-811.8,0.197
263.8,-832.9,0.197
258.7,-847.6,0.19
254.3,-865.0,0.179
250.7,-882.1,0.194
248.0,-897.9,0.18
244.9,-915.6,0.183
243.0,-935.5,0.186
241.3,-951.4,0.188
240.1,-969.9,0.179
239.8,-987.4,0.183
240.3,-1004.8,0.186
241.4,-1021.8,0.176
242.2,-1039.8,0.183
244.0,-1056.2,0.191
246.3,-1074.5,0.193
249.4,-1091.7,0.177
253.4,-1109.8,0.184
257.8,-1129.3,0.188
264.3,-1152.4,0.184
269.7,-1174.7,0.18
275.7,-1198.5,0.168
281.1,-1219.8,0.174
287.0,-1244.1,0.17
292.2,-1268.0,0.187
297.1,-1289.9,0.181
302.5,-1314.4,0.179
307.6,-1336.8,0.181
311.5,-1359.9,0.175
316.3,-1382.4,0.185
320.5,-1404.5,0.182
325.7,-1430.0,0.188
330.0,-1453.1,0.177
334.2,-1475.7,0.166
337.5,-1500.0,0.173
341.8,-1522.1,0.174
345.3,-1545.8,0.165
349.1,-1569.0,0.177
352.6,-1592.2,0.183
356.8,-1617.4,0.175
359.9,-1640.7,0.174
362.9,-1664.5,0.154
365.8,-1687.8,0.17
369.2,-1708.0,0.17
371.9,-1730.8,0.165
375.2,-1752.6,0.18
378.7,-1776.8,0.158
381.8,-1798.1,0.169
384.9,-1820.3,0.157
388.1,-1839.6,0.174
390.5,-1852.3,0.157
394.4,-1868.4,0.152
398.9,-1883.7,0.16
398.5,-1882.8,0.159
399.3,-1884.1,0.155
402.6,-1888.5,0.163
407.1,-1893.8,0.164
423.6,-1912.6,0.149
438.9,-1929.8,0.166
453.5,-1946.2,0.15
464.8,-1957.5,0.16
477.1,-1969.2,0.165
488.2,-1980.1,0.166
505.0,-1995.0,0.164
516.3,-2004.8,0.162
529.7,-2015.3,0.157
542.9,-2025.1,0.168
552.4,-2031.7,0.168
568.1,-2041.4,0.173
585.0,-2050.1,0.171
593.8,-2054.8,0.174
611.5,-2061.8,0.179
627.4,-2067.7,0.156
643.4,-2073.5,0.164
660.1,-2078.6,0.18
676.6,-2082.7,0.17
693.7,-2086.4,0.166
712.3,-2090.3,0.16
737.3,-2095.6,0.174
755.6,-2098.0,0.168
772.9,-2100.5,0.17
790.9,-2101.9,0.189
813.2,-2104.6,0.18
830.1,-2106.2,0.179
850.6,-2107.0,0.178
867.1,-2107.6,0.186
888.0,-2107.6,0.186
910.0,-2107.5,0.174
931.0,-2107.3,0.169
951.0,-2108.9,0.19
967.8,-2111.2,0.194
984.1,-2113.6,0.194
1001.9,-2116.7,0.188
1019.5,-2120.3,0.197
1037.9,-2125.0,0.186
1055.1,-2130.2,0.194
1075.8,-2137.7,0.198
1093.8,-2145.0,0.205
1112.0,-2152.1,0.192
1134.2,-2162.3,0.191
1149.7,-2169.3,0.212
1168.1,-2178.5,0.194
1183.8,-2187.1,0.204
1189.4,-2191.5,0.185
1192.7,-2166.8,0.192
1196.3,-2140.5,0.201
1201.5,-2114.5,0.204
1205.1,-2089.8,0.188
1209.5,-2063.2,0.224
1214.1,-2037.6,0.21
1218.2,-2011.9,0.214
1223.4,-1986.5,0.226
1228.2,-1959.9,0.235
1233.4,-1935.5,0.22
1239.0,-1911.1,0.23
1244.6,-1885.7,0.22
1248.9,-1861.1,0.235
1254.0,-1834.1,0.232
1257.9,-1809.9,0.227
1262.9,-1783.4,0.229
1268.1,-1759.5,0.247
1273.5,-1734.0,0.243
1278.1,-1708.5,0.245
1282.9,-1681.9,0.249
1287.1,-1657.8,0.249
1291.9,-1633.3,0.248
1297.5,-1606.8,0.238
1302.4,-1580.3,0.273
1307.6,-1555.3,0.272
1312.6,-1529.3,0.261
1317.3,-1504.8,0.272
1321.3,-1479.1,0.271
1326.3,-1453.6,0.27
1331.0,-1429.0,0.287
1335.5,-1403.0,0.281
1340.2,-1376.4,0.261
1344.8,-1351.8,0.289
1348.3,-1327.1,0.292
1353.2,-1300.5,0.299
1358.3,-1275.1,0.303
1363.3,-1250.1,0.294
1369.1,-1224.2,0.296
1374.3,-1200.3,0.308
1378.3,-1173.1,0.296
1382.6,-1148.0,0.332
1387.1,-1122.4,0.327
1391.7,-1097.3,0.309
1396.1,-1070.6,0.337
1400.0,-1046.5,0.329
1404.4,-1019.8,0.339
1408.6,-994.2,0.324
1412.6,-968.5,0.335
1416.7,-943.4,0.351
1421.8,-917.9,0.364
1426.5,-892.3,0.354
1430.8,-866.7,0.362
1434.4,-842.5,0.343
1439.5,-816.5,0.375
1444.3,-791.5,0.368
1449.4,-764.0,0.361
1453.4,-737.8,0.374
1458.1,-713.2,0.371
1461.9,-686.5,0.375
1465.4,-661.8,0.401
1470.6,-635.3,0.378
1474.7,-610.1,0.389
1478.3,-585.9,0.395
1482.8,-560.3,0.404
1487.3,-534.7,0.4
1491.0,-509.0,0.395
1496.0,-482.4,0.403
1499.9,-455.7,0.41
1504.1,-429.6,0.406
1508.3,-404.0,0.41
1512.1,-377.8,0.421
1515.7,-353.0,0.42
1515.8,-352.0,0.425
1515.7,-352.5,0.427
1515.8,-352.0,0.423
1547.5,-365.0,0.412
1532.0,-351.4,0.415
1531.5,-350.5,0.422
1536.0,-337.8,0.426
1489.6,-301.2,0.412
1488.5,-325.6,0.414
1486.7,-301.2,0.405
1485.9,-275.7,0.414
1485.3,-248.7,0.425
1483.8,-221.8,0.415
1483.9,-194.3,0.426
1484.3,-169.3,0.428
1485.0,-168.7,0.422
1481.8,-141.9,0.414
1479.3,-117.5,0.429
1476.5,-91.2,0.42
1475.8,-64.2,0.441
1475.1,-37.7,0.424
1474.6,-13.2,0.425
1474.6,12.8,0.427
1474.9,39.2,0.435
1476.2,63.7,0.423
1478.8,89.1,0.434
1480.2,116.5,0.446
1481.0,143.5,0.429
1482.7,172.9,0.429
1483.0,198.9,0.439
1484.4,223.4,0.437
1486.3,250.3,0.441
1489.8,275.1,0.424
1492.4,302.9,0.442
1496.2,329.2,0.431
1516.2,330.2,0.433
1516.7,330.1,0.449
1515.4,330.7,0.453
1516.8,330.1,0.442
1516.3,330.3,0.44
1516.7,330.1,0.435
1516.3,330.3,0.443
1516.3,330.3,0.441
1517.2,329.9,0.441
1516.3,330.3,0.445
1516.3,330.3,0.448
1516.3,330.3,0.44
1517.2,329.9,0.439
1516.3,330.3,0.46
1515.8,330.5,0.45
1515.8,330.4,0.443
1516.2,330.2,0.463
1516.2,330.2,0.452
1515.8,330.4,0.437
1515.8,330.4,0.445
1515.8,330.4,0.435
1516.3,330.3,0.442
1517.2,329.9,0.426
1515.8,330.4,0.439
1516.7,330.0,0.46
1516.3,330.2,0.44
1516.7,330.1,0.45
1516.7,330.1,0.449
1515.8,330.5,0.45
1517.2,329.9,0.437
1516.3,330.3,0.436
1516.7,330.1,0.448
1515.3,330.7,0.432
1515.8,330.5,0.439
1517.2,329.9,0.443
1516.7,330.1,0.438
1515.8,330.4,0.441
1516.3,330.4,0.436
1516.3,330.4,0.439
1515.4,330.8,0.455
1516.3,330.4,0.437
1516.3,330.4,0.449
1516.3,330.5,0.443
1516.3,330.5,0.449
1516.3,330.5,0.433
1515.4,330.9,0.433
1516.3,330.5,0.437
1515.9,330.7,0.437
1516.4,330.5,0.448
1516.8,330.3,0.453
1516.8,330.4,0.433
1516.4,330.6,0.442
1516.4,330.6,0.438
1516.9,330.5,0.441
1516.0,330.8,0.442
1516.9,330.5,0.434
1516.0,330.9,0.455
1516.4,330.7,0.44
1516.4,330.7,0.438
1516.9,330.5,0.446
1516.5,330.8,0.433
1515.6,331.2,0.439
1515.6,331.2,0.442
1515.6,331.2,0.437
1517.4,330.5,0.452
1517.0,330.7,0.438
1516.5,330.8,0.44
1516.9,330.6,0.429
1516.5,330.8,0.439
1516.0,331.0,0.443
1515.5,331.1,0.454
1516.0,330.9,0.438
1515.9,330.8,0.44
1516.4,330.6,0.437
1516.4,330.7,0.452
1516.0,330.9,0.43
1515.5,331.1,0.448
1515.5,331.1,0.439
1516.4,330.7,0.44
1516.4,330.7,0.429
1515.5,331.2,0.444
1517.4,330.4,0.447
1516.0,331.0,0.449
1515.6,331.3,0.445
1515.6,331.3,0.432
1516.5,330.9,0.446
1516.5,330.9,0.439
1515.6,331.4,0.444
1516.6,331.0,0.432
1517.0,330.9,0.45
1517.0,330.8,0.433
1516.1,331.2,0.447
1515.6,331.2,0.429
1515.5,331.2,0.437
1515.5,331.2,0.438
1516.9,330.6,0.436
1553.0,324.8,0.428
1553.5,324.7,0.441
1553.5,324.7,0.421
1554.0,324.7,0.448
1554.5,324.7,0.44
1555.0,324.8,0.439
1554.5,324.8,0.444
1553.5,324.8,0.434
1554.5,324.7,0.448
1554.0,324.8,0.435
1554.0,324.8,0.442
1553.0,325.0,0.441
1553.5,324.9,0.439
1553.5,324.9,0.429
1553.0,324.9,0.446
1553.0,325.0,0.432
1553.5,324.9,0.444
1553.0,324.9,0.452
1553.5,324.9,0.438
1553.5,324.9,0.438
1553.0,324.9,0.452
1554.0,324.8,0.441
1554.5,324.8,0.425
1553.0,325.0,0.455
1553.5,325.0,0.435
1554.0,324.8,0.428
1555.0,324.7,0.432
1554.5,324.8,0.438
1554.0,324.9,0.446
1553.0,325.1,0.445
1554.0,325.0,0.423
1554.0,324.9,0.435
1554.0,324.9,0.423
1555.0,324.8,0.435
1555.0,324.8,0.444
1554.0,325.0,0.44
1553.5,325.1,0.427
1553.5,325.1,0.445
1553.5,325.1,0.439
1554.5,325.0,0.436
1554.5,325.0,0.44
1553.5,325.2,0.422
1554.0,325.1,0.431
1555.0,325.0,0.436
1554.0,325.2,0.441
1554.0,325.1,0.434
1553.5,325.2,0.438
1554.5,325.1,0.448
1554.0,325.2,0.426
1553.5,325.3,0.43
1553.0,325.3,0.446
1553.5,325.2,0.44
1554.0,325.1,0.435
1555.0,324.9,0.45
1555.0,324.9,0.447
1554.0,325.0,0.434
1554.0,325.0,0.435
1553.0,325.1,0.439
1555.0,324.9,0.455
1553.5,325.1,0.434
1554.0,325.0,0.45
1554.5,325.0,0.438
1553.5,325.2,0.444
1554.0,325.2,0.441
1555.0,325.0,0.434
1553.0,325.2,0.438
1554.5,325.1,0.45
1553.1,325.4,0.426
1554.5,325.2,0.445
1554.5,325.2,0.438
1553.6,325.4,0.448
1554.6,325.3,0.44
1554.5,325.2,0.437
1554.0,325.3,0.459
1553.1,325.4,0.437
1554.5,325.2,0.44
1554.0,325.3,0.441
1554.0,325.2,0.435
1554.0,325.2,0.436
1554.5,325.1,0.451
1553.5,325.2,0.432
1554.0,325.2,0.434
1554.5,325.1,0.443
1554.5,325.0,0.434
1554.5,325.0,0.426
1554.0,325.1,0.448
1554.0,325.2,0.437
1553.5,325.2,0.432
1553.0,325.3,0.436
1554.0,325.2,0.44
1554.0,325.2,0.444
1553.5,325.3,0.454
1553.5,325.2,0.428
1554.0,325.1,0.432
1554.0,325.2,0.432
1554.5,325.1,0.432
1553.0,325.3,0.447
1589.5,334.5,0.43
1590.5,334.4,0.451
1589.0,334.6,0.444
1590.4,334.1,0.429
1590.4,334.1,0.429
1589.5,334.3,0.453
1590.0,334.2,0.445
1588.5,334.5,0.448
1590.0,334.4,0.446
1590.0,334.4,0.436
1589.0,334.5,0.446
1589.0,334.5,0.443
1589.0,334.5,0.432
1590.0,334.3,0.446
1589.5,334.4,0.44
1589.5,334.4,0.444
1589.5,334.4,0.447
1589.5,334.5,0.46
1590.0,334.4,0.444
1589.0,334.5,0.444
1590.5,334.4,0.435
1589.0,334.6,0.451
1590.0,334.4,0.443
1590.5,334.4,0.446
1589.0,334.4,0.44
1589.5,334.4,0.437
1589.5,334.3,0.436
1589.5,334.3,0.441
1589.0,334.4,0.439
1589.5,334.3,0.454
1590.5,334.2,0.436
1590.0,334.3,0.435
1589.5,334.5,0.44
1585.5,326.4,0.45
1573.4,302.3,0.444
1563.0,279.0,0.422
1553.1,255.5,0.425
1542.8,230.1,0.419
1534.3,206.0,0.426
1525.2,180.7,0.421
1517.1,157.0,0.414
1509.0,132.8,0.417
1501.1,108.1,0.41
1492.3,83.1,0.4
1483.7,58.0,0.407
1476.5,33.0,0.403
1469.6,11.1,0.412
1461.5,-14.6,0.381
1455.1,-40.8,0.384
1448.6,-67.0,0.389
1442.3,-93.8,0.388
1436.2,-117.0,0.391
1429.6,-145.2,0.388
1424.9,-169.2,0.384
1419.7,-194.7,0.391
1414.7,-220.7,0.372
1410.0,-245.8,0.359
1405.0,-271.3,0.365
1400.4,-297.4,0.374
1395.5,-322.9,0.364
1391.7,-348.5,0.368
1388.0,-373.8,0.363
1383.8,-398.9,0.358
1379.8,-425.1,0.361
1376.6,-451.9,0.36
1372.9,-477.7,0.347
1371.8,-503.6,0.357
1369.9,-528.1,0.34
1368.1,-555.0,0.341
1366.4,-580.4,0.334
1364.5,-606.4,0.343
1363.3,-631.8,0.343
1363.2,-658.3,0.341
1362.5,-684.3,0.35
1362.2,-709.8,0.313
1362.0,-735.7,0.335
1363.1,-762.2,0.319
1363.2,-787.2,0.328
1364.8,-814.1,0.324
1365.9,-839.1,0.326
1367.7,-865.0,0.312
1368.0,-892.0,0.318
1370.1,-915.9,0.316
1372.2,-943.3,0.316
1374.9,-969.1,0.307
1376.9,-994.5,0.299
1380.4,-1021.8,0.296
1384.4,-1048.0,0.302
1386.8,-1072.4,0.306
1391.1,-1098.0,0.286
1395.2,-1124.1,0.293
1399.3,-1148.3,0.275
1403.3,-1175.0,0.299
1408.8,-1199.9,0.291
1413.9,-1226.9,0.277
1418.2,-1252.5,0.294
1423.5,-1278.5,0.276
1430.6,-1305.5,0.28
1438.3,-1330.9,0.278
1445.4,-1353.8,0.284
1455.0,-1378.5,0.28
1458.9,-1388.8,0.281
1458.9,-1388.8,0.264
1458.6,-1387.8,0.285
1458.9,-1388.8,0.285
1458.8,-1388.8,0.286
1458.8,-1388.8,0.269
1458.8,-1388.8,0.288
1458.8,-1388.8,0.273
1458.7,-1388.3,0.28
1458.7,-1388.3,0.276
1458.7,-1387.8,0.277
1459.0,-1389.3,0.274
1458.9,-1389.3,0.284
1458.5,-1387.8,0.278
1458.7,-1388.8,0.273
1458.8,-1389.3,0.273
1458.5,-1388.3,0.272
1459.0,-1389.8,0.277
1458.8,-1388.8,0.27
1458.7,-1388.8,0.266
1458.4,-1387.9,0.276
1458.5,-1388.3,0.262
1458.5,-1388.3,0.274
1458.9,-1389.8,0.267
1458.5,-1388.4,0.263
1458.6,-1388.8,0.284
1458.6,-1388.8,0.281
1458.7,-1389.3,0.281
1458.7,-1389.3,0.277
1458.4,-1388.4,0.298
1458.7,-1389.3,0.275
1458.6,-1388.8,0.27
1458.7,-1389.3,0.263
1458.7,-1388.8,0.275
1458.6,-1388.3,0.281
1458.9,-1389.8,0.291
1458.7,-1389.3,0.289
1458.5,-1388.4,0.284
1458.7,-1389.8,0.278
1458.5,-1388.4,0.281
1458.9,-1389.3,0.283
1458.8,-1389.3,0.264
1458.7,-1388.3,0.266
1458.9,-1389.3,0.269
1459.0,-1389.3,0.28
1458.8,-1388.8,0.27
1458.7,-1388.3,0.28
1458.8,-1388.8,0.275
1459.0,-1389.3,0.282
1459.1,-1389.8,0.265
1458.6,-1387.8,0.272
1458.8,-1388.8,0.276
1458.8,-1388.8,0.286
1458.8,-1388.8,0.278
1458.5,-1387.8,0.281
1458.8,-1388.8,0.283
1458.9,-1389.3,0.28
1458.8,-1388.8,0.286
1458.9,-1389.3,0.278
1459.1,-1389.8,0.271
1459.1,-1389.8,0.282
1458.8,-1388.3,0.282
1459.0,-1389.3,0.266
1459.2,-1389.7,0.266
1458.9,-1388.8,0.278
1458.8,-1388.3,0.273
1458.9,-1388.8,0.27
1458.9,-1388.8,0.277
1459.1,-1389.2,0.276
1458.9,-1388.8,0.271
1458.7,-1387.8,0.278
1459.2,-1389.2,0.282
1458.8,-1388.3,0.283
1459.1,-1389.3,0.276
1459.0,-1389.3,0.273
1458.9,-1388.8,0.266
1458.8,-1388.8,0.289
1459.2,-1389.7,0.287
1458.9,-1388.8,0.279
1459.1,-1389.2,0.263
1459.0,-1388.7,0.261
1458.9,-1388.3,0.271
1459.2,-1389.2,0.286
1458.9,-1388.3,0.287
1459.2,-1388.7,0.276
1459.3,-1389.2,0.275
1442.4,-1411.9,0.264
1449.4,-1387.4,0.231
1458.2,-1362.9,0.247
1468.0,-1338.3,0.245
1477.9,-1314.3,0.251
1490.2,-1290.3,0.249
1503.4,-1268.0,0.253
1516.2,-1246.5,0.262
1517.6,-1244.9,0.258
1529.1,-1221.6,0.266
1540.7,-1198.9,0.263
1554.4,-1175.7,0.279
1567.6,-1152.7,0.295
1570.0,-1153.2,0.28
1581.9,-1128.5,0.292
1592.9,-1105.5,0.289
1605.2,-1083.7,0.294
1606.9,-1081.8,0.291
1616.8,-1058.3,0.287
1629.0,-1034.8,0.294
1641.7,-1009.3,0.31
1653.8,-989.2,0.318
1654.9,-985.4,0.327
1665.6,-963.4,0.316
1677.9,-937.6,0.324
1678.9,-938.5,0.313
1688.3,-914.8,0.327
1691.9,-913.5,0.333
1698.0,-888.2,0.327
1706.7,-862.1,0.34
1708.4,-860.5,0.337
1715.8,-834.6,0.328
1713.9,-851.9,0.329
1713.9,-851.9,0.353
1713.9,-852.4,0.347
1713.8,-850.9,0.335
1713.9,-851.9,0.327
1713.9,-851.4,0.345
1713.8,-850.9,0.323
1713.9,-851.9,0.344
1713.8,-851.4,0.35
1713.8,-851.9,0.333
1713.8,-851.4,0.35
1713.9,-851.4,0.33
1713.9,-850.9,0.337
1713.9,-850.4,0.342
1713.9,-851.4,0.342
1713.9,-851.4,0.33
1714.0,-852.4,0.345
1714.0,-851.9,0.34
1713.9,-851.4,0.334
1713.9,-850.9,0.326
1713.9,-851.9,0.347
1713.9,-851.4,0.329
1713.9,-851.9,0.337
1713.8,-850.9,0.342
1713.8,-851.9,0.34
1713.8,-850.9,0.327
1713.9,-852.4,0.341
1713.8,-851.4,0.335
1713.9,-851.9,0.331
1713.7,-850.9,0.344
1713.7,-850.9,0.343
1713.8,-851.4,0.349
1713.8,-850.9,0.343
1713.7,-850.4,0.345
1713.8,-851.9,0.341
1713.9,-851.4,0.336
1713.9,-851.4,0.334
1713.8,-850.4,0.349
1713.9,-850.9,0.335
1713.8,-850.9,0.336
1713.8,-851.4,0.327
1713.8,-851.4,0.327
1713.8,-851.4,0.335
1713.8,-851.4,0.341
1713.9,-852.4,0.334
1713.9,-850.9,0.339
1713.9,-851.4,0.346
1713.9,-851.4,0.346
1713.8,-850.9,0.333
1713.9,-851.4,0.343
1713.8,-850.9,0.335
1713.9,-851.4,0.329
1713.9,-850.9,0.332
1713.9,-850.9,0.334
1713.9,-851.4,0.349
1714.0,-851.9,0.339
1713.9,-850.9,0.321
1713.9,-851.4,0.335
1714.0,-851.4,0.323
1714.0,-851.9,0.336
1714.0,-851.9,0.338
1713.8,-851.4,0.337
1713.8,-851.9,0.342
1713.7,-851.5,0.344
1713.7,-851.5,0.318
1713.6,-850.5,0.319
1713.6,-851.0,0.332
1713.6,-851.5,0.347
1713.6,-851.5,0.341
1713.6,-851.0,0.349
1713.7,-852.0,0.343
1713.5,-851.5,0.347
1713.6,-851.5,0.325
1713.5,-851.0,0.331
1713.6,-851.5,0.336
1713.6,-852.5,0.325
1713.6,-851.5,0.349
1713.6,-851.5,0.331
1713.6,-852.0,0.341
1713.6,-851.0,0.357
1713.6,-851.0,0.341
1713.6,-851.5,0.338
1713.6,-852.0,0.332
1713.6,-852.0,0.359
1713.6,-852.5,0.324
1713.5,-852.0,0.345
1727.7,-885.6,0.323
1727.7,-885.6,0.324
1728.1,-886.6,0.335
1727.9,-886.1,0.325
1727.6,-885.2,0.327
1728.0,-886.6,0.327
1728.1,-887.1,0.336
1728.2,-887.1,0.328
1727.7,-885.7,0.326
1727.5,-885.2,0.339
1727.8,-886.1,0.326
1727.8,-886.1,0.333
1728.1,-887.1,0.337
1728.0,-886.6,0.344
1727.5,-885.2,0.322
1727.9,-886.1,0.333
1728.2,-887.1,0.357
1727.9,-886.1,0.338
1727.9,-886.1,0.322
1727.7,-885.6,0.314
1728.3,-887.0,0.338
1727.9,-886.1,0.332
1727.9,-886.1,0.321
1728.0,-886.6,0.315
1727.5,-885.2,0.333
1727.7,-886.2,0.33
1727.9,-887.2,0.344
1727.5,-886.2,0.331
1727.4,-885.8,0.337
1727.7,-886.7,0.342
1727.4,-885.8,0.336
1727.5,-886.2,0.329
1727.8,-887.2,0.328
1727.5,-886.2,0.337
1727.1,-885.3,0.343
1727.3,-886.3,0.332
1727.1,-885.8,0.335
1727.3,-886.3,0.329
1727.0,-885.4,0.33
1727.3,-886.3,0.336
1727.1,-885.8,0.33
1727.1,-885.8,0.334
1727.1,-885.8,0.327
1726.9,-885.4,0.337
1726.9,-885.4,0.337
1727.3,-886.3,0.333
1726.8,-885.9,0.322
1727.1,-886.9,0.319
1726.9,-886.4,0.327
1726.9,-886.4,0.334
1726.8,-886.0,0.333
1727.1,-886.9,0.344
1727.0,-886.9,0.345
1726.6,-885.5,0.329
1727.1,-886.9,0.338
1727.2,-887.4,0.329
1727.4,-887.3,0.337
1726.9,-885.9,0.316
1727.0,-885.9,0.332
1727.1,-886.4,0.345
1727.3,-886.8,0.338
1726.8,-885.4,0.325
1727.2,-886.9,0.337
1726.9,-885.9,0.356
1726.8,-885.4,0.336
1726.8,-885.4,0.324
1727.3,-886.8,0.333
1727.0,-885.9,0.33
1727.2,-886.3,0.334
1727.0,-885.9,0.332
1727.5,-887.3,0.333
1727.5,-887.3,0.329
1727.1,-886.4,0.315
1726.9,-885.9,0.326
1727.3,-887.3,0.308
1727.0,-886.4,0.335
1727.1,-886.9,0.329
1727.0,-886.9,0.327
1726.8,-886.5,0.328
1726.7,-886.0,0.322
1726.6,-885.5,0.334
1726.9,-886.4,0.33
1726.6,-885.5,0.338
1727.0,-886.9,0.347
1726.7,-886.0,0.341
1726.5,-885.5,0.321
1726.5,-885.5,0.345
1726.9,-886.4,0.334
1726.7,-886.0,0.338
1727.2,-887.4,0.337
1727.0,-886.4,0.335
1727.1,-886.9,0.34
1727.3,-887.3,0.311
1726.9,-885.9,0.345
1726.8,-885.4,0.329
1744.7,-920.0,0.329
1744.2,-919.1,0.332
1744.5,-919.6,0.325
1744.5,-919.6,0.328
1744.3,-918.6,0.331
1744.3,-918.6,0.323
1744.1,-918.1,0.334
1744.4,-919.1,0.348
1744.4,-919.1,0.314
1744.3,-918.6,0.32
1744.4,-918.6,0.338
1744.1,-917.6,0.323
1744.2,-918.1,0.348
1744.1,-918.1,0.335
1744.4,-919.1,0.338
1744.2,-918.6,0.334
1744.4,-919.1,0.323
1744.3,-918.6,0.33
1744.3,-918.6,0.339
1744.4,-919.1,0.327
1744.5,-919.6,0.339
1744.3,-918.6,0.32
1744.3,-918.6,0.331
1744.3,-918.6,0.324
1744.5,-919.6,0.335
1744.5,-919.1,0.329
1744.4,-918.6,0.328
1744.4,-918.6,0.338
1744.7,-919.5,0.337
1744.7,-919.5,0.32
1744.6,-919.1,0.32
1744.4,-918.6,0.335
1744.2,-917.6,0.331
1744.4,-918.6,0.328
1744.4,-918.6,0.323
1744.2,-918.1,0.332
1744.4,-918.6,0.34
1744.3,-918.1,0.332
1744.6,-919.0,0.336
1744.2,-917.6,0.322
1744.2,-917.6,0.332
1744.2,-918.1,0.326
1744.4,-919.1,0.315
1744.4,-919.1,0.344
1744.5,-919.1,0.329
1744.5,-919.1,0.333
1744.5,-919.1,0.335
1744.4,-919.1,0.333
1744.2,-918.1,0.346
1744.3,-918.6,0.336
1744.4,-919.1,0.324
1744.2,-918.1,0.336
1744.3,-918.6,0.331
1744.1,-917.6,0.323
1744.5,-919.1,0.322
1744.2,-918.1,0.318
1744.5,-919.1,0.336
1744.5,-919.1,0.334
1744.4,-918.6,0.32
1744.1,-917.6,0.334
1744.6,-919.6,0.327
1744.2,-918.1,0.334
1743.9,-917.7,0.331
1744.1,-918.6,0.325
1744.3,-919.6,0.336
1744.3,-919.1,0.318
1744.1,-918.1,0.333
1744.2,-918.6,0.343
1744.3,-919.1,0.334
1744.5,-919.6,0.332
1744.2,-919.1,0.334
1744.3,-919.1,0.308
1744.3,-919.1,0.339
1744.1,-918.7,0.325
1744.1,-918.7,0.334
1744.3,-919.6,0.34
1744.0,-918.7,0.319
1744.0,-918.7,0.324
1743.9,-918.2,0.338
1743.9,-918.2,0.342
1744.0,-918.7,0.329
1758.5,-951.7,0.337
1758.7,-952.6,0.339
1758.6,-951.6,0.327
1758.6,-951.6,0.303
1758.6,-952.1,0.324
1758.9,-952.6,0.336
1758.6,-951.1,0.328
1758.6,-951.6,0.333
1758.6,-951.6,0.322
1758.7,-952.1,0.329
1758.6,-951.6,0.322
1758.5,-951.7,0.321
1758.7,-952.1,0.341
1758.6,-952.1,0.319
1758.7,-952.1,0.31
1758.7,-952.1,0.322
1758.8,-952.1,0.338
1758.8,-951.6,0.323
1758.8,-951.6,0.322
1758.7,-951.1,0.339
1759.0,-952.6,0.329
1759.1,-953.1,0.329
1758.9,-952.1,0.33
1758.8,-951.6,0.332
1758.8,-952.1,0.321
1758.9,-952.6,0.313
1758.9,-952.6,0.319
1758.6,-951.6,0.316
1758.5,-951.1,0.329
1758.9,-952.6,0.317
1758.7,-951.6,0.321
1758.8,-952.1,0.324
1758.9,-952.6,0.329
1758.7,-951.6,0.321
1759.1,-953.1,0.32
1758.9,-952.6,0.338
1758.9,-952.1,0.326
1758.8,-951.6,0.336
1758.8,-951.6,0.339
1758.8,-951.1,0.33
1759.0,-952.1,0.314
1759.0,-952.6,0.323
1759.1,-952.6,0.326
1759.0,-952.1,0.324
1758.8,-951.1,0.319
1758.8,-951.1,0.333
1758.8,-951.6,0.328
1759.0,-952.1,0.322
1759.2,-952.5,0.311
1759.0,-952.1,0.328
1758.8,-951.1,0.327
1759.2,-953.0,0.321
1759.0,-952.1,0.32
1758.8,-951.1,0.337
1759.0,-952.1,0.319
1759.0,-952.1,0.319
1759.1,-952.0,0.33
1759.1,-952.0,0.34
1759.1,-952.0,0.333
1759.2,-952.5,0.333
1758.9,-951.6,0.33
1759.1,-952.0,0.33
1759.2,-952.5,0.329
1759.2,-952.5,0.327
1759.2,-952.5,0.325
1759.3,-952.5,0.328
1759.1,-951.5,0.319
1759.2,-952.0,0.343
1759.3,-952.5,0.332
1759.3,-952.5,0.333
1759.3,-952.5,0.336
1759.1,-951.5,0.328
1759.4,-952.5,0.319
1759.3,-952.0,0.31
1759.4,-952.5,0.315
1759.0,-951.0,0.332
1759.2,-951.5,0.323
1759.4,-952.5,0.318
1759.3,-952.0,0.335
1759.3,-952.0,0.332
1759.3,-952.0,0.331
1759.2,-952.0,0.326
1759.3,-952.5,0.331
1759.1,-951.5,0.315
1776.4,-985.4,0.309
1776.0,-983.9,0.321
1776.7,-985.8,0.317
1776.7,-985.8,0.321
1776.3,-984.9,0.336
1776.3,-984.9,0.34
1776.1,-984.4,0.319
1776.0,-983.9,0.327
1776.4,-985.4,0.335
1776.3,-984.9,0.33
1776.0,-983.9,0.315
1776.4,-985.3,0.323
1776.1,-984.4,0.325
1776.3,-984.4,0.325
1776.4,-984.8,0.32
1776.3,-984.3,0.33
1776.3,-984.3,0.326
1776.4,-984.8,0.326
1776.4,-984.3,0.312
1776.5,-984.8,0.327
1776.7,-985.8,0.313
1776.4,-984.8,0.315
1776.3,-984.3,0.322
1776.6,-985.3,0.318
1776.5,-984.8,0.319
1776.3,-984.9,0.339
1776.3,-984.9,0.32
1776.4,-984.8,0.322
1776.5,-985.3,0.326
1776.4,-984.8,0.331
1776.2,-984.4,0.303
1776.5,-985.3,0.333
1776.2,-984.9,0.322
1776.3,-984.9,0.313
1776.4,-985.4,0.33
1776.1,-983.9,0.32
1776.5,-985.3,0.315
1776.6,-985.8,0.324
1776.1,-983.9,0.325
1776.5,-984.8,0.327
1776.6,-985.3,0.319
1776.5,-985.3,0.334
1776.4,-985.4,0.326
1776.4,-985.4,0.323
1776.6,-985.8,0.328
1776.5,-985.3,0.328
1776.4,-984.9,0.335
1776.3,-984.4,0.328
1776.4,-984.3,0.323
1776.5,-984.8,0.328
1776.6,-984.8,0.324
1776.5,-984.8,0.322
1776.4,-984.3,0.34
1776.6,-984.8,0.32
1776.6,-984.8,0.317
1776.9,-985.7,0.32
1776.5,-984.3,0.325
1776.6,-984.8,0.331
1776.6,-984.8,0.326
1776.6,-984.8,0.322
1776.8,-985.2,0.32
1776.5,-984.3,0.326
1776.3,-983.8,0.32
1776.8,-985.8,0.327
1776.8,-985.8,0.321
1776.4,-984.3,0.328
1776.6,-985.3,0.317
1776.4,-984.3,0.329
1776.8,-985.8,0.326
1776.7,-985.8,0.322
1776.4,-984.8,0.329
1776.4,-984.8,0.335
1776.4,-984.9,0.317
1776.4,-984.9,0.31
1776.4,-984.8,0.324
1776.5,-984.8,0.324
1776.2,-983.9,0.322
1776.4,-984.3,0.323
1776.5,-984.8,0.326
1776.7,-985.3,0.332
1776.8,-985.2,0.325
1776.7,-985.3,0.316
1776.8,-985.3,0.319
1776.4,-983.8,0.335
1776.5,-984.3,0.32
1777.0,-985.7,0.321
1777.0,-985.7,0.325
1797.5,-1014.8,0.316
1797.6,-1015.8,0.312
1797.3,-1014.3,0.315
1797.3,-1014.3,0.333
1797.1,-1013.9,0.331
1797.2,-1014.4,0.306
1797.2,-1014.4,0.299
1797.6,-1015.8,0.327
1797.1,-1014.4,0.321
1797.3,-1015.3,0.316
1797.4,-1015.3,0.316
1797.2,-1014.9,0.327
1797.3,-1014.8,0.337
1797.3,-1014.9,0.329
1797.1,-1014.4,0.317
1797.3,-1015.3,0.332
1797.3,-1014.8,0.312
1797.3,-1014.8,0.335
1797.2,-1014.3,0.324
1797.7,-1015.7,0.316
1797.6,-1015.3,0.312
1797.4,-1014.8,0.32
1797.4,-1014.8,0.317
1797.4,-1014.8,0.322
1797.3,-1014.3,0.32
1797.4,-1014.8,0.327
1797.2,-1013.8,0.323
1797.3,-1014.3,0.309
1797.4,-1014.8,0.316
1797.4,-1014.8,0.326
1797.5,-1015.3,0.316
1797.4,-1014.8,0.317
1797.6,-1015.8,0.328
1797.4,-1014.8,0.335
1797.6,-1015.3,0.311
1797.7,-1015.7,0.308
1797.3,-1014.3,0.31
1797.5,-1014.8,0.305
1797.4,-1014.3,0.323
1797.8,-1015.7,0.309
1797.4,-1014.3,0.332
1797.8,-1015.7,0.312
1797.3,-1013.8,0.329
1797.6,-1015.3,0.327
1797.6,-1015.3,0.32
1797.2,-1013.8,0.311
1797.6,-1015.3,0.321
1797.5,-1014.8,0.318
1797.6,-1015.8,0.317
1797.5,-1014.8,0.33
1797.7,-1015.8,0.316
1797.5,-1014.8,0.312
1797.7,-1015.8,0.331
1797.8,-1015.2,0.319
1797.9,-1015.7,0.312
1797.6,-1014.7,0.336
1797.6,-1014.8,0.311
1797.6,-1014.8,0.324
1797.5,-1014.8,0.316
1797.4,-1014.3,0.323
1797.7,-1015.2,0.325
1797.3,-1013.8,0.32
1797.7,-1015.2,0.335
1797.5,-1014.8,0.322
1797.5,-1014.8,0.325
1797.3,-1013.8,0.33
1797.7,-1015.2,0.312
1797.4,-1014.3,0.314
1797.7,-1015.2,0.319
1797.6,-1014.7,0.312
1797.5,-1014.3,0.317
1797.9,-1015.7,0.328
1797.4,-1013.8,0.321
1797.6,-1014.2,0.317
1798.0,-1015.7,0.325
1797.7,-1014.2,0.329
1797.8,-1014.7,0.328
1798.0,-1015.2,0.324
1797.9,-1014.7,0.315
1808.2,-1041.8,0.316
1797.2,-1018.8,0.32
1788.8,-995.3,0.297
1779.0,-970.2,0.323
1769.2,-945.5,0.332
1761.0,-921.4,0.335
1753.6,-897.5,0.327
1746.6,-872.0,0.346
1740.8,-846.6,0.337
1735.3,-822.8,0.337
1729.9,-796.9,0.34
1725.5,-771.3,0.336
1722.6,-745.4,0.332
1718.9,-720.7,0.331
1714.9,-694.0,0.349
1712.3,-667.7,0.352
1710.5,-641.7,0.354
1709.9,-616.7,0.366
1708.2,-591.3,0.357
1707.9,-564.3,0.366
1707.9,-537.8,0.345
1709.2,-512.4,0.362
1711.0,-485.4,0.377
1713.4,-461.1,0.351
1716.0,-435.2,0.361
1718.3,-409.3,0.374
1722.0,-383.6,0.378
1725.2,-357.3,0.382
1729.6,-331.2,0.408
1733.5,-306.0,0.396
1738.0,-279.9,0.4
1742.3,-254.8,0.389
1746.4,-229.6,0.397
1750.8,-205.0,0.406
1755.9,-177.5,0.416
1760.2,-151.4,0.419
1764.1,-125.7,0.417
1768.9,-100.6,0.421
1773.0,-74.5,0.416
1778.5,-47.5,0.419
1781.8,-20.7,0.423
1786.2,3.4,0.428
1790.8,29.4,0.425
1791.9,5.9,0.438
1787.6,31.1,0.426
1784.0,58.8,0.438
1780.6,83.6,0.449
1777.9,109.5,0.441
1775.5,134.3,0.446
1774.0,160.2,0.435
1773.7,186.2,0.434
1773.2,212.2,0.423
1771.7,240.7,0.452
1773.2,266.1,0.447
1775.6,292.0,0.428
1777.3,320.0,0.441
1779.3,347.9,0.443
1779.3,357.9,0.438
1779.3,356.9,0.441
1779.2,357.4,0.444
1779.2,357.4,0.444
1779.2,358.4,0.443
1779.8,355.9,0.447
1780.0,355.5,0.44
1779.8,356.4,0.451
1779.9,355.9,0.447
1779.7,356.9,0.434
1780.0,355.5,0.443
1779.6,357.4,0.444
1779.8,356.4,0.453
1779.8,356.9,0.444
1779.8,356.4,0.439
1779.7,356.9,0.438
1779.9,355.9,0.426
1779.8,356.4,0.45
1779.7,357.4,0.443
1780.0,355.5,0.445
1779.6,357.4,0.432
1779.9,355.9,0.443
1779.9,356.4,0.451
1779.7,357.4,0.444
1779.9,355.9,0.457
1779.8,355.9,0.442
1779.6,356.9,0.435
1779.8,355.9,0.451
1779.7,356.4,0.428
1779.6,356.9,0.44
1779.7,356.9,0.459
1779.7,356.4,0.448
1779.8,355.9,0.443
1779.5,357.4,0.436
1779.5,357.4,0.446
1779.8,355.9,0.455
1779.6,356.9,0.447
1779.7,356.9,0.449
1779.6,356.9,0.434
1779.9,355.4,0.438
1779.6,356.9,0.434
1779.5,357.4,0.451
1779.8,355.4,0.445
1779.7,355.9,0.461
1779.4,357.4,0.435
1779.4,357.4,0.45
1779.6,356.4,0.448
1779.6,356.4,0.452
1779.6,356.4,0.436
1779.6,356.4,0.43
1779.5,356.9,0.446
1779.6,356.4,0.437
1779.5,357.4,0.458
1779.6,356.4,0.439
1779.6,355.9,0.444
1779.5,356.4,0.428
1779.7,355.4,0.426
1779.5,356.4,0.445
1779.6,355.9,0.442
1779.5,355.9,0.44
1779.4,356.9,0.446
1779.5,356.4,0.462
1779.6,355.4,0.457
1779.2,357.4,0.455
1779.4,356.9,0.446
1779.4,356.9,0.434
1779.4,356.4,0.446
1779.6,355.4,0.442
1779.4,356.4,0.441
1779.6,355.4,0.445
1779.4,356.4,0.43
1779.5,355.4,0.452
1779.3,356.9,0.428
1779.3,356.9,0.442
1779.4,356.4,0.437
1779.4,356.4,0.459
1779.3,356.9,0.444
1779.6,355.4,0.454
1779.5,356.4,0.451
1779.5,356.9,0.434
1779.6,355.4,0.441
1779.4,356.9,0.453
1779.5,355.9,0.459
1779.5,355.9,0.441
1779.3,356.9,0.442
1779.2,356.9,0.456
1779.5,355.4,0.442
1779.2,356.8,0.436
1779.2,356.3,0.445
1779.0,357.3,0.435
1779.3,355.8,0.444
1779.0,357.3,0.438
1778.9,357.3,0.435
1779.0,356.3,0.446
1779.0,356.3,0.438
1779.1,356.3,0.446
1779.2,355.8,0.459
1778.8,357.3,0.448
1778.9,356.8,0.455
1779.0,355.8,0.445
1778.9,356.8,0.442
1778.9,356.8,0.438
1779.0,355.8,0.447
1778.9,356.3,0.44
1786.9,337.4,0.446
1777.8,362.8,0.445
1769.5,386.8,0.446
1761.5,410.6,0.442
1754.0,436.5,0.423
1748.1,460.8,0.432
1741.9,487.0,0.437
1757.5,486.0,0.437
1757.5,486.0,0.424
1756.6,486.5,0.436
1758.0,485.8,0.435
1757.0,486.2,0.419
1757.0,486.2,0.433
1756.6,486.4,0.439
1757.5,486.0,0.42
1757.0,486.2,0.446
1757.9,485.7,0.435
1757.9,485.7,0.418
1757.5,486.0,0.431
1756.6,486.4,0.435
1756.6,486.4,0.436
1757.1,486.3,0.437
1756.6,486.5,0.448
1756.6,486.4,0.43
1757.0,486.2,0.416
1756.1,486.6,0.429
1757.0,486.2,0.445
1757.1,486.3,0.416
1758.0,485.9,0.444
1756.7,486.6,0.435
1757.1,486.4,0.427
1756.7,486.6,0.433
1757.5,486.1,0.442
1757.1,486.3,0.439
1756.6,486.6,0.437
1756.2,486.7,0.455
1757.5,486.1,0.427
1758.0,485.9,0.432
1756.2,486.7,0.442
1756.6,486.5,0.438
1757.5,486.1,0.42
1758.0,485.8,0.44
1758.0,485.8,0.441
1757.9,485.8,0.44
1757.1,486.3,0.429
1757.0,486.2,0.452
1757.1,486.3,0.431
1757.0,486.2,0.436
1757.9,485.8,0.454
1757.0,486.2,0.431
1756.6,486.5,0.433
1757.5,486.0,0.432
1757.9,485.8,0.436
1757.0,486.2,0.427
1757.5,486.0,0.434
1756.3,490.2,0.431
1752.4,517.4,0.429
1767.2,514.7,0.434
1767.2,514.7,0.435
1767.2,514.7,0.44
1767.7,514.5,0.438
1766.7,514.9,0.443
1767.7,514.5,0.438
1766.8,514.9,0.436
1766.8,515.0,0.437
1767.2,514.8,0.432
1767.2,514.8,0.445
1767.7,514.6,0.435
1768.2,514.4,0.439
1767.3,514.8,0.432
1767.7,514.6,0.45
1766.8,515.0,0.436
1767.2,514.8,0.428
1767.2,514.8,0.428
1768.2,514.4,0.43
1767.2,514.7,0.439
1767.2,514.8,0.453
1766.3,515.2,0.448
1767.2,514.8,0.418
1766.4,515.3,0.43
1768.2,514.5,0.44
1767.7,514.7,0.421
1767.7,514.6,0.431
1767.7,514.6,0.432
1767.7,514.6,0.429
1767.7,514.5,0.433
1768.1,514.2,0.441
1767.7,514.5,0.427
1766.3,515.2,0.434
1767.7,514.5,0.437
1766.7,514.9,0.442
1766.7,514.9,0.433
1766.8,515.0,0.441
1766.3,515.1,0.433
1767.3,514.8,0.436
1767.3,514.8,0.426
1767.8,514.7,0.42
1766.8,515.0,0.431
1767.7,514.6,0.424
1767.7,514.6,0.43
1766.8,515.0,0.436
1767.2,514.7,0.433
1767.2,514.7,0.434
1766.8,514.9,0.442
1768.1,514.2,0.433
1766.7,514.9,0.439
1766.8,514.9,0.449
1767.7,514.5,0.43
1768.1,514.2,0.435
1767.2,514.7,0.432
1766.8,514.9,0.436
1766.3,515.1,0.441
1766.7,514.9,0.428
1766.3,515.1,0.438
1766.3,515.0,0.438
1767.2,514.7,0.441
1767.7,514.5,0.438
1767.2,514.7,0.427
1768.1,514.3,0.429
1767.2,514.7,0.421
1766.8,514.9,0.433
1767.2,514.8,0.435
1767.3,514.9,0.427
1767.3,514.8,0.441
1767.2,514.8,0.426
1767.7,514.5,0.443
1767.7,514.5,0.43
1767.7,514.6,0.445
1767.2,514.8,0.439
1767.3,514.8,0.439
1768.2,514.4,0.437
1767.7,514.6,0.42
1766.8,515.0,0.427
1766.8,515.1,0.436
1767.7,514.6,0.429
1768.1,514.3,0.436
1767.2,514.6,0.432
1767.2,514.6,0.428
1768.0,514.1,0.429
1767.1,514.5,0.437
1766.6,514.6,0.425
1766.2,514.8,0.428
1766.6,514.6,0.433
1767.5,514.2,0.435
1767.5,514.2,0.447
1766.6,514.6,0.442
1767.1,514.5,0.453
1804.0,503.6,0.448
1804.0,503.5,0.441
1804.5,503.5,0.437
1803.0,503.7,0.439
1803.5,503.7,0.452
1800.8,506.9,0.447
1787.5,529.3,0.446
1794.8,535.4,0.439
1794.8,535.5,0.449
1794.8,535.5,0.445
1794.4,535.6,0.458
1794.8,535.4,0.436
1794.8,535.4,0.439
1794.8,535.5,0.423
1794.4,535.7,0.441
1795.3,535.3,0.441
1794.4,535.7,0.445
1795.8,535.2,0.437
1794.9,535.5,0.436
1795.3,535.4,0.441
1794.9,535.5,0.445
1794.9,535.6,0.433
1795.3,535.4,0.44
1794.0,536.0,0.459
1794.4,535.8,0.443
1794.4,535.8,0.439
1795.3,535.3,0.453
1795.8,535.2,0.436
1794.4,535.7,0.423
1794.9,535.6,0.42
1795.3,535.3,0.441
1793.9,535.9,0.447
1795.3,535.3,0.444
1794.8,535.4,0.436
1795.3,535.3,0.437
1794.4,535.6,0.439
1795.8,535.1,0.428
1795.3,535.3,0.441
1794.4,535.6,0.434
1795.3,535.3,0.435
1795.8,535.0,0.446
1795.3,535.2,0.435
1794.4,535.6,0.447
1794.8,535.4,0.447
1794.3,535.4,0.438
1795.2,535.1,0.451
1795.2,535.1,0.443
1794.8,535.3,0.429
1793.8,535.6,0.435
1794.3,535.5,0.433
1793.8,535.7,0.423
1793.8,535.6,0.438
1795.7,534.9,0.428
1794.3,535.5,0.435
1794.8,535.4,0.438
1794.3,535.5,0.431
1793.9,535.7,0.446
1793.9,535.8,0.425
1793.9,535.8,0.433
1794.8,535.5,0.429
1794.4,535.6,0.432
1794.4,535.6,0.439
1795.7,535.0,0.425
1794.8,535.3,0.442
1794.3,535.6,0.446
1795.3,535.2,0.443
1793.9,535.8,0.44
1795.3,535.2,0.425
1794.4,535.6,0.451
1795.3,535.3,0.436
1793.9,535.7,0.432
1795.2,535.1,0.444
1795.2,535.1,0.441
1793.9,535.7,0.445
1794.8,535.3,0.435
1793.8,535.6,0.446
1795.2,535.1,0.437
1795.2,535.1,0.433
1794.3,535.5,0.426
1794.3,535.5,0.443
1794.3,535.5,0.427
1795.2,535.1,0.436
1795.2,535.1,0.452
1795.7,534.9,0.437
1795.7,534.9,0.432
1794.3,535.5,0.446
1794.8,535.3,0.438
1794.8,535.3,0.438
1794.3,535.5,0.428
1794.3,535.5,0.43
1794.3,535.5,0.436
1794.8,535.3,0.435
1794.3,535.5,0.434
1795.3,535.2,0.435
1832.7,532.3,0.447
1832.7,532.3,0.459
1832.2,532.3,0.453
1831.7,532.4,0.442
1833.2,532.1,0.448
1832.7,532.3,0.445
1832.2,532.4,0.447
1833.2,532.3,0.44
1833.7,532.3,0.438
1833.7,532.2,0.437
1832.7,532.4,0.429
1831.7,532.6,0.451
1833.7,532.3,0.432
1832.7,532.5,0.449
1832.7,532.5,0.441
1832.7,532.5,0.449
1831.7,532.6,0.436
1822.3,550.3,0.439
1838.6,541.4,0.449
1838.1,541.6,0.443
1839.0,541.2,0.433
1837.6,541.8,0.437
1838.6,541.4,0.441
1838.1,541.6,0.435
1837.1,541.9,0.45
1839.0,541.2,0.449
1838.5,541.4,0.449
1838.5,541.3,0.425
1838.1,541.5,0.445
1838.0,541.4,0.443
1839.0,541.1,0.44
1839.0,541.0,0.428
1837.6,541.6,0.436
1838.0,541.4,0.44
1838.0,541.4,0.428
1837.6,541.6,0.445
1838.0,541.4,0.435
1838.5,541.2,0.436
1837.6,541.6,0.449
1834.8,551.2,0.444
1830.0,569.0,0.447
1825.1,585.3,0.444
1819.9,601.4,0.43
1812.5,619.5,0.427
1802.9,642.0,0.426
1800.1,649.0,0.43
1800.4,648.5,0.411
1801.3,647.4,0.427
1795.9,652.6,0.419
1796.8,652.1,0.433
1797.6,651.5,0.428
1789.5,655.3,0.423
1774.9,661.9,0.423
1753.3,671.2,0.417
1732.7,680.1,0.398
1711.6,689.2,0.402
1689.9,698.4,0.393
1666.4,709.4,0.397
1645.2,718.3,0.386
1624.6,727.3,0.373
1605.3,735.7,0.375
1590.0,741.6,0.37
1572.6,748.0,0.378
1556.8,752.9,0.379
1540.3,758.4,0.361
1523.3,762.5,0.356
1506.7,766.1,0.368
1487.0,769.9,0.346
1471.2,772.5,0.363
1453.9,774.4,0.342
1436.4,775.9,0.334
1420.5,777.0,0.33
1402.0,777.2,0.329
1384.0,776.7,0.34
1366.0,775.9,0.348
1348.6,774.2,0.319
1328.2,772.1,0.328
1305.5,768.9,0.32
1281.7,766.1,0.314
1258.8,763.8,0.304
1241.9,762.1,0.313
1223.1,759.0,0.295
1201.0,755.3,0.3
1184.2,752.4,0.292
1165.2,748.2,0.288
1142.7,743.2,0.288
1121.4,738.0,0.272
1105.4,733.9,0.274
1088.5,729.4,0.276
1071.5,723.5,0.281
1054.3,716.8,0.283
1039.6,710.5,0.281
1022.8,702.8,0.272
1008.0,695.5,0.265
990.9,686.0,0.268
972.5,676.0,0.272
952.7,664.3,0.26
932.8,653.8,0.258
911.8,642.2,0.257
891.7,630.1,0.255
870.2,618.4,0.254
848.8,607.5,0.227
829.7,597.7,0.25
806.6,585.6,0.243
787.3,576.3,0.234
764.8,565.4,0.233
743.1,554.1,0.233
721.8,543.1,0.229
701.2,532.9,0.23
679.6,522.4,0.222
659.4,512.4,0.218
637.9,501.8,0.217
615.0,490.6,0.216
592.4,480.0,0.207
571.1,469.9,0.208
550.9,460.1,0.209
534.3,451.9,0.198
514.2,443.1,0.199
493.1,432.8,0.207
493.1,432.8,0.201
493.9,433.4,0.213
494.2,433.8,0.197
494.2,433.8,0.221
494.5,434.2,0.201
494.7,434.7,0.202
495.1,436.1,0.201
495.1,435.6,0.208
495.2,435.6,0.195
494.9,438.6,0.197
494.8,438.6,0.216
494.7,438.5,0.199
494.7,438.5,0.197
494.5,439.0,0.195
493.8,439.7,0.204
492.7,440.7,0.209
492.2,440.9,0.21
498.7,437.1,0.206
498.7,437.2,0.205
515.2,431.3,0.197
529.4,426.4,0.202
545.1,423.3,0.218
565.9,417.8,0.23
589.6,411.9,0.21
612.5,406.3,0.216
633.4,401.7,0.212
652.9,397.1,0.218
670.6,394.1,0.228
690.4,391.1,0.221
706.3,389.1,0.237
725.3,388.3,0.221
741.7,387.2,0.223
761.2,386.3,0.245
777.2,386.6,0.243
795.1,387.4,0.225
813.1,388.9,0.247
831.5,390.7,0.241
848.8,393.3,0.245
866.5,396.4,0.246
883.0,400.4,0.234
900.5,404.8,0.253
920.2,410.1,0.275
942.8,416.6,0.257
963.9,423.0,0.264
984.1,428.5,0.263
1006.7,434.8,0.272
1029.5,440.7,0.267
1048.2,446.2,0.285
1067.7,450.4,0.277
1086.4,454.0,0.282
1105.7,456.8,0.267
1124.6,458.6,0.285
1142.5,460.3,0.286
1161.9,461.9,0.302
1182.4,462.3,0.301
1201.4,462.3,0.307
1220.4,461.7,0.304
1241.3,460.6,0.303
1261.3,458.8,0.298
1280.6,456.2,0.315
1299.4,453.3,0.316
1319.1,450.1,0.321
1336.2,446.4,0.319
1355.4,441.0,0.329
1376.5,434.6,0.333
1392.7,429.6,0.341
1413.1,422.7,0.336
1428.3,416.4,0.337
1445.7,408.7,0.354
1464.3,400.2,0.347
1482.0,392.0,0.341
1498.9,383.2,0.344
1517.5,372.6,0.345
1531.1,364.1,0.37
1547.6,352.9,0.365
1564.0,342.4,0.364
1579.6,330.6,0.38
1593.0,319.3,0.361
1609.5,304.1,0.378
1625.9,290.2,0.38
1641.6,275.5,0.392
1654.2,263.4,0.391
1666.6,249.6,0.394
1682.6,231.8,0.396
1695.0,217.4,0.387
1707.0,202.7,0.398
1716.7,190.0,0.393
1727.6,173.8,0.402
1738.1,156.8,0.403
1743.5,147.8,0.416
1746.5,143.2,0.398
1750.9,137.8,0.414
1750.6,138.2,0.415
1749.5,139.2,0.411
1753.1,136.5,0.404
1752.2,136.9,0.41
1751.3,137.3,0.414
1751.2,137.2,0.416
1750.7,137.1,0.397
1751.2,137.1,0.409
1750.7,137.0,0.409
1748.8,136.6,0.408
1748.8,136.6,0.414
1747.9,136.1,0.409
1754.2,140.2,0.397
1766.2,150.0,0.412
1772.8,155.4,0.417
1789.7,171.7,0.422
1806.9,187.7,0.42
1818.1,198.4,0.427
1818.0,198.5,0.412
1817.1,197.3,0.443
1820.8,205.0,0.432
1821.0,205.4,0.433
1823.3,213.0,0.422
1824.1,220.0,0.415
1826.2,233.3,0.41
1828.3,256.7,0.436
1830.0,280.1,0.429
1832.4,303.5,0.448
1835.5,328.3,0.429
1837.6,350.7,0.442
1840.2,374.5,0.427
1841.6,397.0,0.451
1843.5,415.9,0.444
1844.9,434.8,0.446
1845.8,452.8,0.439
1845.5,470.8,0.442
1845.0,488.3,0.439
1843.8,506.7,0.44
1841.8,525.6,0.439
1839.1,542.9,0.443
1835.4,561.0,0.452
1832.1,577.2,0.439
1828.2,593.7,0.43
1823.6,611.6,0.426
1818.1,627.7,0.428
1815.8,634.3,0.443
1809.5,648.4,0.434
1810.2,647.2,0.436
1811.1,646.0,0.436
1806.1,651.5,0.439
1806.1,651.6,0.43
1807.0,651.1,0.426
1807.0,651.1,0.45
1793.9,656.0,0.43
1772.5,664.3,0.419
1749.4,673.9,0.408
1726.0,683.9,0.422
1701.9,693.7,0.407
1679.3,703.2,0.409
1657.7,712.4,0.392
1638.9,720.5,0.372
1619.7,727.9,0.393
1603.2,733.6,0.394
1587.6,738.9,0.369
1569.7,743.6,0.363
1551.6,747.6,0.358
1534.6,751.3,0.374
1517.3,754.3,0.35
1499.5,756.9,0.349
1483.1,758.3,0.343
1464.6,759.9,0.337
1446.7,760.9,0.341
1428.7,761.6,0.324
1411.2,761.3,0.339
1392.7,760.9,0.324
1374.8,759.0,0.32
1356.4,756.9,0.317
1332.7,753.3,0.318
1308.8,752.0,0.318
1287.9,749.7,0.324
1264.1,746.9,0.326
1241.7,744.2,0.299
1219.4,741.4,0.322
1197.1,739.1,0.295
1178.3,736.2,0.298
1157.1,732.9,0.303
1133.9,729.1,0.286
1113.7,725.6,0.286
1096.1,721.7,0.277
1078.0,718.2,0.285
1059.2,712.9,0.28
1040.9,707.7,0.275
1023.2,702.3,0.271
1007.8,696.4,0.267
992.7,689.8,0.258
976.2,682.7,0.253
957.9,673.6,0.267
936.3,663.1,0.258
914.5,652.0,0.248
892.8,641.6,0.25
871.0,630.4,0.256
849.8,620.4,0.248
827.6,610.0,0.267
804.2,598.8,0.231
783.8,589.2,0.25
761.7,579.9,0.233
739.9,569.9,0.217
718.5,560.3,0.233
697.5,550.8,0.246
676.3,541.8,0.236
654.2,532.7,0.223
633.4,524.0,0.22
610.0,514.0,0.213
588.1,505.3,0.201
564.9,496.2,0.217
542.8,488.2,0.206
521.9,479.8,0.201
497.6,470.6,0.201
476.3,462.0,0.18
454.3,453.6,0.203
430.9,444.9,0.192
409.1,437.7,0.187
386.0,429.5,0.187
364.8,422.0,0.181
342.4,414.9,0.178
318.7,407.0,0.18
294.8,399.7,0.19
272.8,392.9,0.188
250.4,385.9,0.193
230.9,379.5,0.171
207.4,372.6,0.172
187.2,367.0,0.172
167.4,361.9,0.172
149.3,358.2,0.171
130.0,355.2,0.174
107.7,352.0,0.173
89.8,350.2,0.169
68.5,348.1,0.163
50.0,347.2,0.163
30.0,346.0,0.172
8.5,345.7,0.154
-9.4,345.4,0.153
-32.4,346.4,0.149
-55.3,347.7,0.142
-76.8,348.5,0.15
-99.7,349.8,0.16
-123.2,351.5,0.146
-147.6,353.3,0.147
-169.5,355.4,0.16
-193.5,356.7,0.138
-217.4,357.7,0.146
-240.8,359.8,0.154
-265.2,362.0,0.157
-288.0,364.8,0.137
-310.8,367.5,0.149
-335.7,370.1,0.152
-359.0,373.0,0.138
-380.3,375.9,0.133
-404.9,380.4,0.15
-429.7,383.4,0.135
-438.2,384.0,0.129
-437.7,384.0,0.143
-436.2,384.3,0.127
-441.6,383.5,0.131
-447.6,380.9,0.137
-448.4,380.3,0.122
-447.2,381.1,0.135
-447.6,380.8,0.123
-465.2,365.3,0.128
-464.9,365.7,0.125
-480.2,348.6,0.13
-496.7,331.2,0.13
-501.1,326.3,0.127
-510.5,314.0,0.143
-520.4,300.8,0.121
-529.5,285.9,0.133
-532.4,279.5,0.127
-535.5,273.2,0.134
-542.6,255.6,0.141
-548.0,240.1,0.122
-553.9,222.5,0.138
-558.1,206.6,0.13
-563.0,186.7,0.115
-566.3,170.0,0.122
-571.0,150.1,0.116
-574.4,129.4,0.117
-578.5,107.2,0.12
-580.7,90.9,0.129
-582.4,74.5,0.128
-583.7,57.1,0.127
-584.9,38.6,0.118
-585.3,19.6,0.133
-584.7,2.1,0.129
-585.0,-14.4,0.119
-583.0,-33.3,0.125
-581.6,-52.2,0.119
-578.9,-72.5,0.113
-576.4,-92.8,0.108
-573.1,-116.6,0.123
-570.0,-139.9,0.119
-567.5,-161.7,0.115
-563.8,-184.9,0.125
-561.6,-208.8,0.108
-558.5,-231.1,0.113
-555.4,-255.9,0.121
-553.3,-279.3,0.116
-551.0,-297.1,0.121
-548.2,-314.9,0.112
-545.9,-332.8,0.132
-541.5,-352.8,0.116
-536.9,-370.2,0.116
-531.3,-388.3,0.125
-526.2,-404.5,0.132
-519.1,-425.9,0.126
-511.5,-447.0,0.103
-505.0,-468.5,0.115
-498.1,-491.5,0.122
-490.1,-513.6,0.121
-483.5,-536.1,0.116
-479.2,-542.9,0.112
-456.0,-532.5,0.126
-433.3,-522.0,0.113
-409.0,-510.1,0.129
-385.9,-498.4,0.12
-379.3,-506.7,0.111
-365.4,-483.5,0.133
-351.3,-461.1,0.128
-350.3,-462.1,0.124
-338.1,-436.9,0.137
-325.4,-414.8,0.136
-323.7,-414.0,0.126
-312.7,-390.5,0.135
-300.0,-366.7,0.134
-296.5,-364.4,0.142
-285.7,-341.3,0.123
-274.5,-319.0,0.127
-261.4,-295.4,0.138
-258.7,-294.0,0.141
-246.5,-271.6,0.135
-233.8,-248.4,0.136
-219.5,-223.7,0.122
-214.7,-222.0,0.139
-210.5,-206.1,0.139
-200.7,-180.9,0.145
-189.2,-155.4,0.146
-189.7,-163.1,0.145
-184.0,-147.1,0.133
-174.7,-123.4,0.131
-164.6,-100.0,0.148
-163.2,-99.5,0.144
-158.2,-82.7,0.132
-151.6,-64.4,0.14
-142.3,-40.6,0.15
-131.7,-15.3,0.152
-120.1,6.3,0.147
-106.3,29.5,0.158
-92.6,50.4,0.141
-76.0,73.5,0.159
-60.2,96.1,0.146
-44.4,118.5,0.147
-29.6,142.3,0.148
-15.6,166.5,0.168
-1.6,189.0,0.153
13.5,210.1,0.165
30.2,232.0,0.15
47.5,254.6,0.164
63.7,277.4,0.152
79.3,298.8,0.155
95.1,320.7,0.149
111.5,341.5,0.156
128.8,365.9,0.151
144.4,387.3,0.168
161.3,410.2,0.157
176.1,431.6,0.156
192.9,454.6,0.153
207.7,476.0,0.17
224.7,499.5,0.153
241.1,522.8,0.159
256.3,545.1,0.158
273.2,568.6,0.154
282.8,582.0,0.151
295.2,598.9,0.165
311.3,619.3,0.158
328.6,642.6,0.159
341.1,659.4,0.168
355.2,672.9,0.164
374.3,692.6,0.161
392.4,712.7,0.145
411.1,734.2,0.168
424.4,749.8,0.146
430.7,758.2,0.155
436.2,764.6,0.16
443.8,774.0,0.162
444.2,774.3,0.171
449.6,781.5,0.171
450.5,782.7,0.165
449.9,781.8,0.148
455.2,788.5,0.161
456.7,790.5,0.152
455.8,789.3,0.169
456.1,789.7,0.154
456.2,789.7,0.16
455.8,789.3,0.17
455.8,789.3,0.156
455.8,789.3,0.159
456.4,790.1,0.147
455.5,788.9,0.171
456.8,790.5,0.157
456.7,790.5,0.158
456.3,790.2,0.161
455.7,789.3,0.152
456.0,789.8,0.154
456.4,790.1,0.141
456.4,790.1,0.16
455.9,789.3,0.169
456.4,790.1,0.17
455.9,789.3,0.161
455.5,788.9,0.163
456.2,789.6,0.158
456.5,790.0,0.15
456.3,789.5,0.162
457.0,790.3,0.143
456.3,789.5,0.149
456.0,789.2,0.163
456.6,790.0,0.166
457.0,790.3,0.162
455.6,788.9,0.164
456.2,789.6,0.161
456.2,789.6,0.153
456.2,789.6,0.165
455.9,789.2,0.159
455.9,789.2,0.16
455.9,789.3,0.161
456.5,790.0,0.164
455.9,789.2,0.16
456.2,789.6,0.16
455.9,789.2,0.156
456.3,789.6,0.162
456.0,789.2,0.161
456.3,789.6,0.168
456.0,789.2,0.166
456.4,789.5,0.16
457.0,790.3,0.162
456.1,789.1,0.151
456.4,789.5,0.161
456.1,789.1,0.159
456.4,789.5,0.143
457.0,790.3,0.163
456.7,789.9,0.175
456.7,789.9,0.154
456.7,789.9,0.152
456.7,789.9,0.166
456.1,789.1,0.161
455.7,788.8,0.152
462.1,798.3,0.161
462.0,798.4,0.151
461.5,797.6,0.155
462.0,798.4,0.164
461.7,798.0,0.159
461.4,797.6,0.156
461.1,797.2,0.158
460.9,796.8,0.159
462.1,798.4,0.17
460.8,796.8,0.173
462.1,798.4,0.173
461.7,798.0,0.145
460.8,796.8,0.172
461.1,797.2,0.162
461.1,797.2,0.164
461.3,797.7,0.16
461.4,797.6,0.162
461.4,797.6,0.161
461.4,797.6,0.162
461.7,798.0,0.145
461.1,797.2,0.162
461.3,797.7,0.16
461.7,798.0,0.166
461.1,797.2,0.155
461.7,798.0,0.152
462.0,798.4,0.152
461.4,797.6,0.17
461.5,797.6,0.132
461.5,797.6,0.147
461.5,797.6,0.15
461.5,797.5,0.166
461.5,797.6,0.155
461.4,797.6,0.166
461.4,797.6,0.161
461.4,797.6,0.165
461.3,797.7,0.177
461.0,797.3,0.155
461.0,797.3,0.137
461.9,798.5,0.171
461.2,797.8,0.151
460.6,797.0,0.153
461.2,797.8,0.165
461.5,798.2,0.168
460.5,797.0,0.148
461.0,797.3,0.158
460.7,796.9,0.158
461.6,798.1,0.165
461.2,797.7,0.156
461.3,797.7,0.164
461.4,797.6,0.165
461.4,797.6,0.156
461.7,798.0,0.158
461.4,797.6,0.17
461.8,797.9,0.156
461.5,797.5,0.158
461.9,797.9,0.171
461.6,797.5,0.166
461.8,797.9,0.161
461.7,798.0,0.157
461.4,797.6,0.166
461.7,798.0,0.157
461.7,798.0,0.163
446.3,763.3,0.138
446.3,763.3,0.158
446.1,762.9,0.161
445.9,762.9,0.147
446.5,763.8,0.164
446.2,763.3,0.158
446.2,762.8,0.16
446.9,764.1,0.151
446.4,763.2,0.161
446.9,764.1,0.164
446.1,762.8,0.154
446.7,763.7,0.167
446.5,763.2,0.153
446.7,763.6,0.149
446.8,763.6,0.142
446.8,763.6,0.15
446.3,762.7,0.163
446.8,763.6,0.157
447.0,764.0,0.161
446.7,763.6,0.147
447.0,764.0,0.153
446.8,763.6,0.149
446.8,763.6,0.149
446.5,763.2,0.165
446.7,763.6,0.144
446.7,763.6,0.152
447.3,764.4,0.165
446.8,763.6,0.178
446.8,763.6,0.165
446.6,763.1,0.146
446.8,763.6,0.16
447.1,764.0,0.163
446.8,763.6,0.152
446.6,763.1,0.149
446.6,763.1,0.158
446.6,763.1,0.165
446.6,763.1,0.168
447.4,764.4,0.164
446.3,762.7,0.158
447.1,764.0,0.151
447.0,764.1,0.154
447.0,764.0,0.151
447.1,764.0,0.152
447.4,764.4,0.163
446.6,763.1,0.164
446.3,762.7,0.156
446.6,763.1,0.161
447.2,763.9,0.16
447.2,763.9,0.154
446.6,763.1,0.163
446.7,763.1,0.159
447.2,763.9,0.156
446.9,763.5,0.159
446.8,763.6,0.148
446.5,763.2,0.162
446.7,763.6,0.149
446.1,762.8,0.153
446.6,763.7,0.155
446.8,764.1,0.16
447.1,764.6,0.158
446.0,762.9,0.154
446.4,763.2,0.146
447.3,764.4,0.153
447.0,764.0,0.142
446.7,763.6,0.155
446.8,763.6,0.153
446.8,763.6,0.155
446.5,763.2,0.144
446.8,763.6,0.149
446.5,763.2,0.159
446.4,762.6,0.173
447.2,763.9,0.165
446.8,763.0,0.162
447.0,763.4,0.161
447.5,764.3,0.144
447.5,764.3,0.16
447.0,763.4,0.156
447.0,763.4,0.163
447.3,763.9,0.168
446.5,762.6,0.154
447.0,763.4,0.151
447.3,763.8,0.152
447.0,763.5,0.145
446.4,762.6,0.158
446.4,762.6,0.156
446.4,762.7,0.157
447.4,764.4,0.162
446.9,763.5,0.17
433.2,730.2,0.153
432.6,728.9,0.166
433.2,730.2,0.159
432.7,729.3,0.151
433.0,729.8,0.163
433.1,730.3,0.164
432.7,729.4,0.156
432.5,728.9,0.15
432.9,730.4,0.169
432.3,729.0,0.16
432.6,729.9,0.165
432.4,729.5,0.153
432.7,729.9,0.161
432.3,729.0,0.153
432.3,729.0,0.168
432.5,729.5,0.161
432.3,729.0,0.158
432.8,730.4,0.148
432.8,730.4,0.145
432.3,729.0,0.166
432.3,729.0,0.154
432.0,728.5,0.147
432.4,729.5,0.145
432.1,728.5,0.159
432.5,729.4,0.165
432.5,729.4,0.154
432.3,729.0,0.141
432.6,729.9,0.156
432.6,729.9,0.164
432.7,730.4,0.163
432.6,729.9,0.164
432.4,730.0,0.168
432.2,729.6,0.162
432.0,729.1,0.155
431.9,728.6,0.141
432.0,729.1,0.143
432.0,729.1,0.162
432.6,730.5,0.147
432.2,729.6,0.162
432.2,729.6,0.147
432.6,730.5,0.157
431.9,728.6,0.166
432.6,730.5,0.155
432.3,729.5,0.153
432.5,730.0,0.158
431.9,728.6,0.149
432.3,729.5,0.154
432.3,729.5,0.158
432.3,729.5,0.149
432.7,730.4,0.168
432.0,728.6,0.15
432.4,729.5,0.165
432.2,729.0,0.151
432.3,729.0,0.159
432.5,729.4,0.158
432.5,729.4,0.158
432.7,729.9,0.154
432.7,729.9,0.16
432.7,729.9,0.164
432.5,729.4,0.157
432.8,730.4,0.15
432.2,729.0,0.158
432.6,729.9,0.165
432.0,728.6,0.16
432.3,729.5,0.154
432.1,729.1,0.163
432.7,730.4,0.147
432.4,729.5,0.147
432.4,729.5,0.163
432.0,728.6,0.156
432.6,730.0,0.161
432.2,729.0,0.146
432.3,729.5,0.152
432.5,730.0,0.164
432.5,730.0,0.154
432.4,729.5,0.151
432.2,729.0,0.156
432.2,729.0,0.169
432.0,728.6,0.15
432.8,730.4,0.156
432.5,729.4,0.157
432.8,729.9,0.163
432.8,729.8,0.138
432.2,728.5,0.155
432.6,729.4,0.165
432.1,728.5,0.143
432.6,729.9,0.159
432.5,729.5,0.16
432.9,730.4,0.155
432.3,729.0,0.152
432.1,728.5,0.154
432.1,728.5,0.159
432.3,729.0,0.157
432.3,729.0,0.159
432.0,728.6,0.151
432.6,730.0,0.172
432.4,730.0,0.15
432.1,729.1,0.154
425.7,692.1,0.153
426.0,693.1,0.147
426.1,693.6,0.158
426.1,693.6,0.145
426.1,693.6,0.162
426.2,693.6,0.129
426.2,693.6,0.164
426.2,693.6,0.157
426.0,693.1,0.152
425.7,692.7,0.156
425.7,692.7,0.151
425.9,693.1,0.147
425.6,692.2,0.143
425.8,693.2,0.158
426.1,694.1,0.145
425.9,693.7,0.153
425.9,693.7,0.158
425.8,693.2,0.173
425.7,693.2,0.162
425.9,693.7,0.149
425.7,693.2,0.139
425.9,693.7,0.147
425.6,692.7,0.154
426.1,694.1,0.157
425.6,692.7,0.165
425.8,693.2,0.168
425.8,693.2,0.167
425.8,693.2,0.159
425.8,693.2,0.151
426.0,693.7,0.162
425.6,692.7,0.153
426.0,693.7,0.161
425.8,693.2,0.16
425.7,692.7,0.148
425.9,693.7,0.147
425.8,693.2,0.163
426.1,694.1,0.153
425.8,693.2,0.163
426.1,694.2,0.156
425.9,693.7,0.161
425.9,693.7,0.151
425.8,693.2,0.152
426.1,694.1,0.158
426.0,693.6,0.157
426.2,694.1,0.169
425.5,692.2,0.155
425.9,693.2,0.145
425.7,692.7,0.161
425.6,692.2,0.163
425.8,692.7,0.145
426.1,693.6,0.163
426.3,694.1,0.148
426.0,693.1,0.153
425.6,692.2,0.164
426.1,693.6,0.154
425.6,692.2,0.154
426.0,693.6,0.154
425.8,693.2,0.15
425.8,692.7,0.152
425.8,692.7,0.154
426.0,693.1,0.15
426.0,693.1,0.146
425.9,693.1,0.152
426.1,693.6,0.166
426.0,693.1,0.154
425.9,693.7,0.156
425.6,692.7,0.16
425.9,693.7,0.153
425.4,692.8,0.159
425.4,692.8,0.157
425.6,693.3,0.144
425.7,693.8,0.16
425.2,692.3,0.149
425.7,693.7,0.157
425.6,693.3,0.146
425.6,693.3,0.141
426.0,694.2,0.157
425.7,693.7,0.163
425.7,693.7,0.145
425.4,692.8,0.144
425.7,693.7,0.151
425.6,693.3,0.146
425.6,693.3,0.157
425.9,694.2,0.162
425.5,693.3,0.158
425.9,694.2,0.142
425.7,693.7,0.141
425.6,693.2,0.147
425.3,692.3,0.143
425.8,693.7,0.153
422.1,657.4,0.138
421.9,655.9,0.155
421.9,656.4,0.138
421.9,656.4,0.148
421.7,655.4,0.147
421.9,655.9,0.151
422.2,656.9,0.149
422.0,655.9,0.157
422.0,655.9,0.164
422.2,656.9,0.177
421.8,655.4,0.168
422.3,657.3,0.168
422.1,656.4,0.143
422.1,656.4,0.146
421.8,655.4,0.169
422.1,656.4,0.151
422.2,656.9,0.158
422.1,656.4,0.149
422.3,657.3,0.152
422.2,656.9,0.152
422.1,656.4,0.143
422.1,656.4,0.149
422.2,656.3,0.153
422.4,657.3,0.154
422.2,656.8,0.153
422.2,656.3,0.148
422.1,655.9,0.155
421.7,655.9,0.149
421.9,656.9,0.158
422.1,657.4,0.16
421.8,655.9,0.146
421.7,655.4,0.153
421.9,656.4,0.153
422.0,656.4,0.153
421.9,655.9,0.141
421.8,655.4,0.149
422.1,656.4,0.154
422.0,655.9,0.165
422.1,656.4,0.143
422.2,656.9,0.161
422.1,656.4,0.159
422.1,656.4,0.158
422.1,656.9,0.155
422.0,656.4,0.147
421.9,655.9,0.14
422.2,657.4,0.152
422.2,657.4,0.158
422.2,656.4,0.15
422.2,656.4,0.141
422.4,657.3,0.156
421.9,655.4,0.152
422.3,656.3,0.162
422.4,656.3,0.163
422.7,657.3,0.155
422.2,655.3,0.138
422.3,655.8,0.145
422.4,656.3,0.157
422.2,655.3,0.167
571.4,1153.6,0.178
568.6,1156.1,0.162
592.9,1147.0,0.161
617.8,1139.6,0.185
641.3,1130.9,0.168
667.1,1123.2,0.175
690.8,1113.8,0.183
714.6,1106.1,0.183
738.6,1097.5,0.183
764.2,1088.9,0.187
765.2,1088.9,0.183
789.9,1085.1,0.198
815.6,1081.4,0.197
842.5,1075.8,0.184
844.5,1075.1,0.184
869.8,1072.2,0.203
896.6,1068.9,0.188
898.5,1067.7,0.204
924.9,1066.8,0.191
948.9,1065.5,0.21
976.3,1063.5,0.196
1003.1,1060.3,0.203
1027.9,1057.4,0.21
1053.1,1053.0,0.235
1079.8,1049.1,0.224
1105.4,1045.0,0.225
1134.2,1041.0,0.218
1164.5,1037.8,0.225
1190.8,1034.9,0.229
1220.8,1033.0,0.229
1247.6,1030.6,0.23
1271.9,1027.0,0.24
1299.1,1023.8,0.237
1324.4,1020.3,0.256
1350.9,1015.5,0.236
1376.4,1010.4,0.279
1401.0,1005.8,0.268
1429.2,999.6,0.266
1452.9,993.3,0.254
1478.1,986.8,0.272
1503.0,979.4,0.281
1527.9,970.2,0.262
1553.3,961.1,0.279
1575.8,952.9,0.282
1601.0,943.1,0.294
1624.4,933.1,0.291
1648.5,922.2,0.278
1672.1,911.3,0.295
1695.3,899.6,0.299
1718.6,887.0,0.31
1740.0,875.0,0.314
1762.3,860.8,0.313
1784.0,846.4,0.31
1805.7,830.3,0.328
1826.2,813.5,0.33
1837.2,796.5,0.309
1837.1,797.0,0.322
1837.0,797.0,0.337
2178.3,232.7,0.36
2178.5,232.2,0.352
2178.3,232.7,0.354
2178.2,233.1,0.368
2178.1,233.1,0.368
2178.3,232.7,0.353
2178.2,232.6,0.345
2177.9,233.6,0.356
2178.1,233.1,0.366
2178.2,232.6,0.355
2178.4,232.2,0.354
2178.3,232.7,0.364
2178.1,233.1,0.361
2178.3,232.7,0.369
2178.2,232.6,0.357
2178.4,232.2,0.375
2178.5,232.2,0.354
2178.5,232.2,0.347
2178.4,232.7,0.36
2178.4,232.7,0.354
2178.5,232.2,0.349
2178.3,232.7,0.375
2178.3,232.7,0.345
2178.0,233.6,0.364
2002.2,940.8,0.378
1996.7,944.2,0.368
2019.3,931.3,0.378
2042.6,917.6,0.391
2051.4,919.4,0.385
2063.8,896.6,0.389
2076.7,875.1,0.38
2089.4,853.6,0.397
2103.8,832.6,0.394
2105.6,829.6,0.413
2106.2,827.7,0.387
2106.2,827.7,0.394
2106.2,827.7,0.395
2105.7,829.1,0.384
2105.8,829.1,0.385
2106.2,828.2,0.415
2105.7,829.6,0.389
2106.2,828.2,0.385
2105.8,829.1,0.388
2105.9,828.6,0.411
2105.8,829.1,0.393
2105.9,828.6,0.385
2105.9,828.6,0.382
2106.1,828.2,0.406
2105.9,828.6,0.388
2106.2,827.7,0.379
2105.5,829.6,0.409
2106.1,828.2,0.393
2105.8,829.1,0.386
2105.6,829.6,0.406
2106.1,828.2,0.387
2105.8,828.6,0.392
2105.8,828.6,0.402
2105.8,828.6,0.389
2105.9,828.1,0.392
2105.9,828.1,0.404
2105.4,829.5,0.388
2105.7,829.1,0.386
2105.7,829.1,0.396
2106.0,828.1,0.394
2105.9,828.6,0.397
2105.7,829.1,0.401
2105.8,828.6,0.4
2106.2,827.7,0.397
2105.9,828.1,0.389
2105.4,829.5,0.399
2105.9,828.1,0.394
2106.0,827.6,0.392
2105.6,829.0,0.406
2105.5,829.0,0.405
2105.6,829.0,0.395
2105.6,829.0,0.387
2106.1,827.6,0.373
2105.7,828.6,0.399
2106.0,827.6,0.404
2105.5,829.0,0.399
2105.5,829.0,0.385
2105.6,828.5,0.393
2105.4,829.0,0.397
2105.4,829.0,0.378
2105.3,829.5,0.392
2105.5,829.0,0.398
2105.7,828.6,0.392
2105.8,828.6,0.392
2105.9,828.1,0.394
2105.8,828.6,0.391
2106.0,828.1,0.399
2106.1,827.6,0.386
2105.5,829.0,0.39
2105.7,828.5,0.396
2105.5,829.0,0.392
2105.3,829.5,0.41
2105.6,828.5,0.391
2105.3,829.5,0.388
2105.7,828.5,0.393
2105.4,829.0,0.4
2105.6,828.5,0.39
2105.7,828.0,0.395
2105.6,828.5,0.399
2105.7,828.0,0.39
2105.4,829.0,0.396
2105.9,828.1,0.411
2105.9,828.1,0.387
2105.9,828.1,0.388
2106.0,828.1,0.393
2105.8,828.6,0.408
2105.9,828.6,0.401
2105.8,828.6,0.411
2105.8,828.6,0.403
2105.8,828.6,0.398
2105.6,829.1,0.398
2173.4,214.6,0.36
2173.2,215.0,0.37
2173.3,215.0,0.365
2173.4,215.1,0.359
2173.3,215.1,0.372
2173.0,216.0,0.356
2173.2,215.5,0.357
2173.0,216.0,0.347
2173.0,216.0,0.36
2173.6,214.6,0.367
2173.1,216.0,0.357
2173.3,215.6,0.352
2172.9,216.5,0.364
2173.1,216.0,0.345
2173.5,215.1,0.366
2173.4,215.1,0.361
2173.4,215.1,0.38
2172.8,216.5,0.368
2173.1,215.5,0.376
2173.3,215.0,0.352
2172.9,216.0,0.367
2173.0,215.5,0.353
2173.1,215.5,0.361
2173.0,215.5,0.351
2173.0,215.5,0.362
2173.4,214.5,0.353
2173.2,215.0,0.351
2173.2,215.0,0.365
2172.7,216.4,0.356
2173.3,215.0,0.363
2172.6,216.4,0.344
2172.9,215.4,0.352
2172.8,215.9,0.363
2172.7,215.9,0.368
2172.6,216.4,0.358
2173.0,215.4,0.373
2173.0,215.4,0.375
2173.0,215.4,0.359
2172.7,215.9,0.352
2172.8,215.9,0.366
2172.6,216.4,0.376
2173.0,215.5,0.374
2172.8,215.9,0.369
2173.0,215.5,0.338
2172.8,215.9,0.35
2173.4,214.5,0.363
2172.6,216.4,0.348
2172.6,216.4,0.368
2173.1,215.0,0.351
2173.1,215.0,0.348
2173.3,214.5,0.354
2173.0,215.5,0.353
2176.8,204.1,0.117
2181.1,188.7,0.129
2184.3,174.0,0.122
2186.5,158.7,0.122
2188.1,142.3,0.11
2189.6,123.8,0.104
2190.2,107.3,0.111
2189.7,89.9,0.107
2188.5,71.4,0.117
2187.1,55.0,0.105
2184.3,35.7,0.106
2181.5,18.4,0.114
2177.4,-1.1,0.105
2172.8,-20.1,0.111
2168.0,-37.9,0.094
2162.6,-54.6,0.116
2157.4,-68.7,0.11
2150.6,-83.2,0.116
2143.3,-96.8,0.117
2134.4,-112.5,0.116
2124.0,-127.7,0.099
2114.3,-141.7,0.1
2103.7,-157.4,0.1
2092.3,-172.0,0.107
2081.1,-184.1,0.097
2068.9,-197.3,0.101
2056.5,-210.3,0.103
2041.5,-223.6,0.098
2028.6,-233.8,0.085
2013.5,-244.6,0.107
1998.8,-255.0,0.115
1982.8,-265.2,0.097
1967.4,-274.5,0.095
1951.1,-283.2,0.101
1934.8,-290.8,0.11
1918.0,-298.4,0.08
1902.1,-304.5,0.101
1882.7,-311.2,0.094
1861.0,-317.0,0.098
1842.4,-322.8,0.103
1821.7,-328.7,0.089
1798.9,-334.2,0.095
1778.1,-339.7,0.078
1755.5,-343.8,0.1
1734.5,-348.5,0.09
1717.9,-352.2,0.093
1693.3,-356.4,0.097
1671.5,-358.8,0.104
1648.2,-361.9,0.098
1626.1,-366.1,0.091
1601.9,-370.1,0.1
1578.1,-373.1,0.11
1555.3,-376.1,0.116
1533.0,-378.9,0.101
1508.7,-381.6,0.092
1485.9,-384.8,0.094
1462.1,-387.8,0.096
1438.7,-390.1,0.099
1416.3,-391.9,0.093
1391.5,-394.5,0.081
1369.1,-397.3,0.09
1347.3,-399.5,0.089
1323.9,-402.0,0.081
1297.4,-403.7,0.093
1275.5,-405.3,0.106
1251.6,-406.9,0.091
1228.2,-408.6,0.091
1204.7,-410.0,0.1
1180.8,-411.6,0.079
1158.3,-412.7,0.097
1133.4,-414.6,0.085
1109.9,-415.1,0.09
1086.9,-416.1,0.084
1063.4,-416.4,0.088
1041.5,-417.6,0.089
1017.0,-418.4,0.094
992.0,-419.8,0.09
969.6,-420.1,0.087
946.1,-420.5,0.086
920.1,-420.1,0.084
898.6,-420.2,0.09
874.1,-420.1,0.088
851.6,-420.7,0.086
827.1,-420.5,0.103
803.6,-420.3,0.109
780.2,-419.7,0.094
757.2,-419.6,0.085
733.2,-419.6,0.089
710.7,-418.7,0.088
687.7,-418.1,0.092
665.3,-416.8,0.084
642.3,-416.3,0.072
617.4,-414.6,0.085
593.9,-413.2,0.083
569.0,-411.4,0.096
544.5,-409.9,0.088
521.6,-408.2,0.085
497.3,-405.4,0.07
473.9,-403.5,0.081
448.5,-401.3,0.079
426.5,-399.4,0.07
408.8,-396.5,0.09
388.6,-393.2,0.093
366.9,-389.4,0.079
349.8,-385.7,0.084
329.4,-380.6,0.094
314.0,-376.3,0.078
295.8,-370.8,0.081
275.9,-364.3,0.077
255.7,-357.0,0.081
239.0,-350.1,0.082
218.2,-340.5,0.08
200.0,-332.1,0.077
185.1,-324.1,0.073
169.5,-315.1,0.094
151.0,-304.1,0.077
134.6,-293.6,0.069
118.7,-282.3,0.074
99.9,-269.0,0.098
85.2,-257.8,0.094
70.8,-245.5,0.093
57.4,-233.6,0.086
43.9,-220.9,0.083
29.0,-206.1,0.09
13.5,-190.5,0.086
0.3,-175.5,0.086
-12.6,-160.2,0.088
-23.5,-147.2,0.082
-37.3,-129.4,0.094
-47.6,-115.2,0.091
-56.2,-101.8,0.083
-66.2,-85.6,0.08
-74.6,-70.3,0.093
-82.5,-53.5,0.1
-89.2,-41.3,0.083
-97.8,-24.3,0.092
-101.4,-17.2,0.098
-100.6,-18.4,0.1
-106.8,-8.8,0.084
-110.2,-4.4,0.089
-118.3,5.7,0.084
-117.6,5.0,0.084
-116.8,4.4,0.083
-117.2,4.7,0.083
-116.3,4.2,0.099
-114.9,3.8,0.103
-113.9,3.6,0.077
-125.8,4.8,0.094
-135.8,5.5,0.092
-149.7,6.7,0.083
-159.7,7.2,0.087
-166.2,7.0,0.088
-185.2,6.7,0.093
-196.2,7.5,0.086
-202.2,7.1,0.103
-215.6,6.1,0.091
-240.5,3.3,0.085
-261.7,-0.1,0.094
-279.1,-2.2,0.092
-298.3,-5.0,0.084
-315.6,-7.9,0.081
-331.7,-11.3,0.086
-348.7,-15.7,0.089
-366.9,-20.9,0.077
-383.6,-26.2,0.078
-399.5,-32.4,0.07
-415.6,-39.2,0.081
-430.9,-46.5,0.085
-447.0,-54.4,0.076
-462.4,-62.8,0.073
-477.1,-71.3,0.097
-493.6,-81.6,0.075
-506.9,-90.5,0.068
-521.8,-100.7,0.082
-537.7,-113.6,0.076
-556.5,-128.5,0.083
-575.9,-143.5,0.074
-594.8,-157.3,0.077
-613.7,-171.4,0.069
-633.0,-185.6,0.075
-651.3,-199.6,0.07
-670.0,-212.9,0.089
-690.0,-226.9,0.084
-706.9,-239.5,0.077
-725.0,-253.6,0.072
-742.1,-266.7,0.063
-760.1,-279.2,0.062
-778.8,-290.9,0.066
-795.6,-300.7,0.067
-815.3,-311.6,0.073
-834.7,-321.9,0.065
-853.3,-331.7,0.076
-873.6,-340.1,0.061
-893.0,-349.4,0.069
-915.6,-360.0,0.075
-935.8,-369.9,0.07
-954.0,-378.3,0.071
-976.2,-387.4,0.067
-995.2,-394.9,0.081
-1017.3,-402.9,0.069
-1036.4,-410.4,0.077
-1060.4,-418.7,0.071
-1081.4,-425.4,0.061
-1102.3,-432.2,0.066
-1126.1,-439.8,0.067
-1146.2,-445.8,0.062
-1168.2,-452.3,0.076
-1189.3,-458.8,0.064
-1211.6,-466.1,0.069
-1231.9,-471.4,0.072
-1252.7,-476.8,0.073
-1269.4,-479.9,0.048
-1286.7,-482.4,0.06
-1306.8,-486.1,0.049
-1326.7,-488.3,0.063
-1348.1,-490.1,0.063
-1368.1,-491.2,0.066
-1387.6,-492.0,0.074
-1406.6,-491.6,0.068
-1429.6,-490.9,0.073
-1449.5,-489.2,0.055
-1467.4,-487.6,0.06
-1485.3,-485.6,0.06
-1506.1,-482.6,0.061
-1526.7,-478.8,0.062
-1549.8,-474.6,0.062
-1568.3,-470.1,0.053
-1586.2,-465.3,0.063
-1605.0,-460.2,0.067
-1621.1,-454.7,0.064
-1639.6,-447.2,0.059
-1657.7,-439.9,0.073
-1677.5,-431.5,0.06
-1698.1,-421.4,0.066
-1718.0,-412.1,0.059
-1740.1,-401.5,0.066
-1763.0,-391.4,0.064
-1784.6,-380.0,0.054
-1805.4,-370.2,0.058
-1825.5,-360.0,0.063
-1847.1,-348.5,0.07
-1867.5,-339.1,0.056
-1888.8,-328.0,0.056
-1902.1,-321.1,0.053
-1901.1,-321.3,0.053
-1909.4,-319.6,0.054
-1908.9,-319.6,0.055
-1909.4,-319.5,0.058
-1915.4,-319.5,0.056
-1922.7,-321.1,0.06
-1930.0,-322.9,0.058
-1931.0,-323.1,0.058
-1930.1,-322.7,0.06
-1928.8,-321.9,0.057
-1934.8,-327.3,0.05
-1951.5,-340.8,0.073
-1969.7,-355.6,0.058
-1989.5,-371.7,0.061
-2007.3,-386.2,0.058
-2024.7,-402.0,0.063
-2036.0,-411.1,0.038
-2053.5,-426.0,0.051
-2060.6,-433.0,0.07
-2072.9,-446.1,0.045
-2077.5,-451.4,0.07
-2084.2,-460.8,0.054
-2090.6,-469.7,0.055
-2090.2,-469.3,0.053
-2089.8,-468.4,0.066
-2089.8,-467.4,0.059
-2090.0,-466.4,0.053
-2090.1,-466.9,0.039
-2089.9,-467.4,0.052
-2090.2,-466.4,0.064
-2090.6,-465.5,0.041
-2091.3,-464.2,0.047
-2091.3,-464.2,0.062
-2090.9,-464.5,0.062
-2092.6,-463.4,0.06
-2085.7,-467.5,0.053
-2064.6,-478.8,0.06
-2043.5,-491.3,0.07
-2023.7,-503.0,0.059
-2004.3,-513.4,0.061
-1989.1,-521.9,0.058
-1979.1,-526.6,0.056
-1962.6,-533.7,0.048
-1945.8,-540.2,0.037
-1940.7,-542.1,0.055
-1930.3,-543.7,0.053
-1911.4,-546.0,0.048
-1893.6,-548.1,0.056
-1877.2,-549.7,0.053
-1860.7,-550.8,0.042
-1842.7,-551.5,0.052
-1824.7,-551.0,0.056
-1805.2,-550.9,0.056
-1784.3,-550.0,0.053
-1761.8,-549.0,0.059
-1738.3,-548.0,0.06
-1718.4,-546.5,0.073
-1700.4,-545.1,0.057
-1681.1,-542.8,0.052
-1663.9,-539.8,0.051
-1645.2,-536.0,0.061
-1627.8,-531.4,0.059
-1612.4,-527.3,0.075
-1596.0,-522.7,0.063
-1578.3,-517.3,0.057
-1562.8,-511.9,0.048
-1543.2,-504.3,0.06
-1524.6,-496.9,0.056
-1503.2,-487.4,0.065
-1481.9,-478.7,0.07
-1460.5,-470.1,0.065
-1439.0,-462.2,0.062
-1416.9,-452.9,0.059
-1392.2,-443.2,0.073
-1370.3,-434.7,0.064
-1348.5,-426.0,0.062
-1326.3,-418.1,0.065
-1303.5,-409.4,0.072
-1279.3,-401.3,0.075
-1258.0,-393.9,0.064
-1236.3,-386.2,0.064
-1213.1,-378.6,0.068
-1191.3,-371.3,0.083
-1169.9,-364.1,0.063
-1147.1,-357.0,0.074
-1124.7,-349.7,0.058
-1099.8,-342.1,0.067
-1078.0,-335.1,0.074
-1056.8,-329.2,0.069
-1033.0,-321.5,0.076
-1010.7,-314.1,0.083
-987.5,-307.8,0.063
-966.7,-302.4,0.072
-944.2,-295.7,0.077
-921.3,-290.3,0.066
-899.0,-284.8,0.058
-876.2,-279.4,0.067
-854.7,-272.6,0.071
-831.2,-267.9,0.066
-808.8,-262.7,0.083
-784.9,-257.5,0.077
-763.2,-251.6,0.083
-740.6,-247.1,0.061
-716.5,-242.6,0.076
-691.4,-238.6,0.084
-670.3,-234.7,0.078
-648.6,-230.6,0.068
-626.6,-226.1,0.078
-607.8,-223.0,0.073
-587.5,-220.5,0.075
-565.1,-218.9,0.07
-546.2,-217.1,0.08
-523.2,-215.8,0.086
-507.2,-215.4,0.086
-484.8,-215.8,0.084
-466.3,-217.2,0.078
-444.5,-219.0,0.076
-425.5,-220.7,0.084
-402.7,-223.5,0.081
-380.4,-225.9,0.07
-356.6,-229.2,0.068
-332.2,-231.3,0.074
-309.0,-234.6,0.078
-286.6,-236.7,0.082
-263.8,-239.6,0.086
-240.7,-243.6,0.069
-216.4,-247.0,0.094
-194.8,-251.0,0.079
-170.7,-254.9,0.078
-146.1,-259.6,0.084
-121.6,-264.3,0.074
-100.0,-268.4,0.08
-77.1,-273.6,0.078
-55.0,-278.3,0.086
-30.9,-282.3,0.084
-7.9,-287.4,0.081
18.8,-293.9,0.088
41.7,-299.0,0.067
64.2,-303.7,0.084
87.1,-308.8,0.083
109.5,-314.3,0.087
132.7,-320.3,0.082
156.0,-326.1,0.075
180.1,-332.7,0.085
203.3,-338.9,0.079
225.1,-344.3,0.08
246.6,-350.9,0.087
271.1,-358.0,0.084
293.6,-364.5,0.097
316.3,-370.6,0.072
340.9,-377.5,0.086
363.4,-384.2,0.075
385.9,-391.0,0.066
407.7,-398.3,0.091
431.0,-405.8,0.078
454.3,-413.2,0.103
474.6,-420.4,0.083
498.2,-428.4,0.083
520.1,-435.5,0.09
541.8,-443.0,0.085
564.2,-450.1,0.096
586.7,-458.6,0.091
609.3,-466.6,0.079
631.5,-474.2,0.079
654.2,-482.0,0.091
675.6,-490.5,0.079
696.8,-498.1,0.088
721.3,-508.2,0.094
742.4,-515.9,0.069
758.9,-521.7,0.094
781.1,-529.4,0.081
804.2,-535.9,0.083
825.2,-544.0,0.08
847.1,-552.3,0.096
869.7,-560.5,0.088
890.9,-568.0,0.088
914.3,-576.8,0.078
932.7,-583.1,0.079
949.9,-588.6,0.102
966.8,-593.1,0.063
985.2,-597.5,0.075
1003.2,-602.1,0.093
1019.4,-604.9,0.082
1037.8,-607.2,0.065
1054.2,-608.9,0.088
1073.1,-610.7,0.083
1091.5,-612.1,0.069
1109.5,-612.9,0.081
1125.5,-612.6,0.089
1143.5,-611.9,0.087
1161.9,-610.8,0.087
1184.3,-609.1,0.082
1205.3,-608.1,0.084
1229.7,-605.5,0.083
1252.1,-604.0,0.09
1276.0,-602.3,0.084
1299.4,-599.8,0.081
1322.8,-598.2,0.078
1339.3,-597.1,0.086
1359.1,-594.5,0.082
1379.0,-592.5,0.071
1395.3,-590.1,0.088
1415.4,-586.3,0.101
1431.3,-581.9,0.085
1446.7,-577.5,0.074
1466.3,-571.8,0.088
1485.4,-565.7,0.095
1505.8,-558.9,0.094
1527.5,-551.5,0.094
1548.9,-544.4,0.093
1570.5,-538.2,0.081
1594.9,-530.8,0.08
1616.4,-524.4,0.103
1638.4,-517.5,0.095
1661.9,-510.9,0.087
1683.1,-504.9,0.094
1707.2,-498.2,0.095
1729.7,-491.6,0.102
1752.8,-485.1,0.106
1774.9,-478.8,0.088
1798.0,-472.3,0.093
1819.6,-466.0,0.1
1843.9,-460.2,0.109
1867.8,-454.9,0.097
1890.7,-449.4,0.091
1912.4,-443.7,0.082
1935.4,-438.8,0.084
1950.4,-434.8,0.096
1973.1,-429.1,0.104
1995.3,-423.1,0.091
2004.0,-420.7,0.09
2002.6,-421.3,0.104
2001.5,-422.3,0.093
2002.8,-421.5,0.086
2015.0,-411.2,0.095
2023.2,-404.7,0.094
2033.3,-396.5,0.104
2038.0,-391.3,0.082
2054.6,-375.4,0.089
2071.0,-359.3,0.098
2081.4,-348.5,0.098
2097.7,-332.2,0.087
2102.5,-327.8,0.097
2113.8,-313.9,0.1
2124.0,-300.2,0.09
2130.9,-289.9,0.096
2132.7,-286.3,0.094
2137.6,-275.3,0.105
2141.7,-265.1,0.11
2147.1,-249.0,0.093
2152.1,-230.7,0.111
2155.6,-215.6,0.094
2159.0,-199.0,0.088
2162.7,-178.3,0.095
2165.5,-161.0,0.113
2168.7,-138.8,0.109
2171.1,-119.4,0.097
2174.1,-95.6,0.109
2175.7,-76.2,0.101
2176.8,-56.7,0.109
2178.2,-39.8,0.12
2178.7,-23.3,0.093
2178.7,-5.8,0.099
2177.0,11.6,0.101
2176.0,29.1,0.1
2174.5,48.0,0.1
2171.8,65.8,0.105
2168.9,82.0,0.134
2165.0,100.1,0.113
2161.5,115.7,0.117
2157.1,132.1,0.1
2151.3,149.7,0.117
2145.8,165.2,0.131
2139.5,181.0,0.12
2129.9,202.4,0.122
2121.5,224.4,0.125
2112.4,247.7,0.116
2104.0,270.7,0.131
2094.7,292.2,0.124
2086.1,315.7,0.127
2078.6,338.5,0.119
2070.7,360.7,0.126
2063.3,382.4,0.127
2055.8,405.2,0.13
2048.5,426.5,0.124
2040.2,450.0,0.111
2033.0,472.4,0.145
2024.1,495.2,0.133
2016.7,517.5,0.127
2011.4,532.1,0.135
2008.4,538.9,0.14
2008.7,538.5,0.136
2004.6,544.8,0.132
1999.2,550.7,0.134
1989.4,561.4,0.14
1976.3,575.1,0.136
1964.6,587.5,0.139
1948.6,603.2,0.144
1938.1,612.5,0.131
1926.6,624.3,0.143
1909.8,639.2,0.14
1899.3,648.5,0.149
1889.7,654.9,0.149
1879.3,660.9,0.137
1870.0,665.7,0.147
1853.1,673.2,0.142
1837.0,680.0,0.129
1820.5,685.7,0.137
1804.1,692.0,0.155
1788.3,696.8,0.139
1771.5,701.4,0.153
1754.3,706.7,0.151
1737.2,710.8,0.156
1719.0,713.8,0.15
1701.8,716.9,0.161
1680.5,719.5,0.15
1658.1,722.0,0.15
1637.7,723.7,0.153
1617.3,725.8,0.156
1599.9,727.6,0.146
1583.5,729.1,0.156
1567.6,731.1,0.159
1552.3,733.8,0.151
1535.8,737.6,0.138
1521.5,742.1,0.152
1505.4,747.8,0.154
1490.4,753.3,0.159
1475.6,760.5,0.149
1462.5,767.8,0.157
1448.8,776.1,0.158
1436.0,784.8,0.14
1422.6,795.2,0.139
1410.0,805.1,0.148
1397.9,816.4,0.148
1388.1,826.3,0.16
1377.0,839.1,0.165
1366.6,853.2,0.151
1358.4,865.1,0.164
1349.5,879.6,0.152
1342.3,892.8,0.15
1335.6,906.7,0.143
1329.3,920.9,0.161
1323.5,936.3,0.155
1319.3,951.2,0.165
1314.8,967.1,0.157
1312.1,981.3,0.159
1309.0,1000.1,0.158
1307.5,1016.5,0.144
1306.2,1035.0,0.16
1305.7,1052.9,0.156
1305.6,1070.9,0.171
1307.1,1087.9,0.168
1308.9,1106.3,0.17
1311.1,1123.1,0.169
1314.7,1141.7,0.184
1317.9,1157.9,0.18
1323.9,1176.5,0.165
1329.1,1192.6,0.172
1334.6,1209.2,0.178
1342.2,1226.6,0.182
1349.9,1242.9,0.172
1357.3,1258.8,0.186
1366.8,1275.2,0.194
1376.7,1291.5,0.177
1387.3,1306.6,0.183
1398.7,1323.0,0.195
1408.7,1336.1,0.185
1422.4,1352.7,0.186
1433.7,1366.0,0.208
1447.7,1381.7,0.189
1460.6,1394.3,0.207
1474.7,1409.8,0.193
1489.8,1423.7,0.2
1503.4,1435.4,0.217
1519.1,1448.5,0.216
1532.9,1459.3,0.201
1551.1,1472.6,0.217
1565.3,1481.8,0.223
1582.4,1492.2,0.207
1599.3,1502.8,0.188
1617.6,1513.1,0.217
1634.8,1522.3,0.209
1655.3,1531.6,0.212
1673.7,1539.3,0.203
1691.2,1546.8,0.213
1712.4,1554.4,0.217
1732.2,1562.5,0.218
1754.6,1571.1,0.221
1775.9,1578.5,0.21
1799.6,1586.2,0.218
1822.1,1593.2,0.255
1845.5,1602.0,0.248
1867.7,1609.7,0.221
1886.6,1616.2,0.232
1909.6,1623.0,0.242
1930.0,1629.6,0.242
1953.1,1636.3,0.254
1976.2,1642.6,0.239
1998.7,1649.5,0.232
2020.0,1655.0,0.235
2035.9,1659.2,0.23
2043.0,1661.6,0.239
2057.7,1668.0,0.227
2071.3,1674.4,0.223
2086.5,1682.0,0.224
2105.5,1691.9,0.236
2119.0,1699.6,0.252
2134.7,1709.4,0.231
2153.7,1721.4,0.25
2166.4,1730.3,0.248
2179.2,1739.0,0.245
2184.8,1744.0,0.243
2192.4,1751.9,0.236
2197.4,1757.5,0.256
2202.3,1765.1,0.242
2212.2,1780.1,0.253
2223.5,1797.7,0.245
2232.5,1812.2,0.252
2242.7,1828.2,0.257
2252.5,1847.3,0.271
2260.5,1861.7,0.259
2269.8,1882.2,0.272
2276.4,1896.3,0.27
2280.9,1907.4,0.272
2288.0,1927.6,0.283
2293.6,1943.7,0.274
2295.5,1948.8,0.28
2298.8,1967.0,0.275
2302.2,1987.3,0.279
2303.4,1996.2,0.279
2305.1,2014.6,0.278
2306.3,2033.0,0.279
2306.7,2054.5,0.289
2306.5,2073.0,0.294
2306.7,2093.0,0.299
2306.2,2113.5,0.309
2305.4,2130.0,0.309
2303.3,2147.9,0.311
2301.5,2164.8,0.31
2299.1,2183.1,0.315
2295.9,2204.3,0.323
2292.7,2221.5,0.322
2288.9,2239.1,0.318
2284.3,2257.0,0.327
2279.4,2272.7,0.321
2273.7,2289.3,0.333
2266.8,2306.4,0.327
2260.4,2322.2,0.339
2251.7,2340.7,0.354
2242.8,2359.1,0.349
2233.5,2376.9,0.356
2222.4,2399.8,0.357
2212.4,2421.1,0.375
2202.6,2441.9,0.356
2191.5,2465.4,0.362
2182.4,2485.9,0.389
2172.9,2505.7,0.383
2163.1,2529.3,0.382
2152.8,2552.0,0.389
2142.5,2573.1,0.402
2133.5,2593.2,0.4
2123.3,2616.6,0.41
2114.3,2637.7,0.423
2104.2,2660.0,0.417
2095.6,2680.8,0.423
2086.7,2703.6,0.431
2077.6,2724.2,0.452
2067.9,2745.6,0.444
2058.9,2767.3,0.453
2051.2,2787.3,0.461
2043.3,2809.4,0.476
2035.2,2832.0,0.466
2030.4,2849.4,0.474
2024.9,2868.1,0.472
2020.2,2888.0,0.495
2015.4,2909.0,0.507
2011.2,2928.5,0.491
2007.3,2948.6,0.503
2004.0,2967.3,0.492
2001.5,2989.7,0.521
1999.1,3010.0,0.517
1997.2,3028.9,0.526
1995.6,3050.9,0.528
1995.1,3073.4,0.549
1994.7,3094.4,0.555
1994.5,3114.3,0.553
1994.8,3134.3,0.571
1995.6,3154.8,0.56
1997.1,3174.8,0.567
1999.1,3192.1,0.581
2002.0,3209.8,0.582
2005.1,3226.6,0.594
2010.1,3249.0,0.605
2015.2,3270.9,0.622
2021.1,3292.1,0.613
2027.3,3315.8,0.639
2032.4,3337.7,0.646
2038.9,3360.3,0.649
2045.7,3385.4,0.671
2051.5,3407.1,0.67
2057.9,3430.2,0.666
2065.0,3454.2,0.691
2071.1,3475.8,0.711
2077.4,3500.0,0.697
2084.1,3521.5,0.716
2090.5,3543.6,0.733
2097.9,3566.9,0.739
2105.1,3588.8,0.735
2112.5,3612.1,0.767
2120.5,3635.2,0.773
2122.4,3642.5,0.765
2123.0,3648.4,0.767
2123.0,3649.5,0.761
2123.0,3648.0,0.77
2123.2,3647.0,0.76
2123.1,3647.5,0.762
2119.6,3655.2,0.764
2116.8,3661.1,0.767
2117.3,3660.2,0.766
2117.7,3659.9,0.773
2112.9,3664.2,0.772
2112.4,3664.5,0.777
2113.3,3664.0,0.752
2107.4,3666.6,0.787
2099.9,3669.7,0.764
2077.3,3677.4,0.767
2056.2,3685.3,0.789
2034.0,3693.0,0.784
2012.4,3700.8,0.805
1996.4,3706.5,0.787
1973.6,3714.1,0.797
1954.7,3720.7,0.802
1934.4,3727.7,0.809
1917.9,3731.7,0.794
1901.4,3735.7,0.784
1883.8,3739.6,0.786
1867.5,3742.2,0.784
1849.7,3744.5,0.786
1833.3,3746.0,0.771
1815.3,3746.7,0.793
1796.8,3747.3,0.776
1780.3,3747.0,0.772
1762.8,3746.0,0.778
1743.5,3744.1,0.759
1727.6,3742.4,0.763
1708.7,3740.2,0.75
1693.0,3737.0,0.749
1674.9,3733.5,0.731
1657.9,3729.3,0.749
1641.3,3725.5,0.743
1623.0,3723.0,0.725
1609.1,3721.4,0.725
1590.6,3720.3,0.73
1572.2,3719.8,0.717
1555.7,3720.1,0.715
1537.2,3721.6,0.711
1518.8,3722.9,0.701
1501.0,3725.5,0.693
1484.6,3727.6,0.707
1466.1,3731.8,0.687
1449.2,3736.1,0.695
1431.6,3741.9,0.691
1416.2,3747.8,0.682
1398.3,3755.4,0.687
1381.1,3763.5,0.668
1365.5,3771.5,0.673
1350.6,3779.7,0.685
1334.5,3790.6,0.667
1319.7,3800.9,0.678
1304.7,3811.6,0.669
1290.3,3822.5,0.665
1275.1,3834.7,0.661
1259.3,3849.2,0.67
1244.9,3862.4,0.664
1230.2,3876.0,0.663
1216.3,3890.3,0.65
1205.4,3903.3,0.659
1191.1,3920.1,0.655
1177.7,3936.2,0.652
1165.8,3952.9,0.65
1154.9,3969.1,0.667
1143.3,3986.0,0.655
1133.0,4003.7,0.672
1125.1,4018.2,0.654
1115.4,4035.7,0.651
1107.3,4052.3,0.636
1101.9,4064.1,0.654
1096.2,4079.6,0.638
1096.6,4078.7,0.651
1096.1,4079.6,0.651
1093.2,4083.0,0.643
1089.0,4087.3,0.649
1088.6,4087.5,0.648
1090.3,4086.5,0.641
1089.9,4086.8,0.666
1091.3,4086.3,0.652
1090.8,4086.3,0.644
1092.8,4086.2,0.662
1093.8,4086.5,0.64
1093.7,4086.5,0.658
1093.7,4086.5,0.662
1094.2,4086.7,0.641
1087.6,4083.1,0.652
1097.5,4084.1,0.644
1115.7,4065.5,0.661
1133.6,4047.3,0.667
1152.0,4028.3,0.659
1170.4,4010.1,0.667
1188.7,3991.6,0.663
1207.7,3974.5,0.682
1226.2,3956.4,0.675
1244.5,3940.0,0.679
1265.5,3923.9,0.677
1285.0,3907.5,0.677
1305.6,3890.9,0.689
1324.5,3876.2,0.689
1344.9,3860.8,0.683
1365.9,3843.9,0.696
1386.0,3829.0,0.703
1405.5,3815.0,0.699
1427.6,3800.5,0.698
1449.9,3785.3,0.712
1471.3,3772.3,0.698
1494.6,3757.7,0.725
1515.3,3744.6,0.709
1537.5,3731.1,0.709
1559.5,3717.2,0.716
1583.5,3705.0,0.722
1607.6,3692.8,0.728
1629.1,3682.3,0.72
1655.2,3669.5,0.713
1676.7,3659.0,0.729
1700.1,3650.3,0.734
1724.8,3640.8,0.728
1748.7,3631.9,0.715
1774.0,3622.3,0.719
1797.8,3614.7,0.741
1821.9,3608.0,0.734
1848.4,3601.1,0.736
1873.1,3597.1,0.723
1898.3,3593.3,0.745
1924.2,3590.9,0.749
1949.6,3589.7,0.752
1976.6,3589.7,0.747
2001.6,3590.0,0.736
2032.7,3577.7,0.743
2033.2,3577.5,0.746
2034.1,3577.1,0.727
2034.1,3577.1,0.735
2033.2,3577.5,0.73
2033.2,3577.5,0.731
2033.1,3577.4,0.722
2033.2,3577.4,0.734
2032.7,3577.6,0.73
2033.2,3577.4,0.733
2033.6,3577.3,0.734
2033.6,3577.3,0.737
2033.2,3577.4,0.735
2032.7,3577.7,0.742
2032.3,3577.9,0.742
2033.6,3577.3,0.71
2032.2,3577.8,0.733
2034.1,3577.1,0.743
2033.6,3577.2,0.735
2041.5,3584.6,0.738
2059.4,3603.4,0.745
2061.1,3605.2,0.74
2060.4,3604.5,0.759
2052.2,3611.8,0.592
2041.0,3624.5,0.586
2029.1,3638.8,0.601
2017.6,3653.8,0.6
2008.1,3668.6,0.62
1996.8,3685.6,0.611
1987.5,3701.1,0.615
1979.3,3716.5,0.616
1971.9,3731.8,0.631
1964.4,3748.7,0.617
1957.8,3766.0,0.646
1951.9,3782.4,0.644
1947.2,3800.3,0.645
1943.5,3816.9,0.652
1939.4,3834.4,0.65
1936.1,3852.6,0.657
1934.1,3869.0,0.669
1933.0,3887.9,0.671
1932.5,3906.4,0.671
1932.0,3911.9,0.68
1932.1,3917.9,0.681
1931.2,3923.8,0.681
1930.0,3927.1,0.677
1927.4,3933.6,0.694
1922.7,3945.7,0.7
1923.2,3944.9,0.69
1914.4,3962.3,0.687
1902.2,3984.6,0.7
1891.7,4005.7,0.696
1880.6,4025.8,0.71
1869.7,4046.6,0.716
1859.2,4068.2,0.725
1848.2,4090.1,0.73
1838.7,4107.1,0.73
1829.9,4123.4,0.731
1821.2,4139.1,0.731
1811.1,4154.6,0.74
1801.2,4168.4,0.726
1790.7,4182.4,0.724
1780.0,4195.7,0.739
1767.8,4209.5,0.744
1755.1,4222.3,0.734
1744.1,4233.8,0.739
1730.7,4246.7,0.737
1718.5,4257.7,0.727
1704.9,4268.8,0.734
1690.5,4279.6,0.727
1671.4,4294.1,0.741
1652.7,4308.3,0.73
1633.7,4323.8,0.714
1615.0,4338.0,0.735
1595.5,4352.8,0.706
1577.0,4368.0,0.715
1557.9,4382.5,0.704
1539.2,4397.6,0.708
1520.2,4412.3,0.696
1502.7,4426.3,0.7
1484.0,4442.1,0.69
1466.8,4457.4,0.695
1448.2,4472.6,0.69
1439.1,4480.4,0.678
1426.0,4492.0,0.673
1421.3,4495.8,0.672
1416.1,4499.7,0.667
1411.3,4502.3,0.675
1411.3,4502.2,0.667
1413.2,4501.6,0.675
1412.7,4501.6,0.666
1401.3,4503.6,0.657
1401.8,4503.6,0.658
1402.3,4503.7,0.673
1401.8,4503.5,0.663
1397.6,4501.9,0.673
1393.0,4499.9,0.664
1393.0,4499.9,0.676
1393.5,4500.1,0.661
1383.1,4491.5,0.659
1377.5,4486.6,0.652
1359.9,4470.2,0.652
1348.1,4459.4,0.653
1336.7,4446.8,0.643
1319.0,4429.9,0.627
1307.3,4417.6,0.625
1297.3,4407.0,0.607
1297.9,4407.9,0.615
1287.2,4390.4,0.613
1276.8,4371.6,0.598
1271.5,4360.9,0.61
1266.0,4349.7,0.587
1263.5,4343.6,0.6
1257.4,4323.6,0.597
1254.0,4311.0,0.59
1251.2,4298.8,0.588
1249.5,4284.9,0.588
1246.3,4263.7,0.583
1244.0,4247.3,0.59
1241.3,4225.5,0.587
1239.5,4203.6,0.578
1237.6,4180.7,0.552
1235.3,4160.8,0.566
1234.5,4142.3,0.567
1234.1,4124.8,0.563
1234.2,4106.4,0.554
1235.1,4089.9,0.542
1236.6,4071.0,0.553
1238.3,4055.0,0.531
1240.8,4036.2,0.522
1243.7,4020.5,0.537
1248.2,4002.5,0.54
1252.6,3985.1,0.524
1257.5,3967.3,0.541
1263.2,3951.3,0.526
1269.1,3933.7,0.529
1275.3,3919.0,0.502
1282.8,3903.2,0.521
1291.7,3884.7,0.538
1301.0,3864.3,0.516
1311.2,3843.7,0.515
1322.6,3821.4,0.509
1332.9,3799.7,0.512
1342.2,3778.2,0.516
1351.5,3756.6,0.511
1361.8,3734.4,0.506
1371.8,3712.6,0.501
1380.6,3692.4,0.512
1390.2,3670.5,0.49
1400.2,3648.1,0.502
1409.1,3625.3,0.491
1419.2,3603.0,0.476
1425.8,3583.5,0.488
1434.4,3562.8,0.477
1442.3,3541.1,0.482
1448.6,3522.2,0.47
1455.4,3501.3,0.464
1460.8,3481.5,0.482
1466.3,3460.7,0.464
1472.9,3437.7,0.458
1479.4,3415.6,0.453
1485.0,3395.4,0.453
1489.3,3373.8,0.447
1493.1,3353.7,0.426
1497.6,3334.7,0.42
1499.6,3314.8,0.422
1502.4,3293.5,0.418
1505.0,3274.7,0.426
1505.8,3255.2,0.419
1506.0,3233.2,0.401
1506.4,3213.8,0.4
1506.7,3189.8,0.403
1505.5,3169.3,0.402
1504.4,3147.3,0.37
1503.7,3124.3,0.405
1503.2,3099.4,0.374
1502.6,3075.4,0.372
1501.0,3052.4,0.381
1499.4,3029.5,0.37
1497.5,3005.1,0.363
1495.7,2982.6,0.365
1493.7,2956.7,0.356
1492.9,2941.2,0.352
1492.8,2925.2,0.349
1492.8,2917.7,0.349
1494.0,2913.4,0.349
1494.3,2912.4,0.349
1496.0,2906.2,0.345
1497.9,2899.9,0.336
1501.7,2892.3,0.35
1510.2,2880.0,0.344
1521.9,2861.4,0.343
1526.3,2854.7,0.337
1536.7,2841.2,0.338
1546.2,2830.3,0.327
1546.2,2830.3,0.334
1551.9,2825.4,0.343
1558.6,2821.0,0.327
1557.7,2821.5,0.343
1556.8,2821.8,0.336
1555.8,2821.9,0.339
1562.1,2820.4,0.343
1563.1,2820.2,0.343
1562.6,2820.2,0.331
1561.6,2819.9,0.342
1576.4,2824.5,0.332
1576.4,2824.4,0.32
1590.7,2831.6,0.359
1602.1,2838.9,0.351
1610.1,2844.0,0.334
1615.5,2848.4,0.348
1621.1,2852.6,0.349
1632.0,2862.9,0.358
1637.2,2869.0,0.346
1646.9,2880.5,0.367
1647.4,2881.3,0.367
1646.8,2879.9,0.363
1649.0,2885.5,0.355
1652.8,2900.0,0.358
1657.1,2914.9,0.36
1662.7,2937.8,0.366
1666.2,2952.9,0.374
1669.4,2968.5,0.379
1673.0,2989.2,0.376
1676.2,3013.0,0.385
1679.8,3035.7,0.394
1682.7,3055.5,0.388
1684.6,3072.8,0.402
1685.8,3090.8,0.397
1686.7,3107.3,0.398
1687.5,3125.2,0.411
1686.5,3144.7,0.423
1685.2,3162.2,0.421
1683.2,3178.5,0.419
1680.7,3196.9,0.437
1677.9,3214.6,0.435
1674.3,3230.7,0.426
1669.6,3249.7,0.436
1665.3,3266.1,0.447
1660.5,3281.9,0.452
1655.0,3299.0,0.456
1647.7,3319.2,0.46
1641.9,3333.6,0.45
1635.2,3350.8,0.47
1630.1,3366.5,0.465
1625.7,3383.5,0.475
1621.4,3399.9,0.461
1618.6,3414.1,0.472
1616.1,3430.4,0.471
1614.5,3446.8,0.473
1613.6,3463.8,0.485
1614.3,3479.2,0.491
1615.4,3495.7,0.503
1616.7,3511.6,0.497
1618.6,3527.5,0.498
1621.9,3543.7,0.505
1625.8,3558.7,0.505
1630.0,3573.6,0.519
1636.1,3590.5,0.527
1642.2,3605.3,0.521
1649.5,3620.1,0.546
1657.1,3634.1,0.548
1665.6,3648.2,0.559
1675.9,3663.6,0.55
1684.4,3675.4,0.566
1695.3,3688.4,0.558
1705.8,3699.8,0.577
1717.6,3711.4,0.574
1730.9,3723.4,0.576
1742.5,3733.7,0.584
1755.8,3743.4,0.59
1769.2,3753.0,0.585
1784.6,3762.4,0.612
1799.5,3770.4,0.606
1814.6,3777.2,0.617
1829.3,3783.4,0.633
1844.0,3788.3,0.637
1861.3,3793.2,0.625
1875.8,3797.1,0.645
1891.5,3799.9,0.629
1909.9,3802.2,0.644
1929.8,3804.2,0.634
1945.8,3804.7,0.645
1964.2,3805.5,0.645
1984.2,3805.7,0.667
2003.2,3805.0,0.657
2025.1,3802.8,0.661
2042.9,3800.6,0.657
2064.1,3797.2,0.659
2080.9,3794.4,0.664
2100.9,3790.0,0.682
2120.8,3785.3,0.666
2141.5,3779.4,0.677
2158.8,3774.3,0.679
2175.9,3768.6,0.664
2191.2,3762.6,0.676
2208.7,3755.1,0.653
2231.8,3745.5,0.667
2247.6,3738.0,0.67
2265.3,3728.7,0.655
2282.5,3718.6,0.643
2298.9,3708.1,0.657
2316.9,3696.4,0.647
2332.0,3685.6,0.644
2348.9,3674.1,0.637
2366.3,3660.6,0.634
2382.5,3648.0,0.642
2396.1,3636.2,0.628
2408.6,3624.8,0.628
2425.6,3607.8,0.621
2439.6,3594.3,0.621
2452.3,3580.1,0.611
2464.1,3566.6,0.596
2475.8,3550.3,0.588
2487.9,3534.4,0.586
2499.6,3517.6,0.586
2508.6,3501.5,0.571
2517.4,3486.9,0.555
2526.7,3469.8,0.561
2536.9,3451.5,0.553
2544.7,3436.4,0.545
2552.5,3419.6,0.555
2559.6,3401.5,0.544
2565.6,3384.5,0.536
2572.0,3362.9,0.529
2578.2,3342.9,0.523
2583.1,3323.0,0.52
2588.2,3304.7,0.505
2593.4,3283.8,0.509
2597.0,3269.3,0.512
2602.5,3253.7,0.493
2602.7,3253.2,0.486
2602.3,3254.1,0.49
2601.4,3255.4,0.503
2601.5,3255.4,0.483
2599.9,3256.7,0.486
2600.3,3256.4,0.484
2599.9,3256.6,0.504
2599.4,3256.8,0.499
2599.4,3256.8,0.493
2598.9,3256.7,0.485
2596.9,3256.8,0.484
2595.9,3256.5,0.495
2595.5,3256.2,0.48
2595.6,3256.0,0.493
2594.3,3255.2,0.487
2595.5,3256.1,0.488
2594.4,3255.1,0.485
2593.5,3253.9,0.509
2593.3,3253.4,0.495
2599.1,3265.1,0.469
2608.2,3285.6,0.503
2616.7,3303.8,0.492
2620.5,3313.5,0.516
2628.1,3335.2,0.512
2633.5,3350.3,0.532
2639.6,3367.2,0.525
2642.8,3379.8,0.53
2643.4,3384.8,0.524
2643.3,3389.8,0.52
2643.4,3400.8,0.532
2642.3,3418.2,0.549
2641.0,3435.7,0.547
2638.6,3453.5,0.56
2636.0,3470.3,0.556
2631.9,3489.9,0.57
2628.8,3511.6,0.565
2624.3,3533.2,0.595
2619.7,3555.2,0.609
2615.4,3574.7,0.603
2610.6,3592.1,0.606
2605.5,3608.8,0.622
2599.7,3627.4,0.622
2594.2,3643.0,0.622
2588.1,3659.9,0.644
2581.4,3676.0,0.635
2573.7,3691.7,0.642
2565.7,3706.8,0.659
2556.7,3722.3,0.652
2548.0,3737.5,0.658
2535.9,3757.1,0.674
2523.7,3776.6,0.692
2510.9,3796.9,0.683
2498.7,3816.9,0.697
2487.1,3838.0,0.708
2475.4,3857.2,0.71
2463.0,3877.7,0.719
2451.2,3899.2,0.728
2439.1,3921.0,0.754
2426.2,3942.4,0.749
2414.1,3963.7,0.764
2405.2,3977.0,0.758
2397.4,3991.0,0.756
2398.0,3990.2,0.767
2388.1,4002.7,0.776
2383.7,4007.5,0.781
2384.6,4007.0,0.767
2385.1,4006.9,0.781
2385.1,4006.9,0.774
2370.3,4013.0,0.793
2346.8,4021.4,0.767
2322.6,4029.5,0.782
2301.5,4037.3,0.784
2279.0,4045.7,0.781
2264.3,4050.5,0.781
2243.1,4058.0,0.77
2223.1,4064.6,0.788
2205.4,4069.9,0.786
2187.0,4074.6,0.79
2171.4,4077.9,0.785
2154.5,4080.2,0.8
2136.7,4082.7,0.783
2119.8,4084.1,0.794
2103.3,4085.0,0.782
2085.9,4086.4,0.783
2067.9,4086.4,0.774
2050.4,4086.2,0.77
2030.4,4085.3,0.757
2015.0,4083.9,0.765
1997.2,4081.6,0.761
1978.0,4077.9,0.746
1961.4,4074.4,0.747
1941.8,4070.4,0.745
1926.1,4067.3,0.729
1910.8,4065.2,0.722
1893.4,4063.4,0.725
1873.5,4061.7,0.72
1856.5,4060.6,0.721
1838.5,4060.4,0.717
1820.5,4060.8,0.722
1802.6,4062.6,0.707
1784.8,4065.0,0.699
1767.1,4068.1,0.686
1750.5,4071.7,0.703
1732.2,4076.8,0.686
1715.1,4082.2,0.687
1697.8,4088.7,0.684
1680.5,4095.3,0.67
1665.2,4102.7,0.685
1647.5,4111.0,0.675
1633.0,4118.8,0.676
1616.5,4128.2,0.674
1598.3,4139.5,0.661
1584.4,4149.3,0.669
1569.1,4161.5,0.658
1553.5,4173.9,0.654
1539.4,4185.9,0.668
1524.6,4200.7,0.664
1512.2,4213.2,0.66
1499.9,4227.0,0.654
1486.2,4243.5,0.662
1475.4,4257.3,0.657
1462.0,4275.3,0.644
1450.5,4290.4,0.663
1439.8,4305.5,0.646
1430.1,4320.7,0.649
1421.0,4337.9,0.657
1410.3,4355.4,0.657
1402.7,4371.7,0.65
1393.5,4390.6,0.663
1386.3,4407.7,0.647
1381.7,4419.3,0.648
1376.9,4429.7,0.646
1374.4,4435.7,0.659
1374.4,4435.7,0.634
1375.4,4434.6,0.654
1371.3,4439.0,0.648
1367.6,4442.4,0.651
1366.8,4442.9,0.652
1368.6,4442.0,0.658
1368.1,4442.1,0.65
1369.5,4441.7,0.652
1370.0,4441.6,0.656
1371.5,4441.8,0.64
1370.5,4441.5,0.66
1372.5,4442.0,0.647
1372.5,4442.1,0.646
1372.5,4442.1,0.653
1359.9,4433.8,0.645
1354.4,4430.4,0.641
1342.8,4420.1,0.629
1325.4,4404.3,0.64
1320.3,4399.5,0.626
1303.0,4381.4,0.611
1292.5,4369.4,0.61
1284.3,4359.3,0.609
1271.4,4342.8,0.598
1269.7,4339.7,0.593
1265.9,4333.2,0.6
1264.4,4329.5,0.588
1262.5,4324.3,0.592
1258.2,4305.3,0.596
1261.6,4347.2,0.574
1278.9,4327.1,0.556
1296.7,4307.5,0.561
1314.2,4288.9,0.559
1332.7,4269.2,0.568
1349.4,4250.7,0.566
1367.4,4232.7,0.559
1385.8,4213.6,0.567
1404.1,4195.9,0.576
1422.5,4177.5,0.57
1441.9,4159.5,0.586
1459.7,4141.3,0.582
1479.3,4123.5,0.561
1497.0,4106.5,0.566
1517.2,4088.5,0.559
1536.2,4071.5,0.577
1555.8,4055.3,0.581
1576.1,4038.2,0.578
1595.8,4022.9,0.583
1614.9,4007.5,0.581
1635.3,3991.5,0.578
1655.7,3975.3,0.589
1676.0,3960.0,0.576
1696.7,3944.2,0.576
1699.8,3940.8,0.587
1698.5,3941.4,0.562
1723.5,3932.7,0.589
1747.4,3924.0,0.577
1772.2,3916.0,0.58
1796.5,3908.5,0.572
1822.1,3901.5,0.588
1846.7,3893.1,0.581
1872.7,3886.1,0.595
1896.9,3879.8,0.588
1922.0,3872.9,0.601
1946.2,3866.5,0.591
1973.1,3860.9,0.593
1998.5,3855.5,0.61
2023.8,3849.4,0.619
2040.9,3845.9,0.606
2041.9,3845.7,0.604
2041.9,3845.8,0.622
2560.9,3534.0,0.522
2534.5,3535.6,0.517
2508.1,3538.1,0.507
2484.4,3541.6,0.515
2457.4,3546.7,0.521
2563.8,3524.2,0.226
2555.5,3509.9,0.231
2544.8,3494.9,0.225
2534.2,3480.4,0.209
2523.5,3467.2,0.242
2511.8,3452.8,0.219
2498.6,3439.9,0.235
2486.3,3426.7,0.229
2472.7,3414.2,0.22
2459.2,3402.3,0.228
2443.1,3390.5,0.217
2429.8,3380.7,0.217
2414.4,3370.4,0.21
2398.6,3361.9,0.217
2383.9,3354.5,0.204
2369.0,3347.3,0.2
2351.5,3339.9,0.213
2334.6,3333.7,0.226
2319.3,3329.1,0.2
2300.9,3324.2,0.201
2283.9,3320.4,0.209
2267.2,3317.1,0.191
2247.4,3314.3,0.223
2230.5,3312.4,0.214
2211.6,3311.0,0.203
2194.6,3311.0,0.2
2176.6,3312.0,0.208
2158.7,3312.7,0.202
2141.3,3314.7,0.211
2123.0,3317.3,0.215
2106.7,3320.1,0.193
2087.6,3323.6,0.207
2073.6,3327.4,0.204
2057.6,3333.1,0.204
2040.8,3339.6,0.208
2025.3,3346.6,0.194
2008.9,3354.1,0.221
1993.0,3362.5,0.211
1976.1,3373.2,0.211
1962.4,3383.2,0.215
1948.1,3394.1,0.216
1933.2,3406.7,0.208
1920.6,3417.3,0.212
1907.5,3429.6,0.211
1894.7,3441.5,0.211
1881.2,3456.3,0.215
1870.4,3469.4,0.205
1858.2,3484.6,0.218
1847.4,3499.0,0.216
1838.2,3513.9,0.218
1828.4,3530.7,0.225
1820.1,3546.1,0.207
1812.9,3560.4,0.229
1807.2,3575.4,0.232
1801.7,3591.5,0.205
1797.8,3606.5,0.23
1794.5,3622.1,0.232
1791.3,3638.3,0.231
1789.2,3653.1,0.227
1787.7,3670.1,0.239
1787.8,3680.6,0.241
1787.4,3689.5,0.244
1787.0,3695.0,0.247
1785.9,3706.0,0.248
1786.0,3705.5,0.245
1786.2,3704.5,0.244
1786.2,3704.5,0.232
1787.0,3703.2,0.242
1787.3,3702.8,0.248
1776.1,3714.3,0.252
1771.1,3719.1,0.231
1759.8,3728.2,0.253
1746.8,3738.4,0.248
1726.6,3753.1,0.241
1720.4,3758.2,0.253
1708.9,3764.2,0.245
1693.3,3772.1,0.248
1673.2,3782.2,0.258
1656.9,3789.8,0.234
1641.4,3796.9,0.25
1624.4,3804.1,0.262
1606.0,3810.7,0.244
1589.5,3816.4,0.24
1574.6,3820.5,0.231
1553.7,3825.8,0.251
1535.7,3830.0,0.255
1519.7,3833.8,0.245
1500.4,3836.9,0.244
1477.9,3841.8,0.244
1459.6,3844.1,0.252
1434.9,3848.1,0.251
1412.1,3850.6,0.251
1389.7,3853.3,0.243
1366.9,3856.3,0.242
1341.7,3859.8,0.251
1319.9,3863.0,0.242
1296.4,3867.5,0.235
1282.0,3869.5,0.251
1258.2,3872.3,0.245
1241.7,3873.7,0.238
1224.3,3874.9,0.226
1209.8,3875.2,0.221
1198.9,3874.1,0.23
1191.4,3873.4,0.244
1186.0,3872.4,0.225
1187.0,3872.6,0.238
1181.8,3869.6,0.23
1183.1,3870.3,0.241
1168.0,3859.7,0.22
1148.4,3845.8,0.239
1136.0,3836.7,0.228
1119.6,3823.6,0.224
1102.9,3810.0,0.216
1092.2,3800.2,0.228
1088.3,3796.3,0.202
1083.3,3790.1,0.213
1077.1,3781.6,0.225
1077.5,3782.6,0.213
1077.4,3782.6,0.217
1077.3,3782.6,0.222
1076.6,3777.6,0.212
1076.6,3777.1,0.219
1077.2,3764.2,0.224
1078.3,3747.7,0.208
1079.0,3741.2,0.21
1082.9,3718.6,0.213
1086.7,3697.4,0.209
1091.5,3674.4,0.231
1093.4,3664.1,0.206
1097.8,3647.2,0.209
1103.1,3631.0,0.211
1109.9,3613.3,0.21
1116.2,3597.5,0.205
1123.2,3581.5,0.206
1130.9,3565.3,0.205
1140.0,3549.1,0.2
1148.7,3533.4,0.217
1157.2,3518.7,0.207
1168.4,3500.3,0.212
1177.4,3485.3,0.19
1188.5,3469.3,0.199
1201.8,3450.6,0.201
1215.2,3432.5,0.199
1229.2,3411.2,0.199
1242.6,3393.1,0.184
1254.6,3375.9,0.185
1264.7,3359.8,0.19
1275.1,3342.2,0.194
1284.9,3324.8,0.191
1293.0,3308.7,0.198
1301.2,3292.7,0.191
1308.3,3276.2,0.189
1314.1,3258.6,0.177
1320.7,3238.6,0.188
1326.1,3220.9,0.2
1330.5,3203.5,0.169
1334.2,3185.4,0.185
1337.4,3168.2,0.18
1339.5,3152.3,0.178
1341.0,3132.9,0.162
1342.2,3111.4,0.182
1342.7,3093.0,0.182
1342.1,3077.0,0.18
1341.4,3059.5,0.172
1339.6,3040.6,0.175
1336.0,3024.0,0.172
1332.6,3005.3,0.172
1327.9,2987.9,0.162
1322.1,2967.7,0.16
1316.3,2945.0,0.163
1309.8,2924.0,0.164
1303.9,2905.4,0.142
1296.4,2885.8,0.161
1287.8,2866.1,0.154
1279.8,2844.0,0.148
1272.5,2822.7,0.152
1263.2,2800.0,0.149
1255.1,2778.0,0.146
1246.8,2757.1,0.158
1237.9,2734.3,0.146
1227.8,2711.4,0.139
1219.5,2690.5,0.151
1210.2,2666.7,0.144
1201.9,2646.4,0.144
1191.9,2623.5,0.132
1182.5,2603.1,0.129
1173.0,2581.1,0.13
1163.5,2560.1,0.139
1153.0,2538.0,0.137
1144.1,2517.4,0.132
1134.5,2494.8,0.124
1124.4,2473.6,0.143
1115.6,2454.5,0.125
1105.2,2433.5,0.138
1096.1,2414.0,0.116
1085.5,2393.0,0.135
1075.9,2371.6,0.126
1065.9,2349.8,0.121
1055.8,2329.7,0.122
1049.9,2315.3,0.105
1040.5,2293.3,0.112
1040.7,2293.2,0.12
1039.3,2285.9,0.112
1039.5,2287.3,0.112
1039.2,2279.3,0.123
1040.2,2272.4,0.113
1040.9,2265.0,0.126
1040.6,2266.4,0.119
1040.5,2266.4,0.129
1046.7,2252.2,0.121
1046.5,2252.1,0.105
1045.6,2253.3,0.135
1056.0,2242.5,0.105
1066.9,2230.8,0.119
1082.2,2215.7,0.106
1098.2,2200.6,0.11
1113.5,2185.5,0.118
1126.6,2173.1,0.111
1142.5,2160.2,0.117
1158.8,2145.5,0.113
1172.5,2134.5,0.108
1186.3,2124.7,0.114
1201.7,2114.4,0.099
1217.1,2103.4,0.097
1231.8,2093.9,0.119
1248.2,2083.2,0.108
1263.9,2074.5,0.112
1278.0,2067.0,0.107
1284.9,2064.1,0.127
1298.3,2059.8,0.109
1298.7,2059.7,0.108
1312.0,2057.3,0.132
1320.8,2055.4,0.119
1334.3,2054.7,0.104
1349.3,2054.6,0.115
1366.8,2055.6,0.112
1374.7,2056.4,0.132
1396.6,2059.0,0.11
1416.4,2061.7,0.114
1436.6,2065.0,0.115
1452.2,2068.3,0.118
1470.2,2072.4,0.125
1488.6,2077.3,0.126
1505.2,2082.6,0.123
1523.4,2088.1,0.125
1538.4,2093.7,0.119
1555.0,2100.7,0.117
1571.4,2108.0,0.123
1588.0,2117.2,0.121
1605.8,2127.5,0.112
1621.6,2136.0,0.11
1639.7,2146.7,0.117
1660.1,2158.4,0.123
1679.7,2170.4,0.131
1699.6,2181.9,0.117
1719.8,2193.9,0.126
1739.7,2205.3,0.134
1758.1,2216.4,0.125
1774.3,2225.4,0.122
1788.8,2232.1,0.126
1804.3,2237.9,0.129
1819.8,2243.3,0.124
1836.1,2248.1,0.131
1851.6,2252.3,0.128
1867.8,2255.0,0.134
1886.1,2258.0,0.124
1903.5,2259.3,0.127
1919.0,2258.7,0.131
1938.0,2258.5,0.132
1952.9,2257.1,0.137
1968.8,2254.9,0.127
1987.1,2252.1,0.141
2002.7,2248.7,0.135
2018.7,2244.9,0.135
2033.7,2239.4,0.132
2050.3,2233.9,0.133
2066.4,2228.3,0.129
2080.8,2221.3,0.141
2096.8,2213.2,0.132
2111.0,2204.9,0.125
2124.6,2195.5,0.11
2138.5,2184.8,0.111
2101.1,2224.9,0.11
2107.7,2242.7,0.12
2117.8,2264.5,0.11
2127.8,2285.2,0.109
2137.5,2304.4,0.129
2147.2,2325.8,0.116
2157.0,2347.1,0.108
2166.8,2367.3,0.117
2176.1,2388.9,0.106
2186.9,2411.4,0.124
2196.9,2431.6,0.113
2207.4,2453.2,0.12
2218.1,2474.1,0.133
2228.2,2495.9,0.134
2239.8,2517.4,0.119
2250.5,2537.8,0.125
2261.1,2558.7,0.123
2272.1,2578.9,0.127
2283.3,2600.2,0.122
2295.5,2622.0,0.128
2305.6,2643.2,0.133
2316.4,2662.3,0.132
2328.8,2684.0,0.137
2340.1,2703.5,0.137
2353.2,2725.4,0.122
2364.3,2746.6,0.14
2376.0,2767.0,0.133
2386.9,2787.2,0.151
2393.7,2801.1,0.143
2404.4,2820.9,0.143
2416.5,2841.6,0.144
2424.7,2857.1,0.143
2433.9,2876.5,0.147
2436.8,2884.0,0.141
2436.8,2884.0,0.145
2436.8,2883.5,0.131
2436.8,2883.0,0.138
2436.9,2882.0,0.149
2436.8,2882.5,0.154
2437.2,2881.0,0.146
2437.7,2880.1,0.146
2438.3,2879.3,0.14
2437.8,2880.2,0.154
2438.4,2879.5,0.135
2438.4,2879.4,0.153
2440.2,2878.5,0.137
2433.8,2881.3,0.149
2418.8,2887.0,0.146
2397.6,2894.5,0.138
2378.3,2901.3,0.138
2362.2,2906.7,0.152
2344.5,2912.0,0.151
2328.4,2915.9,0.149
2308.3,2919.9,0.151
2291.5,2922.3,0.151
2275.7,2924.9,0.138
2257.8,2926.4,0.154
2238.3,2927.7,0.159
2219.4,2928.4,0.143
2201.9,2927.8,0.146
2184.4,2927.2,0.145
2166.9,2926.2,0.151
2147.0,2924.4,0.137
2128.7,2921.8,0.133
2110.0,2918.5,0.157
2089.8,2915.4,0.138
2071.6,2911.8,0.155
2052.7,2907.3,0.155
2029.3,2902.0,0.155
2010.3,2897.5,0.148
1994.8,2893.6,0.144
1979.5,2890.9,0.142
1964.2,2888.9,0.139
1947.8,2887.1,0.161
1932.3,2886.5,0.132
1915.8,2887.2,0.141
1898.8,2887.9,0.135
1883.9,2888.9,0.142
1867.5,2890.8,0.138
1851.8,2894.2,0.147
1835.4,2898.6,0.126
1819.0,2902.9,0.148
1803.4,2908.3,0.139
1790.2,2914.3,0.144
1774.2,2922.6,0.148
1761.6,2929.6,0.141
1747.5,2938.2,0.138
1733.5,2947.8,0.133
1722.6,2955.8,0.157
1709.7,2966.1,0.155
1698.8,2976.4,0.156
1688.0,2988.8,0.144
1678.2,3000.8,0.145
1667.9,3013.7,0.151
1659.2,3026.5,0.156
1648.9,3043.1,0.142
1641.5,3055.6,0.137
1634.4,3071.5,0.16
1627.9,3086.2,0.148
1622.8,3099.7,0.159
1616.9,3117.8,0.155
1612.3,3136.2,0.157
1608.1,3151.6,0.149
1604.8,3169.8,0.153
1602.3,3189.1,0.17
1600.5,3206.1,0.159
1599.5,3224.0,0.164
1598.7,3242.0,0.155
1599.0,3260.0,0.165
1600.1,3277.4,0.169
1602.3,3295.3,0.173
1604.9,3313.1,0.167
1607.6,3329.4,0.166
1611.8,3347.9,0.174
1616.4,3366.3,0.186
1621.0,3382.2,0.153
1627.6,3400.5,0.171
1634.0,3417.3,0.179
1642.1,3435.6,0.189
1649.5,3451.5,0.172
1658.8,3468.6,0.175
1667.5,3483.2,0.194
1677.2,3497.8,0.189
1688.2,3515.0,0.179
1699.8,3531.3,0.186
1711.4,3547.0,0.198
1724.5,3564.0,0.195
1737.1,3578.2,0.183
1750.6,3593.0,0.203
1763.6,3606.8,0.19
1777.5,3619.7,0.202
1792.3,3633.8,0.201
1808.8,3647.7,0.205
1824.6,3661.5,0.201
1838.6,3672.0,0.199
1854.4,3682.6,0.205
1869.8,3692.7,0.194
1887.9,3703.4,0.217
1906.1,3713.9,0.21
1922.5,3722.5,0.218
1939.8,3731.4,0.207
1956.9,3739.6,0.215
1977.1,3748.4,0.205
1998.5,3756.9,0.211
2018.4,3764.9,0.22
2039.6,3772.2,0.215
2061.8,3779.9,0.221
2085.0,3788.0,0.219
2105.7,3795.2,0.237
2128.6,3802.4,0.231
2152.4,3810.2,0.247
2174.0,3818.0,0.223
2195.6,3824.2,0.224
2213.0,3828.8,0.225
2237.2,3835.1,0.22
2259.5,3840.7,0.234
2281.9,3845.8,0.233
2304.3,3851.1,0.232
2327.7,3856.5,0.233
2351.8,3862.8,0.245
2365.1,3867.2,0.237
2379.3,3872.1,0.231
2395.3,3877.9,0.238
2410.8,3883.5,0.223
2417.2,3886.4,0.237
2433.1,3894.8,0.244
2454.1,3906.5,0.239
2473.5,3916.7,0.246
2488.5,3924.7,0.232
2507.2,3936.4,0.261
2514.6,3941.4,0.236
2520.1,3945.7,0.252
2523.2,3949.0,0.255
2531.7,3958.8,0.256
2538.6,3966.7,0.247
2551.0,3982.4,0.254
2561.6,3997.6,0.254
2570.9,4011.8,0.263
2581.2,4027.2,0.267
2589.3,4042.1,0.262
2598.2,4058.9,0.269
2607.3,4077.7,0.271
2616.4,4095.0,0.272
2623.0,4107.9,0.267
2631.3,4128.2,0.27
2637.8,4144.5,0.267
2642.5,4157.1,0.274
2645.7,4168.2,0.282
2649.5,4184.7,0.29
2651.7,4196.0,0.3
2652.7,4207.5,0.282
2653.5,4226.5,0.291
2653.5,4243.0,0.287
2653.4,4261.9,0.298
2652.2,4278.9,0.301
2650.6,4299.3,0.305
2648.5,4321.7,0.303
2646.8,4341.6,0.307
2644.4,4363.5,0.3
2642.0,4381.4,0.319
2639.0,4399.1,0.317
2635.3,4416.7,0.316
2631.6,4434.3,0.317
2627.0,4451.7,0.324
2623.0,4467.2,0.328
2616.8,4484.1,0.321
2610.3,4501.4,0.338
2604.2,4515.6,0.336
2596.4,4531.9,0.353
2587.1,4550.1,0.353
2574.6,4572.3,0.351
2563.2,4593.4,0.348
2552.6,4615.5,0.368
2543.0,4638.0,0.363
2532.8,4658.0,0.368
2522.9,4678.8,0.382
2512.2,4701.9,0.38
2503.1,4723.0,0.375
2492.0,4744.9,0.396
2481.6,4765.4,0.395
2473.2,4784.6,0.398
2462.9,4807.4,0.405
2453.0,4829.8,0.415
2443.7,4851.9,0.416
2434.7,4874.2,0.422
2427.3,4893.8,0.424
2418.9,4914.7,0.427
2411.2,4935.3,0.431
2404.6,4955.2,0.447
2398.8,4975.4,0.442
2391.6,4998.3,0.448
2385.6,5021.5,0.472
2379.8,5042.2,0.483
2374.6,5064.1,0.491
2369.5,5082.9,0.489
2364.7,5104.9,0.509
2360.9,5126.1,0.505
2358.0,5145.3,0.489
2355.1,5167.1,0.504
2353.1,5185.5,0.513
2351.3,5207.4,0.519
2350.2,5228.4,0.527
2348.5,5248.8,0.533
2347.5,5268.3,0.537
2346.8,5288.3,0.556
2346.8,5306.7,0.561
2347.6,5326.2,0.573
2349.9,5343.1,0.566
2353.5,5366.8,0.57
2355.7,5383.1,0.593
2359.0,5401.4,0.587
2364.7,5423.6,0.597
2369.6,5447.1,0.603
2374.7,5465.4,0.604
2381.0,5488.0,0.626
2388.4,5511.9,0.633
2394.1,5534.7,0.65
2401.2,5557.6,0.64
2407.2,5579.3,0.651
2413.6,5603.5,0.681
2419.7,5626.1,0.674
2426.3,5647.1,0.701
2434.1,5671.3,0.705
2440.9,5691.7,0.709
2446.8,5715.0,0.729
2453.9,5737.8,0.728
2461.8,5762.6,0.732
2469.2,5786.0,0.752
2476.9,5809.2,0.756
2483.3,5830.2,0.768
2489.1,5846.7,0.769
2488.7,5844.8,0.78
2488.7,5843.8,0.776
2488.8,5843.3,0.766
2488.8,5843.3,0.762
