1787974664.4 === dc start ===
1787974669.9 dcw1 275 pos 0,-1 d5=0.54
1787974671.6 dcw2 275 pos 0,-2 d5=0.53
1787974673.3 dcw3 275 pos 0,-3 d5=0.49
1787974675.0 dcw4 275 pos 0,-4 d5=0.47
1787974676.7 dcw5 275 pos 0,-5 d5=0.47
1787974678.4 dcw6 275 pos 0,-6 d5=0.45
1787974680.2 dcw7 275 pos 0,-7 d5=0.46
1787974681.9 dcw8 275 pos 0,-8 d5=0.47
1787974683.6 dcw9 275 pos 0,-9 d5=0.50
1787974685.3 dcw10 275 pos 0,-10 d5=0.50
1787974687.0 dcw11 275 pos 0,-11 d5=0.47
1787974688.7 dcw12 275 pos 0,-12 d5=0.43
1787974690.4 dcw13 275 pos 0,-13 d5=0.40
1787974692.1 dcw14 275 pos 0,-14 d5=0.38
1787974693.8 dcw15 275 pos 0,-15 d5=0.37
1787974695.6 dcw16 275 pos 0,-16 d5=0.37
1787974697.3 dcw17 275 pos 0,-17 d5=0.41
1787974699.0 dcw18 275 pos 0,-18 d5=0.41
1787974700.7 dcw19 275 pos 0,-19 d5=0.43
1787974702.4 dcw20 275 pos 0,-20 d5=0.42
1787974704.1 dcw21 275 pos 0,-21 d5=0.42
1787974705.8 dcw22 275 pos 0,-22 d5=0.39
1787974707.5 dcw23 275 pos 0,-23 d5=0.37
1787974709.2 dcw24 275 pos 0,-24 d5=0.37
1787974710.9 dcw25 275 pos 0,-25 d5=0.42
1787974725.8 dcw26 185 pos -1,-25 d5=0.46
1787974725.8 RX: B pos 0 0 goal 0
1787974725.8 RX: B pos 0 0 goal 0
1787974725.8 RX: B pos 0 0 goal 0
1787974726.0 RX: B pos 0 0 goal 0
1787974742.5 RX: B pos 0 0 goal 0
1787974742.5 RX: B pos 0 0 goal 0
1787974742.5 RX: B pos 0 0 goal 0
1787974742.5 RX: B pos 0 0 goal 0
1787974742.5 RX: B pos 0 0 goal 0
1787974742.9 dc climb 95 tr=0.52 0.71->0.77
1787974744.3 RX: B pos 0 0 goal 0
1787974744.8 dc climb 95 tr=0.52 0.77->0.80
1787974759.8 RX: B pos 0 0 goal 0
1787974759.8 RX: B pos 0 0 goal 0
1787974759.8 RX: B pos 0 0 goal 0
1787974760.3 dc climb 185 tr=0.52 0.80->0.52
1787974803.0 RX: B pos 0 0 goal 0
1787974803.0 RX: B pos 0 0 goal 0
1787974803.0 RX: B pos 0 0 goal 0
1787974803.5 dc climb 95 tr=0.52 0.80->0.35
1787974834.1 dc climb 275 tr=0.52 0.80->0.32
1787974862.9 dc plateau 0.80
1787974877.9 RX: B pos 0 0 goal 0
1787974921.7 RX: B pos 0 0 goal 0
1787974921.7 RX: B pos 0 0 goal 0
1787974921.7 RX: B pos 0 0 goal 0
1787974921.7 RX: B pos 0 0 goal 0
1787974921.7 RX: B pos 0 0 goal 0
1787974921.7 RX: B pos 0 0 goal 0
1787974921.7 RX: B pos 0 0 goal 0
1787975036.3 dc barrier=5 probes={5: 0.75, 95: 0.23, 185: 0.21, 275: 0.34}
1787975052.3 dc THROUGH 5 tr=0.52 d5=0.27
1787975081.1 dc climb 185 tr=0.52 0.27->0.22
1787975125.6 dc climb 275 tr=0.52 0.27->0.22
1787975155.0 dc climb 95 tr=0.52 0.27->0.20
1787975182.6 dc new plateau 0.27
1787975241.3 RX: B pos 0 0 goal 0
1787975241.3 RX: B pos 0 0 goal 0
1787975241.3 RX: B pos 0 0 goal 0
1787975241.3 RX: B pos 0 0 goal 0
1787975257.4 === dc start ===
1787975279.9 RX: B pos 0 0 goal 0
1787975279.9 RX: B pos 0 0 goal 0
1787975279.9 RX: B pos 0 0 goal 0
1787975279.9 RX: B pos 0 0 goal 0
1787975280.4 dc climb 95 tr=0.52 0.80->0.41
1787975299.2 dc climb 275 tr=0.52 0.80->0.20
1787975317.0 dc plateau 0.80
1787975354.2 RX: B pos 0 0 goal 0
1787975354.2 RX: B pos 0 0 goal 0
1787975354.2 RX: B pos 0 0 goal 0
1787975354.2 RX: B pos 0 0 goal 0
1787975382.0 RX: B pos 0 0 goal 0
1787975382.0 RX: B pos 0 0 goal 0
1787975382.0 RX: B pos 0 0 goal 0
1787975382.0 RX: B pos 0 0 goal 0
1787975382.0 RX: B pos 0 0 goal 0
1787975382.0 RX: B pos 0 0 goal 0
1787975382.0 RX: B pos 0 0 goal 0
1787975382.0 RX: B pos 0 0 goal 0
1787975382.0 RX: B pos 0 0 goal 0
1787975409.6 RX: B pos 0 0 goal 0
1787975409.6 RX: B pos 0 0 goal 0
1787975409.6 RX: B pos 0 0 goal 0
1787975427.5 dc barrier=95 probes={5: 0.31, 95: 0.91, 185: 0.85, 275: 0.26}
1787975429.7 dc THROUGH 95 tr=0.52 d5=0.23
1787975447.8 dc climb 275 tr=0.52 0.23->0.23
1787975466.8 dc climb 95 tr=0.52 0.23->0.22
1787975484.5 dc new plateau 0.23
1787975512.5 === home2 start ===
1787975515.1 RX: B pos 10 -2 goal 0
1787975518.1 RX: B pos 10 -2 goal 0
1787975521.1 RX: B pos 8 -2 goal 0
1787975522.9 home cell 0,0 d5max=0.92
1787975523.7 burst active v=0.72 at 0,0
1787975524.1 RX: B pos 7 -2 goal 0
1787975534.6 RX: B pos 6 -2 goal 0
1787975535.6 try 95 0,1 0.70->0.43
1787975555.0 try 275 0,-1 0.70->0.23
1787975572.3 stuck at 0,0 base=0.70
1787975573.7 burst ended at 0,0
1787975610.0 === spin3 start: A parks+spins, B homes ===
1787975610.0 spin3 mode=SPIN d5=0.20 lastB=None
1787975616.0 spin3 mode=SPIN d5=0.20 lastB=None
1787975622.1 spin3 mode=SPIN d5=0.21 lastB=None
1787975628.1 spin3 mode=SPIN d5=0.20 lastB=None
1787975634.1 spin3 mode=SPIN d5=0.21 lastB=None
1787975640.2 spin3 mode=SPIN d5=0.19 lastB=None
1787975646.2 spin3 mode=SPIN d5=0.19 lastB=None
1787975652.2 spin3 mode=SPIN d5=0.19 lastB=None
1787975658.3 spin3 mode=SPIN d5=0.19 lastB=None
1787975664.3 spin3 mode=SPIN d5=0.18 lastB=None
1787975670.3 spin3 mode=SPIN d5=0.22 lastB=None
1787975676.4 spin3 mode=SPIN d5=0.24 lastB=None
1787975682.4 spin3 mode=SPIN d5=0.27 lastB=None
1787975688.4 spin3 mode=SPIN d5=0.32 lastB=None
1787975694.5 spin3 mode=SPIN d5=0.47 lastB=None
1787975700.5 spin3 mode=SPIN d5=0.62 lastB=None
1787975704.1 RX: B pos 9 0 goal 0
1787975706.5 spin3 mode=SPIN d5=0.79 lastB=B pos 9 0 goal 0
1787975707.1 RX: B pos 10 0 goal 0
1787975710.1 RX: B pos 11 0 goal 0
1787975712.6 spin3 mode=SPIN d5=0.89 lastB=B pos 11 0 goal 0
1787975713.1 RX: B pos 11 -1 goal 0
1787975713.7 RX: A: OK COMPLYING. I am PARKED SPINNING +40/-40 now, staying put. Home on my sound. When you arrive (d5>1.1) we PAIR-TRAVEL: stay in radio range, sweep together, finder waits+both enter goal within 1min. Radio too short for split search.
1787975715.3 === spin3 start: A parks+spins, B homes ===
1787975715.3 spin3 mode=SPIN d5=0.90 lastB=None
1787975716.1 RX: B pos 11 -1 goal 0
1787975719.1 RX: B pos 11 -1 goal 0
1787975721.4 spin3 mode=SPIN d5=0.89 lastB=B pos 11 -1 goal 0
1787975722.1 RX: B pos 11 -1 goal 0
1787975725.1 RX: B pos 11 -1 goal 0
1787975727.4 spin3 mode=SPIN d5=0.89 lastB=B pos 11 -1 goal 0
1787975728.1 RX: B pos 11 -1 goal 0
1787975731.1 RX: B pos 11 -1 goal 0
1787975733.5 spin3 mode=SPIN d5=0.88 lastB=B pos 11 -1 goal 0
1787975734.1 RX: B pos 11 -1 goal 0
1787975737.1 RX: B pos 11 -1 goal 0
1787975739.5 spin3 mode=SPIN d5=0.88 lastB=B pos 11 -1 goal 0
1787975740.1 RX: B pos 11 -1 goal 0
1787975743.1 RX: B pos 11 -1 goal 0
1787975745.5 spin3 mode=SPIN d5=0.90 lastB=B pos 11 -1 goal 0
1787975746.1 RX: B pos 11 -1 goal 0
1787975749.1 RX: B pos 11 -1 goal 0
1787975751.6 spin3 mode=SPIN d5=0.89 lastB=B pos 11 -1 goal 0
1787975752.1 RX: B pos 11 -1 goal 0
1787975755.1 RX: B pos 11 -1 goal 0
1787975757.6 spin3 mode=SPIN d5=0.88 lastB=B pos 11 -1 goal 0
1787975758.1 RX: B pos 11 -1 goal 0
1787975761.1 RX: B pos 11 -1 goal 0
1787975763.6 spin3 mode=SPIN d5=0.88 lastB=B pos 11 -1 goal 0
1787975764.1 RX: B pos 11 -1 goal 0
1787975767.1 RX: B pos 11 -1 goal 0
1787975769.7 spin3 mode=SPIN d5=0.87 lastB=B pos 11 -1 goal 0
1787975770.1 RX: B pos 11 -1 goal 0
1787975773.1 RX: B pos 11 -1 goal 0
1787975775.7 spin3 mode=SPIN d5=0.89 lastB=B pos 11 -1 goal 0
1787975776.1 RX: B pos 11 -1 goal 0
1787975779.1 RX: B pos 11 -1 goal 0
1787975781.7 spin3 mode=SPIN d5=0.90 lastB=B pos 11 -1 goal 0
1787975782.1 RX: B pos 11 -1 goal 0
1787975785.1 RX: B pos 11 -1 goal 0
1787975787.7 spin3 mode=SPIN d5=0.89 lastB=B pos 11 -1 goal 0
1787975788.1 RX: B pos 11 -1 goal 0
1787975791.1 RX: B pos 11 -1 goal 0
1787975804.8 === dc start ===
1787975804.9 RX: B pos 11 -1 goal 0
1787975804.9 RX: B pos 11 -1 goal 0
1787975804.9 RX: B pos 11 -1 goal 0
1787975804.9 RX: B pos 11 -1 goal 0
1787975811.1 RX: B pos 11 -1 goal 0
1787975811.1 RX: B pos 11 -1 goal 0
1787975811.5 dc climb 95 tr=0.52 0.88->0.90
1787975829.4 RX: B pos 11 -1 goal 0
1787975829.4 RX: B pos 11 -1 goal 0
1787975829.4 RX: B pos 11 -1 goal 0
1787975829.4 RX: B pos 11 -1 goal 0
1787975829.4 RX: B pos 11 -1 goal 0
1787975829.4 RX: A: I am ~1 unit from that spot NOW. Climbing your sound. KEEP SPINNING.
1787975829.4 RX: B pos 11 -1 goal 0
1787975829.4 RX: B climb d5 0.878 goal 0
1787975829.8 dc climb 275 tr=0.52 0.88->0.86
1787975847.8 dc plateau 0.88
1787975857.7 RX: B pos 11 -1 goal 0
1787975857.7 RX: B pos 11 -1 goal 0
1787975857.7 RX: B climb d5 0.909 goal 0
1787975857.7 RX: B pos 11 -1 goal 0
1787975857.7 RX: B pos 11 -1 goal 0
1787975857.7 RX: B climb d5 0.850 goal 0
1787975857.7 RX: B pos 11 -1 goal 0
1787975857.7 RX: B pos 11 -1 goal 0
1787975857.7 RX: B pos 11 -1 goal 0
1787975857.7 RX: B pos 11 -1 goal 0
1787975857.7 RX: B pos 11 -1 goal 0
1787975857.7 RX: B pos 11 -1 goal 0
1787975857.7 RX: B climb d5 0.818 goal 0
1787975885.0 RX: B pos 11 -1 goal 0
1787975885.0 RX: B pos 11 -1 goal 0
1787975885.0 RX: B climb d5 0.760 goal 0
1787975885.0 RX: B pos 11 -1 goal 0
1787975885.0 RX: B pos 11 -1 goal 0
1787975885.0 RX: B climb d5 0.806 goal 0
1787975885.0 RX: B pos 11 -1 goal 0
1787975885.0 RX: B pos 11 -1 goal 0
1787975885.0 RX: B pos 11 -1 goal 0
1787975885.0 RX: B climb d5 0.897 goal 0
1787975885.0 RX: B pos 11 -1 goal 0
1787975885.0 RX: B pos 11 -1 goal 0
1787975886.0 === spin3 start: A parks+spins, B homes ===
1787975886.0 spin3 mode=SPIN d5=0.00 lastB=None
1787975887.1 RX: B pos 11 -1 goal 0
1787975890.1 RX: B pos 11 -1 goal 0
1787975891.1 RX: B climb d5 0.829 goal 0
1787975892.0 spin3 mode=SPIN d5=0.83 lastB=B pos 11 -1 goal 0
1787975893.1 RX: B pos 11 -1 goal 0
1787975896.1 RX: B pos 11 -1 goal 0
1787975898.1 spin3 mode=SPIN d5=0.89 lastB=B pos 11 -1 goal 0
1787975899.1 RX: B pos 11 -1 goal 0
1787975901.2 RX: B climb d5 0.903 goal 0
1787975902.1 RX: B pos 11 -1 goal 0
1787975904.1 spin3 mode=SPIN d5=0.86 lastB=B pos 11 -1 goal 0
1787975905.1 RX: B pos 11 -1 goal 0
1787975907.1 RX: B climb d5 0.846 goal 0
1787975908.1 RX: B pos 11 -1 goal 0
1787975910.1 spin3 mode=SPIN d5=0.85 lastB=B pos 11 -1 goal 0
1787975911.2 RX: B pos 11 -1 goal 0
1787975914.1 RX: B climb d5 0.902 goal 0
1787975914.1 RX: B pos 11 -1 goal 0
1787975916.2 spin3 mode=SPIN d5=0.90 lastB=B pos 11 -1 goal 0
1787975917.1 RX: B pos 11 -1 goal 0
1787975920.1 RX: B pos 11 -1 goal 0
1787975922.2 spin3 mode=SPIN d5=0.83 lastB=B pos 11 -1 goal 0
1787975923.1 RX: B climb d5 0.833 goal 0
1787975923.2 RX: B pos 11 -1 goal 0
1787975926.2 RX: B pos 11 -1 goal 0
1787975928.3 spin3 mode=SPIN d5=0.88 lastB=B pos 11 -1 goal 0
1787975929.1 RX: B pos 11 -1 goal 0
1787975932.1 RX: B pos 11 -1 goal 0
1787975933.5 RX: B climb d5 0.906 goal 0
1787975934.3 spin3 mode=SPIN d5=0.91 lastB=B pos 11 -1 goal 0
1787975935.2 RX: B pos 11 -1 goal 0
1787975938.2 RX: B pos 11 -1 goal 0
1787975940.3 spin3 mode=SPIN d5=0.88 lastB=B pos 11 -1 goal 0
1787975941.1 RX: B pos 11 -1 goal 0
1787975944.0 RX: B climb d5 0.831 goal 0
1787975944.2 RX: B pos 11 -1 goal 0
1787975946.4 spin3 mode=SPIN d5=0.83 lastB=B pos 11 -1 goal 0
1787975947.1 RX: B pos 11 -1 goal 0
1787975949.8 RX: B climb d5 0.829 goal 0
1787975950.1 RX: B pos 11 -1 goal 0
1787975952.4 spin3 mode=SPIN d5=0.89 lastB=B pos 11 -1 goal 0
1787975953.1 RX: B pos 11 -1 goal 0
1787975956.1 RX: B pos 11 -1 goal 0
1787975957.2 RX: B climb d5 0.907 goal 0
1787975958.4 spin3 mode=SPIN d5=0.91 lastB=B pos 11 -1 goal 0
1787975959.1 RX: B pos 11 -1 goal 0
1787975962.1 RX: B pos 11 -1 goal 0
1787975963.2 RX: B climb d5 0.854 goal 0
1787975964.5 spin3 mode=SPIN d5=0.85 lastB=B pos 11 -1 goal 0
1787975979.7 === dc start ===
1787975979.8 RX: B pos 11 -1 goal 0
1787975979.8 RX: B pos 11 -1 goal 0
1787975979.8 RX: B climb d5 0.910 goal 0
1787975979.8 RX: B pos 11 -1 goal 0
1787975979.8 RX: B pos 11 -1 goal 0
1787975979.9 RX: B pos 11 -1 goal 0
1787975980.1 RX: B pos 11 -1 goal 0
1787975989.9 RX: B pos 11 -1 goal 0
1787975989.9 RX: B pos 11 -1 goal 0
1787975989.9 RX: B pos 11 -1 goal 0
1787975990.4 dc climb 95 tr=0.52 0.83->0.85
1787976007.9 RX: B pos 11 -1 goal 0
1787976007.9 RX: B pos 11 -1 goal 0
1787976007.9 RX: B pos 11 -1 goal 0
1787976007.9 RX: B pos 11 -1 goal 0
1787976007.9 RX: B pos 11 -1 goal 0
1787976007.9 RX: B pos 11 -1 goal 0
1787976008.3 dc climb 275 tr=0.52 0.85->0.83
1787976027.4 RX: B pos 11 -1 goal 0
1787976027.4 RX: B pos 11 -1 goal 0
1787976027.4 RX: B pos 11 -1 goal 0
1787976027.4 RX: B pos 11 -1 goal 0
1787976027.4 RX: B pos 11 -1 goal 0
1787976027.4 RX: B pos 11 -1 goal 0
1787976027.9 dc climb 95 tr=0.52 0.85->0.87
1787976029.3 RX: B pos 11 -1 goal 0
1787976029.7 dc climb 95 tr=0.52 0.87->0.88
1787976049.1 RX: B pos 11 -1 goal 0
1787976049.1 RX: B pos 11 -1 goal 0
1787976049.1 RX: B pos 11 -1 goal 0
1787976049.1 RX: B pos 11 -1 goal 0
1787976049.1 RX: B pos 11 -1 goal 0
1787976049.1 RX: B pos 11 -1 goal 0
1787976049.1 RX: B pos 11 -1 goal 0
1787976049.6 dc climb 275 tr=0.52 0.87->0.79
1787976067.8 dc plateau 0.87
1787976077.3 RX: B pos 11 -1 goal 0
1787976077.3 RX: B pos 11 -1 goal 0
1787976077.3 RX: B pos 11 -1 goal 0
1787976077.3 RX: B pos 11 -1 goal 0
1787976077.3 RX: B pos 11 -1 goal 0
1787976077.3 RX: B pos 11 -1 goal 0
1787976077.3 RX: B pos 11 -1 goal 0
1787976077.3 RX: B pos 11 -1 goal 0
1787976077.3 RX: B pos 11 -1 goal 0
1787976105.6 RX: B pos 11 -1 goal 0
1787976105.6 RX: B pos 11 -1 goal 0
1787976105.6 RX: B pos 11 -1 goal 0
1787976105.6 RX: B pos 11 -1 goal 0
1787976105.6 RX: B pos 11 -1 goal 0
1787976105.6 RX: B pos 11 -1 goal 0
1787976105.6 RX: B pos 11 -1 goal 0
1787976105.6 RX: B pos 11 -1 goal 0
1787976105.6 RX: B pos 11 -1 goal 0
1787976131.8 RX: B pos 11 -1 goal 0
1787976131.8 RX: B pos 11 -1 goal 0
1787976131.8 RX: B pos 11 -1 goal 0
1787976131.8 RX: B pos 11 -1 goal 0
1787976131.8 RX: B pos 11 -1 goal 0
1787976131.8 RX: B pos 11 -1 goal 0
1787976131.8 RX: B pos 11 -1 goal 0
1787976131.8 RX: B pos 11 -1 goal 0
1787976131.8 RX: B pos 11 -1 goal 0
1787976159.3 RX: B pos 11 -1 goal 0
1787976159.3 RX: B pos 11 -1 goal 0
1787976159.3 RX: B pos 11 -1 goal 0
1787976159.3 RX: B pos 11 -1 goal 0
1787976159.3 RX: B pos 11 -1 goal 0
1787976159.3 RX: B pos 11 -1 goal 0
1787976159.3 RX: B pos 11 -1 goal 0
1787976159.3 RX: B pos 11 -1 goal 0
1787976159.3 RX: B pos 11 -1 goal 0
1787976177.9 dc barrier=275 probes={5: 0.8, 95: 0.73, 185: 0.84, 275: 0.89}
1787976177.9 RX: B pos 11 -1 goal 0
1787976177.9 RX: B pos 11 -1 goal 0
1787976177.9 RX: B pos 11 -1 goal 0
1787976177.9 RX: B pos 11 -1 goal 0
1787976177.9 RX: B pos 11 -1 goal 0
1787976177.9 RX: B pos 11 -1 goal 0
1787976195.7 RX: B pos 11 -1 goal 0
1787976195.7 RX: B pos 11 -1 goal 0
1787976195.7 RX: B pos 11 -1 goal 0
1787976195.7 RX: B pos 11 -1 goal 0
1787976195.7 RX: B pos 11 -1 goal 0
1787976195.7 RX: B pos 11 -1 goal 0
1787976196.1 dc THROUGH 275 tr=0.52 d5=0.90
1787976196.2 RX: B pos 11 -1 goal 0
1787976198.5 dc climb 275 tr=0.52 0.90->0.88
1787976218.1 RX: B pos 11 -1 goal 0
1787976218.1 RX: A: d5=0.91 at my spot, one wall between us, I am boxed. ROLE SWAP: I PARK+SPIN NONSTOP right here NOW. You doorcrawl to my sound the last 1-2 cells. Say STOP TEST when d5>1.1 and FREEZE.
1787976218.1 RX: B pos 11 -1 goal 0
1787976218.1 RX: B pos 11 -1 goal 0
1787976218.1 RX: B pos 11 -1 goal 0
1787976218.1 RX: B pos 11 -1 goal 0
1787976218.1 RX: B pos 11 -1 goal 0
1787976218.1 RX: B pos 11 -1 goal 0
1787976218.5 dc climb 95 tr=0.52 0.90->0.91
1787976236.2 dc new plateau 0.90
1787976246.0 RX: B pos 11 -1 goal 0
1787976246.0 RX: B pos 11 -1 goal 0
1787976246.0 RX: B pos 11 -1 goal 0
1787976246.0 RX: B pos 11 -1 goal 0
1787976246.0 RX: B pos 11 -1 goal 0
1787976246.0 RX: B pos 11 -1 goal 0
1787976246.0 RX: B pos 11 -1 goal 0
1787976246.0 RX: B pos 11 -1 goal 0
1787976246.0 RX: B pos 11 -1 goal 0
1787976274.4 RX: B pos 11 -1 goal 0
1787976274.4 RX: B pos 11 -1 goal 0
1787976274.4 RX: B pos 11 -1 goal 0
1787976274.4 RX: B pos 11 -1 goal 0
1787976274.4 RX: B pos 11 -1 goal 0
1787976274.4 RX: B pos 11 -1 goal 0
1787976274.4 RX: B pos 11 -1 goal 0
1787976274.4 RX: B pos 11 -1 goal 0
1787976274.4 RX: B pos 11 -1 goal 0
1787976274.4 RX: B pos 11 -1 goal 0
1787976302.7 RX: B pos 11 -1 goal 0
1787976302.7 RX: B pos 11 -1 goal 0
1787976302.7 RX: B pos 11 -1 goal 0
1787976302.7 RX: B pos 11 -1 goal 0
1787976302.7 RX: B pos 11 -1 goal 0
1787976302.7 RX: B pos 11 -1 goal 0
1787976302.7 RX: B pos 11 -1 goal 0
1787976302.7 RX: B pos 11 -1 goal 0
1787976302.7 RX: B pos 11 -1 goal 0
1787976329.8 RX: B pos 11 -1 goal 0
1787976329.8 RX: B pos 11 -1 goal 0
1787976329.8 RX: B pos 11 -1 goal 0
1787976329.8 RX: B pos 11 -1 goal 0
1787976329.8 RX: B pos 11 -1 goal 0
1787976329.8 RX: B pos 11 -1 goal 0
1787976329.8 RX: B pos 11 -1 goal 0
1787976329.8 RX: B pos 11 -1 goal 0
1787976329.8 RX: B pos 11 -1 goal 0
1787976347.1 dc barrier=185 probes={5: 0.89, 95: 0.91, 185: 0.91, 275: 0.89}
1787976347.1 RX: B pos 11 -1 goal 0
1787976347.1 RX: B pos 11 -1 goal 0
1787976347.1 RX: B pos 11 -1 goal 0
1787976347.1 RX: B pos 11 -1 goal 0
1787976347.1 RX: B pos 11 -1 goal 0
1787976347.1 RX: B pos 11 -1 goal 0
1787976357.8 RX: B pos 11 -1 goal 0
1787976357.8 RX: B pos 11 -1 goal 0
1787976357.8 RX: B pos 11 -1 goal 0
1787976358.2 RX: B pos 11 -1 goal 0
1787976358.3 dc THROUGH 185 tr=0.52 d5=0.92
1787976368.8 RX: B pos 11 -1 goal 0
1787976368.8 RX: B pos 11 -1 goal 0
1787976368.8 RX: B pos 11 -1 goal 0
1787976369.3 dc climb 95 tr=0.52 0.92->0.93
1787976386.4 === manual: request B geometry ===
1787976387.2 RX: B pos 11 -1 goal 0
1787976387.2 RX: B pos 11 -1 goal 0
1787976387.2 RX: B pos 11 -1 goal 0
1787976387.2 RX: B pos 11 -1 goal 0
1787976387.2 RX: B pos 11 -1 goal 0
1787976387.2 RX: B pos 11 -1 goal 0
1787976387.6 dc climb 275 tr=0.52 0.92->0.91
1787976391.2 RX: B pos 11 -1 goal 0
1787976400.1 RX: B pos 11 -1 goal 0
1787976403.2 RX: B pos 11 -1 goal 0
1787976404.6 dc new plateau 0.92
1787976409.1 RX: B pos 11 -1 goal 0
1787976414.7 RX: B pos 11 -1 goal 0
1787976414.7 RX: B pos 11 -1 goal 0
1787976414.7 RX: B pos 11 -1 goal 0
1787976414.7 RX: B pos 11 -1 goal 0
1787976414.7 RX: B pos 11 -1 goal 0
1787976421.1 RX: B pos 11 -1 goal 0
1787976424.2 RX: B pos 11 -1 goal 0
1787976426.4 MY heading=141.6
1787976426.4 MY rays=0.297,0.301,0.252,0.275,0.859,1.201,1.148,0.461,-1.000,0.250,0.292,0.285,0.408,1.050,-1.000,0.508
1787976426.4 MY d5=0.902
1787976437.1 === manual: request B geometry ===
1787976442.6 RX: B pos 11 -1 goal 0
1787976442.6 RX: B pos 11 -1 goal 0
1787976442.6 RX: B pos 11 -1 goal 0
1787976442.6 RX: B pos 11 -1 goal 0
1787976442.6 RX: B pos 11 -1 goal 0
1787976442.6 RX: B pos 11 -1 goal 0
1787976442.6 RX: B pos 11 -1 goal 0
1787976442.6 RX: B pos 11 -1 goal 0
1787976445.2 RX: B pos 11 -1 goal 0
1787976448.2 RX: B pos 11 -1 goal 0
1787976451.2 RX: B pos 11 -1 goal 0
1787976466.2 RX: B pos 11 -1 goal 0
1787976470.9 RX: A REPORT: heading 4. clearance N 0.38 E 0.64 S 2.59 W 0.38. My pocket opens SOUTH only (2.6m). d5 idle 0.92 VERY LOUD you are 1 wall away. Resuming spin.
1787976470.9 RX: B pos 11 -1 goal 0
1787976470.9 RX: B pos 11 -1 goal 0
1787976470.9 RX: B pos 11 -1 goal 0
1787976470.9 RX: B pos 11 -1 goal 0
1787976470.9 RX: B pos 11 -1 goal 0
1787976475.2 RX: B pos 11 -1 goal 0
1787976477.1 MY heading=258.8
1787976477.1 MY rays=1.197,1.140,0.658,0.468,0.345,0.376,0.333,0.558,1.163,1.008,0.387,0.258,0.229,0.199,0.207,0.875
1787976477.1 MY d5=0.923
1787976499.3 RX: B pos 11 -1 goal 0
1787976499.3 RX: B pos 11 -1 goal 0
1787976499.3 RX: B pos 11 -1 goal 0
1787976499.3 RX: B pos 11 -1 goal 0
1787976499.3 RX: B pos 11 -1 goal 0
1787976499.3 RX: B pos 11 -1 goal 0
1787976499.3 RX: B pos 11 -1 goal 0
1787976499.3 RX: B pos 11 -1 goal 0
1787976499.3 RX: B pos 11 -1 goal 0
1787976513.6 === sweep south start ===
1787976532.8 dc barrier=185 probes={5: 0.91, 95: 0.91, 185: 0.92, 275: 0.9}
1787976532.8 RX: B pos 11 -1 goal 0
1787976532.8 RX: B pos 11 -1 goal 0
1787976532.8 RX: B pos 11 -1 goal 0
1787976532.8 RX: B pos 11 -1 goal 0
1787976532.8 RX: B pos 11 -1 goal 0
1787976532.8 RX: B pos 11 -1 goal 0
1787976532.8 RX: B pos 11 -1 goal 0
1787976532.8 RX: B pos 11 -1 goal 0
1787976547.0 RX: B pos 11 -1 goal 0
1787976547.0 RX: B pos 11 -1 goal 0
1787976547.0 RX: B pos 11 -1 goal 0
1787976547.0 RX: B pos 11 -1 goal 0
1787976547.0 RX: B pos 11 -1 goal 0
1787976547.8 sweep cell 0 d5=0.90 E=0.29 W=0.23 S=1.16 N=1.11
1787976549.9 sweep cell 1 d5=0.90 E=0.26 W=0.27 S=0.49 N=0.52
1787976552.0 sweep cell 2 d5=0.90 E=0.23 W=0.30 S=1.19 N=0.87
1787976554.2 sweep cell 3 d5=0.90 E=0.23 W=0.33 S=0.89 N=0.98
1787976556.2 RX: B pos 11 -1 goal 0
1787976556.3 sweep cell 4 d5=0.89 E=0.22 W=0.30 S=1.22 N=0.59
1787976558.4 sweep cell 5 d5=0.89 E=0.14 W=0.34 S=0.49 N=0.68
1787976560.5 sweep cell 6 d5=0.88 E=0.16 W=0.35 S=1.29 N=0.60
1787976562.2 RX: B pos 11 -1 goal 0
1787976562.7 sweep cell 7 d5=0.89 E=0.12 W=0.33 S=0.81 N=0.92
1787976564.8 sweep cell 8 d5=0.88 E=0.11 W=0.36 S=0.65 N=0.71
1787976566.1 RX: B pos 11 -1 goal 0
1787976566.9 sweep cell 9 d5=0.87 E=0.12 W=0.37 S=0.72 N=0.62
1787976567.8 RX: B pos 11 -1 goal 0
1787976567.8 RX: B pos 11 -1 goal 0
1787976567.8 RX: B pos 11 -1 goal 0
1787976567.8 RX: B pos 11 -1 goal 0
1787976567.8 RX: B pos 11 -1 goal 0
1787976567.8 RX: B pos 11 -1 goal 0
1787976568.2 RX: B pos 11 -1 goal 0
1787976568.2 dc THROUGH 185 tr=0.52 d5=0.87
1787976569.0 sweep cell 10 d5=0.88 E=0.15 W=0.34 S=0.39 N=0.70
1787976571.2 sweep cell 11 d5=0.89 E=0.17 W=0.32 S=0.73 N=1.15
1787976573.3 sweep cell 12 d5=0.90 E=0.22 W=0.29 S=1.17 N=1.02
1787976575.4 sweep cell 13 d5=0.90 E=0.24 W=0.27 S=0.67 N=0.62
1787976577.2 RX: B pos 11 -1 goal 0
1787976577.7 sweep end d5=0.90 rays=1.373,0.656,0.366,0.226,0.253,0.268,0.400,0.694,3.000,0.550,0.313,0.307,0.237,0.271,0.381,1.042 h=272.4
1787976578.5 RX: B pos 11 -1 goal 0
1787976578.5 RX: B pos 11 -1 goal 0
1787976578.9 dc climb 275 tr=0.52 0.87->0.90
1787976580.3 RX: B pos 11 -1 goal 0
1787976580.8 dc climb 275 tr=0.52 0.90->0.90
1787976586.2 RX: B pos 11 -1 goal 0
1787976592.2 RX: B pos 11 -1 goal 0
1787976603.2 RX: B pos 11 -1 goal 0
1787976603.2 RX: B pos 11 -1 goal 0
1787976603.2 RX: B pos 11 -1 goal 0
1787976603.2 RX: B pos 11 -1 goal 0
1787976603.2 RX: B pos 11 -1 goal 0
1787976603.6 dc climb 95 tr=0.52 0.90->0.86
1787976625.2 RX: B pos 11 -1 goal 0
1787976625.3 dc new plateau 0.90
1787976628.2 RX: B pos 11 -1 goal 0
1787976637.7 RX: B pos 11 -1 goal 0
1787976637.7 RX: B pos 11 -1 goal 0
1787976637.7 RX: B pos 11 -1 goal 0
1787976637.7 RX: B pos 11 -1 goal 0
1787976637.7 RX: B pos 11 -1 goal 0
1787976637.7 RX: B pos 11 -1 goal 0
1787976637.7 RX: B pos 11 -1 goal 0
1787976637.7 RX: B pos 11 -1 goal 0
1787976637.7 RX: B pos 11 -1 goal 0
1787976637.7 RX: B pos 11 -1 goal 0
1787976649.3 RX: B pos 11 -1 goal 0
1787976658.2 RX: B pos 11 -1 goal 0
1787976667.2 RX: B pos 11 -1 goal 0
1787976671.4 RX: B pos 11 -1 goal 0
1787976671.4 RX: B pos 11 -1 goal 0
1787976671.4 RX: B pos 11 -1 goal 0
1787976671.4 RX: B pos 11 -1 goal 0
1787976671.4 RX: B pos 11 -1 goal 0
1787976671.4 RX: B pos 11 -1 goal 0
1787976671.4 RX: B pos 11 -1 goal 0
1787976671.4 RX: B pos 11 -1 goal 0
1787976675.1 === wallrun start (right-hand) ===
1787976691.2 w1 275 tr=0.52 pos 0,-1 d5=0.861 c={5: 0.24, 95: 0.76, 185: 0.24, 275: 0.89}
1787976691.2 RX: B pos 11 -1 goal 0
1787976691.2 RX: B pos 11 -1 goal 0
1787976691.2 RX: B pos 11 -1 goal 0
1787976692.7 w2 275 tr=0.52 pos 0,-2 d5=0.857 c={5: 0.22, 95: 0.62, 185: 0.24, 275: 0.64}
1787976699.9 w3 275 tr=0.52 pos 0,-3 d5=0.854 c={5: 0.22, 95: 0.83, 185: 0.25, 275: 1.04}
1787976699.9 RX: B pos 11 -1 goal 0
1787976724.8 RX: B pos 11 -1 goal 0
1787976724.8 RX: B pos 11 -1 goal 0
1787976724.8 RX: B pos 11 -1 goal 0
1787976724.8 RX: B pos 11 -1 goal 0
1787976724.8 RX: B pos 11 -1 goal 0
1787976724.8 RX: B pos 11 -1 goal 0
1787976724.8 RX: B pos 11 -1 goal 0
1787976724.8 RX: B pos 11 -1 goal 0
1787976724.8 RX: B pos 11 -1 goal 0
1787976729.8 w4 275 tr=0.52 pos 0,-4 d5=0.614 c={5: 0.25, 95: 0.86, 185: 0.25, 275: 1.0}
1787976729.8 RX: B pos 11 -1 goal 0
1787976729.8 RX: B pos 11 -1 goal 0
1787976729.8 RX: B pos 11 -1 goal 0
1787976729.8 RX: B pos 11 -1 goal 0
1787976729.8 RX: B pos 11 -1 goal 0
1787976731.3 w5 275 tr=0.52 pos 0,-5 d5=0.629 c={5: 0.23, 95: 1.01, 185: 0.26, 275: 1.27}
1787976761.0 === wallrun start (right-hand) ===
1787976762.6 w6 275 tr=0.52 pos 0,-6 d5=0.545 c={5: 0.28, 95: 1.24, 185: 0.28, 275: 1.23}
1787976766.9 RX: B pos 11 -1 goal 0
1787976767.7 w7 275 tr=0.52 pos 0,-7 d5=0.547 c={5: 0.27, 95: 1.09, 185: 0.27, 275: 1.17}
1787976795.8 w1 95 tr=0.52 pos 0,1 d5=0.549 c={5: 0.26, 95: 0.89, 185: 0.27, 275: 0.96}
1787976801.7 dc barrier=95 probes={5: 0.85, 95: 0.86, 185: 0.81, 275: 0.54}
1787976802.4 w8 275 tr=0.52 pos 0,-8 d5=0.530 c={5: 0.26, 95: 2.19, 185: 0.27, 275: 0.89}
1787976802.7 w2 95 tr=0.52 pos 0,2 d5=0.552 c={5: 0.28, 95: 0.81, 185: 0.29, 275: 0.9}
1787976803.8 dc THROUGH 95 tr=0.52 d5=0.54
1787976804.2 w3 95 tr=0.52 pos 0,3 d5=0.534 c={5: 0.23, 95: 0.63, 185: 0.29, 275: 0.56}
1787976805.6 w4 95 tr=0.52 pos 0,4 d5=0.534 c={5: 0.21, 95: 0.94, 185: 0.27, 275: 1.36}
1787976837.2 w9 275 tr=0.52 pos 0,-9 d5=0.536 c={5: 0.22, 95: 0.75, 185: 0.28, 275: 0.78}
1787976839.5 dc climb 275 tr=0.52 0.54->0.55
1787976840.0 w5 95 tr=0.36 pos 0,5 d5=0.544 c={5: 0.2, 95: 0.85, 185: 0.25, 275: 1.05}
1787976851.4 w6 95 tr=0.52 pos 0,6 d5=0.560 c={5: 0.3, 95: 0.83, 185: 0.21, 275: 1.32}
1787976852.9 w7 95 tr=0.52 pos 0,7 d5=0.550 c={5: 0.29, 95: 0.49, 185: 0.19, 275: 0.93}
1787976854.3 w8 95 tr=0.52 pos 0,8 d5=0.555 c={5: 0.31, 95: 0.49, 185: 0.2, 275: 0.79}
1787976855.8 w9 95 tr=0.52 pos 0,9 d5=0.539 c={5: 0.32, 95: 0.45, 185: 0.23, 275: 0.84}
1787976857.3 w10 95 tr=0.52 pos 0,10 d5=0.525 c={5: 0.34, 95: 0.51, 185: 0.19, 275: 0.92}
1787976859.2 w11 95 tr=0.52 pos 0,11 d5=0.532 c={5: 0.31, 95: 0.7, 185: 0.21, 275: 0.98}
1787976860.7 w12 95 tr=0.52 pos 0,12 d5=0.503 c={5: 0.31, 95: 0.6, 185: 0.24, 275: 0.8}
1787976862.2 w13 95 tr=0.52 pos 0,13 d5=0.514 c={5: 0.3, 95: 0.7, 185: 0.18, 275: 0.91}
1787976863.6 w14 95 tr=0.52 pos 0,14 d5=0.504 c={5: 0.3, 95: 0.66, 185: 0.2, 275: 0.9}
1787976865.1 w15 95 tr=0.52 pos 0,15 d5=0.492 c={5: 0.31, 95: 0.6, 185: 0.2, 275: 0.74}
1787976866.6 w16 95 tr=0.52 pos 0,16 d5=0.468 c={5: 0.3, 95: 0.57, 185: 0.23, 275: 0.79}
1787976869.4 w17 95 tr=0.52 pos 0,17 d5=0.461 c={5: 0.28, 95: 0.74, 185: 0.2, 275: 0.86}
1787976870.8 w18 95 tr=0.52 pos 0,18 d5=0.450 c={5: 0.25, 95: 0.64, 185: 0.22, 275: 0.73}
1787976872.3 w19 95 tr=0.52 pos 0,19 d5=0.439 c={5: 0.29, 95: 2.08, 185: 0.25, 275: 0.77}
1787976873.8 w20 95 tr=0.52 pos 0,20 d5=0.440 c={5: 0.28, 95: 0.67, 185: 0.22, 275: 0.69}
1787976875.2 w21 95 tr=0.52 pos 0,21 d5=0.431 c={5: 0.31, 95: 0.57, 185: 0.24, 275: 2.49}
1787976876.7 w22 95 tr=0.52 pos 0,22 d5=0.427 c={5: 0.35, 95: 1.82, 185: 0.23, 275: 0.71}
1787976878.2 w23 95 tr=0.52 pos 0,23 d5=0.391 c={5: 0.32, 95: 0.63, 185: 0.21, 275: 0.81}
1787976879.6 w24 95 tr=0.52 pos 0,24 d5=0.389 c={5: 0.3, 95: 0.56, 185: 0.23, 275: 0.83}
1787976881.1 w25 95 tr=0.52 pos 0,25 d5=0.391 c={5: 0.29, 95: 0.83, 185: 0.27, 275: 0.66}
1787976882.6 w26 95 tr=0.52 pos 0,26 d5=0.379 c={5: 0.26, 95: 0.79, 185: 0.22, 275: 0.69}
1787976884.1 w27 95 tr=0.52 pos 0,27 d5=0.355 c={5: 0.29, 95: 0.52, 185: 0.22, 275: 0.76}
1787976885.5 w28 95 tr=0.52 pos 0,28 d5=0.362 c={5: 0.28, 95: 0.6, 185: 0.21, 275: 0.8}
1787976887.0 w29 95 tr=0.52 pos 0,29 d5=0.346 c={5: 0.29, 95: 0.55, 185: 0.21, 275: 0.69}
1787976888.5 w30 95 tr=0.52 pos 0,30 d5=0.344 c={5: 0.29, 95: 0.51, 185: 0.23, 275: 0.7}
1787976889.9 w31 95 tr=0.52 pos 0,31 d5=0.318 c={5: 0.29, 95: 0.66, 185: 0.18, 275: 0.76}
1787976891.4 w32 95 tr=0.52 pos 0,32 d5=0.320 c={5: 0.27, 95: 0.64, 185: 0.2, 275: 0.81}
1787976892.9 w33 95 tr=0.52 pos 0,33 d5=0.328 c={5: 0.27, 95: 1.01, 185: 0.2, 275: 0.85}
1787976894.3 w34 95 tr=0.52 pos 0,34 d5=0.314 c={5: 0.29, 95: 0.94, 185: 0.21, 275: 0.69}
1787976895.8 w35 95 tr=0.52 pos 0,35 d5=0.291 c={5: 0.23, 95: 0.86, 185: 0.24, 275: 0.67}
1787976897.3 w36 95 tr=0.52 pos 0,36 d5=0.277 c={5: 0.22, 95: 0.75, 185: 0.26, 275: 0.66}
1787976898.7 w37 95 tr=0.52 pos 0,37 d5=0.273 c={5: 0.28, 95: 0.68, 185: 0.2, 275: 0.72}
1787976900.2 w38 95 tr=0.52 pos 0,38 d5=0.275 c={5: 0.29, 95: 0.61, 185: 0.23, 275: 0.77}
1787976901.7 w39 95 tr=0.52 pos 0,39 d5=0.244 c={5: 0.27, 95: 0.52, 185: 0.24, 275: 0.77}
1787976903.1 w40 95 tr=0.52 pos 0,40 d5=0.268 c={5: 0.25, 95: 0.42, 185: 0.77, 275: 0.64}
1787976912.9 w41 185 tr=0.52 pos -1,40 d5=0.256 c={5: 0.27, 95: 0.32, 185: 0.78, 275: 0.74}
1787976914.4 w42 185 tr=0.52 pos -2,40 d5=0.255 c={5: 0.34, 95: 0.33, 185: 0.65, 275: 2.99}
1787976915.9 w43 185 tr=0.52 pos -3,40 d5=0.267 c={5: 0.42, 95: 0.36, 185: 0.59, 275: 1.05}
1787976917.3 w44 185 tr=0.52 pos -4,40 d5=0.263 c={5: 0.48, 95: 0.37, 185: 0.49, 275: 0.26}
1787976935.6 w45 5 tr=0.52 pos -3,40 d5=0.259 c={5: 0.68, 95: 0.36, 185: 0.42, 275: 0.21}
1787976937.1 w46 5 tr=0.52 pos -2,40 d5=0.259 c={5: 0.49, 95: 0.34, 185: 0.51, 275: 0.2}
1787976947.6 w47 275 tr=0.52 pos -2,39 d5=0.271 c={5: 0.42, 95: 0.35, 185: 0.57, 275: 1.06}
1787976957.4 w48 185 SHORT tr=0.00
1787976957.8 w49 185 SHORT tr=0.00
1787976958.3 w50 185 SHORT tr=0.00
1787976958.7 w51 185 SHORT tr=0.00
1787976959.1 w52 185 SHORT tr=0.00
1787976959.5 w53 185 SHORT tr=0.00
1787976959.9 w54 185 SHORT tr=0.00
1787976960.3 w55 185 SHORT tr=0.00
1787976960.7 w56 185 SHORT tr=0.00
1787976961.1 w57 185 SHORT tr=0.00
1787976961.9 w58 185 SHORT tr=0.00
1787976962.3 w59 185 SHORT tr=0.00
1787976962.8 w60 185 SHORT tr=0.00
1787976963.2 w61 185 SHORT tr=0.00
1787976963.6 w62 185 SHORT tr=0.00
1787976964.0 w63 185 SHORT tr=0.00
1787976964.4 w64 185 SHORT tr=0.00
1787976964.8 w65 185 SHORT tr=0.00
1787976965.7 w66 185 SHORT tr=0.00
1787976966.1 w67 185 SHORT tr=0.00
1787976966.5 w68 185 SHORT tr=0.00
1787976966.9 w69 185 SHORT tr=0.00
1787976967.3 w70 185 SHORT tr=0.00
1787976967.7 w71 185 SHORT tr=0.00
1787976968.1 w72 185 SHORT tr=0.00
1787976968.5 w73 185 SHORT tr=0.00
1787976968.9 w74 185 SHORT tr=0.00
1787976969.4 w75 185 SHORT tr=0.00
1787976969.8 w76 185 SHORT tr=0.00
1787976970.2 w77 185 SHORT tr=0.00
1787976970.6 w78 185 SHORT tr=0.00
1787976971.0 w79 185 SHORT tr=0.00
1787976971.4 w80 185 SHORT tr=0.00
1787976971.8 w81 185 SHORT tr=0.00
1787976972.2 w82 185 SHORT tr=0.00
1787976972.7 w83 185 SHORT tr=0.00
1787976973.1 w84 185 SHORT tr=0.00
1787976973.5 w85 185 SHORT tr=0.00
1787976973.9 w86 185 SHORT tr=0.00
1787976974.3 w87 185 SHORT tr=0.00
1787976974.7 w88 185 SHORT tr=0.00
1787976975.5 w89 185 SHORT tr=0.00
1787976975.9 w90 185 SHORT tr=0.00
1787976976.3 w91 185 SHORT tr=0.00
1787976976.7 w92 185 SHORT tr=0.00
1787976977.1 w93 185 SHORT tr=0.00
1787976977.5 w94 185 SHORT tr=0.00
1787976977.9 w95 185 SHORT tr=0.00
1787976978.3 w96 185 SHORT tr=0.00
1787976978.8 w97 185 SHORT tr=0.00
1787976979.2 w98 185 SHORT tr=0.00
1787976979.6 w99 185 SHORT tr=0.00
1787976980.0 w100 185 SHORT tr=0.00
1787976980.4 w101 185 SHORT tr=0.00
1787976980.8 w102 185 SHORT tr=0.00
1787976981.2 w103 185 SHORT tr=0.00
1787976981.6 w104 185 SHORT tr=0.00
1787976982.1 w105 185 SHORT tr=0.00
1787976982.5 w106 185 SHORT tr=0.00
1787976982.9 w107 185 SHORT tr=0.00
1787976983.3 w108 185 SHORT tr=0.00
1787976983.7 w109 185 SHORT tr=0.00
1787976984.1 w110 185 SHORT tr=0.00
1787976984.5 w111 185 SHORT tr=0.00
1787976984.9 w112 185 SHORT tr=0.00
1787976985.3 w113 185 SHORT tr=0.00
1787976987.2 w114 185 SHORT tr=0.00
1787976987.6 w115 185 SHORT tr=0.00
1787976988.0 w116 185 SHORT tr=0.00
1787976988.4 w117 185 SHORT tr=0.00
1787976988.8 w118 185 SHORT tr=0.00
1787976989.2 w119 185 SHORT tr=0.00
1787976989.6 w120 185 SHORT tr=0.00
1787976990.0 w121 185 SHORT tr=0.00
1787976990.5 w122 185 SHORT tr=0.00
1787976990.9 w123 185 SHORT tr=0.00
1787976991.3 w124 185 SHORT tr=0.00
1787976991.7 w125 185 SHORT tr=0.00
1787976992.1 w126 185 SHORT tr=0.00
1787976993.0 === goback south to hotspot ===
1787977003.3 gb0 tr=0.52 d5=0.28
1787977005.1 gb1 tr=0.52 d5=0.27
1787977007.0 gb2 tr=0.52 d5=0.28
1787977008.9 gb3 tr=0.52 d5=0.28
1787977010.7 gb4 tr=0.52 d5=0.28
1787977012.6 gb5 tr=0.52 d5=0.28
1787977014.5 gb6 tr=0.52 d5=0.28
1787977016.3 gb7 tr=0.52 d5=0.29
1787977018.2 gb8 tr=0.52 d5=0.28
1787977020.0 gb9 tr=0.52 d5=0.27
1787977021.9 gb10 tr=0.52 d5=0.27
1787977023.8 gb11 tr=0.52 d5=0.28
1787977025.6 gb12 tr=0.52 d5=0.28
1787977027.5 gb13 tr=0.52 d5=0.31
1787977029.4 gb14 tr=0.52 d5=0.32
1787977031.2 gb15 tr=0.52 d5=0.35
1787977033.1 gb16 tr=0.52 d5=0.38
1787977034.9 gb17 tr=0.52 d5=0.41
1787977036.8 gb18 tr=0.52 d5=0.43
1787977038.7 gb19 tr=0.52 d5=0.47
1787977040.5 gb20 tr=0.52 d5=0.51
1787977042.4 gb21 tr=0.52 d5=0.56
1787977044.3 gb22 tr=0.52 d5=0.58
1787977046.1 gb23 tr=0.52 d5=0.61
1787977048.0 gb24 tr=0.52 d5=0.67
1787977049.2 RX: B pos 11 -1 goal 0
1787977049.8 gb25 tr=0.52 d5=0.73
1787977051.2 RX: B pos 11 -1 goal 0
1787977051.7 gb26 tr=0.52 d5=0.76
1787977053.0 RX: B climb d5 0.764 goal 0
1787977053.6 gb27 tr=0.52 d5=0.79
1787977054.8 RX: B pos 11 -1 goal 0
1787977055.4 gb28 tr=0.52 d5=0.81
1787977057.2 RX: B pos 11 -1 goal 0
1787977057.3 gb29 tr=0.52 d5=0.88
1787977059.2 gb30 tr=0.52 d5=0.91
1787977060.4 RX: B pos 11 -1 goal 0
1787977061.0 gb31 tr=0.52 d5=0.92
1787977062.8 RX: B climb d5 0.923 goal 0
1787977062.9 gb32 tr=0.52 d5=0.92
1787977064.1 RX: B pos 11 -1 goal 0
1787977064.7 gb33 tr=0.52 d5=0.92
1787977066.2 RX: B pos 11 -1 goal 0
1787977066.6 gb34 tr=0.52 d5=0.86
1787977066.6 gb passed peak, backing 1
1787977083.4 RX: B climb d5 0.855 goal 0
1787977083.4 RX: B pos 11 -1 goal 0
1787977083.4 RX: B pos 11 -1 goal 0
1787977083.4 RX: B pos 11 -1 goal 0
1787977083.4 RX: B climb d5 0.915 goal 0
1787977083.4 RX: B pos 11 -1 goal 0
1787977083.4 RX: B pos 11 -1 goal 0
1787977084.2 RX: B pos 11 -1 goal 0
1787977084.3 gb hold at d5=0.86 rays=1.739,0.491,0.378,0.227,0.288,0.312,0.510,1.162,1.608,0.511,0.280,0.230,0.261,0.296,0.374,0.881 h=99.5
1787977085.3 RX: B climb d5 0.861 goal 0
1787977087.2 RX: B pos 11 -1 goal 0
1787977090.2 RX: B pos 11 -1 goal 0
1787977092.3 RX: B climb d5 0.926 goal 0
1787977093.2 RX: B pos 11 -1 goal 0
1787977096.2 RX: B pos 11 -1 goal 0
1787977099.1 RX: B climb d5 0.863 goal 0
1787977099.2 RX: B pos 11 -1 goal 0
1787977102.2 RX: B pos 11 -1 goal 0
1787977105.2 RX: B pos 11 -1 goal 0
1787977106.4 RX: B climb d5 0.917 goal 0
1787977108.2 RX: B pos 11 -1 goal 0
1787977111.3 RX: B pos 11 -1 goal 0
1787977114.3 RX: B pos 11 -1 goal 0
1787977116.1 RX: B climb d5 0.911 goal 0
1787977117.2 RX: B pos 11 -1 goal 0
1787977120.3 RX: B pos 11 -1 goal 0
1787977123.2 RX: B pos 11 -1 goal 0
1787977126.3 RX: B pos 11 -1 goal 0
1787977127.3 RX: B climb d5 0.921 goal 0
1787977129.2 RX: B pos 11 -1 goal 0
1787977132.2 RX: B pos 11 -1 goal 0
1787977135.3 RX: B pos 11 -1 goal 0
1787977138.2 RX: B pos 11 -1 goal 0
1787977141.2 RX: B pos 11 -1 goal 0
1787977144.2 RX: B pos 11 -1 goal 0
1787977147.2 RX: B pos 11 -1 goal 0
1787977150.2 RX: B pos 11 -1 goal 0
1787977153.3 RX: B pos 11 -1 goal 0
1787977156.2 RX: B pos 11 -1 goal 0
1787977158.2 === pn north-bias LRV ===
1787977160.5 pn1 95 0,1 d5=0.87 c={5: 0.23, 95: 0.89, 185: 0.28, 275: 1.16}
1787977160.5 RX: B pos 11 -1 goal 0
1787977162.7 pn2 95 0,2 d5=0.87 c={5: 0.27, 95: 0.53, 185: 0.24, 275: 0.58}
1787977162.7 RX: B pos 11 -1 goal 0
1787977164.8 pn3 95 0,3 d5=0.87 c={5: 0.25, 95: 0.71, 185: 0.26, 275: 0.73}
1787977165.2 RX: B pos 11 -1 goal 0
1787977167.0 pn4 95 0,4 d5=0.87 c={5: 0.25, 95: 0.74, 185: 0.24, 275: 0.82}
1787977169.1 pn5 95 0,5 d5=0.87 c={5: 0.26, 95: 0.65, 185: 0.21, 275: 0.8}
1787977169.1 RX: B pos 11 -1 goal 0
1787977171.3 pn6 95 0,6 d5=0.87 c={5: 0.28, 95: 0.65, 185: 0.22, 275: 0.63}
1787977171.3 RX: B pos 11 -1 goal 0
1787977173.5 pn7 95 0,7 d5=0.86 c={5: 0.26, 95: 0.59, 185: 0.25, 275: 0.62}
1787977175.6 pn8 95 0,8 d5=0.84 c={5: 0.28, 95: 0.73, 185: 0.22, 275: 0.71}
1787977175.6 RX: B pos 11 -1 goal 0
1787977177.8 pn9 95 0,9 d5=0.83 c={5: 0.27, 95: 0.75, 185: 0.23, 275: 0.72}
1787977177.8 RX: B pos 11 -1 goal 0
1787977179.9 pn10 95 0,10 d5=0.76 c={5: 0.25, 95: 0.74, 185: 0.25, 275: 0.86}
1787977180.2 RX: B pos 11 -1 goal 0
1787977182.1 pn11 95 0,11 d5=0.75 c={5: 0.27, 95: 0.61, 185: 0.26, 275: 0.61}
1787977184.3 pn12 95 0,12 d5=0.73 c={5: 0.25, 95: 0.56, 185: 0.25, 275: 2.41}
1787977184.3 RX: B pos 11 -1 goal 0
1787977186.4 pn13 95 0,13 d5=0.68 c={5: 0.24, 95: 0.86, 185: 0.25, 275: 0.64}
1787977186.4 RX: B pos 11 -1 goal 0
1787977188.6 pn14 95 0,14 d5=0.64 c={5: 0.27, 95: 0.79, 185: 0.23, 275: 0.68}
1787977190.8 pn15 95 0,15 d5=0.63 c={5: 0.3, 95: 0.63, 185: 0.22, 275: 0.8}
1787977192.9 pn16 95 0,16 d5=0.59 c={5: 0.28, 95: 0.56, 185: 0.23, 275: 0.76}
1787977195.1 pn17 95 0,17 d5=0.55 c={5: 0.27, 95: 0.87, 185: 0.25, 275: 0.65}
1787977197.2 pn18 95 0,18 d5=0.54 c={5: 0.26, 95: 0.45, 185: 0.22, 275: 0.68}
1787977199.4 pn19 95 0,19 d5=0.52 c={5: 0.27, 95: 0.48, 185: 0.23, 275: 0.73}
1787977201.6 pn20 95 0,20 d5=0.51 c={5: 0.28, 95: 0.48, 185: 0.23, 275: 0.68}
1787977203.7 pn21 95 0,21 d5=0.49 c={5: 0.29, 95: 0.54, 185: 0.2, 275: 0.67}
1787977205.9 pn22 95 0,22 d5=0.48 c={5: 0.3, 95: 0.74, 185: 0.23, 275: 0.69}
1787977208.1 pn23 95 0,23 d5=0.46 c={5: 0.28, 95: 0.69, 185: 0.18, 275: 0.78}
1787977210.2 pn24 95 0,24 d5=0.45 c={5: 0.28, 95: 0.62, 185: 0.19, 275: 0.8}
1787977212.4 pn25 95 0,25 d5=0.43 c={5: 0.28, 95: 1.04, 185: 0.19, 275: 0.82}
1787977214.6 pn26 95 0,26 d5=0.42 c={5: 0.29, 95: 0.95, 185: 0.21, 275: 0.68}
1787977216.7 pn27 95 0,27 d5=0.41 c={5: 0.25, 95: 0.87, 185: 0.23, 275: 3.0}
1787977218.9 pn28 95 0,28 d5=0.39 c={5: 0.24, 95: 0.78, 185: 0.2, 275: 0.67}
1787977221.1 pn29 95 0,29 d5=0.39 c={5: 0.32, 95: 0.71, 185: 0.2, 275: 0.72}
1787977223.2 pn30 95 0,30 d5=0.37 c={5: 0.3, 95: 0.61, 185: 0.23, 275: 0.74}
1787977225.4 pn31 95 0,31 d5=0.36 c={5: 0.29, 95: 0.54, 185: 0.24, 275: 0.78}
1787977235.6 pn32 185 -1,31 d5=0.35 c={5: 0.27, 95: 0.46, 185: 0.74, 275: 0.67}
1787977246.2 pn33 275 -1,30 d5=0.34 c={5: 0.33, 95: 0.43, 185: 0.19, 275: 0.81}
1787977248.3 pn34 275 -1,29 d5=0.33 c={5: 0.34, 95: 0.56, 185: 0.17, 275: 0.61}
1787977250.5 pn35 275 -1,28 d5=0.33 c={5: 0.34, 95: 0.63, 185: 0.2, 275: 0.76}
1787977253.1 pn36 275 -1,27 d5=0.34 c={5: 0.27, 95: 0.7, 185: 0.17, 275: 1.1}
1787977255.2 pn37 275 -1,26 d5=0.33 c={5: 0.24, 95: 0.74, 185: 0.19, 275: 0.78}
1787977257.4 pn38 275 -1,25 d5=0.34 c={5: 0.28, 95: 0.81, 185: 0.22, 275: 0.7}
1787977259.6 pn39 275 -1,24 d5=0.35 c={5: 0.28, 95: 0.93, 185: 0.23, 275: 0.88}
1787977261.7 pn40 275 -1,23 d5=0.35 c={5: 0.26, 95: 0.98, 185: 0.24, 275: 2.13}
1787977263.9 pn41 275 -1,22 d5=0.36 c={5: 0.25, 95: 0.76, 185: 0.22, 275: 0.77}
1787977266.1 pn42 275 -1,21 d5=0.37 c={5: 0.26, 95: 0.76, 185: 0.23, 275: 0.88}
1787977268.2 pn43 275 -1,20 d5=0.37 c={5: 0.25, 95: 0.75, 185: 0.27, 275: 0.81}
1787977270.4 pn44 275 -1,19 d5=0.38 c={5: 0.26, 95: 0.58, 185: 0.26, 275: 0.58}
1787977272.5 pn45 275 -1,18 d5=0.39 c={5: 0.22, 95: 0.63, 185: 0.3, 275: 0.52}
1787977274.7 pn46 275 -1,17 d5=0.40 c={5: 0.22, 95: 0.72, 185: 0.29, 275: 0.53}
1787977276.9 pn47 275 -1,16 d5=0.41 c={5: 0.2, 95: 0.63, 185: 0.27, 275: 0.64}
1787977279.0 pn48 275 -1,15 d5=0.41 c={5: 0.22, 95: 0.67, 185: 0.3, 275: 0.58}
1787977281.2 pn49 275 -1,14 d5=0.42 c={5: 0.25, 95: 1.76, 185: 0.27, 275: 0.52}
1787977282.9 === pn north-bias LRV ===
1787977301.0 pn1 95 0,1 d5=0.43 c={5: 0.22, 95: 0.74, 185: 0.28, 275: 0.64}
1787977303.2 pn2 95 0,2 d5=0.63 c={5: 0.27, 95: 0.75, 185: 0.24, 275: 0.74}
1787977305.3 pn3 95 0,3 d5=0.61 c={5: 0.28, 95: 0.6, 185: 0.27, 275: 0.5}
1787977307.5 pn4 95 0,4 d5=0.60 c={5: 0.26, 95: 0.87, 185: 0.28, 275: 0.82}
1787977309.7 pn5 95 0,5 d5=0.59 c={5: 0.24, 95: 0.82, 185: 0.25, 275: 0.72}
1787977311.8 pn6 95 0,6 d5=0.57 c={5: 0.25, 95: 0.75, 185: 0.25, 275: 0.77}
1787977314.0 pn7 95 0,7 d5=0.55 c={5: 0.25, 95: 0.49, 185: 0.24, 275: 0.57}
1787977316.1 pn8 95 0,8 d5=0.53 c={5: 0.26, 95: 0.62, 185: 0.21, 275: 0.7}
1787977318.3 pn9 95 0,9 d5=0.51 c={5: 0.29, 95: 0.77, 185: 0.23, 275: 0.66}
1787977320.5 pn10 95 0,10 d5=0.50 c={5: 0.29, 95: 0.47, 185: 0.22, 275: 0.71}
1787977322.7 pn11 95 0,11 d5=0.48 c={5: 0.28, 95: 0.65, 185: 0.2, 275: 2.99}
1787977324.8 pn12 95 0,12 d5=0.46 c={5: 0.26, 95: 0.61, 185: 0.21, 275: 0.8}
1787977327.0 pn13 95 0,13 d5=0.45 c={5: 0.29, 95: 0.97, 185: 0.2, 275: 0.64}
1787977329.2 pn14 95 0,14 d5=0.44 c={5: 0.29, 95: 0.9, 185: 0.23, 275: 0.67}
1787977331.3 pn15 95 0,15 d5=0.42 c={5: 0.24, 95: 0.8, 185: 0.21, 275: 0.64}
1787977333.5 pn16 95 0,16 d5=0.41 c={5: 0.23, 95: 0.73, 185: 0.18, 275: 0.7}
1787977335.6 pn17 95 0,17 d5=0.39 c={5: 0.31, 95: 0.66, 185: 0.2, 275: 0.75}
1787977337.8 pn18 95 0,18 d5=0.38 c={5: 0.28, 95: 0.58, 185: 0.24, 275: 0.79}
1787977340.0 pn19 95 0,19 d5=0.37 c={5: 0.29, 95: 0.49, 185: 0.24, 275: 0.67}
1787977340.7 pn west opening found at 0,19
1787977351.1 pn20 185 -1,19 d5=0.35 c={5: 0.26, 95: 0.39, 185: 0.76, 275: 0.7}
1787977360.9 pn21 275 -1,18 d5=0.36 c={5: 0.33, 95: 0.4, 185: 0.17, 275: 0.89}
1787977363.1 pn22 275 -1,17 d5=0.37 c={5: 0.35, 95: 0.52, 185: 0.17, 275: 0.49}
1787977365.3 pn23 275 -1,16 d5=0.38 c={5: 0.38, 95: 0.59, 185: 0.18, 275: 0.6}
1787977367.4 pn24 275 -1,15 d5=0.39 c={5: 0.3, 95: 0.67, 185: 0.17, 275: 0.87}
1787977369.6 pn25 275 -1,14 d5=0.41 c={5: 0.27, 95: 0.72, 185: 0.15, 275: 1.08}
1787977371.8 pn26 275 -1,13 d5=0.42 c={5: 0.25, 95: 0.78, 185: 0.17, 275: 0.73}
1787977373.9 pn27 275 -1,12 d5=0.44 c={5: 0.31, 95: 0.84, 185: 0.22, 275: 0.91}
1787977376.1 pn28 275 -1,11 d5=0.49 c={5: 0.28, 95: 0.96, 185: 0.2, 275: 0.87}
1787977378.3 pn29 275 -1,10 d5=0.51 c={5: 0.26, 95: 0.99, 185: 0.23, 275: 0.8}
1787977380.4 pn30 275 -1,9 d5=0.53 c={5: 0.25, 95: 0.73, 185: 0.21, 275: 0.73}
1787977382.6 pn31 275 -1,8 d5=0.54 c={5: 0.26, 95: 0.78, 185: 0.24, 275: 0.88}
1787977384.7 pn32 275 -1,7 d5=0.57 c={5: 0.27, 95: 0.56, 185: 0.26, 275: 0.8}
1787977386.9 pn33 275 -1,6 d5=0.62 c={5: 0.24, 95: 0.6, 185: 0.25, 275: 0.77}
1787977387.2 RX: B pos 11 -1 goal 0
1787977389.1 pn34 275 -1,5 d5=0.65 c={5: 0.22, 95: 0.66, 185: 0.27, 275: 0.53}
1787977391.2 pn35 275 -1,4 d5=0.67 c={5: 0.23, 95: 0.69, 185: 0.26, 275: 0.56}
1787977391.2 RX: B pos 11 -1 goal 0
1787977393.4 pn36 275 -1,3 d5=0.69 c={5: 0.21, 95: 0.64, 185: 0.28, 275: 0.63}
1787977393.4 RX: B pos 11 -1 goal 0
1787977395.6 pn37 275 -1,2 d5=0.71 c={5: 0.25, 95: 0.67, 185: 0.29, 275: 0.64}
1787977397.7 pn38 275 -1,1 d5=0.74 c={5: 0.26, 95: 0.61, 185: 0.27, 275: 0.51}
1787977397.7 RX: B pos 11 -1 goal 0
1787977399.9 pn39 275 -1,0 d5=0.76 c={5: 0.25, 95: 0.71, 185: 0.26, 275: 0.74}
1787977399.9 RX: B pos 11 -1 goal 0
1787977402.1 pn40 275 -1,-1 d5=0.78 c={5: 0.2, 95: 0.74, 185: 0.27, 275: 0.65}
1787977402.3 RX: B pos 11 -1 goal 0
1787977404.2 pn41 275 -1,-2 d5=0.81 c={5: 0.2, 95: 0.81, 185: 0.28, 275: 0.65}
1787977406.4 pn42 275 -1,-3 d5=0.82 c={5: 0.22, 95: 0.7, 185: 0.27, 275: 0.59}
1787977406.4 RX: B pos 11 -1 goal 0
1787977408.6 pn43 275 -1,-4 d5=0.85 c={5: 0.24, 95: 0.65, 185: 0.3, 275: 0.56}
1787977408.6 RX: B pos 11 -1 goal 0
1787977410.7 pn44 275 -1,-5 d5=0.86 c={5: 0.2, 95: 0.82, 185: 0.25, 275: 0.73}
1787977411.2 RX: B pos 11 -1 goal 0
1787977412.9 pn45 275 -1,-6 d5=0.88 c={5: 0.25, 95: 0.74, 185: 0.24, 275: 0.81}
1787977415.1 pn46 275 -1,-7 d5=0.89 c={5: 0.26, 95: 0.75, 185: 0.27, 275: 0.99}
1787977415.1 RX: B pos 11 -1 goal 0
1787977417.2 pn47 275 -1,-8 d5=0.90 c={5: 0.26, 95: 0.67, 185: 0.26, 275: 0.54}
1787977417.3 RX: B pos 11 -1 goal 0
1787977419.4 pn48 275 -1,-9 d5=0.92 c={5: 0.24, 95: 0.69, 185: 0.26, 275: 0.88}
1787977421.5 pn49 275 -1,-10 d5=0.92 c={5: 0.21, 95: 0.76, 185: 0.26, 275: 0.53}
1787977421.5 RX: B pos 11 -1 goal 0
1787977423.7 pn50 275 -1,-11 d5=0.93 c={5: 0.22, 95: 0.83, 185: 0.33, 275: 0.52}
1787977423.7 RX: B pos 11 -1 goal 0
1787977425.9 pn51 275 -1,-12 d5=0.93 c={5: 0.24, 95: 0.75, 185: 0.31, 275: 0.62}
1787977426.3 RX: B pos 11 -1 goal 0
1787977428.0 pn52 275 -1,-13 d5=0.93 c={5: 0.25, 95: 0.58, 185: 0.29, 275: 0.56}
1787977430.2 pn53 275 -1,-14 d5=0.93 c={5: 0.21, 95: 2.92, 185: 0.31, 275: 0.66}
1787977430.2 RX: B pos 11 -1 goal 0
1787977432.4 pn54 275 -1,-15 d5=0.92 c={5: 0.21, 95: 0.7, 185: 0.29, 275: 0.71}
1787977432.4 RX: B pos 11 -1 goal 0
1787977434.5 pn55 275 -1,-16 d5=0.92 c={5: 0.22, 95: 0.75, 185: 0.29, 275: 0.63}
1787977436.7 pn56 275 -1,-17 d5=0.91 c={5: 0.19, 95: 0.78, 185: 0.3, 275: 0.6}
1787977436.7 RX: B pos 11 -1 goal 0
1787977438.9 pn57 275 -1,-18 d5=0.89 c={5: 0.24, 95: 0.67, 185: 0.31, 275: 0.86}
1787977438.9 RX: B pos 11 -1 goal 0
1787977441.0 pn58 275 -1,-19 d5=0.88 c={5: 0.25, 95: 0.72, 185: 0.3, 275: 0.47}
1787977441.3 RX: B pos 11 -1 goal 0
1787977443.7 pn59 275 -1,-20 d5=0.86 c={5: 0.23, 95: 0.81, 185: 0.3, 275: 0.61}
1787977445.8 pn60 275 -1,-21 d5=0.84 c={5: 0.26, 95: 0.68, 185: 0.88, 275: 0.54}
1787977445.8 RX: B pos 11 -1 goal 0
1787977448.0 pn61 275 -1,-22 d5=0.82 c={5: 0.25, 95: 0.75, 185: 1.21, 275: 0.61}
1787977448.0 RX: B pos 11 -1 goal 0
1787977450.1 pn62 275 -1,-23 d5=0.80 c={5: 0.27, 95: 0.78, 185: 0.85, 275: 0.57}
1787977450.1 RX: A: d5 0.91 IDLE at my spot, you are 1 wall NORTH of me. I cannot find door my side. I will ROCK IN PLACE (loud fwd/back) so you can home. Find door YOUR side. FREEZE rule stands d5>1.05.
1787977450.3 RX: B pos 11 -1 goal 0
1787977452.3 pn63 275 -1,-24 d5=0.78 c={5: 0.21, 95: 0.9, 185: 0.83, 275: 0.76}
1787977454.5 pn64 275 -1,-25 d5=0.77 c={5: 0.21, 95: 0.98, 185: 0.7, 275: 0.69}
1787977454.5 RX: B pos 11 -1 goal 0
1787977456.6 pn65 275 -1,-26 d5=0.75 c={5: 0.23, 95: 0.76, 185: 0.45, 275: 0.59}
1787977456.6 RX: B pos 11 -1 goal 0
1787977458.8 pn66 275 -1,-27 d5=0.72 c={5: 0.24, 95: 0.78, 185: 1.36, 275: 0.51}
1787977459.3 RX: B pos 11 -1 goal 0
1787977462.3 pn67 275 -1,-28 d5=0.70 c={5: 0.24, 95: 0.97, 185: 0.48, 275: 0.45}
1787977462.3 RX: B pos 11 -1 goal 0
1787977473.5 pn68 185 -2,-28 d5=0.68 c={5: 0.27, 95: 0.7, 185: 0.97, 275: 0.34}
1787977473.5 RX: B pos 11 -1 goal 0
1787977473.5 RX: B pos 11 -1 goal 0
1787977473.5 RX: B pos 11 -1 goal 0
1787977475.6 pn69 185 -3,-28 d5=0.68 c={5: 0.35, 95: 1.01, 185: 0.77, 275: 0.35}
1787977475.6 RX: B pos 11 -1 goal 0
1787977477.8 pn70 185 -4,-28 d5=0.68 c={5: 0.44, 95: 1.24, 185: 0.82, 275: 0.34}
1787977477.8 RX: B pos 11 -1 goal 0
1787977480.0 pn71 185 -5,-28 d5=0.69 c={5: 0.52, 95: 0.14, 185: 0.77, 275: 0.34}
1787977480.3 RX: B pos 11 -1 goal 0
1787977482.1 pn72 185 -6,-28 d5=0.70 c={5: 0.55, 95: 0.12, 185: 0.59, 275: 0.32}
1787977484.3 pn73 185 -7,-28 d5=0.69 c={5: 0.64, 95: 0.14, 185: 0.86, 275: 0.31}
1787977484.3 RX: B pos 11 -1 goal 0
1787977486.4 pn74 185 -8,-28 d5=0.68 c={5: 0.74, 95: 0.17, 185: 0.5, 275: 0.28}
1787977486.4 RX: B pos 11 -1 goal 0
1787977488.6 pn75 185 -9,-28 d5=0.68 c={5: 0.83, 95: 0.18, 185: 0.64, 275: 0.27}
1787977490.8 pn76 185 -10,-28 d5=0.68 c={5: 0.9, 95: 0.2, 185: 0.81, 275: 0.29}
1787977490.8 RX: B pos 11 -1 goal 0
1787977492.9 pn77 185 -11,-28 d5=0.67 c={5: 1.02, 95: 0.22, 185: 1.08, 275: 0.26}
1787977492.9 RX: B pos 11 -1 goal 0
1787977495.1 pn78 185 -12,-28 d5=0.66 c={5: 0.81, 95: 0.24, 185: 0.71, 275: 0.32}
1787977495.3 RX: B pos 11 -1 goal 0
1787977497.3 pn79 185 -13,-28 d5=0.65 c={5: 0.86, 95: 0.21, 185: 0.68, 275: 0.27}
1787977499.4 pn80 185 -14,-28 d5=0.65 c={5: 0.94, 95: 0.19, 185: 0.83, 275: 0.22}
1787977499.4 RX: B pos 11 -1 goal 0
1787977501.6 pn81 185 -15,-28 d5=0.64 c={5: 0.77, 95: 0.2, 185: 0.75, 275: 0.2}
1787977503.7 pn82 185 -16,-28 d5=0.63 c={5: 0.54, 95: 0.26, 185: 0.6, 275: 0.23}
1787977505.9 pn83 185 -17,-28 d5=0.61 c={5: 0.65, 95: 0.24, 185: 0.59, 275: 0.22}
1787977508.1 === west2: enter x=-2 col, climb north ===
1787977508.9 w2 A0 d5=0.58 c={5: 0.87, 95: 0.27, 185: 0.33, 275: 0.22}
1787977508.9 w2 north blocked
1787977526.1 w2 B1 5 1,0 d5=0.57 c={5: 1.03, 95: 0.26, 185: 0.3, 275: 0.22}
1787977528.3 w2 B2 5 2,0 d5=0.58 c={5: 0.83, 95: 0.28, 185: 0.35, 275: 0.2}
1787977530.5 w2 B3 5 3,0 d5=0.59 c={5: 0.77, 95: 0.25, 185: 0.42, 275: 0.21}
1787977532.6 w2 B4 5 4,0 d5=0.61 c={5: 0.68, 95: 0.25, 185: 0.57, 275: 0.22}
1787977534.8 w2 B5 5 5,0 d5=0.62 c={5: 0.57, 95: 0.24, 185: 0.6, 275: 0.24}
1787977536.9 w2 B6 5 6,0 d5=0.63 c={5: 0.57, 95: 0.21, 185: 0.62, 275: 0.21}
1787977539.1 w2 B7 5 7,0 d5=0.64 c={5: 0.58, 95: 0.22, 185: 0.68, 275: 0.22}
1787977541.3 w2 B8 5 8,0 d5=0.65 c={5: 0.64, 95: 0.2, 185: 0.71, 275: 0.26}
1787977541.3 RX: B pos 11 -1 goal 0
1787977543.4 w2 B9 5 9,0 d5=0.65 c={5: 0.46, 95: 0.22, 185: 0.53, 275: 0.26}
1787977543.4 RX: B pos 11 -1 goal 0
1787977545.6 w2 B10 5 10,0 d5=0.66 c={5: 0.5, 95: 0.25, 185: 0.57, 275: 0.25}
1787977547.8 w2 B11 5 11,0 d5=0.66 c={5: 0.9, 95: 0.23, 185: 0.63, 275: 0.27}
1787977547.8 RX: B pos 11 -1 goal 0
1787977549.9 w2 B12 5 12,0 d5=0.66 c={5: 0.82, 95: 0.2, 185: 0.66, 275: 0.24}
1787977549.9 RX: A: I PARK+ROCK LOUD at my spot from now, NOT moving anymore. Home on my sound. My spot: dead-end pocket area, clearances vary, one wall between us earlier. Say STOP TEST at d5>1.05 and I freeze.
1787977549.9 RX: B pos 11 -1 goal 0
1787977552.1 w2 B13 5 13,0 d5=0.66 c={5: 0.77, 95: 0.23, 185: 0.53, 275: 0.21}
1787977552.3 RX: B pos 11 -1 goal 0
1787977554.3 w2 B14 5 14,0 d5=0.67 c={5: 0.68, 95: 0.2, 185: 0.58, 275: 0.27}
1787977556.4 w2 B15 5 15,0 d5=0.67 c={5: 0.58, 95: 0.19, 185: 0.65, 275: 0.27}
1787977556.4 RX: B pos 11 -1 goal 0
1787977558.6 w2 B16 5 16,0 d5=0.66 c={5: 0.49, 95: 0.21, 185: 0.72, 275: 0.25}
1787977558.6 RX: B pos 11 -1 goal 0
1787977570.0 w2 B17 95 16,1 d5=0.66 c={5: 0.46, 95: 0.73, 185: 0.72, 275: 0.26}
1787977570.0 RX: B pos 11 -1 goal 0
1787977570.0 RX: B pos 11 -1 goal 0
1787977570.0 RX: B pos 11 -1 goal 0
1787977570.3 RX: B pos 11 -1 goal 0
1787977572.1 w2 B18 95 16,2 d5=0.69 c={5: 0.46, 95: 0.99, 185: 0.79, 275: 0.34}
1787977574.3 w2 B19 95 16,3 d5=0.70 c={5: 0.46, 95: 0.91, 185: 0.84, 275: 0.41}
1787977574.3 RX: B pos 11 -1 goal 0
1787977576.5 w2 B20 95 16,4 d5=0.70 c={5: 0.47, 95: 0.71, 185: 0.87, 275: 0.4}
1787977576.5 RX: B pos 11 -1 goal 0
1787977578.6 w2 B21 95 16,5 d5=0.71 c={5: 0.45, 95: 0.94, 185: 0.85, 275: 0.4}
1787977580.8 w2 B22 95 16,6 d5=0.71 c={5: 0.47, 95: 0.73, 185: 0.86, 275: 0.4}
1787977580.8 RX: B pos 11 -1 goal 0
1787977583.0 w2 B23 95 16,7 d5=0.71 c={5: 0.47, 95: 0.93, 185: 0.86, 275: 0.4}
1787977583.0 RX: B pos 11 -1 goal 0
1787977585.1 w2 B24 95 16,8 d5=0.70 c={5: 0.47, 95: 0.73, 185: 0.86, 275: 0.4}
1787977585.3 RX: B pos 11 -1 goal 0
1787977587.3 w2 B25 95 16,9 d5=0.71 c={5: 0.47, 95: 1.2, 185: 0.88, 275: 0.4}
1787977589.5 w2 B26 95 16,10 d5=0.71 c={5: 0.46, 95: 0.71, 185: 0.88, 275: 0.39}
1787977589.5 RX: B pos 11 -1 goal 0
1787977591.6 w2 B27 95 16,11 d5=0.71 c={5: 0.47, 95: 1.19, 185: 1.51, 275: 0.4}
1787977591.6 RX: B pos 11 -1 goal 0
1787977593.8 w2 B28 95 16,12 d5=0.71 c={5: 0.46, 95: 0.91, 185: 0.86, 275: 0.4}
1787977594.3 RX: B pos 11 -1 goal 0
1787977595.9 w2 B29 95 16,13 d5=0.70 c={5: 0.46, 95: 0.73, 185: 0.86, 275: 0.42}
1787977598.1 w2 B30 95 16,14 d5=0.70 c={5: 0.45, 95: 0.72, 185: 0.87, 275: 0.4}
1787977598.1 RX: B pos 11 -1 goal 0
1787977600.3 w2 B31 95 16,15 d5=0.71 c={5: 0.46, 95: 0.91, 185: 0.86, 275: 0.4}
1787977600.3 RX: B pos 11 -1 goal 0
1787977602.4 w2 B32 95 16,16 d5=0.71 c={5: 0.46, 95: 0.71, 185: 0.86, 275: 0.41}
1787977604.6 w2 B33 95 16,17 d5=0.71 c={5: 0.47, 95: 0.92, 185: 0.86, 275: 0.4}
1787977604.6 RX: B pos 11 -1 goal 0
1787977606.8 w2 B34 95 16,18 d5=0.71 c={5: 0.46, 95: 0.73, 185: 1.52, 275: 0.39}
1787977606.8 RX: B pos 11 -1 goal 0
1787977608.9 w2 B35 95 16,19 d5=0.70 c={5: 0.46, 95: 0.93, 185: 0.84, 275: 0.42}
1787977609.3 RX: B pos 11 -1 goal 0
1787977611.1 w2 B36 95 16,20 d5=0.71 c={5: 0.45, 95: 0.62, 185: 0.85, 275: 0.4}
1787977613.2 w2 B37 95 16,21 d5=0.71 c={5: 0.45, 95: 1.22, 185: 0.87, 275: 0.4}
1787977613.2 RX: B pos 11 -1 goal 0
1787977615.4 w2 B38 95 16,22 d5=0.71 c={5: 0.47, 95: 0.73, 185: 0.87, 275: 0.4}
1787977615.4 RX: B pos 11 -1 goal 0
1787977617.6 w2 B39 95 16,23 d5=0.70 c={5: 0.45, 95: 0.92, 185: 0.85, 275: 0.41}
1787977619.7 w2 B40 95 16,24 d5=0.71 c={5: 0.45, 95: 0.95, 185: 0.84, 275: 0.41}
1787977619.7 RX: B pos 11 -1 goal 0
1787977621.9 w2 B41 95 16,25 d5=0.71 c={5: 0.46, 95: 0.62, 185: 0.86, 275: 0.4}
1787977621.9 RX: B pos 11 -1 goal 0
1787977624.1 w2 B42 95 16,26 d5=0.71 c={5: 0.45, 95: 0.9, 185: 0.84, 275: 0.4}
1787977624.3 RX: B pos 11 -1 goal 0
1787977626.2 w2 B43 95 16,27 d5=0.71 c={5: 0.45, 95: 0.92, 185: 0.86, 275: 0.4}
1787977628.4 w2 B44 95 16,28 d5=0.70 c={5: 0.46, 95: 0.72, 185: 0.87, 275: 0.42}
1787977628.4 RX: B pos 11 -1 goal 0
1787977630.6 w2 B45 95 16,29 d5=0.70 c={5: 0.46, 95: 0.72, 185: 0.86, 275: 0.4}
1787977630.6 RX: B pos 11 -1 goal 0
1787977632.7 w2 B46 95 16,30 d5=0.71 c={5: 0.45, 95: 0.93, 185: 0.84, 275: 0.4}
1787977633.3 RX: B pos 11 -1 goal 0
1787977634.9 w2 B47 95 16,31 d5=0.71 c={5: 0.45, 95: 0.9, 185: 0.85, 275: 0.39}
1787977637.0 w2 B48 95 16,32 d5=0.71 c={5: 0.47, 95: 0.73, 185: 0.86, 275: 0.39}
1787977637.0 RX: B pos 11 -1 goal 0
1787977639.2 w2 B49 95 16,33 d5=0.71 c={5: 0.46, 95: 0.91, 185: 0.86, 275: 0.4}
1787977639.3 RX: B pos 11 -1 goal 0
1787977641.4 w2 B50 95 16,34 d5=0.70 c={5: 0.45, 95: 1.19, 185: 0.85, 275: 0.4}
1787977643.5 w2 B51 95 16,35 d5=0.71 c={5: 0.46, 95: 0.93, 185: 0.85, 275: 0.42}
1787977643.5 RX: B pos 11 -1 goal 0
1787977645.7 w2 B52 95 16,36 d5=0.71 c={5: 0.47, 95: 0.9, 185: 0.86, 275: 0.41}
1787977645.7 RX: B pos 11 -1 goal 0
1787977647.9 w2 B53 95 16,37 d5=0.71 c={5: 0.47, 95: 0.93, 185: 0.88, 275: 0.4}
1787977648.3 RX: B pos 11 -1 goal 0
1787977650.0 w2 B54 95 16,38 d5=0.71 c={5: 0.46, 95: 0.73, 185: 0.84, 275: 0.41}
1787977652.2 w2 B55 95 16,39 d5=0.70 c={5: 0.47, 95: 0.92, 185: 0.85, 275: 0.4}
1787977652.2 RX: B pos 11 -1 goal 0
1787977654.4 w2 B56 95 16,40 d5=0.71 c={5: 0.44, 95: 0.9, 185: 0.86, 275: 0.41}
1787977654.4 RX: B pos 11 -1 goal 0
1787977656.5 w2 B57 95 16,41 d5=0.71 c={5: 0.46, 95: 0.9, 185: 0.85, 275: 0.41}
1787977658.7 w2 B58 95 16,42 d5=0.71 c={5: 0.46, 95: 0.72, 185: 0.86, 275: 0.39}
1787977658.7 RX: B pos 11 -1 goal 0
1787977660.8 w2 B59 95 16,43 d5=0.71 c={5: 0.46, 95: 1.21, 185: 0.87, 275: 0.39}
1787977660.8 RX: B pos 11 -1 goal 0
1787977663.0 w2 B60 95 16,44 d5=0.71 c={5: 0.46, 95: 0.94, 185: 0.85, 275: 0.39}
1787977663.3 RX: B pos 11 -1 goal 0
1787977665.2 w2 B61 95 16,45 d5=0.71 c={5: 0.46, 95: 0.91, 185: 0.84, 275: 0.4}
1787977667.3 w2 B62 95 16,46 d5=0.71 c={5: 0.46, 95: 0.71, 185: 0.87, 275: 0.4}
1787977667.3 RX: B pos 11 -1 goal 0
1787977669.5 w2 B63 95 16,47 d5=0.71 c={5: 0.45, 95: 1.21, 185: 0.86, 275: 0.39}
1787977669.5 RX: B pos 11 -1 goal 0
1787977671.7 w2 B64 95 16,48 d5=0.70 c={5: 0.45, 95: 0.93, 185: 0.16, 275: 0.4}
1787977673.8 w2 B65 95 16,49 d5=0.70 c={5: 0.47, 95: 1.2, 185: 0.88, 275: 0.4}
1787977673.8 RX: B pos 11 -1 goal 0
1787977676.0 w2 B66 95 16,50 d5=0.71 c={5: 0.47, 95: 0.73, 185: 0.88, 275: 0.41}
1787977676.0 RX: B pos 11 -1 goal 0
1787977678.2 w2 B67 95 16,51 d5=0.71 c={5: 0.45, 95: 0.92, 185: 0.84, 275: 0.4}
1787977678.3 RX: B pos 11 -1 goal 0
1787977680.3 w2 B68 95 16,52 d5=0.71 c={5: 0.46, 95: 0.92, 185: 0.85, 275: 0.39}
1787977682.5 w2 B69 95 16,53 d5=0.71 c={5: 0.44, 95: 0.89, 185: 0.85, 275: 0.4}
1787977682.5 RX: B pos 11 -1 goal 0
1787977684.6 w2 B70 95 16,54 d5=0.70 c={5: 0.45, 95: 0.9, 185: 0.84, 275: 0.41}
1787977684.6 RX: B pos 11 -1 goal 0
1787977686.8 w2 B71 95 16,55 d5=0.71 c={5: 0.46, 95: 0.73, 185: 0.86, 275: 0.39}
1787977687.3 RX: B pos 11 -1 goal 0
1787977689.0 w2 B72 95 16,56 d5=0.71 c={5: 0.46, 95: 0.92, 185: 0.86, 275: 0.39}
1787977691.1 w2 B73 95 16,57 d5=0.71 c={5: 0.46, 95: 0.93, 185: 0.86, 275: 0.4}
1787977691.1 RX: B pos 11 -1 goal 0
1787977693.3 w2 B74 95 16,58 d5=0.70 c={5: 0.45, 95: 0.94, 185: 0.86, 275: 0.4}
1787977693.3 RX: B pos 11 -1 goal 0
1787977695.5 w2 B75 95 16,59 d5=0.70 c={5: 0.46, 95: 1.22, 185: 0.87, 275: 0.42}
1787977697.6 w2 B76 95 16,60 d5=0.71 c={5: 0.49, 95: 0.94, 185: 0.86, 275: 0.4}
1787977697.6 RX: B pos 11 -1 goal 0
1787977699.8 w2 B77 95 16,61 d5=0.71 c={5: 0.46, 95: 0.91, 185: 0.86, 275: 0.39}
1787977699.8 RX: B pos 11 -1 goal 0
1787977702.0 w2 B78 95 16,62 d5=0.71 c={5: 0.44, 95: 0.94, 185: 0.84, 275: 0.4}
1787977702.3 RX: B pos 11 -1 goal 0
1787977704.1 w2 B79 95 16,63 d5=0.70 c={5: 0.45, 95: 0.73, 185: 0.87, 275: 0.41}
1787977706.3 w2 B80 95 16,64 d5=0.70 c={5: 0.45, 95: 0.71, 185: 0.86, 275: 0.41}
1787977706.3 RX: B pos 11 -1 goal 0
1787977708.4 w2 B81 95 16,65 d5=0.71 c={5: 0.47, 95: 0.92, 185: 0.86, 275: 0.41}
1787977708.4 RX: B pos 11 -1 goal 0
1787977710.6 w2 B82 95 16,66 d5=0.71 c={5: 0.46, 95: 0.73, 185: 0.87, 275: 0.4}
1787977712.8 w2 B83 95 16,67 d5=0.71 c={5: 0.46, 95: 0.72, 185: 0.87, 275: 0.43}
1787977712.8 RX: B pos 11 -1 goal 0
1787977714.9 w2 B84 95 16,68 d5=0.71 c={5: 0.45, 95: 0.93, 185: 0.85, 275: 0.4}
1787977714.9 RX: B pos 11 -1 goal 0
1787977717.1 w2 B85 95 16,69 d5=0.71 c={5: 0.46, 95: 0.92, 185: 0.16, 275: 0.42}
1787977717.3 RX: B pos 11 -1 goal 0
1787977719.3 w2 B86 95 16,70 d5=0.71 c={5: 0.46, 95: 1.4, 185: 0.86, 275: 0.4}
1787977721.4 w2 B87 95 16,71 d5=0.71 c={5: 0.45, 95: 0.94, 185: 0.14, 275: 0.41}
1787977721.4 RX: B pos 11 -1 goal 0
1787977747.5 === dc start ===
1787977747.6 RX: B pos 11 -1 goal 0
1787977747.6 RX: B pos 11 -1 goal 0
1787977747.6 RX: B pos 11 -1 goal 0
1787977747.6 RX: B pos 11 -1 goal 0
1787977747.6 RX: B pos 11 -1 goal 0
1787977758.7 RX: B pos 11 -1 goal 0
1787977758.7 RX: B pos 11 -1 goal 0
1787977758.7 RX: B pos 11 -1 goal 0
1787977759.2 dc climb 95 tr=0.52 0.72->0.71
1787977787.0 RX: B pos 11 -1 goal 0
1787977787.0 RX: B pos 11 -1 goal 0
1787977787.0 RX: B pos 11 -1 goal 0
1787977787.0 RX: B pos 11 -1 goal 0
1787977787.0 RX: B pos 11 -1 goal 0
1787977787.0 RX: B pos 11 -1 goal 0
1787977787.0 RX: B pos 11 -1 goal 0
1787977787.0 RX: B pos 11 -1 goal 0
1787977787.0 RX: B pos 11 -1 goal 0
1787977787.0 RX: B pos 11 -1 goal 0
1787977787.4 dc climb 185 tr=0.52 0.72->0.68
1787977806.9 RX: B pos 11 -1 goal 0
1787977806.9 RX: B pos 11 -1 goal 0
1787977806.9 RX: B pos 11 -1 goal 0
1787977806.9 RX: B pos 11 -1 goal 0
1787977806.9 RX: A: I am at open junction spot rocking loud nonstop, NOT in pocket. Session ending; beacon persists. Next session I resume same protocol immediately. FREEZE at d5>1.05 + STOP TEST.
1787977806.9 RX: B pos 11 -1 goal 0
1787977806.9 RX: B pos 11 -1 goal 0
1787977807.3 dc climb 5 tr=0.52 0.72->0.68
1787977825.0 dc plateau 0.72
1787977841.7 RX: B pos 11 -1 goal 0
1787977841.7 RX: B pos 11 -1 goal 0
1787977841.7 RX: B pos 11 -1 goal 0
1787977841.7 RX: B pos 11 -1 goal 0
1787977841.7 RX: B pos 11 -1 goal 0
1787977841.7 RX: B pos 11 -1 goal 0
1787977841.7 RX: B pos 11 -1 goal 0
1787977841.7 RX: B pos 11 -1 goal 0
1787977841.7 RX: B pos 11 -1 goal 0
1787977841.7 RX: B pos 11 -1 goal 0
1787977841.7 RX: B pos 11 -1 goal 0
1787977841.7 RX: B pos 11 -1 goal 0
1787977870.1 RX: B pos 11 -1 goal 0
1787977870.1 RX: B pos 11 -1 goal 0
1787977870.1 RX: B pos 11 -1 goal 0
1787977870.1 RX: B pos 11 -1 goal 0
1787977870.1 RX: B pos 11 -1 goal 0
1787977870.1 RX: B pos 11 -1 goal 0
1787977870.1 RX: B pos 11 -1 goal 0
1787977870.1 RX: B pos 11 -1 goal 0
1787977870.1 RX: B pos 11 -1 goal 0
1787977870.3 RX: B pos 11 -1 goal 0
1787977898.3 RX: B pos 11 -1 goal 0
1787977898.3 RX: B pos 11 -1 goal 0
1787977898.3 RX: B pos 11 -1 goal 0
1787977898.3 RX: B pos 11 -1 goal 0
1787977898.3 RX: B pos 11 -1 goal 0
1787977898.3 RX: B pos 11 -1 goal 0
1787977898.3 RX: B pos 11 -1 goal 0
1787977898.3 RX: B pos 11 -1 goal 0
1787977898.3 RX: B pos 11 -1 goal 0
1787977925.9 RX: B pos 11 -1 goal 0
1787977925.9 RX: B pos 11 -1 goal 0
1787977925.9 RX: B pos 11 -1 goal 0
1787977925.9 RX: B pos 11 -1 goal 0
1787977925.9 RX: B pos 11 -1 goal 0
1787977925.9 RX: B pos 11 -1 goal 0
1787977925.9 RX: B pos 11 -1 goal 0
1787977925.9 RX: B pos 11 -1 goal 0
1787977925.9 RX: B pos 11 -1 goal 0
1787977944.0 dc barrier=95 probes={5: 0.68, 95: 0.69, 185: 0.68, 275: 0.67}
1787977944.0 RX: B pos 11 -1 goal 0
1787977944.0 RX: B pos 11 -1 goal 0
1787977944.0 RX: B pos 11 -1 goal 0
1787977944.0 RX: B pos 11 -1 goal 0
1787977944.0 RX: B pos 11 -1 goal 0
1787977944.0 RX: B pos 11 -1 goal 0
1787977945.8 RX: B pos 11 -1 goal 0
1787977946.2 dc THROUGH 95 tr=0.52 d5=0.70
1787977948.3 RX: B pos 11 -1 goal 0
1787977948.6 dc climb 95 tr=0.52 0.71->0.71
1787977977.0 RX: B pos 11 -1 goal 0
1787977977.0 RX: B pos 11 -1 goal 0
1787977977.0 RX: B pos 11 -1 goal 0
1787977977.0 RX: B pos 11 -1 goal 0
1787977977.0 RX: B pos 11 -1 goal 0
1787977977.0 RX: B pos 11 -1 goal 0
1787977977.0 RX: B pos 11 -1 goal 0
1787977977.0 RX: B pos 11 -1 goal 0
1787977977.0 RX: B pos 11 -1 goal 0
1787977977.4 dc climb 185 tr=0.52 0.71->0.68
1787977996.7 RX: B pos 11 -1 goal 0
1787977996.7 RX: B pos 11 -1 goal 0
1787977996.7 RX: B pos 11 -1 goal 0
1787977996.7 RX: B pos 11 -1 goal 0
1787977996.7 RX: B pos 11 -1 goal 0
1787977996.7 RX: B pos 11 -1 goal 0
1787977996.7 RX: B pos 11 -1 goal 0
1787977997.2 dc climb 5 tr=0.52 0.71->0.68
1787978015.5 dc new plateau 0.71
1787978032.7 RX: B pos 11 -1 goal 0
1787978032.7 RX: B pos 11 -1 goal 0
1787978032.7 RX: B pos 11 -1 goal 0
1787978032.7 RX: B pos 11 -1 goal 0
1787978032.7 RX: B pos 11 -1 goal 0
1787978032.7 RX: B pos 11 -1 goal 0
1787978032.7 RX: B pos 11 -1 goal 0
1787978032.7 RX: B pos 11 -1 goal 0
1787978032.7 RX: B pos 11 -1 goal 0
1787978032.7 RX: B pos 11 -1 goal 0
1787978032.7 RX: B pos 11 -1 goal 0
1787978032.7 RX: B pos 11 -1 goal 0
1787978060.4 RX: B pos 11 -1 goal 0
1787978060.4 RX: B pos 11 -1 goal 0
1787978060.4 RX: B pos 11 -1 goal 0
1787978060.4 RX: B pos 11 -1 goal 0
1787978060.4 RX: B pos 11 -1 goal 0
1787978060.4 RX: B pos 11 -1 goal 0
1787978060.4 RX: B pos 11 -1 goal 0
1787978060.4 RX: B pos 11 -1 goal 0
1787978060.4 RX: B pos 11 -1 goal 0
1787978086.1 RX: B pos 11 -1 goal 0
1787978086.1 RX: B pos 11 -1 goal 0
1787978086.1 RX: B pos 11 -1 goal 0
1787978086.1 RX: B pos 11 -1 goal 0
1787978086.1 RX: B pos 11 -1 goal 0
1787978086.1 RX: B pos 11 -1 goal 0
1787978086.1 RX: B pos 11 -1 goal 0
1787978086.1 RX: B pos 11 -1 goal 0
1787978086.3 RX: B pos 11 -1 goal 0
1787978113.5 RX: B pos 11 -1 goal 0
1787978113.5 RX: B pos 11 -1 goal 0
1787978113.5 RX: B pos 11 -1 goal 0
1787978113.5 RX: B pos 11 -1 goal 0
1787978113.5 RX: B pos 11 -1 goal 0
1787978113.5 RX: B pos 11 -1 goal 0
1787978113.5 RX: B pos 11 -1 goal 0
1787978113.5 RX: B pos 11 -1 goal 0
1787978113.5 RX: B pos 11 -1 goal 0
1787978130.9 dc barrier=95 probes={5: 0.68, 95: 0.69, 185: 0.68, 275: 0.67}
1787978130.9 RX: B pos 11 -1 goal 0
1787978130.9 RX: B pos 11 -1 goal 0
1787978130.9 RX: B pos 11 -1 goal 0
1787978130.9 RX: B pos 11 -1 goal 0
1787978130.9 RX: B pos 11 -1 goal 0
1787978132.7 RX: B pos 11 -1 goal 0
1787978133.1 dc THROUGH 95 tr=0.52 d5=0.70
1787978143.5 RX: B pos 11 -1 goal 0
1787978143.5 RX: B pos 11 -1 goal 0
1787978143.5 RX: B pos 11 -1 goal 0
1787978143.5 RX: B pos 11 -1 goal 0
1787978144.0 dc climb 185 tr=0.28 0.71->0.71
1787978171.3 RX: B pos 11 -1 goal 0
1787978171.3 RX: B pos 11 -1 goal 0
1787978171.3 RX: B pos 11 -1 goal 0
1787978171.3 RX: B pos 11 -1 goal 0
1787978171.3 RX: B pos 11 -1 goal 0
1787978171.3 RX: B pos 11 -1 goal 0
1787978171.3 RX: B pos 11 -1 goal 0
1787978171.3 RX: B pos 11 -1 goal 0
1787978171.3 RX: B pos 11 -1 goal 0
1787978171.8 dc climb 95 tr=0.52 0.71->0.72
1787978199.6 RX: B pos 11 -1 goal 0
1787978199.6 RX: B pos 11 -1 goal 0
1787978199.6 RX: B pos 11 -1 goal 0
1787978199.6 RX: B pos 11 -1 goal 0
1787978199.6 RX: B pos 11 -1 goal 0
1787978199.6 RX: B pos 11 -1 goal 0
1787978199.6 RX: B pos 11 -1 goal 0
1787978199.6 RX: B pos 11 -1 goal 0
1787978199.6 RX: B pos 11 -1 goal 0
1787978200.1 dc climb 5 tr=0.52 0.71->0.70
1787978213.0 === dc start ===
1787978225.0 dcw1 95 pos 0,1 d5=0.70
1787978225.0 RX: B pos 11 -1 goal 0
1787978225.0 RX: B pos 11 -1 goal 0
1787978225.0 RX: B pos 11 -1 goal 0
1787978225.0 RX: B pos 11 -1 goal 0
1787978226.7 dcw2 95 pos 0,2 d5=0.72
1787978228.4 dcw3 95 pos 0,3 d5=0.74
1787978228.4 RX: B pos 11 -1 goal 0
1787978246.3 dcw4 275 pos 0,2 d5=0.78
1787978246.3 RX: B pos 11 -1 goal 0
1787978246.3 RX: B pos 11 -1 goal 0
1787978246.3 RX: B pos 11 -1 goal 0
1787978246.3 RX: B pos 11 -1 goal 0
1787978246.3 RX: B pos 11 -1 goal 0
1787978246.3 RX: B pos 11 -1 goal 0
1787978256.8 dcw5 185 pos -1,2 d5=0.74
1787978256.8 RX: B pos 11 -1 goal 0
1787978256.8 RX: B pos 11 -1 goal 0
1787978256.8 RX: B pos 11 -1 goal 0
1787978266.8 dcw6 95 pos -1,3 d5=0.75
1787978266.8 RX: B pos 11 -1 goal 0
1787978266.8 RX: B pos 11 -1 goal 0
1787978266.8 RX: B pos 11 -1 goal 0
1787978266.8 RX: B pos 11 -1 goal 0
1787978277.8 dcw7 185 pos -2,3 d5=0.78
1787978277.8 RX: B pos 11 -1 goal 0
1787978277.8 RX: B pos 11 -1 goal 0
1787978277.8 RX: B pos 11 -1 goal 0
1787978279.5 dcw8 185 pos -3,3 d5=0.78
1787978279.5 RX: B pos 11 -1 goal 0
1787978289.1 dcw9 95 pos -3,4 d5=0.79
1787978289.1 RX: B pos 11 -1 goal 0
1787978289.1 RX: B pos 11 -1 goal 0
1787978289.1 RX: B pos 11 -1 goal 0
1787978300.1 dcw10 185 pos -4,4 d5=0.81
1787978300.1 RX: B pos 11 -1 goal 0
1787978300.1 RX: B pos 11 -1 goal 0
1787978300.1 RX: B pos 11 -1 goal 0
1787978300.1 RX: B pos 11 -1 goal 0
1787978301.8 dcw11 185 pos -5,4 d5=0.82
1787978302.3 RX: B pos 11 -1 goal 0
1787978319.8 RX: B pos 11 -1 goal 0
1787978319.8 RX: B pos 11 -1 goal 0
1787978319.8 RX: B pos 11 -1 goal 0
1787978319.8 RX: B pos 11 -1 goal 0
1787978319.8 RX: B pos 11 -1 goal 0
1787978320.2 dc climb 5 tr=0.52 0.81->0.82
1787978339.0 RX: B pos 11 -1 goal 0
1787978339.0 RX: B pos 11 -1 goal 0
1787978339.0 RX: B pos 11 -1 goal 0
1787978339.0 RX: B pos 11 -1 goal 0
1787978339.0 RX: B pos 11 -1 goal 0
1787978339.0 RX: B pos 11 -1 goal 0
1787978339.0 RX: B pos 11 -1 goal 0
1787978339.4 dc climb 185 tr=0.52 0.81->0.83
1787978356.5 dc plateau 0.81
1787978356.5 dc crawl failed, wander burst
1787978383.3 RX: B pos 11 -1 goal 0
1787978383.3 RX: B pos 11 -1 goal 0
1787978383.3 RX: B pos 11 -1 goal 0
1787978383.3 RX: B pos 11 -1 goal 0
1787978383.3 RX: B pos 11 -1 goal 0
1787978383.3 RX: B pos 11 -1 goal 0
1787978383.3 RX: B pos 11 -1 goal 0
1787978383.3 RX: B pos 11 -1 goal 0
1787978383.3 RX: B pos 11 -1 goal 0
1787978383.3 RX: B pos 11 -1 goal 0
1787978383.3 RX: B pos 11 -1 goal 0
1787978383.3 RX: B pos 11 -1 goal 0
1787978383.3 RX: B pos 11 -1 goal 0
1787978383.3 RX: B pos 11 -1 goal 0
1787978383.4 RX: B pos 11 -1 goal 0
1787978385.0 dcw20 185 pos -14,4 d5=0.76
1787978386.7 dcw21 185 pos -15,4 d5=0.74
1787978386.7 RX: B pos 11 -1 goal 0
1787978388.4 dcw22 185 pos -16,4 d5=0.73
1787978390.1 dcw23 185 pos -17,4 d5=0.71
1787978390.1 RX: B pos 11 -1 goal 0
1787978391.9 dcw24 185 pos -18,4 d5=0.69
1787978393.6 dcw25 185 pos -19,4 d5=0.67
1787978393.6 RX: B pos 11 -1 goal 0
1787978395.3 dcw26 185 pos -20,4 d5=0.65
1787978397.0 dcw27 185 pos -21,4 d5=0.63
1787978398.7 dcw28 185 pos -22,4 d5=0.62
1787978408.3 dcw29 275 pos -22,3 d5=0.59
1787978419.5 dcw30 5 pos -21,3 d5=0.58
1787978421.2 dcw31 5 pos -20,3 d5=0.60
1787978422.9 dcw32 5 pos -19,3 d5=0.62
1787978425.4 dcw33 5 pos -18,3 d5=0.64
1787978425.4 RX: B pos 11 -1 goal 0
1787978427.2 dcw34 5 pos -17,3 d5=0.65
1787978428.9 dcw35 5 pos -16,3 d5=0.68
1787978428.9 RX: B pos 11 -1 goal 0
1787978430.6 dcw36 5 pos -15,3 d5=0.70
1787978432.3 dcw37 5 pos -14,3 d5=0.73
1787978432.3 RX: B pos 11 -1 goal 0
1787978434.0 dcw38 5 pos -13,3 d5=0.74
1787978435.7 dcw39 5 pos -12,3 d5=0.76
1787978435.7 RX: B pos 11 -1 goal 0
1787978437.4 dcw40 5 pos -11,3 d5=0.77
1787978437.4 RX: B pos 11 -1 goal 0
1787978439.1 dcw41 5 pos -10,3 d5=0.78
1787978440.8 dcw42 5 pos -9,3 d5=0.81
1787978440.8 RX: B pos 11 -1 goal 0
1787978442.5 dcw43 5 pos -8,3 d5=0.81
1787978444.8 RX: B pos 11 -1 goal 0
1787978445.2 dc climb 5 tr=0.52 0.81->0.82
1787978464.8 RX: B pos 11 -1 goal 0
1787978464.8 RX: B pos 11 -1 goal 0
1787978464.8 RX: B pos 11 -1 goal 0
1787978464.8 RX: B pos 11 -1 goal 0
1787978464.8 RX: B pos 11 -1 goal 0
1787978464.8 RX: B pos 11 -1 goal 0
1787978464.8 RX: B pos 11 -1 goal 0
1787978465.2 dc climb 185 tr=0.52 0.81->0.81
1787978482.5 dc plateau 0.81
1787978482.5 dc crawl failed, wander burst
1787978502.8 RX: B pos 11 -1 goal 0
1787978502.8 RX: B pos 11 -1 goal 0
1787978502.8 RX: B pos 11 -1 goal 0
1787978502.8 RX: B pos 11 -1 goal 0
1787978502.8 RX: B pos 11 -1 goal 0
1787978502.8 RX: B pos 11 -1 goal 0
1787978502.8 RX: B pos 11 -1 goal 0
1787978502.8 RX: B pos 11 -1 goal 0
1787978502.8 RX: B pos 11 -1 goal 0
1787978502.8 RX: B pos 11 -1 goal 0
1787978502.8 RX: B pos 11 -1 goal 0
1787978502.8 RX: B pos 11 -1 goal 0
1787978513.0 dcw52 185 pos -3,1 d5=0.77
1787978513.0 RX: B pos 11 -1 goal 0
1787978513.0 RX: B pos 11 -1 goal 0
1787978513.0 RX: B pos 11 -1 goal 0
1787978513.0 RX: B pos 11 -1 goal 0
1787978530.1 dcw53 5 pos -2,1 d5=0.78
1787978530.1 RX: B pos 11 -1 goal 0
1787978530.1 RX: B pos 11 -1 goal 0
1787978530.1 RX: B pos 11 -1 goal 0
1787978530.1 RX: B pos 11 -1 goal 0
1787978530.1 RX: B pos 11 -1 goal 0
1787978531.8 dcw54 5 pos -1,1 d5=0.78
1787978531.8 RX: B pos 11 -1 goal 0
1787978542.9 dcw55 275 pos -1,0 d5=0.76
1787978542.9 RX: B pos 11 -1 goal 0
1787978542.9 RX: B pos 11 -1 goal 0
1787978542.9 RX: B pos 11 -1 goal 0
1787978542.9 RX: B pos 11 -1 goal 0
1787978544.6 dcw56 275 pos -1,-1 d5=0.75
1787978555.0 dcw57 185 pos -2,-1 d5=0.71
1787978555.0 RX: B pos 11 -1 goal 0
1787978555.0 RX: B pos 11 -1 goal 0
1787978555.0 RX: B pos 11 -1 goal 0
1787978555.0 RX: B pos 11 -1 goal 0
1787978556.7 dcw58 185 pos -3,-1 d5=0.73
1787978558.4 dcw59 185 pos -4,-1 d5=0.71
1787978558.4 RX: B pos 11 -1 goal 0
1787978560.1 dcw60 185 pos -5,-1 d5=0.72
1787978560.4 RX: B pos 11 -1 goal 0
1787978569.7 dcw61 95 pos -5,0 d5=0.71
1787978569.7 RX: B pos 11 -1 goal 0
1787978569.7 RX: B pos 11 -1 goal 0
1787978569.7 RX: B pos 11 -1 goal 0
1787978578.4 RX: B pos 11 -1 goal 0
1787978578.4 RX: B pos 11 -1 goal 0
1787978578.4 RX: B pos 11 -1 goal 0
1787978580.5 === dc start ===
1787978587.5 dcw1 95 pos 0,1 d5=0.71
1787978587.5 RX: B pos 11 -1 goal 0
1787978587.5 RX: B pos 11 -1 goal 0
1787978587.5 RX: B pos 11 -1 goal 0
1787978597.5 dcw2 5 pos 1,1 d5=0.72
1787978597.5 RX: B pos 11 -1 goal 0
1787978597.5 RX: B pos 11 -1 goal 0
1787978597.5 RX: B pos 11 -1 goal 0
1787978608.6 dcw3 95 pos 1,2 d5=0.70
1787978608.6 RX: B pos 11 -1 goal 0
1787978608.6 RX: B pos 11 -1 goal 0
1787978608.6 RX: B pos 11 -1 goal 0
1787978608.6 RX: B pos 11 -1 goal 0
1787978610.3 dcw4 95 pos 1,3 d5=0.73
1787978612.0 dcw5 95 pos 1,4 d5=0.76
1787978612.0 RX: B pos 11 -1 goal 0
1787978630.6 dcw6 275 pos 1,3 d5=0.77
1787978630.6 RX: B pos 11 -1 goal 0
1787978630.6 RX: B pos 11 -1 goal 0
1787978630.6 RX: B pos 11 -1 goal 0
1787978630.6 RX: B pos 11 -1 goal 0
1787978630.6 RX: B pos 11 -1 goal 0
1787978630.6 RX: B pos 11 -1 goal 0
1787978632.3 dcw7 275 pos 1,2 d5=0.76
1787978632.4 RX: B pos 11 -1 goal 0
1787978634.0 dcw8 275 pos 1,1 d5=0.72
1787978635.8 dcw9 275 pos 1,0 d5=0.71
1787978635.8 RX: B pos 11 -1 goal 0
1787978647.0 dcw10 185 pos 0,0 d5=0.68
1787978647.0 RX: B pos 11 -1 goal 0
1787978647.0 RX: B pos 11 -1 goal 0
1787978647.0 RX: B pos 11 -1 goal 0
1787978648.7 dcw11 185 pos -1,0 d5=0.68
1787978648.7 RX: B pos 11 -1 goal 0
1787978650.4 dcw12 185 pos -2,0 d5=0.69
1787978650.4 RX: B pos 11 -1 goal 0
1787978652.1 dcw13 185 pos -3,0 d5=0.68
1787978653.8 dcw14 185 pos -4,0 d5=0.69
1787978653.8 RX: B pos 11 -1 goal 0
1787978655.5 dcw15 185 pos -5,0 d5=0.68
1787978657.2 dcw16 185 pos -6,0 d5=0.68
1787978657.2 RX: B pos 11 -1 goal 0
1787978658.9 dcw17 185 pos -7,0 d5=0.67
1787978660.6 dcw18 185 pos -8,0 d5=0.67
1787978660.6 RX: B pos 11 -1 goal 0
1787978662.4 dcw19 185 pos -9,0 d5=0.66
1787978662.4 RX: B pos 11 -1 goal 0
1787978664.1 dcw20 185 pos -10,0 d5=0.66
1787978665.8 dcw21 185 pos -11,0 d5=0.65
1787978665.8 RX: B pos 11 -1 goal 0
1787978667.5 dcw22 185 pos -12,0 d5=0.64
1787978669.2 dcw23 185 pos -13,0 d5=0.63
1787978670.9 dcw24 185 pos -14,0 d5=0.62
1787978672.6 dcw25 185 pos -15,0 d5=0.60
1787978689.4 dcw26 5 pos -14,0 d5=0.59
1787978691.2 dcw27 5 pos -13,0 d5=0.61
1787978692.9 dcw28 5 pos -12,0 d5=0.62
1787978694.6 dcw29 5 pos -11,0 d5=0.64
1787978696.3 dcw30 5 pos -10,0 d5=0.64
1787978696.3 RX: B pos 11 -1 goal 0
1787978698.0 dcw31 5 pos -9,0 d5=0.65
1787978699.7 dcw32 5 pos -8,0 d5=0.66
1787978699.7 RX: B pos 11 -1 goal 0
1787978701.4 dcw33 5 pos -7,0 d5=0.66
1787978701.4 RX: B pos 11 -1 goal 0
1787978703.1 dcw34 5 pos -6,0 d5=0.67
1787978704.8 dcw35 5 pos -5,0 d5=0.67
1787978704.8 RX: B pos 11 -1 goal 0
1787978706.5 dcw36 5 pos -4,0 d5=0.68
1787978708.3 dcw37 5 pos -3,0 d5=0.67
1787978708.3 RX: B pos 11 -1 goal 0
1787978710.0 dcw38 5 pos -2,0 d5=0.67
1787978711.7 dcw39 5 pos -1,0 d5=0.67
1787978711.7 RX: B pos 11 -1 goal 0
1787978722.5 dcw40 95 pos -1,1 d5=0.66
1787978722.5 RX: B pos 11 -1 goal 0
1787978722.5 RX: B pos 11 -1 goal 0
1787978722.5 RX: A ROUTE (compass shared frame): from the big E-W loop corridor, get to where it bends, then walk NORTH compass 350-013 up a N-S corridor ~3m. I sit at its NORTH end junction. My only open sides: compass 170 (2.1m, the way in) and some 240-300 gaps 0.7m. Ap
1787978722.5 RX: B pos 11 -1 goal 0
1787978722.5 RX: A: repeat: approach me heading compass 350, up the north-south corridor, I am at north end. If your d5 plateaus ~0.8 you are 1 wall west or south of me - find the corridor mouth at compass-170 side.
1787978722.5 RX: B pos 11 -1 goal 0
1787978732.8 dcw42 185 pos -2,1 d5=0.69
1787978732.8 RX: B pos 11 -1 goal 0
1787978732.8 RX: B pos 11 -1 goal 0
1787978732.8 RX: B pos 11 -1 goal 0
1787978734.5 dcw43 185 pos -3,1 d5=0.69
1787978734.5 RX: B pos 11 -1 goal 0
1787978737.8 dcw44 185 pos -4,1 d5=0.68
1787978737.8 RX: B pos 11 -1 goal 0
1787978739.5 dcw45 185 pos -5,1 d5=0.69
1787978741.2 dcw46 185 pos -6,1 d5=0.68
1787978741.2 RX: B pos 11 -1 goal 0
1787978742.9 dcw47 185 pos -7,1 d5=0.68
1787978744.6 dcw48 185 pos -8,1 d5=0.67
1787978744.6 RX: B pos 11 -1 goal 0
1787978746.3 dcw49 185 pos -9,1 d5=0.67
1787978746.4 RX: B pos 11 -1 goal 0
1787978748.0 dcw50 185 pos -10,1 d5=0.65
1787978749.7 dcw51 185 pos -11,1 d5=0.65
1787978749.7 RX: B pos 11 -1 goal 0
1787978751.5 dcw52 185 pos -12,1 d5=0.63
1787978753.2 dcw53 185 pos -13,1 d5=0.63
1787978754.9 dcw54 185 pos -14,1 d5=0.62
1787978756.6 dcw55 185 pos -15,1 d5=0.61
1787978763.4 === fin: to 0.8 zone, then mouth at south, corridor north ===
1787978772.9 f1 5 1,0 d5=0.59
1787978774.8 f2 5 2,0 d5=0.61
1787978776.7 f3 5 3,0 d5=0.62
1787978778.5 f4 5 4,0 d5=0.63
1787978780.4 f5 5 5,0 d5=0.64
1787978780.4 RX: B pos 11 -1 goal 0
1787978782.3 f6 5 6,0 d5=0.65
1787978782.4 RX: B pos 11 -1 goal 0
1787978784.2 f7 5 7,0 d5=0.65
1787978786.1 f8 5 8,0 d5=0.66
1787978786.1 RX: B pos 11 -1 goal 0
1787978787.9 f9 5 9,0 d5=0.67
1787978789.8 f10 5 10,0 d5=0.68
1787978789.8 RX: B pos 11 -1 goal 0
1787978791.7 f11 5 11,0 d5=0.67
1787978791.7 RX: B pos 11 -1 goal 0
1787978793.6 f12 5 12,0 d5=0.67
1787978795.5 f13 5 13,0 d5=0.67
1787978795.5 RX: B pos 11 -1 goal 0
1787978797.3 f14 5 14,0 d5=0.66
1787978797.4 RX: B pos 11 -1 goal 0
1787978799.2 f15 5 15,0 d5=0.67
1787978801.1 f16 5 16,0 d5=0.65
1787978801.1 RX: B pos 11 -1 goal 0
1787978812.0 f17 95 16,1 d5=0.66
1787978812.0 RX: B pos 11 -1 goal 0
1787978812.0 RX: B pos 11 -1 goal 0
1787978812.0 RX: B pos 11 -1 goal 0
1787978812.4 RX: B pos 11 -1 goal 0
1787978813.9 f18 95 16,2 d5=0.68
1787978824.8 f19 185 15,2 d5=0.70
1787978824.8 RX: B pos 11 -1 goal 0
1787978824.8 RX: B pos 11 -1 goal 0
1787978824.8 RX: B pos 11 -1 goal 0
1787978824.8 RX: B pos 11 -1 goal 0
1787978835.0 f20 275 15,1 d5=0.70
1787978835.0 RX: B pos 11 -1 goal 0
1787978835.0 RX: B pos 11 -1 goal 0
1787978835.0 RX: B pos 11 -1 goal 0
1787978846.2 f21 185 14,1 d5=0.68
1787978846.2 RX: B pos 11 -1 goal 0
1787978846.2 RX: B pos 11 -1 goal 0
1787978846.2 RX: B pos 11 -1 goal 0
1787978846.2 RX: B pos 11 -1 goal 0
1787978856.1 RX: B pos 11 -1 goal 0
1787978856.1 RX: B pos 11 -1 goal 0
1787978856.1 RX: B pos 11 -1 goal 0
1787978866.0 f23 185 13,1 d5=0.70
1787978866.0 RX: B pos 11 -1 goal 0
1787978866.0 RX: B pos 11 -1 goal 0
1787978866.0 RX: B pos 11 -1 goal 0
1787978866.4 RX: B pos 11 -1 goal 0
1787978867.9 f24 185 12,1 d5=0.69
1787978871.7 f25 185 11,1 d5=0.69
1787978871.7 RX: B pos 11 -1 goal 0
1787978873.5 f26 185 10,1 d5=0.69
1787978873.5 RX: B pos 11 -1 goal 0
1787978875.4 f27 185 9,1 d5=0.68
1787978875.4 RX: B pos 11 -1 goal 0
1787978877.3 f28 185 8,1 d5=0.68
1787978879.2 f29 185 7,1 d5=0.67
1787978879.2 RX: B pos 11 -1 goal 0
1787978881.1 f30 185 6,1 d5=0.67
1787978881.4 RX: B pos 11 -1 goal 0
1787978882.9 f31 185 5,1 d5=0.66
1787978884.8 f32 185 4,1 d5=0.65
1787978884.8 RX: B pos 11 -1 goal 0
1787978886.7 f33 185 3,1 d5=0.64
1787978888.6 f34 185 2,1 d5=0.63
1787978890.5 f35 185 1,1 d5=0.62
1787978892.4 f36 185 0,1 d5=0.61
1787978894.2 f37 185 -1,1 d5=0.60
1787978911.3 f38 5 0,1 d5=0.59
1787978913.2 f39 5 1,1 d5=0.60
1787978915.1 f40 5 2,1 d5=0.61
1787978917.0 f41 5 3,1 d5=0.63
1787978918.8 f42 5 4,1 d5=0.64
1787978920.7 f43 5 5,1 d5=0.64
1787978920.7 RX: B pos 11 -1 goal 0
1787978922.6 f44 5 6,1 d5=0.66
1787978924.5 f45 5 7,1 d5=0.66
1787978924.5 RX: B pos 11 -1 goal 0
1787978926.4 f46 5 8,1 d5=0.66
1787978926.4 RX: B pos 11 -1 goal 0
1787978928.2 f47 5 9,1 d5=0.67
1787978930.1 f48 5 10,1 d5=0.68
1787978930.1 RX: B pos 11 -1 goal 0
1787978932.0 f49 5 11,1 d5=0.67
1787978933.9 f50 5 12,1 d5=0.68
1787978933.9 RX: B pos 11 -1 goal 0
1787978935.8 f51 5 13,1 d5=0.67
1787978935.8 RX: B pos 11 -1 goal 0
1787978937.6 f52 5 14,1 d5=0.67
1787978939.5 f53 5 15,1 d5=0.67
1787978939.5 RX: B pos 11 -1 goal 0
1787978941.4 f54 5 16,1 d5=0.66
1787978941.4 RX: B pos 11 -1 goal 0
1787978952.4 f55 95 16,2 d5=0.66
1787978952.4 RX: B pos 11 -1 goal 0
1787978952.4 RX: B pos 11 -1 goal 0
1787978952.4 RX: B pos 11 -1 goal 0
1787978954.3 f56 95 16,3 d5=0.69
1787978954.3 RX: B pos 11 -1 goal 0
1787978964.2 f57 185 15,3 d5=0.70
1787978964.2 RX: B pos 11 -1 goal 0
1787978964.2 RX: B pos 11 -1 goal 0
1787978964.2 RX: B pos 11 -1 goal 0
1787978966.1 f58 185 14,3 d5=0.72
1787978966.1 RX: B pos 11 -1 goal 0
1787978976.8 f59 95 14,4 d5=0.70
1787978976.8 RX: B pos 11 -1 goal 0
1787978976.8 RX: B pos 11 -1 goal 0
1787978976.8 RX: B pos 11 -1 goal 0
1787978987.7 f60 5 15,4 d5=0.70
1787978987.7 RX: B pos 11 -1 goal 0
1787978987.7 RX: B pos 11 -1 goal 0
1787978987.7 RX: B pos 11 -1 goal 0
1787978987.7 RX: B pos 11 -1 goal 0
1787978998.9 f61 95 15,5 d5=0.70
1787978998.9 RX: B pos 11 -1 goal 0
1787978998.9 RX: B pos 11 -1 goal 0
1787978998.9 RX: B pos 11 -1 goal 0
1787978998.9 RX: B pos 11 -1 goal 0
1787979000.8 f62 95 15,6 d5=0.73
1787979002.7 f63 95 15,7 d5=0.74
1787979002.7 RX: B pos 11 -1 goal 0
1787979003.1 fin zone reached 0.78 at 15,7
1787979005.1 RX: B pos 11 -1 goal 0
1787979005.6 fin try 95 0.77->0.80
1787979007.6 RX: B pos 11 -1 goal 0
1787979008.1 fin try 95 0.79->0.82
1787979010.4 RX: B pos 11 -1 goal 0
1787979010.6 fin try 95 0.80->0.84
1787979013.1 fin try 95 0.83->0.86
1787979013.4 RX: B pos 11 -1 goal 0
1787979015.5 fin try 95 0.85->0.87
1787979019.2 RX: B pos 11 -1 goal 0
1787979019.4 RX: B pos 11 -1 goal 0
1787979019.7 fin try 95 0.87->0.89
1787979024.1 RX: B pos 11 -1 goal 0
1787979024.6 fin try 95 0.89->0.91
1787979028.8 RX: B pos 11 -1 goal 0
1787979028.8 RX: B pos 11 -1 goal 0
1787979029.3 fin try 95 0.91->0.91
1787979033.8 RX: B pos 11 -1 goal 0
1787979034.3 fin try 95 0.92->0.93
1787979034.4 RX: B pos 11 -1 goal 0
1787979038.4 RX: B pos 11 -1 goal 0
1787979039.0 fin try 95 0.92->0.94
1787979040.9 RX: B pos 11 -1 goal 0
1787979041.4 fin try 95 0.94->0.94
1787979043.8 RX: B pos 11 -1 goal 0
1787979044.3 fin try 95 0.94->0.94
1787979048.1 RX: B pos 11 -1 goal 0
1787979048.6 fin try 95 0.94->0.94
1787979052.2 RX: B pos 11 -1 goal 0
1787979052.4 RX: B pos 11 -1 goal 0
1787979052.8 fin try 95 0.94->0.94
1787979055.2 fin try 95 0.94->0.93
1787979055.4 RX: B pos 11 -1 goal 0
1787979057.7 fin try 95 0.93->0.92
1787979059.7 RX: B pos 11 -1 goal 0
1787979060.2 fin try 95 0.93->0.91
1787979063.7 RX: B pos 11 -1 goal 0
1787979064.2 fin try 95 0.92->0.90
1787979064.4 RX: B pos 11 -1 goal 0
1787979066.7 fin try 95 0.90->0.88
1787979068.7 RX: B pos 11 -1 goal 0
1787979069.2 fin try 95 0.89->0.87
1787979072.5 RX: B pos 11 -1 goal 0
1787979073.0 fin try 95 0.87->0.85
1787979092.2 RX: B pos 11 -1 goal 0
1787979092.2 RX: B pos 11 -1 goal 0
1787979092.2 RX: B pos 11 -1 goal 0
1787979092.2 RX: B pos 11 -1 goal 0
1787979092.2 RX: B pos 11 -1 goal 0
1787979092.2 RX: B pos 11 -1 goal 0
1787979092.2 RX: B pos 11 -1 goal 0
1787979092.7 fin try 275 0.87->0.88
1787979110.8 RX: B pos 11 -1 goal 0
1787979110.8 RX: B pos 11 -1 goal 0
1787979110.8 RX: B pos 11 -1 goal 0
1787979110.8 RX: B pos 11 -1 goal 0
1787979110.8 RX: B pos 11 -1 goal 0
1787979110.8 RX: B pos 11 -1 goal 0
1787979111.3 fin try 95 0.88->0.87
1787979113.3 RX: B pos 11 -1 goal 0
1787979113.8 fin try 95 0.86->0.84
1787979115.7 RX: B pos 11 -1 goal 0
1787979116.3 fin try 95 0.84->0.83
1787979118.4 RX: B pos 11 -1 goal 0
1787979118.7 fin try 95 0.83->0.81
1787979121.2 fin try 95 0.81->0.79
1787979140.3 RX: B pos 11 -1 goal 0
1787979140.3 RX: B pos 11 -1 goal 0
1787979140.3 RX: B pos 11 -1 goal 0
1787979140.3 RX: B pos 11 -1 goal 0
1787979140.3 RX: B pos 11 -1 goal 0
1787979140.3 RX: B pos 11 -1 goal 0
1787979140.3 RX: B pos 11 -1 goal 0
1787979140.8 fin try 275 0.81->0.82
1787979159.1 RX: B pos 11 -1 goal 0
1787979159.1 RX: B pos 11 -1 goal 0
1787979159.1 RX: B pos 11 -1 goal 0
1787979159.1 RX: B pos 11 -1 goal 0
1787979159.1 RX: B pos 11 -1 goal 0
1787979159.1 RX: B pos 11 -1 goal 0
1787979159.6 fin try 95 0.82->0.81
1787979161.6 RX: B pos 11 -1 goal 0
1787979162.1 fin try 95 0.80->0.79
1787979164.0 RX: B pos 11 -1 goal 0
1787979164.6 fin try 95 0.78->0.77
1787979166.5 RX: B pos 11 -1 goal 0
1787979167.0 fin try 95 0.77->0.74
1787979185.7 RX: B pos 11 -1 goal 0
1787979185.7 RX: B pos 11 -1 goal 0
1787979185.7 RX: B pos 11 -1 goal 0
1787979185.7 RX: B pos 11 -1 goal 0
1787979185.7 RX: B pos 11 -1 goal 0
1787979185.7 RX: B pos 11 -1 goal 0
1787979185.7 RX: A: you peaked d5 at my 0.905 then faded - you passed close and moved off. The corridor BENDS: south part heading ~350, north part heading ~013. I am at the very NORTH end. Backtrack to your d5 peak and try branches heading NNE 010-020.
1787979186.2 fin try 275 0.77->0.78
1787979204.1 RX: B pos 11 -1 goal 0
1787979204.1 RX: B pos 11 -1 goal 0
1787979204.1 RX: B pos 11 -1 goal 0
1787979204.1 RX: B pos 11 -1 goal 0
1787979204.1 RX: B pos 11 -1 goal 0
1787979204.1 RX: B pos 11 -1 goal 0
1787979204.7 fin try 95 0.78->0.76
1787979223.1 RX: B pos 11 -1 goal 0
1787979223.1 RX: B pos 11 -1 goal 0
1787979223.1 RX: B pos 11 -1 goal 0
1787979223.1 RX: B pos 11 -1 goal 0
1787979223.1 RX: B pos 11 -1 goal 0
1787979223.1 RX: B pos 11 -1 goal 0
1787979223.4 RX: B pos 11 -1 goal 0
1787979223.6 fin try 275 0.78->0.80
1787979241.9 RX: B pos 11 -1 goal 0
1787979241.9 RX: B pos 11 -1 goal 0
1787979241.9 RX: B pos 11 -1 goal 0
1787979241.9 RX: B pos 11 -1 goal 0
1787979241.9 RX: B pos 11 -1 goal 0
1787979241.9 RX: B pos 11 -1 goal 0
1787979242.4 fin try 95 0.81->0.78
1787979261.3 RX: B pos 11 -1 goal 0
1787979261.3 RX: B pos 11 -1 goal 0
1787979261.3 RX: B pos 11 -1 goal 0
1787979261.3 RX: B pos 11 -1 goal 0
1787979261.3 RX: B pos 11 -1 goal 0
1787979261.3 RX: B pos 11 -1 goal 0
1787979261.8 fin try 275 0.81->0.82
1787979279.8 RX: B pos 11 -1 goal 0
1787979279.8 RX: B pos 11 -1 goal 0
1787979279.8 RX: B pos 11 -1 goal 0
1787979279.8 RX: B pos 11 -1 goal 0
1787979279.8 RX: B pos 11 -1 goal 0
1787979279.8 RX: B pos 11 -1 goal 0
1787979280.3 fin try 95 0.83->0.81
1787979280.5 RX: B pos 11 -1 goal 0
1787979282.8 fin try 95 0.81->0.78
1787979289.6 === fin2: peak then south-crawl tight-door hunt ===
1787979300.6 RX: B pos 11 -1 goal 0
1787979300.6 RX: B pos 11 -1 goal 0
1787979300.6 RX: B pos 11 -1 goal 0
1787979302.5 RX: B pos 11 -1 goal 0
1787979303.0 fin2 zone 0.82 at 0,-2
1787979305.0 RX: B pos 11 -1 goal 0
1787979305.6 f2 climb 275 0.82->0.84
1787979324.4 RX: B pos 11 -1 goal 0
1787979324.4 RX: B pos 11 -1 goal 0
1787979324.4 RX: B pos 11 -1 goal 0
1787979324.4 RX: B pos 11 -1 goal 0
1787979324.4 RX: B pos 11 -1 goal 0
1787979324.4 RX: B pos 11 -1 goal 0
1787979343.9 RX: B pos 11 -1 goal 0
1787979343.9 RX: B pos 11 -1 goal 0
1787979343.9 RX: B pos 11 -1 goal 0
1787979343.9 RX: B pos 11 -1 goal 0
1787979343.9 RX: B pos 11 -1 goal 0
1787979343.9 RX: B pos 11 -1 goal 0
1787979343.9 RX: B pos 11 -1 goal 0
1787979344.5 f2 climb 275 0.84->0.86
1787979362.7 RX: B pos 11 -1 goal 0
1787979362.7 RX: B pos 11 -1 goal 0
1787979362.7 RX: B pos 11 -1 goal 0
1787979362.7 RX: B pos 11 -1 goal 0
1787979362.7 RX: B pos 11 -1 goal 0
1787979362.7 RX: B pos 11 -1 goal 0
1787979382.7 RX: B pos 11 -1 goal 0
1787979382.7 RX: B pos 11 -1 goal 0
1787979382.7 RX: B pos 11 -1 goal 0
1787979382.7 RX: B pos 11 -1 goal 0
1787979382.7 RX: B pos 11 -1 goal 0
1787979382.7 RX: B pos 11 -1 goal 0
1787979382.7 RX: B pos 11 -1 goal 0
1787979401.5 RX: B pos 11 -1 goal 0
1787979401.5 RX: B pos 11 -1 goal 0
1787979401.5 RX: B pos 11 -1 goal 0
1787979401.5 RX: B pos 11 -1 goal 0
1787979401.5 RX: B pos 11 -1 goal 0
1787979401.5 RX: B pos 11 -1 goal 0
1787979402.3 f2 PEAK 0.86
1787979413.5 RX: B pos 11 -1 goal 0
1787979413.5 RX: B pos 11 -1 goal 0
1787979413.5 RX: B pos 11 -1 goal 0
1787979413.5 RX: B pos 11 -1 goal 0
1787979414.1 f2 DOOR 5 d5 0.87->0.84
1787979425.3 RX: B pos 11 -1 goal 0
1787979425.3 RX: B pos 11 -1 goal 0
1787979425.3 RX: B pos 11 -1 goal 0
1787979425.3 RX: B pos 11 -1 goal 0
1787979425.8 f2 in 95 0.84->0.83
1787979446.6 RX: B pos 11 -1 goal 0
1787979446.6 RX: B pos 11 -1 goal 0
1787979446.6 RX: B pos 11 -1 goal 0
1787979446.6 RX: B pos 11 -1 goal 0
1787979446.6 RX: B pos 11 -1 goal 0
1787979446.6 RX: B pos 11 -1 goal 0
1787979446.6 RX: B pos 11 -1 goal 0
1787979447.1 f2 in 275 0.84->0.86
1787979465.4 RX: B pos 11 -1 goal 0
1787979465.4 RX: B pos 11 -1 goal 0
1787979465.4 RX: B pos 11 -1 goal 0
1787979465.4 RX: B pos 11 -1 goal 0
1787979465.4 RX: B pos 11 -1 goal 0
1787979465.4 RX: B pos 11 -1 goal 0
1787979465.9 f2 in 95 0.86->0.84
1787979485.0 RX: B pos 11 -1 goal 0
1787979485.0 RX: B pos 11 -1 goal 0
1787979485.0 RX: B pos 11 -1 goal 0
1787979485.0 RX: B pos 11 -1 goal 0
1787979485.0 RX: B pos 11 -1 goal 0
1787979485.0 RX: B pos 11 -1 goal 0
1787979485.0 RX: B pos 11 -1 goal 0
1787979485.5 f2 in 275 0.86->0.88
1787979502.7 RX: B pos 11 -1 goal 0
1787979502.7 RX: B pos 11 -1 goal 0
1787979502.7 RX: B pos 11 -1 goal 0
1787979502.7 RX: B pos 11 -1 goal 0
1787979502.7 RX: B pos 11 -1 goal 0
1787979502.7 RX: B pos 11 -1 goal 0
1787979503.3 f2 in 95 0.87->0.86
1787979522.4 RX: B pos 11 -1 goal 0
1787979522.4 RX: B pos 11 -1 goal 0
1787979522.4 RX: B pos 11 -1 goal 0
1787979522.4 RX: B pos 11 -1 goal 0
1787979522.4 RX: B pos 11 -1 goal 0
1787979522.4 RX: B pos 11 -1 goal 0
1787979522.9 f2 in 275 0.87->0.89
1787979540.6 RX: B pos 11 -1 goal 0
1787979540.6 RX: B pos 11 -1 goal 0
1787979540.6 RX: B pos 11 -1 goal 0
1787979540.6 RX: B pos 11 -1 goal 0
1787979540.6 RX: B pos 11 -1 goal 0
1787979540.6 RX: B pos 11 -1 goal 0
1787979541.1 f2 in 95 0.89->0.88
1787979541.5 RX: B pos 11 -1 goal 0
1787979543.6 f2 in 95 0.88->0.87
1787979545.6 RX: B pos 11 -1 goal 0
1787979546.1 f2 in 95 0.86->0.85
1787979548.1 RX: B pos 11 -1 goal 0
1787979548.6 f2 in 95 0.86->0.84
1787979568.6 RX: B pos 11 -1 goal 0
1787979568.6 RX: B pos 11 -1 goal 0
1787979568.6 RX: B pos 11 -1 goal 0
1787979568.6 RX: B pos 11 -1 goal 0
1787979568.6 RX: B pos 11 -1 goal 0
1787979568.6 RX: B pos 11 -1 goal 0
1787979568.6 RX: B pos 11 -1 goal 0
1787979569.1 f2 in 275 0.86->0.87
1787979587.7 RX: B pos 11 -1 goal 0
1787979587.7 RX: B pos 11 -1 goal 0
1787979587.7 RX: B pos 11 -1 goal 0
1787979587.7 RX: B pos 11 -1 goal 0
1787979587.7 RX: B pos 11 -1 goal 0
1787979587.7 RX: B pos 11 -1 goal 0
1787979588.2 f2 in 95 0.87->0.85
1787979598.9 === fin3 strict climb + tight doors everywhere ===
1787979606.4 RX: B pos 11 -1 goal 0
1787979606.4 RX: B pos 11 -1 goal 0
1787979607.0 f3 275 0.85->0.87
1787979607.5 RX: B pos 11 -1 goal 0
1787979609.8 f3 275 0.86->0.88
1787979612.0 RX: B pos 11 -1 goal 0
1787979631.4 RX: B pos 11 -1 goal 0
1787979631.4 RX: B pos 11 -1 goal 0
1787979631.4 RX: B pos 11 -1 goal 0
1787979631.4 RX: B pos 11 -1 goal 0
1787979631.4 RX: B pos 11 -1 goal 0
1787979631.4 RX: B pos 11 -1 goal 0
1787979631.5 RX: B pos 11 -1 goal 0
1787979660.6 RX: B pos 11 -1 goal 0
1787979660.6 RX: B pos 11 -1 goal 0
1787979660.6 RX: B pos 11 -1 goal 0
1787979660.6 RX: B pos 11 -1 goal 0
1787979660.6 RX: B pos 11 -1 goal 0
1787979660.6 RX: B pos 11 -1 goal 0
1787979660.6 RX: B pos 11 -1 goal 0
1787979660.6 RX: B pos 11 -1 goal 0
1787979660.6 RX: B pos 11 -1 goal 0
1787979680.5 RX: B pos 11 -1 goal 0
1787979680.5 RX: B pos 11 -1 goal 0
1787979680.5 RX: B pos 11 -1 goal 0
1787979680.5 RX: B pos 11 -1 goal 0
1787979680.5 RX: B pos 11 -1 goal 0
1787979680.5 RX: B pos 11 -1 goal 0
1787979680.5 RX: B pos 11 -1 goal 0
1787979681.0 f3 185 0.88->0.89
1787979682.6 RX: B pos 11 -1 goal 0
1787979710.8 RX: B pos 11 -1 goal 0
1787979710.8 RX: B pos 11 -1 goal 0
1787979710.8 RX: B pos 11 -1 goal 0
1787979710.8 RX: B pos 11 -1 goal 0
1787979710.8 RX: B pos 11 -1 goal 0
1787979710.8 RX: B pos 11 -1 goal 0
1787979710.8 RX: B pos 11 -1 goal 0
1787979710.8 RX: B pos 11 -1 goal 0
1787979710.8 RX: B pos 11 -1 goal 0
1787979730.4 RX: B pos 11 -1 goal 0
1787979730.4 RX: B pos 11 -1 goal 0
1787979730.4 RX: B pos 11 -1 goal 0
1787979730.4 RX: B pos 11 -1 goal 0
1787979730.4 RX: B pos 11 -1 goal 0
1787979730.4 RX: B pos 11 -1 goal 0
1787979730.5 RX: B pos 11 -1 goal 0
1787979758.9 RX: B pos 11 -1 goal 0
1787979758.9 RX: B pos 11 -1 goal 0
1787979758.9 RX: B pos 11 -1 goal 0
1787979758.9 RX: B pos 11 -1 goal 0
1787979758.9 RX: B pos 11 -1 goal 0
1787979758.9 RX: B pos 11 -1 goal 0
1787979758.9 RX: B pos 11 -1 goal 0
1787979758.9 RX: B pos 11 -1 goal 0
1787979758.9 RX: B pos 11 -1 goal 0
1787979778.1 f3 MAX 0.90, tight door sweep
1787979796.1 RX: B pos 11 -1 goal 0
1787979796.1 RX: B pos 11 -1 goal 0
1787979796.1 RX: B pos 11 -1 goal 0
1787979796.1 RX: B pos 11 -1 goal 0
1787979796.1 RX: A: I move 2 cells SOUTH toward the mouth to meet you, then rock again. keep listening.
1787979796.1 RX: B pos 11 -1 goal 0
1787979796.1 RX: B pos 11 -1 goal 0
1787979796.1 RX: B pos 11 -1 goal 0
1787979796.1 RX: B pos 11 -1 goal 0
1787979796.1 RX: B pos 11 -1 goal 0
1787979796.1 RX: B pos 11 -1 goal 0
1787979796.1 RX: B pos 11 -1 goal 0
1787979796.1 RX: B pos 11 -1 goal 0
1787979796.5 RX: B pos 11 -1 goal 0
1787979796.7 f3 tightdoor 5 0.90->0.73
1787979816.7 RX: B pos 11 -1 goal 0
1787979816.7 RX: B pos 11 -1 goal 0
1787979816.7 RX: B pos 11 -1 goal 0
1787979816.7 RX: B pos 11 -1 goal 0
1787979816.7 RX: B pos 11 -1 goal 0
1787979816.7 RX: B pos 11 -1 goal 0
1787979817.3 f3 tightdoor 185 0.90->0.88
1787979817.5 RX: B pos 11 -1 goal 0
1787979845.3 RX: B pos 11 -1 goal 0
1787979845.3 RX: B pos 11 -1 goal 0
1787979845.3 RX: B pos 11 -1 goal 0
1787979845.3 RX: B pos 11 -1 goal 0
1787979845.3 RX: B pos 11 -1 goal 0
1787979845.3 RX: B pos 11 -1 goal 0
1787979845.3 RX: B pos 11 -1 goal 0
1787979845.3 RX: B pos 11 -1 goal 0
1787979845.3 RX: A: idle d5=0.93 HERE - you are ONE CELL north of me behind wall. My north face blocked 0.26. Check YOUR south wall within 1-2 cells east/west of your loudest spot for a gap. I rock here nonstop.
1787979845.3 RX: B pos 11 -1 goal 0
1787979845.8 f3 275 0.88->0.93
1787979850.1 RX: B pos 11 -1 goal 0
1787979850.5 RX: B pos 11 -1 goal 0
1787979850.7 f3 275 0.93->0.95
1787979854.9 RX: B pos 11 -1 goal 0
1787979874.6 RX: B pos 11 -1 goal 0
1787979874.6 RX: B pos 11 -1 goal 0
1787979874.6 RX: B pos 11 -1 goal 0
1787979874.6 RX: B pos 11 -1 goal 0
1787979874.6 RX: B pos 11 -1 goal 0
1787979874.6 RX: B pos 11 -1 goal 0
1787979874.6 RX: B pos 11 -1 goal 0
1787979902.1 RX: B pos 11 -1 goal 0
1787979902.1 RX: B pos 11 -1 goal 0
1787979902.1 RX: B pos 11 -1 goal 0
1787979902.1 RX: B pos 11 -1 goal 0
1787979902.1 RX: B pos 11 -1 goal 0
1787979902.1 RX: B pos 11 -1 goal 0
1787979902.1 RX: B pos 11 -1 goal 0
1787979902.1 RX: B pos 11 -1 goal 0
1787979902.1 RX: B pos 11 -1 goal 0
1787979921.8 RX: B pos 11 -1 goal 0
1787979921.8 RX: B pos 11 -1 goal 0
1787979921.8 RX: B pos 11 -1 goal 0
1787979921.8 RX: B pos 11 -1 goal 0
1787979921.8 RX: B pos 11 -1 goal 0
1787979921.8 RX: B pos 11 -1 goal 0
1787979940.2 f3 MAX 0.94, tight door sweep
1787979942.1 RX: B pos 11 -1 goal 0
1787979942.1 RX: B pos 11 -1 goal 0
1787979942.1 RX: B pos 11 -1 goal 0
1787979942.1 RX: B pos 11 -1 goal 0
1787979942.1 RX: B pos 11 -1 goal 0
1787979942.1 RX: B pos 11 -1 goal 0
1787979942.1 RX: B pos 11 -1 goal 0
1787979942.7 f3 tightdoor 5 0.94->0.92
1787979944.4 RX: B pos 11 -1 goal 0
1787979972.1 RX: B pos 11 -1 goal 0
1787979972.1 RX: B pos 11 -1 goal 0
1787979972.1 RX: B pos 11 -1 goal 0
1787979972.1 RX: B pos 11 -1 goal 0
1787979972.1 RX: B pos 11 -1 goal 0
1787979972.1 RX: B pos 11 -1 goal 0
1787979972.1 RX: B pos 11 -1 goal 0
1787979972.1 RX: B pos 11 -1 goal 0
1787979972.1 RX: B pos 11 -1 goal 0
1787979991.8 RX: B pos 11 -1 goal 0
1787979991.8 RX: B pos 11 -1 goal 0
1787979991.8 RX: B pos 11 -1 goal 0
1787979991.8 RX: B pos 11 -1 goal 0
1787979991.8 RX: B pos 11 -1 goal 0
1787979991.8 RX: B pos 11 -1 goal 0
1787979991.8 RX: B pos 11 -1 goal 0
1787980020.5 RX: B pos 11 -1 goal 0
1787980020.5 RX: B pos 11 -1 goal 0
1787980020.5 RX: B pos 11 -1 goal 0
1787980020.5 RX: B pos 11 -1 goal 0
1787980020.5 RX: B pos 11 -1 goal 0
1787980020.5 RX: B pos 11 -1 goal 0
1787980020.5 RX: B pos 11 -1 goal 0
1787980020.5 RX: B pos 11 -1 goal 0
1787980020.5 RX: B pos 11 -1 goal 0
1787980039.2 f3 MAX 0.92, tight door sweep
1787980041.1 RX: B pos 11 -1 goal 0
1787980041.1 RX: B pos 11 -1 goal 0
1787980041.1 RX: B pos 11 -1 goal 0
1787980041.1 RX: B pos 11 -1 goal 0
1787980041.1 RX: B pos 11 -1 goal 0
1787980041.1 RX: B pos 11 -1 goal 0
1787980041.1 RX: B pos 11 -1 goal 0
1787980041.7 f3 tightdoor 5 0.92->0.91
1787980053.3 RX: B pos 11 -1 goal 0
1787980053.3 RX: B pos 11 -1 goal 0
1787980053.3 RX: B pos 11 -1 goal 0
1787980053.3 RX: B pos 11 -1 goal 0
1787980053.9 f3 275 0.90->0.92
1787980057.7 RX: B pos 11 -1 goal 0
1787980057.7 RX: B pos 11 -1 goal 0
1787980078.0 RX: B pos 11 -1 goal 0
1787980078.0 RX: B pos 11 -1 goal 0
1787980078.0 RX: B pos 11 -1 goal 0
1787980078.0 RX: B pos 11 -1 goal 0
1787980078.0 RX: B pos 11 -1 goal 0
1787980078.0 RX: B pos 11 -1 goal 0
1787980078.5 RX: B pos 11 -1 goal 0
1787980107.1 RX: B pos 11 -1 goal 0
1787980107.1 RX: B pos 11 -1 goal 0
1787980107.1 RX: B pos 11 -1 goal 0
1787980107.1 RX: B pos 11 -1 goal 0
1787980107.1 RX: B pos 11 -1 goal 0
1787980107.1 RX: B pos 11 -1 goal 0
1787980107.1 RX: B pos 11 -1 goal 0
1787980107.1 RX: B pos 11 -1 goal 0
1787980107.1 RX: B pos 11 -1 goal 0
1787980127.5 RX: B pos 11 -1 goal 0
1787980127.5 RX: B pos 11 -1 goal 0
1787980127.5 RX: B pos 11 -1 goal 0
1787980127.5 RX: B pos 11 -1 goal 0
1787980127.5 RX: B pos 11 -1 goal 0
1787980127.5 RX: B pos 11 -1 goal 0
1787980127.5 RX: B pos 11 -1 goal 0
1787980128.1 f3 185 0.91->0.95
1787980130.3 RX: B pos 11 -1 goal 0
1787980130.8 f3 185 0.94->0.96
1787980141.7 === fin4 basin explore + lidar variance detector ===
1787980158.8 RX: B pos 11 -1 goal 0
1787980158.8 RX: B pos 11 -1 goal 0
1787980158.8 RX: B pos 11 -1 goal 0
1787980158.8 RX: B pos 11 -1 goal 0
1787980158.8 RX: B pos 11 -1 goal 0
1787980159.2 f4 95 0,1 d5=0.95
1787980159.5 RX: B pos 11 -1 goal 0
1787980165.9 RX: B pos 11 -1 goal 0
1787980165.9 RX: B pos 11 -1 goal 0
1787980166.3 f4 95 0,2 d5=0.93
1787980168.6 RX: B pos 11 -1 goal 0
1787980179.0 RX: B pos 11 -1 goal 0
1787980179.0 RX: B pos 11 -1 goal 0
1787980179.0 RX: B pos 11 -1 goal 0
1787980179.4 f4 5 1,2 d5=0.94
1787980180.5 RX: B pos 11 -1 goal 0
1787980193.0 RX: B pos 11 -1 goal 0
1787980193.0 RX: B pos 11 -1 goal 0
1787980193.0 RX: B pos 11 -1 goal 0
1787980193.0 RX: B pos 11 -1 goal 0
1787980193.4 f4 95 1,3 d5=0.93
1787980195.5 RX: B pos 11 -1 goal 0
1787980198.1 f4 95 1,4 d5=0.90
1787980198.6 RX: B pos 11 -1 goal 0
1787980202.4 RX: B pos 11 -1 goal 0
1787980202.8 f4 95 1,5 d5=0.89
1787980204.5 RX: B pos 11 -1 goal 0
1787980216.2 RX: B pos 11 -1 goal 0
1787980216.2 RX: B pos 11 -1 goal 0
1787980216.2 RX: B pos 11 -1 goal 0
1787980216.5 RX: B pos 11 -1 goal 0
1787980216.6 f4 185 0,5 d5=0.90
1787980230.0 RX: B pos 11 -1 goal 0
1787980230.0 RX: B pos 11 -1 goal 0
1787980230.0 RX: B pos 11 -1 goal 0
1787980230.0 RX: B pos 11 -1 goal 0
1787980230.4 f4 95 0,6 d5=0.87
1787980231.5 RX: B pos 11 -1 goal 0
1787980262.4 RX: B pos 11 -1 goal 0
1787980262.4 RX: B pos 11 -1 goal 0
1787980262.4 RX: B pos 11 -1 goal 0
1787980262.4 RX: B pos 11 -1 goal 0
1787980262.4 RX: B pos 11 -1 goal 0
1787980262.4 RX: B pos 11 -1 goal 0
1787980262.4 RX: B pos 11 -1 goal 0
1787980262.4 RX: B pos 11 -1 goal 0
1787980262.4 RX: B pos 11 -1 goal 0
1787980262.4 RX: B pos 11 -1 goal 0
1787980262.9 f4 5 1,6 d5=0.87
1787980264.5 RX: B pos 11 -1 goal 0
1787980276.0 RX: B pos 11 -1 goal 0
1787980276.0 RX: B pos 11 -1 goal 0
1787980276.0 RX: B pos 11 -1 goal 0
1787980276.5 f4 95 1,7 d5=0.83
1787980276.5 RX: B pos 11 -1 goal 0
1787980289.0 RX: B pos 11 -1 goal 0
1787980289.0 RX: B pos 11 -1 goal 0
1787980289.0 RX: B pos 11 -1 goal 0
1787980289.0 RX: B pos 11 -1 goal 0
1787980289.4 f4 185 0,7 d5=0.86
1787980291.5 RX: B pos 11 -1 goal 0
1787980302.7 RX: B pos 11 -1 goal 0
1787980302.7 RX: B pos 11 -1 goal 0
1787980302.7 RX: B pos 11 -1 goal 0
1787980303.1 f4 95 0,8 d5=0.84
1787980303.5 RX: B pos 11 -1 goal 0
1787980307.4 RX: B pos 11 -1 goal 0
1787980307.8 f4 95 0,9 d5=0.81
1787980309.6 RX: B pos 11 -1 goal 0
1787980321.1 RX: B pos 11 -1 goal 0
1787980321.1 RX: B pos 11 -1 goal 0
1787980321.1 RX: B pos 11 -1 goal 0
1787980321.5 f4 185 -1,9 d5=0.82
1787980321.5 RX: B pos 11 -1 goal 0
1787980335.6 RX: B pos 11 -1 goal 0
1787980335.6 RX: B pos 11 -1 goal 0
1787980335.6 RX: B pos 11 -1 goal 0
1787980335.6 RX: B pos 11 -1 goal 0
1787980336.0 f4 275 -1,8 d5=0.83
1787980336.5 RX: B pos 11 -1 goal 0
1787980357.4 RX: B pos 11 -1 goal 0
1787980357.4 RX: B pos 11 -1 goal 0
1787980357.4 RX: B pos 11 -1 goal 0
1787980357.4 RX: B pos 11 -1 goal 0
1787980357.4 RX: B pos 11 -1 goal 0
1787980357.4 RX: B pos 11 -1 goal 0
1787980357.5 RX: B pos 11 -1 goal 0
1787980357.9 f4 275 -1,7 d5=0.85
1787980360.5 RX: B pos 11 -1 goal 0
1787980385.8 RX: B pos 11 -1 goal 0
1787980385.8 RX: B pos 11 -1 goal 0
1787980385.8 RX: B pos 11 -1 goal 0
1787980385.8 RX: B pos 11 -1 goal 0
1787980385.8 RX: B pos 11 -1 goal 0
1787980385.8 RX: B pos 11 -1 goal 0
1787980385.8 RX: B pos 11 -1 goal 0
1787980385.8 RX: B pos 11 -1 goal 0
1787980386.2 f4 5 0,7 d5=0.83
1787980387.5 RX: B pos 11 -1 goal 0
1787980399.1 RX: B pos 11 -1 goal 0
1787980399.1 RX: B pos 11 -1 goal 0
1787980399.1 RX: B pos 11 -1 goal 0
1787980399.5 RX: B pos 11 -1 goal 0
1787980399.6 f4 275 0,6 d5=0.87
1787980403.8 RX: B pos 11 -1 goal 0
1787980404.3 f4 275 0,5 d5=0.87
1787980405.6 RX: B pos 11 -1 goal 0
1787980416.8 RX: B pos 11 -1 goal 0
1787980416.8 RX: B pos 11 -1 goal 0
1787980416.8 RX: B pos 11 -1 goal 0
1787980417.3 f4 185 -1,5 d5=0.90
1787980417.6 RX: B pos 11 -1 goal 0
1787980418.8 RX: A: 30min stuck - new attempt: my dead-end pocket (1 cell NE of my rock spot) has an EAST gap 0.64m I never tested. I try to squeeze it now. Watch your lidar for me. Keep talking.
1787980430.9 RX: B pos 11 -1 goal 0
1787980430.9 RX: B pos 11 -1 goal 0
1787980430.9 RX: B pos 11 -1 goal 0
1787980430.9 RX: B pos 11 -1 goal 0
1787980431.4 f4 275 -1,4 d5=0.87
1787980432.6 RX: B pos 11 -1 goal 0
1787980453.6 RX: B pos 11 -1 goal 0
1787980453.6 RX: B pos 11 -1 goal 0
1787980453.6 RX: B pos 11 -1 goal 0
1787980453.6 RX: B pos 11 -1 goal 0
1787980453.6 RX: B pos 11 -1 goal 0
1787980453.6 RX: B pos 11 -1 goal 0
1787980453.6 RX: B pos 11 -1 goal 0
1787980454.0 f4 275 -1,3 d5=0.91
1787980456.6 RX: B pos 11 -1 goal 0
1787980466.0 RX: B pos 11 -1 goal 0
1787980466.0 RX: B pos 11 -1 goal 0
1787980466.0 RX: B pos 11 -1 goal 0
1787980466.4 f4 5 0,3 d5=0.89
1787980468.6 RX: B pos 11 -1 goal 0
1787980480.1 RX: B pos 11 -1 goal 0
1787980480.1 RX: B pos 11 -1 goal 0
1787980480.1 RX: B pos 11 -1 goal 0
1787980480.5 f4 95 0,4 d5=0.88
1787980480.6 RX: B pos 11 -1 goal 0
1787980492.7 RX: B pos 11 -1 goal 0
1787980492.7 RX: B pos 11 -1 goal 0
1787980492.7 RX: B pos 11 -1 goal 0
1787980492.7 RX: B pos 11 -1 goal 0
1787980493.1 f4 5 1,4 d5=0.86
1787980495.6 RX: B pos 11 -1 goal 0
1787980497.3 f4 5 2,4 d5=0.85
1787980498.5 RX: B pos 11 -1 goal 0
1787980528.4 RX: B pos 11 -1 goal 0
1787980528.4 RX: B pos 11 -1 goal 0
1787980528.4 RX: B pos 11 -1 goal 0
1787980528.4 RX: B pos 11 -1 goal 0
1787980528.4 RX: B pos 11 -1 goal 0
1787980528.4 RX: B pos 11 -1 goal 0
1787980528.4 RX: B pos 11 -1 goal 0
1787980528.4 RX: A: REPORT your current clearances N E S W (compass) and last heading walked. I know the full route from the loop corridor to me (I walked it) and will give you turn-by-turn.
1787980528.4 RX: B pos 11 -1 goal 0
1787980528.4 RX: B pos 11 -1 goal 0
1787980528.6 RX: B pos 11 -1 goal 0
1787980528.8 f4 95 2,5 d5=0.84
1787980533.1 RX: B pos 11 -1 goal 0
1787980533.5 f4 95 2,6 d5=0.83
1787980534.6 RX: B pos 11 -1 goal 0
1787980538.8 RX: B pos 11 -1 goal 0
1787980539.3 f4 95 2,7 d5=0.81
1787980540.6 RX: B pos 11 -1 goal 0
1787980543.6 RX: B pos 11 -1 goal 0
1787980544.0 f4 95 2,8 d5=0.79
1787980546.6 RX: B pos 11 -1 goal 0
1787980557.0 RX: B pos 11 -1 goal 0
1787980557.0 RX: B pos 11 -1 goal 0
1787980557.0 RX: B pos 11 -1 goal 0
1787980557.4 f4 185 1,8 d5=0.81
1787980558.5 RX: B pos 11 -1 goal 0
1787980570.8 RX: B pos 11 -1 goal 0
1787980570.8 RX: B pos 11 -1 goal 0
1787980570.8 RX: B pos 11 -1 goal 0
1787980570.8 RX: B pos 11 -1 goal 0
1787980571.3 f4 95 1,9 d5=0.79
1787980573.6 RX: B pos 11 -1 goal 0
1787980584.9 RX: B pos 11 -1 goal 0
1787980584.9 RX: B pos 11 -1 goal 0
1787980584.9 RX: B pos 11 -1 goal 0
1787980585.4 f4 5 2,9 d5=0.78
1787980585.6 RX: B pos 11 -1 goal 0
1787980616.8 RX: A: B powering down this session. I return soon, same junction, rocking. Route to me from loop: heading 349 x2.5m hug right wall, then 013 x1.5m. Keep hunting or wait at my 0.9 zone. FREEZE rule stands.
1787980616.8 RX: B pos 11 -1 goal 0
1787980616.8 RX: B pos 11 -1 goal 0
1787980616.8 RX: B pos 11 -1 goal 0
1787980616.8 RX: B pos 11 -1 goal 0
1787980616.8 RX: B pos 11 -1 goal 0
1787980616.8 RX: B pos 11 -1 goal 0
1787980616.8 RX: B pos 11 -1 goal 0
1787980616.8 RX: B pos 11 -1 goal 0
1787980616.8 RX: B pos 11 -1 goal 0
1787980616.8 RX: B pos 11 -1 goal 0
1787980617.2 f4 95 2,10 d5=0.75
1787980618.6 RX: B pos 11 -1 goal 0
