1787968609.9 === hunt start ===
1787968613.8 w1 275 tr=0.52 pos 0,-1 d5=0.31 c={5: 0.4, 95: 1.1, 185: 0.1, 275: 0.89}
1787968616.8 w2 275 tr=0.52 pos 0,-2 d5=0.32 c={5: 0.34, 95: 0.83, 185: 0.18, 275: 1.52}
1787968618.2 w3 275 tr=0.52 pos 0,-3 d5=0.31 c={5: 0.3, 95: 1.08, 185: 0.22, 275: 1.11}
1787968619.5 w4 275 tr=0.52 pos 0,-4 d5=0.31 c={5: 0.24, 95: 0.94, 185: 0.26, 275: 0.9}
1787968620.9 w5 275 tr=0.52 pos 0,-5 d5=0.31 c={5: 0.24, 95: 0.75, 185: 0.25, 275: 1.05}
1787968628.0 w6 185 tr=0.52 pos -1,-5 d5=0.31 c={5: 0.3, 95: 0.67, 185: 0.83, 275: 0.82}
1787968634.9 w7 95 SHORT tr=0.00
1787968635.3 w8 95 SHORT tr=0.00
1787968643.0 w9 185 tr=0.52 pos -2,-5 d5=0.37 c={5: 0.46, 95: 0.18, 185: 0.66, 275: 0.38}
1787968644.3 w10 185 tr=0.52 pos -3,-5 d5=0.39 c={5: 0.73, 95: 0.25, 185: 0.88, 275: 0.33}
1787968645.7 w11 185 tr=0.52 pos -4,-5 d5=0.41 c={5: 0.98, 95: 0.24, 185: 0.73, 275: 0.29}
1787968647.1 w12 185 tr=0.52 pos -5,-5 d5=0.43 c={5: 1.22, 95: 0.25, 185: 0.77, 275: 0.29}
1787968648.5 w13 185 tr=0.52 pos -6,-5 d5=0.46 c={5: 0.77, 95: 0.3, 185: 1.59, 275: 0.27}
1787968648.5 RX: B pos 0 0 goal 0
1787968649.9 w14 185 tr=0.52 pos -7,-5 d5=0.48 c={5: 0.65, 95: 0.23, 185: 0.96, 275: 0.3}
1787968651.3 w15 185 tr=0.52 pos -8,-5 d5=0.51 c={5: 0.69, 95: 0.26, 185: 0.77, 275: 0.3}
1787968651.3 RX: B proto: goal-finder parks+spins+broadcasts GOAL FOUND. other homes on d5 sound climb. I run frontier explore.
1787968651.3 RX: B pos 0 0 goal 0
1787968651.3 SWITCH to climb d5=0.53 b_at_goal=True
1787968652.1 c d5=0.898 opens=[5, 185, 275] pos -8,-5
1787968663.1 RX: B pos 0 0 goal 0
1787968663.1 RX: B pos 0 0 goal 0
1787968663.1 RX: B pos 1 0 goal 0
1787968663.1 RX: B pos 1 0 goal 0
1787968674.6 peek 5 d5=0.980 (base 0.898)
1787968675.4 RX: B pos 1 1 goal 0
1787968675.4 RX: B pos 1 1 goal 0
1787968675.4 RX: B pos 0 1 goal 0
1787968675.4 RX: B pos 0 1 goal 0
1787968687.4 peek 185 d5=0.970 (base 0.898)
1787968693.6 RX: B pos 1 1 goal 0
1787968693.6 RX: B pos 1 0 goal 0
1787968693.6 RX: B pos 1 0 goal 0
1787968693.6 RX: B pos 1 0 goal 0
1787968693.6 RX: B pos 1 0 goal 0
1787968693.6 RX: B pos 1 0 goal 0
1787968705.9 peek 275 d5=0.961 (base 0.898)
1787968713.4 cmove 5 tr=0.52 pos -7,-5
1787968713.4 RX: B pos 1 0 goal 0
1787968713.4 RX: B pos 1 0 goal 0
1787968713.4 RX: B pos 1 0 goal 0
1787968713.4 RX: B pos 1 0 goal 0
1787968713.4 RX: B pos 1 0 goal 0
1787968713.4 RX: B pos 1 0 goal 0
1787968713.4 RX: B pos 0 0 goal 0
1787968714.2 c d5=0.852 opens=[5, 185] pos -7,-5
1787968717.1 === hunt start ===
1787968717.2 RX: B pos 0 0 goal 0
1787968717.2 SWITCH to climb d5=0.93 b_at_goal=False
1787968718.0 c d5=0.935 opens=[5, 185] pos 0,0
1787968722.2 RX: B pos 0 0 goal 0
1787968722.3 RX: B pos 1 0 goal 0
1787968734.2 peek 5 d5=0.961 (base 0.935)
1787968735.0 RX: B pos 1 0 goal 0
1787968735.0 RX: B pos 1 0 goal 0
1787968735.0 RX: B pos 0 0 goal 0
1787968735.0 RX: B pos 0 0 goal 0
1787968746.6 peek 185 d5=0.946 (base 0.935)
1787968747.8 cmove 5 tr=0.52 pos 1,0
1787968747.8 RX: B pos 1 0 goal 0
1787968747.8 RX: B pos 1 0 goal 0
1787968747.8 RX: B pos 1 0 goal 0
1787968747.8 RX: B pos 0 0 goal 0
1787968748.6 c d5=0.749 opens=[5, 185] pos 1,0
1787968749.4 RX: B pos 0 0 goal 0
1787968761.6 peek 5 d5=0.779 (base 0.749)
1787968761.8 RX: B pos 0 0 goal 0
1787968761.8 RX: B pos 2 0 goal 0
1787968761.8 RX: B pos 2 0 goal 0
1787968761.8 RX: B pos 3 0 goal 0
1787968773.2 peek 185 d5=0.987 (base 0.749)
1787968785.5 cmove 185 tr=0.52 pos 0,0
1787968785.5 RX: B pos 3 0 goal 0
1787968785.5 RX: B pos 2 0 goal 0
1787968785.5 RX: B pos 2 0 goal 0
1787968785.5 RX: B pos 2 -1 goal 0
1787968786.3 c d5=0.900 opens=[5, 185] pos 0,0
1787968797.2 RX: B pos 0 0 goal 0
1787968797.2 RX: B proto: goal-finder parks+spins+broadcasts GOAL FOUND. other homes on d5 sound climb. I run frontier explore.
1787968797.2 RX: B pos 0 0 goal 0
1787968809.5 peek 5 d5=0.879 (base 0.900)
1787968810.3 RX: B pos 0 0 goal 0
1787968810.3 RX: B pos 0 0 goal 0
1787968810.3 RX: B pos 0 0 goal 0
1787968810.3 RX: B pos 0 0 goal 0
1787968822.3 peek 185 d5=0.920 (base 0.900)
1787968834.2 cmove 185 tr=0.52 pos -1,0
1787968834.2 RX: B pos 0 0 goal 0
1787968834.2 RX: B pos 0 0 goal 0
1787968834.2 RX: B pos 0 0 goal 0
1787968834.2 RX: B pos 0 0 goal 0
1787968834.2 RX: B pos 0 0 goal 0
1787968835.0 c d5=0.938 opens=[5, 185] pos -1,0
1787968846.3 RX: B pos 0 0 goal 0
1787968846.3 RX: B proto: goal-finder parks+spins+broadcasts GOAL FOUND. other homes on d5 sound climb. I run frontier explore.
1787968846.3 RX: B pos 0 0 goal 0
1787968846.6 RX: B pos 0 0 goal 0
1787968858.7 peek 5 d5=0.924 (base 0.938)
1787968859.4 RX: B pos 0 0 goal 0
1787968859.4 RX: B pos 0 0 goal 0
1787968859.4 RX: B pos 0 1 goal 0
1787968859.4 RX: B pos 0 1 goal 0
1787968871.6 peek 185 d5=0.917 (base 0.938)
1787968872.8 cmove 5 tr=0.52 pos 0,0
1787968872.8 RX: B pos -1 1 goal 0
1787968872.8 RX: B pos -1 1 goal 0
1787968872.8 RX: B pos 0 1 goal 0
1787968872.8 RX: B pos 0 1 goal 0
1787968873.6 c d5=0.878 opens=[5, 185] pos 0,0
1787968874.3 RX: B pos 0 1 goal 0
1787968886.3 peek 5 d5=0.843 (base 0.878)
1787968886.5 RX: B pos 0 1 goal 0
1787968886.5 RX: B pos 0 1 goal 0
1787968886.5 RX: B pos 1 1 goal 0
1787968886.5 RX: B pos 1 1 goal 0
1787968898.1 peek 185 d5=0.976 (base 0.878)
1787968909.0 cmove 185 tr=0.00 pos 0,0
1787968909.0 RX: B pos 1 1 goal 0
1787968909.0 RX: B pos 1 1 goal 0
1787968909.0 RX: B pos 0 1 goal 0
1787968909.0 RX: B pos 0 1 goal 0
1787968909.0 RX: B pos 0 1 goal 0
1787968909.0 RX: B pos 1 1 goal 0
1787968909.0 RX: B pos 1 1 goal 0
1787968909.6 RX: B pos 1 1 goal 0
1787968909.8 c d5=0.964 opens=[5] pos 0,0
1787968921.0 cmove 5 tr=0.52 pos 1,0
1787968921.0 RX: B pos 1 1 goal 0
1787968921.0 RX: B pos 1 1 goal 0
1787968921.0 RX: B pos 1 1 goal 0
1787968921.6 RX: B pos 2 1 goal 0
1787968921.8 c d5=0.930 opens=[5, 185] pos 1,0
1787968935.0 peek 5 d5=0.945 (base 0.930)
1787968935.7 RX: B pos 3 1 goal 0
1787968935.7 RX: B pos 3 1 goal 0
1787968935.7 RX: B pos 3 1 goal 0
1787968935.7 RX: B pos 2 1 goal 0
1787968954.2 === hunt start ===
1787968954.3 RX: A msg2: we are adjacent now (I hear you d5~0.95). PROPOSAL: (1) SHARED ORIGIN = my current cell, right here now. axes: +x=compass bearing 0, +y=compass 90, cell 0.55. (2) SPLIT: you explore x<0 (west half), I explore x>0 (east). (3) finder of goal: park+sp
1787968954.3 RX: B pos 2 0 goal 0
1787968954.3 RX: B pos 1 0 goal 0
1787968954.3 RX: A msg3: we are adjacent now (I hear you d5~0.95). PROPOSAL: (1) SHARED ORIGIN = my current cell, right here now. axes: +x=compass bearing 0, +y=compass 90, cell 0.55. (2) SPLIT: you explore x<0 (west half), I explore x>0 (east). (3) finder of goal: park+sp
1787968966.1 w1 5 tr=0.52 pos 1,0 d5=0.48 c={5: 0.99, 95: 0.26, 185: 1.48, 275: 0.26}
1787968967.4 w2 5 tr=0.52 pos 2,0 d5=0.52 c={5: 0.71, 95: 0.28, 185: 0.68, 275: 0.31}
1787968968.8 w3 5 tr=0.52 pos 3,0 d5=0.52 c={5: 1.1, 95: 0.25, 185: 0.82, 275: 0.28}
1787968970.2 w4 5 tr=0.52 pos 4,0 d5=0.52 c={5: 0.88, 95: 0.25, 185: 0.73, 275: 0.29}
1787968971.6 w5 5 tr=0.52 pos 5,0 d5=0.51 c={5: 0.64, 95: 0.27, 185: 0.75, 275: 0.33}
1787968978.2 w6 275 tr=0.52 pos 5,-1 d5=0.50 c={5: 0.4, 95: 1.11, 185: 0.66, 275: 0.77}
1787968979.6 w7 275 tr=0.52 pos 5,-2 d5=0.51 c={5: 0.38, 95: 0.55, 185: 0.18, 275: 0.55}
1787968986.7 w8 185 tr=0.52 pos 4,-2 d5=0.51 c={5: 0.38, 95: 0.83, 185: 0.69, 275: 0.3}
1787968988.1 w9 185 tr=0.52 pos 3,-2 d5=0.53 c={5: 0.61, 95: 0.19, 185: 0.62, 275: 0.27}
1787968988.1 RX: B pos 3 1 goal 0
1787968989.5 w10 185 tr=0.52 pos 2,-2 d5=0.55 c={5: 0.84, 95: 0.21, 185: 0.48, 275: 0.25}
1787968989.5 RX: A: agreed on GOAL FOUND park+spin. Also SPLIT SEARCH so we cover twice the area: you go compass-WEST (bearing 180) side, I go compass-EAST (bearing 0) side. Meet criterion unchanged: finder parks+spins+broadcasts GOAL FOUND. Reply AGREE SPLIT.
1787968990.9 w11 185 tr=0.52 pos 1,-2 d5=0.58 c={5: 0.44, 95: 0.23, 185: 0.53, 275: 0.24}
1787968990.9 RX: B pos 3 1 goal 0
1787968992.3 w12 185 tr=0.52 pos 0,-2 d5=0.61 c={5: 0.62, 95: 0.23, 185: 0.62, 275: 0.2}
1787968993.6 w13 185 tr=0.52 pos -1,-2 d5=0.64 c={5: 0.67, 95: 0.25, 185: 0.5, 275: 0.21}
1787969005.1 w14 5 tr=0.52 pos 0,-2 d5=0.66 c={5: 0.53, 95: 0.24, 185: 0.28, 275: 0.25}
1787969005.1 RX: B pos 4 1 goal 0
1787969005.1 RX: B pos 4 1 goal 0
1787969005.1 RX: B pos 5 1 goal 0
1787969006.4 w15 5 tr=0.52 pos 1,-2 d5=0.66 c={5: 0.74, 95: 0.23, 185: 0.52, 275: 0.23}
1787969006.4 RX: B pos 6 1 goal 0
1787969007.8 w16 5 tr=0.52 pos 2,-2 d5=0.67 c={5: 0.49, 95: 0.19, 185: 0.67, 275: 0.22}
1787969009.2 w17 5 tr=0.52 pos 3,-2 d5=0.67 c={5: 0.76, 95: 0.23, 185: 0.97, 275: 0.26}
1787969009.2 RX: B pos 6 3 goal 0
1787969010.6 w18 5 tr=0.52 pos 4,-2 d5=0.68 c={5: 0.81, 95: 0.21, 185: 0.68, 275: 0.24}
1787969012.0 w19 5 tr=0.52 pos 5,-2 d5=0.68 c={5: 0.56, 95: 0.18, 185: 0.67, 275: 0.26}
1787969012.0 RX: B pos 6 5 goal 0
1787969019.3 w20 95 tr=0.52 pos 5,-1 d5=0.68 c={5: 0.35, 95: 1.07, 185: 1.68, 275: 0.27}
1787969020.6 w21 95 tr=0.52 pos 5,0 d5=0.68 c={5: 0.36, 95: 0.53, 185: 0.36, 275: 0.52}
1787969027.5 w22 185 tr=0.52 pos 4,0 d5=0.67 c={5: 0.34, 95: 0.31, 185: 0.59, 275: 0.76}
1787969028.9 w23 185 tr=0.52 pos 3,0 d5=0.66 c={5: 0.59, 95: 0.29, 185: 0.72, 275: 0.28}
1787969030.3 w24 185 tr=0.52 pos 2,0 d5=0.64 c={5: 0.82, 95: 0.28, 185: 0.65, 275: 0.23}
1787969031.7 w25 185 tr=0.52 pos 1,0 d5=0.63 c={5: 1.03, 95: 0.28, 185: 0.6, 275: 0.23}
1787969033.1 w26 185 tr=0.52 pos 0,0 d5=0.62 c={5: 0.76, 95: 0.32, 185: 0.66, 275: 0.3}
1787969034.5 w27 185 tr=0.52 pos -1,0 d5=0.61 c={5: 0.92, 95: 0.27, 185: 1.49, 275: 0.24}
1787969035.9 w28 185 tr=0.52 pos -2,0 d5=0.59 c={5: 0.64, 95: 0.24, 185: 1.23, 275: 0.23}
1787969037.3 w29 185 tr=0.52 pos -3,0 d5=0.58 c={5: 0.79, 95: 0.25, 185: 1.01, 275: 0.26}
1787969038.6 w30 185 tr=0.52 pos -4,0 d5=0.57 c={5: 0.55, 95: 0.25, 185: 0.48, 275: 0.48}
1787969046.1 w31 275 tr=0.52 pos -4,-1 d5=0.55 c={5: 0.72, 95: 0.32, 185: 0.34, 275: 0.68}
1787969047.5 w32 275 tr=0.52 pos -4,-2 d5=0.54 c={5: 1.21, 95: 0.46, 185: 0.13, 275: 0.52}
1787969050.1 === west dfs start ===
1787969054.3 e1 185 pos -1,0 d5=0.21 c={5: 0.47, 95: 0.59, 185: 1.27, 275: 0.4}
1787969056.0 e2 185 pos -2,0 d5=0.21 c={5: 0.66, 95: 0.12, 185: 1.13, 275: 0.37}
1787969057.4 e3 185 pos -3,0 d5=0.20 c={5: 0.89, 95: 0.23, 185: 1.14, 275: 0.28}
1787969058.8 e4 185 pos -4,0 d5=0.20 c={5: 0.46, 95: 0.91, 185: 0.62, 275: 0.31}
1787969060.1 e5 185 pos -5,0 d5=0.20 c={5: 0.63, 95: 0.41, 185: 0.44, 275: 0.29}
1787969061.2 e6 185 pos -6,0 d5=0.19 c={5: 0.68, 95: 0.99, 185: 0.46, 275: 0.26}
1787969067.4 e7 95 pos -6,1 d5=0.19 c={5: 0.82, 95: 0.84, 185: 0.28, 275: 0.18}
1787969068.8 e8 95 pos -6,2 d5=0.20 c={5: 0.23, 95: 0.63, 185: 0.26, 275: 0.41}
1787969070.1 e9 95 pos -6,3 d5=0.21 c={5: 0.25, 95: 0.76, 185: 0.27, 275: 0.66}
1787969071.5 e10 95 pos -6,4 d5=0.21 c={5: 0.24, 95: 0.54, 185: 0.2, 275: 0.88}
1787969103.7 e17 95 pos -4,1 d5=0.23 c={5: 1.15, 95: 1.13, 185: 0.7, 275: 0.4}
1787969105.1 e18 95 pos -4,2 d5=0.23 c={5: 0.31, 95: 0.9, 185: 0.26, 275: 0.62}
1787969106.4 e19 95 pos -4,3 d5=0.24 c={5: 0.25, 95: 0.57, 185: 0.24, 275: 0.87}
1787969107.4 e20 95 pos -4,4 d5=0.25 c={5: 0.99, 95: 0.42, 185: 0.24, 275: 1.09}
1787969114.0 e21 5 pos -3,4 d5=0.26 c={5: 0.89, 95: 0.28, 185: 0.2, 275: 1.23}
1787969115.4 e22 5 pos -2,4 d5=0.28 c={5: 0.58, 95: 0.31, 185: 0.54, 275: 0.27}
1787969116.7 e23 5 pos -1,4 d5=0.30 c={5: 0.93, 95: 0.25, 185: 0.68, 275: 0.23}
1787969116.7 RX: B pos 1 9 goal 0
1787969118.1 e24 5 pos 0,4 d5=0.32 c={5: 0.62, 95: 0.25, 185: 0.89, 275: 0.3}
1787969119.4 e25 5 pos 1,4 d5=0.33 c={5: 1.83, 95: 0.22, 185: 0.71, 275: 0.31}
1787969120.8 e26 5 pos 2,4 d5=0.35 c={5: 0.47, 95: 0.24, 185: 0.69, 275: 0.27}
1787969120.8 RX: B pos 1 9 goal 0
1787969122.2 e27 5 pos 3,4 d5=0.37 c={5: 0.52, 95: 0.27, 185: 0.81, 275: 0.27}
1787969123.5 e28 5 pos 4,4 d5=0.38 c={5: 0.67, 95: 0.2, 185: 0.82, 275: 0.28}
1787969125.0 e29 5 pos 5,4 d5=0.38 c={5: 0.93, 95: 0.2, 185: 0.71, 275: 0.25}
1787969126.4 e30 5 pos 6,4 d5=0.39 c={5: 0.69, 95: 0.19, 185: 0.75, 275: 0.28}
1787969127.5 e31 5 pos 7,4 d5=0.39 c={5: 0.46, 95: 0.25, 185: 0.84, 275: 0.26}
1787969134.7 e32 95 pos 7,5 d5=0.39 c={5: 0.28, 95: 0.74, 185: 0.56, 275: 0.24}
1787969136.1 e33 95 pos 7,6 d5=0.39 c={5: 0.28, 95: 0.49, 185: 0.27, 275: 0.48}
1787969144.0 e34 185 pos 6,6 d5=0.39 c={5: 0.29, 95: 0.29, 185: 0.64, 275: 0.68}
1787969145.4 e35 185 pos 5,6 d5=0.39 c={5: 0.53, 95: 0.28, 185: 0.56, 275: 0.23}
1787969146.7 e36 185 pos 4,6 d5=0.39 c={5: 0.61, 95: 0.27, 185: 0.57, 275: 0.25}
1787969148.1 e37 185 pos 3,6 d5=0.39 c={5: 0.76, 95: 0.28, 185: 0.5, 275: 0.23}
1787969149.4 e38 185 pos 2,6 d5=0.40 c={5: 0.59, 95: 0.34, 185: 0.46, 275: 0.24}
1787969150.8 e39 185 pos 1,6 d5=0.40 c={5: 0.75, 95: 0.28, 185: 0.6, 275: 0.21}
1787969152.2 e40 185 pos 0,6 d5=0.41 c={5: 0.56, 95: 0.32, 185: 0.49, 275: 0.15}
1787969153.5 e41 185 pos -1,6 d5=0.42 c={5: 0.72, 95: 0.31, 185: 0.46, 275: 0.26}
1787969154.9 e42 185 pos -2,6 d5=0.43 c={5: 0.73, 95: 0.27, 185: 0.66, 275: 0.21}
1787969156.2 e43 185 pos -3,6 d5=0.44 c={5: 0.78, 95: 0.31, 185: 0.53, 275: 0.19}
1787969158.5 e44 185 pos -4,6 d5=0.45 c={5: 0.77, 95: 0.24, 185: 0.57, 275: 0.2}
1787969159.9 e45 185 pos -5,6 d5=0.45 c={5: 0.71, 95: 0.27, 185: 0.57, 275: 0.22}
1787969162.6 e46 185 pos -6,6 d5=0.46 c={5: 0.88, 95: 0.77, 185: 0.46, 275: 0.23}
1787969168.8 e47 95 pos -6,7 d5=0.47 c={5: 2.66, 95: 0.74, 185: 0.29, 275: 0.22}
1787969170.2 e48 95 pos -6,8 d5=0.47 c={5: 0.3, 95: 0.56, 185: 0.24, 275: 0.48}
1787969194.1 === west dfs start ===
1787969195.5 e1 185 pos -1,0 d5=0.33 c={5: 0.27, 95: 0.33, 185: 0.67, 275: 0.69}
1787969196.6 e2 185 pos -2,0 d5=0.31 c={5: 0.52, 95: 0.35, 185: 0.47, 275: 0.27}
1787969215.9 e4 275 pos -1,-1 d5=0.33 c={5: 0.45, 95: 0.33, 185: 0.52, 275: 0.69}
1787969217.1 e5 275 pos -1,-2 d5=0.35 c={5: 0.44, 95: 0.56, 185: 0.1, 275: 0.46}
1787969223.4 e6 5 pos 0,-2 d5=0.35 c={5: 0.63, 95: 0.76, 185: 0.16, 275: 0.28}
1787969231.4 e7 95 pos 0,-1 d5=0.36 c={5: 1.0, 95: 0.68, 185: 0.4, 275: 0.28}
1787969250.5 backtrack blocked!?
1787969262.4 e10 5 pos 1,-2 d5=0.41 c={5: 0.88, 95: 0.74, 185: 0.29, 275: 0.27}
1787969262.4 RX: B pos -5 11 goal 0
1787969262.4 RX: B pos -5 11 goal 0
1787969274.4 RX: B pos -6 11 goal 0
1787969274.4 RX: B pos -6 10 goal 0
1787969274.4 RX: B pos -6 10 goal 0
1787969274.5 backtrack jump fail
1787969281.3 e12 95 pos 0,-1 d5=0.48 c={5: 0.5, 95: 0.73, 185: 0.29, 275: 0.27}
1787969281.3 RX: B pos -6 10 goal 0
1787969281.3 RX: B pos -5 10 goal 0
1787969282.6 e13 95 pos 0,0 d5=0.51 c={5: 0.23, 95: 0.47, 185: 0.28, 275: 0.49}
1787969282.6 RX: B pos -5 10 goal 0
1787969289.3 e14 185 pos -1,0 d5=0.54 c={5: 0.26, 95: 0.24, 185: 0.69, 275: 0.72}
1787969289.3 RX: B pos -5 10 goal 0
1787969289.3 RX: B pos -6 10 goal 0
1787969290.3 e15 185 pos -2,0 d5=0.55 c={5: 0.53, 95: 0.29, 185: 0.42, 275: 0.74}
1787969302.4 RX: B pos -7 10 goal 0
1787969302.4 RX: B pos -7 10 goal 0
1787969302.4 RX: B pos -7 9 goal 0
1787969302.4 RX: B pos -6 9 goal 0
1787969310.3 e17 275 pos -1,-1 d5=0.58 c={5: 0.44, 95: 0.26, 185: 0.6, 275: 0.77}
1787969310.3 RX: B pos -6 9 goal 0
1787969310.3 RX: B pos -6 10 goal 0
1787969310.3 RX: B pos -6 10 goal 0
1787969317.0 e18 185 SHORT tr=0.00
1787969317.0 RX: B pos -6 10 goal 0
1787969317.0 RX: B pos -6 10 goal 0
1787969324.0 e19 275 pos -1,-2 d5=0.60 c={5: 0.38, 95: 0.52, 185: 0.14, 275: 0.52}
1787969324.0 RX: B pos -6 10 goal 0
1787969324.0 RX: B pos -6 10 goal 0
1787969324.0 RX: B pos -6 10 goal 0
1787969335.7 RX: B pos -6 10 goal 0
1787969335.7 RX: B pos -6 10 goal 0
1787969335.7 RX: B pos -6 10 goal 0
1787969335.7 RX: B pos -6 10 goal 0
1787969343.8 backtrack blocked!?
1787969343.8 RX: B pos -6 10 goal 0
1787969343.8 RX: B pos -6 10 goal 0
1787969343.9 backtrack jump fail
1787969356.0 e23 185 pos -2,0 d5=0.62 c={5: 0.27, 95: 0.29, 185: 0.7, 275: 0.72}
1787969356.0 RX: B pos -6 10 goal 0
1787969356.0 RX: B pos -6 10 goal 0
1787969356.0 RX: B pos -6 11 goal 0
1787969356.0 RX: B pos -6 11 goal 0
1787969357.0 e24 185 pos -3,0 d5=0.63 c={5: 0.55, 95: 0.3, 185: 0.42, 275: 0.35}
1787969357.0 RX: B pos -6 11 goal 0
1787969358.8 === hunt start ===
1787969363.7 e25 275 pos -3,-1 d5=0.64 c={5: 0.69, 95: 0.29, 185: 0.28, 275: 1.28}
1787969363.7 RX: B pos -6 11 goal 0
1787969363.7 RX: B pos -7 11 goal 0
1787969363.8 w1 275 tr=0.52 pos 0,-1 d5=0.83 c={5: 0.64, 95: 0.3, 185: 0.26, 275: 0.48}
1787969365.1 e26 275 pos -3,-2 d5=0.64 c={5: 0.67, 95: 0.52, 185: 0.32, 275: 1.05}
1787969365.2 w2 275 tr=0.52 pos 0,-2 d5=0.78 c={5: 0.66, 95: 0.52, 185: 0.33, 275: 1.02}
1787969366.5 e27 275 pos -3,-3 d5=0.64 c={5: 0.14, 95: 0.81, 185: 0.28, 275: 0.66}
1787969366.5 RX: B pos -7 11 goal 0
1787969366.6 w3 275 tr=0.52 pos 0,-3 d5=0.75 c={5: 0.12, 95: 0.79, 185: 0.28, 275: 0.66}
1787969370.0 e28 275 pos -3,-4 d5=0.64 c={5: 0.19, 95: 1.05, 185: 0.33, 275: 1.13}
1787969370.7 w4 275 tr=0.52 pos 0,-4 d5=0.73 c={5: 0.19, 95: 1.04, 185: 0.33, 275: 1.12}
1787969371.3 e29 275 pos -3,-5 d5=0.64 c={5: 0.26, 95: 0.71, 185: 0.27, 275: 0.54}
1787969372.7 e30 275 pos -3,-6 d5=0.63 c={5: 0.23, 95: 0.76, 185: 0.31, 275: 0.58}
1787969373.4 w5 275 tr=0.52 pos 0,-5 d5=0.68 c={5: 0.24, 95: 0.69, 185: 0.31, 275: 0.61}
1787969374.1 e31 275 pos -3,-7 d5=0.63 c={5: 0.25, 95: 0.8, 185: 0.29, 275: 0.52}
1787969403.1 w6 95 tr=0.52 pos 0,-4 d5=0.63 c={5: 0.2, 95: 0.68, 185: 0.24, 275: 0.4}
1787969408.7 e32 275 pos -3,-8 d5=0.62 c={5: 0.23, 95: 1.99, 185: 0.27, 275: 0.52}
1787969436.9 w7 95 SHORT tr=0.08
1787969443.2 e33 275 pos -3,-9 d5=0.62 c={5: 0.26, 95: 0.6, 185: 0.19, 275: 0.67}
1787969461.6 w8 95 tr=0.52 pos 0,-3 d5=0.58 c={5: 0.23, 95: 0.6, 185: 0.2, 275: 0.67}
1787969474.2 w9 95 tr=0.52 pos 0,-2 d5=0.57 c={5: 0.31, 95: 1.07, 185: 0.21, 275: 0.86}
1787969475.6 w10 95 tr=0.52 pos 0,-1 d5=0.57 c={5: 0.32, 95: 0.62, 185: 0.25, 275: 0.75}
1787969477.0 w11 95 tr=0.52 pos 0,0 d5=0.57 c={5: 0.28, 95: 1.15, 185: 0.21, 275: 0.88}
1787969478.4 w12 95 tr=0.52 pos 0,1 d5=0.58 c={5: 0.24, 95: 0.45, 185: 0.25, 275: 0.76}
1787969490.0 w13 275 tr=0.52 pos 0,0 d5=0.59 c={5: 0.3, 95: 0.4, 185: 0.16, 275: 0.79}
1787969490.0 RX: B pos -11 11 goal 0
1787969490.0 RX: B pos -11 11 goal 0
1787969490.0 RX: B pos -11 11 goal 0
1787969490.0 RX: B pos -12 11 goal 0
1787969491.4 w14 275 tr=0.52 pos 0,-1 d5=0.59 c={5: 0.21, 95: 0.58, 185: 0.29, 275: 0.7}
1787969492.8 w15 275 tr=0.52 pos 0,-2 d5=0.59 c={5: 0.24, 95: 0.64, 185: 0.28, 275: 0.67}
1787969494.2 w16 275 tr=0.52 pos 0,-3 d5=0.59 c={5: 0.28, 95: 0.63, 185: 0.3, 275: 0.77}
1787969495.6 w17 275 tr=0.52 pos 0,-4 d5=0.59 c={5: 0.25, 95: 0.67, 185: 0.31, 275: 0.51}
1787969496.9 w18 275 tr=0.52 pos 0,-5 d5=0.59 c={5: 0.22, 95: 0.68, 185: 0.22, 275: 0.48}
1787969498.0 w19 275 tr=0.35 pos 0,-6 d5=0.58 c={5: 0.22, 95: 0.78, 185: 0.25, 275: 0.43}
1787969509.8 w20 95 tr=0.52 pos 0,-5 d5=0.57 c={5: 0.24, 95: 0.69, 185: 0.26, 275: 0.25}
1787969511.2 w21 95 tr=0.52 pos 0,-4 d5=0.56 c={5: 0.27, 95: 0.67, 185: 0.25, 275: 0.49}
1787969512.6 w22 95 tr=0.52 pos 0,-3 d5=0.56 c={5: 0.24, 95: 0.56, 185: 0.22, 275: 0.56}
1787969514.0 w23 95 tr=0.52 pos 0,-2 d5=0.55 c={5: 0.29, 95: 0.6, 185: 0.26, 275: 0.61}
1787969515.4 w24 95 tr=0.52 pos 0,-1 d5=0.55 c={5: 0.32, 95: 0.56, 185: 0.24, 275: 0.75}
1787969516.8 w25 95 tr=0.52 pos 0,0 d5=0.55 c={5: 0.24, 95: 0.57, 185: 0.24, 275: 0.68}
1787969518.2 w26 95 tr=0.52 pos 0,1 d5=0.56 c={5: 0.2, 95: 0.9, 185: 0.24, 275: 1.63}
1787969519.5 w27 95 tr=0.52 pos 0,2 d5=0.57 c={5: 0.31, 95: 0.56, 185: 0.19, 275: 0.87}
1787969519.5 RX: B pos -13 11 goal 0
1787969526.5 w28 5 tr=0.52 pos 1,2 d5=0.58 c={5: 0.77, 95: 0.38, 185: 0.2, 275: 1.06}
1787969526.5 RX: B pos -13 10 goal 0
1787969526.5 RX: B pos -13 10 goal 0
1787969527.9 w29 5 tr=0.52 pos 2,2 d5=0.59 c={5: 0.56, 95: 0.39, 185: 0.45, 275: 0.17}
1787969527.9 RX: B pos -13 10 goal 0
1787969535.0 w30 275 tr=0.52 pos 2,1 d5=0.59 c={5: 0.31, 95: 0.37, 185: 0.67, 275: 0.67}
1787969535.0 RX: B pos -13 10 goal 0
1787969535.0 RX: B pos -13 11 goal 0
1787969536.0 w31 275 tr=0.33 pos 2,0 d5=0.60 c={5: 0.3, 95: 0.6, 185: 0.23, 275: 0.44}
1787969542.5 w32 5 tr=0.52 pos 3,0 d5=0.60 c={5: 1.09, 95: 0.71, 185: 0.23, 275: 0.29}
1787969542.5 RX: B pos -13 11 goal 0
1787969542.5 RX: B pos -13 11 goal 0
1787969543.9 w33 5 tr=0.52 pos 4,0 d5=0.60 c={5: 0.93, 95: 0.3, 185: 0.48, 275: 0.32}
1787969545.6 w34 5 tr=0.52 pos 5,0 d5=0.59 c={5: 0.59, 95: 0.18, 185: 0.77, 275: 0.34}
1787969547.0 w35 5 tr=0.52 pos 6,0 d5=0.59 c={5: 0.65, 95: 0.21, 185: 0.92, 275: 0.28}
1787969548.4 w36 5 tr=0.52 pos 7,0 d5=0.59 c={5: 0.47, 95: 0.23, 185: 0.8, 275: 0.34}
1787969549.8 w37 5 tr=0.52 pos 8,0 d5=0.58 c={5: 0.48, 95: 0.2, 185: 0.79, 275: 0.32}
1787969551.2 w38 5 tr=0.52 pos 9,0 d5=0.58 c={5: 0.6, 95: 0.18, 185: 0.73, 275: 0.3}
1787969552.6 w39 5 tr=0.52 pos 10,0 d5=0.57 c={5: 0.42, 95: 0.17, 185: 0.75, 275: 0.3}
1787969554.9 w40 5 tr=0.52 pos 11,0 d5=0.56 c={5: 0.62, 95: 0.2, 185: 0.81, 275: 0.29}
1787969556.3 w41 5 tr=0.52 pos 12,0 d5=0.55 c={5: 0.49, 95: 0.12, 185: 0.94, 275: 0.3}
1787969557.7 w42 5 tr=0.52 pos 13,0 d5=0.54 c={5: 0.66, 95: 0.2, 185: 0.75, 275: 0.3}
1787969559.1 w43 5 tr=0.52 pos 14,0 d5=0.53 c={5: 0.52, 95: 0.18, 185: 0.66, 275: 0.29}
1787969565.4 w44 275 tr=0.43 pos 14,-1 d5=0.52 c={5: 0.47, 95: 0.23, 185: 0.69, 275: 0.77}
1787969571.6 w45 185 SHORT tr=0.08
1787969572.0 w46 185 SHORT tr=0.00
1787969572.4 w47 185 SHORT tr=0.03
1787969572.8 w48 185 SHORT tr=0.00
1787969573.1 w49 185 SHORT tr=0.00
1787969573.6 w50 185 SHORT tr=0.03
1787969574.0 w51 185 SHORT tr=0.00
1787969574.3 w52 185 SHORT tr=0.00
1787969574.8 w53 185 SHORT tr=0.03
1787969575.2 w54 185 SHORT tr=0.00
1787969575.5 w55 185 SHORT tr=0.00
1787969576.9 w56 185 tr=0.52 pos 13,-1 d5=0.41 c={5: 0.52, 95: 0.42, 185: 0.56, 275: 0.1}
1787969581.1 w57 185 tr=0.52 pos 12,-1 d5=0.41 c={5: 0.58, 95: 0.37, 185: 0.5, 275: 0.09}
1787969584.4 w58 185 tr=0.52 pos 11,-1 d5=0.40 c={5: 0.77, 95: 0.35, 185: 0.53, 275: 0.2}
1787969595.7 w59 5 tr=0.52 pos 12,-1 d5=0.39 c={5: 1.01, 95: 0.34, 185: 0.37, 275: 0.16}
1787969597.1 w60 5 tr=0.52 pos 13,-1 d5=0.39 c={5: 0.79, 95: 0.28, 185: 0.92, 275: 0.25}
1787969598.5 w61 5 tr=0.52 pos 14,-1 d5=0.39 c={5: 0.53, 95: 0.27, 185: 0.51, 275: 0.24}
1787969605.9 w62 275 tr=0.52 pos 14,-2 d5=0.38 c={5: 0.3, 95: 0.29, 185: 0.64, 275: 0.71}
1787969607.0 w63 275 tr=0.38 pos 14,-3 d5=0.37 c={5: 0.28, 95: 0.51, 185: 0.24, 275: 0.46}
1787969613.8 w64 185 tr=0.52 pos 13,-3 d5=0.36 c={5: 0.3, 95: 0.68, 185: 0.73, 275: 0.32}
1787969615.2 w65 185 tr=0.52 pos 12,-3 d5=0.35 c={5: 0.54, 95: 0.19, 185: 0.81, 275: 0.32}
1787969616.5 w66 185 tr=0.52 pos 11,-3 d5=0.34 c={5: 0.77, 95: 0.17, 185: 1.08, 275: 0.27}
1787969617.9 w67 185 tr=0.52 pos 10,-3 d5=0.33 c={5: 0.74, 95: 0.24, 185: 0.85, 275: 0.23}
1787969619.3 w68 185 tr=0.52 pos 9,-3 d5=0.31 c={5: 0.45, 95: 0.23, 185: 0.67, 275: 0.28}
1787969620.7 w69 185 tr=0.52 pos 8,-3 d5=0.30 c={5: 0.6, 95: 0.29, 185: 0.63, 275: 0.24}
1787969622.1 w70 185 tr=0.52 pos 7,-3 d5=0.29 c={5: 0.72, 95: 0.31, 185: 0.61, 275: 0.25}
1787969623.5 w71 185 tr=0.52 pos 6,-3 d5=0.28 c={5: 0.8, 95: 0.26, 185: 0.84, 275: 0.22}
1787969624.9 w72 185 tr=0.52 pos 5,-3 d5=0.27 c={5: 0.73, 95: 0.3, 185: 0.84, 275: 0.26}
1787969626.3 w73 185 tr=0.52 pos 4,-3 d5=0.27 c={5: 0.85, 95: 0.34, 185: 0.6, 275: 0.2}
1787969626.9 w74 185 SHORT tr=0.16
1787969633.9 w75 275 tr=0.52 pos 4,-4 d5=0.27 c={5: 0.69, 95: 0.3, 185: 0.31, 275: 1.2}
1787969635.3 w76 275 tr=0.52 pos 4,-5 d5=0.26 c={5: 0.2, 95: 0.54, 185: 0.37, 275: 0.42}
1787969638.9 w77 275 tr=0.52 pos 4,-6 d5=0.26 c={5: 0.16, 95: 0.8, 185: 0.36, 275: 0.8}
1787969641.2 w78 275 tr=0.52 pos 4,-7 d5=0.26 c={5: 0.22, 95: 1.03, 185: 0.36, 275: 0.52}
1787969649.0 w79 185 tr=0.52 pos 3,-7 d5=0.26 c={5: 0.48, 95: 0.82, 185: 0.56, 275: 0.29}
1787969656.6 w80 95 tr=0.52 pos 3,-6 d5=0.26 c={5: 0.93, 95: 0.9, 185: 0.62, 275: 0.28}
1787969663.4 w81 5 tr=0.52 pos 4,-6 d5=0.27 c={5: 0.5, 95: 0.2, 185: 0.59, 275: 0.44}
1787969670.2 w82 275 tr=0.38 pos 4,-7 d5=0.27 c={5: 0.22, 95: 0.71, 185: 0.81, 275: 0.47}
1787969677.6 w83 185 tr=0.52 pos 3,-7 d5=0.27 c={5: 0.47, 95: 0.81, 185: 0.57, 275: 0.31}
1787969684.6 w84 95 tr=0.52 pos 3,-6 d5=0.27 c={5: 0.68, 95: 1.23, 185: 0.57, 275: 0.29}
1787969692.2 w85 5 tr=0.52 pos 4,-6 d5=0.28 c={5: 0.53, 95: 0.2, 185: 0.57, 275: 0.44}
1787969699.5 w86 275 tr=0.35 pos 4,-7 d5=0.28 c={5: 0.24, 95: 1.03, 185: 0.8, 275: 0.48}
1787969707.0 w87 185 tr=0.52 pos 3,-7 d5=0.29 c={5: 0.48, 95: 0.79, 185: 0.58, 275: 0.3}
1787969714.6 w88 95 tr=0.52 pos 3,-6 d5=0.29 c={5: 0.51, 95: 0.89, 185: 0.58, 275: 0.3}
1787969721.4 w89 5 tr=0.52 pos 4,-6 d5=0.29 c={5: 0.52, 95: 0.69, 185: 0.59, 275: 0.44}
1787969728.5 w90 275 tr=0.35 pos 4,-7 d5=0.29 c={5: 0.23, 95: 0.72, 185: 0.81, 275: 0.45}
1787969736.0 w91 185 tr=0.52 pos 3,-7 d5=0.30 c={5: 0.49, 95: 0.78, 185: 0.56, 275: 0.3}
1787969742.8 w92 95 tr=0.52 pos 3,-6 d5=0.30 c={5: 0.98, 95: 0.84, 185: 0.61, 275: 0.29}
1787969749.5 w93 5 tr=0.52 pos 4,-6 d5=0.30 c={5: 0.53, 95: 0.19, 185: 0.57, 275: 0.42}
1787969756.8 w94 275 tr=0.38 pos 4,-7 d5=0.30 c={5: 0.5, 95: 1.04, 185: 0.79, 275: 0.44}
1787969764.0 w95 185 tr=0.52 pos 3,-7 d5=0.31 c={5: 1.03, 95: 0.78, 185: 0.84, 275: 0.29}
1787969771.1 w96 95 tr=0.52 pos 3,-6 d5=0.31 c={5: 0.57, 95: 0.92, 185: 0.56, 275: 0.28}
1787969777.9 w97 5 tr=0.52 pos 4,-6 d5=0.31 c={5: 0.74, 95: 0.69, 185: 0.57, 275: 0.43}
1787969784.1 w98 275 tr=0.35 pos 4,-7 d5=0.31 c={5: 0.47, 95: 1.03, 185: 0.8, 275: 0.45}
1787969790.9 w99 185 tr=0.52 pos 3,-7 d5=0.31 c={5: 1.05, 95: 0.73, 185: 0.82, 275: 0.29}
1787969797.5 w100 95 tr=0.52 pos 3,-6 d5=0.32 c={5: 0.58, 95: 0.93, 185: 0.56, 275: 0.28}
1787969804.1 w101 5 tr=0.52 pos 4,-6 d5=0.32 c={5: 0.72, 95: 0.68, 185: 0.57, 275: 0.42}
1787969811.3 w102 275 tr=0.35 pos 4,-7 d5=0.32 c={5: 0.24, 95: 0.69, 185: 0.81, 275: 0.46}
1787969819.0 w103 185 tr=0.52 pos 3,-7 d5=0.33 c={5: 0.48, 95: 0.74, 185: 0.56, 275: 0.28}
1787969825.7 w104 95 tr=0.52 pos 3,-6 d5=0.33 c={5: 0.55, 95: 0.88, 185: 0.55, 275: 0.29}
1787969833.7 w105 5 tr=0.52 pos 4,-6 d5=0.33 c={5: 0.52, 95: 0.2, 185: 0.57, 275: 0.42}
1787969840.5 w106 275 tr=0.35 pos 4,-7 d5=0.34 c={5: 0.23, 95: 0.69, 185: 0.81, 275: 0.44}
1787969846.9 === hunt start ===
1787969859.0 w1 5 tr=0.52 pos 1,0 d5=0.31 c={5: 0.71, 95: 1.21, 185: 0.55, 275: 0.27}
1787969860.4 w2 5 tr=0.52 pos 2,0 d5=0.31 c={5: 1.09, 95: 1.19, 185: 0.79, 275: 0.3}
1787969866.2 w3 95 SHORT tr=0.00
1787969873.5 w4 5 tr=0.52 pos 3,0 d5=0.30 c={5: 0.48, 95: 0.22, 185: 0.96, 275: 0.34}
1787969874.9 w5 5 tr=0.52 pos 4,0 d5=0.30 c={5: 0.81, 95: 0.21, 185: 0.91, 275: 0.32}
1787969877.7 w6 5 tr=0.52 pos 5,0 d5=0.29 c={5: 0.55, 95: 0.16, 185: 1.16, 275: 0.37}
1787969885.4 w7 95 tr=0.52 pos 5,1 d5=0.28 c={5: 0.35, 95: 0.65, 185: 0.83, 275: 0.34}
1787969886.3 w8 95 tr=0.27 pos 5,2 d5=0.28 c={5: 1.12, 95: 0.43, 185: 0.45, 275: 0.59}
1787969894.1 w9 185 tr=0.52 pos 4,2 d5=0.28 c={5: 0.65, 95: 0.29, 185: 0.43, 275: 0.71}
1787969906.0 w10 5 tr=0.52 pos 5,2 d5=0.28 c={5: 0.8, 95: 0.3, 185: 0.26, 275: 0.17}
1787969907.3 w11 5 tr=0.52 pos 6,2 d5=0.28 c={5: 0.62, 95: 0.28, 185: 0.65, 275: 0.74}
1787969908.7 w12 5 tr=0.52 pos 7,2 d5=0.28 c={5: 0.82, 95: 0.29, 185: 0.88, 275: 0.7}
1787969910.1 w13 5 tr=0.52 pos 8,2 d5=0.27 c={5: 0.76, 95: 0.3, 185: 1.13, 275: 0.25}
1787969911.5 w14 5 tr=0.52 pos 9,2 d5=0.27 c={5: 0.59, 95: 0.23, 185: 1.37, 275: 0.24}
1787969912.9 w15 5 tr=0.52 pos 10,2 d5=0.26 c={5: 0.57, 95: 0.3, 185: 0.6, 275: 0.26}
1787969914.3 w16 5 tr=0.52 pos 11,2 d5=0.26 c={5: 1.17, 95: 0.24, 185: 0.77, 275: 0.28}
1787969915.7 w17 5 tr=0.52 pos 12,2 d5=0.26 c={5: 0.96, 95: 0.26, 185: 0.69, 275: 0.29}
1787969917.1 w18 5 tr=0.52 pos 13,2 d5=0.25 c={5: 0.74, 95: 0.27, 185: 0.71, 275: 0.32}
1787969918.3 w19 5 tr=0.46 pos 14,2 d5=0.25 c={5: 0.48, 95: 0.26, 185: 0.87, 275: 0.77}
1787969925.3 w20 95 tr=0.52 pos 14,3 d5=0.24 c={5: 0.29, 95: 0.57, 185: 0.69, 275: 0.58}
1787969926.7 w21 95 tr=0.52 pos 14,4 d5=0.24 c={5: 0.31, 95: 0.53, 185: 0.25, 275: 0.68}
1787969928.1 w22 95 tr=0.52 pos 14,5 d5=0.23 c={5: 0.31, 95: 0.48, 185: 0.24, 275: 0.76}
1787969929.4 w23 95 tr=0.52 pos 14,6 d5=0.23 c={5: 0.29, 95: 0.43, 185: 0.21, 275: 0.76}
1787969932.4 w24 95 tr=0.52 pos 14,7 d5=0.23 c={5: 0.33, 95: 0.46, 185: 0.19, 275: 0.95}
1787969935.1 w25 95 tr=0.52 pos 14,8 d5=0.22 c={5: 0.3, 95: 0.65, 185: 0.17, 275: 0.89}
1787969937.9 w26 95 tr=0.52 pos 14,9 d5=0.22 c={5: 0.28, 95: 0.74, 185: 0.2, 275: 0.85}
1787969939.3 w27 95 tr=0.52 pos 14,10 d5=0.22 c={5: 0.29, 95: 0.56, 185: 0.21, 275: 0.84}
1787969940.7 w28 95 tr=0.52 pos 14,11 d5=0.22 c={5: 0.3, 95: 0.49, 185: 0.19, 275: 0.77}
1787969942.0 w29 95 tr=0.52 pos 14,12 d5=0.22 c={5: 0.28, 95: 0.47, 185: 0.24, 275: 0.66}
1787969943.4 w30 95 tr=0.52 pos 14,13 d5=0.21 c={5: 0.28, 95: 0.44, 185: 0.19, 275: 0.8}
1787969945.8 w31 95 tr=0.52 pos 14,14 d5=0.21 c={5: 0.31, 95: 0.44, 185: 0.16, 275: 0.8}
1787969947.7 w32 95 tr=0.52 pos 14,15 d5=0.21 c={5: 0.29, 95: 0.94, 185: 0.21, 275: 0.91}
1787969949.1 w33 95 tr=0.52 pos 14,16 d5=0.21 c={5: 0.28, 95: 0.69, 185: 0.19, 275: 0.72}
1787969950.1 w34 95 tr=0.33 pos 14,17 d5=0.21 c={5: 0.28, 95: 0.47, 185: 0.25, 275: 0.86}
1787969957.1 w35 185 tr=0.52 pos 13,17 d5=0.21 c={5: 0.28, 95: 0.28, 185: 0.74, 275: 0.66}
1787969958.4 w36 185 tr=0.46 pos 12,17 d5=0.21 c={5: 0.51, 95: 0.33, 185: 0.5, 275: 0.22}
1787969965.6 w37 275 tr=0.52 pos 12,16 d5=0.21 c={5: 0.69, 95: 0.35, 185: 0.29, 275: 0.53}
1787969972.6 w38 185 tr=0.52 pos 11,16 d5=0.21 c={5: 0.2, 95: 0.55, 185: 0.79, 275: 0.42}
1787969974.0 w39 185 tr=0.52 pos 10,16 d5=0.21 c={5: 0.42, 95: 0.22, 185: 0.58, 275: 0.4}
1787969980.7 w40 275 tr=0.52 pos 10,15 d5=0.21 c={5: 0.7, 95: 0.15, 185: 0.35, 275: 0.6}
1787969987.6 w41 5 tr=0.52 pos 11,15 d5=0.20 c={5: 0.67, 95: 0.4, 185: 0.34, 275: 0.37}
1787969988.9 w42 5 tr=0.49 pos 12,15 d5=0.20 c={5: 0.47, 95: 0.46, 185: 0.62, 275: 0.14}
1787969995.3 w43 95 tr=0.52 pos 12,16 d5=0.20 c={5: 0.27, 95: 0.8, 185: 0.83, 275: 0.16}
1787969996.7 w44 95 tr=0.52 pos 12,17 d5=0.20 c={5: 0.25, 95: 0.57, 185: 0.79, 275: 0.45}
1787970003.0 w45 5 tr=0.52 pos 13,17 d5=0.19 c={5: 0.72, 95: 0.38, 185: 0.24, 275: 0.63}
1787970004.4 w46 5 tr=0.52 pos 14,17 d5=0.19 c={5: 0.54, 95: 0.3, 185: 0.46, 275: 0.32}
1787970011.0 w47 275 tr=0.52 pos 14,16 d5=0.19 c={5: 0.36, 95: 0.25, 185: 0.69, 275: 0.76}
1787970012.4 w48 275 tr=0.52 pos 14,15 d5=0.19 c={5: 0.28, 95: 0.49, 185: 0.23, 275: 0.62}
1787970013.8 w49 275 tr=0.52 pos 14,14 d5=0.18 c={5: 0.21, 95: 0.72, 185: 0.23, 275: 1.02}
1787970015.2 w50 275 tr=0.52 pos 14,13 d5=0.18 c={5: 0.24, 95: 0.96, 185: 0.25, 275: 0.85}
1787970016.6 w51 275 tr=0.52 pos 14,12 d5=0.18 c={5: 0.23, 95: 0.54, 185: 0.28, 275: 0.61}
1787970018.0 w52 275 tr=0.52 pos 14,11 d5=0.18 c={5: 0.21, 95: 0.69, 185: 0.28, 275: 0.49}
1787970019.7 w53 275 tr=0.52 pos 14,10 d5=0.17 c={5: 0.22, 95: 0.71, 185: 0.31, 275: 0.54}
1787970021.1 w54 275 tr=0.52 pos 14,9 d5=0.17 c={5: 0.2, 95: 0.76, 185: 0.31, 275: 0.57}
1787970022.5 w55 275 tr=0.52 pos 14,8 d5=0.17 c={5: 0.22, 95: 0.73, 185: 0.32, 275: 0.53}
1787970023.9 w56 275 tr=0.52 pos 14,7 d5=0.17 c={5: 0.24, 95: 0.59, 185: 0.29, 275: 0.54}
1787970025.3 w57 275 tr=0.52 pos 14,6 d5=0.17 c={5: 0.21, 95: 0.76, 185: 0.28, 275: 0.53}
1787970026.6 w58 275 tr=0.52 pos 14,5 d5=0.17 c={5: 0.22, 95: 0.81, 185: 0.28, 275: 0.55}
1787970028.8 w59 275 tr=0.52 pos 14,4 d5=0.17 c={5: 0.2, 95: 0.75, 185: 0.3, 275: 0.66}
1787970030.2 w60 275 tr=0.52 pos 14,3 d5=0.17 c={5: 0.23, 95: 0.72, 185: 0.32, 275: 0.46}
1787970037.7 w61 185 tr=0.52 pos 13,3 d5=0.17 c={5: 0.22, 95: 0.74, 185: 1.28, 275: 0.91}
1787970039.0 w62 185 tr=0.52 pos 12,3 d5=0.17 c={5: 0.47, 95: 0.11, 185: 1.03, 275: 0.93}
1787970042.5 w63 185 tr=0.52 pos 11,3 d5=0.17 c={5: 0.67, 95: 0.18, 185: 1.02, 275: 0.41}
1787970044.3 w64 185 tr=0.52 pos 10,3 d5=0.17 c={5: 0.87, 95: 0.18, 185: 0.77, 275: 0.34}
1787970045.7 w65 185 tr=0.52 pos 9,3 d5=0.17 c={5: 1.13, 95: 0.23, 185: 0.6, 275: 0.29}
1787970047.1 w66 185 tr=0.52 pos 8,3 d5=0.17 c={5: 1.38, 95: 0.29, 185: 0.9, 275: 0.31}
1787970048.5 w67 185 tr=0.52 pos 7,3 d5=0.17 c={5: 0.65, 95: 0.25, 185: 1.43, 275: 0.27}
1787970049.9 w68 185 tr=0.52 pos 6,3 d5=0.17 c={5: 0.66, 95: 0.26, 185: 1.19, 275: 0.25}
1787970051.3 w69 185 tr=0.52 pos 5,3 d5=0.17 c={5: 0.78, 95: 0.26, 185: 0.98, 275: 0.28}
1787970052.7 w70 185 tr=0.52 pos 4,3 d5=0.18 c={5: 0.79, 95: 0.26, 185: 0.76, 275: 0.67}
1787970054.0 w71 185 tr=0.52 pos 3,3 d5=0.18 c={5: 0.74, 95: 0.33, 185: 0.52, 275: 0.65}
1787970065.9 w72 5 tr=0.52 pos 4,3 d5=0.18 c={5: 0.95, 95: 0.33, 185: 0.29, 275: 0.16}
1787970073.4 w73 275 tr=0.52 pos 4,2 d5=0.19 c={5: 0.77, 95: 0.29, 185: 0.51, 275: 0.69}
1787970074.8 w74 275 tr=0.52 pos 4,1 d5=0.19 c={5: 1.08, 95: 0.44, 185: 0.18, 275: 0.55}
1787970076.2 w75 275 tr=0.52 pos 4,0 d5=0.19 c={5: 1.18, 95: 0.46, 185: 0.12, 275: 0.54}
1787970077.4 w76 275 tr=0.41 pos 4,-1 d5=0.19 c={5: 1.26, 95: 0.51, 185: 0.2, 275: 0.47}
1787970084.2 w77 185 tr=0.52 pos 3,-1 d5=0.19 c={5: 0.47, 95: 0.69, 185: 0.74, 275: 0.3}
1787970085.6 w78 185 tr=0.52 pos 2,-1 d5=0.20 c={5: 0.67, 95: 0.2, 185: 1.4, 275: 0.29}
1787970086.9 w79 185 tr=0.52 pos 1,-1 d5=0.20 c={5: 0.9, 95: 0.29, 185: 0.6, 275: 0.24}
1787970088.3 w80 185 tr=0.52 pos 0,-1 d5=0.20 c={5: 0.62, 95: 0.96, 185: 0.61, 275: 0.26}
1787970089.7 w81 185 tr=0.52 pos -1,-1 d5=0.20 c={5: 0.67, 95: 0.43, 185: 0.43, 275: 0.28}
1787970090.9 w82 185 tr=0.43 pos -2,-1 d5=0.21 c={5: 0.83, 95: 0.59, 185: 0.47, 275: 0.24}
1787970097.3 w83 95 tr=0.52 pos -2,0 d5=0.21 c={5: 1.02, 95: 0.85, 185: 0.26, 275: 0.19}
1787970098.7 w84 95 tr=0.52 pos -2,1 d5=0.21 c={5: 1.78, 95: 0.63, 185: 0.23, 275: 0.43}
1787970100.1 w85 95 tr=0.52 pos -2,2 d5=0.22 c={5: 0.25, 95: 0.79, 185: 0.24, 275: 0.64}
1787970101.5 w86 95 tr=0.52 pos -2,3 d5=0.23 c={5: 0.24, 95: 0.55, 185: 0.2, 275: 0.87}
1787970113.4 w87 275 tr=0.52 pos -2,2 d5=0.23 c={5: 0.32, 95: 0.32, 185: 0.17, 275: 0.67}
1787970114.8 w88 275 tr=0.52 pos -2,1 d5=0.24 c={5: 0.26, 95: 0.56, 185: 0.23, 275: 0.92}
1787970116.2 w89 275 tr=0.52 pos -2,0 d5=0.25 c={5: 0.23, 95: 0.56, 185: 0.28, 275: 0.65}
1787970117.2 w90 275 tr=0.30 pos -2,-1 d5=0.26 c={5: 0.21, 95: 0.63, 185: 0.27, 275: 0.42}
1787970125.3 w91 5 tr=0.52 pos -1,-1 d5=0.26 c={5: 0.82, 95: 0.58, 185: 0.27, 275: 0.3}
1787970126.7 w92 5 tr=0.52 pos 0,-1 d5=0.27 c={5: 1.13, 95: 0.26, 185: 0.47, 275: 0.38}
1787970133.6 w93 275 SHORT tr=0.24
1787970146.0 w94 95 tr=0.52 pos 0,0 d5=0.27 c={5: 1.08, 95: 1.25, 185: 0.78, 275: 0.3}
1787970147.4 w95 95 tr=0.52 pos 0,1 d5=0.28 c={5: 0.29, 95: 0.6, 185: 0.26, 275: 0.53}
1787970148.7 w96 95 tr=0.52 pos 0,2 d5=0.28 c={5: 0.26, 95: 0.49, 185: 0.22, 275: 0.76}
1787970150.1 w97 95 tr=0.52 pos 0,3 d5=0.29 c={5: 0.34, 95: 0.51, 185: 0.27, 275: 0.99}
1787970157.6 w98 5 tr=0.52 pos 1,3 d5=0.30 c={5: 0.92, 95: 0.29, 185: 0.2, 275: 1.21}
1787970159.0 w99 5 tr=0.52 pos 2,3 d5=0.30 c={5: 0.61, 95: 0.32, 185: 0.42, 275: 0.25}
1787970160.3 w100 5 tr=0.52 pos 3,3 d5=0.31 c={5: 0.94, 95: 0.3, 185: 0.66, 275: 0.25}
1787970161.7 w101 5 tr=0.52 pos 4,3 d5=0.31 c={5: 0.65, 95: 0.24, 185: 1.06, 275: 0.31}
1787970163.1 w102 5 tr=0.52 pos 5,3 d5=0.32 c={5: 0.61, 95: 0.2, 185: 1.12, 275: 0.31}
1787970164.5 w103 5 tr=0.52 pos 6,3 d5=0.32 c={5: 0.63, 95: 0.24, 185: 0.68, 275: 0.26}
1787970165.9 w104 5 tr=0.52 pos 7,3 d5=0.32 c={5: 0.54, 95: 0.25, 185: 0.83, 275: 0.27}
1787970167.3 w105 5 tr=0.52 pos 8,3 d5=0.32 c={5: 0.65, 95: 0.21, 185: 0.77, 275: 0.29}
1787970168.7 w106 5 tr=0.52 pos 9,3 d5=0.32 c={5: 0.94, 95: 0.21, 185: 0.71, 275: 0.24}
1787970170.1 w107 5 tr=0.52 pos 10,3 d5=0.32 c={5: 0.69, 95: 0.18, 185: 0.73, 275: 0.28}
1787970171.2 w108 5 tr=0.41 pos 11,3 d5=0.32 c={5: 0.47, 95: 0.25, 185: 0.85, 275: 0.26}
1787970179.3 w109 95 tr=0.52 pos 11,4 d5=0.32 c={5: 0.29, 95: 0.76, 185: 0.55, 275: 0.26}
1787970180.7 w110 95 tr=0.52 pos 11,5 d5=0.32 c={5: 0.29, 95: 0.51, 185: 0.23, 275: 0.47}
1787970187.7 w111 185 tr=0.52 pos 10,5 d5=0.32 c={5: 0.31, 95: 0.28, 185: 0.62, 275: 0.72}
1787970189.2 w112 185 tr=0.52 pos 9,5 d5=0.32 c={5: 0.55, 95: 0.27, 185: 0.55, 275: 0.23}
1787970190.5 w113 185 tr=0.52 pos 8,5 d5=0.31 c={5: 0.81, 95: 0.29, 185: 1.09, 275: 0.28}
1787970191.9 w114 185 tr=0.52 pos 7,5 d5=0.31 c={5: 0.76, 95: 0.26, 185: 0.49, 275: 0.24}
1787970193.3 w115 185 tr=0.52 pos 6,5 d5=0.32 c={5: 0.61, 95: 0.29, 185: 0.44, 275: 0.24}
1787970195.2 w116 185 tr=0.52 pos 5,5 d5=0.32 c={5: 0.78, 95: 0.27, 185: 0.6, 275: 0.19}
1787970196.9 w117 185 tr=0.52 pos 4,5 d5=0.32 c={5: 0.79, 95: 0.32, 185: 0.62, 275: 0.17}
1787970198.3 w118 185 tr=0.52 pos 3,5 d5=0.32 c={5: 0.72, 95: 0.32, 185: 0.46, 275: 0.24}
1787970199.7 w119 185 tr=0.52 pos 2,5 d5=0.32 c={5: 0.74, 95: 0.29, 185: 0.63, 275: 0.21}
1787970201.1 w120 185 tr=0.52 pos 1,5 d5=0.33 c={5: 0.8, 95: 0.31, 185: 0.59, 275: 0.19}
1787970202.9 w121 185 tr=0.52 pos 0,5 d5=0.33 c={5: 0.8, 95: 0.24, 185: 0.56, 275: 0.19}
1787970204.3 w122 185 tr=0.52 pos -1,5 d5=0.34 c={5: 0.71, 95: 0.29, 185: 0.56, 275: 0.21}
1787970205.2 w123 185 tr=0.30 pos -2,5 d5=0.35 c={5: 0.89, 95: 0.79, 185: 0.44, 275: 0.22}
1787970205.2 RX: B pos -3 -1 goal 0
1787970211.4 w124 95 tr=0.52 pos -2,6 d5=0.36 c={5: 1.05, 95: 0.77, 185: 0.3, 275: 0.21}
1787970211.4 RX: B pos -3 -1 goal 0
1787970211.4 RX: B pos -3 -1 goal 0
1787970212.8 w125 95 tr=0.52 pos -2,7 d5=0.36 c={5: 0.28, 95: 0.54, 185: 0.26, 275: 0.46}
1787970219.5 w126 185 tr=0.52 pos -3,7 d5=0.37 c={5: 0.23, 95: 0.35, 185: 0.73, 275: 0.67}
1787970219.5 RX: B pos -3 -1 goal 0
1787970219.5 RX: B pos 0 1 goal 0
1787970220.7 w127 185 tr=0.43 pos -4,7 d5=0.38 c={5: 0.53, 95: 0.34, 185: 0.47, 275: 0.67}
1787970220.7 RX: B pos 0 1 goal 0
1787970227.9 w128 275 tr=0.52 pos -4,6 d5=0.38 c={5: 0.72, 95: 0.33, 185: 0.28, 275: 0.9}
1787970227.9 RX: B pos 0 1 goal 0
1787970227.9 RX: B pos 0 1 goal 0
1787970239.5 w129 95 tr=0.52 pos -4,7 d5=0.39 c={5: 0.17, 95: 0.56, 185: 0.3, 275: 0.28}
1787970239.5 RX: B pos 0 1 goal 0
1787970239.5 RX: B pos 0 1 goal 0
1787970239.5 RX: B pos 1 1 goal 0
1787970239.5 RX: B pos 1 1 goal 0
1787970246.6 w130 5 tr=0.52 pos -3,7 d5=0.40 c={5: 0.73, 95: 0.34, 185: 0.24, 275: 0.85}
1787970246.6 RX: B pos 1 1 goal 0
1787970246.6 RX: B pos 1 0 goal 0
1787970253.7 w131 275 tr=0.44 pos -3,6 d5=0.41 c={5: 0.48, 95: 0.33, 185: 0.5, 275: 0.7}
1787970253.7 RX: B pos 1 0 goal 0
1787970253.7 RX: B pos 1 1 goal 0
1787970253.7 RX: B pos 1 1 goal 0
1787970254.1 w132 275 SHORT tr=0.00
1787970261.6 w133 5 tr=0.35 pos -2,6 d5=0.43 c={5: 0.45, 95: 0.5, 185: 0.11, 275: 0.54}
1787970261.6 RX: B pos 1 1 goal 0
1787970261.6 RX: B pos 2 1 goal 0
1787970269.1 w134 275 tr=0.52 pos -2,5 d5=0.44 c={5: 0.28, 95: 0.52, 185: 0.23, 275: 0.54}
1787970269.2 RX: B pos 2 1 goal 0
1787970269.2 RX: B pos 2 1 goal 0
1787970269.2 RX: B pos 2 1 goal 0
1787970276.6 w135 5 tr=0.52 pos -1,5 d5=0.45 c={5: 1.06, 95: 0.7, 185: 0.25, 275: 0.29}
1787970278.0 w136 5 tr=0.52 pos 0,5 d5=0.45 c={5: 1.8, 95: 0.3, 185: 0.49, 275: 0.33}
1787970279.3 w137 5 tr=0.52 pos 1,5 d5=0.46 c={5: 0.58, 95: 0.18, 185: 0.7, 275: 0.33}
1787970280.7 w138 5 tr=0.52 pos 2,5 d5=0.46 c={5: 0.63, 95: 0.2, 185: 0.89, 275: 0.28}
1787970282.1 w139 5 tr=0.52 pos 3,5 d5=0.46 c={5: 0.49, 95: 0.23, 185: 0.81, 275: 0.29}
1787970283.5 w140 5 tr=0.52 pos 4,5 d5=0.46 c={5: 0.48, 95: 0.2, 185: 0.8, 275: 0.34}
1787970284.9 w141 5 tr=0.52 pos 5,5 d5=0.46 c={5: 0.6, 95: 0.18, 185: 0.72, 275: 0.3}
1787970286.3 w142 5 tr=0.52 pos 6,5 d5=0.46 c={5: 0.44, 95: 0.17, 185: 1.88, 275: 0.3}
1787970287.7 w143 5 tr=0.52 pos 7,5 d5=0.46 c={5: 0.63, 95: 0.2, 185: 0.79, 275: 0.28}
1787970289.1 w144 5 tr=0.52 pos 8,5 d5=0.46 c={5: 0.5, 95: 0.13, 185: 0.91, 275: 0.31}
1787970290.4 w145 5 tr=0.52 pos 9,5 d5=0.46 c={5: 0.68, 95: 0.22, 185: 0.76, 275: 0.31}
1787970291.8 w146 5 tr=0.52 pos 10,5 d5=0.46 c={5: 0.54, 95: 0.19, 185: 0.67, 275: 0.29}
1787970298.3 w147 275 tr=0.41 pos 10,4 d5=0.46 c={5: 0.47, 95: 0.24, 185: 0.64, 275: 0.76}
1787970304.2 w148 185 SHORT tr=0.08
1787970316.2 w149 5 tr=0.52 pos 11,4 d5=0.46 c={5: 0.51, 95: 0.42, 185: 0.56, 275: 0.1}
1787970323.0 w150 275 tr=0.52 pos 11,3 d5=0.46 c={5: 0.29, 95: 0.4, 185: 0.97, 275: 0.54}
1787970330.3 w151 185 tr=0.52 pos 10,3 d5=0.46 c={5: 0.27, 95: 0.61, 185: 1.12, 275: 0.31}
1787970331.6 w152 185 tr=0.52 pos 9,3 d5=0.46 c={5: 0.51, 95: 0.21, 185: 0.86, 275: 0.33}
1787970333.0 w153 185 tr=0.52 pos 8,3 d5=0.46 c={5: 0.71, 95: 0.15, 185: 1.1, 275: 0.28}
1787970334.4 w154 185 tr=0.52 pos 7,3 d5=0.46 c={5: 0.75, 95: 0.22, 185: 0.9, 275: 0.24}
1787970335.8 w155 185 tr=0.52 pos 6,3 d5=0.46 c={5: 0.73, 95: 0.22, 185: 0.71, 275: 0.29}
1787970337.2 w156 185 tr=0.52 pos 5,3 d5=0.46 c={5: 0.57, 95: 0.31, 185: 0.86, 275: 0.24}
1787970338.6 w157 185 tr=0.52 pos 4,3 d5=0.46 c={5: 0.67, 95: 0.3, 185: 0.62, 275: 0.2}
1787970340.0 w158 185 tr=0.52 pos 3,3 d5=0.46 c={5: 0.66, 95: 0.26, 185: 0.48, 275: 0.24}
1787970341.4 w159 185 tr=0.52 pos 2,3 d5=0.46 c={5: 0.83, 95: 0.32, 185: 0.86, 275: 0.25}
1787970342.7 w160 185 tr=0.52 pos 1,3 d5=0.46 c={5: 0.76, 95: 0.33, 185: 0.65, 275: 0.17}
1787970343.6 w161 185 tr=0.27 pos 0,3 d5=0.45 c={5: 0.7, 95: 0.34, 185: 0.42, 275: 0.23}
1787970355.3 w162 5 tr=0.52 pos 1,3 d5=0.45 c={5: 0.68, 95: 0.31, 185: 0.31, 275: 0.35}
1787970356.7 w163 5 tr=0.52 pos 2,3 d5=0.44 c={5: 0.82, 95: 0.3, 185: 0.54, 275: 0.23}
1787970358.1 w164 5 tr=0.52 pos 3,3 d5=0.43 c={5: 0.81, 95: 0.24, 185: 0.77, 275: 0.32}
1787970359.5 w165 5 tr=0.52 pos 4,3 d5=0.42 c={5: 0.71, 95: 0.23, 185: 1.01, 275: 0.28}
1787970360.9 w166 5 tr=0.52 pos 5,3 d5=0.41 c={5: 0.55, 95: 0.23, 185: 0.63, 275: 0.3}
1787970362.3 w167 5 tr=0.52 pos 6,3 d5=0.40 c={5: 0.56, 95: 0.24, 185: 0.77, 275: 0.3}
1787970363.6 w168 5 tr=0.52 pos 7,3 d5=0.39 c={5: 0.45, 95: 0.23, 185: 0.68, 275: 0.32}
1787970365.5 w169 5 tr=0.52 pos 8,3 d5=0.38 c={5: 0.57, 95: 0.24, 185: 0.85, 275: 0.26}
1787970366.8 w170 5 tr=0.52 pos 9,3 d5=0.36 c={5: 0.82, 95: 0.17, 185: 0.76, 275: 0.24}
1787970368.2 w171 5 tr=0.52 pos 10,3 d5=0.35 c={5: 0.59, 95: 0.23, 185: 0.78, 275: 0.29}
1787970376.0 w172 95 tr=0.52 pos 10,4 d5=0.33 c={5: 0.37, 95: 0.74, 185: 0.59, 275: 0.26}
1787970377.4 w173 95 tr=0.52 pos 10,5 d5=0.32 c={5: 0.36, 95: 0.53, 185: 0.18, 275: 0.51}
1787970384.9 w174 185 tr=0.52 pos 9,5 d5=0.31 c={5: 0.36, 95: 0.29, 185: 0.61, 275: 0.73}
1787970386.3 w175 185 tr=0.52 pos 8,5 d5=0.30 c={5: 0.59, 95: 0.24, 185: 0.58, 275: 0.22}
1787970387.7 w176 185 tr=0.52 pos 7,5 d5=0.29 c={5: 0.64, 95: 0.29, 185: 0.5, 275: 0.28}
1787970389.1 w177 185 tr=0.52 pos 6,5 d5=0.28 c={5: 0.8, 95: 0.25, 185: 0.48, 275: 0.2}
1787970401.1 w178 5 tr=0.52 pos 7,5 d5=0.28 c={5: 0.64, 95: 0.3, 185: 0.41, 275: 0.21}
1787970402.5 w179 5 tr=0.52 pos 8,5 d5=0.27 c={5: 0.62, 95: 0.23, 185: 0.49, 275: 0.23}
1787970403.9 w180 5 tr=0.52 pos 9,5 d5=0.27 c={5: 0.61, 95: 0.26, 185: 0.53, 275: 0.3}
1787970405.3 w181 5 tr=0.52 pos 10,5 d5=0.26 c={5: 0.54, 95: 0.21, 185: 0.72, 275: 0.24}
1787970412.9 w182 275 tr=0.52 pos 10,4 d5=0.26 c={5: 0.36, 95: 0.28, 185: 0.67, 275: 0.75}
1787970414.3 w183 275 tr=0.52 pos 10,3 d5=0.26 c={5: 0.33, 95: 0.5, 185: 0.65, 275: 0.53}
1787970421.0 w184 185 tr=0.52 pos 9,3 d5=0.25 c={5: 0.34, 95: 0.73, 185: 0.55, 275: 0.28}
1787970422.3 w185 185 tr=0.52 pos 8,3 d5=0.25 c={5: 0.57, 95: 0.24, 185: 0.73, 275: 0.28}
1787970423.7 w186 185 tr=0.52 pos 7,3 d5=0.25 c={5: 0.81, 95: 0.18, 185: 1.02, 275: 0.21}
1787970425.1 w187 185 tr=0.52 pos 6,3 d5=0.25 c={5: 1.01, 95: 0.28, 185: 0.6, 275: 0.21}
1787970426.5 w188 185 tr=0.52 pos 5,3 d5=0.25 c={5: 0.5, 95: 0.27, 185: 0.63, 275: 0.29}
1787970427.9 w189 185 tr=0.52 pos 4,3 d5=0.26 c={5: 0.66, 95: 0.29, 185: 0.71, 275: 0.23}
1787970429.3 w190 185 tr=0.52 pos 3,3 d5=0.26 c={5: 0.74, 95: 0.3, 185: 0.57, 275: 0.24}
1787970430.7 w191 185 tr=0.52 pos 2,3 d5=0.26 c={5: 0.73, 95: 0.29, 185: 0.47, 275: 0.22}
1787970432.1 w192 185 tr=0.52 pos 1,3 d5=0.26 c={5: 0.76, 95: 0.33, 185: 0.79, 275: 0.27}
1787970434.9 w193 185 tr=0.52 pos 0,3 d5=0.27 c={5: 0.86, 95: 0.36, 185: 0.57, 275: 0.18}
1787970446.7 w194 5 tr=0.52 pos 1,3 d5=0.27 c={5: 0.68, 95: 0.32, 185: 0.32, 275: 0.34}
1787970448.1 w195 5 tr=0.52 pos 2,3 d5=0.27 c={5: 0.99, 95: 0.3, 185: 0.73, 275: 0.22}
1787970449.4 w196 5 tr=0.52 pos 3,3 d5=0.28 c={5: 0.59, 95: 0.25, 185: 0.78, 275: 0.32}
1787970450.8 w197 5 tr=0.52 pos 4,3 d5=0.28 c={5: 0.7, 95: 0.22, 185: 1.02, 275: 0.28}
1787970452.2 w198 5 tr=0.52 pos 5,3 d5=0.27 c={5: 0.51, 95: 0.26, 185: 0.66, 275: 0.29}
1787970453.6 w199 5 tr=0.52 pos 6,3 d5=0.27 c={5: 0.53, 95: 0.25, 185: 0.76, 275: 0.3}
1787970455.0 w200 5 tr=0.52 pos 7,3 d5=0.27 c={5: 0.45, 95: 0.18, 185: 0.69, 275: 0.32}
1787970456.4 w201 5 tr=0.52 pos 8,3 d5=0.27 c={5: 0.57, 95: 0.23, 185: 0.86, 275: 0.27}
1787970457.8 w202 5 tr=0.52 pos 9,3 d5=0.26 c={5: 0.81, 95: 0.16, 185: 0.79, 275: 0.24}
1787970459.2 w203 5 tr=0.52 pos 10,3 d5=0.26 c={5: 0.56, 95: 0.23, 185: 0.8, 275: 0.29}
1787970466.6 w204 95 tr=0.52 pos 10,4 d5=0.25 c={5: 0.33, 95: 0.74, 185: 0.58, 275: 0.27}
1787970468.0 w205 95 tr=0.52 pos 10,5 d5=0.25 c={5: 0.33, 95: 0.52, 185: 0.21, 275: 0.52}
1787970475.7 w206 185 tr=0.52 pos 9,5 d5=0.24 c={5: 0.34, 95: 0.28, 185: 0.63, 275: 0.75}
1787970477.1 w207 185 tr=0.52 pos 8,5 d5=0.24 c={5: 0.57, 95: 0.25, 185: 0.61, 275: 0.24}
1787970478.5 w208 185 tr=0.52 pos 7,5 d5=0.24 c={5: 0.62, 95: 0.3, 185: 0.53, 275: 0.28}
1787970479.9 w209 185 tr=0.52 pos 6,5 d5=0.24 c={5: 0.76, 95: 0.26, 185: 0.49, 275: 0.23}
1787970481.3 w210 185 tr=0.52 pos 5,5 d5=0.24 c={5: 0.63, 95: 0.31, 185: 0.43, 275: 0.22}
1787970482.7 w211 185 tr=0.52 pos 4,5 d5=0.25 c={5: 0.8, 95: 0.29, 185: 0.6, 275: 0.19}
1787970484.1 w212 185 tr=0.52 pos 3,5 d5=0.25 c={5: 0.59, 95: 0.31, 185: 0.57, 275: 0.16}
1787970485.5 w213 185 tr=0.52 pos 2,5 d5=0.25 c={5: 0.75, 95: 0.34, 185: 0.44, 275: 0.22}
1787970486.9 w214 185 tr=0.52 pos 1,5 d5=0.26 c={5: 0.75, 95: 0.3, 185: 1.35, 275: 0.2}
1787970489.6 w215 185 tr=0.52 pos 0,5 d5=0.26 c={5: 0.83, 95: 0.3, 185: 0.59, 275: 0.18}
1787970491.0 w216 185 tr=0.52 pos -1,5 d5=0.27 c={5: 0.8, 95: 0.29, 185: 0.53, 275: 0.2}
1787970492.4 w217 185 tr=0.52 pos -2,5 d5=0.28 c={5: 0.76, 95: 0.29, 185: 0.56, 275: 0.21}
1787970499.9 w218 95 tr=0.52 pos -2,6 d5=0.29 c={5: 3.0, 95: 0.8, 185: 0.42, 275: 0.21}
1787970499.9 RX: B pos 0 0 goal 0
1787970501.3 w219 95 tr=0.52 pos -2,7 d5=0.30 c={5: 0.23, 95: 0.52, 185: 0.35, 275: 0.46}
1787970501.3 RX: B pos 0 -1 goal 0
1787970508.7 w220 185 tr=0.52 pos -3,7 d5=0.31 c={5: 0.17, 95: 0.31, 185: 0.74, 275: 0.69}
1787970508.7 RX: B pos 0 -1 goal 0
1787970508.7 RX: B pos 0 0 goal 0
1787970510.1 w221 185 tr=0.52 pos -4,7 d5=0.32 c={5: 0.42, 95: 0.41, 185: 0.56, 275: 0.68}
1787970510.1 RX: B pos 0 0 goal 0
1787970522.2 w222 5 tr=0.52 pos -3,7 d5=0.34 c={5: 0.66, 95: 0.35, 185: 0.32, 275: 0.4}
1787970522.2 RX: B pos 0 0 goal 0
1787970522.2 RX: B pos 0 0 goal 0
1787970522.2 RX: B pos 1 0 goal 0
1787970522.2 RX: B pos 1 0 goal 0
1787970529.3 w223 275 tr=0.52 pos -3,6 d5=0.35 c={5: 0.47, 95: 0.35, 185: 0.56, 275: 0.7}
1787970529.3 RX: B pos 1 -1 goal 0
1787970529.3 RX: B pos 0 -1 goal 0
1787970541.4 w224 95 tr=0.52 pos -3,7 d5=0.37 c={5: 0.41, 95: 0.59, 185: 0.1, 275: 0.45}
1787970541.4 RX: B pos 0 -1 goal 0
1787970541.4 RX: B pos 0 0 goal 0
1787970541.4 RX: B pos 0 0 goal 0
1787970541.4 RX: B pos 0 0 goal 0
1787970548.4 w225 185 tr=0.52 pos -4,7 d5=0.38 c={5: 0.4, 95: 0.33, 185: 0.55, 275: 0.69}
1787970548.4 RX: B pos 0 -1 goal 0
1787970548.4 RX: B pos 0 -1 goal 0
1787970560.7 w226 5 tr=0.52 pos -3,7 d5=0.40 c={5: 0.67, 95: 0.34, 185: 0.36, 275: 0.32}
1787970560.7 RX: B pos 0 0 goal 0
1787970560.7 RX: B pos 0 0 goal 0
1787970560.7 RX: B pos 0 0 goal 0
1787970560.7 RX: B pos 0 -1 goal 0
1787970560.7 RX: B pos 0 -1 goal 0
1787970568.1 w227 275 tr=0.52 pos -3,6 d5=0.41 c={5: 0.41, 95: 0.32, 185: 0.57, 275: 0.71}
1787970568.1 RX: B pos 0 0 goal 0
1787970568.1 RX: B pos 0 0 goal 0
1787970580.0 w228 95 tr=0.52 pos -3,7 d5=0.42 c={5: 0.4, 95: 0.54, 185: 0.16, 275: 0.48}
1787970580.0 RX: B pos 0 0 goal 0
1787970580.0 RX: B pos 0 0 goal 0
1787970580.0 RX: B pos 1 0 goal 0
1787970580.0 RX: B pos 1 0 goal 0
1787970587.7 w229 185 tr=0.52 pos -4,7 d5=0.44 c={5: 0.38, 95: 0.32, 185: 0.57, 275: 0.73}
1787970587.7 RX: B pos 1 -1 goal 0
1787970587.7 RX: B pos 1 -1 goal 0
1787970587.7 RX: B pos 1 -1 goal 0
1787970595.0 w230 275 tr=0.52 pos -4,6 d5=0.45 c={5: 0.66, 95: 0.34, 185: 0.37, 275: 0.52}
1787970595.0 RX: B pos 1 0 goal 0
1787970595.0 RX: B pos 1 0 goal 0
1787970596.4 w231 275 tr=0.52 pos -4,5 d5=0.46 c={5: 0.6, 95: 0.49, 185: 0.35, 275: 1.24}
1787970607.9 w232 95 tr=0.35 pos -4,6 d5=0.47 c={5: 0.59, 95: 0.48, 185: 0.37, 275: 0.26}
1787970607.9 RX: B pos 1 0 goal 0
1787970607.9 RX: B pos 2 0 goal 0
1787970607.9 RX: B pos 2 0 goal 0
1787970607.9 RX: B pos 2 0 goal 0
1787970615.0 w233 5 tr=0.52 pos -3,6 d5=0.48 c={5: 0.67, 95: 0.33, 185: 0.35, 275: 1.29}
1787970615.0 RX: B pos 2 0 goal 0
1787970615.0 RX: B pos 2 0 goal 0
1787970615.0 RX: B pos 2 0 goal 0
1787970627.2 w234 185 tr=0.52 pos -4,6 d5=0.49 c={5: 0.4, 95: 0.29, 185: 0.57, 275: 0.76}
1787970627.2 RX: B pos 2 0 goal 0
1787970627.2 RX: B pos 2 0 goal 0
1787970627.2 RX: B pos 2 0 goal 0
1787970627.2 RX: B pos 2 0 goal 0
1787970634.4 w235 275 tr=0.52 pos -4,5 d5=0.50 c={5: 0.65, 95: 0.32, 185: 0.35, 275: 1.28}
1787970634.4 RX: B pos 2 0 goal 0
1787970634.4 RX: B pos 0 -1 goal 0
1787970646.0 w236 95 tr=0.52 pos -4,6 d5=0.52 c={5: 0.11, 95: 0.56, 185: 0.35, 275: 0.24}
1787970646.0 RX: B pos 0 -1 goal 0
1787970646.0 RX: B pos 0 -1 goal 0
1787970646.0 RX: B pos 0 0 goal 0
1787970646.0 RX: B pos 0 0 goal 0
1787970646.7 === rdv start ===
1787970654.0 RX: B pos 0 0 goal 0
1787970654.0 RX: B pos 0 0 goal 0
1787970654.0 RX: B pos 0 -1 goal 0
1787970672.0 RX: B pos 0 -1 goal 0
1787970672.0 RX: B pos 0 -1 goal 0
1787970672.0 RX: B pos 0 0 goal 0
1787970672.0 RX: B pos 0 0 goal 0
1787970672.0 RX: B pos 0 0 goal 0
1787970672.0 RX: B pos 2 0 goal 0
1787970690.2 r1 5 pos 1,0 d5=0.80
1787970690.2 RX: B pos 2 0 goal 0
1787970690.2 RX: B pos 2 0 goal 0
1787970690.2 RX: B pos 2 0 goal 0
1787970690.2 RX: B pos 2 0 goal 0
1787970690.2 RX: B pos 2 0 goal 0
1787970690.2 RX: B pos 2 0 goal 0
1787970704.6 RX: B pos 2 0 goal 0
1787970704.6 RX: B pos 2 0 goal 0
1787970704.6 RX: B pos 2 0 goal 0
1787970704.6 RX: B pos 2 0 goal 0
1787970704.6 RX: B pos 2 0 goal 0
1787970723.6 RX: B: ACK RENDEZVOUS. I am parked and spinning now. Come to me. When your d5>1.5 I will stop and we test co-location. My d5 already 0.8 - you are close.
1787970723.6 RX: B pos 2 0 goal 0
1787970723.6 RX: B pos 2 0 goal 0
1787970723.6 RX: B pos 2 0 goal 0
1787970723.6 RX: B pos 2 0 goal 0
1787970723.6 RX: B pos 2 0 goal 0
1787970723.6 RX: B pos 2 0 goal 0
1787970743.1 r2 185 pos 0,0 d5=0.77
1787970743.1 RX: B pos 2 0 goal 0
1787970743.1 RX: B pos 2 0 goal 0
1787970743.1 RX: B pos 2 0 goal 0
1787970743.1 RX: B pos 2 0 goal 0
1787970743.1 RX: B pos 2 0 goal 0
1787970743.1 RX: B pos 2 0 goal 0
1787970743.6 RX: B pos 2 0 goal 0
1787970755.1 r3 5 pos 1,0 d5=0.81
1787970755.1 RX: B pos 2 0 goal 0
1787970755.1 RX: B pos 2 0 goal 0
1787970755.1 RX: B pos 2 0 goal 0
1787970755.6 RX: B pos 2 0 goal 0
1787970769.2 RX: B pos 2 0 goal 0
1787970769.2 RX: B pos 2 0 goal 0
1787970769.2 RX: B pos 2 0 goal 0
1787970769.2 RX: B pos 2 0 goal 0
1787970788.5 RX: B pos 2 0 goal 0
1787970788.5 RX: B pos 2 0 goal 0
1787970788.5 RX: B pos 2 0 goal 0
1787970788.5 RX: B pos 2 0 goal 0
1787970788.5 RX: B pos 2 0 goal 0
1787970788.5 RX: B pos 2 0 goal 0
1787970788.6 RX: B pos 2 0 goal 0
1787970907.2 === meet2 start ===
1787970908.1 m at (0, 0) d5=0.788 opens=[5, 275]
1787970915.8 RX: B pos 2 0 goal 0
1787970915.8 RX: B climb d5 0.792 goal 0
1787970915.8 RX: B pos 2 0 goal 0
1787970915.8 RX: B pos 2 0 goal 0
1787970916.7 m at (1, 0) d5=0.754 opens=[5, 185, 275]
1787970917.6 RX: B pos 2 0 goal 0
1787970918.4 m at (2, 0) d5=0.726 opens=[185, 275]
1787970925.2 RX: B pos 2 0 goal 0
1787970925.2 RX: B pos 2 0 goal 0
1787970925.2 RX: B climb d5 0.737 goal 0
1787970926.0 m at (2, -1) d5=0.679 opens=[5, 95]
1787970932.9 RX: B pos 2 0 goal 0
1787970932.9 RX: B pos 2 0 goal 0
1787970932.9 RX: B climb d5 0.776 goal 0
1787970932.9 RX: B pos 2 0 goal 0
1787970933.8 m at (3, -1) d5=0.728 opens=[95]
1787970941.3 RX: B pos 2 0 goal 0
1787970941.3 RX: B pos 2 0 goal 0
1787970941.6 RX: B pos 2 0 goal 0
1787970942.2 m at (3, 0) d5=0.694 opens=[185, 275]
1787970948.6 RX: B climb d5 0.692 goal 0
1787970948.6 RX: B: OK I PARK+SPIN, you home. I stay put until your d5>1.5 or you say STOP.
1787970948.6 RX: B pos 2 0 goal 0
1787970948.6 RX: B pos 2 0 goal 0
1787970957.4 RX: B pos 2 0 goal 0
1787970957.4 RX: B pos 2 0 goal 0
1787970957.4 RX: B pos 2 0 goal 0
1787970958.3 m at (1, -1) d5=0.770 opens=[5, 95, 275]
1787970959.6 RX: B pos 2 0 goal 0
1787970960.4 m at (1, -2) d5=0.769 opens=[5, 95]
1787970967.7 RX: B pos 2 0 goal 0
1787970967.7 RX: B pos 2 0 goal 0
1787970968.5 m at (2, -2) d5=0.771 opens=[5, 95]
1787970969.8 RX: B pos 2 0 goal 0
1787970970.7 m at (3, -2) d5=0.772 opens=[5, 95]
1787970971.9 RX: B pos 2 0 goal 0
1787970972.8 m at (4, -2) d5=0.737 opens=[185, 275]
1787970980.1 RX: B pos 2 0 goal 0
1787970980.1 RX: B pos 2 0 goal 0
1787970980.6 RX: B pos 2 0 goal 0
1787970981.0 m at (4, -3) d5=0.674 opens=[5, 95]
1787970987.8 RX: B pos 2 0 goal 0
1787970987.8 RX: B pos 2 0 goal 0
1787970988.7 m at (5, -3) d5=0.631 opens=[95]
1787970996.0 RX: B pos 2 0 goal 0
1787970996.9 m at (5, -2) d5=0.664 opens=[95, 275]
1787970998.6 RX: B pos 2 0 goal 0
1787970999.0 m at (5, -1) d5=0.714 opens=[185, 275]
1787971005.4 RX: B pos 2 0 goal 0
1787971005.4 RX: B pos 2 0 goal 0
1787971006.3 m at (4, -1) d5=0.765 opens=[185, 275]
1787971013.7 m blocked path (3, -1)->(3, 0)
1787971013.7 RX: B pos 2 0 goal 0
1787971013.7 RX: B pos 2 0 goal 0
1787971013.7 RX: B pos 2 0 goal 0
1787971013.7 m NO FRONTIER. best=(0, 0) d5=0.79 samples=16. going there.
1787971013.7 m best unreachable, reset
1787971014.6 m at (0, 0) d5=0.817 opens=[5, 275]
1787971021.7 RX: B pos 2 0 goal 0
1787971021.7 RX: B pos 2 0 goal 0
1787971022.6 m at (1, 0) d5=0.780 opens=[185, 275]
1787971029.2 RX: B pos 2 0 goal 0
1787971029.2 RX: B pos 2 0 goal 0
1787971029.2 RX: B pos 2 0 goal 0
1787971030.1 m at (1, -1) d5=0.712 opens=[95, 275]
1787971031.6 RX: B pos 2 0 goal 0
1787971032.1 m at (1, -2) d5=0.660 opens=[5, 95]
1787971038.7 RX: B pos 2 0 goal 0
1787971038.7 RX: B pos 2 0 goal 0
1787971039.6 m at (2, -2) d5=0.620 opens=[5, 95]
1787971041.7 m at (3, -2) d5=0.574 opens=[5, 185]
1787971043.9 m at (4, -2) d5=0.521 opens=[5, 185]
1787971047.8 m at (5, -2) d5=0.474 opens=[5, 185]
1787971049.9 m at (6, -2) d5=0.435 opens=[5, 185]
1787971062.2 === spin start (A parks, B homes) ===
1787971063.7 spin d5=0.525 goal=False
1787971065.2 spin d5=0.522 goal=False
1787971066.8 spin d5=0.511 goal=False
1787971068.3 spin d5=0.515 goal=False
1787971069.8 spin d5=0.510 goal=False
1787971071.3 spin d5=0.506 goal=False
1787971072.8 spin d5=0.505 goal=False
1787971074.3 spin d5=0.517 goal=False
1787971075.8 spin d5=0.509 goal=False
1787971077.3 spin d5=0.533 goal=False
1787971078.8 spin d5=0.527 goal=False
1787971080.3 spin d5=0.520 goal=False
1787971081.9 spin d5=0.513 goal=False
1787971083.4 spin d5=0.518 goal=False
1787971084.9 spin d5=0.518 goal=False
1787971086.4 spin d5=0.520 goal=False
1787971087.9 spin d5=0.524 goal=False
1787971089.4 spin d5=0.527 goal=False
1787971090.9 spin d5=0.527 goal=False
1787971092.4 spin d5=0.520 goal=False
1787971093.9 spin d5=0.511 goal=False
1787971095.4 spin d5=0.530 goal=False
1787971096.9 spin d5=0.513 goal=False
1787971098.4 spin d5=0.521 goal=False
1787971100.0 spin d5=0.532 goal=False
1787971101.5 spin d5=0.535 goal=False
1787971103.0 spin d5=0.512 goal=False
1787971104.5 spin d5=0.522 goal=False
1787971106.0 spin d5=0.521 goal=False
1787971107.5 spin d5=0.519 goal=False
1787971109.0 spin d5=0.530 goal=False
1787971110.5 spin d5=0.515 goal=False
1787971112.0 spin d5=0.528 goal=False
1787971113.5 spin d5=0.531 goal=False
1787971115.1 spin d5=0.508 goal=False
1787971116.6 spin d5=0.508 goal=False
1787971118.1 spin d5=0.530 goal=False
1787971119.6 spin d5=0.523 goal=False
1787971121.1 spin d5=0.500 goal=False
1787971122.6 spin d5=0.514 goal=False
1787971124.1 spin d5=0.519 goal=False
1787971125.6 spin d5=0.503 goal=False
1787971127.1 spin d5=0.504 goal=False
1787971128.6 spin d5=0.514 goal=False
1787971130.1 spin d5=0.515 goal=False
1787971131.6 spin d5=0.536 goal=False
1787971133.2 spin d5=0.506 goal=False
1787971134.7 spin d5=0.523 goal=False
1787971136.2 spin d5=0.526 goal=False
1787971137.7 spin d5=0.523 goal=False
1787971139.2 spin d5=0.529 goal=False
1787971140.7 spin d5=0.516 goal=False
1787971142.2 spin d5=0.518 goal=False
1787971143.7 spin d5=0.522 goal=False
1787971145.2 spin d5=0.518 goal=False
1787971146.7 spin d5=0.529 goal=False
1787971148.2 spin d5=0.507 goal=False
1787971149.8 spin d5=0.537 goal=False
1787971151.3 spin d5=0.510 goal=False
1787971152.8 spin d5=0.503 goal=False
1787971154.3 spin d5=0.528 goal=False
1787971155.8 spin d5=0.517 goal=False
1787971157.3 spin d5=0.529 goal=False
1787971158.8 spin d5=0.537 goal=False
1787971160.3 spin d5=0.517 goal=False
1787971161.8 spin d5=0.519 goal=False
1787971163.3 spin d5=0.527 goal=False
1787971164.8 spin d5=0.513 goal=False
1787971166.3 spin d5=0.526 goal=False
1787971167.9 spin d5=0.517 goal=False
1787971169.4 spin d5=0.516 goal=False
1787971170.9 spin d5=0.509 goal=False
1787971172.4 spin d5=0.529 goal=False
1787971173.9 spin d5=0.521 goal=False
1787971175.4 spin d5=0.526 goal=False
1787971176.9 spin d5=0.522 goal=False
1787971178.4 spin d5=0.510 goal=False
1787971179.9 spin d5=0.498 goal=False
1787971181.4 spin d5=0.515 goal=False
1787971183.0 spin d5=0.512 goal=False
1787971184.5 spin d5=0.527 goal=False
1787971186.0 spin d5=0.519 goal=False
1787971187.5 spin d5=0.527 goal=False
1787971189.0 spin d5=0.509 goal=False
1787971190.5 spin d5=0.515 goal=False
1787971192.0 spin d5=0.521 goal=False
1787971193.5 spin d5=0.517 goal=False
1787971195.1 spin d5=0.511 goal=False
1787971196.6 spin d5=0.525 goal=False
1787971198.1 spin d5=0.527 goal=False
1787971199.6 spin d5=0.537 goal=False
1787971201.1 spin d5=0.512 goal=False
1787971202.6 spin d5=0.509 goal=False
1787971204.1 spin d5=0.519 goal=False
1787971205.6 spin d5=0.503 goal=False
1787971207.1 spin d5=0.516 goal=False
1787971208.6 spin d5=0.520 goal=False
1787971210.2 spin d5=0.505 goal=False
1787971211.7 spin d5=0.483 goal=False
1787971213.2 spin d5=0.460 goal=False
1787971214.7 spin d5=0.503 goal=False
1787971216.2 spin d5=0.527 goal=False
1787971217.7 spin d5=0.528 goal=False
1787971219.2 spin d5=0.521 goal=False
1787971220.7 spin d5=0.531 goal=False
1787971222.2 spin d5=0.523 goal=False
1787971223.7 spin d5=0.501 goal=False
1787971225.2 spin d5=0.479 goal=False
1787971226.8 spin d5=0.482 goal=False
1787971228.5 === seek start ===
1787971238.3 s1 5 pos 1,0 d5=0.50 best=0.50@(0, 0)
1787971240.1 s2 5 pos 2,0 d5=0.49 best=0.50@(0, 0)
1787971241.9 s3 5 pos 3,0 d5=0.42 best=0.50@(0, 0)
1787971243.7 s4 5 pos 4,0 d5=0.38 best=0.50@(0, 0)
1787971246.1 s5 5 pos 5,0 d5=0.35 best=0.50@(0, 0)
1787971258.2 s6 185 pos 4,0 d5=0.33 best=0.50@(0, 0)
1787971260.0 s7 185 pos 3,0 d5=0.35 best=0.50@(0, 0)
1787971261.7 s8 185 pos 2,0 d5=0.38 best=0.50@(0, 0)
1787971263.5 s9 185 pos 1,0 d5=0.43 best=0.50@(0, 0)
1787971265.6 s10 185 pos 0,0 d5=0.45 best=0.50@(0, 0)
1787971268.2 s11 185 pos -1,0 d5=0.50 best=0.50@(0, 0)
1787971269.9 s12 185 pos -2,0 d5=0.53 best=0.53@(-1, 0)
1787971272.0 s13 185 pos -3,0 d5=0.59 best=0.59@(-2, 0)
1787971278.6 s14 95 pos -3,1 d5=0.64 best=0.64@(-3, 0)
1787971280.4 s15 95 pos -3,2 d5=0.70 best=0.70@(-3, 1)
1787971280.6 RX: B pos 0 0 goal 0
1787971287.6 s16 185 pos -4,2 d5=0.72 best=0.72@(-3, 2)
1787971287.6 RX: B pos 0 0 goal 0
1787971287.6 RX: B pos 0 0 goal 0
1787971289.2 s17 185 pos -5,2 d5=0.81 best=0.81@(-4, 2)
1787971297.3 s18 275 pos -5,1 d5=0.81 best=0.81@(-5, 2)
1787971297.3 RX: B pos 0 0 goal 0
1787971297.3 RX: B pos 0 0 goal 0
1787971297.3 RX: B pos 0 0 goal 0
1787971299.1 s19 275 pos -5,0 d5=0.73 best=0.81@(-5, 2)
1787971299.1 RX: B pos 0 0 goal 0
1787971300.8 s20 275 pos -5,-1 d5=0.66 best=0.81@(-5, 2)
1787971302.6 s21 275 pos -5,-2 d5=0.60 best=0.81@(-5, 2)
1787971304.4 s22 275 pos -5,-3 d5=0.53 best=0.81@(-5, 2)
1787971306.2 s23 275 pos -5,-4 d5=0.48 best=0.81@(-5, 2)
1787971307.9 s24 275 pos -5,-5 d5=0.44 best=0.81@(-5, 2)
1787971309.7 s25 275 pos -5,-6 d5=0.39 best=0.81@(-5, 2)
1787971322.1 s26 95 pos -5,-5 d5=0.34 best=0.81@(-5, 2)
1787971323.8 s27 95 pos -5,-4 d5=0.39 best=0.81@(-5, 2)
1787971325.6 s28 95 pos -5,-3 d5=0.43 best=0.81@(-5, 2)
1787971327.4 s29 95 pos -5,-2 d5=0.48 best=0.81@(-5, 2)
1787971329.2 s30 95 pos -5,-1 d5=0.54 best=0.81@(-5, 2)
1787971341.3 s31 275 pos -5,-2 d5=0.60 best=0.81@(-5, 2)
1787971343.1 s32 275 pos -5,-3 d5=0.55 best=0.81@(-5, 2)
1787971344.9 s33 275 pos -5,-4 d5=0.48 best=0.81@(-5, 2)
1787971347.1 s34 275 pos -5,-5 d5=0.43 best=0.81@(-5, 2)
1787971348.9 s35 275 pos -5,-6 d5=0.38 best=0.81@(-5, 2)
1787971360.9 s36 95 pos -5,-5 d5=0.35 best=0.81@(-5, 2)
1787971362.6 s37 95 pos -5,-4 d5=0.39 best=0.81@(-5, 2)
1787971364.4 s38 95 pos -5,-3 d5=0.43 best=0.81@(-5, 2)
1787971366.2 s39 95 pos -5,-2 d5=0.48 best=0.81@(-5, 2)
1787971367.9 s40 95 pos -5,-1 d5=0.54 best=0.81@(-5, 2)
1787971380.1 s41 275 pos -5,-2 d5=0.60 best=0.81@(-5, 2)
1787971381.9 s42 275 pos -5,-3 d5=0.54 best=0.81@(-5, 2)
1787971383.6 s43 275 pos -5,-4 d5=0.48 best=0.81@(-5, 2)
1787971385.4 s44 275 pos -5,-5 d5=0.43 best=0.81@(-5, 2)
1787971387.1 s45 275 pos -5,-6 d5=0.39 best=0.81@(-5, 2)
1787971399.8 s46 95 pos -5,-5 d5=0.35 best=0.81@(-5, 2)
1787971401.6 s47 95 pos -5,-4 d5=0.39 best=0.81@(-5, 2)
1787971403.3 s48 95 pos -5,-3 d5=0.44 best=0.81@(-5, 2)
1787971405.1 s49 95 pos -5,-2 d5=0.49 best=0.81@(-5, 2)
1787971407.6 s50 95 pos -5,-1 d5=0.55 best=0.81@(-5, 2)
1787971420.1 s51 275 pos -5,-2 d5=0.60 best=0.81@(-5, 2)
1787971421.9 s52 275 pos -5,-3 d5=0.55 best=0.81@(-5, 2)
1787971423.6 s53 275 pos -5,-4 d5=0.49 best=0.81@(-5, 2)
1787971425.4 s54 275 pos -5,-5 d5=0.44 best=0.81@(-5, 2)
1787971427.2 s55 275 pos -5,-6 d5=0.39 best=0.81@(-5, 2)
1787971438.6 s56 95 pos -5,-5 d5=0.35 best=0.81@(-5, 2)
1787971440.4 s57 95 pos -5,-4 d5=0.39 best=0.81@(-5, 2)
1787971442.2 s58 95 pos -5,-3 d5=0.44 best=0.81@(-5, 2)
1787971443.9 s59 95 pos -5,-2 d5=0.49 best=0.81@(-5, 2)
1787971445.7 s60 95 pos -5,-1 d5=0.55 best=0.81@(-5, 2)
1787971447.5 s61 95 pos -5,0 d5=0.61 best=0.81@(-5, 2)
1787971449.3 s62 95 pos -5,1 d5=0.68 best=0.81@(-5, 2)
1787971449.3 RX: B pos 1 0 goal 0
1787971451.0 s63 95 pos -5,2 d5=0.75 best=0.81@(-5, 2)
1787971458.1 s64 5 pos -4,2 d5=0.81 best=0.81@(-5, 2)
1787971458.1 RX: B pos 1 0 goal 0
1787971458.1 RX: B pos 1 0 goal 0
1787971458.1 RX: B pos 1 0 goal 0
1787971464.2 s65 275 SHORT
1787971464.2 RX: B pos 1 0 goal 0
1787971464.2 RX: B pos 1 0 goal 0
1787971471.0 s66 5 pos -3,2 d5=0.76 best=0.81@(-5, 2)
1787971471.0 RX: B pos 1 0 goal 0
1787971471.0 RX: B pos 1 0 goal 0
1787971478.5 s67 275 pos -3,1 d5=0.72 best=0.81@(-5, 2)
1787971478.5 RX: B pos 1 0 goal 0
1787971478.5 RX: B pos 1 0 goal 0
1787971478.6 RX: B pos 1 0 goal 0
1787971491.0 s68 95 pos -3,2 d5=0.66 best=0.81@(-5, 2)
1787971491.0 RX: B pos 1 0 goal 0
1787971491.0 RX: B pos 1 0 goal 0
1787971491.0 RX: B pos 1 0 goal 0
1787971491.0 RX: B pos 1 0 goal 0
1787971499.0 s69 185 pos -4,2 d5=0.72 best=0.81@(-5, 2)
1787971499.0 RX: B pos 1 0 goal 0
1787971499.0 RX: B pos 1 0 goal 0
1787971500.5 s70 185 pos -5,2 d5=0.76 best=0.81@(-5, 2)
1787971500.5 RX: B pos 1 0 goal 0
1787971513.0 s71 5 pos -4,2 d5=0.80 best=0.81@(-5, 2)
1787971513.0 RX: B pos 1 0 goal 0
1787971513.0 RX: B pos 1 0 goal 0
1787971513.0 RX: B pos 1 0 goal 0
1787971513.0 RX: B pos 1 0 goal 0
1787971514.5 s72 5 pos -3,2 d5=0.76 best=0.81@(-5, 2)
1787971514.6 RX: B pos 1 0 goal 0
1787971522.5 s73 275 pos -3,1 d5=0.72 best=0.81@(-5, 2)
1787971522.5 RX: B pos 1 0 goal 0
1787971522.5 RX: B pos 1 0 goal 0
1787971523.9 s74 275 pos -3,0 d5=0.66 best=0.81@(-5, 2)
1787971531.3 s75 5 pos -2,0 d5=0.62 best=0.81@(-5, 2)
1787971533.1 s76 5 pos -1,0 d5=0.59 best=0.81@(-5, 2)
1787971536.4 s77 5 pos 0,0 d5=0.53 best=0.81@(-5, 2)
1787971538.1 s78 5 pos 1,0 d5=0.49 best=0.81@(-5, 2)
1787971539.9 s79 5 pos 2,0 d5=0.44 best=0.81@(-5, 2)
1787971542.1 s80 5 pos 3,0 d5=0.40 best=0.81@(-5, 2)
1787971544.7 s81 5 pos 4,0 d5=0.36 best=0.81@(-5, 2)
1787971557.0 s82 185 pos 3,0 d5=0.33 best=0.81@(-5, 2)
1787971558.8 s83 185 pos 2,0 d5=0.36 best=0.81@(-5, 2)
1787971560.6 s84 185 pos 1,0 d5=0.39 best=0.81@(-5, 2)
1787971562.3 s85 185 pos 0,0 d5=0.43 best=0.81@(-5, 2)
1787971564.1 s86 185 pos -1,0 d5=0.47 best=0.81@(-5, 2)
1787971565.9 s87 185 pos -2,0 d5=0.51 best=0.81@(-5, 2)
1787971567.6 s88 185 pos -3,0 d5=0.56 best=0.81@(-5, 2)
1787971575.0 s89 95 pos -3,1 d5=0.61 best=0.81@(-5, 2)
1787971575.0 RX: B pos 1 0 goal 0
1787971577.6 s90 95 pos -3,2 d5=0.69 best=0.81@(-5, 2)
1787971577.6 RX: B pos 1 0 goal 0
1787971585.6 s91 185 pos -4,2 d5=0.72 best=0.81@(-5, 2)
1787971585.6 RX: B pos 1 0 goal 0
1787971585.6 RX: B pos 1 0 goal 0
1787971585.6 RX: B climb d5 0.724 goal 0
1787971587.0 s92 185 pos -5,2 d5=0.80 best=0.81@(-5, 2)
1787971587.0 RX: B pos 1 0 goal 0
1787971595.0 s93 275 pos -5,1 d5=0.80 best=0.81@(-5, 2)
1787971595.0 RX: B pos 1 0 goal 0
1787971595.0 RX: B pos 1 0 goal 0
1787971595.0 RX: B climb d5 0.791 goal 0
1787971601.8 === push start ===
1787971601.9 RX: B pos 1 0 goal 0
1787971612.7 RX: B climb d5 0.854 goal 0
1787971612.7 RX: B pos 1 0 goal 0
1787971612.7 RX: B pos 1 0 goal 0
1787971612.7 RX: B pos 1 0 goal 0
1787971613.2 p1 275 tr=0.52 d5 0.85->0.67
1787971625.7 RX: B pos 1 0 goal 0
1787971625.7 RX: B climb d5 0.667 goal 0
1787971625.7 RX: B pos 1 0 goal 0
1787971625.7 RX: B pos 1 0 goal 0
1787971625.7 RX: B pos 1 0 goal 0
1787971625.7 RX: B climb d5 0.820 goal 0
1787971625.7 RX: B pos 1 0 goal 0
1787971628.0 p2 95 tr=0.51 d5 0.85->0.90
1787971639.6 RX: B pos 1 0 goal 0
1787971639.6 RX: B pos 1 0 goal 0
1787971639.6 RX: B pos 1 0 goal 0
1787971639.6 RX: B climb d5 0.799 goal 0
1787971639.6 RX: B pos 1 0 goal 0
1787971640.1 p3 275 tr=0.51 d5 0.90->0.77
1787971653.1 RX: B pos 1 0 goal 0
1787971653.1 RX: B pos 1 0 goal 0
1787971653.1 RX: B climb d5 0.855 goal 0
1787971653.1 RX: B pos 1 0 goal 0
1787971653.1 RX: B pos 1 0 goal 0
1787971653.1 RX: B pos 1 0 goal 0
1787971659.9 RX: B pos 1 0 goal 0
1787971659.9 RX: B climb d5 0.807 goal 0
1787971659.9 RX: B pos 1 0 goal 0
1787971660.4 p4 5 tr=0.51 d5 0.90->0.77
1787971673.0 RX: B pos 1 0 goal 0
1787971673.0 RX: B pos 1 0 goal 0
1787971673.0 RX: B climb d5 0.849 goal 0
1787971673.0 RX: B pos 1 0 goal 0
1787971673.0 RX: B: FINAL: I PARK+SPIN CONTINUOUSLY now, will not translate. Push to me. My spot has open N passage per my lidar. Come.
1787971673.0 RX: B pos 1 0 goal 0
1787971680.5 RX: B pos 1 0 goal 0
1787971680.5 RX: B pos 1 0 goal 0
1787971680.5 RX: B pos 1 0 goal 0
1787971681.0 p5 95 tr=0.33 d5 0.90->0.92
1787971692.0 RX: B pos 1 0 goal 0
1787971692.0 RX: B pos 1 0 goal 0
1787971692.0 RX: B pos 1 0 goal 0
1787971692.0 RX: B pos 1 0 goal 0
1787971698.9 RX: B pos 1 0 goal 0
1787971698.9 RX: B pos 1 0 goal 0
1787971699.4 p6 185 tr=0.25 d5 0.90->0.91
1787971718.5 RX: B pos 1 0 goal 0
1787971718.5 RX: B pos 1 0 goal 0
1787971718.5 RX: B pos 1 0 goal 0
1787971718.5 RX: B pos 1 0 goal 0
1787971718.5 RX: B pos 1 0 goal 0
1787971718.5 RX: B pos 1 0 goal 0
1787971718.6 RX: B pos 1 0 goal 0
1787971719.0 p6 wander 275 tr=0.51 d5=0.85
1787971721.6 p7 275 tr=0.50 d5 0.85->0.79
1787971733.7 RX: B pos 1 0 goal 0
1787971733.7 RX: B pos 1 0 goal 0
1787971733.7 RX: B pos 1 0 goal 0
1787971733.7 RX: B pos 1 0 goal 0
1787971733.7 RX: B pos 1 0 goal 0
1787971739.9 RX: B pos 1 0 goal 0
1787971739.9 RX: B pos 1 0 goal 0
1787971740.5 p8 5 tr=0.05 d5 0.85->0.85
1787971747.9 RX: B pos 1 0 goal 0
1787971747.9 RX: B pos 1 0 goal 0
1787971748.4 p9 95 tr=0.51 d5 0.85->0.90
1787971755.9 === seek start ===
1787971763.1 s1 5 pos 1,0 d5=0.90 best=0.90@(0, 0)
1787971763.1 RX: B pos 1 0 goal 0
1787971763.1 RX: B pos 1 0 goal 0
1787971764.9 s2 5 pos 2,0 d5=0.84 best=0.90@(0, 0)
1787971764.9 RX: B pos 1 0 goal 0
1787971772.5 s3 275 pos 2,-1 d5=0.78 best=0.90@(0, 0)
1787971772.5 RX: B pos 1 0 goal 0
1787971772.5 RX: B pos 1 0 goal 0
1787971772.7 RX: B pos 1 0 goal 0
1787971774.3 s4 275 pos 2,-2 d5=0.74 best=0.90@(0, 0)
1787971782.0 s5 5 pos 3,-2 d5=0.70 best=0.90@(0, 0)
1787971782.0 RX: B pos 1 0 goal 0
1787971782.0 RX: B pos 1 0 goal 0
1787971782.0 RX: B pos 1 0 goal 0
1787971783.8 s6 5 pos 4,-2 d5=0.65 best=0.90@(0, 0)
1787971785.6 s7 5 pos 5,-2 d5=0.59 best=0.90@(0, 0)
1787971787.4 s8 5 pos 6,-2 d5=0.53 best=0.90@(0, 0)
1787971789.3 s9 5 pos 7,-2 d5=0.48 best=0.90@(0, 0)
1787971791.1 s10 5 pos 8,-2 d5=0.43 best=0.90@(0, 0)
1787971792.9 s11 5 pos 9,-2 d5=0.39 best=0.90@(0, 0)
1787971794.7 s12 5 pos 10,-2 d5=0.35 best=0.90@(0, 0)
1787971798.0 s13 5 pos 11,-2 d5=0.31 best=0.90@(0, 0)
1787971801.7 s14 5 pos 12,-2 d5=0.29 best=0.90@(0, 0)
1787971803.5 s15 5 pos 13,-2 d5=0.25 best=0.90@(0, 0)
1787971805.8 s16 5 pos 14,-2 d5=0.24 best=0.90@(0, 0)
1787971807.6 s17 5 pos 15,-2 d5=0.21 best=0.90@(0, 0)
1787971815.4 s18 275 pos 15,-3 d5=0.19 best=0.90@(0, 0)
1787971817.2 s19 275 pos 15,-4 d5=0.18 best=0.90@(0, 0)
1787971824.6 s20 185 pos 14,-4 d5=0.18 best=0.90@(0, 0)
1787971826.4 s21 185 pos 13,-4 d5=0.19 best=0.90@(0, 0)
1787971828.2 s22 185 pos 12,-4 d5=0.20 best=0.90@(0, 0)
1787971830.0 s23 185 pos 11,-4 d5=0.22 best=0.90@(0, 0)
1787971831.8 s24 185 pos 10,-4 d5=0.24 best=0.90@(0, 0)
1787971833.7 s25 185 pos 9,-4 d5=0.25 best=0.90@(0, 0)
1787971835.5 s26 185 pos 8,-4 d5=0.28 best=0.90@(0, 0)
1787971837.3 s27 185 pos 7,-4 d5=0.30 best=0.90@(0, 0)
1787971839.1 s28 185 pos 6,-4 d5=0.33 best=0.90@(0, 0)
1787971841.3 s29 185 pos 5,-4 d5=0.36 best=0.90@(0, 0)
1787971843.2 s30 185 pos 4,-4 d5=0.39 best=0.90@(0, 0)
1787971851.3 s31 275 pos 4,-5 d5=0.41 best=0.90@(0, 0)
1787971853.2 s32 275 pos 4,-6 d5=0.38 best=0.90@(0, 0)
1787971855.0 s33 275 pos 4,-7 d5=0.35 best=0.90@(0, 0)
1787971856.8 s34 275 pos 4,-8 d5=0.32 best=0.90@(0, 0)
1787971864.8 s35 185 pos 3,-8 d5=0.30 best=0.90@(0, 0)
1787971866.6 s36 185 pos 2,-8 d5=0.31 best=0.90@(0, 0)
1787971874.0 s37 95 pos 2,-7 d5=0.31 best=0.90@(0, 0)
1787971875.8 s38 95 pos 2,-6 d5=0.35 best=0.90@(0, 0)
1787971877.6 s39 95 pos 2,-5 d5=0.39 best=0.90@(0, 0)
1787971879.5 s40 95 pos 2,-4 d5=0.43 best=0.90@(0, 0)
1787971891.9 s41 275 pos 2,-5 d5=0.48 best=0.90@(0, 0)
1787971893.7 s42 275 pos 2,-6 d5=0.46 best=0.90@(0, 0)
1787971895.5 s43 275 pos 2,-7 d5=0.45 best=0.90@(0, 0)
1787971908.1 s44 95 pos 2,-6 d5=0.43 best=0.90@(0, 0)
1787971910.0 s45 95 pos 2,-5 d5=0.37 best=0.90@(0, 0)
1787971911.8 s46 95 pos 2,-4 d5=0.42 best=0.90@(0, 0)
1787971924.2 s47 275 pos 2,-5 d5=0.46 best=0.90@(0, 0)
1787971926.0 s48 275 pos 2,-6 d5=0.41 best=0.90@(0, 0)
1787971927.8 s49 275 pos 2,-7 d5=0.36 best=0.90@(0, 0)
1787971929.4 s50 275 pos 2,-8 d5=0.34 best=0.90@(0, 0)
1787971936.8 s51 5 pos 3,-8 d5=0.32 best=0.90@(0, 0)
1787971938.7 s52 5 pos 4,-8 d5=0.31 best=0.90@(0, 0)
1787971946.0 s53 95 pos 4,-7 d5=0.30 best=0.90@(0, 0)
1787971947.8 s54 95 pos 4,-6 d5=0.32 best=0.90@(0, 0)
1787971949.6 s55 95 pos 4,-5 d5=0.34 best=0.90@(0, 0)
1787971957.7 s56 5 pos 5,-5 d5=0.38 best=0.90@(0, 0)
1787971959.5 s57 5 pos 6,-5 d5=0.41 best=0.90@(0, 0)
1787971962.1 s58 5 pos 7,-5 d5=0.44 best=0.90@(0, 0)
1787971965.1 s59 5 pos 8,-5 d5=0.42 best=0.90@(0, 0)
1787971966.9 s60 5 pos 9,-5 d5=0.35 best=0.90@(0, 0)
1787971968.7 s61 5 pos 10,-5 d5=0.32 best=0.90@(0, 0)
1787971970.6 s62 5 pos 11,-5 d5=0.30 best=0.90@(0, 0)
1787971972.4 s63 5 pos 12,-5 d5=0.26 best=0.90@(0, 0)
1787971974.2 s64 5 pos 13,-5 d5=0.23 best=0.90@(0, 0)
1787971976.0 s65 5 pos 14,-5 d5=0.21 best=0.90@(0, 0)
1787971978.2 s66 5 pos 15,-5 d5=0.20 best=0.90@(0, 0)
1787971980.1 s67 5 pos 16,-5 d5=0.20 best=0.90@(0, 0)
1787971988.0 s68 95 pos 16,-4 d5=0.18 best=0.90@(0, 0)
1787971989.8 s69 95 pos 16,-3 d5=0.22 best=0.90@(0, 0)
1787971997.1 s70 185 pos 15,-3 d5=0.23 best=0.90@(0, 0)
1787971998.9 s71 185 pos 14,-3 d5=0.30 best=0.90@(0, 0)
1787972000.8 s72 185 pos 13,-3 d5=0.33 best=0.90@(0, 0)
1787972002.6 s73 185 pos 12,-3 d5=0.34 best=0.90@(0, 0)
1787972004.4 s74 185 pos 11,-3 d5=0.34 best=0.90@(0, 0)
1787972007.3 s75 185 pos 10,-3 d5=0.37 best=0.90@(0, 0)
1787972010.0 s76 185 pos 9,-3 d5=0.43 best=0.90@(0, 0)
1787972011.8 s77 185 pos 8,-3 d5=0.46 best=0.90@(0, 0)
1787972013.7 s78 185 pos 7,-3 d5=0.50 best=0.90@(0, 0)
1787972015.5 s79 185 pos 6,-3 d5=0.52 best=0.90@(0, 0)
1787972018.7 s80 185 pos 5,-3 d5=0.52 best=0.90@(0, 0)
1787972020.5 s81 185 pos 4,-3 d5=0.50 best=0.90@(0, 0)
1787972022.3 s82 185 pos 3,-3 d5=0.50 best=0.90@(0, 0)
1787972029.5 s83 95 pos 3,-2 d5=0.49 best=0.90@(0, 0)
1787972031.3 s84 95 pos 3,-1 d5=0.51 best=0.90@(0, 0)
1787972039.6 s85 185 pos 2,-1 d5=0.52 best=0.90@(0, 0)
1787972041.4 s86 185 pos 1,-1 d5=0.46 best=0.90@(0, 0)
1787972049.2 s87 275 pos 1,-2 d5=0.45 best=0.90@(0, 0)
1787972051.0 s88 275 pos 1,-3 d5=0.41 best=0.90@(0, 0)
1787972052.8 s89 275 pos 1,-4 d5=0.39 best=0.90@(0, 0)
1787972055.4 s90 275 pos 1,-5 d5=0.36 best=0.90@(0, 0)
1787972057.2 s91 275 pos 1,-6 d5=0.37 best=0.90@(0, 0)
1787972059.1 s92 275 pos 1,-7 d5=0.34 best=0.90@(0, 0)
1787972061.3 s93 275 pos 1,-8 d5=0.32 best=0.90@(0, 0)
1787972073.1 s94 95 pos 1,-7 d5=0.29 best=0.90@(0, 0)
1787972074.9 s95 95 pos 1,-6 d5=0.34 best=0.90@(0, 0)
1787972076.7 s96 95 pos 1,-5 d5=0.38 best=0.90@(0, 0)
1787972078.6 s97 95 pos 1,-4 d5=0.42 best=0.90@(0, 0)
1787972080.4 s98 95 pos 1,-3 d5=0.43 best=0.90@(0, 0)
1787972082.2 s99 95 pos 1,-2 d5=0.47 best=0.90@(0, 0)
1787972084.0 s100 95 pos 1,-1 d5=0.51 best=0.90@(0, 0)
1787972090.8 s101 5 pos 2,-1 d5=0.56 best=0.90@(0, 0)
1787972092.7 s102 5 pos 3,-1 d5=0.61 best=0.90@(0, 0)
1787972100.8 s103 275 pos 3,-2 d5=0.63 best=0.90@(0, 0)
1787972102.6 s104 275 pos 3,-3 d5=0.44 best=0.90@(0, 0)
1787972110.2 s105 5 pos 4,-3 d5=0.40 best=0.90@(0, 0)
1787972117.4 s106 95 pos 4,-2 d5=0.39 best=0.90@(0, 0)
1787972126.1 s107 185 pos 3,-2 d5=0.40 best=0.90@(0, 0)
1787972133.7 s108 95 pos 3,-1 d5=0.43 best=0.90@(0, 0)
1787972135.5 s109 95 pos 3,0 d5=0.41 best=0.90@(0, 0)
1787972143.2 s110 185 pos 2,0 d5=0.43 best=0.90@(0, 0)
1787972150.4 s111 275 SHORT
1787972157.0 s112 185 pos 1,0 d5=0.47 best=0.90@(0, 0)
1787972165.3 s113 275 pos 1,-1 d5=0.51 best=0.90@(0, 0)
1787972167.2 s114 275 pos 1,-2 d5=0.47 best=0.90@(0, 0)
1787972169.0 s115 275 pos 1,-3 d5=0.43 best=0.90@(0, 0)
1787972170.8 s116 275 pos 1,-4 d5=0.40 best=0.90@(0, 0)
1787972172.6 s117 275 pos 1,-5 d5=0.36 best=0.90@(0, 0)
1787972174.4 s118 275 pos 1,-6 d5=0.33 best=0.90@(0, 0)
1787972176.3 s119 275 pos 1,-7 d5=0.30 best=0.90@(0, 0)
1787972181.4 === door start ===
1787972189.0 d climb 95 tr=0.51 0.27->0.30
1787972203.2 d climb 275 tr=0.51 0.27->0.25
1787972215.4 door peak d5=0.27
1787972233.5 d probe 5 tr=0.20 pv=0.28 c=0.28
1787972252.3 d probe 95 tr=0.23 pv=0.29 c=0.80
1787972271.4 d probe 185 tr=0.18 pv=0.37 c=0.25
1787972273.7 === meet2 start ===
1787972274.7 m at (0, 0) d5=0.411 opens=[95, 275]
1787972285.9 m at (0, 1) d5=0.431 opens=[95, 275]
1787972288.1 m at (0, 2) d5=0.470 opens=[95, 275]
1787972290.3 m at (0, 3) d5=0.478 opens=[95, 275]
1787972292.4 m at (0, 4) d5=0.521 opens=[95, 275]
1787972294.6 m at (0, 5) d5=0.573 opens=[275]
1787972307.0 RX: B pos 0 0 goal 0
1787972307.0 RX: B pos 0 0 goal 0
1787972314.5 m at (0, -1) d5=0.389 opens=[95]
1787972314.5 m NO FRONTIER. best=(0, 5) d5=0.57 samples=7. going there.
1787972326.1 m NO FRONTIER. best=(0, 5) d5=0.57 samples=7. going there.
1787972327.5 m NO FRONTIER. best=(0, 5) d5=0.57 samples=7. going there.
1787972328.8 m NO FRONTIER. best=(0, 5) d5=0.57 samples=7. going there.
1787972330.1 m NO FRONTIER. best=(0, 5) d5=0.57 samples=7. going there.
1787972331.4 m NO FRONTIER. best=(0, 5) d5=0.57 samples=7. going there.
1787972332.7 m NO FRONTIER. best=(0, 5) d5=0.57 samples=7. going there.
1787972332.7 m at best. holding 10s
1787972343.6 m at (0, 5) d5=0.580 opens=[95, 275]
1787972345.8 m at (0, 6) d5=0.629 opens=[95, 275]
1787972347.1 RX: B pos 0 0 goal 0
1787972348.0 m at (0, 7) d5=0.713 opens=[5, 275]
1787972355.2 RX: B pos 0 0 goal 0
1787972356.1 m at (1, 7) d5=0.603 opens=[5, 275]
1787972358.3 m at (2, 7) d5=0.588 opens=[185, 275]
1787972366.2 m at (2, 6) d5=0.405 opens=[95, 275]
1787972368.3 m at (2, 5) d5=0.373 opens=[5, 95]
1787972374.6 === seek start ===
1787972379.9 s1 5 pos 1,0 d5=0.46 best=0.46@(0, 0)
1787972381.7 s2 5 pos 2,0 d5=0.61 best=0.61@(1, 0)
1787972383.6 s3 5 pos 3,0 d5=0.63 best=0.63@(2, 0)
1787972383.6 RX: B pos 0 0 goal 0
1787972385.9 s4 5 pos 4,0 d5=0.66 best=0.66@(3, 0)
1787972386.0 RX: B pos 0 0 goal 0
1787972387.7 s5 5 pos 5,0 d5=0.68 best=0.68@(4, 0)
1787972390.0 s6 5 pos 6,0 d5=0.72 best=0.72@(5, 0)
1787972390.0 RX: B pos 0 0 goal 0
1787972391.8 s7 5 pos 7,0 d5=0.76 best=0.76@(6, 0)
1787972392.0 RX: B pos 0 0 goal 0
1787972393.6 s8 5 pos 8,0 d5=0.81 best=0.81@(7, 0)
1787972395.4 s9 5 pos 9,0 d5=0.78 best=0.81@(7, 0)
1787972395.4 RX: B pos 0 0 goal 0
1787972397.2 s10 5 pos 10,0 d5=0.67 best=0.81@(7, 0)
1787972399.1 s11 5 pos 11,0 d5=0.61 best=0.81@(7, 0)
1787972400.9 s12 5 pos 12,0 d5=0.57 best=0.81@(7, 0)
1787972402.7 s13 5 pos 13,0 d5=0.56 best=0.81@(7, 0)
1787972409.9 s14 275 pos 13,-1 d5=0.50 best=0.81@(7, 0)
1787972411.7 s15 275 pos 13,-2 d5=0.35 best=0.81@(7, 0)
1787972419.7 s16 185 pos 12,-2 d5=0.33 best=0.81@(7, 0)
1787972421.5 s17 185 pos 11,-2 d5=0.33 best=0.81@(7, 0)
1787972423.3 s18 185 pos 10,-2 d5=0.36 best=0.81@(7, 0)
1787972425.1 s19 185 pos 9,-2 d5=0.43 best=0.81@(7, 0)
1787972426.9 s20 185 pos 8,-2 d5=0.50 best=0.81@(7, 0)
1787972428.8 s21 185 pos 7,-2 d5=0.56 best=0.81@(7, 0)
1787972430.6 s22 185 pos 6,-2 d5=0.61 best=0.81@(7, 0)
1787972432.4 s23 185 pos 5,-2 d5=0.70 best=0.81@(7, 0)
1787972432.4 RX: B pos 0 0 goal 0
1787972434.2 s24 185 pos 4,-2 d5=0.76 best=0.81@(7, 0)
1787972434.2 RX: B pos 0 0 goal 0
1787972436.1 s25 185 pos 3,-2 d5=0.76 best=0.81@(7, 0)
1787972448.4 s26 5 pos 4,-2 d5=0.77 best=0.81@(7, 0)
1787972448.4 RX: B pos 0 0 goal 0
1787972448.4 RX: B pos 0 0 goal 0
1787972448.4 RX: B pos 0 0 goal 0
1787972448.4 RX: B pos 0 0 goal 0
1787972450.3 s27 5 pos 5,-2 d5=0.78 best=0.81@(7, 0)
1787972450.3 RX: B pos 0 0 goal 0
1787972452.1 s28 5 pos 6,-2 d5=0.77 best=0.81@(7, 0)
1787972452.1 RX: B pos 0 0 goal 0
1787972453.9 s29 5 pos 7,-2 d5=0.74 best=0.81@(7, 0)
1787972455.7 s30 5 pos 8,-2 d5=0.66 best=0.81@(7, 0)
1787972457.5 s31 5 pos 9,-2 d5=0.58 best=0.81@(7, 0)
1787972469.9 s32 185 pos 8,-2 d5=0.53 best=0.81@(7, 0)
1787972471.7 s33 185 pos 7,-2 d5=0.44 best=0.81@(7, 0)
1787972473.6 s34 185 pos 6,-2 d5=0.46 best=0.81@(7, 0)
1787972475.4 s35 185 pos 5,-2 d5=0.50 best=0.81@(7, 0)
1787972477.2 s36 185 pos 4,-2 d5=0.47 best=0.81@(7, 0)
1787972479.0 s37 185 pos 3,-2 d5=0.45 best=0.81@(7, 0)
1787972491.3 s38 5 pos 4,-2 d5=0.43 best=0.81@(7, 0)
1787972493.1 s39 5 pos 5,-2 d5=0.31 best=0.81@(7, 0)
1787972495.0 s40 5 pos 6,-2 d5=0.31 best=0.81@(7, 0)
1787972496.8 s41 5 pos 7,-2 d5=0.32 best=0.81@(7, 0)
1787972498.6 s42 5 pos 8,-2 d5=0.32 best=0.81@(7, 0)
1787972500.4 s43 5 pos 9,-2 d5=0.33 best=0.81@(7, 0)
1787972504.1 s44 5 pos 10,-2 d5=0.32 best=0.81@(7, 0)
1787972505.9 s45 5 pos 11,-2 d5=0.31 best=0.81@(7, 0)
1787972507.8 s46 5 pos 12,-2 d5=0.31 best=0.81@(7, 0)
1787972509.6 s47 5 pos 13,-2 d5=0.30 best=0.81@(7, 0)
1787972517.5 s48 95 pos 13,-1 d5=0.31 best=0.81@(7, 0)
1787972519.4 s49 95 pos 13,0 d5=0.39 best=0.81@(7, 0)
1787972526.7 s50 185 pos 12,0 d5=0.45 best=0.81@(7, 0)
1787972528.5 s51 185 pos 11,0 d5=0.54 best=0.81@(7, 0)
1787972530.4 s52 185 pos 10,0 d5=0.60 best=0.81@(7, 0)
1787972530.4 RX: B pos 0 0 goal 0
1787972542.7 s53 5 pos 11,0 d5=0.67 best=0.81@(7, 0)
1787972542.7 RX: B pos 0 0 goal 0
1787972542.7 RX: B pos 0 0 goal 0
1787972542.7 RX: B pos 0 0 goal 0
1787972544.5 s54 5 pos 12,0 d5=0.61 best=0.81@(7, 0)
1787972546.3 s55 5 pos 13,0 d5=0.59 best=0.81@(7, 0)
1787972554.5 s56 275 pos 13,-1 d5=0.53 best=0.81@(7, 0)
1787972556.3 s57 275 pos 13,-2 d5=0.39 best=0.81@(7, 0)
1787972563.9 s58 185 pos 12,-2 d5=0.32 best=0.81@(7, 0)
1787972565.7 s59 185 pos 11,-2 d5=0.31 best=0.81@(7, 0)
1787972567.5 s60 185 pos 10,-2 d5=0.31 best=0.81@(7, 0)
1787972569.3 s61 185 pos 9,-2 d5=0.29 best=0.81@(7, 0)
1787972571.1 s62 185 pos 8,-2 d5=0.29 best=0.81@(7, 0)
1787972573.0 s63 185 pos 7,-2 d5=0.30 best=0.81@(7, 0)
1787972574.8 s64 185 pos 6,-2 d5=0.30 best=0.81@(7, 0)
1787972576.6 s65 185 pos 5,-2 d5=0.30 best=0.81@(7, 0)
1787972578.4 s66 185 pos 4,-2 d5=0.30 best=0.81@(7, 0)
1787972580.2 s67 185 pos 3,-2 d5=0.29 best=0.81@(7, 0)
1787972581.9 s68 185 pos 2,-2 d5=0.29 best=0.81@(7, 0)
1787972589.5 s69 275 pos 2,-3 d5=0.29 best=0.81@(7, 0)
1787972591.3 s70 275 pos 2,-4 d5=0.24 best=0.81@(7, 0)
1787972593.2 s71 275 pos 2,-5 d5=0.24 best=0.81@(7, 0)
1787972595.0 s72 275 pos 2,-6 d5=0.23 best=0.81@(7, 0)
1787972603.5 s73 5 pos 3,-6 d5=0.22 best=0.81@(7, 0)
1787972605.3 s74 5 pos 4,-6 d5=0.25 best=0.81@(7, 0)
1787972605.9 === final start ===
1787972607.8 f1 5 pos 1,0 d5=0.25
1787972610.9 f2 5 pos 2,0 d5=0.23
1787972618.8 f3 95 pos 2,1 d5=0.21
1787972620.5 f4 95 pos 2,2 d5=0.19
1787972628.7 f5 185 pos 1,2 d5=0.22
1787972630.4 f6 185 pos 0,2 d5=0.24
1787972643.0 f7 5 pos 1,2 d5=0.24
1787972644.8 f8 5 pos 2,2 d5=0.22
1787972646.6 f9 5 pos 3,2 d5=0.23
1787972648.4 f10 5 pos 4,2 d5=0.24
1787972650.2 f11 5 pos 5,2 d5=0.25
1787972652.1 f12 5 pos 6,2 d5=0.27
1787972653.9 f13 5 pos 7,2 d5=0.29
1787972655.7 f14 5 pos 8,2 d5=0.28
1787972657.5 f15 5 pos 9,2 d5=0.29
1787972659.4 f16 5 pos 10,2 d5=0.27
1787972661.2 f17 5 pos 11,2 d5=0.26
1787972668.7 f18 95 pos 11,3 d5=0.24
1787972670.5 f19 95 pos 11,4 d5=0.25
1787972672.3 f20 95 pos 11,5 d5=0.28
1787972674.1 f21 95 pos 11,6 d5=0.32
1787972676.4 f22 95 pos 11,7 d5=0.35
1787972678.2 f23 95 pos 11,8 d5=0.38
1787972680.0 f24 95 pos 11,9 d5=0.38
1787972681.8 f25 95 pos 11,10 d5=0.42
1787972683.6 f26 95 pos 11,11 d5=0.44
1787972685.5 f27 95 pos 11,12 d5=0.48
1787972687.3 f28 95 pos 11,13 d5=0.52
1787972689.1 f29 95 pos 11,14 d5=0.61
1787972689.1 RX: B pos 0 0 goal 0
1787972690.9 f30 95 pos 11,15 d5=0.69
1787972691.3 final at high d5=0.73 pos 11,15 -> park+spin
1787972691.3 HOLD spin=True
1787972691.3 hold d5=0.73 goal=False
1787972692.0 RX: B pos 0 0 goal 0
1787972692.6 === final start ===
1787972693.1 final at high d5=0.77 pos 0,0 -> park+spin
1787972693.1 HOLD spin=True
1787972693.1 hold d5=0.76 goal=False
1787972694.6 hold d5=0.78 goal=False
1787972695.0 RX: B pos 0 0 goal 0
1787972696.1 hold d5=0.76 goal=False
1787972697.6 hold d5=0.72 goal=False
1787972698.0 RX: B pos 0 0 goal 0
1787972699.1 hold d5=0.67 goal=False
1787972700.6 hold d5=0.62 goal=False
1787972702.1 hold d5=0.62 goal=False
1787972703.6 hold d5=0.64 goal=False
1787972704.0 RX: B pos 0 0 goal 0
1787972705.1 hold d5=0.65 goal=False
1787972706.6 hold d5=0.61 goal=False
1787972708.1 hold d5=0.62 goal=False
1787972709.6 hold d5=0.64 goal=False
1787972710.0 RX: B pos 0 0 goal 0
1787972711.2 hold d5=0.65 goal=False
1787972712.7 hold d5=0.60 goal=False
1787972714.2 hold d5=0.59 goal=False
1787972715.7 hold d5=0.58 goal=False
1787972717.2 hold d5=0.58 goal=False
1787972718.7 hold d5=0.58 goal=False
1787972720.2 hold d5=0.58 goal=False
1787972721.7 hold d5=0.61 goal=False
1787972723.2 hold d5=0.60 goal=False
1787972724.7 hold d5=0.60 goal=False
1787972726.2 hold d5=0.62 goal=False
1787972727.8 hold d5=0.66 goal=False
1787972728.0 RX: B pos 0 0 goal 0
1787972729.3 hold d5=0.64 goal=False
1787972730.8 hold d5=0.62 goal=False
1787972732.3 hold d5=0.62 goal=False
1787972733.8 hold d5=0.66 goal=False
1787972734.0 RX: B pos 0 0 goal 0
1787972735.3 hold d5=0.66 goal=False
1787972736.8 hold d5=0.64 goal=False
1787972738.3 hold d5=0.63 goal=False
1787972739.8 hold d5=0.68 goal=False
1787972740.0 RX: B pos 0 0 goal 0
1787972741.3 hold d5=0.74 goal=False
1787972742.8 hold d5=0.75 goal=False
1787972743.0 RX: B pos 0 0 goal 0
1787972744.4 hold d5=0.77 goal=False
1787972745.9 hold d5=0.75 goal=False
1787972746.0 RX: B pos 0 0 goal 0
1787972747.3 RX: B: ACK homing on your sound now. Stay parked.
1787972747.4 hold d5=0.72 goal=False
1787972748.9 hold d5=0.72 goal=False
1787972749.0 RX: B pos 0 0 goal 0
1787972749.6 RX: B climb d5 0.733 goal 0
1787972750.4 hold d5=0.71 goal=False
1787972751.9 hold d5=0.67 goal=False
1787972752.0 RX: B pos 0 0 goal 0
1787972753.4 hold d5=0.66 goal=False
1787972754.4 RX: B climb d5 0.667 goal 0
1787972754.9 hold d5=0.68 goal=False
1787972755.0 RX: B pos 0 0 goal 0
1787972756.4 hold d5=0.67 goal=False
1787972757.9 hold d5=0.66 goal=False
1787972758.0 RX: B pos 0 0 goal 0
1787972759.4 hold d5=0.74 goal=False
1787972761.0 hold d5=0.73 goal=False
1787972761.1 RX: B pos 0 0 goal 0
1787972761.4 RX: B climb d5 0.730 goal 0
1787972762.5 hold d5=0.72 goal=False
1787972764.0 hold d5=0.73 goal=False
1787972764.0 RX: B pos 0 0 goal 0
1787972765.5 hold d5=0.68 goal=False
1787972767.0 RX: B pos 0 0 goal 0
1787972767.0 hold d5=0.65 goal=False
1787972768.2 RX: B climb d5 0.668 goal 0
1787972768.5 hold d5=0.66 goal=False
1787972770.0 RX: B pos 0 0 goal 0
1787972770.0 hold d5=0.67 goal=False
1787972771.5 hold d5=0.69 goal=False
1787972773.0 RX: B pos 0 0 goal 0
1787972773.0 hold d5=0.73 goal=False
1787972774.5 hold d5=0.72 goal=False
1787972774.9 RX: B climb d5 0.731 goal 0
1787972776.0 RX: B pos 0 0 goal 0
1787972776.0 hold d5=0.74 goal=False
1787972777.5 hold d5=0.72 goal=False
1787972779.0 RX: B pos 0 0 goal 0
1787972779.1 hold d5=0.71 goal=False
1787972780.6 hold d5=0.67 goal=False
1787972782.0 RX: B pos 0 0 goal 0
1787972782.1 hold d5=0.68 goal=False
1787972782.4 RX: B climb d5 0.663 goal 0
1787972783.6 hold d5=0.67 goal=False
1787972785.0 RX: B pos 0 0 goal 0
1787972785.1 hold d5=0.68 goal=False
1787972786.6 hold d5=0.70 goal=False
1787972788.0 RX: B pos 0 0 goal 0
1787972788.1 hold d5=0.68 goal=False
1787972789.6 hold d5=0.68 goal=False
1787972791.0 RX: B pos 0 0 goal 0
1787972791.1 hold d5=0.67 goal=False
1787972792.6 hold d5=0.69 goal=False
1787972793.2 RX: B climb d5 0.674 goal 0
1787972794.0 RX: B pos 0 0 goal 0
1787972794.1 hold d5=0.66 goal=False
1787972795.7 hold d5=0.66 goal=False
1787972797.0 RX: B pos 0 0 goal 0
1787972797.2 hold d5=0.65 goal=False
1787972798.5 RX: B climb d5 0.655 goal 0
1787972798.7 hold d5=0.66 goal=False
1787972800.0 RX: B pos 0 0 goal 0
1787972800.2 hold d5=0.66 goal=False
1787972801.7 hold d5=0.65 goal=False
1787972803.0 RX: B pos 0 0 goal 0
1787972803.2 hold d5=0.67 goal=False
1787972804.7 hold d5=0.67 goal=False
1787972806.0 RX: B pos 0 0 goal 0
1787972806.2 hold d5=0.65 goal=False
1787972807.7 hold d5=0.66 goal=False
1787972808.9 RX: B climb d5 0.655 goal 0
1787972809.0 RX: B pos 0 0 goal 0
1787972809.3 hold d5=0.65 goal=False
1787972810.8 hold d5=0.65 goal=False
1787972812.3 hold d5=0.64 goal=False
1787972813.8 hold d5=0.62 goal=False
1787972815.0 RX: B pos 0 0 goal 0
1787972815.3 hold d5=0.64 goal=False
1787972816.8 hold d5=0.69 goal=False
1787972818.0 RX: B pos 0 0 goal 0
1787972818.3 hold d5=0.73 goal=False
1787972819.8 hold d5=0.77 goal=False
1787972821.0 RX: B pos 0 0 goal 0
1787972821.3 hold d5=0.78 goal=False
1787972822.0 RX: B climb d5 0.781 goal 0
1787972822.8 hold d5=0.79 goal=False
1787972824.0 RX: B pos 0 0 goal 0
1787972824.3 hold d5=0.77 goal=False
1787972825.9 hold d5=0.78 goal=False
1787972827.0 RX: B pos 0 0 goal 0
1787972827.4 hold d5=0.79 goal=False
1787972828.9 hold d5=0.76 goal=False
1787972830.0 RX: B pos 0 0 goal 0
1787972830.4 hold d5=0.77 goal=False
1787972831.4 RX: B climb d5 0.773 goal 0
1787972831.9 hold d5=0.77 goal=False
1787972833.0 RX: B pos 0 0 goal 0
1787972833.4 hold d5=0.78 goal=False
1787972834.9 hold d5=0.71 goal=False
1787972836.0 RX: B pos 0 0 goal 0
1787972836.4 hold d5=0.71 goal=False
1787972837.3 RX: B climb d5 0.712 goal 0
1787972837.9 hold d5=0.70 goal=False
1787972839.0 RX: B pos 0 0 goal 0
1787972839.4 hold d5=0.65 goal=False
1787972840.9 hold d5=0.65 goal=False
1787972842.0 RX: B climb d5 0.653 goal 0
1787972842.1 RX: B pos 0 0 goal 0
1787972842.5 hold d5=0.66 goal=False
1787972844.0 hold d5=0.64 goal=False
1787972845.0 RX: B pos 0 0 goal 0
1787972845.5 hold d5=0.66 goal=False
1787972847.0 hold d5=0.71 goal=False
1787972848.0 RX: B pos 0 0 goal 0
1787972848.5 hold d5=0.74 goal=False
1787972850.0 hold d5=0.77 goal=False
1787972851.0 RX: B pos 0 0 goal 0
1787972851.5 hold d5=0.77 goal=False
1787972851.7 RX: B climb d5 0.776 goal 0
1787972853.0 hold d5=0.78 goal=False
1787972854.0 RX: B pos 0 0 goal 0
1787972854.5 hold d5=0.77 goal=False
1787972856.0 hold d5=0.73 goal=False
1787972857.0 RX: B pos 0 0 goal 0
1787972857.5 hold d5=0.71 goal=False
1787972858.6 RX: B climb d5 0.709 goal 0
1787972859.0 hold d5=0.69 goal=False
1787972860.1 RX: B pos 0 0 goal 0
1787972860.6 hold d5=0.66 goal=False
1787972862.1 hold d5=0.65 goal=False
1787972862.7 RX: B climb d5 0.648 goal 0
1787972863.0 RX: B pos 0 0 goal 0
1787972863.6 hold d5=0.65 goal=False
1787972865.1 hold d5=0.65 goal=False
1787972866.0 RX: B pos 0 0 goal 0
1787972866.6 hold d5=0.65 goal=False
1787972868.1 hold d5=0.67 goal=False
1787972869.1 RX: B pos 0 0 goal 0
1787972869.6 hold d5=0.68 goal=False
1787972871.1 hold d5=0.67 goal=False
1787972871.8 RX: B climb d5 0.667 goal 0
1787972872.0 RX: B pos 0 0 goal 0
1787972872.6 hold d5=0.66 goal=False
1787972874.1 hold d5=0.66 goal=False
1787972875.0 RX: B pos 0 0 goal 0
1787972875.6 hold d5=0.65 goal=False
1787972877.2 hold d5=0.63 goal=False
1787972878.7 hold d5=0.63 goal=False
1787972880.2 hold d5=0.63 goal=False
1787972881.7 hold d5=0.65 goal=False
1787972883.2 hold d5=0.64 goal=False
1787972884.0 RX: B pos 0 0 goal 0
1787972884.7 hold d5=0.65 goal=False
1787972886.2 hold d5=0.65 goal=False
1787972887.0 RX: B pos 0 0 goal 0
1787972887.7 hold d5=0.66 goal=False
1787972889.0 RX: B climb d5 0.651 goal 0
1787972889.2 hold d5=0.66 goal=False
1787972890.0 RX: B pos 0 0 goal 0
1787972890.7 hold d5=0.65 goal=False
1787972892.2 hold d5=0.64 goal=False
1787972893.7 hold d5=0.63 goal=False
1787972895.3 hold d5=0.63 goal=False
1787972896.8 hold d5=0.63 goal=False
1787972898.3 hold d5=0.62 goal=False
1787972899.0 RX: B pos 0 0 goal 0
1787972899.8 hold d5=0.68 goal=False
1787972901.3 hold d5=0.72 goal=False
1787972902.0 RX: B pos 0 0 goal 0
1787972902.8 hold d5=0.77 goal=False
1787972904.3 hold d5=0.77 goal=False
1787972905.0 RX: B pos 0 0 goal 0
1787972905.8 hold d5=0.77 goal=False
1787972907.3 hold d5=0.76 goal=False
1787972908.0 RX: B pos 0 0 goal 0
1787972908.8 hold d5=0.71 goal=False
1787972910.3 hold d5=0.66 goal=False
1787972911.1 RX: B pos 0 0 goal 0
1787972911.9 hold d5=0.65 goal=False
1787972913.4 hold d5=0.65 goal=False
1787972914.9 hold d5=0.62 goal=False
1787972916.4 hold d5=0.63 goal=False
1787972917.0 RX: B pos 0 0 goal 0
1787972917.9 hold d5=0.66 goal=False
1787972919.4 hold d5=0.63 goal=False
1787972920.9 hold d5=0.59 goal=False
1787972922.4 hold d5=0.57 goal=False
1787972923.9 hold d5=0.56 goal=False
1787972925.4 hold d5=0.56 goal=False
1787972926.9 hold d5=0.55 goal=False
1787972928.5 hold d5=0.57 goal=False
1787972930.0 hold d5=0.61 goal=False
1787972931.5 hold d5=0.61 goal=False
1787972933.0 hold d5=0.61 goal=False
1787972934.5 hold d5=0.66 goal=False
1787972935.0 RX: B pos 0 0 goal 0
1787972936.0 hold d5=0.65 goal=False
1787972937.5 hold d5=0.66 goal=False
1787972938.0 RX: B pos 0 0 goal 0
1787972939.0 hold d5=0.65 goal=False
1787972940.5 hold d5=0.66 goal=False
1787972941.0 RX: B pos 0 0 goal 0
1787972942.0 hold d5=0.68 goal=False
1787972943.5 hold d5=0.66 goal=False
1787972944.0 RX: B pos 0 0 goal 0
1787972945.1 hold d5=0.67 goal=False
1787972946.6 hold d5=0.66 goal=False
1787972947.0 RX: B pos 0 0 goal 0
1787972948.1 hold d5=0.65 goal=False
1787972949.6 hold d5=0.65 goal=False
1787972950.0 RX: B pos 0 0 goal 0
1787972951.1 hold d5=0.67 goal=False
1787972952.6 hold d5=0.67 goal=False
1787972953.1 RX: B pos 0 0 goal 0
1787972954.1 hold d5=0.68 goal=False
1787972955.6 hold d5=0.75 goal=False
1787972956.0 RX: B pos 0 0 goal 0
1787972957.1 hold d5=0.76 goal=False
1787972958.6 hold d5=0.75 goal=False
1787972959.0 RX: B pos 0 0 goal 0
1787972960.1 hold d5=0.76 goal=False
1787972961.6 hold d5=0.71 goal=False
1787972962.1 RX: B pos 0 0 goal 0
1787972963.2 hold d5=0.70 goal=False
1787972964.7 hold d5=0.68 goal=False
1787972965.0 RX: B pos 0 0 goal 0
1787972966.2 hold d5=0.64 goal=False
1787972967.7 hold d5=0.61 goal=False
1787972969.2 hold d5=0.60 goal=False
1787972970.7 hold d5=0.56 goal=False
1787972972.2 hold d5=0.52 goal=False
1787972973.7 hold d5=0.53 goal=False
1787972975.2 hold d5=0.51 goal=False
1787972976.7 hold d5=0.51 goal=False
1787972978.2 hold d5=0.50 goal=False
1787972979.7 hold d5=0.56 goal=False
1787972981.3 hold d5=0.61 goal=False
1787972982.8 hold d5=0.63 goal=False
1787972984.3 hold d5=0.65 goal=False
1787972985.8 hold d5=0.58 goal=False
1787972987.3 hold d5=0.58 goal=False
1787972988.8 hold d5=0.55 goal=False
1787972990.3 hold d5=0.56 goal=False
1787972991.8 hold d5=0.56 goal=False
1787972993.3 hold d5=0.57 goal=False
1787972994.8 hold d5=0.57 goal=False
1787972996.3 hold d5=0.56 goal=False
1787972997.9 hold d5=0.57 goal=False
1787972999.4 hold d5=0.57 goal=False
1787973000.9 hold d5=0.57 goal=False
1787973002.4 hold d5=0.57 goal=False
1787973003.9 hold d5=0.55 goal=False
1787973005.4 hold d5=0.53 goal=False
1787973006.9 hold d5=0.47 goal=False
1787973008.4 hold d5=0.45 goal=False
1787973009.9 hold d5=0.44 goal=False
1787973011.4 hold d5=0.40 goal=False
1787973012.9 hold d5=0.39 goal=False
1787973014.5 hold d5=0.38 goal=False
1787973016.0 hold d5=0.38 goal=False
1787973017.5 hold d5=0.34 goal=False
1787973019.0 hold d5=0.31 goal=False
1787973020.5 hold d5=0.30 goal=False
1787973022.0 hold d5=0.30 goal=False
1787973023.5 hold d5=0.33 goal=False
1787973025.0 hold d5=0.34 goal=False
1787973026.6 hold d5=0.36 goal=False
1787973028.1 hold d5=0.34 goal=False
1787973029.6 hold d5=0.35 goal=False
1787973031.1 hold d5=0.35 goal=False
1787973032.6 hold d5=0.35 goal=False
1787973034.1 hold d5=0.33 goal=False
1787973035.6 hold d5=0.33 goal=False
1787973037.1 hold d5=0.34 goal=False
1787973038.6 hold d5=0.33 goal=False
1787973040.1 hold d5=0.34 goal=False
1787973041.6 hold d5=0.34 goal=False
1787973043.2 hold d5=0.35 goal=False
1787973044.7 hold d5=0.36 goal=False
1787973046.2 hold d5=0.34 goal=False
1787973047.7 hold d5=0.35 goal=False
1787973049.2 hold d5=0.35 goal=False
1787973050.7 hold d5=0.35 goal=False
1787973052.2 hold d5=0.34 goal=False
1787973053.7 hold d5=0.33 goal=False
1787973055.2 hold d5=0.36 goal=False
1787973056.7 hold d5=0.35 goal=False
1787973058.2 hold d5=0.34 goal=False
1787973059.8 hold d5=0.35 goal=False
1787973061.3 hold d5=0.34 goal=False
1787973062.8 hold d5=0.37 goal=False
1787973064.3 hold d5=0.36 goal=False
1787973065.8 hold d5=0.37 goal=False
1787973067.3 hold d5=0.34 goal=False
1787973068.8 hold d5=0.35 goal=False
1787973070.3 hold d5=0.33 goal=False
1787973071.8 hold d5=0.34 goal=False
1787973073.3 hold d5=0.35 goal=False
1787973074.8 hold d5=0.36 goal=False
1787973076.3 hold d5=0.35 goal=False
1787973077.9 hold d5=0.37 goal=False
1787973079.4 hold d5=0.36 goal=False
1787973080.9 hold d5=0.35 goal=False
1787973082.4 hold d5=0.37 goal=False
1787973083.9 hold d5=0.34 goal=False
1787973085.4 hold d5=0.33 goal=False
1787973086.9 hold d5=0.33 goal=False
1787973088.4 hold d5=0.32 goal=False
1787973089.9 hold d5=0.29 goal=False
1787973091.4 hold d5=0.30 goal=False
1787973093.0 hold d5=0.32 goal=False
1787973094.5 hold d5=0.34 goal=False
1787973096.0 hold d5=0.39 goal=False
1787973097.5 hold d5=0.37 goal=False
1787973099.0 hold d5=0.38 goal=False
1787973100.5 hold d5=0.41 goal=False
1787973102.0 hold d5=0.42 goal=False
1787973103.5 hold d5=0.46 goal=False
1787973105.0 hold d5=0.49 goal=False
1787973106.5 hold d5=0.54 goal=False
1787973108.0 hold d5=0.57 goal=False
1787973108.4 === final start ===
1787973120.8 f1 275 pos 0,-1 d5=0.58
1787973122.6 f2 275 pos 0,-2 d5=0.46
1787973124.4 f3 275 pos 0,-3 d5=0.49
1787973126.2 f4 275 pos 0,-4 d5=0.54
1787973128.1 f5 275 pos 0,-5 d5=0.55
1787973129.9 f6 275 pos 0,-6 d5=0.58
1787973131.7 f7 275 pos 0,-7 d5=0.55
1787973133.5 f8 275 pos 0,-8 d5=0.52
1787973135.3 f9 275 pos 0,-9 d5=0.49
1787973146.9 f10 95 pos 0,-8 d5=0.46
1787973148.7 f11 95 pos 0,-7 d5=0.50
1787973150.6 f12 95 pos 0,-6 d5=0.53
1787973152.4 f13 95 pos 0,-5 d5=0.55
1787973154.2 f14 95 pos 0,-4 d5=0.58
1787973156.0 f15 95 pos 0,-3 d5=0.58
1787973157.8 f16 95 pos 0,-2 d5=0.58
1787973159.7 f17 95 pos 0,-1 d5=0.57
1787973161.5 f18 95 pos 0,0 d5=0.55
1787973163.3 f19 95 pos 0,1 d5=0.53
1787973165.9 f20 95 pos 0,2 d5=0.50
1787973173.8 f21 185 pos -1,2 d5=0.47
1787973175.6 f22 185 pos -2,2 d5=0.51
1787973183.8 f23 275 pos -2,1 d5=0.56
1787973191.6 f24 185 pos -3,1 d5=0.60
1787973193.4 f25 185 pos -4,1 d5=0.66
1787973193.4 RX: B pos 0 0 goal 0
1787973200.4 f26 275 pos -4,0 d5=0.72
1787973200.4 RX: B pos 0 0 goal 0
1787973200.4 RX: B pos 0 0 goal 0
1787973208.6 f27 5 pos -3,0 d5=0.77
1787973208.6 RX: B pos 0 0 goal 0
1787973208.6 RX: B pos 0 0 goal 0
1787973208.6 RX: B pos 0 0 goal 0
1787973210.4 f28 5 pos -2,0 d5=0.71
1787973210.4 RX: B climb d5 0.722 goal 0
1787973217.6 f29 95 pos -2,1 d5=0.64
1787973219.5 f30 95 pos -2,2 d5=0.59
1787973226.6 f31 5 pos -1,2 d5=0.59
1787973228.5 f32 5 pos 0,2 d5=0.55
1787973236.1 f33 275 pos 0,1 d5=0.48
1787973237.9 f34 275 pos 0,0 d5=0.47
1787973239.8 f35 275 pos 0,-1 d5=0.50
1787973241.6 f36 275 pos 0,-2 d5=0.53
1787973243.4 f37 275 pos 0,-3 d5=0.54
1787973245.2 f38 275 pos 0,-4 d5=0.53
1787973247.0 f39 275 pos 0,-5 d5=0.52
1787973248.9 f40 275 pos 0,-6 d5=0.56
1787973251.7 f41 275 pos 0,-7 d5=0.54
1787973253.6 f42 275 pos 0,-8 d5=0.51
1787973255.4 f43 275 pos 0,-9 d5=0.44
1787973257.2 f44 275 pos 0,-10 d5=0.39
1787973259.0 f45 275 pos 0,-11 d5=0.35
1787973260.9 f46 275 pos 0,-12 d5=0.31
1787973262.7 f47 275 pos 0,-13 d5=0.29
1787973269.3 f48 185 pos -1,-13 d5=0.26
1787973283.1 f50 185 pos -2,-13 d5=0.29
1787973284.9 f51 185 pos -3,-13 d5=0.28
1787973286.7 f52 185 pos -4,-13 d5=0.32
1787973288.5 f53 185 pos -5,-13 d5=0.34
1787973290.4 f54 185 pos -6,-13 d5=0.37
1787973292.2 f55 185 pos -7,-13 d5=0.38
1787973294.0 f56 185 pos -8,-13 d5=0.38
1787973295.8 f57 185 pos -9,-13 d5=0.38
1787973297.6 f58 185 pos -10,-13 d5=0.37
1787973310.4 === final start ===
1787973312.3 f1 5 pos 1,0 d5=0.41
1787973314.1 f2 5 pos 2,0 d5=0.38
1787973316.0 f3 5 pos 3,0 d5=0.38
1787973317.8 f4 5 pos 4,0 d5=0.38
1787973319.6 f5 5 pos 5,0 d5=0.38
1787973321.4 f6 5 pos 6,0 d5=0.40
1787973323.2 f7 5 pos 7,0 d5=0.42
1787973325.4 f8 5 pos 8,0 d5=0.42
1787973327.2 f9 5 pos 9,0 d5=0.40
1787973329.0 f10 5 pos 10,0 d5=0.38
1787973336.9 f11 95 pos 10,1 d5=0.37
1787973344.0 f12 185 pos 9,1 d5=0.41
1787973352.3 f14 95 pos 9,2 d5=0.37
1787973364.4 f15 275 pos 9,1 d5=0.32
1787973366.2 f16 275 pos 9,0 d5=0.26
1787973368.1 f17 275 pos 9,-1 d5=0.22
1787973375.2 f18 185 pos 8,-1 d5=0.20
1787973383.0 f19 275 pos 8,-2 d5=0.25
1787973384.9 f20 275 pos 8,-3 d5=0.26
1787973392.3 f21 185 pos 7,-3 d5=0.25
1787973394.1 f22 185 pos 6,-3 d5=0.29
1787973395.9 f23 185 pos 5,-3 d5=0.33
1787973397.7 f24 185 pos 4,-3 d5=0.34
1787973399.6 f25 185 pos 3,-3 d5=0.37
1787973400.4 === gowest ===
1787973412.1 gw 5 tr=0.51 d5=0.38
1787973423.8 gw 185 tr=0.51 d5=0.29
1787973435.6 gw 5 tr=0.51 d5=0.20
1787973448.2 gw 185 tr=0.51 d5=0.21
1787973460.6 gw 5 tr=0.51 d5=0.26
1787973473.0 gw 185 tr=0.51 d5=0.29
1787973482.6 === spin start (A parks, B homes) ===
1787973482.6 spin d5=0.189 goal=False
1787973484.1 spin d5=0.191 goal=False
1787973485.7 spin d5=0.223 goal=False
1787973487.2 spin d5=0.202 goal=False
1787973488.7 spin d5=0.213 goal=False
1787973490.2 spin d5=0.240 goal=False
1787973491.7 spin d5=0.247 goal=False
1787973493.2 spin d5=0.242 goal=False
1787973494.7 spin d5=0.247 goal=False
1787973496.2 spin d5=0.251 goal=False
1787973497.7 spin d5=0.263 goal=False
1787973499.2 spin d5=0.266 goal=False
1787973500.8 spin d5=0.282 goal=False
1787973502.3 spin d5=0.310 goal=False
1787973503.8 spin d5=0.291 goal=False
1787973505.3 spin d5=0.321 goal=False
1787973506.8 spin d5=0.321 goal=False
1787973508.3 spin d5=0.342 goal=False
1787973509.8 spin d5=0.374 goal=False
1787973511.3 spin d5=0.379 goal=False
1787973512.8 spin d5=0.387 goal=False
1787973514.4 spin d5=0.410 goal=False
1787973515.9 spin d5=0.399 goal=False
1787973517.4 spin d5=0.406 goal=False
1787973518.9 spin d5=0.406 goal=False
1787973520.4 spin d5=0.417 goal=False
1787973521.9 spin d5=0.401 goal=False
1787973523.4 spin d5=0.388 goal=False
1787973524.9 spin d5=0.378 goal=False
1787973526.4 spin d5=0.367 goal=False
1787973527.9 spin d5=0.345 goal=False
1787973529.4 spin d5=0.380 goal=False
1787973530.9 spin d5=0.367 goal=False
1787973532.5 spin d5=0.384 goal=False
1787973534.0 spin d5=0.394 goal=False
1787973535.5 spin d5=0.387 goal=False
1787973537.0 spin d5=0.380 goal=False
1787973538.5 spin d5=0.367 goal=False
1787973540.0 spin d5=0.387 goal=False
1787973541.5 spin d5=0.385 goal=False
1787973543.0 spin d5=0.332 goal=False
1787973544.5 spin d5=0.317 goal=False
1787973546.0 spin d5=0.322 goal=False
1787973547.5 spin d5=0.322 goal=False
1787973549.1 spin d5=0.289 goal=False
1787973550.6 spin d5=0.293 goal=False
1787973552.1 spin d5=0.284 goal=False
1787973553.6 spin d5=0.268 goal=False
1787973555.1 spin d5=0.263 goal=False
1787973556.6 spin d5=0.236 goal=False
1787973558.1 spin d5=0.218 goal=False
1787973559.6 spin d5=0.217 goal=False
1787973561.1 spin d5=0.213 goal=False
1787973562.6 spin d5=0.201 goal=False
1787973564.1 spin d5=0.197 goal=False
1787973565.7 spin d5=0.210 goal=False
1787973567.2 spin d5=0.199 goal=False
1787973568.7 spin d5=0.190 goal=False
1787973570.2 spin d5=0.203 goal=False
1787973571.7 spin d5=0.203 goal=False
1787973573.2 spin d5=0.204 goal=False
1787973574.7 spin d5=0.196 goal=False
1787973576.2 spin d5=0.216 goal=False
1787973577.7 spin d5=0.247 goal=False
1787973579.2 spin d5=0.247 goal=False
1787973580.7 spin d5=0.244 goal=False
1787973582.3 spin d5=0.252 goal=False
1787973583.8 spin d5=0.251 goal=False
1787973585.3 spin d5=0.241 goal=False
1787973586.8 spin d5=0.237 goal=False
1787973588.3 spin d5=0.233 goal=False
1787973589.8 spin d5=0.254 goal=False
1787973591.3 spin d5=0.238 goal=False
1787973592.8 spin d5=0.238 goal=False
1787973594.3 spin d5=0.234 goal=False
1787973595.8 spin d5=0.250 goal=False
1787973597.3 spin d5=0.253 goal=False
1787973598.8 spin d5=0.277 goal=False
1787973600.4 spin d5=0.275 goal=False
1787973601.9 spin d5=0.269 goal=False
1787973603.4 spin d5=0.271 goal=False
1787973604.9 spin d5=0.286 goal=False
1787973606.4 spin d5=0.290 goal=False
1787973607.9 spin d5=0.282 goal=False
1787973609.4 spin d5=0.278 goal=False
1787973610.9 spin d5=0.309 goal=False
1787973612.4 spin d5=0.334 goal=False
1787973613.9 spin d5=0.325 goal=False
1787973615.4 spin d5=0.337 goal=False
1787973617.0 spin d5=0.341 goal=False
1787973618.5 spin d5=0.352 goal=False
1787973620.0 spin d5=0.374 goal=False
1787973621.5 spin d5=0.392 goal=False
1787973623.0 spin d5=0.424 goal=False
1787973624.5 spin d5=0.419 goal=False
1787973626.0 spin d5=0.426 goal=False
1787973627.5 spin d5=0.451 goal=False
1787973629.0 spin d5=0.465 goal=False
1787973630.5 spin d5=0.461 goal=False
1787973632.1 spin d5=0.448 goal=False
1787973633.6 spin d5=0.430 goal=False
1787973635.1 spin d5=0.378 goal=False
1787973636.6 spin d5=0.388 goal=False
1787973638.1 spin d5=0.354 goal=False
1787973639.6 spin d5=0.357 goal=False
1787973641.1 spin d5=0.336 goal=False
1787973642.6 spin d5=0.326 goal=False
1787973644.1 spin d5=0.315 goal=False
1787973645.6 spin d5=0.286 goal=False
1787973647.1 spin d5=0.281 goal=False
1787973648.7 spin d5=0.293 goal=False
1787973650.2 spin d5=0.288 goal=False
1787973651.7 spin d5=0.290 goal=False
1787973653.2 spin d5=0.270 goal=False
1787973654.7 spin d5=0.259 goal=False
1787973656.2 spin d5=0.245 goal=False
1787973657.7 spin d5=0.238 goal=False
1787973659.2 spin d5=0.246 goal=False
1787973660.7 spin d5=0.257 goal=False
1787973662.2 spin d5=0.262 goal=False
1787973663.7 spin d5=0.289 goal=False
1787973665.3 spin d5=0.305 goal=False
1787973666.8 spin d5=0.294 goal=False
1787973668.3 spin d5=0.305 goal=False
1787973669.8 spin d5=0.311 goal=False
1787973671.3 spin d5=0.312 goal=False
1787973672.8 spin d5=0.326 goal=False
1787973674.3 spin d5=0.312 goal=False
1787973675.8 spin d5=0.305 goal=False
1787973677.3 spin d5=0.310 goal=False
1787973678.8 spin d5=0.317 goal=False
1787973680.3 spin d5=0.318 goal=False
1787973681.9 spin d5=0.318 goal=False
1787973683.4 spin d5=0.321 goal=False
1787973684.9 spin d5=0.324 goal=False
1787973686.4 spin d5=0.320 goal=False
1787973687.9 spin d5=0.313 goal=False
1787973689.4 spin d5=0.293 goal=False
1787973690.9 spin d5=0.259 goal=False
1787973692.4 spin d5=0.251 goal=False
1787973693.9 spin d5=0.253 goal=False
1787973695.4 spin d5=0.251 goal=False
1787973697.0 spin d5=0.230 goal=False
1787973698.5 spin d5=0.241 goal=False
1787973700.0 spin d5=0.232 goal=False
1787973701.5 spin d5=0.231 goal=False
1787973703.0 spin d5=0.232 goal=False
1787973704.5 spin d5=0.224 goal=False
1787973706.0 spin d5=0.231 goal=False
1787973707.5 spin d5=0.251 goal=False
1787973709.0 spin d5=0.233 goal=False
1787973710.5 spin d5=0.229 goal=False
1787973712.0 spin d5=0.239 goal=False
1787973713.6 spin d5=0.212 goal=False
1787973715.1 spin d5=0.199 goal=False
1787973716.6 spin d5=0.204 goal=False
1787973718.1 spin d5=0.202 goal=False
1787973719.6 spin d5=0.214 goal=False
1787973721.1 spin d5=0.193 goal=False
1787973722.6 spin d5=0.205 goal=False
1787973724.1 spin d5=0.182 goal=False
1787973725.6 spin d5=0.194 goal=False
1787973727.1 spin d5=0.186 goal=False
1787973728.6 spin d5=0.161 goal=False
1787973730.1 spin d5=0.175 goal=False
1787973731.7 spin d5=0.159 goal=False
1787973733.2 spin d5=0.175 goal=False
1787973734.7 spin d5=0.160 goal=False
1787973736.2 spin d5=0.162 goal=False
1787973737.7 spin d5=0.186 goal=False
1787973739.2 spin d5=0.180 goal=False
1787973740.7 spin d5=0.157 goal=False
1787973742.2 spin d5=0.168 goal=False
1787973743.7 spin d5=0.168 goal=False
1787973745.2 spin d5=0.162 goal=False
1787973746.7 spin d5=0.158 goal=False
1787973748.2 spin d5=0.170 goal=False
1787973749.8 spin d5=0.171 goal=False
1787973751.3 spin d5=0.162 goal=False
1787973752.8 spin d5=0.163 goal=False
1787973754.3 spin d5=0.157 goal=False
1787973755.8 spin d5=0.183 goal=False
1787973757.3 spin d5=0.171 goal=False
1787973758.8 spin d5=0.159 goal=False
1787973760.3 spin d5=0.166 goal=False
1787973761.8 spin d5=0.143 goal=False
1787973763.3 spin d5=0.165 goal=False
1787973764.8 spin d5=0.173 goal=False
1787973766.3 spin d5=0.173 goal=False
1787973767.9 spin d5=0.155 goal=False
1787973769.4 spin d5=0.183 goal=False
1787973770.9 spin d5=0.186 goal=False
1787973772.4 spin d5=0.194 goal=False
1787973773.9 spin d5=0.193 goal=False
1787973775.4 spin d5=0.214 goal=False
1787973776.9 spin d5=0.222 goal=False
1787973778.4 spin d5=0.207 goal=False
1787973779.9 spin d5=0.208 goal=False
1787973781.4 spin d5=0.213 goal=False
1787973782.9 spin d5=0.220 goal=False
1787973784.4 spin d5=0.208 goal=False
1787973786.0 spin d5=0.237 goal=False
1787973787.5 spin d5=0.217 goal=False
1787973789.0 spin d5=0.212 goal=False
1787973790.5 spin d5=0.220 goal=False
1787973792.0 spin d5=0.214 goal=False
1787973793.5 spin d5=0.207 goal=False
1787973795.0 spin d5=0.228 goal=False
1787973796.5 spin d5=0.214 goal=False
1787973798.0 spin d5=0.254 goal=False
1787973799.5 spin d5=0.256 goal=False
1787973801.0 spin d5=0.266 goal=False
1787973802.5 spin d5=0.252 goal=False
1787973804.0 spin d5=0.256 goal=False
1787973805.6 spin d5=0.269 goal=False
1787973807.1 spin d5=0.249 goal=False
1787973808.6 spin d5=0.239 goal=False
1787973810.1 spin d5=0.231 goal=False
1787973811.6 spin d5=0.228 goal=False
1787973813.1 spin d5=0.226 goal=False
1787973814.6 spin d5=0.229 goal=False
1787973816.1 spin d5=0.217 goal=False
1787973817.6 spin d5=0.225 goal=False
1787973819.1 spin d5=0.236 goal=False
1787973820.6 spin d5=0.216 goal=False
1787973822.1 spin d5=0.230 goal=False
1787973823.7 spin d5=0.227 goal=False
1787973825.2 spin d5=0.255 goal=False
1787973826.7 spin d5=0.262 goal=False
1787973828.2 spin d5=0.259 goal=False
1787973829.7 spin d5=0.265 goal=False
1787973831.2 spin d5=0.260 goal=False
1787973832.7 spin d5=0.265 goal=False
1787973834.2 spin d5=0.255 goal=False
1787973835.7 spin d5=0.225 goal=False
1787973837.2 spin d5=0.228 goal=False
1787973838.7 spin d5=0.238 goal=False
1787973840.2 spin d5=0.229 goal=False
1787973841.7 spin d5=0.223 goal=False
1787973843.3 spin d5=0.234 goal=False
1787973844.8 spin d5=0.219 goal=False
1787973846.3 spin d5=0.209 goal=False
1787973847.8 spin d5=0.213 goal=False
1787973849.3 spin d5=0.210 goal=False
1787973850.8 spin d5=0.225 goal=False
1787973852.3 spin d5=0.235 goal=False
1787973853.8 spin d5=0.216 goal=False
1787973855.3 spin d5=0.211 goal=False
1787973856.8 spin d5=0.223 goal=False
1787973858.3 spin d5=0.188 goal=False
1787973859.8 spin d5=0.186 goal=False
1787973861.4 spin d5=0.170 goal=False
1787973862.9 spin d5=0.180 goal=False
1787973864.4 spin d5=0.165 goal=False
1787973865.9 spin d5=0.145 goal=False
1787973867.4 spin d5=0.164 goal=False
1787973868.9 spin d5=0.169 goal=False
1787973870.4 spin d5=0.175 goal=False
1787973871.9 spin d5=0.174 goal=False
1787973873.4 spin d5=0.192 goal=False
1787973874.9 spin d5=0.192 goal=False
1787973876.4 spin d5=0.194 goal=False
1787973877.9 spin d5=0.204 goal=False
1787973879.4 spin d5=0.191 goal=False
1787973881.0 spin d5=0.200 goal=False
1787973882.5 spin d5=0.199 goal=False
1787973884.0 spin d5=0.193 goal=False
1787973885.5 spin d5=0.161 goal=False
1787973887.0 spin d5=0.162 goal=False
1787973888.5 spin d5=0.153 goal=False
1787973890.0 spin d5=0.156 goal=False
1787973891.5 spin d5=0.165 goal=False
1787973893.0 spin d5=0.160 goal=False
1787973894.5 spin d5=0.172 goal=False
1787973896.0 spin d5=0.175 goal=False
1787973897.5 spin d5=0.160 goal=False
1787973899.1 spin d5=0.168 goal=False
1787973900.6 spin d5=0.156 goal=False
1787973902.1 spin d5=0.149 goal=False
1787973903.6 spin d5=0.145 goal=False
1787973905.1 spin d5=0.139 goal=False
1787973906.6 spin d5=0.132 goal=False
1787973908.1 spin d5=0.156 goal=False
1787973909.6 spin d5=0.149 goal=False
1787973911.1 spin d5=0.156 goal=False
1787973912.6 spin d5=0.168 goal=False
1787973914.1 spin d5=0.151 goal=False
1787973915.6 spin d5=0.165 goal=False
1787973917.2 spin d5=0.145 goal=False
1787973918.7 spin d5=0.166 goal=False
1787973920.2 spin d5=0.175 goal=False
1787973921.7 spin d5=0.162 goal=False
1787973923.2 spin d5=0.181 goal=False
1787973924.7 spin d5=0.178 goal=False
1787973926.2 spin d5=0.183 goal=False
1787973927.7 spin d5=0.180 goal=False
1787973929.2 spin d5=0.201 goal=False
1787973930.7 spin d5=0.207 goal=False
1787973932.2 spin d5=0.190 goal=False
1787973933.8 spin d5=0.199 goal=False
1787973935.3 spin d5=0.213 goal=False
1787973936.8 spin d5=0.209 goal=False
1787973938.3 spin d5=0.211 goal=False
1787973939.8 spin d5=0.206 goal=False
1787973941.3 spin d5=0.200 goal=False
1787973942.8 spin d5=0.193 goal=False
1787973944.3 spin d5=0.215 goal=False
1787973945.8 spin d5=0.201 goal=False
1787973947.3 spin d5=0.192 goal=False
1787973948.8 spin d5=0.198 goal=False
1787973950.3 spin d5=0.209 goal=False
1787973951.9 spin d5=0.194 goal=False
1787973953.4 spin d5=0.211 goal=False
1787973954.9 spin d5=0.209 goal=False
1787973956.4 spin d5=0.230 goal=False
1787973957.9 spin d5=0.225 goal=False
1787973959.4 spin d5=0.237 goal=False
1787973960.9 spin d5=0.246 goal=False
1787973962.4 spin d5=0.236 goal=False
1787973963.9 spin d5=0.255 goal=False
1787973965.4 spin d5=0.280 goal=False
1787973966.9 spin d5=0.276 goal=False
1787973968.4 spin d5=0.285 goal=False
1787973970.0 spin d5=0.314 goal=False
1787973971.5 spin d5=0.302 goal=False
1787973973.0 spin d5=0.295 goal=False
1787973974.5 spin d5=0.307 goal=False
1787973976.0 spin d5=0.331 goal=False
1787973977.5 spin d5=0.338 goal=False
1787973979.0 spin d5=0.360 goal=False
1787973980.5 spin d5=0.375 goal=False
1787973982.0 spin d5=0.368 goal=False
1787973983.5 spin d5=0.360 goal=False
1787973985.0 spin d5=0.374 goal=False
1787973986.5 spin d5=0.394 goal=False
1787973988.1 spin d5=0.379 goal=False
1787973989.6 spin d5=0.391 goal=False
1787973991.1 spin d5=0.383 goal=False
1787973992.6 spin d5=0.397 goal=False
1787973994.1 spin d5=0.391 goal=False
1787973995.6 spin d5=0.374 goal=False
1787973997.1 spin d5=0.338 goal=False
1787973998.6 spin d5=0.309 goal=False
1787974000.1 spin d5=0.320 goal=False
1787974001.6 spin d5=0.310 goal=False
1787974003.1 spin d5=0.282 goal=False
1787974004.6 spin d5=0.269 goal=False
1787974006.1 spin d5=0.266 goal=False
1787974007.7 spin d5=0.255 goal=False
1787974009.2 spin d5=0.235 goal=False
1787974010.7 spin d5=0.235 goal=False
1787974012.2 spin d5=0.236 goal=False
1787974013.7 spin d5=0.206 goal=False
1787974015.2 spin d5=0.217 goal=False
1787974016.7 spin d5=0.203 goal=False
1787974018.2 spin d5=0.208 goal=False
1787974019.7 spin d5=0.198 goal=False
1787974021.2 spin d5=0.197 goal=False
1787974022.7 spin d5=0.203 goal=False
1787974024.2 spin d5=0.186 goal=False
1787974025.7 spin d5=0.195 goal=False
1787974027.3 spin d5=0.213 goal=False
1787974028.8 spin d5=0.206 goal=False
1787974030.3 spin d5=0.210 goal=False
1787974031.8 spin d5=0.221 goal=False
1787974033.3 spin d5=0.232 goal=False
1787974034.8 spin d5=0.254 goal=False
1787974036.3 spin d5=0.256 goal=False
1787974037.8 spin d5=0.240 goal=False
1787974039.3 spin d5=0.245 goal=False
1787974040.8 spin d5=0.264 goal=False
1787974042.3 spin d5=0.257 goal=False
1787974043.9 spin d5=0.267 goal=False
1787974045.4 spin d5=0.300 goal=False
1787974046.9 spin d5=0.280 goal=False
1787974048.4 spin d5=0.307 goal=False
1787974049.9 spin d5=0.292 goal=False
1787974051.4 spin d5=0.300 goal=False
1787974052.9 spin d5=0.328 goal=False
1787974054.4 spin d5=0.347 goal=False
1787974055.9 spin d5=0.355 goal=False
1787974057.4 spin d5=0.378 goal=False
1787974058.9 spin d5=0.377 goal=False
1787974060.4 spin d5=0.377 goal=False
1787974062.0 spin d5=0.375 goal=False
1787974063.5 spin d5=0.384 goal=False
1787974065.0 spin d5=0.383 goal=False
1787974066.5 spin d5=0.388 goal=False
1787974068.0 spin d5=0.381 goal=False
1787974069.5 spin d5=0.362 goal=False
1787974071.0 spin d5=0.318 goal=False
1787974072.5 spin d5=0.328 goal=False
1787974074.0 spin d5=0.317 goal=False
1787974075.5 spin d5=0.313 goal=False
1787974077.0 spin d5=0.307 goal=False
1787974078.6 spin d5=0.284 goal=False
1787974080.1 spin d5=0.266 goal=False
1787974081.6 spin d5=0.267 goal=False
1787974083.1 spin d5=0.243 goal=False
1787974084.6 spin d5=0.230 goal=False
1787974086.1 spin d5=0.236 goal=False
1787974087.6 spin d5=0.223 goal=False
1787974089.2 spin d5=0.209 goal=False
1787974090.7 spin d5=0.202 goal=False
1787974092.2 spin d5=0.209 goal=False
1787974093.7 spin d5=0.215 goal=False
1787974095.2 spin d5=0.207 goal=False
1787974096.7 spin d5=0.214 goal=False
1787974098.2 spin d5=0.200 goal=False
1787974099.7 spin d5=0.185 goal=False
1787974101.2 spin d5=0.201 goal=False
1787974102.7 spin d5=0.191 goal=False
1787974104.2 spin d5=0.213 goal=False
1787974105.7 spin d5=0.198 goal=False
1787974107.3 spin d5=0.188 goal=False
1787974108.8 spin d5=0.197 goal=False
1787974110.3 spin d5=0.196 goal=False
1787974111.8 spin d5=0.193 goal=False
1787974113.3 spin d5=0.200 goal=False
1787974114.8 spin d5=0.190 goal=False
1787974116.3 spin d5=0.195 goal=False
1787974117.8 spin d5=0.207 goal=False
1787974119.3 spin d5=0.203 goal=False
1787974120.8 spin d5=0.211 goal=False
1787974122.3 spin d5=0.233 goal=False
1787974123.8 spin d5=0.250 goal=False
1787974125.4 spin d5=0.236 goal=False
1787974126.9 spin d5=0.240 goal=False
1787974128.4 spin d5=0.264 goal=False
1787974129.9 spin d5=0.256 goal=False
1787974131.4 spin d5=0.259 goal=False
1787974132.9 spin d5=0.283 goal=False
1787974134.4 spin d5=0.279 goal=False
1787974135.9 spin d5=0.300 goal=False
1787974137.4 spin d5=0.301 goal=False
1787974138.9 spin d5=0.302 goal=False
1787974140.4 spin d5=0.312 goal=False
1787974142.0 spin d5=0.334 goal=False
1787974143.5 spin d5=0.356 goal=False
1787974145.0 spin d5=0.361 goal=False
1787974146.5 spin d5=0.366 goal=False
1787974148.0 spin d5=0.378 goal=False
1787974149.5 spin d5=0.401 goal=False
1787974151.0 spin d5=0.400 goal=False
1787974152.5 spin d5=0.396 goal=False
1787974154.0 spin d5=0.389 goal=False
1787974155.5 spin d5=0.383 goal=False
1787974157.0 spin d5=0.359 goal=False
1787974158.5 spin d5=0.337 goal=False
1787974160.1 spin d5=0.316 goal=False
1787974161.6 spin d5=0.311 goal=False
1787974163.1 spin d5=0.317 goal=False
1787974164.6 spin d5=0.296 goal=False
1787974166.1 spin d5=0.271 goal=False
1787974167.6 spin d5=0.272 goal=False
1787974169.1 spin d5=0.265 goal=False
1787974170.6 spin d5=0.246 goal=False
1787974172.1 spin d5=0.238 goal=False
1787974173.6 spin d5=0.222 goal=False
1787974175.1 spin d5=0.218 goal=False
1787974176.6 spin d5=0.208 goal=False
1787974178.2 spin d5=0.205 goal=False
1787974179.7 spin d5=0.191 goal=False
1787974181.2 spin d5=0.201 goal=False
1787974182.7 spin d5=0.195 goal=False
1787974184.2 spin d5=0.208 goal=False
1787974185.7 spin d5=0.193 goal=False
1787974187.2 spin d5=0.200 goal=False
1787974188.7 spin d5=0.200 goal=False
1787974190.2 spin d5=0.209 goal=False
1787974191.7 spin d5=0.209 goal=False
1787974193.2 spin d5=0.217 goal=False
1787974194.8 spin d5=0.248 goal=False
1787974196.3 spin d5=0.257 goal=False
1787974197.8 spin d5=0.241 goal=False
1787974199.3 spin d5=0.258 goal=False
1787974200.8 spin d5=0.257 goal=False
1787974202.3 spin d5=0.252 goal=False
1787974203.8 spin d5=0.247 goal=False
1787974205.3 spin d5=0.247 goal=False
1787974206.8 spin d5=0.241 goal=False
1787974208.3 spin d5=0.232 goal=False
1787974209.8 spin d5=0.226 goal=False
1787974211.4 spin d5=0.227 goal=False
1787974212.9 spin d5=0.229 goal=False
1787974214.4 spin d5=0.188 goal=False
1787974215.9 spin d5=0.189 goal=False
1787974217.4 spin d5=0.196 goal=False
1787974218.9 spin d5=0.190 goal=False
1787974220.4 spin d5=0.207 goal=False
1787974221.9 spin d5=0.195 goal=False
1787974223.4 spin d5=0.198 goal=False
1787974224.9 spin d5=0.209 goal=False
1787974226.4 spin d5=0.198 goal=False
1787974227.9 spin d5=0.208 goal=False
1787974229.5 spin d5=0.196 goal=False
1787974231.0 spin d5=0.207 goal=False
1787974232.5 spin d5=0.202 goal=False
1787974234.0 spin d5=0.213 goal=False
1787974235.5 spin d5=0.193 goal=False
1787974237.0 spin d5=0.204 goal=False
1787974238.5 spin d5=0.207 goal=False
1787974240.0 spin d5=0.213 goal=False
1787974241.5 spin d5=0.210 goal=False
1787974243.0 spin d5=0.246 goal=False
1787974244.5 spin d5=0.238 goal=False
1787974246.1 spin d5=0.234 goal=False
1787974247.6 spin d5=0.252 goal=False
1787974249.1 spin d5=0.252 goal=False
1787974250.6 spin d5=0.253 goal=False
1787974252.1 spin d5=0.275 goal=False
1787974253.6 spin d5=0.296 goal=False
1787974255.1 spin d5=0.315 goal=False
1787974256.6 spin d5=0.314 goal=False
1787974258.1 spin d5=0.289 goal=False
1787974259.6 spin d5=0.328 goal=False
1787974261.1 spin d5=0.350 goal=False
1787974262.7 spin d5=0.359 goal=False
1787974264.2 spin d5=0.372 goal=False
1787974265.7 spin d5=0.379 goal=False
1787974267.2 spin d5=0.398 goal=False
1787974268.7 spin d5=0.402 goal=False
1787974270.2 spin d5=0.399 goal=False
1787974271.7 spin d5=0.398 goal=False
1787974273.2 spin d5=0.409 goal=False
1787974274.7 spin d5=0.411 goal=False
1787974276.2 spin d5=0.402 goal=False
1787974277.3 === dc start ===
1787974285.2 dcw1 5 pos 1,0 d5=0.40
1787974286.9 dcw2 5 pos 2,0 d5=0.31
1787974288.7 dcw3 5 pos 3,0 d5=0.30
1787974290.4 dcw4 5 pos 4,0 d5=0.28
1787974292.6 dcw5 5 pos 5,0 d5=0.27
1787974294.3 dcw6 5 pos 6,0 d5=0.24
1787974302.7 dcw7 95 pos 6,1 d5=0.22
1787974304.5 dcw8 95 pos 6,2 d5=0.23
1787974312.0 dcw9 185 pos 5,2 d5=0.25
1787974313.8 dcw10 185 pos 4,2 d5=0.23
1787974315.5 dcw11 185 pos 3,2 d5=0.24
1787974317.3 dcw12 185 pos 2,2 d5=0.26
1787974319.1 dcw13 185 pos 1,2 d5=0.26
1787974320.8 dcw14 185 pos 0,2 d5=0.25
1787974322.6 dcw15 185 pos -1,2 d5=0.26
1787974324.4 dcw16 185 pos -2,2 d5=0.24
1787974332.0 dcw17 275 pos -2,1 d5=0.23
1787974333.8 dcw18 275 pos -2,0 d5=0.21
1787974341.1 dcw19 185 pos -3,0 d5=0.19
1787974344.5 dcw20 185 pos -4,0 d5=0.19
1787974346.2 dcw21 185 pos -5,0 d5=0.18
1787974348.0 dcw22 185 pos -6,0 d5=0.19
1787974351.2 dcw23 185 pos -7,0 d5=0.19
1787974358.7 dcw24 95 pos -7,1 d5=0.18
1787974366.5 dcw25 5 pos -6,1 d5=0.24
1787974373.7 dcw26 95 pos -6,2 d5=0.24
1787974376.6 dcw27 95 pos -6,3 d5=0.29
1787974378.3 dcw28 95 pos -6,4 d5=0.33
1787974385.7 dcw29 5 pos -5,4 d5=0.36
1787974387.4 dcw30 5 pos -4,4 d5=0.36
1787974389.2 dcw31 5 pos -3,4 d5=0.37
1787974390.9 dcw32 5 pos -2,4 d5=0.36
1787974392.7 dcw33 5 pos -1,4 d5=0.33
1787974394.5 dcw34 5 pos 0,4 d5=0.30
1787974396.2 dcw35 5 pos 1,4 d5=0.27
1787974408.2 dcw36 185 pos 0,4 d5=0.24
1787974409.9 dcw37 185 pos -1,4 d5=0.24
1787974411.7 dcw38 185 pos -2,4 d5=0.25
1787974413.4 dcw39 185 pos -3,4 d5=0.26
1787974415.2 dcw40 185 pos -4,4 d5=0.26
1787974417.0 dcw41 185 pos -5,4 d5=0.26
1787974419.1 dcw42 185 pos -6,4 d5=0.28
1787974427.5 dcw43 275 pos -6,3 d5=0.28
1787974429.2 dcw44 275 pos -6,2 d5=0.26
1787974432.2 dcw45 275 pos -6,1 d5=0.24
1787974434.0 dcw46 275 pos -6,0 d5=0.21
1787974441.8 dcw47 5 pos -5,0 d5=0.20
1787974457.0 dcw49 185 pos -6,0 d5=0.19
1787974458.8 dcw50 185 pos -7,0 d5=0.22
1787974460.5 dcw51 185 pos -8,0 d5=0.22
1787974467.5 dcw52 95 pos -8,1 d5=0.24
