{"d0": "tick=16927 goal=0", "d2": "0.310,0.305,0.431,0.833,1.453,0.802,0.349,0.308,0.268,0.244,0.388,0.266,0.316,0.320,0.427,0.339", "d4": "", "d5": "0", "d6": "", "d7": ""}
{"d0": "tick=16957 goal=0", "d2": "0.303,0.302,0.430,0.818,1.447,0.795,0.348,0.310,0.267,0.254,0.383,0.287,0.333,0.332,0.446,0.344", "d4": "", "d5": "0", "d6": "", "d7": ""}
{"d0": "tick=16988 goal=0", "d2": "0.288,0.296,0.427,0.806,1.457,0.799,0.369,0.298,0.282,0.243,0.384,0.271,0.337,0.312,0.436,0.334", "d4": "359.8", "d5": "", "d6": "0", "d7": "0.006"}
{"d0": "tick=17018 goal=0", "d2": "0.299,0.295,0.410,0.811,1.476,0.793,0.335,0.310,0.278,0.243,0.375,0.261,0.333,0.320,0.447,0.348", "d4": "", "d5": "0", "d6": "", "d7": "0.002"}
{"d0": "tick=17047 goal=0", "d2": "0.304,-1.000,0.434,0.821,1.474,0.800,0.352,0.323,0.247,0.233,0.385,0.262,0.335,0.320,0.412,0.343", "d4": "0.7", "d5": "0", "d6": "0", "d7": "0.017"}
{"d0": "tick=17078 goal=0", "d2": "0.306,0.299,0.418,0.812,1.453,0.781,0.339,0.302,0.248,0.223,0.358,0.245,0.327,0.315,0.443,0.374", "d4": "357.0", "d5": "0", "d6": "", "d7": ""}
{"d0": "", "d2": "0.319,0.290,0.419,0.817,1.455,0.783,0.361,0.313,0.266,0.226,0.380,0.282,0.329,0.303,0.423,0.365", "d4": "", "d5": "0", "d6": "0", "d7": "0.015"}
{"d0": "tick=17139 goal=0", "d2": "0.316,0.308,0.443,0.810,1.463,0.801,0.365,0.332,0.292,0.243,0.366,0.255,0.311,0.300,0.445,0.359", "d4": "359.7", "d5": "0", "d6": "0", "d7": "-0.004"}
{"d0": "", "d2": "0.314,0.311,0.391,0.800,1.435,0.777,0.341,0.316,0.273,0.241,0.378,0.284,0.324,0.296,0.448,0.338", "d4": "", "d5": "0", "d6": "", "d7": "0.008"}
{"d0": "tick=17198 goal=0", "d2": "0.318,0.303,0.422,0.812,1.469,0.781,0.335,0.325,0.262,0.232,0.371,0.261,0.328,0.320,0.448,0.355", "d4": "359.8", "d5": "0", "d6": "0", "d7": ""}
{"d0": "tick=17227 goal=0", "d2": "0.301,0.291,0.414,0.811,1.463,0.793,0.351,0.323,0.254,0.255,0.378,0.259,0.362,0.296,0.444,0.348", "d4": "356.8", "d5": "", "d6": "0", "d7": ""}
{"d0": "tick=17258 goal=0", "d2": "0.313,0.302,0.420,0.818,1.451,0.801,0.341,0.314,0.266,0.235,0.372,0.277,0.335,0.305,0.436,0.356", "d4": "357.7", "d5": "", "d6": "0", "d7": "0.002"}
{"d0": "tick=17288 goal=0", "d2": "0.304,0.294,0.403,0.819,1.449,0.791,0.347,0.322,0.272,0.246,0.377,-1.000,0.343,0.338,0.434,0.342", "d4": "2.4", "d5": "0", "d6": "", "d7": ""}
{"d0": "tick=17318 goal=0", "d2": "0.313,0.317,0.431,0.825,1.446,0.804,0.348,0.309,0.274,0.226,0.389,0.272,0.336,0.313,-1.000,0.377", "d4": "357.7", "d5": "0", "d6": "0", "d7": "0.016"}
{"d0": "tick=17349 goal=0", "d2": "0.299,0.289,0.408,0.807,1.458,0.787,0.364,0.321,0.248,0.233,0.393,0.288,0.347,0.307,0.446,0.349", "d4": "", "d5": "0", "d6": "0", "d7": "0.001"}
{"d0": "tick=17377 goal=0", "d2": "0.314,0.300,0.427,0.808,1.454,0.812,0.345,0.313,0.282,0.255,0.392,0.294,0.330,0.324,0.432,0.357", "d4": "", "d5": "0", "d6": "0", "d7": "0.004"}
{"d0": "tick=17409 goal=0", "d2": "0.302,0.300,0.402,0.805,1.459,0.791,0.357,0.318,0.265,0.240,0.381,0.272,0.331,0.292,0.439,0.357", "d4": "", "d5": "", "d6": "", "d7": ""}
{"d0": "", "d2": "0.291,0.294,0.410,0.811,1.461,0.789,0.341,0.328,0.276,0.246,0.374,0.270,0.339,0.304,0.436,0.339", "d4": "359.2", "d5": "", "d6": "0", "d7": ""}
{"d0": "", "d2": "0.318,0.277,0.401,0.815,1.457,0.799,0.368,0.294,0.271,0.257,0.398,0.269,0.325,0.292,0.444,0.338", "d4": "1.1", "d5": "0", "d6": "0", "d7": "0.008"}
{"d0": "", "d2": "0.304,0.309,0.445,0.823,1.456,0.806,0.380,0.307,0.268,0.249,0.384,0.277,0.335,0.313,0.443,0.336", "d4": "359.3", "d5": "0", "d6": "0", "d7": "0.018"}
{"d0": "tick=17529 goal=0", "d2": "0.297,0.304,0.425,0.831,1.455,0.775,0.359,0.318,0.272,0.248,0.379,0.254,0.327,0.307,0.449,0.363", "d4": "1.7", "d5": "0", "d6": "", "d7": "0.004"}
{"d0": "tick=17559 goal=0", "d2": "0.312,0.317,0.439,0.806,1.445,0.796,0.348,0.331,0.276,0.257,0.368,0.272,0.321,-1.000,0.449,0.353", "d4": "2.1", "d5": "", "d6": "", "d7": "-0.019"}
{"d0": "tick=17589 goal=0", "d2": "0.304,0.301,0.417,0.810,1.468,0.801,0.344,0.319,0.269,0.244,0.391,0.271,0.321,0.350,0.457,0.361", "d4": "1.6", "d5": "", "d6": "0", "d7": "0.004"}
{"d0": "tick=17619 goal=0", "d2": "0.300,0.282,0.404,0.813,1.453,0.798,0.354,0.329,0.268,0.236,0.380,0.276,0.321,0.320,0.446,0.352", "d4": "", "d5": "", "d6": "0", "d7": "0.007"}
{"d0": "tick=17647 goal=0", "d2": "0.318,0.283,0.421,0.828,1.460,0.799,0.335,0.305,0.273,0.232,0.393,0.276,0.338,0.299,0.438,0.351", "d4": "", "d5": "", "d6": "", "d7": ""}
{"d0": "tick=17679 goal=0", "d2": "0.300,-1.000,0.428,0.810,1.476,0.794,0.358,0.313,0.262,0.252,0.374,0.280,0.340,0.291,0.439,0.354", "d4": "1.1", "d5": "", "d6": "", "d7": ""}
{"d0": "tick=17709 goal=0", "d2": "0.319,0.296,0.406,0.824,1.473,0.777,0.359,0.302,0.269,0.244,0.372,0.275,0.341,0.302,0.454,0.359", "d4": "", "d5": "", "d6": "0", "d7": "0.009"}
{"d0": "tick=17739 goal=0", "d2": "0.321,0.286,0.418,0.829,1.468,-1.000,0.351,0.306,0.270,0.244,0.376,0.258,0.322,0.305,0.445,0.368", "d4": "", "d5": "", "d6": "0", "d7": "0.001"}
{"d0": "tick=17767 goal=0", "d2": "0.313,0.288,0.429,0.814,1.455,0.782,0.358,0.311,0.281,0.250,0.374,0.296,0.331,0.323,0.422,0.329", "d4": "3.8", "d5": "0", "d6": "0", "d7": ""}
{"d0": "tick=17800 goal=0", "d2": "0.302,0.321,0.415,0.817,1.478,0.800,0.361,0.306,0.260,0.242,0.372,0.273,0.336,0.314,0.438,0.351", "d4": "0.1", "d5": "0", "d6": "", "d7": "-0.006"}
{"d0": "", "d2": "0.326,0.293,0.419,0.806,1.472,0.813,0.355,0.312,0.278,0.250,0.374,0.289,0.336,0.307,0.445,0.347", "d4": "", "d5": "0", "d6": "0", "d7": ""}
{"d0": "tick=17858 goal=0", "d2": "", "d4": "3.4", "d5": "", "d6": "0", "d7": "0.012"}
{"d0": "", "d2": "0.297,0.293,0.426,0.815,1.444,0.794,0.365,0.309,0.280,0.234,0.370,0.280,0.329,0.296,0.419,0.347", "d4": "359.9", "d5": "0", "d6": "", "d7": ""}
{"d0": "tick=17919 goal=0", "d2": "0.312,0.314,0.417,0.824,1.441,0.777,0.370,0.327,0.272,0.237,0.381,0.266,0.344,0.312,0.438,0.353", "d4": "", "d5": "", "d6": "", "d7": "-0.010"}
{"d0": "", "d2": "0.306,0.304,0.416,0.810,1.473,0.804,0.356,0.294,0.290,0.232,0.381,0.281,-1.000,0.302,0.421,0.352", "d4": "0.7", "d5": "0", "d6": "0", "d7": ""}
{"d0": "", "d2": "", "d4": "0.8", "d5": "0", "d6": "0", "d7": ""}
{"d0": "tick=18010 goal=0", "d2": "0.308,0.298,0.430,0.794,1.451,0.776,0.340,0.324,0.279,0.258,0.371,0.284,0.339,0.303,0.428,0.348", "d4": "", "d5": "0", "d6": "0", "d7": "-0.017"}
{"d0": "tick=18038 goal=0", "d2": "0.323,0.312,0.428,0.818,1.462,0.803,0.356,0.314,0.263,0.232,0.389,0.268,0.337,0.295,0.424,0.350", "d4": "358.7", "d5": "", "d6": "", "d7": "-0.007"}
{"d0": "tick=18068 goal=0", "d2": "0.317,0.282,0.423,0.815,1.458,0.807,0.360,0.300,0.268,0.275,0.385,0.269,0.324,0.321,0.434,0.350", "d4": "", "d5": "0", "d6": "", "d7": "-0.003"}
{"d0": "tick=18098 goal=0", "d2": "0.315,0.290,0.413,0.820,1.463,0.780,0.357,0.338,0.251,0.245,0.358,0.269,0.343,0.303,0.437,0.353", "d4": "4.1", "d5": "0", "d6": "0", "d7": "0.003"}
{"d0": "tick=18129 goal=0", "d2": "0.319,0.285,0.409,0.797,1.452,0.809,0.356,0.312,0.264,0.247,0.376,0.287,0.333,0.306,0.428,0.347", "d4": "2.6", "d5": "0", "d6": "", "d7": ""}
{"d0": "tick=18159 goal=0", "d2": "0.303,0.306,0.424,0.801,1.465,0.804,0.359,0.314,0.283,0.249,0.375,0.265,0.324,0.310,0.439,0.352", "d4": "", "d5": "0", "d6": "0", "d7": ""}
{"d0": "tick=18189 goal=0", "d2": "0.320,0.280,0.402,0.818,1.465,0.785,0.356,0.312,0.272,0.241,0.380,0.274,0.329,0.318,0.433,0.347", "d4": "0.0", "d5": "0", "d6": "0", "d7": "-0.006"}
{"d0": "", "d2": "0.326,0.297,0.416,0.801,1.451,0.802,0.348,0.305,0.273,0.249,0.369,0.286,0.337,0.298,0.420,0.362", "d4": "0.3", "d5": "", "d6": "0", "d7": ""}
{"d0": "tick=18248 goal=0", "d2": "0.323,0.285,0.409,0.826,-1.000,0.786,0.338,0.323,0.270,0.249,0.386,0.265,-1.000,0.306,0.455,0.348", "d4": "", "d5": "0", "d6": "0", "d7": "-0.021"}
{"d0": "tick=18280 goal=0", "d2": "0.306,0.289,0.419,0.806,1.451,0.787,0.347,0.311,0.254,0.236,0.382,0.269,0.330,0.314,0.450,0.354", "d4": "2.2", "d5": "", "d6": "", "d7": ""}
{"d0": "tick=18310 goal=0", "d2": "0.310,0.301,0.430,0.811,1.451,0.792,0.329,0.325,0.274,0.234,0.371,0.256,0.341,0.303,0.438,0.349", "d4": "358.9", "d5": "", "d6": "0", "d7": ""}
{"d0": "", "d2": "0.316,0.295,0.417,0.812,1.449,0.801,0.369,0.305,0.273,0.239,0.392,0.245,0.336,0.304,0.440,0.348", "d4": "", "d5": "0", "d6": "0", "d7": ""}
{"d0": "", "d2": "0.297,0.309,0.426,0.813,1.471,0.777,0.349,0.323,0.270,0.246,0.384,0.265,0.330,0.309,0.424,0.347", "d4": "358.9", "d5": "0", "d6": "0", "d7": "-0.013"}
{"d0": "tick=18399 goal=0", "d2": "0.314,0.295,0.424,0.800,1.459,0.793,0.342,0.321,0.267,0.241,0.375,0.262,0.339,0.323,0.437,0.344", "d4": "1.7", "d5": "0", "d6": "0", "d7": "0.011"}
{"d0": "tick=18430 goal=0", "d2": "0.329,0.318,0.422,0.813,1.444,0.761,0.348,0.323,0.260,0.238,0.375,0.269,0.311,0.297,0.456,0.351", "d4": "1.9", "d5": "", "d6": "0", "d7": ""}
{"d0": "tick=18460 goal=0", "d2": "0.324,0.310,0.420,0.813,1.455,0.804,0.345,0.331,0.281,0.237,0.361,0.254,0.312,0.308,0.423,0.338", "d4": "3.2", "d5": "0", "d6": "0", "d7": ""}
{"d0": "tick=18490 goal=0", "d2": "", "d4": "359.7", "d5": "0", "d6": "0", "d7": "-0.009"}
{"d0": "", "d2": "0.306,0.314,0.394,0.817,1.476,0.787,0.350,0.316,0.266,0.245,0.384,0.266,0.337,0.318,0.443,0.346", "d4": "358.3", "d5": "", "d6": "0", "d7": "0.007"}
{"d0": "tick=18548 goal=0", "d2": "0.314,0.279,0.401,0.795,1.476,0.810,0.341,0.307,0.261,0.223,0.380,0.273,0.338,0.314,0.438,0.349", "d4": "1.5", "d5": "0", "d6": "0", "d7": "0.010"}
{"d0": "", "d2": "0.309,0.309,0.414,0.811,1.464,0.792,0.350,0.301,0.287,0.249,0.384,0.261,0.333,0.313,0.438,0.374", "d4": "358.7", "d5": "", "d6": "0", "d7": "-0.000"}
{"d0": "tick=18609 goal=0", "d2": "0.314,0.281,0.423,0.811,1.451,0.791,-1.000,0.318,0.280,0.231,0.373,0.278,0.336,0.310,0.464,0.346", "d4": "358.0", "d5": "", "d6": "", "d7": "-0.011"}
{"d0": "", "d2": "0.316,0.305,0.417,0.813,1.464,0.809,0.367,0.324,0.271,0.230,0.380,0.281,0.323,0.312,0.432,0.341", "d4": "0.9", "d5": "0", "d6": "", "d7": "0.001"}
{"d0": "tick=18668 goal=0", "d2": "0.301,0.282,0.419,0.819,1.462,0.787,0.348,0.301,0.282,0.233,0.373,0.281,0.324,0.300,0.437,0.352", "d4": "1.5", "d5": "0", "d6": "", "d7": "-0.002"}
{"d0": "tick=18700 goal=0", "d2": "0.310,0.292,0.407,0.798,1.471,0.794,0.355,0.316,0.276,0.222,0.370,0.254,0.339,0.316,0.435,0.368", "d4": "0.8", "d5": "0", "d6": "", "d7": "-0.006"}
{"d0": "", "d2": "0.318,0.295,0.424,0.801,1.451,0.789,0.343,0.315,0.266,0.237,0.383,0.274,0.346,0.323,0.434,0.349", "d4": "", "d5": "0", "d6": "", "d7": ""}
{"d0": "tick=18760 goal=0", "d2": "0.299,0.306,0.407,0.817,1.461,0.790,0.363,0.326,0.285,0.249,0.389,0.277,0.322,0.296,0.437,0.353", "d4": "357.8", "d5": "0", "d6": "0", "d7": "0.013"}
{"d0": "tick=18790 goal=0", "d2": "", "d4": "359.4", "d5": "0", "d6": "0", "d7": "0.021"}
{"d0": "tick=18818 goal=0", "d2": "0.322,0.298,0.420,0.819,1.447,0.781,0.353,0.319,0.265,0.232,0.375,0.270,0.328,0.312,0.446,0.367", "d4": "357.1", "d5": "0", "d6": "", "d7": "0.007"}
{"d0": "tick=18848 goal=0", "d2": "0.298,0.307,0.424,0.809,1.474,0.785,-1.000,0.316,0.267,0.245,0.363,0.285,0.325,0.313,0.434,0.349", "d4": "356.8", "d5": "0", "d6": "0", "d7": "0.004"}
{"d0": "tick=18879 goal=0", "d2": "0.300,0.298,0.434,0.803,1.463,0.783,0.358,0.327,0.259,0.236,0.375,0.266,0.315,0.307,0.436,0.358", "d4": "357.7", "d5": "0", "d6": "0", "d7": "0.008"}
{"d0": "tick=18910 goal=0", "d2": "0.299,0.271,0.433,0.817,1.462,0.796,0.366,0.312,0.255,0.222,0.379,0.268,0.319,0.309,0.440,0.329", "d4": "357.6", "d5": "", "d6": "", "d7": "-0.003"}
{"d0": "tick=18939 goal=0", "d2": "0.313,0.294,0.416,0.804,1.452,0.803,0.350,0.317,0.287,0.225,0.385,0.253,0.330,0.298,0.449,0.321", "d4": "1.2", "d5": "0", "d6": "0", "d7": "-0.009"}
{"d0": "tick=18970 goal=0", "d2": "0.316,0.293,0.420,0.811,1.457,0.793,0.357,0.324,0.296,0.221,0.376,0.279,0.330,0.302,0.436,0.337", "d4": "0.5", "d5": "0", "d6": "0", "d7": ""}
{"d0": "tick=18998 goal=0", "d2": "0.297,0.295,0.420,0.802,1.445,0.792,0.348,0.316,0.268,0.228,0.392,0.270,0.334,0.321,0.437,0.368", "d4": "0.3", "d5": "0", "d6": "0", "d7": "0.016"}
{"d0": "", "d2": "0.308,0.295,0.415,0.800,1.475,0.795,0.351,0.317,0.267,0.240,0.366,0.266,0.322,0.308,0.430,0.354", "d4": "", "d5": "0", "d6": "0", "d7": "0.017"}
{"d0": "tick=19061 goal=0", "d2": "0.309,0.284,0.419,0.805,1.475,0.788,0.351,0.300,0.275,0.253,0.387,0.267,0.318,0.295,0.423,0.358", "d4": "", "d5": "", "d6": "", "d7": ""}
{"d0": "tick=19089 goal=0", "d2": "0.308,0.307,0.405,0.819,1.460,0.804,0.368,0.330,0.272,0.239,0.366,0.253,0.331,-1.000,0.447,0.349", "d4": "0.4", "d5": "", "d6": "0", "d7": "-0.005"}
{"d0": "tick=19118 goal=0", "d2": "", "d4": "", "d5": "0", "d6": "", "d7": "0.022"}
{"d0": "", "d2": "0.290,0.295,0.410,0.808,1.475,0.792,0.360,0.319,0.282,0.247,0.389,0.262,0.320,0.311,0.437,0.348", "d4": "356.8", "d5": "", "d6": "0", "d7": ""}
{"d0": "", "d2": "0.314,0.310,0.403,0.818,1.441,0.817,0.389,0.318,0.276,0.248,0.397,0.257,0.343,0.297,0.426,0.354", "d4": "", "d5": "0", "d6": "0", "d7": "0.000"}
{"d0": "", "d2": "0.303,0.313,0.413,0.811,1.451,0.795,0.352,0.311,0.279,0.258,0.401,-1.000,0.346,0.311,0.437,0.351", "d4": "358.8", "d5": "0", "d6": "0", "d7": "0.012"}
{"d0": "", "d2": "", "d4": "359.1", "d5": "0", "d6": "0", "d7": ""}
{"d0": "tick=19270 goal=0", "d2": "0.260,0.282,0.393,0.772,1.424,0.817,0.390,0.338,0.274,0.257,0.389,0.263,0.346,-1.000,0.423,0.335", "d4": "358.7", "d5": "", "d6": "", "d7": ""}
{"d0": "", "d2": "0.272,0.252,0.385,0.784,1.450,0.828,0.401,0.322,0.291,0.254,0.403,0.261,0.340,0.297,0.425,0.322", "d4": "", "d5": "", "d6": "0", "d7": ""}
{"d0": "", "d2": "-1.000,0.263,0.387,0.751,1.409,0.829,0.404,0.332,0.287,0.264,0.407,0.284,0.348,0.299,0.399,0.321", "d4": "358.4", "d5": "", "d6": "", "d7": "-0.005"}
{"d0": "", "d2": "0.274,0.265,0.377,0.738,1.425,0.844,0.405,0.350,0.313,0.283,0.403,0.292,0.337,0.283,0.377,0.325", "d4": "359.2", "d5": "", "d6": "0", "d7": "0.007"}
{"d0": "tick=19389 goal=0", "d2": "0.255,0.263,0.381,0.733,1.414,0.847,0.428,0.357,0.318,0.304,0.397,0.296,0.333,0.292,0.363,0.308", "d4": "0.9", "d5": "0", "d6": "0", "d7": "0.008"}
{"d0": "", "d2": "0.274,0.251,0.367,0.722,1.431,0.863,0.434,0.351,0.320,0.310,0.408,0.302,0.335,0.308,0.358,0.301", "d4": "0.6", "d5": "0", "d6": "0", "d7": "0.014"}
{"d0": "tick=19450 goal=0", "d2": "0.256,0.227,0.368,0.724,1.416,0.868,0.469,0.341,0.336,0.332,0.407,0.308,0.347,0.290,0.345,0.306", "d4": "", "d5": "0", "d6": "", "d7": "0.004"}
{"d0": "", "d2": "0.248,0.222,0.342,0.705,1.425,0.889,0.450,0.362,0.357,0.334,0.408,0.313,0.343,0.292,0.328,0.308", "d4": "359.0", "d5": "", "d6": "", "d7": "0.007"}
{"d0": "tick=19509 goal=0", "d2": "0.225,0.223,0.332,0.693,1.427,0.890,0.475,0.371,0.355,0.352,0.407,0.321,0.326,0.285,0.315,0.296", "d4": "1.9", "d5": "", "d6": "0", "d7": ""}
{"d0": "tick=19539 goal=0", "d2": "0.221,0.210,0.331,0.674,1.421,0.896,0.476,0.383,0.352,0.348,0.401,0.301,0.323,0.296,0.312,0.300", "d4": "356.9", "d5": "0", "d6": "0", "d7": ""}
{"d0": "tick=19570 goal=0", "d2": "0.223,0.200,0.314,0.689,1.431,0.941,0.502,0.380,0.349,0.385,0.390,0.322,0.336,0.314,0.315,0.269", "d4": "", "d5": "0", "d6": "0", "d7": "-0.002"}
{"d0": "tick=19600 goal=0", "d2": "", "d4": "358.8", "d5": "", "d6": "0", "d7": "0.023"}
{"d0": "", "d2": "0.205,0.172,0.298,0.671,1.444,1.006,0.509,0.381,0.379,0.383,0.360,0.332,0.298,0.322,0.280,0.256", "d4": "", "d5": "", "d6": "", "d7": ""}
{"d0": "tick=19659 goal=0", "d2": "0.203,0.164,0.288,0.636,1.433,1.067,0.510,0.399,0.364,0.425,0.371,0.349,0.281,0.323,0.251,0.246", "d4": "", "d5": "", "d6": "", "d7": ""}
{"d0": "tick=19689 goal=0", "d2": "0.173,0.147,0.289,0.630,1.440,1.095,0.527,0.416,0.383,0.416,0.362,0.347,0.293,-1.000,0.254,0.252", "d4": "", "d5": "0", "d6": "", "d7": "0.011"}
{"d0": "", "d2": "0.202,0.152,0.269,0.592,1.449,1.091,0.547,0.407,0.404,0.424,0.353,0.337,0.279,0.331,0.230,0.243", "d4": "2.2", "d5": "0", "d6": "0", "d7": "0.011"}
{"d0": "tick=19749 goal=0", "d2": "0.166,0.155,0.269,0.599,1.461,1.111,0.555,0.408,0.403,0.451,0.360,0.360,0.271,0.342,0.247,0.234", "d4": "357.3", "d5": "", "d6": "", "d7": ""}
{"d0": "", "d2": "0.166,0.133,0.251,0.569,1.480,1.120,0.553,0.436,0.407,0.453,0.352,0.348,0.280,0.344,0.236,0.229", "d4": "359.8", "d5": "0", "d6": "", "d7": ""}
{"d0": "", "d2": "0.187,0.140,0.213,0.536,1.478,1.117,0.556,0.435,0.388,0.459,0.359,0.369,0.258,0.313,0.220,0.187", "d4": "355.6", "d5": "", "d6": "0", "d7": ""}
{"d0": "", "d2": "0.148,0.123,0.165,0.396,1.477,1.147,0.584,0.433,0.426,0.464,0.344,0.355,0.249,0.334,0.233,0.193", "d4": "359.8", "d5": "", "d6": "", "d7": ""}
{"d0": "", "d2": "0.140,0.108,0.155,0.360,1.499,1.139,0.585,0.444,0.426,0.479,0.358,0.380,0.267,0.325,0.220,0.207", "d4": "359.2", "d5": "0", "d6": "", "d7": "0.011"}
{"d0": "", "d2": "0.139,0.116,0.149,0.320,1.488,1.130,0.590,0.474,0.441,0.500,0.359,0.385,0.268,0.318,0.224,0.214", "d4": "359.8", "d5": "", "d6": "", "d7": "0.011"}
{"d0": "", "d2": "0.132,0.098,0.133,0.307,1.490,1.148,0.606,0.471,0.444,0.507,0.362,0.370,0.281,0.324,0.198,0.181", "d4": "", "d5": "", "d6": "0", "d7": "0.013"}
{"d0": "tick=19961 goal=0", "d2": "0.114,0.107,0.134,-1.000,1.476,1.157,0.609,0.456,0.446,0.512,0.349,0.374,0.271,0.342,0.203,0.184", "d4": "", "d5": "0", "d6": "", "d7": "0.017"}
{"d0": "", "d2": "0.119,0.099,0.103,0.303,1.502,1.169,0.638,0.472,0.472,0.521,0.358,0.366,0.274,0.336,0.184,0.165", "d4": "0.8", "d5": "1", "d6": "", "d7": "-0.002"}
{"d0": "", "d2": "0.125,0.089,0.110,0.293,1.505,1.143,0.631,0.467,0.449,0.509,0.375,0.352,0.266,0.330,0.189,0.180", "d4": "1.7", "d5": "1", "d6": "0", "d7": "-0.011"}
{"d0": "tick=20050 goal=0", "d2": "0.120,0.089,0.096,0.293,1.502,1.165,0.640,0.471,0.466,-1.000,0.373,0.355,0.264,0.334,0.190,0.180", "d4": "359.6", "d5": "1", "d6": "0", "d7": ""}
{"d0": "tick=20081 goal=0", "d2": "0.122,0.097,0.104,0.291,1.504,1.178,0.632,-1.000,0.449,0.505,0.374,0.337,0.265,0.335,0.194,0.171", "d4": "3.5", "d5": "1", "d6": "0", "d7": "0.015"}
{"d0": "", "d2": "0.128,0.096,0.101,0.316,1.495,1.168,0.641,0.483,0.449,0.488,0.380,0.353,0.269,0.311,0.195,0.187", "d4": "", "d5": "", "d6": "", "d7": "0.007"}
{"d0": "tick=20141 goal=0", "d2": "0.124,0.099,0.102,0.285,1.483,1.153,0.633,0.482,0.478,0.500,0.377,0.365,0.281,0.325,0.198,0.181", "d4": "", "d5": "1", "d6": "0", "d7": ""}
{"d0": "tick=20171 goal=0", "d2": "0.127,0.092,0.117,0.295,1.501,1.158,0.621,0.482,0.463,-1.000,0.366,0.362,0.277,0.326,0.194,0.173", "d4": "356.3", "d5": "1", "d6": "0", "d7": ""}
{"d0": "", "d2": "0.115,0.086,0.109,0.282,1.487,1.158,0.617,0.473,0.457,0.502,0.378,0.362,0.274,0.338,-1.000,0.168", "d4": "3.2", "d5": "", "d6": "", "d7": ""}
{"d0": "", "d2": "0.131,0.114,0.107,0.296,1.504,1.163,0.619,0.489,0.443,0.515,0.386,0.358,0.275,0.319,0.178,0.174", "d4": "359.8", "d5": "1", "d6": "0", "d7": ""}
{"d0": "tick=20259 goal=0", "d2": "-1.000,0.080,0.123,0.293,1.486,1.166,0.619,0.473,0.456,0.496,0.370,0.371,0.286,0.334,0.185,0.166", "d4": "358.6", "d5": "", "d6": "0", "d7": "-0.009"}
{"d0": "", "d2": "0.107,0.099,0.105,0.291,1.491,1.169,0.625,0.476,0.443,0.517,0.381,0.362,0.259,0.320,0.183,0.189", "d4": "", "d5": "1", "d6": "0", "d7": ""}
{"d0": "tick=20319 goal=0", "d2": "0.140,0.084,0.130,0.277,1.497,1.147,0.632,0.484,0.457,0.495,0.397,0.354,0.275,0.327,0.186,0.169", "d4": "2.0", "d5": "1", "d6": "0", "d7": ""}
{"d0": "tick=20350 goal=0", "d2": "", "d4": "", "d5": "1", "d6": "0", "d7": "-0.003"}
{"d0": "", "d2": "0.133,0.087,0.110,0.302,1.500,1.147,0.641,0.477,0.467,0.508,0.362,0.369,0.276,0.321,0.189,0.191", "d4": "", "d5": "", "d6": "0", "d7": "0.016"}
{"d0": "", "d2": "0.120,0.087,0.102,0.323,-1.000,1.144,0.639,0.465,0.474,0.506,0.372,0.354,0.278,0.330,0.198,0.163", "d4": "", "d5": "1", "d6": "0", "d7": "0.005"}
{"d0": "tick=20440 goal=0", "d2": "0.121,0.073,0.115,0.297,1.495,1.171,0.636,0.462,0.454,0.488,0.377,0.342,0.277,0.334,0.184,0.183", "d4": "358.7", "d5": "1", "d6": "0", "d7": "-0.006"}
{"d0": "", "d2": "0.120,0.096,0.114,0.296,1.493,1.143,0.633,0.458,0.477,0.501,-1.000,0.362,0.260,0.298,0.202,0.190", "d4": "358.5", "d5": "", "d6": "0", "d7": ""}
{"d0": "", "d2": "0.129,0.101,0.117,0.303,1.511,1.134,0.630,0.473,0.470,0.495,0.370,0.339,0.277,0.327,0.191,0.180", "d4": "", "d5": "1", "d6": "", "d7": ""}
{"d0": "tick=20529 goal=0", "d2": "0.109,0.098,0.103,0.299,1.502,1.156,0.635,0.479,0.453,0.504,0.373,0.354,0.269,0.319,0.184,0.169", "d4": "357.6", "d5": "0", "d6": "0", "d7": "0.001"}
{"d0": "tick=20560 goal=0", "d2": "0.128,0.076,0.101,0.292,1.506,1.164,0.647,0.481,0.451,0.509,0.385,0.349,0.286,0.347,0.187,0.174", "d4": "0.3", "d5": "0", "d6": "0", "d7": "0.008"}
{"d0": "tick=20591 goal=0", "d2": "0.130,0.093,0.114,0.300,1.486,1.150,0.630,0.465,0.458,0.492,0.380,0.354,0.268,0.353,0.213,0.176", "d4": "356.5", "d5": "", "d6": "", "d7": ""}
{"d0": "", "d2": "0.129,0.095,0.143,0.321,1.497,1.157,0.619,0.450,0.456,0.493,0.375,0.357,0.279,0.332,0.198,0.178", "d4": "0.3", "d5": "", "d6": "", "d7": "-0.011"}
{"d0": "tick=20649 goal=0", "d2": "0.129,0.104,0.143,0.300,1.494,1.173,0.614,0.444,0.443,0.497,0.346,0.374,0.253,0.326,0.195,0.200", "d4": "", "d5": "0", "d6": "0", "d7": ""}
{"d0": "", "d2": "0.122,0.112,0.135,0.332,1.496,1.157,0.609,0.462,0.443,0.496,0.387,0.356,0.270,0.357,0.205,-1.000", "d4": "358.1", "d5": "", "d6": "0", "d7": ""}
{"d0": "", "d2": "0.127,0.121,0.143,0.331,1.489,1.126,0.606,0.474,0.450,0.480,0.359,0.368,0.267,0.314,0.202,0.186", "d4": "0.5", "d5": "0", "d6": "", "d7": ""}
{"d0": "tick=20741 goal=0", "d2": "0.144,0.121,0.147,0.351,1.472,1.113,0.593,0.452,0.429,0.477,0.348,0.370,0.262,0.324,0.216,0.208", "d4": "", "d5": "0", "d6": "0", "d7": ""}
{"d0": "", "d2": "0.162,0.119,0.174,0.376,1.490,1.143,0.572,0.434,0.406,0.472,0.347,0.378,0.272,0.347,0.202,0.204", "d4": "", "d5": "", "d6": "0", "d7": ""}
{"d0": "tick=20802 goal=0", "d2": "0.156,0.133,0.180,0.524,1.471,1.132,0.560,0.438,0.413,0.473,0.353,0.358,0.277,0.306,0.232,0.195", "d4": "359.8", "d5": "0", "d6": "", "d7": "-0.018"}
{"d0": "tick=20831 goal=0", "d2": "0.162,0.139,0.207,0.554,1.461,1.149,0.553,0.437,0.410,0.448,0.346,0.374,0.260,0.338,0.219,0.218", "d4": "2.4", "d5": "0", "d6": "", "d7": "-0.014"}
{"d0": "", "d2": "0.177,0.143,0.228,0.565,1.464,1.131,0.538,0.431,0.407,0.441,0.351,0.378,0.275,0.340,0.236,0.228", "d4": "", "d5": "", "d6": "", "d7": ""}
{"d0": "", "d2": "0.181,0.147,0.232,0.607,1.463,1.104,0.536,0.420,0.394,0.432,0.345,0.344,0.287,0.327,0.243,0.228", "d4": "356.7", "d5": "0", "d6": "", "d7": ""}
{"d0": "tick=20922 goal=0", "d2": "", "d4": "357.5", "d5": "0", "d6": "", "d7": "-0.018"}
{"d0": "tick=20949 goal=0", "d2": "0.198,0.154,0.267,0.619,1.445,1.086,-1.000,0.421,0.376,0.425,0.367,0.346,0.285,0.332,0.244,0.246", "d4": "", "d5": "0", "d6": "0", "d7": "-0.015"}
{"d0": "tick=20980 goal=0", "d2": "0.214,0.173,0.297,0.626,1.408,1.076,0.514,0.394,0.377,0.417,0.344,0.324,0.302,0.323,0.271,0.239", "d4": "358.1", "d5": "", "d6": "0", "d7": "-0.009"}
{"d0": "", "d2": "0.218,0.169,0.305,0.666,1.429,0.986,0.509,0.390,0.364,0.397,0.390,0.320,0.307,0.300,0.264,0.254", "d4": "3.0", "d5": "0", "d6": "0", "d7": ""}
{"d0": "tick=21040 goal=0", "d2": "0.215,0.173,0.301,0.644,1.414,0.939,0.504,0.380,0.355,0.396,0.372,0.317,0.286,0.307,0.299,0.287", "d4": "358.6", "d5": "", "d6": "0", "d7": ""}
{"d0": "", "d2": "0.224,0.200,0.320,0.672,1.443,0.924,0.495,0.383,0.356,0.381,0.395,0.331,0.314,0.289,0.294,0.256", "d4": "", "d5": "0", "d6": "", "d7": "-0.029"}
{"d0": "tick=21101 goal=0", "d2": "0.211,0.222,0.325,0.678,1.412,0.899,0.477,0.370,0.348,0.363,0.398,0.316,0.318,0.297,0.318,0.270", "d4": "357.9", "d5": "0", "d6": "", "d7": "-0.001"}
{"d0": "", "d2": "0.243,0.216,0.346,0.687,1.417,0.883,0.465,0.372,0.333,0.354,0.398,0.308,0.334,0.285,0.324,0.281", "d4": "", "d5": "", "d6": "0", "d7": "-0.015"}
{"d0": "tick=21161 goal=0", "d2": "0.256,0.240,0.363,0.700,1.430,0.876,0.453,0.373,0.333,0.329,0.421,0.307,0.322,0.291,0.333,0.289", "d4": "", "d5": "0", "d6": "", "d7": "-0.000"}
{"d0": "", "d2": "0.244,0.225,0.351,0.724,1.421,0.873,0.454,0.358,0.315,0.324,0.401,0.300,0.348,0.304,0.335,0.292", "d4": "", "d5": "", "d6": "0", "d7": "-0.013"}
{"d0": "tick=21219 goal=0", "d2": "0.273,0.228,0.380,0.735,1.426,0.842,-1.000,0.353,0.325,0.297,0.397,0.295,0.338,0.275,0.367,0.312", "d4": "359.8", "d5": "", "d6": "0", "d7": "-0.003"}
{"d0": "tick=21252 goal=0", "d2": "0.273,0.252,0.362,0.744,1.433,0.847,0.421,0.340,0.314,0.302,0.398,0.295,0.339,0.275,0.367,0.314", "d4": "", "d5": "", "d6": "0", "d7": "-0.015"}
{"d0": "", "d2": "0.289,0.250,0.385,0.749,1.424,0.840,0.409,0.345,0.295,0.271,0.400,-1.000,0.346,0.291,0.386,0.321", "d4": "0.4", "d5": "0", "d6": "0", "d7": "-0.017"}
{"d0": "", "d2": "0.277,0.261,0.372,0.785,1.438,0.829,0.395,0.326,0.318,0.271,0.388,0.274,0.342,0.296,0.412,0.341", "d4": "0.4", "d5": "0", "d6": "", "d7": ""}
{"d0": "", "d2": "0.311,0.277,0.395,0.781,1.442,0.822,0.386,0.327,0.285,0.268,0.387,0.270,0.345,0.292,0.441,0.330", "d4": "", "d5": "", "d6": "0", "d7": ""}
{"d0": "", "d2": "0.302,0.285,0.418,0.785,1.440,0.807,0.363,0.322,0.296,0.242,0.382,0.281,0.324,0.297,0.448,0.356", "d4": "1.9", "d5": "0", "d6": "0", "d7": ""}
{"d0": "", "d2": "0.335,0.286,0.426,0.815,1.452,0.780,0.342,0.317,0.272,0.238,0.390,0.272,0.328,0.318,0.428,0.348", "d4": "", "d5": "0", "d6": "", "d7": ""}
{"d0": "", "d2": "0.310,0.298,0.421,0.839,1.455,0.789,0.331,0.321,0.265,0.235,0.355,0.260,0.305,0.307,0.441,0.345", "d4": "3.7", "d5": "0", "d6": "0", "d7": ""}
{"d0": "", "d2": "0.335,0.329,0.439,0.852,1.466,0.771,0.332,0.297,0.261,0.217,0.355,0.262,0.322,0.317,0.443,0.359", "d4": "5.6", "d5": "", "d6": "", "d7": ""}
{"d0": "tick=21490 goal=0", "d2": "0.333,0.320,0.426,0.890,1.450,0.763,0.313,0.311,0.254,0.216,0.372,0.281,0.296,0.335,0.438,0.360", "d4": "", "d5": "", "d6": "0", "d7": "-0.002"}
{"d0": "tick=21521 goal=0", "d2": "0.334,0.338,0.453,0.957,1.487,0.750,0.273,0.297,0.241,0.213,0.362,0.264,0.307,0.320,0.450,0.367", "d4": "2.2", "d5": "", "d6": "", "d7": "-0.016"}
{"d0": "", "d2": "0.357,0.349,0.451,1.584,1.469,0.743,0.290,0.270,0.228,0.200,0.360,0.290,0.295,0.330,0.436,0.384", "d4": "", "d5": "", "d6": "0", "d7": "-0.007"}
{"d0": "", "d2": "0.366,0.350,0.474,1.594,1.477,0.734,0.269,0.291,0.219,0.207,0.330,0.274,0.288,0.332,0.418,0.400", "d4": "", "d5": "0", "d6": "", "d7": "-0.012"}
{"d0": "", "d2": "0.365,0.363,0.500,1.599,1.504,0.731,0.281,0.265,0.226,0.198,0.336,0.285,0.264,0.350,0.428,0.396", "d4": "0.6", "d5": "0", "d6": "0", "d7": "-0.017"}
{"d0": "tick=21641 goal=0", "d2": "0.375,0.379,0.510,1.588,1.504,0.714,0.255,0.268,0.214,0.190,0.300,0.290,0.265,0.337,0.415,0.387", "d4": "358.7", "d5": "0", "d6": "0", "d7": "-0.008"}
{"d0": "", "d2": "0.390,0.398,0.530,1.606,1.503,0.703,0.252,0.253,0.214,0.158,0.302,0.295,0.272,0.360,0.386,0.411", "d4": "", "d5": "", "d6": "0", "d7": "-0.001"}
{"d0": "tick=21702 goal=0", "d2": "0.375,0.403,0.552,1.600,1.511,0.471,0.233,0.243,0.197,0.159,0.287,0.309,0.271,0.343,0.375,0.428", "d4": "356.3", "d5": "0", "d6": "0", "d7": "-0.042"}
{"d0": "tick=21731 goal=0", "d2": "0.413,0.421,0.558,1.597,1.508,0.467,0.241,0.259,0.194,0.154,0.270,0.313,0.259,0.372,0.394,0.416", "d4": "356.4", "d5": "", "d6": "0", "d7": "-0.006"}
{"d0": "", "d2": "0.396,0.427,0.574,1.608,1.495,0.424,0.250,0.233,0.178,0.128,0.266,0.321,0.248,0.358,0.362,0.421", "d4": "356.8", "d5": "", "d6": "0", "d7": ""}
{"d0": "tick=21792 goal=0", "d2": "", "d4": "", "d5": "", "d6": "", "d7": "-0.023"}
{"d0": "tick=21823 goal=0", "d2": "0.412,0.440,0.604,1.625,1.499,0.394,0.227,0.220,0.161,0.135,0.213,0.316,0.259,0.381,0.383,0.445", "d4": "", "d5": "", "d6": "0", "d7": "-0.016"}
{"d0": "", "d2": "0.414,0.454,0.625,1.626,1.496,0.396,0.208,0.219,0.146,0.145,0.198,0.307,0.247,0.392,-1.000,0.464", "d4": "", "d5": "0", "d6": "", "d7": ""}
{"d0": "tick=21880 goal=0", "d2": "0.448,0.471,0.649,1.617,-1.000,0.375,0.213,0.231,0.134,0.132,0.140,0.290,0.267,0.371,0.375,0.459", "d4": "359.2", "d5": "0", "d6": "0", "d7": "-0.017"}
{"d0": "", "d2": "0.435,0.487,0.652,1.637,1.481,0.352,0.200,0.216,0.142,0.106,0.133,0.304,0.248,0.345,0.388,0.480", "d4": "", "d5": "0", "d6": "0", "d7": ""}
{"d0": "", "d2": "0.463,0.498,0.675,1.642,1.492,0.320,0.213,0.169,0.142,0.116,0.110,0.292,0.233,0.339,0.387,0.476", "d4": "", "d5": "", "d6": "0", "d7": "0.003"}
{"d0": "tick=21971 goal=0", "d2": "0.480,0.503,0.716,1.625,1.509,0.298,0.199,0.200,0.130,0.089,0.094,0.320,0.244,0.365,0.410,0.470", "d4": "2.6", "d5": "0", "d6": "0", "d7": ""}
{"d0": "tick=22001 goal=0", "d2": "0.458,0.485,0.700,1.637,1.483,0.287,0.176,0.183,0.132,0.093,0.102,0.294,0.246,0.348,0.398,0.484", "d4": "359.3", "d5": "0", "d6": "1", "d7": ""}
{"d0": "", "d2": "0.475,0.498,0.683,1.618,1.476,0.284,0.182,0.186,0.119,0.090,0.109,0.305,0.269,0.355,0.384,0.490", "d4": "", "d5": "", "d6": "", "d7": "-0.006"}
{"d0": "tick=22062 goal=0", "d2": "0.448,0.496,0.693,1.636,1.481,0.284,0.179,0.186,0.113,0.098,0.092,0.321,0.253,0.328,0.381,0.486", "d4": "", "d5": "0", "d6": "1", "d7": ""}
{"d0": "", "d2": "0.460,0.492,0.713,1.632,1.481,0.296,0.186,0.184,0.133,0.092,0.102,0.290,0.246,0.338,0.401,0.488", "d4": "355.9", "d5": "0", "d6": "1", "d7": ""}
{"d0": "tick=22122 goal=0", "d2": "0.468,0.490,0.688,1.628,1.492,0.288,0.187,0.187,0.142,0.094,0.108,0.303,0.265,0.327,0.391,0.479", "d4": "358.1", "d5": "0", "d6": "1", "d7": "-0.005"}
{"d0": "", "d2": "0.456,0.480,0.709,1.618,1.506,0.280,0.175,0.182,0.128,0.108,0.092,0.296,0.271,0.321,0.376,0.478", "d4": "1.9", "d5": "", "d6": "1", "d7": "-0.003"}
{"d0": "", "d2": "0.453,0.483,0.696,1.628,1.485,0.292,0.193,0.180,0.124,0.097,0.099,0.312,0.262,0.330,0.389,0.472", "d4": "", "d5": "0", "d6": "", "d7": "0.009"}
{"d0": "tick=22211 goal=0", "d2": "0.441,0.494,0.694,1.644,1.510,0.269,0.192,0.181,0.132,0.107,0.112,0.310,0.256,0.336,0.393,0.485", "d4": "0.5", "d5": "0", "d6": "1", "d7": "0.005"}
{"d0": "", "d2": "0.467,-1.000,0.694,1.627,1.483,0.280,0.199,0.162,0.138,0.098,0.113,0.282,0.248,0.340,0.389,0.473", "d4": "354.9", "d5": "0", "d6": "", "d7": "0.001"}
{"d0": "tick=22271 goal=0", "d2": "", "d4": "1.4", "d5": "0", "d6": "1", "d7": "0.003"}
{"d0": "tick=22302 goal=0", "d2": "0.470,-1.000,0.694,1.649,1.481,0.280,0.169,-1.000,0.119,0.093,0.097,0.312,0.255,0.326,0.381,0.467", "d4": "", "d5": "", "d6": "", "d7": "-0.000"}
{"d0": "tick=22332 goal=0", "d2": "0.443,0.495,0.690,1.611,1.482,0.283,0.174,0.181,0.126,0.104,0.092,0.302,0.263,0.338,0.362,0.484", "d4": "0.7", "d5": "0", "d6": "1", "d7": "0.013"}
{"d0": "tick=22362 goal=0", "d2": "0.464,0.498,0.691,1.633,1.473,0.281,0.191,0.184,0.128,0.100,0.121,0.312,0.260,0.348,0.404,0.467", "d4": "2.4", "d5": "0", "d6": "1", "d7": "0.006"}
{"d0": "tick=22392 goal=0", "d2": "0.455,0.483,0.708,1.622,1.494,0.276,0.198,0.192,0.139,0.080,0.103,0.303,0.261,0.340,0.390,0.484", "d4": "", "d5": "", "d6": "1", "d7": "-0.002"}
{"d0": "tick=22423 goal=0", "d2": "0.448,0.503,0.685,1.613,1.499,0.284,0.179,0.185,0.129,0.100,0.093,0.329,0.261,0.329,0.393,0.490", "d4": "2.1", "d5": "0", "d6": "", "d7": "-0.000"}
{"d0": "", "d2": "0.464,0.502,0.707,1.623,1.480,0.288,-1.000,0.187,0.118,0.102,0.107,0.295,0.258,0.346,0.392,0.471", "d4": "359.1", "d5": "", "d6": "", "d7": ""}
{"d0": "tick=22481 goal=0", "d2": "0.454,0.492,0.706,1.624,1.496,0.279,0.197,0.206,0.134,0.080,0.110,0.314,0.256,0.343,0.391,0.464", "d4": "357.4", "d5": "0", "d6": "1", "d7": ""}
{"d0": "tick=22512 goal=0", "d2": "0.461,0.504,0.707,1.640,1.471,0.284,-1.000,0.182,0.119,0.111,0.104,0.294,0.250,0.330,0.397,0.479", "d4": "1.5", "d5": "0", "d6": "1", "d7": "0.004"}
{"d0": "", "d2": "0.462,0.488,0.705,1.620,1.490,0.271,0.187,0.187,0.112,0.083,0.105,0.302,0.266,0.334,0.388,0.480", "d4": "359.8", "d5": "0", "d6": "", "d7": "-0.003"}
{"d0": "tick=22572 goal=0", "d2": "0.453,0.499,0.679,1.635,1.479,0.292,0.178,0.184,0.118,0.088,0.104,0.307,0.274,0.351,0.391,0.475", "d4": "", "d5": "0", "d6": "", "d7": "-0.000"}
{"d0": "", "d2": "0.466,0.513,0.702,1.634,1.488,0.276,0.180,0.180,0.122,0.088,0.113,0.312,0.269,0.333,0.381,0.484", "d4": "", "d5": "", "d6": "", "d7": ""}
{"d0": "tick=22633 goal=0", "d2": "0.446,-1.000,0.707,1.629,1.486,0.294,0.193,0.178,0.116,0.107,0.126,0.300,0.270,0.328,0.395,0.480", "d4": "2.0", "d5": "0", "d6": "", "d7": "-0.002"}
{"d0": "", "d2": "0.468,0.484,0.709,1.631,1.477,0.289,0.182,0.198,0.133,0.086,0.094,0.286,0.268,0.323,0.388,0.473", "d4": "359.5", "d5": "", "d6": "1", "d7": "0.001"}
{"d0": "", "d2": "0.459,0.498,0.686,1.619,1.474,0.274,0.187,0.204,0.125,0.095,0.118,0.305,0.272,0.314,0.395,0.459", "d4": "358.9", "d5": "0", "d6": "", "d7": ""}
{"d0": "tick=22721 goal=0", "d2": "0.457,0.467,0.708,1.627,1.482,0.296,0.189,0.172,0.125,0.081,0.093,0.304,0.269,0.321,0.390,0.476", "d4": "", "d5": "", "d6": "1", "d7": ""}
{"d0": "tick=22752 goal=0", "d2": "0.459,0.488,0.710,1.621,1.500,0.294,0.183,0.175,0.123,0.085,0.111,0.281,0.286,0.315,0.386,0.483", "d4": "357.8", "d5": "0", "d6": "1", "d7": ""}
{"d0": "", "d2": "0.458,0.490,0.706,1.638,1.464,0.280,0.177,0.183,0.134,0.101,0.118,0.301,0.240,0.328,0.388,0.478", "d4": "", "d5": "0", "d6": "1", "d7": "0.008"}
{"d0": "", "d2": "0.450,0.512,0.692,1.623,1.485,0.274,0.191,0.190,0.136,0.071,0.105,0.299,0.270,0.321,0.392,0.480", "d4": "0.2", "d5": "0", "d6": "", "d7": "0.003"}
{"d0": "", "d2": "0.454,0.498,0.708,1.626,1.497,0.296,0.196,0.180,0.137,0.088,0.099,0.306,0.255,0.318,0.396,0.493", "d4": "", "d5": "", "d6": "", "d7": ""}
{"d0": "tick=22872 goal=0", "d2": "", "d4": "359.4", "d5": "0", "d6": "1", "d7": "0.002"}
{"d0": "tick=22902 goal=0", "d2": "0.465,0.498,0.695,1.627,1.501,0.287,0.169,0.188,0.148,0.094,0.100,0.297,0.253,0.344,0.393,0.488", "d4": "", "d5": "0", "d6": "1", "d7": "-0.013"}
{"d0": "", "d2": "0.464,0.509,0.700,1.634,1.483,0.294,0.179,-1.000,0.123,0.090,0.120,0.295,0.245,0.333,0.400,0.477", "d4": "", "d5": "", "d6": "1", "d7": ""}
{"d0": "tick=22962 goal=0", "d2": "0.448,0.501,0.700,1.629,1.463,0.266,0.181,0.178,0.105,0.080,0.111,0.309,0.263,0.347,0.411,0.476", "d4": "", "d5": "", "d6": "", "d7": "-0.004"}
{"d0": "tick=22993 goal=0", "d2": "0.445,0.493,0.701,1.611,1.485,0.291,0.179,0.183,0.116,0.109,0.093,0.306,0.270,0.334,0.402,0.482", "d4": "356.8", "d5": "0", "d6": "", "d7": "-0.014"}
{"d0": "tick=23023 goal=0", "d2": "0.454,0.504,-1.000,1.619,1.481,0.278,0.166,0.190,0.118,0.104,0.097,0.293,0.250,0.327,0.391,0.483", "d4": "1.1", "d5": "0", "d6": "0", "d7": "-0.002"}
{"d0": "tick=23052 goal=0", "d2": "0.441,0.507,0.683,1.622,1.502,0.291,0.172,0.176,0.125,0.085,0.102,0.320,0.261,0.336,0.394,0.482", "d4": "0.0", "d5": "0", "d6": "", "d7": ""}
{"d0": "tick=23081 goal=0", "d2": "0.455,0.497,0.698,1.626,1.483,0.302,0.175,0.178,0.127,0.087,0.108,0.315,0.260,0.344,0.398,0.506", "d4": "", "d5": "0", "d6": "0", "d7": "0.009"}
{"d0": "tick=23112 goal=0", "d2": "0.452,0.491,0.696,1.624,1.496,0.311,0.192,0.196,0.138,0.105,0.120,0.297,0.264,0.344,0.369,0.458", "d4": "5.4", "d5": "", "d6": "0", "d7": "-0.008"}
{"d0": "tick=23142 goal=0", "d2": "", "d4": "0.3", "d5": "0", "d6": "0", "d7": "0.003"}
{"d0": "tick=23173 goal=0", "d2": "0.464,0.485,0.677,1.618,1.488,0.334,0.193,0.198,0.126,0.110,0.137,0.291,0.262,0.350,0.386,0.466", "d4": "358.6", "d5": "0", "d6": "0", "d7": "0.008"}
{"d0": "", "d2": "0.452,0.486,0.668,1.636,1.494,0.354,0.185,0.194,0.137,0.110,0.131,0.299,0.256,0.368,0.381,0.447", "d4": "2.6", "d5": "0", "d6": "0", "d7": ""}
{"d0": "tick=23231 goal=0", "d2": "0.435,0.476,0.666,1.635,1.492,0.355,0.206,0.210,0.144,0.114,0.136,0.297,0.266,0.350,0.377,0.441", "d4": "1.2", "d5": "", "d6": "0", "d7": ""}
{"d0": "", "d2": "0.442,0.477,0.642,1.627,1.502,0.364,0.202,0.202,0.164,0.106,0.130,0.305,0.243,0.364,0.375,0.452", "d4": "354.0", "d5": "", "d6": "0", "d7": "0.011"}
{"d0": "", "d2": "0.437,0.467,0.626,1.617,1.488,0.373,0.216,0.218,0.154,0.127,0.143,0.299,0.242,0.390,0.385,0.442", "d4": "", "d5": "0", "d6": "", "d7": "0.013"}
{"d0": "", "d2": "0.423,0.461,0.636,1.624,1.510,0.374,0.214,0.199,0.143,0.129,-1.000,0.299,0.248,0.369,0.370,0.455", "d4": "359.6", "d5": "0", "d6": "0", "d7": "0.007"}
{"d0": "tick=23353 goal=0", "d2": "0.411,0.465,0.626,1.630,1.507,0.367,0.216,0.227,0.167,0.135,0.202,0.303,0.247,0.375,0.367,0.439", "d4": "", "d5": "", "d6": "0", "d7": "0.013"}
{"d0": "tick=23383 goal=0", "d2": "0.423,0.456,0.594,1.625,1.516,0.410,0.231,0.229,0.139,0.131,0.214,0.316,0.254,0.393,0.367,0.430", "d4": "357.7", "d5": "", "d6": "0", "d7": "0.009"}
{"d0": "tick=23414 goal=0", "d2": "0.417,0.460,0.602,1.637,1.512,0.412,0.240,0.251,0.158,0.131,0.228,0.296,0.264,0.364,0.383,0.429", "d4": "", "d5": "", "d6": "", "d7": ""}
{"d0": "", "d2": "0.415,0.444,0.566,1.650,1.514,0.405,0.233,0.225,0.175,0.145,0.249,0.315,0.250,0.363,0.373,0.447", "d4": "0.4", "d5": "", "d6": "0", "d7": ""}
{"d0": "tick=23471 goal=0", "d2": "0.386,0.426,0.578,1.625,1.501,0.417,0.240,0.240,0.164,0.132,0.274,0.325,0.255,0.359,0.385,0.439", "d4": "358.6", "d5": "0", "d6": "0", "d7": ""}
{"d0": "tick=23502 goal=0", "d2": "0.403,0.422,0.569,1.627,1.501,0.444,0.238,0.234,0.174,0.139,0.276,0.311,0.256,0.342,0.397,0.428", "d4": "", "d5": "0", "d6": "", "d7": ""}
{"d0": "", "d2": "0.396,0.413,0.570,1.616,1.507,0.448,0.249,0.260,0.189,0.160,0.284,0.320,0.246,0.368,0.371,0.419", "d4": "356.3", "d5": "0", "d6": "0", "d7": "0.015"}
{"d0": "tick=23563 goal=0", "d2": "0.386,-1.000,0.545,1.607,1.501,0.474,0.240,0.229,0.190,0.160,0.266,0.308,0.268,0.355,0.381,0.419", "d4": "3.0", "d5": "0", "d6": "0", "d7": "0.001"}
{"d0": "tick=23594 goal=0", "d2": "0.381,0.407,0.546,1.601,1.516,0.685,0.243,0.246,0.207,0.163,0.312,0.294,0.253,0.346,0.383,0.410", "d4": "", "d5": "", "d6": "0", "d7": "0.010"}
{"d0": "tick=23622 goal=0", "d2": "0.376,0.410,0.538,1.602,1.498,0.704,0.251,0.260,0.219,0.173,0.307,0.314,0.280,0.367,0.396,-1.000", "d4": "", "d5": "", "d6": "", "d7": ""}
{"d0": "", "d2": "", "d4": "358.4", "d5": "0", "d6": "0", "d7": "-0.001"}
{"d0": "tick=23683 goal=0", "d2": "0.348,0.380,0.488,1.612,1.507,0.716,0.273,0.294,0.211,0.177,0.329,0.302,0.278,0.337,0.435,0.388", "d4": "", "d5": "", "d6": "", "d7": ""}
{"d0": "", "d2": "-1.000,0.370,0.501,1.593,1.504,0.727,0.254,0.278,0.227,0.176,0.325,0.277,0.292,0.351,0.429,0.385", "d4": "", "d5": "0", "d6": "0", "d7": ""}
{"d0": "tick=23743 goal=0", "d2": "", "d4": "358.9", "d5": "0", "d6": "0", "d7": "-0.006"}
{"d0": "tick=23772 goal=0", "d2": "0.361,0.356,0.476,1.601,1.488,0.766,0.282,0.293,0.238,0.205,0.325,0.280,0.286,0.331,0.434,0.378", "d4": "0.3", "d5": "0", "d6": "0", "d7": ""}
{"d0": "tick=23803 goal=0", "d2": "0.336,0.351,0.495,1.585,1.493,0.754,0.287,0.285,0.225,0.205,0.320,0.276,0.320,0.325,0.440,0.389", "d4": "358.4", "d5": "0", "d6": "0", "d7": "-0.009"}
{"d0": "", "d2": "0.339,0.346,0.461,1.577,1.486,0.750,0.295,0.287,0.233,0.223,0.349,0.285,0.300,0.320,0.432,0.379", "d4": "", "d5": "0", "d6": "0", "d7": "0.006"}
{"d0": "tick=23864 goal=0", "d2": "0.318,0.336,0.471,-1.000,1.472,0.757,0.296,0.298,0.247,0.230,0.371,0.280,0.281,0.339,0.434,0.387", "d4": "358.2", "d5": "0", "d6": "0", "d7": "0.002"}
{"d0": "", "d2": "0.324,0.325,0.466,0.914,1.476,0.772,0.301,0.309,0.259,0.216,0.370,0.284,0.308,0.325,0.418,0.347", "d4": "", "d5": "0", "d6": "0", "d7": ""}
{"d0": "tick=23924 goal=0", "d2": "0.336,0.308,0.443,0.853,1.475,0.770,0.291,0.304,0.240,0.227,0.360,0.263,0.316,0.314,0.437,0.380", "d4": "1.2", "d5": "0", "d6": "", "d7": "0.015"}
{"d0": "tick=23952 goal=0", "d2": "0.319,0.322,0.436,0.867,1.484,0.771,0.330,0.305,0.277,0.228,0.369,0.281,0.339,0.309,0.443,0.373", "d4": "357.5", "d5": "", "d6": "", "d7": "0.001"}
{"d0": "tick=23981 goal=0", "d2": "0.307,0.296,0.433,0.838,1.463,0.774,0.331,0.305,0.261,0.231,0.372,0.273,0.328,0.302,0.445,-1.000", "d4": "0.9", "d5": "", "d6": "0", "d7": ""}
{"d0": "", "d2": "0.308,0.276,0.411,0.822,1.460,0.806,0.356,0.325,0.267,0.232,0.376,0.271,0.347,0.309,0.443,0.357", "d4": "1.8", "d5": "", "d6": "", "d7": ""}
{"d0": "", "d2": "0.302,0.297,0.417,0.803,1.469,0.793,0.350,0.334,0.252,0.249,0.382,0.264,0.352,0.319,0.438,0.345", "d4": "1.1", "d5": "0", "d6": "0", "d7": "0.001"}
{"d0": "", "d2": "0.304,0.290,0.429,0.777,1.455,0.794,0.367,0.326,0.292,0.239,0.407,0.271,0.341,0.301,0.436,0.322", "d4": "0.7", "d5": "0", "d6": "0", "d7": "0.035"}
{"d0": "tick=24104 goal=0", "d2": "0.314,0.268,0.412,0.785,1.436,0.792,0.378,0.322,0.275,0.252,0.405,0.263,0.339,0.316,0.424,0.332", "d4": "355.5", "d5": "0", "d6": "0", "d7": ""}
{"d0": "tick=24132 goal=0", "d2": "0.289,0.277,0.387,0.784,1.453,0.806,0.382,0.352,0.287,0.263,0.399,0.284,0.348,0.291,0.425,0.318", "d4": "", "d5": "0", "d6": "", "d7": "0.007"}
{"d0": "tick=24163 goal=0", "d2": "0.295,0.259,0.401,0.771,1.437,0.815,0.373,0.345,0.291,0.294,0.379,0.283,0.346,0.290,0.396,0.327", "d4": "", "d5": "0", "d6": "0", "d7": ""}
{"d0": "", "d2": "-1.000,0.255,0.384,0.751,1.413,0.827,0.401,0.340,0.306,0.296,0.388,0.279,0.336,0.298,0.392,0.304", "d4": "", "d5": "0", "d6": "0", "d7": ""}
{"d0": "tick=24223 goal=0", "d2": "0.274,0.248,0.375,0.753,1.438,0.828,0.422,0.345,0.338,0.286,0.398,0.282,0.338,0.286,0.381,0.324", "d4": "0.2", "d5": "", "d6": "", "d7": "0.016"}
{"d0": "tick=24253 goal=0", "d2": "0.256,0.243,0.376,0.765,1.421,0.843,0.422,0.342,0.319,0.301,0.396,0.294,0.325,0.273,0.351,0.313", "d4": "1.0", "d5": "0", "d6": "", "d7": "0.009"}
{"d0": "tick=24284 goal=0", "d2": "0.271,0.237,0.376,0.727,1.438,0.833,0.435,0.321,0.303,0.320,0.385,0.286,0.320,0.272,0.361,0.315", "d4": "", "d5": "", "d6": "0", "d7": "0.007"}
{"d0": "", "d2": "0.250,0.227,0.365,0.738,1.422,0.842,0.444,0.361,0.314,0.315,0.394,0.283,0.347,0.306,0.340,0.296", "d4": "", "d5": "", "d6": "", "d7": "0.008"}
{"d0": "tick=24343 goal=0", "d2": "0.256,0.230,0.343,0.698,1.406,0.869,0.453,0.356,0.346,0.325,0.400,0.300,0.331,0.300,0.341,0.320", "d4": "", "d5": "0", "d6": "", "d7": "0.030"}
{"d0": "", "d2": "0.240,0.229,0.361,0.694,1.422,0.879,0.449,0.373,0.343,0.328,0.409,0.312,0.319,0.301,0.346,0.296", "d4": "3.9", "d5": "0", "d6": "0", "d7": "0.007"}
{"d0": "", "d2": "0.248,0.200,0.349,0.709,1.412,0.881,0.475,0.368,0.344,0.344,0.385,0.302,0.332,0.289,0.298,0.301", "d4": "0.5", "d5": "", "d6": "", "d7": ""}
{"d0": "", "d2": "0.256,0.217,0.337,0.675,1.419,0.882,0.466,0.360,0.334,0.347,0.386,0.304,0.315,0.304,0.306,0.271", "d4": "", "d5": "", "d6": "0", "d7": ""}
{"d0": "tick=24464 goal=0", "d2": "0.204,0.203,0.336,0.695,1.413,0.877,0.500,0.361,0.356,0.369,0.413,0.311,0.325,0.301,0.296,0.286", "d4": "", "d5": "0", "d6": "", "d7": "0.020"}
{"d0": "tick=24494 goal=0", "d2": "0.220,0.213,0.335,0.696,1.403,0.900,0.484,0.377,0.362,0.354,0.390,0.312,0.298,0.289,0.299,0.272", "d4": "2.5", "d5": "0", "d6": "0", "d7": "0.018"}
{"d0": "tick=24523 goal=0", "d2": "0.208,0.200,0.319,0.664,1.415,0.916,0.500,0.390,0.370,0.383,0.375,0.329,0.306,0.298,0.269,0.276", "d4": "359.8", "d5": "0", "d6": "0", "d7": "0.019"}
{"d0": "", "d2": "0.223,0.203,0.322,0.675,1.418,0.914,0.499,0.405,0.370,0.399,0.374,0.331,0.303,0.305,0.276,0.268", "d4": "", "d5": "0", "d6": "", "d7": "-0.006"}
{"d0": "tick=24583 goal=0", "d2": "0.199,0.184,0.311,0.659,1.431,0.941,0.504,0.392,0.372,0.409,0.382,0.343,0.303,0.320,0.293,0.254", "d4": "", "d5": "0", "d6": "0", "d7": ""}
{"d0": "tick=24614 goal=0", "d2": "", "d4": "356.0", "d5": "0", "d6": "", "d7": ""}
{"d0": "tick=24644 goal=0", "d2": "0.201,0.164,0.307,0.645,1.429,0.963,0.509,0.388,0.379,0.407,0.368,0.333,0.282,0.317,0.263,0.266", "d4": "", "d5": "0", "d6": "0", "d7": "-0.004"}
{"d0": "", "d2": "0.182,0.162,0.274,0.639,1.440,1.017,0.529,0.439,0.361,0.413,0.335,0.347,0.294,0.332,0.264,0.233", "d4": "1.7", "d5": "0", "d6": "0", "d7": "0.007"}
{"d0": "", "d2": "0.173,0.150,0.285,0.628,1.432,1.048,0.531,0.421,0.390,0.426,0.352,0.349,0.292,0.347,0.257,0.228", "d4": "", "d5": "0", "d6": "0", "d7": ""}
{"d0": "tick=24734 goal=0", "d2": "0.178,0.144,0.259,0.605,1.425,1.064,0.522,0.416,0.403,0.424,0.362,0.355,0.270,0.349,0.255,0.247", "d4": "1.5", "d5": "0", "d6": "0", "d7": "0.016"}
{"d0": "tick=24763 goal=0", "d2": "0.167,0.139,0.241,0.613,1.448,1.086,0.545,0.435,0.403,0.440,0.355,0.342,0.266,0.343,0.249,0.239", "d4": "", "d5": "0", "d6": "0", "d7": ""}
{"d0": "", "d2": "", "d4": "2.1", "d5": "0", "d6": "0", "d7": "-0.012"}
{"d0": "", "d2": "", "d4": "1.4", "d5": "", "d6": "", "d7": "0.004"}
{"d0": "tick=24853 goal=0", "d2": "", "d4": "359.3", "d5": "", "d6": "", "d7": ""}
{"d0": "tick=24884 goal=0", "d2": "", "d4": "1.9", "d5": "0", "d6": "0", "d7": "0.015"}
{"d0": "", "d2": "0.136,0.127,0.184,0.541,1.461,1.117,0.579,0.424,0.410,0.480,0.344,0.377,0.263,0.335,0.219,0.211", "d4": "", "d5": "0", "d6": "0", "d7": "0.020"}
{"d0": "tick=24945 goal=0", "d2": "0.144,0.111,0.177,0.518,1.470,1.133,0.577,0.437,0.434,0.479,0.362,0.382,0.267,0.352,-1.000,0.212", "d4": "358.0", "d5": "0", "d6": "0", "d7": "0.000"}
{"d0": "tick=24973 goal=0", "d2": "0.123,0.126,0.147,0.392,1.463,1.145,0.593,0.441,0.423,-1.000,0.353,0.372,0.270,0.353,0.200,0.204", "d4": "358.2", "d5": "0", "d6": "0", "d7": "0.009"}
{"d0": "", "d2": "0.116,0.113,0.151,0.353,1.482,1.162,0.605,0.459,0.434,0.504,0.372,0.372,0.280,0.327,0.196,0.196", "d4": "", "d5": "", "d6": "0", "d7": "0.003"}
{"d0": "tick=25034 goal=0", "d2": "0.138,0.092,0.149,0.322,1.494,1.150,0.591,0.468,0.445,0.482,0.363,0.367,0.262,0.349,0.186,0.187", "d4": "1.0", "d5": "0", "d6": "", "d7": "0.006"}
{"d0": "tick=25062 goal=0", "d2": "", "d4": "1.9", "d5": "0", "d6": "0", "d7": "0.005"}
{"d0": "", "d2": "0.121,0.088,0.124,0.299,1.466,1.157,0.617,0.482,0.439,0.514,0.364,0.373,0.286,0.308,0.199,0.172", "d4": "", "d5": "", "d6": "", "d7": "0.011"}
{"d0": "tick=25124 goal=0", "d2": "0.126,0.108,0.125,0.315,1.484,1.143,0.607,0.471,0.451,0.511,0.385,0.351,0.281,0.292,0.194,0.184", "d4": "2.8", "d5": "", "d6": "0", "d7": ""}
{"d0": "tick=25153 goal=0", "d2": "", "d4": "", "d5": "0", "d6": "0", "d7": ""}
{"d0": "", "d2": "0.103,0.108,0.128,0.322,1.473,1.136,0.608,0.460,0.440,0.520,0.377,0.354,0.254,0.325,0.209,0.171", "d4": "2.8", "d5": "0", "d6": "", "d7": "-0.012"}
{"d0": "tick=25215 goal=0", "d2": "0.092,0.098,0.134,0.325,1.469,1.138,0.601,0.465,0.435,0.484,0.368,-1.000,0.282,0.322,0.200,0.185", "d4": "", "d5": "0", "d6": "", "d7": ""}
{"d0": "", "d2": "0.114,0.112,0.133,0.351,1.490,1.133,0.597,0.457,0.446,-1.000,0.365,0.352,0.282,0.362,0.212,0.194", "d4": "", "d5": "0", "d6": "", "d7": ""}
{"d0": "tick=25274 goal=0", "d2": "0.124,0.092,0.139,0.368,1.477,1.157,0.588,0.450,0.429,0.482,0.350,0.356,0.276,0.348,0.229,0.206", "d4": "356.2", "d5": "", "d6": "0", "d7": ""}
{"d0": "", "d2": "0.159,0.110,0.163,0.388,1.453,1.147,0.592,0.460,0.434,0.484,0.340,0.381,0.273,0.349,0.202,0.204", "d4": "3.4", "d5": "", "d6": "0", "d7": ""}
{"d0": "", "d2": "0.148,0.123,0.168,0.525,1.457,1.118,0.608,0.447,0.428,0.474,0.343,0.367,0.275,0.340,0.219,0.193", "d4": "", "d5": "0", "d6": "0", "d7": "-0.017"}
{"d0": "tick=25364 goal=0", "d2": "0.145,0.108,0.225,0.554,1.455,1.121,0.565,-1.000,0.422,0.463,0.355,0.380,0.281,0.347,0.245,0.220", "d4": "", "d5": "0", "d6": "0", "d7": "0.000"}
{"d0": "", "d2": "0.171,0.134,0.250,0.578,1.456,1.106,0.547,0.431,0.408,0.463,0.354,0.382,0.265,0.325,0.231,0.222", "d4": "", "d5": "0", "d6": "0", "d7": ""}
{"d0": "tick=25424 goal=0", "d2": "0.171,0.123,0.235,0.578,1.438,1.094,0.544,0.424,0.409,0.462,0.349,0.369,0.285,0.348,0.218,0.235", "d4": "4.4", "d5": "", "d6": "0", "d7": ""}
{"d0": "tick=25453 goal=0", "d2": "0.163,0.136,0.258,0.606,1.430,1.076,0.538,0.416,0.394,-1.000,0.350,0.357,0.261,0.344,0.245,0.240", "d4": "359.4", "d5": "0", "d6": "0", "d7": "-0.005"}
{"d0": "tick=25484 goal=0", "d2": "0.170,0.158,0.268,0.628,1.437,1.066,0.520,0.402,0.389,0.438,0.364,0.358,0.271,0.347,0.230,0.230", "d4": "0.4", "d5": "0", "d6": "", "d7": "-0.006"}
{"d0": "tick=25514 goal=0", "d2": "0.175,0.160,0.267,0.630,1.432,1.001,-1.000,0.413,0.371,0.421,0.348,0.373,0.279,0.324,0.250,0.229", "d4": "", "d5": "", "d6": "0", "d7": "-0.003"}
{"d0": "tick=25544 goal=0", "d2": "0.194,0.166,0.290,0.651,1.429,0.959,0.524,0.401,0.369,0.422,0.350,0.337,0.276,0.346,0.245,0.259", "d4": "357.7", "d5": "0", "d6": "0", "d7": "-0.005"}
{"d0": "tick=25575 goal=0", "d2": "", "d4": "0.7", "d5": "", "d6": "", "d7": ""}
{"d0": "tick=25604 goal=0", "d2": "0.213,0.176,0.319,0.667,1.400,0.934,0.507,0.378,0.355,0.386,0.381,0.335,0.308,0.315,0.289,0.277", "d4": "359.6", "d5": "", "d6": "0", "d7": ""}
{"d0": "", "d2": "0.214,0.182,0.304,0.680,1.429,0.907,0.494,0.406,0.354,0.385,0.383,0.307,0.326,0.282,0.287,0.279", "d4": "357.9", "d5": "0", "d6": "0", "d7": ""}
{"d0": "", "d2": "0.198,0.201,0.320,0.705,1.419,0.865,0.495,0.383,0.342,0.369,0.396,0.319,0.315,0.286,0.286,0.304", "d4": "358.9", "d5": "0", "d6": "0", "d7": "-0.030"}
{"d0": "tick=25695 goal=0", "d2": "0.240,0.207,0.351,0.705,1.417,0.875,0.472,0.370,0.324,0.347,0.412,0.311,0.322,0.292,0.319,0.268", "d4": "", "d5": "0", "d6": "0", "d7": "-0.013"}
{"d0": "tick=25725 goal=0", "d2": "0.242,0.229,0.363,0.728,1.432,0.865,0.459,0.377,0.325,0.336,0.411,0.311,0.319,0.295,0.320,0.297", "d4": "2.5", "d5": "0", "d6": "0", "d7": "-0.009"}
{"d0": "tick=25753 goal=0", "d2": "0.265,0.228,0.363,0.726,1.423,0.841,0.461,0.360,0.315,0.353,0.409,0.306,0.323,0.283,0.342,0.314", "d4": "0.4", "d5": "", "d6": "", "d7": ""}
{"d0": "tick=25783 goal=0", "d2": "0.266,0.245,0.355,0.733,1.423,0.851,0.440,0.344,0.317,0.306,0.416,0.311,0.340,0.302,0.336,0.307", "d4": "3.3", "d5": "0", "d6": "0", "d7": "-0.013"}
{"d0": "tick=25813 goal=0", "d2": "0.268,0.247,0.354,0.764,1.427,0.836,0.419,0.354,0.329,0.309,0.405,0.286,0.329,0.287,0.374,0.309", "d4": "", "d5": "0", "d6": "", "d7": "-0.002"}
{"d0": "", "d2": "0.262,0.270,0.385,0.754,1.434,0.833,0.399,0.335,0.295,0.285,0.389,0.276,0.339,0.276,0.376,0.338", "d4": "", "d5": "0", "d6": "", "d7": "-0.021"}
{"d0": "", "d2": "0.278,0.289,0.387,0.761,1.446,0.821,0.388,0.337,0.271,0.291,0.382,0.283,0.347,0.290,0.367,0.327", "d4": "1.4", "d5": "0", "d6": "0", "d7": "-0.019"}
{"d0": "tick=25904 goal=0", "d2": "0.287,0.276,0.405,0.805,1.447,0.824,0.390,0.326,0.287,0.275,0.372,0.264,0.344,0.287,0.397,0.360", "d4": "", "d5": "", "d6": "0", "d7": "-0.017"}
{"d0": "tick=25933 goal=0", "d2": "0.312,0.303,0.405,0.785,1.471,0.801,0.349,0.321,0.294,0.263,0.384,0.260,0.333,0.300,0.409,0.363", "d4": "", "d5": "0", "d6": "0", "d7": "-0.006"}
{"d0": "tick=25965 goal=0", "d2": "0.317,0.287,0.421,0.858,1.476,0.795,0.339,0.308,0.271,0.236,0.387,0.262,0.356,0.305,0.434,0.340", "d4": "0.6", "d5": "0", "d6": "0", "d7": "-0.019"}
{"d0": "tick=25995 goal=0", "d2": "0.315,0.311,0.420,0.869,1.485,0.768,0.327,0.303,0.259,0.223,0.374,0.258,0.337,0.309,0.453,0.351", "d4": "359.0", "d5": "0", "d6": "0", "d7": "-0.004"}
{"d0": "tick=26023 goal=0", "d2": "0.322,0.325,0.441,0.956,1.469,0.774,0.308,0.287,0.282,0.214,0.368,0.270,0.305,0.318,0.459,0.365", "d4": "359.5", "d5": "0", "d6": "0", "d7": "-0.023"}
{"d0": "tick=26053 goal=0", "d2": "0.351,0.319,0.453,1.572,1.493,0.771,0.307,0.288,0.242,0.231,0.348,0.264,0.311,0.309,0.434,0.358", "d4": "", "d5": "", "d6": "0", "d7": ""}
{"d0": "tick=26083 goal=0", "d2": "0.330,0.345,0.469,1.590,1.495,0.741,0.280,0.257,0.222,0.212,0.332,0.289,0.301,0.332,0.434,0.371", "d4": "358.3", "d5": "0", "d6": "0", "d7": ""}
{"d0": "", "d2": "0.327,0.347,0.493,1.588,1.486,0.728,0.282,0.282,0.228,0.216,0.351,0.294,0.279,0.334,0.441,0.392", "d4": "", "d5": "0", "d6": "", "d7": "-0.015"}
{"d0": "", "d2": "0.356,0.360,0.506,1.599,1.486,0.723,0.300,0.262,0.222,0.202,0.331,0.275,0.303,0.336,0.443,0.387", "d4": "0.4", "d5": "", "d6": "0", "d7": ""}
{"d0": "", "d2": "0.365,0.369,0.509,1.593,1.494,0.712,0.266,0.280,0.210,0.178,0.324,0.286,0.274,0.349,0.430,0.410", "d4": "2.1", "d5": "", "d6": "", "d7": ""}
{"d0": "tick=26205 goal=0", "d2": "0.358,0.373,0.526,1.600,1.530,0.699,0.267,0.280,0.208,0.188,0.322,0.288,0.281,0.361,0.431,0.420", "d4": "", "d5": "0", "d6": "0", "d7": ""}
{"d0": "tick=26235 goal=0", "d2": "0.380,0.405,0.515,1.617,1.506,0.666,0.256,0.259,0.194,0.162,0.307,0.270,0.255,0.361,0.419,0.413", "d4": "", "d5": "", "d6": "", "d7": ""}
{"d0": "", "d2": "0.380,0.407,0.557,1.630,1.516,0.462,0.258,0.239,0.209,0.158,0.277,0.323,0.254,0.350,0.387,0.430", "d4": "3.7", "d5": "", "d6": "0", "d7": "-0.021"}
{"d0": "tick=26293 goal=0", "d2": "0.393,0.429,0.598,1.616,1.509,0.432,0.244,0.243,0.179,0.155,0.273,0.294,0.263,0.362,0.400,0.419", "d4": "0.3", "d5": "0", "d6": "0", "d7": "-0.005"}
{"d0": "tick=26325 goal=0", "d2": "0.392,0.429,0.603,1.624,1.504,0.417,0.231,0.244,0.193,0.159,0.270,0.312,0.240,0.342,0.373,0.440", "d4": "358.6", "d5": "", "d6": "0", "d7": "-0.012"}
{"d0": "tick=26353 goal=0", "d2": "0.393,0.435,0.610,1.613,1.517,0.398,0.210,0.227,0.174,0.128,0.231,0.296,0.264,-1.000,0.367,0.452", "d4": "358.1", "d5": "0", "d6": "", "d7": ""}
{"d0": "tick=26384 goal=0", "d2": "0.420,0.449,0.626,1.624,1.508,0.379,0.237,0.222,0.155,0.124,0.232,0.300,0.237,0.378,0.373,0.439", "d4": "359.4", "d5": "", "d6": "", "d7": ""}
{"d0": "tick=26414 goal=0", "d2": "0.414,0.464,0.649,1.632,1.484,0.375,0.215,0.239,0.151,0.132,0.198,0.307,0.248,0.386,0.376,0.449", "d4": "", "d5": "", "d6": "", "d7": ""}
{"d0": "tick=26444 goal=0", "d2": "0.437,0.476,0.658,1.624,1.508,0.378,0.208,0.222,0.122,0.135,0.159,0.297,0.240,0.379,0.371,0.475", "d4": "359.3", "d5": "", "d6": "", "d7": "0.012"}
{"d0": "tick=26474 goal=0", "d2": "0.446,0.479,0.652,1.619,1.488,0.367,0.213,0.196,0.134,0.117,0.134,0.304,0.253,0.380,0.379,0.463", "d4": "", "d5": "0", "d6": "0", "d7": "-0.021"}
{"d0": "tick=26504 goal=0", "d2": "0.443,0.480,0.698,1.643,1.486,0.318,0.198,0.182,0.133,0.108,0.137,0.311,0.256,0.370,0.382,0.473", "d4": "358.9", "d5": "0", "d6": "0", "d7": "0.003"}
{"d0": "", "d2": "0.458,0.504,0.712,1.636,1.472,0.237,0.203,0.182,0.114,0.067,0.109,0.301,0.248,0.350,0.398,0.479", "d4": "1.8", "d5": "0", "d6": "", "d7": ""}
{"d0": "tick=26563 goal=0", "d2": "0.456,0.510,0.712,1.631,1.477,0.233,0.180,0.164,0.140,0.089,0.105,0.324,0.268,0.352,0.384,0.488", "d4": "358.1", "d5": "0", "d6": "1", "d7": ""}
{"d0": "tick=26594 goal=0", "d2": "", "d4": "358.8", "d5": "0", "d6": "", "d7": ""}
{"d0": "tick=26624 goal=0", "d2": "", "d4": "357.7", "d5": "", "d6": "1", "d7": "0.005"}
{"d0": "", "d2": "0.454,0.498,0.718,1.595,1.472,0.226,0.197,0.177,0.139,0.080,0.095,0.299,0.272,0.347,0.386,0.486", "d4": "", "d5": "", "d6": "1", "d7": "0.014"}
{"d0": "tick=26686 goal=0", "d2": "0.454,0.495,0.709,1.616,1.483,0.227,0.185,0.191,0.118,0.079,0.107,0.286,0.272,0.336,0.382,0.488", "d4": "358.1", "d5": "", "d6": "1", "d7": ""}
{"d0": "tick=26715 goal=0", "d2": "0.453,0.499,0.709,1.621,1.483,0.255,0.181,0.195,0.120,0.114,0.102,0.304,0.238,0.352,0.397,0.490", "d4": "359.0", "d5": "", "d6": "1", "d7": "0.001"}
{"d0": "tick=26746 goal=0", "d2": "0.468,0.488,0.695,1.603,1.486,0.221,0.182,0.178,0.139,0.100,0.116,0.289,0.275,0.358,0.383,0.469", "d4": "2.9", "d5": "", "d6": "", "d7": ""}
{"d0": "", "d2": "0.470,0.480,0.707,1.626,1.461,0.234,0.196,0.203,0.135,0.087,0.120,0.314,0.267,0.333,0.393,0.476", "d4": "357.1", "d5": "0", "d6": "", "d7": "-0.008"}
{"d0": "tick=26804 goal=0", "d2": "0.465,0.504,0.694,1.632,1.477,0.232,0.175,0.186,0.121,0.086,0.111,0.308,0.247,0.336,0.384,0.493", "d4": "358.6", "d5": "", "d6": "1", "d7": "0.005"}
{"d0": "", "d2": "0.454,0.493,0.680,1.606,1.484,0.211,0.180,0.187,0.111,0.067,0.107,0.299,0.261,0.347,0.383,0.475", "d4": "359.8", "d5": "", "d6": "1", "d7": ""}
{"d0": "", "d2": "0.446,0.496,0.711,1.607,1.492,0.228,0.195,0.180,0.113,0.076,0.114,0.303,0.243,0.356,0.429,0.486", "d4": "1.7", "d5": "0", "d6": "", "d7": "0.005"}
{"d0": "tick=26894 goal=0", "d2": "0.456,0.494,0.727,1.627,1.477,0.218,0.191,0.176,0.107,0.097,0.095,0.293,0.250,0.329,0.385,0.478", "d4": "", "d5": "", "d6": "", "d7": "0.003"}
{"d0": "tick=26925 goal=0", "d2": "0.451,0.490,0.708,1.626,1.489,0.231,0.184,0.175,0.131,0.075,0.112,0.302,0.253,0.350,0.368,0.476", "d4": "357.8", "d5": "", "d6": "1", "d7": "-0.022"}
{"d0": "tick=26955 goal=0", "d2": "0.447,0.501,0.714,1.622,1.471,0.222,0.196,0.185,0.125,0.097,0.094,0.296,0.234,0.347,0.391,0.480", "d4": "", "d5": "", "d6": "1", "d7": "-0.009"}
{"d0": "", "d2": "-1.000,0.490,0.722,1.602,1.486,0.205,0.203,0.176,0.120,0.079,0.110,0.282,0.236,0.354,0.394,0.469", "d4": "1.1", "d5": "", "d6": "1", "d7": "-0.010"}
{"d0": "tick=27014 goal=0", "d2": "0.459,0.495,0.698,1.619,1.487,0.219,0.172,0.176,0.123,0.100,0.101,0.313,0.255,0.319,0.396,0.476", "d4": "", "d5": "0", "d6": "1", "d7": ""}
{"d0": "tick=27046 goal=0", "d2": "0.457,0.481,0.703,1.618,1.490,0.209,0.202,0.185,0.099,0.076,0.100,0.287,0.245,0.364,0.385,0.486", "d4": "", "d5": "0", "d6": "1", "d7": "0.009"}
{"d0": "", "d2": "0.461,0.463,0.704,1.608,1.485,0.215,0.183,0.180,0.131,0.082,0.096,0.297,0.263,0.329,0.389,0.492", "d4": "359.9", "d5": "", "d6": "", "d7": "0.009"}
{"d0": "", "d2": "0.467,0.489,0.714,1.614,1.485,0.215,0.197,0.159,0.128,0.077,0.093,0.286,0.242,0.347,0.387,0.470", "d4": "", "d5": "", "d6": "1", "d7": "-0.002"}
{"d0": "tick=27134 goal=0", "d2": "0.446,0.493,0.707,1.601,1.472,0.215,0.195,0.188,0.116,0.085,0.100,0.297,0.242,0.343,0.388,0.473", "d4": "", "d5": "", "d6": "1", "d7": "0.009"}
{"d0": "", "d2": "0.467,0.489,0.710,1.618,1.479,0.225,0.187,0.185,0.121,0.109,0.100,0.284,0.266,0.342,0.370,0.486", "d4": "356.8", "d5": "", "d6": "1", "d7": ""}
{"d0": "tick=27196 goal=0", "d2": "0.459,0.502,0.707,1.624,1.494,0.214,0.205,0.181,0.136,0.074,0.101,0.299,0.247,0.347,0.389,0.484", "d4": "358.7", "d5": "0", "d6": "1", "d7": "0.006"}
{"d0": "tick=27224 goal=0", "d2": "0.455,0.491,0.715,1.604,1.471,0.237,0.199,0.178,0.128,0.091,0.106,0.290,0.253,0.332,0.399,0.491", "d4": "", "d5": "", "d6": "", "d7": ""}
{"d0": "tick=27256 goal=0", "d2": "0.473,0.483,0.705,1.623,1.500,0.207,0.173,0.175,0.118,0.088,0.115,0.279,0.247,0.332,0.400,0.492", "d4": "", "d5": "", "d6": "1", "d7": "0.019"}
{"d0": "tick=27285 goal=0", "d2": "0.452,0.481,0.703,1.613,1.464,0.216,0.178,0.200,0.127,0.104,0.095,0.276,0.259,0.354,0.376,0.475", "d4": "5.9", "d5": "", "d6": "", "d7": "-0.002"}
{"d0": "tick=27314 goal=0", "d2": "0.431,0.484,0.698,1.604,1.487,0.228,0.203,0.196,0.124,0.095,0.102,0.305,0.241,0.333,0.401,0.484", "d4": "1.2", "d5": "0", "d6": "1", "d7": "-0.009"}
{"d0": "tick=27344 goal=0", "d2": "0.440,0.492,0.702,1.596,1.484,0.243,0.187,0.174,0.115,-1.000,0.107,0.295,0.264,0.342,0.392,0.469", "d4": "1.6", "d5": "", "d6": "1", "d7": "-0.003"}
{"d0": "", "d2": "0.456,0.514,0.701,1.608,1.469,0.238,0.189,0.189,0.123,0.077,0.105,0.307,0.267,0.333,0.395,0.490", "d4": "", "d5": "", "d6": "", "d7": "-0.003"}
{"d0": "tick=27405 goal=0", "d2": "0.466,0.485,0.685,1.620,1.491,0.231,0.169,0.180,0.119,0.085,0.106,0.302,0.248,0.335,0.407,0.478", "d4": "359.5", "d5": "0", "d6": "1", "d7": "-0.015"}
{"d0": "tick=27435 goal=0", "d2": "0.454,-1.000,0.718,1.612,1.482,0.220,0.196,0.170,0.132,0.096,0.121,0.292,0.239,0.343,0.385,0.478", "d4": "0.1", "d5": "0", "d6": "", "d7": "-0.004"}
{"d0": "", "d2": "0.456,0.513,0.692,1.614,1.469,0.218,0.211,0.193,0.119,0.089,0.116,0.289,0.252,0.354,0.382,0.475", "d4": "", "d5": "0", "d6": "1", "d7": "0.004"}
{"d0": "", "d2": "", "d4": "0.1", "d5": "0", "d6": "1", "d7": "-0.006"}
{"d0": "", "d2": "0.463,0.489,0.728,1.605,1.467,0.227,0.185,0.184,0.131,0.091,0.113,0.304,0.240,0.328,0.393,0.499", "d4": "359.8", "d5": "0", "d6": "1", "d7": ""}
{"d0": "tick=27555 goal=0", "d2": "0.442,0.504,0.694,1.623,1.493,0.218,0.181,0.191,0.130,0.076,0.117,0.303,0.252,0.341,0.382,0.475", "d4": "0.5", "d5": "0", "d6": "1", "d7": "-0.021"}
{"d0": "tick=27586 goal=0", "d2": "0.468,0.490,0.707,1.631,1.495,0.212,0.190,0.179,0.128,0.072,0.107,0.304,0.258,0.341,0.397,0.479", "d4": "1.3", "d5": "0", "d6": "1", "d7": ""}
{"d0": "", "d2": "0.462,0.499,0.707,1.620,1.473,0.220,0.181,0.181,0.117,0.088,0.108,-1.000,0.257,0.351,0.397,0.489", "d4": "0.5", "d5": "", "d6": "1", "d7": "0.001"}
{"d0": "tick=27645 goal=0", "d2": "0.458,0.519,0.711,1.638,1.478,0.217,0.167,0.180,0.117,0.100,0.112,0.309,0.259,0.340,0.379,0.495", "d4": "359.5", "d5": "", "d6": "", "d7": "0.018"}
{"d0": "tick=27675 goal=0", "d2": "0.456,0.511,0.692,1.635,1.468,0.216,0.186,0.189,0.121,0.096,0.098,0.285,0.237,0.329,0.390,0.497", "d4": "1.8", "d5": "0", "d6": "1", "d7": "-0.011"}
{"d0": "tick=27706 goal=0", "d2": "0.464,0.497,0.696,1.622,1.489,0.222,0.184,0.184,0.138,0.075,0.112,0.303,0.250,0.339,0.408,0.466", "d4": "", "d5": "0", "d6": "", "d7": "-0.003"}
{"d0": "tick=27736 goal=0", "d2": "0.448,0.514,0.703,1.618,1.481,0.230,0.177,0.182,0.133,0.077,0.104,0.291,0.260,0.361,0.373,0.484", "d4": "358.9", "d5": "0", "d6": "1", "d7": "0.006"}
{"d0": "tick=27766 goal=0", "d2": "0.450,0.488,0.707,1.623,1.482,0.229,0.164,0.171,-1.000,0.092,0.114,0.308,0.260,0.357,0.395,0.474", "d4": "", "d5": "", "d6": "", "d7": "0.007"}
{"d0": "tick=27797 goal=0", "d2": "0.459,0.498,0.691,1.613,1.477,0.233,0.190,0.182,0.116,0.090,0.099,0.298,0.238,0.332,0.392,0.486", "d4": "359.1", "d5": "0", "d6": "1", "d7": ""}
{"d0": "tick=27824 goal=0", "d2": "0.446,0.488,0.689,1.625,1.468,0.216,0.194,-1.000,0.125,0.103,0.117,0.292,0.273,0.339,0.399,0.484", "d4": "357.4", "d5": "", "d6": "", "d7": "0.011"}
{"d0": "tick=27854 goal=0", "d2": "0.473,0.474,0.703,1.614,1.477,0.232,0.193,0.193,0.112,0.103,0.120,0.298,0.269,0.350,0.392,0.501", "d4": "359.5", "d5": "0", "d6": "1", "d7": "-0.008"}
{"d0": "tick=27884 goal=0", "d2": "0.447,-1.000,0.711,1.616,1.473,0.197,0.196,0.183,0.123,0.088,0.102,0.314,0.267,0.356,0.382,0.477", "d4": "", "d5": "0", "d6": "", "d7": ""}
{"d0": "tick=27915 goal=0", "d2": "0.464,0.489,0.697,1.623,1.462,0.226,0.193,0.194,0.106,0.085,0.109,0.317,0.265,0.343,0.408,0.475", "d4": "", "d5": "", "d6": "", "d7": "0.012"}
{"d0": "tick=27946 goal=0", "d2": "0.482,0.480,0.702,1.607,1.472,0.235,0.176,0.185,0.116,0.098,0.102,0.304,0.253,0.353,0.385,0.479", "d4": "", "d5": "0", "d6": "1", "d7": "-0.006"}
{"d0": "tick=27976 goal=0", "d2": "", "d4": "", "d5": "0", "d6": "1", "d7": "-0.009"}
{"d0": "tick=28006 goal=0", "d2": "0.452,0.503,0.699,1.627,1.484,0.213,0.178,0.174,0.111,0.092,0.106,0.302,0.252,0.345,0.404,0.468", "d4": "", "d5": "0", "d6": "1", "d7": "-0.013"}
{"d0": "tick=28036 goal=0", "d2": "0.458,0.507,0.718,1.627,1.477,0.236,0.188,0.202,0.098,0.103,0.106,0.292,0.258,0.355,0.392,0.487", "d4": "1.9", "d5": "0", "d6": "1", "d7": "0.009"}
{"d0": "", "d2": "0.455,0.484,0.693,1.613,1.475,0.226,0.204,0.184,0.116,0.084,0.114,0.294,0.248,0.338,0.398,0.479", "d4": "", "d5": "0", "d6": "1", "d7": ""}
{"d0": "", "d2": "0.446,0.470,0.716,1.613,1.471,0.228,0.200,0.184,0.112,0.100,0.105,0.298,0.253,0.338,0.381,0.471", "d4": "2.3", "d5": "", "d6": "1", "d7": "-0.004"}
{"d0": "tick=28127 goal=0", "d2": "0.466,0.512,0.702,1.630,1.476,0.207,0.179,0.185,0.137,0.083,0.116,0.290,0.266,0.345,0.390,0.491", "d4": "", "d5": "0", "d6": "", "d7": "0.020"}
{"d0": "tick=28155 goal=0", "d2": "0.467,0.497,0.706,1.626,1.495,0.225,0.166,0.166,0.126,0.099,0.126,0.298,0.244,0.352,0.374,0.488", "d4": "358.5", "d5": "0", "d6": "", "d7": "0.023"}
{"d0": "tick=28186 goal=0", "d2": "0.454,0.485,0.708,1.614,1.477,0.207,0.184,0.194,0.121,0.098,0.082,0.296,0.264,0.343,0.406,0.483", "d4": "", "d5": "0", "d6": "1", "d7": "-0.002"}
{"d0": "tick=28216 goal=0", "d2": "0.464,0.507,0.694,1.624,1.477,0.218,0.194,0.184,0.141,0.087,0.111,0.301,0.253,0.346,0.370,0.469", "d4": "0.7", "d5": "0", "d6": "1", "d7": "0.016"}
{"d0": "", "d2": "0.430,0.488,0.711,1.640,1.484,0.227,0.174,0.190,0.128,0.086,0.102,0.290,0.243,0.344,0.380,0.486", "d4": "", "d5": "", "d6": "", "d7": "-0.024"}
{"d0": "tick=28275 goal=0", "d2": "0.461,0.490,0.708,1.610,1.477,0.234,0.170,0.203,0.121,0.083,0.115,0.288,0.251,0.322,0.383,0.479", "d4": "1.0", "d5": "", "d6": "1", "d7": ""}
{"d0": "tick=28304 goal=0", "d2": "0.477,0.501,0.726,1.627,1.451,0.227,0.189,0.187,0.122,0.087,0.113,0.299,0.262,0.331,0.389,0.458", "d4": "", "d5": "0", "d6": "1", "d7": "0.005"}
{"d0": "", "d2": "0.453,0.489,0.726,1.637,1.495,0.225,0.188,0.177,0.132,0.056,0.118,0.300,0.251,0.329,0.392,0.479", "d4": "", "d5": "", "d6": "", "d7": "-0.011"}
{"d0": "tick=28365 goal=0", "d2": "0.457,0.500,0.699,1.612,1.477,0.204,0.182,0.198,0.106,0.074,0.118,0.299,0.256,0.348,0.393,0.492", "d4": "356.0", "d5": "0", "d6": "", "d7": "0.001"}
{"d0": "", "d2": "0.453,0.508,0.706,1.629,1.486,0.221,0.178,0.167,0.122,0.090,0.122,0.313,0.250,0.348,0.381,0.501", "d4": "2.7", "d5": "0", "d6": "1", "d7": "0.010"}
{"d0": "tick=28427 goal=0", "d2": "0.462,0.501,0.709,1.615,1.476,0.244,0.197,0.199,0.126,0.076,0.114,0.300,0.249,0.340,0.391,0.461", "d4": "", "d5": "", "d6": "", "d7": "-0.016"}
{"d0": "tick=28457 goal=0", "d2": "0.466,0.507,0.720,1.617,1.470,0.217,0.187,0.164,0.131,0.091,0.099,0.282,0.255,0.336,0.384,0.488", "d4": "0.1", "d5": "", "d6": "1", "d7": ""}
{"d0": "tick=28484 goal=0", "d2": "0.465,0.510,0.713,1.608,1.485,0.227,0.199,0.184,0.115,0.096,0.110,0.306,0.258,0.355,0.391,0.473", "d4": "359.5", "d5": "", "d6": "", "d7": "-0.015"}
{"d0": "tick=28515 goal=0", "d2": "0.436,0.497,0.710,1.635,1.493,0.192,0.201,0.168,0.128,0.110,0.093,0.303,0.266,0.339,0.382,0.483", "d4": "359.5", "d5": "", "d6": "1", "d7": ""}
{"d0": "tick=28545 goal=0", "d2": "", "d4": "359.9", "d5": "0", "d6": "1", "d7": "-0.007"}
{"d0": "tick=28576 goal=0", "d2": "0.439,0.502,0.713,1.624,1.486,0.222,0.200,0.169,0.099,0.088,0.116,-1.000,0.256,0.348,0.376,0.480", "d4": "2.4", "d5": "0", "d6": "1", "d7": "0.011"}
{"d0": "tick=28606 goal=0", "d2": "", "d4": "357.6", "d5": "0", "d6": "", "d7": "-0.012"}
{"d0": "tick=28636 goal=0", "d2": "0.473,0.492,0.696,1.633,1.477,0.216,0.200,0.181,0.125,0.108,0.105,0.338,0.253,0.349,0.393,0.491", "d4": "", "d5": "", "d6": "", "d7": ""}
{"d0": "", "d2": "", "d4": "358.6", "d5": "0", "d6": "", "d7": "0.002"}
{"d0": "tick=28696 goal=0", "d2": "0.461,0.492,0.729,1.625,1.457,0.235,0.190,0.182,0.134,0.090,0.124,0.308,0.236,0.335,0.383,0.491", "d4": "1.5", "d5": "", "d6": "1", "d7": "0.012"}
{"d0": "", "d2": "0.449,0.504,-1.000,1.623,1.490,0.233,0.177,0.177,0.126,0.083,0.111,0.292,0.267,0.335,0.394,0.481", "d4": "", "d5": "0", "d6": "", "d7": "0.000"}
{"d0": "tick=28757 goal=0", "d2": "0.460,0.500,0.700,1.625,1.475,0.227,0.185,0.191,0.115,0.098,0.111,0.289,0.249,0.343,0.387,0.476", "d4": "359.2", "d5": "", "d6": "", "d7": ""}
{"d0": "", "d2": "0.461,0.488,0.706,1.615,1.491,0.222,0.187,0.188,0.119,0.088,0.117,0.304,0.260,0.348,0.388,0.462", "d4": "", "d5": "0", "d6": "1", "d7": "0.019"}
{"d0": "", "d2": "0.450,0.487,0.710,1.620,1.485,0.226,0.200,0.192,0.122,0.100,0.110,0.298,0.248,-1.000,0.399,0.487", "d4": "", "d5": "0", "d6": "", "d7": ""}
{"d0": "tick=28845 goal=0", "d2": "0.452,0.502,0.710,1.603,1.486,0.211,0.172,0.192,0.112,0.097,0.108,0.281,0.255,0.341,0.386,0.478", "d4": "", "d5": "0", "d6": "", "d7": ""}
{"d0": "tick=28877 goal=0", "d2": "0.440,0.500,0.713,1.620,1.474,0.224,0.169,0.169,0.130,0.100,0.114,0.305,0.244,0.329,0.391,0.468", "d4": "358.2", "d5": "", "d6": "1", "d7": "-0.001"}
{"d0": "tick=28905 goal=0", "d2": "0.448,0.483,0.714,1.624,1.502,0.215,0.202,0.179,0.132,0.085,0.096,0.287,0.252,0.349,0.387,0.492", "d4": "", "d5": "0", "d6": "", "d7": "-0.003"}
{"d0": "tick=28936 goal=0", "d2": "0.442,0.503,0.708,1.625,1.493,0.231,0.191,0.192,0.120,0.094,0.104,0.293,0.273,0.347,0.390,0.479", "d4": "", "d5": "0", "d6": "", "d7": "0.004"}
{"d0": "tick=28967 goal=0", "d2": "0.468,0.488,0.718,1.630,1.474,0.220,0.184,0.183,0.125,0.105,0.111,0.302,0.244,0.347,0.373,0.470", "d4": "359.7", "d5": "0", "d6": "", "d7": ""}
{"d0": "", "d2": "-1.000,0.508,0.709,1.630,1.481,0.209,0.185,0.174,0.117,0.081,0.113,0.297,0.252,0.341,0.377,0.489", "d4": "0.6", "d5": "0", "d6": "1", "d7": "-0.008"}
{"d0": "tick=29026 goal=0", "d2": "", "d4": "0.8", "d5": "0", "d6": "1", "d7": "-0.007"}
{"d0": "tick=29057 goal=0", "d2": "0.463,0.500,0.715,1.610,1.481,0.217,0.172,0.178,0.131,0.080,0.115,0.301,0.250,0.356,0.390,0.462", "d4": "1.9", "d5": "0", "d6": "", "d7": "-0.003"}
{"d0": "tick=29087 goal=0", "d2": "0.461,0.482,0.708,-1.000,1.469,0.224,0.187,0.187,0.109,0.097,0.106,0.298,0.269,0.345,0.398,0.485", "d4": "355.5", "d5": "0", "d6": "", "d7": ""}
{"d0": "", "d2": "0.447,0.484,0.710,1.623,1.474,0.235,0.168,0.181,0.110,0.080,0.104,0.295,0.248,0.328,0.405,0.464", "d4": "0.8", "d5": "0", "d6": "1", "d7": "-0.010"}
{"d0": "", "d2": "0.440,0.506,0.715,1.601,1.481,0.242,0.185,0.195,0.118,0.094,0.102,0.307,0.250,0.351,0.396,0.478", "d4": "359.3", "d5": "0", "d6": "1", "d7": ""}
{"d0": "tick=29178 goal=0", "d2": "0.467,0.489,0.699,1.625,1.479,0.225,0.186,0.200,0.113,0.078,0.091,0.309,0.255,0.367,0.379,0.467", "d4": "358.7", "d5": "0", "d6": "", "d7": "0.010"}
{"d0": "", "d2": "0.459,0.487,0.692,1.610,1.495,0.226,0.209,0.167,0.122,0.088,0.106,0.292,0.269,0.336,0.396,0.478", "d4": "0.4", "d5": "", "d6": "1", "d7": "0.006"}
{"d0": "", "d2": "0.457,0.508,0.707,1.626,1.473,0.225,0.183,0.195,0.121,0.103,0.118,0.308,-1.000,0.344,0.406,0.478", "d4": "", "d5": "0", "d6": "1", "d7": "-0.006"}
{"d0": "", "d2": "0.462,0.501,0.707,1.603,1.493,0.225,0.166,0.169,0.128,0.094,0.101,0.292,0.251,0.352,0.394,0.473", "d4": "", "d5": "0", "d6": "", "d7": ""}
{"d0": "", "d2": "0.443,0.490,0.694,1.622,1.485,0.227,0.181,0.183,0.122,0.091,0.122,0.299,0.266,0.337,0.382,0.488", "d4": "1.7", "d5": "0", "d6": "1", "d7": ""}
{"d0": "", "d2": "0.470,0.497,0.715,1.620,1.483,0.233,0.177,0.171,0.120,0.090,0.108,0.280,0.244,0.340,0.378,0.475", "d4": "", "d5": "", "d6": "1", "d7": ""}
{"d0": "tick=29356 goal=0", "d2": "0.464,0.495,0.698,1.618,1.489,0.212,0.204,0.190,0.135,0.101,0.089,0.308,0.273,0.338,0.384,0.476", "d4": "", "d5": "0", "d6": "1", "d7": ""}
{"d0": "tick=29386 goal=0", "d2": "0.471,0.499,0.691,1.614,1.490,0.223,0.174,0.175,0.129,0.092,0.098,0.299,0.254,0.323,0.400,0.484", "d4": "", "d5": "0", "d6": "1", "d7": "0.013"}
{"d0": "", "d2": "0.454,0.524,0.712,1.626,1.471,0.234,0.182,0.187,0.131,0.070,0.105,0.301,0.259,0.336,0.403,0.487", "d4": "1.0", "d5": "", "d6": "1", "d7": "0.000"}
{"d0": "tick=29447 goal=0", "d2": "", "d4": "1.2", "d5": "0", "d6": "1", "d7": ""}
{"d0": "tick=29475 goal=0", "d2": "0.453,0.480,0.703,1.612,1.485,0.219,0.186,0.175,0.118,0.092,0.097,0.296,0.250,0.338,0.392,0.475", "d4": "359.2", "d5": "0", "d6": "1", "d7": "-0.011"}
{"d0": "", "d2": "0.458,0.499,0.700,1.612,1.470,0.202,0.182,0.194,0.123,0.083,0.101,0.292,0.247,0.353,0.385,0.486", "d4": "356.5", "d5": "", "d6": "0", "d7": "-0.017"}
{"d0": "tick=29535 goal=0", "d2": "0.459,0.503,0.723,1.615,1.490,0.201,0.205,0.184,0.137,0.100,0.120,0.283,0.258,0.333,0.392,0.487", "d4": "353.2", "d5": "0", "d6": "", "d7": ""}
{"d0": "tick=29566 goal=0", "d2": "0.455,0.495,0.702,1.615,1.474,0.240,0.209,0.166,0.118,0.089,0.107,0.319,0.235,0.351,0.403,0.475", "d4": "0.3", "d5": "0", "d6": "0", "d7": "-0.012"}
{"d0": "tick=29596 goal=0", "d2": "0.446,0.508,0.723,1.610,1.471,0.220,0.197,0.178,0.130,0.098,0.097,0.300,0.261,0.356,0.390,0.459", "d4": "", "d5": "0", "d6": "", "d7": "0.014"}
{"d0": "tick=29626 goal=0", "d2": "", "d4": "", "d5": "0", "d6": "0", "d7": "0.003"}
{"d0": "tick=29656 goal=0", "d2": "0.466,0.501,0.705,1.649,1.485,0.204,0.180,0.176,0.116,0.076,0.115,0.284,0.253,0.338,0.394,0.484", "d4": "", "d5": "", "d6": "0", "d7": "0.003"}
{"d0": "", "d2": "0.468,0.501,0.721,1.633,1.471,0.225,0.209,0.180,0.125,0.095,0.099,0.287,0.268,0.349,0.400,0.475", "d4": "2.6", "d5": "", "d6": "", "d7": ""}
{"d0": "tick=29716 goal=0", "d2": "0.477,0.500,0.723,1.637,1.485,0.234,0.195,0.188,0.107,0.097,0.131,0.302,0.276,0.342,0.374,0.484", "d4": "", "d5": "0", "d6": "0", "d7": "0.000"}
{"d0": "", "d2": "0.469,0.499,0.708,1.605,1.481,0.215,0.181,0.185,0.119,0.096,0.112,0.306,0.275,0.346,0.395,0.468", "d4": "", "d5": "0", "d6": "", "d7": ""}
{"d0": "tick=29776 goal=0", "d2": "0.442,0.486,0.706,1.630,1.475,0.224,0.190,0.179,0.122,0.082,0.109,0.303,0.278,0.340,0.396,0.480", "d4": "0.3", "d5": "0", "d6": "", "d7": "-0.011"}
{"d0": "tick=29806 goal=0", "d2": "0.474,0.505,0.718,1.619,1.470,0.221,0.200,0.186,0.135,0.090,0.110,0.311,0.250,0.317,0.397,0.485", "d4": "", "d5": "0", "d6": "0", "d7": "-0.006"}
{"d0": "tick=29837 goal=0", "d2": "0.467,0.480,0.695,1.625,1.489,0.225,0.198,0.194,0.138,0.088,0.100,0.308,0.256,0.340,0.393,0.465", "d4": "358.2", "d5": "", "d6": "0", "d7": "-0.016"}
{"d0": "tick=29867 goal=0", "d2": "0.471,0.496,0.696,1.619,1.494,0.209,0.186,0.173,0.133,0.067,-1.000,0.303,0.243,0.341,0.397,0.483", "d4": "0.5", "d5": "", "d6": "0", "d7": "0.003"}
{"d0": "", "d2": "0.452,0.495,0.719,1.623,1.485,0.236,0.174,0.185,0.139,0.085,0.117,0.317,0.253,0.340,0.394,0.479", "d4": "", "d5": "", "d6": "0", "d7": "0.006"}
{"d0": "tick=29928 goal=0", "d2": "", "d4": "359.3", "d5": "0", "d6": "0", "d7": "-0.010"}
{"d0": "tick=29956 goal=0", "d2": "", "d4": "358.8", "d5": "0", "d6": "0", "d7": "0.006"}
{"d0": "tick=29986 goal=0", "d2": "0.449,0.505,0.711,1.616,1.487,0.213,0.182,0.190,0.113,0.094,0.097,0.312,0.247,0.326,0.405,0.479", "d4": "359.1", "d5": "0", "d6": "0", "d7": "-0.014"}
{"d0": "", "d2": "0.441,0.501,0.711,1.626,1.485,0.229,0.191,0.179,0.126,0.072,0.089,0.310,0.244,0.351,0.386,0.477", "d4": "358.7", "d5": "0", "d6": "0", "d7": "-0.007"}
{"d0": "", "d2": "0.454,0.498,0.718,1.606,1.493,0.244,0.177,0.194,0.139,0.092,0.110,0.302,0.262,0.348,0.407,0.476", "d4": "357.0", "d5": "0", "d6": "", "d7": ""}
{"d0": "tick=30077 goal=0", "d2": "0.437,0.492,0.705,1.617,1.483,0.230,0.180,0.179,0.104,0.091,0.118,0.288,0.231,0.347,0.380,0.475", "d4": "359.5", "d5": "0", "d6": "", "d7": ""}
{"d0": "", "d2": "0.460,0.497,0.702,1.615,1.473,0.221,0.191,0.192,0.119,0.104,0.105,0.289,0.263,0.332,0.380,0.481", "d4": "1.2", "d5": "0", "d6": "0", "d7": ""}
{"d0": "", "d2": "0.455,0.508,0.696,1.601,1.494,0.224,0.184,0.164,0.117,0.096,0.114,0.284,0.255,0.345,0.391,0.480", "d4": "", "d5": "0", "d6": "0", "d7": "-0.008"}
{"d0": "tick=30167 goal=0", "d2": "0.455,0.493,0.737,1.621,1.480,0.213,0.194,0.171,0.112,0.084,0.109,0.312,0.253,0.341,0.402,0.463", "d4": "0.0", "d5": "", "d6": "0", "d7": "0.010"}
{"d0": "tick=30196 goal=0", "d2": "0.463,0.500,0.704,1.616,1.471,0.214,0.179,0.178,0.111,0.089,0.116,0.306,0.265,0.338,0.395,0.473", "d4": "", "d5": "0", "d6": "0", "d7": "0.020"}
{"d0": "tick=30227 goal=0", "d2": "0.441,0.497,0.701,1.614,1.480,0.234,0.189,0.167,0.135,0.085,0.102,0.295,0.273,0.340,0.399,0.485", "d4": "359.0", "d5": "0", "d6": "", "d7": "-0.012"}
{"d0": "tick=30256 goal=0", "d2": "0.443,0.519,0.714,1.609,1.503,0.222,0.176,0.174,0.125,0.093,0.118,0.281,0.238,0.338,0.395,0.472", "d4": "1.0", "d5": "0", "d6": "", "d7": "-0.012"}
{"d0": "tick=30287 goal=0", "d2": "0.460,0.501,0.702,1.628,1.472,0.229,0.181,0.183,0.128,0.096,0.103,0.309,0.255,0.344,0.381,0.490", "d4": "3.0", "d5": "0", "d6": "0", "d7": ""}
{"d0": "", "d2": "0.451,0.480,0.718,1.624,1.486,0.218,0.187,-1.000,0.118,0.079,0.112,0.303,0.263,0.336,0.391,0.484", "d4": "", "d5": "0", "d6": "", "d7": "-0.002"}
{"d0": "", "d2": "0.452,0.510,-1.000,1.626,1.495,0.217,0.212,0.176,0.112,0.085,0.113,0.316,0.255,0.332,0.403,0.471", "d4": "1.0", "d5": "0", "d6": "0", "d7": ""}
{"d0": "tick=30378 goal=0", "d2": "0.454,0.497,0.702,1.613,1.461,0.226,0.177,0.185,0.125,0.078,0.099,0.297,0.243,0.343,0.393,0.478", "d4": "356.0", "d5": "0", "d6": "", "d7": "-0.003"}
{"d0": "tick=30408 goal=0", "d2": "0.454,0.509,0.702,1.635,1.492,0.220,0.195,0.188,0.127,0.085,0.110,0.303,0.259,0.335,0.388,0.485", "d4": "0.7", "d5": "0", "d6": "0", "d7": "0.004"}
{"d0": "tick=30437 goal=0", "d2": "0.465,0.491,0.704,1.618,1.496,0.210,0.201,0.178,0.128,0.084,0.120,0.279,0.259,0.345,0.365,0.481", "d4": "", "d5": "0", "d6": "0", "d7": "-0.001"}
{"d0": "tick=30467 goal=0", "d2": "0.443,0.498,0.712,1.622,1.478,0.244,0.191,0.180,0.136,0.086,0.111,0.290,0.257,0.347,0.394,0.477", "d4": "359.4", "d5": "", "d6": "", "d7": "0.008"}
{"d0": "tick=30497 goal=0", "d2": "0.456,0.501,0.701,1.614,1.487,0.235,0.193,0.181,0.123,0.081,0.094,0.303,0.250,0.329,0.414,0.474", "d4": "", "d5": "", "d6": "0", "d7": "0.002"}
{"d0": "tick=30527 goal=0", "d2": "0.466,0.512,0.714,1.617,1.480,0.242,0.196,0.206,0.113,0.091,0.117,0.280,0.255,0.343,0.403,0.471", "d4": "358.7", "d5": "", "d6": "", "d7": "-0.020"}
{"d0": "tick=30558 goal=0", "d2": "0.445,0.504,0.691,1.599,1.481,0.228,0.189,0.176,0.116,0.079,0.116,0.314,0.258,0.330,0.404,0.483", "d4": "358.6", "d5": "0", "d6": "0", "d7": "0.026"}
{"d0": "tick=30588 goal=0", "d2": "0.460,0.515,0.706,1.622,1.472,0.223,0.196,-1.000,0.143,0.092,0.118,0.312,0.254,0.348,0.407,0.466", "d4": "356.1", "d5": "", "d6": "0", "d7": ""}
{"d0": "tick=30618 goal=0", "d2": "0.451,0.518,0.708,1.630,1.484,0.231,0.190,0.198,0.127,0.085,0.090,0.303,0.266,0.350,0.381,0.493", "d4": "", "d5": "0", "d6": "0", "d7": ""}
{"d0": "tick=30646 goal=0", "d2": "0.467,0.493,0.710,1.602,1.487,0.218,0.198,0.200,0.118,0.103,0.087,0.291,0.239,0.327,0.400,0.470", "d4": "0.8", "d5": "0", "d6": "", "d7": "0.012"}
{"d0": "", "d2": "0.468,0.505,0.705,1.629,1.468,0.219,0.195,0.172,0.143,0.081,0.102,0.290,0.247,0.335,0.394,0.478", "d4": "358.6", "d5": "0", "d6": "", "d7": "-0.008"}
{"d0": "tick=30706 goal=0", "d2": "0.458,0.507,0.717,1.607,1.502,0.208,0.171,0.204,-1.000,0.089,0.104,0.300,0.244,0.358,0.395,0.480", "d4": "358.2", "d5": "", "d6": "", "d7": "-0.008"}
{"d0": "tick=30738 goal=0", "d2": "0.451,0.511,0.704,1.614,1.490,0.229,0.180,0.185,0.128,0.107,0.102,0.305,0.248,0.348,0.395,0.477", "d4": "1.4", "d5": "0", "d6": "", "d7": "0.002"}
{"d0": "", "d2": "0.456,0.507,0.705,1.616,1.498,0.223,0.199,0.175,0.123,0.082,0.116,0.296,0.255,0.354,0.393,0.478", "d4": "0.5", "d5": "", "d6": "0", "d7": "-0.018"}
{"d0": "tick=30797 goal=0", "d2": "0.468,0.490,0.716,1.640,1.490,0.222,0.184,0.168,0.134,0.091,0.096,0.288,0.275,0.337,0.379,0.481", "d4": "", "d5": "0", "d6": "0", "d7": "-0.008"}
{"d0": "", "d2": "0.465,0.493,0.708,1.613,-1.000,0.220,0.203,0.188,0.129,0.087,0.114,0.289,0.239,0.335,0.400,0.486", "d4": "", "d5": "", "d6": "0", "d7": "0.004"}
{"d0": "", "d2": "0.422,0.501,0.703,1.620,1.474,0.215,0.206,0.187,0.128,0.092,0.092,0.288,0.267,0.328,0.385,0.472", "d4": "359.6", "d5": "0", "d6": "0", "d7": ""}
{"d0": "", "d2": "0.451,0.504,0.710,1.611,1.470,0.226,0.193,0.185,0.114,0.075,0.095,0.286,0.278,0.340,0.383,0.475", "d4": "359.6", "d5": "", "d6": "0", "d7": "0.002"}
{"d0": "tick=30917 goal=0", "d2": "0.453,0.506,0.710,1.629,1.488,0.202,0.195,0.169,0.121,0.089,0.102,0.297,0.251,0.355,0.390,0.487", "d4": "", "d5": "", "d6": "0", "d7": ""}
{"d0": "", "d2": "0.437,0.494,0.693,1.620,1.487,0.239,0.192,0.178,0.123,0.088,0.123,0.297,0.234,0.341,0.388,0.491", "d4": "", "d5": "", "d6": "", "d7": ""}
{"d0": "", "d2": "0.425,0.506,0.707,1.607,1.480,0.289,0.188,0.192,0.126,0.106,0.106,0.318,0.265,0.339,0.388,0.484", "d4": "1.0", "d5": "", "d6": "", "d7": "-0.007"}
{"d0": "tick=31007 goal=0", "d2": "0.450,0.491,0.709,1.613,1.496,0.322,0.197,0.180,0.128,0.097,0.128,0.289,0.253,0.349,0.380,0.485", "d4": "", "d5": "0", "d6": "0", "d7": "-0.001"}
{"d0": "tick=31037 goal=0", "d2": "0.451,0.484,0.692,1.617,1.482,0.338,0.210,0.198,0.136,0.078,0.137,0.290,0.257,0.351,0.381,0.477", "d4": "0.9", "d5": "0", "d6": "0", "d7": "-0.001"}
{"d0": "", "d2": "0.442,0.479,0.652,1.629,1.493,0.361,0.208,0.186,0.140,0.092,0.128,0.298,0.250,0.382,0.378,0.467", "d4": "", "d5": "", "d6": "0", "d7": "0.005"}
{"d0": "tick=31098 goal=0", "d2": "0.417,0.471,0.670,1.625,1.488,0.374,0.208,-1.000,0.158,0.137,0.148,0.298,0.270,0.369,0.375,0.447", "d4": "0.6", "d5": "", "d6": "0", "d7": "0.009"}
{"d0": "", "d2": "0.423,0.468,0.667,1.606,1.486,0.389,0.216,0.225,0.151,0.091,0.181,0.311,0.240,0.383,0.374,0.459", "d4": "6.3", "d5": "0", "d6": "0", "d7": ""}
{"d0": "tick=31159 goal=0", "d2": "0.422,0.445,0.621,1.613,1.483,0.389,0.216,0.207,0.172,0.119,0.206,0.307,0.252,0.364,0.367,0.449", "d4": "1.9", "d5": "", "d6": "", "d7": "0.004"}
{"d0": "", "d2": "0.423,0.459,0.609,1.643,1.497,0.369,0.209,0.235,0.152,0.136,0.246,0.308,0.216,0.373,0.370,0.428", "d4": "", "d5": "0", "d6": "0", "d7": ""}
{"d0": "", "d2": "0.415,0.433,0.604,1.616,1.497,0.404,0.213,0.234,0.157,0.156,0.249,0.311,0.243,0.350,0.373,0.418", "d4": "355.6", "d5": "0", "d6": "0", "d7": "0.017"}
{"d0": "tick=31247 goal=0", "d2": "0.398,0.421,0.589,1.629,1.527,0.430,0.246,0.237,0.189,0.145,0.239,0.310,0.257,0.369,0.383,0.453", "d4": "", "d5": "0", "d6": "0", "d7": ""}
{"d0": "tick=31277 goal=0", "d2": "0.387,0.404,0.571,1.628,1.494,0.429,0.215,0.254,0.179,0.144,0.275,0.303,0.253,0.355,0.372,0.417", "d4": "2.1", "d5": "", "d6": "0", "d7": ""}
{"d0": "tick=31308 goal=0", "d2": "0.384,0.420,0.569,1.615,1.519,0.445,0.250,0.244,0.197,0.147,0.267,0.278,0.271,0.360,0.376,0.422", "d4": "1.5", "d5": "", "d6": "0", "d7": "0.020"}
{"d0": "", "d2": "0.372,0.413,0.589,1.627,1.503,0.448,0.243,0.252,0.184,0.164,0.278,0.304,0.245,0.354,0.390,0.438", "d4": "", "d5": "", "d6": "0", "d7": "0.001"}
{"d0": "tick=31367 goal=0", "d2": "0.388,0.411,0.554,1.622,1.520,0.478,0.256,0.246,0.190,0.163,0.278,0.304,0.264,0.350,0.372,0.432", "d4": "357.3", "d5": "0", "d6": "0", "d7": "0.032"}
{"d0": "tick=31399 goal=0", "d2": "0.381,0.419,0.562,1.602,1.495,0.460,0.237,0.264,0.196,0.173,0.289,0.298,0.241,0.373,0.353,0.411", "d4": "356.7", "d5": "0", "d6": "", "d7": "0.003"}
{"d0": "tick=31429 goal=0", "d2": "0.411,0.398,0.559,1.624,1.501,0.459,0.249,0.269,0.196,0.165,0.293,0.302,0.259,0.346,0.392,0.423", "d4": "358.4", "d5": "0", "d6": "0", "d7": "0.003"}
{"d0": "", "d2": "0.389,0.402,0.558,1.628,1.526,0.462,0.241,0.257,0.184,0.169,0.296,0.305,0.256,0.350,0.392,0.406", "d4": "", "d5": "", "d6": "", "d7": "0.007"}
{"d0": "", "d2": "", "d4": "", "d5": "0", "d6": "0", "d7": "-0.002"}
{"d0": "", "d2": "0.390,0.443,0.560,1.603,1.522,0.435,0.231,0.248,0.188,0.145,0.288,0.293,0.253,0.358,0.391,0.417", "d4": "0.7", "d5": "0", "d6": "0", "d7": "-0.009"}
{"d0": "tick=31548 goal=0", "d2": "0.398,0.415,0.582,1.629,1.530,0.453,0.245,0.250,0.183,0.141,0.280,0.316,0.256,0.355,0.369,0.434", "d4": "358.0", "d5": "", "d6": "", "d7": "-0.018"}
{"d0": "", "d2": "0.408,0.444,0.609,1.622,1.527,0.418,0.231,0.240,0.175,0.137,0.259,0.315,0.247,0.368,0.385,0.422", "d4": "0.2", "d5": "0", "d6": "0", "d7": "-0.005"}
{"d0": "tick=31608 goal=0", "d2": "0.393,0.428,0.595,1.624,1.509,0.429,0.225,0.229,0.174,0.141,0.264,0.310,0.251,0.360,0.360,0.428", "d4": "", "d5": "", "d6": "", "d7": "-0.010"}
{"d0": "tick=31638 goal=0", "d2": "", "d4": "0.4", "d5": "0", "d6": "0", "d7": "0.003"}
{"d0": "tick=31669 goal=0", "d2": "0.424,0.453,0.643,1.615,1.497,0.399,0.241,0.220,0.171,0.128,0.211,0.300,0.258,0.363,0.373,0.438", "d4": "", "d5": "", "d6": "", "d7": "0.006"}
{"d0": "", "d2": "0.455,0.451,0.646,1.621,1.496,0.377,0.198,0.238,0.153,0.121,0.201,0.300,0.264,0.370,0.379,0.450", "d4": "358.5", "d5": "0", "d6": "", "d7": ""}
{"d0": "tick=31728 goal=0", "d2": "0.436,0.485,0.646,1.610,1.488,0.368,0.215,0.230,0.141,0.106,0.171,0.298,0.246,0.375,-1.000,0.448", "d4": "358.0", "d5": "0", "d6": "0", "d7": ""}
{"d0": "", "d2": "0.443,0.486,0.649,1.627,1.495,0.358,0.194,0.213,0.146,0.101,0.155,0.314,0.249,0.377,0.373,0.472", "d4": "", "d5": "0", "d6": "0", "d7": ""}
{"d0": "", "d2": "0.436,0.482,0.659,1.622,1.488,0.358,0.197,0.205,0.155,0.109,0.108,0.302,0.247,0.358,0.380,0.483", "d4": "357.9", "d5": "0", "d6": "", "d7": "-0.019"}
{"d0": "", "d2": "0.440,0.474,0.682,1.616,1.494,0.330,0.197,0.196,0.144,0.105,0.131,0.285,0.275,0.377,0.387,0.482", "d4": "359.4", "d5": "", "d6": "0", "d7": ""}
{"d0": "tick=31847 goal=0", "d2": "0.418,0.486,0.676,1.621,1.488,0.347,0.191,0.175,0.142,0.113,0.130,0.291,0.261,0.360,0.372,0.475", "d4": "", "d5": "0", "d6": "0", "d7": "-0.013"}
{"d0": "", "d2": "0.442,0.485,0.719,1.632,1.487,0.339,0.193,0.201,0.117,0.108,0.125,0.298,0.250,0.357,0.382,0.469", "d4": "0.6", "d5": "0", "d6": "0", "d7": "-0.006"}
{"d0": "tick=31908 goal=0", "d2": "0.437,0.481,0.703,1.608,1.481,0.312,0.193,0.191,0.132,0.092,-1.000,0.291,0.258,0.334,0.395,0.462", "d4": "357.4", "d5": "", "d6": "0", "d7": ""}
{"d0": "", "d2": "0.458,0.507,0.703,1.619,1.495,0.303,0.185,0.193,0.133,0.091,0.119,0.299,0.241,0.342,0.393,0.466", "d4": "357.2", "d5": "0", "d6": "0", "d7": "-0.005"}
{"d0": "tick=31968 goal=0", "d2": "0.450,0.495,0.702,1.625,1.479,0.294,0.185,0.175,0.128,0.103,0.123,0.298,0.254,0.351,0.391,0.479", "d4": "359.6", "d5": "", "d6": "0", "d7": "-0.004"}
{"d0": "", "d2": "0.447,0.496,0.704,1.610,1.488,0.284,0.176,0.196,0.124,0.105,0.126,0.306,-1.000,0.355,0.364,0.480", "d4": "", "d5": "0", "d6": "0", "d7": ""}
{"d0": "", "d2": "-1.000,0.496,0.696,1.624,1.471,0.279,0.185,0.183,0.119,0.095,0.116,0.304,0.240,0.344,0.396,0.475", "d4": "357.4", "d5": "", "d6": "0", "d7": "-0.004"}
{"d0": "tick=32058 goal=0", "d2": "0.450,0.505,0.718,1.625,1.479,0.255,0.185,0.191,0.113,0.087,0.103,0.302,0.258,0.342,0.396,0.466", "d4": "2.1", "d5": "", "d6": "", "d7": "-0.015"}
{"d0": "tick=32089 goal=0", "d2": "0.453,0.501,0.677,1.628,1.489,0.253,0.173,0.181,0.131,0.089,0.107,0.306,0.260,0.343,0.419,0.482", "d4": "", "d5": "", "d6": "", "d7": ""}
{"d0": "tick=32119 goal=0", "d2": "0.460,0.494,0.703,1.603,1.487,0.247,0.201,0.169,0.139,0.092,0.105,0.283,0.250,0.331,0.387,0.464", "d4": "", "d5": "0", "d6": "0", "d7": "0.005"}
{"d0": "tick=32149 goal=0", "d2": "0.461,0.496,0.702,1.605,1.496,0.246,0.179,0.179,0.126,0.107,0.112,0.304,0.237,0.344,0.391,0.469", "d4": "0.6", "d5": "", "d6": "0", "d7": "-0.003"}
{"d0": "tick=32178 goal=0", "d2": "0.474,0.489,0.713,1.627,1.481,0.234,0.194,0.185,0.116,0.094,0.117,0.296,0.259,0.328,0.391,0.483", "d4": "1.5", "d5": "0", "d6": "0", "d7": "0.000"}
{"d0": "tick=32208 goal=0", "d2": "0.465,0.505,0.698,1.616,1.488,0.251,0.193,0.174,0.123,0.086,0.115,0.314,0.246,0.339,0.401,0.476", "d4": "358.6", "d5": "0", "d6": "", "d7": ""}
{"d0": "tick=32238 goal=0", "d2": "0.461,0.498,0.697,1.602,1.458,0.229,0.191,0.163,0.132,0.085,0.106,0.296,0.263,0.337,0.387,0.481", "d4": "1.0", "d5": "0", "d6": "0", "d7": "0.009"}
{"d0": "tick=32269 goal=0", "d2": "0.458,0.506,0.709,1.601,1.489,0.237,0.173,0.185,0.119,0.087,0.094,0.315,0.274,0.330,0.374,0.484", "d4": "0.8", "d5": "0", "d6": "0", "d7": ""}
{"d0": "tick=32298 goal=0", "d2": "0.438,0.503,0.695,1.613,1.475,0.225,0.180,0.177,0.131,0.079,0.105,0.289,0.252,0.352,0.379,0.465", "d4": "1.3", "d5": "0", "d6": "0", "d7": ""}
{"d0": "tick=32328 goal=0", "d2": "0.447,0.485,0.711,1.607,1.490,0.239,0.211,0.186,0.136,0.082,0.111,0.315,0.273,0.339,0.395,0.486", "d4": "", "d5": "0", "d6": "0", "d7": "-0.023"}
{"d0": "", "d2": "0.448,0.499,0.710,1.616,1.476,0.218,0.185,0.175,0.119,0.092,0.107,0.302,0.252,0.360,0.398,0.484", "d4": "", "d5": "0", "d6": "0", "d7": ""}
{"d0": "tick=32389 goal=0", "d2": "0.460,0.499,0.707,1.609,1.502,0.246,0.189,0.184,0.107,0.102,0.110,0.325,0.260,0.346,0.388,0.464", "d4": "358.8", "d5": "0", "d6": "0", "d7": "-0.003"}
{"d0": "", "d2": "0.468,0.484,0.709,1.628,1.479,0.211,0.188,0.169,0.126,0.080,0.100,0.290,0.256,0.342,0.392,0.483", "d4": "", "d5": "0", "d6": "0", "d7": ""}
{"d0": "", "d2": "0.451,0.511,0.708,1.634,1.474,0.224,0.184,0.192,0.122,0.086,0.102,0.312,0.258,0.336,0.392,0.487", "d4": "", "d5": "", "d6": "0", "d7": ""}
{"d0": "tick=32478 goal=0", "d2": "0.466,0.497,0.708,1.620,1.476,0.213,0.198,0.179,0.116,0.083,0.117,0.298,0.249,0.350,0.390,0.482", "d4": "356.9", "d5": "", "d6": "0", "d7": "0.008"}
{"d0": "", "d2": "", "d4": "2.0", "d5": "0", "d6": "0", "d7": "0.019"}
{"d0": "", "d2": "0.445,0.482,0.704,1.614,1.485,0.211,0.189,0.166,0.130,0.094,0.096,0.288,0.249,0.344,0.396,0.476", "d4": "", "d5": "0", "d6": "0", "d7": "0.004"}
{"d0": "tick=32568 goal=0", "d2": "0.462,0.492,0.695,1.621,1.481,-1.000,0.174,0.182,0.118,0.102,0.107,0.294,0.250,0.345,0.400,0.489", "d4": "", "d5": "0", "d6": "0", "d7": ""}
{"d0": "tick=32598 goal=0", "d2": "0.454,0.495,0.714,1.623,1.495,0.264,0.211,0.195,0.112,0.092,0.115,-1.000,0.247,0.342,0.398,0.494", "d4": "1.1", "d5": "0", "d6": "0", "d7": "0.004"}
{"d0": "tick=32629 goal=0", "d2": "0.448,0.486,0.697,1.606,1.486,0.292,0.185,0.169,0.133,0.098,0.113,0.301,-1.000,0.344,0.375,0.487", "d4": "", "d5": "", "d6": "", "d7": "0.025"}
{"d0": "tick=32659 goal=0", "d2": "0.455,0.488,0.696,1.622,1.482,0.305,0.192,0.202,0.136,0.107,0.112,0.286,0.245,0.369,0.382,0.462", "d4": "356.4", "d5": "0", "d6": "0", "d7": ""}
{"d0": "tick=32689 goal=0", "d2": "0.429,0.478,0.697,1.607,1.491,0.337,0.192,0.183,0.140,0.113,0.123,0.305,0.245,0.379,0.381,0.471", "d4": "358.6", "d5": "0", "d6": "0", "d7": "-0.006"}
{"d0": "tick=32720 goal=0", "d2": "0.456,0.474,0.660,1.606,1.476,0.367,0.201,0.212,0.126,0.106,0.121,0.308,0.256,0.371,0.385,0.451", "d4": "357.9", "d5": "", "d6": "", "d7": ""}
{"d0": "tick=32748 goal=0", "d2": "0.412,0.479,0.657,1.605,1.500,0.380,0.210,0.208,0.147,0.110,0.172,0.309,0.272,0.370,0.369,0.455", "d4": "", "d5": "0", "d6": "", "d7": ""}
{"d0": "tick=32779 goal=0", "d2": "", "d4": "359.7", "d5": "0", "d6": "0", "d7": "-0.013"}
{"d0": "", "d2": "0.399,0.448,0.622,1.604,1.486,0.373,0.223,0.206,0.147,0.124,0.224,0.308,0.237,0.382,0.370,0.456", "d4": "", "d5": "", "d6": "0", "d7": "0.010"}
{"d0": "tick=32839 goal=0", "d2": "0.398,0.439,0.609,1.625,1.492,0.393,0.217,0.229,0.166,0.136,0.225,0.312,0.250,0.360,0.384,0.433", "d4": "359.2", "d5": "0", "d6": "", "d7": "0.002"}
{"d0": "tick=32869 goal=0", "d2": "0.406,0.432,0.603,1.624,1.493,0.413,0.225,0.234,0.168,0.150,0.264,0.295,0.245,0.352,0.387,0.442", "d4": "", "d5": "0", "d6": "", "d7": "0.011"}
{"d0": "tick=32899 goal=0", "d2": "0.409,0.441,0.585,1.616,1.507,0.415,0.230,0.232,0.187,0.142,0.265,0.311,0.249,0.374,0.372,0.425", "d4": "358.3", "d5": "0", "d6": "", "d7": "0.009"}
{"d0": "tick=32929 goal=0", "d2": "0.391,0.419,0.581,1.616,1.532,-1.000,0.228,0.264,0.217,0.148,0.258,0.325,0.249,0.354,0.384,0.413", "d4": "", "d5": "0", "d6": "", "d7": "-0.002"}
{"d0": "tick=32959 goal=0", "d2": "", "d4": "0.4", "d5": "0", "d6": "0", "d7": "0.024"}
{"d0": "", "d2": "0.366,0.395,0.530,1.631,1.518,0.683,0.250,0.237,0.200,0.165,0.293,0.309,0.272,0.355,0.393,0.397", "d4": "", "d5": "", "d6": "", "d7": "0.018"}
{"d0": "tick=33019 goal=0", "d2": "0.386,0.396,0.523,1.597,1.520,0.704,0.275,0.277,0.201,0.173,0.313,0.277,0.275,0.345,0.423,0.383", "d4": "0.2", "d5": "0", "d6": "", "d7": ""}
{"d0": "", "d2": "0.367,0.367,0.508,1.591,1.502,0.730,0.260,0.266,0.225,0.177,0.317,0.277,0.264,0.344,0.435,0.404", "d4": "358.8", "d5": "0", "d6": "", "d7": "0.017"}
{"d0": "tick=33079 goal=0", "d2": "0.347,0.338,0.493,1.590,1.496,0.737,0.273,0.299,0.226,0.212,0.322,0.270,0.273,0.355,0.436,0.387", "d4": "359.8", "d5": "0", "d6": "0", "d7": "0.033"}
{"d0": "", "d2": "0.334,0.357,0.477,1.579,1.507,0.742,0.274,0.295,0.239,0.203,0.351,0.282,0.302,0.343,-1.000,0.391", "d4": "", "d5": "", "d6": "", "d7": ""}
{"d0": "", "d2": "0.323,0.333,0.450,1.581,1.478,0.761,0.288,0.302,0.228,0.213,0.336,0.277,0.292,0.329,0.425,0.393", "d4": "359.1", "d5": "", "d6": "", "d7": ""}
{"d0": "tick=33168 goal=0", "d2": "0.349,0.325,0.465,0.933,1.495,0.770,0.292,0.291,0.262,0.212,0.350,0.265,0.302,0.329,0.412,0.371", "d4": "357.4", "d5": "", "d6": "0", "d7": "-0.012"}
{"d0": "tick=33198 goal=0", "d2": "0.320,0.329,0.452,0.876,1.474,0.798,0.318,0.283,0.248,0.227,0.376,0.252,0.315,0.319,0.419,0.364", "d4": "", "d5": "0", "d6": "0", "d7": "0.020"}
{"d0": "", "d2": "0.322,0.301,0.433,0.846,1.457,0.801,0.343,0.312,0.275,0.236,0.361,0.243,0.313,0.309,0.433,0.331", "d4": "", "d5": "0", "d6": "0", "d7": "0.029"}
{"d0": "tick=33258 goal=0", "d2": "0.312,0.300,0.408,0.834,1.478,0.823,0.330,0.317,0.283,0.228,0.374,0.264,0.317,0.309,0.444,0.357", "d4": "1.5", "d5": "", "d6": "0", "d7": ""}
{"d0": "tick=33290 goal=0", "d2": "", "d4": "", "d5": "0", "d6": "0", "d7": ""}
{"d0": "tick=33319 goal=0", "d2": "0.306,0.270,0.415,0.793,1.422,0.818,0.395,0.329,0.294,0.247,0.389,0.276,0.331,0.307,0.428,0.318", "d4": "358.2", "d5": "0", "d6": "0", "d7": "0.005"}
{"d0": "tick=33350 goal=0", "d2": "0.297,0.274,0.392,0.778,1.426,0.818,0.395,0.344,0.311,0.276,0.399,0.280,0.318,0.290,0.420,0.329", "d4": "2.7", "d5": "0", "d6": "0", "d7": "0.011"}
{"d0": "tick=33379 goal=0", "d2": "0.275,0.252,0.382,0.754,1.419,0.845,0.400,0.337,0.292,0.288,0.412,0.300,0.345,0.291,0.385,0.315", "d4": "355.2", "d5": "", "d6": "", "d7": ""}
{"d0": "tick=33410 goal=0", "d2": "0.264,0.255,0.395,0.764,1.402,0.837,0.410,0.343,0.301,0.297,0.375,0.277,0.338,0.291,-1.000,0.296", "d4": "358.1", "d5": "0", "d6": "", "d7": "0.001"}
{"d0": "", "d2": "", "d4": "0.7", "d5": "0", "d6": "0", "d7": "0.025"}
{"d0": "tick=33471 goal=0", "d2": "0.275,0.244,0.372,0.739,1.406,0.835,0.419,0.361,0.299,0.319,0.382,0.281,0.324,0.277,0.358,0.303", "d4": "357.3", "d5": "", "d6": "", "d7": ""}
{"d0": "tick=33500 goal=0", "d2": "0.251,0.212,0.355,0.706,1.419,0.841,0.443,0.349,0.300,0.317,0.398,0.302,0.334,0.286,0.363,0.325", "d4": "1.2", "d5": "0", "d6": "0", "d7": "0.000"}
{"d0": "tick=33529 goal=0", "d2": "0.258,0.234,0.365,0.725,1.429,0.862,0.429,0.355,0.318,0.327,0.401,0.300,0.343,0.270,0.363,0.300", "d4": "359.8", "d5": "0", "d6": "0", "d7": "0.004"}
{"d0": "tick=33561 goal=0", "d2": "0.272,0.221,0.359,0.713,1.420,0.864,0.440,0.356,0.320,0.315,0.403,0.300,0.321,0.302,0.360,0.308", "d4": "0.6", "d5": "0", "d6": "", "d7": ""}
{"d0": "tick=33590 goal=0", "d2": "0.249,0.232,0.371,0.725,1.424,0.875,0.431,0.351,0.330,0.322,-1.000,0.317,0.345,0.295,0.352,0.303", "d4": "", "d5": "0", "d6": "0", "d7": ""}
{"d0": "", "d2": "0.252,0.230,0.356,0.738,1.433,0.857,0.432,0.364,0.327,0.323,0.401,0.300,0.332,0.290,0.350,0.290", "d4": "", "d5": "0", "d6": "0", "d7": "-0.000"}
{"d0": "tick=33650 goal=0", "d2": "", "d4": "", "d5": "0", "d6": "", "d7": "-0.000"}
{"d0": "tick=33679 goal=0", "d2": "0.251,0.222,0.350,0.716,1.422,0.840,0.463,0.349,0.319,0.322,0.409,0.290,0.314,0.293,0.335,0.285", "d4": "0.6", "d5": "0", "d6": "0", "d7": "0.003"}
{"d0": "tick=33710 goal=0", "d2": "0.272,0.230,0.337,0.707,1.428,0.878,0.453,0.359,0.340,0.346,0.401,0.311,0.313,0.287,0.335,0.310", "d4": "", "d5": "", "d6": "0", "d7": ""}
{"d0": "", "d2": "0.238,0.214,0.353,0.719,1.408,0.883,0.493,0.374,0.340,0.317,0.396,0.296,0.342,0.293,0.351,0.286", "d4": "", "d5": "", "d6": "", "d7": ""}
{"d0": "", "d2": "0.243,0.225,0.359,0.717,1.410,0.890,0.461,0.363,0.320,0.334,0.419,0.314,0.319,0.272,0.340,0.293", "d4": "", "d5": "0", "d6": "0", "d7": ""}
{"d0": "", "d2": "0.240,0.224,0.351,0.713,1.411,0.875,0.446,0.381,0.322,0.323,0.401,0.300,0.334,0.286,0.354,-1.000", "d4": "356.3", "d5": "0", "d6": "0", "d7": ""}
{"d0": "tick=33829 goal=0", "d2": "0.255,0.212,0.359,0.708,1.418,0.867,0.468,0.358,0.324,0.320,0.404,0.309,0.333,0.293,0.354,0.288", "d4": "357.5", "d5": "0", "d6": "0", "d7": "-0.008"}
{"d0": "", "d2": "0.256,0.230,0.355,0.715,1.424,0.858,0.444,0.352,0.337,0.339,0.393,0.286,0.319,0.307,0.335,0.290", "d4": "359.6", "d5": "", "d6": "", "d7": ""}
{"d0": "tick=33890 goal=0", "d2": "0.254,0.238,0.345,0.707,1.418,0.865,0.447,0.359,0.338,0.330,0.403,0.304,0.306,0.290,0.324,0.296", "d4": "", "d5": "", "d6": "", "d7": ""}
{"d0": "", "d2": "0.249,0.226,0.361,0.694,1.399,0.881,0.456,0.357,0.320,0.299,0.399,0.299,0.311,0.295,0.335,0.312", "d4": "", "d5": "", "d6": "", "d7": ""}
{"d0": "", "d2": "0.266,0.230,0.365,0.718,1.418,0.871,0.462,0.365,0.355,0.347,0.411,0.308,0.344,0.290,0.323,0.309", "d4": "", "d5": "0", "d6": "", "d7": "-0.000"}
{"d0": "tick=33980 goal=0", "d2": "0.249,0.228,0.364,0.704,1.428,0.898,0.456,0.370,0.340,0.319,0.395,0.287,0.307,0.300,0.333,0.302", "d4": "359.7", "d5": "0", "d6": "", "d7": ""}
{"d0": "", "d2": "0.259,0.234,0.368,0.692,1.420,0.874,0.443,0.355,0.317,0.351,0.403,0.306,0.335,0.295,0.331,0.282", "d4": "", "d5": "0", "d6": "0", "d7": ""}
{"d0": "tick=34041 goal=0", "d2": "0.256,0.220,0.335,0.707,1.421,0.863,0.458,0.361,0.369,0.317,0.400,0.285,0.326,0.277,0.338,0.294", "d4": "358.6", "d5": "0", "d6": "0", "d7": "0.009"}
{"d0": "tick=34071 goal=0", "d2": "0.235,0.237,0.347,0.710,1.424,0.863,0.466,0.386,0.319,0.340,0.391,0.304,0.322,0.286,0.331,0.302", "d4": "", "d5": "0", "d6": "0", "d7": ""}
{"d0": "", "d2": "0.280,0.219,0.329,0.710,1.430,0.886,0.463,0.365,0.329,0.340,0.391,0.315,0.329,0.315,0.334,0.287", "d4": "358.9", "d5": "0", "d6": "0", "d7": ""}
{"d0": "tick=34130 goal=0", "d2": "0.252,0.214,0.338,0.722,1.426,0.874,0.464,0.372,0.349,0.322,0.407,0.300,0.330,0.286,0.338,0.300", "d4": "2.7", "d5": "0", "d6": "0", "d7": "0.017"}
{"d0": "tick=34161 goal=0", "d2": "0.245,0.223,0.347,0.699,1.433,0.877,0.468,0.346,0.330,0.319,0.405,0.317,0.322,0.289,0.327,0.307", "d4": "", "d5": "", "d6": "0", "d7": "0.002"}
{"d0": "", "d2": "0.246,0.217,0.355,0.716,1.419,0.875,0.465,0.366,0.324,0.313,0.415,0.315,0.331,0.293,0.320,0.276", "d4": "", "d5": "", "d6": "0", "d7": ""}
{"d0": "", "d2": "0.263,0.220,0.348,0.711,1.421,0.886,0.459,0.368,0.317,0.322,-1.000,0.274,0.329,0.289,0.337,0.296", "d4": "2.2", "d5": "0", "d6": "0", "d7": "-0.011"}
{"d0": "tick=34250 goal=0", "d2": "0.252,0.229,0.355,0.694,1.442,0.885,-1.000,0.349,0.322,0.326,0.406,0.294,0.345,0.277,0.347,0.285", "d4": "0.0", "d5": "0", "d6": "", "d7": "-0.005"}
{"d0": "tick=34281 goal=0", "d2": "0.251,-1.000,0.331,0.714,1.430,0.881,0.465,0.368,0.334,0.316,-1.000,0.290,0.331,0.298,0.347,0.295", "d4": "358.8", "d5": "0", "d6": "0", "d7": "0.001"}
{"d0": "tick=34309 goal=0", "d2": "0.239,0.221,0.362,0.698,1.423,0.868,0.474,0.365,0.321,0.332,0.419,0.313,0.315,0.283,0.336,0.297", "d4": "359.0", "d5": "0", "d6": "0", "d7": "0.009"}
{"d0": "", "d2": "0.251,0.226,0.348,0.700,1.418,0.871,0.469,0.343,0.338,0.331,0.420,0.312,0.333,0.297,0.343,0.299", "d4": "359.5", "d5": "0", "d6": "0", "d7": "0.013"}
{"d0": "", "d2": "0.234,0.204,0.334,0.704,1.428,0.880,0.458,0.367,0.337,0.337,0.419,0.291,0.318,0.304,0.307,0.298", "d4": "", "d5": "0", "d6": "", "d7": "0.007"}
{"d0": "tick=34401 goal=0", "d2": "0.244,0.224,0.361,0.683,1.439,0.883,0.469,0.365,0.350,0.356,0.413,0.309,0.339,0.295,0.317,0.279", "d4": "2.2", "d5": "0", "d6": "0", "d7": ""}
{"d0": "tick=34430 goal=0", "d2": "0.227,0.219,0.342,0.696,1.437,0.894,0.478,0.369,0.340,0.351,0.407,0.318,0.316,0.302,0.326,0.277", "d4": "356.9", "d5": "0", "d6": "", "d7": ""}
{"d0": "tick=34461 goal=0", "d2": "0.248,0.205,0.363,0.691,1.431,0.928,0.480,0.368,0.348,0.362,0.385,0.310,0.333,0.272,0.317,0.277", "d4": "", "d5": "0", "d6": "0", "d7": ""}
{"d0": "", "d2": "0.224,0.186,0.334,0.675,1.429,0.907,0.491,0.404,0.351,0.359,0.402,0.316,0.318,0.287,0.304,0.279", "d4": "359.1", "d5": "", "d6": "0", "d7": ""}
{"d0": "tick=34520 goal=0", "d2": "0.226,0.187,0.314,0.699,1.434,0.941,0.486,0.367,0.353,0.369,0.370,0.339,0.324,0.272,0.296,0.256", "d4": "357.5", "d5": "0", "d6": "0", "d7": ""}
{"d0": "tick=34551 goal=0", "d2": "0.214,0.188,0.325,0.651,1.439,0.952,0.501,0.397,0.357,0.398,0.374,0.320,0.316,0.306,0.278,0.258", "d4": "1.2", "d5": "", "d6": "0", "d7": ""}
{"d0": "tick=34581 goal=0", "d2": "0.201,0.181,0.283,0.644,1.430,0.966,0.507,0.400,0.371,0.414,0.383,0.324,-1.000,0.316,-1.000,0.257", "d4": "0.0", "d5": "", "d6": "", "d7": ""}
{"d0": "tick=34612 goal=0", "d2": "", "d4": "0.9", "d5": "0", "d6": "", "d7": "0.011"}
{"d0": "", "d2": "0.186,0.169,0.286,0.627,1.426,1.060,0.522,0.410,0.389,0.422,0.356,0.333,0.282,0.315,0.251,0.235", "d4": "", "d5": "", "d6": "0", "d7": ""}
{"d0": "", "d2": "0.191,0.153,0.271,0.605,1.436,1.097,0.518,0.423,0.410,0.432,0.366,0.339,0.276,0.335,0.245,0.250", "d4": "356.5", "d5": "", "d6": "", "d7": ""}
{"d0": "tick=34700 goal=0", "d2": "0.190,0.156,0.263,-1.000,1.437,1.093,0.537,0.397,0.385,0.445,0.365,0.359,0.264,0.341,0.248,0.231", "d4": "358.7", "d5": "0", "d6": "", "d7": "0.000"}
{"d0": "tick=34730 goal=0", "d2": "", "d4": "3.5", "d5": "0", "d6": "0", "d7": "0.006"}
{"d0": "tick=34761 goal=0", "d2": "0.151,0.150,0.214,0.573,1.449,1.122,0.564,0.433,0.397,0.453,0.344,0.359,0.264,0.343,-1.000,0.225", "d4": "", "d5": "0", "d6": "0", "d7": ""}
{"d0": "tick=34791 goal=0", "d2": "0.180,0.127,0.193,0.542,1.471,1.123,0.559,0.442,0.428,0.461,0.348,0.377,0.265,0.330,0.225,0.222", "d4": "354.9", "d5": "0", "d6": "", "d7": ""}
{"d0": "tick=34821 goal=0", "d2": "0.141,0.137,0.169,0.390,1.476,1.129,0.582,0.450,0.418,0.459,0.344,0.369,0.273,0.342,0.223,0.201", "d4": "358.6", "d5": "0", "d6": "", "d7": "0.001"}
{"d0": "", "d2": "0.136,0.112,0.143,0.342,1.476,1.133,0.592,0.465,0.428,0.478,0.375,0.377,0.276,-1.000,0.199,0.194", "d4": "1.1", "d5": "", "d6": "", "d7": "0.014"}
{"d0": "tick=34879 goal=0", "d2": "0.123,0.129,0.131,0.328,1.476,1.132,0.591,0.477,0.431,0.510,0.367,0.367,0.270,0.333,0.194,0.200", "d4": "359.6", "d5": "0", "d6": "", "d7": "-0.006"}
{"d0": "", "d2": "0.117,0.095,0.125,0.311,1.508,1.134,0.619,0.486,0.430,0.503,0.368,0.361,0.273,0.332,0.206,0.198", "d4": "1.9", "d5": "", "d6": "0", "d7": ""}
{"d0": "tick=34939 goal=0", "d2": "0.120,0.103,0.117,0.306,1.494,1.145,0.619,0.464,0.466,0.505,0.373,0.357,0.272,0.295,0.185,0.187", "d4": "", "d5": "0", "d6": "", "d7": ""}
{"d0": "tick=34970 goal=0", "d2": "0.129,0.088,0.112,0.291,1.495,1.148,0.625,0.491,0.446,0.502,0.367,0.335,0.283,0.302,0.198,0.165", "d4": "2.6", "d5": "", "d6": "0", "d7": "0.014"}
{"d0": "tick=35000 goal=0", "d2": "0.134,0.104,0.119,0.282,1.487,1.135,0.613,0.466,0.464,0.491,0.364,0.350,0.271,0.286,0.193,0.185", "d4": "", "d5": "", "d6": "", "d7": "0.013"}
{"d0": "tick=35031 goal=0", "d2": "0.123,0.091,0.106,0.303,1.495,1.180,0.623,0.460,-1.000,0.508,0.364,0.351,0.275,0.301,0.189,0.194", "d4": "", "d5": "", "d6": "0", "d7": "0.013"}
{"d0": "tick=35062 goal=0", "d2": "0.113,0.089,0.109,0.297,1.507,1.138,0.623,0.468,0.463,0.511,0.361,0.362,0.258,0.302,0.192,0.173", "d4": "2.1", "d5": "0", "d6": "0", "d7": "-0.001"}
{"d0": "tick=35090 goal=0", "d2": "", "d4": "", "d5": "0", "d6": "0", "d7": "0.011"}
{"d0": "", "d2": "0.122,0.107,0.110,0.299,1.482,1.155,0.636,0.480,0.464,0.504,0.379,0.359,0.268,0.289,0.179,0.169", "d4": "", "d5": "", "d6": "0", "d7": ""}
{"d0": "tick=35150 goal=0", "d2": "0.120,0.095,0.110,0.284,1.491,1.137,0.613,0.483,0.446,0.527,0.359,0.368,0.279,0.303,0.188,0.172", "d4": "", "d5": "0", "d6": "", "d7": ""}
{"d0": "tick=35182 goal=0", "d2": "0.111,0.093,0.111,0.300,1.495,1.146,0.622,0.461,0.455,0.526,0.361,0.364,0.272,0.312,0.193,0.170", "d4": "", "d5": "", "d6": "", "d7": "-0.004"}
{"d0": "", "d2": "0.120,0.091,0.102,0.311,1.492,1.146,0.598,0.462,0.450,0.502,0.373,0.353,0.277,0.297,-1.000,0.181", "d4": "358.3", "d5": "0", "d6": "0", "d7": ""}
{"d0": "tick=35240 goal=0", "d2": "0.111,0.093,0.114,0.286,1.483,1.154,0.631,0.452,0.452,0.512,0.353,0.355,0.286,0.292,0.165,0.175", "d4": "358.5", "d5": "", "d6": "0", "d7": ""}
{"d0": "tick=35270 goal=0", "d2": "0.095,0.109,0.113,0.313,1.497,1.146,0.598,0.494,0.457,0.500,0.367,0.331,0.294,0.291,0.191,0.172", "d4": "1.5", "d5": "0", "d6": "0", "d7": "-0.001"}
{"d0": "tick=35301 goal=0", "d2": "0.126,0.090,0.122,0.294,1.492,1.151,0.623,0.474,0.470,0.532,0.377,0.352,0.258,0.299,0.176,0.182", "d4": "3.6", "d5": "0", "d6": "0", "d7": "-0.003"}
{"d0": "", "d2": "0.125,0.094,0.125,0.281,1.487,1.153,0.629,0.464,0.461,0.483,0.370,0.333,0.288,0.300,0.186,0.193", "d4": "", "d5": "0", "d6": "0", "d7": ""}
{"d0": "tick=35360 goal=0", "d2": "0.120,0.087,0.111,0.303,1.491,1.170,0.627,0.477,0.475,0.495,0.370,0.347,0.270,0.303,0.213,0.185", "d4": "359.4", "d5": "0", "d6": "0", "d7": ""}
{"d0": "", "d2": "0.115,0.100,0.121,0.301,1.479,1.138,0.615,0.478,0.452,0.515,0.350,0.358,0.276,0.294,0.182,0.166", "d4": "", "d5": "", "d6": "0", "d7": "0.008"}
{"d0": "", "d2": "0.134,0.089,0.127,0.303,1.493,1.175,0.628,0.470,0.451,0.512,0.357,0.355,0.293,0.289,-1.000,0.168", "d4": "0.9", "d5": "0", "d6": "0", "d7": "-0.004"}
{"d0": "tick=35452 goal=0", "d2": "0.123,0.097,0.118,0.299,1.495,1.134,0.636,0.481,0.460,0.515,0.364,0.356,0.268,0.304,0.193,0.157", "d4": "2.8", "d5": "0", "d6": "", "d7": "-0.001"}
{"d0": "tick=35481 goal=0", "d2": "0.116,0.079,0.110,0.304,1.489,1.151,0.647,0.485,0.455,0.516,0.365,0.357,0.269,0.294,0.193,0.175", "d4": "357.8", "d5": "0", "d6": "0", "d7": "-0.002"}
{"d0": "", "d2": "0.116,0.101,0.119,0.299,1.490,1.148,0.628,0.455,0.449,0.506,0.378,0.354,0.271,0.294,0.186,0.178", "d4": "357.9", "d5": "", "d6": "", "d7": "0.003"}
{"d0": "", "d2": "0.106,0.076,0.113,0.310,1.499,1.126,0.619,0.471,0.457,0.513,0.384,0.360,0.276,0.300,0.189,0.168", "d4": "", "d5": "0", "d6": "", "d7": ""}
{"d0": "tick=35571 goal=0", "d2": "0.113,0.090,0.084,0.297,1.495,1.170,0.635,0.457,0.445,0.517,0.366,0.336,0.261,0.319,0.186,0.169", "d4": "", "d5": "", "d6": "", "d7": ""}
{"d0": "tick=35600 goal=0", "d2": "0.125,0.095,0.119,0.296,1.489,1.159,0.611,0.462,0.441,0.517,0.376,0.367,0.276,0.279,0.188,0.182", "d4": "", "d5": "0", "d6": "", "d7": "0.020"}
{"d0": "tick=35632 goal=0", "d2": "", "d4": "2.8", "d5": "", "d6": "", "d7": ""}
{"d0": "tick=35661 goal=0", "d2": "0.107,0.091,0.108,0.292,1.494,1.139,0.629,0.466,0.440,0.501,0.378,0.380,0.271,0.288,0.195,0.167", "d4": "0.3", "d5": "0", "d6": "", "d7": "-0.019"}
{"d0": "", "d2": "0.088,0.077,0.105,0.297,1.506,1.149,0.636,0.481,0.444,0.524,0.362,0.354,0.275,0.306,0.197,0.161", "d4": "358.9", "d5": "", "d6": "", "d7": "0.004"}
{"d0": "tick=35722 goal=0", "d2": "0.116,0.086,0.108,0.291,1.488,1.156,0.614,0.481,0.454,0.507,0.368,0.354,0.257,0.279,0.192,0.190", "d4": "", "d5": "0", "d6": "0", "d7": ""}
{"d0": "tick=35751 goal=0", "d2": "0.111,0.097,0.108,0.297,1.485,1.151,0.615,0.476,0.455,0.503,0.353,0.347,0.279,0.284,0.193,0.193", "d4": "0.2", "d5": "0", "d6": "0", "d7": ""}
{"d0": "", "d2": "0.125,0.091,0.117,0.301,1.490,1.152,0.610,0.463,0.459,0.512,0.352,0.340,0.277,0.303,0.182,0.175", "d4": "", "d5": "0", "d6": "0", "d7": ""}
{"d0": "tick=35811 goal=0", "d2": "0.119,0.089,0.111,0.313,1.497,1.150,0.602,0.457,0.450,0.527,0.360,0.336,0.269,0.295,0.155,0.171", "d4": "", "d5": "", "d6": "", "d7": ""}
{"d0": "tick=35842 goal=0", "d2": "", "d4": "2.5", "d5": "", "d6": "", "d7": "-0.001"}
{"d0": "tick=35872 goal=0", "d2": "0.116,0.102,0.134,0.307,1.498,1.142,0.619,0.487,0.463,0.514,0.358,0.361,0.275,0.297,-1.000,0.182", "d4": "359.6", "d5": "", "d6": "", "d7": ""}
{"d0": "", "d2": "0.110,0.093,0.110,0.277,1.489,1.157,0.620,0.480,0.451,0.519,0.370,0.362,0.283,-1.000,0.196,0.172", "d4": "359.9", "d5": "", "d6": "0", "d7": "0.000"}
{"d0": "tick=35931 goal=0", "d2": "0.119,0.087,0.110,0.320,1.488,1.148,0.635,0.472,0.467,0.545,0.360,0.347,0.271,0.302,0.173,0.169", "d4": "358.5", "d5": "0", "d6": "0", "d7": "-0.001"}
{"d0": "tick=35961 goal=0", "d2": "0.133,0.102,0.117,0.293,1.497,1.142,0.618,0.485,0.466,0.503,0.371,0.338,0.262,0.300,0.176,0.180", "d4": "1.3", "d5": "0", "d6": "", "d7": "-0.010"}
{"d0": "tick=35992 goal=0", "d2": "0.124,0.104,0.114,0.296,1.484,1.149,0.629,0.467,0.456,0.504,0.367,0.365,0.274,0.288,0.186,0.163", "d4": "", "d5": "0", "d6": "0", "d7": ""}
{"d0": "tick=36020 goal=0", "d2": "0.118,0.108,0.105,0.314,1.494,1.147,0.627,0.471,0.458,0.525,0.368,0.355,0.252,0.304,0.183,0.184", "d4": "", "d5": "0", "d6": "", "d7": ""}
{"d0": "", "d2": "0.107,0.098,0.127,0.301,1.490,1.160,0.604,0.474,0.474,0.514,0.363,0.358,0.267,0.299,0.201,0.177", "d4": "357.7", "d5": "0", "d6": "", "d7": "0.002"}
{"d0": "", "d2": "0.104,0.074,0.097,0.305,1.491,1.157,0.631,0.482,0.445,0.504,0.385,0.326,0.281,0.308,0.181,0.179", "d4": "", "d5": "0", "d6": "0", "d7": "0.001"}
{"d0": "", "d2": "0.104,0.073,0.104,0.277,1.496,1.154,0.636,0.485,0.440,0.503,0.367,0.350,0.286,0.297,0.180,0.175", "d4": "358.3", "d5": "", "d6": "", "d7": "-0.005"}
{"d0": "tick=36140 goal=0", "d2": "0.108,0.082,0.111,0.292,1.494,1.151,0.633,0.474,0.451,0.518,0.365,0.367,0.253,0.288,0.195,0.174", "d4": "358.7", "d5": "0", "d6": "0", "d7": "-0.019"}
{"d0": "tick=36171 goal=0", "d2": "0.104,0.099,0.117,0.299,1.482,1.145,0.614,0.469,0.449,0.508,0.367,0.343,0.269,0.309,0.186,0.170", "d4": "", "d5": "", "d6": "0", "d7": "-0.004"}
{"d0": "tick=36200 goal=0", "d2": "0.098,0.098,0.115,0.293,1.490,1.143,0.634,0.488,0.461,0.499,0.380,0.344,0.277,0.309,0.196,0.184", "d4": "1.4", "d5": "0", "d6": "0", "d7": "-0.017"}
{"d0": "tick=36232 goal=0", "d2": "", "d4": "", "d5": "", "d6": "0", "d7": "-0.014"}
{"d0": "tick=36262 goal=0", "d2": "0.126,0.090,0.114,0.303,1.506,1.149,0.623,0.482,0.465,0.515,0.365,0.355,0.266,0.309,0.206,0.180", "d4": "2.0", "d5": "", "d6": "0", "d7": "0.011"}
{"d0": "tick=36290 goal=0", "d2": "0.100,0.094,0.111,0.304,1.481,1.158,0.626,0.486,0.451,0.507,0.369,0.363,0.261,0.303,0.197,0.182", "d4": "358.4", "d5": "", "d6": "0", "d7": "0.003"}
{"d0": "tick=36320 goal=0", "d2": "0.127,0.097,0.112,0.291,1.493,1.150,0.621,0.486,0.448,0.506,0.370,0.348,0.292,0.306,0.188,0.180", "d4": "1.1", "d5": "", "d6": "0", "d7": ""}
{"d0": "tick=36352 goal=0", "d2": "0.121,0.100,0.115,0.299,1.499,1.160,0.627,0.469,0.455,0.512,0.387,0.345,0.294,0.316,0.198,0.169", "d4": "357.7", "d5": "0", "d6": "0", "d7": ""}
{"d0": "", "d2": "0.113,0.083,0.106,0.318,1.499,1.159,0.609,0.464,0.492,0.509,0.354,0.357,0.264,0.289,0.188,0.188", "d4": "", "d5": "", "d6": "", "d7": "-0.012"}
{"d0": "", "d2": "0.101,0.094,0.112,0.294,1.504,1.168,0.631,0.499,0.442,0.522,0.379,0.365,0.280,0.302,0.190,0.171", "d4": "2.5", "d5": "0", "d6": "", "d7": "0.009"}
{"d0": "tick=36441 goal=0", "d2": "0.128,0.092,0.106,0.309,1.492,1.147,0.638,0.470,0.452,0.513,0.354,0.354,0.284,0.291,0.190,0.173", "d4": "1.1", "d5": "0", "d6": "", "d7": "-0.001"}
{"d0": "tick=36471 goal=0", "d2": "0.123,0.094,0.096,0.288,1.475,1.144,0.616,0.469,0.469,0.491,0.372,0.367,0.264,0.306,0.183,0.165", "d4": "", "d5": "", "d6": "0", "d7": "0.001"}
{"d0": "tick=36501 goal=0", "d2": "0.123,0.097,0.109,0.300,1.484,1.136,0.619,0.471,0.462,0.507,0.361,0.362,0.257,0.297,0.192,0.191", "d4": "359.8", "d5": "", "d6": "", "d7": "-0.021"}
{"d0": "tick=36530 goal=0", "d2": "0.122,0.096,0.105,0.308,1.488,1.163,0.614,0.470,0.438,0.494,0.369,0.351,0.269,0.304,0.188,0.199", "d4": "", "d5": "", "d6": "", "d7": ""}
{"d0": "tick=36563 goal=0", "d2": "", "d4": "2.2", "d5": "0", "d6": "0", "d7": "0.004"}
{"d0": "", "d2": "0.132,0.076,0.109,0.298,1.503,1.170,0.629,0.479,0.465,0.510,0.377,0.344,0.268,0.310,0.185,0.175", "d4": "", "d5": "", "d6": "0", "d7": ""}
{"d0": "tick=36621 goal=0", "d2": "0.127,0.091,0.100,0.279,1.488,1.149,0.638,0.478,0.438,0.496,0.371,0.346,-1.000,0.283,0.208,0.170", "d4": "0.1", "d5": "0", "d6": "0", "d7": "0.005"}
{"d0": "tick=36652 goal=0", "d2": "0.111,0.098,0.099,0.314,1.495,1.152,0.627,0.466,0.459,0.515,0.370,0.373,0.273,0.304,0.180,0.176", "d4": "0.1", "d5": "", "d6": "0", "d7": ""}
{"d0": "", "d2": "0.105,0.092,0.116,0.302,1.465,1.155,0.613,0.472,0.442,0.506,0.356,0.350,0.257,0.301,0.179,0.182", "d4": "357.2", "d5": "", "d6": "0", "d7": "0.003"}
{"d0": "", "d2": "0.108,0.093,0.103,0.293,1.499,1.170,0.626,0.486,0.461,0.515,0.362,0.354,0.271,0.294,0.189,0.172", "d4": "2.0", "d5": "", "d6": "", "d7": "0.002"}
{"d0": "tick=36742 goal=0", "d2": "0.120,0.083,0.105,0.309,-1.000,1.147,0.615,0.462,0.442,0.488,0.358,0.342,0.272,0.310,0.198,0.184", "d4": "359.2", "d5": "0", "d6": "0", "d7": "0.017"}
{"d0": "", "d2": "0.119,0.079,0.110,0.300,1.497,1.148,0.637,0.478,0.436,0.507,0.372,0.368,0.262,0.306,0.175,0.177", "d4": "0.4", "d5": "0", "d6": "0", "d7": ""}
{"d0": "", "d2": "0.107,0.082,0.116,0.284,1.490,1.146,0.626,0.464,0.449,0.495,0.362,0.358,0.273,0.295,0.169,0.175", "d4": "1.4", "d5": "0", "d6": "", "d7": ""}
{"d0": "tick=36831 goal=0", "d2": "0.122,0.095,0.114,0.293,1.492,1.159,0.598,0.466,0.448,0.521,0.383,0.374,0.272,0.294,0.190,0.185", "d4": "0.7", "d5": "0", "d6": "", "d7": "-0.009"}
{"d0": "tick=36861 goal=0", "d2": "0.114,0.093,0.118,0.295,1.499,1.164,0.618,0.486,0.468,0.520,0.371,0.351,0.263,0.286,0.173,0.167", "d4": "2.9", "d5": "0", "d6": "", "d7": ""}
{"d0": "tick=36891 goal=0", "d2": "0.120,0.106,0.109,0.326,1.478,1.159,0.617,0.458,0.454,0.521,0.383,0.345,0.263,0.293,0.196,-1.000", "d4": "358.1", "d5": "0", "d6": "0", "d7": "0.005"}
{"d0": "", "d2": "0.125,0.096,0.099,0.301,1.475,1.163,0.624,0.481,0.468,0.507,0.378,0.346,0.272,0.297,0.185,0.169", "d4": "359.6", "d5": "0", "d6": "0", "d7": ""}
{"d0": "tick=36951 goal=0", "d2": "0.093,0.100,0.112,0.297,1.489,1.147,0.619,0.472,0.459,0.512,0.367,0.365,0.277,0.289,0.189,0.184", "d4": "", "d5": "", "d6": "0", "d7": "-0.012"}
{"d0": "tick=36981 goal=0", "d2": "0.114,0.105,0.115,0.315,1.502,1.148,0.621,0.461,0.451,0.510,0.375,0.341,0.267,0.301,0.196,0.175", "d4": "", "d5": "0", "d6": "0", "d7": "-0.020"}
{"d0": "tick=37012 goal=0", "d2": "0.132,0.079,0.114,0.292,1.477,1.166,0.613,0.486,0.460,0.501,0.381,0.357,0.271,0.301,0.192,0.173", "d4": "0.8", "d5": "0", "d6": "0", "d7": "-0.008"}
{"d0": "tick=37041 goal=0", "d2": "0.128,0.095,0.094,0.314,1.505,1.145,0.631,0.471,0.464,0.508,0.372,0.347,0.280,-1.000,0.198,0.183", "d4": "0.8", "d5": "0", "d6": "0", "d7": "-0.009"}
{"d0": "tick=37073 goal=0", "d2": "0.106,0.095,0.107,0.290,1.505,1.141,0.605,0.481,0.454,0.517,0.386,0.359,0.279,0.307,0.193,0.180", "d4": "2.2", "d5": "0", "d6": "0", "d7": ""}
{"d0": "", "d2": "0.122,0.109,0.098,0.290,1.493,1.166,0.611,0.453,0.462,0.523,0.375,0.371,0.270,0.299,0.176,0.156", "d4": "", "d5": "", "d6": "", "d7": ""}
{"d0": "tick=37133 goal=0", "d2": "0.108,0.099,0.106,0.306,1.515,1.153,0.633,0.490,0.456,0.516,0.385,0.372,0.272,0.288,0.184,0.191", "d4": "", "d5": "0", "d6": "", "d7": "-0.008"}
{"d0": "tick=37162 goal=0", "d2": "0.116,0.119,0.103,0.295,1.494,1.153,0.630,0.478,0.447,0.505,0.379,0.345,0.266,0.283,0.188,0.166", "d4": "", "d5": "0", "d6": "0", "d7": ""}
{"d0": "tick=37193 goal=0", "d2": "0.103,0.092,0.109,0.298,1.482,1.168,0.608,0.467,0.454,0.511,0.371,0.335,-1.000,0.283,0.201,0.182", "d4": "1.0", "d5": "0", "d6": "", "d7": ""}
{"d0": "tick=37221 goal=0", "d2": "0.102,0.105,0.101,0.300,1.497,1.150,0.618,0.474,0.445,0.518,0.359,0.348,0.246,0.315,0.185,0.168", "d4": "359.8", "d5": "", "d6": "0", "d7": ""}
{"d0": "", "d2": "0.105,0.096,0.104,0.298,1.496,1.175,0.632,0.491,0.441,0.498,0.383,0.354,0.272,0.311,0.185,0.173", "d4": "", "d5": "0", "d6": "0", "d7": "-0.008"}
{"d0": "", "d2": "0.114,0.117,0.115,0.300,1.484,1.150,0.633,0.477,0.434,0.524,0.365,0.328,0.261,0.298,0.180,0.201", "d4": "2.2", "d5": "0", "d6": "0", "d7": ""}
{"d0": "", "d2": "0.121,0.091,0.103,0.287,1.495,1.159,0.614,0.492,0.440,0.512,0.377,0.358,-1.000,0.289,0.186,0.178", "d4": "0.0", "d5": "0", "d6": "", "d7": ""}
{"d0": "tick=37342 goal=0", "d2": "0.126,0.102,0.109,0.294,1.489,1.149,0.628,0.477,0.441,0.507,0.373,0.367,0.283,0.277,0.171,0.188", "d4": "359.3", "d5": "0", "d6": "", "d7": "-0.009"}
{"d0": "tick=37372 goal=0", "d2": "0.107,0.081,0.118,0.292,1.523,1.162,0.634,0.463,0.459,0.508,0.372,0.343,0.260,0.304,0.194,0.169", "d4": "", "d5": "", "d6": "0", "d7": ""}
{"d0": "tick=37402 goal=0", "d2": "0.106,0.087,0.108,0.289,1.491,1.153,0.594,0.471,0.444,0.533,0.373,0.365,0.267,0.296,0.198,0.193", "d4": "", "d5": "0", "d6": "", "d7": ""}
{"d0": "tick=37431 goal=0", "d2": "", "d4": "0.5", "d5": "", "d6": "", "d7": "-0.006"}
{"d0": "tick=37461 goal=0", "d2": "0.110,0.087,0.108,0.290,1.494,1.163,0.637,0.476,0.454,0.486,0.364,0.366,0.277,0.290,0.207,-1.000", "d4": "", "d5": "", "d6": "", "d7": ""}
{"d0": "", "d2": "0.120,0.077,0.118,0.308,1.489,1.174,0.636,0.486,0.454,0.504,0.370,0.362,0.284,0.291,0.206,0.177", "d4": "", "d5": "", "d6": "0", "d7": "-0.001"}
{"d0": "", "d2": "0.102,0.113,0.099,0.311,1.495,1.150,0.617,0.478,0.465,0.526,0.375,0.372,0.271,0.290,0.185,0.179", "d4": "", "d5": "", "d6": "0", "d7": ""}
{"d0": "tick=37553 goal=0", "d2": "0.120,0.094,0.098,0.310,1.492,1.152,0.622,0.472,0.451,0.526,0.353,0.370,0.265,0.284,0.192,0.158", "d4": "1.5", "d5": "0", "d6": "", "d7": "0.001"}
{"d0": "", "d2": "0.112,0.101,0.121,0.292,1.502,1.157,0.616,0.490,0.462,0.507,0.383,0.364,0.263,0.309,0.206,0.176", "d4": "", "d5": "0", "d6": "0", "d7": "0.000"}
{"d0": "", "d2": "0.120,0.100,0.090,0.282,1.496,1.157,0.637,0.494,0.442,0.510,0.372,0.356,0.287,0.277,0.174,0.178", "d4": "", "d5": "", "d6": "0", "d7": ""}
{"d0": "tick=37642 goal=0", "d2": "0.111,0.097,0.102,0.295,1.487,1.167,0.625,0.458,0.460,0.507,0.383,0.366,0.273,0.293,0.180,0.193", "d4": "359.8", "d5": "0", "d6": "", "d7": "0.000"}
{"d0": "", "d2": "0.101,0.075,0.109,0.298,1.491,1.162,0.633,0.505,0.463,0.498,0.355,0.352,0.276,0.302,0.200,0.174", "d4": "", "d5": "", "d6": "", "d7": "0.013"}
{"d0": "", "d2": "-1.000,0.095,0.099,0.302,1.497,1.171,0.654,0.468,0.456,0.519,0.350,0.342,0.268,0.291,0.197,0.166", "d4": "358.6", "d5": "0", "d6": "0", "d7": ""}
{"d0": "tick=37733 goal=0", "d2": "", "d4": "2.9", "d5": "", "d6": "0", "d7": ""}
{"d0": "tick=37761 goal=0", "d2": "0.117,0.083,0.101,0.295,1.485,1.165,0.629,0.476,0.453,0.510,0.384,0.362,0.269,0.306,0.175,0.167", "d4": "356.9", "d5": "0", "d6": "", "d7": ""}
{"d0": "", "d2": "0.119,0.080,0.110,0.288,1.489,1.157,0.599,0.462,0.465,0.505,0.375,0.351,0.278,0.295,0.183,0.165", "d4": "0.3", "d5": "0", "d6": "0", "d7": "-0.005"}
{"d0": "tick=37823 goal=0", "d2": "0.117,0.077,0.091,0.294,1.488,1.147,0.618,0.469,0.455,0.511,-1.000,0.352,0.283,0.299,0.175,0.161", "d4": "359.8", "d5": "0", "d6": "", "d7": ""}
{"d0": "tick=37853 goal=0", "d2": "0.110,0.106,0.110,-1.000,1.485,1.165,0.633,0.483,0.467,0.521,-1.000,0.342,0.287,0.288,0.207,0.164", "d4": "1.4", "d5": "0", "d6": "0", "d7": "0.020"}
{"d0": "tick=37883 goal=0", "d2": "0.123,0.090,0.125,0.306,1.483,1.164,0.632,0.473,0.464,0.509,0.357,0.357,0.275,0.307,0.208,0.183", "d4": "", "d5": "", "d6": "", "d7": "-0.009"}
{"d0": "", "d2": "0.119,0.100,0.126,0.295,1.485,1.163,0.620,0.468,0.461,0.519,0.368,0.369,0.283,0.307,0.190,0.174", "d4": "2.0", "d5": "0", "d6": "0", "d7": "-0.005"}
{"d0": "tick=37942 goal=0", "d2": "0.125,0.093,0.098,0.292,1.491,1.169,0.631,0.470,0.462,0.505,0.359,0.346,0.286,0.294,0.188,0.179", "d4": "3.9", "d5": "0", "d6": "", "d7": "0.012"}
{"d0": "tick=37972 goal=0", "d2": "0.122,0.124,0.108,0.283,1.495,1.152,0.609,0.471,0.436,0.519,0.366,0.347,0.277,0.292,0.184,0.188", "d4": "358.4", "d5": "0", "d6": "0", "d7": "0.011"}
{"d0": "", "d2": "", "d4": "4.6", "d5": "0", "d6": "0", "d7": "0.010"}
{"d0": "tick=38034 goal=0", "d2": "", "d4": "3.9", "d5": "0", "d6": "", "d7": "-0.011"}
{"d0": "tick=38061 goal=0", "d2": "0.103,0.105,0.110,0.294,1.504,1.153,0.627,0.471,0.477,0.507,0.345,0.354,0.275,0.313,0.184,0.160", "d4": "", "d5": "0", "d6": "0", "d7": "-0.004"}
{"d0": "", "d2": "0.114,0.082,0.117,0.300,1.489,1.148,0.623,0.444,0.459,0.517,0.380,0.360,0.263,0.301,0.189,0.181", "d4": "", "d5": "", "d6": "0", "d7": ""}
{"d0": "", "d2": "0.120,0.109,0.129,0.308,1.470,1.148,0.627,0.466,0.418,0.507,0.370,0.372,0.278,0.303,0.190,0.175", "d4": "358.8", "d5": "0", "d6": "0", "d7": "-0.011"}
{"d0": "", "d2": "0.125,0.074,0.100,0.309,1.484,1.143,0.617,0.465,0.442,0.516,0.369,0.363,0.276,0.284,0.197,0.170", "d4": "", "d5": "", "d6": "", "d7": ""}
{"d0": "tick=38183 goal=0", "d2": "0.117,0.093,0.101,0.288,1.496,1.149,0.634,0.493,0.453,0.496,0.375,0.347,0.269,0.278,0.190,0.158", "d4": "1.6", "d5": "0", "d6": "0", "d7": "-0.000"}
{"d0": "", "d2": "0.122,0.091,0.091,0.297,1.492,-1.000,0.619,0.474,0.473,0.537,0.386,0.348,0.287,0.322,0.186,0.175", "d4": "", "d5": "0", "d6": "0", "d7": "-0.002"}
{"d0": "", "d2": "0.114,0.093,0.119,0.284,1.502,1.141,0.633,0.480,0.437,0.525,0.362,0.339,0.267,0.297,0.192,0.186", "d4": "356.9", "d5": "0", "d6": "", "d7": "-0.002"}
{"d0": "tick=38273 goal=0", "d2": "0.115,0.109,0.087,0.301,1.497,1.153,0.625,0.480,0.460,0.501,0.366,0.353,0.276,0.301,0.184,0.172", "d4": "359.4", "d5": "0", "d6": "0", "d7": "0.008"}
{"d0": "", "d2": "0.123,0.107,0.104,0.310,1.484,1.153,0.599,0.476,0.445,0.511,0.377,0.346,0.264,0.310,0.186,0.166", "d4": "1.1", "d5": "0", "d6": "0", "d7": "0.014"}
{"d0": "tick=38334 goal=0", "d2": "0.108,0.085,0.121,0.296,1.490,1.155,0.622,0.483,0.451,0.500,0.381,0.359,0.286,0.311,0.186,0.187", "d4": "359.7", "d5": "0", "d6": "0", "d7": "0.005"}
{"d0": "", "d2": "0.123,0.093,0.111,0.299,1.497,1.159,0.619,0.472,0.467,0.517,0.371,0.363,0.280,0.295,0.182,0.172", "d4": "", "d5": "0", "d6": "0", "d7": "0.002"}
{"d0": "", "d2": "0.124,0.085,0.125,0.297,1.506,1.150,0.619,0.481,0.457,0.495,0.370,0.354,0.281,0.304,0.199,0.185", "d4": "4.3", "d5": "0", "d6": "0", "d7": "-0.008"}
{"d0": "tick=38423 goal=0", "d2": "", "d4": "0.8", "d5": "0", "d6": "", "d7": ""}
{"d0": "tick=38453 goal=0", "d2": "0.132,0.102,0.097,0.296,1.501,1.158,0.613,0.472,0.463,0.499,-1.000,0.361,0.278,0.287,0.191,0.167", "d4": "", "d5": "0", "d6": "", "d7": "0.007"}
{"d0": "tick=38483 goal=0", "d2": "0.104,0.104,0.111,0.293,1.488,1.158,0.618,0.491,0.448,0.507,0.366,0.357,0.272,-1.000,0.194,0.167", "d4": "", "d5": "", "d6": "0", "d7": ""}
{"d0": "tick=38512 goal=0", "d2": "0.121,0.089,0.138,0.298,-1.000,1.140,0.622,0.470,0.455,0.510,0.379,0.355,0.285,0.309,0.200,0.181", "d4": "357.8", "d5": "0", "d6": "0", "d7": "0.010"}
{"d0": "", "d2": "0.121,0.098,0.101,0.288,1.491,1.158,0.623,0.464,0.465,0.517,0.381,0.366,0.267,0.309,0.181,0.181", "d4": "", "d5": "", "d6": "0", "d7": ""}
{"d0": "tick=38573 goal=0", "d2": "0.102,0.110,0.116,0.306,1.494,1.165,0.626,0.447,0.448,0.510,0.366,0.365,0.284,0.303,0.207,0.198", "d4": "0.3", "d5": "", "d6": "0", "d7": "-0.009"}
{"d0": "", "d2": "0.132,0.094,0.098,0.306,1.487,1.163,0.627,0.473,0.453,0.514,0.394,0.350,0.283,0.303,0.186,0.187", "d4": "", "d5": "0", "d6": "0", "d7": ""}
{"d0": "", "d2": "0.119,0.101,0.109,0.286,1.499,1.161,0.621,0.471,0.441,0.528,0.383,0.357,0.263,0.298,0.186,0.177", "d4": "0.9", "d5": "0", "d6": "0", "d7": "0.011"}
{"d0": "tick=38664 goal=0", "d2": "0.124,0.084,0.102,0.287,1.481,1.151,0.636,0.464,0.462,0.524,0.360,0.342,0.282,0.294,0.181,0.189", "d4": "2.4", "d5": "0", "d6": "", "d7": "-0.005"}
{"d0": "tick=38692 goal=0", "d2": "0.136,0.121,-1.000,0.290,-1.000,1.139,0.633,0.495,0.451,0.525,0.386,0.334,0.255,0.285,0.187,0.184", "d4": "359.8", "d5": "0", "d6": "0", "d7": "-0.001"}
{"d0": "tick=38722 goal=0", "d2": "0.120,0.103,0.109,0.296,1.484,1.159,0.608,0.461,0.449,0.523,0.370,0.364,0.261,0.309,0.194,0.178", "d4": "", "d5": "0", "d6": "0", "d7": "-0.021"}
{"d0": "tick=38754 goal=0", "d2": "", "d4": "1.2", "d5": "", "d6": "", "d7": ""}
{"d0": "tick=38782 goal=0", "d2": "0.129,0.098,0.108,0.303,1.484,1.159,0.621,0.485,0.458,0.510,0.356,0.363,0.290,0.295,0.192,0.161", "d4": "0.8", "d5": "0", "d6": "0", "d7": "0.008"}
{"d0": "", "d2": "0.126,0.112,0.104,0.291,1.485,1.155,0.626,0.475,0.444,0.514,0.363,0.360,0.267,0.301,0.202,0.150", "d4": "", "d5": "", "d6": "", "d7": "-0.007"}
{"d0": "tick=38843 goal=0", "d2": "0.105,-1.000,0.096,0.294,1.511,1.152,0.635,0.487,0.433,0.509,0.364,0.337,0.269,0.316,0.176,0.192", "d4": "", "d5": "0", "d6": "", "d7": ""}
{"d0": "tick=38872 goal=0", "d2": "0.110,0.093,0.106,0.308,-1.000,1.145,0.620,0.476,0.431,0.513,0.368,0.361,0.262,0.319,0.186,0.174", "d4": "357.3", "d5": "0", "d6": "0", "d7": "0.005"}
{"d0": "tick=38903 goal=0", "d2": "0.124,0.105,0.123,0.310,1.492,1.164,0.625,0.491,0.464,0.530,0.379,0.373,0.272,0.292,0.176,0.172", "d4": "", "d5": "0", "d6": "0", "d7": ""}
{"d0": "tick=38933 goal=0", "d2": "0.109,0.094,0.121,0.309,1.479,1.155,0.622,0.471,0.444,0.520,0.370,0.359,0.280,0.286,0.172,0.187", "d4": "0.7", "d5": "", "d6": "0", "d7": "0.015"}
{"d0": "", "d2": "0.103,0.077,0.093,0.298,1.491,1.146,0.640,0.466,0.470,0.510,0.369,0.358,0.290,0.295,0.167,0.171", "d4": "3.0", "d5": "0", "d6": "0", "d7": ""}
{"d0": "", "d2": "0.132,0.080,0.097,0.288,1.502,1.161,0.619,0.459,0.450,0.508,0.384,0.368,0.281,0.300,0.181,0.178", "d4": "1.4", "d5": "0", "d6": "0", "d7": "-0.000"}
{"d0": "", "d2": "0.108,0.094,0.103,0.300,1.496,1.167,0.632,0.462,0.457,0.498,0.365,0.346,0.255,0.306,0.191,0.184", "d4": "", "d5": "0", "d6": "0", "d7": "0.005"}
{"d0": "", "d2": "0.118,0.098,0.119,0.306,1.499,1.163,0.639,0.482,0.464,0.513,0.380,0.362,0.265,0.293,0.181,0.160", "d4": "0.3", "d5": "0", "d6": "", "d7": "0.031"}
{"d0": "tick=39082 goal=0", "d2": "0.114,0.084,0.106,0.301,1.483,1.147,0.626,0.475,0.447,0.507,-1.000,0.363,0.277,0.291,0.183,0.169", "d4": "359.9", "d5": "", "d6": "", "d7": "0.005"}
{"d0": "tick=39113 goal=0", "d2": "0.124,0.101,0.105,0.306,1.501,1.162,0.630,0.482,0.456,0.506,0.361,0.378,0.265,0.293,0.194,0.179", "d4": "3.4", "d5": "0", "d6": "0", "d7": ""}
{"d0": "", "d2": "0.131,0.086,0.130,0.292,1.486,1.164,0.643,0.476,0.454,0.522,0.361,0.351,0.277,0.295,0.196,0.182", "d4": "3.8", "d5": "0", "d6": "0", "d7": "0.015"}
{"d0": "", "d2": "0.111,0.090,0.112,0.316,1.493,1.142,0.611,-1.000,0.455,0.507,0.362,0.356,0.277,0.291,0.192,0.176", "d4": "", "d5": "0", "d6": "0", "d7": ""}
{"d0": "tick=39204 goal=0", "d2": "0.121,0.100,0.121,0.301,1.511,1.175,0.611,0.458,0.464,0.505,0.381,0.367,0.273,0.296,0.173,0.183", "d4": "1.6", "d5": "", "d6": "", "d7": "-0.001"}
{"d0": "", "d2": "0.136,0.094,0.117,0.316,1.480,1.178,0.609,0.466,0.447,0.507,0.355,0.358,0.274,0.303,0.194,0.173", "d4": "5.0", "d5": "", "d6": "0", "d7": "-0.012"}
{"d0": "", "d2": "0.101,0.099,0.104,0.292,1.495,1.146,0.623,0.472,0.457,0.511,0.374,0.343,0.265,0.295,0.183,0.202", "d4": "0.8", "d5": "", "d6": "", "d7": ""}
{"d0": "tick=39295 goal=0", "d2": "", "d4": "359.5", "d5": "0", "d6": "0", "d7": ""}
{"d0": "", "d2": "0.123,0.091,0.107,0.285,1.495,1.152,0.627,0.468,0.454,0.522,0.366,0.357,0.269,0.292,0.205,0.180", "d4": "357.3", "d5": "0", "d6": "0", "d7": ""}
{"d0": "tick=39353 goal=0", "d2": "0.129,0.090,-1.000,0.313,1.506,1.152,0.627,0.477,0.459,0.513,0.373,0.352,0.271,0.284,0.193,0.166", "d4": "", "d5": "", "d6": "0", "d7": ""}
{"d0": "tick=39384 goal=0", "d2": "0.113,0.093,0.115,0.306,1.499,1.158,0.630,0.488,0.457,0.515,0.367,0.335,0.276,0.281,0.188,0.174", "d4": "2.7", "d5": "", "d6": "0", "d7": "0.024"}
{"d0": "tick=39413 goal=0", "d2": "0.107,0.101,0.103,0.282,1.497,1.161,0.622,0.490,0.460,0.518,0.360,0.361,0.274,0.298,0.175,0.172", "d4": "1.6", "d5": "0", "d6": "", "d7": "0.000"}
{"d0": "", "d2": "-1.000,0.094,0.120,0.290,1.503,1.153,0.611,0.466,0.464,0.498,0.374,0.354,0.273,0.303,0.178,0.177", "d4": "2.5", "d5": "0", "d6": "0", "d7": "0.006"}
{"d0": "", "d2": "0.130,0.090,0.111,0.317,1.490,1.163,0.629,0.478,0.459,0.513,0.363,0.359,0.258,0.302,0.200,0.185", "d4": "2.5", "d5": "0", "d6": "", "d7": ""}
{"d0": "", "d2": "0.118,0.085,0.102,0.287,1.501,1.158,0.634,0.473,0.453,0.508,0.379,0.358,0.283,0.304,0.182,0.186", "d4": "358.1", "d5": "", "d6": "", "d7": "0.004"}
{"d0": "", "d2": "0.117,0.101,0.112,0.316,1.496,1.152,0.634,0.483,0.481,0.520,0.382,0.360,0.285,0.285,0.177,0.180", "d4": "", "d5": "0", "d6": "0", "d7": ""}
{"d0": "tick=39564 goal=0", "d2": "0.133,0.092,0.113,0.297,1.503,1.146,0.631,0.474,0.447,0.525,0.360,0.358,0.274,0.299,0.196,0.178", "d4": "3.8", "d5": "0", "d6": "0", "d7": ""}
{"d0": "tick=39595 goal=0", "d2": "0.119,0.095,0.115,0.288,1.493,1.152,0.634,0.455,0.446,0.506,0.368,0.353,0.267,0.297,0.176,0.167", "d4": "4.2", "d5": "0", "d6": "0", "d7": "0.004"}
{"d0": "tick=39623 goal=0", "d2": "0.114,0.087,0.108,0.286,1.488,1.142,0.626,0.474,0.445,0.509,0.382,-1.000,0.272,0.302,0.180,0.185", "d4": "1.8", "d5": "0", "d6": "0", "d7": "0.001"}
{"d0": "tick=39653 goal=0", "d2": "0.114,0.115,0.105,0.293,1.495,1.165,0.612,0.473,0.460,0.511,0.394,0.374,0.270,0.295,0.196,0.171", "d4": "", "d5": "0", "d6": "", "d7": ""}
{"d0": "tick=39683 goal=0", "d2": "0.118,0.078,0.118,0.296,1.487,1.152,0.618,0.497,0.455,0.519,0.365,0.348,0.285,0.303,0.195,0.175", "d4": "1.8", "d5": "", "d6": "0", "d7": ""}
{"d0": "", "d2": "0.119,0.103,0.121,0.306,1.479,1.156,0.628,0.458,0.478,0.526,0.377,0.340,0.279,0.293,0.182,0.189", "d4": "3.2", "d5": "0", "d6": "0", "d7": "-0.007"}
{"d0": "", "d2": "0.125,0.099,0.117,0.286,1.499,1.166,0.618,0.463,0.446,0.510,0.379,0.346,0.272,0.313,0.178,0.173", "d4": "2.7", "d5": "", "d6": "0", "d7": ""}
{"d0": "tick=39773 goal=0", "d2": "0.115,0.104,0.121,0.308,1.505,1.137,0.612,0.473,0.454,0.512,0.362,0.345,0.274,0.322,0.180,0.184", "d4": "1.1", "d5": "", "d6": "", "d7": "-0.011"}
{"d0": "", "d2": "0.144,0.096,0.120,0.316,1.496,1.149,0.619,0.468,0.431,0.494,0.359,0.352,0.274,0.349,0.202,0.192", "d4": "359.1", "d5": "0", "d6": "", "d7": "-0.016"}
{"d0": "tick=39834 goal=0", "d2": "0.135,0.112,0.143,0.346,1.475,1.148,0.616,0.451,0.445,0.495,0.366,0.377,0.266,0.357,0.230,0.202", "d4": "", "d5": "", "d6": "", "d7": "-0.014"}
{"d0": "", "d2": "0.140,0.140,0.177,0.515,1.456,1.117,0.574,0.434,0.417,0.467,0.346,0.384,0.261,0.326,0.205,0.207", "d4": "359.6", "d5": "", "d6": "0", "d7": "-0.006"}
{"d0": "", "d2": "0.169,0.148,0.238,0.573,1.448,1.102,0.555,0.433,0.391,0.468,0.355,0.378,0.269,0.336,0.214,0.217", "d4": "3.5", "d5": "0", "d6": "", "d7": "-0.029"}
{"d0": "tick=39924 goal=0", "d2": "0.181,0.156,0.270,0.608,1.440,1.098,0.529,0.418,0.388,0.446,0.344,0.367,0.266,0.350,0.232,0.214", "d4": "", "d5": "0", "d6": "0", "d7": "-0.017"}
{"d0": "tick=39955 goal=0", "d2": "0.190,0.159,0.296,0.642,1.444,0.992,0.519,0.413,0.386,0.405,0.359,0.330,0.286,0.317,0.252,0.238", "d4": "359.4", "d5": "0", "d6": "0", "d7": "-0.016"}
{"d0": "tick=39985 goal=0", "d2": "0.214,0.186,0.325,0.667,1.442,0.920,0.505,0.386,0.351,0.410,0.376,0.334,0.308,0.313,0.295,0.262", "d4": "356.9", "d5": "0", "d6": "", "d7": "-0.029"}
{"d0": "", "d2": "0.237,0.199,0.334,0.685,1.427,0.883,-1.000,0.378,0.342,0.354,0.372,0.308,0.337,0.289,0.302,0.278", "d4": "1.7", "d5": "", "d6": "0", "d7": ""}
{"d0": "", "d2": "0.250,0.222,0.359,0.729,1.410,0.859,0.452,0.375,0.326,0.336,0.388,0.310,0.329,0.296,0.316,0.282", "d4": "359.7", "d5": "0", "d6": "0", "d7": "-0.036"}
{"d0": "tick=40075 goal=0", "d2": "0.262,0.255,0.365,0.749,1.446,0.852,0.427,0.352,0.298,0.316,0.395,0.298,0.323,0.292,0.377,0.309", "d4": "", "d5": "", "d6": "0", "d7": "-0.025"}
{"d0": "", "d2": "0.280,0.276,0.386,0.793,1.452,0.812,0.397,0.348,0.286,0.268,0.397,0.275,0.349,0.311,0.394,0.338", "d4": "359.9", "d5": "0", "d6": "", "d7": "-0.026"}
{"d0": "tick=40134 goal=0", "d2": "0.302,0.296,0.412,0.836,1.471,0.793,0.350,0.321,0.274,0.261,0.385,0.276,0.344,0.311,0.465,0.330", "d4": "", "d5": "", "d6": "", "d7": "-0.041"}
{"d0": "tick=40165 goal=0", "d2": "0.320,0.331,0.451,1.615,1.501,0.769,0.302,0.311,0.262,0.217,0.361,0.266,0.296,0.346,0.422,0.373", "d4": "0.9", "d5": "0", "d6": "0", "d7": ""}
{"d0": "", "d2": "0.357,0.369,0.499,1.583,1.511,0.730,0.305,0.287,0.231,0.226,0.340,0.281,0.292,0.321,0.444,0.363", "d4": "", "d5": "0", "d6": "", "d7": ""}
{"d0": "tick=40223 goal=0", "d2": "0.357,0.402,0.515,1.624,1.510,0.707,0.255,0.269,0.198,0.180,0.334,0.287,0.274,0.360,0.436,0.407", "d4": "", "d5": "0", "d6": "", "d7": ""}
{"d0": "", "d2": "0.373,0.419,0.563,1.618,1.511,0.464,0.259,0.265,0.192,0.160,0.289,0.283,0.255,0.340,0.396,0.429", "d4": "", "d5": "0", "d6": "0", "d7": ""}
{"d0": "tick=40284 goal=0", "d2": "0.389,0.452,0.622,1.598,1.494,0.385,0.235,0.238,0.153,0.150,0.252,0.308,0.238,0.368,0.393,0.422", "d4": "359.6", "d5": "0", "d6": "", "d7": ""}
{"d0": "tick=40314 goal=0", "d2": "", "d4": "1.1", "d5": "0", "d6": "0", "d7": "-0.026"}
{"d0": "tick=40343 goal=0", "d2": "0.457,0.505,0.708,1.610,1.470,0.267,0.187,0.187,0.118,0.103,0.114,0.302,0.262,0.371,0.386,0.463", "d4": "0.5", "d5": "", "d6": "", "d7": ""}
{"d0": "tick=40375 goal=0", "d2": "0.467,0.500,0.719,1.595,1.475,0.228,0.194,0.191,0.109,0.087,0.112,0.282,0.255,0.355,0.372,0.481", "d4": "2.2", "d5": "0", "d6": "0", "d7": "-0.000"}
{"d0": "tick=40403 goal=0", "d2": "0.452,0.500,0.719,1.611,-1.000,0.213,0.183,0.183,0.117,0.085,0.121,0.293,0.253,0.360,0.393,0.469", "d4": "1.6", "d5": "0", "d6": "1", "d7": ""}
{"d0": "tick=40433 goal=0", "d2": "0.457,0.516,0.707,1.610,1.462,0.210,0.192,0.181,0.094,0.099,0.112,0.288,0.251,0.346,0.399,0.459", "d4": "0.8", "d5": "0", "d6": "", "d7": "-0.003"}
{"d0": "tick=40464 goal=0", "d2": "0.444,0.489,0.724,1.608,1.482,0.214,0.192,0.175,0.114,0.087,0.115,0.291,0.263,0.356,0.386,0.466", "d4": "1.8", "d5": "", "d6": "0", "d7": "-0.001"}
{"d0": "tick=40494 goal=0", "d2": "0.452,0.498,0.711,1.588,1.489,0.235,0.196,0.157,0.111,0.083,0.114,0.303,0.249,0.331,0.410,0.482", "d4": "358.9", "d5": "0", "d6": "0", "d7": "0.009"}
{"d0": "tick=40525 goal=0", "d2": "0.450,0.497,0.725,1.600,1.472,0.215,0.196,0.167,0.133,0.090,0.112,0.291,0.259,0.350,0.414,0.472", "d4": "0.7", "d5": "", "d6": "0", "d7": "0.017"}
{"d0": "tick=40555 goal=0", "d2": "0.454,0.490,0.721,1.613,1.490,0.212,0.177,0.182,0.123,0.099,0.100,0.290,0.252,0.337,0.382,0.489", "d4": "1.4", "d5": "0", "d6": "0", "d7": "0.006"}
{"d0": "tick=40583 goal=0", "d2": "0.457,0.494,0.699,1.623,1.477,0.234,0.202,0.169,0.117,0.098,0.105,0.292,0.242,0.338,0.401,0.473", "d4": "", "d5": "0", "d6": "0", "d7": "-0.014"}
{"d0": "", "d2": "0.460,0.506,0.707,1.604,1.500,0.211,0.185,0.176,0.105,0.093,0.106,0.294,0.244,0.343,0.382,0.472", "d4": "", "d5": "", "d6": "0", "d7": "-0.004"}
{"d0": "tick=40643 goal=0", "d2": "0.466,0.506,0.727,1.601,1.472,0.220,0.198,0.174,0.113,0.089,0.093,0.307,0.272,0.369,0.389,0.476", "d4": "0.4", "d5": "", "d6": "0", "d7": ""}
{"d0": "", "d2": "0.445,-1.000,0.712,1.611,1.470,0.218,0.182,0.175,0.117,0.090,0.098,0.292,0.251,0.357,0.404,0.486", "d4": "3.1", "d5": "", "d6": "0", "d7": "0.003"}
{"d0": "", "d2": "", "d4": "", "d5": "", "d6": "0", "d7": ""}
{"d0": "", "d2": "0.443,0.510,0.714,1.602,1.480,0.221,0.170,0.188,0.116,0.082,0.118,0.286,0.248,0.338,0.364,0.469", "d4": "", "d5": "0", "d6": "", "d7": ""}
{"d0": "tick=40765 goal=0", "d2": "", "d4": "2.1", "d5": "0", "d6": "", "d7": "-0.015"}
{"d0": "", "d2": "0.447,0.505,0.716,1.607,1.466,0.214,0.184,0.184,0.111,0.093,0.103,0.304,0.244,0.335,0.382,0.489", "d4": "2.1", "d5": "", "d6": "", "d7": "-0.000"}
{"d0": "", "d2": "0.450,0.499,-1.000,1.576,1.474,0.223,0.196,0.179,0.109,0.107,0.113,0.284,0.254,0.337,0.390,0.472", "d4": "", "d5": "0", "d6": "0", "d7": "0.003"}
{"d0": "tick=40855 goal=0", "d2": "0.437,0.502,0.733,1.599,1.477,0.222,0.181,0.182,0.120,0.092,0.122,0.291,0.251,0.350,0.367,0.473", "d4": "", "d5": "0", "d6": "", "d7": "-0.008"}
{"d0": "tick=40885 goal=0", "d2": "0.429,0.499,0.718,1.594,1.481,0.221,0.198,0.177,0.129,0.079,0.097,0.300,0.257,0.317,0.386,0.475", "d4": "2.4", "d5": "", "d6": "", "d7": ""}
{"d0": "tick=40914 goal=0", "d2": "0.466,0.499,0.718,1.590,1.493,0.223,0.190,0.163,0.109,0.092,0.120,0.295,0.236,0.317,0.378,0.480", "d4": "", "d5": "", "d6": "", "d7": "0.001"}
{"d0": "", "d2": "", "d4": "1.0", "d5": "0", "d6": "", "d7": ""}
{"d0": "tick=40975 goal=0", "d2": "-1.000,0.503,0.719,1.598,1.471,0.208,0.195,0.174,0.115,0.089,0.129,0.286,0.252,0.340,0.397,0.475", "d4": "2.7", "d5": "0", "d6": "0", "d7": "-0.010"}
{"d0": "tick=41004 goal=0", "d2": "0.454,0.505,0.715,1.587,1.475,0.224,0.208,0.182,0.117,0.099,0.108,0.288,0.257,0.365,0.379,0.472", "d4": "0.7", "d5": "0", "d6": "0", "d7": "0.004"}
{"d0": "tick=41036 goal=0", "d2": "", "d4": "3.5", "d5": "0", "d6": "", "d7": "-0.007"}
{"d0": "", "d2": "0.460,0.512,0.706,1.608,1.476,0.221,0.195,0.163,0.128,0.096,0.098,0.282,0.249,0.350,0.387,0.471", "d4": "1.0", "d5": "", "d6": "", "d7": ""}
{"d0": "tick=41096 goal=0", "d2": "0.450,0.494,0.707,1.610,1.478,0.221,0.200,0.177,0.112,0.091,0.117,0.297,0.253,0.351,0.375,0.480", "d4": "359.8", "d5": "0", "d6": "0", "d7": "-0.005"}
{"d0": "", "d2": "0.443,0.519,0.714,1.589,1.477,0.194,0.202,0.189,0.116,0.090,0.106,0.277,0.257,0.327,0.382,0.489", "d4": "0.2", "d5": "0", "d6": "0", "d7": ""}
{"d0": "", "d2": "0.453,0.495,0.725,1.593,1.478,0.226,0.203,0.189,0.108,0.098,0.120,0.283,0.259,0.363,0.384,0.488", "d4": "359.0", "d5": "0", "d6": "0", "d7": "-0.013"}
{"d0": "tick=41184 goal=0", "d2": "0.447,0.496,0.717,1.617,1.449,0.225,0.204,0.166,0.095,0.100,0.105,0.287,0.231,0.357,0.383,0.485", "d4": "", "d5": "0", "d6": "0", "d7": ""}
{"d0": "tick=41215 goal=0", "d2": "0.444,0.488,0.724,1.591,1.471,0.217,0.197,0.168,0.117,0.086,0.105,0.284,0.249,0.348,0.392,0.492", "d4": "3.0", "d5": "0", "d6": "0", "d7": "0.008"}
{"d0": "tick=41245 goal=0", "d2": "0.434,0.497,0.730,1.610,1.478,0.217,0.197,0.168,0.118,0.082,0.129,0.280,0.262,0.351,0.393,0.474", "d4": "0.0", "d5": "", "d6": "0", "d7": ""}
{"d0": "tick=41276 goal=0", "d2": "", "d4": "0.9", "d5": "0", "d6": "", "d7": "0.014"}
{"d0": "", "d2": "0.458,0.513,0.725,1.606,1.484,0.235,0.186,0.199,0.119,0.099,0.086,0.302,0.242,0.338,0.389,0.494", "d4": "3.5", "d5": "", "d6": "0", "d7": "-0.007"}
{"d0": "tick=41336 goal=0", "d2": "", "d4": "", "d5": "0", "d6": "0", "d7": ""}
{"d0": "tick=41364 goal=0", "d2": "0.441,0.505,0.718,1.589,1.486,0.200,0.199,0.176,0.140,0.094,0.092,0.287,0.240,0.356,0.383,0.469", "d4": "2.6", "d5": "0", "d6": "0", "d7": ""}
{"d0": "", "d2": "0.455,0.490,0.702,1.602,1.474,0.222,0.172,0.182,0.124,0.106,0.113,0.286,0.271,0.363,0.399,0.485", "d4": "", "d5": "0", "d6": "", "d7": "-0.011"}
{"d0": "tick=41424 goal=0", "d2": "0.438,0.493,0.722,1.587,1.485,0.232,0.188,0.171,0.143,0.078,0.108,0.300,0.254,0.348,0.381,0.485", "d4": "", "d5": "0", "d6": "0", "d7": "0.007"}
{"d0": "", "d2": "0.459,0.500,0.726,1.613,1.477,0.215,0.198,0.169,0.102,0.085,0.104,0.294,0.270,0.357,0.386,0.468", "d4": "2.5", "d5": "0", "d6": "", "d7": "-0.012"}
{"d0": "tick=41485 goal=0", "d2": "0.447,0.499,0.707,1.599,1.467,0.223,0.209,0.165,0.136,0.092,0.106,0.296,-1.000,0.346,0.386,0.478", "d4": "", "d5": "", "d6": "", "d7": ""}
{"d0": "", "d2": "0.458,0.496,0.705,1.594,1.491,0.208,0.183,0.178,0.114,0.084,0.114,0.309,0.256,0.337,0.378,0.465", "d4": "", "d5": "0", "d6": "0", "d7": ""}
{"d0": "", "d2": "0.443,0.504,0.717,1.601,1.477,0.232,0.192,0.183,0.137,0.082,0.103,0.299,0.250,0.345,0.380,0.494", "d4": "359.8", "d5": "", "d6": "", "d7": "-0.002"}
{"d0": "", "d2": "0.452,0.483,0.719,1.600,1.495,0.214,0.182,0.180,0.120,0.092,0.123,0.281,0.246,0.350,0.392,0.476", "d4": "", "d5": "0", "d6": "", "d7": ""}
{"d0": "tick=41604 goal=0", "d2": "0.448,0.486,0.700,1.599,1.475,0.242,0.176,0.196,0.117,0.098,0.086,0.274,0.225,0.354,0.407,0.476", "d4": "", "d5": "", "d6": "0", "d7": "-0.001"}
{"d0": "tick=41634 goal=0", "d2": "0.468,0.499,0.723,1.596,1.468,0.215,0.199,0.189,0.123,0.090,0.109,0.294,0.243,0.342,0.392,0.483", "d4": "", "d5": "0", "d6": "0", "d7": ""}
{"d0": "tick=41664 goal=0", "d2": "0.455,0.494,0.731,1.606,1.469,0.223,0.202,0.178,0.110,0.090,0.110,0.288,0.268,0.366,0.387,0.471", "d4": "358.9", "d5": "0", "d6": "0", "d7": ""}
{"d0": "", "d2": "0.448,0.520,0.720,1.599,1.475,0.228,0.188,0.172,0.119,0.098,0.119,0.280,0.261,0.359,0.395,0.465", "d4": "358.1", "d5": "0", "d6": "0", "d7": ""}
{"d0": "tick=41724 goal=0", "d2": "0.440,0.503,0.703,1.615,1.487,0.227,0.195,0.194,0.112,0.094,0.108,0.308,0.250,0.348,0.397,0.490", "d4": "1.3", "d5": "", "d6": "", "d7": "-0.021"}
{"d0": "tick=41755 goal=0", "d2": "0.457,0.487,0.725,1.591,1.479,0.229,0.197,0.159,0.128,0.095,0.116,0.304,0.247,0.342,0.390,0.470", "d4": "2.3", "d5": "0", "d6": "", "d7": "0.004"}
{"d0": "tick=41785 goal=0", "d2": "0.443,0.511,0.711,1.614,1.474,0.227,0.187,0.189,0.132,0.106,0.094,0.299,0.240,0.357,0.389,0.483", "d4": "1.9", "d5": "0", "d6": "0", "d7": "-0.003"}
{"d0": "tick=41816 goal=0", "d2": "0.444,0.498,0.725,1.610,1.473,0.212,0.186,0.184,0.113,0.069,0.124,0.299,0.236,0.343,0.389,0.478", "d4": "", "d5": "0", "d6": "0", "d7": "-0.019"}
{"d0": "", "d2": "0.441,0.498,0.733,1.602,1.464,0.223,0.184,0.178,0.113,0.081,0.110,0.277,0.248,0.358,0.390,0.462", "d4": "", "d5": "0", "d6": "0", "d7": "-0.004"}
{"d0": "tick=41875 goal=0", "d2": "0.459,0.494,0.709,1.587,1.470,0.227,0.182,0.179,0.118,0.098,0.109,0.314,0.257,0.323,0.401,0.474", "d4": "359.3", "d5": "0", "d6": "0", "d7": ""}
{"d0": "tick=41906 goal=0", "d2": "0.452,0.492,0.702,1.596,1.469,0.220,0.202,0.177,0.126,0.106,0.107,0.289,0.258,0.327,0.366,0.475", "d4": "359.8", "d5": "0", "d6": "0", "d7": ""}
{"d0": "tick=41934 goal=0", "d2": "0.457,0.475,0.716,1.608,1.478,0.230,0.205,0.162,0.097,0.089,0.099,0.279,0.262,0.363,0.377,0.470", "d4": "", "d5": "0", "d6": "0", "d7": "-0.005"}
{"d0": "", "d2": "0.452,0.495,0.738,1.608,1.473,0.227,0.194,0.159,0.123,0.083,0.108,0.313,0.261,0.340,0.378,0.476", "d4": "", "d5": "0", "d6": "0", "d7": ""}
{"d0": "tick=41995 goal=0", "d2": "0.451,0.491,0.712,1.590,1.481,0.228,0.185,0.172,0.127,0.092,0.118,0.300,0.245,0.343,0.392,0.491", "d4": "0.2", "d5": "", "d6": "", "d7": "0.006"}
{"d0": "", "d2": "0.471,0.511,0.733,1.602,1.484,0.232,0.196,0.186,0.127,0.080,0.119,0.288,0.245,0.334,0.376,0.456", "d4": "", "d5": "", "d6": "", "d7": "0.007"}
{"d0": "tick=42056 goal=0", "d2": "0.447,0.492,0.714,1.597,1.462,0.225,0.202,0.180,0.123,0.082,0.132,0.305,0.252,0.332,0.383,0.468", "d4": "1.0", "d5": "0", "d6": "", "d7": "0.015"}
{"d0": "", "d2": "0.462,0.505,0.715,1.600,1.478,0.229,0.166,0.172,0.119,0.087,0.117,0.290,0.250,0.343,0.397,0.483", "d4": "", "d5": "0", "d6": "", "d7": "-0.014"}
{"d0": "tick=42115 goal=0", "d2": "", "d4": "", "d5": "0", "d6": "0", "d7": ""}
{"d0": "", "d2": "0.448,0.486,0.707,1.602,1.485,0.236,0.186,0.168,0.117,0.104,0.094,0.287,0.261,0.341,0.379,0.469", "d4": "359.8", "d5": "", "d6": "", "d7": "0.001"}
{"d0": "tick=42174 goal=0", "d2": "0.464,0.511,0.717,1.589,1.460,0.227,0.193,0.162,0.113,0.081,0.125,0.303,0.258,0.345,0.374,0.477", "d4": "358.8", "d5": "0", "d6": "0", "d7": "-0.006"}
{"d0": "tick=42206 goal=0", "d2": "0.444,0.504,0.720,1.605,1.486,0.221,0.202,0.189,0.098,0.085,0.118,0.272,0.249,0.338,0.385,0.472", "d4": "", "d5": "0", "d6": "", "d7": ""}
{"d0": "tick=42235 goal=0", "d2": "0.473,0.503,0.708,1.604,1.473,0.226,0.183,0.179,0.113,0.107,0.096,0.285,0.230,0.349,0.393,0.477", "d4": "", "d5": "0", "d6": "0", "d7": "-0.015"}
{"d0": "tick=42264 goal=0", "d2": "0.454,0.491,0.707,1.610,1.502,0.216,0.202,0.184,0.115,0.075,0.115,0.303,0.257,0.341,0.408,0.491", "d4": "", "d5": "0", "d6": "", "d7": "0.011"}
{"d0": "tick=42296 goal=0", "d2": "0.459,0.499,0.729,1.594,1.473,0.235,0.191,0.194,0.114,0.105,0.095,0.288,0.239,0.350,0.396,0.495", "d4": "2.1", "d5": "0", "d6": "0", "d7": "-0.009"}
{"d0": "tick=42326 goal=0", "d2": "0.437,0.502,0.726,1.599,1.470,0.219,0.193,0.191,0.107,0.089,0.115,0.296,0.249,0.342,0.381,0.474", "d4": "2.5", "d5": "0", "d6": "0", "d7": "0.010"}
{"d0": "", "d2": "0.452,0.489,0.720,1.611,1.456,0.226,-1.000,0.172,0.131,0.100,0.124,0.300,0.250,0.358,0.396,0.461", "d4": "", "d5": "0", "d6": "", "d7": ""}
{"d0": "tick=42386 goal=0", "d2": "0.441,0.498,0.723,1.589,1.467,0.238,0.188,0.181,0.123,0.087,0.101,0.297,0.257,0.354,0.388,0.471", "d4": "0.8", "d5": "", "d6": "", "d7": "0.008"}
{"d0": "tick=42416 goal=0", "d2": "0.460,0.480,0.717,1.616,1.473,0.228,0.189,0.175,0.107,0.093,0.107,0.284,0.254,0.354,0.386,0.482", "d4": "", "d5": "", "d6": "", "d7": ""}
{"d0": "", "d2": "0.460,0.492,0.711,1.610,1.475,0.242,0.172,0.182,0.123,0.079,0.106,0.293,0.244,0.354,0.400,0.496", "d4": "2.2", "d5": "", "d6": "0", "d7": "-0.016"}
{"d0": "tick=42476 goal=0", "d2": "0.439,0.511,0.715,1.590,1.485,0.236,0.183,0.182,0.129,0.113,0.099,0.311,0.257,0.361,0.405,0.491", "d4": "1.9", "d5": "", "d6": "", "d7": "0.002"}
{"d0": "", "d2": "0.453,0.499,0.725,1.598,1.486,0.236,0.203,0.184,0.132,0.092,0.089,0.273,0.273,0.350,0.373,0.486", "d4": "", "d5": "", "d6": "", "d7": ""}
{"d0": "tick=42534 goal=0", "d2": "0.464,0.504,0.728,1.600,1.465,0.201,0.196,0.165,0.114,0.101,0.111,0.320,0.249,0.336,0.380,0.464", "d4": "1.4", "d5": "", "d6": "0", "d7": ""}
{"d0": "", "d2": "0.437,0.490,0.726,1.607,1.476,0.217,0.199,0.177,0.109,0.085,0.107,0.290,0.241,0.346,0.398,0.469", "d4": "1.5", "d5": "", "d6": "", "d7": ""}
{"d0": "", "d2": "", "d4": "3.7", "d5": "0", "d6": "0", "d7": ""}
{"d0": "", "d2": "0.475,0.497,0.709,1.600,1.467,0.222,0.180,0.185,0.108,0.099,0.093,0.300,0.263,0.343,0.392,0.477", "d4": "3.4", "d5": "0", "d6": "0", "d7": "-0.014"}
{"d0": "", "d2": "0.440,0.504,0.718,1.589,1.487,0.237,0.184,0.177,0.112,0.098,0.118,0.297,0.242,0.343,0.400,0.474", "d4": "", "d5": "", "d6": "", "d7": ""}
{"d0": "tick=42686 goal=0", "d2": "0.454,0.488,0.716,1.610,1.468,0.227,0.198,0.200,0.103,0.093,0.109,0.289,0.252,0.354,0.374,0.475", "d4": "0.2", "d5": "", "d6": "", "d7": "-0.016"}
{"d0": "", "d2": "0.464,0.506,0.715,1.597,1.492,0.218,0.203,0.204,0.114,0.076,0.109,0.304,0.257,0.356,0.383,0.481", "d4": "359.9", "d5": "", "d6": "0", "d7": ""}
{"d0": "", "d2": "0.448,0.505,0.728,1.597,1.493,0.229,0.208,0.195,0.132,0.100,0.107,0.283,0.255,0.335,0.396,0.476", "d4": "359.8", "d5": "0", "d6": "", "d7": "-0.001"}
{"d0": "tick=42775 goal=0", "d2": "0.455,0.510,0.736,1.593,1.483,0.214,0.209,0.165,0.111,0.103,0.111,0.287,0.242,0.351,0.392,0.468", "d4": "", "d5": "0", "d6": "0", "d7": ""}
{"d0": "", "d2": "0.449,0.486,0.715,1.605,1.476,0.231,0.187,0.186,0.129,0.094,0.122,0.291,-1.000,0.346,0.382,0.483", "d4": "1.1", "d5": "", "d6": "", "d7": ""}
{"d0": "", "d2": "0.456,0.504,0.734,1.610,1.477,0.233,0.187,0.187,0.140,0.093,0.107,0.317,0.259,0.345,0.382,0.475", "d4": "", "d5": "", "d6": "0", "d7": ""}
{"d0": "tick=42867 goal=0", "d2": "0.453,0.486,0.710,1.592,1.477,0.227,0.175,0.180,0.126,0.094,0.113,0.278,0.247,0.346,0.375,0.467", "d4": "", "d5": "0", "d6": "0", "d7": ""}
{"d0": "tick=42896 goal=0", "d2": "0.450,0.483,0.707,1.588,1.485,0.219,0.170,0.168,0.115,0.103,0.099,0.305,0.251,0.364,0.377,0.457", "d4": "", "d5": "0", "d6": "", "d7": "0.004"}
{"d0": "tick=42925 goal=0", "d2": "", "d4": "359.2", "d5": "", "d6": "0", "d7": "-0.008"}
{"d0": "tick=42956 goal=0", "d2": "0.448,0.514,0.726,1.610,1.467,0.241,0.185,0.182,0.141,0.094,0.122,0.317,0.243,0.355,0.392,0.477", "d4": "2.9", "d5": "0", "d6": "0", "d7": "-0.023"}
{"d0": "", "d2": "0.452,0.474,0.710,1.603,1.472,0.217,0.191,0.178,0.116,0.089,0.089,0.291,-1.000,0.350,0.396,0.481", "d4": "5.2", "d5": "", "d6": "", "d7": "0.017"}
{"d0": "", "d2": "0.467,0.512,0.727,1.607,1.476,0.231,0.205,0.202,0.107,0.082,0.109,0.283,0.236,0.352,0.408,0.465", "d4": "0.9", "d5": "0", "d6": "0", "d7": ""}
{"d0": "", "d2": "0.438,0.483,0.728,1.610,1.484,0.219,0.201,0.183,0.116,0.078,0.126,0.289,0.261,0.357,0.373,0.497", "d4": "", "d5": "", "d6": "0", "d7": "0.007"}
{"d0": "tick=43076 goal=0", "d2": "0.455,0.498,0.688,1.598,1.466,0.238,0.183,0.170,0.124,0.107,0.109,0.296,0.245,0.354,0.386,0.468", "d4": "2.3", "d5": "0", "d6": "0", "d7": ""}
{"d0": "tick=43106 goal=0", "d2": "0.473,0.509,0.723,1.601,1.478,0.229,0.181,0.187,0.124,0.096,0.098,0.295,0.251,0.326,0.388,0.478", "d4": "1.7", "d5": "", "d6": "0", "d7": "-0.012"}
{"d0": "tick=43137 goal=0", "d2": "-1.000,0.495,0.727,1.586,1.458,0.223,0.174,0.181,0.119,0.076,0.107,0.305,0.250,0.351,0.395,0.487", "d4": "", "d5": "", "d6": "0", "d7": "-0.003"}
{"d0": "", "d2": "0.462,0.500,0.704,1.606,1.487,0.239,0.187,0.185,0.116,0.069,0.112,0.283,0.232,0.342,0.397,0.481", "d4": "359.6", "d5": "", "d6": "0", "d7": ""}
{"d0": "tick=43195 goal=0", "d2": "0.438,0.504,0.711,1.621,1.461,0.243,0.178,0.176,0.117,0.079,0.102,0.294,0.259,0.347,0.384,0.486", "d4": "1.3", "d5": "0", "d6": "0", "d7": "0.001"}
{"d0": "tick=43227 goal=0", "d2": "0.450,0.507,0.727,1.602,1.483,0.219,0.193,0.179,0.126,0.103,0.126,0.308,0.258,0.337,0.392,0.480", "d4": "0.8", "d5": "", "d6": "0", "d7": "0.006"}
{"d0": "", "d2": "0.464,0.501,0.718,1.595,1.479,0.213,0.194,0.181,0.112,0.100,0.103,0.306,0.239,0.367,0.408,0.475", "d4": "3.8", "d5": "0", "d6": "0", "d7": "-0.000"}
{"d0": "", "d2": "0.452,0.501,0.713,1.605,1.463,0.210,0.194,0.186,0.122,0.093,0.135,0.289,0.253,0.335,0.403,0.472", "d4": "357.2", "d5": "", "d6": "", "d7": "-0.000"}
{"d0": "tick=43316 goal=0", "d2": "0.437,0.517,0.713,1.601,1.487,0.203,0.187,0.165,0.128,0.088,0.112,0.282,0.254,0.345,0.401,0.481", "d4": "359.8", "d5": "", "d6": "0", "d7": "-0.001"}
{"d0": "tick=43347 goal=0", "d2": "0.455,0.494,0.718,1.601,1.483,0.204,0.202,0.183,0.100,0.080,0.103,0.292,0.259,0.352,0.389,0.495", "d4": "", "d5": "", "d6": "", "d7": "0.024"}
{"d0": "tick=43376 goal=0", "d2": "0.466,0.495,0.703,1.597,1.480,0.232,0.176,0.175,0.124,0.081,0.093,0.290,0.251,0.347,0.383,0.473", "d4": "", "d5": "0", "d6": "0", "d7": "-0.014"}
{"d0": "", "d2": "0.437,0.495,0.704,1.593,1.481,0.228,0.195,0.175,0.109,0.100,0.104,0.312,0.250,0.341,0.400,0.468", "d4": "", "d5": "", "d6": "", "d7": ""}
{"d0": "tick=43436 goal=0", "d2": "0.439,0.501,0.711,1.626,1.492,0.224,0.183,0.178,0.115,0.089,0.106,0.302,0.256,0.356,0.386,0.473", "d4": "", "d5": "0", "d6": "", "d7": ""}
{"d0": "tick=43466 goal=0", "d2": "0.451,0.492,0.697,1.598,1.484,0.237,0.177,0.185,0.104,0.099,0.101,0.284,0.253,0.349,0.402,0.488", "d4": "359.3", "d5": "0", "d6": "0", "d7": ""}
{"d0": "tick=43497 goal=0", "d2": "0.443,0.504,0.693,1.591,1.482,0.214,0.193,0.186,0.107,0.092,0.105,0.297,0.246,0.342,0.374,0.457", "d4": "4.6", "d5": "0", "d6": "0", "d7": "0.003"}
{"d0": "", "d2": "-1.000,0.493,0.711,1.603,1.488,0.223,0.182,0.174,0.103,0.087,0.107,0.299,0.247,0.354,0.385,0.469", "d4": "2.2", "d5": "", "d6": "0", "d7": ""}
{"d0": "tick=43555 goal=0", "d2": "0.437,0.514,0.723,1.589,1.482,0.230,0.189,0.189,0.126,0.089,0.099,0.304,0.240,0.352,0.420,0.479", "d4": "1.6", "d5": "0", "d6": "", "d7": "0.007"}
{"d0": "tick=43586 goal=0", "d2": "0.451,0.484,0.708,1.604,1.484,0.218,0.174,0.178,0.122,0.106,0.115,0.297,0.272,0.330,-1.000,0.491", "d4": "359.6", "d5": "0", "d6": "0", "d7": "-0.001"}
{"d0": "tick=43616 goal=0", "d2": "0.438,0.491,0.727,1.604,1.491,0.212,0.187,0.172,0.100,0.086,0.116,0.298,0.262,0.350,0.396,0.493", "d4": "", "d5": "", "d6": "", "d7": ""}
{"d0": "tick=43646 goal=0", "d2": "0.448,0.501,0.716,1.614,1.480,0.226,0.192,0.189,0.110,0.094,0.109,0.291,0.250,0.353,0.399,0.457", "d4": "358.5", "d5": "0", "d6": "0", "d7": "-0.016"}
{"d0": "tick=43676 goal=0", "d2": "0.443,0.511,0.723,1.591,1.470,0.213,0.202,0.191,0.111,0.091,0.094,0.297,0.260,0.364,0.388,0.474", "d4": "", "d5": "0", "d6": "0", "d7": "0.002"}
{"d0": "tick=43707 goal=0", "d2": "0.456,0.493,0.720,1.605,1.467,0.224,0.206,0.184,0.120,0.097,0.107,0.289,0.237,0.353,0.405,0.468", "d4": "0.5", "d5": "0", "d6": "0", "d7": ""}
{"d0": "tick=43737 goal=0", "d2": "0.429,0.478,0.706,1.602,1.490,0.226,0.181,0.175,0.118,0.092,0.101,0.304,0.247,0.358,0.391,0.469", "d4": "4.1", "d5": "0", "d6": "0", "d7": "0.007"}
{"d0": "", "d2": "0.447,0.510,0.722,1.591,1.471,0.231,0.197,0.174,0.124,0.089,0.107,0.300,0.246,0.336,0.375,0.484", "d4": "", "d5": "", "d6": "", "d7": ""}
{"d0": "", "d2": "0.452,0.503,0.724,1.610,1.483,0.237,0.186,0.182,0.116,0.103,0.104,0.296,0.257,0.344,0.398,0.483", "d4": "", "d5": "0", "d6": "", "d7": ""}
{"d0": "tick=43827 goal=0", "d2": "", "d4": "0.7", "d5": "0", "d6": "0", "d7": "0.003"}
{"d0": "tick=43857 goal=0", "d2": "0.457,0.489,0.717,1.592,1.468,0.216,0.210,0.190,0.115,0.089,0.117,0.280,0.230,0.338,0.392,0.498", "d4": "0.1", "d5": "", "d6": "0", "d7": ""}
{"d0": "tick=43887 goal=0", "d2": "0.453,0.515,0.730,1.593,1.495,0.230,0.171,0.168,0.120,0.087,-1.000,0.297,0.253,0.345,0.395,0.487", "d4": "1.1", "d5": "0", "d6": "0", "d7": "-0.007"}
{"d0": "", "d2": "", "d4": "2.6", "d5": "0", "d6": "0", "d7": "-0.010"}
{"d0": "tick=43947 goal=0", "d2": "", "d4": "", "d5": "", "d6": "0", "d7": "0.001"}
{"d0": "", "d2": "0.471,0.506,0.721,1.595,1.471,0.218,0.199,0.168,0.103,0.082,0.108,0.307,0.263,0.338,0.384,0.487", "d4": "0.0", "d5": "0", "d6": "0", "d7": "-0.002"}
{"d0": "tick=44006 goal=0", "d2": "0.442,0.495,0.726,1.584,1.481,0.230,0.187,0.175,0.119,0.106,0.114,0.293,0.245,0.355,0.394,0.489", "d4": "", "d5": "", "d6": "0", "d7": "0.007"}
{"d0": "tick=44036 goal=0", "d2": "0.450,0.506,0.728,1.608,1.471,0.231,0.184,0.183,0.103,0.077,0.115,0.302,0.256,0.326,-1.000,0.479", "d4": "", "d5": "0", "d6": "0", "d7": ""}
{"d0": "tick=44066 goal=0", "d2": "0.463,0.492,0.730,1.602,1.454,0.233,0.207,0.186,0.104,0.079,0.132,0.289,0.245,0.348,0.402,0.472", "d4": "", "d5": "", "d6": "", "d7": "-0.004"}
{"d0": "", "d2": "0.429,0.488,0.716,1.605,1.479,0.210,0.192,0.177,0.104,0.078,0.107,0.302,0.236,0.349,0.373,0.485", "d4": "358.1", "d5": "0", "d6": "", "d7": ""}
{"d0": "", "d2": "0.458,0.497,0.731,1.606,1.478,0.224,0.182,0.182,0.121,0.080,0.113,0.310,0.239,0.362,0.388,0.474", "d4": "", "d5": "", "d6": "0", "d7": ""}
{"d0": "", "d2": "0.459,0.501,0.729,1.616,1.464,0.221,0.196,0.176,0.113,0.087,0.113,0.295,0.250,0.352,0.407,0.483", "d4": "", "d5": "", "d6": "0", "d7": "0.009"}
{"d0": "tick=44187 goal=0", "d2": "0.458,0.502,0.739,1.606,1.465,0.213,0.201,0.179,0.110,0.078,0.119,0.278,0.249,0.362,0.397,0.463", "d4": "357.3", "d5": "0", "d6": "0", "d7": "-0.001"}
{"d0": "tick=44217 goal=0", "d2": "0.446,0.514,0.714,1.599,1.488,0.233,0.189,0.169,0.096,0.096,0.126,0.292,0.246,0.350,0.370,0.487", "d4": "357.9", "d5": "0", "d6": "0", "d7": "0.019"}
{"d0": "tick=44248 goal=0", "d2": "0.469,0.506,0.702,1.596,1.466,0.223,0.199,0.185,0.110,0.106,0.105,0.309,0.257,0.357,0.391,0.469", "d4": "1.9", "d5": "0", "d6": "0", "d7": "-0.014"}
{"d0": "tick=44278 goal=0", "d2": "0.466,0.494,0.728,1.597,1.493,0.214,0.200,0.178,0.127,0.101,0.109,0.302,0.268,0.336,0.370,0.475", "d4": "", "d5": "0", "d6": "0", "d7": "0.004"}
{"d0": "tick=44306 goal=0", "d2": "0.450,0.490,0.718,1.600,1.475,0.226,0.185,0.193,0.121,0.094,0.093,0.292,0.263,0.362,0.388,0.478", "d4": "0.8", "d5": "", "d6": "", "d7": "-0.006"}
{"d0": "", "d2": "0.457,0.494,0.717,1.614,1.482,0.234,0.186,0.187,0.114,0.102,0.098,0.296,0.258,0.346,0.381,0.466", "d4": "2.2", "d5": "0", "d6": "0", "d7": ""}
{"d0": "tick=44366 goal=0", "d2": "0.452,0.504,0.711,1.620,1.478,0.213,0.209,0.151,0.108,0.106,0.109,0.295,0.249,0.345,0.394,0.462", "d4": "", "d5": "", "d6": "0", "d7": "-0.006"}
{"d0": "tick=44397 goal=0", "d2": "0.454,0.508,0.719,1.590,1.469,0.209,0.199,0.168,0.122,0.069,0.110,0.283,0.233,0.347,0.401,0.459", "d4": "", "d5": "0", "d6": "0", "d7": ""}
{"d0": "", "d2": "0.442,0.497,0.729,1.607,1.477,0.217,0.179,0.182,0.118,-1.000,0.110,0.303,0.264,0.372,0.388,0.458", "d4": "", "d5": "0", "d6": "0", "d7": "0.011"}
{"d0": "", "d2": "", "d4": "", "d5": "0", "d6": "", "d7": ""}
{"d0": "tick=44488 goal=0", "d2": "0.459,0.496,0.714,1.613,1.481,0.251,0.192,0.192,0.117,0.087,0.124,0.292,0.256,0.340,0.404,0.466", "d4": "0.1", "d5": "0", "d6": "0", "d7": "-0.001"}
{"d0": "tick=44518 goal=0", "d2": "0.434,0.491,0.724,1.600,1.476,0.224,0.200,0.181,0.138,0.089,0.117,0.293,0.256,0.357,0.380,0.486", "d4": "", "d5": "", "d6": "", "d7": ""}
{"d0": "tick=44548 goal=0", "d2": "0.456,0.507,0.728,1.608,1.498,0.218,0.193,0.188,0.116,0.085,0.115,0.282,0.257,0.343,0.385,0.481", "d4": "1.1", "d5": "0", "d6": "", "d7": "0.007"}
{"d0": "", "d2": "0.442,0.504,0.706,1.596,1.491,0.238,0.188,0.181,0.113,0.080,0.099,0.285,0.264,0.336,0.387,0.477", "d4": "0.6", "d5": "", "d6": "", "d7": ""}
{"d0": "tick=44608 goal=0", "d2": "0.440,0.494,0.723,1.587,1.489,0.231,0.188,0.171,0.124,0.071,0.094,0.295,0.251,0.368,0.395,0.490", "d4": "", "d5": "0", "d6": "", "d7": "-0.003"}
{"d0": "tick=44639 goal=0", "d2": "0.447,0.496,0.721,1.591,1.465,0.237,0.212,0.190,0.117,0.099,0.102,0.293,0.247,0.358,0.378,0.478", "d4": "", "d5": "0", "d6": "0", "d7": "-0.002"}
{"d0": "tick=44668 goal=0", "d2": "0.452,0.496,0.730,1.593,-1.000,0.234,0.213,0.174,0.123,0.094,0.119,0.310,0.266,0.349,0.393,0.476", "d4": "1.0", "d5": "", "d6": "0", "d7": "-0.006"}
{"d0": "tick=44696 goal=0", "d2": "0.446,0.500,0.723,1.594,1.486,0.228,0.196,0.173,0.114,0.099,0.116,0.296,0.248,0.347,0.380,0.475", "d4": "3.0", "d5": "0", "d6": "0", "d7": "-0.014"}
{"d0": "", "d2": "", "d4": "", "d5": "", "d6": "0", "d7": ""}
{"d0": "tick=44758 goal=0", "d2": "0.447,0.503,0.728,1.603,1.483,0.218,0.188,0.185,0.108,0.106,0.102,0.295,0.256,0.335,0.393,0.465", "d4": "0.5", "d5": "0", "d6": "0", "d7": "0.005"}
{"d0": "", "d2": "0.439,0.507,0.699,1.596,1.473,0.236,0.193,0.190,0.123,0.107,0.111,0.297,0.239,0.341,0.393,0.483", "d4": "", "d5": "0", "d6": "0", "d7": "0.011"}
{"d0": "", "d2": "0.457,0.494,0.719,1.590,1.477,0.216,0.184,0.173,0.107,0.077,0.098,0.297,0.255,0.349,0.387,0.490", "d4": "", "d5": "", "d6": "0", "d7": ""}
{"d0": "tick=44847 goal=0", "d2": "0.461,0.493,0.732,1.593,1.457,0.243,0.188,0.166,0.097,0.101,0.121,0.310,0.249,0.341,0.379,0.477", "d4": "", "d5": "0", "d6": "", "d7": "0.003"}
{"d0": "tick=44876 goal=0", "d2": "0.473,0.500,0.712,1.600,1.490,0.222,0.191,0.181,0.131,0.100,0.111,0.293,0.242,0.358,0.392,0.489", "d4": "3.8", "d5": "0", "d6": "0", "d7": "0.009"}
{"d0": "tick=44907 goal=0", "d2": "0.460,0.491,0.701,1.611,1.476,0.219,0.163,0.179,0.109,0.082,0.097,0.303,0.258,0.366,0.371,0.496", "d4": "3.4", "d5": "0", "d6": "0", "d7": ""}
{"d0": "tick=44937 goal=0", "d2": "0.466,0.489,0.740,1.607,1.473,0.216,0.184,0.189,0.128,0.095,0.100,0.283,0.249,0.333,0.393,0.476", "d4": "3.6", "d5": "0", "d6": "0", "d7": ""}
{"d0": "tick=44967 goal=0", "d2": "0.461,0.495,0.711,1.614,1.478,0.219,0.192,0.178,0.117,0.100,0.117,0.298,0.259,0.338,0.377,0.483", "d4": "359.8", "d5": "0", "d6": "0", "d7": "0.000"}
{"d0": "", "d2": "0.438,0.491,0.720,1.595,1.475,-1.000,0.200,0.188,0.101,0.101,0.119,0.301,0.244,0.335,0.394,0.465", "d4": "", "d5": "0", "d6": "0", "d7": ""}
{"d0": "tick=45026 goal=0", "d2": "0.466,0.497,0.710,1.599,1.469,0.224,0.189,0.173,0.111,0.095,0.097,0.299,0.255,0.326,0.389,0.477", "d4": "2.6", "d5": "", "d6": "0", "d7": "0.003"}
{"d0": "tick=45056 goal=0", "d2": "0.432,0.472,0.731,1.593,1.464,0.224,0.204,0.187,0.123,0.087,0.104,0.323,0.250,0.356,0.379,0.496", "d4": "", "d5": "", "d6": "", "d7": ""}
{"d0": "tick=45088 goal=0", "d2": "0.437,0.507,0.727,1.599,1.480,0.231,0.171,0.180,0.114,0.090,0.130,0.286,0.249,0.365,0.393,0.463", "d4": "1.9", "d5": "0", "d6": "", "d7": "0.010"}
{"d0": "", "d2": "0.459,0.511,0.725,1.590,1.490,0.223,0.196,0.203,0.111,0.080,0.124,0.284,0.260,0.367,0.380,0.459", "d4": "2.5", "d5": "", "d6": "0", "d7": ""}
{"d0": "", "d2": "0.454,0.499,0.708,1.603,1.476,0.212,0.189,0.189,0.121,0.098,0.097,0.310,0.259,0.334,0.373,0.475", "d4": "", "d5": "", "d6": "", "d7": ""}
{"d0": "", "d2": "0.437,0.479,0.715,1.588,1.480,0.216,0.190,0.172,0.136,0.092,0.127,0.292,0.260,0.363,0.389,0.483", "d4": "", "d5": "0", "d6": "0", "d7": ""}
{"d0": "", "d2": "0.460,0.507,0.709,1.600,1.472,0.224,0.195,0.189,0.107,0.088,0.106,0.306,0.258,0.336,0.393,0.472", "d4": "2.5", "d5": "0", "d6": "0", "d7": ""}
{"d0": "", "d2": "0.447,0.513,0.734,1.583,1.477,0.220,0.179,0.181,0.129,0.084,0.111,0.291,0.241,0.360,0.381,0.464", "d4": "", "d5": "", "d6": "0", "d7": "0.000"}
{"d0": "", "d2": "0.444,0.484,0.726,1.594,1.484,0.213,0.192,0.177,0.125,0.103,0.117,0.303,0.247,0.346,0.385,0.488", "d4": "", "d5": "", "d6": "", "d7": "-0.011"}
{"d0": "", "d2": "0.451,0.499,0.723,1.592,1.475,0.222,0.175,0.163,0.135,0.098,0.131,0.304,0.251,0.356,0.395,0.476", "d4": "357.2", "d5": "0", "d6": "0", "d7": ""}
{"d0": "", "d2": "0.463,0.506,0.727,1.605,1.474,0.210,0.183,0.183,0.104,0.090,0.105,0.301,0.248,0.323,0.391,0.476", "d4": "", "d5": "0", "d6": "0", "d7": "-0.015"}
{"d0": "", "d2": "0.429,0.488,0.708,1.595,1.496,0.220,0.191,0.193,0.125,0.100,0.120,0.304,0.239,0.353,0.382,0.473", "d4": "", "d5": "0", "d6": "0", "d7": "-0.006"}
{"d0": "tick=45388 goal=0", "d2": "0.455,0.509,0.712,1.603,1.469,-1.000,0.198,0.177,0.112,0.086,0.096,0.299,0.251,0.346,0.381,0.467", "d4": "0.7", "d5": "0", "d6": "0", "d7": "-0.013"}
{"d0": "", "d2": "0.468,0.467,0.711,1.595,1.464,0.235,0.195,0.189,0.141,0.081,0.118,0.280,0.259,0.357,0.380,0.487", "d4": "", "d5": "0", "d6": "0", "d7": ""}
{"d0": "tick=45448 goal=0", "d2": "0.465,0.491,0.705,1.618,1.460,0.223,0.202,0.163,0.110,0.098,0.115,0.306,0.260,0.340,0.386,0.478", "d4": "", "d5": "", "d6": "", "d7": "-0.005"}
{"d0": "tick=45477 goal=0", "d2": "0.440,0.484,0.727,1.603,1.484,0.214,0.175,0.162,0.124,0.087,0.120,0.300,0.256,0.351,0.402,0.486", "d4": "2.4", "d5": "0", "d6": "0", "d7": "-0.016"}
{"d0": "", "d2": "0.461,0.506,0.716,1.605,1.482,0.247,0.177,0.176,0.121,0.090,0.111,0.285,0.260,0.336,0.395,0.490", "d4": "359.1", "d5": "", "d6": "0", "d7": ""}
{"d0": "", "d2": "", "d4": "", "d5": "0", "d6": "", "d7": "-0.000"}
{"d0": "tick=45569 goal=0", "d2": "0.467,-1.000,0.712,1.593,1.486,0.222,0.168,0.188,0.119,0.089,0.112,0.284,0.240,0.358,0.370,0.479", "d4": "5.2", "d5": "0", "d6": "0", "d7": ""}
{"d0": "", "d2": "0.447,0.503,0.723,1.602,1.477,0.226,0.195,0.174,0.113,0.105,0.099,0.313,0.267,0.339,0.396,0.468", "d4": "5.5", "d5": "0", "d6": "0", "d7": "0.013"}
{"d0": "tick=45629 goal=0", "d2": "0.464,0.489,0.706,1.582,1.456,0.207,0.194,0.175,0.129,0.098,0.100,0.312,0.249,0.328,0.400,0.468", "d4": "", "d5": "0", "d6": "", "d7": "0.004"}
{"d0": "tick=45658 goal=0", "d2": "0.455,0.512,0.732,1.598,1.475,0.240,0.188,0.167,0.127,0.102,0.111,0.268,0.249,0.357,0.388,0.464", "d4": "", "d5": "0", "d6": "", "d7": ""}
{"d0": "", "d2": "0.470,0.479,0.726,1.596,1.482,0.232,0.204,0.173,0.117,0.088,0.108,0.306,0.253,0.350,0.391,0.474", "d4": "0.2", "d5": "0", "d6": "0", "d7": ""}
{"d0": "tick=45717 goal=0", "d2": "0.464,0.506,0.724,1.597,1.468,0.214,0.191,0.172,0.115,0.106,0.116,0.295,0.259,0.357,0.393,0.480", "d4": "0.6", "d5": "0", "d6": "", "d7": "0.003"}
{"d0": "tick=45747 goal=0", "d2": "", "d4": "3.6", "d5": "0", "d6": "0", "d7": "-0.002"}
{"d0": "", "d2": "0.444,0.504,0.721,1.597,1.461,0.231,0.194,0.185,0.089,0.085,0.109,0.296,0.251,0.349,0.395,0.479", "d4": "358.5", "d5": "0", "d6": "0", "d7": "0.008"}
{"d0": "tick=45809 goal=0", "d2": "0.451,0.493,0.709,1.598,1.465,0.231,0.177,0.188,0.130,0.100,0.096,0.298,0.253,0.362,0.390,0.468", "d4": "", "d5": "0", "d6": "", "d7": ""}
{"d0": "", "d2": "0.439,0.498,0.715,1.593,1.479,0.214,0.184,0.182,0.118,0.092,0.108,0.285,0.249,0.343,0.383,0.484", "d4": "358.3", "d5": "", "d6": "0", "d7": ""}
{"d0": "tick=45868 goal=0", "d2": "", "d4": "0.6", "d5": "", "d6": "0", "d7": "0.000"}
{"d0": "tick=45898 goal=0", "d2": "0.428,0.503,0.716,1.591,1.488,0.242,0.196,0.178,0.121,0.109,0.099,0.294,0.253,0.345,0.386,0.469", "d4": "357.8", "d5": "0", "d6": "0", "d7": "0.001"}
{"d0": "", "d2": "0.450,0.506,0.733,1.611,1.472,0.227,0.182,0.177,0.108,0.087,0.118,0.292,0.255,0.359,0.371,0.477", "d4": "359.0", "d5": "", "d6": "", "d7": ""}
{"d0": "tick=45959 goal=0", "d2": "0.457,0.486,0.732,1.614,1.485,0.231,0.181,0.191,0.120,0.080,0.113,0.306,0.262,0.343,0.392,0.485", "d4": "", "d5": "0", "d6": "0", "d7": ""}
{"d0": "tick=45989 goal=0", "d2": "0.460,0.500,0.721,1.593,1.497,0.235,0.197,0.196,0.113,0.091,0.123,0.283,0.257,0.353,0.393,0.460", "d4": "1.8", "d5": "", "d6": "0", "d7": "-0.017"}
{"d0": "", "d2": "0.442,0.478,0.713,1.596,1.480,0.223,0.194,0.178,0.117,0.103,0.102,0.298,0.230,0.352,0.378,0.473", "d4": "2.7", "d5": "", "d6": "0", "d7": ""}
{"d0": "tick=46049 goal=0", "d2": "0.452,0.487,0.727,1.606,1.489,0.227,0.183,0.193,0.127,0.093,0.125,0.290,0.255,0.349,0.383,0.478", "d4": "0.8", "d5": "", "d6": "", "d7": ""}
{"d0": "tick=46079 goal=0", "d2": "0.447,0.492,0.714,1.591,1.479,0.239,0.171,0.180,0.110,0.094,0.106,0.286,0.262,0.374,0.396,0.466", "d4": "", "d5": "0", "d6": "", "d7": "0.000"}
{"d0": "", "d2": "0.459,0.489,0.730,1.589,1.472,0.222,0.187,0.182,0.117,0.082,0.114,0.300,0.253,-1.000,0.385,0.484", "d4": "", "d5": "", "d6": "", "d7": ""}
{"d0": "", "d2": "0.457,0.502,0.704,1.601,1.482,0.217,0.185,0.168,0.137,0.110,0.099,0.287,0.249,0.343,0.375,0.481", "d4": "", "d5": "", "d6": "0", "d7": "-0.004"}
{"d0": "", "d2": "0.443,0.497,0.726,1.597,1.480,0.211,0.187,0.181,0.117,0.084,0.120,0.298,0.264,0.352,0.384,0.482", "d4": "", "d5": "0", "d6": "", "d7": "-0.002"}
{"d0": "", "d2": "0.448,0.500,0.751,1.585,1.486,0.228,0.201,0.176,-1.000,0.094,0.122,0.277,0.269,0.345,0.377,0.491", "d4": "0.0", "d5": "0", "d6": "0", "d7": ""}
{"d0": "", "d2": "0.450,0.510,0.716,1.615,1.484,0.233,0.192,0.185,0.127,0.103,0.089,0.278,0.258,0.327,0.380,0.468", "d4": "", "d5": "0", "d6": "0", "d7": "0.004"}
{"d0": "tick=46257 goal=0", "d2": "0.465,0.502,0.729,1.599,1.484,0.227,0.183,0.175,0.111,0.099,0.113,0.287,0.259,0.346,0.392,0.483", "d4": "1.7", "d5": "0", "d6": "", "d7": "-0.003"}
{"d0": "tick=46288 goal=0", "d2": "0.450,0.502,0.727,1.597,1.461,0.215,0.200,0.168,0.102,0.088,0.105,0.307,0.247,0.347,0.391,0.499", "d4": "", "d5": "", "d6": "0", "d7": ""}
{"d0": "tick=46319 goal=0", "d2": "0.449,0.495,0.718,1.615,1.485,0.214,0.181,0.186,0.104,0.081,0.108,0.296,0.247,0.338,0.405,0.489", "d4": "359.5", "d5": "0", "d6": "", "d7": "0.010"}
{"d0": "", "d2": "0.460,0.499,0.731,1.596,1.483,0.213,0.185,0.158,0.129,0.084,0.114,0.294,0.248,-1.000,0.377,0.475", "d4": "0.1", "d5": "", "d6": "0", "d7": ""}
{"d0": "tick=46378 goal=0", "d2": "0.458,0.519,0.724,1.605,1.467,0.208,0.190,0.190,0.134,0.085,0.104,0.290,0.232,0.360,0.384,0.467", "d4": "359.5", "d5": "", "d6": "", "d7": "-0.001"}
{"d0": "", "d2": "0.447,0.493,0.733,1.583,1.476,0.216,0.182,0.179,0.115,0.104,0.100,0.300,0.263,0.355,0.391,0.474", "d4": "", "d5": "0", "d6": "", "d7": ""}
{"d0": "", "d2": "0.454,0.498,0.717,1.586,1.488,0.231,0.195,0.181,0.126,0.107,0.101,0.294,0.257,0.350,0.392,0.455", "d4": "", "d5": "", "d6": "", "d7": ""}
{"d0": "tick=46469 goal=0", "d2": "0.434,0.495,0.720,1.606,1.490,0.220,0.195,0.168,0.109,0.073,0.110,0.303,0.240,0.335,0.404,0.468", "d4": "", "d5": "0", "d6": "0", "d7": "-0.000"}
{"d0": "tick=46499 goal=0", "d2": "0.448,0.495,0.724,1.574,1.474,0.238,0.196,0.184,0.123,0.085,0.121,0.277,0.255,0.331,0.399,0.465", "d4": "354.7", "d5": "", "d6": "0", "d7": ""}
{"d0": "", "d2": "0.440,0.523,0.723,1.598,1.479,0.236,0.180,0.163,0.104,0.077,0.103,0.307,0.253,0.345,0.402,0.488", "d4": "1.8", "d5": "0", "d6": "0", "d7": "-0.004"}
{"d0": "", "d2": "0.447,0.505,0.709,1.601,1.465,0.224,0.176,0.176,0.115,0.075,0.106,0.271,0.258,0.336,0.376,0.496", "d4": "", "d5": "", "d6": "0", "d7": ""}
{"d0": "tick=46588 goal=0", "d2": "0.443,0.492,0.714,1.593,1.478,0.211,0.181,0.188,0.114,0.075,0.108,0.286,0.266,0.355,0.382,0.471", "d4": "", "d5": "0", "d6": "0", "d7": ""}
{"d0": "tick=46619 goal=0", "d2": "0.462,0.505,0.722,1.616,1.478,0.230,0.187,0.161,0.108,0.095,0.120,0.288,0.253,0.368,0.393,0.481", "d4": "", "d5": "0", "d6": "0", "d7": "0.014"}
{"d0": "", "d2": "", "d4": "356.4", "d5": "0", "d6": "", "d7": "-0.007"}
{"d0": "tick=46678 goal=0", "d2": "", "d4": "", "d5": "0", "d6": "0", "d7": ""}
{"d0": "tick=46709 goal=0", "d2": "0.450,0.495,0.724,1.601,1.476,0.235,0.185,0.185,0.118,0.068,0.107,0.281,0.237,0.338,0.390,0.477", "d4": "1.1", "d5": "0", "d6": "0", "d7": "0.001"}
{"d0": "tick=46740 goal=0", "d2": "0.460,0.502,0.726,-1.000,1.476,0.207,0.203,0.189,0.102,0.068,0.124,0.300,0.268,0.345,0.388,0.483", "d4": "356.6", "d5": "0", "d6": "0", "d7": "0.016"}
{"d0": "tick=46768 goal=0", "d2": "0.455,0.495,0.699,1.607,1.478,0.222,0.194,0.171,0.122,0.094,0.120,0.309,0.254,0.350,0.396,0.478", "d4": "", "d5": "", "d6": "", "d7": "-0.013"}
{"d0": "tick=46798 goal=0", "d2": "0.455,0.497,0.716,1.586,1.473,0.231,0.190,0.184,0.116,0.099,0.112,0.291,0.250,0.339,0.387,0.484", "d4": "", "d5": "", "d6": "", "d7": "-0.004"}
{"d0": "tick=46829 goal=0", "d2": "0.463,0.491,0.731,1.604,1.478,0.217,0.192,0.201,0.117,0.080,0.107,0.291,0.261,0.357,0.380,0.463", "d4": "", "d5": "0", "d6": "0", "d7": ""}
{"d0": "tick=46859 goal=0", "d2": "", "d4": "", "d5": "0", "d6": "", "d7": "-0.009"}
{"d0": "tick=46888 goal=0", "d2": "0.442,0.483,0.736,1.595,-1.000,0.239,0.202,0.170,0.125,0.090,0.106,0.302,0.248,0.354,0.376,0.493", "d4": "3.3", "d5": "0", "d6": "0", "d7": "0.003"}
{"d0": "tick=46920 goal=0", "d2": "0.455,0.513,0.724,1.598,1.480,0.228,0.180,0.189,0.130,0.107,0.122,0.302,0.244,0.358,0.372,0.490", "d4": "", "d5": "", "d6": "0", "d7": "0.017"}
{"d0": "tick=46949 goal=0", "d2": "0.456,0.507,0.730,1.590,1.475,0.239,0.203,0.190,0.121,0.087,0.125,0.304,0.255,0.357,0.390,0.467", "d4": "", "d5": "", "d6": "", "d7": ""}
{"d0": "tick=46978 goal=0", "d2": "0.463,0.502,0.707,1.597,1.480,0.225,0.177,0.187,0.112,0.101,0.110,0.302,0.236,0.368,0.382,0.475", "d4": "0.6", "d5": "", "d6": "0", "d7": ""}
{"d0": "tick=47010 goal=0", "d2": "-1.000,0.496,0.718,1.580,1.486,0.216,0.174,0.193,0.131,0.088,0.106,0.291,0.254,0.335,-1.000,0.487", "d4": "0.5", "d5": "0", "d6": "", "d7": ""}
{"d0": "tick=47038 goal=0", "d2": "0.449,0.497,0.722,1.606,1.482,0.218,0.200,0.183,0.125,0.086,0.105,0.304,0.235,0.344,0.376,0.482", "d4": "", "d5": "", "d6": "", "d7": "-0.014"}
{"d0": "", "d2": "0.460,0.485,0.711,1.591,1.465,0.209,0.180,0.175,0.110,0.086,0.121,0.290,0.242,0.347,0.392,0.463", "d4": "358.7", "d5": "0", "d6": "0", "d7": ""}
{"d0": "", "d2": "0.453,0.500,0.714,1.601,1.470,0.201,0.186,0.182,0.083,0.094,0.097,0.298,0.262,0.338,0.378,0.472", "d4": "359.1", "d5": "", "d6": "0", "d7": "-0.022"}
{"d0": "", "d2": "0.455,0.487,0.713,1.602,1.464,0.217,0.204,0.181,0.121,0.083,0.112,0.290,0.278,0.353,0.406,0.482", "d4": "", "d5": "0", "d6": "0", "d7": ""}
{"d0": "", "d2": "0.469,0.491,0.700,1.587,1.482,0.219,0.195,0.177,0.093,0.097,0.116,0.298,0.258,0.353,0.413,0.467", "d4": "", "d5": "0", "d6": "0", "d7": "0.001"}
{"d0": "tick=47190 goal=0", "d2": "0.455,0.501,0.729,1.590,1.465,0.226,0.191,0.171,0.102,0.105,0.107,0.292,0.244,0.336,0.388,0.488", "d4": "", "d5": "0", "d6": "0", "d7": ""}
{"d0": "", "d2": "0.456,0.501,0.727,1.595,1.492,0.207,0.174,0.184,0.121,0.092,0.094,0.286,0.268,0.335,0.391,0.461", "d4": "0.3", "d5": "0", "d6": "0", "d7": ""}
{"d0": "tick=47248 goal=0", "d2": "0.451,0.499,0.704,1.609,1.490,0.228,0.191,0.172,0.108,0.084,0.104,0.302,0.255,0.351,0.374,0.478", "d4": "0.2", "d5": "0", "d6": "0", "d7": "-0.003"}
{"d0": "", "d2": "0.455,0.486,0.712,1.592,1.470,0.240,0.189,0.166,0.128,0.091,0.108,0.292,0.261,0.339,0.393,0.482", "d4": "0.4", "d5": "", "d6": "0", "d7": "-0.020"}
{"d0": "tick=47308 goal=0", "d2": "", "d4": "", "d5": "0", "d6": "", "d7": "-0.001"}
{"d0": "tick=47340 goal=0", "d2": "0.456,0.510,0.726,1.586,1.471,0.233,0.179,0.162,0.113,0.115,0.097,0.282,0.233,0.346,0.392,0.478", "d4": "358.0", "d5": "", "d6": "", "d7": "0.004"}
{"d0": "tick=47370 goal=0", "d2": "0.463,0.513,0.728,1.591,1.479,0.211,0.179,0.175,0.118,0.074,0.108,0.289,0.238,0.353,0.396,0.496", "d4": "0.5", "d5": "", "d6": "0", "d7": "-0.010"}
{"d0": "tick=47400 goal=0", "d2": "0.454,0.499,0.713,1.609,1.462,0.248,0.189,0.210,0.130,0.090,0.117,0.297,0.255,0.350,0.383,0.481", "d4": "5.3", "d5": "0", "d6": "0", "d7": "0.000"}
{"d0": "tick=47429 goal=0", "d2": "0.465,0.504,0.721,1.613,1.471,0.215,0.178,0.162,0.106,0.093,0.132,0.298,0.258,0.346,0.365,0.497", "d4": "359.2", "d5": "0", "d6": "0", "d7": "0.009"}
{"d0": "tick=47458 goal=0", "d2": "0.459,0.500,0.727,1.604,1.464,0.217,0.199,0.162,0.126,0.084,0.124,0.302,0.274,0.349,0.387,0.497", "d4": "2.2", "d5": "0", "d6": "", "d7": "-0.003"}
{"d0": "", "d2": "0.462,0.512,0.723,1.613,1.487,0.216,0.188,0.169,0.137,0.066,0.097,0.275,0.248,-1.000,0.389,0.485", "d4": "4.3", "d5": "", "d6": "", "d7": ""}
{"d0": "tick=47519 goal=0", "d2": "0.448,0.520,0.711,1.611,1.493,0.237,0.184,0.188,0.123,0.091,0.111,0.285,0.244,0.347,0.393,0.479", "d4": "", "d5": "0", "d6": "0", "d7": "-0.003"}
{"d0": "tick=47549 goal=0", "d2": "0.459,0.509,0.712,1.607,1.495,0.228,0.195,0.173,0.119,0.092,0.105,0.277,0.253,0.347,0.404,0.473", "d4": "0.8", "d5": "0", "d6": "0", "d7": ""}
{"d0": "", "d2": "0.454,0.520,-1.000,1.601,1.477,0.214,0.198,0.184,0.115,0.093,0.116,0.292,0.273,0.333,0.385,0.488", "d4": "356.8", "d5": "", "d6": "0", "d7": ""}
{"d0": "tick=47610 goal=0", "d2": "0.471,0.499,0.723,1.616,1.487,0.235,0.178,0.193,0.118,0.105,0.125,0.301,0.253,0.332,0.385,0.458", "d4": "3.3", "d5": "0", "d6": "0", "d7": "-0.003"}
{"d0": "", "d2": "0.448,0.498,0.728,1.595,1.491,0.234,0.190,0.176,0.121,0.090,0.118,0.288,0.250,0.362,0.378,0.491", "d4": "", "d5": "", "d6": "0", "d7": "0.026"}
{"d0": "tick=47669 goal=0", "d2": "0.467,0.496,0.701,1.597,1.478,0.224,0.175,0.182,0.113,0.097,0.118,0.287,0.253,0.339,0.383,0.480", "d4": "357.4", "d5": "0", "d6": "0", "d7": "-0.006"}
{"d0": "tick=47699 goal=0", "d2": "0.465,0.510,0.711,1.611,1.473,0.217,0.194,0.176,0.120,0.100,0.119,0.279,0.269,0.364,0.388,0.482", "d4": "", "d5": "0", "d6": "0", "d7": "0.013"}
{"d0": "", "d2": "0.468,0.485,0.711,1.590,1.482,0.226,0.201,0.181,0.106,0.084,0.092,0.271,0.252,0.352,0.376,0.477", "d4": "", "d5": "0", "d6": "0", "d7": ""}
{"d0": "", "d2": "0.445,0.508,0.716,1.592,1.474,0.234,0.201,0.163,0.122,0.074,0.097,0.310,0.258,0.349,0.392,0.476", "d4": "359.2", "d5": "", "d6": "0", "d7": "-0.008"}
{"d0": "tick=47789 goal=0", "d2": "0.470,0.499,0.720,1.586,1.487,0.228,0.193,0.184,0.123,0.088,-1.000,0.304,0.253,0.339,0.377,0.490", "d4": "0.0", "d5": "0", "d6": "0", "d7": "0.007"}
{"d0": "tick=47819 goal=0", "d2": "", "d4": "2.0", "d5": "", "d6": "0", "d7": "0.001"}
{"d0": "tick=47849 goal=0", "d2": "0.462,0.508,0.708,1.604,1.463,0.214,0.187,-1.000,0.108,0.080,0.124,0.299,0.253,0.342,0.375,0.468", "d4": "358.5", "d5": "0", "d6": "", "d7": ""}
{"d0": "tick=47879 goal=0", "d2": "0.467,0.512,0.708,1.587,1.478,0.222,0.215,0.186,0.115,0.111,0.107,0.296,0.259,0.342,0.379,0.480", "d4": "", "d5": "0", "d6": "", "d7": "-0.009"}
{"d0": "tick=47910 goal=0", "d2": "0.461,0.506,0.724,1.606,1.481,0.230,0.179,0.175,0.112,0.105,0.095,0.282,0.256,0.342,0.390,0.473", "d4": "0.2", "d5": "", "d6": "", "d7": ""}
{"d0": "", "d2": "0.456,0.536,0.715,1.589,1.470,0.225,0.201,0.185,0.119,0.109,0.124,0.301,0.244,0.336,0.400,0.472", "d4": "", "d5": "0", "d6": "0", "d7": ""}
{"d0": "tick=47969 goal=0", "d2": "0.453,0.507,0.699,1.606,1.476,0.220,0.189,0.167,0.107,0.098,0.125,0.307,0.269,0.335,0.374,0.461", "d4": "", "d5": "", "d6": "0", "d7": "-0.006"}
{"d0": "", "d2": "0.442,0.498,0.729,1.605,1.486,0.228,0.198,0.195,0.114,0.105,0.103,0.301,0.231,0.360,0.381,0.485", "d4": "3.4", "d5": "0", "d6": "0", "d7": "-0.007"}
{"d0": "", "d2": "0.456,0.494,0.737,1.606,1.469,0.234,0.208,0.180,0.120,0.096,0.121,-1.000,0.245,0.349,0.377,0.467", "d4": "0.5", "d5": "", "d6": "", "d7": "0.013"}
{"d0": "tick=48059 goal=0", "d2": "", "d4": "358.2", "d5": "0", "d6": "", "d7": "0.011"}
{"d0": "", "d2": "0.443,0.492,0.720,1.602,1.483,0.236,0.199,0.186,0.117,0.084,0.113,0.304,0.240,0.350,0.402,0.462", "d4": "359.3", "d5": "0", "d6": "0", "d7": ""}
{"d0": "", "d2": "", "d4": "4.7", "d5": "0", "d6": "0", "d7": "-0.007"}
{"d0": "tick=48150 goal=0", "d2": "0.452,0.489,0.726,1.603,1.476,0.221,0.179,0.165,0.117,0.097,0.093,0.296,0.285,0.340,0.412,0.484", "d4": "358.1", "d5": "0", "d6": "0", "d7": ""}
{"d0": "tick=48181 goal=0", "d2": "0.451,0.491,0.704,1.599,-1.000,0.228,-1.000,0.178,0.113,0.089,0.118,0.305,0.261,0.358,0.397,0.470", "d4": "", "d5": "0", "d6": "0", "d7": ""}
{"d0": "tick=48211 goal=0", "d2": "0.476,0.516,0.718,1.606,1.479,0.228,0.176,0.174,0.098,0.111,0.108,0.297,0.253,0.347,0.382,0.477", "d4": "", "d5": "0", "d6": "0", "d7": "0.003"}
{"d0": "", "d2": "0.436,0.491,0.719,1.607,1.466,0.212,0.177,0.183,0.104,0.084,0.100,0.284,0.261,0.352,0.394,0.476", "d4": "", "d5": "", "d6": "0", "d7": ""}
{"d0": "", "d2": "0.443,0.505,0.720,1.615,1.472,0.221,0.188,0.186,0.104,0.087,0.110,0.294,0.269,0.332,0.386,0.481", "d4": "0.0", "d5": "0", "d6": "0", "d7": "0.005"}
{"d0": "", "d2": "0.452,0.495,0.715,1.600,1.480,0.227,0.193,0.194,0.095,0.079,0.103,0.297,0.258,0.351,0.393,0.462", "d4": "2.0", "d5": "0", "d6": "0", "d7": "0.011"}
{"d0": "", "d2": "-1.000,0.515,0.720,1.606,1.500,0.233,0.187,0.182,0.114,0.087,0.110,0.283,0.249,0.338,0.391,0.486", "d4": "", "d5": "", "d6": "0", "d7": ""}
{"d0": "", "d2": "0.440,0.518,0.725,1.619,1.465,0.226,0.187,0.170,0.113,0.074,0.086,0.293,0.248,0.351,0.391,0.471", "d4": "0.3", "d5": "", "d6": "0", "d7": "0.004"}
{"d0": "", "d2": "0.456,0.476,0.730,1.617,1.459,0.237,0.185,0.177,0.118,0.086,0.120,0.293,0.249,0.336,0.369,0.482", "d4": "0.6", "d5": "", "d6": "0", "d7": "0.003"}
{"d0": "tick=48420 goal=0", "d2": "0.453,0.501,0.712,1.629,1.498,0.234,0.189,0.186,0.126,0.080,0.105,0.286,0.244,0.329,0.408,0.489", "d4": "", "d5": "0", "d6": "0", "d7": ""}
{"d0": "tick=48450 goal=0", "d2": "0.460,0.509,0.703,1.600,1.473,0.201,0.190,0.179,0.131,0.092,0.103,0.292,0.233,0.361,0.389,0.479", "d4": "355.0", "d5": "0", "d6": "0", "d7": "-0.014"}
{"d0": "tick=48481 goal=0", "d2": "0.447,0.488,0.720,1.589,1.463,0.235,0.218,0.169,0.116,0.079,0.106,0.301,0.244,0.346,0.379,0.481", "d4": "2.0", "d5": "", "d6": "", "d7": "0.003"}
{"d0": "", "d2": "0.462,0.501,0.726,1.600,1.479,0.209,0.204,0.181,0.121,0.084,0.112,0.295,0.257,0.339,0.385,0.489", "d4": "0.5", "d5": "0", "d6": "0", "d7": "-0.023"}
{"d0": "tick=48539 goal=0", "d2": "0.467,0.502,0.726,1.609,1.486,0.213,0.191,0.199,0.113,0.086,0.111,0.284,0.243,0.341,0.385,0.480", "d4": "", "d5": "", "d6": "0", "d7": "0.001"}
{"d0": "tick=48569 goal=0", "d2": "", "d4": "358.9", "d5": "0", "d6": "0", "d7": "-0.003"}
{"d0": "tick=48601 goal=0", "d2": "0.458,0.499,0.715,1.605,1.478,0.215,0.205,0.177,0.107,0.083,0.112,0.300,0.229,0.340,0.376,0.468", "d4": "", "d5": "0", "d6": "0", "d7": "-0.002"}
{"d0": "", "d2": "0.453,0.489,0.716,1.597,1.482,0.214,0.184,0.173,-1.000,0.093,0.122,0.312,0.261,0.352,0.382,0.476", "d4": "2.1", "d5": "0", "d6": "0", "d7": ""}
{"d0": "", "d2": "0.453,0.501,0.720,1.593,1.471,-1.000,0.207,0.173,0.118,0.088,0.114,0.297,0.256,0.363,0.397,0.482", "d4": "", "d5": "0", "d6": "0", "d7": "-0.011"}
{"d0": "tick=48689 goal=0", "d2": "0.458,0.493,0.731,1.613,1.466,0.217,0.194,0.174,0.130,0.086,0.115,0.289,0.252,0.350,0.373,0.485", "d4": "3.4", "d5": "0", "d6": "0", "d7": ""}
{"d0": "tick=48720 goal=0", "d2": "0.434,0.498,0.717,1.586,1.482,0.216,0.153,0.177,0.125,0.088,0.103,0.284,0.265,0.346,0.394,0.492", "d4": "2.7", "d5": "", "d6": "", "d7": "0.003"}
{"d0": "", "d2": "0.448,0.510,0.697,1.602,1.488,0.212,0.188,0.173,0.101,0.100,0.124,0.286,0.251,0.355,0.382,0.482", "d4": "", "d5": "", "d6": "0", "d7": ""}
{"d0": "tick=48781 goal=0", "d2": "0.452,0.513,0.727,1.607,1.490,0.223,0.200,0.181,0.120,0.088,0.133,0.300,0.257,0.359,0.389,0.472", "d4": "", "d5": "0", "d6": "0", "d7": "-0.004"}
{"d0": "tick=48810 goal=0", "d2": "0.427,0.483,0.716,1.623,1.502,0.225,0.167,0.184,0.137,0.087,0.103,-1.000,0.258,0.343,0.391,0.480", "d4": "0.6", "d5": "0", "d6": "0", "d7": "-0.007"}
{"d0": "", "d2": "0.457,0.496,0.732,1.584,1.463,0.227,0.177,0.170,0.106,0.109,0.118,-1.000,0.237,0.369,0.397,0.487", "d4": "358.7", "d5": "", "d6": "0", "d7": "0.007"}
{"d0": "tick=48870 goal=0", "d2": "", "d4": "", "d5": "0", "d6": "", "d7": ""}
{"d0": "tick=48899 goal=0", "d2": "-1.000,-1.000,0.737,1.594,1.460,0.233,0.206,0.169,0.115,0.090,0.100,0.286,0.238,0.352,0.376,0.491", "d4": "2.1", "d5": "0", "d6": "0", "d7": "0.005"}
{"d0": "", "d2": "0.445,0.509,0.714,1.584,1.477,0.211,0.204,0.170,0.117,0.088,0.122,0.287,0.262,0.361,0.398,0.475", "d4": "358.4", "d5": "0", "d6": "", "d7": ""}
{"d0": "tick=48960 goal=0", "d2": "0.452,-1.000,0.712,1.601,1.485,0.227,0.188,0.171,0.114,0.078,0.112,0.303,0.243,0.354,0.386,0.466", "d4": "0.0", "d5": "0", "d6": "", "d7": "0.002"}
{"d0": "tick=48990 goal=0", "d2": "0.462,0.478,0.718,1.598,1.486,0.225,0.182,0.183,0.106,0.083,0.136,0.298,0.255,0.367,0.383,0.470", "d4": "1.6", "d5": "0", "d6": "0", "d7": ""}
{"d0": "tick=49020 goal=0", "d2": "0.458,0.497,0.701,1.603,1.485,0.217,0.197,0.192,0.130,0.079,0.107,0.293,0.252,0.348,0.374,0.465", "d4": "2.1", "d5": "0", "d6": "", "d7": ""}
{"d0": "", "d2": "0.457,0.511,0.723,1.585,1.487,0.228,0.184,0.177,0.121,0.087,0.110,0.297,0.266,0.351,0.383,0.480", "d4": "1.6", "d5": "0", "d6": "0", "d7": ""}
{"d0": "", "d2": "0.466,0.514,0.711,1.575,1.484,0.223,0.187,0.184,0.125,0.098,0.109,0.304,0.270,0.349,0.395,0.475", "d4": "0.6", "d5": "0", "d6": "0", "d7": "0.017"}
{"d0": "tick=49110 goal=0", "d2": "0.457,0.509,0.734,1.602,1.466,0.222,0.183,0.185,0.102,0.100,0.114,0.295,0.256,0.341,0.409,0.461", "d4": "", "d5": "", "d6": "", "d7": "0.008"}
{"d0": "", "d2": "0.444,0.511,0.726,1.593,1.496,0.218,0.200,0.194,0.110,0.095,0.104,0.283,0.258,0.355,0.377,0.469", "d4": "0.4", "d5": "0", "d6": "0", "d7": "-0.005"}
{"d0": "tick=49171 goal=0", "d2": "0.445,0.502,0.715,1.609,1.482,0.227,0.189,0.167,0.122,0.091,0.109,0.306,0.255,0.361,0.387,0.485", "d4": "", "d5": "0", "d6": "0", "d7": ""}
{"d0": "tick=49201 goal=0", "d2": "0.446,0.498,0.738,1.610,1.485,0.224,0.178,0.180,0.112,0.105,0.106,0.306,0.244,0.349,0.387,0.477", "d4": "358.6", "d5": "", "d6": "0", "d7": "0.006"}
{"d0": "", "d2": "0.463,0.489,0.714,1.604,1.468,0.214,0.197,0.176,0.127,0.080,0.113,0.284,0.250,0.351,0.380,0.459", "d4": "1.1", "d5": "", "d6": "0", "d7": "0.014"}
{"d0": "tick=49261 goal=0", "d2": "", "d4": "0.6", "d5": "0", "d6": "0", "d7": "-0.006"}
{"d0": "tick=49290 goal=0", "d2": "0.432,0.515,0.727,1.583,1.464,0.220,0.172,0.193,0.123,0.093,0.101,-1.000,0.250,0.358,0.371,0.486", "d4": "3.5", "d5": "0", "d6": "", "d7": "0.008"}
{"d0": "tick=49321 goal=0", "d2": "0.453,0.499,0.712,1.597,1.488,0.211,0.200,0.183,0.126,0.098,0.123,0.294,0.236,0.368,0.385,0.480", "d4": "0.6", "d5": "0", "d6": "0", "d7": "0.010"}
{"d0": "tick=49350 goal=0", "d2": "0.454,0.510,0.705,1.613,1.500,0.216,0.191,0.176,0.122,0.095,0.105,0.295,0.248,0.350,0.380,0.479", "d4": "", "d5": "0", "d6": "0", "d7": "-0.004"}
{"d0": "tick=49380 goal=0", "d2": "0.475,0.508,0.710,1.601,1.492,0.216,0.188,0.182,0.134,0.079,0.117,0.303,0.283,0.356,0.397,-1.000", "d4": "", "d5": "0", "d6": "", "d7": "0.015"}
{"d0": "tick=49411 goal=0", "d2": "0.448,0.510,0.730,1.584,1.469,0.225,0.202,0.189,0.130,0.098,0.102,0.304,0.250,0.329,0.365,0.477", "d4": "3.6", "d5": "", "d6": "0", "d7": ""}
{"d0": "", "d2": "0.461,0.507,0.738,1.593,1.469,0.228,0.173,0.166,0.124,0.093,0.115,0.298,0.245,0.348,0.389,0.474", "d4": "", "d5": "0", "d6": "", "d7": ""}
{"d0": "tick=49471 goal=0", "d2": "0.454,0.499,0.718,1.599,1.470,0.214,0.184,0.178,0.123,0.075,0.103,0.305,0.247,0.326,0.395,0.492", "d4": "1.1", "d5": "0", "d6": "", "d7": "-0.004"}
{"d0": "tick=49500 goal=0", "d2": "0.443,0.498,0.716,1.586,1.471,0.230,0.190,0.178,0.122,0.097,0.117,0.299,0.240,0.343,0.379,0.465", "d4": "", "d5": "", "d6": "0", "d7": "0.009"}
{"d0": "tick=49531 goal=0", "d2": "0.445,0.512,0.718,1.595,1.476,0.229,0.184,0.180,0.133,0.103,0.095,0.294,0.241,0.344,0.391,0.471", "d4": "0.0", "d5": "", "d6": "0", "d7": "-0.010"}
{"d0": "", "d2": "0.449,0.481,0.724,1.605,1.473,0.204,0.191,0.165,0.103,0.098,0.118,0.287,0.261,0.375,0.402,0.486", "d4": "4.0", "d5": "0", "d6": "", "d7": "0.008"}
{"d0": "tick=49591 goal=0", "d2": "0.447,0.490,0.707,1.591,1.488,0.221,0.196,0.197,0.117,0.072,0.112,0.299,0.251,0.337,0.393,0.479", "d4": "0.8", "d5": "0", "d6": "0", "d7": "-0.012"}
{"d0": "tick=49622 goal=0", "d2": "0.464,0.492,0.708,1.589,1.478,0.233,0.202,0.173,0.105,0.109,0.119,0.314,0.249,0.339,0.391,0.481", "d4": "", "d5": "", "d6": "", "d7": ""}
{"d0": "tick=49650 goal=0", "d2": "0.458,0.505,0.716,1.588,1.477,0.209,0.178,0.169,0.111,0.073,0.127,0.294,0.254,0.333,0.391,-1.000", "d4": "358.5", "d5": "0", "d6": "", "d7": ""}
{"d0": "tick=49681 goal=0", "d2": "0.440,0.497,0.721,1.603,1.473,0.221,0.180,0.176,0.125,0.089,0.113,0.301,0.259,0.352,0.400,0.480", "d4": "359.3", "d5": "", "d6": "0", "d7": "-0.019"}
{"d0": "tick=49711 goal=0", "d2": "0.464,0.501,0.724,1.598,1.472,0.235,0.183,0.182,0.117,0.094,0.096,0.293,0.239,0.345,0.376,0.464", "d4": "", "d5": "", "d6": "0", "d7": "-0.003"}
{"d0": "tick=49741 goal=0", "d2": "0.449,0.510,0.702,1.601,1.477,0.219,0.183,0.183,0.123,0.092,0.088,0.285,-1.000,0.359,0.389,0.471", "d4": "0.1", "d5": "", "d6": "0", "d7": "-0.005"}
{"d0": "tick=49769 goal=0", "d2": "0.469,0.512,0.717,1.603,1.492,0.218,0.165,0.196,0.117,0.102,0.099,0.301,0.243,0.331,0.391,0.467", "d4": "", "d5": "0", "d6": "0", "d7": "-0.008"}
{"d0": "tick=49801 goal=0", "d2": "0.466,0.514,0.724,1.619,1.464,0.232,0.184,0.169,0.112,0.086,0.117,0.295,0.241,0.344,0.398,0.484", "d4": "", "d5": "", "d6": "0", "d7": "0.001"}
{"d0": "tick=49832 goal=0", "d2": "0.456,0.493,0.724,1.584,1.475,0.240,0.168,0.171,0.120,0.105,0.121,0.295,0.250,0.338,0.392,0.502", "d4": "359.5", "d5": "0", "d6": "0", "d7": "0.002"}
{"d0": "tick=49860 goal=0", "d2": "0.452,0.496,0.711,1.596,1.484,0.232,0.190,0.178,0.103,0.090,-1.000,0.305,0.283,0.344,0.388,0.460", "d4": "0.4", "d5": "0", "d6": "0", "d7": "-0.006"}
{"d0": "tick=49890 goal=0", "d2": "0.463,0.484,0.714,1.604,1.494,0.229,0.201,0.174,0.128,0.090,0.110,0.295,0.249,0.339,0.380,0.467", "d4": "", "d5": "0", "d6": "0", "d7": "-0.024"}
{"d0": "tick=49921 goal=0", "d2": "0.451,0.495,0.712,1.595,1.479,0.208,0.187,0.180,0.108,0.099,0.107,0.300,0.247,0.338,0.377,0.465", "d4": "2.5", "d5": "0", "d6": "0", "d7": "-0.008"}
{"d0": "tick=49951 goal=0", "d2": "0.441,0.495,0.726,1.582,1.473,0.234,0.197,0.181,0.117,0.095,0.099,0.296,0.246,0.340,0.396,0.491", "d4": "", "d5": "0", "d6": "0", "d7": "0.009"}
{"d0": "tick=49981 goal=0", "d2": "0.444,0.509,0.692,1.596,1.482,0.221,0.191,0.184,-1.000,0.100,0.135,0.295,0.240,0.356,0.390,0.467", "d4": "", "d5": "0", "d6": "0", "d7": "0.004"}
{"d0": "tick=50011 goal=0", "d2": "", "d4": "1.5", "d5": "0", "d6": "", "d7": "0.003"}
{"d0": "tick=50041 goal=0", "d2": "0.447,0.506,0.723,1.609,1.483,0.221,0.194,0.170,0.117,0.091,0.122,0.300,0.246,0.356,0.385,0.466", "d4": "", "d5": "0", "d6": "0", "d7": "0.002"}
{"d0": "tick=50072 goal=0", "d2": "0.435,0.493,0.688,1.589,1.460,0.220,0.209,0.163,0.108,0.092,0.107,0.292,0.263,0.340,0.384,0.463", "d4": "", "d5": "0", "d6": "", "d7": "0.016"}
{"d0": "tick=50102 goal=0", "d2": "0.454,0.507,0.733,1.585,1.472,0.221,0.207,0.184,0.114,0.084,0.105,0.288,0.250,0.359,0.389,0.477", "d4": "", "d5": "0", "d6": "0", "d7": ""}
{"d0": "tick=50131 goal=0", "d2": "0.454,0.506,0.713,1.608,1.478,0.230,0.201,0.172,0.119,0.074,0.126,0.296,0.252,0.359,0.378,0.483", "d4": "2.8", "d5": "0", "d6": "0", "d7": "-0.006"}
{"d0": "tick=50160 goal=0", "d2": "0.458,0.499,0.716,1.592,1.474,0.225,0.167,0.191,0.131,0.089,0.131,0.279,0.255,0.325,0.389,0.482", "d4": "", "d5": "0", "d6": "", "d7": "0.003"}
{"d0": "", "d2": "0.450,0.491,0.718,1.602,1.475,0.235,0.173,0.195,0.107,0.078,0.104,0.285,0.242,0.350,0.392,0.468", "d4": "1.4", "d5": "0", "d6": "", "d7": "0.011"}
{"d0": "", "d2": "0.453,0.495,0.719,1.612,1.489,0.225,0.202,0.175,0.120,0.079,0.095,0.292,0.249,0.335,0.388,0.489", "d4": "0.1", "d5": "0", "d6": "", "d7": ""}
{"d0": "tick=50251 goal=0", "d2": "0.465,0.491,0.709,1.600,1.482,0.212,0.180,0.173,0.124,0.076,0.132,0.296,0.250,0.349,0.393,0.459", "d4": "3.5", "d5": "", "d6": "0", "d7": "-0.000"}
{"d0": "", "d2": "0.454,0.491,0.725,1.608,1.457,0.233,0.181,0.187,0.125,0.084,0.112,0.281,0.240,-1.000,0.381,0.466", "d4": "", "d5": "0", "d6": "", "d7": "0.014"}
{"d0": "tick=50311 goal=0", "d2": "0.441,0.494,0.704,1.601,1.479,0.219,0.194,0.174,0.117,0.095,0.113,0.278,0.236,0.362,0.385,0.492", "d4": "2.6", "d5": "0", "d6": "0", "d7": ""}
{"d0": "", "d2": "0.450,0.490,0.724,1.601,1.471,0.231,0.184,0.179,0.136,0.098,0.109,0.297,0.261,0.345,0.404,0.490", "d4": "", "d5": "0", "d6": "0", "d7": ""}
{"d0": "tick=50372 goal=0", "d2": "0.451,0.505,0.709,1.589,1.495,0.216,0.178,0.176,0.110,0.104,0.109,0.286,0.251,0.339,0.384,0.475", "d4": "", "d5": "0", "d6": "0", "d7": "0.008"}
{"d0": "", "d2": "0.462,0.505,0.709,1.612,1.482,0.216,0.190,0.180,0.124,0.112,0.107,0.293,0.247,0.340,0.387,0.456", "d4": "355.3", "d5": "0", "d6": "", "d7": "-0.001"}
{"d0": "", "d2": "0.448,0.491,0.720,1.585,1.474,0.219,0.195,0.155,0.105,0.106,0.108,0.295,0.240,0.344,0.389,0.477", "d4": "", "d5": "0", "d6": "", "d7": "0.013"}
{"d0": "", "d2": "0.465,0.484,0.701,1.613,1.496,0.219,0.189,0.158,0.126,0.074,0.112,0.313,0.248,0.340,0.382,0.488", "d4": "2.9", "d5": "0", "d6": "0", "d7": "0.013"}
{"d0": "", "d2": "0.460,0.494,0.727,1.612,-1.000,0.231,0.187,0.169,0.135,0.084,0.114,0.299,0.242,0.338,0.403,0.496", "d4": "", "d5": "", "d6": "", "d7": "0.008"}
{"d0": "", "d2": "0.457,0.495,0.719,1.602,1.474,0.222,0.192,0.182,0.108,0.076,0.117,0.291,0.242,0.360,0.390,0.462", "d4": "358.8", "d5": "", "d6": "", "d7": "0.005"}
{"d0": "tick=50551 goal=0", "d2": "0.462,0.503,0.726,1.610,1.452,0.215,0.186,0.182,0.109,0.095,0.110,0.313,0.260,0.356,0.371,0.486", "d4": "", "d5": "0", "d6": "0", "d7": "-0.002"}
{"d0": "tick=50581 goal=0", "d2": "0.457,0.499,0.705,1.594,1.461,0.229,0.193,0.188,0.116,0.087,0.116,0.301,0.264,0.355,0.395,0.492", "d4": "359.7", "d5": "", "d6": "", "d7": ""}
{"d0": "tick=50612 goal=0", "d2": "", "d4": "359.0", "d5": "", "d6": "", "d7": "-0.001"}
{"d0": "", "d2": "0.457,0.505,0.736,1.601,1.481,0.226,0.215,0.191,0.122,0.087,0.110,0.305,0.248,-1.000,0.407,0.485", "d4": "359.7", "d5": "", "d6": "", "d7": "-0.025"}
{"d0": "tick=50671 goal=0", "d2": "0.436,0.494,0.721,1.602,1.479,0.213,0.191,0.188,0.117,0.083,0.092,0.291,0.243,0.343,0.380,0.487", "d4": "4.4", "d5": "0", "d6": "0", "d7": "-0.008"}
{"d0": "", "d2": "0.437,0.497,0.714,1.622,1.475,0.209,0.197,0.173,0.113,0.087,0.117,0.299,0.272,0.370,0.382,0.484", "d4": "", "d5": "", "d6": "", "d7": ""}
{"d0": "", "d2": "0.458,0.499,0.731,1.601,1.477,0.239,0.203,0.187,0.128,0.088,0.119,0.294,0.244,0.344,0.379,0.464", "d4": "1.9", "d5": "0", "d6": "0", "d7": "0.002"}
{"d0": "tick=50763 goal=0", "d2": "", "d4": "", "d5": "0", "d6": "0", "d7": ""}
{"d0": "tick=50793 goal=0", "d2": "0.459,0.513,0.712,1.613,1.486,0.210,0.174,0.188,0.133,0.082,0.099,0.302,0.258,0.341,0.368,0.477", "d4": "358.8", "d5": "", "d6": "0", "d7": "0.010"}
{"d0": "", "d2": "0.455,0.488,0.711,1.595,1.461,0.246,0.178,0.167,0.114,0.103,0.116,0.293,0.249,0.355,0.381,0.470", "d4": "", "d5": "0", "d6": "", "d7": "0.003"}
{"d0": "", "d2": "0.462,0.496,0.711,1.612,1.457,0.225,0.194,0.191,0.109,0.109,0.102,0.299,0.274,0.344,0.390,0.480", "d4": "", "d5": "", "d6": "", "d7": ""}
{"d0": "tick=50882 goal=0", "d2": "0.446,0.509,0.720,1.603,1.502,0.244,0.198,0.167,0.118,0.091,0.097,0.287,0.267,0.356,0.391,0.471", "d4": "", "d5": "0", "d6": "0", "d7": ""}
{"d0": "tick=50913 goal=0", "d2": "0.445,0.494,0.713,1.608,1.476,0.225,0.202,0.189,0.117,0.091,0.118,0.302,0.238,0.347,0.390,0.470", "d4": "0.7", "d5": "0", "d6": "0", "d7": "-0.003"}
{"d0": "", "d2": "0.458,0.504,0.723,1.615,1.491,0.226,0.183,0.176,0.124,0.089,0.111,0.305,0.266,0.330,0.374,0.468", "d4": "", "d5": "", "d6": "", "d7": ""}
{"d0": "", "d2": "0.442,0.497,0.724,1.597,1.476,0.236,0.183,0.170,0.137,0.100,0.107,0.304,0.248,0.356,0.400,0.463", "d4": "358.4", "d5": "0", "d6": "", "d7": "-0.011"}
{"d0": "tick=51001 goal=0", "d2": "0.449,0.482,0.715,1.613,1.475,0.216,0.196,0.164,0.113,0.090,0.116,0.300,0.255,0.351,0.404,0.482", "d4": "", "d5": "0", "d6": "0", "d7": "0.007"}
{"d0": "", "d2": "0.463,0.512,0.722,1.602,1.463,0.221,0.202,0.185,0.126,0.064,0.103,0.288,0.256,0.351,0.371,0.491", "d4": "4.6", "d5": "", "d6": "0", "d7": ""}
{"d0": "tick=51062 goal=0", "d2": "0.447,0.510,0.721,1.590,1.494,0.226,0.188,0.157,0.112,0.103,0.091,0.288,0.240,0.344,0.380,0.483", "d4": "359.6", "d5": "", "d6": "0", "d7": "0.003"}
{"d0": "tick=51093 goal=0", "d2": "0.464,0.482,0.723,1.612,1.480,0.217,0.184,0.177,0.110,0.090,0.100,0.293,0.244,0.353,0.393,0.482", "d4": "", "d5": "0", "d6": "", "d7": ""}
{"d0": "tick=51123 goal=0", "d2": "0.463,0.494,0.706,1.613,1.458,0.232,0.187,0.174,0.122,0.097,0.109,0.300,0.229,0.355,0.373,0.472", "d4": "3.1", "d5": "0", "d6": "0", "d7": "0.010"}
{"d0": "tick=51151 goal=0", "d2": "0.453,0.482,0.701,1.599,1.481,0.209,0.191,0.184,0.115,0.099,0.113,0.297,-1.000,0.342,0.405,0.474", "d4": "", "d5": "0", "d6": "0", "d7": "-0.014"}
{"d0": "", "d2": "0.473,0.499,0.717,1.602,1.474,0.226,0.186,0.174,0.112,0.097,0.114,0.285,0.250,0.359,0.393,0.470", "d4": "", "d5": "", "d6": "", "d7": "0.006"}
{"d0": "tick=51210 goal=0", "d2": "0.458,0.504,0.715,1.601,1.491,0.218,0.209,0.175,0.116,0.094,0.096,-1.000,0.246,0.353,0.393,0.479", "d4": "", "d5": "", "d6": "0", "d7": "0.011"}
{"d0": "tick=51243 goal=0", "d2": "0.444,0.499,0.705,1.597,1.479,0.220,0.184,0.182,0.120,0.074,0.110,-1.000,0.258,0.318,0.387,0.476", "d4": "2.5", "d5": "", "d6": "0", "d7": ""}
{"d0": "tick=51271 goal=0", "d2": "0.466,0.490,0.697,1.599,1.484,0.227,0.192,0.184,0.131,0.089,0.123,0.297,0.272,0.342,0.389,0.477", "d4": "", "d5": "0", "d6": "0", "d7": "0.002"}
{"d0": "", "d2": "0.461,0.505,0.729,1.604,1.478,0.208,0.177,0.191,0.134,0.087,0.099,0.290,0.269,0.360,0.388,0.468", "d4": "", "d5": "", "d6": "", "d7": "0.006"}
{"d0": "", "d2": "0.437,0.505,0.730,1.615,1.481,0.239,0.204,0.183,0.131,0.099,0.111,0.292,0.232,0.345,0.385,0.492", "d4": "358.7", "d5": "0", "d6": "0", "d7": "-0.003"}
{"d0": "tick=51362 goal=0", "d2": "0.447,0.506,0.715,1.599,1.484,-1.000,0.202,0.180,0.111,0.090,0.094,0.286,0.253,0.365,0.373,0.462", "d4": "", "d5": "", "d6": "", "d7": ""}
{"d0": "", "d2": "0.448,0.506,0.718,1.613,1.479,0.241,0.191,0.192,0.119,0.106,0.104,0.294,0.249,0.356,0.397,0.490", "d4": "2.8", "d5": "0", "d6": "0", "d7": "-0.009"}
{"d0": "", "d2": "0.456,0.503,0.724,1.605,1.483,0.219,0.195,0.161,0.120,0.082,0.118,0.283,0.257,0.360,0.377,0.472", "d4": "", "d5": "0", "d6": "0", "d7": ""}
{"d0": "tick=51453 goal=0", "d2": "0.459,0.502,0.723,1.606,1.480,0.221,0.199,0.190,0.123,0.090,0.103,0.302,0.249,0.352,0.396,0.485", "d4": "", "d5": "", "d6": "", "d7": ""}
{"d0": "tick=51483 goal=0", "d2": "0.458,0.503,0.713,1.601,1.475,0.227,0.220,0.183,0.102,0.091,0.114,0.282,0.235,0.348,0.391,0.465", "d4": "358.9", "d5": "", "d6": "0", "d7": "0.010"}
{"d0": "", "d2": "0.448,0.489,0.716,1.613,1.481,0.235,0.187,0.172,0.111,0.094,0.121,0.297,0.254,0.341,0.375,0.479", "d4": "359.6", "d5": "0", "d6": "0", "d7": "-0.009"}
{"d0": "", "d2": "0.454,0.490,0.716,1.608,1.470,0.217,0.181,0.164,0.123,0.086,0.111,0.289,0.260,0.338,0.370,0.491", "d4": "", "d5": "0", "d6": "", "d7": ""}
{"d0": "", "d2": "0.455,0.500,0.707,1.601,1.485,0.218,0.199,0.185,0.112,0.099,0.109,0.304,0.230,0.348,0.391,0.474", "d4": "0.6", "d5": "0", "d6": "0", "d7": "-0.012"}
{"d0": "", "d2": "0.449,0.496,0.694,1.621,1.466,0.222,0.188,0.169,0.130,0.090,0.118,0.299,0.267,0.341,0.396,0.475", "d4": "", "d5": "", "d6": "0", "d7": "0.004"}
{"d0": "tick=51632 goal=0", "d2": "0.444,0.505,0.724,1.581,1.470,0.220,0.173,0.179,0.121,0.092,0.116,0.278,0.258,0.338,0.401,0.490", "d4": "3.6", "d5": "0", "d6": "0", "d7": "-0.002"}
{"d0": "", "d2": "0.454,0.516,0.733,1.579,1.472,0.230,0.193,0.199,0.112,0.100,0.119,0.285,0.256,0.356,0.388,0.470", "d4": "1.5", "d5": "", "d6": "0", "d7": ""}
{"d0": "tick=51692 goal=0", "d2": "0.431,0.496,0.717,1.606,1.471,0.211,0.203,0.180,0.107,0.097,0.102,0.294,0.260,0.343,0.368,0.455", "d4": "0.3", "d5": "0", "d6": "0", "d7": ""}
{"d0": "tick=51722 goal=0", "d2": "", "d4": "", "d5": "", "d6": "0", "d7": "0.010"}
{"d0": "tick=51750 goal=0", "d2": "0.448,0.496,0.726,1.588,1.448,0.223,0.205,0.184,0.104,0.094,0.128,0.285,0.237,0.334,0.398,0.474", "d4": "", "d5": "0", "d6": "", "d7": "-0.007"}
{"d0": "", "d2": "0.454,0.498,0.726,1.616,1.478,0.236,0.185,0.169,0.114,0.080,0.118,0.314,0.219,0.333,0.389,0.474", "d4": "0.3", "d5": "0", "d6": "0", "d7": ""}
{"d0": "", "d2": "0.438,0.487,0.725,1.618,1.484,0.214,0.191,0.173,0.109,0.096,0.122,0.303,0.255,0.362,0.389,0.477", "d4": "", "d5": "0", "d6": "", "d7": ""}
{"d0": "tick=51843 goal=0", "d2": "0.457,0.507,0.714,1.606,1.475,0.223,0.179,0.188,0.125,0.102,0.104,0.300,0.246,0.359,0.407,0.480", "d4": "358.2", "d5": "", "d6": "", "d7": ""}
{"d0": "tick=51871 goal=0", "d2": "0.429,0.498,0.713,1.601,1.482,0.204,0.206,0.174,0.125,0.089,0.096,0.291,0.257,0.365,0.391,0.476", "d4": "2.8", "d5": "", "d6": "0", "d7": "-0.014"}
{"d0": "tick=51904 goal=0", "d2": "0.454,0.507,0.722,1.579,1.470,0.216,0.185,0.183,0.135,0.086,0.111,0.316,0.266,0.349,0.389,0.473", "d4": "3.8", "d5": "0", "d6": "0", "d7": "0.015"}
{"d0": "tick=51931 goal=0", "d2": "0.462,0.498,0.721,1.598,1.485,0.219,0.196,0.167,0.126,0.103,0.092,0.298,0.248,0.354,0.378,0.470", "d4": "1.0", "d5": "0", "d6": "0", "d7": ""}
{"d0": "tick=51961 goal=0", "d2": "0.447,0.497,0.695,1.599,1.478,0.234,0.180,0.177,0.113,0.073,0.137,0.313,0.257,0.351,0.383,0.484", "d4": "358.4", "d5": "", "d6": "0", "d7": ""}
{"d0": "tick=51992 goal=0", "d2": "0.451,0.478,0.707,1.603,1.477,0.217,0.200,0.191,0.107,0.085,0.107,0.276,0.254,0.347,0.380,0.479", "d4": "2.8", "d5": "0", "d6": "", "d7": "-0.010"}
{"d0": "tick=52022 goal=0", "d2": "0.445,0.500,0.713,1.592,1.472,0.209,0.210,0.173,0.123,0.094,0.094,0.278,0.255,0.345,0.390,0.474", "d4": "", "d5": "", "d6": "0", "d7": "0.006"}
{"d0": "", "d2": "0.450,0.498,0.733,1.615,1.459,0.225,0.189,0.179,0.132,0.092,0.104,0.292,0.267,0.350,0.386,0.478", "d4": "", "d5": "", "d6": "0", "d7": ""}
{"d0": "tick=52082 goal=0", "d2": "0.455,0.507,0.721,1.591,1.479,0.219,0.187,0.186,0.101,0.100,0.114,0.307,-1.000,0.367,0.380,0.477", "d4": "359.0", "d5": "0", "d6": "0", "d7": "0.014"}
{"d0": "", "d2": "0.433,0.483,0.724,1.606,1.479,0.224,0.187,0.174,0.106,0.081,0.112,0.277,0.246,0.350,0.402,0.480", "d4": "358.1", "d5": "0", "d6": "0", "d7": "-0.010"}
{"d0": "", "d2": "0.467,0.487,0.724,1.593,1.481,0.225,0.194,0.173,0.129,0.116,0.100,0.305,0.261,0.376,0.388,0.474", "d4": "", "d5": "0", "d6": "0", "d7": "0.007"}
{"d0": "tick=52173 goal=0", "d2": "0.448,0.496,0.729,1.589,1.483,0.228,0.197,0.170,0.112,0.090,0.137,0.292,0.256,0.370,0.378,0.477", "d4": "358.3", "d5": "", "d6": "", "d7": "-0.010"}
{"d0": "tick=52203 goal=0", "d2": "0.420,0.479,0.719,1.565,1.464,0.262,0.205,0.193,0.122,0.119,0.137,0.284,0.262,0.381,0.385,0.457", "d4": "", "d5": "", "d6": "", "d7": ""}
{"d0": "", "d2": "0.421,0.478,0.729,1.568,1.474,0.279,0.208,0.199,0.118,0.119,0.223,0.302,0.241,0.373,0.396,0.481", "d4": "", "d5": "", "d6": "0", "d7": "0.003"}
{"d0": "tick=52263 goal=0", "d2": "0.411,0.489,0.716,1.536,1.467,0.315,0.214,0.185,0.127,0.124,0.237,0.290,0.241,0.388,0.417,0.470", "d4": "3.5", "d5": "0", "d6": "", "d7": ""}
{"d0": "tick=52292 goal=0", "d2": "", "d4": "2.8", "d5": "0", "d6": "", "d7": ""}
{"d0": "tick=52324 goal=0", "d2": "0.393,0.459,0.740,1.541,1.370,0.348,0.220,0.228,0.140,0.138,0.283,0.289,0.254,0.387,0.476,0.433", "d4": "", "d5": "0", "d6": "", "d7": ""}
{"d0": "", "d2": "0.382,0.463,0.725,1.531,1.136,0.344,0.219,0.230,0.158,0.131,0.312,0.286,0.278,0.335,0.498,0.434", "d4": "7.8", "d5": "", "d6": "", "d7": ""}
{"d0": "", "d2": "0.344,0.454,0.715,1.512,1.113,0.348,0.232,0.240,0.145,0.150,0.303,0.292,0.283,0.356,0.499,0.443", "d4": "", "d5": "", "d6": "", "d7": ""}
{"d0": "", "d2": "0.336,0.441,0.725,1.521,1.112,0.353,0.254,0.239,0.174,0.171,-1.000,0.259,0.317,0.346,0.494,0.425", "d4": "12.5", "d5": "", "d6": "0", "d7": "0.036"}
{"d0": "tick=52444 goal=0", "d2": "0.322,0.431,0.694,1.495,1.094,0.372,0.246,0.254,0.168,0.160,0.325,0.275,0.315,0.357,0.461,0.435", "d4": "8.3", "d5": "0", "d6": "0", "d7": ""}
{"d0": "", "d2": "0.329,0.441,0.710,1.519,1.075,0.382,0.256,0.266,0.180,0.204,0.327,0.251,0.335,0.355,0.431,-1.000", "d4": "", "d5": "0", "d6": "0", "d7": ""}
{"d0": "", "d2": "0.317,0.447,0.701,1.507,1.080,0.389,0.253,0.270,0.173,0.222,0.336,0.269,0.361,0.343,0.426,0.408", "d4": "", "d5": "", "d6": "", "d7": "0.027"}
{"d0": "", "d2": "0.312,0.415,0.722,1.514,1.080,0.415,0.265,0.293,0.191,0.266,0.344,0.254,0.360,0.332,0.389,0.411", "d4": "", "d5": "", "d6": "0", "d7": ""}
{"d0": "tick=52563 goal=0", "d2": "0.314,0.414,0.708,1.517,1.092,0.396,0.276,0.295,0.224,0.304,0.348,0.272,0.352,0.340,0.380,0.391", "d4": "14.6", "d5": "0", "d6": "0", "d7": "0.015"}
{"d0": "tick=52593 goal=0", "d2": "0.289,0.411,0.718,1.481,1.083,0.413,0.276,0.287,0.208,0.323,0.347,0.304,0.356,0.363,0.381,0.367", "d4": "13.0", "d5": "0", "d6": "0", "d7": "0.007"}
{"d0": "tick=52623 goal=0", "d2": "0.304,0.406,0.723,1.487,1.069,0.409,0.286,0.286,0.205,0.334,0.330,0.300,0.345,0.393,0.372,0.353", "d4": "17.3", "d5": "0", "d6": "", "d7": ""}
{"d0": "tick=52654 goal=0", "d2": "", "d4": "14.5", "d5": "0", "d6": "0", "d7": "0.023"}
{"d0": "tick=52684 goal=0", "d2": "0.271,0.380,0.699,1.442,1.041,0.423,0.308,0.330,0.244,0.398,0.330,0.340,0.318,0.421,0.356,0.319", "d4": "19.0", "d5": "0", "d6": "0", "d7": ""}
{"d0": "tick=52713 goal=0", "d2": "0.260,0.365,0.686,1.435,1.029,0.429,0.309,0.330,0.248,0.375,0.297,0.340,0.334,-1.000,0.353,0.290", "d4": "", "d5": "", "d6": "0", "d7": "0.007"}
{"d0": "tick=52743 goal=0", "d2": "0.255,0.358,0.704,1.453,1.042,0.437,0.319,0.336,0.265,0.406,0.327,0.345,0.317,0.440,0.334,0.279", "d4": "16.9", "d5": "0", "d6": "0", "d7": ""}
{"d0": "", "d2": "0.257,0.362,0.686,1.465,1.068,0.433,0.329,0.323,0.240,0.407,0.321,0.358,0.332,0.440,0.333,0.282", "d4": "14.8", "d5": "0", "d6": "0", "d7": "0.004"}
{"d0": "tick=52804 goal=0", "d2": "0.252,-1.000,0.674,1.437,1.055,0.456,0.313,0.355,0.284,0.414,0.320,0.363,0.328,0.427,0.339,0.292", "d4": "", "d5": "", "d6": "", "d7": "-0.009"}
{"d0": "tick=52834 goal=0", "d2": "0.250,0.366,0.676,1.461,-1.000,0.434,0.319,0.354,-1.000,0.414,0.302,0.360,0.308,0.437,0.338,0.273", "d4": "14.3", "d5": "0", "d6": "0", "d7": ""}
{"d0": "tick=52863 goal=0", "d2": "0.262,0.376,0.687,1.469,1.028,0.421,0.327,0.338,0.279,0.414,0.321,0.366,0.326,0.425,0.338,0.272", "d4": "16.9", "d5": "0", "d6": "0", "d7": "-0.033"}
{"d0": "tick=52892 goal=0", "d2": "0.275,0.374,0.703,1.460,1.054,0.413,0.319,-1.000,0.260,0.398,0.304,0.346,0.328,0.425,0.324,0.294", "d4": "19.7", "d5": "0", "d6": "0", "d7": "-0.009"}
{"d0": "tick=52922 goal=0", "d2": "0.247,0.368,0.682,1.426,1.025,0.425,0.304,0.326,0.262,0.390,0.320,0.339,0.328,0.444,0.354,-1.000", "d4": "17.0", "d5": "0", "d6": "0", "d7": "0.002"}
{"d0": "tick=52953 goal=0", "d2": "", "d4": "", "d5": "0", "d6": "0", "d7": "-0.017"}
{"d0": "tick=52983 goal=0", "d2": "0.289,0.394,0.724,1.437,0.892,0.411,0.303,0.298,0.237,0.391,0.310,0.339,0.342,0.437,0.348,0.305", "d4": "19.8", "d5": "0", "d6": "", "d7": "-0.015"}
{"d0": "", "d2": "0.293,0.393,0.730,1.425,0.872,0.408,0.288,0.296,0.244,0.355,0.288,0.324,0.323,0.438,0.352,0.332", "d4": "17.4", "d5": "0", "d6": "", "d7": ""}
{"d0": "tick=53044 goal=0", "d2": "0.291,0.422,0.742,-1.000,0.869,0.383,0.295,0.264,0.219,0.346,0.310,0.302,0.337,0.425,0.370,0.305", "d4": "", "d5": "0", "d6": "", "d7": ""}
{"d0": "", "d2": "0.312,0.430,0.751,1.428,0.833,0.376,0.300,0.280,0.235,0.344,0.298,0.296,0.349,0.399,0.406,0.321", "d4": "", "d5": "0", "d6": "", "d7": ""}
{"d0": "tick=53104 goal=0", "d2": "0.316,0.429,0.762,1.426,0.830,-1.000,0.281,0.272,0.199,0.326,0.303,0.275,0.357,0.387,0.380,0.358", "d4": "21.5", "d5": "0", "d6": "", "d7": ""}
{"d0": "tick=53134 goal=0", "d2": "0.324,0.429,0.777,1.416,0.813,0.329,0.261,0.270,0.204,0.315,0.335,0.263,-1.000,0.362,0.397,0.352", "d4": "15.8", "d5": "", "d6": "", "d7": "-0.028"}
{"d0": "tick=53164 goal=0", "d2": "0.314,0.453,0.795,1.434,0.786,0.294,0.263,0.255,0.176,0.291,0.307,0.288,0.336,0.353,0.389,0.404", "d4": "12.2", "d5": "0", "d6": "0", "d7": "-0.007"}
{"d0": "tick=53194 goal=0", "d2": "0.360,0.463,0.794,1.426,-1.000,0.277,0.252,0.225,0.190,0.289,0.329,0.248,0.327,0.346,0.394,0.372", "d4": "17.2", "d5": "", "d6": "", "d7": ""}
{"d0": "tick=53223 goal=0", "d2": "0.331,0.473,0.814,1.423,0.765,0.262,0.241,0.232,0.169,0.271,0.320,0.250,0.359,0.343,0.413,0.400", "d4": "17.3", "d5": "0", "d6": "0", "d7": "-0.026"}
{"d0": "tick=53252 goal=0", "d2": "0.372,0.482,0.841,1.433,0.763,0.249,0.260,0.199,0.150,0.255,0.308,0.252,0.360,0.352,0.407,0.408", "d4": "15.4", "d5": "0", "d6": "", "d7": ""}
{"d0": "tick=53285 goal=0", "d2": "0.367,0.500,0.859,1.455,0.764,0.270,0.258,0.210,0.145,0.252,0.300,0.255,0.342,0.340,0.422,0.435", "d4": "18.3", "d5": "0", "d6": "0", "d7": "-0.022"}
{"d0": "tick=53311 goal=0", "d2": "0.378,0.514,-1.000,1.455,0.753,-1.000,0.242,0.183,0.150,0.229,0.290,0.245,0.350,0.356,0.440,0.438", "d4": "12.9", "d5": "0", "d6": "0", "d7": "-0.004"}
{"d0": "", "d2": "", "d4": "", "d5": "0", "d6": "0", "d7": ""}
{"d0": "tick=53373 goal=0", "d2": "0.400,0.543,0.939,1.485,0.488,0.242,0.213,0.140,0.120,0.186,0.288,0.234,0.310,0.344,0.445,0.457", "d4": "15.8", "d5": "0", "d6": "", "d7": ""}
{"d0": "", "d2": "0.404,0.546,0.970,1.478,0.437,0.219,0.217,0.150,0.130,0.174,0.288,0.224,0.318,0.354,0.460,0.461", "d4": "16.7", "d5": "", "d6": "0", "d7": ""}
{"d0": "", "d2": "0.425,0.557,1.004,1.499,0.442,0.212,0.222,0.139,0.110,0.157,0.295,0.234,0.291,0.372,0.475,0.473", "d4": "18.6", "d5": "0", "d6": "", "d7": ""}
{"d0": "", "d2": "0.427,0.563,1.043,1.499,0.430,0.224,0.232,0.136,0.104,0.148,0.265,0.235,0.286,0.355,0.497,0.477", "d4": "18.5", "d5": "0", "d6": "0", "d7": "-0.013"}
{"d0": "", "d2": "0.434,0.548,1.025,1.493,0.436,0.201,0.214,0.126,0.108,0.138,0.282,0.233,0.289,0.361,0.474,0.488", "d4": "21.6", "d5": "", "d6": "", "d7": ""}
{"d0": "", "d2": "0.444,0.567,1.045,1.494,0.425,0.214,0.202,0.118,0.126,0.130,0.260,0.246,0.272,0.358,0.476,0.477", "d4": "", "d5": "", "d6": "", "d7": "-0.003"}
{"d0": "tick=53554 goal=0", "d2": "0.421,0.588,1.057,1.501,0.413,0.235,0.208,0.111,0.122,0.138,0.294,0.244,0.266,0.372,0.485,0.486", "d4": "16.8", "d5": "0", "d6": "", "d7": "-0.014"}
{"d0": "", "d2": "0.439,0.572,1.054,1.502,0.411,0.236,0.205,0.127,0.097,0.118,0.292,0.227,0.272,0.357,0.490,0.493", "d4": "", "d5": "", "d6": "", "d7": "-0.003"}
{"d0": "", "d2": "0.428,0.559,1.075,1.493,0.403,0.230,0.202,0.124,0.078,0.124,0.296,0.238,0.268,0.361,0.506,0.493", "d4": "", "d5": "0", "d6": "0", "d7": ""}
{"d0": "tick=53644 goal=0", "d2": "0.424,0.570,1.631,1.510,0.396,0.215,0.199,0.106,0.110,0.125,0.275,0.251,0.265,0.370,0.481,0.503", "d4": "", "d5": "0", "d6": "0", "d7": "-0.006"}
{"d0": "tick=53673 goal=0", "d2": "0.438,0.578,1.653,1.511,0.406,0.223,0.205,0.119,0.088,0.098,0.269,0.219,0.265,0.359,0.488,0.494", "d4": "18.8", "d5": "0", "d6": "", "d7": "0.003"}
{"d0": "", "d2": "0.436,0.584,1.654,1.512,0.400,0.215,0.203,0.127,0.099,0.088,0.299,0.241,0.283,0.361,0.502,0.478", "d4": "", "d5": "", "d6": "0", "d7": "-0.016"}
{"d0": "tick=53735 goal=0", "d2": "0.442,0.577,1.647,1.515,0.387,0.215,0.189,0.090,0.083,0.106,0.274,0.230,0.267,0.367,0.494,0.485", "d4": "", "d5": "0", "d6": "", "d7": "-0.005"}
{"d0": "tick=53762 goal=0", "d2": "0.418,0.579,1.656,1.504,0.399,0.232,0.195,0.099,0.100,0.113,-1.000,0.227,0.257,0.370,0.498,0.502", "d4": "", "d5": "0", "d6": "", "d7": "0.007"}
{"d0": "", "d2": "0.427,0.568,1.658,1.495,0.386,0.202,0.193,0.117,0.094,0.105,0.272,0.228,0.257,0.374,0.487,0.504", "d4": "17.4", "d5": "0", "d6": "0", "d7": "0.001"}
{"d0": "tick=53823 goal=0", "d2": "", "d4": "", "d5": "0", "d6": "0", "d7": "-0.008"}
{"d0": "tick=53854 goal=0", "d2": "0.445,0.587,1.665,1.482,0.397,0.189,0.212,0.114,0.093,0.104,0.273,0.227,0.255,0.364,0.496,0.496", "d4": "", "d5": "", "d6": "", "d7": "-0.022"}
{"d0": "tick=53885 goal=0", "d2": "0.436,0.604,1.638,1.523,0.409,0.197,0.195,0.108,0.099,0.108,0.282,0.225,0.248,0.385,0.501,0.501", "d4": "16.1", "d5": "0", "d6": "0", "d7": "-0.005"}
{"d0": "", "d2": "0.436,0.561,1.637,1.493,0.390,0.204,0.188,0.087,0.093,0.119,0.277,0.232,0.253,0.368,0.468,0.500", "d4": "18.3", "d5": "0", "d6": "1", "d7": "0.012"}
{"d0": "", "d2": "0.438,0.593,1.643,1.477,0.383,0.218,0.192,0.107,0.083,0.104,0.252,0.241,0.250,0.368,0.492,0.495", "d4": "16.7", "d5": "", "d6": "", "d7": ""}
{"d0": "tick=53973 goal=0", "d2": "", "d4": "16.2", "d5": "0", "d6": "", "d7": "-0.001"}
{"d0": "", "d2": "0.447,0.576,1.644,1.505,0.403,0.193,0.204,0.123,0.086,0.110,0.271,0.242,0.254,0.365,0.494,0.498", "d4": "", "d5": "", "d6": "0", "d7": ""}
{"d0": "tick=54034 goal=0", "d2": "0.436,0.583,1.661,1.500,0.412,0.218,0.194,0.108,0.097,0.094,0.270,0.262,0.261,0.377,0.488,0.498", "d4": "", "d5": "0", "d6": "0", "d7": "0.010"}
{"d0": "", "d2": "0.427,0.569,1.654,1.518,0.389,0.222,0.195,0.130,0.100,0.098,0.266,0.237,0.262,0.363,0.507,0.496", "d4": "", "d5": "0", "d6": "", "d7": ""}
{"d0": "", "d2": "0.432,0.579,1.653,1.519,0.367,0.224,0.176,0.115,0.095,0.106,0.272,0.235,0.267,0.367,0.506,0.503", "d4": "18.5", "d5": "0", "d6": "0", "d7": "-0.025"}
{"d0": "tick=54123 goal=0", "d2": "0.450,0.579,1.644,1.500,0.401,0.229,0.197,0.088,0.096,0.110,0.279,0.241,0.258,0.376,0.500,0.477", "d4": "16.3", "d5": "", "d6": "0", "d7": "0.002"}
{"d0": "", "d2": "0.440,0.583,1.645,1.494,0.400,0.208,0.201,0.115,0.093,0.111,0.287,0.239,0.240,0.364,0.501,0.496", "d4": "15.7", "d5": "0", "d6": "0", "d7": ""}
{"d0": "", "d2": "0.437,0.570,1.644,1.525,0.399,0.208,0.197,0.115,0.087,0.094,0.283,0.228,0.273,0.378,0.496,0.500", "d4": "", "d5": "0", "d6": "0", "d7": ""}
{"d0": "tick=54215 goal=0", "d2": "0.429,0.582,1.631,1.515,0.401,0.201,0.183,0.109,0.093,0.107,0.274,0.244,0.262,0.368,0.503,0.490", "d4": "15.3", "d5": "", "d6": "", "d7": ""}
{"d0": "tick=54244 goal=0", "d2": "0.434,0.573,1.642,1.508,0.409,0.217,0.198,0.124,0.089,0.115,0.274,0.220,0.261,0.373,0.503,0.483", "d4": "", "d5": "0", "d6": "0", "d7": ""}
{"d0": "tick=54274 goal=0", "d2": "", "d4": "", "d5": "0", "d6": "0", "d7": "0.002"}
{"d0": "", "d2": "0.458,0.566,1.645,1.516,0.397,0.197,0.200,0.110,0.092,0.098,0.290,0.226,0.253,0.369,0.486,0.518", "d4": "", "d5": "0", "d6": "0", "d7": "0.015"}
{"d0": "", "d2": "0.427,0.617,1.640,1.505,0.409,0.220,0.194,0.107,0.095,0.109,0.263,0.244,0.242,0.375,0.494,0.505", "d4": "16.9", "d5": "0", "d6": "", "d7": "0.003"}
{"d0": "tick=54365 goal=0", "d2": "", "d4": "16.9", "d5": "", "d6": "0", "d7": ""}
{"d0": "tick=54393 goal=0", "d2": "0.423,0.580,1.648,1.513,0.393,0.206,0.185,0.095,0.097,0.113,0.273,0.233,0.263,0.370,0.509,0.509", "d4": "", "d5": "0", "d6": "0", "d7": "-0.011"}
{"d0": "tick=54423 goal=0", "d2": "0.441,0.584,1.653,1.497,0.397,0.214,0.193,0.113,0.098,0.109,0.293,0.223,0.263,0.368,0.504,0.484", "d4": "14.4", "d5": "", "d6": "0", "d7": ""}
{"d0": "", "d2": "0.426,0.592,1.637,1.515,0.397,0.210,0.197,0.119,0.077,0.118,0.300,0.226,0.274,0.378,0.480,0.489", "d4": "17.7", "d5": "", "d6": "", "d7": ""}
{"d0": "", "d2": "0.428,0.587,1.645,1.501,0.401,0.221,0.211,0.135,0.102,0.136,0.288,0.234,0.281,0.371,0.469,0.476", "d4": "", "d5": "0", "d6": "", "d7": "0.022"}
{"d0": "tick=54514 goal=0", "d2": "0.435,0.578,1.630,1.517,0.394,0.222,0.216,0.135,0.133,0.167,0.272,0.232,0.313,0.354,0.467,0.456", "d4": "18.5", "d5": "0", "d6": "0", "d7": "-0.001"}
{"d0": "", "d2": "0.423,0.576,1.634,1.510,0.411,0.245,0.224,0.124,0.120,0.207,0.299,0.223,0.325,0.341,0.468,0.472", "d4": "22.1", "d5": "", "d6": "0", "d7": ""}
{"d0": "tick=54574 goal=0", "d2": "0.411,0.585,1.638,1.517,0.397,0.222,0.215,0.157,0.112,0.231,0.284,0.246,0.349,0.346,0.434,0.446", "d4": "", "d5": "0", "d6": "", "d7": ""}
{"d0": "tick=54604 goal=0", "d2": "0.427,0.613,1.645,1.514,0.421,0.227,0.246,0.142,0.119,0.237,0.311,0.218,0.368,0.340,0.423,0.443", "d4": "21.6", "d5": "", "d6": "0", "d7": ""}
{"d0": "", "d2": "0.415,0.603,1.644,1.512,0.429,0.212,0.251,0.155,0.133,0.246,0.288,0.249,0.364,0.373,0.421,0.407", "d4": "21.2", "d5": "", "d6": "", "d7": ""}
{"d0": "tick=54665 goal=0", "d2": "0.420,0.593,1.619,1.513,0.429,0.237,0.268,0.176,0.142,0.292,0.279,0.231,0.383,0.386,0.437,0.386", "d4": "20.3", "d5": "", "d6": "0", "d7": "0.017"}
{"d0": "tick=54695 goal=0", "d2": "0.427,0.631,1.592,1.497,0.420,0.249,0.248,0.173,0.149,0.305,0.288,0.254,0.350,0.430,0.422,0.386", "d4": "26.0", "d5": "0", "d6": "", "d7": "-0.001"}
{"d0": "tick=54724 goal=0", "d2": "0.426,0.611,1.560,1.489,0.406,0.250,0.276,0.208,0.160,0.337,0.279,0.289,0.346,0.460,0.410,0.359", "d4": "", "d5": "0", "d6": "0", "d7": ""}
{"d0": "tick=54754 goal=0", "d2": "0.416,0.636,1.545,1.481,0.427,0.245,0.259,0.195,0.172,0.328,0.264,0.310,0.338,0.480,0.417,0.307", "d4": "", "d5": "0", "d6": "", "d7": "0.010"}
{"d0": "tick=54785 goal=0", "d2": "0.409,0.621,1.522,1.456,0.446,0.251,0.250,0.207,0.194,0.329,0.274,0.287,0.338,0.490,0.403,0.309", "d4": "26.7", "d5": "0", "d6": "", "d7": ""}
{"d0": "tick=54814 goal=0", "d2": "0.407,0.619,1.520,1.455,0.442,0.270,0.273,0.212,0.193,0.372,0.275,0.328,0.355,0.454,0.396,0.308", "d4": "", "d5": "0", "d6": "0", "d7": "0.020"}
{"d0": "tick=54845 goal=0", "d2": "0.389,0.651,1.501,1.473,0.447,0.279,0.278,0.233,0.216,0.382,0.283,0.347,0.333,0.422,0.397,0.310", "d4": "", "d5": "", "d6": "0", "d7": "0.043"}
{"d0": "", "d2": "0.393,0.651,1.486,1.468,0.447,0.257,0.299,0.240,0.221,0.396,0.257,0.371,0.351,0.401,-1.000,0.307", "d4": "29.5", "d5": "", "d6": "0", "d7": "0.026"}
{"d0": "", "d2": "0.384,0.661,1.478,1.337,0.433,0.264,0.294,0.264,0.237,0.381,0.295,0.363,0.364,0.390,0.365,0.289", "d4": "29.2", "d5": "", "d6": "0", "d7": "0.027"}
{"d0": "", "d2": "", "d4": "30.9", "d5": "0", "d6": "", "d7": "0.007"}
{"d0": "", "d2": "0.368,0.637,1.481,1.106,0.464,0.293,0.313,0.273,0.298,0.395,0.318,0.359,0.391,0.354,0.333,0.267", "d4": "", "d5": "", "d6": "0", "d7": "0.030"}
{"d0": "", "d2": "0.365,0.649,1.451,1.085,0.465,0.297,0.331,0.283,0.302,0.400,0.331,0.372,0.428,-1.000,0.315,0.274", "d4": "34.1", "d5": "0", "d6": "0", "d7": "0.027"}
{"d0": "", "d2": "0.353,0.623,1.449,1.107,0.480,0.291,0.319,0.283,0.314,0.401,0.337,0.363,0.436,0.364,0.313,0.283", "d4": "31.2", "d5": "0", "d6": "0", "d7": "0.017"}
{"d0": "tick=55055 goal=0", "d2": "0.346,0.631,1.437,1.316,0.503,0.309,0.327,0.283,0.322,0.406,0.369,0.362,0.439,0.367,0.292,0.273", "d4": "", "d5": "", "d6": "0", "d7": "-0.000"}
{"d0": "", "d2": "0.352,0.604,1.454,1.315,0.516,0.298,0.319,0.310,0.318,0.404,0.347,0.349,0.433,0.362,0.268,0.262", "d4": "", "d5": "0", "d6": "0", "d7": ""}
{"d0": "", "d2": "0.333,0.600,1.422,1.313,0.556,0.311,0.332,0.296,0.322,0.407,0.359,0.367,0.432,0.346,0.274,0.255", "d4": "", "d5": "", "d6": "0", "d7": "0.028"}
{"d0": "tick=55146 goal=0", "d2": "0.340,0.607,1.448,1.300,0.593,0.320,0.331,0.295,0.331,0.406,0.363,0.365,0.434,0.357,0.263,0.252", "d4": "34.6", "d5": "", "d6": "", "d7": "-0.007"}
{"d0": "tick=55176 goal=0", "d2": "0.326,0.597,1.436,1.316,0.605,0.335,0.323,0.316,0.338,0.401,0.376,0.366,0.445,0.350,0.267,0.241", "d4": "32.8", "d5": "", "d6": "", "d7": "0.020"}
{"d0": "", "d2": "0.343,0.592,1.434,1.289,0.627,0.325,0.334,0.310,0.358,0.395,0.377,0.377,0.459,0.356,0.266,0.262", "d4": "", "d5": "0", "d6": "0", "d7": "0.007"}
{"d0": "", "d2": "0.322,0.590,1.418,1.302,0.638,0.336,0.335,0.310,0.360,0.394,0.363,0.364,0.460,0.360,0.259,0.256", "d4": "34.8", "d5": "0", "d6": "0", "d7": "0.010"}
{"d0": "", "d2": "0.317,0.582,1.430,1.318,0.633,0.326,0.336,0.324,0.326,0.413,0.371,0.372,0.465,0.338,0.250,0.248", "d4": "34.7", "d5": "", "d6": "0", "d7": "-0.003"}
{"d0": "tick=55295 goal=0", "d2": "0.324,0.582,1.417,1.305,0.625,0.353,0.312,0.303,0.337,0.402,0.391,0.375,0.471,0.372,0.278,0.227", "d4": "", "d5": "", "d6": "0", "d7": ""}
{"d0": "tick=55325 goal=0", "d2": "0.324,0.594,1.414,1.319,0.627,0.330,0.334,0.336,0.329,0.410,0.378,0.365,0.457,0.333,0.253,0.242", "d4": "41.2", "d5": "", "d6": "0", "d7": "-0.000"}
{"d0": "", "d2": "-1.000,0.577,1.425,1.307,0.635,0.355,0.335,0.321,0.351,0.399,0.380,0.356,0.459,-1.000,0.240,0.242", "d4": "", "d5": "", "d6": "0", "d7": ""}
{"d0": "", "d2": "0.328,0.569,1.427,1.334,0.637,0.328,0.339,0.340,0.338,0.408,0.386,0.379,0.467,0.327,0.243,0.241", "d4": "", "d5": "", "d6": "0", "d7": ""}
{"d0": "tick=55416 goal=0", "d2": "0.327,0.585,1.423,1.307,0.637,0.330,0.319,0.314,0.347,0.386,0.387,0.367,0.460,0.348,0.241,0.247", "d4": "34.7", "d5": "0", "d6": "0", "d7": "0.018"}
{"d0": "tick=55444 goal=0", "d2": "0.325,0.574,1.426,1.301,0.645,0.350,0.344,0.330,0.346,0.405,0.387,0.352,0.451,0.344,0.235,0.245", "d4": "", "d5": "0", "d6": "0", "d7": ""}
{"d0": "tick=55474 goal=0", "d2": "", "d4": "35.4", "d5": "0", "d6": "0", "d7": "-0.003"}
{"d0": "", "d2": "0.306,0.577,1.420,1.285,0.655,0.349,0.320,0.312,0.356,0.408,0.360,0.370,0.459,0.354,0.249,0.257", "d4": "34.5", "d5": "", "d6": "", "d7": "0.004"}
{"d0": "", "d2": "0.316,0.584,1.409,1.321,0.629,0.354,0.343,0.325,0.348,0.429,0.375,0.350,0.467,0.349,0.255,0.247", "d4": "36.4", "d5": "0", "d6": "0", "d7": ""}
{"d0": "tick=55565 goal=0", "d2": "0.322,0.571,1.426,1.328,0.648,0.339,0.334,0.333,0.347,0.399,0.379,0.362,0.473,0.347,0.235,-1.000", "d4": "", "d5": "", "d6": "0", "d7": ""}
{"d0": "tick=55596 goal=0", "d2": "0.322,0.579,1.405,1.321,0.659,-1.000,0.325,0.327,0.365,0.414,0.395,0.365,0.452,0.350,0.230,0.241", "d4": "", "d5": "0", "d6": "", "d7": "0.022"}
{"d0": "tick=55626 goal=0", "d2": "0.317,0.589,1.419,1.291,0.656,0.354,0.336,0.318,0.361,0.419,0.387,0.363,0.484,0.366,0.272,0.249", "d4": "32.8", "d5": "0", "d6": "0", "d7": ""}
{"d0": "", "d2": "0.315,0.561,1.422,1.320,0.640,0.352,0.330,0.316,0.344,0.413,0.391,0.370,0.441,0.356,0.259,0.262", "d4": "37.8", "d5": "0", "d6": "0", "d7": "-0.001"}
{"d0": "tick=55684 goal=0", "d2": "0.328,0.595,1.435,1.308,0.654,0.370,0.341,-1.000,0.359,0.420,0.365,0.358,0.456,0.354,0.252,0.241", "d4": "", "d5": "", "d6": "", "d7": ""}
{"d0": "tick=55715 goal=0", "d2": "0.316,0.594,1.429,1.318,0.640,0.350,0.324,0.312,0.347,0.415,0.400,0.347,0.460,0.362,0.244,0.248", "d4": "35.4", "d5": "0", "d6": "0", "d7": "0.007"}
{"d0": "", "d2": "0.308,0.584,1.428,1.301,0.638,0.340,0.325,0.317,0.366,0.405,0.379,0.358,0.441,0.350,0.239,-1.000", "d4": "34.2", "d5": "0", "d6": "", "d7": "0.006"}
{"d0": "", "d2": "0.327,0.588,1.410,1.305,0.661,0.345,0.332,0.327,0.346,0.410,0.386,0.377,0.476,0.358,0.235,0.239", "d4": "32.2", "d5": "", "d6": "", "d7": "0.011"}
{"d0": "tick=55806 goal=0", "d2": "0.317,0.574,1.433,1.318,0.635,0.349,0.322,0.310,0.342,0.418,0.384,0.363,0.466,0.353,0.253,0.247", "d4": "32.7", "d5": "0", "d6": "", "d7": ""}
{"d0": "", "d2": "0.318,0.585,1.420,1.310,0.639,0.361,0.334,0.327,0.357,0.412,0.392,0.365,0.455,0.357,0.251,0.246", "d4": "36.0", "d5": "", "d6": "", "d7": ""}
{"d0": "", "d2": "0.313,0.579,1.414,1.306,0.659,0.325,0.322,0.335,0.358,0.397,0.383,0.365,0.459,0.358,0.257,0.228", "d4": "33.4", "d5": "", "d6": "0", "d7": "0.020"}
{"d0": "tick=55895 goal=0", "d2": "0.318,0.580,1.419,1.319,0.664,0.355,0.338,-1.000,0.353,0.391,0.375,0.349,0.461,0.340,0.237,0.238", "d4": "", "d5": "", "d6": "0", "d7": "-0.006"}
{"d0": "tick=55925 goal=0", "d2": "0.324,0.579,1.428,1.309,0.656,0.345,0.336,0.326,0.344,0.424,0.385,0.370,0.463,0.331,0.248,0.220", "d4": "38.0", "d5": "", "d6": "0", "d7": "0.005"}
{"d0": "tick=55956 goal=0", "d2": "0.320,0.591,1.425,1.297,0.659,0.338,0.337,0.326,0.349,0.401,-1.000,0.369,0.465,0.349,0.226,0.220", "d4": "", "d5": "", "d6": "0", "d7": "0.005"}
{"d0": "tick=55986 goal=0", "d2": "0.324,0.573,1.437,1.298,0.656,0.370,0.337,0.341,0.341,0.408,0.365,0.384,0.476,0.342,0.256,0.243", "d4": "34.9", "d5": "", "d6": "", "d7": ""}
{"d0": "tick=56016 goal=0", "d2": "0.322,0.590,1.418,1.311,0.650,0.355,0.342,0.327,0.339,0.407,0.375,0.379,0.458,0.345,0.257,0.245", "d4": "32.3", "d5": "", "d6": "", "d7": "-0.003"}
{"d0": "", "d2": "0.328,0.555,1.430,1.325,0.638,0.347,0.339,0.336,0.359,0.415,0.390,0.366,0.468,0.351,0.235,0.237", "d4": "34.7", "d5": "0", "d6": "0", "d7": "0.002"}
{"d0": "", "d2": "0.320,0.573,1.425,1.299,0.650,0.367,0.332,0.321,0.345,0.409,0.382,0.347,0.466,0.362,0.240,0.233", "d4": "35.3", "d5": "0", "d6": "", "d7": ""}
{"d0": "", "d2": "0.327,0.577,1.417,1.301,0.663,0.351,0.318,0.304,0.343,0.408,0.376,0.364,0.460,0.329,0.244,0.234", "d4": "", "d5": "0", "d6": "0", "d7": "0.004"}
{"d0": "tick=56135 goal=0", "d2": "0.317,0.585,1.424,1.321,0.653,0.347,0.310,0.325,0.336,0.407,0.372,0.360,0.468,0.344,0.236,0.236", "d4": "34.3", "d5": "0", "d6": "", "d7": "0.013"}
{"d0": "", "d2": "0.324,0.581,1.413,1.314,0.650,0.356,0.348,0.318,0.360,0.435,0.392,0.378,0.470,0.330,0.244,0.238", "d4": "34.9", "d5": "0", "d6": "0", "d7": "0.004"}
{"d0": "tick=56196 goal=0", "d2": "0.331,0.581,1.424,1.314,0.652,0.349,0.340,0.337,0.363,0.391,0.366,0.369,0.467,0.338,0.251,0.230", "d4": "", "d5": "", "d6": "0", "d7": ""}
{"d0": "", "d2": "0.336,0.561,1.418,1.311,0.659,0.343,0.330,0.303,0.356,0.407,0.381,0.370,0.468,0.352,0.255,0.243", "d4": "31.2", "d5": "0", "d6": "0", "d7": "-0.012"}
{"d0": "tick=56256 goal=0", "d2": "0.303,0.592,1.421,1.305,0.652,0.371,0.314,0.319,0.359,0.388,0.390,0.376,0.465,0.353,0.243,0.229", "d4": "", "d5": "0", "d6": "0", "d7": "-0.009"}
{"d0": "", "d2": "0.327,0.576,1.438,1.298,0.647,0.331,0.333,0.331,0.361,0.405,0.407,0.344,0.463,0.353,0.244,0.237", "d4": "", "d5": "", "d6": "0", "d7": ""}
{"d0": "", "d2": "0.334,0.576,1.421,1.321,0.669,0.364,0.315,0.322,0.359,0.416,0.390,0.354,0.470,0.352,0.231,0.232", "d4": "35.2", "d5": "0", "d6": "0", "d7": ""}
{"d0": "", "d2": "0.316,0.581,1.429,1.298,0.666,0.361,0.334,0.329,0.356,0.417,-1.000,0.371,0.458,0.358,0.255,0.238", "d4": "", "d5": "0", "d6": "0", "d7": ""}
{"d0": "tick=56375 goal=0", "d2": "", "d4": "33.4", "d5": "0", "d6": "0", "d7": "-0.002"}
{"d0": "tick=56404 goal=0", "d2": "0.319,0.568,1.429,1.296,0.655,0.358,0.323,0.330,0.338,0.417,0.386,0.358,0.470,0.344,0.253,0.238", "d4": "34.8", "d5": "", "d6": "", "d7": ""}
{"d0": "", "d2": "", "d4": "33.7", "d5": "0", "d6": "0", "d7": ""}
{"d0": "tick=56466 goal=0", "d2": "0.318,0.600,1.415,1.314,0.657,0.349,0.333,0.327,0.365,0.413,0.382,0.367,0.450,0.346,0.249,0.234", "d4": "", "d5": "0", "d6": "", "d7": "-0.001"}
{"d0": "tick=56496 goal=0", "d2": "0.323,0.590,1.409,1.304,0.643,0.346,0.323,0.339,0.344,0.405,0.367,0.381,0.453,0.352,0.236,0.240", "d4": "", "d5": "0", "d6": "0", "d7": "0.010"}
{"d0": "tick=56526 goal=0", "d2": "0.320,0.573,1.424,1.308,0.656,0.339,0.342,0.323,0.338,0.409,0.395,0.350,-1.000,0.341,0.241,0.263", "d4": "32.7", "d5": "", "d6": "", "d7": "-0.005"}
{"d0": "", "d2": "0.325,0.572,1.421,1.302,0.667,0.349,0.336,0.322,0.351,0.415,0.380,0.347,0.457,0.366,0.249,0.228", "d4": "34.1", "d5": "", "d6": "", "d7": "-0.003"}
{"d0": "", "d2": "0.313,0.590,1.421,1.310,0.630,0.368,0.319,0.324,0.354,0.416,0.399,0.338,0.464,0.339,0.262,0.227", "d4": "34.9", "d5": "0", "d6": "", "d7": "-0.003"}
{"d0": "tick=56617 goal=0", "d2": "0.322,0.559,1.408,1.309,0.642,0.337,0.324,0.312,0.351,0.438,0.387,0.363,0.451,0.343,0.244,0.242", "d4": "34.2", "d5": "", "d6": "0", "d7": "0.002"}
{"d0": "", "d2": "0.320,0.587,1.441,1.320,0.656,0.372,0.310,0.316,0.354,0.415,0.372,0.356,0.464,0.354,0.257,0.231", "d4": "34.8", "d5": "0", "d6": "0", "d7": "0.012"}
{"d0": "tick=56675 goal=0", "d2": "0.320,0.565,1.420,1.311,-1.000,0.344,0.338,0.327,0.344,0.406,0.385,0.372,0.469,0.361,0.242,0.266", "d4": "35.9", "d5": "0", "d6": "", "d7": "0.015"}
{"d0": "tick=56707 goal=0", "d2": "", "d4": "34.8", "d5": "0", "d6": "0", "d7": "-0.010"}
{"d0": "tick=56735 goal=0", "d2": "", "d4": "37.9", "d5": "0", "d6": "0", "d7": "-0.005"}
{"d0": "tick=56766 goal=0", "d2": "0.305,0.574,1.411,1.314,0.655,0.354,0.329,0.324,0.356,0.407,0.386,0.353,0.475,0.328,0.236,0.245", "d4": "", "d5": "0", "d6": "0", "d7": "-0.008"}
{"d0": "tick=56795 goal=0", "d2": "0.321,0.562,1.415,1.319,0.657,0.342,0.336,0.313,0.358,0.407,0.395,0.368,0.458,0.339,0.265,0.232", "d4": "", "d5": "0", "d6": "", "d7": "0.000"}
{"d0": "tick=56825 goal=0", "d2": "0.305,0.569,1.434,1.321,0.645,0.340,0.326,0.315,0.347,0.415,0.387,0.373,0.451,0.345,0.260,0.242", "d4": "37.4", "d5": "", "d6": "0", "d7": "-0.017"}
{"d0": "tick=56855 goal=0", "d2": "0.316,0.578,1.420,1.302,0.640,0.347,0.308,0.325,0.331,0.396,0.366,0.370,0.471,0.349,0.232,0.237", "d4": "33.0", "d5": "0", "d6": "", "d7": ""}
{"d0": "", "d2": "0.317,0.579,1.431,1.303,0.665,0.351,0.333,0.307,0.370,0.400,0.392,0.354,0.471,0.328,0.247,0.232", "d4": "32.3", "d5": "", "d6": "", "d7": "-0.013"}
{"d0": "", "d2": "0.326,0.577,1.416,1.314,0.654,0.350,0.313,0.330,0.352,0.411,0.377,0.346,0.477,0.344,0.256,0.229", "d4": "", "d5": "0", "d6": "0", "d7": "0.007"}
{"d0": "tick=56947 goal=0", "d2": "", "d4": "35.4", "d5": "0", "d6": "0", "d7": "-0.002"}
{"d0": "", "d2": "0.320,0.596,1.413,1.312,0.646,0.341,0.324,0.320,0.379,0.421,0.391,0.345,0.482,0.344,0.259,0.255", "d4": "32.4", "d5": "0", "d6": "", "d7": "-0.018"}
{"d0": "tick=57005 goal=0", "d2": "0.315,0.562,1.419,1.316,0.658,0.334,0.320,0.321,0.377,0.402,0.403,0.363,0.466,0.335,0.252,0.257", "d4": "36.0", "d5": "", "d6": "", "d7": ""}
{"d0": "tick=57037 goal=0", "d2": "0.322,0.585,1.420,1.308,0.643,0.356,0.325,0.338,0.334,0.410,0.382,0.364,0.467,0.344,0.267,0.257", "d4": "34.9", "d5": "0", "d6": "", "d7": "0.002"}
{"d0": "", "d2": "0.331,0.589,1.427,1.310,0.647,0.380,0.332,0.326,0.352,0.394,-1.000,0.376,0.457,0.349,0.235,0.245", "d4": "32.5", "d5": "0", "d6": "", "d7": "-0.014"}
{"d0": "tick=57095 goal=0", "d2": "0.311,0.577,1.406,1.292,0.648,0.341,0.320,0.340,0.353,0.386,0.391,0.358,0.465,0.337,0.259,0.246", "d4": "31.8", "d5": "0", "d6": "0", "d7": ""}
{"d0": "", "d2": "0.318,0.593,1.422,1.338,0.667,0.349,0.340,0.341,0.358,0.417,0.381,0.352,0.463,0.324,0.237,0.244", "d4": "29.8", "d5": "0", "d6": "0", "d7": ""}
{"d0": "", "d2": "0.299,0.565,1.425,1.319,0.661,0.358,0.358,0.341,0.360,0.404,0.375,0.366,0.465,0.337,0.252,0.249", "d4": "35.0", "d5": "0", "d6": "0", "d7": ""}
{"d0": "", "d2": "0.321,0.577,1.407,1.305,0.667,0.355,0.332,0.308,0.353,0.396,0.385,0.370,0.454,0.346,0.249,0.261", "d4": "38.1", "d5": "0", "d6": "", "d7": "0.009"}
{"d0": "tick=57216 goal=0", "d2": "0.323,0.582,1.414,1.317,0.648,0.367,0.324,0.343,0.345,0.389,0.382,0.375,0.464,0.331,0.239,0.254", "d4": "", "d5": "", "d6": "", "d7": ""}
{"d0": "", "d2": "0.306,0.584,1.412,1.329,0.644,0.358,0.315,0.320,0.341,0.397,0.387,0.376,0.442,-1.000,0.243,0.230", "d4": "", "d5": "0", "d6": "", "d7": ""}
{"d0": "tick=57277 goal=0", "d2": "0.319,0.573,1.426,1.319,0.657,0.345,0.335,0.334,0.362,0.406,0.392,0.350,0.469,0.337,0.232,0.240", "d4": "35.0", "d5": "0", "d6": "0", "d7": "-0.004"}
{"d0": "", "d2": "0.318,0.580,1.411,1.314,0.670,0.351,0.341,0.316,-1.000,0.409,0.384,0.353,0.472,0.342,0.250,0.256", "d4": "", "d5": "0", "d6": "", "d7": "0.002"}
{"d0": "tick=57337 goal=0", "d2": "0.312,0.576,1.432,1.298,0.632,0.366,0.337,0.341,0.341,-1.000,0.391,0.361,-1.000,0.352,0.253,0.246", "d4": "33.0", "d5": "", "d6": "0", "d7": "0.000"}
{"d0": "tick=57366 goal=0", "d2": "0.317,0.583,1.436,1.308,0.641,0.339,0.323,0.314,0.334,0.414,0.386,0.370,0.462,0.340,0.261,0.230", "d4": "36.5", "d5": "0", "d6": "0", "d7": ""}
{"d0": "tick=57397 goal=0", "d2": "0.314,0.578,1.414,1.311,0.647,0.340,0.322,0.320,0.340,0.422,0.372,0.373,0.466,0.335,0.246,0.224", "d4": "", "d5": "0", "d6": "", "d7": "-0.013"}
{"d0": "tick=57425 goal=0", "d2": "0.321,0.604,1.418,1.307,0.655,0.356,0.327,0.309,0.359,0.424,0.381,0.355,0.460,0.338,0.238,0.248", "d4": "31.0", "d5": "", "d6": "0", "d7": ""}
{"d0": "tick=57456 goal=0", "d2": "0.321,0.589,1.413,1.303,0.651,0.353,0.314,0.331,0.345,0.410,0.395,0.352,0.448,0.338,0.251,0.251", "d4": "33.3", "d5": "0", "d6": "0", "d7": ""}
{"d0": "", "d2": "0.318,0.567,1.398,1.315,0.653,0.343,0.337,0.323,0.361,0.427,0.380,0.377,0.459,0.328,0.242,0.222", "d4": "33.2", "d5": "", "d6": "", "d7": "0.004"}
{"d0": "tick=57516 goal=0", "d2": "0.322,0.581,1.430,1.308,0.672,0.350,0.324,0.304,0.385,0.403,0.382,0.371,0.471,0.342,0.248,0.263", "d4": "32.3", "d5": "0", "d6": "0", "d7": "-0.008"}
{"d0": "tick=57546 goal=0", "d2": "0.326,0.570,1.419,1.288,0.647,0.362,0.329,0.343,0.357,0.403,0.388,0.375,0.468,0.360,0.242,0.239", "d4": "33.5", "d5": "0", "d6": "", "d7": "0.003"}
{"d0": "tick=57576 goal=0", "d2": "0.327,0.565,1.415,1.310,0.651,0.360,0.317,0.334,0.333,0.419,0.394,0.380,0.452,0.328,0.256,0.256", "d4": "34.1", "d5": "0", "d6": "0", "d7": "0.007"}
{"d0": "", "d2": "0.319,0.577,1.414,1.311,0.661,0.343,0.347,0.349,0.341,0.414,0.388,0.363,0.469,0.334,0.258,0.255", "d4": "", "d5": "0", "d6": "0", "d7": ""}
{"d0": "tick=57636 goal=0", "d2": "0.323,0.564,1.432,1.301,0.658,0.351,0.334,0.334,0.343,0.404,0.390,0.369,0.458,0.339,0.249,0.256", "d4": "", "d5": "0", "d6": "", "d7": ""}
{"d0": "", "d2": "0.321,0.584,1.456,1.313,0.651,0.338,0.341,0.322,0.350,0.427,0.400,0.369,0.479,0.353,0.255,0.241", "d4": "34.2", "d5": "0", "d6": "0", "d7": "0.008"}
{"d0": "", "d2": "0.329,0.587,1.422,1.313,0.653,0.351,0.321,0.356,0.351,0.416,0.394,0.356,0.467,0.338,0.242,-1.000", "d4": "", "d5": "0", "d6": "0", "d7": "-0.006"}
{"d0": "tick=57727 goal=0", "d2": "0.314,0.591,1.398,1.317,0.652,0.354,0.304,0.308,0.342,0.408,0.392,0.361,0.457,0.362,0.252,0.252", "d4": "35.7", "d5": "", "d6": "0", "d7": "-0.003"}
{"d0": "tick=57758 goal=0", "d2": "0.338,0.572,1.425,1.304,0.653,0.351,0.318,0.323,0.349,0.406,0.378,0.364,0.483,0.346,0.255,0.223", "d4": "", "d5": "0", "d6": "0", "d7": "-0.017"}
{"d0": "", "d2": "0.305,0.575,1.433,1.304,0.651,0.366,0.343,0.334,0.340,0.416,0.383,0.368,0.454,0.343,0.235,0.238", "d4": "36.5", "d5": "0", "d6": "0", "d7": "-0.012"}
{"d0": "tick=57816 goal=0", "d2": "0.316,0.559,1.417,1.327,0.652,0.363,0.339,0.316,0.358,0.400,0.379,0.362,0.462,0.372,0.258,0.242", "d4": "", "d5": "0", "d6": "0", "d7": "-0.010"}
{"d0": "", "d2": "0.312,0.581,1.418,1.313,0.656,0.346,0.339,0.321,0.353,0.409,0.397,0.367,0.458,0.344,0.248,0.237", "d4": "36.5", "d5": "0", "d6": "0", "d7": "-0.013"}
{"d0": "", "d2": "0.338,0.563,1.422,1.319,0.651,0.349,0.348,0.342,0.339,0.402,0.381,0.370,0.469,0.346,0.240,0.244", "d4": "", "d5": "", "d6": "", "d7": "0.012"}
{"d0": "", "d2": "0.310,0.575,1.422,1.318,0.662,0.350,0.323,0.324,0.368,0.398,0.387,0.364,0.459,0.353,0.247,0.230", "d4": "", "d5": "", "d6": "", "d7": "-0.002"}
{"d0": "tick=57936 goal=0", "d2": "0.317,0.564,1.415,1.319,0.657,0.363,0.331,0.316,0.334,0.408,0.386,0.369,0.461,0.345,0.237,0.251", "d4": "", "d5": "", "d6": "0", "d7": "-0.021"}
{"d0": "tick=57967 goal=0", "d2": "0.317,0.585,1.428,1.316,0.652,0.341,0.318,0.329,0.361,0.416,0.388,0.346,0.459,0.338,0.254,0.257", "d4": "33.3", "d5": "0", "d6": "0", "d7": "0.002"}
{"d0": "", "d2": "0.309,0.570,1.412,1.323,0.633,0.352,0.313,0.313,0.368,0.414,0.382,0.369,0.467,0.340,0.267,0.251", "d4": "", "d5": "0", "d6": "0", "d7": "0.009"}
{"d0": "", "d2": "0.315,0.587,1.421,1.321,0.635,0.337,0.336,0.326,0.352,0.406,0.400,0.380,0.475,0.355,-1.000,0.256", "d4": "33.8", "d5": "0", "d6": "", "d7": "0.004"}
{"d0": "tick=58057 goal=0", "d2": "0.299,0.584,1.414,1.316,0.655,0.362,0.321,0.346,0.362,0.406,0.390,0.373,0.466,0.332,0.253,0.215", "d4": "31.9", "d5": "0", "d6": "", "d7": "0.015"}
{"d0": "", "d2": "0.325,0.584,1.422,1.303,0.648,0.370,0.335,0.327,0.370,0.408,0.373,0.358,0.473,0.356,0.247,0.250", "d4": "", "d5": "", "d6": "", "d7": ""}
{"d0": "tick=58117 goal=0", "d2": "0.316,0.586,1.412,1.314,0.645,0.366,0.340,0.327,0.341,0.392,0.367,0.362,0.475,0.340,0.242,0.244", "d4": "33.6", "d5": "0", "d6": "0", "d7": "-0.004"}
{"d0": "tick=58147 goal=0", "d2": "0.309,0.590,1.410,1.301,0.644,0.347,0.350,0.330,0.343,0.417,0.386,0.367,0.445,0.348,0.235,0.249", "d4": "33.4", "d5": "0", "d6": "0", "d7": ""}
{"d0": "tick=58178 goal=0", "d2": "0.346,0.583,1.430,1.308,0.648,0.358,0.342,0.322,0.351,0.418,0.380,0.356,0.471,0.356,0.237,0.244", "d4": "35.6", "d5": "0", "d6": "0", "d7": "-0.015"}
{"d0": "", "d2": "0.321,0.581,1.413,1.306,0.639,0.350,0.347,0.302,0.364,0.406,0.393,0.375,0.473,0.360,0.248,0.250", "d4": "", "d5": "0", "d6": "", "d7": ""}
{"d0": "", "d2": "0.315,0.561,1.454,1.309,0.647,0.323,0.326,0.331,0.341,0.405,0.378,0.342,0.467,0.354,0.241,0.232", "d4": "", "d5": "", "d6": "0", "d7": "-0.013"}
{"d0": "tick=58267 goal=0", "d2": "0.325,0.567,1.428,1.311,0.652,0.355,0.323,0.317,0.359,0.406,0.414,0.377,0.479,0.334,0.253,0.236", "d4": "34.9", "d5": "0", "d6": "0", "d7": ""}
{"d0": "", "d2": "0.323,0.567,1.414,1.323,0.643,0.332,0.334,0.336,0.341,0.412,0.394,0.361,0.464,0.355,0.247,0.235", "d4": "", "d5": "0", "d6": "", "d7": ""}
{"d0": "", "d2": "0.327,0.574,1.428,1.315,0.648,-1.000,0.338,0.311,0.351,0.392,0.393,0.365,0.462,0.339,0.237,0.241", "d4": "35.5", "d5": "", "d6": "", "d7": "0.005"}
{"d0": "tick=58358 goal=0", "d2": "0.333,0.564,-1.000,1.318,0.667,0.348,0.346,0.298,0.344,0.416,0.394,0.362,0.473,0.342,0.235,0.234", "d4": "35.8", "d5": "0", "d6": "", "d7": "-0.001"}
{"d0": "", "d2": "0.298,0.585,1.414,1.331,0.649,0.359,0.318,0.326,0.360,0.413,0.385,0.364,0.462,0.349,0.240,0.249", "d4": "32.0", "d5": "0", "d6": "0", "d7": ""}
{"d0": "tick=58417 goal=0", "d2": "0.335,0.580,1.417,1.322,0.660,0.342,0.310,0.326,0.348,0.400,0.385,0.359,0.445,0.362,0.254,0.252", "d4": "35.7", "d5": "0", "d6": "", "d7": "-0.004"}
{"d0": "tick=58448 goal=0", "d2": "0.328,0.578,1.440,1.297,0.652,0.362,0.339,0.336,0.349,0.411,0.386,0.353,0.458,0.334,0.257,0.239", "d4": "", "d5": "0", "d6": "0", "d7": "0.009"}
{"d0": "", "d2": "0.321,0.602,1.428,1.302,0.630,0.357,0.327,0.311,0.359,-1.000,0.392,0.354,0.472,0.328,0.243,0.239", "d4": "", "d5": "0", "d6": "0", "d7": "0.030"}
{"d0": "", "d2": "0.306,0.566,1.425,1.306,0.659,0.349,0.343,0.344,0.361,0.405,0.380,0.371,0.466,0.351,0.249,0.246", "d4": "32.9", "d5": "0", "d6": "0", "d7": ""}
{"d0": "tick=58537 goal=0", "d2": "0.324,0.588,1.410,1.315,0.645,0.354,0.343,0.335,0.346,0.419,0.364,0.368,0.458,0.355,0.241,0.234", "d4": "34.0", "d5": "0", "d6": "0", "d7": "-0.003"}
{"d0": "tick=58568 goal=0", "d2": "0.328,0.591,1.409,1.325,0.640,0.359,0.314,0.307,0.361,0.394,0.377,0.357,0.468,0.330,0.223,0.251", "d4": "", "d5": "", "d6": "", "d7": ""}
{"d0": "tick=58598 goal=0", "d2": "0.329,0.578,1.430,1.325,0.648,0.346,0.335,0.315,0.365,0.380,0.380,-1.000,0.469,0.344,0.254,0.241", "d4": "32.2", "d5": "", "d6": "0", "d7": "-0.011"}
{"d0": "tick=58628 goal=0", "d2": "", "d4": "37.8", "d5": "0", "d6": "0", "d7": "0.003"}
{"d0": "tick=58658 goal=0", "d2": "0.322,0.585,1.426,1.309,0.658,0.365,0.339,0.338,0.352,0.427,0.397,0.374,0.466,0.352,0.245,0.249", "d4": "30.9", "d5": "0", "d6": "0", "d7": "-0.006"}
{"d0": "tick=58688 goal=0", "d2": "", "d4": "34.1", "d5": "0", "d6": "0", "d7": "0.004"}
{"d0": "tick=58716 goal=0", "d2": "0.302,0.576,1.418,1.314,0.644,0.349,0.337,0.332,0.360,0.396,0.387,0.379,0.461,0.340,0.245,0.233", "d4": "31.7", "d5": "0", "d6": "0", "d7": "0.003"}
{"d0": "", "d2": "0.323,0.554,1.401,1.319,0.654,0.354,0.331,0.327,0.346,0.390,0.375,0.378,0.470,0.345,0.255,0.246", "d4": "", "d5": "0", "d6": "0", "d7": ""}
{"d0": "tick=58778 goal=0", "d2": "0.312,0.587,1.419,1.305,0.665,-1.000,0.341,0.337,0.339,0.407,0.376,0.364,0.460,0.349,0.255,0.260", "d4": "", "d5": "0", "d6": "", "d7": ""}
{"d0": "", "d2": "0.324,0.574,1.405,1.324,0.646,0.343,0.335,-1.000,0.342,0.395,0.380,0.365,0.450,0.356,0.229,0.230", "d4": "", "d5": "0", "d6": "0", "d7": ""}
{"d0": "", "d2": "", "d4": "35.7", "d5": "0", "d6": "0", "d7": "0.001"}
{"d0": "tick=58867 goal=0", "d2": "0.304,0.584,1.422,1.296,0.649,0.354,0.325,0.327,0.345,0.387,0.392,0.360,0.455,0.340,0.238,0.223", "d4": "30.2", "d5": "0", "d6": "0", "d7": "0.014"}
{"d0": "", "d2": "0.313,0.585,1.429,1.323,0.658,0.351,0.337,0.327,0.349,0.405,0.373,0.354,0.467,0.357,0.266,0.225", "d4": "33.2", "d5": "0", "d6": "0", "d7": "-0.011"}
{"d0": "tick=58927 goal=0", "d2": "0.324,0.579,1.408,1.335,0.651,0.355,0.316,0.311,0.354,-1.000,0.382,0.377,0.470,0.343,0.242,0.245", "d4": "35.5", "d5": "", "d6": "", "d7": ""}
{"d0": "", "d2": "0.324,0.577,1.417,1.293,0.667,0.355,0.323,0.322,0.345,0.383,0.386,0.366,0.468,0.333,0.241,0.224", "d4": "34.2", "d5": "", "d6": "", "d7": "0.019"}
{"d0": "tick=58987 goal=0", "d2": "0.333,0.580,1.416,1.309,0.655,0.358,0.337,0.319,0.368,0.416,0.396,0.349,0.462,0.363,0.250,0.250", "d4": "", "d5": "0", "d6": "", "d7": ""}
{"d0": "tick=59017 goal=0", "d2": "0.353,0.568,1.413,1.318,0.644,0.358,0.323,0.333,0.337,0.409,0.389,0.371,0.465,0.345,0.248,0.244", "d4": "33.9", "d5": "", "d6": "0", "d7": ""}
{"d0": "", "d2": "0.309,0.591,1.432,1.303,0.665,0.352,0.322,0.317,0.362,0.409,0.391,0.366,0.460,0.351,0.252,0.235", "d4": "32.0", "d5": "", "d6": "0", "d7": "-0.005"}
{"d0": "", "d2": "0.315,0.570,1.426,1.303,0.667,0.354,0.331,0.331,0.349,0.423,0.374,0.360,0.471,0.358,0.224,-1.000", "d4": "", "d5": "", "d6": "", "d7": ""}
{"d0": "tick=59108 goal=0", "d2": "0.313,0.589,1.423,1.309,0.645,0.352,0.325,0.337,0.347,0.417,0.378,0.369,0.438,0.339,0.249,0.232", "d4": "34.2", "d5": "0", "d6": "0", "d7": "0.018"}
{"d0": "tick=59138 goal=0", "d2": "0.325,0.565,1.416,1.327,0.663,0.347,0.339,0.318,0.350,0.417,0.366,0.383,0.448,0.336,0.242,0.230", "d4": "35.9", "d5": "0", "d6": "0", "d7": ""}
{"d0": "tick=59168 goal=0", "d2": "0.328,-1.000,1.403,1.307,0.642,-1.000,0.321,0.340,0.361,0.416,0.386,0.369,0.463,0.345,0.243,0.239", "d4": "31.7", "d5": "0", "d6": "0", "d7": "0.006"}
{"d0": "tick=59198 goal=0", "d2": "0.318,0.598,1.425,1.306,0.667,0.361,0.341,0.311,0.363,0.400,0.380,0.353,0.460,0.353,0.239,0.224", "d4": "", "d5": "", "d6": "0", "d7": ""}
{"d0": "tick=59228 goal=0", "d2": "0.335,0.575,1.422,1.298,0.662,0.356,0.323,0.336,0.372,0.420,0.380,0.378,0.466,0.336,0.236,0.244", "d4": "", "d5": "0", "d6": "", "d7": "0.010"}
{"d0": "", "d2": "0.325,0.582,1.417,1.309,0.657,0.360,0.343,0.315,0.352,0.409,0.379,0.383,0.461,0.337,0.250,0.251", "d4": "", "d5": "", "d6": "0", "d7": "-0.006"}
{"d0": "tick=59287 goal=0", "d2": "0.330,0.577,1.409,1.335,0.655,0.354,0.332,0.326,0.338,0.399,0.388,0.359,0.452,0.326,0.248,0.241", "d4": "", "d5": "", "d6": "", "d7": "0.006"}
{"d0": "tick=59319 goal=0", "d2": "0.323,0.576,1.409,1.307,0.641,0.361,0.330,0.322,0.359,0.405,0.378,0.357,0.473,0.349,0.253,0.249", "d4": "", "d5": "0", "d6": "0", "d7": "0.017"}
{"d0": "tick=59347 goal=0", "d2": "0.318,0.586,1.418,1.306,0.637,0.359,0.318,0.314,0.346,0.387,0.392,0.376,0.485,0.355,0.263,0.221", "d4": "36.8", "d5": "0", "d6": "", "d7": ""}
