{"x": -1.535, "y": 10.766, "h": 50.4, "scan": [0.496, 0.517, 0.424, 0.489, 0.649, 1.064, 0.696, 1.184, 0.761, 0.61, null, 0.638, 0.905, 1.573, 0.426, 0.576], "d0": "0", "d5": "0", "d11": "0.366", "tick": "309720", "goal": "0", "here": "0", "t": 1789617459.13}
{"x": -1.534, "y": 10.767, "h": 45.4, "scan": [0.477, 0.49, 0.426, 0.485, 0.651, 1.069, 0.708, 1.179, 0.743, 0.627, 0.232, 0.634, 0.912, 1.572, 0.436, 0.585], "d0": "0", "d5": "0", "d11": "0.382", "tick": "309781", "goal": "0", "here": "0", "t": 1789617459.74}
{"x": -1.535, "y": 10.766, "h": 48.1, "scan": [0.495, 0.493, 0.422, 0.478, 0.671, 1.054, 0.71, 1.186, 0.761, 0.598, 0.21, 0.632, 0.925, 1.582, 0.448, 0.59], "d0": "0", "d5": "0", "d11": "0.386", "tick": "309845", "goal": "0", "here": "0", "t": 1789617460.38}
{"x": -1.534, "y": 10.767, "h": 47.8, "scan": [0.494, 0.516, 0.428, 0.503, 0.66, 1.074, 0.711, 1.178, 0.759, 0.604, 0.227, 0.643, 0.891, 1.589, 0.449, 0.569], "d0": "0", "d5": "0", "d11": "0.387", "tick": "309905", "goal": "0", "here": "0", "t": 1789617460.99}
{"x": -1.535, "y": 10.766, "h": 47.7, "scan": [0.49, 0.506, 0.429, 0.486, 0.64, 1.072, 0.688, 1.196, 0.738, 0.611, 0.231, 0.631, 0.91, 1.589, 0.444, 0.583], "d0": "0", "d5": "0", "d11": "0.385", "tick": "309968", "goal": "0", "here": "0", "t": 1789617461.61}
{"x": -1.536, "y": 10.766, "h": 65.8, "scan": [0.487, 0.417, 0.499, null, 1.068, 0.694, 1.164, 0.75, 0.613, 0.21, 0.643, 0.888, 1.548, 0.44, 0.569, 0.492], "d0": "0", "d5": "0", "d11": "0.402", "tick": "310029", "goal": "0", "here": "0", "t": 1789617462.22}
{"x": -1.536, "y": 10.766, "h": 71.1, "scan": [0.475, 0.425, 0.484, 0.694, 1.043, 0.673, 1.097, 0.751, 0.584, 0.223, 0.638, 0.931, 1.544, 0.447, 0.57, 0.481], "d0": "0", "d5": "0", "d11": "0.454", "tick": "310090", "goal": "0", "here": "0", "t": 1789617462.83}
{"x": -1.535, "y": 10.766, "h": 74.3, "scan": [0.486, 0.409, 0.497, 0.684, 1.037, 0.667, 1.099, 0.741, 0.591, 0.196, 0.624, 0.92, 1.536, 0.429, 0.58, 0.49], "d0": "0", "d5": "0", "d11": "0.456", "tick": "310151", "goal": "0", "here": "0", "t": 1789617463.44}
{"x": -1.535, "y": 10.766, "h": 74.8, "scan": [0.484, 0.435, 0.488, 0.685, 1.037, 0.68, 1.074, 0.734, 0.59, 0.219, 0.644, 0.933, 1.523, 0.462, 0.572, 0.473], "d0": "0", "d5": "0", "d11": "0.477", "tick": "310212", "goal": "0", "here": "0", "t": 1789617464.05}
{"x": -1.535, "y": 10.766, "h": 75.2, "scan": [0.466, 0.424, 0.488, 0.691, 1.048, 0.685, 1.099, 0.74, 0.575, 0.216, 0.64, 0.933, 1.51, 0.451, 0.566, 0.484], "d0": "0", "d5": "0", "d11": "0.454", "tick": "310273", "goal": "0", "here": "0", "t": 1789617464.66}
{"x": -1.535, "y": 10.766, "h": 74.6, "scan": [0.474, 0.416, 0.477, 0.696, 1.044, 0.677, 1.094, 0.725, 0.577, null, 0.643, 0.942, 1.549, 0.456, 0.582, 0.45], "d0": "0", "d5": "0", "d11": "0.463", "tick": "310334", "goal": "0", "here": "0", "t": 1789617465.27}
{"x": -1.535, "y": 10.766, "h": 73.8, "scan": [0.49, 0.414, 0.474, 0.693, 1.046, 0.657, 1.111, 0.731, 0.615, 0.198, 0.631, 0.921, 1.532, 0.465, 0.58, 0.476], "d0": "0", "d5": "0", "d11": "0.470", "tick": "310395", "goal": "0", "here": "0", "t": 1789617465.88}
{"x": -1.536, "y": 10.766, "h": 75.0, "scan": [0.478, 0.408, 0.485, 0.7, 1.042, 0.671, 1.093, 0.737, 0.576, 0.196, 0.637, 0.926, 1.542, 0.474, 0.58, 0.482], "d0": "0", "d5": "0", "d11": "0.462", "tick": "310456", "goal": "0", "here": "0", "t": 1789617466.5}
{"x": -1.536, "y": 10.766, "h": 76.6, "scan": [0.481, 0.428, 0.465, 0.675, 1.047, 0.667, 1.097, 0.747, 0.58, 0.19, 0.628, 0.923, 1.532, 0.452, 0.574, 0.501], "d0": "0", "d5": "0", "d11": "0.471", "tick": "310518", "goal": "0", "here": "0", "t": 1789617467.11}
{"x": -1.537, "y": 10.766, "h": 75.3, "scan": [0.491, 0.429, 0.478, null, 1.024, 0.661, 1.114, 0.731, 0.574, 0.213, 0.641, 0.936, 1.516, 0.454, 0.573, 0.472], "d0": "0", "d5": "0", "d11": "0.501", "tick": "310578", "goal": "0", "here": "0", "t": 1789617467.72}
{"x": -1.537, "y": 10.766, "h": 75.8, "scan": [0.477, 0.437, 0.482, 0.687, 1.042, 0.672, 1.097, 0.747, 0.596, 0.198, 0.631, 0.923, 1.536, 0.444, 0.568, 0.475], "d0": "0", "d5": "0", "d11": "0.532", "tick": "310640", "goal": "0", "here": "0", "t": 1789617468.33}
{"x": -1.535, "y": 10.766, "h": 75.5, "scan": [0.494, 0.435, 0.483, 0.714, 1.033, 0.674, 1.084, 0.723, 0.587, 0.218, 0.616, 0.901, 1.541, 0.458, 0.575, 0.48], "d0": "0", "d5": "0", "d11": "0.486", "tick": "310701", "goal": "0", "here": "0", "t": 1789617468.94}
{"x": -1.535, "y": 10.766, "h": 76.7, "scan": [0.469, 0.425, 0.488, 0.683, 1.033, 0.65, 1.101, 0.734, 0.602, 0.197, 0.639, 0.907, 1.532, 0.458, 0.577, 0.487], "d0": "0", "d5": "0", "d11": "0.534", "tick": "310762", "goal": "0", "here": "0", "t": 1789617469.56}
{"x": -1.535, "y": 10.766, "h": 75.2, "scan": [0.488, 0.429, 0.478, 0.688, 1.047, 0.665, 1.087, 0.739, 0.592, 0.206, 0.651, 0.934, 1.526, 0.456, 0.578, 0.479], "d0": "0", "d5": "0", "d11": "0.552", "tick": "310824", "goal": "0", "here": "0", "t": 1789617470.17}
{"x": -1.535, "y": 10.766, "h": 73.6, "scan": [0.49, 0.42, 0.469, 0.666, 1.038, 0.667, 1.108, 0.733, 0.605, 0.206, 0.621, 0.918, 1.534, 0.441, 0.556, 0.502], "d0": "0", "d5": "0", "d11": "0.594", "tick": "310886", "goal": "0", "here": "0", "t": 1789617470.79}
{"x": -1.535, "y": 10.766, "h": 76.5, "scan": [0.483, 0.407, 0.495, 0.687, 1.041, 0.665, 1.1, 0.72, 0.608, 0.205, 0.619, 0.934, 1.537, 0.451, 0.582, 0.47], "d0": "0", "d5": "0", "d11": "0.639", "tick": "310946", "goal": "0", "here": "0", "t": 1789617471.4}
{"x": -1.536, "y": 10.766, "h": 74.7, "scan": [0.485, 0.421, 0.487, 0.692, 1.03, 0.677, 1.102, 0.739, null, 0.224, 0.637, 0.924, 1.527, 0.448, 0.564, 0.484], "d0": "0", "d5": "0", "d11": "0.645", "tick": "311009", "goal": "0", "here": "0", "t": 1789617472.02}
{"x": -1.536, "y": 10.766, "h": 74.9, "scan": [0.489, 0.427, 0.49, 0.694, 1.049, 0.674, 1.103, 0.742, 0.582, 0.219, 0.645, 0.921, 1.532, 0.474, 0.571, 0.49], "d0": "0", "d5": "0", "d11": "0.624", "tick": "311070", "goal": "0", "here": "0", "t": 1789617472.64}
{"x": -1.535, "y": 10.766, "h": 75.4, "scan": [0.478, 0.436, 0.478, 0.693, 1.041, 0.661, 1.112, 0.726, 0.583, 0.177, 0.624, 0.921, 1.523, 0.439, 0.561, 0.485], "d0": "0", "d5": "0", "d11": "0.576", "tick": "311136", "goal": "0", "here": "0", "t": 1789617473.3}
{"x": -1.536, "y": 10.766, "h": 77.5, "scan": [0.488, 0.408, 0.488, 0.689, 1.023, 0.687, 1.104, 0.737, 0.589, 0.204, 0.627, 0.94, 1.538, 0.457, 0.574, 0.485], "d0": "0", "d5": "0", "d11": "0.575", "tick": "311198", "goal": "0", "here": "0", "t": 1789617473.91}
{"x": -1.536, "y": 10.766, "h": 72.2, "scan": [0.475, 0.434, 0.473, 0.689, 1.033, 0.666, 1.098, 0.731, 0.58, 0.206, 0.635, 0.93, 1.517, 0.431, 0.572, 0.466], "d0": "0", "d5": "0", "d11": "0.543", "tick": "311259", "goal": "0", "here": "0", "t": 1789617474.52}
{"x": -1.536, "y": 10.766, "h": 73.1, "scan": [0.484, 0.417, 0.473, 0.683, 1.033, 0.686, 1.091, 0.746, 0.611, 0.22, 0.639, 0.936, 1.544, 0.433, 0.551, 0.494], "d0": "0", "d5": "0", "d11": "0.549", "tick": "311320", "goal": "0", "here": "0", "t": 1789617475.13}
{"x": -1.537, "y": 10.766, "h": 73.1, "scan": [0.486, 0.445, 0.477, 0.694, 1.045, 0.659, 1.112, 0.73, 0.588, 0.221, 0.648, 0.916, 1.526, 0.429, 0.555, 0.481], "d0": "0", "d5": "0", "d11": "0.532", "tick": "311381", "goal": "0", "here": "0", "t": 1789617475.74}
{"x": -1.537, "y": 10.766, "h": 72.8, "scan": [0.478, 0.428, 0.497, 0.716, 1.025, 0.664, 1.091, 0.738, 0.593, 0.204, 0.629, null, 1.555, 0.447, 0.575, 0.479], "d0": "0", "d5": "0", "d11": "0.484", "tick": "311445", "goal": "0", "here": "0", "t": 1789617476.41}
{"x": -1.537, "y": 10.766, "h": 74.5, "scan": [0.485, 0.436, 0.49, 0.675, 1.036, 0.66, 1.082, 0.74, 0.587, 0.194, 0.634, 0.931, 1.53, 0.438, 0.572, 0.487], "d0": "0", "d5": "0", "d11": "0.520", "tick": "311509", "goal": "0", "here": "0", "t": 1789617477.02}
{"x": -1.537, "y": 10.766, "h": 74.9, "scan": [null, 0.418, 0.494, 0.695, 1.025, 0.675, 1.099, 0.758, 0.58, 0.199, 0.629, 0.921, 1.534, 0.462, 0.568, 0.491], "d0": "0", "d5": "0", "d11": "0.512", "tick": "311570", "goal": "0", "here": "0", "t": 1789617477.66}
{"x": -1.537, "y": 10.766, "h": 75.0, "scan": [0.487, 0.44, 0.502, 0.703, 1.04, 0.664, 1.09, 0.738, 0.579, 0.213, 0.643, 0.927, 1.516, 0.449, 0.575, 0.496], "d0": "0", "d5": "0", "d11": "0.540", "tick": "311634", "goal": "0", "here": "0", "t": 1789617478.27}
{"x": -1.537, "y": 10.766, "h": 74.7, "scan": [0.489, 0.43, 0.46, 0.711, 1.023, 0.669, 1.119, 0.738, 0.584, 0.212, 0.624, 0.915, 1.532, 0.457, 0.572, 0.469], "d0": "0", "d5": "0", "d11": "0.568", "tick": "311697", "goal": "0", "here": "0", "t": 1789617478.91}
{"x": -1.537, "y": 10.766, "h": 74.1, "scan": [0.477, 0.421, 0.473, 0.696, 1.043, null, 1.104, 0.726, 0.594, 0.226, 0.625, 0.936, 1.547, 0.451, 0.565, 0.487], "d0": "0", "d5": "0", "d11": "0.617", "tick": "311759", "goal": "0", "here": "0", "t": 1789617479.52}
{"x": -1.537, "y": 10.766, "h": 76.9, "scan": [0.485, 0.428, 0.47, 0.675, 1.035, 0.662, 1.097, 0.728, 0.591, 0.187, 0.633, 0.913, 1.525, 0.446, 0.581, 0.485], "d0": "0", "d5": "0", "d11": "0.674", "tick": "311820", "goal": "0", "here": "0", "t": 1789617480.16}
{"x": -1.537, "y": 10.766, "h": 74.3, "scan": [0.499, 0.424, 0.492, 0.679, 1.04, 0.664, 1.092, 0.736, 0.584, 0.213, 0.642, 0.931, 1.532, 0.436, 0.556, 0.477], "d0": "0", "d5": "0", "d11": "0.717", "tick": "311884", "goal": "0", "here": "0", "t": 1789617480.77}
{"x": -1.537, "y": 10.765, "h": 75.4, "scan": [0.483, 0.423, 0.479, 0.681, 1.032, 0.662, 1.104, 0.727, 0.563, 0.19, 0.624, 0.941, 1.542, 0.441, 0.575, 0.47], "d0": "0", "d5": "0", "d11": "0.724", "tick": "311944", "goal": "0", "here": "0", "t": 1789617481.38}
{"x": -1.536, "y": 10.766, "h": 76.4, "scan": [0.476, 0.427, 0.467, 0.682, 1.036, 0.68, 1.075, 0.737, 0.591, 0.211, 0.636, 0.907, 1.538, 0.45, 0.589, 0.509], "d0": "0", "d5": "0", "d11": "0.709", "tick": "312005", "goal": "0", "here": "0", "t": 1789617481.99}
{"x": -1.536, "y": 10.766, "h": 73.3, "scan": [0.475, 0.426, 0.502, 0.691, 1.029, 0.671, 1.112, 0.761, 0.602, 0.204, 0.639, 0.914, 1.532, 0.453, 0.587, 0.494], "d0": "0", "d5": "0", "d11": "0.711", "tick": "312067", "goal": "0", "here": "0", "t": 1789617482.6}
{"x": -1.536, "y": 10.766, "h": 75.8, "scan": [0.481, 0.419, 0.482, 0.689, 1.049, 0.678, 1.109, 0.724, 0.583, 0.212, 0.628, 0.918, 1.538, 0.445, 0.578, 0.484], "d0": "0", "d5": "0", "d11": "0.720", "tick": "312128", "goal": "0", "here": "0", "t": 1789617483.24}
{"x": -1.537, "y": 10.766, "h": 73.0, "scan": [0.487, 0.429, 0.489, 0.686, 1.03, 0.659, 1.104, 0.723, 0.597, 0.202, 0.634, 0.932, 1.548, 0.467, 0.57, 0.468], "d0": "0", "d5": "0", "d11": "0.790", "tick": "312194", "goal": "0", "here": "0", "t": 1789617483.88}
{"x": -1.537, "y": 10.766, "h": 71.5, "scan": [0.489, 0.425, 0.484, 0.688, 1.027, 0.663, 1.113, 0.744, 0.587, 0.206, 0.639, 0.931, 1.529, 0.465, 0.57, 0.489], "d0": "0", "d5": "0", "d11": "0.813", "tick": "312256", "goal": "0", "here": "0", "t": 1789617484.49}
{"x": -1.536, "y": 10.766, "h": 72.4, "scan": [0.489, 0.416, 0.492, 0.685, 1.029, 0.684, 1.114, 0.729, 0.582, 0.193, 0.638, 0.933, 1.524, 0.454, 0.554, 0.478], "d0": "0", "d5": "0", "d11": "0.861", "tick": "312317", "goal": "0", "here": "0", "t": 1789617485.14}
{"x": -1.535, "y": 10.766, "h": 73.5, "scan": [0.486, 0.413, 0.469, 0.694, 1.013, 0.657, 1.111, 0.741, 0.577, 0.208, 0.634, 0.935, 1.524, 0.436, 0.575, 0.467], "d0": "0", "d5": "0", "d11": "0.873", "tick": "312382", "goal": "0", "here": "0", "t": 1789617485.75}
{"x": -1.535, "y": 10.766, "h": 75.0, "scan": [0.468, 0.442, 0.473, 0.691, 1.033, 0.662, 1.106, 0.719, 0.609, 0.196, 0.62, 0.933, 1.529, 0.458, 0.553, 0.475], "d0": "0", "d5": "0", "d11": "0.865", "tick": "312443", "goal": "0", "here": "0", "t": 1789617486.36}
{"x": -1.536, "y": 10.766, "h": 72.6, "scan": [0.483, 0.428, 0.479, 0.703, 1.022, 0.68, 1.113, 0.729, 0.607, 0.208, 0.655, 0.933, 1.542, 0.441, 0.57, 0.486], "d0": "0", "d5": "0", "d11": "0.819", "tick": "312506", "goal": "0", "here": "0", "t": 1789617487.0}
{"x": -1.536, "y": 10.766, "h": 72.5, "scan": [0.483, 0.443, 0.467, 0.684, 1.031, null, 1.102, 0.737, 0.585, 0.197, 0.628, 0.899, 1.543, 0.448, 0.576, 0.482], "d0": "0", "d5": "0", "d11": "0.759", "tick": "312567", "goal": "0", "here": "0", "t": 1789617487.61}
{"x": -1.537, "y": 10.766, "h": 74.7, "scan": [0.496, 0.432, 0.488, 0.684, 1.031, 0.672, 1.114, 0.724, 0.58, 0.191, 0.629, 0.923, 1.545, 0.468, 0.57, 0.48], "d0": "0", "d5": "0", "d11": "0.723", "tick": "312628", "goal": "0", "here": "0", "t": 1789617488.22}
{"x": -1.536, "y": 10.766, "h": 77.4, "scan": [0.465, 0.425, 0.489, 0.698, 1.05, 0.664, 1.097, 0.729, 0.582, 0.209, 0.618, 0.934, 1.529, 0.465, 0.581, 0.483], "d0": "0", "d5": "0", "d11": "0.703", "tick": "312696", "goal": "0", "here": "0", "t": 1789617488.92}
{"x": -1.535, "y": 10.766, "h": 74.4, "scan": [0.465, 0.412, 0.497, 0.704, 1.049, 0.669, 1.11, 0.715, 0.597, 0.205, 0.661, 0.926, 1.541, 0.432, 0.578, 0.489], "d0": "0", "d5": "0", "d11": "0.662", "tick": "312760", "goal": "0", "here": "0", "t": 1789617489.53}
{"x": -1.535, "y": 10.766, "h": 74.6, "scan": [0.5, 0.429, 0.48, 0.687, 1.026, 0.653, 1.1, 0.744, 0.585, 0.209, 0.634, 0.913, 1.52, 0.458, 0.568, 0.482], "d0": "0", "d5": "0", "d11": "0.681", "tick": "312822", "goal": "0", "here": "0", "t": 1789617490.15}
{"x": -1.535, "y": 10.766, "h": 73.4, "scan": [0.472, 0.437, 0.479, 0.692, 1.051, 0.669, 1.121, 0.749, 0.599, 0.223, 0.643, 0.933, 1.532, 0.452, 0.579, 0.481], "d0": "0", "d5": "0", "d11": "0.676", "tick": "312884", "goal": "0", "here": "0", "t": 1789617490.79}
{"x": -1.535, "y": 10.766, "h": 71.4, "scan": [0.475, 0.446, 0.481, 0.71, 1.028, 0.666, 1.089, 0.733, 0.576, 0.202, 0.638, 0.938, 1.542, 0.453, 0.569, 0.475], "d0": "0", "d5": "0", "d11": "0.682", "tick": "312954", "goal": "0", "here": "0", "t": 1789617491.47}
{"x": -1.535, "y": 10.766, "h": 72.9, "scan": [0.487, 0.424, 0.484, 0.692, 1.054, 0.674, 1.113, 0.742, 0.59, 0.216, 0.641, 0.926, 1.542, 0.458, 0.556, 0.489], "d0": "0", "d5": "0", "d11": "0.698", "tick": "313015", "goal": "0", "here": "0", "t": 1789617492.08}
{"x": -1.535, "y": 10.766, "h": 73.0, "scan": [0.49, 0.415, 0.481, 0.665, 1.032, 0.65, 1.11, 0.739, 0.598, 0.208, 0.629, 0.92, 1.531, 0.442, 0.583, 0.468], "d0": "0", "d5": "0", "d11": "0.687", "tick": "313077", "goal": "0", "here": "0", "t": 1789617492.7}
{"x": -1.535, "y": 10.766, "h": 72.9, "scan": [0.476, 0.432, 0.489, 0.688, 1.036, 0.656, 1.113, 0.74, 0.583, 0.202, 0.628, 0.947, 1.538, 0.464, 0.581, 0.479], "d0": "0", "d5": "0", "d11": "0.679", "tick": "313138", "goal": "0", "here": "0", "t": 1789617493.34}
{"x": -1.535, "y": 10.766, "h": 73.2, "scan": [0.468, 0.424, 0.471, 0.678, null, 0.667, 1.103, 0.718, 0.595, 0.198, 0.636, 0.935, 1.52, 0.449, 0.567, 0.47], "d0": "0", "d5": "0", "d11": "0.662", "tick": "313205", "goal": "0", "here": "0", "t": 1789617493.98}
{"x": -1.535, "y": 10.766, "h": 72.5, "scan": [0.489, 0.417, 0.497, 0.693, 1.054, 0.65, 1.098, 0.729, 0.6, 0.214, 0.649, 0.919, 1.525, 0.453, 0.579, 0.478], "d0": "0", "d5": "0", "d11": "0.613", "tick": "313266", "goal": "0", "here": "0", "t": 1789617494.62}
{"x": -1.535, "y": 10.766, "h": 74.7, "scan": [0.489, 0.428, 0.477, 0.68, 1.037, 0.671, 1.096, 0.727, 0.603, 0.198, 0.626, 0.923, 1.528, 0.442, 0.568, 0.476], "d0": "0", "d5": "0", "d11": "0.606", "tick": "313330", "goal": "0", "here": "0", "t": 1789617495.23}
{"x": -1.536, "y": 10.766, "h": 75.0, "scan": [0.482, 0.422, 0.457, 0.685, 1.031, 0.675, 1.093, 0.736, 0.587, 0.203, 0.625, 0.92, 1.554, 0.464, 0.589, 0.477], "d0": "0", "d5": "0", "d11": "0.613", "tick": "313391", "goal": "0", "here": "0", "t": 1789617495.84}
{"x": -1.535, "y": 10.766, "h": 76.2, "scan": [0.469, 0.436, 0.476, 0.692, 1.032, 0.676, 1.108, 0.754, 0.582, 0.192, 0.632, 0.937, 1.524, 0.453, 0.575, 0.469], "d0": "0", "d5": "0", "d11": "0.633", "tick": "313454", "goal": "0", "here": "0", "t": 1789617496.47}
{"x": -1.535, "y": 10.766, "h": 76.2, "scan": [0.494, 0.424, 0.499, 0.709, 1.021, 0.647, 1.091, 0.734, 0.596, 0.223, 0.647, 0.925, 1.523, 0.473, 0.6, 0.498], "d0": "0", "d5": "0", "d11": "0.655", "tick": "313515", "goal": "0", "here": "0", "t": 1789617497.08}
{"x": -1.535, "y": 10.766, "h": 76.1, "scan": [0.472, 0.435, 0.505, 0.688, 1.048, 0.669, 1.089, 0.725, 0.573, 0.209, 0.643, 0.911, 1.524, 0.453, 0.575, 0.49], "d0": "0", "d5": "0", "d11": "0.683", "tick": "313579", "goal": "0", "here": "0", "t": 1789617497.72}
{"x": -1.535, "y": 10.766, "h": 74.0, "scan": [0.502, 0.439, 0.482, 0.702, 1.032, 0.669, 1.114, 0.728, 0.561, 0.211, 0.625, 0.938, 1.545, 0.436, 0.579, 0.488], "d0": "0", "d5": "0", "d11": "0.673", "tick": "313640", "goal": "0", "here": "0", "t": 1789617498.33}
{"x": -1.535, "y": 10.766, "h": 69.8, "scan": [0.489, 0.423, 0.493, 0.693, 1.016, 0.666, 1.111, 0.737, 0.582, 0.208, 0.646, null, 1.539, 0.443, 0.575, 0.482], "d0": "0", "d5": "0", "d11": "0.695", "tick": "313701", "goal": "0", "here": "0", "t": 1789617498.94}
{"x": -1.535, "y": 10.766, "h": 75.3, "scan": [0.479, 0.428, 0.484, 0.678, 1.06, 0.674, 1.112, 0.745, 0.592, 0.219, 0.616, 0.926, 1.538, 0.453, 0.585, 0.465], "d0": "0", "d5": "0", "d11": "0.716", "tick": "313765", "goal": "0", "here": "0", "t": 1789617499.62}
{"x": -1.535, "y": 10.766, "h": 73.2, "scan": [0.467, 0.434, 0.471, 0.682, 1.031, 0.671, 1.102, 0.746, 0.587, 0.208, 0.644, 0.921, 1.54, 0.436, 0.57, 0.478], "d0": "0", "d5": "0", "d11": "0.758", "tick": "313829", "goal": "0", "here": "0", "t": 1789617500.23}
{"x": -1.537, "y": 10.766, "h": 73.6, "scan": [0.501, 0.432, 0.496, 0.687, 1.031, 0.68, 1.09, 0.734, 0.594, 0.231, 0.634, 0.92, 1.517, 0.447, 0.565, 0.48], "d0": "0", "d5": "0", "d11": "0.741", "tick": "313890", "goal": "0", "here": "0", "t": 1789617500.84}
{"x": -1.538, "y": 10.765, "h": 86.3, "scan": [0.426, 0.509, 0.635, 1.101, 1.024, 1.434, 0.796, 0.637, 0.24, 0.642, 0.845, 1.572, 0.472, 0.598, 0.487, 0.493], "d0": "1", "d5": "0", "d11": "0.748", "tick": "313951", "goal": "0", "here": "0", "t": 1789617501.45}
{"x": -1.537, "y": 10.765, "h": 96.2, "scan": [0.434, 0.49, 0.652, 1.079, 0.703, 1.18, 0.761, 0.594, 0.215, 0.64, 0.892, 1.596, 0.445, 0.572, 0.504, 0.496], "d0": "0", "d5": "0", "d11": "0.711", "tick": "314060", "goal": "0", "here": "0", "t": 1789617502.56}
{"x": -1.507, "y": 10.761, "h": 98.0, "scan": [0.401, 0.476, 0.654, 1.025, 0.678, 1.125, 0.753, 0.617, 0.24, 0.664, 0.957, null, 0.482, 0.564, 0.458, 0.452], "d0": "0", "d5": "0", "d11": "0.703", "tick": "314104", "goal": "0", "here": "0", "t": 1789617503.0}
{"x": -1.472, "y": 10.754, "h": 102.1, "scan": [0.388, 0.417, 0.792, 1.034, 0.668, 1.031, 0.779, 0.618, 0.174, 0.792, 1.285, 0.484, 0.578, 0.572, 0.437, 0.394], "d0": "0", "d5": "0", "d11": "0.684", "tick": "314151", "goal": "0", "here": "0", "t": 1789617503.45}
{"x": -1.439, "y": 10.744, "h": 109.2, "scan": [0.393, 0.388, 0.841, 1.013, 0.66, 1.018, 0.78, 0.628, 0.734, 0.871, 1.517, 0.48, 0.565, 0.438, 0.431, 0.348], "d0": "0", "d5": "0", "d11": "0.711", "tick": "314193", "goal": "0", "here": "0", "t": 1789617503.89}
{"x": -1.405, "y": 10.73, "h": 112.7, "scan": [0.41, 0.5, 0.872, 1.019, 0.524, 0.988, 0.783, 0.381, 0.759, 1.027, 0.568, 0.514, 0.555, 0.415, 0.377, 0.315], "d0": "0", "d5": "0", "d11": "0.716", "tick": "314240", "goal": "0", "here": "0", "t": 1789617504.34}
{"x": -1.373, "y": 10.714, "h": 118.2, "scan": [0.351, 0.508, 1.018, 1.016, 1.409, 0.893, 0.766, 0.372, 0.79, 1.286, 0.534, 0.573, 0.427, 0.382, 0.308, 0.287], "d0": "0", "d5": "0", "d11": "0.739", "tick": "314285", "goal": "0", "here": "0", "t": 1789617504.78}
{"x": -1.346, "y": 10.696, "h": 125.0, "scan": [0.32, 0.488, 0.97, 0.982, 1.195, 0.881, 0.748, 0.366, 0.897, 1.527, 0.518, 0.547, null, 0.368, 0.286, 0.308], "d0": "0", "d5": "0", "d11": "0.746", "tick": "314325", "goal": "0", "here": "0", "t": 1789617505.19}
{"x": -1.32, "y": 10.676, "h": 126.3, "scan": [0.285, 0.492, 0.918, 0.687, 1.15, 0.849, 0.742, 0.398, 1.006, 0.643, 0.585, 0.595, 0.393, 0.261, 0.261, 0.295], "d0": "0", "d5": "0", "d11": "0.706", "tick": "314366", "goal": "0", "here": "0", "t": 1789617505.6}
{"x": -1.295, "y": 10.653, "h": 133.4, "scan": [0.246, 0.708, 0.919, 0.644, 1.059, 0.862, 0.767, 0.865, 1.127, 0.625, null, 0.435, 0.363, 0.234, 0.22, 0.276], "d0": "0", "d5": "0", "d11": "0.686", "tick": "314411", "goal": "0", "here": "0", "t": 1789617506.04}
{"x": -1.272, "y": 10.628, "h": 139.0, "scan": [0.364, 0.741, 0.919, 0.637, 1.042, 0.854, 0.784, 0.899, 1.348, 0.606, 0.638, 0.397, 0.266, 0.195, 0.234, 0.223], "d0": "0", "d5": "0", "d11": "0.647", "tick": "314453", "goal": "0", "here": "0", "t": 1789617506.47}
{"x": -1.258, "y": 10.614, "h": 131.3, "scan": [0.208, 0.39, 0.88, 0.924, 0.536, 0.921, 0.855, 0.497, 1.081, 0.696, 0.667, 0.451, 0.355, 0.196, 0.203, 0.224], "d0": "0", "d5": "0", "d11": "0.613", "tick": "314498", "goal": "0", "here": "0", "t": 1789617506.91}
{"x": -1.257, "y": 10.614, "h": 105.0, "scan": [0.24, 0.197, 0.35, 0.812, 0.945, 0.622, 0.997, 0.891, 0.543, 0.968, 1.577, 0.636, 0.623, 0.386, 0.224, 0.187], "d0": "0", "d5": "0", "d11": "0.570", "tick": "314543", "goal": "0", "here": "0", "t": 1789617507.36}
{"x": -1.256, "y": 10.614, "h": 78.0, "scan": [0.184, 0.233, 0.222, 0.333, 0.753, 0.923, 0.634, 1.033, 0.902, 0.826, 0.935, 1.427, 0.598, 0.618, 0.406, 0.235], "d0": "0", "d5": "0", "d11": "0.523", "tick": "314583", "goal": "0", "here": "0", "t": 1789617507.76}
{"x": -1.255, "y": 10.615, "h": 49.6, "scan": [0.267, 0.2, 0.216, 0.231, 0.212, 0.681, 0.911, 0.649, 1.062, 0.885, 0.803, 0.914, 1.227, 0.606, 0.616, 0.396], "d0": "0", "d5": "0", "d11": "0.523", "tick": "314624", "goal": "0", "here": "0", "t": 1789617508.18}
{"x": -1.249, "y": 10.626, "h": 26.4, "scan": [0.389, 0.265, 0.195, 0.21, 0.218, 0.199, 0.662, 0.894, 0.681, 1.074, 0.892, 0.806, 0.912, 1.195, 0.606, 0.631], "d0": "0", "d5": "0", "d11": "0.510", "tick": "314668", "goal": "0", "here": "0", "t": 1789617508.62}
{"x": -1.237, "y": 10.664, "h": 12.6, "scan": [0.596, 0.322, 0.217, 0.161, 0.215, 0.222, 0.222, 0.824, 0.994, 0.688, 0.962, 0.875, null, 1.031, 0.694, 0.62], "d0": "0", "d5": "0", "d11": "0.493", "tick": "314710", "goal": "0", "here": "0", "t": 1789617509.04}
{"x": -1.232, "y": 10.705, "h": 3.5, "scan": [0.546, 0.364, 0.279, 0.188, 0.168, 0.207, null, 0.453, 0.938, 0.737, 1.139, 0.924, 0.832, 0.878, 1.302, 0.52], "d0": "0", "d5": "0", "d11": "0.499", "tick": "314754", "goal": "0", "here": "0", "t": 1789617509.48}
{"x": -1.234, "y": 10.744, "h": 357.0, "scan": [0.569, 0.361, 0.294, 0.211, 0.172, 0.173, 0.267, 0.287, 1.001, 1.044, 1.267, 0.94, 0.824, 0.914, 1.096, 0.525], "d0": "0", "d5": "0", "d11": "0.501", "tick": "314797", "goal": "0", "here": "0", "t": 1789617509.9}
{"x": -1.24, "y": 10.784, "h": 348.7, "scan": [0.526, 0.485, 0.269, 0.255, 0.184, 0.164, 0.221, 0.302, 0.867, 1.083, 0.635, 0.989, 0.861, 0.897, 1.007, 0.59], "d0": "0", "d5": "0", "d11": "0.472", "tick": "314839", "goal": "0", "here": "0", "t": 1789617510.33}
{"x": -1.248, "y": 10.82, "h": 346.9, "scan": [0.478, 0.435, 0.256, 0.242, 0.219, 0.189, 0.198, 0.316, 0.862, 1.09, 0.763, 1.025, 0.836, 0.859, 0.952, 0.58], "d0": "0", "d5": "0", "d11": "0.471", "tick": "314880", "goal": "0", "here": "0", "t": 1789617510.74}
{"x": -1.259, "y": 10.857, "h": 340.1, "scan": [0.439, 0.412, 0.28, 0.246, 0.235, 0.207, 0.227, 0.344, 0.612, 1.117, 0.786, 1.053, 0.876, 0.844, 0.922, 0.533], "d0": "0", "d5": "0", "d11": "0.452", "tick": "314920", "goal": "0", "here": "0", "t": 1789617511.14}
{"x": -1.272, "y": 10.893, "h": 340.3, "scan": [0.349, 0.415, 0.371, 0.208, 0.237, 0.23, 0.218, 0.356, 0.59, 1.134, 0.836, 1.074, 0.86, 0.837, 0.904, 1.265], "d0": "0", "d5": "0", "d11": "0.421", "tick": "314962", "goal": "0", "here": "0", "t": 1789617511.55}
{"x": -1.286, "y": 10.931, "h": 338.0, "scan": [0.335, 0.397, 0.356, 0.224, 0.235, 0.239, 0.254, 0.283, 0.476, 1.174, 0.837, 1.126, 0.887, 0.811, 0.859, 1.2], "d0": "0", "d5": "0", "d11": "0.404", "tick": "315006", "goal": "0", "here": "0", "t": 1789617511.99}
{"x": -1.302, "y": 10.966, "h": 335.9, "scan": [0.325, 0.367, 0.314, 0.233, 0.217, 0.24, 0.267, 0.301, 0.468, 1.188, 0.887, 1.192, 0.341, 0.801, 0.819, 1.127], "d0": "0", "d5": "0", "d11": "0.391", "tick": "315047", "goal": "0", "here": "0", "t": 1789617512.41}
{"x": -1.321, "y": 11.004, "h": 331.9, "scan": [0.286, 0.32, 0.299, 0.325, 0.203, 0.244, 0.281, 0.326, 0.499, 1.211, 0.925, 1.248, 0.349, 0.775, 0.801, 0.995], "d0": "0", "d5": "0", "d11": "0.388", "tick": "315092", "goal": "0", "here": "0", "t": 1789617512.86}
{"x": -1.341, "y": 11.037, "h": 329.3, "scan": [0.237, 0.253, 0.301, 0.307, 0.21, 0.231, 0.31, 0.333, 0.55, 1.265, 0.965, 1.255, 0.391, 0.769, 0.744, 0.904], "d0": "0", "d5": "0", "d11": "0.383", "tick": "315133", "goal": "0", "here": "0", "t": 1789617513.27}
{"x": -1.361, "y": 11.069, "h": 324.5, "scan": [0.207, 0.22, 0.287, 0.278, 0.274, 0.22, 0.311, 0.34, 0.566, 1.244, 1.008, 1.272, 0.4, 0.752, 0.725, 0.859], "d0": "0", "d5": "0", "d11": "0.379", "tick": "315178", "goal": "0", "here": "0", "t": 1789617513.72}
{"x": -1.368, "y": 11.076, "h": 305.6, "scan": [0.861, 0.236, 0.208, 0.287, 0.258, 0.288, 0.242, 0.287, 0.368, 0.584, 1.189, 1.309, 1.303, 0.393, 0.748, 0.705], "d0": "0", "d5": "0", "d11": "0.366", "tick": "315225", "goal": "0", "here": "0", "t": 1789617514.18}
{"x": -1.399, "y": 11.091, "h": 289.5, "scan": [0.757, 0.322, 0.186, 0.182, 0.287, 0.271, 0.28, 0.278, 0.37, 0.44, 0.809, 1.334, 1.831, 0.339, 0.542, 0.698], "d0": "0", "d5": "0", "d11": "0.351", "tick": "315266", "goal": "0", "here": "0", "t": 1789617514.6}
{"x": -1.44, "y": 11.101, "h": 278.9, "scan": [0.636, 0.778, 0.257, 0.155, 0.212, 0.282, 0.318, 0.285, 0.357, null, 0.631, 1.357, 0.984, 1.273, 0.49, 0.695], "d0": "0", "d5": "0", "d11": "0.344", "tick": "315310", "goal": "0", "here": "0", "t": 1789617515.06}
{"x": -1.485, "y": 11.105, "h": 273.5, "scan": [0.582, 0.685, 0.962, 0.202, 0.155, 0.215, 0.315, 0.37, 0.331, 0.451, 0.593, 1.156, 1.339, 1.46, 0.472, 0.668], "d0": "0", "d5": "0", "d11": "0.361", "tick": "315357", "goal": "0", "here": "0", "t": 1789617515.54}
{"x": -1.527, "y": 11.103, "h": 263.8, "scan": [0.616, 0.609, 0.745, 0.246, 0.174, 0.161, 0.312, 0.387, 0.357, 0.491, 0.538, 0.892, 1.348, 1.866, 0.399, 0.615], "d0": "0", "d5": "0", "d11": "0.385", "tick": "315405", "goal": "0", "here": "0", "t": 1789617515.98}
{"x": -1.57, "y": 11.097, "h": 259.0, "scan": [0.588, 0.547, 0.676, 1.138, 0.201, 0.186, 0.22, 0.383, 0.407, 0.519, 0.554, 0.856, 1.31, 1.8, null, 0.415], "d0": "0", "d5": "0", "d11": "0.395", "tick": "315448", "goal": "0", "here": "0", "t": 1789617516.45}
{"x": -1.608, "y": 11.089, "h": 258.3, "scan": [0.562, 0.484, 0.647, 0.974, 0.242, 0.204, 0.209, 0.411, 0.452, 0.508, 0.577, 0.888, 1.336, 0.247, 0.348, 0.371], "d0": "0", "d5": "0", "d11": "0.396", "tick": "315493", "goal": "0", "here": "0", "t": 1789617516.86}
{"x": -1.642, "y": 11.082, "h": 259.3, "scan": [0.52, 0.466, 0.617, 0.943, 1.264, 0.239, 0.217, 0.433, 0.466, 0.568, 0.625, 0.949, 1.33, 0.237, 0.342, 0.497], "d0": "0", "d5": "0", "d11": "0.398", "tick": "315535", "goal": "0", "here": "0", "t": 1789617517.29}
{"x": -1.674, "y": 11.078, "h": 265.8, "scan": [0.495, 0.428, 0.616, 1.096, 1.308, 0.231, 0.232, 0.474, 0.486, 0.607, 0.771, 1.21, 0.259, 0.243, 0.314, 0.517], "d0": "0", "d5": "0", "d11": "0.414", "tick": "315576", "goal": "0", "here": "0", "t": 1789617517.69}
{"x": -1.711, "y": 11.076, "h": 272.9, "scan": [0.399, 0.464, 0.597, 1.196, 0.454, 0.251, 0.24, 0.566, 0.576, 0.638, 0.801, 1.377, 0.22, 0.333, 0.286, 0.474], "d0": "0", "d5": "0", "d11": "0.423", "tick": "315620", "goal": "0", "here": "0", "t": 1789617518.13}
{"x": -1.752, "y": 11.082, "h": 280.8, "scan": [0.348, 0.463, 0.795, 1.238, 0.418, 0.263, 0.487, 0.55, 0.666, 0.815, 1.213, 0.232, 0.292, 0.281, 0.438, 0.42], "d0": "0", "d5": "0", "d11": "0.432", "tick": "315664", "goal": "0", "here": "0", "t": 1789617518.57}
{"x": -1.788, "y": 11.092, "h": 289.5, "scan": [0.347, 0.5, 0.879, 1.269, 0.415, 0.271, 0.515, 0.585, 0.697, 0.839, 0.29, 0.256, 0.296, 0.291, 0.403, 0.356], "d0": "0", "d5": "0", "d11": "0.433", "tick": "315705", "goal": "0", "here": "0", "t": 1789617518.98}
{"x": -1.825, "y": 11.109, "h": 295.8, "scan": [0.367, 0.539, 1.097, 1.245, 0.384, 0.287, 0.574, 0.651, 0.75, 1.029, 0.248, 0.317, 0.249, 0.425, 0.383, 0.294], "d0": "0", "d5": "0", "d11": "0.392", "tick": "315749", "goal": "0", "here": "0", "t": 1789617519.42}
{"x": -1.857, "y": 11.127, "h": 301.3, "scan": [0.352, 0.503, 1.253, 1.217, 0.395, 0.29, 0.686, 0.766, 0.879, 1.326, 0.312, 0.281, 0.342, 0.361, 0.311, 0.239], "d0": "0", "d5": "0", "d11": "0.401", "tick": "315790", "goal": "0", "here": "0", "t": 1789617519.83}
{"x": -1.889, "y": 11.152, "h": 308.9, "scan": [0.341, 0.664, 1.157, 1.251, 0.39, 0.319, 0.689, 0.796, 0.951, 0.356, 0.344, 0.287, 0.413, 0.336, 0.282, 0.281], "d0": "0", "d5": "0", "d11": "0.390", "tick": "315831", "goal": "0", "here": "0", "t": 1789617520.27}
{"x": -1.919, "y": 11.18, "h": 316.7, "scan": [0.396, 0.741, 1.174, 0.631, 0.346, 0.331, 0.698, 0.851, 1.115, 0.369, 0.322, 0.377, 0.362, 0.286, 0.205, 0.276], "d0": "0", "d5": "0", "d11": "0.386", "tick": "315878", "goal": "0", "here": "0", "t": 1789617520.71}
{"x": -1.944, "y": 11.209, "h": 322.4, "scan": [0.393, 0.953, 1.178, 0.397, 0.327, 0.347, 0.712, 0.884, 1.291, 0.411, 0.299, 0.401, 0.336, 0.213, 0.208, 0.268], "d0": "0", "d5": "0", "d11": "0.378", "tick": "315919", "goal": "0", "here": "0", "t": 1789617521.12}
{"x": -1.967, "y": 11.242, "h": 328.8, "scan": [0.355, 1.042, 1.115, 0.392, 0.339, 0.37, 0.816, 1.043, 0.442, 0.447, 0.384, 0.373, 0.231, 0.164, 0.195, 0.224], "d0": "0", "d5": "0", "d11": "0.386", "tick": "315963", "goal": "0", "here": "0", "t": 1789617521.56}
{"x": -1.986, "y": 11.278, "h": 334.3, "scan": [0.367, 1.033, 1.117, 0.402, 0.336, null, 0.901, 1.093, null, 0.393, 0.461, 0.318, 0.168, 0.161, 0.193, 0.292], "d0": "0", "d5": "0", "d11": "0.396", "tick": "316007", "goal": "0", "here": "0", "t": 1789617522.0}
{"x": -2.003, "y": 11.32, "h": 338.7, "scan": [0.61, 1.039, 1.186, 0.363, 0.315, 0.418, 0.961, 1.255, 0.51, 0.425, 0.413, 0.193, 0.159, 0.16, 0.195, 0.262], "d0": "0", "d5": "0", "d11": "0.387", "tick": "316056", "goal": "0", "here": "0", "t": 1789617522.5}
{"x": -2.014, "y": 11.359, "h": 346.9, "scan": [0.828, 1.069, 1.195, 0.348, 0.345, 0.458, 0.995, 1.498, 0.549, 0.521, 0.394, 0.167, 0.162, 0.141, 0.21, 0.273], "d0": "0", "d5": "0", "d11": "0.380", "tick": "316100", "goal": "0", "here": "0", "t": 1789617522.94}
{"x": -2.022, "y": 11.401, "h": 349.2, "scan": [0.984, 1.035, 1.203, 0.356, 0.345, 0.81, 1.05, 0.6, 0.516, 0.552, 0.2, 0.167, 0.14, 0.184, 0.212, 0.264], "d0": "0", "d5": "0", "d11": "0.380", "tick": "316147", "goal": "0", "here": "0", "t": 1789617523.4}
{"x": -2.026, "y": 11.44, "h": 357.2, "scan": [0.91, 0.984, 0.502, 0.297, 0.343, 0.829, 1.198, 0.587, 0.502, 0.508, 0.195, 0.179, 0.153, 0.167, 0.207, 0.433], "d0": "0", "d5": "0", "d11": "0.401", "tick": "316189", "goal": "0", "here": "0", "t": 1789617523.82}
{"x": -2.027, "y": 11.481, "h": 1.0, "scan": [0.868, 0.975, 0.486, 0.308, 0.353, 0.317, 1.201, 0.625, 0.557, 0.488, 0.205, 0.174, 0.171, 0.169, 0.187, 0.452], "d0": "0", "d5": "0", "d11": "0.397", "tick": "316233", "goal": "0", "here": "0", "t": 1789617524.26}
{"x": -2.028, "y": 11.521, "h": 0.8, "scan": [0.834, 0.946, 1.246, 0.323, 0.357, 0.332, 1.233, 0.654, 0.602, 0.28, 0.201, 0.15, 0.178, 0.157, 0.207, 0.479], "d0": "0", "d5": "0", "d11": "0.397", "tick": "316277", "goal": "0", "here": "0", "t": 1789617524.7}
{"x": -2.026, "y": 11.559, "h": 1.0, "scan": [0.802, 0.913, 1.296, 0.323, 0.35, 0.338, 1.252, 0.681, 0.663, 0.314, 0.217, 0.161, 0.137, 0.151, 0.309, 0.614], "d0": "0", "d5": "0", "d11": "0.435", "tick": "316317", "goal": "0", "here": "0", "t": 1789617525.11}
{"x": -2.024, "y": 11.595, "h": 6.5, "scan": [0.796, 0.921, 1.32, 0.342, 0.328, 0.339, 1.326, 0.732, 0.704, 0.312, 0.208, 0.148, 0.125, 0.149, 0.308, 0.628], "d0": "0", "d5": "0", "d11": "0.453", "tick": "316358", "goal": "0", "here": "0", "t": 1789617525.51}
{"x": -2.017, "y": 11.633, "h": 8.6, "scan": [0.832, 0.953, 0.398, 0.347, 0.303, 0.368, 1.491, 0.777, 0.752, null, 0.237, 0.155, 0.133, 0.23, 0.344, 0.709], "d0": "0", "d5": "0", "d11": "0.452", "tick": "316399", "goal": "0", "here": "0", "t": 1789617525.93}
{"x": -2.009, "y": 11.67, "h": 15.0, "scan": [0.798, 0.967, 0.379, 0.353, 0.295, 0.37, 1.763, 0.815, 0.684, 0.302, 0.206, 0.148, 0.152, 0.268, 0.391, 0.743], "d0": "0", "d5": "0", "d11": "0.451", "tick": "316438", "goal": "0", "here": "0", "t": 1789617526.34}
{"x": -1.995, "y": 11.711, "h": 15.8, "scan": [0.759, 0.931, 1.559, 0.346, 0.264, 0.405, 1.838, null, 0.484, 0.291, 0.176, 0.156, 0.218, 0.279, 0.489, 0.67], "d0": "0", "d5": "0", "d11": "0.467", "tick": "316484", "goal": "0", "here": "0", "t": 1789617526.81}
{"x": -1.984, "y": 11.748, "h": 20.2, "scan": [0.712, 0.905, 1.519, 0.342, 0.275, 0.384, 1.894, null, null, 0.304, 0.173, 0.207, 0.256, 0.307, 0.505, 0.617], "d0": "0", "d5": "0", "d11": "0.471", "tick": "316528", "goal": "0", "here": "0", "t": 1789617527.22}
{"x": -1.97, "y": 11.789, "h": 19.0, "scan": [0.66, 0.879, 1.51, 0.299, 0.287, 0.414, 1.926, 0.84, 0.505, 0.318, 0.187, 0.239, 0.254, 0.3, 0.506, null], "d0": "0", "d5": "0", "d11": "0.455", "tick": "316572", "goal": "0", "here": "0", "t": 1789617527.69}
{"x": -1.957, "y": 11.825, "h": 21.7, "scan": [0.641, 0.835, 1.487, 0.289, 0.288, 0.413, 1.943, 0.878, 0.558, 0.33, 0.231, 0.264, 0.261, 0.355, 0.509, 0.554], "d0": "0", "d5": "0", "d11": "0.461", "tick": "316617", "goal": "0", "here": "0", "t": 1789617528.1}
{"x": -1.942, "y": 11.862, "h": 21.5, "scan": [0.624, 0.82, 1.457, 0.262, 0.311, 0.294, 1.961, 0.933, 0.554, 0.307, 0.276, 0.272, 0.279, 0.401, 0.493, 0.528], "d0": "0", "d5": "0", "d11": "0.490", "tick": "316659", "goal": "0", "here": "0", "t": 1789617528.52}
{"x": -1.929, "y": 11.897, "h": 20.4, "scan": [0.596, 0.775, 1.387, 0.45, null, 0.279, 1.978, 0.983, 0.611, 0.285, 0.295, 0.288, 0.284, 0.402, 0.522, 0.517], "d0": "0", "d5": "0", "d11": "0.517", "tick": "316699", "goal": "0", "here": "0", "t": 1789617528.93}
{"x": -1.912, "y": 11.934, "h": 26.6, "scan": [0.576, 0.753, 1.434, 0.44, 0.283, 0.288, 2.166, 0.951, 0.572, 0.307, 0.334, 0.283, 0.323, 0.41, 0.521, 0.525], "d0": "0", "d5": "0", "d11": "0.556", "tick": "316743", "goal": "0", "here": "0", "t": 1789617529.37}
{"x": -1.893, "y": 11.972, "h": 27.8, "scan": [null, 0.719, 1.455, 0.44, 0.256, 0.3, 2.155, 0.993, 0.555, 0.345, null, 0.298, 0.352, 0.427, 0.451, 0.508], "d0": "0", "d5": "0", "d11": "0.543", "tick": "316788", "goal": "0", "here": "0", "t": 1789617529.84}
{"x": -1.871, "y": 12.01, "h": 29.5, "scan": [0.471, 0.682, 1.375, 0.825, 0.23, 0.333, 0.563, 1.005, 0.592, 0.392, 0.348, 0.314, 0.378, 0.435, 0.408, 0.479], "d0": "0", "d5": "0", "d11": "0.567", "tick": "316836", "goal": "0", "here": "0", "t": 1789617530.3}
{"x": -1.853, "y": 12.047, "h": 26.3, "scan": [0.45, 0.637, 1.324, 0.85, 0.334, 0.34, 0.559, 1.038, 0.646, 0.423, 0.337, 0.34, 0.396, 0.452, 0.384, 0.454], "d0": "0", "d5": "0", "d11": "0.559", "tick": "316881", "goal": "0", "here": "0", "t": 1789617530.74}
{"x": -1.832, "y": 12.08, "h": 35.3, "scan": [0.453, 0.653, 1.703, 0.775, 0.337, 0.356, 2.218, 1.174, 0.618, 0.442, 0.364, 0.411, 0.375, 0.409, 0.377, 0.406], "d0": "0", "d5": "0", "d11": "0.514", "tick": "316924", "goal": "0", "here": "0", "t": 1789617531.18}
{"x": -1.806, "y": 12.113, "h": 41.1, "scan": [0.49, 0.745, 1.62, 0.457, 0.339, 0.369, 1.118, 1.124, 0.48, 0.425, 0.378, 0.405, 0.417, 0.335, 0.382, 0.35], "d0": "0", "d5": "0", "d11": "0.482", "tick": "316969", "goal": "0", "here": "0", "t": 1789617531.62}
{"x": -1.779, "y": 12.143, "h": 45.5, "scan": [0.512, 0.885, 1.643, 0.422, 0.33, 0.39, 1.223, 0.861, 0.506, 0.424, 0.423, 0.42, 0.406, 0.35, 0.347, 0.328], "d0": "0", "d5": "0", "d11": "0.482", "tick": "317013", "goal": "0", "here": "0", "t": 1789617532.06}
{"x": -1.743, "y": 12.171, "h": 53.7, "scan": [0.501, 1.218, null, 0.373, 0.332, 0.401, 1.172, 0.779, 0.546, 0.439, 0.427, 0.426, 0.329, 0.324, 0.309, 0.334], "d0": "0", "d5": "0", "d11": "0.445", "tick": "317063", "goal": "0", "here": "0", "t": 1789617532.56}
{"x": -1.711, "y": 12.193, "h": 57.0, "scan": [0.518, 1.472, 1.023, 0.374, 0.34, 0.413, 1.254, 0.748, 0.554, 0.482, 0.456, 0.432, 0.336, 0.319, 0.292, 0.362], "d0": "0", "d5": "0", "d11": "0.440", "tick": "317103", "goal": "0", "here": "0", "t": 1789617532.97}
{"x": -1.677, "y": 12.21, "h": 65.5, "scan": [0.605, 1.507, 0.708, 0.365, 0.331, 0.457, 1.313, 0.625, 0.531, 0.525, 0.469, 0.329, 0.337, 0.256, 0.283, 0.389], "d0": "0", "d5": "0", "d11": "0.443", "tick": "317145", "goal": "0", "here": "0", "t": 1789617533.39}
{"x": -1.643, "y": 12.224, "h": 71.7, "scan": [0.754, 1.518, 0.652, 0.344, 0.339, 0.455, 1.212, 0.656, 0.529, 0.543, 0.501, 0.345, 0.313, 0.246, 0.283, 0.411], "d0": "0", "d5": "0", "d11": "0.426", "tick": "317186", "goal": "0", "here": "0", "t": 1789617533.8}
{"x": -1.603, "y": 12.235, "h": 75.9, "scan": [0.762, 1.496, 0.598, 0.337, 0.338, 0.478, 1.012, 0.683, 0.584, 0.543, 0.414, 0.344, 0.25, 0.225, 0.308, 0.366], "d0": "0", "d5": "0", "d11": "0.433", "tick": "317227", "goal": "0", "here": "0", "t": 1789617534.24}
{"x": -1.565, "y": 12.243, "h": 77.9, "scan": [1.086, 2.433, 0.546, null, 0.336, 0.501, 0.992, 0.714, 0.617, 0.526, 0.373, 0.307, 0.209, 0.242, 0.312, 0.369], "d0": "0", "d5": "0", "d11": "0.455", "tick": "317274", "goal": "0", "here": "0", "t": 1789617534.68}
{"x": -1.524, "y": 12.25, "h": 82.0, "scan": [1.289, 2.506, 0.503, 0.316, 0.328, 0.34, 0.949, 0.733, 0.65, 0.586, 0.387, 0.261, 0.221, 0.239, 0.303, 0.438], "d0": "0", "d5": "0", "d11": "0.486", "tick": "317318", "goal": "0", "here": "0", "t": 1789617535.11}
{"x": -1.484, "y": 12.255, "h": 85.7, "scan": [1.388, 2.492, 0.478, null, 0.344, 0.326, 0.962, 0.757, 0.676, 0.635, 0.403, 0.233, 0.224, 0.266, 0.272, 0.534], "d0": "0", "d5": "0", "d11": "0.506", "tick": "317362", "goal": "0", "here": "0", "t": 1789617535.55}
{"x": -1.441, "y": 12.258, "h": 85.6, "scan": [1.309, 2.374, 0.452, 0.287, 0.311, 0.352, 0.983, 0.772, 0.727, 0.523, null, 0.246, 0.248, 0.276, 0.28, 0.561], "d0": "0", "d5": "0", "d11": "0.510", "tick": "317407", "goal": "0", "here": "0", "t": 1789617536.01}
{"x": -1.401, "y": 12.26, "h": 90.1, "scan": [1.245, 0.811, 0.445, 0.325, 0.293, 0.368, 1.0, 0.803, 0.736, 0.518, 0.305, 0.244, 0.252, 0.25, 0.286, 0.543], "d0": "0", "d5": "0", "d11": "0.515", "tick": "317451", "goal": "0", "here": "0", "t": 1789617536.45}
{"x": -1.362, "y": 12.259, "h": 92.7, "scan": [1.24, 0.739, 0.429, 0.322, 0.272, 0.389, 1.026, 0.806, 0.762, 0.532, 0.319, 0.256, 0.255, 0.228, 0.297, 0.538], "d0": "0", "d5": "0", "d11": "0.509", "tick": "317493", "goal": "0", "here": "0", "t": 1789617536.86}
{"x": -1.324, "y": 12.257, "h": 92.6, "scan": [1.229, 0.699, 0.419, 0.35, 0.268, 0.377, 1.051, 0.845, 0.777, 0.539, 0.281, 0.268, 0.248, 0.215, 0.319, 0.533], "d0": "0", "d5": "0", "d11": "0.513", "tick": "317534", "goal": "0", "here": "0", "t": 1789617537.29}
{"x": -1.282, "y": 12.253, "h": 95.0, "scan": [1.206, 0.661, 0.399, 0.344, 0.271, 0.373, 1.047, 0.878, 0.815, 0.547, 0.298, 0.25, 0.231, 0.238, 0.373, 0.787], "d0": "0", "d5": "0", "d11": "0.495", "tick": "317579", "goal": "0", "here": "0", "t": 1789617537.73}
{"x": -1.241, "y": 12.249, "h": 99.6, "scan": [1.19, 0.611, 0.388, 0.338, 0.283, 0.379, 1.076, 0.902, 0.818, 0.543, 0.311, 0.26, 0.215, 0.252, 0.399, 0.797], "d0": "0", "d5": "0", "d11": "0.471", "tick": "317625", "goal": "0", "here": "0", "t": 1789617538.18}
{"x": -1.203, "y": 12.243, "h": 103.0, "scan": [1.16, null, 0.373, 0.32, 0.297, 0.313, 1.108, 0.93, 0.865, 0.458, 0.323, 0.235, 0.199, 0.272, 0.409, 0.759], "d0": "0", "d5": "0", "d11": "0.442", "tick": "317665", "goal": "0", "here": "0", "t": 1789617538.59}
{"x": -1.168, "y": 12.237, "h": 99.0, "scan": [1.099, 0.553, 0.347, 0.329, 0.301, 0.313, 1.121, 0.942, 0.876, 0.442, 0.352, 0.223, 0.227, 0.288, 0.377, 0.957], "d0": "0", "d5": "0", "d11": "0.425", "tick": "317703", "goal": "0", "here": "0", "t": 1789617538.99}
{"x": -1.128, "y": 12.23, "h": 100.4, "scan": [1.062, 0.522, 0.317, 0.294, 0.302, null, 1.125, 0.969, 0.93, 0.435, 0.306, 0.217, 0.223, 0.336, 0.378, 1.073], "d0": "0", "d5": "0", "d11": "0.401", "tick": "317748", "goal": "0", "here": "0", "t": 1789617539.42}
{"x": -1.088, "y": 12.22, "h": 104.1, "scan": [2.029, 0.494, 0.311, 0.269, 0.291, 0.314, 0.568, 0.986, 0.982, 0.421, 0.292, 0.232, 0.256, 0.342, 0.525, 1.03], "d0": "0", "d5": "0", "d11": "0.382", "tick": "317792", "goal": "0", "here": "0", "t": 1789617539.86}
{"x": -1.048, "y": 12.211, "h": 103.1, "scan": [2.032, 0.47, 0.267, 0.278, 0.301, 0.31, 0.549, 1.027, 0.858, 0.464, 0.263, 0.246, 0.287, 0.317, 0.545, 0.984], "d0": "0", "d5": "0", "d11": "0.376", "tick": "317836", "goal": "0", "here": "0", "t": 1789617540.3}
{"x": -1.012, "y": 12.201, "h": 105.5, "scan": [1.975, 0.431, 0.245, 0.273, 0.296, 0.319, null, 1.068, 0.886, 0.465, 0.28, 0.248, 0.325, 0.305, 0.573, 0.95], "d0": "0", "d5": "0", "d11": "0.387", "tick": "317877", "goal": "0", "here": "0", "t": 1789617540.7}
{"x": -0.975, "y": 12.192, "h": 102.6, "scan": [0.948, 0.429, 0.255, 0.253, 0.278, 0.327, 0.559, 1.104, 1.068, 0.501, 0.308, 0.269, 0.31, 0.292, 0.554, 0.94], "d0": "0", "d5": "0", "d11": "0.392", "tick": "317914", "goal": "0", "here": "0", "t": 1789617541.11}
{"x": -0.935, "y": 12.184, "h": 100.1, "scan": [0.922, 1.405, 0.356, null, 0.249, 0.309, 0.373, 1.18, 1.107, 0.559, 0.327, 0.302, 0.301, 0.279, 0.53, 0.927], "d0": "0", "d5": "0", "d11": "0.369", "tick": "317962", "goal": "0", "here": "0", "t": 1789617541.55}
{"x": -0.892, "y": 12.179, "h": 93.9, "scan": [0.882, 1.622, 0.347, 0.199, 0.217, 0.271, 0.382, 1.238, 1.175, 0.621, 0.33, 0.299, 0.299, 0.283, 0.47, 0.77], "d0": "0", "d5": "0", "d11": "0.380", "tick": "318009", "goal": "0", "here": "0", "t": 1789617542.03}
{"x": -0.853, "y": 12.178, "h": 90.9, "scan": [0.824, 1.715, 0.326, 0.3, 0.191, 0.269, 0.396, 0.699, 1.21, 0.699, 0.364, 0.324, 0.309, 0.277, 0.436, 0.705], "d0": "0", "d5": "0", "d11": "0.387", "tick": "318050", "goal": "0", "here": "0", "t": 1789617542.44}
{"x": -0.811, "y": 12.178, "h": 88.7, "scan": [0.747, 1.908, 0.339, 0.323, 0.209, 0.221, 0.332, 0.458, 1.261, 0.952, 0.387, 0.317, 0.293, 0.268, 0.417, 0.661], "d0": "0", "d5": "0", "d11": "0.394", "tick": "318095", "goal": "0", "here": "0", "t": 1789617542.88}
{"x": -0.774, "y": 12.179, "h": 88.4, "scan": [0.743, 1.857, 1.238, 0.296, 0.268, 0.195, 0.337, 0.467, 1.264, 0.997, 0.415, 0.367, 0.272, 0.281, 0.404, 0.629], "d0": "0", "d5": "0", "d11": "0.393", "tick": "318135", "goal": "0", "here": "0", "t": 1789617543.29}
{"x": -0.734, "y": 12.182, "h": 86.4, "scan": [0.708, 1.838, 1.215, 0.262, 0.292, 0.228, 0.334, 0.504, 1.318, 0.998, 0.413, 0.357, 0.241, 0.317, 0.399, 0.63], "d0": "0", "d5": "0", "d11": "0.379", "tick": "318177", "goal": "0", "here": "0", "t": 1789617543.73}
{"x": -0.695, "y": 12.185, "h": 85.3, "scan": [0.657, 1.797, 1.198, 0.257, 0.284, 0.252, 0.291, 0.525, 1.361, 0.841, 0.402, 0.334, 0.226, 0.319, 0.391, 0.588], "d0": "0", "d5": "0", "d11": "0.351", "tick": "318221", "goal": "0", "here": "0", "t": 1789617544.14}
{"x": -0.656, "y": 12.187, "h": 85.7, "scan": [0.643, 0.668, 1.185, 0.279, 0.265, 0.279, 0.271, 0.532, 1.371, 0.876, 0.402, 0.291, 0.249, 0.322, 0.368, 0.545], "d0": "0", "d5": "0", "d11": "0.360", "tick": "318263", "goal": "0", "here": "0", "t": 1789617544.56}
{"x": -0.616, "y": 12.19, "h": 87.1, "scan": [0.578, 0.632, 1.16, 0.808, 0.257, 0.307, 0.28, 0.585, 1.413, 0.854, 0.442, 0.253, 0.271, 0.317, 0.357, 0.499], "d0": "0", "d5": "0", "d11": "0.356", "tick": "318306", "goal": "0", "here": "0", "t": 1789617544.99}
{"x": -0.574, "y": 12.193, "h": 86.6, "scan": [0.543, 0.603, 1.151, 0.825, 0.244, 0.313, 0.301, 0.598, 1.448, 0.875, 0.464, 0.268, 0.294, 0.299, 0.316, 0.473], "d0": "0", "d5": "0", "d11": "0.381", "tick": "318350", "goal": "0", "here": "0", "t": 1789617545.44}
{"x": -0.534, "y": 12.196, "h": 87.8, "scan": [0.524, 0.554, 1.132, 0.873, 0.257, 0.307, 0.338, 0.601, 1.485, 0.899, 0.462, 0.267, 0.313, 0.316, 0.298, 0.479], "d0": "0", "d5": "0", "d11": "0.342", "tick": "318393", "goal": "0", "here": "0", "t": 1789617545.9}
{"x": -0.493, "y": 12.198, "h": 94.3, "scan": [0.496, 1.699, 1.082, 0.781, 0.392, 0.311, 0.342, 0.709, 1.516, 0.602, 0.304, 0.296, 0.277, null, 0.421, 0.539], "d0": "0", "d5": "0", "d11": "0.354", "tick": "318438", "goal": "0", "here": "0", "t": 1789617546.35}
{"x": -0.451, "y": 12.193, "h": 100.7, "scan": [0.501, 1.42, 1.034, 0.75, 0.383, 0.358, 0.372, 1.619, 1.521, 0.541, 0.32, 0.331, 0.285, 0.281, 0.378, 0.464], "d0": "0", "d5": "0", "d11": "0.358", "tick": "318485", "goal": "0", "here": "0", "t": 1789617546.78}
{"x": -0.411, "y": 12.183, "h": 104.8, "scan": [0.471, 1.189, 0.87, 0.745, 0.382, 0.359, 0.442, 1.587, 1.005, 0.372, 0.344, 0.323, 0.243, 0.369, null, 0.426], "d0": "0", "d5": "0", "d11": "0.370", "tick": "318529", "goal": "0", "here": "0", "t": 1789617547.23}
{"x": -0.376, "y": 12.17, "h": 114.9, "scan": [0.431, 0.999, 0.839, 0.738, 0.294, 0.411, 0.685, 1.628, 0.704, 0.383, 0.362, 0.285, 0.342, 0.35, 0.424, 0.414], "d0": "0", "d5": "0", "d11": "0.387", "tick": "318570", "goal": "0", "here": "0", "t": 1789617547.64}
{"x": -0.338, "y": 12.15, "h": 121.5, "scan": [1.476, 0.968, 0.755, 0.719, 0.342, 0.446, 0.802, 1.61, 0.659, 0.409, 0.335, 0.282, 0.367, 0.417, 0.355, 0.401], "d0": "0", "d5": "0", "d11": "0.433", "tick": "318613", "goal": "0", "here": "0", "t": 1789617548.1}
{"x": -0.305, "y": 12.129, "h": 125.4, "scan": [1.265, 0.883, 0.686, 0.7, 0.342, 0.439, 1.742, 1.434, 0.488, 0.414, 0.309, 0.373, 0.329, 0.386, 0.351, 0.341], "d0": "0", "d5": "0", "d11": "0.426", "tick": "318659", "goal": "0", "here": "0", "t": 1789617548.53}
{"x": -0.274, "y": 12.102, "h": 130.7, "scan": [1.076, 0.794, 0.643, 0.632, 0.332, 0.452, 1.701, 1.116, 0.478, 0.41, 0.311, 0.387, 0.41, 0.304, 0.333, 0.333], "d0": "0", "d5": "0", "d11": "0.461", "tick": "318704", "goal": "0", "here": "0", "t": 1789617548.97}
{"x": -0.248, "y": 12.075, "h": 140.4, "scan": [0.892, 0.72, 0.656, 0.553, 0.332, 0.493, 1.75, 0.835, 0.51, 0.427, 0.375, 0.344, 0.368, 0.316, 0.298, 1.433], "d0": "0", "d5": "0", "d11": "0.476", "tick": "318745", "goal": "0", "here": "0", "t": 1789617549.39}
{"x": -0.219, "y": 12.039, "h": 143.8, "scan": [0.824, 0.673, 0.63, 0.545, 0.345, 0.484, 1.732, 0.8, 0.534, 0.365, 0.421, 0.424, 0.306, 0.283, 0.292, 1.173], "d0": "0", "d5": "0", "d11": "0.484", "tick": "318795", "goal": "0", "here": "0", "t": 1789617549.89}
{"x": -0.196, "y": 12.003, "h": 149.1, "scan": [0.756, 0.602, 0.624, 0.376, 0.34, 0.551, 1.551, 0.647, 0.537, 0.425, 0.384, 0.358, 0.273, 0.249, 1.257, 0.961], "d0": "0", "d5": "0", "d11": "0.487", "tick": "318841", "goal": "0", "here": "0", "t": 1789617550.35}
{"x": -0.178, "y": 11.967, "h": 156.6, "scan": [0.636, 0.557, 0.589, 0.355, 0.333, 1.806, 1.263, 0.615, 0.516, 0.517, 0.443, 0.299, 0.265, 0.232, 1.352, 0.786], "d0": "0", "d5": "0", "d11": "0.482", "tick": "318885", "goal": "0", "here": "0", "t": 1789617550.79}
{"x": -0.165, "y": 11.931, "h": 159.3, "scan": [0.597, 0.511, 0.565, 0.345, 0.34, 1.821, 1.194, 0.662, 0.507, 0.493, 0.499, 0.303, 0.233, 0.358, 1.1, 0.743], "d0": "0", "d5": "0", "d11": "0.505", "tick": "318927", "goal": "0", "here": "0", "t": 1789617551.2}
{"x": -0.155, "y": 11.896, "h": 165.4, "scan": [0.544, 0.473, 0.558, 0.334, 0.337, 1.852, 0.983, 0.686, 0.493, 0.488, 0.349, 0.301, 0.213, 1.172, 1.015, 0.68], "d0": "0", "d5": "0", "d11": "0.494", "tick": "318966", "goal": "0", "here": "0", "t": 1789617551.6}
{"x": -0.146, "y": 11.856, "h": 170.7, "scan": [0.498, 0.457, 0.543, 0.325, 0.346, 1.83, 0.95, 0.717, 0.549, 0.522, 0.345, 0.241, 0.324, 1.241, 0.849, 0.623], "d0": "0", "d5": "0", "d11": "0.548", "tick": "319008", "goal": "0", "here": "0", "t": 1789617552.05}
{"x": -0.141, "y": 11.818, "h": 172.6, "scan": [0.449, 0.434, 0.518, 0.327, 0.322, 1.863, 0.965, 0.716, 0.637, 0.585, 0.34, 0.242, 1.751, 1.277, 0.653, 0.528], "d0": "0", "d5": "0", "d11": "0.579", "tick": "319052", "goal": "0", "here": "0", "t": 1789617552.46}
{"x": -0.137, "y": 11.78, "h": 174.3, "scan": [0.394, 0.4, 0.489, 0.337, 0.332, 1.709, 0.968, 0.71, 0.655, 0.457, 0.322, 0.322, 1.174, 1.043, 0.604, 0.464], "d0": "0", "d5": "0", "d11": "0.615", "tick": "319094", "goal": "0", "here": "0", "t": 1789617552.88}
{"x": -0.137, "y": 11.742, "h": 181.2, "scan": [0.356, 0.391, 0.422, 0.315, 0.323, 1.68, 0.942, 0.73, 0.644, 0.429, 0.274, 0.377, 1.133, 0.928, 0.558, 0.422], "d0": "0", "d5": "0", "d11": "0.639", "tick": "319135", "goal": "0", "here": "0", "t": 1789617553.29}
{"x": -0.14, "y": 11.702, "h": 186.2, "scan": [0.293, 0.388, 0.387, 0.331, 0.322, 1.419, 0.842, 0.699, 0.651, 0.443, 0.342, 0.67, 1.209, 0.638, 0.496, 0.367], "d0": "0", "d5": "0", "d11": "0.671", "tick": "319179", "goal": "0", "here": "0", "t": 1789617553.73}
{"x": -0.146, "y": 11.662, "h": 191.0, "scan": [0.269, null, 0.369, 0.333, 0.292, 0.371, 0.847, 0.71, 0.711, 0.386, 0.398, 1.815, 1.252, 0.573, 0.387, 0.316], "d0": "0", "d5": "0", "d11": "0.689", "tick": "319223", "goal": "0", "here": "0", "t": 1789617554.16}
{"x": -0.154, "y": 11.624, "h": 193.4, "scan": [0.231, 0.324, 0.321, 0.355, 0.28, 0.399, 0.897, 0.748, 0.744, 0.341, 0.43, 1.202, 0.97, 0.531, 0.348, 0.269], "d0": "0", "d5": "0", "d11": "0.711", "tick": "319264", "goal": "0", "here": "0", "t": 1789617554.58}
{"x": -0.156, "y": 11.607, "h": 177.3, "scan": [0.228, 0.21, 0.337, 0.324, 0.328, 0.283, 1.172, 0.89, 0.793, 0.573, 0.398, 0.542, 1.14, 0.831, 0.491, 0.322], "d0": "0", "d5": "0", "d11": "0.704", "tick": "319311", "goal": "0", "here": "0", "t": 1789617555.05}
{"x": -0.154, "y": 11.596, "h": 157.7, "scan": [0.283, 0.218, 0.234, 0.339, 0.34, 0.302, 0.344, 1.107, 0.893, 0.819, 0.543, 0.452, 0.743, 1.209, 0.568, 0.41], "d0": "0", "d5": "0", "d11": "0.671", "tick": "319352", "goal": "0", "here": "0", "t": 1789617555.46}
{"x": -0.14, "y": 11.574, "h": 148.3, "scan": [0.294, 0.241, 0.182, 0.255, 0.347, 0.352, 0.302, null, 0.929, 0.785, 0.797, null, 0.484, 1.216, 0.969, 0.487], "d0": "0", "d5": "0", "d11": "0.636", "tick": "319394", "goal": "0", "here": "0", "t": 1789617555.87}
{"x": -0.122, "y": 11.552, "h": 134.1, "scan": [0.385, 0.265, 0.2, 0.173, 0.275, 0.363, 0.361, 0.312, 0.445, 0.949, 0.869, 0.547, 0.442, 1.843, 1.151, 0.548], "d0": "0", "d5": "0", "d11": "0.619", "tick": "319435", "goal": "0", "here": "0", "t": 1789617556.28}
{"x": -0.092, "y": 11.529, "h": 122.1, "scan": [0.431, 0.248, 0.215, 0.171, 0.161, 0.313, 0.372, 0.377, 0.449, 1.023, 0.826, 0.843, 0.443, 0.515, 1.162, 0.95], "d0": "0", "d5": "0", "d11": "0.572", "tick": "319475", "goal": "0", "here": "0", "t": 1789617556.69}
{"x": -0.054, "y": 11.511, "h": 108.9, "scan": [0.458, 0.331, 0.232, 0.198, 0.169, 0.183, 0.36, 0.416, 0.383, 1.243, 0.985, 0.843, 0.411, 0.444, 1.835, 1.129], "d0": "0", "d5": "0", "d11": "0.596", "tick": "319520", "goal": "0", "here": "0", "t": 1789617557.13}
{"x": -0.015, "y": 11.5, "h": 100.8, "scan": [0.795, 0.361, 0.233, 0.185, 0.193, 0.158, 0.213, 0.428, 0.432, 0.523, 1.032, 0.908, 0.547, 0.431, 0.638, 1.065], "d0": "0", "d5": "0", "d11": "0.600", "tick": "319561", "goal": "0", "here": "0", "t": 1789617557.58}
{"x": 0.023, "y": 11.497, "h": 91.9, "scan": [1.077, 0.363, 0.28, 0.183, 0.181, 0.188, 0.196, 0.425, 0.491, 0.512, 1.225, 0.871, 0.638, 0.41, 0.552, 1.117], "d0": "0", "d5": "0", "d11": "0.578", "tick": "319605", "goal": "0", "here": "0", "t": 1789617557.98}
{"x": 0.062, "y": 11.497, "h": 86.4, "scan": [1.037, 0.394, 0.291, 0.228, 0.188, 0.187, 0.224, 0.269, 0.504, 0.5, 1.283, 0.975, 0.829, 0.395, 0.49, 1.731], "d0": "0", "d5": "0", "d11": "0.586", "tick": "319647", "goal": "0", "here": "0", "t": 1789617558.41}
{"x": 0.103, "y": 11.501, "h": 83.5, "scan": [0.957, 0.666, 0.292, 0.243, 0.168, 0.195, 0.252, 0.25, 0.525, 0.524, 1.373, 1.032, 0.818, 0.371, 0.44, 1.73], "d0": "0", "d5": "0", "d11": "0.561", "tick": "319691", "goal": "0", "here": "0", "t": 1789617558.84}
{"x": 0.144, "y": 11.508, "h": 80.9, "scan": [0.894, 0.693, 0.29, 0.268, 0.21, 0.218, 0.202, 0.291, 0.56, 0.565, 1.597, 1.079, 0.823, 0.372, 0.393, 1.417], "d0": "0", "d5": "0", "d11": "0.541", "tick": "319735", "goal": "0", "here": "0", "t": 1789617559.28}
{"x": 0.183, "y": 11.517, "h": 76.8, "scan": [0.887, 0.873, 0.295, 0.255, 0.243, 0.194, 0.235, 0.313, 0.622, 0.6, 1.684, 1.098, 0.381, 0.362, 0.388, 1.37], "d0": "0", "d5": "0", "d11": "0.546", "tick": "319776", "goal": "0", "here": "0", "t": 1789617559.72}
{"x": 0.222, "y": 11.526, "h": 77.5, "scan": [0.859, 0.905, 0.356, 0.24, 0.253, 0.253, 0.233, 0.317, 0.614, 0.637, 1.716, 1.107, 0.364, 0.332, 0.398, 1.37], "d0": "0", "d5": "0", "d11": "0.512", "tick": "319820", "goal": "0", "here": "0", "t": 1789617560.16}
{"x": 0.259, "y": 11.537, "h": 69.8, "scan": [0.865, 0.867, 0.405, 0.24, 0.223, 0.26, 0.243, 0.33, 0.635, 0.671, 1.787, 1.119, 0.38, 0.301, 0.369, 1.322], "d0": "0", "d5": "0", "d11": "0.482", "tick": "319862", "goal": "0", "here": "0", "t": 1789617560.56}
{"x": 0.302, "y": 11.551, "h": 71.8, "scan": [0.828, 0.837, 0.524, 0.249, 0.229, 0.236, 0.279, 0.335, 0.473, 0.719, 1.916, 1.137, 0.354, 0.31, 0.359, 1.149], "d0": "0", "d5": "0", "d11": "0.465", "tick": "319911", "goal": "0", "here": "0", "t": 1789617561.04}
{"x": 0.339, "y": 11.566, "h": 65.5, "scan": [0.826, null, 0.538, 0.308, 0.225, 0.252, 0.301, 0.319, 0.503, 0.78, 2.107, 1.172, 0.362, 0.266, 0.346, 1.095], "d0": "0", "d5": "0", "d11": "0.445", "tick": "319954", "goal": "0", "here": "0", "t": 1789617561.47}
{"x": 0.377, "y": 11.581, "h": 67.3, "scan": [1.344, 0.743, 0.512, 0.344, 0.218, 0.257, 0.304, 0.342, 0.489, 0.796, 2.166, 1.182, 0.322, 0.255, 0.325, 1.029], "d0": "0", "d5": "0", "d11": "0.417", "tick": "319998", "goal": "0", "here": "0", "t": 1789617561.91}
{"x": 0.415, "y": 11.599, "h": 63.4, "scan": [null, 0.669, 0.672, 0.363, 0.26, 0.232, 0.326, 0.365, 0.511, 0.842, 2.231, 1.213, null, 0.258, 0.311, 1.008], "d0": "0", "d5": "0", "d11": "0.427", "tick": "320043", "goal": "0", "here": "0", "t": 1789617562.36}
{"x": 0.45, "y": 11.615, "h": 64.2, "scan": [1.28, 0.674, 0.681, 0.403, 0.28, 0.237, 0.312, 0.391, 0.582, 0.853, 2.195, 0.417, 0.246, 0.254, 0.299, 0.995], "d0": "0", "d5": "0", "d11": "0.415", "tick": "320084", "goal": "0", "here": "0", "t": 1789617562.78}
{"x": 0.488, "y": 11.631, "h": 68.8, "scan": [0.691, 0.628, 0.636, 0.417, 0.308, 0.243, 0.337, 0.44, 0.629, 0.838, 1.911, 0.396, 0.233, 0.245, 0.271, 1.017], "d0": "0", "d5": "0", "d11": "0.414", "tick": "320129", "goal": "0", "here": "0", "t": 1789617563.23}
{"x": 0.527, "y": 11.645, "h": 73.7, "scan": [0.623, 0.621, 0.609, 0.405, 0.297, 0.266, 0.357, 0.468, 0.875, 0.902, 1.595, 0.27, 0.253, 0.269, 0.855, 1.068], "d0": "0", "d5": "0", "d11": "0.431", "tick": "320174", "goal": "0", "here": "0", "t": 1789617563.67}
{"x": 0.565, "y": 11.656, "h": 75.0, "scan": [0.573, 0.615, 0.555, 0.397, 0.321, 0.261, 0.383, 0.523, 0.97, 0.965, 1.521, null, 0.257, 0.245, 0.84, 1.08], "d0": "0", "d5": "0", "d11": "0.446", "tick": "320213", "goal": "0", "here": "0", "t": 1789617564.11}
{"x": 0.605, "y": 11.664, "h": 80.2, "scan": [0.488, 0.604, 0.456, 0.377, 0.319, 0.293, 0.422, 0.615, 0.979, 2.53, 0.342, 0.248, 0.225, 0.732, 0.868, 1.29], "d0": "0", "d5": "0", "d11": "0.435", "tick": "320261", "goal": "0", "here": "0", "t": 1789617564.54}
{"x": 0.642, "y": 11.668, "h": 87.8, "scan": [0.459, 0.574, 0.402, 0.355, 0.313, 0.294, 0.464, 0.72, 1.041, 2.356, 0.311, 0.266, 0.218, 0.743, 0.871, 1.141], "d0": "0", "d5": "0", "d11": "0.442", "tick": "320297", "goal": "0", "here": "0", "t": 1789617564.94}
{"x": 0.684, "y": 11.669, "h": 89.8, "scan": [0.44, 0.566, 0.357, 0.357, 0.298, 0.32, 0.523, 0.768, 0.997, 1.973, 0.299, 0.245, 0.744, 0.795, 0.971, 0.507], "d0": "0", "d5": "0", "d11": "0.428", "tick": "320344", "goal": "0", "here": "0", "t": 1789617565.41}
{"x": 0.723, "y": 11.668, "h": 93.0, "scan": [0.413, 0.513, 0.319, 0.334, 0.309, 0.329, 0.572, 0.843, 1.085, 0.544, 0.294, 0.782, 0.736, 0.74, 0.988, 0.455], "d0": "0", "d5": "0", "d11": "0.419", "tick": "320388", "goal": "0", "here": "0", "t": 1789617565.82}
{"x": 0.76, "y": 11.664, "h": 97.8, "scan": [0.41, 0.491, 0.311, 0.327, 0.307, 0.324, 0.58, 1.086, 1.103, 0.387, 0.303, 0.734, 0.688, 0.78, 1.153, 0.378], "d0": "0", "d5": "0", "d11": "0.423", "tick": "320429", "goal": "0", "here": "0", "t": 1789617566.23}
{"x": 0.797, "y": 11.658, "h": 101.7, "scan": [0.389, 0.447, 0.288, 0.317, 0.298, 0.349, 0.62, 1.148, 1.174, 0.392, 0.267, 0.761, 0.764, 0.81, 1.146, 0.321], "d0": "0", "d5": "0", "d11": "0.416", "tick": "320470", "goal": "0", "here": "0", "t": 1789617566.63}
{"x": 0.837, "y": 11.65, "h": 103.7, "scan": [0.394, 0.432, 0.279, 0.318, 0.308, 0.375, 0.644, 1.189, 2.709, 0.4, 0.847, 0.782, 0.757, 0.913, 0.385, 0.291], "d0": "0", "d5": "0", "d11": "0.443", "tick": "320514", "goal": "0", "here": "0", "t": 1789617567.07}
{"x": 0.873, "y": 11.64, "h": 104.3, "scan": [0.346, 0.409, 0.316, 0.257, 0.307, 0.356, 0.655, 1.206, 2.742, 0.42, 0.885, 0.783, 0.723, 0.889, 0.33, 0.262], "d0": "0", "d5": "0", "d11": "0.415", "tick": "320554", "goal": "0", "here": "0", "t": 1789617567.48}
{"x": 0.912, "y": 11.63, "h": 101.8, "scan": [0.288, 0.356, 0.305, 0.236, 0.3, 0.319, 0.458, 1.268, 2.783, 0.439, 0.89, 0.767, 0.732, 0.864, 0.298, 0.232], "d0": "0", "d5": "0", "d11": "0.406", "tick": "320598", "goal": "0", "here": "0", "t": 1789617567.92}
{"x": 0.939, "y": 11.627, "h": 90.9, "scan": [0.215, 0.31, 0.317, 0.276, 0.227, 0.331, 0.389, 0.745, 1.259, 0.765, 1.043, 0.806, 0.755, 0.763, 0.351, 0.227], "d0": "0", "d5": "0", "d11": "0.418", "tick": "320645", "goal": "0", "here": "0", "t": 1789617568.38}
{"x": 0.944, "y": 11.628, "h": 66.4, "scan": [0.21, 0.215, 0.299, 0.356, 0.293, 0.214, 0.322, 0.382, 0.752, 1.297, 0.792, 1.016, 0.806, 0.756, 0.747, 0.357], "d0": "0", "d5": "0", "d11": "0.383", "tick": "320686", "goal": "0", "here": "0", "t": 1789617568.8}
{"x": 0.945, "y": 11.628, "h": 39.5, "scan": [0.849, 0.236, 0.211, 0.271, 0.348, 0.322, 0.218, 0.272, 0.336, 0.486, 1.257, 2.816, 0.431, 0.906, 0.76, 0.711], "d0": "0", "d5": "0", "d11": "0.373", "tick": "320730", "goal": "0", "here": "0", "t": 1789617569.24}
{"x": 0.963, "y": 11.659, "h": 27.7, "scan": [0.786, 0.294, 0.192, 0.195, 0.302, 0.344, 0.275, 0.226, 0.341, 0.425, 0.957, 1.286, 0.465, 0.893, 0.796, 0.755], "d0": "0", "d5": "0", "d11": "0.351", "tick": "320773", "goal": "0", "here": "0", "t": 1789617569.67}
{"x": 0.976, "y": 11.695, "h": 16.3, "scan": [0.678, 0.776, 0.22, 0.173, 0.204, 0.318, 0.356, 0.295, 0.343, 0.426, 0.764, 1.325, 2.652, 1.013, 0.793, 0.69], "d0": "0", "d5": "0", "d11": "0.335", "tick": "320814", "goal": "0", "here": "0", "t": 1789617570.08}
{"x": 0.983, "y": 11.735, "h": 4.4, "scan": [0.647, 0.734, 0.263, 0.177, 0.159, 0.208, 0.381, 0.359, 0.32, 0.423, 0.548, 1.087, 1.307, 0.924, 0.891, 0.713], "d0": "0", "d5": "0", "d11": "0.321", "tick": "320857", "goal": "0", "here": "0", "t": 1789617570.51}
{"x": 0.984, "y": 11.775, "h": 359.6, "scan": [0.643, 0.614, 0.872, 0.204, 0.165, 0.159, 0.331, 0.42, 0.365, 0.45, 0.552, 1.026, 1.302, 0.365, 0.864, 0.707], "d0": "0", "d5": "0", "d11": "0.315", "tick": "320899", "goal": "0", "here": "0", "t": 1789617570.93}
{"x": 0.981, "y": 11.817, "h": 354.7, "scan": [0.585, 0.557, 0.714, 0.805, 0.207, 0.155, 0.199, 0.443, 0.412, 0.494, 0.555, 0.934, 1.287, 0.811, 0.905, 0.685], "d0": "0", "d5": "0", "d11": "0.317", "tick": "320946", "goal": "0", "here": "0", "t": 1789617571.4}
{"x": 0.975, "y": 11.859, "h": 350.7, "scan": [0.536, 0.524, 0.674, 0.921, 0.214, 0.191, 0.202, 0.479, 0.453, 0.488, 0.574, 0.943, 1.281, 0.771, 0.911, 0.641], "d0": "0", "d5": "0", "d11": "0.296", "tick": "320990", "goal": "0", "here": "0", "t": 1789617571.85}
{"x": 0.966, "y": 11.903, "h": 348.0, "scan": [0.487, 0.504, 0.568, 0.864, 0.837, 0.204, 0.205, 0.467, 0.509, 0.532, 0.614, 0.933, 1.339, 0.752, 0.901, 0.598], "d0": "0", "d5": "0", "d11": "0.288", "tick": "321039", "goal": "0", "here": "0", "t": 1789617572.33}
{"x": 0.96, "y": 11.934, "h": 351.2, "scan": [0.467, 0.449, 0.614, 0.899, 0.801, 0.231, 0.25, 0.52, 0.497, 0.588, 0.634, 1.069, 1.292, 0.803, 0.735, 0.593], "d0": "0", "d5": "0", "d11": "0.272", "tick": "321080", "goal": "0", "here": "0", "t": 1789617572.74}
{"x": 0.958, "y": 11.966, "h": 359.1, "scan": [0.477, 0.424, 0.623, 0.885, 0.758, 0.237, 0.25, 0.576, 0.519, 0.618, 0.823, 1.313, 0.658, 0.829, 0.712, 0.535], "d0": "0", "d5": "0", "d11": "0.283", "tick": "321121", "goal": "0", "here": "0", "t": 1789617573.14}
{"x": 0.958, "y": 12.001, "h": 1.4, "scan": [0.465, 0.405, 0.597, 0.839, 0.749, 0.249, 0.262, 0.605, 0.553, 0.683, 0.943, 1.359, 0.749, 0.841, 0.557, 0.459], "d0": "0", "d5": "0", "d11": "0.288", "tick": "321164", "goal": "0", "here": "0", "t": 1789617573.58}
{"x": 0.961, "y": 12.033, "h": 9.5, "scan": [0.427, 0.424, 0.584, 0.774, 0.751, 0.263, 0.287, 0.614, 0.619, 0.706, 1.032, 0.32, 0.75, 0.718, 0.523, 0.394], "d0": "0", "d5": "0", "d11": "0.306", "tick": "321205", "goal": "0", "here": "0", "t": 1789617573.99}
{"x": 0.966, "y": 12.067, "h": 10.4, "scan": [0.369, 0.408, 0.56, 0.723, 0.726, 0.27, 0.322, 0.648, 0.69, 0.748, 1.16, 0.638, 0.811, 0.667, 0.49, 0.357], "d0": "0", "d5": "0", "d11": "0.301", "tick": "321246", "goal": "0", "here": "0", "t": 1789617574.43}
{"x": 0.974, "y": 12.097, "h": 15.9, "scan": [0.306, 0.377, 0.568, 0.741, 0.764, 0.276, 0.361, 0.658, 0.709, 0.967, 1.384, 0.771, 0.824, 0.523, 0.429, 0.335], "d0": "0", "d5": "0", "d11": "0.316", "tick": "321290", "goal": "0", "here": "0", "t": 1789617574.83}
{"x": 0.985, "y": 12.129, "h": 21.1, "scan": [0.292, 0.362, 0.764, 0.751, 0.757, 0.275, 0.385, 0.651, 0.769, 1.016, 0.426, 0.755, 0.797, 0.478, 0.314, 0.339], "d0": "0", "d5": "0", "d11": "0.308", "tick": "321330", "goal": "0", "here": "0", "t": 1789617575.24}
{"x": 0.998, "y": 12.158, "h": 25.0, "scan": [0.261, 0.371, 0.806, 0.761, 0.772, 0.302, 0.675, 0.687, 0.807, 1.096, 0.662, 0.81, 0.652, 0.414, 0.298, 0.31], "d0": "0", "d5": "0", "d11": "0.315", "tick": "321370", "goal": "0", "here": "0", "t": 1789617575.66}
{"x": 1.016, "y": 12.19, "h": 32.2, "scan": [0.257, 0.452, 0.785, 0.75, 0.786, 0.269, 0.731, 0.757, 0.852, 1.241, 0.825, 0.836, 0.48, 0.363, 0.285, 0.251], "d0": "0", "d5": "0", "d11": "0.315", "tick": "321415", "goal": "0", "here": "0", "t": 1789617576.11}
{"x": 1.031, "y": 12.213, "h": 28.6, "scan": [0.201, 0.319, 0.746, 0.725, 0.766, 1.124, 0.411, 0.741, 0.871, 1.251, 0.799, 0.865, 0.492, 0.307, 0.251, 0.231], "d0": "0", "d5": "0", "d11": "0.314", "tick": "321465", "goal": "0", "here": "0", "t": 1789617576.58}
{"x": 1.031, "y": 12.215, "h": 2.4, "scan": [0.26, 0.216, 0.268, 0.483, 0.661, 0.747, 0.941, 0.383, 0.747, 0.855, 1.149, 0.723, 0.857, 0.655, 0.386, 0.261], "d0": "0", "d5": "0", "d11": "0.340", "tick": "321506", "goal": "0", "here": "0", "t": 1789617577.0}
{"x": 1.028, "y": 12.229, "h": 343.4, "scan": [0.238, 0.223, 0.205, 0.3, 0.759, 0.74, 0.773, 1.144, 0.44, 0.767, 0.883, 1.272, 0.847, 0.846, 0.464, 0.27], "d0": "0", "d5": "0", "d11": "0.350", "tick": "321550", "goal": "0", "here": "0", "t": 1789617577.44}
{"x": 1.015, "y": 12.262, "h": 334.1, "scan": [0.215, 0.211, 0.164, 0.202, 0.425, 0.749, 0.715, 0.985, 0.4, 0.819, 0.853, 1.109, 0.716, 0.821, 0.622, 0.347], "d0": "0", "d5": "0", "d11": "0.365", "tick": "321597", "goal": "0", "here": "0", "t": 1789617577.91}
{"x": 1.014, "y": 12.264, "h": 309.4, "scan": [0.388, 0.203, 0.223, 0.181, 0.193, 0.297, 0.748, 0.757, 0.902, 1.407, 0.814, 0.867, 1.099, 0.643, 0.81, 0.654], "d0": "0", "d5": "0", "d11": "0.358", "tick": "321638", "goal": "0", "here": "0", "t": 1789617578.32}
{"x": 0.999, "y": 12.27, "h": 284.7, "scan": [0.65, 0.35, 0.2, 0.221, 0.197, 0.188, 0.3, 0.785, 0.779, 0.977, 0.384, 0.842, 0.874, 1.113, 0.684, 0.791], "d0": "0", "d5": "0", "d11": "0.384", "tick": "321682", "goal": "0", "here": "0", "t": 1789617578.76}
{"x": 0.958, "y": 12.277, "h": 274.5, "scan": [0.774, 0.377, 0.265, 0.2, 0.211, 0.187, 0.228, 0.489, 0.73, 0.838, 1.192, 0.811, 0.828, 0.922, 0.475, 0.796], "d0": "0", "d5": "0", "d11": "0.411", "tick": "321724", "goal": "0", "here": "0", "t": 1789617579.18}
{"x": 0.917, "y": 12.278, "h": 268.4, "scan": [0.753, 0.562, 0.307, 0.174, 0.197, 0.235, 0.214, 0.362, 0.783, 0.823, 1.058, 0.523, 0.792, 0.876, 0.406, 0.683], "d0": "0", "d5": "0", "d11": "0.418", "tick": "321768", "goal": "0", "here": "0", "t": 1789617579.64}
{"x": 0.875, "y": 12.273, "h": 260.9, "scan": [0.7, 0.538, 0.332, 0.271, 0.179, 0.207, 0.249, 0.302, 0.873, 0.874, 1.057, 0.523, 0.792, 0.888, 0.375, 0.64], "d0": "0", "d5": "0", "d11": "0.425", "tick": "321815", "goal": "0", "here": "0", "t": 1789617580.08}
{"x": 0.839, "y": 12.266, "h": 257.2, "scan": [0.67, 0.673, 0.345, 0.267, 0.207, 0.178, 0.248, 0.259, 0.606, 0.935, 1.06, 0.51, 0.823, 0.83, 0.365, 0.575], "d0": "0", "d5": "0", "d11": "0.425", "tick": "321855", "goal": "0", "here": "0", "t": 1789617580.49}
{"x": 0.799, "y": 12.255, "h": 253.7, "scan": [0.652, 0.645, 0.454, 0.264, 0.23, 0.202, 0.238, 0.299, 0.626, 0.936, 1.056, 0.541, 0.801, 0.815, 0.34, 0.532], "d0": "0", "d5": "0", "d11": "0.460", "tick": "321899", "goal": "0", "here": "0", "t": 1789617580.92}
{"x": 0.762, "y": 12.244, "h": 253.3, "scan": [0.609, 0.642, 0.441, 0.289, 0.239, 0.222, 0.237, 0.31, 0.633, 0.986, 1.091, 0.563, 0.81, 0.827, 0.329, 0.497], "d0": "0", "d5": "0", "d11": "0.433", "tick": "321939", "goal": "0", "here": "0", "t": 1789617581.33}
{"x": 0.724, "y": 12.233, "h": 254.2, "scan": [0.551, 0.598, 0.434, 0.264, 0.246, 0.238, 0.217, 0.348, 0.68, 0.994, 1.125, 0.606, 0.765, 0.8, 0.31, 0.465], "d0": "0", "d5": "0", "d11": "0.419", "tick": "321980", "goal": "0", "here": "0", "t": 1789617581.76}
{"x": 0.688, "y": 12.223, "h": 254.3, "scan": [0.526, 0.568, 0.406, 0.322, 0.269, 0.283, 0.239, 0.385, 0.712, 1.071, 1.192, 0.772, 0.777, 0.801, 0.284, 0.458], "d0": "0", "d5": "0", "d11": "0.424", "tick": "322021", "goal": "0", "here": "0", "t": 1789617582.18}
{"x": 0.648, "y": 12.212, "h": 253.7, "scan": [0.499, 0.535, 0.41, 0.364, 0.244, 0.268, 0.288, 0.401, 0.745, 1.073, 0.581, 0.866, 0.788, 0.254, 0.286, 0.403], "d0": "0", "d5": "0", "d11": "0.410", "tick": "322068", "goal": "0", "here": "0", "t": 1789617582.61}
{"x": 0.611, "y": 12.2, "h": 252.8, "scan": [0.454, 0.502, 0.473, 0.352, 0.254, 0.262, 0.295, 0.461, 0.755, 1.107, 0.605, 0.895, 0.822, 0.238, 0.289, 0.414], "d0": "0", "d5": "0", "d11": "0.398", "tick": "322111", "goal": "0", "here": "0", "t": 1789617583.04}
{"x": 0.573, "y": 12.189, "h": 252.2, "scan": [0.437, 0.458, 0.47, 0.334, 0.272, 0.286, 0.324, 0.453, null, 1.137, 0.625, 0.917, 0.797, 0.235, 0.29, 0.384], "d0": "0", "d5": "0", "d11": "0.380", "tick": "322152", "goal": "0", "here": "0", "t": 1789617583.45}
{"x": 0.536, "y": 12.179, "h": 254.3, "scan": [0.388, 0.415, 0.476, null, 0.292, 0.283, 0.335, 0.461, 0.84, 1.136, 0.653, 0.912, 0.244, 0.212, 0.319, 0.348], "d0": "0", "d5": "0", "d11": "0.395", "tick": "322193", "goal": "0", "here": "0", "t": 1789617583.86}
{"x": 0.495, "y": 12.17, "h": 258.7, "scan": [0.338, 0.392, 0.423, 0.313, 0.323, 0.252, 0.371, 0.524, 0.932, 1.16, 0.692, 0.887, 0.211, 0.225, 0.296, 0.343], "d0": "0", "d5": "0", "d11": "0.398", "tick": "322239", "goal": "0", "here": "0", "t": 1789617584.33}
{"x": 0.456, "y": 12.162, "h": 260.6, "scan": [0.315, 0.37, 0.41, 0.275, 0.331, 0.271, 0.386, 0.574, 1.273, 1.201, 0.77, 0.241, 0.204, 0.236, 0.283, 0.34], "d0": "0", "d5": "0", "d11": "0.409", "tick": "322280", "goal": "0", "here": "0", "t": 1789617584.74}
{"x": 0.421, "y": 12.156, "h": 259.2, "scan": [0.267, 0.327, 0.36, 0.282, 0.347, 0.293, 0.39, 0.596, 1.288, 1.245, 0.872, 0.216, 0.221, 0.241, 0.248, 0.342], "d0": "0", "d5": "0", "d11": "0.448", "tick": "322319", "goal": "0", "here": "0", "t": 1789617585.2}
{"x": 0.378, "y": 12.149, "h": 261.8, "scan": [0.253, 0.296, 0.336, 0.305, 0.31, 0.308, 0.402, 0.651, 1.287, 0.737, 0.961, 0.229, 0.225, 0.233, 0.234, 0.31], "d0": "0", "d5": "0", "d11": "0.460", "tick": "322364", "goal": "0", "here": "0", "t": 1789617585.6}
{"x": 0.352, "y": 12.144, "h": 252.0, "scan": [0.232, 0.238, 0.307, 0.343, 0.27, 0.361, null, 0.468, 0.834, 1.306, 0.79, 0.242, 0.216, 0.214, 0.221, 0.259], "d0": "0", "d5": "0", "d11": "0.474", "tick": "322413", "goal": "0", "here": "0", "t": 1789617586.07}
{"x": 0.334, "y": 12.137, "h": 234.5, "scan": [0.271, 0.219, 0.227, 0.284, 0.344, 0.267, 0.334, 0.343, 0.512, 1.041, 1.286, 0.881, 0.237, 0.224, 0.227, 0.188], "d0": "0", "d5": "0", "d11": "0.490", "tick": "322461", "goal": "0", "here": "0", "t": 1789617586.55}
{"x": 0.333, "y": 12.135, "h": 207.6, "scan": [0.208, 0.237, 0.208, 0.215, 0.286, 0.329, 0.281, 0.35, 0.325, 0.493, 0.868, 1.29, 0.809, 0.23, 0.235, 0.21], "d0": "0", "d5": "0", "d11": "0.468", "tick": "322502", "goal": "0", "here": "0", "t": 1789617586.96}
{"x": 0.331, "y": 12.13, "h": 180.6, "scan": [0.231, 0.2, 0.219, 0.234, 0.208, 0.254, 0.314, 0.308, 0.313, 0.339, 0.488, 0.701, 1.304, 0.811, 0.243, 0.219], "d0": "0", "d5": "0", "d11": "0.478", "tick": "322550", "goal": "0", "here": "0", "t": 1789617587.44}
{"x": 0.332, "y": 12.128, "h": 149.4, "scan": [0.228, 0.231, 0.209, 0.223, 0.261, 0.182, 0.246, 0.319, 0.352, 0.26, 0.355, 0.417, 0.589, 1.363, 0.788, 0.309], "d0": "0", "d5": "0", "d11": "0.471", "tick": "322598", "goal": "0", "here": "0", "t": 1789617587.91}
{"x": 0.339, "y": 12.119, "h": 127.8, "scan": [0.981, 0.193, 0.196, 0.211, 0.191, 0.276, 0.211, 0.218, 0.309, 0.356, 0.269, 0.364, 0.423, 0.574, 1.362, 0.779], "d0": "0", "d5": "0", "d11": "0.453", "tick": "322642", "goal": "0", "here": "0", "t": 1789617588.37}
{"x": 0.357, "y": 12.113, "h": 105.7, "scan": [0.765, 0.291, 0.21, 0.204, 0.203, 0.195, 0.301, 0.225, 0.257, 0.323, 0.341, 0.304, 0.345, 0.453, 0.688, 1.334], "d0": "0", "d5": "0", "d11": "0.436", "tick": "322685", "goal": "0", "here": "0", "t": 1789617588.79}
{"x": 0.399, "y": 12.107, "h": 93.1, "scan": [1.28, 0.755, 0.2, 0.166, 0.2, 0.212, 0.245, 0.28, 0.26, 0.33, 0.394, 0.309, 0.354, 0.356, 0.477, 0.835], "d0": "0", "d5": "0", "d11": "0.447", "tick": "322730", "goal": "0", "here": "0", "t": 1789617589.24}
{"x": 0.436, "y": 12.109, "h": 81.1, "scan": [1.191, 0.726, 0.92, 0.172, 0.173, 0.206, 0.237, 0.27, 0.297, 0.349, 0.39, 0.313, 0.381, 0.327, 0.458, 0.616], "d0": "0", "d5": "0", "d11": "0.439", "tick": "322771", "goal": "0", "here": "0", "t": 1789617589.68}
{"x": 0.479, "y": 12.116, "h": 76.8, "scan": [1.233, 1.181, 0.697, 0.213, 0.172, 0.172, 0.251, 0.28, 0.34, 0.351, 0.423, 0.344, 0.383, 0.331, 0.416, 0.588], "d0": "0", "d5": "0", "d11": "0.440", "tick": "322818", "goal": "0", "here": "0", "t": 1789617590.11}
{"x": 0.516, "y": 12.128, "h": 72.9, "scan": [0.892, 1.19, 0.662, 0.921, 0.186, 0.164, 0.244, 0.292, 0.407, 0.374, 0.417, 0.38, 0.395, 0.287, 0.384, 0.481], "d0": "0", "d5": "0", "d11": "0.414", "tick": "322859", "goal": "0", "here": "0", "t": 1789617590.52}
{"x": 0.556, "y": 12.143, "h": 66.3, "scan": [0.684, 1.151, 0.636, 0.885, 0.785, 0.18, 0.214, 0.305, 0.445, 0.412, 0.455, 0.351, 0.383, 0.289, 0.364, 0.413], "d0": "0", "d5": "0", "d11": "0.391", "tick": "322905", "goal": "0", "here": "0", "t": 1789617590.99}
{"x": 0.586, "y": 12.154, "h": 75.0, "scan": [0.835, 1.128, 0.614, 0.887, 0.774, 0.194, 0.221, 0.357, 0.439, 0.436, 0.502, 0.364, 0.307, 0.314, 0.358, 0.492], "d0": "0", "d5": "0", "d11": "0.400", "tick": "322946", "goal": "0", "here": "0", "t": 1789617591.4}
{"x": 0.62, "y": 12.162, "h": 79.8, "scan": [1.104, 1.038, 0.586, 0.852, 0.773, 0.227, 0.246, 0.37, 0.446, 0.523, 0.483, 0.379, 0.276, 0.313, 0.323, 0.468], "d0": "0", "d5": "0", "d11": "0.408", "tick": "322991", "goal": "0", "here": "0", "t": 1789617591.85}
{"x": 0.652, "y": 12.168, "h": 82.9, "scan": [1.06, 1.041, 0.578, 0.839, 0.77, 0.217, 0.282, 0.429, 0.483, 0.518, 0.411, 0.338, 0.296, 0.297, 0.334, 0.461], "d0": "0", "d5": "0", "d11": "0.411", "tick": "323033", "goal": "0", "here": "0", "t": 1789617592.26}
{"x": 0.685, "y": 12.171, "h": 90.2, "scan": [0.938, 1.036, 0.568, 0.81, 0.748, 0.228, 0.307, 0.476, 0.511, 0.54, 0.416, 0.299, 0.294, 0.285, 0.402, 0.562], "d0": "0", "d5": "0", "d11": "0.398", "tick": "323074", "goal": "0", "here": "0", "t": 1789617592.67}
{"x": 0.72, "y": 12.171, "h": 91.8, "scan": [1.003, null, 0.57, 0.753, 0.743, 0.232, 0.346, 0.557, 0.563, 0.608, 0.445, 0.318, 0.308, 0.266, 0.391, 0.7], "d0": "0", "d5": "0", "d11": "0.397", "tick": "323119", "goal": "0", "here": "0", "t": 1789617593.12}
{"x": 0.755, "y": 12.169, "h": 97.4, "scan": [0.951, 0.455, 0.727, 0.707, 0.753, 0.235, 0.386, 0.618, 0.609, 0.463, 0.35, 0.317, 0.278, 0.318, 0.382, 0.73], "d0": "0", "d5": "0", "d11": "0.399", "tick": "323164", "goal": "0", "here": "0", "t": 1789617593.57}
{"x": 0.795, "y": 12.162, "h": 101.7, "scan": [0.904, 0.444, 0.758, 0.717, 0.734, 0.259, 0.456, 0.61, 0.65, 0.501, 0.336, 0.325, 0.274, 0.347, 0.459, 0.974], "d0": "0", "d5": "0", "d11": "0.384", "tick": "323210", "goal": "0", "here": "0", "t": 1789617594.07}
{"x": 0.826, "y": 12.153, "h": 107.0, "scan": [0.889, 0.419, 0.805, 0.707, 0.767, 0.254, 0.52, 0.625, 0.685, 0.518, 0.361, 0.302, 0.324, 0.33, 0.619, 0.835], "d0": "0", "d5": "0", "d11": "0.385", "tick": "323254", "goal": "0", "here": "0", "t": 1789617594.48}
{"x": 0.858, "y": 12.141, "h": 111.6, "scan": [0.874, 0.41, 0.758, 0.726, 0.769, 0.278, 0.545, 0.671, 0.711, 0.416, 0.367, 0.306, 0.33, 0.358, 0.628, null], "d0": "0", "d5": "0", "d11": "0.371", "tick": "323296", "goal": "0", "here": "0", "t": 1789617594.92}
{"x": 0.887, "y": 12.127, "h": 116.6, "scan": [0.958, 0.392, 0.741, 0.734, 0.775, 1.111, 0.601, 0.7, 0.576, 0.412, 0.356, 0.304, 0.311, 0.408, 0.904, 0.852], "d0": "0", "d5": "0", "d11": "0.396", "tick": "323339", "goal": "0", "here": "0", "t": 1789617595.33}
{"x": 0.918, "y": 12.111, "h": 119.9, "scan": [0.306, 0.37, 0.704, 0.717, 0.803, 1.13, 0.642, 0.765, 0.6, 0.443, 0.307, 0.366, 0.328, 0.544, 0.839, 0.773], "d0": "0", "d5": "0", "d11": "0.390", "tick": "323384", "goal": "0", "here": "0", "t": 1789617595.77}
{"x": 0.944, "y": 12.092, "h": 128.3, "scan": [0.295, 0.379, 0.667, 0.71, 0.919, 1.335, 0.763, 0.805, 0.62, 0.457, 0.347, 0.347, 0.376, 0.58, 0.762, 0.765], "d0": "0", "d5": "0", "d11": "0.375", "tick": "323424", "goal": "0", "here": "0", "t": 1789617596.18}
{"x": 0.968, "y": 12.071, "h": 132.9, "scan": [0.285, 0.606, 0.621, 0.694, 0.982, 1.43, 0.772, 0.839, 0.523, 0.423, 0.383, 0.334, 0.428, 0.78, 0.773, 0.76], "d0": "0", "d5": "0", "d11": "0.384", "tick": "323465", "goal": "0", "here": "0", "t": 1789617596.59}
{"x": 0.993, "y": 12.049, "h": 133.3, "scan": [0.278, 0.613, 0.556, 0.721, 0.989, 1.4, 0.787, 0.863, 0.516, 0.382, 0.422, 0.364, 0.542, 0.834, 0.763, 0.766], "d0": "0", "d5": "0", "d11": "0.373", "tick": "323506", "goal": "0", "here": "0", "t": 1789617597.0}
{"x": 1.01, "y": 12.029, "h": 135.1, "scan": [0.234, 0.559, 0.568, 0.658, 0.957, 1.445, 0.796, 0.858, 0.548, 0.406, 0.41, 0.373, 0.543, 0.814, 0.728, 0.738], "d0": "0", "d5": "0", "d11": "0.376", "tick": "323547", "goal": "0", "here": "0", "t": 1789617597.41}
{"x": 1.03, "y": 12.01, "h": 130.7, "scan": [0.207, 0.28, 0.595, 0.661, 0.744, 1.253, 0.738, 0.889, 0.696, 0.479, 0.426, 0.377, 0.542, 0.818, 0.766, 0.702], "d0": "0", "d5": "0", "d11": "0.372", "tick": "323594", "goal": "0", "here": "0", "t": 1789617597.88}
{"x": 1.03, "y": 12.01, "h": 105.3, "scan": [0.693, 0.206, 0.254, 0.598, 0.647, 0.751, 1.195, 0.703, 0.866, 0.743, 0.509, 0.428, 0.392, 0.54, 0.821, 0.759], "d0": "0", "d5": "0", "d11": "0.363", "tick": "323632", "goal": "0", "here": "0", "t": 1789617598.28}
{"x": 1.038, "y": 12.011, "h": 82.2, "scan": [0.722, 0.679, 0.19, 0.234, 0.604, 0.628, 0.725, 1.154, 0.411, 0.877, 0.742, 0.531, 0.433, 0.376, 0.497, 0.756], "d0": "0", "d5": "0", "d11": "0.377", "tick": "323676", "goal": "0", "here": "0", "t": 1789617598.7}
{"x": 1.073, "y": 12.019, "h": 71.0, "scan": [0.754, 0.697, 0.682, 0.168, 0.237, 0.585, 0.662, 0.916, 1.477, 0.85, 0.918, 0.6, 0.438, 0.377, 0.397, 0.515], "d0": "0", "d5": "0", "d11": "0.362", "tick": "323724", "goal": "0", "here": "0", "t": 1789617599.17}
{"x": 1.107, "y": 12.037, "h": 60.0, "scan": [0.751, 0.668, 0.643, 0.787, 0.197, 0.606, 0.597, 0.784, 1.24, 0.792, 0.947, 0.62, 0.43, 0.388, 0.366, 0.505], "d0": "0", "d5": "0", "d11": "0.348", "tick": "323765", "goal": "0", "here": "0", "t": 1789617599.58}
{"x": 1.141, "y": 12.058, "h": 59.2, "scan": [0.645, 0.59, 0.58, 0.755, 0.999, 0.213, 0.622, 0.758, 1.138, 0.515, 0.949, 0.774, 0.433, null, 0.337, 0.439], "d0": "0", "d5": "0", "d11": "0.344", "tick": "323808", "goal": "0", "here": "0", "t": 1789617600.04}
{"x": 1.172, "y": 12.077, "h": 59.6, "scan": [0.662, 0.589, 0.558, 0.774, 1.045, 0.22, 0.654, 0.831, 1.3, 0.875, 0.99, 0.614, 0.416, 0.335, 0.329, 0.414], "d0": "0", "d5": "0", "d11": "0.336", "tick": "323853", "goal": "0", "here": "0", "t": 1789617600.47}
{"x": 1.2, "y": 12.092, "h": 63.9, "scan": [0.665, 0.594, 0.557, 0.771, 1.254, 0.212, 0.688, 0.864, 1.543, 0.954, 0.976, 0.553, 0.399, 0.314, 0.342, 0.38], "d0": "0", "d5": "0", "d11": "0.324", "tick": "323894", "goal": "0", "here": "0", "t": 1789617600.88}
{"x": 1.23, "y": 12.105, "h": 66.7, "scan": [0.595, 0.563, 0.562, 0.754, 1.292, 0.44, 0.76, 1.016, 1.618, 0.993, 0.853, 0.455, 0.292, 0.274, 0.35, 0.368], "d0": "0", "d5": "0", "d11": "0.334", "tick": "323935", "goal": "0", "here": "0", "t": 1789617601.29}
{"x": 1.26, "y": 12.116, "h": 71.4, "scan": [0.479, 0.545, 0.536, 0.757, 1.254, 0.441, 0.802, 1.193, 0.605, 1.048, 0.665, 0.425, 0.29, 0.286, 0.362, 0.555], "d0": "0", "d5": "0", "d11": "0.344", "tick": "323976", "goal": "0", "here": "0", "t": 1789617601.7}
{"x": 1.294, "y": 12.124, "h": 76.3, "scan": [0.425, 0.5, 0.522, 0.817, 1.191, 0.456, 0.87, 1.295, 0.926, 1.089, 0.609, 0.339, 0.286, 0.304, 0.336, 0.535], "d0": "0", "d5": "0", "d11": "0.345", "tick": "324020", "goal": "0", "here": "0", "t": 1789617602.14}
{"x": 1.328, "y": 12.129, "h": 84.3, "scan": [0.431, 0.424, 0.509, 0.949, 1.261, 0.443, 0.909, 1.444, 1.089, 0.959, 0.479, 0.304, 0.272, 0.326, 0.293, 0.543], "d0": "0", "d5": "0", "d11": "0.329", "tick": "324064", "goal": "0", "here": "0", "t": 1789617602.57}
{"x": 1.35, "y": 12.13, "h": 92.1, "scan": [0.426, 0.41, 0.646, 0.994, 1.212, 0.431, 1.027, 1.74, 1.139, null, 0.374, 0.305, 0.291, 0.258, 0.424, 0.398], "d0": "0", "d5": "0", "d11": "0.298", "eff": 1.0, "tick": "324143", "goal": "0", "here": "0", "t": 1789617603.39}
{"x": 1.385, "y": 12.127, "h": 95.5, "scan": [0.407, 0.376, 0.653, 1.277, 1.234, 0.423, 1.255, 0.718, 1.201, 0.583, 0.344, 0.296, 0.282, 0.273, 0.483, 0.325], "d0": "0", "d5": "0", "d11": "0.288", "eff": 1.0, "tick": "324187", "goal": "0", "here": "0", "t": 1789617603.8}
{"x": 1.415, "y": 12.121, "h": 103.6, "scan": [0.343, 0.374, 0.625, 1.252, 1.217, 0.457, 1.335, 1.054, 1.222, 0.549, 0.346, 0.327, 0.268, 0.377, 0.448, 0.336], "d0": "0", "d5": "0", "d11": "0.298", "eff": 1.0, "tick": "324225", "goal": "0", "here": "0", "t": 1789617604.21}
{"x": 1.447, "y": 12.113, "h": 105.8, "scan": [0.333, 0.351, 0.626, 1.159, 1.237, 0.449, 1.502, 1.247, 1.079, 0.468, 0.318, 0.322, 0.273, 0.401, 0.354, 0.318], "d0": "0", "d5": "0", "d11": "0.302", "eff": 1.0, "tick": "324269", "goal": "0", "here": "0", "t": 1789617604.62}
{"x": 1.478, "y": 12.102, "h": 111.3, "scan": [0.285, 0.355, 0.622, 1.156, 0.605, 0.437, 1.607, 1.231, 0.892, 0.438, 0.335, 0.276, 0.367, 0.426, 0.267, 0.315], "d0": "0", "d5": "0", "d11": "0.300", "eff": 1.0, "tick": "324310", "goal": "0", "here": "0", "t": 1789617605.03}
{"x": 1.51, "y": 12.088, "h": 115.1, "scan": [0.248, 0.331, 0.835, 1.226, 0.557, 0.452, 1.887, 1.299, 0.839, 0.399, 0.372, 0.264, 0.382, 0.361, 0.245, 0.292], "d0": "0", "d5": "0", "d11": "0.296", "eff": 1.0, "tick": "324353", "goal": "0", "here": "0", "t": 1789617605.47}
{"x": 1.539, "y": 12.073, "h": 121.3, "scan": [0.224, 0.313, 0.849, 1.18, 0.557, 0.42, 1.893, 1.343, 0.664, 0.39, 0.335, 0.363, 0.39, 0.19, 0.239, 0.24], "d0": "0", "d5": "0", "d11": "0.288", "eff": 0.98, "tick": "324396", "goal": "0", "here": "0", "t": 1789617605.89}
{"x": 1.553, "y": 12.064, "h": 112.4, "scan": [0.204, 0.261, 0.546, 1.156, 1.21, 0.527, 0.355, 1.312, 1.151, 0.491, 0.387, 0.297, null, 0.375, 0.222, 0.265], "d0": "0", "d5": "0", "d11": "0.284", "eff": 0.98, "tick": "324439", "goal": "0", "here": "0", "t": 1789617606.32}
{"x": 1.566, "y": 12.062, "h": 95.5, "scan": [0.224, 0.191, 0.261, 0.571, 1.154, 0.691, 0.505, 1.912, 1.354, 0.749, 0.434, 0.347, 0.358, 0.397, 0.203, 0.205], "d0": "0", "d5": "0", "d11": "0.292", "eff": 0.98, "tick": "324480", "goal": "0", "here": "0", "t": 1789617606.73}
{"x": 1.568, "y": 12.062, "h": 64.5, "scan": [0.216, 0.242, 0.195, 0.247, 0.51, 1.146, 1.21, 0.528, 0.378, 1.34, 1.15, 0.498, 0.415, 0.318, 0.376, 0.35], "d0": "0", "d5": "0", "d11": "0.304", "eff": 0.98, "tick": "324527", "goal": "0", "here": "0", "t": 1789617607.23}
{"x": 1.568, "y": 12.063, "h": 34.4, "scan": [0.414, 0.203, 0.223, null, 0.211, 0.284, 0.836, 1.173, 0.573, 0.452, 1.904, 1.367, 0.699, 0.41, 0.311, 0.378], "d0": "0", "d5": "0", "d11": "0.312", "eff": 0.99, "tick": "324576", "goal": "0", "here": "0", "t": 1789617607.7}
{"x": 1.574, "y": 12.08, "h": 15.0, "scan": [0.371, 0.378, 0.178, 0.223, 0.233, 0.2, 0.293, 0.913, 1.185, 0.563, 0.409, 0.919, 1.349, 0.527, 0.404, 0.279], "d0": "0", "d5": "0", "d11": "0.293", "eff": 0.99, "tick": "324617", "goal": "0", "here": "0", "t": 1789617608.11}
{"x": 1.58, "y": 12.118, "h": 4.8, "scan": [0.296, 0.345, 0.283, 0.186, 0.238, 0.203, 0.243, 0.569, 1.21, 0.717, 0.51, 1.945, 1.376, 0.691, 0.397, 0.275], "d0": "0", "d5": "0", "d11": "0.292", "eff": 0.99, "tick": "324657", "goal": "0", "here": "0", "t": 1789617608.51}
{"x": 1.58, "y": 12.162, "h": 358.1, "scan": [0.227, 0.317, 0.325, 0.169, 0.167, 0.236, 0.242, 0.35, 1.271, 1.302, 0.598, 1.673, 1.302, 0.928, 0.371, 0.29], "d0": "0", "d5": "0", "d11": "0.292", "eff": 0.99, "tick": "324704", "goal": "0", "here": "0", "t": 1789617608.98}
{"x": 1.577, "y": 12.185, "h": 342.9, "scan": [0.217, 0.215, 0.282, 0.296, 0.174, 0.175, 0.266, 0.23, 0.431, 1.213, 1.438, 0.518, 1.993, 1.364, 0.657, 0.333], "d0": "0", "d5": "0", "d11": "0.312", "eff": 0.95, "tick": "324752", "goal": "0", "here": "0", "t": 1789617609.45}
{"x": 1.575, "y": 12.187, "h": 310.6, "scan": [0.355, 0.261, 0.198, 0.278, 0.326, 0.204, 0.166, 0.254, 0.229, 0.363, 1.284, 1.308, 0.578, 1.682, 1.308, 0.927], "d0": "0", "d5": "0", "d11": "0.291", "eff": 0.95, "tick": "324796", "goal": "0", "here": "0", "t": 1789617609.89}
{"x": 1.543, "y": 12.212, "h": 300.8, "scan": [0.387, 0.274, 0.161, 0.196, 0.275, 0.322, 0.181, 0.224, 0.311, 0.32, 0.925, null, 0.627, 1.422, 1.171, 1.318], "d0": "0", "d5": "0", "d11": "0.279", "eff": 0.95, "tick": "324843", "goal": "0", "here": "0", "t": 1789617610.36}
{"x": 1.512, "y": 12.224, "h": 287.5, "scan": [0.854, 0.281, 0.262, 0.167, 0.19, 0.284, 0.317, 0.226, 0.296, 0.29, 0.445, 1.31, 1.347, 0.499, 1.68, 1.271], "d0": "0", "d5": "0", "d11": "0.267", "eff": 0.95, "tick": "324883", "goal": "0", "here": "0", "t": 1789617610.77}
{"x": 1.468, "y": 12.234, "h": 278.7, "scan": [1.229, 0.344, 0.231, 0.222, 0.153, 0.252, 0.321, 0.303, 0.267, 0.365, 0.452, 1.022, 1.295, 0.571, 1.429, 1.154], "d0": "0", "d5": "0", "d11": "0.275", "eff": 0.95, "tick": "324932", "goal": "0", "here": "0", "t": 1789617611.25}
{"x": 1.429, "y": 12.238, "h": 272.2, "scan": [1.238, 0.532, 0.231, 0.225, 0.154, 0.141, 0.322, 0.388, 0.253, 0.373, 0.432, 0.775, 1.355, 0.573, 1.153, 1.841], "d0": "0", "d5": "0", "d11": "0.259", "eff": 0.95, "tick": "324969", "goal": "0", "here": "0", "t": 1789617611.66}
{"x": 1.389, "y": 12.235, "h": 262.4, "scan": [1.165, 0.776, 0.295, 0.208, 0.214, 0.192, 0.177, 0.43, 0.337, 0.424, 0.406, 0.736, 1.27, 0.581, 1.045, 1.603], "d0": "0", "d5": "0", "d11": "0.271", "eff": 0.95, "tick": "325016", "goal": "0", "here": "0", "t": 1789617612.1}
{"x": 1.351, "y": 12.229, "h": 258.4, "scan": [1.149, 0.979, 0.319, 0.212, 0.205, 0.219, 0.181, 0.373, 0.403, 0.429, 0.432, 0.757, 1.288, 0.598, 0.989, 1.522], "d0": "0", "d5": "0", "d11": "0.274", "eff": 0.95, "tick": "325057", "goal": "0", "here": "0", "t": 1789617612.5}
{"x": 1.311, "y": 12.221, "h": 255.4, "scan": [1.08, 1.118, 0.446, 0.216, 0.194, 0.23, 0.226, 0.417, 0.455, 0.431, 0.478, 0.764, 1.352, 0.59, 0.952, 1.368], "d0": "0", "d5": "0", "d11": "0.294", "eff": 0.95, "tick": "325100", "goal": "0", "here": "0", "t": 1789617612.94}
{"x": 1.274, "y": 12.21, "h": 256.3, "scan": [0.941, 1.108, 0.465, 0.257, 0.216, 0.214, 0.262, 0.26, 0.486, 0.429, 0.486, 0.764, 1.355, 0.6, 0.931, 1.283], "d0": "0", "d5": "0", "d11": "0.304", "eff": 0.95, "tick": "325141", "goal": "0", "here": "0", "t": 1789617613.35}
{"x": 1.237, "y": 12.197, "h": 250.1, "scan": [0.678, 1.069, 0.643, 0.358, 0.218, 0.201, 0.291, 0.269, 0.567, 0.468, 0.508, 0.783, 1.356, 0.582, 0.873, 1.23], "d0": "0", "d5": "0", "d11": "0.323", "eff": 0.95, "tick": "325185", "goal": "0", "here": "0", "t": 1789617613.78}
{"x": 1.195, "y": 12.182, "h": 250.1, "scan": [0.614, 1.021, 0.66, 0.373, 0.249, 0.23, 0.255, 0.316, 0.593, 0.498, 0.542, 0.783, 1.361, 0.532, 0.848, 1.173], "d0": "0", "d5": "0", "d11": "0.324", "eff": 0.95, "tick": "325232", "goal": "0", "here": "0", "t": 1789617614.26}
{"x": 1.158, "y": 12.167, "h": 248.0, "scan": [0.561, 0.983, 0.796, 0.375, 0.267, 0.238, 0.246, 0.358, 0.63, 0.564, 0.562, 0.808, 1.358, 0.294, 0.83, 1.132], "d0": "0", "d5": "0", "d11": "0.322", "eff": 0.95, "tick": "325275", "goal": "0", "here": "0", "t": 1789617614.68}
{"x": 1.124, "y": 12.153, "h": 246.9, "scan": [0.553, 0.967, 0.763, 0.384, 0.313, 0.254, 0.267, 0.369, 0.666, 0.608, 0.636, 0.833, 1.349, 0.745, 0.81, 1.144], "d0": "0", "d5": "0", "d11": "0.341", "eff": 0.95, "tick": "325316", "goal": "0", "here": "0", "t": 1789617615.09}
{"x": 1.082, "y": 12.139, "h": 254.5, "scan": [0.761, 0.934, 0.604, 0.362, 0.347, 0.257, 0.276, 0.401, 0.686, 0.644, 0.66, 1.008, 0.274, 0.707, 0.851, 1.195], "d0": "0", "d5": "0", "d11": "0.341", "eff": 0.95, "tick": "325360", "goal": "0", "here": "0", "t": 1789617615.57}
{"x": 1.043, "y": 12.13, "h": 262.6, "scan": [0.871, 0.925, 0.518, 0.345, 0.318, 0.271, 0.333, 0.462, 0.645, 0.634, 0.87, 0.217, 0.694, 0.721, 0.864, 1.281], "d0": "0", "d5": "0", "d11": "0.327", "eff": 0.95, "tick": "325406", "goal": "0", "here": "0", "t": 1789617616.0}
{"x": 1.006, "y": 12.124, "h": 264.7, "scan": [0.82, 0.854, 0.52, 0.334, 0.341, 0.282, 0.351, 0.481, 0.667, 0.683, 0.887, 0.274, 0.731, 0.789, 0.965, 1.482], "d0": "0", "d5": "0", "d11": "0.323", "eff": 0.95, "tick": "325447", "goal": "0", "here": "0", "t": 1789617616.41}
{"x": 0.967, "y": 12.122, "h": 265.5, "scan": [0.792, 0.813, 0.467, 0.327, 0.347, 0.284, 0.335, 0.736, 0.743, 0.757, 0.94, 0.357, 0.683, 0.745, 1.046, 0.428], "d0": "0", "d5": "0", "d11": "0.311", "eff": 0.94, "tick": "325488", "goal": "0", "here": "0", "t": 1789617616.82}
{"x": 0.927, "y": 12.121, "h": 269.5, "scan": [0.776, 0.668, 0.462, 0.305, 0.346, 0.29, 0.392, 0.814, 0.81, 0.778, 0.311, 0.678, 0.644, 0.778, 1.056, 0.605], "d0": "0", "d5": "0", "d11": "0.308", "eff": 0.94, "tick": "325532", "goal": "0", "here": "0", "t": 1789617617.26}
{"x": 0.887, "y": 12.123, "h": 271.6, "scan": [0.767, 0.624, 0.429, 0.327, 0.342, 0.298, 0.425, 0.858, 0.828, 0.883, 0.354, 0.737, 0.736, 0.775, 1.119, 0.618], "d0": "0", "d5": "0", "d11": "0.289", "eff": 0.94, "tick": "325577", "goal": "0", "here": "0", "t": 1789617617.7}
{"x": 0.849, "y": 12.127, "h": 277.2, "scan": [0.728, 0.573, 0.39, 0.331, 0.319, 0.308, 0.429, 0.88, 0.796, 0.981, 0.395, 0.713, 0.746, 0.814, 0.308, 0.672], "d0": "0", "d5": "0", "d11": "0.287", "eff": 0.94, "tick": "325618", "goal": "0", "here": "0", "t": 1789617618.12}
{"x": 0.809, "y": 12.134, "h": 281.7, "scan": [0.719, 0.56, 0.388, 0.32, 0.307, 0.333, 0.46, 0.916, 0.862, 0.39, 0.644, 0.662, 0.745, 0.934, 0.311, 0.675], "d0": "0", "d5": "0", "d11": "0.277", "eff": 0.94, "tick": "325662", "goal": "0", "here": "0", "t": 1789617618.55}
{"x": 0.769, "y": 12.144, "h": 286.4, "scan": [0.674, 0.505, 0.364, 0.312, 0.286, 0.372, 0.509, 0.862, 0.896, 0.436, 0.745, 0.698, 0.752, 0.961, 0.464, 0.625], "d0": "0", "d5": "0", "d11": "0.254", "eff": 0.94, "tick": "325705", "goal": "0", "here": "0", "t": 1789617618.99}
{"x": 0.735, "y": 12.155, "h": 288.8, "scan": [0.659, 0.488, 0.335, 0.329, 0.284, 0.37, 0.521, 0.882, 0.951, 0.466, 0.792, 0.763, null, 0.261, 0.483, 0.594], "d0": "0", "d5": "0", "d11": "0.272", "eff": 0.94, "tick": "325746", "goal": "0", "here": "0", "t": 1789617619.39}
{"x": 0.695, "y": 12.167, "h": 287.6, "scan": [0.612, 0.447, 0.313, 0.313, 0.294, 0.392, 0.52, 0.93, 0.975, 0.507, 0.794, 0.76, 0.755, 0.277, 0.488, 0.585], "d0": "0", "d5": "0", "d11": "0.272", "eff": 0.94, "tick": "325790", "goal": "0", "here": "0", "t": 1789617619.83}
{"x": 0.659, "y": 12.179, "h": 285.8, "scan": [0.578, 0.426, 0.269, 0.299, 0.275, 0.384, 0.528, 0.939, 1.02, 0.553, 0.836, 0.764, 0.24, 0.317, 0.501, 0.521], "d0": "0", "d5": "0", "d11": "0.281", "eff": 0.94, "tick": "325831", "goal": "0", "here": "0", "t": 1789617620.24}
{"x": 0.621, "y": 12.193, "h": 291.1, "scan": [0.544, 0.377, 0.26, 0.281, 0.284, 0.369, 0.528, 0.98, 1.047, 0.619, 0.802, 0.765, 0.248, 0.384, 0.535, 0.505], "d0": "0", "d5": "0", "d11": "0.289", "eff": 0.94, "tick": "325875", "goal": "0", "here": "0", "t": 1789617620.68}
{"x": 0.585, "y": 12.206, "h": 288.7, "scan": [0.494, 0.351, 0.24, 0.257, 0.285, 0.313, 0.471, 1.026, 1.077, 0.636, 0.801, 0.801, 0.265, 0.41, 0.527, 0.489], "d0": "0", "d5": "0", "d11": "0.300", "eff": 0.94, "tick": "325916", "goal": "0", "here": "0", "t": 1789617621.09}
{"x": 0.547, "y": 12.22, "h": 287.1, "scan": [0.471, 0.317, 0.286, 0.234, 0.27, 0.294, 0.45, null, 1.115, 0.682, 0.827, 0.266, 0.273, 0.379, 0.5, 0.454], "d0": "0", "d5": "0", "d11": "0.281", "eff": 0.97, "tick": "325960", "goal": "0", "here": "0", "t": 1789617621.53}
{"x": 0.51, "y": 12.23, "h": 282.9, "scan": [0.441, 0.297, 0.299, 0.192, 0.246, 0.3, 0.489, 1.166, 1.152, 0.693, 0.887, 0.261, 0.282, 0.373, 0.471, 0.438], "d0": "0", "d5": "0", "d11": "0.292", "eff": 0.97, "tick": "326000", "goal": "0", "here": "0", "t": 1789617621.94}
{"x": 0.473, "y": 12.238, "h": 279.9, "scan": [0.399, 0.289, 0.264, 0.23, 0.188, 0.269, 0.337, 0.855, 1.147, 0.728, 0.972, 0.272, 0.301, 0.372, 0.453, 0.374], "d0": "0", "d5": "0", "d11": "0.293", "eff": 0.97, "tick": "326041", "goal": "0", "here": "0", "t": 1789617622.35}
{"x": 0.436, "y": 12.245, "h": 277.4, "scan": [0.368, 0.368, 0.225, 0.249, 0.198, 0.267, 0.347, 0.594, 1.237, 0.747, 0.996, 0.297, 0.324, 0.365, 0.446, 0.345], "d0": "0", "d5": "0", "d11": "0.305", "eff": 0.97, "tick": "326082", "goal": "0", "here": "0", "t": 1789617622.75}
{"x": 0.392, "y": 12.248, "h": 271.8, "scan": [0.341, 0.336, 0.205, 0.221, 0.238, 0.216, 0.337, 0.559, 1.169, 0.756, 1.034, 0.306, 0.297, 0.355, 0.387, 0.325], "d0": "0", "d5": "0", "d11": "0.320", "eff": 0.97, "tick": "326128", "goal": "0", "here": "0", "t": 1789617623.22}
{"x": 0.355, "y": 12.246, "h": 265.3, "scan": [0.285, 0.297, 0.286, 0.192, 0.236, 0.222, 0.298, 0.417, 1.276, 1.289, 0.975, 0.334, 0.292, 0.323, 0.338, 0.3], "d0": "0", "d5": "0", "d11": "0.319", "eff": 0.97, "tick": "326168", "goal": "0", "here": "0", "t": 1789617623.62}
{"x": 0.316, "y": 12.241, "h": 258.0, "scan": [0.264, 0.281, 0.276, 0.205, 0.187, 0.256, 0.232, 0.433, 0.992, 1.293, 0.856, 0.315, 0.308, 0.308, 0.322, 0.247], "d0": "0", "d5": "0", "d11": "0.346", "eff": 0.97, "tick": "326209", "goal": "0", "here": "0", "t": 1789617624.06}
{"x": 0.275, "y": 12.232, "h": 256.2, "scan": [0.208, 0.234, 0.247, 0.256, 0.167, 0.224, 0.264, 0.375, 0.676, 1.356, 0.863, 0.357, 0.313, 0.318, 0.294, 0.252], "d0": "0", "d5": "0", "d11": "0.357", "eff": 0.97, "tick": "326259", "goal": "0", "here": "0", "t": 1789617624.52}
{"x": 0.274, "y": 12.231, "h": 225.3, "scan": [0.307, 0.218, 0.232, 0.236, 0.258, 0.196, 0.184, 0.268, 0.283, 0.487, 1.368, 0.846, 1.089, 0.308, 0.302, 0.285], "d0": "0", "d5": "0", "d11": "0.357", "eff": 0.99, "tick": "326306", "goal": "0", "here": "0", "t": 1789617624.99}
{"x": 0.27, "y": 12.22, "h": 199.7, "scan": [0.283, 0.315, 0.214, 0.22, 0.225, 0.275, 0.216, 0.203, 0.3, 0.282, 0.479, 1.353, 0.832, 1.091, 0.293, 0.316], "d0": "0", "d5": "0", "d11": "0.374", "eff": 0.99, "tick": "326350", "goal": "0", "here": "0", "t": 1789617625.43}
{"x": 0.26, "y": 12.184, "h": 191.9, "scan": [0.247, 0.252, 0.213, null, 0.218, 0.254, 0.29, 0.214, 0.291, 0.283, 0.489, 1.032, 1.327, 0.916, 0.293, 0.303], "d0": "0", "d5": "0", "d11": "0.426", "eff": 0.99, "tick": "326388", "goal": "0", "here": "0", "t": 1789617625.84}
{"x": 0.257, "y": 12.155, "h": 175.5, "scan": [0.24, 0.223, 0.255, 0.194, 0.192, 0.215, 0.275, 0.292, 0.227, 0.342, 0.387, 0.69, 1.313, 0.835, 0.297, 0.233], "d0": "0", "d5": "0", "d11": "0.399", "eff": 0.99, "tick": "326432", "goal": "0", "here": "0", "t": 1789617626.28}
{"x": 0.263, "y": 12.13, "h": 159.6, "scan": [0.243, 0.218, 0.195, 0.232, 0.195, 0.203, 0.245, 0.29, 0.288, 0.284, 0.344, 0.469, 0.738, 1.395, 0.817, 0.265], "d0": "0", "d5": "0", "d11": "0.387", "eff": 0.97, "tick": "326475", "goal": "0", "here": "0", "t": 1789617626.69}
{"x": 0.274, "y": 12.115, "h": 139.6, "scan": [0.228, 0.22, 0.206, 0.194, 0.211, 0.193, 0.185, 0.246, 0.305, 0.301, 0.323, 0.355, 0.524, 0.812, 1.375, 0.824], "d0": "0", "d5": "0", "d11": "0.379", "eff": 0.97, "tick": "326519", "goal": "0", "here": "0", "t": 1789617627.13}
{"x": 0.285, "y": 12.105, "h": 115.0, "scan": [0.8, 0.228, 0.22, 0.194, 0.178, 0.209, 0.213, 0.206, 0.251, 0.319, 0.32, 0.347, 0.362, 0.499, null, 1.361], "d0": "0", "d5": "0", "d11": "0.413", "eff": 0.97, "tick": "326567", "goal": "0", "here": "0", "t": 1789617627.6}
{"x": 0.318, "y": 12.098, "h": 97.8, "scan": [1.309, 0.939, 0.198, 0.194, 0.176, 0.203, 0.22, 0.238, 0.236, 0.329, 0.367, 0.284, 0.378, 0.414, 0.59, 1.35], "d0": "0", "d5": "0", "d11": "0.429", "eff": 0.97, "tick": "326611", "goal": "0", "here": "0", "t": 1789617628.05}
{"x": 0.356, "y": 12.097, "h": 89.1, "scan": [1.291, 0.739, 0.217, 0.178, 0.178, 0.185, 0.224, 0.321, 0.25, 0.316, 0.398, 0.323, 0.379, 0.358, 0.493, 0.717], "d0": "0", "d5": "0", "d11": "0.445", "eff": 0.97, "tick": "326651", "goal": "0", "here": "0", "t": 1789617628.45}
{"x": 0.396, "y": 12.101, "h": 80.3, "scan": [1.264, 0.687, 0.85, 0.187, 0.181, 0.186, 0.222, 0.253, 0.322, 0.321, 0.395, 0.337, 0.37, 0.317, 0.451, 0.622], "d0": "0", "d5": "0", "d11": "0.463", "eff": 0.97, "tick": "326695", "goal": "0", "here": "0", "t": 1789617628.89}
{"x": 0.439, "y": 12.112, "h": 73.3, "scan": [0.925, 1.188, 0.691, 0.884, 0.185, 0.178, 0.23, 0.26, 0.347, 0.335, 0.404, 0.364, 0.368, 0.293, 0.416, 0.55], "d0": "0", "d5": "0", "d11": "0.455", "eff": 0.97, "tick": "326739", "goal": "0", "here": "0", "t": 1789617629.36}
{"x": 0.475, "y": 12.125, "h": 68.0, "scan": [0.717, 1.17, 0.632, 0.906, 0.205, 0.152, 0.214, 0.282, 0.417, 0.372, 0.429, 0.395, 0.372, 0.305, 0.363, 0.406], "d0": "0", "d5": "0", "d11": "0.451", "eff": 0.96, "tick": "326784", "goal": "0", "here": "0", "t": 1789617629.78}
{"x": 0.511, "y": 12.141, "h": 66.4, "scan": [0.677, 1.142, 0.631, 0.89, 0.76, 0.199, 0.213, 0.305, 0.448, 0.41, 0.472, 0.334, 0.371, 0.284, 0.369, 0.399], "d0": "0", "d5": "0", "d11": "0.439", "eff": 0.96, "tick": "326828", "goal": "0", "here": "0", "t": 1789617630.22}
{"x": 0.543, "y": 12.152, "h": 72.3, "scan": [0.827, 1.123, 0.617, 0.897, 0.792, 0.197, 0.239, 0.353, 0.438, 0.441, 0.502, 0.361, 0.304, 0.312, 0.35, 0.489], "d0": "0", "d5": "0", "d11": "0.427", "eff": 0.96, "tick": "326872", "goal": "0", "here": "0", "t": 1789617630.65}
{"x": 0.574, "y": 12.161, "h": 76.8, "scan": [1.116, 1.056, 0.596, 0.865, 0.777, 0.199, 0.262, 0.388, 0.452, 0.525, 0.511, 0.373, 0.277, 0.32, 0.33, 0.473], "d0": "0", "d5": "0", "d11": "0.389", "eff": 0.96, "tick": "326912", "goal": "0", "here": "0", "t": 1789617631.06}
{"x": 0.605, "y": 12.166, "h": 83.7, "scan": [1.081, 1.066, 0.588, 0.849, 0.774, 0.24, 0.267, 0.42, 0.475, 0.53, 0.409, 0.348, 0.303, 0.306, 0.326, 0.463], "d0": "0", "d5": "0", "d11": "0.372", "eff": 0.96, "tick": "326953", "goal": "0", "here": "0", "t": 1789617631.46}
{"x": 0.643, "y": 12.17, "h": 86.5, "scan": [0.961, 1.025, 0.573, 0.808, 0.737, 0.237, 0.309, 0.477, 0.529, 0.565, 0.41, 0.282, 0.307, 0.29, 0.395, 0.556], "d0": "0", "d5": "0", "d11": "0.379", "eff": 0.96, "tick": "326998", "goal": "0", "here": "0", "t": 1789617631.94}
{"x": 0.676, "y": 12.17, "h": 90.8, "scan": [1.002, 1.091, 0.582, 0.751, 0.731, 0.238, 0.368, 0.548, 0.558, 0.597, 0.422, 0.299, 0.327, 0.276, 0.407, 0.711], "d0": "0", "d5": "0", "d11": "0.379", "eff": 0.96, "tick": "327042", "goal": "0", "here": "0", "t": 1789617632.35}
{"x": 0.708, "y": 12.167, "h": 95.6, "scan": [0.977, 0.449, 0.72, 0.738, 0.767, 0.244, 0.387, 0.614, 0.606, 0.472, 0.324, 0.313, 0.298, 0.32, 0.397, 0.721], "d0": "0", "d5": "0", "d11": "0.374", "eff": 0.96, "tick": "327083", "goal": "0", "here": "0", "t": 1789617632.76}
{"x": 0.741, "y": 12.162, "h": 101.2, "scan": [0.918, null, 0.765, 0.705, 0.775, 0.258, 0.43, 0.61, 0.648, 0.474, 0.337, 0.328, 0.264, 0.366, 0.462, 0.975], "d0": "0", "d5": "0", "d11": "0.379", "eff": 0.96, "tick": "327126", "goal": "0", "here": "0", "t": 1789617633.19}
{"x": 0.776, "y": 12.153, "h": 105.5, "scan": [0.903, 0.453, 0.784, 0.717, 0.745, 0.271, 0.493, 0.619, 0.674, 0.49, 0.352, 0.304, 0.293, 0.354, 0.622, 0.867], "d0": "0", "d5": "0", "d11": "0.385", "eff": 0.96, "tick": "327169", "goal": "0", "here": "0", "t": 1789617633.63}
{"x": 0.807, "y": 12.143, "h": 110.9, "scan": [0.878, 0.429, 0.761, 0.73, 0.756, 0.274, 0.542, 0.648, 0.718, 0.408, 0.352, 0.28, 0.354, 0.352, 0.604, 0.857], "d0": "0", "d5": "0", "d11": "0.386", "eff": 0.96, "tick": "327212", "goal": "0", "here": "0", "t": 1789617634.05}
{"x": 0.839, "y": 12.128, "h": 115.9, "scan": [0.93, 0.407, 0.744, 0.732, 0.75, 0.293, 0.603, 0.718, 0.582, 0.398, 0.367, 0.307, 0.349, 0.409, 0.898, 0.876], "d0": "0", "d5": "0", "d11": "0.387", "eff": 0.96, "tick": "327257", "goal": "0", "here": "0", "t": 1789617634.5}
{"x": 0.871, "y": 12.11, "h": 119.5, "scan": [0.33, 0.386, 0.696, 0.721, 0.812, 1.139, 0.666, 0.737, 0.601, 0.439, 0.311, 0.369, 0.351, 0.581, 0.863, 0.775], "d0": "0", "d5": "0", "d11": "0.390", "eff": 0.96, "tick": "327299", "goal": "0", "here": "0", "t": 1789617634.96}
{"x": 0.897, "y": 12.092, "h": 129.5, "scan": [0.296, 0.36, 0.663, 0.715, 0.885, 1.316, 0.749, 0.787, 0.637, 0.443, 0.337, 0.361, 0.376, 0.566, 0.743, 0.787], "d0": "0", "d5": "0", "d11": "0.411", "eff": 0.96, "tick": "327343", "goal": "0", "here": "0", "t": 1789617635.37}
{"x": 0.925, "y": 12.07, "h": 132.2, "scan": [0.285, 0.603, 0.637, 0.69, 0.943, 1.432, 0.771, 0.794, 0.51, 0.435, 0.364, 0.361, 0.414, 0.782, 0.774, 0.767], "d0": "0", "d5": "0", "d11": "0.405", "eff": 0.96, "tick": "327389", "goal": "0", "here": "0", "t": 1789617635.82}
{"x": 0.947, "y": 12.049, "h": 136.7, "scan": [0.276, 0.619, 0.601, 0.715, 0.98, 1.392, 0.767, 0.849, 0.525, 0.4, 0.4, 0.372, 0.551, 0.836, 0.773, 0.772], "d0": "0", "d5": "0", "d11": "0.406", "eff": 0.96, "tick": "327426", "goal": "0", "here": "0", "t": 1789617636.23}
{"x": 0.968, "y": 12.025, "h": 137.7, "scan": [0.226, 0.62, 0.574, 0.721, 0.985, 1.42, 0.776, 0.862, 0.543, 0.404, 0.406, 0.401, 0.545, 0.772, 0.712, 0.194], "d0": "0", "d5": "0", "d11": "0.386", "eff": 0.95, "tick": "327471", "goal": "0", "here": "0", "t": 1789617636.64}
{"x": 0.981, "y": 12.015, "h": 127.4, "scan": [0.192, 0.256, 0.6, 0.634, 0.722, 1.148, 0.433, 0.877, 0.734, 0.518, 0.416, 0.379, 0.445, 0.757, 0.712, 0.707], "d0": "0", "d5": "0", "d11": "0.377", "eff": 0.95, "tick": "327514", "goal": "0", "here": "0", "t": 1789617637.08}
{"x": 0.988, "y": 12.012, "h": 103.6, "scan": [0.703, 0.204, 0.244, 0.602, 0.626, 0.723, 1.122, 0.391, 0.871, 0.743, 0.533, 0.431, 0.371, 0.42, 0.722, 0.69], "d0": "0", "d5": "0", "d11": "0.365", "eff": 0.92, "tick": "327562", "goal": "0", "here": "0", "t": 1789617637.56}
{"x": 1.006, "y": 12.012, "h": 88.3, "scan": [0.74, 0.663, 0.206, 0.245, 0.593, 0.672, 0.765, 1.28, 0.77, 0.909, 0.615, 0.467, 0.411, 0.374, 0.539, 0.806], "d0": "0", "d5": "0", "d11": "0.382", "eff": 0.92, "tick": "327603", "goal": "0", "here": "0", "t": 1789617637.96}
{"x": 1.034, "y": 12.016, "h": 69.3, "scan": [0.71, 0.643, 0.706, 0.171, 0.225, 0.577, 0.675, 0.992, 1.469, 0.847, 0.92, 0.611, 0.414, 0.373, 0.394, 0.536], "d0": "0", "d5": "0", "d11": "0.362", "eff": 0.92, "tick": "327647", "goal": "0", "here": "0", "t": 1789617638.43}
{"x": 1.074, "y": 12.035, "h": 62.6, "scan": [0.743, 0.679, 0.643, 0.794, 0.154, 0.595, 0.647, 0.775, 1.252, 0.813, 0.936, 0.594, 0.409, 0.361, 0.361, 0.472], "d0": "0", "d5": "0", "d11": "0.366", "eff": 0.92, "tick": "327696", "goal": "0", "here": "0", "t": 1789617638.9}
{"x": 1.107, "y": 12.055, "h": 57.6, "scan": [0.659, 0.605, 0.588, 0.772, 1.002, 0.206, 0.616, 0.745, 1.173, 0.509, 0.96, 0.662, 0.435, 0.359, 0.355, 0.471], "d0": "0", "d5": "0", "d11": "0.348", "eff": 0.92, "tick": "327737", "goal": "0", "here": "0", "t": 1789617639.31}
{"x": 1.133, "y": 12.071, "h": 60.1, "scan": [0.651, 0.57, 0.557, 0.763, 1.032, 0.211, 0.622, 0.838, 1.305, 0.882, 0.981, 0.625, 0.451, 0.314, 0.322, 0.42], "d0": "0", "d5": "0", "d11": "0.365", "eff": 0.92, "tick": "327778", "goal": "0", "here": "0", "t": 1789617639.72}
{"x": 1.165, "y": 12.088, "h": 64.8, "scan": [0.679, 0.574, 0.565, 0.76, 1.251, 0.202, 0.667, 0.877, 1.57, 0.963, 0.984, 0.577, 0.422, 0.332, 0.312, 0.395], "d0": "0", "d5": "0", "d11": "0.389", "eff": 0.92, "tick": "327822", "goal": "0", "here": "0", "t": 1789617640.16}
{"x": 1.195, "y": 12.1, "h": 70.7, "scan": [0.601, 0.555, 0.554, 0.738, 1.285, 0.43, 0.743, 1.059, 1.609, 0.987, 0.832, 0.45, 0.305, 0.289, 0.368, 0.366], "d0": "0", "d5": "0", "d11": "0.367", "eff": 0.92, "tick": "327863", "goal": "0", "here": "0", "t": 1789617640.57}
{"x": 1.225, "y": 12.109, "h": 72.8, "scan": [0.492, 0.511, 0.533, 0.747, 1.226, 0.457, 0.817, 1.185, 0.602, 1.072, 0.681, 0.445, 0.314, 0.295, 0.352, 0.532], "d0": "0", "d5": "0", "d11": "0.380", "eff": 0.92, "tick": "327904", "goal": "0", "here": "0", "t": 1789617640.97}
{"x": 1.257, "y": 12.117, "h": 77.5, "scan": [0.437, 0.486, 0.505, 0.803, 1.194, 0.448, 0.838, 1.287, 0.918, 1.082, 0.623, 0.346, 0.292, 0.32, 0.324, 0.524], "d0": "0", "d5": "0", "d11": "0.360", "eff": 0.92, "tick": "327945", "goal": "0", "here": "0", "t": 1789617641.38}
{"x": 1.288, "y": 12.122, "h": 83.4, "scan": [0.427, 0.442, 0.52, 0.939, 1.24, 0.44, 0.905, 1.443, 1.092, 1.095, 0.495, 0.314, 0.27, 0.338, 0.308, 0.54], "d0": "0", "d5": "0", "d11": "0.358", "eff": 0.92, "tick": "327986", "goal": "0", "here": "0", "t": 1789617641.79}
{"x": 1.321, "y": 12.125, "h": 86.0, "scan": [0.417, 0.4, 0.508, 0.948, 1.246, 0.444, 0.964, 1.682, 1.096, 0.946, 0.486, 0.3, 0.285, 0.298, 0.438, 0.487], "d0": "0", "d5": "0", "d11": "0.341", "eff": 0.92, "tick": "328027", "goal": "0", "here": "0", "t": 1789617642.2}
{"x": 1.357, "y": 12.124, "h": 93.9, "scan": [0.439, 0.392, 0.648, 0.992, 1.187, 0.445, 1.029, 1.759, 1.161, 0.747, 0.358, 0.292, null, 0.258, 0.461, 0.389], "d0": "0", "d5": "0", "d11": "0.308", "eff": 0.92, "tick": "328073", "goal": "0", "here": "0", "t": 1789617642.66}
{"x": 1.39, "y": 12.12, "h": 97.1, "scan": [0.4, 0.398, 0.635, 1.252, 1.232, 0.445, 1.264, 0.744, 1.22, 0.555, 0.35, 0.297, 0.3, 0.301, 0.495, 0.319], "d0": "0", "d5": "0", "d11": "0.288", "eff": 0.92, "tick": "328114", "goal": "0", "here": "0", "t": 1789617643.07}
{"x": 1.423, "y": 12.114, "h": 102.8, "scan": [0.349, 0.379, 0.621, 1.254, 1.224, 0.452, 1.367, 1.075, 1.233, 0.578, 0.333, 0.319, 0.247, 0.402, 0.427, 0.318], "d0": "0", "d5": "0", "d11": "0.298", "eff": 0.92, "tick": "328156", "goal": "0", "here": "0", "t": 1789617643.5}
{"x": 1.454, "y": 12.106, "h": 106.4, "scan": [0.297, 0.374, 0.618, 1.182, 1.249, 0.439, 1.524, 1.227, 1.076, 0.448, 0.333, 0.325, 0.287, 0.397, 0.311, 0.325], "d0": "0", "d5": "0", "d11": "0.300", "eff": 0.92, "tick": "328197", "goal": "0", "here": "0", "t": 1789617643.9}
{"x": 1.487, "y": 12.094, "h": 110.1, "scan": [0.262, 0.374, 0.624, 1.182, 0.587, 0.421, 1.792, 1.233, 0.887, 0.435, 0.365, 0.279, 0.381, 0.414, 0.25, 0.334], "d0": "0", "d5": "0", "d11": "0.290", "eff": 0.92, "tick": "328241", "goal": "0", "here": "0", "t": 1789617644.35}
{"x": 1.515, "y": 12.081, "h": 116.7, "scan": [0.258, 0.319, 0.828, 1.231, 0.561, 0.433, 1.875, 1.294, 0.83, 0.402, 0.38, 0.291, 0.395, 0.368, 0.25, 0.287], "d0": "0", "d5": "0", "d11": "0.279", "eff": 0.92, "tick": "328282", "goal": "0", "here": "0", "t": 1789617644.75}
{"x": 1.544, "y": 12.065, "h": 121.1, "scan": [0.217, 0.305, 0.868, 1.171, 0.55, 0.439, 1.912, 1.342, 0.69, 0.394, 0.316, 0.347, 0.395, 0.203, 0.259, 0.226], "d0": "0", "d5": "0", "d11": "0.293", "eff": 0.92, "tick": "328323", "goal": "0", "here": "0", "t": 1789617645.16}
{"x": 1.548, "y": 12.063, "h": 97.2, "scan": [0.235, 0.22, 0.302, 0.811, 1.207, 0.58, 0.457, 1.903, 1.342, 0.726, 0.407, 0.359, 0.348, 0.379, 0.223, 0.23], "d0": "0", "d5": "0", "d11": "0.283", "eff": 0.91, "tick": "328369", "goal": "0", "here": "0", "t": 1789617645.63}
{"x": 1.554, "y": 12.063, "h": 74.5, "scan": [0.242, 0.255, 0.22, 0.293, 0.585, 1.198, 0.644, 0.5, 1.918, 1.326, 0.858, 0.424, 0.349, 0.331, 0.376, 0.219], "d0": "0", "d5": "0", "d11": "0.282", "eff": 0.89, "tick": "328414", "goal": "0", "here": "0", "t": 1789617646.07}
{"x": 1.561, "y": 12.068, "h": 48.2, "scan": [0.227, 0.215, 0.245, 0.217, 0.281, 0.565, 1.124, 1.343, 0.504, 0.357, 1.307, 0.924, 0.441, 0.365, 0.311, 0.397], "d0": "0", "d5": "0", "d11": "0.300", "eff": 0.88, "tick": "328458", "goal": "0", "here": "0", "t": 1789617646.51}
{"x": 1.562, "y": 12.068, "h": 21.6, "scan": [0.376, 0.343, 0.208, 0.252, 0.195, 0.254, 0.518, 1.145, 1.198, 0.537, 0.36, 1.328, 1.009, 0.486, 0.412, 0.278], "d0": "0", "d5": "0", "d11": "0.286", "eff": 0.88, "tick": "328500", "goal": "0", "here": "0", "t": 1789617646.94}
{"x": 1.569, "y": 12.101, "h": 9.1, "scan": [0.353, 0.382, 0.163, 0.197, 0.215, 0.215, 0.303, 0.873, 1.217, 0.578, 0.437, 1.843, 1.36, 0.683, 0.383, 0.264], "d0": "0", "d5": "0", "d11": "0.268", "eff": 0.86, "tick": "328541", "goal": "0", "here": "0", "t": 1789617647.35}
{"x": 1.573, "y": 12.143, "h": 359.7, "scan": [0.271, 0.324, 0.306, 0.156, 0.214, 0.258, 0.254, 0.61, 1.195, 1.39, 0.53, 1.96, 1.355, 0.682, 0.34, 0.253], "d0": "0", "d5": "0", "d11": "0.283", "eff": 0.86, "tick": "328587", "goal": "0", "here": "0", "t": 1789617647.8}
{"x": 1.571, "y": 12.179, "h": 351.9, "scan": [0.196, 0.284, 0.289, 0.263, 0.148, 0.232, 0.243, 0.315, 0.911, 1.279, 0.613, null, 1.271, 1.158, 0.416, 0.316], "d0": "0", "d5": "0", "d11": "0.288", "eff": 0.86, "tick": "328632", "goal": "0", "here": "0", "t": 1789617648.31}
{"x": 1.568, "y": 12.189, "h": 323.0, "scan": [0.318, 0.181, 0.241, 0.267, 0.287, 0.135, 0.211, 0.266, 0.271, 0.645, 1.304, 0.641, 0.449, 0.902, 1.345, 0.457], "d0": "0", "d5": "0", "d11": "0.316", "eff": 0.86, "tick": "328684", "goal": "0", "here": "0", "t": 1789617648.77}
{"x": 1.547, "y": 12.207, "h": 308.1, "scan": [0.3, 0.269, 0.164, 0.263, 0.279, 0.279, 0.167, 0.235, 0.255, 0.395, 1.3, 1.336, 0.595, 1.676, 1.294, 0.896], "d0": "0", "d5": "0", "d11": "0.338", "eff": 0.86, "tick": "328728", "goal": "0", "here": "0", "t": 1789617649.21}
{"x": 1.519, "y": 12.225, "h": 296.4, "scan": [0.593, 0.287, 0.229, 0.178, 0.257, 0.284, 0.292, 0.2, 0.308, 0.292, 0.659, 1.285, 0.663, 0.405, 1.938, 1.308], "d0": "0", "d5": "0", "d11": "0.367", "eff": 0.86, "tick": "328773", "goal": "0", "here": "0", "t": 1789617649.66}
{"x": 1.478, "y": 12.238, "h": 281.2, "scan": [0.891, 0.301, 0.25, 0.203, 0.127, 0.292, 0.347, 0.28, 0.274, 0.341, 0.473, 1.326, 1.342, 0.53, 1.557, 1.274], "d0": "0", "d5": "0", "d11": "0.412", "eff": 0.86, "tick": "328817", "goal": "0", "here": "0", "t": 1789617650.11}
{"x": 1.44, "y": 12.243, "h": 272.6, "scan": [1.237, 0.511, 0.211, 0.23, 0.15, 0.148, 0.314, 0.377, 0.261, 0.37, 0.43, 0.965, 1.354, 0.593, 1.191, 0.837], "d0": "0", "d5": "0", "d11": "0.401", "eff": 0.86, "tick": "328858", "goal": "0", "here": "0", "t": 1789617650.52}
{"x": 1.402, "y": 12.242, "h": 265.4, "scan": [1.195, 0.739, 0.26, 0.212, 0.247, 0.173, 0.187, 0.416, 0.297, 0.403, 0.399, 0.747, 1.295, 0.594, 1.079, 1.822], "d0": "0", "d5": "0", "d11": "0.421", "eff": 0.86, "tick": "328899", "goal": "0", "here": "0", "t": 1789617650.93}
{"x": 1.365, "y": 12.238, "h": 260.6, "scan": [1.15, 0.814, 0.258, 0.194, 0.218, 0.207, 0.181, 0.393, 0.38, 0.407, 0.452, 0.749, 1.296, 0.598, 1.026, 1.546], "d0": "0", "d5": "0", "d11": "0.426", "eff": 0.86, "tick": "328940", "goal": "0", "here": "0", "t": 1789617651.34}
{"x": 1.325, "y": 12.231, "h": 260.0, "scan": [1.147, 0.964, 0.455, 0.233, 0.198, 0.224, 0.2, 0.383, 0.459, 0.432, 0.449, 0.743, 1.369, 0.591, 0.973, 1.451], "d0": "0", "d5": "0", "d11": "0.434", "eff": 0.86, "tick": "328982", "goal": "0", "here": "0", "t": 1789617651.76}
{"x": 1.287, "y": 12.221, "h": 254.1, "scan": [0.976, 1.097, 0.452, 0.261, 0.187, 0.217, 0.231, 0.262, 0.491, 0.438, 0.458, 0.752, 1.364, 0.619, 0.926, 1.291], "d0": "0", "d5": "0", "d11": "0.421", "eff": 0.86, "tick": "329024", "goal": "0", "here": "0", "t": 1789617652.18}
{"x": 1.249, "y": 12.208, "h": 250.0, "scan": [0.716, 1.069, 0.641, null, 0.213, 0.209, 0.268, 0.242, 0.54, 0.455, 0.479, 0.775, 1.34, 0.601, 0.89, 1.229], "d0": "0", "d5": "0", "d11": "0.403", "eff": 0.86, "tick": "329068", "goal": "0", "here": "0", "t": 1789617652.62}
{"x": 1.209, "y": 12.193, "h": 249.1, "scan": [0.623, 1.027, 0.633, 0.378, 0.229, 0.198, 0.27, 0.277, 0.58, 0.477, 0.523, 0.784, 1.314, 0.575, 0.832, 1.156], "d0": "0", "d5": "0", "d11": "0.392", "eff": 0.88, "tick": "329115", "goal": "0", "here": "0", "t": 1789617653.08}
{"x": 1.17, "y": 12.178, "h": 247.9, "scan": [0.585, 0.994, 0.675, 0.38, 0.241, 0.222, 0.246, 0.333, 0.605, 0.521, 0.555, 0.823, 1.356, 0.277, 0.849, 1.163], "d0": "0", "d5": "0", "d11": "0.401", "eff": 0.88, "tick": "329158", "goal": "0", "here": "0", "t": 1789617653.52}
{"x": 1.133, "y": 12.163, "h": 247.9, "scan": [0.549, 0.945, 0.779, 0.382, 0.304, 0.25, 0.251, 0.359, 0.664, 0.577, 0.6, 0.824, null, 0.38, 0.821, 1.145], "d0": "0", "d5": "0", "d11": "0.393", "eff": 0.88, "tick": "329202", "goal": "0", "here": "0", "t": 1789617653.96}
{"x": 1.094, "y": 12.149, "h": 254.4, "scan": [0.767, 0.963, 0.624, 0.355, 0.324, 0.257, 0.284, 0.4, 0.667, 0.641, 0.666, 0.89, 0.23, 0.713, 0.812, 1.153], "d0": "0", "d5": "0", "d11": "0.403", "eff": 0.88, "tick": "329246", "goal": "0", "here": "0", "t": 1789617654.4}
{"x": 1.056, "y": 12.139, "h": 259.3, "scan": [0.804, 0.911, 0.549, 0.347, 0.326, 0.264, 0.318, 0.446, 0.654, 0.642, 0.752, 1.078, 0.314, 0.703, 0.864, 1.262], "d0": "0", "d5": "0", "d11": "0.422", "eff": 0.88, "tick": "329290", "goal": "0", "here": "0", "t": 1789617654.84}
{"x": 1.018, "y": 12.132, "h": 260.6, "scan": [0.86, 0.879, 0.492, 0.353, 0.345, 0.255, 0.324, 0.474, 0.614, 0.661, 0.879, 0.267, 0.688, 0.764, 0.873, 1.363], "d0": "0", "d5": "0", "d11": "0.489", "eff": 0.88, "tick": "329331", "goal": "0", "here": "0", "t": 1789617655.25}
{"x": 0.979, "y": 12.129, "h": 267.3, "scan": [0.808, 0.854, 0.502, 0.337, 0.353, 0.276, 0.351, 0.517, 0.693, 0.737, 0.909, 0.339, 0.691, 0.746, 1.016, 0.393], "d0": "0", "d5": "0", "d11": "0.495", "eff": 0.88, "tick": "329375", "goal": "0", "here": "0", "t": 1789617655.68}
{"x": 0.94, "y": 12.128, "h": 270.6, "scan": [0.768, 0.714, 0.457, 0.315, 0.344, 0.292, 0.379, 0.758, 0.767, 0.783, 0.296, 0.448, 0.658, 0.774, 1.033, 0.43], "d0": "0", "d5": "0", "d11": "0.524", "eff": 0.88, "tick": "329415", "goal": "0", "here": "0", "t": 1789617656.09}
{"x": 0.901, "y": 12.129, "h": 272.7, "scan": [0.755, 0.639, 0.449, 0.327, 0.343, 0.3, 0.403, 0.857, 0.813, 0.807, 0.334, 0.704, 0.7, 0.788, 1.077, 0.612], "d0": "0", "d5": "0", "d11": "0.521", "eff": 0.88, "tick": "329458", "goal": "0", "here": "0", "t": 1789617656.52}
{"x": 0.862, "y": 12.132, "h": 275.4, "scan": [0.739, 0.607, 0.419, 0.337, 0.324, 0.308, 0.409, 0.895, 0.827, 0.976, 0.4, 0.721, 0.726, 0.776, 1.13, 0.627], "d0": "0", "d5": "0", "d11": "0.550", "eff": 0.88, "tick": "329501", "goal": "0", "here": "0", "t": 1789617656.94}
{"x": 0.82, "y": 12.138, "h": 277.4, "scan": [0.717, 0.559, 0.379, 0.319, 0.317, 0.346, 0.451, 0.914, 0.822, 0.38, 0.457, 0.699, 0.751, 0.909, 0.317, 0.714], "d0": "0", "d5": "0", "d11": "0.611", "eff": 0.88, "tick": "329546", "goal": "0", "here": "0", "t": 1789617657.4}
{"x": 0.781, "y": 12.145, "h": 283.0, "scan": [0.701, 0.532, 0.369, 0.321, 0.294, 0.353, 0.476, 0.905, 0.875, 0.42, 0.703, 0.677, 0.757, 0.936, 0.36, 0.63], "d0": "0", "d5": "0", "d11": "0.649", "eff": 0.88, "tick": "329589", "goal": "0", "here": "0", "t": 1789617657.83}
{"x": 0.743, "y": 12.154, "h": 286.1, "scan": [0.654, 0.48, 0.34, 0.331, 0.29, 0.38, 0.485, 0.902, 0.924, 0.461, 0.775, 0.732, 0.757, 0.251, 0.47, 0.601], "d0": "0", "d5": "0", "d11": "0.732", "eff": 0.88, "tick": "329630", "goal": "0", "here": "0", "t": 1789617658.26}
{"x": 0.705, "y": 12.166, "h": 287.6, "scan": [0.628, 0.441, 0.312, 0.324, null, 0.404, 0.525, 0.924, 0.976, 0.517, 0.814, 0.754, 0.761, 0.258, 0.496, null], "d0": "0", "d5": "0", "d11": "0.771", "eff": 0.89, "tick": "329674", "goal": "0", "here": "0", "t": 1789617658.68}
{"x": 0.669, "y": 12.178, "h": 288.9, "scan": [0.585, 0.429, 0.293, 0.306, 0.272, 0.372, 0.517, 0.949, 1.004, 0.523, 0.838, 0.755, 0.225, 0.293, 0.481, 0.534], "d0": "0", "d5": "0", "d11": "0.812", "eff": 0.89, "tick": "329716", "goal": "0", "here": "0", "t": 1789617659.09}
{"x": 0.631, "y": 12.192, "h": 288.0, "scan": [0.548, 0.406, 0.269, 0.286, 0.261, 0.393, 0.528, 0.969, 1.036, 0.591, 0.815, 0.749, 0.244, 0.365, 0.49, 0.517], "d0": "0", "d5": "0", "d11": "0.817", "eff": 0.89, "tick": "329758", "goal": "0", "here": "0", "t": 1789617659.52}
{"x": 0.596, "y": 12.205, "h": 291.3, "scan": [0.513, 0.346, 0.276, 0.269, 0.29, 0.327, 0.454, 1.01, 1.072, 0.65, 0.793, 0.761, 0.256, null, 0.53, 0.467], "d0": "0", "d5": "0", "d11": "0.847", "eff": 0.89, "tick": "329800", "goal": "0", "here": "0", "t": 1789617659.93}
{"x": 0.558, "y": 12.218, "h": 287.2, "scan": [0.479, 0.331, 0.276, 0.244, 0.291, 0.312, 0.462, 1.057, 1.113, 0.662, 0.813, 0.265, 0.278, 0.417, 0.504, 0.473], "d0": "0", "d5": "0", "d11": "0.867", "eff": 0.89, "tick": "329843", "goal": "0", "here": "0", "t": 1789617660.37}
{"x": 0.521, "y": 12.23, "h": 286.6, "scan": [0.438, 0.297, 0.302, 0.209, 0.261, 0.295, 0.477, 1.166, 1.153, 0.702, 0.867, 0.258, 0.297, 0.4, 0.493, 0.418], "d0": "0", "d5": "0", "d11": "0.899", "eff": 0.89, "tick": "329884", "goal": "0", "here": "0", "t": 1789617660.78}
{"x": 0.481, "y": 12.241, "h": 282.8, "scan": [0.392, 0.295, 0.285, 0.221, 0.208, 0.287, 0.376, 0.879, 1.151, 0.706, 0.975, 0.274, 0.288, 0.349, 0.459, 0.382], "d0": "0", "d5": "0", "d11": "0.916", "eff": 0.89, "tick": "329928", "goal": "0", "here": "0", "t": 1789617661.22}
{"x": 0.443, "y": 12.247, "h": 278.2, "scan": [0.374, 0.363, 0.256, 0.258, 0.212, 0.269, 0.335, 0.694, 1.226, 0.721, 0.981, 0.27, 0.305, 0.369, 0.437, 0.36], "d0": "0", "d5": "0", "d11": "0.917", "eff": 0.9, "tick": "329970", "goal": "0", "here": "0", "t": 1789617661.64}
{"x": 0.405, "y": 12.251, "h": 272.2, "scan": [0.331, 0.359, 0.219, 0.234, 0.226, 0.208, 0.349, 0.591, 1.19, 0.738, 1.039, 0.272, 0.301, 0.33, 0.395, 0.318], "d0": "0", "d5": "0", "d11": "0.943", "eff": 0.9, "tick": "330011", "goal": "0", "here": "0", "t": 1789617662.05}
{"x": 0.364, "y": 12.251, "h": 265.1, "scan": [0.306, 0.32, 0.265, 0.195, 0.234, 0.206, 0.322, 0.412, 1.305, 1.269, 0.989, 0.313, 0.319, 0.324, 0.358, 0.298], "d0": "0", "d5": "0", "d11": "0.931", "eff": 0.9, "tick": "330055", "goal": "0", "here": "0", "t": 1789617662.48}
{"x": 0.328, "y": 12.247, "h": 260.7, "scan": [0.265, 0.269, 0.301, 0.18, 0.213, 0.243, 0.255, 0.42, 1.003, 1.287, 0.878, 0.29, 0.307, 0.313, 0.301, 0.284], "d0": "0", "d5": "0", "d11": "0.949", "eff": 0.9, "tick": "330095", "goal": "0", "here": "0", "t": 1789617662.89}
{"x": 0.29, "y": 12.24, "h": 258.6, "scan": [0.238, 0.253, 0.277, 0.234, 0.181, 0.268, 0.263, 0.424, 0.779, 1.315, 0.85, 0.333, 0.315, 0.313, 0.299, 0.259], "d0": "0", "d5": "0", "d11": "0.957", "eff": 0.9, "tick": "330136", "goal": "0", "here": "0", "t": 1789617663.29}
{"x": 0.269, "y": 12.233, "h": 241.8, "scan": [0.209, 0.218, 0.24, 0.245, 0.215, 0.181, 0.293, 0.276, 0.467, 1.077, 1.365, 1.034, 0.327, 0.313, 0.258, 0.302], "d0": "0", "d5": "0", "d11": "0.944", "eff": 0.9, "tick": "330182", "goal": "0", "here": "0", "t": 1789617663.76}
{"x": 0.268, "y": 12.231, "h": 210.3, "scan": [0.292, 0.213, 0.222, 0.247, 0.255, 0.259, 0.181, 0.241, 0.288, 0.4, 0.676, 1.363, 0.859, 0.315, 0.292, 0.293], "d0": "0", "d5": "0", "d11": "0.950", "eff": 0.92, "tick": "330226", "goal": "0", "here": "0", "t": 1789617664.2}
{"x": 0.26, "y": 12.204, "h": 194.1, "scan": [0.246, 0.249, 0.198, 0.198, 0.222, 0.243, 0.288, 0.187, 0.3, 0.281, 0.491, 1.093, 1.37, 0.999, 0.303, 0.303], "d0": "0", "d5": "0", "d11": "0.957", "eff": 0.92, "tick": "330271", "goal": "0", "here": "0", "t": 1789617664.64}
{"x": 0.255, "y": 12.166, "h": 185.8, "scan": [0.248, 0.214, 0.257, 0.178, 0.186, 0.248, 0.297, 0.27, 0.267, 0.329, 0.435, 0.743, 1.38, 0.846, 0.264, 0.259], "d0": "0", "d5": "0", "d11": "0.951", "eff": 0.92, "tick": "330311", "goal": "0", "here": "0", "t": 1789617665.04}
{"x": 0.255, "y": 12.16, "h": 158.9, "scan": [0.251, 0.246, 0.222, 0.278, 0.164, 0.159, 0.223, 0.261, 0.269, 0.257, 0.325, 0.451, 0.724, 1.345, 0.848, 0.272], "d0": "0", "d5": "0", "d11": "0.962", "eff": 0.94, "tick": "330352", "goal": "0", "here": "0", "t": 1789617665.46}
{"x": 0.273, "y": 12.126, "h": 151.4, "scan": [0.229, 0.204, 0.203, 0.195, 0.233, 0.179, 0.216, 0.264, 0.336, 0.248, 0.381, 0.381, 0.668, 1.382, 0.815, 0.288], "d0": "0", "d5": "0", "d11": "0.953", "eff": 0.94, "tick": "330393", "goal": "0", "here": "0", "t": 1789617665.87}
{"x": 0.277, "y": 12.121, "h": 127.3, "scan": [0.315, null, 0.224, 0.196, 0.192, 0.256, 0.17, 0.23, 0.284, 0.332, 0.287, 0.362, 0.382, 0.543, 1.369, 0.789], "d0": "0", "d5": "0", "d11": "0.982", "eff": 0.94, "tick": "330436", "goal": "0", "here": "0", "t": 1789617666.29}
{"x": 0.291, "y": 12.112, "h": 103.0, "scan": [0.782, 0.274, 0.212, 0.207, 0.188, 0.192, 0.263, 0.178, 0.233, 0.284, 0.352, 0.287, 0.37, 0.432, 0.663, 1.373], "d0": "0", "d5": "0", "d11": "0.941", "eff": 0.95, "tick": "330479", "goal": "0", "here": "0", "t": 1789617666.73}
{"x": 0.332, "y": 12.106, "h": 91.2, "scan": [1.286, 0.773, 0.199, 0.186, 0.196, 0.214, 0.212, 0.25, 0.214, 0.311, 0.364, 0.301, 0.39, 0.368, 0.493, 0.866], "d0": "0", "d5": "0", "d11": "0.925", "eff": 0.95, "tick": "330523", "goal": "0", "here": "0", "t": 1789617667.2}
{"x": 0.373, "y": 12.109, "h": 82.5, "scan": [1.242, 0.733, 0.929, 0.181, 0.179, 0.223, 0.207, 0.268, 0.267, 0.321, 0.386, 0.333, 0.35, 0.348, 0.447, 0.659], "d0": "0", "d5": "0", "d11": "0.948", "eff": 0.95, "tick": "330568", "goal": "0", "here": "0", "t": 1789617667.61}
{"x": 0.414, "y": 12.117, "h": 76.0, "scan": [1.284, 1.194, 0.474, 0.216, 0.174, 0.205, 0.239, 0.276, 0.321, 0.335, 0.389, 0.356, 0.347, 0.337, 0.425, null], "d0": "0", "d5": "0", "d11": "0.935", "eff": 0.95, "tick": "330609", "goal": "0", "here": "0", "t": 1789617668.06}
{"x": 0.454, "y": 12.127, "h": 73.4, "scan": [0.896, 1.209, 0.267, 0.908, 0.209, 0.171, 0.244, 0.276, 0.372, 0.332, 0.416, 0.361, 0.379, 0.288, 0.364, 0.443], "d0": "0", "d5": "0", "d11": "0.974", "eff": 0.95, "tick": "330656", "goal": "0", "here": "0", "t": 1789617668.49}
{"x": 0.492, "y": 12.141, "h": 68.3, "scan": [0.655, 1.125, 0.188, 0.867, 0.794, 0.173, 0.219, 0.3, 0.423, 0.379, 0.445, 0.389, 0.354, 0.302, 0.36, 0.393], "d0": "0", "d5": "0", "d11": "0.986", "eff": 0.95, "tick": "330697", "goal": "0", "here": "0", "t": 1789617668.93}
{"x": 0.504, "y": 12.146, "h": 47.3, "scan": [0.405, 0.633, 0.132, 0.14, 0.877, 0.774, 0.173, 0.227, 0.327, 0.443, 0.381, 0.443, 0.353, 0.366, 0.278, 0.35], "d0": "0", "d5": "0", "d11": "0.984", "eff": 0.96, "tick": "330747", "goal": "0", "here": "0", "t": 1789617669.41}
{"x": 0.513, "y": 12.163, "h": 24.4, "scan": [0.346, 0.448, 0.841, 0.193, 0.182, 0.928, 0.799, 0.196, 0.254, 0.34, 0.424, 0.435, 0.463, 0.321, 0.329, 0.282], "d0": "0", "d5": "0", "d11": "0.978", "eff": 0.96, "tick": "330788", "goal": "0", "here": "0", "t": 1789617669.82}
{"x": 0.53, "y": 12.2, "h": 22.4, "scan": [0.316, 0.335, 0.553, 1.099, 0.182, 0.293, 0.814, 0.226, 0.279, 0.383, 0.458, 0.434, 0.468, 0.316, 0.282, 0.238], "d0": "0", "d5": "0", "d11": "0.973", "eff": 0.96, "tick": "330832", "goal": "0", "here": "0", "t": 1789617670.26}
{"x": 0.542, "y": 12.234, "h": 14.9, "scan": [0.249, 0.293, 0.435, 1.135, 1.118, 0.211, 0.926, 0.27, 0.285, 0.376, 0.519, 0.443, 0.458, 0.295, 0.297, 0.207], "d0": "0", "d5": "0", "d11": "0.988", "eff": 0.94, "tick": "330880", "goal": "0", "here": "0", "t": 1789617670.74}
{"x": 0.543, "y": 12.243, "h": 359.6, "scan": [0.19, 0.271, 0.293, 0.444, 1.092, 0.245, 0.696, 0.831, 0.269, 0.295, 0.41, null, 0.467, 0.468, 0.292, 0.255], "d0": "0", "d5": "0", "d11": "0.979", "eff": 0.96, "tick": "330921", "goal": "0", "here": "0", "t": 1789617671.15}
{"x": 0.54, "y": 12.25, "h": 332.7, "scan": [0.27, 0.182, 0.252, 0.28, 0.436, 1.124, 0.34, 0.67, 0.893, 0.296, 0.313, 0.418, 0.491, 0.455, 0.438, 0.315], "d0": "0", "d5": "0", "d11": "0.965", "eff": 0.96, "tick": "330965", "goal": "0", "here": "0", "t": 1789617671.59}
{"x": 0.535, "y": 12.254, "h": 308.0, "scan": [0.277, 0.271, 0.195, 0.214, 0.291, 0.427, 1.135, 0.444, 0.667, 0.943, 0.301, 0.292, 0.408, 0.491, 0.447, 0.45], "d0": "0", "d5": "0", "d11": "0.929", "eff": 0.99, "tick": "331009", "goal": "0", "here": "0", "t": 1789617672.02}
{"x": 0.503, "y": 12.275, "h": 299.6, "scan": [0.295, 0.263, 0.206, 0.162, 0.243, 0.283, 0.509, 0.556, 0.645, 0.96, 0.914, 0.305, 0.402, 0.442, 0.411, 0.439], "d0": "0", "d5": "0", "d11": "0.916", "eff": 0.99, "tick": "331049", "goal": "0", "here": "0", "t": 1789617672.43}
{"x": 0.466, "y": 12.29, "h": 289.6, "scan": [0.385, 0.22, 0.273, 0.152, 0.165, 0.267, 0.332, 1.194, 0.713, 0.752, 0.904, 0.305, 0.363, 0.412, 0.407, 0.409], "d0": "0", "d5": "0", "d11": "0.871", "eff": 0.99, "tick": "331090", "goal": "0", "here": "0", "t": 1789617672.87}
{"x": 0.435, "y": 12.297, "h": 275.4, "scan": [0.348, 0.301, 0.207, 0.219, 0.146, 0.179, 0.306, 0.527, 1.146, 0.723, 1.031, 0.343, 0.353, 0.373, 0.456, 0.385], "d0": "0", "d5": "0", "d11": "0.841", "eff": 0.99, "tick": "331134", "goal": "0", "here": "0", "t": 1789617673.27}
{"x": 0.392, "y": 12.295, "h": 264.3, "scan": [0.355, 0.321, 0.186, 0.183, 0.207, 0.171, 0.204, 0.338, 0.95, 0.915, 0.809, 0.939, 0.341, 0.375, 0.379, 0.355], "d0": "0", "d5": "0", "d11": "0.799", "eff": 0.99, "tick": "331179", "goal": "0", "here": "0", "t": 1789617673.72}
{"x": 0.353, "y": 12.286, "h": 255.4, "scan": [0.288, 0.293, null, 0.159, 0.188, 0.204, 0.166, 0.318, 0.582, 1.285, 0.795, 1.069, 0.341, 0.35, 0.337, 0.327], "d0": "0", "d5": "0", "d11": "0.776", "eff": 0.99, "tick": "331220", "goal": "0", "here": "0", "t": 1789617674.14}
{"x": 0.316, "y": 12.274, "h": 249.5, "scan": [0.265, 0.246, 0.259, 0.216, 0.176, 0.23, 0.219, 0.241, 0.454, 1.268, 0.783, 1.103, 0.328, 0.332, 0.334, 0.319], "d0": "0", "d5": "0", "d11": "0.760", "eff": 0.99, "tick": "331264", "goal": "0", "here": "0", "t": 1789617674.57}
{"x": 0.279, "y": 12.255, "h": 240.6, "scan": [0.226, 0.236, 0.259, 0.239, 0.176, 0.162, 0.253, 0.25, 0.431, 1.052, 1.333, 0.986, 0.317, 0.32, 0.327, 0.344], "d0": "0", "d5": "0", "d11": "0.740", "eff": 0.99, "tick": "331307", "goal": "0", "here": "0", "t": 1789617675.01}
{"x": 0.262, "y": 12.244, "h": 224.0, "scan": [0.251, 0.21, 0.209, 0.225, 0.249, 0.19, 0.174, 0.266, 0.263, 0.476, 1.343, 0.829, 1.105, 0.343, 0.318, 0.299], "d0": "0", "d5": "0", "d11": "0.758", "eff": 0.99, "tick": "331349", "goal": "0", "here": "0", "t": 1789617675.43}
{"x": 0.259, "y": 12.236, "h": 200.4, "scan": [0.273, 0.271, 0.184, 0.215, 0.223, 0.248, 0.223, 0.168, 0.287, 0.273, 0.484, 1.388, 0.836, 1.112, 0.304, 0.317], "d0": "0", "d5": "0", "d11": "0.751", "eff": 1.0, "tick": "331392", "goal": "0", "here": "0", "t": 1789617675.88}
{"x": 0.25, "y": 12.195, "h": 184.2, "scan": [0.246, 0.257, 0.2, 0.178, 0.219, 0.234, 0.271, 0.22, 0.258, 0.312, 0.462, 0.818, 1.348, 0.866, 0.302, 0.271], "d0": "0", "d5": "0", "d11": "0.783", "eff": 0.99, "tick": "331437", "goal": "0", "here": "0", "t": 1789617676.31}
{"x": 0.249, "y": 12.164, "h": 174.4, "scan": [0.266, 0.232, 0.251, 0.197, 0.179, 0.212, 0.254, 0.296, 0.238, 0.341, 0.34, 0.539, 1.385, 0.85, 0.325, 0.269], "d0": "0", "d5": "0", "d11": "0.788", "eff": 0.95, "tick": "331478", "goal": "0", "here": "0", "t": 1789617676.72}
{"x": 0.254, "y": 12.14, "h": 159.3, "scan": [0.241, 0.249, 0.211, 0.223, 0.177, 0.195, 0.222, 0.271, 0.311, 0.254, 0.354, 0.444, 0.726, 1.342, 0.834, 0.26], "d0": "0", "d5": "0", "d11": "0.813", "eff": 0.95, "tick": "331522", "goal": "0", "here": "0", "t": 1789617677.16}
{"x": 0.262, "y": 12.126, "h": 136.8, "scan": [0.251, 0.224, 0.217, 0.168, 0.194, 0.189, 0.178, 0.242, 0.297, 0.326, 0.29, 0.351, 0.481, 0.736, 0.813, 0.825], "d0": "0", "d5": "0", "d11": "0.863", "eff": 0.95, "tick": "331566", "goal": "0", "here": "0", "t": 1789617677.6}
{"x": 0.271, "y": 12.119, "h": 113.7, "scan": [null, 0.236, 0.214, 0.207, 0.195, 0.205, 0.183, 0.195, 0.25, 0.282, 0.305, 0.315, 0.353, 0.49, 0.743, 0.801], "d0": "0", "d5": "0", "d11": "0.843", "eff": 0.95, "tick": "331608", "goal": "0", "here": "0", "t": 1789617678.01}
{"x": 0.305, "y": 12.11, "h": 100.2, "scan": [1.287, 0.964, 0.187, 0.207, 0.204, null, 0.279, null, 0.234, 0.304, 0.355, 0.281, 0.377, 0.42, 0.567, 1.363], "d0": "0", "d5": "0", "d11": "0.836", "eff": 0.95, "tick": "331651", "goal": "0", "here": "0", "t": 1789617678.44}
{"x": 0.348, "y": 12.105, "h": 92.9, "scan": [0.787, 0.745, 0.217, 0.181, 0.195, 0.21, 0.218, 0.292, 0.256, 0.313, 0.358, 0.323, 0.376, 0.345, 0.481, 0.763], "d0": "0", "d5": "0", "d11": "0.853", "eff": 0.95, "tick": "331696", "goal": "0", "here": "0", "t": 1789617678.91}
{"x": 0.389, "y": 12.109, "h": 79.8, "scan": [1.271, 0.713, 0.904, 0.179, 0.16, 0.21, 0.232, 0.278, 0.294, 0.344, 0.365, 0.329, 0.38, 0.309, 0.448, 0.618], "d0": "0", "d5": "0", "d11": "0.857", "eff": 0.95, "tick": "331741", "goal": "0", "here": "0", "t": 1789617679.34}
{"x": 0.434, "y": 12.119, "h": 75.0, "scan": [0.975, 0.77, 0.684, 0.224, 0.167, 0.197, 0.236, 0.281, 0.333, 0.332, 0.422, 0.359, 0.364, 0.302, 0.385, 0.572], "d0": "0", "d5": "0", "d11": "0.853", "eff": 0.95, "tick": "331784", "goal": "0", "here": "0", "t": 1789617679.84}
{"x": 0.471, "y": 12.131, "h": 71.7, "scan": [0.733, 1.181, 0.644, 0.917, 0.196, 0.182, 0.224, 0.292, 0.399, 0.37, 0.448, 0.368, null, 0.281, 0.372, 0.413], "d0": "0", "d5": "0", "d11": "0.838", "eff": 0.96, "tick": "331831", "goal": "0", "here": "0", "t": 1789617680.24}
{"x": 0.504, "y": 12.145, "h": 65.7, "scan": [0.655, 1.115, 0.635, 0.868, 0.783, 0.171, 0.238, null, 0.467, 0.391, 0.469, 0.341, 0.378, 0.286, 0.357, 0.366], "d0": "0", "d5": "0", "d11": "0.838", "eff": 0.96, "tick": "331871", "goal": "0", "here": "0", "t": 1789617680.64}
{"x": 0.535, "y": 12.156, "h": 74.2, "scan": [0.823, 1.149, 0.612, 0.898, 0.779, 0.191, 0.241, 0.365, 0.465, 0.447, 0.464, 0.363, 0.325, 0.285, 0.341, 0.48], "d0": "0", "d5": "0", "d11": "0.842", "eff": 0.96, "tick": "331911", "goal": "0", "here": "0", "t": 1789617681.05}
{"x": 0.568, "y": 12.165, "h": 77.7, "scan": [0.829, 0.838, 0.593, 0.873, 0.789, 0.218, 0.276, 0.368, 0.453, 0.498, 0.489, 0.378, 0.263, 0.306, 0.327, 0.476], "d0": "0", "d5": "0", "d11": "0.828", "eff": 0.96, "tick": "331955", "goal": "0", "here": "0", "t": 1789617681.49}
{"x": 0.6, "y": 12.171, "h": 81.2, "scan": [1.095, 0.756, 0.594, 0.859, 0.772, 0.225, 0.277, 0.41, 0.474, 0.531, 0.374, 0.362, 0.279, 0.31, 0.288, 0.464], "d0": "0", "d5": "0", "d11": "0.857", "eff": 0.96, "tick": "331996", "goal": "0", "here": "0", "t": 1789617681.9}
{"x": 0.633, "y": 12.175, "h": 86.3, "scan": [1.002, 0.737, 0.568, 0.833, 0.761, 0.235, 0.303, 0.458, 0.502, 0.537, 0.402, 0.288, 0.314, 0.296, 0.361, 0.492], "d0": "0", "d5": "0", "d11": "0.839", "eff": 0.96, "tick": "332034", "goal": "0", "here": "0", "t": 1789617682.33}
{"x": 0.669, "y": 12.176, "h": 89.6, "scan": [0.995, 1.024, 0.573, 0.78, 0.765, 0.237, 0.352, 0.546, 0.55, 0.583, 0.444, 0.279, 0.299, 0.249, 0.39, 0.704], "d0": "0", "d5": "0", "d11": "0.861", "eff": 0.97, "tick": "332084", "goal": "0", "here": "0", "t": 1789617682.77}
{"x": 0.704, "y": 12.174, "h": 95.1, "scan": [0.989, 0.468, 0.665, null, 0.763, 0.273, 0.394, 0.605, 0.604, 0.455, 0.332, 0.321, 0.279, 0.301, 0.375, 0.708], "d0": "0", "d5": "0", "d11": "0.831", "eff": 0.97, "tick": "332129", "goal": "0", "here": "0", "t": 1789617683.22}
{"x": 0.739, "y": 12.168, "h": 102.0, "scan": [0.906, 0.451, 0.749, 0.72, 0.767, 0.267, 0.454, 0.601, 0.647, 0.486, 0.323, 0.315, 0.271, 0.353, 0.421, 0.961], "d0": "0", "d5": "0", "d11": "0.830", "eff": 0.97, "tick": "332174", "goal": "0", "here": "0", "t": 1789617683.67}
{"x": 0.772, "y": 12.159, "h": 108.1, "scan": [0.896, 0.449, 0.791, 0.731, 0.746, 0.273, 0.501, 0.607, 0.655, 0.497, 0.362, 0.296, 0.27, 0.343, 0.506, 0.87], "d0": "0", "d5": "0", "d11": "0.825", "eff": 0.97, "tick": "332218", "goal": "0", "here": "0", "t": 1789617684.11}
{"x": 0.802, "y": 12.148, "h": 110.9, "scan": [0.884, 0.41, 0.764, 0.745, 0.766, 0.288, 0.54, 0.653, 0.713, 0.385, 0.353, 0.277, 0.337, 0.357, 0.606, 0.86], "d0": "0", "d5": "0", "d11": "0.836", "eff": 0.97, "tick": "332258", "goal": "0", "here": "0", "t": 1789617684.51}
{"x": 0.832, "y": 12.135, "h": 115.4, "scan": [0.886, 0.411, 0.752, 0.756, 0.765, 0.281, 0.607, 0.676, 0.613, 0.387, 0.367, 0.282, 0.336, 0.384, 0.631, 0.886], "d0": "0", "d5": "0", "d11": "0.844", "eff": 0.97, "tick": "332299", "goal": "0", "here": "0", "t": 1789617684.92}
{"x": 0.862, "y": 12.12, "h": 118.4, "scan": [0.98, 0.4, 0.735, 0.737, 0.766, 0.297, 0.647, 0.747, 0.608, 0.424, 0.319, 0.344, 0.313, 0.441, 0.88, 0.814], "d0": "0", "d5": "0", "d11": "0.851", "eff": 0.97, "tick": "332342", "goal": "0", "here": "0", "t": 1789617685.35}
{"x": 0.891, "y": 12.102, "h": 127.4, "scan": [0.323, 0.379, 0.678, 0.717, 0.904, 0.311, 0.773, 0.793, 0.627, 0.438, 0.318, 0.344, 0.35, 0.562, 0.766, 0.8], "d0": "0", "d5": "0", "d11": "0.893", "eff": 0.97, "tick": "332385", "goal": "0", "here": "0", "t": 1789617685.79}
{"x": 0.916, "y": 12.082, "h": 129.2, "scan": [0.29, 0.369, 0.635, 0.706, 0.952, 0.331, 0.767, 0.824, 0.604, 0.425, 0.349, 0.343, 0.393, 0.588, 0.751, 0.773], "d0": "0", "d5": "0", "d11": "0.907", "eff": 0.97, "tick": "332422", "goal": "0", "here": "0", "t": 1789617686.19}
{"x": 0.941, "y": 12.059, "h": 137.7, "scan": [0.271, 0.621, 0.613, 0.715, 0.982, 0.315, 0.769, 0.84, 0.503, 0.412, 0.39, 0.352, 0.517, 0.822, 0.792, 0.409], "d0": "0", "d5": "0", "d11": "0.956", "eff": 0.97, "tick": "332468", "goal": "0", "here": "0", "t": 1789617686.65}
{"x": 0.966, "y": 12.03, "h": 140.7, "scan": [0.274, 0.625, 0.584, 0.707, 1.025, 0.359, 0.779, 0.741, 0.545, 0.409, 0.386, 0.411, 0.565, 0.755, 0.358, 0.192], "d0": "0", "d5": "0", "d11": "0.950", "eff": 0.97, "tick": "332515", "goal": "0", "here": "0", "t": 1789617687.09}
{"x": 0.985, "y": 12.01, "h": 138.5, "scan": [0.238, 0.558, 0.546, 0.665, 0.979, 1.435, 0.794, 0.903, 0.555, 0.401, 0.421, 0.423, 0.567, 0.784, 0.366, 0.181], "d0": "0", "d5": "0", "d11": "0.969", "eff": 0.97, "tick": "332564", "goal": "0", "here": "0", "t": 1789617687.57}
{"x": 0.99, "y": 12.006, "h": 115.5, "scan": [0.72, 0.232, 0.329, 0.604, 0.662, 0.943, 1.466, 0.802, 0.9, 0.571, 0.429, 0.412, 0.401, 0.543, 0.792, 0.361], "d0": "0", "d5": "0", "d11": "0.949", "eff": 0.97, "tick": "332608", "goal": "0", "here": "0", "t": 1789617688.02}
{"x": 0.995, "y": 12.005, "h": 92.1, "scan": [0.302, 0.703, 0.215, 0.272, 0.583, 0.661, null, 1.428, 0.83, 0.891, 0.618, 0.433, 0.443, 0.402, 0.541, 0.316], "d0": "0", "d5": "0", "d11": "0.965", "eff": 0.95, "tick": "332652", "goal": "0", "here": "0", "t": 1789617688.45}
{"x": 1.024, "y": 12.008, "h": 73.2, "scan": [0.156, 0.637, 0.817, null, 0.566, 0.569, 0.67, 1.006, 1.476, 0.84, 0.775, 0.553, 0.411, 0.37, 0.409, 0.534], "d0": "0", "d5": "0", "d11": "0.988", "eff": 0.95, "tick": "332698", "goal": "0", "here": "0", "t": 1789617688.96}
{"x": 1.025, "y": 12.009, "h": 46.5, "scan": [0.498, 0.124, 0.137, 0.652, 0.195, 0.247, 0.594, 0.656, 0.795, 1.423, 0.864, 0.923, 0.579, 0.43, 0.405, 0.389], "d0": "0", "d5": "0", "d11": "0.982", "eff": 0.95, "tick": "332746", "goal": "0", "here": "0", "t": 1789617689.4}
{"x": 1.026, "y": 12.01, "h": 20.0, "scan": [0.386, 0.515, 0.155, 0.129, 0.664, 0.163, 0.226, 0.574, 0.619, 0.747, 1.209, 0.704, 0.915, 0.752, 0.478, 0.433], "d0": "0", "d5": "0", "d11": "0.980", "eff": 0.95, "tick": "332790", "goal": "0", "here": "0", "t": 1789617689.84}
{"x": 1.025, "y": 12.035, "h": 354.0, "scan": [0.389, 0.379, 0.493, 0.172, 0.145, 0.669, 0.165, 0.243, 0.627, 0.676, 0.808, 1.445, 0.847, 0.912, 0.578, 0.401], "d0": "0", "d5": "0", "d11": "0.998", "eff": 0.93, "tick": "332834", "goal": "0", "here": "0", "t": 1789617690.27}
{"x": 1.02, "y": 12.075, "h": 350.2, "scan": [0.382, 0.322, 0.393, 0.49, 0.142, 0.137, 0.845, 0.251, 0.635, 0.654, 0.774, 1.228, 0.729, 0.887, 0.706, 0.445], "d0": "0", "d5": "0", "d11": "0.977", "eff": 0.93, "tick": "332877", "goal": "0", "here": "0", "t": 1789617690.71}
{"x": 1.01, "y": 12.114, "h": 344.8, "scan": [0.36, 0.281, 0.329, 0.477, 0.746, 0.13, 0.183, 0.227, 0.36, 0.675, 0.796, 1.162, 0.702, 0.887, 0.706, 0.439], "d0": "0", "d5": "0", "d11": "0.996", "eff": 0.93, "tick": "332921", "goal": "0", "here": "0", "t": 1789617691.14}
{"x": 1.004, "y": 12.152, "h": 351.8, "scan": [0.311, 0.236, 0.304, 0.482, 0.657, 0.154, 0.909, 0.305, 0.737, 0.788, 0.932, 0.421, 0.823, 0.867, 0.493, 0.294], "d0": "0", "d5": "0", "d11": "0.976", "eff": 0.93, "tick": "332961", "goal": "0", "here": "0", "t": 1789617691.55}
{"x": 1.003, "y": 12.188, "h": 359.9, "scan": [0.256, 0.221, 0.301, 0.461, 0.679, 0.182, 0.947, 0.36, 0.733, 0.828, 1.101, 0.699, 0.854, 0.691, 0.402, 0.296], "d0": "0", "d5": "0", "d11": "0.988", "eff": 0.93, "tick": "333002", "goal": "0", "here": "0", "t": 1789617691.95}
{"x": 1.002, "y": 12.2, "h": 343.3, "scan": [0.278, 0.239, 0.235, 0.318, 0.719, 0.694, 0.187, 1.057, 0.387, 0.721, 0.874, 1.218, 0.738, 0.867, 0.502, 0.313], "d0": "0", "d5": "0", "d11": "0.986", "eff": 0.92, "tick": "333046", "goal": "0", "here": "0", "t": 1789617692.45}
{"x": 0.986, "y": 12.232, "h": 330.0, "scan": [0.224, 0.25, 0.191, 0.226, 0.414, 0.739, 0.233, 0.203, 0.328, 0.788, 0.848, 1.117, 0.604, 0.829, 0.667, 0.412], "d0": "0", "d5": "0", "d11": "0.976", "eff": 0.92, "tick": "333093", "goal": "0", "here": "0", "t": 1789617692.86}
{"x": 0.97, "y": 12.254, "h": 316.5, "scan": [0.296, 0.219, 0.213, 0.166, 0.236, 0.432, 0.687, 0.312, 0.996, 0.419, 0.761, 0.899, 1.215, 0.771, 0.853, 0.458], "d0": "0", "d5": "0", "d11": "0.958", "eff": 0.92, "tick": "333134", "goal": "0", "here": "0", "t": 1789617693.27}
{"x": 0.965, "y": 12.258, "h": 292.5, "scan": [0.436, 0.299, 0.209, 0.229, 0.172, 0.221, 0.433, 0.691, 0.359, 0.983, 0.449, 0.779, 0.904, 1.219, 0.761, 0.845], "d0": "0", "d5": "0", "d11": "0.955", "eff": 0.92, "tick": "333172", "goal": "0", "here": "0", "t": 1789617693.69}
{"x": 0.928, "y": 12.267, "h": 281.4, "scan": [0.803, 0.377, null, 0.184, 0.209, 0.186, 0.248, 0.513, 0.812, 0.437, 0.377, 0.835, 0.856, 1.021, 0.549, 0.768], "d0": "0", "d5": "0", "d11": "0.927", "eff": 0.93, "tick": "333219", "goal": "0", "here": "0", "t": 1789617694.12}
{"x": 0.886, "y": 12.27, "h": 271.7, "scan": [0.782, 0.536, 0.302, 0.156, 0.186, 0.204, 0.209, null, 0.744, 0.856, 0.627, 0.795, 0.841, 0.901, 0.426, 0.799], "d0": "0", "d5": "0", "d11": "0.897", "eff": 0.93, "tick": "333263", "goal": "0", "here": "0", "t": 1789617694.56}
{"x": 0.847, "y": 12.27, "h": 265.2, "scan": [0.72, 0.523, 0.327, 0.224, 0.174, 0.246, 0.243, 0.32, 0.876, 0.851, 0.69, 0.53, 0.791, 0.884, 0.404, 0.663], "d0": "0", "d5": "0", "d11": "0.875", "eff": 0.93, "tick": "333304", "goal": "0", "here": "0", "t": 1789617694.97}
{"x": 0.808, "y": 12.265, "h": 261.0, "scan": [0.679, 0.672, 0.299, 0.266, 0.183, 0.194, 0.245, 0.278, 0.602, 0.919, 1.086, 0.527, 0.795, 0.872, 0.386, 0.605], "d0": "0", "d5": "0", "d11": "0.839", "eff": 0.93, "tick": "333346", "goal": "0", "here": "0", "t": 1789617695.4}
{"x": 0.768, "y": 12.256, "h": 255.4, "scan": [0.641, 0.644, 0.453, 0.276, 0.222, 0.186, 0.239, 0.257, 0.629, 0.97, 1.064, 0.555, 0.806, 0.845, 0.35, 0.556], "d0": "0", "d5": "0", "d11": "0.816", "eff": 0.93, "tick": "333392", "goal": "0", "here": "0", "t": 1789617695.85}
{"x": 0.727, "y": 12.245, "h": 256.9, "scan": [0.592, 0.628, 0.414, 0.254, 0.223, 0.219, 0.221, 0.31, 0.659, 0.968, 1.103, 0.59, 0.811, 0.816, 0.315, 0.533], "d0": "0", "d5": "0", "d11": "0.800", "eff": 0.93, "tick": "333436", "goal": "0", "here": "0", "t": 1789617696.29}
{"x": 0.688, "y": 12.234, "h": 253.3, "scan": [0.56, 0.61, 0.425, 0.256, 0.25, 0.239, 0.208, 0.35, 0.659, 0.984, 1.131, 0.612, 0.769, 0.813, 0.305, 0.505], "d0": "0", "d5": "0", "d11": "0.765", "eff": 0.93, "tick": "333476", "goal": "0", "here": "0", "t": 1789617696.72}
{"x": 0.649, "y": 12.222, "h": 252.8, "scan": [0.533, 0.551, 0.406, 0.319, 0.241, 0.266, 0.225, 0.37, 0.691, 1.024, 1.153, 0.733, 0.797, 0.81, 0.279, 0.448], "d0": "0", "d5": "0", "d11": "0.781", "eff": 0.93, "tick": "333523", "goal": "0", "here": "0", "t": 1789617697.17}
{"x": 0.612, "y": 12.211, "h": 253.3, "scan": [0.516, 0.524, 0.406, 0.368, 0.243, 0.274, 0.254, 0.393, 0.747, null, 0.539, 0.825, 0.784, 0.254, 0.273, 0.426], "d0": "0", "d5": "0", "d11": "0.772", "eff": 0.93, "tick": "333564", "goal": "0", "here": "0", "t": 1789617697.61}
{"x": 0.574, "y": 12.199, "h": 251.4, "scan": [0.474, 0.481, 0.506, 0.367, 0.238, 0.284, 0.262, 0.413, 0.623, 1.078, 0.59, 0.864, 0.788, 0.264, null, 0.396], "d0": "0", "d5": "0", "d11": "0.801", "eff": 0.93, "tick": "333608", "goal": "0", "here": "0", "t": 1789617698.02}
{"x": 0.538, "y": 12.186, "h": 248.9, "scan": [0.454, 0.462, 0.484, 0.354, 0.272, 0.284, 0.323, 0.374, 0.658, 1.155, 0.63, 0.885, 0.822, 0.234, 0.274, 0.37], "d0": "0", "d5": "0", "d11": "0.794", "eff": 0.93, "tick": "333650", "goal": "0", "here": "0", "t": 1789617698.43}
{"x": 0.497, "y": 12.172, "h": 252.6, "scan": [0.386, 0.427, 0.449, 0.342, 0.299, 0.259, 0.328, 0.462, 0.834, 1.164, 0.666, 0.91, 0.239, 0.212, 0.287, 0.365], "d0": "0", "d5": "0", "d11": "0.800", "eff": 0.93, "tick": "333697", "goal": "0", "here": "0", "t": 1789617698.9}
{"x": 0.46, "y": 12.164, "h": 258.7, "scan": [0.346, 0.399, 0.432, 0.302, 0.327, 0.259, 0.355, 0.527, 0.937, 1.132, 0.683, 0.911, 0.203, 0.233, 0.283, 0.357], "d0": "0", "d5": "0", "d11": "0.811", "eff": 0.93, "tick": "333737", "goal": "0", "here": "0", "t": 1789617699.31}
{"x": 0.417, "y": 12.156, "h": 263.0, "scan": [0.298, 0.364, 0.398, 0.306, 0.319, 0.27, 0.361, 0.575, 1.247, 1.199, 0.766, 0.273, 0.201, 0.235, 0.282, 0.323], "d0": "0", "d5": "0", "d11": "0.804", "eff": 0.93, "tick": "333781", "goal": "0", "here": "0", "t": 1789617699.78}
{"x": 0.379, "y": 12.15, "h": 260.1, "scan": [0.283, 0.336, 0.364, 0.288, 0.328, 0.276, 0.399, 0.584, 1.275, 1.241, 0.865, 0.239, 0.217, 0.239, 0.251, 0.34], "d0": "0", "d5": "0", "d11": "0.792", "eff": 0.93, "tick": "333825", "goal": "0", "here": "0", "t": 1789617700.19}
{"x": 0.341, "y": 12.144, "h": 260.9, "scan": [0.265, 0.298, 0.341, 0.3, 0.303, 0.302, 0.387, 0.615, 1.305, 1.272, 0.976, 0.216, 0.216, 0.245, 0.245, 0.296], "d0": "0", "d5": "0", "d11": "0.788", "eff": 0.93, "tick": "333866", "goal": "0", "here": "0", "t": 1789617700.6}
{"x": 0.305, "y": 12.14, "h": 263.3, "scan": [0.197, 0.259, 0.327, 0.317, 0.28, 0.335, null, 0.624, 1.334, 0.782, 1.0, 0.218, 0.229, 0.23, null, 0.249], "d0": "0", "d5": "0", "d11": "0.773", "eff": 0.93, "tick": "333910", "goal": "0", "here": "0", "t": 1789617701.07}
{"x": 0.294, "y": 12.137, "h": 238.6, "scan": [0.247, 0.193, 0.239, 0.295, 0.33, 0.266, 0.341, 0.392, 0.552, 1.378, 0.765, 1.013, 0.225, 0.251, 0.233, 0.228], "d0": "0", "d5": "0", "d11": "0.778", "eff": 0.9, "tick": "333958", "goal": "0", "here": "0", "t": 1789617701.51}
{"x": 0.293, "y": 12.135, "h": 213.2, "scan": [0.198, 0.261, 0.188, 0.228, 0.277, 0.346, 0.245, 0.355, 0.326, 0.479, 1.057, 1.305, 0.869, 0.231, 0.223, 0.231], "d0": "0", "d5": "0", "d11": "0.785", "eff": 0.9, "tick": "334001", "goal": "0", "here": "0", "t": 1789617701.95}
{"x": 0.291, "y": 12.129, "h": 190.5, "scan": [0.197, 0.211, 0.254, 0.222, 0.209, 0.279, 0.34, 0.285, 0.351, 0.339, 0.511, 1.034, 1.307, 0.842, 0.236, 0.233], "d0": "0", "d5": "0", "d11": "0.776", "eff": 0.9, "tick": "334043", "goal": "0", "here": "0", "t": 1789617702.36}
{"x": 0.291, "y": 12.127, "h": 157.6, "scan": [0.205, 0.212, 0.198, 0.206, 0.227, 0.202, 0.255, 0.325, 0.312, 0.287, 0.323, 0.491, 0.702, 1.31, 0.805, 0.246], "d0": "0", "d5": "0", "d11": "0.752", "eff": 0.94, "tick": "334090", "goal": "0", "here": "0", "t": 1789617702.83}
{"x": 0.303, "y": 12.114, "h": 133.7, "scan": [0.225, 0.214, 0.201, 0.211, 0.214, 0.217, 0.187, 0.292, 0.316, 0.301, 0.349, 0.346, 0.499, 0.744, 1.336, 0.787], "d0": "0", "d5": "0", "d11": "0.725", "eff": 0.94, "tick": "334134", "goal": "0", "here": "0", "t": 1789617703.28}
{"x": 0.305, "y": 12.114, "h": 110.1, "scan": [0.79, 0.247, 0.2, 0.212, 0.194, 0.198, 0.246, 0.228, 0.259, 0.322, 0.317, 0.326, 0.338, 0.461, 0.698, 1.261], "d0": "0", "d5": "0", "d11": "0.717", "eff": 0.94, "tick": "334175", "goal": "0", "here": "0", "t": 1789617703.69}
{"x": 0.344, "y": 12.105, "h": 100.2, "scan": [1.258, 0.798, 0.196, 0.18, 0.204, 0.196, 0.237, 0.259, 0.27, 0.344, null, 0.314, 0.352, 0.429, 0.51, 1.029], "d0": "0", "d5": "0", "d11": "0.696", "eff": 0.94, "tick": "334219", "goal": "0", "here": "0", "t": 1789617704.12}
{"x": 0.385, "y": 12.103, "h": 88.1, "scan": [1.226, 0.725, 0.964, 0.157, 0.17, 0.211, 0.228, 0.345, 0.281, 0.333, 0.393, 0.328, 0.371, 0.336, 0.439, 0.678], "d0": "0", "d5": "0", "d11": "0.734", "eff": 0.94, "tick": "334259", "goal": "0", "here": "0", "t": 1789617704.55}
{"x": 0.422, "y": 12.106, "h": 81.7, "scan": [1.237, 1.204, 0.844, 0.2, 0.171, 0.192, 0.245, 0.279, 0.309, 0.357, 0.416, 0.316, 0.368, 0.313, 0.448, 0.592], "d0": "0", "d5": "0", "d11": "0.735", "eff": 0.94, "tick": "334302", "goal": "0", "here": "0", "t": 1789617704.96}
{"x": 0.457, "y": 12.114, "h": 76.2, "scan": [0.963, 1.143, 0.669, 0.848, 0.168, 0.154, 0.246, 0.293, 0.351, 0.354, 0.416, 0.344, 0.378, 0.321, 0.392, 0.573], "d0": "0", "d5": "0", "d11": "0.743", "eff": 0.94, "tick": "334340", "goal": "0", "here": "0", "t": 1789617705.37}
{"x": 0.499, "y": 12.128, "h": 68.4, "scan": [0.842, 1.162, 0.63, 0.904, 0.195, 0.177, 0.222, 0.299, 0.436, 0.395, 0.453, 0.361, 0.395, 0.307, 0.363, null], "d0": "0", "d5": "0", "d11": "0.739", "eff": 0.94, "tick": "334387", "goal": "0", "here": "0", "t": 1789617705.81}
{"x": 0.535, "y": 12.141, "h": 71.4, "scan": [0.831, 1.134, 0.593, 0.892, 0.754, 0.177, 0.217, 0.341, 0.435, 0.43, 0.485, 0.357, 0.335, 0.313, 0.35, 0.479], "d0": "0", "d5": "0", "d11": "0.759", "eff": 0.94, "tick": "334434", "goal": "0", "here": "0", "t": 1789617706.27}
{"x": 0.571, "y": 12.15, "h": 76.6, "scan": [0.845, 1.043, 0.592, 0.857, 0.768, 0.21, 0.232, 0.372, 0.455, 0.492, 0.511, 0.401, 0.266, 0.326, 0.331, 0.483], "d0": "0", "d5": "0", "d11": "0.768", "eff": 0.94, "tick": "334480", "goal": "0", "here": "0", "t": 1789617706.74}
{"x": 0.604, "y": 12.156, "h": 81.7, "scan": [1.1, 1.056, 0.576, 0.849, null, 0.197, 0.271, 0.425, 0.475, 0.531, 0.413, 0.386, 0.303, 0.323, 0.333, 0.487], "d0": "0", "d5": "0", "d11": "0.746", "eff": 0.95, "tick": "334523", "goal": "0", "here": "0", "t": 1789617707.17}
{"x": 0.637, "y": 12.16, "h": 86.6, "scan": [0.978, 1.043, 0.582, 0.799, 0.73, 0.221, 0.303, 0.467, 0.5, 0.547, 0.422, 0.284, 0.313, 0.304, 0.386, 0.546], "d0": "0", "d5": "0", "d11": "0.750", "eff": 0.93, "tick": "334565", "goal": "0", "here": "0", "t": 1789617707.59}
{"x": 0.673, "y": 12.161, "h": 91.5, "scan": [0.976, 1.048, 0.569, 0.743, 0.729, 0.228, 0.336, 0.526, 0.561, 0.584, 0.432, 0.3, 0.313, 0.289, 0.409, 0.699], "d0": "0", "d5": "0", "d11": "0.741", "eff": 0.93, "tick": "334611", "goal": "0", "here": "0", "t": 1789617708.04}
{"x": 0.705, "y": 12.158, "h": 94.3, "scan": [0.995, 0.471, 0.716, null, 0.762, 0.246, 0.38, 0.604, 0.61, 0.48, 0.348, 0.337, 0.29, 0.319, 0.389, 0.721], "d0": "0", "d5": "0", "d11": "0.753", "eff": 0.93, "tick": "334652", "goal": "0", "here": "0", "t": 1789617708.46}
{"x": 0.738, "y": 12.152, "h": 100.8, "scan": [0.91, 0.462, 0.761, 0.705, 0.752, 0.271, 0.421, 0.613, 0.662, 0.493, 0.338, 0.315, 0.262, 0.36, 0.455, 0.976], "d0": "0", "d5": "0", "d11": "0.775", "eff": 0.93, "tick": "334693", "goal": "0", "here": "0", "t": 1789617708.87}
{"x": 0.769, "y": 12.145, "h": 107.2, "scan": [0.917, 0.451, 0.775, 0.705, 0.738, 0.258, 0.47, 0.647, 0.677, 0.516, null, 0.324, 0.293, 0.369, 0.502, 0.894], "d0": "0", "d5": "0", "d11": "0.768", "eff": 0.93, "tick": "334734", "goal": "0", "here": "0", "t": 1789617709.28}
{"x": 0.801, "y": 12.134, "h": 109.7, "scan": [0.893, 0.404, 0.752, 0.737, 0.745, 0.262, 0.519, 0.656, 0.701, 0.481, 0.351, 0.3, 0.362, 0.347, 0.604, 0.863], "d0": "0", "d5": "0", "d11": "0.772", "eff": 0.93, "tick": "334777", "goal": "0", "here": "0", "t": 1789617709.71}
{"x": 0.832, "y": 12.122, "h": 116.8, "scan": [0.916, 0.404, 0.741, 0.74, 0.752, 1.064, 0.561, 0.698, 0.681, 0.401, 0.356, 0.294, 0.331, 0.422, 0.867, 0.865], "d0": "0", "d5": "0", "d11": "0.753", "eff": 0.93, "tick": "334817", "goal": "0", "here": "0", "t": 1789617710.13}
{"x": 0.86, "y": 12.106, "h": 121.1, "scan": [0.968, 0.401, 0.721, 0.727, 0.788, 1.128, 0.604, 0.747, 0.599, 0.419, 0.324, 0.347, 0.349, 0.506, 0.882, 0.811], "d0": "0", "d5": "0", "d11": "0.756", "eff": 0.93, "tick": "334860", "goal": "0", "here": "0", "t": 1789617710.54}
{"x": 0.889, "y": 12.086, "h": 125.1, "scan": [0.307, 0.398, 0.675, 0.701, 0.867, 1.171, 0.755, 0.77, 0.62, 0.435, 0.328, 0.375, 0.386, 0.545, 0.773, 0.779], "d0": "0", "d5": "0", "d11": "0.768", "eff": 0.93, "tick": "334904", "goal": "0", "here": "0", "t": 1789617710.98}
{"x": 0.918, "y": 12.063, "h": 131.7, "scan": [0.291, 0.593, 0.607, 0.695, 0.959, 1.379, 0.748, 0.802, 0.596, 0.461, 0.367, 0.363, 0.431, 0.787, 0.782, 0.77], "d0": "0", "d5": "0", "d11": "0.763", "eff": 0.93, "tick": "334948", "goal": "0", "here": "0", "t": 1789617711.45}
{"x": 0.942, "y": 12.04, "h": 134.1, "scan": [0.278, 0.606, 0.603, 0.691, 0.989, 1.395, 0.775, 0.835, 0.531, 0.405, 0.415, 0.354, 0.538, 0.86, 0.766, 0.769], "d0": "0", "d5": "0", "d11": "0.748", "eff": 0.93, "tick": "334992", "goal": "0", "here": "0", "t": 1789617711.86}
{"x": 0.96, "y": 12.02, "h": 136.1, "scan": [0.258, 0.571, 0.583, 0.669, 0.955, 1.434, 0.8, 0.859, 0.547, 0.436, 0.428, 0.365, 0.567, 0.844, 0.744, 0.745], "d0": "0", "d5": "0", "d11": "0.751", "eff": 0.93, "tick": "335034", "goal": "0", "here": "0", "t": 1789617712.3}
{"x": 0.977, "y": 12.004, "h": 127.5, "scan": [0.241, 0.272, 0.6, 0.662, 0.766, 1.194, 0.704, 0.869, 0.716, 0.5, 0.429, 0.389, 0.538, 0.826, 0.766, 0.711], "d0": "0", "d5": "0", "d11": "0.745", "eff": 0.93, "tick": "335077", "goal": "0", "here": "0", "t": 1789617712.71}
{"x": 0.984, "y": 11.998, "h": 114.3, "scan": [0.725, 0.209, 0.504, 0.568, 0.667, 0.895, 1.432, 0.818, 0.899, 0.583, 0.448, 0.423, 0.404, 0.548, 0.803, 0.709], "d0": "0", "d5": "0", "d11": "0.709", "eff": 0.91, "tick": "335118", "goal": "0", "here": "0", "t": 1789617713.12}
{"x": 0.985, "y": 11.998, "h": 87.7, "scan": [0.734, null, 0.189, 0.277, 0.598, 0.664, 0.765, 1.336, 0.739, 0.893, 0.684, 0.488, 0.443, 0.402, 0.55, 0.806], "d0": "0", "d5": "0", "d11": "0.722", "eff": 0.92, "tick": "335159", "goal": "0", "here": "0", "t": 1789617713.52}
{"x": 1.021, "y": 12.006, "h": 74.9, "scan": [0.651, 0.653, 0.129, 0.211, 0.571, 0.567, 0.693, 1.015, 1.457, 0.837, 0.786, 0.556, 0.432, 0.387, 0.411, 0.555], "d0": "0", "d5": "0", "d11": "0.701", "eff": 0.92, "tick": "335203", "goal": "0", "here": "0", "t": 1789617713.96}
{"x": 1.051, "y": 12.019, "h": 64.9, "scan": [0.757, 0.702, 0.644, 0.125, 0.205, 0.596, 0.668, 0.794, 1.252, 0.82, 0.94, 0.598, 0.423, 0.386, 0.392, 0.498], "d0": "0", "d5": "0", "d11": "0.700", "eff": 0.92, "tick": "335247", "goal": "0", "here": "0", "t": 1789617714.4}
{"x": 1.084, "y": 12.038, "h": 58.9, "scan": [0.67, 0.628, 0.604, 0.796, 0.139, 0.235, 0.597, 0.789, 1.21, 0.508, 0.957, 0.774, 0.437, 0.409, 0.355, 0.486], "d0": "0", "d5": "0", "d11": "0.683", "eff": 0.92, "tick": "335288", "goal": "0", "here": "0", "t": 1789617714.81}
{"x": 1.115, "y": 12.058, "h": 57.6, "scan": [0.643, 0.578, 0.58, 0.75, 1.013, 0.225, 0.633, 0.816, 1.245, 0.786, 1.001, 0.624, 0.426, 0.346, 0.329, 0.442], "d0": "0", "d5": "0", "d11": "0.691", "eff": 0.92, "tick": "335330", "goal": "0", "here": "0", "t": 1789617715.24}
{"x": 1.148, "y": 12.077, "h": 63.4, "scan": [0.666, 0.581, 0.555, 0.75, 1.235, 0.224, 0.637, 0.843, 1.349, 0.964, 0.995, 0.589, 0.423, 0.314, 0.318, 0.405], "d0": "0", "d5": "0", "d11": "0.697", "eff": 0.92, "tick": "335378", "goal": "0", "here": "0", "t": 1789617715.72}
{"x": 1.181, "y": 12.091, "h": 70.2, "scan": [0.619, 0.602, 0.589, 0.763, 1.309, 0.432, 0.749, 0.931, 1.625, 0.99, 0.848, 0.44, 0.332, 0.301, 0.361, 0.39], "d0": "0", "d5": "0", "d11": "0.697", "eff": 0.92, "tick": "335425", "goal": "0", "here": "0", "t": 1789617716.18}
{"x": 1.21, "y": 12.101, "h": 74.3, "scan": [0.54, 0.556, 0.538, 0.722, 1.284, 0.453, 0.799, 1.154, 1.652, 1.044, 0.691, 0.451, 0.298, 0.285, 0.359, 0.501], "d0": "0", "d5": "0", "d11": "0.688", "eff": 0.92, "tick": "335462", "goal": "0", "here": "0", "t": 1789617716.59}
{"x": 1.243, "y": 12.11, "h": 78.0, "scan": [0.453, 0.507, 0.537, 0.752, null, 0.45, 0.815, 1.223, 0.889, 1.085, 0.643, 0.425, 0.277, 0.293, 0.338, 0.537], "d0": "0", "d5": "0", "d11": "0.630", "eff": 0.92, "tick": "335506", "goal": "0", "here": "0", "t": 1789617717.0}
{"x": 1.275, "y": 12.116, "h": 81.1, "scan": [0.43, 0.462, 0.516, 0.904, 1.211, 0.44, 0.864, 1.413, 1.046, 1.101, 0.483, 0.318, 0.272, 0.338, 0.295, 0.545], "d0": "0", "d5": "0", "d11": "0.604", "eff": 0.92, "tick": "335547", "goal": "0", "here": "0", "t": 1789617717.41}
{"x": 1.309, "y": 12.12, "h": 85.4, "scan": [0.427, 0.422, 0.508, 0.935, 1.261, 0.436, 0.966, 1.501, 1.079, 0.936, 0.487, 0.317, 0.283, 0.297, 0.331, 0.521], "d0": "0", "d5": "0", "d11": "0.602", "eff": 0.92, "tick": "335591", "goal": "0", "here": "0", "t": 1789617717.85}
{"x": 1.341, "y": 12.121, "h": 90.7, "scan": [0.426, 0.393, 0.533, 0.969, 1.211, 0.435, 1.001, 1.765, 1.134, 0.767, 0.455, 0.3, 0.296, 0.277, 0.452, 0.434], "d0": "0", "d5": "0", "d11": "0.606", "eff": 0.92, "tick": "335632", "goal": "0", "here": "0", "t": 1789617718.25}
{"x": 1.373, "y": 12.118, "h": 96.4, "scan": [0.405, 0.393, 0.646, 1.233, 1.214, 0.432, 1.064, 1.781, 1.207, 0.721, 0.337, 0.266, 0.315, 0.246, 0.455, 0.347], "d0": "0", "d5": "0", "d11": "0.629", "eff": 0.92, "tick": "335673", "goal": "0", "here": "0", "t": 1789617718.66}
{"x": 1.408, "y": 12.113, "h": 102.7, "scan": [0.373, 0.366, 0.639, 1.268, 1.242, 0.448, 1.343, 0.811, 1.197, 0.573, 0.331, 0.302, 0.263, 0.386, 0.458, 0.299], "d0": "0", "d5": "0", "d11": "0.615", "eff": 0.92, "tick": "335717", "goal": "0", "here": "0", "t": 1789617719.11}
{"x": 1.443, "y": 12.103, "h": 109.6, "scan": [0.306, 0.364, 0.613, 1.177, 1.236, 0.432, 1.482, 1.245, 1.08, 0.566, 0.318, 0.334, 0.231, 0.398, 0.387, 0.315], "d0": "0", "d5": "0", "d11": "0.620", "eff": 0.9, "tick": "335762", "goal": "0", "here": "0", "t": 1789617719.59}
{"x": 1.475, "y": 12.092, "h": 112.7, "scan": [0.298, 0.344, 0.619, 1.148, 0.659, 0.454, 1.594, 1.225, 0.917, 0.424, 0.341, 0.292, 0.329, 0.429, 0.246, 0.307], "d0": "0", "d5": "0", "d11": "0.613", "eff": 0.9, "tick": "335803", "goal": "0", "here": "0", "t": 1789617719.99}
{"x": 1.505, "y": 12.079, "h": 115.1, "scan": [0.232, 0.348, 0.629, 1.231, 0.57, 0.435, 1.89, 1.298, 0.857, 0.429, 0.363, 0.269, 0.398, 0.385, 0.248, 0.294], "d0": "0", "d5": "0", "d11": "0.642", "eff": 0.9, "tick": "335846", "goal": "0", "here": "0", "t": 1789617720.4}
{"x": 1.535, "y": 12.063, "h": 121.2, "scan": [0.238, 0.326, 0.844, 1.199, 0.534, 0.422, 1.919, 1.327, 0.684, 0.407, 0.34, 0.336, 0.396, 0.23, 0.244, 0.268], "d0": "0", "d5": "0", "d11": "0.633", "eff": 0.9, "tick": "335890", "goal": "0", "here": "0", "t": 1789617720.84}
{"x": 1.542, "y": 12.059, "h": 104.4, "scan": [0.213, 0.231, 0.323, 1.175, 1.17, 0.545, 0.372, 1.825, 1.353, 0.668, 0.393, 0.297, 0.389, 0.459, 0.225, 0.254], "d0": "0", "d5": "0", "d11": "0.649", "eff": 0.92, "tick": "335931", "goal": "0", "here": "0", "t": 1789617721.25}
{"x": 1.548, "y": 12.059, "h": 79.8, "scan": [0.248, 0.236, 0.199, 0.322, 0.898, 1.168, 0.557, 0.42, 1.798, 1.342, 0.682, 0.414, 0.292, 0.368, 0.415, 0.238], "d0": "0", "d5": "0", "d11": "0.623", "eff": 0.92, "tick": "335973", "goal": "0", "here": "0", "t": 1789617721.67}
{"x": 1.568, "y": 12.066, "h": 62.3, "scan": [0.203, 0.247, 0.209, 0.217, 0.333, 1.189, 1.221, 0.543, 0.397, 1.199, 1.17, 0.498, 0.399, 0.289, 0.373, 0.374], "d0": "0", "d5": "0", "d11": "0.606", "eff": 0.93, "tick": "336020", "goal": "0", "here": "0", "t": 1789617722.14}
{"x": 1.569, "y": 12.067, "h": 33.2, "scan": [0.395, 0.197, 0.216, 0.216, 0.22, 0.309, 0.872, 1.205, 0.563, 0.462, 1.882, 1.365, 0.693, 0.389, 0.293, 0.37], "d0": "0", "d5": "0", "d11": "0.590", "eff": 0.93, "tick": "336064", "goal": "0", "here": "0", "t": 1789617722.58}
{"x": 1.576, "y": 12.09, "h": 16.7, "scan": [0.356, 0.363, 0.173, 0.223, 0.226, 0.18, 0.293, 0.899, 1.193, 0.553, 0.4, 0.92, 1.32, 0.501, 0.376, 0.271], "d0": "0", "d5": "0", "d11": "0.599", "eff": 0.93, "tick": "336108", "goal": "0", "here": "0", "t": 1789617723.05}
{"x": 1.581, "y": 12.126, "h": 4.0, "scan": [0.257, 0.318, 0.294, 0.157, 0.215, 0.233, 0.24, 0.581, 1.214, 1.386, 0.515, 1.96, 1.362, 0.698, 0.392, 0.237], "d0": "0", "d5": "0", "d11": "0.577", "eff": 0.93, "tick": "336151", "goal": "0", "here": "0", "t": 1789617723.5}
{"x": 1.581, "y": 12.164, "h": 350.7, "scan": [0.198, 0.27, 0.295, 0.297, 0.139, 0.197, 0.246, 0.265, 0.648, 1.294, 0.653, 0.443, 0.885, 1.359, 0.448, 0.331], "d0": "0", "d5": "0", "d11": "0.583", "eff": 0.95, "tick": "336209", "goal": "0", "here": "0", "t": 1789617724.02}
{"x": 1.579, "y": 12.166, "h": 315.8, "scan": [0.337, 0.196, 0.252, 0.286, 0.303, 0.157, 0.171, 0.259, 0.227, 0.615, 1.231, 0.729, 0.524, 1.967, 1.359, 0.653], "d0": "0", "d5": "0", "d11": "0.580", "eff": 0.96, "tick": "336253", "goal": "0", "here": "0", "t": 1789617724.47}
{"x": 1.56, "y": 12.179, "h": 305.2, "scan": [0.424, 0.317, 0.182, 0.254, 0.313, 0.296, 0.163, 0.198, 0.263, 0.3, 0.914, 1.25, 0.606, 0.413, 1.171, 1.337], "d0": "0", "d5": "0", "d11": "0.603", "eff": 0.99, "tick": "336293", "goal": "0", "here": "0", "t": 1789617724.87}
{"x": 1.533, "y": 12.192, "h": 292.1, "scan": [0.65, null, 0.271, 0.166, 0.27, 0.292, 0.278, 0.203, 0.291, 0.274, 0.44, 1.245, 1.403, 0.508, 1.891, 1.275], "d0": "0", "d5": "0", "d11": "0.656", "eff": 0.99, "tick": "336332", "goal": "0", "here": "0", "t": 1789617725.29}
{"x": 1.496, "y": 12.204, "h": 286.4, "scan": [1.063, 0.336, 0.272, 0.183, 0.17, 0.295, 0.355, 0.222, 0.277, 0.31, 0.425, 1.325, 1.324, 0.558, 1.557, 1.283], "d0": "0", "d5": "0", "d11": "0.661", "eff": 0.99, "tick": "336377", "goal": "0", "here": "0", "t": 1789617725.7}
{"x": 1.458, "y": 12.211, "h": 280.0, "scan": [1.258, 0.387, 0.242, 0.25, 0.164, 0.211, 0.349, 0.312, 0.278, 0.342, 0.444, 1.006, null, 0.558, null, 1.113], "d0": "0", "d5": "0", "d11": "0.685", "eff": 0.99, "tick": "336417", "goal": "0", "here": "0", "t": 1789617726.11}
{"x": 1.423, "y": 12.214, "h": 271.7, "scan": [1.243, 0.555, 0.286, 0.248, 0.2, 0.183, 0.344, 0.392, 0.278, null, 0.459, 0.936, 1.345, 0.573, 1.133, 1.851], "d0": "0", "d5": "0", "d11": "0.699", "eff": 0.99, "tick": "336455", "goal": "0", "here": "0", "t": 1789617726.55}
{"x": 1.38, "y": 12.213, "h": 266.7, "scan": [1.187, 0.739, 0.273, 0.2, 0.241, 0.208, 0.237, 0.429, 0.326, 0.41, 0.466, 0.758, 1.327, 0.555, 1.088, 1.839], "d0": "0", "d5": "0", "d11": "0.721", "eff": 0.97, "tick": "336499", "goal": "0", "here": "0", "t": 1789617726.95}
{"x": 1.34, "y": 12.21, "h": 265.4, "scan": [1.114, 0.923, 0.311, 0.205, 0.221, 0.241, 0.199, 0.432, 0.366, 0.437, 0.464, 0.757, 1.281, 0.57, 1.0, 1.528], "d0": "0", "d5": "0", "d11": "0.735", "eff": 0.97, "tick": "336545", "goal": "0", "here": "0", "t": 1789617727.39}
{"x": 1.296, "y": 12.203, "h": 256.8, "scan": [1.124, 0.958, 0.447, 0.244, 0.2, 0.244, 0.236, 0.433, 0.442, 0.493, 0.502, 0.761, 1.287, 0.545, 0.938, 1.457], "d0": "0", "d5": "0", "d11": "0.750", "eff": 0.97, "tick": "336589", "goal": "0", "here": "0", "t": 1789617727.86}
{"x": 1.258, "y": 12.194, "h": 253.9, "scan": [0.975, 1.07, 0.444, 0.238, 0.204, 0.204, 0.28, 0.287, 0.507, 0.496, 0.504, 0.774, 1.333, 0.534, 0.924, 1.32], "d0": "0", "d5": "0", "d11": "0.772", "eff": 0.97, "tick": "336634", "goal": "0", "here": "0", "t": 1789617728.27}
{"x": 1.221, "y": 12.183, "h": 255.8, "scan": [0.893, 1.066, 0.591, null, 0.22, 0.223, 0.31, 0.287, 0.543, 0.531, 0.552, 0.77, 1.364, 0.491, 0.899, 1.259], "d0": "0", "d5": "0", "d11": "0.764", "eff": 0.97, "tick": "336674", "goal": "0", "here": "0", "t": 1789617728.68}
{"x": 1.185, "y": 12.172, "h": 251.3, "scan": [0.838, 1.036, 0.621, 0.371, 0.23, 0.215, 0.286, 0.326, 0.599, 0.545, 0.548, 0.789, 1.352, 0.34, 0.854, 1.226], "d0": "0", "d5": "0", "d11": "0.762", "eff": 0.97, "tick": "336715", "goal": "0", "here": "0", "t": 1789617729.09}
{"x": 1.149, "y": 12.161, "h": 250.6, "scan": [0.613, 0.993, 0.602, 0.374, 0.228, 0.232, 0.258, 0.337, 0.633, 0.587, 0.599, 0.801, 1.367, 0.379, 0.844, 1.184], "d0": "0", "d5": "0", "d11": "0.783", "eff": 0.97, "tick": "336756", "goal": "0", "here": "0", "t": 1789617729.5}
{"x": 1.114, "y": 12.148, "h": 252.2, "scan": [0.743, 0.958, 0.624, 0.347, 0.279, 0.248, 0.267, 0.355, 0.683, 0.639, 0.633, 0.848, 1.281, 0.732, 0.804, 1.154], "d0": "0", "d5": "0", "d11": "0.763", "eff": 0.97, "tick": "336797", "goal": "0", "here": "0", "t": 1789617729.91}
{"x": 1.075, "y": 12.136, "h": 253.7, "scan": [0.794, 0.932, 0.568, 0.358, 0.325, 0.247, 0.277, 0.438, 0.676, 0.64, 0.679, 1.059, 0.287, 0.674, 0.849, 1.254], "d0": "0", "d5": "0", "d11": "0.779", "eff": 0.97, "tick": "336841", "goal": "0", "here": "0", "t": 1789617730.35}
{"x": 1.035, "y": 12.128, "h": 263.3, "scan": [0.882, 0.907, 0.534, 0.326, 0.314, 0.26, 0.319, 0.452, 0.645, 0.647, 0.865, 0.222, 0.705, 0.731, 0.853, 1.263], "d0": "0", "d5": "0", "d11": "0.782", "eff": 0.97, "tick": "336885", "goal": "0", "here": "0", "t": 1789617730.78}
{"x": 0.998, "y": 12.122, "h": 262.5, "scan": [0.799, 0.866, 0.493, 0.315, 0.328, 0.272, 0.335, 0.501, 0.659, 0.695, 0.905, 0.324, 0.71, 0.762, 0.95, 1.447], "d0": "0", "d5": "0", "d11": "0.784", "eff": 0.97, "tick": "336926", "goal": "0", "here": "0", "t": 1789617731.19}
{"x": 0.96, "y": 12.12, "h": 268.0, "scan": [0.779, 0.828, 0.467, 0.296, 0.334, 0.272, 0.362, 0.543, 0.725, 0.751, 0.938, 0.355, 0.675, 0.75, 1.022, 0.413], "d0": "0", "d5": "0", "d11": "0.785", "eff": 0.97, "tick": "336967", "goal": "0", "here": "0", "t": 1789617731.6}
{"x": 0.922, "y": 12.12, "h": 271.7, "scan": [0.761, 0.704, 0.462, 0.324, 0.33, 0.301, 0.384, 0.769, 0.799, 0.784, 0.319, 0.67, 0.674, 0.782, 1.044, 0.582], "d0": "0", "d5": "0", "d11": "0.797", "eff": 0.97, "tick": "337008", "goal": "0", "here": "0", "t": 1789617732.01}
{"x": 0.882, "y": 12.121, "h": 275.0, "scan": [0.739, 0.62, 0.424, 0.335, 0.322, 0.324, 0.412, 0.855, 0.837, 0.846, 0.353, 0.707, 0.716, 0.763, 1.107, 0.603], "d0": "0", "d5": "0", "d11": "0.816", "eff": 0.97, "tick": "337052", "goal": "0", "here": "0", "t": 1789617732.45}
{"x": 0.845, "y": 12.125, "h": 277.3, "scan": [0.739, 0.58, 0.395, 0.326, 0.31, 0.328, 0.436, 0.896, 0.825, 1.004, 0.407, 0.734, 0.717, 0.82, 0.315, 0.651], "d0": "0", "d5": "0", "d11": "0.821", "eff": 0.97, "tick": "337091", "goal": "0", "here": "0", "t": 1789617732.87}
{"x": 0.804, "y": 12.133, "h": 280.6, "scan": [0.724, 0.529, 0.404, 0.319, 0.3, 0.36, 0.458, 0.904, 0.853, 0.371, 0.637, 0.696, 0.734, 0.953, 0.314, 0.68], "d0": "0", "d5": "0", "d11": "0.837", "eff": 0.97, "tick": "337136", "goal": "0", "here": "0", "t": 1789617733.3}
{"x": 0.766, "y": 12.141, "h": 282.9, "scan": [0.675, 0.514, 0.349, 0.321, null, 0.357, 0.499, 0.897, 0.884, 0.428, 0.752, 0.72, 0.774, 0.264, 0.47, 0.616], "d0": "0", "d5": "0", "d11": "0.849", "eff": 0.97, "tick": "337178", "goal": "0", "here": "0", "t": 1789617733.72}
{"x": 0.729, "y": 12.153, "h": 285.8, "scan": [0.611, 0.465, 0.347, 0.316, 0.283, 0.38, 0.511, 0.891, 0.951, 0.472, null, 0.745, 0.75, 0.26, 0.48, 0.587], "d0": "0", "d5": "0", "d11": "0.850", "eff": 0.97, "tick": "337221", "goal": "0", "here": "0", "t": 1789617734.14}
{"x": 0.692, "y": 12.164, "h": 288.3, "scan": [0.599, 0.44, 0.299, 0.31, 0.274, 0.388, 0.502, 0.937, 0.967, 0.518, 0.811, 0.771, 0.766, 0.276, 0.496, 0.567], "d0": "0", "d5": "0", "d11": "0.822", "eff": 0.95, "tick": "337262", "goal": "0", "here": "0", "t": 1789617734.56}
{"x": 0.653, "y": 12.179, "h": 290.5, "scan": [0.578, 0.421, 0.288, 0.295, 0.277, 0.378, 0.533, 0.949, 1.031, 0.554, 0.815, 0.752, 0.27, 0.346, 0.49, 0.543], "d0": "0", "d5": "0", "d11": "0.838", "eff": 0.95, "tick": "337307", "goal": "0", "here": "0", "t": 1789617735.0}
{"x": 0.616, "y": 12.194, "h": 292.7, "scan": [0.521, 0.395, 0.264, 0.27, 0.282, 0.35, 0.535, 0.984, 1.061, 0.614, 0.811, 0.789, 0.251, 0.396, 0.552, 0.5], "d0": "0", "d5": "0", "d11": "0.838", "eff": 0.95, "tick": "337351", "goal": "0", "here": "0", "t": 1789617735.44}
{"x": 0.577, "y": 12.208, "h": 288.7, "scan": [0.501, 0.362, 0.245, 0.254, 0.285, 0.281, 0.468, 1.035, 1.094, 0.652, 0.832, 0.797, 0.259, 0.383, 0.525, 0.453], "d0": "0", "d5": "0", "d11": "0.851", "eff": 0.95, "tick": "337396", "goal": "0", "here": "0", "t": 1789617735.89}
{"x": 0.54, "y": 12.22, "h": 285.8, "scan": [0.459, 0.318, 0.291, 0.219, 0.262, 0.31, 0.47, 1.144, null, 0.682, 0.87, 0.269, 0.278, 0.396, 0.483, 0.437], "d0": "0", "d5": "0", "d11": "0.860", "eff": 0.95, "tick": "337435", "goal": "0", "here": "0", "t": 1789617736.3}
{"x": 0.501, "y": 12.23, "h": 282.1, "scan": [0.429, 0.281, 0.304, 0.204, 0.238, 0.311, 0.457, 0.869, 0.772, 0.696, 0.933, 0.277, 0.293, null, 0.497, 0.393], "d0": "0", "d5": "0", "d11": "0.862", "eff": 0.95, "tick": "337480", "goal": "0", "here": "0", "t": 1789617736.74}
{"x": 0.465, "y": 12.237, "h": 279.0, "scan": [0.418, 0.372, 0.263, 0.238, 0.21, 0.287, 0.348, 0.86, 0.811, 0.715, 0.99, 0.279, 0.314, 0.349, 0.431, 0.377], "d0": "0", "d5": "0", "d11": "0.828", "eff": 0.95, "tick": "337521", "goal": "0", "here": "0", "t": 1789617737.14}
{"x": 0.422, "y": 12.242, "h": 276.4, "scan": [0.363, 0.382, 0.239, 0.269, 0.2, 0.23, 0.344, 0.567, 1.221, 0.738, 1.02, 0.305, 0.288, 0.347, 0.415, 0.347], "d0": "0", "d5": "0", "d11": "0.868", "eff": 0.95, "tick": "337566", "goal": "0", "here": "0", "t": 1789617737.6}
{"x": 0.384, "y": 12.243, "h": 266.3, "scan": [0.309, 0.329, 0.237, 0.23, 0.235, 0.193, 0.331, 0.55, 1.203, 1.278, 0.996, 0.313, 0.3, 0.338, 0.353, 0.314], "d0": "0", "d5": "0", "d11": "0.915", "eff": 0.95, "tick": "337607", "goal": "0", "here": "0", "t": 1789617738.0}
{"x": 0.347, "y": 12.239, "h": 263.8, "scan": [0.274, 0.281, 0.286, 0.196, 0.237, 0.242, 0.246, 0.421, 1.296, 0.524, 0.919, 0.321, 0.304, 0.307, 0.329, 0.281], "d0": "0", "d5": "0", "d11": "0.918", "eff": 0.95, "tick": "337647", "goal": "0", "here": "0", "t": 1789617738.41}
{"x": 0.305, "y": 12.232, "h": 257.5, "scan": [0.255, 0.277, 0.283, 0.213, 0.18, 0.256, 0.233, 0.433, 0.824, 0.529, 0.849, 0.334, 0.316, 0.325, 0.315, 0.233], "d0": "0", "d5": "0", "d11": "0.904", "eff": 0.95, "tick": "337691", "goal": "0", "here": "0", "t": 1789617738.85}
{"x": 0.269, "y": 12.223, "h": 252.4, "scan": [0.195, null, 0.249, 0.252, 0.187, 0.219, 0.293, 0.358, 0.675, 1.325, 0.553, 0.35, 0.301, 0.295, 0.259, 0.247], "d0": "0", "d5": "0", "d11": "0.914", "eff": 0.95, "tick": "337735", "goal": "0", "here": "0", "t": 1789617739.29}
{"x": 0.269, "y": 12.223, "h": 222.6, "scan": [null, 0.198, 0.207, 0.243, 0.28, 0.194, 0.183, 0.277, 0.276, 0.484, 1.335, 0.853, 0.59, 0.303, 0.3, 0.26], "d0": "0", "d5": "0", "d11": "0.909", "eff": 0.95, "tick": "337779", "goal": "0", "here": "0", "t": 1789617739.72}
{"x": 0.265, "y": 12.215, "h": 201.4, "scan": [0.262, 0.314, 0.221, 0.208, 0.233, 0.26, 0.218, 0.176, 0.285, 0.302, 0.487, 1.352, 0.837, 0.576, 0.297, 0.29], "d0": "0", "d5": "0", "d11": "0.898", "eff": 0.94, "tick": "337820", "goal": "0", "here": "0", "t": 1789617740.14}
{"x": 0.256, "y": 12.177, "h": 189.4, "scan": [0.251, 0.26, 0.205, 0.175, 0.218, 0.225, 0.287, 0.24, 0.288, 0.316, 0.494, 1.047, 1.347, 0.556, 0.268, 0.284], "d0": "0", "d5": "0", "d11": "0.906", "eff": 0.94, "tick": "337860", "goal": "0", "here": "0", "t": 1789617740.56}
{"x": 0.255, "y": 12.15, "h": 174.5, "scan": [0.242, 0.208, 0.232, 0.19, 0.177, 0.197, 0.255, 0.317, 0.236, 0.326, 0.354, 0.549, 1.35, 0.843, 0.311, 0.26], "d0": "0", "d5": "0", "d11": "0.909", "eff": 0.94, "tick": "337904", "goal": "0", "here": "0", "t": 1789617740.97}
{"x": 0.262, "y": 12.134, "h": 155.2, "scan": [0.253, 0.228, 0.2, 0.221, 0.195, 0.186, 0.239, 0.289, 0.296, 0.28, 0.352, 0.438, 0.717, 1.306, 0.421, 0.287], "d0": "0", "d5": "0", "d11": "0.939", "eff": 0.94, "tick": "337945", "goal": "0", "here": "0", "t": 1789617741.39}
{"x": 0.272, "y": 12.117, "h": 137.8, "scan": [0.255, 0.236, 0.212, 0.19, 0.24, 0.177, 0.185, 0.245, 0.31, 0.304, 0.293, 0.357, 0.492, 0.736, 0.411, 0.824], "d0": "0", "d5": "0", "d11": "0.930", "eff": 0.95, "tick": "337989", "goal": "0", "here": "0", "t": 1789617741.83}
{"x": 0.289, "y": 12.105, "h": 116.6, "scan": [0.802, 0.204, 0.215, 0.222, 0.194, 0.217, 0.195, 0.2, 0.274, 0.31, 0.298, 0.363, 0.351, 0.507, 0.86, 0.392], "d0": "0", "d5": "0", "d11": "0.950", "eff": 0.95, "tick": "338034", "goal": "0", "here": "0", "t": 1789617742.27}
{"x": 0.317, "y": 12.098, "h": 100.0, "scan": [1.273, 0.935, 0.196, 0.194, 0.205, 0.199, 0.24, 0.235, 0.224, 0.324, 0.365, 0.293, 0.389, 0.431, 0.558, 0.358], "d0": "0", "d5": "0", "d11": "0.968", "eff": 0.95, "tick": "338074", "goal": "0", "here": "0", "t": 1789617742.7}
{"x": 0.356, "y": 12.096, "h": 87.4, "scan": [0.307, 0.736, 0.225, 0.172, 0.195, 0.209, 0.223, 0.284, 0.253, 0.332, 0.381, 0.3, 0.369, 0.332, 0.477, 0.704], "d0": "0", "d5": "0", "d11": "0.960", "eff": 0.95, "tick": "338117", "goal": "0", "here": "0", "t": 1789617743.11}
{"x": 0.393, "y": 12.1, "h": 82.3, "scan": [0.245, 0.703, 0.891, 0.184, 0.174, 0.199, 0.224, null, 0.291, 0.337, 0.403, 0.35, 0.358, 0.337, 0.454, 0.632], "d0": "0", "d5": "0", "d11": "0.973", "eff": 0.96, "tick": "338158", "goal": "0", "here": "0", "t": 1789617743.52}
{"x": 0.432, "y": 12.108, "h": 74.8, "scan": [0.222, 0.233, 0.711, 0.199, 0.161, 0.176, 0.234, 0.274, 0.369, 0.357, 0.398, 0.344, 0.369, 0.301, 0.41, 0.568], "d0": "0", "d5": "0", "d11": "0.980", "eff": 0.96, "tick": "338199", "goal": "0", "here": "0", "t": 1789617743.93}
{"x": 0.457, "y": 12.119, "h": 58.8, "scan": [0.577, 1.207, 0.266, 0.278, 0.206, 0.155, 0.199, 0.245, 0.325, 0.323, 0.41, 0.44, 0.334, 0.382, 0.316, 0.395], "d0": "0", "d5": "0", "d11": "0.979", "eff": 0.96, "tick": "338244", "goal": "0", "here": "0", "t": 1789617744.4}
{"x": 0.49, "y": 12.139, "h": 58.7, "scan": [0.555, 1.194, 1.142, 0.27, 0.791, 0.184, 0.207, 0.29, 0.352, 0.351, 0.413, 0.458, 0.339, 0.302, 0.299, 0.376], "d0": "0", "d5": "0", "d11": "0.985", "eff": 0.96, "tick": "338287", "goal": "0", "here": "0", "t": 1789617744.81}
{"x": 0.524, "y": 12.16, "h": 56.9, "scan": [0.508, 1.14, 1.112, 0.645, 0.278, 0.226, 0.216, 0.303, 0.37, 0.409, 0.45, 0.441, 0.35, 0.274, 0.334, 0.353], "d0": "0", "d5": "0", "d11": "0.979", "eff": 0.96, "tick": "338332", "goal": "0", "here": "0", "t": 1789617745.26}
{"x": 0.561, "y": 12.183, "h": 57.4, "scan": [0.469, 1.115, 1.102, 0.637, 0.876, 0.29, 0.243, 0.329, 0.427, 0.43, 0.491, 0.35, 0.351, 0.241, 0.295, 0.317], "d0": "0", "d5": "0", "d11": "0.961", "eff": 0.97, "tick": "338376", "goal": "0", "here": "0", "t": 1789617745.73}
{"x": 0.59, "y": 12.198, "h": 65.8, "scan": [0.471, 1.024, 1.084, 0.628, 0.816, 0.777, 0.246, 0.394, 0.528, 0.476, 0.512, 0.381, 0.263, 0.281, 0.279, 0.305], "d0": "0", "d5": "0", "d11": "0.958", "eff": 0.94, "tick": "338421", "goal": "0", "here": "0", "t": 1789617746.14}
{"x": 0.623, "y": 12.211, "h": 69.3, "scan": [0.555, 1.016, 1.1, 0.678, 0.779, 0.803, 0.273, 0.416, 0.518, 0.545, 0.507, 0.387, 0.232, 0.271, 0.252, 0.399], "d0": "0", "d5": "0", "d11": "0.936", "eff": 0.94, "tick": "338465", "goal": "0", "here": "0", "t": 1789617746.58}
{"x": 0.656, "y": 12.221, "h": 75.8, "scan": [0.704, null, 0.539, 0.804, 0.816, 0.794, 0.302, 0.467, null, 0.562, null, null, 0.25, 0.25, 0.264, 0.376], "d0": "0", "d5": "0", "d11": "0.898", "eff": 0.94, "tick": "338508", "goal": "0", "here": "0", "t": 1789617747.02}
{"x": 0.688, "y": 12.227, "h": 81.6, "scan": [1.017, 0.967, 0.508, 0.851, 0.833, 0.806, 0.33, 0.526, 0.564, 0.576, 0.399, 0.256, 0.251, 0.216, 0.249, 0.352], "d0": "0", "d5": "0", "d11": "0.883", "eff": 0.94, "tick": "338550", "goal": "0", "here": "0", "t": 1789617747.44}
{"x": 0.721, "y": 12.231, "h": 83.1, "scan": [0.985, 0.959, 0.516, 0.869, 0.841, 0.795, 0.349, 0.576, 0.582, 0.604, 0.42, 0.265, 0.249, 0.209, 0.294, 0.374], "d0": "0", "d5": "0", "d11": "0.850", "eff": 0.94, "tick": "338589", "goal": "0", "here": "0", "t": 1789617747.86}
{"x": 0.756, "y": 12.232, "h": 89.1, "scan": [null, 0.947, 0.514, 0.843, 0.839, 0.872, 0.406, 0.666, 0.635, 0.486, 0.286, 0.259, 0.221, 0.197, 0.296, 0.443], "d0": "0", "d5": "0", "d11": "0.821", "eff": 0.94, "tick": "338636", "goal": "0", "here": "0", "t": 1789617748.3}
{"x": 0.789, "y": 12.231, "h": 95.0, "scan": [0.895, 0.926, 0.499, 0.833, 0.821, 0.959, 0.459, 0.677, 0.667, 0.478, 0.297, 0.257, 0.184, 0.278, 0.28, 0.592], "d0": "0", "d5": "0", "d11": "0.828", "eff": 0.94, "tick": "338678", "goal": "0", "here": "0", "t": 1789617748.72}
{"x": 0.824, "y": 12.226, "h": 99.9, "scan": [0.874, 1.05, 0.48, 0.804, 0.797, 1.013, 0.523, 0.69, 0.716, 0.521, 0.307, 0.221, 0.207, 0.281, 0.277, 0.611], "d0": "0", "d5": "0", "d11": "0.802", "eff": 0.94, "tick": "338722", "goal": "0", "here": "0", "t": 1789617749.16}
{"x": 0.858, "y": 12.218, "h": 104.8, "scan": [0.82, 1.025, 0.477, 0.769, 0.848, 1.048, 0.594, 0.713, 0.729, 0.352, 0.312, 0.211, 0.266, 0.263, 0.356, 0.859], "d0": "0", "d5": "0", "d11": "0.766", "eff": 0.94, "tick": "338765", "goal": "0", "here": "0", "t": 1789617749.63}
{"x": 0.893, "y": 12.206, "h": 107.6, "scan": [0.799, 1.015, 0.497, 0.734, 0.83, 1.097, 0.642, 0.75, 0.6, 0.412, 0.256, 0.228, 0.244, 0.255, 0.495, 0.741], "d0": "0", "d5": "0", "d11": "0.718", "eff": 0.94, "tick": "338813", "goal": "0", "here": "0", "t": 1789617750.07}
{"x": 0.924, "y": 12.194, "h": 114.5, "scan": [0.799, 1.113, 0.733, 0.738, 0.848, 1.189, 0.698, 0.802, 0.604, 0.379, 0.25, 0.279, 0.236, 0.296, 0.511, 0.743], "d0": "0", "d5": "0", "d11": "0.665", "eff": 0.94, "tick": "338857", "goal": "0", "here": "0", "t": 1789617750.5}
{"x": 0.953, "y": 12.179, "h": 118.2, "scan": [0.795, 0.309, 0.743, 0.765, 0.855, 1.234, 0.784, 0.825, 0.478, 0.372, 0.271, 0.262, 0.241, 0.36, 0.785, 0.796], "d0": "0", "d5": "0", "d11": "0.615", "eff": 0.94, "tick": "338898", "goal": "0", "here": "0", "t": 1789617750.91}
{"x": 0.981, "y": 12.161, "h": 126.1, "scan": [0.904, 0.303, 0.735, 0.804, 0.876, 0.422, 0.821, 0.841, 0.477, 0.323, 0.299, 0.248, 0.279, 0.458, 0.765, 0.72], "d0": "0", "d5": "0", "d11": "0.595", "eff": 0.94, "tick": "338938", "goal": "0", "here": "0", "t": 1789617751.33}
{"x": 1.009, "y": 12.14, "h": 129.6, "scan": [0.901, 0.273, 0.722, 0.764, 1.015, 0.425, 0.831, 0.868, 0.496, 0.294, 0.31, 0.254, 0.315, 0.458, 0.637, 0.688], "d0": "0", "d5": "0", "d11": "0.574", "eff": 0.94, "tick": "338984", "goal": "0", "here": "0", "t": 1789617751.78}
{"x": 1.033, "y": 12.117, "h": 134.2, "scan": [0.865, 0.273, 0.702, 0.745, 1.066, 0.461, 0.841, 0.721, 0.484, 0.329, 0.281, 0.293, 0.447, 0.71, 0.671, 0.704], "d0": "0", "d5": "0", "d11": "0.587", "eff": 0.94, "tick": "339026", "goal": "0", "here": "0", "t": 1789617752.19}
{"x": 1.055, "y": 12.094, "h": 138.1, "scan": [0.976, 0.276, 0.664, 0.774, 1.087, 0.478, 0.889, 0.751, 0.474, 0.371, 0.269, 0.323, 0.464, 0.718, 0.697, 0.679], "d0": "0", "d5": "0", "d11": "0.580", "eff": 0.94, "tick": "339066", "goal": "0", "here": "0", "t": 1789617752.6}
{"x": 1.074, "y": 12.069, "h": 145.6, "scan": [1.033, 0.243, 0.619, 0.813, 1.143, 0.515, 0.935, 0.737, 0.422, 0.385, 0.318, 0.368, 0.451, 0.626, 0.625, 0.725], "d0": "0", "d5": "0", "d11": "0.608", "eff": 0.94, "tick": "339104", "goal": "0", "here": "0", "t": 1789617753.01}
{"x": 1.094, "y": 12.04, "h": 146.2, "scan": [1.015, 0.235, 0.601, 0.794, 1.206, 0.535, 0.962, 0.649, 0.428, 0.37, 0.359, 0.47, 0.667, 0.571, 0.589, 0.789], "d0": "0", "d5": "0", "d11": "0.657", "eff": 0.94, "tick": "339153", "goal": "0", "here": "0", "t": 1789617753.48}
{"x": 1.105, "y": 12.026, "h": 132.9, "scan": [0.772, 0.158, 0.618, 0.662, 0.82, 1.46, 0.918, 0.983, 0.609, 0.453, 0.349, 0.357, 0.466, 0.704, 0.65, 0.592], "d0": "0", "d5": "0", "d11": "0.641", "eff": 0.94, "tick": "339200", "goal": "0", "here": "0", "t": 1789617753.94}
{"x": 1.114, "y": 12.021, "h": 117.5, "scan": [0.601, null, 0.168, null, 0.722, 1.025, 1.531, 0.912, 0.831, 0.569, 0.438, 0.368, 0.415, 0.472, 0.601, 0.593], "d0": "0", "d5": "0", "d11": "0.665", "eff": 0.95, "tick": "339240", "goal": "0", "here": "0", "t": 1789617754.36}
{"x": 1.131, "y": 12.018, "h": 94.2, "scan": [0.555, 0.635, 0.956, 0.154, 0.608, 0.717, 1.091, 1.568, 0.933, 0.851, 0.514, 0.432, 0.355, 0.433, 0.638, 0.572], "d0": "0", "d5": "0", "d11": "0.692", "eff": 0.94, "tick": "339286", "goal": "0", "here": "0", "t": 1789617754.8}
{"x": 1.17, "y": 12.016, "h": 95.1, "scan": [0.55, 0.596, 0.865, 1.151, 0.619, 0.72, 1.025, 1.547, 0.936, 0.854, 0.549, 0.429, 0.353, 0.466, 0.622, 0.556], "d0": "0", "d5": "0", "d11": "0.708", "eff": 0.94, "tick": "339330", "goal": "0", "here": "0", "t": 1789617755.23}
{"x": 1.208, "y": 12.013, "h": 90.5, "scan": [0.541, 0.595, 0.874, 1.11, 0.626, 0.711, 1.033, 1.548, 0.928, 0.857, 0.518, 0.436, 0.37, 0.46, 0.622, 0.562], "d0": "0", "d5": "0", "d11": "0.747", "eff": 0.94, "tick": "339375", "goal": "0", "here": "0", "t": 1789617755.71}
{"x": 1.247, "y": 12.011, "h": 94.3, "scan": [0.561, 0.611, 0.943, null, 0.619, 0.723, 1.083, 1.566, 0.94, 0.837, 0.505, 0.407, 0.341, 0.451, 0.629, 0.545], "d0": "0", "d5": "0", "d11": "0.773", "eff": 0.94, "tick": "339421", "goal": "0", "here": "0", "t": 1789617756.15}
{"x": 1.282, "y": 12.008, "h": 94.2, "scan": [0.547, 0.585, 0.829, 1.177, 0.618, 0.725, 0.966, null, 0.934, 0.856, 0.574, 0.422, 0.36, 0.437, 0.598, 0.559], "d0": "0", "d5": "0", "d11": "0.808", "eff": 0.94, "tick": "339463", "goal": "0", "here": "0", "t": 1789617756.59}
{"x": 1.321, "y": 12.005, "h": 91.2, "scan": [0.58, 0.583, 0.789, 1.195, 0.238, 0.721, 0.883, 0.819, 0.926, 0.869, 0.587, 0.422, 0.347, 0.437, 0.455, 0.573], "d0": "0", "d5": "0", "d11": "0.842", "eff": 0.94, "tick": "339507", "goal": "0", "here": "0", "t": 1789617757.01}
{"x": 1.364, "y": 12.004, "h": 90.2, "scan": [0.574, 0.588, 0.759, 1.221, 0.215, 0.71, 0.86, 0.661, 0.954, 0.866, 0.6, 0.461, 0.361, 0.427, 0.455, 0.585], "d0": "0", "d5": "0", "d11": "0.895", "eff": 0.94, "tick": "339552", "goal": "0", "here": "0", "t": 1789617757.49}
{"x": 1.406, "y": 12.003, "h": 89.4, "scan": [0.591, 0.568, 0.751, 1.262, 0.215, 0.675, 0.851, 0.537, 0.935, 1.009, 0.592, 0.473, 0.355, 0.413, 0.458, 0.631], "d0": "0", "d5": "0", "d11": "0.918", "eff": 0.94, "tick": "339599", "goal": "0", "here": "0", "t": 1789617757.93}
{"x": 1.446, "y": 12.004, "h": 88.7, "scan": [0.616, 0.57, 0.732, 1.264, 0.186, 0.617, 0.842, 0.463, 0.954, 0.999, 0.643, 0.467, 0.346, 0.391, 0.443, 0.672], "d0": "0", "d5": "0", "d11": "0.916", "eff": 0.94, "tick": "339644", "goal": "0", "here": "0", "t": 1789617758.38}
{"x": 1.488, "y": 12.008, "h": 84.0, "scan": [0.581, 0.559, 0.73, 0.996, 1.179, 0.613, 0.81, 0.383, 0.836, 1.029, 0.653, 0.464, 0.349, 0.372, 0.426, 0.67], "d0": "0", "d5": "0", "d11": "0.943", "eff": 0.94, "tick": "339688", "goal": "0", "here": "0", "t": 1789617758.81}
{"x": 1.521, "y": 12.011, "h": 85.9, "scan": [0.571, 0.532, 0.699, 1.151, 1.123, 0.625, 0.845, 0.359, 0.371, 1.061, 0.658, 0.453, 0.343, 0.405, 0.422, 0.628], "d0": "0", "d5": "0", "d11": "0.967", "eff": 0.94, "tick": "339729", "goal": "0", "here": "0", "t": 1789617759.22}
{"x": 1.556, "y": 12.012, "h": 92.3, "scan": [0.48, 0.508, 0.694, 1.247, 0.484, 0.118, 0.88, 0.323, null, 0.922, 0.525, 0.365, 0.358, 0.405, 0.539, 0.488], "d0": "0", "d5": "0", "d11": "0.958", "eff": 0.94, "tick": "339773", "goal": "0", "here": "0", "t": 1789617759.67}
{"x": 1.594, "y": 12.008, "h": 99.8, "scan": [0.428, 0.555, 0.898, 1.123, 0.387, 0.153, 1.218, 0.244, 1.1, 0.737, 0.477, 0.369, 0.398, 0.388, 0.577, null], "d0": "0", "d5": "0", "d11": "0.968", "eff": 0.95, "tick": "339814", "goal": "0", "here": "0", "t": 1789617760.08}
{"x": 1.635, "y": 11.994, "h": 113.9, "scan": [0.43, 0.63, 0.913, 1.14, 0.346, 0.15, 1.472, 0.238, 0.992, 0.543, 0.379, 0.366, 0.382, 0.538, 0.427, 0.437], "d0": "0", "d5": "0", "d11": "0.970", "eff": 0.95, "tick": "339858", "goal": "0", "here": "0", "t": 1789617760.55}
{"x": 1.669, "y": 11.978, "h": 116.8, "scan": [0.42, 0.601, 1.152, 1.12, 0.34, 0.196, 1.708, 0.237, 0.824, 0.573, 0.395, 0.421, 0.462, 0.541, 0.449, 0.361], "d0": "0", "d5": "0", "d11": "0.984", "eff": 0.95, "tick": "339902", "goal": "0", "here": "0", "t": 1789617760.96}
{"x": 1.702, "y": 11.955, "h": 125.5, "scan": [0.429, 0.733, 1.027, 1.103, 0.353, 0.204, 1.671, 0.248, 0.779, 0.461, 0.415, 0.387, 0.55, 0.387, 0.404, 0.365], "d0": "0", "d5": "0", "d11": "0.967", "eff": 0.95, "tick": "339946", "goal": "0", "here": "0", "t": 1789617761.39}
{"x": 1.729, "y": 11.931, "h": 135.9, "scan": [0.522, 0.815, 1.103, 0.439, 0.345, 0.221, 1.093, 0.287, 0.644, 0.458, 0.463, 0.46, 0.546, 0.386, null, 0.33], "d0": "0", "d5": "0", "d11": "0.965", "eff": 0.95, "tick": "339987", "goal": "0", "here": "0", "t": 1789617761.81}
{"x": 1.755, "y": 11.902, "h": 141.7, "scan": [0.508, 1.042, 1.06, 0.413, 0.344, 0.24, 0.358, 0.34, 0.669, 0.452, 0.422, null, 0.363, 0.354, 0.297, 0.322], "d0": "0", "d5": "0", "d11": "0.957", "eff": 0.9, "tick": "340028", "goal": "0", "here": "0", "t": 1789617762.22}
{"x": 1.779, "y": 11.871, "h": 146.3, "scan": [0.455, 1.076, 1.025, 0.387, 0.351, 0.274, 0.517, 0.952, 0.553, 0.505, 0.444, 0.57, 0.373, 0.261, 0.288, 0.309], "d0": "0", "d5": "0", "d11": "0.933", "eff": 0.9, "tick": "340071", "goal": "0", "here": "0", "t": 1789617762.65}
{"x": 1.799, "y": 11.838, "h": 149.7, "scan": [0.573, 0.975, 1.028, 0.379, 0.338, 0.255, 0.627, 0.895, 0.572, 0.548, 0.586, 0.386, 0.341, 0.257, 0.258, 0.425], "d0": "0", "d5": "0", "d11": "0.879", "eff": 0.9, "tick": "340113", "goal": "0", "here": "0", "t": 1789617763.06}
{"x": 1.814, "y": 11.804, "h": 157.8, "scan": [0.653, 0.931, 0.985, 0.344, 0.331, 0.287, 0.785, 0.788, 0.585, 0.511, 0.597, 0.384, 0.245, 0.226, 0.248, null], "d0": "0", "d5": "0", "d11": "0.849", "eff": 0.9, "tick": "340153", "goal": "0", "here": "0", "t": 1789617763.47}
{"x": 1.829, "y": 11.765, "h": 160.3, "scan": [0.644, 0.969, 1.092, 0.34, 0.329, 0.306, 1.25, 0.812, 0.593, 0.547, 0.608, 0.396, 0.246, 0.236, 0.315, 0.366], "d0": "0", "d5": "0", "d11": "0.826", "eff": 0.9, "tick": "340197", "goal": "0", "here": "0", "t": 1789617763.91}
{"x": 1.84, "y": 11.724, "h": 166.2, "scan": [0.914, 0.932, 1.053, 0.327, 0.339, 0.311, 1.239, 0.815, 0.65, 0.651, 0.433, 0.263, 0.221, 0.212, 0.316, 0.363], "d0": "0", "d5": "0", "d11": "0.827", "eff": 0.9, "tick": "340244", "goal": "0", "here": "0", "t": 1789617764.37}
{"x": 1.848, "y": 11.682, "h": 171.0, "scan": [0.867, 0.858, 1.01, 0.324, 0.331, 0.333, 1.261, 0.742, 0.689, 0.697, 0.434, 0.258, 0.209, 0.235, 0.303, 0.442], "d0": "0", "d5": "0", "d11": "0.815", "eff": 0.9, "tick": "340289", "goal": "0", "here": "0", "t": 1789617764.83}
{"x": 1.854, "y": 11.642, "h": 172.7, "scan": [0.835, 0.814, 1.011, 0.309, 0.316, 0.351, 1.12, 0.764, 0.69, 0.716, 0.327, 0.237, 0.209, 0.305, 0.263, 0.498], "d0": "0", "d5": "0", "d11": "0.824", "eff": 0.9, "tick": "340333", "goal": "0", "here": "0", "t": 1789617765.27}
{"x": 1.856, "y": 11.605, "h": 178.1, "scan": [0.754, 0.825, 1.049, 0.314, 0.317, 0.369, 1.145, 0.771, 0.671, 0.765, 0.32, 0.204, 0.235, 0.27, 0.241, 0.473], "d0": "0", "d5": "0", "d11": "0.841", "eff": 0.9, "tick": "340374", "goal": "0", "here": "0", "t": 1789617765.68}
{"x": 1.858, "y": 11.561, "h": 181.5, "scan": [0.704, 0.8, 1.073, 0.313, 0.311, 0.376, 0.862, 0.816, 0.688, 0.562, 0.279, 0.219, 0.269, 0.222, 0.269, 0.473], "d0": "0", "d5": "0", "d11": "0.834", "eff": 0.9, "tick": "340421", "goal": "0", "here": "0", "t": 1789617766.15}
{"x": 1.858, "y": 11.522, "h": 180.8, "scan": [0.641, 0.766, 1.065, 0.305, 0.287, 0.384, 0.47, 0.854, 0.741, 0.582, 0.241, 0.236, 0.254, 0.225, 0.32, 0.457], "d0": "0", "d5": "0", "d11": "0.834", "eff": 0.9, "tick": "340465", "goal": "0", "here": "0", "t": 1789617766.58}
{"x": 1.857, "y": 11.484, "h": 180.1, "scan": [0.644, 0.751, 1.03, 0.299, 0.266, 0.389, 0.473, 0.861, 0.807, 0.578, 0.274, 0.272, 0.25, 0.2, 0.355, 0.647], "d0": "0", "d5": "0", "d11": "0.855", "eff": 0.9, "tick": "340505", "goal": "0", "here": "0", "t": 1789617766.99}
{"x": 1.855, "y": 11.441, "h": 184.0, "scan": [0.629, 0.698, 1.0, 1.867, 0.275, 0.387, 0.495, 0.889, 0.871, 0.446, 0.285, 0.278, 0.219, 0.222, 0.349, 0.672], "d0": "0", "d5": "0", "d11": "0.880", "eff": 0.9, "tick": "340552", "goal": "0", "here": "0", "t": 1789617767.45}
{"x": 1.851, "y": 11.399, "h": 186.9, "scan": [0.608, 0.68, 0.973, 1.891, 0.255, 0.366, 0.487, 0.922, 0.927, 0.439, 0.309, 0.268, 0.194, 0.252, 0.323, 0.644], "d0": "0", "d5": "0", "d11": "0.894", "eff": 0.9, "tick": "340596", "goal": "0", "here": "0", "t": 1789617767.9}
{"x": 1.847, "y": 11.36, "h": 186.6, "scan": [0.594, 0.646, 0.955, 1.887, 0.271, 0.355, 0.516, 0.947, 0.966, 0.432, 0.328, 0.225, 0.23, 0.271, 0.323, 0.607], "d0": "0", "d5": "0", "d11": "0.895", "eff": 0.9, "tick": "340638", "goal": "0", "here": "0", "t": 1789617768.33}
{"x": 1.842, "y": 11.319, "h": 188.4, "scan": [0.582, 0.607, 0.925, 1.894, 0.255, 0.303, 0.533, 0.975, 1.006, 0.386, 0.354, 0.193, 0.241, 0.298, 0.307, 0.573], "d0": "0", "d5": "0", "d11": "0.862", "eff": 0.9, "tick": "340685", "goal": "0", "here": "0", "t": 1789617768.78}
{"x": 1.835, "y": 11.278, "h": 186.8, "scan": [0.544, 0.589, 0.898, 2.192, 0.285, 0.295, 0.524, 1.034, 1.048, 0.398, 0.322, 0.225, 0.246, 0.282, 0.447, 0.522], "d0": "0", "d5": "0", "d11": "0.831", "eff": 0.9, "tick": "340729", "goal": "0", "here": "0", "t": 1789617769.22}
{"x": 1.827, "y": 11.24, "h": 193.4, "scan": [0.53, 0.567, 1.462, 2.281, 0.333, 0.305, 0.569, 1.05, 1.075, 0.419, 0.243, 0.242, 0.264, 0.273, 0.477, 0.449], "d0": "0", "d5": "0", "d11": "0.811", "eff": 0.9, "tick": "340771", "goal": "0", "here": "0", "t": 1789617769.65}
{"x": 1.816, "y": 11.201, "h": 199.2, "scan": [0.462, 0.537, 1.449, 2.248, 0.309, null, 0.609, 1.103, 0.85, 0.443, 0.263, 0.252, 0.274, 0.259, 0.505, 0.377], "d0": "0", "d5": "0", "d11": "0.775", "eff": 0.9, "tick": "340815", "goal": "0", "here": "0", "t": 1789617770.09}
{"x": 1.802, "y": 11.164, "h": 203.4, "scan": [0.417, 0.637, 1.384, 2.267, 0.327, 0.324, 1.23, 1.056, 0.641, 0.421, 0.271, 0.295, 0.261, 0.421, 0.442, 0.377], "d0": "0", "d5": "0", "d11": "0.717", "eff": 0.9, "tick": "340859", "goal": "0", "here": "0", "t": 1789617770.52}
{"x": 1.785, "y": 11.131, "h": 208.8, "scan": [0.402, 0.638, 1.306, 1.006, 0.342, 0.344, 1.14, 1.153, 0.539, 0.323, 0.305, 0.284, 0.281, 0.445, 0.357, 0.416], "d0": "0", "d5": "0", "d11": "0.696", "eff": 0.9, "tick": "340899", "goal": "0", "here": "0", "t": 1789617770.92}
{"x": 1.761, "y": 11.094, "h": 217.0, "scan": [0.418, 0.621, 1.497, 0.736, 0.323, 0.339, 1.151, 1.203, 0.548, 0.339, 0.346, 0.265, 0.379, 0.421, 0.316, 0.372], "d0": "0", "d5": "0", "d11": "0.653", "eff": 0.9, "tick": "340943", "goal": "0", "here": "0", "t": 1789617771.4}
{"x": 1.736, "y": 11.063, "h": 220.7, "scan": [0.397, 0.726, 2.151, 0.559, 0.329, 0.366, 1.201, 0.982, 0.563, 0.357, 0.293, 0.325, 0.429, 0.293, 0.344, 0.327], "d0": "0", "d5": "0", "d11": "0.629", "eff": 0.9, "tick": "340987", "goal": "0", "here": "0", "t": 1789617771.83}
{"x": 1.708, "y": 11.035, "h": 225.9, "scan": [0.352, 1.312, 2.213, 0.529, 0.335, 0.394, 1.196, 0.814, 0.449, 0.408, 0.287, 0.388, 0.421, 0.285, 0.303, 0.299], "d0": "0", "d5": "0", "d11": "0.638", "eff": 0.9, "tick": "341031", "goal": "0", "here": "0", "t": 1789617772.25}
{"x": 1.673, "y": 11.005, "h": 230.9, "scan": [0.516, 1.184, 2.66, 0.491, 0.326, 0.708, 1.206, 0.656, 0.444, 0.371, 0.34, 0.414, 0.266, 0.29, 0.27, 0.306], "d0": "0", "d5": "0", "d11": "0.621", "eff": 0.9, "tick": "341075", "goal": "0", "here": "0", "t": 1789617772.75}
{"x": 1.642, "y": 10.985, "h": 239.3, "scan": [0.472, 1.161, 0.931, 0.488, 0.332, 1.245, 1.313, 0.697, 0.471, 0.38, 0.428, 0.431, 0.275, 0.268, 0.239, 0.283], "d0": "0", "d5": "0", "d11": "0.607", "eff": 0.92, "tick": "341121", "goal": "0", "here": "0", "t": 1789617773.15}
{"x": 1.61, "y": 10.967, "h": 244.7, "scan": [0.456, 2.048, 0.839, 0.468, 0.325, 1.268, 1.345, 0.719, 0.5, 0.379, 0.469, 0.278, 0.292, 0.206, 0.245, 0.254], "d0": "0", "d5": "0", "d11": "0.631", "eff": 0.92, "tick": "341163", "goal": "0", "here": "0", "t": 1789617773.56}
{"x": 1.575, "y": 10.952, "h": 250.6, "scan": [1.205, 2.077, 0.741, 0.472, 0.325, 1.279, 1.137, null, 0.514, 0.462, 0.503, 0.287, 0.267, 0.201, 0.233, 0.381], "d0": "0", "d5": "0", "d11": "0.635", "eff": 0.92, "tick": "341204", "goal": "0", "here": "0", "t": 1789617773.97}
{"x": 1.537, "y": 10.941, "h": 258.0, "scan": [1.073, 2.064, 0.588, 0.432, 0.334, 1.317, 0.952, 0.589, 0.496, 0.521, 0.313, 0.307, 0.196, 0.223, 0.219, 0.37], "d0": "0", "d5": "0", "d11": "0.625", "eff": 0.92, "tick": "341244", "goal": "0", "here": "0", "t": 1789617774.4}
{"x": 1.499, "y": 10.935, "h": 262.9, "scan": [1.008, 1.385, 0.527, 0.43, 0.337, 1.294, 0.83, 0.603, 0.483, 0.567, 0.301, 0.225, 0.187, 0.199, 0.226, 0.331], "d0": "0", "d5": "0", "d11": "0.600", "eff": 0.92, "tick": "341288", "goal": "0", "here": "0", "t": 1789617774.82}
{"x": 1.46, "y": 10.931, "h": 268.3, "scan": [1.92, 0.782, 0.401, 0.395, 0.324, 1.424, 0.849, 0.638, 0.545, 0.554, 0.339, 0.193, 0.198, 0.175, 0.305, 1.053], "d0": "0", "d5": "0", "d11": "0.627", "eff": 0.92, "tick": "341330", "goal": "0", "here": "0", "t": 1789617775.24}
{"x": 1.423, "y": 10.932, "h": 274.5, "scan": [1.921, 0.725, 0.393, 0.374, 0.333, 1.454, 0.854, 0.619, 0.612, 0.409, 0.249, 0.198, 0.16, 0.269, 0.273, 1.057], "d0": "0", "d5": "0", "d11": "0.624", "eff": 0.92, "tick": "341371", "goal": "0", "here": "0", "t": 1789617775.65}
{"x": 1.385, "y": 10.937, "h": 279.8, "scan": [1.928, 0.639, 0.364, 0.358, 0.344, 1.209, 0.777, 0.644, 0.647, 0.387, 0.238, 0.19, 0.17, 0.288, 0.261, 0.917], "d0": "0", "d5": "0", "d11": "0.650", "eff": 0.92, "tick": "341413", "goal": "0", "here": "0", "t": 1789617776.06}
{"x": 1.344, "y": 10.946, "h": 285.5, "scan": [1.253, 0.483, 0.325, 0.339, 0.35, 1.06, 0.732, 0.601, 0.68, 0.425, 0.233, 0.186, 0.243, 0.254, 0.961, 1.08], "d0": "0", "d5": "0", "d11": "0.642", "eff": 0.92, "tick": "341457", "goal": "0", "here": "0", "t": 1789617776.51}
{"x": 1.309, "y": 10.958, "h": 288.4, "scan": [0.708, 0.431, 0.302, 0.34, 0.346, 1.041, 0.75, 0.634, 0.514, 0.284, 0.236, 0.221, 0.285, 0.226, 0.972, 1.779], "d0": "0", "d5": "0", "d11": "0.661", "eff": 0.92, "tick": "341499", "goal": "0", "here": "0", "t": 1789617776.92}
{"x": 1.273, "y": 10.972, "h": 292.9, "scan": [0.618, 0.387, 0.291, 0.338, 0.297, 0.977, 0.764, 0.697, 0.518, 0.314, 0.238, 0.302, 0.221, 0.338, 0.882, 1.763], "d0": "0", "d5": "0", "d11": "0.675", "eff": 0.92, "tick": "341540", "goal": "0", "here": "0", "t": 1789617777.33}
{"x": 1.239, "y": 10.987, "h": 296.5, "scan": [0.575, 0.341, 0.251, null, 0.292, 0.95, 0.798, 0.746, 0.548, 0.317, 0.256, 0.252, 0.224, 1.059, 0.802, 1.838], "d0": "0", "d5": "0", "d11": "0.676", "eff": 0.92, "tick": "341580", "goal": "0", "here": "0", "t": 1789617777.74}
{"x": 1.205, "y": 11.006, "h": 298.2, "scan": [0.518, 0.323, 0.248, 0.302, 0.291, 0.957, 0.827, 0.792, 0.567, 0.324, 0.297, 0.243, 0.296, 0.893, 0.789, 1.778], "d0": "0", "d5": "0", "d11": "0.651", "eff": 0.92, "tick": "341622", "goal": "0", "here": "0", "t": 1789617778.16}
{"x": 1.168, "y": 11.026, "h": 297.2, "scan": [0.496, 0.307, 0.222, 0.249, 0.284, 1.085, 0.848, null, 0.602, 0.327, 0.328, 0.244, 0.322, 0.86, 0.762, 1.754], "d0": "0", "d5": "0", "d11": "0.639", "eff": 0.92, "tick": "341668", "goal": "0", "here": "0", "t": 1789617778.61}
{"x": 1.13, "y": 11.043, "h": 290.2, "scan": [0.487, 0.327, 0.236, 0.19, 0.275, 0.311, 0.994, 0.82, 0.669, 0.424, 0.356, 0.267, 0.325, 1.024, 0.729, 1.625], "d0": "0", "d5": "0", "d11": "0.623", "eff": 0.92, "tick": "341712", "goal": "0", "here": "0", "t": 1789617779.06}
{"x": 1.09, "y": 11.056, "h": 283.9, "scan": [0.967, 0.411, 0.245, 0.193, 0.196, 0.307, 1.026, 0.903, 0.948, 0.462, 0.388, 0.266, 0.321, 1.007, 0.772, 1.605], "d0": "0", "d5": "0", "d11": "0.608", "eff": 0.92, "tick": "341757", "goal": "0", "here": "0", "t": 1789617779.5}
{"x": 1.053, "y": 11.064, "h": 276.3, "scan": [1.787, 0.391, 0.253, 0.193, 0.181, 0.288, 0.369, 0.927, 0.932, 0.569, 0.399, 0.296, 0.323, 0.966, 0.823, null], "d0": "0", "d5": "0", "d11": "0.630", "eff": 0.92, "tick": "341797", "goal": "0", "here": "0", "t": 1789617779.9}
{"x": 1.015, "y": 11.067, "h": 269.7, "scan": [1.628, 0.378, 0.3, 0.193, 0.209, 0.178, 0.342, 1.025, 0.898, 0.748, 0.402, 0.266, 0.316, 0.933, 0.8, 0.661], "d0": "0", "d5": "0", "d11": "0.631", "eff": 0.9, "tick": "341839", "goal": "0", "here": "0", "t": 1789617780.32}
{"x": 0.977, "y": 11.067, "h": 268.3, "scan": [1.506, 0.397, 0.32, 0.21, 0.206, 0.207, 0.361, 1.13, 0.958, null, 0.439, 0.306, 0.334, 0.865, 0.773, 0.61], "d0": "0", "d5": "0", "d11": "0.615", "eff": 0.9, "tick": "341880", "goal": "0", "here": "0", "t": 1789617780.74}
{"x": 0.938, "y": 11.065, "h": 262.1, "scan": [1.452, 0.608, 0.303, 0.235, 0.205, 0.214, 0.218, 0.446, 1.023, 1.054, 0.485, 0.314, 0.305, 0.834, 0.758, 0.592], "d0": "0", "d5": "0", "d11": "0.653", "eff": 0.9, "tick": "341921", "goal": "0", "here": "0", "t": 1789617781.14}
{"x": 0.898, "y": 11.059, "h": 260.8, "scan": [1.464, 2.094, 0.279, 0.281, 0.226, 0.207, 0.248, 0.435, 1.062, 1.069, 0.486, 0.32, 0.782, 0.808, 0.742, 0.569], "d0": "0", "d5": "0", "d11": "0.708", "eff": 0.9, "tick": "341964", "goal": "0", "here": "0", "t": 1789617781.61}
{"x": 0.86, "y": 11.052, "h": 256.6, "scan": [1.384, 1.947, 0.293, 0.278, 0.238, 0.211, 0.254, 0.462, 1.091, 1.12, 0.507, 0.349, 0.764, 0.79, 0.745, 0.525], "d0": "0", "d5": "0", "d11": "0.721", "eff": 0.88, "tick": "342004", "goal": "0", "here": "0", "t": 1789617782.05}
{"x": 0.817, "y": 11.044, "h": 258.2, "scan": [1.278, 1.915, 0.28, 0.255, 0.252, 0.22, 0.273, 0.459, 1.128, 1.146, 0.537, 0.348, 0.752, 0.8, 0.667, 0.504], "d0": "0", "d5": "0", "d11": "0.740", "eff": 0.9, "tick": "342052", "goal": "0", "here": "0", "t": 1789617782.46}
{"x": 0.775, "y": 11.035, "h": 257.0, "scan": [0.918, 1.406, 0.43, 0.244, 0.247, 0.238, 0.243, null, 1.17, 1.198, 0.547, 0.364, 0.743, 0.804, 0.648, 0.457], "d0": "0", "d5": "0", "d11": "0.813", "eff": 0.9, "tick": "342099", "goal": "0", "here": "0", "t": 1789617782.92}
{"x": 0.74, "y": 11.027, "h": 252.4, "scan": [0.617, 1.371, 0.463, 0.234, 0.246, 0.255, 0.261, 0.371, 1.226, 1.23, 0.579, 0.372, 0.739, 0.791, 0.62, 0.425], "d0": "0", "d5": "0", "d11": "0.838", "eff": 0.9, "tick": "342139", "goal": "0", "here": "0", "t": 1789617783.32}
{"x": 0.699, "y": 11.014, "h": 253.7, "scan": [0.566, 1.322, 0.661, 0.247, 0.233, 0.258, 0.287, 0.377, null, 1.227, 0.605, 0.361, 0.728, 0.765, 0.605, 0.404], "d0": "0", "d5": "0", "d11": "0.844", "eff": 0.91, "tick": "342182", "goal": "0", "here": "0", "t": 1789617783.79}
{"x": 0.657, "y": 10.999, "h": 252.1, "scan": [0.494, 1.241, 0.668, 0.336, 0.218, 0.262, 0.299, 0.373, 1.402, 1.243, 0.643, 0.9, 0.756, null, 0.575, 0.356], "d0": "0", "d5": "0", "d11": "0.891", "eff": 0.91, "tick": "342230", "goal": "0", "here": "0", "t": 1789617784.27}
{"x": 0.62, "y": 10.984, "h": 246.8, "scan": [0.466, 1.178, 1.835, 0.361, 0.245, 0.248, 0.34, 0.386, 0.721, 1.245, 0.655, 0.897, 0.735, 0.746, 0.551, 0.335], "d0": "0", "d5": "0", "d11": "0.893", "eff": 0.91, "tick": "342275", "goal": "0", "here": "0", "t": 1789617784.68}
{"x": 0.585, "y": 10.969, "h": 246.2, "scan": [0.424, 1.139, 1.803, 0.381, 0.277, 0.242, 0.345, 0.397, 0.762, 1.289, 0.514, 0.888, 0.741, 0.74, 0.498, 0.289], "d0": "0", "d5": "0", "d11": "0.908", "eff": 0.91, "tick": "342315", "goal": "0", "here": "0", "t": 1789617785.09}
{"x": 0.552, "y": 10.955, "h": 249.3, "scan": [0.421, 1.121, 1.798, 0.387, 0.292, 0.228, null, 0.409, 1.501, 1.363, 0.494, 0.887, 0.694, 0.727, 0.449, 0.252], "d0": "0", "d5": "0", "d11": "0.911", "eff": 0.91, "tick": "342354", "goal": "0", "here": "0", "t": 1789617785.5}
{"x": 0.529, "y": 10.946, "h": 241.5, "scan": [0.386, 1.118, 1.733, 0.547, 0.33, 0.231, 0.287, 0.419, 0.775, 1.364, 0.726, 0.937, 0.744, 0.736, 0.496, 0.226], "d0": "0", "d5": "0", "d11": "0.909", "eff": 0.91, "tick": "342395", "goal": "0", "here": "0", "t": 1789617785.91}
{"x": 0.523, "y": 10.942, "h": 216.6, "scan": [0.231, 0.23, 0.723, 1.191, 0.584, 0.355, 0.268, 0.263, 0.418, 0.569, 1.431, 0.913, 1.613, 0.778, 0.716, 0.721], "d0": "0", "d5": "0", "d11": "0.906", "eff": 0.95, "tick": "342445", "goal": "0", "here": "0", "t": 1789617786.38}
{"x": 0.519, "y": 10.934, "h": 196.6, "scan": [0.442, 0.217, 0.34, 1.113, 1.211, 0.557, 0.345, 0.26, 0.289, 0.432, 0.605, 1.389, 0.729, 1.008, 0.746, 0.722], "d0": "0", "d5": "0", "d11": "0.885", "eff": 0.93, "tick": "342486", "goal": "0", "here": "0", "t": 1789617786.79}
{"x": 0.515, "y": 10.909, "h": 188.4, "scan": [0.668, 0.237, 0.183, 0.373, 1.192, 0.655, 0.397, 0.321, 0.294, 0.414, 0.558, 1.437, 0.912, 1.604, 0.753, 0.673], "d0": "0", "d5": "0", "d11": "0.874", "eff": 0.93, "tick": "342525", "goal": "0", "here": "0", "t": 1789617787.19}
{"x": 0.508, "y": 10.866, "h": 188.0, "scan": [0.642, 0.362, 0.174, 0.349, 1.153, 1.709, 0.479, 0.368, 0.31, 0.46, 0.602, 1.418, 0.779, 1.604, 0.722, 0.639], "d0": "0", "d5": "0", "d11": "0.858", "eff": 0.93, "tick": "342573", "goal": "0", "here": "0", "t": 1789617787.66}
{"x": 0.507, "y": 10.831, "h": 173.8, "scan": [0.627, 0.387, 0.196, 0.16, 0.349, 1.201, 0.677, 0.43, 0.372, 0.368, 0.522, 0.862, 1.371, 0.468, 0.856, 0.641], "d0": "0", "d5": "0", "d11": "0.820", "eff": 0.93, "tick": "342617", "goal": "0", "here": "0", "t": 1789617788.11}
{"x": 0.515, "y": 10.792, "h": 166.0, "scan": [0.563, 0.568, 0.35, 0.143, 0.147, 1.072, 1.793, 0.642, 0.422, 0.372, 0.525, 0.665, 1.447, 0.513, 1.575, 0.664], "d0": "0", "d5": "0", "d11": "0.764", "eff": 0.93, "tick": "342660", "goal": "0", "here": "0", "t": 1789617788.54}
{"x": 0.529, "y": 10.754, "h": 156.1, "scan": [0.526, 0.549, 0.343, 0.303, 0.162, 0.151, 1.253, 0.7, 0.501, 0.421, 0.531, 0.621, 1.547, 1.399, 1.416, 0.787], "d0": "0", "d5": "0", "d11": "0.705", "eff": 0.93, "tick": "342703", "goal": "0", "here": "0", "t": 1789617788.97}
{"x": 0.547, "y": 10.72, "h": 150.9, "scan": [0.519, 0.503, 0.536, 0.31, 0.225, 0.18, 0.182, 1.757, 0.566, 0.452, 0.505, 0.619, 1.588, 1.365, 1.379, 0.748], "d0": "0", "d5": "0", "d11": "0.683", "eff": 0.93, "tick": "342745", "goal": "0", "here": "0", "t": 1789617789.39}
{"x": 0.567, "y": 10.687, "h": 147.5, "scan": [0.496, 0.479, 0.491, 0.294, 0.293, 0.183, 0.205, 1.791, 0.588, 0.482, 0.568, 0.644, 1.579, 1.364, 1.326, 0.721], "d0": "0", "d5": "0", "d11": "0.658", "eff": 0.94, "tick": "342786", "goal": "0", "here": "0", "t": 1789617789.8}
{"x": 0.587, "y": 10.654, "h": 148.7, "scan": [0.457, 0.458, 0.489, 0.259, 0.272, 0.194, 0.195, 1.811, 0.598, 0.502, 0.601, 0.69, 1.587, 0.43, 1.331, 0.666], "d0": "0", "d5": "0", "d11": "0.655", "eff": 0.94, "tick": "342828", "goal": "0", "here": "0", "t": 1789617790.21}
{"x": 0.607, "y": 10.618, "h": 151.1, "scan": [0.39, 0.428, 0.439, 0.318, 0.282, 0.25, 0.23, 1.852, 0.66, 0.538, 0.637, 0.72, 1.528, 0.53, 1.31, 0.634], "d0": "0", "d5": "0", "d11": "0.634", "eff": 0.94, "tick": "342872", "goal": "0", "here": "0", "t": 1789617790.66}
{"x": 0.627, "y": 10.582, "h": 153.1, "scan": [0.369, 0.378, 0.418, 0.408, 0.28, 0.294, 0.245, 1.765, 0.667, 0.572, 0.666, 0.88, 1.439, 0.914, 1.302, 0.604], "d0": "0", "d5": "0", "d11": "0.626", "eff": 0.94, "tick": "342916", "goal": "0", "here": "0", "t": 1789617791.1}
{"x": 0.644, "y": 10.548, "h": 154.1, "scan": [null, 0.356, 0.383, 0.417, 0.25, 0.316, 0.249, 1.755, 0.71, 0.621, 0.673, 0.907, 1.42, 1.244, 1.314, 0.549], "d0": "0", "d5": "0", "d11": "0.604", "eff": 0.94, "tick": "342958", "goal": "0", "here": "0", "t": 1789617791.51}
{"x": 0.662, "y": 10.511, "h": 153.6, "scan": [0.309, 0.297, 0.37, 0.414, 0.26, 0.311, 0.288, 1.81, 0.749, 0.651, 0.709, 0.932, 0.323, 1.23, 1.308, 0.435], "d0": "0", "d5": "0", "d11": "0.589", "eff": 0.94, "tick": "342998", "goal": "0", "here": "0", "t": 1789617791.95}
{"x": 0.679, "y": 10.475, "h": 158.2, "scan": [0.253, 0.276, 0.32, 0.405, 0.272, 0.289, 0.303, 0.37, 0.768, 0.702, 0.757, 0.991, 0.494, 1.243, 0.559, 0.361], "d0": "0", "d5": "0", "d11": "0.582", "eff": 0.94, "tick": "343044", "goal": "0", "here": "0", "t": 1789617792.38}
{"x": 0.695, "y": 10.438, "h": 156.4, "scan": [0.23, 0.248, 0.315, 0.353, 0.335, 0.308, 0.368, 1.107, 0.806, 0.749, 0.788, 1.718, 0.498, 1.235, 0.528, 0.29], "d0": "0", "d5": "0", "d11": "0.567", "eff": 0.94, "tick": "343089", "goal": "0", "here": "0", "t": 1789617792.82}
{"x": 0.702, "y": 10.423, "h": 138.4, "scan": [0.251, 0.218, 0.253, 0.298, 0.396, 0.294, 0.322, 0.348, 1.002, 0.768, 0.798, 0.838, 0.359, 0.848, 1.189, 0.492], "d0": "0", "d5": "0", "d11": "0.556", "eff": 0.94, "tick": "343136", "goal": "0", "here": "0", "t": 1789617793.32}
{"x": 0.714, "y": 10.417, "h": 115.9, "scan": [0.47, 0.266, 0.199, 0.232, 0.295, 0.375, 0.338, 0.327, 0.368, 1.05, 0.791, 0.805, 0.811, 0.341, 0.799, 1.197], "d0": "0", "d5": "0", "d11": "0.570", "eff": 0.96, "tick": "343182", "goal": "0", "here": "0", "t": 1789617793.76}
{"x": 0.75, "y": 10.404, "h": 104.9, "scan": [0.492, 0.295, 0.209, 0.197, 0.225, 0.319, 0.421, 0.325, 0.413, 0.429, 0.875, 0.782, 0.8, 0.33, 0.47, 1.163], "d0": "0", "d5": "0", "d11": "0.562", "eff": 0.96, "tick": "343222", "goal": "0", "here": "0", "t": 1789617794.16}
{"x": 0.787, "y": 10.397, "h": 94.4, "scan": [1.108, 0.395, 0.223, 0.169, 0.163, 0.269, 0.365, 0.42, 0.386, 0.428, 1.05, 0.748, 0.79, 0.922, 0.462, 0.833], "d0": "0", "d5": "0", "d11": "0.571", "eff": 0.96, "tick": "343264", "goal": "0", "here": "0", "t": 1789617794.57}
{"x": 0.828, "y": 10.397, "h": 88.4, "scan": [1.121, 0.424, 0.312, 0.2, 0.172, 0.171, 0.319, 0.461, 0.387, 0.476, 1.217, 0.832, 0.818, 0.813, 0.43, 0.723], "d0": "0", "d5": "0", "d11": "0.570", "eff": 0.96, "tick": "343307", "goal": "0", "here": "0", "t": 1789617795.01}
{"x": 0.865, "y": 10.4, "h": 82.8, "scan": [1.048, 1.087, 0.354, 0.205, 0.178, 0.167, 0.256, 0.439, 0.429, 0.505, 2.192, 0.895, 0.799, 0.774, 0.376, 0.576], "d0": "0", "d5": "0", "d11": "0.588", "eff": 0.96, "tick": "343348", "goal": "0", "here": "0", "t": 1789617795.41}
{"x": 0.904, "y": 10.406, "h": 81.0, "scan": [1.065, 1.011, 0.33, 0.248, 0.178, 0.182, 0.209, 0.449, 0.511, 0.528, 0.574, 0.924, 0.794, 0.786, 0.361, 0.383], "d0": "0", "d5": "0", "d11": "0.604", "eff": 0.96, "tick": "343389", "goal": "0", "here": "0", "t": 1789617795.82}
{"x": 0.94, "y": 10.416, "h": 71.5, "scan": [0.71, 0.969, 0.308, 0.317, 0.189, 0.188, 0.227, 0.41, 0.576, 0.546, 0.566, 0.961, 0.804, 0.245, 0.325, 0.345], "d0": "0", "d5": "0", "d11": "0.616", "eff": 0.96, "tick": "343429", "goal": "0", "here": "0", "t": 1789617796.23}
{"x": 0.976, "y": 10.429, "h": 68.1, "scan": [0.636, 0.992, 0.482, 0.291, 0.248, 0.209, 0.212, 0.329, null, 0.547, 0.571, 1.085, 0.798, 0.231, 0.323, 0.302], "d0": "0", "d5": "0", "d11": "0.621", "eff": 0.95, "tick": "343470", "goal": "0", "here": "0", "t": 1789617796.64}
{"x": 1.012, "y": 10.442, "h": 70.3, "scan": [0.608, 0.961, 0.485, 0.269, 0.277, 0.205, 0.225, 0.331, 0.642, 0.596, 0.631, 0.984, 0.785, 0.21, 0.294, 0.27], "d0": "0", "d5": "0", "d11": "0.626", "eff": 0.95, "tick": "343512", "goal": "0", "here": "0", "t": 1789617797.05}
{"x": 1.044, "y": 10.454, "h": 70.8, "scan": [0.577, 0.932, 1.024, 0.267, 0.298, 0.228, 0.239, 0.336, 0.662, 0.622, 0.664, 0.96, 0.795, 0.218, 0.267, 0.256], "d0": "0", "d5": "0", "d11": "0.609", "eff": 0.95, "tick": "343547", "goal": "0", "here": "0", "t": 1789617797.47}
{"x": 1.087, "y": 10.47, "h": 68.4, "scan": [0.543, 0.917, 0.974, 0.253, 0.284, 0.265, 0.249, 0.331, 0.723, 0.686, 2.418, 0.961, 0.198, 0.229, 0.229, 0.339], "d0": "0", "d5": "0", "d11": "0.619", "eff": 0.94, "tick": "343598", "goal": "0", "here": "0", "t": 1789617797.92}
{"x": 1.127, "y": 10.485, "h": 68.9, "scan": [0.495, 0.851, 0.92, 0.27, 0.282, 0.305, 0.263, 0.376, 0.734, 0.719, 2.41, 0.945, null, 0.241, 0.176, 0.332], "d0": "0", "d5": "0", "d11": "0.661", "eff": 0.94, "tick": "343643", "goal": "0", "here": "0", "t": 1789617798.37}
{"x": 1.163, "y": 10.498, "h": 71.3, "scan": [0.462, 0.825, 0.882, 0.301, 0.261, 0.303, 0.3, 0.382, 0.763, 0.748, 2.429, 0.229, 0.202, 0.199, 0.152, 0.315], "d0": "0", "d5": "0", "d11": "0.688", "eff": 0.93, "tick": "343686", "goal": "0", "here": "0", "t": 1789617798.81}
{"x": 1.2, "y": 10.51, "h": 69.2, "scan": [0.424, 0.807, 0.809, 0.383, 0.24, 0.296, 0.321, 0.401, 0.835, 0.786, 2.436, 0.227, 0.212, 0.176, 0.142, 0.277], "d0": "0", "d5": "0", "d11": "0.717", "eff": 0.93, "tick": "343728", "goal": "0", "here": "0", "t": 1789617799.23}
{"x": 1.239, "y": 10.525, "h": 70.0, "scan": [0.373, 0.757, 0.789, 0.376, 0.246, 0.279, 0.336, 0.392, 0.845, 0.818, 2.462, 0.214, 0.21, 0.098, 0.151, 0.243], "d0": "0", "d5": "0", "d11": "0.773", "eff": 0.93, "tick": "343771", "goal": "0", "here": "0", "t": 1789617799.65}
{"x": 1.276, "y": 10.538, "h": 70.3, "scan": [0.365, 0.725, 0.774, 1.018, 0.286, 0.269, 0.388, 0.417, 0.897, 0.815, 2.474, 0.232, 0.114, 0.119, 0.187, 0.219], "d0": "0", "d5": "0", "d11": "0.786", "eff": 0.93, "tick": "343814", "goal": "0", "here": "0", "t": 1789617800.07}
{"x": 1.288, "y": 10.544, "h": 51.7, "scan": [0.23, 0.349, 0.72, 0.741, 1.032, 0.283, 0.263, 0.378, 0.473, 0.875, 0.828, 0.301, 0.229, 0.085, 0.11, 0.196], "d0": "0", "d5": "0", "d11": "0.821", "eff": 0.89, "tick": "343862", "goal": "0", "here": "0", "t": 1789617800.56}
{"x": 1.289, "y": 10.545, "h": 20.0, "scan": [0.176, 0.203, 0.348, 0.686, 0.729, 0.89, 0.324, 0.25, 0.383, 0.401, 0.84, 0.861, 2.437, 0.221, 0.1, 0.103], "d0": "0", "d5": "0", "d11": "0.816", "eff": 0.91, "tick": "343907", "goal": "0", "here": "0", "t": 1789617801.04}
{"x": 1.289, "y": 10.547, "h": 350.9, "scan": [0.109, 0.15, 0.222, 0.284, 0.591, 0.733, 0.85, 0.383, 0.261, 0.322, 0.371, 0.529, 0.814, 0.811, 0.244, 0.21], "d0": "0", "d5": "0", "d11": "0.822", "eff": 0.95, "tick": "343958", "goal": "0", "here": "0", "t": 1789617801.51}
{"x": 1.288, "y": 10.549, "h": 319.6, "scan": [0.228, 0.086, 0.127, 0.19, 0.209, 0.351, 0.711, 0.732, 0.973, 0.306, 0.272, 0.39, 0.456, 0.904, 0.846, 2.514], "d0": "0", "d5": "0", "d11": "0.792", "eff": 0.99, "tick": "344004", "goal": "0", "here": "0", "t": 1789617801.98}
{"x": 1.286, "y": 10.549, "h": 289.3, "scan": [1.913, 0.242, 0.144, 0.077, 0.162, 0.201, 0.321, 0.688, 0.712, 0.875, 0.37, 0.254, 0.372, 0.378, 0.778, 0.823], "d0": "0", "d5": "0", "d11": "0.763", "eff": 0.97, "tick": "344052", "goal": "0", "here": "0", "t": 1789617802.46}
{"x": 1.26, "y": 10.55, "h": 268.9, "scan": [0.846, 1.911, 0.221, 0.157, 0.107, 0.117, 0.224, 0.36, 0.712, 0.715, 0.902, 0.343, 0.273, 0.375, 0.425, 0.847], "d0": "0", "d5": "0", "d11": "0.760", "eff": 0.97, "tick": "344096", "goal": "0", "here": "0", "t": 1789617802.89}
{"x": 1.22, "y": 10.541, "h": 252.8, "scan": [0.821, 0.769, 2.521, 0.205, 0.183, 0.11, 0.126, 0.242, 0.405, 0.781, 0.826, 0.393, 0.268, 0.35, 0.366, 0.444], "d0": "0", "d5": "0", "d11": "0.712", "eff": 0.94, "tick": "344139", "goal": "0", "here": "0", "t": 1789617803.33}
{"x": 1.181, "y": 10.528, "h": 245.1, "scan": [0.796, 0.785, 2.42, 0.198, 0.194, 0.183, 0.127, 0.268, 0.437, 0.786, 0.828, 0.399, 0.259, 0.32, 0.322, 0.398], "d0": "0", "d5": "0", "d11": "0.689", "eff": 0.94, "tick": "344183", "goal": "0", "here": "0", "t": 1789617803.77}
{"x": 1.148, "y": 10.511, "h": 243.8, "scan": [0.72, 0.699, 0.721, 1.024, 0.182, 0.208, 0.158, 0.167, 0.425, 0.786, 0.833, 0.399, 0.252, 0.297, 0.294, 0.343], "d0": "0", "d5": "0", "d11": "0.673", "eff": 0.94, "tick": "344224", "goal": "0", "here": "0", "t": 1789617804.17}
{"x": 1.114, "y": 10.493, "h": 238.8, "scan": [0.631, 0.63, 0.679, 1.229, 0.211, 0.182, 0.222, 0.176, 0.361, 0.838, 0.833, 0.44, 0.243, 0.312, 0.268, 0.306], "d0": "0", "d5": "0", "d11": "0.645", "eff": 0.93, "tick": "344264", "goal": "0", "here": "0", "t": 1789617804.58}
{"x": 1.083, "y": 10.473, "h": 238.7, "scan": [0.584, 0.597, 0.647, 1.227, 0.783, 0.199, 0.235, 0.197, 0.437, 0.882, 0.884, 0.378, 0.258, 0.282, 0.237, 0.314], "d0": "0", "d5": "0", "d11": "0.633", "eff": 0.93, "tick": "344308", "goal": "0", "here": "0", "t": 1789617805.02}
{"x": 1.05, "y": 10.457, "h": 245.6, "scan": [0.654, 0.586, 0.648, 1.174, 0.785, 0.209, 0.262, 0.244, 0.547, 0.91, 0.934, 0.254, 0.29, 0.255, 0.229, 0.311], "d0": "0", "d5": "0", "d11": "0.616", "eff": 0.93, "tick": "344351", "goal": "0", "here": "0", "t": 1789617805.48}
{"x": 1.018, "y": 10.443, "h": 248.4, "scan": [0.638, 0.606, 0.63, 0.979, 0.798, 0.209, 0.296, 0.259, 0.605, 0.951, 1.023, 0.283, 0.275, 0.206, 0.246, 0.316], "d0": "0", "d5": "0", "d11": "0.603", "eff": 0.93, "tick": "344398", "goal": "0", "here": "0", "t": 1789617805.92}
{"x": 0.981, "y": 10.431, "h": 254.5, "scan": [0.594, 0.609, 2.315, 0.949, 0.793, 0.226, 0.314, 0.343, 0.888, null, 0.317, 0.302, 0.227, 0.193, 0.202, 0.476], "d0": "0", "d5": "0", "d11": "0.591", "eff": 0.93, "tick": "344444", "goal": "0", "here": "0", "t": 1789617806.41}
{"x": 0.949, "y": 10.424, "h": 259.9, "scan": [0.517, 0.586, 2.224, 0.889, 0.806, 0.235, 0.34, 0.496, 0.998, 0.977, 0.311, 0.292, 0.186, 0.187, 0.235, 0.475], "d0": "0", "d5": "0", "d11": "0.623", "eff": 0.92, "tick": "344488", "goal": "0", "here": "0", "t": 1789617806.82}
{"x": 0.914, "y": 10.419, "h": 265.0, "scan": [0.465, 0.545, 1.28, 0.808, 0.786, 0.253, 0.367, 0.537, 1.012, 1.073, 0.324, 0.233, 0.185, 0.197, 0.279, 0.515], "d0": "0", "d5": "0", "d11": "0.649", "eff": 0.92, "tick": "344532", "goal": "0", "here": "0", "t": 1789617807.26}
{"x": 0.883, "y": 10.417, "h": 266.7, "scan": [0.443, 0.501, 1.126, 0.769, 0.759, 0.268, 0.372, 0.7, 1.07, 0.391, 0.34, 0.21, 0.21, null, 0.38, 0.51], "d0": "0", "d5": "0", "d11": "0.681", "eff": 0.92, "tick": "344573", "goal": "0", "here": "0", "t": 1789617807.67}
{"x": 0.851, "y": 10.417, "h": 273.7, "scan": [0.452, 0.46, 1.067, 0.756, 0.758, 0.26, 0.375, 0.738, 1.072, 0.379, 0.282, 0.202, 0.168, 0.214, 0.403, 0.459], "d0": "0", "d5": "0", "d11": "0.689", "eff": 0.92, "tick": "344614", "goal": "0", "here": "0", "t": 1789617808.07}
{"x": 0.816, "y": 10.421, "h": 277.2, "scan": [0.446, 0.475, 0.976, 0.76, 0.776, 0.285, 0.386, 1.024, 1.092, 0.403, 0.24, 0.202, 0.203, 0.273, 0.403, 0.41], "d0": "0", "d5": "0", "d11": "0.712", "eff": 0.92, "tick": "344658", "goal": "0", "here": "0", "t": 1789617808.51}
{"x": 0.783, "y": 10.427, "h": 285.4, "scan": [0.439, 0.447, 0.873, 0.743, 0.79, 0.298, 0.432, 1.146, 1.137, 0.415, 0.24, 0.216, 0.221, 0.342, 0.453, 0.34], "d0": "0", "d5": "0", "d11": "0.760", "eff": 0.92, "tick": "344702", "goal": "0", "here": "0", "t": 1789617808.96}
{"x": 0.75, "y": 10.437, "h": 286.7, "scan": [0.398, 1.909, 0.838, 0.76, 0.789, 0.303, 0.461, 1.158, 0.504, 0.339, 0.242, 0.223, 0.275, 0.389, 0.416, 0.335], "d0": "0", "d5": "0", "d11": "0.751", "eff": 0.92, "tick": "344746", "goal": "0", "here": "0", "t": 1789617809.39}
{"x": 0.719, "y": 10.449, "h": 292.7, "scan": [0.364, 1.046, 0.783, 0.761, 0.763, 0.306, 0.502, 1.235, 0.503, 0.315, 0.214, 0.238, 0.329, 0.394, 0.335, 0.313], "d0": "0", "d5": "0", "d11": "0.787", "eff": 0.92, "tick": "344787", "goal": "0", "here": "0", "t": 1789617809.8}
{"x": 0.689, "y": 10.464, "h": 298.8, "scan": [0.325, 0.961, 0.741, 0.753, 0.803, 0.313, 0.804, 1.195, null, 0.297, 0.222, 0.297, 0.346, 0.404, 0.289, 0.339], "d0": "0", "d5": "0", "d11": "0.822", "eff": 0.92, "tick": "344827", "goal": "0", "here": "0", "t": 1789617810.23}
{"x": 0.657, "y": 10.482, "h": 302.9, "scan": [0.306, 0.915, 0.679, 0.731, 0.888, 0.349, 0.898, 1.22, 0.548, 0.293, 0.27, 0.313, 0.361, 0.36, 0.25, 0.31], "d0": "0", "d5": "0", "d11": "0.847", "eff": 0.94, "tick": "344875", "goal": "0", "here": "0", "t": 1789617810.69}
{"x": 0.629, "y": 10.502, "h": 307.7, "scan": [0.293, 0.776, 0.648, 0.729, 0.945, 0.365, 1.272, 1.306, 0.415, 0.314, 0.301, 0.378, 0.393, 0.234, 0.272, 0.276], "d0": "0", "d5": "0", "d11": "0.843", "eff": 0.94, "tick": "344919", "goal": "0", "here": "0", "t": 1789617811.13}
{"x": 0.604, "y": 10.524, "h": 310.3, "scan": [0.305, 0.721, 0.612, 0.71, 0.941, 0.35, 1.28, 0.675, 0.422, 0.335, 0.358, 0.38, 0.337, 0.217, 0.269, 0.248], "d0": "0", "d5": "0", "d11": "0.839", "eff": 0.94, "tick": "344962", "goal": "0", "here": "0", "t": 1789617811.55}
{"x": 0.584, "y": 10.543, "h": 310.2, "scan": [0.252, 0.738, 0.602, 0.698, 0.888, 0.829, 1.011, 1.341, 0.464, 0.358, 0.352, 0.365, 0.349, 0.221, 0.264, 0.207], "d0": "0", "d5": "0", "d11": "0.829", "eff": 0.94, "tick": "345008", "goal": "0", "here": "0", "t": 1789617812.01}
{"x": 0.579, "y": 10.545, "h": 283.0, "scan": [0.227, 0.226, 0.845, 0.627, 0.697, 0.753, 1.632, 0.58, 1.318, 0.618, 0.359, 0.359, 0.373, 0.369, 0.209, 0.221], "d0": "0", "d5": "0", "d11": "0.801", "eff": 0.94, "tick": "345056", "goal": "0", "here": "0", "t": 1789617812.49}
{"x": 0.574, "y": 10.546, "h": 259.7, "scan": [0.244, 0.218, 0.222, 0.836, 0.647, 0.673, 0.766, 1.658, 0.568, 1.314, 0.623, 0.356, 0.352, 0.366, 0.375, 0.227], "d0": "0", "d5": "0", "d11": "0.753", "eff": 0.93, "tick": "345100", "goal": "0", "here": "0", "t": 1789617812.93}
{"x": 0.568, "y": 10.543, "h": 235.6, "scan": [0.212, 0.233, 0.223, 0.206, 0.846, 0.648, 0.675, 0.743, 1.641, 0.566, 1.316, 0.639, 0.344, 0.356, 0.377, 0.391], "d0": "0", "d5": "0", "d11": "0.772", "eff": 0.95, "tick": "345141", "goal": "0", "here": "0", "t": 1789617813.35}
{"x": 0.562, "y": 10.535, "h": 209.5, "scan": [0.372, 0.19, 0.231, 0.209, 0.2, 0.858, 0.664, 0.671, 0.74, 1.663, 0.573, 1.328, 0.639, 0.389, 0.36, 0.365], "d0": "0", "d5": "0", "d11": "0.736", "eff": 0.95, "tick": "345186", "goal": "0", "here": "0", "t": 1789617813.82}
{"x": 0.559, "y": 10.517, "h": 188.2, "scan": [0.357, 0.373, 0.179, 0.2, 0.229, 0.199, 0.865, 0.693, 0.679, 0.782, 1.271, 0.572, 1.303, 0.633, 0.339, 0.358], "d0": "0", "d5": "0", "d11": "0.679", "eff": 0.95, "tick": "345232", "goal": "0", "here": "0", "t": 1789617814.26}
{"x": 0.558, "y": 10.478, "h": 177.7, "scan": [0.315, 0.318, 0.299, 0.152, 0.188, 0.231, 0.207, 0.809, 0.663, 0.776, 1.006, 0.439, 1.314, 0.644, 0.368, null], "d0": "0", "d5": "0", "d11": "0.651", "eff": 0.95, "tick": "345276", "goal": "0", "here": "0", "t": 1789617814.69}
{"x": 0.562, "y": 10.439, "h": 171.0, "scan": [0.27, 0.297, 0.318, 0.184, 0.165, 0.228, 0.25, 0.91, 0.721, 0.778, 0.91, null, 1.344, 1.34, 0.363, 0.276], "d0": "0", "d5": "0", "d11": "0.613", "eff": 0.95, "tick": "345315", "goal": "0", "here": "0", "t": 1789617815.1}
{"x": 0.572, "y": 10.401, "h": 164.8, "scan": [0.234, 0.224, 0.27, 0.268, 0.157, 0.173, 0.265, 0.292, 0.798, 0.795, 0.876, 1.71, 0.97, 1.268, 0.356, 0.239], "d0": "0", "d5": "0", "d11": "0.588", "eff": 0.93, "tick": "345358", "goal": "0", "here": "0", "t": 1789617815.52}
{"x": 0.575, "y": 10.391, "h": 143.5, "scan": [0.229, 0.23, 0.253, 0.287, 0.272, 0.183, 0.189, 0.269, 0.304, 0.787, 0.794, 0.884, 0.426, 0.986, 1.291, 0.34], "d0": "0", "d5": "0", "d11": "0.584", "eff": 0.93, "tick": "345400", "goal": "0", "here": "0", "t": 1789617815.93}
{"x": 0.586, "y": 10.378, "h": 125.1, "scan": [0.308, 0.214, 0.21, 0.232, 0.251, 0.297, 0.177, 0.166, 0.286, 0.34, 0.808, 0.835, 0.932, 0.435, 1.23, 0.643], "d0": "0", "d5": "0", "d11": "0.581", "eff": 0.94, "tick": "345446", "goal": "0", "here": "0", "t": 1789617816.4}
{"x": 0.603, "y": 10.372, "h": 104.3, "scan": [0.578, 0.265, 0.206, 0.209, 0.227, 0.259, 0.291, 0.194, 0.189, 0.296, 0.409, 0.803, 0.822, 1.02, 0.583, 1.311], "d0": "0", "d5": "0", "d11": "0.615", "eff": 0.96, "tick": "345490", "goal": "0", "here": "0", "t": 1789617816.84}
{"x": 0.644, "y": 10.367, "h": 89.9, "scan": [1.268, 0.499, 0.205, 0.185, 0.198, 0.24, 0.269, 0.263, 0.22, 0.362, 0.345, 0.846, 0.803, 0.862, 0.405, 0.859], "d0": "0", "d5": "0", "d11": "0.614", "eff": 0.96, "tick": "345534", "goal": "0", "here": "0", "t": 1789617817.28}
{"x": 0.685, "y": 10.371, "h": 80.1, "scan": [1.236, 0.521, 0.278, 0.16, 0.171, 0.213, 0.276, 0.352, 0.266, 0.307, 0.379, 1.005, 0.767, 0.831, 0.994, 0.532], "d0": "0", "d5": "0", "d11": "0.649", "eff": 0.96, "tick": "345577", "goal": "0", "here": "0", "t": 1789617817.71}
{"x": 0.724, "y": 10.381, "h": 75.9, "scan": [0.905, 1.177, 0.434, 0.187, 0.169, 0.203, 0.266, 0.355, 0.35, 0.304, 0.386, 1.028, 0.769, 0.828, 0.971, 0.487], "d0": "0", "d5": "0", "d11": "0.657", "eff": 0.96, "tick": "345622", "goal": "0", "here": "0", "t": 1789617818.16}
{"x": 0.765, "y": 10.393, "h": 68.5, "scan": [0.809, 1.141, 0.456, 0.239, 0.156, 0.179, 0.238, 0.337, 0.399, 0.321, 0.419, 1.095, 0.821, 0.825, 0.854, 0.457], "d0": "0", "d5": "0", "d11": "0.648", "eff": 0.95, "tick": "345667", "goal": "0", "here": "0", "t": 1789617818.61}
{"x": 0.801, "y": 10.409, "h": 63.7, "scan": [0.614, 1.137, 0.432, 0.321, 0.196, 0.183, 0.186, 0.344, 0.443, 0.339, 0.441, 1.886, 0.859, 0.808, 0.788, 0.349], "d0": "0", "d5": "0", "d11": "0.661", "eff": 0.95, "tick": "345708", "goal": "0", "here": "0", "t": 1789617819.02}
{"x": 0.836, "y": 10.428, "h": 62.5, "scan": [0.429, 1.067, 1.153, 0.388, 0.211, 0.212, 0.186, 0.36, 0.478, 0.396, 0.477, 2.027, 0.829, 0.785, 0.765, 0.314], "d0": "0", "d5": "0", "d11": "0.661", "eff": 0.95, "tick": "345749", "goal": "0", "here": "0", "t": 1789617819.45}
{"x": 0.872, "y": 10.446, "h": 62.9, "scan": [0.395, 1.054, 1.093, 0.358, 0.246, 0.23, 0.219, 0.366, 0.518, 0.399, 0.476, 1.981, 0.814, 0.777, 0.749, 0.323], "d0": "0", "d5": "0", "d11": "0.657", "eff": 0.95, "tick": "345793", "goal": "0", "here": "0", "t": 1789617819.9}
{"x": 0.909, "y": 10.465, "h": 62.5, "scan": [0.36, 1.016, 1.068, 0.365, 0.283, 0.237, 0.247, 0.379, 0.554, 0.465, 0.504, 1.155, 0.762, 0.73, 0.219, 0.319], "d0": "0", "d5": "0", "d11": "0.668", "eff": 0.95, "tick": "345841", "goal": "0", "here": "0", "t": 1789617820.34}
{"x": 0.944, "y": 10.481, "h": 66.0, "scan": [0.487, 1.009, 1.062, 0.356, 0.333, 0.252, 0.265, 0.429, 0.573, 0.505, 0.549, 1.103, 0.731, 0.705, 0.196, 0.312], "d0": "0", "d5": "0", "d11": "0.663", "eff": 0.95, "tick": "345882", "goal": "0", "here": "0", "t": 1789617820.76}
{"x": 0.979, "y": 10.496, "h": 71.5, "scan": [0.586, 0.991, 1.1, 0.344, 0.332, 0.261, 0.283, 0.512, 0.572, 0.595, 2.317, 0.9, 0.751, 0.173, 0.215, 0.255], "d0": "0", "d5": "0", "d11": "0.666", "eff": 0.95, "tick": "345923", "goal": "0", "here": "0", "t": 1789617821.17}
{"x": 1.017, "y": 10.507, "h": 72.5, "scan": [0.583, 0.963, 1.094, 0.328, 0.341, 0.269, 0.302, 0.554, 0.589, 0.633, 2.317, 0.881, 0.747, 0.159, 0.228, 0.215], "d0": "0", "d5": "0", "d11": "0.669", "eff": 0.95, "tick": "345969", "goal": "0", "here": "0", "t": 1789617821.63}
{"x": 1.042, "y": 10.519, "h": 65.0, "scan": [0.372, 0.899, 0.944, 0.349, 0.331, 0.329, 0.31, 0.374, 0.678, 0.636, 0.631, 1.079, 0.725, 0.156, 0.209, 0.209], "d0": "0", "d5": "0", "d11": "0.676", "eff": 0.96, "tick": "346017", "goal": "0", "here": "0", "t": 1789617822.1}
{"x": 1.048, "y": 10.523, "h": 46.0, "scan": [0.199, 0.376, 0.888, 0.945, 0.353, 0.334, 0.315, 0.313, 0.39, 0.692, 0.63, 0.65, 1.084, 0.74, 0.137, 0.209], "d0": "0", "d5": "0", "d11": "0.678", "eff": 0.96, "tick": "346060", "goal": "0", "here": "0", "t": 1789617822.54}
{"x": 1.048, "y": 10.525, "h": 15.0, "scan": [0.183, 0.207, 0.223, 0.818, 0.905, 0.478, 0.333, 0.336, 0.291, 0.343, 0.665, 0.576, 0.609, null, 0.736, 0.149], "d0": "0", "d5": "0", "d11": "0.692", "eff": 0.94, "tick": "346105", "goal": "0", "here": "0", "t": 1789617822.98}
{"x": 1.048, "y": 10.525, "h": 349.1, "scan": [0.151, 0.139, 0.197, 0.208, 0.549, 0.96, 1.045, 0.315, 0.353, 0.28, 0.317, 0.584, 0.593, 0.632, 2.392, 0.8], "d0": "0", "d5": "0", "d11": "0.691", "eff": 0.95, "tick": "346149", "goal": "0", "here": "0", "t": 1789617823.43}
{"x": 1.047, "y": 10.527, "h": 317.9, "scan": [0.904, 0.161, 0.173, 0.203, 0.194, 0.481, 0.905, 0.978, 0.336, 0.338, 0.322, 0.305, 0.497, 0.655, 0.658, 2.366], "d0": "0", "d5": "0", "d11": "0.691", "eff": 0.95, "tick": "346193", "goal": "0", "here": "0", "t": 1789617823.86}
{"x": 1.046, "y": 10.528, "h": 289.8, "scan": [0.613, 1.127, 0.735, null, 0.205, 0.199, 0.245, 0.907, 0.906, 0.461, 0.344, 0.327, 0.309, 0.376, 0.71, 0.629], "d0": "0", "d5": "0", "d11": "0.706", "eff": 0.97, "tick": "346238", "goal": "0", "here": "0", "t": 1789617824.31}
{"x": 1.007, "y": 10.536, "h": 278.8, "scan": [0.583, null, 0.765, 0.133, 0.117, 0.209, 0.21, 0.583, 0.973, 1.09, 0.341, 0.35, 0.31, 0.327, 0.579, 0.548], "d0": "0", "d5": "0", "d11": "0.762", "eff": 0.97, "tick": "346279", "goal": "0", "here": "0", "t": 1789617824.72}
{"x": 0.97, "y": 10.539, "h": 271.8, "scan": [0.584, 2.274, 0.89, 0.699, 0.135, 0.146, 0.243, 0.277, 0.962, 1.059, 0.363, 0.397, 0.302, 0.323, 0.535, 0.564], "d0": "0", "d5": "0", "d11": "0.796", "eff": 0.97, "tick": "346319", "goal": "0", "here": "0", "t": 1789617825.13}
{"x": 0.933, "y": 10.54, "h": 272.3, "scan": [0.567, 1.651, 0.912, 0.675, 0.65, 0.134, 0.252, 0.272, 0.995, 1.078, 0.393, 0.365, 0.3, 0.328, 0.534, 0.512], "d0": "0", "d5": "0", "d11": "0.812", "eff": 0.97, "tick": "346361", "goal": "0", "here": "0", "t": 1789617825.6}
{"x": 0.897, "y": 10.543, "h": 274.7, "scan": [0.483, 2.191, 0.823, 0.675, 0.656, 0.164, 0.286, 0.355, 1.05, 0.63, 0.429, 0.31, 0.308, 0.396, 0.565, 0.459], "d0": "0", "d5": "0", "d11": "0.804", "eff": 0.97, "tick": "346410", "goal": "0", "here": "0", "t": 1789617826.04}
{"x": 0.864, "y": 10.549, "h": 283.9, "scan": [0.452, 2.117, 0.76, 0.685, 0.674, 0.791, 0.304, 0.693, 1.048, 0.46, 0.423, 0.317, 0.303, 0.453, 0.54, 0.458], "d0": "0", "d5": "0", "d11": "0.801", "eff": 0.97, "tick": "346453", "goal": "0", "here": "0", "t": 1789617826.46}
{"x": 0.829, "y": 10.558, "h": 286.3, "scan": [0.428, 1.047, 0.703, 0.667, 0.66, 0.838, 0.322, 0.793, 1.121, 0.475, 0.385, 0.329, 0.346, 0.483, 0.468, 0.463], "d0": "0", "d5": "0", "d11": "0.800", "eff": 0.97, "tick": "346497", "goal": "0", "here": "0", "t": 1789617826.91}
{"x": 0.796, "y": 10.569, "h": 291.0, "scan": [0.434, 0.949, 0.632, 0.642, 0.653, 1.614, 0.344, 1.107, 1.199, 0.499, 0.347, 0.302, 0.404, 0.539, 0.372, 0.416], "d0": "0", "d5": "0", "d11": "0.793", "eff": 0.97, "tick": "346543", "goal": "0", "here": "0", "t": 1789617827.36}
{"x": 0.765, "y": 10.582, "h": 297.6, "scan": [2.101, 0.888, 0.589, 0.649, 0.656, 1.528, 0.387, 1.144, 1.281, 0.51, 0.371, 0.335, 0.451, 0.508, 0.388, 0.368], "d0": "0", "d5": "0", "d11": "0.772", "eff": 0.97, "tick": "346584", "goal": "0", "here": "0", "t": 1789617827.77}
{"x": 0.738, "y": 10.599, "h": 302.9, "scan": [2.118, 0.725, 0.57, 0.606, 0.696, 1.492, 0.391, 1.201, 0.589, 0.474, 0.36, 0.393, 0.477, 0.378, 0.378, 0.323], "d0": "0", "d5": "0", "d11": "0.785", "eff": 0.97, "tick": "346625", "goal": "0", "here": "0", "t": 1789617828.18}
{"x": 0.709, "y": 10.618, "h": 304.4, "scan": [1.918, 0.671, 0.561, 0.62, 0.787, 1.48, 0.435, 1.215, 0.587, 0.425, 0.356, 0.443, 0.507, 0.326, 0.361, 0.315], "d0": "0", "d5": "0", "d11": "0.784", "eff": 0.97, "tick": "346669", "goal": "0", "here": "0", "t": 1789617828.62}
{"x": 0.683, "y": 10.638, "h": 309.2, "scan": [0.91, 0.606, 0.552, 0.599, 0.816, 1.363, 0.458, 1.251, 0.611, 0.419, 0.419, 0.466, 0.477, 0.329, 0.29, 0.316], "d0": "0", "d5": "0", "d11": "0.784", "eff": 0.97, "tick": "346710", "goal": "0", "here": "0", "t": 1789617829.04}
{"x": 0.657, "y": 10.663, "h": 315.6, "scan": [0.805, 0.567, 0.529, 0.578, 0.821, 1.378, 1.251, 1.34, 0.655, 0.426, 0.454, 0.5, 0.347, 0.355, 0.254, 1.379], "d0": "0", "d5": "0", "d11": "0.795", "eff": 0.97, "tick": "346755", "goal": "0", "here": "0", "t": 1789617829.49}
{"x": 0.635, "y": 10.686, "h": 318.4, "scan": [0.776, 0.509, 0.548, 0.613, 0.835, 1.362, 1.243, 1.416, 0.61, 0.445, 0.506, 0.523, 0.326, 0.304, 0.225, 1.908], "d0": "0", "d5": "0", "d11": "0.779", "eff": 0.97, "tick": "346796", "goal": "0", "here": "0", "t": 1789617829.9}
{"x": 0.614, "y": 10.714, "h": 325.4, "scan": [0.595, 0.467, 0.555, 0.608, 0.951, 1.272, 1.348, 0.733, 0.551, 0.461, 0.52, 0.344, 0.33, 0.213, 0.246, 1.862], "d0": "0", "d5": "0", "d11": "0.812", "eff": 0.97, "tick": "346841", "goal": "0", "here": "0", "t": 1789617830.34}
{"x": 0.597, "y": 10.74, "h": 328.6, "scan": [0.551, 0.434, 0.512, 0.603, 1.517, 1.312, 1.347, 0.726, 0.548, 0.54, 0.55, 0.337, 0.284, 0.209, 1.289, 0.847], "d0": "0", "d5": "0", "d11": "0.825", "eff": 0.97, "tick": "346881", "goal": "0", "here": "0", "t": 1789617830.75}
{"x": 0.582, "y": 10.77, "h": 334.6, "scan": [0.486, 0.415, 0.528, 0.593, 1.508, 1.365, 1.358, 0.752, 0.542, 0.566, 0.584, 0.339, 0.216, 0.2, 1.273, 0.709], "d0": "0", "d5": "0", "d11": "0.844", "eff": 0.97, "tick": "346924", "goal": "0", "here": "0", "t": 1789617831.17}
{"x": 0.568, "y": 10.803, "h": 340.1, "scan": [0.438, 0.387, 0.514, 0.612, 1.396, 1.09, 1.441, 0.783, 0.546, 0.598, 0.378, 0.305, 0.175, 0.424, 1.853, 0.662], "d0": "0", "d5": "0", "d11": "0.875", "eff": 0.97, "tick": "346967", "goal": "0", "here": "0", "t": 1789617831.61}
{"x": 0.558, "y": 10.836, "h": 347.0, "scan": [0.376, 0.369, 0.482, 0.622, null, 0.693, 1.549, 0.743, 0.584, 0.608, 0.386, 0.229, 0.179, 1.152, 1.782, 0.498], "d0": "0", "d5": "0", "d11": "0.891", "eff": 0.97, "tick": "347011", "goal": "0", "here": "0", "t": 1789617832.04}
{"x": 0.551, "y": 10.87, "h": 348.9, "scan": [0.342, 0.361, 0.458, 0.782, 1.383, 0.481, 1.017, 0.678, 0.643, 0.665, 0.393, 0.197, 0.392, 1.221, 0.683, 0.423], "d0": "0", "d5": "0", "d11": "0.890", "eff": 0.97, "tick": "347056", "goal": "0", "here": "0", "t": 1789617832.49}
{"x": 0.546, "y": 10.906, "h": 354.9, "scan": [0.284, 0.359, 0.442, 0.778, 1.339, 0.503, 0.863, 0.697, 0.682, 0.451, 0.244, 0.219, 1.127, 1.724, 0.577, 0.37], "d0": "0", "d5": "0", "d11": "0.885", "eff": 0.97, "tick": "347102", "goal": "0", "here": "0", "t": 1789617832.95}
{"x": 0.544, "y": 10.938, "h": 359.6, "scan": [0.261, 0.348, 0.412, 0.814, 1.341, 0.502, 0.889, 0.701, 0.735, 0.462, 0.219, 0.41, 1.103, 1.762, 0.488, 0.332], "d0": "0", "d5": "0", "d11": "0.899", "eff": 0.97, "tick": "347139", "goal": "0", "here": "0", "t": 1789617833.36}
{"x": 0.545, "y": 10.97, "h": 3.9, "scan": [0.233, 0.345, 0.419, 1.464, 1.4, 0.501, 0.898, 0.717, 0.735, 0.458, 0.245, 0.418, 1.174, 0.669, 0.363, 0.278], "d0": "0", "d5": "0", "d11": "0.931", "eff": 0.97, "tick": "347183", "goal": "0", "here": "0", "t": 1789617833.77}
{"x": 0.546, "y": 10.979, "h": 348.3, "scan": [0.242, 0.226, 0.351, 0.466, 1.372, 1.369, 0.494, 0.907, 0.729, 0.737, 0.314, 0.266, 0.723, 1.233, 0.572, 0.319], "d0": "0", "d5": "0", "d11": "0.921", "eff": 0.98, "tick": "347225", "goal": "0", "here": "0", "t": 1789617834.18}
{"x": 0.541, "y": 10.997, "h": 336.6, "scan": [0.276, 0.181, 0.257, null, 0.525, 1.349, 0.728, 1.066, 0.756, 0.762, 0.53, 0.245, 0.419, 1.086, 1.796, 0.375], "d0": "0", "d5": "0", "d11": "0.921", "eff": 0.98, "tick": "347268", "goal": "0", "here": "0", "t": 1789617834.62}
{"x": 0.529, "y": 11.012, "h": 319.9, "scan": [0.306, 0.222, 0.188, null, 0.388, 0.771, 1.352, 0.559, 0.929, 0.756, 0.768, 0.325, 0.269, 0.449, 1.173, 0.608], "d0": "0", "d5": "0", "d11": "0.933", "eff": 0.98, "tick": "347310", "goal": "0", "here": "0", "t": 1789617835.03}
{"x": 0.501, "y": 11.039, "h": 310.2, "scan": [0.36, 0.229, 0.191, 0.163, 0.303, 0.48, 1.425, 0.926, 1.16, 0.833, 0.789, 0.52, 0.268, 0.402, 1.085, 1.756], "d0": "0", "d5": "0", "d11": "0.932", "eff": 0.98, "tick": "347352", "goal": "0", "here": "0", "t": 1789617835.46}
{"x": 0.469, "y": 11.057, "h": 294.6, "scan": [1.69, 0.279, null, 0.152, 0.164, 0.332, 0.527, 1.411, 0.816, 0.99, 0.8, 0.813, 0.278, 0.38, 0.634, 1.081], "d0": "0", "d5": "0", "d11": "0.948", "eff": 0.98, "tick": "347399", "goal": "0", "here": "0", "t": 1789617835.93}
{"x": 0.424, "y": 11.069, "h": 278.8, "scan": [1.081, 0.436, 0.221, 0.176, 0.153, 0.17, 0.384, 1.485, 1.482, 0.626, 0.925, 0.832, 0.318, 0.315, 0.374, 1.03], "d0": "0", "d5": "0", "d11": "0.935", "eff": 0.98, "tick": "347447", "goal": "0", "here": "0", "t": 1789617836.43}
{"x": 0.382, "y": 11.071, "h": 268.8, "scan": [1.013, 1.608, 0.352, 0.177, 0.179, 0.17, 0.185, 0.484, 1.488, 0.882, 1.061, 0.828, null, 0.26, 0.35, 0.631], "d0": "0", "d5": "0", "d11": "0.935", "eff": 0.99, "tick": "347493", "goal": "0", "here": "0", "t": 1789617836.87}
{"x": 0.345, "y": 11.068, "h": 264.0, "scan": [0.933, 1.607, 0.376, 0.205, 0.194, 0.166, 0.184, 0.454, 1.552, 1.054, 1.143, 0.847, 0.799, 0.263, 0.314, 0.542], "d0": "0", "d5": "0", "d11": "0.918", "eff": 0.99, "tick": "347534", "goal": "0", "here": "0", "t": 1789617837.28}
{"x": 0.304, "y": 11.063, "h": 259.7, "scan": [0.913, 0.974, 0.38, 0.271, null, 0.201, 0.208, 0.286, 1.549, 1.336, 1.832, 0.889, 0.841, 0.244, 0.262, 0.49], "d0": "0", "d5": "0", "d11": "0.936", "eff": 0.99, "tick": "347578", "goal": "0", "here": "0", "t": 1789617837.71}
{"x": 0.263, "y": 11.054, "h": 255.9, "scan": [0.901, 0.944, 0.485, 0.305, 0.217, 0.183, 0.223, 0.265, 0.742, 1.635, 1.87, 0.91, 0.23, 0.261, 0.263, 0.447], "d0": "0", "d5": "0", "d11": "0.933", "eff": 0.99, "tick": "347622", "goal": "0", "here": "0", "t": 1789617838.16}
{"x": 0.227, "y": 11.044, "h": 253.5, "scan": [0.881, 0.934, 1.442, 0.314, 0.255, 0.187, 0.241, 0.275, 0.766, 1.659, 1.87, 0.952, 0.225, 0.28, 0.244, 0.4], "d0": "0", "d5": "0", "d11": "0.941", "eff": 0.99, "tick": "347663", "goal": "0", "here": "0", "t": 1789617838.56}
{"x": 0.187, "y": 11.032, "h": 253.0, "scan": [0.86, 0.897, 1.472, 0.315, 0.313, 0.218, 0.252, 0.301, 0.807, 1.699, 1.916, 0.91, 0.217, 0.255, 0.2, 0.397], "d0": "0", "d5": "0", "d11": "0.910", "eff": 0.99, "tick": "347708", "goal": "0", "here": "0", "t": 1789617839.01}
{"x": 0.147, "y": 11.022, "h": 256.3, "scan": [0.805, 0.858, 1.379, 0.3, 0.303, 0.235, 0.248, 0.338, 1.102, 1.485, 1.38, 0.236, 0.234, 0.209, 0.275, 0.373], "d0": "0", "d5": "0", "d11": "0.905", "eff": 0.99, "tick": "347753", "goal": "0", "here": "0", "t": 1789617839.46}
{"x": 0.11, "y": 11.014, "h": 259.3, "scan": [0.758, 0.833, 1.339, 0.302, 0.328, 0.268, 0.276, 0.378, 1.75, 1.281, 1.222, 0.231, 0.242, 0.177, 0.272, 0.389], "d0": "0", "d5": "0", "d11": "0.872", "eff": 0.99, "tick": "347794", "goal": "0", "here": "0", "t": 1789617839.87}
{"x": 0.068, "y": 11.006, "h": 259.9, "scan": [0.718, 0.807, 1.319, 0.317, 0.275, 0.298, null, 0.406, 1.781, 1.116, 1.232, null, 0.19, 0.187, 0.268, 0.341], "d0": "0", "d5": "0", "d11": "0.836", "eff": 0.99, "tick": "347841", "goal": "0", "here": "0", "t": 1789617840.34}
{"x": 0.029, "y": 11.0, "h": 264.0, "scan": [0.67, 0.747, 1.26, 0.32, 0.285, 0.292, 0.284, 0.434, 1.841, 0.942, 0.298, 0.277, 0.167, 0.221, 0.258, 0.366], "d0": "0", "d5": "0", "d11": "0.817", "eff": 0.99, "tick": "347882", "goal": "0", "here": "0", "t": 1789617840.76}
{"x": -0.008, "y": 10.996, "h": 265.2, "scan": [0.62, 0.735, 1.25, 0.337, null, 0.316, 0.319, 0.459, 1.863, 1.908, 0.281, 0.172, 0.167, 0.25, 0.243, 0.525], "d0": "0", "d5": "0", "d11": "0.818", "eff": 0.99, "tick": "347924", "goal": "0", "here": "0", "t": 1789617841.17}
{"x": -0.047, "y": 10.993, "h": 263.6, "scan": [0.591, 0.692, 1.201, 0.332, 0.282, 0.336, 0.34, 0.502, 1.903, 1.937, 0.302, 0.164, 0.211, 0.23, 0.262, 0.526], "d0": "0", "d5": "0", "d11": "0.795", "eff": 0.99, "tick": "347965", "goal": "0", "here": "0", "t": 1789617841.58}
{"x": -0.085, "y": 10.991, "h": 269.7, "scan": [0.578, 0.674, 1.171, 0.849, 0.27, 0.34, 0.349, 0.553, 1.848, 2.0, 0.332, 0.202, 0.219, 0.214, 0.262, 0.542], "d0": "0", "d5": "0", "d11": "0.779", "eff": 0.99, "tick": "348005", "goal": "0", "here": "0", "t": 1789617841.99}
{"x": -0.127, "y": 10.992, "h": 269.7, "scan": [0.541, 0.659, 1.152, 0.85, 0.271, 0.303, 0.384, null, 1.897, 2.094, 0.191, 0.218, 0.212, 0.199, 0.249, 0.567], "d0": "0", "d5": "0", "d11": "0.759", "eff": 0.99, "tick": "348052", "goal": "0", "here": "0", "t": 1789617842.46}
{"x": -0.164, "y": 10.993, "h": 275.9, "scan": [0.518, 0.613, 1.114, 0.845, 0.275, 0.322, 0.413, 0.61, 1.983, 0.428, 0.224, 0.241, 0.189, 0.189, 0.308, 0.539], "d0": "0", "d5": "0", "d11": "0.748", "eff": 0.99, "tick": "348092", "goal": "0", "here": "0", "t": 1789617842.87}
{"x": -0.202, "y": 10.996, "h": 274.9, "scan": [0.511, 0.587, 1.086, 0.801, 0.304, 0.314, 0.421, 0.669, 2.039, 0.418, 0.256, 0.219, 0.189, 0.187, 0.383, 0.481], "d0": "0", "d5": "0", "d11": "0.720", "eff": 0.99, "tick": "348133", "goal": "0", "here": "0", "t": 1789617843.27}
{"x": -0.242, "y": 11.0, "h": 279.2, "scan": [0.508, 1.151, 0.941, 0.778, 0.296, 0.324, 0.449, 1.027, 1.629, 0.294, 0.286, 0.22, null, 0.228, 0.415, 0.429], "d0": "0", "d5": "0", "d11": "0.708", "eff": 0.99, "tick": "348177", "goal": "0", "here": "0", "t": 1789617843.7}
{"x": -0.286, "y": 11.007, "h": 279.1, "scan": [0.49, 1.076, 0.881, 0.744, 0.31, 0.313, 0.476, 1.221, 1.218, 0.32, 0.267, 0.214, 0.179, 0.284, 0.4, 0.381], "d0": "0", "d5": "0", "d11": "0.738", "eff": 0.99, "tick": "348224", "goal": "0", "here": "0", "t": 1789617844.18}
{"x": -0.323, "y": 11.016, "h": 283.6, "scan": [0.462, 1.08, 0.869, null, 0.384, 0.321, 0.479, 2.122, 1.206, 0.34, 0.262, 0.183, 0.207, 0.311, 0.444, 0.323], "d0": "0", "d5": "0", "d11": "0.749", "eff": 0.99, "tick": "348265", "goal": "0", "here": "0", "t": 1789617844.59}
{"x": -0.359, "y": 11.025, "h": 286.3, "scan": [0.441, 1.028, 0.834, 0.752, 0.414, 0.319, 0.512, 2.147, 1.211, 0.37, 0.246, 0.195, 0.247, 0.327, 0.407, 0.316], "d0": "0", "d5": "0", "d11": "0.732", "eff": 0.99, "tick": "348306", "goal": "0", "here": "0", "t": 1789617845.0}
{"x": -0.392, "y": 11.032, "h": 281.9, "scan": [0.413, 1.029, 0.887, 0.803, 0.631, 0.319, 0.505, 1.285, 1.297, 0.419, 0.264, 0.21, 0.274, 0.328, 0.381, 0.313], "d0": "0", "d5": "0", "d11": "0.695", "eff": 0.99, "tick": "348342", "goal": "0", "here": "0", "t": 1789617845.42}
{"x": -0.439, "y": 11.042, "h": 280.1, "scan": [0.35, 0.392, 0.944, 0.766, 0.743, 0.369, 0.394, 0.8, 1.771, 0.46, 0.286, 0.24, 0.278, 0.318, 0.321, 0.238], "d0": "0", "d5": "0", "d11": "0.701", "eff": 1.0, "tick": "348394", "goal": "0", "here": "0", "t": 1789617845.87}
{"x": -0.48, "y": 11.047, "h": 280.0, "scan": [0.3, 0.338, 0.929, 0.751, 0.698, 0.42, 0.365, 0.716, 2.281, 0.475, 0.274, 0.251, 0.298, 0.306, 0.277, 0.236], "d0": "0", "d5": "0", "d11": "0.714", "eff": 1.0, "tick": "348438", "goal": "0", "here": "0", "t": 1789617846.31}
{"x": -0.498, "y": 11.05, "h": 287.3, "scan": [0.313, 0.988, 0.792, 0.764, 0.654, 0.355, 0.599, 2.283, 0.703, 0.369, 0.263, 0.271, 0.297, 0.317, 0.217, 0.237], "d0": "0", "d5": "0", "d11": "0.715", "eff": 1.0, "tick": "348479", "goal": "0", "here": "0", "t": 1789617846.73}
{"x": -0.527, "y": 11.062, "h": 292.8, "scan": [0.284, 0.983, null, 0.725, 0.64, 0.372, null, 2.232, 0.525, 0.35, 0.272, 0.295, 0.297, 0.249, 0.205, 0.256], "d0": "0", "d5": "0", "d11": "0.770", "eff": 1.0, "tick": "348520", "goal": "0", "here": "0", "t": 1789617847.13}
{"x": -0.563, "y": 11.081, "h": 301.5, "scan": [0.262, 0.873, 0.713, 0.657, 0.489, 0.379, 0.831, 1.682, 0.545, 0.331, 0.296, 0.312, 0.306, 0.176, 0.206, 0.239], "d0": "0", "d5": "0", "d11": "0.809", "eff": 1.0, "tick": "348563", "goal": "0", "here": "0", "t": 1789617847.57}
{"x": -0.585, "y": 11.099, "h": 317.0, "scan": [0.915, 0.702, 0.728, 0.755, 0.417, 0.634, 2.281, 0.583, 0.376, 0.359, 0.307, 0.338, 0.175, 0.188, 0.207, 0.224], "d0": "0", "d5": "0", "d11": "0.817", "eff": 1.0, "tick": "348604", "goal": "0", "here": "0", "t": 1789617847.98}
{"x": -0.603, "y": 11.127, "h": 334.0, "scan": [0.775, 0.669, 0.669, 0.441, 0.404, 2.36, 2.43, 0.477, 0.359, 0.362, 0.329, 0.161, 0.174, 0.192, 0.207, 0.237], "d0": "0", "d5": "0", "d11": "0.820", "eff": 1.0, "tick": "348652", "goal": "0", "here": "0", "t": 1789617848.46}
{"x": -0.614, "y": 11.16, "h": 345.3, "scan": [0.647, 0.653, 0.622, 0.408, 0.652, 2.4, 0.617, 0.389, 0.41, 0.37, 0.178, 0.186, 0.19, 0.184, 0.175, 0.785], "d0": "0", "d5": "0", "d11": "0.857", "eff": 0.98, "tick": "348697", "goal": "0", "here": "0", "t": 1789617848.9}
{"x": -0.62, "y": 11.201, "h": 354.2, "scan": [0.6, 0.562, 0.584, 0.402, 0.723, 1.517, 0.658, 0.413, 0.426, 0.372, 0.186, 0.206, 0.181, 0.178, 0.777, 0.732], "d0": "0", "d5": "0", "d11": "0.894", "eff": 0.96, "tick": "348741", "goal": "0", "here": "0", "t": 1789617849.34}
{"x": -0.622, "y": 11.238, "h": 359.7, "scan": [0.582, 0.561, 0.533, 0.388, 0.965, 2.518, 0.59, 0.433, 0.438, 0.253, 0.213, 0.209, 0.173, 0.154, 0.787, 0.599], "d0": "0", "d5": "0", "d11": "0.894", "eff": 0.96, "tick": "348782", "goal": "0", "here": "0", "t": 1789617849.75}
{"x": -0.621, "y": 11.277, "h": 6.2, "scan": [0.589, 0.583, 0.501, 0.384, 2.35, 0.912, 0.57, 0.46, 0.456, 0.255, 0.232, 0.192, 0.161, 0.762, 0.676, 0.543], "d0": "0", "d5": "0", "d11": "0.871", "eff": 0.96, "tick": "348823", "goal": "0", "here": "0", "t": 1789617850.17}
{"x": -0.617, "y": 11.317, "h": 3.9, "scan": [0.553, 0.546, 0.495, 0.363, 2.371, 2.093, 0.615, 0.524, 0.5, 0.286, 0.238, 0.189, 0.27, 0.723, 0.672, 0.507], "d0": "0", "d5": "0", "d11": "0.891", "eff": 0.96, "tick": "348867", "goal": "0", "here": "0", "t": 1789617850.61}
{"x": -0.615, "y": 11.359, "h": 2.5, "scan": [0.485, 0.446, 0.47, 0.342, 0.347, 2.538, 0.742, 0.544, 0.56, 0.328, 0.274, 0.176, 0.297, 0.721, 0.645, 0.483], "d0": "0", "d5": "0", "d11": "0.886", "eff": 0.95, "tick": "348912", "goal": "0", "here": "0", "t": 1789617851.09}
{"x": -0.617, "y": 11.407, "h": 354.6, "scan": [0.435, 0.409, 0.534, 0.414, 0.333, 2.001, 0.797, 0.601, 0.593, 0.373, 0.307, 0.204, 0.309, 0.731, 0.635, 0.448], "d0": "0", "d5": "0", "d11": "0.893", "eff": 0.95, "tick": "348960", "goal": "0", "here": "0", "t": 1789617851.57}
{"x": -0.624, "y": 11.449, "h": 346.8, "scan": [0.392, 0.436, 0.422, 0.41, 0.319, 0.348, 1.952, 0.72, 0.638, 0.453, 0.327, 0.222, 0.312, 0.698, 0.707, 0.487], "d0": "0", "d5": "0", "d11": "0.887", "eff": 0.95, "tick": "349011", "goal": "0", "here": "0", "t": 1789617852.04}
{"x": -0.634, "y": 11.486, "h": 339.8, "scan": [0.357, 0.399, 0.355, 0.468, 0.419, 0.359, 1.6, 0.819, 0.665, 0.622, 0.364, null, 0.305, 0.614, 0.678, 0.522], "d0": "0", "d5": "0", "d11": "0.876", "eff": 0.95, "tick": "349052", "goal": "0", "here": "0", "t": 1789617852.46}
{"x": -0.649, "y": 11.522, "h": 336.7, "scan": [0.347, 0.315, 0.374, 0.457, 0.413, 0.356, 0.386, 1.019, 0.696, 0.676, 0.412, 0.259, 0.327, 0.597, 0.613, 0.53], "d0": "0", "d5": "0", "d11": "0.869", "eff": 0.95, "tick": "349093", "goal": "0", "here": "0", "t": 1789617852.87}
{"x": -0.669, "y": 11.558, "h": 327.8, "scan": [0.304, 0.3, 0.362, 0.341, 0.438, 0.413, 0.385, 2.035, 0.805, 0.738, 0.459, 0.293, 0.292, 0.604, 0.593, 0.505], "d0": "0", "d5": "0", "d11": "0.858", "eff": 0.95, "tick": "349137", "goal": "0", "here": "0", "t": 1789617853.32}
{"x": -0.691, "y": 11.59, "h": 322.5, "scan": [0.317, 0.244, 0.301, 0.319, 0.44, 0.413, 0.391, 2.817, 0.923, 0.765, 0.48, 0.301, 0.325, 0.621, 0.59, 0.483], "d0": "0", "d5": "0", "d11": "0.810", "eff": 0.95, "tick": "349180", "goal": "0", "here": "0", "t": 1789617853.73}
{"x": -0.716, "y": 11.62, "h": 316.9, "scan": [0.381, 0.238, 0.245, 0.309, 0.296, 0.446, 0.466, 0.469, 0.962, 0.796, 0.552, 0.296, 0.312, 0.634, 0.612, 0.55], "d0": "0", "d5": "0", "d11": "0.785", "eff": 0.95, "tick": "349220", "goal": "0", "here": "0", "t": 1789617854.14}
{"x": -0.737, "y": 11.64, "h": 315.3, "scan": [0.345, 0.201, 0.209, 0.298, 0.311, 0.469, 0.466, 0.49, 0.995, 0.809, 0.549, 0.306, 0.339, 0.606, 0.578, 0.451], "d0": "0", "d5": "0", "d11": "0.754", "eff": 0.95, "tick": "349261", "goal": "0", "here": "0", "t": 1789617854.55}
{"x": -0.739, "y": 11.643, "h": 340.3, "scan": [0.211, 0.201, 0.292, 0.297, 0.432, 0.462, 0.504, 0.994, 0.809, 0.519, 0.329, 0.501, 0.564, 0.551, 0.429, 0.334], "d0": "0", "d5": "0", "d11": "0.724", "eff": 0.93, "tick": "349306", "goal": "0", "here": "0", "t": 1789617855.0}
{"x": -0.739, "y": 11.647, "h": 0.5, "scan": [0.206, 0.292, 0.279, 0.462, 0.486, 0.521, 0.984, 0.839, 0.545, 0.324, 0.335, 0.583, 0.573, 0.443, 0.359, 0.197], "d0": "0", "d5": "0", "d11": "0.731", "eff": 0.93, "tick": "349345", "goal": "0", "here": "0", "t": 1789617855.41}
{"x": -0.74, "y": 11.645, "h": 32.1, "scan": [0.316, 0.32, 0.434, 0.427, 2.154, 0.917, 0.825, 0.301, 0.321, 0.531, 0.537, 0.525, 0.393, 0.245, 0.225, 0.222], "d0": "0", "d5": "0", "d11": "0.718", "eff": 0.95, "tick": "349396", "goal": "0", "here": "0", "t": 1789617855.89}
{"x": -0.722, "y": 11.663, "h": 48.8, "scan": [0.278, 0.463, 0.477, 0.495, 0.97, 0.817, 0.548, 0.344, 0.506, 0.575, 0.536, 0.426, 0.249, 0.18, 0.196, 0.279], "d0": "0", "d5": "0", "d11": "0.696", "eff": 0.97, "tick": "349438", "goal": "0", "here": "0", "t": 1789617856.31}
{"x": -0.69, "y": 11.686, "h": 61.0, "scan": [0.273, 0.383, 0.399, 0.503, 0.962, 0.858, 0.497, 0.386, 0.592, 0.635, 0.605, 0.374, 0.187, 0.184, 0.196, 0.254], "d0": "0", "d5": "0", "d11": "0.683", "eff": 0.97, "tick": "349479", "goal": "0", "here": "0", "t": 1789617856.73}
{"x": -0.654, "y": 11.702, "h": 69.3, "scan": [0.387, 0.405, 0.389, 1.135, 0.847, 0.833, 0.369, 0.427, 0.655, 0.565, 0.423, 0.217, 0.183, 0.186, null, 0.218], "d0": "0", "d5": "0", "d11": "0.653", "eff": 0.97, "tick": "349523", "goal": "0", "here": "0", "t": 1789617857.16}
{"x": -0.638, "y": 11.703, "h": 89.9, "scan": [0.381, 0.378, 1.126, 0.852, 0.853, 0.375, 0.417, 0.71, 0.615, 0.443, 0.213, 0.161, 0.198, 0.223, 0.191, 0.413], "d0": "0", "d5": "0", "d11": "0.589", "eff": 0.98, "tick": "349567", "goal": "0", "here": "0", "t": 1789617857.63}
{"x": -0.598, "y": 11.699, "h": 101.1, "scan": [0.359, 0.378, 0.95, 0.833, 0.653, 0.416, 0.668, 0.675, 0.671, 0.28, 0.207, 0.19, 0.206, 0.209, 0.181, 0.308], "d0": "0", "d5": "0", "d11": "0.549", "eff": 0.98, "tick": "349615", "goal": "0", "here": "0", "t": 1789617858.08}
{"x": -0.562, "y": 11.69, "h": 104.5, "scan": [0.32, 0.386, 0.951, 0.831, 0.615, 0.44, 0.707, 0.746, 0.536, 0.265, 0.2, 0.209, 0.191, 0.181, 0.338, 0.299], "d0": "0", "d5": "0", "d11": "0.533", "eff": 0.98, "tick": "349655", "goal": "0", "here": "0", "t": 1789617858.48}
{"x": -0.525, "y": 11.677, "h": 110.4, "scan": [0.257, 0.388, 0.885, 0.841, 0.605, 0.451, 0.75, 0.78, 0.554, 0.27, 0.228, 0.214, 0.172, null, 0.271, 0.289], "d0": "0", "d5": "0", "d11": "0.495", "eff": 0.98, "tick": "349696", "goal": "0", "here": "0", "t": 1789617858.89}
{"x": -0.49, "y": 11.661, "h": 117.6, "scan": [0.245, null, 0.811, 0.825, 0.583, 0.475, 0.82, 0.733, 0.367, 0.258, 0.271, 0.174, 0.153, 0.292, 0.247, 0.263], "d0": "0", "d5": "0", "d11": "0.489", "eff": 0.98, "tick": "349742", "goal": "0", "here": "0", "t": 1789617859.36}
{"x": -0.471, "y": 11.646, "h": 132.2, "scan": [0.279, 0.857, 0.766, 0.665, 0.443, 0.539, 0.815, 0.628, 0.337, 0.265, 0.202, 0.167, 0.301, 0.227, 0.267, 0.224], "d0": "0", "d5": "0", "d11": "0.461", "eff": 0.97, "tick": "349783", "goal": "0", "here": "0", "t": 1789617859.77}
{"x": -0.459, "y": 11.632, "h": 148.6, "scan": [0.827, 0.75, 0.801, 0.55, 0.499, 0.777, 0.812, null, null, 0.235, 0.17, 0.303, 0.213, 0.257, 0.211, 0.251], "d0": "0", "d5": "0", "d11": "0.444", "eff": 0.97, "tick": "349830", "goal": "0", "here": "0", "t": 1789617860.23}
{"x": -0.443, "y": 11.598, "h": 158.2, "scan": [0.785, 0.73, 0.63, 0.443, 0.536, 0.834, 0.655, 0.355, 0.319, 0.197, 0.252, 0.237, 0.229, 0.197, 0.171, 0.288], "d0": "0", "d5": "0", "d11": "0.465", "eff": 0.97, "tick": "349871", "goal": "0", "here": "0", "t": 1789617860.65}
{"x": -0.436, "y": 11.566, "h": 173.1, "scan": [0.67, 0.748, 0.518, 0.461, 0.788, 0.811, 0.414, 0.339, 0.276, 0.252, 0.284, 0.248, 0.194, 0.152, 0.242, 0.786], "d0": "0", "d5": "0", "d11": "0.467", "eff": 0.97, "tick": "349916", "goal": "0", "here": "0", "t": 1789617861.09}
{"x": -0.435, "y": 11.526, "h": 182.6, "scan": [0.67, 0.693, 0.489, 0.465, 0.795, 0.722, 0.439, 0.369, 0.262, 0.357, 0.24, 0.24, 0.147, 0.21, 0.895, 0.735], "d0": "0", "d5": "0", "d11": "0.480", "eff": 0.97, "tick": "349960", "goal": "0", "here": "0", "t": 1789617861.53}
{"x": -0.437, "y": 11.488, "h": 183.7, "scan": [0.674, 0.527, 0.439, 0.463, 0.87, 0.714, 0.436, 0.387, 0.306, 0.4, null, 0.166, 0.163, 0.22, 0.846, 0.65], "d0": "0", "d5": "0", "d11": "0.517", "eff": 0.97, "tick": "350000", "goal": "0", "here": "0", "t": 1789617861.94}
{"x": -0.442, "y": 11.45, "h": 191.5, "scan": [0.654, 0.497, 0.399, 0.448, 0.88, 0.71, 0.466, 0.455, 0.356, 0.311, 0.284, 0.153, 0.187, 2.555, 0.701, 0.6], "d0": "0", "d5": "0", "d11": "0.530", "eff": 0.97, "tick": "350042", "goal": "0", "here": "0", "t": 1789617862.35}
{"x": -0.449, "y": 11.414, "h": 191.5, "scan": [0.607, 0.451, 0.404, 0.409, 0.872, 0.752, 0.489, 0.448, 0.373, 0.349, 0.206, 0.198, 0.217, 1.829, 0.674, 0.563], "d0": "0", "d5": "0", "d11": "0.537", "eff": 0.97, "tick": "350083", "goal": "0", "here": "0", "t": 1789617862.76}
{"x": -0.459, "y": 11.377, "h": 194.1, "scan": [0.578, 0.418, 0.409, 0.382, 0.84, 0.752, 0.523, 0.502, 0.435, 0.35, 0.204, 0.197, 0.321, 1.81, 0.668, 0.532], "d0": "0", "d5": "0", "d11": "0.548", "eff": 0.97, "tick": "350123", "goal": "0", "here": "0", "t": 1789617863.17}
{"x": -0.465, "y": 11.343, "h": 186.2, "scan": [0.542, 0.478, 0.382, 0.322, 0.78, 0.886, 0.55, 0.502, 0.427, 0.407, 0.225, 0.233, 0.281, 2.543, 0.653, 0.516], "d0": "0", "d5": "0", "d11": "0.546", "eff": 0.97, "tick": "350165", "goal": "0", "here": "0", "t": 1789617863.58}
{"x": -0.467, "y": 11.308, "h": 179.9, "scan": [0.503, 0.521, 0.378, 0.324, 0.4, 0.852, 0.749, 0.546, 0.471, 0.514, 0.248, 0.24, 0.35, 2.402, 0.606, 0.482], "d0": "0", "d5": "0", "d11": "0.554", "eff": 0.97, "tick": "350206", "goal": "0", "here": "0", "t": 1789617863.99}
{"x": -0.465, "y": 11.272, "h": 174.0, "scan": [0.437, 0.482, 0.334, 0.35, 0.311, 0.86, 0.8, 0.58, 0.552, 0.575, 0.266, 0.23, 0.331, 1.442, 0.6, 0.489], "d0": "0", "d5": "0", "d11": "0.573", "eff": 0.97, "tick": "350247", "goal": "0", "here": "0", "t": 1789617864.4}
{"x": -0.461, "y": 11.232, "h": 168.8, "scan": [0.4, 0.463, 0.426, 0.308, 0.334, 0.3, 0.949, 0.639, 0.624, 0.581, 0.3, 0.232, 0.328, 2.035, 0.733, 0.489], "d0": "0", "d5": "0", "d11": "0.565", "eff": 0.97, "tick": "350289", "goal": "0", "here": "0", "t": 1789617864.82}
{"x": -0.452, "y": 11.195, "h": 165.2, "scan": [0.375, 0.417, 0.436, 0.308, 0.333, 0.335, 0.9, 0.837, 0.632, 0.561, 0.358, 0.265, 0.318, 2.226, 0.731, 0.523], "d0": "0", "d5": "0", "d11": "0.580", "eff": 0.97, "tick": "350330", "goal": "0", "here": "0", "t": 1789617865.23}
{"x": -0.439, "y": 11.158, "h": 157.7, "scan": [0.35, 0.372, 0.399, 0.368, 0.315, 0.34, 0.356, 0.872, 0.689, 0.588, 0.521, 0.262, 0.298, 2.247, 2.345, 0.5], "d0": "0", "d5": "0", "d11": "0.599", "eff": 0.97, "tick": "350372", "goal": "0", "here": "0", "t": 1789617865.65}
{"x": -0.422, "y": 11.122, "h": 153.3, "scan": [0.354, 0.286, 0.385, 0.419, 0.301, 0.353, 0.36, 1.025, 0.733, 0.692, 0.569, 0.288, 0.322, 0.809, 1.33, 0.467], "d0": "0", "d5": "0", "d11": "0.596", "eff": 0.97, "tick": "350415", "goal": "0", "here": "0", "t": 1789617866.08}
{"x": -0.4, "y": 11.088, "h": 146.6, "scan": [0.356, 0.267, 0.31, 0.359, 0.346, 0.311, 0.385, 0.991, 0.889, 0.763, 0.723, 0.29, 0.308, 0.709, 1.932, 0.442], "d0": "0", "d5": "0", "d11": "0.597", "eff": 0.97, "tick": "350458", "goal": "0", "here": "0", "t": 1789617866.51}
{"x": -0.374, "y": 11.055, "h": 136.7, "scan": [0.359, 0.254, 0.244, 0.326, 0.414, 0.316, 0.373, 0.419, 0.977, 0.761, 0.702, 0.302, 0.327, 0.561, 2.173, 0.58], "d0": "0", "d5": "0", "d11": "0.614", "eff": 0.97, "tick": "350502", "goal": "0", "here": "0", "t": 1789617866.99}
{"x": -0.344, "y": 11.026, "h": 132.4, "scan": [null, 0.236, 0.213, 0.261, 0.367, 0.373, 0.361, 0.469, 1.12, 0.836, 0.716, 0.349, 0.313, 0.528, 2.15, 2.212], "d0": "0", "d5": "0", "d11": "0.611", "eff": 0.97, "tick": "350548", "goal": "0", "here": "0", "t": 1789617867.41}
{"x": -0.317, "y": 11.003, "h": 130.8, "scan": [0.355, 0.229, 0.19, 0.194, 0.316, 0.431, 0.357, 0.467, 1.133, 0.864, 0.718, 0.313, 0.333, 0.526, 2.126, 2.177], "d0": "0", "d5": "0", "d11": "0.622", "eff": 0.96, "tick": "350591", "goal": "0", "here": "0", "t": 1789617867.84}
{"x": -0.286, "y": 10.979, "h": 123.3, "scan": [0.304, 0.237, 0.161, 0.174, 0.26, 0.384, 0.393, 0.487, 1.09, 0.926, 0.76, 0.317, 0.339, 0.497, 1.476, 1.198], "d0": "0", "d5": "0", "d11": "0.665", "eff": 0.94, "tick": "350637", "goal": "0", "here": "0", "t": 1789617868.3}
{"x": -0.251, "y": 10.96, "h": 117.7, "scan": [0.253, 0.258, 0.173, 0.136, 0.186, 0.325, 0.443, 0.425, 0.545, 1.12, 0.901, 0.329, 0.324, 0.467, 0.976, 2.063], "d0": "0", "d5": "0", "d11": "0.643", "eff": 0.94, "tick": "350679", "goal": "0", "here": "0", "t": 1789617868.73}
{"x": -0.213, "y": 10.943, "h": 110.5, "scan": [0.431, 0.236, 0.187, 0.154, 0.154, 0.201, 0.438, 0.447, 0.576, 1.186, 0.906, 0.456, 0.314, 0.46, 0.642, null], "d0": "0", "d5": "0", "d11": "0.651", "eff": 0.94, "tick": "350724", "goal": "0", "here": "0", "t": 1789617869.17}
{"x": -0.198, "y": 10.936, "h": 121.9, "scan": [0.236, 0.207, 0.176, 0.154, 0.157, 0.316, 0.501, 0.51, 0.643, 1.009, null, 0.326, 0.426, 0.471, 1.362, 1.142], "d0": "0", "d5": "0", "d11": "0.672", "eff": 0.94, "tick": "350767", "goal": "0", "here": "0", "t": 1789617869.6}
{"x": -0.196, "y": 10.935, "h": 142.9, "scan": [0.212, 0.164, 0.162, 0.146, 0.334, 0.484, 0.524, 1.215, 0.972, 0.793, 0.332, 0.432, 0.515, 2.04, 1.101, 0.211], "d0": "0", "d5": "0", "d11": "0.662", "eff": 0.95, "tick": "350811", "goal": "0", "here": "0", "t": 1789617870.05}
{"x": -0.197, "y": 10.936, "h": 175.1, "scan": [0.143, 0.161, 0.168, 0.411, 0.451, 0.604, 1.212, 0.924, 0.35, 0.346, 0.458, 0.629, 2.011, 0.431, 0.226, 0.173], "d0": "0", "d5": "0", "d11": "0.661", "eff": 0.92, "tick": "350859", "goal": "0", "here": "0", "t": 1789617870.52}
{"x": -0.196, "y": 10.938, "h": 202.2, "scan": [0.126, 0.216, 0.473, 0.453, 0.608, 1.166, 0.944, 0.35, 0.35, 0.442, 0.931, 2.042, 0.238, 0.217, 0.184, 0.147], "d0": "0", "d5": "0", "d11": "0.686", "eff": 0.92, "tick": "350903", "goal": "0", "here": "0", "t": 1789617870.96}
{"x": -0.195, "y": 10.938, "h": 230.1, "scan": [0.236, 0.515, 0.469, 0.596, 1.146, 0.891, 0.341, 0.389, 0.463, 0.981, 2.003, 0.217, 0.206, 0.171, 0.157, 0.154], "d0": "0", "d5": "0", "d11": "0.673", "eff": 0.91, "tick": "350941", "goal": "0", "here": "0", "t": 1789617871.38}
{"x": -0.194, "y": 10.939, "h": 261.5, "scan": [0.467, 0.574, 1.246, 0.958, 0.821, 0.326, 0.427, 0.585, 2.01, 2.033, 0.219, 0.228, 0.148, 0.164, 0.179, 0.375], "d0": "0", "d5": "0", "d11": "0.654", "eff": 0.94, "tick": "350991", "goal": "0", "here": "0", "t": 1789617871.85}
{"x": -0.227, "y": 10.939, "h": 271.3, "scan": [0.453, 0.581, 1.134, 0.891, 0.317, 0.371, 0.475, 1.046, 1.792, 0.261, 0.242, 0.192, 0.134, 0.122, 0.304, 0.466], "d0": "0", "d5": "0", "d11": "0.636", "eff": 0.94, "tick": "351032", "goal": "0", "here": "0", "t": 1789617872.26}
{"x": -0.267, "y": 10.946, "h": 284.5, "scan": [0.47, 1.15, 0.945, 0.775, 0.364, 0.393, 0.52, 2.055, 2.135, 0.265, 0.184, 0.146, 0.148, 0.182, 0.362, 0.416], "d0": "0", "d5": "0", "d11": "0.626", "eff": 0.94, "tick": "351073", "goal": "0", "here": "0", "t": 1789617872.7}
{"x": -0.307, "y": 10.958, "h": 289.1, "scan": [0.492, 1.209, 0.898, 0.781, 0.346, 0.433, 0.618, 2.108, 0.514, 0.291, null, 0.156, 0.169, 0.292, 0.395, 0.369], "d0": "0", "d5": "0", "d11": "0.606", "eff": 0.94, "tick": "351121", "goal": "0", "here": "0", "t": 1789617873.14}
{"x": -0.343, "y": 10.972, "h": 293.0, "scan": [0.463, 1.073, 0.855, 0.763, 0.343, 0.451, 0.678, 2.1, 0.346, 0.276, 0.209, 0.179, 0.217, 0.311, 0.384, 0.354], "d0": "0", "d5": "0", "d11": "0.586", "eff": 0.94, "tick": "351163", "goal": "0", "here": "0", "t": 1789617873.56}
{"x": -0.38, "y": 10.988, "h": 292.2, "scan": [0.441, 1.037, 0.855, 0.749, 0.32, 0.377, 0.679, 2.139, 0.369, 0.283, 0.193, 0.175, 0.258, 0.312, 0.337, 0.326], "d0": "0", "d5": "0", "d11": "0.566", "eff": 0.94, "tick": "351207", "goal": "0", "here": "0", "t": 1789617874.0}
{"x": -0.418, "y": 11.004, "h": 294.3, "scan": [0.39, 1.109, 0.821, 0.727, 0.434, 0.386, 0.607, 2.148, 0.432, 0.306, 0.19, 0.22, 0.272, 0.307, 0.284, 0.283], "d0": "0", "d5": "0", "d11": "0.565", "eff": 0.94, "tick": "351250", "goal": "0", "here": "0", "t": 1789617874.44}
{"x": -0.454, "y": 11.018, "h": 290.6, "scan": [0.365, 1.002, 0.829, 0.774, 0.664, 0.357, 0.586, 2.256, 0.654, 0.349, 0.239, 0.227, 0.273, 0.304, 0.267, 0.256], "d0": "0", "d5": "0", "d11": "0.578", "eff": 0.94, "tick": "351291", "goal": "0", "here": "0", "t": 1789617874.85}
{"x": -0.492, "y": 11.03, "h": 285.4, "scan": [0.306, 0.338, 0.867, 0.795, 0.764, 0.379, 0.56, 2.291, 0.723, 0.383, 0.251, 0.258, 0.271, 0.306, 0.217, 0.228], "d0": "0", "d5": "0", "d11": "0.555", "eff": 0.94, "tick": "351334", "goal": "0", "here": "0", "t": 1789617875.28}
{"x": -0.516, "y": 11.037, "h": 292.1, "scan": [0.31, 0.987, 0.759, 0.736, 0.643, 0.376, 0.643, 2.266, 0.52, 0.297, 0.247, 0.285, 0.276, 0.269, 0.189, 0.235], "d0": "0", "d5": "0", "d11": "0.583", "eff": 0.93, "tick": "351376", "goal": "0", "here": "0", "t": 1789617875.7}
{"x": -0.548, "y": 11.057, "h": 304.7, "scan": [0.289, 0.885, 0.728, 0.708, 0.438, 0.422, 0.93, 1.424, 0.435, 0.292, null, 0.312, 0.306, 0.187, 0.194, 0.26], "d0": "0", "d5": "0", "d11": "0.583", "eff": 0.93, "tick": "351420", "goal": "0", "here": "0", "t": 1789617876.14}
{"x": -0.579, "y": 11.085, "h": 314.8, "scan": [0.287, 0.766, 0.751, 0.753, 0.451, 0.607, 2.333, 0.578, 0.358, 0.33, 0.311, 0.335, 0.199, 0.17, 0.202, 0.235], "d0": "0", "d5": "0", "d11": "0.586", "eff": 0.93, "tick": "351461", "goal": "0", "here": "0", "t": 1789617876.6}
{"x": -0.602, "y": 11.112, "h": 328.0, "scan": [0.824, 0.693, 0.658, 0.603, 0.373, 0.847, 1.522, 0.572, 0.358, 0.359, 0.337, 0.179, 0.163, 0.176, 0.2, 0.23], "d0": "0", "d5": "0", "d11": "0.585", "eff": 0.94, "tick": "351511", "goal": "0", "here": "0", "t": 1789617877.04}
{"x": -0.613, "y": 11.138, "h": 342.6, "scan": [0.665, 0.669, 0.642, 0.424, 0.668, 2.401, 0.599, 0.384, 0.385, 0.369, 0.201, 0.172, 0.171, 0.193, 0.194, 0.813], "d0": "0", "d5": "0", "d11": "0.586", "eff": 0.94, "tick": "351555", "goal": "0", "here": "0", "t": 1789617877.48}
{"x": -0.619, "y": 11.177, "h": 356.2, "scan": [0.623, 0.6, 0.583, 0.409, 0.894, 2.465, 0.588, 0.388, 0.391, 0.372, 0.19, 0.167, null, 0.169, null, 0.736], "d0": "0", "d5": "0", "d11": "0.577", "eff": 0.94, "tick": "351598", "goal": "0", "here": "0", "t": 1789617877.92}
{"x": -0.621, "y": 11.215, "h": 359.3, "scan": [0.605, 0.59, 0.561, 0.38, 2.393, 2.515, 0.545, 0.424, 0.427, 0.236, 0.202, 0.204, 0.162, 0.175, 0.816, 0.622], "d0": "0", "d5": "0", "d11": "0.564", "eff": 0.94, "tick": "351640", "goal": "0", "here": "0", "t": 1789617878.33}
{"x": -0.62, "y": 11.253, "h": 3.5, "scan": [0.596, 0.61, 0.474, 0.374, 2.354, 0.885, 0.566, 0.461, 0.438, 0.254, 0.222, 0.165, 0.158, 0.781, 0.717, 0.577], "d0": "0", "d5": "0", "d11": "0.576", "eff": 0.94, "tick": "351681", "goal": "0", "here": "0", "t": 1789617878.74}
{"x": -0.615, "y": 11.291, "h": 10.5, "scan": [0.553, 0.632, 0.383, 0.351, 2.43, 0.882, 0.551, 0.486, 0.468, 0.278, 0.236, 0.155, 0.293, 0.716, 0.684, 0.55], "d0": "0", "d5": "0", "d11": "0.573", "eff": 0.94, "tick": "351721", "goal": "0", "here": "0", "t": 1789617879.15}
{"x": -0.61, "y": 11.329, "h": 6.4, "scan": [0.535, 0.521, 0.48, 0.333, 0.71, 2.632, 0.658, 0.522, 0.513, 0.295, 0.263, 0.185, 0.319, 0.686, 0.672, 0.49], "d0": "0", "d5": "0", "d11": "0.534", "eff": 0.94, "tick": "351763", "goal": "0", "here": "0", "t": 1789617879.57}
{"x": -0.609, "y": 11.369, "h": 2.6, "scan": [0.464, 0.427, 0.462, 0.334, 0.337, 1.597, 0.735, 0.561, 0.572, 0.355, 0.277, 0.19, 0.309, 0.758, 0.648, 0.483], "d0": "0", "d5": "0", "d11": "0.511", "eff": 0.94, "tick": "351807", "goal": "0", "here": "0", "t": 1789617880.01}
{"x": -0.613, "y": 11.414, "h": 351.5, "scan": [0.394, 0.429, 0.525, 0.449, 0.34, 2.43, 0.929, 0.652, 0.616, 0.415, 0.32, 0.19, 0.295, 0.75, 0.641, 0.465], "d0": "0", "d5": "0", "d11": "0.495", "eff": 0.94, "tick": "351855", "goal": "0", "here": "0", "t": 1789617880.48}
{"x": -0.619, "y": 11.452, "h": 346.6, "scan": [0.376, 0.443, 0.392, 0.413, 0.318, 0.36, 2.158, 0.757, 0.641, 0.6, 0.337, 0.2, 0.336, 0.663, 0.743, 0.502], "d0": "0", "d5": "0", "d11": "0.491", "eff": 0.94, "tick": "351895", "goal": "0", "here": "0", "t": 1789617880.89}
{"x": -0.63, "y": 11.489, "h": 340.6, "scan": [0.36, 0.381, 0.34, 0.488, 0.423, 0.334, 1.615, 0.828, 0.658, 0.657, 0.392, 0.232, 0.292, 0.623, 0.688, 0.549], "d0": "0", "d5": "0", "d11": "0.487", "eff": 0.94, "tick": "351934", "goal": "0", "here": "0", "t": 1789617881.3}
{"x": -0.645, "y": 11.524, "h": 336.6, "scan": [0.34, 0.315, 0.352, 0.361, 0.389, 0.33, 0.398, 1.013, 0.699, 0.713, 0.422, 0.246, 0.31, 0.605, 0.627, 0.526], "d0": "0", "d5": "0", "d11": "0.487", "eff": 0.94, "tick": "351978", "goal": "0", "here": "0", "t": 1789617881.71}
{"x": -0.664, "y": 11.557, "h": 329.2, "scan": [0.318, 0.285, 0.35, 0.327, 0.447, 0.423, 0.382, 2.04, 0.813, 0.738, 0.452, 0.286, 0.298, 0.601, 0.591, 0.489], "d0": "0", "d5": "0", "d11": "0.481", "eff": 0.94, "tick": "352019", "goal": "0", "here": "0", "t": 1789617882.12}
{"x": -0.688, "y": 11.591, "h": 318.9, "scan": [0.334, 0.264, 0.254, 0.319, 0.321, 0.43, 0.377, 2.726, 0.941, 0.753, 0.502, 0.294, 0.31, 0.639, 0.629, 0.475], "d0": "0", "d5": "0", "d11": "0.480", "eff": 0.94, "tick": "352063", "goal": "0", "here": "0", "t": 1789617882.56}
{"x": -0.713, "y": 11.62, "h": 316.1, "scan": [0.398, 0.233, 0.225, 0.298, 0.308, 0.46, 0.465, 0.448, 0.983, 0.797, 0.603, 0.311, 0.312, 0.646, 0.629, 0.6], "d0": "0", "d5": "0", "d11": "0.485", "eff": 0.94, "tick": "352104", "goal": "0", "here": "0", "t": 1789617882.97}
{"x": -0.736, "y": 11.642, "h": 317.5, "scan": [0.339, 0.205, 0.185, 0.287, 0.288, 0.447, 0.486, 0.514, 1.004, 0.815, 0.546, 0.311, 0.34, 0.588, 0.549, 0.431], "d0": "0", "d5": "0", "d11": "0.477", "eff": 0.89, "tick": "352151", "goal": "0", "here": "0", "t": 1789617883.44}
{"x": -0.735, "y": 11.64, "h": 346.4, "scan": [0.216, 0.216, 0.312, 0.297, 0.456, 0.422, 2.191, 0.897, 0.826, 0.295, 0.32, 0.553, 0.546, 0.53, 0.405, 0.233], "d0": "0", "d5": "0", "d11": "0.486", "eff": 0.9, "tick": "352198", "goal": "0", "here": "0", "t": 1789617883.92}
{"x": -0.735, "y": 11.639, "h": 15.9, "scan": [0.241, 0.297, 0.481, 0.498, 0.445, 1.151, 0.833, 0.766, 0.32, 0.316, 0.583, 0.567, 0.565, 0.386, 0.216, 0.211], "d0": "0", "d5": "0", "d11": "0.479", "eff": 0.91, "tick": "352242", "goal": "0", "here": "0", "t": 1789617884.36}
{"x": -0.733, "y": 11.643, "h": 40.1, "scan": [0.296, 0.474, 0.475, 0.45, 1.148, 0.819, 0.773, 0.327, 0.331, 0.612, 0.579, 0.554, 0.379, 0.231, 0.204, 0.261], "d0": "0", "d5": "0", "d11": "0.483", "eff": 0.91, "tick": "352286", "goal": "0", "here": "0", "t": 1789617884.8}
{"x": -0.708, "y": 11.665, "h": 52.1, "scan": [0.268, 0.422, 0.44, 0.504, 0.983, 0.835, 0.549, 0.332, 0.571, 0.54, 0.539, 0.394, 0.239, 0.194, 0.206, 0.274], "d0": "0", "d5": "0", "d11": "0.488", "eff": 0.91, "tick": "352327", "goal": "0", "here": "0", "t": 1789617885.21}
{"x": -0.675, "y": 11.687, "h": 59.0, "scan": [0.242, 0.407, 0.395, 2.09, 0.941, 0.842, 0.511, 0.369, 0.623, 0.64, 0.608, 0.353, 0.2, 0.158, 0.218, 0.257], "d0": "0", "d5": "0", "d11": "0.475", "eff": 0.91, "tick": "352370", "goal": "0", "here": "0", "t": 1789617885.64}
{"x": -0.647, "y": 11.699, "h": 75.3, "scan": [0.392, 0.417, 0.397, null, 0.851, 0.67, 0.407, 0.547, 0.614, 0.57, 0.424, 0.211, 0.173, 0.184, 0.234, 0.201], "d0": "0", "d5": "0", "d11": "0.470", "eff": 0.89, "tick": "352413", "goal": "0", "here": "0", "t": 1789617886.06}
{"x": -0.637, "y": 11.699, "h": 97.2, "scan": [0.389, 0.369, 0.964, 0.827, 0.675, 0.395, 0.467, 0.634, 0.588, 0.421, 0.193, 0.154, 0.198, 0.216, 0.214, 0.355], "d0": "0", "d5": "0", "d11": "0.453", "eff": 0.93, "tick": "352457", "goal": "0", "here": "0", "t": 1789617886.51}
{"x": -0.601, "y": 11.693, "h": 104.9, "scan": [0.343, 0.409, 0.963, 0.826, 0.606, 0.426, 0.67, 0.695, 0.67, 0.247, 0.193, 0.194, 0.219, null, 0.359, 0.308], "d0": "0", "d5": "0", "d11": "0.463", "eff": 0.93, "tick": "352498", "goal": "0", "here": "0", "t": 1789617886.91}
{"x": -0.562, "y": 11.682, "h": 107.9, "scan": [0.318, 0.408, 0.925, 0.849, 0.596, 0.43, 0.679, 0.724, 0.531, 0.252, 0.192, 0.222, 0.189, 0.182, 0.35, 0.301], "d0": "0", "d5": "0", "d11": "0.465", "eff": 0.93, "tick": "352536", "goal": "0", "here": "0", "t": 1789617887.35}
{"x": -0.525, "y": 11.669, "h": 112.7, "scan": [0.263, 0.386, 0.873, 0.824, 0.587, 0.431, 0.737, 0.773, 0.558, 0.279, 0.231, 0.225, 0.204, 0.223, 0.273, 0.313], "d0": "0", "d5": "0", "d11": "0.451", "eff": 0.94, "tick": "352582", "goal": "0", "here": "0", "t": 1789617887.76}
{"x": -0.491, "y": 11.654, "h": 117.1, "scan": [0.225, 0.349, 0.834, 0.806, 0.592, 0.462, 0.835, 0.767, 0.543, 0.249, 0.246, 0.219, 0.173, 0.301, 0.229, 0.263], "d0": "0", "d5": "0", "d11": "0.468", "eff": 0.94, "tick": "352623", "goal": "0", "here": "0", "t": 1789617888.17}
{"x": -0.475, "y": 11.643, "h": 130.5, "scan": [0.297, 0.878, 0.773, 0.758, 0.457, 0.525, 0.799, 0.63, 0.322, 0.282, 0.206, 0.163, 0.282, 0.224, 0.26, 0.212], "d0": "0", "d5": "0", "d11": "0.449", "eff": 0.92, "tick": "352664", "goal": "0", "here": "0", "t": 1789617888.58}
{"x": -0.471, "y": 11.639, "h": 151.4, "scan": [0.865, 0.777, 0.683, 0.431, 0.522, 0.801, 0.641, 0.324, 0.284, 0.21, 0.172, 0.276, 0.234, 0.26, 0.202, 0.291], "d0": "0", "d5": "0", "d11": "0.459", "eff": 0.94, "tick": "352706", "goal": "0", "here": "0", "t": 1789617888.99}
{"x": -0.455, "y": 11.603, "h": 158.8, "scan": [0.788, 0.754, 0.58, 0.398, 0.752, 0.83, 0.622, 0.329, 0.318, 0.195, 0.248, 0.273, 0.242, 0.21, 0.179, 0.31], "d0": "0", "d5": "0", "d11": "0.454", "eff": 0.94, "tick": "352750", "goal": "0", "here": "0", "t": 1789617889.43}
{"x": -0.445, "y": 11.566, "h": 168.1, "scan": [0.704, 0.745, 0.543, 0.424, 0.852, 0.776, 0.573, 0.334, 0.318, 0.239, 0.346, 0.238, 0.22, 0.179, 0.237, 0.772], "d0": "0", "d5": "0", "d11": "0.476", "eff": 0.94, "tick": "352790", "goal": "0", "here": "0", "t": 1789617889.84}
{"x": -0.439, "y": 11.529, "h": 173.8, "scan": [0.653, 0.714, 0.488, 0.435, 0.802, 0.819, null, 0.373, 0.3, 0.289, 0.257, 0.267, 0.158, 0.2, 0.259, 0.785], "d0": "0", "d5": "0", "d11": "0.497", "eff": 0.94, "tick": "352831", "goal": "0", "here": "0", "t": 1789617890.25}
{"x": -0.438, "y": 11.488, "h": 180.9, "scan": [0.649, 0.693, 0.478, 0.427, 0.786, 0.875, 0.473, 0.424, 0.319, 0.39, 0.267, 0.191, 0.156, 0.196, 0.867, 0.692], "d0": "0", "d5": "0", "d11": "0.507", "eff": 0.94, "tick": "352876", "goal": "0", "here": "0", "t": 1789617890.69}
{"x": -0.44, "y": 11.447, "h": 185.2, "scan": [0.65, 0.514, 0.423, 0.424, 0.784, 0.787, 0.497, 0.441, 0.327, 0.431, 0.309, 0.161, 0.184, 1.46, 0.848, 0.619], "d0": "0", "d5": "0", "d11": "0.565", "eff": 0.94, "tick": "352919", "goal": "0", "here": "0", "t": 1789617891.13}
{"x": -0.445, "y": 11.41, "h": 187.8, "scan": [0.606, 0.494, 0.409, 0.375, 0.775, 0.85, 0.507, 0.475, 0.374, 0.363, 0.298, 0.168, 0.212, 2.518, 0.662, 0.578], "d0": "0", "d5": "0", "d11": "0.593", "eff": 0.94, "tick": "352957", "goal": "0", "here": "0", "t": 1789617891.54}
{"x": -0.45, "y": 11.367, "h": 188.6, "scan": [0.577, 0.446, 0.401, 0.316, 0.771, 0.863, 0.529, 0.519, 0.412, 0.371, 0.192, 0.219, 0.199, 2.543, 0.67, 0.505], "d0": "0", "d5": "0", "d11": "0.645", "eff": 0.94, "tick": "353004", "goal": "0", "here": "0", "t": 1789617892.0}
{"x": -0.455, "y": 11.327, "h": 184.9, "scan": [0.549, 0.514, 0.37, 0.347, 0.798, 0.865, 0.594, 0.508, 0.441, 0.417, 0.212, 0.215, 0.858, 2.534, 0.618, 0.476], "d0": "0", "d5": "0", "d11": "0.678", "eff": 0.93, "tick": "353051", "goal": "0", "here": "0", "t": 1789617892.45}
{"x": -0.458, "y": 11.294, "h": 181.2, "scan": [0.474, 0.509, 0.362, 0.351, 0.302, 0.885, 0.759, 0.553, 0.474, 0.54, 0.23, 0.249, 0.542, 1.395, 0.6, 0.49], "d0": "0", "d5": "0", "d11": "0.721", "eff": 0.93, "tick": "353094", "goal": "0", "here": "0", "t": 1789617892.87}
{"x": -0.455, "y": 11.257, "h": 174.3, "scan": [0.428, 0.488, 0.349, 0.357, 0.304, 0.805, 0.85, 0.621, 0.586, 0.577, 0.273, 0.246, 0.32, 1.678, 0.732, 0.498], "d0": "0", "d5": "0", "d11": "0.768", "eff": 0.93, "tick": "353135", "goal": "0", "here": "0", "t": 1789617893.29}
{"x": -0.447, "y": 11.215, "h": 165.8, "scan": [0.384, 0.456, 0.491, 0.336, 0.335, 0.335, 0.901, 0.716, 0.614, 0.564, 0.281, 0.249, 0.32, 2.254, 0.713, 0.499], "d0": "0", "d5": "0", "d11": "0.785", "eff": 0.93, "tick": "353181", "goal": "0", "here": "0", "t": 1789617893.74}
{"x": -0.435, "y": 11.176, "h": 159.9, "scan": [0.344, 0.395, 0.434, 0.315, 0.329, 0.328, 0.944, 0.872, 0.644, 0.561, 0.489, 0.275, 0.324, 2.2, 2.44, 0.509], "d0": "0", "d5": "0", "d11": "0.805", "eff": 0.93, "tick": "353225", "goal": "0", "here": "0", "t": 1789617894.19}
{"x": -0.418, "y": 11.136, "h": 152.6, "scan": [0.337, 0.313, 0.389, 0.432, 0.308, 0.344, 0.355, 0.948, 0.718, 0.617, 0.545, 0.272, 0.327, 2.204, 2.271, 0.492], "d0": "0", "d5": "0", "d11": "0.810", "eff": 0.93, "tick": "353271", "goal": "0", "here": "0", "t": 1789617894.64}
{"x": -0.399, "y": 11.103, "h": 150.7, "scan": [0.351, 0.279, 0.335, 0.387, 0.334, 0.346, 0.393, 0.966, 0.787, 0.743, 0.606, 0.264, 0.332, 0.767, 1.544, 0.449], "d0": "0", "d5": "0", "d11": "0.805", "eff": 0.93, "tick": "353312", "goal": "0", "here": "0", "t": 1789617895.06}
{"x": -0.375, "y": 11.07, "h": 138.2, "scan": [0.348, 0.262, 0.276, 0.371, 0.412, 0.3, 0.402, 0.425, 0.952, 0.778, 0.715, 0.268, 0.324, 0.641, 2.209, 0.467], "d0": "0", "d5": "0", "d11": "0.807", "eff": 0.93, "tick": "353356", "goal": "0", "here": "0", "t": 1789617895.49}
{"x": -0.35, "y": 11.04, "h": 136.5, "scan": [0.376, 0.237, 0.232, 0.293, 0.366, 0.352, 0.376, 0.418, 1.008, 0.784, 0.707, 0.286, 0.299, 0.533, 2.102, 0.572], "d0": "0", "d5": "0", "d11": "0.786", "eff": 0.93, "tick": "353397", "goal": "0", "here": "0", "t": 1789617895.91}
{"x": -0.321, "y": 11.014, "h": 130.6, "scan": [0.357, 0.263, 0.212, 0.228, 0.336, 0.4, 0.371, 0.465, 1.169, 0.844, 0.721, 0.284, 0.315, 0.503, 2.144, 2.165], "d0": "0", "d5": "0", "d11": "0.784", "eff": 0.93, "tick": "353435", "goal": "0", "here": "0", "t": 1789617896.32}
{"x": -0.29, "y": 10.991, "h": 124.0, "scan": [0.322, 0.256, 0.195, 0.181, 0.272, 0.39, 0.378, 0.488, 1.107, 0.929, 0.776, 0.307, 0.309, 0.484, 1.183, 1.222], "d0": "0", "d5": "0", "d11": "0.790", "eff": 0.93, "tick": "353479", "goal": "0", "here": "0", "t": 1789617896.73}
{"x": -0.255, "y": 10.971, "h": 117.4, "scan": [0.286, 0.277, 0.189, 0.169, 0.191, 0.351, 0.448, 0.429, 0.532, 1.104, 0.892, 0.414, 0.318, 0.463, 0.699, 2.088], "d0": "0", "d5": "0", "d11": "0.783", "eff": 0.93, "tick": "353523", "goal": "0", "here": "0", "t": 1789617897.16}
{"x": -0.217, "y": 10.954, "h": 114.2, "scan": [0.442, 0.266, 0.194, 0.145, 0.137, 0.23, 0.442, 0.443, 0.565, 1.148, 0.908, 0.447, 0.338, 0.43, 0.635, 1.975], "d0": "0", "d5": "0", "d11": "0.783", "eff": 0.93, "tick": "353564", "goal": "0", "here": "0", "t": 1789617897.62}
{"x": -0.186, "y": 10.944, "h": 108.8, "scan": [0.412, 0.213, 0.187, 0.138, 0.166, 0.19, 0.433, 0.477, 0.595, 1.163, 0.925, 0.345, 0.329, 0.453, 0.634, 1.945], "d0": "0", "d5": "0", "d11": "0.765", "eff": 0.94, "tick": "353612", "goal": "0", "here": "0", "t": 1789617898.06}
{"x": -0.17, "y": 10.936, "h": 119.1, "scan": [0.202, 0.214, 0.146, 0.152, 0.143, 0.257, 0.51, 0.526, 0.632, 1.005, 0.813, 0.305, 0.409, 0.468, 1.106, 1.376], "d0": "0", "d5": "0", "d11": "0.764", "eff": 0.88, "tick": "353654", "goal": "0", "here": "0", "t": 1789617898.47}
{"x": -0.17, "y": 10.937, "h": 145.8, "scan": [0.209, 0.17, 0.141, 0.174, 0.367, 0.478, 0.584, 1.225, 0.963, 0.503, 0.314, 0.428, 0.551, 2.016, 2.03, 0.205], "d0": "0", "d5": "0", "d11": "0.757", "eff": 0.9, "tick": "353698", "goal": "0", "here": "0", "t": 1789617898.91}
{"x": -0.171, "y": 10.938, "h": 174.6, "scan": [0.146, 0.164, 0.176, 0.429, 0.475, 0.619, 1.183, 0.942, 0.343, 0.336, 0.443, 0.614, 1.971, 0.405, 0.21, 0.208], "d0": "0", "d5": "0", "d11": "0.732", "eff": 0.91, "tick": "353742", "goal": "0", "here": "0", "t": 1789617899.36}
{"x": -0.171, "y": 10.94, "h": 202.3, "scan": [0.14, 0.187, 0.449, 0.475, 0.611, 1.167, 0.952, 0.338, 0.342, 0.44, 0.647, 1.934, 0.41, 0.214, 0.207, 0.156], "d0": "0", "d5": "0", "d11": "0.742", "eff": 0.94, "tick": "353780", "goal": "0", "here": "0", "t": 1789617899.78}
{"x": -0.17, "y": 10.941, "h": 234.3, "scan": [0.327, 0.518, 0.552, 1.217, 0.966, 0.789, 0.289, 0.418, 0.471, null, 1.137, null, 0.235, 0.175, 0.159, 0.18], "d0": "0", "d5": "0", "d11": "0.764", "eff": 0.93, "tick": "353831", "goal": "0", "here": "0", "t": 1789617900.25}
{"x": -0.169, "y": 10.941, "h": 260.5, "scan": [0.473, 0.599, 1.238, 0.968, 0.483, 0.304, 0.422, 0.569, 2.007, 2.046, 0.192, 0.221, 0.175, 0.149, 0.158, 0.383], "d0": "0", "d5": "0", "d11": "0.754", "eff": 0.94, "tick": "353872", "goal": "0", "here": "0", "t": 1789617900.66}
{"x": -0.189, "y": 10.943, "h": 278.6, "scan": [0.506, 0.628, 1.019, 0.789, 0.323, 0.414, 0.468, 1.118, 1.371, 0.222, 0.221, 0.168, 0.158, 0.141, 0.308, 0.517], "d0": "0", "d5": "0", "d11": "0.765", "eff": 0.94, "tick": "353910", "goal": "0", "here": "0", "t": 1789617901.07}
{"x": -0.23, "y": 10.951, "h": 283.3, "scan": [0.522, 1.192, 0.938, 0.801, 0.333, 0.412, 0.527, 2.057, 2.087, 0.264, 0.213, 0.179, 0.146, 0.197, 0.388, 0.429], "d0": "0", "d5": "0", "d11": "0.799", "eff": 0.92, "tick": "353958", "goal": "0", "here": "0", "t": 1789617901.51}
{"x": -0.268, "y": 10.962, "h": 288.2, "scan": [0.528, 1.181, 0.895, 0.8, 0.335, 0.452, 0.613, 2.066, 0.485, 0.3, 0.185, 0.149, 0.155, 0.271, 0.454, 0.391], "d0": "0", "d5": "0", "d11": "0.797", "eff": 0.92, "tick": "354000", "goal": "0", "here": "0", "t": 1789617901.96}
{"x": -0.304, "y": 10.978, "h": 292.0, "scan": [0.485, 1.069, 0.857, 0.781, 0.33, 0.465, 0.69, 2.095, 0.331, 0.3, 0.194, 0.173, 0.199, 0.348, 0.402, 0.372], "d0": "0", "d5": "0", "d11": "0.807", "eff": 0.92, "tick": "354042", "goal": "0", "here": "0", "t": 1789617902.36}
{"x": -0.341, "y": 10.995, "h": 296.6, "scan": [0.452, 1.024, 0.832, 0.778, 0.325, 0.434, 0.679, 2.147, 0.371, 0.295, 0.22, 0.2, 0.234, 0.339, 0.375, 0.359], "d0": "0", "d5": "0", "d11": "0.824", "eff": 0.92, "tick": "354087", "goal": "0", "here": "0", "t": 1789617902.8}
{"x": -0.376, "y": 11.01, "h": 293.7, "scan": [0.434, 1.025, 0.841, 0.716, 0.387, 0.348, 0.589, 2.115, 0.579, 0.332, 0.186, 0.209, 0.277, 0.336, 0.328, 0.335], "d0": "0", "d5": "0", "d11": "0.802", "eff": 0.92, "tick": "354127", "goal": "0", "here": "0", "t": 1789617903.21}
{"x": -0.414, "y": 11.024, "h": 288.9, "scan": [0.396, 1.086, 0.8, 0.733, 0.44, 0.331, 0.568, 2.226, 0.644, 0.37, 0.238, 0.21, 0.283, 0.345, 0.303, 0.306], "d0": "0", "d5": "0", "d11": "0.783", "eff": 0.92, "tick": "354171", "goal": "0", "here": "0", "t": 1789617903.65}
{"x": -0.457, "y": 11.037, "h": 282.5, "scan": [0.342, 0.38, 0.877, 0.777, 0.772, 0.327, 0.544, 1.63, 2.292, 0.464, 0.26, 0.255, 0.283, 0.315, 0.279, 0.26], "d0": "0", "d5": "0", "d11": "0.761", "eff": 0.92, "tick": "354215", "goal": "0", "here": "0", "t": 1789617904.12}
{"x": -0.496, "y": 11.046, "h": 282.1, "scan": [0.297, 0.323, 0.911, 0.749, 0.731, 0.432, 0.412, 0.869, 1.413, 0.471, 0.278, 0.259, 0.291, 0.302, 0.237, 0.233], "d0": "0", "d5": "0", "d11": "0.733", "eff": 0.92, "tick": "354262", "goal": "0", "here": "0", "t": 1789617904.55}
{"x": -0.519, "y": 11.051, "h": 295.5, "scan": [null, 0.958, 0.765, 0.711, 0.621, 0.35, 0.648, 2.283, 0.529, 0.309, 0.264, 0.271, 0.301, 0.251, 0.188, 0.253], "d0": "0", "d5": "0", "d11": "0.731", "eff": 0.88, "tick": "354308", "goal": "0", "here": "0", "t": 1789617905.02}
{"x": -0.551, "y": 11.068, "h": 303.5, "scan": [0.283, 0.866, null, 0.681, 0.485, 0.394, 0.802, 1.848, 0.542, 0.307, 0.303, 0.306, 0.324, 0.176, 0.191, 0.241], "d0": "0", "d5": "0", "d11": "0.737", "eff": 0.88, "tick": "354349", "goal": "0", "here": "0", "t": 1789617905.42}
{"x": -0.581, "y": 11.091, "h": 312.3, "scan": [0.254, 0.778, 0.716, 0.75, 0.441, 0.452, 2.381, 0.785, 0.408, 0.324, 0.323, 0.318, 0.165, 0.177, 0.203, 0.234], "d0": "0", "d5": "0", "d11": "0.725", "eff": 0.88, "tick": "354390", "goal": "0", "here": "0", "t": 1789617905.83}
{"x": -0.595, "y": 11.107, "h": 331.8, "scan": [0.818, 0.688, 0.647, 0.456, 0.393, 0.951, 2.432, 0.48, 0.342, 0.324, 0.319, 0.193, 0.182, 0.19, 0.198, 0.228], "d0": "0", "d5": "0", "d11": "0.718", "eff": 0.88, "tick": "354434", "goal": "0", "here": "0", "t": 1789617906.27}
{"x": -0.606, "y": 11.139, "h": 344.9, "scan": [0.657, 0.695, 0.713, 0.425, 0.471, 2.405, 0.623, 0.391, 0.382, 0.323, 0.193, 0.187, 0.171, 0.197, 0.197, 0.808], "d0": "0", "d5": "0", "d11": "0.710", "eff": 0.88, "tick": "354477", "goal": "0", "here": "0", "t": 1789617906.71}
{"x": -0.614, "y": 11.181, "h": 351.6, "scan": [0.605, 0.601, 0.596, 0.407, 0.738, 1.508, 0.625, 0.413, 0.42, 0.387, 0.178, 0.199, 0.186, 0.192, 0.777, 0.788], "d0": "0", "d5": "0", "d11": "0.699", "eff": 0.88, "tick": "354520", "goal": "0", "here": "0", "t": 1789617907.18}
{"x": -0.617, "y": 11.221, "h": 357.9, "scan": [0.594, 0.564, 0.553, 0.393, 0.906, 2.49, 0.592, 0.445, 0.432, 0.242, 0.221, 0.186, 0.165, 0.159, 0.849, 0.636], "d0": "0", "d5": "0", "d11": "0.650", "eff": 0.88, "tick": "354565", "goal": "0", "here": "0", "t": 1789617907.59}
{"x": -0.616, "y": 11.258, "h": 1.2, "scan": [0.598, 0.595, 0.526, 0.37, 2.411, 2.627, 0.583, 0.464, 0.452, 0.25, 0.215, 0.186, 0.168, 0.777, 0.714, 0.56], "d0": "0", "d5": "0", "d11": "0.638", "eff": 0.88, "tick": "354606", "goal": "0", "here": "0", "t": 1789617908.0}
{"x": -0.614, "y": 11.296, "h": 8.0, "scan": [0.553, 0.611, 0.49, 0.338, 2.351, 0.897, 0.578, 0.496, 0.496, 0.269, 0.237, 0.189, 0.268, 0.717, 0.696, 0.526], "d0": "0", "d5": "0", "d11": "0.610", "eff": 0.88, "tick": "354648", "goal": "0", "here": "0", "t": 1789617908.41}
{"x": -0.609, "y": 11.337, "h": 3.8, "scan": [0.534, 0.484, 0.487, 0.361, 0.415, 2.598, 0.732, 0.535, 0.522, 0.304, 0.264, 0.167, null, 0.732, 0.643, 0.501], "d0": "0", "d5": "0", "d11": "0.581", "eff": 0.88, "tick": "354692", "goal": "0", "here": "0", "t": 1789617908.86}
{"x": -0.61, "y": 11.377, "h": 357.2, "scan": [0.451, 0.426, 0.444, 0.351, 0.342, 1.771, 0.741, 0.546, 0.579, 0.37, 0.304, 0.185, 0.315, 0.73, 0.64, 0.457], "d0": "0", "d5": "0", "d11": "0.560", "eff": 0.88, "tick": "354736", "goal": "0", "here": "0", "t": 1789617909.29}
{"x": -0.614, "y": 11.415, "h": 349.3, "scan": [0.408, 0.434, 0.529, 0.448, 0.312, 2.438, 0.926, 0.676, 0.619, 0.415, 0.323, 0.178, 0.307, 0.743, 0.654, 0.472], "d0": "0", "d5": "0", "d11": "0.512", "eff": 0.88, "tick": "354777", "goal": "0", "here": "0", "t": 1789617909.7}
{"x": -0.621, "y": 11.452, "h": 346.6, "scan": [0.379, 0.426, 0.394, 0.423, 0.325, 0.363, 2.159, 0.764, 0.638, 0.609, null, 0.225, 0.308, 0.651, 0.728, 0.487], "d0": "0", "d5": "0", "d11": "0.488", "eff": 0.88, "tick": "354818", "goal": "0", "here": "0", "t": 1789617910.11}
{"x": -0.633, "y": 11.49, "h": 342.8, "scan": [0.366, 0.388, 0.36, 0.484, 0.411, 0.346, 1.645, 0.833, 0.649, 0.648, 0.371, 0.236, 0.329, 0.601, 0.683, 0.552], "d0": "0", "d5": "0", "d11": "0.486", "eff": 0.88, "tick": "354859", "goal": "0", "here": "0", "t": 1789617910.53}
{"x": -0.65, "y": 11.526, "h": 333.2, "scan": [0.331, 0.316, 0.37, 0.35, 0.411, 0.34, 0.378, 1.009, 0.731, 0.705, 0.424, 0.264, 0.319, 0.602, 0.608, 0.514], "d0": "0", "d5": "0", "d11": "0.468", "eff": 0.88, "tick": "354900", "goal": "0", "here": "0", "t": 1789617910.97}
{"x": -0.669, "y": 11.559, "h": 328.9, "scan": [0.315, 0.28, 0.352, 0.306, 0.472, 0.422, 0.388, 2.029, 0.834, 0.753, 0.462, 0.277, 0.303, 0.595, 0.607, 0.485], "d0": "0", "d5": "0", "d11": "0.471", "eff": 0.91, "tick": "354944", "goal": "0", "here": "0", "t": 1789617911.38}
{"x": -0.692, "y": 11.593, "h": 320.2, "scan": [0.311, 0.266, 0.268, 0.338, 0.332, 0.408, 0.372, 2.749, 0.931, 0.771, 0.509, 0.303, null, 0.638, 0.613, 0.496], "d0": "0", "d5": "0", "d11": "0.482", "eff": 0.91, "tick": "354988", "goal": "0", "here": "0", "t": 1789617911.82}
{"x": -0.72, "y": 11.624, "h": 316.4, "scan": [0.365, 0.224, 0.231, 0.313, 0.326, 0.451, 0.457, 0.462, 0.986, 0.801, 0.594, 0.319, 0.316, 0.625, 0.612, 0.591], "d0": "0", "d5": "0", "d11": "0.488", "eff": 0.91, "tick": "355029", "goal": "0", "here": "0", "t": 1789617912.26}
{"x": -0.743, "y": 11.645, "h": 323.2, "scan": [0.298, 0.198, 0.219, 0.296, 0.33, 0.457, 0.456, 0.528, 1.0, 0.831, 0.512, 0.312, 0.511, 0.53, 0.52, 0.38], "d0": "0", "d5": "0", "d11": "0.476", "eff": 0.94, "tick": "355086", "goal": "0", "here": "0", "t": 1789617912.79}
{"x": -0.742, "y": 11.644, "h": 347.8, "scan": [0.206, 0.202, 0.301, 0.325, 0.452, 0.445, 2.136, 0.892, 0.817, 0.306, 0.306, 0.551, 0.532, 0.505, 0.404, 0.235], "d0": "0", "d5": "0", "d11": "0.486", "eff": 0.93, "tick": "355130", "goal": "0", "here": "0", "t": 1789617913.24}
{"x": -0.742, "y": 11.643, "h": 17.7, "scan": [0.231, 0.308, 0.493, 0.5, 0.459, 1.145, 0.833, 0.775, 0.329, 0.324, 0.597, 0.592, 0.562, 0.388, 0.225, 0.221], "d0": "0", "d5": "0", "d11": "0.480", "eff": 0.95, "tick": "355174", "goal": "0", "here": "0", "t": 1789617913.68}
{"x": -0.74, "y": 11.651, "h": 37.9, "scan": [0.303, 0.345, 0.481, 0.43, 1.159, 0.833, 0.798, 0.332, 0.342, null, 0.601, 0.557, 0.344, 0.197, 0.197, null], "d0": "0", "d5": "0", "d11": "0.486", "eff": 0.92, "tick": "355221", "goal": "0", "here": "0", "t": 1789617914.15}
{"x": -0.713, "y": 11.676, "h": 50.9, "scan": [0.279, 0.421, 0.443, 0.5, 1.012, 0.845, 0.523, 0.358, 0.576, 0.561, 0.525, 0.418, 0.205, 0.176, 0.174, 0.259], "d0": "0", "d5": "0", "d11": "0.471", "eff": 0.92, "tick": "355266", "goal": "0", "here": "0", "t": 1789617914.59}
{"x": -0.681, "y": 11.696, "h": 62.7, "scan": [0.28, 0.372, 0.387, 2.086, 0.9, 0.849, 0.358, 0.397, 0.672, 0.638, 0.46, 0.228, 0.175, 0.185, 0.211, 0.231], "d0": "0", "d5": "0", "d11": "0.464", "eff": 0.92, "tick": "355306", "goal": "0", "here": "0", "t": 1789617915.0}
{"x": -0.658, "y": 11.704, "h": 74.7, "scan": [0.375, 0.408, 0.452, 1.0, 0.859, 0.592, 0.411, 0.611, 0.624, 0.607, 0.387, null, 0.16, 0.174, 0.232, 0.228], "d0": "0", "d5": "0", "d11": "0.488", "eff": 0.92, "tick": "355348", "goal": "0", "here": "0", "t": 1789617915.41}
{"x": -0.638, "y": 11.705, "h": 92.8, "scan": [0.4, 0.377, 1.127, 0.825, 0.837, 0.398, 0.429, 0.637, 0.578, 0.434, 0.202, 0.166, 0.194, 0.225, 0.215, 0.394], "d0": "0", "d5": "0", "d11": "0.482", "eff": 0.93, "tick": "355389", "goal": "0", "here": "0", "t": 1789617915.82}
{"x": -0.6, "y": 11.7, "h": 103.0, "scan": [0.35, 0.426, 0.937, 0.834, 0.651, 0.387, 0.665, null, 0.663, 0.262, 0.18, 0.192, 0.203, 0.172, 0.2, 0.318], "d0": "0", "d5": "0", "d11": "0.479", "eff": 0.93, "tick": "355429", "goal": "0", "here": "0", "t": 1789617916.23}
{"x": -0.565, "y": 11.69, "h": 107.4, "scan": [0.31, 0.416, 0.913, 0.841, 0.585, 0.437, 0.705, 0.749, 0.5, 0.243, 0.199, 0.232, 0.184, 0.173, 0.333, 0.279], "d0": "0", "d5": "0", "d11": "0.471", "eff": 0.93, "tick": "355470", "goal": "0", "here": "0", "t": 1789617916.63}
{"x": -0.527, "y": 11.677, "h": 109.5, "scan": [0.253, 0.387, 0.854, 0.849, 0.588, 0.443, 0.798, 0.726, 0.533, 0.267, null, 0.21, 0.174, 0.247, 0.26, 0.313], "d0": "0", "d5": "0", "d11": "0.477", "eff": 0.93, "tick": "355511", "goal": "0", "here": "0", "t": 1789617917.05}
{"x": -0.495, "y": 11.662, "h": 117.8, "scan": [0.225, 1.024, 0.79, 0.815, 0.587, 0.467, 0.817, 0.72, 0.415, 0.251, 0.258, 0.193, 0.156, 0.307, 0.226, 0.265], "d0": "0", "d5": "0", "d11": "0.475", "eff": 0.93, "tick": "355552", "goal": "0", "here": "0", "t": 1789617917.46}
{"x": -0.477, "y": 11.65, "h": 128.5, "scan": [0.305, 0.891, 0.805, 0.649, 0.409, 0.742, 0.838, 0.605, 0.305, 0.247, 0.207, 0.153, 0.282, 0.231, 0.283, 0.202], "d0": "0", "d5": "0", "d11": "0.487", "eff": 0.93, "tick": "355590", "goal": "0", "here": "0", "t": 1789617917.87}
{"x": -0.466, "y": 11.635, "h": 152.9, "scan": [0.859, null, 0.801, 0.486, 0.505, 0.781, 0.684, 0.326, 0.29, 0.242, 0.175, 0.296, 0.226, 0.258, 0.192, 0.276], "d0": "0", "d5": "0", "d11": "0.473", "eff": 0.93, "tick": "355637", "goal": "0", "here": "0", "t": 1789617918.34}
{"x": -0.449, "y": 11.597, "h": 158.0, "scan": [0.8, 0.749, 0.594, 0.426, 0.53, 0.854, 0.636, 0.357, 0.313, 0.204, 0.263, 0.275, 0.249, 0.206, 0.179, 0.295], "d0": "0", "d5": "0", "d11": "0.494", "eff": 0.93, "tick": "355681", "goal": "0", "here": "0", "t": 1789617918.78}
{"x": -0.44, "y": 11.562, "h": 168.1, "scan": [0.672, 0.723, 0.54, 0.422, 0.831, 0.777, 0.492, 0.344, 0.298, 0.228, 0.353, 0.235, 0.191, 0.181, 0.249, 0.778], "d0": "0", "d5": "0", "d11": "0.491", "eff": 0.93, "tick": "355726", "goal": "0", "here": "0", "t": 1789617919.19}
{"x": -0.435, "y": 11.524, "h": 177.1, "scan": [0.659, 0.713, 0.496, 0.418, 0.814, 0.839, 0.456, 0.402, 0.3, 0.327, 0.285, 0.253, 0.129, 0.186, 1.848, 0.789], "d0": "0", "d5": "0", "d11": "0.490", "eff": 0.93, "tick": "355767", "goal": "0", "here": "0", "t": 1789617919.61}
{"x": -0.435, "y": 11.484, "h": 181.0, "scan": [0.648, 0.63, null, 0.439, 0.796, 0.803, 0.471, null, 0.313, 0.407, 0.289, 0.158, 0.165, 0.233, 0.86, 0.682], "d0": "0", "d5": "0", "d11": "0.498", "eff": 0.93, "tick": "355811", "goal": "0", "here": "0", "t": 1789617920.04}
{"x": -0.439, "y": 11.441, "h": 186.6, "scan": [0.636, 0.506, 0.422, 0.401, 0.795, 0.763, 0.5, 0.449, 0.352, 0.362, 0.286, 0.177, 0.198, 2.493, 0.696, 0.6], "d0": "0", "d5": "0", "d11": "0.518", "eff": 0.93, "tick": "355856", "goal": "0", "here": "0", "t": 1789617920.5}
{"x": -0.444, "y": 11.406, "h": 187.5, "scan": [0.614, 0.465, 0.42, 0.362, 0.809, 0.758, 0.51, 0.481, 0.368, 0.344, 0.187, 0.209, 0.197, 2.545, 0.678, 0.553], "d0": "0", "d5": "0", "d11": "0.524", "eff": 0.93, "tick": "355895", "goal": "0", "here": "0", "t": 1789617920.92}
{"x": -0.451, "y": 11.365, "h": 191.3, "scan": [0.56, 0.426, 0.384, 0.316, 0.775, 0.833, 0.548, 0.523, 0.443, 0.388, 0.197, 0.229, 0.276, 1.832, 0.649, 0.51], "d0": "0", "d5": "0", "d11": "0.534", "eff": 0.9, "tick": "355940", "goal": "0", "here": "0", "t": 1789617921.34}
{"x": -0.456, "y": 11.327, "h": 185.0, "scan": [0.516, 0.553, 0.378, 0.349, 0.44, 0.828, 0.687, 0.525, 0.434, 0.419, 0.242, 0.228, 0.596, 2.469, 0.636, 0.498], "d0": "0", "d5": "0", "d11": "0.552", "eff": 0.9, "tick": "355985", "goal": "0", "here": "0", "t": 1789617921.79}
{"x": -0.457, "y": 11.289, "h": 180.0, "scan": [0.466, 0.508, 0.361, 0.364, 0.298, null, 0.786, 0.56, 0.516, 0.552, 0.251, 0.224, 0.328, 1.446, 0.579, 0.476], "d0": "0", "d5": "0", "d11": "0.560", "eff": 0.9, "tick": "356029", "goal": "0", "here": "0", "t": 1789617922.23}
{"x": -0.453, "y": 11.244, "h": 173.7, "scan": [0.411, 0.481, 0.384, 0.344, 0.336, 0.813, 0.919, 0.634, 0.609, 0.564, 0.293, 0.234, 0.322, 2.013, 0.726, 0.508], "d0": "0", "d5": "0", "d11": "0.581", "eff": 0.9, "tick": "356078", "goal": "0", "here": "0", "t": 1789617922.72}
{"x": -0.444, "y": 11.205, "h": 162.8, "scan": [0.378, 0.434, 0.454, 0.313, 0.348, 0.318, 0.88, 0.826, 0.632, 0.554, 0.311, 0.242, 0.314, 2.25, 0.726, 0.518], "d0": "0", "d5": "0", "d11": "0.579", "eff": 0.91, "tick": "356120", "goal": "0", "here": "0", "t": 1789617923.14}
{"x": -0.431, "y": 11.168, "h": 157.7, "scan": [0.367, 0.368, 0.411, 0.349, 0.303, 0.355, 0.934, 0.864, 0.667, 0.586, 0.503, 0.259, 0.309, 2.222, 2.376, 0.503], "d0": "0", "d5": "0", "d11": "0.580", "eff": 0.91, "tick": "356163", "goal": "0", "here": "0", "t": 1789617923.57}
{"x": -0.414, "y": 11.132, "h": 151.5, "scan": [0.367, 0.319, 0.357, 0.43, 0.282, 0.367, 0.367, 1.009, 0.723, 0.662, 0.543, 0.268, 0.322, 1.31, 1.307, 0.488], "d0": "0", "d5": "0", "d11": "0.604", "eff": 0.91, "tick": "356206", "goal": "0", "here": "0", "t": 1789617923.99}
{"x": -0.392, "y": 11.097, "h": 147.6, "scan": [0.356, 0.273, 0.328, 0.382, 0.353, 0.321, 0.38, 0.972, 0.833, 0.761, 0.699, 0.275, 0.316, 0.73, 1.729, 0.452], "d0": "0", "d5": "0", "d11": "0.607", "eff": 0.91, "tick": "356251", "goal": "0", "here": "0", "t": 1789617924.44}
{"x": -0.369, "y": 11.067, "h": 139.8, "scan": [0.344, 0.243, 0.258, 0.335, 0.411, 0.328, 0.4, 0.426, 0.986, 0.754, 0.722, 0.274, 0.313, 0.603, 2.192, 0.588], "d0": "0", "d5": "0", "d11": "0.651", "eff": 0.91, "tick": "356290", "goal": "0", "here": "0", "t": 1789617924.85}
{"x": -0.342, "y": 11.038, "h": 134.0, "scan": [0.381, 0.233, 0.206, 0.287, 0.359, 0.373, 0.386, 0.451, 1.036, 0.81, 0.705, 0.286, 0.329, 0.518, 2.137, 0.571], "d0": "0", "d5": "0", "d11": "0.666", "eff": 0.92, "tick": "356333", "goal": "0", "here": "0", "t": 1789617925.27}
{"x": -0.31, "y": 11.011, "h": 125.4, "scan": [0.329, 0.257, 0.198, 0.238, 0.314, 0.445, 0.355, 0.446, 1.102, 0.878, 0.719, 0.302, 0.308, 0.482, 2.105, 2.176], "d0": "0", "d5": "0", "d11": "0.655", "eff": 0.92, "tick": "356377", "goal": "0", "here": "0", "t": 1789617925.71}
{"x": -0.278, "y": 10.99, "h": 123.3, "scan": [0.313, 0.256, 0.194, 0.176, 0.256, 0.371, 0.427, 0.455, 0.508, 0.997, 0.832, 0.318, 0.317, 0.49, 1.079, 1.463], "d0": "0", "d5": "0", "d11": "0.695", "eff": 0.93, "tick": "356418", "goal": "0", "here": "0", "t": 1789617926.12}
{"x": -0.242, "y": 10.972, "h": 112.8, "scan": [0.275, 0.274, 0.187, 0.172, 0.184, 0.343, 0.476, 0.436, 0.543, 1.12, 0.884, 0.415, 0.322, 0.446, 0.664, 2.073], "d0": "0", "d5": "0", "d11": "0.748", "eff": 0.93, "tick": "356458", "goal": "0", "here": "0", "t": 1789617926.55}
{"x": -0.206, "y": 10.958, "h": 108.0, "scan": [0.429, 0.247, 0.21, 0.152, 0.148, 0.189, 0.419, 0.436, 0.575, 1.209, 0.905, 0.446, 0.319, 0.445, 0.6, 2.026], "d0": "0", "d5": "0", "d11": "0.790", "eff": 0.93, "tick": "356503", "goal": "0", "here": "0", "t": 1789617926.96}
{"x": -0.176, "y": 10.949, "h": 107.4, "scan": [2.016, 0.222, 0.218, 0.154, 0.169, 0.171, 0.39, 0.474, 0.587, 1.288, 0.929, 0.34, 0.339, 0.45, 0.584, 2.005], "d0": "0", "d5": "0", "d11": "0.811", "eff": 0.93, "tick": "356541", "goal": "0", "here": "0", "t": 1789617927.38}
{"x": -0.171, "y": 10.947, "h": 128.9, "scan": [0.193, 0.207, 0.179, 0.152, 0.183, 0.403, 0.463, 0.602, 1.308, 0.918, 0.345, 0.315, 0.442, 0.572, 2.013, 2.018], "d0": "0", "d5": "0", "d11": "0.794", "eff": 0.91, "tick": "356585", "goal": "0", "here": "0", "t": 1789617927.78}
{"x": -0.172, "y": 10.949, "h": 155.0, "scan": [0.204, 0.15, 0.165, 0.187, 0.452, 0.473, 0.609, 1.153, 0.942, 0.341, 0.347, 0.448, 0.649, 1.964, 0.389, 0.218], "d0": "0", "d5": "0", "d11": "0.805", "eff": 0.91, "tick": "356629", "goal": "0", "here": "0", "t": 1789617928.23}
{"x": -0.172, "y": 10.95, "h": 186.0, "scan": [0.146, 0.172, 0.221, 0.538, 0.501, 0.631, 1.106, 0.812, 0.327, 0.394, 0.444, 0.988, 1.782, 0.216, 0.22, 0.184], "d0": "0", "d5": "0", "d11": "0.850", "eff": 0.94, "tick": "356674", "goal": "0", "here": "0", "t": 1789617928.67}
{"x": -0.172, "y": 10.951, "h": 213.4, "scan": [0.162, 0.378, 0.487, 0.58, 1.206, 0.959, 0.491, 0.314, 0.429, 0.55, 2.002, 2.056, 0.188, 0.208, 0.153, 0.174], "d0": "0", "d5": "0", "d11": "0.874", "eff": 0.96, "tick": "356721", "goal": "0", "here": "0", "t": 1789617929.14}
{"x": -0.171, "y": 10.952, "h": 243.3, "scan": [0.428, 0.471, 0.608, 1.184, 0.946, 0.342, 0.346, 0.404, 0.632, 1.947, 0.395, 0.196, 0.216, 0.159, 0.17, 0.186], "d0": "0", "d5": "0", "d11": "0.865", "eff": 0.97, "tick": "356766", "goal": "0", "here": "0", "t": 1789617929.59}
{"x": -0.18, "y": 10.95, "h": 266.7, "scan": [0.466, 0.587, 1.178, 0.921, 0.354, 0.321, 0.436, 0.66, 1.934, 0.402, 0.219, 0.207, 0.16, 0.167, 0.195, 0.453], "d0": "0", "d5": "0", "d11": "0.880", "eff": 0.95, "tick": "356808", "goal": "0", "here": "0", "t": 1789617930.02}
{"x": -0.218, "y": 10.953, "h": 278.5, "scan": [0.499, 0.61, 1.019, 0.8, 0.317, 0.392, 0.476, 1.14, 1.381, 0.251, 0.248, 0.178, 0.168, 0.159, 0.335, 0.478], "d0": "0", "d5": "0", "d11": "0.884", "eff": 0.95, "tick": "356850", "goal": "0", "here": "0", "t": 1789617930.43}
{"x": -0.255, "y": 10.96, "h": 283.9, "scan": [0.504, null, 0.938, 0.775, 0.314, 0.414, 0.536, 2.074, 2.133, 0.264, 0.209, 0.158, 0.149, 0.199, 0.372, 0.419], "d0": "0", "d5": "0", "d11": "0.914", "eff": 0.96, "tick": "356890", "goal": "0", "here": "0", "t": 1789617930.84}
{"x": -0.292, "y": 10.971, "h": 286.7, "scan": [0.501, 1.193, 0.902, 0.773, 0.337, 0.436, 0.615, 2.099, 0.492, 0.282, 0.188, 0.149, 0.166, 0.285, 0.416, 0.369], "d0": "0", "d5": "0", "d11": "0.912", "eff": 0.96, "tick": "356932", "goal": "0", "here": "0", "t": 1789617931.26}
{"x": -0.327, "y": 10.984, "h": 291.5, "scan": [0.46, 1.081, 0.849, 0.783, 0.339, 0.448, 0.663, 2.068, 0.355, 0.275, 0.207, 0.164, 0.203, 0.315, 0.403, 0.362], "d0": "0", "d5": "0", "d11": "0.950", "eff": 0.96, "tick": "356973", "goal": "0", "here": "0", "t": 1789617931.67}
{"x": -0.365, "y": 10.999, "h": 293.3, "scan": [0.45, 1.057, 0.816, 0.749, 0.32, 0.37, 0.64, 2.119, 0.39, 0.307, 0.196, 0.2, 0.242, 0.341, 0.332, 0.317], "d0": "0", "d5": "0", "d11": "0.934", "eff": 0.96, "tick": "357017", "goal": "0", "here": "0", "t": 1789617932.11}
{"x": -0.403, "y": 11.014, "h": 290.0, "scan": [0.405, 1.115, 0.808, 0.703, 0.409, 0.341, 0.581, 2.185, 0.601, 0.33, 0.22, 0.214, 0.277, 0.314, 0.293, 0.297], "d0": "0", "d5": "0", "d11": "0.954", "eff": 0.96, "tick": "357062", "goal": "0", "here": "0", "t": 1789617932.56}
{"x": -0.442, "y": 11.027, "h": 288.4, "scan": [0.359, 0.991, 0.839, 0.803, 0.644, 0.352, 0.579, 2.233, 0.684, 0.369, 0.235, 0.233, 0.272, 0.325, 0.28, 0.254], "d0": "0", "d5": "0", "d11": "0.947", "eff": 0.96, "tick": "357106", "goal": "0", "here": "0", "t": 1789617933.0}
{"x": -0.478, "y": 11.038, "h": 286.8, "scan": [0.306, 0.345, 0.905, 0.79, 0.79, 0.38, 0.546, 1.667, 2.324, 0.412, 0.239, 0.274, 0.303, 0.305, 0.23, 0.248], "d0": "0", "d5": "0", "d11": "0.957", "eff": 0.96, "tick": "357147", "goal": "0", "here": "0", "t": 1789617933.4}
{"x": -0.512, "y": 11.049, "h": 290.1, "scan": [0.3, 0.981, 0.784, 0.77, 0.658, 0.374, 0.604, 2.296, 0.691, null, 0.274, 0.311, 0.291, 0.291, 0.194, 0.253], "d0": "0", "d5": "0", "d11": "0.940", "eff": 0.96, "tick": "357191", "goal": "0", "here": "0", "t": 1789617933.88}
{"x": -0.552, "y": 11.066, "h": 296.0, "scan": [0.271, 0.949, 0.732, 0.733, 0.667, 0.399, 0.654, 2.296, 0.536, 0.301, 0.312, 0.296, 0.302, 0.192, 0.166, 0.213], "d0": "0", "d5": "0", "d11": "0.907", "eff": 0.96, "tick": "357239", "goal": "0", "here": "0", "t": 1789617934.34}
{"x": -0.572, "y": 11.081, "h": 311.7, "scan": [0.27, 0.823, 0.725, 0.745, 0.434, 0.429, 2.343, 0.767, 0.369, 0.323, 0.314, 0.299, 0.199, 0.149, 0.188, 0.241], "d0": "0", "d5": "0", "d11": "0.895", "eff": 0.95, "tick": "357282", "goal": "0", "here": "0", "t": 1789617934.75}
{"x": -0.595, "y": 11.109, "h": 324.1, "scan": [0.814, 0.696, 0.676, 0.629, 0.39, 0.697, 2.102, 0.581, 0.328, 0.356, 0.317, 0.192, 0.159, 0.177, 0.215, 0.247], "d0": "0", "d5": "0", "d11": "0.872", "eff": 0.95, "tick": "357325", "goal": "0", "here": "0", "t": 1789617935.2}
{"x": -0.601, "y": 11.125, "h": 343.9, "scan": [0.683, 0.69, 0.641, 0.437, 0.672, 2.397, 0.614, 0.386, 0.369, 0.337, 0.213, 0.156, 0.182, 0.211, 0.205, 0.826], "d0": "0", "d5": "0", "d11": "0.860", "eff": 0.95, "tick": "357367", "goal": "0", "here": "0", "t": 1789617935.61}
{"x": -0.608, "y": 11.163, "h": 354.1, "scan": [0.627, 0.595, 0.585, 0.399, 0.878, 1.492, 0.601, 0.401, 0.39, 0.377, 0.175, 0.192, 0.19, 0.184, 0.795, 0.778], "d0": "0", "d5": "0", "d11": "0.834", "eff": 0.94, "tick": "357411", "goal": "0", "here": "0", "t": 1789617936.05}
{"x": -0.612, "y": 11.206, "h": 357.8, "scan": [0.626, 0.594, 0.565, 0.376, 0.984, 2.488, 0.557, 0.418, 0.42, 0.248, 0.186, 0.202, 0.192, 0.173, 0.886, 0.656], "d0": "0", "d5": "0", "d11": "0.769", "eff": 0.94, "tick": "357458", "goal": "0", "here": "0", "t": 1789617936.52}
{"x": -0.611, "y": 11.247, "h": 0.6, "scan": [0.606, 0.613, 0.505, 0.357, 2.367, 2.618, 0.564, 0.462, 0.428, 0.242, 0.219, 0.202, 0.137, 0.765, 0.719, 0.569], "d0": "0", "d5": "0", "d11": "0.745", "eff": 0.94, "tick": "357501", "goal": "0", "here": "0", "t": 1789617936.95}
{"x": -0.607, "y": 11.287, "h": 9.0, "scan": [0.565, 0.64, 0.391, 0.346, 2.393, 0.868, 0.571, 0.483, 0.472, 0.257, 0.232, 0.176, 0.293, 0.739, 0.697, 0.546], "d0": "0", "d5": "0", "d11": "0.717", "eff": 0.94, "tick": "357545", "goal": "0", "here": "0", "t": 1789617937.39}
{"x": -0.601, "y": 11.326, "h": 7.2, "scan": [0.549, 0.548, 0.472, 0.369, 0.971, 2.639, 0.65, 0.529, 0.495, 0.298, 0.271, 0.19, 0.311, 0.727, 0.675, 0.507], "d0": "0", "d5": "0", "d11": "0.695", "eff": 0.94, "tick": "357587", "goal": "0", "here": "0", "t": 1789617937.8}
{"x": -0.6, "y": 11.364, "h": 359.3, "scan": [0.484, 0.436, 0.454, 0.312, 0.317, 1.541, 0.721, 0.542, 0.561, 0.367, 0.292, 0.204, 0.32, 0.733, null, 0.487], "d0": "0", "d5": "0", "d11": "0.659", "eff": 0.94, "tick": "357628", "goal": "0", "here": "0", "t": 1789617938.21}
{"x": -0.602, "y": 11.401, "h": 353.7, "scan": [0.426, 0.443, 0.529, 0.429, 0.327, 2.152, 0.911, 0.608, 0.604, 0.385, 0.307, 0.198, 0.308, 0.753, 0.636, 0.466], "d0": "0", "d5": "0", "d11": "0.659", "eff": 0.92, "tick": "357668", "goal": "0", "here": "0", "t": 1789617938.62}
{"x": -0.609, "y": 11.441, "h": 351.5, "scan": [0.358, 0.44, 0.447, 0.425, 0.295, 0.339, 1.975, 0.733, 0.634, 0.585, null, 0.221, 0.328, 0.693, 0.719, 0.453], "d0": "0", "d5": "0", "d11": "0.647", "eff": 0.95, "tick": "357712", "goal": "0", "here": "0", "t": 1789617939.05}
{"x": -0.62, "y": 11.482, "h": 339.9, "scan": [0.373, 0.409, 0.337, 0.435, 0.419, 0.338, 2.628, 0.81, 0.668, 0.647, 0.382, 0.24, 0.309, 0.649, 0.713, 0.52], "d0": "0", "d5": "0", "d11": "0.638", "eff": 0.95, "tick": "357757", "goal": "0", "here": "0", "t": 1789617939.51}
{"x": -0.634, "y": 11.518, "h": 334.8, "scan": [0.341, 0.343, 0.346, 0.466, 0.401, 0.335, 0.379, 0.989, 0.708, 0.699, 0.402, 0.24, 0.305, 0.597, 0.628, 0.513], "d0": "0", "d5": "0", "d11": "0.630", "eff": 0.95, "tick": "357798", "goal": "0", "here": "0", "t": 1789617939.91}
{"x": -0.651, "y": 11.552, "h": 331.0, "scan": [0.319, 0.317, 0.345, 0.318, 0.411, 0.417, 0.383, 2.004, 0.811, 0.722, 0.461, 0.264, 0.3, 0.613, 0.59, 0.5], "d0": "0", "d5": "0", "d11": "0.652", "eff": 0.95, "tick": "357839", "goal": "0", "here": "0", "t": 1789617940.33}
{"x": -0.673, "y": 11.586, "h": 326.3, "scan": [null, 0.26, 0.316, 0.305, 0.474, 0.429, 0.346, 2.798, 0.915, 0.752, 0.483, 0.286, 0.309, 0.625, 0.588, 0.485], "d0": "0", "d5": "0", "d11": "0.686", "eff": 0.95, "tick": "357880", "goal": "0", "here": "0", "t": 1789617940.77}
{"x": -0.7, "y": 11.617, "h": 315.3, "scan": [0.391, 0.249, 0.227, 0.309, 0.315, 0.416, 0.42, 0.465, 0.941, 0.781, 0.552, null, 0.323, 0.631, 0.624, 0.568], "d0": "0", "d5": "0", "d11": "0.712", "eff": 0.95, "tick": "357927", "goal": "0", "here": "0", "t": 1789617941.2}
{"x": -0.717, "y": 11.635, "h": 322.9, "scan": [0.269, 0.22, 0.231, 0.31, 0.286, 0.448, 0.4, 2.864, 0.966, 0.816, 0.493, 0.315, 0.516, 0.537, 0.536, 0.423], "d0": "0", "d5": "0", "d11": "0.727", "eff": 0.91, "tick": "357971", "goal": "0", "here": "0", "t": 1789617941.64}
{"x": -0.73, "y": 11.651, "h": 330.6, "scan": [0.201, 0.222, 0.236, 0.29, 0.335, 0.467, 0.414, 1.19, 0.859, 0.787, 0.312, 0.326, 0.586, 0.56, 0.575, 0.388], "d0": "0", "d5": "0", "d11": "0.750", "eff": 0.91, "tick": "358018", "goal": "0", "here": "0", "t": 1789617942.11}
{"x": -0.73, "y": 11.651, "h": 356.7, "scan": [0.211, 0.224, 0.286, 0.491, 0.469, 0.463, 1.135, 0.82, 0.766, 0.31, 0.326, 0.626, 0.615, 0.564, 0.381, 0.223], "d0": "0", "d5": "0", "d11": "0.750", "eff": 0.93, "tick": "358058", "goal": "0", "here": "0", "t": 1789617942.51}
{"x": -0.731, "y": 11.649, "h": 20.2, "scan": [0.261, 0.295, 0.479, 0.474, 0.492, 0.987, 0.81, 0.564, 0.32, 0.35, 0.618, 0.572, 0.47, 0.354, 0.207, 0.222], "d0": "0", "d5": "0", "d11": "0.770", "eff": 0.97, "tick": "358099", "goal": "0", "here": "0", "t": 1789617942.92}
{"x": -0.724, "y": 11.658, "h": 46.0, "scan": [0.302, 0.451, 0.493, 0.457, 1.152, 0.824, 0.59, 0.323, 0.342, 0.638, 0.577, 0.465, 0.341, 0.208, 0.209, 0.251], "d0": "0", "d5": "0", "d11": "0.779", "eff": 0.96, "tick": "358142", "goal": "0", "here": "0", "t": 1789617943.36}
{"x": -0.696, "y": 11.682, "h": 54.4, "scan": [null, 0.4, 0.417, 0.488, 0.991, 0.84, 0.534, 0.37, 0.581, 0.582, 0.546, 0.413, 0.194, 0.185, 0.179, 0.266], "d0": "0", "d5": "0", "d11": "0.756", "eff": 0.96, "tick": "358183", "goal": "0", "here": "0", "t": 1789617943.77}
{"x": -0.663, "y": 11.7, "h": 64.8, "scan": [0.278, 0.407, 0.37, 1.96, 0.892, 0.842, 0.343, 0.39, 0.687, 0.642, 0.446, 0.215, 0.18, 0.164, 0.227, 0.22], "d0": "0", "d5": "0", "d11": "0.750", "eff": 0.96, "tick": "358225", "goal": "0", "here": "0", "t": 1789617944.18}
{"x": -0.642, "y": 11.708, "h": 79.2, "scan": [0.366, 0.394, 0.459, 0.982, 0.88, 0.575, 0.408, 0.642, 0.667, 0.621, 0.237, 0.193, 0.166, 0.209, 0.202, 0.208], "d0": "0", "d5": "0", "d11": "0.710", "eff": 0.96, "tick": "358266", "goal": "0", "here": "0", "t": 1789617944.59}
{"x": -0.614, "y": 11.707, "h": 93.2, "scan": [0.39, 0.344, 1.108, 0.83, 0.852, 0.385, 0.467, 0.658, 0.615, 0.445, 0.201, 0.169, 0.22, 0.21, 0.211, 0.34], "d0": "0", "d5": "0", "d11": "0.691", "eff": 0.96, "tick": "358309", "goal": "0", "here": "0", "t": 1789617945.03}
{"x": -0.573, "y": 11.7, "h": 103.8, "scan": [0.324, 0.399, 0.958, 0.838, 0.609, 0.425, 0.682, 0.731, 0.57, 0.261, 0.185, 0.209, 0.203, 0.172, 0.325, 0.303], "d0": "0", "d5": "0", "d11": "0.700", "eff": 0.96, "tick": "358354", "goal": "0", "here": "0", "t": 1789617945.48}
{"x": -0.537, "y": 11.69, "h": 106.8, "scan": [0.308, 0.372, 0.918, 0.838, 0.611, 0.445, 0.735, 0.782, 0.547, 0.254, 0.201, 0.22, 0.177, 0.161, 0.299, 0.297], "d0": "0", "d5": "0", "d11": "0.694", "eff": 0.96, "tick": "358395", "goal": "0", "here": "0", "t": 1789617945.89}
{"x": -0.502, "y": 11.676, "h": 111.3, "scan": [0.236, 0.355, 0.849, 0.82, 0.611, 0.448, 0.815, 0.734, 0.533, 0.247, 0.247, 0.204, 0.167, 0.285, 0.248, 0.29], "d0": "0", "d5": "0", "d11": "0.702", "eff": 0.96, "tick": "358436", "goal": "0", "here": "0", "t": 1789617946.3}
{"x": -0.469, "y": 11.659, "h": 122.2, "scan": [0.213, 1.015, 0.767, 0.804, 0.568, 0.496, 0.765, 0.753, 0.349, 0.269, 0.252, 0.171, 0.221, 0.275, 0.215, 0.245], "d0": "0", "d5": "0", "d11": "0.713", "eff": 0.96, "tick": "358481", "goal": "0", "here": "0", "t": 1789617946.74}
{"x": -0.466, "y": 11.656, "h": 143.7, "scan": [0.988, 0.764, 0.808, 0.566, 0.484, 0.796, 0.755, 0.344, 0.273, 0.265, 0.152, 0.231, 0.256, 0.245, 0.237, 0.196], "d0": "0", "d5": "0", "d11": "0.751", "eff": 0.96, "tick": "358521", "goal": "0", "here": "0", "t": 1789617947.15}
{"x": -0.455, "y": 11.629, "h": 159.5, "scan": [0.789, 0.773, 0.604, 0.395, 0.754, 0.82, 0.618, 0.3, 0.281, 0.186, 0.197, 0.291, 0.216, 0.24, 0.192, 0.292], "d0": "0", "d5": "0", "d11": "0.760", "eff": 0.95, "tick": "358567", "goal": "0", "here": "0", "t": 1789617947.61}
{"x": -0.443, "y": 11.591, "h": 166.0, "scan": [0.726, 0.765, 0.561, 0.44, 0.842, 0.771, 0.474, 0.324, 0.295, 0.225, 0.312, 0.228, 0.259, 0.159, 0.238, 0.914], "d0": "0", "d5": "0", "d11": "0.806", "eff": 0.95, "tick": "358608", "goal": "0", "here": "0", "t": 1789617948.05}
{"x": -0.438, "y": 11.556, "h": 175.6, "scan": [0.695, 0.745, 0.526, 0.448, 0.778, 0.823, 0.436, 0.352, 0.273, 0.278, 0.259, 0.267, 0.163, 0.181, 0.243, 0.787], "d0": "0", "d5": "0", "d11": "0.839", "eff": 0.95, "tick": "358651", "goal": "0", "here": "0", "t": 1789617948.45}
{"x": -0.437, "y": 11.517, "h": 180.6, "scan": [0.68, 0.698, 0.483, 0.453, 0.782, 0.828, 0.438, 0.383, 0.285, 0.362, 0.271, 0.232, 0.153, null, 0.88, 0.717], "d0": "0", "d5": "0", "d11": "0.839", "eff": 0.95, "tick": "358689", "goal": "0", "here": "0", "t": 1789617948.86}
{"x": -0.439, "y": 11.477, "h": 184.5, "scan": [0.667, 0.498, 0.445, 0.416, 0.802, 0.727, 0.449, 0.433, 0.31, 0.405, 0.289, 0.17, 0.169, 0.207, 0.844, 0.627], "d0": "0", "d5": "0", "d11": "0.849", "eff": 0.95, "tick": "358736", "goal": "0", "here": "0", "t": 1789617949.3}
{"x": -0.445, "y": 11.437, "h": 187.9, "scan": [0.65, 0.48, 0.405, 0.411, 0.829, 0.723, 0.504, 0.451, 0.36, 0.334, null, 0.172, 0.2, 2.566, 0.683, 0.586], "d0": "0", "d5": "0", "d11": "0.844", "eff": 0.95, "tick": "358780", "goal": "0", "here": "0", "t": 1789617949.74}
{"x": -0.452, "y": 11.399, "h": 190.6, "scan": [0.586, 0.458, 0.38, 0.369, 0.835, 0.749, 0.497, 0.493, 0.4, 0.372, 0.189, 0.196, 0.199, 1.833, 0.686, 0.531], "d0": "0", "d5": "0", "d11": "0.841", "eff": 0.95, "tick": "358821", "goal": "0", "here": "0", "t": 1789617950.15}
{"x": -0.458, "y": 11.363, "h": 193.2, "scan": [0.558, 0.426, 0.384, 0.289, 0.785, 0.845, 0.54, 0.515, 0.415, 0.393, 0.212, 0.221, 2.264, 1.804, 0.636, 0.51], "d0": "0", "d5": "0", "d11": "0.837", "eff": 0.95, "tick": "358863", "goal": "0", "here": "0", "t": 1789617950.56}
{"x": -0.463, "y": 11.325, "h": 185.8, "scan": [0.513, 0.555, 0.371, 0.326, 0.428, 0.825, 0.726, 0.543, 0.438, null, 0.243, 0.245, 0.315, 2.435, 0.621, 0.504], "d0": "0", "d5": "0", "d11": "0.833", "eff": 0.95, "tick": "358910", "goal": "0", "here": "0", "t": 1789617951.03}
{"x": -0.462, "y": 11.285, "h": 176.1, "scan": [0.465, 0.514, 0.354, 0.338, 0.298, 0.874, 0.767, 0.585, 0.529, 0.548, 0.252, 0.247, 0.31, 1.443, 0.606, 0.488], "d0": "0", "d5": "0", "d11": "0.840", "eff": 0.91, "tick": "358951", "goal": "0", "here": "0", "t": 1789617951.51}
{"x": -0.458, "y": 11.244, "h": 171.8, "scan": [0.408, 0.471, 0.391, 0.329, 0.315, 0.452, 0.939, 0.628, 0.622, 0.571, 0.299, 0.258, 0.322, 1.989, 0.724, 0.482], "d0": "0", "d5": "0", "d11": "0.819", "eff": 0.9, "tick": "358997", "goal": "0", "here": "0", "t": 1789617951.91}
{"x": -0.449, "y": 11.207, "h": 164.8, "scan": [0.372, 0.413, 0.434, 0.324, 0.339, 0.316, 0.887, 0.809, 0.639, 0.564, 0.364, 0.264, 0.291, 2.257, 0.733, 0.506], "d0": "0", "d5": "0", "d11": "0.782", "eff": 0.9, "tick": "359039", "goal": "0", "here": "0", "t": 1789617952.32}
{"x": -0.437, "y": 11.17, "h": 159.5, "scan": [0.355, 0.381, null, 0.335, 0.314, 0.328, 0.908, 0.868, 0.675, 0.567, 0.51, 0.274, 0.324, 2.217, 2.38, 0.527], "d0": "0", "d5": "0", "d11": "0.781", "eff": 0.9, "tick": "359081", "goal": "0", "here": "0", "t": 1789617952.74}
{"x": -0.42, "y": 11.133, "h": 152.7, "scan": [0.357, 0.308, 0.37, 0.435, 0.3, 0.347, 0.34, 1.023, 0.728, 0.679, 0.573, 0.272, 0.311, 1.31, 1.328, 0.476], "d0": "0", "d5": "0", "d11": "0.793", "eff": 0.9, "tick": "359122", "goal": "0", "here": "0", "t": 1789617953.16}
{"x": -0.4, "y": 11.099, "h": 147.3, "scan": [0.34, 0.267, 0.32, 0.371, 0.346, 0.316, 0.384, 0.973, 0.866, 0.752, 0.703, 0.31, 0.307, 0.733, 1.787, 0.438], "d0": "0", "d5": "0", "d11": "0.770", "eff": 0.9, "tick": "359166", "goal": "0", "here": "0", "t": 1789617953.6}
{"x": -0.376, "y": 11.068, "h": 142.8, "scan": [0.351, 0.252, 0.252, 0.334, 0.415, 0.321, 0.381, 0.412, 0.964, 0.781, 0.708, 0.327, 0.334, 0.607, 2.203, 0.599], "d0": "0", "d5": "0", "d11": "0.765", "eff": 0.9, "tick": "359207", "goal": "0", "here": "0", "t": 1789617954.01}
{"x": -0.348, "y": 11.037, "h": 133.4, "scan": [0.367, 0.235, 0.214, 0.269, 0.363, 0.36, 0.357, 0.429, 1.062, 0.8, 0.681, 0.351, 0.321, 0.516, 2.136, 0.593], "d0": "0", "d5": "0", "d11": "0.786", "eff": 0.9, "tick": "359253", "goal": "0", "here": "0", "t": 1789617954.46}
{"x": -0.318, "y": 11.012, "h": 127.7, "scan": [0.352, 0.248, 0.2, 0.2, 0.318, 0.439, 0.371, 0.472, 1.066, 0.867, 0.735, 0.356, 0.317, 0.515, 2.112, 2.17], "d0": "0", "d5": "0", "d11": "0.795", "eff": 0.9, "tick": "359294", "goal": "0", "here": "0", "t": 1789617954.88}
{"x": -0.286, "y": 10.991, "h": 121.3, "scan": [0.328, 0.262, 0.183, 0.164, 0.247, 0.364, 0.406, 0.454, 0.536, 1.015, 0.853, 0.39, 0.311, 0.456, 1.078, 1.45], "d0": "0", "d5": "0", "d11": "0.799", "eff": 0.9, "tick": "359336", "goal": "0", "here": "0", "t": 1789617955.29}
{"x": -0.251, "y": 10.972, "h": 114.3, "scan": [0.295, 0.262, 0.188, 0.16, 0.158, 0.33, 0.457, 0.445, 0.525, 1.105, 0.89, 0.429, 0.345, 0.465, 0.708, 2.085], "d0": "0", "d5": "0", "d11": "0.827", "eff": 0.9, "tick": "359377", "goal": "0", "here": "0", "t": 1789617955.7}
{"x": -0.217, "y": 10.959, "h": 107.6, "scan": [0.435, 0.227, 0.191, 0.158, 0.16, 0.214, 0.415, 0.416, 0.563, 1.184, 0.915, 0.477, 0.305, 0.446, 0.61, 2.029], "d0": "0", "d5": "0", "d11": "0.859", "eff": 0.9, "tick": "359417", "goal": "0", "here": "0", "t": 1789617956.11}
{"x": -0.18, "y": 10.949, "h": 104.5, "scan": [2.03, 0.207, 0.218, 0.151, 0.154, 0.194, 0.402, 0.467, 0.583, 1.269, 0.941, 0.464, 0.309, 0.452, 0.594, 2.016], "d0": "0", "d5": "0", "d11": "0.902", "eff": 0.9, "tick": "359461", "goal": "0", "here": "0", "t": 1789617956.55}
{"x": -0.176, "y": 10.946, "h": 124.6, "scan": [0.213, 0.211, 0.156, 0.131, 0.169, 0.397, 0.488, 0.568, 1.306, 0.954, 0.354, 0.321, 0.441, 0.569, 2.036, 2.022], "d0": "0", "d5": "0", "d11": "0.917", "eff": 0.92, "tick": "359506", "goal": "0", "here": "0", "t": 1789617956.99}
{"x": -0.177, "y": 10.948, "h": 153.6, "scan": [0.206, 0.143, 0.146, 0.192, 0.437, 0.47, 0.614, 1.18, 0.942, 0.341, 0.339, 0.45, 0.633, 1.943, 0.4, 0.201], "d0": "0", "d5": "0", "d11": "0.936", "eff": 0.92, "tick": "359549", "goal": "0", "here": "0", "t": 1789617957.42}
{"x": -0.178, "y": 10.949, "h": 185.6, "scan": [0.142, 0.139, 0.222, 0.512, 0.49, 0.617, 1.133, 0.844, 0.338, 0.391, 0.445, 0.986, 1.999, 0.211, 0.2, 0.165], "d0": "0", "d5": "0", "d11": "0.963", "eff": 0.94, "tick": "359594", "goal": "0", "here": "0", "t": 1789617957.91}
{"x": -0.177, "y": 10.951, "h": 214.5, "scan": [0.171, 0.388, 0.5, 0.587, 1.254, 0.967, 0.498, 0.327, 0.437, 0.542, 2.006, 2.058, 0.194, 0.222, 0.16, 0.158], "d0": "0", "d5": "0", "d11": "0.974", "eff": 0.98, "tick": "359643", "goal": "0", "here": "0", "t": 1789617958.36}
{"x": -0.175, "y": 10.952, "h": 240.8, "scan": [0.435, 0.488, 0.601, 1.199, 0.916, 0.351, 0.312, 0.429, 0.615, 1.975, 0.421, 0.206, 0.212, 0.167, 0.161, 0.187], "d0": "0", "d5": "0", "d11": "0.958", "eff": 0.98, "tick": "359685", "goal": "0", "here": "0", "t": 1789617958.79}
{"x": -0.18, "y": 10.951, "h": 265.9, "scan": [0.465, 0.605, 1.164, 0.915, 0.323, 0.336, 0.44, 0.64, 1.952, 0.411, 0.209, 0.199, 0.168, 0.145, 0.204, 0.445], "d0": "0", "d5": "0", "d11": "0.950", "eff": 0.99, "tick": "359725", "goal": "0", "here": "0", "t": 1789617959.19}
{"x": -0.217, "y": 10.954, "h": 275.8, "scan": [0.487, 0.58, 1.062, 0.832, 0.33, 0.377, 0.461, 1.114, 1.405, 0.234, 0.229, 0.154, 0.139, 0.154, 0.339, 0.478], "d0": "0", "d5": "0", "d11": "0.942", "eff": 1.0, "tick": "359767", "goal": "0", "here": "0", "t": 1789617959.6}
{"x": -0.257, "y": 10.961, "h": 282.5, "scan": [0.494, 1.145, 0.923, 0.755, 0.331, 0.409, 0.531, 2.064, 2.1, 0.262, 0.207, 0.174, 0.144, 0.2, 0.362, 0.409], "d0": "0", "d5": "0", "d11": "0.920", "eff": 0.97, "tick": "359811", "goal": "0", "here": "0", "t": 1789617960.04}
{"x": -0.297, "y": 10.974, "h": 290.0, "scan": [0.49, 1.203, 0.904, 0.784, 0.321, 0.437, 0.603, 2.083, 0.509, 0.302, 0.189, 0.144, 0.149, 0.293, 0.435, 0.371], "d0": "0", "d5": "0", "d11": "0.912", "eff": 0.97, "tick": "359855", "goal": "0", "here": "0", "t": 1789617960.51}
{"x": -0.336, "y": 10.99, "h": 290.7, "scan": [0.47, 1.066, 0.852, 0.754, 0.336, 0.444, 0.664, 2.077, 0.369, 0.287, 0.192, 0.168, 0.228, 0.321, 0.382, 0.345], "d0": "0", "d5": "0", "d11": "0.898", "eff": 0.97, "tick": "359901", "goal": "0", "here": "0", "t": 1789617960.95}
{"x": -0.371, "y": 11.004, "h": 292.6, "scan": [0.436, 1.037, 0.826, 0.734, 0.341, 0.361, 0.622, 2.13, 0.371, null, 0.193, 0.202, 0.255, 0.329, 0.329, 0.331], "d0": "0", "d5": "0", "d11": "0.894", "eff": 0.97, "tick": "359941", "goal": "0", "here": "0", "t": 1789617961.35}
{"x": -0.406, "y": 11.018, "h": 289.9, "scan": [0.388, 1.127, 0.825, 0.71, 0.427, 0.343, 0.583, 2.176, 0.598, 0.332, 0.216, 0.229, 0.297, 0.316, 0.284, 0.318], "d0": "0", "d5": "0", "d11": "0.891", "eff": 0.97, "tick": "359982", "goal": "0", "here": "0", "t": 1789617961.76}
{"x": -0.445, "y": 11.031, "h": 288.6, "scan": [0.348, 0.982, 0.862, 0.811, 0.664, 0.341, 0.567, 2.248, 0.681, 0.372, 0.226, 0.227, 0.277, 0.309, 0.276, 0.277], "d0": "0", "d5": "0", "d11": "0.883", "eff": 0.97, "tick": "360027", "goal": "0", "here": "0", "t": 1789617962.2}
{"x": -0.482, "y": 11.042, "h": 283.4, "scan": [0.314, 0.355, 0.922, 0.787, 0.777, 0.393, 0.506, 1.387, 2.332, 0.436, 0.25, 0.268, 0.282, 0.289, 0.225, 0.214], "d0": "0", "d5": "0", "d11": "0.896", "eff": 0.97, "tick": "360069", "goal": "0", "here": "0", "t": 1789617962.62}
{"x": -0.512, "y": 11.054, "h": 291.1, "scan": [0.285, 1.016, 0.778, 0.77, 0.68, 0.38, 0.617, 2.278, 0.515, 0.325, 0.274, 0.3, 0.277, 0.287, 0.202, 0.23], "d0": "0", "d5": "0", "d11": "0.924", "eff": 0.96, "tick": "360114", "goal": "0", "here": "0", "t": 1789617963.08}
{"x": -0.542, "y": 11.067, "h": 297.5, "scan": [0.271, 0.875, 0.76, 0.673, 0.465, 0.399, 0.809, 2.067, 0.511, 0.316, 0.279, 0.293, 0.31, 0.199, 0.198, 0.256], "d0": "0", "d5": "0", "d11": "0.927", "eff": 0.96, "tick": "360158", "goal": "0", "here": "0", "t": 1789617963.52}
{"x": -0.571, "y": 11.089, "h": 312.4, "scan": [0.271, 0.825, 0.729, 0.729, 0.456, 0.453, 2.345, 0.782, 0.402, 0.305, 0.336, 0.317, 0.195, 0.158, 0.201, 0.227], "d0": "0", "d5": "0", "d11": "0.923", "eff": 0.96, "tick": "360199", "goal": "0", "here": "0", "t": 1789617963.93}
{"x": -0.595, "y": 11.114, "h": 323.9, "scan": [0.826, 0.693, 0.669, 0.627, 0.389, 0.758, 1.733, 0.578, 0.355, 0.348, 0.317, 0.17, 0.157, 0.18, 0.222, 0.214], "d0": "0", "d5": "0", "d11": "0.929", "eff": 0.96, "tick": "360246", "goal": "0", "here": "0", "t": 1789617964.39}
{"x": -0.608, "y": 11.142, "h": 337.4, "scan": [0.694, 0.691, 0.718, 0.435, 0.434, 2.334, 0.813, 0.404, 0.372, 0.342, 0.236, 0.164, 0.171, 0.211, 0.202, 0.903], "d0": "0", "d5": "0", "d11": "0.920", "eff": 0.96, "tick": "360288", "goal": "0", "here": "0", "t": 1789617964.81}
{"x": -0.618, "y": 11.177, "h": 348.8, "scan": [0.644, 0.638, 0.598, 0.417, 0.672, 2.127, 0.612, 0.416, 0.405, 0.359, 0.189, 0.189, 0.199, 0.166, 0.187, 0.766], "d0": "0", "d5": "0", "d11": "0.906", "eff": 0.96, "tick": "360328", "goal": "0", "here": "0", "t": 1789617965.21}
{"x": -0.622, "y": 11.214, "h": 355.7, "scan": [0.582, 0.569, 0.552, 0.395, 0.882, 2.467, 0.611, 0.438, 0.436, 0.262, 0.2, 0.192, 0.181, 0.184, 0.846, 0.711], "d0": "0", "d5": "0", "d11": "0.874", "eff": 0.96, "tick": "360368", "goal": "0", "here": "0", "t": 1789617965.62}
{"x": -0.623, "y": 11.253, "h": 0.8, "scan": [0.585, 0.575, 0.546, 0.393, 0.995, 2.534, 0.593, 0.464, 0.442, 0.239, null, 0.196, 0.159, 0.745, 0.729, 0.556], "d0": "0", "d5": "0", "d11": "0.870", "eff": 0.96, "tick": "360409", "goal": "0", "here": "0", "t": 1789617966.03}
{"x": -0.62, "y": 11.29, "h": 7.6, "scan": [0.574, 0.602, 0.497, 0.379, 2.334, 0.896, 0.566, 0.505, 0.455, 0.26, 0.247, 0.16, 0.169, 0.731, 0.682, 0.544], "d0": "0", "d5": "0", "d11": "0.830", "eff": 0.96, "tick": "360451", "goal": "0", "here": "0", "t": 1789617966.44}
{"x": -0.615, "y": 11.328, "h": 5.5, "scan": [0.533, 0.552, 0.479, 0.365, 2.348, 2.111, 0.637, 0.523, 0.503, 0.292, 0.226, 0.167, 0.286, 0.71, 0.667, 0.492], "d0": "0", "d5": "0", "d11": "0.808", "eff": 0.96, "tick": "360492", "goal": "0", "here": "0", "t": 1789617966.86}
{"x": -0.613, "y": 11.367, "h": 358.8, "scan": [0.474, 0.425, 0.475, 0.318, 0.34, 1.553, 0.741, 0.548, 0.557, 0.32, 0.284, 0.192, 0.293, 0.73, 0.638, 0.476], "d0": "0", "d5": "0", "d11": "0.791", "eff": 0.96, "tick": "360533", "goal": "0", "here": "0", "t": 1789617967.27}
{"x": -0.616, "y": 11.406, "h": 353.7, "scan": [0.437, 0.411, 0.55, 0.423, 0.362, 1.98, 0.766, 0.611, 0.598, 0.358, 0.303, 0.158, 0.316, 0.735, 0.63, 0.444], "d0": "0", "d5": "0", "d11": "0.770", "eff": 0.94, "tick": "360576", "goal": "0", "here": "0", "t": 1789617967.69}
{"x": -0.622, "y": 11.446, "h": 349.3, "scan": [0.384, 0.442, 0.441, null, 0.316, 0.367, 1.942, 0.679, 0.612, 0.445, 0.328, 0.221, 0.331, 0.709, 0.679, 0.461], "d0": "0", "d5": "0", "d11": "0.708", "eff": 0.94, "tick": "360618", "goal": "0", "here": "0", "t": 1789617968.12}
{"x": -0.632, "y": 11.483, "h": 345.2, "scan": [0.375, 0.396, 0.361, 0.446, 0.386, 0.362, 2.659, 0.828, 0.646, 0.647, 0.339, 0.258, 0.313, 0.638, 0.709, 0.528], "d0": "0", "d5": "0", "d11": "0.685", "eff": 0.94, "tick": "360659", "goal": "0", "here": "0", "t": 1789617968.53}
{"x": -0.646, "y": 11.52, "h": 336.3, "scan": [0.362, 0.355, 0.357, 0.471, 0.443, 0.312, 1.863, 0.854, 0.683, 0.679, 0.383, 0.286, 0.306, 0.596, 0.632, 0.512], "d0": "0", "d5": "0", "d11": "0.646", "eff": 0.94, "tick": "360700", "goal": "0", "here": "0", "t": 1789617968.97}
{"x": -0.664, "y": 11.556, "h": 329.0, "scan": [0.314, 0.295, 0.359, 0.321, 0.405, 0.404, 0.4, 1.061, 0.751, 0.741, 0.415, 0.284, 0.304, 0.583, 0.585, 0.479], "d0": "0", "d5": "0", "d11": "0.643", "eff": 0.91, "tick": "360744", "goal": "0", "here": "0", "t": 1789617969.38}
{"x": -0.684, "y": 11.588, "h": 322.9, "scan": [0.305, 0.253, 0.293, 0.327, 0.468, 0.446, 0.355, 2.271, 0.904, 0.778, 0.483, 0.291, 0.316, 0.613, 0.59, 0.487], "d0": "0", "d5": "0", "d11": "0.599", "eff": 0.91, "tick": "360785", "goal": "0", "here": "0", "t": 1789617969.79}
{"x": -0.71, "y": 11.62, "h": 317.0, "scan": [0.366, 0.231, 0.228, 0.314, 0.304, 0.433, 0.423, 0.469, 0.972, 0.799, 0.55, 0.311, 0.319, 0.641, null, 0.477], "d0": "0", "d5": "0", "d11": "0.587", "eff": 0.91, "tick": "360829", "goal": "0", "here": "0", "t": 1789617970.23}
{"x": -0.731, "y": 11.642, "h": 318.7, "scan": [0.305, 0.218, 0.196, 0.315, 0.318, 0.424, 0.438, 0.487, 0.986, 0.816, 0.506, 0.319, 0.48, 0.568, 0.541, 0.428], "d0": "0", "d5": "0", "d11": "0.581", "eff": 0.91, "tick": "360874", "goal": "0", "here": "0", "t": 1789617970.68}
{"x": -0.731, "y": 11.644, "h": 345.5, "scan": [0.233, 0.218, 0.332, 0.319, 0.441, 0.414, 2.17, 0.905, 0.822, 0.335, 0.325, 0.534, 0.536, 0.531, 0.414, 0.259], "d0": "0", "d5": "0", "d11": "0.586", "eff": 0.93, "tick": "360919", "goal": "0", "here": "0", "t": 1789617971.15}
{"x": -0.733, "y": 11.65, "h": 10.3, "scan": [0.234, 0.305, 0.308, 0.457, 0.421, 2.879, 0.986, 0.823, 0.468, 0.334, 0.546, 0.529, 0.531, 0.392, 0.241, 0.212], "d0": "0", "d5": "0", "d11": "0.612", "eff": 0.88, "tick": "360968", "goal": "0", "here": "0", "t": 1789617971.65}
{"x": -0.731, "y": 11.653, "h": 34.3, "scan": [0.299, 0.3, 0.446, 0.412, 2.34, 0.938, 0.836, 0.478, 0.326, 0.554, 0.543, 0.533, 0.374, 0.239, 0.218, 0.215], "d0": "0", "d5": "0", "d11": "0.634", "eff": 0.9, "tick": "361012", "goal": "0", "here": "0", "t": 1789617972.09}
{"x": -0.714, "y": 11.667, "h": 50.4, "scan": [0.293, 0.426, 0.451, 0.479, 0.972, 0.825, 0.545, 0.338, 0.526, 0.557, 0.542, 0.421, 0.225, 0.192, 0.19, 0.276], "d0": "0", "d5": "0", "d11": "0.679", "eff": 0.91, "tick": "361058", "goal": "0", "here": "0", "t": 1789617972.51}
{"x": -0.683, "y": 11.688, "h": 61.4, "scan": [0.258, 0.391, 0.395, 2.125, 0.916, 0.845, 0.483, 0.382, 0.61, 0.642, 0.586, 0.374, 0.195, 0.184, 0.199, null], "d0": "0", "d5": "0", "d11": "0.705", "eff": 0.91, "tick": "361098", "goal": "0", "here": "0", "t": 1789617972.92}
{"x": -0.648, "y": 11.705, "h": 66.7, "scan": [0.402, 0.406, 0.384, 1.13, 0.867, 0.829, 0.387, 0.407, 0.684, 0.593, 0.437, 0.223, 0.152, 0.171, 0.228, 0.215], "d0": "0", "d5": "0", "d11": "0.712", "eff": 0.91, "tick": "361139", "goal": "0", "here": "0", "t": 1789617973.33}
{"x": -0.621, "y": 11.709, "h": 84.9, "scan": [0.349, 0.358, 0.464, 0.939, 0.88, 0.576, 0.41, 0.678, 0.691, 0.498, 0.225, 0.186, 0.186, 0.221, 0.181, 0.258], "d0": "0", "d5": "0", "d11": "0.749", "eff": 0.91, "tick": "361184", "goal": "0", "here": "0", "t": 1789617973.83}
{"x": -0.583, "y": 11.709, "h": 94.1, "scan": [0.373, 0.324, 1.071, 0.827, 0.833, 0.422, 0.471, 0.68, 0.637, 0.438, 0.192, 0.198, 0.202, 0.183, null, 0.299], "d0": "0", "d5": "0", "d11": "0.759", "eff": 0.92, "tick": "361230", "goal": "0", "here": "0", "t": 1789617974.24}
{"x": -0.544, "y": 11.7, "h": 106.9, "scan": [0.304, 0.354, 0.918, 0.818, 0.63, 0.431, 0.714, 0.74, 0.582, 0.279, 0.195, 0.232, 0.17, 0.179, 0.312, 0.301], "d0": "0", "d5": "0", "d11": "0.764", "eff": 0.92, "tick": "361275", "goal": "0", "here": "0", "t": 1789617974.68}
{"x": -0.506, "y": 11.687, "h": 110.8, "scan": [0.263, 0.339, null, 0.834, 0.62, 0.462, 0.767, 0.778, 0.561, 0.258, 0.204, 0.202, 0.146, 0.236, 0.246, 0.281], "d0": "0", "d5": "0", "d11": "0.761", "eff": 0.92, "tick": "361318", "goal": "0", "here": "0", "t": 1789617975.12}
{"x": -0.481, "y": 11.676, "h": 121.9, "scan": [0.23, 0.864, 0.773, 0.834, null, 0.502, 0.771, 0.77, 0.315, 0.253, 0.246, 0.171, 0.184, 0.278, 0.219, 0.265], "d0": "0", "d5": "0", "d11": "0.730", "eff": 0.92, "tick": "361360", "goal": "0", "here": "0", "t": 1789617975.53}
{"x": -0.46, "y": 11.66, "h": 135.9, "scan": [0.287, 0.891, 0.807, 0.659, 0.439, 0.759, 0.834, 0.615, 0.296, 0.294, 0.183, 0.161, 0.289, 0.208, 0.24, 0.212], "d0": "0", "d5": "0", "d11": "0.729", "eff": 0.93, "tick": "361398", "goal": "0", "here": "0", "t": 1789617975.95}
{"x": -0.455, "y": 11.65, "h": 155.9, "scan": [0.87, 0.772, 0.657, 0.433, 0.745, 0.852, 0.63, 0.302, 0.295, 0.173, 0.167, 0.283, 0.228, 0.235, 0.21, 0.288], "d0": "0", "d5": "0", "d11": "0.731", "eff": 0.92, "tick": "361443", "goal": "0", "here": "0", "t": 1789617976.36}
{"x": -0.44, "y": 11.611, "h": 161.9, "scan": [0.753, 0.776, 0.584, 0.413, 0.874, 0.787, 0.6, 0.319, 0.305, 0.214, 0.3, 0.208, 0.25, 0.181, 0.179, 0.928], "d0": "0", "d5": "0", "d11": "0.733", "eff": 0.92, "tick": "361488", "goal": "0", "here": "0", "t": 1789617976.81}
{"x": -0.433, "y": 11.574, "h": 173.0, "scan": [0.676, 0.762, 0.547, 0.461, 0.788, 0.846, 0.408, 0.346, 0.251, 0.274, 0.279, 0.249, 0.182, 0.169, 0.234, 0.785], "d0": "0", "d5": "0", "d11": "0.734", "eff": 0.92, "tick": "361528", "goal": "0", "here": "0", "t": 1789617977.22}
{"x": -0.431, "y": 11.536, "h": 179.8, "scan": [0.703, 0.69, 0.485, 0.479, 0.82, 0.731, 0.43, 0.372, 0.26, 0.341, 0.244, 0.232, 0.149, 0.21, 0.894, 0.737], "d0": "0", "d5": "0", "d11": "0.745", "eff": 0.92, "tick": "361571", "goal": "0", "here": "0", "t": 1789617977.64}
{"x": -0.434, "y": 11.497, "h": 189.3, "scan": [0.681, 0.53, 0.442, 0.45, 0.853, 0.691, 0.445, 0.4, 0.288, 0.371, 0.297, 0.17, 0.167, 0.206, 0.873, 0.657], "d0": "0", "d5": "0", "d11": "0.744", "eff": 0.92, "tick": "361612", "goal": "0", "here": "0", "t": 1789617978.06}
{"x": -0.439, "y": 11.46, "h": 191.5, "scan": [0.658, 0.473, 0.405, 0.461, 0.872, 0.693, 0.464, 0.446, 0.337, 0.323, 0.277, 0.142, 0.192, 2.563, 0.691, 0.584], "d0": "0", "d5": "0", "d11": "0.789", "eff": 0.92, "tick": "361653", "goal": "0", "here": "0", "t": 1789617978.47}
{"x": -0.447, "y": 11.419, "h": 190.2, "scan": [0.619, 0.463, 0.402, 0.426, 0.881, 0.742, 0.485, 0.467, 0.385, 0.326, 0.195, 0.178, 0.215, 1.831, 0.699, 0.539], "d0": "0", "d5": "0", "d11": "0.828", "eff": 0.92, "tick": "361697", "goal": "0", "here": "0", "t": 1789617978.91}
{"x": -0.456, "y": 11.379, "h": 191.9, "scan": [0.579, 0.43, 0.385, 0.346, 0.84, 0.738, 0.516, 0.5, 0.441, 0.379, 0.2, 0.215, 2.314, 1.798, 0.661, 0.54], "d0": "0", "d5": "0", "d11": "0.842", "eff": 0.92, "tick": "361741", "goal": "0", "here": "0", "t": 1789617979.35}
{"x": -0.462, "y": 11.345, "h": 185.5, "scan": [0.553, 0.488, 0.379, 0.319, 0.785, 0.867, 0.597, 0.515, 0.415, 0.426, 0.236, 0.217, 0.849, 2.536, 0.649, 0.493], "d0": "0", "d5": "0", "d11": "0.882", "eff": 0.92, "tick": "361785", "goal": "0", "here": "0", "t": 1789617979.79}
{"x": -0.464, "y": 11.306, "h": 182.4, "scan": [0.488, 0.526, 0.369, 0.349, 0.29, 0.874, 0.784, 0.548, 0.497, 0.554, 0.251, 0.237, 0.302, 1.421, 0.605, 0.479], "d0": "0", "d5": "0", "d11": "0.889", "eff": 0.92, "tick": "361830", "goal": "0", "here": "0", "t": 1789617980.23}
{"x": -0.461, "y": 11.264, "h": 175.6, "scan": [0.444, 0.481, 0.364, 0.345, 0.327, 0.802, 0.839, 0.619, 0.605, 0.576, 0.282, 0.246, 0.302, 1.651, 0.738, 0.487], "d0": "0", "d5": "0", "d11": "0.892", "eff": 0.93, "tick": "361871", "goal": "0", "here": "0", "t": 1789617980.68}
{"x": -0.454, "y": 11.223, "h": 164.8, "scan": [0.377, 0.451, 0.48, 0.319, 0.333, 0.315, 0.9, 0.741, 0.615, 0.566, 0.326, 0.283, 0.301, 2.272, 0.711, 0.487], "d0": "0", "d5": "0", "d11": "0.905", "eff": 0.93, "tick": "361918", "goal": "0", "here": "0", "t": 1789617981.12}
{"x": -0.441, "y": 11.183, "h": 160.3, "scan": [0.358, 0.386, 0.446, 0.315, 0.332, 0.345, 0.939, 0.841, 0.632, 0.577, 0.496, 0.268, 0.316, 2.174, 2.467, 0.524], "d0": "0", "d5": "0", "d11": "0.907", "eff": 0.93, "tick": "361962", "goal": "0", "here": "0", "t": 1789617981.58}
{"x": -0.426, "y": 11.147, "h": 152.2, "scan": [0.351, 0.332, 0.403, 0.435, 0.302, 0.345, 0.345, 0.941, 0.727, 0.631, 0.544, 0.294, 0.324, 2.213, 2.271, 0.495], "d0": "0", "d5": "0", "d11": "0.888", "eff": 0.93, "tick": "362006", "goal": "0", "here": "0", "t": 1789617982.0}
{"x": -0.408, "y": 11.116, "h": 147.5, "scan": [0.353, 0.283, 0.343, 0.4, 0.313, 0.36, 0.366, 0.985, 0.757, 0.714, 0.589, 0.299, 0.321, 0.784, 1.364, 0.466], "d0": "0", "d5": "0", "d11": "0.896", "eff": 0.93, "tick": "362043", "goal": "0", "here": "0", "t": 1789617982.44}
{"x": -0.382, "y": 11.079, "h": 140.8, "scan": [0.347, 0.254, 0.272, 0.355, 0.394, 0.297, 0.381, 0.418, 0.95, 0.753, 0.714, 0.3, 0.33, 0.652, 2.178, 0.436], "d0": "0", "d5": "0", "d11": "0.888", "eff": 0.96, "tick": "362093", "goal": "0", "here": "0", "t": 1789617982.87}
{"x": -0.357, "y": 11.051, "h": 136.0, "scan": [0.388, 0.252, 0.214, 0.316, 0.362, 0.337, 0.371, 0.434, 1.007, 0.765, 0.724, 0.32, 0.339, 0.549, 2.122, 0.594], "d0": "0", "d5": "0", "d11": "0.902", "eff": 0.96, "tick": "362135", "goal": "0", "here": "0", "t": 1789617983.28}
{"x": -0.328, "y": 11.025, "h": 128.1, "scan": [0.336, 0.235, 0.185, 0.233, 0.362, 0.425, 0.36, 0.465, 1.13, 0.847, 0.699, 0.342, 0.313, 0.52, 2.14, 2.179], "d0": "0", "d5": "0", "d11": "0.859", "eff": 0.96, "tick": "362175", "goal": "0", "here": "0", "t": 1789617983.69}
{"x": -0.292, "y": 11.0, "h": 121.7, "scan": [0.304, null, 0.188, 0.171, 0.283, 0.397, 0.382, 0.443, 1.123, 0.923, 0.777, 0.37, 0.314, 0.493, 1.2, 1.247], "d0": "0", "d5": "0", "d11": "0.840", "eff": 0.96, "tick": "362220", "goal": "0", "here": "0", "t": 1789617984.16}
{"x": -0.258, "y": 10.981, "h": 118.2, "scan": [0.285, 0.269, 0.193, 0.146, 0.184, 0.342, 0.434, 0.459, 0.52, 1.08, 0.879, 0.412, 0.325, 0.459, 0.714, 2.091], "d0": "0", "d5": "0", "d11": "0.847", "eff": 0.96, "tick": "362264", "goal": "0", "here": "0", "t": 1789617984.58}
{"x": -0.223, "y": 10.964, "h": 112.1, "scan": [0.42, 0.264, 0.197, 0.159, 0.167, 0.263, 0.456, 0.425, 0.569, 1.147, 0.918, 0.453, 0.314, 0.451, 0.645, 1.982], "d0": "0", "d5": "0", "d11": "0.827", "eff": 0.96, "tick": "362305", "goal": "0", "here": "0", "t": 1789617984.99}
{"x": -0.195, "y": 10.955, "h": 110.9, "scan": [0.42, 0.233, 0.167, 0.152, 0.17, 0.214, 0.453, 0.465, 0.592, 1.184, 0.941, 0.357, 0.327, 0.443, 0.643, null], "d0": "0", "d5": "0", "d11": "0.826", "eff": 0.95, "tick": "362347", "goal": "0", "here": "0", "t": 1789617985.4}
{"x": -0.181, "y": 10.949, "h": 129.2, "scan": [0.23, 0.237, 0.153, 0.155, 0.175, 0.396, 0.475, 0.59, 1.303, 0.948, 0.458, 0.328, 0.43, 0.592, 2.036, 2.036], "d0": "0", "d5": "0", "d11": "0.836", "eff": 0.94, "tick": "362394", "goal": "0", "here": "0", "t": 1789617985.88}
{"x": -0.178, "y": 10.946, "h": 150.2, "scan": [0.231, 0.159, 0.153, 0.147, 0.364, 0.486, 0.567, 1.272, 0.964, 0.495, 0.336, 0.44, 0.547, 2.017, 2.053, 0.206], "d0": "0", "d5": "0", "d11": "0.813", "eff": 0.94, "tick": "362436", "goal": "0", "here": "0", "t": 1789617986.32}
{"x": -0.179, "y": 10.948, "h": 178.2, "scan": [0.153, 0.136, 0.204, 0.478, 0.479, 0.615, 1.167, 0.941, 0.341, 0.353, 0.443, 0.697, 2.004, 0.402, 0.214, 0.188], "d0": "0", "d5": "0", "d11": "0.815", "eff": 0.96, "tick": "362486", "goal": "0", "here": "0", "t": 1789617986.79}
{"x": -0.178, "y": 10.949, "h": 204.5, "scan": [0.162, 0.241, 0.524, 0.501, 0.615, 1.044, 0.816, 0.316, 0.399, 0.456, 1.108, 1.726, 0.201, 0.225, 0.161, 0.144], "d0": "0", "d5": "0", "d11": "0.837", "eff": 0.97, "tick": "362529", "goal": "0", "here": "0", "t": 1789617987.23}
{"x": -0.177, "y": 10.95, "h": 239.1, "scan": [0.389, 0.479, 0.567, 1.261, 0.964, 0.491, 0.307, 0.432, 0.551, 2.003, 2.046, 0.195, 0.233, 0.164, 0.174, 0.157], "d0": "0", "d5": "0", "d11": "0.881", "eff": 0.97, "tick": "362577", "goal": "0", "here": "0", "t": 1789617987.7}
{"x": -0.179, "y": 10.95, "h": 268.4, "scan": [0.483, 0.602, 1.204, 0.917, 0.337, 0.33, 0.431, 0.608, 1.984, 0.408, 0.215, null, 0.165, 0.148, 0.195, 0.428], "d0": "0", "d5": "0", "d11": "0.920", "eff": 0.99, "tick": "362618", "goal": "0", "here": "0", "t": 1789617988.15}
{"x": -0.217, "y": 10.952, "h": 278.9, "scan": [0.462, 0.572, 1.042, 0.826, 0.35, 0.37, 0.479, 1.143, 1.393, 0.238, 0.23, 0.177, 0.149, 0.158, 0.339, 0.482], "d0": "0", "d5": "0", "d11": "0.909", "eff": 0.99, "tick": "362662", "goal": "0", "here": "0", "t": 1789617988.56}
{"x": -0.259, "y": 10.961, "h": 283.6, "scan": [0.495, 1.158, 0.923, 0.773, 0.329, 0.402, 0.524, 2.066, 2.13, 0.264, 0.208, 0.154, 0.139, 0.2, 0.358, 0.417], "d0": "0", "d5": "0", "d11": "0.952", "eff": 0.99, "tick": "362704", "goal": "0", "here": "0", "t": 1789617989.03}
{"x": -0.299, "y": 10.974, "h": 290.0, "scan": [0.516, 1.158, 0.868, 0.793, 0.315, 0.45, 0.63, 2.083, 0.488, 0.301, 0.172, 0.171, 0.159, 0.288, 0.441, 0.347], "d0": "0", "d5": "0", "d11": "0.954", "eff": 0.99, "tick": "362755", "goal": "0", "here": "0", "t": 1789617989.48}
{"x": -0.333, "y": 10.988, "h": 292.0, "scan": [0.464, 1.062, 0.843, 0.783, 0.34, 0.455, 0.68, 2.102, 0.352, 0.298, 0.171, 0.169, 0.219, 0.307, 0.377, 0.36], "d0": "0", "d5": "0", "d11": "0.964", "eff": 0.99, "tick": "362795", "goal": "0", "here": "0", "t": 1789617989.89}
{"x": -0.375, "y": 11.004, "h": 290.9, "scan": [0.415, 1.05, 0.835, 0.742, 0.325, 0.376, 0.635, 2.106, 0.371, 0.292, 0.194, 0.18, 0.264, 0.323, 0.338, 0.332], "d0": "0", "d5": "0", "d11": "0.958", "eff": 0.99, "tick": "362840", "goal": "0", "here": "0", "t": 1789617990.36}
{"x": -0.41, "y": 11.018, "h": 292.1, "scan": [0.387, 1.111, 0.822, 0.744, null, 0.348, 0.584, 2.206, 0.593, 0.326, 0.228, 0.201, 0.267, 0.321, 0.305, 0.29], "d0": "0", "d5": "0", "d11": "0.941", "eff": 0.99, "tick": "362884", "goal": "0", "here": "0", "t": 1789617990.77}
{"x": -0.448, "y": 11.031, "h": 287.3, "scan": [0.357, 0.995, 0.826, 0.811, 0.661, 0.343, 0.572, 2.253, 0.653, 0.368, 0.229, 0.248, 0.275, 0.295, 0.278, 0.271], "d0": "0", "d5": "0", "d11": "0.922", "eff": 0.99, "tick": "362927", "goal": "0", "here": "0", "t": 1789617991.2}
{"x": -0.488, "y": 11.042, "h": 285.7, "scan": [0.298, 0.348, 0.924, 0.788, 0.767, 0.398, 0.526, 1.398, 2.32, 0.403, 0.242, 0.265, 0.287, 0.305, 0.237, 0.226], "d0": "0", "d5": "0", "d11": "0.912", "eff": 0.99, "tick": "362971", "goal": "0", "here": "0", "t": 1789617991.64}
{"x": -0.513, "y": 11.05, "h": 291.0, "scan": [0.285, 1.033, 0.776, 0.765, 0.652, 0.359, 0.622, 2.258, 0.518, 0.324, 0.263, 0.271, 0.274, 0.292, 0.19, 0.21], "d0": "0", "d5": "0", "d11": "0.898", "eff": 0.99, "tick": "363012", "goal": "0", "here": "0", "t": 1789617992.06}
{"x": -0.535, "y": 11.064, "h": 303.9, "scan": [0.295, 0.897, 0.741, 0.717, 0.447, 0.409, 0.91, 1.431, 0.465, 0.276, 0.307, 0.293, 0.327, 0.196, 0.204, 0.261], "d0": "0", "d5": "0", "d11": "0.874", "eff": 0.99, "tick": "363053", "goal": "0", "here": "0", "t": 1789617992.47}
{"x": -0.564, "y": 11.089, "h": 318.3, "scan": [0.945, 0.742, 0.753, 0.765, 0.428, 0.614, 2.316, 0.59, 0.357, 0.303, 0.307, 0.305, 0.2, 0.165, 0.217, 0.247], "d0": "0", "d5": "0", "d11": "0.871", "eff": 0.99, "tick": "363095", "goal": "0", "here": "0", "t": 1789617992.89}
{"x": -0.582, "y": 11.111, "h": 327.0, "scan": [0.841, 0.714, 0.653, 0.625, 0.369, 0.848, 1.513, 0.562, 0.349, 0.33, 0.324, 0.207, 0.173, 0.186, 0.224, 0.239], "d0": "0", "d5": "0", "d11": "0.861", "eff": 0.95, "tick": "363137", "goal": "0", "here": "0", "t": 1789617993.3}
{"x": -0.6, "y": 11.144, "h": 337.2, "scan": [0.767, 0.67, 0.674, 0.447, 0.385, 2.356, 2.46, 0.479, 0.367, 0.374, 0.348, 0.191, 0.183, 0.204, 0.2, 0.853], "d0": "0", "d5": "0", "d11": "0.868", "eff": 0.95, "tick": "363178", "goal": "0", "here": "0", "t": 1789617993.71}
{"x": -0.613, "y": 11.181, "h": 344.9, "scan": [0.636, 0.671, 0.711, null, 0.438, 2.387, 0.638, 0.431, 0.404, 0.372, 0.206, 0.172, 0.187, 0.179, 0.192, 0.768], "d0": "0", "d5": "0", "d11": "0.855", "eff": 0.95, "tick": "363219", "goal": "0", "here": "0", "t": 1789617994.13}
{"x": -0.619, "y": 11.217, "h": 353.5, "scan": [0.594, 0.567, 0.559, 0.388, 0.698, 1.567, 0.651, 0.436, 0.448, 0.404, 0.208, 0.2, 0.192, 0.168, 0.767, 0.741], "d0": "0", "d5": "0", "d11": "0.872", "eff": 0.95, "tick": "363261", "goal": "0", "here": "0", "t": 1789617994.54}
{"x": -0.622, "y": 11.256, "h": 359.6, "scan": [0.574, 0.548, 0.534, 0.388, 0.901, 2.524, 0.628, 0.469, 0.463, 0.247, 0.22, 0.204, 0.163, 0.687, 0.777, 0.579], "d0": "0", "d5": "0", "d11": "0.876", "eff": 0.95, "tick": "363302", "goal": "0", "here": "0", "t": 1789617994.96}
{"x": -0.621, "y": 11.294, "h": 5.6, "scan": [0.572, 0.573, 0.516, 0.368, 2.388, 2.655, 0.608, 0.511, 0.458, 0.252, 0.243, 0.175, 0.162, 0.747, 0.697, 0.547], "d0": "0", "d5": "0", "d11": "0.874", "eff": 0.95, "tick": "363343", "goal": "0", "here": "0", "t": 1789617995.37}
{"x": -0.617, "y": 11.331, "h": 3.4, "scan": [0.537, 0.519, 0.484, 0.361, 0.973, 2.664, 0.654, 0.54, 0.51, 0.301, 0.248, 0.173, 0.282, 0.704, 0.678, 0.516], "d0": "0", "d5": "0", "d11": "0.876", "eff": 0.95, "tick": "363385", "goal": "0", "here": "0", "t": 1789617995.78}
{"x": -0.614, "y": 11.37, "h": 0.7, "scan": [0.497, 0.456, 0.466, 0.34, 0.349, 1.566, 0.75, 0.568, 0.541, 0.332, 0.264, 0.173, 0.308, 0.726, 0.642, 0.472], "d0": "0", "d5": "0", "d11": "0.861", "eff": 0.95, "tick": "363426", "goal": "0", "here": "0", "t": 1789617996.19}
{"x": -0.615, "y": 11.41, "h": 355.5, "scan": [0.442, 0.421, 0.525, 0.423, 0.343, 1.98, 0.778, 0.592, 0.583, 0.374, 0.3, 0.169, 0.321, 0.699, 0.624, 0.456], "d0": "0", "d5": "0", "d11": "0.854", "eff": 0.95, "tick": "363467", "goal": "0", "here": "0", "t": 1789617996.64}
{"x": -0.62, "y": 11.448, "h": 350.0, "scan": [0.405, 0.457, 0.471, 0.435, 0.322, 0.347, 1.945, 0.693, 0.627, 0.446, 0.329, 0.2, 0.317, 0.721, 0.692, 0.47], "d0": "0", "d5": "0", "d11": "0.852", "eff": 0.95, "tick": "363508", "goal": "0", "here": "0", "t": 1789617997.04}
{"x": -0.631, "y": 11.486, "h": 341.3, "scan": [0.376, 0.404, 0.369, 0.452, 0.41, 0.335, 2.656, 0.842, 0.647, 0.643, 0.372, 0.224, 0.317, 0.654, 0.706, 0.519], "d0": "0", "d5": "0", "d11": "0.807", "eff": 0.95, "tick": "363552", "goal": "0", "here": "0", "t": 1789617997.45}
{"x": -0.645, "y": 11.524, "h": 336.9, "scan": [0.335, 0.343, 0.373, 0.455, 0.414, 0.334, 0.388, 0.871, 0.694, 0.702, 0.404, 0.268, 0.314, 0.581, 0.641, 0.52], "d0": "0", "d5": "0", "d11": "0.770", "eff": 0.95, "tick": "363596", "goal": "0", "here": "0", "t": 1789617997.89}
{"x": -0.666, "y": 11.561, "h": 330.2, "scan": [0.301, 0.283, 0.351, 0.329, 0.439, 0.418, 0.399, 2.02, 0.78, 0.718, 0.442, 0.261, 0.327, 0.586, 0.591, 0.49], "d0": "0", "d5": "0", "d11": "0.762", "eff": 0.95, "tick": "363642", "goal": "0", "here": "0", "t": 1789617998.35}
{"x": -0.692, "y": 11.6, "h": 323.0, "scan": [0.31, 0.265, 0.294, 0.318, 0.344, 0.436, 0.404, 2.807, 0.942, 0.787, 0.527, 0.313, 0.301, 0.614, 0.604, 0.492], "d0": "0", "d5": "0", "d11": "0.723", "eff": 0.94, "tick": "363691", "goal": "0", "here": "0", "t": 1789617998.85}
