15:02:00 bump! backing
15:02:03 pos=(0.07,0.28) h=7 f=0.73 s=0.39 d=0.68 bump=False lidar=[0.1, 0.11, 0.14, 0.77, 0.73, 0.68, 0.5, 0.39, 0.36, 0.38, 0.33, 0.21, 0.23, 0.16, 0.14, 0.13]
15:02:03 bump! backing
15:02:05 bump! backing
15:02:07 pos=(0.16,0.28) h=339 f=0.11 s=0.56 d=0.75 bump=False lidar=[0.14, 0.13, 0.11, 0.11, 0.79, 0.75, 0.88, 0.56, 0.4, 0.39, 0.38, 0.32, 0.22, 0.19, 0.2, 0.14]
15:02:09 pos=(0.15,0.29) h=268 f=0.14 s=0.78 d=0.11 bump=False lidar=[0.18, 0.21, 0.14, 0.14, 0.13, 0.11, 0.1, 0.81, 0.78, 0.87, 0.64, 0.39, 0.41, 0.37, 0.34, 0.21]
15:02:11 pos=(0.13,0.28) h=201 f=0.22 s=0.12 d=0.15 bump=False lidar=[0.36, 0.31, 0.22, 0.18, 0.22, 0.15, 0.12, 0.14, 0.11, 0.12, 0.33, 0.8, 0.87, 0.65, 0.41, 0.42]
15:02:13 pos=(0.11,-0.22) h=180 f=0.26 s=0.22 d=0.20 bump=False lidar=[0.3, 0.26, 0.26, 0.27, 0.21, 0.2, 0.22, 0.2, 0.24, 0.2, 0.32, 0.8, 0.73, 0.69, 0.45, 0.33]
15:02:15 pos=(-0.00,-0.78) h=210 f=0.22 s=0.29 d=0.26 bump=False lidar=[0.17, 0.2, 0.2, 0.22, 0.22, 0.26, 0.27, 0.33, 0.29, 1.08, 0.85, 0.85, 0.6, 0.25, 0.26, 0.2]
15:02:17 pos=(-0.15,-0.99) h=186 f=0.18 s=0.31 d=0.21 bump=False lidar=[0.12, 0.14, 0.18, 0.16, 0.19, 0.21, 0.21, 0.31, 0.34, 0.35, 1.11, 0.86, 0.85, 0.38, 0.24, 0.19]
15:02:19 pos=(-0.14,-1.01) h=119 f=0.13 s=0.18 d=0.19 bump=False lidar=[0.38, 0.21, 0.2, 0.12, 0.13, 0.19, 0.16, 0.18, 0.2, 0.24, -1.0, 0.34, 0.34, 1.11, -1.0, 0.86]
15:02:21 pos=(0.18,-0.98) h=75 f=0.20 s=0.20 d=0.17 bump=False lidar=[0.76, 0.8, 0.34, 0.2, 0.19, 0.17, 0.14, 0.22, 0.2, 0.26, 0.25, 0.36, 0.35, 0.3, 0.42, 0.92]
15:02:23 pos=(0.61,-0.92) h=76 f=0.22 s=0.23 d=0.20 bump=False lidar=[0.69, 0.74, 0.48, 0.22, 0.2, 0.2, 0.2, 0.23, 0.29, 0.32, 0.31, 0.33, 0.36, 0.31, 0.39, 0.82]
15:02:25 pos=(1.08,-0.89) h=96 f=0.20 s=0.34 d=0.28 bump=False lidar=[0.69, 0.45, 0.27, 0.2, 0.17, 0.28, 0.27, 0.34, 0.41, 0.37, 0.38, 0.31, 0.32, 1.48, 0.86, 0.65]
15:02:27 pos=(1.42,-0.95) h=101 f=0.20 s=0.41 d=0.23 bump=False lidar=[0.6, 0.39, 0.24, 0.2, 0.18, 0.23, 0.32, 0.41, 0.45, 0.5, 0.42, 0.3, 0.33, 1.14, 0.68, 0.55]
15:02:29 pos=(1.72,-0.97) h=94 f=0.20 s=0.45 d=1.50 bump=False lidar=[0.56, 0.35, 0.33, 0.2, 0.19, -1.0, 0.32, 0.45, 0.51, 0.52, 0.45, 0.34, 0.36, 1.13, 0.64, 0.5]
15:02:31 pos=(2.03,-1.00) h=95 f=0.22 s=0.39 d=0.21 bump=False lidar=[0.52, 0.3, 0.31, 0.22, 0.16, 0.21, 0.24, 0.39, 0.55, 0.56, 0.44, 0.37, 1.3, 1.13, 0.59, 0.43]
15:02:33 pos=(2.40,-1.08) h=104 f=0.22 s=0.55 d=0.20 bump=False lidar=[0.43, 0.24, 0.24, 0.22, 0.18, 0.2, 0.38, 0.55, 0.6, 0.56, 0.4, 0.52, 1.39, 0.61, 0.47, 0.42]
15:02:35 pos=(2.73,-1.21) h=108 f=0.19 s=0.62 d=0.21 bump=False lidar=[0.37, 0.19, 0.19, 0.2, 0.17, 0.21, 0.28, 0.62, 0.68, 0.59, 0.46, 1.35, 1.13, 0.52, 0.33, 0.37]
15:02:37 pos=(2.91,-1.19) h=61 f=0.18 s=0.21 d=0.22 bump=False lidar=[0.32, 0.33, 0.34, 0.18, 0.18, 0.22, 0.18, 0.21, 0.29, 0.66, 0.68, 0.48, 0.42, 1.34, 1.07, 0.48]
15:02:39 pos=(3.28,-0.94) h=65 f=0.29 s=0.28 d=0.21 bump=False lidar=[0.24, 0.25, 0.3, 0.29, 0.19, 0.21, 0.28, 0.28, 0.4, 0.75, 0.78, 0.49, 0.54, 1.27, 0.78, 0.39]
15:02:40 pos=(3.70,-0.86) h=87 f=0.20 s=0.44 d=0.26 bump=False lidar=[0.17, 0.24, 0.26, 0.2, 0.15, 0.26, 0.34, 0.44, 0.8, 0.83, 0.51, 0.58, 1.27, 0.47, 0.29, 0.16]
15:02:42 pos=(4.02,-0.87) h=92 f=0.21 s=0.47 d=0.18 bump=False lidar=[0.14, 0.17, 0.21, 0.23, 0.18, 0.18, 0.33, 0.47, 0.84, 0.86, 0.5, 2.01, 1.31, 0.4, 0.13, 0.1]
15:02:43 bump! backing
15:02:46 pos=(4.10,-0.90) h=48 f=0.19 s=0.27 d=0.21 bump=False lidar=[0.1, 0.11, 0.16, 0.19, 0.23, 0.21, 0.15, 0.27, 0.37, 0.7, 0.88, 0.6, 0.57, 1.98, 1.31, -1.0]
15:02:48 pos=(4.11,-0.89) h=340 f=0.11 s=0.23 d=0.11 bump=False lidar=[1.98, 1.29, 0.28, 0.11, 0.1, 0.11, 0.19, 0.23, 0.25, 0.17, 0.23, 0.37, 0.69, 0.88, 0.6, 0.56]
15:02:50 pos=(3.77,-0.56) h=308 f=0.68 s=0.19 d=0.17 bump=False lidar=[0.42, 0.58, 1.19, 0.68, 0.28, 0.17, 0.13, 0.19, 0.28, 0.32, 0.21, 0.33, 0.37, 0.5, 0.83, 0.73]
15:02:51 pos=(3.33,-0.19) h=316 f=0.66 s=0.26 d=0.29 bump=False lidar=[0.33, 1.83, 1.16, 0.66, 0.34, 0.29, 0.22, 0.26, 0.39, 0.32, 0.36, 0.37, 0.45, 0.75, 0.72, 0.4]
15:02:53 pos=(3.17,0.35) h=14 f=0.30 s=0.50 d=0.28 bump=False lidar=[1.11, 0.56, 0.3, 0.3, 0.28, 0.28, 0.51, 0.39, 0.5, 0.51, 0.68, 0.75, 0.36, 0.24, 0.34, 1.64]
15:02:55 pos=(3.54,0.77) h=68 f=0.25 s=0.76 d=0.50 bump=False lidar=[0.22, 0.21, 0.23, 0.25, 0.55, 0.5, 0.54, 0.76, 0.86, 0.4, 0.3, 0.34, 1.67, 1.05, 0.65, 0.25]
15:02:57 pos=(4.09,0.66) h=127 f=0.55 s=0.40 d=0.88 bump=False lidar=[0.17, 0.18, 0.48, 0.55, 0.62, 0.88, 0.85, 0.39, 0.4, 1.76, 1.03, 0.66, 0.16, 0.14, 0.12, 0.14]
15:02:58 bump! backing
15:03:00 pos=(4.22,0.38) h=152 f=0.58 s=0.48 d=0.88 bump=False lidar=[0.12, 0.44, 0.46, 0.58, 0.85, 0.88, 0.41, 0.48, 1.79, 1.1, 0.18, 0.1, 0.08, 0.09, 0.1, 0.11]
15:03:00 bump! backing
15:03:02 bump! backing
15:03:04 pos=(4.23,0.23) h=145 f=0.57 s=0.47 d=0.92 bump=False lidar=[0.11, 0.47, 0.42, 0.57, 0.85, 0.92, 0.4, 0.47, 1.8, 1.05, 0.23, 0.11, 0.11, 0.1, 0.11, 0.11]
15:03:05 bump! backing
15:03:07 bump! backing
15:03:09 pos=(4.24,0.09) h=143 f=0.59 s=0.51 d=0.96 bump=True lidar=[0.1, 0.43, 0.39, 0.59, 0.8, 0.96, 0.51, 0.45, 1.52, 1.07, 0.75, 0.15, 0.1, 0.08, 0.1, 0.11]
15:03:09 bump! backing
15:03:11 bump! backing
15:03:14 pos=(4.27,-0.04) h=137 f=0.55 s=0.57 d=0.95 bump=False lidar=[0.09, 0.13, 0.43, 0.55, 0.66, 0.95, 0.57, 0.45, 0.65, 1.15, 1.08, 0.15, 0.1, 0.09, 0.09, 0.09]
15:03:14 bump! backing
15:03:16 bump! backing
15:03:18 bump! backing
15:03:20 pos=(3.97,-0.05) h=63 f=0.16 s=0.66 d=0.49 bump=False lidar=[0.12, 0.12, 0.14, 0.16, 0.18, 0.49, 0.59, 0.66, -1.0, 0.85, 0.37, 0.44, 1.7, 1.07, 0.43, 0.15]
15:03:22 pos=(3.98,-0.03) h=359 f=0.14 s=0.20 d=0.14 bump=False lidar=[1.03, 0.46, 0.16, 0.14, 0.1, 0.14, 0.15, 0.2, 0.48, 0.58, 0.65, 0.92, 0.83, 0.41, 0.43, 1.76]
15:03:24 pos=(3.78,0.13) h=303 f=0.98 s=0.14 d=0.15 bump=False lidar=[0.37, 1.42, 1.0, 0.98, 0.38, 0.15, 0.14, 0.14, 0.2, 0.22, 0.55, 0.54, 0.62, 0.84, 0.84, 0.34]
15:03:26 pos=(3.25,0.43) h=303 f=0.96 s=0.23 d=0.31 bump=False lidar=[0.28, 0.54, 0.96, 0.98, 0.46, 0.31, 0.22, 0.23, 0.31, 0.51, 0.52, 0.63, 0.64, 0.85, 0.4, 0.27]
15:03:27 pos=(2.93,0.89) h=350 f=0.42 s=0.63 d=0.29 bump=False lidar=[0.89, 0.93, 0.62, 0.42, 0.27, 0.29, 0.39, 0.63, 0.63, 0.67, 0.81, 0.21, 0.2, 0.19, 0.21, 0.45]
15:03:29 pos=(3.15,1.42) h=51 f=0.29 s=0.80 d=0.74 bump=False lidar=[0.37, 0.34, 0.25, 0.29, 0.42, 0.74, 0.8, 0.82, 0.27, 0.23, 0.2, 0.26, 1.15, 0.81, 0.82, 0.58]
15:03:31 pos=(3.71,1.52) h=101 f=0.78 s=0.32 d=0.92 bump=False lidar=[0.16, 0.16, 0.32, 0.78, 0.84, 0.92, 0.37, 0.3, 0.32, 0.43, 1.54, 0.72, 0.77, 0.38, 0.25, 0.25]
15:03:32 bump! backing
15:03:34 pos=(3.98,1.31) h=131 f=0.83 s=0.39 d=0.39 bump=False lidar=[0.1, 0.25, 0.74, 0.83, 0.96, 0.39, 0.36, 0.39, 1.1, 1.5, -1.0, 0.5, 0.22, 0.21, 0.14, 0.1]
15:03:34 bump! backing
15:03:37 bump! backing
15:03:39 pos=(4.03,1.18) h=125 f=0.81 s=0.40 d=1.09 bump=False lidar=[0.1, 0.14, 0.43, 0.81, 0.9, 1.09, 0.37, 0.4, 1.02, 1.51, 0.77, 0.49, 0.19, 0.17, 0.13, 0.11]
15:03:39 bump! backing
15:03:41 bump! backing
15:03:43 pos=(4.09,1.07) h=118 f=0.71 s=0.41 d=1.09 bump=True lidar=[0.09, 0.1, 0.34, 0.71, 0.87, 1.09, 0.41, 0.39, 0.49, 1.29, 0.74, 0.77, 0.22, 0.16, 0.16, 0.12]
15:03:43 bump! backing
15:03:46 bump! backing
15:03:48 bump! backing
15:03:49 pos=(4.00,0.95) h=86 f=0.19 s=0.42 d=0.85 bump=False lidar=[0.17, 0.12, 0.12, 0.19, 0.79, 0.85, 1.06, 0.42, 0.34, 0.46, 1.14, 0.81, 0.76, 0.42, 0.17, 0.17]
15:03:52 pos=(4.01,0.96) h=16 f=0.16 s=0.80 d=0.12 bump=False lidar=[0.42, 0.19, 0.16, 0.17, 0.16, 0.12, 0.15, 0.8, 0.89, 1.05, 0.43, 0.37, 0.45, 1.12, 0.82, 0.76]
15:03:54 pos=(3.91,1.11) h=324 f=0.36 s=0.17 d=0.17 bump=False lidar=[1.46, 0.67, 0.69, 0.36, 0.17, 0.17, 0.17, 0.17, 0.16, 0.44, 0.84, 0.94, 0.44, 0.35, 0.38, 0.95]
15:03:55 pos=(3.54,1.61) h=331 f=0.36 s=0.27 d=0.21 bump=False lidar=[0.68, 0.59, 0.63, 0.36, 0.24, 0.21, 0.24, 0.27, 0.35, 0.9, 0.96, 0.46, 0.3, 0.31, 0.36, 1.01]
15:03:57 pos=(3.49,2.19) h=23 f=0.23 s=0.95 d=0.34 bump=False lidar=[0.56, 0.3, 0.29, 0.23, 0.22, 0.34, 0.47, 0.95, 1.06, 0.38, 0.33, 0.33, 0.81, 1.02, 0.55, 0.53]
15:03:59 pos=(3.91,2.54) h=75 f=0.31 s=0.43 d=1.11 bump=False lidar=[0.18, 0.16, 0.18, 0.31, 0.39, 1.11, 1.25, 0.41, 0.43, 0.91, 0.97, 0.57, 0.45, 0.47, 0.23, 0.19]
15:04:01 bump! backing
15:04:02 pos=(4.25,2.46) h=103 f=0.36 s=0.48 d=1.28 bump=False lidar=[0.11, 0.13, 0.15, 0.36, 1.16, 1.28, 0.48, 0.47, 0.9, 1.07, 0.47, 0.51, 0.44, 0.15, 0.15, 0.12]
15:04:03 bump! backing
15:04:05 bump! backing
15:04:07 pos=(4.38,2.33) h=101 f=0.35 s=0.50 d=1.32 bump=False lidar=[0.11, 0.1, 0.13, 0.35, 1.14, 1.32, 0.49, 0.5, 0.92, 1.1, 0.46, 0.48, 0.43, 0.14, 0.13, 0.11]
15:04:07 bump! backing
15:04:11 pos=(4.27,2.28) h=22 f=0.14 s=1.12 d=0.14 bump=False lidar=[0.17, 0.13, 0.15, 0.14, 0.12, 0.14, 0.32, 1.12, 1.18, 0.58, 0.49, 0.92, 1.0, 0.59, 0.43, 0.42]
15:04:13 pos=(4.26,2.30) h=311 f=0.42 s=0.14 d=0.14 bump=False lidar=[1.27, 0.41, 0.45, 0.42, 0.13, 0.14, 0.15, 0.14, 0.14, 0.17, 0.43, 1.14, 0.66, 0.49, 0.92, 0.9]
15:04:15 pos=(3.74,2.56) h=295 f=0.40 s=0.21 d=0.21 bump=False lidar=[0.89, 0.52, 0.34, 0.4, 0.4, 0.21, 0.18, 0.21, 0.23, 0.25, 0.46, 1.1, 1.24, 0.43, 0.39, 0.89]
15:04:16 pos=(3.26,2.93) h=325 f=0.35 s=0.33 d=0.23 bump=False lidar=[0.38, 0.27, 0.34, 0.38, 0.35, 0.23, 0.29, 0.33, 0.51, 0.9, 1.21, 0.44, 0.37, 0.75, 0.69, 0.85]
15:04:18 pos=(3.21,3.49) h=24 f=0.30 s=0.64 d=0.40 bump=False lidar=[0.27, 0.29, 0.3, 0.23, 0.31, 0.4, 0.64, 1.35, 0.53, 0.99, 0.78, 0.66, 0.79, 0.32, 0.18, 0.21]
15:04:20 pos=(3.68,3.81) h=84 f=0.40 s=0.78 d=1.40 bump=False lidar=[0.22, 0.18, 0.26, 0.4, 1.36, 1.4, 0.55, 0.95, 0.78, 0.81, 0.19, 0.14, 0.19, 0.2, 0.21, 0.27]
15:04:22 bump! backing
15:04:23 pos=(4.01,3.69) h=117 f=0.89 s=0.83 d=0.59 bump=False lidar=[0.11, 0.21, 0.37, 1.3, 0.89, 0.59, 0.9, 0.83, 0.42, 0.21, 0.22, 0.21, 0.18, 0.24, 0.17, 0.14]
15:04:24 bump! backing
15:04:26 bump! backing
15:04:28 pos=(4.07,3.55) h=108 f=0.66 s=0.91 d=0.63 bump=False lidar=[0.1, 0.12, 0.32, 0.66, 1.41, 0.63, 1.07, 0.86, 0.91, 0.2, 0.2, 0.2, 0.17, 0.22, 0.18, 0.12]
15:04:28 bump! backing
15:04:30 bump! backing
15:04:32 pos=(4.17,3.44) h=99 f=0.61 s=0.95 d=0.69 bump=False lidar=[0.1, 0.09, 0.18, 0.61, 1.45, 0.69, 1.11, 0.95, 0.89, 0.22, 0.2, 0.19, 0.16, 0.17, 0.17, 0.13]
15:04:33 bump! backing
15:04:35 bump! backing
15:04:37 pos=(4.27,3.35) h=90 f=0.36 s=0.90 d=0.93 bump=False lidar=[0.1, 0.12, 0.1, 0.36, 1.34, 0.93, 0.61, 0.98, 0.9, 0.21, 0.18, 0.18, 0.14, 0.14, 0.17, 0.14]
15:04:37 bump! backing
15:04:41 pos=(4.18,3.30) h=17 f=0.16 s=1.05 d=0.13 bump=False lidar=[0.14, 0.14, 0.17, 0.16, 0.12, 0.13, 0.36, 1.05, 1.45, 0.64, 1.0, 0.82, 0.23, 0.16, 0.17, 0.15]
15:04:43 pos=(4.18,3.31) h=306 f=0.14 s=0.12 d=0.19 bump=False lidar=[0.16, 0.17, 0.14, 0.14, 0.15, 0.19, 0.15, 0.12, 0.12, 0.3, 0.69, 1.46, 0.66, 1.07, 0.83, 0.41]
15:04:45 pos=(4.16,3.32) h=236 f=0.17 s=0.15 d=0.14 bump=False lidar=[1.1, 0.85, 0.89, 0.17, 0.17, 0.14, 0.13, 0.15, 0.19, -1.0, 0.15, 0.13, 0.28, 0.67, 1.46, 0.68]
15:04:47 pos=(3.90,2.96) h=219 f=0.86 s=0.22 d=0.18 bump=False lidar=[0.59, 1.04, 0.87, 0.86, 0.21, 0.18, 0.22, 0.21, 0.23, 0.26, 0.18, -1.0, 0.2, 0.35, 0.98, 1.39]
15:04:49 pos=(3.45,2.57) h=245 f=0.36 s=0.30 d=0.23 bump=False lidar=[0.86, 0.75, 0.8, 0.36, 0.22, 0.23, 0.3, 0.3, 0.27, 0.22, 0.26, 0.37, 0.58, 1.22, 0.76, 0.47]
15:04:50 pos=(2.88,2.61) h=298 f=0.31 s=0.36 d=0.38 bump=False lidar=[0.76, 0.32, 0.21, -1.0, 0.31, 0.38, 0.36, 0.33, 0.42, 0.62, 1.3, 1.3, 0.4, 0.88, 0.7, 0.62]
15:04:52 pos=(2.61,2.80) h=300 f=0.19 s=0.43 d=0.38 bump=False lidar=[0.72, 0.92, -1.0, 0.17, 0.19, 0.38, 0.43, 0.36, 0.48, 0.67, 1.34, 1.31, 0.9, 0.83, 0.68, 0.6]
15:04:54 pos=(2.36,2.84) h=281 f=0.21 s=0.42 d=0.19 bump=False lidar=[0.59, 0.67, 0.88, 0.21, 0.18, 0.19, 0.38, 0.46, 0.42, 0.52, 0.71, 1.29, 0.49, 1.0, 0.74, 0.62]
15:04:56 pos=(2.07,2.91) h=278 f=0.90 s=0.43 d=0.19 bump=False lidar=[0.5, 0.61, 0.9, -1.0, 0.19, 0.19, 0.38, 0.52, 0.43, 0.57, 0.75, 1.36, -1.0, 0.97, 0.71, 0.6]
15:04:58 pos=(1.68,3.01) h=292 f=0.72 s=0.51 d=0.20 bump=False lidar=[0.47, 0.56, 0.77, 0.72, 0.21, 0.2, 0.47, 0.51, 0.62, 0.8, 1.44, 0.42, 0.94, 0.73, 0.55, 0.4]
15:05:00 pos=(1.33,3.27) h=319 f=0.70 s=0.69 d=0.25 bump=False lidar=[0.72, 0.7, 0.7, 1.87, 0.2, 0.25, 0.59, 0.69, 0.87, 1.42, 0.92, 0.86, 0.53, 0.41, 0.39, 0.44]
15:05:02 pos=(1.14,3.75) h=2 f=0.67 s=1.01 d=0.73 bump=False lidar=[0.58, 1.74, 0.85, 0.14, 0.67, 0.73, 0.95, 1.53, 1.01, 0.86, 0.53, 0.33, 0.36, 0.41, 0.64, 0.61]
15:05:03 bump! backing
15:05:05 pos=(1.29,4.10) h=33 f=0.62 s=0.99 d=1.02 bump=False lidar=[1.18, 0.75, 0.62, 0.26, 0.79, 1.02, 1.6, 0.99, 0.67, 0.38, 0.4, 0.38, 0.39, 0.62, 0.57, 0.6]
15:05:06 bump! backing
15:05:09 pos=(1.59,4.28) h=62 f=0.83 s=0.65 d=0.58 bump=False lidar=[0.7, 0.64, 0.34, 0.83, 1.23, 0.58, 1.15, 0.65, 0.41, 0.35, 0.38, 0.58, 0.54, 0.47, 1.49, 1.09]
15:05:09 bump! backing
15:05:12 pos=(1.88,4.33) h=75 f=0.26 s=0.44 d=1.12 bump=False lidar=[0.67, 0.39, 0.26, 0.12, 1.61, 1.12, 0.94, 0.44, 0.43, 0.41, 0.53, 0.54, 0.49, 0.49, 1.65, 0.76]
15:05:14 pos=(2.15,4.41) h=55 f=0.26 s=0.84 d=0.09 bump=False lidar=[0.65, 0.57, 0.34, 0.26, 0.12, 0.09, 1.1, 0.84, 0.47, 0.46, 0.43, 0.61, 0.54, 0.44, 1.43, 1.01]
15:05:16 pos=(2.64,4.59) h=76 f=0.23 s=0.68 d=0.12 bump=False lidar=[0.53, 0.5, 0.24, 0.23, 0.15, 0.12, 1.08, 0.68, 0.55, 0.51, 0.68, 0.55, 0.44, -1.0, 0.95, 0.59]
15:05:18 pos=(3.07,4.64) h=86 f=0.21 s=0.61 d=0.15 bump=False lidar=[0.38, 0.45, 0.21, 0.22, 0.17, 0.15, 0.18, 0.64, 0.61, 0.74, 0.59, 0.46, 1.05, 1.43, 0.62, 0.48]
15:05:20 pos=(3.32,4.71) h=64 f=0.19 s=0.19 d=0.18 bump=False lidar=[0.41, 0.34, 0.41, 0.18, 0.19, 0.18, 0.19, 0.18, 0.66, 0.65, 0.76, 0.63, 0.46, 1.03, 1.43, 0.57]
15:05:21 pos=(3.74,4.98) h=65 f=0.28 s=0.27 d=0.22 bump=False lidar=[0.33, 0.29, -1.0, 0.28, 0.17, 0.22, 0.25, 0.27, 0.77, 0.72, 0.82, 0.49, 0.5, 1.33, 0.87, 0.42]
15:05:23 pos=(4.17,5.07) h=84 f=0.21 s=0.81 d=0.25 bump=False lidar=[0.24, 0.19, 0.32, 0.21, 0.19, 0.25, 0.3, 0.82, 0.81, 0.91, 0.53, 0.69, 1.3, 0.55, 0.29, 0.27]
15:05:25 pos=(4.54,5.06) h=96 f=0.20 s=0.85 d=0.28 bump=False lidar=[0.14, 0.17, 0.28, 0.2, 0.17, 0.28, 0.36, 0.91, 0.85, 0.79, 0.56, -1.0, 1.33, 0.33, 0.21, 0.21]
15:05:27 bump! backing
15:05:28 pos=(4.68,4.96) h=72 f=0.20 s=0.37 d=0.17 bump=False lidar=[0.19, 0.14, 0.15, 0.26, 0.2, 0.17, 0.24, 0.37, 0.93, 0.9, 0.76, 0.57, 1.3, 1.33, 0.23, 0.21]
15:05:30 bump! backing
15:05:32 pos=(4.77,4.90) h=31 f=0.12 s=0.22 d=0.27 bump=False lidar=[0.21, 0.2, 0.18, 0.1, 0.12, 0.27, 0.22, 0.17, 0.26, 0.39, 0.9, 0.97, 0.59, 0.75, 1.35, 0.53]
15:05:34 pos=(4.75,4.99) h=331 f=0.20 s=0.15 d=0.16 bump=False lidar=[0.74, 1.29, 0.44, 0.18, 0.2, 0.16, 0.13, 0.15, 0.25, 0.22, 0.19, 0.35, 0.48, 0.89, 0.96, 0.52]
15:05:36 pos=(4.40,5.38) h=324 f=0.38 s=0.26 d=0.21 bump=False lidar=[0.64, 1.18, 1.27, 0.38, 0.2, 0.21, 0.26, 0.2, 0.34, 0.28, 0.3, 0.38, 1.08, 0.83, 0.9, 0.49]
15:05:38 pos=(4.20,5.94) h=6 f=0.22 s=0.38 d=0.29 bump=False lidar=[1.14, -1.0, 0.31, 0.22, 0.22, 0.29, 0.33, 0.38, 0.38, 0.46, 1.08, 0.84, 0.84, 0.36, 0.54, 0.81]
15:05:40 pos=(4.41,6.33) h=29 f=0.20 s=0.46 d=0.30 bump=False lidar=[0.3, 0.24, 0.2, 0.16, 0.23, 0.3, 0.46, 0.44, 0.53, 0.98, 0.81, 0.69, 0.36, 0.53, 1.04, 1.08]
15:05:42 pos=(4.43,6.51) h=358 f=0.19 s=0.44 d=0.18 bump=False lidar=[1.0, 0.54, 0.23, 0.19, 0.16, 0.18, 0.33, 0.5, 0.44, 0.57, 1.26, 0.89, 0.9, 0.35, 0.49, 0.74]
15:05:44 pos=(4.46,6.84) h=357 f=0.20 s=0.52 d=0.18 bump=False lidar=[0.97, 0.46, 0.2, 0.22, 0.18, 0.18, 0.32, 0.57, 0.52, 0.6, 1.06, 0.83, 0.42, 0.36, 0.48, 0.92]
15:05:46 pos=(4.42,7.09) h=338 f=0.20 s=0.25 d=0.20 bump=False lidar=[0.87, 0.9, 1.03, 0.2, 0.17, 0.2, 0.21, 0.25, 0.6, 0.53, 0.63, 1.08, 0.83, 0.32, -1.0, 0.45]
15:05:48 pos=(4.30,7.54) h=353 f=0.20 s=0.49 d=0.22 bump=False lidar=[0.83, 0.88, 0.37, 0.18, 0.2, 0.22, 0.29, 0.49, 0.62, 0.7, 1.32, 0.85, 0.32, 0.39, 0.38, 0.59]
15:05:49 pos=(4.30,7.90) h=1 f=0.33 s=0.59 d=0.23 bump=False lidar=[0.79, 0.93, 0.33, -1.0, 0.16, 0.23, 0.32, 0.59, 0.7, 0.8, 1.08, 0.34, 0.35, 0.35, 0.47, 0.81]
15:05:51 pos=(4.38,8.28) h=14 f=0.22 s=0.78 d=0.25 bump=False lidar=[0.79, 0.88, 0.27, 0.22, 0.15, 0.25, 0.38, 0.78, 0.84, 1.43, 0.38, 0.37, 0.33, 0.42, 0.52, 0.73]
15:05:53 pos=(4.52,8.61) h=26 f=0.19 s=0.81 d=0.21 bump=False lidar=[0.78, 0.23, 0.2, 0.19, 0.15, 0.21, 0.45, 0.81, 2.0, 1.12, 0.4, 0.35, 0.39, 0.45, 0.75, 0.69]
15:05:55 pos=(4.59,8.84) h=3 f=0.20 s=0.47 d=0.18 bump=False lidar=[0.65, 0.78, 0.22, 0.18, 0.2, 0.18, 0.18, 0.47, 0.86, 1.88, 1.06, 0.43, 0.33, 0.41, 0.46, 0.69]
15:05:57 pos=(4.64,9.15) h=0 f=0.18 s=0.41 d=0.21 bump=False lidar=[0.61, 0.67, 0.82, 0.17, 0.18, 0.21, 0.22, 0.41, 0.89, 2.14, 0.53, -1.0, 0.35, 0.37, 0.47, 0.66]
15:05:59 pos=(4.60,9.59) h=10 f=0.62 s=0.58 d=0.26 bump=False lidar=[0.58, 0.67, 0.76, 0.62, 0.17, 0.26, 0.27, 0.58, 1.07, 1.69, 0.5, 0.35, 0.36, 0.37, 0.57, 0.49]
15:06:01 pos=(4.79,9.99) h=36 f=0.60 s=1.14 d=0.26 bump=False lidar=[0.57, 0.71, 0.6, 2.17, 0.16, 0.26, 0.64, 1.14, 1.47, 0.53, 0.4, 0.36, 0.47, 0.55, 0.42, 0.47]
15:06:03 pos=(5.27,10.25) h=87 f=0.38 s=0.50 d=1.21 bump=False lidar=[0.49, 1.72, 0.79, 0.13, 0.38, 1.21, 0.65, 0.5, 0.47, 0.46, 0.59, 0.42, 0.43, 0.47, 0.49, 0.58]
15:06:03 bump! backing
15:06:06 bump! backing
15:06:08 pos=(5.43,10.17) h=90 f=0.59 s=0.52 d=1.21 bump=False lidar=[0.47, 1.78, 0.85, 0.59, 0.34, 1.21, 0.67, 0.52, 0.47, 0.49, 0.6, 0.39, 0.4, 0.45, 0.49, 0.55]
15:06:09 pos=(5.92,9.87) h=148 f=0.73 s=0.53 d=0.57 bump=False lidar=[0.71, 0.59, 0.18, 1.86, 0.73, 0.57, 0.53, 0.66, 0.45, 0.44, 0.46, 0.46, 0.49, 0.44, 1.97, 0.96]
15:06:09 bump! backing
15:06:13 pos=(6.01,9.67) h=143 f=0.71 s=0.56 d=0.60 bump=False lidar=[0.68, 0.52, 0.2, -1.0, 0.71, 0.6, 0.56, 0.69, 0.5, 0.47, 0.45, 0.46, 0.47, 0.4, 1.86, 1.23]
15:06:15 pos=(6.25,9.44) h=132 f=0.23 s=0.65 d=0.12 bump=False lidar=[0.83, 0.59, 0.54, 0.23, 0.16, 0.12, 0.64, 0.65, 0.71, 0.54, 0.48, 0.44, 0.5, 0.42, 0.33, 1.58]
15:06:17 pos=(6.53,9.05) h=151 f=0.20 s=0.67 d=0.14 bump=False lidar=[0.53, 0.41, 0.49, 0.2, 0.15, 0.14, 0.67, 0.84, 0.62, 0.54, 0.52, 0.48, 0.3, 0.63, 1.52, 0.75]
15:06:19 pos=(6.65,8.69) h=166 f=0.28 s=0.63 d=0.19 bump=False lidar=[-1.0, 0.38, 0.38, 0.28, 0.15, 0.19, 0.21, 0.7, 0.63, 0.56, 0.55, 0.34, 0.55, 1.73, 0.91, 0.49]
15:06:21 pos=(6.67,8.28) h=187 f=0.21 s=0.70 d=0.23 bump=False lidar=[0.3, 0.37, 0.29, 0.21, 0.13, 0.23, 0.87, 0.7, 0.63, 0.59, 0.33, 0.64, 1.72, 0.68, 0.43, 0.29]
15:06:22 pos=(6.59,7.92) h=199 f=0.22 s=0.75 d=0.18 bump=False lidar=[0.29, 0.27, 0.26, 0.22, 0.17, 0.18, 0.79, 0.72, 0.75, 0.4, 0.57, 1.77, 1.04, 0.41, 0.26, 0.21]
15:06:24 pos=(6.46,7.58) h=201 f=0.21 s=0.82 d=0.16 bump=False lidar=[0.24, 0.22, 0.21, 0.21, 0.17, 0.16, 0.85, 0.78, 0.82, 0.44, 0.72, 1.8, 0.64, 0.33, 0.17, 0.19]
15:06:27 pos=(6.44,7.41) h=165 f=0.21 s=0.20 d=0.21 bump=False lidar=[0.14, 0.21, 0.22, 0.21, 0.19, 0.21, 0.17, 0.2, 0.86, 0.76, 0.71, 0.6, 1.13, 1.48, 0.35, 0.13]
15:06:29 pos=(6.57,7.24) h=123 f=0.15 s=0.21 d=0.22 bump=False lidar=[0.31, 0.11, 0.1, 0.15, 0.19, 0.22, 0.2, 0.22, 0.21, 0.22, 0.87, 0.79, 0.48, 0.66, 1.81, 1.06]
15:06:31 pos=(6.68,7.29) h=58 f=0.29 s=0.22 d=0.11 bump=False lidar=[0.7, 1.76, 0.64, 0.29, 0.1, 0.11, 0.15, 0.22, 0.24, 0.22, 0.25, 0.2, 0.36, 0.81, 0.82, 0.43]
15:06:33 pos=(7.18,7.67) h=61 f=0.33 s=0.31 d=0.18 bump=False lidar=[0.58, 1.66, 0.95, 0.33, 0.27, 0.18, 0.17, 0.31, 0.33, 0.34, 0.26, 0.33, 0.87, 0.82, 0.66, 0.36]
15:06:34 pos=(7.76,7.65) h=118 f=0.24 s=0.40 d=0.39 bump=False lidar=[0.47, -1.0, 0.24, 0.24, 0.19, 0.39, 0.4, 0.37, 0.42, 0.94, 0.82, 0.65, 0.31, 0.49, 0.92, 1.6]
15:06:36 pos=(8.05,7.34) h=142 f=0.19 s=0.49 d=0.43 bump=False lidar=[0.2, 0.17, 0.19, 0.19, 0.17, 0.43, 0.46, 0.49, 1.0, 0.83, 0.34, 0.45, 0.53, 1.55, 1.21, 0.38]
15:06:38 pos=(8.07,7.32) h=74 f=0.17 s=0.20 d=0.19 bump=False lidar=[1.57, 1.39, 0.38, 0.17, 0.15, 0.19, 0.2, 0.2, 0.44, 0.47, 0.49, 0.98, 0.88, 0.33, 0.45, 0.51]
15:06:40 pos=(8.56,7.51) h=79 f=0.33 s=0.27 d=0.20 bump=False lidar=[1.48, 1.32, 0.36, 0.33, 0.19, 0.2, 0.26, 0.27, 0.52, 0.5, 1.2, 1.01, 0.79, 0.32, 0.42, 0.44]
15:06:42 pos=(9.00,7.49) h=97 f=0.22 s=0.59 d=0.23 bump=False lidar=[1.38, 0.51, 0.29, 0.22, 0.18, 0.23, 0.31, 0.61, 0.59, 1.28, 0.99, 0.32, 0.35, 0.36, 0.45, 1.39]
15:06:44 pos=(9.39,7.37) h=119 f=0.20 s=0.69 d=0.25 bump=False lidar=[0.57, 0.23, 0.26, 0.19, 0.2, 0.25, 0.39, 0.69, 0.71, 1.14, 0.34, 0.35, 0.34, 0.43, 0.89, 1.28]
15:06:46 pos=(9.66,7.23) h=115 f=0.20 s=0.72 d=0.18 bump=False lidar=[0.53, 0.33, 0.18, 0.23, 0.2, 0.18, 0.38, 0.72, 0.73, 1.2, 0.39, 0.4, 0.32, 0.46, 0.85, 1.21]
15:06:48 pos=(9.94,7.18) h=99 f=0.20 s=0.43 d=0.21 bump=False lidar=[1.22, 0.45, 0.21, 0.15, 0.2, 0.21, 0.2, 0.43, 0.78, 1.43, 0.44, 0.41, 0.36, 0.38, 0.6, 1.24]
15:06:50 pos=(10.31,7.24) h=82 f=0.26 s=0.27 d=0.21 bump=False lidar=[1.17, 0.78, 0.39, 0.26, 0.13, 0.21, 0.24, 0.27, 0.8, 0.81, 1.28, 0.41, 0.35, 0.31, 0.41, 0.58]
15:06:52 pos=(10.73,7.19) h=103 f=0.21 s=0.91 d=0.26 bump=False lidar=[0.71, 0.35, 0.25, 0.21, 0.15, 0.26, -1.0, 0.89, 0.91, 1.33, 0.45, 0.33, -1.0, 0.47, 0.71, 1.05]
15:06:54 pos=(11.07,7.05) h=113 f=0.17 s=0.99 d=0.16 bump=False lidar=[0.49, 0.28, 0.2, 0.17, 0.16, 0.16, 0.33, 0.99, 1.6, 0.54, 0.43, 0.34, 0.43, 0.47, 1.09, 1.02]
15:06:56 pos=(11.30,7.02) h=93 f=0.21 s=0.37 d=0.18 bump=False lidar=[1.0, 0.45, -1.0, 0.21, 0.18, 0.18, 0.18, 0.37, 1.03, 1.65, 0.56, 0.38, 0.36, 0.45, 0.48, 1.02]
15:06:58 pos=(11.65,6.98) h=100 f=0.20 s=0.43 d=0.18 bump=False lidar=[0.93, 0.4, 0.21, 0.2, 0.19, 0.18, 0.22, 0.43, 1.05, 1.72, 0.55, 0.37, 0.38, 0.42, 1.15, 0.99]
15:07:00 pos=(11.94,6.98) h=83 f=0.20 s=0.27 d=0.19 bump=False lidar=[0.81, 0.53, 0.34, 0.18, 0.2, 0.19, 0.24, 0.27, 0.78, 1.13, 0.64, 0.38, 0.37, 0.41, 0.43, 0.95]
15:07:02 pos=(12.31,7.06) h=75 f=0.20 s=0.28 d=0.21 bump=False lidar=[0.89, 0.84, 0.34, 0.2, 0.16, 0.21, 0.23, 0.28, 0.53, 1.13, 0.73, 0.41, 0.36, 0.4, 0.37, 1.04]
15:07:04 pos=(12.72,7.09) h=93 f=0.20 s=0.39 d=0.23 bump=False lidar=[0.75, 0.41, 0.27, 0.2, 0.15, 0.23, 0.28, 0.39, 1.26, 1.87, 0.44, 0.37, 0.37, 0.34, 1.03, 0.79]
15:07:06 pos=(13.12,7.01) h=110 f=0.20 s=1.27 d=0.27 bump=False lidar=[0.51, 0.23, 0.23, 0.2, 0.15, 0.27, 0.42, 1.27, 1.92, 0.49, 0.41, 0.34, 0.38, 0.98, 0.73, 0.67]
15:07:08 pos=(13.38,6.93) h=94 f=0.21 s=0.46 d=0.15 bump=False lidar=[0.67, 0.32, 0.2, 0.21, 0.21, 0.15, 0.29, 0.46, 1.38, 0.89, 0.5, 0.44, 0.34, 1.51, 0.93, 0.7]
15:07:10 pos=(13.71,6.89) h=94 f=0.21 s=0.49 d=0.21 bump=False lidar=[0.6, 0.42, 0.24, 0.18, 0.21, 0.21, 0.2, 0.49, 1.42, 0.94, 0.5, 0.39, 0.38, 1.5, 0.88, 0.66]
15:07:12 pos=(14.07,6.98) h=75 f=0.21 s=0.26 d=0.20 bump=False lidar=[0.47, 0.53, 0.36, 0.21, 0.17, 0.2, 0.26, 0.25, 0.56, 1.43, 0.64, 0.49, 0.35, 0.38, 1.06, 0.62]
15:07:14 pos=(14.44,7.05) h=74 f=0.20 s=0.30 d=0.19 bump=False lidar=[0.49, 0.47, 0.33, 0.2, 0.19, 0.19, 0.18, 0.3, 0.6, 1.52, 0.92, 0.52, 0.37, 1.37, 1.08, 0.59]
15:07:16 pos=(14.83,7.13) h=82 f=0.23 s=0.35 d=0.21 bump=False lidar=[0.35, 0.4, 0.29, 0.23, 0.18, 0.21, 0.23, 0.35, 0.95, 2.12, 0.6, 0.38, 0.38, 1.41, 0.74, 0.46]
15:07:18 pos=(15.23,7.11) h=95 f=0.20 s=0.77 d=0.21 bump=False lidar=[0.36, 0.35, 0.23, 0.2, 0.18, 0.21, 0.4, 0.77, 1.62, 0.67, 0.41, 0.6, 1.36, 0.71, 0.41, 0.27]
15:07:20 pos=(15.56,7.04) h=100 f=0.19 s=0.82 d=0.21 bump=False lidar=[0.3, 0.3, 0.19, 0.24, 0.16, 0.21, 0.32, 0.82, 1.72, 0.69, 0.43, 1.34, 1.38, 0.46, 0.38, 0.22]
15:07:22 pos=(15.85,7.03) h=95 f=0.20 s=0.50 d=0.17 bump=False lidar=[0.24, 0.25, 0.2, 0.18, 0.22, 0.17, 0.28, 0.5, 1.78, 0.83, 0.47, 0.66, 1.32, 0.46, 0.35, 0.17]
15:07:24 pos=(16.13,7.05) h=81 f=0.19 s=0.34 d=0.23 bump=False lidar=[0.14, 0.22, 0.21, 0.19, 0.15, 0.23, 0.2, 0.34, 0.92, 1.82, 0.55, 0.55, 1.38, 0.96, 0.31, 0.15]
15:07:26 pos=(16.30,7.13) h=38 f=0.17 s=0.24 d=0.22 bump=False lidar=[0.28, 0.1, 0.11, 0.17, 0.17, 0.22, 0.17, 0.24, 0.25, 0.37, 1.18, 1.33, 0.54, 0.66, 1.39, 0.46]
15:07:26 bump! backing
15:07:29 pos=(16.17,7.15) h=331 f=0.31 s=0.20 d=0.15 bump=False lidar=[0.61, 1.37, 0.67, 0.31, 0.14, 0.15, 0.2, 0.25, 0.19, 0.21, 0.23, 0.22, 0.52, 1.22, 1.26, 0.5]
15:07:31 pos=(15.92,7.70) h=345 f=0.27 s=0.31 d=0.16 bump=False lidar=[1.26, 1.25, 0.38, 0.27, 0.27, 0.16, 0.3, 0.34, 0.31, 0.28, 0.36, 0.53, 1.12, 2.25, -1.0, 0.4]
15:07:33 pos=(16.08,8.24) h=41 f=0.21 s=0.41 d=0.42 bump=False lidar=[0.28, 0.21, 0.24, 0.21, 0.2, 0.42, 0.41, 0.38, 0.52, 0.93, 1.79, 0.4, 0.34, 0.51, 1.18, 0.76]
15:07:35 pos=(16.43,8.46) h=62 f=0.19 s=0.54 d=0.39 bump=False lidar=[0.14, 0.15, 0.19, 0.17, 0.19, 0.39, 0.44, 0.54, 0.91, 1.87, 0.41, 0.44, 0.65, 1.12, 0.46, 0.22]
15:07:37 pos=(16.43,8.47) h=349 f=0.15 s=0.19 d=0.20 bump=False lidar=[1.15, 0.73, 0.22, 0.15, 0.14, 0.2, 0.18, 0.19, 0.41, 0.44, 0.53, 0.86, 1.85, 0.44, 0.44, 0.53]
15:07:39 pos=(16.22,8.82) h=326 f=0.39 s=0.24 d=0.15 bump=False lidar=[0.47, 1.09, 0.71, 0.39, 0.2, 0.15, 0.18, 0.27, 0.24, 0.45, 0.47, 0.6, 0.96, 1.83, 0.29, 0.39]
15:07:41 pos=(16.07,9.36) h=358 f=0.21 s=0.36 d=0.19 bump=False lidar=[0.94, 0.63, 0.35, 0.21, 0.19, 0.19, 0.34, 0.36, 0.58, 0.61, 0.74, 1.23, 0.23, 0.32, 0.32, 1.04]
15:07:43 pos=(16.11,9.75) h=10 f=0.20 s=0.60 d=0.20 bump=False lidar=[0.92, 0.32, 0.31, 0.2, 0.18, 0.2, 0.37, 0.62, 0.6, 0.8, 1.07, 0.24, 0.28, 0.3, 1.11, 0.94]
15:07:45 pos=(16.23,10.11) h=26 f=0.20 s=0.72 d=0.24 bump=False lidar=[0.49, 0.24, 0.26, 0.2, 0.17, 0.24, 0.43, 0.72, 0.76, 1.03, 0.31, 0.3, 0.28, 0.41, 0.88, 0.77]
15:07:47 pos=(16.43,10.44) h=33 f=0.19 s=0.76 d=0.27 bump=False lidar=[0.34, 0.16, 0.19, 0.19, 0.18, 0.27, 0.51, 0.76, 0.93, 0.36, 0.35, 0.31, 0.37, 0.91, 0.84, 0.76]
15:07:49 pos=(16.42,10.58) h=342 f=0.18 s=0.20 d=0.22 bump=False lidar=[0.83, 0.78, -1.0, 0.16, 0.18, 0.22, 0.18, 0.2, 0.49, 0.8, 0.96, 0.38, 0.35, 0.3, 0.34, 0.95]
15:07:51 pos=(16.28,11.05) h=353 f=0.23 s=0.32 d=0.23 bump=False lidar=[0.69, 0.68, 0.35, 0.23, 0.18, 0.23, 0.28, 0.32, 0.85, 0.91, 1.12, 0.37, 0.28, 0.27, 1.06, 0.73]
15:07:53 pos=(16.31,11.44) h=5 f=0.20 s=0.63 d=0.25 bump=False lidar=[0.64, 0.31, 0.3, 0.2, 0.15, 0.25, 0.31, 0.63, 0.91, 1.07, 0.38, 0.26, 0.27, 1.2, 0.74, 0.66]
15:07:54 pos=(16.39,11.80) h=18 f=0.20 s=0.97 d=0.17 bump=False lidar=[0.55, 0.25, 0.26, 0.2, 0.16, 0.17, 0.35, 0.97, 1.04, 0.48, 0.31, 0.27, 1.82, 0.88, 0.62, 0.47]
15:07:56 pos=(16.49,12.13) h=23 f=0.18 s=1.01 d=0.19 bump=False lidar=[0.51, 0.19, 0.2, 0.18, 0.17, 0.19, 0.39, 1.01, 1.15, 0.49, 0.3, 0.41, 1.21, 0.66, 0.55, 0.47]
15:07:59 pos=(16.51,12.26) h=332 f=0.19 s=0.19 d=0.19 bump=False lidar=[0.54, 0.4, 0.48, 0.19, 0.19, 0.19, 0.19, 0.19, 0.4, 0.82, 1.1, 0.53, 0.33, 0.39, 1.54, 0.8]
15:08:00 pos=(16.26,12.76) h=349 f=0.35 s=0.28 d=0.22 bump=False lidar=[0.44, 0.38, 0.43, 0.35, 0.18, 0.22, 0.26, 0.28, 0.65, 1.13, 0.59, 0.3, 0.38, 2.85, 0.8, 0.47]
15:08:02 pos=(16.26,13.20) h=8 f=0.21 s=0.70 d=0.28 bump=False lidar=[0.29, 0.35, -1.0, 0.21, 0.18, 0.28, 0.33, 0.7, 1.2, 0.62, 0.35, 0.65, 2.12, 0.69, 0.38, 0.33]
15:08:04 pos=(16.37,13.58) h=23 f=0.18 s=0.72 d=0.32 bump=False lidar=[0.28, 0.3, 0.26, 0.18, 0.16, 0.32, 0.43, 1.33, 0.72, 0.38, 0.7, 2.8, 0.66, 0.35, 0.24, 0.2]
15:08:06 pos=(16.53,13.90) h=32 f=0.20 s=0.58 d=0.31 bump=False lidar=[-1.0, 0.24, 0.23, 0.2, 0.16, 0.31, 0.47, 1.31, 0.58, 0.5, 1.41, 1.14, 0.39, 0.3, 0.16, 0.2]
15:08:08 pos=(16.66,14.13) h=20 f=0.19 s=0.73 d=0.17 bump=False lidar=[0.17, 0.18, 0.19, 0.19, 0.2, 0.17, 0.33, 0.73, 1.41, 0.52, 0.73, 2.88, 0.54, 0.3, 0.11, 0.14]
15:08:10 bump! backing
15:08:12 pos=(16.76,14.17) h=335 f=0.19 s=0.18 d=0.20 bump=False lidar=[0.12, 0.15, 0.18, 0.19, 0.2, 0.2, 0.17, 0.18, 0.38, 1.14, 1.53, 0.51, 0.78, 2.87, 0.44, 0.29]
15:08:14 pos=(16.75,14.18) h=262 f=0.14 s=0.20 d=0.20 bump=False lidar=[2.85, 0.42, 0.28, 0.13, 0.14, 0.2, 0.18, 0.2, 0.21, 0.18, 0.17, 0.38, 1.06, 1.49, 0.51, 0.76]
15:08:16 pos=(16.39,13.96) h=235 f=0.35 s=0.23 d=0.12 bump=False lidar=[0.48, 1.38, 1.09, 0.35, 0.28, 0.12, 0.15, 0.23, 0.29, 0.26, 0.25, 0.2, 0.39, 0.72, 1.35, 0.49]
15:08:17 pos=(15.85,13.74) h=271 f=0.26 s=0.34 d=0.18 bump=False lidar=[2.74, 0.64, 0.32, 0.26, 0.21, 0.18, -1.0, 0.34, 0.31, 0.29, 0.43, 0.69, 1.3, 0.4, 0.39, 0.64]
15:08:19 pos=(15.36,14.06) h=333 f=0.22 s=0.51 d=0.45 bump=False lidar=[0.18, 0.21, 0.22, 0.19, 0.39, 0.45, 0.37, 0.51, 0.77, 1.39, 0.37, 0.4, 0.6, 2.6, 0.55, 0.23]
15:08:21 pos=(15.30,14.23) h=297 f=0.17 s=0.43 d=0.19 bump=False lidar=[0.25, 0.18, 0.15, 0.17, 0.19, 0.19, 0.43, 0.46, 0.4, 0.58, 1.14, 0.8, 0.38, 0.57, 1.38, 0.93]
15:08:23 pos=(15.23,14.20) h=241 f=0.23 s=0.18 d=0.17 bump=False lidar=[0.6, 2.62, 0.56, 0.23, 0.2, 0.17, 0.19, 0.18, 0.17, 0.43, 0.42, 0.54, 0.78, 1.37, 0.4, 0.39]
15:08:25 pos=(14.65,13.94) h=259 f=0.21 s=0.30 d=0.21 bump=False lidar=[1.34, 0.82, 0.44, 0.21, 0.19, 0.21, 0.29, 0.3, 0.56, 0.47, 0.61, 0.81, 1.38, 0.31, 0.38, 0.47]
15:08:27 pos=(14.27,13.91) h=271 f=0.19 s=0.34 d=0.22 bump=False lidar=[2.42, 0.52, 0.34, 0.18, 0.19, 0.22, 0.32, 0.34, 0.61, 0.6, 0.67, 1.16, 0.3, 0.33, 0.39, 1.04]
15:08:29 pos=(13.91,13.92) h=279 f=0.20 s=0.62 d=0.22 bump=False lidar=[1.71, 0.39, 0.32, 0.2, 0.18, 0.22, 0.37, 0.63, 0.62, 0.72, 0.92, 0.34, 0.29, 0.35, 0.4, 1.16]
15:08:31 pos=(13.55,13.99) h=286 f=0.19 s=0.69 d=0.21 bump=False lidar=[0.58, 0.31, 0.27, 0.19, 0.18, 0.21, 0.43, 0.72, 0.69, 0.91, 0.38, 0.3, 0.35, 0.33, -1.0, 2.35]
15:08:33 pos=(13.21,14.10) h=287 f=0.21 s=0.76 d=0.18 bump=False lidar=[0.54, 0.25, 0.22, 0.21, 0.17, 0.18, 0.36, 0.78, 0.76, 0.98, 0.38, 0.36, 0.33, 0.36, 0.91, 2.29]
15:08:35 pos=(12.94,14.18) h=275 f=0.20 s=0.55 d=0.19 bump=False lidar=[1.13, 0.27, 0.2, 0.2, 0.21, 0.19, 0.21, 0.55, 0.78, 0.87, 0.45, 0.37, 0.37, 0.34, 0.88, 1.3]
15:08:37 pos=(12.66,14.12) h=253 f=0.19 s=0.23 d=0.22 bump=False lidar=[1.03, 1.5, 0.3, 0.19, 0.19, 0.22, 0.22, 0.23, 0.57, 0.85, 0.88, 0.44, 0.36, 0.29, 0.34, 0.84]
15:08:39 pos=(12.23,13.99) h=256 f=0.21 s=0.32 d=0.22 bump=False lidar=[1.42, 1.34, 0.41, 0.21, 0.19, 0.22, 0.25, 0.32, 0.69, 0.88, 1.11, 0.39, 0.32, 0.27, 0.89, 0.77]
15:08:41 pos=(11.90,13.93) h=260 f=0.20 s=0.36 d=0.18 bump=False lidar=[1.4, 1.3, 0.33, 0.2, 0.19, 0.18, 0.28, 0.36, 0.74, 0.96, 1.14, 0.4, 0.28, 0.81, 0.92, 0.71]
15:08:43 pos=(11.52,13.89) h=272 f=0.20 s=0.58 d=0.21 bump=False lidar=[2.0, 0.56, 0.3, 0.2, 0.19, 0.21, 0.34, 0.58, 1.03, 1.07, 0.44, 0.27, 0.8, 0.81, 0.67, 0.77]
15:08:45 pos=(11.16,13.92) h=280 f=0.21 s=0.82 d=0.20 bump=False lidar=[1.29, 0.44, 0.26, 0.21, 0.17, 0.2, 0.42, 0.82, 1.06, 0.56, 0.3, 0.81, 0.8, 0.89, 0.56, 1.03]
15:08:47 pos=(10.77,14.03) h=291 f=0.20 s=1.18 d=0.22 bump=False lidar=[0.45, 0.2, 0.22, 0.2, 0.16, 0.22, 0.5, 1.18, 1.22, 0.37, 0.84, 0.81, 0.87, 0.55, 0.85, 1.89]
15:08:49 pos=(10.55,14.06) h=273 f=0.22 s=0.51 d=0.19 bump=False lidar=[1.84, 0.45, 0.31, 0.17, 0.22, 0.19, 0.23, 0.51, 1.22, 1.28, 0.35, 0.85, 0.78, 0.87, 0.48, 0.85]
15:08:51 pos=(10.19,14.12) h=282 f=0.21 s=0.81 d=0.20 bump=False lidar=[1.03, -1.0, 0.24, 0.13, 0.21, 0.2, 0.26, 0.81, 1.27, 0.65, 1.05, 0.86, 0.79, 0.52, 0.6, 1.78]
15:08:53 pos=(9.89,14.13) h=271 f=0.23 s=0.54 d=0.19 bump=False lidar=[1.75, 0.61, 0.27, 0.23, 0.13, 0.19, 0.24, 0.54, 1.37, 1.33, 1.16, 0.88, 0.77, 0.53, 0.49, 0.76]
15:08:55 pos=(9.52,14.18) h=278 f=0.21 s=0.72 d=0.17 bump=False lidar=[0.93, 0.27, 0.21, 0.22, 0.14, 0.17, 0.27, 0.72, 1.39, 0.52, 0.96, 0.82, 0.61, 0.4, 0.5, 1.67]
15:08:57 pos=(9.22,14.23) h=274 f=0.20 s=0.36 d=0.16 bump=False lidar=[1.57, 0.49, 0.22, 0.2, 0.2, 0.16, 0.18, 0.36, 1.46, 0.81, 1.18, 0.91, 0.82, 0.39, 0.47, 0.98]
15:08:59 pos=(8.93,14.23) h=265 f=0.21 s=0.36 d=0.21 bump=False lidar=[1.53, 0.62, 0.22, 0.21, 0.18, 0.21, 0.17, 0.36, 1.2, 1.5, 1.28, 0.97, 0.8, 0.38, 0.46, 0.67]
15:09:01 pos=(8.62,14.13) h=248 f=0.22 s=0.24 d=0.20 bump=False lidar=[0.87, 1.53, 0.45, 0.22, 0.19, 0.2, 0.24, 0.24, 0.43, 1.56, 0.87, 1.21, 0.87, 0.47, 0.41, 0.42]
15:09:02 pos=(8.14,14.01) h=262 f=0.22 s=0.33 d=0.22 bump=False lidar=[1.37, 0.71, 0.35, 0.22, 0.18, 0.22, 0.29, 0.33, 1.35, 1.04, 1.29, 0.92, 0.32, 0.36, 0.33, 0.58]
15:09:04 pos=(7.73,14.04) h=281 f=0.18 s=1.04 d=0.26 bump=False lidar=[0.69, 0.33, 0.32, 0.18, 0.16, 0.26, 0.36, 1.04, 1.69, 1.36, 0.94, 0.34, 0.33, 0.36, 0.64, 1.35]
15:09:06 pos=(7.39,14.13) h=291 f=0.19 s=0.87 d=0.25 bump=False lidar=[0.6, 0.26, 0.27, 0.19, 0.17, 0.25, 0.41, 1.76, 0.87, 1.19, 0.39, 0.37, -1.0, 0.4, 0.7, 1.3]
15:09:08 pos=(7.04,14.29) h=306 f=0.18 s=1.50 d=0.30 bump=False lidar=[0.31, 0.21, 0.22, 0.18, 0.17, 0.3, 0.68, 1.84, 1.5, 0.46, 0.38, 0.34, 0.39, 0.64, 1.22, 0.59]
15:09:10 pos=(6.91,14.38) h=261 f=0.20 s=0.30 d=0.21 bump=False lidar=[1.21, 0.48, 0.23, 0.18, 0.2, 0.21, 0.17, 0.3, 0.73, 1.82, 1.49, 0.44, 0.36, 0.38, 0.42, 0.68]
15:09:12 pos=(6.55,14.21) h=248 f=0.24 s=0.24 d=0.20 bump=False lidar=[1.23, 1.16, 0.46, 0.24, 0.19, 0.2, 0.24, 0.24, 0.5, 1.92, 1.5, 1.19, 0.42, 0.32, 0.34, 0.53]
15:09:14 pos=(6.03,14.15) h=274 f=0.17 s=0.63 d=0.29 bump=False lidar=[1.08, 0.37, 0.25, 0.16, 0.17, 0.29, 0.28, 0.63, 2.01, 1.58, 0.46, 0.33, 0.32, 0.38, 0.54, 1.08]
15:09:16 pos=(5.73,14.17) h=276 f=0.19 s=0.66 d=0.19 bump=False lidar=[0.99, 0.37, 0.28, 0.19, 0.17, 0.19, 0.33, 0.66, 1.98, 1.73, 0.47, 0.34, 0.3, 0.39, 0.47, 1.08]
15:09:18 pos=(5.38,14.20) h=279 f=0.21 s=0.71 d=0.22 bump=False lidar=[0.95, 0.29, 0.27, 0.21, 0.17, 0.22, 0.37, 0.71, 2.11, 1.66, 0.37, 0.34, 0.32, 0.42, 1.11, 0.95]
15:09:20 pos=(5.07,14.25) h=279 f=0.20 s=0.76 d=0.21 bump=False lidar=[0.91, 0.25, 0.22, 0.2, 0.19, 0.21, 0.39, 0.76, 2.15, 1.7, 0.41, 0.32, 0.36, 0.4, 1.06, 0.89]
15:09:22 pos=(4.82,14.30) h=259 f=0.18 s=0.82 d=0.19 bump=False lidar=[0.87, 0.89, 0.21, 0.18, 0.18, 0.19, 0.2, -1.0, 0.82, 1.53, 0.63, 0.42, 0.34, 0.38, 0.41, 1.04]
15:09:24 pos=(4.52,14.16) h=243 f=0.21 s=0.25 d=0.20 bump=False lidar=[0.91, 0.85, 0.86, 0.21, 0.19, 0.2, 0.21, 0.25, 0.49, 1.55, 1.83, 0.47, 0.32, 0.34, 0.34, 0.41]
15:09:26 pos=(4.07,14.01) h=266 f=0.19 s=0.43 d=0.26 bump=False lidar=[0.72, 0.75, 0.94, 0.19, 0.18, 0.26, 0.29, 0.43, 1.58, 1.88, 0.47, 0.32, 0.35, 0.28, 1.23, 0.84]
15:09:28 pos=(3.72,13.96) h=267 f=0.20 s=0.47 d=0.24 bump=False lidar=[0.7, 0.71, 0.91, 0.2, 0.16, 0.24, 0.32, 0.47, 2.09, 1.91, 0.42, 0.35, 0.29, 0.3, 1.02, 0.73]
15:09:30 pos=(3.40,13.94) h=268 f=0.20 s=0.48 d=0.18 bump=False lidar=[0.64, 0.68, 0.78, 0.2, 0.16, 0.18, 0.33, 0.48, 2.44, 2.0, 0.41, 0.37, 0.25, 1.31, 0.85, 0.69]
15:09:32 pos=(3.00,13.98) h=285 f=0.20 s=1.67 d=0.21 bump=False lidar=[0.54, 0.7, 0.91, 0.2, 0.18, 0.21, -1.0, 1.11, 1.67, 0.46, 0.41, 0.26, 1.29, 0.99, 0.66, 0.53]
15:09:34 pos=(2.60,14.12) h=303 f=0.33 s=0.83 d=0.34 bump=False lidar=[0.59, 0.8, 1.25, 0.33, 0.18, 0.34, 0.83, 2.57, 0.55, 0.41, 0.33, 1.29, 0.91, 0.58, 0.48, 0.5]
15:09:36 pos=(2.28,14.41) h=325 f=0.18 s=2.63 d=0.56 bump=False lidar=[0.71, 1.22, 0.39, 0.18, 0.16, 0.56, 2.63, -1.0, 0.5, 0.4, 1.32, 0.78, 0.55, 0.46, 0.42, 0.52]
15:09:37 pos=(2.08,14.74) h=337 f=0.19 s=0.64 d=2.64 bump=False lidar=[0.88, 1.07, 0.29, 0.19, 0.14, 2.64, 2.32, 0.64, 0.42, 1.4, 0.98, 0.56, 0.46, 0.38, 0.44, 0.49]
15:09:39 pos=(1.98,15.10) h=344 f=0.20 s=0.62 d=2.71 bump=False lidar=[1.08, 0.98, 0.25, 0.2, 0.16, 2.71, 0.88, 0.6, 0.62, 1.52, 0.67, 0.45, 0.38, 0.4, 0.43, 0.6]
15:09:41 pos=(1.94,15.46) h=356 f=0.20 s=0.86 d=0.16 bump=False lidar=[0.93, 0.94, 0.2, 0.2, 0.17, 0.16, 0.86, 0.62, 0.98, 1.29, 0.61, 0.47, 0.38, 0.4, 0.4, 0.74]
15:09:43 pos=(1.87,15.70) h=342 f=0.20 s=0.59 d=0.18 bump=False lidar=[0.81, 0.92, 0.45, 0.2, 0.19, 0.18, 0.18, 0.78, 0.59, 1.56, 0.89, 0.52, 0.37, 0.36, 0.36, 0.5]
15:09:45 pos=(1.78,15.98) h=332 f=0.22 s=0.21 d=0.19 bump=False lidar=[0.66, 0.87, 0.84, 0.22, 0.18, 0.19, 0.18, 0.21, 0.73, 1.07, 1.39, 0.56, 0.36, 0.34, 0.34, 0.46]
15:09:47 pos=(1.62,16.41) h=347 f=0.22 s=0.85 d=0.22 bump=False lidar=[0.88, 0.82, 0.93, 0.22, 0.16, 0.22, 0.26, 0.88, 0.85, 1.72, 0.58, 0.38, 0.34, 0.3, 0.39, 0.56]
15:09:49 pos=(1.59,16.80) h=3 f=0.21 s=0.79 d=0.24 bump=False lidar=[0.68, 0.74, 0.3, 0.21, 0.17, 0.24, 0.31, 0.79, 1.71, 0.66, 0.44, 0.36, 0.28, 0.36, 0.42, 0.82]
15:09:51 pos=(1.65,17.18) h=11 f=0.20 s=1.16 d=0.24 bump=False lidar=[0.66, 0.81, 0.27, 0.2, 0.15, 0.24, 0.39, 1.33, 1.16, 0.52, 0.4, 0.27, -1.0, 0.38, 0.51, 0.65]
15:09:53 pos=(1.77,17.50) h=17 f=0.23 s=1.13 d=0.16 bump=False lidar=[0.61, 0.74, 0.24, 0.23, 0.15, 0.16, 0.4, 1.59, 1.13, 0.52, 0.34, 0.35, 0.33, 0.44, 0.7, 0.57]
15:09:55 pos=(1.88,17.79) h=17 f=0.20 s=1.22 d=0.18 bump=False lidar=[0.56, 0.7, 0.19, 0.21, 0.2, 0.18, 0.4, 1.61, 1.22, 0.57, 0.36, 0.38, 0.34, 0.44, 0.68, 0.54]
15:09:57 pos=(1.90,18.03) h=359 f=0.68 s=0.44 d=0.20 bump=False lidar=[0.47, 0.5, 0.68, 0.73, 0.18, 0.2, 0.2, 0.44, 1.93, 0.88, 0.55, 0.38, 0.35, 0.37, 0.44, 0.63]
15:09:59 pos=(2.04,18.49) h=29 f=0.59 s=0.69 d=0.22 bump=False lidar=[0.48, 0.67, 0.59, 0.16, -1.0, 0.22, 0.57, 2.07, 0.69, 0.43, 0.37, 0.37, 0.4, 0.59, 0.39, 0.46]
15:10:00 pos=(2.51,18.75) h=82 f=0.27 s=0.52 d=1.83 bump=False lidar=[0.5, 1.12, 0.87, 0.19, 0.27, 1.83, 0.76, 0.52, 0.44, 0.47, 0.57, 0.45, 0.41, 0.37, 0.5, 0.65]
15:10:01 bump! backing
15:10:03 bump! backing
15:10:05 pos=(2.62,18.70) h=74 f=0.25 s=0.54 d=2.05 bump=False lidar=[0.6, 0.55, 1.24, 0.1, 0.25, 2.05, 1.01, 0.54, 0.45, 0.46, 0.44, 0.53, 0.35, 0.34, 0.4, 0.53]
15:10:06 bump! backing
15:10:08 pos=(2.95,18.68) h=99 f=0.76 s=0.49 d=1.02 bump=False lidar=[0.49, 1.15, 0.76, 0.2, 2.15, 1.02, 0.59, 0.49, 0.48, 0.59, 0.37, 0.39, 0.34, 0.44, 0.58, 0.48]
15:10:09 bump! backing
15:10:11 pos=(3.25,18.50) h=123 f=1.01 s=0.52 d=0.60 bump=False lidar=[1.09, 0.7, 0.66, 2.18, 1.01, 0.6, 0.52, 0.52, 0.65, 0.39, 0.34, 0.34, 0.43, 0.56, 0.42, 0.97]
15:10:12 bump! backing
15:10:15 pos=(3.43,18.22) h=147 f=0.19 s=0.56 d=0.58 bump=False lidar=[0.73, 0.63, 0.19, 0.1, 0.65, 0.58, 0.56, 0.7, 0.43, 0.35, 0.37, 0.42, 0.53, 0.36, 0.42, 1.06]
15:10:17 pos=(3.57,17.98) h=138 f=0.15 s=0.59 d=1.50 bump=False lidar=[0.73, 0.57, 0.62, 0.15, 0.1, -1.0, 0.59, 0.6, 0.51, 0.44, 0.38, 0.45, 0.57, 0.37, 0.38, 1.02]
15:10:18 pos=(3.90,17.55) h=152 f=0.31 s=0.69 d=0.13 bump=False lidar=[0.51, 0.52, 0.38, 0.31, 0.13, 0.13, 0.69, 0.8, 0.55, 0.45, 0.49, 0.53, 0.36, 1.02, 0.96, 0.65]
15:10:20 pos=(3.99,17.06) h=185 f=0.17 s=0.62 d=0.15 bump=False lidar=[0.46, 0.35, 0.28, 0.17, 0.14, 0.15, 0.86, 0.62, 0.6, 0.55, 0.37, 0.33, 0.84, 0.91, 0.57, 0.41]
15:10:22 pos=(3.95,16.70) h=188 f=0.22 s=0.65 d=0.16 bump=False lidar=[0.39, 0.27, 0.24, 0.22, 0.16, 0.16, 0.86, 0.61, 0.65, 0.7, 0.39, 1.89, 0.91, 0.59, 0.44, 0.33]
15:10:24 pos=(3.87,16.37) h=186 f=0.19 s=0.70 d=0.18 bump=False lidar=[0.35, 0.36, 0.19, 0.19, 0.17, 0.18, 0.14, -1.0, 0.7, 0.74, 0.44, 1.97, 0.9, 0.54, 0.36, 0.29]
15:10:26 pos=(3.92,16.05) h=164 f=0.19 s=0.22 d=0.21 bump=False lidar=[0.23, 0.29, 0.3, 0.15, 0.19, 0.21, 0.19, 0.22, 0.79, 0.77, 0.75, 1.22, 0.89, 0.89, 0.49, 0.27]
15:10:28 pos=(4.08,15.59) h=175 f=0.22 s=0.30 d=0.21 bump=False lidar=[0.17, 0.21, 0.25, 0.22, 0.17, 0.21, 0.27, 0.3, 0.79, 0.81, 0.49, 1.64, 0.85, 0.47, 0.22, 0.16]
15:10:30 pos=(4.11,15.23) h=178 f=0.18 s=0.35 d=0.20 bump=False lidar=[0.12, 0.16, 0.18, 0.21, 0.16, 0.2, 0.31, 0.35, 0.86, 0.91, 1.17, 0.94, 0.86, 0.28, 0.1, 0.1]
15:10:32 pos=(4.12,15.22) h=108 f=0.12 s=0.19 d=0.18 bump=False lidar=[0.37, 0.11, 0.09, 0.12, 0.15, 0.18, 0.23, 0.16, 0.19, 0.32, 0.33, 0.86, 0.91, 1.18, 1.93, 0.86]
15:10:34 pos=(4.17,15.26) h=38 f=0.37 s=0.14 d=0.08 bump=False lidar=[1.16, 1.9, 0.85, 0.37, 0.12, 0.08, 0.11, 0.14, 0.2, 0.23, 0.18, 0.2, 0.3, 0.35, 0.86, 0.91]
15:10:36 pos=(4.35,15.83) h=11 f=0.79 s=0.21 d=0.38 bump=False lidar=[0.74, 0.44, 1.45, 0.79, 0.79, 0.38, 0.22, 0.17, 0.21, 0.3, 0.25, 0.25, 0.29, 0.27, 0.88, 0.75]
15:10:37 pos=(4.56,16.37) h=36 f=0.74 s=0.33 d=0.34 bump=False lidar=[0.37, 1.37, 0.74, 0.77, 0.45, 0.34, 0.26, 0.33, 0.39, 0.3, 0.32, 0.29, 0.29, 0.8, 0.69, 0.64]
15:10:39 pos=(5.05,16.61) h=92 f=0.34 s=0.39 d=0.37 bump=False lidar=[0.66, 0.72, 0.41, 0.34, 0.31, 0.37, 0.48, 0.39, 0.35, 0.37, 0.83, 0.66, 0.59, 0.29, 0.97, 1.72]
15:10:41 pos=(5.53,16.29) h=152 f=0.39 s=0.76 d=0.49 bump=False lidar=[0.32, 0.28, 0.26, 0.39, 0.48, 0.49, 0.41, 1.18, 0.76, 0.65, 0.72, 0.93, 1.45, 0.57, 0.59, 0.35]
15:10:43 pos=(5.51,15.74) h=206 f=0.45 s=0.84 d=0.96 bump=False lidar=[0.17, 0.37, 0.41, 0.49, 0.45, 0.96, 0.84, 0.32, 0.91, 1.3, 0.58, 0.6, 0.27, 0.25, 0.19, 0.17]
15:10:44 pos=(5.04,15.46) h=268 f=0.80 s=0.72 d=0.90 bump=False lidar=[-1.0, 0.42, 0.41, 0.93, 0.8, 0.9, 1.13, 0.72, 0.69, 0.29, 0.23, 0.16, 0.12, 0.11, 0.17, 0.39]
15:10:46 pos=(4.55,15.72) h=321 f=0.94 s=0.37 d=0.75 bump=False lidar=[1.02, 0.79, 0.76, 0.94, 1.43, 0.75, 0.75, 0.37, 0.18, 0.16, 0.18, 0.27, 0.34, 0.27, 0.33, 0.33]
15:10:48 pos=(4.42,16.27) h=5 f=1.09 s=0.26 d=0.47 bump=False lidar=[0.69, 0.44, 1.09, 1.87, 0.8, 0.47, 0.36, 0.26, 0.26, 0.34, 0.31, 0.29, 0.29, 0.25, 1.01, 0.71]
15:10:50 pos=(4.70,16.77) h=59 f=0.71 s=0.35 d=0.35 bump=False lidar=[1.09, 0.75, 0.77, 0.71, 0.43, 0.35, 0.35, 0.47, 0.35, 0.36, 0.27, 0.91, 0.75, 0.64, 0.57, 0.31]
15:10:52 pos=(5.27,16.79) h=117 f=0.41 s=0.44 d=0.51 bump=False lidar=[0.69, 0.43, 0.41, 0.34, 0.41, 0.51, 0.44, 0.36, 0.92, 0.8, 0.67, 0.55, 0.22, 0.94, 1.74, 0.61]
15:10:53 pos=(5.57,16.31) h=174 f=0.47 s=0.73 d=0.43 bump=False lidar=[0.28, 0.26, 0.4, 0.47, 0.49, 0.43, 1.15, 0.73, 0.62, 0.76, 0.95, 1.44, -1.0, 0.63, 0.35, 0.32]
15:10:55 pos=(5.31,15.80) h=236 f=0.45 s=0.97 d=0.81 bump=False lidar=[0.41, 0.37, 0.45, 0.43, 0.94, 0.81, 0.42, 0.97, 1.4, 0.62, 0.62, 0.28, 0.24, 0.2, 0.17, 0.19]
15:10:57 pos=(4.76,15.76) h=294 f=0.77 s=0.74 d=1.14 bump=False lidar=[0.34, 0.4, 0.8, 0.77, 0.43, 1.14, 0.78, 0.74, 0.37, 0.25, 0.17, 0.16, 0.19, 0.32, 0.29, 0.34]
15:10:59 pos=(4.43,16.24) h=352 f=0.76 s=0.28 d=0.79 bump=False lidar=[0.7, 0.7, 0.38, 1.47, 0.76, 0.79, 0.44, 0.28, 0.23, 0.31, 0.39, 0.27, 0.3, 0.26, 0.27, 0.79]
15:11:00 pos=(4.60,16.78) h=42 f=0.74 s=0.36 d=0.37 bump=False lidar=[0.3, 1.55, 0.74, 0.79, 0.48, 0.37, 0.34, 0.43, 0.36, 0.33, 0.27, 0.25, 0.99, 0.65, 0.65, 0.64]
15:11:02 pos=(5.13,16.93) h=101 f=0.39 s=0.39 d=0.53 bump=False lidar=[0.68, 0.69, 0.44, 0.39, 0.37, 0.53, 0.4, 0.39, 0.34, 1.04, 0.7, 0.62, 0.58, 0.21, 1.03, 0.68]
15:11:04 pos=(5.54,16.55) h=158 f=0.46 s=0.73 d=0.43 bump=False lidar=[0.36, 0.33, 0.32, 0.5, 0.46, 0.43, 0.47, 0.85, 0.73, 0.32, 0.72, 0.95, 1.68, 0.58, 0.61, 0.37]
15:11:06 pos=(5.44,16.01) h=218 f=0.45 s=0.76 d=0.83 bump=False lidar=[-1.0, 0.49, 0.42, 0.45, 1.18, 0.83, 0.71, 0.76, 0.97, 1.49, 0.63, 0.6, 0.3, 0.26, 0.25, 0.21]
15:11:07 pos=(4.92,15.81) h=278 f=0.79 s=0.70 d=0.87 bump=False lidar=[0.4, 0.37, 1.07, 0.79, 0.74, 0.87, 1.32, 0.68, 0.7, 0.33, 0.25, 0.18, 0.16, 0.22, 0.38, 0.32]
15:11:09 pos=(4.47,16.17) h=334 f=1.04 s=0.37 d=0.79 bump=False lidar=[0.77, 0.76, 0.45, 1.04, 1.83, 0.79, 0.69, 0.37, 0.25, 0.22, 0.33, 0.36, 0.26, 0.3, 0.25, 0.31]
15:11:11 pos=(4.53,16.72) h=31 f=0.79 s=0.34 d=0.44 bump=False lidar=[0.36, 1.08, 1.82, 0.79, 0.73, 0.44, 0.34, 0.34, 0.47, 0.33, 0.32, 0.24, 0.27, 0.74, 0.6, 0.58]
15:11:13 pos=(5.00,16.98) h=92 f=0.44 s=0.41 d=0.45 bump=False lidar=[0.64, 0.72, 0.47, 0.44, 0.35, 0.45, 0.47, 0.41, 0.32, 0.35, 0.79, 0.59, 0.55, 0.28, 0.17, -1.0]
15:11:15 pos=(5.49,16.70) h=147 f=0.46 s=0.70 d=0.50 bump=False lidar=[0.37, 0.36, 0.35, 0.46, 0.48, 0.5, 0.4, 1.11, 0.7, 0.63, 0.24, 0.75, 1.18, 0.57, 0.64, 0.63]
15:11:16 pos=(5.51,16.15) h=204 f=0.44 s=0.76 d=0.92 bump=False lidar=[0.23, 0.45, 0.44, 0.47, 0.43, 0.92, 0.77, 0.39, 0.76, 1.03, 0.62, 0.62, 0.56, 0.31, 0.29, 0.26]
15:11:18 pos=(5.03,15.84) h=266 f=0.77 s=1.03 d=0.41 bump=False lidar=[0.37, 0.38, 0.43, 0.85, 0.77, 0.41, 1.03, 1.73, 0.69, 0.62, 0.3, 0.22, 0.16, 0.19, 0.32, 0.39]
15:11:20 pos=(4.52,16.09) h=324 f=0.68 s=0.42 d=0.75 bump=False lidar=[0.82, 0.73, 0.68, 0.39, 1.41, 0.75, 0.77, 0.42, 0.31, 0.21, 0.25, -1.0, 0.28, 0.28, 0.28, 0.28]
15:11:22 pos=(4.49,16.67) h=21 f=0.81 s=0.36 d=0.48 bump=False lidar=[0.67, 0.3, 1.58, 0.76, 0.81, 0.48, 0.36, 0.32, 0.41, 0.32, 0.32, 0.26, 0.24, 0.95, 0.66, 0.66]
15:11:24 pos=(4.95,17.00) h=83 f=0.46 s=0.41 d=0.41 bump=False lidar=[0.69, 0.75, 0.67, 0.46, 0.37, 0.41, 0.53, 0.41, 0.32, 0.34, 0.99, 0.61, 0.61, 0.58, 0.22, 1.26]
15:11:25 pos=(5.46,16.76) h=142 f=0.44 s=0.77 d=0.50 bump=False lidar=[0.39, 0.4, 0.35, 0.44, 0.51, 0.5, 0.39, 1.06, 0.77, 0.66, 0.27, 0.69, 0.98, 0.61, 0.61, 0.67]
15:11:27 pos=(5.53,16.20) h=201 f=0.44 s=0.75 d=1.13 bump=False lidar=[0.25, 0.44, 0.44, 0.51, 0.41, 1.13, 0.75, 0.64, 0.78, 1.0, 1.67, 0.58, 0.61, 0.32, 0.29, 0.25]
15:11:29 pos=(5.10,15.86) h=260 f=0.80 s=0.97 d=0.44 bump=False lidar=[0.36, 0.4, 0.4, 0.91, 0.8, 0.44, 0.97, 1.5, 0.66, 0.67, 0.32, 0.24, 0.2, 0.2, 0.25, 0.46]
15:11:31 pos=(4.56,16.08) h=319 f=0.71 s=0.43 d=0.79 bump=False lidar=[1.02, 0.73, 0.71, 0.43, 1.14, 0.79, 0.8, 0.43, 0.31, 0.2, 0.23, 0.33, 0.34, 0.27, 0.31, 0.29]
15:11:32 pos=(4.48,16.66) h=19 f=0.81 s=0.36 d=0.48 bump=False lidar=[0.65, 0.34, 1.54, 0.75, 0.81, 0.48, 0.36, 0.31, 0.41, 0.32, 0.32, 0.28, 0.22, 0.99, 0.71, 0.68]
15:11:34 pos=(4.91,17.01) h=79 f=0.74 s=0.39 d=0.39 bump=False lidar=[1.74, 0.74, 0.74, -1.0, 0.4, 0.39, 0.54, 0.39, 0.36, 0.3, 1.0, 0.7, 0.6, 0.55, 0.24, 1.01]
15:11:36 pos=(5.43,16.83) h=136 f=0.38 s=0.81 d=0.47 bump=False lidar=[0.45, 0.41, 0.35, 0.38, 0.57, 0.47, 0.38, 0.96, 0.81, 0.66, 0.56, 0.69, 0.91, 1.61, 0.59, 0.67]
15:11:38 pos=(5.57,16.29) h=193 f=0.48 s=0.69 d=1.16 bump=False lidar=[0.26, 0.36, 0.51, 0.48, 0.43, 1.16, 0.76, 0.67, 0.69, 0.88, 1.43, 0.58, 0.63, 0.53, 0.31, 0.27]
15:11:40 pos=(5.15,15.90) h=257 f=0.80 s=0.83 d=0.49 bump=False lidar=[0.34, 0.41, 0.37, 0.91, 0.8, 0.49, 0.83, 1.32, 0.64, 0.66, 0.33, 0.26, 0.21, 0.2, 0.22, 0.42]
15:11:41 pos=(4.60,16.06) h=314 f=0.73 s=0.67 d=1.84 bump=False lidar=[0.36, 0.79, 0.73, 0.44, 1.09, 1.84, 0.78, 0.67, 0.35, 0.22, 0.22, 0.3, 0.39, 0.28, 0.32, 0.3]
15:11:43 pos=(4.46,16.58) h=10 f=0.82 s=0.34 d=0.50 bump=False lidar=[0.61, 0.37, 1.08, 0.8, 0.82, 0.5, 0.41, 0.31, 0.34, 0.41, 0.29, 0.32, 0.27, -1.0, 0.75, 0.62]
15:11:45 pos=(4.81,17.02) h=71 f=0.50 s=0.39 d=0.36 bump=False lidar=[1.49, 0.69, 0.77, 0.5, 0.45, 0.36, -1.0, 0.39, 0.39, 0.28, 0.3, 0.74, 0.58, 0.55, 0.53, 0.24]
15:11:47 pos=(5.35,16.94) h=126 f=0.41 s=0.43 d=0.46 bump=False lidar=[0.67, 0.43, 0.41, 0.38, 0.52, 0.46, 0.43, 0.38, 1.08, 0.65, 0.56, 0.26, 0.67, 1.17, 0.63, 0.66]
15:11:48 pos=(5.58,16.44) h=186 f=0.46 s=0.73 d=0.47 bump=False lidar=[0.31, 0.31, 0.53, 0.46, 0.46, 0.47, 0.9, 0.73, 0.31, 0.71, 0.98, 0.64, 0.58, 0.61, 0.31, 0.33]
15:11:50 pos=(5.25,15.97) h=244 f=0.80 s=1.05 d=0.71 bump=False lidar=[0.43, -1.0, 0.41, 1.17, 0.8, 0.71, 0.8, 1.05, 1.7, 0.66, 0.66, 0.31, 0.26, 0.21, 0.21, 0.34]
15:11:52 pos=(4.70,16.02) h=299 f=0.74 s=0.72 d=1.35 bump=False lidar=[0.3, 0.86, 0.74, 0.71, 0.88, 1.35, 0.72, 0.73, 0.4, 0.29, 0.2, 0.23, 0.32, 0.35, 0.29, 0.34]
15:11:54 pos=(4.44,16.51) h=0 f=0.77 s=0.32 d=0.81 bump=False lidar=[0.68, 0.7, 0.33, 1.6, 0.77, 0.81, 0.44, 0.32, 0.3, 0.39, 0.31, 0.3, 0.27, 0.25, 1.01, 0.71]
15:11:55 pos=(4.72,16.99) h=59 f=0.74 s=0.51 d=0.38 bump=False lidar=[1.04, 1.77, 0.77, 0.74, 0.49, 0.38, -1.0, 0.51, 0.39, 0.31, 0.26, 0.98, 0.71, 0.59, 0.55, 0.29]
15:11:57 pos=(5.28,17.00) h=117 f=0.43 s=0.45 d=0.48 bump=False lidar=[0.71, 0.44, 0.43, 0.39, 0.49, 0.48, 0.45, 0.35, 0.95, 0.76, 0.64, 0.55, 0.19, 0.94, 1.69, 0.6]
15:11:59 pos=(5.57,16.51) h=177 f=0.48 s=0.71 d=0.45 bump=False lidar=[0.31, 0.29, 0.48, 0.46, 0.48, 0.45, 0.92, 0.71, 0.62, 0.71, 0.94, 1.45, 0.56, 0.62, 0.53, 0.35]
15:12:01 pos=(5.31,16.02) h=235 f=0.44 s=0.92 d=0.78 bump=False lidar=[0.45, 0.38, 0.44, 0.43, 0.92, 0.78, 0.39, 0.92, 1.37, 0.61, 0.63, 0.33, 0.3, 0.22, 0.21, 0.26]
15:12:03 pos=(4.76,15.98) h=291 f=0.71 s=0.74 d=1.09 bump=False lidar=[0.31, 1.11, 0.74, 0.71, 0.4, 1.09, 0.78, 0.74, 0.4, 0.32, 0.21, 0.19, 0.27, 0.39, 0.29, 0.36]
15:12:04 pos=(4.44,16.45) h=354 f=0.75 s=0.34 d=0.81 bump=False lidar=[0.68, 0.66, 0.37, 1.45, 0.75, 0.81, 0.43, 0.34, 0.28, 0.36, 0.4, 0.29, 0.3, 0.24, 0.28, 0.77]
15:12:06 pos=(4.66,16.96) h=48 f=0.75 s=0.37 d=0.39 bump=False lidar=[0.24, 1.77, 0.75, 0.79, 0.5, 0.39, 0.37, 0.48, 0.36, 0.34, 0.24, 0.82, 0.74, 0.6, 0.55, 0.33]
15:12:08 pos=(5.22,17.02) h=112 f=0.46 s=0.46 d=0.55 bump=False lidar=[0.69, 0.65, 0.46, -1.0, 0.43, 0.55, 0.46, 0.34, 0.91, 0.79, 0.6, 0.52, 0.22, 0.83, 1.42, 0.62]
15:12:10 pos=(5.57,16.57) h=170 f=0.49 s=0.69 d=0.42 bump=False lidar=[0.32, 0.32, 0.45, 0.49, 0.5, 0.42, 1.14, 0.69, 0.6, 0.62, 0.82, 1.29, 0.55, 0.61, 0.59, 0.35]
15:12:12 pos=(5.33,16.05) h=235 f=0.92 s=0.80 d=0.81 bump=False lidar=[0.46, 0.4, -1.0, 0.42, 0.92, 0.81, 0.39, 0.8, 1.25, 0.62, 0.63, 0.56, 0.29, 0.24, 0.24, 0.23]
15:12:13 pos=(4.77,15.98) h=292 f=0.74 s=0.71 d=1.05 bump=False lidar=[0.33, 0.4, 0.8, 0.74, 0.43, 1.05, 1.78, 0.71, 0.66, 0.33, 0.22, 0.19, 0.23, 0.38, 0.3, 0.34]
15:12:15 pos=(4.42,16.45) h=352 f=0.75 s=0.34 d=0.80 bump=False lidar=[0.68, 0.63, 0.38, 1.39, 0.75, 0.8, 0.46, 0.34, 0.28, 0.34, 0.41, 0.3, 0.31, 0.25, 0.27, 0.77]
15:12:17 pos=(4.63,16.96) h=52 f=0.73 s=0.38 d=0.39 bump=False lidar=[0.26, 1.82, 0.73, 0.79, 0.48, 0.39, 0.38, 0.48, 0.37, 0.34, 0.25, 0.82, 0.72, 0.57, 0.55, 0.33]
15:12:19 pos=(5.19,17.05) h=111 f=0.41 s=0.46 d=0.59 bump=False lidar=[0.71, 0.65, 0.46, 0.39, 0.41, 0.59, 0.46, 0.36, 0.93, 0.78, 0.63, 0.53, 0.25, 0.81, 1.37, 0.62]
15:12:20 pos=(5.55,16.61) h=169 f=0.50 s=0.73 d=0.39 bump=False lidar=[0.34, 0.31, 0.39, 0.51, 0.5, 0.39, 1.14, 0.73, 0.61, 0.44, 0.81, 1.2, 0.56, 0.62, 0.6, 0.35]
15:12:22 pos=(5.34,16.07) h=233 f=0.47 s=0.80 d=0.79 bump=False lidar=[0.44, 0.41, 0.47, 0.41, 0.93, 0.79, 0.42, 0.8, 1.09, 0.61, 0.65, 0.56, 0.3, 0.24, 0.21, 0.22]
15:12:24 pos=(4.75,15.99) h=292 f=0.74 s=0.73 d=1.06 bump=False lidar=[0.34, 0.37, 0.8, 0.74, 0.43, 1.06, 1.79, 0.73, 0.65, 0.36, 0.23, 0.2, 0.23, 0.36, 0.31, 0.36]
15:12:26 pos=(4.42,16.42) h=350 f=0.77 s=0.35 d=0.80 bump=False lidar=[0.66, 0.64, 0.38, 1.31, 0.77, 0.8, 0.46, 0.35, 0.26, 0.33, 0.4, 0.31, 0.31, 0.25, 0.24, 0.78]
15:12:28 pos=(4.61,16.95) h=53 f=0.73 s=0.35 d=0.39 bump=False lidar=[0.27, 1.75, 0.73, 0.81, 0.49, 0.39, 0.35, 0.47, 0.35, 0.34, 0.25, 0.28, 0.72, 0.59, 0.56, 0.56]
15:12:30 pos=(5.19,17.05) h=106 f=0.43 s=0.44 d=0.55 bump=False lidar=[0.71, 0.65, 0.48, 0.36, 0.43, 0.55, 0.44, 0.35, 0.91, 0.78, 0.6, 0.5, 0.24, 0.78, 1.4, 0.62]
15:12:31 pos=(5.55,16.62) h=164 f=0.49 s=0.74 d=0.41 bump=False lidar=[0.36, 0.33, 0.38, 0.52, 0.49, 0.41, 1.12, 0.74, 0.62, 0.2, 0.72, 1.18, 0.59, 0.63, 0.61, 0.37]
15:12:33 pos=(5.36,16.09) h=232 f=0.46 s=0.80 d=0.77 bump=False lidar=[0.41, 0.4, 0.46, 0.42, 0.95, 0.77, 0.68, 0.8, 1.04, 0.65, 0.66, 0.59, 0.3, 0.28, 0.23, 0.23]
15:12:35 pos=(4.83,15.96) h=282 f=0.79 s=0.70 d=0.98 bump=False lidar=[0.37, 0.34, 0.87, 0.79, 0.49, 0.98, 1.54, 0.69, 0.7, 0.34, 0.24, 0.2, 0.2, 0.32, 0.37, 0.33]
15:12:37 pos=(4.44,16.34) h=339 f=1.12 s=0.40 d=0.79 bump=False lidar=[0.68, -1.0, 0.42, 1.12, 1.82, 0.79, 0.52, 0.4, 0.26, 0.28, 0.38, 0.3, 0.29, 0.28, 0.25, 0.99]
15:12:38 pos=(4.55,16.89) h=36 f=0.72 s=0.38 d=1.50 bump=False lidar=[0.31, 1.34, 0.72, 0.81, 0.49, -1.0, 0.34, 0.44, 0.38, 0.35, 0.27, 0.25, 0.98, 0.68, 0.64, 0.59]
15:12:40 pos=(5.07,17.09) h=96 f=0.43 s=0.40 d=0.55 bump=False lidar=[0.65, 0.75, 0.46, 0.43, 0.38, 0.55, 0.45, 0.4, 0.32, 1.01, 0.69, 0.61, 0.52, 0.21, 0.96, 1.7]
15:12:42 pos=(5.51,16.73) h=159 f=0.49 s=0.85 d=0.42 bump=False lidar=[0.4, 0.34, 0.36, 0.53, 0.49, 0.42, 1.0, 0.85, 0.67, 0.57, 0.7, 0.92, 1.62, 0.58, 0.63, 0.53]
15:12:44 pos=(5.43,16.17) h=216 f=0.45 s=0.70 d=0.82 bump=False lidar=[0.3, 0.51, 0.45, 0.42, 1.16, 0.82, 0.69, 0.7, 0.9, 1.42, 0.59, 0.62, 0.33, 0.29, 0.26, 0.26]
15:12:45 pos=(4.90,15.96) h=277 f=0.75 s=0.71 d=0.85 bump=False lidar=[0.36, 0.35, 0.9, 0.75, 0.72, 0.85, 1.18, 0.69, 0.71, 0.35, 0.3, 0.22, 0.18, 0.28, 0.42, 0.32]
15:12:47 pos=(4.45,16.30) h=331 f=0.99 s=0.43 d=0.76 bump=False lidar=[0.77, 0.71, 0.73, 0.99, 1.6, 0.76, 0.76, 0.43, 0.29, 0.24, 0.35, 0.38, 0.28, 0.3, 0.26, 0.33]
15:12:49 pos=(4.51,16.86) h=35 f=0.78 s=0.40 d=0.46 bump=False lidar=[0.32, 1.08, 0.78, 0.8, 0.73, 0.46, 0.35, 0.4, 0.48, 0.34, 0.28, 0.24, 0.92, 0.72, 0.61, 0.55]
15:12:51 pos=(5.03,17.09) h=97 f=0.44 s=0.43 d=0.51 bump=False lidar=[0.64, 0.75, 0.48, 0.44, 0.37, 0.51, 0.45, 0.43, 0.33, 0.87, 0.74, 0.6, 0.5, 0.23, 0.16, 1.67]
15:12:53 pos=(5.51,16.74) h=154 f=0.49 s=0.66 d=0.42 bump=False lidar=[0.38, 0.36, 0.35, 0.56, 0.49, 0.42, 0.43, 0.84, 0.66, 0.57, 0.68, 0.9, 1.44, 0.55, 0.64, 0.57]
15:12:54 pos=(5.44,16.18) h=216 f=0.45 s=0.72 d=0.79 bump=False lidar=[0.29, 0.5, 0.45, 0.42, 1.16, 0.79, 0.7, 0.72, 0.91, 1.43, 0.59, 0.61, 0.33, 0.31, 0.26, 0.26]
15:12:56 pos=(4.93,15.95) h=271 f=0.75 s=0.71 d=0.86 bump=False lidar=[0.4, 0.35, 1.05, 0.75, 0.71, 0.86, 1.12, 0.69, 0.71, 0.37, 0.29, 0.2, 0.19, 0.24, 0.41, 0.34]
15:12:58 pos=(4.47,16.29) h=336 f=0.96 s=0.44 d=0.76 bump=False lidar=[0.8, 0.72, 0.72, 0.96, 1.59, 0.76, 0.79, 0.44, 0.29, 0.27, 0.32, 0.38, 0.26, 0.32, 0.27, 0.31]
15:13:00 pos=(4.52,16.85) h=36 f=0.78 s=0.41 d=0.46 bump=False lidar=[0.31, 1.06, 1.81, 0.78, 0.75, 0.46, 0.35, 0.41, 0.48, 0.32, 0.3, 0.23, 0.89, 0.71, 0.63, 0.55]
15:13:02 pos=(5.02,17.09) h=95 f=0.45 s=0.42 d=0.51 bump=False lidar=[0.65, 0.72, 0.48, 0.45, 0.39, 0.51, 0.43, 0.42, 0.3, 0.86, 0.75, 0.59, 0.51, 0.23, 0.17, 1.49]
15:13:03 pos=(5.50,16.76) h=152 f=0.47 s=0.65 d=0.45 bump=False lidar=[0.39, 0.35, 0.34, 0.55, 0.47, 0.45, 0.43, 1.05, 0.65, 0.57, 0.62, 0.81, 1.38, 0.57, 0.66, 0.59]
15:13:05 pos=(5.46,16.19) h=213 f=0.43 s=0.74 d=0.86 bump=False lidar=[0.29, 0.53, 0.41, 0.43, 1.05, 0.86, 0.74, 0.29, 0.89, 1.3, 0.57, 0.63, 0.56, 0.32, 0.26, 0.25]
15:13:07 pos=(4.95,15.94) h=274 f=0.76 s=0.71 d=0.86 bump=False lidar=[0.38, 0.35, 1.1, 0.76, 0.69, 0.86, 1.12, 0.71, 0.7, 0.37, 0.32, 0.23, 0.2, 0.23, 0.39, 0.32]
15:13:09 pos=(4.47,16.27) h=333 f=0.72 s=0.42 d=0.77 bump=False lidar=[0.81, 0.73, 0.72, 0.34, 1.58, 0.77, 0.78, 0.42, 0.28, 0.27, 0.34, 0.41, 0.29, 0.31, 0.27, -1.0]
15:13:11 pos=(4.52,16.82) h=39 f=0.80 s=0.39 d=0.47 bump=False lidar=[0.33, 0.26, 1.79, 0.8, 0.75, 0.47, 0.36, 0.39, 0.48, 0.34, 0.3, 0.22, 0.83, 0.7, 0.6, 0.54]
15:13:12 pos=(5.03,17.09) h=93 f=0.44 s=0.47 d=0.50 bump=False lidar=[0.64, 0.74, 0.47, 0.44, 0.38, 0.5, 0.47, 0.42, -1.0, 0.88, 0.75, 0.59, 0.5, 0.23, 0.15, 1.67]
15:13:14 pos=(5.49,16.78) h=152 f=0.47 s=0.66 d=0.47 bump=False lidar=[0.4, 0.36, 0.35, 0.54, 0.47, 0.47, 0.42, 1.06, 0.66, 0.55, 0.18, 0.79, 1.28, 0.57, 0.63, 0.6]
15:13:16 pos=(5.47,16.20) h=211 f=0.45 s=0.76 d=0.88 bump=False lidar=[0.28, 0.51, 0.45, 0.42, 0.48, 0.88, 0.76, 0.25, 0.86, 1.25, 0.59, 0.64, 0.55, 0.31, 0.27, 0.24]
15:13:18 pos=(4.96,15.95) h=272 f=0.77 s=0.74 d=0.86 bump=False lidar=[0.37, 0.36, 1.11, 0.77, 0.7, 0.86, 1.09, 0.74, 0.71, 0.41, 0.32, 0.24, 0.19, 0.23, 0.39, 0.35]
15:13:20 pos=(4.47,16.25) h=330 f=0.70 s=0.42 d=0.74 bump=False lidar=[0.77, 0.72, 0.7, 0.34, 1.58, 0.74, 0.78, 0.42, 0.31, 0.26, 0.3, 0.41, 0.28, -1.0, 0.27, 0.29]
15:13:21 pos=(4.50,16.80) h=29 f=0.77 s=0.37 d=0.48 bump=False lidar=[0.35, 0.28, 1.78, 0.77, 0.76, 0.48, 0.36, 0.37, 0.46, 0.34, 0.32, 0.25, 0.27, 0.72, 0.59, 0.57]
15:13:23 pos=(5.00,17.08) h=92 f=0.45 s=0.45 d=0.47 bump=False lidar=[0.65, 0.73, 0.52, 0.45, 0.38, 0.47, 0.45, 0.43, -1.0, 0.87, 0.75, 0.58, 0.51, 0.28, 0.2, 1.43]
15:13:25 pos=(5.49,16.77) h=151 f=0.47 s=0.65 d=0.46 bump=False lidar=[0.39, 0.35, 0.36, 0.54, 0.47, 0.46, 0.41, 1.06, 0.65, 0.56, 0.18, 0.81, 1.29, 0.58, 0.65, 0.6]
15:13:27 pos=(5.48,16.23) h=210 f=0.46 s=0.75 d=0.87 bump=False lidar=[0.27, 0.51, 0.42, 0.46, 0.46, 0.87, 0.75, 0.36, 0.75, 1.14, 0.59, 0.62, 0.59, 0.3, 0.29, 0.27]
15:13:28 pos=(5.00,15.94) h=270 f=0.80 s=1.06 d=0.39 bump=False lidar=[0.39, 0.37, 1.16, 0.8, 0.7, 0.39, 1.06, 1.76, 0.7, 0.62, 0.34, 0.25, 0.21, 0.21, 0.37, 0.34]
15:13:30 pos=(4.51,16.20) h=327 f=0.67 s=0.43 d=0.73 bump=False lidar=[0.8, 0.72, 0.67, 0.38, 1.38, 0.73, 0.77, 0.43, 0.31, 0.24, 0.28, 0.39, 0.29, 0.3, 0.28, 0.29]
15:13:32 pos=(4.48,16.75) h=24 f=0.82 s=0.36 d=0.50 bump=False lidar=[0.64, 0.31, 1.58, 0.74, 0.82, 0.5, 0.36, 0.34, 0.43, 0.34, 0.32, 0.24, 0.26, 0.94, 0.63, 0.64]
15:13:34 pos=(4.92,17.08) h=81 f=0.49 s=0.41 d=0.42 bump=False lidar=[0.72, 0.74, 0.73, 0.49, 0.4, 0.42, 0.55, 0.41, 0.31, 0.32, 1.0, 0.61, 0.58, 0.56, 0.25, 1.03]
15:13:35 pos=(5.44,16.88) h=140 f=0.43 s=0.78 d=0.49 bump=False lidar=[0.41, 0.39, 0.38, 0.43, 0.53, 0.49, 0.37, 0.97, 0.78, 0.64, 0.29, 0.67, 0.93, 1.68, 0.6, 0.66]
15:13:37 pos=(5.54,16.33) h=197 f=0.46 s=0.72 d=1.16 bump=False lidar=[0.27, 0.41, 0.46, 0.48, 0.41, 1.16, 0.75, 0.63, 0.72, 0.9, 1.42, 0.56, 0.62, 0.53, 0.32, 0.28]
15:13:39 pos=(5.13,15.96) h=258 f=0.79 s=0.82 d=0.46 bump=False lidar=[0.35, 0.43, 0.39, 0.9, 0.79, 0.46, 0.82, 1.34, 0.65, 0.66, 0.34, 0.29, 0.21, 0.21, 0.27, 0.44]
15:13:41 pos=(4.60,16.11) h=311 f=0.73 s=0.70 d=1.79 bump=False lidar=[0.35, 0.79, 0.73, 0.45, 1.03, 1.79, 0.75, 0.7, 0.37, 0.24, 0.23, 0.31, 0.4, 0.27, 0.33, 0.3]
15:13:43 pos=(4.44,16.66) h=11 f=0.82 s=0.40 d=0.50 bump=False lidar=[0.59, 0.35, 1.31, 0.76, 0.82, 0.5, 0.4, 0.33, 0.4, 0.43, 0.32, 0.29, 0.21, 0.29, 0.73, 0.64]
15:13:44 pos=(4.84,17.06) h=75 f=0.49 s=0.41 d=0.39 bump=False lidar=[1.76, 0.7, 0.79, 0.49, 0.42, 0.39, -1.0, 0.41, 0.38, 0.26, 0.85, 0.72, 0.57, 0.51, 0.26, 0.22]
15:13:46 pos=(5.37,16.93) h=132 f=0.38 s=0.41 d=0.48 bump=False lidar=[0.63, 0.43, 0.38, 0.38, 0.58, 0.48, 0.4, 0.41, 0.83, 0.62, 0.51, 0.22, 0.79, 1.35, 0.59, 0.67]
15:13:48 pos=(5.55,16.39) h=190 f=0.47 s=0.65 d=1.14 bump=False lidar=[0.3, 0.36, 0.54, 0.47, 0.41, 1.14, 0.77, 0.65, 0.49, 0.84, 1.24, 0.56, 0.62, 0.57, 0.31, 0.3]
15:13:50 pos=(5.17,15.96) h=249 f=0.75 s=0.82 d=0.70 bump=False lidar=[0.36, 0.44, 0.39, 0.96, 0.75, 0.7, 0.82, 1.09, 0.68, 0.66, 0.59, 0.31, 0.23, 0.21, 0.22, 0.42]
15:13:51 pos=(4.63,16.07) h=309 f=0.75 s=0.74 d=1.58 bump=False lidar=[0.33, 0.82, 0.75, 0.74, 0.97, 1.58, 0.74, 0.76, 0.38, 0.29, -1.0, 0.28, 0.36, -1.0, 0.32, 0.28]
15:13:53 pos=(4.43,16.59) h=8 f=1.07 s=0.33 d=0.74 bump=False lidar=[0.61, 0.41, 1.07, 1.81, 0.78, 0.74, 0.45, 0.3, 0.33, 0.42, 0.29, 0.31, 0.24, 0.25, 0.78, 0.61]
15:13:55 pos=(4.78,17.04) h=66 f=0.50 s=0.40 d=0.38 bump=False lidar=[1.48, 0.69, 0.78, 0.5, 0.46, 0.38, 0.48, 0.4, 0.4, 0.29, 0.3, 0.76, 0.56, 0.55, 0.58, 0.26]
15:13:57 pos=(5.32,16.99) h=129 f=0.40 s=0.45 d=0.48 bump=False lidar=[0.71, 0.44, 0.4, 0.38, 0.54, 0.48, 0.45, 0.36, 1.06, 0.65, 0.59, 0.24, 0.67, 0.97, 1.7, 0.66]
15:13:58 pos=(5.56,16.49) h=181 f=0.47 s=0.71 d=0.47 bump=False lidar=[0.3, 0.32, 0.53, 0.47, 0.47, 0.47, 0.88, 0.71, 0.32, 0.71, 0.95, 1.68, 0.58, 0.62, 0.33, 0.35]
15:14:00 pos=(5.27,16.01) h=239 f=0.82 s=0.96 d=0.73 bump=False lidar=[0.43, 0.42, 0.4, 1.15, 0.82, 0.73, 0.31, 0.96, 1.48, 0.64, 0.64, 0.32, 0.3, 0.23, 0.22, 0.34]
15:14:02 pos=(4.71,16.02) h=299 f=0.68 s=0.74 d=1.16 bump=False lidar=[0.29, 0.88, 0.71, 0.68, 0.39, 1.16, 0.74, 0.75, 0.4, 0.3, 0.22, 0.22, 0.33, 0.38, 0.3, 0.33]
15:14:04 pos=(4.43,16.51) h=1 f=0.77 s=0.34 d=0.80 bump=False lidar=[0.65, 0.7, 0.34, 1.57, 0.77, 0.8, 0.48, 0.34, 0.3, 0.39, 0.31, 0.3, 0.27, 0.23, -1.0, 0.73]
15:14:06 pos=(4.71,16.99) h=56 f=0.74 s=0.45 d=0.39 bump=False lidar=[0.21, 1.76, 0.76, 0.74, 0.48, 0.39, 0.45, 0.52, 0.38, 0.28, 0.25, 0.98, 0.69, 0.6, 0.55, 0.28]
15:14:07 pos=(5.29,17.00) h=116 f=0.43 s=0.44 d=0.47 bump=False lidar=[0.69, 0.44, 0.43, 0.38, 0.52, 0.47, 0.44, 0.37, 0.99, 0.75, 0.61, 0.53, 0.17, 0.93, 1.69, 0.62]
15:14:09 pos=(5.58,16.51) h=179 f=0.48 s=0.71 d=0.45 bump=False lidar=[0.32, 0.3, 0.54, 0.46, 0.48, 0.45, 0.88, 0.71, 0.35, 0.72, 0.95, 1.62, 0.57, 0.62, 0.39, 0.33]
15:14:11 pos=(5.28,16.02) h=239 f=0.83 s=0.95 d=0.72 bump=False lidar=[0.44, 0.42, 0.4, 1.13, 0.83, 0.72, 0.28, 0.95, -1.0, 0.63, 0.65, 0.32, 0.29, 0.24, 0.22, 0.32]
15:14:13 pos=(4.73,16.02) h=297 f=0.68 s=0.75 d=1.12 bump=False lidar=[0.31, 1.03, 0.72, 0.68, 0.39, 1.12, 0.76, 0.75, 0.41, 0.31, 0.23, 0.22, 0.31, 0.4, 0.31, 0.35]
15:14:15 pos=(4.43,16.51) h=358 f=0.77 s=0.34 d=0.82 bump=False lidar=[0.7, 0.67, 0.33, 1.57, 0.77, 0.82, 0.47, 0.34, 0.32, 0.39, 0.32, 0.3, 0.29, 0.23, 1.01, 0.72]
15:14:16 pos=(4.69,17.00) h=56 f=0.76 s=0.41 d=0.40 bump=False lidar=[0.21, 1.77, 0.76, 0.77, 0.5, 0.4, 0.41, 0.53, 0.39, 0.29, 0.26, 0.97, 0.72, 0.6, 0.52, 0.28]
15:14:18 pos=(5.26,17.03) h=118 f=0.45 s=0.48 d=0.47 bump=False lidar=[0.71, 0.46, 0.45, 0.38, 0.49, 0.47, 0.48, 0.36, 0.93, 0.76, 0.62, 0.53, 0.18, 0.9, 1.66, 0.61]
15:14:20 pos=(5.57,16.53) h=178 f=0.48 s=0.71 d=0.43 bump=False lidar=[0.31, 0.32, 0.51, 0.48, 0.48, 0.43, 0.9, 0.71, 0.6, 0.72, 0.91, 1.41, 0.55, 0.63, 0.55, 0.36]
15:14:22 pos=(5.30,16.04) h=238 f=0.43 s=0.91 d=0.78 bump=False lidar=[0.48, 0.42, 0.43, 0.43, 0.9, 0.78, 0.37, 0.91, 1.36, 0.59, 0.65, 0.34, 0.31, 0.25, 0.23, 0.28]
15:14:23 pos=(4.75,15.99) h=293 f=0.71 s=0.75 d=1.11 bump=False lidar=[0.32, 1.1, 0.75, 0.71, 0.42, 1.11, 0.77, 0.75, 0.39, 0.34, 0.23, 0.2, 0.28, 0.4, 0.3, 0.36]
15:14:25 pos=(4.42,16.43) h=353 f=0.74 s=0.35 d=0.80 bump=False lidar=[0.67, 0.63, 0.36, 1.37, 0.74, 0.8, 0.46, 0.35, 0.28, 0.36, 0.41, 0.29, 0.31, 0.24, 0.28, 0.76]
15:14:27 pos=(4.62,16.95) h=50 f=0.73 s=0.38 d=0.41 bump=False lidar=[0.26, 1.75, 0.73, 0.8, 0.49, 0.41, 0.38, -1.0, 0.37, 0.34, 0.24, 0.82, 0.71, 0.56, 0.56, 0.53]
15:14:29 pos=(5.17,17.05) h=107 f=0.41 s=0.47 d=0.60 bump=False lidar=[0.71, 0.69, 0.47, 0.41, 0.41, 0.6, 0.47, 0.34, 0.92, 0.79, 0.59, 0.52, 0.23, 0.16, 1.25, 0.66]
15:14:31 pos=(5.55,16.61) h=166 f=0.51 s=0.73 d=0.41 bump=False lidar=[0.36, 0.33, 0.42, 0.51, 0.51, 0.41, 1.13, 0.73, 0.61, 0.19, 0.73, 1.21, 0.58, 0.59, 0.63, 0.36]
15:14:32 pos=(5.37,16.08) h=228 f=0.45 s=0.78 d=0.76 bump=False lidar=[0.44, 0.42, 0.45, 0.42, 0.93, 0.76, 0.7, 0.78, 1.03, 0.63, 0.65, 0.58, 0.31, 0.28, 0.24, 0.24]
15:14:34 pos=(4.82,15.96) h=289 f=0.79 s=0.72 d=0.98 bump=False lidar=[0.34, 0.37, 0.85, 0.79, 0.43, 0.98, 1.55, 0.72, 0.72, 0.37, 0.26, 0.19, 0.22, 0.36, 0.33, 0.35]
15:14:36 pos=(4.44,16.37) h=343 f=0.79 s=0.39 d=0.81 bump=False lidar=[0.66, 0.64, 0.38, 1.12, 0.79, 0.81, 0.48, 0.39, 0.26, 0.33, 0.41, 0.29, 0.31, 0.27, 0.25, 0.79]
15:14:38 pos=(4.58,16.90) h=44 f=0.73 s=0.37 d=0.40 bump=False lidar=[0.3, 1.49, 0.73, 0.79, 0.51, 0.4, 0.35, 0.47, 0.37, 0.37, 0.26, 0.27, 0.94, 0.6, 0.62, 0.6]
15:14:39 pos=(5.11,17.06) h=98 f=0.43 s=0.37 d=0.56 bump=False lidar=[0.68, 0.75, 0.46, 0.43, 0.39, 0.56, 0.43, 0.37, 0.34, 1.04, 0.66, 0.6, 0.54, 0.2, 0.97, 1.69]
15:14:41 pos=(5.53,16.68) h=160 f=0.49 s=0.83 d=0.42 bump=False lidar=[0.41, 0.35, 0.36, 0.57, 0.49, 0.42, 0.96, 0.83, 0.69, 0.27, 0.69, 0.93, 1.66, 0.57, 0.64, 0.42]
15:14:43 pos=(5.43,16.14) h=218 f=0.48 s=0.75 d=0.77 bump=False lidar=[0.39, 0.46, 0.48, 0.42, 1.15, 0.77, 0.66, 0.75, 0.97, -1.0, 0.59, 0.6, 0.32, 0.29, 0.25, 0.24]
15:14:45 pos=(4.91,15.94) h=279 f=0.77 s=0.70 d=0.85 bump=False lidar=[0.37, 0.36, 0.87, 0.77, 0.7, 0.85, 1.31, 0.7, 0.7, 0.36, 0.32, 0.22, 0.21, 0.29, 0.44, 0.32]
15:14:46 pos=(4.47,16.27) h=332 f=0.96 s=0.45 d=0.74 bump=False lidar=[0.77, 0.72, 0.72, 0.96, 1.61, 0.74, 0.8, 0.45, 0.3, 0.27, 0.36, 0.39, 0.28, 0.3, 0.26, 0.32]
15:14:48 pos=(4.54,16.84) h=35 f=0.80 s=0.40 d=0.47 bump=False lidar=[0.33, 1.07, 1.83, 0.8, 0.73, 0.47, 0.36, 0.4, 0.48, 0.35, 0.3, 0.23, 0.94, 0.72, 0.62, 0.55]
15:15:15 === start2 side=right
15:15:17 pos=(-0.40,-0.35) h=256 f=0.79 s=0.81 bump=False lidar=[0.36, 0.42, 0.38, 0.89, 0.79, 0.71, 0.81, 1.29, 0.64, 0.67, 0.35, 0.3, 0.23, 0.21, 0.25, 0.44]
15:15:18 pos=(-0.94,-0.20) h=312 f=0.72 s=0.70 bump=False lidar=[0.36, 0.77, 0.72, 0.45, 1.02, 1.78, 0.76, 0.7, 0.39, 0.26, 0.23, 0.32, 0.41, 0.28, 0.33, 0.29]
15:15:20 pos=(-1.09,0.34) h=10 f=0.82 s=0.39 bump=False lidar=[0.57, 0.36, 1.11, 0.77, 0.82, 0.5, 0.39, 0.3, 0.39, 0.46, 0.31, 0.31, 0.22, 0.28, 0.73, 0.63]
15:15:22 pos=(-0.71,0.74) h=72 f=0.50 s=0.39 bump=False lidar=[1.71, 0.68, 0.76, 0.5, 0.42, 0.38, 0.53, 0.39, 0.38, 0.28, 0.84, 0.71, 0.55, 0.51, 0.28, 0.23]
15:15:24 pos=(-0.16,0.63) h=130 f=0.39 s=0.41 bump=False lidar=[0.65, 0.42, 0.38, 0.39, 0.56, 0.46, 0.41, 0.39, 0.83, 0.62, 0.52, 0.23, 0.77, 1.27, 0.6, 0.66]
15:15:25 pos=(0.03,0.09) h=186 f=0.48 s=0.69 bump=False lidar=[0.3, 0.34, 0.54, 0.48, 0.42, 1.1, 0.81, 0.69, 0.25, 0.8, 1.21, 0.58, 0.63, 0.57, 0.33, 0.32]
15:15:27 pos=(-0.33,-0.33) h=250 f=0.75 s=0.84 bump=False lidar=[0.4, 0.42, 0.38, 1.1, 0.75, 0.68, 0.84, 1.06, 0.67, 0.67, 0.6, 0.29, 0.26, 0.2, 0.22, 0.41]
15:15:29 pos=(-0.88,-0.24) h=309 f=0.74 s=0.72 bump=False lidar=[0.32, 0.83, 0.74, 0.7, 0.86, 1.46, 0.73, 0.72, 0.39, 0.3, 0.23, 0.25, 0.37, 0.3, 0.33, 0.33]
15:15:31 pos=(-1.09,0.28) h=7 f=1.06 s=0.34 bump=False lidar=[0.62, 0.4, 1.06, 1.81, 0.8, 0.74, 0.44, 0.32, 0.34, 0.43, 0.31, 0.3, 0.23, 0.25, 0.79, 0.62]
15:15:32 pos=(-0.76,0.72) h=67 f=0.49 s=0.42 bump=False lidar=[1.35, 0.7, 0.82, 0.49, 0.47, 0.38, 0.52, 0.42, 0.4, 0.28, 0.29, 0.94, 0.56, 0.57, 0.58, 0.28]
15:15:34 pos=(-0.20,0.67) h=126 f=0.42 s=0.44 bump=False lidar=[0.73, 0.42, 0.42, 0.38, -1.0, 0.46, 0.44, 0.38, 1.06, 0.63, 0.58, 0.24, 0.66, 0.98, 1.66, 0.64]
15:15:36 pos=(0.05,0.15) h=181 f=0.48 s=0.73 bump=False lidar=[0.31, 0.31, 0.57, 0.48, 0.45, 0.98, 0.88, 0.73, 0.31, 0.72, -1.0, 0.62, 0.59, 0.62, 0.34, 0.34]
15:15:38 pos=(-0.30,-0.33) h=244 f=0.75 s=1.03 bump=False lidar=[0.38, 0.43, 0.39, 1.16, 0.75, 0.68, 0.8, 1.03, 1.71, 0.66, 0.67, 0.32, 0.25, -1.0, 0.24, 0.4]
15:15:40 pos=(-0.86,-0.26) h=308 f=0.73 s=0.71 bump=False lidar=[0.31, 0.83, 0.73, 0.71, 0.85, 1.41, 0.71, 0.74, 0.39, 0.29, 0.21, 0.22, 0.36, 0.32, 0.33, 0.33]
15:15:41 pos=(-1.10,0.23) h=360 f=0.78 s=0.32 bump=False lidar=[0.65, 0.64, 0.3, 1.85, 0.78, 0.78, 0.46, 0.31, 0.32, 0.41, 0.3, 0.3, 0.24, 0.24, 0.96, 0.64]
15:15:43 pos=(-0.81,0.69) h=59 f=0.72 s=0.44 bump=False lidar=[1.07, 0.74, 0.76, 0.72, 0.5, 0.39, 0.44, 0.49, 0.39, 0.27, 0.28, 1.0, 0.66, 0.58, 0.53, -1.0]
15:15:45 LOOP DETECTED at (-0.33,0.73) - escaping
15:15:48 escape done at (-0.35,1.12)
15:15:48 pos=(-0.35,1.13) h=348 f=1.66 s=0.49 bump=False lidar=[0.47, 0.49, -1.0, 0.1, 1.66, 0.65, 0.77, 0.49, 0.47, 0.43, 0.64, 0.5, 0.35, 0.91, 0.97, 0.55]
15:15:50 pos=(-0.47,1.26) h=314 f=0.45 s=0.75 bump=False lidar=[0.7, 0.51, 0.45, 0.46, 0.16, 0.14, 0.86, 0.72, 0.75, 0.54, 0.48, 0.55, 0.52, 0.45, 0.33, 0.85]
15:15:52 pos=(-0.74,1.61) h=324 f=0.36 s=0.69 bump=False lidar=[0.43, 0.43, 0.39, 0.36, 0.15, 0.18, 0.69, 0.87, 0.64, 0.54, 0.61, 0.49, 0.33, 0.3, 0.77, 0.64]
15:15:54 pos=(-0.86,1.97) h=342 f=0.31 s=0.62 bump=False lidar=[0.39, 0.34, 0.4, 0.31, 0.15, 0.18, 0.19, 0.76, 0.62, 0.63, 0.55, 0.3, 0.88, 0.79, 0.83, 0.4]
15:15:56 pos=(-0.88,2.37) h=6 f=0.21 s=0.72 bump=False lidar=[0.27, 0.28, 0.29, 0.21, 0.16, 0.22, 0.9, 0.72, 0.67, 0.59, 0.34, 0.88, 0.76, 0.55, 0.32, 0.32]
15:15:58 pos=(-0.80,2.75) h=20 f=0.21 s=0.78 bump=False lidar=[0.19, 0.28, 0.26, 0.21, 0.13, 0.23, 0.78, 0.73, 0.83, 0.41, 0.93, 0.81, 0.57, 0.28, 0.28, 0.23]
15:16:00 pos=(-0.65,3.08) h=26 f=0.20 s=0.79 bump=False lidar=[0.14, 0.24, 0.21, 0.2, 0.14, 0.17, 0.84, 0.79, 0.72, 1.13, 0.86, 0.84, 0.3, 0.24, 0.18, 0.14]
15:16:02 bump! backing
15:16:03 pos=(-0.58,3.16) h=345 f=0.20 s=0.20 bump=False lidar=[0.16, 0.11, 0.13, 0.23, 0.2, 0.22, 0.18, 0.2, 0.85, 0.83, 0.67, 0.98, 0.86, 0.85, 0.26, 0.23]
15:16:05 pos=(-0.61,3.28) h=290 f=0.12 s=0.21 bump=False lidar=[0.45, 0.23, 0.17, 0.11, 0.12, 0.12, 0.22, 0.21, 0.21, 0.18, 0.34, 0.81, 0.92, 0.46, 0.91, 0.74]
15:16:07 pos=(-0.88,3.17) h=241 f=0.22 s=0.15 bump=False lidar=[0.94, 0.77, 0.45, 0.22, 0.18, 0.18, 0.14, 0.15, 0.28, 0.27, 0.22, 0.22, 0.85, 0.79, 0.87, 0.41]
15:16:09 pos=(-1.41,2.86) h=247 f=0.31 s=0.24 bump=False lidar=[0.79, 0.66, 0.72, 0.31, 0.21, 0.22, 0.24, 0.24, 0.38, 0.35, 0.28, 1.1, 0.84, 0.77, 0.61, 1.04]
15:16:11 pos=(-1.98,2.80) h=290 f=0.24 s=0.46 bump=False lidar=[0.64, 0.32, 0.24, 0.19, 0.25, 0.28, 0.46, -1.0, 0.38, 1.13, 0.82, 0.78, 0.25, 0.96, 0.67, 0.59]
15:16:13 pos=(-2.27,2.95) h=293 f=0.19 s=0.48 bump=False lidar=[0.58, 0.26, -1.0, 0.17, 0.19, 0.32, 0.5, 0.48, 0.48, 1.12, 0.8, 0.34, 1.41, 0.71, 0.58, 0.48]
15:16:15 pos=(-2.54,2.98) h=275 f=0.20 s=0.44 bump=False lidar=[0.47, 0.48, 0.23, 0.2, 0.17, 0.2, 0.34, 0.53, 0.44, 1.22, 0.97, 0.82, 2.29, 0.96, 0.66, 0.53]
15:16:17 pos=(-2.85,3.05) h=271 f=0.19 s=0.41 bump=False lidar=[0.39, 0.49, 0.2, 0.19, 0.18, 0.16, 0.24, 0.41, 0.56, 0.58, 1.02, 0.82, 2.3, 1.14, 0.64, 0.51]
15:16:19 pos=(-3.10,3.04) h=255 f=0.20 s=0.37 bump=False lidar=[0.41, 0.37, 0.41, 0.18, 0.2, 0.19, 0.19, 0.37, 0.63, 0.53, 1.3, 0.94, 0.46, 2.06, 0.82, 0.48]
15:16:21 pos=(-3.55,2.87) h=259 f=0.32 s=0.31 bump=False lidar=[0.36, 0.28, 0.42, 0.32, 0.16, 0.21, 0.24, 0.31, 0.69, 0.62, 1.36, 0.37, 1.28, 1.59, 0.55, 0.39]
15:16:23 pos=(-3.96,2.91) h=281 f=0.34 s=0.69 bump=False lidar=[0.19, 0.31, 0.34, -1.0, 0.17, 0.24, 0.31, 0.78, 0.69, 1.42, 0.46, 1.3, 1.56, 0.51, 0.3, 0.25]
15:16:24 pos=(-4.33,3.05) h=296 f=0.19 s=0.77 bump=False lidar=[0.2, 0.29, 0.25, 0.19, 0.18, 0.31, 0.62, 0.77, 1.48, 0.52, 1.34, 2.29, 0.5, 0.29, 0.19, 0.14]
15:16:26 pos=(-4.63,3.22) h=302 f=0.20 s=0.80 bump=True lidar=[0.19, 0.26, 0.23, 0.2, 0.15, 0.3, 0.66, 0.8, 1.54, 0.6, 1.72, -1.0, 0.28, 0.15, 0.08, 0.09]
15:16:26 bump! backing
15:16:28 bump! backing
15:16:30 bump! backing
15:16:32 pos=(-4.52,3.30) h=270 f=0.25 s=0.39 bump=False lidar=[0.12, 0.1, 0.24, 0.26, 0.25, 0.17, 0.21, 0.39, 0.88, 1.44, 0.49, 0.79, 2.28, 0.49, 0.25, 0.21]
15:16:33 bump! backing
15:16:35 bump! backing
15:16:37 pos=(-4.65,3.34) h=257 f=0.27 s=0.38 bump=False lidar=[0.14, 0.11, 0.12, 0.27, 0.29, 0.23, 0.22, 0.38, 0.73, 0.79, 1.47, 0.54, 1.41, 1.08, 0.31, 0.22]
15:16:37 bump! backing
15:16:41 pos=(-4.66,3.36) h=195 f=0.16 s=0.29 bump=False lidar=[0.79, 0.26, 0.21, 0.16, 0.12, 0.14, 0.32, 0.29, 0.21, 0.25, 0.4, 0.88, 0.85, 0.44, 0.56, 1.97]
15:16:42 pos=(-4.68,2.98) h=182 f=0.20 s=0.33 bump=False lidar=[2.19, 0.42, 0.2, 0.2, 0.18, 0.15, 0.18, 0.37, 0.33, 0.29, 0.42, 0.72, 0.77, 0.4, 0.49, 1.25]
15:16:45 pos=(-4.66,2.70) h=163 f=0.20 s=0.19 bump=False lidar=[1.21, 1.44, 0.36, 0.2, 0.18, 0.18, 0.19, 0.19, 0.4, 0.34, 0.38, 0.48, 0.88, 0.84, 0.42, 0.45]
15:16:46 pos=(-4.52,2.13) h=174 f=0.25 s=0.28 bump=False lidar=[2.04, 0.66, 0.29, 0.25, 0.18, 0.2, 0.24, 0.28, 0.49, 0.41, 0.53, 0.88, 0.79, 0.35, 0.34, 0.64]
15:16:48 pos=(-4.57,1.72) h=194 f=0.21 s=0.47 bump=False lidar=[0.81, 0.27, 0.24, 0.21, 0.18, 0.24, 0.32, 0.57, 0.47, 0.58, 0.87, 0.34, 0.34, 0.34, 0.55, 1.7]
15:16:50 pos=(-4.68,1.38) h=198 f=0.18 s=0.57 bump=False lidar=[0.7, 0.23, 0.18, 0.21, 0.17, 0.2, 0.34, 0.64, 0.57, 0.69, 0.97, 0.35, 0.29, 0.47, 1.03, 1.92]
15:16:52 pos=(-4.70,1.23) h=157 f=0.17 s=0.23 bump=False lidar=[0.99, 1.9, 0.46, 0.17, 0.17, 0.21, 0.18, 0.23, 0.37, 0.64, 0.66, 0.87, 0.38, 0.35, 0.3, 0.48]
15:16:54 pos=(-4.53,0.70) h=178 f=0.22 s=0.42 bump=False lidar=[1.8, 0.63, 0.32, 0.22, 0.19, 0.24, 0.24, 0.42, 0.73, 0.73, 0.9, 0.37, 0.29, 0.29, 0.41, 0.88]
15:16:56 pos=(-4.57,0.31) h=192 f=0.20 s=0.74 bump=False lidar=[1.01, 0.35, 0.27, 0.2, 0.18, 0.29, 0.32, 0.78, 0.74, 0.94, 0.4, 0.28, 0.32, 0.38, 0.86, 1.46]
15:16:58 pos=(-4.67,-0.03) h=201 f=0.21 s=0.83 bump=False lidar=[0.52, 0.27, 0.23, 0.21, 0.17, 0.26, 0.38, 0.86, 0.83, 1.01, 0.35, 0.31, 0.37, 1.0, 0.81, 1.63]
15:17:00 pos=(-4.79,-0.30) h=196 f=0.20 s=0.90 bump=False lidar=[0.49, 0.25, 0.2, 0.2, 0.2, 0.17, 0.34, 0.91, 0.9, 1.05, 0.34, 0.34, 0.38, 0.98, 0.74, 1.64]
15:17:02 pos=(-4.84,-0.51) h=169 f=0.20 s=0.21 bump=False lidar=[1.58, 0.69, 0.37, 0.2, 0.18, 0.2, 0.18, 0.21, 0.65, 0.86, 1.08, 0.38, 0.38, 0.36, 1.01, 0.71]
15:17:04 pos=(-4.70,-0.92) h=165 f=0.23 s=0.25 bump=False lidar=[1.01, 1.55, 0.37, 0.23, 0.2, 0.2, 0.24, 0.25, 0.47, 0.93, 1.04, 0.39, 0.36, 0.33, 1.13, 0.69]
15:17:06 pos=(-4.65,-1.38) h=181 f=0.19 s=0.54 bump=False lidar=[1.46, 0.48, 0.31, 0.19, 0.19, 0.25, 0.3, 0.54, 1.04, 1.11, 0.39, 0.38, 2.88, 1.06, 0.59, 0.91]
15:17:08 pos=(-4.69,-1.73) h=187 f=0.22 s=0.60 bump=False lidar=[1.14, 0.28, 0.27, 0.22, 0.18, 0.22, 0.34, 0.6, 1.07, 0.71, 0.42, 0.34, 2.88, 0.78, 0.58, 1.13]
15:17:10 pos=(-4.78,-2.06) h=189 f=0.20 s=0.88 bump=False lidar=[0.66, 0.24, 0.2, 0.24, 0.19, 0.19, 0.38, 0.88, 1.16, 0.54, 0.45, 0.85, 2.44, 0.57, 0.6, 1.33]
15:17:12 pos=(-4.83,-2.32) h=174 f=0.20 s=0.39 bump=False lidar=[1.29, 0.58, 0.2, 0.19, 0.21, 0.19, 0.18, 0.39, 0.95, 1.24, 0.53, 0.39, 1.52, 1.03, 0.49, 0.77]
15:17:14 pos=(-4.77,-2.57) h=151 f=0.27 s=0.23 bump=False lidar=[0.75, 1.22, 0.55, 0.27, 0.14, 0.2, 0.23, 0.22, 0.44, 1.02, 1.25, 0.53, 0.47, 2.56, 0.77, 0.47]
15:17:15 pos=(-4.64,-3.06) h=175 f=0.20 s=0.53 bump=False lidar=[1.13, 0.48, 0.29, 0.2, 0.15, 0.25, 0.29, 0.53, 1.38, 1.37, 0.52, 0.81, 2.88, 0.45, 0.43, 0.69]
15:17:17 pos=(-4.67,-3.43) h=190 f=0.20 s=0.64 bump=False lidar=[1.11, 0.41, 0.26, 0.2, 0.16, 0.26, 0.32, 0.64, 1.38, 0.64, 0.58, 1.5, 0.7, 0.38, 0.58, 1.12]
15:17:19 pos=(-4.70,-3.74) h=182 f=0.21 s=0.66 bump=False lidar=[1.05, 0.35, 0.21, 0.21, 0.17, 0.16, 0.34, 0.66, 1.38, 0.71, 0.63, 1.53, 0.44, 0.37, 0.56, 0.85]
15:17:21 pos=(-4.75,-4.04) h=181 f=0.18 s=0.44 bump=False lidar=[0.98, 0.33, -1.0, 0.17, 0.18, 0.17, 0.23, 0.44, 1.5, 0.77, 0.64, 1.25, 0.36, 0.36, 0.5, 0.78]
15:17:23 pos=(-4.72,-4.35) h=179 f=0.21 s=0.47 bump=False lidar=[0.92, 0.48, 0.27, 0.21, 0.19, 0.22, 0.21, 0.47, 1.59, 0.81, 0.71, 1.27, 0.36, 0.33, 0.49, 0.71]
15:17:25 pos=(-4.75,-4.75) h=194 f=0.19 s=0.89 bump=False lidar=[0.64, 0.23, 0.23, 0.19, 0.17, 0.23, 0.28, 0.89, 1.6, 0.71, 1.26, 0.37, 0.36, 0.46, 0.64, 0.88]
15:17:27 pos=(-4.81,-5.02) h=186 f=0.18 s=0.55 bump=False lidar=[0.86, 0.38, 0.18, 0.19, 0.17, 0.17, 0.26, 0.55, 1.58, 0.86, 1.02, 0.38, 0.34, 0.44, -1.0, 0.85]
15:17:29 pos=(-4.78,-5.24) h=153 f=0.19 s=0.22 bump=False lidar=[0.61, 0.76, 0.53, 0.19, 0.17, 0.21, 0.19, 0.22, 0.35, 1.72, 0.95, 0.98, 0.39, 0.34, 0.41, 0.42]
15:17:31 pos=(-4.56,-5.70) h=172 f=0.22 s=0.38 bump=False lidar=[0.74, 0.76, 0.45, 0.22, 0.19, 0.24, 0.26, 0.38, 1.01, 1.75, 0.91, 0.39, 0.31, 0.34, 0.32, 0.47]
15:17:33 pos=(-4.53,-6.07) h=179 f=0.20 s=0.50 bump=False lidar=[0.62, 0.46, 0.28, 0.2, 0.16, 0.27, 0.31, 0.5, 1.76, 0.9, 0.44, 0.33, 0.33, 0.31, 0.42, 0.67]
15:17:35 pos=(-4.57,-6.45) h=189 f=0.19 s=1.12 bump=False lidar=[0.64, 0.37, 0.23, 0.19, 0.16, 0.26, 0.37, 1.12, 1.14, 1.14, 0.36, 0.34, -1.0, 0.37, 0.43, 0.61]
15:17:37 pos=(-4.66,-6.77) h=197 f=0.19 s=1.19 bump=False lidar=[0.58, 0.32, 0.23, 0.19, 0.18, 0.18, 0.38, 1.23, 1.19, 0.55, 0.38, 0.31, 0.32, 0.38, 0.57, 0.49]
15:17:39 pos=(-4.67,-7.04) h=185 f=0.19 s=0.60 bump=False lidar=[0.51, 0.49, 0.28, 0.19, 0.19, 0.18, 0.21, 0.6, 1.95, 1.1, 0.42, 0.34, 0.31, 0.37, 0.49, 0.53]
15:17:40 pos=(-4.71,-7.40) h=191 f=0.21 s=0.98 bump=False lidar=[0.45, 0.24, 0.22, 0.21, 0.17, 0.2, 0.24, 0.98, 1.32, 0.57, 0.44, 0.3, 0.34, 0.3, 0.48, 0.4]
15:17:43 pos=(-4.79,-7.69) h=182 f=0.18 s=0.54 bump=False lidar=[0.4, 0.44, 0.18, 0.2, 0.18, 0.17, 0.25, 0.54, 2.09, 1.28, 0.5, 0.33, 0.36, 0.29, 0.46, 0.36]
15:17:44 pos=(-4.79,-8.05) h=190 f=0.17 s=0.72 bump=False lidar=[0.35, 0.38, 0.14, 0.17, 0.21, 0.19, 0.28, 0.72, -1.0, 0.68, 0.41, -1.0, 0.29, 0.42, 0.39, 0.29]
15:17:46 pos=(-4.82,-8.33) h=176 f=0.32 s=0.33 bump=False lidar=[0.25, 0.3, 0.32, -1.0, 0.12, 0.22, 0.23, 0.33, 1.71, 1.25, 0.58, 0.37, 0.31, 0.35, 0.4, 0.3]
15:17:48 pos=(-4.85,-8.71) h=185 f=0.22 s=0.43 bump=False lidar=[0.23, 0.24, 0.27, 0.22, 0.11, 0.2, 0.27, 0.43, 2.27, 0.67, 0.42, 0.3, 0.35, 0.36, 0.27, 0.16]
15:17:50 pos=(-4.98,-9.09) h=202 f=0.19 s=1.46 bump=False lidar=[0.18, 0.22, 0.2, 0.19, 0.15, 0.16, 0.35, 2.39, 1.46, 0.49, 0.34, 0.36, 0.31, 0.14, 0.12, 0.15]
15:17:52 pos=(-5.03,-9.23) h=160 f=0.17 s=0.15 bump=False lidar=[0.12, 0.13, 0.16, 0.17, 0.19, 0.19, 0.14, 0.15, 0.34, 2.36, 1.53, 0.48, 0.33, 0.39, 0.27, 0.11]
15:17:55 pos=(-5.01,-9.24) h=87 f=0.12 s=0.18 bump=False lidar=[0.36, 0.29, 0.12, 0.11, 0.15, 0.15, 0.18, 0.17, 0.22, 0.18, 0.13, 0.35, 2.4, 1.48, 0.5, 0.32]
15:17:57 pos=(-4.82,-9.03) h=35 f=0.28 s=0.19 bump=False lidar=[0.66, 0.41, 0.28, 0.34, 0.26, 0.13, 0.13, 0.19, 0.2, 0.24, 0.24, 0.19, 0.17, 0.3, 0.98, 1.53]
15:17:58 pos=(-4.50,-8.54) h=39 f=0.28 s=0.26 bump=False lidar=[0.55, 0.33, 0.21, 0.28, 0.32, 0.28, 0.19, 0.26, 0.32, 0.32, 0.21, 0.24, 0.28, 0.4, 1.47, 1.26]
15:18:00 pos=(-4.03,-8.26) h=89 f=0.29 s=0.39 bump=False lidar=[0.16, 0.15, 0.27, -1.0, 0.29, 0.25, 0.39, 0.42, 0.26, 0.35, 0.39, 0.67, 2.26, 0.72, 0.28, 0.23]
15:18:01 bump! backing
15:18:03 pos=(-3.70,-8.38) h=109 f=0.28 s=0.37 bump=True lidar=[0.09, 0.22, 0.28, 0.29, 0.26, 0.43, 0.47, 0.34, 0.37, 0.44, 0.85, 2.12, 0.49, 0.21, 0.15, 0.11]
15:18:03 bump! backing
15:18:05 bump! backing
15:18:08 bump! backing
15:18:09 pos=(-3.81,-8.50) h=76 f=0.30 s=0.41 bump=False lidar=[0.19, 0.14, 0.13, -1.0, 0.3, 0.3, 0.41, 0.45, 0.29, 0.35, 0.37, 0.6, 1.42, 1.16, 0.44, 0.22]
15:18:10 bump! backing
15:18:12 bump! backing
15:18:14 pos=(-3.68,-8.61) h=72 f=0.27 s=0.34 bump=False lidar=[0.19, 0.15, 0.11, 0.27, 0.32, 0.33, 0.34, 0.52, 0.32, 0.38, 0.38, 0.43, 1.08, 2.13, 0.45, 0.2]
15:18:15 bump! backing
15:18:17 pos=(-3.58,-8.65) h=38 f=0.15 s=0.34 bump=False lidar=[0.23, 0.16, 0.17, 0.15, 0.11, 0.29, 0.34, 0.33, 0.46, 0.48, 0.34, 0.35, 0.42, 0.71, 2.19, 1.15]
15:18:19 pos=(-3.61,-8.57) h=333 f=0.22 s=0.16 bump=False lidar=[0.79, 2.13, 0.51, 0.22, 0.17, 0.18, 0.16, 0.14, 0.34, 0.35, 0.33, 0.48, 0.41, 0.38, 0.34, 0.39]
15:18:21 pos=(-3.89,-8.04) h=337 f=0.36 s=0.26 bump=False lidar=[0.71, 1.98, 1.15, 0.36, 0.21, 0.2, 0.26, 0.22, 0.47, 0.42, 0.51, 0.47, 0.34, 0.28, 0.32, 0.47]
15:18:23 pos=(-3.93,-7.50) h=17 f=0.22 s=0.52 bump=False lidar=[0.96, 0.35, 0.31, 0.19, 0.22, 0.29, 0.31, 0.52, 0.55, 0.56, 0.36, 0.28, 0.25, 0.39, 0.59, 1.76]
15:18:25 pos=(-3.71,-7.17) h=26 f=0.19 s=0.59 bump=False lidar=[0.37, 0.24, 0.22, 0.18, 0.19, 0.33, 0.59, 0.56, 0.7, 0.46, 0.35, 0.27, 0.42, 0.57, 1.2, 1.09]
15:18:27 pos=(-3.64,-6.92) h=13 f=0.23 s=0.60 bump=False lidar=[0.85, 0.29, 0.22, 0.23, -1.0, 0.2, 0.34, 0.6, 0.62, 0.51, 0.38, 0.3, 0.34, 0.42, 0.59, 1.9]
15:18:29 pos=(-3.53,-6.66) h=8 f=0.20 s=0.42 bump=False lidar=[-1.0, 0.98, 0.19, 0.2, 0.2, 0.19, 0.21, 0.42, 0.65, 0.79, 0.49, 0.35, 0.36, 0.4, 0.53, 1.33]
15:18:31 pos=(-3.54,-6.48) h=333 f=0.25 s=0.20 bump=False lidar=[0.77, 1.8, 0.79, 0.25, 0.18, 0.19, 0.2, 0.19, 0.33, 0.69, 0.77, 0.55, 0.42, 0.32, 0.4, 0.47]
15:18:33 pos=(-3.74,-5.94) h=353 f=0.21 s=0.37 bump=False lidar=[1.74, 0.71, 0.91, 0.21, 0.18, 0.24, 0.27, 0.37, 0.78, 0.85, 0.49, 0.3, 0.36, 0.32, 0.43, 0.67]
15:18:35 pos=(-3.73,-5.58) h=2 f=0.22 s=0.57 bump=False lidar=[1.63, 0.65, 0.94, 0.22, 0.18, 0.24, 0.32, 0.57, 0.81, 0.65, 0.36, 0.38, 0.32, 0.38, 0.58, 0.93]
15:18:37 pos=(-3.67,-5.25) h=5 f=0.21 s=0.62 bump=False lidar=[1.54, 0.61, 0.91, 0.21, 0.18, 0.19, 0.34, 0.62, 0.87, 0.7, 0.37, 0.38, 0.34, 0.35, 0.57, 1.11]
15:18:38 pos=(-3.58,-4.90) h=16 f=0.21 s=0.97 bump=False lidar=[0.64, 0.7, 1.09, 0.21, 0.19, 0.2, 0.4, 0.97, 1.03, 0.53, 0.43, 0.35, 0.35, 0.5, 0.78, 1.53]
15:18:40 pos=(-3.42,-4.55) h=30 f=0.21 s=0.81 bump=False lidar=[0.48, 0.78, 1.6, 0.21, 0.19, 0.21, 0.49, 0.99, 0.81, 0.49, 0.38, 0.36, 0.51, 0.62, 1.26, 0.71]
15:18:42 pos=(-3.19,-4.25) h=46 f=0.22 s=1.05 bump=False lidar=[0.62, 0.97, 2.57, 0.22, 0.16, 0.24, 1.05, 1.19, 0.53, 0.43, 0.41, 0.5, 0.61, 1.0, 1.42, 0.4]
15:18:44 pos=(-2.87,-4.00) h=57 f=0.18 s=0.74 bump=False lidar=[0.87, 2.58, 0.43, 0.18, 0.15, 0.29, 1.19, 0.74, 0.54, 0.47, 0.54, 0.63, 0.94, 1.29, 0.3, 0.5]
15:18:46 pos=(-2.52,-3.83) h=71 f=0.19 s=0.66 bump=False lidar=[1.05, 2.52, 0.39, 0.19, 0.15, 0.25, 1.29, 0.66, 0.57, 0.51, 0.57, 0.74, 1.45, 0.3, 0.35, 0.54]
15:18:48 pos=(-2.13,-3.77) h=82 f=0.22 s=0.70 bump=False lidar=[2.18, 0.61, 0.33, 0.22, 0.16, 0.17, 0.95, 0.7, 0.58, 0.64, 0.79, 1.19, 0.29, 0.31, 0.45, 0.75]
15:18:50 pos=(-1.76,-3.76) h=95 f=0.19 s=0.70 bump=False lidar=[1.43, 0.35, 0.27, 0.19, 0.17, 0.19, 0.78, 0.7, 0.69, 0.74, 1.02, 0.3, 0.29, 0.42, 0.49, 1.06]
15:18:52 pos=(-1.40,-3.83) h=102 f=0.19 s=0.77 bump=False lidar=[1.84, 0.25, 0.22, 0.19, 0.16, 0.2, 0.83, 0.73, 0.77, 0.9, 0.36, 0.29, 0.4, 0.44, 0.65, 2.04]
15:18:54 pos=(-1.12,-3.88) h=90 f=0.20 s=0.73 bump=False lidar=[2.27, 0.37, 0.21, 0.19, 0.2, 0.17, 0.21, 0.81, 0.73, 0.85, 1.1, 0.31, 0.38, 0.41, 0.59, 0.95]
15:18:56 pos=(-0.83,-3.72) h=62 f=0.26 s=0.23 bump=False lidar=[0.65, 2.26, 0.64, 0.26, 0.18, 0.22, 0.22, 0.23, 0.94, 0.8, 0.83, 1.11, 0.32, 0.34, 0.36, 0.4]
15:18:58 pos=(-0.35,-3.61) h=87 f=0.19 s=0.84 bump=False lidar=[2.2, 1.72, 0.28, 0.19, 0.18, 0.26, 0.29, 1.01, 0.84, 0.97, 0.38, 0.33, 0.31, 0.32, 0.49, 0.77]
15:19:00 pos=(-0.02,-3.61) h=92 f=0.22 s=0.97 bump=False lidar=[2.02, 1.73, 0.27, 0.22, 0.17, 0.23, 0.31, 1.05, 0.97, 1.08, 0.38, 0.35, 0.32, 0.34, 0.46, 0.76]
15:19:02 pos=(0.32,-3.65) h=97 f=0.21 s=1.03 bump=False lidar=[2.02, 0.46, 0.24, 0.21, 0.17, 0.19, 0.34, 1.03, 1.04, 1.11, 0.43, 0.34, 0.3, 0.4, 0.43, 0.95]
15:19:04 pos=(0.62,-3.70) h=85 f=0.21 s=0.44 bump=False lidar=[1.95, 1.53, 0.25, 0.19, 0.21, 0.18, 0.25, 0.44, 1.01, 1.17, 0.44, 0.37, 0.31, 0.42, 0.4, 0.69]
15:19:06 pos=(0.87,-3.71) h=75 f=0.20 s=0.34 bump=False lidar=[1.24, 1.95, 0.45, 0.2, 0.17, 0.2, 0.19, 0.34, 1.12, 1.14, 0.54, 0.44, 0.34, 0.36, 0.39, 0.55]
15:19:08 pos=(1.31,-3.64) h=90 f=0.18 s=0.56 bump=False lidar=[1.83, 1.49, 0.31, 0.18, 0.17, 0.22, 0.25, 0.56, 1.22, 0.6, 0.45, 0.31, 0.37, 0.33, 0.46, 0.78]
15:19:09 pos=(1.68,-3.70) h=103 f=0.20 s=1.27 bump=False lidar=[1.37, 1.11, 0.28, 0.2, 0.15, 0.27, 0.32, 1.27, 1.29, 0.57, 0.36, 0.38, 0.32, 0.4, 0.53, 1.81]
15:19:11 pos=(2.03,-3.84) h=118 f=0.19 s=0.69 bump=False lidar=[1.36, 0.22, 0.22, 0.19, 0.15, 0.27, 0.62, 1.36, 0.69, 0.43, 0.4, 0.33, 0.4, 0.48, 1.1, 1.74]
15:19:13 pos=(2.23,-3.90) h=90 f=0.20 s=0.35 bump=False lidar=[1.63, 1.26, 0.93, 0.19, 0.2, 0.2, 0.18, 0.35, 1.28, 0.81, 0.5, 0.44, 0.34, 0.37, 0.48, 0.97]
15:19:15 pos=(2.58,-3.88) h=90 f=0.19 s=0.39 bump=False lidar=[1.6, 1.2, 0.93, 0.18, 0.19, 0.21, 0.2, 0.39, 1.35, 0.79, 0.47, 0.44, -1.0, 0.39, 0.43, 0.96]
15:19:17 pos=(2.96,-3.91) h=101 f=0.38 s=0.78 bump=False lidar=[0.61, 1.19, 0.83, 0.38, 0.16, 0.23, 0.23, 0.78, 1.45, 0.69, 0.51, 0.34, 0.36, 0.39, 0.55, 1.35]
15:19:19 pos=(3.36,-4.07) h=126 f=0.22 s=0.68 bump=False lidar=[1.11, 0.78, 0.58, 0.22, 0.16, 0.28, 0.55, 1.54, 0.68, 0.53, 0.38, 0.42, 0.46, 0.63, 1.55, 0.7]
15:19:21 pos=(3.65,-4.37) h=146 f=0.18 s=0.87 bump=False lidar=[0.72, 0.53, 0.28, 0.18, 0.17, 0.32, 1.61, 0.87, 0.62, 0.44, 0.45, 0.52, 0.76, 1.52, 0.63, 1.08]
15:19:23 pos=(3.85,-4.67) h=147 f=0.21 s=0.90 bump=False lidar=[0.65, 0.48, 0.53, 0.21, 0.16, 0.32, 1.65, 0.9, 0.59, 0.5, 0.43, 0.53, 0.86, 1.49, 0.97, 0.95]
15:19:25 pos=(4.04,-4.98) h=148 f=0.19 s=0.94 bump=False lidar=[0.58, 0.41, 0.48, 0.19, 0.19, 0.16, 1.69, 0.94, 0.58, 0.58, 0.52, 0.62, 1.02, 0.46, 0.92, 0.88]
15:19:27 pos=(4.21,-5.29) h=157 f=0.18 s=0.86 bump=False lidar=[0.5, 0.34, 0.43, 0.18, 0.18, 0.2, 1.77, 0.86, 0.62, 0.6, 0.6, 0.81, 1.22, 0.86, 0.91, 0.62]
15:19:29 pos=(4.35,-5.65) h=166 f=0.18 s=0.87 bump=False lidar=[0.32, 0.32, 0.4, 0.18, 0.17, 0.22, 1.17, 0.87, 0.67, 0.69, 0.74, 1.09, 0.54, 0.81, 0.65, 0.5]
15:19:31 pos=(4.42,-6.00) h=174 f=0.19 s=0.77 bump=False lidar=[0.23, 0.26, 0.34, 0.19, 0.17, 0.22, 1.16, 0.77, 0.72, 0.69, 0.91, 0.48, 0.85, 0.88, 0.48, 0.34]
15:19:33 pos=(4.42,-6.39) h=186 f=0.20 s=0.79 bump=False lidar=[0.17, 0.26, 0.32, 0.2, 0.18, 0.23, 0.97, 0.79, 0.76, 0.86, 0.48, 0.81, 0.79, 0.46, 0.35, 0.19]
15:19:35 pos=(4.34,-6.76) h=199 f=0.20 s=0.86 bump=False lidar=[0.12, 0.22, 0.24, 0.2, 0.17, 0.23, 1.0, 0.86, 0.81, 1.04, 0.62, 0.83, 0.51, 0.33, 0.14, 0.12]
15:19:36 bump! backing
15:19:38 bump! backing
15:19:40 pos=(4.22,-6.79) h=169 f=0.23 s=0.88 bump=False lidar=[0.12, 0.1, 0.16, 0.27, 0.23, 0.18, 0.21, 1.03, 0.88, 0.84, 1.01, 0.59, 0.87, 0.83, 0.35, 0.19]
15:19:40 bump! backing
15:19:43 bump! backing
15:19:45 pos=(4.15,-6.97) h=165 f=0.26 s=0.85 bump=False lidar=[0.12, 0.11, 0.16, 0.28, 0.26, 0.2, 0.24, 1.05, 0.85, 0.83, 0.99, 0.55, 0.84, 0.83, 0.33, 0.2]
15:19:45 bump! backing
15:19:47 bump! backing
15:19:49 pos=(4.05,-6.97) h=130 f=0.14 s=0.24 bump=False lidar=[0.33, 0.22, 0.14, 0.12, 0.2, 0.3, 0.24, 0.21, 0.34, 0.95, 0.84, 0.81, 1.0, 0.56, 0.8, 0.72]
15:19:51 pos=(4.30,-6.96) h=86 f=0.22 s=0.24 bump=False lidar=[0.71, 0.44, 0.3, 0.22, 0.14, 0.15, 0.18, 0.35, 0.24, 0.27, 1.16, 0.9, 0.8, 0.87, 0.47, 0.74]
15:19:53 pos=(4.74,-7.01) h=96 f=0.20 s=0.32 bump=False lidar=[0.66, 0.32, 0.24, 0.2, 0.17, 0.16, 0.18, 0.42, 0.32, 0.47, 1.06, 0.78, 0.82, 0.42, 0.48, 0.7]
15:19:55 pos=(5.07,-7.09) h=100 f=0.19 s=0.37 bump=False lidar=[0.64, 0.26, 0.2, 0.19, 0.17, 0.18, 0.19, 0.45, 0.37, 0.52, 0.97, 0.82, 0.84, 0.43, 0.62, 0.64]
15:19:57 pos=(5.30,-7.11) h=80 f=0.19 s=0.21 bump=False lidar=[0.61, 0.62, 0.22, 0.19, 0.18, 0.17, 0.2, 0.21, 0.48, 0.45, 1.48, 0.98, 0.88, 0.37, 0.42, 0.6]
15:19:59 pos=(5.68,-7.05) h=67 f=0.20 s=0.24 bump=False lidar=[0.58, 0.49, 0.45, 0.2, 0.17, 0.17, 0.21, 0.24, 0.3, 0.52, 0.58, 1.24, 0.85, 0.79, 0.38, 0.43]
15:20:01 pos=(6.13,-6.90) h=79 f=0.19 s=0.33 bump=False lidar=[0.47, 0.42, 0.38, 0.19, 0.18, 0.2, 0.27, 0.33, 0.65, 0.57, 1.47, 0.97, 0.35, 0.32, 0.32, 0.48]
15:20:03 pos=(6.49,-6.86) h=87 f=0.22 s=0.39 bump=False lidar=[0.36, 0.39, 0.33, 0.22, 0.18, 0.22, 0.3, 0.39, 0.65, 0.71, 1.31, 0.89, 0.33, 0.26, 0.41, 0.45]
15:20:05 pos=(6.86,-6.89) h=102 f=0.22 s=0.72 bump=False lidar=[0.27, 0.35, 0.28, 0.22, 0.18, 0.26, 0.37, 0.76, 0.72, 1.51, 0.95, 0.34, 0.26, 0.36, 0.38, 0.33]
15:20:07 pos=(7.23,-7.00) h=113 f=0.20 s=0.77 bump=False lidar=[0.27, 0.27, 0.24, 0.2, 0.15, 0.26, 0.46, 0.77, 2.49, -1.0, 0.39, 0.28, 0.35, 0.35, 0.27, 0.23]
15:20:09 pos=(7.54,-7.14) h=112 f=0.19 s=0.79 bump=False lidar=[0.24, 0.17, 0.19, 0.19, 0.17, 0.18, 0.5, 0.79, 1.89, 1.16, 0.31, 0.34, 0.37, 0.3, 0.19, 0.15]
15:20:11 pos=(7.70,-7.13) h=73 f=0.19 s=0.20 bump=False lidar=[0.13, 0.12, 0.18, 0.19, 0.19, 0.2, 0.19, 0.2, 0.56, 0.81, -1.0, 0.48, 0.3, 0.36, 0.35, 0.25]
15:20:13 pos=(7.71,-7.11) h=3 f=0.16 s=0.20 bump=False lidar=[0.35, 0.33, 0.28, 0.16, 0.14, 0.18, 0.2, 0.21, 0.19, 0.18, 0.19, 0.5, 0.83, 1.88, 0.51, 0.32]
15:20:15 pos=(7.63,-6.62) h=351 f=0.25 s=0.27 bump=False lidar=[0.24, 0.28, 0.27, 0.25, 0.2, 0.18, 0.21, 0.27, 0.27, 0.28, 0.24, 0.54, 0.88, 2.42, 1.19, 0.26]
15:20:17 pos=(7.71,-6.14) h=19 f=0.21 s=0.35 bump=False lidar=[0.18, 0.2, 0.21, 0.21, 0.18, 0.19, 0.35, 0.36, 0.33, 0.44, 0.65, 0.82, 1.82, 0.3, 0.15, 0.17]
15:20:19 pos=(7.75,-6.02) h=335 f=0.17 s=0.18 bump=False lidar=[0.14, 0.18, 0.17, 0.15, 0.2, 0.21, 0.18, 0.18, 0.36, 0.39, 0.34, 0.51, 0.9, 0.88, 1.72, 0.17]
15:20:21 pos=(7.73,-6.01) h=269 f=0.15 s=0.19 bump=False lidar=[0.84, 1.81, 0.18, 0.15, 0.15, 0.16, 0.18, 0.19, 0.21, 0.2, 0.18, 0.38, 0.35, 0.36, 0.49, 0.67]
15:20:23 pos=(7.42,-6.22) h=237 f=0.89 s=0.23 bump=False lidar=[0.55, 0.85, 0.89, 1.37, 0.21, 0.16, 0.2, 0.23, 0.25, 0.24, 0.23, 0.22, 0.36, 0.38, 0.31, 0.37]
15:20:25 pos=(6.87,-6.42) h=275 f=0.27 s=0.32 bump=False lidar=[0.69, 1.7, 1.01, 0.27, 0.19, 0.21, 0.31, 0.36, 0.32, 0.3, 0.38, 0.35, 0.24, 0.32, 0.43, 0.75]
15:20:27 pos=(6.42,-6.24) h=305 f=0.19 s=0.42 bump=False lidar=[1.24, 0.78, 0.22, 0.19, 0.18, 0.35, 0.42, 0.38, 0.49, 0.42, 0.26, 0.32, 0.41, 0.46, 0.62, 0.68]
15:20:29 pos=(6.18,-6.08) h=296 f=0.21 s=0.45 bump=False lidar=[1.48, 0.9, 0.21, 0.22, 0.2, 0.19, 0.45, 0.44, 0.46, 0.46, 0.31, 0.34, 0.4, 0.45, 0.64, 0.62]
15:20:31 pos=(5.96,-5.98) h=278 f=0.62 s=0.45 bump=False lidar=[0.6, 1.38, 0.86, 0.62, 0.18, 0.17, 0.18, 0.45, 0.49, 0.51, 0.5, 0.34, 0.36, 0.42, 0.46, 0.57]
15:20:33 pos=(5.55,-5.83) h=300 f=0.61 s=0.57 bump=False lidar=[1.29, 0.8, 0.68, 0.61, 0.18, 0.21, 0.47, 0.57, 0.61, 0.54, 0.39, 0.4, 0.41, 0.6, 0.48, 0.52]
15:20:35 pos=(5.26,-5.37) h=352 f=0.26 s=0.50 bump=False lidar=[0.52, 0.57, 0.7, 0.19, 0.26, 0.62, 0.7, 0.47, 0.5, 0.45, 0.55, 0.46, 0.47, 2.05, 0.97, 0.62]
15:20:35 bump! backing
15:20:38 pos=(5.33,-5.04) h=10 f=0.64 s=0.52 bump=True lidar=[0.5, 0.62, 0.93, 0.19, 0.64, 0.73, 0.56, 0.52, 0.49, 0.59, 0.47, 0.48, 1.99, 0.94, 0.62, 0.51]
15:20:38 bump! backing
15:20:41 bump! backing
15:20:43 pos=(5.44,-4.94) h=11 f=0.84 s=0.52 bump=False lidar=[0.46, 0.62, 0.84, 1.18, 0.64, 0.69, 0.67, 0.52, 0.5, 0.57, 0.45, 0.46, 1.98, 0.94, 0.61, 0.52]
15:20:44 bump! backing
15:20:46 pos=(5.64,-4.67) h=35 f=0.72 s=0.62 bump=False lidar=[0.57, 0.9, 1.12, 0.14, 0.72, 0.67, 0.62, 0.55, 0.67, 0.48, 0.64, 1.99, 0.67, 0.52, 0.45, 0.4]
15:20:48 pos=(6.04,-4.43) h=74 f=0.17 s=0.61 bump=False lidar=[1.08, 1.07, 0.17, 0.1, 0.61, 0.63, -1.0, 0.61, 0.54, 1.98, 0.95, 0.58, 0.43, 0.37, 0.48, 0.52]
15:20:50 pos=(6.29,-4.35) h=58 f=0.32 s=0.64 bump=False lidar=[0.64, 1.08, 1.0, 0.32, 0.09, 0.1, 0.64, 0.67, 0.57, 0.62, 2.02, 0.68, 0.44, 0.34, 0.36, 0.47]
15:20:51 pos=(6.84,-4.11) h=83 f=0.23 s=0.79 bump=False lidar=[0.96, 0.95, 0.28, 0.23, 0.13, 0.15, 0.79, 0.68, 1.14, 1.38, 0.5, 0.34, 0.33, 0.38, 0.41, 0.71]
15:20:53 pos=(7.29,-4.13) h=97 f=0.20 s=0.88 bump=False lidar=[0.85, 0.38, 0.21, 0.2, 0.13, 0.14, 0.88, 0.75, 2.18, 0.72, 0.37, 0.33, 0.38, 0.36, 0.61, 0.9]
15:20:55 pos=(7.61,-4.18) h=86 f=0.21 s=0.79 bump=False lidar=[0.75, 0.81, 0.21, 0.21, 0.19, 0.16, 0.13, 0.79, 2.25, 1.15, 0.55, 0.39, 0.37, 0.34, 0.46, 0.8]
15:20:57 pos=(7.92,-4.08) h=61 f=0.30 s=0.20 bump=False lidar=[0.76, 0.7, 0.76, 0.3, 0.2, 0.22, 0.2, 0.2, 0.84, 2.28, 0.97, 0.45, 0.38, 0.35, 0.32, 0.43]
15:20:59 pos=(8.47,-3.90) h=89 f=0.21 s=0.95 bump=False lidar=[0.59, 0.69, 0.85, 0.21, 0.18, 0.25, 0.28, 0.95, 2.4, 0.67, 0.42, 0.36, 0.27, 0.32, 0.46, 0.71]
15:21:01 pos=(8.90,-4.07) h=122 f=0.21 s=1.00 bump=False lidar=[0.6, 0.86, 0.21, 0.16, 0.22, 0.33, 1.0, 2.49, 0.56, 0.44, 0.3, 0.34, 0.41, 0.45, 0.64, 0.59]
15:21:03 pos=(9.13,-4.12) h=104 f=0.27 s=1.03 bump=False lidar=[0.54, 0.56, 0.83, 0.27, 0.15, 0.19, 0.34, 1.03, 1.82, 0.58, 0.45, 0.29, 0.34, 0.42, 0.57, 0.59]
15:21:05 pos=(9.49,-4.25) h=113 f=0.22 s=0.86 bump=False lidar=[0.49, 0.66, 1.21, 0.22, 0.18, 0.19, 0.39, 2.54, 0.86, 0.54, 0.36, 0.37, 0.42, 0.54, 0.56, 0.44]
15:21:07 pos=(9.84,-4.48) h=132 f=0.19 s=1.23 bump=False lidar=[0.58, 0.9, 1.11, 0.18, 0.19, 0.21, 1.39, 1.23, 0.63, 0.42, 0.38, 0.39, 0.52, 0.5, 0.39, 0.42]
15:21:09 pos=(10.10,-4.74) h=142 f=0.19 s=0.96 bump=False lidar=[0.53, 1.12, 1.1, 0.19, 0.17, 0.22, 2.66, 0.96, 0.59, 0.47, 0.47, 0.52, 0.53, 0.32, 0.38, 0.36]
15:21:11 pos=(10.30,-5.03) h=149 f=0.21 s=0.79 bump=False lidar=[0.51, 1.03, 1.07, 0.21, 0.16, -1.0, 2.04, 0.79, 0.53, 0.51, 0.45, 0.55, 0.35, 0.35, 0.33, 0.39]
15:21:13 pos=(10.46,-5.38) h=159 f=0.20 s=0.78 bump=False lidar=[0.73, 0.96, 0.44, 0.2, 0.16, 0.18, 1.32, 0.78, 0.6, 0.52, 0.59, 0.36, 0.35, 0.29, 0.29, 0.41]
15:21:15 pos=(10.53,-5.75) h=174 f=0.20 s=0.68 bump=False lidar=[0.91, 0.93, 0.36, 0.2, 0.17, 0.2, 0.94, 0.68, 0.63, 0.65, 0.58, 0.35, 0.27, 0.23, 0.37, 0.49]
15:21:17 pos=(10.54,-6.15) h=188 f=0.19 s=0.67 bump=False lidar=[0.88, 0.37, 0.28, 0.19, 0.16, 0.22, 0.86, 0.67, 0.63, 0.65, 0.38, 0.24, 0.29, 0.31, 0.43, 0.87]
15:21:19 pos=(10.48,-6.49) h=192 f=0.20 s=0.75 bump=False lidar=[0.84, 0.31, 0.25, 0.2, 0.17, 0.21, 0.92, 0.74, 0.75, 0.46, 0.35, 0.27, 0.34, 0.28, 0.55, 0.79]
15:21:21 pos=(10.37,-6.86) h=203 f=0.19 s=0.81 bump=False lidar=[0.86, 0.23, 0.21, 0.19, 0.18, 0.18, 0.84, 0.8, 0.81, 0.46, 0.3, 0.35, 0.29, 0.4, 0.76, 0.72]
15:21:23 pos=(10.31,-7.08) h=177 f=0.20 s=0.80 bump=False lidar=[0.68, 0.82, 0.2, 0.18, 0.2, 0.19, 0.21, 0.86, 0.8, 0.82, 0.45, 0.34, 0.3, 0.31, 0.49, 0.72]
15:21:24 pos=(10.40,-7.43) h=171 f=0.75 s=0.24 bump=False lidar=[0.63, 0.64, 0.75, 1.04, 0.18, 0.22, 0.22, 0.24, 0.9, 0.9, 0.58, 0.35, 0.32, 0.24, 0.34, 0.44]
15:21:26 pos=(10.40,-7.89) h=196 f=0.31 s=0.98 bump=False lidar=[0.57, 0.69, 0.97, 0.31, 0.18, 0.26, 0.32, 0.98, 1.01, 0.6, 0.4, 0.24, 0.27, 0.37, 0.56, 0.57]
15:21:28 pos=(10.10,-8.34) h=238 f=0.22 s=0.52 bump=False lidar=[0.9, 1.67, 0.22, 0.14, -1.0, 1.06, 1.1, 0.52, 0.42, 0.32, 0.38, 0.35, 0.55, 0.51, 0.51, 0.59]
15:21:30 pos=(9.85,-8.46) h=232 f=0.18 s=0.80 bump=False lidar=[0.73, 1.32, 0.24, 0.18, 0.1, 0.3, 1.1, 0.8, 0.51, 0.37, 0.39, 0.38, 0.58, 0.5, 0.49, 0.58]
15:21:32 pos=(9.63,-8.73) h=225 f=0.20 s=1.11 bump=False lidar=[0.65, 0.99, 1.53, 0.2, 0.18, 0.13, 1.11, 1.17, 0.58, 0.43, 0.43, 0.39, 0.59, 0.52, 0.43, 0.52]
15:21:34 pos=(9.34,-8.98) h=230 f=0.20 s=0.91 bump=False lidar=[0.7, 1.54, 0.96, 0.2, 0.2, 0.19, 1.15, 0.91, 0.61, 0.47, 0.42, 0.53, 0.48, 0.37, 0.38, 0.42]
15:21:36 pos=(9.03,-9.15) h=244 f=0.38 s=0.56 bump=False lidar=[0.66, 1.48, 0.86, 0.38, 0.18, 0.19, 0.19, 0.9, 0.56, 0.55, 0.47, 0.54, 0.37, 0.34, 0.39, 0.39]
15:21:38 pos=(8.66,-9.27) h=258 f=0.23 s=0.58 bump=False lidar=[1.14, 1.91, 0.36, 0.23, 0.15, 0.22, 0.24, 0.79, 0.58, 0.51, 0.55, 0.37, 0.33, 0.39, 0.36, 0.59]
15:21:40 pos=(8.25,-9.29) h=271 f=0.22 s=0.66 bump=False lidar=[1.28, 0.43, 0.31, 0.22, 0.16, 0.25, 0.84, 0.66, 0.61, 0.69, 0.43, 0.34, 0.39, 0.35, 0.51, 0.76]
15:21:42 pos=(7.84,-9.22) h=288 f=0.21 s=0.75 bump=False lidar=[0.72, 0.3, -1.0, 0.21, 0.15, 0.28, 0.85, 0.75, 0.75, 0.48, 0.39, 0.34, 0.4, 0.47, 0.69, 1.31]
15:21:44 pos=(7.53,-9.10) h=293 f=0.20 s=0.82 bump=False lidar=[0.64, 0.26, 0.22, 0.2, 0.17, 0.16, 0.9, 0.8, 0.82, 0.53, 0.45, 0.31, -1.0, 0.47, 0.71, 1.18]
15:21:46 pos=(7.27,-9.03) h=278 f=0.20 s=0.78 bump=False lidar=[1.67, 0.27, 0.2, 0.2, 0.21, 0.2, 0.18, 0.83, 0.78, 0.73, 0.45, 0.34, 0.4, 0.45, 0.6, 1.17]
15:21:48 pos=(6.99,-9.08) h=249 f=0.21 s=0.23 bump=False lidar=[0.84, 1.08, 0.55, 0.21, 0.17, 0.18, 0.23, 0.22, 0.99, 0.89, 0.91, 0.52, 0.35, 0.39, -1.0, 0.47]
15:21:50 pos=(6.49,-9.23) h=261 f=0.20 s=0.30 bump=False lidar=[1.07, 1.54, 0.43, 0.2, 0.18, 0.22, 0.29, 0.3, 0.93, 0.98, 0.53, 0.35, 0.38, 0.38, 0.39, 0.57]
15:21:52 pos=(6.15,-9.26) h=265 f=0.21 s=0.34 bump=False lidar=[1.01, 1.49, 0.42, 0.21, 0.17, 0.19, 0.29, 0.34, 1.0, 1.03, 0.57, 0.39, -1.0, 0.32, 0.43, 0.6]
15:21:54 pos=(5.76,-9.26) h=276 f=0.20 s=1.00 bump=False lidar=[0.87, 0.45, 0.35, 0.2, 0.16, 0.21, 0.37, 1.12, 1.0, 0.74, 0.45, 0.36, 0.3, 0.38, 0.41, 0.95]
15:21:56 pos=(5.38,-9.19) h=284 f=0.19 s=1.08 bump=False lidar=[1.36, 0.35, 0.27, 0.19, 0.17, 0.23, 0.43, 1.13, 1.08, 0.49, 0.39, 0.29, 0.36, 0.37, 0.59, 0.89]
15:21:58 pos=(5.04,-9.08) h=293 f=0.20 s=0.87 bump=False lidar=[1.43, 0.28, 0.27, 0.2, 0.17, 0.23, 0.48, 1.18, 0.87, 0.53, 0.42, 0.32, 0.35, 0.47, 0.83, 0.74]
15:22:00 pos=(4.76,-8.95) h=292 f=0.21 s=0.97 bump=False lidar=[1.34, 0.24, 0.23, 0.21, 0.17, 0.17, 0.48, 1.26, 0.97, 0.59, 0.41, 0.39, 0.34, 0.5, 0.8, 0.7]
15:22:02 pos=(4.49,-8.83) h=285 f=0.19 s=0.63 bump=False lidar=[-1.0, 0.24, 0.19, 0.19, 0.19, 0.17, 0.21, 0.63, 1.34, 0.64, 0.5, 0.4, 0.35, 0.47, 0.72, 0.71]
15:22:04 pos=(4.24,-8.91) h=248 f=0.22 s=0.22 bump=False lidar=[0.69, 0.6, 1.27, 0.22, 0.19, 0.2, 0.22, 0.22, 0.32, 1.35, 0.99, 0.57, 0.4, 0.36, 0.39, 0.45]
15:22:06 pos=(3.73,-9.04) h=268 f=0.20 s=0.34 bump=False lidar=[0.51, 1.08, 0.98, 0.2, 0.19, 0.22, 0.28, 0.34, 1.42, 1.07, 0.57, 0.41, 0.3, 0.34, 0.39, 0.62]
15:22:07 pos=(3.36,-9.03) h=279 f=0.17 s=0.76 bump=False lidar=[0.49, 1.14, 0.82, 0.17, 0.17, 0.25, 0.34, 0.76, 1.5, 0.75, 0.45, 0.31, 0.32, 0.36, 0.56, 0.57]
15:22:09 pos=(2.97,-8.91) h=293 f=0.21 s=0.87 bump=False lidar=[1.02, 0.88, 0.71, 0.21, 0.18, 0.29, 0.4, 1.55, 0.87, 0.51, 0.35, 0.39, 0.32, 0.53, 0.51, 0.39]
15:22:11 pos=(2.63,-8.69) h=312 f=0.21 s=0.93 bump=False lidar=[0.89, 0.66, 0.57, 0.21, 0.15, 0.38, 0.93, 1.29, 0.58, 0.4, 0.42, 0.35, 0.53, 0.45, 0.33, 0.89]
15:22:13 pos=(2.37,-8.39) h=326 f=0.22 s=0.90 bump=False lidar=[0.7, 0.57, 0.55, 0.22, 0.14, 0.46, 1.69, 0.9, 0.48, 0.43, 0.37, 0.53, 0.45, 0.3, 0.34, 0.99]
15:22:15 pos=(2.21,-8.05) h=338 f=0.24 s=1.37 bump=False lidar=[0.53, 0.45, 0.4, 0.24, 0.15, 0.54, 1.37, 0.7, -1.0, 0.45, 0.55, 0.46, 0.29, 0.29, 0.89, 0.68]
15:22:17 pos=(2.13,-7.67) h=350 f=0.20 s=0.58 bump=False lidar=[0.42, 0.45, 0.32, 0.2, 0.15, 1.77, 0.99, 0.58, 0.57, 0.59, 0.5, 0.33, 0.82, 0.82, 0.66, 0.48]
15:22:19 pos=(2.14,-7.30) h=7 f=0.26 s=0.64 bump=False lidar=[0.33, 0.33, 0.26, 0.18, -1.0, 0.2, 0.79, 0.64, 0.57, 0.6, 0.34, 0.83, 0.75, 0.8, 0.49, 0.43]
15:22:21 pos=(2.22,-6.97) h=9 f=0.21 s=0.67 bump=False lidar=[0.29, 0.3, 0.23, 0.21, 0.15, 0.17, 0.82, 0.67, 0.62, 0.63, 0.39, 0.84, 0.81, 0.59, 0.38, 0.34]
15:22:23 pos=(2.32,-6.62) h=16 f=0.20 s=0.76 bump=False lidar=[0.26, 0.22, 0.2, 0.2, 0.18, 0.18, 0.88, 0.74, 0.76, 0.47, 1.04, 0.81, 0.81, 0.47, 0.33, 0.22]
15:22:25 pos=(2.21,-6.41) h=328 f=0.23 s=0.21 bump=False lidar=[0.3, 0.18, 0.23, 0.24, 0.21, 0.21, 0.21, 0.2, 0.9, 0.79, 0.82, 0.45, 0.92, 0.76, 0.78, 0.35]
15:22:27 pos=(2.02,-6.21) h=303 f=0.20 s=0.26 bump=False lidar=[0.44, 0.25, -1.0, 0.15, 0.2, 0.23, 0.19, 0.27, 0.26, 0.3, 0.81, 0.78, 0.49, 1.02, 0.79, 0.79]
15:22:29 pos=(1.68,-6.13) h=287 f=0.22 s=0.28 bump=False lidar=[0.68, 0.31, 0.22, 0.23, 0.14, 0.17, 0.28, 0.25, 0.31, 0.31, 0.98, 0.77, 0.76, 1.9, 0.85, 0.68]
15:22:31 pos=(1.38,-6.09) h=273 f=0.22 s=0.31 bump=False lidar=[0.68, 0.37, 0.24, 0.16, 0.22, 0.18, 0.16, 0.31, 0.35, 0.35, 1.2, 0.86, 0.81, 0.39, 0.95, 0.72]
15:22:33 pos=(1.04,-6.12) h=258 f=0.24 s=0.22 bump=False lidar=[0.59, 0.63, 0.3, 0.24, 0.17, 0.19, 0.21, 0.22, 0.37, 0.42, 0.37, 1.06, 0.8, 0.45, 2.18, 0.75]
15:22:35 pos=(0.52,-6.15) h=278 f=0.19 s=0.44 bump=False lidar=[0.53, 0.26, 0.24, 0.19, 0.16, 0.24, 0.26, 0.44, 0.5, 0.52, 0.96, 0.8, 1.35, 1.79, 0.65, 0.49]
15:22:37 pos=(0.23,-6.10) h=274 f=0.20 s=0.48 bump=False lidar=[0.5, 0.39, 0.22, 0.2, 0.18, 0.18, 0.31, 0.48, 0.54, 0.52, 1.15, 0.81, 1.32, 2.13, 0.63, 0.45]
15:22:39 pos=(-0.06,-6.11) h=266 f=0.19 s=0.36 bump=False lidar=[0.42, 0.43, 0.21, 0.18, 0.19, 0.2, 0.21, 0.36, 0.54, 0.58, 1.19, 0.86, 0.61, 2.52, 0.66, 0.45]
15:22:41 pos=(-0.38,-6.25) h=252 f=0.22 s=0.28 bump=False lidar=[0.34, 0.39, 0.39, 0.22, 0.17, 0.22, 0.24, 0.28, 0.45, 0.65, 1.89, 1.03, 0.52, 1.32, 2.0, 0.52]
15:22:43 pos=(-0.78,-6.31) h=266 f=0.19 s=0.48 bump=False lidar=[0.29, 0.32, 0.31, 0.19, 0.18, 0.23, 0.3, 0.48, 0.67, 0.66, 1.27, 0.53, 1.33, 2.47, 0.48, 0.3]
15:22:44 pos=(-1.14,-6.31) h=273 f=0.22 s=0.53 bump=False lidar=[0.25, 0.26, 0.29, 0.22, 0.17, 0.21, 0.35, 0.53, 0.76, 1.99, 0.38, 0.61, 1.35, 0.66, 0.39, 0.22]
15:22:46 pos=(-1.50,-6.24) h=282 f=0.19 s=0.78 bump=False lidar=[0.2, 0.22, 0.24, 0.19, 0.18, 0.2, 0.39, 0.78, 0.81, 1.37, 0.62, 1.3, 2.42, -1.0, 0.17, 0.18]
15:22:48 pos=(-1.81,-6.14) h=284 f=0.21 s=0.84 bump=False lidar=[0.16, 0.16, 0.21, 0.21, 0.18, 0.18, 0.41, 0.84, 0.84, 1.4, 0.69, 1.33, 0.64, 0.15, 0.12, 0.13]
15:22:50 pos=(-1.90,-6.12) h=230 f=0.15 s=0.18 bump=False lidar=[0.1, 0.11, 0.12, 0.15, 0.15, 0.19, 0.18, 0.18, 0.23, 0.63, 0.92, 1.8, 0.66, 1.4, 1.35, 0.15]
15:22:53 pos=(-1.90,-6.14) h=159 f=0.13 s=0.15 bump=False lidar=[1.19, 1.36, 0.32, 0.13, 0.13, 0.13, 0.13, 0.15, 0.2, 0.19, 0.17, 0.23, 0.47, 0.91, 2.02, 0.65]
15:22:55 pos=(-1.58,-6.34) h=113 f=0.91 s=0.17 bump=False lidar=[1.95, 0.53, 0.91, 1.37, 0.42, 0.18, 0.13, 0.17, 0.19, 0.24, 0.25, 0.2, 0.21, 0.36, 0.59, 0.84]
15:22:56 pos=(-1.04,-6.59) h=119 f=0.88 s=0.25 bump=False lidar=[1.59, 0.49, 0.88, 1.29, 0.62, 0.36, 0.23, 0.25, 0.3, 0.33, 0.24, 0.23, 0.32, 0.39, 0.7, 0.72]
15:22:58 pos=(-0.70,-7.05) h=166 f=0.41 s=0.39 bump=False lidar=[1.03, 1.25, 0.6, 0.41, 0.33, 0.29, 0.39, 0.4, 0.3, 0.34, 0.39, 0.57, 0.7, 0.66, 1.16, 0.42]
15:23:00 pos=(-0.89,-7.57) h=230 f=0.30 s=0.48 bump=False lidar=[0.45, 0.34, 0.3, 0.27, 0.45, 0.47, 0.39, 0.48, 0.61, 0.73, 0.66, 0.24, 0.4, 0.66, 1.14, 1.84]
15:23:02 pos=(-1.46,-7.67) h=288 f=0.45 s=0.75 bump=False lidar=[0.19, 0.18, 0.42, 0.45, 0.46, 0.56, 0.84, 0.75, 0.34, 0.44, 0.69, 1.09, 2.04, 0.28, 0.24, 0.21]
15:23:03 pos=(-1.82,-7.21) h=351 f=0.70 s=0.73 bump=False lidar=[0.37, 0.34, 0.46, 0.7, 0.89, 2.44, 0.52, 0.73, 1.15, 2.24, 0.24, 0.16, 0.13, 0.1, 0.11, 0.29]
15:23:05 pos=(-1.61,-6.69) h=48 f=0.81 s=0.37 bump=False lidar=[-1.0, 0.84, 0.81, 1.67, 0.57, 1.13, 1.26, 0.37, 0.21, 0.14, 0.12, 0.18, 0.26, 0.32, 0.26, 0.28]
15:23:07 pos=(-1.04,-6.54) h=90 f=0.56 s=0.25 bump=False lidar=[0.75, 1.96, 0.35, 0.56, 1.28, 0.65, 0.4, 0.25, 0.24, 0.29, 0.35, 0.27, 0.22, -1.0, 0.38, 0.56]
15:23:09 pos=(-0.52,-6.74) h=141 f=1.20 s=0.38 bump=False lidar=[0.97, 0.46, 1.2, 2.22, 0.5, 0.4, 0.31, 0.38, 0.41, 0.26, 0.26, 0.33, 0.46, 0.67, 0.65, 1.92]
15:23:11 pos=(-0.38,-7.30) h=194 f=0.38 s=0.41 bump=False lidar=[1.18, 0.59, 0.43, 0.38, 0.36, 0.48, 0.45, 0.35, 0.41, 0.52, 0.69, 0.62, 2.17, 0.18, 0.35, 1.16]
15:23:12 pos=(-0.81,-7.68) h=258 f=0.45 s=0.72 bump=False lidar=[0.31, 0.3, 0.31, 0.48, 0.45, 0.47, 0.51, 0.72, 0.75, 2.14, 0.25, 0.34, 0.9, 1.13, 1.47, 0.41]
15:23:14 pos=(-1.35,-7.52) h=314 f=0.47 s=0.42 bump=False lidar=[0.3, 0.45, 0.39, 0.47, 0.65, 0.82, 0.73, 0.34, 0.42, 0.72, 1.16, 2.0, 0.28, 0.26, 0.21, 0.18]
15:23:16 pos=(-1.49,-7.00) h=14 f=0.83 s=1.19 bump=False lidar=[0.3, 0.44, 0.65, 0.83, 2.35, 0.41, 0.53, 1.19, 2.23, 0.33, 0.24, 0.17, 0.16, 0.22, 0.3, 0.34]
15:23:17 LOOP DETECTED at (-1.33,-6.73) - escaping
15:23:22 escape done at (-0.33,-5.24)
15:23:22 bump! backing
15:23:24 bump! backing
15:23:26 pos=(-0.32,-5.45) h=6 f=0.33 s=1.26 bump=False lidar=[0.1, 0.12, 0.17, 0.33, 0.56, 0.61, 1.26, 0.89, 1.38, 2.19, 0.56, 0.41, 0.4, 0.15, 0.11, 0.1]
15:23:26 bump! backing
15:23:29 pos=(-0.27,-5.53) h=290 f=0.12 s=0.56 bump=False lidar=[0.35, 0.11, 0.1, 0.12, 0.16, 0.15, 0.35, 0.56, -1.0, 1.25, 0.89, 1.4, 2.44, 0.6, 0.38, 0.4]
15:23:31 pos=(-0.34,-5.59) h=227 f=0.35 s=0.16 bump=False lidar=[0.55, 0.37, 0.39, 0.35, 0.12, 0.1, 0.14, 0.16, 0.18, 0.38, 0.58, 0.64, 1.25, 0.88, 1.38, 2.36]
15:23:33 pos=(-0.68,-6.09) h=211 f=0.33 s=0.20 bump=False lidar=[0.68, 0.42, 0.29, 0.33, 0.34, 0.25, 0.18, 0.2, 0.28, 0.43, 0.67, 0.68, 1.58, 0.36, 0.86, 1.36]
15:23:35 pos=(-1.10,-6.50) h=246 f=0.31 s=0.41 bump=False lidar=[0.23, 0.2, 0.28, 0.33, 0.31, 0.25, 0.31, 0.41, 0.71, 0.76, 1.87, -1.0, 0.75, 1.27, 0.61, 0.36]
15:23:37 pos=(-1.66,-6.40) h=306 f=0.27 s=0.85 bump=False lidar=[0.18, 0.28, 0.27, 0.25, 0.33, 0.6, 0.85, 2.44, 0.48, 0.76, 1.24, 0.59, 0.28, 0.11, 0.1, 0.15]
15:23:39 pos=(-1.85,-5.86) h=9 f=0.67 s=0.71 bump=False lidar=[0.18, 0.18, 0.26, 0.67, 0.89, 1.67, 0.69, 1.38, 0.71, 0.12, 0.11, 0.11, 0.14, 0.12, 0.17, 0.18]
15:23:40 bump! backing
15:23:42 pos=(-1.61,-5.59) h=27 f=0.86 s=1.27 bump=False lidar=[0.11, 0.14, 0.41, 0.86, 2.0, 0.6, 1.27, 1.4, 0.18, 0.16, 0.16, 0.15, 0.14, 0.17, 0.16, 0.13]
15:23:42 bump! backing
15:23:44 bump! backing
15:23:46 pos=(-1.48,-5.53) h=22 f=0.83 s=0.99 bump=False lidar=[0.1, 0.09, 0.17, 0.83, 0.9, 1.23, 0.99, 1.46, 0.23, 0.16, 0.15, 0.14, 0.12, 0.14, 0.12, 0.1]
15:23:47 bump! backing
15:23:49 bump! backing
15:23:51 pos=(-1.40,-5.58) h=343 f=0.13 s=1.47 bump=False lidar=[0.12, 0.13, 0.13, 0.13, 0.43, 0.89, 2.03, 0.71, 1.47, 2.48, 0.17, 0.13, 0.12, 0.11, 0.11, 0.13]
15:23:53 pos=(-1.41,-5.57) h=271 f=0.12 s=0.20 bump=False lidar=[0.12, 0.1, 0.12, 0.13, 0.12, 0.12, 0.11, 0.2, 0.84, 0.92, 0.58, 1.06, 1.45, 0.18, 0.14, 0.12]
15:23:56 pos=(-1.43,-5.58) h=199 f=0.11 s=0.12 bump=False lidar=[0.19, 0.13, 0.11, 0.12, 0.11, 0.11, 0.13, 0.11, 0.12, 0.14, 0.16, 0.84, 0.9, 1.27, 0.97, 1.45]
15:23:58 pos=(-1.42,-5.60) h=128 f=0.25 s=0.10 bump=False lidar=[1.49, 0.75, 1.42, 0.25, 0.15, 0.12, 0.11, 0.1, 0.1, 0.14, 0.12, 0.12, 0.13, 0.16, 0.64, 0.92]
15:23:59 LOOP DETECTED at (-1.04,-5.76) - escaping
15:24:11 escape done at (3.08,-6.24)
15:24:12 pos=(3.22,-6.27) h=110 f=0.75 s=0.92 bump=False lidar=[0.11, 0.11, 0.79, 0.68, 0.75, 0.46, 1.03, 0.84, 0.92, 0.47, 0.38, 0.28, 0.24, 0.18, 0.17, 0.13]
15:24:12 bump! backing
15:24:14 bump! backing
15:24:16 pos=(3.34,-6.41) h=110 f=0.68 s=0.90 bump=False lidar=[0.09, 0.12, 0.14, 0.68, 0.73, 0.49, 1.07, 0.86, 0.9, 0.45, 0.32, 0.28, 0.22, 0.18, 0.15, 0.14]
15:24:17 bump! backing
15:24:19 bump! backing
15:24:21 pos=(3.46,-6.52) h=109 f=0.65 s=0.91 bump=False lidar=[0.11, 0.09, 0.12, 0.71, 0.65, 0.71, 0.44, 0.91, 0.91, 0.46, 0.32, 0.26, 0.23, 0.15, 0.13, 0.11]
15:24:21 bump! backing
15:24:25 pos=(3.33,-6.55) h=27 f=0.14 s=0.79 bump=False lidar=[0.19, 0.16, 0.14, 0.14, 0.12, 0.14, 0.7, -1.0, 0.79, 0.47, 0.95, 0.88, 0.58, 0.37, 0.25, 0.25]
15:24:27 pos=(3.33,-6.54) h=318 f=0.18 s=0.14 bump=False lidar=[0.36, 0.27, 0.26, 0.18, 0.16, 0.16, 0.14, 0.13, 0.14, 0.76, 0.72, 0.8, 0.46, 0.95, 0.86, 0.61]
15:24:29 pos=(2.87,-6.24) h=302 f=0.21 s=0.20 bump=False lidar=[0.47, 0.28, 0.21, -1.0, 0.21, 0.2, 0.2, 0.23, 0.2, 0.25, 0.78, 0.74, 0.49, 1.01, 0.84, 0.83]
15:24:31 pos=(2.57,-6.03) h=285 f=0.20 s=0.25 bump=False lidar=[0.5, 0.31, 0.23, 0.2, 0.14, 0.21, 0.25, 0.25, 0.28, 0.28, 0.95, 0.77, 0.78, 1.92, 0.84, 0.73]
15:24:33 pos=(2.22,-5.95) h=275 f=0.20 s=0.28 bump=False lidar=[0.7, 0.37, 0.2, 0.2, 0.2, 0.15, 0.25, 0.28, 0.33, 0.32, 1.03, 0.87, 0.84, 2.44, 0.96, 0.66]
15:24:35 pos=(1.87,-5.90) h=282 f=0.19 s=0.34 bump=False lidar=[0.64, 0.32, 0.2, 0.15, 0.19, 0.21, 0.22, 0.34, 0.39, 0.39, 1.07, 0.86, 0.83, 2.37, 0.77, 0.61]
15:24:36 pos=(1.50,-5.95) h=262 f=0.21 s=0.39 bump=False lidar=[-1.0, 0.56, 0.28, 0.21, 0.16, 0.19, 0.23, -1.0, 0.39, 0.47, 1.41, 0.91, 0.83, 1.44, 0.91, 0.67]
15:24:38 pos=(1.12,-5.93) h=275 f=0.20 s=0.32 bump=False lidar=[0.5, 0.47, 0.23, 0.2, 0.18, 0.16, 0.27, 0.32, 0.5, 0.49, 1.12, 0.83, 0.58, 2.42, 0.68, 0.48]
15:24:40 pos=(0.83,-5.93) h=256 f=0.20 s=0.33 bump=False lidar=[0.44, 0.46, 0.24, 0.18, 0.2, 0.19, 0.18, 0.33, 0.52, 0.57, 1.49, 0.98, 0.44, 1.44, 0.82, 0.56]
15:24:43 pos=(0.58,-5.96) h=239 f=0.25 s=0.21 bump=False lidar=[0.48, 0.42, 0.42, 0.25, 0.19, 0.19, 0.19, 0.21, 0.38, 0.54, 0.6, 1.46, 0.96, 0.6, 1.4, 0.77]
15:24:44 pos=(0.06,-6.16) h=267 f=0.19 s=0.46 bump=False lidar=[0.31, 0.34, 0.33, 0.19, 0.19, 0.24, 0.3, 0.46, 0.65, 0.67, 1.25, 0.51, 1.32, 2.47, 0.48, 0.35]
15:24:46 pos=(-0.29,-6.17) h=275 f=0.20 s=0.55 bump=False lidar=[0.26, 0.29, 0.3, 0.2, 0.17, 0.25, 0.33, 0.55, 0.75, 1.83, 0.39, 0.8, 1.35, 0.67, 0.36, 0.23]
15:24:48 pos=(-0.67,-6.12) h=286 f=0.20 s=0.75 bump=False lidar=[0.24, 0.24, 0.24, 0.2, 0.17, 0.25, 0.39, 0.75, 0.78, 1.33, 0.61, 1.29, 2.46, 0.35, 0.18, 0.2]
15:24:50 pos=(-0.99,-6.01) h=289 f=0.19 s=0.85 bump=False lidar=[0.16, 0.18, 0.23, 0.19, 0.18, 0.2, 0.42, 0.85, 2.44, 0.51, 0.86, 1.4, 0.41, 0.17, 0.14, 0.15]
15:24:52 pos=(-1.18,-6.01) h=259 f=0.17 s=0.37 bump=False lidar=[0.12, 0.14, 0.14, 0.17, 0.21, 0.19, 0.19, 0.37, 0.68, 0.88, 1.49, 0.67, 1.34, 0.67, 0.14, 0.12]
15:24:54 pos=(-1.19,-6.02) h=189 f=0.11 s=0.20 bump=False lidar=[1.35, 0.16, 0.1, 0.11, 0.13, 0.14, 0.15, 0.21, 0.2, 0.19, 0.24, 0.67, 0.91, 1.78, 0.67, 1.38]
15:24:56 pos=(-1.03,-6.16) h=123 f=1.35 s=0.15 bump=False lidar=[1.62, 0.63, 1.35, 2.36, 0.3, 0.12, 0.11, 0.15, 0.16, -1.0, 0.21, 0.21, 0.2, 0.39, 0.7, 0.85]
15:24:58 pos=(-0.44,-6.37) h=111 f=1.24 s=0.23 bump=False lidar=[2.32, 0.38, 0.58, 1.24, 2.23, 0.38, 0.21, 0.23, 0.25, 0.27, 0.29, 0.21, 0.24, 0.34, 0.55, 0.75]
15:25:00 pos=(0.03,-6.69) h=146 f=0.62 s=0.37 bump=False lidar=[0.42, 0.81, 1.26, 0.62, 0.41, 0.3, 0.3, 0.38, 0.37, 0.27, 0.31, 0.37, 0.52, 0.67, -1.0, 1.39]
15:25:01 === start3
15:25:03 pos=(-0.35,-0.42) h=249 f=0.39 s=0.66 side=right lidar=[0.31, 0.28, 0.26, 0.39, 0.48, 0.4, 0.51, 0.66, 0.75, 0.66, 0.25, 0.38, 0.58, 1.05, 2.14, 0.48]
15:25:05 pos=(-0.91,-0.34) h=307 f=0.45 s=0.44 side=right lidar=[0.17, 0.37, 0.45, 0.42, 0.56, 0.74, 0.84, 0.33, 0.44, 0.62, 1.05, 2.15, 0.4, 0.23, 0.2, 0.17]
15:25:07 pos=(-1.14,0.17) h=2 f=0.80 s=1.19 side=right lidar=[0.35, 0.33, 0.55, 0.86, 0.8, 0.41, 0.54, 1.24, 1.19, 0.3, 0.22, 0.13, 0.09, 0.12, 0.24, 0.37]
15:25:08 pos=(-0.81,0.63) h=63 f=0.57 s=0.32 side=right lidar=[0.58, 0.84, 2.37, 0.42, 0.57, 1.21, 0.65, 0.32, 0.19, 0.15, 0.18, 0.24, 0.32, 0.26, 0.22, 0.38]
15:25:10 pos=(-0.22,0.68) h=99 f=0.83 s=0.29 side=right lidar=[0.68, 1.56, 0.37, 0.83, 1.3, 0.65, 0.4, 0.27, 0.29, 0.35, 0.34, 0.24, 0.23, 0.33, 0.51, 0.68]
15:25:12 pos=(0.23,0.34) h=156 f=0.63 s=0.40 side=right lidar=[0.41, 1.2, 2.39, 0.63, 0.44, 0.32, 0.4, -1.0, 0.31, 0.3, 0.35, 0.46, 0.66, 0.65, 2.09, 0.99]
15:25:14 pos=(0.16,-0.22) h=217 f=0.39 s=0.43 side=right lidar=[1.49, 0.45, 0.39, 0.33, 0.45, 0.5, 0.39, 0.43, 0.57, 0.7, 0.65, 2.18, 0.17, 0.33, 0.7, 1.18]
15:25:16 pos=(-0.37,-0.45) h=275 f=0.44 s=0.78 side=right lidar=[0.29, 0.27, 0.43, 0.49, 0.44, 0.52, 0.65, 0.78, 2.25, 0.28, -1.0, 0.9, 1.13, 1.68, 0.45, 0.31]
15:25:17 pos=(-0.82,-0.10) h=336 f=0.54 s=0.46 side=right lidar=[0.42, 0.39, 0.4, 0.54, 0.84, 0.76, 0.32, 0.46, 0.73, 1.14, 2.06, 0.28, 0.26, 0.2, 0.19, 0.24]
15:25:19 pos=(-0.76,0.45) h=33 f=0.76 s=1.25 side=right lidar=[0.4, 0.61, 0.77, 0.76, 0.37, 0.52, 1.25, 2.27, 0.36, 0.27, 0.16, 0.18, 0.26, 0.33, 0.3, 0.27]
15:25:21 pos=(-0.23,0.69) h=94 f=0.54 s=0.30 side=right lidar=[0.72, 1.79, 0.34, 0.54, 1.3, 0.65, 0.42, 0.27, 0.3, 0.34, 0.34, 0.25, 0.22, 0.31, 0.38, 0.7]
15:25:23 pos=(0.25,0.38) h=148 f=0.66 s=0.41 side=right lidar=[-1.0, 1.05, 1.27, 0.66, 0.46, 0.34, 0.41, 0.45, 0.33, 0.3, 0.32, 0.42, 0.58, 0.64, 0.59, 1.15]
15:25:25 pos=(0.20,-0.23) h=216 f=0.40 s=0.44 side=right lidar=[1.52, 0.44, 0.4, 0.34, 0.46, 0.5, 0.38, 0.44, 0.53, 0.7, 0.65, 2.08, 0.15, 0.33, 0.65, 1.17]
15:25:26 pos=(-0.29,-0.46) h=274 f=0.44 s=0.68 side=right lidar=[0.3, -1.0, 0.44, 0.5, 0.41, 0.51, 0.64, 0.76, 0.68, 0.25, 0.37, 0.62, 1.1, 2.01, 0.46, 0.31]
15:25:26 ESCAPE (stuck=True) at (-0.29,-0.46)
15:25:33 escape done at (0.62,-0.80), now side=left
15:25:36 pos=(0.74,-1.09) h=157 f=1.04 s=0.14 side=left lidar=[0.18, 0.93, 1.04, 1.26, 0.52, 0.43, 0.46, 0.64, 0.6, 0.6, 0.67, 0.11, 0.09, 0.11, 0.14, 0.16]
15:25:39 pos=(0.91,-1.46) h=202 f=0.48 s=0.11 side=left lidar=[0.99, 1.25, 0.52, 0.44, 0.48, 0.65, 0.65, 0.66, 0.73, 0.1, 0.09, 0.11, 0.12, 0.11, 0.11, 0.87]
15:25:41 pos=(0.67,-2.02) h=196 f=0.46 s=0.25 side=left lidar=[0.89, 1.51, 0.48, 0.46, 0.42, 0.51, 0.76, 0.7, 0.72, 0.21, 0.18, 0.13, 0.1, 0.07, 0.25, 0.83]
15:25:42 pos=(0.57,-2.61) h=187 f=0.44 s=0.20 side=left lidar=[0.75, 0.9, 1.13, 0.41, 0.44, 0.47, 0.54, 0.77, 0.75, 0.29, 0.2, 0.16, 0.1, 0.08, 0.2, 0.36]
15:25:44 pos=(0.54,-3.21) h=182 f=0.44 s=0.19 side=left lidar=[-1.0, 0.85, 1.2, 0.4, 0.44, 0.42, 0.51, 0.81, 0.77, 0.84, 0.22, 0.18, 0.11, 0.07, 0.19, 0.33]
15:25:46 pos=(0.55,-3.81) h=179 f=0.43 s=0.19 side=left lidar=[0.73, 0.84, 1.21, 0.4, 0.43, 0.42, 0.52, 0.82, 0.78, 0.84, 0.23, 0.2, 0.11, 0.11, 0.19, 0.32]
15:25:48 pos=(0.55,-4.43) h=177 f=0.44 s=0.17 side=left lidar=[0.73, 0.84, 1.25, 0.41, 0.44, 0.4, 0.51, 0.83, 0.76, 0.83, 0.23, 0.19, 0.1, 0.09, 0.17, 0.3]
15:25:50 pos=(0.56,-5.07) h=181 f=0.44 s=0.17 side=left lidar=[0.76, 0.86, 1.23, 0.41, 0.44, 0.4, 0.52, 0.83, 0.75, 0.85, 0.22, 0.16, 0.11, 0.08, 0.17, 0.34]
15:25:51 pos=(0.55,-5.67) h=180 f=0.45 s=0.18 side=left lidar=[0.74, 0.85, 1.24, 0.41, 0.45, 0.41, 0.54, 0.83, 0.76, 0.85, 0.22, 0.18, 0.09, 0.1, 0.18, 0.33]
15:25:53 pos=(0.57,-6.28) h=181 f=0.44 s=0.18 side=left lidar=[0.75, 0.84, 1.22, 0.41, 0.44, 0.39, 0.52, 0.82, 0.78, 0.86, 0.22, 0.19, 0.11, 0.1, 0.18, 0.33]
15:25:55 pos=(0.58,-6.87) h=180 f=1.25 s=0.15 side=left lidar=[0.75, -1.0, 1.25, 0.44, -1.0, 0.4, 0.53, 0.85, 0.74, 0.85, 0.23, 0.2, 0.1, 0.08, 0.15, 0.34]
15:25:57 pos=(0.58,-7.49) h=185 f=0.44 s=0.17 side=left lidar=[0.75, 0.83, 1.24, 0.42, 0.44, 0.41, 0.52, 0.83, 0.76, 0.85, 0.22, 0.17, 0.11, 0.12, 0.17, 0.32]
15:25:59 pos=(0.57,-8.12) h=183 f=0.45 s=0.18 side=left lidar=[0.74, 0.84, 1.23, 0.42, 0.45, 0.4, 0.51, 0.83, 0.76, 0.83, 0.23, 0.17, 0.09, 0.09, 0.18, 0.33]
15:26:00 pos=(0.58,-8.72) h=178 f=0.43 s=0.16 side=left lidar=[0.76, 0.83, 1.21, 0.41, 0.43, 0.41, 0.52, 0.81, 0.77, 0.84, 0.23, 0.21, 0.09, 0.09, 0.16, 0.33]
15:26:02 pos=(0.58,-9.33) h=181 f=0.44 s=0.16 side=left lidar=[0.75, 0.85, 1.23, 0.41, 0.44, 0.42, 0.52, 0.83, 0.74, 0.85, 0.23, 0.19, 0.09, 0.1, 0.16, 0.33]
15:26:04 pos=(0.58,-9.96) h=176 f=0.45 s=0.18 side=left lidar=[0.72, 0.84, 1.23, 0.4, 0.45, 0.39, 0.51, 0.82, 0.77, 0.84, 0.23, 0.17, 0.1, 0.09, 0.18, 0.33]
15:26:06 pos=(0.58,-10.57) h=177 f=0.45 s=0.16 side=left lidar=[0.72, 0.83, 1.24, 0.4, 0.45, 0.41, 0.52, 0.83, 0.76, 0.85, 0.22, 0.19, 0.1, 0.08, 0.16, 0.32]
15:26:08 pos=(0.58,-11.16) h=176 f=0.44 s=0.16 side=left lidar=[0.73, 0.83, 1.23, 0.41, 0.44, 0.42, 0.5, 0.82, 0.77, 0.83, 0.23, 0.18, 0.11, 0.09, 0.16, 0.33]
15:26:09 pos=(0.59,-11.77) h=182 f=0.44 s=0.15 side=left lidar=[0.73, 0.83, 1.23, 0.41, 0.44, 0.41, 0.54, 0.81, 0.75, 0.83, 0.21, 0.19, 0.1, 0.08, 0.15, 0.33]
15:26:11 pos=(0.59,-12.40) h=179 f=0.45 s=0.17 side=left lidar=[0.74, 0.84, 1.24, 0.42, 0.45, 0.39, 0.52, 0.82, 0.77, 0.82, 0.23, 0.18, 0.09, 0.1, 0.17, 0.36]
15:26:13 pos=(0.60,-13.01) h=183 f=0.47 s=0.16 side=left lidar=[0.74, 0.84, 1.26, 0.41, 0.47, 0.41, 0.51, 0.83, 0.76, 0.85, 0.21, 0.19, 0.1, 0.09, 0.16, 0.33]
15:26:15 pos=(0.60,-13.60) h=177 f=0.45 s=0.17 side=left lidar=[0.73, 0.86, 1.25, 0.42, 0.45, 0.4, 0.51, 0.82, 0.75, 0.85, 0.22, 0.2, 0.12, 0.1, 0.17, 0.32]
15:26:16 pos=(0.60,-14.19) h=180 f=0.44 s=0.17 side=left lidar=[0.74, 0.84, 1.24, 0.42, 0.44, 0.39, 0.5, 0.83, 0.76, 0.85, 0.23, 0.18, 0.11, 0.09, 0.17, 0.32]
15:26:18 pos=(0.60,-14.84) h=181 f=0.45 s=0.17 side=left lidar=[0.75, 0.85, 1.24, 0.42, 0.45, 0.41, 0.51, 0.83, 0.75, 0.84, 0.23, 0.18, 0.1, 0.11, 0.17, 0.32]
15:26:20 pos=(0.61,-15.45) h=182 f=0.45 s=0.17 side=left lidar=[0.74, 0.83, 1.23, 0.42, 0.45, 0.42, 0.51, 0.82, 0.76, 0.83, 0.23, 0.19, 0.1, 0.1, 0.17, 0.33]
15:26:22 pos=(0.62,-16.05) h=178 f=0.47 s=0.16 side=left lidar=[0.73, 0.83, 1.23, 0.42, 0.47, 0.41, 0.53, 0.82, 0.75, 0.86, 0.22, 0.2, 0.11, 0.08, 0.16, 0.32]
15:26:24 pos=(0.61,-16.67) h=178 f=0.44 s=0.16 side=left lidar=[0.75, 0.84, 1.23, 0.43, 0.44, 0.4, 0.53, 0.84, 0.74, 0.83, 0.22, 0.18, 0.12, 0.09, 0.16, 0.31]
15:26:26 pos=(0.63,-17.29) h=179 f=0.47 s=0.18 side=left lidar=[0.75, 0.84, 1.24, 0.42, 0.47, 0.4, 0.52, 0.82, 0.75, 0.85, 0.23, 0.2, 0.12, 0.1, 0.18, 0.31]
15:26:27 pos=(0.64,-17.89) h=179 f=0.46 s=0.17 side=left lidar=[0.73, 0.85, 1.23, 0.41, 0.46, 0.4, 0.52, 0.81, 0.77, 0.84, 0.22, 0.17, 0.1, 0.11, 0.17, 0.32]
15:26:29 pos=(0.65,-18.49) h=177 f=0.45 s=0.19 side=left lidar=[0.74, 0.84, 1.22, 0.42, 0.45, 0.39, 0.52, 0.82, 0.75, 0.85, 0.2, 0.18, 0.11, 0.11, 0.19, 0.34]
15:26:31 pos=(0.66,-19.10) h=177 f=0.45 s=0.19 side=left lidar=[0.74, 0.86, 1.24, 0.41, 0.45, 0.39, 0.52, 0.83, 0.77, 0.86, 0.24, 0.19, 0.12, 0.11, 0.19, 0.32]
15:26:33 pos=(0.66,-19.71) h=179 f=0.44 s=0.17 side=left lidar=[0.74, 0.83, 1.22, 0.42, 0.44, 0.4, 0.53, 0.83, 0.76, 0.84, 0.21, 0.18, 0.1, 0.1, 0.17, 0.32]
15:26:34 pos=(0.67,-20.32) h=180 f=0.45 s=0.17 side=left lidar=[0.75, 0.85, 1.24, 0.41, 0.45, 0.4, 0.51, 0.84, 0.77, 0.86, 0.22, 0.2, 0.12, 0.1, 0.17, 0.32]
15:26:36 pos=(0.67,-20.93) h=176 f=0.44 s=0.16 side=left lidar=[0.76, 0.84, 1.24, 0.43, 0.44, 0.39, 0.54, 0.83, 0.74, 0.84, 0.22, 0.19, 0.11, 0.1, 0.16, 0.32]
15:26:38 pos=(0.68,-21.55) h=180 f=0.46 s=0.17 side=left lidar=[0.74, 0.83, 1.22, 0.43, 0.46, 0.4, 0.52, 0.81, 0.76, 0.86, 0.23, 0.18, 0.1, 0.08, 0.17, 0.35]
15:26:40 pos=(0.70,-22.16) h=177 f=0.45 s=0.19 side=left lidar=[0.74, 0.85, 1.22, 0.42, 0.45, 0.4, 0.51, 0.84, 0.78, 0.85, 0.2, 0.19, 0.11, 0.09, 0.19, 0.33]
15:26:42 pos=(0.70,-22.78) h=180 f=0.44 s=0.17 side=left lidar=[0.73, 0.85, 1.24, 0.41, 0.44, 0.4, 0.53, 0.83, 0.76, 0.85, 0.21, 0.18, 0.11, 0.09, 0.17, 0.33]
15:26:44 pos=(0.71,-23.41) h=180 f=0.47 s=0.17 side=left lidar=[0.74, 0.83, 1.23, 0.41, 0.47, 0.41, 0.53, 0.82, 0.77, 0.84, 0.24, 0.17, 0.1, 0.08, 0.17, 0.31]
15:26:45 pos=(0.72,-23.99) h=182 f=0.47 s=0.18 side=left lidar=[0.75, 0.83, 1.24, 0.45, 0.47, 0.4, 0.51, 0.83, 0.76, 0.86, 0.24, 0.18, 0.12, 0.09, 0.18, 0.33]
15:26:47 pos=(0.72,-24.59) h=178 f=0.45 s=0.19 side=left lidar=[0.72, 0.85, 1.23, 0.42, 0.45, 0.41, 0.53, 0.83, 0.76, 0.85, 0.22, 0.18, 0.13, 0.09, 0.19, 0.32]
15:26:49 pos=(0.72,-25.21) h=182 f=0.45 s=0.18 side=left lidar=[0.74, 0.85, 1.24, 0.42, 0.45, 0.41, 0.51, 0.81, 0.76, 0.86, 0.22, 0.17, 0.11, 0.09, 0.18, 0.33]
15:26:51 pos=(0.72,-25.80) h=179 f=0.46 s=0.16 side=left lidar=[0.75, 0.83, 1.24, 0.43, 0.46, 0.4, 0.51, 0.82, 0.76, 0.85, 0.2, 0.2, 0.1, 0.1, 0.16, 0.34]
15:26:52 pos=(0.72,-26.42) h=179 f=0.45 s=0.18 side=left lidar=[0.74, 0.85, 1.24, 0.44, 0.45, 0.39, 0.51, 0.84, 0.77, 0.81, 0.22, 0.19, 0.11, 0.11, 0.18, 0.32]
15:26:54 pos=(0.72,-27.04) h=174 f=0.44 s=0.18 side=left lidar=[0.72, 0.84, 1.24, 0.44, 0.43, 0.4, 0.53, 0.83, 0.75, 0.87, 0.21, 0.19, 0.09, 0.1, 0.18, 0.33]
15:26:56 pos=(0.73,-27.62) h=182 f=0.44 s=0.17 side=left lidar=[0.72, 0.82, 1.24, 0.41, 0.44, 0.4, 0.51, 0.83, 0.76, 0.83, 0.22, 0.19, 0.1, 0.08, 0.17, 0.33]
15:26:58 pos=(0.75,-28.23) h=178 f=0.46 s=0.16 side=left lidar=[0.75, 0.84, 1.24, 0.41, 0.46, 0.4, 0.52, 0.82, 0.74, 0.84, 0.24, 0.19, 0.11, 0.08, 0.16, 0.31]
15:27:00 pos=(0.76,-28.84) h=180 f=0.44 s=0.16 side=left lidar=[0.73, 0.84, 1.23, 0.42, 0.44, 0.41, 0.52, 0.84, 0.76, 0.85, 0.22, 0.18, 0.11, 0.08, 0.16, 0.33]
15:27:01 pos=(0.76,-29.50) h=176 f=0.43 s=0.18 side=left lidar=[0.73, 0.84, 1.25, 0.4, 0.43, 0.4, 0.51, 0.85, 0.77, 0.83, 0.23, 0.19, 0.12, 0.1, 0.18, 0.33]
15:27:03 pos=(0.76,-30.12) h=182 f=0.43 s=0.17 side=left lidar=[0.73, 0.85, 1.22, 0.42, 0.43, 0.43, 0.53, 0.83, 0.75, 0.84, 0.21, 0.21, 0.12, 0.1, 0.17, 0.32]
15:27:05 pos=(0.77,-30.74) h=179 f=0.44 s=0.18 side=left lidar=[0.74, -1.0, 1.24, 0.42, 0.44, 0.4, 0.52, 0.84, 0.75, 0.85, 0.21, 0.2, 0.12, 0.09, 0.18, 0.31]
15:27:07 pos=(0.78,-31.36) h=177 f=0.45 s=0.16 side=left lidar=[-1.0, 0.84, 1.24, 0.41, 0.45, 0.38, 0.5, 0.84, 0.78, 0.85, 0.21, 0.19, 0.12, 0.1, 0.16, 0.34]
15:27:09 pos=(0.78,-31.96) h=179 f=0.44 s=0.30 side=left lidar=[0.75, 0.83, 1.25, 0.43, 0.44, 0.4, 0.5, 0.84, 0.76, 0.84, 0.21, 0.18, 0.13, 0.08, -1.0, 0.3]
15:27:11 pos=(0.80,-32.58) h=178 f=0.44 s=0.17 side=left lidar=[0.74, 0.86, -1.0, 0.42, 0.44, 0.42, 0.51, 0.81, 0.77, -1.0, 0.23, 0.17, 0.1, 0.09, 0.17, 0.33]
15:27:12 pos=(0.80,-33.21) h=182 f=0.46 s=0.18 side=left lidar=[0.73, 0.83, 1.21, 0.42, 0.46, 0.42, 0.53, 0.82, 0.77, 0.85, 0.23, 0.2, 0.12, 0.08, 0.18, 0.35]
15:27:13 ESCAPE (stuck=False) at (0.80,-33.27)
15:27:14 escape done at (0.82,-33.29), now side=right
15:27:18 pos=(0.83,-33.37) h=122 f=0.85 s=0.43 side=right lidar=[0.09, 0.25, 0.81, 0.85, 1.53, 1.01, 0.43, 0.39, 0.51, 0.73, 0.71, 0.75, 0.21, 0.2, 0.13, 0.1]
15:27:23 pos=(0.91,-33.51) h=121 f=0.80 s=0.43 side=right lidar=[0.1, 0.1, 0.38, 0.8, 1.84, 1.12, 0.43, 0.42, 0.49, 0.67, 0.71, 0.72, 0.21, 0.18, 0.16, 0.11]
15:27:29 pos=(0.81,-33.62) h=90 f=0.32 s=0.42 side=right lidar=[0.17, 0.13, 0.13, 0.32, 0.8, 0.91, 1.25, 0.42, 0.4, 0.43, 0.5, 0.77, 0.7, 0.77, 0.2, 0.16]
15:27:32 pos=(0.88,-33.67) h=56 f=0.11 s=0.92 side=right lidar=[0.16, 0.17, 0.12, 0.11, 0.11, 0.65, 0.92, 1.6, 0.51, 0.48, 0.4, 0.47, 0.71, 0.64, 0.68, 0.21]
15:27:34 pos=(0.89,-33.66) h=346 f=0.17 s=0.12 side=right lidar=[0.67, 0.69, 0.71, 0.17, 0.15, 0.15, 0.11, 0.12, 0.38, 0.85, 1.88, 1.12, 0.47, 0.39, 0.49, 0.63]
15:27:36 pos=(0.60,-33.34) h=315 f=0.67 s=0.19 side=right lidar=[0.42, 0.7, 0.61, 0.67, 0.83, 0.18, 0.19, 0.2, 0.19, 0.38, 0.87, 1.01, 1.19, 0.45, 0.34, 0.4]
15:27:38 pos=(0.24,-32.87) h=334 f=0.67 s=0.28 side=right lidar=[0.6, 0.51, 0.58, 0.67, 0.78, 0.22, 0.28, 0.28, 0.56, 0.96, 2.02, 0.42, 0.31, 0.29, 0.31, 0.36]
15:27:40 pos=(0.30,-32.29) h=37 f=0.30 s=1.10 side=right lidar=[0.55, 0.79, 0.71, 0.23, 0.3, 0.36, 1.1, 1.11, 0.5, 0.36, 0.34, 0.29, 0.32, 0.51, 0.41, 0.46]
15:27:42 pos=(0.81,-32.07) h=99 f=0.35 s=0.42 side=right lidar=[0.56, 1.45, 0.21, 0.35, 1.08, 2.1, 0.57, 0.42, 0.35, 0.42, 0.52, 0.38, 0.42, 0.43, 0.54, 0.66]
15:27:45 pos=(1.13,-32.26) h=125 f=1.18 s=0.47 side=right lidar=[1.04, 0.12, 0.33, 1.18, 1.77, 0.62, 0.47, 0.39, 0.52, 0.5, 0.4, 0.43, 0.52, 0.62, 0.57, 2.03]
15:27:49 pos=(1.19,-32.40) h=122 f=1.09 s=0.49 side=right lidar=[1.36, 0.77, 0.29, 1.09, 2.07, 0.64, 0.49, 0.42, 0.54, 0.51, 0.4, 0.42, 0.49, 0.59, 0.57, 0.51]
15:27:54 pos=(1.30,-32.55) h=117 f=1.13 s=0.53 side=right lidar=[1.36, 0.77, 0.63, 1.13, 2.17, 0.65, 0.53, 0.46, 0.56, 0.51, 0.42, 0.4, 0.48, 0.58, 0.57, 0.46]
15:27:59 pos=(1.35,-32.68) h=111 f=0.59 s=0.56 side=right lidar=[1.71, 0.84, 0.59, 0.13, 1.24, 0.7, 0.56, 0.51, 0.57, 0.55, 0.4, 0.38, 0.45, 0.51, 0.53, 0.44]
15:28:02 pos=(1.61,-32.95) h=147 f=0.19 s=0.54 side=right lidar=[0.71, 0.55, 0.19, 0.11, 0.73, 0.61, 0.54, 0.66, 0.46, 0.44, 0.41, 0.42, 0.51, 0.47, 0.4, 1.27]
15:28:04 pos=(1.76,-33.15) h=125 f=0.17 s=0.59 side=right lidar=[0.95, 0.66, 0.53, 0.17, 0.13, 0.72, 0.59, 0.56, 0.7, 0.48, 0.45, 0.48, 0.53, 0.49, 0.37, 1.95]
15:28:06 pos=(2.12,-33.48) h=144 f=0.18 s=0.65 side=right lidar=[0.59, 0.41, 0.52, 0.18, 0.14, 0.17, 0.65, 0.74, 0.58, 0.53, 0.52, 0.55, 0.46, 0.31, 1.77, 1.12]
15:28:08 pos=(2.31,-33.81) h=152 f=0.33 s=0.62 side=right lidar=[0.48, 0.4, 0.48, 0.33, 0.16, 0.17, 0.18, 0.84, 0.62, 0.57, 0.56, 0.48, 0.29, 0.68, 1.46, 0.74]
15:28:10 pos=(2.40,-34.22) h=175 f=0.23 s=0.73 side=right lidar=[0.3, 0.4, 0.31, 0.23, 0.16, 0.19, 0.87, 0.73, 0.63, 0.6, 0.52, 0.29, 0.71, 1.51, 0.69, 0.43]
15:28:12 pos=(2.37,-34.63) h=193 f=0.17 s=0.69 side=right lidar=[0.31, 0.36, 0.27, 0.17, 0.14, 0.21, 0.78, 0.69, 0.64, 0.57, 0.37, 0.89, 1.69, 0.65, 0.41, 0.23]
15:28:14 pos=(2.26,-35.00) h=203 f=0.21 s=0.78 side=right lidar=[0.26, 0.24, 0.22, 0.21, 0.14, 0.18, 0.82, 0.78, 0.77, 0.39, 0.67, 1.81, 0.66, 0.38, 0.19, 0.2]
15:28:16 pos=(2.19,-35.24) h=185 f=0.21 s=0.80 side=right lidar=[0.2, 0.23, 0.18, 0.21, 0.22, 0.17, 0.16, 0.83, 0.8, 0.72, 0.46, 0.79, 1.83, 0.43, 0.24, 0.13]
15:28:18 pos=(2.21,-35.49) h=158 f=0.20 s=0.20 side=right lidar=[0.1, 0.15, 0.2, 0.22, 0.19, 0.2, 0.18, 0.2, 0.89, 0.83, 0.73, 0.55, 1.1, 1.79, 0.34, 0.13]
15:28:20 pos=(2.25,-35.53) h=92 f=0.12 s=0.20 side=right lidar=[1.79, 0.33, 0.12, 0.1, 0.15, 0.19, 0.2, 0.18, 0.22, 0.21, 0.19, 0.9, 0.83, 0.74, 0.6, 1.12]
15:28:22 pos=(2.51,-35.33) h=47 f=0.38 s=0.22 side=right lidar=[0.52, 0.9, 1.76, 0.38, 0.29, 0.11, 0.12, 0.22, 0.26, 0.21, 0.24, 0.22, 0.28, 0.89, 0.79, 0.67]
15:28:24 pos=(2.99,-34.95) h=69 f=0.31 s=0.34 side=right lidar=[0.63, 1.59, 0.56, 0.31, 0.28, 0.2, 0.2, 0.36, 0.34, 0.3, 0.27, 1.05, 0.82, 0.69, 0.34, 0.4]
15:28:26 pos=(3.55,-35.05) h=128 f=0.20 s=0.43 side=right lidar=[0.46, 0.25, 0.25, 0.2, 0.19, 0.44, 0.43, 0.35, 1.11, 0.88, 0.72, 0.28, 0.41, 0.51, 1.58, 0.83]
15:28:27 pos=(3.75,-35.39) h=144 f=0.20 s=0.50 side=right lidar=[0.17, 0.18, 0.2, 0.19, 0.21, 0.43, 0.43, 0.5, 1.01, 0.81, 0.33, 0.46, 0.52, 1.58, 1.19, 0.39]
15:28:30 pos=(3.78,-35.41) h=78 f=0.17 s=0.20 side=right lidar=[1.56, 1.05, 0.37, 0.17, 0.15, 0.2, 0.18, 0.2, 0.42, 0.45, 0.52, 1.01, 0.8, 0.34, 0.46, 0.55]
15:28:32 pos=(4.22,-35.23) h=73 f=0.31 s=0.24 side=right lidar=[1.51, 1.49, 0.54, 0.31, 0.18, 0.2, 0.24, 0.24, 0.51, 0.53, 0.57, 1.02, 0.77, 0.31, 0.4, 0.44]
15:28:33 pos=(4.71,-35.22) h=97 f=0.21 s=0.55 side=right lidar=[1.39, 0.51, 0.29, 0.21, 0.18, 0.25, 0.32, 0.59, 0.55, 1.3, 1.0, 0.3, 0.36, 0.39, 0.45, 1.4]
15:28:35 pos=(5.08,-35.33) h=111 f=0.21 s=0.68 side=right lidar=[0.58, 0.26, 0.24, 0.21, 0.17, 0.23, 0.37, 0.69, 0.68, 1.14, 0.35, 0.36, 0.38, 0.37, 0.68, 1.25]
15:28:37 pos=(5.40,-35.49) h=120 f=0.21 s=0.72 side=right lidar=[0.48, 0.18, -1.0, 0.21, 0.17, 0.23, 0.42, 0.72, 1.41, 1.03, 0.39, 0.37, 0.38, 0.6, 1.3, 1.25]
15:28:39 pos=(5.61,-35.53) h=100 f=0.16 s=0.44 side=right lidar=[1.23, 0.43, 0.16, 0.16, 0.21, 0.2, 0.2, 0.44, 0.74, 1.42, 0.45, 0.41, 0.37, 0.34, 0.62, 1.25]
15:28:41 pos=(5.99,-35.46) h=88 f=0.25 s=0.31 side=right lidar=[1.14, 0.67, 0.37, 0.25, 0.15, 0.21, 0.24, 0.31, 0.8, 0.84, 1.28, 0.4, 0.36, 0.31, 0.43, 0.76]
15:28:43 pos=(6.41,-35.52) h=109 f=0.22 s=0.86 side=right lidar=[0.76, 0.35, 0.24, 0.22, 0.16, 0.27, 0.3, 0.87, 0.86, 1.34, 0.45, 0.34, 0.31, 0.47, 0.71, 1.12]
15:28:45 pos=(6.77,-35.66) h=121 f=0.18 s=0.93 side=right lidar=[0.31, 0.25, 0.2, 0.18, 0.17, 0.3, 0.59, 0.93, 1.64, 0.51, 0.36, 0.34, 0.48, 0.64, 1.08, 1.05]
15:28:47 pos=(6.97,-35.70) h=92 f=0.21 s=0.36 side=right lidar=[1.02, 0.45, 0.26, 0.21, 0.2, 0.18, 0.15, 0.36, 1.01, 1.64, 0.53, 0.38, 0.36, 0.45, 0.47, 1.04]
15:28:49 pos=(7.31,-35.72) h=92 f=0.19 s=0.41 side=right lidar=[0.96, 0.43, 0.22, 0.19, 0.16, 0.19, 0.2, 0.41, 1.07, 1.69, 0.57, 0.36, 0.37, 0.45, 0.59, 0.97]
15:28:51 pos=(7.60,-35.72) h=79 f=0.22 s=0.23 side=right lidar=[0.91, 0.76, 0.38, 0.18, 0.22, 0.18, 0.23, 0.22, 0.51, 1.04, 0.67, 0.44, 0.37, 0.41, 0.38, 1.13]
15:28:53 pos=(8.10,-35.72) h=100 f=0.17 s=0.55 side=right lidar=[0.81, 0.32, 0.17, 0.15, 0.22, 0.22, 0.31, 0.55, 1.13, 0.72, 0.41, 0.38, -1.0, 0.42, 1.06, 0.86]
15:28:54 ESCAPE (stuck=False) at (8.19,-35.74)
15:28:58 escape done at (7.76,-36.48), now side=left
15:29:03 pos=(7.81,-36.57) h=284 f=0.50 s=0.17 side=left lidar=[1.12, 1.62, 0.55, 0.47, 0.5, 0.58, 0.99, 0.84, 0.34, 0.1, 0.1, 0.12, 0.11, 0.12, 0.17, 0.24]
15:29:04 pos=(7.22,-36.43) h=284 f=0.48 s=0.15 side=left lidar=[0.99, 1.52, 0.58, 0.41, 0.48, 0.49, 1.08, 0.92, 0.43, 0.2, 0.16, 0.11, 0.12, 0.15, 0.15, 0.38]
15:29:06 pos=(6.62,-36.26) h=277 f=0.43 s=0.27 side=left lidar=[0.92, 1.63, 0.54, 0.43, 0.39, 0.52, -1.0, 1.12, 0.72, 0.3, 0.19, 0.14, 0.11, 0.1, 0.27, 0.29]
15:29:08 pos=(6.01,-36.23) h=271 f=0.50 s=0.17 side=left lidar=[0.89, 0.95, 0.57, 0.5, 0.37, 0.41, 0.53, 1.15, 1.1, 0.31, 0.21, 0.16, 0.14, 0.08, 0.17, 0.27]
15:29:11 pos=(5.63,-36.23) h=275 f=0.47 s=0.22 side=left lidar=[0.91, 1.55, 0.52, 0.47, 0.37, 0.42, 0.56, 1.14, 1.11, 0.34, 0.23, 0.16, 0.11, 0.13, 0.22, 0.28]
15:29:13 pos=(5.03,-36.27) h=260 f=0.48 s=0.18 side=left lidar=[0.52, 0.83, 1.59, 0.48, 0.44, 0.35, 0.46, 0.61, 1.21, 0.76, 0.35, 0.2, 0.09, 0.09, 0.18, 0.22]
15:29:15 pos=(4.44,-36.41) h=258 f=0.48 s=0.17 side=left lidar=[0.49, 0.86, 1.56, 0.48, 0.43, 0.35, 0.46, 0.58, 1.19, 0.8, 0.35, 0.22, 0.11, 0.12, 0.17, 0.24]
15:29:17 pos=(3.85,-36.55) h=257 f=0.50 s=0.17 side=left lidar=[0.49, 0.85, 1.57, 0.5, 0.46, 0.37, 0.43, 0.58, 1.18, 0.81, 0.36, 0.21, 0.12, 0.08, 0.17, 0.23]
15:29:18 pos=(3.27,-36.70) h=257 f=0.49 s=0.16 side=left lidar=[0.48, 0.85, 1.56, 0.49, 0.44, 0.35, 0.44, 0.57, 1.19, 0.82, 0.33, 0.21, 0.12, 0.08, 0.16, 0.23]
15:29:20 pos=(2.68,-36.84) h=256 f=0.50 s=0.17 side=left lidar=[0.5, 0.84, 1.56, 0.5, 0.47, 0.36, 0.44, 0.57, 1.17, 0.81, 0.34, 0.23, 0.1, 0.07, 0.17, 0.21]
15:29:22 pos=(2.07,-36.98) h=256 f=0.49 s=0.17 side=left lidar=[-1.0, 0.86, 1.55, 0.49, 0.45, 0.34, 0.44, 0.57, 1.17, 0.8, 0.36, 0.23, 0.12, 0.09, 0.17, 0.23]
15:29:24 pos=(1.45,-37.12) h=255 f=0.49 s=0.18 side=left lidar=[0.51, 0.85, 1.56, 0.49, 0.44, 0.36, 0.45, 0.6, 1.19, 0.8, 0.34, 0.22, 0.13, 0.1, 0.18, 0.23]
15:29:26 pos=(0.85,-37.27) h=253 f=0.47 s=0.18 side=left lidar=[0.5, 0.85, 1.56, 0.47, 0.45, 0.36, 0.47, 0.58, 1.19, 0.78, 0.37, 0.22, 0.11, 0.08, 0.18, 0.22]
15:29:27 pos=(0.27,-37.40) h=258 f=0.49 s=0.17 side=left lidar=[0.49, 0.84, 1.58, 0.49, 0.45, 0.34, 0.46, 0.57, 1.16, 0.78, 0.35, 0.23, 0.11, 0.09, 0.17, 0.23]
15:29:29 pos=(-0.35,-37.56) h=260 f=0.48 s=0.16 side=left lidar=[0.49, 0.85, 1.55, 0.48, 0.46, 0.36, 0.45, 0.58, 1.18, 0.95, 0.36, 0.21, 0.12, 0.09, 0.16, 0.21]
15:29:31 pos=(-0.96,-37.70) h=257 f=0.49 s=0.18 side=left lidar=[0.5, 0.85, 1.53, 0.49, 0.45, 0.34, 0.43, 0.56, 1.16, 0.82, 0.37, 0.21, 0.1, 0.08, 0.18, 0.23]
15:29:33 pos=(-1.55,-37.84) h=255 f=0.51 s=0.16 side=left lidar=[0.5, 0.85, 1.54, 0.51, 0.45, 0.36, 0.43, 0.58, 1.18, 0.81, 0.34, 0.22, 0.12, 0.09, 0.16, 0.24]
15:29:35 pos=(-2.17,-38.00) h=249 f=0.49 s=0.17 side=left lidar=[0.49, 0.87, 1.57, 0.49, 0.45, 0.34, 0.43, 0.57, 1.18, 0.98, 0.34, 0.24, 0.12, 0.08, 0.17, 0.23]
15:29:37 pos=(-2.76,-38.14) h=254 f=0.49 s=0.17 side=left lidar=[0.49, 0.85, 1.55, 0.49, 0.45, 0.37, 0.45, 0.58, 1.18, 0.78, 0.36, 0.22, 0.11, 0.07, 0.17, 0.23]
15:29:38 pos=(-3.36,-38.29) h=258 f=0.49 s=0.16 side=left lidar=[0.48, 0.87, 1.55, 0.49, 0.47, 0.35, 0.43, 0.56, 1.17, 0.81, 0.35, 0.24, 0.12, 0.09, 0.16, 0.23]
15:29:40 pos=(-3.98,-38.44) h=255 f=0.49 s=0.16 side=left lidar=[0.5, 0.85, 1.55, 0.49, 0.45, 0.36, 0.43, 0.58, 1.19, 0.79, 0.35, 0.21, 0.12, 0.1, 0.16, 0.22]
15:29:42 pos=(-4.58,-38.58) h=254 f=0.51 s=0.18 side=left lidar=[0.51, 0.87, 1.57, 0.51, 0.45, 0.37, 0.45, 0.59, 1.19, 0.8, 0.34, 0.22, 0.12, 0.1, 0.18, 0.21]
15:29:44 pos=(-5.19,-38.72) h=260 f=0.48 s=0.21 side=left lidar=[0.49, 0.85, 1.56, 0.48, 0.46, 0.36, 0.43, 0.58, 1.17, 0.83, 0.34, 0.22, 0.11, 0.08, -1.0, 0.21]
15:29:46 pos=(-5.78,-38.87) h=256 f=0.51 s=0.17 side=left lidar=[0.49, 0.86, 1.56, 0.51, 0.44, 0.35, 0.45, 0.58, 1.15, 0.96, 0.37, 0.22, 0.13, 0.1, 0.17, 0.23]
15:29:48 pos=(-6.38,-39.01) h=256 f=0.47 s=0.16 side=left lidar=[0.5, 0.87, 1.55, 0.47, 0.45, 0.37, 0.44, 0.56, 1.18, 0.81, 0.35, 0.22, 0.12, 0.1, 0.16, 0.22]
15:29:49 pos=(-6.99,-39.16) h=257 f=0.51 s=0.17 side=left lidar=[0.5, 0.85, 1.56, 0.51, 0.46, 0.34, 0.43, 0.57, 1.16, 0.82, 0.36, 0.21, 0.12, 0.1, 0.17, 0.24]
15:29:51 pos=(-7.59,-39.29) h=260 f=0.48 s=0.18 side=left lidar=[0.52, 0.86, 1.56, 0.48, 0.43, 0.36, 0.45, 0.59, 1.19, 0.79, 0.34, 0.22, 0.13, 0.09, 0.18, 0.23]
15:29:53 pos=(-8.18,-39.43) h=260 f=0.48 s=0.17 side=left lidar=[0.49, 0.88, 1.56, 0.48, 0.46, 0.37, 0.43, 0.59, 1.18, 0.81, 0.35, 0.22, 0.11, 0.09, 0.17, 0.24]
15:29:55 pos=(-8.76,-39.57) h=256 f=0.50 s=0.17 side=left lidar=[0.49, 0.83, 1.56, 0.5, 0.45, 0.36, 0.45, -1.0, 1.16, 0.8, 0.32, 0.22, 0.11, 0.09, 0.17, 0.23]
15:29:57 pos=(-9.37,-39.71) h=258 f=0.48 s=0.14 side=left lidar=[0.5, 0.87, 1.55, 0.48, 0.45, 0.35, 0.44, 0.56, 1.2, 0.78, 0.34, 0.2, 0.09, 0.08, 0.14, 0.21]
15:29:58 pos=(-9.97,-39.85) h=254 f=0.49 s=0.17 side=left lidar=[0.52, 0.85, 1.55, 0.49, 0.43, 0.36, 0.42, 0.58, 1.19, 0.81, 0.35, 0.23, 0.11, 0.1, 0.17, 0.23]
15:30:00 pos=(-10.61,-40.00) h=256 f=0.49 s=0.17 side=left lidar=[0.49, 0.85, 1.55, 0.49, 0.44, 0.37, 0.43, 0.57, 1.16, 0.8, 0.35, 0.22, 0.1, 0.1, 0.17, 0.22]
15:30:02 pos=(-11.22,-40.15) h=258 f=0.50 s=0.17 side=left lidar=[0.5, 0.86, 1.55, 0.5, 0.46, 0.37, 0.44, 0.57, 1.15, 0.82, 0.36, 0.22, 0.12, 0.1, 0.17, 0.25]
15:30:04 pos=(-11.84,-40.30) h=254 f=0.49 s=0.15 side=left lidar=[0.48, 0.87, 1.57, 0.49, 0.45, 0.35, 0.44, 0.58, 1.17, 0.82, 0.34, 0.23, 0.12, 0.08, 0.15, 0.22]
15:30:06 pos=(-12.41,-40.43) h=252 f=0.49 s=0.18 side=left lidar=[0.48, 0.86, 1.54, 0.49, 0.44, 0.37, 0.44, 0.58, 1.16, 0.97, 0.37, 0.22, 0.12, 0.09, 0.18, 0.23]
15:30:08 pos=(-13.00,-40.58) h=257 f=0.48 s=0.15 side=left lidar=[0.48, 0.85, 1.56, 0.48, 0.44, 0.37, 0.43, 0.57, 1.2, 0.81, 0.34, 0.21, 0.11, 0.08, 0.15, 0.21]
15:30:09 pos=(-13.62,-40.73) h=255 f=0.49 s=0.16 side=left lidar=[0.49, 0.86, 1.58, 0.49, 0.44, 0.35, 0.45, 0.58, 1.19, 0.8, 0.34, 0.2, 0.11, 0.1, 0.16, 0.22]
15:30:11 pos=(-14.21,-40.87) h=255 f=0.50 s=0.17 side=left lidar=[0.49, 0.86, 1.57, 0.5, 0.45, 0.36, 0.43, 0.57, 1.17, 0.97, 0.36, 0.21, 0.11, 0.1, 0.17, 0.21]
15:30:13 pos=(-14.80,-41.01) h=256 f=0.48 s=0.18 side=left lidar=[0.51, 0.85, 1.55, 0.48, 0.46, 0.34, -1.0, 0.6, 1.18, 0.79, 0.36, 0.21, 0.1, 0.08, 0.18, 0.23]
15:30:15 pos=(-15.38,-41.15) h=257 f=0.50 s=0.19 side=left lidar=[0.5, 0.86, 1.55, 0.5, 0.45, 0.35, 0.44, 0.58, 1.18, 0.81, 0.34, 0.23, 0.12, 0.1, 0.19, 0.24]
15:30:16 pos=(-15.96,-41.28) h=257 f=0.49 s=0.17 side=left lidar=[0.49, 0.85, 1.57, 0.49, 0.46, 0.36, 0.47, 0.58, 1.19, 0.79, 0.36, 0.21, 0.12, 0.1, 0.17, 0.22]
15:30:18 pos=(-16.56,-41.43) h=256 f=0.50 s=0.18 side=left lidar=[0.5, 0.84, 1.57, 0.5, 0.43, 0.37, 0.46, 0.57, 1.18, 0.79, 0.36, 0.22, 0.11, 0.08, 0.18, 0.23]
15:30:20 pos=(-17.15,-41.57) h=257 f=0.48 s=0.17 side=left lidar=[0.52, 0.86, 1.56, 0.48, 0.45, 0.36, 0.46, 0.58, 1.18, 0.8, 0.35, 0.22, 0.11, 0.11, 0.17, 0.23]
15:30:22 pos=(-17.75,-41.71) h=255 f=0.47 s=0.15 side=left lidar=[0.49, 0.84, 1.56, 0.47, 0.45, 0.35, 0.45, 0.58, 1.19, 0.78, 0.34, 0.2, 0.13, 0.1, 0.15, 0.22]
15:30:24 pos=(-18.33,-41.84) h=256 f=0.50 s=0.15 side=left lidar=[0.5, 0.85, 1.56, 0.5, 0.43, 0.37, 0.45, 0.58, 1.18, 0.79, 0.35, 0.22, 0.1, 0.09, 0.15, 0.22]
15:30:25 pos=(-18.92,-41.97) h=257 f=0.49 s=0.18 side=left lidar=[0.48, 0.88, 1.54, 0.49, 0.44, 0.36, 0.45, 0.57, 1.17, 0.83, 0.34, 0.2, 0.13, 0.09, 0.18, 0.22]
15:30:27 pos=(-19.53,-42.11) h=256 f=0.49 s=0.17 side=left lidar=[0.5, 0.85, 1.56, 0.49, 0.46, 0.34, -1.0, 0.57, 1.19, 0.81, 0.35, 0.21, 0.09, 0.09, 0.17, 0.22]
15:30:29 pos=(-20.11,-42.24) h=255 f=0.49 s=0.15 side=left lidar=[0.51, 0.84, 1.57, 0.49, 0.43, 0.37, 0.45, 0.58, 1.18, 0.79, 0.34, 0.21, 0.1, 0.11, 0.15, 0.22]
15:30:31 pos=(-20.69,-42.38) h=256 f=0.49 s=0.17 side=left lidar=[0.49, 0.85, 1.55, 0.49, 0.46, 0.36, 0.44, 0.56, 1.16, 0.81, 0.34, 0.22, 0.11, 0.09, 0.17, 0.24]
15:30:33 pos=(-21.31,-42.53) h=254 f=0.48 s=0.20 side=left lidar=[0.5, 0.86, 1.54, 0.48, 0.43, -1.0, 0.45, 0.58, 1.18, 0.81, 0.34, 0.22, 0.11, 0.08, 0.2, 0.21]
15:30:34 pos=(-21.91,-42.66) h=256 f=0.49 s=0.18 side=left lidar=[0.5, 0.88, 1.57, 0.49, 0.45, 0.36, 0.45, 0.58, 1.17, 0.81, 0.35, 0.21, 0.12, 0.08, 0.18, 0.23]
15:30:36 pos=(-22.49,-42.80) h=255 f=0.50 s=0.17 side=left lidar=[0.48, 0.87, 1.57, 0.5, 0.47, 0.35, 0.43, 0.58, 1.18, 0.82, 0.35, 0.22, 0.12, 0.11, 0.17, 0.23]
15:30:38 pos=(-23.08,-42.95) h=254 f=0.51 s=0.19 side=left lidar=[0.49, 0.84, 1.58, 0.51, 0.46, 0.38, 0.45, 0.58, 1.19, 0.79, 0.34, 0.22, 0.12, 0.09, 0.19, 0.22]
15:30:39 ESCAPE (stuck=False) at (-23.26,-42.99)
15:30:39 escape done at (-23.28,-43.01), now side=right
15:30:43 pos=(-23.28,-42.90) h=208 f=0.91 s=0.44 side=right lidar=[0.12, 0.24, 0.34, 0.91, 1.59, 0.5, 0.44, 0.35, 0.46, 0.54, 1.14, 1.09, 0.34, 0.21, 0.17, 0.1]
15:30:48 pos=(-23.41,-42.99) h=205 f=0.89 s=0.44 side=right lidar=[0.09, 0.24, 0.27, 0.89, 1.51, 0.56, 0.47, 0.35, 0.44, 0.53, 1.12, 1.09, 0.32, 0.2, 0.17, 0.11]
15:30:52 pos=(-23.52,-43.07) h=200 f=0.64 s=0.42 side=right lidar=[0.1, 0.08, 0.26, 0.64, 0.92, 1.36, 0.52, 0.38, 0.42, 0.53, 1.14, 1.07, 0.3, 0.22, 0.15, 0.13]
15:30:57 pos=(-23.60,-43.17) h=194 f=0.37 s=0.44 side=right lidar=[0.11, 0.11, 0.11, 0.37, 0.91, 1.46, 0.53, 0.4, 0.44, 0.53, 1.3, 1.0, 0.3, 0.27, 0.14, 0.14]
15:31:02 pos=(-23.69,-43.07) h=140 f=0.13 s=0.97 side=right lidar=[0.21, 0.17, 0.15, 0.13, 0.13, 0.31, 0.97, 1.67, 0.57, 0.41, 0.37, 0.49, 0.64, 1.07, 1.03, 0.27]
15:31:04 pos=(-23.66,-43.08) h=71 f=0.22 s=0.14 side=right lidar=[1.04, 1.04, 0.27, 0.22, 0.17, 0.15, 0.14, 0.13, 0.32, 0.98, 1.62, 0.56, 0.44, 0.38, 0.49, 0.55]
15:31:04 ESCAPE (stuck=True) at (-23.58,-43.04)
15:31:08 escape done at (-23.77,-43.29), now side=left
15:31:13 pos=(-23.76,-43.37) h=282 f=0.43 s=0.28 side=left lidar=[0.92, 1.42, 0.52, 0.37, 0.43, 0.5, -1.0, 0.97, 0.5, 0.26, 0.17, 0.15, 0.13, 0.12, 0.28, 0.64]
15:31:16 pos=(-24.13,-43.35) h=288 f=0.39 s=0.27 side=left lidar=[0.88, 1.37, 0.53, 0.39, 0.38, 0.49, 1.31, 1.03, 0.55, 0.3, 0.2, 0.14, 0.11, 0.13, 0.27, 0.58]
15:31:18 pos=(-24.73,-43.32) h=265 f=0.45 s=0.17 side=left lidar=[0.76, 0.77, 1.29, 0.45, 0.41, 0.38, 0.53, 1.39, 1.12, 0.43, 0.27, 0.12, 0.12, 0.14, 0.17, 0.19]
15:31:20 pos=(-25.39,-43.35) h=272 f=0.47 s=0.12 side=left lidar=[0.69, 0.7, 1.22, 0.41, 0.47, 0.42, 0.56, 1.34, 1.31, 0.43, 0.15, 0.16, 0.15, 0.12, 0.11, 0.32]
15:31:21 pos=(-26.00,-43.29) h=276 f=0.41 s=0.20 side=left lidar=[0.62, 0.64, 1.14, 0.41, 0.41, 0.45, 0.59, 1.43, 1.37, 0.24, 0.22, 0.11, 0.1, 0.12, 0.2, 0.29]
15:31:23 pos=(-26.62,-43.29) h=268 f=0.94 s=0.18 side=left lidar=[0.49, 0.49, 1.29, 0.94, 0.39, 0.46, 0.52, 0.83, 1.42, 0.35, 0.13, 0.1, 0.1, 0.13, 0.18, 0.19]
15:31:25 pos=(-27.21,-43.28) h=276 f=0.93 s=0.11 side=left lidar=[0.43, 0.42, 1.11, 0.93, 0.75, 0.47, 0.6, 1.63, 1.27, 0.19, 0.12, 0.15, 0.16, 0.11, 0.11, 0.38]
15:31:27 pos=(-27.85,-43.15) h=278 f=0.89 s=0.26 side=left lidar=[0.36, 0.33, 1.01, 0.89, 0.83, 0.43, 0.63, 1.69, 0.92, 0.23, 0.19, 0.14, 0.09, 0.08, 0.26, 0.31]
15:31:30 pos=(-28.25,-43.15) h=274 f=0.85 s=0.29 side=left lidar=[0.35, 0.32, 1.08, 0.85, 0.83, 0.4, 0.59, 1.04, 1.51, 0.28, 0.2, 0.15, 0.11, 0.11, 0.29, 0.31]
15:31:32 pos=(-28.86,-43.19) h=264 f=0.88 s=0.16 side=left lidar=[0.29, 0.31, 0.32, 0.93, 0.88, 0.71, 0.46, 0.68, 1.74, 0.53, 0.23, 0.19, 0.11, 0.08, 0.16, 0.32]
15:31:34 pos=(-29.48,-43.27) h=265 f=0.88 s=0.19 side=left lidar=[0.3, 0.31, 0.31, 0.92, 0.88, 0.68, 0.46, 0.67, 1.73, 0.53, 0.23, 0.18, 0.09, 0.08, 0.19, 0.32]
15:31:36 pos=(-30.07,-43.33) h=260 f=0.85 s=0.18 side=left lidar=[0.3, 0.3, 0.27, 0.93, 0.85, 0.7, 0.47, 0.66, 1.72, 0.55, 0.24, 0.19, 0.13, 0.09, 0.18, 0.31]
15:31:37 pos=(-30.68,-43.39) h=264 f=0.86 s=0.18 side=left lidar=[0.29, 0.32, 0.28, 0.93, 0.86, 0.69, 0.47, 0.65, 1.74, 0.55, 0.24, 0.2, 0.11, 0.09, 0.18, 0.3]
15:31:39 pos=(-31.26,-43.45) h=263 f=0.87 s=0.17 side=left lidar=[0.3, 0.3, 0.31, 0.93, 0.87, 0.71, 0.47, 0.66, 1.74, 0.54, 0.24, 0.17, 0.13, 0.1, 0.17, 0.3]
15:31:41 pos=(-31.86,-43.52) h=262 f=0.87 s=0.17 side=left lidar=[0.3, 0.3, 0.31, 0.94, 0.87, 0.72, 0.46, 0.64, 1.73, 0.55, 0.24, 0.19, 0.1, 0.1, 0.17, 0.33]
15:31:43 pos=(-32.45,-43.58) h=265 f=0.87 s=0.17 side=left lidar=[0.3, 0.3, 0.29, 0.91, 0.87, 0.68, 0.47, 0.69, 1.71, 0.54, 0.21, 0.18, 0.1, 0.11, 0.17, 0.31]
15:31:44 pos=(-33.09,-43.65) h=262 f=0.90 s=0.15 side=left lidar=[0.31, 0.3, 0.29, 0.93, 0.9, 0.71, 0.46, 0.66, 1.73, 0.55, 0.24, 0.2, 0.11, 0.1, 0.15, 0.33]
15:31:46 pos=(-33.71,-43.72) h=263 f=0.86 s=0.16 side=left lidar=[0.29, 0.31, 0.29, 0.93, 0.86, 0.7, 0.46, 0.67, 1.74, 0.55, 0.24, 0.17, 0.1, 0.08, 0.16, 0.32]
15:31:48 pos=(-34.32,-43.78) h=269 f=0.87 s=0.18 side=left lidar=[0.28, 0.31, 0.3, 0.94, 0.87, 0.71, 0.47, 0.67, 1.74, 0.55, 0.24, 0.2, 0.11, 0.09, 0.18, 0.29]
15:31:50 pos=(-34.92,-43.85) h=262 f=0.88 s=0.20 side=left lidar=[0.31, 0.32, 0.29, 0.94, 0.88, 0.68, 0.48, 0.67, 1.74, 0.52, 0.23, 0.19, 0.11, 0.1, 0.2, 0.3]
15:31:52 pos=(-35.52,-43.91) h=266 f=0.87 s=0.11 side=left lidar=[0.28, 0.31, 0.3, 0.93, 0.87, 0.72, 0.44, 0.66, 1.69, 0.54, 0.24, 0.21, 0.11, 0.09, 0.11, 0.32]
15:31:53 pos=(-36.12,-43.97) h=268 f=0.86 s=0.18 side=left lidar=[0.3, 0.32, 0.31, 0.92, 0.86, 0.68, 0.46, 0.67, 1.71, 0.54, 0.23, 0.19, 0.12, 0.08, 0.18, 0.32]
15:31:55 pos=(-36.74,-44.03) h=266 f=0.86 s=0.19 side=left lidar=[-1.0, 0.3, 0.3, 0.93, 0.86, 0.7, 0.45, 0.66, 1.74, 0.54, 0.24, 0.2, 0.12, 0.09, 0.19, 0.31]
15:31:57 pos=(-37.34,-44.09) h=268 f=0.85 s=0.31 side=left lidar=[0.31, 0.3, 0.3, 0.93, 0.85, 0.69, 0.47, 0.68, 1.74, 0.53, 0.24, 0.18, 0.12, 0.08, -1.0, 0.31]
15:31:59 pos=(-37.93,-44.16) h=266 f=0.87 s=0.16 side=left lidar=[0.29, 0.31, 0.28, 0.94, 0.87, 0.69, 0.46, 0.66, 1.73, 0.52, 0.25, 0.19, 0.12, 0.1, 0.16, 0.32]
15:32:00 pos=(-38.52,-44.21) h=262 f=0.87 s=0.18 side=left lidar=[0.29, 0.31, 0.31, 0.93, 0.87, 0.7, 0.48, 0.67, 1.74, 0.56, -1.0, 0.19, 0.12, 0.08, 0.18, 0.29]
15:32:02 pos=(-39.11,-44.27) h=263 f=0.88 s=0.17 side=left lidar=[0.29, 0.31, 0.31, 0.94, 0.88, 0.66, 0.46, 0.66, 1.72, 0.53, 0.24, 0.19, 0.12, 0.1, 0.17, 0.31]
15:32:04 pos=(-39.75,-44.34) h=262 f=0.86 s=0.16 side=left lidar=[0.32, 0.3, 0.29, 0.93, 0.86, 0.7, 0.45, 0.66, 1.74, 0.55, 0.26, 0.17, 0.09, 0.1, 0.16, 0.32]
15:32:06 pos=(-40.35,-44.41) h=261 f=0.87 s=0.18 side=left lidar=[0.31, 0.31, 0.3, 0.94, 0.87, 0.69, 0.47, 0.66, 1.72, 0.54, 0.24, 0.19, 0.1, 0.09, 0.18, 0.33]
15:32:08 pos=(-40.95,-44.48) h=266 f=0.86 s=0.18 side=left lidar=[0.29, 0.32, 0.31, 0.92, 0.86, 0.7, 0.46, 0.69, 1.72, 0.55, 0.23, 0.18, 0.12, 0.09, 0.18, 0.31]
15:32:09 pos=(-41.55,-44.54) h=265 f=0.85 s=0.15 side=left lidar=[0.3, 0.31, 0.3, 0.94, 0.85, 0.71, 0.46, 0.67, 1.74, 0.53, 0.24, 0.2, 0.1, 0.08, 0.15, 0.32]
15:32:11 pos=(-42.19,-44.61) h=264 f=0.87 s=0.19 side=left lidar=[0.31, 0.3, 0.29, 0.94, 0.87, 0.71, 0.45, 0.66, 1.74, 0.54, 0.26, 0.19, 0.12, 0.09, 0.19, 0.32]
15:32:13 pos=(-42.82,-44.67) h=259 f=0.86 s=0.17 side=left lidar=[0.3, 0.32, 0.29, 0.94, 0.86, 0.7, 0.45, 0.65, 1.76, 0.54, -1.0, 0.19, 0.09, 0.08, 0.17, 0.33]
15:32:15 pos=(-43.43,-44.73) h=265 f=0.87 s=0.18 side=left lidar=[0.3, 0.32, 0.3, 0.94, 0.87, 0.71, 0.46, 0.66, 1.73, 0.54, 0.23, 0.2, 0.12, 0.09, 0.18, 0.33]
15:32:17 pos=(-44.03,-44.80) h=265 f=0.84 s=0.17 side=left lidar=[0.28, 0.3, 0.29, 0.92, 0.84, 0.69, 0.47, 0.7, 1.71, 0.54, 0.25, 0.2, 0.12, 0.1, 0.17, 0.3]
15:32:19 pos=(-44.63,-44.87) h=261 f=0.87 s=0.17 side=left lidar=[0.31, 0.3, 0.3, 0.93, 0.87, 0.69, 0.48, 0.67, 1.75, 0.54, 0.24, 0.2, 0.12, 0.1, 0.17, 0.31]
15:32:20 pos=(-45.25,-44.94) h=264 f=0.86 s=0.16 side=left lidar=[0.3, 0.3, 0.31, 0.93, 0.86, 0.7, 0.47, 0.68, 1.73, 0.55, 0.24, 0.2, 0.14, 0.08, 0.16, 0.33]
15:32:22 pos=(-45.86,-45.01) h=262 f=0.87 s=0.18 side=left lidar=[0.29, 0.32, 0.3, 0.94, 0.87, 0.69, 0.47, 0.66, 1.73, 0.55, 0.25, 0.18, 0.11, 0.11, 0.18, 0.33]
15:32:24 pos=(-46.46,-45.09) h=263 f=0.87 s=0.20 side=left lidar=[0.32, 0.33, 0.29, 0.93, 0.87, 0.71, 0.47, 0.68, 1.72, 0.54, 0.24, 0.19, 0.11, 0.12, 0.2, 0.31]
15:32:26 pos=(-47.12,-45.15) h=266 f=0.86 s=0.17 side=left lidar=[0.32, 0.31, 0.28, 0.94, 0.86, 0.72, 0.45, 0.67, 1.71, 0.54, 0.23, 0.2, 0.11, 0.08, 0.17, 0.33]
15:32:28 pos=(-47.73,-45.21) h=260 f=0.88 s=0.17 side=left lidar=[0.3, 0.33, 0.29, 0.94, 0.88, 0.71, 0.47, 0.67, 1.73, 0.53, 0.24, 0.18, 0.12, 0.1, 0.17, 0.31]
15:32:30 pos=(-48.33,-45.27) h=264 f=0.88 s=0.17 side=left lidar=[0.29, 0.3, 0.29, 0.94, 0.88, -1.0, 0.48, 0.67, 1.73, 0.54, 0.25, 0.2, 0.1, 0.09, 0.17, 0.31]
15:32:31 pos=(-48.97,-45.33) h=262 f=0.88 s=0.17 side=left lidar=[0.29, 0.31, 0.28, 0.94, 0.88, 0.72, 0.45, 0.65, 1.73, 0.55, 0.23, 0.2, 0.11, 0.08, 0.17, 0.33]
15:32:33 pos=(-49.58,-45.41) h=267 f=0.87 s=0.16 side=left lidar=[0.31, 0.31, 0.31, 0.92, 0.87, 0.7, 0.47, 0.64, 1.73, 0.55, 0.26, 0.2, 0.1, 0.1, 0.16, 0.31]
15:32:35 pos=(-50.22,-45.48) h=266 f=0.85 s=0.20 side=left lidar=[0.3, 0.31, 0.3, 0.94, 0.85, 0.69, 0.46, 0.66, 1.69, 0.54, 0.23, 0.18, 0.12, 0.09, 0.2, 0.32]
15:32:37 pos=(-50.83,-45.54) h=267 f=0.85 s=0.18 side=left lidar=[0.3, 0.3, 0.29, 0.93, 0.85, 0.69, 0.45, 0.66, 1.74, 0.54, 0.25, 0.19, 0.12, 0.09, 0.18, -1.0]
15:32:39 pos=(-51.45,-45.61) h=264 f=0.86 s=0.18 side=left lidar=[0.3, 0.31, 0.29, 0.94, 0.86, 0.7, 0.47, 0.66, 1.74, 0.55, 0.24, 0.19, 0.1, 0.08, 0.18, 0.31]
15:32:41 pos=(-52.06,-45.67) h=265 f=0.84 s=0.19 side=left lidar=[0.3, 0.32, 0.31, 0.94, 0.84, 0.68, 0.48, 0.66, 1.72, 0.53, 0.24, 0.19, 0.1, 0.1, 0.19, 0.32]
15:32:42 pos=(-52.67,-45.73) h=267 f=0.88 s=0.14 side=left lidar=[0.3, 0.31, 0.29, 0.94, 0.88, 0.71, 0.46, 0.65, 1.74, 0.55, 0.24, 0.2, 0.11, 0.1, 0.14, 0.33]
15:32:44 pos=(-53.27,-45.79) h=265 f=0.86 s=0.17 side=left lidar=[0.3, 0.31, 0.29, 0.94, 0.86, 0.69, 0.45, 0.66, 1.75, 0.53, 0.26, 0.2, 0.11, 0.09, 0.17, 0.3]
15:32:46 pos=(-53.87,-45.85) h=267 f=0.87 s=0.18 side=left lidar=[0.29, 0.3, 0.31, 0.94, 0.87, 0.7, 0.48, 0.66, 1.73, -1.0, 0.24, 0.19, 0.13, 0.09, 0.18, 0.33]
15:32:48 pos=(-54.49,-45.91) h=262 f=0.87 s=0.17 side=left lidar=[0.3, -1.0, 0.29, 0.93, 0.87, 0.69, 0.47, 0.66, 1.72, 0.54, 0.24, 0.19, 0.1, 0.07, 0.17, 0.32]
15:32:48 ESCAPE (stuck=False) at (-54.73,-45.93)
15:32:57 escape done at (-54.23,-44.12), now side=right
15:32:59 pos=(-54.20,-44.30) h=310 f=0.38 s=0.89 side=right lidar=[0.8, 0.63, 0.54, 0.38, 0.12, 0.29, 0.89, 1.33, 0.6, 0.43, 0.44, 0.37, 0.55, 0.44, 0.35, 0.9]
15:33:01 pos=(-54.43,-43.97) h=330 f=0.27 s=0.88 side=right lidar=[0.57, 0.46, 0.44, 0.27, 0.12, 0.18, 1.68, 0.88, 0.54, 0.5, 0.43, 0.51, 0.35, 0.33, 0.82, 0.8]
15:33:03 pos=(-54.57,-43.57) h=347 f=0.22 s=0.72 side=right lidar=[0.46, 0.44, 0.32, 0.22, 0.14, 0.17, 1.05, 0.72, 0.62, 0.51, 0.55, 0.31, 0.29, 0.81, 0.76, 0.54]
15:33:05 pos=(-54.59,-43.15) h=4 f=0.23 s=0.63 side=right lidar=[0.31, 0.39, 0.26, 0.23, 0.17, 0.16, -1.0, 0.63, 0.55, 0.68, 0.34, 0.32, 0.78, 0.87, 0.56, 0.43]
15:33:07 pos=(-54.54,-42.76) h=14 f=0.21 s=0.70 side=right lidar=[0.31, 0.23, 0.22, 0.21, 0.17, 0.17, 0.85, 0.7, 0.69, 0.61, -1.0, 0.86, 0.84, 0.56, 0.38, 0.28]
15:33:09 pos=(-54.50,-42.51) h=354 f=0.20 s=0.75 side=right lidar=[0.2, 0.27, 0.2, 0.2, 0.19, 0.19, 0.17, 0.88, 0.75, 0.77, 0.43, 0.98, 0.79, 0.84, 0.43, 0.33]
15:33:11 pos=(-54.64,-42.23) h=330 f=0.21 s=0.22 side=right lidar=[0.29, 0.19, 0.21, -1.0, 0.19, 0.19, 0.21, 0.22, 0.92, 0.78, 0.81, 0.45, 0.89, 0.79, 0.79, 0.32]
15:33:13 pos=(-54.81,-42.04) h=301 f=0.21 s=0.25 side=right lidar=[0.42, 0.23, 0.22, 0.13, 0.21, 0.23, 0.21, 0.25, 0.25, 0.28, 0.82, 0.8, 0.48, 1.01, 0.81, 0.79]
15:33:15 pos=(-55.12,-41.98) h=287 f=0.22 s=0.28 side=right lidar=[0.71, 0.37, 0.22, 0.22, 0.15, 0.14, 0.28, 0.25, 0.3, 0.3, 1.01, 0.85, 0.82, 0.38, 0.9, 0.7]
15:33:17 pos=(-55.48,-41.92) h=276 f=0.20 s=0.32 side=right lidar=[0.66, 0.35, 0.21, 0.2, 0.19, 0.18, 0.17, 0.32, 0.34, 0.35, 1.07, 0.87, 0.82, 2.47, 0.93, 0.67]
15:33:19 pos=(-55.80,-41.95) h=255 f=0.23 s=0.24 side=right lidar=[0.59, 0.59, 0.31, 0.23, 0.17, 0.19, 0.23, 0.24, 0.37, 0.42, 0.42, 0.97, 0.75, 0.42, 1.85, 0.73]
15:33:21 pos=(-56.26,-41.95) h=280 f=0.20 s=0.43 side=right lidar=[0.54, 0.28, 0.23, 0.2, 0.15, 0.2, 0.26, 0.43, 0.51, 0.45, 1.11, 0.78, 1.31, 2.1, 0.67, 0.52]
15:33:23 pos=(-56.60,-41.90) h=281 f=0.18 s=0.49 side=right lidar=[0.48, 0.24, 0.19, 0.18, 0.18, 0.18, 0.3, 0.49, 0.54, 1.49, 0.97, 0.84, 1.44, 0.84, 0.59, 0.46]
15:33:25 pos=(-56.81,-41.94) h=253 f=0.20 s=0.34 side=right lidar=[0.39, 0.46, 0.39, 0.2, 0.19, 0.2, 0.2, 0.34, 0.52, 0.58, 0.58, 1.04, 0.84, 1.33, 2.04, 0.59]
15:33:27 pos=(-57.23,-42.10) h=255 f=0.19 s=0.43 side=right lidar=[0.34, 0.39, 0.39, 0.19, 0.18, 0.22, 0.26, 0.43, 0.6, 0.64, 1.53, 0.98, 0.57, 1.39, 0.72, 0.47]
15:33:29 pos=(-57.60,-42.15) h=264 f=0.20 s=0.48 side=right lidar=[0.29, -1.0, 0.33, 0.2, 0.19, 0.26, 0.31, 0.48, 0.7, 0.69, 1.11, 0.55, 1.28, 2.29, 0.46, 0.29]
15:33:31 pos=(-57.95,-42.15) h=272 f=0.21 s=0.54 side=right lidar=[0.24, 0.27, 0.29, 0.21, 0.17, 0.21, 0.33, 0.54, 0.78, 1.93, 0.4, 0.81, 1.36, 0.67, 0.35, 0.21]
15:33:32 pos=(-58.33,-42.06) h=285 f=0.20 s=0.78 side=right lidar=[0.21, 0.2, 0.24, 0.2, 0.17, 0.21, 0.38, 0.78, 0.79, 1.38, 0.63, 1.28, 0.7, 0.34, 0.18, 0.16]
15:33:34 pos=(-58.64,-41.96) h=291 f=0.18 s=0.83 side=right lidar=[0.13, 0.14, 0.2, 0.18, 0.17, 0.18, 0.41, 0.83, 0.86, 0.5, 0.72, 1.35, 0.45, 0.12, 0.13, 0.14]
15:33:37 pos=(-58.66,-41.97) h=220 f=0.14 s=0.18 side=right lidar=[0.12, 0.12, 0.12, 0.14, 0.15, 0.19, 0.18, 0.19, 0.17, 0.38, 0.85, 0.86, 1.42, 0.69, 1.32, 0.48]
15:33:39 pos=(-58.66,-41.98) h=146 f=0.14 s=0.14 side=right lidar=[0.67, 1.33, 0.65, 0.14, 0.12, 0.12, 0.12, 0.14, 0.21, 0.21, 0.18, 0.18, 0.39, 0.83, 0.87, 1.42]
15:33:41 pos=(-58.23,-42.29) h=120 f=1.32 s=0.18 side=right lidar=[1.55, 0.59, 1.33, 1.32, 0.39, 0.2, 0.17, 0.18, 0.24, 0.3, 0.24, 0.21, -1.0, 0.41, 0.79, 0.78]
15:33:42 pos=(-57.76,-42.67) h=140 f=0.60 s=0.35 side=right lidar=[0.49, 1.27, 1.25, 0.6, 0.36, 0.24, 0.25, 0.35, 0.37, 0.27, 0.29, 0.38, 0.56, 0.72, 0.68, 1.23]
15:33:44 pos=(-57.76,-43.25) h=208 f=0.28 s=0.43 side=right lidar=[1.73, 0.36, 0.31, 0.26, 0.28, 0.41, 0.43, 0.39, 0.47, 0.63, 0.76, 0.67, 0.26, 0.41, 0.7, 1.18]
15:33:46 pos=(-58.24,-43.54) h=265 f=0.41 s=0.76 side=right lidar=[0.21, 0.2, 0.2, 0.41, 0.44, 0.45, 0.58, 0.84, 0.76, 0.31, 0.43, 0.68, 1.06, 2.2, 0.41, 0.22]
15:33:48 pos=(-58.74,-43.25) h=325 f=0.52 s=0.51 side=right lidar=[0.13, 0.41, 0.39, 0.52, 0.75, 0.91, 0.42, 0.51, 0.73, 1.1, 0.45, 0.2, 0.15, 0.12, 0.09, 0.1]
15:33:54 pos=(-58.58,-43.22) h=291 f=0.42 s=0.84 side=right lidar=[0.11, 0.14, 0.33, 0.45, 0.42, 0.62, 0.92, 0.84, 0.47, 0.48, 0.97, 1.11, 0.39, 0.19, 0.17, 0.13]
15:33:58 pos=(-58.65,-43.09) h=281 f=0.45 s=0.83 side=right lidar=[0.09, 0.11, 0.12, 0.46, 0.45, 0.59, 0.83, 0.88, 0.44, 0.48, 0.8, 1.11, 0.38, 0.17, 0.14, 0.12]
15:34:02 pos=(-58.61,-43.04) h=221 f=0.13 s=0.49 side=right lidar=[0.16, 0.13, 0.13, 0.13, 0.11, 0.14, 0.49, 0.45, 0.64, 0.93, 0.84, 0.46, 0.49, 0.96, 1.1, 0.38]
15:34:04 pos=(-58.60,-43.06) h=150 f=0.17 s=0.12 side=right lidar=[0.95, 1.12, 0.37, 0.17, 0.14, 0.14, 0.12, 0.12, 0.14, 0.48, 0.46, 0.63, 0.95, 0.86, 0.45, 0.47]
15:34:06 pos=(-58.21,-43.38) h=126 f=0.97 s=0.20 side=right lidar=[0.38, 0.63, 0.97, 2.06, 0.34, 0.18, 0.2, 0.2, 0.21, 0.26, 0.55, 0.52, 0.64, 0.93, 0.79, 0.4]
15:34:08 pos=(-57.79,-43.79) h=145 f=0.94 s=0.30 side=right lidar=[0.51, 0.94, 0.94, 1.27, 0.36, 0.24, 0.27, 0.3, 0.44, 0.6, 0.6, 0.77, 0.86, 0.29, 0.33, 0.29]
15:34:10 pos=(-57.77,-44.36) h=211 f=0.30 s=0.70 side=right lidar=[1.76, 0.31, 0.31, 0.25, 0.3, 0.34, 0.7, 0.64, 0.74, 0.93, 0.31, 0.29, 0.25, 0.4, 0.88, 0.89]
15:34:11 pos=(-58.26,-44.65) h=270 f=0.38 s=0.39 side=right lidar=[0.22, 0.21, 0.22, 0.38, 0.77, 0.81, 0.93, 0.39, 0.35, 0.32, 0.46, 0.87, 0.84, 1.94, 0.27, 0.2]
15:34:13 pos=(-58.77,-44.38) h=328 f=0.82 s=0.51 side=right lidar=[0.18, 0.32, 0.67, 0.82, 1.04, 0.46, 0.4, 0.51, 0.77, 0.83, 1.85, 0.17, 0.17, 0.16, 0.11, 0.09]
15:34:19 pos=(-58.59,-44.35) h=291 f=0.75 s=0.45 side=right lidar=[0.13, 0.12, 0.24, 0.75, 0.77, 0.99, 0.48, 0.45, 0.43, 0.52, 0.89, 0.83, 1.87, 0.14, 0.15, 0.16]
15:34:21 ESCAPE (stuck=True) at (-58.57,-44.29)
15:34:23 escape done at (-58.71,-44.09), now side=left
15:34:25 pos=(-58.71,-44.01) h=356 f=0.95 s=0.11 side=left lidar=[0.68, 0.69, 0.95, 1.05, 0.46, 0.41, 0.53, 0.95, 0.87, 1.96, 0.14, 0.17, 0.15, 0.11, 0.11, 0.23]
15:34:29 pos=(-58.68,-43.65) h=6 f=0.44 s=0.22 side=left lidar=[0.66, 0.74, 1.01, 0.41, 0.44, 0.45, 0.62, 0.89, 0.87, 0.22, 0.22, 0.14, 0.1, 0.13, 0.22, 0.31]
15:34:30 pos=(-58.67,-43.04) h=359 f=0.80 s=0.18 side=left lidar=[0.54, 0.56, 0.8, 0.94, 0.4, 0.46, 0.56, 1.06, 0.99, 0.32, 0.14, 0.1, 0.12, 0.15, 0.18, 0.21]
15:34:32 pos=(-58.64,-42.44) h=3 f=0.90 s=0.14 side=left lidar=[0.44, 0.49, 0.75, 0.9, 2.39, 0.49, 0.65, 1.13, 1.08, 0.23, 0.14, 0.14, 0.12, 0.14, 0.12, 0.35]
15:34:34 pos=(-58.54,-41.80) h=4 f=0.83 s=0.20 side=left lidar=[0.36, 0.35, 0.56, 0.87, 0.83, 0.4, 0.55, 1.23, 1.18, 0.29, 0.19, 0.13, 0.08, 0.09, 0.2, 0.35]
15:34:36 pos=(-58.56,-41.19) h=2 f=0.69 s=0.18 side=left lidar=[0.34, 0.3, 0.46, 0.69, 0.88, 2.06, 0.58, 0.85, 1.25, 0.52, 0.23, 0.12, 0.09, 0.09, 0.18, 0.28]
15:34:38 pos=(-58.60,-40.59) h=352 f=0.67 s=0.18 side=left lidar=[0.34, 0.29, 0.48, 0.67, 0.89, 2.11, 0.53, 0.82, 1.25, 0.5, 0.23, 0.13, 0.1, 0.1, 0.18, 0.27]
15:34:40 pos=(-58.64,-39.97) h=353 f=0.68 s=0.16 side=left lidar=[0.34, 0.29, 0.45, 0.68, 0.89, 2.1, 0.56, 0.82, 1.24, 0.53, 0.23, 0.12, 0.1, 0.09, 0.16, 0.29]
15:34:41 pos=(-58.67,-39.37) h=359 f=0.68 s=0.18 side=left lidar=[0.34, 0.31, 0.47, 0.68, 0.88, 2.1, 0.56, 0.84, 1.23, 0.52, 0.22, 0.12, 0.09, 0.09, 0.18, 0.28]
15:34:43 pos=(-58.70,-38.78) h=354 f=0.71 s=0.18 side=left lidar=[0.35, 0.28, 0.45, 0.71, 0.91, 2.08, 0.56, 0.84, 1.25, 0.52, 0.23, 0.13, 0.08, 0.08, 0.18, 0.27]
15:34:45 pos=(-58.73,-38.17) h=357 f=0.68 s=0.16 side=left lidar=[0.35, 0.32, 0.46, 0.68, 0.89, 2.13, 0.55, 0.85, 1.25, 0.49, 0.22, 0.13, 0.09, 0.09, 0.16, 0.28]
15:34:47 pos=(-58.75,-37.57) h=358 f=0.70 s=0.17 side=left lidar=[0.35, 0.31, 0.46, 0.7, 0.88, 2.1, 0.54, 0.84, 1.25, 0.52, 0.24, 0.12, 0.1, 0.08, 0.17, 0.27]
15:34:48 pos=(-58.78,-36.97) h=2 f=0.69 s=0.17 side=left lidar=[0.33, 0.31, 0.46, 0.69, 0.9, 2.11, 0.53, 0.84, 1.23, 0.52, 0.23, 0.12, 0.09, 0.08, 0.17, 0.26]
15:34:50 pos=(-58.81,-36.34) h=1 f=0.69 s=0.16 side=left lidar=[0.32, 0.3, 0.47, 0.69, 0.89, 2.06, 0.54, 0.87, 1.25, 0.34, 0.23, 0.13, 0.1, 0.08, 0.16, 0.28]
15:34:52 pos=(-58.85,-35.75) h=359 f=0.70 s=0.18 side=left lidar=[0.34, 0.32, 0.46, 0.7, 0.9, 2.09, 0.55, 0.85, 1.24, 0.52, 0.23, 0.13, 0.09, 0.1, 0.18, -1.0]
15:34:54 pos=(-58.88,-35.12) h=0 f=0.69 s=0.17 side=left lidar=[0.34, -1.0, 0.46, 0.69, 0.88, 2.06, 0.54, 0.86, 1.25, 0.34, 0.23, 0.12, 0.08, 0.08, 0.17, 0.28]
15:34:56 pos=(-58.92,-34.50) h=358 f=0.69 s=0.15 side=left lidar=[0.33, 0.3, 0.46, 0.69, 0.87, 2.09, 0.56, -1.0, 1.24, 0.52, -1.0, 0.13, 0.12, 0.09, 0.15, 0.27]
15:34:57 pos=(-58.95,-33.90) h=353 f=0.69 s=0.27 side=left lidar=[0.33, 0.31, 0.46, 0.69, 0.9, 2.07, 0.54, 0.85, 1.25, 0.53, 0.22, 0.12, 0.1, -1.0, 0.18, 0.27]
15:34:59 pos=(-58.98,-33.27) h=0 f=0.69 s=0.17 side=left lidar=[0.34, 0.3, 0.45, 0.69, 0.86, 2.08, 0.55, 0.83, 1.26, 0.49, 0.23, 0.12, 0.09, 0.1, 0.17, 0.3]
15:35:01 pos=(-59.00,-32.65) h=356 f=0.69 s=0.20 side=left lidar=[0.34, 0.32, 0.47, 0.69, 0.9, 2.1, 0.55, 0.84, 1.24, 0.51, 0.24, 0.13, 0.08, 0.09, 0.2, 0.26]
15:35:03 pos=(-59.02,-32.05) h=0 f=0.69 s=0.18 side=left lidar=[0.35, 0.29, 0.47, 0.69, 0.87, 2.01, 0.57, 0.87, 1.25, 0.34, 0.23, 0.1, 0.11, 0.08, 0.18, 0.28]
15:35:05 pos=(-59.04,-31.44) h=359 f=0.69 s=0.19 side=left lidar=[0.34, 0.3, 0.46, 0.69, 0.89, 2.06, 0.56, 0.84, 1.26, 0.5, 0.22, 0.13, 0.09, 0.1, 0.19, 0.29]
15:35:06 pos=(-59.07,-30.82) h=353 f=0.70 s=0.17 side=left lidar=[0.36, 0.31, 0.46, 0.7, 0.88, 2.1, -1.0, 0.84, 1.25, 0.5, 0.24, 0.12, 0.1, 0.1, 0.17, 0.26]
15:35:08 pos=(-59.11,-30.21) h=358 f=0.68 s=0.25 side=left lidar=[0.36, 0.29, 0.47, 0.68, 0.88, 2.09, 0.56, 0.84, 1.26, 0.51, 0.23, 0.12, 0.11, -1.0, 0.18, 0.25]
15:35:10 pos=(-59.16,-29.61) h=352 f=0.69 s=0.17 side=left lidar=[0.34, -1.0, 0.45, 0.69, 0.89, 2.12, 0.54, 0.83, 1.24, 0.53, 0.21, 0.14, 0.08, 0.09, 0.17, 0.26]
15:35:12 pos=(-59.20,-29.00) h=0 f=0.70 s=0.18 side=left lidar=[0.34, 0.3, 0.47, 0.7, -1.0, 2.09, 0.54, 0.81, 1.25, 0.52, 0.21, 0.12, 0.07, 0.09, 0.18, 0.29]
15:35:14 pos=(-59.22,-28.39) h=357 f=0.70 s=0.19 side=left lidar=[0.34, 0.32, 0.47, 0.7, 0.9, 2.08, 0.55, 0.85, 1.27, 0.51, 0.22, 0.14, 0.11, 0.1, 0.19, 0.29]
15:35:15 pos=(-59.24,-27.78) h=360 f=0.68 s=0.17 side=left lidar=[0.34, 0.31, 0.48, 0.68, 0.88, 2.08, 0.54, 0.84, 1.24, 0.52, 0.23, 0.12, 0.07, 0.09, 0.17, 0.27]
15:35:17 pos=(-59.27,-27.18) h=356 f=0.69 s=0.18 side=left lidar=[0.33, 0.3, 0.46, 0.69, 0.9, 2.08, 0.54, 0.86, 1.26, 0.51, 0.24, 0.12, 0.09, 0.08, 0.18, 0.28]
15:35:19 pos=(-59.29,-26.60) h=1 f=0.71 s=0.16 side=left lidar=[0.35, 0.3, 0.47, 0.71, 0.85, 2.04, 0.54, 0.86, 1.26, 0.34, 0.2, 0.13, 0.09, 0.1, 0.16, 0.29]
15:35:21 pos=(-59.32,-26.00) h=356 f=0.68 s=0.17 side=left lidar=[0.35, 0.3, 0.48, 0.68, 0.87, 2.08, 0.55, 0.84, 1.25, 0.51, 0.22, 0.12, 0.09, 0.08, 0.17, 0.26]
15:35:22 pos=(-59.34,-25.41) h=360 f=0.68 s=0.16 side=left lidar=[0.33, 0.31, 0.46, 0.68, 0.89, 2.09, 0.56, 0.84, 1.23, 0.52, 0.21, 0.11, 0.08, 0.1, 0.16, 0.28]
15:35:24 pos=(-59.38,-24.83) h=355 f=0.69 s=0.17 side=left lidar=[0.33, 0.29, 0.46, 0.69, 0.89, 2.28, 0.54, 0.81, 1.23, 0.52, 0.24, 0.14, 0.1, 0.09, 0.17, 0.27]
15:35:26 pos=(-59.41,-24.22) h=356 f=0.70 s=0.17 side=left lidar=[0.34, 0.32, 0.46, 0.7, 0.88, 2.1, 0.56, 0.83, 1.24, 0.49, 0.23, 0.11, 0.1, 0.09, 0.17, 0.29]
15:35:28 pos=(-59.44,-23.63) h=358 f=0.67 s=0.17 side=left lidar=[0.34, 0.29, 0.46, 0.67, 0.89, 2.11, 0.55, 0.84, 1.25, 0.51, 0.22, 0.12, 0.09, 0.1, 0.17, 0.27]
15:35:29 pos=(-59.47,-23.04) h=0 f=0.70 s=0.19 side=left lidar=[0.32, 0.3, 0.47, 0.7, 0.88, 2.09, 0.54, 0.85, 1.24, 0.5, 0.22, 0.12, 0.09, 0.09, 0.19, 0.28]
15:35:31 pos=(-59.50,-22.45) h=355 f=0.68 s=0.15 side=left lidar=[0.35, 0.32, 0.44, 0.68, 0.9, 2.28, 0.54, 0.83, 1.25, 0.51, 0.23, 0.12, 0.1, 0.09, 0.15, 0.28]
15:35:33 pos=(-59.54,-21.85) h=358 f=0.69 s=0.18 side=left lidar=[0.33, 0.31, 0.47, 0.69, 0.89, 2.08, 0.56, 0.84, 1.26, 0.52, 0.23, 0.12, 0.09, 0.1, 0.18, 0.27]
15:35:35 pos=(-59.56,-21.25) h=1 f=0.69 s=0.17 side=left lidar=[0.32, 0.3, 0.48, 0.69, 0.87, 2.09, 0.54, 0.85, 1.27, 0.52, 0.21, -1.0, 0.09, 0.1, 0.17, 0.27]
15:35:36 pos=(-59.58,-20.64) h=1 f=0.71 s=0.17 side=left lidar=[0.35, 0.3, 0.47, 0.71, 0.9, 2.09, 0.55, 0.85, 1.25, 0.52, 0.23, 0.13, 0.1, 0.1, 0.17, 0.28]
15:35:38 pos=(-59.60,-20.05) h=1 f=0.67 s=0.18 side=left lidar=[0.33, 0.31, 0.46, 0.67, 0.87, 2.08, 0.56, 0.86, 1.24, 0.52, 0.24, 0.13, 0.09, 0.09, 0.18, 0.28]
15:35:40 pos=(-59.63,-19.42) h=357 f=0.68 s=0.16 side=left lidar=[0.35, 0.31, 0.48, 0.68, 0.9, 2.08, 0.56, 0.82, 1.26, 0.49, 0.22, 0.12, 0.09, 0.1, 0.16, 0.3]
15:35:42 pos=(-59.65,-18.79) h=357 f=0.68 s=0.17 side=left lidar=[0.33, 0.29, 0.48, 0.68, 0.89, 2.1, 0.55, 0.85, 1.24, 0.51, 0.24, 0.14, 0.09, 0.1, 0.17, 0.28]
15:35:44 pos=(-59.69,-18.19) h=357 f=0.70 s=0.18 side=left lidar=[0.34, 0.32, 0.46, 0.7, 0.89, 2.1, 0.57, 0.84, 1.26, 0.51, 0.21, 0.13, 0.1, 0.09, 0.18, 0.3]
