=== EXPLORE start 1788405445 h=30
POS 1788405447 x=534.79 y=283.83 h=25 maxr=1.42 medh=0.10 d11=0.447 d5=0
POS 1788405450 x=1106.47 y=506.32 h=17 maxr=1.11 medh=0.10 d11=0.452 d5=0
POS 1788405452 x=1696.36 y=662.25 h=13 maxr=0.87 medh=0.10 d11=0.440 d5=0
POS 1788405454 x=2303.05 y=745.41 h=4 maxr=0.00 medh=0.00 d11=0.438 d5=0
POS 1788405456 x=2911.92 y=756.81 h=359 maxr=0.27 medh=0.10 d11=0.442 d5=0
POS 1788405459 x=3520.20 y=683.95 h=349 maxr=0.14 medh=0.09 d11=0.460 d5=0
POS 1788405461 x=4116.89 y=538.35 h=343 maxr=0.16 medh=0.08 d11=0.442 d5=0
POS 1788405463 x=4689.35 y=326.50 h=336 maxr=0.19 medh=0.09 d11=0.446 d5=0
POS 1788405465 x=5233.43 y=48.96 h=329 maxr=0.21 medh=0.08 d11=0.444 d5=0
POS 1788405468 x=5831.59 y=156.06 h=4 maxr=0.64 medh=0.09 d11=0.458 d5=0
POS 1788405470 x=6442.71 y=191.82 h=4 maxr=0.28 medh=0.08 d11=0.459 d5=0
POS 1788405473 x=7056.53 y=144.02 h=356 maxr=0.12 medh=0.08 d11=0.447 d5=0
POS 1788405476 x=7532.48 y=523.35 h=36 maxr=1.79 medh=0.09 d11=0.428 d5=0
POS 1788405478 x=8057.08 y=830.45 h=26 maxr=1.56 medh=0.09 d11=0.447 d5=0
POS 1788405480 x=8621.60 y=1074.89 h=20 maxr=1.25 medh=0.09 d11=0.455 d5=0
POS 1788405482 x=9205.74 y=1254.13 h=12 maxr=0.92 medh=0.09 d11=0.457 d5=0
POS 1788405484 x=9806.40 y=1356.73 h=5 maxr=0.64 medh=0.09 d11=0.456 d5=0
POS 1788405487 x=10446.88 y=1378.34 h=0 maxr=0.28 medh=0.08 d11=0.460 d5=0
POS 1788405489 x=11058.32 y=1342.51 h=353 maxr=0.12 medh=0.08 d11=0.449 d5=0
POS 1788405492 x=11519.17 y=1735.19 h=36 maxr=1.84 medh=0.09 d11=0.438 d5=0
POS 1788405494 x=12033.43 y=2065.98 h=28 maxr=1.57 medh=0.09 d11=0.448 d5=0
POS 1788405496 x=12587.18 y=2326.76 h=25 maxr=1.25 medh=0.09 d11=0.466 d5=0
POS 1788405499 x=13169.06 y=2523.06 h=16 maxr=1.00 medh=0.09 d11=0.467 d5=0
POS 1788405501 x=13766.52 y=2640.58 h=8 maxr=0.64 medh=0.09 d11=0.444 d5=0
POS 1788405503 x=14374.12 y=2693.78 h=2 maxr=0.37 medh=0.08 d11=0.459 d5=0
POS 1788405505 x=14985.48 y=2679.93 h=353 maxr=0.12 medh=0.08 d11=0.443 d5=0
POS 1788405508 x=15491.08 y=3034.22 h=27 maxr=1.70 medh=0.09 d11=0.439 d5=0
POS 1788405510 x=16031.06 y=3317.22 h=24 maxr=1.41 medh=0.09 d11=0.459 d5=0
POS 1788405513 x=16599.08 y=3537.22 h=19 maxr=1.08 medh=0.09 d11=0.444 d5=0
POS 1788405515 x=17190.83 y=3687.43 h=12 maxr=0.83 medh=0.09 d11=0.446 d5=0
POS 1788405517 x=17793.92 y=3774.64 h=2 maxr=0.55 medh=0.09 d11=0.465 d5=0
POS 1788405519 x=18366.35 y=3786.87 h=2 maxr=0.19 medh=0.08 d11=0.455 d5=0
POS 1788405522 x=19012.01 y=3707.50 h=347 maxr=0.12 medh=0.07 d11=0.441 d5=0
POS 1788405524 x=19536.64 y=4032.02 h=28 maxr=1.50 medh=0.09 d11=0.450 d5=0
POS 1788405527 x=20089.93 y=4294.60 h=20 maxr=1.25 medh=0.09 d11=0.444 d5=0
POS 1788405529 x=20674.56 y=4476.14 h=12 maxr=0.91 medh=0.09 d11=0.446 d5=0
POS 1788405531 x=21275.47 y=4594.83 h=7 maxr=0.65 medh=0.09 d11=0.453 d5=0
POS 1788405533 x=21884.38 y=4624.84 h=0 maxr=0.37 medh=0.08 d11=0.452 d5=0
POS 1788405536 x=22496.09 y=4596.14 h=355 maxr=0.12 medh=0.08 d11=0.461 d5=0
POS 1788405539 x=22970.98 y=4980.14 h=39 maxr=1.78 medh=0.09 d11=0.457 d5=0
POS 1788405541 x=23496.63 y=5311.56 h=27 maxr=1.56 medh=0.09 d11=0.455 d5=0
POS 1788405543 x=24073.93 y=5584.27 h=20 maxr=1.25 medh=0.09 d11=0.444 d5=0
POS 1788405545 x=24658.76 y=5765.47 h=12 maxr=1.00 medh=0.09 d11=0.436 d5=0
POS 1788405547 x=25250.27 y=5904.32 h=11 maxr=0.65 medh=0.09 d11=0.464 d5=0
POS 1788405550 x=25860.79 y=5955.56 h=359 maxr=0.37 medh=0.08 d11=0.454 d5=0
POS 1788405552 x=26442.47 y=5945.93 h=355 maxr=0.12 medh=0.08 d11=0.468 d5=0
POS 1788405555 x=26964.01 y=6344.26 h=38 maxr=1.79 medh=0.09 d11=0.455 d5=0
POS 1788405557 x=27493.66 y=6687.78 h=31 maxr=1.57 medh=0.09 d11=0.453 d5=0
POS 1788405560 x=28057.20 y=6939.64 h=20 maxr=1.26 medh=0.09 d11=0.482 d5=0
POS 1788405562 x=28641.52 y=7129.51 h=12 maxr=1.00 medh=0.09 d11=0.479 d5=0
POS 1788405564 x=29245.27 y=7256.83 h=10 maxr=0.65 medh=0.09 d11=0.472 d5=0
POS 1788405566 x=29851.70 y=7321.40 h=3 maxr=0.37 medh=0.08 d11=0.475 d5=0
POS 1788405569 x=30482.85 y=7310.87 h=355 maxr=0.12 medh=0.08 d11=0.471 d5=0
POS 1788405571 x=30984.05 y=7666.20 h=31 maxr=1.64 medh=0.09 d11=0.471 d5=0
POS 1788405574 x=31561.88 y=7975.61 h=25 maxr=1.41 medh=0.09 d11=0.482 d5=0
POS 1788405576 x=32137.22 y=8212.24 h=21 maxr=1.16 medh=0.09 d11=0.469 d5=0
POS 1788405578 x=32709.56 y=8376.91 h=11 maxr=0.82 medh=0.09 d11=0.471 d5=0
POS 1788405580 x=33351.12 y=8484.20 h=2 maxr=0.00 medh=0.00 d11=0.464 d5=0
POS 1788405583 x=33966.25 y=8491.09 h=357 maxr=0.18 medh=0.08 d11=0.481 d5=0
POS 1788405585 x=34574.56 y=8409.98 h=351 maxr=0.12 medh=0.08 d11=0.481 d5=0
POS 1788405588 x=35082.69 y=8737.64 h=33 maxr=1.64 medh=0.09 d11=0.485 d5=0
POS 1788405590 x=35637.70 y=9012.12 h=26 maxr=1.33 medh=0.09 d11=0.482 d5=0
POS 1788405592 x=36242.22 y=9222.42 h=16 maxr=1.00 medh=0.09 d11=0.483 d5=0
POS 1788405595 x=36840.74 y=9350.88 h=9 maxr=0.65 medh=0.09 d11=0.486 d5=0
POS 1788405597 x=37456.16 y=9408.46 h=2 maxr=0.37 medh=0.08 d11=0.481 d5=0
POS 1788405599 x=38099.30 y=9384.71 h=354 maxr=0.12 medh=0.08 d11=0.491 d5=0
POS 1788405602 x=38574.35 y=9763.87 h=39 maxr=1.79 medh=0.09 d11=0.482 d5=0
POS 1788405604 x=39105.21 y=10108.86 h=28 maxr=1.57 medh=0.09 d11=0.470 d5=0
POS 1788405607 x=39659.51 y=10368.84 h=25 maxr=1.25 medh=0.09 d11=0.484 d5=0
POS 1788405609 x=40243.73 y=10570.90 h=15 maxr=1.00 medh=0.09 d11=0.479 d5=0
POS 1788405611 x=40844.19 y=10696.27 h=4 maxr=0.73 medh=0.09 d11=0.484 d5=0
POS 1788405613 x=41422.07 y=10743.06 h=359 maxr=0.37 medh=0.08 d11=0.478 d5=0
POS 1788405616 x=42074.28 y=10714.93 h=357 maxr=0.12 medh=0.08 d11=0.488 d5=0
POS 1788405618 x=42541.72 y=11103.14 h=38 maxr=1.86 medh=0.09 d11=0.488 d5=0
POS 1788405621 x=43062.34 y=11439.48 h=29 maxr=0.00 medh=0.00 d11=0.480 d5=0
POS 1788405623 x=43605.69 y=11728.01 h=21 maxr=1.33 medh=0.09 d11=0.480 d5=0
POS 1788405625 x=44186.10 y=11939.73 h=18 maxr=1.08 medh=0.09 d11=0.486 d5=0
POS 1788405627 x=44786.57 y=12088.51 h=10 maxr=0.74 medh=0.09 d11=0.480 d5=0
POS 1788405630 x=45393.05 y=12150.60 h=3 maxr=0.46 medh=0.08 d11=0.485 d5=0
POS 1788405632 x=46014.52 y=12130.49 h=352 maxr=0.12 medh=0.08 d11=0.485 d5=0
POS 1788405635 x=46507.11 y=12488.27 h=39 maxr=1.65 medh=0.09 d11=0.462 d5=0
POS 1788405637 x=47047.94 y=12766.20 h=20 maxr=1.34 medh=0.09 d11=0.487 d5=0
POS 1788405639 x=47623.65 y=12975.62 h=20 maxr=1.09 medh=0.09 d11=0.485 d5=0
POS 1788405641 x=48216.63 y=13115.30 h=13 maxr=0.82 medh=0.09 d11=0.474 d5=0
POS 1788405644 x=48819.88 y=13203.27 h=4 maxr=0.46 medh=0.09 d11=0.474 d5=0
POS 1788405646 x=49389.67 y=13206.11 h=354 maxr=0.19 medh=0.08 d11=0.482 d5=0
POS 1788405648 x=50035.86 y=13148.73 h=352 maxr=0.13 medh=0.08 d11=0.484 d5=0
POS 1788405651 x=50541.11 y=13482.20 h=31 maxr=1.65 medh=0.09 d11=0.475 d5=0
POS 1788405653 x=51075.12 y=13783.54 h=24 maxr=1.42 medh=0.09 d11=0.465 d5=0
POS 1788405656 x=51653.37 y=14010.46 h=19 maxr=1.08 medh=0.09 d11=0.474 d5=0
POS 1788405658 x=52244.45 y=14160.90 h=10 maxr=0.83 medh=0.09 d11=0.474 d5=0
POS 1788405660 x=52849.86 y=14239.79 h=1 maxr=0.46 medh=0.09 d11=0.496 d5=0
POS 1788405662 x=53464.36 y=14233.75 h=354 maxr=0.12 medh=0.08 d11=0.482 d5=0
POS 1788405665 x=53936.00 y=14617.73 h=40 maxr=1.80 medh=0.09 d11=0.484 d5=0
POS 1788405667 x=54445.23 y=14930.41 h=29 maxr=1.56 medh=0.09 d11=0.480 d5=0
POS 1788405670 x=55037.32 y=15194.72 h=23 maxr=1.25 medh=0.09 d11=0.482 d5=0
POS 1788405672 x=55622.69 y=15389.33 h=15 maxr=0.91 medh=0.09 d11=0.489 d5=0
POS 1788405674 x=56227.49 y=15502.96 h=7 maxr=0.65 medh=0.09 d11=0.483 d5=0
POS 1788405676 x=56798.44 y=15535.60 h=2 maxr=0.37 medh=0.08 d11=0.489 d5=0
POS 1788405679 x=57449.59 y=15525.40 h=357 maxr=0.12 medh=0.08 d11=0.482 d5=0
POS 1788405682 x=57907.94 y=15916.14 h=36 maxr=1.85 medh=0.09 d11=0.482 d5=0
POS 1788405684 x=58416.82 y=16252.94 h=28 maxr=1.64 medh=0.09 d11=0.475 d5=0
POS 1788405686 x=58967.70 y=16517.93 h=20 maxr=1.33 medh=0.09 d11=0.469 d5=0
POS 1788405688 x=59545.46 y=16733.50 h=20 maxr=1.08 medh=0.09 d11=0.482 d5=0
POS 1788405690 x=60139.58 y=16887.22 h=12 maxr=0.82 medh=0.09 d11=0.485 d5=0
POS 1788405693 x=60748.39 y=16948.15 h=7 maxr=0.46 medh=0.08 d11=0.463 d5=0
POS 1788405695 x=61359.44 y=16949.98 h=2 maxr=0.18 medh=0.08 d11=0.462 d5=0
POS 1788405697 x=61970.80 y=16865.66 h=349 maxr=0.12 medh=0.07 d11=0.478 d5=0
POS 1788405700 x=62468.33 y=17214.78 h=33 maxr=1.65 medh=0.09 d11=0.490 d5=0
POS 1788405702 x=63011.53 y=17500.87 h=25 maxr=1.41 medh=0.09 d11=0.467 d5=0
POS 1788405705 x=63588.32 y=17725.65 h=20 maxr=1.08 medh=0.09 d11=0.485 d5=0
POS 1788405707 x=64178.99 y=17882.74 h=11 maxr=0.82 medh=0.09 d11=0.470 d5=0
=== EXPLORE2 spiral start 1788405741 h=256 x0reset
POS 1788405742 x=16 y=-407 h=284 d0=0 d5=0 d11=0.466
STALL 1 moved=0 at x=16 y=-407
STALL 2 moved=0 at x=119 y=205
POS 1788405748 x=-153 y=-398 h=254 d0=0 d5=0 d11=0.435
STALL 3 moved=0 at x=-153 y=-398
STALL 4 moved=0 at x=-100 y=260
POS 1788405756 x=353 y=-164 h=350 d0=0 d5=0 d11=0.451
STALL 5 moved=0 at x=353 y=-164
STALL 6 moved=0 at x=-37 y=-515
POS 1788405762 x=-405 y=-371 h=210 d0=0 d5=0 d11=0.403
STALL 1 moved=0 at x=-405 y=-371
STALL 2 moved=0 at x=217 y=-330
POS 1788405768 x=-446 y=-240 h=178 d0=0 d5=0 d11=0.407
STALL 3 moved=0 at x=-446 y=-240
STALL 4 moved=0 at x=200 y=-82
=== EXPLORE2 spiral start 1788405774 h=38 x0reset
POS 1788405775 x=221 y=285 h=61 d0=0 d5= d11=0.456
EVENT 1788405779 x=-606.2 y=1480.0 h=184 tick=169268 goal=0 here=0 d0=0 d5=1
POS 1788405780 x=-1012 y=1327 h=213 d0=0 d5=1 d11=0.418
EVENT 1788405780 x=-1012.0 y=1327.5 h=213 tick=169374 goal=0 here=0 d0=0 d5=1
POS 1788405785 x=-439 y=-167 h=5 d0=0 d5=0 d11=0.493
EVENT 1788405785 x=-438.5 y=-167.3 h=5 tick=169902 goal=0 here=0 d0=0 d5=1
EVENT 1788405786 x=-31.6 y=-14.1 h=32 tick=170007 goal=0 here=0 d0=0 d5=1
EVENT 1788405787 x=237.5 y=325.8 h=64 tick=170113 goal=0 here=0 d0=0 d5=1
POS 1788405791 x=-198 y=1444 h=155 d0=0 d5=0 d11=0.455
EVENT 1788405792 x=-628.8 y=1509.8 h=186 tick=170540 goal=0 here=0 d0=0 d5=1
EVENT 1788405793 x=-1023.2 y=1346.6 h=216 tick=170645 goal=0 here=0 d0=0 d5=1
EVENT 1788405794 x=-1282.3 y=998.3 h=246 tick=170751 goal=0 here=0 d0=0 d5=1
POS 1788405796 x=-1160 y=174 h=307 d0=0 d5=0 d11=0.484
EVENT 1788405798 x=-410.1 y=-130.3 h=5 tick=171173 goal=0 here=0 d0=0 d5=1
EVENT 1788405799 x=17.6 y=58.6 h=36 tick=171281 goal=0 here=0 d0=0 d5=1
EVENT 1788405800 x=279.7 y=405.8 h=66 tick=171387 goal=0 here=0 d0=0 d5=1
POS 1788405801 x=333 y=834 h=95 d0=0 d5=1 d11=0.527
EVENT 1788405804 x=-605.4 y=1577.8 h=185 tick=171809 goal=0 here=0 d0=0 d5=1
EVENT 1788405805 x=-1016.2 y=1429.5 h=215 tick=171915 goal=0 here=0 d0=0 d5=1
POS 1788405806 x=-1302 y=1106 h=246 d0=0 d5=1 d11=0.456
EVENT 1788405806 x=-1302.0 y=1106.1 h=246 tick=172021 goal=0 here=0 d0=0 d5=1
EVENT 1788405811 x=-555.6 y=-168.3 h=357 tick=172443 goal=0 here=0 d0=0 d5=1
POS 1788405812 x=-135 y=-66 h=26 d0=0 d5=1 d11=0.536
EVENT 1788405812 x=-135.1 y=-66.3 h=26 tick=172549 goal=0 here=0 d0=0 d5=1
EVENT 1788405813 x=189.2 y=225.1 h=59 tick=172654 goal=0 here=0 d0=0 d5=1
POS 1788405817 x=-418 y=1582 h=170 d0=0 d5=0 d11=0.453
EVENT 1788405818 x=-819.0 y=1552.9 h=195 tick=173182 goal=0 here=0 d0=0 d5=1
EVENT 1788405820 x=-1445.5 y=1045.9 h=243 tick=173395 goal=0 here=0 d0=0 d5=1
POS 1788405822 x=-1299 y=197 h=310 d0=0 d5=0 d11=0.477
EVENT 1788405824 x=-509.3 y=-104.8 h=8 tick=173824 goal=0 here=0 d0=0 d5=1
EVENT 1788405826 x=-109.0 y=71.9 h=38 tick=173930 goal=0 here=0 d0=0 d5=1
EVENT 1788405827 x=158.8 y=413.2 h=66 tick=174035 goal=0 here=0 d0=0 d5=1
POS 1788405828 x=239 y=809 h=92 d0=0 d5=1 d11=0.537
EVENT 1788405831 x=-640.7 y=1686.0 h=174  d0=0 d5=1
EVENT 1788405832 x=-1068.9 y=1594.9 h=201 tick=174563 goal=0 here=0 d0=0 d5=1
POS 1788405833 x=-1403 y=1307 h=233 d0=0 d5=1 d11=0.457
EVENT 1788405833 x=-1402.7 y=1307.1 h=233 tick=174669 goal=0 here=0 d0=0 d5=1
EVENT 1788405834 x=-1561.1 y=901.8 h=262 tick=174774 goal=0 here=0 d0=0 d5=1
EVENT 1788405837 x=-880.5 y=-102.7 h=346 tick=175091 goal=0 here=0 d0=0 d5=1
POS 1788405838 x=-440 y=-99 h=11 d0=0 d5=1 d11=
EVENT 1788405838 x=-439.7 y=-99.4 h=11 tick=175197 goal=0 here=0 d0=0 d5=1
EVENT 1788405839 x=-86.2 y=86.8 h=45 tick=175302 goal=0 here=0 d0=0 d5=1
EVENT 1788405840 x=179.7 y=484.7 h=70 tick=175408 goal=0 here=0 d0=0 d5=1
POS 1788405843 x=-264 y=1607 h=149 d0=0 d5=0 d11=0.464
EVENT 1788405845 x=-697.1 y=1691.5 h=180 tick=175831 goal=0 here=0 d0=0 d5=1
EVENT 1788405846 x=-1118.2 y=1569.3 h=208 tick=175937 goal=0 here=0 d0=0 d5=1
EVENT 1788405847 x=-1433.9 y=1270.9 h=234 tick=176042 goal=0 here=0 d0=0 d5=1
POS 1788405849 x=-1487 y=419 h=292 d0=0 d5=0 d11=0.454
EVENT 1788405851 x=-828.6 y=-113.9 h=343 tick=176465 goal=0 here=0 d0=0 d5=1
EVENT 1788405852 x=-388.9 y=-93.6 h=18 tick=176571 goal=0 here=0 d0=0 d5=1
EVENT 1788405853 x=-7.6 y=130.2 h=43 tick=176677 goal=0 here=0 d0=0 d5=1
POS 1788405854 x=236 y=463 h=64 d0=0 d5=1 d11=0.553
EVENT 1788405854 x=236.2 y=462.9 h=64 tick=176783 goal=0 here=0 d0=0 d5=1
EVENT 1788405858 x=-552.4 y=1802.9 h=174 tick=177207 goal=0 here=0 d0=0 d5=1
POS 1788405859 x=-987 y=1742 h=200 d0=0 d5=1 d11=0.430
EVENT 1788405859 x=-987.3 y=1741.9 h=200 tick=177313 goal=0 here=0 d0=0 d5=1
EVENT 1788405860 x=-1349.2 y=1493.6 h=225 tick=177419 goal=0 here=0 d0=0 d5=1
EVENT 1788405861 x=-1544.2 y=1100.7 h=254 tick=177525 goal=0 here=0 d0=0 d5=1
POS 1788405865 x=-993 y=7 h=333 d0=0 d5=0 d11=0.547
EVENT 1788405866 x=-598.9 y=-44.7 h=8 tick=177950 goal=0 here=0 d0=0 d5=1
EVENT 1788405867 x=-160.1 y=114.6 h=32 tick=178056 goal=0 here=0 d0=0 d5=1
EVENT 1788405868 x=140.6 y=450.8 h=60 tick=178164 goal=0 here=0 d0=0 d5=1
POS 1788405870 x=140 y=1309 h=117 d0=0 d5=0 d11=0.528
EVENT 1788405872 x=-539.4 y=1833.1 h=170 tick=178586 goal=0 here=0 d0=0 d5=1
EVENT 1788405873 x=-982.8 y=1819.8 h=191 tick=178692 goal=0 here=0 d0=0 d5=1
EVENT 1788405874 x=-1385.0 y=1572.6 h=224 tick=178806 goal=0 here=0 d0=0 d5=1
POS 1788405875 x=-1619 y=1195 h=248 d0=0 d5=1 d11=0.453
EVENT 1788405875 x=-1619.0 y=1195.3 h=248 tick=178911 goal=0 here=0 d0=0 d5=1
EVENT 1788405880 x=-706.7 y=-25.9 h=1 tick=179334 goal=0 here=0 d0=0 d5=1
POS 1788405881 x=-278 y=77 h=26 d0=0 d5=1 d11=0.557
EVENT 1788405881 x=-277.5 y=76.8 h=26 tick=179439 goal=0 here=0 d0=0 d5=1
EVENT 1788405882 x=40.2 y=347.8 h=50 tick=179545 goal=0 here=0 d0=0 d5=1
POS 1788405886 x=-382 y=1855 h=156 d0=0 d5=0 d11=0.463
EVENT 1788405886 x=-381.7 y=1854.5 h=156 tick=179968 goal=0 here=0 d0=0 d5=1
EVENT 1788405887 x=-817.6 y=1926.4 h=179 tick=180073 goal=0 here=0 d0=0 d5=1
EVENT 1788405888 x=-1241.6 y=1793.1 h=207 tick=180179 goal=0 here=0 d0=0 d5=1
EVENT 1788405889 x=-1545.8 y=1519.7 h=234 tick=180285 goal=0 here=0 d0=0 d5=1
EVENT 1788405890 x=-1726.3 y=1078.0 h=260 tick=180390 goal=0 here=0 d0=0 d5=1
POS 1788405891 x=-1691 y=633 h=284 d0=0 d5=1 d11=0.478
EVENT 1788405893 x=-1075.5 y=25.1 h=339 tick=180707 goal=0 here=0 d0=0 d5=1
EVENT 1788405894 x=-632.9 y=-32.8 h=3 tick=180813 goal=0 here=0 d0=0 d5=1
EVENT 1788405895 x=-216.9 y=111.1 h=32 tick=180918 goal=0 here=0 d0=0 d5=1
POS 1788405896 x=92 y=430 h=56 d0=0 d5=1 d11=0.559
EVENT 1788405896 x=91.7 y=430.4 h=56 tick=181024 goal=0 here=0 d0=0 d5=1
EVENT 1788405901 x=-435.3 y=1890.3 h=161  d0=0 d5=1
POS 1788405902 x=-876 y=1922 h=186 d0=0 d5=1 d11=0.461
EVENT 1788405902 x=-876.2 y=1921.5 h=186 tick=181552 goal=0 here=0 d0=0 d5=1
EVENT 1788405903 x=-1253.6 y=1777.1 h=213 tick=181658 goal=0 here=0 d0=0 d5=1
EVENT 1788405904 x=-1595.5 y=1435.9 h=235 tick=181764 goal=0 here=0 d0=0 d5=1
EVENT 1788405905 x=-1713.9 y=1008.6 h=263 tick=181869 goal=0 here=0 d0=0 d5=1
POS 1788405907 x=-1398 y=201 h=312 d0=0 d5=0 d11=0.508
EVENT 1788405908 x=-1015.5 y=-17.1 h=343 tick=182186 goal=0 here=0 d0=0 d5=1
EVENT 1788405909 x=-568.5 y=-35.1 h=12 tick=182292 goal=0 here=0 d0=0 d5=1
EVENT 1788405910 x=-155.8 y=122.9 h=34 tick=182397 goal=0 here=0 d0=0 d5=1
EVENT 1788405911 x=147.5 y=451.5 h=57 tick=182503 goal=0 here=0 d0=0 d5=1
POS 1788405912 x=290 y=878 h=81 d0=0 d5=1 d11=0.561
EVENT 1788405915 x=-356.9 y=1962.5 h=154 tick=182926 goal=0 here=0 d0=0 d5=1
EVENT 1788405917 x=-794.0 y=2040.9 h=180 tick=183031 goal=0 here=0 d0=0 d5=1
POS 1788405918 x=-1221 y=1913 h=207 d0=0 d5=1 d11=0.454
EVENT 1788405918 x=-1221.2 y=1912.5 h=207 tick=183137 goal=0 here=0 d0=0 d5=1
EVENT 1788405919 x=-1557.3 y=1617.7 h=233 tick=183243 goal=0 here=0 d0=0 d5=1
EVENT 1788405920 x=-1722.8 y=1204.2 h=260 tick=183348 goal=0 here=0 d0=0 d5=1
POS 1788405923 x=-1159 y=71 h=329 d0=0 d5=0 d11=0.569
EVENT 1788405924 x=-725.7 y=-33.2 h=359 tick=183771 goal=0 here=0 d0=0 d5=1
EVENT 1788405925 x=-321.4 y=61.2 h=24 tick=183877 goal=0 here=0 d0= d5=1
EVENT 1788405926 x=61.5 y=354.0 h=48 tick=183982 goal=0 here=0 d0=0 d5=1
EVENT 1788405927 x=257.0 y=758.2 h=77 tick=184088 goal=0 here=0 d0=0 d5=1
POS 1788405928 x=262 y=1208 h=98 d0=0 d5=1 d11=
EVENT 1788405931 x=-670.9 y=2058.0 h=174 tick=184511 goal=0 here=0 d0=0 d5=1
EVENT 1788405932 x=-1111.0 y=2000.4 h=199 tick=184616 goal=0 here=0 d0=0 d5=1
POS 1788405933 x=-1496 y=1770 h=219 d0=0 d5=1 d11=0.456
EVENT 1788405933 x=-1495.6 y=1770.1 h=219 tick=184722 goal=0 here=0 d0=0 d5=1
EVENT 1788405934 x=-1743.4 y=1399.3 h=252 tick=184828 goal=0 here=0 d0=0 d5=1
EVENT 1788405936 x=-1800.3 y=956.8 h=272 tick=184933 goal=0 here=0 d0=0 d5=1
POS 1788405939 x=-941 y=35 h=347 d0=0 d5=0 d11=0.573
EVENT 1788405939 x=-941.2 y=35.4 h=347 tick=185250 goal=0 here=0 d0=0 d5=1
=== EXPLORE3 start 1788406073 h=341
POS 1788406074 x=400 y=-23 h=16 fl=0.08 far=0.48 d11=0.546 d5=0
EVENT 1788406075 x=752.1 y=191.4 h=48 tick=198913 goal=0 here=0 d0=0 d5=1 d11=0.573
POS 1788406080 x=76 y=1291 h=189 fl=0.10 far=0.27 d11=0.514 d5=0
EVENT 1788406081 x=-272.4 y=1075.5 h=229 tick=199464 goal=0 here=0 d0=0 d5=1 d11=0.492
POS 1788406085 x=400 y=9 h=9 fl=0.10 far=0.50 d11=0.546 d5=0
EVENT 1788406086 x=745.3 y=237.4 h=48 tick=200016 goal=0 here=0 d0=0 d5=1 d11=0.586
POS 1788406091 x=49 y=1311 h=195 fl=0.10 far=0.31 d11=0.496 d5=0
EVENT 1788406092 x=-301.9 y=1094.8 h=228 tick=200567 goal=0 here=0 d0=0 d5=1 d11=0.482
POS 1788406096 x=411 y=44 h=12 fl=0.10 far=0.00 d11=0.559 d5=0
EVENT 1788406097 x=748.4 y=278.4 h=47 tick=201101 goal=0 here=0 d0=0 d5=1 d11=0.572
POS 1788406101 x=12 y=1315 h=192 fl=0.10 far=0.00 d11=0.492 d5=0
EVENT 1788406103 x=-330.4 y=1087.0 h=231 tick=201636 goal=0 here=0 d0=0 d5=1 d11=0.474
POS 1788406107 x=372 y=-8 h=11 fl=0.10 far=0.50 d11=0.546 d5=0
EVENT 1788406108 x=725.0 y=217.2 h=45 tick=202191 goal=0 here=0 d0=0 d5=1 d11=0.562
POS 1788406112 x=71 y=1332 h=189 fl=0.10 far=0.00 d11=0.503 d5=0
EVENT 1788406113 x=-304.7 y=1148.2 h=222 tick=202726 goal=0 here=0 d0=0 d5=1 d11=0.484
POS 1788406118 x=260 y=-31 h=4 fl=0.09 far=0.00 d11=0.530 d5=0
EVENT 1788406119 x=642.3 y=141.2 h=38 tick=203263 goal=0 here=0 d0=0 d5=1 d11=0.574
POS 1788406123 x=167 y=1344 h=178 fl=0.10 far=0.00 d11=0.518 d5=0
EVENT 1788406124 x=-224.1 y=1208.7 h=215 tick=203797 goal=0 here=0 d0=0 d5=1 d11=0.485
POS 1788406128 x=143 y=-55 h=352 fl=0.09 far=0.14 d11=0.530 d5=0
EVENT 1788406130 x=548.6 y=44.3 h=29 tick=204348 goal=0 here=0 d0=0 d5=1 d11=0.561
EVENT 1788406131 x=818.5 y=366.0 h=58 tick=204454 goal=0 here=0 d0=0 d5=1 d11=0.573
POS 1788406134 x=273 y=1345 h=171 fl=0.10 far=0.41 d11=0.538 d5=0
EVENT 1788406135 x=-142.4 y=1276.6 h=204 tick=204909 goal=0 here=0 d0=0 d5=1 d11=0.463
EVENT 1788406136 x=-452.2 y=991.6 h=235 tick=205015 goal=0 here=0 d0=0 d5=1 d11=0.449
POS 1788406140 x=-28 y=-63 h=341 fl=0.12 far=0.00 d11=0.467 d5=0
EVENT 1788406141 x=396.8 y=-51.5 h=11 tick=205451 goal=0 here=0 d0= d5=1 d11=0.515
EVENT 1788406142 x=713.3 y=166.9 h=50 tick=205553 goal=0 here=0 d0=0 d5=1 d11=0.514
POS 1788406145 x=413 y=1250 h=159 fl=0.16 far=0.00 d11=0.490 d5=0
EVENT 1788406146 x=39.4 y=1276.4 h=189 tick=205991 goal=0 here=0 d0=0 d5=1 d11=0.423
EVENT 1788406147 x=-341.7 y=1071.1 h=221 tick=206101 goal=0 here=0 d0=0 d5=1 d11=0.428
POS 1788406150 x=-134 y=-62 h=331 fl=0.18 far=0.49 d11=0.436 d5=0
EVENT 1788406152 x=283.6 y=-129.4 h=4 tick=206554 goal=0 here=0 d0=0 d5=1 d11=0.475
EVENT 1788406153 x=675.8 y=28.8 h=38 tick=206660 goal=0 here=0 d0=0 d5=1 d11=0.485
POS 1788406156 x=608 y=1160 h=138 fl=0.22 far=1.37 d11=0.468 d5=0
EVENT 1788406157 x=208.4 y=1295.8 h=174 tick=207115 goal=0 here=0 d0=0 d5=1 d11=0.384
POS 1788406162 x=-278 y=52 h=316 fl=0.23 far=0.00 d11=0.423 d5=0
EVENT 1788406163 x=134.8 y=-136.5 h=353 tick=207671 goal=0 here=0 d0=0 d5=1 d11=0.499
EVENT 1788406164 x=559.3 y=-43.4 h=26 tick=207777 goal=0 here=0 d0=0 d5=1 d11=0.506
EVENT 1788406165 x=838.0 y=233.2 h=56 tick=207875 goal=0 here=0 d0=0 d5=1 d11=0.511
=== CHASE2 start
CHASE 1788406231 rng=1.581 az=0.094 h=56 tick=214516 goal=0 here=0
CHASE 1788406237 rng=0.760 az=0.028 h=154 tick=215063 goal=0 here=0
CHASE 1788406238 rng=0.801 az=-0.028 h=143 tick=215207 goal=0 here=0
CHASE 1788406240 rng=0.981 az=0.028 h=141 tick=215352 goal=0 here=0
CHASE 1788406241 rng=0.000 az=0.000 h=135 tick=215497 goal=0 here=0
CHASE: object within 0.5, slowing
CHASE 1788406243 rng=1.224 az=-0.140 h=128 tick=215635 goal=0 here=0
CHASE 1788406248 rng=0.855 az=0.022 h=326 tick=216182 goal=0 here=0
CHASE 1788406250 rng=0.760 az=0.221 h=324 tick=216326 goal=0 here=0
CHASE 1788406255 rng=0.564 az=0.053 h=203 tick=216874 goal=0 here=0
CHASE 1788406256 rng=0.390 az=0.017 h=199 
CHASE: object within 0.5, slowing
CHASE 1788406258 rng=0.328 az=-0.084 h=193 tick=217162 goal=0 here=0
CHASE: object within 0.5, slowing
CHASE 1788406263 rng=1.989 az=-0.035 h=102 
CHASE 1788406265 rng=2.050 az=-0.110 h=94 tick=217853 goal=0 here=0
CHASE 1788406270 rng=0.594 az=0.043 h=325 tick=218404 goal=0 here=0
CHASE 1788406272 rng=0.486 az=-0.012 h=318 tick=218549 goal=0 here=0
CHASE: object within 0.5, slowing
CHASE 1788406273 rng=0.521 az=0.036 h=314 tick=218693 goal=0 here=0
CHASE 1788406275 rng=0.557 az=-0.131 h=304 tick=218838 goal=0 here=0
CHASE 1788406280 rng=1.099 az=0.038 h=155 tick=219386 goal=0 here=0
CHASE 1788406282 rng=1.142 az=0.038 h=146 tick=219531 goal=0 here=0
CHASE 1788406283 rng=1.327 az=0.189 h=141 tick=219675 goal=0 here=0
CHASE 1788406289 rng=0.226 az=0.101 h=352 tick=220223 goal=0 here=0
CHASE: object within 0.5, slowing
CHASE 1788406294 rng=1.936 az=-0.102 h=100 tick=220777 goal=0 here=0
CHASE 1788406300 rng=0.393 az=-0.129 h=345 tick=221324 goal=0 here=0
CHASE: object within 0.5, slowing
CHASE 1788406305 rng=0.330 az=0.084 h=196 
CHASE: object within 0.5, slowing
CHASE 1788406310 rng=0.800 az=-0.042 h=280 
CHASE 1788406312 rng=0.514 az=-0.119 h=274 tick=222559 goal=0 here=0
CHASE 1788406317 rng=1.774 az=0.216 h=137 tick=223107 goal=0 here=0
CHASE 1788406323 rng=0.665 az=-0.126 h=12 tick=223655 goal=0 here=0
CHASE 1788406328 rng=0.447 az=-0.072 h=226 tick=224202 goal=0 here=0
CHASE: object within 0.5, slowing
CHASE 1788406334 rng=1.620 az=0.044 h=141 tick=224748 goal=0 here=0
CHASE 1788406335 rng=1.795 az=-0.044 h=134 tick=224893 goal=0 here=0
=== APPROACH start
APP 1788406338 leg=0 rng=1.973 az=0.044 wb=131 h=128 tick=225143 goal=0 here=0
APP 1788406339 leg=1 rng=2.137 az=0.044 wb=125 h=122 tick=225310 goal=0 here=0
APP 1788406341 leg=2 rng=2.283 az=0.222 wb=135 h=122 tick=225477 goal=0 here=0
APP 1788406343 leg=3 rng=2.026 az=0.044 wb=132 h=129 tick=225674 goal=0 here=0
APP 1788406345 leg=4 rng=2.168 az=0.044 wb=123 h=120 tick=225841 goal=0 here=0
APP 1788406346 leg=5 rng=2.299 az=-0.044 wb=110 h=113 tick=226008 goal=0 here=0
APP 1788406348 leg=6 rng=2.397 az=0.044 wb=109 h=107 tick=226175 goal=0 here=0
APP 1788406350 leg=7 rng=2.470 az=0.132 wb=110 h=102 tick=226342 goal=0 here=0
APP 1788406352 leg=8 rng=2.448 az=0.044 wb=106 h=104 tick=226528 goal=0 here=0
APP 1788406353 leg=9 rng=2.505 az=0.133 wb=104 h=96 tick=226695 goal=0 here=0
APP 1788406355 leg=10 rng=2.528 az=0.135 wb=106 h=98 tick=226872 goal=0 here=0
APP 1788406357 leg=11 rng=2.485 az=0.221 wb=113 h=100 tick=227059 goal=0 here=0
APP 1788406359 leg=12 rng=2.413 az=0.133 wb=114 h=107 tick=227256 goal=0 here=0
APP 1788406361 leg=13 rng=2.381 az=-0.044 wb=106 h=108 tick=227443 goal=0 here=0
APP 1788406362 leg=14 rng=2.451 az=0.044 wb=106 h=104 tick=227610 goal=0 here=0
APP 1788406364 leg=15 rng=2.500 az=0.135 wb=104 h=96 tick=227777 goal=0 here=0
APP 1788406366 leg=16 rng=2.523 az=-0.135 wb=88 h=96 tick=227954 goal=0 here=0
APP 1788406368 leg=17 rng=2.397 az=-0.126 wb=74 h=81 tick=228151 goal=0 here=0
APP 1788406370 leg=18 rng=2.044 az=-0.037 wb=64 h=66 tick=228338 goal=0 here=0
APP 1788406371 leg=19 rng=1.656 az=0.161 wb=69 h=60 tick=228505 goal=0 here=0
APPROACH ended
=== SPRINT start
SCAN 1788406454 best_rng=1.866 at wb=87 x=0 y=-3
SPRINT leg=1 mvd=874 cur_rng=1.884 x=71 y=867 h=85
SPRINT leg=2 mvd=908 cur_rng=1.871 x=136 y=1772 h=85
SPRINT leg=3 mvd=904 cur_rng=1.863 x=213 y=2673 h=84
SPRINT leg=4 mvd=910 cur_rng=1.864 x=280 y=3580 h=83
SPRINT leg=5 mvd=816 cur_rng=1.874 x=342 y=4402 h=84
SCAN 1788406479 best_rng=1.857 at wb=93 x=337 y=4433
SPRINT leg=1 mvd=908 cur_rng=1.865 x=310 y=5331 h=94
SPRINT leg=2 mvd=926 cur_rng=1.802 x=289 y=6256 h=88
SPRINT leg=3 mvd=878 cur_rng=1.525 x=261 y=7143 h=91
SPRINT leg=4 mvd=880 cur_rng=1.090 x=233 y=8021 h=91
SPRINT leg=5 mvd=850 cur_rng=0.651 x=196 y=8870 h=92
SCAN 1788406505 best_rng=2.427 at wb=270 x=196 y=8890
SPRINT leg=1 mvd=879 cur_rng=1.976 x=186 y=8013 h=266
SPRINT leg=2 mvd=875 cur_rng=1.535 x=167 y=7131 h=266
SPRINT leg=3 mvd=886 cur_rng=1.086 x=155 y=6236 h=269
SPRINT leg=4 mvd=828 cur_rng=0.642 x=130 y=5410 h=271
SPRINT leg=5 mvd=958 cur_rng=0.188 x=118 y=4453 h=267
SCAN 1788406533 best_rng=2.906 at wb=92 x=123 y=4440
SPRINT leg=1 mvd=837 cur_rng=2.458 x=96 y=5275 h=94
SPRINT leg=2 mvd=922 cur_rng=2.012 x=86 y=6196 h=89
SPRINT leg=3 mvd=892 cur_rng=1.571 x=77 y=7087 h=92
SPRINT leg=4 mvd=906 cur_rng=1.097 x=63 y=7993 h=96
SPRINT leg=5 mvd=906 cur_rng=0.636 x=54 y=8906 h=91
SCAN 1788406559 best_rng=2.414 at wb=272 x=45 y=8907
SPRINT leg=1 mvd=864 cur_rng=1.999 x=65 y=8046 h=270
SPRINT leg=2 mvd=902 cur_rng=1.542 x=74 y=7145 h=272
SPRINT leg=3 mvd=926 cur_rng=1.082 x=89 y=6220 h=271
SPRINT leg=4 mvd=900 cur_rng=0.628 x=102 y=5322 h=271
SPRINT leg=5 mvd=926 cur_rng=0.173 x=113 y=4396 h=272
SCAN 1788406587 best_rng=2.915 at wb=89 x=115 y=4377
SPRINT leg=1 mvd=916 cur_rng=2.447 x=150 y=5290 h=88
SPRINT leg=2 mvd=888 cur_rng=2.009 x=192 y=6177 h=87
SPRINT leg=3 mvd=832 cur_rng=1.574 x=227 y=7008 h=85
SPRINT leg=4 mvd=850 cur_rng=1.142 x=263 y=7903 h=90
SPRINT leg=5 mvd=868 cur_rng=0.727 x=300 y=8769 h=84
SCAN 1788406614 best_rng=2.371 at wb=269 x=300 y=8774
SPRINT leg=1 mvd=898 cur_rng=1.917 x=280 y=7876 h=270
SPRINT leg=2 mvd=904 cur_rng=1.473 x=241 y=6973 h=268
SPRINT leg=3 mvd=876 cur_rng=1.015 x=209 y=6098 h=268
SPRINT leg=4 mvd=933 cur_rng=0.572 x=163 y=5167 h=268
SPRINT leg=5 mvd=910 cur_rng=0.170 x=134 y=4259 h=271
=== DESCEND start
DES 1788406793 x=0 y=0 h=139 max=2.00 steepmean=0.62 d11=0.531
DES 1788406796 x=-82 y=1080 h=90 max=2.40 steepmean=0.00 d11=0.522
DES 1788406799 x=-48 y=2198 h=86 max=1.83 steepmean=0.00 d11=0.467
DES 1788406801 x=-18 y=3357 h=90 max=1.23 steepmean=1.14 d11=0.405
DES 1788406804 x=2 y=4484 h=87 max=0.67 steepmean=0.54 d11=0.336
DES 1788406807 x=22 y=5601 h=91 max=0.00 steepmean=0.00 d11=0.281
DES 1788406810 x=48 y=6734 h=87 max=0.18 steepmean=0.10 d11=0.255
DES 1788406813 x=70 y=7863 h=88 max=0.19 steepmean=0.09 d11=0.278
DES 1788406815 x=98 y=8982 h=89 max=0.17 steepmean=0.08 d11=0.286
DES 1788406818 x=123 y=10122 h=84 max=0.20 steepmean=0.13 d11=0.278
DES 1788406821 x=147 y=11263 h=89 max=0.19 steepmean=0.11 d11=0.266
DES 1788406824 x=179 y=12371 h=89 max=0.18 steepmean=0.08 d11=0.284
DES 1788406827 x=199 y=13524 h=90 max=0.17 steepmean=0.09 d11=0.280
DES 1788406829 x=223 y=14602 h=89 max=0.18 steepmean=0.09 d11=0.281
DES 1788406832 x=242 y=15733 h=91 max=0.17 steepmean=0.09 d11=0.275
DES 1788406835 x=275 y=16852 h=87 max=0.00 steepmean=0.00 d11=0.278
DES 1788406838 x=293 y=17939 h=89 max=0.18 steepmean=0.11 d11=0.285
DES 1788406840 x=325 y=19027 h=87 max=0.18 steepmean=0.09 d11=0.278
DES 1788406843 x=368 y=20189 h=88 max=0.17 steepmean=0.09 d11=0.280
DES 1788406846 x=388 y=21319 h=90 max=0.17 steepmean=0.09 d11=0.285
DES 1788406849 x=414 y=22428 h=88 max=0.17 steepmean=0.09 d11=0.286
DES 1788406852 x=434 y=23535 h=88 max=0.18 steepmean=0.11 d11=0.287
DES 1788406854 x=469 y=24659 h=85 max=0.17 steepmean=0.08 d11=0.287
DES 1788406857 x=489 y=25763 h=87 max=0.00 steepmean=0.00 d11=0.266
DES 1788406860 x=516 y=26851 h=84 max=0.18 steepmean=0.11 d11=0.282
DES 1788406863 x=546 y=28013 h=86 max=0.17 steepmean=0.09 d11=0.268
DES 1788406866 x=573 y=29123 h=88 max=0.16 steepmean=0.08 d11=0.289
DES 1788406868 x=602 y=30226 h=85 max=0.15 steepmean=0.08 d11=0.274
DES 1788406871 x=601 y=31349 h=89 max=0.14 steepmean=0.08 d11=0.271
DES 1788406874 x=636 y=32490 h=90 max=0.12 steepmean=0.06 d11=0.274
DES 1788406877 x=651 y=33593 h=88 max=0.13 steepmean=0.08 d11=0.275
DES 1788406879 x=680 y=34709 h=93 max=0.13 steepmean=0.07 d11=0.287
=== HOTCOLD start
HC start d11min=0.265 h=90
HC 1788406883 h=94 x=-76 y=625 d11 0.269->0.249 mvd=630
HC 1788406885 h=94 x=-96 y=971 d11 0.267->0.260 mvd=346
HC 1788406887 h=152 x=-379 y=1134 d11 0.258->0.268 mvd=327
HC 1788406890 h=94 x=-443 y=1473 d11 0.256->0.269 mvd=318
HC 1788406893 h=36 x=-155 y=1690 d11 0.259->0.261 mvd=352
HC 1788406895 h=87 x=-130 y=2043 d11 0.270->0.250 mvd=352
HC 1788406898 h=137 x=-388 y=2267 d11 0.272->0.272 mvd=342
HC 1788406900 h=82 x=-362 y=2622 d11 0.259->0.261 mvd=348
HC 1788406903 h=18 x=-39 y=2777 d11 0.262->0.268 mvd=350
HC 1788406906 h=70 x=72 y=3093 d11 0.263->0.256 mvd=338
HC 1788406908 h=124 x=-121 y=3374 d11 0.266->0.267 mvd=341
HC 1788406911 h=67 x=-9 y=3682 d11 0.265->0.258 mvd=319
HC 1788406914 h=10 x=336 y=3755 d11 0.252->0.271 mvd=341
HC 1788406916 h=61 x=513 y=4043 d11 0.270->0.268 mvd=324
HC 1788406919 h=109 x=392 y=4367 d11 0.264->0.262 mvd=338
HC 1788406922 h=51 x=608 y=4660 d11 0.265->0.269 mvd=356
HC 1788406924 h=356 x=960 y=4646 d11 0.270->0.258 mvd=343
HC 1788406927 h=40 x=1212 y=4894 d11 0.267->0.266 mvd=350
HC 1788406930 h=92 x=1194 y=5253 d11 0.267->0.261 mvd=352
HC 1788406932 h=38 x=1462 y=5469 d11 0.267->0.270 mvd=337
HC 1788406935 h=341 x=1795 y=5348 d11 0.259->0.288 mvd=346
HC 1788406937 h=28 x=2058 y=5495 d11 0.285->0.276 mvd=300
HC 1788406940 h=74 x=2145 y=5820 d11 0.277->0.283 mvd=336
HC 1788406943 h=16 x=2450 y=5922 d11 0.279->0.280 mvd=314
HC 1788406945 h=320 x=2701 y=5714 d11 0.279->0.290 mvd=316
HC 1788406948 h=6 x=3037 y=5767 d11 0.312->0.318 mvd=336
HC 1788406951 h=58 x=3221 y=6069 d11 0.322->0.307 mvd=352
HC 1788406953 h=0 x=3574 y=6093 d11 0.305->0.308 mvd=346
HC 1788406956 h=301 x=3759 y=5814 d11 0.310->0.330 mvd=326
HC 1788406959 h=353 x=4108 y=5767 d11 0.341->0.344 mvd=339
HC 1788406961 h=42 x=4343 y=5996 d11 0.344->0.336 mvd=328
HC 1788406964 h=341 x=4714 y=5907 d11 0.341->0.344 mvd=356
HC 1788406967 h=283 x=4808 y=5577 d11 0.344->0.341 mvd=335
HC 1788406969 h=337 x=5098 y=5451 d11 0.341->0.339 mvd=321
HC 1788406972 h=28 x=5400 y=5625 d11 0.333->0.330 mvd=346
HC 1788406975 h=326 x=5714 y=5460 d11 0.338->0.347 mvd=339
HC 1788406977 h=268 x=5701 y=5113 d11 0.349->0.333 mvd=340
HC 1788406980 h=319 x=5953 y=4870 d11 0.338->0.347 mvd=336
HC 1788406983 h=12 x=6293 y=4932 d11 0.338->0.333 mvd=338
HC 1788406985 h=314 x=6547 y=4687 d11 0.334->0.336 mvd=342
HC 1788406988 h=257 x=6470 y=4335 d11 0.343->0.354 mvd=352
HC 1788406990 h=304 x=6650 y=4086 d11 0.337->0.342 mvd=306
HC 1788406993 h=354 x=6983 y=4056 d11 0.350->0.355 mvd=334
HC 1788406996 h=294 x=7148 y=3739 d11 0.329->0.346 mvd=349
HC 1788406998 h=237 x=6977 y=3439 d11 0.347->0.361 mvd=338
HC 1788407001 h=283 x=7071 y=3108 d11 0.352->0.394 mvd=342
=== SLOWCRAWL start
SC 1788407004 x=0 y=0 h=331 tick=291756 goal=0 here=0 d11=0.444 d0=0 d5=0
SC 1788407007 x=159 y=26 h=70 tick=292127 goal=0 here=0 d11=0.453 d0=0 d5=0
SC 1788407011 x=296 y=109 h=30 tick=292494 goal=0 here=0 d11=0.443 d0=0 d5=0
SC 1788407015 x=353 y=266 h=93 tick=292830 goal=0 here=0 d11=0.446 d0=0 d5=0
SC 1788407018 x=354 y=439 h=115 tick=293198 goal=0 here=0 d11=0.447 d0=0 d5=0
SC 1788407022 x=216 y=508 h=206 tick=293549 goal=0 here=0 d11=0.441 d0=0 d5=0
SC 1788407026 x=46 y=557 h=89 tick=293950 goal=0 here=0 d11=0.449 d0=0 d5=0
SC 1788407029 x=49 y=734 h=62 tick=294316 goal=0 here=0 d11=0.450 d0=0 d5=0
SC 1788407033 x=213 y=793 h=326 tick=294668 goal=0 here=0 d11=0.454 d0=0 d5=0
SC 1788407037 x=362 y=808 h=90 tick=295061 goal=0 here=0 d11=0.452 d0=0 d5=0
SC 1788407040 x=365 y=976 h=91 tick=295391 goal=0 here=0 d11=0.444 d0=0 d5=0
SC 1788407043 x=367 y=1145 h=92 tick=295720 goal=0 here=0 d11=0.447 d0=0 d5=0
SC 1788407048 x=372 y=1314 h=64 tick=296128 goal=0 here=0 d11=0.445 d0=0 d5=0
SC 1788407052 x=535 y=1375 h=270 tick=296567 goal=0 here=0 d11=0.449 d0=0 d5=0
SC 1788407055 x=533 y=1207 h=269 tick=296897 goal=0 here=0 d11=0.448 d0=0 d5=
SC 1788407059 x=532 y=1044 h=292 tick=297254 goal=0 here=0 d11=0.476 d0=0 d5=0
SC 1788407063 x=674 y=967 h=91 tick=297696 goal=0 here=0 d11=0.480 d0=0 d5=0
SC 1788407066 x=675 y=1138 h=89 tick=298016 goal=0 here=0 d11=0.451 d0=0 d5=0
SC 1788407070 x=675 y=1313 h=92 tick=298346 goal=0 here=0 d11=0.457 d0=0 d5=0
SC 1788407073 x=677 y=1479 h=92 tick=298662 goal=0 here=0 d11=0.452 d0=0 d5=0
SC 1788407076 x=679 y=1649 h=62 tick=299021 goal=0 here=0 d11=0.445 d0=0 d5=0
SC 1788407081 x=836 y=1704 h=267 tick=299440 goal=0 here=0 d11=0.447 d0=0 d5=0
SC 1788407084 x=835 y=1535 h=271 tick=299765 goal=0 here=0 d11=0.470 d0=0 d5=0
SC 1788407087 x=833 y=1366 h=296 tick=300124 goal=0 here=0 d11=0.482 d0=0 d5=0
SC 1788407092 x=981 y=1294 h=89 tick=300566 goal=0 here=0 d11=0.501 d0=0 d5=0
SC 1788407096 x=982 y=1463 h=56 tick=300941 goal=0 here=0 d11=0.463 d0=0 d5=0
SC 1788407099 x=1145 y=1508 h=314  d11=0.469 d0=0 d5=0
SC 1788407103 x=1307 y=1497 h=89 tick=301718 goal=0 here=0 d11=0.467 d0=0 d5=0
SC 1788407107 x=1308 y=1662 h=65  d11=0.454 d0=0 d5=0
=== CLOSEIN start
CI start d11=0.449
CI 1788407111 h=299 d11 0.449->0.448
CI 1788407113 h=359 d11 0.455->0.459
CI 1788407115 h=295 d11 0.460->0.440
CI 1788407117 h=292 d11 0.455->0.443
CI 1788407119 h=231 d11 0.453->0.468
CI 1788407121 h=287 d11 0.467->0.469
CI 1788407124 h=346 d11 0.467->0.486
CI 1788407126 h=282 d11 0.480->0.471
CI 1788407128 h=219 d11 0.480->0.499
CI 1788407130 h=273 d11 0.484->0.529
CI 1788407133 h=326 d11 0.527->0.548
CI 1788407135 h=262 d11 0.540->0.585
CI 1788407138 h=196 d11 0.585->0.578
CI 1788407140 h=253 d11 0.572->0.605
CI 1788407142 h=311 d11 0.609->0.612
CI 1788407145 h=248 d11 0.608->0.609
CI 1788407147 h=184 d11 0.608->0.606
CI 1788407150 h=243 d11 0.609->0.603
CI 1788407152 h=303 d11 0.602->0.595
CI 1788407155 h=238 d11 0.600->0.605
CI 1788407157 h=176 d11 0.610->0.609
CI 1788407159 h=237 d11 0.604->0.600
CI 1788407162 h=295 d11 0.604->0.602
CI 1788407164 h=228 d11 0.605->0.610
CI 1788407166 h=163 d11 0.591->0.601
CI 1788407168 h=214 d11 0.608->0.598
CI 1788407171 h=273 d11 0.604->0.612
CI 1788407173 h=217 d11 0.607->0.614
CI 1788407175 h=157 d11 0.607->0.600
CI 1788407178 h=214 d11 0.605->0.607
CI 1788407180 h=266 d11 0.600->0.592
CI 1788407183 h=203 d11 0.607->0.605
CI 1788407185 h=138 d11 0.610->0.609
CI 1788407187 h=202 d11 0.608->0.601
CI 1788407190 h=260 d11 0.608->0.597
CI 1788407192 h=200 d11 0.610->0.602
CI 1788407194 h=138 d11 0.605->0.596
CI 1788407197 h=194 d11 0.610->0.596
CI 1788407199 h=245 d11 0.595->0.607
CI 1788407201 h=184 d11 0.604->0.608
CI 1788407204 h=118 d11 0.605->0.606
CI 1788407206 h=176 d11 0.594->0.616
CI 1788407208 h=236 d11 0.603->0.601
CI 1788407211 h=177 d11 0.605->0.601
CI 1788407213 h=118 d11 0.600->0.598
CI 1788407215 h=176 d11 0.607->0.601
CI 1788407218 h=232 d11 0.608->0.603
CI 1788407220 h=167 d11 0.607->0.609
CI 1788407223 h=107 d11 0.607->0.606
CI 1788407226 h=166 d11 0.597->0.602
CI 1788407228 h=223 d11 0.600->0.602
CI 1788407231 h=158 d11 0.596->0.610
CI 1788407233 h=95 d11 0.591->0.616
CI 1788407235 h=153 d11 0.602->0.605
CI 1788407238 h=208 d11 0.600->0.604
CI 1788407240 h=145 d11 0.601->0.611
CI 1788407243 h=82 d11 0.605->0.592
=== WAITGAME: stop, ping, listen; if d11<0.32 burst TX
WAIT 1788407250 d11=0.568 burst=False tick=316408 goal=0 here=0
WAIT 1788407251 d11=0.567 burst=False tick=316478 goal=0 here=0
WAIT 1788407260 d11=0.564 burst=False tick=317420 goal=0 here=0
WAIT 1788407261 d11=0.575 burst=False tick=317491 goal=0 here=0
WAIT 1788407270 d11=0.559 burst=False tick=318424 goal=0 here=0
WAIT 1788407271 d11=0.571 burst=False tick=318494 goal=0 here=0
WAIT 1788407280 d11=0.559 burst=False tick=319408 goal=0 here=0
WAIT 1788407281 d11=0.567 burst=False tick=319481 goal=0 here=0
WAIT 1788407290 d11=0.555 burst=False tick=320400 goal=0 here=0
WAIT 1788407291 d11=0.570 burst=False tick=320472 goal=0 here=0
WAIT 1788407300 d11=0.570 burst=False tick=321415 goal=0 here=0
WAIT 1788407301 d11=0.564 burst=False tick=321487 goal=0 here=0
WAIT 1788407310 d11=0.554 burst=False tick=322403 goal=0 here=0
WAIT 1788407311 d11=0.563 burst=False tick=322473 goal=0 here=0
WAIT 1788407320 d11=0.556 burst=False tick=323414 goal=0 here=0
WAIT 1788407321 d11=0.567 burst=False tick=323484 goal=0 here=0
WAIT 1788407330 d11=0.564 burst=False tick=324410 goal=0 here=0
WAIT 1788407331 d11=0.554 burst=False tick=324480 goal=0 here=0
WAIT 1788407340 d11=0.572 burst=False tick=325403 goal=0 here=0
WAIT 1788407341 d11=0.567 burst=False tick=325473 goal=0 here=0
=== DESCENT2 W
D2 1788407346 x=0 y=0 h=141 max=1.20 downmed=0.00 d11=0.585 tick=325942 goal=0 here=0
D2 1788407349 x=-565 y=-899 h=275 max=0.69 downmed=0.31 d11=0.573 tick=326264 goal=0 here=0
D2 1788407352 x=-547 y=-2303 h=270 max=0.55 downmed=0.26 d11=0.581 tick=326586 goal=0 here=0
D2 1788407355 x=-537 y=-3681 h=274 max=0.57 downmed=0.26 d11=0.575 tick=326910 goal=0 here=0
D2 1788407359 x=-523 y=-5055 h=267 max=0.38 downmed=0.17 d11=0.593 tick=327246 goal=0 here=0
D2 1788407362 x=-508 y=-6551 h=270 max=0.35 downmed=0.15 d11=0.605 tick=327578 goal=0 here=0
D2 1788407365 x=-494 y=-7919 h=268 max=0.28 downmed=0.12 d11=0.631 tick=327901 goal=0 here=0
D2 1788407369 x=-479 y=-9335 h=270 max=0.32 downmed=0.14 d11=0.605 tick=328235 goal=0 here=0
D2 1788407372 x=-471 y=-10734 h=269 max=0.31 downmed=0.14 d11=0.593 tick=328554 goal=0 here=0
D2 1788407375 x=-457 y=-12118 h=273 max=0.31 downmed=0.14 d11=0.615 tick=328874 goal=0 here=0
D2 1788407378 x=-451 y=-13532 h=265 max=0.26 downmed=0.12 d11=0.622 tick=329201 goal=0 here=0
D2 1788407382 x=-430 y=-14997 h=272 max=0.34 downmed=0.15 d11=0.614 tick=329531 goal=0 here=0
D2 1788407385 x=-409 y=-16396 h=272 max=0.32 downmed=0.14 d11=0.613 tick=329866 goal=0 here=0
D2 1788407388 x=-399 y=-17838 h=269 max=0.25 downmed=0.12 d11=0.619 tick=330201 goal=0 here=0
D2 1788407391 x=-388 y=-19202 h=274 max=0.32 downmed=0.15 d11=0.626 tick=330518 goal=0 here=0
D2 1788407395 x=-378 y=-20608 h=272 max=0.31 downmed=0.14 d11=0.629 tick=330843 goal=0 here=0
D2 1788407398 x=-370 y=-21968 h=270 max=0.34 downmed=0.15 d11=0.598 tick=331164 goal=0 here=0
D2 1788407401 x=-353 y=-23399 h=270 max=0.34 downmed=0.15 d11=0.611 tick=331494 goal=0 here=0
D2 1788407405 x=-333 y=-24866 h=269 max=0.32 downmed=0.14 d11=0.608 tick=331832 goal=0 here=0
D2 1788407408 x=-320 y=-26228 h=270 max=0.32 downmed=0.14 d11=0.634 tick=332153 goal=0 here=0
D2 1788407411 x=-304 y=-27649 h=271 max=0.31 downmed=0.14 d11=0.613 tick=332484 goal=0 here=0
D2 1788407414 x=-287 y=-29079 h=271 max=0.32 downmed=0.15 d11=0.611 tick=332810 goal=0 here=0
D2 1788407418 x=-272 y=-30489 h=270 max=0.32 downmed=0.15 d11=0.603 tick=333139 goal=0 here=0
D2 1788407421 x=-258 y=-31832 h=271 max=0.31 downmed=0.14 d11=0.614 tick=333455 goal=0 here=0
D2 1788407424 x=-216 y=-33251 h=270 max=0.29 downmed=0.13 d11=0.612 tick=333784 goal=0 here=0
D2 1788407427 x=-203 y=-34725 h=269 max=0.28 downmed=0.12 d11=0.617 tick=334116 goal=0 here=0
D2 1788407431 x=-185 y=-36110 h=274 max=0.29 downmed=0.13 d11=0.612 tick=334438 goal=0 here=0
D2 1788407434 x=-179 y=-37513 h=269 max=0.32 downmed=0.14 d11=0.617 tick=334762 goal=0 here=0
D2 1788407437 x=-155 y=-38928 h=267 max=0.28 downmed=0.13 d11= tick=335084 goal=0 here=0
D2 1788407440 x=-140 y=-40312 h=269 max=0.32 downmed=0.14 d11=0.628 tick=335413 goal=0 here=0
D2 1788407444 x=-116 y=-41759 h=273 max=0.31 downmed=0.14 d11=0.611 tick=335751 goal=0 here=0
D2 1788407447 x=-98 y=-43101 h=271 max=0.29 downmed=0.13 d11=0.615 tick=336074 goal=0 here=0
D2 1788407450 x=-85 y=-44540 h=271 max=0.32 downmed=0.14 d11=0.607 tick=336405 goal=0 here=0
D2 1788407454 x=-72 y=-45936 h=273 max=0.34 downmed=0.15 d11=0.620 tick=336737 goal=0 here=0
D2 1788407457 x=-62 y=-47394 h=268 max=0.28 downmed=0.13 d11=0.630 tick=337067 goal=0 here=0
D2 1788407460 x=-45 y=-48800 h=271 max=0.32 downmed=0.14 d11=0.610 tick=337400 goal=0 here=0
D2 1788407464 x=-32 y=-50242 h=271 max=0.32 downmed=0.14 d11=0.623 tick=337730 goal=0 here=0
D2 1788407467 x=-11 y=-51675 h=270 max=0.28 downmed=0.13 d11=0.607 tick=338061 goal=0 here=0
D2 1788407470 x=2 y=-53098 h=269 max=0.29 downmed=0.13 d11=0.616 tick=338396 goal=0 here=0
D2 1788407473 x=18 y=-54480 h=270 max=0.28 downmed=0.12 d11=0.609 tick=338718 goal=0 here=0
D2 1788407477 x=31 y=-55895 h=272 max=0.35 downmed=0.15 d11=0.607 tick=339050 goal=0 here=0
D2 1788407480 x=42 y=-57302 h=271 max=0.32 downmed=0.14 d11=0.617 tick=339375 goal=0 here=0
CLIFFMAP h=260 deeprange=0 n=0
CLIFFMAP h=277 deeprange=0 n=0
CLIFFMAP h=287 deeprange=0 n=0
CLIFFMAP h=299 deeprange=0 n=0
CLIFFMAP h=307 deeprange=0 n=0
CLIFFMAP h=317 deeprange=0 n=0
CLIFFMAP h=331 deeprange=0 n=0
CLIFFMAP h=349 deeprange=0 n=0
CLIFFMAP h=1 deeprange=0 n=0
CLIFFMAP h=17 deeprange=0 n=0
CLIFFMAP h=32 deeprange=0 n=0
CLIFFMAP h=42 deeprange=0 n=0
CLIFFMAP h=42 deeprange=0 n=0
CLIFFMAP h=54 deeprange=0 n=0
CLIFFMAP h=63 deeprange=0.23 n=38
CLIFFMAP h=74 deeprange=0.13 n=18
CLIFFMAP h=85 deeprange=0.41 n=40
CLIFFMAP h=99 deeprange=0.26 n=49
CLIFFMAP h=114 deeprange=0 n=0
CLIFFMAP h=126 deeprange=0 n=0
CLIFFMAP h=141 deeprange=1.08 n=25
CLIFFMAP h=153 deeprange=1.04 n=137
CLIFFMAP h=162 deeprange=0.83 n=98
CLIFFMAP h=179 deeprange=0.56 n=106
GO 1788407527 h=194 deep=0.10 med=-1.00 d11=0.618 tick=344009 goal=0 here=0
GO 1788407529 h=154 deep=1.05 med=-1.00 d11=0.612 tick=344251 goal=0 here=0
GO 1788407531 h=156 deep=1.04 med=-1.00 d11=0.620 tick=344491 goal=0 here=0
GO 1788407534 h=155 deep=1.00 med=-1.00 d11=0.607 tick=344726 goal=0 here=0
GO 1788407536 h=156 deep=1.03 med=-1.00 d11=0.617 tick=344950 goal=0 here=0
GO 1788407538 h=151 deep=1.03 med=-1.00 d11= tick=345189 goal=0 here=0
GO 1788407541 h=154 deep=1.05 med=-1.00 d11=0.600 tick=345429 goal=0 here=0
GO 1788407543 h=151 deep=1.08 med=-1.00 d11=0.615 tick=345652 goal=0 here=0
GO 1788407545 h=156 deep=1.03 med=-1.00 d11=0.607 tick=345866 goal=0 here=0
GO 1788407547 h=155 deep=1.03 med=-1.00 d11=0.620 tick=346092 goal=0 here=0
GO 1788407550 h=155 deep=1.01 med=-1.00 d11= tick=346325 goal=0 here=0
GO 1788407552 h=154 deep=1.09 med=-1.00 d11=0.615 tick=346551 goal=0 here=0
GO 1788407554 h=154 deep=1.03 med=-1.00 d11= tick=346788 goal=0 here=0
GO 1788407557 h=153 deep=1.08 med=-1.00 d11=0.603 tick=347031 goal=0 here=0
GO 1788407559 h=152 deep=1.03 med=-1.00 d11=0.605 tick=347244 goal=0 here=0
GO 1788407561 h=154 deep=1.07 med=-1.00 d11=0.605 tick=347480 goal=0 here=0
GO 1788407563 h=155 deep=0.99 med=-1.00 d11=0.630 tick=347710 goal=0 here=0
GO 1788407566 h=153 deep=1.03 med=-1.00 d11=0.602 tick=347932 goal=0 here=0
GO 1788407568 h=156 deep=0.00 med=-1.00 d11=0.613 tick=348163 goal=0 here=0
GO 1788407570 h=150 deep=1.04 med=-1.00 d11= tick=348404 goal=0 here=0
GO 1788407573 h=156 deep=1.04 med=-1.00 d11=0.629 tick=348635 goal=0 here=0
GO 1788407575 h=156 deep=1.04 med=-1.00 d11=0.616 tick=348864 goal=0 here=0
GO 1788407577 h=154 deep=1.02 med=-1.00 d11=0.612 tick=349103 goal=0 here=0
GO 1788407580 h=154 deep=1.03 med=-1.00 d11=0.614 tick=349336 goal=0 here=0
GO 1788407582 h=154 deep=1.03 med=-1.00 d11=0.618 tick=349578 goal=0 here=0
GO 1788407584 h=157 deep=1.03 med=-1.00 d11=0.618 tick=349816 goal=0 here=0
GO 1788407587 h=154 deep=1.09 med=-1.00 d11=0.629 tick=350038 goal=0 here=0
GO 1788407589 h=155 deep=1.05 med=-1.00 d11=0.608 tick=350256 goal=0 here=0
GO 1788407591 h=151 deep=1.08 med=-1.00 d11=0.608 tick=350494 goal=0 here=0
GO 1788407594 h=157 deep=0.99 med=-1.00 d11=0.616 tick=350712 goal=0 here=0
GO 1788407596 h=151 deep=1.07 med=-1.00 d11=0.619 tick=350959 goal=0 here=0
GO 1788407598 h=156 deep=1.05 med=-1.00 d11=0.618 tick=351183 goal=0 here=0
GO 1788407601 h=152 deep=1.05 med=-1.00 d11=0.606 tick=351410 goal=0 here=0
GO 1788407603 h=152 deep=1.09 med=-1.00 d11=0.620 tick=351641 goal=0 here=0
GO 1788407605 h=156 deep=1.00 med=-1.00 d11=0.621 tick=351861 goal=0 here=0
GO 1788407607 h=154 deep=1.03 med=-1.00 d11=0.614 tick=352079 goal=0 here=0
GO 1788407609 h=152 deep=1.07 med=-1.00 d11=0.607 tick=352304 goal=0 here=0
GO 1788407612 h=156 deep=0.99 med=-1.00 d11=0.621 tick=352523 goal=0 here=0
GO 1788407614 h=150 deep=1.11 med=-1.00 d11=0.613 tick=352746 goal=0 here=0
GO 1788407616 h=152 deep=1.09 med=-1.00 d11=0.604 tick=352964 goal=0 here=0
GO 1788407618 h=155 deep=1.03 med=-1.00 d11=0.618 tick=353186 goal=0 here=0
GO 1788407620 h=155 deep=1.03 med=-1.00 d11=0.607 tick=353410 goal=0 here=0
GO 1788407623 h=154 deep=1.03 med=-1.00 d11=0.608 tick=353642 goal=0 here=0
GO 1788407625 h=154 deep=1.06 med=-1.00 d11=0.606 tick=353863 goal=0 here=0
GO 1788407628 h=154 deep=1.03 med=-1.00 d11=0.619 tick=354108 goal=0 here=0
GO 1788407630 h=151 deep=1.07 med=-1.00 d11=0.619 tick=354341 goal=0 here=0
GO 1788407632 h=156 deep=1.00 med=-1.00 d11=0.591 tick=354553 goal=0 here=0
GO 1788407634 h=152 deep=1.03 med=-1.00 d11=0.591 tick=354775 goal=0 here=0
GO 1788407637 h=153 deep=1.03 med=-1.00 d11=0.577 tick=355004 goal=0 here=0
GO 1788407639 h=154 deep=1.03 med=-1.00 d11=0.546 tick=355244 goal=0 here=0
GO 1788407641 h=151 deep=1.08 med=-1.00 d11=0.549 tick=355463 goal=0 here=0
GO 1788407643 h=151 deep=1.03 med=-1.00 d11=0.557 tick=355682 goal=0 here=0
GO 1788407645 h=159 deep=0.96 med=-1.00 d11=0.574 
GO 1788407648 h=152 deep=1.05 med=-1.00 d11=0.593 tick=356125 goal=0 here=0
GO 1788407650 h=151 deep=1.08 med=-1.00 d11=0.596 tick=356341 goal=0 here=0
GO 1788407652 h=150 deep=1.03 med=-1.00 d11=0.595 tick=356562 goal=0 here=0
GO 1788407654 h=154 deep=1.06 med=-1.00 d11=0.602 tick=356791 goal=0 here=0
GO 1788407657 h=155 deep=1.03 med=-1.00 d11=0.605 tick=357022 goal=0 here=0
GO 1788407659 h=153 deep=1.03 med=-1.00 d11=0.612 tick=357238 goal=0 here=0
GO 1788407661 h=152 deep=1.04 med=-1.00 d11=0.613 tick=357468 goal=0 here=0
GO 1788407663 h=151 deep=1.04 med=-1.00 d11=0.597 tick=357688 goal=0 here=0
GO 1788407665 h=157 deep=1.00 med=-1.00 d11=0.592 tick=357909 goal=0 here=0
GO 1788407668 h=154 deep=1.04 med=-1.00 d11=0.570 tick=358126 goal=0 here=0
GO 1788407670 h=156 deep=1.04 med=-1.00 d11=0.596 tick=358349 goal=0 here=0
GO 1788407672 h=155 deep=1.04 med=-1.00 d11=0.583 tick=358573 goal=0 here=0
GO 1788407674 h=156 deep=1.08 med=-1.00 d11=0.596 tick=358792 goal=0 here=0
GO 1788407677 h=155 deep=1.02 med=-1.00 d11=0.585 tick=359010 goal=0 here=0
GO 1788407679 h=154 deep=1.03 med=-1.00 d11=0.604 tick=359250 goal=0 here=0
GO 1788407681 h=153 deep=1.07 med=-1.00 d11=0.591 tick=359483 goal=0 here=0
GO 1788407684 h=153 deep=1.09 med=-1.00 d11=0.592 tick=359706 goal=0 here=0
GO 1788407686 h=152 deep=0.99 med=-1.00 d11=0.581 tick=359946 goal=0 here=0
GO 1788407688 h=155 deep=1.04 med=-1.00 d11=0.581 tick=360186 goal=0 here=0
GO 1788407690 h=157 deep=1.05 med=-1.00 d11=0.582 tick=360412 goal=0 here=0
GO 1788407693 h=155 deep=1.05 med=-1.00 d11=0.582 tick=360639 goal=0 here=0
GO 1788407695 h=150 deep=1.05 med=-1.00 d11=0.587 tick=360881 goal=0 here=0
GO 1788407698 h=150 deep=0.00 med=-1.00 d11=0.589 tick=361121 goal=0 here=0
GO 1788407700 h=152 deep=1.09 med=-1.00 d11= tick=361346 goal=0 here=0
GO 1788407702 h=153 deep=1.03 med=-1.00 d11=0.590 tick=361559 goal=0 here=0
GO 1788407704 h=155 deep=1.03 med=-1.00 d11=0.575 tick=361790 goal=0 here=0
GO 1788407707 h=149 deep=1.07 med=-1.00 d11=0.578 tick=362018 goal=0 here=0
=== SWEEP2
SW2 h=153 deep=1.08@az0.24 comp=0@az0 n=0
SW2 h=162 deep=0.84@az-0.03 comp=0@az0 n=0
SW2 h=177 deep=0.55@az0.08 comp=0@az0 n=0
SW2 h=188 deep=0.26@az0.08 comp=0@az0 n=0
SW2 h=207 deep=0@az0 comp=0@az0 n=0
SW2 h=220 deep=0@az0 comp=0@az0 n=0
SW2 h=236 deep=0@az0 comp=0@az0 n=0
SW2 h=248 deep=0@az0 comp=0@az0 n=0
SW2 h=262 deep=0@az0 comp=0@az0 n=0
SW2 h=274 deep=0@az0 comp=0@az0 n=0
SW2 h=288 deep=0@az0 comp=0@az0 n=0
SW2 h=299 deep=0@az0 comp=0@az0 n=0
SW2 h=314 deep=0@az0 comp=0@az0 n=0
SW2 h=328 deep=0@az0 comp=0.75@az-0.15 n=17
SW2 h=339 deep=0@az0 comp=0.85@az-0.05 n=77
SW2 h=352 deep=0@az0 comp=0.85@az0.23 n=54
SW2 h=5 deep=0@az0 comp=0.85@az-0.04 n=44
SW2 h=16 deep=0@az0 comp=0.78@az-0.15 n=160
SW2 h=24 deep=0@az0 comp=0.78@az-0.15 n=222
SW2 h=35 deep=0@az0 comp=0.75@az-0.04 n=215
SW2 h=48 deep=0@az0 comp=0.76@az-0.15 n=157
SW2 h=62 deep=0@az0 comp=0@az0 n=0
SW2 h=72 deep=0.1@az0.11 comp=0.77@az-0.15 n=41
SW2 h=82 deep=0.29@az0.22 comp=0.78@az-0.15 n=40
SW2 BEST deep h=153.0 r=1.08 | comp h=24.0 n=222
=== MEETUP start
MU 1788407771 comp r=0.38@az-0.03 n=67 h=93 tick=368486 goal=0 here=0
MU 1788407772 comp r=0.55@az-0.15 n=71 h=89 tick=368513 goal=0 here=0
MU 1788407772 comp r=0.89@az0.11 n=113 h=91 tick=368540 goal=0 here=0
MU 1788407772 comp r=0.77@az-0.15 n=92 h=90 tick=368568 goal=0 here=0
=== ORBIT: standing still, tracking companion
=== ORBIT: standing still, tracking companion
ORB n=117 center=(0.44,-0.42) dist=0.61 spread_mean=0.00 spread_max=0.01
ORB r_range=[0.60,0.62] bearing_range=[316,317]
ORB pt t=125 r=0.61 wb=316
ORB pt t=126 r=0.61 wb=316
ORB pt t=128 r=0.61 wb=317
ORB pt t=129 r=0.61 wb=316
ORB pt t=130 r=0.61 wb=316
ORB pt t=132 r=0.61 wb=316
ORB pt t=133 r=0.61 wb=316
ORB pt t=134 r=0.62 wb=316
ORB pt t=135 r=0.61 wb=316
ORB pt t=137 r=0.61 wb=316
ORB pt t=138 r=0.60 wb=316
ORB pt t=139 r=0.61 wb=316
ORB pt t=141 r=0.60 wb=316
ORB pt t=142 r=0.61 wb=316
ORB pt t=143 r=0.61 wb=316
ORB pt t=144 r=0.61 wb=316
ORB pt t=146 r=0.61 wb=316
ORB pt t=147 r=0.61 wb=316
ORB pt t=148 r=0.61 wb=316
ORB pt t=150 r=0.61 wb=316
ORBIT end
ORB n=116 center=(0.44,-0.42) dist=0.61 spread_mean=0.00 spread_max=0.01
ORB r_range=[0.60,0.62] bearing_range=[316,317]
ORB pt t=124 r=0.61 wb=316
ORB pt t=125 r=0.61 wb=316
ORB pt t=127 r=0.61 wb=316
ORB pt t=128 r=0.61 wb=316
ORB pt t=130 r=0.61 wb=317
ORB pt t=132 r=0.61 wb=316
ORB pt t=133 r=0.61 wb=317
ORB pt t=134 r=0.61 wb=317
ORB pt t=136 r=0.61 wb=316
ORB pt t=137 r=0.61 wb=316
ORB pt t=138 r=0.61 wb=316
ORB pt t=139 r=0.61 wb=317
ORB pt t=141 r=0.60 wb=316
ORB pt t=142 r=0.61 wb=317
ORB pt t=143 r=0.60 wb=316
ORB pt t=145 r=0.61 wb=316
ORB pt t=146 r=0.61 wb=316
ORB pt t=147 r=0.61 wb=316
ORB pt t=148 r=0.61 wb=317
ORB pt t=150 r=0.61 wb=316
ORBIT end
=== INSPECT: approach fixed object at wb=316
IN 1788408102 h=312 nearhor=0.60@0.01 d11=0.393 d5=0 tick=401541 goal=0 here=0
IN 1788408102 h=318 nearhor=0.56@-0.03 d11=0.411 d5=0 tick=401568 goal=0 here=0
IN 1788408102 h=312 nearhor=0.56@-0.03 d11=0.413 d5=0 tick=401599 goal=0 here=0
IN 1788408103 h=322 nearhor=0.47@0.07 d11=0.412 d5=0 tick=401632 goal=0 here=0
IN 1788408103 h=316 nearhor=0.48@-0.03 d11=0.434 d5=0 tick=401658 goal=0 here=0
IN 1788408103 h=319 nearhor=0.47@0.11 d11=0.420 d5=0 tick=401690 goal=0 here=0
IN 1788408104 h=314 nearhor=0.45@0.01 d11=0.431 d5=0 tick=401723 goal=0 here=0
IN 1788408104 h=313 nearhor=0.41@-0.10 d11=0.436 d5= tick=401755 goal=0 here=0
IN 1788408104 h=315 nearhor=0.38@-0.04 d11=0.453 d5=0 tick=401781 goal=0 here=0
IN 1788408104 h=315 nearhor=0.35@0.09 d11=0.444 d5=0 tick=401814 goal=0 here=0
IN 1788408105 h=314 nearhor=0.32@0.02 d11=0.469 d5=0 tick=401844 goal=0 here=0
IN 1788408105 h=318 nearhor=0.29@0.04 d11=0.467 d5=0 tick=401870 goal=0 here=0
IN 1788408105 h=314 nearhor=0.26@-0.06 d11=0.477 d5=0 tick=401897 goal=0 here=0
IN 1788408106 h=314 nearhor=0.23@-0.01 d11=0.490 d5=0 tick=401921 goal=0 here=0
IN 1788408106 h=317 nearhor=0.23@-0.07 d11=0.491 d5=0 tick=401952 goal=0 here=0
IN 1788408106 h=316 nearhor=0.22@0.01 d11=0.489 d5=0 tick=401984 goal=0 here=0
IN 1788408106 h=315 nearhor=0.21@0.01 d11=0.484 d5=0 tick=402011 goal=0 here=0
IN 1788408107 h=320 nearhor=0.21@-0.03 d11=0.493 d5=0 tick=402039 goal=0 here=0
IN 1788408107 h=313 nearhor=0.22@0.03 d11=0.503 d5=0 tick=402068 goal=0 here=0
IN 1788408107 h=316 nearhor=0.21@0.05 d11=0.490 d5=0 tick=402094 goal=0 here=0
IN 1788408108 h=312 nearhor=0.21@0.04 d11=0.509 d5=0 tick=402127 goal=0 here=0
IN 1788408108 h=312 nearhor=0.20@-0.05 d11=0.511 d5=0 tick=402151 goal=0 here=0
IN 1788408108 h=318 nearhor=0.20@-0.06 d11=0.500 d5=0 tick=402183 goal=0 here=0
IN 1788408108 h=318 nearhor=0.19@0.03 d11=0.518 d5=0 tick=402217 goal=0 here=0
IN 1788408109 h=315 nearhor=0.20@-0.02 d11=0.510 d5=0 tick=402248 goal=0 here=0
IN 1788408109 h=316 nearhor=0.19@0.01 d11=0.516 d5=0 tick=402275 goal=0 here=0
IN 1788408109 h=312 nearhor=0.19@-0.04 d11=0.520 d5=0 tick=402308 goal=0 here=0
IN 1788408110 h=317 nearhor=0.18@0.05 d11=0.522 d5=0 tick=402341 goal=0 here=0
IN 1788408110 h=317 nearhor=0.18@0.03 d11=0.514 d5=0 tick=402374 goal=0 here=0
IN: ARRIVED at object vicinity. Stopping.
INS 1788408110 d11=0.552 d5=0 d0=0 nhor=739 minhor=(0.051, -0.015) tick=402398 goal=0 here=0
INS 1788408111 d11=0.540 d5=0 d0=0 nhor=733 minhor=(0.051, -0.034) 
INS 1788408112 d11=0.561 d5=0 d0=0 nhor=730 minhor=(0.051, -0.013) tick=402617 goal=0 here=0
INS 1788408114 d11=0.556 d5=0 d0=0 nhor=731 minhor=(0.051, -0.032) tick=402725 goal=0 here=0
INS 1788408115 d11=0.558 d5=0 d0=0 nhor=732 minhor=(0.051, -0.044) tick=402831 goal=0 here=0
INS 1788408116 d11=0.545 d5=0 d0=0 nhor=735 minhor=(0.051, 0.032) tick=402938 goal=0 here=0
INS 1788408117 d11=0.557 d5=0 d0=0 nhor=736 minhor=(0.051, -0.009) tick=403045 goal=0 here=0
INS 1788408118 d11=0.555 d5=0 d0=0 nhor=0 minhor=- tick=403152 goal=0 here=0
INS 1788408119 d11=0.568 d5=0 d0=0 nhor=732 minhor=(0.051, -0.014) tick=403252 goal=0 here=0
INS 1788408120 d11=0.541 d5=0 d0=0 nhor=732 minhor=(0.051, -0.044) tick=403358 goal=0 here=0
INS 1788408121 d11=0.568 d5=0 d0=0 nhor=734 minhor=(0.051, -0.04) tick=403467 goal=0 here=0
INS 1788408122 d11=0.557 d5=0 d0=0 nhor=729 minhor=(0.051, -0.034) tick=403575 goal=0 here=0
INS 1788408123 d11=0.552 d5=0 d0=0 nhor=734 minhor=(0.051, -0.049) tick=403681 goal=0 here=0
INS 1788408124 d11=0.549 d5=0 d0=0 nhor=731 minhor=(0.051, -0.032) tick=403789 goal=0 here=0
INS 1788408125 d11=0.557 d5=0 d0=0 nhor=729 minhor=(0.051, -0.003) tick=403896 goal=0 here=0
INS 1788408126 d11=0.563 d5=0 d0=0 nhor=729 minhor=(0.051, -0.038) tick=404002 goal=0 here=0
INS 1788408127 d11=0.545 d5=0 d0=0 nhor=728 minhor=(0.051, -0.026) tick=404109 goal=0 here=0
INS 1788408128 d11=0.559 d5=0 d0=0 nhor=732 minhor=(0.051, -0.045) tick=404216 goal=0 here=0
INS 1788408130 d11=0.554 d5=0 d0=0 nhor=734 minhor=(0.051, -0.02) tick=404324 goal=0 here=0
INS 1788408131 d11=0.558 d5=0 d0=0 nhor=728 minhor=(0.051, -0.009) tick=404430 goal=0 here=0
INS 1788408132 d11=0.557 d5=0 d0=0 nhor=726 minhor=(0.051, -0.014) tick=404537 goal=0 here=0
INS 1788408133 d11=0.549 d5=0 d0=0 nhor=731 minhor=(0.051, -0.013) tick=404643 goal=0 here=0
INS 1788408134 d11=0.553 d5=0 d0=0 nhor=0 minhor=- tick=404750 goal=0 here=0
INS 1788408135 d11=0.544 d5=0 d0=0 nhor=734 minhor=(0.051, -0.032) tick=404850 goal=0 here=0
INS 1788408136 d11=0.557 d5=0 d0=0 nhor=727 minhor=(0.051, -0.018) tick=404958 goal=0 here=0
INS 1788408137 d11=0.555 d5=0 d0=0 nhor=720 minhor=(0.051, -0.024) tick=405065 goal=0 here=0
INS 1788408138 d11=0.551 d5=0 d0=0 nhor=738 minhor=(0.052, -0.026) tick=405172 goal=0 here=0
INS 1788408139 d11=0.552 d5=0 d0=0 nhor=734 minhor=(0.051, -0.032) tick=405279 goal=0 here=0
INS 1788408140 d11=0.562 d5=0 d0=0 nhor=728 minhor=(0.051, -0.016) tick=405386 goal=0 here=0
INS 1788408141 d11=0.562 d5=0 d0=0 nhor=736 minhor=(0.051, -0.038) tick=405492 goal=0 here=0
INS 1788408142 d11=0.548 d5=0 d0= nhor=729 minhor=(0.051, 0.02) tick=405600 goal=0 here=0
INS 1788408143 d11=0.543 d5=0 d0=0 nhor=733 minhor=(0.051, -0.026) tick=405707 goal=0 here=0
INS 1788408144 d11=0.561 d5=0 d0=0 nhor=736 minhor=(0.051, -0.044) tick=405815 goal=0 here=0
INS 1788408145 d11=0.565 d5=0 d0=0 nhor=736 minhor=(0.051, -0.044) tick=405921 goal=0 here=0
INS 1788408147 d11=0.563 d5=0 d0=0 nhor=739 minhor=(0.051, -0.026) tick=406028 goal=0 here=0
INS 1788408148 d11=0.543 d5= d0=0 nhor=732 minhor=(0.051, -0.026) tick=406139 goal=0 here=0
INS 1788408149 d11=0.551 d5=0 d0=0 nhor=732 minhor=(0.051, -0.035) tick=406247 goal=0 here=0
INS 1788408150 d11=0.551 d5=0 d0=0 nhor=723 minhor=(0.051, 0.02) tick=406354 goal=0 here=0
INS 1788408151 d11=0.559 d5=0 d0=0 nhor=738 minhor=(0.051, -0.034) tick=406461 goal=0 here=0
INS 1788408152 d11=0.561 d5=0 d0=0 nhor=732 minhor=(0.051, -0.035) tick=406568 goal=0 here=0
INS 1788408153 d11=0.563 d5=0 d0=0 nhor=0 minhor=- tick=406675 goal=0 here=0
INS 1788408154 d11=0.566 d5=0 d0=0 nhor=731 minhor=(0.051, -0.044) tick=406775 goal=0 here=0
INS 1788408155 d11=0.570 d5=0 d0=0 nhor=736 minhor=(0.051, -0.018) tick=406882 goal=0 here=0
INS 1788408156 d11=0.560 d5=0 d0=0 nhor=734 minhor=(0.051, -0.01) tick=406989 goal=0 here=0
INS 1788408157 d11=0.559 d5=0 d0=0 nhor=727 minhor=(0.051, -0.029) tick=407096 goal=0 here=0
INS 1788408158 d11=0.557 d5=0 d0=0 nhor=734 minhor=(0.051, -0.003) tick=407202 goal=0 here=0
INS 1788408159 d11=0.562 d5=0 d0=0 nhor=729 minhor=(0.051, -0.038) tick=407310 goal=0 here=0
INS 1788408160 d11=0.559 d5=0 d0=0 nhor=730 minhor=(0.051, -0.05) tick=407416 goal=0 here=0
INS 1788408162 d11=0.558 d5=0 d0=0 nhor=730 minhor=(0.051, 0.013) tick=407523 goal=0 here=0
INS 1788408163 d11= d5=0 d0=0 nhor=734 minhor=(0.051, 0.014) tick=407629 goal=0 here=0
INS 1788408164 d11= d5=0 d0=0 nhor=729 minhor=(0.051, -0.032) tick=407736 goal=0 here=0
INS 1788408165 d11=0.566 d5=0 d0=0 nhor=731 minhor=(0.051, -0.018) tick=407843 goal=0 here=0
INS 1788408166 d11=0.551 d5=0 d0=0 nhor=732 minhor=(0.051, -0.038) tick=407950 goal=0 here=0
INS 1788408167 d11=0.564 d5=0 d0=0 nhor=735 minhor=(0.051, 0.043) tick=408057 goal=0 here=0
INS 1788408168 d11=0.554 d5=0 d0=0 nhor=730 minhor=(0.051, -0.015) tick=408164 goal=0 here=0
INS 1788408169 d11=0.551 d5=0 d0=0 nhor=730 minhor=(0.051, -0.034) tick=408270 goal=0 here=0
INS 1788408170 d11=0.544 d5=0 d0=0 nhor=728 minhor=(0.051, -0.045) tick=408377 goal=0 here=0
INS 1788408171 d11=0.536 d5=0 d0=0 nhor=738 minhor=(0.051, -0.013) tick=408484 goal=0 here=0
INS 1788408172 d11=0.553 d5=0 d0=0 nhor=732 minhor=(0.051, -0.018) tick=408591 goal=0 here=0
INS 1788408173 d11=0.542 d5=0 d0=0 nhor=733 minhor=(0.051, -0.044) tick=408698 goal=0 here=0
INS 1788408174 d11=0.569 d5=0 d0=0 nhor=735 minhor=(0.051, -0.029) tick=408805 goal=0 here=0
INS 1788408175 d11= d5=0 d0=0 nhor=727 minhor=(0.051, 0.003) tick=408911 goal=0 here=0
INS 1788408176 d11=0.570 d5=0 d0=0 nhor=727 minhor=(0.051, -0.008) tick=409018 goal=0 here=0
INS 1788408178 d11=0.557 d5=0 d0=0 nhor=725 minhor=(0.051, -0.029) tick=409125 goal=0 here=0
INS 1788408179 d11=0.566 d5=0 d0=0 nhor=736 minhor=(0.051, 0.026) tick=409232 goal=0 here=0
INS 1788408180 d11=0.553 d5=0 d0=0 nhor=734 minhor=(0.051, -0.009) tick=409338 goal=0 here=0
INS 1788408181 d11=0.565 d5=0 d0=0 nhor=731 minhor=(0.051, -0.032) tick=409445 goal=0 here=0
INS 1788408182 d11=0.548 d5=0 d0=0 nhor=735 minhor=(0.051, -0.038) tick=409552 goal=0 here=0
INS 1788408183 d11=0.565 d5=0 d0=0 nhor=729 minhor=(0.051, -0.009) tick=409659 goal=0 here=0
INS 1788408184 d11=0.552 d5=0 d0=0 nhor=731 minhor=(0.051, -0.026) tick=409766 goal=0 here=0
=== INSPECT2 approach object via cluster tracking
I2 1788408185 obj r=0.26@az-0.01 n=25 h=313 d11=0.561 tick=409901 goal=0 here=0
I2 1788408186 obj r=0.26@az0.01 n=10 h=316 d11=0.555 tick=409929 goal=0 here=0
I2 lost object, rotating h=316
I2 lost object, rotating h=344
I2 1788408189 obj r=0.26@az0.00 n=81 h=15 d11=0.589 tick=410242 goal=0 here=0
I2 1788408189 obj r=0.26@az-0.00 n=43 h=20 d11=0.556 tick=410268 goal=0 here=0
I2 1788408189 obj r=0.25@az0.00 n=5 h=22 d11=0.563 tick=410295 goal=0 here=0
I2 lost object, rotating h=19
I2 1788408191 obj r=0.28@az0.00 n=211 h=48 d11=0.583 tick=410520 goal=0 here=0
I2 1788408192 obj r=0.27@az-0.00 n=211 h=54 d11=0.557 tick=410546 goal=0 here=0
I2 1788408192 obj r=0.27@az-0.00 n=214 h=52 d11=0.561 tick=410573 goal=0 here=0
I2 1788408192 obj r=0.27@az-0.00 n=210 h=49 d11=0.566 tick=410600 goal=0 here=0
I2 1788408193 obj r=0.27@az0.00 n=208 h=50 d11=0.559 tick=410627 goal=0 here=0
I2 1788408193 obj r=0.27@az-0.00 n=203 h=49 d11=0.570 tick=410654 goal=0 here=0
I2 1788408193 obj r=0.27@az-0.00 n=187 h=49 d11=0.564 tick=410680 goal=0 here=0
I2 1788408193 obj r=0.27@az0.00 n=182 h=52 d11= tick=410708 goal=0 here=0
I2 1788408194 obj r=0.27@az-0.00 n=189 h=50 d11=0.558 tick=410734 goal=0 here=0
I2 1788408194 obj r=0.27@az0.00 n=180 h=49 d11=0.576 tick=410761 goal=0 here=0
I2 1788408194 obj r=0.26@az-0.00 n=184 h=50 d11=0.564 tick=410788 goal=0 here=0
I2 1788408194 obj r=0.26@az-0.00 n=166 h=51 d11=0.563 tick=410814 goal=0 here=0
I2 1788408195 obj r=0.26@az-0.00 n=152 h=48 d11=0.564 tick=410841 goal=0 here=0
I2 1788408195 obj r=0.26@az-0.00 n=151 h=47 d11=0.575 tick=410867 goal=0 here=0
I2 1788408195 obj r=0.26@az-0.00 n=144 h=45 d11=0.564 tick=410894 goal=0 here=0
I2 1788408195 obj r=0.26@az0.00 n=130 h=45 d11=0.567 tick=410920 goal=0 here=0
I2 1788408196 obj r=0.26@az-0.00 n=120 h=44 d11=0.561 tick=410947 goal=0 here=0
I2 1788408196 obj r=0.26@az-0.00 n=131 h=42 d11=0.578 tick=410974 goal=0 here=0
I2 1788408196 obj r=0.26@az-0.00 n=116 h=45 d11=0.564 tick=411000 goal=0 here=0
I2 1788408197 obj r=0.26@az0.00 n=93 h=44 d11=0.569 tick=411028 goal=0 here=0
I2 1788408197 obj r=0.26@az0.00 n=112 h=44 d11=0.557 tick=411054 goal=0 here=0
I2 1788408197 obj r=0.26@az0.00 n=115 h=42 d11=0.568 tick=411081 goal=0 here=0
I2 1788408197 obj r=0.26@az-0.00 n=99 h=44 d11=0.570 tick=411107 goal=0 here=0
I2 1788408198 obj r=0.26@az-0.00 n=90 h=46 d11=0.552 tick=411134 goal=0 here=0
I2 1788408198 obj r=0.26@az-0.00 n=88 h=41 d11=0.557 tick=411161 goal=0 here=0
I2 1788408198 obj r=0.26@az0.00 n=71 h=45 d11=0.576 tick=411188 goal=0 here=0
I2 1788408198 obj r=0.26@az-0.00 n=84 h=41 d11=0.562 tick=411214 goal=0 here=0
I2 1788408199 obj r=0.26@az-0.00 n=79 h=42 d11=0.568 tick=411241 goal=0 here=0
I2 1788408199 obj r=0.26@az-0.01 n=56 h=42 d11=0.575 tick=411298 goal=0 here=0
I2 1788408200 obj r=0.26@az-0.01 n=39 h=38 d11=0.547 tick=411324 goal=0 here=0
I2 1788408200 obj r=0.26@az0.01 n=39 h=37 d11=0.576 tick=411351 goal=0 here=0
I2 1788408200 obj r=0.26@az0.01 n=26 h=37 d11=0.568 
I2 1788408200 obj r=0.26@az-0.00 n=43 h=42 d11=0.573 
I2 1788408201 obj r=0.26@az-0.00 n=26 h=38 d11=0.557 tick=411431 goal=0 here=0
I2 1788408201 obj r=0.25@az0.01 n=22 h=37 d11=0.572 tick=411458 goal=0 here=0
I2 1788408201 obj r=0.26@az-0.00 n=21 h=38 d11=0.558 tick=411486 goal=0 here=0
I2 1788408201 obj r=0.26@az-0.01 n=27 h=35 d11=0.574 
I2 1788408202 obj r=0.26@az0.00 n=13 h=36 d11=0.577 tick=411539 goal=0 here=0
I2 1788408202 obj r=0.26@az-0.01 n=14 h=37 d11=0.557 tick=411566 goal=0 here=0
I2 1788408202 obj r=0.25@az0.01 n=6 h=34 d11=0.572 tick=411592 goal=0 here=0
I2 1788408202 obj r=0.25@az-0.01 n=19 h=37 d11=0.575 tick=411619 goal=0 here=0
I2 1788408203 obj r=0.26@az-0.00 n=13 h=34 d11=0.558 tick=411646 goal=0 here=0
I2 1788408203 obj r=0.26@az0.02 n=13 h=36 d11=0.578 tick=411673 goal=0 here=0
I2 1788408203 obj r=0.26@az0.00 n=12 h=31 d11=0.567 tick=411700 goal=0 here=0
I2 1788408204 obj r=0.25@az-0.02 n=8 h=37 d11=0.563 tick=411726 goal=0 here=0
I2 1788408204 obj r=0.25@az0.02 n=6 h=30 d11=0.574 tick=411753 goal=0 here=0
I2 1788408204 obj r=0.25@az0.02 n=4 h=31 d11=0.574 tick=411779 goal=0 here=0
I2 1788408204 obj r=0.25@az0.00 n=16 h=33 d11=0.563 tick=411808 goal=0 here=0
I2 1788408205 obj r=0.26@az0.01 n=13 h=35 d11=0.574 tick=411835 goal=0 here=0
I2 1788408205 obj r=0.26@az0.02 n=8 h=33 d11=0.564 tick=411862 goal=0 here=0
I2 1788408205 obj r=0.25@az0.01 n=14 h=40 d11=0.570 tick=411889 goal=0 here=0
I2 1788408205 obj r=0.26@az-0.01 n=25 h=38 d11=0.563 tick=411916 goal=0 here=0
I2 1788408206 obj r=0.26@az-0.01 n=14 h=33 d11=0.570 tick=411942 goal=0 here=0
I2 1788408206 obj r=0.25@az-0.02 n=15 h=34 d11=0.569 tick=411969 goal=0 here=0
I2 1788408206 obj r=0.25@az-0.05 n=4 h=32 d11=0.561 tick=411995 goal=0 here=0
I2 lost object, rotating h=32
I2 1788408208 obj r=0.31@az0.00 n=342 h=61 d11=0.554 tick=412212 goal=0 here=0
I2 1788408209 obj r=0.34@az-0.00 n=329 h=63 d11=0.552 tick=412239 goal=0 here=0
I2 1788408209 obj r=0.34@az-0.00 n=317 h=60 d11=0.553 tick=412266 goal=0 here=0
I2 1788408209 obj r=0.30@az0.00 n=321 h=64 d11=0.566 tick=412293 goal=0 here=0
I2 1788408209 obj r=0.30@az-0.00 n=318 h=58 d11=0.548 tick=412320 goal=0 here=0
I2 1788408210 obj r=0.30@az0.00 n=319 h=63 d11=0.558 tick=412347 goal=0 here=0
I2 1788408210 obj r=0.30@az0.00 n=308 h=58 d11=0.574 tick=412373 goal=0 here=0
I2 1788408210 obj r=0.30@az-0.00 n=314 h=60 d11=0.568 tick=412400 goal=0 here=0
I2 1788408211 obj r=0.29@az0.00 n=314 h=59 d11=0.588 tick=412427 goal=0 here=0
I2 1788408211 obj r=0.30@az0.00 n=305 h=60 d11=0.563 tick=412453 goal=0 here=0
I2 1788408211 obj r=0.30@az-0.00 n=301 h=59 d11=0.572 tick=412480 goal=0 here=0
I2 1788408211 obj r=0.29@az0.00 n=293 h=61 d11=0.566 tick=412507 goal=0 here=0
I2 1788408212 obj r=0.29@az-0.00 n=283 h=59 d11=0.559 tick=412534 goal=0 here=0
I2 1788408212 obj r=0.29@az-0.00 n=280 h=60 d11=0.572 tick=412561 goal=0 here=0
I2 1788408212 obj r=0.29@az0.00 n=268 h=58 d11=0.573 tick=412588 goal=0 here=0
I2 1788408212 obj r=0.29@az-0.00 n=262 h=56 d11=0.567 tick=412615 goal=0 here=0
I2 1788408213 obj r=0.28@az0.00 n=275 h=56 d11=0.557 tick=412642 goal=0 here=0
I2 1788408213 obj r=0.28@az-0.00 n=268 h=57 d11=0.549 tick=412669 goal=0 here=0
I2 1788408213 obj r=0.28@az-0.00 n=262 h=61 d11=0.582 tick=412696 goal=0 here=0
I2 1788408214 obj r=0.28@az-0.00 n=251 h=55 d11=0.577 tick=412724 goal=0 here=0
I2 1788408214 obj r=0.28@az-0.00 n=244 h=58 d11=0.566 tick=412752 goal=0 here=0
I2 1788408214 obj r=0.28@az-0.00 n=238 h=52 d11=0.556 tick=412779 goal=0 here=0
I2 1788408214 obj r=0.28@az-0.00 n=245 h=52 d11=0.568 tick=412806 goal=0 here=0
I2 1788408215 obj r=0.28@az0.00 n=220 h=51 d11=0.574 tick=412832 goal=0 here=0
I2 1788408215 obj r=0.27@az-0.00 n=225 h=50 d11=0.565 tick=412859 goal=0 here=0
I2 1788408215 obj r=0.28@az-0.00 n=220 h=50 d11=0.556 tick=412887 goal=0 here=0
I2 1788408215 obj r=0.27@az0.00 n=212 h=51 d11=0.570 tick=412914 goal=0 here=0
I2 1788408216 obj r=0.27@az0.00 n=216 h=55 d11=0.562 tick=412941 goal=0 here=0
I2 1788408216 obj r=0.27@az0.00 n=206 h=53 d11=0.565 tick=412967 goal=0 here=0
I2 1788408216 obj r=0.27@az-0.00 n=200 h=52 d11=0.575 tick=412994 goal=0 here=0
I2 1788408216 obj r=0.27@az0.00 n=204 h=49 d11=0.572 tick=413021 goal=0 here=0
I2 1788408217 obj r=0.27@az0.00 n=212 h=48 d11=0.574 tick=413048 goal=0 here=0
I2 1788408217 obj r=0.27@az0.00 n=210 h=47 d11=0.560 tick=413074 goal=0 here=0
I2 1788408218 obj r=0.27@az-0.00 n=205 h=55 d11=0.565 tick=413131 goal=0 here=0
I2 1788408218 obj r=0.27@az0.00 n=201 h=50 d11=0.566 tick=413158 goal=0 here=0
I2 1788408218 obj r=0.27@az-0.00 n=194 h=48 d11=0.566 tick=413189 goal=0 here=0
I2 1788408218 obj r=0.27@az-0.00 n=200 h=48 d11=0.562 tick=413216 goal=0 here=0
I2 1788408219 obj r=0.27@az-0.00 n=178 h=47 d11=0.563 tick=413242 goal=0 here=0
I2 1788408219 obj r=0.27@az0.00 n=177 h=48 d11=0.573 tick=413269 goal=0 here=0
I2 1788408219 obj r=0.27@az-0.00 n=179 h=54 d11=0.559 tick=413296 goal=0 here=0
I2 1788408220 obj r=0.27@az-0.00 n=177 h=48 d11=0.564 tick=413323 goal=0 here=0
I2 1788408220 obj r=0.26@az-0.00 n=171 h=50 d11=0.567 tick=413350 goal=0 here=0
I2 1788408220 obj r=0.26@az-0.00 n=158 h=45 d11=0.555 tick=413377 goal=0 here=0
I2 1788408220 obj r=0.26@az-0.00 n=158 h=45 d11=0.567 tick=413404 goal=0 here=0
I2 1788408221 obj r=0.26@az0.00 n=151 h=45 d11=0.555 tick=413434 goal=0 here=0
I2 1788408221 obj r=0.26@az0.00 n=127 h=46 d11=0.559 tick=413461 goal=0 here=0
I2 1788408221 obj r=0.26@az-0.00 n=130 h=48 d11=0.581 tick=413489 goal=0 here=0
I2 1788408221 obj r=0.26@az-0.00 n=130 h=45 d11=0.567 tick=413516 goal=0 here=0
I2 1788408222 obj r=0.26@az-0.00 n=118 h=44 d11=0.573 tick=413542 goal=0 here=0
I2 1788408222 obj r=0.26@az-0.00 n=110 h=45 d11=0.574 tick=413599 goal=0 here=0
I2 1788408223 obj r=0.26@az-0.00 n=94 h=43 d11=0.553 tick=413626 goal=0 here=0
I2 1788408223 obj r=0.26@az-0.00 n=100 h=43 d11=0.583 tick=413653 goal=0 here=0
I2 1788408223 obj r=0.26@az-0.00 n=86 h=44 d11=0.563 
I2 1788408223 obj r=0.26@az0.01 n=72 h=44 d11=0.556 tick=413707 goal=0 here=0
I2 1788408224 obj r=0.26@az-0.00 n=74 h=39 d11=0.577 tick=413733 goal=0 here=0
I2 1788408224 obj r=0.26@az0.00 n=57 h=40 d11=0.573 tick=413760 goal=0 here=0
I2 1788408224 obj r=0.26@az-0.01 n=79 h=41 d11=0.560 tick=413787 goal=0 here=0
I2 1788408224 obj r=0.26@az-0.00 n=66 h=44 d11=0.567 tick=413814 goal=0 here=0
I2 1788408225 obj r=0.26@az-0.00 n=58 h=39 d11=0.559 tick=413841 goal=0 here=0
I2 1788408225 obj r=0.26@az-0.01 n=51 h=40 d11=0.560 tick=413868 goal=0 here=0
I2 1788408225 obj r=0.25@az-0.01 n=45 h=38 d11=0.568 tick=413894 goal=0 here=0
I2 1788408226 obj r=0.26@az-0.00 n=34 h=38 d11=0.576 tick=413921 goal=0 here=0
I2 1788408226 obj r=0.26@az0.01 n=36 h=39 d11=0.556 tick=413949 goal=0 here=0
I2 1788408226 obj r=0.25@az-0.01 n=27 h=34 d11=0.567 tick=413977 goal=0 here=0
I2 1788408226 obj r=0.25@az0.01 n=22 h=37 d11=0.563 tick=414003 goal=0 here=0
I2 1788408227 obj r=0.26@az0.01 n=22 h=36 d11=0.563 tick=414031 goal=0 here=0
I2 1788408227 obj r=0.26@az-0.00 n=32 h=36 d11=0.568 tick=414057 goal=0 here=0
I2 1788408227 obj r=0.25@az-0.01 n=21 h=34 d11=0.574 tick=414084 goal=0 here=0
I2 1788408227 obj r=0.26@az0.01 n=6 h=35 d11=0.566 tick=414111 goal=0 here=0
I2 1788408228 obj r=0.26@az0.02 n=8 h=34 d11=0.572 tick=414138 goal=0 here=0
I2 1788408228 obj r=0.25@az0.00 n=23 h=34 d11=0.570 tick=414165 goal=0 here=0
I2 1788408228 obj r=0.26@az0.00 n=26 h=36 d11=0.561 tick=414191 goal=0 here=0
I2 1788408228 obj r=0.26@az0.00 n=20 h=36 d11=0.571 
I2 1788408229 obj r=0.26@az-0.01 n=20 h=31 d11=0.569 tick=414245 goal=0 here=0
I2 1788408229 obj r=0.26@az0.02 n=13 h=32 d11=0.561 tick=414275 goal=0 here=0
I2 1788408229 obj r=0.26@az0.01 n=15 h=34 d11=0.577 tick=414302 goal=0 here=0
I2 1788408230 obj r=0.25@az-0.00 n=23 h=32 d11=0.558 tick=414329 goal=0 here=0
I2 1788408230 obj r=0.25@az-0.00 n=22 h=35 d11= tick=414356 goal=0 here=0
I2 1788408230 obj r=0.25@az0.01 n=15 h=35 d11=0.565 tick=414383 goal=0 here=0
I2 1788408230 obj r=0.25@az-0.02 n=12 h=36 d11=0.580 tick=414410 goal=0 here=0
I2 1788408231 obj r=0.26@az-0.00 n=9 h=34 d11=0.578 tick=414437 goal=0 here=0
I2 1788408231 obj r=0.25@az-0.01 n=5 h=34 d11=0.581 tick=414464 goal=0 here=0
I2 1788408232 obj r=0.25@az0.03 n=5 h=34 d11=0.572 tick=414528 goal=0 here=0
I2 1788408232 obj r=0.26@az-0.01 n=4 h=29 d11=0.567 tick=414554 goal=0 here=0
I2 1788408232 obj r=0.26@az-0.01 n=7 h=31 d11=0.579 tick=414582 goal=0 here=0
I2 1788408232 obj r=0.25@az0.02 n=4 h=34 d11=0.569 tick=414608 goal=0 here=0
I2 1788408233 obj r=0.25@az0.00 n=9 h=32 d11=0.571 tick=414681 goal=0 here=0
I2 1788408233 obj r=0.25@az-0.02 n=4 h=35 d11=0.555 tick=414713 goal=0 here=0
I2 1788408234 obj r=0.25@az-0.03 n=4 h=28 d11=0.563 tick=414741 goal=0 here=0
I2 lost object, rotating h=30
I2 1788408236 obj r=0.31@az0.00 n=323 h=60 d11=0.553 tick=414964 goal=0 here=0
I2 1788408236 obj r=0.30@az-0.00 n=319 h=62 d11=0.570 tick=414991 goal=0 here=0
I2 1788408236 obj r=0.30@az-0.00 n=314 h=64 d11=0.559 tick=415018 goal=0 here=0
I2 1788408237 obj r=0.30@az-0.00 n=313 h=56 d11=0.555 
I2 1788408237 obj r=0.29@az0.00 n=301 h=58 d11=0.575 
I2 1788408237 obj r=0.29@az-0.00 n=293 h=58 d11=0.569 tick=415098 goal=0 here=0
I2 1788408238 obj r=0.29@az-0.00 n=292 h=59 d11=0.563 tick=415125 goal=0 here=0
I2 1788408238 obj r=0.29@az0.00 n=288 h=59 d11=0.566 tick=415152 goal=0 here=0
I2 1788408238 obj r=0.28@az-0.00 n=287 h=53 d11=0.571 tick=415179 goal=0 here=0
I2 1788408238 obj r=0.28@az0.00 n=265 h=53 d11=0.570 tick=415206 goal=0 here=0
I2 1788408239 obj r=0.28@az-0.00 n=268 h=58 d11=0.579 tick=415233 goal=0 here=0
I2 1788408239 obj r=0.28@az0.00 n=265 h=57 d11=0.565 tick=415260 goal=0 here=0
I2 1788408239 obj r=0.28@az-0.00 n=255 h=58 d11=0.572 tick=415287 goal=0 here=0
I2 1788408239 obj r=0.28@az-0.00 n=256 h=58 d11=0.570 tick=415314 goal=0 here=0
I2 1788408240 obj r=0.28@az-0.00 n=243 h=55 d11=0.564 
I2 1788408240 obj r=0.28@az-0.00 n=238 h=55 d11=0.562 tick=415370 goal=0 here=0
I2 1788408240 obj r=0.28@az0.00 n=242 h=54 d11=0.559 tick=415397 goal=0 here=0
I2 1788408241 obj r=0.27@az0.00 n=240 h=56 d11=0.570 tick=415423 goal=0 here=0
I2 1788408241 obj r=0.27@az-0.00 n=235 h=51 d11=0.570 tick=415450 goal=0 here=0
I2 1788408241 obj r=0.27@az0.00 n=237 h=55 d11=0.569 tick=415477 goal=0 here=0
I2 1788408241 obj r=0.27@az-0.00 n=224 h=51 d11=0.565 tick=415504 goal=0 here=0
I2 1788408242 obj r=0.27@az0.00 n=219 h=54 d11=0.567 tick=415531 goal=0 here=0
I2 1788408242 obj r=0.27@az0.00 n=225 h=56 d11=0.555 tick=415558 goal=0 here=0
I2 1788408242 obj r=0.27@az-0.00 n=218 h=50 d11=0.564 tick=415585 goal=0 here=0
I2 1788408242 obj r=0.27@az-0.00 n=219 h=50 d11=0.577 tick=415611 goal=0 here=0
I2 1788408243 obj r=0.27@az0.00 n=220 h=55 d11=0.564 tick=415638 goal=0 here=0
I2 1788408243 obj r=0.27@az-0.00 n=209 h=51 d11=0.558 tick=415665 goal=0 here=0
I2 1788408244 obj r=0.27@az-0.00 n=203 h=53 d11=0.554 tick=415722 goal=0 here=0
I2 1788408244 obj r=0.27@az0.00 n=198 h=51 d11=0.568 tick=415749 goal=0 here=0
I2 1788408244 obj r=0.27@az0.00 n=204 h=48 d11=0.568 tick=415776 goal=0 here=0
I2 1788408244 obj r=0.27@az-0.00 n=195 h=49 d11=0.581 
I2 1788408245 obj r=0.27@az-0.00 n=200 h=48 d11=0.549 tick=415830 goal=0 here=0
I2 1788408245 obj r=0.27@az-0.00 n=180 h=48 d11=0.553 tick=415857 goal=0 here=0
I2 1788408245 obj r=0.27@az-0.00 n=177 h=48 d11=0.574 tick=415884 goal=0 here=0
I2 1788408245 obj r=0.26@az-0.00 n=159 h=48 d11=0.586 tick=415911 goal=0 here=0
I2 1788408246 obj r=0.26@az0.00 n=150 h=51 d11=0.574 tick=415938 goal=0 here=0
I2 1788408246 obj r=0.26@az0.00 n=153 h=46 d11=0.566 tick=415966 goal=0 here=0
I2 1788408246 obj r=0.26@az0.00 n=151 h=47 d11=0.555 tick=415994 goal=0 here=0
I2 1788408246 obj r=0.26@az0.00 n=158 h=45 d11=0.570 tick=416020 goal=0 here=0
I2 1788408247 obj r=0.26@az0.00 n=156 h=48 d11=0.572 tick=416047 goal=0 here=0
I2 1788408247 obj r=0.26@az0.00 n=150 h=49 d11=0.561 tick=416074 goal=0 here=0
I2 1788408247 obj r=0.26@az0.00 n=151 h=45 d11=0.565 tick=416101 goal=0 here=0
I2 1788408248 obj r=0.26@az0.00 n=153 h=44 d11=0.560 tick=416128 goal=0 here=0
I2 1788408248 obj r=0.26@az0.00 n=149 h=49 d11=0.565 
I2 1788408248 obj r=0.26@az0.00 n=146 h=47 d11=0.577 tick=416182 goal=0 here=0
I2 1788408248 obj r=0.26@az0.00 n=149 h=43 d11=0.566 tick=416209 goal=0 here=0
I2 1788408249 obj r=0.26@az-0.00 n=146 h=44 d11=0.570 tick=416236 goal=0 here=0
I2 1788408249 obj r=0.26@az-0.00 n=133 h=43 d11=0.570 tick=416263 goal=0 here=0
I2 1788408249 obj r=0.26@az0.00 n=125 h=45 d11=0.565 tick=416290 goal=0 here=0
I2 1788408249 obj r=0.26@az0.00 n=110 h=45 d11=0.566 tick=416316 goal=0 here=0
I2 1788408250 obj r=0.26@az0.00 n=121 h=45 d11= tick=416343 goal=0 here=0
I2 1788408250 obj r=0.26@az-0.00 n=120 h=42 d11=0.577 tick=416370 goal=0 here=0
I2 1788408250 obj r=0.26@az-0.00 n=113 h=42 d11=0.563 tick=416396 goal=0 here=0
I2 1788408251 obj r=0.26@az-0.00 n=101 h=45 d11=0.568 tick=416423 goal=0 here=0
I2 1788408251 obj r=0.26@az-0.00 n=106 h=44 d11=0.563 tick=416450 goal=0 here=0
I2 1788408251 obj r=0.26@az0.01 n=85 h=44 d11=0.566 tick=416477 goal=0 here=0
I2 1788408251 obj r=0.26@az0.00 n=97 h=43 d11=0.569 tick=416503 goal=0 here=0
I2 1788408252 obj r=0.26@az0.00 n=106 h=43 d11=0.576 tick=416530 goal=0 here=0
I2 1788408252 obj r=0.26@az0.01 n=89 h=43 d11=0.568 tick=416557 goal=0 here=0
I2 1788408252 obj r=0.26@az0.01 n=86 h=42 d11=0.578 tick=416584 goal=0 here=0
I2 1788408252 obj r=0.26@az-0.00 n=84 h=44 d11=0.569 tick=416610 goal=0 here=0
I2 1788408253 obj r=0.26@az0.00 n=91 h=45 d11=0.570 tick=416637 goal=0 here=0
I2 1788408253 obj r=0.26@az-0.00 n=86 h=42 d11=0.565 tick=416663 goal=0 here=0
I2 1788408253 obj r=0.26@az-0.00 n=78 h=40 d11=0.559 tick=416690 goal=0 here=0
I2 1788408253 obj r=0.26@az0.01 n=70 h=39 d11=0.571 tick=416716 goal=0 here=0
I2 1788408254 obj r=0.26@az0.01 n=54 h=41 d11=0.571 tick=416743 goal=0 here=0
I2 1788408254 obj r=0.26@az0.00 n=79 h=40 d11=0.579 tick=416769 goal=0 here=0
I2 1788408254 obj r=0.26@az-0.01 n=72 h=44 d11=0.567 tick=416796 goal=0 here=0
I2 1788408255 obj r=0.26@az0.00 n=64 h=42 d11=0.572 tick=416823 goal=0 here=0
I2 1788408255 obj r=0.26@az-0.00 n=70 h=39 d11=0.582 tick=416851 goal=0 here=0
I2 1788408255 obj r=0.26@az0.01 n=59 h=34 d11=0.562 tick=416877 goal=0 here=0
I2 1788408255 obj r=0.26@az0.00 n=51 h=41 d11=0.573 tick=416905 goal=0 here=0
I2 1788408256 obj r=0.26@az-0.01 n=57 h=41 d11=0.579 tick=416932 goal=0 here=0
I2 1788408256 obj r=0.26@az0.01 n=49 h=42 d11= tick=416959 goal=0 here=0
I2 1788408256 obj r=0.26@az0.00 n=39 h=38 d11=0.561 tick=416986 goal=0 here=0
I2 1788408256 obj r=0.26@az-0.00 n=36 h=38 d11=0.568 tick=417014 goal=0 here=0
I2 1788408257 obj r=0.26@az0.00 n=37 h=38 d11=0.562 tick=417040 goal=0 here=0
I2 1788408257 obj r=0.26@az0.01 n=28 h=38 d11=0.569 tick=417069 goal=0 here=0
I2 1788408257 obj r=0.26@az-0.00 n=28 h=40 d11=0.567 tick=417096 goal=0 here=0
I2 1788408258 obj r=0.26@az-0.00 n=34 h=41 d11=0.573 tick=417123 goal=0 here=0
I2 1788408258 obj r=0.26@az-0.01 n=29 h=36 d11=0.568 tick=417149 goal=0 here=0
I2 1788408258 obj r=0.25@az-0.01 n=18 h=38 d11=0.569 tick=417176 goal=0 here=0
I2 1788408258 obj r=0.25@az-0.01 n=5 h=34 d11=0.568 tick=417203 goal=0 here=0
I2 1788408259 obj r=0.26@az-0.01 n=14 h=34 d11=0.564 tick=417230 goal=0 here=0
I2 1788408259 obj r=0.25@az-0.01 n=13 h=37 d11=0.554 tick=417257 goal=0 here=0
I2 1788408259 obj r=0.25@az-0.01 n=6 h=31 d11=0.567 tick=417284 goal=0 here=0
I2 1788408259 obj r=0.26@az0.00 n=5 h=31 d11=0.586 tick=417311 goal=0 here=0
I2 1788408260 obj r=0.25@az-0.03 n=4 h=34 d11=0.571 tick=417375 goal=0 here=0
I2 lost object, rotating h=27
I2 1788408262 obj r=0.34@az0.00 n=358 h=62 d11=0.588 tick=417613 goal=0 here=0
I2 1788408263 obj r=0.34@az0.00 n=365 h=67 d11=0.594 tick=417639 goal=0 here=0
I2 1788408263 obj r=0.34@az0.00 n=359 h=65 d11= tick=417667 goal=0 here=0
I2 1788408263 obj r=0.34@az-0.00 n=359 h=64 d11=0.607 tick=417694 goal=0 here=0
I2 1788408263 obj r=0.34@az-0.00 n=358 h=64 d11=0.595 tick=417721 goal=0 here=0
I2 1788408264 obj r=0.33@az-0.00 n=341 h=62 d11=0.593 tick=417748 goal=0 here=0
I2 1788408264 obj r=0.32@az-0.00 n=341 h=63 d11=0.609 tick=417774 goal=0 here=0
I2 1788408264 obj r=0.33@az0.00 n=339 h=63 d11=0.603 tick=417801 goal=0 here=0
I2 1788408265 obj r=0.32@az0.00 n=338 h=61 d11=0.603 tick=417828 goal=0 here=0
I2 1788408265 obj r=0.31@az0.00 n=341 h=61 d11=0.599 tick=417859 goal=0 here=0
I2 1788408265 obj r=0.31@az-0.00 n=340 h=60 d11=0.586 tick=417884 goal=0 here=0
I2 1788408265 obj r=0.30@az0.00 n=335 h=57 d11=0.610 tick=417917 goal=0 here=0
I2 1788408266 obj r=0.31@az-0.00 n=322 h=57 d11=0.592 tick=417945 goal=0 here=0
I2 1788408266 obj r=0.30@az0.00 n=317 h=63 d11=0.600 tick=417972 goal=0 here=0
I2 1788408266 obj r=0.30@az-0.00 n=327 h=60 d11=0.595 tick=417998 goal=0 here=0
I2 1788408267 obj r=0.29@az0.00 n=325 h=63 d11=0.574 tick=418025 goal=0 here=0
I2 1788408267 obj r=0.29@az-0.00 n=307 h=61 d11=0.556 tick=418052 goal=0 here=0
I2 1788408267 obj r=0.29@az-0.00 n=308 h=60 d11=0.553 tick=418079 goal=0 here=0
I2 1788408267 obj r=0.29@az0.00 n=288 h=58 d11=0.547 tick=418105 goal=0 here=0
I2 1788408268 obj r=0.29@az-0.00 n=293 h=57 d11=0.528 tick=418132 goal=0 here=0
I2 1788408268 obj r=0.29@az0.00 n=288 h=60 d11=0.510 tick=418160 goal=0 here=0
I2 1788408268 obj r=0.29@az0.00 n=291 h=57 d11=0.517 tick=418187 goal=0 here=0
I2 1788408268 obj r=0.28@az-0.00 n=289 h=54 d11=0.511 tick=418213 goal=0 here=0
I2 1788408269 obj r=0.29@az0.00 n=292 h=55 d11=0.512 tick=418241 goal=0 here=0
I2 1788408269 obj r=0.28@az-0.00 n=285 h=58 d11=0.527 tick=418268 goal=0 here=0
I2 1788408269 obj r=0.28@az0.00 n=268 h=55 d11=0.530 tick=418295 goal=0 here=0
I2 1788408270 obj r=0.28@az-0.00 n=266 h=54 d11=0.544 tick=418323 goal=0 here=0
I2 1788408270 obj r=0.28@az-0.00 n=255 h=54 d11=0.564 tick=418350 goal=0 here=0
I2 1788408270 obj r=0.27@az0.00 n=261 h=55 d11=0.568 tick=418377 goal=0 here=0
I2 1788408270 obj r=0.28@az-0.00 n=253 h=57 d11=0.595 tick=418404 goal=0 here=0
I2 1788408271 obj r=0.28@az0.00 n=236 h=57 d11=0.591 tick=418432 goal=0 here=0
I2 1788408271 obj r=0.27@az0.00 n=244 h=53 d11=0.596 tick=418459 goal=0 here=0
I2 1788408271 obj r=0.28@az0.00 n=240 h=55 d11=0.607 tick=418487 goal=0 here=0
I2 1788408271 obj r=0.28@az0.00 n=239 h=55 d11=0.593 tick=418513 goal=0 here=0
I2 1788408272 obj r=0.28@az0.00 n=239 h=59 d11=0.570 tick=418542 goal=0 here=0
I2 1788408272 obj r=0.28@az0.00 n=240 h=55 d11=0.581 tick=418569 goal=0 here=0
I2 1788408272 obj r=0.28@az-0.00 n=238 h=52 d11=0.576 tick=418596 goal=0 here=0
I2 1788408273 obj r=0.27@az-0.00 n=244 h=52 d11=0.555 tick=418624 goal=0 here=0
I2 1788408273 obj r=0.27@az-0.00 n=233 h=49 d11= tick=418651 goal=0 here=0
I2 1788408273 obj r=0.27@az0.00 n=219 h=56 d11=0.558 tick=418678 goal=0 here=0
I2 1788408273 obj r=0.27@az-0.00 n=225 h=55 d11=0.547 tick=418705 goal=0 here=0
I2 1788408274 obj r=0.27@az0.00 n=216 h=52 d11=0.557 tick=418732 goal=0 here=0
I2 1788408274 obj r=0.27@az-0.00 n=222 h=56 d11=0.538 tick=418759 goal=0 here=0
I2 1788408274 obj r=0.27@az-0.00 n=213 h=53 d11=0.553 tick=418785 goal=0 here=0
I2 1788408274 obj r=0.27@az0.00 n=208 h=51 d11=0.561 tick=418812 goal=0 here=0
I2 1788408275 obj r=0.27@az0.00 n=198 h=53 d11=0.583 tick=418839 goal=0 here=0
I2 1788408275 obj r=0.27@az-0.00 n=204 h=51 d11=0.570 tick=418866 goal=0 here=0
I2 1788408275 obj r=0.27@az-0.00 n=201 h=50 d11=0.570 tick=418893 goal=0 here=0
I2 1788408275 obj r=0.27@az-0.00 n=196 h=49 d11=0.585 tick=418920 goal=0 here=0
I2 1788408276 obj r=0.27@az-0.00 n=197 h=49 d11=0.551 tick=418947 goal=0 here=0
I2 1788408276 obj r=0.27@az-0.00 n=178 h=47 d11=0.553 tick=418974 goal=0 here=0
I2 1788408276 obj r=0.27@az-0.00 n=171 h=50 d11=0.553 tick=419000 goal=0 here=0
I2 1788408277 obj r=0.26@az0.00 n=178 h=49 d11=0.541 tick=419027 goal=0 here=0
I2 1788408277 obj r=0.27@az0.00 n=162 h=46 d11=0.538 tick=419054 goal=0 here=0
I2 1788408277 obj r=0.27@az0.00 n=172 h=48 d11=0.522 tick=419081 goal=0 here=0
I2 1788408277 obj r=0.26@az0.00 n=176 h=47 d11=0.518 tick=419108 goal=0 here=0
I2 1788408278 obj r=0.27@az-0.00 n=163 h=45 d11=0.514 tick=419134 goal=0 here=0
I2 1788408278 obj r=0.26@az-0.00 n=158 h=45 d11=0.515 tick=419161 goal=0 here=0
I2 1788408278 obj r=0.26@az-0.00 n=141 h=49 d11=0.531 tick=419188 goal=0 here=0
I2 1788408278 obj r=0.26@az0.00 n=141 h=45 d11=0.502 tick=419215 goal=0 here=0
I2 1788408279 obj r=0.26@az-0.00 n=136 h=46 d11=0.525 tick=419242 goal=0 here=0
I2 1788408279 obj r=0.26@az0.00 n=111 h=46 d11=0.541 tick=419268 goal=0 here=0
I2 1788408279 obj r=0.26@az0.00 n=120 h=48 d11=0.543 tick=419295 goal=0 here=0
I2 1788408279 obj r=0.26@az-0.00 n=126 h=50 d11=0.553 tick=419321 goal=0 here=0
I2 1788408280 obj r=0.26@az0.00 n=106 h=42 d11=0.545 tick=419348 goal=0 here=0
I2 1788408280 obj r=0.26@az0.00 n=114 h=41 d11=0.561 tick=419375 goal=0 here=0
I2 1788408280 obj r=0.26@az-0.00 n=96 h=41 d11=0.554 tick=419401 goal=0 here=0
I2 1788408281 obj r=0.26@az0.00 n=93 h=41 d11=0.553 tick=419428 goal=0 here=0
I2 1788408281 obj r=0.26@az0.01 n=110 h=45 d11=0.559 tick=419456 goal=0 here=0
I2 1788408281 obj r=0.26@az-0.00 n=99 h=43 d11=0.559 tick=419483 goal=0 here=0
I2 1788408281 obj r=0.26@az0.00 n=86 h=43 d11=0.546 tick=419510 goal=0 here=0
I2 1788408282 obj r=0.26@az-0.00 n=79 h=43 d11=0.543 tick=419536 goal=0 here=0
I2 1788408282 obj r=0.26@az-0.00 n=79 h=41 d11=0.517 tick=419563 goal=0 here=0
I2 1788408282 obj r=0.26@az0.00 n=75 h=40 d11=0.530 tick=419590 goal=0 here=0
I2 1788408282 obj r=0.26@az0.00 n=74 h=44 d11=0.536 tick=419617 goal=0 here=0
I2 1788408283 obj r=0.26@az0.00 n=73 h=44 d11=0.546 tick=419644 goal=0 here=0
I2 1788408283 obj r=0.26@az0.00 n=72 h=40 d11=0.565 tick=419670 goal=0 here=0
I2 1788408283 obj r=0.26@az0.00 n=67 h=41 d11=0.563 tick=419697 goal=0 here=0
I2 1788408284 obj r=0.26@az0.01 n=61 h=42 d11=0.560 tick=419724 goal=0 here=0
I2 1788408284 obj r=0.26@az0.01 n=71 h=42 d11=0.594 tick=419750 goal=0 here=0
I2 1788408284 obj r=0.26@az-0.00 n=61 h=41 d11=0.576 tick=419777 goal=0 here=0
I2 1788408284 obj r=0.26@az0.01 n=60 h=41 d11=0.597 tick=419804 goal=0 here=0
I2 1788408285 obj r=0.26@az0.00 n=90 h=40 d11=0.590 tick=419831 goal=0 here=0
I2 1788408285 obj r=0.26@az-0.00 n=66 h=45 d11=0.593 tick=419858 goal=0 here=0
I2 1788408285 obj r=0.26@az0.00 n=72 h=43 d11=0.604 tick=419885 goal=0 here=0
I2 1788408285 obj r=0.26@az-0.00 n=58 h=42 d11=0.587 tick=419912 goal=0 here=0
I2 1788408286 obj r=0.26@az-0.00 n=61 h=39 d11=0.604 tick=419939 goal=0 here=0
I2 1788408286 obj r=0.26@az0.00 n=64 h=38 d11=0.596 tick=419966 goal=0 here=0
I2 1788408287 obj r=0.26@az0.01 n=49 h=37 d11=0.602 tick=420023 goal=0 here=0
I2 1788408287 obj r=0.26@az0.00 n=43 h=39 d11=0.611 tick=420049 goal=0 here=0
I2 1788408287 obj r=0.26@az-0.01 n=39 h=38 d11=0.617 tick=420076 goal=0 here=0
I2 1788408287 obj r=0.26@az0.00 n=33 h=38 d11=0.606 tick=420103 goal=0 here=0
I2 1788408288 obj r=0.26@az0.00 n=29 h=38 d11=0.605 tick=420131 goal=0 here=0
I2 1788408288 obj r=0.26@az-0.00 n=36 h=36 d11=0.608 tick=420158 goal=0 here=0
I2 1788408288 obj r=0.26@az-0.01 n=22 h=36 d11=0.607 tick=420184 goal=0 here=0
I2 1788408288 obj r=0.26@az0.00 n=15 h=35 d11=0.622 tick=420211 goal=0 here=0
I2 1788408289 obj r=0.25@az0.00 n=20 h=35 d11=0.617 tick=420237 goal=0 here=0
I2 1788408289 obj r=0.25@az-0.00 n=18 h=34 d11=0.612 tick=420264 goal=0 here=0
I2 1788408289 obj r=0.26@az0.00 n=15 h=40 d11=0.593 tick=420290 goal=0 here=0
I2 1788408289 obj r=0.26@az0.03 n=6 h=35 d11=0.589 tick=420317 goal=0 here=0
I2 1788408290 obj r=0.26@az0.00 n=15 h=35 d11=0.566 tick=420344 goal=0 here=0
I2 1788408290 obj r=0.25@az-0.00 n=23 h=39 d11=0.572 tick=420370 goal=0 here=0
I2 1788408290 obj r=0.26@az-0.01 n=15 h=35 d11=0.564 tick=420397 goal=0 here=0
I2 1788408291 obj r=0.26@az0.00 n=18 h=37 d11=0.547 tick=420423 goal=0 here=0
I2 1788408291 obj r=0.25@az0.01 n=13 h=37 d11=0.546 tick=420450 goal=0 here=0
I2 1788408291 obj r=0.26@az-0.01 n=10 h=32 d11=0.550 tick=420476 goal=0 here=0
I2 1788408291 obj r=0.25@az0.02 n=10 h=34 d11=0.559 tick=420503 goal=0 here=0
I2 1788408292 obj r=0.25@az-0.02 n=9 h=35 d11=0.566 tick=420530 goal=0 here=0
I2 1788408292 obj r=0.26@az0.02 n=4 h=32 d11=0.573 tick=420557 goal=0 here=0
I2 1788408292 obj r=0.25@az0.00 n=12 h=33 d11=0.562 
I2 1788408292 obj r=0.26@az0.01 n=12 h=31 d11=0.581 tick=420611 goal=0 here=0
I2 1788408293 obj r=0.25@az-0.00 n=12 h=35 d11=0.598 tick=420637 goal=0 here=0
I2 1788408293 obj r=0.25@az0.00 n=13 h=33 d11=0.595 tick=420664 goal=0 here=0
I2 1788408293 obj r=0.25@az0.01 n=4 h=31 d11=0.592 tick=420691 goal=0 here=0
I2 1788408293 obj r=0.26@az0.00 n=5 h=36 d11=0.597 tick=420718 goal=0 here=0
I2 1788408294 obj r=0.26@az0.02 n=8 h=34 d11=0.595 tick=420744 goal=0 here=0
I2 1788408294 obj r=0.26@az0.01 n=16 h=35 d11=0.595 tick=420771 goal=0 here=0
I2 1788408294 obj r=0.25@az0.00 n=11 h=37 d11=0.600 tick=420798 goal=0 here=0
I2 1788408295 obj r=0.26@az0.01 n=8 h=35 d11=0.596 tick=420825 goal=0 here=0
I2 1788408295 obj r=0.25@az-0.01 n=9 h=37 d11=0.596 tick=420851 goal=0 here=0
I2 1788408295 obj r=0.25@az-0.02 n=6 h=35 d11=0.579 tick=420878 goal=0 here=0
I2 1788408295 obj r=0.26@az0.01 n=8 h=35 d11=0.543 tick=420906 goal=0 here=0
I2 1788408297 obj r=0.25@az-0.00 n=9 h=32 d11=0.567 tick=421043 goal=0 here=0
I2 1788408297 obj r=0.26@az0.03 n=7 h=35 d11=0.563 tick=421069 goal=0 here=0
I2 1788408297 obj r=0.25@az0.02 n=5 h=35 d11=0.555 tick=421095 goal=0 here=0
I2 1788408298 obj r=0.25@az0.02 n=15 h=37 d11=0.570 tick=421126 goal=0 here=0
I2 1788408298 obj r=0.26@az-0.02 n=27 h=36 d11=0.561 tick=421156 goal=0 here=0
I2 1788408298 obj r=0.26@az-0.00 n=23 h=39 d11=0.569 tick=421183 goal=0 here=0
I2 1788408298 obj r=0.26@az-0.00 n=18 h=40 d11=0.566 tick=421210 goal=0 here=0
I2 1788408299 obj r=0.25@az0.01 n=13 h=34 d11=0.568 tick=421236 goal=0 here=0
I2 1788408299 obj r=0.25@az0.00 n=21 h=39 d11=0.570 tick=421263 goal=0 here=0
I2 1788408299 obj r=0.26@az-0.00 n=22 h=37 d11=0.557 tick=421290 goal=0 here=0
I2 1788408299 obj r=0.25@az0.00 n=13 h=33 d11=0.562 tick=421317 goal=0 here=0
I2 1788408300 obj r=0.26@az-0.01 n=9 h=34 d11=0.561 tick=421344 goal=0 here=0
I2 1788408300 obj r=0.25@az-0.03 n=11 h=35 d11=0.565 tick=421371 goal=0 here=0
I2 1788408300 obj r=0.25@az-0.05 n=6 h=32 d11=0.581 tick=421397 goal=0 here=0
I2 lost object, rotating h=32
I2 lost object, rotating h=59
I2 1788408303 obj r=0.45@az0.00 n=262 h=91 d11=0.513 tick=421702 goal=0 here=0
I2 1788408304 obj r=0.43@az0.00 n=273 h=92 d11=0.524 tick=421729 goal=0 here=0
I2 1788408304 obj r=0.42@az0.00 n=274 h=96 d11=0.523 tick=421756 goal=0 here=0
I2 1788408304 obj r=0.41@az0.00 n=280 h=96 d11=0.535 tick=421782 goal=0 here=0
I2 1788408304 obj r=0.41@az0.00 n=279 h=94 d11=0.530 tick=421809 goal=0 here=0
I2 1788408305 obj r=0.41@az-0.00 n=285 h=92 d11=0.524 tick=421836 goal=0 here=0
I2 1788408305 obj r=0.41@az-0.00 n=284 h=87 d11=0.520 tick=421865 goal=0 here=0
I2 1788408305 obj r=0.40@az-0.00 n=287 h=88 d11=0.512 tick=421891 goal=0 here=0
I2 1788408305 obj r=0.40@az0.00 n=285 h=90 d11=0.529 tick=421918 goal=0 here=0
I2 1788408306 obj r=0.40@az-0.00 n=285 h=88 d11=0.512 tick=421945 goal=0 here=0
I2 1788408306 obj r=0.40@az-0.00 n=286 h=88 d11=0.514 tick=421972 goal=0 here=0
I2 1788408306 obj r=0.40@az-0.00 n=289 h=85 d11=0.506 tick=421999 goal=0 here=0
I2 1788408307 obj r=0.40@az-0.00 n=290 h=82 d11=0.502 tick=422025 goal=0 here=0
I2 1788408307 obj r=0.40@az-0.00 n=289 h=88 d11=0.508 tick=422052 goal=0 here=0
I2 1788408307 obj r=0.40@az0.00 n=297 h=82 d11=0.507 tick=422080 goal=0 here=0
I2 1788408307 obj r=0.39@az-0.00 n=304 h=83 d11=0.504 tick=422106 goal=0 here=0
I2 1788408308 obj r=0.39@az0.00 n=309 h=84 d11=0.490 tick=422133 goal=0 here=0
I2 1788408308 obj r=0.39@az-0.00 n=315 h=83 d11=0.502 tick=422160 goal=0 here=0
I2 1788408308 obj r=0.39@az0.00 n=315 h=84 d11=0.508 tick=422187 goal=0 here=0
I2 1788408308 obj r=0.39@az-0.00 n=316 h=81 d11=0.507 tick=422214 goal=0 here=0
I2 1788408309 obj r=0.39@az-0.00 n=333 h=84 d11=0.502 tick=422241 goal=0 here=0
I2 1788408309 obj r=0.39@az0.00 n=329 h=82 d11=0.500 
I2 1788408309 obj r=0.39@az0.00 n=335 h=81 d11=0.518 tick=422295 goal=0 here=0
I2 1788408309 obj r=0.39@az0.00 n=335 h=82 d11=0.515 tick=422321 goal=0 here=0
I2 1788408310 obj r=0.39@az-0.00 n=333 h=82 d11=0.508 tick=422348 goal=0 here=0
I2 1788408310 obj r=0.39@az0.00 n=337 h=78 d11=0.514 tick=422375 goal=0 here=0
I2 1788408310 obj r=0.39@az-0.00 n=340 h=76 d11=0.518 tick=422402 goal=0 here=0
I2 1788408311 obj r=0.38@az0.00 n=336 h=80 d11=0.509 tick=422429 goal=0 here=0
I2 1788408311 obj r=0.38@az-0.00 n=339 h=76 d11=0.501 tick=422456 goal=0 here=0
I2 1788408311 obj r=0.38@az0.00 n=333 h=78 d11=0.502 tick=422483 goal=0 here=0
I2 1788408311 obj r=0.38@az0.00 n=341 h=81 d11=0.492 tick=422510 goal=0 here=0
I2 1788408312 obj r=0.38@az-0.00 n=339 h=76 d11=0.494 tick=422537 goal=0 here=0
I2 1788408312 obj r=0.38@az-0.00 n=332 h=78 d11=0.509 tick=422563 goal=0 here=0
I2 1788408312 obj r=0.37@az-0.00 n=337 h=75 d11=0.520 tick=422590 goal=0 here=0
I2 1788408312 obj r=0.37@az0.00 n=336 h=77 d11=0.522 tick=422617 goal=0 here=0
I2 1788408313 obj r=0.37@az0.00 n=339 h=75 d11=0.531 tick=422644 goal=0 here=0
I2 1788408313 obj r=0.37@az0.00 n=337 h=80 d11=0.517 tick=422671 goal=0 here=0
I2 1788408313 obj r=0.38@az0.00 n=345 h=74 d11=0.530 tick=422700 goal=0 here=0
I2 1788408314 obj r=0.37@az0.00 n=345 h=76 d11=0.543 tick=422727 goal=0 here=0
I2 1788408314 obj r=0.37@az0.00 n=338 h=72 d11=0.541 tick=422754 goal=0 here=0
I2 1788408314 obj r=0.37@az0.00 n=335 h=73 d11=0.547 tick=422780 goal=0 here=0
I2 1788408314 obj r=0.37@az0.00 n=336 h=74 d11=0.551 tick=422808 goal=0 here=0
I2 1788408315 obj r=0.37@az-0.00 n=343 h=74 d11=0.557 tick=422835 goal=0 here=0
I2 1788408315 obj r=0.37@az-0.00 n=333 h=75 d11=0.566 tick=422863 goal=0 here=0
I2 1788408315 obj r=0.36@az0.00 n=335 h=74 d11=0.570 tick=422892 goal=0 here=0
I2 1788408315 obj r=0.37@az-0.00 n=335 h=75 d11=0.563 tick=422919 goal=0 here=0
I2 1788408316 obj r=0.37@az0.00 n=333 h=74 d11=0.548 tick=422946 goal=0 here=0
I2 1788408316 obj r=0.36@az0.00 n=341 h=71 d11=0.522 tick=422973 goal=0 here=0
I2 1788408316 obj r=0.37@az0.00 n=335 h=74 d11=0.522 tick=423000 goal=0 here=0
I2 1788408317 obj r=0.38@az0.00 n=333 h=68 d11=0.515 tick=423028 goal=0 here=0
I2 1788408317 obj r=0.37@az0.00 n=330 h=73 d11=0.499 tick=423055 goal=0 here=0
I2 1788408317 obj r=0.36@az0.00 n=327 h=72 d11= tick=423081 goal=0 here=0
I2 1788408317 obj r=0.36@az-0.00 n=331 h=73 d11=0.481 tick=423108 goal=0 here=0
I2 1788408318 obj r=0.36@az0.00 n=332 h=71 d11=0.500 tick=423135 goal=0 here=0
I2 1788408318 obj r=0.36@az-0.00 n=326 h=73 d11=0.500 tick=423162 goal=0 here=0
I2 1788408318 obj r=0.36@az-0.00 n=339 h=72 d11=0.492 tick=423189 goal=0 here=0
I2 1788408318 obj r=0.37@az0.00 n=319 h=70 d11=0.511 tick=423216 goal=0 here=0
I2 1788408319 obj r=0.36@az-0.00 n=323 h=75 d11=0.509 tick=423243 goal=0 here=0
I2 1788408319 obj r=0.36@az-0.00 n=326 h=70 d11=0.522 tick=423270 goal=0 here=0
I2 1788408319 obj r=0.36@az0.00 n=328 h=70 d11=0.529 tick=423298 goal=0 here=0
I2 1788408320 obj r=0.36@az0.00 n=325 h=74 d11=0.510 tick=423325 goal=0 here=0
I2 1788408320 obj r=0.36@az0.00 n=319 h=72 d11=0.528 tick=423351 goal=0 here=0
I2 1788408320 obj r=0.36@az-0.00 n=333 h=71 d11=0.522 tick=423378 goal=0 here=0
I2 1788408320 obj r=0.36@az0.00 n=327 h=70 d11=0.510 tick=423405 goal=0 here=0
I2 1788408321 obj r=0.36@az-0.00 n=329 h=70 d11=0.509 tick=423432 goal=0 here=0
I2 1788408321 obj r=0.35@az0.00 n=320 h=68 d11=0.511 tick=423459 goal=0 here=0
I2 1788408321 obj r=0.35@az0.00 n=327 h=69 d11=0.521 tick=423486 goal=0 here=0
I2 1788408321 obj r=0.36@az0.00 n=323 h=70 d11=0.515 tick=423513 goal=0 here=0
I2 1788408322 obj r=0.36@az0.00 n=315 h=69 d11=0.528 tick=423540 goal=0 here=0
I2 1788408322 obj r=0.36@az-0.00 n=317 h=66 d11=0.539 tick=423566 goal=0 here=0
I2 1788408322 obj r=0.35@az-0.00 n=331 h=70 d11=0.537 tick=423594 goal=0 here=0
I2 1788408322 obj r=0.36@az0.00 n=317 h=67 d11=0.552 tick=423621 goal=0 here=0
I2 1788408323 obj r=0.35@az-0.00 n=322 h=66 d11=0.557 tick=423648 goal=0 here=0
I2 1788408323 obj r=0.34@az-0.00 n=315 h=68 d11=0.597 tick=423675 goal=0 here=0
I2 1788408323 obj r=0.35@az0.00 n=323 h=69 d11=0.585 tick=423702 goal=0 here=0
I2 1788408324 obj r=0.35@az0.00 n=322 h=70 d11=0.586 tick=423736 goal=0 here=0
=== WALLFOLLOW: turn to 125, follow wall (keep 0.2-0.35)
WF 1788408411 h=113 wall=0.58@-0.08 steer=-18 tick=432436 goal=0 here=0
WF 1788408411 h=106 wall=0.56@-0.06 steer=-17 tick=432463 goal=0 here=0
WF 1788408411 h=104 wall=0.54@-0.03 steer=-15 tick=432487 goal=0 here=0
WF 1788408412 h=110 wall=0.51@-0.02 steer=-14 tick=432512 goal=0 here=0
WF 1788408412 h=115 wall=0.48@-0.00 steer=-12 tick=432537 goal=0 here=0
WF 1788408412 h=111 wall=0.46@0.01 steer=-11 tick=432562 goal=0 here=0
WF 1788408412 h=118 wall=0.43@-0.00 steer=-9 tick=432587 goal=0 here=0
WF 1788408413 h=119 wall=0.40@0.00 steer=-7 tick=432612 goal=0 here=0
WF 1788408413 h=116 wall=0.37@-0.00 steer=-6 tick=432637 goal=0 here=0
WF 1788408413 h=123 wall=0.34@-0.00 steer=-4 tick=432661 goal=0 here=0
WF 1788408413 h=121 wall=0.32@0.00 steer=-2 tick=432686 goal=0 here=0
WF 1788408414 h=123 wall=0.29@-0.00 steer=-1 tick=432711 goal=0 here=0
WF 1788408414 h=122 wall=0.26@-0.00 steer=1 tick=432736 goal=0 here=0
WF 1788408414 h=131 wall=0.24@0.00 steer=2 tick=432761 goal=0 here=0
WF 1788408414 h=127 wall=0.22@-0.00 steer=3 tick=432786 goal=0 here=0
WF 1788408415 h=129 wall=0.19@-0.00 steer=5 tick=432811 goal=0 here=0
WF 1788408415 h=132 wall=0.16@0.00 steer=7 tick=432836 goal=0 here=0
WF 1788408415 h=127 wall=0.14@-0.00 steer=9 tick=432860 goal=0 here=0
WF 1788408415 h=138 wall=0.11@0.00 steer=10 tick=432885 goal=0 here=0
WF 1788408416 h=139 wall=0.10@-0.00 steer=11 tick=432912 goal=0 here=0
WF 1788408416 h=130 wall=0.18@-0.03 steer=6 tick=432937 goal=0 here=0
WF 1788408416 h=128 wall=0.25@-0.06 steer=2 tick=432962 goal=0 here=0
WF 1788408416 h=120 wall=0.42@-0.10 steer=-8 tick=432987 goal=0 here=0
WF 1788408417 h=111 wall=0.51@-0.09 steer=-14 tick=433011 goal=0 here=0
WF 1788408417 h=111 wall=0.37@-0.05 steer=-5 tick=433036 goal=0 here=0
WF 1788408417 h=110 wall=0.59@-0.07 steer=-19 tick=433060 goal=0 here=0
WF 1788408417 h=104 wall=0.59@-0.06 steer=-18 tick=433085 goal=0 here=0
WF 1788408418 h=105 wall=0.58@-0.04 steer=-18 tick=433110 goal=0 here=0
WF 1788408418 h=107 wall=0.58@-0.05 steer=-18 tick=433134 goal=0 here=0
WF 1788408418 h=109 wall=0.57@-0.04 steer=-17 tick=433159 goal=0 here=0
WF 1788408418 h=104 wall=0.57@-0.05 steer=-17 tick=433183 goal=0 here=0
WF 1788408419 h=104 wall=0.56@-0.04 steer=-17 tick=433208 goal=0 here=0
WF 1788408419 h=110 wall=0.54@-0.02 steer=-16 tick=433233 goal=0 here=0
WF 1788408419 h=114 wall=0.53@-0.03 steer=-15 tick=433258 goal=0 here=0
WF 1788408419 h=108 wall=0.51@-0.01 steer=-14 tick=433283 goal=0 here=0
WF 1788408420 h=113 wall=0.47@-0.00 steer=-12 tick=433308 goal=0 here=0
WF 1788408420 h=114 wall=0.45@0.00 steer=-10 tick=433332 goal=0 here=0
WF 1788408420 h=121 wall=0.43@0.00 steer=-9 tick=433357 goal=0 here=0
WF 1788408420 h=112 wall=0.42@0.00 steer=-8 tick=433382 goal=0 here=0
WF 1788408421 h=112 wall=0.37@-0.00 steer=-5 tick=433407 goal=0 here=0
WF 1788408421 h=112 wall=0.36@-0.00 steer=-5 tick=433431 goal=0 here=0
WF 1788408421 h=131 wall=0.39@0.00 steer=-7 tick=433459 goal=0 here=0
WF 1788408421 h=128 wall=0.60@-0.15 steer=-19 tick=433488 goal=0 here=0
WF 1788408422 h=116 wall=0.33@0.01 steer=-3 tick=433512 goal=0 here=0
WF 1788408422 h=119 wall=0.25@-0.00 steer=2 tick=433537 goal=0 here=0
WF 1788408422 h=125 wall=0.24@0.00 steer=2 tick=433562 goal=0 here=0
WF 1788408422 h=131 wall=0.25@0.01 steer=2 tick=433586 goal=0 here=0
WF 1788408423 h=128 wall=0.27@-0.02 steer=1 tick=433611 goal=0 here=0
WF 1788408423 h=130 wall=0.19@-0.00 steer=6 tick=433636 goal=0 here=0
WF 1788408423 h=126 wall=0.16@-0.00 steer=7 tick=433660 goal=0 here=0
WF 1788408423 h=138 wall=0.13@0.00 steer=9 tick=433685 goal=0 here=0
WF 1788408424 h=139 wall=0.11@-0.00 steer=10 tick=433709 goal=0 here=0
WF 1788408424 h=128 wall=0.31@-0.07 steer=-2 tick=433734 goal=0 here=0
WF 1788408424 h=117 wall=0.46@-0.08 steer=-11 tick=433758 goal=0 here=0
WF 1788408424 h=114 wall=0.39@-0.06 steer=-7 tick=433783 goal=0 here=0
WF 1788408425 h=109 wall=0.47@-0.05 steer=-11 tick=433808 goal=0 here=0
WF 1788408425 h=105 wall=0.61@-0.04 steer=-20 tick=433835 goal=0 here=0
WF 1788408425 h=105 wall=0.59@-0.03 steer=-18 tick=433860 goal=0 here=0
WF 1788408425 h=107 wall=0.59@-0.05 steer=-18 
WF 1788408426 h=106 wall=0.59@-0.05 steer=-19 tick=433909 goal=0 here=0
WF 1788408426 h=103 wall=0.59@-0.02 steer=-18 tick=433934 goal=0 here=0
WF 1788408426 h=109 wall=0.58@-0.03 steer=-18 tick=433959 goal=0 here=0
WF 1788408426 h=106 wall=0.57@-0.04 steer=-18 tick=433984 goal=0 here=0
WF 1788408427 h=109 wall=0.56@-0.03 steer=-17 tick=434008 goal=0 here=0
WF 1788408427 h=106 wall=0.54@-0.03 steer=-15 tick=434033 goal=0 here=0
WF 1788408427 h=111 wall=0.51@0.00 steer=-14 tick=434057 goal=0 here=0
WF 1788408427 h=110 wall=0.49@0.00 steer=-12 tick=434082 goal=0 here=0
WF 1788408428 h=116 wall=0.46@0.00 steer=-11 tick=434107 goal=0 here=0
WF 1788408428 h=115 wall=0.43@-0.01 steer=-9 tick=434132 goal=0 here=0
WF 1788408428 h=108 wall=99.00@0.00 steer=-35 tick=434156 goal=0 here=0
WF 1788408428 h=109 wall=0.38@-0.00 steer=-6 tick=434174 goal=0 here=0
WF 1788408428 h=121 wall=0.35@-0.00 steer=-4 tick=434199 goal=0 here=0
WF 1788408429 h=122 wall=0.33@0.00 steer=-3 
WF 1788408429 h=121 wall=0.30@-0.00 steer=-1 tick=434248 goal=0 here=0
WF 1788408429 h=123 wall=0.27@-0.00 steer=1 tick=434273 goal=0 here=0
WF 1788408429 h=127 wall=0.24@-0.00 steer=2 tick=434298 goal=0 here=0
WF 1788408430 h=132 wall=0.21@0.00 steer=4 tick=434323 goal=0 here=0
WF 1788408430 h=129 wall=0.19@-0.00 steer=5 tick=434348 goal=0 here=0
WF 1788408430 h=129 wall=0.16@-0.00 steer=7 tick=434374 goal=0 here=0
WF 1788408430 h=133 wall=0.13@-0.00 steer=9 tick=434398 goal=0 here=0
WF 1788408431 h=133 wall=0.10@-0.00 steer=11 tick=434423 goal=0 here=0
WF 1788408431 h=139 wall=0.10@0.00 steer=11 tick=434447 goal=0 here=0
WF 1788408431 h=136 wall=0.10@0.00 steer=11 tick=434472 goal=0 here=0
WF 1788408431 h=133 wall=0.09@0.00 steer=11 tick=434503 goal=0 here=0
WF 1788408432 h=132 wall=0.09@-0.00 steer=11 tick=434528 goal=0 here=0
WF 1788408432 h=139 wall=0.09@-0.00 steer=11 tick=434557 goal=0 here=0
WF 1788408432 h=139 wall=0.10@0.00 steer=11 tick=434582 goal=0 here=0
WF 1788408433 h=134 wall=0.10@-0.00 steer=11 tick=434607 goal=0 here=0
WF 1788408433 h=130 wall=0.09@-0.00 steer=11 tick=434631 goal=0 here=0
WF 1788408433 h=133 wall=0.09@0.00 steer=11 tick=434656 goal=0 here=0
WF 1788408433 h=140 wall=0.09@0.00 steer=11 tick=434680 goal=0 here=0
WF 1788408434 h=138 wall=0.10@-0.00 steer=11 tick=434705 goal=0 here=0
WF 1788408434 h=134 wall=0.10@-0.00 steer=11 tick=434729 goal=0 here=0
WF 1788408434 h=136 wall=0.09@-0.00 steer=11 tick=434753 goal=0 here=0
WF 1788408434 h=135 wall=0.09@-0.00 steer=11 tick=434778 goal=0 here=0
WF 1788408434 h=135 wall=0.09@-0.00 steer=11 tick=434802 goal=0 here=0
WF 1788408435 h=138 wall=0.10@-0.00 steer=11 tick=434827 goal=0 here=0
WF 1788408435 h=132 wall=0.10@0.00 steer=11 tick=434851 goal=0 here=0
WF 1788408435 h=136 wall=0.10@-0.00 steer=11 tick=434889 goal=0 here=0
WF 1788408436 h=132 wall=0.10@-0.00 steer=11 tick=434917 goal=0 here=0
WF 1788408436 h=132 wall=0.10@0.00 steer=11 tick=434942 goal=0 here=0
WF 1788408436 h=140 wall=0.10@-0.00 steer=11 tick=434966 goal=0 here=0
WF 1788408436 h=137 wall=0.10@-0.00 steer=11 tick=434991 goal=0 here=0
WF 1788408437 h=136 wall=0.10@-0.00 steer=11 
WF 1788408437 h=133 wall=0.10@0.00 steer=11 tick=435041 goal=0 here=0
WF 1788408437 h=134 wall=0.09@0.00 steer=11 tick=435066 goal=0 here=0
WF 1788408437 h=137 wall=0.10@0.00 steer=11 tick=435091 goal=0 here=0
WF 1788408438 h=135 wall=0.10@-0.00 steer=11 tick=435115 goal=0 here=0
WF 1788408438 h=134 wall=0.10@0.00 steer=11 tick=435140 goal=0 here=0
WF 1788408438 h=143 wall=0.10@-0.00 steer=11 tick=435169 goal=0 here=0
WF 1788408438 h=131 wall=0.10@-0.00 steer=11 tick=435194 goal=0 here=0
WF 1788408439 h=130 wall=0.09@-0.00 steer=11 tick=435223 goal=0 here=0
WF 1788408439 h=131 wall=99.00@0.00 steer=-35 tick=435245 goal=0 here=0
WF 1788408439 h=124 wall=0.09@0.00 steer=11 tick=435268 goal=0 here=0
WF 1788408439 h=133 wall=0.09@-0.00 steer=11 tick=435300 goal=0 here=0
WF 1788408440 h=135 wall=0.09@-0.00 steer=11 tick=435324 goal=0 here=0
WF 1788408440 h=140 wall=0.10@0.00 steer=11 tick=435349 goal=0 here=0
WF 1788408440 h=138 wall=0.10@-0.00 steer=11 tick=435373 goal=0 here=0
WF 1788408440 h=132 wall=0.10@0.00 steer=11 tick=435398 goal=0 here=0
WF 1788408441 h=133 wall=0.09@-0.00 steer=11 tick=435423 goal=0 here=0
WF 1788408441 h=135 wall=0.09@-0.00 steer=11 tick=435447 goal=0 here=0
WF 1788408441 h=139 wall=0.10@0.00 steer=11 tick=435472 goal=0 here=0
WF 1788408441 h=135 wall=0.10@-0.00 steer=11 tick=435497 goal=0 here=0
WF 1788408442 h=133 wall=0.10@0.00 steer=11 tick=435522 goal=0 here=0
WF 1788408442 h=135 wall=0.10@-0.00 steer=11 tick=435547 goal=0 here=0
WF 1788408442 h=139 wall=0.10@-0.00 steer=11 tick=435571 goal=0 here=0
WF 1788408442 h=135 wall=0.10@-0.00 steer=11 tick=435593 goal=0 here=0
WF 1788408443 h=134 wall=0.09@0.00 steer=11 tick=435622 goal=0 here=0
WF 1788408443 h=134 wall=0.09@0.00 steer=11 tick=435646 goal=0 here=0
WF 1788408443 h=138 wall=0.10@-0.00 steer=11 tick=435676 goal=0 here=0
WF 1788408443 h=137 wall=0.10@-0.00 steer=11 tick=435701 goal=0 here=0
WF 1788408444 h=133 wall=0.10@-0.00 steer=11 tick=435726 goal=0 here=0
WF 1788408444 h=135 wall=0.09@-0.00 steer=11 tick=435750 goal=0 here=0
WF 1788408444 h=132 wall=0.09@-0.00 steer=11 tick=435775 goal=0 here=0
WF 1788408444 h=136 wall=0.09@0.00 steer=11 tick=435800 goal=0 here=0
WF 1788408445 h=137 wall=0.10@0.00 steer=11 tick=435825 goal=0 here=0
WF 1788408445 h=139 wall=0.10@-0.00 steer=11 tick=435850 goal=0 here=0
WF 1788408445 h=135 wall=0.10@0.00 steer=11 tick=435874 goal=0 here=0
WF 1788408445 h=135 wall=0.10@0.00 steer=11 tick=435899 goal=0 here=0
WF 1788408446 h=136 wall=0.09@0.00 steer=11 tick=435924 goal=0 here=0
WF 1788408446 h=129 wall=0.09@0.00 steer=11 tick=435949 goal=0 here=0
WF 1788408446 h=134 wall=0.09@0.00 steer=11 tick=435982 goal=0 here=0
WF 1788408447 h=137 wall=0.10@0.00 steer=11 tick=436008 goal=0 here=0
WF 1788408447 h=131 wall=99.00@0.00 steer=-35 tick=436038 goal=0 here=0
WF 1788408447 h=131 wall=0.09@0.00 steer=11 tick=436055 goal=0 here=0
WF 1788408447 h=134 wall=0.09@0.00 steer=11 tick=436082 goal=0 here=0
WF 1788408448 h=138 wall=0.09@-0.00 steer=11 tick=436106 goal=0 here=0
WF 1788408448 h=134 wall=0.10@0.00 steer=11 tick=436131 goal=0 here=0
WF 1788408448 h=134 wall=0.09@-0.00 steer=11 tick=436156 goal=0 here=0
WF 1788408448 h=137 wall=0.10@-0.00 steer=11 tick=436181 goal=0 here=0
WF 1788408449 h=136 wall=0.10@0.00 steer=11 tick=436205 goal=0 here=0
WF 1788408449 h=132 wall=0.09@-0.00 steer=11 tick=436230 goal=0 here=0
WF 1788408449 h=138 wall=0.09@-0.00 steer=11 tick=436255 goal=0 here=0
WF 1788408449 h=136 wall=0.10@0.00 steer=11 tick=436280 goal=0 here=0
WF 1788408450 h=132 wall=0.09@0.00 steer=11 tick=436308 goal=0 here=0
WF 1788408450 h=137 wall=0.09@0.00 steer=11 tick=436333 goal=0 here=0
WF 1788408450 h=136 wall=0.10@-0.00 steer=11 tick=436365 goal=0 here=0
WF 1788408450 h=135 wall=0.10@-0.00 steer=11 tick=436389 goal=0 here=0
WF 1788408451 h=133 wall=0.10@-0.00 steer=11 tick=436418 goal=0 here=0
WF 1788408451 h=134 wall=0.09@-0.00 steer=11 tick=436447 goal=0 here=0
WF 1788408451 h=139 wall=0.10@-0.00 steer=11 tick=436472 goal=0 here=0
WF 1788408451 h=136 wall=0.10@-0.00 steer=11 tick=436496 goal=0 here=0
WF 1788408452 h=132 wall=0.10@-0.00 steer=11 tick=436522 goal=0 here=0
WF 1788408452 h=136 wall=0.09@-0.00 steer=11 tick=436546 goal=0 here=0
WF 1788408452 h=136 wall=0.10@-0.00 steer=11 tick=436571 goal=0 here=0
WF 1788408452 h=132 wall=0.10@-0.00 steer=11 tick=436596 goal=0 here=0
WF 1788408453 h=136 wall=0.10@0.00 steer=11 tick=436621 goal=0 here=0
WF 1788408453 h=138 wall=0.10@0.00 steer=11 tick=436645 goal=0 here=0
WF 1788408453 h=137 wall=0.10@-0.00 steer=11 tick=436670 goal=0 here=0
WF 1788408453 h=132 wall=0.10@-0.00 steer=11 tick=436694 goal=0 here=0
WF 1788408454 h=134 wall=0.09@0.00 steer=11 tick=436719 goal=0 here=0
WF 1788408454 h=141 wall=0.10@-0.00 steer=11 tick=436744 goal=0 here=0
WF 1788408454 h=134 wall=0.10@-0.00 steer=11 tick=436767 goal=0 here=0
WF 1788408454 h=139 wall=0.10@0.00 steer=11 tick=436797 goal=0 here=0
WF 1788408455 h=132 wall=0.10@0.00 steer=11 tick=436824 goal=0 here=0
WF 1788408455 h=138 wall=0.09@-0.00 steer=11 tick=436848 goal=0 here=0
WF 1788408455 h=130 wall=0.10@-0.00 steer=11 tick=436873 goal=0 here=0
WF 1788408455 h=135 wall=0.09@0.00 steer=11 tick=436897 goal=0 here=0
WF 1788408456 h=142 wall=0.10@0.00 steer=11 tick=436922 goal=0 here=0
WF 1788408456 h=142 wall=99.00@0.00 steer=-35 tick=436947 goal=0 here=0
WF 1788408456 h=123 wall=0.09@-0.00 steer=11 tick=436965 goal=0 here=0
WF 1788408456 h=129 wall=0.09@-0.00 steer=12 tick=436991 goal=0 here=0
WF 1788408457 h=138 wall=0.09@0.00 steer=11 tick=437016 goal=0 here=0
WF 1788408457 h=134 wall=0.09@-0.00 steer=11 tick=437041 goal=0 here=0
WF 1788408457 h=139 wall=0.09@-0.00 steer=11 tick=437066 goal=0 here=0
WF 1788408457 h=138 wall=0.10@-0.00 steer=11 tick=437090 goal=0 here=0
WF 1788408458 h=133 wall=0.10@-0.00 steer=11 tick=437119 goal=0 here=0
WF 1788408458 h=134 wall=0.09@-0.00 steer=11 tick=437147 goal=0 here=0
WF 1788408458 h=137 wall=0.09@-0.00 steer=11 tick=437172 goal=0 here=0
WF 1788408458 h=137 wall=0.10@-0.00 steer=11 tick=437197 goal=0 here=0
WF 1788408459 h=135 wall=0.10@-0.00 steer=11 tick=437222 goal=0 here=0
WF 1788408459 h=136 wall=0.09@0.00 steer=11 tick=437246 goal=0 here=0
WF 1788408459 h=134 wall=0.09@-0.00 steer=11 tick=437271 goal=0 here=0
WF 1788408459 h=135 wall=0.09@-0.00 steer=11 tick=437297 goal=0 here=0
WF 1788408460 h=136 wall=0.10@0.00 steer=11 tick=437322 goal=0 here=0
WF 1788408460 h=134 wall=0.10@0.00 steer=11 tick=437349 goal=0 here=0
WF 1788408460 h=136 wall=0.10@0.00 steer=11 tick=437373 goal=0 here=0
WF 1788408460 h=137 wall=0.10@0.00 steer=11 tick=437398 goal=0 here=0
WF 1788408461 h=133 wall=0.10@0.00 steer=11 tick=437423 goal=0 here=0
WF 1788408461 h=135 wall=0.10@-0.00 steer=11 tick=437447 goal=0 here=0
WF 1788408461 h=137 wall=0.10@0.00 steer=11 tick=437472 goal=0 here=0
WF 1788408461 h=137 wall=0.10@0.00 steer=11 tick=437502 goal=0 here=0
WF 1788408462 h=137 wall=0.10@-0.00 steer=11 tick=437526 goal=0 here=0
WF 1788408462 h=129 wall=0.10@0.00 steer=11 tick=437551 goal=0 here=0
WF 1788408462 h=139 wall=0.09@0.00 steer=11 tick=437575 goal=0 here=0
WF 1788408462 h=140 wall=0.10@-0.00 steer=11 tick=437600 goal=0 here=0
WF 1788408463 h=133 wall=0.10@0.00 steer=11 tick=437625 goal=0 here=0
WF 1788408463 h=132 wall=0.09@0.00 steer=11 tick=437650 goal=0 here=0
WF 1788408463 h=136 wall=0.09@0.00 steer=11 tick=437674 goal=0 here=0
WF 1788408463 h=138 wall=0.10@0.00 steer=11 tick=437699 goal=0 here=0
WF 1788408464 h=137 wall=0.10@0.00 steer=11 tick=437723 goal=0 here=0
WF 1788408464 h=132 wall=0.09@-0.00 steer=11 tick=437748 goal=0 here=0
WF 1788408464 h=135 wall=0.09@-0.00 steer=11 tick=437772 goal=0 here=0
WF 1788408464 h=135 wall=0.10@-0.00 steer=11 tick=437797 goal=0 here=0
WF 1788408465 h=135 wall=0.10@0.00 steer=11 tick=437822 goal=0 here=0
WF 1788408465 h=138 wall=0.09@0.00 steer=11 tick=437852 goal=0 here=0
WF 1788408465 h=141 wall=0.10@0.00 steer=11 tick=437877 goal=0 here=0
WF 1788408465 h=132 wall=0.10@-0.00 steer=11 tick=437902 goal=0 here=0
WF 1788408466 h=132 wall=0.09@-0.00 steer=11 tick=437927 goal=0 here=0
WF 1788408466 h=134 wall=0.09@-0.00 steer=11 tick=437952 goal=0 here=0
WF 1788408466 h=139 wall=0.10@0.00 steer=11 tick=437976 goal=0 here=0
WF 1788408467 h=136 wall=0.10@-0.00 steer=11 tick=438006 goal=0 here=0
WF 1788408467 h=132 wall=0.10@-0.00 steer=11 tick=438031 goal=0 here=0
WF 1788408467 h=134 wall=0.09@0.00 steer=11 tick=438055 goal=0 here=0
WF 1788408467 h=135 wall=0.09@-0.00 steer=11 tick=438085 goal=0 here=0
WF 1788408468 h=133 wall=0.09@-0.00 steer=11 tick=438108 goal=0 here=0
WF 1788408468 h=141 wall=0.10@0.00 steer=11 tick=438137 goal=0 here=0
WF 1788408468 h=136 wall=0.10@-0.00 steer=11 tick=438162 goal=0 here=0
WF 1788408468 h=135 wall=0.09@-0.00 steer=11 tick=438187 goal=0 here=0
WF 1788408469 h=131 wall=0.09@0.00 steer=11 tick=438211 goal=0 here=0
WF 1788408469 h=135 wall=0.09@0.00 steer=11 tick=438236 goal=0 here=0
WF 1788408469 h=127 wall=99.00@0.00 steer=-35 tick=438261 goal=0 here=0
WF 1788408469 h=129 wall=0.09@-0.00 steer=11 tick=438279 goal=0 here=0
WF 1788408469 h=134 wall=0.09@-0.00 steer=11 tick=438304 goal=0 here=0
WF 1788408470 h=135 wall=0.10@0.00 steer=11 tick=438329 goal=0 here=0
WF 1788408470 h=141 wall=0.10@0.00 steer=11 tick=438354 goal=0 here=0
WF 1788408470 h=135 wall=0.10@-0.00 steer=11 tick=438378 goal=0 here=0
WF 1788408470 h=134 wall=0.10@0.00 steer=11 tick=438403 goal=0 here=0
WF 1788408471 h=131 wall=0.10@-0.00 steer=11 tick=438428 goal=0 here=0
WF 1788408471 h=140 wall=0.10@0.00 steer=11 tick=438456 goal=0 here=0
WF 1788408471 h=136 wall=0.10@-0.00 steer=11 tick=438481 goal=0 here=0
WF 1788408472 h=132 wall=0.09@-0.00 steer=11 tick=438509 goal=0 here=0
WF 1788408472 h=133 wall=0.09@-0.00 steer=11 tick=438533 goal=0 here=0
WF 1788408472 h=133 wall=0.10@0.00 steer=11 tick=438558 goal=0 here=0
WF 1788408472 h=140 wall=0.10@-0.00 steer=11 tick=438583 goal=0 here=0
WF 1788408473 h=139 wall=0.10@0.00 steer=11 tick=438609 goal=0 here=0
WF 1788408473 h=137 wall=0.10@-0.00 steer=11 tick=438634 goal=0 here=0
WF 1788408473 h=132 wall=0.10@0.00 steer=11 tick=438659 goal=0 here=0
WF 1788408473 h=136 wall=0.09@-0.00 steer=11 tick=438684 goal=0 here=0
WF 1788408474 h=134 wall=0.10@-0.00 steer=11 tick=438708 goal=0 here=0
WF 1788408474 h=137 wall=0.10@0.00 steer=11 tick=438733 goal=0 here=0
WF 1788408474 h=136 wall=0.10@0.00 steer=11 tick=438757 goal=0 here=0
WF 1788408474 h=138 wall=0.10@0.00 steer=11 tick=438780 goal=0 here=0
WF 1788408475 h=138 wall=0.10@-0.00 steer=11 tick=438808 goal=0 here=0
WF 1788408475 h=130 wall=0.09@0.00 steer=11 tick=438836 goal=0 here=0
WF 1788408475 h=133 wall=0.09@0.00 steer=11 tick=438861 goal=0 here=0
WF 1788408475 h=136 wall=0.10@-0.00 steer=11 tick=438885 goal=0 here=0
WF 1788408476 h=135 wall=0.10@-0.00 steer=11 tick=438910 goal=0 here=0
WF 1788408476 h=138 wall=0.10@-0.00 steer=11 tick=438934 goal=0 here=0
WF 1788408476 h=138 wall=0.10@0.00 steer=11 tick=438963 goal=0 here=0
WF 1788408476 h=130 wall=0.10@0.00 steer=11 tick=438988 goal=0 here=0
WF 1788408477 h=136 wall=0.09@-0.00 steer=11 tick=439018 goal=0 here=0
WF 1788408477 h=135 wall=0.10@-0.00 steer=11 tick=439043 goal=0 here=0
WF 1788408477 h=133 wall=0.09@0.00 steer=11 tick=439067 goal=0 here=0
WF 1788408477 h=139 wall=0.09@-0.00 steer=11 tick=439097 goal=0 here=0
WF 1788408478 h=135 wall=0.10@-0.00 steer=11 tick=439127 goal=0 here=0
WF 1788408478 h=134 wall=0.10@-0.00 steer=11 tick=439152 goal=0 here=0
WF 1788408478 h=133 wall=0.09@0.00 steer=11 tick=439177 goal=0 here=0
WF 1788408478 h=135 wall=0.10@0.00 steer=11 tick=439202 goal=0 here=0
WF 1788408479 h=136 wall=0.10@0.00 steer=11 tick=439226 goal=0 here=0
WF 1788408479 h=138 wall=0.10@-0.00 steer=11 tick=439251 goal=0 here=0
WF 1788408479 h=134 wall=0.10@0.00 steer=11 tick=439276 goal=0 here=0
WF 1788408479 h=138 wall=0.09@-0.00 steer=11 tick=439301 goal=0 here=0
WF 1788408480 h=135 wall=0.10@0.00 steer=11 tick=439326 goal=0 here=0
WF 1788408480 h=135 wall=0.09@0.00 steer=11 tick=439350 goal=0 here=0
WF 1788408480 h=132 wall=0.09@0.00 steer=11 tick=439375 goal=0 here=0
WF 1788408480 h=136 wall=0.10@-0.00 steer=11 tick=439399 goal=0 here=0
WF 1788408481 h=135 wall=0.10@-0.00 steer=11 tick=439424 goal=0 here=0
WF 1788408481 h=135 wall=0.10@0.00 steer=11 tick=439447 goal=0 here=0
WF 1788408481 h=134 wall=0.10@-0.00 steer=11 tick=439477 goal=0 here=0
WF 1788408481 h=141 wall=0.10@-0.00 steer=11 tick=439502 goal=0 here=0
WF 1788408482 h=138 wall=0.10@-0.00 steer=11 tick=439526 goal=0 here=0
WF 1788408482 h=133 wall=0.09@0.00 steer=11 tick=439551 goal=0 here=0
WF 1788408482 h=133 wall=0.09@0.00 steer=11 tick=439576 goal=0 here=0
WF 1788408482 h=131 wall=0.09@0.00 steer=11 tick=439600 goal=0 here=0
WF 1788408483 h=135 wall=0.09@-0.00 steer=11 tick=439625 goal=0 here=0
WF 1788408483 h=142 wall=0.10@-0.00 steer=11 tick=439649 goal=0 here=0
WF 1788408483 h=132 wall=0.10@0.00 steer=11 tick=439674 goal=0 here=0
WF 1788408483 h=133 wall=0.10@0.00 steer=11 tick=439699 goal=0 here=0
WF 1788408484 h=136 wall=0.10@-0.00 steer=11 tick=439723 goal=0 here=0
WF 1788408484 h=136 wall=0.10@0.00 steer=11 tick=439748 goal=0 here=0
WF 1788408484 h=133 wall=0.10@-0.00 steer=11 tick=439772 goal=0 here=0
WF 1788408485 h=137 wall=0.10@-0.00 steer=11 tick=439803 goal=0 here=0
WF 1788408485 h=136 wall=0.10@-0.00 steer=11 tick=439828 goal=0 here=0
WF 1788408485 h=134 wall=0.10@-0.00 steer=11 tick=439858 goal=0 here=0
WF 1788408485 h=138 wall=0.10@0.00 steer=11 tick=439883 goal=0 here=0
WF 1788408486 h=137 wall=0.10@-0.00 steer=11 tick=439908 goal=0 here=0
WF 1788408486 h=129 wall=0.09@-0.00 steer=11 tick=439936 goal=0 here=0
WF 1788408486 h=138 wall=0.09@0.00 steer=11 tick=439960 goal=0 here=0
WF 1788408486 h=140 wall=0.10@0.00 steer=11 tick=439990 goal=0 here=0
WF 1788408487 h=133 wall=0.10@0.00 steer=11 tick=440014 goal=0 here=0
WF 1788408487 h=134 wall=0.09@-0.00 steer=11 tick=440038 goal=0 here=0
WF 1788408487 h=136 wall=0.09@0.00 steer=11 tick=440067 goal=0 here=0
WF 1788408487 h=135 wall=0.10@0.00 steer=11 tick=440095 goal=0 here=0
WF 1788408488 h=135 wall=0.10@-0.00 steer=11 tick=440119 goal=0 here=0
WF 1788408488 h=135 wall=0.10@-0.00 steer=11 tick=440144 goal=0 here=0
WF 1788408488 h=136 wall=0.10@0.00 steer=11 tick=440169 goal=0 here=0
WF 1788408488 h=136 wall=0.10@-0.00 steer=11 tick=440196 goal=0 here=0
WF 1788408489 h=136 wall=0.09@-0.00 steer=11 tick=440221 goal=0 here=0
WF 1788408489 h=137 wall=0.09@-0.00 steer=11 tick=440245 goal=0 here=0
WF 1788408489 h=132 wall=0.10@-0.00 steer=11 tick=440270 goal=0 here=0
WF 1788408489 h=134 wall=0.09@-0.00 steer=11 tick=440295 goal=0 here=0
WF 1788408490 h=132 wall=0.10@-0.00 steer=11 tick=440320 goal=0 here=0
WF 1788408490 h=138 wall=0.10@-0.00 steer=11 tick=440344 goal=0 here=0
WF 1788408490 h=134 wall=0.10@0.00 steer=11 tick=440368 goal=0 here=0
WF 1788408490 h=128 wall=99.00@0.00 steer=-35 tick=440398 goal=0 here=0
WF 1788408491 h=130 wall=0.09@-0.00 steer=11 tick=440416 goal=0 here=0
WF 1788408491 h=140 wall=0.09@-0.00 steer=11 tick=440445 goal=0 here=0
WF 1788408491 h=134 wall=0.10@-0.00 steer=11 tick=440470 goal=0 here=0
WF 1788408491 h=138 wall=0.10@-0.00 steer=11 tick=440495 goal=0 here=0
WF 1788408492 h=133 wall=0.10@0.00 steer=11 tick=440520 goal=0 here=0
WF 1788408492 h=138 wall=0.10@0.00 steer=11 tick=440545 goal=0 here=0
WF 1788408492 h=133 wall=0.10@-0.00 steer=11 tick=440570 goal=0 here=0
WF 1788408492 h=131 wall=0.10@-0.00 steer=11 tick=440595 goal=0 here=0
WF 1788408493 h=142 wall=0.10@0.00 steer=11 tick=440620 goal=0 here=0
WF 1788408493 h=135 wall=0.10@-0.00 steer=11 tick=440645 goal=0 here=0
WF 1788408493 h=129 wall=0.10@-0.00 steer=11 tick=440669 goal=0 here=0
WF 1788408493 h=137 wall=0.09@0.00 steer=11 tick=440694 goal=0 here=0
WF 1788408494 h=140 wall=0.10@-0.00 steer=11 tick=440718 goal=0 here=0
WF 1788408494 h=134 wall=0.10@0.00 steer=11 tick=440743 goal=0 here=0
WF 1788408494 h=132 wall=0.09@-0.00 steer=11 tick=440771 goal=0 here=0
WF 1788408494 h=137 wall=0.09@-0.00 steer=11 tick=440796 goal=0 here=0
WF 1788408495 h=136 wall=0.10@-0.00 steer=11 tick=440822 goal=0 here=0
WF 1788408495 h=134 wall=0.10@-0.00 steer=11 tick=440846 goal=0 here=0
WF 1788408495 h=138 wall=0.09@-0.00 steer=11 tick=440871 goal=0 here=0
WF 1788408495 h=138 wall=0.10@0.00 steer=11 tick=440897 goal=0 here=0
WF 1788408496 h=129 wall=0.09@0.00 steer=11 tick=440921 goal=0 here=0
WF 1788408496 h=136 wall=0.09@-0.00 steer=11 tick=440952 goal=0 here=0
WF 1788408496 h=138 wall=0.10@-0.00 steer=11 tick=440979 goal=0 here=0
WF 1788408497 h=135 wall=0.10@0.00 steer=11 tick=441004 goal=0 here=0
WF 1788408497 h=130 wall=0.10@0.00 steer=11 tick=441029 goal=0 here=0
WF 1788408497 h=137 wall=0.10@-0.00 steer=11 tick=441055 goal=0 here=0
WF 1788408497 h=139 wall=0.10@-0.00 steer=11 tick=441080 goal=0 here=0
WF 1788408498 h=138 wall=0.10@0.00 steer=11 tick=441105 goal=0 here=0
WF 1788408498 h=135 wall=0.10@0.00 steer=11 tick=441130 goal=0 here=0
WF 1788408498 h=132 wall=0.09@-0.00 steer=11 tick=441154 goal=0 here=0
WF 1788408498 h=135 wall=0.10@-0.00 steer=11 tick=441179 goal=0 here=0
WF 1788408498 h=137 wall=0.10@-0.00 steer=11 tick=441203 goal=0 here=0
WF 1788408499 h=137 wall=0.10@0.00 steer=11 tick=441228 goal=0 here=0
WF 1788408499 h=134 wall=0.10@-0.00 steer=11 tick=441253 goal=0 here=0
WF 1788408499 h=135 wall=0.09@0.00 steer=11 tick=441276 goal=0 here=0
WF 1788408500 h=132 wall=0.10@-0.00 steer=11 tick=441306 goal=0 here=0
WF 1788408500 h=134 wall=0.10@-0.00 steer=11 tick=441334 goal=0 here=0
WF 1788408500 h=138 wall=0.10@-0.00 steer=11 tick=441359 goal=0 here=0
WF 1788408500 h=138 wall=0.10@0.00 steer=11 tick=441383 goal=0 here=0
WF 1788408501 h=136 wall=0.10@0.00 steer=11 tick=441408 goal=0 here=0
WF 1788408501 h=132 wall=0.10@-0.00 steer=11 tick=441433 goal=0 here=0
WF 1788408501 h=133 wall=0.10@-0.00 steer=11 tick=441458 goal=0 here=0
WF 1788408501 h=137 wall=0.10@-0.00 steer=11 tick=441483 goal=0 here=0
WF 1788408502 h=140 wall=0.10@0.00 steer=11 
WF 1788408502 h=135 wall=0.10@-0.00 steer=11 tick=441532 goal=0 here=0
WF 1788408502 h=134 wall=0.10@-0.00 steer=11 tick=441557 goal=0 here=0
WF 1788408502 h=134 wall=0.09@0.00 steer=11 tick=441582 goal=0 here=0
WF 1788408503 h=132 wall=0.10@0.00 steer=11 tick=441606 goal=0 here=0
WF 1788408503 h=140 wall=0.10@0.00 steer=11 tick=441632 goal=0 here=0
WF 1788408503 h=138 wall=0.10@-0.00 steer=11 tick=441658 goal=0 here=0
WF 1788408503 h=127 wall=0.10@0.00 steer=11 tick=441685 goal=0 here=0
WF 1788408504 h=136 wall=0.09@-0.00 steer=11 tick=441716 goal=0 here=0
WF 1788408504 h=137 wall=0.10@-0.00 steer=11 tick=441741 goal=0 here=0
WF 1788408504 h=141 wall=0.10@0.00 steer=11 tick=441766 goal=0 here=0
SELF h=110 top_clusters=[((0.09, 0.01), 19), ((0.1, -0.03), 19), ((0.09, 0.0), 18), ((0.08, 0.01), 18), ((0.1, 0.02), 17), ((0.03, -0.18), 17), ((0.1, -0.04), 17), ((0.1, -0.07), 16), ((0.1, -0.06), 16), ((0.09, -0.01), 16), ((0.08, -0.01), 16), ((0.09, -0.03), 15)]
SELF h=2 top_clusters=[((-0.01, 0.1), 27), ((-0.04, 0.08), 26), ((-0.03, 0.08), 22), ((0.0, 0.1), 20), ((0.06, 0.14), 19), ((0.01, 0.1), 16), ((-0.03, 0.07), 16), ((-0.06, 0.09), 16), ((-0.02, 0.1), 15), ((-0.02, 0.09), 15), ((0.03, 0.12), 14), ((-0.05, 0.08), 14)]
SELF h=259 top_clusters=[((-0.07, -0.07), 24), ((-0.14, 0.01), 20), ((-0.08, -0.06), 17), ((-0.1, -0.03), 16), ((-0.08, -0.04), 16), ((-0.08, -0.05), 16), ((-0.17, 0.04), 15), ((-0.1, -0.04), 15), ((-0.09, -0.04), 15), ((-0.07, -0.06), 15), ((-0.07, -0.08), 15), ((-0.17, 0.06), 14)]
SELFCHECK end
=== MAPWORLD h=153
MAP z_hist=[(-0.2, 1940), (-0.1, 3039), (0.0, 1214), (0.1, 640), (0.2, 340), (0.3, 306), (0.4, 354), (0.5, 703), (0.6, 539), (0.7, 426), (0.8, 533), (0.9, 470), (1.0, 222), (1.1, 128), (1.2, 93), (1.3, 44), (1.4, 49), (1.5, 21), (1.7, 28)]
MAP tall(z>0.3) top=[((-0.3, 0.3), 140), ((-0.4, 0.2), 119), ((-0.6, 0.2), 116), ((-0.5, 0.3), 113), ((-0.4, 0.3), 109), ((0.5, -0.1), 107), ((-0.5, 0.1), 105), ((-0.1, 0.2), 103), ((0.3, 0.0), 103), ((-0.0, -0.1), 100), ((-0.4, 0.1), 96), ((-0.6, 0.1), 88), ((-0.5, 0.2), 85), ((-0.5, 0.4), 81), ((-0.0, 0.2), 75)] n=3767
MAP ground bins=[] n=0
MAP mid bins=[((0.0, 0.0), 4659), ((0.5, 0.0), 1657), ((-0.5, 0.0), 588), ((-0.5, 0.5), 287), ((0.5, -0.5), 131)] n=7322
=== TERRAMAP: profile per heading (x-bin: median z)
TM h=154 {0.4: 0.39, 'zmax': 1.06, 'zmin': -0.04}
TM h=171 {0.4: 0.32, 'zmax': 1.49, 'zmin': -0.1}
TM h=188 {0.4: 0.05, 0.8: 0.66, 'zmax': 1.3, 'zmin': -0.24}
TM h=207 {0.4: -0.03, 0.8: 0.29, 1.2: 0.87, 'zmax': 1.46, 'zmin': -0.4}
TM h=221 {0.4: 0.18, 0.8: -0.03, 1.2: 0.29, 'zmax': 2.23, 'zmin': -0.56}
TM h=236 {0.4: 0.05, 0.8: 0.28, 1.2: 0.0, 1.6: 0.11, 'zmax': 2.08, 'zmin': -0.66}
TM h=254 {0.4: -0.16, 0.8: 0.15, 1.2: 0.94, 'zmax': 1.69, 'zmin': -0.7}
TM h=274 {0.4: -0.23, 0.8: -0.03, 1.2: 0.5, 1.6: 1.2, 'zmax': 1.21, 'zmin': -0.8}
TM h=289 {0.4: -0.38, 0.8: -0.26, 1.2: -0.05, 1.6: 0.36, 2.0: 0.39, 'zmax': 0.56, 'zmin': -1.22}
TM h=304 {0.4: -0.49, 0.8: -0.39, 1.2: -0.38, 1.6: -0.12, 2.0: -0.16, 'zmax': 0.26, 'zmin': -1.46}
TM h=326 {0.4: -0.63, 0.8: -0.65, 1.2: -0.84, 1.6: -0.8, 2.0: -0.92, 'zmax': 0.26, 'zmin': -1.01}
TM h=344 {0.4: -0.4, 0.8: -1.2, 1.2: -1.51, 1.6: -1.4, 'zmax': 0.17, 'zmin': -1.56}
TM h=5 {0.4: -1.4, 0.8: -1.93, 'zmax': 0.07, 'zmin': -1.98}
TM h=29 {0.4: -2.0, 'zmax': -0.07, 'zmin': -2.19}
TM h=44 {'zmax': -0.16, 'zmin': -0.23}
TM h=62 {'zmax': None, 'zmin': None}
TM h=81 {'zmax': None, 'zmin': None}
TM h=99 {'zmax': None, 'zmin': None}
TERRAMAP end
=== GODOWN2: descend ramp, follow downhill
GD 1788408878 h=118 {0.3: 0.6, 'zmin': 0.21, 'zmax': 0.71} d11=0.282 tick=479160 goal=0 here=0
GD 1788408880 h=349 {0.3: -0.31, 0.6: -1.33, 1.0: -1.7, 'zmin': -1.77, 'zmax': 0.09} d11=0.282 tick=479394 goal=0 here=0
GD 1788408883 h=302 {0.3: -0.6, 0.6: -0.41, 1.0: -0.39, 1.5: -0.27, 'zmin': -0.76, 'zmax': 0.0} d11=0.332 tick=479629 goal=0 here=0
GD 1788408885 h=298 {0.3: -0.59, 0.6: -0.37, 1.0: -0.3, 1.5: -0.14, 'zmin': -0.73, 'zmax': 0.02} d11=0.329 tick=479863 goal=0 here=0
GD 1788408887 h=298 {'zmin': None, 'zmax': None} d11=0.321 tick=480097 goal=0 here=0
GD 1788408890 h=303 {0.3: -0.59, 0.6: -0.4, 1.0: -0.35, 1.5: -0.2, 'zmin': -0.77, 'zmax': 0.01} d11=0.301 tick=480324 goal=0 here=0
GD 1788408892 h=301 {0.3: -0.59, 0.6: -0.39, 1.0: -0.35, 1.5: -0.2, 'zmin': -0.75, 'zmax': 0.01} d11=0.299 tick=480557 goal=0 here=0
GD 1788408894 h=300 {0.3: -0.59, 0.6: -0.38, 1.0: -0.31, 1.5: -0.14, 'zmin': -0.75, 'zmax': 0.0} d11=0.321 tick=480791 goal=0 here=0
GD 1788408897 h=303 {0.3: -0.6, 0.6: -0.38, 1.0: -0.32, 1.5: -0.14, 'zmin': -0.75, 'zmax': 0.01} d11=0.338 tick=481025 goal=0 here=0
GD 1788408899 h=304 {0.3: -0.59, 0.6: -0.39, 1.0: -0.35, 1.5: -0.2, 'zmin': -0.77, 'zmax': 0.0} d11=0.330 tick=481259 goal=0 here=0
GD 1788408901 h=300 {0.3: -0.59, 0.6: -0.39, 1.0: -0.35, 1.5: -0.2, 'zmin': -0.75, 'zmax': 0.0} d11=0.327 tick=481492 goal=0 here=0
GD 1788408904 h=301 {0.3: -0.59, 0.6: -0.39, 1.0: -0.34, 1.5: -0.18, 'zmin': -0.76, 'zmax': 0.0} d11=0.335 tick=481726 goal=0 here=0
GD 1788408906 h=298 {0.3: -0.61, 0.6: -0.35, 1.0: -0.22, 1.5: 0.0, 'zmin': -0.72, 'zmax': 0.04} d11=0.333 tick=481960 goal=0 here=0
GD 1788408908 h=296 {0.3: -0.6, 0.6: -0.39, 1.0: -0.34, 1.5: -0.14, 'zmin': -0.76, 'zmax': 0.01} d11=0.326 tick=482195 goal=0 here=0
GD 1788408911 h=297 {0.3: -0.59, 0.6: -0.38, 1.0: -0.31, 1.5: -0.14, 'zmin': -0.76, 'zmax': 0.0} d11=0.324 tick=482429 goal=0 here=0
GD 1788408913 h=300 {0.3: -0.6, 0.6: -0.36, 1.0: -0.27, 1.5: -0.07, 'zmin': -0.74, 'zmax': 0.01} d11=0.302 tick=482663 goal=0 here=0
GD 1788408915 h=301 {0.3: -0.59, 0.6: -0.41, 1.0: -0.39, 1.5: -0.27, 'zmin': -0.78, 'zmax': -0.01} d11=0.309 
GD 1788408917 h=300 {0.3: -0.59, 0.6: -0.4, 1.0: -0.35, 1.5: -0.2, 'zmin': -0.78, 'zmax': 0.0} d11=0.314 tick=483115 goal=0 here=0
GD 1788408920 h=298 {0.3: -0.6, 0.6: -0.4, 1.0: -0.35, 1.5: -0.2, 'zmin': -0.75, 'zmax': 0.0} d11=0.320 tick=483339 goal=0 here=0
GD 1788408922 h=298 {0.3: -0.59, 0.6: -0.4, 1.0: -0.39, 1.5: -0.2, 'zmin': -0.76, 'zmax': -0.01} d11=0.330 tick=483573 goal=0 here=0
GD 1788408924 h=298 {0.3: -0.59, 0.6: -0.39, 1.0: -0.35, 1.5: -0.14, 'zmin': -0.76, 'zmax': 0.01} d11=0.344 tick=483791 goal=0 here=0
GD 1788408927 h=296 {0.3: -0.59, 0.6: -0.37, 1.0: -0.3, 1.5: -0.07, 'zmin': -0.74, 'zmax': 0.01} d11=0.331 tick=484026 goal=0 here=0
GD 1788408929 h=300 {0.3: -0.59, 0.6: -0.4, 1.0: -0.35, 1.5: -0.2, 'zmin': -0.77, 'zmax': -0.01} d11=0.326 tick=484260 goal=0 here=0
GD 1788408931 h=294 {0.3: -0.6, 0.6: -0.33, 1.0: -0.18, 1.5: 0.06, 'zmin': -0.7, 'zmax': 0.07} d11=0.309 tick=484495 goal=0 here=0
GD 1788408934 h=301 {0.3: -0.59, 0.6: -0.4, 1.0: -0.35, 1.5: -0.2, 'zmin': -0.78, 'zmax': 0.0} d11=0.309 tick=484729 goal=0 here=0
GD 1788408936 h=299 {0.3: -0.59, 0.6: -0.37, 1.0: -0.3, 1.5: -0.07, 'zmin': -0.73, 'zmax': 0.01} d11=0.305 
GD 1788408938 h=299 {0.3: -0.61, 0.6: -0.38, 1.0: -0.31, 1.5: -0.14, 'zmin': -0.74, 'zmax': 0.0} d11=0.288 tick=485200 goal=0 here=0
GD 1788408941 h=296 {0.3: -0.59, 0.6: -0.36, 1.0: -0.27, 1.5: -0.07, 'zmin': -0.74, 'zmax': 0.03} d11=0.281 tick=485435 goal=0 here=0
GD 1788408943 h=295 {0.3: -0.59, 0.6: -0.37, 1.0: -0.3, 1.5: -0.07, 'zmin': -0.74, 'zmax': 0.01} d11=0.288 tick=485669 goal=0 here=0
GD 1788408945 h=302 {0.3: -0.6, 0.6: -0.4, 1.0: -0.35, 1.5: -0.2, 'zmin': -0.76, 'zmax': 0.01} d11=0.306 tick=485887 goal=0 here=0
GD 1788408947 h=301 {0.3: -0.59, 0.6: -0.41, 1.0: -0.38, 1.5: -0.2, 'zmin': -0.77, 'zmax': -0.02} d11=0.292 tick=486122 goal=0 here=0
GD 1788408950 h=300 {0.3: -0.6, 0.6: -0.39, 1.0: -0.31, 1.5: -0.14, 'zmin': -0.76, 'zmax': 0.0} d11=0.299 tick=486356 goal=0 here=0
GD 1788408952 h=303 {0.3: -0.6, 0.6: -0.4, 1.0: -0.35, 1.5: -0.2, 'zmin': -0.77, 'zmax': -0.01} d11=0.277 tick=486591 goal=0 here=0
GD 1788408955 h=300 {0.3: -0.6, 0.6: -0.38, 1.0: -0.31, 1.5: -0.13, 'zmin': -0.74, 'zmax': 0.01} d11=0.263 tick=486825 goal=0 here=0
GD 1788408957 h=304 {0.3: -0.6, 0.6: -0.38, 1.0: -0.34, 1.5: -0.14, 'zmin': -0.76, 'zmax': 0.01} d11=0.276 tick=487059 goal=0 here=0
GD 1788408959 h=296 {0.3: -0.59, 0.6: -0.38, 1.0: -0.3, 1.5: -0.13, 'zmin': -0.75, 'zmax': 0.02} d11=0.294 tick=487293 goal=0 here=0
GD 1788408962 h=297 {0.3: -0.6, 0.6: -0.38, 1.0: -0.31, 1.5: -0.13, 'zmin': -0.75, 'zmax': 0.01} d11=0.272 tick=487536 goal=0 here=0
GD 1788408964 h=301 {0.3: -0.59, 0.6: -0.4, 1.0: -0.35, 1.5: -0.2, 'zmin': -0.75, 'zmax': -0.01} d11=0.251 tick=487771 goal=0 here=0
GD 1788408966 h=295 {0.3: -0.6, 0.6: -0.36, 1.0: -0.27, 1.5: -0.07, 'zmin': -0.74, 'zmax': 0.02} d11=0.259 tick=487990 goal=0 here=0
GD 1788408969 h=304 {0.3: -0.59, 0.6: -0.4, 1.0: -0.35, 1.5: -0.2, 'zmin': -0.75, 'zmax': 0.0} d11=0.254 
GD 1788408971 h=301 {0.3: -0.59, 0.6: -0.39, 1.0: -0.35, 1.5: -0.2, 'zmin': -0.76, 'zmax': 0.01} d11=0.261 tick=488460 goal=0 here=0
GD 1788408973 h=301 {0.3: -0.6, 0.6: -0.4, 1.0: -0.39, 1.5: -0.27, 'zmin': -0.77, 'zmax': 0.01} d11=0.267 tick=488695 goal=0 here=0
GD 1788408976 h=294 {0.3: -0.59, 0.6: -0.37, 1.0: -0.3, 1.5: -0.07, 'zmin': -0.74, 'zmax': 0.01} d11=0.274 tick=488929 goal=0 here=0
GD 1788408978 h=298 {0.3: -0.6, 0.6: -0.4, 1.0: -0.38, 1.5: -0.2, 'zmin': -0.78, 'zmax': 0.0} d11=0.250 tick=489163 goal=0 here=0
GD 1788408980 h=305 {0.3: -0.6, 0.6: -0.4, 1.0: -0.39, 1.5: -0.27, 'zmin': -0.77, 'zmax': 0.0} d11=0.255 tick=489397 goal=0 here=0
GD 1788408982 h=300 {0.3: -0.6, 0.6: -0.38, 1.0: -0.31, 1.5: -0.13, 'zmin': -0.76, 'zmax': 0.0} d11=0.273 tick=489616 goal=0 here=0
GD 1788408985 h=300 {0.3: -0.59, 0.6: -0.4, 1.0: -0.36, 1.5: -0.2, 'zmin': -0.77, 'zmax': 0.01} d11=0.290 tick=489850 goal=0 here=0
GD 1788408987 h=300 {0.3: -0.59, 0.6: -0.39, 1.0: -0.31, 1.5: -0.14, 'zmin': -0.75, 'zmax': 0.0} d11=0.277 tick=490068 goal=0 here=0
GD 1788408989 h=299 {0.3: -0.59, 0.6: -0.38, 1.0: -0.31, 1.5: -0.14, 'zmin': -0.75, 'zmax': 0.01} d11=0.254 tick=490302 goal=0 here=0
GD 1788408992 h=299 {0.3: -0.6, 0.6: -0.37, 1.0: -0.26, 1.5: -0.07, 'zmin': -0.74, 'zmax': 0.02} d11=0.258 tick=490523 goal=0 here=0
GD 1788408994 h=303 {0.3: -0.6, 0.6: -0.4, 1.0: -0.39, 1.5: -0.27, 'zmin': -0.78, 'zmax': 0.01} d11=0.280 tick=490746 goal=0 here=0
GD 1788408996 h=298 {0.3: -0.61, 0.6: -0.38, 1.0: -0.3, 1.5: -0.14, 'zmin': -0.75, 'zmax': 0.02} d11= tick=490981 goal=0 here=0
GD 1788408998 h=299 {0.3: -0.6, 0.6: -0.38, 1.0: -0.31, 1.5: -0.14, 'zmin': -0.76, 'zmax': 0.0} d11=0.277 tick=491215 goal=0 here=0
GD 1788409001 h=296 {0.3: -0.59, 0.6: -0.37, 1.0: -0.27, 1.5: -0.07, 'zmin': -0.74, 'zmax': 0.01} d11=0.272 tick=491450 goal=0 here=0
GD 1788409003 h=299 {0.3: -0.58, 0.6: -0.36, 1.0: -0.27, 1.5: -0.07, 'zmin': -0.74, 'zmax': 0.02} d11=0.256 tick=491667 goal=0 here=0
GD 1788409005 h=299 {0.3: -0.59, 0.6: -0.39, 1.0: -0.35, 1.5: -0.2, 'zmin': -0.75, 'zmax': 0.0} d11=0.243 tick=491906 goal=0 here=0
GD 1788409008 h=297 {0.3: -0.59, 0.6: -0.36, 1.0: -0.26, 1.5: -0.07, 'zmin': -0.74, 'zmax': 0.02} d11=0.248 tick=492141 goal=0 here=0
GD 1788409010 h=298 {0.3: -0.6, 0.6: -0.4, 1.0: -0.35, 1.5: -0.2, 'zmin': -0.78, 'zmax': 0.0} d11=0.242 tick=492376 goal=0 here=0
GD 1788409012 h=298 {0.3: -0.6, 0.6: -0.38, 1.0: -0.31, 1.5: -0.14, 'zmin': -0.76, 'zmax': 0.0} d11=0.240 tick=492611 goal=0 here=0
GD 1788409015 h=300 {0.3: -0.59, 0.6: -0.4, 1.0: -0.35, 1.5: -0.2, 'zmin': -0.76, 'zmax': 0.0} d11=0.243 tick=492845 goal=0 here=0
GD 1788409017 h=304 {0.3: -0.6, 0.6: -0.41, 1.0: -0.39, 1.5: -0.27, 'zmin': -0.76, 'zmax': -0.01} d11=0.257 tick=493079 goal=0 here=0
GD 1788409019 h=299 {0.3: -0.6, 0.6: -0.38, 1.0: -0.34, 1.5: -0.14, 'zmin': -0.76, 'zmax': 0.0} d11=0.257 tick=493300 goal=0 here=0
GD 1788409022 h=298 {0.3: -0.6, 0.6: -0.37, 1.0: -0.26, 1.5: -0.07, 'zmin': -0.72, 'zmax': 0.02} d11=0.241 tick=493534 goal=0 here=0
GD 1788409024 h=302 {0.3: -0.59, 0.6: -0.4, 1.0: -0.35, 1.5: -0.2, 'zmin': -0.76, 'zmax': 0.0} d11=0.248 tick=493770 goal=0 here=0
GD 1788409026 h=300 {0.3: -0.59, 0.6: -0.4, 1.0: -0.35, 1.5: -0.2, 'zmin': -0.75, 'zmax': 0.01} d11=0.259 tick=494005 goal=0 here=0
GD 1788409029 h=302 {0.3: -0.6, 0.6: -0.4, 1.0: -0.35, 1.5: -0.2, 'zmin': -0.77, 'zmax': 0.0} d11=0.262 tick=494239 goal=0 here=0
GD 1788409031 h=302 {0.3: -0.6, 0.6: -0.39, 1.0: -0.4, 1.5: -0.27, 'zmin': -0.79, 'zmax': -0.02} d11=0.260 tick=494473 goal=0 here=0
GD 1788409033 h=303 {0.3: -0.59, 0.6: -0.4, 1.0: -0.39, 1.5: -0.27, 'zmin': -0.77, 'zmax': -0.01} d11=0.253 tick=494708 goal=0 here=0
GD 1788409036 h=302 {0.3: -0.59, 0.6: -0.41, 1.0: -0.39, 1.5: -0.2, 'zmin': -0.77, 'zmax': 0.0} d11=0.263 tick=494942 goal=0 here=0
GD 1788409038 h=297 {0.3: -0.59, 0.6: -0.39, 1.0: -0.35, 1.5: -0.2, 'zmin': -0.75, 'zmax': -0.01} d11=0.273 tick=495175 goal=0 here=0
=== DESCEND3: find gentlest lip, traverse+descend
D3 cand h=250 lipz=-0.689
D3 cand h=262 lipz=-0.599
D3 cand h=274 lipz=0.192
D3 cand h=286 lipz=0.142
D3 cand h=298 lipz=0.075
D3 cand h=310 lipz=0.034
D3 cand h=322 lipz=0.011
D3 cand h=334 lipz=-0.077
D3 cand h=346 lipz=-0.126
D3 cand h=358 lipz=-0.176
D3 best lip=(0.192, 274)
D3 h=276 lipz=0.206 d11=0.244 tick=496222 goal=0 here=0
D3 h=276 lipz=-0.309 d11=0.247 tick=496403 goal=0 here=0
D3 h=278 lipz=0.393 d11=0.266 tick=496582 goal=0 here=0
D3 h=277 lipz=-0.106 d11=0.271 tick=496763 goal=0 here=0
D3 h=275 lipz=None d11=0.287 tick=496943 goal=0 here=0
D3 h=276 lipz=0.677 d11=0.311 tick=497119 goal=0 here=0
D3 h=271 lipz=0.937 d11=0.328 tick=497305 goal=0 here=0
D3 h=273 lipz=0.895 d11=0.319 
D3 h=278 lipz=1.141 d11= tick=497665 goal=0 here=0
D3 h=273 lipz=0.896 d11=0.308 tick=497845 goal=0 here=0
D3 h=272 lipz=1.138 d11=0.312 tick=498025 goal=0 here=0
D3 h=276 lipz=0.917 d11=0.304 tick=498207 goal=0 here=0
D3 h=272 lipz=0.858 d11=0.301 tick=498388 goal=0 here=0
D3 h=276 lipz=0.836 d11=0.317 tick=498569 goal=0 here=0
D3 h=272 lipz=1.135 d11=0.320 tick=498750 goal=0 here=0
D3 h=275 lipz=0.696 d11=0.336 tick=498930 goal=0 here=0
D3 h=273 lipz=0.928 d11=0.337 tick=499110 goal=0 here=0
D3 h=271 lipz=0.926 d11=0.335 tick=499290 goal=0 here=0
D3 h=270 lipz=0.916 d11=0.356 tick=499470 goal=0 here=0
D3 h=274 lipz=0.835 d11=0.362 tick=499653 goal=0 here=0
D3 h=275 lipz=0.869 d11=0.347 tick=499834 goal=0 here=0
D3 h=275 lipz=0.865 d11=0.341 tick=500012 goal=0 here=0
D3 h=274 lipz=0.841 d11=0.345 tick=500192 goal=0 here=0
D3 h=272 lipz=0.915 d11=0.356 tick=500372 goal=0 here=0
D3 h=274 lipz=0.687 d11=0.361 tick=500552 goal=0 here=0
D3 h=274 lipz=0.919 d11=0.361 
D3 h=272 lipz=0.843 d11=0.336 tick=500910 goal=0 here=0
D3 h=271 lipz=1.113 d11=0.337 tick=501095 goal=0 here=0
D3 h=273 lipz=0.868 d11=0.324 tick=501275 goal=0 here=0
D3 h=271 lipz=0.921 d11=0.352 tick=501456 goal=0 here=0
D3 h=271 lipz=1.137 d11=0.347 tick=501635 goal=0 here=0
D3 h=274 lipz=1.128 d11=0.362 tick=501818 goal=0 here=0
D3 h=277 lipz=0.832 d11=0.359 tick=502004 goal=0 here=0
D3 h=274 lipz=0.834 d11=0.339 tick=502172 goal=0 here=0
D3 h=273 lipz=0.854 d11=0.348 tick=502355 goal=0 here=0
D3 h=282 lipz=1.131 d11=0.335 tick=502537 goal=0 here=0
D3 h=273 lipz=0.857 d11=0.333 tick=502720 goal=0 here=0
D3 h=272 lipz=1.119 d11=0.362 tick=502900 goal=0 here=0
D3 h=274 lipz=0.914 d11=0.369 tick=503081 goal=0 here=0
D3 h=273 lipz=0.932 d11=0.348 tick=503261 goal=0 here=0
D3 h=275 lipz=0.86 d11=0.347 tick=503441 goal=0 here=0
D3 h=272 lipz=0.87 d11=0.338 tick=503620 goal=0 here=0
D3 h=271 lipz=0.905 d11=0.327 tick=503799 goal=0 here=0
D3 h=272 lipz=0.898 d11=0.344 
D3 h=276 lipz=0.868 d11=0.351 
D3 h=275 lipz=0.916 d11=0.347 tick=504341 goal=0 here=0
D3 h=277 lipz=0.842 d11=0.350 tick=504521 goal=0 here=0
D3 h=277 lipz=0.83 d11=0.340 tick=504702 goal=0 here=0
D3 h=270 lipz=1.121 d11=0.333 tick=504879 goal=0 here=0
D3 h=269 lipz=0.917 d11=0.333 tick=505065 goal=0 here=0
D3 h=276 lipz=0.857 d11=0.343 tick=505245 goal=0 here=0
D3 h=274 lipz=0.916 d11=0.322 tick=505424 goal=0 here=0
D3 h=274 lipz=None d11=0.315 tick=505608 goal=0 here=0
D3 h=272 lipz=0.853 d11=0.332 tick=505781 goal=0 here=0
D3 h=271 lipz=0.873 d11=0.337 tick=505960 goal=0 here=0
D3 h=275 lipz=0.832 d11=0.331 tick=506141 goal=0 here=0
D3 h=271 lipz=0.915 d11=0.343 tick=506320 goal=0 here=0
=== REACH: approach tall object (other robot?) at h~270
RC 1788409153 h=270 objX=0.385 d11=0.341 tick=506624 goal=0 here=0
RC 1788409153 h=271 objX=0.387 d11=0.335 tick=506651 goal=0 here=0
RC 1788409153 h=265 objX=0.383 d11=0.340 tick=506678 goal=0 here=0
RC 1788409153 h=273 objX=0.411 d11=0.350 tick=506705 goal=0 here=0
RC 1788409154 h=271 objX=0.394 d11=0.355 tick=506731 goal=0 here=0
RC 1788409154 h=273 objX=0.396 d11=0.340 tick=506758 goal=0 here=0
RC 1788409154 h=268 objX=0.39 d11=0.349 tick=506784 goal=0 here=0
RC 1788409154 h=271 objX=0.397 d11=0.335 tick=506812 goal=0 here=0
RC 1788409155 h=271 objX=0.393 d11= tick=506839 goal=0 here=0
RC 1788409155 h=271 objX=0.396 d11=0.340 tick=506866 goal=0 here=0
RC 1788409155 h=267 objX=0.389 d11=0.332 tick=506893 goal=0 here=0
RC 1788409155 h=274 objX=0.408 d11=0.340 tick=506920 goal=0 here=0
RC 1788409156 h=274 objX=0.397 d11=0.348 tick=506947 goal=0 here=0
RC 1788409156 h=268 objX=0.357 d11=0.334 tick=506974 goal=0 here=0
RC 1788409156 h=267 objX=0.391 d11=0.338 tick=507001 goal=0 here=0
RC 1788409157 h=276 objX=0.398 d11=0.342 tick=507027 goal=0 here=0
RC 1788409157 h=276 objX=0.398 d11=0.330 tick=507054 goal=0 here=0
RC 1788409157 h=266 objX=0.345 d11=0.321 tick=507081 goal=0 here=0
RC 1788409157 h=267 objX=0.381 d11=0.333 tick=507108 goal=0 here=0
RC 1788409158 h=266 objX=0.391 d11=0.331 tick=507135 goal=0 here=0
RC 1788409158 h=275 objX=0.409 d11=0.339 tick=507161 goal=0 here=0
RC 1788409158 h=270 objX=0.395 d11=0.329 tick=507188 goal=0 here=0
RC 1788409158 h=272 objX=0.394 d11=0.332 tick=507215 goal=0 here=0
RC 1788409159 h=265 objX=0.386 d11=0.326 tick=507242 goal=0 here=0
RC 1788409159 h=273 objX=0.4 d11=0.323 tick=507269 goal=0 here=0
RC 1788409159 h=273 objX=0.418 d11=0.316 tick=507296 goal=0 here=0
RC 1788409160 h=270 objX=0.392 d11=0.334 tick=507323 goal=0 here=0
RC 1788409160 h=269 objX=0.392 d11=0.343 tick=507352 goal=0 here=0
RC 1788409160 h=272 objX=0.41 d11=0.328 tick=507379 goal=0 here=0
RC 1788409160 h=270 objX=0.394 d11=0.334 tick=507406 goal=0 here=0
RC 1788409161 h=270 objX=0.393 d11=0.317 tick=507433 goal=0 here=0
RC 1788409161 h=269 objX=0.394 d11=0.329 tick=507460 goal=0 here=0
RC 1788409161 h=273 objX=0.391 d11=0.322 tick=507487 goal=0 here=0
RC 1788409161 h=269 objX=0.396 d11=0.315 tick=507514 goal=0 here=0
RC 1788409162 h=272 objX=0.396 d11=0.314 tick=507541 goal=0 here=0
RC 1788409162 h=272 objX=0.394 d11=0.342 tick=507568 goal=0 here=0
RC 1788409162 h=267 objX=0.386 d11=0.321 tick=507595 goal=0 here=0
RC 1788409163 h=269 objX=0.393 d11=0.322 tick=507623 goal=0 here=0
RC 1788409163 h=277 objX=0.395 d11=0.315 tick=507650 goal=0 here=0
RC 1788409163 h=269 objX=0.386 d11=0.301 tick=507677 goal=0 here=0
RC 1788409163 h=268 objX=0.389 d11=0.321 tick=507704 goal=0 here=0
RC 1788409164 h=273 objX=0.395 d11=0.323 tick=507731 goal=0 here=0
RC 1788409164 h=269 objX=0.387 d11=0.326 tick=507758 goal=0 here=0
RC 1788409164 h=273 objX=0.399 d11=0.324 tick=507785 goal=0 here=0
RC 1788409164 h=266 objX=0.382 d11=0.323 tick=507813 goal=0 here=0
RC 1788409165 h=271 objX=0.393 d11=0.320 tick=507840 goal=0 here=0
RC 1788409165 h=271 objX=0.396 d11=0.321 tick=507866 goal=0 here=0
RC 1788409165 h=271 objX=0.391 d11=0.310 tick=507893 goal=0 here=0
RC 1788409165 h=273 objX=0.392 d11=0.317 tick=507921 goal=0 here=0
RC 1788409166 h=269 objX=0.389 d11=0.325 tick=507948 goal=0 here=0
RC 1788409166 h=269 objX=None d11=0.324 tick=507976 goal=0 here=0
RC 1788409166 h=283 objX=0.428 d11=0.320 tick=508016 goal=0 here=0
RC 1788409167 h=275 objX=0.409 d11=0.322 tick=508043 goal=0 here=0
RC 1788409167 h=274 objX=0.412 d11=0.321 tick=508070 goal=0 here=0
RC 1788409167 h=271 objX=0.386 d11=0.322 tick=508097 goal=0 here=0
RC 1788409167 h=269 objX=None d11=0.333 
RC 1788409168 h=284 objX=0.375 d11=0.328 tick=508174 goal=0 here=0
RC 1788409168 h=273 objX=0.408 d11=0.322 tick=508201 goal=0 here=0
RC 1788409169 h=270 objX=0.398 d11=0.328 tick=508228 goal=0 here=0
RC 1788409169 h=272 objX=0.395 d11=0.339 tick=508255 goal=0 here=0
RC 1788409169 h=270 objX=0.394 d11=0.330 tick=508282 goal=0 here=0
RC 1788409169 h=272 objX=0.398 d11=0.326 
RC 1788409170 h=270 objX=0.393 d11=0.330 tick=508338 goal=0 here=0
RC 1788409170 h=272 objX=0.396 d11=0.332 tick=508366 goal=0 here=0
RC 1788409170 h=269 objX=0.394 d11=0.338 tick=508393 goal=0 here=0
RC 1788409170 h=273 objX=0.394 d11=0.333 tick=508420 goal=0 here=0
RC 1788409171 h=268 objX=0.383 d11=0.326 tick=508447 goal=0 here=0
RC 1788409171 h=272 objX=0.397 d11=0.352 tick=508475 goal=0 here=0
RC 1788409171 h=270 objX=0.388 d11=0.344 tick=508502 goal=0 here=0
RC 1788409172 h=270 objX=0.392 d11=0.346 tick=508528 goal=0 here=0
RC 1788409172 h=268 objX=0.393 d11=0.350 tick=508555 goal=0 here=0
RC 1788409172 h=268 objX=0.407 d11=0.353 tick=508582 goal=0 here=0
RC 1788409172 h=273 objX=0.43 d11=0.349 tick=508609 goal=0 here=0
RC 1788409173 h=270 objX=0.416 d11=0.341 tick=508636 goal=0 here=0
RC 1788409173 h=270 objX=0.416 d11=0.348 tick=508663 goal=0 here=0
RC 1788409173 h=275 objX=0.429 d11=0.351 tick=508690 goal=0 here=0
RC 1788409173 h=271 objX=0.394 d11=0.344 tick=508717 goal=0 here=0
RC 1788409174 h=270 objX=0.393 d11=0.350 tick=508744 goal=0 here=0
RC 1788409174 h=270 objX=0.395 d11=0.345 tick=508770 goal=0 here=0
RC 1788409174 h=269 objX=0.395 d11=0.347 tick=508798 goal=0 here=0
RC 1788409175 h=272 objX=0.406 d11= tick=508828 goal=0 here=0
RC 1788409175 h=269 objX=0.396 d11=0.354 tick=508855 goal=0 here=0
RC 1788409175 h=272 objX=0.395 d11=0.342 tick=508882 goal=0 here=0
RC 1788409175 h=270 objX=0.393 d11=0.345 tick=508909 goal=0 here=0
RC 1788409176 h=268 objX=0.394 d11=0.349 tick=508936 goal=0 here=0
RC 1788409176 h=274 objX=0.419 d11=0.339 tick=508963 goal=0 here=0
RC 1788409176 h=272 objX=0.402 d11=0.341 tick=508990 goal=0 here=0
RC 1788409176 h=267 objX=0.396 d11=0.341 tick=509017 goal=0 here=0
RC 1788409177 h=272 objX=0.404 d11=0.351 tick=509044 goal=0 here=0
RC 1788409177 h=270 objX=0.401 d11=0.357 tick=509071 goal=0 here=0
RC 1788409177 h=270 objX=None d11=0.335 tick=509097 goal=0 here=0
RC 1788409178 h=284 objX=0.39 d11=0.338 tick=509138 goal=0 here=0
RC 1788409178 h=276 objX=0.442 d11=0.353 tick=509164 goal=0 here=0
RC 1788409178 h=270 objX=0.409 d11=0.353 tick=509191 goal=0 here=0
RC 1788409178 h=270 objX=0.417 d11=0.340 tick=509217 goal=0 here=0
RC 1788409179 h=269 objX=0.411 d11=0.354 tick=509244 goal=0 here=0
RC 1788409179 h=272 objX=0.429 d11=0.339 tick=509271 goal=0 here=0
RC 1788409179 h=275 objX=0.401 d11=0.343 tick=509297 goal=0 here=0
RC 1788409180 h=271 objX=0.394 d11=0.347 tick=509324 goal=0 here=0
RC 1788409180 h=266 objX=0.382 d11=0.340 tick=509351 goal=0 here=0
RC 1788409180 h=272 objX=0.394 d11=0.340 tick=509378 goal=0 here=0
RC 1788409180 h=268 objX=0.394 d11=0.325 tick=509405 goal=0 here=0
RC 1788409181 h=271 objX=0.405 d11=0.333 tick=509432 goal=0 here=0
RC 1788409181 h=271 objX=0.396 d11=0.326 tick=509459 goal=0 here=0
RC 1788409181 h=272 objX=0.393 d11=0.321 tick=509487 goal=0 here=0
RC 1788409181 h=266 objX=None d11=0.331 
RC 1788409182 h=279 objX=0.434 d11=0.342 tick=509554 goal=0 here=0
RC 1788409182 h=274 objX=0.423 d11=0.321 tick=509581 goal=0 here=0
RC 1788409182 h=271 objX=0.41 d11=0.333 tick=509609 goal=0 here=0
RC 1788409183 h=271 objX=0.403 d11=0.340 tick=509636 goal=0 here=0
RC 1788409183 h=270 objX=0.417 d11=0.322 tick=509662 goal=0 here=0
RC 1788409183 h=268 objX=0.394 d11=0.318 tick=509690 goal=0 here=0
RC 1788409183 h=268 objX=0.409 d11=0.331 tick=509717 goal=0 here=0
RC 1788409184 h=271 objX=0.427 d11=0.333 tick=509743 goal=0 here=0
RC 1788409184 h=274 objX=0.431 d11=0.325 tick=509770 goal=0 here=0
RC 1788409184 h=274 objX=0.395 d11=0.321 tick=509797 goal=0 here=0
RC 1788409185 h=268 objX=0.379 d11=0.308 tick=509823 goal=0 here=0
RC 1788409185 h=268 objX=0.393 d11=0.321 tick=509850 goal=0 here=0
RC 1788409185 h=270 objX=0.395 d11=0.323 
RC 1788409185 h=271 objX=0.412 d11=0.313 tick=509904 goal=0 here=0
RC 1788409186 h=270 objX=0.406 d11=0.339 tick=509930 goal=0 here=0
RC 1788409186 h=273 objX=0.403 d11=0.330 tick=509957 goal=0 here=0
RC 1788409186 h=269 objX=None d11=0.334 tick=509984 goal=0 here=0
RC 1788409187 h=282 objX=0.294 d11=0.310 tick=510034 goal=0 here=0
RC 1788409187 h=276 objX=0.435 d11=0.327 tick=510061 goal=0 here=0
RC 1788409187 h=274 objX=0.435 d11=0.335 tick=510088 goal=0 here=0
RC 1788409187 h=270 objX=None d11=0.326 tick=510116 goal=0 here=0
RC 1788409188 h=285 objX=0.302 d11=0.318 tick=510176 goal=0 here=0
RC 1788409188 h=278 objX=0.463 d11=0.326 tick=510204 goal=0 here=0
RC 1788409189 h=276 objX=0.413 d11=0.341 tick=510231 goal=0 here=0
RC 1788409189 h=270 objX=0.412 d11=0.327 tick=510258 goal=0 here=0
RC 1788409189 h=271 objX=0.414 d11=0.319 tick=510284 goal=0 here=0
RC 1788409189 h=269 objX=0.395 d11=0.336 tick=510311 goal=0 here=0
RC 1788409190 h=273 objX=0.416 d11=0.328 tick=510338 goal=0 here=0
RC 1788409190 h=271 objX=0.39 d11=0.335 tick=510364 goal=0 here=0
RC 1788409190 h=263 objX=0.39 d11=0.328 tick=510391 goal=0 here=0
RC 1788409190 h=273 objX=0.427 d11=0.333 tick=510418 goal=0 here=0
RC 1788409191 h=272 objX=0.408 d11=0.331 tick=510445 goal=0 here=0
RC 1788409191 h=272 objX=0.411 d11=0.329 tick=510472 goal=0 here=0
RC 1788409191 h=272 objX=None d11=0.334 tick=510498 goal=0 here=0
RC 1788409192 h=286 objX=0.286 d11=0.332 tick=510549 goal=0 here=0
RC 1788409192 h=279 objX=0.438 d11=0.332 tick=510575 goal=0 here=0
RC 1788409192 h=270 objX=0.435 d11=0.327 tick=510602 goal=0 here=0
RC 1788409193 h=271 objX=0.431 d11=0.323 tick=510628 goal=0 here=0
RC 1788409193 h=271 objX=0.433 d11=0.334 tick=510655 goal=0 here=0
RC 1788409193 h=270 objX=0.397 d11=0.326 tick=510683 goal=0 here=0
RC 1788409193 h=271 objX=0.398 d11=0.333 tick=510710 goal=0 here=0
RC 1788409194 h=271 objX=0.416 d11=0.322 tick=510737 goal=0 here=0
RC 1788409194 h=269 objX=None d11=0.326 tick=510764 goal=0 here=0
RC 1788409194 h=284 objX=0.4 d11=0.345 tick=510814 goal=0 here=0
RC 1788409195 h=276 objX=0.438 d11=0.339 tick=510841 goal=0 here=0
RC 1788409195 h=274 objX=0.428 d11=0.334 tick=510868 goal=0 here=0
RC 1788409195 h=274 objX=0.409 d11=0.342 tick=510894 goal=0 here=0
RC 1788409195 h=267 objX=0.379 d11=0.352 tick=510921 goal=0 here=0
RC 1788409196 h=266 objX=0.389 d11=0.340 tick=510948 goal=0 here=0
RC 1788409196 h=272 objX=0.433 d11=0.353 tick=510974 goal=0 here=0
RC 1788409196 h=271 objX=0.395 d11=0.338 tick=511001 goal=0 here=0
RC 1788409196 h=274 objX=None d11=0.341 tick=511027 goal=0 here=0
RC 1788409197 h=289 objX=0.286 d11=0.331 tick=511078 goal=0 here=0
RC 1788409197 h=284 objX=0.382 d11=0.338 tick=511108 goal=0 here=0
RC 1788409198 h=271 objX=0.452 d11=0.340 tick=511139 goal=0 here=0
RC 1788409198 h=276 objX=0.417 d11=0.343 tick=511166 goal=0 here=0
RC 1788409198 h=273 objX=0.406 d11= tick=511192 goal=0 here=0
RC 1788409198 h=270 objX=0.386 d11=0.340 tick=511219 goal=0 here=0
RC 1788409199 h=269 objX=0.389 d11=0.345 tick=511246 goal=0 here=0
RC 1788409199 h=270 objX=0.394 d11=0.345 tick=511273 goal=0 here=0
RC 1788409199 h=268 objX=0.417 d11=0.339 tick=511299 goal=0 here=0
RC 1788409200 h=268 objX=0.427 d11=0.333 tick=511326 goal=0 here=0
RC 1788409200 h=272 objX=0.428 d11=0.355 tick=511353 goal=0 here=0
RC 1788409200 h=272 objX=0.434 d11=0.340 tick=511380 goal=0 here=0
RC 1788409200 h=269 objX=0.4 d11=0.334 tick=511407 goal=0 here=0
RC 1788409201 h=271 objX=None d11=0.341 tick=511434 goal=0 here=0
RC 1788409201 h=288 objX=0.289 d11=0.349 tick=511484 goal=0 here=0
RC 1788409201 h=284 objX=0.468 d11=0.348 tick=511510 goal=0 here=0
RC 1788409202 h=273 objX=0.431 d11=0.334 tick=511537 goal=0 here=0
RC 1788409202 h=268 objX=0.405 d11=0.333 tick=511564 goal=0 here=0
RC 1788409202 h=268 objX=0.411 d11=0.350 tick=511591 goal=0 here=0
RC 1788409202 h=271 objX=0.432 d11=0.334 tick=511618 goal=0 here=0
RC 1788409203 h=272 objX=0.429 d11=0.337 tick=511645 goal=0 here=0
RC 1788409203 h=273 objX=0.432 d11=0.330 tick=511672 goal=0 here=0
RC 1788409203 h=272 objX=0.407 d11=0.319 tick=511698 goal=0 here=0
RC 1788409204 h=268 objX=0.387 d11=0.319 tick=511725 goal=0 here=0
RC 1788409204 h=268 objX=0.407 d11=0.334 tick=511752 goal=0 here=0
RC 1788409204 h=269 objX=0.425 d11=0.334 tick=511779 goal=0 here=0
RC 1788409204 h=275 objX=0.432 d11=0.320 tick=511806 goal=0 here=0
RC 1788409205 h=273 objX=0.409 d11=0.328 tick=511832 goal=0 here=0
RC 1788409205 h=267 objX=0.386 d11=0.338 tick=511859 goal=0 here=0
RC 1788409205 h=273 objX=None d11=0.329 tick=511887 goal=0 here=0
RC 1788409206 h=288 objX=0.285 d11=0.309 tick=511937 goal=0 here=0
RC 1788409206 h=280 objX=0.457 d11=0.331 tick=511964 goal=0 here=0
RC 1788409206 h=274 objX=0.415 d11=0.325 tick=511991 goal=0 here=0
RC 1788409206 h=272 objX=0.43 d11=0.318 tick=512018 goal=0 here=0
RC 1788409207 h=268 objX=0.409 d11=0.335 tick=512044 goal=0 here=0
RC 1788409207 h=269 objX=0.43 d11=0.349 tick=512071 goal=0 here=0
RC 1788409207 h=275 objX=0.431 d11=0.330 tick=512098 goal=0 here=0
RC 1788409208 h=268 objX=0.39 d11=0.322 tick=512125 goal=0 here=0
RC 1788409208 h=273 objX=0.402 d11=0.315 tick=512151 goal=0 here=0
RC 1788409208 h=267 objX=0.388 d11=0.320 
RC 1788409208 h=273 objX=0.428 d11=0.324 tick=512206 goal=0 here=0
RC 1788409209 h=266 objX=0.418 d11=0.314 
RC 1788409209 h=270 objX=0.428 d11=0.332 tick=512259 goal=0 here=0
RC 1788409209 h=273 objX=0.434 d11=0.321 tick=512286 goal=0 here=0
RC 1788409209 h=272 objX=0.43 d11=0.317 tick=512313 goal=0 here=0
RC 1788409210 h=269 objX=0.405 d11=0.334 tick=512340 goal=0 here=0
RC 1788409210 h=271 objX=0.427 d11=0.318 tick=512367 goal=0 here=0
RC 1788409210 h=269 objX=None d11=0.319 tick=512394 goal=0 here=0
RC 1788409211 h=281 objX=0.465 d11=0.325 tick=512434 goal=0 here=0
RC 1788409211 h=273 objX=0.462 d11=0.317 tick=512461 goal=0 here=0
RC 1788409211 h=270 objX=0.431 d11=0.339 tick=512489 goal=0 here=0
RC 1788409211 h=274 objX=0.433 d11=0.321 tick=512516 goal=0 here=0
RC 1788409212 h=270 objX=0.41 d11=0.331 tick=512542 goal=0 here=0
RC 1788409212 h=272 objX=0.399 d11=0.326 tick=512569 goal=0 here=0
RC 1788409212 h=271 objX=0.433 d11=0.323 tick=512597 goal=0 here=0
RC 1788409213 h=269 objX=0.431 d11=0.326 tick=512624 goal=0 here=0
RC 1788409213 h=269 objX=0.432 d11=0.317 tick=512650 goal=0 here=0
RC 1788409213 h=272 objX=0.419 d11=0.331 tick=512677 goal=0 here=0
RC 1788409213 h=270 objX=0.431 d11=0.323 tick=512707 goal=0 here=0
RC 1788409214 h=274 objX=0.431 d11=0.334 
RC 1788409214 h=269 objX=0.428 d11=0.315 tick=512760 goal=0 here=0
RC 1788409214 h=272 objX=0.433 d11=0.325 tick=512788 goal=0 here=0
RC 1788409214 h=273 objX=0.429 d11=0.328 tick=512814 goal=0 here=0
RC 1788409215 h=269 objX=0.399 d11=0.321 tick=512841 goal=0 here=0
RC 1788409215 h=268 objX=0.409 d11=0.327 tick=512868 goal=0 here=0
RC 1788409215 h=270 objX=None d11=0.332 tick=512895 goal=0 here=0
RC 1788409216 h=284 objX=0.401 d11=0.317 tick=512935 goal=0 here=0
RC 1788409216 h=274 objX=0.453 d11=0.319 tick=512962 goal=0 here=0
RC 1788409216 h=270 objX=0.433 d11=0.327 tick=512989 goal=0 here=0
RC 1788409216 h=273 objX=0.433 d11=0.329 tick=513016 goal=0 here=0
RC 1788409217 h=267 objX=0.395 d11=0.329 tick=513043 goal=0 here=0
RC 1788409217 h=272 objX=0.43 d11=0.336 tick=513070 goal=0 here=0
RC 1788409217 h=275 objX=0.431 d11=0.336 tick=513096 goal=0 here=0
RC 1788409218 h=268 objX=0.416 d11=0.340 tick=513123 goal=0 here=0
RC 1788409218 h=268 objX=0.416 d11=0.333 tick=513150 goal=0 here=0
RC 1788409218 h=275 objX=0.431 d11=0.344 tick=513177 goal=0 here=0
RC 1788409218 h=265 objX=0.404 d11=0.340 tick=513203 goal=0 here=0
RC 1788409219 h=274 objX=0.431 d11=0.341 tick=513230 goal=0 here=0
RC 1788409219 h=268 objX=0.416 d11=0.343 tick=513257 goal=0 here=0
RC 1788409219 h=269 objX=0.425 d11=0.331 tick=513284 goal=0 here=0
RC 1788409219 h=272 objX=0.435 d11=0.346 tick=513311 goal=0 here=0
RC 1788409220 h=269 objX=0.431 d11=0.343 tick=513338 goal=0 here=0
RC 1788409220 h=273 objX=0.432 d11=0.348 tick=513365 goal=0 here=0
RC 1788409220 h=268 objX=0.418 d11=0.350 tick=513393 goal=0 here=0
RC 1788409220 h=269 objX=0.43 d11=0.363 tick=513419 goal=0 here=0
RC 1788409221 h=275 objX=0.438 d11=0.339 tick=513446 goal=0 here=0
RC 1788409221 h=269 objX=0.415 d11=0.345 tick=513473 goal=0 here=0
RC 1788409221 h=270 objX=0.397 d11=0.340 tick=513500 goal=0 here=0
RC 1788409222 h=268 objX=0.418 d11=0.358 tick=513527 goal=0 here=0
RC 1788409222 h=272 objX=0.433 d11=0.334 tick=513554 goal=0 here=0
RC 1788409222 h=275 objX=0.428 d11=0.348 tick=513580 goal=0 here=0
RC 1788409222 h=267 objX=None d11=0.342 tick=513607 goal=0 here=0
RC 1788409223 h=280 objX=0.431 d11=0.340 tick=513648 goal=0 here=0
RC 1788409223 h=272 objX=0.428 d11=0.346 tick=513674 goal=0 here=0
RC 1788409223 h=271 objX=0.408 d11=0.349 tick=513701 goal=0 here=0
RC 1788409223 h=267 objX=None d11=0.337 tick=513728 goal=0 here=0
RC 1788409224 h=281 objX=0.462 d11=0.349 tick=513768 goal=0 here=0
RC 1788409224 h=276 objX=0.436 d11=0.342 tick=513794 goal=0 here=0
RC 1788409224 h=269 objX=0.413 d11=0.347 tick=513821 goal=0 here=0
RC 1788409225 h=266 objX=0.407 d11=0.351 tick=513849 goal=0 here=0
RC 1788409225 h=276 objX=None d11=0.344 tick=513879 goal=0 here=0
RC 1788409226 h=290 objX=0.29 d11=0.348 tick=513929 goal=0 here=0
RC 1788409226 h=282 objX=None d11=0.345 tick=513955 goal=0 here=0
RC 1788409226 h=298 objX=0.283 d11=0.345 tick=513996 goal=0 here=0
RC 1788409226 h=292 objX=0.29 d11=0.337 tick=514022 goal=0 here=0
RC 1788409227 h=283 objX=0.462 d11=0.333 tick=514049 goal=0 here=0
RC 1788409227 h=272 objX=0.431 d11=0.337 tick=514076 goal=0 here=0
RC 1788409227 h=272 objX=0.432 d11=0.343 tick=514102 goal=0 here=0
RC 1788409228 h=272 objX=0.423 d11=0.344 tick=514129 goal=0 here=0
RC 1788409228 h=271 objX=0.409 d11=0.339 tick=514156 goal=0 here=0
RC 1788409228 h=271 objX=0.412 d11=0.322 tick=514182 goal=0 here=0
RC 1788409228 h=264 objX=0.415 d11=0.332 tick=514210 goal=0 here=0
RC 1788409229 h=272 objX=0.435 d11=0.343 tick=514237 goal=0 here=0
RC 1788409229 h=273 objX=0.43 d11=0.333 tick=514264 goal=0 here=0
RC 1788409229 h=266 objX=0.418 d11=0.332 tick=514290 goal=0 here=0
RC 1788409229 h=277 objX=0.458 d11=0.333 tick=514317 goal=0 here=0
RC 1788409230 h=269 objX=0.429 d11=0.332 tick=514344 goal=0 here=0
RC 1788409230 h=270 objX=0.427 d11=0.316 tick=514371 goal=0 here=0
RC 1788409230 h=268 objX=0.425 d11=0.333 tick=514397 goal=0 here=0
RC 1788409231 h=271 objX=0.434 d11=0.317 tick=514424 goal=0 here=0
RC 1788409231 h=274 objX=0.437 d11=0.311 tick=514452 goal=0 here=0
RC 1788409231 h=269 objX=0.419 d11=0.321 tick=514479 goal=0 here=0
RC 1788409231 h=270 objX=0.426 d11=0.326 tick=514506 goal=0 here=0
RC 1788409232 h=267 objX=0.424 d11=0.354 tick=514535 goal=0 here=0
RC 1788409232 h=270 objX=0.432 d11=0.327 tick=514562 goal=0 here=0
RC 1788409232 h=274 objX=0.468 d11=0.319 tick=514589 goal=0 here=0
RC 1788409232 h=274 objX=0.443 d11=0.330 tick=514616 goal=0 here=0
RC 1788409233 h=268 objX=0.42 d11= tick=514642 goal=0 here=0
RC 1788409233 h=273 objX=None d11=0.339 tick=514670 goal=0 here=0
RC 1788409233 h=289 objX=0.41 d11=0.319 tick=514710 goal=0 here=0
RC 1788409234 h=275 objX=0.44 d11=0.319 tick=514737 goal=0 here=0
RC 1788409234 h=273 objX=0.43 d11=0.318 tick=514765 goal=0 here=0
RC 1788409234 h=271 objX=0.426 d11=0.310 tick=514794 goal=0 here=0
RC 1788409235 h=269 objX=0.421 d11=0.312 tick=514822 goal=0 here=0
RC 1788409235 h=274 objX=0.435 d11=0.316 tick=514855 goal=0 here=0
RC 1788409235 h=267 objX=0.418 d11=0.309 tick=514883 goal=0 here=0
RC 1788409235 h=270 objX=0.439 d11=0.334 tick=514911 goal=0 here=0
RC 1788409236 h=271 objX=0.437 d11=0.322 tick=514937 goal=0 here=0
RC 1788409236 h=271 objX=0.435 d11=0.313 tick=514965 goal=0 here=0
RC 1788409236 h=271 objX=0.427 d11=0.315 tick=514991 goal=0 here=0
RC 1788409236 h=267 objX=0.431 d11=0.325 tick=515018 goal=0 here=0
RC 1788409237 h=272 objX=0.436 d11=0.325 tick=515045 goal=0 here=0
RC 1788409237 h=272 objX=0.442 d11=0.329 tick=515072 goal=0 here=0
RC 1788409237 h=271 objX=0.427 d11=0.317 tick=515099 goal=0 here=0
RC 1788409238 h=268 objX=0.42 d11=0.336 tick=515126 goal=0 here=0
RC 1788409238 h=272 objX=0.437 d11=0.335 tick=515153 goal=0 here=0
RC 1788409238 h=268 objX=0.428 d11=0.326 tick=515180 goal=0 here=0
RC 1788409238 h=272 objX=0.433 d11=0.329 tick=515208 goal=0 here=0
RC 1788409239 h=270 objX=0.435 d11=0.334 tick=515234 goal=0 here=0
RC 1788409239 h=268 objX=0.42 d11=0.338 
RC 1788409239 h=272 objX=0.429 d11=0.314 tick=515288 goal=0 here=0
RC 1788409239 h=271 objX=0.422 d11=0.336 tick=515316 goal=0 here=0
RC 1788409240 h=270 objX=0.42 d11=0.340 tick=515343 goal=0 here=0
RC 1788409240 h=268 objX=0.42 d11=0.335 tick=515369 goal=0 here=0
RC 1788409240 h=269 objX=0.429 d11=0.345 tick=515396 goal=0 here=0
RC 1788409241 h=272 objX=0.435 d11=0.327 tick=515423 goal=0 here=0
RC 1788409241 h=273 objX=0.44 d11=0.342 tick=515450 goal=0 here=0
RC 1788409241 h=269 objX=0.418 d11=0.331 tick=515477 goal=0 here=0
RC 1788409241 h=270 objX=0.423 d11=0.344 tick=515504 goal=0 here=0
RC 1788409242 h=271 objX=0.426 d11=0.329 tick=515531 goal=0 here=0
RC 1788409242 h=270 objX=0.42 d11=0.328 tick=515558 goal=0 here=0
RC 1788409242 h=272 objX=0.42 d11=0.335 tick=515585 goal=0 here=0
RC 1788409242 h=268 objX=0.419 d11=0.348 tick=515612 goal=0 here=0
RC 1788409243 h=270 objX=0.425 d11=0.322 tick=515639 goal=0 here=0
RC 1788409243 h=272 objX=0.433 d11=0.343 tick=515666 goal=0 here=0
RC 1788409243 h=266 objX=0.425 d11=0.340 tick=515693 goal=0 here=0
RC 1788409243 h=276 objX=0.432 d11=0.339 tick=515720 goal=0 here=0
RC 1788409244 h=269 objX=0.42 d11=0.346 tick=515747 goal=0 here=0
RC 1788409244 h=271 objX=0.423 d11=0.359 tick=515774 goal=0 here=0
RC 1788409244 h=271 objX=0.42 d11=0.342 tick=515801 goal=0 here=0
RC 1788409245 h=265 objX=0.406 d11=0.344 tick=515828 goal=0 here=0
RC 1788409245 h=274 objX=0.436 d11=0.331 tick=515855 goal=0 here=0
RC 1788409245 h=267 objX=0.423 d11=0.349 tick=515881 goal=0 here=0
RC 1788409245 h=272 objX=0.436 d11=0.350 tick=515908 goal=0 here=0
RC 1788409246 h=273 objX=0.428 d11=0.346 tick=515935 goal=0 here=0
RC 1788409246 h=270 objX=0.403 d11=0.345 tick=515963 goal=0 here=0
RC 1788409246 h=269 objX=0.416 d11=0.350 tick=515990 goal=0 here=0
RC 1788409246 h=271 objX=0.421 d11=0.355 tick=516017 goal=0 here=0
RC 1788409247 h=269 objX=0.42 d11= tick=516044 goal=0 here=0
RC 1788409247 h=269 objX=0.42 d11=0.352 tick=516071 goal=0 here=0
RC 1788409247 h=271 objX=0.437 d11=0.341 tick=516098 goal=0 here=0
RC 1788409248 h=270 objX=0.433 d11=0.343 tick=516125 goal=0 here=0
RC 1788409248 h=271 objX=0.434 d11=0.349 tick=516152 goal=0 here=0
RC 1788409248 h=274 objX=0.427 d11=0.355 tick=516178 goal=0 here=0
RC 1788409248 h=269 objX=0.413 d11=0.333 tick=516205 goal=0 here=0
RC 1788409249 h=268 objX=0.414 d11=0.348 tick=516232 goal=0 here=0
RC 1788409249 h=267 objX=0.424 d11=0.341 tick=516258 goal=0 here=0
RC 1788409249 h=274 objX=0.436 d11=0.354 tick=516285 goal=0 here=0
RC 1788409249 h=274 objX=0.427 d11=0.343 tick=516312 goal=0 here=0
RC 1788409250 h=267 objX=0.412 d11=0.333 tick=516340 goal=0 here=0
RC 1788409250 h=270 objX=0.422 d11=0.328 tick=516366 goal=0 here=0
RC 1788409250 h=269 objX=0.426 d11=0.334 tick=516394 goal=0 here=0
RC 1788409250 h=271 objX=0.435 d11=0.338 tick=516420 goal=0 here=0
RC 1788409251 h=272 objX=0.435 d11=0.340 tick=516447 goal=0 here=0
RC 1788409251 h=269 objX=0.423 d11=0.339 tick=516473 goal=0 here=0
RC 1788409251 h=268 objX=0.425 d11=0.342 tick=516500 goal=0 here=0
RC 1788409251 h=267 objX=None d11=0.337 tick=516527 goal=0 here=0
RC 1788409252 h=281 objX=0.403 d11=0.338 tick=516567 goal=0 here=0
RC 1788409252 h=276 objX=0.461 d11=0.327 tick=516594 goal=0 here=0
RC 1788409253 h=271 objX=0.437 d11=0.335 tick=516623 goal=0 here=0
RC 1788409253 h=270 objX=0.432 d11=0.332 tick=516650 goal=0 here=0
RC 1788409253 h=270 objX=0.434 d11=0.322 tick=516676 goal=0 here=0
RC 1788409253 h=272 objX=0.44 d11=0.332 tick=516703 goal=0 here=0
RC 1788409254 h=270 objX=0.426 d11=0.323 tick=516730 goal=0 here=0
RC 1788409254 h=268 objX=0.423 d11=0.331 tick=516757 goal=0 here=0
RC 1788409254 h=273 objX=0.438 d11=0.317 tick=516784 goal=0 here=0
RC 1788409254 h=268 objX=0.422 d11=0.331 tick=516811 goal=0 here=0
RC 1788409255 h=270 objX=None d11=0.327 tick=516838 goal=0 here=0
RC 1788409255 h=286 objX=0.421 d11=0.326 tick=516888 goal=0 here=0
RC 1788409255 h=274 objX=0.461 d11=0.330 tick=516915 goal=0 here=0
RC 1788409256 h=277 objX=None d11=0.324 tick=516941 goal=0 here=0
RC 1788409256 h=293 objX=0.289 d11=0.313 
RC 1788409256 h=283 objX=0.297 d11=0.334 tick=517019 goal=0 here=0
RC 1788409257 h=277 objX=0.443 d11= tick=517045 goal=0 here=0
RC 1788409257 h=272 objX=0.459 d11=0.321 tick=517072 goal=0 here=0
RC 1788409257 h=270 objX=0.427 d11=0.316 tick=517099 goal=0 here=0
RC 1788409258 h=274 objX=0.434 d11=0.326 tick=517126 goal=0 here=0
RC 1788409258 h=268 objX=0.415 d11=0.310 tick=517153 goal=0 here=0
RC 1788409258 h=269 objX=0.421 d11=0.315 tick=517180 goal=0 here=0
RC 1788409258 h=268 objX=0.427 d11=0.315 tick=517207 goal=0 here=0
RC 1788409259 h=274 objX=0.462 d11=0.326 tick=517234 goal=0 here=0
RC 1788409259 h=267 objX=0.429 d11=0.330 tick=517260 goal=0 here=0
RC 1788409259 h=273 objX=0.456 d11=0.331 tick=517287 goal=0 here=0
RC 1788409259 h=271 objX=0.439 d11=0.340 tick=517314 goal=0 here=0
RC 1788409260 h=269 objX=0.428 d11=0.339 tick=517340 goal=0 here=0
RC 1788409260 h=272 objX=0.437 d11=0.339 tick=517367 goal=0 here=0
RC 1788409260 h=272 objX=0.431 d11=0.316 tick=517394 goal=0 here=0
RC 1788409260 h=269 objX=0.42 d11=0.330 tick=517420 goal=0 here=0
RC 1788409261 h=268 objX=0.423 d11=0.327 tick=517447 goal=0 here=0
RC 1788409261 h=269 objX=0.436 d11=0.333 tick=517474 goal=0 here=0
RC 1788409261 h=270 objX=0.454 d11=0.347 tick=517501 goal=0 here=0
RC 1788409262 h=271 objX=0.464 d11=0.320 
RC 1788409262 h=273 objX=0.46 d11=0.313 tick=517555 goal=0 here=0
RC 1788409262 h=269 objX=0.426 d11=0.335 tick=517581 goal=0 here=0
RC 1788409262 h=269 objX=0.433 d11=0.337 tick=517609 goal=0 here=0
RC 1788409263 h=272 objX=0.464 d11=0.314 tick=517635 goal=0 here=0
RC 1788409263 h=272 objX=0.437 d11=0.333 tick=517662 goal=0 here=0
RC 1788409263 h=270 objX=0.429 d11=0.327 
RC 1788409263 h=271 objX=0.427 d11=0.327 tick=517715 goal=0 here=0
RC 1788409264 h=270 objX=0.418 d11= tick=517742 goal=0 here=0
RC 1788409264 h=270 objX=0.423 d11= tick=517768 goal=0 here=0
RC 1788409264 h=270 objX=0.428 d11=0.331 tick=517798 goal=0 here=0
RC 1788409265 h=270 objX=0.43 d11=0.339 tick=517825 goal=0 here=0
RC 1788409265 h=268 objX=0.437 d11=0.334 tick=517852 goal=0 here=0
RC 1788409265 h=274 objX=0.463 d11=0.331 tick=517878 goal=0 here=0
RC 1788409265 h=271 objX=0.43 d11=0.335 tick=517905 goal=0 here=0
RC 1788409266 h=270 objX=0.419 d11=0.325 tick=517932 goal=0 here=0
RC 1788409266 h=270 objX=0.425 d11=0.339 tick=517958 goal=0 here=0
RC 1788409266 h=270 objX=0.426 d11=0.357 tick=517985 goal=0 here=0
RC 1788409266 h=269 objX=0.432 d11=0.342 tick=518012 goal=0 here=0
RC 1788409267 h=267 objX=0.439 d11=0.342 tick=518047 goal=0 here=0
RC 1788409267 h=276 objX=0.464 d11=0.348 tick=518077 goal=0 here=0
RC 1788409267 h=265 objX=0.417 d11=0.350 tick=518107 goal=0 here=0
RC 1788409268 h=273 objX=0.431 d11=0.344 tick=518134 goal=0 here=0
RC 1788409268 h=269 objX=0.418 d11=0.338 tick=518162 goal=0 here=0
RC 1788409268 h=271 objX=0.431 d11=0.338 tick=518189 goal=0 here=0
RC 1788409268 h=268 objX=0.422 d11= tick=518217 goal=0 here=0
RC 1788409269 h=271 objX=0.431 d11=0.363 tick=518245 goal=0 here=0
RC 1788409269 h=273 objX=0.431 d11=0.355 tick=518272 goal=0 here=0
RC 1788409269 h=274 objX=0.421 d11=0.346 tick=518300 goal=0 here=0
RC 1788409270 h=270 objX=0.401 d11=0.351 tick=518327 goal=0 here=0
RC 1788409270 h=268 objX=0.41 d11=0.349 tick=518354 goal=0 here=0
RC 1788409270 h=273 objX=0.421 d11=0.355 tick=518381 goal=0 here=0
RC 1788409270 h=269 objX=0.41 d11=0.355 tick=518409 goal=0 here=0
RC 1788409271 h=270 objX=0.411 d11=0.354 tick=518436 goal=0 here=0
RC 1788409271 h=267 objX=0.411 d11=0.360 tick=518463 goal=0 here=0
RC 1788409271 h=273 objX=0.433 d11=0.361 tick=518490 goal=0 here=0
RC 1788409271 h=268 objX=0.422 d11=0.345 tick=518517 goal=0 here=0
RC 1788409272 h=268 objX=0.434 d11=0.351 tick=518545 goal=0 here=0
RC 1788409272 h=276 objX=0.459 d11=0.362 tick=518573 goal=0 here=0
RC 1788409272 h=270 objX=0.421 d11=0.332 tick=518600 goal=0 here=0
RC 1788409273 h=270 objX=0.427 d11=0.342 tick=518627 goal=0 here=0
RC 1788409273 h=274 objX=0.427 d11=0.354 tick=518654 goal=0 here=0
RC 1788409273 h=267 objX=0.412 d11=0.365 tick=518681 goal=0 here=0
RC 1788409273 h=270 objX=0.418 d11= tick=518709 goal=0 here=0
RC 1788409274 h=274 objX=0.425 d11=0.350 tick=518735 goal=0 here=0
RC 1788409274 h=268 objX=0.404 d11=0.334 tick=518763 goal=0 here=0
RC 1788409274 h=270 objX=0.422 d11=0.355 tick=518790 goal=0 here=0
RC 1788409274 h=271 objX=0.436 d11=0.346 tick=518818 goal=0 here=0
RC 1788409275 h=272 objX=0.437 d11=0.336 tick=518845 goal=0 here=0
RC 1788409275 h=273 objX=0.429 d11=0.349 tick=518872 goal=0 here=0
RC 1788409275 h=268 objX=0.415 d11=0.344 tick=518899 goal=0 here=0
RC 1788409276 h=269 objX=0.422 d11=0.331 tick=518926 goal=0 here=0
RC 1788409276 h=274 objX=0.431 d11=0.328 tick=518953 goal=0 here=0
RC 1788409276 h=273 objX=0.418 d11=0.334 tick=518981 goal=0 here=0
RC 1788409276 h=269 objX=0.402 d11=0.322 tick=519008 goal=0 here=0
RC 1788409277 h=270 objX=0.411 d11=0.328 tick=519035 goal=0 here=0
RC 1788409277 h=270 objX=0.411 d11=0.340 tick=519062 goal=0 here=0
RC 1788409277 h=270 objX=0.412 d11=0.325 tick=519090 goal=0 here=0
RC 1788409277 h=266 objX=0.414 d11=0.318 tick=519118 goal=0 here=0
RC 1788409278 h=270 objX=0.436 d11=0.323 tick=519146 goal=0 here=0
RC 1788409278 h=268 objX=0.432 d11=0.328 tick=519173 goal=0 here=0
RC 1788409278 h=276 objX=0.46 d11=0.328 tick=519201 goal=0 here=0
RC 1788409279 h=269 objX=0.433 d11=0.333 tick=519228 goal=0 here=0
RC 1788409279 h=268 objX=0.436 d11=0.328 tick=519255 goal=0 here=0
RC 1788409279 h=278 objX=0.459 d11=0.315 tick=519282 goal=0 here=0
RC 1788409279 h=268 objX=0.41 d11=0.318 tick=519309 goal=0 here=0
RC 1788409280 h=268 objX=0.41 d11=0.322 tick=519336 goal=0 here=0
RC 1788409280 h=268 objX=0.422 d11=0.321 tick=519363 goal=0 here=0
RC 1788409280 h=272 objX=0.432 d11=0.329 tick=519389 goal=0 here=0
RC 1788409280 h=267 objX=0.431 d11=0.327 tick=519416 goal=0 here=0
RC 1788409281 h=271 objX=0.457 d11=0.320 tick=519444 goal=0 here=0
RC 1788409281 h=274 objX=0.461 d11=0.321 tick=519471 goal=0 here=0
RC 1788409281 h=270 objX=0.424 d11=0.321 tick=519498 goal=0 here=0
RC 1788409282 h=270 objX=0.435 d11=0.325 tick=519524 goal=0 here=0
RC 1788409282 h=270 objX=0.435 d11=0.341 tick=519552 goal=0 here=0
RC 1788409282 h=272 objX=0.432 d11=0.310 tick=519579 goal=0 here=0
RC 1788409282 h=267 objX=0.42 d11=0.321 tick=519608 goal=0 here=0
RC 1788409283 h=272 objX=0.438 d11=0.323 tick=519635 goal=0 here=0
RC 1788409283 h=273 objX=0.432 d11=0.320 tick=519662 goal=0 here=0
RC 1788409283 h=274 objX=0.411 d11=0.303 tick=519689 goal=0 here=0
RC 1788409283 h=266 objX=0.381 d11=0.333 tick=519715 goal=0 here=0
RC 1788409284 h=270 objX=0.41 d11=0.328 tick=519742 goal=0 here=0
RC 1788409284 h=268 objX=0.409 d11=0.324 tick=519769 goal=0 here=0
RC 1788409284 h=272 objX=0.426 d11=0.311 tick=519796 goal=0 here=0
RC 1788409285 h=268 objX=0.42 d11=0.323 tick=519822 goal=0 here=0
RC 1788409285 h=270 objX=0.441 d11=0.321 tick=519849 goal=0 here=0
RC 1788409285 h=269 objX=0.439 d11=0.336 tick=519875 goal=0 here=0
RC 1788409285 h=275 objX=0.436 d11=0.332 tick=519902 goal=0 here=0
RC 1788409286 h=267 objX=0.411 d11=0.317 tick=519929 goal=0 here=0
RC 1788409286 h=271 objX=0.423 d11=0.326 tick=519955 goal=0 here=0
RC 1788409286 h=268 objX=0.424 d11=0.332 tick=519982 goal=0 here=0
RC 1788409286 h=271 objX=0.432 d11=0.336 tick=520009 goal=0 here=0
RC 1788409287 h=272 objX=0.434 d11= tick=520036 goal=0 here=0
RC 1788409287 h=269 objX=0.421 d11=0.332 tick=520063 goal=0 here=0
RC 1788409287 h=271 objX=0.436 d11=0.325 tick=520089 goal=0 here=0
RC 1788409287 h=273 objX=0.433 d11=0.331 tick=520116 goal=0 here=0
RC 1788409288 h=267 objX=0.42 d11=0.339 tick=520144 goal=0 here=0
RC 1788409288 h=271 objX=0.434 d11=0.332 tick=520170 goal=0 here=0
RC 1788409288 h=270 objX=0.438 d11=0.330 tick=520197 goal=0 here=0
RC 1788409289 h=271 objX=0.432 d11=0.329 tick=520224 goal=0 here=0
RC 1788409289 h=267 objX=0.437 d11=0.343 tick=520251 goal=0 here=0
RC 1788409289 h=271 objX=0.458 d11=0.337 tick=520278 goal=0 here=0
RC 1788409289 h=273 objX=0.469 d11=0.340 tick=520305 goal=0 here=0
RC 1788409290 h=271 objX=0.434 d11=0.341 tick=520333 goal=0 here=0
RC 1788409290 h=274 objX=0.427 d11=0.338 tick=520360 goal=0 here=0
RC 1788409290 h=267 objX=0.408 d11=0.336 tick=520387 goal=0 here=0
RC 1788409290 h=269 objX=0.42 d11=0.345 tick=520413 goal=0 here=0
RC 1788409291 h=272 objX=0.434 d11=0.334 tick=520440 goal=0 here=0
RC 1788409291 h=270 objX=None d11=0.338 tick=520467 goal=0 here=0
RC 1788409292 h=285 objX=0.385 d11=0.340 tick=520537 goal=0 here=0
RC 1788409292 h=276 objX=0.438 d11=0.348 tick=520564 goal=0 here=0
RC 1788409292 h=274 objX=0.472 d11=0.354 tick=520591 goal=0 here=0
RC 1788409292 h=273 objX=0.43 d11=0.355 tick=520617 goal=0 here=0
RC 1788409293 h=269 objX=0.422 d11=0.342 
RC 1788409293 h=270 objX=0.419 d11=0.343 tick=520672 goal=0 here=0
RC 1788409293 h=266 objX=0.422 d11= tick=520699 goal=0 here=0
RC 1788409294 h=272 objX=0.462 d11=0.341 tick=520726 goal=0 here=0
RC 1788409294 h=270 objX=0.439 d11=0.343 tick=520758 goal=0 here=0
RC 1788409294 h=270 objX=0.433 d11=0.352 tick=520786 goal=0 here=0
RC 1788409294 h=272 objX=0.44 d11=0.338 tick=520813 goal=0 here=0
RC 1788409295 h=270 objX=0.433 d11=0.350 tick=520840 goal=0 here=0
RC 1788409295 h=271 objX=0.431 d11=0.350 tick=520868 goal=0 here=0
RC 1788409295 h=272 objX=0.43 d11=0.355 tick=520894 goal=0 here=0
RC 1788409295 h=267 objX=0.423 d11=0.344 tick=520921 goal=0 here=0
RC 1788409296 h=274 objX=0.47 d11=0.345 tick=520948 goal=0 here=0
RC 1788409296 h=270 objX=0.431 d11=0.347 tick=520975 goal=0 here=0
RC 1788409296 h=271 objX=0.432 d11=0.334 tick=521002 goal=0 here=0
RC 1788409297 h=271 objX=0.435 d11=0.343 tick=521029 goal=0 here=0
RC 1788409297 h=275 objX=0.436 d11=0.342 tick=521055 goal=0 here=0
RC 1788409297 h=268 objX=0.414 d11=0.348 tick=521082 goal=0 here=0
RC 1788409297 h=269 objX=0.42 d11=0.350 tick=521109 goal=0 here=0
RC 1788409298 h=272 objX=0.43 d11=0.345 tick=521136 goal=0 here=0
RC 1788409298 h=270 objX=0.421 d11=0.343 tick=521163 goal=0 here=0
RC 1788409298 h=271 objX=0.431 d11=0.359 tick=521191 goal=0 here=0
RC 1788409298 h=270 objX=0.431 d11=0.332 tick=521218 goal=0 here=0
RC 1788409299 h=271 objX=None d11=0.325 tick=521244 goal=0 here=0
RC 1788409299 h=285 objX=0.327 d11=0.336 tick=521305 goal=0 here=0
RC 1788409300 h=280 objX=0.433 d11=0.347 tick=521332 goal=0 here=0
RC 1788409300 h=280 objX=0.434 d11=0.350 tick=521358 goal=0 here=0
RC 1788409300 h=258 objX=0.34 d11= tick=521392 goal=0 here=0
RC 1788409301 h=271 objX=0.411 d11=0.335 tick=521421 goal=0 here=0
RC 1788409301 h=267 objX=0.409 d11=0.346 tick=521449 goal=0 here=0
RC 1788409301 h=272 objX=0.428 d11=0.330 tick=521476 goal=0 here=0
RC 1788409301 h=270 objX=0.421 d11=0.351 tick=521502 goal=0 here=0
RC 1788409302 h=266 objX=0.424 d11=0.326 tick=521529 goal=0 here=0
RC 1788409302 h=275 objX=0.456 d11=0.336 tick=521556 goal=0 here=0
RC 1788409302 h=273 objX=None d11=0.326 tick=521583 goal=0 here=0
RC 1788409303 h=287 objX=0.325 d11=0.336 tick=521633 goal=0 here=0
RC 1788409303 h=276 objX=0.431 d11=0.331 tick=521660 goal=0 here=0
RC 1788409303 h=275 objX=0.466 d11=0.313 tick=521686 goal=0 here=0
RC 1788409303 h=268 objX=0.42 d11=0.335 tick=521714 goal=0 here=0
RC 1788409304 h=273 objX=0.431 d11=0.327 tick=521741 goal=0 here=0
RC 1788409304 h=266 objX=0.416 d11=0.317 tick=521768 goal=0 here=0
RC 1788409304 h=268 objX=0.463 d11=0.336 tick=521795 goal=0 here=0
RC 1788409305 h=273 objX=0.472 d11=0.317 tick=521822 goal=0 here=0
RC 1788409305 h=278 objX=0.472 d11=0.317 tick=521849 goal=0 here=0
RC 1788409305 h=270 objX=0.417 d11=0.322 tick=521877 goal=0 here=0
RC 1788409305 h=267 objX=0.413 d11=0.339 tick=521903 goal=0 here=0
RC 1788409306 h=271 objX=0.425 d11=0.333 tick=521930 goal=0 here=0
RC 1788409306 h=270 objX=0.423 d11=0.322 tick=521957 goal=0 here=0
RC 1788409306 h=267 objX=0.429 d11=0.315 tick=521984 goal=0 here=0
RC 1788409306 h=271 objX=0.456 d11=0.314 tick=522011 goal=0 here=0
RC 1788409307 h=273 objX=0.453 d11=0.320 tick=522038 goal=0 here=0
RC 1788409307 h=272 objX=0.433 d11=0.334 tick=522065 goal=0 here=0
RC 1788409307 h=268 objX=0.419 d11=0.317 tick=522093 goal=0 here=0
RC 1788409307 h=268 objX=0.431 d11=0.320 tick=522120 goal=0 here=0
RC 1788409308 h=270 objX=0.435 d11=0.315 tick=522147 goal=0 here=0
RC 1788409308 h=271 objX=0.464 d11=0.333 tick=522174 goal=0 here=0
RC 1788409308 h=273 objX=0.461 d11=0.310 tick=522201 goal=0 here=0
RC 1788409309 h=271 objX=0.431 d11=0.326 tick=522228 goal=0 here=0
RC 1788409309 h=272 objX=None d11=0.332 tick=522254 goal=0 here=0
RC 1788409309 h=288 objX=0.281 d11=0.329 tick=522305 goal=0 here=0
RC 1788409310 h=282 objX=0.401 d11=0.307 tick=522331 goal=0 here=0
RC 1788409310 h=275 objX=0.471 d11=0.322 tick=522359 goal=0 here=0
RC 1788409310 h=269 objX=0.436 d11=0.324 tick=522386 goal=0 here=0
RC 1788409310 h=266 objX=0.436 d11=0.314 tick=522413 goal=0 here=0
RC 1788409311 h=277 objX=0.474 d11=0.327 tick=522440 goal=0 here=0
RC 1788409311 h=267 objX=0.434 d11= tick=522467 goal=0 here=0
RC 1788409311 h=274 objX=0.463 d11=0.338 tick=522495 goal=0 here=0
RC 1788409311 h=270 objX=0.432 d11=0.341 tick=522522 goal=0 here=0
RC 1788409312 h=271 objX=None d11=0.332 tick=522548 goal=0 here=0
RC 1788409312 h=285 objX=0.317 d11=0.331 tick=522599 goal=0 here=0
RC 1788409313 h=278 objX=0.454 d11=0.334 tick=522628 goal=0 here=0
RC 1788409313 h=269 objX=0.471 d11=0.325 tick=522655 goal=0 here=0
RC 1788409313 h=276 objX=0.446 d11=0.344 tick=522682 goal=0 here=0
RC 1788409313 h=274 objX=0.458 d11=0.337 tick=522710 goal=0 here=0
RC 1788409314 h=270 objX=0.429 d11=0.346 tick=522738 goal=0 here=0
RC 1788409314 h=268 objX=0.431 d11=0.334 tick=522765 goal=0 here=0
RC 1788409314 h=270 objX=0.459 d11=0.350 tick=522793 goal=0 here=0
RC 1788409314 h=270 objX=0.463 d11=0.348 tick=522820 goal=0 here=0
RC 1788409315 h=274 objX=0.46 d11=0.352 tick=522847 goal=0 here=0
RC 1788409315 h=268 objX=0.435 d11=0.342 tick=522875 goal=0 here=0
RC 1788409315 h=274 objX=0.463 d11=0.342 tick=522902 goal=0 here=0
RC 1788409316 h=274 objX=0.419 d11=0.353 tick=522931 goal=0 here=0
RC 1788409316 h=266 objX=0.404 d11=0.344 tick=522959 goal=0 here=0
RC 1788409316 h=272 objX=0.462 d11=0.355 
RC 1788409316 h=269 objX=0.433 d11=0.347 tick=523015 goal=0 here=0
RC 1788409317 h=271 objX=0.462 d11= tick=523042 goal=0 here=0
RC 1788409317 h=271 objX=None d11=0.344 tick=523070 goal=0 here=0
RC 1788409317 h=286 objX=0.303 d11=0.342 tick=523121 goal=0 here=0
RC 1788409318 h=277 objX=0.464 d11=0.351 tick=523148 goal=0 here=0
RC 1788409318 h=275 objX=0.468 d11=0.344 tick=523175 goal=0 here=0
RC 1788409318 h=270 objX=0.431 d11=0.351 tick=523201 goal=0 here=0
RC 1788409319 h=270 objX=0.432 d11=0.337 tick=523230 goal=0 here=0
RC 1788409319 h=269 objX=0.434 d11=0.355 tick=523256 goal=0 here=0
RC 1788409319 h=274 objX=0.467 d11=0.347 tick=523284 goal=0 here=0
RC 1788409319 h=273 objX=0.431 d11=0.349 tick=523312 goal=0 here=0
RC 1788409320 h=268 objX=0.413 d11=0.349 tick=523339 goal=0 here=0
RC 1788409320 h=265 objX=0.418 d11=0.337 tick=523365 goal=0 here=0
RC 1788409320 h=269 objX=0.454 d11=0.343 tick=523393 goal=0 here=0
RC 1788409320 h=275 objX=0.475 d11=0.347 tick=523420 goal=0 here=0
RC 1788409321 h=270 objX=0.432 d11=0.345 
RC 1788409321 h=269 objX=0.428 d11=0.346 tick=523475 goal=0 here=0
RC 1788409321 h=267 objX=0.458 d11=0.356 tick=523503 goal=0 here=0
RC 1788409322 h=275 objX=0.471 d11=0.355 tick=523530 goal=0 here=0
RC 1788409322 h=272 objX=0.462 d11= tick=523558 goal=0 here=0
RC 1788409322 h=267 objX=0.43 d11=0.349 tick=523585 goal=0 here=0
RC 1788409322 h=276 objX=0.457 d11=0.347 tick=523612 goal=0 here=0
RC 1788409323 h=268 objX=0.452 d11=0.348 tick=523639 goal=0 here=0
RC 1788409323 h=265 objX=0.44 d11=0.353 tick=523666 goal=0 here=0
RC 1788409323 h=269 objX=0.449 d11=0.343 tick=523694 goal=0 here=0
RC 1788409323 h=277 objX=0.486 d11=0.335 tick=523721 goal=0 here=0
RC 1788409324 h=273 objX=0.455 d11=0.346 tick=523748 goal=0 here=0
RC 1788409324 h=272 objX=0.433 d11=0.337 tick=523775 goal=0 here=0
RC 1788409324 h=268 objX=0.424 d11=0.340 tick=523802 goal=0 here=0
RC 1788409325 h=268 objX=0.433 d11=0.338 tick=523830 goal=0 here=0
RC 1788409325 h=276 objX=0.476 d11=0.342 tick=523857 goal=0 here=0
RC 1788409325 h=271 objX=0.434 d11=0.330 tick=523884 goal=0 here=0
RC 1788409325 h=272 objX=0.433 d11=0.326 tick=523910 goal=0 here=0
RC 1788409326 h=272 objX=0.419 d11=0.336 tick=523937 goal=0 here=0
RC 1788409326 h=269 objX=0.422 d11=0.324 tick=523964 goal=0 here=0
RC 1788409326 h=272 objX=0.417 d11=0.350 tick=523991 goal=0 here=0
RC 1788409326 h=268 objX=0.403 d11=0.329 tick=524018 goal=0 here=0
RC 1788409327 h=266 objX=0.422 d11=0.341 tick=524046 goal=0 here=0
RC 1788409327 h=274 objX=0.468 d11=0.320 tick=524072 goal=0 here=0
RC 1788409327 h=274 objX=0.432 d11=0.330 tick=524099 goal=0 here=0
RC 1788409328 h=268 objX=0.417 d11=0.335 tick=524126 goal=0 here=0
RC 1788409328 h=268 objX=0.419 d11=0.323 tick=524152 goal=0 here=0
RC 1788409328 h=270 objX=0.43 d11=0.325 tick=524179 goal=0 here=0
RC 1788409328 h=270 objX=0.434 d11=0.321 tick=524207 goal=0 here=0
RC 1788409329 h=273 objX=0.456 d11=0.321 tick=524235 goal=0 here=0
RC 1788409329 h=271 objX=0.429 d11=0.317 tick=524262 goal=0 here=0
RC 1788409329 h=273 objX=0.448 d11=0.312 tick=524290 goal=0 here=0
RC 1788409329 h=266 objX=0.417 d11=0.316 tick=524318 goal=0 here=0
RC 1788409330 h=266 objX=0.429 d11=0.313 tick=524346 goal=0 here=0
RC 1788409330 h=279 objX=0.469 d11=0.330 tick=524373 goal=0 here=0
RC 1788409330 h=264 objX=0.418 d11=0.320 tick=524400 goal=0 here=0
RC 1788409331 h=274 objX=0.462 d11=0.338 tick=524427 goal=0 here=0
RC 1788409331 h=273 objX=0.43 d11=0.325 tick=524455 goal=0 here=0
RC 1788409331 h=266 objX=0.417 d11=0.323 
RC 1788409331 h=270 objX=0.432 d11=0.335 tick=524509 goal=0 here=0
RC 1788409332 h=273 objX=0.459 d11=0.324 tick=524536 goal=0 here=0
RC 1788409332 h=268 objX=0.432 d11=0.335 tick=524564 goal=0 here=0
RC 1788409332 h=269 objX=0.435 d11=0.309 tick=524591 goal=0 here=0
RC 1788409332 h=273 objX=0.455 d11=0.328 tick=524618 goal=0 here=0
RC 1788409333 h=270 objX=0.433 d11=0.323 tick=524646 goal=0 here=0
RC 1788409333 h=272 objX=0.435 d11=0.324 tick=524673 goal=0 here=0
RC 1788409333 h=268 objX=0.429 d11=0.314 tick=524700 goal=0 here=0
RC 1788409334 h=273 objX=0.46 d11=0.324 tick=524727 goal=0 here=0
RC 1788409334 h=272 objX=0.435 d11=0.317 tick=524754 goal=0 here=0
RC 1788409334 h=268 objX=0.414 d11=0.331 tick=524781 goal=0 here=0
RC 1788409334 h=270 objX=0.427 d11=0.336 tick=524808 goal=0 here=0
RC 1788409335 h=272 objX=0.428 d11=0.332 tick=524835 goal=0 here=0
RC 1788409335 h=268 objX=0.425 d11=0.318 tick=524861 goal=0 here=0
RC 1788409335 h=271 objX=0.434 d11=0.328 tick=524888 goal=0 here=0
RC 1788409335 h=268 objX=0.432 d11=0.333 tick=524915 goal=0 here=0
RC 1788409336 h=269 objX=0.459 d11=0.340 tick=524942 goal=0 here=0
RC 1788409336 h=270 objX=0.467 d11=0.332 tick=524969 goal=0 here=0
RC 1788409336 h=270 objX=0.459 d11=0.331 tick=524995 goal=0 here=0
RC 1788409337 h=271 objX=0.466 d11=0.342 tick=525022 goal=0 here=0
RC 1788409337 h=274 objX=0.46 d11=0.323 tick=525054 goal=0 here=0
RC 1788409337 h=273 objX=0.43 d11=0.337 tick=525082 goal=0 here=0
RC 1788409337 h=270 objX=0.415 d11=0.342 tick=525109 goal=0 here=0
RC 1788409338 h=272 objX=0.416 d11=0.349 tick=525136 goal=0 here=0
RC 1788409338 h=264 objX=0.408 d11=0.336 tick=525163 goal=0 here=0
RC 1788409338 h=272 objX=0.462 d11=0.358 tick=525189 goal=0 here=0
RC 1788409338 h=269 objX=0.43 d11=0.341 tick=525215 goal=0 here=0
RC 1788409339 h=273 objX=0.462 d11=0.352 tick=525242 goal=0 here=0
RC 1788409339 h=271 objX=0.427 d11=0.348 tick=525268 goal=0 here=0
RC 1788409339 h=270 objX=0.42 d11=0.340 tick=525295 goal=0 here=0
RC 1788409339 h=267 objX=0.423 d11=0.350 tick=525321 goal=0 here=0
RC 1788409340 h=273 objX=0.457 d11=0.350 tick=525348 goal=0 here=0
RC 1788409340 h=268 objX=None d11=0.342 tick=525374 goal=0 here=0
RC 1788409341 h=284 objX=0.416 d11=0.332 tick=525425 goal=0 here=0
RC 1788409341 h=277 objX=0.478 d11=0.335 tick=525451 goal=0 here=0
RC 1788409341 h=276 objX=0.458 d11=0.344 tick=525478 goal=0 here=0
RC 1788409341 h=267 objX=0.414 d11=0.354 tick=525505 goal=0 here=0
RC 1788409342 h=269 objX=0.432 d11=0.330 tick=525531 goal=0 here=0
RC 1788409342 h=270 objX=0.456 d11=0.347 tick=525558 goal=0 here=0
RC 1788409342 h=274 objX=0.457 d11=0.334 tick=525584 goal=0 here=0
RC 1788409342 h=268 objX=0.419 d11=0.333 tick=525611 goal=0 here=0
RC 1788409343 h=270 objX=0.43 d11=0.352 tick=525637 goal=0 here=0
RC 1788409343 h=267 objX=0.428 d11=0.347 tick=525664 goal=0 here=0
RC 1788409343 h=271 objX=None d11=0.342 tick=525690 goal=0 here=0
RC 1788409344 h=286 objX=0.292 d11=0.340 tick=525731 goal=0 here=0
RC 1788409344 h=286 objX=0.475 d11=0.337 tick=525757 goal=0 here=0
RC 1788409344 h=270 objX=0.415 d11=0.321 tick=525784 goal=0 here=0
RC 1788409344 h=270 objX=0.414 d11=0.340 tick=525811 goal=0 here=0
RC 1788409345 h=266 objX=0.417 d11=0.316 tick=525837 goal=0 here=0
RC 1788409345 h=272 objX=0.456 d11=0.328 tick=525864 goal=0 here=0
RC 1788409345 h=270 objX=0.435 d11=0.326 tick=525891 goal=0 here=0
RC 1788409345 h=271 objX=0.428 d11=0.330 tick=525917 goal=0 here=0
RC 1788409346 h=269 objX=0.428 d11=0.320 tick=525944 goal=0 here=0
RC 1788409346 h=270 objX=0.457 d11=0.328 tick=525971 goal=0 here=0
RC 1788409346 h=270 objX=0.455 d11=0.325 tick=525997 goal=0 here=0
RC 1788409347 h=272 objX=0.461 d11=0.330 tick=526024 goal=0 here=0
RC 1788409347 h=270 objX=0.435 d11=0.328 tick=526050 goal=0 here=0
RC 1788409347 h=267 objX=0.427 d11=0.332 tick=526077 goal=0 here=0
RC 1788409347 h=272 objX=0.46 d11=0.324 tick=526104 goal=0 here=0
RC 1788409348 h=268 objX=0.458 d11=0.329 tick=526130 goal=0 here=0
RC 1788409348 h=273 objX=0.472 d11=0.307 tick=526157 goal=0 here=0
RC 1788409348 h=273 objX=0.461 d11=0.316 tick=526183 goal=0 here=0
RC 1788409348 h=268 objX=0.451 d11=0.339 tick=526210 goal=0 here=0
RC 1788409349 h=269 objX=0.456 d11=0.320 tick=526236 goal=0 here=0
RC 1788409349 h=270 objX=None d11=0.328 tick=526263 goal=0 here=0
RC 1788409350 h=286 objX=0.281 d11=0.319 tick=526323 goal=0 here=0
RC 1788409350 h=284 objX=0.451 d11=0.315 tick=526350 goal=0 here=0
RC 1788409350 h=270 objX=0.474 d11=0.326 tick=526377 goal=0 here=0
RC 1788409350 h=270 objX=0.469 d11=0.335 tick=526404 goal=0 here=0
RC 1788409351 h=274 objX=0.47 d11=0.333 tick=526430 goal=0 here=0
RC 1788409351 h=271 objX=0.45 d11=0.321 tick=526457 goal=0 here=0
RC 1788409351 h=268 objX=0.425 d11=0.335 
RC 1788409351 h=268 objX=0.428 d11=0.336 tick=526510 goal=0 here=0
RC 1788409352 h=273 objX=0.458 d11=0.339 tick=526537 goal=0 here=0
RC 1788409352 h=271 objX=0.455 d11=0.347 tick=526563 goal=0 here=0
RC 1788409352 h=273 objX=0.432 d11=0.336 tick=526589 goal=0 here=0
RC 1788409352 h=265 objX=0.416 d11=0.351 
RC 1788409353 h=269 objX=0.458 d11=0.357 tick=526643 goal=0 here=0
RC 1788409353 h=268 objX=0.46 d11=0.354 tick=526669 goal=0 here=0
RC 1788409353 h=279 objX=0.472 d11=0.350 tick=526696 goal=0 here=0
RC 1788409354 h=265 objX=0.431 d11=0.344 tick=526722 goal=0 here=0
RC 1788409354 h=274 objX=0.451 d11=0.354 tick=526749 goal=0 here=0
RC 1788409354 h=272 objX=0.425 d11=0.351 tick=526775 goal=0 here=0
RC 1788409354 h=269 objX=0.417 d11=0.347 tick=526802 goal=0 here=0
RC 1788409355 h=268 objX=0.423 d11=0.335 tick=526829 goal=0 here=0
RC 1788409355 h=277 objX=0.471 d11=0.344 tick=526858 goal=0 here=0
RC 1788409355 h=268 objX=0.426 d11=0.350 tick=526885 goal=0 here=0
RC 1788409355 h=270 objX=0.431 d11=0.352 tick=526911 goal=0 here=0
RC 1788409356 h=270 objX=0.457 d11=0.349 tick=526938 goal=0 here=0
RC 1788409356 h=270 objX=0.459 d11=0.335 tick=526965 goal=0 here=0
RC 1788409356 h=267 objX=0.463 d11=0.332 tick=526992 goal=0 here=0
RC 1788409356 h=273 objX=0.473 d11=0.343 tick=527018 goal=0 here=0
RC 1788409357 h=270 objX=0.475 d11=0.350 tick=527045 goal=0 here=0
RC 1788409357 h=271 objX=0.472 d11=0.342 tick=527071 goal=0 here=0
RC 1788409357 h=271 objX=0.468 d11=0.339 tick=527098 goal=0 here=0
RC 1788409358 h=272 objX=0.473 d11=0.344 tick=527125 goal=0 here=0
RC 1788409358 h=273 objX=0.458 d11=0.344 tick=527153 goal=0 here=0
RC 1788409358 h=272 objX=0.427 d11=0.337 tick=527179 goal=0 here=0
RC 1788409358 h=268 objX=0.421 d11=0.329 tick=527206 goal=0 here=0
RC 1788409359 h=269 objX=0.429 d11=0.332 tick=527232 goal=0 here=0
RC 1788409359 h=269 objX=0.461 d11=0.344 tick=527259 goal=0 here=0
RC 1788409359 h=274 objX=0.473 d11=0.334 tick=527286 goal=0 here=0
RC 1788409359 h=270 objX=0.431 d11=0.336 tick=527312 goal=0 here=0
RC 1788409360 h=272 objX=0.435 d11=0.330 tick=527339 goal=0 here=0
RC 1788409360 h=270 objX=0.442 d11=0.319 tick=527366 goal=0 here=0
RC 1788409360 h=273 objX=0.432 d11=0.313 tick=527393 goal=0 here=0
RC 1788409360 h=267 objX=None d11=0.332 tick=527419 goal=0 here=0
RC 1788409361 h=281 objX=0.454 d11=0.328 tick=527460 goal=0 here=0
RC 1788409361 h=274 objX=0.475 d11=0.337 tick=527486 goal=0 here=0
RC 1788409361 h=270 objX=0.456 d11=0.326 tick=527512 goal=0 here=0
RC 1788409362 h=268 objX=0.455 d11=0.327 tick=527539 goal=0 here=0
RC 1788409362 h=270 objX=0.466 d11=0.319 tick=527566 goal=0 here=0
RC 1788409362 h=274 objX=0.47 d11=0.310 tick=527592 goal=0 here=0
RC 1788409362 h=269 objX=0.452 d11=0.314 tick=527619 goal=0 here=0
RC 1788409363 h=268 objX=0.459 d11=0.327 tick=527646 goal=0 here=0
RC 1788409363 h=275 objX=0.474 d11=0.329 tick=527673 goal=0 here=0
RC 1788409363 h=268 objX=0.456 d11=0.322 tick=527700 goal=0 here=0
RC 1788409364 h=272 objX=0.458 d11=0.325 tick=527726 goal=0 here=0
RC 1788409364 h=276 objX=0.456 d11=0.330 tick=527757 goal=0 here=0
RC 1788409364 h=266 objX=None d11=0.336 
RC 1788409365 h=280 objX=0.46 d11=0.328 tick=527834 goal=0 here=0
RC 1788409365 h=274 objX=0.483 d11=0.330 tick=527860 goal=0 here=0
RC 1788409365 h=269 objX=0.464 d11=0.326 tick=527887 goal=0 here=0
RC 1788409365 h=273 objX=0.469 d11=0.333 tick=527913 goal=0 here=0
RC 1788409366 h=270 objX=0.455 d11=0.332 tick=527940 goal=0 here=0
RC 1788409366 h=268 objX=0.457 d11=0.322 tick=527966 goal=0 here=0
RC 1788409366 h=272 objX=0.468 d11=0.332 tick=527994 goal=0 here=0
RC 1788409366 h=274 objX=0.462 d11=0.339 tick=528020 goal=0 here=0
RC 1788409367 h=269 objX=0.452 d11=0.324 tick=528047 goal=0 here=0
RC 1788409367 h=268 objX=None d11=0.341 tick=528073 goal=0 here=0
RC 1788409368 h=282 objX=0.271 d11=0.338 tick=528124 goal=0 here=0
RC 1788409368 h=282 objX=0.43 d11=0.330 tick=528150 goal=0 here=0
RC 1788409368 h=269 objX=0.452 d11=0.334 tick=528176 goal=0 here=0
RC 1788409368 h=269 objX=0.452 d11=0.346 tick=528203 goal=0 here=0
RC 1788409369 h=272 objX=0.459 d11=0.349 tick=528229 goal=0 here=0
RC 1788409369 h=274 objX=0.454 d11=0.345 tick=528256 goal=0 here=0
RC 1788409369 h=270 objX=None d11=0.350 tick=528282 goal=0 here=0
RC 1788409370 h=282 objX=0.409 d11=0.347 tick=528323 goal=0 here=0
RC 1788409370 h=275 objX=0.459 d11=0.337 tick=528349 goal=0 here=0
RC 1788409370 h=270 objX=0.492 d11=0.344 tick=528376 goal=0 here=0
RC 1788409370 h=272 objX=0.461 d11=0.356 tick=528403 goal=0 here=0
RC 1788409371 h=271 objX=0.468 d11=0.352 tick=528430 goal=0 here=0
RC 1788409371 h=271 objX=0.459 d11=0.349 tick=528456 goal=0 here=0
RC 1788409371 h=270 objX=0.476 d11=0.340 tick=528483 goal=0 here=0
RC 1788409371 h=272 objX=0.465 d11=0.362 tick=528510 goal=0 here=0
RC 1788409372 h=270 objX=0.449 d11=0.349 tick=528537 goal=0 here=0
RC 1788409372 h=263 objX=0.448 d11=0.344 tick=528563 goal=0 here=0
RC 1788409372 h=274 objX=0.5 d11=0.345 tick=528590 goal=0 here=0
RC 1788409372 h=272 objX=0.478 d11=0.350 tick=528616 goal=0 here=0
RC 1788409373 h=270 objX=0.46 d11=0.352 tick=528643 goal=0 here=0
RC 1788409373 h=271 objX=0.462 d11=0.338 tick=528669 goal=0 here=0
RC 1788409373 h=275 objX=0.458 d11=0.348 tick=528696 goal=0 here=0
RC 1788409374 h=269 objX=0.456 d11=0.331 tick=528723 goal=0 here=0
RC 1788409374 h=268 objX=0.45 d11=0.345 tick=528750 goal=0 here=0
RC 1788409374 h=265 objX=0.455 d11=0.341 tick=528777 goal=0 here=0
RC 1788409374 h=275 objX=0.494 d11=0.338 tick=528804 goal=0 here=0
RC 1788409375 h=269 objX=0.461 d11=0.327 tick=528830 goal=0 here=0
RC 1788409375 h=271 objX=0.471 d11=0.342 tick=528858 goal=0 here=0
RC 1788409375 h=264 objX=0.46 d11=0.334 tick=528886 goal=0 here=0
RC 1788409375 h=271 objX=0.498 d11=0.323 tick=528912 goal=0 here=0
RC 1788409376 h=274 objX=0.5 d11=0.322 tick=528939 goal=0 here=0
RC 1788409376 h=272 objX=0.488 d11=0.332 tick=528966 goal=0 here=0
RC 1788409376 h=271 objX=0.456 d11=0.323 tick=528993 goal=0 here=0
RC 1788409376 h=269 objX=0.451 d11=0.328 tick=529020 goal=0 here=0
RC 1788409377 h=268 objX=None d11=0.321 tick=529046 goal=0 here=0
RC 1788409377 h=286 objX=0.338 d11= tick=529097 goal=0 here=0
RC 1788409377 h=281 objX=None d11=0.313 tick=529124 goal=0 here=0
RC 1788409378 h=295 objX=0.24 d11= tick=529190 goal=0 here=0
RC 1788409378 h=290 objX=0.276 d11=0.323 tick=529218 goal=0 here=0
RC 1788409379 h=283 objX=None d11=0.317 tick=529244 goal=0 here=0
RC 1788409379 h=296 objX=0.25 d11=0.328 tick=529285 goal=0 here=0
RC 1788409379 h=288 objX=0.279 d11=0.312 tick=529311 goal=0 here=0
RC 1788409380 h=283 objX=0.415 d11=0.321 
RC 1788409380 h=276 objX=0.498 d11=0.334 tick=529365 goal=0 here=0
RC 1788409380 h=270 objX=0.458 d11=0.326 tick=529392 goal=0 here=0
RC 1788409380 h=273 objX=0.468 d11=0.322 tick=529419 goal=0 here=0
RC 1788409381 h=265 objX=0.456 d11=0.324 tick=529446 goal=0 here=0
RC 1788409381 h=271 objX=0.478 d11=0.344 tick=529473 goal=0 here=0
RC 1788409381 h=273 objX=0.49 d11=0.340 tick=529501 goal=0 here=0
RC 1788409382 h=271 objX=0.486 d11=0.344 tick=529528 goal=0 here=0
RC 1788409382 h=270 objX=0.484 d11= tick=529554 goal=0 here=0
RC 1788409382 h=269 objX=0.486 d11=0.348 tick=529581 goal=0 here=0
RC 1788409382 h=270 objX=0.488 d11=0.345 tick=529608 goal=0 here=0
RC 1788409383 h=272 objX=0.487 d11=0.344 tick=529635 goal=0 here=0
RC 1788409383 h=271 objX=0.487 d11=0.338 tick=529662 goal=0 here=0
RC 1788409383 h=270 objX=0.457 d11=0.332 tick=529689 goal=0 here=0
RC 1788409383 h=266 objX=0.487 d11=0.340 tick=529716 goal=0 here=0
RC 1788409384 h=273 objX=0.499 d11=0.350 tick=529745 goal=0 here=0
RC 1788409384 h=274 objX=0.49 d11=0.348 tick=529775 goal=0 here=0
RC 1788409384 h=268 objX=0.447 d11=0.330 tick=529802 goal=0 here=0
RC 1788409385 h=269 objX=0.457 d11=0.361 tick=529829 goal=0 here=0
RC 1788409385 h=270 objX=0.488 d11=0.345 tick=529856 goal=0 here=0
RC 1788409385 h=271 objX=0.487 d11=0.349 tick=529883 goal=0 here=0
RC 1788409385 h=272 objX=0.481 d11=0.359 tick=529910 goal=0 here=0
RC 1788409386 h=269 objX=0.464 d11=0.347 tick=529936 goal=0 here=0
RC 1788409386 h=273 objX=0.46 d11=0.340 tick=529963 goal=0 here=0
RC 1788409386 h=265 objX=0.448 d11=0.344 tick=529990 goal=0 here=0
RC 1788409386 h=275 objX=None d11=0.370 tick=530016 goal=0 here=0
RC 1788409387 h=288 objX=0.276 d11=0.360 tick=530061 goal=0 here=0
RC 1788409387 h=279 objX=0.457 d11=0.345 
RC 1788409387 h=274 objX=0.495 d11=0.351 tick=530115 goal=0 here=0
RC 1788409388 h=271 objX=0.485 d11=0.338 tick=530142 goal=0 here=0
RC 1788409388 h=274 objX=0.472 d11=0.356 tick=530168 goal=0 here=0
RC 1788409388 h=270 objX=0.449 d11=0.335 tick=530195 goal=0 here=0
RC 1788409388 h=270 objX=0.449 d11=0.338 tick=530221 goal=0 here=0
RC 1788409389 h=266 objX=0.469 d11=0.347 tick=530247 goal=0 here=0
RC 1788409389 h=275 objX=0.487 d11=0.357 tick=530274 goal=0 here=0
RC 1788409389 h=270 objX=0.454 d11=0.350 tick=530300 goal=0 here=0
RC 1788409390 h=269 objX=0.451 d11=0.346 tick=530327 goal=0 here=0
RC 1788409390 h=275 objX=0.457 d11=0.329 tick=530354 goal=0 here=0
RC 1788409390 h=266 objX=0.456 d11=0.334 tick=530380 goal=0 here=0
RC 1788409390 h=267 objX=0.459 d11=0.338 tick=530407 goal=0 here=0
RC 1788409391 h=269 objX=0.49 d11=0.315 tick=530434 goal=0 here=0
RC 1788409391 h=273 objX=0.49 d11=0.331 tick=530460 goal=0 here=0
RC 1788409391 h=271 objX=0.489 d11=0.331 tick=530487 goal=0 here=0
RC 1788409391 h=269 objX=0.486 d11=0.324 tick=530513 goal=0 here=0
RC 1788409392 h=268 objX=0.489 d11=0.327 tick=530540 goal=0 here=0
RC 1788409392 h=272 objX=0.489 d11=0.322 tick=530566 goal=0 here=0
RC 1788409392 h=269 objX=0.489 d11=0.338 tick=530593 goal=0 here=0
RC 1788409392 h=272 objX=0.493 d11=0.316 tick=530620 goal=0 here=0
REACH end
