=== start2 1787949304.6304145 ===
P t=0.0 x=0.00 y=0.00 h=169.7 m=follow c=(0.0,0.0) r=0.38,0.41,1.07,1.52,0.66,0.69,0.21,0.69,0.60,0.65,0.54,0.36,0.33,0.27,0.43,0.47 tick=56435 goal=0 d7=0 b=0
P t=1.0 x=-0.43 y=0.12 h=162.3 m=follow c=(7.9,2.1) r=0.42,0.37,1.04,1.35,0.72,0.71,0.26,0.87,0.66,0.62,0.69,0.38,0.34,0.27,0.37,0.51 tick=56534 goal=0 d7=0 b=0
P t=2.1 x=-0.85 y=0.27 h=156.6 m=follow c=(7.2,2.8) r=0.44,0.35,0.40,1.16,0.76,0.72,0.29,0.93,0.73,0.61,0.69,0.40,0.33,0.27,0.34,0.48 tick=56639 goal=0 d7=0 b=0
P t=3.2 x=-1.26 y=0.47 h=150.7 m=follow c=(6.7,3.3) r=0.44,0.35,0.40,1.13,0.80,0.69,0.54,0.22,0.75,0.61,0.69,0.41,0.34,0.30,0.32,0.42 tick=56746 goal=0 d7=0 b=0
P t=4.2 x=-1.65 y=0.69 h=150.1 m=follow c=(6.2,3.8) r=0.43,0.34,0.37,1.04,1.55,0.69,0.73,0.27,0.74,0.63,0.73,0.56,0.34,0.26,0.28,0.43 tick=56852 goal=0 d7=0 b=0
P t=5.3 x=-2.02 y=0.91 h=147.2 m=follow c=(5.7,4.3) r=0.41,0.34,0.35,1.00,1.46,0.70,0.72,0.30,0.74,0.67,0.71,0.54,0.35,0.27,0.28,0.41 tick=56954 goal=0 d7=0 b=0
P t=6.3 x=-2.39 y=1.17 h=146.4 m=follow c=(6.1,3.9) r=0.41,0.33,0.33,0.41,1.41,0.74,0.74,0.32,0.78,0.68,0.71,0.56,0.35,0.25,0.27,0.41 tick=57060 goal=0 d7=0 b=0
P t=7.4 x=-2.76 y=1.43 h=141.3 m=follow c=(5.8,4.2) r=0.40,0.37,0.29,0.39,1.37,0.77,0.73,0.34,0.81,0.69,0.73,0.59,0.35,0.24,0.26,0.37 tick=57166 goal=0 d7=0 b=0
P t=8.4 x=-3.11 y=1.69 h=144.0 m=follow c=(5.7,4.3) r=0.40,0.35,0.28,0.37,1.29,0.79,0.76,0.37,0.89,0.74,0.72,0.59,0.33,0.24,0.26,0.36 tick=57270 goal=0 d7= b=0
P t=9.5 x=-3.46 y=1.98 h=141.0 m=follow c=(5.5,4.5) r=0.41,0.34,0.27,0.36,1.18,0.77,0.77,0.38,0.96,0.73,0.73,0.59,0.33,0.23,0.25,0.37 tick=57377 goal=0 d7=0 b=0
P t=10.5 x=-3.82 y=2.27 h=140.8 m=follow c=(4.8,5.2) r=0.39,0.33,0.25,0.33,1.17,0.78,0.76,0.57,0.99,0.75,0.73,0.60,0.33,0.24,0.24,0.35 tick=57483 goal=0 d7=0 b=0
P t=11.6 x=-4.16 y=2.57 h=133.9 m=follow c=(4.8,5.2) r=0.37,0.35,0.24,0.33,1.15,0.80,0.76,0.60,1.01,0.76,0.74,0.58,0.35,0.22,0.24,0.33 tick=57590 goal=0 d7=0 b=0
P t=12.7 x=-4.51 y=2.86 h=143.4 m=follow c=(4.9,5.1) r=0.34,0.34,0.24,0.29,1.13,0.81,0.76,0.62,1.02,0.77,0.75,0.44,0.31,0.21,0.24,0.32 tick=57697 goal=0 d7=0 b=0
P t=13.7 x=-4.85 y=3.15 h=140.3 m=follow c=(4.5,5.5) r=0.34,0.31,0.24,0.28,1.13,0.80,0.78,0.63,1.01,0.78,0.76,0.45,0.29,0.21,0.23,0.29 tick=57803 goal=0 d7=0 b=0
P t=14.8 x=-5.10 y=3.36 h=141.3 m=backup c=(-10,-10) r=0.34,0.31,0.23,0.26,1.14,0.79,0.78,0.64,1.04,0.79,0.77,0.43,0.25,0.20,0.25,0.31 tick=57908 goal=0 d7=0 b=0
P t=15.9 x=-4.69 y=3.03 h=154.7 m=turnleft c=(-18,18) r=0.33,0.27,0.25,0.38,1.57,0.72,0.82,0.38,0.87,0.72,0.61,0.37,0.24,0.23,0.30,0.34 tick=58014 goal=0 d7=0 b=0
P t=16.9 x=-4.69 y=3.03 h=188.4 m=turnleft c=(-18,18) r=0.24,0.33,1.21,0.81,0.81,0.43,0.86,0.74,0.76,0.41,0.26,0.20,0.25,0.33,0.33,0.31  d7=0 b=0
P t=18.0 x=-4.76 y=2.99 h=223.2 m=turnleft c=(-18,18) r=0.37,1.52,0.73,0.80,0.34,0.87,0.71,0.61,0.37,0.22,0.21,0.29,0.33,0.33,0.25,0.24 tick=58224 goal=0 d7= b=0
P t=19.0 x=-4.76 y=2.99 h=255.2 m=turnleft c=(-18,18) r=0.81,0.81,0.44,0.88,0.76,0.77,0.42,0.29,0.19,0.26,0.30,0.33,0.31,0.24,0.32,1.17 tick=58329 goal=0 d7=0 b=0
P t=20.1 x=-4.73 y=2.84 h=278.5 m=follow c=(15.0,-5.0) r=0.80,0.44,0.84,0.73,0.76,0.42,0.27,0.22,0.25,0.36,0.35,0.30,0.22,0.34,1.24,0.80 tick=58435 goal=0 d7=0 b=0
P t=21.1 x=-4.76 y=2.03 h=259.7 m=follow c=(12.0,8.0) r=0.72,0.77,0.35,0.83,0.70,0.77,0.42,0.27,0.24,0.32,0.35,0.34,0.25,0.28,0.38,1.50 tick=58540 goal=0 d7=0 b=0
P t=22.1 x=-4.87 y=1.18 h=263.7 m=follow c=(11.1,8.9) r=0.73,0.77,0.37,0.82,0.72,0.79,0.44,0.33,0.27,0.35,0.38,0.33,0.26,0.25,0.35,1.39 tick=58641 goal=0 d7=0 b=0
P t=23.2 x=-5.04 y=0.30 h=258.8 m=follow c=(10.6,9.4) r=0.72,0.72,0.55,0.30,0.76,0.80,0.63,0.37,0.27,0.36,0.41,0.34,0.25,0.24,0.32,1.32 tick=58746 goal=0 d7=0 b=0
P t=24.2 x=-5.26 y=-0.56 h=255.1 m=follow c=(10.3,9.7) r=0.71,0.70,0.54,0.30,0.79,0.77,0.66,0.42,0.29,0.38,0.41,0.35,0.23,0.25,0.30,1.26 tick=58851 goal=0 d7=0 b=0
P t=25.3 x=-5.48 y=-1.43 h=254.5 m=follow c=(10.1,9.9) r=0.68,0.63,0.53,0.31,0.85,0.76,0.67,0.47,0.34,0.40,0.45,0.37,0.23,0.26,0.30,1.13 tick=58956 goal=0 d7=0 b=0
P t=26.3 x=-5.77 y=-2.28 h=248.7 m=follow c=(9.6,10.4) r=0.64,0.56,0.68,0.34,0.29,0.72,0.85,0.54,0.37,0.40,0.45,0.36,0.23,0.26,0.28,1.04 tick=59062 goal=0 d7=0 b=0
P t=27.4 x=-6.01 y=-2.87 h=247.4 m=follow c=(4.5,5.5) r=1.73,0.59,0.66,0.47,0.30,0.77,0.85,0.54,0.40,0.43,0.48,0.39,0.23,0.25,0.25,0.99 tick=59169 goal=0 d7=0 b=0
P t=28.5 x=-6.24 y=-3.38 h=241.9 m=follow c=(9.2,10.8) r=1.44,0.58,0.65,0.49,0.31,0.79,0.85,0.56,0.43,0.41,0.48,0.41,0.23,0.23,0.25,0.98 tick=59274 goal=0 d7=0 b=0
P t=29.5 x=-6.53 y=-3.98 h=239.1 m=follow c=(3.9,6.1) r=1.37,0.57,0.62,0.48,0.31,0.79,0.85,0.74,0.48,0.44,0.48,0.40,0.21,0.24,0.76,0.93 tick=59379 goal=0 d7=0 b=0
P t=30.6 x=-6.85 y=-4.53 h=233.8 m=follow c=(3.6,6.4) r=1.27,0.56,0.58,0.52,0.33,0.30,0.79,0.76,0.54,0.44,0.52,0.44,0.21,0.23,0.23,0.86 tick=59484 goal=0 d7=0 b=0
P t=31.6 x=-7.18 y=-5.07 h=234.4 m=follow c=(5.5,4.5) r=1.19,0.55,0.54,0.61,0.39,0.30,0.79,0.79,0.55,0.45,0.52,0.42,0.22,0.23,0.32,0.83 tick=59590 goal=0 d7=0 b=0
P t=32.7 x=-7.43 y=-5.44 h=231.5 m=follow c=(3.1,6.9) r=1.14,0.55,0.48,0.59,0.45,0.31,0.80,0.91,0.60,0.46,0.54,0.42,0.20,0.21,0.22,0.78 tick=59696 goal=0 d7=0 b=0
P t=33.7 x=-7.69 y=-5.79 h=233.9 m=follow c=(4.6,5.4) r=1.13,0.53,0.46,0.61,0.46,0.31,0.79,0.94,0.62,0.49,0.55,0.44,0.21,0.22,0.27,0.76 tick=59798 goal=0 d7=0 b=0
P t=34.7 x=-7.95 y=-6.13 h=232.8 m=follow c=(4.0,6.0) r=1.05,0.52,0.47,0.59,0.47,0.33,0.31,0.95,0.65,0.49,0.55,0.44,0.24,0.20,0.28,0.76 tick=59899 goal=0 d7=0 b=0
P t=35.7 x=-8.23 y=-6.46 h=228.6 m=follow c=(4.1,5.9) r=0.96,0.52,0.47,0.59,0.48,0.35,0.34,0.95,0.65,0.51,0.55,0.46,0.24,0.18,0.27,0.76 tick=59999 goal=0 d7=0 b=0
P t=36.7 x=-8.67 y=-6.94 h=228.9 m=follow c=(9.3,10.7) r=0.90,1.61,0.48,0.55,0.48,0.39,0.36,0.96,0.67,0.51,0.56,0.44,0.22,0.18,0.66,0.73 tick=60100 goal=0 d7=0 b=0
P t=37.8 x=-9.31 y=-7.59 h=222.8 m=follow c=(13.9,6.1) r=0.84,1.26,0.50,0.49,0.60,0.47,0.36,0.95,0.74,0.54,0.59,0.47,0.20,0.18,0.24,0.70 tick=60207 goal=0 d7=0 b=0
P t=38.8 x=-9.97 y=-8.16 h=217.8 m=follow c=(13.0,7.0) r=0.81,1.17,0.46,0.41,0.57,0.48,0.37,0.87,0.89,0.60,0.60,0.50,0.22,0.14,0.22,0.70 tick=60310 goal=0 d7=0 b=0
P t=39.8 x=-10.68 y=-8.68 h=216.2 m=follow c=(11.9,8.1) r=0.74,1.04,0.41,0.44,0.54,0.49,0.43,0.42,0.94,0.66,0.61,0.53,0.20,0.13,0.42,0.66 tick=60413 goal=0 d7=0 b=0
P t=40.8 x=-11.41 y=-9.12 h=209.1 m=follow c=(11.7,8.3) r=0.64,0.93,1.50,0.45,0.50,0.56,0.48,0.43,1.09,0.74,0.61,0.59,0.19,0.11,0.39,0.59 tick=60514 goal=0 d7=0 b=0
P t=41.9 x=-12.01 y=-9.44 h=206.7 m=follow c=(5.8,4.2) r=0.62,0.79,1.50,0.45,0.41,0.62,0.52,0.44,1.10,0.79,0.64,0.30,0.18,0.14,0.37,0.56 tick=60618 goal=0 d7=0 b=0
P t=42.9 x=-12.40 y=-9.64 h=205.7 m=follow c=(5.5,4.5) r=0.61,0.76,1.50,0.42,0.40,0.58,0.53,0.44,1.10,0.83,0.64,0.31,0.15,0.13,0.36,0.53 tick=60721 goal=0 d7=0 b=0
P t=43.9 x=-12.79 y=-9.83 h=205.5 m=follow c=(5.1,4.9) r=0.59,0.73,1.44,0.40,0.39,0.58,0.53,0.45,1.12,0.83,0.64,0.29,0.13,0.11,0.36,0.51 tick=60823 goal=0 d7=0 b=0
P t=44.9 x=-12.85 y=-9.87 h=203.9 m=backup c=(-10,-10) r=0.58,0.73,1.47,0.39,0.41,0.58,0.55,0.45,1.11,0.84,0.66,0.28,0.10,0.15,0.34,0.53 tick=60925 goal=0 d7=0 b=0
P t=46.0 x=-12.48 y=-9.70 h=224.8 m=turnleft c=(-18,18) r=0.74,1.13,0.40,0.41,0.56,0.52,0.44,1.01,0.84,0.63,0.66,0.20,0.12,0.17,0.55,0.60 tick=61026 goal=0 d7=0 b=0
P t=47.1 x=-12.48 y=-9.70 h=260.5 m=turnleft c=(-18,18) r=1.47,0.41,0.50,0.58,0.51,0.48,1.01,0.70,0.66,0.24,0.10,0.13,0.38,0.61,0.66,0.96 tick=61134 goal=0 d7=0 b=0
P t=48.1 x=-12.50 y=-10.04 h=263.5 m=follow c=(15.0,-5.0) r=1.42,0.42,0.51,0.54,0.49,0.46,0.99,0.67,0.67,0.22,0.13,0.15,0.45,0.63,0.70,1.00 tick=61244 goal=0 d7=0 b=0
P t=49.2 x=-12.63 y=-10.46 h=247.6 m=follow c=(12.2,-2.2) r=1.09,0.38,0.41,0.55,0.50,0.45,1.02,0.86,0.64,0.66,0.19,0.14,0.33,0.55,0.60,0.72 tick=61348 goal=0 d7=0 b=0
P t=50.2 x=-13.01 y=-11.07 h=235.6 m=follow c=(15.8,4.2) r=0.89,1.45,0.37,0.39,0.59,0.54,0.46,1.15,0.81,0.69,0.26,0.14,0.17,0.42,0.60,0.60 tick=61451 goal=0 d7=0 b=0
P t=51.3 x=-13.37 y=-11.50 h=222.7 m=follow c=(9.1,0.9) r=0.67,1.08,0.36,0.40,0.52,0.54,0.48,0.50,0.90,0.69,0.35,0.14,0.19,0.36,0.50,0.56 tick=61556 goal=0 d7=0 b=0
P t=52.3 x=-13.71 y=-11.78 h=214.6 m=follow c=(9.2,0.8) r=0.63,0.93,1.36,0.38,0.39,0.62,0.56,0.51,1.04,0.74,0.72,0.15,0.15,0.34,0.49,0.56 tick=61659 goal=0 d7=0 b=0
P t=53.3 x=-14.17 y=-12.08 h=208.0 m=follow c=(8.6,1.4) r=0.57,0.77,1.40,0.35,0.38,0.54,0.54,0.49,1.18,0.87,0.72,0.15,0.16,0.31,0.53,0.56 tick=61760 goal=0 d7=0 b=0
P t=54.4 x=-14.59 y=-12.29 h=203.9 m=follow c=(6.6,3.4) r=0.53,0.65,1.08,0.33,0.35,0.52,0.57,0.53,1.12,0.92,0.74,0.17,0.14,0.28,0.40,0.52 tick=61868 goal=0 d7=0 b=0
P t=55.4 x=-14.98 y=-12.44 h=201.0 m=follow c=(6.1,3.9) r=0.50,0.61,1.01,0.61,0.38,0.41,0.59,0.55,0.56,0.93,0.73,0.19,0.17,0.26,0.38,0.52 tick=61968 goal=0 d7=0 b=0
P t=56.4 x=-15.39 y=-12.60 h=201.7 m=follow c=(6.1,3.9) r=0.49,0.61,0.95,1.28,0.36,0.38,0.64,0.60,0.56,0.97,0.73,0.16,0.16,0.26,0.37,0.48 tick=62071 goal=0 d7=0 b=0
P t=57.5 x=-15.81 y=-12.74 h=197.0 m=follow c=(5.7,4.3) r=0.48,0.59,0.89,1.32,0.32,0.39,0.66,0.60,0.57,1.10,0.75,0.20,0.18,0.26,0.35,0.45 tick=62176 goal=0 d7=0 b=0
P t=58.5 x=-16.23 y=-12.88 h=199.7 m=follow c=(5.3,4.7) r=0.47,0.58,0.86,1.33,0.34,0.39,0.65,0.61,0.59,1.12,0.75,0.20,0.15,0.28,0.34,0.46 tick=62281 goal=0 d7=0 b=0
P t=59.5 x=-16.64 y=-13.01 h=196.5 m=follow c=(5.4,4.6) r=0.47,0.56,0.85,1.36,0.30,0.38,0.63,0.61,0.60,1.13,0.77,0.17,0.17,0.27,0.35,0.44 tick=62382 goal=0 d7=0 b=0
P t=60.5 x=-16.82 y=-13.06 h=194.5 m=backup c=(-10,-10) r=0.44,0.52,0.83,1.36,0.31,0.41,0.63,0.62,0.60,1.13,0.77,0.18,0.15,0.28,0.34,0.43 tick=62484 goal=0 d7=0 b=0
P t=61.6 x=-16.36 y=-12.94 h=211.1 m=turnleft c=(-18,18) r=0.49,0.65,1.38,0.55,0.37,0.55,0.60,0.56,1.25,0.86,0.76,0.18,0.20,0.34,0.45,0.50 tick=62586 goal=0 d7=0 b=0
P t=62.6 x=-16.36 y=-12.94 h=246.9 m=turnleft c=(-18,18) r=0.89,1.32,0.33,0.39,0.68,0.62,0.61,1.11,0.75,0.17,0.18,0.29,0.34,0.43,0.46,0.57 tick=62687 goal=0 d7=0 b=0
P t=63.6 x=-16.38 y=-13.12 h=261.3 m=follow c=(12.6,-2.6) r=1.36,0.31,0.40,0.62,0.62,0.59,1.11,0.76,0.19,0.17,0.28,0.34,0.44,0.46,0.57,0.85 tick=62788 goal=0 d7=0 b=0
P t=64.6 x=-16.50 y=-13.58 h=253.0 m=follow c=(15.9,4.1) r=1.01,0.57,0.34,0.39,0.62,0.59,1.21,0.96,0.79,0.19,0.21,0.31,0.47,0.50,0.46,0.59 tick=62889 goal=0 d7=0 b=0
P t=65.6 x=-16.75 y=-14.12 h=238.5 m=follow c=(9.2,0.8) r=0.80,1.32,0.28,0.37,0.57,0.60,0.58,1.15,0.79,0.22,0.21,0.31,0.38,0.44,0.44,0.55 tick=62993 goal=0 d7=0 b=0
P t=66.7 x=-17.00 y=-14.49 h=231.2 m=follow c=(9.8,0.2) r=0.57,1.31,0.52,0.31,0.34,0.63,0.60,1.26,0.96,0.81,0.20,0.30,0.34,0.44,0.45,0.49 tick=63099 goal=0 d7=0 b=0
P t=67.7 x=-17.31 y=-14.81 h=223.3 m=follow c=(9.2,0.8) r=0.54,0.87,1.24,0.27,0.34,0.59,0.64,0.64,1.17,0.80,0.23,0.26,0.32,0.47,0.44,0.41 tick=63202 goal=0 d7=0 b=0
P t=68.8 x=-17.68 y=-15.09 h=215.8 m=follow c=(8.7,1.3) r=0.48,0.70,1.32,0.52,0.29,0.39,0.61,0.61,1.31,0.89,0.25,0.25,0.33,0.38,0.44,0.42 tick=63312 goal=0 d7=0 b=0
P t=69.8 x=-18.06 y=-15.29 h=207.4 m=follow c=(8.0,2.0) r=0.43,0.52,0.96,1.21,0.25,0.36,0.69,0.66,1.25,1.03,0.26,0.23,0.33,0.36,0.42,0.42 tick=63413 goal=0 d7=0 b=0
P t=70.9 x=-18.45 y=-15.47 h=202.7 m=follow c=(7.9,2.1) r=0.39,0.51,0.82,1.21,0.42,0.36,0.61,0.67,0.67,1.04,0.86,0.22,0.30,0.32,0.41,0.41 tick=63515 goal=0 d7=0 b=0
P t=71.9 x=-18.88 y=-15.60 h=194.5 m=follow c=(8.3,1.7) r=0.37,0.46,0.71,1.29,0.51,0.29,0.38,0.63,0.63,1.22,0.86,0.26,0.28,0.31,0.44,0.40 tick=63621 goal=0 d7=0 b=0
P t=72.9 x=-19.31 y=-15.69 h=187.7 m=follow c=(7.9,2.1) r=0.38,0.41,0.51,0.97,1.21,0.28,0.41,0.71,0.67,1.34,0.95,0.25,0.25,0.32,0.39,0.40 tick=63723 goal=0 d7=0 b=0
P t=74.0 x=-19.74 y=-15.73 h=185.1 m=follow c=(6.3,3.7) r=0.41,0.36,0.47,0.87,1.21,0.43,0.37,0.66,0.72,1.30,1.03,0.26,0.27,0.32,0.35,0.38 tick=63824 goal=0 d7=0 b=0
P t=75.0 x=-20.17 y=-15.74 h=180.9 m=follow c=(5.9,4.1) r=0.39,0.34,0.44,0.79,1.22,0.48,0.33,0.64,0.70,0.73,1.08,0.28,0.27,0.31,0.33,0.37 tick=63927 goal=0 d7=0 b=0
P t=76.0 x=-20.61 y=-15.73 h=177.5 m=follow c=(5.8,4.2) r=0.39,0.34,0.42,0.74,1.26,0.50,0.31,0.48,0.72,0.74,1.09,0.27,0.24,0.30,0.33,0.33 tick=64031 goal=0 d7=0 b=0
P t=77.1 x=-21.05 y=-15.71 h=177.0 m=follow c=(5.7,4.3) r=0.35,0.29,0.40,0.70,1.27,0.53,0.29,0.44,0.73,0.75,1.11,0.28,0.27,0.28,0.33,0.33 tick=64135 goal=0 d7=0 b=0
P t=78.1 x=-21.48 y=-15.68 h=177.5 m=follow c=(5.6,4.4) r=0.33,0.29,0.39,0.63,1.28,0.55,0.29,0.47,0.71,0.73,1.14,0.29,0.26,0.29,0.30,0.31 tick=64238 goal=0 d7=0 b=0
P t=79.1 x=-21.53 y=-15.67 h=206.2 m=turnleft c=(-18,18) r=0.31,0.44,0.74,1.22,0.52,0.34,0.67,0.76,1.35,1.05,0.28,0.28,0.30,0.35,0.32,0.33 tick=64341 goal=0 d7=0 b=0
P t=80.1 x=-21.53 y=-15.67 h=239.0 m=turnleft c=(-18,18) r=0.48,1.26,1.75,0.36,0.43,0.75,0.70,1.29,0.29,0.26,0.30,0.27,0.34,0.36,0.31,0.38 tick=64442 goal=0 d7=0 b=0
P t=81.1 x=-21.69 y=-16.03 h=242.3 m=follow c=(5.9,4.1) r=0.65,1.26,0.52,0.32,0.45,0.73,0.75,1.12,0.28,0.26,0.30,0.34,0.33,0.34,0.30,0.39 tick=64544 goal=0 d7=0 b=0
P t=82.2 x=-21.89 y=-16.42 h=242.2 m=follow c=(6.0,4.0) r=0.57,1.26,1.83,0.33,0.46,0.73,0.72,1.30,0.30,0.30,0.32,0.33,0.32,0.34,0.30,0.37 tick=64646 goal=0 d7=0 b=0
P t=83.2 x=-22.09 y=-16.80 h=244.2 m=follow c=(5.6,4.4) r=0.50,1.23,1.78,0.40,0.44,0.75,0.73,1.29,0.35,0.29,0.33,0.34,0.32,0.35,0.25,0.37 tick=64748 goal=0 d7=0 b=0
P t=84.2 x=-22.31 y=-17.18 h=240.9 m=follow c=(5.2,4.8) r=0.44,1.20,1.73,0.44,0.41,0.75,0.72,1.34,0.35,0.32,0.33,0.36,0.33,0.34,0.27,0.35 tick=64851 goal=0 d7=0 b=0
P t=85.2 x=-22.53 y=-17.55 h=240.3 m=follow c=(5.7,4.3) r=0.41,1.23,1.20,0.45,0.40,0.79,0.74,1.34,0.35,0.31,0.33,0.35,0.33,0.31,0.25,0.34 tick=64952 goal=0 d7=0 b=0
P t=86.3 x=-22.76 y=-17.95 h=241.4 m=follow c=(5.1,4.9) r=0.42,0.88,1.19,0.45,0.32,0.80,0.77,1.36,0.37,0.34,0.34,0.36,0.32,0.30,0.26,0.33 tick=65061 goal=0 d7=0 b=0
P t=87.4 x=-23.00 y=-18.32 h=232.0 m=follow c=(4.8,5.2) r=0.39,0.85,1.15,0.46,0.29,0.79,0.80,1.40,0.39,0.35,0.34,0.36,0.31,0.30,0.26,0.32 tick=65166 goal=0 d7=0 b=0
P t=88.4 x=-23.23 y=-18.69 h=239.0 m=follow c=(5.0,5.0) r=0.37,0.83,1.16,0.45,0.29,0.80,0.78,1.48,0.39,0.36,0.35,0.38,0.31,0.29,0.25,0.30 tick=65267 goal=0 d7=0 b=0
P t=89.4 x=-23.47 y=-19.05 h=235.9 m=follow c=(4.4,5.6) r=0.36,0.81,1.13,0.46,0.30,0.75,0.81,1.47,0.44,0.37,0.37,0.43,0.33,0.27,0.23,0.30 tick=65370 goal=0 d7=0 b=0
P t=90.4 x=-23.49 y=-19.08 h=268.0 m=turnleft c=(-18,18) r=1.18,1.78,0.43,0.32,0.81,0.79,1.38,0.39,0.37,0.36,0.35,0.33,0.22,0.22,0.33,0.54  d7=0 b=0
P t=91.4 x=-23.49 y=-19.08 h=300.2 m=turnleft c=(-18,18) r=0.49,0.31,0.46,0.82,1.48,1.03,0.35,0.36,0.39,0.30,0.28,0.22,0.29,0.34,0.73,1.12 tick=65573 goal=0 d7=0 b=0
P t=92.5 x=-23.29 y=-19.42 h=293.9 m=follow c=(12.8,-2.8) r=0.49,0.38,0.43,0.78,0.83,1.21,0.37,0.38,0.38,0.34,0.31,0.23,0.26,0.31,0.63,1.15 tick=65675 goal=0 d7=0 b=0
P t=93.5 x=-23.15 y=-19.84 h=285.0 m=follow c=(8.2,1.8) r=1.13,0.43,0.29,0.81,0.80,1.40,0.43,0.39,0.39,0.43,0.34,0.25,0.24,0.31,0.42,1.17 tick=65779 goal=0 d7=0 b=0
P t=94.5 x=-23.05 y=-20.27 h=278.5 m=follow c=(6.5,3.5) r=1.08,0.43,0.32,0.45,0.80,1.50,1.05,0.38,0.40,0.45,0.35,0.27,0.24,0.32,0.35,0.77 tick=65883 goal=0 d7=0 b=0
P t=95.6 x=-22.99 y=-20.72 h=273.2 m=follow c=(6.0,4.0) r=1.06,0.42,0.34,0.39,0.79,0.88,1.14,0.39,0.41,0.44,0.36,0.27,0.23,0.31,0.33,0.72 tick=65992 goal=0 d7=0 b=0
P t=96.7 x=-22.94 y=-21.16 h=276.2 m=follow c=(5.8,4.2) r=1.06,0.45,0.37,0.26,0.74,0.84,1.22,0.41,0.44,0.46,0.36,0.26,0.26,0.28,0.32,0.68 tick=66096 goal=0 d7=0 b=0
P t=97.7 x=-22.89 y=-21.77 h=273.9 m=follow c=(11.0,9.0) r=1.07,0.62,0.38,0.26,0.75,0.82,1.26,0.43,0.45,0.44,0.38,0.27,0.26,0.29,0.31,0.65 tick=66200 goal=0 d7=0 b=0
P t=98.8 x=-22.86 y=-22.67 h=271.0 m=follow c=(10.7,9.3) r=1.06,1.69,0.36,0.25,0.77,0.80,1.29,0.46,0.49,0.49,0.38,0.25,0.26,0.28,0.30,0.63 tick=66306 goal=0 d7=0 b=0
P t=99.8 x=-22.85 y=-23.57 h=272.1 m=follow c=(10.3,9.7) r=1.05,1.69,0.36,0.29,0.43,0.83,1.44,0.50,0.51,0.48,0.42,0.27,0.26,0.27,0.29,0.59 tick=66412 goal=0 d7=0 b=0
P t=100.9 x=-22.86 y=-24.17 h=270.4 m=follow c=(5.2,4.8) r=1.04,1.64,0.34,0.28,0.25,0.83,1.47,0.54,0.52,0.50,0.41,0.26,0.27,0.25,0.28,0.54 tick=66515 goal=0 d7=0 b=0
P t=101.9 x=-22.86 y=-24.60 h=264.2 m=follow c=(5.1,4.9) r=1.03,1.62,0.34,0.31,0.24,0.83,1.47,1.14,0.54,0.51,0.44,0.25,0.26,0.26,0.30,0.51 tick=66616 goal=0 d7=0 b=0
P t=102.9 x=-22.89 y=-25.04 h=266.7 m=follow c=(5.1,4.9) r=1.02,1.57,0.33,0.30,0.23,0.84,1.49,1.12,0.55,0.51,0.45,0.27,0.28,0.26,0.28,0.49 tick=66719 goal=0 d7=0 b=0
P t=103.9 x=-22.91 y=-25.48 h=266.8 m=follow c=(5.0,5.0) r=1.00,1.54,0.31,0.32,0.23,0.82,1.58,1.14,0.54,0.54,0.46,0.28,0.28,0.26,0.28,0.47 tick=66823 goal=0 d7=0 b=0
P t=105.0 x=-22.94 y=-25.94 h=267.7 m=follow c=(5.2,4.8) r=0.99,0.99,0.30,0.30,0.25,0.80,1.62,1.16,0.55,0.54,0.46,0.26,0.26,0.24,0.28,0.49 tick=66931 goal=0 d7=0 b=0
P t=106.1 x=-22.98 y=-26.39 h=265.5 m=follow c=(5.1,4.9) r=0.96,0.98,0.31,0.28,0.26,0.79,0.96,1.18,0.57,0.56,0.46,0.28,0.27,0.23,0.28,0.45 tick=67038 goal=0 d7=0 b=0
P t=107.1 x=-23.02 y=-26.83 h=264.2 m=follow c=(5.3,4.7) r=0.98,0.96,0.34,0.29,0.27,0.26,0.96,1.19,0.56,0.56,0.48,0.29,0.27,0.23,0.28,0.45 tick=67142 goal=0 d7=0 b=0
P t=108.2 x=-23.06 y=-27.27 h=264.0 m=follow c=(5.4,4.6) r=0.94,0.92,0.45,0.31,0.28,0.25,0.96,1.21,0.60,0.58,0.48,0.28,0.26,0.22,0.29,0.45  d7=0 b=0
P t=109.3 x=-23.11 y=-27.73 h=267.6 m=follow c=(5.1,4.9) r=0.94,0.91,0.46,0.29,0.28,0.24,0.95,1.22,0.60,0.58,0.50,0.28,0.26,0.21,0.26,0.43 tick=67356 goal=0 d7=0 b=0
P t=110.3 x=-23.17 y=-28.18 h=259.9 m=follow c=(5.0,5.0) r=0.92,0.88,0.47,0.28,0.28,0.25,0.93,1.26,0.60,0.60,0.51,0.29,0.26,0.20,0.28,0.43 tick=67461 goal=0 d7=0 b=0
P t=111.4 x=-23.24 y=-28.62 h=257.4 m=follow c=(4.6,5.4) r=0.89,0.85,0.47,0.27,0.30,0.25,0.92,1.31,0.62,0.62,0.49,0.30,0.24,0.19,0.29,0.39 tick=67568 goal=0 d7=0 b=0
P t=112.4 x=-23.31 y=-29.06 h=259.8 m=follow c=(5.1,4.9) r=0.88,0.85,0.45,0.25,0.29,0.29,0.89,1.33,0.62,0.63,0.52,0.30,0.23,0.21,0.27,0.39 tick=67672 goal=0 d7=0 b=0
P t=113.5 x=-23.39 y=-29.50 h=260.3 m=follow c=(4.9,5.1) r=0.89,0.84,1.27,0.28,0.30,0.29,0.91,1.38,0.64,0.65,0.50,0.29,0.21,0.21,0.28,0.38 tick=67776 goal=0 d7=0 b=0
P t=114.5 x=-23.46 y=-29.93 h=260.2 m=follow c=(4.6,5.4) r=0.87,0.81,1.44,0.27,0.29,0.28,0.91,1.36,0.65,0.64,0.51,0.30,0.21,0.20,0.28,0.40 tick=67880 goal=0 d7=0 b=0
P t=115.6 x=-23.54 y=-30.37 h=261.5 m=follow c=(4.9,5.1) r=0.85,0.79,1.44,0.25,0.27,0.30,0.92,1.39,0.66,0.64,0.38,0.30,0.20,0.18,0.31,0.38 tick=67985 goal=0 d7=0 b=0
P t=116.6 x=-23.60 y=-30.80 h=261.8 m=follow c=(5.1,4.9) r=0.86,0.80,1.42,0.27,0.29,0.30,0.31,1.40,0.66,0.66,0.36,0.28,0.20,0.20,0.29,0.36 tick=68087 goal=0 d7=0 b=0
P t=117.6 x=-23.67 y=-31.22 h=261.5 m=follow c=(4.6,5.4) r=0.82,0.78,1.42,0.27,0.25,0.30,0.31,1.40,0.68,0.70,0.34,0.26,0.21,0.20,0.29,0.38 tick=68188 goal=0 d7=0 b=0
P t=118.6 x=-23.73 y=-31.66 h=261.2 m=follow c=(4.6,5.4) r=0.81,0.78,1.38,0.27,0.26,0.31,0.33,1.41,0.71,0.70,0.36,0.26,0.18,0.21,0.29,0.39 tick=68292 goal=0 d7=0 b=0
P t=119.6 x=-23.70 y=-31.38 h=265.0 m=backup c=(-10,-10) r=0.83,0.79,1.22,0.28,0.28,0.31,0.32,1.35,0.71,0.71,0.34,0.26,0.20,0.22,0.30,0.40 tick=68392 goal=0 d7=0 b=0
P t=120.7 x=-23.68 y=-31.22 h=293.9 m=turnleft c=(-18,18) r=0.85,0.41,0.27,0.30,0.30,1.62,1.32,0.70,0.62,0.33,0.22,0.17,0.24,0.29,0.45,0.84 tick=68501 goal=0 d7=0 b=0
P t=121.8 x=-23.68 y=-31.22 h=322.5 m=turnleft c=(-18,18) r=0.28,0.24,0.32,0.33,1.44,0.69,0.67,0.40,0.29,0.19,0.20,0.28,0.35,0.83,0.81,1.47 tick=68604 goal=0 d7=0 b=0
P t=122.8 x=-23.61 y=-31.26 h=357.7 m=turnleft c=(-18,18) r=0.29,0.30,1.05,1.30,0.71,0.72,0.31,0.23,0.18,0.23,0.30,0.44,0.84,0.85,0.43,0.27 tick=68706 goal=0 d7=0 b=0
P t=123.8 x=-23.61 y=-31.26 h=32.2 m=turnleft c=(-18,18) r=0.32,1.48,0.69,0.69,0.53,0.30,0.20,0.19,0.27,0.36,0.82,0.78,1.55,0.30,0.29,0.30 tick=68811 goal=0 d7=0 b=0
P t=124.9 x=-23.42 y=-31.05 h=47.3 m=follow c=(6.8,3.2) r=1.61,1.30,0.69,0.60,0.35,0.25,0.18,0.26,0.33,0.45,0.83,1.47,0.40,0.24,0.31,0.30 tick=68917 goal=0 d7=0 b=0
P t=125.9 x=-23.31 y=-30.93 h=66.5 m=turnleft c=(-18,18) r=1.29,0.73,0.62,0.35,0.25,0.19,0.24,0.32,0.44,0.86,1.42,0.42,0.25,0.28,0.30,1.68 tick=69024 goal=0 d7=0 b=0
P t=127.0 x=-23.31 y=-30.93 h=98.8 m=turnleft c=(-18,18) r=0.67,0.54,0.29,0.21,0.18,0.30,0.35,0.84,0.80,1.46,0.28,0.26,0.27,0.29,1.45,0.68 tick=69126 goal=0 d7=0 b=0
P t=128.0 x=-23.43 y=-30.61 h=103.0 m=follow c=(15.0,-5.0) r=0.70,0.34,0.28,0.20,0.20,0.29,0.41,0.86,0.83,0.43,0.25,0.30,0.30,0.98,1.31,0.68 tick=69233 goal=0 d7=0 b=0
P t=129.1 x=-23.46 y=-30.07 h=87.1 m=follow c=(20.0,0.0) r=0.68,0.67,0.34,0.26,0.19,0.20,0.30,0.41,0.88,0.86,0.41,0.27,0.29,0.27,1.01,1.27 tick=69335 goal=0 d7=0 b=0
P t=130.1 x=-23.25 y=-29.19 h=75.1 m=follow c=(10.4,9.6) r=0.66,0.62,0.51,0.29,0.24,0.22,0.24,0.38,0.52,0.88,1.56,0.28,0.28,0.28,0.27,1.41 tick=69441 goal=0 d7=0 b=0
P t=131.2 x=-22.97 y=-28.33 h=69.5 m=follow c=(20.0,0.0) r=0.63,0.64,0.59,0.33,0.27,0.23,0.22,0.35,0.53,0.92,1.57,0.29,0.28,0.28,0.28,1.57 tick=69548 goal=0 d7=0 b=0
P t=132.3 x=-22.62 y=-27.47 h=65.0 m=follow c=(20.0,0.0) r=1.19,0.60,0.62,0.47,0.28,0.25,0.25,0.34,0.53,0.96,1.54,0.30,0.29,0.25,0.24,1.51 tick=69656 goal=0 d7=0 b=0
P t=133.3 x=-22.22 y=-26.70 h=58.7 m=follow c=(9.6,10.4) r=1.18,0.56,0.56,0.47,0.28,0.28,0.24,0.31,0.48,0.98,0.97,0.32,0.30,0.24,0.24,0.93 tick=69764 goal=0 d7=0 b=0
P t=134.4 x=-21.99 y=-26.30 h=62.4 m=follow c=(4.2,5.8) r=1.19,0.54,0.54,0.49,0.31,0.30,0.24,0.30,0.46,0.98,0.95,0.30,0.29,0.22,0.23,0.92 tick=69871 goal=0 d7=0 b=0
P t=135.5 x=-21.75 y=-25.91 h=57.3 m=follow c=(4.2,5.8) r=1.24,0.50,0.55,0.51,0.32,0.30,0.27,0.29,0.49,1.01,0.96,0.30,0.29,0.22,0.21,0.84 tick=69981 goal=0 d7=0 b=0
P t=136.6 x=-21.49 y=-25.55 h=53.3 m=follow c=(14.4,-4.4) r=1.28,0.54,0.55,0.55,0.40,0.30,0.30,0.30,0.47,1.02,0.93,0.30,0.28,0.23,0.20,0.79 tick=70085 goal=0 d7=0 b=0
P t=137.6 x=-21.22 y=-25.18 h=52.0 m=follow c=(3.5,6.5) r=1.32,0.52,0.55,0.56,0.44,0.32,0.28,0.29,0.48,0.72,0.96,0.33,0.29,0.23,0.39,0.79 tick=70192 goal=0 d7=0 b=0
P t=138.6 x=-20.95 y=-24.86 h=47.1 m=follow c=(7.8,2.2) r=1.28,0.52,0.54,0.55,0.44,0.29,0.33,0.29,0.45,0.69,0.98,0.33,0.28,0.21,0.40,0.76 tick=70291 goal=0 d7=0 b=0
P t=139.7 x=-20.50 y=-24.37 h=47.5 m=follow c=(12.2,7.8) r=1.40,1.09,0.50,0.49,0.47,0.34,0.32,0.31,0.45,0.67,1.00,0.34,0.29,0.21,0.35,0.78 tick=70401 goal=0 d7=0 b=0
P t=140.8 x=-19.84 y=-23.74 h=38.8 m=follow c=(11.6,8.4) r=1.37,1.05,0.45,0.51,0.49,0.39,0.34,0.35,0.40,0.68,1.03,0.34,0.29,0.17,0.35,0.76 tick=70507 goal=0 d7=0 b=0
P t=141.9 x=-19.15 y=-23.15 h=40.6 m=follow c=(11.0,9.0) r=1.47,1.06,0.43,0.49,0.58,0.48,0.35,0.37,0.42,0.68,1.08,0.35,0.27,0.15,0.33,0.71 tick=70615 goal=0 d7=0 b=0
P t=142.9 x=-18.46 y=-22.63 h=35.4 m=follow c=(10.6,9.4) r=0.77,1.11,0.42,0.47,0.50,0.49,0.38,0.38,0.40,0.65,1.10,0.37,0.27,0.13,0.31,0.69 tick=70717 goal=0 d7=0 b=0
P t=143.9 x=-17.75 y=-22.11 h=34.2 m=follow c=(10.0,10.0) r=0.72,1.11,0.43,0.46,0.49,0.49,0.38,0.42,0.41,0.69,1.13,0.36,0.22,0.12,0.28,0.65 tick=70821 goal=0 d7=0 b=0
P t=145.0 x=-17.00 y=-21.58 h=36.3 m=follow c=(8.8,11.2) r=0.72,1.09,0.60,0.42,0.48,0.52,0.45,0.45,0.47,0.73,1.15,0.33,0.15,0.17,0.30,0.66 tick=70928 goal=0 d7=0 b=0
P t=146.0 x=-16.31 y=-21.09 h=34.2 m=follow c=(14.1,5.9) r=0.68,1.07,0.98,0.36,0.50,0.50,0.47,0.46,0.49,0.71,1.17,0.35,0.11,0.23,0.32,0.60 tick=71029 goal=0 d7=0 b=0
P t=147.1 x=-15.60 y=-20.63 h=29.0 m=follow c=(8.2,1.8) r=0.61,1.08,0.97,0.36,0.48,0.58,0.54,0.46,0.51,0.71,1.19,0.35,0.14,0.21,0.31,0.57 tick=71137 goal=0 d7=0 b=0
P t=148.1 x=-15.17 y=-20.38 h=23.8 m=follow c=(7.9,2.1) r=0.60,1.10,0.93,0.37,0.47,0.57,0.54,0.48,0.48,0.70,1.20,0.35,0.14,0.22,0.30,0.54 tick=71242 goal=0 d7=0 b=0
P t=149.2 x=-14.78 y=-20.17 h=29.7 m=follow c=(7.7,2.4) r=0.55,1.21,0.91,0.35,0.44,0.54,0.54,0.47,0.50,0.72,1.19,0.11,0.15,0.21,0.30,0.53 tick=71348 goal=0 d7=0 b=0
P t=150.2 x=-14.38 y=-19.98 h=24.2 m=follow c=(4.3,5.7) r=0.55,1.21,0.91,0.36,0.40,0.50,0.57,0.47,0.53,0.74,1.22,0.13,0.16,0.20,0.30,0.52 tick=71452 goal=0 d7=0 b=0
P t=151.2 x=-13.99 y=-19.79 h=22.6 m=follow c=(7.4,2.6) r=0.53,1.20,0.89,0.47,0.37,0.48,0.56,0.48,0.56,0.75,1.22,0.13,0.15,0.23,0.43,0.49 tick=71554 goal=0 d7=0 b=0
P t=152.3 x=-13.59 y=-19.63 h=21.7 m=follow c=(7.0,3.0) r=0.53,1.17,0.88,0.53,0.37,0.49,0.57,0.52,0.58,0.74,1.23,0.14,0.18,0.20,0.41,0.49 tick=71658 goal=0 d7=0 b=0
P t=153.4 x=-13.15 y=-19.46 h=18.4 m=follow c=(7.2,2.8) r=0.53,1.21,0.94,0.91,0.35,0.49,0.58,0.54,0.57,0.72,1.21,0.15,0.18,0.19,0.26,0.46 tick=71766 goal=0 d7=0 b=0
P t=154.4 x=-12.73 y=-19.32 h=15.8 m=follow c=(6.5,3.5) r=0.51,1.25,0.94,0.89,0.34,0.50,0.59,0.55,0.58,0.71,1.00,0.14,0.18,0.20,0.40,0.46 tick=71872 goal=0 d7=0 b=0
P t=155.4 x=-12.32 y=-19.19 h=14.2 m=follow c=(6.2,3.8) r=0.52,0.58,0.97,0.92,0.36,0.48,0.64,0.58,0.58,0.69,0.94,0.15,0.18,0.18,0.38,0.47 tick=71974 goal=0 d7=0 b=0
P t=156.5 x=-11.90 y=-19.07 h=19.1 m=follow c=(6.2,3.8) r=0.51,0.56,0.99,0.92,0.34,0.46,0.65,0.62,0.58,0.66,0.94,0.17,0.18,0.20,0.36,0.46 tick=72075 goal=0 d7= b=0
P t=157.5 x=-11.48 y=-18.98 h=12.0 m=follow c=(5.7,4.3) r=0.51,0.52,0.98,0.87,0.45,0.40,0.56,0.64,0.59,0.65,0.91,0.18,0.19,0.18,0.36,0.44 tick=72177 goal=0 d7= b=0
P t=158.5 x=-11.05 y=-18.89 h=10.2 m=follow c=(5.6,4.4) r=0.47,0.49,1.00,0.85,0.48,0.39,0.56,0.66,0.60,0.63,0.94,0.17,0.18,0.18,0.36,0.45 tick=72279 goal=0 d7=0 b=0
P t=159.5 x=-10.64 y=-18.82 h=6.6 m=follow c=(5.3,4.7) r=0.46,0.46,0.99,0.84,0.50,0.36,0.55,0.65,0.59,0.66,0.94,0.17,0.17,0.19,0.34,0.43 tick=72380 goal=0 d7=0 b=0
P t=160.5 x=-10.45 y=-18.78 h=8.1 m=backup c=(-10,-10) r=0.44,0.46,1.05,0.83,0.54,0.37,0.55,0.66,0.60,0.66,0.94,0.20,0.18,0.16,0.33,0.45 tick=72481 goal=0 d7=0 b=0
P t=161.6 x=-10.93 y=-18.86 h=28.0 m=turnleft c=(-18,18) r=0.46,1.10,0.84,0.87,0.36,0.52,0.61,0.58,0.62,0.82,0.16,0.20,0.19,0.17,0.42,0.43  d7=0 b=0
P t=162.7 x=-10.93 y=-18.86 h=58.7 m=turnleft c=(-18,18) r=0.99,0.87,0.45,0.42,0.63,0.64,0.61,0.71,0.18,0.16,0.19,0.19,0.38,0.43,0.49,0.52 tick=72696 goal=0 d7=0 b=0
P t=163.7 x=-10.89 y=-18.66 h=74.8 m=follow c=(10.9,-0.9) r=0.84,0.45,0.36,0.59,0.65,0.60,0.66,0.94,0.18,0.20,0.18,0.36,0.44,0.47,0.47,0.98 tick=72798 goal=0 d7=0 b=0
P t=164.7 x=-10.71 y=-18.06 h=69.2 m=follow c=(15.2,4.8) r=0.87,0.84,0.34,0.49,0.63,0.60,0.64,0.84,0.22,0.19,0.21,0.22,0.48,0.44,0.46,1.09 tick=72901 goal=0 d7=0 b=0
P t=165.7 x=-10.41 y=-17.46 h=54.8 m=follow c=(9.8,0.2) r=0.95,0.82,0.43,0.34,0.53,0.64,0.62,0.69,0.99,0.21,0.22,0.20,0.40,0.40,0.44,0.50 tick=73003 goal=0 d7=0 b=0
P t=166.8 x=-10.15 y=-17.11 h=47.8 m=follow c=(9.3,0.7) r=1.08,0.79,0.82,0.33,0.48,0.63,0.61,0.68,0.89,0.20,0.20,0.20,0.37,0.43,0.45,0.42 tick=73106 goal=0 d7=0 b=0
P t=167.8 x=-9.83 y=-16.79 h=45.1 m=follow c=(8.6,1.4) r=1.16,0.87,0.85,0.41,0.34,0.58,0.68,0.67,0.81,0.25,0.24,0.22,0.31,0.44,0.41,0.42 tick=73212 goal=0 d7=0 b=0
P t=168.8 x=-9.50 y=-16.52 h=38.2 m=follow c=(7.2,2.8) r=0.47,0.93,0.79,0.44,0.35,0.53,0.65,0.62,0.73,0.26,0.25,0.22,0.25,0.42,0.39,0.40 tick=73312 goal=0 d7=0 b=0
P t=169.8 x=-9.15 y=-16.28 h=30.0 m=follow c=(7.2,2.8) r=0.43,0.89,0.76,0.81,0.32,0.49,0.66,0.64,0.70,1.02,0.27,0.22,0.23,0.41,0.39,0.39 tick=73412 goal=0 d7=0 b=0
P t=170.8 x=-8.79 y=-16.06 h=32.9 m=follow c=(6.7,3.3) r=0.37,1.02,0.76,0.79,0.34,0.45,0.65,0.65,0.71,1.01,0.26,0.24,0.23,0.39,0.35,0.39 tick=73512 goal=0 d7=0 b=0
P t=171.9 x=-8.38 y=-15.85 h=25.4 m=follow c=(6.3,3.7) r=0.37,1.01,0.77,0.81,0.39,0.34,0.71,0.69,0.73,0.95,0.25,0.23,0.24,0.38,0.37,0.40 tick=73621 goal=0 d7=0 b=0
P t=172.9 x=-7.99 y=-15.67 h=20.1 m=follow c=(6.8,3.2) r=0.33,0.99,0.79,0.80,0.42,0.34,0.59,0.71,0.74,0.93,0.28,0.24,0.24,0.35,0.37,0.39 tick=73721 goal=0 d7=0 b=0
P t=173.9 x=-7.59 y=-15.51 h=18.1 m=follow c=(6.6,3.4) r=0.33,1.08,0.81,0.77,0.44,0.32,0.56,0.74,0.73,0.93,0.29,0.26,0.22,0.36,0.37,0.37 tick=73822 goal=0 d7=0 b=0
P t=175.0 x=-7.16 y=-15.37 h=20.9 m=follow c=(6.7,3.3) r=0.33,0.40,0.84,0.73,0.71,0.34,0.54,0.69,0.75,0.88,0.30,0.23,0.21,0.36,0.37,0.35 tick=73931 goal=0 d7=0 b=0
P t=176.0 x=-7.04 y=-15.34 h=38.5 m=turnleft c=(-18,18) r=0.41,0.86,0.73,0.70,0.34,0.55,0.72,0.73,0.89,0.29,0.26,0.23,0.35,0.37,0.35,0.32 tick=74033 goal=0 d7=0 b=0
P t=177.1 x=-7.04 y=-15.34 h=76.3 m=turnleft c=(-18,18) r=0.76,0.79,0.42,0.34,0.73,0.70,0.76,1.04,0.29,0.22,0.32,0.40,0.33,0.35,0.33,0.99 tick=74135 goal=0 d7=0 b=0
P t=178.1 x=-7.00 y=-14.79 h=87.1 m=follow c=(13.2,6.8) r=0.72,0.75,0.37,0.50,0.69,0.70,0.84,0.31,0.28,0.25,0.38,0.36,0.37,0.30,0.39,0.83 tick=74238 goal=0 d7=0 b=0
P t=179.1 x=-6.86 y=-13.94 h=76.5 m=follow c=(12.8,7.2) r=0.70,0.77,0.37,0.32,0.72,0.73,0.79,1.09,0.33,0.27,0.37,0.41,0.35,0.30,0.37,0.81 tick=74338 goal=0 d7=0 b=0
P t=180.1 x=-6.63 y=-13.11 h=72.6 m=follow c=(11.9,8.1) r=0.69,0.74,0.41,0.29,0.56,0.75,0.80,1.03,0.36,0.30,0.39,0.44,0.36,0.29,0.33,0.91 tick=74439 goal=0 d7=0 b=0
P t=181.1 x=-6.33 y=-12.31 h=67.5 m=follow c=(11.7,8.3) r=0.71,0.69,0.61,0.32,0.35,0.71,0.78,1.00,0.38,0.32,0.42,0.45,0.34,0.28,0.30,0.89 tick=74540 goal=0 d7=0 b=0
P t=182.1 x=-6.00 y=-11.53 h=63.3 m=follow c=(11.0,9.0) r=0.70,0.62,0.68,0.33,0.30,0.73,0.75,0.94,0.41,0.33,0.43,0.48,0.36,0.28,0.28,0.89 tick=74640 goal=0 d7=0 b=0
P t=183.1 x=-5.61 y=-10.74 h=62.1 m=follow c=(10.9,9.1) r=0.69,0.58,0.68,0.35,0.30,0.76,0.77,0.90,0.46,0.38,0.42,0.49,0.34,0.25,0.28,0.94 tick=74743 goal=0 d7=0 b=0
P t=184.2 x=-5.29 y=-10.21 h=59.4 m=follow c=(5.6,4.4) r=0.69,0.58,0.67,0.37,0.30,0.59,0.80,0.91,0.46,0.39,0.45,0.48,0.33,0.25,0.27,0.96 tick=74852 goal=0 d7=0 b=0
P t=185.4 x=-5.00 y=-9.73 h=59.9 m=follow c=(5.5,4.5) r=0.68,0.54,0.64,0.39,0.33,0.34,0.83,0.91,0.50,0.42,0.48,0.49,0.35,0.23,0.27,0.93 tick=74966 goal=0 d7=0 b=0
P t=186.4 x=-4.76 y=-9.35 h=54.7 m=follow c=(5.6,4.4) r=0.66,0.54,0.63,0.51,0.33,0.30,0.82,0.91,1.26,0.41,0.47,0.49,0.35,0.21,0.25,0.92 tick=75071 goal=0 d7=0 b=0
P t=187.4 x=-4.53 y=-8.99 h=56.2 m=follow c=(5.0,5.0) r=0.63,0.53,0.63,0.56,0.32,0.28,0.84,0.92,1.27,0.46,0.49,0.48,0.34,0.21,0.26,0.89 tick=75172 goal=0 d7=0 b=0
P t=188.4 x=-4.28 y=-8.64 h=56.8 m=follow c=(5.3,4.7) r=0.63,0.53,0.60,0.56,0.32,0.28,0.80,0.94,1.26,0.46,0.48,0.48,0.35,0.22,0.24,0.87  d7=0 b=0
P t=189.5 x=-4.61 y=-9.11 h=63.1 m=turnleft c=(-18,18) r=0.62,0.55,0.64,0.36,0.31,0.62,0.83,0.95,0.49,0.40,0.49,0.39,0.31,0.23,0.24,0.79 tick=75382 goal=0 d7=0 b=0
P t=190.6 x=-4.61 y=-9.11 h=97.0 m=turnleft c=(-18,18) r=0.60,0.56,0.32,0.28,0.77,0.90,1.18,0.46,0.43,0.49,0.35,0.22,0.25,0.89,0.66,0.56 tick=75486 goal=0 d7=0 b=0
P t=191.6 x=-4.67 y=-9.05 h=131.1 m=follow c=(10.0,10.0) r=0.38,0.33,0.38,0.80,0.94,0.48,0.39,0.48,0.38,0.33,0.23,0.26,0.83,0.67,0.53,0.62 tick=75587 goal=0 d7=0 b=0
P t=192.6 x=-4.87 y=-8.67 h=108.7 m=follow c=(15.0,-5.0) r=0.63,0.32,0.32,0.63,0.82,0.99,0.49,0.42,0.48,0.38,0.28,0.25,0.77,0.79,0.61,0.56 tick=75689 goal=0 d7=0 b=0
P t=193.6 x=-4.97 y=-8.25 h=97.0 m=follow c=(12.5,-2.5) r=0.60,0.54,0.31,0.28,0.77,0.86,1.17,0.51,0.43,0.53,0.36,0.24,0.27,0.90,0.65,0.53 tick=75790 goal=0 d7=0 b=0
P t=194.6 x=-4.96 y=-7.82 h=78.7 m=follow c=(15.0,-5.0) r=0.49,0.59,0.48,0.30,0.27,0.82,0.95,1.28,0.48,0.52,0.46,0.37,0.26,0.24,0.87,0.64 tick=75891 goal=0 d7=0 b=0
P t=195.6 x=-4.80 y=-7.42 h=59.9 m=follow c=(15.0,-5.0) r=0.61,0.49,0.60,0.47,0.31,0.27,0.87,0.95,0.56,0.45,0.53,0.40,0.27,0.25,0.76,0.76 tick=75992 goal=0 d7=0 b=0
P t=196.6 x=-4.56 y=-7.07 h=54.3 m=follow c=(4.9,5.1) r=0.61,0.48,0.54,0.53,0.30,0.28,0.76,0.91,1.22,0.53,0.53,0.52,0.34,0.22,0.23,0.87 tick=76093 goal=0 d7=0 b=0
P t=197.7 x=-4.30 y=-6.72 h=47.9 m=follow c=(4.6,5.4) r=0.59,0.47,0.53,0.56,0.30,0.30,0.76,0.91,1.21,0.54,0.53,0.55,0.35,0.23,0.24,0.85 tick=76196 goal=0 d7=0 b=0
P t=198.7 x=-4.01 y=-6.37 h=48.8 m=follow c=(14.3,-4.3) r=0.59,0.48,0.50,0.56,0.33,0.31,0.31,0.86,1.20,0.55,0.52,0.58,0.34,0.23,0.23,0.83 tick=76304 goal=0 d7=0 b=0
P t=199.8 x=-3.73 y=-6.04 h=46.5 m=follow c=(4.7,5.3) r=0.56,0.50,0.46,0.54,0.39,0.29,0.31,0.86,1.16,0.58,0.53,0.59,0.33,0.23,0.20,0.82 tick=76405 goal=0 d7=0 b=0
P t=200.8 x=-3.43 y=-5.73 h=43.7 m=follow c=(4.6,5.4) r=0.72,0.50,0.44,0.54,0.45,0.32,0.30,0.88,1.10,0.57,0.52,0.58,0.37,0.22,0.19,0.81 tick=76507 goal=0 d7=0 b=0
P t=201.8 x=-3.13 y=-5.43 h=45.6 m=follow c=(4.4,5.6) r=0.68,0.50,0.42,0.54,0.49,0.31,0.32,0.93,1.04,0.60,0.52,0.57,0.38,0.20,0.20,0.76 tick=76608 goal=0 d7=0 b=0
P t=202.8 x=-2.81 y=-5.14 h=39.3 m=follow c=(4.4,5.6) r=0.69,0.51,0.42,0.54,0.51,0.33,0.35,0.91,1.03,0.61,0.51,0.56,0.38,0.21,0.21,0.74 tick=76709 goal=0 d7=0 b=0
P t=203.8 x=-2.48 y=-4.87 h=36.5 m=follow c=(4.2,5.8) r=0.67,0.52,0.40,0.48,0.54,0.34,0.31,0.84,1.04,1.41,0.53,0.59,0.37,0.22,0.18,0.66 tick=76809 goal=0 d7=0 b=0
P t=204.9 x=-2.11 y=-4.60 h=30.8 m=follow c=(14.0,-4.0) r=0.69,0.51,0.42,0.45,0.57,0.40,0.34,0.84,1.02,1.39,0.53,0.59,0.38,0.20,0.17,0.65 tick=76918 goal=0 d7=0 b=0
P t=206.0 x=-1.73 y=-4.35 h=33.4 m=follow c=(14.8,-4.8) r=0.78,0.50,0.42,0.41,0.53,0.47,0.36,0.37,1.00,1.36,0.57,0.58,0.40,0.19,0.18,0.64 tick=77025 goal=0 d7=0 b=0
P t=207.0 x=-1.34 y=-4.12 h=26.9 m=follow c=(14.9,-4.9) r=0.75,0.50,0.43,0.37,0.54,0.52,0.32,0.38,0.94,1.31,0.58,0.60,0.42,0.18,0.14,0.62 tick=77130 goal=0 d7=0 b=0
P t=208.1 x=-0.76 y=-3.85 h=21.0 m=follow c=(8.8,11.2) r=0.71,0.62,0.47,0.38,0.48,0.52,0.37,0.39,0.99,1.22,0.67,0.61,0.41,0.19,0.13,0.60 tick=77236 goal=0 d7=0 b=0
P t=209.1 x=0.09 y=-3.56 h=12.8 m=follow c=(19.1,0.9) r=0.63,0.58,0.44,0.41,0.39,0.55,0.50,0.38,0.95,1.13,0.71,0.58,0.45,0.16,0.15,0.61 tick=77342 goal=0 d7=0 b=0
P t=210.2 x=0.59 y=-3.43 h=12.0 m=follow c=(5.3,4.7) r=0.57,0.69,0.44,0.41,0.38,0.53,0.53,0.39,0.43,1.07,1.45,0.60,0.60,0.15,0.11,0.64 tick=77447 goal=0 d7=0 b=0
P t=211.2 x=1.04 y=-3.39 h=2.4 m=follow c=(15.0,-5.0) r=0.54,0.67,0.58,0.43,0.36,0.45,0.57,0.42,0.47,1.00,1.37,0.61,0.60,0.17,0.10,0.64 tick=77553 goal=0 d7=0 b=0
P t=212.3 x=1.27 y=-3.38 h=358.7 m=backup c=(-10,-10) r=0.55,0.64,0.57,0.45,0.39,0.44,0.59,0.45,0.43,1.01,1.32,0.63,0.63,0.17,0.08,0.66 tick=77659 goal=0 d7=0 b=0
P t=213.4 x=0.82 y=-3.40 h=20.7 m=turnleft c=(-18,18) r=0.64,0.56,0.44,0.39,0.40,0.57,0.50,0.41,1.01,1.16,0.71,0.62,0.21,0.13,0.62,0.58 tick=77765 goal=0 d7=0 b=0
P t=214.4 x=0.82 y=-3.40 h=51.6 m=turnleft c=(-18,18) r=0.56,0.41,0.36,0.52,0.52,0.38,0.43,1.02,1.43,0.58,0.59,0.18,0.12,0.63,0.56,0.66 tick=77871 goal=0 d7= b=0
P t=215.4 x=0.90 y=-3.17 h=65.3 m=follow c=(15.0,-5.0) r=0.43,0.38,0.40,0.58,0.47,0.41,1.02,1.24,0.68,0.63,0.18,0.12,0.65,0.56,0.66,0.56 tick=77974 goal=0 d7=0 b=0
P t=216.5 x=1.15 y=-2.80 h=46.3 m=follow c=(15.0,-5.0) r=0.57,0.40,0.35,0.42,0.59,0.45,0.44,1.03,1.35,0.62,0.64,0.16,0.80,0.64,0.54,0.66 tick=78078 goal=0 d7=0 b=0
P t=217.6 x=1.50 y=-2.52 h=36.3 m=follow c=(9.5,0.5) r=0.64,0.38,0.39,0.34,0.52,0.56,0.41,0.47,1.13,0.76,0.63,0.23,0.10,0.61,0.58,0.58 tick=78184 goal=0 d7=0 b=0
P t=218.6 x=1.89 y=-2.30 h=23.3 m=follow c=(10.6,-0.6) r=0.62,0.54,0.40,0.35,0.39,0.59,0.49,0.44,1.05,1.40,0.65,0.61,0.15,0.81,0.61,0.54 tick=78289 goal=0 d7=0 b=0
P t=219.6 x=2.31 y=-2.17 h=12.5 m=follow c=(11.4,-1.4) r=0.56,0.54,0.37,0.38,0.35,0.50,0.57,0.42,0.50,1.21,0.74,0.66,0.18,0.97,0.62,0.55 tick=78394 goal=0 d7=0 b=0
P t=220.7 x=2.75 y=-2.12 h=359.4 m=follow c=(15.0,-5.0) r=0.51,0.60,0.50,0.38,0.38,0.34,0.55,0.55,0.47,1.11,1.36,0.65,0.63,1.55,0.79,0.60 tick=78499 goal=0 d7=0 b=0
P t=221.7 x=3.19 y=-2.21 h=344.2 m=follow c=(15.0,-5.0) r=0.58,0.49,0.59,0.49,0.38,0.35,0.37,0.58,0.55,0.50,1.11,1.45,0.63,0.20,1.23,0.74 tick=78604 goal=0 d7=0 b=0
P t=222.8 x=3.57 y=-2.44 h=318.6 m=follow c=(11.4,-1.4) r=0.58,0.53,0.48,0.58,0.50,0.37,0.38,0.37,0.64,0.52,0.52,1.13,0.82,0.67,0.32,1.08 tick=78710 goal=0 d7=0 b=0
P t=223.9 x=3.18 y=-2.09 h=320.7 m=turnleft c=(-18,18) r=0.59,0.53,0.49,0.60,0.48,0.39,0.35,0.40,0.63,0.49,0.50,1.15,0.79,0.66,0.34,1.04 tick=78816 goal=0 d7=0 b=0
P t=224.9 x=3.18 y=-2.09 h=0.9 m=turnleft c=(-18,18) r=0.49,0.60,0.51,0.35,0.36,0.35,0.56,0.56,0.46,1.11,1.32,0.68,0.63,1.56,0.80,0.61 tick=78921 goal=0 d7=0 b=0
P t=226.0 x=3.35 y=-2.02 h=17.8 m=follow c=(15.0,-5.0) r=0.56,0.47,0.35,0.35,0.32,0.53,0.57,0.46,1.07,1.24,0.72,0.66,1.60,0.80,0.60,0.49 tick=79026 goal=0 d7=0 b=0
P t=227.0 x=3.79 y=-1.92 h=9.2 m=follow c=(15.0,-5.0) r=0.51,0.59,0.49,0.38,0.36,0.41,0.63,0.51,0.55,1.22,0.79,0.67,2.65,0.90,0.60,0.52 tick=79131 goal=0 d7=0 b=0
P t=228.1 x=4.23 y=-1.82 h=11.1 m=follow c=(15.0,-5.0) r=0.49,0.58,0.47,0.36,0.34,0.40,0.64,0.51,0.55,1.26,0.81,0.70,2.59,0.85,0.58,0.47 tick=79239 goal=0 d7=0 b=0
P t=229.1 x=4.65 y=-1.73 h=11.3 m=follow c=(15.0,-5.0) r=0.47,0.56,0.46,0.35,0.33,0.39,0.65,0.50,0.56,1.24,0.81,0.15,2.25,0.81,0.58,0.45 tick=79339 goal=0 d7=0 b=0
P t=230.1 x=5.07 y=-1.65 h=15.0 m=follow c=(-5.0,15.0) r=0.49,0.56,0.47,0.33,0.36,0.36,0.64,0.52,0.58,1.28,0.80,0.30,2.13,0.83,0.55,0.45 tick=79439 goal=0 d7=0 b=0
P t=231.2 x=5.52 y=-1.56 h=10.2 m=follow c=(15.0,-5.0) r=0.45,0.55,0.45,0.32,0.36,0.35,0.67,0.57,0.59,1.27,0.83,0.31,2.60,0.79,0.58,0.45 tick=79548 goal=0 d7=0 b=0
P t=232.3 x=5.97 y=-1.47 h=12.0 m=follow c=(15.0,-5.0) r=0.44,0.52,0.44,0.32,0.35,0.35,0.65,0.59,0.61,1.28,0.81,0.32,2.30,0.79,0.55,0.42 tick=79656 goal=0 d7=0 b=0
P t=233.3 x=6.41 y=-1.39 h=10.4 m=follow c=(-5.0,15.0) r=0.42,0.51,0.42,0.30,0.35,0.34,0.66,0.58,0.62,1.30,0.13,0.34,2.28,0.75,0.53,0.40 tick=79760 goal=0 d7=0 b=0
P t=234.4 x=6.84 y=-1.31 h=8.8 m=follow c=(-5.0,15.0) r=0.40,0.50,0.40,0.29,0.36,0.37,0.66,0.63,0.61,1.32,0.16,0.35,2.29,0.76,0.52,0.39 tick=79864 goal=0 d7=0 b=0
P t=235.4 x=7.28 y=-1.24 h=10.1 m=follow c=(-5.0,15.0) r=0.40,0.48,0.38,0.30,0.34,0.38,0.66,0.66,0.65,1.33,0.19,0.36,2.33,0.75,0.51,0.38 tick=79968 goal=0 d7=0 b=0
P t=236.4 x=7.71 y=-1.17 h=11.6 m=follow c=(-5.0,15.0) r=0.37,0.46,0.37,0.32,0.36,0.38,0.67,0.67,0.64,1.32,0.21,0.40,2.55,0.74,0.49,0.37 tick=80073 goal=0 d7=0 b=0
P t=237.5 x=7.28 y=-1.24 h=10.1 m=backup c=(-10,-10) r=0.39,0.47,0.38,0.29,0.33,0.35,0.64,0.64,0.64,1.33,0.18,0.37,2.34,0.75,0.52,0.38 tick=80177 goal=0 d7=0 b=0
P t=238.5 x=7.20 y=-1.26 h=39.7 m=turnleft c=(-18,18) r=0.48,0.41,0.33,0.36,0.40,0.68,0.58,1.21,1.44,0.26,0.77,1.21,0.51,0.46,0.34,0.45 tick=80282 goal=0 d7= b=0
P t=239.6 x=7.23 y=-1.18 h=73.5 m=follow c=(10.0,10.0) r=0.33,0.34,0.35,0.63,0.67,0.64,1.25,0.17,0.35,2.99,0.81,0.54,0.41,0.37,0.47,0.39 tick=80387 goal=0 d7=0 b=0
P t=240.6 x=7.39 y=-0.77 h=63.6 m=follow c=(10.2,-0.2) r=0.40,0.29,0.35,0.38,0.69,0.59,1.24,1.46,0.28,0.83,1.17,0.51,0.46,0.36,0.44,0.46 tick=80492 goal=0 d7=0 b=0
P t=241.7 x=7.42 y=-0.70 h=88.6 m=turnleft c=(-18,18) r=0.29,0.34,0.38,0.67,0.59,1.24,1.54,0.34,2.99,1.06,0.54,0.43,0.34,0.47,0.38,0.41  d7=0 b=0
P t=242.7 x=7.42 y=-0.70 h=127.1 m=turnleft c=(-18,18) r=0.35,0.64,0.64,0.64,1.32,0.21,0.38,1.89,0.72,0.51,0.36,0.40,0.47,0.38,0.28,0.33 tick=80701 goal=0 d7=0 b=0
P t=243.8 x=7.22 y=-0.54 h=141.4 m=follow c=(7.3,2.7) r=0.57,0.69,0.61,1.25,0.89,0.34,3.00,0.84,0.53,0.40,0.37,0.46,0.38,0.31,0.34,0.34 tick=80806 goal=0 d7=0 b=0
P t=244.8 x=6.88 y=-0.24 h=137.6 m=follow c=(6.6,3.4) r=0.39,0.65,0.57,1.24,1.56,0.32,2.99,1.07,0.52,0.43,0.38,0.46,0.39,0.31,0.30,0.34 tick=80912 goal=0 d7=0 b=0
P t=245.9 x=6.57 y=0.07 h=135.5 m=follow c=(6.7,3.3) r=0.37,0.66,0.56,1.23,1.50,0.22,1.51,1.17,0.56,0.44,0.37,0.47,0.36,0.35,0.31,0.32 tick=81017 goal=0 d7=0 b=0
P t=246.9 x=6.26 y=0.40 h=129.1 m=follow c=(6.5,3.5) r=0.34,0.65,0.57,0.63,1.34,0.77,0.41,1.55,0.59,0.49,0.38,0.48,0.38,0.36,0.28,0.30 tick=81122 goal=0 d7=0 b=0
P t=248.0 x=6.04 y=0.65 h=138.6 m=turnleft c=(-18,18) r=0.36,0.63,0.54,1.23,1.54,0.20,3.00,1.13,0.58,0.46,0.40,0.47,0.38,0.26,0.27,0.31 tick=81227 goal=0 d7= b=0
P t=249.0 x=6.04 y=0.65 h=170.7 m=turnleft c=(-18,18) r=0.59,0.61,1.34,0.88,0.39,1.94,0.78,0.53,0.40,0.46,0.47,0.38,0.28,0.30,0.30,0.61 tick=81333 goal=0 d7=0 b=0
P t=250.1 x=6.04 y=0.65 h=201.1 m=turnleft c=(-18,18) r=1.21,1.57,0.21,3.00,1.09,0.56,0.45,0.43,0.46,0.38,0.25,0.29,0.31,0.37,0.63,0.55 tick=81438 goal=0 d7=0 b=0
P t=251.1 x=5.60 y=0.45 h=196.7 m=follow c=(12.9,-2.9) r=0.63,1.33,0.75,0.40,1.56,0.62,0.50,0.41,0.49,0.40,0.32,0.28,0.30,0.32,0.63,0.55 tick=81543 goal=0 d7=0 b=0
P t=252.2 x=5.13 y=0.36 h=182.9 m=follow c=(10.8,-0.8) r=0.54,1.21,1.56,0.77,3.00,1.09,0.60,0.46,0.45,0.51,0.41,0.27,0.29,0.30,0.54,0.62 tick=81647 goal=0 d7=0 b=0
P t=253.2 x=4.69 y=0.35 h=176.6 m=follow c=(7.2,2.8) r=0.51,0.59,1.32,0.73,0.38,1.32,0.60,0.51,0.43,0.51,0.42,0.27,0.29,0.29,0.37,0.60 tick=81753 goal=0 d7=0 b=0
P t=254.3 x=4.24 y=0.39 h=173.9 m=follow c=(6.4,3.6) r=0.51,0.58,1.30,0.83,0.20,1.69,0.81,0.56,0.44,0.53,0.42,0.30,0.29,0.29,0.35,0.61 tick=81858 goal=0 d7=0 b=0
P t=255.3 x=3.80 y=0.45 h=171.3 m=follow c=(5.9,4.1) r=0.55,0.54,1.27,0.86,0.77,2.29,0.86,0.63,0.46,0.53,0.42,0.27,0.30,0.28,0.31,0.58 tick=81963 goal=0 d7=0 b=0
P t=256.4 x=3.36 y=0.54 h=166.6 m=follow c=(5.8,4.2) r=0.53,0.53,1.19,0.85,0.76,2.74,0.92,0.65,0.47,0.53,0.43,0.29,0.31,0.28,0.29,0.57 tick=82068 goal=0 d7=0 b=0
P t=257.4 x=2.92 y=0.63 h=167.3 m=follow c=(5.9,4.1) r=0.53,0.49,1.13,1.62,0.74,0.45,1.02,0.65,0.50,0.54,0.45,0.31,0.30,0.27,0.28,0.52 tick=82174 goal=0 d7=0 b=0
P t=258.5 x=2.49 y=0.74 h=165.6 m=follow c=(5.7,4.3) r=0.52,0.47,1.13,1.54,0.74,0.42,1.12,0.65,0.52,0.54,0.48,0.31,0.29,0.26,0.29,0.52 tick=82279 goal=0 d7=0 b=0
P t=259.5 x=2.06 y=0.86 h=164.9 m=follow c=(5.3,4.7) r=0.52,0.45,1.11,1.51,0.72,0.28,1.17,0.66,0.54,0.56,0.47,0.30,0.27,0.27,0.29,0.52 tick=82383 goal=0 d7= b=0
P t=260.6 x=1.63 y=0.98 h=163.8 m=follow c=(5.2,4.8) r=0.53,0.43,1.09,1.48,0.71,0.33,1.18,0.68,0.57,0.57,0.49,0.30,0.29,0.27,0.27,0.50 tick=82489 goal=0 d7=0 b=0
P t=261.6 x=1.21 y=1.11 h=162.2 m=follow c=(5.2,4.8) r=0.49,0.41,0.51,1.45,0.72,0.72,1.23,0.69,0.56,0.58,0.48,0.31,0.29,0.25,0.28,0.48 tick=82592 goal=0 d7=0 b=0
P t=262.7 x=0.78 y=1.25 h=161.2 m=follow c=(5.1,4.9) r=0.48,0.41,0.49,1.43,0.76,0.71,1.24,0.71,0.61,0.58,0.49,0.32,0.29,0.24,0.27,0.48 tick=82699 goal=0 d7=0 b=0
P t=263.7 x=0.38 y=1.38 h=163.7 m=follow c=(4.9,5.1) r=0.48,0.39,0.49,1.40,0.76,0.72,1.29,0.69,0.63,0.60,0.50,0.32,0.27,0.26,0.26,0.47 tick=82799 goal=0 d7=0 b=0
P t=264.7 x=-0.04 y=1.52 h=162.8 m=follow c=(4.8,5.2) r=0.45,0.37,0.49,1.34,0.78,0.74,1.32,0.72,0.60,0.60,0.50,0.30,0.29,0.23,0.27,0.46 tick=82902 goal=0 d7=0 b=0
P t=265.8 x=-0.47 y=1.67 h=164.9 m=follow c=(5.3,4.7) r=0.46,0.38,0.46,1.26,0.82,0.77,0.24,0.75,0.64,0.64,0.50,0.34,0.27,0.23,0.26,0.42 tick=83010 goal=0 d7=0 b=0
P t=266.9 x=-0.89 y=1.82 h=159.6 m=follow c=(4.8,5.2) r=0.45,0.34,0.46,1.26,0.80,0.77,0.29,0.78,0.66,0.62,0.52,0.35,0.27,0.22,0.25,0.43 tick=83115 goal=0 d7=0 b=0
P t=267.9 x=-1.32 y=1.96 h=159.9 m=follow c=(4.9,5.1) r=0.43,0.34,0.45,1.23,0.82,0.78,0.31,0.88,0.65,0.66,0.53,0.33,0.26,0.20,0.26,0.42 tick=83220 goal=0 d7=0 b=0
P t=269.0 x=-1.73 y=2.11 h=163.6 m=follow c=(5.3,4.7) r=0.43,0.35,0.44,1.22,0.83,0.80,0.33,0.89,0.66,0.66,0.52,0.34,0.25,0.19,0.26,0.42 tick=83325 goal=0 d7=0 b=0
P t=270.0 x=-2.15 y=2.26 h=159.0 m=follow c=(5.1,4.9) r=0.41,0.34,0.40,1.21,0.83,0.80,0.34,0.90,0.70,0.68,0.54,0.34,0.22,0.20,0.28,0.40 tick=83430 goal=0 d7=0 b=0
P t=271.1 x=-1.84 y=2.14 h=158.6 m=backup c=(-10,-10) r=0.40,0.33,0.41,1.24,0.81,0.78,0.36,0.91,0.68,0.68,0.53,0.33,0.23,0.21,0.28,0.41 tick=83535 goal=0 d7=0 b=0
P t=272.1 x=-1.77 y=2.12 h=191.9 m=turnleft c=(-18,18) r=0.35,0.43,1.50,0.73,0.78,1.20,0.78,0.62,0.67,0.35,0.30,0.22,0.20,0.36,0.45,0.40 tick=83639 goal=0 d7=0 b=0
P t=273.1 x=-1.77 y=2.12 h=227.8 m=turnleft c=(-18,18) r=1.20,0.82,0.78,0.34,0.96,0.71,0.65,0.52,0.31,0.25,0.21,0.26,0.41,0.42,0.35,0.41 tick=83744 goal=0 d7=0 b=0
P t=274.2 x=-2.02 y=1.80 h=228.1 m=follow c=(7.8,2.2) r=1.20,0.81,0.78,0.33,0.89,0.67,0.65,0.54,0.34,0.26,0.21,0.30,0.42,0.41,0.32,0.42 tick=83848 goal=0 d7=0 b=0
P t=275.2 x=-2.32 y=1.48 h=225.3 m=follow c=(7.9,2.1) r=1.17,0.80,0.77,0.37,0.96,0.73,0.67,0.59,0.36,0.29,0.21,0.27,0.41,0.41,0.33,0.39 tick=83952 goal=0 d7=0 b=0
P t=276.3 x=-2.66 y=1.19 h=218.5 m=follow c=(7.4,2.6) r=1.06,1.55,0.71,0.62,0.25,0.79,0.62,0.69,0.39,0.31,0.23,0.28,0.39,0.41,0.33,0.34 tick=84057 goal=0 d7=0 b=0
P t=277.3 x=-3.00 y=0.93 h=213.6 m=follow c=(8.2,1.8) r=0.42,1.43,0.73,0.74,0.30,0.77,0.67,0.71,0.57,0.34,0.25,0.27,0.41,0.43,0.35,0.31 tick=84159 goal=0 d7=0 b=0
P t=278.3 x=-3.21 y=0.80 h=220.9 m=turnleft c=(-18,18) r=1.15,0.78,0.73,0.56,0.25,0.78,0.67,0.72,0.40,0.29,0.23,0.33,0.46,0.39,0.29,0.36 tick=84259 goal=0 d7=0 b=0
P t=279.4 x=-3.21 y=0.80 h=253.6 m=turnleft c=(-18,18) r=0.72,0.73,0.32,0.77,0.66,0.73,0.42,0.34,0.24,0.30,0.41,0.41,0.34,0.33,0.41,1.41 tick=84365 goal=0 d7=0 b=0
P t=280.4 x=-3.18 y=0.73 h=291.9 m=turnleft c=(-18,18) r=0.58,0.27,0.79,0.64,0.72,0.39,0.31,0.23,0.30,0.43,0.39,0.30,0.36,1.14,1.85,0.69 tick=84468 goal=0 d7=0 b=0
P t=281.4 x=-3.18 y=0.73 h=326.9 m=turnleft c=(-18,18) r=0.76,0.68,0.70,0.58,0.33,0.25,0.26,0.40,0.41,0.35,0.30,0.41,1.40,0.76,0.72,0.34 tick=84573 goal=0 d7=0 b=0
P t=282.5 x=-3.18 y=0.73 h=359.6 m=turnleft c=(-18,18) r=0.64,0.61,0.38,0.28,0.25,0.34,0.43,0.39,0.30,0.37,1.14,0.79,0.73,0.57,0.99,0.75 tick=84679 goal=0 d7=0 b=0
P t=283.5 x=-2.37 y=0.70 h=353.5 m=follow c=(14.1,5.9) r=0.63,0.71,0.39,0.32,0.22,0.29,0.41,0.42,0.35,0.34,1.03,1.53,0.70,0.75,0.26,0.77 tick=84784 goal=0 d7=0 b=0
P t=284.6 x=-1.50 y=0.49 h=342.6 m=follow c=(14.9,5.1) r=0.68,0.65,0.53,0.35,0.29,0.24,0.34,0.48,0.43,0.34,0.47,1.33,0.75,0.74,0.28,0.85 tick=84889 goal=0 d7=0 b=0
P t=285.7 x=-0.74 y=0.17 h=331.7 m=follow c=(16.4,3.6) r=0.74,0.57,0.66,0.53,0.35,0.28,0.26,0.44,0.47,0.39,0.42,1.17,0.80,0.73,0.34,0.96 tick=84996 goal=0 d7= b=0
P t=286.7 x=-0.40 y=-0.06 h=337.7 m=turnleft c=(-18,18) r=0.67,0.55,0.66,0.37,0.34,0.27,0.32,0.47,0.48,0.37,0.47,1.23,0.79,0.71,0.24,0.88 tick=85101 goal=0 d7=0 b=0
P t=287.8 x=-0.40 y=-0.06 h=14.2 m=turnleft c=(-18,18) r=0.65,0.53,0.36,0.30,0.27,0.41,0.49,0.41,0.44,1.10,1.55,0.68,0.53,1.10,0.69,0.58 tick=85206 goal=0 d7=0 b=0
P t=288.8 x=-0.17 y=0.07 h=28.2 m=follow c=(11.9,-1.9) r=0.62,0.35,0.32,0.26,0.31,0.48,0.47,0.40,0.47,1.35,0.76,0.71,0.22,0.82,0.63,0.59 tick=85311 goal=0 d7=0 b=0
P t=289.9 x=0.25 y=0.21 h=14.9 m=follow c=(13.9,-3.9) r=0.61,0.51,0.34,0.30,0.25,0.38,0.51,0.44,0.42,1.09,1.57,0.70,0.32,1.10,0.69,0.58 tick=85416 goal=0 d7=0 b=0
P t=290.9 x=0.69 y=0.22 h=351.8 m=follow c=(15.0,-5.0) r=0.55,0.62,0.51,0.33,0.29,0.25,0.41,0.52,0.44,0.48,1.19,0.83,0.73,0.27,0.94,0.69 tick=85520 goal=0 d7=0 b=0
P t=292.0 x=1.11 y=0.08 h=333.3 m=follow c=(15.0,-5.0) r=0.66,0.53,0.61,0.48,0.30,0.30,0.26,0.46,0.53,0.44,0.50,1.24,0.81,0.75,1.94,0.89 tick=85624 goal=0 d7=0 b=0
P t=293.0 x=1.47 y=-0.17 h=315.2 m=follow c=(15.0,-5.0) r=0.65,0.54,0.55,0.62,0.49,0.34,0.29,0.28,0.53,0.51,0.45,1.10,1.45,0.70,0.68,1.22 tick=85729 goal=0 d7=0 b=0
P t=294.0 x=1.87 y=-0.66 h=305.4 m=turnleft c=(-18,18) r=0.88,0.64,0.51,0.58,0.47,0.34,0.32,0.30,0.42,0.57,0.46,0.53,1.22,0.81,0.75,2.30 tick=85834 goal=0 d7=0 b=0
P t=295.1 x=1.87 y=-0.66 h=340.1 m=turnleft c=(-18,18) r=0.57,0.51,0.60,0.48,0.35,0.29,0.31,0.54,0.54,0.46,1.09,1.45,0.69,0.24,1.19,0.65 tick=85939 goal=0 d7=0 b=0
P t=296.2 x=1.98 y=-0.63 h=10.9 m=follow c=(14.2,-4.2) r=0.56,0.50,0.33,0.32,0.29,0.35,0.57,0.49,0.52,1.14,0.83,0.71,0.40,1.01,0.62,0.53 tick=86044 goal=0 d7=0 b=0
P t=297.2 x=2.42 y=-0.60 h=354.5 m=follow c=(15.0,-5.0) r=0.46,0.56,0.45,0.32,0.33,0.29,0.48,0.56,0.45,0.53,1.26,0.78,0.69,1.63,0.79,0.61 tick=86148 goal=0 d7=0 b=0
P t=298.2 x=2.85 y=-0.71 h=340.4 m=follow c=(15.0,-5.0) r=0.55,0.47,0.57,0.47,0.31,0.31,0.33,0.51,0.58,0.50,1.13,1.36,0.69,0.14,1.30,0.78 tick=86253 goal=0 d7=0 b=0
P t=299.3 x=3.22 y=-0.94 h=319.1 m=follow c=(15.0,-5.0) r=0.59,0.51,0.48,0.56,0.45,0.33,0.33,0.32,0.57,0.59,0.51,1.13,1.50,0.69,0.36,1.11 tick=86357 goal=0 d7=0 b=0
P t=300.3 x=3.64 y=-1.51 h=299.6 m=follow c=(20.0,0.0) r=0.98,0.58,0.49,0.48,0.54,0.47,0.36,0.35,0.35,0.64,0.56,0.56,1.18,0.81,0.70,3.00 tick=86462 goal=0 d7=0 b=0
P t=301.4 x=3.78 y=-1.85 h=292.6 m=turnleft c=(-18,18) r=1.15,0.69,0.52,0.44,0.56,0.45,0.32,0.37,0.35,0.60,0.61,0.52,1.13,1.47,0.67,0.35 tick=86567 goal=0 d7=0 b=0
P t=302.4 x=3.78 y=-1.85 h=330.4 m=turnleft c=(-18,18) r=0.58,0.48,0.46,0.57,0.48,0.37,0.35,0.39,0.65,0.53,0.56,1.26,0.79,0.15,2.24,0.82 tick=86672 goal=0 d7=0 b=0
P t=303.5 x=3.90 y=-1.85 h=357.6 m=follow c=(15.0,-5.0) r=0.41,0.52,0.46,0.36,0.36,0.35,0.51,0.61,0.53,1.13,1.34,0.69,0.31,1.54,0.75,0.56 tick=86778 goal=0 d7=0 b=0
P t=304.5 x=4.33 y=-1.96 h=334.5 m=follow c=(15.0,-5.0) r=0.53,0.43,0.53,0.46,0.35,0.36,0.35,0.57,0.65,0.54,1.17,1.47,0.11,0.36,1.19,0.72 tick=86883 goal=0 d7=0 b=0
P t=305.6 x=4.70 y=-2.21 h=315.1 m=follow c=(15.0,-5.0) r=0.53,0.48,0.43,0.52,0.44,0.35,0.36,0.38,0.62,0.63,0.55,1.17,1.50,0.16,3.00,1.08 tick=86989 goal=0 d7=0 b=0
P t=306.7 x=4.97 y=-2.57 h=299.9 m=follow c=(14.3,-4.3) r=1.00,0.54,0.46,0.42,0.51,0.45,0.36,0.39,0.38,0.64,0.62,0.59,1.18,0.82,0.27,2.98 tick=87094 goal=0 d7=0 b=0
P t=307.7 x=5.13 y=-3.02 h=283.6 m=follow c=(11.0,-1.0) r=1.86,0.71,0.50,0.41,0.43,0.55,0.49,0.38,0.40,0.46,0.68,0.57,1.11,1.28,0.12,0.29 tick=87200 goal=0 d7=0 b=0
P t=308.8 x=5.15 y=-3.10 h=311.7 m=turnleft c=(-18,18) r=0.70,0.53,0.41,0.45,0.57,0.47,0.40,0.41,0.53,0.67,0.56,1.16,1.38,0.14,0.30,1.51 tick=87306 goal=0 d7=0 b=0
P t=309.8 x=5.15 y=-3.10 h=347.8 m=turnleft c=(-18,18) r=0.44,0.39,0.52,0.46,0.36,0.40,0.40,0.69,0.57,0.60,1.25,0.11,0.27,3.00,0.90,0.52 tick=87412 goal=0 d7=0 b=0
P t=310.9 x=5.53 y=-3.17 h=344.6 m=follow c=(15.0,-5.0) r=0.45,0.39,0.50,0.45,0.43,0.39,0.42,0.66,0.65,0.60,1.20,0.13,0.28,3.00,0.99,0.50 tick=87521 goal=0 d7=0 b=0
P t=312.0 x=5.92 y=-3.39 h=320.0 m=follow c=(5.6,4.4) r=0.49,0.41,0.37,0.52,0.42,0.38,0.40,0.43,0.70,0.61,0.65,1.29,0.14,0.30,3.00,0.79 tick=87625 goal=0 d7=0 b=0
P t=313.0 x=6.25 y=-3.65 h=318.2 m=follow c=(6.6,3.4) r=0.46,0.43,0.38,0.50,0.45,0.43,0.41,0.44,0.73,0.59,0.63,0.11,0.16,0.28,3.00,0.85 tick=87725 goal=0 d7=0 b=0
P t=314.0 x=6.58 y=-3.92 h=319.2 m=follow c=(6.3,3.7) r=0.46,0.40,0.38,0.46,0.54,0.49,0.43,0.44,0.70,0.67,0.65,0.12,0.18,0.27,3.00,0.95 tick=87825 goal=0 d7=0 b=0
P t=315.0 x=6.90 y=-4.23 h=316.7 m=follow c=(7.1,2.9) r=0.47,0.44,0.35,0.40,0.54,0.48,0.41,0.45,0.67,0.69,0.66,0.13,0.17,0.28,3.00,0.99 tick=87930 goal=0 d7=0 b=0
P t=316.0 x=7.20 y=-4.55 h=306.9 m=follow c=(15.0,-5.0) r=0.62,0.45,0.37,0.35,0.52,0.45,0.39,0.45,0.50,0.75,0.63,0.14,0.17,0.27,0.70,1.42 tick=88034 goal=0 d7=0 b=0
P t=317.1 x=7.45 y=-4.91 h=302.6 m=follow c=(8.1,1.9) r=0.72,0.42,0.39,0.34,0.42,0.55,0.50,0.46,0.47,0.76,0.64,1.14,0.15,0.24,0.46,3.00 tick=88137 goal=0 d7=0 b=0
P t=318.1 x=7.67 y=-5.30 h=299.6 m=follow c=(4.3,5.7) r=0.81,0.41,0.38,0.35,0.41,0.57,0.51,0.46,0.49,0.78,0.63,0.13,0.16,0.25,0.47,3.00 tick=88242 goal=0 d7=0 b=0
P t=319.2 x=7.87 y=-5.70 h=297.1 m=follow c=(4.0,6.0) r=0.85,0.41,0.41,0.36,0.36,0.54,0.51,0.45,0.51,0.76,0.66,0.16,0.15,0.25,0.28,2.98 tick=88347 goal=0 d7=0 b=0
P t=320.2 x=8.06 y=-6.10 h=296.1 m=follow c=(7.2,2.8) r=0.88,0.41,0.43,0.36,0.34,0.53,0.51,0.46,0.50,0.76,0.69,0.15,0.19,0.22,0.33,3.00 tick=88452 goal=0 d7=0 b=0
P t=321.3 x=8.01 y=-6.01 h=296.3 m=backup c=(-10,-10) r=0.90,0.42,0.39,0.35,0.35,0.55,0.48,0.44,0.52,0.76,0.70,0.15,0.16,0.25,0.27,3.00 tick=88557 goal=0 d7=0 b=0
P t=322.3 x=7.92 y=-5.80 h=319.3 m=turnleft c=(-18,18) r=0.40,0.41,0.35,0.37,0.57,0.51,0.45,0.51,0.76,0.66,0.15,0.16,0.24,0.45,3.00,0.86 tick=88662 goal=0 d7=0 b=0
P t=323.3 x=7.92 y=-5.80 h=353.3 m=turnleft c=(-18,18) r=0.36,0.34,0.49,0.48,0.47,0.49,0.54,0.79,0.66,0.15,0.21,0.27,0.89,1.42,0.60,0.42 tick=88763 goal=0 d7=0 b=0
P t=324.4 x=8.30 y=-5.75 h=8.8 m=follow c=(-5.0,15.0) r=0.33,0.41,0.56,0.54,0.49,0.52,0.81,0.66,0.16,0.18,0.26,0.53,2.44,0.66,0.39,0.36 tick=88871 goal=0 d7=0 b=0
P t=325.5 x=8.74 y=-5.68 h=10.9 m=follow c=(15.0,-5.0) r=0.31,0.39,0.55,0.51,0.47,0.51,0.82,0.67,0.15,0.22,0.26,0.63,2.10,0.63,0.39,0.34 tick=88977 goal=0 d7=0 b=0
P t=326.5 x=8.85 y=-5.66 h=31.9 m=turnleft c=(-18,18) r=0.38,0.53,0.52,0.48,0.52,0.82,0.67,0.17,0.24,0.28,0.64,1.77,0.61,0.38,0.34,0.30 tick=89081 goal=0 d7=0 b=0
P t=327.6 x=8.85 y=-5.66 h=73.9 m=turnleft c=(-18,18) r=0.46,0.43,0.52,0.73,0.75,0.17,0.20,0.26,0.45,3.00,0.90,0.40,0.38,0.30,0.32,0.51 tick=89188 goal=0 d7=0 b=0
P t=328.6 x=8.95 y=-5.30 h=71.1 m=follow c=(7.4,2.6) r=0.49,0.42,0.51,0.78,0.68,0.19,0.20,0.28,0.52,3.00,0.65,0.38,0.34,0.31,0.34,0.54 tick=89292 goal=0 d7=0 b=0
P t=329.7 x=9.08 y=-4.87 h=69.3 m=follow c=(7.1,2.9) r=0.46,0.40,0.49,0.74,0.75,0.71,0.20,0.28,0.49,3.00,0.86,0.38,0.38,0.30,0.32,0.49 tick=89399 goal=0 d7=0 b=0
=== seek start 1787949634.9875143 ===
P t=0.0 x=0.00 y=0.00 h=66.3 m=seek c=(0.0,0.0) s=0.127 g=(0.0000,0.0000) r=3.00,0.40,0.48,0.58,0.78,0.71,0.19,0.28,0.31,3.00,0.94,0.40,0.38,0.31,0.29,0.48 tick=89467 goal=0 b=0
P t=1.1 x=0.18 y=0.42 h=67.2 m=seek c=(5.0,5.0) s=0.119 g=(0.0000,0.0000) r=0.42,0.41,0.47,0.56,0.78,0.71,0.18,0.27,0.34,3.00,0.92,0.39,0.38,0.29,0.32,0.48 tick=89571 goal=0 b=0
P t=2.1 x=0.35 y=0.82 h=65.9 m=seek c=(5.0,5.0) s=0.102 g=(0.0000,0.0000) r=0.41,0.40,0.44,0.53,0.79,0.71,0.21,0.28,0.36,2.99,0.93,0.42,0.35,0.29,0.32,0.47 tick=89676 goal=0 b=0
P t=3.2 x=0.37 y=0.82 h=64.1 m=backup c=(-10,-10) s=0.117 g=(0.0000,0.0000) r=0.39,0.39,0.46,0.52,0.79,0.71,0.22,0.28,0.35,3.00,0.94,0.40,0.35,0.30,0.31,0.45 tick=89780 goal=0 b=0
P t=4.2 x=0.22 y=0.48 h=86.4 m=turnleft c=(-18,18) s=0.127 g=(0.0000,0.0000) r=0.43,0.45,0.51,0.79,0.70,0.18,0.26,0.32,1.84,0.98,0.43,0.39,0.30,0.30,0.45,0.42 tick=89883 goal=0 b=0
P t=5.3 x=0.22 y=0.48 h=122.6 m=turnleft c=(-18,18) s=0.121 g=(0.0000,0.0000) r=0.49,0.81,0.68,1.22,0.23,0.31,0.70,1.78,0.63,0.41,0.32,0.29,0.39,0.49,0.47,0.40 tick=89997 goal=0 b=0
P t=6.3 x=0.01 y=0.70 h=134.8 m=follow c=(9.5,0.5) s=0.132 g=(-0.0040,-0.0032) r=0.50,0.80,0.68,0.20,0.27,0.32,2.17,0.97,0.42,0.39,0.30,0.28,0.48,0.40,0.41,0.46 tick=90099 goal=0 b=0
P t=7.4 x=-0.27 y=1.07 h=121.0 m=follow c=(10.5,-0.5) s=0.119 g=(-0.0062,-0.0021) r=0.46,0.76,0.67,1.17,0.19,0.31,0.61,2.15,0.62,0.43,0.34,0.29,0.40,0.47,0.46,0.38 tick=90207 goal=0 b=0
P t=8.5 x=-0.47 y=1.46 h=113.2 m=follow c=(9.3,0.7) s=0.117 g=(-0.0043,-0.0032) r=0.41,0.53,0.76,0.70,0.18,0.26,0.34,3.00,0.93,0.40,0.36,0.29,0.35,0.48,0.42,0.34 tick=90312 goal=0 b=0
P t=9.5 x=-0.62 y=1.90 h=109.0 m=follow c=(8.5,1.5) s=0.112 g=(-0.0032,-0.0042) r=0.40,0.45,0.77,0.63,1.25,0.21,0.31,1.38,1.18,0.45,0.41,0.32,0.33,0.46,0.39,0.36 tick=90420 goal=0 b=0
P t=10.6 x=-0.73 y=2.34 h=94.3 m=follow c=(7.9,2.1) s=0.113 g=(-0.0034,-0.0025) r=0.38,0.44,0.73,0.68,0.70,0.19,0.30,0.60,1.84,0.67,0.45,0.32,0.32,0.43,0.38,0.42 tick=90527 goal=0 b=0
P t=11.7 x=-0.78 y=2.79 h=92.8 m=follow c=(9.0,1.0) s=0.134 g=(0.0018,0.0021) r=0.34,0.39,0.52,0.74,0.67,1.27,0.24,0.35,2.99,0.77,0.45,0.37,0.31,0.41,0.45,0.41 tick=90634 goal=0 b=0
P t=12.7 x=-0.77 y=3.23 h=90.5 m=follow c=(9.2,0.8) s=0.122 g=(0.0010,0.0019) r=0.31,0.37,0.42,0.77,0.64,1.28,0.19,0.35,1.44,1.12,0.48,0.40,0.30,0.37,0.45,0.36 tick=90738 goal=0 b=0
P t=13.7 x=-0.69 y=3.65 h=76.1 m=follow c=(9.1,0.9) s=0.119 g=(-0.0004,0.0008) r=0.38,0.31,0.38,0.67,0.72,0.72,1.37,0.30,0.62,1.87,0.68,0.45,0.30,0.34,0.42,0.36 tick=90838 goal=0 b=0
P t=14.8 x=-0.61 y=3.96 h=79.3 m=turnleft c=(-18,18) s=0.109 g=(-0.0048,-0.0016) r=0.32,0.33,0.39,0.69,0.68,0.70,1.37,0.34,0.78,1.56,0.51,0.39,0.30,0.34,0.43,0.34 tick=90941 goal=0 b=0
P t=15.8 x=-0.61 y=3.96 h=111.1 m=turnleft c=(-18,18) s=0.124 g=(-0.0081,-0.0021) r=0.35,0.40,0.71,0.66,1.28,0.24,0.39,2.99,0.82,0.46,0.34,0.32,0.41,0.42,0.37,0.28 tick=91043 goal=0 b=0
P t=16.8 x=-0.61 y=3.96 h=150.4 m=turnleft c=(-18,18) s=0.125 g=(-0.0081,-0.0022) r=0.70,0.71,0.70,1.40,0.34,0.76,1.58,0.49,0.39,0.31,0.35,0.41,0.34,0.34,0.35,0.37 tick=91143 goal=0 b=0
P t=17.8 x=-1.00 y=4.21 h=143.9 m=follow c=(6.6,3.4) s=0.125 g=(-0.0125,-0.0021) r=0.66,0.69,0.70,1.36,0.28,0.63,1.90,0.70,0.46,0.33,0.34,0.42,0.34,0.34,0.32,0.37 tick=91243 goal=0 b=0
P t=18.9 x=-1.38 y=4.48 h=139.6 m=follow c=(6.7,3.3) s=0.116 g=(-0.0065,-0.0014) r=0.50,0.71,0.67,1.32,0.24,0.42,3.00,0.75,0.51,0.34,0.34,0.45,0.34,0.37,0.32,0.36 tick=91351 goal=0 b=0
P t=19.9 x=-1.71 y=4.75 h=139.8 m=follow c=(6.5,3.5) s=0.118 g=(-0.0014,-0.0016) r=0.41,0.70,0.63,1.25,0.20,0.38,3.00,0.80,0.52,0.38,0.35,0.44,0.35,0.35,0.29,0.35 tick=91451 goal=0 b=0
P t=21.0 x=-2.05 y=5.06 h=138.4 m=follow c=(6.1,3.9) s=0.113 g=(-0.0052,-0.0033) r=0.37,0.69,0.60,1.24,1.62,0.36,2.99,0.86,0.52,0.38,0.36,0.44,0.35,0.34,0.28,0.34 tick=91560 goal=0 b=0
P t=22.0 x=-2.36 y=5.35 h=133.9 m=follow c=(5.8,4.2) s=0.113 g=(-0.0056,-0.0047) r=0.35,0.67,0.59,1.28,1.58,0.37,3.00,1.04,0.54,0.40,0.36,0.45,0.34,0.34,0.28,0.33 tick=91661 goal=0 b=0
P t=23.0 x=-2.67 y=5.66 h=137.6 m=follow c=(5.6,4.4) s=0.125 g=(-0.0076,-0.0072) r=0.33,0.66,0.57,1.26,1.55,0.29,3.00,1.10,0.55,0.40,0.37,0.46,0.33,0.32,0.27,0.29 tick=91764 goal=0 b=0
P t=24.0 x=-2.73 y=5.72 h=161.7 m=turnleft c=(-18,18) s=0.116 g=(-0.0058,-0.0051) r=0.66,0.59,1.24,1.59,0.38,2.99,0.95,0.56,0.41,0.40,0.46,0.33,0.28,0.27,0.31,0.35  b=0
P t=25.0 x=-2.73 y=5.72 h=193.4 m=turnleft c=(-18,18) s=0.125 g=(-0.0039,-0.0029) r=0.63,1.36,0.83,0.42,1.62,0.58,0.47,0.35,0.44,0.45,0.37,0.26,0.27,0.32,0.62,0.65 tick=91966 goal=0 b=0
P t=26.0 x=-3.07 y=5.54 h=200.2 m=follow c=(13.1,-3.1) s=0.118 g=(-0.0088,-0.0087) r=1.26,1.55,0.25,3.00,1.09,0.56,0.42,0.39,0.47,0.36,0.30,0.27,0.29,0.35,0.65,0.57 tick=92068 goal=0 b=0
P t=27.1 x=-3.84 y=5.34 h=190.1 m=follow c=(11.2,-1.2) s=0.114 g=(-0.0001,0.0015) r=0.59,1.22,0.89,0.38,2.99,0.83,0.57,0.42,0.43,0.50,0.39,0.27,0.30,0.30,0.56,0.63 tick=92171 goal=0 b=0
P t=28.1 x=-4.27 y=5.32 h=176.5 m=follow c=(7.3,2.7) s=0.124 g=(0.0006,0.0022) r=0.54,1.22,1.52,0.74,1.99,1.16,0.59,0.46,0.41,0.50,0.40,0.26,0.31,0.30,0.36,0.65 tick=92271 goal=0 b=0
P t=29.1 x=-4.70 y=5.34 h=177.6 m=follow c=(6.3,3.7) s=0.112 g=(0.0004,0.0038) r=0.53,0.59,1.34,0.74,0.38,1.37,0.62,0.51,0.40,0.51,0.39,0.27,0.30,0.30,0.34,0.63 tick=92372 goal=0 b=0
P t=30.1 x=-5.13 y=5.38 h=174.4 m=follow c=(6.0,4.0) s=0.105 g=(0.0006,0.0034) r=0.54,0.59,1.30,0.84,0.36,1.67,0.78,0.56,0.43,0.51,0.40,0.30,0.31,0.29,0.31,0.64 tick=92474 goal=0 b=0
P t=31.2 x=-5.59 y=5.44 h=175.4 m=follow c=(5.8,4.2) s=0.128 g=(0.0009,0.0012) r=0.55,0.54,1.27,0.88,0.19,1.97,0.82,0.59,0.43,0.50,0.43,0.30,0.29,0.30,0.30,0.59 tick=92581 goal=0 b=0
P t=32.2 x=-6.03 y=5.52 h=169.9 m=follow c=(5.6,4.4) s=0.128 g=(0.0001,0.0062) r=0.56,0.56,1.23,0.87,0.77,2.65,0.88,0.63,0.47,0.54,0.43,0.29,0.30,0.29,0.28,0.57 tick=92689 goal=0 b=0
P t=33.2 x=-6.44 y=5.64 h=152.8 m=seek c=(19.0,-9.0) s=0.134 g=(-0.0005,0.0099) r=0.57,0.49,0.56,1.29,0.83,0.71,1.64,0.82,0.58,0.47,0.55,0.41,0.28,0.28,0.26,0.34 tick=92790 goal=0 b=0
P t=34.3 x=-6.70 y=5.80 h=158.5 m=turnleft c=(-18,18) s=0.12 g=(-0.0003,0.0083) r=0.56,0.49,0.56,1.39,0.73,0.29,1.28,0.64,0.55,0.48,0.56,0.43,0.30,0.28,0.26,0.46 tick=92898 goal=0 b=0
P t=35.4 x=-6.70 y=5.80 h=193.6 m=turnleft c=(-18,18) s=0.117 g=(0.0002,0.0069) r=0.54,1.25,0.87,0.77,2.28,0.85,0.63,0.48,0.54,0.43,0.29,0.28,0.28,0.30,0.56,0.53 tick=93005 goal=0 b=0
P t=36.5 x=-6.79 y=5.72 h=223.1 m=follow c=(10.4,-0.4) s=0.145 g=(0.0011,0.0106) r=1.30,0.80,0.34,1.59,0.79,0.56,0.49,0.55,0.42,0.29,0.27,0.27,0.41,0.56,0.49,0.55 tick=93111 goal=0 b=0
P t=37.5 x=-7.13 y=5.45 h=214.6 m=follow c=(10.5,-0.5) s=0.135 g=(-0.0011,-0.0006) r=1.18,0.84,0.73,2.85,0.93,0.65,0.49,0.53,0.46,0.31,0.31,0.27,0.31,0.56,0.49,0.49 tick=93213 goal=0 b=0
P t=38.5 x=-7.53 y=5.25 h=204.5 m=follow c=(10.4,-0.4) s=0.123 g=(-0.0019,-0.0034) r=0.53,1.36,0.74,0.70,1.31,0.69,0.57,0.51,0.59,0.46,0.30,0.29,0.26,0.49,0.57,0.46 tick=93319 goal=0 b=0
P t=39.5 x=-7.93 y=5.12 h=193.7 m=follow c=(10.5,-0.5) s=0.123 g=(-0.0021,-0.0036) r=0.51,1.23,0.81,0.74,2.26,0.89,0.64,0.52,0.60,0.47,0.33,0.30,0.27,0.41,0.55,0.44 tick=93419 goal=0 b=0
P t=40.6 x=-8.36 y=5.05 h=183.7 m=follow c=(10.1,-0.1) s=0.12 g=(-0.0017,-0.0002) r=0.43,1.10,1.44,0.72,0.70,1.20,0.67,0.59,0.55,0.61,0.34,0.32,0.29,0.29,0.52,0.52 tick=93522 goal=0 b=0
P t=41.6 x=-8.79 y=5.07 h=176.8 m=follow c=(8.5,1.5) s=0.128 g=(-0.0016,-0.0008) r=0.44,0.47,1.21,0.79,0.75,0.22,0.89,0.67,0.55,0.62,0.49,0.33,0.30,0.28,0.46,0.52 tick=93622 goal=0 b=0
P t=42.6 x=-9.22 y=5.13 h=173.0 m=follow c=(7.8,2.2) s=0.12 g=(-0.0007,-0.0036) r=0.44,0.44,1.10,1.53,0.69,0.33,1.12,0.69,0.55,0.62,0.51,0.35,0.32,0.24,0.39,0.53 tick=93725 goal=0 b=0
P t=43.6 x=-9.64 y=5.23 h=167.6 m=seek c=(-4.5,14.5) s=0.141 g=(-0.0019,-0.0012) r=0.44,0.41,1.08,1.52,0.69,0.57,1.17,0.70,0.57,0.62,0.48,0.34,0.31,0.26,0.38,0.51 tick=93827 goal=0 b=0
P t=44.7 x=-10.09 y=5.30 h=168.9 m=seek c=(10.1,-0.1) s=0.134 g=(-0.0033,0.0020) r=0.41,0.40,1.05,1.45,0.68,0.70,1.21,0.70,0.60,0.63,0.53,0.35,0.30,0.28,0.37,0.51 tick=93933 goal=0 b=0
P t=45.7 x=-10.51 y=5.39 h=175.5 m=follow c=(8.2,1.8) s=0.128 g=(-0.0019,-0.0029) r=0.37,0.44,1.16,0.82,0.72,0.32,0.95,0.74,0.58,0.67,0.36,0.33,0.27,0.27,0.42,0.47 tick=94036 goal=0 b=0
P t=46.7 x=-10.94 y=5.45 h=169.1 m=follow c=(7.6,2.4) s=0.113 g=(-0.0014,-0.0044) r=0.38,0.37,1.03,1.52,0.69,0.73,0.21,0.74,0.60,0.66,0.55,0.35,0.27,0.26,0.41,0.46 tick=94138 goal=0 b=0
P t=47.8 x=-11.37 y=5.56 h=163.5 m=follow c=(6.8,3.2) s=0.128 g=(-0.0013,-0.0022) r=0.41,0.35,0.44,1.41,0.75,0.72,0.29,0.74,0.66,0.68,0.55,0.37,0.29,0.27,0.38,0.48 tick=94243 goal=0 b=0
P t=48.8 x=-11.78 y=5.69 h=162.4 m=follow c=(6.7,3.3) s=0.116 g=(-0.0015,-0.0044) r=0.42,0.29,0.42,1.19,0.79,0.75,0.32,0.92,0.69,0.65,0.55,0.37,0.28,0.23,0.34,0.46 tick=94344 goal=0 b=0
P t=49.8 x=-12.19 y=5.85 h=156.9 m=follow c=(6.2,3.8) s=0.13 g=(-0.0024,-0.0116) r=0.40,0.31,0.39,1.15,0.79,0.74,0.38,0.96,0.75,0.66,0.60,0.37,0.29,0.25,0.32,0.42 tick=94448 goal=0 b=0
P t=50.9 x=-12.60 y=6.04 h=154.0 m=follow c=(6.1,3.9) s=0.131 g=(-0.0029,-0.0113) r=0.40,0.31,0.38,1.13,1.84,0.72,0.58,0.99,0.79,0.64,0.72,0.39,0.30,0.23,0.30,0.39 tick=94554 goal=0 b=0
P t=51.9 x=-13.00 y=6.24 h=152.5 m=follow c=(5.4,4.6) s=0.128 g=(-0.0029,-0.0103) r=0.38,0.30,0.32,1.08,1.59,0.72,0.59,0.29,0.81,0.66,0.71,0.39,0.29,0.22,0.29,0.39 tick=94659 goal=0 b=0
P t=53.0 x=-13.38 y=6.44 h=152.1 m=follow c=(5.7,4.3) s=0.114 g=(-0.0002,-0.0029) r=0.38,0.30,0.32,1.01,1.54,0.68,0.79,0.32,0.81,0.66,0.74,0.39,0.26,0.23,0.31,0.37 tick=94760 goal=0 b=0
P t=54.0 x=-13.76 y=6.65 h=150.9 m=follow c=(5.3,4.7) s=0.134 g=(0.0004,-0.0006) r=0.37,0.31,0.31,0.38,1.50,0.73,0.77,0.35,0.82,0.68,0.74,0.38,0.28,0.22,0.29,0.38 tick=94862 goal=0 b=0
P t=55.0 x=-14.16 y=6.88 h=151.7 m=follow c=(5.4,4.6) s=0.129 g=(0.0021,0.0054) r=0.37,0.31,0.28,0.40,1.46,0.76,0.78,0.38,0.83,0.69,0.74,0.41,0.26,0.21,0.26,0.37 tick=94971 goal=0 b=0
P t=56.1 x=-14.30 y=6.96 h=170.3 m=turnleft c=(-18,18) s=0.115 g=(-0.0016,-0.0038) r=0.30,0.26,0.36,1.40,0.77,0.78,0.39,0.83,0.69,0.75,0.42,0.28,0.23,0.26,0.35,0.33 tick=95072 goal=0 b=0
P t=57.2 x=-14.30 y=6.96 h=204.5 m=turnleft c=(-18,18) s=0.134 g=(-0.0019,-0.0058) r=0.32,1.13,0.81,0.78,0.60,1.02,0.76,0.74,0.59,0.33,0.21,0.23,0.34,0.38,0.32,0.26 tick=95180 goal=0 b=0
P t=58.2 x=-14.44 y=6.82 h=226.6 m=turnleft c=(-18,18) s=0.13 g=(-0.0064,-0.0146) r=1.12,1.92,0.73,0.61,1.03,0.80,0.70,0.62,0.34,0.22,0.23,0.35,0.37,0.35,0.26,0.30 tick=95285 goal=0 b=0
P t=59.2 x=-14.44 y=6.82 h=261.8 m=turnleft c=(-18,18) s=0.123 g=(-0.0080,-0.0173) r=0.79,0.78,0.39,0.82,0.72,0.74,0.40,0.25,0.22,0.27,0.36,0.34,0.31,0.27,0.37,1.38 tick=95385 goal=0 b=0
P t=60.3 x=-14.44 y=6.82 h=294.5 m=turnleft c=(-18,18) s=0.131 g=(-0.0095,-0.0197) r=0.61,1.00,0.78,0.73,0.59,0.34,0.23,0.26,0.34,0.39,0.33,0.26,0.34,1.14,0.83,0.76 tick=95494 goal=0 b=0
P t=61.3 x=-14.24 y=6.39 h=287.0 m=follow c=(15.0,-5.0) s=0.12 g=(-0.0043,-0.0093) r=0.76,0.36,0.83,0.69,0.76,0.41,0.28,0.21,0.29,0.37,0.37,0.28,0.29,0.39,1.48,0.74 tick=95596 goal=0 b=0
P t=62.3 x=-14.22 y=5.74 h=266.6 m=follow c=(20.0,0.0) s=0.126 g=(-0.0026,-0.0034) r=0.70,0.76,0.34,0.82,0.70,0.75,0.42,0.29,0.26,0.33,0.41,0.37,0.26,0.32,1.01,1.53 tick=95700 goal=0 b=0
P t=63.4 x=-14.37 y=4.90 h=254.7 m=follow c=(11.7,8.3) s=0.141 g=(-0.0025,-0.0001) r=0.73,0.72,0.36,0.86,0.73,0.77,0.62,0.36,0.27,0.32,0.42,0.39,0.26,0.29,0.35,1.35 tick=95801 goal=0 b=0
P t=64.4 x=-14.59 y=4.05 h=253.8 m=follow c=(11.5,8.5) s=0.132 g=(-0.0015,-0.0009) r=0.71,0.71,0.53,0.30,0.76,0.72,0.64,0.43,0.32,0.33,0.42,0.38,0.27,0.28,0.34,1.23 tick=95905 goal=0 b=0
P t=65.5 x=-14.87 y=3.18 h=253.4 m=follow c=(10.9,9.1) s=0.133 g=(-0.0037,-0.0014) r=0.70,0.66,0.53,0.29,0.80,0.71,0.69,0.46,0.32,0.37,0.43,0.40,0.26,0.27,0.32,1.09 tick=96013 goal=0 b=0
P t=66.5 x=-15.17 y=2.36 h=252.0 m=follow c=(9.8,10.2) s=0.142 g=(-0.0022,-0.0009) r=0.67,0.61,0.66,0.31,0.25,0.70,0.82,0.49,0.37,0.39,0.45,0.40,0.25,0.27,0.29,1.07 tick=96116 goal=0 b=0
P t=67.5 x=-15.46 y=1.62 h=244.1 m=seek c=(20.0,0.0) s=0.119 g=(-0.0042,-0.0007) r=1.67,0.57,0.64,0.45,0.29,0.73,0.82,0.54,0.42,0.38,0.46,0.43,0.25,0.27,0.27,1.01 tick=96217 goal=0 b=0
P t=68.5 x=-15.96 y=0.97 h=226.7 m=seek c=(14.6,5.4) s=0.124 g=(-0.0007,-0.0006) r=1.05,0.59,0.56,0.66,0.36,0.27,0.75,0.85,0.53,0.38,0.46,0.49,0.33,0.24,0.26,0.87 tick=96320 goal=0 b=0
P t=69.6 x=-16.41 y=0.54 h=225.5 m=turnleft c=(-18,18) s=0.134 g=(-0.0020,-0.0005) r=1.01,0.60,0.54,0.61,0.46,0.28,0.76,0.86,0.57,0.43,0.46,0.50,0.33,0.24,0.26,0.85 tick=96422 goal=0 b=0
P t=70.7 x=-16.41 y=0.54 h=262.3 m=turnleft c=(-18,18) s=0.126 g=(-0.0028,-0.0003) r=0.56,0.62,0.50,0.33,0.29,0.82,0.75,0.49,0.42,0.49,0.43,0.24,0.24,0.25,0.94,1.33 tick=96533 goal=0 b=0
P t=71.7 x=-16.37 y=0.43 h=291.3 m=follow c=(15.0,-5.0) s=0.146 g=(-0.0035,-0.0000) r=0.62,0.48,0.30,0.78,0.86,0.57,0.44,0.44,0.51,0.36,0.23,0.24,0.83,0.97,1.64,0.55 tick=96636 goal=0 b=0
P t=72.8 x=-16.30 y=-0.02 h=270.1 m=follow c=(15.0,-5.0) s=0.136 g=(-0.0038,-0.0000) r=0.53,0.59,0.46,0.30,0.77,0.86,0.57,0.45,0.47,0.49,0.32,0.23,0.24,0.84,0.99,0.61 tick=96743 goal=0 b=0
P t=73.8 x=-16.38 y=-0.44 h=253.3 m=follow c=(15.0,-5.0) s=0.139 g=(-0.0022,-0.0008) r=0.57,0.51,0.59,0.43,0.29,0.76,0.87,0.58,0.44,0.48,0.51,0.25,0.25,0.23,0.83,1.05 tick=96846 goal=0 b=0
P t=74.8 x=-16.59 y=-0.83 h=235.9 m=follow c=(5.7,4.3) s=0.132 g=(-0.0028,-0.0004) r=1.21,0.56,0.53,0.63,0.42,0.28,0.75,0.87,0.60,0.45,0.52,0.47,0.25,0.23,0.28,0.83 tick=96949 goal=0 b=0
P t=75.9 x=-16.89 y=-1.23 h=231.8 m=follow c=(5.3,4.7) s=0.137 g=(-0.0010,-0.0018) r=1.14,0.56,0.50,0.59,0.46,0.30,0.76,0.91,0.60,0.46,0.53,0.48,0.24,0.24,0.33,0.80 tick=97052 goal=0 b=0
P t=76.9 x=-17.16 y=-1.59 h=235.1 m=follow c=(4.3,5.7) s=0.144 g=(-0.0008,-0.0026) r=1.10,0.53,0.48,0.56,0.44,0.31,0.28,0.92,0.63,0.47,0.54,0.47,0.26,0.23,0.27,0.78 tick=97151 goal=0 b=0
P t=78.0 x=-17.44 y=-1.93 h=228.7 m=follow c=(5.7,4.3) s=0.136 g=(0.0005,-0.0026) r=1.06,0.54,0.47,0.56,0.43,0.33,0.31,0.92,0.62,0.50,0.56,0.48,0.26,0.21,0.32,0.77  b=0
P t=79.0 x=-17.73 y=-2.29 h=238.2 m=seek c=(-9.0,19.0) s=0.149 g=(0.0040,-0.0034) r=1.19,0.52,0.48,0.59,0.44,0.30,0.80,0.85,0.60,0.51,0.57,0.29,0.24,0.21,0.69,0.84 tick=97370 goal=0 b=0
P t=80.1 x=-17.87 y=-2.70 h=265.6 m=seek c=(-9.0,19.0) s=0.134 g=(0.0068,-0.0039) r=0.51,0.51,0.58,0.42,0.31,0.82,0.83,0.60,0.53,0.55,0.24,0.22,0.21,0.75,0.88,1.25 tick=97473 goal=0 b=0
P t=81.1 x=-17.82 y=-3.14 h=288.5 m=seek c=(-6.5,16.5) s=0.138 g=(0.0062,-0.0033) r=0.49,0.54,0.44,0.32,0.83,0.85,0.60,0.55,0.59,0.25,0.25,0.25,0.79,0.88,1.28,0.48 tick=97577 goal=0 b=0
P t=82.2 x=-17.61 y=-3.54 h=301.2 m=seek c=(-3.0,13.0) s=0.15 g=(0.0051,-0.0026) r=0.55,0.43,0.30,0.34,0.94,0.66,0.55,0.59,0.30,0.25,0.24,0.76,0.83,1.19,0.49,0.45  b=0
P t=83.2 x=-17.33 y=-3.86 h=316.4 m=seek c=(-1.6,11.6) s=0.164 g=(0.0015,-0.0004) r=0.43,0.35,0.29,0.90,0.85,0.57,0.58,0.53,0.28,0.25,0.69,0.73,0.97,0.46,0.42,0.51 tick=97784 goal=0 b=0
P t=84.2 x=-17.03 y=-4.18 h=305.9 m=follow c=(14.4,-4.4) s=0.147 g=(0.0016,-0.0006) r=0.54,0.40,0.27,0.30,0.86,0.67,0.56,0.61,0.32,0.25,0.32,0.79,0.88,1.23,0.43,0.46 tick=97888 goal=0 b=0
P t=85.3 x=-16.82 y=-4.56 h=290.4 m=follow c=(13.9,-3.9) s=0.136 g=(0.0049,-0.0015) r=0.48,0.45,0.39,0.24,0.30,0.83,0.63,0.60,0.63,0.31,0.27,0.71,0.75,0.89,0.45,0.42 tick=97991 goal=0 b=0
P t=86.3 x=-16.74 y=-5.00 h=271.5 m=follow c=(15.0,-5.0) s=0.136 g=(0.0036,-0.0001) r=0.37,0.48,0.41,0.37,0.26,0.31,0.85,0.61,0.61,0.57,0.34,0.25,0.68,0.76,1.02,0.43 tick=98096 goal=0 b=0
P t=87.4 x=-16.81 y=-5.44 h=255.5 m=follow c=(15.0,-5.0) s=0.131 g=(0.0023,-0.0002) r=0.43,0.38,0.46,0.39,0.36,0.29,0.32,0.85,0.62,0.65,0.56,0.33,0.29,0.73,0.80,1.08 tick=98202 goal=0 b=0
P t=88.4 x=-17.01 y=-5.82 h=232.1 m=follow c=(15.0,-5.0) s=0.14 g=(0.0026,0.0005) r=1.12,0.42,0.34,0.46,0.36,0.36,0.28,0.95,0.74,0.61,0.68,0.34,0.31,0.54,0.77,0.81 tick=98304 goal=0 b=0
P t=89.4 x=-17.36 y=-6.14 h=218.1 m=follow c=(19.3,0.7) s=0.149 g=(0.0021,0.0003) r=0.82,1.16,0.38,0.34,0.46,0.37,0.37,0.29,1.00,0.75,0.62,0.68,0.35,0.22,0.59,0.74 tick=98406 goal=0 b=0
P t=90.5 x=-18.13 y=-6.59 h=204.7 m=follow c=(12.6,7.4) s=0.143 g=(0.0001,-0.0002) r=0.72,0.97,0.38,0.35,0.40,0.50,0.39,0.32,0.36,0.91,0.68,0.68,0.38,0.27,0.32,0.68 tick=98511 goal=0 b=0
P t=91.5 x=-18.94 y=-6.94 h=203.3 m=seek c=(11.8,8.2) s=0.152 g=(-0.0033,-0.0010) r=0.69,0.86,0.38,0.36,0.35,0.47,0.40,0.36,0.38,0.94,0.69,0.72,0.36,0.25,0.46,0.67 tick=98616 goal=0 b=0
P t=92.5 x=-19.76 y=-7.23 h=196.4 m=seek c=(13.4,6.6) s=0.129 g=(-0.0024,-0.0003) r=0.66,0.79,1.17,0.36,0.32,0.47,0.41,0.40,0.40,0.96,0.72,0.73,0.34,0.21,0.42,0.62 tick=98717 goal=0 b=0
P t=93.6 x=-20.61 y=-7.46 h=189.8 m=seek c=(11.1,8.9) s=0.153 g=(-0.0015,-0.0002) r=0.62,0.74,1.05,0.32,0.35,0.46,0.51,0.46,0.41,1.10,0.79,0.70,0.36,0.19,0.27,0.60 tick=98821 goal=0 b=0
P t=94.6 x=-21.48 y=-7.61 h=185.7 m=seek c=(13.6,6.4) s=0.155 g=(-0.0019,0.0004) r=0.64,0.67,0.93,1.41,0.36,0.32,0.52,0.50,0.40,1.10,0.85,0.71,0.38,0.20,0.25,0.59 tick=98924 goal=0 b=0
P t=95.6 x=-21.98 y=-7.63 h=174.1 m=seek c=(12.6,-2.6) s=0.147 g=(-0.0029,0.0019) r=0.57,0.59,0.70,1.09,0.33,0.35,0.47,0.49,0.47,0.47,1.00,0.70,0.71,0.24,0.21,0.41 tick=99026 goal=0 b=0
P t=96.7 x=-22.43 y=-7.55 h=167.9 m=follow c=(7.7,2.3) s=0.137 g=(-0.0027,0.0010) r=0.56,0.61,0.65,0.90,1.42,0.36,0.34,0.56,0.50,0.45,1.15,0.84,0.72,0.29,0.19,0.32 tick=99133 goal=0 b=0
P t=97.7 x=-22.55 y=-7.52 h=190.9 m=turnleft c=(-18,18) s=0.16 g=(-0.0017,-0.0015) r=0.60,0.67,0.91,1.40,0.35,0.34,0.55,0.51,0.44,1.14,0.84,0.71,0.27,0.17,0.33,0.55 tick=99238 goal=0 b=0
P t=98.8 x=-22.55 y=-7.52 h=223.1 m=turnleft c=(-18,18) s=0.151 g=(-0.0016,-0.0016) r=0.68,1.11,0.32,0.33,0.48,0.50,0.46,0.51,1.02,0.69,0.71,0.18,0.19,0.42,0.55,0.57 tick=99344 goal=0 b=0
P t=99.9 x=-22.78 y=-7.89 h=232.1 m=follow c=(17.5,2.5) s=0.153 g=(-0.0014,-0.0024) r=0.89,1.41,0.34,0.35,0.53,0.50,0.45,1.16,0.85,0.74,0.30,0.19,0.35,0.55,0.60,0.64 tick=99455 goal=0 b=0
P t=100.9 x=-23.24 y=-8.39 h=225.2 m=follow c=(9.8,0.2) s=0.144 g=(-0.0029,0.0064) r=0.65,1.03,0.31,0.33,0.37,0.58,0.54,0.50,1.06,0.74,0.74,0.19,0.21,0.39,0.54,0.53 tick=99558 goal=0 b=0
P t=101.9 x=-23.59 y=-8.65 h=212.2 m=follow c=(9.9,0.1) s=0.164 g=(-0.0025,0.0043) r=0.62,0.88,1.38,0.32,0.34,0.54,0.50,0.48,1.19,0.86,0.76,0.21,0.20,0.39,0.54,0.54 tick=99660 goal=0 b=0
P t=103.0 x=-23.98 y=-8.84 h=200.6 m=follow c=(9.9,0.1) s=0.171 g=(-0.0024,0.0021) r=0.53,0.66,1.08,0.29,0.33,0.44,0.54,0.52,0.54,0.94,0.73,0.32,0.21,0.34,0.50,0.54 tick=99763 goal=0 b=0
P t=104.0 x=-24.41 y=-9.00 h=198.1 m=follow c=(7.1,2.9) s=0.154 g=(-0.0031,0.0009) r=0.49,0.61,0.98,1.25,0.32,0.35,0.61,0.56,0.52,1.09,0.76,0.40,0.22,0.27,0.40,0.52 tick=99871 goal=0 b=0
P t=105.1 x=-24.84 y=-9.13 h=192.6 m=follow c=(7.1,2.9) s=0.164 g=(-0.0018,-0.0001) r=0.49,0.60,0.89,1.29,0.28,0.34,0.55,0.56,0.51,1.14,0.80,0.78,0.20,0.27,0.38,0.48 tick=99976 goal=0 b=0
P t=106.2 x=-25.29 y=-9.22 h=190.6 m=follow c=(6.3,3.7) s=0.153 g=(-0.0022,0.0004) r=0.50,0.57,0.82,1.35,0.28,0.34,0.52,0.55,0.51,1.24,0.86,0.79,0.21,0.24,0.37,0.46 tick=100085 goal=0 b=0
P t=107.2 x=-25.71 y=-9.34 h=205.5 m=seek c=(-2.6,12.6) s=0.153 g=(-0.0010,-0.0012) r=0.47,0.60,1.01,0.57,0.30,0.37,0.61,0.60,0.59,0.95,0.80,0.20,0.22,0.35,0.50,0.49 tick=100187 goal=0 b=0
P t=108.3 x=-26.08 y=-9.58 h=220.8 m=seek c=(-4.5,14.5) s=0.138 g=(-0.0007,-0.0020) r=0.55,0.85,1.28,0.28,0.36,0.55,0.57,0.56,1.16,0.80,0.23,0.20,0.32,0.39,0.47,0.46 tick=100291 goal=0 b=0
P t=109.3 x=-26.39 y=-9.90 h=227.8 m=seek c=(-3.6,13.6) s=0.159 g=(-0.0001,-0.0025) r=0.69,1.31,0.48,0.32,0.36,0.60,0.59,1.25,0.94,0.82,0.20,0.29,0.36,0.45,0.47,0.51 tick=100396 goal=0 b=0
P t=110.4 x=-26.61 y=-10.28 h=247.7 m=seek c=(-1.7,11.7) s=0.158 g=(0.0002,-0.0027) r=0.94,1.23,0.27,0.35,0.65,0.62,0.61,1.01,0.82,0.24,0.26,0.35,0.47,0.48,0.46,0.55 tick=100500 goal=0 b=0
P t=111.4 x=-26.75 y=-10.69 h=252.2 m=seek c=(9.9,0.1) s=0.153 g=(-0.0007,-0.0006) r=0.99,0.56,0.27,0.35,0.64,0.64,0.63,1.00,0.83,0.23,0.29,0.35,0.45,0.46,0.48,0.56 tick=100602 goal=0 b=0
P t=112.4 x=-26.95 y=-11.08 h=241.7 m=seek c=(-5.6,15.6) s=0.174 g=(0.0008,-0.0029) r=0.88,1.20,0.24,0.33,0.56,0.61,0.59,1.20,0.83,0.26,0.29,0.36,0.45,0.48,0.43,0.52 tick=100706 goal=0 b=0
P t=113.5 x=-27.06 y=-11.51 h=262.1 m=seek c=(-3.7,13.7) s=0.141 g=(0.0032,-0.0061) r=1.28,0.43,0.30,0.36,0.60,0.58,1.27,0.85,0.29,0.27,0.36,0.50,0.46,0.42,0.51,0.76 tick=100811 goal=0 b=0
P t=114.5 x=-27.07 y=-11.64 h=290.1 m=turnleft c=(-18,18) s=0.168 g=(0.0037,-0.0061) r=0.23,0.31,0.55,0.61,0.61,1.19,0.86,0.28,0.31,0.39,0.46,0.47,0.44,0.51,0.88,1.20 tick=100916 goal=0 b=0
P t=115.6 x=-27.07 y=-11.64 h=326.1 m=turnleft c=(-18,18) s=0.15 g=(0.0040,-0.0069) r=0.35,0.61,0.61,1.31,0.94,0.29,0.29,0.37,0.46,0.44,0.41,0.51,0.71,1.28,0.46,0.26 tick=101023 goal=0 b=0
P t=116.6 x=-26.80 y=-11.74 h=335.2 m=follow c=(10.8,-0.8) s=0.158 g=(0.0062,-0.0080) r=0.57,0.61,0.64,1.21,0.85,0.28,0.33,0.36,0.45,0.47,0.46,0.53,0.88,1.17,0.23,0.32 tick=101127 goal=0 b=0
P t=117.6 x=-26.42 y=-11.94 h=332.0 m=follow c=(9.7,0.3) s=0.159 g=(-0.0003,-0.0037) r=0.33,0.58,0.60,1.30,0.92,0.29,0.28,0.39,0.53,0.50,0.42,0.52,0.77,1.24,0.41,0.29 tick=101229 goal=0 b=0
P t=118.7 x=-26.39 y=-11.97 h=358.7 m=turnleft c=(-18,18) s=0.165 g=(-0.0033,-0.0030) r=0.58,0.58,1.19,0.86,0.28,0.31,0.39,0.46,0.48,0.46,0.54,0.86,1.19,0.21,0.29,0.52 tick=101330 goal=0 b=0
P t=119.7 x=-26.39 y=-11.97 h=32.9 m=turnleft c=(-18,18) s=0.158 g=(-0.0044,-0.0034) r=1.27,0.99,0.87,0.27,0.36,0.45,0.47,0.44,0.52,0.74,1.25,0.47,0.26,0.33,0.62,0.63 tick=101438 goal=0 b=0
P t=120.8 x=-25.84 y=-11.59 h=32.2 m=follow c=(16.2,3.8) s=0.149 g=(-0.0056,-0.0048) r=1.26,1.00,0.86,0.26,0.35,0.44,0.48,0.45,0.52,0.73,1.29,0.44,0.27,0.30,0.62,0.60 tick=101541 goal=0 b=0
P t=121.8 x=-25.26 y=-11.33 h=15.8 m=follow c=(10.0,0.0) s=0.148 g=(-0.0025,-0.0042) r=0.55,1.16,0.83,0.28,0.26,0.40,0.52,0.51,0.48,0.55,0.91,1.21,0.23,0.30,0.51,0.56 tick=101644 goal=0 b=0
P t=122.8 x=-24.84 y=-11.22 h=4.2 m=follow c=(6.4,3.6) s=0.148 g=(-0.0018,-0.0023) r=0.57,1.25,0.93,0.84,0.25,0.34,0.42,0.52,0.48,0.57,0.80,1.30,0.23,0.30,0.34,0.52 tick=101746 goal=0 b=0
P t=123.9 x=-24.40 y=-11.14 h=9.1 m=follow c=(5.6,4.4) s=0.167 g=(-0.0009,0.0029) r=0.55,1.23,0.96,0.82,0.27,0.30,0.44,0.51,0.49,0.55,0.81,1.31,0.23,0.29,0.33,0.53 tick=101852 goal=0 b=0
P t=124.9 x=-23.96 y=-11.08 h=11.5 m=follow c=(5.7,4.3) s=0.169 g=(-0.0011,0.0039) r=0.55,0.58,0.97,0.82,0.27,0.28,0.42,0.50,0.51,0.59,0.81,1.32,0.21,0.29,0.32,0.54 tick=101956 goal=0 b=0
P t=126.0 x=-23.52 y=-11.03 h=7.2 m=follow c=(5.6,4.4) s=0.171 g=(-0.0005,0.0046) r=0.53,0.58,0.98,0.81,0.26,0.28,0.44,0.51,0.53,0.59,0.80,1.32,0.25,0.29,0.31,0.53 tick=102060 goal=0 b=0
P t=127.0 x=-23.07 y=-10.98 h=6.2 m=seek c=(5.1,4.9) s=0.166 g=(0.0016,-0.0004) r=0.54,0.55,0.97,0.80,0.37,0.28,0.43,0.54,0.55,0.61,0.80,1.30,0.26,0.27,0.30,0.51 tick=102169 goal=0 b=0
P t=128.1 x=-22.61 y=-11.00 h=348.4 m=seek c=(17.2,-7.2) s=0.161 g=(0.0031,-0.0049) r=0.48,0.49,1.20,0.92,0.83,0.28,0.30,0.45,0.57,0.54,0.62,0.93,0.23,0.26,0.26,0.44 tick=102276 goal=0 b=0
P t=129.2 x=-22.34 y=-11.09 h=353.3 m=turnleft c=(-18,18) s=0.147 g=(0.0004,0.0025) r=0.46,0.46,1.22,0.89,0.82,0.25,0.32,0.49,0.59,0.55,0.63,0.97,0.24,0.24,0.25,0.46 tick=102386 goal=0 b=0
P t=130.2 x=-22.34 y=-11.09 h=24.8 m=turnleft c=(-18,18) s=0.174 g=(-0.0015,0.0075) r=0.51,0.95,0.78,0.44,0.27,0.44,0.56,0.56,0.62,0.83,1.33,0.24,0.26,0.40,0.50,0.50 tick=102489 goal=0 b=0
P t=131.3 x=-22.17 y=-10.91 h=45.1 m=follow c=(9.4,0.6) s=0.145 g=(-0.0020,0.0119) r=1.10,0.78,0.79,0.29,0.40,0.60,0.60,0.61,0.77,1.31,0.23,0.25,0.28,0.54,0.50,0.47 tick=102597 goal=0 b=0
P t=132.4 x=-21.84 y=-10.62 h=35.2 m=follow c=(9.2,0.8) s=0.159 g=(-0.0023,0.0121) r=1.18,0.90,0.82,0.34,0.28,0.47,0.59,0.56,0.67,0.97,0.26,0.27,0.28,0.47,0.47,0.47 tick=102701 goal=0 b=0
P t=133.4 x=-21.47 y=-10.39 h=30.3 m=follow c=(8.5,1.5) s=0.162 g=(-0.0018,-0.0002) r=0.49,0.91,0.76,0.43,0.25,0.45,0.58,0.58,0.66,0.89,0.24,0.27,0.26,0.45,0.44,0.47 tick=102805 goal=0 b=0
P t=134.4 x=-21.08 y=-10.19 h=23.9 m=follow c=(9.2,0.8) s=0.152 g=(-0.0031,-0.0010) r=0.43,1.05,0.75,0.81,0.26,0.32,0.55,0.63,0.65,0.83,1.37,0.27,0.27,0.40,0.49,0.46 tick=102907 goal=0 b=0
P t=135.5 x=-20.64 y=-10.05 h=14.4 m=follow c=(9.9,0.1) s=0.137 g=(-0.0044,0.0030) r=0.40,1.13,0.88,0.78,0.39,0.28,0.46,0.61,0.60,0.69,1.01,0.26,0.26,0.29,0.47,0.44 tick=103015 goal=0 b=0
P t=136.5 x=-20.20 y=-9.98 h=7.3 m=follow c=(8.3,1.7) s=0.15 g=(-0.0069,0.0078) r=0.44,0.45,0.90,0.74,0.79,0.26,0.37,0.63,0.64,0.69,0.93,0.28,0.26,0.26,0.41,0.41 tick=103120 goal=0 b=0
P t=137.6 x=-19.74 y=-9.96 h=4.1 m=follow c=(7.7,2.3) s=0.145 g=(-0.0068,0.0087) r=0.43,0.39,1.01,0.77,0.79,0.36,0.31,0.54,0.67,0.69,0.88,0.27,0.27,0.26,0.40,0.43 tick=103228 goal=0 b=0
P t=138.7 x=-19.31 y=-9.93 h=15.4 m=seek c=(-9.0,19.0) s=0.156 g=(-0.0047,0.0049) r=0.38,0.46,0.86,0.77,0.42,0.28,0.50,0.64,0.63,0.73,1.06,0.29,0.26,0.35,0.49,0.40 tick=103331 goal=0 b=0
P t=139.7 x=-18.93 y=-9.73 h=34.3 m=seek c=(19.0,-9.0) s=0.16 g=(-0.0007,-0.0017) r=0.43,0.86,0.74,0.45,0.28,0.50,0.66,0.65,0.76,1.07,0.29,0.25,0.39,0.47,0.41,0.37 tick=103434 goal=0 b=0
P t=140.8 x=-18.51 y=-9.55 h=14.7 m=follow c=(8.5,1.5) s=0.161 g=(0.0004,-0.0022) r=0.35,0.41,0.84,0.74,0.76,0.31,0.43,0.65,0.65,0.74,1.09,0.32,0.27,0.37,0.48,0.40 tick=103541 goal=0 b=0
P t=141.8 x=-18.07 y=-9.49 h=3.2 m=follow c=(7.5,2.5) s=0.156 g=(-0.0002,-0.0017) r=0.37,0.37,0.98,0.73,0.78,0.38,0.31,0.67,0.72,0.76,0.98,0.30,0.25,0.33,0.42,0.36 tick=103645 goal=0 b=0
P t=142.8 x=-17.65 y=-9.46 h=359.4 m=follow c=(7.2,2.8) s=0.14 g=(-0.0033,0.0084) r=0.38,0.33,0.97,0.78,0.76,0.42,0.30,0.56,0.74,0.74,0.94,0.33,0.27,0.29,0.38,0.35 tick=103745 goal=0 b=0
P t=143.8 x=-17.21 y=-9.49 h=356.5 m=follow c=(7.3,2.7) s=0.157 g=(-0.0028,0.0070) r=0.36,0.32,0.40,0.82,0.74,0.69,0.32,0.54,0.72,0.74,0.88,0.32,0.28,0.25,0.39,0.34 tick=103848 goal=0 b=0
P t=144.9 x=-16.77 y=-9.54 h=353.2 m=follow c=(6.9,3.1) s=0.16 g=(0.0011,-0.0079) r=0.34,0.30,0.37,0.82,0.71,0.76,0.38,0.40,0.70,0.70,0.82,0.33,0.28,0.25,0.35,0.39 tick=103954 goal=0 b=0
P t=145.9 x=-16.35 y=-9.62 h=349.3 m=follow c=(6.8,3.2) s=0.15 g=(-0.0000,-0.0032) r=0.34,0.30,0.32,0.91,0.71,0.79,0.43,0.37,0.73,0.72,0.81,0.35,0.30,0.23,0.34,0.39 tick=104055 goal=0 b=0
P t=146.9 x=-15.92 y=-9.73 h=347.2 m=follow c=(6.5,3.5) s=0.153 g=(0.0007,-0.0056) r=0.31,0.30,0.30,0.96,0.74,0.78,0.45,0.36,0.76,0.76,0.80,0.34,0.28,0.23,0.33,0.39 tick=104160 goal=0 b=0
P t=148.0 x=-15.88 y=-9.74 h=15.0 m=turnleft c=(-18,18) s=0.151 g=(0.0003,-0.0047) r=0.29,0.34,0.80,0.72,0.79,0.41,0.40,0.73,0.73,0.84,0.32,0.26,0.26,0.34,0.33,0.32 tick=104262 goal=0 b=0
P t=149.0 x=-15.88 y=-9.74 h=49.3 m=turnleft c=(-18,18) s=0.161 g=(0.0010,-0.0070) r=0.94,0.77,0.78,0.46,0.33,0.62,0.79,0.81,1.04,0.31,0.22,0.34,0.39,0.30,0.33,0.28 tick=104365 goal=0 b=0
P t=150.0 x=-15.73 y=-9.47 h=61.1 m=follow c=(5.4,4.6) s=0.153 g=(0.0001,-0.0161) r=0.79,0.70,0.78,0.41,0.40,0.72,0.74,0.90,0.33,0.24,0.27,0.35,0.31,0.32,0.28,0.36 tick=104466 goal=0 b=0
P t=151.0 x=-15.52 y=-9.09 h=58.5 m=follow c=(5.3,4.7) s=0.144 g=(0.0009,-0.0049) r=0.79,0.67,0.77,0.41,0.37,0.74,0.74,0.86,0.34,0.28,0.30,0.36,0.31,0.30,0.27,0.34 tick=104568 goal=0 b=0
P t=152.1 x=-15.27 y=-8.70 h=53.9 m=follow c=(5.1,4.9) s=0.147 g=(0.0019,-0.0051) r=0.79,0.67,0.76,0.41,0.36,0.75,0.75,0.83,0.35,0.27,0.31,0.37,0.30,0.31,0.26,0.31 tick=104678 goal=0 b=0
P t=153.2 x=-15.54 y=-9.13 h=59.8 m=backup c=(-10,-10) s=0.174 g=(0.0025,-0.0035) r=0.79,0.67,0.76,0.42,0.37,0.76,0.74,0.84,0.36,0.28,0.29,0.34,0.32,0.30,0.28,0.33 tick=104781 goal=0 b=0
P t=154.2 x=-15.54 y=-9.13 h=90.0 m=turnleft c=(-18,18) s=0.154 g=(0.0015,-0.0035) r=0.71,0.65,0.34,0.60,0.78,0.82,1.02,0.31,0.23,0.35,0.40,0.30,0.32,0.26,0.94,0.79 tick=104886 goal=0 b=0
P t=155.2 x=-15.54 y=-9.13 h=126.3 m=turnleft c=(-18,18) s=0.155 g=(-0.0001,-0.0027) r=0.42,0.35,0.74,0.74,0.86,0.33,0.28,0.27,0.35,0.33,0.32,0.27,0.31,0.82,0.69,0.77 tick=104987 goal=0 b=0
P t=156.3 x=-15.78 y=-8.81 h=116.5 m=follow c=(13.9,-3.9) s=0.164 g=(0.0030,-0.0041) r=0.45,0.32,0.72,0.75,0.81,0.36,0.32,0.24,0.36,0.39,0.30,0.30,0.30,0.94,0.72,0.78 tick=105091 goal=0 b=0
P t=157.3 x=-15.93 y=-8.40 h=102.6 m=follow c=(15.0,-5.0) s=0.139 g=(-0.0014,-0.0018) r=0.75,0.40,0.31,0.74,0.75,0.81,0.37,0.30,0.28,0.38,0.34,0.34,0.28,0.33,0.80,0.68 tick=105195 goal=0 b=0
P t=158.3 x=-15.94 y=-7.77 h=82.8 m=follow c=(20.0,0.0) s=0.144 g=(-0.0023,-0.0015) r=0.65,0.71,0.39,0.34,0.74,0.75,0.83,0.37,0.32,0.34,0.38,0.31,0.33,0.28,0.36,0.78 tick=105297 goal=0 b=0
P t=159.4 x=-15.79 y=-6.86 h=79.3 m=follow c=(11.5,8.5) s=0.159 g=(-0.0037,-0.0013) r=0.64,0.70,0.40,0.30,0.58,0.79,0.86,1.17,0.38,0.34,0.40,0.34,0.33,0.26,0.32,0.75 tick=105406 goal=0 b=0
P t=160.4 x=-15.59 y=-6.07 h=77.2 m=follow c=(11.2,8.8) s=0.15 g=(-0.0006,0.0001) r=0.62,0.67,0.58,0.33,0.54,0.78,0.86,1.14,0.40,0.34,0.43,0.35,0.33,0.26,0.32,0.86 tick=105506 goal=0 b=0
P t=161.5 x=-15.33 y=-5.20 h=75.3 m=follow c=(10.4,9.6) s=0.157 g=(-0.0047,-0.0015) r=0.62,0.64,0.58,0.31,0.30,0.76,0.84,1.10,0.44,0.35,0.44,0.37,0.34,0.24,0.28,0.85 tick=105613 goal=0 b=0
P t=162.5 x=-15.05 y=-4.37 h=68.2 m=seek c=(10.5,9.5) s=0.165 g=(-0.0021,-0.0006) r=0.61,0.60,0.59,0.33,0.29,0.74,0.81,1.10,0.47,0.38,0.48,0.36,0.29,0.24,0.28,0.82 tick=105717 goal=0 b=0
P t=163.5 x=-14.99 y=-3.90 h=92.7 m=seek c=(-9.0,19.0) s=0.137 g=(-0.0012,-0.0007) r=0.62,0.57,0.32,0.29,0.77,0.85,1.13,0.48,0.42,0.47,0.37,0.27,0.24,0.88,0.82,0.58 tick=105819 goal=0 b=0
P t=164.6 x=-15.11 y=-3.48 h=109.7 m=follow c=(15.0,-5.0) s=0.152 g=(-0.0052,-0.0003) r=0.62,0.33,0.31,0.59,0.80,0.95,0.51,0.42,0.47,0.39,0.29,0.23,0.26,0.80,0.61,0.53 tick=105921 goal=0 b=0
P t=165.7 x=-15.21 y=-3.03 h=92.6 m=follow c=(12.8,-2.8) s=0.15 g=(-0.0060,0.0001) r=0.59,0.56,0.31,0.28,0.74,0.83,1.16,0.49,0.45,0.51,0.37,0.25,0.26,0.90,0.63,0.53 tick=106030 goal=0 b=0
P t=166.7 x=-15.17 y=-2.60 h=74.1 m=follow c=(15.0,-5.0) s=0.156 g=(-0.0041,-0.0004) r=0.48,0.58,0.51,0.30,0.28,0.77,0.88,1.24,0.50,0.50,0.55,0.38,0.24,0.24,0.90,0.64 tick=106133 goal=0 b=0
P t=167.7 x=-15.01 y=-2.20 h=57.8 m=follow c=(14.7,-4.7) s=0.135 g=(-0.0042,-0.0004) r=0.60,0.46,0.57,0.47,0.28,0.27,0.81,0.93,1.29,0.47,0.53,0.43,0.31,0.25,0.73,0.78 tick=106235 goal=0 b=0
P t=168.7 x=-14.75 y=-1.85 h=50.7 m=follow c=(5.2,4.8) s=0.149 g=(-0.0073,-0.0003) r=0.61,0.47,0.56,0.54,0.32,0.30,0.75,0.90,1.24,0.53,0.52,0.52,0.35,0.23,0.24,0.88 tick=106337 goal=0 b=0
P t=169.7 x=-14.50 y=-1.51 h=54.0 m=follow c=(5.0,5.0) s=0.144 g=(-0.0043,-0.0008) r=0.58,0.47,0.55,0.52,0.29,0.30,0.77,0.88,1.23,0.55,0.53,0.54,0.33,0.24,0.71,0.85 tick=106437 goal=0 b=0
P t=170.7 x=-14.23 y=-1.18 h=46.9 m=follow c=(14.4,-4.4) s=0.138 g=(-0.0024,-0.0010) r=0.58,0.46,0.49,0.56,0.33,0.29,0.32,0.84,1.18,0.55,0.53,0.58,0.36,0.24,0.23,0.84 tick=106538 goal=0 b=0
P t=171.7 x=-13.96 y=-0.84 h=59.6 m=seek c=(-9.0,19.0) s=0.153 g=(-0.0034,-0.0005) r=0.56,0.45,0.56,0.50,0.29,0.30,0.85,0.98,1.38,0.50,0.55,0.42,0.24,0.24,0.72,0.72 tick=106640 goal=0 b=0
P t=172.8 x=-13.83 y=-0.41 h=72.4 m=seek c=(19.0,-9.0) s=0.134 g=(0.0011,-0.0021) r=0.46,0.48,0.54,0.34,0.30,0.30,0.88,1.25,0.58,0.57,0.44,0.25,0.24,0.70,0.83,0.56 tick=106746 goal=0 b=0
P t=173.9 x=-13.59 y=-0.02 h=41.4 m=seek c=(19.0,-9.0) s=0.145 g=(-0.0007,-0.0013) r=0.71,0.48,0.42,0.56,0.47,0.29,0.32,0.90,1.06,0.61,0.54,0.58,0.31,0.23,0.68,0.80 tick=106855 goal=0 b=0
P t=174.9 x=-13.26 y=0.25 h=49.8 m=seek c=(-9.0,19.0) s=0.154 g=(-0.0036,0.0003) r=0.68,0.47,0.42,0.53,0.47,0.30,0.32,0.90,1.10,0.61,0.55,0.58,0.25,0.23,0.68,0.80 tick=106957 goal=0 b=0
P t=176.0 x=-12.98 y=0.59 h=36.5 m=seek c=(19.0,-9.0) s=0.134 g=(0.0060,-0.0062) r=0.68,0.49,0.38,0.52,0.48,0.32,0.34,0.92,1.04,0.63,0.54,0.59,0.26,0.22,0.70,0.75 tick=107060 goal=0 b=0
P t=177.0 x=-12.43 y=0.83 h=15.3 m=seek c=(24.0,-4.0) s=0.143 g=(-0.0031,-0.0015) r=0.67,0.66,0.49,0.40,0.46,0.56,0.38,0.33,0.35,1.04,1.44,0.56,0.61,0.38,0.19,0.69 tick=107165 goal=0 b=0
P t=178.0 x=-12.20 y=0.88 h=30.3 m=turnleft c=(-18,18) s=0.124 g=(-0.0049,0.0007) r=0.76,0.51,0.43,0.40,0.52,0.46,0.32,0.35,0.94,1.32,0.59,0.59,0.42,0.19,0.16,0.64 tick=107269 goal=0 b=0
P t=179.0 x=-12.20 y=0.88 h=63.0 m=turnleft c=(-18,18) s=0.135 g=(-0.0047,0.0003) r=0.48,0.39,0.47,0.54,0.36,0.34,0.91,1.07,0.64,0.56,0.60,0.23,0.21,0.68,0.71,0.64 tick=107369 goal=0 b=0
P t=180.1 x=-12.09 y=1.18 h=67.2 m=follow c=(13.6,-3.6) s=0.134 g=(-0.0052,0.0002) r=0.46,0.38,0.51,0.50,0.34,0.35,0.95,1.12,0.64,0.61,0.47,0.22,0.17,0.66,0.74,0.63 tick=107472 goal=0 b=0
P t=181.1 x=-11.87 y=1.55 h=52.9 m=follow c=(11.6,-1.6) s=0.134 g=(-0.0030,-0.0028) r=0.47,0.40,0.39,0.53,0.47,0.34,0.37,0.97,1.37,0.59,0.61,0.41,0.21,0.71,0.64,0.75 tick=107572 goal=0 b=0
P t=182.1 x=-11.58 y=1.86 h=42.2 m=follow c=(11.8,-1.8) s=0.136 g=(-0.0036,-0.0018) r=0.61,0.45,0.34,0.47,0.54,0.39,0.34,0.95,1.11,0.68,0.63,0.46,0.20,0.14,0.64,0.72 tick=107675 goal=0 b=0
P t=183.2 x=-11.19 y=2.12 h=27.0 m=follow c=(12.8,-2.8) s=0.14 g=(-0.0004,-0.0058) r=0.74,0.46,0.41,0.35,0.50,0.49,0.36,0.40,0.99,1.36,0.62,0.63,0.25,0.17,0.69,0.60 tick=107785 goal=0 b=0
P t=184.2 x=-10.47 y=2.36 h=8.4 m=follow c=(20.0,0.0) s=0.138 g=(-0.0001,-0.0040) r=0.61,0.71,0.44,0.39,0.36,0.51,0.51,0.37,0.40,1.02,1.44,0.61,0.62,0.21,0.79,0.62 tick=107888 goal=0 b=0
P t=185.2 x=-10.01 y=2.39 h=6.2 m=follow c=(5.9,4.1) s=0.134 g=(-0.0006,-0.0027) r=0.56,0.69,0.57,0.41,0.33,0.45,0.54,0.39,0.41,1.01,1.36,0.63,0.64,0.20,0.14,0.67 tick=107988 goal=0 b=0
P t=186.3 x=-9.55 y=2.41 h=358.1 m=follow c=(15.0,-5.0) s=0.13 g=(0.0002,-0.0023) r=0.54,0.66,0.56,0.42,0.36,0.40,0.57,0.47,0.41,1.04,1.21,0.71,0.65,0.21,0.84,0.68 tick=108096 goal=0 b=0
P t=187.3 x=-9.13 y=2.31 h=333.9 m=seek c=(19.0,-9.0) s=0.125 g=(-0.0009,-0.0006) r=0.66,0.55,0.65,0.54,0.41,0.35,0.35,0.56,0.52,0.42,1.04,1.20,0.72,0.65,0.20,0.84 tick=108197 goal=0 b=0
P t=188.4 x=-9.07 y=2.27 h=354.8 m=turnleft c=(-18,18) s=0.123 g=(-0.0011,-0.0009) r=0.57,0.64,0.53,0.41,0.37,0.35,0.55,0.53,0.41,1.01,1.17,0.73,0.66,0.19,0.11,0.64 tick=108304 goal=0 b=0
P t=189.4 x=-9.07 y=2.27 h=30.5 m=turnleft c=(-18,18) s=0.13 g=(-0.0012,0.0015) r=0.66,0.42,0.40,0.36,0.48,0.55,0.41,0.43,1.10,1.51,0.64,0.47,0.15,0.63,0.58,0.56 tick=108409 goal=0 b=0
P t=190.5 x=-8.78 y=2.50 h=37.7 m=follow c=(9.7,0.3) s=0.129 g=(-0.0013,0.0013) r=0.63,0.40,0.38,0.35,0.51,0.55,0.42,0.47,1.15,0.73,0.64,0.22,0.12,0.61,0.58,0.58 tick=108513 goal=0 b=0
P t=191.6 x=-8.38 y=2.71 h=19.5 m=follow c=(10.2,-0.2) s=0.12 g=(-0.0012,-0.0008) r=0.65,0.55,0.39,0.34,0.38,0.59,0.50,0.46,1.07,1.39,0.64,0.65,0.14,0.79,0.62,0.52 tick=108620 goal=0 b=0
P t=192.6 x=-7.98 y=2.86 h=12.7 m=follow c=(11.3,-1.3) s=0.129 g=(-0.0009,-0.0058) r=0.58,0.53,0.37,0.36,0.34,0.52,0.56,0.43,0.48,1.19,0.75,0.66,0.18,0.93,0.63,0.53 tick=108721 goal=0 b=0
P t=193.6 x=-7.53 y=2.92 h=2.1 m=follow c=(14.8,-4.8) s=0.115 g=(-0.0012,-0.0050) r=0.49,0.61,0.51,0.38,0.35,0.35,0.57,0.52,0.49,1.09,1.41,0.67,0.62,1.26,0.76,0.60 tick=108826 goal=0 b=0
P t=194.7 x=-7.09 y=2.85 h=344.2 m=follow c=(15.0,-5.0) s=0.116 g=(-0.0009,-0.0056) r=0.55,0.49,0.61,0.51,0.37,0.36,0.38,0.60,0.54,0.52,1.09,1.45,0.65,0.18,1.13,0.62 tick=108932 goal=0 b=0
P t=195.7 x=-6.70 y=2.64 h=325.2 m=follow c=(11.5,-1.5) s=0.109 g=(-0.0011,-0.0053) r=0.59,0.52,0.47,0.59,0.51,0.37,0.36,0.40,0.64,0.50,0.53,1.15,0.79,0.67,0.34,1.06 tick=109038 goal=0 b=0
P t=196.8 x=-7.06 y=2.96 h=324.8 m=turnleft c=(-18,18) s=0.125 g=(0.0000,-0.0066) r=0.60,0.56,0.50,0.60,0.49,0.39,0.33,0.38,0.60,0.51,0.52,1.10,1.53,0.67,0.13,1.10 tick=109145 goal=0 b=0
P t=197.9 x=-7.06 y=2.96 h=358.6 m=turnleft c=(-18,18) s=0.129 g=(0.0003,-0.0070) r=0.50,0.58,0.49,0.36,0.37,0.34,0.55,0.58,0.47,1.09,1.27,0.71,0.66,1.57,0.81,0.60 tick=109253 goal=0 b=0
P t=198.9 x=-6.96 y=3.02 h=29.6 m=follow c=(15.0,-5.0) s=0.125 g=(0.0003,-0.0073) r=0.60,0.48,0.36,0.35,0.36,0.61,0.54,0.49,1.10,1.46,0.65,0.18,1.16,0.66,0.55,0.48 tick=109360 goal=0 b=0
P t=200.0 x=-6.53 y=3.15 h=13.3 m=follow c=(15.0,-5.0) s=0.123 g=(0.0003,-0.0052) r=0.52,0.60,0.45,0.37,0.35,0.44,0.61,0.49,0.53,1.23,0.77,0.68,2.32,0.87,0.60,0.50 tick=109466 goal=0 b=0
P t=201.1 x=-6.09 y=3.24 h=8.7 m=follow c=(15.0,-5.0) s=0.118 g=(0.0003,-0.0053) r=0.50,0.58,0.47,0.37,0.35,0.40,0.63,0.52,0.54,1.23,0.79,0.69,2.52,0.83,0.60,0.48 tick=109571 goal=0 b=0
P t=202.1 x=-5.65 y=3.34 h=16.1 m=follow c=(15.0,-5.0) s=0.136 g=(0.0010,-0.0033) r=0.48,0.57,0.48,0.35,0.36,0.36,0.65,0.52,0.58,1.24,0.81,0.14,2.54,0.84,0.58,0.47 tick=109677 goal=0 b=0
P t=203.2 x=-5.22 y=3.44 h=13.6 m=follow c=(-5.0,15.0) s=0.127 g=(0.0003,-0.0022) r=0.48,0.55,0.46,0.35,0.36,0.38,0.67,0.55,0.57,1.27,0.82,0.17,2.61,0.83,0.57,0.46 tick=109782 goal=0 b=0
P t=204.2 x=-4.78 y=3.53 h=12.4 m=follow c=(-5.0,15.0) s=0.121 g=(0.0008,-0.0035) r=0.46,0.54,0.44,0.32,0.36,0.38,0.67,0.56,0.60,1.25,0.83,0.30,2.57,0.81,0.56,0.45 tick=109887 goal=0 b=0
P t=205.2 x=-4.36 y=3.61 h=7.3 m=follow c=(15.0,-5.0) s=0.125 g=(0.0006,-0.0037) r=0.42,0.52,0.44,0.33,0.35,0.36,0.64,0.59,0.61,1.28,0.82,0.31,2.68,0.81,0.53,0.43 tick=109988 goal=0 b=0
P t=206.3 x=-4.84 y=3.52 h=15.9 m=turnleft c=(-18,18) s=0.124 g=(0.0017,-0.0064) r=0.46,0.57,0.45,0.34,0.36,0.37,0.67,0.54,0.59,1.27,0.80,0.31,2.21,0.78,0.56,0.44 tick=110093 goal=0 b=0
P t=207.3 x=-4.84 y=3.52 h=48.0 m=turnleft c=(-18,18) s=0.125 g=(0.0118,-0.0490) r=0.42,0.33,0.34,0.35,0.56,0.63,0.53,1.17,1.47,0.14,0.35,1.14,0.54,0.50,0.41,0.51 tick=110198 goal=0 b=0
P t=208.4 x=-4.83 y=3.60 h=81.1 m=follow c=(10.0,10.0) s=0.123 g=(0.0104,-0.0447) r=0.36,0.35,0.39,0.66,0.53,0.59,1.31,0.78,0.31,1.91,0.78,0.56,0.43,0.47,0.54,0.44 tick=110304 goal=0 b=0
P t=209.4 x=-4.75 y=3.90 h=80.9 m=turnleft c=(-18,18) s=0.137 g=(-0.0019,0.0107) r=0.33,0.35,0.35,0.66,0.55,0.59,1.26,0.81,0.32,2.23,0.78,0.56,0.43,0.48,0.55,0.44 tick=110404 goal=0 b=0
P t=210.4 x=-4.75 y=3.90 h=116.1 m=turnleft c=(-18,18) s=0.11 g=(-0.0015,0.0100) r=0.32,0.57,0.63,0.55,1.19,1.52,0.14,3.00,1.10,0.56,0.48,0.42,0.52,0.44,0.32,0.34 tick=110510 goal=0 b=0
P t=211.5 x=-4.85 y=3.96 h=145.4 m=follow c=(8.3,1.7) s=0.119 g=(-0.0007,0.0036) r=0.64,0.59,0.58,1.26,0.84,0.29,2.81,0.84,0.56,0.45,0.46,0.54,0.44,0.32,0.35,0.34 tick=110616 goal=0 b=0
P t=212.6 x=-5.20 y=4.24 h=138.3 m=follow c=(7.7,2.3) s=0.11 g=(0.0015,-0.0004) r=0.57,0.61,0.53,1.16,1.51,0.15,2.99,1.08,0.57,0.49,0.43,0.54,0.43,0.31,0.34,0.33 tick=110722 goal=0 b=0
P t=213.6 x=-5.53 y=4.55 h=132.0 m=follow c=(7.8,2.2) s=0.109 g=(0.0044,0.0027) r=0.47,0.61,0.49,1.18,1.37,0.73,0.36,1.27,0.71,0.51,0.45,0.53,0.44,0.30,0.33,0.31 tick=110829 goal=0 b=0
P t=214.7 x=-5.82 y=4.89 h=128.1 m=follow c=(7.5,2.5) s=0.125 g=(0.0103,0.0077) r=0.34,0.61,0.51,0.55,1.29,0.82,0.19,1.92,0.80,0.62,0.43,0.52,0.43,0.33,0.32,0.30 tick=110934 goal=0 b=0
P t=215.8 x=-5.89 y=4.98 h=155.9 m=turnleft c=(-18,18) s=0.12 g=(0.0106,0.0083) r=0.59,0.50,0.56,1.29,0.79,0.19,1.64,0.80,0.57,0.46,0.54,0.40,0.30,0.32,0.31,0.38 tick=111042 goal=0 b=0
P t=216.8 x=-5.89 y=4.98 h=188.2 m=turnleft c=(-18,18) s=0.117 g=(0.0088,0.0066) r=0.52,1.15,1.59,0.74,3.00,1.05,0.61,0.47,0.47,0.56,0.43,0.31,0.31,0.31,0.55,0.58 tick=111147 goal=0 b=0
P t=217.9 x=-6.21 y=4.89 h=192.2 m=follow c=(11.7,-1.7) s=0.138 g=(0.0075,0.0060) r=0.56,1.25,0.83,0.73,2.61,0.85,0.63,0.46,0.52,0.47,0.36,0.32,0.31,0.33,0.61,0.54 tick=111252 goal=0 b=0
P t=218.9 x=-6.66 y=4.84 h=180.2 m=follow c=(10.3,-0.3) s=0.131 g=(-0.0049,-0.0061) r=0.48,1.15,1.41,0.70,0.19,1.28,0.66,0.55,0.47,0.56,0.45,0.32,0.30,0.28,0.53,0.57 tick=111358 goal=0 b=0
P t=220.0 x=-7.11 y=4.87 h=169.6 m=follow c=(7.5,2.5) s=0.104 g=(-0.0050,-0.0073) r=0.48,0.53,1.25,0.82,0.71,2.17,0.85,0.63,0.49,0.56,0.46,0.31,0.32,0.30,0.39,0.55 tick=111463 goal=0 b=0
P t=221.0 x=-7.55 y=4.94 h=172.0 m=follow c=(6.5,3.5) s=0.135 g=(-0.0024,-0.0025) r=0.51,0.49,1.13,1.58,0.73,0.41,1.02,0.64,0.52,0.55,0.49,0.32,0.34,0.30,0.33,0.56 tick=111568 goal=0 b=0
P t=222.1 x=-7.98 y=5.06 h=165.9 m=follow c=(6.6,3.4) s=0.112 g=(-0.0012,-0.0009) r=0.52,0.46,1.12,1.50,0.69,0.24,1.13,0.66,0.56,0.55,0.60,0.33,0.32,0.29,0.33,0.54 tick=111674 goal=0 b=0
P t=223.1 x=-8.39 y=5.18 h=162.5 m=follow c=(5.9,4.1) s=0.119 g=(-0.0018,-0.0054) r=0.53,0.42,1.11,1.45,0.71,0.69,1.20,0.65,0.59,0.54,0.61,0.37,0.31,0.29,0.29,0.50 tick=111775 goal=0 b=0
P t=224.2 x=-8.82 y=5.32 h=158.8 m=follow c=(6.1,3.9) s=0.132 g=(-0.0018,-0.0071) r=0.51,0.41,0.52,1.37,0.72,0.72,1.33,0.79,0.60,0.55,0.61,0.43,0.33,0.28,0.28,0.49 tick=111880 goal=0 b=0
P t=225.2 x=-9.25 y=5.40 h=178.6 m=seek c=(-9.0,19.0) s=0.121 g=(-0.0019,-0.0113) r=0.40,0.49,1.26,0.78,0.72,1.58,0.85,0.62,0.55,0.63,0.36,0.32,0.26,0.29,0.49,0.48 tick=111985 goal=0 b=0
P t=226.3 x=-9.68 y=5.26 h=209.8 m=seek c=(-9.0,19.0) s=0.124 g=(-0.0018,-0.0140) r=1.08,1.45,0.69,0.69,1.22,0.69,0.61,0.59,0.55,0.34,0.30,0.28,0.32,0.51,0.48,0.41 tick=112091 goal=0 b=0
P t=227.3 x=-10.01 y=4.97 h=232.9 m=seek c=(-4.0,14.0) s=0.121 g=(-0.0013,-0.0122) r=1.39,0.73,0.70,0.21,0.82,0.63,0.58,0.64,0.36,0.32,0.28,0.31,0.51,0.46,0.40,1.07 tick=112196 goal=0 b=0
P t=228.4 x=-10.50 y=4.21 h=244.8 m=seek c=(3.0,17.0) s=0.128 g=(0.0002,-0.0041) r=0.79,0.70,0.28,0.93,0.70,0.57,0.67,0.54,0.37,0.30,0.32,0.47,0.47,0.37,0.44,1.17 tick=112302 goal=0 b=0
P t=229.5 x=-10.79 y=3.35 h=257.1 m=seek c=(5.8,14.2) s=0.129 g=(0.0001,-0.0026) r=0.64,0.66,0.22,0.79,0.63,0.63,0.68,0.41,0.38,0.31,0.47,0.49,0.39,0.42,1.03,1.40 tick=112410 goal=0 b=0
P t=230.5 x=-10.96 y=2.54 h=258.8 m=seek c=(8.8,1.2) s=0.129 g=(-0.0004,-0.0011) r=0.60,0.64,0.20,0.71,0.63,0.62,0.61,0.42,0.37,0.35,0.51,0.49,0.35,0.41,1.06,1.47 tick=112519 goal=0 b=0
=== ctrl3 start 1787949865.74483 side=1 ===
P t=0.0 x=0.00 y=0.00 h=256.6 m=follow sd=1 c=(0.0,0.0) s=0.133 tr=None bs=0.000 r=0.60,0.64,0.22,0.78,0.65,0.60,0.63,0.42,0.39,0.34,0.50,0.52,0.35,0.40,1.01,1.44 tick=112542 goal=0 b=0
P t=1.1 x=-0.41 y=-0.95 h=237.1 m=follow sd=1 c=(16.5,7.5) s=0.115 tr=None bs=0.000 r=0.69,0.57,0.60,0.21,0.17,0.65,0.64,0.62,0.47,0.41,0.39,0.54,0.47,0.36,0.40,1.07 tick=112649 goal=0 b=0
P t=2.1 x=-0.85 y=-1.51 h=227.6 m=follow sd=1 c=(16.2,7.8) s=0.153 tr=None bs=0.000 r=1.29,0.61,0.61,0.43,0.18,0.15,0.61,0.76,0.64,0.45,0.39,0.52,0.50,0.35,0.38,0.94 tick=112755 goal=0 b=0
P t=3.2 x=-1.61 y=-2.26 h=217.4 m=follow sd=1 c=(16.5,7.5) s=0.131 tr=None bs=0.000 r=1.05,0.64,0.54,0.57,0.25,0.18,0.67,0.70,0.65,0.53,0.42,0.52,0.53,0.34,0.35,0.92 tick=112860 goal=0 b=0
P t=4.4 x=-2.51 y=-2.87 h=210.6 m=follow sd=1 c=(9.1,0.9) s=0.145 tr=None bs=0.000 r=0.93,1.25,0.56,0.58,0.41,0.21,0.19,0.67,0.84,0.54,0.45,0.47,0.56,0.37,0.34,0.32 tick=112977 goal=0 b=0
P t=5.4 x=-2.92 y=-3.07 h=202.5 m=follow sd=1 c=(8.6,1.4) s=0.123 tr=None bs=0.000 r=0.89,1.05,0.59,0.52,0.58,0.38,0.24,0.18,0.80,0.70,0.51,0.43,0.55,0.46,0.31,0.30 tick=113085 goal=0 b=0
P t=6.5 x=-3.32 y=-3.21 h=201.7 m=turn sd=1 c=(-18,18) s=0.147 tr=None bs=0.000 r=0.87,0.99,0.59,0.47,0.57,0.41,0.24,0.23,0.78,0.72,0.55,0.42,0.55,0.47,0.32,0.31 tick=113195 goal=0 b=0
P t=7.6 x=-3.32 y=-3.21 h=234.9 m=turn sd=1 c=(-18,18) s=0.148 tr=None bs=0.000 r=1.18,0.58,0.52,0.59,0.33,0.23,0.71,0.82,0.57,0.50,0.48,0.56,0.39,0.30,0.29,0.87 tick=113296 goal=0 b=0
P t=8.6 x=-3.32 y=-3.21 h=269.7 m=turn sd=1 c=(-18,18) s=0.147 tr=None bs=0.000 r=0.51,0.56,0.40,0.21,0.23,0.77,0.72,0.54,0.44,0.55,0.47,0.30,0.30,0.85,0.99,0.58 tick=113401 goal=0 b=0
P t=9.6 x=-3.40 y=-3.68 h=252.6 m=follow sd=1 c=(15.0,-5.0) s=0.132 tr=None bs=0.000 r=0.56,0.51,0.55,0.37,0.21,0.22,0.81,0.73,0.51,0.50,0.56,0.37,0.30,0.30,0.85,1.14 tick=113503 goal=0 b=0
P t=10.7 x=-3.63 y=-4.08 h=231.0 m=follow sd=1 c=(15.0,-5.0) s=0.146 tr=None bs=0.000 r=1.20,0.56,0.52,0.59,0.35,0.21,0.23,0.85,0.61,0.51,0.52,0.58,0.32,0.32,0.77,0.86 tick=113611 goal=0 b=0
P t=11.8 x=-3.95 y=-4.41 h=224.4 m=follow sd=1 c=(5.8,4.2) s=0.131 tr=None bs=0.000 r=1.01,0.52,0.45,0.53,0.39,0.23,0.25,0.82,0.75,0.57,0.49,0.59,0.34,0.30,0.28,0.84 tick=113719 goal=0 b=0
P t=12.9 x=-4.31 y=-4.74 h=222.4 m=follow sd=1 c=(5.8,4.2) s=0.136 tr=None bs=0.000 r=0.96,0.53,0.44,0.52,0.40,0.26,0.24,0.83,0.78,0.56,0.50,0.57,0.34,0.29,0.28,0.84 tick=113834 goal=0 b=0
P t=14.0 x=-4.64 y=-5.04 h=221.4 m=follow sd=1 c=(5.7,4.3) s=0.146 tr=None bs=0.000 r=0.95,0.52,0.42,0.51,0.39,0.28,0.26,0.78,0.78,0.58,0.51,0.60,0.32,0.28,0.28,0.82 tick=113939 goal=0 b=0
P t=15.1 x=-4.88 y=-5.27 h=218.9 m=backup sd=1 c=(-10,-10) s=0.141 tr=None bs=0.000 r=0.94,0.53,0.43,0.54,0.42,0.31,0.27,0.79,0.80,0.59,0.50,0.58,0.31,0.27,0.27,0.80 tick=114046 goal=0 b=0
P t=16.1 x=-4.48 y=-4.93 h=236.7 m=turn sd=1 c=(-18,18) s=0.146 tr=None bs=0.000 r=1.25,0.51,0.52,0.54,0.37,0.24,0.28,0.89,0.63,0.51,0.58,0.52,0.31,0.28,0.77,0.90 tick=114152 goal=0 b=0
P t=17.2 x=-4.48 y=-4.93 h=270.4 m=turn sd=1 c=(-18,18) s=0.138 tr=None bs=0.000 r=0.46,0.52,0.39,0.27,0.26,0.83,0.78,0.56,0.52,0.60,0.32,0.29,0.31,0.82,1.01,0.51 tick=114258 goal=0 b=0
P t=18.2 x=-4.40 y=-5.11 h=290.0 m=follow sd=1 c=(15.0,-5.0) s=0.131 tr=None bs=0.000 r=0.51,0.38,0.26,0.24,0.79,0.78,0.59,0.49,0.58,0.35,0.30,0.29,0.82,0.95,0.53,0.43 tick=114363 goal=0 b=0
P t=19.3 x=-4.32 y=-5.55 h=269.7 m=follow sd=1 c=(15.0,-5.0) s=0.136 tr=None bs=0.000 r=0.44,0.51,0.39,0.25,0.25,0.81,0.79,0.59,0.52,0.61,0.32,0.28,0.75,0.83,1.04,0.51 tick=114469 goal=0 b=0
P t=20.3 x=-4.41 y=-5.99 h=249.7 m=follow sd=1 c=(15.0,-5.0) s=0.146 tr=0.003 bs=0.140 r=0.51,0.41,0.50,0.39,0.25,0.26,0.85,0.81,0.59,0.56,0.60,0.32,0.29,0.76,0.82,1.10 tick=114574 goal=0 b=0
P t=21.4 x=-4.63 y=-6.37 h=227.0 m=follow sd=1 c=(15.0,-5.0) s=0.148 tr=0.004 bs=0.141 r=1.12,0.48,0.43,0.47,0.36,0.25,0.26,0.89,0.70,0.58,0.61,0.57,0.29,0.27,0.73,0.85 tick=114680 goal=0 b=0
P t=22.5 x=-5.05 y=-6.74 h=220.8 m=follow sd=1 c=(14.0,10.0) s=0.159 tr=0.003 bs=0.141 r=0.89,1.26,0.43,0.45,0.53,0.39,0.26,0.31,0.93,0.69,0.55,0.63,0.35,0.29,0.34,0.81 tick=114786 goal=0 b=0
P t=23.5 x=-5.94 y=-7.34 h=212.8 m=follow sd=1 c=(13.2,10.8) s=0.142 tr=0.004 bs=0.141 r=0.84,1.17,0.44,0.41,0.48,0.36,0.31,0.29,0.96,0.70,0.57,0.65,0.34,0.28,0.31,0.76 tick=114892 goal=0 b=0
P t=24.6 x=-6.87 y=-7.90 h=213.9 m=follow sd=1 c=(12.8,11.2) s=0.153 tr=0.004 bs=0.141 r=0.78,1.06,0.41,0.37,0.47,0.42,0.39,0.30,0.99,0.73,0.61,0.65,0.33,0.26,0.28,0.72 tick=114998 goal=0 b=0
P t=25.6 x=-7.83 y=-8.41 h=207.3 m=follow sd=1 c=(14.1,9.9) s=0.15 tr=0.005 bs=0.142 r=0.72,0.97,0.40,0.37,0.44,0.51,0.42,0.33,0.97,0.76,0.60,0.66,0.31,0.24,0.33,0.68 tick=115104 goal=0 b=0
P t=26.7 x=-8.80 y=-8.86 h=202.2 m=follow sd=1 c=(15.2,8.8) s=0.156 tr=0.003 bs=0.142 r=0.65,0.83,1.44,0.38,0.35,0.50,0.42,0.38,0.39,0.94,0.64,0.69,0.32,0.21,0.29,0.62 tick=115210 goal=0 b=0
P t=27.8 x=-9.84 y=-9.24 h=199.5 m=follow sd=1 c=(14.4,9.6) s=0.147 tr=0.005 bs=0.144 r=0.62,0.75,1.11,0.39,0.35,0.48,0.46,0.44,0.45,0.98,0.69,0.71,0.29,0.18,0.36,0.60  b=0
P t=28.8 x=-10.58 y=-9.47 h=195.2 m=follow sd=1 c=(6.3,3.7) s=0.147 tr=0.004 bs=0.144 r=0.61,0.71,1.03,0.35,0.37,0.46,0.54,0.50,0.44,0.99,0.72,0.70,0.29,0.18,0.35,0.58 tick=115426 goal=0 b=0
P t=29.9 x=-11.24 y=-9.62 h=192.6 m=follow sd=1 c=(6.1,3.9) s=0.157 tr=0.006 bs=0.146 r=0.61,0.67,0.96,1.38,0.36,0.38,0.58,0.51,0.43,1.13,0.79,0.71,0.30,0.17,0.30,0.56 tick=115533 goal=0 b=0
P t=31.0 x=-11.69 y=-9.71 h=191.3 m=follow sd=1 c=(5.6,4.4) s=0.152 tr=0.008 bs=0.148 r=0.61,0.65,0.91,1.42,0.39,0.37,0.59,0.52,0.47,1.15,0.82,0.71,0.27,0.18,0.29,0.55 tick=115641 goal=0 b=0
P t=32.1 x=-12.14 y=-9.78 h=186.3 m=follow sd=1 c=(5.9,4.1) s=0.169 tr=0.008 bs=0.148 r=0.60,0.63,0.91,1.42,0.36,0.37,0.56,0.52,0.47,1.16,0.83,0.71,0.29,0.16,0.30,0.55 tick=115749 goal=0 b=0
P t=33.1 x=-12.56 y=-9.84 h=190.5 m=follow sd=1 c=(5.4,4.6) s=0.159 tr=0.01 bs=0.150 r=0.57,0.62,0.87,1.41,0.34,0.36,0.56,0.53,0.47,1.14,0.85,0.71,0.27,0.17,0.29,0.55 tick=115849 goal=0 b=0
P t=34.1 x=-13.00 y=-9.89 h=185.2 m=follow sd=1 c=(4.5,5.5) s=0.149 tr=0.011 bs=0.151 r=0.57,0.57,0.78,1.41,0.33,0.38,0.55,0.53,0.49,1.16,0.85,0.71,0.14,0.15,0.31,0.53 tick=115953 goal=0 b=0
P t=35.2 x=-13.44 y=-9.96 h=185.0 m=follow sd=1 c=(4.8,5.2) s=0.168 tr=0.011 bs=0.151 r=0.55,0.56,0.77,1.40,0.34,0.39,0.57,0.56,0.51,1.17,0.84,0.74,0.17,0.17,0.31,0.52 tick=116057 goal=0 b=0
P t=36.2 x=-13.87 y=-10.02 h=186.9 m=follow sd=1 c=(4.7,5.3) s=0.152 tr=0.012 bs=0.153 r=0.54,0.56,0.73,1.42,0.33,0.37,0.56,0.57,0.51,1.18,0.82,0.75,0.16,0.17,0.32,0.50 tick=116160 goal=0 b=0
P t=37.2 x=-13.71 y=-9.99 h=189.1 m=backup sd=1 c=(-10,-10) s=0.155 tr=0.012 bs=0.154 r=0.54,0.58,0.76,1.42,0.34,0.38,0.57,0.55,0.50,1.19,0.84,0.74,0.15,0.15,0.31,0.51 tick=116262 goal=0 b=0
P t=38.2 x=-13.49 y=-9.96 h=212.8 m=turn sd=1 c=(-18,18) s=0.151 tr=0.012 bs=0.154 r=0.59,0.84,1.42,0.35,0.38,0.58,0.53,0.50,1.17,0.83,0.75,0.16,0.16,0.31,0.51,0.56 tick=116364 goal=0 b=0
P t=39.3 x=-13.49 y=-9.96 h=247.3 m=turn sd=1 c=(-18,18) s=0.155 tr=0.013 bs=0.156 r=1.06,0.58,0.38,0.49,0.56,0.53,0.56,0.90,0.71,0.29,0.16,0.21,0.37,0.53,0.52,0.66 tick=116468 goal=0 b=0
P t=40.3 x=-13.59 y=-10.32 h=249.3 m=follow sd=1 c=(11.4,-1.4) s=0.169 tr=0.012 bs=0.156 r=1.06,0.32,0.40,0.51,0.55,0.52,1.11,0.90,0.73,0.29,0.15,0.23,0.38,0.54,0.53,0.64 tick=116571 goal=0 b=0
P t=41.3 x=-14.04 y=-11.19 h=238.5 m=follow sd=1 c=(17.4,6.6) s=0.161 tr=0.012 bs=0.157 r=0.85,1.38,0.30,0.35,0.56,0.56,0.53,1.21,0.81,0.78,0.18,0.23,0.36,0.47,0.52,0.60 tick=116673 goal=0 b=0
P t=42.4 x=-14.38 y=-11.63 h=227.3 m=follow sd=1 c=(10.8,-0.8) s=0.152 tr=0.01 bs=0.157 r=0.61,1.03,0.55,0.35,0.36,0.61,0.57,0.58,0.97,0.77,0.18,0.21,0.35,0.52,0.52,0.50 tick=116777 goal=0 b=0
P t=43.4 x=-14.72 y=-11.92 h=215.7 m=follow sd=1 c=(9.5,0.5) s=0.168 tr=0.01 bs=0.158 r=0.58,0.84,1.33,0.30,0.35,0.57,0.60,0.54,1.13,0.81,0.40,0.20,0.30,0.37,0.47,0.46 tick=116882 goal=0 b=0
P t=44.4 x=-15.09 y=-12.15 h=208.0 m=follow sd=1 c=(8.7,1.3) s=0.147 tr=0.01 bs=0.159 r=0.51,0.66,1.34,0.52,0.32,0.36,0.59,0.58,1.23,0.94,0.81,0.19,0.25,0.37,0.46,0.50 tick=116985 goal=0 b=0
P t=45.5 x=-15.49 y=-12.34 h=202.1 m=follow sd=1 c=(8.6,1.4) s=0.16 tr=0.01 bs=0.160 r=0.47,0.56,0.94,1.22,0.28,0.35,0.65,0.63,0.61,0.99,0.80,0.22,0.23,0.35,0.47,0.49 tick=117089 goal=0 b=0
P t=46.5 x=-15.91 y=-12.48 h=199.2 m=follow sd=1 c=(7.7,2.3) s=0.17 tr=0.01 bs=0.161 r=0.45,0.54,0.78,1.32,0.28,0.33,0.57,0.60,0.59,1.16,0.82,0.22,0.23,0.33,0.40,0.45 tick=117192 goal=0 b=0
P t=47.5 x=-16.32 y=-12.57 h=190.4 m=follow sd=1 c=(6.4,3.6) s=0.154 tr=0.009 bs=0.161 r=0.42,0.50,0.75,1.31,0.50,0.32,0.39,0.59,0.59,1.31,0.87,0.22,0.22,0.32,0.37,0.42 tick=117293 goal=0 b=0
P t=48.6 x=-16.76 y=-12.64 h=189.6 m=follow sd=1 c=(6.3,3.7) s=0.173 tr=0.009 bs=0.162 r=0.43,0.47,0.59,1.32,0.53,0.30,0.38,0.65,0.61,1.30,0.92,0.23,0.21,0.34,0.34,0.41 tick=117397 goal=0 b=0
P t=49.6 x=-17.18 y=-12.70 h=183.7 m=follow sd=1 c=(6.4,3.6) s=0.18 tr=0.009 bs=0.163 r=0.43,0.45,0.55,0.97,1.26,0.26,0.38,0.67,0.63,1.29,0.98,0.23,0.23,0.31,0.34,0.41 tick=117498 goal=0 b=0
P t=50.6 x=-17.61 y=-12.74 h=186.5 m=follow sd=1 c=(5.9,4.1) s=0.179 tr=0.01 bs=0.165 r=0.41,0.42,0.51,0.93,1.22,0.29,0.40,0.70,0.66,1.30,0.99,0.24,0.22,0.29,0.34,0.38 tick=117600 goal=0 b=0
P t=51.6 x=-18.06 y=-12.75 h=182.3 m=follow sd=1 c=(5.5,4.5) s=0.171 tr=0.012 bs=0.167 r=0.42,0.36,0.50,0.90,1.23,0.29,0.40,0.74,0.69,1.28,1.02,0.25,0.21,0.29,0.34,0.39 tick=117704 goal=0 b=0
P t=52.7 x=-18.50 y=-12.77 h=184.0 m=follow sd=1 c=(5.3,4.7) s=0.177 tr=0.012 bs=0.168 r=0.40,0.38,0.48,0.85,1.22,0.46,0.38,0.68,0.71,0.72,1.04,0.24,0.25,0.30,0.34,0.37 tick=117808 goal=0 b=0
P t=53.7 x=-18.96 y=-12.77 h=177.7 m=follow sd=1 c=(4.8,5.2) s=0.17 tr=0.012 bs=0.169 r=0.39,0.35,0.47,0.80,1.23,0.48,0.39,0.65,0.73,0.74,1.05,0.23,0.25,0.30,0.31,0.36 tick=117915 goal=0 b=0
P t=54.8 x=-19.41 y=-12.76 h=173.8 m=follow sd=1 c=(5.3,4.7) s=0.173 tr=0.012 bs=0.170 r=0.39,0.32,0.46,0.74,1.26,0.52,0.36,0.66,0.70,0.75,1.06,0.26,0.23,0.29,0.29,0.35 tick=118021 goal=0 b=0
P t=55.8 x=-19.84 y=-12.75 h=179.2 m=follow sd=1 c=(5.3,4.7) s=0.17 tr=0.012 bs=0.171 r=0.39,0.32,0.44,0.73,1.29,0.53,0.35,0.66,0.73,0.75,1.08,0.24,0.24,0.29,0.29,0.34 tick=118124 goal=0 b=0
P t=56.8 x=-19.91 y=-12.75 h=179.4 m=backup sd=1 c=(-10,-10) s=0.167 tr=0.012 bs=0.171 r=0.36,0.32,0.43,0.71,1.28,0.52,0.35,0.65,0.74,0.74,1.09,0.27,0.24,0.29,0.30,0.34 tick=118224 goal=0 b=0
P t=57.8 x=-19.53 y=-12.76 h=196.6 m=turn sd=1 c=(-18,18) s=0.184 tr=0.011 bs=0.172 r=0.34,0.42,0.63,1.29,0.56,0.32,0.45,0.69,0.69,1.26,0.25,0.26,0.28,0.31,0.37,0.37 tick=118325 goal=0 b=0
P t=58.9 x=-19.53 y=-12.76 h=234.2 m=turn sd=1 c=(-18,18) s=0.186 tr=0.011 bs=0.172 r=0.50,0.92,1.23,0.33,0.42,0.74,0.70,1.35,0.93,0.24,0.26,0.30,0.36,0.35,0.37,0.36 tick=118435 goal=0 b=0
P t=60.0 x=-19.71 y=-13.08 h=241.4 m=follow sd=1 c=(7.2,2.8) s=0.184 tr=0.01 bs=0.172 r=0.58,1.29,0.54,0.30,0.43,0.68,0.68,1.24,0.28,0.23,0.28,0.30,0.37,0.36,0.33,0.44 tick=118537 goal=0 b=0
P t=61.0 x=-19.96 y=-13.46 h=232.0 m=follow sd=1 c=(7.5,2.5) s=0.181 tr=0.011 bs=0.173 r=0.47,0.96,1.23,0.33,0.42,0.74,0.68,1.40,0.89,0.24,0.29,0.28,0.41,0.37,0.34,0.38 tick=118644 goal=0 b=0
P t=62.1 x=-20.24 y=-13.82 h=227.9 m=follow sd=1 c=(7.8,2.2) s=0.178 tr=0.008 bs=0.173 r=0.44,0.81,1.19,0.49,0.37,0.70,0.77,1.36,1.02,0.25,0.31,0.30,0.37,0.35,0.36,0.34 tick=118751 goal=0 b=0
P t=63.2 x=-20.55 y=-14.16 h=223.5 m=follow sd=1 c=(7.2,2.8) s=0.196 tr=0.008 bs=0.174 r=0.42,0.70,1.25,0.50,0.30,0.45,0.74,0.77,1.13,0.28,0.29,0.32,0.38,0.34,0.33,0.30 tick=118861 goal=0 b=0
P t=64.3 x=-20.80 y=-14.39 h=229.8 m=turn sd=1 c=(-18,18) s=0.183 tr=0.007 bs=0.175 r=0.41,0.77,1.19,0.49,0.32,0.67,0.76,1.37,1.05,0.28,0.31,0.30,0.39,0.34,0.30,0.32 tick=118968 goal=0 b=0
P t=65.3 x=-20.80 y=-14.39 h=262.1 m=turn sd=1 c=(-18,18) s=0.176 tr=0.007 bs=0.176 r=1.23,1.76,0.35,0.44,0.72,0.70,1.31,0.33,0.28,0.32,0.32,0.34,0.36,0.30,0.39,0.49 tick=119071 goal=0 b=0
P t=66.3 x=-20.76 y=-14.48 h=293.5 m=follow sd=1 c=(12.0,12.0) s=0.175 tr=0.007 bs=0.177 r=0.49,0.30,0.49,0.75,0.78,1.12,0.29,0.32,0.32,0.40,0.33,0.32,0.28,0.41,0.69,1.21 tick=119172 goal=0 b=0
P t=67.3 x=-20.75 y=-14.51 h=325.4 m=turn sd=1 c=(-18,18) s=0.191 tr=0.008 bs=0.178 r=0.36,0.67,0.75,1.41,0.98,0.27,0.31,0.30,0.37,0.35,0.29,0.33,0.42,0.87,1.19,0.48 tick=119275 goal=0 b=0
P t=68.4 x=-20.75 y=-14.51 h=357.2 m=turn sd=1 c=(-18,18) s=0.174 tr=0.008 bs=0.180 r=0.72,0.75,1.14,0.31,0.29,0.32,0.34,0.32,0.36,0.31,0.41,0.65,1.25,0.52,0.30,0.47  b=0
P t=69.4 x=-20.17 y=-14.47 h=358.7 m=follow sd=1 c=(15.0,-5.0) s=0.181 tr=0.009 bs=0.180 r=0.71,0.74,1.14,0.30,0.27,0.32,0.35,0.35,0.37,0.29,0.41,0.71,1.24,0.51,0.30,0.43 tick=119487 goal=0 b=0
P t=70.5 x=-19.72 y=-14.59 h=335.9 m=follow sd=1 c=(13.9,-3.9) s=0.171 tr=0.009 bs=0.180 r=0.43,0.70,0.74,1.12,0.30,0.29,0.34,0.37,0.37,0.35,0.32,0.43,0.73,1.22,0.48,0.29 tick=119592 goal=0 b=0
P t=71.6 x=-19.69 y=-14.61 h=7.2 m=turn sd=1 c=(-18,18) s=0.185 tr=0.008 bs=0.180 r=0.72,1.37,1.04,0.28,0.31,0.31,0.44,0.37,0.34,0.36,0.44,0.87,1.18,0.45,0.36,0.68 tick=119698 goal=0 b=0
P t=72.6 x=-19.69 y=-14.61 h=39.1 m=turn sd=1 c=(-18,18) s=0.197 tr=0.007 bs=0.180 r=1.26,0.31,0.29,0.31,0.33,0.36,0.37,0.32,0.43,0.69,1.24,0.50,0.28,0.40,0.69,0.69 tick=119801 goal=0 b=0
P t=73.7 x=-19.62 y=-14.53 h=71.4 m=turn sd=1 c=(-18,18) s=0.196 tr=0.007 bs=0.180 r=0.28,0.31,0.32,0.41,0.38,0.32,0.35,0.44,0.84,1.17,0.46,0.33,0.66,0.74,1.34,1.05 tick=119908 goal=0 b=0
P t=74.7 x=-19.62 y=-14.53 h=104.7 m=turn sd=1 c=(-18,18) s=0.188 tr=0.006 bs=0.180 r=0.33,0.34,0.36,0.36,0.32,0.42,0.68,1.25,0.53,0.29,0.41,0.69,0.69,1.27,0.34,0.26 tick=120010 goal=0 b=0
P t=75.8 x=-19.77 y=-14.28 h=116.7 m=follow sd=1 c=(15.0,-5.0) s=0.162 tr=0.005 bs=0.180 r=0.33,0.40,0.34,0.35,0.35,0.43,0.82,1.16,0.47,0.34,0.66,0.72,0.75,1.07,0.28,0.28 tick=120118 goal=0 b=0
P t=76.8 x=-19.77 y=-14.28 h=147.8 m=turn sd=1 c=(-18,18) s=0.181 tr=0.005 bs=0.180 r=0.36,0.38,0.31,0.40,0.56,1.27,1.75,0.31,0.40,0.71,0.68,1.27,0.91,0.26,0.33,0.33 tick=120221 goal=0 b=0
P t=77.8 x=-19.77 y=-14.28 h=182.6 m=turn sd=1 c=(-18,18) s=0.174 tr=0.003 bs=0.180 r=0.35,0.34,0.45,0.78,1.19,0.46,0.31,0.61,0.72,0.74,1.11,0.28,0.27,0.31,0.39,0.34 tick=120323 goal=0 b=0
P t=78.8 x=-20.13 y=-14.36 h=188.0 m=follow sd=1 c=(7.6,2.4) s=0.173 tr=0.002 bs=0.180 r=0.33,0.38,0.46,0.90,1.21,0.44,0.41,0.76,0.73,1.40,0.92,0.25,0.33,0.33,0.39,0.37 tick=120430 goal=0 b=0
P t=79.9 x=-20.57 y=-14.40 h=180.7 m=follow sd=1 c=(8.6,1.4) s=0.176 tr=0.001 bs=0.180 r=0.31,0.33,0.45,0.81,1.17,0.49,0.32,0.67,0.73,1.35,1.09,0.28,0.31,0.32,0.41,0.34 tick=120528 goal=0 b=0
P t=80.9 x=-20.64 y=-14.40 h=206.8 m=turn sd=1 c=(-18,18) s=0.195 tr=0.001 bs=0.180 r=0.34,0.43,0.86,1.18,0.47,0.32,0.68,0.76,1.40,0.99,0.28,0.31,0.32,0.38,0.35,0.32 tick=120628 goal=0 b=0
P t=81.9 x=-20.64 y=-14.40 h=243.6 m=turn sd=1 c=(-18,18) s=0.185 tr=0.0 bs=0.180 r=0.68,1.26,0.53,0.30,0.43,0.71,0.73,1.13,0.29,0.31,0.31,0.33,0.32,0.34,0.31,0.41 tick=120735 goal=0 b=0
P t=83.0 x=-20.80 y=-14.81 h=247.3 m=follow sd=1 c=(6.1,3.9) s=0.165 tr=0.0 bs=0.180 r=0.69,1.21,0.47,0.28,0.44,0.74,0.79,1.13,0.30,0.33,0.32,0.40,0.33,0.33,0.30,0.41 tick=120843 goal=0 b=0
P t=84.1 x=-20.98 y=-15.22 h=243.9 m=follow sd=1 c=(6.3,3.7) s=0.19 tr=0.001 bs=0.180 r=0.66,1.25,0.51,0.31,0.44,0.70,0.77,1.17,0.32,0.32,0.33,0.39,0.35,0.32,0.29,0.40 tick=120949 goal=0 b=0
P t=85.2 x=-21.18 y=-15.63 h=243.0 m=follow sd=1 c=(6.2,3.8) s=0.193 tr=0.001 bs=0.181 r=0.64,1.23,1.78,0.38,0.40,0.71,0.74,1.32,0.34,0.33,0.34,0.39,0.33,0.33,0.28,0.37 tick=121056 goal=0 b=0
P t=86.2 x=-21.40 y=-16.04 h=242.6 m=follow sd=1 c=(6.0,4.0) s=0.198 tr=0.001 bs=0.181 r=0.56,1.18,1.74,0.42,0.37,0.75,0.74,1.35,0.38,0.34,0.35,0.41,0.33,0.31,0.27,0.36  b=0
P t=87.3 x=-21.62 y=-16.43 h=239.6 m=follow sd=1 c=(5.7,4.3) s=0.185 tr=0.001 bs=0.181 r=0.45,1.19,1.70,0.43,0.29,0.77,0.76,1.35,0.39,0.36,0.35,0.39,0.35,0.29,0.27,0.34 tick=121272 goal=0 b=0
P t=88.4 x=-21.86 y=-16.82 h=237.6 m=follow sd=1 c=(5.3,4.7) s=0.186 tr=0.002 bs=0.182 r=0.41,1.18,1.16,0.43,0.28,0.77,0.78,1.39,0.41,0.35,0.40,0.42,0.35,0.29,0.25,0.34 tick=121380 goal=0 b=0
P t=89.4 x=-22.08 y=-17.19 h=240.4 m=follow sd=1 c=(5.5,4.5) s=0.186 tr=0.002 bs=0.182 r=0.39,0.86,1.16,0.44,0.28,0.71,0.79,1.51,1.00,0.37,0.38,0.43,0.33,0.30,0.26,0.32 tick=121480 goal=0 b=0
P t=90.5 x=-22.33 y=-17.56 h=237.5 m=follow sd=1 c=(5.2,4.8) s=0.185 tr=0.004 bs=0.184 r=0.34,0.80,1.12,0.43,0.29,0.46,0.81,1.49,1.02,0.36,0.39,0.43,0.35,0.27,0.25,0.33 tick=121586 goal=0 b=0
P t=91.5 x=-22.58 y=-17.91 h=235.9 m=follow sd=1 c=(5.3,4.7) s=0.19 tr=0.005 bs=0.185 r=0.36,0.76,1.10,0.44,0.30,0.46,0.82,1.50,1.03,0.38,0.40,0.42,0.35,0.25,0.25,0.30 tick=121687 goal=0 b=0
P t=92.5 x=-22.71 y=-18.10 h=251.3 m=turn sd=1 c=(-18,18) s=0.187 tr=0.005 bs=0.185 r=0.63,1.14,0.65,0.38,0.38,0.77,0.86,1.19,0.40,0.41,0.40,0.34,0.30,0.23,0.29,0.32 tick=121795 goal=0 b=0
P t=93.6 x=-22.71 y=-18.10 h=288.3 m=turn sd=1 c=(-18,18) s=0.194 tr=0.006 bs=0.186 r=1.70,0.42,0.26,0.79,0.78,1.39,0.42,0.43,0.39,0.38,0.33,0.22,0.26,0.30,0.54,1.15 tick=121904 goal=0 b=0
P t=94.7 x=-22.66 y=-18.17 h=321.0 m=turn sd=1 c=(-18,18) s=0.201 tr=0.008 bs=0.188 r=0.38,0.41,0.77,0.87,1.16,0.39,0.42,0.41,0.33,0.29,0.23,0.29,0.30,0.71,1.11,0.47 tick=122012 goal=0 b=0
P t=95.7 x=-22.66 y=-18.17 h=354.6 m=turn sd=1 c=(-18,18) s=0.192 tr=0.009 bs=0.189 r=0.81,0.80,1.41,0.42,0.41,0.38,0.38,0.31,0.22,0.26,0.32,0.48,0.82,1.66,0.43,0.27 tick=122114 goal=0 b=0
P t=96.8 x=-22.38 y=-18.07 h=20.5 m=follow sd=1 c=(22.0,2.0) s=0.187 tr=0.008 bs=0.189 r=0.79,1.38,0.40,0.40,0.37,0.39,0.33,0.23,0.27,0.29,0.53,1.15,1.70,0.43,0.27,0.81 tick=122219 goal=0 b=0
P t=97.8 x=-21.78 y=-17.97 h=358.8 m=follow sd=1 c=(15.0,-5.0) s=0.19 tr=0.009 bs=0.190 r=0.73,0.78,1.22,0.40,0.39,0.39,0.36,0.35,0.26,0.32,0.33,0.61,1.16,0.66,0.37,0.36 tick=122323 goal=0 b=0
P t=98.9 x=-21.74 y=-17.97 h=21.6 m=turn sd=1 c=(-18,18) s=0.182 tr=0.009 bs=0.190 r=0.82,1.15,0.37,0.40,0.40,0.34,0.32,0.25,0.31,0.36,0.71,1.08,0.43,0.33,0.41,0.75 tick=122426 goal=0 b=0
P t=99.9 x=-21.74 y=-17.97 h=63.6 m=turn sd=1 c=(-18,18) s=0.195 tr=0.008 bs=0.190 r=0.44,0.40,0.40,0.41,0.37,0.25,0.27,0.32,0.56,1.16,1.67,0.42,0.26,0.78,0.77,1.37 tick=122529 goal=0 b=0
P t=100.9 x=-21.63 y=-17.65 h=67.1 m=follow sd=1 c=(15.0,-5.0) s=0.202 tr=0.009 bs=0.191 r=0.40,0.40,0.38,0.37,0.36,0.26,0.28,0.32,0.62,1.16,1.79,0.38,0.29,0.73,0.77,1.23 tick=122631 goal=0 b=0
P t=102.0 x=-21.37 y=-17.28 h=44.4 m=follow sd=1 c=(14.3,-4.3) s=0.19 tr=0.008 bs=0.191 r=1.18,0.37,0.39,0.37,0.37,0.36,0.26,0.31,0.38,0.64,1.15,0.46,0.32,0.41,0.72,0.80 tick=122740 goal=0 b=0
P t=103.1 x=-20.72 y=-16.84 h=26.9 m=follow sd=1 c=(17.0,7.0) s=0.186 tr=0.006 bs=0.191 r=0.81,1.10,0.33,0.38,0.37,0.38,0.37,0.27,0.37,0.42,0.80,1.12,0.44,0.24,0.43,0.75 tick=122848 goal=0 b=0
P t=104.2 x=-19.71 y=-16.41 h=19.9 m=follow sd=1 c=(16.2,7.8) s=0.196 tr=0.005 bs=0.191 r=0.68,1.31,0.93,0.31,0.38,0.43,0.38,0.35,0.35,0.40,0.67,1.20,0.45,0.26,0.39,0.68 tick=122956 goal=0 b=0
P t=105.2 x=-18.73 y=-16.12 h=11.4 m=follow sd=1 c=(15.5,8.5) s=0.184 tr=0.004 bs=0.191 r=0.70,1.38,0.95,0.32,0.35,0.38,0.42,0.41,0.35,0.41,0.63,1.22,1.69,0.24,0.32,0.69 tick=123057 goal=0 b=0
P t=106.3 x=-18.00 y=-16.07 h=351.1 m=follow sd=1 c=(13.2,-3.2) s=0.156 tr=0.003 bs=0.191 r=0.66,0.67,1.25,0.90,0.30,0.36,0.38,0.43,0.42,0.40,0.46,0.75,1.20,0.42,0.21,0.33 tick=123166 goal=0 b=0
P t=107.3 x=-17.75 y=-16.12 h=357.2 m=turn sd=1 c=(-18,18) s=0.189 tr=0.0 bs=0.191 r=0.60,0.64,1.25,0.92,0.30,0.38,0.40,0.42,0.40,0.41,0.48,0.82,1.17,0.38,0.23,0.32 tick=123272 goal=0 b=0
P t=108.4 x=-17.75 y=-16.12 h=31.3 m=turn sd=1 c=(-18,18) s=0.176 tr=-0.002 bs=0.191 r=1.36,1.01,0.33,0.31,0.39,0.45,0.45,0.36,0.46,0.68,1.22,0.46,0.21,0.32,0.67,0.68 tick=123378 goal=0 b=0
P t=109.5 x=-17.60 y=-15.92 h=49.7 m=follow sd=1 c=(13.0,-3.0) s=0.167 tr=-0.004 bs=0.191 r=1.08,0.90,0.31,0.39,0.46,0.44,0.37,0.46,0.55,0.91,1.15,0.22,0.29,0.59,0.67,0.69 tick=123486 goal=0 b=0
P t=110.5 x=-16.77 y=-15.20 h=37.1 m=follow sd=1 c=(18.4,5.6) s=0.19 tr=-0.006 bs=0.191 r=1.33,0.93,0.28,0.30,0.38,0.51,0.46,0.39,0.50,0.72,1.27,0.45,0.24,0.34,0.62,0.60 tick=123595 goal=0 b=0
P t=111.6 x=-15.86 y=-14.70 h=22.5 m=follow sd=1 c=(17.0,7.0) s=0.174 tr=-0.006 bs=0.191 r=0.62,1.16,0.84,0.28,0.30,0.39,0.47,0.48,0.49,0.56,0.92,1.19,0.21,0.31,0.54,0.60 tick=123702 goal=0 b=0
P t=112.7 x=-15.38 y=-14.54 h=12.7 m=follow sd=1 c=(6.2,3.8) s=0.185 tr=-0.009 bs=0.191 r=0.56,1.28,0.90,0.48,0.28,0.38,0.51,0.52,0.45,0.54,0.81,1.25,0.24,0.30,0.34,0.55 tick=123810 goal=0 b=0
P t=113.7 x=-14.96 y=-14.44 h=10.4 m=follow sd=1 c=(5.8,4.2) s=0.172 tr=-0.012 bs=0.191 r=0.57,1.27,0.92,0.84,0.27,0.37,0.45,0.52,0.46,0.55,0.79,1.26,0.22,0.28,0.35,0.56 tick=123911 goal=0 b=0
P t=114.7 x=-14.54 y=-14.35 h=12.7 m=follow sd=1 c=(5.7,4.3) s=0.171 tr=-0.013 bs=0.191 r=0.56,1.23,0.95,0.84,0.28,0.35,0.44,0.51,0.48,0.57,0.79,1.29,0.23,0.29,0.33,0.53 tick=124012 goal=0 b=0
P t=115.8 x=-14.10 y=-14.27 h=7.3 m=follow sd=1 c=(5.4,4.6) s=0.175 tr=-0.013 bs=0.191 r=0.54,0.60,0.99,0.84,0.26,0.33,0.43,0.52,0.49,0.57,0.81,1.29,0.24,0.28,0.33,0.55 tick=124118 goal=0 b=0
P t=116.8 x=-13.65 y=-14.20 h=10.1 m=follow sd=1 c=(5.3,4.7) s=0.176 tr=-0.013 bs=0.191 r=0.55,0.57,0.97,0.83,0.27,0.30,0.42,0.52,0.52,0.58,0.80,1.32,0.23,0.28,0.32,0.53 tick=124225 goal=0 b=0
P t=117.9 x=-13.20 y=-14.14 h=9.8 m=follow sd=1 c=(5.4,4.6) s=0.174 tr=-0.013 bs=0.191 r=0.55,0.56,0.96,0.82,0.28,0.26,0.44,0.55,0.54,0.59,0.81,1.31,0.23,0.26,0.32,0.54 tick=124331 goal=0 b=0
P t=119.0 x=-12.75 y=-14.09 h=7.0 m=follow sd=1 c=(5.4,4.6) s=0.161 tr=-0.012 bs=0.191 r=0.55,0.53,0.95,0.80,0.38,0.27,0.43,0.53,0.53,0.60,0.80,1.32,0.25,0.28,0.28,0.53 tick=124437 goal=0 b=0
P t=120.0 x=-12.30 y=-14.05 h=5.6 m=follow sd=1 c=(5.5,4.5) s=0.17 tr=-0.012 bs=0.191 r=0.54,0.52,0.96,0.81,0.42,0.29,0.44,0.57,0.55,0.60,0.83,1.32,0.25,0.24,0.29,0.52 tick=124545 goal=0 b=0
SWITCH t=120.3 side=-1 mb=0.175 best=0.191 trend=-0.01200000000000001
P t=121.1 x=-12.19 y=-14.04 h=33.3 m=turnabout sd=-1 c=(-20,20) s=0.179 tr=None bs=0.191 r=0.55,0.94,0.81,0.38,0.30,0.46,0.56,0.54,0.63,0.89,0.23,0.25,0.25,0.44,0.48,0.51 tick=124652 goal=0 b=0
P t=122.2 x=-12.19 y=-14.04 h=73.7 m=turnabout sd=-1 c=(-20,20) s=0.178 tr=None bs=0.191 r=0.78,0.41,0.26,0.45,0.55,0.56,0.61,0.83,1.31,0.23,0.25,0.35,0.52,0.52,0.53,0.96 tick=124760 goal=0 b=0
P t=123.3 x=-12.19 y=-14.04 h=112.4 m=turnabout sd=-1 c=(-20,20) s=0.168 tr=None bs=0.191 r=0.27,0.41,0.56,0.58,0.60,0.74,1.28,0.23,0.25,0.27,0.54,0.49,0.47,1.11,0.80,0.80 tick=124868 goal=0 b=0
P t=124.3 x=-12.19 y=-14.04 h=146.2 m=turnabout sd=-1 c=(-20,20) s=0.157 tr=None bs=0.191 r=0.48,0.58,0.54,0.62,0.96,0.24,0.26,0.27,0.44,0.45,0.49,1.21,0.93,0.83,0.28,0.31 tick=124969 goal=0 b=0
P t=125.3 x=-12.33 y=-14.04 h=186.6 m=follow sd=-1 c=(-4.7,14.7) s=0.174 tr=None bs=0.191 r=0.56,0.60,0.78,1.34,0.22,0.26,0.29,0.54,0.51,0.49,1.10,0.80,0.47,0.28,0.45,0.58 tick=125071 goal=0 b=0
P t=126.4 x=-12.77 y=-14.14 h=200.6 m=follow sd=-1 c=(-5.0,15.0) s=0.169 tr=None bs=0.191 r=0.59,0.69,1.04,0.21,0.25,0.28,0.55,0.51,0.48,1.11,0.81,0.81,0.27,0.42,0.57,0.60 tick=125179 goal=0 b=0
P t=127.4 x=-13.15 y=-14.38 h=221.9 m=follow sd=-1 c=(6.4,3.6) s=0.169 tr=None bs=0.191 r=0.60,0.93,0.23,0.23,0.26,0.49,0.50,0.50,1.22,0.87,0.85,0.29,0.39,0.56,0.59,0.55 tick=125286 goal=0 b=0
P t=128.5 x=-13.48 y=-14.67 h=222.1 m=follow sd=-1 c=(6.5,3.5) s=0.179 tr=None bs=0.191 r=0.59,0.96,0.49,0.24,0.24,0.47,0.50,0.52,1.16,0.87,0.83,0.29,0.42,0.58,0.59,0.53 tick=125389 goal=0 b=0
P t=129.5 x=-13.81 y=-14.97 h=223.1 m=follow sd=-1 c=(1.2,8.8) s=0.187 tr=None bs=0.191 r=0.62,0.96,0.46,0.22,0.26,0.47,0.51,0.51,1.15,0.84,0.48,0.29,0.44,0.55,0.53,0.54 tick=125494 goal=0 b=0
P t=130.5 x=-14.12 y=-15.28 h=228.8 m=follow sd=-1 c=(6.7,3.3) s=0.175 tr=None bs=0.191 r=0.66,1.20,0.45,0.21,0.23,0.48,0.54,0.52,1.15,0.83,0.42,0.32,0.44,0.52,0.52,0.56 tick=125598 goal=0 b=0
P t=131.6 x=-14.42 y=-15.60 h=225.2 m=follow sd=-1 c=(2.0,8.0) s=0.168 tr=None bs=0.191 r=0.71,1.24,0.41,0.20,0.26,0.53,0.53,0.56,1.18,0.85,0.31,0.34,0.45,0.53,0.49,0.55 tick=125700 goal=0 b=0
P t=132.6 x=-14.72 y=-15.93 h=227.4 m=follow sd=-1 c=(6.6,3.4) s=None tr=None bs=0.191 r=0.74,1.23,0.40,0.22,0.26,0.54,0.56,0.59,1.04,0.87,0.31,0.35,0.47,0.52,0.45,0.53 tick=125805 goal=0 b=0
P t=133.7 x=-14.99 y=-16.28 h=230.9 m=follow sd=-1 c=(2.8,7.2) s=0.181 tr=None bs=0.191 r=0.74,1.23,0.39,0.20,0.27,0.59,0.61,0.62,1.03,0.90,0.32,0.42,0.49,0.52,0.45,0.53 tick=125910 goal=0 b=0
P t=134.7 x=-15.26 y=-16.63 h=231.6 m=follow sd=-1 c=(3.2,6.8) s=0.186 tr=None bs=0.191 r=0.74,1.20,0.37,0.18,0.28,0.60,0.61,0.66,1.08,0.92,0.32,0.44,0.58,0.53,0.45,0.52  b=0
P t=135.8 x=-15.51 y=-17.00 h=238.1 m=follow sd=-1 c=(3.2,6.8) s=0.182 tr=None bs=0.191 r=0.75,1.20,0.35,0.20,0.25,0.60,0.62,0.64,1.02,0.93,0.33,0.44,0.54,0.52,0.47,0.51 tick=126119 goal=0 b=0
P t=136.8 x=-15.73 y=-17.38 h=238.3 m=follow sd=-1 c=(3.7,6.3) s=0.188 tr=None bs=0.191 r=0.78,1.19,0.34,0.16,0.26,0.60,0.63,1.34,1.01,0.59,0.37,0.45,0.50,0.48,0.48,0.50 tick=126220 goal=0 b=0
P t=137.9 x=-15.95 y=-17.76 h=241.1 m=follow sd=-1 c=(3.8,6.2) s=0.173 tr=None bs=0.191 r=0.79,1.14,0.32,0.14,0.26,0.60,0.63,1.35,0.99,0.38,0.37,0.45,0.49,0.46,0.48,0.49 tick=126326 goal=0 b=0
P t=138.9 x=-16.16 y=-18.17 h=245.6 m=follow sd=-1 c=(4.4,5.6) s=0.193 tr=None bs=0.191 r=0.81,1.10,0.31,0.14,0.25,0.59,0.64,1.37,0.97,0.39,0.39,0.46,0.50,0.42,0.47,0.53 tick=126433 goal=0 b=0
P t=139.9 x=-16.36 y=-18.55 h=243.9 m=follow sd=-1 c=(4.2,5.8) s=0.164 tr=None bs=0.191 r=0.81,1.10,0.31,0.11,0.24,0.59,0.63,1.35,0.98,0.39,0.42,0.48,0.49,0.43,0.44,0.53 tick=126536 goal=0 b=0
P t=141.0 x=-16.44 y=-18.73 h=240.0 m=backup sd=-1 c=(-10,-10) s=0.179 tr=0.009 bs=0.191 r=0.79,1.06,0.31,0.15,0.24,0.62,0.65,1.32,0.96,0.38,0.45,0.50,0.50,0.42,0.45,0.52 tick=126637 goal=0 b=0
P t=142.0 x=-16.25 y=-18.30 h=228.7 m=turn sd=-1 c=(18,-18) s=0.195 tr=0.01 bs=0.191 r=0.65,1.18,0.39,0.14,0.18,0.28,0.59,0.61,1.10,0.96,0.37,0.48,0.58,0.50,0.43,0.47 tick=126738 goal=0 b=0
P t=143.0 x=-16.25 y=-18.30 h=196.9 m=turn sd=-1 c=(18,-18) s=0.181 tr=0.011 bs=0.191 r=0.46,0.52,0.79,1.11,0.33,0.15,0.25,0.61,0.64,1.39,0.99,0.37,0.40,0.46,0.51,0.42 tick=126839 goal=0 b=0
P t=144.1 x=-16.49 y=-18.29 h=182.2 m=follow sd=-1 c=(-5.0,15.0) s=0.191 tr=0.011 bs=0.191 r=0.42,0.45,0.61,0.86,1.09,0.28,0.16,0.29,0.60,0.62,1.27,0.95,0.37,0.46,0.54,0.49 tick=126947 goal=0 b=0
P t=145.1 x=-16.93 y=-18.39 h=197.9 m=follow sd=-1 c=(-5.0,15.0) s=0.175 tr=0.012 bs=0.191 r=0.43,0.47,0.79,1.10,0.33,0.12,0.28,0.64,0.68,1.36,0.96,0.40,0.42,0.47,0.50,0.40 tick=127053 goal=0 b=0
P t=146.2 x=-17.33 y=-18.61 h=218.0 m=follow sd=-1 c=(-5.0,15.0) s=0.18 tr=0.009 bs=0.191 r=0.47,0.73,1.14,0.37,0.15,0.25,0.64,0.66,1.41,1.00,0.41,0.43,0.46,0.49,0.41,0.43 tick=127161 goal=0 b=0
P t=147.3 x=-17.62 y=-18.97 h=237.0 m=follow sd=-1 c=(3.7,6.3) s=0.185 tr=0.008 bs=0.191 r=0.65,1.15,0.40,0.24,0.16,0.33,0.65,0.74,1.09,0.40,0.40,0.47,0.48,0.40,0.41,0.42 tick=127270 goal=0 b=0
P t=148.3 x=-17.85 y=-19.33 h=237.4 m=follow sd=-1 c=(3.6,6.4) s=0.175 tr=0.007 bs=0.191 r=0.65,1.15,0.37,0.26,0.14,0.32,0.66,0.77,1.08,0.39,0.43,0.46,0.48,0.40,0.42,0.42  b=0
P t=149.4 x=-18.08 y=-19.71 h=239.2 m=follow sd=-1 c=(4.2,5.8) s=0.191 tr=0.008 bs=0.191 r=0.67,1.10,0.36,0.27,0.12,0.32,0.69,0.76,1.07,0.43,0.47,0.49,0.47,0.36,0.40,0.40 tick=127476 goal=0 b=0
P t=150.4 x=-17.97 y=-19.51 h=240.3 m=backup sd=-1 c=(-10,-10) s=0.191 tr=0.006 bs=0.191 r=0.67,1.13,0.37,0.23,0.15,0.34,0.69,1.43,1.03,0.41,0.47,0.49,0.47,0.34,0.40,0.44 tick=127584 goal=0 b=0
P t=151.5 x=-17.89 y=-19.37 h=209.8 m=turn sd=-1 c=(18,-18) s=None tr=0.004 bs=0.191 r=0.40,0.61,1.15,1.08,0.29,0.15,0.31,0.63,0.70,1.16,1.01,0.44,0.47,0.47,0.42,0.40 tick=127694 goal=0 b=0
P t=152.5 x=-17.89 y=-19.37 h=179.8 m=turn sd=-1 c=(18,-18) s=0.206 tr=0.004 bs=0.191 r=0.36,0.41,0.47,0.75,1.07,0.32,0.17,0.25,0.64,0.69,1.32,1.00,0.38,0.47,0.54,0.48 tick=127793 goal=0 b=0
P t=153.6 x=-18.30 y=-19.35 h=183.3 m=follow sd=-1 c=(-5.0,15.0) s=0.189 tr=0.005 bs=0.191 r=0.36,0.41,0.56,0.81,1.03,0.33,0.15,0.29,0.65,0.68,1.19,1.01,0.41,0.45,0.48,0.45 tick=127896 goal=0 b=0
P t=154.6 x=-18.75 y=-19.46 h=203.7 m=follow sd=-1 c=(-5.0,15.0) s=0.193 tr=0.005 bs=0.191 r=0.40,0.46,0.75,1.07,0.34,0.22,0.20,0.68,0.70,1.33,1.01,0.40,0.45,0.51,0.44,0.36 tick=128004 goal=0 b=0
P t=155.7 x=-19.13 y=-19.70 h=223.2 m=follow sd=-1 c=(-5.0,15.0) s=0.202 tr=0.005 bs=0.191 r=0.41,0.68,1.10,0.37,0.30,0.16,0.71,0.74,1.35,1.01,0.42,0.45,0.55,0.46,0.33,0.39 tick=128112 goal=0 b=0
P t=156.8 x=-19.41 y=-20.07 h=240.4 m=follow sd=-1 c=(-5.0,15.0) s=0.187 tr=0.004 bs=0.191 r=0.63,1.10,1.65,0.32,0.16,0.35,0.72,1.49,1.02,0.43,0.45,0.55,0.45,0.34,0.38,0.38 tick=128220 goal=0 b=0
P t=157.9 x=-19.61 y=-20.48 h=245.2 m=follow sd=-1 c=(3.8,6.2) s=0.186 tr=0.004 bs=0.191 r=0.69,1.06,0.38,0.31,0.17,0.42,0.74,1.36,1.04,0.43,0.48,0.47,0.41,0.33,0.34,0.40 tick=128327 goal=0 b=0
P t=158.9 x=-19.78 y=-20.90 h=246.5 m=follow sd=-1 c=(3.7,6.3) s=0.161 tr=0.005 bs=0.191 r=0.70,1.03,0.36,0.31,0.19,0.69,0.75,1.40,1.05,0.48,0.47,0.46,0.36,0.35,0.34,0.42 tick=128435 goal=0 b=0
P t=160.0 x=-19.95 y=-21.33 h=249.6 m=follow sd=-1 c=(4.2,5.8) s=0.216 tr=0.006 bs=0.191 r=0.70,1.02,0.35,0.28,0.19,0.38,0.76,1.41,1.08,0.49,0.48,0.47,0.36,0.33,0.32,0.44 tick=128544 goal=0 b=0
P t=161.1 x=-20.11 y=-21.77 h=252.6 m=follow sd=-1 c=(4.1,5.9) s=0.197 tr=0.007 bs=0.191 r=0.70,1.01,0.34,0.28,0.20,0.39,0.76,1.41,1.10,0.48,0.51,0.44,0.32,0.33,0.32,0.46 tick=128653 goal=0 b=0
P t=162.2 x=-20.26 y=-22.20 h=251.8 m=follow sd=-1 c=(4.2,5.8) s=0.199 tr=0.006 bs=0.191 r=0.66,0.99,0.35,0.28,0.20,0.38,0.78,1.41,1.11,0.51,0.51,0.47,0.33,0.32,0.30,0.47 tick=128760 goal=0 b=0
P t=163.3 x=-20.12 y=-21.76 h=249.6 m=backup sd=-1 c=(-10,-10) s=0.199 tr=0.008 bs=0.191 r=0.69,1.00,0.32,0.28,0.19,0.72,0.76,1.27,0.52,0.48,0.50,0.48,0.31,0.33,0.33,0.47 tick=128868 goal=0 b=0
P t=164.3 x=-20.12 y=-21.76 h=218.5 m=turn sd=-1 c=(18,-18) s=0.199 tr=0.009 bs=0.192 r=0.34,0.54,1.07,1.54,0.31,0.23,0.18,0.72,0.85,1.11,0.46,0.52,0.54,0.43,0.31,0.31 tick=128975 goal=0 b=0
P t=165.4 x=-20.12 y=-21.76 h=180.3 m=turn sd=-1 c=(18,-18) s=0.208 tr=0.008 bs=0.192 r=0.32,0.33,0.50,0.66,1.00,0.35,0.30,0.20,0.38,0.80,1.42,1.09,0.50,0.49,0.46,0.34 tick=129083 goal=0 b=0
P t=166.5 x=-20.36 y=-21.77 h=165.8 m=turn sd=-1 c=(18,-18) s=0.195 tr=0.008 bs=0.193 r=0.31,0.32,0.31,0.52,1.03,1.02,0.34,0.29,0.21,0.71,0.79,1.24,0.46,0.52,0.53,0.44 tick=129192 goal=0 b=0
P t=167.6 x=-20.36 y=-21.77 h=129.9 m=turn sd=-1 c=(18,-18) s=0.204 tr=0.007 bs=0.193 r=0.47,0.38,0.33,0.34,0.36,0.57,1.06,1.61,0.31,0.24,0.20,0.79,1.50,1.06,0.49,0.49 tick=129301 goal=0 b=0
P t=168.7 x=-20.44 y=-21.54 h=108.8 m=follow sd=-1 c=(3.0,7.0) s=0.187 tr=0.007 bs=0.193 r=0.48,0.45,0.35,0.30,0.34,0.33,0.62,1.07,1.66,0.31,0.24,0.37,0.81,1.41,1.08,0.48 tick=129409 goal=0 b=0
P t=169.8 x=-20.61 y=-21.12 h=113.3 m=follow sd=-1 c=(3.7,6.3) s=0.196 tr=0.006 bs=0.193 r=0.48,0.44,0.34,0.29,0.31,0.34,0.66,1.05,0.58,0.32,0.19,0.40,0.76,1.41,1.08,0.47 tick=129516 goal=0 b=0
P t=170.8 x=-20.80 y=-20.71 h=109.9 m=follow sd=-1 c=(3.8,6.2) s=0.195 tr=0.006 bs=0.193 r=0.47,0.41,0.32,0.29,0.31,0.38,0.67,1.03,0.39,0.32,0.20,0.73,0.76,1.24,0.49,0.48  b=0
P t=171.9 x=-21.01 y=-20.30 h=117.2 m=follow sd=-1 c=(4.0,6.0) s=0.202 tr=0.005 bs=0.193 r=0.46,0.41,0.29,0.29,0.30,0.38,0.71,1.03,0.39,0.35,0.22,0.70,0.79,1.26,0.44,0.47 tick=129731 goal=0 b=0
P t=172.9 x=-21.21 y=-19.92 h=119.0 m=follow sd=-1 c=(3.8,6.2) s=0.209 tr=0.005 bs=0.193 r=0.45,0.40,0.28,0.29,0.32,0.40,0.73,1.03,0.40,0.33,0.22,0.73,0.79,1.21,0.41,0.46 tick=129833 goal=0 b=0
P t=174.0 x=-20.93 y=-20.41 h=116.9 m=turn sd=-1 c=(18,-18) s=0.198 tr=0.005 bs=0.194 r=0.48,0.41,0.30,0.30,0.32,0.40,0.70,1.02,0.39,0.33,0.22,0.72,0.76,1.24,0.45,0.48 tick=129937 goal=0 b=0
P t=175.0 x=-20.93 y=-20.41 h=83.8 m=turn sd=-1 c=(18,-18) s=0.203 tr=0.002 bs=0.194 r=0.43,0.47,0.46,0.40,0.28,0.31,0.32,0.56,1.09,1.60,0.35,0.24,0.37,0.79,1.49,1.05 tick=130041 goal=0 b=0
P t=176.1 x=-20.87 y=-20.33 h=50.3 m=follow sd=-1 c=(12.0,12.0) s=0.184 tr=0.001 bs=0.194 r=1.24,0.45,0.47,0.47,0.43,0.30,0.31,0.33,0.41,0.71,1.01,0.36,0.31,0.22,0.70,0.76 tick=130148 goal=0 b=0
P t=177.2 x=-20.61 y=-19.95 h=61.0 m=follow sd=-1 c=(0.0,10.0) s=0.193 tr=0.002 bs=0.194 r=1.04,0.41,0.47,0.52,0.42,0.29,0.33,0.35,0.57,1.11,1.59,0.34,0.22,0.39,0.76,1.50 tick=130257 goal=0 b=0
P t=178.2 x=-20.43 y=-19.55 h=68.2 m=follow sd=-1 c=(0.7,9.3) s=0.19 tr=0.001 bs=0.194 r=0.46,0.43,0.44,0.43,0.38,0.33,0.36,0.36,0.67,1.09,0.40,0.30,0.19,0.71,0.75,1.37 tick=130360 goal=0 b=0
P t=179.2 x=-20.29 y=-19.12 h=78.3 m=follow sd=-1 c=(1.1,8.9) s=0.182 tr=0.002 bs=0.194 r=0.41,0.45,0.42,0.43,0.34,0.30,0.37,0.47,0.79,1.05,0.38,0.22,0.36,0.72,0.81,1.16 tick=130465 goal=0 b=0
P t=180.3 x=-20.21 y=-18.67 h=81.8 m=follow sd=-1 c=(0.7,9.3) s=0.181 tr=0.0 bs=0.194 r=0.41,0.42,0.49,0.40,0.30,0.34,0.37,0.61,1.15,1.66,0.35,0.22,0.72,0.75,1.46,0.99 tick=130573 goal=0 b=0
P t=181.4 x=-20.19 y=-18.22 h=89.9 m=follow sd=-1 c=(1.0,9.0) s=0.191 tr=0.001 bs=0.194 r=0.40,0.40,0.43,0.40,0.30,0.35,0.40,0.74,1.11,0.41,0.27,0.35,0.69,0.74,1.20,0.40 tick=130680 goal=0 b=0
P t=182.4 x=-20.22 y=-17.79 h=93.9 m=follow sd=-1 c=(2.3,7.7) s=0.192 tr=0.001 bs=0.194 r=0.41,0.38,0.41,0.38,0.30,0.37,0.42,0.80,1.11,0.40,0.25,0.37,0.73,0.78,1.13,0.33 tick=130780 goal=0 b=0
P t=183.5 x=-20.31 y=-17.34 h=102.9 m=follow sd=-1 c=(2.4,7.6) s=0.176 tr=0.0 bs=0.194 r=0.40,0.38,0.38,0.35,0.29,0.37,0.56,1.18,1.16,0.40,0.25,0.69,0.77,1.44,0.98,0.34 tick=130888 goal=0 b=0
P t=184.5 x=-20.42 y=-16.91 h=105.8 m=follow sd=-1 c=(2.4,7.6) s=0.172 tr=0.0 bs=0.194 r=0.38,0.41,0.38,0.33,0.31,0.38,0.63,1.19,1.74,0.36,0.36,0.73,0.74,1.31,0.96,0.34 tick=130996 goal=0 b=0
P t=185.5 x=-20.57 y=-16.51 h=117.9 m=follow sd=-1 c=(2.0,8.0) s=0.173 tr=-0.002 bs=0.194 r=0.34,0.43,0.38,0.31,0.32,0.40,0.67,1.20,0.47,0.28,0.39,0.70,0.71,1.16,0.35,0.34 tick=131094 goal=0 b=0
P t=186.6 x=-20.75 y=-16.09 h=118.2 m=follow sd=-1 c=(2.6,7.4) s=0.187 tr=-0.001 bs=0.194 r=0.35,0.41,0.36,0.30,0.34,0.39,0.77,1.15,0.46,0.27,0.43,0.74,0.78,1.12,0.32,0.35 tick=131203 goal=0 b=0
P t=187.7 x=-20.97 y=-15.68 h=121.5 m=follow sd=-1 c=(2.6,7.4) s=0.184 tr=-0.002 bs=0.194 r=0.35,0.35,0.36,0.28,0.36,0.41,0.85,1.15,0.45,0.30,0.72,0.76,1.42,0.97,0.29,0.33 tick=131310 goal=0 b=0
P t=188.8 x=-21.23 y=-15.31 h=126.0 m=follow sd=-1 c=(2.7,7.3) s=0.206 tr=-0.003 bs=0.194 r=0.33,0.34,0.36,0.28,0.37,0.47,1.21,1.70,0.44,0.40,0.75,0.72,1.31,0.35,0.30,0.32 tick=131418 goal=0 b=0
P t=189.8 x=-21.50 y=-14.97 h=129.6 m=follow sd=-1 c=(3.0,7.0) s=0.196 tr=-0.004 bs=0.194 r=0.34,0.31,0.32,0.28,0.38,0.58,1.25,1.82,0.34,0.43,0.75,0.74,1.30,0.31,0.29,0.30 tick=131521 goal=0 b=0
P t=190.9 x=-21.81 y=-14.63 h=131.4 m=follow sd=-1 c=(2.6,7.4) s=0.195 tr=-0.005 bs=0.194 r=0.36,0.31,0.31,0.26,0.39,0.68,1.26,0.56,0.34,0.45,0.74,0.78,1.15,0.28,0.30,0.28 tick=131629 goal=0 b=0
P t=192.0 x=-21.81 y=-14.63 h=95.9 m=turn sd=-1 c=(18,-18) s=0.201 tr=-0.005 bs=0.194 r=0.32,0.31,0.34,0.32,0.29,0.32,0.41,0.86,1.21,0.50,0.39,0.80,0.75,1.43,0.35,0.27 tick=131737 goal=0 b=0
P t=193.0 x=-21.81 y=-14.63 h=63.9 m=turn sd=-1 c=(18,-18) s=0.188 tr=-0.005 bs=0.194 r=0.28,0.31,0.30,0.36,0.31,0.32,0.27,0.36,0.59,1.26,0.76,0.34,0.46,0.73,0.76,1.17 tick=131845 goal=0 b=0
P t=194.0 x=-21.76 y=-14.56 h=35.6 m=turn sd=-1 c=(18,-18) s=0.182 tr=-0.005 bs=0.194 r=1.33,0.32,0.28,0.29,0.32,0.33,0.33,0.28,0.33,0.43,0.89,1.23,0.47,0.41,0.77,0.74 tick=131946 goal=0 b=0
P t=195.1 x=-21.76 y=-14.56 h=352.4 m=turn sd=-1 c=(18,-18) s=0.195 tr=-0.004 bs=0.194 r=0.75,0.79,1.14,0.28,0.29,0.29,0.34,0.33,0.34,0.27,0.38,0.65,1.25,0.56,0.31,0.46 tick=132053 goal=0 b=0
P t=196.2 x=-21.49 y=-14.65 h=349.1 m=follow sd=-1 c=(-5.0,15.0) s=0.188 tr=-0.004 bs=0.194 r=0.78,0.73,1.43,0.34,0.27,0.31,0.29,0.34,0.34,0.30,0.32,0.43,0.89,1.22,0.45,0.38 tick=132160 goal=0 b=0
P t=197.3 x=-20.94 y=-14.65 h=9.2 m=follow sd=-1 c=(2.0,22.0) s=0.188 tr=-0.003 bs=0.194 r=0.76,1.40,0.98,0.25,0.30,0.29,0.39,0.36,0.33,0.34,0.43,0.85,1.17,0.47,0.35,0.76 tick=132267 goal=0 b=0
P t=198.3 x=-19.89 y=-14.38 h=21.1 m=follow sd=-1 c=(10.5,13.5) s=0.197 tr=-0.003 bs=0.194 r=0.67,1.27,0.33,0.25,0.32,0.32,0.36,0.36,0.31,0.41,0.68,1.28,0.53,0.27,0.42,0.67 tick=132373 goal=0 b=0
P t=199.3 x=-18.92 y=-14.05 h=19.0 m=follow sd=-1 c=(10.7,13.3) s=0.176 tr=-0.004 bs=0.194 r=0.67,1.09,0.29,0.24,0.31,0.34,0.36,0.41,0.36,0.46,0.75,1.25,0.48,0.33,0.58,0.68 tick=132475 goal=0 b=0
P t=200.4 x=-17.92 y=-13.64 h=26.5 m=follow sd=-1 c=(11.3,12.7) s=0.179 tr=-0.004 bs=0.194 r=0.66,1.05,0.84,0.23,0.30,0.34,0.39,0.46,0.40,0.52,0.90,1.21,0.27,0.37,0.63,0.67 tick=132580 goal=0 b=0
P t=201.5 x=-16.96 y=-13.13 h=34.4 m=follow sd=-1 c=(2.0,22.0) s=0.189 tr=-0.004 bs=0.194 r=1.28,0.97,0.23,0.20,0.31,0.34,0.41,0.46,0.49,0.58,1.29,0.54,0.31,0.37,0.62,0.60 tick=132687 goal=0 b=0
P t=202.5 x=-16.24 y=-12.72 h=32.6 m=follow sd=-1 c=(5.5,4.5) s=0.177 tr=-0.005 bs=0.194 r=1.28,0.87,0.23,0.20,0.29,0.36,0.45,0.47,0.52,0.78,1.33,0.31,0.34,0.52,0.57,0.55 tick=132794 goal=0 b=0
P t=203.6 x=-15.87 y=-12.46 h=36.5 m=follow sd=-1 c=(2.0,8.0) s=0.177 tr=-0.006 bs=0.194 r=1.25,0.83,0.20,0.21,0.28,0.37,0.47,0.49,0.56,0.80,1.33,0.28,0.35,0.54,0.58,0.54 tick=132901 goal=0 b=0
P t=204.7 x=-15.50 y=-12.19 h=38.2 m=follow sd=-1 c=(3.0,7.0) s=0.188 tr=-0.007 bs=0.194 r=1.13,0.79,0.23,0.19,0.30,0.36,0.48,0.46,0.57,0.84,1.30,0.29,0.34,0.57,0.58,0.55 tick=133007 goal=0 b=0
P t=205.7 x=-15.11 y=-11.87 h=37.1 m=follow sd=-1 c=(3.1,6.9) s=0.158 tr=-0.009 bs=0.194 r=1.12,0.74,0.34,0.19,0.29,0.39,0.49,0.48,0.59,0.91,1.28,0.30,0.36,0.62,0.57,0.55 tick=133114 goal=0 b=0
P t=206.8 x=-14.69 y=-11.50 h=42.2 m=follow sd=-1 c=(3.3,6.7) s=0.171 tr=-0.01 bs=0.194 r=1.09,0.73,0.33,0.17,0.29,0.39,0.52,0.48,0.62,0.97,1.26,0.34,0.36,0.62,0.57,0.57 tick=133222 goal=0 b=0
SWITCH t=207.8 side=1 mb=0.178 best=0.194 trend=-0.01100000000000001
P t=207.9 x=-14.31 y=-11.14 h=44.8 m=turnabout sd=1 c=(-20,20) s=0.171 tr=None bs=0.194 r=0.91,0.73,0.30,0.19,0.29,0.41,0.53,0.53,0.66,1.06,0.31,0.36,0.48,0.55,0.53,0.56 tick=133329 goal=0 b=0
P t=208.9 x=-14.31 y=-11.14 h=83.7 m=turnabout sd=1 c=(-20,20) s=0.168 tr=None bs=0.194 r=0.74,0.18,0.23,0.36,0.49,0.52,0.63,0.95,1.31,0.34,0.36,0.64,0.56,0.53,1.08,0.74 tick=133432 goal=0 b=0
P t=209.9 x=-14.31 y=-11.14 h=121.3 m=turnabout sd=1 c=(-20,20) s=0.17 tr=None bs=0.194 r=0.19,0.36,0.49,0.53,0.58,0.83,1.39,0.31,0.36,0.54,0.55,0.49,1.20,0.86,0.76,0.16 tick=133533 goal=0 b=0
P t=211.0 x=-14.31 y=-11.14 h=162.3 m=turnabout sd=1 c=(-20,20) s=0.176 tr=None bs=0.194 r=0.51,0.55,0.53,0.67,1.02,0.30,0.35,0.51,0.56,0.52,1.11,0.92,0.73,0.18,0.19,0.32 tick=133640 goal=0 b=0
P t=212.1 x=-14.31 y=-11.14 h=199.7 m=turnabout sd=1 c=(-20,20) s=0.181 tr=None bs=0.194 r=0.50,0.62,1.00,0.62,0.35,0.38,0.61,0.57,0.54,1.09,0.73,0.34,0.17,0.25,0.39,0.52 tick=133747 goal=0 b=0
P t=213.1 x=-14.56 y=-11.33 h=214.2 m=follow sd=1 c=(8.7,1.3) s=None tr=None bs=0.194 r=0.60,0.87,1.37,0.33,0.35,0.56,0.55,0.52,1.21,0.80,0.76,0.19,0.20,0.38,0.49,0.53 tick=133853 goal=0 b=0
P t=214.2 x=-14.94 y=-11.56 h=209.1 m=follow sd=1 c=(8.7,1.3) s=0.18 tr=None bs=0.194 r=0.54,0.67,1.37,0.29,0.36,0.52,0.57,0.52,1.19,0.93,0.78,0.20,0.20,0.34,0.49,0.52 tick=133959 goal=0 b=0
P t=215.2 x=-15.35 y=-11.74 h=199.0 m=follow sd=1 c=(7.5,2.5) s=None tr=None bs=0.194 r=0.48,0.60,0.97,1.25,0.31,0.37,0.63,0.59,0.57,1.11,0.77,0.21,0.19,0.33,0.41,0.49 tick=134066 goal=0 b=0
P t=216.3 x=-15.78 y=-11.88 h=195.3 m=follow sd=1 c=(6.5,3.5) s=0.17 tr=None bs=0.194 r=0.47,0.59,0.86,1.31,0.30,0.35,0.58,0.61,0.55,1.10,0.76,0.22,0.20,0.32,0.36,0.48 tick=134172 goal=0 b=0
P t=217.4 x=-16.22 y=-12.00 h=192.1 m=follow sd=1 c=(6.2,3.8) s=0.174 tr=None bs=0.194 r=0.47,0.55,0.82,1.35,0.30,0.37,0.57,0.60,0.55,1.15,0.80,0.21,0.21,0.27,0.36,0.45 tick=134278 goal=0 b=0
P t=218.4 x=-16.66 y=-12.10 h=190.3 m=follow sd=1 c=(5.5,4.5) s=0.189 tr=None bs=0.194 r=0.45,0.53,0.76,1.36,0.51,0.35,0.54,0.59,0.58,1.26,0.82,0.21,0.19,0.29,0.33,0.45 tick=134384 goal=0 b=0
P t=219.5 x=-17.10 y=-12.18 h=191.6 m=follow sd=1 c=(5.5,4.5) s=0.185 tr=None bs=0.194 r=0.45,0.49,0.66,1.32,0.52,0.35,0.42,0.61,0.58,1.26,0.86,0.22,0.19,0.29,0.36,0.42 tick=134491 goal=0 b=0
P t=220.5 x=-17.53 y=-12.26 h=191.6 m=follow sd=1 c=(5.5,4.5) s=0.168 tr=None bs=0.194 r=0.43,0.46,0.59,1.33,0.55,0.32,0.40,0.63,0.59,1.28,0.89,0.23,0.20,0.29,0.35,0.39 tick=134592 goal=0 b=0
P t=221.6 x=-17.98 y=-12.32 h=188.4 m=follow sd=1 c=(5.4,4.6) s=0.179 tr=None bs=0.194 r=0.43,0.44,0.55,1.31,0.57,0.31,0.40,0.63,0.64,1.29,0.90,0.22,0.21,0.29,0.34,0.38 tick=134699 goal=0 b=0
=== ctrl4 start 1787950111.9471576 from (-17.98,-12.32) target (-60.0,-64.0) ===
P t=0.0 x=-17.98 y=-12.32 h=182.7 m=seek c=(0.0,0.0) s=0.183 r=0.43,0.43,0.55,1.00,1.27,0.31,0.39,0.66,0.63,1.31,0.92,0.21,0.21,0.29,0.30,0.39 tick=137163 goal=0 b=0
P t=1.1 x=-18.41 y=-12.46 h=202.7 m=seek c=(-2.6,12.6) s=0.18 r=0.38,0.51,0.93,1.26,0.32,0.39,0.68,0.69,1.27,1.03,0.24,0.20,0.28,0.31,0.38,0.40 tick=137268 goal=0 b=0
P t=2.2 x=-18.80 y=-12.71 h=218.4 m=seek c=(1.0,9.0) s=0.184 r=0.47,0.71,1.33,0.54,0.34,0.45,0.65,0.64,1.22,0.85,0.21,0.25,0.30,0.42,0.39,0.38 tick=137377 goal=0 b=0
P t=3.2 x=-19.14 y=-13.00 h=225.9 m=seek c=(3.1,6.9) s=0.205 r=0.48,0.78,1.26,0.50,0.37,0.63,0.70,0.69,1.07,0.26,0.21,0.28,0.29,0.38,0.40,0.36 tick=137483 goal=0 b=0
P t=4.3 x=-19.47 y=-13.33 h=223.9 m=seek c=(3.8,6.2) s=0.185 r=0.48,0.84,1.22,0.47,0.38,0.68,0.70,0.71,1.07,0.25,0.24,0.31,0.33,0.36,0.40,0.34 tick=137592 goal=0 b=0
P t=5.4 x=-19.77 y=-13.67 h=229.6 m=seek c=(4.5,5.5) s=0.18 r=0.45,0.87,1.19,0.45,0.40,0.73,0.72,1.31,1.02,0.24,0.26,0.31,0.36,0.37,0.36,0.35  b=0
P t=6.4 x=-20.06 y=-14.01 h=232.3 m=seek c=(4.9,5.1) s=0.192 r=0.48,0.87,1.19,0.46,0.38,0.72,0.73,1.36,1.01,0.26,0.28,0.32,0.38,0.35,0.35,0.35 tick=137806 goal=0 b=0
P t=7.5 x=-20.36 y=-14.36 h=228.6 m=seek c=(4.1,5.9) s=0.197 r=0.44,0.87,1.21,0.46,0.38,0.73,0.73,1.36,1.00,0.28,0.30,0.32,0.40,0.35,0.35,0.36 tick=137913 goal=0 b=0
P t=8.6 x=-20.44 y=-14.44 h=233.5 m=backup c=(-10,-10) s=0.189 r=0.45,0.85,1.18,0.45,0.40,0.74,0.71,1.38,0.98,0.26,0.30,0.33,0.45,0.35,0.35,0.38 tick=138020 goal=0 b=0
P t=9.6 x=-20.21 y=-14.14 h=249.3 m=turn c=(-18,18) s=0.179 r=0.85,1.19,0.46,0.39,0.66,0.71,1.33,1.04,0.26,0.28,0.33,0.35,0.37,0.36,0.34,0.46 tick=138125 goal=0 b=0
P t=10.7 x=-20.21 y=-14.14 h=286.7 m=turn c=(-18,18) s=0.196 r=0.54,0.29,0.41,0.67,0.68,1.27,0.30,0.25,0.32,0.31,0.36,0.39,0.33,0.41,0.69,1.27 tick=138232 goal=0 b=0
P t=11.8 x=-20.08 y=-14.43 h=291.0 m=turn c=(-18,18) s=None r=0.48,0.33,0.43,0.72,0.74,1.10,0.28,0.27,0.32,0.34,0.35,0.36,0.32,0.45,0.75,1.24 tick=138338 goal=0 b=0
P t=12.8 x=-20.08 y=-14.43 h=328.1 m=turn c=(-18,18) s=0.18 r=0.40,0.71,0.68,1.36,0.89,0.25,0.29,0.31,0.39,0.37,0.33,0.39,0.51,1.25,1.72,0.29 tick=138444 goal=0 b=0
P t=13.9 x=-20.08 y=-14.43 h=359.7 m=turn c=(-18,18) s=0.19 r=0.70,0.72,1.08,0.28,0.27,0.33,0.36,0.35,0.36,0.34,0.45,0.83,1.21,0.47,0.34,0.66 tick=138551 goal=0 b=0
P t=15.0 x=-19.35 y=-14.43 h=348.7 m=follow c=(15.0,-5.0) s=0.178 r=0.69,0.65,1.34,0.88,0.26,0.29,0.32,0.41,0.39,0.36,0.42,0.60,1.27,0.53,0.26,0.37  b=0
P t=16.0 x=-18.96 y=-14.56 h=336.1 m=turn c=(-18,18) s=0.187 r=0.41,0.68,0.69,1.09,0.89,0.27,0.34,0.34,0.39,0.42,0.36,0.46,0.77,1.24,0.46,0.29 tick=138763 goal=0 b=0
P t=17.1 x=-18.96 y=-14.56 h=11.7 m=turn c=(-18,18) s=0.194 r=0.66,1.34,0.89,0.26,0.31,0.33,0.45,0.42,0.37,0.43,0.60,1.25,0.52,0.27,0.39,0.68 tick=138870 goal=0 b=0
P t=18.2 x=-18.96 y=-14.56 h=46.6 m=turn c=(-18,18) s=0.172 r=1.07,0.31,0.27,0.35,0.37,0.40,0.40,0.38,0.48,0.85,1.19,0.44,0.33,0.62,0.70,0.72 tick=138977 goal=0 b=0
P t=19.2 x=-18.91 y=-14.48 h=77.8 m=turn c=(-18,18) s=0.167 r=0.27,0.29,0.33,0.42,0.41,0.37,0.44,0.64,1.26,0.54,0.26,0.38,0.68,0.66,1.38,0.89 tick=139084 goal=0 b=0
P t=20.3 x=-18.91 y=-14.48 h=113.6 m=turn c=(-18,18) s=0.181 r=0.33,0.35,0.40,0.40,0.41,0.48,0.85,1.19,0.43,0.33,0.63,0.69,0.73,1.08,0.30,0.27 tick=139191 goal=0 b=0
P t=21.4 x=-19.09 y=-14.24 h=120.2 m=follow c=(15.0,-5.0) s=0.193 r=0.34,0.44,0.40,0.38,0.43,0.50,1.23,1.22,0.27,0.38,0.70,0.67,1.35,0.95,0.27,0.28 tick=139297 goal=0 b=0
P t=22.4 x=-19.09 y=-14.24 h=154.6 m=turn c=(-18,18) s=0.176 r=0.38,0.41,0.36,0.47,0.75,1.24,0.48,0.29,0.43,0.65,0.65,1.24,0.86,0.28,0.30,0.32 tick=139400 goal=0 b=0
P t=23.5 x=-19.09 y=-14.24 h=187.4 m=turn c=(-18,18) s=0.188 r=0.37,0.44,0.54,1.25,1.22,0.26,0.37,0.69,0.68,1.35,0.92,0.27,0.27,0.33,0.44,0.40 tick=139508 goal=0 b=0
P t=24.5 x=-19.50 y=-14.35 h=191.9 m=follow c=(8.2,1.8) s=0.193 r=0.35,0.43,0.56,1.26,1.73,0.27,0.37,0.67,0.65,1.39,0.89,0.26,0.28,0.34,0.40,0.40  b=0
P t=25.6 x=-19.94 y=-14.41 h=185.5 m=follow c=(7.8,2.2) s=0.176 r=0.37,0.39,0.47,0.88,1.19,0.45,0.37,0.68,0.73,1.34,1.03,0.28,0.29,0.31,0.40,0.36 tick=139716 goal=0 b=0
P t=26.6 x=-20.39 y=-14.43 h=180.0 m=follow c=(6.4,3.6) s=0.186 r=0.36,0.33,0.44,0.75,1.19,0.49,0.31,0.46,0.72,0.73,1.10,0.28,0.28,0.33,0.36,0.34 tick=139823 goal=0 b=0
P t=27.7 x=-20.84 y=-14.42 h=175.9 m=follow c=(6.3,3.7) s=0.184 r=0.35,0.32,0.42,0.69,1.26,0.52,0.28,0.44,0.70,0.72,1.12,0.29,0.28,0.32,0.34,0.34 tick=139930 goal=0 b=0
P t=28.8 x=-21.30 y=-14.38 h=176.8 m=follow c=(6.0,4.0) s=0.178 r=0.36,0.29,0.40,0.61,1.25,1.82,0.31,0.44,0.72,0.72,1.29,0.31,0.27,0.30,0.32,0.33  b=0
P t=29.8 x=-21.38 y=-14.37 h=203.4 m=turn c=(-18,18) s=0.184 r=0.31,0.42,0.70,1.23,0.50,0.29,0.47,0.74,0.78,1.13,0.26,0.28,0.31,0.35,0.33,0.33 tick=140145 goal=0 b=0
P t=30.8 x=-21.38 y=-14.37 h=236.9 m=turn c=(-18,18) s=0.216 r=0.46,0.92,1.22,0.45,0.41,0.77,0.72,1.41,0.34,0.27,0.31,0.29,0.36,0.35,0.30,0.37 tick=140245 goal=0 b=0
P t=31.9 x=-21.54 y=-14.70 h=244.5 m=follow c=(6.4,3.6) s=0.19 r=0.66,1.26,0.52,0.33,0.42,0.71,0.75,1.15,0.30,0.29,0.31,0.35,0.33,0.34,0.29,0.41 tick=140346 goal=0 b=0
P t=32.9 x=-21.74 y=-15.11 h=242.6 m=follow c=(5.9,4.1) s=0.201 r=0.58,1.25,1.82,0.35,0.44,0.71,0.72,1.32,0.33,0.29,0.33,0.35,0.33,0.35,0.27,0.37 tick=140454 goal=0 b=0
P t=34.0 x=-21.95 y=-15.50 h=241.7 m=follow c=(5.7,4.3) s=0.203 r=0.48,1.23,1.74,0.43,0.39,0.75,0.72,1.33,0.34,0.30,0.33,0.35,0.33,0.33,0.27,0.38 tick=140558 goal=0 b=0
P t=35.0 x=-22.17 y=-15.90 h=242.5 m=follow c=(5.6,4.4) s=0.186 r=0.45,1.21,1.71,0.46,0.38,0.77,0.72,1.34,0.36,0.31,0.33,0.34,0.35,0.33,0.28,0.33 tick=140665 goal=0 b=0
P t=36.1 x=-22.42 y=-16.29 h=238.0 m=follow c=(5.2,4.8) s=0.203 r=0.40,1.20,1.18,0.46,0.32,0.79,0.75,1.39,0.37,0.34,0.33,0.37,0.34,0.30,0.26,0.35 tick=140774 goal=0 b=0
P t=37.2 x=-22.65 y=-16.67 h=236.3 m=follow c=(5.1,4.9) s=0.188 r=0.40,0.84,1.18,0.46,0.28,0.80,0.78,1.50,0.40,0.33,0.36,0.39,0.33,0.30,0.25,0.33 tick=140880 goal=0 b=0
P t=38.3 x=-22.90 y=-17.05 h=236.8 m=follow c=(5.1,4.9) s=0.203 r=0.38,0.80,1.14,0.46,0.29,0.73,0.80,1.49,0.99,0.34,0.37,0.40,0.31,0.31,0.25,0.31 tick=140986 goal=0 b=0
P t=39.3 x=-23.15 y=-17.43 h=237.6 m=follow c=(4.8,5.2) s=0.186 r=0.36,0.80,1.12,0.45,0.30,0.50,0.80,1.53,1.00,0.37,0.37,0.41,0.33,0.27,0.23,0.30 tick=141094 goal=0 b=0
P t=40.4 x=-22.83 y=-16.89 h=235.1 m=turn c=(18,-18) s=0.202 r=0.37,0.76,1.13,0.46,0.27,0.46,0.82,1.49,1.01,0.34,0.39,0.37,0.31,0.32,0.24,0.30 tick=141201 goal=0 b=0
P t=41.4 x=-22.83 y=-16.89 h=201.0 m=turn c=(18,-18) s=0.21 r=0.26,0.32,0.57,1.19,1.78,0.41,0.38,0.77,0.76,1.38,0.37,0.37,0.34,0.37,0.33,0.25 tick=141306 goal=0 b=0
P t=42.5 x=-22.92 y=-16.87 h=168.4 m=turn c=(18,-18) s=0.205 r=0.28,0.24,0.29,0.36,0.79,1.14,0.47,0.30,0.51,0.81,1.49,0.98,0.36,0.36,0.39,0.34 tick=141410 goal=0 b=0
P t=43.5 x=-22.92 y=-16.87 h=136.9 m=turn c=(18,-18) s=0.215 r=0.36,0.33,0.25,0.26,0.32,0.59,1.21,1.79,0.42,0.41,0.77,0.80,1.20,0.38,0.38,0.34 tick=141513 goal=0 b=0
P t=44.5 x=-22.92 y=-16.87 h=100.8 m=turn c=(18,-18) s=0.205 r=0.35,0.37,0.32,0.31,0.24,0.30,0.36,0.78,1.14,0.49,0.32,0.51,0.81,1.48,0.99,0.33 tick=141616 goal=0 b=0
P t=45.6 x=-22.98 y=-16.42 h=98.5 m=follow c=(3.9,6.1) s=0.205 r=0.36,0.34,0.31,0.32,0.24,0.26,0.35,0.72,1.14,0.50,0.32,0.48,0.81,1.46,1.03,0.33 tick=141718 goal=0 b=0
P t=46.7 x=-23.03 y=-15.96 h=98.4 m=follow c=(4.0,6.0) s=0.204 r=0.33,0.33,0.31,0.32,0.24,0.29,0.37,0.75,1.13,0.50,0.33,0.52,0.82,1.45,0.99,0.34 tick=141828 goal=0 b=0
P t=47.7 x=-23.09 y=-15.52 h=96.8 m=follow c=(4.5,5.5) s=0.203 r=0.34,0.32,0.30,0.31,0.24,0.29,0.39,0.77,1.16,0.51,0.30,0.74,0.81,1.45,0.38,0.30 tick=141932 goal=0 b=0
P t=48.7 x=-23.15 y=-15.10 h=95.9 m=follow c=(4.8,5.2) s=0.204 r=0.34,0.31,0.30,0.31,0.24,0.28,0.38,0.79,1.18,0.52,0.31,0.76,0.79,1.45,0.35,0.30 tick=142033 goal=0 b=0
P t=49.7 x=-23.16 y=-14.98 h=74.8 m=turn c=(18,-18) s=0.196 r=0.32,0.28,0.28,0.29,0.31,0.26,0.27,0.38,0.73,1.19,0.54,0.32,0.74,0.82,1.44,0.35 tick=142136 goal=0 b=0
P t=50.8 x=-23.16 y=-14.98 h=37.5 m=turn c=(18,-18) s=0.201 r=1.15,0.30,0.31,0.28,0.37,0.29,0.28,0.25,0.32,0.43,1.25,1.83,0.46,0.46,0.76,0.81 tick=142238 goal=0 b=0
P t=51.8 x=-22.73 y=-14.80 h=22.6 m=follow c=(11.6,12.4) s=0.193 r=0.80,1.17,0.29,0.32,0.30,0.38,0.30,0.29,0.25,0.35,0.63,1.25,0.58,0.34,0.48,0.78 tick=142339 goal=0 b=0
P t=52.8 x=-21.73 y=-14.39 h=22.8 m=follow c=(11.2,12.8) s=0.19 r=0.78,1.12,0.27,0.32,0.31,0.35,0.33,0.34,0.29,0.39,0.72,1.26,0.53,0.30,0.48,0.74 tick=142446 goal=0 b=0
P t=53.9 x=-20.77 y=-13.98 h=24.9 m=follow c=(12.3,11.7) s=0.179 r=0.75,1.11,0.25,0.27,0.29,0.32,0.34,0.37,0.31,0.43,0.73,1.24,0.51,0.33,0.65,0.70 tick=142547 goal=0 b=0
P t=54.9 x=-19.81 y=-13.59 h=24.5 m=follow c=(11.6,12.4) s=0.185 r=0.73,1.07,0.26,0.23,0.30,0.30,0.36,0.41,0.35,0.47,0.76,1.25,0.48,0.38,0.63,0.71 tick=142651 goal=0 b=0
P t=55.9 x=-18.85 y=-13.21 h=19.3 m=follow c=(12.3,11.7) s=0.192 r=0.69,1.04,0.24,0.22,0.30,0.30,0.40,0.42,0.38,0.47,0.79,1.26,0.46,0.38,0.63,0.70 tick=142750 goal=0 b=0
P t=56.9 x=-17.91 y=-12.82 h=25.0 m=follow c=(12.5,11.5) s=0.164 r=0.65,1.01,0.23,0.20,0.29,0.31,0.43,0.46,0.41,0.55,0.91,1.22,0.29,0.38,0.69,0.67 tick=142851 goal=0 b=0
P t=57.9 x=-16.96 y=-12.36 h=29.9 m=follow c=(2.0,22.0) s=0.188 r=1.25,0.91,0.23,0.20,0.27,0.33,0.44,0.48,0.48,0.59,1.34,0.54,0.35,0.39,0.61,0.57 tick=142953 goal=0 b=0
P t=58.9 x=-16.40 y=-12.03 h=31.5 m=follow c=(6.2,3.8) s=0.19 r=1.26,0.84,0.22,0.17,0.25,0.33,0.44,0.48,0.57,0.77,1.35,0.30,0.37,0.55,0.59,0.55 tick=143056 goal=0 b=0
P t=60.0 x=-15.97 y=-11.78 h=24.6 m=seek c=(19.0,-9.0) s=0.174 r=0.60,1.12,0.76,0.17,0.20,0.29,0.37,0.48,0.45,0.59,0.96,1.26,0.32,0.37,0.63,0.61 tick=143161 goal=0 b=0
P t=61.1 x=-15.53 y=-11.75 h=350.0 m=seek c=(19.0,-9.0) s=0.181 r=0.57,0.53,1.11,0.76,0.40,0.18,0.23,0.37,0.47,0.50,0.60,0.87,1.35,0.32,0.37,0.59 tick=143266 goal=0 b=0
P t=62.1 x=-15.13 y=-11.92 h=327.8 m=seek c=(19.0,-9.0) s=0.168 r=0.53,0.55,0.51,1.21,0.86,0.78,0.20,0.20,0.37,0.48,0.52,0.57,0.83,1.38,0.28,0.34 tick=143369 goal=0 b=0
P t=63.1 x=-14.79 y=-12.22 h=324.6 m=follow c=(-5.0,15.0) s=0.173 r=0.51,0.54,0.52,1.16,0.94,0.77,0.20,0.22,0.37,0.51,0.55,0.56,0.75,1.36,0.28,0.33 tick=143473 goal=0 b=0
P t=64.2 x=-14.41 y=-12.42 h=340.8 m=follow c=(-5.0,15.0) s=0.173 r=0.53,0.55,0.56,0.94,0.76,0.33,0.22,0.36,0.52,0.57,0.56,0.68,1.34,0.27,0.32,0.44 tick=143578 goal=0 b=0
P t=65.2 x=-13.98 y=-12.49 h=358.7 m=follow c=(-5.0,15.0) s=0.162 r=0.54,0.51,1.09,0.75,0.39,0.23,0.34,0.47,0.56,0.53,0.66,1.04,0.28,0.32,0.33,0.59 tick=143680 goal=0 b=0
P t=66.2 x=-13.55 y=-12.42 h=16.7 m=follow c=(-5.0,15.0) s=0.161 r=0.49,1.08,0.78,0.76,0.22,0.26,0.43,0.55,0.53,0.63,1.00,0.28,0.33,0.32,0.58,0.53 tick=143783 goal=0 b=0
P t=67.3 x=-13.14 y=-12.21 h=36.0 m=follow c=(-4.6,14.6) s=0.167 r=1.19,0.87,0.78,0.27,0.23,0.41,0.53,0.56,0.64,0.91,1.31,0.32,0.31,0.51,0.49,0.45 tick=143891 goal=0 b=0
P t=68.3 x=-12.84 y=-11.92 h=50.8 m=follow c=(2.3,7.7) s=0.173 r=0.89,0.73,0.39,0.23,0.35,0.58,0.59,0.64,0.81,1.38,0.29,0.30,0.47,0.48,0.47,0.52 tick=143992 goal=0 b=0
P t=69.3 x=-12.32 y=-11.25 h=53.4 m=follow c=(9.8,14.2) s=0.173 r=0.85,0.71,0.36,0.20,0.34,0.59,0.61,0.67,0.90,1.39,0.34,0.35,0.52,0.48,0.43,1.12 tick=144095 goal=0 b=0
P t=70.4 x=-11.74 y=-10.34 h=58.2 m=follow c=(11.1,12.9) s=0.173 r=0.82,0.70,0.33,0.18,0.23,0.60,0.62,0.70,0.98,0.34,0.35,0.40,0.54,0.48,0.42,1.11 tick=144201 goal=0 b=0
P t=71.4 x=-11.31 y=-9.40 h=77.4 m=seek c=(-2.0,26.0) s=0.166 r=0.65,0.62,0.23,0.20,0.48,0.68,0.70,0.97,0.35,0.37,0.45,0.56,0.47,0.40,1.07,0.81 tick=144303 goal=0 b=0
P t=72.4 x=-11.09 y=-8.57 h=68.2 m=follow c=(22.0,2.0) s=0.174 r=0.62,0.66,0.28,0.16,0.22,0.59,0.65,0.78,1.43,0.39,0.38,0.54,0.48,0.39,0.98,0.95 tick=144403 goal=0 b=0
P t=73.4 x=-10.57 y=-7.68 h=55.0 m=follow c=(16.5,7.5) s=0.163 r=0.71,0.61,0.61,0.23,0.17,0.43,0.68,0.74,1.04,0.43,0.41,0.53,0.49,0.43,0.38,1.05 tick=144505 goal=0 b=0
P t=74.5 x=-9.98 y=-6.96 h=44.2 m=follow c=(16.7,7.3) s=0.158 r=0.75,0.56,0.62,0.27,0.22,0.17,0.63,0.69,0.82,1.53,0.46,0.48,0.57,0.46,0.36,0.95 tick=144613 goal=0 b=0
P t=75.6 x=-9.39 y=-6.46 h=35.2 m=follow c=(9.0,1.0) s=0.152 r=0.88,0.65,0.57,0.59,0.23,0.19,0.21,0.72,0.80,1.17,0.47,0.43,0.55,0.46,0.33,0.37 tick=144715 goal=0 b=0
P t=76.6 x=-9.02 y=-6.23 h=24.9 m=follow c=(9.3,0.7) s=0.156 r=0.97,0.69,0.51,0.60,0.30,0.23,0.20,0.65,0.73,1.03,0.47,0.45,0.53,0.46,0.34,0.34 tick=144818 goal=0 b=0
P t=77.6 x=-8.63 y=-6.05 h=17.7 m=follow c=(10.6,-0.6) s=0.166 r=0.87,0.84,0.59,0.55,0.55,0.27,0.23,0.24,0.74,0.85,1.28,0.49,0.52,0.57,0.44,0.30 tick=144919 goal=0 b=0
P t=78.6 x=-8.20 y=-5.95 h=9.5 m=follow c=(9.7,0.3) s=0.157 r=0.32,0.96,0.66,0.50,0.59,0.29,0.25,0.23,0.70,0.82,1.12,0.50,0.43,0.55,0.42,0.31 tick=145023 goal=0 b=0
P t=79.6 x=-7.77 y=-5.91 h=1.5 m=seek c=(9.9,0.1) s=0.171 r=0.30,0.89,0.83,0.53,0.58,0.55,0.27,0.25,0.61,0.75,0.93,0.50,0.44,0.53,0.43,0.35 tick=145125 goal=0 b=0
P t=80.7 x=-7.54 y=-5.90 h=350.6 m=turn c=(18,-18) s=0.167 r=0.27,0.31,0.84,0.64,0.54,0.59,0.30,0.25,0.23,0.77,0.88,1.24,0.49,0.49,0.58,0.40 tick=145235 goal=0 b=0
P t=81.7 x=-7.54 y=-5.90 h=319.3 m=turn c=(18,-18) s=0.153 r=0.42,0.30,0.30,0.91,0.66,0.53,0.57,0.52,0.26,0.24,0.72,0.77,1.11,0.51,0.41,0.52 tick=145335 goal=0 b=0
P t=82.8 x=-7.50 y=-6.03 h=289.3 m=follow c=(-2.6,12.6) s=0.157 r=0.52,0.46,0.38,0.27,0.81,0.81,0.58,0.56,0.58,0.29,0.24,0.28,0.77,0.88,1.34,0.46 tick=145441 goal=0 b=0
P t=83.8 x=-7.30 y=-6.42 h=303.0 m=follow c=(-1.7,11.7) s=0.156 r=0.53,0.40,0.28,0.29,0.93,0.67,0.53,0.60,0.49,0.28,0.26,0.73,0.85,1.16,0.49,0.42 tick=145543 goal=0 b=0
P t=84.9 x=-7.03 y=-6.79 h=313.8 m=follow c=(-0.4,10.4) s=0.157 r=0.44,0.38,0.26,0.29,0.82,0.63,0.57,0.60,0.32,0.26,0.58,0.79,0.90,0.49,0.41,0.49 tick=145656 goal=0 b=0
P t=86.0 x=-6.69 y=-7.09 h=321.3 m=follow c=(0.8,9.2) s=0.162 r=0.39,0.28,0.28,0.92,0.68,0.56,0.63,0.54,0.29,0.26,0.73,0.85,1.11,0.47,0.40,0.50 tick=145757 goal=0 b=0
P t=87.0 x=-6.69 y=-7.09 h=291.0 m=turn c=(18,-18) s=0.157 r=0.49,0.41,0.36,0.24,0.29,0.81,0.63,0.56,0.62,0.32,0.27,0.62,0.78,0.92,0.47,0.40 tick=145858 goal=0 b=0
P t=88.0 x=-6.69 y=-7.09 h=252.7 m=turn c=(18,-18) s=0.166 r=0.46,0.40,0.49,0.37,0.28,0.26,0.90,0.69,0.57,0.62,0.54,0.32,0.26,0.73,0.83,1.12 tick=145966 goal=0 b=0
P t=89.1 x=-6.83 y=-7.54 h=260.6 m=follow c=(0.7,9.3) s=0.161 r=0.47,0.40,0.48,0.37,0.27,0.27,0.93,0.69,0.56,0.64,0.52,0.32,0.27,0.78,0.87,1.16 tick=146074 goal=0 b=0
P t=90.1 x=-6.90 y=-7.96 h=267.1 m=follow c=(0.5,9.5) s=0.163 r=0.39,0.44,0.50,0.34,0.25,0.29,0.88,0.68,0.58,0.67,0.32,0.28,0.64,0.77,0.89,0.47 tick=146174 goal=0 b=0
P t=91.1 x=-6.91 y=-8.39 h=273.4 m=follow c=(2.0,8.0) s=0.155 r=0.36,0.46,0.40,0.34,0.24,0.31,0.84,0.64,0.61,0.60,0.32,0.26,0.70,0.77,1.02,0.41 tick=146276 goal=0 b=0
P t=92.2 x=-6.88 y=-8.85 h=276.1 m=follow c=(3.0,7.0) s=0.177 r=0.35,0.43,0.36,0.34,0.25,0.32,0.84,0.64,0.65,0.56,0.32,0.32,0.77,0.84,1.08,0.43 tick=146385 goal=0 b=0
P t=93.3 x=-6.83 y=-9.29 h=277.9 m=follow c=(3.7,6.3) s=0.168 r=0.34,0.43,0.34,0.34,0.26,0.31,0.76,0.62,0.69,0.41,0.32,0.54,0.79,0.83,1.14,0.41 tick=146489 goal=0 b=0
P t=94.4 x=-6.75 y=-9.74 h=284.2 m=follow c=(3.7,6.3) s=0.169 r=0.36,0.44,0.33,0.32,0.25,0.33,0.75,0.63,0.69,0.38,0.29,0.60,0.78,0.85,1.17,0.37 tick=146596 goal=0 b=0
P t=95.4 x=-6.66 y=-10.16 h=283.4 m=follow c=(4.1,5.9) s=0.153 r=0.35,0.41,0.32,0.32,0.26,0.34,0.76,0.63,0.72,0.39,0.29,0.74,0.77,0.85,0.41,0.35 tick=146697 goal=0 b=0
P t=96.4 x=-6.56 y=-10.58 h=282.3 m=follow c=(3.9,6.1) s=0.153 r=0.35,0.42,0.33,0.33,0.25,0.31,0.73,0.64,0.72,0.38,0.32,0.72,0.74,0.85,0.39,0.32 tick=146799 goal=0 b=0
P t=97.4 x=-6.45 y=-10.99 h=288.5 m=follow c=(4.4,5.6) s=0.15 r=0.35,0.41,0.32,0.32,0.24,0.32,0.77,0.65,0.73,0.40,0.33,0.75,0.74,0.89,0.37,0.29 tick=146899 goal=0 b=0
P t=98.4 x=-6.36 y=-11.30 h=279.5 m=turn c=(18,-18) s=0.161 r=0.30,0.37,0.33,0.31,0.27,0.30,0.92,0.69,0.75,0.42,0.33,0.64,0.79,0.82,0.38,0.35 tick=147003 goal=0 b=0
P t=99.4 x=-6.36 y=-11.30 h=246.1 m=turn c=(18,-18) s=0.143 r=0.36,0.28,0.38,0.42,0.30,0.30,0.27,0.98,0.78,0.69,0.74,0.38,0.38,0.75,0.78,1.02  b=0
P t=100.5 x=-6.45 y=-11.35 h=206.2 m=follow c=(12.0,12.0) s=0.158 r=0.82,0.39,0.33,0.29,0.38,0.33,0.33,0.25,0.32,0.87,0.66,0.73,0.43,0.31,0.75,0.77 tick=147207 goal=0 b=0
P t=101.5 x=-6.79 y=-11.59 h=216.0 m=follow c=(3.6,6.4) s=0.16 r=0.85,0.36,0.30,0.29,0.39,0.32,0.34,0.28,0.33,0.78,0.67,0.74,0.38,0.33,0.74,0.73 tick=147307 goal=0 b=0
P t=102.5 x=-7.14 y=-11.85 h=216.3 m=follow c=(3.6,6.4) s=0.16 r=0.87,0.33,0.27,0.30,0.36,0.32,0.33,0.28,0.38,0.79,0.69,0.74,0.38,0.37,0.72,0.74 tick=147408 goal=0 b=0
P t=103.6 x=-7.49 y=-12.15 h=220.1 m=follow c=(4.1,5.9) s=0.178 r=0.92,0.31,0.29,0.30,0.38,0.32,0.35,0.29,0.39,0.82,0.70,0.70,0.36,0.51,0.73,0.74 tick=147517 goal=0 b=0
P t=104.6 x=-7.81 y=-12.45 h=221.7 m=follow c=(4.0,6.0) s=0.165 r=0.95,0.33,0.27,0.28,0.40,0.34,0.34,0.30,1.06,0.82,0.72,0.68,0.33,0.54,0.72,0.75 tick=147621 goal=0 b=0
P t=105.6 x=-8.13 y=-12.74 h=224.2 m=follow c=(4.6,5.4) s=0.187 r=0.95,0.30,0.25,0.27,0.38,0.35,0.37,0.32,1.02,0.80,0.73,0.44,0.31,0.58,0.73,0.76 tick=147721 goal=0 b=0
P t=106.6 x=-8.40 y=-13.02 h=220.1 m=turn c=(18,-18) s=0.188 r=0.93,0.30,0.25,0.25,0.38,0.35,0.37,0.32,1.09,0.83,0.77,0.46,0.30,0.55,0.73,0.75 tick=147822 goal=0 b=0
P t=107.7 x=-8.40 y=-13.02 h=188.5 m=turn c=(18,-18) s=0.175 r=0.70,0.75,1.03,0.29,0.23,0.32,0.41,0.33,0.35,0.34,0.99,0.74,0.79,0.40,0.35,0.70 tick=147932 goal=0 b=0
P t=108.7 x=-8.40 y=-13.02 h=152.0 m=turn c=(18,-18) s=0.194 r=0.55,0.71,0.71,0.90,0.31,0.28,0.25,0.36,0.39,0.36,0.33,0.41,0.85,0.74,0.67,0.31 tick=148032 goal=0 b=0
P t=109.7 x=-8.59 y=-12.93 h=131.5 m=turn c=(18,-18) s=0.187 r=0.33,0.57,0.72,0.75,0.96,0.29,0.24,0.26,0.40,0.36,0.38,0.35,0.97,0.78,0.79,0.42 tick=148134 goal=0 b=0
P t=110.8 x=-8.59 y=-12.93 h=101.5 m=turn c=(18,-18) s=0.174 r=0.78,0.37,0.39,0.68,0.66,0.75,0.32,0.30,0.23,0.36,0.45,0.36,0.35,0.41,0.82,0.70 tick=148238 goal=0 b=0
P t=111.9 x=-8.52 y=-12.48 h=83.7 m=follow c=(6.5,17.5) s=0.169 r=0.71,0.72,0.33,0.49,0.69,0.68,0.80,0.32,0.29,0.25,0.39,0.41,0.36,0.32,0.41,0.84 tick=148346 goal=0 b=0
P t=112.9 x=-8.47 y=-11.70 h=89.4 m=follow c=(0.4,9.6) s=0.184 r=0.76,0.42,0.28,0.53,0.73,0.75,0.98,0.33,0.29,0.34,0.43,0.36,0.34,0.37,0.95,0.74 tick=148453 goal=0 b=0
P t=114.0 x=-8.53 y=-11.25 h=101.1 m=follow c=(0.2,9.8) s=0.173 r=0.73,0.36,0.29,0.71,0.70,0.80,1.08,0.35,0.27,0.41,0.43,0.41,0.33,0.38,0.79,0.64 tick=148559 goal=0 b=0
P t=115.1 x=-8.65 y=-10.81 h=111.1 m=follow c=(-0.2,10.2) s=0.171 r=0.62,0.30,0.33,0.67,0.71,0.85,0.35,0.34,0.31,0.43,0.37,0.37,0.33,0.95,0.74,0.69  b=0
P t=116.1 x=-8.66 y=-10.77 h=82.2 m=turn c=(18,-18) s=0.175 r=0.66,0.71,0.33,0.30,0.69,0.69,0.78,1.15,0.36,0.32,0.41,0.41,0.40,0.32,1.04,0.79 tick=148768 goal=0 b=0
P t=117.1 x=-8.66 y=-10.77 h=46.0 m=turn c=(18,-18) s=0.175 r=0.94,0.70,0.70,0.39,0.26,0.50,0.69,0.75,0.96,0.36,0.32,0.39,0.48,0.36,0.33,0.36 tick=148873 goal=0 b=0
P t=118.2 x=-8.40 y=-10.60 h=39.6 m=follow c=(-3.2,13.2) s=0.19 r=1.07,0.76,0.67,0.71,0.32,0.29,0.67,0.71,0.79,1.18,0.36,0.29,0.42,0.38,0.39,0.31 tick=148979 goal=0 b=0
P t=119.2 x=-8.09 y=-10.28 h=51.7 m=follow c=(-3.8,13.8) s=0.174 r=0.77,0.64,0.71,0.35,0.27,0.56,0.77,0.81,1.11,0.37,0.31,0.44,0.41,0.37,0.29,0.37 tick=149085 goal=0 b=0
P t=120.3 x=-7.62 y=-9.36 h=68.4 m=follow c=(5.2,18.8) s=0.155 r=0.64,0.65,0.59,0.32,0.29,0.70,0.76,1.02,0.39,0.33,0.47,0.49,0.37,0.27,0.33,0.89 tick=149191 goal=0 b=0
P t=121.4 x=-7.37 y=-8.51 h=75.1 m=follow c=(2.8,7.2) s=0.171 r=0.58,0.65,0.35,0.29,0.31,0.77,0.83,1.14,0.42,0.36,0.48,0.38,0.31,0.29,0.96,0.72 tick=149300 goal=0 b=0
P t=122.5 x=-7.28 y=-8.07 h=80.5 m=follow c=(3.4,6.6) s=0.166 r=0.57,0.64,0.34,0.27,0.31,0.79,0.86,1.19,0.44,0.39,0.47,0.40,0.29,0.30,0.95,0.70 tick=149406 goal=0 b=0
P t=123.5 x=-7.22 y=-7.62 h=88.3 m=follow c=(0.8,9.2) s=0.161 r=0.57,0.62,0.32,0.28,0.59,0.77,0.89,0.47,0.41,0.47,0.49,0.39,0.28,0.29,0.84,0.66 tick=149512 goal=0 b=0
P t=124.6 x=-7.24 y=-7.07 h=92.7 m=follow c=(0.6,9.4) s=0.171 r=0.62,0.54,0.32,0.24,0.70,0.80,1.08,0.47,0.40,0.49,0.39,0.32,0.29,0.92,0.68,0.54 tick=149618 goal=0 b=0
P t=125.7 x=-7.32 y=-6.61 h=104.7 m=seek c=(-0.1,10.1) s=0.158 r=0.60,0.30,0.29,0.23,0.78,0.87,1.25,0.47,0.48,0.56,0.41,0.27,0.29,0.92,0.67,0.52 tick=149726 goal=0 b=0
P t=126.7 x=-7.38 y=-6.17 h=92.0 m=follow c=(13.4,-3.4) s=0.173 r=0.56,0.54,0.29,0.25,0.69,0.76,0.96,0.51,0.42,0.52,0.43,0.32,0.28,0.88,0.82,0.55 tick=149832 goal=0 b=0
P t=127.8 x=-7.30 y=-5.73 h=73.3 m=follow c=(15.0,-5.0) s=0.158 r=0.53,0.58,0.51,0.27,0.26,0.71,0.78,1.12,0.50,0.45,0.54,0.42,0.28,0.30,0.90,0.66 tick=149938 goal=0 b=0
P t=128.8 x=-7.08 y=-5.34 h=53.7 m=follow c=(6.5,3.5) s=0.158 r=0.65,0.48,0.57,0.48,0.27,0.25,0.73,0.85,1.17,0.51,0.48,0.57,0.41,0.28,0.30,0.90 tick=150044 goal=0 b=0
P t=129.9 x=-6.78 y=-4.98 h=45.9 m=follow c=(6.4,3.6) s=0.159 r=0.61,0.48,0.54,0.50,0.27,0.26,0.72,0.81,1.13,0.52,0.47,0.57,0.40,0.29,0.29,0.89 tick=150155 goal=0 b=0
P t=131.0 x=-6.48 y=-4.64 h=45.4 m=follow c=(6.5,3.5) s=0.162 r=0.60,0.49,0.52,0.55,0.27,0.27,0.26,0.81,1.02,0.56,0.49,0.56,0.44,0.27,0.28,0.87 tick=150261 goal=0 b=0
P t=132.1 x=-6.18 y=-4.31 h=47.8 m=follow c=(6.0,4.0) s=0.143 r=0.75,0.54,0.48,0.54,0.34,0.27,0.26,0.84,0.98,0.56,0.48,0.56,0.43,0.26,0.26,0.84 tick=150367 goal=0 b=0
P t=133.1 x=-5.87 y=-4.01 h=45.2 m=follow c=(5.8,4.2) s=0.15 r=0.74,0.53,0.46,0.54,0.44,0.26,0.26,0.88,0.97,0.59,0.49,0.57,0.43,0.27,0.25,0.79 tick=150467 goal=0 b=0
P t=134.1 x=-5.47 y=-3.71 h=30.8 m=seek c=(26.0,-2.0) s=0.164 r=0.87,0.56,0.44,0.51,0.53,0.30,0.29,0.29,0.88,1.23,0.57,0.56,0.47,0.29,0.26,0.71 tick=150573 goal=0 b=0
P t=135.2 x=-5.25 y=-3.61 h=357.0 m=turn c=(18,-18) s=0.161 r=0.21,0.83,0.71,0.52,0.44,0.54,0.46,0.30,0.30,0.88,1.01,0.57,0.50,0.57,0.40,0.25 tick=150680 goal=0 b=0
P t=136.2 x=-5.25 y=-3.61 h=327.1 m=turn c=(18,-18) s=0.152 r=0.26,0.24,0.71,0.82,0.57,0.44,0.51,0.52,0.28,0.31,0.80,0.93,1.30,0.56,0.58,0.42 tick=150780 goal=0 b=0
P t=137.2 x=-5.20 y=-3.68 h=295.6 m=turn c=(18,-18) s=0.154 r=0.58,0.37,0.24,0.70,0.82,0.66,0.49,0.45,0.55,0.35,0.28,0.29,0.85,1.10,0.59,0.52 tick=150884 goal=0 b=0
P t=138.2 x=-5.20 y=-3.68 h=261.0 m=turn c=(18,-18) s=0.164 r=0.51,0.57,0.44,0.26,0.22,0.72,0.72,0.58,0.44,0.53,0.51,0.29,0.33,0.80,0.96,1.34 tick=150985 goal=0 b=0
P t=139.3 x=-5.31 y=-3.87 h=243.3 m=follow c=(-0.4,10.4) s=None r=1.37,0.50,0.56,0.42,0.24,0.23,0.74,0.72,0.55,0.45,0.54,0.49,0.31,0.30,0.86,0.96 tick=151088 goal=0 b=0
P t=140.3 x=-5.50 y=-4.28 h=249.7 m=follow c=(-0.5,10.5) s=0.157 r=0.57,0.50,0.58,0.41,0.23,0.23,0.83,0.62,0.50,0.47,0.54,0.34,0.29,0.30,0.84,1.11 tick=151195 goal=0 b=0
P t=141.4 x=-5.60 y=-4.70 h=260.6 m=follow c=(1.7,8.3) s=0.147 r=0.53,0.55,0.47,0.32,0.25,0.70,0.87,0.58,0.45,0.56,0.52,0.30,0.31,0.77,0.91,1.28 tick=151295 goal=0 b=0
P t=142.4 x=-5.66 y=-5.13 h=267.3 m=follow c=(2.8,7.2) s=0.155 r=0.45,0.53,0.39,0.26,0.22,0.73,0.76,0.59,0.47,0.58,0.49,0.31,0.30,0.85,0.97,1.36 tick=151398 goal=0 b=0
P t=143.4 x=-5.70 y=-5.58 h=268.8 m=follow c=(2.9,7.1) s=0.169 r=0.47,0.53,0.39,0.23,0.24,0.78,0.77,0.59,0.51,0.60,0.36,0.30,0.28,0.84,0.97,0.54 tick=151504 goal=0 b=0
P t=144.5 x=-5.69 y=-6.03 h=272.4 m=follow c=(3.1,6.9) s=0.148 r=0.44,0.51,0.36,0.24,0.24,0.84,0.79,0.58,0.54,0.59,0.34,0.32,0.76,0.80,1.11,0.52 tick=151611 goal=0 b=0
P t=145.5 x=-5.67 y=-6.45 h=272.9 m=follow c=(3.7,6.3) s=0.161 r=0.44,0.49,0.36,0.22,0.24,0.86,0.80,0.57,0.57,0.60,0.32,0.31,0.76,0.83,1.14,0.51 tick=151711 goal=0 b=0
P t=146.6 x=-5.62 y=-6.90 h=277.9 m=follow c=(3.4,6.6) s=0.162 r=0.46,0.49,0.38,0.22,0.24,0.89,0.65,0.55,0.60,0.57,0.33,0.29,0.78,0.87,1.19,0.48 tick=151817 goal=0 b=0
P t=147.6 x=-5.61 y=-6.79 h=272.6 m=backup c=(-10,-10) s=0.15 r=0.45,0.49,0.36,0.21,0.25,0.84,0.79,0.57,0.57,0.63,0.33,0.30,0.76,0.84,1.15,0.49 tick=151923 goal=0 b=0
P t=148.7 x=-5.63 y=-6.57 h=253.8 m=turn c=(18,-18) s=0.174 r=0.51,0.42,0.50,0.35,0.25,0.24,0.80,0.81,0.60,0.55,0.61,0.35,0.31,0.78,0.82,1.11 tick=152027 goal=0 b=0
P t=149.7 x=-5.63 y=-6.57 h=218.9 m=turn c=(18,-18) s=0.157 r=0.94,1.27,0.45,0.50,0.48,0.36,0.23,0.27,0.90,0.62,0.52,0.60,0.52,0.32,0.28,0.85 tick=152133 goal=0 b=0
P t=150.8 x=-6.40 y=-7.03 h=213.3 m=follow c=(5.8,18.2) s=0.16 r=0.91,1.27,0.44,0.48,0.52,0.35,0.25,0.25,0.95,0.68,0.53,0.64,0.37,0.32,0.30,0.81 tick=152239 goal=0 b=0
P t=151.8 x=-6.87 y=-7.42 h=222.1 m=follow c=(1.4,8.6) s=0.151 r=0.98,0.48,0.39,0.50,0.39,0.35,0.26,0.29,0.82,0.63,0.58,0.64,0.30,0.28,0.72,0.76 tick=152344 goal=0 b=0
P t=152.9 x=-7.16 y=-7.76 h=232.3 m=follow c=(1.8,8.2) s=0.148 r=1.12,0.46,0.39,0.48,0.38,0.31,0.29,0.94,0.71,0.57,0.63,0.55,0.29,0.26,0.72,0.83  b=0
P t=153.9 x=-7.41 y=-8.13 h=236.1 m=follow c=(1.4,8.6) s=0.156 r=1.20,0.44,0.42,0.49,0.37,0.29,0.30,0.97,0.70,0.58,0.65,0.34,0.27,0.53,0.77,0.85 tick=152555 goal=0 b=0
P t=155.0 x=-7.62 y=-8.53 h=246.6 m=follow c=(0.5,9.5) s=0.152 r=0.43,0.37,0.46,0.47,0.39,0.29,0.33,0.86,0.65,0.62,0.59,0.31,0.25,0.70,0.75,0.95 tick=152661 goal=0 b=0
P t=156.1 x=-7.76 y=-8.96 h=255.2 m=follow c=(0.4,9.6) s=0.163 r=0.42,0.35,0.46,0.37,0.35,0.29,0.95,0.73,0.61,0.67,0.35,0.28,0.51,0.75,0.83,1.09 tick=152770 goal=0 b=0
P t=157.1 x=-7.84 y=-9.41 h=261.3 m=follow c=(0.7,9.3) s=0.177 r=0.40,0.39,0.47,0.37,0.31,0.31,0.97,0.72,0.62,0.69,0.32,0.25,0.70,0.72,0.85,0.43 tick=152875 goal=0 b=0
P t=158.2 x=-7.85 y=-9.86 h=273.7 m=follow c=(0.9,9.1) s=0.156 r=0.33,0.43,0.45,0.36,0.29,0.34,0.90,0.66,0.68,0.57,0.31,0.32,0.72,0.78,1.02,0.41 tick=152982 goal=0 b=0
P t=159.3 x=-7.80 y=-10.31 h=278.1 m=follow c=(2.8,7.2) s=0.157 r=0.33,0.42,0.37,0.37,0.32,0.35,0.76,0.62,0.73,0.35,0.28,0.55,0.77,0.83,1.12,0.38 tick=153088 goal=0 b=0
P t=160.3 x=-7.73 y=-10.71 h=278.7 m=turn c=(18,-18) s=0.165 r=0.29,0.40,0.38,0.34,0.29,0.35,0.77,0.62,0.73,0.36,0.27,0.58,0.76,0.81,1.14,0.36 tick=153194 goal=0 b=0
P t=161.4 x=-7.73 y=-10.71 h=242.5 m=turn c=(18,-18) s=0.17 r=0.37,0.34,0.38,0.42,0.35,0.31,0.30,0.93,0.72,0.65,0.65,0.34,0.34,0.72,0.74,0.91 tick=153300 goal=0 b=0
P t=162.5 x=-7.73 y=-10.71 h=212.0 m=turn c=(18,-18) s=0.158 r=0.81,1.08,0.36,0.33,0.41,0.40,0.35,0.28,0.35,0.92,0.66,0.71,0.39,0.26,0.55,0.77 tick=153407 goal=0 b=0
P t=163.5 x=-8.60 y=-11.19 h=209.8 m=follow c=(9.3,14.7) s=0.166 r=0.79,1.03,0.35,0.30,0.41,0.47,0.39,0.32,0.37,0.80,0.66,0.71,0.37,0.26,0.55,0.73 tick=153512 goal=0 b=0
P t=164.6 x=-9.49 y=-11.78 h=215.0 m=follow c=(9.3,14.7) s=0.167 r=0.77,1.08,0.34,0.29,0.43,0.46,0.40,0.35,1.05,0.82,0.69,0.72,0.30,0.30,0.67,0.69 tick=153618 goal=0 b=0
P t=165.6 x=-10.37 y=-12.42 h=219.3 m=follow c=(9.5,14.5) s=0.185 r=0.75,1.09,0.32,0.28,0.42,0.48,0.44,0.37,1.09,0.79,0.75,0.38,0.24,0.47,0.64,0.64 tick=153725 goal=0 b=0
P t=166.7 x=-11.18 y=-13.13 h=222.2 m=follow c=(10.2,13.8) s=0.177 r=0.77,1.31,0.28,0.26,0.41,0.47,0.45,0.41,1.01,0.81,0.79,0.37,0.27,0.49,0.64,0.64 tick=153830 goal=0 b=0
P t=167.8 x=-11.97 y=-13.88 h=224.2 m=follow c=(11.5,12.5) s=0.173 r=0.77,1.32,0.27,0.25,0.37,0.50,0.47,0.44,1.04,0.81,0.81,0.26,0.33,0.53,0.63,0.63 tick=153937 goal=0 b=0
P t=168.8 x=-12.74 y=-14.65 h=222.2 m=follow c=(12.7,11.3) s=0.182 r=0.72,1.06,0.22,0.27,0.29,0.54,0.47,0.44,1.09,0.84,0.82,0.27,0.38,0.58,0.61,0.59 tick=154044 goal=0 b=0
P t=169.9 x=-13.37 y=-15.18 h=221.4 m=follow c=(6.2,3.8) s=0.168 r=0.63,0.96,0.20,0.25,0.24,0.45,0.46,0.47,1.24,0.90,0.85,0.27,0.41,0.56,0.60,0.55 tick=154151 goal=0 b=0
P t=171.0 x=-13.72 y=-15.46 h=221.1 m=seek c=(2.2,7.8) s=0.178 r=0.61,0.93,0.20,0.21,0.23,0.45,0.48,0.50,1.22,0.92,0.87,0.30,0.40,0.53,0.59,0.53 tick=154256 goal=0 b=0
P t=172.0 x=-14.02 y=-15.71 h=222.2 m=backup c=(-10,-10) s=0.164 r=0.66,0.95,0.18,0.23,0.27,0.46,0.49,0.51,1.15,0.88,0.85,0.29,0.44,0.58,0.58,0.57 tick=154363 goal=0 b=0
P t=173.1 x=-13.64 y=-15.36 h=207.7 m=turn c=(18,-18) s=0.164 r=0.59,0.83,1.28,0.21,0.25,0.26,0.53,0.52,0.52,0.97,0.81,0.41,0.31,0.45,0.56,0.53 tick=154469 goal=0 b=0
P t=174.1 x=-13.64 y=-15.36 h=168.2 m=turn c=(18,-18) s=0.174 r=0.57,0.54,0.60,0.94,0.21,0.23,0.25,0.45,0.49,0.49,1.23,0.92,0.85,0.29,0.39,0.49 tick=154576 goal=0 b=0
P t=175.2 x=-13.94 y=-15.26 h=165.0 m=follow c=(-5.0,15.0) s=0.177 r=0.55,0.50,0.60,0.82,1.29,0.22,0.27,0.27,0.50,0.53,0.56,0.98,0.82,0.30,0.32,0.45 tick=154683 goal=0 b=0
P t=176.3 x=-14.39 y=-15.23 h=185.6 m=follow c=(-2.8,12.8) s=0.177 r=0.54,0.57,0.74,1.29,0.20,0.25,0.27,0.57,0.54,0.52,1.13,0.81,0.41,0.28,0.42,0.52 tick=154790 goal=0 b=0
P t=177.4 x=-14.84 y=-15.32 h=201.2 m=follow c=(-5.0,15.0) s=0.185 r=0.53,0.61,0.95,0.48,0.23,0.27,0.50,0.51,0.53,1.15,0.84,0.42,0.29,0.41,0.53,0.57 tick=154900 goal=0 b=0
P t=178.5 x=-15.23 y=-15.57 h=220.6 m=follow c=(-5.0,15.0) s=0.176 r=0.58,0.92,1.17,0.22,0.29,0.48,0.52,0.53,1.18,0.85,0.50,0.29,0.43,0.55,0.53,0.49 tick=155007 goal=0 b=0
P t=179.5 x=-15.53 y=-15.88 h=229.4 m=follow c=(1.5,8.5) s=0.189 r=0.71,1.29,0.42,0.23,0.27,0.59,0.58,0.57,1.04,0.86,0.29,0.36,0.42,0.49,0.47,0.55 tick=155110 goal=0 b=0
P t=180.6 x=-15.81 y=-16.24 h=231.0 m=follow c=(2.0,8.0) s=0.165 r=0.73,1.25,0.24,0.22,0.27,0.60,0.57,0.60,1.04,0.88,0.30,0.37,0.44,0.51,0.46,0.52 tick=155218 goal=0 b=0
P t=181.6 x=-16.08 y=-16.59 h=234.3 m=follow c=(2.6,7.4) s=0.186 r=0.75,1.25,0.41,0.22,0.27,0.61,0.59,0.64,1.05,0.90,0.30,0.41,0.48,0.52,0.43,0.52 tick=155321 goal=0 b=0
P t=182.6 x=-16.33 y=-16.96 h=238.9 m=follow c=(3.0,7.0) s=0.186 r=0.77,1.25,0.22,0.21,0.27,0.60,0.61,0.65,1.01,0.90,0.30,0.42,0.56,0.51,0.45,0.50 tick=155425 goal=0 b=0
P t=183.7 x=-16.51 y=-17.22 h=231.8 m=backup c=(-10,-10) s=0.184 r=0.72,1.21,0.41,0.17,0.29,0.57,0.61,0.65,1.07,0.91,0.33,0.42,0.54,0.51,0.44,0.51 tick=155529 goal=0 b=0
P t=184.7 x=-16.17 y=-16.78 h=221.1 m=turn c=(18,-18) s=0.19 r=0.53,0.86,1.14,0.19,0.25,0.29,0.55,0.58,1.18,0.90,0.33,0.32,0.43,0.51,0.49,0.48 tick=155632 goal=0 b=0
P t=185.7 x=-16.17 y=-16.78 h=182.2 m=turn c=(18,-18) s=0.18 r=0.45,0.51,0.74,1.24,0.39,0.21,0.27,0.63,0.59,0.64,1.04,0.89,0.29,0.42,0.50,0.51 tick=155735 goal=0 b=0
P t=186.8 x=-16.30 y=-16.73 h=159.4 m=follow c=(-5.0,15.0) s=0.196 r=0.49,0.47,0.51,0.64,0.99,0.46,0.19,0.27,0.51,0.58,0.59,1.20,0.88,0.32,0.36,0.45 tick=155838 goal=0 b=0
P t=187.8 x=-16.74 y=-16.66 h=177.5 m=follow c=(-5.0,15.0) s=0.197 r=0.48,0.48,0.54,0.88,1.15,0.18,0.25,0.35,0.58,0.59,1.21,0.89,0.31,0.35,0.41,0.48 tick=155945 goal=0 b=0
P t=188.9 x=-17.18 y=-16.73 h=196.0 m=follow c=(-5.0,15.0) s=0.203 r=0.43,0.49,0.81,1.19,0.22,0.25,0.29,0.59,0.62,1.23,0.91,0.33,0.35,0.43,0.48,0.49 tick=156049 goal=0 b=0
P t=189.9 x=-17.56 y=-16.93 h=212.1 m=follow c=(-5.0,15.0) s=0.191 r=0.49,0.73,1.22,0.42,0.20,0.32,0.61,0.61,1.34,0.95,0.34,0.34,0.41,0.47,0.46,0.42 tick=156150 goal=0 b=0
P t=190.9 x=-17.87 y=-17.25 h=231.9 m=follow c=(1.3,8.7) s=0.195 r=0.67,1.23,0.43,0.17,0.30,0.67,0.65,0.68,1.05,0.92,0.33,0.41,0.49,0.47,0.40,0.46 tick=156256 goal=0 b=0
P t=192.0 x=-18.11 y=-17.62 h=243.0 m=follow c=(1.9,8.1) s=0.202 r=0.71,1.20,0.36,0.17,0.29,0.64,0.66,1.39,0.95,0.34,0.37,0.40,0.46,0.43,0.42,0.46 tick=156360 goal=0 b=0
P t=193.0 x=-18.32 y=-18.01 h=242.7 m=follow c=(2.2,7.8) s=0.213 r=0.79,1.12,0.36,0.18,0.32,0.62,0.63,1.26,0.92,0.35,0.41,0.45,0.46,0.40,0.43,0.48 tick=156463 goal=0 b=0
P t=194.0 x=-18.48 y=-18.41 h=246.9 m=follow c=(2.7,7.3) s=0.201 r=0.82,1.08,0.34,0.18,0.32,0.62,0.65,1.29,0.94,0.35,0.42,0.50,0.48,0.39,0.42,0.52 tick=156566 goal=0 b=0
P t=195.1 x=-18.65 y=-18.87 h=246.2 m=seek c=(19.0,-9.0) s=0.195 r=0.80,1.09,0.35,0.15,0.29,0.64,0.67,1.31,0.94,0.37,0.45,0.49,0.45,0.37,0.42,0.45 tick=156667 goal=0 b=0
P t=196.1 x=-18.41 y=-18.38 h=242.3 m=turn c=(18,-18) s=0.205 r=0.73,1.17,0.39,0.16,0.29,0.65,0.65,1.36,0.94,0.36,0.41,0.43,0.47,0.40,0.42,0.43 tick=156771 goal=0 b=0
P t=197.1 x=-18.41 y=-18.38 h=208.5 m=turn c=(18,-18) s=0.199 r=0.42,0.58,0.91,1.10,0.32,0.19,0.34,0.61,0.69,1.12,0.94,0.36,0.45,0.52,0.45,0.39 tick=156876 goal=0 b=0
=== home start 1787950309.9417496 at (-5.2,-3.7) ===
H t=0 x=-5.20 y=-3.70 s=0.201 T=(-35.0,-30.0)
M t=3 to h=251 trav=0.45 dist -> (-5.41,-4.10)
H t=3 x=-5.41 y=-4.10 s=0.197 T=(-35.0,-30.0)
M t=7 to h=372 trav=0.59 dist -> (-4.82,-4.02)
H t=8 x=-4.82 y=-4.02 s=0.193 T=(-35.0,-30.0)
M t=11 to h=55 trav=0.72 dist -> (-4.34,-3.49)
H t=11 x=-4.34 y=-3.49 s=0.192 T=(-35.0,-30.0)
M t=15 to h=224 trav=0.44 dist -> (-4.71,-3.73)
H t=16 x=-4.71 y=-3.73 s=0.184 T=(-35.0,-30.0)
M t=20 to h=371 trav=0.55 dist -> (-4.16,-3.69)
H t=21 x=-4.16 y=-3.69 s=0.186 T=(-35.0,-30.0)
M t=24 to h=231 trav=0.44 dist -> (-4.40,-4.06)
H t=25 x=-4.40 y=-4.06 s=0.193 T=(-35.0,-30.0)
M t=29 to h=369 trav=0.52 dist -> (-3.88,-4.02)
H t=29 x=-3.88 y=-4.02 s=0.191 T=(-35.0,-30.0)
FIT t=29 res=0.0004 T=(-29,-18) p=1 n=8
M t=33 to h=234 trav=0.45 dist -> (-4.13,-4.40)
H t=33 x=-4.13 y=-4.40 s=0.195 T=(-29,-18)
M t=39 to h=414 trav=0.67 dist -> (-3.77,-3.83)
H t=39 x=-3.77 y=-3.83 s=0.195 T=(-29,-18)
M t=43 to h=236 trav=0.44 dist -> (-4.09,-4.14)
H t=44 x=-4.09 y=-4.14 s=0.191 T=(-29,-18)
M t=45 to h=248 trav=0.45 dist -> (-4.34,-4.51)
H t=46 x=-4.34 y=-4.51 s=0.186 T=(-29,-18)
M t=46 to h=233 trav=0.44 dist -> (-4.61,-4.86)
H t=47 x=-4.61 y=-4.86 s=0.193 T=(-29,-18)
M t=49 to h=255 trav=0.63 dist -> (-4.86,-5.43)
H t=49 x=-4.86 y=-5.43 s=0.194 T=(-29,-18)
M t=50 to h=245 trav=0.48 dist -> (-5.09,-5.85)
H t=50 x=-5.09 y=-5.85 s=0.193 T=(-29,-18)
M t=54 to h=394 trav=0.64 dist -> (-4.52,-5.54)
H t=55 x=-4.52 y=-5.54 s=0.182 T=(-29,-18)
FIT t=55 res=0.0005 T=(-42,11) p=1 n=16
M t=57 to h=56 trav=0.67 dist -> (-4.08,-5.03)
H t=57 x=-4.08 y=-5.03 s=0.19 T=(-42,11)
M t=60 to h=143 trav=0.46 dist -> (-4.41,-4.72)
H t=61 x=-4.41 y=-4.72 s=0.184 T=(-42,11)
M t=61 to h=138 trav=0.44 dist -> (-4.73,-4.41)
H t=62 x=-4.73 y=-4.41 s=0.189 T=(-42,11)
M t=65 to h=248 trav=0.58 dist -> (-5.03,-4.91)
H t=66 x=-5.03 y=-4.91 s=0.201 T=(-42,11)
M t=71 to h=412 trav=0.73 dist -> (-4.53,-4.37)
H t=71 x=-4.53 y=-4.37 s=0.187 T=(-42,11)
M t=76 to h=247 trav=0.59 dist -> (-4.73,-4.93)
H t=76 x=-4.73 y=-4.93 s=0.193 T=(-42,11)
M t=79 to h=498 trav=0.41 dist -> (-5.07,-4.69)
H t=80 x=-5.07 y=-4.69 s=0.185 T=(-42,11)
M t=84 to h=397 trav=0.60 dist -> (-4.63,-4.29)
H t=84 x=-4.63 y=-4.29 s=0.197 T=(-42,11)
FIT t=84 res=0.0006 T=(-44,12) p=1 n=24
M t=88 to h=242 trav=0.47 dist -> (-4.82,-4.71)
H t=89 x=-4.82 y=-4.71 s=0.189 T=(-44,12)
M t=90 to h=246 trav=0.49 dist -> (-5.05,-5.14)
H t=90 x=-5.05 y=-5.14 s=0.186 T=(-44,12)
M t=94 to h=396 trav=0.71 dist -> (-4.43,-4.78)
H t=95 x=-4.43 y=-4.78 s=0.185 T=(-44,12)
M t=97 to h=57 trav=0.60 dist -> (-4.06,-4.31)
H t=97 x=-4.06 y=-4.31 s=0.185 T=(-44,12)
M t=98 to h=50 trav=0.66 dist -> (-3.63,-3.81)
H t=98 x=-3.63 y=-3.81 s=0.186 T=(-44,12)
M t=103 to h=230 trav=0.44 dist -> (-3.95,-4.11)
H t=104 x=-3.95 y=-4.11 s=0.193 T=(-44,12)
M t=105 to h=244 trav=0.54 dist -> (-4.28,-4.54)
H t=106 x=-4.28 y=-4.54 s=0.204 T=(-44,12)
M t=106 to h=229 trav=0.44 dist -> (-4.57,-4.87)
H t=107 x=-4.57 y=-4.87 s=0.205 T=(-44,12)
FIT t=107 res=0.0009 T=(-44,14) p=1 n=32
=== ctrl3 start 1787950418.8031557 side=1 ===
P t=0.0 x=0.00 y=0.00 h=150.2 m=follow sd=1 c=(0.0,0.0) s=0.205 tr=None bs=0.000 r=0.49,0.40,0.42,0.46,0.72,1.14,0.35,0.15,0.22,0.63,0.67,0.72,1.03,0.40,0.45,0.47 tick=167849 goal=0 b=0
P t=1.0 x=-0.33 y=0.28 h=132.1 m=follow sd=1 c=(15.0,-5.0) s=0.194 tr=None bs=0.000 r=0.49,0.47,0.38,0.41,0.47,0.77,1.08,0.34,0.17,0.28,0.64,0.66,1.30,0.97,0.38,0.45 tick=167950 goal=0 b=0
P t=2.0 x=-0.56 y=0.64 h=116.4 m=follow sd=1 c=(15.0,-5.0) s=0.2 tr=None bs=0.000 r=0.45,0.55,0.48,0.37,0.43,0.54,0.82,1.06,0.35,0.17,0.28,0.64,0.64,1.28,0.96,0.37 tick=168052 goal=0 b=0
P t=3.1 x=-0.68 y=1.07 h=97.1 m=follow sd=1 c=(15.0,-5.0) s=0.186 tr=None bs=0.000 r=0.37,0.43,0.49,0.47,0.37,0.45,0.61,1.13,1.10,0.35,0.18,0.35,0.63,0.68,1.13,0.95 tick=168156 goal=0 b=0
P t=4.1 x=-0.63 y=1.50 h=76.1 m=follow sd=1 c=(15.0,-5.0) s=0.19 tr=None bs=0.000 r=0.37,0.35,0.41,0.47,0.46,0.37,0.43,0.62,1.21,1.14,0.22,0.26,0.58,0.66,0.71,1.09 tick=168259 goal=0 b=0
P t=5.2 x=-0.44 y=1.93 h=56.4 m=follow sd=1 c=(13.1,-3.1) s=0.196 tr=None bs=0.000 r=0.96,0.34,0.36,0.41,0.43,0.45,0.39,0.46,0.68,1.22,0.40,0.19,0.30,0.66,0.66,1.39 tick=168370 goal=0 b=0
P t=6.3 x=0.06 y=2.52 h=47.7 m=follow sd=1 c=(18.4,5.6) s=0.187 tr=None bs=0.000 r=1.25,0.90,0.31,0.38,0.41,0.47,0.41,0.46,0.49,0.85,1.14,0.37,0.27,0.32,0.61,0.61 tick=168474 goal=0 b=0
P t=7.3 x=0.90 y=3.14 h=29.6 m=follow sd=1 c=(18.1,5.9) s=0.186 tr=None bs=0.000 r=0.66,1.01,0.89,0.29,0.41,0.47,0.48,0.41,0.50,0.72,1.25,0.43,0.23,0.32,0.62,0.64 tick=168578 goal=0 b=0
P t=8.3 x=1.60 y=3.47 h=20.5 m=follow sd=1 c=(9.0,1.0) s=0.175 tr=None bs=0.000 r=0.56,1.21,0.85,0.29,0.31,0.40,0.48,0.49,0.49,0.56,0.88,1.17,0.22,0.28,0.51,0.56 tick=168681 goal=0 b=0
P t=9.4 x=2.04 y=3.60 h=14.1 m=follow sd=1 c=(5.8,4.2) s=0.178 tr=None bs=0.000 r=0.55,1.30,0.91,0.49,0.28,0.40,0.54,0.52,0.46,0.55,0.87,1.21,0.20,0.26,0.34,0.54 tick=168789 goal=0 b=0
P t=10.4 x=2.46 y=3.72 h=17.8 m=follow sd=1 c=(5.6,4.4) s=0.196 tr=None bs=0.000 r=0.56,1.30,0.92,0.86,0.29,0.40,0.53,0.54,0.47,0.55,0.87,1.22,0.20,0.28,0.32,0.53 tick=168892 goal=0 b=0
P t=11.5 x=2.90 y=3.83 h=12.9 m=follow sd=1 c=(6.1,3.9) s=0.187 tr=None bs=0.000 r=0.55,1.25,0.95,0.87,0.29,0.38,0.50,0.53,0.49,0.56,0.84,1.26,0.20,0.26,0.31,0.53 tick=168997 goal=0 b=0
P t=12.5 x=3.31 y=3.92 h=10.9 m=follow sd=1 c=(5.6,4.4) s=0.195 tr=None bs=0.000 r=0.54,1.24,0.95,0.85,0.29,0.35,0.47,0.51,0.48,0.59,0.83,1.25,0.21,0.26,0.32,0.51 tick=169098 goal=0 b=0
P t=13.5 x=3.73 y=4.01 h=11.0 m=follow sd=1 c=(5.7,4.3) s=0.199 tr=None bs=0.000 r=0.53,0.57,0.96,0.84,0.26,0.33,0.47,0.56,0.48,0.60,0.84,1.28,0.22,0.26,0.32,0.50 tick=169199 goal=0 b=0
P t=14.6 x=4.16 y=4.08 h=9.4 m=follow sd=1 c=(5.2,4.8) s=0.204 tr=None bs=0.000 r=0.52,0.55,0.96,0.83,0.27,0.31,0.46,0.54,0.52,0.58,0.85,1.29,0.22,0.26,0.30,0.50 tick=169302 goal=0 b=0
P t=15.6 x=4.60 y=4.15 h=7.9 m=follow sd=1 c=(6.9,3.1) s=0.185 tr=None bs=0.000 r=0.52,0.52,0.97,0.81,0.40,0.29,0.46,0.56,0.53,0.60,0.82,1.29,0.25,0.26,0.28,0.51 tick=169406 goal=0 b=0
P t=16.6 x=5.04 y=4.20 h=3.5 m=follow sd=1 c=(6.6,3.4) s=0.187 tr=None bs=0.000 r=0.50,0.51,0.97,0.78,0.42,0.29,0.46,0.55,0.55,0.62,0.83,1.31,0.24,0.25,0.37,0.54 tick=169509 goal=0 b=0
P t=17.7 x=5.48 y=4.24 h=6.9 m=follow sd=1 c=(6.3,3.7) s=0.175 tr=None bs=0.000 r=0.52,0.48,1.09,0.79,0.49,0.31,0.46,0.59,0.58,0.63,0.84,1.31,0.24,0.23,0.34,0.51 tick=169614 goal=0 b=0
P t=18.7 x=5.92 y=4.26 h=1.8 m=follow sd=1 c=(5.5,4.5) s=0.181 tr=None bs=0.000 r=0.47,0.45,1.09,0.79,0.80,0.29,0.46,0.59,0.60,0.63,0.82,1.32,0.23,0.25,0.31,0.50 tick=169718 goal=0 b=0
P t=19.7 x=6.35 y=4.28 h=3.5 m=follow sd=1 c=(5.7,4.3) s=0.177 tr=None bs=0.000 r=0.46,0.42,1.08,0.81,0.83,0.30,0.44,0.65,0.62,0.66,0.82,0.24,0.24,0.23,0.33,0.49 tick=169820 goal=0 b=0
P t=20.7 x=6.78 y=4.28 h=359.6 m=follow sd=1 c=(5.7,4.3) s=0.189 tr=-0.003 bs=0.184 r=0.44,0.42,1.05,0.82,0.83,0.31,0.38,0.64,0.64,0.66,0.83,0.22,0.25,0.25,0.33,0.48  b=0
P t=21.8 x=7.23 y=4.27 h=358.9 m=follow sd=1 c=(5.6,4.4) s=0.176 tr=-0.004 bs=0.184 r=0.43,0.40,1.11,0.88,0.84,0.35,0.34,0.59,0.64,0.66,0.82,0.25,0.24,0.23,0.31,0.48 tick=170026 goal=0 b=0
P t=22.8 x=7.67 y=4.24 h=356.4 m=follow sd=1 c=(5.5,4.5) s=0.168 tr=-0.004 bs=0.184 r=0.40,0.39,1.19,0.89,0.84,0.43,0.33,0.56,0.67,0.66,0.84,0.22,0.25,0.23,0.32,0.47 tick=170130 goal=0 b=0
P t=23.8 x=8.09 y=4.21 h=354.7 m=follow sd=1 c=(5.3,4.7) s=0.175 tr=-0.005 bs=0.184 r=0.40,0.39,0.50,0.89,0.83,0.42,0.33,0.56,0.69,0.66,0.82,0.23,0.24,0.21,0.31,0.47 tick=170230 goal=0 b=0
P t=24.8 x=8.52 y=4.17 h=352.7 m=follow sd=1 c=(5.7,4.3) s=0.18 tr=-0.006 bs=0.184 r=0.38,0.39,0.47,0.90,0.80,0.45,0.34,0.58,0.71,0.68,0.80,0.25,0.24,0.20,0.31,0.46 tick=170331 goal=0 b=0
P t=25.9 x=8.95 y=4.13 h=353.0 m=follow sd=1 c=(5.0,5.0) s=0.179 tr=-0.008 bs=0.184 r=0.35,0.37,0.46,0.90,0.81,0.46,0.35,0.57,0.69,0.69,0.82,0.26,0.24,0.18,0.29,0.41 tick=170432 goal=0 b=0
P t=26.9 x=8.57 y=4.17 h=355.5 m=backup sd=1 c=(-10,-10) s=0.182 tr=-0.008 bs=0.184 r=0.37,0.38,0.47,0.92,0.79,0.47,0.36,0.56,0.71,0.68,0.80,0.23,0.24,0.22,0.31,0.44 tick=170534 goal=0 b=0
P t=27.9 x=8.50 y=4.18 h=23.1 m=turn sd=1 c=(-18,18) s=0.171 tr=-0.008 bs=0.184 r=0.41,1.05,0.81,0.82,0.41,0.39,0.72,0.68,0.70,0.90,0.23,0.25,0.19,0.35,0.42,0.40 tick=170636 goal=0 b=0
P t=29.0 x=8.55 y=4.26 h=56.1 m=follow sd=1 c=(12.0,12.0) s=0.198 tr=-0.008 bs=0.184 r=0.90,0.78,0.74,0.32,0.54,0.66,0.64,0.72,0.27,0.23,0.23,0.22,0.39,0.37,0.40,0.45 tick=170745 goal=0 b=0
P t=30.0 x=8.80 y=4.60 h=47.7 m=follow sd=1 c=(9.1,0.9) s=0.183 tr=-0.006 bs=0.184 r=1.03,0.76,0.81,0.35,0.43,0.68,0.65,0.70,0.95,0.26,0.22,0.22,0.38,0.39,0.42,0.38 tick=170844 goal=0 b=0
P t=31.0 x=9.10 y=4.93 h=46.0 m=follow sd=1 c=(8.6,1.4) s=0.172 tr=-0.005 bs=0.184 r=1.08,0.83,0.82,0.43,0.33,0.57,0.71,0.72,0.89,0.26,0.26,0.22,0.36,0.40,0.40,0.36 tick=170949 goal=0 b=0
P t=32.1 x=9.45 y=5.21 h=36.9 m=follow sd=1 c=(7.8,2.2) s=0.181 tr=-0.005 bs=0.184 r=0.41,0.83,0.74,0.72,0.35,0.53,0.69,0.66,0.78,0.27,0.27,0.22,0.36,0.42,0.37,0.35 tick=171056 goal=0 b=0
P t=33.1 x=9.81 y=5.46 h=32.5 m=follow sd=1 c=(7.3,2.7) s=0.166 tr=-0.003 bs=0.184 r=0.38,0.87,0.73,0.79,0.37,0.40,0.69,0.66,0.76,0.30,0.26,0.23,0.34,0.44,0.36,0.40 tick=171159 goal=0 b=0
P t=34.1 x=10.18 y=5.68 h=30.2 m=follow sd=1 c=(6.9,3.1) s=0.172 tr=-0.003 bs=0.184 r=0.35,0.98,0.75,0.81,0.41,0.34,0.72,0.72,0.75,1.02,0.29,0.22,0.30,0.40,0.33,0.34 tick=171260 goal=0 b=0
P t=35.2 x=10.57 y=5.88 h=24.0 m=follow sd=1 c=(6.0,4.0) s=0.167 tr=-0.001 bs=0.184 r=0.32,0.97,0.77,0.79,0.42,0.34,0.62,0.73,0.77,1.00,0.29,0.24,0.33,0.39,0.32,0.35 tick=171362 goal=0 b=0
P t=36.2 x=10.82 y=6.00 h=32.5 m=turn sd=1 c=(-18,18) s=0.173 tr=-0.002 bs=0.184 r=0.36,0.83,0.71,0.80,0.41,0.36,0.71,0.70,0.80,0.32,0.28,0.23,0.35,0.40,0.34,0.33 tick=171464 goal=0 b=0
P t=37.2 x=10.82 y=6.00 h=68.8 m=turn sd=1 c=(-18,18) s=0.173 tr=-0.001 bs=0.184 r=0.80,0.77,0.44,0.35,0.59,0.74,0.77,0.99,0.30,0.24,0.33,0.37,0.33,0.36,0.29,0.95 tick=171568 goal=0 b=0
P t=38.3 x=10.81 y=6.20 h=91.7 m=follow sd=1 c=(15.0,-5.0) s=0.16 tr=-0.001 bs=0.184 r=0.77,0.47,0.30,0.58,0.76,0.78,0.95,0.31,0.22,0.29,0.38,0.33,0.35,0.29,1.03,0.78 tick=171677 goal=0 b=0
P t=39.3 x=10.90 y=7.19 h=82.8 m=follow sd=1 c=(14.6,9.4) s=0.16 tr=-0.003 bs=0.184 r=0.67,0.76,0.40,0.33,0.71,0.68,0.82,0.37,0.33,0.28,0.36,0.36,0.35,0.28,0.38,0.78 tick=171779 goal=0 b=0
P t=40.4 x=11.13 y=8.24 h=74.0 m=follow sd=1 c=(13.9,10.1) s=0.184 tr=-0.004 bs=0.184 r=0.66,0.73,0.39,0.28,0.61,0.77,0.82,1.11,0.35,0.29,0.40,0.38,0.34,0.30,0.34,0.90 tick=171885 goal=0 b=0
P t=41.4 x=11.45 y=9.27 h=67.8 m=follow sd=1 c=(13.6,10.4) s=0.161 tr=-0.005 bs=0.184 r=0.68,0.71,0.60,0.32,0.34,0.77,0.80,1.04,0.39,0.31,0.41,0.39,0.35,0.27,0.32,0.87 tick=171990 goal=0 b=0
P t=42.5 x=11.84 y=10.24 h=66.5 m=follow sd=1 c=(13.1,10.9) s=0.159 tr=-0.007 bs=0.184 r=0.66,0.61,0.64,0.36,0.26,0.72,0.77,1.04,0.43,0.34,0.45,0.42,0.35,0.25,0.31,0.83 tick=172093 goal=0 b=0
P t=43.5 x=12.25 y=11.13 h=66.0 m=follow sd=1 c=(6.1,3.9) s=0.161 tr=-0.008 bs=0.184 r=0.66,0.57,0.64,0.33,0.31,0.75,0.78,0.92,0.45,0.38,0.47,0.40,0.34,0.25,0.28,0.82 tick=172195 goal=0 b=0
P t=44.5 x=12.50 y=11.62 h=62.1 m=follow sd=1 c=(6.1,3.9) s=0.157 tr=-0.009 bs=0.184 r=0.67,0.55,0.64,0.35,0.31,0.60,0.79,0.91,0.46,0.39,0.47,0.38,0.36,0.23,0.24,0.81 tick=172298 goal=0 b=0
SWITCH t=44.7 side=-1 mb=0.168 best=0.184 trend=-0.011999999999999983
P t=45.5 x=12.54 y=11.69 h=92.4 m=turnabout sd=-1 c=(-20,20) s=0.143 tr=None bs=0.184 r=0.61,0.64,0.33,0.32,0.74,0.82,1.09,0.48,0.39,0.49,0.38,0.28,0.24,0.28,0.81,0.62 tick=172400 goal=0 b=0
P t=46.6 x=12.54 y=11.69 h=134.5 m=turnabout sd=-1 c=(-20,20) s=0.172 tr=None bs=0.184 r=0.34,0.31,0.62,0.81,0.94,0.47,0.39,0.49,0.39,0.35,0.22,0.26,0.81,0.64,0.53,0.64 tick=172506 goal=0 b=0
P t=47.7 x=12.54 y=11.69 h=167.2 m=turnabout sd=-1 c=(-20,20) s=0.175 tr=None bs=0.184 r=0.32,0.81,0.90,1.25,0.41,0.46,0.49,0.36,0.22,0.26,0.92,0.67,0.56,0.65,0.49,0.32 tick=172614 goal=0 b=0
P t=48.7 x=12.54 y=11.69 h=210.5 m=turnabout sd=-1 c=(-20,20) s=0.17 tr=None bs=0.184 r=0.87,1.14,0.46,0.41,0.48,0.36,0.26,0.23,0.87,0.80,0.59,0.61,0.58,0.33,0.30,0.76 tick=172714 goal=0 b=0
P t=49.8 x=12.42 y=11.52 h=236.2 m=follow sd=-1 c=(0.4,9.6) s=0.167 tr=None bs=0.184 r=1.22,0.44,0.46,0.51,0.33,0.24,0.27,0.91,0.66,0.54,0.65,0.51,0.33,0.33,0.82,0.91 tick=172824 goal=0 b=0
P t=50.9 x=12.20 y=11.11 h=244.5 m=follow sd=-1 c=(0.4,9.6) s=0.167 tr=None bs=0.184 r=0.46,0.38,0.47,0.38,0.34,0.25,0.27,0.81,0.64,0.58,0.64,0.33,0.32,0.74,0.80,1.00 tick=172934 goal=0 b=0
P t=51.9 x=12.05 y=10.68 h=251.5 m=follow sd=-1 c=(1.1,8.9) s=0.167 tr=None bs=0.184 r=0.45,0.37,0.46,0.35,0.32,0.25,0.29,0.84,0.61,0.63,0.59,0.33,0.30,0.78,0.87,1.12 tick=173040 goal=0 b=0
P t=53.0 x=11.96 y=10.26 h=261.1 m=follow sd=-1 c=(1.2,8.8) s=0.172 tr=None bs=0.184 r=0.38,0.41,0.47,0.35,0.26,0.26,0.93,0.70,0.59,0.68,0.36,0.29,0.60,0.79,0.88,0.45 tick=173142 goal=0 b=0
P t=54.0 x=11.93 y=9.83 h=269.2 m=follow sd=-1 c=(1.5,8.6) s=0.19 tr=None bs=0.184 r=0.35,0.44,0.45,0.34,0.25,0.28,0.87,0.70,0.61,0.70,0.36,0.28,0.72,0.77,0.97,0.42 tick=173242 goal=0 b=0
P t=55.0 x=11.93 y=9.40 h=273.2 m=follow sd=-1 c=(3.5,6.5) s=0.188 tr=None bs=0.184 r=0.32,0.42,0.37,0.32,0.26,0.28,0.87,0.68,0.65,0.63,0.34,0.31,0.75,0.82,1.07,0.41 tick=173344 goal=0 b=0
P t=56.0 x=11.95 y=9.13 h=262.8 m=turn sd=-1 c=(18,-18) s=0.185 tr=None bs=0.184 r=0.33,0.37,0.45,0.31,0.29,0.27,0.97,0.73,0.60,0.71,0.39,0.30,0.75,0.78,0.88,0.42 tick=173444 goal=0 b=0
P t=57.0 x=11.95 y=9.13 h=230.9 m=turn sd=-1 c=(18,-18) s=0.175 tr=None bs=0.184 r=1.08,0.39,0.32,0.41,0.36,0.34,0.28,0.30,0.86,0.68,0.68,0.62,0.35,0.37,0.78,0.84 tick=173547 goal=0 b=0
P t=58.0 x=11.77 y=9.07 h=201.5 m=follow sd=-1 c=(7.8,16.2) s=0.177 tr=None bs=0.184 r=0.78,1.00,0.41,0.32,0.43,0.43,0.33,0.29,0.27,0.88,0.71,0.64,0.70,0.35,0.32,0.72 tick=173646 goal=0 b=0
P t=59.0 x=10.81 y=8.60 h=206.9 m=follow sd=-1 c=(8.6,15.4) s=0.18 tr=None bs=0.184 r=0.80,1.04,0.39,0.31,0.40,0.41,0.37,0.28,0.34,0.91,0.68,0.72,0.40,0.31,0.54,0.74 tick=173751 goal=0 b=0
P t=60.2 x=9.79 y=7.97 h=215.5 m=follow sd=-1 c=(8.8,15.2) s=0.182 tr=None bs=0.184 r=0.78,1.10,0.36,0.30,0.42,0.40,0.38,0.32,0.40,0.80,0.66,0.70,0.34,0.30,0.71,0.70 tick=173868 goal=0 b=0
P t=61.2 x=8.97 y=7.36 h=218.4 m=follow sd=-1 c=(9.6,14.4) s=0.171 tr=None bs=0.184 r=0.77,1.12,0.32,0.30,0.41,0.41,0.41,0.35,1.08,0.81,0.70,0.65,0.27,0.45,0.65,0.66 tick=173969 goal=0 b=0
P t=62.3 x=8.29 y=6.78 h=223.8 m=follow sd=-1 c=(3.2,6.8) s=0.181 tr=None bs=0.184 r=0.81,0.33,0.30,0.25,0.40,0.42,0.42,0.38,1.00,0.77,0.77,0.36,0.29,0.48,0.67,0.69 tick=174073 goal=0 b=0
P t=63.3 x=7.98 y=6.48 h=223.6 m=follow sd=-1 c=(2.8,7.2) s=0.198 tr=None bs=0.184 r=0.89,0.31,0.30,0.28,0.42,0.41,0.43,0.41,0.99,0.75,0.77,0.36,0.29,0.53,0.69,0.69 tick=174175 goal=0 b=0
P t=64.3 x=7.81 y=6.31 h=213.3 m=turn sd=-1 c=(18,-18) s=0.19 tr=None bs=0.184 r=0.70,1.02,0.29,0.29,0.32,0.48,0.42,0.38,0.45,0.86,0.75,0.70,0.26,0.46,0.60,0.63 tick=174276 goal=0 b=0
P t=65.3 x=7.81 y=6.31 h=178.6 m=turn sd=-1 c=(18,-18) s=0.174 tr=0.012 bs=0.184 r=0.68,0.68,0.84,0.29,0.28,0.27,0.42,0.42,0.42,0.38,1.02,0.78,0.76,0.37,0.27,0.51 tick=174381 goal=0 b=0
P t=66.4 x=7.73 y=6.35 h=148.3 m=turn sd=-1 c=(18,-18) s=0.196 tr=0.012 bs=0.184 r=0.45,0.61,0.62,0.71,1.04,0.29,0.30,0.32,0.49,0.41,0.39,0.46,0.86,0.74,0.67,0.27 tick=174487 goal=0 b=0
P t=67.4 x=7.73 y=6.35 h=112.1 m=turn sd=-1 c=(18,-18) s=0.198 tr=0.012 bs=0.184 r=0.35,0.27,0.51,0.66,0.67,0.85,0.28,0.29,0.26,0.42,0.43,0.44,0.41,1.02,0.77,0.77 tick=174590 goal=0 b=0
P t=68.5 x=7.76 y=6.45 h=74.5 m=follow sd=-1 c=(12.0,12.0) s=0.185 tr=0.013 bs=0.184 r=0.72,0.66,0.24,0.44,0.62,0.62,0.71,1.02,0.28,0.29,0.32,0.51,0.43,0.38,0.45,0.86 tick=174698 goal=0 b=0
P t=69.6 x=7.85 y=7.09 h=84.7 m=follow sd=-1 c=(2.6,7.4) s=0.199 tr=0.015 bs=0.186 r=0.75,0.36,0.26,0.44,0.61,0.61,0.73,1.09,0.32,0.29,0.43,0.48,0.44,0.38,1.10,0.79 tick=174806 goal=0 b=0
P t=70.6 x=7.88 y=7.53 h=89.5 m=follow sd=-1 c=(1.8,8.2) s=0.198 tr=0.016 bs=0.189 r=0.76,0.34,0.24,0.48,0.65,0.65,0.82,1.43,0.35,0.31,0.44,0.42,0.39,0.42,0.98,0.73 tick=174908 goal=0 b=0
P t=71.7 x=7.86 y=7.98 h=97.8 m=follow sd=-1 c=(2.1,7.9) s=0.207 tr=0.016 bs=0.191 r=0.72,0.29,0.25,0.51,0.66,0.72,0.95,0.34,0.36,0.32,0.51,0.42,0.39,0.43,0.83,0.67 tick=175014 goal=0 b=0
P t=72.7 x=7.84 y=8.10 h=73.9 m=turn sd=-1 c=(18,-18) s=0.202 tr=0.017 bs=0.192 r=0.66,0.69,0.28,0.24,0.51,0.70,0.73,0.96,0.35,0.32,0.38,0.51,0.45,0.37,0.45,0.83 tick=175116 goal=0 b=0
P t=73.7 x=7.84 y=8.10 h=37.3 m=turn sd=-1 c=(18,-18) s=0.197 tr=0.017 bs=0.193 r=0.97,0.74,0.71,0.35,0.18,0.43,0.61,0.62,0.74,1.14,0.34,0.32,0.47,0.43,0.40,0.41 tick=175217 goal=0 b=0
P t=74.7 x=8.10 y=8.22 h=30.5 m=follow sd=-1 c=(-2.8,12.8) s=0.175 tr=0.016 bs=0.194 r=1.04,0.83,0.69,0.71,0.29,0.24,0.52,0.67,0.72,0.98,0.35,0.34,0.40,0.52,0.44,0.36 tick=175317 goal=0 b=0
P t=75.7 x=8.44 y=8.50 h=42.1 m=follow sd=-1 c=(-3.4,13.4) s=0.181 tr=0.014 bs=0.195 r=0.96,0.69,0.70,0.33,0.23,0.44,0.65,0.67,0.85,1.47,0.35,0.35,0.47,0.40,0.38,0.41 tick=175422 goal=0 b=0
P t=76.8 x=8.90 y=9.10 h=58.6 m=follow sd=-1 c=(4.1,19.9) s=0.186 tr=0.013 bs=0.195 r=0.76,0.65,0.62,0.27,0.24,0.65,0.70,0.77,1.13,0.38,0.33,0.46,0.41,0.41,0.36,1.04 tick=175525 goal=0 b=0
P t=77.8 x=9.32 y=10.04 h=69.6 m=follow sd=-1 c=(10.7,13.3) s=0.185 tr=0.011 bs=0.195 r=0.62,0.69,0.35,0.27,0.26,0.66,0.71,0.89,0.41,0.38,0.44,0.53,0.39,0.31,0.36,0.90 tick=175625 goal=0 b=0
P t=78.8 x=9.67 y=10.98 h=69.2 m=follow sd=-1 c=(3.4,6.6) s=0.184 tr=0.01 bs=0.195 r=0.59,0.64,0.37,0.27,0.21,0.66,0.71,0.98,0.44,0.39,0.50,0.48,0.40,0.31,0.93,0.85 tick=175728 goal=0 b=0
P t=79.8 x=9.80 y=11.39 h=72.5 m=follow sd=-1 c=(4.2,5.8) s=0.185 tr=0.007 bs=0.195 r=0.56,0.63,0.33,0.28,0.22,0.65,0.74,1.02,0.46,0.41,0.50,0.44,0.38,0.32,0.95,0.73 tick=175831 goal=0 b=0
P t=80.9 x=9.93 y=11.81 h=74.7 m=follow sd=-1 c=(4.3,5.7) s=0.179 tr=0.005 bs=0.195 r=0.55,0.61,0.35,0.24,0.20,0.68,0.77,1.07,0.46,0.39,0.52,0.43,0.33,0.32,0.96,0.71 tick=175932 goal=0 b=0
P t=81.9 x=10.07 y=12.24 h=74.8 m=follow sd=-1 c=(4.2,5.8) s=0.182 tr=0.001 bs=0.195 r=0.56,0.64,0.34,0.25,0.23,0.68,0.75,1.09,0.47,0.42,0.53,0.43,0.33,0.34,0.95,0.69 tick=176041 goal=0 b=0
P t=83.0 x=10.17 y=12.67 h=75.9 m=follow sd=-1 c=(4.3,5.7) s=0.18 tr=-0.005 bs=0.195 r=0.52,0.60,0.35,0.25,0.21,0.68,0.80,1.11,0.47,0.43,0.51,0.44,0.30,0.32,0.95,0.69 tick=176145 goal=0 b=0
P t=84.0 x=10.03 y=12.14 h=71.7 m=backup sd=-1 c=(-10,-10) s=0.18 tr=-0.007 bs=0.195 r=0.54,0.60,0.30,0.27,0.22,0.70,0.79,1.11,0.46,0.41,0.52,0.41,0.31,0.34,0.95,0.70 tick=176250 goal=0 b=0
P t=85.1 x=10.03 y=12.14 h=41.6 m=turn sd=-1 c=(18,-18) s=0.171 tr=-0.012 bs=0.195 r=0.83,0.59,0.59,0.54,0.26,0.23,0.58,0.73,0.87,1.56,0.46,0.50,0.51,0.42,0.31,0.84 tick=176355 goal=0 b=0
P t=86.2 x=10.03 y=12.14 h=4.9 m=turn sd=-1 c=(18,-18) s=0.164 tr=-0.015 bs=0.195 r=0.32,0.96,0.70,0.53,0.62,0.34,0.24,0.20,0.69,0.79,1.08,0.47,0.41,0.50,0.41,0.31 tick=176462 goal=0 b=0
SWITCH t=86.4 side=1 mb=0.178 best=0.195 trend=-0.016000000000000014
P t=87.2 x=10.13 y=12.14 h=26.9 m=turnabout sd=1 c=(-20,20) s=0.165 tr=None bs=0.195 r=0.94,0.70,0.53,0.62,0.50,0.26,0.20,0.69,0.74,1.01,0.46,0.39,0.50,0.42,0.35,0.31 tick=176566 goal=0 b=0
P t=88.2 x=10.13 y=12.14 h=59.2 m=turnabout sd=1 c=(-20,20) s=0.156 tr=None bs=0.195 r=0.62,0.55,0.60,0.27,0.25,0.54,0.74,0.87,1.27,0.46,0.47,0.55,0.44,0.31,0.82,0.84 tick=176667 goal=0 b=0
P t=89.2 x=10.13 y=12.14 h=99.6 m=turnabout sd=1 c=(-20,20) s=0.172 tr=None bs=0.195 r=0.60,0.30,0.25,0.23,0.74,0.82,1.16,0.46,0.42,0.52,0.44,0.33,0.33,0.97,0.68,0.54 tick=176770 goal=0 b=0
P t=90.3 x=10.13 y=12.14 h=137.8 m=turnabout sd=1 c=(-20,20) s=0.177 tr=None bs=0.195 r=0.28,0.21,0.68,0.77,1.10,0.47,0.43,0.51,0.43,0.37,0.30,0.95,0.68,0.54,0.62,0.34 tick=176879 goal=0 b=0
P t=91.4 x=10.03 y=12.15 h=175.5 m=follow sd=1 c=(12.0,12.0) s=0.168 tr=None bs=0.195 r=0.58,0.73,0.86,1.49,0.45,0.51,0.53,0.41,0.31,0.84,0.85,0.61,0.58,0.58,0.27,0.24 tick=176982 goal=0 b=0
P t=92.4 x=10.03 y=12.15 h=210.9 m=turn sd=1 c=(-18,18) s=0.178 tr=None bs=0.195 r=0.79,1.09,0.48,0.40,0.51,0.43,0.32,0.33,0.96,0.71,0.53,0.60,0.32,0.26,0.20,0.69 tick=177082 goal=0 b=0
P t=93.4 x=10.03 y=12.15 h=243.8 m=turn sd=1 c=(-18,18) s=0.182 tr=None bs=0.195 r=1.31,0.45,0.48,0.55,0.41,0.31,0.84,0.83,0.62,0.59,0.60,0.28,0.22,0.54,0.75,0.89 tick=177186 goal=0 b=0
P t=94.4 x=9.84 y=11.75 h=237.1 m=follow sd=1 c=(14.3,-4.3) s=0.179 tr=None bs=0.195 r=1.11,0.46,0.40,0.50,0.43,0.33,0.34,0.98,0.72,0.55,0.61,0.30,0.26,0.24,0.71,0.80 tick=177288 goal=0 b=0
P t=95.4 x=9.46 y=11.36 h=219.0 m=follow sd=1 c=(19.9,4.0) s=0.174 tr=None bs=0.195 r=0.84,1.21,0.42,0.41,0.53,0.41,0.32,0.35,0.87,0.66,0.62,0.58,0.28,0.20,0.55,0.73 tick=177391 goal=0 b=0
P t=96.5 x=8.61 y=10.76 h=214.1 m=follow sd=1 c=(16.0,8.0) s=0.168 tr=None bs=0.195 r=0.77,1.05,0.43,0.38,0.49,0.45,0.40,0.35,1.01,0.77,0.59,0.64,0.29,0.19,0.45,0.70 tick=177492 goal=0 b=0
P t=97.5 x=7.67 y=10.28 h=202.8 m=follow sd=1 c=(14.9,9.1) s=0.192 tr=None bs=0.195 r=0.67,0.90,1.49,0.40,0.42,0.55,0.45,0.37,1.02,0.78,0.61,0.66,0.27,0.18,0.42,0.63 tick=177595 goal=0 b=0
P t=98.6 x=6.68 y=9.84 h=207.3 m=follow sd=1 c=(14.2,9.8) s=0.182 tr=None bs=0.195 r=0.64,0.76,1.19,0.39,0.39,0.52,0.48,0.40,0.44,0.97,0.64,0.69,0.27,0.17,0.38,0.57 tick=177702 goal=0 b=0
P t=99.6 x=6.11 y=9.64 h=200.3 m=follow sd=1 c=(4.8,5.2) s=0.185 tr=None bs=0.195 r=0.60,0.74,1.12,0.38,0.37,0.53,0.48,0.45,0.45,0.99,0.68,0.70,0.26,0.18,0.34,0.58 tick=177804 goal=0 b=0
P t=100.6 x=5.61 y=9.47 h=196.1 m=follow sd=1 c=(5.6,4.4) s=0.179 tr=None bs=0.195 r=0.61,0.70,1.07,0.35,0.39,0.52,0.51,0.49,0.47,0.98,0.69,0.69,0.24,0.14,0.33,0.56 tick=177903 goal=0 b=0
P t=101.6 x=5.19 y=9.36 h=197.0 m=follow sd=1 c=(6.2,3.8) s=0.202 tr=None bs=0.195 r=0.61,0.69,0.99,0.35,0.36,0.46,0.55,0.52,0.47,1.00,0.73,0.70,0.25,0.16,0.31,0.54 tick=178007 goal=0 b=0
P t=102.6 x=4.76 y=9.25 h=196.9 m=follow sd=1 c=(5.4,4.6) s=0.19 tr=None bs=0.195 r=0.62,0.66,0.96,1.38,0.39,0.38,0.59,0.55,0.47,1.02,0.74,0.72,0.25,0.15,0.30,0.55 tick=178110 goal=0 b=0
P t=103.7 x=4.34 y=9.15 h=191.9 m=follow sd=1 c=(5.1,4.9) s=0.215 tr=None bs=0.195 r=0.59,0.64,0.92,1.42,0.37,0.38,0.61,0.53,0.48,1.13,0.76,0.72,0.22,0.16,0.29,0.54 tick=178213 goal=0 b=0
P t=104.7 x=3.92 y=9.06 h=193.0 m=follow sd=1 c=(4.7,5.3) s=0.21 tr=None bs=0.195 r=0.58,0.63,0.90,1.42,0.36,0.41,0.62,0.54,0.49,1.06,0.76,0.70,0.14,0.14,0.32,0.52 tick=178315 goal=0 b=0
P t=105.7 x=3.50 y=8.97 h=191.8 m=follow sd=1 c=(4.7,5.3) s=0.202 tr=None bs=0.195 r=0.56,0.60,0.90,1.42,0.37,0.37,0.65,0.56,0.52,1.07,0.73,0.71,0.14,0.15,0.32,0.52 tick=178415 goal=0 b=0
P t=106.7 x=3.19 y=8.91 h=195.9 m=backup sd=1 c=(-10,-10) s=0.205 tr=0.02 bs=0.195 r=0.55,0.62,0.90,1.42,0.35,0.38,0.64,0.57,0.51,1.05,0.74,0.72,0.15,0.12,0.32,0.47 tick=178518 goal=0 b=0
P t=107.7 x=3.73 y=9.04 h=208.1 m=turn sd=1 c=(-18,18) s=0.209 tr=0.022 bs=0.195 r=0.56,0.67,1.11,0.34,0.40,0.54,0.53,0.48,1.11,0.87,0.68,0.29,0.16,0.17,0.39,0.53 tick=178620 goal=0 b=0
P t=108.8 x=3.73 y=9.04 h=238.2 m=turn sd=1 c=(-18,18) s=0.195 tr=0.023 bs=0.196 r=0.93,1.37,0.39,0.39,0.59,0.54,0.53,1.04,0.69,0.69,0.14,0.15,0.33,0.50,0.57,0.65 tick=178730 goal=0 b=0
P t=109.9 x=3.70 y=8.81 h=261.1 m=follow sd=1 c=(14.8,-4.8) s=0.194 tr=0.022 bs=0.196 r=1.41,0.37,0.39,0.61,0.55,0.50,1.14,0.77,0.72,0.15,0.15,0.34,0.51,0.59,0.63,0.90 tick=178837 goal=0 b=0
P t=110.9 x=3.56 y=8.41 h=243.6 m=follow sd=1 c=(11.2,-1.2) s=0.2 tr=0.023 bs=0.197 r=1.03,0.36,0.37,0.48,0.56,0.53,0.55,1.05,0.71,0.34,0.16,0.20,0.36,0.51,0.52,0.66 tick=178938 goal=0 b=0
P t=112.0 x=3.01 y=7.56 h=232.5 m=follow sd=1 c=(18.6,5.4) s=0.203 tr=0.023 bs=0.198 r=0.80,1.38,0.30,0.37,0.53,0.54,0.47,1.19,0.88,0.75,0.18,0.18,0.35,0.50,0.56,0.57 tick=179042 goal=0 b=0
P t=113.0 x=2.67 y=7.20 h=221.4 m=follow sd=1 c=(9.8,0.2) s=0.197 tr=0.021 bs=0.198 r=0.62,0.97,1.27,0.33,0.35,0.63,0.58,0.57,1.10,0.75,0.34,0.19,0.29,0.40,0.50,0.49 tick=179147 goal=0 b=0
P t=114.0 x=2.33 y=6.93 h=215.1 m=follow sd=1 c=(8.9,1.1) s=0.21 tr=0.02 bs=0.199 r=0.59,0.84,1.36,0.29,0.35,0.55,0.56,0.53,1.25,0.81,0.78,0.18,0.22,0.38,0.46,0.50 tick=179251 goal=0 b=0
P t=115.1 x=1.95 y=6.71 h=205.0 m=follow sd=1 c=(8.7,1.3) s=0.204 tr=0.018 bs=0.199 r=0.51,0.61,1.33,0.52,0.34,0.38,0.60,0.56,1.21,0.95,0.77,0.22,0.21,0.35,0.48,0.51 tick=179354 goal=0 b=0
P t=116.1 x=1.55 y=6.54 h=196.5 m=follow sd=1 c=(8.8,1.2) s=0.198 tr=0.015 bs=0.199 r=0.46,0.57,0.93,1.25,0.29,0.35,0.65,0.60,0.59,1.13,0.80,0.21,0.20,0.34,0.47,0.49 tick=179456 goal=0 b=0
P t=117.1 x=1.13 y=6.41 h=195.8 m=follow sd=1 c=(6.6,3.4) s=0.183 tr=0.012 bs=0.199 r=0.44,0.56,0.83,1.31,0.28,0.38,0.56,0.60,0.58,1.14,0.79,0.21,0.20,0.33,0.39,0.46 tick=179558 goal=0 b=0
P t=118.2 x=0.68 y=6.30 h=189.7 m=follow sd=1 c=(6.4,3.6) s=0.223 tr=0.009 bs=0.199 r=0.45,0.53,0.78,1.33,0.51,0.37,0.54,0.59,0.58,1.28,0.84,0.20,0.21,0.30,0.35,0.45 tick=179668 goal=0 b=0
P t=119.3 x=0.25 y=6.22 h=189.6 m=follow sd=1 c=(6.0,4.0) s=0.195 tr=0.006 bs=0.199 r=0.44,0.48,0.65,1.34,0.54,0.34,0.41,0.61,0.60,1.29,0.87,0.21,0.20,0.29,0.36,0.43 tick=179772 goal=0 b=0
P t=120.3 x=-0.18 y=6.15 h=186.9 m=follow sd=1 c=(5.6,4.4) s=0.199 tr=0.004 bs=0.199 r=0.45,0.48,0.56,1.31,0.57,0.30,0.40,0.64,0.60,1.28,0.93,0.22,0.21,0.31,0.33,0.42 tick=179873 goal=0 b=0
P t=121.3 x=-0.60 y=6.10 h=184.7 m=follow sd=1 c=(5.7,4.3) s=0.199 tr=0.002 bs=0.199 r=0.45,0.44,0.56,0.99,1.26,0.32,0.41,0.66,0.63,1.29,0.95,0.23,0.21,0.30,0.34,0.40 tick=179974 goal=0 b=0
P t=122.3 x=-1.03 y=6.07 h=181.3 m=follow sd=1 c=(5.3,4.7) s=0.184 tr=0.002 bs=0.199 r=0.42,0.42,0.52,0.93,1.22,0.28,0.41,0.70,0.65,1.30,0.97,0.22,0.22,0.29,0.32,0.40 tick=180076 goal=0 b=0
P t=123.4 x=-1.49 y=6.03 h=185.2 m=follow sd=1 c=(5.3,4.7) s=0.192 tr=0.0 bs=0.199 r=0.42,0.40,0.53,0.93,1.23,0.30,0.42,0.71,0.68,1.31,1.00,0.23,0.21,0.28,0.32,0.36  b=0
P t=124.4 x=-1.94 y=6.00 h=182.4 m=follow sd=1 c=(4.9,5.1) s=0.185 tr=-0.001 bs=0.199 r=0.41,0.37,0.49,0.90,1.23,0.34,0.38,0.72,0.68,1.30,1.00,0.22,0.22,0.28,0.29,0.37 tick=180289 goal=0 b=0
P t=125.5 x=-2.38 y=5.97 h=184.5 m=follow sd=1 c=(5.2,4.8) s=0.207 tr=-0.003 bs=0.199 r=0.38,0.37,0.48,0.85,1.26,0.48,0.41,0.76,0.73,1.29,1.01,0.23,0.23,0.30,0.32,0.36 tick=180394 goal=0 b=0
P t=126.5 x=-2.83 y=5.95 h=182.5 m=follow sd=1 c=(5.5,4.5) s=0.18 tr=-0.002 bs=0.199 r=0.39,0.35,0.46,0.80,1.26,0.50,0.42,0.70,0.73,1.30,1.03,0.22,0.24,0.27,0.30,0.32 tick=180496 goal=0 b=0
P t=127.6 x=-3.29 y=5.94 h=182.9 m=follow sd=1 c=(5.3,4.7) s=0.214 tr=-0.001 bs=0.199 r=0.37,0.33,0.45,0.76,1.27,0.52,0.42,0.69,0.72,1.29,1.04,0.23,0.24,0.28,0.30,0.33 tick=180608 goal=0 b=0
P t=128.6 x=-3.71 y=5.94 h=178.0 m=follow sd=1 c=(5.0,5.0) s=0.203 tr=0.0 bs=0.199 r=0.36,0.32,0.46,0.74,1.28,0.52,0.38,0.71,0.77,1.29,1.08,0.22,0.25,0.28,0.30,0.30 tick=180708 goal=0 b=0
P t=129.6 x=-4.02 y=5.94 h=179.2 m=backup sd=1 c=(-10,-10) s=0.205 tr=0.002 bs=0.199 r=0.35,0.29,0.42,0.74,1.29,0.54,0.36,0.70,0.79,1.29,1.07,0.22,0.23,0.27,0.29,0.30 tick=180812 goal=0 b=0
P t=130.7 x=-3.47 y=5.94 h=188.7 m=turn sd=1 c=(-18,18) s=0.212 tr=0.002 bs=0.199 r=0.35,0.36,0.50,1.28,1.77,0.33,0.45,0.71,0.70,1.23,0.28,0.22,0.26,0.26,0.38,0.34 tick=180914 goal=0 b=0
P t=131.7 x=-3.47 y=5.94 h=230.2 m=turn sd=1 c=(-18,18) s=0.207 tr=0.004 bs=0.201 r=0.43,0.75,1.26,0.54,0.40,0.70,0.75,1.27,1.08,0.23,0.22,0.28,0.29,0.33,0.36,0.31 tick=181013 goal=0 b=0
P t=132.7 x=-3.58 y=5.72 h=239.4 m=follow sd=1 c=(6.5,3.5) s=0.206 tr=0.005 bs=0.202 r=0.67,1.29,0.55,0.33,0.48,0.74,0.74,1.08,0.23,0.24,0.27,0.29,0.31,0.36,0.32,0.41 tick=181117 goal=0 b=0
P t=133.7 x=-3.78 y=5.33 h=241.9 m=follow sd=1 c=(6.4,3.6) s=0.209 tr=0.007 bs=0.204 r=0.51,1.30,1.85,0.31,0.45,0.71,0.71,1.26,0.27,0.26,0.29,0.27,0.35,0.36,0.32,0.39 tick=181220 goal=0 b=0
P t=134.8 x=-4.01 y=4.96 h=238.1 m=follow sd=1 c=(6.8,3.2) s=0.201 tr=0.009 bs=0.207 r=0.46,1.26,1.25,0.35,0.44,0.73,0.71,1.27,0.28,0.26,0.32,0.29,0.33,0.34,0.32,0.38 tick=181322 goal=0 b=0
P t=135.8 x=-4.26 y=4.61 h=233.0 m=follow sd=1 c=(6.1,3.9) s=0.227 tr=0.01 bs=0.207 r=0.44,0.89,1.20,0.47,0.42,0.76,0.72,1.42,0.33,0.24,0.30,0.29,0.35,0.32,0.31,0.34  b=0
P t=136.8 x=-4.54 y=4.25 h=232.5 m=follow sd=1 c=(6.4,3.6) s=0.232 tr=0.012 bs=0.209 r=0.43,0.82,1.20,0.52,0.34,0.73,0.76,1.42,0.99,0.26,0.30,0.31,0.37,0.34,0.32,0.30 tick=181530 goal=0 b=0
P t=137.8 x=-4.66 y=4.11 h=246.1 m=turn sd=1 c=(-18,18) s=0.229 tr=0.014 bs=0.210 r=0.66,1.25,0.54,0.32,0.46,0.76,0.78,1.15,0.28,0.29,0.30,0.37,0.31,0.30,0.28,0.40 tick=181632 goal=0 b=0
P t=138.9 x=-4.66 y=4.11 h=278.2 m=turn sd=1 c=(-18,18) s=0.224 tr=0.014 bs=0.211 r=1.22,0.46,0.40,0.76,0.73,1.42,0.33,0.27,0.33,0.29,0.34,0.34,0.28,0.32,0.43,0.87 tick=181734 goal=0 b=0
P t=139.9 x=-4.57 y=3.92 h=298.5 m=turn sd=1 c=(-18,18) s=0.224 tr=0.015 bs=0.213 r=0.52,0.32,0.70,0.78,1.40,1.04,0.28,0.32,0.29,0.38,0.32,0.32,0.29,0.41,0.78,1.20 tick=181838 goal=0 b=0
P t=140.9 x=-4.57 y=3.92 h=330.0 m=turn sd=1 c=(-18,18) s=0.219 tr=0.016 bs=0.215 r=0.46,0.74,0.74,1.30,0.30,0.31,0.30,0.31,0.33,0.33,0.28,0.37,0.50,1.26,1.81,0.36 tick=181940 goal=0 b=0
P t=142.1 x=-4.57 y=3.92 h=7.2 m=turn sd=1 c=(-18,18) s=0.228 tr=0.018 bs=0.217 r=0.78,1.37,1.08,0.30,0.31,0.30,0.41,0.31,0.31,0.29,0.39,0.73,1.22,0.49,0.30,0.53 tick=182041 goal=0 b=0
P t=143.1 x=-3.76 y=4.01 h=355.1 m=follow sd=1 c=(15.0,-5.0) s=0.222 tr=0.018 bs=0.218 r=0.73,0.73,1.11,0.28,0.28,0.31,0.35,0.35,0.35,0.32,0.42,0.69,1.26,0.52,0.28,0.45 tick=182157 goal=0 b=0
P t=144.2 x=-3.31 y=3.90 h=337.6 m=follow sd=1 c=(14.5,-4.5) s=0.201 tr=0.018 bs=0.219 r=0.48,0.73,0.77,1.11,0.29,0.31,0.31,0.36,0.35,0.37,0.33,0.42,0.75,1.22,0.48,0.29  b=0
P t=145.3 x=-3.25 y=3.87 h=6.5 m=turn sd=1 c=(-18,18) s=0.225 tr=0.016 bs=0.219 r=0.76,1.34,1.05,0.27,0.30,0.32,0.41,0.36,0.33,0.34,0.43,0.83,1.20,0.47,0.34,0.67 tick=182372 goal=0 b=0
P t=146.3 x=-3.25 y=3.87 h=36.5 m=turn sd=1 c=(-18,18) s=0.209 tr=0.014 bs=0.220 r=1.30,0.34,0.28,0.32,0.31,0.33,0.37,0.32,0.41,0.64,1.27,0.54,0.30,0.40,0.70,0.69 tick=182476 goal=0 b=0
P t=147.3 x=-3.14 y=4.01 h=70.6 m=turn sd=1 c=(-18,18) s=0.219 tr=0.014 bs=0.221 r=0.28,0.30,0.32,0.43,0.35,0.35,0.36,0.43,0.81,1.19,0.46,0.33,0.66,0.75,0.75,1.06 tick=182581 goal=0 b=0
P t=148.4 x=-3.14 y=4.01 h=108.7 m=turn sd=1 c=(-18,18) s=None tr=0.012 bs=0.221 r=0.33,0.33,0.35,0.36,0.32,0.42,0.63,1.24,0.53,0.30,0.40,0.69,0.72,1.27,0.32,0.26 tick=182689 goal=0 b=0
P t=149.5 x=-3.29 y=4.25 h=115.5 m=follow sd=1 c=(15.0,-5.0) s=0.218 tr=0.009 bs=0.221 r=0.31,0.41,0.35,0.33,0.33,0.45,0.84,1.17,0.46,0.36,0.69,0.73,1.37,1.04,0.27,0.32 tick=182796 goal=0 b=0
P t=150.6 x=-3.32 y=4.32 h=141.7 m=turn sd=1 c=(-18,18) s=0.208 tr=0.006 bs=0.221 r=0.42,0.36,0.31,0.35,0.43,0.86,1.20,0.48,0.36,0.74,0.74,1.39,0.97,0.28,0.33,0.30 tick=182903 goal=0 b=0
P t=151.6 x=-3.32 y=4.32 h=176.2 m=turn sd=1 c=(-18,18) s=0.187 tr=0.001 bs=0.221 r=0.36,0.33,0.42,0.68,1.25,0.48,0.29,0.44,0.71,0.71,1.11,0.30,0.27,0.32,0.32,0.33 tick=183010 goal=0 b=0
P t=152.7 x=-3.72 y=4.28 h=183.0 m=follow sd=1 c=(7.5,2.5) s=0.213 tr=-0.001 bs=0.221 r=0.34,0.32,0.44,0.78,1.20,0.47,0.31,0.67,0.77,1.34,1.07,0.27,0.30,0.30,0.40,0.33 tick=183118 goal=0 b=0
P t=153.7 x=-4.15 y=4.28 h=179.6 m=follow sd=1 c=(6.6,3.4) s=0.22 tr=-0.006 bs=0.221 r=0.34,0.29,0.41,0.68,1.26,0.53,0.29,0.45,0.73,0.77,1.13,0.29,0.28,0.30,0.35,0.32 tick=183220 goal=0 b=0
P t=154.8 x=-4.34 y=4.28 h=198.7 m=turn sd=1 c=(-18,18) s=0.187 tr=-0.007 bs=0.221 r=0.29,0.38,0.55,1.27,1.82,0.36,0.45,0.74,0.74,1.31,0.30,0.29,0.31,0.34,0.33,0.34 tick=183327 goal=0 b=0
P t=155.8 x=-4.34 y=4.28 h=231.6 m=turn sd=1 c=(-18,18) s=0.207 tr=-0.01 bs=0.221 r=0.42,0.81,1.20,0.49,0.36,0.72,0.77,1.41,0.96,0.29,0.31,0.30,0.37,0.32,0.30,0.33 tick=183429 goal=0 b=0
P t=156.9 x=-4.42 y=4.05 h=252.6 m=follow sd=1 c=(5.8,4.2) s=0.214 tr=-0.011 bs=0.221 r=0.77,1.21,0.50,0.31,0.69,0.78,1.40,1.05,0.26,0.29,0.29,0.39,0.32,0.30,0.31,0.42 tick=183537 goal=0 b=0
P t=158.0 x=-4.57 y=3.62 h=246.0 m=follow sd=1 c=(6.1,3.9) s=0.211 tr=-0.012 bs=0.221 r=0.69,1.19,0.50,0.27,0.46,0.75,0.79,1.13,0.29,0.31,0.31,0.40,0.34,0.30,0.29,0.40 tick=183645 goal=0 b=0
P t=159.0 x=-4.75 y=3.21 h=246.3 m=follow sd=1 c=(5.9,4.1) s=0.197 tr=-0.013 bs=0.221 r=0.66,1.22,0.53,0.29,0.43,0.73,0.77,1.16,0.31,0.31,0.33,0.41,0.34,0.30,0.30,0.39 tick=183751 goal=0 b=0
P t=160.2 x=-4.95 y=2.75 h=247.9 m=follow sd=1 c=(5.8,4.2) s=0.223 tr=-0.012 bs=0.221 r=0.61,1.23,0.75,0.39,0.44,0.74,0.76,1.19,0.34,0.32,0.31,0.40,0.34,0.29,0.26,0.36 tick=183868 goal=0 b=0
P t=161.2 x=-5.13 y=2.36 h=245.3 m=follow sd=1 c=(5.5,4.5) s=0.21 tr=-0.011 bs=0.221 r=0.57,1.21,1.79,0.42,0.40,0.74,0.75,1.34,0.36,0.35,0.35,0.41,0.33,0.30,0.27,0.35 tick=183970 goal=0 b=0
P t=162.3 x=-5.34 y=1.96 h=241.7 m=follow sd=1 c=(5.5,4.5) s=0.196 tr=-0.01 bs=0.221 r=0.56,1.19,1.74,0.42,0.34,0.79,0.75,1.34,0.36,0.36,0.35,0.43,0.33,0.28,0.25,0.34 tick=184077 goal=0 b=0
P t=163.4 x=-5.56 y=1.55 h=240.3 m=follow sd=1 c=(5.4,4.6) s=0.22 tr=-0.006 bs=0.221 r=0.49,1.15,1.71,0.44,0.28,0.78,0.76,1.35,0.39,0.38,0.34,0.41,0.32,0.26,0.25,0.32 tick=184186 goal=0 b=0
P t=164.5 x=-5.78 y=1.15 h=239.0 m=follow sd=1 c=(5.3,4.7) s=0.215 tr=-0.003 bs=0.221 r=0.42,1.16,1.18,0.44,0.28,0.81,0.79,1.39,0.41,0.38,0.35,0.42,0.32,0.25,0.26,0.32 tick=184292 goal=0 b=0
P t=165.5 x=-6.01 y=0.76 h=237.9 m=follow sd=1 c=(5.4,4.6) s=0.217 tr=-0.002 bs=0.221 r=0.38,1.15,1.13,0.43,0.28,0.80,0.80,1.40,0.42,0.39,0.37,0.41,0.33,0.24,0.23,0.30 tick=184400 goal=0 b=0
P t=166.6 x=-6.10 y=0.59 h=259.0 m=turn sd=1 c=(-18,18) s=0.219 tr=0.001 bs=0.221 r=0.77,1.11,0.45,0.30,0.48,0.83,1.52,1.03,0.38,0.38,0.43,0.35,0.24,0.23,0.29,0.36 tick=184507 goal=0 b=0
P t=167.7 x=-6.10 y=0.59 h=294.8 m=turn sd=1 c=(-18,18) s=0.208 tr=0.002 bs=0.221 r=0.68,0.41,0.40,0.78,0.81,1.22,0.40,0.40,0.38,0.34,0.31,0.23,0.26,0.34,0.59,1.17 tick=184614 goal=0 b=0
P t=168.8 x=-6.04 y=0.53 h=323.5 m=turn sd=1 c=(-18,18) s=0.213 tr=0.004 bs=0.221 r=0.29,0.48,0.83,1.51,1.01,0.37,0.40,0.45,0.34,0.24,0.24,0.30,0.36,0.79,1.11,0.42 tick=184722 goal=0 b=0
P t=169.8 x=-6.04 y=0.53 h=4.0 m=turn sd=1 c=(-18,18) s=0.213 tr=0.005 bs=0.221 r=0.78,0.85,1.22,0.37,0.39,0.39,0.33,0.29,0.23,0.28,0.31,0.61,1.14,0.69,0.41,0.41 tick=184831 goal=0 b=0
P t=170.9 x=-5.88 y=0.62 h=28.5 m=follow sd=1 c=(17.6,6.4) s=0.209 tr=0.005 bs=0.221 r=1.49,1.05,0.38,0.38,0.40,0.35,0.27,0.22,0.30,0.34,0.74,1.11,0.47,0.32,0.47,0.80 tick=184934 goal=0 b=0
P t=172.0 x=-4.85 y=1.08 h=18.4 m=follow sd=1 c=(22.0,2.0) s=0.212 tr=0.006 bs=0.221 r=0.74,1.36,0.39,0.37,0.37,0.42,0.35,0.27,0.28,0.36,0.57,1.19,1.75,0.41,0.32,0.76 tick=185048 goal=0 b=0
P t=173.0 x=-4.17 y=1.17 h=357.2 m=follow sd=1 c=(14.2,-4.2) s=0.205 tr=0.005 bs=0.221 r=0.72,0.74,1.18,0.39,0.37,0.39,0.42,0.36,0.31,0.33,0.38,0.66,1.17,0.47,0.32,0.37 tick=185150 goal=0 b=0
P t=174.1 x=-4.02 y=1.16 h=10.3 m=turn sd=1 c=(-18,18) s=0.212 tr=0.005 bs=0.221 r=0.74,1.45,0.98,0.34,0.39,0.41,0.37,0.33,0.28,0.38,0.55,1.18,1.13,0.41,0.25,0.70 tick=185253 goal=0 b=0
P t=175.1 x=-4.02 y=1.16 h=45.7 m=turn sd=1 c=(-18,18) s=0.206 tr=0.004 bs=0.221 r=1.17,0.37,0.38,0.37,0.38,0.37,0.29,0.34,0.37,0.74,1.13,0.42,0.27,0.39,0.69,0.78 tick=185360 goal=0 b=0
P t=176.2 x=-3.86 y=1.42 h=55.2 m=follow sd=1 c=(14.3,-4.3) s=0.206 tr=0.0 bs=0.221 r=1.01,0.34,0.37,0.38,0.37,0.34,0.29,0.39,0.47,1.18,1.13,0.42,0.25,0.68,0.75,1.45 tick=185468 goal=0 b=0
P t=177.2 x=-3.56 y=1.74 h=41.6 m=follow sd=1 c=(13.4,-3.4) s=0.198 tr=-0.002 bs=0.221 r=1.33,0.94,0.32,0.39,0.42,0.37,0.33,0.33,0.38,0.64,1.19,0.50,0.33,0.36,0.71,0.72 tick=185569 goal=0 b=0
SWITCH t=178.1 side=-1 mb=0.206 best=0.221 trend=-0.0040000000000000036
P t=178.2 x=-2.84 y=2.20 h=29.3 m=turnabout sd=-1 c=(-20,20) s=0.187 tr=None bs=0.221 r=1.39,1.01,0.33,0.36,0.38,0.41,0.41,0.32,0.39,0.45,0.92,1.18,0.40,0.29,0.66,0.74 tick=185671 goal=0 b=0
P t=179.3 x=-2.84 y=2.20 h=70.3 m=turnabout sd=-1 c=(-20,20) s=0.195 tr=None bs=0.221 r=0.34,0.34,0.36,0.46,0.39,0.34,0.36,0.43,0.80,1.15,0.44,0.23,0.40,0.70,0.73,1.14 tick=185773 goal=0 b=0
P t=180.3 x=-2.84 y=2.20 h=106.0 m=turnabout sd=-1 c=(-20,20) s=0.191 tr=None bs=0.221 r=0.36,0.39,0.41,0.36,0.33,0.40,0.66,1.21,0.47,0.26,0.37,0.69,0.69,1.29,0.92,0.29 tick=185878 goal=0 b=0
P t=181.3 x=-2.84 y=2.20 h=142.6 m=turnabout sd=-1 c=(-20,20) s=0.201 tr=None bs=0.221 r=0.40,0.40,0.32,0.41,0.53,1.21,1.16,0.40,0.26,0.69,0.72,1.41,1.01,0.32,0.36,0.35 tick=185979 goal=0 b=0
P t=182.3 x=-2.84 y=2.20 h=183.2 m=turnabout sd=-1 c=(-20,20) s=0.198 tr=None bs=0.221 r=0.33,0.39,0.43,0.78,1.14,0.42,0.23,0.42,0.70,0.74,1.15,0.34,0.33,0.37,0.48,0.40 tick=186081 goal=0 b=0
P t=183.4 x=-3.11 y=2.08 h=209.6 m=follow sd=-1 c=(-5.0,15.0) s=0.211 tr=None bs=0.221 r=0.35,0.43,0.83,1.13,0.42,0.24,0.43,0.70,0.75,1.11,0.33,0.35,0.36,0.42,0.41,0.32 tick=186182 goal=0 b=0
P t=184.4 x=-3.45 y=1.83 h=227.6 m=follow sd=-1 c=(-5.0,15.0) s=0.2 tr=None bs=0.221 r=0.39,0.74,1.17,0.42,0.24,0.37,0.69,0.72,1.16,0.36,0.35,0.35,0.43,0.40,0.32,0.35 tick=186284 goal=0 b=0
P t=185.4 x=-3.69 y=1.46 h=244.3 m=follow sd=-1 c=(-0.0,10.0) s=0.197 tr=None bs=0.221 r=0.66,1.18,0.48,0.30,0.37,0.70,0.70,1.33,0.41,0.35,0.40,0.47,0.36,0.29,0.32,0.39 tick=186387 goal=0 b=0
P t=186.4 x=-3.84 y=1.06 h=255.1 m=follow sd=-1 c=(1.0,9.0) s=0.198 tr=None bs=0.221 r=0.78,1.11,0.42,0.24,0.41,0.72,0.79,1.15,0.36,0.39,0.38,0.40,0.38,0.31,0.35,0.40 tick=186489 goal=0 b=0
P t=187.5 x=-3.95 y=0.59 h=259.5 m=follow sd=-1 c=(1.1,8.9) s=0.221 tr=None bs=0.221 r=1.16,1.64,0.40,0.22,0.68,0.77,1.46,1.00,0.36,0.40,0.43,0.38,0.32,0.32,0.35,0.58 tick=186601 goal=0 b=0
W t=0 s=0.289 d7=0 tick=191992 goal=0
W t=5 s=0.284 d7=0 tick=192496 goal=0
W t=10 s=0.305 d7=0 tick=192997 goal=0
W t=15 s=0.318 d7=0 tick=193498 goal=0
W t=20 s=0.318 d7=0 tick=194001 goal=0
W t=25 s=0.327 d7=0 tick=194502 goal=0
W t=30 s=0.321 d7=0 tick=195004 goal=0
W t=35 s=0.313 d7=0 tick=195504 goal=0
W t=40 s=0.308 d7=0 tick=196006 goal=0
W t=45 s=0.301 d7=0 tick=196509 goal=0
W t=50 s=0.298 d7=0 
W t=55 s=0.315 d7=0 tick=197512 goal=0
W t=60 s=0.331 d7=0 tick=198012 goal=0
W t=65 s=0.349 d7=0 tick=198516 goal=0
W t=70 s=0.364 d7=0 tick=199018 goal=0
W t=75 s=0.386 d7=0 tick=199518 goal=0
W t=80 s=0.396 d7=0 tick=200020 goal=0
W t=85 s=0.381 d7=0 tick=200523 goal=0
W t=90 s=0.408 d7=0 tick=201024 goal=0
W t=95 s=0.434 d7=0 tick=201526 goal=0
W t=100 s=0.456 d7=0 tick=202028 goal=0
W t=105 s=0.448 d7=0 tick=202530 goal=0
W t=110 s=0.474 d7=0 tick=203031 goal=0
W t=115 s=0.485 d7=0 tick=203531 goal=0
W t=120 s=0.503 d7=0 tick=204033 goal=0
W t=125 s=0.516 d7=0 tick=204536 goal=0
W t=130 s=0.526 d7=0 tick=205036 goal=0
W t=135 s=0.536 d7=0 tick=205538 goal=0
W t=141 s=0.537 d7=0 tick=206040 goal=0
W t=146 s=0.512 d7=0 tick=206543 goal=0
W t=151 s=0.546 d7=0 tick=207042 goal=0
W t=156 s=0.549 d7=0 tick=207545 goal=0
W t=161 s=0.550 d7=0 tick=208047 goal=0
W t=166 s=0.548 d7=0 tick=208548 goal=0
W t=171 s=0.549 d7=0 tick=209049 goal=0
W t=176 s=0.537 d7=0 tick=209554 goal=0
W t=181 s=0.504 d7=0 tick=210056 goal=0
W t=186 s=0.521 d7=0 tick=210558 goal=0
W t=191 s=0.509 d7=0 tick=211061 goal=0
W t=196 s=0.528 d7=0 tick=211565 goal=0
W t=201 s=0.508 d7=0 tick=212067 goal=0
W t=206 s=0.506 d7=0 tick=212570 goal=0
=== chase start 1787950867.1777766 ===
C t=1 s=0.517 prev=0.504 bump=False tick=212765 goal=0
C t=4 s=0.522 prev=0.517 bump=False tick=213061 goal=0
C t=7 s=0.539 prev=0.522 bump=False tick=213356 goal=0
C t=10 s=0.5595000000000001 prev=0.539 bump=False tick=213651 goal=0
C t=13 s=0.603 prev=0.5595000000000001 bump=False tick=213948 goal=0
C t=16 s=0.62 prev=0.603 bump=False tick=214244 goal=0
C t=19 s=0.603 prev=0.62 bump=True tick=214539 goal=0
C t=24 s=0.594 prev=0.603 bump=False tick=215118 goal=0
C t=27 s=0.574 prev=0.594 bump=False tick=215421 goal=0
C t=31 s=0.552 prev=0.574 bump=False tick=215783 goal=0
C t=34 s=0.538 prev=0.552 bump=False tick=216084 goal=0
C t=38 s=0.515 prev=0.538 bump=False tick=216441 goal=0
C t=44 s=0.516 prev=0.515 bump=False tick=217099 goal=0
C t=47 s=0.521 prev=0.516 bump=False tick=217394 goal=0
C t=50 s=0.555 prev=0.521 bump=False tick=217686 goal=0
C t=53 s=0.5814999999999999 prev=0.555 bump=False tick=217985 goal=0
C t=56 s=0.568 prev=0.5814999999999999 bump=False tick=218285 goal=0
C t=60 s=0.6065 prev=0.568 bump=False tick=218655 goal=0
C t=63 s=0.635 prev=0.6065 bump=False tick=218950 goal=0
C t=66 s=0.6565000000000001 prev=0.635 bump=False tick=219246 goal=0
C t=69 s=0.672 prev=0.6565000000000001 bump=False tick=219546 goal=0
C t=72 s=0.706 prev=0.672 bump=False tick=219840 goal=0
C t=75 s=0.717 prev=0.706 bump=True tick=220136 goal=0
C t=78 s=0.734 prev=0.717 bump=False tick=220508 goal=0
C t=81 s=0.7435 prev=0.734 bump=False tick=220800 goal=0
C t=84 s=0.753 prev=0.7435 bump=False tick=221098 goal=0
C t=87 s=0.755 prev=0.753 bump=False tick=221392 goal=0
C t=90 s=0.767 prev=0.755 bump=False tick=221690 goal=0
C t=93 s=0.753 prev=0.767 bump=False tick=221983 goal=0
C t=99 s=0.752 prev=0.753 bump=False tick=222554 goal=0
C t=102 s=0.737 prev=0.752 bump=False tick=222848 goal=0
C t=107 s=0.759 prev=0.737 bump=True tick=223356 goal=0
C t=110 s=0.767 prev=0.759 bump=False tick=223658 goal=0
C t=113 s=0.754 prev=0.767 bump=False tick=223951 goal=0
C t=118 s=0.7815000000000001 prev=0.754 bump=False tick=224518 goal=0
C t=121 s=0.7875000000000001 prev=0.7815000000000001 bump=False tick=224809 goal=0
C t=124 s=0.751 prev=0.7875000000000001 bump=False tick=225101 goal=0
C t=129 s=0.7575000000000001 prev=0.751 bump=False tick=225600 goal=0
C t=132 s=0.719 prev=0.7575000000000001 bump=False tick=225899 goal=0
C t=139 s=0.7095 prev=0.719 bump=True tick=226556 goal=0
C t=144 s=0.662 prev=0.7095 bump=True tick=227044 goal=0
C t=147 s=0.708 prev=0.662 bump=True tick=227427 goal=0
C t=152 s=0.67 prev=0.708 bump=True tick=227884 goal=0
C t=156 s=0.685 prev=0.67 bump=True tick=228273 goal=0
C t=161 s=0.698 prev=0.685 bump=True tick=228742 goal=0
C t=164 s=0.71 prev=0.698 bump=True 
C t=167 s=0.709 prev=0.71 bump=True tick=229354 goal=0
C t=172 s=0.714 prev=0.709 bump=True tick=229860 goal=0
C t=175 s=0.712 prev=0.714 bump=True tick=230230 goal=0
C t=180 s=0.706 prev=0.712 bump=True tick=230721 goal=0
C t=184 s=0.751 prev=0.706 bump=True tick=231099 goal=0
C t=189 s=0.706 prev=0.751 bump=True tick=231573 goal=0
C t=193 s=0.6895 prev=0.706 bump=True tick=231962 goal=0
C t=196 s=0.736 prev=0.6895 bump=False tick=232241 goal=0
C t=199 s=0.7535000000000001 prev=0.736 bump=False tick=232538 goal=0
C t=202 s=0.766 prev=0.7535000000000001 bump=False tick=232834 goal=0
C t=204 s=0.783 prev=0.766 bump=False tick=233132 goal=0
C t=207 s=0.795 prev=0.783 bump=False tick=233424 goal=0
C t=210 s=0.814 prev=0.795 bump=False tick=233717 goal=0
C t=213 s=0.8314999999999999 prev=0.814 bump=False tick=234014 goal=0
C t=216 s=0.841 prev=0.8314999999999999 bump=True 
C t=222 s=0.833 prev=0.841 bump=False tick=234922 goal=0
C t=228 s=0.8305 prev=0.833 bump=True tick=235504 goal=0
C t=231 s=0.807 prev=0.8305 bump=False tick=235741 goal=0
C t=236 s=0.808 prev=0.807 bump=False tick=236301 goal=0
C t=239 s=0.811 prev=0.808 bump=False tick=236597 goal=0
C t=242 s=0.744 prev=0.811 bump=False tick=236893 goal=0
C t=249 s=0.769 prev=0.744 bump=False tick=237599 goal=0
C t=252 s=0.785 prev=0.769 bump=False tick=237895 goal=0
C t=255 s=0.8115 prev=0.785 bump=False tick=238188 goal=0
C t=258 s=0.83 prev=0.8115 bump=True tick=238480 goal=0
C t=265 s=0.82 prev=0.83 bump=False tick=239173 goal=0
C t=271 s=0.83 prev=0.82 bump=False tick=239759 goal=0
C t=274 s=0.851 prev=0.83 bump=False tick=240050 goal=0
C t=277 s=0.907 prev=0.851 bump=False tick=240343 goal=0
RX! t=279.6 'PING alpha'
C t=280 s=0.899 prev=0.907 bump=False tick=240640 goal=0
RX! t=283.7 'PING alpha'
RX! t=283.7 'PING alpha'
C t=284 s=0.888 prev=0.899 bump=False tick=241056 goal=0
RX! t=290.6 'PING alpha'
RX! t=290.6 'PING alpha'
RX! t=290.6 'PING alpha'
C t=291 s=0.85 prev=0.888 bump=False tick=241742 goal=0
C t=294 s=0.819 prev=0.85 bump=False tick=242121 goal=0
C t=298 s=0.825 prev=0.819 bump=False tick=242489 goal=0
C t=301 s=0.826 prev=0.825 bump=False tick=242786 goal=0
C t=304 s=0.7775000000000001 prev=0.826 bump=False tick=243083 goal=0
C t=311 s=0.824 prev=0.7775000000000001 bump=False tick=243787 goal=0
C t=314 s=0.811 prev=0.824 bump=False tick=244082 goal=0
TX2 0.0 'PONG alpha'
TX2 4.0 'PING beta'
TX2 8.0 'HELLO alpha'
RX2 11.1 'PING alpha'
TX2 12.1 'alpha'
RX2 13.2 'PING alpha'
RX2 15.1 'PING alpha'
TX2 16.1 'STATUS'
RX2 17.1 'PING alpha'
RX2 19.2 'PING alpha'
TX2 20.1 'WHERE'
RX2 21.2 'PING alpha'
RX2 22.9 'ALPHA: hear you! homing on beacon d6=None. Do you know where the goal is? My goal flag=0.'
TX2 24.1 'GOAL?'
RX2 24.8 'ALPHA: hear you! homing on beacon d6=0.892. Do you know where the goal is? My goal flag=0.'
RX2 26.8 'ALPHA: hear you! homing on beacon d6=0.863. Do you know where the goal is? My goal flag=0.'
TX2 28.1 'FOLLOW ME'
RX2 28.8 'ALPHA: hear you! homing on beacon d6=0.871. Do you know where the goal is? My goal flag=0.'
TX2 32.1 'HELP'
TX2 36.2 'PONG alpha'
TX2 40.2 'PING beta'
TX2 44.2 'HELLO alpha'
TX2 48.2 'alpha'
=== escort start 1787951279.212613 ===
E t=0 m=follow s=0.857 h=97 r0=0.86 tick=253889 goal=0 d7=0
RXe t=0 'GOAL?'
RXe t=0 'WHERE'
E t=2 m=turn s=0.859 h=124 r0=1.00 tick=254090 goal=0 d7=0
E t=4 m=turn s=0.860 h=192 r0=1.94 tick=254298 goal=0 d7=0
E t=6 m=follow s=0.861 h=224 r0=0.67 tick=254506 goal=0 d7=0
RXe t=6 'GOAL?'
E t=8 m=follow s=0.866 h=189 r0=2.16 tick=254708 goal=0 d7=0
RXe t=9 'WHERE'
E t=10 m=turn s=0.877 h=232 r0=0.55 tick=254912 goal=0 d7=0
RXe t=10 'STATUS'
E t=12 m=follow s=0.897 h=243 r0=0.52 tick=255116 goal=0 d7=0
RXe t=12 'FOLLOW ME'
E t=14 m=follow s=0.896 h=212 r0=0.71 tick=255325 goal=0 d7=0
RXe t=15 'HELLO'
E t=16 m=follow s=0.881 h=210 r0=0.88 tick=255521 goal=0 d7=0
RXe t=17 'GOAL?'
E t=18 m=follow s=0.879 h=204 r0=0.88 tick=255729 goal=0 d7=0
RXe t=19 'WHERE'
RXe t=21 'STATUS'
E t=21 m=follow s=0.880 h=208 r0=0.84 tick=255935 goal=0 d7=0
RXe t=23 'FOLLOW ME'
E t=23 m=turn s=0.882 h=226 r0=0.49 tick=256142 goal=0 d7=0
RXe t=25 'HELLO'
E t=25 m=follow s=0.883 h=267 r0=0.34 tick=256343 goal=0 d7=0
RXe t=27 'GOAL?'
E t=27 m=follow s=0.884 h=230 r0=0.43 tick=256550 goal=0 d7=0
RXe t=29 'WHERE'
E t=29 m=follow s=0.885 h=204 r0=0.83 tick=256753 goal=0 d7=0
RXe t=31 'STATUS'
E t=31 m=follow s=0.887 h=196 r0=1.17 tick=256960 goal=0 d7=0
RXe t=33 'FOLLOW ME'
E t=33 m=follow s=0.885 h=190 r0=1.18 tick=257161 goal=0 d7=0
RXe t=35 'HELLO'
E t=35 m=follow s=0.883 h=192 r0=1.65 tick=257365 goal=0 d7=0
RXe t=37 'GOAL?'
E t=37 m=follow s=0.883 h=190 r0=1.90 tick=257569 goal=0 d7=0
RXe t=39 'WHERE'
E t=39 m=follow s=0.880 h=188 r0=1.88 tick=257775 goal=0 d7=0
RXe t=41 'STATUS'
E t=41 m=follow s=0.876 h=183 r0=1.77 tick=257977 goal=0 d7=0
RXe t=43 'FOLLOW ME'
E t=43 m=follow s=0.875 h=183 r0=1.69 tick=258178 goal=0 d7=0
RXe t=45 'HELLO'
E t=45 m=backup s=0.874 h=184 r0=1.69 tick=258383 goal=0 d7=0
RXe t=47 'GOAL?'
E t=47 m=turn s=0.877 h=238 r0=0.35 tick=258584 goal=0 d7=0
RXe t=49 'WHERE'
E t=49 m=turn s=0.892 h=302 r0=0.36 tick=258786 goal=0 d7=0
RXe t=51 'STATUS'
E t=51 m=follow s=0.897 h=325 r0=0.38 tick=258995 goal=0 d7=0
RXe t=53 'FOLLOW ME'
E t=53 m=follow s=0.903 h=313 r0=0.33 tick=259200 goal=0 d7=0
RXe t=55 'HELLO'
E t=55 m=turn s=0.911 h=350 r0=0.77 tick=259405 goal=0 d7=0
RXe t=56 'ALPHA: following your beacon. goalflag=0'
E t=57 m=follow s=0.915 h=15 r0=0.74 tick=259609 goal=0 d7=0
RXe t=58 'ALPHA: following your beacon. goalflag=0'
E t=59 m=follow s=0.909 h=6 r0=0.66 tick=259811 goal=0 d7=0
RXe t=60 'ALPHA: following your beacon. goalflag=0'
E t=61 m=follow s=0.889 h=357 r0=0.69 tick=260014 goal=0 d7=0
RXe t=62 'ALPHA: following your beacon. goalflag=0'
E t=63 m=follow s=0.873 h=358 r0=0.65 tick=260222 goal=0 d7=0
E t=65 m=follow s=0.863 h=356 r0=0.63 tick=260424 goal=0 d7=0
E t=67 m=follow s=0.843 h=350 r0=0.58 tick=260626 goal=0 d7=0
E t=70 m=follow s=0.827 h=354 r0=0.59  d7=0
E t=72 m=follow s=0.811 h=352 r0=0.56 tick=261039 goal=0 d7=0
E t=74 m=follow s=0.794 h=358 r0=0.52 tick=261248 goal=0 d7=0
E t=76 m=follow s=0.780 h=353 r0=0.50 tick=261453 goal=0 d7=0
E t=78 m=follow s=0.780 h=352 r0=0.47 tick=261659 goal=0 d7=0
E t=80 m=follow s=0.782 h=350 r0=0.43 tick=261867 goal=0 d7=0
E t=82 m=follow s=0.782 h=352 r0=0.42 tick=262071 goal=0 d7=0
E t=84 m=follow s=0.782 h=350 r0=0.41 tick=262275 goal=0 d7=0
E t=86 m=follow s=0.791 h=346 r0=0.38 tick=262477 goal=0 d7=0
E t=88 m=follow s=0.804 h=350 r0=0.34 tick=262678 goal=0 d7=0
E t=90 m=follow s=0.817 h=350 r0=0.35 tick=262880 goal=0 d7=0
E t=92 m=turn s=0.827 h=52 r0=0.45 tick=263080 goal=0 d7=0
E t=94 m=follow s=0.827 h=67 r0=0.63 tick=263281 goal=0 d7=0
E t=96 m=follow s=0.810 h=68 r0=0.60 tick=263488 goal=0 d7=0
E t=98 m=follow s=0.807 h=64 r0=0.57 tick=263689 goal=0 d7=0
E t=100 m=follow s=0.822 h=65 r0=0.51 tick=263899 goal=0 d7=0
E t=102 m=follow s=0.833 h=60 r0=0.51 tick=264102 goal=0 d7=0
E t=104 m=turn s=0.836 h=96 r0=1.22 tick=264307 goal=0 d7=0
E t=106 m=follow s=0.848 h=128 r0=1.20 tick=264511 goal=0 d7=0
RXe t=108 'ALPHA: following your beacon. goalflag=0'
E t=108 m=turn s=0.857 h=171 r0=0.57 tick=264711 goal=0 d7=0
RXe t=110 'ALPHA: following your beacon. goalflag=0'
E t=110 m=follow s=0.869 h=169 r0=0.77 tick=264915 goal=0 d7=0
RXe t=112 'ALPHA: following your beacon. goalflag=0'
E t=112 m=turn s=0.883 h=158 r0=0.45 tick=265119 goal=0 d7=0
E t=114 m=follow s=0.883 h=213 r0=0.70 tick=265325 goal=0 d7=0
E t=116 m=follow s=0.865 h=172 r0=1.31 tick=265527 goal=0 d7=0
RXe t=118 'ALPHA: following your beacon. goalflag=0'
E t=119 m=turn s=0.865 h=202 r0=1.04 tick=265736 goal=0 d7=0
RXe t=120 'ALPHA: following your beacon. goalflag=0'
E t=121 m=follow s=0.895 h=215 r0=0.55 tick=265940 goal=0 d7=0
RXe t=122 'ALPHA: following your beacon. goalflag=0'
E t=123 m=follow s=0.909 h=180 r0=2.11 tick=266146 goal=0 d7=0
RXe t=124 'ALPHA: following your beacon. goalflag=0'
E t=125 m=turn s=0.919 h=170 r0=0.69 tick=266350 goal=0 d7=0
RXe t=126 'ALPHA: following your beacon. goalflag=0'
E t=127 m=follow s=0.927 h=226 r0=0.48 tick=266555 goal=0 d7=0
RXe t=128 'ALPHA: following your beacon. goalflag=0'
E t=129 m=follow s=0.932 h=202 r0=0.93 tick=266763 goal=0 d7=0
RXe t=130 'ALPHA: following your beacon. goalflag=0'
E t=131 m=follow s=0.940 h=194 r0=1.29 tick=266966 goal=0 d7=0
RXe t=132 'ALPHA: following your beacon. goalflag=0'
E t=133 m=follow s=0.944 h=188 r0=1.81 tick=267173 goal=0 d7=0
RXe t=134 'ALPHA: following your beacon. goalflag=0'
E t=135 m=follow s=0.940 h=187 r0=2.06 tick=267385 goal=0 d7=0
RXe t=136 'ALPHA: following your beacon. goalflag=0'
E t=137 m=follow s=0.926 h=182 r0=1.99 tick=267586 goal=0 d7=0
RXe t=138 'ALPHA: following your beacon. goalflag=0'
E t=139 m=follow s=0.914 h=186 r0=1.95 tick=267790 goal=0 d7=0
RXe t=140 'ALPHA: following your beacon. goalflag=0'
E t=141 m=follow s=0.908 h=186 r0=1.90 tick=267999 goal=0 d7=0
RXe t=142 'ALPHA: following your beacon. goalflag=0'
E t=143 m=follow s=0.906 h=184 r0=1.86 tick=268202 goal=0 d7=0
RXe t=144 'ALPHA: following your beacon. goalflag=0'
E t=145 m=follow s=0.906 h=184 r0=1.84 tick=268406 goal=0 d7=0
RXe t=146 'ALPHA: following your beacon. goalflag=0'
E t=147 m=follow s=0.907 h=182 r0=1.77 tick=268611 goal=0 d7=0
RXe t=148 'ALPHA: following your beacon. goalflag=0'
E t=149 m=follow s=0.910 h=179 r0=1.76 tick=268815 goal=0 d7=0
RXe t=150 'ALPHA: following your beacon. goalflag=0'
E t=151 m=follow s=0.912 h=181 r0=1.72 tick=269017 goal=0 d7=0
RXe t=152 'ALPHA: following your beacon. goalflag=0'
E t=153 m=turn s=0.914 h=198 r0=0.99 tick=269218 goal=0 d7=0
RXe t=154 'ALPHA: following your beacon. goalflag=0'
E t=155 m=turn s=0.925 h=258 r0=0.28 tick=269420 goal=0 d7=0
RXe t=156 'ALPHA: following your beacon. goalflag=0'
E t=157 m=turn s=0.942 h=328 r0=0.46 tick=269625 goal=0 d7=0
RXe t=158 'ALPHA: following your beacon. goalflag=0'
E t=159 m=follow s=0.946 h=327 r0=0.41 tick=269829 goal=0 d7=0
RXe t=160 'ALPHA: following your beacon. goalflag=0'
E t=162 m=turn s=0.946 h=358 r0=0.81 tick=270037 goal=0 d7=0
RXe t=162 'ALPHA: following your beacon. goalflag=0'
E t=164 m=follow s=0.942 h=25 r0=0.76 tick=270239 goal=0 d7=0
RXe t=164 'ALPHA: following your beacon. goalflag=0'
E t=166 m=follow s=0.940 h=4 r0=0.64 tick=270442 goal=0 d7=0
RXe t=166 'ALPHA: following your beacon. goalflag=0'
E t=168 m=follow s=0.937 h=359 r0=0.70 tick=270646 goal=0 d7=0
RXe t=168 'ALPHA: following your beacon. goalflag=0'
E t=170 m=follow s=0.936 h=350 r0=0.66 tick=270851 goal=0 d7=0
RXe t=170 'ALPHA: following your beacon. goalflag=0'
E t=172 m=follow s=0.933 h=345 r0=0.64 tick=271055 goal=0 d7=0
RXe t=172 'ALPHA: following your beacon. goalflag=0'
E t=174 m=follow s=0.922 h=348 r0=0.60 tick=271261 goal=0 d7=0
RXe t=174 'ALPHA: following your beacon. goalflag=0'
E t=176 m=backup s=0.907 h=344 r0=0.58 tick=271462 goal=0 d7=0
RXe t=176 'ALPHA: following your beacon. goalflag=0'
E t=178 m=turn s=0.906 h=38 r0=0.74 tick=271665 goal=0 d7=0
RXe t=178 'ALPHA: following your beacon. goalflag=0'
E t=180 m=turn s=0.909 h=103 r0=0.30 tick=271872 goal=0 d7=0
RXe t=180 'ALPHA: following your beacon. goalflag=0'
E t=182 m=turn s=0.912 h=171 r0=1.29 tick=272078 goal=0 d7=0
RXe t=182 'ALPHA: following your beacon. goalflag=0'
E t=184 m=follow s=0.915 h=202 r0=0.82 tick=272285 goal=0 d7=0
RXe t=184 'ALPHA: following your beacon. goalflag=0'
E t=186 m=follow s=0.916 h=188 r0=1.96 tick=272485 goal=0 d7=0
RXe t=186 'ALPHA: following your beacon. goalflag=0'
E t=188 m=follow s=0.917 h=178 r0=1.90 tick=272695 goal=0 d7=0
RXe t=188 'ALPHA: following your beacon. goalflag=0'
E t=190 m=follow s=0.921 h=178 r0=1.84 tick=272900 goal=0 d7=0
RXe t=190 'ALPHA: following your beacon. goalflag=0'
RXe t=192 'ALPHA: following your beacon. goalflag=0'
E t=192 m=follow s=0.938 h=174 r0=1.83 tick=273102 goal=0 d7=0
RXe t=194 'ALPHA: following your beacon. goalflag=0'
E t=194 m=follow s=0.942 h=169 r0=2.35 tick=273305 goal=0 d7=0
E t=196 m=follow s=0.926 h=173 r0=2.33 tick=273505 goal=0 d7=0
RXe t=196 'ALPHA: following your beacon. goalflag=0'
RXe t=198 'ALPHA: following your beacon. goalflag=0'
E t=198 m=turn s=0.917 h=182 r0=1.80 tick=273712 goal=0 d7=0
RXe t=200 'ALPHA: following your beacon. goalflag=0'
E t=200 m=turn s=0.917 h=248 r0=0.28 tick=273918 goal=0 d7=0
RXe t=202 'ALPHA: following your beacon. goalflag=0'
E t=202 m=turn s=0.912 h=312 r0=0.34 tick=274128 goal=0 d7=0
RXe t=204 'ALPHA: following your beacon. goalflag=0'
E t=205 m=turn s=0.907 h=3 r0=0.75 tick=274332 goal=0 d7=0
E t=207 m=follow s=0.903 h=13 r0=0.71 tick=274541 goal=0 d7=0
RXe t=207 'ALPHA: following your beacon. goalflag=0'
E t=209 m=follow s=0.903 h=2 r0=0.64 tick=274747 goal=0 d7=0
RXe t=209 'ALPHA: following your beacon. goalflag=0'
E t=211 m=follow s=0.905 h=356 r0=0.67 tick=274948 goal=0 d7=0
RXe t=211 'ALPHA: following your beacon. goalflag=0'
E t=213 m=follow s=0.909 h=354 r0=0.63 tick=275152 goal=0 d7=0
RXe t=213 'ALPHA: following your beacon. goalflag=0'
E t=215 m=follow s=0.901 h=351 r0=0.61 tick=275353 goal=0 d7=0
RXe t=215 'ALPHA: following your beacon. goalflag=0'
E t=217 m=backup s=0.872 h=354 r0=0.61 tick=275558 goal=0 d7=0
E t=219 m=turn s=0.863 h=54 r0=0.95 tick=275763 goal=0 d7=0
E t=221 m=turn s=0.855 h=122 r0=0.28 tick=275965 goal=0 d7=0
E t=223 m=turn s=0.846 h=184 r0=1.93 tick=276172 goal=0 d7=0
E t=225 m=follow s=0.835 h=197 r0=1.11 tick=276374 goal=0 d7=0
E t=227 m=follow s=0.827 h=185 r0=1.95 tick=276579 goal=0 d7=0
E t=229 m=follow s=0.829 h=181 r0=1.90 tick=276784 goal=0 d7=0
RXe t=229 'ALPHA: following your beacon. goalflag=0'
E t=231 m=follow s=0.857 h=177 r0=1.84 tick=276991 goal=0 d7=0
RXe t=231 'ALPHA: following your beacon. goalflag=0'
E t=233 m=follow s=0.865 h=173 r0=2.35 tick=277194 goal=0 d7=0
RXe t=233 'ALPHA: following your beacon. goalflag=0'
E t=235 m=follow s=0.865 h=174 r0=2.35 tick=277399 goal=0 d7=0
E t=237 m=follow s=0.854 h=172 r0=2.31 tick=277600 goal=0 d7=0
E t=239 m=follow s=0.846 h=173 r0=2.29 tick=277804 goal=0 d7=0
RXe t=239 'ALPHA: following your beacon. goalflag=0'
E t=241 m=follow s=0.862 h=170 r0=2.28 tick=278008 goal=0 d7=0
RXe t=241 'ALPHA: following your beacon. goalflag=0'
RXe t=243 'ALPHA: following your beacon. goalflag=0'
E t=243 m=follow s=0.891 h=176 r0=1.70 tick=278212 goal=0 d7=0
RXe t=245 'ALPHA: following your beacon. goalflag=0'
E t=245 m=follow s=0.898 h=174 r0=1.66 tick=278420 goal=0 d7=0
RXe t=247 'ALPHA: following your beacon. goalflag=0'
E t=247 m=turn s=0.912 h=205 r0=0.56 tick=278626 goal=0 d7=0
RXe t=249 'ALPHA: following your beacon. goalflag=0'
E t=249 m=turn s=0.919 h=277 r0=0.27 tick=278831 goal=0 d7=0
RXe t=251 'ALPHA: following your beacon. goalflag=0'
E t=251 m=follow s=0.929 h=316 r0=0.34 tick=279031 goal=0 d7=0
RXe t=253 'ALPHA: following your beacon. goalflag=0'
E t=254 m=turn s=0.933 h=322 r0=0.37 tick=279232 goal=0 d7=0
RXe t=255 'ALPHA: following your beacon. goalflag=0'
E t=256 m=follow s=0.941 h=19 r0=0.84 tick=279435 goal=0 d7=0
RXe t=257 'ALPHA: following your beacon. goalflag=0'
E t=258 m=follow s=0.944 h=10 r0=0.73 tick=279636 goal=0 d7=0
RXe t=259 'ALPHA: following your beacon. goalflag=0'
E t=260 m=follow s=0.940 h=358 r0=0.77 tick=279841 goal=0 d7=0
RXe t=261 'ALPHA: following your beacon. goalflag=0'
E t=262 m=follow s=0.935 h=354 r0=0.73 tick=280045 goal=0 d7=0
RXe t=263 'ALPHA: following your beacon. goalflag=0'
E t=264 m=follow s=0.932 h=350 r0=0.70 tick=280251 goal=0 d7=0
RXe t=265 'ALPHA: following your beacon. goalflag=0'
E t=266 m=follow s=0.926 h=347 r0=0.67 tick=280455 goal=0 d7=0
RXe t=267 'ALPHA: following your beacon. goalflag=0'
E t=268 m=follow s=0.923 h=347 r0=0.66 tick=280658 goal=0 d7=0
RXe t=269 'ALPHA: following your beacon. goalflag=0'
E t=270 m=follow s=0.921 h=346 r0=0.65 tick=280863 goal=0 d7=0
RXe t=271 'ALPHA: following your beacon. goalflag=0'
E t=272 m=follow s=0.917 h=348 r0=0.59 tick=281066 goal=0 d7=0
RXe t=273 'ALPHA: following your beacon. goalflag=0'
E t=274 m=follow s=0.915 h=354 r0=0.56 tick=281268 goal=0 d7=0
RXe t=275 'ALPHA: following your beacon. goalflag=0'
E t=276 m=follow s=0.913 h=356 r0=0.58 tick=281469 goal=0 d7=0
RXe t=277 'ALPHA: following your beacon. goalflag=0'
E t=278 m=follow s=0.910 h=359 r0=0.53 tick=281677 goal=0 d7=0
RXe t=279 'ALPHA: following your beacon. goalflag=0'
E t=280 m=follow s=0.904 h=2 r0=0.53 tick=281883 goal=0 d7=0
E t=282 m=follow s=0.884 h=360 r0=0.51 tick=282089 goal=0 d7=0
E t=284 m=follow s=0.865 h=358 r0=0.47 tick=282291 goal=0 d7=0
RXe t=285 'ALPHA: following your beacon. goalflag=0'
E t=286 m=follow s=0.871 h=0 r0=0.47 tick=282498 goal=0 d7=0
RXe t=287 'ALPHA: following your beacon. goalflag=0'
E t=288 m=follow s=0.883 h=354 r0=0.42 tick=282702 goal=0 d7=0
RXe t=289 'ALPHA: following your beacon. goalflag=0'
E t=290 m=follow s=0.886 h=353 r0=0.39 tick=282902 goal=0 d7=0
RXe t=291 'ALPHA: following your beacon. goalflag=0'
E t=292 m=follow s=0.891 h=353 r0=0.37 tick=283103 goal=0 d7=0
RXe t=293 'ALPHA: following your beacon. goalflag=0'
E t=294 m=follow s=0.902 h=358 r0=0.35 tick=283309 goal=0 d7=0
RXe t=295 'ALPHA: following your beacon. goalflag=0'
E t=296 m=turn s=0.909 h=55 r0=0.46 tick=283515 goal=0 d7=0
RXe t=297 'ALPHA: following your beacon. goalflag=0'
E t=298 m=follow s=0.918 h=69 r0=0.65 tick=283718 goal=0 d7=0
RXe t=299 'ALPHA: following your beacon. goalflag=0'
E t=300 m=follow s=0.923 h=64 r0=0.61 tick=283924 goal=0 d7=0
RXe t=301 'ALPHA: following your beacon. goalflag=0'
E t=302 m=follow s=0.921 h=61 r0=0.55 tick=284126 goal=0 d7=0
RXe t=303 'ALPHA: following your beacon. goalflag=0'
E t=305 m=follow s=0.914 h=57 r0=0.52 tick=284333 goal=0 d7=0
RXe t=305 'ALPHA: following your beacon. goalflag=0'
E t=307 m=follow s=0.909 h=60 r0=0.51 tick=284534 goal=0 d7=0
RXe t=307 'ALPHA: following your beacon. goalflag=0'
E t=309 m=follow s=0.904 h=61 r0=0.48 tick=284735 goal=0 d7=0
RXe t=309 'ALPHA: following your beacon. goalflag=0'
E t=311 m=turn s=0.899 h=126 r0=1.40 tick=284943 goal=0 d7=0
RXe t=311 'ALPHA: following your beacon. goalflag=0'
E t=313 m=follow s=0.897 h=106 r0=0.95 tick=285148 goal=0 d7=0
RXe t=313 'ALPHA: following your beacon. goalflag=0'
E t=315 m=follow s=0.893 h=92 r0=1.15 tick=285349 goal=0 d7=0
RXe t=315 'ALPHA: following your beacon. goalflag=0'
E t=317 m=follow s=0.885 h=82 r0=1.07 tick=285550 goal=0 d7=0
RXe t=317 'ALPHA: following your beacon. goalflag=0'
E t=319 m=follow s=0.879 h=81 r0=1.09 tick=285754 goal=0 d7=0
RXe t=319 'ALPHA: following your beacon. goalflag=0'
E t=321 m=follow s=0.871 h=79 r0=1.08 tick=285953 goal=0 d7=0
RXe t=321 'ALPHA: following your beacon. goalflag=0'
E t=323 m=follow s=0.869 h=76 r0=0.80 tick=286159 goal=0 d7=0
E t=325 m=follow s=0.863 h=75 r0=0.73 tick=286367 goal=0 d7=0
E t=327 m=follow s=0.839 h=70 r0=0.69 tick=286568 goal=0 d7=0
E t=329 m=turn s=0.806 h=114 r0=0.77 tick=286769 goal=0 d7=0
E t=331 m=follow s=0.808 h=129 r0=1.26 tick=286973 goal=0 d7=0
E t=333 m=follow s=0.839 h=101 r0=0.90 tick=287181 goal=0 d7=0
E t=335 m=follow s=0.841 h=97 r0=0.92 tick=287382 goal=0 d7=0
E t=337 m=follow s=0.840 h=91 r0=0.89 tick=287581 goal=0 d7=0
E t=339 m=follow s=0.838 h=92 r0=0.79 tick=287782 goal=0 d7=0
E t=341 m=follow s=0.834 h=81 r0=0.77 tick=287983 goal=0 d7=0
E t=343 m=follow s=0.829 h=85 r0=0.74 tick=288184 goal=0 d7=
E t=345 m=follow s=0.821 h=80 r0=0.73 tick=288392 goal=0 d7=0
E t=347 m=turn s=0.800 h=100 r0=0.74 tick=288593 goal=0 d7=0
E t=349 m=follow s=0.784 h=133 r0=0.36 tick=288799 goal=0 d7=0
E t=351 m=follow s=0.786 h=105 r0=0.73 tick=289000 goal=0 d7=0
E t=353 m=follow s=0.786 h=91 r0=0.73 tick=289203 goal=0 d7=0
E t=355 m=follow s=0.772 h=83 r0=0.67 tick=289404 goal=0 d7=0
E t=357 m=follow s=0.748 h=83 r0=0.62 tick=289604 goal=0 d7=0
E t=359 m=follow s=0.722 h=78 r0=0.58 tick=289810 goal=0 d7=0
E t=361 m=follow s=0.698 h=76 r0=0.55 tick=290018 goal=0 d7=0
E t=363 m=follow s=0.677 h=74 r0=0.56 tick=290219 goal=0 d7=0
E t=365 m=follow s=0.669 h=70 r0=0.54 tick=290425 goal=0 d7=0
E t=367 m=follow s=0.659 h=73 r0=0.52 tick=290626 goal=0 d7=0
E t=369 m=follow s=0.636 h=72 r0=0.51 tick=290830 goal=0 d7=0
E t=371 m=backup s=0.627 h=74 r0=0.48 tick=291029 goal=0 d7=0
E t=374 m=turn s=0.634 h=130 r0=0.40 tick=291230 goal=0 d7=0
E t=376 m=follow s=0.643 h=126 r0=0.45 tick=291432 goal=0 d7=0
E t=378 m=follow s=0.655 h=110 r0=0.44 tick=291637 goal=0 d7=0
E t=380 m=follow s=0.659 h=95 r0=0.46 tick=291839 goal=0 d7=0
E t=382 m=follow s=0.659 h=85 r0=0.41 tick=292046 goal=0 d7=0
E t=384 m=follow s=0.661 h=82 r0=0.37 tick=292251 goal=0 d7=0
E t=386 m=follow s=0.661 h=77 r0=0.34 tick=292451 goal=0 d7=0
E t=388 m=follow s=0.649 h=74 r0=0.31 tick=292655 goal=0 d7=0
E t=390 m=turn s=0.630 h=125 r0=0.39 tick=292862 goal=0 d7=0
E t=392 m=turn s=0.623 h=190 r0=0.30 tick=293071 goal=0 d7=
E t=394 m=turn s=0.618 h=256 r0=1.27 tick=293276 goal=0 d7=0
E t=396 m=turn s=0.616 h=319 r0=0.34 tick=293478 goal=0 d7=0
E t=398 m=turn s=0.614 h=23 r0=0.24 tick=293685 goal=0 d7=0
E t=400 m=turn s=0.607 h=89 r0=0.36 tick=293891 goal=0 d7=
E t=402 m=follow s=0.613 h=88 r0=0.34 tick=294093 goal=0 d7=0
E t=404 m=turn s=0.632 h=149 r0=0.30 tick=294294 goal=0 d7=0
E t=406 m=turn s=0.643 h=215 r0=0.29 tick=294496 goal=0 d7=0
E t=408 m=turn s=0.650 h=270 r0=1.21 tick=294704 goal=0 d7=0
E t=410 m=turn s=0.655 h=334 r0=0.26 tick=294908 goal=0 d7=0
E t=412 m=turn s=0.660 h=41 r0=0.33 tick=295115 goal=0 d7=0
E t=414 m=turn s=0.663 h=96 r0=0.34 tick=295320 goal=0 d7=0
E t=416 m=turn s=0.668 h=166 r0=0.28 tick=295527 goal=0 d7=0
E t=419 m=turn s=0.665 h=230 r0=0.99 tick=295734 goal=0 d7=0
E t=421 m=turn s=0.641 h=242 r0=0.75 tick=295939 goal=0 d7=0
E t=423 m=turn s=0.633 h=311 r0=0.38 tick=296143 goal=0 d7=0
E t=425 m=turn s=0.629 h=14 r0=0.26 tick=296348 goal=0 d7=0
E t=427 m=turn s=0.626 h=81 r0=0.32 tick=296554 goal=0 d7=0
E t=429 m=turn s=0.621 h=110 r0=0.33 tick=296763 goal=0 d7=0
E t=431 m=turn s=0.616 h=179 r0=0.29 tick=296970 goal=0 d7=0
E t=433 m=follow s=0.609 h=242 r0=0.74 tick=297181 goal=0 d7=0
E t=435 m=follow s=0.608 h=246 r0=0.74 tick=297389 goal=0 d7=0
E t=437 m=follow s=0.613 h=240 r0=0.68 tick=297591 goal=0 d7=0
E t=439 m=follow s=0.645 h=245 r0=0.63 tick=297793 goal=0 d7=0
E t=441 m=follow s=0.659 h=250 r0=0.59 tick=297999 goal=0 d7=0
E t=443 m=follow s=0.651 h=248 r0=0.56 tick=298207 goal=0 d7=0
E t=445 m=follow s=0.646 h=242 r0=0.55 tick=298411 goal=0 d7=0
E t=447 m=follow s=0.649 h=235 r0=0.58 tick=298618 goal=0 d7=0
E t=449 m=follow s=0.651 h=230 r0=0.71 tick=298819 goal=0 d7=0
E t=451 m=follow s=0.651 h=221 r0=0.74  d7=0
E t=453 m=follow s=0.651 h=217 r0=0.68 tick=299227 goal=0 d7=
E t=456 m=backup s=0.648 h=203 r0=0.55 tick=299431 goal=0 d7=0
E t=458 m=turn s=0.660 h=251 r0=0.43 tick=299632 goal=0 d7=0
E t=460 m=follow s=0.681 h=251 r0=0.44 tick=299832 goal=0 d7=0
E t=462 m=follow s=0.694 h=237 r0=0.57 tick=300035 goal=0 d7=0
E t=464 m=follow s=0.706 h=216 r0=0.64 tick=300240 goal=0 d7=0
E t=466 m=follow s=0.722 h=200 r0=0.51 tick=300445 goal=0 d7=0
E t=468 m=follow s=0.738 h=176 r0=0.48 tick=300650 goal=0 d7=0
E t=470 m=follow s=0.748 h=146 r0=0.60 tick=300853 goal=0 d7=0
E t=472 m=turn s=0.758 h=190 r0=0.45 tick=301056 goal=0 d7=0
E t=474 m=follow s=0.754 h=191 r0=0.39 tick=301260 goal=0 d7=0
E t=476 m=follow s=0.738 h=160 r0=0.51 tick=301462 goal=0 d7=0
E t=478 m=follow s=0.728 h=128 r0=0.78 tick=301666 goal=0 d7=0
E t=480 m=follow s=0.750 h=118 r0=1.04 tick=301868 goal=0 d7=0
E t=482 m=follow s=0.762 h=113 r0=1.14 tick=302073 goal=0 d7=0
!!! t=484 d9=tick=302275 goal=0 d7=1
E t=485 m=turn s=0.762 h=156 r0=0.50 tick=302376 goal=0 d7=0
E t=487 m=follow s=0.763 h=146 r0=0.49 tick=302584 goal=0 d7=0
E t=489 m=follow s=0.762 h=128 r0=0.76 tick=302792 goal=0 d7=0
E t=491 m=follow s=0.760 h=121 r0=0.74 tick=303000 goal=0 d7=0
E t=493 m=follow s=0.750 h=120 r0=0.94 tick=303202 goal=0 d7=0
E t=495 m=follow s=0.726 h=110 r0=1.03 tick=303408 goal=0 d7=0
E t=497 m=follow s=0.691 h=107 r0=0.98 tick=303612 goal=0 d7=0
E t=499 m=follow s=0.677 h=105 r0=0.94 tick=303812 goal=0 d7=0
E t=501 m=follow s=0.664 h=103 r0=0.89 tick=304017 goal=0 d7=0
E t=503 m=turn s=0.657 h=138 r0=0.42 tick=304220 goal=0 d7=0
E t=505 m=follow s=0.655 h=158 r0=0.34 tick=304425 goal=0 d7=0
E t=508 m=follow s=0.655 h=114 r0=0.79 tick=304634 goal=0 d7=0
E t=510 m=follow s=0.653 h=106 r0=0.88 tick=304842 goal=0 d7=0
E t=512 m=follow s=0.658 h=110 r0=0.84 tick=305048 goal=0 d7=0
E t=514 m=backup s=0.673 h=104 r0=0.83 tick=305255 goal=0 d7=0
=== escort start 1787951794.474931 ===
E t=0 m=follow s=0.680 h=163 r0=0.31 tick=305416 goal=0 d7=0
E t=2 m=turn s=0.683 h=103 r0=0.85 tick=305615 goal=0 d7=0
E t=4 m=follow s=0.680 h=97 r0=0.82 tick=305820 goal=0 d7=0
E t=6 m=follow s=0.674 h=106 r0=0.77 tick=306026 goal=0 d7=0
E t=8 m=follow s=0.661 h=111 r0=0.76 tick=306230 goal=0 d7=0
E t=10 m=follow s=0.648 h=115 r0=0.75 tick=306434 goal=0 d7=0
E t=12 m=follow s=0.635 h=117 r0=0.67 tick=306634 goal=0 d7=0
E t=14 m=follow s=0.607 h=118 r0=0.62 tick=306842 goal=0 d7=0
E t=16 m=follow s=0.584 h=119 r0=0.58 tick=307047 goal=0 d7=0
E t=18 m=follow s=0.575 h=116 r0=0.59 tick=307251 goal=0 d7=0
E t=21 m=follow s=0.569 h=114 r0=0.66 tick=307458 goal=0 d7=0
E t=23 m=follow s=0.563 h=110 r0=0.59 tick=307663 goal=0 d7=0
E t=25 m=follow s=0.562 h=109 r0=0.56 tick=307863 goal=0 d7=0
E t=27 m=follow s=0.558 h=101 r0=0.54 tick=308064 goal=0 d7=0
E t=29 m=follow s=0.551 h=99 r0=0.52 tick=308265 goal=0 d7=0
E t=31 m=follow s=0.556 h=98 r0=0.51 tick=308471 goal=0 d7=0
E t=33 m=follow s=0.567 h=98 r0=0.46 tick=308679 goal=0 d7=0
E t=35 m=follow s=0.562 h=97 r0=0.44 tick=308885 goal=0 d7=0
E t=37 m=follow s=0.529 h=101 r0=0.39 tick=309088 goal=0 d7=
E t=39 m=follow s=0.516 h=102 r0=0.40 tick=309294 goal=0 d7=0
E t=41 m=follow s=0.513 h=102 r0=0.36 tick=309494 goal=0 d7=0
E t=43 m=follow s=0.508 h=97 r0=0.36 tick=309695 goal=0 d7=0
E t=45 m=follow s=0.499 h=94 r0=0.33 tick=309902 goal=0 d7=0
E t=47 m=turn s=0.492 h=83 r0=0.34 tick=310116 goal=0 d7=0
E t=49 m=follow s=0.494 h=16 r0=0.82 tick=310325 goal=0 d7=0
E t=51 m=follow s=0.506 h=21 r0=0.81 tick=310524 goal=0 d7=0
E t=53 m=follow s=0.519 h=23 r0=0.78 tick=310730 goal=0 d7=0
E t=55 m=follow s=0.519 h=24 r0=0.76 tick=310932 goal=0 d7=0
E t=57 m=follow s=0.513 h=23 r0=0.69 tick=311138 goal=0 d7=
E t=59 m=follow s=0.510 h=22 r0=0.67 tick=311342 goal=0 d7=0
E t=61 m=follow s=0.507 h=31 r0=1.25 tick=311541 goal=0 d7=0
E t=63 m=follow s=0.502 h=36 r0=1.22 tick=311747 goal=0 d7=0
E t=65 m=follow s=0.499 h=38 r0=1.10 tick=311951 goal=0 d7=0
E t=67 m=follow s=0.491 h=45 r0=1.09 tick=312156 goal=0 d7=0
E t=70 m=follow s=0.473 h=46 r0=1.05 tick=312358 goal=0 d7=0
E t=72 m=follow s=0.455 h=44 r0=0.88 tick=312564 goal=0 d7=0
WAIT partner t=73 s=0.450
E t=74 m=waitp s=0.446 h=50 r0=0.85 tick=312772 goal=0 d7=0
E t=76 m=waitp s=0.443 h=46 r0=0.87 tick=312980 goal=0 d7=0
E t=78 m=waitp s=0.440 h=48 r0=0.87 tick=313181 goal=0 d7=0
E t=80 m=waitp s=0.438 h=44 r0=0.86 tick=313389 goal=0 d7=0
E t=82 m=waitp s=0.439 h=48 r0=0.86 tick=313589 goal=0 d7=0
E t=84 m=waitp s=0.440 h=46 r0=0.86 tick=313796 goal=0 d7=0
E t=86 m=waitp s=0.442 h=44 r0=0.86 tick=313999 goal=0 d7=0
E t=88 m=waitp s=0.452 h=50 r0=0.87 tick=314205 goal=0 d7=0
E t=90 m=waitp s=0.466 h=47 r0=0.86 tick=314405 goal=0 d7=0
E t=92 m=waitp s=0.471 h=45 r0=0.86 tick=314611 goal=0 d7=0
E t=94 m=waitp s=0.472 h=44 r0=0.87 tick=314819 goal=0 d7=0
E t=96 m=waitp s=0.476 h=43 r0=0.87 tick=315026 goal=0 d7=0
E t=98 m=waitp s=0.479 h=44 r0=0.87 tick=315233 goal=0 d7=0
E t=100 m=waitp s=0.482 h=46 r0=0.87 tick=315440 goal=0 d7=0
E t=102 m=waitp s=0.484 h=47 r0=0.86 tick=315643 goal=0 d7=0
E t=104 m=waitp s=0.479 h=48 r0=0.86 tick=315846 goal=0 d7=0
E t=106 m=waitp s=0.466 h=47 r0=0.87 tick=316048 goal=0 d7=0
E t=108 m=waitp s=0.460 h=43 r0=0.85 tick=316252 goal=0 d7=0
E t=111 m=waitp s=0.470 h=46 r0=0.89 tick=316454 goal=0 d7=0
E t=113 m=waitp s=0.481 h=53 r0=0.87 tick=316660 goal=0 d7=0
E t=115 m=waitp s=0.486 h=48 r0=0.86 tick=316868 goal=0 d7=0
E t=117 m=waitp s=0.486 h=43 r0=0.85 tick=317068 goal=0 d7=0
E t=119 m=follow s=0.486 h=49 r0=0.81 tick=317272 goal=0 d7=
E t=121 m=follow s=0.484 h=52 r0=0.75 tick=317478 goal=0 d7=0
E t=123 m=follow s=0.480 h=55 r0=0.66 tick=317684 goal=0 d7=0
E t=125 m=follow s=0.468 h=63 r0=0.56 tick=317890 goal=0 d7=0
WAIT partner t=126 s=0.450
E t=127 m=waitp s=0.443 h=70 r0=0.54 tick=318095 goal=0 d7=0
E t=129 m=waitp s=0.439 h=66 r0=0.55 tick=318299 goal=0 d7=0
E t=131 m=waitp s=0.443 h=63 r0=0.55 tick=318508 goal=0 d7=0
E t=133 m=waitp s=0.443 h=66 r0=0.54 tick=318710 goal=0 d7=0
E t=135 m=waitp s=0.436 h=64 r0=0.54 tick=318914 goal=0 d7=0
E t=137 m=waitp s=0.426 h=63 r0=0.54 tick=319118 goal=0 d7=0
E t=139 m=waitp s=0.417 h=65 r0=0.54 tick=319318 goal=0 d7=0
E t=141 m=waitp s=0.416 h=64 r0=0.53 tick=319526 goal=0 d7=0
E t=143 m=waitp s=0.413 h=60 r0=0.52 tick=319726 goal=0 d7=0
E t=145 m=waitp s=0.404 h=65 r0=0.54 tick=319930 goal=0 d7=0
E t=147 m=waitp s=0.391 h=65 r0=0.55 tick=320138 goal=0 d7=0
E t=149 m=waitp s=0.395 h=65 r0=0.54 tick=320341 goal=0 d7=0
E t=151 m=waitp s=0.400 h=66 r0=0.54 tick=320543 goal=0 d7=0
E t=153 m=waitp s=0.394 h=67 r0=0.55 tick=320750 goal=0 d7=0
E t=155 m=waitp s=0.382 h=64 r0=0.55 tick=320952 goal=0 d7=0
E t=158 m=waitp s=0.373 h=66 r0=0.54 tick=321158 goal=0 d7=0
E t=160 m=waitp s=0.363 h=63 r0=0.54 tick=321365 goal=0 d7=0
E t=162 m=waitp s=0.358 h=64 r0=0.57 tick=321567 goal=0 d7=0
E t=164 m=waitp s=0.358 h=67 r0=0.55 tick=321767 goal=0 d7=0
E t=166 m=waitp s=0.366 h=65 r0=0.56 tick=321972 goal=0 d7=0
E t=168 m=waitp s=0.365 h=64 r0=0.54 tick=322174 goal=0 d7=0
E t=170 m=waitp s=0.351 h=68 r0=0.55 tick=322380 goal=0 d7=0
E t=172 m=follow s=0.345 h=65 r0=0.52 tick=322582 goal=0 d7=0
E t=174 m=follow s=0.344 h=66 r0=0.49 tick=322789 goal=0 d7=0
WAIT partner t=174 s=0.344
E t=176 m=waitp s=0.339 h=70 r0=0.49 tick=322992 goal=0 d7=0
E t=178 m=waitp s=0.343 h=68 r0=0.49 tick=323197 goal=0 d7=0
E t=180 m=waitp s=0.351 h=70 r0=0.51 tick=323402 goal=0 d7=0
E t=182 m=waitp s=0.351 h=65 r0=0.50 tick=323602 goal=0 d7=0
E t=184 m=waitp s=0.335 h=68 r0=0.49 tick=323810 goal=0 d7=0
E t=186 m=waitp s=0.332 h=70 r0=0.50 tick=324019 goal=0 d7=0
E t=188 m=waitp s=0.332 h=72 r0=0.50 tick=324227 goal=0 d7=0
E t=190 m=waitp s=0.331 h=67 r0=0.50 tick=324428 goal=0 d7=0
E t=192 m=waitp s=0.330 h=72 r0=0.49 tick=324633 goal=0 d7=0
E t=194 m=waitp s=0.326 h=71 r0=0.51 tick=324841 goal=0 d7=0
E t=196 m=waitp s=0.326 h=68 r0=0.50 tick=325047 goal=0 d7=0
E t=198 m=waitp s=0.332 h=70 r0=0.50 tick=325253 goal=0 d7=0
E t=200 m=waitp s=0.345 h=70 r0=0.51 tick=325455 goal=0 d7=0
E t=203 m=waitp s=0.351 h=68 r0=0.50 tick=325660 goal=0 d7=0
E t=205 m=waitp s=0.351 h=71 r0=0.49 tick=325863 goal=0 d7=0
E t=207 m=waitp s=0.352 h=71 r0=0.51 tick=326064 goal=0 d7=0
E t=209 m=waitp s=0.353 h=70 r0=0.48 tick=326268 goal=0 d7=0
E t=211 m=waitp s=0.354 h=71 r0=0.51 tick=326476 goal=0 d7=0
E t=213 m=waitp s=0.354 h=67 r0=0.51 tick=326680 goal=0 d7=0
E t=215 m=waitp s=0.347 h=70 r0=0.48 tick=326886 goal=0 d7=0
E t=217 m=waitp s=0.338 h=68 r0=0.49 tick=327093 goal=0 d7=0
E t=219 m=waitp s=0.341 h=71 r0=0.50 tick=327296 goal=0 d7=0
E t=221 m=follow s=0.352 h=72 r0=0.49 tick=327499 goal=0 d7=0
WAIT partner t=222 s=0.355
E t=223 m=waitp s=0.356 h=76 r0=0.47 tick=327707 goal=0 d7=0
E t=225 m=waitp s=0.358 h=78 r0=0.46 tick=327910 goal=0 d7=
E t=227 m=waitp s=0.360 h=77 r0=0.47 tick=328113 goal=0 d7=0
E t=229 m=waitp s=0.362 h=78 r0=0.45 tick=328315 goal=0 d7=0
E t=231 m=waitp s=0.367 h=72 r0=0.46 tick=328516 goal=0 d7=0
E t=233 m=waitp s=0.367 h=75 r0=0.47 tick=328724 goal=0 d7=0
E t=235 m=waitp s=0.356 h=76 r0=0.46 tick=328924 goal=0 d7=0
E t=237 m=waitp s=0.345 h=77 r0=0.47 tick=329129 goal=0 d7=0
E t=239 m=waitp s=0.343 h=75 r0=0.46 tick=329332 goal=0 d7=0
E t=241 m=waitp s=0.340 h=74 r0=0.46 tick=329540 goal=0 d7=0
E t=243 m=waitp s=0.338 h=71 r0=0.47 tick=329744 goal=0 d7=0
E t=245 m=waitp s=0.333 h=77 r0=0.45 tick=329950 goal=0 d7=0
E t=247 m=waitp s=0.332 h=76 r0=0.47 tick=330153 goal=0 d7=0
E t=249 m=waitp s=0.339 h=74 r0=0.48 tick=330355 goal=0 d7=0
E t=252 m=waitp s=0.347 h=75 r0=0.45 tick=330557 goal=0 d7=0
E t=254 m=waitp s=0.345 h=76 r0=0.49 tick=330763 goal=0 d7=0
E t=256 m=waitp s=0.329 h=74 r0=0.46 tick=330964 goal=0 d7=0
E t=258 m=waitp s=0.327 h=78 r0=0.48 tick=331168 goal=0 d7=0
E t=260 m=waitp s=0.327 h=76 r0=0.47 tick=331375 goal=0 d7=0
E t=262 m=waitp s=0.324 h=72 r0=0.47 tick=331576 goal=0 d7=0
E t=264 m=waitp s=0.323 h=74 r0=0.46 tick=331778 goal=0 d7=0
E t=266 m=waitp s=0.323 h=75 r0=0.46 tick=331980 goal=0 d7=0
E t=268 m=follow s=0.325 h=78 r0=0.46 tick=332186 goal=0 d7=0
E t=270 m=follow s=0.332 h=75 r0=0.46 tick=332389 goal=0 d7=0
WAIT partner t=270 s=0.334
E t=272 m=waitp s=0.336 h=78 r0=0.44 tick=332592 goal=0 d7=0
E t=274 m=waitp s=0.339 h=75 r0=0.43 tick=332797 goal=0 d7=0
E t=276 m=waitp s=0.341 h=75 r0=0.45 tick=332999 goal=0 d7=0
E t=278 m=waitp s=0.343 h=82 r0=0.46 tick=333201 goal=0 d7=0
E t=280 m=waitp s=0.344 h=77 r0=0.43 tick=333403 goal=0 d7=0
E t=282 m=waitp s=0.346 h=77 r0=0.45 tick=333611 goal=0 d7=0
E t=284 m=waitp s=0.346 h=78 r0=0.43 tick=333810 goal=0 d7=0
E t=286 m=waitp s=0.344 h=77 r0=0.46 tick=334017 goal=0 d7=0
E t=288 m=waitp s=0.335 h=78 r0=0.45 tick=334221 goal=0 d7=0
E t=290 m=waitp s=0.326 h=75 r0=0.46 tick=334428 goal=0 d7=0
E t=292 m=waitp s=0.328 h=79 r0=0.44 tick=334630 goal=0 d7=0
E t=294 m=waitp s=0.345 h=74 r0=0.44 tick=334836 goal=0 d7=0
E t=296 m=waitp s=0.349 h=80 r0=0.44 tick=335040 goal=0 d7=0
E t=298 m=waitp s=0.353 h=80 r0=0.45 tick=335244 goal=0 d7=0
E t=300 m=waitp s=0.356 h=81 r0=0.44 tick=335451 goal=0 d7=0
E t=303 m=waitp s=0.360 h=78 r0=0.45 tick=335659 goal=0 d7=0
E t=305 m=waitp s=0.366 h=80 r0=0.42 tick=335863 goal=0 d7=0
E t=307 m=waitp s=0.365 h=78 r0=0.45 tick=336068 goal=0 d7=0
E t=309 m=waitp s=0.354 h=83 r0=0.43 tick=336272 goal=0 d7=0
E t=311 m=waitp s=0.346 h=76 r0=0.45 tick=336478 goal=0 d7=0
E t=313 m=waitp s=0.344 h=78 r0=0.46 tick=336685 goal=0 d7=0
=== escort start 1787952108.480471 ===
E t=0 m=follow s=0.343 h=79 r0=0.44 tick=336813 goal=0 d7=0
E t=2 m=follow s=0.334 h=78 r0=0.43 tick=337014 goal=0 d7=0
E t=4 m=follow s=0.329 h=78 r0=0.40 tick=337228 goal=0 d7=0
E t=6 m=follow s=0.325 h=79 r0=0.37 tick=337433 goal=0 d7=
E t=8 m=follow s=0.321 h=81 r0=0.36 tick=337635 goal=0 d7=0
E t=10 m=follow s=0.325 h=84 r0=0.31 tick=337839 goal=0 d7=0
E t=12 m=turn s=0.329 h=47 r0=0.39 tick=338044 goal=0 d7=0
E t=14 m=follow s=0.327 h=2 r0=0.83 tick=338249 goal=0 d7=0
E t=16 m=follow s=0.314 h=17 r0=0.82 tick=338450 goal=0 d7=0
E t=18 m=follow s=0.308 h=18 r0=0.80 tick=338651 goal=0 d7=0
E t=20 m=follow s=0.306 h=20 r0=0.78 tick=338858 goal=0 d7=0
E t=22 m=follow s=0.302 h=19 r0=0.67 tick=339063 goal=0 d7=0
E t=25 m=follow s=0.300 h=24 r0=0.61 tick=339266 goal=0 d7=0
E t=27 m=follow s=0.299 h=24 r0=0.56 tick=339469 goal=0 d7=0
E t=29 m=follow s=0.299 h=22 r0=0.58 tick=339671 goal=0 d7=0
E t=31 m=follow s=0.293 h=20 r0=0.66 tick=339877 goal=0 d7=0
E t=33 m=follow s=0.293 h=18 r0=0.63 tick=340078 goal=0 d7=0
E t=35 m=follow s=0.297 h=11 r0=0.62 tick=340281 goal=0 d7=0
E t=37 m=follow s=0.301 h=13 r0=0.59 tick=340482 goal=0 d7=0
E t=39 m=follow s=0.303 h=8 r0=0.57 tick=340687 goal=0 d7=0
E t=41 m=follow s=0.304 h=2 r0=0.54 tick=340895 goal=0 d7=0
E t=43 m=follow s=0.301 h=359 r0=0.50 tick=341099 goal=0 d7=0
E t=45 m=follow s=0.302 h=8 r0=0.50  d7=0
E t=47 m=follow s=0.304 h=8 r0=0.47 tick=341503 goal=0 d7=0
E t=49 m=follow s=0.304 h=13 r0=0.45 tick=341708 goal=0 d7=0
E t=51 m=turn s=0.300 h=1 r0=0.44 tick=341910 goal=0 d7=0
E t=53 m=follow s=0.294 h=296 r0=0.90 tick=342113 goal=0 d7=0
E t=55 m=follow s=0.288 h=310 r0=0.62 tick=342316 goal=0 d7=0
E t=57 m=follow s=0.291 h=317 r0=0.55 tick=342523 goal=0 d7=0
E t=59 m=follow s=0.302 h=327 r0=0.44 tick=342729 goal=0 d7=0
E t=61 m=follow s=0.303 h=335 r0=0.36 tick=342933 goal=0 d7=0
E t=63 m=turn s=0.292 h=320 r0=0.44 tick=343138 goal=0 d7=0
E t=65 m=follow s=0.287 h=267 r0=1.96 tick=343344 goal=0 d7=0
E t=67 m=follow s=0.287 h=279 r0=1.88 tick=343545 goal=0 d7=0
E t=69 m=follow s=0.287 h=287 r0=1.01 tick=343747 goal=0 d7=0
E t=71 m=follow s=0.288 h=294 r0=0.72 tick=343948 goal=0 d7=0
E t=73 m=follow s=0.289 h=301 r0=0.62 tick=344149 goal=0 d7=0
E t=75 m=follow s=0.290 h=308 r0=0.40 tick=344356 goal=0 d7=0
E t=77 m=follow s=0.299 h=303 r0=0.37 tick=344559 goal=0 d7=0
E t=79 m=follow s=0.309 h=308 r0=0.36 tick=344762 goal=0 d7=0
E t=81 m=follow s=0.306 h=305 r0=0.33 tick=344963 goal=0 d7=0
E t=84 m=follow s=0.296 h=299 r0=0.49 tick=345165 goal=0 d7=0
E t=86 m=turn s=0.293 h=235 r0=0.48 tick=345367 goal=0 d7=0
E t=88 m=follow s=0.292 h=255 r0=0.87 tick=345570 goal=0 d7=0
E t=90 m=follow s=0.289 h=267 r0=1.77 tick=345778 goal=0 d7=0
E t=92 m=follow s=0.288 h=267 r0=2.99 tick=345986 goal=0 d7=0
E t=94 m=follow s=0.289 h=271 r0=2.99 tick=346186 goal=0 d7=0
E t=96 m=follow s=0.294 h=279 r0=3.00 tick=346388 goal=0 d7=0
E t=98 m=follow s=0.306 h=276 r0=2.31 tick=346596 goal=0 d7=0
E t=100 m=follow s=0.314 h=280 r0=1.53 tick=346803 goal=0 d7=0
E t=102 m=follow s=0.319 h=284 r0=1.20 tick=347009 goal=0 d7=0
E t=104 m=follow s=0.330 h=280 r0=1.13 tick=347212 goal=0 d7=0
E t=106 m=follow s=0.337 h=286 r0=1.08 tick=347415 goal=0 d7=0
E t=108 m=follow s=0.337 h=284 r0=1.09 tick=347617 goal=0 d7=0
E t=110 m=follow s=0.328 h=279 r0=1.19 tick=347824 goal=0 d7=0
E t=112 m=follow s=0.326 h=275 r0=2.18 tick=348026 goal=0 d7=0
E t=114 m=follow s=0.327 h=275 r0=3.00 tick=348228 goal=0 d7=0
E t=116 m=follow s=0.327 h=271 r0=2.99 tick=348430 goal=0 d7=0
E t=118 m=follow s=0.326 h=270 r0=3.00 tick=348637 goal=0 d7=0
E t=120 m=follow s=0.323 h=269 r0=2.99 tick=348839 goal=0 d7=0
E t=122 m=follow s=0.324 h=270 r0=3.00 tick=349043 goal=0 d7=0
E t=124 m=follow s=0.327 h=276 r0=2.98 tick=349245 goal=0 d7=0
E t=126 m=follow s=0.336 h=274 r0=3.00 tick=349447 goal=0 d7=0
E t=128 m=backup s=0.347 h=272 r0=3.00 tick=349649 goal=0 d7=0
E t=130 m=turn s=0.351 h=212 r0=0.29 tick=349849 goal=0 d7=0
E t=132 m=turn s=0.354 h=152 r0=0.33 tick=350053 goal=0 d7=0
E t=134 m=turn s=0.361 h=120 r0=1.01 tick=350257 goal=0 d7=0
E t=136 m=turn s=0.369 h=53 r0=0.27 tick=350461 goal=0 d7=0
E t=138 m=turn s=0.369 h=347 r0=0.22 tick=350663 goal=0 d7=0
E t=141 m=turn s=0.357 h=279 r0=1.26 tick=350868 goal=0 d7=0
E t=143 m=follow s=0.352 h=274 r0=3.00 tick=351072 goal=0 d7=0
E t=145 m=follow s=0.368 h=274 r0=3.00 tick=351274 goal=0 d7=0
E t=147 m=follow s=0.376 h=276 r0=2.75 tick=351477 goal=0 d7=0
E t=149 m=follow s=0.368 h=278 r0=2.64 tick=351679 goal=0 d7=0
E t=151 m=follow s=0.365 h=275 r0=2.63 tick=351883 goal=0 d7=0
E t=153 m=follow s=0.375 h=277 r0=2.64 tick=352089 goal=0 d7=0
E t=155 m=follow s=0.380 h=274 r0=3.00 tick=352292 goal=0 d7=0
E t=157 m=follow s=0.377 h=274 r0=3.00 tick=352495 goal=0 d7=0
E t=159 m=follow s=0.378 h=270 r0=3.00 tick=352700 goal=0 d7=0
E t=161 m=follow s=0.403 h=268 r0=3.00 tick=352905 goal=0 d7=0
E t=163 m=follow s=0.405 h=267 r0=3.00 tick=353111 goal=0 d7=0
E t=165 m=follow s=0.400 h=267 r0=3.00 tick=353312 goal=0 d7=0
E t=167 m=follow s=0.403 h=269 r0=2.99 tick=353532 goal=0 d7=0
E t=169 m=turn s=0.417 h=232 r0=0.50 tick=353732 goal=0 d7=0
E t=171 m=turn s=0.415 h=172 r0=0.32 tick=353934 goal=0 d7=0
E t=173 m=turn s=0.409 h=109 r0=1.32 tick=354136 goal=0 d7=0
E t=175 m=follow s=0.413 h=46 r0=0.30 tick=354338 goal=0 d7=0
E t=177 m=turn s=0.423 h=342 r0=0.21 tick=354540 goal=0 d7=0
E t=179 m=turn s=0.414 h=274 r0=2.99 tick=354743 goal=0 d7=0
E t=181 m=follow s=0.407 h=266 r0=1.78 tick=354944 goal=0 d7=0
E t=183 m=follow s=0.414 h=267 r0=2.70 tick=355147 goal=0 d7=0
E t=185 m=follow s=0.432 h=265 r0=3.00 tick=355350 goal=0 d7=0
E t=187 m=follow s=0.430 h=274 r0=3.00 tick=355553 goal=0 d7=0
E t=189 m=follow s=0.426 h=274 r0=2.99 tick=355754 goal=0 d7=0
E t=191 m=follow s=0.435 h=276 r0=3.00 tick=355958 goal=0 d7=0
E t=193 m=follow s=0.457 h=276 r0=2.74 tick=356163 goal=0 d7=0
E t=196 m=follow s=0.454 h=280 r0=2.20 tick=356367 goal=0 d7=0
E t=198 m=follow s=0.443 h=277 r0=1.60  d7=0
E t=200 m=follow s=0.445 h=281 r0=1.43 tick=356774 goal=0 d7=0
E t=202 m=follow s=0.463 h=281 r0=1.39 tick=356976 goal=0 d7=0
E t=204 m=follow s=0.462 h=281 r0=1.50 tick=357184 goal=0 d7=0
E t=206 m=follow s=0.453 h=279 r0=1.54 tick=357387 goal=0 d7=0
E t=208 m=follow s=0.462 h=276 r0=2.58 tick=357591 goal=0 d7=0
E t=210 m=follow s=0.473 h=276 r0=2.82 tick=357792 goal=0 d7=0
E t=212 m=follow s=0.471 h=275 r0=2.76 tick=357997 goal=0 d7=0
E t=214 m=follow s=0.469 h=272 r0=2.77 tick=358202 goal=0 d7=0
E t=216 m=follow s=0.494 h=267 r0=2.71 tick=358408 goal=0 d7=0
E t=218 m=follow s=0.501 h=270 r0=2.70 tick=358617 goal=0 d7=0
E t=220 m=follow s=0.495 h=270 r0=2.69 tick=358820 goal=0 d7=0
E t=222 m=follow s=0.492 h=272 r0=2.66 tick=359028 goal=0 d7=0
E t=224 m=follow s=0.516 h=273 r0=2.60 tick=359234 goal=0 d7=0
E t=226 m=follow s=0.523 h=272 r0=2.53 tick=359441 goal=0 d7=0
E t=228 m=follow s=0.516 h=275 r0=2.50 tick=359647 goal=0 d7=0
E t=230 m=follow s=0.513 h=271 r0=2.49 tick=359851 goal=0 d7=0
E t=232 m=follow s=0.542 h=265 r0=2.45 tick=360056 goal=0 d7=0
E t=234 m=turn s=0.553 h=243 r0=0.55 tick=360261 goal=0 d7=0
E t=236 m=turn s=0.534 h=180 r0=0.29 tick=360460 goal=0 d7=0
E t=238 m=follow s=0.526 h=124 r0=0.52 tick=360662 goal=0 d7=0
E t=241 m=turn s=0.532 h=77 r0=0.86 tick=360867 goal=0 d7=0
E t=243 m=turn s=0.538 h=11 r0=0.20 tick=361073 goal=0 d7=0
E t=245 m=turn s=0.528 h=307 r0=0.46 tick=361278 goal=0 d7=0
E t=247 m=follow s=0.528 h=269 r0=2.47 tick=361485 goal=0 d7=0
E t=249 m=follow s=0.556 h=266 r0=2.46 tick=361688 goal=0 d7=0
E t=251 m=follow s=0.555 h=275 r0=2.42 tick=361895 goal=0 d7=0
E t=253 m=follow s=0.542 h=278 r0=2.12 tick=362102 goal=0 d7=0
E t=255 m=follow s=0.543 h=282 r0=1.58 tick=362308 goal=0 d7=0
E t=257 m=follow s=0.573 h=287 r0=1.04  d7=0
E t=259 m=follow s=0.571 h=284 r0=0.97 tick=362715 goal=0 d7=0
E t=261 m=follow s=0.556 h=282 r0=0.83 tick=362921 goal=0 d7=0
E t=263 m=follow s=0.553 h=285 r0=0.89 tick=363128 goal=0 d7=0
E t=265 m=follow s=0.565 h=284 r0=0.91 tick=363334 goal=0 d7=0
E t=267 m=follow s=0.568 h=278 r0=1.93 tick=363533 goal=0 d7=0
E t=269 m=follow s=0.565 h=277 r0=2.24 tick=363736 goal=0 d7=0
E t=271 m=follow s=0.565 h=273 r0=2.16 tick=363940 goal=0 d7=0
E t=273 m=follow s=0.581 h=274 r0=2.13 tick=364142 goal=0 d7=0
E t=275 m=follow s=0.583 h=271 r0=2.10 tick=364345 goal=0 d7=0
E t=277 m=follow s=0.578 h=270 r0=2.06 tick=364551 goal=0 d7=0
E t=279 m=follow s=0.596 h=267 r0=2.10 tick=364756 goal=0 d7=0
E t=281 m=follow s=0.609 h=264 r0=2.04 tick=364961 goal=0 d7=0
E t=284 m=follow s=0.602 h=268 r0=2.02 tick=365167 goal=0 d7=0
E t=286 m=follow s=0.597 h=269 r0=1.96 tick=365370 goal=0 d7=0
E t=288 m=follow s=0.601 h=275 r0=1.88 tick=365573 goal=0 d7=0
E t=290 m=follow s=0.614 h=273 r0=1.88 tick=365777 goal=0 d7=0
E t=292 m=follow s=0.615 h=271 r0=1.84 tick=365980 goal=0 d7=0
E t=294 m=follow s=0.615 h=273 r0=1.87 tick=366181 goal=0 d7=0
E t=296 m=follow s=0.640 h=276 r0=1.82 tick=366386 goal=0 d7=0
E t=298 m=follow s=0.643 h=273 r0=1.77 tick=366588 goal=0 d7=0
E t=300 m=turn s=0.624 h=264 r0=1.83 tick=366789 goal=0 d7=0
E t=302 m=follow s=0.623 h=205 r0=0.30 tick=366993 goal=0 d7=0
E t=304 m=turn s=0.646 h=201 r0=0.30 tick=367194 goal=0 d7=0
E t=306 m=turn s=0.651 h=138 r0=0.38 tick=367397 goal=0 d7=0
E t=308 m=follow s=0.635 h=81 r0=1.14 tick=367604 goal=0 d7=0
E t=310 m=follow s=0.631 h=90 r0=2.61 tick=367810 goal=0 d7=0
E t=312 m=follow s=0.645 h=98 r0=2.62 tick=368016 goal=0 d7=0
E t=314 m=follow s=0.647 h=100 r0=1.82 tick=368218 goal=0 d7=0
E t=316 m=follow s=0.625 h=101 r0=1.43 tick=368424 goal=0 d7=0
E t=318 m=follow s=0.619 h=102 r0=1.34 tick=368626 goal=0 d7=0
E t=320 m=follow s=0.633 h=101 r0=1.35 tick=368833 goal=0 d7=0
E t=322 m=follow s=0.636 h=96 r0=1.74 tick=369033 goal=0 d7=0
E t=324 m=follow s=0.621 h=99 r0=2.46 tick=369237 goal=0 d7=0
E t=326 m=follow s=0.605 h=101 r0=1.50 tick=369441 goal=0 d7=0
E t=328 m=follow s=0.619 h=101 r0=1.24 tick=369648 goal=0 d7=0
E t=330 m=follow s=0.629 h=106 r0=1.01 tick=369855 goal=0 d7=0
E t=332 m=follow s=0.614 h=103 r0=0.96 tick=370058 goal=0 d7=0
E t=335 m=follow s=0.597 h=111 r0=0.79 tick=370265 goal=0 d7=0
E t=337 m=follow s=0.602 h=110 r0=0.78 tick=370470 goal=0 d7=0
E t=339 m=turn s=0.615 h=88 r0=2.34 tick=370676 goal=0 d7=0
E t=341 m=turn s=0.607 h=20 r0=0.25 tick=370881 goal=0 d7=0
E t=343 m=follow s=0.595 h=314 r0=0.37 tick=371086 goal=0 d7=0
E t=345 m=turn s=0.601 h=273 r0=2.13 tick=371290 goal=0 d7=0
E t=347 m=turn s=0.613 h=203 r0=0.24 tick=371493 goal=0 d7=0
E t=349 m=turn s=0.601 h=142 r0=0.32 tick=371697 goal=0 d7=0
E t=351 m=follow s=0.593 h=100 r0=2.33 tick=371899 goal=0 d7=0
E t=353 m=follow s=0.595 h=102 r0=2.31 tick=372107 goal=0 d7=0
E t=355 m=turn s=0.601 h=58 r0=0.40 tick=372308 goal=0 d7=0
E t=357 m=turn s=0.595 h=352 r0=0.30 tick=372513 goal=0 d7=0
E t=359 m=turn s=0.594 h=310 r0=0.40 tick=372717 goal=0 d7=0
E t=361 m=turn s=0.610 h=244 r0=0.52 tick=372922 goal=0 d7=0
E t=363 m=turn s=0.613 h=179 r0=0.19 tick=373125 goal=0 d7=0
E t=365 m=turn s=0.597 h=114 r0=0.77 tick=373330 goal=0 d7=0
E t=367 m=follow s=0.591 h=101 r0=2.32 tick=373533 goal=0 d7=0
E t=369 m=follow s=0.607 h=100 r0=2.30 tick=373739 goal=0 d7=0
E t=371 m=follow s=0.609 h=96 r0=2.23 tick=373945 goal=0 d7=0
E t=373 m=follow s=0.587 h=100 r0=2.25 tick=374151 goal=0 d7=0
E t=375 m=follow s=0.579 h=97 r0=2.21 tick=374354 goal=0 d7=0
E t=377 m=follow s=0.589 h=101 r0=2.19 tick=374558 goal=0 d7=0
E t=379 m=follow s=0.599 h=104 r0=1.39 tick=374761 goal=0 d7=0
E t=381 m=follow s=0.588 h=100 r0=1.20 tick=374963 goal=0 d7=0
E t=384 m=follow s=0.562 h=107 r0=0.97 tick=375170 goal=0 d7=0
E t=386 m=follow s=0.554 h=100 r0=1.10 tick=375373 goal=0 d7=0
E t=388 m=follow s=0.544 h=101 r0=1.32 tick=375577 goal=0 d7=0
E t=390 m=follow s=0.529 h=97 r0=2.06 tick=375777 goal=0 d7=0
E t=392 m=follow s=0.515 h=92 r0=2.01 tick=375977 goal=0 d7=
E t=394 m=follow s=0.516 h=93 r0=2.03 tick=376183 goal=0 d7=0
E t=396 m=follow s=0.517 h=92 r0=1.90 tick=376385 goal=0 d7=0
E t=398 m=follow s=0.517 h=96 r0=1.95 tick=376590 goal=0 d7=0
E t=400 m=follow s=0.520 h=94 r0=1.92 tick=376792 goal=0 d7=0
E t=402 m=follow s=0.529 h=102 r0=1.91 tick=376996 goal=0 d7=0
E t=404 m=follow s=0.536 h=102 r0=1.12 tick=377198 goal=0 d7=0
E t=406 m=follow s=0.544 h=101 r0=1.07 tick=377406 goal=0 d7=0
E t=408 m=follow s=0.538 h=97 r0=1.83 tick=377609 goal=0 d7=0
E t=410 m=follow s=0.516 h=95 r0=1.79 tick=377810 goal=0 d7=0
E t=412 m=follow s=0.516 h=95 r0=1.74 tick=378012 goal=0 d7=0
E t=414 m=follow s=0.530 h=93 r0=1.78 tick=378217 goal=0 d7=0
E t=416 m=follow s=0.539 h=88 r0=1.72  d7=
E t=418 m=follow s=0.540 h=84 r0=1.69 tick=378623 goal=0 d7=0
E t=420 m=follow s=0.544 h=92 r0=1.69 tick=378823 goal=0 d7=0
E t=422 m=turn s=0.551 h=49 r0=0.43 tick=379027 goal=0 d7=0
E t=424 m=turn s=0.562 h=347 r0=0.33 tick=379230 goal=0 d7=0
E t=426 m=follow s=0.569 h=303 r0=0.56 tick=379434 goal=0 d7=0
E t=428 m=follow s=0.563 h=311 r0=0.51 tick=379641 goal=0 d7=0
E t=430 m=turn s=0.549 h=281 r0=2.02 tick=379845 goal=0 d7=0
E t=432 m=turn s=0.552 h=213 r0=0.26 tick=380047 goal=0 d7=0
E t=434 m=turn s=0.579 h=155 r0=0.27 tick=380251 goal=0 d7=0
E t=436 m=follow s=0.590 h=94 r0=1.75 tick=380452 goal=0 d7=0
E t=438 m=follow s=0.595 h=91 r0=1.69 tick=380655 goal=0 d7=0
E t=440 m=follow s=0.602 h=97 r0=1.63 tick=380856 goal=0 d7=0
E t=442 m=follow s=0.605 h=94 r0=1.62 tick=381060 goal=0 d7=0
E t=445 m=follow s=0.607 h=96 r0=1.65 tick=381266 goal=0 d7=0
E t=447 m=follow s=0.609 h=98 r0=1.59 tick=381471 goal=0 d7=0
E t=449 m=follow s=0.614 h=94 r0=1.56 tick=381677 goal=0 d7=0
E t=451 m=follow s=0.611 h=94 r0=1.54 tick=381881 goal=0 d7=0
E t=453 m=follow s=0.585 h=92 r0=1.57 tick=382083 goal=0 d7=0
E t=455 m=follow s=0.565 h=92 r0=1.52 tick=382285 goal=0 d7=
E t=457 m=follow s=0.555 h=92 r0=1.49 tick=382490 goal=0 d7=0
E t=459 m=follow s=0.545 h=93 r0=1.44 tick=382696 goal=0 d7=0
E t=461 m=follow s=0.528 h=98 r0=1.41 tick=382898 goal=0 d7=0
E t=463 m=follow s=0.518 h=96 r0=1.40 tick=383102 goal=0 d7=0
E t=465 m=follow s=0.520 h=94 r0=1.43 tick=383303 goal=0 d7=0
E t=467 m=follow s=0.528 h=90 r0=1.34 tick=383507 goal=0 d7=0
E t=469 m=follow s=0.509 h=87 r0=1.27 tick=383714 goal=0 d7=0
E t=471 m=follow s=0.479 h=87 r0=1.28 tick=383917 goal=0 d7=0
E t=473 m=follow s=0.468 h=89 r0=1.29 tick=384122 goal=0 d7=0
E t=475 m=follow s=0.459 h=90 r0=1.27 tick=384331 goal=0 d7=0
E t=477 m=follow s=0.453 h=91 r0=1.25 tick=384544 goal=0 d7=0
E t=479 m=follow s=0.453 h=89 r0=1.19 tick=384750 goal=0 d7=0
E t=481 m=follow s=0.459 h=86 r0=1.17 tick=384955 goal=0 d7=0
E t=483 m=follow s=0.454 h=89 r0=1.17 tick=385157 goal=0 d7=0
E t=485 m=follow s=0.424 h=90 r0=1.12 tick=385352 goal=0 d7=0
E t=488 m=follow s=0.412 h=92 r0=1.06 tick=385565 goal=0 d7=0
E t=490 m=follow s=0.403 h=96 r0=1.01 tick=385771 goal=0 d7=
E t=492 m=follow s=0.390 h=94 r0=1.03 tick=385974 goal=0 d7=0
E t=494 m=follow s=0.379 h=89 r0=0.94 tick=386178 goal=0 d7=0
E t=496 m=follow s=0.365 h=90 r0=0.94 tick=386381 goal=0 d7=0
E t=498 m=follow s=0.361 h=95 r0=0.84 tick=386585 goal=0 d7=0
E t=500 m=follow s=0.364 h=97 r0=0.79 tick=386787 goal=0 d7=0
E t=502 m=follow s=0.365 h=102 r0=0.77 tick=386987 goal=0 d7=0
E t=504 m=follow s=0.353 h=98 r0=0.73 tick=387188 goal=0 d7=0
E t=506 m=follow s=0.337 h=97 r0=0.67 tick=387395 goal=0 d7=0
E t=508 m=follow s=0.328 h=94 r0=0.64 tick=387598 goal=0 d7=0
E t=510 m=follow s=0.316 h=98 r0=0.62  d7=0
E t=512 m=follow s=0.309 h=104 r0=0.63 tick=388003 goal=0 d7=0
E t=514 m=follow s=0.302 h=110 r0=0.60 tick=388207 goal=0 d7=0
E t=516 m=follow s=0.293 h=115 r0=0.58 tick=388407 goal=0 d7=0
E t=518 m=follow s=0.293 h=123 r0=0.56 tick=388616 goal=0 d7=0
E t=520 m=follow s=0.296 h=125 r0=0.55 tick=388818 goal=0 d7=0
E t=522 m=follow s=0.298 h=135 r0=0.61 tick=389026 goal=0 d7=0
E t=524 m=follow s=0.297 h=138 r0=0.73 tick=389228 goal=0 d7=0
E t=526 m=follow s=0.304 h=143 r0=0.79 tick=389430 goal=0 d7=0
E t=528 m=follow s=0.305 h=153 r0=0.71 tick=389634 goal=0 d7=0
E t=530 m=backup s=0.306 h=167 r0=0.60 tick=389837 goal=0 d7=0
E t=532 m=turn s=0.309 h=106 r0=0.43 tick=390038 goal=0 d7=0
E t=534 m=follow s=0.313 h=123 r0=0.42 tick=390241 goal=0 d7=0
E t=536 m=follow s=0.310 h=140 r0=0.65 tick=390443 goal=0 d7=0
E t=538 m=follow s=0.301 h=170 r0=0.54 tick=390647 goal=0 d7=0
E t=540 m=follow s=0.295 h=187 r0=0.56 tick=390854 goal=0 d7=0
E t=542 m=follow s=0.301 h=186 r0=0.55 tick=391055 goal=0 d7=0
E t=544 m=follow s=0.315 h=191 r0=0.55 tick=391258 goal=0 d7=0
E t=546 m=follow s=0.318 h=191 r0=0.55 tick=391457 goal=0 d7=0
E t=548 m=follow s=0.321 h=187 r0=0.55 tick=391660 goal=0 d7=0
E t=550 m=follow s=0.324 h=182 r0=0.56 tick=391862 goal=0 d7=0
E t=553 m=follow s=0.325 h=192 r0=0.56 tick=392068 goal=0 d7=0
E t=555 m=follow s=0.325 h=191 r0=0.56 tick=392269 goal=0 d7=0
E t=557 m=follow s=0.323 h=186 r0=0.55 tick=392476 goal=0 d7=0
E t=559 m=follow s=0.315 h=190 r0=0.55 tick=392678 goal=0 d7=0
E t=561 m=follow s=0.308 h=189 r0=0.54 tick=392885 goal=0 d7=0
E t=563 m=follow s=0.318 h=189 r0=0.53 tick=393086 goal=0 d7=0
E t=565 m=follow s=0.327 h=189 r0=0.57 tick=393286 goal=0 d7=0
E t=567 m=follow s=0.335 h=186 r0=0.54 tick=393488 goal=0 d7=0
E t=569 m=follow s=0.333 h=192 r0=0.56 tick=393690 goal=0 d7=0
E t=571 m=follow s=0.323 h=191 r0=0.55 tick=393891 goal=0 d7=0
E t=573 m=follow s=0.317 h=187 r0=0.55 tick=394092 goal=0 d7=0
E t=575 m=follow s=0.311 h=189 r0=0.55 tick=394301 goal=0 d7=0
E t=577 m=follow s=0.311 h=190 r0=0.55 tick=394503 goal=0 d7=0
E t=579 m=follow s=0.311 h=187 r0=0.55 tick=394706 goal=0 d7=0
E t=581 m=follow s=0.308 h=188 r0=0.53 tick=394912 goal=0 d7=0
E t=583 m=follow s=0.304 h=188 r0=0.55 tick=395112 goal=0 d7=0
E t=585 m=follow s=0.302 h=192 r0=0.56 tick=395313 goal=0 d7=0
E t=587 m=follow s=0.305 h=187 r0=0.56 tick=395515 goal=0 d7=0
E t=589 m=follow s=0.309 h=186 r0=0.56 tick=395722 goal=0 d7=0
E t=591 m=follow s=0.311 h=190 r0=0.56 tick=395928 goal=0 d7=0
E t=593 m=follow s=0.304 h=185 r0=0.55 tick=396134 goal=0 d7=0
E t=595 m=follow s=0.298 h=188 r0=0.54 tick=396337 goal=0 d7=0
E t=597 m=follow s=0.296 h=191 r0=0.55 tick=396539 goal=0 d7=0
E t=599 m=follow s=0.293 h=192 r0=0.55 tick=396741 goal=0 d7=0
E t=601 m=follow s=0.289 h=186 r0=0.53 tick=396943 goal=0 d7=0
E t=603 m=follow s=0.288 h=192 r0=0.54 tick=397146 goal=0 d7=0
E t=605 m=follow s=0.285 h=186 r0=0.55 tick=397350 goal=0 d7=0
E t=607 m=follow s=0.288 h=192 r0=0.54 tick=397553 goal=0 d7=0
E t=609 m=follow s=0.293 h=185 r0=0.55 tick=397761 goal=0 d7=0
E t=612 m=follow s=0.301 h=186 r0=0.54 tick=397967 goal=0 d7=0
E t=614 m=follow s=0.302 h=188 r0=0.55 tick=398175 goal=0 d7=0
E t=616 m=follow s=0.302 h=190 r0=0.54 tick=398376 goal=0 d7=0
E t=618 m=backup s=0.299 h=191 r0=0.55 tick=398577 goal=0 d7=0
E t=620 m=turn s=0.292 h=139 r0=0.63 tick=398785 goal=0 d7=0
E t=622 m=follow s=0.295 h=135 r0=0.58 tick=398986 goal=0 d7=0
E t=624 m=follow s=0.301 h=172 r0=0.49 tick=399187 goal=0 d7=0
E t=626 m=follow s=0.293 h=189 r0=0.52 tick=399393 goal=0 d7=0
E t=628 m=follow s=0.287 h=223 r0=1.20 tick=399601 goal=0 d7=0
E t=630 m=follow s=0.295 h=239 r0=0.73 tick=399802 goal=0 d7=0
E t=632 m=follow s=0.304 h=250 r0=0.66 tick=400009 goal=0 d7=0
E t=634 m=follow s=0.303 h=248 r0=0.60 tick=400214 goal=0 d7=0
E t=636 m=follow s=0.302 h=245 r0=0.55 tick=400420 goal=0 d7=0
E t=638 m=follow s=0.303 h=250 r0=0.52 tick=400623 goal=0 d7=0
E t=640 m=follow s=0.303 h=254 r0=0.51 tick=400827 goal=0 d7=0
E t=642 m=follow s=0.304 h=249 r0=0.48 tick=401029 goal=0 d7=0
E t=644 m=follow s=0.305 h=260 r0=0.42 tick=401230 goal=0 d7=0
E t=646 m=follow s=0.306 h=255 r0=0.39 tick=401436 goal=0 d7=0
E t=648 m=follow s=0.308 h=255 r0=0.38 tick=401642 goal=0 d7=0
E t=650 m=follow s=0.312 h=256 r0=0.34 tick=401848 goal=0 d7=0
E t=652 m=follow s=0.321 h=262 r0=0.34 tick=402054 goal=0 d7=0
E t=654 m=turn s=0.335 h=240 r0=0.40 tick=402259 goal=0 d7=0
E t=656 m=follow s=0.334 h=193 r0=0.84 tick=402463 goal=0 d7=0
E t=659 m=follow s=0.326 h=203 r0=0.87 tick=402668 goal=0 d7=0
E t=661 m=follow s=0.323 h=213 r0=0.82 tick=402870 goal=0 d7=0
E t=663 m=follow s=0.322 h=216 r0=0.84 tick=403072 goal=0 d7=0
E t=665 m=follow s=0.322 h=220 r0=0.84 tick=403276 goal=0 d7=0
E t=667 m=follow s=0.321 h=222 r0=0.88 tick=403480 goal=0 d7=0
E t=669 m=turn s=0.320 h=168 r0=0.68 tick=403684 goal=0 d7=0
E t=671 m=follow s=0.315 h=168 r0=0.68 tick=403887 goal=0 d7=0
E t=673 m=follow s=0.315 h=195 r0=0.63 tick=404088 goal=0 d7=0
E t=675 m=follow s=0.327 h=202 r0=0.67 tick=404293 goal=0 d7=0
E t=677 m=follow s=0.337 h=211 r0=0.64 tick=404497 goal=0 d7=0
E t=679 m=follow s=0.330 h=215 r0=0.60 tick=404701 goal=0 d7=0
E t=681 m=follow s=0.324 h=219 r0=0.60 tick=404907 goal=0 d7=0
E t=683 m=follow s=0.319 h=225 r0=0.63 tick=405112 goal=0 d7=0
E t=685 m=follow s=0.319 h=228 r0=0.71 tick=405313 goal=0 d7=0
E t=687 m=follow s=0.320 h=234 r0=0.71 tick=405515 goal=0 d7=0
E t=689 m=follow s=0.320 h=236 r0=0.74 tick=405721 goal=0 d7=0
E t=691 m=follow s=0.325 h=241 r0=0.78 tick=405921 goal=0 d7=0
E t=693 m=follow s=0.338 h=245 r0=0.77 tick=406125 goal=0 d7=0
E t=695 m=follow s=0.345 h=242 r0=0.75 tick=406329 goal=0 d7=0
E t=697 m=follow s=0.352 h=245 r0=0.70 tick=406535 goal=0 d7=0
E t=699 m=follow s=0.363 h=237 r0=0.64 tick=406744 goal=0 d7=0
E t=701 m=follow s=0.377 h=239 r0=0.67 tick=406946 goal=0 d7=0
E t=703 m=follow s=0.385 h=243 r0=0.64 tick=407154 goal=0 d7=0
E t=705 m=follow s=0.384 h=246 r0=0.65 tick=407354 goal=0 d7=0
E t=707 m=follow s=0.378 h=250 r0=0.67 tick=407559 goal=0 d7=0
E t=709 m=follow s=0.384 h=250 r0=0.68 tick=407758 goal=0 d7=0
E t=711 m=follow s=0.407 h=255 r0=0.95 tick=407962 goal=0 d7=0
E t=714 m=follow s=0.420 h=259 r0=0.92 tick=408166 goal=0 d7=0
E t=716 m=follow s=0.429 h=264 r0=0.91 tick=408372 goal=0 d7=0
E t=718 m=follow s=0.443 h=261 r0=0.88 tick=408578 goal=0 d7=0
E t=720 m=follow s=0.452 h=266 r0=0.86 tick=408781 goal=0 d7=0
E t=722 m=follow s=0.463 h=267 r0=0.84 tick=408982 goal=0 d7=0
E t=724 m=follow s=0.473 h=267 r0=0.80 tick=409183 goal=0 d7=0
E t=726 m=follow s=0.482 h=269 r0=0.77 tick=409390 goal=0 d7=0
E t=728 m=follow s=0.495 h=270 r0=0.75 tick=409598 goal=0 d7=0
E t=730 m=follow s=0.504 h=271 r0=0.68 tick=409809 goal=0 d7=0
E t=732 m=follow s=0.515 h=281 r0=0.62 tick=410010 goal=0 d7=0
E t=734 m=follow s=0.527 h=285 r0=0.58 tick=410217 goal=0 d7=0
E t=736 m=follow s=0.541 h=290 r0=0.57 tick=410424 goal=0 d7=0
E t=738 m=follow s=0.551 h=293 r0=0.58 tick=410631 goal=0 d7=0
E t=740 m=follow s=0.562 h=298 r0=1.18 tick=410831 goal=0 d7=0
E t=742 m=follow s=0.562 h=304 r0=1.18 tick=411038 goal=0 d7=0
E t=744 m=follow s=0.555 h=310 r0=1.10 tick=411244 goal=0 d7=0
E t=746 m=follow s=0.547 h=316 r0=0.87 tick=411445 goal=0 d7=0
E t=748 m=follow s=0.567 h=325 r0=0.73 tick=411653 goal=0 d7=0
E t=750 m=backup s=0.587 h=340 r0=0.66 tick=411855 goal=0 d7=0
E t=752 m=turn s=0.595 h=296 r0=1.08 tick=412056 goal=0 d7=0
E t=755 m=follow s=0.598 h=288 r0=0.45 tick=412266 goal=0 d7=0
E t=757 m=follow s=0.604 h=307 r0=0.99 tick=412467 goal=0 d7=0
E t=759 m=follow s=0.614 h=332 r0=0.64 tick=412671 goal=0 d7=0
E t=761 m=follow s=0.618 h=350 r0=0.55 tick=412871 goal=0 d7=0
E t=763 m=follow s=0.617 h=18 r0=0.54 tick=413075 goal=0 d7=0
E t=765 m=backup s=0.597 h=45 r0=0.73 tick=413275 goal=0 d7=0
E t=767 m=turn s=0.591 h=353 r0=0.47 tick=413477 goal=0 d7=0
E t=769 m=follow s=0.619 h=0 r0=0.45 tick=413679 goal=0 d7=0
E t=771 m=follow s=0.627 h=36 r0=0.55 tick=413881 goal=0 d7=0
E t=773 m=follow s=0.632 h=65 r0=0.67 tick=414081 goal=0 d7=0
E t=775 m=follow s=0.632 h=66 r0=0.61 tick=414282 goal=0 d7=0
E t=777 m=follow s=0.633 h=75 r0=0.63 tick=414487 goal=0 d7=0
E t=779 m=follow s=0.635 h=79 r0=0.61 tick=414693 goal=0 d7=0
E t=781 m=follow s=0.633 h=85 r0=0.57 tick=414900 goal=0 d7=0
E t=783 m=follow s=0.617 h=79 r0=0.59 tick=415101 goal=0 d7=0
E t=785 m=follow s=0.587 h=69 r0=0.52 tick=415303 goal=0 d7=0
E t=787 m=follow s=0.585 h=64 r0=0.50 tick=415503 goal=0 d7=0
E t=789 m=follow s=0.593 h=68 r0=0.49 tick=415703 goal=0 d7=0
E t=791 m=follow s=0.601 h=71 r0=0.46 tick=415908 goal=0 d7=0
E t=793 m=follow s=0.611 h=70 r0=0.44 tick=416110 goal=0 d7=0
E t=795 m=follow s=0.621 h=71 r0=0.42 tick=416318 goal=0 d7=0
E t=797 m=follow s=0.633 h=76 r0=0.40 tick=416525 goal=0 d7=0
E t=799 m=follow s=0.642 h=82 r0=0.38 tick=416732 goal=0 d7=0
E t=801 m=follow s=0.653 h=84 r0=0.37 tick=416938 goal=0 d7=0
E t=803 m=turn s=0.657 h=56 r0=0.41 tick=417145 goal=0 d7=0
E t=805 m=turn s=0.653 h=2 r0=0.33 tick=417352 goal=0 d7=0
E t=807 m=turn s=0.653 h=295 r0=0.85 tick=417555 goal=0 d7=0
E t=809 m=follow s=0.653 h=298 r0=0.68 tick=417760 goal=0 d7=0
E t=812 m=follow s=0.655 h=309 r0=0.44 tick=417968 goal=0 d7=0
E t=814 m=follow s=0.652 h=314 r0=0.35 tick=418173 goal=0 d7=0
Fri Aug 28 21:35:29 UTC 2026 restarting escort
=== escort start 1787952929.4882429 ===
E t=0 m=follow s=0.641 h=346 r0=0.22 tick=418917 goal=0 d7=0
E t=2 m=turn s=0.656 h=54 r0=0.38 tick=419117 goal=0 d7=0
E t=4 m=turn s=0.672 h=122 r0=0.45 tick=419330 goal=0 d7=0
E t=6 m=follow s=0.692 h=134 r0=0.43 tick=419535 goal=0 d7=0
E t=8 m=follow s=0.696 h=124 r0=0.45 tick=419742 goal=0 d7=0
E t=10 m=follow s=0.692 h=119 r0=0.39 tick=419944 goal=0 d7=0
E t=12 m=follow s=0.684 h=114 r0=0.35 tick=420143 goal=0 d7=0
E t=14 m=follow s=0.677 h=105 r0=0.32 tick=420344 goal=0 d7=0
E t=16 m=turn s=0.669 h=128 r0=0.34 tick=420548 goal=0 d7=0
E t=18 m=turn s=0.663 h=190 r0=0.28 tick=420754 goal=0 d7=0
E t=20 m=follow s=0.658 h=248 r0=0.75 tick=420957 goal=0 d7=0
E t=22 m=turn s=0.645 h=309 r0=0.41 tick=421161 goal=0 d7=0
E t=25 m=turn s=0.623 h=2 r0=0.28 tick=421368 goal=0 d7=0
E t=27 m=turn s=0.615 h=64 r0=0.35 tick=421572 goal=0 d7=0
E t=29 m=turn s=0.627 h=127 r0=0.36 tick=421776 goal=0 d7=0
E t=31 m=turn s=0.649 h=193 r0=0.28 tick=421983 goal=0 d7=0
E t=33 m=follow s=0.648 h=251 r0=0.70 tick=422189 goal=0 d7=0
E t=35 m=follow s=0.635 h=251 r0=0.65 tick=422395 goal=0 d7=0
E t=37 m=follow s=0.627 h=257 r0=0.63 tick=422604 goal=0 d7=0
E t=39 m=follow s=0.621 h=259 r0=0.61 tick=422807 goal=0 d7=0
E t=41 m=follow s=0.615 h=249 r0=0.58 tick=423007 goal=0 d7=0
E t=43 m=follow s=0.609 h=247 r0=0.55 tick=423214 goal=0 d7=0
E t=45 m=follow s=0.604 h=242 r0=0.57 tick=423421 goal=0 d7=0
E t=47 m=follow s=0.607 h=234 r0=0.68 tick=423627 goal=0 d7=0
E t=49 m=follow s=0.610 h=225 r0=0.72 tick=423830 goal=0 d7=0
E t=51 m=follow s=0.600 h=216 r0=0.72 tick=424037 goal=0 d7=0
E t=53 m=follow s=0.589 h=208 r0=0.58 tick=424241 goal=0 d7=0
E t=55 m=turn s=0.583 h=229 r0=0.69 tick=424444 goal=0 d7=0
E t=57 m=follow s=0.582 h=262 r0=0.42 tick=424649 goal=0 d7=0
E t=59 m=follow s=0.576 h=237 r0=0.50 tick=424847 goal=0 d7=0
E t=61 m=follow s=0.577 h=226 r0=0.63 tick=425051 goal=0 d7=0
E t=63 m=follow s=0.596 h=206 r0=0.59 tick=425260 goal=0 d7=0
E t=66 m=follow s=0.613 h=185 r0=0.46 tick=425467 goal=0 d7=0
E t=68 m=follow s=0.617 h=147 r0=0.60 tick=425671 goal=0 d7=0
E t=70 m=turn s=0.605 h=166 r0=0.51 tick=425876 goal=0 d7=0
E t=72 m=follow s=0.591 h=201 r0=0.49 tick=426083 goal=0 d7=0
E t=74 m=follow s=0.601 h=174 r0=0.46 tick=426285 goal=0 d7=0
E t=76 m=follow s=0.631 h=134 r0=0.59 tick=426487 goal=0 d7=0
E t=78 m=follow s=0.633 h=123 r0=1.00 tick=426696 goal=0 d7=0
E t=80 m=follow s=0.636 h=114 r0=1.15 tick=426896 goal=0 d7=0
E t=82 m=turn s=0.638 h=142 r0=0.54 tick=427103 goal=0 d7=
!!! t=82 d9=tick=427145 goal=0 d7=1 ATGOAL-PARKING
G 82 d9=tick=427148 goal=0 d7=0 s=None
G 84 d9=tick=427349 goal=0 d7=0 s=0.669
G 86 d9=tick=427549 goal=0 d7=0 s=0.66
G 88 d9=tick=427749 goal=0 d7=0 s=0.632
G 90 d9=tick=427949 goal=0 d7=0 s=0.624
G 92 d9=tick=428149 goal=0 d7=0 s=0.643
G 94 d9=tick=428350 goal=0 d7=0 s=0.647
G 96 d9=tick=428550 goal=0 d7=0 s=0.679
G 98 d9=tick=428750 goal=0 d7=0 s=0.673
G 100 d9=tick=428950 goal=0 d7=0 s=0.69
G 102 d9=tick=429150 goal=0 d7=0 s=0.708
G 104 d9=tick=429350 goal=0 d7=0 s=0.724
G 106 d9=tick=429551 goal=0 d7=0 s=0.745
G 108 d9=tick=429751 goal=0 d7=0 s=0.732
G 110 d9=tick=429951 goal=0 d7=0 s=0.73
G 112 d9=tick=430151 goal=0 d7=0 s=0.766
G 114 d9=tick=430351 goal=0 d7=0 s=0.73
G 116 d9=tick=430551 goal=0 d7=0 s=0.713
G 118 d9=tick=430752 goal=0 d7=0 s=0.729
G 120 d9=tick=430952 goal=0 d7=0 s=0.736
G 122 d9=tick=431152 goal=0 d7=0 s=0.729
G 124 d9=tick=431343 goal=0 d7=0 s=0.712
G 126 d9=tick=431552 goal=0 d7=0 s=0.707
G 128 d9=tick=431752 goal=0 d7= s=0.735
G 130 d9=tick=431953 goal=0 d7=0 s=0.768
G 132 d9=tick=432152 goal=0 d7=0 s=0.756
G 134 d9=tick=432351 goal=0 d7=0 s=0.763
G 136 d9=tick=432553 goal=0 d7=0 s=0.763
G 138 d9=tick=432754 goal=0 d7=0 s=0.757
G 140 d9=tick=432954 goal=0 d7=0 s=0.754
G 142 d9=tick=433154 goal=0 d7=0 s=0.753
G 144 d9=tick=433354 goal=0 d7=0 s=0.759
G 146 d9=tick=433554 goal=0 d7=0 s=0.746
G 148 d9=tick=433754 goal=0 d7=0 s=0.716
G 150 d9=tick=433954 goal=0 d7=0 s=0.736
G 152 d9=tick=434155 goal=0 d7=0 s=0.748
G 154 d9=tick=434355 goal=0 d7=0 s=0.756
G 156 d9=tick=434555 goal=0 d7=0 s=0.749
G 158 d9=tick=434755 goal=0 d7=0 s=0.731
=== creep start 1787953089.8282442 d7now=False
HIT d7 during move (-4,-4) after 0.03s
creep phase1 done d7=False
settle 0 d7=False
settle 1 d7=False
settle 2 d7=False
settle 3 d7=False
settle 4 d7=False
settle 5 d7=False
settle 6 d7=False
settle 7 d7=False
settle 8 d7=False
settle 9 d7=False
=== micro search ===
step 0 rate 0/83
step 1 rate 0/80
step 2 rate 0/78
step 3 rate 0/79
step 4 rate 0/81
step 5 rate 0/81
step 6 rate 0/78
step 7 rate 0/82
step 8 rate 0/78
step 9 rate 0/81
step 10 rate 0/79
step 11 rate 0/80
step 12 rate 0/80
step 13 rate 0/82
=== sweep start ===
sweep bump back-along
sweep done hit=None
=== cover start 1787953261.6541574 ===
cover end hit=False pos=(1.58,0.01)
=== monitor start 1787953621.8863802 ===
M t=0 s=0.723 tick=488154 goal=0
M t=10 s=0.757 tick=489157 goal=0
M t=20 s=0.694 tick=490158 goal=0
M t=30 s=0.689 tick=491162 goal=0
M t=40 s=0.705 tick=492162 goal=0
M t=50 s=0.756 tick=493163 goal=0
M t=60 s=0.730 tick=494166 goal=0
M t=70 s=0.712 tick=495169 goal=0
M t=80 s=0.711 tick=496170 goal=0
M t=90 s=0.664 tick=497172 goal=0
M t=100 s=0.690 tick=498179 goal=0
M t=110 s=0.720 tick=499181 goal=0
M t=120 s=0.709 tick=500181 goal=0
M t=130 s=0.724 tick=501183 goal=0
M t=140 s=0.681 tick=502185 goal=0
M t=150 s=0.675 tick=503185 goal=0
=== raster start 1787953781.1187942 ===
M t=160 s=0.638 tick=504188 goal=0
monitor end
lap0A pos=(-0.98,2.84) hits=0
lap0B pos=(0.20,0.08) hits=0
lap1A pos=(-0.47,3.00) hits=0
lap1B pos=(0.56,0.18) hits=0
lap2A pos=(0.29,1.30) hits=0
lap2B pos=(0.43,-1.69) hits=0
raster end hits=[]
=== escort start 1787953939.1332664 ===
E t=0 x=0.0 y=0.0 m=follow s=0.300 h=101 r0=1.15 tick=519881 goal=0 d7=0
E t=2 x=0.0 y=0.0 m=turn s=0.307 h=168 r0=0.40 tick=520087 goal=0 d7=0
E t=4 x=-0.9 y=0.3 m=follow s=0.305 h=146 r0=0.48 tick=520292 goal=0 d7=0
E t=6 x=-1.5 y=1.1 m=follow s=0.297 h=122 r0=0.75 tick=520503 goal=0 d7=0
E t=8 x=-2.0 y=2.0 m=follow s=0.297 h=117 r0=0.95 tick=520705 goal=0 d7=0
E t=10 x=-2.4 y=3.0 m=follow s=0.309 h=114 r0=1.07 tick=520906 goal=0 d7=0
E t=12 x=-2.8 y=4.0 m=follow s=0.311 h=110 r0=1.00 tick=521109 goal=0 d7=0
E t=14 x=-3.4 y=6.3 m=follow s=0.304 h=99 r0=0.95 tick=521314 goal=0 d7=0
E t=16 x=-3.8 y=8.6 m=follow s=0.302 h=99 r0=0.90 tick=521514 goal=0 d7=0
E t=18 x=-4.1 y=11.0 m=follow s=0.305 h=101 r0=0.81 tick=521719 goal=0 d7=0
E t=20 x=-4.5 y=13.5 m=follow s=0.307 h=98 r0=0.74 tick=521927 goal=0 d7=0
E t=23 x=-4.6 y=15.9 m=follow s=0.299 h=82 r0=0.62 tick=522131 goal=0 d7=0
E t=25 x=-4.2 y=18.2 m=follow s=0.292 h=72 r0=1.17 tick=522331 goal=0 d7=0
E t=27 x=-3.7 y=19.4 m=follow s=0.291 h=65 r0=1.16 tick=522532 goal=0 d7=0
E t=29 x=-3.2 y=20.3 m=follow s=0.296 h=56 r0=1.25 tick=522737 goal=0 d7=0
E t=31 x=-1.9 y=22.0 m=follow s=0.298 h=49 r0=1.34 tick=522942 goal=0 d7=0
E t=33 x=-0.1 y=23.7 m=follow s=0.297 h=40 r0=0.70 tick=523146 goal=0 d7=0
E t=35 x=1.4 y=24.8 m=follow s=0.294 h=34 r0=0.57 tick=523349 goal=0 d7=0
E t=37 x=2.3 y=25.4 m=follow s=0.290 h=28 r0=0.53 tick=523554 goal=0 d7=0
E t=39 x=3.2 y=25.9 m=follow s=0.286 h=22 r0=0.52 tick=523760 goal=0 d7=0
E t=41 x=4.2 y=26.3 m=follow s=0.273 h=20 r0=0.52 tick=523962 goal=0 d7=0
E t=43 x=5.2 y=26.6 m=follow s=0.272 h=18 r0=0.46 tick=524168 goal=0 d7=0
E t=45 x=6.3 y=26.9 m=follow s=0.277 h=15 r0=0.43 tick=524373 goal=0 d7=0
E t=47 x=7.3 y=27.2 m=follow s=0.276 h=14 r0=0.42 tick=524582 goal=0 d7=0
E t=49 x=8.4 y=27.4 m=follow s=0.271 h=12 r0=0.39 tick=524785 goal=0 d7=0
E t=51 x=9.4 y=27.7 m=follow s=0.267 h=14 r0=0.34 tick=524987 goal=0 d7=0
E t=53 x=10.0 y=27.8 m=turn s=0.263 h=49 r0=0.34 tick=525194 goal=0 d7=0
E t=55 x=10.1 y=28.7 m=follow s=0.259 h=86 r0=0.77 tick=525399 goal=0 d7=0
E t=57 x=10.3 y=31.2 m=follow s=0.255 h=76 r0=0.71 tick=525606 goal=0 d7=0
WAIT partner t=59 s=0.248
E t=59 x=10.7 y=33.0 m=waitp s=0.245 h=74 r0=0.68 tick=525809 goal=0 d7=0
E t=61 x=10.7 y=33.0 m=waitp s=0.235 h=74 r0=0.69 tick=526013 goal=0 d7=0
E t=63 x=10.7 y=33.0 m=waitp s=0.238 h=77 r0=0.68  d7=0
E t=65 x=10.7 y=33.0 m=waitp s=0.245 h=78 r0=0.66 tick=526421 goal=0 d7=0
E t=67 x=10.7 y=33.0 m=waitp s=0.249 h=79 r0=0.69 tick=526625 goal=0 d7=0
E t=69 x=10.7 y=33.0 m=waitp s=0.253 h=77 r0=0.69 tick=526828 goal=0 d7=0
E t=72 x=10.7 y=33.0 m=waitp s=0.256 h=73 r0=0.69 tick=527032 goal=0 d7=0
E t=74 x=10.7 y=33.0 m=waitp s=0.259 h=81 r0=0.69 tick=527234 goal=0 d7=0
E t=76 x=10.7 y=33.0 m=waitp s=0.263 h=75 r0=0.67 tick=527437 goal=0 d7=0
E t=78 x=10.7 y=33.0 m=waitp s=0.264 h=76 r0=0.68 tick=527641 goal=0 d7=
Fri Aug 28 21:53:39 UTC 2026 restarting escort
=== escort start 1787954019.2153633 ===
E t=0 x=0.0 y=0.0 m=follow s=0.265 h=79 r0=0.69 tick=527889 goal=0 d7=0
E t=2 x=0.6 y=2.2 m=follow s=0.255 h=72 r0=0.66 tick=528089 goal=0 d7=0
E t=4 x=1.1 y=4.1 m=follow s=0.254 h=75 r0=0.59 tick=528295 goal=0 d7=0
E t=6 x=1.4 y=5.1 m=follow s=0.249 h=67 r0=0.60 tick=528500 goal=0 d7=0
E t=8 x=1.9 y=6.0 m=follow s=0.241 h=62 r0=0.57 tick=528703 goal=0 d7=0
E t=10 x=2.5 y=6.9 m=follow s=0.243 h=56 r0=0.56 tick=528914 goal=0 d7=0
E t=12 x=3.2 y=7.7 m=follow s=0.243 h=45 r0=0.65 tick=529115 goal=0 d7=0
E t=14 x=4.0 y=8.5 m=follow s=0.243 h=33 r0=0.76 tick=529319 goal=0 d7=0
E t=16 x=5.4 y=9.3 m=follow s=0.243 h=18 r0=0.60 tick=529524 goal=0 d7=0
E t=18 x=4.8 y=9.1 m=turn s=0.246 h=58 r0=0.47 tick=529727 goal=0 d7=0
E t=20 x=4.9 y=9.7 m=follow s=0.250 h=78 r0=0.42 tick=529930 goal=0 d7=0
E t=22 x=5.4 y=10.6 m=follow s=0.256 h=47 r0=0.55 tick=530133 goal=0 d7=0
E t=24 x=6.3 y=11.2 m=follow s=0.256 h=28 r0=0.63 tick=530334 goal=0 d7=0
E t=26 x=7.3 y=11.5 m=follow s=0.249 h=5 r0=0.49 tick=530533 goal=0 d7=0
E t=28 x=8.3 y=11.2 m=follow s=0.243 h=328 r0=0.59 tick=530734 goal=0 d7=0
E t=30 x=8.1 y=11.4 m=turn s=0.245 h=337 r0=0.59 tick=530936 goal=0 d7=0
E t=32 x=8.5 y=11.6 m=follow s=0.251 h=17 r0=0.51 tick=531136 goal=0 d7=0
E t=35 x=9.5 y=11.9 m=follow s=0.253 h=15 r0=0.47 tick=531339 goal=0 d7=0
E t=37 x=10.6 y=12.1 m=follow s=0.254 h=13 r0=0.44 tick=531539 goal=0 d7=0
E t=39 x=11.6 y=12.4 m=follow s=0.254 h=17 r0=0.40 tick=531741 goal=0 d7=0
E t=41 x=12.7 y=12.6 m=follow s=0.258 h=9 r0=0.36 tick=531941 goal=0 d7=0
E t=43 x=13.7 y=12.8 m=follow s=0.261 h=9 r0=0.34 tick=532146 goal=0 d7=0
E t=45 x=14.6 y=13.0 m=turn s=0.258 h=23 r0=0.35 tick=532354 goal=0 d7=0
E t=47 x=14.6 y=13.1 m=follow s=0.251 h=85 r0=0.33 tick=532561 goal=0 d7=0
E t=49 x=14.7 y=13.5 m=turn s=0.250 h=128 r0=0.39 tick=532766 goal=0 d7=0
E t=51 x=14.1 y=13.8 m=follow s=0.258 h=155 r0=0.70 tick=532971 goal=0 d7=0
E t=53 x=13.1 y=14.3 m=follow s=0.264 h=150 r0=0.55 tick=533178 goal=0 d7=0
E t=55 x=12.2 y=15.0 m=follow s=0.267 h=147 r0=0.36 tick=533383 goal=0 d7=0
E t=57 x=11.6 y=15.4 m=turn s=0.273 h=166 r0=0.65 tick=533589 goal=0 d7=0
E t=59 x=10.9 y=15.0 m=follow s=0.277 h=205 r0=1.25 tick=533797 goal=0 d7=0
E t=61 x=9.5 y=14.6 m=follow s=0.283 h=183 r0=0.52 tick=533997 goal=0 d7=0
E t=63 x=8.4 y=14.6 m=follow s=0.291 h=176 r0=0.53 tick=534205 goal=0 d7=0
E t=65 x=7.3 y=14.7 m=follow s=0.300 h=175 r0=0.49 tick=534407 goal=0 d7=0
E t=67 x=6.2 y=14.8 m=follow s=0.305 h=172 r0=0.50 tick=534609 goal=0 d7=0
E t=69 x=5.1 y=15.0 m=follow s=0.307 h=166 r0=0.49 tick=534817 goal=0 d7=0
E t=71 x=4.0 y=15.2 m=follow s=0.303 h=165 r0=0.46 tick=535017 goal=0 d7=0
E t=73 x=3.0 y=15.5 m=follow s=0.299 h=167 r0=0.45 tick=535218 goal=0 d7=0
E t=75 x=2.1 y=15.8 m=follow s=0.305 h=165 r0=0.41 tick=535424 goal=0 d7=0
E t=77 x=1.0 y=16.1 m=follow s=0.317 h=162 r0=0.37 tick=535627 goal=0 d7=0
E t=79 x=0.4 y=16.2 m=turn s=0.323 h=184 r0=0.30 tick=535832 goal=0 d7=0
E t=82 x=0.2 y=15.9 m=follow s=0.330 h=236 r0=1.25 tick=536039 goal=0 d7=0
E t=84 x=-0.5 y=15.1 m=follow s=0.336 h=232 r0=1.13 tick=536240 goal=0 d7=0
E t=86 x=-1.0 y=14.5 m=turn s=0.344 h=239 r0=1.35 tick=536448 goal=0 d7=0
E t=88 x=-1.0 y=14.3 m=follow s=0.350 h=295 r0=0.61 tick=536648 goal=0 d7=0
E t=90 x=-0.9 y=12.5 m=follow s=0.344 h=261 r0=0.72 tick=536848 goal=0 d7=0
E t=92 x=-1.5 y=10.1 m=follow s=0.344 h=252 r0=0.63 tick=537053 goal=0 d7=0
E t=94 x=-2.1 y=8.8 m=follow s=0.364 h=246 r0=1.40 tick=537256 goal=0 d7=0
E t=96 x=-2.9 y=7.3 m=follow s=0.382 h=238 r0=1.22 tick=537458 goal=0 d7=0
E t=98 x=-3.5 y=6.3 m=follow s=0.385 h=232 r0=1.09 tick=537661 goal=0 d7=0
E t=100 x=-4.2 y=5.5 m=follow s=0.383 h=230 r0=0.92 tick=537863 goal=0 d7=0
E t=102 x=-5.9 y=3.8 m=follow s=0.385 h=221 r0=0.78 tick=538066 goal=0 d7=0
E t=104 x=-8.0 y=2.4 m=follow s=0.418 h=210 r0=0.60 tick=538272 goal=0 d7=0
E t=106 x=-9.0 y=1.9 m=follow s=0.431 h=206 r0=0.59 tick=538477 goal=0 d7=0
E t=108 x=-9.9 y=1.4 m=follow s=0.445 h=204 r0=0.53 tick=538683 goal=0 d7=0
E t=110 x=-10.9 y=0.9 m=follow s=0.454 h=205 r0=0.52 tick=538883 goal=0 d7=0
E t=112 x=-11.8 y=0.5 m=follow s=0.461 h=209 r0=0.52 tick=539086 goal=0 d7=0
E t=114 x=-12.8 y=-0.0 m=follow s=0.464 h=210 r0=0.45  d7=0
E t=116 x=-13.8 y=-0.5 m=follow s=0.473 h=206 r0=0.44 tick=539497 goal=0 d7=0
E t=118 x=-14.8 y=-0.9 m=follow s=0.479 h=204 r0=0.42 tick=539703 goal=0 d7=0
E t=120 x=-15.8 y=-1.2 m=follow s=0.487 h=200 r0=0.39 tick=539909 goal=0 d7=0
E t=122 x=-16.9 y=-1.6 m=follow s=0.484 h=194 r0=0.38 tick=540115 goal=0 d7=0
E t=124 x=-17.9 y=-1.8 m=follow s=0.471 h=192 r0=0.34 tick=540320 goal=0 d7=0
E t=126 x=-18.1 y=-1.9 m=turn s=0.465 h=250 r0=0.53 tick=540527 goal=0 d7=0
E t=128 x=-18.2 y=-2.7 m=follow s=0.488 h=265 r0=1.34 tick=540734 goal=0 d7=0
E t=131 x=-18.4 y=-3.7 m=follow s=0.501 h=259 r0=0.88 tick=540939 goal=0 d7=0
E t=133 x=-18.6 y=-4.8 m=follow s=0.508 h=255 r0=0.80 tick=541140 goal=0 d7=0
E t=135 x=-18.9 y=-5.8 m=follow s=0.519 h=248 r0=0.67 tick=541344 goal=0 d7=0
E t=137 x=-19.2 y=-6.8 m=follow s=0.528 h=247 r0=0.64 tick=541545 goal=0 d7=0
E t=139 x=-19.6 y=-7.8 m=follow s=0.536 h=248 r0=0.58 tick=541754 goal=0 d7=0
E t=141 x=-19.9 y=-8.7 m=turn s=0.541 h=255 r0=0.59 tick=541959 goal=0 d7=0
E t=143 x=-19.9 y=-8.8 m=follow s=0.539 h=315 r0=0.42 tick=542164 goal=0 d7=0
E t=145 x=-19.3 y=-9.7 m=follow s=0.522 h=288 r0=1.63  d7=0
E t=147 x=-19.1 y=-10.7 m=follow s=0.522 h=282 r0=1.03 tick=542572 goal=0 d7=0
E t=149 x=-18.9 y=-12.6 m=follow s=0.556 h=274 r0=1.00 tick=542774 goal=0 d7=0
E t=151 x=-18.7 y=-14.3 m=follow s=0.571 h=271 r0=1.00 tick=542983 goal=0 d7=0
E t=153 x=-18.7 y=-15.4 m=follow s=0.585 h=268 r0=0.98 tick=543189 goal=0 d7=0
E t=155 x=-18.8 y=-16.4 m=follow s=0.590 h=264 r0=0.93 tick=543392 goal=0 d7=0
E t=157 x=-18.9 y=-17.5 m=follow s=0.590 h=265 r0=0.90 tick=543594 goal=0 d7=0
E t=159 x=-19.0 y=-18.5 m=follow s=0.592 h=263 r0=0.87 tick=543798 goal=0 d7=0
E t=161 x=-19.1 y=-19.5 m=follow s=0.593 h=261 r0=0.84 tick=544000 goal=0 d7=0
E t=163 x=-19.2 y=-20.6 m=follow s=0.593 h=267 r0=0.82 tick=544205 goal=0 d7=0
E t=165 x=-19.3 y=-21.7 m=follow s=0.585 h=266 r0=0.78 tick=544406 goal=0 d7=0
E t=167 x=-19.4 y=-22.7 m=follow s=0.583 h=268 r0=0.77 tick=544608 goal=0 d7=0
E t=169 x=-19.4 y=-23.7 m=follow s=0.587 h=270 r0=0.73 tick=544812 goal=0 d7=0
E t=171 x=-19.3 y=-24.8 m=follow s=0.584 h=270 r0=0.71 tick=545016 goal=0 d7=0
E t=173 x=-19.3 y=-25.8 m=follow s=0.576 h=273 r0=0.67 tick=545221 goal=0 d7=0
E t=175 x=-19.2 y=-26.9 m=follow s=0.570 h=271 r0=0.65 tick=545422 goal=0 d7=0
E t=177 x=-19.0 y=-28.5 m=follow s=0.569 h=277 r0=0.60 tick=545623 goal=0 d7=0
E t=179 x=-18.8 y=-29.6 m=follow s=0.576 h=284 r0=0.52 tick=545831 goal=0 d7=0
E t=181 x=-18.5 y=-30.6 m=follow s=0.593 h=284 r0=0.47 tick=546034 goal=0 d7=0
E t=183 x=-18.2 y=-31.6 m=follow s=0.591 h=287 r0=0.47 tick=546236 goal=0 d7=0
E t=185 x=-17.9 y=-32.6 m=follow s=0.581 h=286 r0=0.45 tick=546436 goal=0 d7=0
E t=188 x=-17.8 y=-33.7 m=follow s=0.578 h=279 r0=0.43 tick=546640 goal=0 d7=0
E t=190 x=-17.6 y=-34.7 m=follow s=0.583 h=276 r0=0.42 tick=546841 goal=0 d7=0
E t=192 x=-17.5 y=-35.8 m=follow s=0.585 h=270 r0=0.39 tick=547050 goal=0 d7=0
E t=194 x=-17.4 y=-36.8 m=follow s=0.593 h=270 r0=0.36 tick=547252 goal=0 d7=0
E t=196 x=-17.4 y=-37.8 m=follow s=0.614 h=273 r0=0.33 tick=547453 goal=0 d7=0
E t=198 x=-17.4 y=-37.9 m=turn s=0.637 h=336 r0=0.87 tick=547653 goal=0 d7=0
E t=200 x=-15.5 y=-38.3 m=follow s=0.624 h=342 r0=0.73 tick=547852 goal=0 d7=0
E t=202 x=-13.3 y=-39.0 m=follow s=0.615 h=341 r0=0.67 tick=548068 goal=0 d7=0
E t=204 x=-11.2 y=-39.8 m=follow s=0.619 h=338 r0=0.63 tick=548272 goal=0 d7=0
E t=206 x=-10.2 y=-40.1 m=follow s=0.625 h=338 r0=0.61 tick=548476 goal=0 d7=0
E t=208 x=-9.1 y=-40.7 m=follow s=0.633 h=329 r0=0.60 tick=548676 goal=0 d7=0
E t=210 x=-8.2 y=-41.2 m=follow s=0.664 h=325 r0=0.58 tick=548881 goal=0 d7=0
E t=212 x=-7.4 y=-41.9 m=follow s=0.679 h=317 r0=0.71 tick=549084 goal=0 d7=0
E t=214 x=-6.7 y=-42.6 m=follow s=0.692 h=308 r0=0.80 tick=549291 goal=0 d7=0
E t=216 x=-6.1 y=-43.6 m=follow s=0.703 h=296 r0=0.71 tick=549497 goal=0 d7=0
E t=218 x=-5.9 y=-43.9 m=turn s=0.717 h=296 r0=0.70 tick=549705 goal=0 d7=0
E t=220 x=-5.7 y=-44.0 m=follow s=0.726 h=347 r0=0.39 tick=549909 goal=0 d7=0
E t=222 x=-4.8 y=-44.4 m=follow s=0.729 h=319 r0=0.59 tick=550112 goal=0 d7=0
E t=224 x=-4.1 y=-45.3 m=follow s=0.738 h=303 r0=0.66 tick=550320 goal=0 d7=0
E t=226 x=-3.7 y=-46.3 m=follow s=0.750 h=277 r0=0.55 tick=550524 goal=0 d7=0
E t=228 x=-3.9 y=-47.3 m=follow s=0.753 h=243 r0=0.61 tick=550729 goal=0 d7=0
E t=230 x=-3.7 y=-47.3 m=turn s=0.740 h=236 r0=0.66 tick=550935 goal=0 d7=0
E t=232 x=-3.7 y=-47.5 m=follow s=0.736 h=290 r0=0.58 tick=551136 goal=0 d7=0
E t=234 x=-3.7 y=-48.5 m=follow s=0.746 h=256 r0=0.48 tick=551337 goal=0 d7=0
E t=237 x=-4.4 y=-49.4 m=follow s=0.768 h=216 r0=0.82 tick=551543 goal=0 d7=0
E t=239 x=-5.8 y=-49.9 m=follow s=0.794 h=191 r0=2.15 tick=551744 goal=0 d7=0
!!! t=240 d9=tick=551926 goal=0 d7=1 ATGOAL-PARKING
G 240 d9=tick=551929 goal=0 d7=0 s=0.836
G 242 d9=tick=552128 goal=0 d7=0 s=0.842
G 244 d9=tick=552329 goal=0 d7=0 s=0.871
G 246 d9=tick=552530 goal=0 d7=0 s=0.905
RXg 'ALPHA: following your beacon. goalflag=0'
G 248 d9=tick=552730 goal=0 d7=0 s=0.9
RXg 'ALPHA: following your beacon. goalflag=0'
G 250 d9=tick=552930 goal=0 d7=0 s=0.902
RXg 'ALPHA: following your beacon. goalflag=0'
G 252 d9=tick=553129 goal=0 d7=0 s=0.897
RXg 'ALPHA: following your beacon. goalflag=0'
G 254 d9= d7=0 s=0.886
RXg 'ALPHA: following your beacon. goalflag=0'
G 256 d9=tick=553531 goal=0 d7=0 s=0.903
RXg 'ALPHA: following your beacon. goalflag=0'
G 258 d9=tick=553730 goal=0 d7=0 s=0.907
RXg 'ALPHA: following your beacon. goalflag=0'
G 260 d9=tick=553931 goal=0 d7=0 s=0.904
RXg 'ALPHA: following your beacon. goalflag=0'
G 262 d9=tick=554131 goal=0 d7=0 s=0.89
RXg 'ALPHA: following your beacon. goalflag=0'
G 264 d9=tick=554332 goal=0 d7=0 s=0.917
RXg 'ALPHA: following your beacon. goalflag=0'
G 266 d9=tick=554532 goal=0 d7=0 s=0.909
RXg 'ALPHA: following your beacon. goalflag=0'
G 268 d9=tick=554732 goal=0 d7=0 s=0.909
RXg 'ALPHA: following your beacon. goalflag=0'
G 270 d9=tick=554932 goal=0 d7=0 s=0.899
RXg 'ALPHA: following your beacon. goalflag=0'
G 272 d9=tick=555132 goal=0 d7=0 s=0.894
RXg 'ALPHA: following your beacon. goalflag=0'
G 274 d9=tick=555332 goal=0 d7=0 s=None
RXg 'ALPHA: following your beacon. goalflag=0'
G 276 d9=tick=555532 goal=0 d7=0 s=0.91
RXg 'ALPHA: following your beacon. goalflag=0'
G 278 d9=tick=555732 goal=0 d7=0 s=0.877
RXg 'ALPHA: following your beacon. goalflag=0'
G 280 d9=tick=555933 goal=0 d7=0 s=0.886
RXg 'ALPHA: following your beacon. goalflag=0'
G 282 d9=tick=556132 goal=0 d7=0 s=0.889
RXg 'ALPHA: following your beacon. goalflag=0'
G 284 d9=tick=556333 goal=0 d7=0 s=0.892
RXg 'ALPHA: following your beacon. goalflag=0'
G 286 d9=tick=556534 goal=0 d7=0 s=0.863
RXg 'ALPHA: following your beacon. goalflag=0'
G 288 d9=tick=556734 goal=0 d7=0 s=0.87
RXg 'ALPHA: following your beacon. goalflag=0'
G 290 d9=tick=556933 goal=0 d7=0 s=None
RXg 'ALPHA: following your beacon. goalflag=0'
G 292 d9=tick=557134 goal=0 d7=0 s=0.879
RXg 'ALPHA: following your beacon. goalflag=0'
G 294 d9=tick=557334 goal=0 d7=0 s=0.893
RXg 'ALPHA: following your beacon. goalflag=0'
G 296 d9=tick=557534 goal=0 d7=0 s=0.894
RXg 'ALPHA: following your beacon. goalflag=0'
G 298 d9=tick=557734 goal=0 d7=0 s=0.899
RXg 'ALPHA: following your beacon. goalflag=0'
G 300 d9=tick=557934 goal=0 d7=0 s=0.894
RXg 'ALPHA: following your beacon. goalflag=0'
G 302 d9=tick=558135 goal=0 d7=0 s=0.902
RXg 'ALPHA: following your beacon. goalflag=0'
G 304 d9=tick=558335 goal=0 d7=0 s=0.915
RXg 'ALPHA: following your beacon. goalflag=0'
G 306 d9=tick=558535 goal=0 d7=0 s=0.89
RXg 'ALPHA: following your beacon. goalflag=0'
G 308 d9=tick=558735 goal=0 d7=0 s=0.9
RXg 'ALPHA: following your beacon. goalflag=0'
G 310 d9= d7=0 s=0.909
RXg 'ALPHA: following your beacon. goalflag=0'
G 312 d9=tick=559135 goal=0 d7=0 s=0.87
RXg 'ALPHA: following your beacon. goalflag=0'
G 314 d9=tick=559335 goal=0 d7=0 s=0.854
G 316 d9=tick=559536 goal=0 d7=0 s=0.845
G 318 d9=tick=559736 goal=0 d7=0 s=0.871
RXg 'ALPHA: following your beacon. goalflag=0'
G 320 d9=tick=559936 goal=0 d7=0 s=0.886
RXg 'ALPHA: following your beacon. goalflag=0'
G 322 d9=tick=560136 goal=0 d7=0 s=0.877
RXg 'ALPHA: following your beacon. goalflag=0'
G 324 d9=tick=560336 goal=0 d7=0 s=0.857
RXg 'ALPHA: following your beacon. goalflag=0'
G 327 d9=tick=560533 goal=0 d7=0 s=0.851
G 329 d9=tick=560729 goal=0 d7=0 s=0.823
G 331 d9=tick=560940 goal=0 d7=0 s=0.818
G 333 d9=tick=561139 goal=0 d7=0 s=0.831
G 335 d9=tick=561340 goal=0 d7=0 s=0.818
G 337 d9=tick=561540 goal=0 d7=0 s=0.791
G 339 d9=tick=561740 goal=0 d7=0 s=0.816
G 341 d9=tick=561941 goal=0 d7=0 s=0.811
G 343 d9=tick=562141 goal=0 d7=0 s=0.814
G 345 d9=tick=562341 goal=0 d7=0 s=0.809
G 347 d9=tick=562541 goal=0 d7=0 s=0.819
Fri Aug 28 21:59:29 UTC 2026 restarting escort
=== escort start 1787954369.5089712 ===
E t=0 x=0.0 y=0.0 m=follow s=0.797 h=249 r0=0.50 tick=562919 goal=0 d7=0
E t=2 x=-0.7 y=-0.8 m=follow s=0.827 h=217 r0=0.70 tick=563119 goal=0 d7=0
E t=4 x=-1.5 y=-1.4 m=follow s=0.824 h=216 r0=0.72 tick=563321 goal=0 d7=0
E t=6 x=-2.3 y=-2.0 m=follow s=0.825 h=214 r0=0.88 tick=563524 goal=0 d7=0
E t=8 x=-3.3 y=-2.6 m=follow s=0.824 h=208 r0=0.84 tick=563733 goal=0 d7=0
E t=10 x=-4.0 y=-3.0 m=backup s=0.833 h=207 r0=0.83 tick=563941 goal=0 d7=0
E t=12 x=-3.5 y=-2.7 m=turn s=0.834 h=260 r0=0.41 tick=564149 goal=0 d7=0
E t=14 x=-3.6 y=-3.5 m=follow s=0.835 h=252 r0=0.41 tick=564353 goal=0 d7=0
E t=16 x=-4.3 y=-4.3 m=follow s=0.837 h=211 r0=0.76 tick=564560 goal=0 d7=0
E t=19 x=-5.2 y=-4.7 m=follow s=0.839 h=195 r0=1.15 tick=564774 goal=0 d7=0
E t=21 x=-6.2 y=-5.0 m=follow s=0.839 h=194 r0=1.39 tick=564976 goal=0 d7=0
E t=23 x=-8.2 y=-5.4 m=follow s=0.843 h=189 r0=1.88 tick=565182 goal=0 d7=0
RXe t=23 'ALPHA: following your beacon. goalflag=0'
E t=25 x=-10.5 y=-5.7 m=follow s=0.858 h=184 r0=1.78 tick=565386 goal=0 d7=0
E t=27 x=-12.9 y=-5.9 m=follow s=0.862 h=187 r0=1.66 tick=565585 goal=0 d7=0
E t=29 x=-14.2 y=-6.0 m=follow s=0.861 h=185 r0=1.62 tick=565788 goal=0 d7=0
RXe t=29 'ALPHA: following your beacon. goalflag=0'
E t=31 x=-16.6 y=-6.3 m=follow s=0.865 h=187 r0=1.57 tick=565996 goal=0 d7=0
RXe t=31 'ALPHA: following your beacon. goalflag=0'
E t=33 x=-18.8 y=-6.4 m=follow s=0.868 h=178 r0=1.59 tick=566197 goal=0 d7=0
RXe t=33 'ALPHA: following your beacon. goalflag=0'
E t=35 x=-20.0 y=-6.4 m=follow s=0.874 h=178 r0=1.51 tick=566402 goal=0 d7=0
RXe t=35 'ALPHA: following your beacon. goalflag=0'
E t=37 x=-21.0 y=-6.3 m=follow s=0.879 h=175 r0=1.50 tick=566609 goal=0 d7=0
RXe t=37 'ALPHA: following your beacon. goalflag=0'
E t=39 x=-22.1 y=-6.2 m=follow s=0.875 h=173 r0=2.00 tick=566816 goal=0 d7=0
E t=41 x=-23.2 y=-6.1 m=follow s=0.865 h=173 r0=1.97 tick=567018 goal=0 d7=0
E t=43 x=-24.2 y=-5.9 m=follow s=0.853 h=175 r0=1.41 tick=567225 goal=0 d7=0
E t=45 x=-25.3 y=-5.9 m=follow s=0.849 h=178 r0=1.37 tick=567427 goal=0 d7=0
E t=47 x=-26.3 y=-5.9 m=follow s=0.847 h=182 r0=1.33 tick=567629 goal=0 d7=0
E t=49 x=-28.2 y=-6.0 m=follow s=0.849 h=182 r0=1.27 tick=567833 goal=0 d7=0
E t=51 x=-30.2 y=-6.1 m=follow s=0.850 h=180 r0=1.25 tick=568037 goal=0 d7=
E t=53 x=-31.3 y=-6.2 m=follow s=0.851 h=182 r0=1.20 tick=568242 goal=0 d7=0
E t=55 x=-32.4 y=-6.2 m=follow s=0.853 h=185 r0=1.13 tick=568451 goal=0 d7=0
E t=57 x=-33.4 y=-6.3 m=follow s=0.852 h=184 r0=1.08 tick=568657 goal=0 d7=0
RXe t=59 'ALPHA: following your beacon. goalflag=0'
E t=59 x=-33.0 y=-6.3 m=turn s=0.853 h=214 r0=0.62 tick=568860 goal=0 d7=0
RXe t=61 'ALPHA: following your beacon. goalflag=0'
E t=61 x=-33.1 y=-6.4 m=turn s=0.870 h=268 r0=0.27  d7=0
RXe t=63 'ALPHA: following your beacon. goalflag=0'
E t=63 x=-32.9 y=-6.6 m=follow s=0.877 h=321 r0=0.45 tick=569266 goal=0 d7=
E t=66 x=-32.1 y=-7.3 m=follow s=0.867 h=315 r0=0.36 tick=569474 goal=0 d7=0
E t=68 x=-31.3 y=-8.1 m=follow s=0.861 h=309 r0=0.35 tick=569683 goal=0 d7=0
E t=70 x=-31.1 y=-8.4 m=turn s=0.852 h=352 r0=1.28 tick=569889 goal=0 d7=0
E t=72 x=-30.6 y=-8.2 m=follow s=0.846 h=17 r0=1.31 tick=570091 goal=0 d7=0
E t=74 x=-29.6 y=-8.1 m=follow s=0.843 h=3 r0=1.27 tick=570292 goal=0 d7=0
E t=76 x=-27.3 y=-8.1 m=follow s=0.839 h=358 r0=1.24 tick=570496 goal=0 d7=
E t=78 x=-25.9 y=-8.2 m=follow s=0.838 h=355 r0=1.21 tick=570698 goal=0 d7=0
E t=80 x=-24.9 y=-8.4 m=follow s=0.847 h=350 r0=0.82 tick=570901 goal=0 d7=0
RXe t=82 'ALPHA: following your beacon. goalflag=0'
E t=82 x=-23.9 y=-8.6 m=follow s=0.859 h=347 r0=0.69 tick=571103 goal=0 d7=0
RXe t=84 'ALPHA: following your beacon. goalflag=0'
E t=84 x=-22.9 y=-8.9 m=follow s=0.885 h=342 r0=0.61 tick=571304 goal=0 d7=0
RXe t=86 'ALPHA: following your beacon. goalflag=0'
E t=86 x=-22.9 y=-8.9 m=turn s=0.893 h=42 r0=0.36 tick=571508 goal=0 d7=0
RXe t=88 'ALPHA: following your beacon. goalflag=0'
E t=88 x=-22.8 y=-8.8 m=turn s=0.885 h=112 r0=0.32 tick=571707 goal=0 d7=0
RXe t=90 'ALPHA: following your beacon. goalflag=0'
E t=90 x=-23.3 y=-8.2 m=turn s=0.883 h=136 r0=0.36 tick=571916 goal=0 d7=0
RXe t=92 'ALPHA: following your beacon. goalflag=0'
E t=92 x=-23.4 y=-8.3 m=follow s=0.886 h=203 r0=0.64 tick=572123 goal=0 d7=0
RXe t=94 'ALPHA: following your beacon. goalflag=0'
E t=94 x=-24.7 y=-8.5 m=follow s=0.891 h=187 r0=1.39 tick=572325 goal=0 d7=0
RXe t=96 'ALPHA: following your beacon. goalflag=0'
E t=96 x=-26.8 y=-8.5 m=follow s=0.894 h=177 r0=1.35 tick=572527 goal=0 d7=0
RXe t=98 'ALPHA: following your beacon. goalflag=0'
E t=98 x=-28.2 y=-8.4 m=follow s=0.891 h=173 r0=1.82 tick=572731 goal=0 d7=0
RXe t=100 'ALPHA: following your beacon. goalflag=0'
E t=100 x=-29.2 y=-8.2 m=follow s=0.893 h=174 r0=1.79 tick=572933 goal=0 d7=0
RXe t=102 'ALPHA: following your beacon. goalflag=0'
E t=102 x=-30.2 y=-8.0 m=follow s=0.903 h=168 r0=1.76 tick=573140 goal=0 d7=0
RXe t=104 'ALPHA: following your beacon. goalflag=0'
E t=104 x=-31.2 y=-7.7 m=follow s=0.905 h=161 r0=0.69 tick=573347 goal=0 d7=0
RXe t=106 'ALPHA: following your beacon. goalflag=0'
E t=106 x=-32.2 y=-7.4 m=follow s=0.891 h=166 r0=0.60 tick=573549 goal=0 d7=0
E t=108 x=-33.2 y=-7.1 m=follow s=0.864 h=161 r0=0.57 tick=573755 goal=0 d7=0
E t=110 x=-34.0 y=-6.9 m=turn s=0.853 h=176 r0=1.11 tick=573959 goal=0 d7=0
E t=112 x=-34.1 y=-7.0 m=follow s=0.841 h=236 r0=0.40 tick=574161 goal=0 d7=0
E t=114 x=-35.0 y=-7.6 m=follow s=0.823 h=200 r0=0.83 tick=574367 goal=0 d7=0
E t=117 x=-36.0 y=-7.8 m=follow s=0.810 h=188 r0=1.05 tick=574571 goal=0 d7=0
E t=119 x=-37.3 y=-7.9 m=follow s=0.811 h=176 r0=1.08 tick=574775 goal=0 d7=0
E t=121 x=-38.3 y=-7.8 m=follow s=0.817 h=173 r0=1.00 tick=574977 goal=0 d7=0
E t=123 x=-39.3 y=-7.7 m=follow s=0.824 h=169 r0=0.98 tick=575184 goal=0 d7=0
E t=125 x=-40.4 y=-7.5 m=follow s=0.833 h=171 r0=1.48 tick=575392 goal=0 d7=0
E t=127 x=-41.4 y=-7.3 m=follow s=0.837 h=168 r0=1.48 tick=575592 goal=0 d7=0
E t=129 x=-42.4 y=-7.1 m=follow s=0.836 h=169 r0=1.43 tick=575794 goal=0 d7=0
E t=131 x=-43.5 y=-6.9 m=follow s=0.836 h=172 r0=0.87 tick=575995 goal=0 d7=0
E t=133 x=-44.6 y=-6.7 m=follow s=0.847 h=176 r0=0.84 tick=576198 goal=0 d7=0
E t=135 x=-47.0 y=-6.6 m=follow s=0.843 h=180 r0=0.79 tick=576399 goal=0 d7=0
E t=137 x=-49.3 y=-6.6 m=follow s=0.806 h=187 r0=0.70 tick=576607 goal=0 d7=0
E t=139 x=-51.7 y=-6.4 m=follow s=0.800 h=169 r0=0.62 tick=576808 goal=0 d7=0
E t=141 x=-53.8 y=-5.7 m=follow s=0.796 h=152 r0=1.18 tick=577010 goal=0 d7=0
E t=143 x=-54.9 y=-4.9 m=follow s=0.796 h=142 r0=1.28 tick=577216 goal=0 d7=0
E t=145 x=-56.7 y=-3.4 m=follow s=0.794 h=136 r0=1.42 tick=577418 goal=0 d7=0
E t=147 x=-57.6 y=-2.5 m=follow s=0.791 h=132 r0=1.38 tick=577620 goal=0 d7=0
E t=149 x=-58.3 y=-1.7 m=follow s=0.785 h=130 r0=0.67 tick=577827 goal=0 d7=0
E t=151 x=-58.9 y=-0.9 m=follow s=0.788 h=123 r0=0.60 tick=578028 goal=0 d7=0
E t=153 x=-59.5 y=-0.0 m=follow s=0.795 h=118 r0=0.56 tick=578230 goal=0 d7=0
E t=155 x=-60.0 y=0.9 m=follow s=0.788 h=116 r0=0.49 tick=578431 goal=0 d7=0
E t=157 x=-60.4 y=1.9 m=follow s=0.768 h=108 r0=0.41 tick=578637 goal=0 d7=0
E t=159 x=-60.7 y=2.9 m=follow s=0.756 h=106 r0=0.37 tick=578839 goal=0 d7=0
E t=161 x=-60.9 y=3.9 m=follow s=0.736 h=103 r0=0.35 tick=579039 goal=0 d7=0
E t=163 x=-61.1 y=4.9 m=follow s=0.704 h=104 r0=0.34 tick=579240 goal=0 d7=0
E t=165 x=-61.3 y=5.8 m=turn s=0.695 h=112 r0=0.30 tick=579440 goal=0 d7=0
E t=167 x=-61.5 y=5.8 m=follow s=0.700 h=173 r0=0.82 tick=579650 goal=0 d7=0
E t=169 x=-63.8 y=6.3 m=follow s=0.709 h=161 r0=0.81 tick=579852 goal=0 d7=0
E t=171 x=-66.1 y=7.3 m=follow s=0.710 h=153 r0=0.83 tick=580060 goal=0 d7=0
E t=173 x=-68.2 y=8.6 m=follow s=0.702 h=148 r0=0.80 tick=580262 goal=0 d7=0
E t=176 x=-70.3 y=9.9 m=follow s=0.692 h=150 r0=0.70 tick=580470 goal=0 d7=0
E t=178 x=-71.6 y=10.8 m=follow s=0.677 h=145 r0=0.67 tick=580677 goal=0 d7=0
E t=180 x=-72.4 y=11.4 m=follow s=0.675 h=140 r0=0.77 tick=580877 goal=0 d7=0
E t=182 x=-73.6 y=13.0 m=follow s=0.677 h=112 r0=0.59 tick=581088 goal=0 d7=0
E t=184 x=-73.6 y=12.9 m=turn s=0.665 h=117 r0=0.59 tick=581291 goal=0 d7=0
E t=186 x=-73.8 y=12.9 m=follow s=0.642 h=181 r0=0.48 tick=581493 goal=0 d7=0
E t=188 x=-74.7 y=13.3 m=follow s=0.645 h=142 r0=0.58 tick=581698 goal=0 d7=0
E t=190 x=-75.4 y=14.0 m=follow s=0.649 h=117 r0=0.62 tick=581901 goal=0 d7=0
E t=192 x=-75.6 y=15.1 m=follow s=0.651 h=81 r0=1.11 tick=582103 goal=0 d7=0
E t=194 x=-75.7 y=14.8 m=turn s=0.653 h=82 r0=1.10 tick=582305 goal=0 d7=0
E t=196 x=-75.9 y=15.0 m=follow s=0.655 h=131 r0=0.68 tick=582508 goal=0 d7=0
E t=198 x=-76.2 y=16.0 m=follow s=0.663 h=91 r0=0.52 tick=582709 goal=0 d7=0
E t=200 x=-75.8 y=17.1 m=follow s=0.675 h=55 r0=1.20 tick=582911 goal=0 d7=0
E t=202 x=-74.5 y=18.2 m=follow s=0.685 h=25 r0=0.58 tick=583115 goal=0 d7=0
E t=204 x=-74.6 y=18.2 m=turn s=0.685 h=18 r0=0.61 tick=583321 goal=0 d7=0
E t=206 x=-74.6 y=18.4 m=follow s=0.673 h=84 r0=1.01 tick=583525 goal=0 d7=0
E t=208 x=-74.0 y=19.7 m=follow s=0.652 h=57 r0=1.12 tick=583728 goal=0 d7=0
E t=210 x=-73.3 y=20.6 m=follow s=0.653 h=36 r0=0.62 tick=583930 goal=0 d7=0
E t=212 x=-72.4 y=21.1 m=follow s=0.664 h=30 r0=0.52 tick=584131 goal=0 d7=0
E t=214 x=-71.5 y=21.6 m=follow s=0.659 h=25 r0=0.48 tick=584332 goal=0 d7=0
E t=216 x=-70.5 y=22.1 m=follow s=0.652 h=25 r0=0.44 tick=584535 goal=0 d7=0
E t=218 x=-69.6 y=22.5 m=follow s=0.647 h=24 r0=0.41 tick=584736 goal=0 d7=0
E t=220 x=-68.6 y=22.9 m=follow s=0.639 h=18 r0=0.38 tick=584940 goal=0 d7=0
E t=222 x=-67.6 y=23.2 m=follow s=0.632 h=16 r0=0.39 tick=585141 goal=0 d7=0
E t=224 x=-66.5 y=23.4 m=follow s=0.629 h=11 r0=0.34 tick=585347 goal=0 d7=0
E t=226 x=-65.9 y=23.5 m=turn s=0.616 h=33 r0=0.31 tick=585554 goal=0 d7=0
E t=228 x=-65.8 y=24.2 m=follow s=0.603 h=80 r0=0.79 tick=585754 goal=0 d7=0
E t=230 x=-65.2 y=26.5 m=follow s=0.609 h=75 r0=0.77 tick=585954 goal=0 d7=0
E t=232 x=-64.5 y=29.0 m=follow s=0.608 h=70 r0=0.71 tick=586162 goal=0 d7=0
E t=234 x=-63.7 y=31.2 m=follow s=0.587 h=69 r0=0.67 tick=586364 goal=0 d7=0
E t=237 x=-63.2 y=32.3 m=follow s=0.571 h=60 r0=0.65 tick=586569 goal=0 d7=0
E t=239 x=-62.6 y=33.3 m=follow s=0.547 h=60 r0=0.62 tick=586771 goal=0 d7=0
E t=241 x=-62.0 y=34.2 m=follow s=0.527 h=54 r0=0.60 tick=586979 goal=0 d7=0
E t=243 x=-61.3 y=34.9 m=follow s=0.518 h=51 r0=0.74 tick=587183 goal=0 d7=
E t=245 x=-60.6 y=35.7 m=follow s=0.516 h=44 r0=0.73 tick=587390 goal=0 d7=0
E t=247 x=-59.9 y=36.5 m=follow s=0.518 h=44 r0=1.57 tick=587597 goal=0 d7=0
E t=249 x=-59.0 y=37.1 m=follow s=0.519 h=34 r0=1.76 tick=587798 goal=0 d7=0
E t=251 x=-58.0 y=37.8 m=follow s=0.520 h=29 r0=1.72 tick=588004 goal=0 d7=0
E t=253 x=-55.8 y=39.0 m=follow s=0.521 h=25 r0=1.05 tick=588210 goal=0 d7=0
E t=255 x=-53.5 y=39.8 m=follow s=0.526 h=19 r0=0.95 tick=588417 goal=0 d7=0
E t=257 x=-51.1 y=40.6 m=follow s=0.531 h=19 r0=0.87 tick=588622 goal=0 d7=0
E t=259 x=-48.7 y=41.3 m=follow s=0.514 h=9 r0=0.73 tick=588831 goal=0 d7=0
E t=261 x=-46.2 y=41.7 m=follow s=0.501 h=5 r0=0.68 tick=589036 goal=0 d7=0
E t=263 x=-43.7 y=41.6 m=follow s=0.497 h=354 r0=0.65 tick=589241 goal=0 d7=
E t=265 x=-42.0 y=41.2 m=follow s=0.491 h=339 r0=0.61 tick=589448 goal=0 d7=0
E t=267 x=-40.6 y=40.6 m=follow s=0.490 h=331 r0=0.69 tick=589653 goal=0 d7=0
E t=269 x=-39.8 y=40.1 m=follow s=0.487 h=324 r0=0.67 tick=589855 goal=0 d7=0
E t=271 x=-38.8 y=39.3 m=follow s=0.486 h=316 r0=0.77 tick=590062 goal=0 d7=0
E t=273 x=-37.9 y=38.1 m=backup s=0.497 h=295 r0=0.65 tick=590265 goal=0 d7=0
E t=275 x=-38.1 y=38.4 m=turn s=0.522 h=346 r0=0.48  d7=0
E t=278 x=-37.3 y=38.3 m=follow s=0.526 h=340 r0=0.50 tick=590669 goal=0 d7=0
E t=280 x=-36.4 y=37.7 m=follow s=0.528 h=315 r0=0.61 tick=590871 goal=0 d7=0
E t=282 x=-35.9 y=36.8 m=follow s=0.533 h=281 r0=0.54 tick=591073 goal=0 d7=0
E t=284 x=-35.9 y=36.0 m=backup s=0.544 h=247 r0=1.14 tick=591281 goal=0 d7=0
E t=286 x=-35.8 y=36.4 m=turn s=0.551 h=298 r0=0.56 tick=591483 goal=0 d7=0
E t=288 x=-35.4 y=35.7 m=follow s=0.557 h=286 r0=0.53 tick=591686 goal=0 d7=0
E t=290 x=-35.5 y=34.6 m=follow s=0.567 h=244 r0=1.12 tick=591894 goal=0 d7=0
E t=292 x=-36.9 y=33.0 m=follow s=0.579 h=218 r0=0.65 tick=592093 goal=0 d7=0
E t=294 x=-38.0 y=32.3 m=follow s=0.594 h=208 r0=0.54 tick=592293 goal=0 d7=0
E t=296 x=-39.0 y=31.8 m=follow s=0.607 h=206 r0=0.51 tick=592497 goal=0 d7=0
E t=298 x=-39.9 y=31.3 m=follow s=0.613 h=209 r0=0.48 tick=592703 goal=0 d7=0
E t=300 x=-40.8 y=30.8 m=follow s=0.616 h=204 r0=0.44 tick=592909 goal=0 d7=0
E t=302 x=-41.8 y=30.4 m=follow s=0.619 h=203 r0=0.42 tick=593115 goal=0 d7=0
E t=304 x=-42.8 y=30.0 m=follow s=0.623 h=201 r0=0.37 tick=593321 goal=0 d7=0
E t=306 x=-43.8 y=29.7 m=follow s=0.621 h=196 r0=0.35 tick=593522 goal=0 d7=0
E t=308 x=-43.7 y=29.7 m=turn s=0.615 h=204 r0=0.34  d7=0
E t=310 x=-43.8 y=29.4 m=follow s=0.608 h=263 r0=0.79 tick=593935 goal=0 d7=0
E t=312 x=-44.1 y=28.2 m=follow s=0.593 h=249 r0=0.90 tick=594141 goal=0 d7=0
E t=314 x=-44.5 y=27.2 m=follow s=0.595 h=238 r0=0.68 tick=594342 goal=0 d7=0
E t=316 x=-45.1 y=26.4 m=follow s=0.635 h=235 r0=0.43 tick=594542 goal=0 d7=0
E t=318 x=-45.3 y=26.2 m=turn s=0.639 h=278 r0=0.77 tick=594743 goal=0 d7=0
E t=320 x=-44.9 y=25.5 m=follow s=0.636 h=288 r0=0.73 tick=594946 goal=0 d7=0
E t=322 x=-44.7 y=23.1 m=follow s=0.637 h=264 r0=0.62 tick=595150 goal=0 d7=0
E t=324 x=-44.8 y=21.5 m=follow s=0.648 h=259 r0=0.60 tick=595350 goal=0 d7=0
E t=326 x=-45.1 y=20.5 m=follow s=0.655 h=252 r0=0.63 tick=595552 goal=0 d7=0
E t=328 x=-45.4 y=19.6 m=follow s=0.656 h=249 r0=0.63  d7=0
E t=330 x=-45.9 y=18.6 m=follow s=0.649 h=243 r0=0.60 tick=595959 goal=0 d7=0
E t=332 x=-46.1 y=18.2 m=turn s=0.631 h=282 r0=0.51 tick=596165 goal=0 d7=0
E t=334 x=-45.7 y=17.9 m=follow s=0.631 h=310 r0=0.63 tick=596366 goal=0 d7=0
E t=336 x=-45.2 y=17.0 m=follow s=0.659 h=290 r0=0.49  d7=0
E t=339 x=-45.0 y=15.9 m=follow s=0.665 h=272 r0=0.44 tick=596769 goal=0 d7=0
E t=341 x=-45.1 y=14.9 m=follow s=0.664 h=262 r0=0.39 tick=596970 goal=0 d7=0
E t=343 x=-45.4 y=13.9 m=follow s=0.659 h=250 r0=0.44 tick=597173 goal=0 d7=0
E t=345 x=-45.8 y=13.0 m=follow s=0.649 h=245 r0=0.44 tick=597375 goal=0 d7=0
E t=347 x=-46.3 y=12.0 m=follow s=0.641 h=241 r0=0.42 tick=597578 goal=0 d7=0
E t=349 x=-46.6 y=11.5 m=turn s=0.634 h=265 r0=0.31 tick=597780 goal=0 d7=0
E t=351 x=-46.4 y=11.3 m=follow s=0.625 h=315 r0=0.39 tick=597982 goal=0 d7=0
E t=353 x=-45.7 y=10.5 m=follow s=0.608 h=312 r0=0.38 tick=598184 goal=0 d7=0
E t=355 x=-45.0 y=9.7 m=follow s=0.608 h=308 r0=0.32 tick=598387 goal=0 d7=0
E t=357 x=-44.8 y=9.4 m=turn s=0.626 h=351 r0=0.73 tick=598589 goal=0 d7=0
E t=359 x=-44.2 y=9.6 m=follow s=0.623 h=19 r0=0.72 tick=598791 goal=0 d7=0
E t=361 x=-42.8 y=9.8 m=follow s=0.613 h=2 r0=0.73 tick=598993 goal=0 d7=0
E t=363 x=-40.8 y=9.7 m=follow s=0.604 h=352 r0=0.62 tick=599193 goal=0 d7=0
E t=365 x=-39.8 y=9.5 m=follow s=0.609 h=347 r0=0.58 tick=599397 goal=0 d7=0
E t=367 x=-38.8 y=9.2 m=follow s=0.613 h=346 r0=0.59 tick=599600 goal=0 d7=0
E t=369 x=-37.8 y=8.9 m=follow s=0.602 h=345 r0=0.56 tick=599801 goal=0 d7=0
E t=371 x=-37.3 y=8.7 m=turn s=0.597 h=10 r0=0.55 tick=600010 goal=0 d7=0
E t=373 x=-37.2 y=8.7 m=turn s=0.596 h=76 r0=0.27 tick=600212 goal=0 d7=0
E t=375 x=-37.5 y=9.1 m=follow s=0.587 h=129 r0=0.89 tick=600420 goal=0 d7=0
E t=377 x=-38.7 y=11.0 m=follow s=0.569 h=120 r0=0.79 tick=600623 goal=0 d7=0
E t=379 x=-39.6 y=13.0 m=follow s=0.546 h=102 r0=0.60 tick=600827 goal=0 d7=0
E t=381 x=-39.8 y=14.3 m=follow s=0.526 h=92 r0=0.60 tick=601028 goal=0 d7=0
E t=383 x=-39.8 y=15.4 m=follow s=0.525 h=82 r0=1.56 tick=601238 goal=0 d7=0
E t=385 x=-39.8 y=15.3 m=turn s=0.525 h=85 r0=1.62 tick=601439 goal=0 d7=0
E t=387 x=-40.0 y=15.4 m=follow s=0.523 h=140 r0=0.69 tick=601644 goal=0 d7=
E t=389 x=-40.5 y=16.3 m=follow s=0.530 h=102 r0=0.52 tick=601844 goal=0 d7=0
E t=391 x=-40.3 y=17.3 m=follow s=0.540 h=65 r0=1.09 tick=602052 goal=0 d7=0
E t=393 x=-39.1 y=18.7 m=follow s=0.552 h=40 r0=0.63 tick=602256 goal=0 d7=0
E t=395 x=-38.3 y=19.3 m=follow s=0.565 h=34 r0=0.65 tick=602462 goal=0 d7=0
E t=398 x=-37.4 y=19.8 m=follow s=0.583 h=27 r0=0.57 tick=602668 goal=0 d7=0
E t=400 x=-36.4 y=20.2 m=follow s=0.583 h=23 r0=0.53 tick=602869 goal=0 d7=0
E t=402 x=-35.4 y=20.5 m=follow s=0.577 h=17 r0=0.48 tick=603070 goal=0 d7=0
E t=404 x=-34.4 y=20.8 m=follow s=0.575 h=19 r0=0.48 tick=603271 goal=0 d7=0
E t=406 x=-33.5 y=21.2 m=follow s=0.578 h=24 r0=0.51 tick=603475 goal=0 d7=0
E t=408 x=-32.6 y=21.7 m=follow s=0.581 h=34 r0=0.49 tick=603677 goal=0 d7=0
E t=410 x=-31.7 y=22.3 m=follow s=0.585 h=34 r0=0.47 tick=603877 goal=0 d7=0
E t=412 x=-30.9 y=22.8 m=follow s=0.589 h=33 r0=0.43 tick=604077 goal=0 d7=0
E t=414 x=-30.0 y=23.3 m=follow s=0.598 h=24 r0=0.41 tick=604284 goal=0 d7=0
E t=416 x=-29.2 y=23.7 m=turn s=0.601 h=39 r0=0.40 tick=604491 goal=0 d7=0
E t=418 x=-29.2 y=24.2 m=follow s=0.605 h=96 r0=1.32 tick=604695 goal=0 d7=0
E t=420 x=-29.2 y=25.9 m=follow s=0.605 h=82 r0=1.31 tick=604898 goal=0 d7=0
E t=422 x=-28.9 y=26.9 m=follow s=0.605 h=71 r0=0.79 tick=605098 goal=0 d7=0
E t=424 x=-28.6 y=27.7 m=follow s=0.610 h=65 r0=0.50 tick=605299 goal=0 d7=0
E t=426 x=-28.1 y=28.5 m=turn s=0.615 h=63 r0=0.47 tick=605507 goal=0 d7=0
E t=428 x=-28.1 y=28.5 m=turn s=0.593 h=132 r0=0.92 tick=605715 goal=0 d7=0
E t=430 x=-28.4 y=28.9 m=turn s=0.581 h=156 r0=0.39 tick=605917 goal=0 d7=0
E t=432 x=-29.3 y=28.7 m=follow s=0.582 h=181 r0=0.74 tick=606122 goal=0 d7=0
E t=434 x=-29.7 y=28.8 m=turn s=0.582 h=203 r0=0.67 tick=606326 goal=0 d7=0
E t=436 x=-30.5 y=28.1 m=follow s=0.583 h=216 r0=0.73 tick=606534 goal=0 d7=0
E t=438 x=-32.1 y=27.5 m=follow s=0.593 h=183 r0=0.61 tick=606742 goal=0 d7=0
E t=440 x=-32.8 y=27.5 m=turn s=0.609 h=184 r0=0.58 tick=606942 goal=0 d7=0
E t=442 x=-33.3 y=26.9 m=follow s=0.629 h=226 r0=0.79 tick=607150 goal=0 d7=0
E t=444 x=-34.2 y=26.4 m=follow s=0.635 h=203 r0=0.51 tick=607358 goal=0 d7=0
E t=446 x=-35.2 y=26.2 m=follow s=0.635 h=178 r0=0.52  d7=0
E t=448 x=-35.6 y=26.3 m=turn s=0.631 h=202 r0=0.47 tick=607767 goal=0 d7=0
