1787899708.8,0.00,0.00,72.6,1.04,2.99,0.29,0.43,0.67,2.64,0.64,0.41,0.81,0.75,0.83,0.55,0.41,0.34,0.45,0.56
1787899711.2,0.00,-0.00,86.5,3.00,0.50,0.35,0.56,2.65,0.97,0.40,0.32,0.81,0.80,0.58,0.45,0.35,0.45,0.50,0.82
1787899711.6,0.01,0.19,84.6,3.00,0.50,0.39,0.54,2.64,0.96,0.43,0.34,0.76,0.77,0.57,0.43,0.34,0.43,0.50,0.81
1787899712.2,0.06,0.45,84.4,2.87,0.50,0.20,0.43,1.21,1.30,0.62,0.43,0.81,0.87,0.61,0.41,0.37,0.40,0.48,0.72
1787899712.7,0.10,0.72,85.1,1.65,0.69,0.33,0.17,0.46,2.41,0.77,0.57,0.93,0.93,0.67,0.38,0.40,0.37,0.47,0.64
1787899713.3,0.11,1.00,84.5,2.03,0.59,0.31,0.23,0.16,2.42,0.89,0.69,1.02,1.07,0.57,0.41,0.40,0.35,0.41,0.69
1787899713.7,0.11,1.22,87.0,2.60,0.57,0.28,0.25,0.21,0.17,1.04,0.74,1.10,1.17,0.47,0.42,0.31,0.39,0.38,0.71
1787899714.1,0.11,1.45,85.0,2.50,0.65,0.32,0.22,0.22,0.21,0.23,0.82,1.16,1.23,0.51,0.37,0.34,0.33,0.41,0.67
1787899714.6,0.13,1.67,86.8,2.44,0.58,0.37,0.21,0.21,0.24,0.26,0.86,1.25,1.03,0.54,0.34,0.34,0.27,0.36,0.63
1787899715.0,0.14,1.89,87.3,2.77,0.56,0.32,0.25,0.18,0.23,0.31,0.94,1.34,1.04,0.52,0.37,0.26,0.33,0.40,0.62
1787899715.5,0.14,2.11,84.1,2.32,0.70,0.29,0.28,0.23,0.20,0.32,0.44,1.42,0.97,0.47,0.34,0.30,0.29,0.40,0.66
1787899715.9,0.17,2.33,85.4,2.24,0.64,0.39,0.25,0.25,0.22,0.28,0.48,1.49,0.99,0.47,0.30,0.29,0.30,0.39,0.64
1787899716.4,0.17,2.37,87.4,2.54,0.62,0.34,0.25,0.22,0.28,0.27,0.52,1.58,0.86,0.50,0.32,0.29,0.31,0.35,0.66
1787899716.8,0.17,2.37,87.9,2.89,0.60,0.33,0.25,0.23,0.27,0.30,0.55,1.58,0.86,0.38,0.32,0.29,0.32,0.35,0.66
1787899717.3,0.20,2.55,84.5,2.89,0.58,0.33,0.21,0.23,0.27,0.30,0.53,1.57,0.84,0.37,0.32,0.28,0.31,0.37,0.70
1787899717.7,0.22,2.79,85.9,2.05,0.78,0.31,0.29,0.21,0.26,0.31,0.56,1.67,0.92,0.39,0.28,0.29,0.31,0.34,0.61
1787899718.2,0.23,3.01,84.8,2.00,0.88,0.34,0.23,0.27,0.24,0.34,0.59,1.74,0.96,0.39,0.30,0.28,0.26,0.35,0.55
1787899718.6,0.24,3.23,88.2,1.89,0.83,0.36,0.25,0.23,0.29,0.30,0.49,1.81,1.04,0.40,0.30,0.25,0.23,0.36,0.46
1787899719.0,0.26,3.45,89.2,2.59,0.77,0.35,0.24,0.20,0.29,0.32,0.55,1.89,0.81,0.39,0.31,0.24,0.27,0.37,0.57
1787899719.5,0.27,3.68,88.6,2.11,0.95,0.46,0.26,0.25,0.24,0.37,0.59,1.98,0.70,0.41,0.25,0.25,0.27,0.34,0.49
1787899720.1,0.29,4.00,89.2,2.38,0.87,0.41,0.28,0.25,0.27,0.32,0.67,2.08,0.70,0.33,0.28,0.24,0.28,0.25,0.46
1787899720.6,0.29,4.22,90.1,2.26,0.86,0.44,0.34,0.24,0.29,0.35,0.57,2.17,0.64,0.32,0.27,0.27,0.20,0.33,0.44
1787899721.1,0.28,4.49,89.8,2.19,0.83,0.42,0.31,0.32,0.26,0.35,0.62,2.27,0.69,0.34,0.26,0.18,0.24,0.27,0.56
1787899721.5,0.30,4.71,82.9,1.78,0.96,0.41,0.35,0.32,0.30,0.33,0.69,2.35,0.78,0.35,0.20,0.22,0.23,0.23,0.52
1787899722.0,0.30,4.75,83.8,1.29,0.93,0.54,0.35,0.29,0.35,0.33,0.54,2.41,0.83,0.40,0.22,0.21,0.20,0.21,0.44
1787899722.4,0.30,4.75,86.6,1.29,0.93,0.54,0.34,0.31,0.34,0.34,0.55,2.42,0.82,0.40,0.22,0.22,0.20,0.22,0.44
1787899723.1,0.32,4.92,81.5,1.29,0.93,0.56,0.35,0.30,0.33,0.33,0.57,2.43,0.83,0.37,0.21,0.20,0.20,0.23,0.44
1787899723.8,0.34,5.05,79.0,0.88,1.97,0.55,0.45,0.32,0.32,0.43,0.58,2.10,0.94,0.29,0.23,0.17,0.16,0.24,0.34
1787899726.1,0.34,5.04,95.4,1.93,0.63,0.46,0.32,0.34,0.37,0.42,1.15,1.75,0.30,0.26,0.18,0.16,0.21,0.34,0.53
1787899726.5,0.32,5.23,94.3,1.95,0.63,0.50,0.32,0.33,0.39,0.42,1.13,1.75,0.32,0.27,0.18,0.17,0.19,0.33,0.54
1787899726.9,0.31,5.45,98.8,1.85,0.69,0.45,0.31,0.32,0.35,0.47,0.98,1.85,0.35,0.23,0.17,0.18,0.25,0.30,0.70
1787899727.4,0.30,5.67,94.1,1.79,0.66,0.40,0.38,0.27,0.36,0.52,0.81,2.71,0.42,0.21,0.20,0.23,0.24,0.26,0.66
1787899727.8,0.28,5.89,93.7,1.75,0.61,0.41,0.33,0.34,0.32,0.43,0.81,2.77,0.47,0.22,0.23,0.24,0.21,0.24,0.61
1787899728.4,0.25,6.17,96.4,1.66,0.69,0.39,0.30,0.33,0.34,0.45,0.70,2.84,0.56,0.30,0.26,0.21,0.18,0.24,0.52
1787899728.8,0.23,6.39,98.2,1.55,0.60,0.41,0.31,0.29,0.37,0.41,0.78,2.96,0.40,0.32,0.20,0.18,0.19,0.32,0.70
1787899729.3,0.21,6.62,95.2,1.49,0.71,0.37,0.29,0.29,0.36,0.41,0.82,3.00,0.46,0.33,0.19,0.19,0.22,0.35,0.67
1787899729.7,0.19,6.83,93.6,1.38,0.65,0.34,0.32,0.26,0.29,0.48,0.90,2.98,0.51,0.26,0.19,0.19,0.23,0.33,0.60
1787899730.1,0.19,7.05,96.2,1.34,0.59,0.36,0.29,0.28,0.32,0.50,0.78,3.00,0.56,0.26,0.22,0.23,0.24,0.30,0.54
1787899730.6,0.17,7.28,94.1,1.29,0.72,0.35,0.25,0.29,0.29,0.40,0.83,2.99,0.59,0.28,0.24,0.23,0.25,0.29,0.49
1787899731.1,0.14,7.54,91.6,1.17,0.68,0.36,0.28,0.25,0.34,0.41,0.88,3.00,0.46,0.28,0.26,0.23,0.22,0.36,0.65
1787899731.6,0.14,7.58,97.5,1.06,1.14,0.36,0.28,0.24,0.26,0.40,0.78,2.98,0.48,0.32,0.24,0.19,0.25,0.32,0.63
1787899732.0,0.14,7.58,95.4,1.05,1.17,0.36,0.27,0.25,0.27,0.37,0.78,3.00,0.47,0.34,0.23,0.21,0.25,0.34,0.63
1787899732.4,0.11,7.76,95.6,1.06,1.15,0.37,0.27,0.24,0.26,0.38,0.77,3.00,0.47,0.33,0.23,0.22,0.26,0.32,0.63
1787899732.9,0.09,7.98,92.7,0.97,1.04,0.33,0.27,0.23,0.27,0.40,0.81,3.00,0.47,0.34,0.21,0.23,0.27,0.30,0.60
1787899733.3,0.06,8.20,92.0,0.93,0.95,0.40,0.27,0.26,0.24,0.32,0.87,3.00,0.53,0.33,0.22,0.24,0.24,0.35,0.55
1787899733.8,0.06,8.43,91.5,0.87,0.89,0.39,0.24,0.26,0.26,0.32,0.68,3.00,0.59,0.31,0.26,0.22,0.18,0.33,0.49
1787899734.2,0.05,8.65,90.7,0.78,0.81,0.40,0.30,0.22,0.29,0.34,0.63,3.00,0.61,0.31,0.28,0.17,0.26,0.32,0.67
1787899734.6,0.03,8.87,92.9,0.72,0.71,1.00,0.30,0.26,0.25,0.36,0.68,3.00,0.67,0.35,0.18,0.24,0.28,0.29,0.64
1787899735.1,0.03,9.09,94.3,0.63,0.65,0.92,0.29,0.29,0.26,0.40,0.57,3.00,0.58,0.25,0.24,0.25,0.25,0.28,0.61
1787899735.5,-0.00,9.31,93.1,0.56,0.57,0.84,0.81,0.28,0.32,0.33,0.66,3.00,0.55,0.28,0.31,0.23,0.24,0.32,0.52
1787899736.0,-0.01,9.35,92.9,0.46,0.49,0.60,0.85,0.81,0.30,0.37,0.70,3.00,0.59,0.33,0.24,0.21,0.21,0.39,0.41
1787899739.5,-0.00,9.35,133.1,0.56,0.87,0.81,0.28,0.34,0.58,3.00,0.62,0.34,0.25,0.23,0.22,0.36,0.47,0.46,0.45
1787899739.9,-0.14,9.47,136.6,0.55,0.87,0.81,0.28,0.36,0.58,3.00,0.60,0.33,0.26,0.23,0.20,0.36,0.44,0.47,0.44
1787899740.6,-0.19,9.52,136.8,0.47,0.79,0.71,1.29,0.31,0.39,2.99,0.75,0.43,0.30,0.26,0.33,0.43,0.35,0.36,0.40
1787899743.3,-0.19,9.52,158.2,0.79,0.71,1.30,0.28,0.39,2.99,0.93,0.41,0.33,0.25,0.32,0.42,0.36,0.37,0.39,0.46
1787899743.7,-0.36,9.60,159.9,0.77,0.71,1.33,0.29,0.37,2.99,0.91,0.44,0.31,0.26,0.32,0.42,0.36,0.35,0.40,0.48
1787899744.1,-0.56,9.70,151.8,0.72,0.62,1.27,0.19,0.34,2.23,1.07,0.50,0.39,0.33,0.42,0.46,0.39,0.32,0.36,0.41
1787899744.6,-0.59,9.72,156.9,0.63,0.56,0.61,1.35,0.76,0.39,1.54,0.61,0.50,0.41,0.49,0.39,0.34,0.31,0.30,0.33
1787899745.1,-0.59,9.72,154.5,0.65,0.55,0.63,1.36,0.75,0.38,1.55,0.59,0.49,0.41,0.50,0.41,0.33,0.29,0.30,0.31
1787899745.6,-0.59,9.72,153.7,0.65,0.55,0.60,1.34,0.75,0.40,1.55,0.60,0.50,0.40,0.50,0.37,0.34,0.30,0.32,0.33
1787899746.1,-0.59,9.72,158.6,0.65,0.55,0.60,1.32,0.76,0.38,1.56,0.61,0.50,0.42,0.49,0.39,0.35,0.27,0.30,0.34
1787899746.7,-0.59,9.72,154.2,0.64,0.54,0.61,1.34,0.75,0.39,1.55,0.58,0.49,0.40,0.49,0.41,0.32,0.29,0.31,0.33
1787899747.1,-0.59,9.72,150.3,0.65,0.56,0.64,1.34,0.76,0.39,1.56,0.59,0.50,0.42,0.51,0.40,0.34,0.32,0.30,0.33
1787899749.3,-0.08,9.80,192.6,1.24,0.27,0.38,1.00,1.50,0.42,0.36,0.26,0.24,0.34,0.41,0.40,0.34,0.46,0.76,0.76
1787899752.3,-0.08,9.81,157.4,0.83,0.73,1.33,0.35,0.54,3.00,0.78,0.42,0.30,0.24,0.27,0.41,0.36,0.40,0.39,0.48
1787899752.7,-0.25,9.88,155.9,0.80,0.75,1.32,0.33,0.54,3.00,0.76,0.41,0.31,0.24,0.27,0.39,0.38,0.40,0.40,0.48
1787899753.1,-0.46,9.97,157.0,0.76,0.63,1.30,0.21,0.36,1.92,1.08,0.46,0.38,0.31,0.37,0.43,0.39,0.31,0.35,0.41
1787899753.6,-0.49,9.99,154.9,0.67,0.54,1.18,1.40,0.19,0.78,1.24,0.57,0.45,0.37,0.49,0.39,0.38,0.29,0.31,0.37
1787899754.1,-0.49,9.99,155.4,0.67,0.56,1.18,1.41,0.19,0.79,1.27,0.57,0.47,0.39,0.48,0.38,0.37,0.30,0.32,0.33
1787899754.6,-0.49,9.99,153.4,0.65,0.57,1.19,1.41,0.21,0.79,1.24,0.56,0.47,0.40,0.47,0.40,0.38,0.30,0.33,0.34
1787899755.2,-0.49,9.99,154.5,0.66,0.55,1.20,1.41,0.19,0.80,1.27,0.55,0.47,0.39,0.48,0.40,0.38,0.30,0.33,0.34
1787899755.7,-0.49,9.99,158.7,0.67,0.58,1.18,1.39,0.20,0.78,1.25,0.56,0.47,0.36,0.47,0.39,0.39,0.28,0.33,0.34
1787899756.1,-0.49,9.99,155.3,0.67,0.54,1.18,1.39,0.20,0.78,1.26,0.55,0.46,0.39,0.47,0.39,0.38,0.30,0.31,0.36
1787899758.2,0.03,10.12,194.5,1.30,0.34,0.39,1.19,1.15,0.40,0.29,0.22,0.21,0.32,0.43,0.37,0.37,0.46,0.76,0.78
1787899761.4,0.02,10.12,157.3,0.84,0.74,0.28,0.36,0.57,3.00,0.71,0.36,0.26,0.23,0.22,0.35,0.38,0.46,0.39,0.48
1787899761.8,-0.14,10.20,153.0,0.84,0.75,0.27,0.38,0.59,3.00,0.70,0.38,0.26,0.21,0.22,0.35,0.39,0.44,0.39,0.48
1787899762.3,-0.34,10.30,153.4,0.79,0.66,1.30,0.25,0.35,1.47,1.07,0.44,0.35,0.27,0.22,0.42,0.34,0.36,0.37,0.42
1787899762.8,-0.37,10.32,152.3,0.70,0.62,0.65,1.38,0.25,0.80,1.26,0.51,0.44,0.36,0.45,0.44,0.38,0.26,0.34,0.36
1787899763.2,-0.37,10.32,153.3,0.70,0.59,0.67,1.40,0.25,0.81,1.25,0.54,0.43,0.34,0.42,0.46,0.39,0.26,0.30,0.36
1787899763.7,-0.37,10.32,152.6,0.70,0.61,0.67,1.39,0.25,0.81,1.26,0.53,0.44,0.34,0.43,0.44,0.37,0.29,0.32,0.35
1787899764.2,-0.37,10.32,152.5,0.69,0.63,0.66,1.38,0.27,0.79,1.25,0.53,0.42,0.33,0.42,0.43,0.38,0.28,0.33,0.36
1787899764.7,-0.37,10.32,151.5,0.68,0.59,0.68,1.39,0.25,0.80,1.25,0.54,0.43,0.34,0.44,0.45,0.39,0.27,0.33,0.37
1787899765.2,-0.37,10.32,153.0,0.71,0.58,0.67,1.39,0.24,0.81,1.28,0.54,0.44,0.35,0.44,0.46,0.38,0.27,0.33,0.36
1787899765.7,-0.37,10.32,153.5,0.70,0.62,0.66,1.40,0.25,0.81,1.25,0.54,0.43,0.36,0.42,0.47,0.38,0.28,0.32,0.37
1787899767.7,0.14,10.45,189.6,1.29,0.35,0.41,1.15,1.46,0.35,0.29,0.20,0.18,0.25,0.40,0.35,0.40,0.46,0.73,0.83
1787899770.8,0.14,10.45,154.1,0.88,0.76,0.31,0.39,0.59,3.00,0.66,0.36,0.24,0.19,0.20,0.32,0.41,0.41,0.37,0.50
1787899771.3,-0.03,10.53,155.3,0.87,0.79,0.31,0.37,0.59,2.99,0.67,0.36,0.23,0.18,0.20,0.32,0.41,0.41,0.37,0.52
1787899771.8,-0.26,10.65,150.5,0.81,0.67,1.34,0.26,0.39,1.93,1.02,0.44,0.34,0.25,0.29,0.41,0.33,0.36,0.37,0.42
1787899772.3,-0.30,10.67,150.5,0.68,0.62,0.68,1.35,0.29,0.76,1.53,0.53,0.43,0.34,0.41,0.48,0.39,0.27,0.34,0.36
1787899772.9,-0.30,10.67,155.0,0.68,0.65,0.67,1.38,0.28,0.79,1.51,0.54,0.43,0.36,0.42,0.46,0.39,0.26,0.33,0.34
1787899773.4,-0.30,10.67,153.7,0.67,0.62,0.67,1.39,0.30,0.77,1.53,0.54,0.45,0.34,0.41,0.48,0.35,0.28,0.34,0.37
1787899773.9,-0.30,10.67,153.6,0.67,0.61,0.68,1.39,0.27,0.78,1.54,0.54,0.42,0.34,0.40,0.46,0.37,0.28,0.34,0.37
1787899774.4,-0.30,10.67,150.1,0.69,0.64,0.67,1.39,0.29,0.78,1.54,0.52,0.45,0.34,0.41,0.45,0.36,0.24,0.32,0.35
1787899774.9,-0.30,10.67,154.5,0.70,0.64,0.67,1.38,0.28,0.76,1.54,0.52,0.45,0.33,0.39,0.46,0.37,0.30,0.32,0.37
1787899776.9,-0.02,10.23,122.0,0.49,0.61,0.84,1.30,0.35,0.42,1.13,1.48,0.34,0.28,0.19,0.17,0.21,0.37,0.36,0.42
1787899778.9,-0.02,10.23,133.1,0.53,0.87,0.80,0.33,0.40,0.65,3.00,0.61,0.34,0.22,0.19,0.19,0.33,0.41,0.43,0.39
1787899781.0,-0.02,10.22,154.2,0.90,0.77,0.30,0.38,0.59,2.16,0.86,0.34,0.24,0.20,0.18,0.31,0.41,0.38,0.39,0.51
1787899781.5,-0.19,10.31,155.3,0.88,0.77,0.32,0.38,0.58,2.18,0.88,0.36,0.25,0.19,0.17,0.28,0.45,0.38,0.41,0.50
1787899781.9,-0.38,10.42,154.8,0.79,0.72,1.31,0.31,0.41,1.43,1.04,0.42,0.32,0.24,0.25,0.37,0.36,0.41,0.32,0.45
1787899782.4,-0.41,10.43,152.4,0.68,0.68,0.72,1.40,0.35,0.79,1.54,0.52,0.40,0.31,0.34,0.43,0.34,0.33,0.32,0.38
1787899783.0,-0.41,10.43,148.6,0.70,0.68,0.70,1.39,0.33,0.77,1.56,0.52,0.43,0.30,0.35,0.44,0.34,0.32,0.34,0.38
1787899783.5,-0.41,10.43,147.5,0.67,0.68,0.70,1.40,0.34,0.78,1.55,0.51,0.40,0.31,0.37,0.42,0.33,0.31,0.33,0.37
1787899783.9,-0.41,10.43,150.7,0.68,0.66,0.68,1.39,0.35,0.75,1.53,0.50,0.41,0.29,0.35,0.43,0.34,0.32,0.36,0.38
1787899784.5,-0.41,10.44,153.2,0.68,0.68,0.70,1.40,0.35,0.79,1.55,0.49,0.41,0.31,0.37,0.42,0.36,0.32,0.35,0.38
1787899785.0,-0.41,10.43,148.6,0.69,0.68,0.69,1.41,0.33,0.79,1.55,0.52,0.41,0.30,0.36,0.42,0.33,0.30,0.33,0.38
1787899787.1,0.11,10.53,183.8,0.83,0.37,0.39,0.96,1.79,0.32,0.26,0.17,0.14,0.15,0.32,0.42,0.45,0.44,0.58,0.90
1787899790.3,0.10,10.54,155.1,0.89,0.80,0.33,0.39,0.59,1.89,0.68,0.30,0.18,0.16,0.14,0.21,0.39,0.37,0.43,0.52
1787899790.7,-0.06,10.63,150.6,0.89,0.81,0.33,0.41,0.61,1.90,0.68,0.32,0.21,0.16,0.14,0.19,0.39,0.36,0.43,0.50
1787899791.2,-0.27,10.73,149.8,0.77,0.75,1.30,0.32,0.40,1.43,1.07,0.41,0.30,0.22,0.20,0.34,0.40,0.39,0.36,0.47
1787899791.8,-0.36,10.78,147.1,0.65,0.69,0.70,1.40,0.32,0.68,1.60,0.52,0.42,0.30,0.34,0.43,0.33,0.32,0.31,0.35
1787899792.3,-0.36,10.79,147.3,0.67,0.71,0.71,1.39,0.34,0.67,1.62,0.51,0.43,0.31,0.36,0.43,0.32,0.34,0.31,0.36
1787899794.0,-0.36,10.79,161.5,0.73,0.65,1.28,0.24,0.41,3.00,0.75,0.48,0.32,0.31,0.41,0.34,0.36,0.27,0.34,0.42
1787899794.4,-0.53,10.86,159.7,0.71,0.66,1.29,0.23,0.40,3.00,0.74,0.50,0.35,0.31,0.41,0.36,0.36,0.28,0.36,0.42
1787899794.9,-0.57,10.87,158.8,0.64,0.55,1.24,1.54,0.23,3.00,1.11,0.57,0.44,0.42,0.48,0.35,0.27,0.29,0.29,0.34
1787899795.5,-0.57,10.87,160.8,0.64,0.57,1.24,1.54,0.23,3.00,1.12,0.58,0.43,0.39,0.48,0.35,0.28,0.28,0.30,0.33
1787899796.0,-0.58,10.87,158.9,0.63,0.56,1.24,1.55,0.22,3.00,1.13,0.58,0.43,0.40,0.49,0.37,0.29,0.29,0.32,0.35
1787899796.6,-0.57,10.87,157.1,0.66,0.56,1.24,1.54,0.20,3.00,1.12,0.55,0.42,0.40,0.46,0.37,0.28,0.28,0.30,0.36
1787899797.1,-0.57,10.87,156.5,0.66,0.54,1.22,1.55,0.23,3.00,1.13,0.57,0.43,0.40,0.46,0.35,0.28,0.28,0.31,0.33
1787899797.6,-0.57,10.87,159.1,0.65,0.56,1.24,1.54,0.22,3.00,1.11,0.57,0.43,0.39,0.47,0.37,0.30,0.30,0.30,0.34
1787899799.8,-0.23,10.48,132.6,0.43,0.78,0.75,1.35,0.33,0.45,1.92,0.98,0.41,0.27,0.21,0.22,0.35,0.38,0.38,0.32
1787899802.6,-0.23,10.48,147.0,0.75,0.77,1.29,0.33,0.43,1.47,1.01,0.40,0.27,0.22,0.22,0.33,0.38,0.37,0.33,0.43
1787899803.0,-0.39,10.57,151.3,0.76,0.76,1.31,0.30,0.42,1.47,1.01,0.42,0.28,0.22,0.23,0.33,0.40,0.35,0.32,0.43
1787899803.6,-0.45,10.61,145.1,0.64,0.73,0.72,1.42,0.36,0.80,1.58,0.50,0.40,0.30,0.35,0.41,0.31,0.34,0.29,0.35
1787899804.1,-0.45,10.61,149.7,0.63,0.73,0.72,1.42,0.35,0.79,1.58,0.51,0.40,0.27,0.34,0.39,0.31,0.33,0.29,0.36
1787899804.6,-0.45,10.61,149.6,0.65,0.74,0.73,1.43,0.36,0.81,1.57,0.52,0.37,0.28,0.33,0.41,0.30,0.34,0.28,0.35
1787899805.2,-0.45,10.61,145.0,0.66,0.73,0.72,1.43,0.37,0.81,1.58,0.53,0.39,0.29,0.32,0.42,0.33,0.32,0.27,0.38
1787899805.7,-0.45,10.61,149.0,0.63,0.72,0.73,1.41,0.36,0.81,1.59,0.49,0.39,0.30,0.33,0.39,0.33,0.33,0.26,0.35
1787899806.1,-0.45,10.61,148.2,0.65,0.73,0.74,1.43,0.36,0.80,1.58,0.51,0.39,0.31,0.34,0.39,0.29,0.34,0.29,0.36
1787899808.3,0.07,10.66,187.0,0.87,0.38,0.44,0.97,2.73,0.34,0.23,0.16,0.12,0.15,0.28,0.40,0.40,0.38,0.56,0.93
1787899811.6,0.07,10.66,144.3,0.57,0.91,0.84,0.40,0.50,1.18,1.45,0.30,0.22,0.14,0.13,0.14,0.32,0.38,0.43,0.42
1787899812.0,-0.08,10.77,139.3,0.60,0.91,0.85,0.40,0.47,1.18,1.45,0.30,0.20,0.16,0.12,0.15,0.32,0.39,0.44,0.40
1787899812.6,-0.11,10.80,141.3,0.48,0.84,0.79,0.30,0.43,0.75,3.00,0.43,0.32,0.22,0.19,0.27,0.37,0.32,0.38,0.35
1787899814.5,-0.11,10.80,151.2,0.80,0.75,1.40,0.40,0.50,2.22,0.75,0.38,0.25,0.18,0.20,0.32,0.36,0.37,0.31,0.45
1787899814.9,-0.27,10.89,149.3,0.80,0.76,1.39,0.39,0.49,2.20,0.77,0.37,0.24,0.20,0.22,0.33,0.38,0.36,0.33,0.44
1787899815.4,-0.30,10.91,151.4,0.69,0.73,0.73,1.44,0.42,1.22,1.15,0.47,0.34,0.26,0.30,0.38,0.31,0.35,0.28,0.35
1787899816.0,-0.30,10.91,153.8,0.68,0.73,0.76,1.44,0.41,1.22,1.16,0.50,0.33,0.26,0.29,0.37,0.29,0.35,0.28,0.36
1787899816.4,-0.30,10.91,153.0,0.69,0.74,0.76,1.46,0.40,1.21,1.16,0.47,0.33,0.26,0.32,0.39,0.30,0.35,0.27,0.40
1787899816.9,-0.30,10.91,151.1,0.69,0.74,0.75,1.46,0.40,1.22,1.17,0.45,0.34,0.27,0.30,0.39,0.31,0.35,0.27,0.39
1787899817.5,-0.30,10.91,148.6,0.68,0.74,0.74,1.46,0.41,1.22,1.15,0.47,0.32,0.27,0.30,0.40,0.29,0.34,0.26,0.40
1787899818.0,-0.30,10.91,147.5,0.68,0.73,0.76,1.44,0.41,1.24,1.16,0.47,0.34,0.24,0.31,0.35,0.28,0.37,0.27,0.39
1787899820.2,-0.00,10.49,123.3,0.39,0.59,0.94,0.90,0.44,0.57,1.40,1.02,0.29,0.17,0.12,0.10,0.11,0.25,0.39,0.37
1787899822.5,-0.00,10.49,138.8,0.56,0.95,0.89,0.41,0.48,0.98,3.00,0.30,0.20,0.14,0.10,0.12,0.18,0.35,0.34,0.42
1787899823.0,-0.12,10.62,138.3,0.54,0.95,0.90,0.41,0.46,0.98,2.99,0.31,0.19,0.12,0.09,0.12,0.18,0.38,0.34,0.41
1787899823.5,-0.15,10.65,139.3,0.46,0.87,0.81,0.34,0.45,0.71,2.99,0.41,0.27,0.17,0.16,0.20,0.32,0.35,0.33,0.33
1787899825.8,-0.15,10.65,152.9,0.81,0.79,1.42,0.41,0.66,2.78,0.66,0.35,0.19,0.15,0.17,0.27,0.36,0.29,0.36,0.46
1787899826.2,-0.31,10.74,149.8,0.80,0.81,1.43,0.44,0.63,2.79,0.67,0.37,0.20,0.15,0.17,0.27,0.36,0.31,0.33,0.43
1787899826.7,-0.34,10.76,148.9,0.48,0.78,0.80,0.31,0.44,1.47,1.14,0.48,0.31,0.23,0.27,0.35,0.30,0.32,0.28,0.38
1787899829.1,-0.34,10.76,168.3,0.81,0.78,1.44,0.42,0.82,1.91,0.46,0.32,0.22,0.24,0.32,0.37,0.30,0.28,0.34,0.45
1787899829.5,-0.52,10.81,163.4,0.81,0.78,1.45,0.42,0.79,1.92,0.46,0.31,0.23,0.24,0.31,0.36,0.30,0.30,0.35,0.42
1787899830.0,-0.56,10.82,166.6,0.72,0.68,1.32,0.26,0.44,2.99,0.74,0.46,0.32,0.32,0.42,0.29,0.36,0.24,0.32,0.38
1787899830.5,-0.56,10.82,165.8,0.75,0.66,1.32,0.27,0.45,3.00,0.77,0.47,0.31,0.34,0.39,0.28,0.34,0.23,0.34,0.39
1787899831.0,-0.56,10.82,162.4,0.72,0.67,1.30,0.27,0.44,3.00,0.74,0.44,0.31,0.34,0.38,0.30,0.32,0.24,0.32,0.36
1787899831.4,-0.56,10.82,167.0,0.72,0.64,1.32,0.28,0.45,3.00,0.74,0.45,0.29,0.33,0.40,0.28,0.33,0.24,0.33,0.37
1787899831.9,-0.56,10.82,167.3,0.73,0.64,1.31,0.26,0.44,3.00,0.75,0.45,0.30,0.33,0.40,0.29,0.35,0.25,0.32,0.36
1787899832.4,-0.56,10.82,167.3,0.71,0.67,1.31,0.26,0.45,2.98,0.74,0.46,0.31,0.35,0.39,0.30,0.35,0.25,0.30,0.36
1787899832.9,-0.56,10.82,160.9,0.72,0.67,1.31,0.26,0.47,3.00,0.74,0.46,0.33,0.34,0.40,0.29,0.34,0.24,0.33,0.37
1787899835.0,-0.07,11.02,199.8,1.46,0.47,0.76,2.98,0.41,0.21,0.12,0.13,0.15,0.24,0.34,0.27,0.34,0.44,0.86,0.81
1787899838.5,-0.08,11.03,161.0,0.91,0.85,0.39,0.49,0.86,3.00,0.39,0.19,0.12,0.12,0.19,0.26,0.34,0.30,0.34,0.47
1787899838.9,-0.25,11.08,162.1,0.90,0.85,0.38,0.48,0.87,3.00,0.38,0.22,0.12,0.09,0.18,0.27,0.32,0.32,0.35,0.47
1787899839.4,-0.46,11.16,159.4,0.82,0.77,1.41,0.42,0.70,3.00,0.45,0.30,0.19,0.21,0.28,0.34,0.27,0.34,0.29,0.43
1787899839.8,-0.50,11.17,161.1,0.75,0.66,1.34,0.29,0.46,3.00,0.78,0.46,0.29,0.29,0.36,0.33,0.29,0.23,0.31,0.35
1787899840.3,-0.50,11.17,157.4,0.73,0.68,1.35,0.31,0.46,3.00,0.79,0.46,0.29,0.28,0.37,0.35,0.30,0.25,0.31,0.35
1787899840.8,-0.50,11.17,161.8,0.77,0.65,1.34,0.29,0.47,3.00,0.79,0.48,0.28,0.29,0.36,0.34,0.30,0.26,0.31,0.36
1787899841.3,-0.50,11.17,158.5,0.78,0.67,1.35,0.26,0.46,3.00,0.79,0.45,0.27,0.28,0.35,0.34,0.31,0.24,0.29,0.35
1787899841.8,-0.50,11.17,161.6,0.75,0.69,1.34,0.29,0.45,3.00,0.77,0.45,0.27,0.30,0.36,0.32,0.30,0.24,0.31,0.35
1787899842.4,-0.50,11.17,160.4,0.75,0.69,1.32,0.29,0.46,3.00,0.77,0.47,0.29,0.31,0.35,0.36,0.30,0.25,0.30,0.35
1787899844.4,0.00,11.33,196.6,1.48,0.50,0.69,2.50,0.37,0.20,0.12,0.08,0.10,0.17,0.29,0.29,0.39,0.38,0.58,0.87
1787899847.7,-0.00,11.33,156.9,0.90,0.86,0.41,0.50,0.83,2.99,0.35,0.17,0.11,0.07,0.12,0.21,0.32,0.29,0.37,0.47
1787899848.1,-0.18,11.40,153.8,0.91,0.83,0.42,0.49,0.81,3.00,0.36,0.16,0.11,0.08,0.11,0.20,0.31,0.30,0.36,0.47
1787899848.7,-0.21,11.41,155.6,0.77,0.81,1.41,0.42,0.69,3.00,0.49,0.34,0.18,0.17,0.21,0.31,0.30,0.31,0.29,0.42
1787899849.1,-0.21,11.41,155.5,0.78,0.79,1.42,0.42,0.65,3.00,0.45,0.31,0.18,0.16,0.23,0.29,0.30,0.29,0.29,0.40
1787899849.6,-0.38,11.49,154.0,0.79,0.78,1.44,0.41,0.68,3.00,0.46,0.31,0.19,0.17,0.22,0.28,0.28,0.30,0.31,0.41
1787899850.2,-0.46,11.53,151.0,0.43,0.77,0.76,1.50,0.45,1.52,1.13,0.53,0.28,0.25,0.33,0.36,0.25,0.30,0.20,0.34
1787899852.7,-0.45,11.53,172.8,0.75,0.78,1.49,0.44,0.90,1.28,0.49,0.34,0.27,0.31,0.33,0.25,0.32,0.20,0.31,0.41
1787899853.1,-0.45,11.53,174.9,0.75,0.76,1.48,0.44,0.92,1.28,0.51,0.31,0.27,0.31,0.34,0.25,0.32,0.19,0.32,0.40
1787899853.6,-0.45,11.53,171.9,0.78,0.74,1.48,0.44,0.90,1.26,0.49,0.31,0.27,0.30,0.36,0.25,0.29,0.21,0.32,0.41
1787899854.0,-0.64,11.57,171.5,0.76,0.76,1.47,0.43,0.91,1.27,0.51,0.30,0.27,0.33,0.34,0.25,0.32,0.22,0.30,0.40
1787899854.6,-0.67,11.58,167.5,0.69,0.65,1.35,0.96,0.47,1.99,0.60,0.42,0.32,0.38,0.41,0.31,0.20,0.23,0.29,0.33
1787899855.1,-0.67,11.58,169.8,0.67,0.64,1.36,0.95,0.47,1.97,0.60,0.44,0.33,0.40,0.41,0.31,0.20,0.23,0.26,0.34
1787899855.7,-0.67,11.58,172.4,0.68,0.64,1.37,0.97,0.46,1.98,0.59,0.46,0.32,0.39,0.41,0.31,0.19,0.24,0.28,0.34
1787899856.2,-0.67,11.58,169.3,0.69,0.62,1.35,0.97,0.48,1.98,0.59,0.45,0.34,0.39,0.41,0.31,0.21,0.24,0.28,0.35
1787899856.6,-0.67,11.58,168.2,0.68,0.65,1.36,0.95,0.48,1.99,0.58,0.43,0.33,0.39,0.39,0.30,0.21,0.23,0.29,0.35
1787899857.1,-0.67,11.58,167.1,0.69,0.65,1.36,0.96,0.47,2.00,0.59,0.45,0.34,0.41,0.38,0.29,0.20,0.24,0.29,0.35
1787899859.1,-0.21,11.83,205.6,1.45,0.49,0.85,2.99,0.43,0.20,0.17,0.17,0.22,0.26,0.25,0.28,0.29,0.40,0.89,0.77
1787899862.7,-0.21,11.83,165.2,0.85,0.84,1.52,0.48,0.92,1.64,0.42,0.18,0.16,0.17,0.24,0.28,0.23,0.30,0.27,0.43
1787899863.2,-0.39,11.87,160.5,0.86,0.81,1.51,0.52,0.91,1.64,0.42,0.19,0.15,0.18,0.23,0.29,0.26,0.31,0.28,0.45
1787899863.7,-0.44,11.89,163.2,0.76,0.72,1.38,0.35,0.68,2.99,0.52,0.35,0.24,0.27,0.31,0.31,0.27,0.26,0.22,0.36
1787899864.2,-0.44,11.89,161.5,0.79,0.72,1.39,0.36,0.69,2.99,0.51,0.34,0.24,0.27,0.30,0.32,0.25,0.25,0.23,0.36
1787899864.7,-0.44,11.89,162.0,0.75,0.74,1.39,0.37,0.68,3.00,0.53,0.36,0.23,0.27,0.30,0.32,0.24,0.28,0.23,0.35
1787899865.2,-0.44,11.89,158.5,0.78,0.72,1.37,0.36,0.70,2.99,0.52,0.34,0.24,0.27,0.30,0.29,0.24,0.27,0.23,0.37
1787899865.7,-0.44,11.89,161.6,0.77,0.73,1.39,0.37,0.67,3.00,0.53,0.35,0.24,0.24,0.30,0.31,0.26,0.27,0.22,0.34
1787899866.2,-0.44,11.89,165.4,0.76,0.70,1.39,0.35,0.70,3.00,0.54,0.34,0.23,0.27,0.29,0.32,0.25,0.28,0.22,0.37
1787899868.5,-0.09,11.50,131.5,0.30,0.57,0.89,1.51,0.55,0.76,2.99,0.40,0.12,0.10,0.09,0.14,0.19,0.27,0.26,0.35
1787899870.9,-0.08,11.50,148.6,0.51,0.94,0.93,0.48,0.70,2.02,0.43,0.18,0.11,0.11,0.10,0.18,0.24,0.26,0.32,0.32
1787899873.0,-0.08,11.50,168.6,0.92,0.89,0.43,0.52,1.28,1.08,0.24,0.10,0.09,0.12,0.14,0.24,0.28,0.26,0.32,0.48
1787899873.4,-0.27,11.55,168.2,0.93,0.90,0.45,0.54,1.28,1.09,0.24,0.09,0.10,0.10,0.14,0.24,0.30,0.25,0.33,0.47
1787899873.9,-0.48,11.63,159.4,0.89,0.80,1.43,0.50,0.86,2.88,0.45,0.22,0.18,0.19,0.26,0.31,0.24,0.31,0.25,0.41
1787899874.4,-0.54,11.65,160.5,0.73,0.71,1.38,0.33,0.50,3.00,0.56,0.38,0.25,0.28,0.32,0.26,0.27,0.24,0.21,0.35
1787899880.1,-0.54,11.67,288.0,1.08,0.51,0.27,0.27,0.31,0.35,0.25,0.28,0.19,0.29,0.42,0.76,0.80,1.53,0.47,1.57
1787899880.5,-0.49,11.49,281.6,1.10,0.50,0.28,0.28,0.31,0.33,0.23,0.28,0.18,0.30,0.42,0.77,0.78,1.50,0.49,1.59
1787899881.1,-0.44,11.27,281.2,1.12,0.44,0.28,0.23,0.26,0.33,0.31,0.33,0.28,0.38,0.51,0.79,0.78,0.31,0.41,1.45
1787899881.8,-0.40,11.07,282.0,1.40,0.34,0.31,0.24,0.21,0.22,0.42,0.41,0.41,0.54,0.83,0.76,0.29,0.35,0.39,1.32
1787899887.3,-0.41,11.07,174.7,0.77,0.28,0.34,0.53,2.16,0.88,0.34,0.29,0.22,0.21,0.29,0.49,0.45,0.42,0.54,0.88
1787899889.5,-0.41,11.07,158.3,0.86,0.78,0.30,0.34,0.66,3.00,0.60,0.32,0.27,0.22,0.21,0.39,0.45,0.49,0.51,0.88
1787899889.9,-0.59,11.13,156.8,0.85,0.80,0.32,0.35,0.66,2.99,0.59,0.33,0.26,0.23,0.18,0.39,0.43,0.47,0.49,0.60
1787899890.6,-0.89,11.27,154.6,0.76,0.69,0.18,0.26,0.33,2.99,0.95,0.42,0.37,0.31,0.31,0.46,0.42,0.38,0.44,0.53
1787899891.0,-1.09,11.37,154.4,0.70,0.58,1.22,1.49,0.28,0.77,1.17,0.63,0.47,0.38,0.43,0.54,0.46,0.36,0.40,0.47
1787899891.5,-1.29,11.47,152.7,0.61,0.51,1.13,1.30,0.69,0.34,1.57,0.76,0.54,0.46,0.54,0.44,0.34,0.32,0.34,0.49
1787899891.9,-1.49,11.56,157.0,0.53,0.42,0.51,1.23,0.81,0.73,1.94,0.88,0.65,0.53,0.61,0.47,0.32,0.31,0.28,0.45
1787899892.4,-1.52,11.57,154.6,0.44,0.36,0.44,1.17,0.83,0.74,0.34,0.95,0.73,0.60,0.66,0.34,0.29,0.24,0.23,0.41
1787899898.4,-1.51,11.58,27.8,0.53,0.34,0.28,0.21,0.27,0.42,0.46,0.35,0.46,1.24,0.81,0.74,0.27,0.87,0.65,0.63
1787899900.2,-1.51,11.58,13.2,0.66,0.51,0.30,0.23,0.22,0.37,0.48,0.42,0.35,1.05,1.50,0.73,0.76,1.18,0.75,0.60
1787899900.6,-1.33,11.63,13.4,0.66,0.51,0.32,0.24,0.22,0.36,0.48,0.41,0.40,1.06,1.51,0.72,0.74,1.20,0.73,0.58
1787899901.3,-1.02,11.68,16.1,0.58,0.42,0.26,0.25,0.22,0.24,0.49,0.52,0.46,1.13,1.62,0.77,0.51,0.96,0.66,0.52
1787899901.8,-0.98,11.69,12.7,0.46,0.34,0.34,0.19,0.25,0.26,0.33,0.61,0.55,1.24,0.96,0.29,2.88,0.83,0.54,0.41
1787899907.9,-0.97,11.69,159.3,0.62,0.56,0.64,1.54,0.82,3.00,1.16,0.62,0.42,0.45,0.48,0.34,0.22,0.22,0.25,0.27
1787899913.5,-0.97,11.70,273.3,0.88,1.22,0.62,0.43,0.45,0.45,0.36,0.20,0.24,0.23,0.27,0.60,0.58,0.65,1.41,0.81
1787899913.9,-0.97,11.52,266.3,0.88,1.19,0.61,0.44,0.45,0.49,0.36,0.22,0.23,0.25,0.25,0.60,0.57,0.64,1.42,0.80
1787899914.4,-0.98,11.48,266.0,0.41,1.56,0.60,0.51,0.39,0.48,0.39,0.36,0.32,0.31,0.36,0.64,0.54,0.62,1.35,0.73
1787899918.1,-0.98,11.49,306.4,0.77,0.52,0.40,0.47,0.49,0.40,0.28,0.31,0.34,0.63,0.57,0.61,1.32,0.83,0.36,1.91
1787899918.5,-0.87,11.33,305.8,0.78,0.55,0.39,0.47,0.49,0.40,0.29,0.32,0.33,0.63,0.59,0.61,1.31,0.85,0.36,1.92
1787899919.0,-0.75,11.15,304.9,0.73,0.50,0.38,0.39,0.49,0.40,0.32,0.38,0.40,0.70,0.61,0.64,1.32,0.18,0.35,2.19
1787899919.5,-0.73,11.11,307.4,0.67,0.40,0.34,0.33,0.43,0.50,0.50,0.46,0.49,0.78,0.64,1.16,0.17,0.24,0.52,2.19
1787899925.9,-0.74,11.12,151.4,0.79,0.66,0.16,0.19,0.27,0.71,1.43,0.61,0.42,0.33,0.30,0.47,0.46,0.41,0.47,0.50
1787899926.4,-0.90,11.22,150.1,0.77,0.66,0.16,0.21,0.27,0.71,1.44,0.62,0.42,0.33,0.33,0.48,0.44,0.43,0.46,0.50
1787899926.8,-1.08,11.35,147.4,0.73,0.56,1.09,1.28,0.15,0.30,2.19,0.74,0.49,0.41,0.39,0.52,0.46,0.37,0.41,0.41
1787899927.4,-1.12,11.37,148.4,0.64,0.53,0.53,1.21,0.82,0.70,3.00,0.97,0.59,0.48,0.48,0.56,0.47,0.36,0.37,0.37
1787899932.3,-1.11,11.38,38.9,0.47,0.34,0.37,0.35,0.49,0.60,0.49,1.09,1.28,0.72,0.15,1.60,0.77,0.58,0.44,0.52
1787899936.4,-1.10,11.38,341.7,0.52,0.44,0.55,0.46,0.34,0.36,0.36,0.57,0.60,0.54,1.13,1.48,0.69,0.36,1.12,0.58
1787899937.0,-0.93,11.30,338.9,0.51,0.45,0.54,0.48,0.34,0.35,0.33,0.57,0.60,0.51,1.14,1.50,0.69,0.36,1.13,0.56
1787899937.5,-0.89,11.29,337.5,0.46,0.37,0.46,0.54,0.45,0.38,0.40,0.51,0.70,0.58,1.23,0.14,0.29,1.43,1.14,0.56
1787899939.9,-0.89,11.29,322.5,0.50,0.42,0.36,0.48,0.44,0.42,0.39,0.38,0.62,0.68,0.60,1.19,0.13,0.30,3.00,1.01
1787899940.4,-0.89,11.28,314.2,0.49,0.43,0.38,0.48,0.46,0.42,0.36,0.40,0.65,0.66,0.62,1.21,0.14,0.30,3.00,1.00
1787899947.6,-0.87,11.27,128.2,0.49,0.69,0.59,1.22,0.12,0.23,0.71,1.21,0.68,0.50,0.39,0.43,0.55,0.46,0.36,0.41
1787899953.6,-0.87,11.28,264.1,0.33,1.56,0.70,0.48,0.40,0.39,0.52,0.45,0.35,0.41,0.42,0.72,0.57,1.14,1.32,0.21
1787899958.1,-0.88,11.28,180.3,0.61,1.19,0.14,0.28,3.00,1.02,0.50,0.45,0.37,0.47,0.46,0.45,0.39,0.40,0.66,0.67
1787899958.5,-1.07,11.28,184.0,0.60,1.18,0.14,0.28,2.98,1.00,0.50,0.44,0.34,0.47,0.45,0.45,0.41,0.39,0.65,0.68
1787899959.0,-1.29,11.25,185.8,0.56,1.16,1.48,0.12,0.33,1.09,0.65,0.49,0.43,0.54,0.48,0.37,0.38,0.38,0.62,0.63
1787899959.5,-1.54,11.25,180.0,0.56,1.15,1.47,0.13,0.33,1.12,0.69,0.51,0.44,0.53,0.49,0.38,0.38,0.38,0.63,0.63
1787899960.1,-1.86,11.25,181.4,0.55,1.14,1.43,0.10,0.32,1.22,0.71,0.54,0.42,0.52,0.50,0.42,0.40,0.40,0.59,0.62
1787899960.5,-2.08,11.24,179.6,0.54,1.15,1.42,0.08,0.31,1.29,0.72,0.56,0.44,0.53,0.48,0.39,0.38,0.38,0.59,0.62
1787899961.0,-2.29,11.23,184.6,0.55,1.14,1.44,0.65,0.32,1.22,0.71,0.55,0.43,0.54,0.46,0.37,0.38,0.37,0.60,0.63
1787899961.5,-2.57,11.24,181.3,0.54,1.16,1.45,0.66,0.31,1.24,0.72,0.55,0.45,0.53,0.50,0.35,0.38,0.36,0.59,0.60
1787899961.9,-2.79,11.24,184.1,0.54,1.12,1.43,0.65,0.30,1.27,0.75,0.56,0.44,0.55,0.47,0.35,0.39,0.36,0.59,0.58
1787899962.4,-2.83,11.24,182.1,0.51,1.14,1.43,0.64,0.29,1.24,0.74,0.55,0.45,0.55,0.50,0.37,0.36,0.38,0.59,0.61
1787899968.9,-2.82,11.25,30.4,0.57,0.47,0.36,0.37,0.39,0.61,0.53,0.55,1.14,0.80,0.66,0.35,1.06,0.55,0.53,0.45
1787899969.3,-2.65,11.36,24.5,0.56,0.47,0.37,0.37,0.37,0.64,0.54,0.54,1.13,0.81,0.68,0.34,1.05,0.55,0.52,0.45
1787899969.8,-2.61,11.38,30.4,0.47,0.42,0.34,0.33,0.34,0.56,0.67,0.58,1.20,0.89,0.34,3.00,1.03,0.54,0.44,0.38
1787899975.2,-2.60,11.37,129.5,0.37,0.70,0.56,0.64,1.34,0.17,0.38,1.57,0.72,0.53,0.39,0.45,0.51,0.43,0.29,0.35
1787899982.7,-2.62,11.38,305.8,0.74,0.52,0.39,0.42,0.50,0.42,0.30,0.34,0.34,0.67,0.61,0.62,1.32,0.17,0.37,2.22
1787899983.2,-2.51,11.23,302.4,0.74,0.54,0.38,0.41,0.50,0.42,0.32,0.34,0.35,0.67,0.61,0.62,1.31,0.19,0.36,2.22
1787899983.6,-2.39,11.04,303.3,0.69,0.46,0.39,0.33,0.46,0.39,0.41,0.41,0.44,0.75,0.63,1.15,0.15,0.29,0.55,1.83
1787899984.1,-2.38,11.01,302.6,0.64,0.39,0.35,0.31,0.33,0.52,0.50,0.45,0.52,0.81,0.68,0.17,0.23,0.25,0.60,2.47
1787899986.6,-2.37,11.01,281.9,1.49,0.59,0.39,0.33,0.31,0.40,0.55,0.53,0.47,0.54,0.81,0.68,0.16,0.23,0.28,0.67
1787899987.2,-2.34,10.83,284.1,1.52,0.58,0.39,0.33,0.33,0.38,0.54,0.54,0.49,0.54,0.80,0.68,0.17,0.23,0.27,0.68
1787899987.6,-2.30,10.61,280.8,1.38,0.55,0.31,0.34,0.30,0.33,0.59,0.57,0.57,0.60,0.87,0.20,0.22,0.22,0.27,0.98
1787899988.1,-2.27,10.34,282.6,2.27,0.61,0.42,0.28,0.32,0.31,0.49,0.61,0.61,0.70,0.26,0.24,0.19,0.17,0.34,0.72
1787899988.8,-2.23,10.00,277.8,2.96,0.64,0.37,0.28,0.23,0.35,0.41,0.74,0.70,0.77,0.30,0.23,0.18,0.25,0.30,0.65
1787899989.2,-2.19,9.79,278.7,2.28,0.58,0.34,0.30,0.25,0.28,0.43,0.82,0.81,0.94,0.32,0.19,0.23,0.24,0.32,0.95
1787899989.8,-2.13,9.53,281.1,2.03,0.53,0.31,0.26,0.29,0.26,0.44,0.94,0.90,0.47,0.26,0.27,0.22,0.25,0.43,0.88
1787899990.4,-2.09,9.21,281.7,1.85,0.44,0.33,0.24,0.24,0.33,0.33,1.02,1.04,0.53,0.32,0.23,0.23,0.24,0.39,1.04
1787899990.8,-2.05,8.99,282.4,2.01,0.45,0.32,0.26,0.22,0.27,0.38,0.74,1.09,0.60,0.33,0.26,0.20,0.30,0.41,0.92
1787899991.3,-2.02,8.77,275.3,1.77,0.41,0.27,0.25,0.25,0.23,0.39,0.80,1.17,0.49,0.31,0.23,0.29,0.28,0.44,1.06
1787899991.9,-2.01,8.70,277.6,1.81,0.41,0.24,0.23,0.24,0.25,0.33,0.79,1.26,0.56,0.33,0.29,0.27,0.32,0.52,0.99
1787899998.1,-2.01,8.68,62.8,0.50,1.26,1.31,0.37,0.28,0.29,0.26,0.34,0.56,3.00,0.63,0.30,0.25,0.24,0.26,0.27
1787900000.6,-2.01,8.68,82.4,1.28,1.31,0.42,0.24,0.29,0.25,0.32,0.56,2.10,0.91,0.33,0.23,0.22,0.24,0.26,0.50
1787900001.1,-2.00,8.87,82.5,1.28,1.32,0.42,0.26,0.30,0.27,0.36,0.53,2.10,0.90,0.32,0.24,0.24,0.24,0.29,0.49
1787900001.6,-1.96,9.12,78.4,1.14,1.24,0.50,0.32,0.26,0.31,0.32,0.62,1.39,0.99,0.33,0.23,0.24,0.23,0.24,0.41
1787900002.1,-1.96,9.16,80.8,0.76,1.13,0.60,0.38,0.30,0.28,0.35,0.54,1.39,1.05,0.33,0.27,0.20,0.18,0.21,0.36
1787900002.6,-1.96,9.16,81.4,0.77,1.12,0.60,0.36,0.30,0.29,0.37,0.56,1.40,1.03,0.30,0.26,0.20,0.19,0.22,0.35
1787900004.4,-1.96,9.16,96.0,1.14,1.17,0.43,0.30,0.26,0.36,0.43,0.74,3.00,0.42,0.28,0.23,0.18,0.20,0.31,0.38
1787900004.9,-1.96,9.16,94.4,1.15,1.18,0.42,0.31,0.26,0.36,0.44,0.76,3.00,0.44,0.28,0.22,0.19,0.20,0.31,0.40
1787900005.4,-1.96,9.16,89.6,1.14,1.17,0.43,0.31,0.26,0.37,0.43,0.76,2.99,0.41,0.27,0.21,0.18,0.19,0.30,0.40
1787900005.9,-1.96,9.16,94.7,1.15,1.19,0.43,0.30,0.26,0.34,0.43,0.74,3.00,0.41,0.27,0.23,0.20,0.20,0.31,0.39
1787900006.5,-1.96,9.16,87.9,1.16,1.19,0.42,0.30,0.26,0.36,0.44,0.75,3.00,0.41,0.27,0.22,0.17,0.20,0.30,0.37
1787900007.1,-1.96,9.16,92.8,1.14,1.20,0.42,0.32,0.28,0.34,0.43,0.76,3.00,0.44,0.27,0.23,0.18,0.19,0.33,0.38
1787900009.2,-1.96,9.16,109.4,1.17,0.45,0.33,0.29,0.31,0.38,0.70,3.00,0.72,0.30,0.24,0.20,0.20,0.22,0.36,1.09
1787900009.7,-2.03,9.33,108.9,1.19,0.44,0.32,0.28,0.32,0.36,0.69,2.99,0.72,0.30,0.26,0.20,0.18,0.23,0.36,1.08
1787900010.1,-2.10,9.54,107.3,1.09,0.40,0.32,0.27,0.27,0.37,0.56,2.39,0.80,0.36,0.26,0.20,0.21,0.30,0.34,1.01
1787900010.5,-2.18,9.75,110.8,1.01,0.49,0.30,0.25,0.26,0.29,0.53,2.11,0.90,0.40,0.26,0.25,0.27,0.28,0.48,0.94
1787900011.1,-2.26,10.01,109.1,0.92,0.41,0.22,0.27,0.22,0.29,0.49,2.21,0.99,0.47,0.28,0.26,0.28,0.30,0.51,0.89
1787900011.6,-2.27,10.05,104.4,0.83,0.38,0.26,0.19,0.23,0.25,0.35,1.24,1.17,0.54,0.33,0.31,0.22,0.37,0.47,0.77
1787900019.0,-2.26,10.03,293.5,0.73,0.38,0.32,0.27,0.24,0.39,0.73,0.83,0.83,0.34,0.20,0.19,0.24,0.27,0.56,3.00
1787900025.0,-2.27,10.02,61.6,0.49,0.82,0.82,0.36,0.22,0.19,0.23,0.26,0.39,1.73,1.05,0.46,0.33,0.30,0.23,0.38
1787900031.2,-2.27,10.00,293.6,0.74,0.40,0.33,0.28,0.27,0.39,0.72,0.83,0.84,0.34,0.21,0.19,0.23,0.27,0.55,3.00
1787900031.6,-2.27,10.00,292.0,0.76,0.39,0.32,0.27,0.25,0.39,0.71,0.84,0.83,0.34,0.21,0.21,0.24,0.26,0.55,2.99
1787900037.8,-2.27,9.99,59.2,0.47,0.80,0.84,0.39,0.25,0.19,0.23,0.23,0.34,1.47,1.12,0.50,0.33,0.28,0.24,0.38
1787900043.7,-2.27,9.97,296.1,0.67,0.37,0.30,0.24,0.27,0.38,0.76,0.81,0.85,0.33,0.18,0.18,0.25,0.28,0.56,3.00
1787900049.9,-2.27,9.96,65.6,0.52,0.82,0.85,0.35,0.21,0.19,0.23,0.24,0.37,2.60,1.04,0.43,0.33,0.29,0.25,0.37
1787900235.0,-0.00,-0.00,224.8,0.26,0.36,1.48,1.07,0.46,0.32,0.29,0.24,0.38,0.49,0.80,0.83,0.36,0.24,0.19,0.24
1787900240.5,-0.00,0.02,96.9,0.77,0.83,0.32,0.17,0.18,0.24,0.27,0.57,3.00,0.62,0.37,0.32,0.25,0.31,0.40,0.80
1787900241.1,-0.00,0.20,88.8,0.77,0.82,0.32,0.16,0.20,0.23,0.31,0.56,3.00,0.64,0.38,0.33,0.26,0.28,0.40,0.80
1787900241.5,0.00,0.47,89.8,0.75,0.72,1.00,0.25,0.20,0.20,0.29,0.43,3.00,0.76,0.41,0.34,0.24,0.33,0.36,0.69
1787900241.9,-0.01,0.70,90.1,0.65,0.68,0.89,0.23,0.25,0.22,0.27,0.46,2.84,0.82,0.42,0.24,0.27,0.29,0.33,0.64
1787900242.4,-0.01,0.92,91.2,0.59,0.59,0.76,0.84,0.24,0.28,0.26,0.45,2.99,0.82,0.43,0.29,0.27,0.28,0.32,0.58
1787900242.8,-0.03,1.14,90.7,0.52,0.51,0.57,0.89,0.77,0.26,0.31,0.52,2.98,0.87,0.33,0.36,0.27,0.24,0.37,0.49
1787900243.3,-0.03,1.18,94.9,0.40,0.41,0.49,0.82,0.74,0.26,0.35,0.55,3.00,0.71,0.38,0.28,0.22,0.26,0.39,0.38
1787900250.9,-0.03,1.20,264.5,1.90,0.93,0.37,0.29,0.21,0.23,0.35,0.41,0.44,0.38,0.48,0.87,0.72,1.35,0.37,0.45
1787900251.4,-0.05,1.02,263.6,1.90,0.95,0.38,0.28,0.23,0.23,0.37,0.42,0.43,0.36,0.49,0.86,0.73,1.35,0.35,0.44
1787900251.9,-0.06,0.98,262.1,1.31,1.38,0.53,0.33,0.25,0.24,0.28,0.49,0.51,0.47,0.54,0.87,0.74,0.26,0.30,0.35
1787900256.4,-0.07,0.98,161.9,0.79,0.22,0.29,0.29,0.62,3.00,0.63,0.32,0.31,0.27,0.26,0.45,0.46,0.47,0.51,0.76
1787900258.8,-0.07,0.98,151.8,0.86,0.72,0.23,0.29,0.32,0.88,1.72,0.53,0.34,0.29,0.26,0.26,0.50,0.45,0.44,0.52
1787900259.4,-0.27,1.13,143.6,0.83,0.71,0.24,0.28,0.31,0.70,2.08,0.57,0.35,0.29,0.27,0.29,0.49,0.46,0.41,0.52
1787900259.9,-0.45,1.26,137.4,0.71,0.72,0.69,0.16,0.27,0.33,3.00,0.72,0.42,0.37,0.33,0.39,0.51,0.47,0.38,0.46
1787900260.4,-0.47,1.28,140.2,0.60,0.68,0.61,1.20,0.90,0.30,2.99,1.02,0.51,0.43,0.39,0.48,0.42,0.40,0.38,0.38
1787900264.5,-0.47,1.29,201.6,1.21,1.49,0.27,0.79,1.18,0.51,0.47,0.36,0.47,0.51,0.42,0.34,0.36,0.44,0.68,0.59
1787900265.0,-0.62,1.23,202.5,1.21,1.47,0.26,0.76,1.15,0.53,0.47,0.37,0.45,0.50,0.43,0.32,0.38,0.41,0.68,0.57
1787900265.4,-0.87,1.14,201.7,1.14,1.26,0.68,0.25,1.59,0.75,0.57,0.44,0.52,0.57,0.43,0.38,0.38,0.54,0.62,0.51
1787900265.8,-1.08,1.07,200.6,1.12,1.27,0.66,0.26,1.61,0.75,0.57,0.47,0.53,0.56,0.45,0.39,0.38,0.54,0.61,0.51
1787900266.3,-1.33,0.99,200.5,1.12,1.27,0.68,0.27,1.60,0.76,0.56,0.47,0.51,0.57,0.44,0.40,0.38,0.55,0.63,0.52
1787900266.8,-1.54,0.93,197.3,1.07,1.25,0.72,0.28,1.86,0.77,0.55,0.47,0.52,0.58,0.52,0.37,0.39,0.53,0.63,0.52
1787900267.2,-1.75,0.86,199.5,1.06,1.26,0.73,0.26,1.86,0.80,0.57,0.45,0.49,0.59,0.50,0.40,0.38,0.53,0.62,0.51
1787900267.7,-1.96,0.79,199.3,1.07,1.25,0.71,0.24,1.85,0.79,0.57,0.46,0.51,0.58,0.50,0.38,0.38,0.51,0.62,0.50
1787900268.1,-2.17,0.71,199.8,1.08,1.26,0.72,0.27,1.84,0.79,0.56,0.47,0.51,0.59,0.48,0.39,0.38,0.50,0.64,0.51
1787900268.6,-2.38,0.65,199.1,1.05,1.24,0.76,0.14,2.19,0.81,0.57,0.46,0.48,0.58,0.49,0.39,0.36,0.48,0.63,0.51
1787900269.2,-2.68,0.56,194.7,1.06,1.24,0.74,0.14,2.09,0.79,0.56,0.47,0.49,0.60,0.51,0.40,0.37,0.48,0.63,0.50
1787900269.6,-2.72,0.55,196.8,1.05,1.24,0.74,0.12,2.17,0.80,0.57,0.47,0.45,0.60,0.50,0.40,0.37,0.49,0.62,0.50
1787900271.8,-2.71,0.55,215.5,1.22,0.79,0.10,3.00,1.01,0.55,0.49,0.45,0.56,0.48,0.35,0.38,0.40,0.65,0.52,0.55
1787900272.2,-2.88,0.46,209.3,1.22,0.80,0.10,3.00,1.00,0.56,0.48,0.44,0.58,0.49,0.36,0.40,0.39,0.65,0.53,0.56
1787900272.7,-3.06,0.34,204.6,1.12,0.81,0.67,0.34,1.07,0.56,0.51,0.45,0.58,0.49,0.37,0.38,0.38,0.62,0.56,0.53
1787900273.1,-3.25,0.23,209.5,1.12,1.50,0.66,0.34,1.09,0.58,0.52,0.45,0.57,0.47,0.36,0.37,0.36,0.61,0.57,0.54
1787900273.6,-3.50,0.11,208.8,1.13,1.46,0.66,0.33,1.12,0.60,0.51,0.45,0.56,0.47,0.36,0.39,0.36,0.61,0.57,0.53
1787900274.1,-3.69,0.01,208.9,1.13,1.49,0.67,0.34,1.09,0.56,0.50,0.43,0.57,0.47,0.35,0.39,0.35,0.63,0.56,0.54
1787900274.5,-3.88,-0.10,209.1,1.13,1.49,0.65,0.34,1.09,0.59,0.52,0.46,0.56,0.46,0.38,0.38,0.38,0.62,0.59,0.55
1787900274.9,-4.08,-0.21,206.6,1.14,0.82,0.68,0.35,1.08,0.54,0.52,0.44,0.57,0.46,0.36,0.37,0.38,0.63,0.58,0.55
1787900275.4,-4.28,-0.31,204.3,1.11,1.50,0.68,0.33,1.10,0.59,0.55,0.44,0.59,0.47,0.37,0.37,0.36,0.63,0.56,0.55
1787900275.8,-4.48,-0.41,206.1,1.12,1.48,0.64,0.35,1.08,0.59,0.52,0.45,0.56,0.47,0.36,0.37,0.38,0.62,0.59,0.54
1787900276.3,-4.70,-0.54,208.9,1.12,1.46,0.66,0.33,1.13,0.68,0.52,0.46,0.55,0.47,0.36,0.38,0.39,0.63,0.60,0.54
1787900276.8,-4.73,-0.56,204.6,1.11,1.49,0.66,0.33,1.12,0.61,0.53,0.45,0.54,0.47,0.36,0.36,0.35,0.61,0.60,0.56
1787900278.8,-4.73,-0.55,219.8,1.25,0.68,0.28,1.58,0.78,0.58,0.46,0.45,0.58,0.44,0.38,0.37,0.54,0.62,0.50,1.11
1787900279.3,-4.87,-0.69,224.7,1.27,0.69,0.27,1.60,0.77,0.57,0.48,0.51,0.56,0.46,0.35,0.37,0.56,0.63,0.51,1.11
1787900279.8,-5.03,-0.83,224.0,1.26,0.70,0.27,1.84,0.79,0.57,0.46,0.49,0.58,0.47,0.37,0.39,0.53,0.61,0.50,1.10
1787900280.2,-5.20,-0.97,220.6,1.22,0.75,0.13,1.88,0.78,0.58,0.46,0.49,0.58,0.51,0.39,0.38,0.49,0.64,0.52,1.04
1787900280.6,-5.37,-1.11,217.6,1.26,0.73,0.12,2.10,0.82,0.57,0.48,0.48,0.59,0.51,0.40,0.38,0.50,0.63,0.49,1.04
1787900281.1,-5.55,-1.24,217.4,1.25,0.75,0.11,2.54,0.84,0.54,0.49,0.48,0.59,0.49,0.40,0.35,0.44,0.63,0.50,0.54
1787900281.5,-5.73,-1.38,214.0,1.22,0.76,0.12,2.25,0.83,0.56,0.47,0.49,0.59,0.49,0.39,0.37,0.44,0.63,0.51,0.57
1787900281.9,-5.90,-1.51,216.9,1.22,0.75,0.13,2.20,0.81,0.56,0.45,0.48,0.60,0.49,0.39,0.37,0.46,0.62,0.49,0.54
1787900282.4,-6.09,-1.63,215.9,1.23,0.75,0.12,2.23,0.81,0.55,0.48,0.49,0.58,0.49,0.38,0.37,0.45,0.64,0.50,0.55
1787900282.8,-6.27,-1.77,215.8,1.24,0.79,0.12,2.36,0.82,0.56,0.48,0.47,0.59,0.48,0.37,0.36,0.43,0.63,0.51,0.55
1787900283.3,-6.44,-1.90,220.0,1.25,0.75,0.12,2.21,0.82,0.54,0.48,0.50,0.58,0.49,0.39,0.39,0.46,0.64,0.51,0.57
1787900283.8,-6.62,-2.03,218.2,1.22,0.75,0.12,2.25,0.82,0.56,0.49,0.47,0.58,0.48,0.39,0.37,0.45,0.62,0.50,0.57
1787900284.3,-6.69,-2.09,214.7,1.25,0.77,0.12,2.55,0.84,0.55,0.48,0.48,0.58,0.50,0.40,0.38,0.44,0.64,0.50,0.55
1787900284.8,-6.68,-2.09,214.0,1.25,0.79,0.10,2.55,0.85,0.55,0.49,0.48,0.58,0.50,0.40,0.38,0.43,0.65,0.50,0.56
1787900285.2,-6.83,-2.21,215.4,1.22,0.77,0.11,2.55,0.85,0.55,0.49,0.47,0.57,0.48,0.37,0.37,0.43,0.64,0.51,0.55
1787900285.7,-7.00,-2.35,214.7,1.24,0.77,0.10,2.76,0.90,0.55,0.49,0.48,0.56,0.48,0.36,0.36,0.41,0.65,0.53,0.57
1787900286.1,-7.18,-2.49,217.6,1.23,0.76,0.11,2.57,0.85,0.55,0.50,0.46,0.60,0.48,0.39,0.36,0.44,0.61,0.51,0.55
1787900286.6,-7.35,-2.62,208.6,1.22,0.77,0.10,2.61,0.86,0.57,0.48,0.46,0.59,0.49,0.38,0.39,0.42,0.64,0.54,0.56
1787900287.1,-7.57,-2.78,218.8,1.20,0.78,0.09,3.00,1.00,0.55,0.50,0.44,0.57,0.48,0.36,0.38,0.39,0.66,0.53,0.55
1787900287.5,-7.75,-2.92,213.1,1.23,0.79,0.11,2.77,0.90,0.56,0.48,0.45,0.57,0.49,0.36,0.37,0.40,0.64,0.51,0.55
1787900288.0,-7.94,-3.04,215.6,1.21,0.77,0.09,3.00,0.99,0.54,0.47,0.45,0.58,0.49,0.37,0.37,0.39,0.64,0.52,0.57
1787900288.4,-8.12,-3.17,211.6,1.23,0.76,0.10,2.99,0.95,0.56,0.48,0.46,0.57,0.48,0.36,0.38,0.40,0.65,0.51,0.56
1787900288.9,-8.29,-3.30,215.9,1.22,0.76,0.10,2.64,0.88,0.56,0.48,0.45,0.58,0.48,0.37,0.36,0.41,0.63,0.51,0.56
1787900289.4,-8.50,-3.46,216.0,1.24,0.77,0.12,2.57,0.83,0.55,0.48,0.47,0.58,0.49,0.36,0.39,0.43,0.65,0.52,0.56
1787900289.8,-8.53,-3.48,213.5,1.21,0.80,0.09,3.00,0.95,0.57,0.49,0.46,0.56,0.48,0.36,0.38,0.40,0.64,0.51,0.55
1787900294.3,-8.53,-3.47,294.5,1.21,0.74,0.54,0.45,0.56,0.45,0.38,0.36,0.37,0.61,0.61,0.55,1.14,1.44,0.68,0.31
1787900298.6,-8.54,-3.48,227.3,1.49,0.66,0.35,1.08,0.57,0.51,0.45,0.55,0.47,0.39,0.40,0.39,0.62,0.58,0.53,1.14
1787900299.1,-8.66,-3.63,230.6,1.49,0.68,0.34,1.09,0.56,0.52,0.44,0.56,0.47,0.37,0.38,0.37,0.62,0.57,0.54,1.12
1787900299.5,-8.79,-3.80,233.5,1.50,0.65,0.31,1.11,0.57,0.50,0.45,0.56,0.47,0.36,0.38,0.39,0.62,0.56,0.54,1.11
1787900300.0,-8.93,-3.98,230.1,0.81,0.68,0.34,1.06,0.57,0.51,0.44,0.58,0.47,0.37,0.40,0.38,0.63,0.55,0.55,1.13
1787900300.4,-9.06,-4.16,234.7,0.81,0.68,0.35,1.07,0.57,0.52,0.46,0.57,0.48,0.37,0.38,0.37,0.62,0.56,0.52,1.14
1787900300.8,-9.21,-4.33,231.8,0.81,0.68,0.36,1.07,0.57,0.51,0.43,0.58,0.47,0.36,0.37,0.39,0.65,0.56,0.54,1.15
1787900301.3,-9.35,-4.50,229.5,0.81,0.66,0.34,1.06,0.56,0.50,0.45,0.56,0.48,0.37,0.38,0.38,0.64,0.56,0.54,1.13
1787900301.7,-9.50,-4.67,235.5,1.50,0.67,0.33,1.08,0.57,0.53,0.45,0.55,0.49,0.38,0.38,0.39,0.61,0.58,0.55,1.13
1787900302.2,-9.63,-4.85,237.0,0.81,0.68,0.34,1.06,0.58,0.51,0.43,0.57,0.46,0.36,0.38,0.40,0.63,0.55,0.54,1.13
1787900302.6,-9.75,-5.04,233.1,0.81,0.67,0.34,1.07,0.56,0.53,0.44,0.57,0.47,0.37,0.38,0.40,0.62,0.58,0.54,1.14
1787900303.1,-9.77,-5.07,233.6,0.79,0.11,3.00,1.04,0.56,0.50,0.42,0.56,0.48,0.35,0.38,0.38,0.64,0.54,0.56,1.18
1787900305.2,-9.77,-5.07,221.2,1.25,0.72,0.13,1.85,0.78,0.50,0.49,0.50,0.59,0.49,0.38,0.37,0.52,0.54,0.50,1.08
1787900305.7,-9.92,-5.19,217.7,1.26,0.72,0.15,1.85,0.80,0.56,0.46,0.53,0.60,0.49,0.39,0.36,0.50,0.63,0.49,1.07
1787900306.1,-10.11,-5.33,222.4,1.24,0.76,0.12,2.18,0.80,0.56,0.47,0.48,0.59,0.50,0.40,0.36,0.44,0.62,0.51,0.54
1787900306.6,-10.31,-5.51,222.3,1.25,0.75,0.13,2.19,0.81,0.56,0.46,0.49,0.59,0.50,0.40,0.35,0.50,0.61,0.48,1.05
1787900307.1,-10.49,-5.65,220.9,1.26,0.77,0.12,2.19,0.81,0.57,0.47,0.48,0.60,0.50,0.39,0.35,0.47,0.63,0.51,0.54
1787900307.5,-10.66,-5.79,220.1,1.24,0.74,0.13,2.22,0.83,0.55,0.46,0.48,0.58,0.49,0.38,0.37,0.44,0.63,0.51,0.55
1787900308.0,-10.83,-5.93,217.3,1.24,0.71,0.11,1.84,0.78,0.58,0.47,0.51,0.58,0.49,0.39,0.38,0.51,0.63,0.51,1.07
1787900308.4,-11.00,-6.08,216.2,1.26,0.72,0.14,1.87,0.79,0.57,0.48,0.49,0.58,0.49,0.39,0.36,0.52,0.64,0.50,1.07
1787900308.8,-11.16,-6.23,221.0,1.24,0.73,0.13,1.84,0.79,0.57,0.47,0.50,0.60,0.49,0.39,0.36,0.51,0.63,0.50,1.07
1787900309.4,-11.37,-6.40,220.3,1.24,0.74,0.12,1.84,0.82,0.56,0.47,0.50,0.58,0.49,0.39,0.38,0.46,0.63,0.49,0.55
1787900309.8,-11.55,-6.53,222.3,1.23,0.74,0.13,2.16,0.79,0.57,0.49,0.49,0.60,0.50,0.40,0.36,0.46,0.62,0.49,1.07
1787900310.3,-11.58,-6.55,219.3,1.24,0.74,0.13,2.21,0.81,0.55,0.48,0.49,0.58,0.48,0.40,0.36,0.45,0.63,0.51,0.55
1787900310.9,-11.58,-6.55,217.0,1.26,0.75,0.10,2.21,0.81,0.57,0.47,0.49,0.60,0.46,0.40,0.37,0.47,0.62,0.49,0.55
1787900311.5,-11.73,-6.66,214.5,1.22,0.76,0.11,2.20,0.80,0.56,0.46,0.50,0.59,0.49,0.40,0.37,0.45,0.64,0.49,0.55
1787900311.9,-11.95,-6.82,216.2,1.25,0.79,0.12,2.59,0.86,0.55,0.47,0.47,0.58,0.49,0.39,0.35,0.42,0.63,0.49,0.56
1787900312.3,-12.12,-6.96,217.3,1.24,0.76,0.11,2.35,0.83,0.56,0.47,0.48,0.60,0.49,0.38,0.35,0.43,0.62,0.52,0.57
1787900313.0,-12.39,-7.14,218.2,1.21,0.76,0.12,2.55,0.85,0.56,0.49,0.47,0.60,0.47,0.40,0.35,0.43,0.65,0.51,0.54
1787900313.5,-12.60,-7.28,216.8,1.22,0.77,0.10,2.61,0.86,0.56,0.48,0.47,0.57,0.48,0.38,0.37,0.43,0.64,0.52,0.55
1787900314.0,-12.82,-7.46,218.8,1.23,0.77,0.10,3.00,0.95,0.56,0.50,0.45,0.58,0.48,0.37,0.36,0.40,0.67,0.51,0.55
1787900314.5,-13.02,-7.59,215.8,1.25,0.79,0.11,2.76,0.87,0.55,0.49,0.44,0.58,0.48,0.36,0.39,0.44,0.65,0.50,0.54
1787900315.0,-13.21,-7.71,215.1,1.23,0.79,0.10,2.80,0.94,0.56,0.50,0.46,0.57,0.50,0.37,0.38,0.41,0.64,0.51,0.53
1787900315.4,-13.39,-7.83,214.7,1.25,0.76,0.10,2.78,0.94,0.54,0.49,0.47,0.57,0.47,0.36,0.38,0.42,0.63,0.51,0.56
1787900315.9,-13.42,-7.85,215.9,1.21,0.76,0.10,2.77,0.91,0.55,0.49,0.46,0.58,0.50,0.36,0.37,0.40,0.64,0.53,0.56
1787900320.8,-13.43,-7.85,297.9,1.09,0.58,0.51,0.46,0.56,0.47,0.36,0.39,0.37,0.64,0.57,0.55,1.14,1.48,0.67,0.33
1787900325.0,-13.43,-7.85,231.7,0.78,0.09,2.99,1.03,0.56,0.50,0.44,0.57,0.50,0.37,0.36,0.41,0.65,0.54,0.57,1.21
1787900327.3,-13.43,-7.85,214.5,1.25,0.78,0.10,2.54,0.83,0.57,0.48,0.46,0.59,0.49,0.39,0.36,0.46,0.62,0.51,0.56
1787900327.7,-13.58,-7.97,218.5,1.25,0.78,0.10,2.53,0.84,0.54,0.49,0.47,0.59,0.49,0.39,0.37,0.47,0.63,0.50,0.54
1787900328.2,-13.74,-8.12,222.5,1.23,0.73,0.11,1.86,0.79,0.56,0.48,0.48,0.61,0.50,0.40,0.37,0.50,0.62,0.51,1.05
1787900328.6,-13.91,-8.26,222.4,1.24,0.74,0.13,1.86,0.79,0.58,0.48,0.49,0.59,0.50,0.40,0.36,0.50,0.63,0.50,1.07
1787900329.1,-14.11,-8.43,220.3,1.25,0.71,0.15,1.86,0.78,0.56,0.47,0.51,0.59,0.51,0.38,0.36,0.51,0.62,0.51,1.08
1787900329.6,-14.28,-8.56,224.2,1.26,0.74,0.12,1.87,0.79,0.56,0.48,0.49,0.59,0.48,0.40,0.37,0.50,0.62,0.49,1.06
1787900330.1,-14.48,-8.72,218.4,1.25,0.70,0.13,1.85,0.79,0.54,0.47,0.51,0.58,0.48,0.38,0.37,0.51,0.63,0.50,1.09
1787900330.6,-14.68,-8.89,220.1,1.23,0.74,0.13,2.17,0.82,0.57,0.48,0.48,0.59,0.50,0.39,0.37,0.46,0.61,0.50,1.04
1787900331.1,-14.89,-9.07,220.3,1.25,0.73,0.12,2.18,0.81,0.55,0.45,0.49,0.62,0.49,0.37,0.37,0.48,0.62,0.51,1.06
1787900331.6,-15.06,-9.21,222.0,1.26,0.73,0.12,1.85,0.81,0.56,0.48,0.47,0.58,0.49,0.40,0.36,0.47,0.62,0.50,1.05
1787900332.1,-15.27,-9.36,217.5,1.24,0.75,0.11,1.87,0.79,0.58,0.47,0.50,0.61,0.49,0.38,0.39,0.50,0.63,0.50,1.07
1787900332.6,-15.33,-9.40,216.9,1.24,0.74,0.11,2.34,0.84,0.57,0.49,0.47,0.58,0.50,0.38,0.38,0.44,0.64,0.50,0.57
1787900337.4,-15.34,-9.39,300.2,1.07,0.56,0.51,0.46,0.57,0.47,0.36,0.36,0.39,0.62,0.56,0.54,1.12,0.82,0.67,0.35
1787900340.9,-15.34,-9.40,258.3,0.09,2.64,0.89,0.56,0.50,0.46,0.58,0.49,0.39,0.36,0.41,0.63,0.50,0.56,1.24,0.78
1787900343.9,-15.34,-9.40,297.8,1.21,0.72,0.55,0.45,0.56,0.47,0.34,0.37,0.37,0.60,0.60,0.54,1.15,1.45,0.67,0.30
1787900346.4,-15.34,-9.39,317.2,0.75,0.57,0.46,0.54,0.50,0.41,0.36,0.37,0.57,0.62,0.51,1.15,1.30,0.67,0.30,1.53
1787900346.8,-15.22,-9.53,310.5,0.75,0.54,0.45,0.51,0.51,0.39,0.38,0.35,0.55,0.62,0.51,1.13,1.32,0.68,0.28,1.53
1787900347.3,-15.07,-9.70,314.5,0.70,0.52,0.44,0.43,0.56,0.48,0.41,0.42,0.57,0.68,0.56,1.19,0.11,0.17,0.29,1.49
1787900347.7,-14.93,-9.87,307.9,0.64,0.43,0.39,0.37,0.53,0.47,0.44,0.46,0.59,0.74,0.65,0.13,0.17,0.21,0.63,1.46
1787900348.2,-14.90,-9.90,311.7,0.54,0.36,0.38,0.33,0.42,0.60,0.56,0.56,0.72,0.80,0.17,0.19,0.21,0.28,1.30,1.28
1787900350.5,-14.90,-9.90,296.8,0.87,0.53,0.34,0.32,0.33,0.53,0.54,0.56,0.56,0.83,0.20,0.17,0.21,0.21,0.42,2.99
1787900351.0,-14.83,-10.07,294.3,0.87,0.51,0.35,0.33,0.32,0.55,0.51,0.51,0.59,0.83,0.19,0.18,0.21,0.21,0.41,3.00
1787900351.5,-14.74,-10.28,295.5,0.79,0.47,0.28,0.32,0.34,0.38,0.64,0.51,0.66,0.91,0.23,0.23,0.19,0.22,0.44,3.00
1787900351.9,-14.66,-10.48,292.0,0.73,0.40,0.26,0.27,0.30,0.35,0.67,0.73,0.72,0.99,0.26,0.21,0.19,0.31,0.47,2.99
1787900352.5,-14.65,-10.52,288.2,0.68,0.34,0.31,0.19,0.27,0.32,0.67,0.79,0.80,0.39,0.30,0.20,0.26,0.30,0.61,3.00
1787900359.1,-14.65,-10.54,83.5,0.76,0.80,1.04,0.32,0.21,0.32,0.27,0.42,1.83,0.81,0.38,0.33,0.21,0.23,0.33,0.44
1787900359.6,-14.63,-10.35,87.3,0.76,0.77,1.05,0.30,0.19,0.25,0.28,0.42,1.83,0.83,0.37,0.31,0.19,0.25,0.33,0.44
1787900360.2,-14.63,-10.26,83.1,0.64,0.67,0.78,0.30,0.29,0.22,0.34,0.46,1.60,1.16,0.40,0.24,0.20,0.28,0.31,0.38
1787900363.5,-14.63,-10.26,121.5,0.73,1.01,0.30,0.26,0.25,0.36,0.74,3.00,0.55,0.34,0.20,0.25,0.27,0.32,0.66,0.68
1787900364.0,-14.71,-10.10,116.3,0.72,1.03,0.30,0.25,0.27,0.35,0.73,3.00,0.53,0.35,0.19,0.26,0.28,0.30,0.68,0.66
1787900364.4,-14.81,-9.90,117.9,0.63,0.92,0.26,0.27,0.22,0.35,0.54,3.00,0.71,0.41,0.26,0.30,0.28,0.34,0.61,0.59
1787900364.8,-14.91,-9.70,114.5,0.56,0.81,0.72,0.21,0.24,0.25,0.45,2.99,0.81,0.35,0.35,0.31,0.28,0.47,0.50,0.49
1787900365.3,-14.93,-9.66,115.7,0.47,0.69,0.76,0.69,0.17,0.28,0.30,3.00,0.91,0.40,0.39,0.32,0.34,0.49,0.45,0.40
1787900367.7,-14.93,-9.66,129.3,0.51,0.79,0.65,0.17,0.23,0.30,1.32,1.41,0.58,0.41,0.33,0.29,0.46,0.47,0.46,0.47
1787900368.1,-15.04,-9.51,127.4,0.52,0.79,0.65,0.18,0.23,0.29,1.30,1.42,0.57,0.41,0.34,0.32,0.46,0.47,0.46,0.47
1787900368.6,-15.06,-9.49,127.0,0.44,0.74,0.62,0.66,0.14,0.27,0.35,2.16,0.70,0.47,0.40,0.35,0.49,0.41,0.38,0.40
1787900370.5,-15.06,-9.49,138.9,0.60,0.72,0.64,1.20,0.18,0.31,2.99,1.00,0.48,0.42,0.33,0.45,0.51,0.45,0.37,0.44
1787900371.0,-15.21,-9.34,139.6,0.59,0.71,0.66,1.21,0.18,0.32,3.00,1.01,0.47,0.41,0.33,0.42,0.52,0.45,0.35,0.41
1787900371.5,-15.26,-9.29,135.5,0.41,0.61,0.53,1.18,1.43,0.70,0.40,1.24,0.57,0.49,0.38,0.53,0.41,0.31,0.32,0.33
1787900378.3,-15.24,-9.31,322.4,0.56,0.44,0.46,0.50,0.40,0.28,0.32,0.32,0.59,0.61,0.57,1.23,0.87,0.31,2.98,0.84
1787900378.7,-15.09,-9.42,324.8,0.56,0.43,0.46,0.52,0.41,0.29,0.30,0.32,0.57,0.63,0.59,1.23,0.86,0.33,3.00,0.85
1787900379.2,-15.06,-9.44,321.6,0.49,0.37,0.35,0.45,0.41,0.38,0.37,0.39,0.64,0.68,0.66,1.30,0.19,0.35,3.00,0.79
1787900386.4,-15.08,-9.43,153.7,0.72,0.59,1.18,1.36,0.28,0.60,1.55,0.67,0.47,0.36,0.39,0.50,0.41,0.32,0.37,0.41
1787900386.9,-15.08,-9.43,154.7,0.73,0.61,1.18,1.35,0.27,0.58,1.55,0.69,0.50,0.34,0.38,0.47,0.41,0.31,0.37,0.40
1787900392.8,-15.08,-9.42,284.2,1.84,0.71,0.48,0.37,0.37,0.49,0.40,0.32,0.37,0.41,0.71,0.62,0.66,1.31,0.24,0.35
1787900396.9,-15.09,-9.42,223.1,0.17,0.30,1.43,1.16,0.50,0.44,0.35,0.41,0.50,0.42,0.31,0.38,0.43,0.71,0.60,1.25
1787900401.4,-15.09,-9.42,157.9,0.70,0.63,1.23,0.18,0.31,3.00,1.06,0.50,0.41,0.35,0.43,0.48,0.44,0.34,0.39,0.47
1787900401.8,-15.27,-9.37,157.6,0.69,0.61,1.23,0.16,0.32,3.00,1.04,0.49,0.41,0.35,0.44,0.50,0.43,0.34,0.39,0.49
1787900402.2,-15.48,-9.29,160.7,0.63,0.53,1.19,1.45,0.69,0.37,1.22,0.59,0.49,0.41,0.51,0.42,0.33,0.34,0.34,0.47
1787900402.7,-15.69,-9.21,158.3,0.56,0.46,0.55,1.28,0.77,0.69,1.59,0.80,0.59,0.50,0.58,0.46,0.30,0.31,0.27,0.48
1787900403.3,-15.73,-9.20,163.3,0.45,0.38,0.46,1.24,0.82,0.79,0.28,0.89,0.67,0.58,0.63,0.32,0.30,0.23,0.25,0.42
1787900407.6,-15.73,-9.19,239.9,1.55,0.71,0.57,1.13,0.73,0.58,0.62,0.49,0.32,0.27,0.22,0.35,0.49,0.45,0.39,1.08
1787900408.1,-15.83,-9.35,237.5,1.54,0.73,0.57,1.15,0.72,0.56,0.63,0.51,0.32,0.26,0.23,0.37,0.50,0.44,0.40,1.08
1787900408.5,-15.96,-9.53,232.8,1.39,0.67,0.69,0.27,0.74,0.67,0.66,0.58,0.38,0.30,0.29,0.45,0.47,0.35,0.37,1.01
1787900409.0,-16.09,-9.71,232.6,1.30,0.64,0.64,0.45,0.24,0.73,0.68,0.77,0.48,0.36,0.38,0.48,0.44,0.30,0.35,0.92
1787900409.4,-16.23,-9.88,234.6,1.23,0.59,0.57,0.47,0.26,0.25,0.69,0.87,0.56,0.42,0.47,0.54,0.32,0.28,0.28,0.88
1787900409.8,-16.37,-10.06,228.8,1.15,0.52,0.48,0.55,0.42,0.29,0.27,0.91,0.64,0.42,0.55,0.50,0.26,0.27,0.73,0.79
1787900410.3,-16.51,-10.23,231.1,1.03,0.45,0.41,0.52,0.42,0.40,0.31,0.98,0.71,0.55,0.65,0.30,0.25,0.21,0.68,0.71
1787900410.8,-16.54,-10.26,231.7,0.94,0.39,0.37,0.39,0.55,0.47,0.36,1.05,0.80,0.62,0.66,0.28,0.21,0.45,0.65,0.68
1787900412.8,-16.54,-10.26,214.2,0.76,1.08,0.38,0.37,0.47,0.48,0.43,0.38,1.07,0.76,0.66,0.60,0.24,0.22,0.61,0.68
1787900413.2,-16.69,-10.37,212.4,0.75,1.08,0.40,0.34,0.46,0.46,0.44,0.40,1.09,0.75,0.65,0.60,0.23,0.21,0.62,0.65
1787900413.6,-16.87,-10.50,214.8,0.66,0.91,1.39,0.34,0.34,0.55,0.50,0.44,1.14,0.84,0.70,0.32,0.19,0.36,0.56,0.60
1787900414.1,-17.05,-10.63,214.0,0.58,0.84,1.35,0.30,0.34,0.53,0.54,0.51,1.23,0.89,0.79,0.21,0.24,0.38,0.47,0.53
1787900414.8,-17.13,-10.68,217.7,0.48,0.64,1.28,0.50,0.25,0.36,0.66,0.62,1.32,0.93,0.27,0.24,0.33,0.42,0.41,0.41
1787900416.9,-17.13,-10.68,232.8,0.53,0.91,1.19,0.26,0.34,0.66,0.68,0.66,1.02,0.86,0.25,0.31,0.36,0.43,0.45,0.45
1787900417.4,-17.25,-10.83,235.3,0.52,0.93,1.18,0.24,0.36,0.65,0.64,0.66,1.06,0.87,0.25,0.32,0.36,0.42,0.43,0.45
1787900418.0,-17.27,-10.86,229.3,0.45,0.82,1.12,0.41,0.27,0.40,0.70,0.73,1.12,0.36,0.34,0.36,0.47,0.40,0.34,0.37
1787900421.1,-17.27,-10.86,268.7,1.21,0.45,0.24,0.35,0.68,0.69,1.28,0.93,0.30,0.38,0.39,0.40,0.38,0.36,0.42,0.69
1787900421.5,-17.29,-11.04,264.8,1.23,0.46,0.21,0.35,0.67,0.67,1.27,0.91,0.31,0.38,0.38,0.40,0.38,0.36,0.43,0.68
1787900422.0,-17.31,-11.27,262.4,1.14,1.68,0.33,0.19,0.71,0.72,1.45,1.00,0.38,0.42,0.49,0.44,0.32,0.36,0.39,0.63
1787900422.4,-17.32,-11.48,266.6,1.07,1.02,0.31,0.24,0.19,0.71,0.84,1.00,0.47,0.50,0.57,0.43,0.31,0.34,0.35,0.55
1787900422.9,-17.34,-11.71,268.0,0.99,0.95,0.27,0.24,0.21,0.19,0.85,1.20,0.54,0.57,0.53,0.34,0.32,0.30,0.38,0.53
1787900423.3,-17.35,-11.93,267.5,0.92,0.87,0.27,0.21,0.23,0.22,0.87,1.28,0.63,0.63,0.55,0.33,0.27,0.27,0.38,0.52
1787900423.7,-17.38,-12.15,265.3,0.83,0.80,0.37,0.19,0.20,0.26,0.27,1.41,0.70,0.69,0.45,0.34,0.24,0.30,0.35,0.46
1787900424.2,-17.41,-12.37,265.3,0.73,0.69,1.28,0.19,0.17,0.22,0.31,1.51,0.78,0.79,0.46,0.28,0.24,0.29,0.29,0.41
1787900424.7,-17.41,-12.41,265.4,0.66,0.59,1.27,0.27,0.24,0.20,0.34,0.43,0.86,0.88,0.48,0.27,0.26,0.26,0.29,0.32
1787900431.5,-17.42,-12.39,112.0,0.79,0.37,0.25,0.27,0.25,0.30,0.38,0.66,0.65,1.04,0.28,0.21,0.23,0.38,1.47,0.88
1787900434.0,-17.42,-12.39,89.9,0.90,0.79,0.30,0.28,0.27,0.24,0.31,0.59,0.68,0.66,1.03,0.28,0.20,0.20,0.38,1.45
1787900434.5,-17.42,-12.20,90.7,0.89,0.76,0.31,0.26,0.27,0.25,0.28,0.59,0.65,0.65,1.03,0.27,0.24,0.21,0.36,1.44
1787900434.9,-17.40,-11.98,96.5,0.82,0.72,0.41,0.23,0.27,0.26,0.30,0.43,0.73,0.75,1.09,0.26,0.20,0.28,0.33,1.39
1787900435.5,-17.40,-11.71,91.3,0.71,0.71,0.39,0.30,0.24,0.27,0.34,0.46,0.83,0.82,0.38,0.20,0.24,0.26,0.29,1.28
1787900435.9,-17.39,-11.48,89.3,0.64,0.66,0.47,0.32,0.26,0.27,0.38,0.52,0.92,1.49,0.26,0.23,0.26,0.23,1.65,1.21
1787900436.3,-17.38,-11.26,88.8,0.55,0.54,0.46,0.31,0.30,0.27,0.35,0.56,0.99,1.59,0.28,0.28,0.22,0.81,1.50,1.14
1787900436.8,-17.38,-11.22,85.0,0.46,0.48,0.43,0.35,0.28,0.30,0.30,0.55,1.08,1.63,0.34,0.26,0.39,0.81,1.44,1.07
1787900440.3,-17.37,-11.22,45.5,1.26,0.48,0.49,0.46,0.42,0.29,0.29,0.30,0.35,0.64,1.06,0.59,0.33,0.21,0.76,0.78
1787900440.8,-17.25,-11.07,43.9,1.28,0.49,0.49,0.49,0.43,0.32,0.28,0.30,0.35,0.64,1.06,0.57,0.34,0.22,0.75,0.78
1787900441.3,-17.09,-10.91,47.1,1.33,1.00,0.40,0.45,0.51,0.44,0.34,0.38,0.41,0.72,1.12,0.39,0.27,0.23,0.69,0.70
1787900441.7,-16.95,-10.75,47.6,1.27,0.93,0.33,0.41,0.43,0.46,0.41,0.43,0.49,0.81,1.11,0.38,0.20,0.31,0.62,0.64
1787900442.2,-16.79,-10.59,45.8,1.19,0.85,0.30,0.29,0.41,0.51,0.50,0.48,0.55,0.90,1.16,0.22,0.28,0.48,0.55,0.55
1787900442.7,-16.60,-10.42,45.4,1.11,0.80,0.82,0.27,0.35,0.48,0.58,0.52,0.63,0.97,0.26,0.28,0.28,0.53,0.52,0.50
1787900443.1,-16.44,-10.26,47.8,1.00,0.77,0.74,0.34,0.23,0.43,0.58,0.60,0.72,1.06,0.32,0.32,0.44,0.48,0.49,0.42
1787900443.6,-16.42,-10.23,46.7,0.93,0.69,0.70,0.37,0.25,0.26,0.63,0.67,0.83,1.44,0.37,0.35,0.47,0.41,0.36,0.38
1787900444.1,-16.42,-10.23,44.8,0.92,0.69,0.69,0.36,0.25,0.24,0.62,0.68,0.83,1.45,0.37,0.36,0.48,0.43,0.36,0.37
1787900450.9,-16.43,-10.25,232.2,1.02,0.36,0.35,0.44,0.48,0.41,0.35,1.00,0.78,0.62,0.69,0.31,0.20,0.48,0.71,0.77
1787900458.4,-16.42,-10.23,61.3,0.74,0.64,0.67,0.30,0.22,0.68,0.69,0.78,1.09,0.39,0.34,0.46,0.43,0.39,0.35,1.05
1787900458.9,-16.32,-10.07,57.3,0.76,0.64,0.66,0.30,0.24,0.66,0.69,0.79,1.10,0.38,0.32,0.46,0.43,0.39,0.36,1.04
1787900459.3,-16.19,-9.89,59.2,0.70,0.57,0.63,0.31,0.25,0.28,0.77,0.84,1.15,0.46,0.41,0.49,0.43,0.32,0.31,0.97
1787900459.7,-16.07,-9.70,56.4,0.64,0.57,0.58,0.48,0.28,0.27,0.74,0.86,1.19,0.53,0.51,0.56,0.39,0.27,0.28,0.90
1787900460.2,-15.95,-9.51,55.5,0.54,0.42,0.48,0.55,0.31,0.31,0.30,0.92,1.27,0.57,0.58,0.45,0.25,0.22,0.69,0.82
1787900460.7,-15.93,-9.48,54.5,0.45,0.36,0.38,0.49,0.43,0.31,0.37,0.96,1.33,0.64,0.62,0.43,0.23,0.71,0.67,0.66
1787900466.6,-15.93,-9.50,283.1,0.64,0.27,0.20,0.69,0.69,0.64,0.46,0.36,0.40,0.50,0.44,0.33,0.37,1.05,1.44,0.59
1787900467.1,-15.93,-9.50,286.7,0.63,0.26,0.16,0.69,0.68,0.61,0.47,0.35,0.39,0.52,0.46,0.33,0.36,1.04,1.44,0.57
1787900467.6,-15.93,-9.50,282.6,0.62,0.25,0.19,0.67,0.70,0.64,0.47,0.34,0.39,0.50,0.44,0.34,0.37,1.00,1.43,0.58
1787900468.2,-15.93,-9.50,285.8,0.63,0.27,0.20,0.68,0.69,0.62,0.47,0.34,0.39,0.51,0.44,0.33,0.37,1.04,1.43,0.59
1787900470.4,-15.93,-9.50,265.9,0.61,0.54,0.25,0.18,0.63,0.72,0.63,0.43,0.35,0.46,0.52,0.37,0.34,1.04,1.09,0.68
1787900470.8,-15.93,-9.69,267.9,0.61,0.54,0.25,0.19,0.64,0.73,0.61,0.42,0.36,0.43,0.51,0.36,0.31,0.38,1.08,0.69
1787900471.3,-15.94,-9.91,270.6,0.52,0.56,0.23,0.20,0.16,0.73,0.68,0.51,0.42,0.54,0.52,0.32,0.37,0.94,1.05,0.61
1787900471.9,-15.94,-9.95,263.8,0.43,0.49,0.33,0.18,0.17,0.20,0.81,0.59,0.50,0.61,0.55,0.37,0.35,0.90,1.01,0.54
1787900477.9,-15.96,-9.96,56.5,0.74,0.56,0.55,0.66,0.36,0.35,0.83,0.96,1.26,0.47,0.49,0.39,0.27,0.17,0.21,0.82
1787900478.4,-15.85,-9.81,52.2,0.75,0.55,0.54,0.65,0.37,0.34,0.85,0.94,1.26,0.44,0.50,0.37,0.28,0.19,0.21,0.82
1787900478.8,-15.71,-9.63,55.4,0.67,0.50,0.43,0.60,0.54,0.39,0.41,0.96,1.29,0.51,0.56,0.38,0.17,0.15,0.13,0.73
1787900479.2,-15.57,-9.46,47.9,0.60,0.45,0.39,0.52,0.56,0.40,0.42,1.05,1.38,0.56,0.57,0.15,0.13,0.65,0.55,0.68
1787900479.7,-15.42,-9.29,49.2,0.50,0.40,0.34,0.36,0.58,0.50,0.49,1.08,1.44,0.64,0.24,1.16,0.71,0.56,0.50,0.61
1787900480.2,-15.40,-9.26,51.2,0.44,0.30,0.28,0.30,0.50,0.60,0.50,1.17,1.48,0.71,0.42,1.15,0.59,0.52,0.45,0.53
1787900485.3,-15.39,-9.26,156.0,0.62,0.52,0.56,1.26,0.86,0.18,1.93,0.85,0.58,0.44,0.52,0.43,0.30,0.30,0.30,0.34
1787900492.6,-15.37,-9.27,336.6,0.53,0.44,0.54,0.42,0.29,0.29,0.30,0.39,0.59,0.52,0.58,1.33,0.75,0.36,1.37,0.66
1787900493.0,-15.20,-9.35,334.9,0.55,0.42,0.53,0.43,0.28,0.29,0.29,0.38,0.60,0.51,0.58,1.33,0.75,0.37,1.37,0.64
1787900493.5,-15.17,-9.37,337.2,0.47,0.35,0.44,0.49,0.43,0.29,0.33,0.39,0.68,0.58,1.16,1.34,0.20,0.41,1.54,0.68
1787900498.6,-15.18,-9.38,229.1,1.54,0.34,2.99,1.04,0.54,0.44,0.38,0.46,0.41,0.37,0.33,0.36,0.52,0.67,0.59,1.22
1787900502.3,-15.18,-9.37,293.3,1.55,0.70,0.50,0.38,0.42,0.49,0.41,0.30,0.36,0.38,0.69,0.57,1.14,1.35,0.19,0.41
1787900507.6,-15.19,-9.37,184.5,0.56,1.22,1.51,0.28,1.94,1.10,0.52,0.45,0.38,0.46,0.43,0.43,0.32,1.35,0.44,0.67
1787900508.0,-15.38,-9.37,179.3,0.57,1.24,1.51,0.27,1.95,1.10,0.53,0.44,0.38,0.45,0.42,0.41,0.33,0.36,0.42,0.66
1787900508.5,-15.42,-9.37,180.8,0.49,1.11,1.30,0.71,0.18,1.58,0.79,0.57,0.44,0.52,0.44,0.33,0.32,0.33,0.49,0.60
1787900515.1,-15.43,-9.36,332.3,0.60,0.46,0.53,0.47,0.37,0.35,0.34,0.41,0.60,0.51,0.55,1.26,0.79,0.16,1.91,0.82
1787900515.6,-15.26,-9.44,332.8,0.58,0.45,0.52,0.47,0.37,0.34,0.32,0.38,0.61,0.48,0.56,1.25,0.80,0.14,1.91,0.82
1787900516.1,-15.07,-9.55,327.3,0.52,0.40,0.43,0.52,0.46,0.34,0.36,0.42,0.70,0.57,1.11,1.33,0.15,0.34,1.84,0.72
1787900516.6,-14.99,-9.59,331.9,0.41,0.35,0.30,0.44,0.45,0.46,0.44,0.47,0.81,0.65,1.23,0.20,0.29,0.71,1.52,0.63
1787900519.6,-14.99,-9.59,297.9,0.93,0.43,0.36,0.30,0.35,0.49,0.42,0.39,0.46,0.63,0.78,0.68,0.17,0.28,0.32,3.00
1787900520.1,-14.91,-9.76,299.1,0.93,0.41,0.37,0.32,0.33,0.49,0.43,0.36,0.47,0.62,0.76,0.69,0.18,0.27,0.34,2.99
1787900520.5,-14.89,-9.80,295.4,0.85,0.36,0.36,0.29,0.29,0.47,0.48,0.50,0.54,0.78,0.78,0.20,0.24,0.27,0.47,3.00
1787900522.8,-14.89,-9.80,278.6,2.66,0.61,0.36,0.36,0.29,0.31,0.52,0.48,0.47,0.56,0.84,0.70,0.18,0.24,0.27,0.61
1787900523.4,-14.86,-10.03,278.0,2.64,0.60,0.33,0.35,0.31,0.29,0.52,0.49,0.47,0.55,0.83,0.70,0.19,0.26,0.27,0.59
1787900523.8,-14.84,-10.25,272.2,2.64,0.72,0.43,0.29,0.32,0.30,0.46,0.59,0.55,0.64,0.94,0.22,0.23,0.19,0.26,0.53
1787900524.3,-14.83,-10.48,277.1,3.00,0.71,0.42,0.26,0.32,0.32,0.38,0.69,0.64,0.71,0.29,0.23,0.20,0.18,0.30,0.48
1787900524.7,-14.80,-10.70,274.8,2.99,0.69,0.40,0.35,0.24,0.37,0.42,0.77,0.73,0.77,0.30,0.23,0.17,0.23,0.25,0.44
1787900525.2,-14.77,-10.92,274.8,3.00,0.63,0.37,0.32,0.27,0.28,0.42,0.85,0.78,0.87,0.31,0.18,0.21,0.23,0.27,0.57
1787900525.6,-14.75,-11.14,275.9,3.00,0.60,0.37,0.29,0.27,0.27,0.45,0.90,0.86,1.01,0.23,0.25,0.20,0.21,0.29,0.64
1787900526.1,-14.74,-11.41,278.0,3.00,0.58,0.39,0.29,0.28,0.33,0.35,0.71,0.96,0.52,0.28,0.21,0.17,0.21,0.36,0.76
1787900526.6,-14.72,-11.64,273.5,3.00,0.74,0.37,0.30,0.27,0.31,0.39,0.73,1.05,0.57,0.31,0.21,0.20,0.22,0.32,0.71
1787900527.1,-14.71,-11.88,276.3,3.00,0.71,0.36,0.32,0.28,0.31,0.41,0.72,1.14,0.46,0.28,0.22,0.19,0.27,0.28,0.66
1787900527.7,-14.68,-12.22,271.2,2.99,0.65,0.33,0.29,0.30,0.30,0.37,0.57,1.30,0.54,0.27,0.21,0.24,0.22,0.31,0.56
1787900528.2,-14.68,-12.26,278.7,3.00,0.58,0.35,0.25,0.27,0.32,0.38,0.64,1.34,0.58,0.27,0.27,0.20,0.23,0.42,0.69
1787900528.6,-14.68,-12.26,275.1,2.99,0.57,0.35,0.25,0.27,0.33,0.38,0.65,1.32,0.56,0.27,0.28,0.21,0.25,0.41,0.66
1787900529.2,-14.66,-12.50,273.0,2.99,0.58,0.39,0.27,0.27,0.31,0.36,0.64,1.34,0.57,0.27,0.25,0.19,0.25,0.42,0.67
1787900529.7,-14.67,-12.74,271.0,3.00,0.75,0.43,0.26,0.26,0.26,0.40,0.69,1.48,0.56,0.35,0.22,0.25,0.24,0.38,0.61
1787900530.2,-14.67,-12.99,272.7,2.94,0.69,0.38,0.32,0.25,0.28,0.42,0.72,1.60,0.58,0.29,0.24,0.24,0.32,0.32,0.54
1787900530.7,-14.65,-13.23,272.3,2.85,0.90,0.37,0.34,0.26,0.26,0.32,0.59,1.66,0.63,0.32,0.25,0.25,0.27,0.28,0.62
1787900531.1,-14.65,-13.47,268.5,2.74,0.79,0.38,0.28,0.30,0.30,0.35,0.68,1.76,0.55,0.30,0.30,0.25,0.23,0.36,0.56
1787900531.6,-14.65,-13.69,271.0,2.67,0.80,0.45,0.30,0.28,0.31,0.35,0.69,1.84,0.66,0.32,0.31,0.22,0.22,0.31,0.50
1787900532.0,-14.68,-13.91,267.9,2.55,1.03,0.40,0.30,0.26,0.31,0.37,0.57,1.83,0.69,0.38,0.23,0.22,0.24,0.27,0.40
1787900532.5,-14.68,-13.95,267.9,2.50,0.96,0.50,0.35,0.27,0.28,0.41,0.58,1.93,0.59,0.42,0.23,0.23,0.22,0.35,0.34
1787900539.6,-14.68,-13.93,95.0,1.95,0.46,0.24,0.23,0.22,0.23,0.34,0.53,2.47,0.69,0.36,0.32,0.27,0.33,0.44,0.88
1787900540.0,-14.69,-13.75,91.3,1.96,0.45,0.24,0.23,0.21,0.22,0.34,0.55,2.48,0.68,0.35,0.32,0.28,0.34,0.46,0.88
1787900540.4,-14.70,-13.52,92.3,1.89,0.52,0.36,0.17,0.21,0.26,0.28,0.42,2.56,0.74,0.39,0.30,0.28,0.37,0.40,0.80
1787900540.9,-14.70,-13.30,91.2,1.79,0.46,0.29,0.26,0.17,0.23,0.29,0.47,2.65,0.74,0.44,0.29,0.31,0.34,0.38,0.77
1787900541.3,-14.70,-13.08,90.9,1.79,0.58,0.28,0.26,0.23,0.18,0.29,0.53,2.73,0.87,0.44,0.30,0.32,0.32,0.37,0.68
1787900541.9,-14.72,-12.81,92.8,1.63,0.49,0.32,0.23,0.23,0.25,0.24,0.46,2.83,0.94,0.40,0.35,0.32,0.28,0.36,0.62
1787900542.3,-14.73,-12.58,88.9,1.61,0.56,0.30,0.26,0.22,0.29,0.30,0.51,2.93,0.87,0.41,0.34,0.24,0.27,0.43,0.77
1787900542.7,-14.74,-12.36,91.5,1.49,0.67,0.36,0.23,0.19,0.23,0.35,0.54,2.97,0.76,0.44,0.31,0.26,0.27,0.41,0.70
1787900543.3,-14.73,-12.10,90.7,1.40,0.63,0.28,0.28,0.20,0.23,0.35,0.46,3.00,0.82,0.47,0.27,0.24,0.32,0.36,0.62
1787900543.7,-14.73,-11.87,92.0,1.33,0.57,0.28,0.24,0.19,0.22,0.30,0.51,3.00,0.86,0.40,0.28,0.26,0.33,0.35,0.56
1787900544.2,-14.72,-11.62,89.6,1.27,0.53,0.28,0.21,0.24,0.24,0.33,0.60,3.00,0.71,0.36,0.29,0.28,0.28,0.36,0.51
1787900544.7,-14.72,-11.58,90.0,1.16,0.66,0.33,0.23,0.17,0.27,0.29,0.67,3.00,0.74,0.33,0.34,0.28,0.28,0.40,0.68
1787900545.1,-14.72,-11.58,89.8,1.17,0.65,0.32,0.24,0.20,0.27,0.29,0.64,3.00,0.73,0.34,0.32,0.25,0.29,0.40,0.66
1787900545.6,-14.73,-11.39,89.5,1.18,0.65,0.34,0.24,0.19,0.26,0.30,0.64,3.00,0.74,0.35,0.31,0.27,0.28,0.39,0.66
1787900546.0,-14.72,-11.17,87.6,1.08,1.10,0.33,0.24,0.22,0.19,0.35,0.53,3.00,0.81,0.38,0.30,0.25,0.28,0.38,0.58
1787900546.5,-14.72,-10.94,93.0,1.00,1.03,0.31,0.27,0.21,0.23,0.28,0.54,3.00,0.87,0.41,0.29,0.26,0.30,0.31,0.56
1787900546.9,-14.71,-10.72,87.9,0.93,0.95,0.40,0.25,0.26,0.22,0.28,0.52,2.99,0.67,0.42,0.25,0.27,0.26,0.28,0.55
1787900547.3,-14.71,-10.50,93.0,0.86,0.88,0.37,0.23,0.23,0.26,0.32,0.55,3.00,0.70,0.34,0.28,0.26,0.22,0.37,0.48
1787900547.8,-14.70,-10.28,91.6,0.78,0.79,1.05,0.31,0.23,0.28,0.29,0.61,3.00,0.68,0.36,0.32,0.21,0.26,0.32,0.47
1787900548.3,-14.68,-10.01,87.5,0.68,0.69,0.92,0.29,0.28,0.22,0.34,0.51,3.00,0.73,0.36,0.20,0.22,0.28,0.30,0.58
1787900548.8,-14.66,-9.75,87.7,0.57,0.61,0.70,0.92,0.27,0.30,0.29,0.54,2.88,0.79,0.40,0.25,0.23,0.23,0.27,0.53
1787900549.4,-14.66,-9.71,87.9,0.47,0.47,0.59,0.90,0.80,0.33,0.33,0.53,2.37,0.83,0.30,0.28,0.22,0.19,0.25,0.48
1787900556.5,-14.66,-9.73,276.7,3.00,0.57,0.30,0.26,0.21,0.20,0.28,0.53,0.51,0.54,0.61,0.91,0.28,0.32,0.34,0.66
1787900557.0,-14.66,-9.92,272.6,3.00,0.58,0.29,0.26,0.19,0.21,0.29,0.49,0.51,0.52,0.61,0.90,0.29,0.32,0.34,0.66
1787900557.5,-14.65,-10.19,276.8,3.00,0.52,0.25,0.24,0.24,0.23,0.26,0.58,0.62,0.63,0.88,0.83,0.31,0.29,0.40,0.60
1787900558.0,-14.63,-10.44,273.7,3.00,0.58,0.35,0.19,0.24,0.24,0.29,0.62,0.71,0.73,0.99,0.29,0.27,0.26,0.38,0.71
1787900558.5,-14.62,-10.69,272.7,3.00,0.61,0.29,0.26,0.14,0.24,0.31,0.46,0.75,0.81,1.09,0.34,0.25,0.31,0.36,0.65
1787900558.9,-14.62,-10.91,274.5,3.00,0.56,0.29,0.25,0.22,0.18,0.34,0.47,0.86,0.88,0.39,0.25,0.28,0.28,0.35,0.73
1787900559.4,-14.61,-11.13,274.3,3.00,0.53,0.31,0.22,0.24,0.23,0.23,0.49,0.94,0.96,0.43,0.27,0.28,0.27,0.32,0.68
1787900559.8,-14.61,-11.35,271.8,3.00,0.56,0.35,0.23,0.22,0.27,0.27,0.53,0.99,1.03,0.33,0.31,0.26,0.25,0.41,0.80
1787900560.3,-14.61,-11.57,272.2,3.00,0.56,0.34,0.24,0.21,0.23,0.33,0.57,1.07,1.10,0.38,0.28,0.27,0.26,0.37,0.74
1787900560.9,-14.59,-11.89,275.5,2.99,0.66,0.32,0.27,0.24,0.22,0.33,0.44,1.20,1.21,0.40,0.29,0.23,0.32,0.38,0.67
1787900561.4,-14.56,-12.15,277.5,3.00,0.60,0.28,0.25,0.24,0.26,0.30,0.50,1.28,0.55,0.34,0.26,0.29,0.27,0.37,0.80
1787900561.8,-14.55,-12.18,276.5,3.00,0.53,0.26,0.21,0.23,0.28,0.32,0.57,1.31,0.61,0.31,0.31,0.26,0.31,0.47,0.91
1787900562.3,-14.55,-12.18,272.1,3.00,0.53,0.27,0.21,0.21,0.27,0.32,0.58,1.34,0.61,0.32,0.34,0.26,0.31,0.48,0.93
1787900562.7,-14.53,-12.37,272.9,3.00,0.52,0.26,0.22,0.22,0.27,0.34,0.57,1.35,0.58,0.32,0.33,0.24,0.29,0.50,0.92
1787900563.2,-14.51,-12.59,275.2,3.00,0.51,0.31,0.21,0.19,0.22,0.34,0.61,1.45,0.68,0.35,0.31,0.28,0.31,0.44,0.72
1787900563.6,-14.49,-12.81,278.4,2.97,0.46,0.36,0.20,0.20,0.22,0.34,0.61,1.55,0.71,0.41,0.29,0.27,0.35,0.39,0.78
1787900564.0,-14.49,-13.03,272.5,2.90,0.51,0.32,0.23,0.18,0.21,0.29,0.55,1.61,0.63,0.38,0.29,0.28,0.36,0.39,0.73
1787900564.6,-14.47,-13.31,274.7,2.76,0.51,0.29,0.26,0.25,0.21,0.26,0.56,1.71,0.69,0.38,0.29,0.34,0.31,0.44,0.65
1787900565.0,-14.47,-13.53,273.3,2.69,0.47,0.27,0.23,0.24,0.24,0.25,0.60,1.71,0.65,0.41,0.37,0.29,0.30,0.39,0.74
1787900565.5,-14.47,-13.76,271.7,2.59,0.61,0.30,0.22,0.22,0.27,0.29,0.61,1.88,0.69,0.41,0.36,0.27,0.34,0.44,0.70
1787900565.9,-14.46,-13.98,272.2,2.55,0.62,0.32,0.21,0.18,0.23,0.33,0.51,1.96,0.76,0.43,0.28,0.30,0.32,0.43,0.65
1787900566.4,-14.44,-14.20,273.7,2.47,0.58,0.27,0.24,0.20,0.19,0.37,0.50,2.03,0.69,0.50,0.28,0.31,0.33,0.39,0.64
1787900566.8,-14.42,-14.42,276.7,2.37,0.54,0.37,0.25,0.22,0.21,0.30,0.53,2.12,0.70,0.36,0.34,0.27,0.36,0.36,0.77
1787900567.2,-14.41,-14.64,275.3,2.32,0.48,0.31,0.19,0.24,0.22,0.28,0.57,2.15,0.69,0.40,0.29,0.32,0.29,0.41,0.76
1787900567.7,-14.41,-14.68,272.2,2.23,0.57,0.31,0.27,0.18,0.23,0.28,0.62,2.27,0.72,0.42,0.32,0.31,0.27,0.36,0.86
1787900568.1,-14.41,-14.68,272.6,2.22,0.60,0.30,0.29,0.18,0.26,0.29,0.62,2.25,0.74,0.43,0.33,0.30,0.28,0.37,0.84
1787900568.6,-14.41,-14.87,274.9,2.24,0.58,0.33,0.28,0.19,0.24,0.27,0.61,2.26,0.70,0.44,0.35,0.30,0.29,0.38,0.85
1787900569.0,-14.40,-15.09,271.8,2.11,0.61,0.30,0.25,0.24,0.18,0.31,0.63,2.34,0.80,0.43,0.35,0.24,0.31,0.35,0.80
1787900569.5,-14.41,-15.31,269.1,2.05,0.58,0.28,0.25,0.24,0.28,0.26,0.46,2.38,0.80,0.40,0.28,0.28,0.28,0.44,0.74
1787900569.9,-14.42,-15.54,271.3,2.01,0.59,0.32,0.24,0.23,0.25,0.29,0.47,2.41,0.92,0.46,0.28,0.28,0.28,0.41,0.69
1787900570.3,-14.42,-15.75,274.3,1.91,0.57,0.34,0.21,0.21,0.25,0.35,0.53,2.50,0.75,0.36,0.30,0.25,0.30,0.36,0.79
1787900570.9,-14.42,-16.02,270.9,1.84,0.54,0.34,0.25,0.22,0.23,0.33,0.44,2.59,0.78,0.38,0.28,0.26,0.33,0.42,0.75
1787900571.3,-14.41,-16.24,269.1,1.75,0.69,0.33,0.27,0.25,0.22,0.32,0.50,2.68,0.84,0.39,0.25,0.32,0.25,0.41,0.71
1787900571.7,-14.41,-16.46,268.9,1.67,0.61,0.33,0.25,0.27,0.25,0.28,0.58,2.76,0.84,0.37,0.30,0.26,0.30,0.38,0.67
1787900572.3,-14.43,-16.70,266.6,1.61,0.82,0.33,0.22,0.24,0.26,0.29,0.61,2.76,0.83,0.35,0.34,0.26,0.31,0.37,0.61
1787900572.8,-14.43,-17.00,268.9,1.51,0.79,0.43,0.24,0.24,0.26,0.34,0.49,1.85,1.09,0.42,0.26,0.29,0.29,0.34,0.50
1787900573.3,-14.43,-17.04,272.0,1.44,0.70,0.37,0.24,0.24,0.25,0.39,0.58,3.00,0.71,0.34,0.32,0.27,0.27,0.40,1.03
1787900580.4,-14.44,-17.02,94.1,3.00,0.49,0.32,0.24,0.23,0.28,0.39,1.01,1.38,0.66,0.38,0.23,0.26,0.27,0.40,0.84
1787900580.9,-14.45,-16.83,94.7,3.00,0.50,0.30,0.29,0.24,0.27,0.41,1.01,1.40,0.63,0.36,0.25,0.26,0.28,0.41,0.83
1787900581.4,-14.49,-16.56,91.1,2.98,0.47,0.35,0.27,0.27,0.27,0.41,1.14,1.48,0.70,0.29,0.27,0.26,0.30,0.38,0.76
1787900581.9,-14.50,-16.34,94.5,2.92,0.56,0.34,0.24,0.26,0.28,0.32,0.62,1.54,0.77,0.33,0.28,0.27,0.33,0.35,0.69
1787900582.3,-14.52,-16.12,94.9,2.80,0.52,0.29,0.27,0.21,0.29,0.34,0.66,1.64,0.61,0.35,0.28,0.30,0.31,0.41,0.78
1787900582.8,-14.54,-15.89,98.9,2.75,0.45,0.27,0.24,0.26,0.22,0.37,0.69,1.71,0.67,0.34,0.32,0.26,0.29,0.42,0.77
1787900583.2,-14.56,-15.67,95.6,2.67,0.41,0.28,0.19,0.25,0.26,0.41,0.77,1.81,0.54,0.38,0.31,0.25,0.33,0.48,0.75
1787900583.6,-14.58,-15.45,95.9,2.56,0.53,0.28,0.21,0.18,0.30,0.30,0.77,1.87,0.62,0.41,0.28,0.28,0.32,0.42,0.69
1787900584.2,-14.62,-15.18,99.5,2.46,0.58,0.24,0.23,0.18,0.22,0.36,0.61,1.98,0.67,0.43,0.28,0.31,0.37,0.35,0.87
1787900584.6,-14.65,-14.96,96.6,2.41,0.50,0.35,0.19,0.22,0.20,0.29,0.68,2.08,0.63,0.36,0.32,0.30,0.32,0.44,0.85
1787900585.1,-14.67,-14.74,95.6,2.34,0.49,0.30,0.19,0.17,0.23,0.29,0.71,2.17,0.63,0.37,0.31,0.33,0.29,0.42,0.83
1787900585.5,-14.67,-14.70,101.3,2.26,0.41,0.26,0.25,0.19,0.19,0.29,0.58,2.22,0.69,0.42,0.35,0.25,0.36,0.39,0.84
1787900586.1,-14.67,-14.70,92.2,2.25,0.44,0.26,0.23,0.18,0.15,0.28,0.58,2.23,0.71,0.41,0.35,0.25,0.34,0.38,0.83
1787900586.5,-14.68,-14.52,92.3,2.25,0.41,0.25,0.26,0.19,0.18,0.29,0.59,2.21,0.70,0.41,0.34,0.25,0.35,0.41,0.83
1787900586.9,-14.71,-14.29,92.4,2.16,0.60,0.30,0.21,0.26,0.22,0.22,0.44,2.30,0.79,0.46,0.38,0.29,0.33,0.37,0.69
1787900587.4,-14.70,-14.08,88.8,2.12,0.57,0.28,0.25,0.20,0.27,0.25,0.44,2.40,0.84,0.43,0.28,0.32,0.29,0.45,0.69
1787900587.8,-14.70,-13.85,88.4,1.98,0.65,0.30,0.24,0.22,0.21,0.32,0.43,2.45,0.94,0.47,0.34,0.30,0.29,0.43,0.61
1787900588.2,-14.70,-13.63,86.0,1.92,0.57,0.39,0.24,0.22,0.23,0.31,0.40,2.51,0.95,0.37,0.34,0.24,0.31,0.40,0.60
1787900588.7,-14.69,-13.41,89.5,1.85,0.69,0.35,0.26,0.19,0.24,0.28,0.46,2.62,0.81,0.42,0.27,0.27,0.35,0.37,0.70
1787900589.1,-14.69,-13.19,88.8,1.77,0.69,0.30,0.32,0.22,0.20,0.32,0.52,2.70,0.83,0.43,0.26,0.31,0.33,0.33,0.67
1787900589.6,-14.67,-12.96,86.3,1.69,0.56,0.34,0.28,0.26,0.24,0.30,0.56,2.79,0.90,0.36,0.30,0.30,0.28,0.33,0.64
1787900590.2,-14.65,-12.67,82.2,1.55,0.79,0.34,0.26,0.24,0.32,0.29,0.50,2.86,0.96,0.41,0.34,0.24,0.25,0.32,0.54
1787900590.6,-14.62,-12.45,84.2,1.47,0.77,0.38,0.26,0.24,0.26,0.34,0.53,2.50,1.03,0.42,0.31,0.22,0.24,0.33,0.49
1787900591.1,-14.61,-12.20,85.8,1.40,0.93,0.36,0.28,0.24,0.23,0.38,0.49,2.60,0.78,0.44,0.31,0.22,0.24,0.34,0.48
1787900591.6,-14.61,-12.15,89.2,1.32,1.38,0.40,0.29,0.26,0.27,0.33,0.51,2.12,0.85,0.42,0.27,0.23,0.27,0.30,0.54
1787900598.8,-14.60,-12.17,275.4,2.98,0.57,0.28,0.23,0.24,0.27,0.30,0.57,1.39,0.60,0.34,0.29,0.23,0.28,0.46,0.54
1787900599.2,-14.60,-12.36,272.4,2.99,0.59,0.28,0.23,0.21,0.28,0.32,0.57,1.40,0.60,0.34,0.31,0.26,0.29,0.46,0.72
1787900599.7,-14.61,-12.58,269.7,3.00,0.67,0.41,0.24,0.19,0.26,0.34,0.61,1.42,0.69,0.33,0.28,0.28,0.27,0.42,0.64
1787900600.1,-14.61,-12.81,269.6,2.99,0.71,0.40,0.24,0.20,0.21,0.35,0.51,1.47,0.73,0.39,0.25,0.25,0.28,0.36,0.61
1787900600.5,-14.61,-13.02,270.2,2.88,0.89,0.37,0.33,0.24,0.22,0.29,0.51,1.54,0.80,0.44,0.29,0.27,0.32,0.33,0.54
1787900601.1,-14.62,-13.28,267.0,2.82,0.80,0.32,0.29,0.28,0.23,0.31,0.59,1.65,0.71,0.34,0.26,0.29,0.27,0.34,0.64
1787900601.5,-14.62,-13.51,269.5,2.72,0.81,0.35,0.29,0.28,0.27,0.30,0.62,1.73,0.63,0.37,0.32,0.28,0.23,0.36,0.56
1787900602.0,-14.61,-13.77,271.5,2.65,0.78,0.41,0.25,0.26,0.30,0.34,0.65,1.83,0.68,0.36,0.30,0.21,0.27,0.32,0.49
1787900602.5,-14.59,-13.99,272.3,2.55,0.70,0.37,0.29,0.24,0.31,0.36,0.69,1.97,0.59,0.41,0.23,0.24,0.25,0.39,0.57
1787900602.9,-14.58,-14.21,268.9,2.49,0.86,0.48,0.29,0.24,0.27,0.41,0.58,2.00,0.63,0.43,0.26,0.24,0.22,0.34,0.51
1787900603.3,-14.58,-14.43,273.3,2.41,0.84,0.41,0.27,0.28,0.26,0.37,0.57,2.06,0.66,0.31,0.29,0.23,0.28,0.28,0.48
1787900603.9,-14.60,-14.68,268.1,2.35,0.81,0.44,0.35,0.28,0.27,0.32,0.61,2.16,0.62,0.34,0.24,0.24,0.24,0.25,0.46
1787900604.4,-14.60,-14.74,267.9,2.22,0.89,0.42,0.33,0.28,0.27,0.35,0.64,2.19,0.73,0.37,0.27,0.25,0.18,0.28,0.39
1787900606.7,-14.60,-14.74,284.8,1.47,0.49,0.37,0.34,0.26,0.34,0.54,1.44,1.07,0.41,0.26,0.27,0.18,0.26,0.35,1.16
1787900607.1,-14.56,-14.92,283.4,1.43,0.50,0.35,0.32,0.24,0.34,0.56,1.45,1.07,0.43,0.27,0.25,0.17,0.26,0.34,1.18
1787900607.6,-14.53,-15.14,282.8,1.42,0.53,0.35,0.30,0.28,0.31,0.41,1.20,1.17,0.49,0.33,0.20,0.20,0.28,0.37,1.11
1787900608.0,-14.48,-15.36,279.1,1.34,0.52,0.30,0.29,0.32,0.26,0.42,0.98,1.26,0.51,0.35,0.21,0.24,0.28,0.45,1.08
1787900608.6,-14.44,-15.64,281.8,1.27,0.47,0.27,0.24,0.28,0.34,0.33,0.93,1.36,0.49,0.28,0.27,0.24,0.30,0.40,1.59
1787900609.1,-14.40,-15.89,279.6,1.16,0.40,0.29,0.21,0.22,0.26,0.39,0.98,1.43,0.55,0.34,0.27,0.27,0.36,0.51,1.48
1787900609.5,-14.36,-16.10,281.3,1.53,0.44,0.30,0.23,0.21,0.24,0.44,0.69,1.95,0.62,0.34,0.28,0.34,0.32,0.49,1.41
1787900610.0,-14.35,-16.14,283.4,1.45,0.40,0.25,0.23,0.21,0.20,0.38,0.73,2.00,0.51,0.36,0.32,0.28,0.39,0.51,1.32
1787900616.4,-14.36,-16.16,74.1,0.52,2.79,0.75,0.39,0.30,0.32,0.30,0.44,0.77,1.72,0.44,0.27,0.24,0.20,0.22,0.30
1787900618.7,-14.36,-16.16,85.5,1.96,0.92,0.46,0.30,0.33,0.27,0.41,0.70,1.74,0.66,0.28,0.26,0.24,0.19,0.25,0.51
1787900619.1,-14.35,-15.98,80.7,1.96,0.92,0.47,0.29,0.32,0.28,0.42,0.68,1.73,0.64,0.32,0.23,0.22,0.20,0.25,0.52
1787900619.6,-14.32,-15.76,80.4,1.15,1.27,0.43,0.32,0.31,0.32,0.42,0.66,1.80,0.96,0.31,0.29,0.20,0.19,0.25,0.43
1787900620.0,-14.32,-15.72,85.9,1.00,1.41,0.59,0.37,0.30,0.35,0.36,0.60,1.88,0.80,0.35,0.21,0.17,0.19,0.25,0.36
1787900623.9,-14.32,-15.73,126.8,0.57,0.37,0.28,0.31,0.38,0.57,1.95,1.11,0.35,0.23,0.17,0.17,0.24,0.40,0.67,1.82
1787900624.3,-14.32,-15.73,125.1,0.59,0.36,0.31,0.32,0.37,0.55,1.95,1.10,0.36,0.25,0.17,0.20,0.24,0.37,0.67,1.81
1787900629.7,-14.31,-15.72,229.4,0.52,0.91,1.90,0.40,0.28,0.17,0.17,0.21,0.29,0.39,2.62,0.78,0.38,0.32,0.29,0.39
1787900632.2,-14.31,-15.72,249.9,0.83,1.86,0.51,0.30,0.19,0.17,0.19,0.26,0.39,2.55,1.05,0.42,0.36,0.29,0.38,0.48
1787900632.6,-14.38,-15.89,245.3,0.81,1.86,0.52,0.30,0.20,0.15,0.20,0.24,0.36,2.56,1.05,0.41,0.35,0.29,0.36,0.48
1787900633.2,-14.50,-16.13,244.0,0.72,1.81,0.69,0.32,0.29,0.23,0.21,0.31,0.47,2.67,0.85,0.40,0.27,0.29,0.32,0.41
1787900633.8,-14.52,-16.17,243.3,0.57,1.72,0.98,0.43,0.29,0.29,0.25,0.34,0.55,1.94,0.89,0.36,0.24,0.29,0.24,0.34
1787900639.5,-14.53,-16.15,117.6,0.47,0.28,0.27,0.25,0.22,0.35,0.71,1.71,0.64,0.34,0.31,0.26,0.27,0.41,0.74,2.71
1787900645.3,-14.52,-16.14,239.5,0.60,1.73,0.97,0.41,0.30,0.29,0.26,0.34,0.53,2.01,0.88,0.37,0.26,0.27,0.22,0.36
1787900645.8,-14.52,-16.14,245.4,0.61,1.72,0.96,0.41,0.29,0.28,0.28,0.36,0.55,2.02,0.87,0.35,0.26,0.28,0.23,0.35
1787900648.0,-14.52,-16.14,260.2,1.76,1.24,0.45,0.29,0.28,0.28,0.30,0.53,1.17,1.19,0.44,0.25,0.27,0.23,0.34,0.43
1787900648.4,-14.55,-16.32,259.1,1.77,1.24,0.43,0.32,0.30,0.27,0.29,0.54,1.17,1.22,0.43,0.25,0.30,0.23,0.33,0.44
1787900648.9,-14.56,-16.36,260.7,1.24,1.70,0.59,0.34,0.31,0.33,0.31,0.48,1.18,1.64,0.42,0.30,0.26,0.21,0.30,0.38
1787900651.1,-14.56,-16.36,271.2,1.63,0.77,0.37,0.28,0.31,0.30,0.41,0.63,2.83,0.51,0.30,0.28,0.21,0.28,0.33,0.61
1787900651.5,-14.55,-16.54,269.9,1.60,0.76,0.37,0.29,0.30,0.31,0.38,0.65,2.80,0.52,0.30,0.30,0.19,0.28,0.32,0.63
1787900652.0,-14.56,-16.77,270.4,1.55,0.80,0.34,0.29,0.28,0.32,0.37,0.69,2.93,0.55,0.33,0.30,0.25,0.27,0.31,0.56
1787900652.4,-14.53,-16.99,274.0,1.49,0.76,0.44,0.29,0.26,0.32,0.41,0.77,2.98,0.62,0.38,0.27,0.25,0.25,0.36,1.10
1787900652.9,-14.54,-17.26,271.4,1.38,0.68,0.40,0.26,0.28,0.28,0.43,0.83,3.00,0.51,0.30,0.27,0.23,0.24,0.39,1.04
1787900653.5,-14.52,-17.53,271.3,1.30,0.80,0.44,0.34,0.23,0.29,0.39,0.71,3.00,0.57,0.37,0.24,0.24,0.28,0.33,0.97
1787900654.0,-14.51,-17.80,272.4,1.19,0.73,0.45,0.29,0.31,0.25,0.39,0.69,3.00,0.66,0.32,0.25,0.28,0.27,0.98,0.82
1787900654.5,-14.51,-18.02,274.7,1.10,0.81,0.45,0.31,0.29,0.33,0.37,0.70,2.99,0.57,0.32,0.29,0.24,0.23,0.93,0.73
1787900654.9,-14.51,-18.24,268.7,1.03,0.78,0.39,0.35,0.28,0.36,0.35,0.75,3.00,0.60,0.32,0.28,0.23,1.68,0.83,0.64
1787900655.4,-14.49,-18.51,270.1,1.03,0.74,0.35,0.35,0.31,0.30,0.41,0.76,3.00,0.65,0.37,0.23,0.80,1.36,0.66,1.04
1787900655.9,-14.49,-18.74,273.7,0.88,0.91,0.41,0.29,0.32,0.32,0.42,0.65,3.00,0.71,0.37,0.28,1.37,1.17,0.56,0.93
1787900656.3,-14.49,-18.78,273.1,0.79,0.86,0.40,0.27,0.29,0.35,0.40,0.72,3.00,0.59,0.29,0.55,2.73,0.83,0.49,0.90
1787900663.6,-14.49,-18.75,96.7,1.85,0.52,0.32,0.72,2.52,0.68,0.43,0.79,0.77,0.58,0.38,0.27,0.32,0.34,0.52,1.04
1787900664.0,-14.52,-18.57,96.6,1.86,0.51,0.33,0.72,2.52,0.67,0.42,0.80,0.75,0.58,0.39,0.26,0.33,0.36,0.53,1.01
1787900664.6,-14.53,-18.30,93.8,1.77,0.46,0.25,0.53,2.69,0.76,0.57,0.88,0.82,0.62,0.39,0.31,0.35,0.34,0.49,1.01
1787900665.1,-14.56,-18.00,98.3,2.99,0.44,0.32,0.21,1.34,1.23,0.63,1.07,1.00,0.76,0.38,0.38,0.34,0.37,0.40,0.85
1787900665.6,-14.58,-17.78,97.3,2.65,0.51,0.28,0.24,0.17,1.39,0.81,0.64,1.05,0.76,0.40,0.35,0.30,0.39,0.46,1.02
1787900666.0,-14.59,-17.56,97.4,2.99,0.51,0.24,0.25,0.22,0.20,0.87,0.73,1.13,0.71,0.48,0.34,0.34,0.31,0.43,0.96
1787900666.5,-14.61,-17.34,98.5,2.52,0.43,0.23,0.19,0.20,0.23,0.24,0.82,1.18,0.76,0.48,0.34,0.36,0.34,0.49,1.02
1787900666.9,-14.62,-17.30,99.3,2.46,0.36,0.27,0.18,0.20,0.23,0.28,0.92,1.28,0.66,0.48,0.39,0.31,0.35,0.52,0.96
1787900674.2,-14.62,-17.28,265.2,1.29,1.03,0.56,0.39,0.31,0.33,0.43,0.66,3.00,0.56,0.33,0.20,0.17,0.22,0.27,0.91
1787900674.6,-14.63,-17.46,267.2,1.29,1.04,0.58,0.37,0.29,0.32,0.41,0.68,3.00,0.56,0.34,0.20,0.15,0.22,0.27,0.91
1787900675.1,-14.65,-17.69,261.1,1.23,1.30,0.55,0.41,0.35,0.30,0.40,0.65,2.45,0.64,0.34,0.18,0.20,0.22,0.23,0.83
1787900675.5,-14.68,-17.91,261.9,1.14,1.22,0.53,0.44,0.35,0.38,0.41,0.67,1.89,0.68,0.27,0.21,0.21,0.17,0.21,0.73
1787900676.0,-14.69,-18.13,262.9,1.08,1.09,0.64,0.43,0.36,0.39,0.38,0.69,1.81,0.75,0.27,0.23,0.16,0.14,1.15,0.69
1787900676.6,-14.73,-18.45,263.7,0.95,0.96,0.66,0.42,0.42,0.39,0.47,0.67,1.97,0.66,0.29,0.14,0.17,2.37,0.83,0.57
1787900677.1,-14.77,-18.68,265.4,0.88,0.86,0.68,0.44,0.43,0.44,0.52,0.71,2.03,0.50,0.19,0.22,0.63,3.00,0.69,0.54
1787900677.5,-14.79,-18.90,262.0,0.79,0.79,0.65,0.49,0.36,0.47,0.47,0.73,2.16,0.50,0.24,0.42,1.15,1.61,0.59,0.44
1787900678.0,-14.79,-18.94,262.3,0.71,0.71,0.80,0.49,0.40,0.46,0.53,0.72,2.61,0.52,0.38,0.50,1.27,1.16,0.38,0.32
1787900680.4,-14.79,-18.93,277.4,0.72,0.86,0.54,0.45,0.41,0.49,0.67,1.55,0.66,0.33,0.47,1.05,2.12,0.53,0.36,0.76
1787900680.8,-14.77,-19.12,275.3,0.72,0.85,0.54,0.44,0.41,0.51,0.68,1.54,0.65,0.29,0.47,1.06,2.13,0.55,0.39,0.78
1787900681.3,-14.75,-19.34,274.4,0.66,0.76,0.52,0.45,0.36,0.51,0.72,1.46,0.95,0.41,0.54,1.22,3.00,0.35,0.24,0.69
1787900681.7,-14.73,-19.56,275.3,0.58,0.65,0.52,0.43,0.41,0.40,0.60,1.25,1.27,0.49,0.60,1.25,2.23,0.29,0.77,0.60
1787900682.2,-14.70,-19.78,273.8,0.51,0.52,0.58,0.46,0.38,0.40,0.60,1.18,1.68,0.58,0.74,1.30,0.30,1.15,0.71,0.50
1787900682.7,-14.70,-19.82,275.9,0.41,0.42,0.56,0.41,0.39,0.44,0.64,1.18,1.44,0.72,0.87,1.66,1.54,0.91,0.49,0.42
1787900687.7,-14.71,-19.83,190.7,1.60,0.87,0.49,0.41,0.43,0.43,0.55,0.41,0.38,0.45,0.68,1.41,0.94,0.71,0.91,0.18
1787900692.9,-14.71,-19.81,79.3,2.49,0.60,0.76,1.16,0.21,1.60,0.70,0.48,0.39,0.42,0.55,1.41,0.44,0.41,0.44,0.76
1787900693.3,-14.69,-19.63,87.2,2.50,0.63,0.72,1.17,0.20,1.61,0.70,0.49,0.42,0.43,0.56,0.44,0.42,0.42,0.44,0.77
1787900693.7,-14.66,-19.41,82.4,2.09,0.53,0.67,0.93,2.65,0.14,0.87,0.56,0.47,0.47,0.61,0.44,0.39,0.40,0.44,0.73
1787900694.2,-14.62,-19.19,79.9,1.70,0.74,0.58,0.78,1.88,0.37,0.21,0.62,0.56,0.56,0.68,0.43,0.36,0.39,0.48,0.64
1787900694.7,-14.58,-18.97,84.6,1.60,0.99,0.42,0.60,1.31,1.23,0.36,0.81,0.64,0.62,0.76,0.48,0.36,0.31,0.45,0.61
1787900695.3,-14.55,-18.68,82.1,1.52,0.88,0.32,0.54,1.26,1.30,0.46,0.33,0.74,0.71,0.58,0.38,0.30,0.35,0.42,0.62
1787900695.7,-14.50,-18.43,79.9,1.66,0.81,0.36,0.36,1.08,2.99,0.65,0.42,0.82,0.86,0.58,0.37,0.32,0.36,0.39,0.53
1787900696.3,-14.44,-18.17,82.3,1.33,1.18,0.43,0.25,0.49,2.53,0.81,0.62,0.92,0.93,0.56,0.31,0.34,0.33,0.34,0.45
1787900696.7,-14.40,-17.95,83.3,1.25,1.13,0.40,0.34,0.24,2.75,1.05,0.68,1.00,1.03,0.55,0.36,0.29,0.28,0.37,0.44
1787900697.1,-14.36,-17.73,81.7,1.16,1.10,0.51,0.31,0.28,0.23,1.21,0.74,1.09,1.11,0.44,0.36,0.27,0.27,0.32,0.45
1787900697.6,-14.32,-17.51,80.0,1.11,1.45,0.51,0.29,0.29,0.29,1.31,0.80,1.16,1.18,0.43,0.32,0.24,0.31,0.25,0.40
1787900698.0,-14.31,-17.48,82.7,1.02,1.38,0.47,0.33,0.28,0.32,0.33,0.88,1.23,1.27,0.46,0.25,0.26,0.21,0.26,0.41
1787900704.7,-14.30,-17.50,287.7,0.91,0.44,0.26,0.26,0.20,0.27,0.49,1.63,0.94,0.44,0.32,0.29,0.34,0.34,0.91,1.26
1787900705.2,-14.25,-17.67,285.6,0.91,0.44,0.26,0.28,0.21,0.28,0.49,1.63,0.93,0.46,0.30,0.31,0.33,0.34,0.92,1.25
1787900705.6,-14.24,-17.71,286.3,0.85,0.41,0.25,0.20,0.26,0.22,0.36,1.11,1.06,0.52,0.37,0.32,0.32,1.23,0.84,1.17
1787900707.6,-14.24,-17.71,271.2,1.12,0.46,0.34,0.23,0.23,0.25,0.23,0.56,3.00,0.75,0.48,0.34,0.33,0.31,0.98,0.77
1787900708.1,-14.24,-17.90,265.3,1.12,0.48,0.34,0.23,0.23,0.23,0.23,0.55,3.00,0.76,0.51,0.34,0.33,0.30,0.97,0.78
1787900708.5,-14.26,-18.12,265.5,1.08,0.76,0.34,0.26,0.21,0.24,0.29,0.43,1.82,0.76,0.49,0.35,0.31,3.00,0.93,0.71
1787900709.0,-14.28,-18.39,263.9,1.01,0.76,0.31,0.30,0.25,0.24,0.33,0.37,1.48,1.01,0.45,0.39,0.28,3.00,0.84,0.59
1787900709.5,-14.29,-18.61,269.2,0.92,0.97,0.41,0.26,0.27,0.25,0.28,0.45,1.35,0.98,0.48,0.32,0.61,3.00,0.68,0.99
1787900709.9,-14.32,-18.83,265.7,0.84,0.88,0.41,0.24,0.25,0.27,0.32,0.49,1.46,1.01,0.49,0.32,1.25,1.40,0.58,0.95
1787900710.4,-14.34,-19.06,265.5,0.76,0.80,0.46,0.31,0.24,0.30,0.34,0.55,1.52,0.94,0.47,0.32,1.37,1.16,0.52,0.87
1787900710.9,-14.36,-19.32,265.0,0.69,0.71,0.43,0.30,0.26,0.25,0.37,0.48,1.63,0.97,0.44,0.66,1.98,0.67,0.33,0.78
1787900711.3,-14.38,-19.54,264.4,0.60,0.60,0.41,0.34,0.28,0.29,0.35,0.55,1.63,1.01,0.55,0.83,2.74,0.43,0.95,0.69
1787900711.8,-14.37,-19.77,266.9,0.53,0.51,0.53,0.34,0.27,0.29,0.31,0.59,2.04,0.83,0.70,0.96,2.77,1.75,0.81,0.57
1787900712.3,-14.37,-19.81,264.2,0.43,0.40,0.52,0.31,0.32,0.32,0.37,0.67,2.50,0.85,0.78,1.24,0.30,1.62,0.62,0.45
1787900719.2,-14.37,-19.79,94.3,3.00,0.65,0.85,1.46,1.68,0.97,0.56,0.42,0.40,0.47,0.42,0.30,0.29,0.34,0.40,0.88
1787900719.7,-14.38,-19.60,91.7,3.00,0.65,0.83,1.48,1.64,0.98,0.56,0.43,0.40,0.48,0.44,0.32,0.31,0.34,0.40,0.89
1787900720.1,-14.39,-19.37,92.0,3.00,0.57,0.69,1.23,0.44,1.61,0.74,0.50,0.51,0.54,0.41,0.35,0.29,0.31,0.36,0.78
1787900720.6,-14.39,-19.15,88.4,3.00,0.69,0.66,0.98,2.70,0.39,0.86,0.62,0.57,0.65,0.41,0.32,0.29,0.28,0.43,0.75
1787900721.1,-14.39,-18.89,89.0,3.00,0.65,0.49,0.78,2.74,0.48,0.32,0.73,0.67,0.73,0.44,0.33,0.26,0.31,0.43,0.66
1787900721.5,-14.39,-18.67,86.5,2.99,0.64,0.33,0.58,2.72,0.78,0.47,0.83,0.75,0.83,0.47,0.34,0.25,0.35,0.41,0.60
1787900722.0,-14.37,-18.45,87.5,3.00,0.77,0.34,0.52,1.40,1.14,0.55,0.90,0.83,0.88,0.42,0.28,0.28,0.34,0.37,0.57
1787900722.4,-14.36,-18.23,90.3,2.81,0.74,0.41,0.24,1.23,1.38,0.60,0.97,0.91,0.96,0.45,0.30,0.32,0.31,0.41,0.62
1787900722.8,-14.38,-18.01,91.8,2.75,0.68,0.38,0.28,0.25,1.73,0.81,0.58,1.00,0.76,0.36,0.34,0.30,0.27,0.40,0.58
1787900723.4,-14.37,-17.79,94.0,3.00,0.61,0.33,0.30,0.25,1.69,0.86,0.66,1.04,0.76,0.38,0.31,0.28,0.31,0.31,0.74
1787900723.9,-14.37,-17.52,88.4,3.00,0.69,0.35,0.29,0.27,0.24,0.97,0.79,1.15,0.76,0.45,0.30,0.30,0.29,0.35,0.67
1787900724.6,-14.38,-17.34,86.6,3.00,0.61,0.39,0.26,0.26,0.31,0.32,0.93,1.30,0.80,0.42,0.31,0.25,0.26,0.33,0.57
1787900731.3,-14.38,-17.36,276.9,1.26,0.56,0.33,0.32,0.23,0.29,0.42,0.94,3.00,0.57,0.36,0.25,0.28,0.33,0.37,0.89
1787900731.7,-14.35,-17.55,275.4,1.29,0.57,0.35,0.32,0.23,0.28,0.43,0.95,3.00,0.57,0.35,0.25,0.26,0.32,0.37,0.89
1787900732.2,-14.33,-17.77,277.1,1.19,0.52,0.38,0.28,0.28,0.23,0.36,0.68,3.00,0.65,0.36,0.26,0.28,0.30,0.97,0.82
1787900732.6,-14.31,-17.99,278.1,1.10,0.62,0.40,0.27,0.27,0.28,0.38,0.70,3.00,0.55,0.33,0.31,0.28,0.27,0.92,1.21
1787900733.1,-14.29,-18.21,273.3,1.01,0.59,0.36,0.28,0.25,0.31,0.32,0.77,3.00,0.60,0.37,0.31,0.23,1.41,0.73,1.14
1787900733.5,-14.28,-18.44,270.6,0.96,0.58,0.31,0.29,0.27,0.28,0.39,0.77,3.00,0.66,0.40,0.27,1.43,1.24,0.70,1.07
1787900733.9,-14.27,-18.66,272.1,0.87,0.62,0.26,0.25,0.29,0.28,0.43,0.61,2.99,0.72,0.42,0.28,2.79,1.15,0.62,0.96
1787900734.4,-14.25,-18.89,269.6,0.79,0.59,0.34,0.23,0.27,0.31,0.34,0.55,3.00,0.80,0.37,0.56,2.79,0.84,0.56,0.89
1787900734.8,-14.24,-19.11,274.0,0.70,0.75,0.32,0.27,0.20,0.29,0.35,0.58,3.00,0.69,0.36,0.67,2.80,0.70,0.42,0.78
1787900735.4,-14.22,-19.39,267.2,0.63,0.71,0.38,0.27,0.23,0.25,0.40,0.65,3.00,0.70,0.49,0.85,2.77,0.48,0.93,0.70
1787900735.9,-14.21,-19.64,274.2,0.50,0.61,0.34,0.28,0.25,0.26,0.30,0.58,3.00,0.77,0.71,1.19,2.71,1.67,0.75,0.56
1787900736.3,-14.21,-19.67,273.1,0.44,0.52,0.31,0.31,0.24,0.27,0.29,0.63,2.99,0.77,0.80,1.41,0.47,1.25,0.65,0.52
1787900743.5,-14.21,-19.65,102.6,1.69,0.61,0.85,1.84,1.75,0.97,0.61,0.51,0.45,0.55,0.29,0.28,0.24,0.31,0.47,0.85
1787900743.9,-14.24,-19.47,98.9,1.67,0.62,0.86,1.84,1.75,0.96,0.60,0.49,0.44,0.56,0.30,0.27,0.23,0.27,0.47,0.85
1787900744.4,-14.27,-19.25,99.4,2.54,0.50,0.73,1.84,0.47,1.08,0.67,0.56,0.52,0.60,0.35,0.26,0.25,0.27,0.48,0.77
1787900744.8,-14.32,-19.03,102.3,2.44,0.50,0.64,1.32,1.40,0.33,0.76,0.62,0.58,0.65,0.36,0.28,0.24,0.25,0.47,0.89
1787900745.2,-14.37,-18.82,99.4,1.96,0.56,0.58,1.15,2.26,0.48,0.90,0.69,0.66,0.50,0.33,0.28,0.26,0.35,0.44,1.06
1787900745.7,-14.38,-18.60,96.1,2.17,0.54,0.34,0.77,2.51,0.67,0.41,0.78,0.74,0.56,0.37,0.23,0.29,0.35,0.45,1.02
1787900746.1,-14.42,-18.38,99.9,2.24,0.48,0.27,0.55,2.69,0.76,0.56,0.89,0.82,0.63,0.38,0.29,0.34,0.34,0.49,0.95
1787900746.6,-14.45,-18.16,98.5,1.68,0.44,0.27,0.24,2.69,0.91,0.61,0.96,0.90,0.63,0.34,0.33,0.31,0.34,0.46,1.14
1787900747.1,-14.46,-18.07,101.4,2.07,0.40,0.30,0.21,0.19,1.21,0.66,1.07,1.00,0.66,0.39,0.37,0.30,0.39,0.46,1.06
1787900753.4,-14.45,-18.05,225.6,0.81,0.62,1.02,0.79,0.40,0.36,0.31,0.37,0.39,0.82,3.00,0.58,0.31,0.25,0.19,1.41
1787900753.9,-14.57,-18.19,227.2,0.80,0.63,1.02,0.77,0.39,0.38,0.30,0.37,0.39,0.81,2.99,0.56,0.30,0.25,0.19,1.42
1787900754.3,-14.72,-18.36,229.9,0.74,0.55,0.98,1.00,0.51,0.41,0.38,0.39,0.47,0.92,2.99,0.37,0.25,0.14,1.23,1.32
1787900754.9,-14.92,-18.58,227.6,0.61,0.51,0.91,1.01,0.58,0.43,0.38,0.48,0.58,1.21,2.41,0.17,0.14,0.36,2.60,1.08
1787900755.3,-15.08,-18.74,225.8,0.52,0.45,0.82,0.91,0.69,0.50,0.52,0.52,0.65,1.43,0.76,0.18,0.30,0.40,2.54,0.95
1787900755.8,-15.10,-18.78,228.2,0.45,0.34,0.33,0.80,0.76,0.60,0.53,0.60,0.73,1.38,0.21,0.27,0.33,0.53,2.47,0.89
1787900760.6,-15.11,-18.77,307.9,0.99,0.65,0.53,0.58,0.72,1.07,0.22,0.24,0.32,0.36,1.06,2.99,0.53,0.33,0.36,0.80
1787900761.0,-14.99,-18.91,307.4,0.98,0.65,0.53,0.59,0.74,1.05,0.21,0.25,0.33,0.37,1.06,3.00,0.52,0.32,0.34,0.83
1787900761.5,-14.87,-19.10,305.3,0.90,0.65,0.51,0.53,0.61,0.90,2.64,0.27,0.40,0.48,1.15,1.42,0.45,0.32,0.26,0.74
1787900761.9,-14.74,-19.28,301.1,0.82,0.56,0.48,0.43,0.55,0.76,1.92,0.35,0.48,0.56,1.23,1.13,0.30,0.27,0.67,0.69
1787900762.7,-14.52,-19.58,309.8,0.66,0.47,0.42,0.40,0.42,0.64,1.56,0.80,0.59,0.74,1.59,0.35,0.18,0.67,0.53,0.56
1787900763.3,-14.47,-19.66,305.8,0.56,0.36,0.36,0.34,0.40,0.63,1.60,0.94,0.72,0.88,1.98,1.71,0.91,0.55,0.46,0.45
1787900770.0,-14.47,-19.68,96.0,3.00,0.60,0.76,1.34,0.20,1.17,0.55,0.47,0.46,0.49,0.54,0.39,0.33,0.37,0.55,0.89
1787900770.4,-14.49,-19.49,96.1,2.98,0.59,0.76,1.37,0.21,1.16,0.59,0.48,0.46,0.46,0.52,0.37,0.34,0.37,0.55,0.88
1787900770.9,-14.51,-19.27,94.5,2.10,0.51,0.67,1.33,0.37,1.20,0.72,0.54,0.53,0.63,0.42,0.38,0.34,0.34,0.55,1.03
1787900771.3,-14.54,-19.05,94.5,3.00,0.43,0.60,1.14,2.42,0.36,0.83,0.64,0.62,0.70,0.47,0.36,0.34,0.35,0.54,1.00
1787900771.8,-14.54,-19.01,95.0,3.00,0.34,0.53,0.78,2.62,0.58,0.35,0.75,0.70,0.80,0.53,0.40,0.30,0.42,0.49,1.03
1787900776.7,-14.53,-19.01,182.4,2.68,0.60,0.37,0.75,0.70,0.77,0.52,0.37,0.30,0.41,0.49,0.84,3.00,0.54,0.49,0.72
1787900777.2,-14.72,-19.01,179.8,2.67,0.60,0.37,0.75,0.70,0.77,0.53,0.39,0.33,0.41,0.49,0.86,3.00,0.52,0.50,0.72
1787900777.6,-14.94,-19.00,179.0,2.60,0.61,0.35,0.26,0.69,0.70,0.59,0.47,0.41,0.50,0.55,0.98,3.00,0.31,0.48,0.66
1787900778.1,-15.15,-19.00,177.3,2.11,0.85,0.30,0.32,0.25,0.73,0.83,0.59,0.48,0.57,0.64,1.11,3.00,0.32,0.44,0.61
1787900778.6,-15.43,-18.98,178.5,1.68,0.89,0.38,0.25,0.26,0.75,0.94,0.70,0.57,0.66,0.80,1.21,0.29,0.34,0.37,0.55
1787900779.0,-15.66,-18.97,177.8,1.58,0.93,0.38,0.29,0.24,0.30,0.95,0.80,0.69,0.74,0.88,0.29,0.30,0.33,0.33,0.54
1787900779.5,-15.88,-18.96,176.3,1.48,0.94,0.38,0.30,0.24,0.28,0.34,0.86,0.77,0.81,0.88,0.34,0.33,0.27,0.35,0.56
1787900779.9,-16.10,-18.94,174.2,1.41,1.12,0.51,0.28,0.29,0.25,0.38,0.94,0.83,0.88,0.42,0.34,0.27,0.26,0.29,0.59
1787900780.4,-16.33,-18.92,174.4,1.33,2.86,0.51,0.30,0.27,0.31,0.28,1.03,0.94,0.96,0.42,0.34,0.23,0.23,0.28,0.54
1787900781.0,-16.60,-18.90,178.4,1.22,3.00,0.50,0.39,0.27,0.27,0.34,1.14,1.00,1.04,0.46,0.27,0.24,0.23,0.27,0.47
1787900781.5,-16.88,-18.88,174.9,1.17,2.69,0.52,0.36,0.35,0.30,0.40,1.25,1.10,1.16,0.34,0.26,0.20,0.23,0.31,0.48
1787900781.9,-16.91,-18.88,175.9,1.03,1.52,0.54,0.36,0.37,0.34,0.36,0.52,1.23,1.23,0.34,0.24,0.20,0.21,0.30,0.40
1787900788.7,-16.93,-18.87,340.2,1.29,1.22,0.58,0.28,0.20,0.19,0.23,0.34,0.46,1.84,0.83,0.46,0.37,0.36,0.33,0.50
1787900789.2,-16.75,-18.94,340.2,1.28,1.22,0.59,0.29,0.20,0.19,0.25,0.34,0.45,1.83,0.83,0.47,0.37,0.37,0.32,0.51
1787900789.6,-16.55,-19.04,334.9,1.20,1.08,1.22,0.32,0.25,0.20,0.24,0.35,0.51,1.94,0.88,0.42,0.37,0.31,0.29,0.43
1787900790.1,-16.51,-19.06,334.5,1.15,1.05,1.09,0.50,0.30,0.27,0.26,0.40,0.58,1.99,0.93,0.41,0.34,0.25,0.25,0.35
1787900796.7,-16.53,-19.06,181.7,1.96,0.62,0.40,0.29,0.21,0.24,0.34,1.12,1.00,1.18,0.45,0.28,0.26,0.28,0.43,0.64
1787900797.1,-16.72,-19.06,180.0,1.97,0.60,0.38,0.30,0.21,0.26,0.34,1.12,1.01,1.15,0.46,0.30,0.26,0.28,0.43,0.62
1787900797.6,-16.94,-19.07,178.9,1.91,0.81,0.37,0.34,0.26,0.25,0.38,1.19,1.07,1.25,0.40,0.30,0.26,0.29,0.42,0.59
1787900798.0,-17.16,-19.06,179.4,1.85,0.81,0.40,0.29,0.31,0.27,0.29,0.49,1.17,1.30,0.39,0.29,0.28,0.31,0.37,0.49
1787900798.5,-17.38,-19.05,177.7,1.75,2.50,0.40,0.30,0.30,0.31,0.32,0.53,1.28,1.33,0.42,0.29,0.26,0.31,0.34,0.43
1787900799.0,-17.42,-19.04,175.8,1.66,2.67,0.41,0.34,0.25,0.33,0.35,0.60,1.37,1.44,0.39,0.29,0.29,0.28,0.33,0.37
1787900801.0,-17.42,-19.04,192.4,1.66,0.61,0.33,0.28,0.31,0.36,0.41,1.43,1.40,0.50,0.31,0.31,0.29,0.29,0.33,0.85
1787900801.4,-17.61,-19.08,191.1,1.64,0.62,0.35,0.28,0.32,0.36,0.42,1.42,1.39,0.50,0.30,0.28,0.30,0.28,0.35,0.85
1787900801.8,-17.82,-19.11,186.3,1.56,0.59,0.32,0.30,0.26,0.33,0.41,1.50,1.48,0.56,0.34,0.31,0.27,0.29,0.31,0.80
1787900802.3,-18.05,-19.14,189.9,1.48,1.66,0.34,0.26,0.27,0.29,0.44,0.78,1.56,0.61,0.37,0.30,0.27,0.29,0.32,0.74
1787900802.7,-18.27,-19.17,185.0,1.40,1.65,0.36,0.23,0.26,0.28,0.45,0.81,1.63,0.56,0.39,0.31,0.25,0.21,0.42,0.67
1787900803.2,-18.49,-19.18,186.9,1.31,1.61,0.39,0.27,0.22,0.29,0.37,0.68,1.69,0.60,0.39,0.28,0.20,0.28,0.35,0.61
1787900803.8,-18.79,-19.21,181.0,1.21,1.74,0.98,0.30,0.25,0.26,0.37,0.71,1.78,0.66,0.40,0.22,0.25,0.30,0.37,0.76
1787900804.2,-19.01,-19.24,187.8,1.14,1.73,1.05,0.26,0.28,0.28,0.31,0.73,1.84,0.68,0.34,0.25,0.28,0.27,0.41,0.71
1787900804.6,-19.23,-19.27,186.7,1.05,1.64,1.02,0.75,0.26,0.31,0.34,0.81,1.96,0.72,0.30,0.29,0.27,0.30,0.38,0.68
1787900805.2,-19.49,-19.30,188.1,0.95,1.57,0.97,0.80,0.45,0.29,0.35,0.87,2.08,0.74,0.38,0.30,0.25,0.30,0.30,0.93
1787900805.7,-19.76,-19.35,189.7,0.86,0.47,0.92,0.72,0.71,0.28,0.40,0.73,2.15,0.52,0.37,0.28,0.29,0.27,0.44,0.94
1787900806.2,-19.80,-19.36,187.0,0.79,0.52,0.88,0.74,0.69,0.47,0.35,0.71,2.24,0.55,0.37,0.31,0.24,0.27,0.41,0.84
1787900813.4,-19.77,-19.35,10.1,1.63,0.49,0.34,0.32,0.24,0.35,0.45,0.86,0.82,0.40,0.85,0.70,0.24,0.45,0.47,1.10
1787900813.8,-19.59,-19.30,14.1,1.64,0.51,0.31,0.32,0.23,0.37,0.45,0.84,0.82,0.40,0.87,0.69,0.71,0.45,0.47,1.12
1787900814.3,-19.37,-19.26,9.3,2.16,0.44,0.34,0.28,0.28,0.24,0.44,0.92,0.88,0.46,0.92,0.76,0.75,0.27,0.44,1.02
1787900814.7,-19.15,-19.22,9.5,2.10,0.59,0.34,0.23,0.27,0.28,0.41,0.97,0.94,1.52,0.96,0.77,0.48,0.33,0.41,0.94
1787900815.2,-18.94,-19.17,11.0,1.99,0.56,0.29,0.28,0.23,0.32,0.33,1.00,1.03,1.54,0.97,0.74,0.27,0.33,0.39,0.90
1787900815.6,-18.72,-19.13,10.4,1.93,0.62,0.24,0.26,0.24,0.25,0.38,0.73,1.09,1.59,0.95,0.30,0.31,0.31,0.43,0.87
1787900816.1,-18.50,-19.09,12.3,1.88,0.57,0.24,0.21,0.24,0.25,0.41,0.76,1.17,1.52,0.95,0.32,0.30,0.29,0.42,1.03
1787900816.7,-18.20,-19.04,12.3,1.74,0.52,0.32,0.18,0.18,0.24,0.32,0.59,1.26,1.58,0.37,0.32,0.28,0.34,0.53,0.98
1787900817.1,-17.99,-18.99,10.9,1.68,0.47,0.33,0.24,0.17,0.19,0.36,0.64,1.36,1.62,0.42,0.28,0.28,0.34,0.54,1.68
1787900817.5,-17.76,-18.95,9.5,1.57,0.42,0.31,0.24,0.22,0.19,0.34,0.70,1.46,1.46,0.42,0.30,0.33,0.37,0.53,1.59
1787900818.0,-17.72,-18.94,12.4,1.51,0.36,0.31,0.24,0.23,0.22,0.25,0.72,1.53,1.49,0.38,0.32,0.32,0.41,0.49,1.52
1787900825.5,-17.75,-18.95,191.4,1.31,0.57,0.33,0.33,0.32,0.45,0.53,1.50,1.51,0.35,0.30,0.25,0.23,0.23,0.26,0.77
1787900826.0,-17.93,-18.99,194.8,1.30,0.57,0.36,0.32,0.30,0.44,0.51,1.51,1.51,0.35,0.29,0.24,0.23,0.24,0.28,0.77
1787900826.4,-18.15,-19.05,189.3,1.26,0.55,0.39,0.30,0.30,0.38,0.51,1.58,1.56,0.40,0.32,0.23,0.23,0.20,0.38,0.74
1787900827.0,-18.39,-19.10,191.8,1.40,1.56,0.41,0.28,0.29,0.32,0.55,1.68,1.66,0.49,0.32,0.22,0.19,0.21,0.36,0.63
1787900827.4,-18.63,-19.14,192.5,1.29,1.55,0.35,0.33,0.24,0.33,0.45,0.97,1.75,0.53,0.35,0.22,0.18,0.27,0.36,0.83
1787900827.8,-18.85,-19.18,186.5,1.20,1.52,0.93,0.30,0.27,0.28,0.42,0.90,1.84,0.59,0.30,0.20,0.23,0.27,0.41,0.79
1787900828.3,-19.07,-19.22,195.9,1.11,1.62,0.94,0.27,0.30,0.31,0.41,0.82,1.94,0.64,0.26,0.25,0.25,0.26,0.39,0.73
1787900828.8,-19.34,-19.26,189.9,1.03,1.40,0.94,0.72,0.25,0.32,0.38,0.93,2.01,0.56,0.29,0.27,0.25,0.32,0.34,0.73
1787900829.5,-19.66,-19.31,185.7,0.90,0.48,0.94,0.75,0.51,0.29,0.39,0.92,2.12,0.65,0.37,0.27,0.29,0.29,0.44,0.93
1787900829.9,-19.88,-19.35,184.7,0.82,0.48,0.90,0.72,0.70,0.44,0.42,0.74,2.22,0.51,0.36,0.30,0.26,0.25,0.43,0.87
1787900830.4,-20.11,-19.37,190.2,0.74,0.49,0.87,0.72,0.69,0.52,0.34,0.78,2.28,0.52,0.35,0.32,0.21,0.32,0.42,0.82
1787900830.8,-20.14,-19.37,188.7,0.66,0.46,0.90,0.74,0.72,0.74,0.43,0.67,2.36,0.60,0.37,0.25,0.27,0.33,0.39,0.73
1787900834.1,-20.14,-19.37,225.4,0.31,0.80,0.68,0.73,0.52,0.56,2.35,1.06,0.41,0.33,0.24,0.31,0.36,0.69,0.69,0.48
1787900837.5,-20.14,-19.37,187.6,0.66,0.45,0.93,0.76,0.71,0.77,0.46,0.67,2.37,0.62,0.41,0.27,0.28,0.34,0.40,0.72
1787900838.0,-20.33,-19.38,186.4,0.65,0.44,0.93,0.77,0.71,0.75,0.48,0.65,2.37,0.62,0.37,0.26,0.28,0.33,0.40,0.74
1787900838.4,-20.56,-19.39,184.0,0.60,0.40,0.30,0.76,0.64,0.76,0.58,0.67,2.40,0.67,0.42,0.26,0.30,0.32,0.43,0.65
1787900839.0,-20.63,-19.40,184.5,0.50,0.31,0.29,0.22,0.69,0.76,0.65,0.54,2.45,0.77,0.35,0.34,0.29,0.29,0.48,0.58
1787900844.4,-20.63,-19.39,284.3,0.71,0.86,0.60,1.43,1.30,0.49,0.31,0.32,0.28,0.35,0.58,0.52,0.51,0.30,0.25,0.22
1787900848.8,-20.64,-19.38,352.0,0.82,2.52,0.53,0.30,0.29,0.28,0.31,0.53,0.56,0.48,0.29,0.30,0.22,0.68,0.82,0.65
1787900849.3,-20.42,-19.44,343.9,0.78,2.52,0.53,0.31,0.32,0.29,0.30,0.54,0.59,0.51,0.30,0.27,0.20,0.68,0.80,0.64
1787900850.0,-20.11,-19.57,344.8,0.54,2.52,0.53,0.46,0.31,0.33,0.34,0.43,0.69,0.61,0.40,0.21,0.73,0.64,0.71,0.54
1787900850.7,-19.93,-19.63,342.7,0.40,2.24,1.09,0.55,0.44,0.33,0.41,0.51,0.83,0.75,0.31,0.79,0.65,0.64,0.67,0.40
1787900854.0,-19.94,-19.63,19.2,1.43,0.61,0.44,0.35,0.39,0.47,0.80,0.73,0.44,1.00,0.74,0.61,0.63,0.41,0.28,1.12
1787900854.5,-19.71,-19.57,19.6,1.62,0.58,0.40,0.36,0.37,0.48,0.81,0.76,0.47,1.02,0.74,0.61,0.65,0.39,0.26,1.12
1787900855.0,-19.49,-19.48,21.7,1.55,0.53,0.40,0.38,0.30,0.45,0.80,0.84,0.55,1.04,0.75,0.66,0.45,0.31,0.36,1.09
1787900855.6,-19.18,-19.37,20.2,1.45,0.46,0.38,0.30,0.36,0.33,0.61,0.98,0.66,1.01,0.73,0.65,0.18,0.25,0.35,1.28
1787900856.1,-18.96,-19.30,17.1,1.11,0.51,0.33,0.31,0.31,0.37,0.61,1.06,0.76,1.05,0.76,0.20,0.23,0.28,0.36,1.96
1787900856.5,-18.75,-19.24,19.6,1.27,0.50,0.29,0.29,0.28,0.40,0.45,1.15,0.83,1.11,0.83,0.24,0.25,0.26,0.46,1.89
1787900857.0,-18.53,-19.19,19.4,1.21,0.50,0.23,0.24,0.30,0.29,0.47,1.22,0.93,1.17,0.28,0.28,0.25,0.28,0.46,1.81
1787900857.5,-18.28,-19.09,18.5,1.12,0.48,0.28,0.18,0.24,0.32,0.49,1.30,1.02,1.21,0.34,0.30,0.24,0.36,0.62,1.72
1787900857.9,-18.08,-19.00,21.8,0.80,0.42,0.29,0.20,0.18,0.27,0.40,1.40,1.06,1.26,0.37,0.27,0.27,0.35,0.60,1.67
1787900858.4,-18.04,-18.98,20.0,0.68,0.36,0.27,0.21,0.17,0.19,0.43,1.45,1.02,0.51,0.35,0.30,0.32,0.48,0.60,1.54
1787900865.2,-18.02,-18.98,188.9,1.43,1.68,0.44,0.30,0.33,0.35,0.53,1.63,1.59,0.44,0.32,0.24,0.21,0.18,0.29,0.63
1787900865.6,-18.20,-19.01,185.3,1.44,1.69,0.44,0.31,0.31,0.34,0.53,1.64,1.60,0.43,0.34,0.25,0.22,0.19,0.29,0.66
1787900866.0,-18.43,-19.04,192.2,1.35,1.63,0.42,0.30,0.29,0.34,0.53,0.91,1.68,0.43,0.32,0.23,0.18,0.19,0.34,0.59
1787900866.5,-18.64,-19.07,190.4,1.27,1.60,0.39,0.36,0.30,0.33,0.47,0.94,1.75,0.54,0.32,0.18,0.16,0.26,0.32,0.54
1787900866.9,-18.87,-19.10,193.5,1.19,1.52,0.94,0.33,0.29,0.30,0.44,1.03,1.81,0.55,0.23,0.19,0.25,0.29,0.36,0.77
1787900867.4,-19.09,-19.13,188.9,1.12,1.56,0.96,0.28,0.33,0.31,0.47,0.87,1.91,0.57,0.24,0.24,0.24,0.23,0.38,0.72
1787900867.9,-19.35,-19.17,191.0,1.02,1.59,1.02,0.79,0.27,0.34,0.37,0.90,2.01,0.61,0.27,0.26,0.22,0.30,0.33,0.65
1787900868.3,-19.57,-19.22,188.6,0.96,1.54,0.98,0.79,0.47,0.31,0.42,0.95,2.08,0.46,0.33,0.23,0.24,0.27,0.30,0.93
1787900868.8,-19.79,-19.26,186.1,0.86,0.56,0.92,0.76,0.75,0.29,0.43,0.98,2.16,0.45,0.34,0.25,0.27,0.23,0.30,0.86
1787900869.2,-20.00,-19.30,187.8,0.77,0.54,0.90,0.75,0.69,0.50,0.41,0.78,2.23,0.50,0.31,0.30,0.21,0.24,0.39,0.86
1787900869.7,-20.23,-19.35,190.8,0.71,0.49,0.94,0.77,0.75,0.57,0.37,0.79,2.33,0.56,0.34,0.26,0.23,0.32,0.36,0.78
1787900870.2,-20.31,-19.36,190.4,0.62,0.42,0.30,0.78,0.75,0.80,0.52,0.73,2.41,0.61,0.39,0.24,0.27,0.29,0.40,0.66
1787900873.0,-20.31,-19.36,167.1,0.66,0.61,0.40,0.25,0.78,0.74,0.80,0.54,0.74,2.42,0.60,0.36,0.24,0.30,0.29,0.48
1787900873.5,-20.49,-19.32,164.9,0.68,0.60,0.41,0.26,0.76,0.72,0.83,0.54,0.74,2.44,0.59,0.36,0.24,0.30,0.30,0.48
1787900873.9,-20.71,-19.27,168.1,0.60,0.54,0.37,0.34,0.26,0.71,0.84,0.65,0.80,2.48,0.50,0.26,0.27,0.27,0.26,0.48
1787900874.3,-20.93,-19.22,166.5,0.51,0.47,0.50,0.31,0.28,0.76,0.81,0.72,0.87,2.56,0.52,0.28,0.25,0.20,0.22,0.45
1787900874.8,-20.96,-19.21,166.8,0.42,0.40,0.42,0.30,0.32,0.31,0.90,0.79,0.93,2.65,0.35,0.28,0.20,0.18,0.21,0.38
1787900881.3,-20.98,-19.20,315.3,0.97,0.70,2.61,0.59,0.30,0.21,0.17,0.17,0.32,0.44,0.41,0.39,0.39,0.30,0.31,0.82
1787900881.7,-20.86,-19.34,313.4,0.96,0.68,2.61,0.59,0.31,0.22,0.15,0.19,0.33,0.44,0.44,0.39,0.38,0.30,0.31,0.82
1787900882.2,-20.70,-19.50,308.8,0.92,0.65,2.55,0.82,0.30,0.32,0.24,0.22,0.39,0.52,0.48,0.48,0.28,0.28,0.25,0.75
1787900882.7,-20.52,-19.71,313.5,0.82,0.64,1.07,1.43,0.56,0.34,0.36,0.30,0.44,0.59,0.52,0.50,0.27,0.18,0.17,0.66
1787900883.2,-20.38,-19.88,307.4,0.76,0.56,0.74,1.60,0.69,0.41,0.41,0.39,0.54,0.65,0.53,0.29,0.17,0.65,0.63,0.63
1787900883.6,-20.24,-20.05,310.4,0.66,0.49,0.41,2.46,0.76,0.57,0.43,0.47,0.56,0.72,0.60,0.15,0.88,0.59,0.54,0.56
1787900884.1,-20.21,-20.08,307.2,0.56,0.38,0.38,2.44,0.83,0.61,0.48,0.53,0.67,0.80,0.22,1.67,0.82,0.56,0.46,0.51
1787900888.9,-20.22,-20.09,225.2,0.63,0.56,0.44,0.46,0.58,0.40,0.34,1.79,0.78,0.62,0.50,0.55,0.78,0.74,0.29,1.33
1787900889.4,-20.35,-20.22,227.7,0.62,0.56,0.44,0.48,0.57,0.42,0.35,1.79,0.78,0.62,0.51,0.56,0.76,0.74,0.27,1.35
1787900889.9,-20.55,-20.39,219.8,0.59,0.47,0.39,0.43,0.49,0.43,0.47,2.57,0.89,0.69,0.60,0.59,0.79,0.19,1.56,1.29
1787900890.3,-20.72,-20.54,220.6,0.57,0.42,0.37,0.34,0.45,0.60,0.49,0.52,1.00,0.75,0.65,0.15,0.19,0.43,1.51,1.20
1787900890.8,-20.75,-20.56,219.5,0.51,0.33,0.33,0.30,0.36,0.62,0.54,0.58,1.07,0.83,0.20,0.19,0.25,0.47,1.45,1.09
1787900898.1,-20.76,-20.58,31.5,1.47,0.83,0.73,0.20,0.19,0.41,0.98,1.49,0.58,0.34,0.34,0.29,0.33,0.47,0.54,0.61
1787900898.5,-20.62,-20.46,39.7,1.46,0.84,0.71,0.19,0.19,0.38,1.00,1.48,0.58,0.34,0.34,0.28,0.33,0.47,0.55,0.60
1787900898.9,-20.44,-20.33,34.7,1.23,0.77,0.66,0.15,0.21,0.40,1.00,1.48,0.64,0.39,0.34,0.34,0.44,0.62,0.48,0.50
1787900899.4,-20.26,-20.19,36.5,1.23,0.71,0.59,0.61,0.77,0.18,1.11,1.62,0.72,0.46,0.39,0.36,0.44,0.55,0.44,0.44
1787900899.9,-20.23,-20.17,34.4,1.16,0.67,0.52,0.59,0.65,0.81,0.24,1.65,0.82,0.55,0.43,0.46,0.50,0.38,0.42,0.37
1787900903.6,-20.23,-20.17,92.9,0.56,0.58,0.84,0.17,1.65,1.11,0.57,0.48,0.42,0.46,0.55,0.46,0.35,1.53,0.78,0.62
1787900904.3,-20.23,-19.88,92.4,0.51,0.54,0.78,0.69,1.66,1.15,0.60,0.54,0.42,0.49,0.56,0.40,0.37,1.52,0.75,0.61
1787900904.8,-20.23,-19.84,86.6,0.41,0.47,0.63,0.76,0.63,1.43,0.84,0.64,0.52,0.55,0.47,0.45,0.64,1.48,0.68,0.52
1787900910.2,-20.22,-19.84,199.2,0.20,0.94,0.65,0.54,0.56,0.65,0.46,0.37,2.41,0.72,0.54,0.40,0.47,0.50,0.79,0.64
1787900913.8,-20.22,-19.84,151.0,0.77,0.63,0.20,0.90,0.64,0.53,0.58,0.61,0.46,0.58,1.82,0.71,0.52,0.38,0.48,0.54
1787900914.3,-20.39,-19.74,149.1,0.76,0.63,0.17,0.89,0.63,0.53,0.56,0.62,0.44,0.59,1.81,0.71,0.54,0.40,0.49,0.52
1787900914.7,-20.58,-19.63,147.6,0.70,0.57,0.31,0.15,0.66,0.60,0.62,0.71,0.54,0.65,2.47,0.73,0.52,0.39,0.40,0.46
1787900915.2,-20.78,-19.53,150.7,0.65,0.52,0.31,0.25,0.15,0.67,0.61,0.74,0.60,0.75,1.96,0.68,0.36,0.39,0.36,0.45
1787900915.6,-20.98,-19.43,147.8,0.55,0.47,0.45,0.21,0.23,0.18,0.18,0.76,0.68,0.85,1.96,0.59,0.34,0.32,0.28,0.43
1787900916.1,-21.02,-19.41,150.0,0.48,0.41,0.36,0.36,0.22,0.26,0.21,0.83,0.77,1.17,1.47,0.40,0.33,0.23,0.24,0.38
1787900922.5,-21.03,-19.39,301.4,0.84,0.76,0.86,2.65,0.59,0.37,0.27,0.21,0.34,0.44,0.42,0.36,0.42,0.24,0.24,0.21
1787900927.1,-21.04,-19.39,24.6,0.83,0.36,0.28,0.23,0.28,0.42,0.44,0.40,0.40,0.23,0.24,0.24,0.22,0.98,0.71,2.63
1787900931.5,-21.03,-19.40,316.0,0.93,0.68,2.59,0.67,0.37,0.28,0.23,0.26,0.42,0.44,0.38,0.43,0.23,0.25,0.25,0.24
1787900932.0,-21.03,-19.40,320.1,0.93,0.68,2.56,0.69,0.39,0.28,0.24,0.28,0.41,0.45,0.38,0.42,0.23,0.24,0.25,0.25
1787900934.1,-21.04,-19.40,332.7,0.76,1.61,0.89,0.38,0.33,0.25,0.24,0.41,0.45,0.40,0.37,0.26,0.25,0.24,0.23,0.92
1787900934.6,-20.87,-19.49,331.6,0.77,1.62,0.92,0.38,0.30,0.23,0.24,0.38,0.46,0.39,0.37,0.26,0.23,0.25,0.23,0.92
1787900935.2,-20.62,-19.65,327.1,0.67,0.88,1.65,0.56,0.35,0.33,0.29,0.43,0.57,0.49,0.48,0.25,0.24,0.16,0.67,0.81
1787900935.7,-20.40,-19.80,327.1,0.57,0.68,2.51,0.73,0.47,0.39,0.36,0.40,0.64,0.57,0.34,0.25,0.13,0.68,0.60,0.73
1787900936.2,-20.36,-19.82,329.3,0.49,0.39,2.44,0.74,0.53,0.40,0.45,0.44,0.76,0.61,0.34,1.09,0.66,0.59,0.60,0.69
1787900943.7,-20.38,-19.81,155.9,0.71,0.59,2.44,0.90,0.64,0.56,0.59,0.65,0.49,0.70,1.50,0.70,0.50,0.41,0.44,0.60
1787900944.2,-20.55,-19.73,155.5,0.70,0.61,0.31,0.87,0.65,0.56,0.60,0.63,0.49,0.67,1.54,0.69,0.51,0.41,0.44,0.61
1787900944.6,-20.76,-19.63,153.4,0.66,0.54,0.29,0.15,0.12,0.61,0.65,0.75,0.57,1.33,1.37,0.58,0.37,0.41,0.37,0.61
1787900945.0,-20.96,-19.53,153.1,0.56,0.44,0.28,0.25,0.19,0.16,0.62,0.82,0.65,1.40,1.36,0.57,0.37,0.36,0.34,0.53
1787900945.5,-20.99,-19.51,153.7,0.48,0.40,0.41,0.21,0.23,0.20,0.18,0.88,0.72,1.81,0.93,0.40,0.37,0.29,0.29,0.48
1787900952.0,-20.98,-19.51,4.3,2.59,0.77,0.39,0.33,0.28,0.38,0.48,0.46,0.39,0.36,0.19,0.23,0.20,0.78,0.79,0.65
1787900952.6,-20.71,-19.53,2.0,2.59,0.78,0.37,0.34,0.28,0.37,0.47,0.48,0.38,0.36,0.21,0.23,0.18,0.78,0.80,0.64
1787900953.0,-20.49,-19.53,1.4,2.50,0.79,0.46,0.32,0.30,0.30,0.50,0.56,0.48,0.32,0.27,0.21,0.70,0.76,0.64,0.53
1787900953.5,-20.26,-19.52,358.9,2.43,1.07,0.46,0.29,0.31,0.31,0.37,0.63,0.59,0.38,0.31,0.73,0.67,0.71,0.58,0.46
1787900953.9,-20.04,-19.52,4.3,2.35,1.12,0.45,0.37,0.26,0.34,0.35,0.73,0.67,0.42,0.28,0.78,0.64,0.70,0.52,0.46
1787900954.4,-19.81,-19.50,5.5,2.29,1.05,0.48,0.37,0.27,0.34,0.40,0.79,0.73,0.47,1.01,0.78,0.69,0.72,0.46,0.50
1787900954.8,-19.59,-19.51,357.5,2.18,1.06,0.50,0.32,0.35,0.29,0.45,0.81,0.83,0.57,1.02,0.72,0.66,0.45,0.27,0.45
1787900955.2,-19.37,-19.51,359.9,2.11,1.02,0.47,0.37,0.32,0.34,0.47,0.86,0.91,0.60,0.92,0.73,0.63,0.38,0.24,0.40
1787900955.8,-19.32,-19.51,0.0,1.98,1.11,0.43,0.38,0.32,0.40,0.38,0.67,0.97,1.77,0.94,0.72,0.46,0.20,0.27,0.34
1787900958.1,-19.33,-19.51,19.1,1.46,0.60,0.40,0.31,0.35,0.37,0.64,1.01,0.71,0.99,0.72,0.66,0.18,0.25,0.32,1.22
1787900958.6,-19.15,-19.46,16.7,1.47,0.62,0.39,0.33,0.35,0.37,0.63,1.02,0.68,1.02,0.73,0.65,0.17,0.26,0.32,1.23
1787900959.0,-18.93,-19.41,16.3,1.97,0.68,0.35,0.33,0.30,0.41,0.58,1.11,0.81,1.25,0.78,0.19,0.20,0.26,0.31,0.86
1787900959.5,-18.68,-19.34,12.3,1.89,0.66,0.33,0.29,0.32,0.33,0.47,1.18,0.90,1.18,0.25,0.25,0.25,0.23,0.38,0.85
1787900960.0,-18.46,-19.30,13.6,1.80,0.63,0.39,0.29,0.29,0.32,0.51,1.18,0.98,1.24,0.28,0.28,0.21,0.22,0.38,0.97
1787900960.5,-18.21,-19.24,8.2,1.72,0.57,0.38,0.25,0.24,0.35,0.43,1.30,1.10,1.28,0.33,0.24,0.21,0.29,0.44,0.92
1787900961.0,-17.95,-19.18,13.5,1.63,0.52,0.40,0.30,0.24,0.27,0.43,0.95,1.20,1.36,0.34,0.24,0.23,0.31,0.48,0.85
1787900961.5,-17.73,-19.14,13.4,1.54,0.48,0.37,0.29,0.27,0.28,0.44,0.81,1.27,0.51,0.29,0.25,0.26,0.32,0.45,1.57
1787900961.9,-17.51,-19.09,12.5,1.47,0.48,0.35,0.30,0.27,0.28,0.33,0.84,1.34,0.55,0.31,0.29,0.27,0.38,0.44,1.48
1787900962.4,-17.29,-19.03,10.0,1.41,0.47,0.30,0.29,0.27,0.30,0.36,0.88,1.40,0.59,0.34,0.27,0.31,0.35,0.45,1.38
1787900962.9,-17.25,-19.02,14.7,1.32,0.41,0.24,0.22,0.28,0.29,0.39,0.94,1.48,0.52,0.36,0.33,0.34,0.33,0.53,1.30
1787900965.1,-17.25,-19.02,0.1,1.24,0.75,0.37,0.24,0.26,0.29,0.29,0.41,1.75,2.49,0.45,0.33,0.33,0.34,0.35,0.54
1787900965.5,-17.06,-19.03,352.5,1.23,0.75,0.34,0.23,0.26,0.28,0.31,0.41,1.75,2.50,0.41,0.33,0.34,0.32,0.37,0.55
1787900966.0,-16.84,-19.04,353.1,1.19,1.22,0.36,0.24,0.24,0.27,0.34,0.47,1.82,2.58,0.48,0.32,0.34,0.31,0.34,0.51
1787900966.4,-16.62,-19.08,353.3,1.12,1.14,0.51,0.30,0.24,0.24,0.35,0.50,1.51,2.65,0.47,0.35,0.30,0.24,0.36,0.63
1787900967.0,-16.34,-19.10,355.2,1.04,1.09,0.47,0.29,0.28,0.26,0.33,0.55,1.26,2.77,0.46,0.36,0.24,0.26,0.33,1.21
1787900967.4,-16.13,-19.13,356.5,0.96,1.00,0.43,0.35,0.24,0.27,0.30,0.56,1.63,1.04,0.47,0.28,0.24,0.29,0.28,1.05
1787900967.8,-15.91,-19.16,351.3,0.87,0.92,1.03,0.38,0.30,0.28,0.32,0.61,1.39,1.10,0.50,0.27,0.24,0.24,0.33,0.97
1787900968.3,-15.68,-19.18,348.5,0.80,0.84,0.96,0.34,0.37,0.30,0.37,0.56,1.26,1.21,0.48,0.27,0.27,0.19,0.31,0.92
1787900968.8,-15.44,-19.21,353.5,0.70,0.77,0.91,0.36,0.35,0.34,0.39,0.56,1.54,0.89,0.32,0.26,0.18,0.25,0.29,0.80
1787900969.3,-15.18,-19.23,356.5,0.62,0.66,0.77,1.22,0.33,0.40,0.40,0.58,1.66,0.79,0.35,0.20,0.23,0.23,0.87,0.70
1787900969.7,-14.96,-19.24,354.7,0.54,0.56,0.68,1.10,3.00,0.34,0.45,0.63,2.05,0.81,0.24,0.26,0.22,0.70,0.86,0.62
1787900970.2,-14.92,-19.25,356.0,0.47,0.47,0.60,0.92,3.00,0.35,0.51,0.69,2.57,0.58,0.30,0.20,0.63,0.67,0.78,0.53
1787900977.8,-14.90,-19.25,174.1,1.77,0.90,0.30,0.23,0.63,0.66,0.82,0.54,0.48,0.41,0.56,0.77,2.70,0.35,0.49,0.66
1787900978.2,-15.08,-19.23,173.2,1.78,0.91,0.30,0.23,0.63,0.67,0.82,0.55,0.45,0.42,0.57,0.76,2.71,0.36,0.51,0.65
1787900978.6,-15.31,-19.19,169.6,1.46,1.06,0.28,0.27,0.21,0.67,0.83,0.64,0.55,0.50,0.64,0.91,2.39,0.34,0.46,0.59
1787900979.1,-15.53,-19.16,171.2,1.09,1.35,0.36,0.22,0.25,0.22,0.77,0.71,0.62,0.61,0.71,1.01,0.32,0.36,0.38,0.53
1787900979.6,-15.80,-19.12,169.9,0.98,3.00,0.40,0.32,0.19,0.29,0.29,0.84,0.72,0.71,0.83,1.21,0.32,0.36,0.34,0.48
1787900980.1,-16.02,-19.08,169.7,0.92,3.00,0.58,0.28,0.28,0.21,0.32,0.92,0.82,0.83,0.93,0.34,0.32,0.29,0.33,0.44
1787900980.5,-16.24,-19.03,172.1,0.86,3.00,0.54,0.29,0.27,0.26,0.36,1.05,0.87,0.89,1.00,0.36,0.29,0.25,0.32,0.46
1787900980.9,-16.46,-19.00,171.8,0.74,1.84,0.56,0.40,0.26,0.32,0.28,1.18,0.96,0.98,0.49,0.36,0.24,0.26,0.25,0.45
1787900981.4,-16.67,-18.95,169.8,0.67,1.78,0.61,0.43,0.30,0.30,0.35,0.54,1.02,1.03,0.46,0.31,0.24,0.22,0.24,0.43
1787900981.9,-16.71,-18.94,170.3,0.58,1.73,0.62,0.44,0.38,0.29,0.38,0.61,1.12,1.12,0.47,0.25,0.19,0.18,0.22,0.37
1787900989.3,-16.69,-18.94,351.9,1.10,1.11,0.45,0.23,0.20,0.18,0.23,0.41,0.87,1.67,0.60,0.42,0.36,0.31,0.43,0.64
1787900989.8,-16.50,-18.97,349.8,1.10,1.10,0.45,0.25,0.19,0.18,0.27,0.39,0.88,1.67,0.58,0.43,0.36,0.31,0.43,0.62
1787900990.2,-16.28,-19.00,354.9,1.00,1.04,0.45,0.24,0.23,0.21,0.23,0.45,0.96,1.54,0.57,0.44,0.29,0.31,0.36,1.19
1787900990.7,-16.02,-19.03,350.5,0.94,0.94,0.42,0.35,0.21,0.23,0.25,0.45,0.76,1.67,0.54,0.38,0.29,0.31,0.30,1.11
1787900991.2,-15.80,-19.06,353.1,0.85,0.88,0.97,0.34,0.27,0.23,0.32,0.41,0.89,2.99,0.55,0.32,0.29,0.24,0.38,0.95
1787900991.7,-15.54,-19.11,351.5,0.77,0.80,0.92,0.31,0.32,0.29,0.29,0.42,0.94,2.96,0.58,0.29,0.27,0.26,0.32,0.87
1787900992.2,-15.27,-19.15,351.4,0.69,0.68,0.78,1.17,0.31,0.34,0.33,0.48,1.01,2.99,0.42,0.34,0.23,0.28,0.82,0.78
1787900992.7,-15.06,-19.18,352.6,0.59,0.59,0.68,0.96,0.30,0.33,0.38,0.49,1.06,2.99,0.41,0.24,0.27,0.24,0.78,0.69
1787900993.1,-14.84,-19.21,351.4,0.51,0.51,0.60,0.90,2.66,0.34,0.42,0.58,1.48,1.06,0.28,0.30,0.24,0.69,0.83,0.61
1787900993.6,-14.80,-19.21,351.3,0.43,0.40,0.52,0.72,2.20,0.58,0.46,0.58,1.56,0.99,0.34,0.23,0.67,0.67,0.79,0.53
1787901001.2,-14.78,-19.21,167.9,1.23,1.22,0.34,0.25,0.69,0.67,0.79,0.53,0.44,0.39,0.52,0.73,1.61,0.63,0.43,0.54
1787901001.6,-14.96,-19.17,167.4,1.24,1.22,0.35,0.24,0.68,0.68,0.81,0.53,0.44,0.38,0.53,0.74,1.61,0.63,0.44,0.53
1787901002.0,-15.18,-19.13,168.1,1.14,2.99,0.45,0.29,0.22,0.69,0.80,0.63,0.52,0.46,0.59,0.76,1.80,0.32,0.42,0.48
1787901002.5,-15.39,-19.07,163.4,1.06,2.07,0.41,0.25,0.28,0.24,0.76,0.69,0.59,0.56,0.67,0.93,2.19,0.31,0.40,0.48
1787901003.0,-15.65,-19.01,166.7,0.95,2.11,0.63,0.34,0.25,0.24,0.81,0.69,0.68,0.66,0.74,1.05,0.28,0.32,0.33,0.43
1787901003.5,-15.68,-19.00,166.6,0.87,2.04,0.65,0.32,0.29,0.27,0.35,0.93,0.75,0.78,0.86,0.30,0.29,0.29,0.26,0.38
1787901005.4,-15.68,-19.00,184.0,2.28,0.84,0.38,0.32,0.23,0.36,1.05,0.83,0.70,0.79,1.01,0.29,0.31,0.28,0.34,0.68
1787901005.9,-15.87,-19.00,180.8,2.30,0.84,0.36,0.32,0.24,0.33,1.06,0.80,0.70,0.82,1.00,0.30,0.29,0.27,0.36,0.68
1787901006.3,-16.09,-18.98,174.5,2.21,0.84,0.49,0.29,0.29,0.26,0.40,0.94,0.77,0.87,0.37,0.32,0.27,0.25,0.31,0.61
1787901006.9,-16.38,-18.94,175.5,1.68,1.08,0.51,0.30,0.27,0.30,0.42,1.01,0.89,0.95,0.39,0.31,0.23,0.25,0.29,0.61
1787901007.3,-16.60,-18.95,176.3,1.23,1.08,0.51,0.39,0.26,0.29,0.36,1.08,1.00,1.04,0.42,0.25,0.24,0.21,0.24,0.50
1787901007.8,-16.83,-18.93,170.2,1.16,2.96,0.52,0.41,0.32,0.31,0.41,1.22,1.05,1.11,0.44,0.25,0.21,0.19,0.30,0.46
1787901008.2,-17.05,-18.91,177.3,1.09,2.90,0.53,0.38,0.37,0.30,0.39,0.66,1.15,1.18,0.29,0.21,0.19,0.21,0.31,0.42
1787901008.7,-17.27,-18.90,177.1,1.01,2.83,0.49,0.39,0.39,0.34,0.39,0.73,1.20,0.70,0.32,0.19,0.18,0.24,0.28,0.40
1787901009.2,-17.50,-18.90,180.3,0.96,2.75,0.56,0.41,0.37,0.39,0.41,0.62,1.29,0.73,0.26,0.21,0.21,0.24,0.26,0.40
1787901009.7,-17.59,-18.90,176.1,0.85,1.31,0.61,0.40,0.35,0.40,0.44,0.69,1.38,0.77,0.27,0.24,0.21,0.18,0.24,0.25
1787901010.2,-17.59,-18.90,175.8,0.86,1.33,0.63,0.38,0.33,0.41,0.45,0.69,1.39,0.78,0.27,0.22,0.19,0.18,0.23,0.26
1787901010.8,-17.59,-18.90,177.5,0.87,1.32,0.61,0.39,0.35,0.40,0.45,0.69,1.39,0.79,0.27,0.24,0.21,0.19,0.22,0.26
1787901018.0,-17.57,-18.89,4.4,1.45,0.36,0.25,0.22,0.20,0.18,0.22,0.30,1.61,1.93,0.47,0.39,0.36,0.45,0.49,1.50
1787901018.5,-17.57,-18.89,3.9,1.43,0.38,0.25,0.22,0.17,0.19,0.26,0.30,1.61,1.93,0.48,0.39,0.36,0.47,0.48,1.49
1787901019.0,-17.57,-18.89,4.2,1.44,0.35,0.25,0.23,0.20,0.21,0.24,0.31,1.63,1.94,0.49,0.38,0.38,0.44,0.48,1.51
1787901019.5,-17.57,-18.89,4.9,1.43,0.36,0.24,0.22,0.20,0.19,0.22,0.29,1.62,1.93,0.49,0.39,0.35,0.43,0.49,1.51
1787901020.0,-17.57,-18.89,2.0,1.44,0.36,0.26,0.21,0.19,0.20,0.25,0.30,1.61,1.92,0.50,0.39,0.34,0.44,0.48,1.50
1787901020.5,-17.57,-18.89,7.3,1.46,0.36,0.25,0.22,0.19,0.20,0.22,0.29,1.60,1.93,0.48,0.39,0.36,0.47,0.47,1.50
1787901020.9,-17.56,-18.89,5.7,1.46,0.35,0.24,0.23,0.18,0.20,0.24,0.28,1.62,1.94,0.48,0.39,0.35,0.45,0.49,1.49
1787901022.9,-18.04,-18.68,337.8,0.72,1.56,0.51,0.35,0.22,0.18,0.15,0.15,0.39,1.42,1.03,0.54,0.40,0.33,0.36,0.52
1787901029.1,-18.05,-18.68,186.8,1.41,1.92,0.48,0.33,0.35,0.36,0.56,0.89,1.63,0.42,0.28,0.23,0.16,0.14,0.18,0.44
1787901029.6,-18.24,-18.70,186.1,1.42,1.92,0.48,0.33,0.34,0.37,0.55,0.89,1.64,0.42,0.28,0.20,0.16,0.15,0.18,0.44
1787901030.1,-18.51,-18.72,181.6,1.34,1.97,1.12,0.38,0.30,0.37,0.51,0.92,1.71,0.49,0.28,0.17,0.12,0.14,0.26,0.49
1787901030.5,-18.73,-18.73,182.7,1.28,0.85,1.20,0.40,0.36,0.34,0.46,0.78,1.78,0.55,0.27,0.14,0.15,0.19,0.23,0.46
1787901031.0,-18.96,-18.75,184.2,1.21,0.85,1.18,0.37,0.39,0.35,0.49,0.81,1.83,0.60,0.17,0.17,0.19,0.20,0.22,0.40
1787901031.5,-19.00,-18.75,184.8,1.10,0.86,1.14,0.91,0.37,0.39,0.47,0.89,1.98,0.53,0.23,0.20,0.17,0.16,0.27,0.31
1787901034.5,-18.99,-18.75,219.1,1.40,0.96,0.33,0.38,0.40,0.62,1.92,0.89,0.21,0.21,0.17,0.16,0.18,0.32,1.05,1.10
1787901035.0,-19.14,-18.86,217.1,1.44,0.96,0.33,0.39,0.40,0.60,1.94,0.79,0.22,0.20,0.19,0.17,0.19,0.30,1.05,1.10
1787901035.4,-19.32,-18.99,218.9,1.36,0.93,0.77,0.32,0.38,0.56,2.03,1.10,0.28,0.23,0.20,0.20,0.28,0.30,1.03,1.03
1787901035.9,-19.51,-19.11,214.5,1.30,0.94,0.76,0.44,0.35,0.42,1.05,1.50,0.40,0.31,0.24,0.27,0.28,0.47,0.98,0.96
1787901036.3,-19.70,-19.24,215.5,1.23,0.90,0.73,0.50,0.25,0.40,1.00,2.15,0.48,0.38,0.30,0.33,0.29,0.50,0.93,0.89
1787901036.7,-19.88,-19.37,214.5,1.34,0.81,0.64,0.63,0.43,0.27,0.52,2.23,0.76,0.45,0.37,0.30,0.40,0.49,0.86,0.82
1787901037.2,-20.06,-19.50,218.3,1.23,0.76,0.62,0.61,0.46,0.36,0.52,2.30,0.66,0.45,0.40,0.32,0.44,0.71,0.80,0.82
1787901037.8,-20.13,-19.55,212.7,1.13,0.68,0.56,0.61,0.67,0.46,0.34,2.40,0.74,0.53,0.38,0.46,0.47,0.77,0.68,0.39
1787901042.0,-20.13,-19.54,273.7,0.57,0.62,0.46,0.35,2.31,1.16,0.58,0.44,0.40,0.46,0.70,0.75,0.43,1.29,0.70,0.63
1787901042.5,-20.13,-19.73,272.7,0.57,0.59,0.45,0.37,2.31,1.13,0.57,0.45,0.41,0.44,0.69,0.73,0.41,1.27,0.71,0.62
1787901042.9,-20.12,-19.77,272.0,0.47,0.50,0.46,0.40,0.35,1.44,0.73,0.57,0.48,0.52,0.78,0.76,0.26,1.23,0.64,0.54
1787901049.6,-20.13,-19.78,64.5,0.59,0.47,0.53,0.72,0.78,0.39,1.41,0.75,0.58,0.46,0.50,0.58,0.42,0.34,1.82,0.76
1787901050.1,-20.04,-19.59,64.3,0.58,0.45,0.55,0.72,0.77,0.40,1.39,0.74,0.59,0.47,0.50,0.57,0.41,0.34,1.80,0.75
1787901050.6,-20.01,-19.53,64.7,0.47,0.37,0.47,0.49,0.80,0.70,0.25,0.91,0.70,0.57,0.56,0.43,0.36,0.64,1.46,0.64
1787901054.2,-20.01,-19.53,28.5,1.15,0.61,0.47,0.37,0.48,0.66,0.79,0.48,1.32,0.71,0.61,0.59,0.65,0.42,0.33,2.28
1787901054.6,-19.83,-19.46,23.0,1.14,0.61,0.47,0.36,0.46,0.65,0.77,0.47,1.32,0.73,0.62,0.58,0.65,0.42,0.32,2.28
1787901055.1,-19.64,-19.36,23.2,1.10,0.55,0.44,0.35,0.41,0.50,0.85,0.76,1.53,0.82,0.64,0.62,0.66,0.38,0.27,2.24
1787901055.6,-19.39,-19.25,24.9,1.01,0.50,0.39,0.37,0.33,0.49,0.91,0.85,1.63,0.88,0.67,0.62,0.37,0.20,0.40,2.14
1787901056.1,-19.19,-19.15,24.3,0.93,0.43,0.38,0.30,0.34,0.47,0.89,0.92,1.72,0.93,0.69,0.66,0.19,0.30,0.41,2.04
1787901056.5,-19.15,-19.13,23.5,0.84,0.35,0.34,0.28,0.34,0.38,0.67,1.01,1.80,1.01,0.78,0.21,0.25,0.30,0.53,1.96
1787901059.1,-19.15,-19.13,3.8,1.98,0.80,0.36,0.32,0.26,0.35,0.37,0.97,1.01,1.59,0.98,0.21,0.18,0.26,0.30,0.58
1787901059.6,-18.96,-19.12,4.5,1.97,0.80,0.34,0.32,0.28,0.36,0.37,0.98,1.00,1.59,0.98,0.77,0.21,0.26,0.31,0.59
1787901060.0,-18.73,-19.10,3.8,1.86,0.76,0.34,0.29,0.31,0.29,0.40,0.71,1.06,1.65,1.01,0.23,0.24,0.27,0.29,0.71
1787901060.5,-18.51,-19.09,6.0,1.79,0.75,0.46,0.25,0.30,0.33,0.43,0.76,1.14,1.71,0.99,0.24,0.24,0.23,0.29,0.68
1787901060.9,-18.28,-19.08,9.0,1.70,0.78,0.46,0.29,0.26,0.33,0.40,0.79,1.25,1.76,0.32,0.26,0.23,0.20,0.33,0.65
1787901061.6,-17.94,-19.01,7.0,1.61,0.75,0.46,0.35,0.27,0.27,0.41,0.67,1.38,1.62,0.34,0.22,0.19,0.25,0.30,0.58
1787901062.1,-17.72,-19.01,3.7,1.51,0.72,0.46,0.35,0.31,0.28,0.42,0.73,1.44,1.70,0.31,0.21,0.23,0.25,0.39,0.54
1787901062.5,-17.49,-19.00,9.3,1.42,0.86,0.42,0.38,0.32,0.33,0.35,0.78,1.50,1.70,0.28,0.25,0.20,0.26,0.38,0.54
1787901063.0,-17.26,-19.00,1.9,1.35,0.83,0.41,0.35,0.33,0.36,0.34,0.69,1.63,0.62,0.30,0.23,0.21,0.30,0.34,0.61
1787901063.4,-17.05,-18.98,3.2,1.27,0.85,0.46,0.34,0.34,0.36,0.40,0.68,1.69,0.66,0.32,0.24,0.25,0.29,0.31,0.55
1787901063.8,-16.82,-18.97,1.5,1.21,1.35,0.45,0.33,0.31,0.36,0.43,0.76,1.80,0.70,0.30,0.28,0.25,0.23,0.26,0.48
1787901064.3,-16.79,-18.96,2.4,1.13,1.26,0.46,0.33,0.29,0.37,0.46,0.76,1.85,0.54,0.31,0.29,0.23,0.21,0.26,0.42
1787901066.7,-16.79,-18.96,20.8,1.21,1.26,0.37,0.29,0.34,0.45,0.54,1.89,0.81,0.32,0.30,0.25,0.21,0.24,0.39,1.16
1787901067.2,-16.62,-18.89,15.9,1.21,0.58,0.37,0.29,0.33,0.43,0.56,1.89,0.82,0.34,0.28,0.26,0.21,0.25,0.40,1.15
1787901067.6,-16.41,-18.81,17.2,1.12,0.53,0.32,0.28,0.27,0.43,0.59,1.94,0.89,0.39,0.32,0.21,0.23,0.33,0.55,1.08
1787901068.1,-16.20,-18.74,17.8,1.06,0.47,0.29,0.27,0.26,0.34,0.58,2.04,0.97,0.42,0.31,0.21,0.27,0.31,1.09,0.97
1787901068.5,-15.98,-18.66,15.6,0.97,0.42,0.34,0.23,0.27,0.28,0.54,1.33,1.09,0.51,0.31,0.26,0.29,0.28,1.03,0.92
1787901069.0,-15.95,-18.65,14.8,0.88,0.36,0.32,0.24,0.23,0.29,0.48,1.37,2.94,0.55,0.32,0.33,0.28,0.41,0.96,0.81
1787901075.4,-15.96,-18.67,228.8,0.45,0.29,0.32,0.29,1.13,0.90,0.85,0.91,0.34,0.29,0.23,0.27,0.30,0.67,2.19,0.79
1787901080.9,-15.97,-18.66,333.1,0.95,0.79,0.89,0.34,0.33,0.25,0.21,0.29,0.53,1.39,1.12,0.55,0.30,0.32,0.27,0.42
1787901081.3,-15.80,-18.73,334.6,0.97,0.79,0.90,0.35,0.31,0.24,0.22,0.27,0.55,1.41,1.15,0.53,0.32,0.31,0.29,0.40
1787901081.9,-15.73,-18.77,335.0,0.86,0.73,0.79,0.93,0.32,0.33,0.29,0.37,0.65,1.90,0.86,0.36,0.31,0.24,0.31,0.37
1787901087.9,-15.75,-18.77,205.9,0.67,0.33,0.29,0.20,0.31,1.06,0.79,0.73,0.83,1.05,0.34,0.32,0.28,0.39,0.77,2.26
1787901088.4,-15.75,-18.77,204.5,0.67,0.31,0.28,0.20,0.29,1.07,0.81,0.73,0.81,1.08,0.32,0.31,0.28,0.39,0.77,2.24
1787901088.9,-15.75,-18.77,207.8,0.66,0.31,0.28,0.20,0.32,1.09,0.80,0.71,0.82,1.06,0.33,0.32,0.29,0.40,0.77,2.24
1787901089.4,-15.75,-18.77,205.6,0.65,0.32,0.31,0.21,0.30,1.07,0.80,0.73,0.80,1.07,0.33,0.31,0.29,0.40,0.78,2.24
1787901096.0,-15.76,-18.78,13.1,0.81,0.94,0.34,0.33,0.29,0.34,0.45,1.22,3.00,0.55,0.30,0.27,0.29,0.32,0.85,0.78
1787901096.4,-15.58,-18.73,14.2,0.81,0.93,0.33,0.34,0.29,0.33,0.46,1.23,3.00,0.56,0.29,0.27,0.25,0.33,0.86,0.77
1787901096.9,-15.36,-18.69,14.8,0.74,0.86,0.31,0.31,0.32,0.30,0.44,0.97,2.98,0.50,0.34,0.21,0.32,0.83,0.80,0.70
1787901097.3,-15.15,-18.64,12.7,0.67,0.75,1.12,0.25,0.27,0.32,0.44,1.01,2.99,0.48,0.30,0.32,0.28,0.91,0.75,0.61
1787901097.8,-14.90,-18.58,14.0,0.57,0.61,0.90,2.61,0.24,0.35,0.42,1.09,3.00,0.50,0.36,0.34,0.79,0.95,0.62,0.48
1787901098.3,-14.86,-18.57,9.7,0.49,0.50,0.69,1.76,0.49,0.26,0.41,1.03,3.00,0.57,0.42,0.83,0.79,0.85,0.51,0.40
1787901102.6,-14.86,-18.58,73.6,1.47,0.81,0.24,0.40,0.65,2.56,0.62,0.41,0.33,0.79,0.89,0.57,0.43,0.47,0.49,0.62
1787901103.0,-14.79,-18.41,72.6,1.48,0.82,0.26,0.42,0.68,2.56,0.62,0.41,0.35,0.79,0.93,0.58,0.43,0.47,0.50,0.63
1787901103.4,-14.71,-18.20,72.3,1.26,1.00,0.20,0.21,0.46,2.61,0.98,0.47,0.40,0.86,0.98,0.54,0.38,0.45,0.45,0.56
1787901104.0,-14.64,-17.99,69.7,0.98,3.00,0.36,0.15,0.15,1.86,1.18,0.66,0.51,0.93,1.01,0.55,0.40,0.41,0.41,0.53
1787901104.4,-14.54,-17.74,73.9,0.85,3.00,0.44,0.28,0.19,0.14,1.43,0.77,0.62,1.00,0.86,0.43,0.42,0.35,0.41,0.44
1787901104.9,-14.47,-17.52,72.4,0.85,3.00,0.52,0.28,0.24,0.20,0.20,0.85,0.68,1.08,0.81,0.45,0.36,0.30,0.36,0.45
1787901105.3,-14.39,-17.31,69.3,0.73,2.99,0.50,0.29,0.26,0.25,0.23,0.94,0.76,1.15,0.69,0.45,0.31,0.33,0.29,0.41
1787901105.8,-14.37,-17.28,69.5,0.64,3.00,0.62,0.41,0.27,0.29,0.28,0.34,0.87,1.24,0.59,0.39,0.31,0.30,0.25,0.32
1787901107.8,-14.37,-17.28,84.6,1.28,0.93,0.42,0.29,0.26,0.29,0.30,0.87,1.24,1.01,0.50,0.28,0.30,0.22,0.32,0.52
1787901108.3,-14.35,-17.13,82.8,1.28,0.94,0.45,0.29,0.28,0.27,0.29,0.88,1.25,1.02,0.51,0.29,0.31,0.22,0.32,0.52
1787901108.7,-14.31,-16.86,79.7,1.52,1.10,0.38,0.34,0.25,0.30,0.33,0.93,1.32,1.04,0.45,0.32,0.19,0.24,0.30,0.49
1787901109.1,-14.26,-16.64,83.2,1.12,1.23,0.49,0.34,0.30,0.27,0.37,1.13,1.40,1.10,0.38,0.30,0.21,0.24,0.26,0.43
1787901109.6,-14.25,-16.60,81.3,1.02,1.45,0.45,0.32,0.32,0.30,0.36,0.52,1.49,0.99,0.41,0.22,0.22,0.21,0.29,0.36
1787901116.2,-14.24,-16.62,286.7,0.72,0.40,0.21,0.18,0.21,0.28,0.39,1.55,1.12,0.44,0.31,0.34,0.32,0.45,1.09,1.52
1787901116.6,-14.24,-16.62,288.5,0.73,0.40,0.23,0.20,0.20,0.30,0.40,1.57,1.11,0.45,0.29,0.31,0.30,0.42,1.10,1.51
1787901119.2,-14.25,-16.62,269.2,1.49,0.71,0.39,0.21,0.21,0.22,0.31,0.42,2.21,0.94,0.45,0.30,0.31,0.31,0.42,1.08
1787901119.7,-14.25,-16.80,262.0,1.49,0.74,0.40,0.22,0.18,0.20,0.31,0.41,2.20,0.95,0.44,0.29,0.32,0.29,0.45,1.12
1787901120.1,-14.27,-17.02,264.9,1.42,0.70,0.37,0.21,0.21,0.21,0.28,0.43,2.20,1.15,0.50,0.36,0.29,0.29,0.41,1.04
1787901120.7,-14.30,-17.30,260.6,1.33,0.83,0.40,0.21,0.18,0.22,0.27,0.48,1.61,0.85,0.39,0.33,0.26,0.31,0.37,0.97
1787901121.1,-14.32,-17.52,263.8,1.23,0.97,0.47,0.27,0.29,0.21,0.32,0.51,1.34,0.92,0.46,0.29,0.29,0.29,0.31,0.87
1787901121.5,-14.33,-17.74,265.2,1.17,0.92,0.46,0.27,0.25,0.29,0.27,0.53,1.69,0.97,0.47,0.29,0.29,0.28,1.25,0.82
1787901122.0,-14.34,-17.96,263.0,1.09,1.15,0.40,0.35,0.28,0.28,0.32,0.48,1.77,0.81,0.40,0.32,0.26,0.23,0.97,0.77
1787901122.4,-14.37,-18.18,262.7,1.09,1.07,0.38,0.32,0.33,0.28,0.38,0.51,1.90,0.86,0.38,0.29,0.21,3.00,0.84,0.63
1787901122.9,-14.41,-18.44,260.6,0.90,0.97,0.48,0.31,0.33,0.32,0.36,0.48,1.61,0.94,0.43,0.25,0.57,2.99,0.74,0.53
1787901123.4,-14.45,-18.66,263.0,0.83,0.85,0.58,0.35,0.31,0.35,0.37,0.52,1.40,1.01,0.44,0.27,0.77,3.00,0.68,0.48
1787901123.8,-14.49,-18.88,263.4,0.75,0.77,0.55,0.39,0.28,0.36,0.40,0.60,1.51,0.88,0.31,0.53,1.26,1.32,0.48,0.88
1787901124.3,-14.49,-18.91,256.8,0.66,0.68,0.55,0.39,0.33,0.28,0.43,0.67,1.56,0.93,0.38,0.61,1.35,1.06,0.42,0.77
1787901131.6,-14.49,-18.94,73.7,1.12,2.38,0.55,0.57,1.06,2.45,0.43,0.29,0.70,0.68,0.78,0.47,0.34,0.29,0.43,0.51
1787901132.2,-14.43,-18.70,69.7,1.08,2.59,0.37,0.53,0.88,2.67,0.44,0.32,0.71,0.70,0.80,0.46,0.35,0.29,0.41,0.48
1787901132.6,-14.37,-18.49,72.1,0.97,3.00,0.53,0.35,0.70,2.67,0.67,0.45,0.80,0.74,0.80,0.39,0.29,0.31,0.36,0.43
1787901133.0,-14.31,-18.28,71.6,0.89,3.00,0.52,0.29,0.54,2.74,0.79,0.55,0.89,0.81,0.62,0.41,0.26,0.31,0.34,0.49
1787901133.5,-14.25,-18.07,74.1,0.84,3.00,0.65,0.39,0.24,2.76,1.14,0.63,0.95,0.88,0.60,0.29,0.27,0.29,0.28,0.49
1787901134.0,-14.23,-17.99,71.4,0.73,2.99,0.68,0.41,0.32,1.44,1.28,0.72,1.05,0.97,0.51,0.31,0.25,0.23,0.25,0.33
1787901140.2,-14.21,-17.98,205.2,1.49,0.72,1.09,0.97,0.66,0.31,0.28,0.23,0.24,0.33,0.50,3.00,0.86,0.41,0.35,0.27
1787901144.4,-14.21,-17.98,264.7,1.02,0.75,0.32,0.30,0.23,0.21,0.32,0.38,1.56,0.89,0.44,0.36,0.28,3.00,0.86,0.64
1787901144.9,-14.23,-18.16,259.7,1.01,0.74,0.31,0.30,0.24,0.21,0.32,0.36,1.58,0.91,0.44,0.37,0.29,3.00,0.87,0.63
1787901145.3,-14.25,-18.38,257.7,0.94,0.96,0.41,0.25,0.28,0.26,0.28,0.41,1.30,1.22,0.49,0.36,0.56,2.99,0.80,0.59
1787901145.8,-14.30,-18.60,259.4,0.85,0.88,0.43,0.24,0.24,0.28,0.28,0.47,1.39,1.27,0.49,0.32,0.67,3.00,0.63,1.03
1787901146.3,-14.35,-18.87,258.0,0.77,0.77,0.50,0.31,0.22,0.28,0.33,0.53,1.32,1.14,0.53,0.50,0.67,1.69,0.52,0.87
1787901146.7,-14.39,-19.09,259.2,0.69,0.67,0.49,0.33,0.30,0.24,0.39,0.47,1.16,1.20,0.41,0.60,1.32,1.31,0.46,0.79
1787901147.2,-14.43,-19.30,257.1,0.61,0.58,0.65,0.40,0.31,0.27,0.34,0.53,1.23,1.25,0.44,0.67,1.37,0.71,0.29,0.72
1787901147.6,-14.48,-19.52,257.9,0.52,0.50,0.65,0.38,0.32,0.33,0.32,0.57,1.33,1.09,0.58,0.81,1.91,0.39,1.01,0.63
1787901148.1,-14.49,-19.56,258.3,0.45,0.43,0.54,0.39,0.37,0.32,0.37,0.62,1.43,1.14,0.71,0.92,2.25,1.73,0.82,0.54
1787901154.9,-14.49,-19.54,94.0,3.00,0.58,0.74,1.33,0.18,1.20,0.60,0.47,0.45,0.45,0.53,0.36,0.36,0.38,0.43,0.88
1787901155.4,-14.50,-19.35,89.3,3.00,0.59,0.74,1.34,0.18,1.21,0.60,0.46,0.45,0.45,0.54,0.36,0.35,0.38,0.42,0.89
1787901155.8,-14.50,-19.13,87.9,3.00,0.51,0.70,1.22,2.65,0.20,0.76,0.56,0.53,0.55,0.44,0.38,0.34,0.35,0.53,0.82
1787901156.3,-14.50,-18.91,94.0,3.00,0.46,0.60,0.90,2.69,0.37,0.89,0.68,0.60,0.65,0.45,0.36,0.34,0.32,0.46,0.76
1787901156.7,-14.49,-18.68,89.3,3.00,0.61,0.48,0.73,2.71,0.61,0.36,0.75,0.67,0.74,0.50,0.39,0.31,0.38,0.47,0.70
1787901157.1,-14.49,-18.46,89.8,2.99,0.56,0.33,0.54,2.69,0.61,0.46,0.82,0.76,0.83,0.52,0.37,0.29,0.39,0.43,0.74
1787901157.6,-14.48,-18.24,88.2,3.00,0.57,0.25,0.45,1.31,1.24,0.52,0.44,0.82,0.89,0.49,0.32,0.31,0.35,0.43,0.69
1787901158.0,-14.46,-18.02,92.3,3.00,0.69,0.34,0.20,0.79,1.39,0.70,0.50,0.90,0.98,0.49,0.33,0.37,0.35,0.48,0.67
1787901158.7,-14.45,-17.66,92.9,3.00,0.58,0.32,0.25,0.18,1.77,0.85,0.67,1.05,0.83,0.41,0.38,0.32,0.34,0.36,0.73
1787901159.3,-14.44,-17.38,87.2,3.00,0.54,0.28,0.26,0.22,0.21,0.89,0.75,1.12,0.83,0.45,0.36,0.29,0.34,0.43,0.76
1787901159.7,-14.44,-17.17,91.7,3.00,0.62,0.28,0.23,0.24,0.24,0.26,0.86,1.22,0.94,0.52,0.32,0.34,0.29,0.39,0.68
1787901160.2,-14.44,-17.13,92.9,3.00,0.56,0.35,0.21,0.20,0.26,0.27,0.93,1.31,0.87,0.48,0.36,0.25,0.32,0.41,0.75
1787901162.3,-14.44,-17.13,105.5,0.84,0.35,0.24,0.21,0.25,0.27,1.01,1.28,1.37,0.59,0.34,0.31,0.28,0.36,0.55,1.59
1787901165.7,-14.44,-17.12,67.0,0.62,2.99,0.58,0.34,0.23,0.21,0.26,0.29,0.91,1.30,1.00,0.52,0.36,0.28,0.30,0.40
1787901169.3,-14.44,-17.13,113.4,0.59,0.35,0.24,0.20,0.24,0.28,0.90,1.30,1.04,0.52,0.35,0.28,0.31,0.38,0.60,2.78
1787901169.8,-14.44,-17.13,105.0,0.59,0.35,0.24,0.22,0.26,0.28,0.88,1.31,1.01,0.52,0.34,0.28,0.29,0.37,0.61,2.77
1787901176.1,-14.43,-17.12,245.0,0.94,1.31,1.08,0.56,0.34,0.33,0.29,0.36,0.57,2.07,0.80,0.37,0.27,0.21,0.24,0.28
1787901176.5,-14.43,-17.12,240.3,0.92,1.28,1.06,0.56,0.35,0.29,0.28,0.35,0.58,2.08,0.79,0.37,0.24,0.22,0.25,0.28
1787901177.0,-14.43,-17.12,243.8,0.90,1.30,1.08,0.56,0.34,0.31,0.28,0.34,0.58,2.08,0.80,0.36,0.24,0.21,0.24,0.28
1787901177.6,-14.43,-17.12,244.1,0.92,1.31,1.05,0.56,0.32,0.28,0.30,0.34,0.56,2.06,0.80,0.38,0.25,0.21,0.26,0.28
1787901178.1,-14.43,-17.12,241.9,0.93,1.29,1.08,0.55,0.34,0.29,0.28,0.36,0.58,2.07,0.81,0.35,0.25,0.22,0.26,0.29
1787901185.5,-14.42,-17.10,70.4,0.78,3.00,0.58,0.35,0.22,0.21,0.27,0.29,0.92,1.31,0.84,0.47,0.35,0.26,0.33,0.43
1787901185.9,-14.35,-16.92,64.9,0.77,3.00,0.55,0.36,0.22,0.21,0.24,0.30,0.94,1.31,0.85,0.46,0.34,0.25,0.32,0.42
1787901186.4,-14.34,-16.89,67.9,0.59,3.00,0.72,0.32,0.29,0.25,0.27,0.38,1.00,1.40,0.69,0.40,0.32,0.23,0.26,0.37
1787901192.5,-14.33,-16.90,294.2,0.65,0.38,0.28,0.24,0.28,0.41,0.72,3.00,0.53,0.32,0.30,0.24,0.28,0.38,1.02,1.35
1787901192.9,-14.33,-16.90,295.7,0.62,0.35,0.25,0.24,0.27,0.43,0.72,3.00,0.51,0.32,0.30,0.24,0.28,0.37,1.05,1.35
1787901193.4,-14.33,-16.90,294.3,0.64,0.37,0.27,0.25,0.27,0.40,0.73,3.00,0.53,0.34,0.29,0.23,0.28,0.37,1.01,1.35
1787901193.9,-14.33,-16.90,292.7,0.67,0.34,0.28,0.24,0.28,0.40,0.71,2.99,0.52,0.35,0.28,0.24,0.29,0.39,1.04,1.34
1787901194.4,-14.33,-16.90,296.6,0.66,0.38,0.27,0.24,0.27,0.40,0.72,3.00,0.55,0.35,0.28,0.24,0.28,0.36,1.02,1.34
1787901194.9,-14.33,-16.90,295.9,0.65,0.34,0.25,0.24,0.28,0.40,0.71,3.00,0.53,0.36,0.28,0.23,0.29,0.37,1.03,1.35
1787901195.4,-14.33,-16.90,292.9,0.64,0.37,0.29,0.24,0.27,0.40,0.71,3.00,0.54,0.31,0.28,0.24,0.27,0.37,1.02,1.35
1787901197.5,-14.28,-16.40,263.4,1.51,1.26,0.52,0.36,0.33,0.38,0.40,0.73,2.19,0.59,0.32,0.18,0.18,0.22,0.22,0.43
1787901203.7,-14.29,-16.41,58.2,0.54,1.06,1.55,0.31,0.20,0.17,0.20,0.19,0.26,0.55,1.51,0.79,0.46,0.35,0.35,0.40
1787901209.1,-14.28,-16.42,307.4,0.61,0.35,0.34,0.36,0.41,0.61,1.77,0.61,0.33,0.18,0.20,0.21,0.19,0.36,1.09,1.59
1787901214.7,-14.29,-16.44,53.1,0.57,1.29,1.38,0.33,0.18,0.17,0.21,0.20,0.26,1.17,1.54,0.76,0.38,0.35,0.34,0.42
1787901220.1,-14.28,-16.45,306.8,0.59,0.36,0.33,0.35,0.41,0.65,1.83,0.59,0.33,0.15,0.18,0.20,0.20,0.36,1.14,1.59
1787901225.6,-14.29,-16.46,53.7,0.57,1.33,1.09,0.31,0.17,0.18,0.17,0.18,0.27,1.14,1.55,0.77,0.39,0.35,0.35,0.41
1787901226.1,-14.29,-16.45,55.2,0.59,1.35,1.10,0.32,0.17,0.19,0.21,0.21,0.26,1.15,1.55,0.76,0.40,0.36,0.34,0.40
1787901226.5,-14.29,-16.45,53.3,0.58,1.33,1.09,0.34,0.18,0.17,0.20,0.22,0.29,1.16,1.57,0.75,0.38,0.35,0.38,0.41
1787901226.9,-14.17,-16.31,51.4,0.60,1.34,1.09,0.34,0.18,0.19,0.19,0.22,0.26,1.13,1.55,0.76,0.38,0.36,0.34,0.42
1787901227.4,-14.15,-16.27,51.0,0.45,0.90,2.15,0.42,0.30,0.20,0.22,0.26,0.31,1.23,1.59,0.65,0.36,0.28,0.31,0.33
1787901233.5,-14.14,-16.29,280.8,1.65,0.53,0.35,0.29,0.33,0.34,0.52,1.24,1.35,0.34,0.30,0.21,0.23,0.27,0.40,1.19
1787901233.9,-14.10,-16.47,284.9,1.65,0.57,0.34,0.26,0.32,0.32,0.51,1.26,1.36,0.35,0.31,0.19,0.25,0.28,0.41,1.17
1787901234.4,-14.04,-16.74,283.0,1.30,0.49,0.29,0.25,0.28,0.34,0.45,1.34,1.17,0.39,0.25,0.26,0.26,0.28,0.46,1.55
1787901234.9,-14.02,-16.96,281.4,1.46,0.56,0.36,0.24,0.26,0.30,0.45,0.87,1.67,0.48,0.29,0.28,0.24,0.31,0.43,1.50
1787901235.3,-13.98,-17.18,282.4,1.39,0.58,0.34,0.21,0.23,0.27,0.43,0.88,1.95,0.53,0.35,0.27,0.29,0.36,0.40,1.41
1787901235.8,-13.94,-17.40,281.9,1.32,0.52,0.29,0.27,0.20,0.27,0.41,0.95,1.84,0.59,0.36,0.27,0.30,0.33,1.05,1.32
1787901236.2,-13.89,-17.61,279.1,1.25,0.44,0.28,0.25,0.26,0.22,0.35,1.01,1.92,0.52,0.37,0.31,0.32,0.33,0.86,1.23
1787901236.7,-13.88,-17.65,282.9,1.16,0.38,0.28,0.20,0.25,0.24,0.36,1.11,1.82,0.56,0.36,0.34,0.30,1.28,0.81,1.12
1787901239.1,-13.88,-17.66,268.9,1.14,0.87,0.38,0.27,0.20,0.26,0.26,0.39,1.16,1.04,0.54,0.36,0.34,0.29,1.06,0.81
1787901239.6,-13.90,-17.84,263.6,1.14,0.86,0.38,0.27,0.23,0.25,0.26,0.41,1.13,1.05,0.53,0.33,0.33,0.29,1.06,0.79
1787901240.1,-13.91,-18.10,262.8,1.03,1.07,0.33,0.31,0.25,0.23,0.33,0.34,1.21,1.13,0.50,0.38,0.28,2.55,1.06,0.70
1787901240.6,-13.93,-18.33,265.7,0.97,0.99,0.40,0.29,0.28,0.28,0.32,0.40,1.32,0.96,0.44,0.34,0.30,3.00,0.79,0.59
1787901241.0,-13.97,-18.55,258.7,0.89,0.91,0.42,0.26,0.28,0.29,0.31,0.45,1.60,0.98,0.47,0.28,0.82,1.73,0.60,0.96
1787901241.6,-14.00,-18.83,263.9,0.80,0.82,0.50,0.26,0.24,0.32,0.35,0.55,1.47,1.09,0.48,0.49,1.26,1.39,0.52,0.86
1787901242.0,-14.02,-19.05,262.9,0.71,0.72,0.47,0.33,0.27,0.27,0.37,0.62,1.55,0.96,0.38,0.59,1.39,1.14,0.47,0.79
1787901242.5,-14.05,-19.32,259.5,0.59,0.58,0.58,0.39,0.32,0.29,0.38,0.53,1.63,1.03,0.47,0.70,1.74,0.43,0.28,0.71
1787901243.0,-14.08,-19.54,262.7,0.53,0.51,0.61,0.39,0.30,0.33,0.35,0.59,1.72,0.87,0.64,0.87,2.30,0.36,0.96,0.63
1787901243.5,-14.09,-19.58,259.1,0.43,0.43,0.55,0.36,0.36,0.32,0.37,0.64,1.79,0.89,0.74,0.98,2.67,1.70,0.79,0.58
1787901250.6,-14.09,-19.60,72.7,0.95,1.70,0.65,0.84,1.66,1.62,0.98,0.55,0.46,0.46,0.51,0.44,0.34,0.32,0.38,0.57
1787901251.2,-14.02,-19.37,77.6,0.93,2.18,0.62,0.84,1.49,0.28,0.97,0.59,0.45,0.45,0.55,0.41,0.36,0.33,0.39,0.56
1787901251.6,-13.94,-19.16,70.2,0.81,3.00,0.52,0.70,1.34,0.41,1.22,0.66,0.56,0.52,0.62,0.39,0.34,0.31,0.32,0.49
1787901252.0,-13.87,-18.96,68.2,0.73,2.99,0.64,0.64,1.21,2.48,0.42,0.82,0.62,0.58,0.68,0.39,0.30,0.28,0.26,0.44
1787901252.6,-13.79,-18.70,70.4,0.63,3.00,0.64,0.43,0.84,2.73,0.48,0.97,0.71,0.66,0.55,0.31,0.25,0.20,0.30,0.40
1787901253.1,-13.78,-18.66,70.2,0.53,3.00,0.79,0.40,0.64,2.81,0.74,0.43,0.81,0.73,0.50,0.31,0.19,0.21,0.24,0.32
1787901260.4,-13.77,-18.64,250.6,0.83,0.74,0.53,0.31,0.18,0.18,0.74,0.30,0.51,3.00,0.89,0.43,0.65,2.81,0.78,0.46
1787901260.9,-13.85,-18.81,248.3,0.82,0.74,0.54,0.31,0.17,0.21,0.26,0.32,0.54,3.00,0.86,0.43,0.61,2.81,0.78,0.46
1787901261.3,-13.86,-18.84,244.5,0.77,0.68,0.76,0.37,0.27,0.21,0.25,0.35,0.59,3.00,0.89,0.40,0.66,2.79,0.69,0.38
1787901268.0,-13.86,-18.83,96.4,2.99,0.65,0.45,0.87,2.75,0.51,0.97,0.74,0.67,0.50,0.31,0.25,0.20,0.30,0.39,0.63
1787901268.4,-13.87,-18.64,95.4,3.00,0.64,0.44,0.86,2.74,0.51,0.98,0.71,0.67,0.50,0.32,0.24,0.21,0.32,0.39,0.65
1787901268.9,-13.90,-18.38,95.3,3.00,0.59,0.30,0.63,2.73,0.71,0.44,0.81,0.74,0.56,0.35,0.23,0.26,0.30,0.38,0.73
1787901269.4,-13.92,-18.16,96.2,2.99,0.59,0.36,0.53,2.79,1.07,0.58,0.91,0.82,0.61,0.34,0.26,0.30,0.30,0.43,0.71
1787901269.8,-13.94,-17.94,92.9,2.98,0.67,0.38,0.26,2.77,1.18,0.64,1.02,0.88,0.66,0.32,0.31,0.28,0.28,0.41,0.81
1787901270.3,-13.97,-17.72,97.8,3.00,0.59,0.35,0.27,0.23,1.27,0.70,1.11,0.97,0.58,0.37,0.30,0.27,0.32,0.34,0.79
1787901270.7,-13.99,-17.50,90.9,3.00,0.55,0.34,0.31,0.27,1.51,0.88,1.17,1.08,0.66,0.42,0.32,0.26,0.33,0.31,0.72
1787901271.1,-14.00,-17.28,95.1,3.00,0.54,0.32,0.25,0.26,0.25,0.95,0.78,1.14,0.68,0.42,0.27,0.31,0.25,0.38,0.70
1787901271.7,-14.00,-17.02,95.6,3.00,0.60,0.37,0.25,0.26,0.30,0.32,0.88,1.25,0.58,0.41,0.34,0.26,0.29,0.37,0.79
1787901272.2,-14.01,-16.81,92.1,3.00,0.53,0.33,0.27,0.23,0.28,0.35,0.99,1.32,0.65,0.37,0.30,0.24,0.29,0.43,0.79
1787901272.7,-14.03,-16.54,94.3,3.00,0.50,0.30,0.26,0.23,0.26,0.38,1.10,1.41,0.69,0.40,0.25,0.27,0.28,0.41,0.81
1787901273.2,-14.04,-16.45,90.5,2.89,0.54,0.36,0.23,0.26,0.26,0.34,1.15,1.50,0.77,0.32,0.29,0.28,0.33,0.39,0.72
1787901280.6,-14.04,-16.43,271.0,1.55,0.82,0.49,0.30,0.27,0.30,0.36,0.69,2.92,0.61,0.36,0.23,0.26,0.27,0.30,0.53
1787901281.0,-14.05,-16.61,270.4,1.55,0.79,0.48,0.31,0.26,0.28,0.35,0.70,2.89,0.60,0.38,0.25,0.26,0.26,0.30,0.54
1787901281.4,-14.04,-16.84,269.1,1.45,0.79,0.45,0.28,0.25,0.28,0.39,0.61,2.62,0.69,0.42,0.27,0.26,0.22,0.31,0.47
1787901281.9,-14.05,-17.06,269.7,1.39,0.91,0.46,0.33,0.25,0.28,0.40,0.67,3.00,0.69,0.31,0.29,0.23,0.24,0.34,1.00
1787901282.3,-14.06,-17.28,269.3,1.33,0.82,0.47,0.34,0.26,0.32,0.40,0.64,3.00,0.56,0.37,0.23,0.21,0.28,0.33,0.94
1787901282.8,-14.06,-17.50,270.4,1.24,0.92,0.51,0.32,0.33,0.28,0.38,0.64,3.00,0.65,0.38,0.23,0.24,0.26,0.28,0.87
1787901283.2,-14.07,-17.72,272.9,1.16,0.92,0.47,0.34,0.30,0.33,0.38,0.66,2.99,0.70,0.29,0.27,0.23,0.24,1.03,0.81
1787901283.7,-14.07,-17.98,266.7,1.08,0.86,0.43,0.38,0.32,0.38,0.35,0.72,3.00,0.57,0.32,0.26,0.20,3.00,0.86,0.70
1787901284.2,-14.09,-18.20,267.6,1.00,1.04,0.46,0.37,0.33,0.32,0.43,0.75,3.00,0.65,0.35,0.22,0.21,1.72,0.78,0.59
1787901284.6,-14.10,-18.42,269.5,0.92,0.98,0.49,0.33,0.35,0.35,0.46,0.66,3.00,0.67,0.33,0.22,1.25,1.34,0.70,0.52
1787901285.0,-14.09,-18.65,271.4,0.85,0.89,0.47,0.30,0.33,0.35,0.42,0.73,3.00,0.56,0.27,0.22,1.92,1.10,0.52,0.89
1787901285.5,-14.10,-18.87,271.4,0.74,0.82,0.49,0.36,0.28,0.38,0.43,0.74,3.00,0.58,0.33,0.57,2.70,0.77,0.46,0.85
1787901285.9,-14.10,-18.90,264.4,0.68,0.69,0.49,0.36,0.32,0.34,0.47,0.67,3.00,0.65,0.46,0.73,2.70,0.64,0.34,0.73
1787901288.2,-14.10,-18.90,286.0,0.67,0.51,0.39,0.34,0.30,0.44,0.67,1.84,0.92,0.40,0.59,1.68,1.01,0.40,0.75,0.67
1787901288.7,-14.06,-19.08,283.8,0.65,0.52,0.38,0.34,0.29,0.44,0.68,1.84,0.91,0.39,0.61,1.65,1.01,0.39,0.75,0.67
1787901289.2,-13.99,-19.34,280.1,0.54,0.61,0.41,0.32,0.31,0.36,0.56,1.63,1.04,0.49,0.71,1.91,0.41,1.05,0.67,0.59
1787901289.7,-13.98,-19.38,286.9,0.47,0.57,0.35,0.29,0.29,0.31,0.57,1.71,1.10,0.66,0.91,2.30,0.23,0.89,0.62,0.52
1787901291.8,-13.98,-19.38,293.9,0.56,0.36,0.33,0.28,0.31,0.49,0.83,2.98,0.53,0.73,1.39,0.41,1.21,0.63,0.50,0.47
1787901292.3,-13.98,-19.38,297.3,0.58,0.37,0.33,0.28,0.32,0.48,0.82,2.99,0.55,0.73,1.38,0.41,1.23,0.62,0.51,0.48
1787901299.7,-13.99,-19.36,124.1,0.59,0.84,1.93,0.25,0.99,0.61,0.50,0.46,0.59,0.36,0.30,0.29,0.32,0.55,1.28,1.35
1787901300.1,-14.10,-19.21,123.5,0.59,0.84,1.92,0.26,1.01,0.61,0.50,0.46,0.59,0.34,0.30,0.31,0.32,0.54,1.28,1.36
1787901300.6,-14.12,-19.17,121.9,0.48,0.66,1.35,0.66,0.24,0.69,0.56,0.54,0.67,0.43,0.35,0.35,0.33,0.57,1.21,1.30
1787901306.2,-14.11,-19.16,252.4,0.60,0.58,0.64,0.42,0.36,0.36,0.33,0.52,0.82,2.99,0.47,0.67,1.21,2.44,0.35,0.80
1787901306.6,-14.18,-19.33,250.1,0.59,0.57,0.65,0.43,0.35,0.33,0.30,0.52,0.79,2.99,0.48,0.65,1.22,2.44,0.36,0.80
1787901307.1,-14.26,-19.54,249.1,0.51,0.49,0.52,0.55,0.39,0.34,0.40,0.56,0.86,3.00,0.55,0.69,1.29,0.34,1.26,0.72
1787901307.5,-14.27,-19.57,247.7,0.45,0.42,0.41,0.61,0.41,0.38,0.42,0.60,0.93,2.98,0.67,0.80,1.33,0.80,1.14,0.60
1787901311.4,-14.27,-19.57,309.0,0.58,0.44,0.41,0.40,0.44,0.38,2.46,0.60,0.74,1.14,0.18,1.61,0.73,0.50,0.41,0.42
1787901311.9,-14.15,-19.71,309.4,0.56,0.43,0.42,0.39,0.44,0.75,2.45,0.59,0.74,1.17,0.19,1.61,0.73,0.48,0.40,0.42
1787901312.4,-14.12,-19.74,308.1,0.48,0.42,0.33,0.35,0.43,0.69,1.91,0.68,0.79,1.24,0.74,1.68,0.65,0.41,0.36,0.35
1787901317.7,-14.14,-19.74,204.8,0.94,0.49,0.35,0.38,0.32,0.50,0.36,0.36,0.35,0.43,0.80,3.00,0.70,0.85,0.24,1.43
1787901318.2,-14.31,-19.81,201.4,0.94,0.48,0.37,0.36,0.33,0.51,0.36,0.36,0.34,0.43,0.78,2.98,0.69,0.86,0.25,1.41
1787901318.6,-14.51,-19.90,201.0,1.06,0.43,0.36,0.30,0.35,0.44,0.49,0.41,0.43,0.52,1.00,2.99,0.75,0.16,0.24,1.40
1787901319.1,-14.72,-19.99,202.4,0.79,0.48,0.35,0.28,0.33,0.36,0.59,0.46,0.52,0.60,1.00,3.00,0.14,0.17,0.35,1.50
1787901319.5,-14.93,-20.06,198.5,0.92,0.46,0.29,0.28,0.30,0.38,0.66,0.55,0.59,0.70,1.14,0.18,0.16,0.29,0.45,1.42
1787901320.0,-14.96,-20.08,200.6,0.83,0.38,0.23,0.27,0.26,0.31,0.47,0.61,0.67,0.90,0.21,0.20,0.30,0.28,0.49,1.30
1787901321.7,-14.97,-20.08,191.5,1.36,0.57,0.37,0.24,0.26,0.27,0.43,0.70,0.67,0.75,1.03,0.20,0.20,0.27,0.38,0.58
1787901322.1,-15.15,-20.12,185.0,1.36,0.57,0.34,0.24,0.28,0.26,0.41,0.71,0.68,0.74,1.03,0.20,0.17,0.28,0.38,0.59
1787901322.6,-15.37,-20.13,187.9,1.31,0.52,0.32,0.24,0.22,0.29,0.34,0.80,0.72,0.80,0.26,0.19,0.27,0.24,0.36,0.53
1787901323.0,-15.59,-20.16,185.9,1.22,0.46,0.31,0.28,0.22,0.27,0.34,0.85,0.81,0.90,0.26,0.26,0.23,0.27,0.38,0.71
1787901323.5,-15.81,-20.18,185.1,1.16,0.56,0.33,0.24,0.27,0.21,0.37,0.65,0.87,0.98,0.29,0.26,0.24,0.30,0.33,0.81
1787901323.9,-16.03,-20.20,185.7,1.07,0.55,0.31,0.25,0.24,0.26,0.27,0.68,0.95,1.03,0.35,0.25,0.24,0.27,0.28,0.71
1787901324.3,-16.25,-20.23,184.8,1.00,0.52,0.26,0.29,0.23,0.28,0.32,0.60,1.01,0.54,0.28,0.28,0.27,0.25,0.29,0.72
1787901324.9,-16.52,-20.27,189.4,0.90,0.48,0.33,0.22,0.24,0.24,0.36,0.60,1.12,0.51,0.34,0.31,0.21,0.21,0.36,0.67
1787901325.3,-16.75,-20.29,186.8,0.82,0.62,0.29,0.20,0.21,0.26,0.36,0.67,1.23,0.56,0.35,0.23,0.18,0.25,0.36,0.66
1787901325.9,-17.02,-20.31,182.3,0.74,0.61,0.28,0.26,0.18,0.22,0.30,0.53,1.27,0.65,0.39,0.21,0.23,0.28,0.41,0.75
1787901326.3,-17.24,-20.33,186.6,0.64,0.56,0.26,0.20,0.23,0.21,0.33,0.59,1.34,0.60,0.31,0.23,0.27,0.26,0.37,0.66
1787901326.8,-17.27,-20.33,184.9,0.57,0.60,0.36,0.23,0.20,0.28,0.24,0.65,1.46,0.61,0.29,0.28,0.26,0.29,0.37,0.53
1787901334.0,-17.26,-20.33,11.7,1.48,0.55,0.27,0.28,0.24,0.32,0.40,0.49,0.55,0.47,0.24,0.21,0.21,0.26,0.42,0.73
1787901334.5,-17.02,-20.27,13.7,1.47,0.54,0.30,0.27,0.24,0.33,0.38,0.48,0.55,0.47,0.25,0.20,0.20,0.25,0.41,0.75
1787901335.0,-16.80,-20.23,9.3,1.40,0.47,0.23,0.24,0.25,0.27,0.43,0.59,0.62,0.51,0.26,0.23,0.25,0.23,0.41,1.10
1787901335.4,-16.58,-20.20,10.2,1.34,0.45,0.23,0.17,0.20,0.27,0.39,0.71,0.73,0.59,0.29,0.25,0.25,0.32,0.39,0.89
1787901335.9,-16.54,-20.19,9.0,1.24,0.41,0.32,0.17,0.18,0.23,0.34,0.65,0.81,0.65,0.33,0.22,0.24,0.32,0.42,0.93
1787901342.5,-16.52,-20.20,162.4,0.56,0.79,0.72,0.34,0.25,0.23,0.30,0.35,0.68,1.20,0.56,0.33,0.22,0.18,0.20,0.31
1787901348.8,-16.51,-20.19,13.1,1.24,0.41,0.30,0.18,0.17,0.23,0.33,0.81,0.81,0.63,0.32,0.22,0.26,0.32,0.46,0.96
1787901349.3,-16.50,-20.19,7.8,1.23,0.39,0.31,0.19,0.17,0.23,0.36,0.81,0.81,0.47,0.32,0.23,0.26,0.30,0.46,0.96
1787901351.6,-16.50,-20.19,353.3,1.27,1.25,0.37,0.28,0.17,0.18,0.26,0.45,0.75,0.78,0.37,0.32,0.22,0.30,0.31,0.48
1787901352.0,-16.50,-20.19,354.6,1.27,1.27,0.36,0.28,0.18,0.18,0.28,0.44,0.75,0.77,0.39,0.31,0.22,0.30,0.30,0.47
1787901352.5,-16.31,-20.22,350.5,1.26,1.26,0.38,0.27,0.16,0.17,0.28,0.44,0.76,0.78,0.41,0.31,0.19,0.28,0.33,0.46
1787901352.9,-16.09,-20.27,355.0,1.20,1.14,0.50,0.29,0.25,0.20,0.22,0.43,0.87,0.87,0.40,0.26,0.26,0.27,0.29,0.40
1787901353.4,-16.05,-20.27,351.0,1.10,1.07,0.46,0.29,0.27,0.25,0.25,0.44,0.96,0.93,0.41,0.27,0.25,0.21,0.29,0.35
1787901355.7,-16.06,-20.27,7.5,1.04,0.44,0.29,0.27,0.27,0.24,0.35,0.75,0.97,0.47,0.26,0.26,0.19,0.25,0.33,0.77
1787901356.1,-15.87,-20.25,7.7,1.07,0.44,0.29,0.28,0.27,0.23,0.33,0.73,0.98,0.47,0.25,0.26,0.21,0.25,0.33,0.77
1787901356.5,-15.65,-20.21,5.1,0.94,0.50,0.37,0.27,0.27,0.27,0.29,0.76,1.06,0.50,0.31,0.25,0.22,0.29,0.31,0.70
1787901357.1,-15.38,-20.19,4.5,0.89,0.96,0.29,0.25,0.23,0.30,0.33,0.81,1.14,0.55,0.34,0.24,0.25,0.22,0.36,0.67
1787901357.5,-15.16,-20.18,4.3,0.81,0.89,0.25,0.27,0.21,0.26,0.36,0.68,1.23,0.48,0.31,0.27,0.22,0.24,0.35,0.82
1787901358.0,-14.94,-20.15,1.2,0.71,0.82,0.28,0.20,0.28,0.24,0.38,0.50,1.29,0.53,0.33,0.27,0.19,0.29,0.33,0.79
1787901358.4,-14.72,-20.14,5.3,0.61,0.72,0.98,0.22,0.19,0.28,0.29,0.54,1.37,0.59,0.37,0.22,0.27,0.26,0.38,0.73
1787901358.9,-14.45,-20.11,6.3,0.55,0.59,0.88,1.65,0.20,0.20,0.32,0.62,1.48,0.64,0.28,0.30,0.22,0.24,0.36,0.61
1787901359.4,-14.41,-20.11,6.2,0.44,0.51,0.62,1.29,1.07,0.22,0.25,0.66,1.56,0.62,0.33,0.26,0.24,0.28,0.32,0.55
1787901366.6,-14.43,-20.11,195.4,1.52,0.50,0.33,0.24,0.25,0.29,0.47,0.49,0.49,0.57,0.84,2.01,0.77,0.23,0.40,0.76
1787901367.1,-14.61,-20.14,188.3,1.53,0.51,0.33,0.24,0.25,0.28,0.48,0.50,0.49,0.56,0.83,2.01,0.77,0.24,0.41,0.75
1787901367.5,-14.84,-20.16,185.2,1.46,0.50,0.27,0.27,0.22,0.27,0.35,0.61,0.52,0.63,0.90,2.04,0.25,0.21,0.35,0.67
1787901368.0,-15.06,-20.19,184.5,1.39,0.58,0.30,0.23,0.23,0.25,0.36,0.69,0.60,0.70,1.00,0.23,0.21,0.31,0.41,0.61
1787901368.5,-15.32,-20.23,187.3,1.32,0.51,0.31,0.19,0.19,0.25,0.32,0.74,0.71,0.81,1.06,0.21,0.30,0.28,0.42,0.74
1787901368.9,-15.53,-20.26,187.8,1.23,0.47,0.29,0.25,0.17,0.22,0.30,0.58,0.78,0.88,0.31,0.26,0.25,0.31,0.40,0.75
1787901369.4,-15.75,-20.29,186.6,1.16,0.41,0.28,0.23,0.22,0.20,0.33,0.62,0.86,0.88,0.29,0.30,0.24,0.32,0.36,0.85
1787901369.8,-15.97,-20.31,185.5,1.09,0.50,0.33,0.23,0.20,0.26,0.27,0.66,0.94,1.02,0.36,0.25,0.28,0.30,0.32,0.82
1787901370.2,-16.20,-20.33,185.1,1.00,0.45,0.25,0.24,0.19,0.24,0.27,0.59,0.99,0.56,0.41,0.28,0.30,0.27,0.33,0.76
1787901370.8,-16.46,-20.37,188.0,0.91,0.41,0.20,0.21,0.23,0.21,0.34,0.58,1.13,0.51,0.37,0.34,0.27,0.27,0.41,0.73
1787901371.3,-16.50,-20.38,187.9,0.80,0.38,0.27,0.17,0.19,0.25,0.31,0.65,1.22,0.59,0.42,0.27,0.22,0.30,0.41,0.82
1787901377.6,-16.49,-20.37,39.8,0.43,0.36,0.23,0.24,0.34,0.54,0.75,0.77,0.32,0.24,0.15,0.21,0.27,0.40,1.00,1.23
1787901381.3,-16.48,-20.37,357.4,1.24,1.27,0.42,0.34,0.24,0.24,0.37,0.56,0.78,0.74,0.32,0.19,0.17,0.23,0.25,0.41
1787901381.8,-16.29,-20.38,356.7,1.26,1.27,0.42,0.34,0.24,0.24,0.35,0.58,0.76,0.73,0.31,0.21,0.18,0.23,0.26,0.43
1787901382.2,-16.26,-20.38,358.0,1.15,1.18,0.53,0.35,0.29,0.24,0.34,0.61,0.85,0.79,0.32,0.18,0.22,0.20,0.24,0.37
1787901384.7,-16.26,-20.38,17.3,1.16,0.53,0.36,0.29,0.26,0.30,0.55,0.83,0.86,0.35,0.18,0.21,0.20,0.23,0.35,1.18
1787901385.1,-16.08,-20.33,11.5,1.15,0.51,0.36,0.28,0.25,0.31,0.56,0.83,0.87,0.34,0.17,0.20,0.22,0.23,0.36,1.17
1787901385.7,-15.81,-20.27,11.6,1.15,0.51,0.32,0.29,0.27,0.25,0.48,0.96,0.94,0.39,0.24,0.22,0.22,0.28,0.30,0.84
1787901386.1,-15.60,-20.22,10.8,0.99,0.46,0.37,0.28,0.29,0.28,0.34,0.88,1.01,0.34,0.33,0.23,0.24,0.26,0.41,0.80
1787901386.6,-15.56,-20.22,14.4,0.90,0.42,0.28,0.23,0.28,0.32,0.35,0.91,1.10,0.40,0.28,0.25,0.25,0.23,0.37,0.93
1787901388.4,-15.55,-20.22,358.4,0.86,0.91,0.27,0.31,0.24,0.27,0.31,0.41,1.06,0.70,0.36,0.27,0.26,0.24,0.31,0.53
1787901388.9,-15.37,-20.24,359.6,0.86,0.92,0.28,0.33,0.23,0.28,0.34,0.42,1.08,0.69,0.37,0.26,0.26,0.22,0.30,0.53
1787901389.4,-15.11,-20.26,354.5,0.81,0.83,1.04,0.22,0.30,0.24,0.35,0.45,1.19,0.78,0.39,0.27,0.21,0.17,0.30,0.48
1787901389.8,-14.93,-20.27,353.2,0.75,0.73,0.82,0.28,0.24,0.32,0.33,0.47,1.29,0.84,0.36,0.26,0.17,0.23,0.24,0.43
1787901390.4,-14.85,-20.28,352.9,0.69,0.67,0.75,1.24,0.25,0.26,0.31,0.53,1.40,0.84,0.35,0.18,0.21,0.20,0.23,0.38
1787901394.5,-14.85,-20.29,55.0,1.06,0.26,0.22,0.35,0.52,1.12,1.36,0.37,0.20,0.20,0.22,0.21,0.35,0.69,0.64,0.74
1787901400.1,-14.84,-20.29,164.0,0.90,1.35,0.41,0.20,0.20,0.20,0.19,0.31,0.69,0.61,0.72,1.02,0.27,0.24,0.33,0.48
1787901400.6,-15.02,-20.24,163.6,0.90,1.34,0.42,0.19,0.20,0.20,0.20,0.33,0.69,0.59,0.69,1.01,0.26,0.24,0.33,0.47
1787901401.0,-15.23,-20.18,162.6,0.80,1.32,0.49,0.32,0.20,0.21,0.24,0.30,0.76,0.68,0.80,1.07,0.23,0.29,0.27,0.41
1787901401.5,-15.27,-20.16,166.9,0.70,1.26,0.48,0.33,0.27,0.20,0.29,0.33,0.82,0.77,0.85,0.26,0.23,0.24,0.25,0.38
1787901402.1,-15.27,-20.16,165.4,0.71,1.25,0.47,0.32,0.29,0.23,0.27,0.34,0.84,0.79,0.87,0.26,0.24,0.24,0.26,0.36
1787901402.5,-15.27,-20.17,163.1,0.71,1.24,0.49,0.34,0.28,0.19,0.29,0.34,0.84,0.78,0.86,0.24,0.24,0.23,0.24,0.36
1787901403.0,-15.27,-20.16,160.9,0.69,1.26,0.49,0.32,0.27,0.21,0.26,0.33,0.83,0.77,0.87,0.26,0.23,0.23,0.24,0.38
1787901403.6,-15.27,-20.16,166.4,0.71,1.26,0.48,0.32,0.28,0.21,0.29,0.32,0.83,0.79,0.86,0.24,0.23,0.23,0.27,0.37
1787901404.2,-15.27,-20.16,163.7,0.70,1.26,0.47,0.33,0.28,0.21,0.27,0.34,0.84,0.78,0.87,0.25,0.25,0.24,0.24,0.40
1787901406.3,-14.89,-20.52,137.9,0.35,0.60,1.38,0.60,0.23,0.18,0.20,0.17,0.25,0.40,0.60,0.66,0.76,1.41,0.24,0.32
1787901410.3,-14.89,-20.51,74.6,0.27,0.23,0.34,0.46,0.90,1.38,0.45,0.21,0.20,0.18,0.19,0.32,0.64,0.56,0.69,0.97
1787901414.8,-14.88,-20.51,150.9,0.60,1.36,0.60,0.31,0.20,0.18,0.16,0.23,0.38,0.59,0.65,0.74,1.27,0.26,0.31,0.34
1787901421.2,-14.86,-20.51,4.8,0.58,0.64,0.93,1.69,0.25,0.35,0.38,0.64,1.45,0.48,0.20,0.20,0.21,0.17,0.29,0.63
1787901421.7,-14.67,-20.51,1.5,0.58,0.64,0.93,1.69,0.23,0.35,0.40,0.65,1.44,0.48,0.22,0.20,0.19,0.18,0.32,0.62
1787901422.2,-14.63,-20.51,4.7,0.50,0.57,0.68,1.22,0.81,0.25,0.39,0.66,1.46,0.53,0.25,0.23,0.16,0.17,0.29,0.54
1787901424.7,-14.63,-20.51,19.5,0.57,0.68,1.19,3.00,0.25,0.39,0.63,1.43,0.69,0.26,0.24,0.15,0.20,0.27,0.34,0.53
1787901425.1,-14.46,-20.45,18.3,0.57,0.68,1.21,3.00,0.25,0.40,0.62,1.45,0.67,0.24,0.27,0.18,0.17,0.27,0.36,0.53
1787901425.6,-14.43,-20.44,17.3,0.47,0.55,0.91,2.74,0.84,0.27,0.43,1.39,0.80,0.31,0.23,0.20,0.23,0.28,0.47,0.46
1787901428.0,-14.43,-20.44,35.7,0.51,0.84,2.04,0.80,0.28,0.46,1.08,1.45,0.33,0.29,0.18,0.22,0.26,0.35,0.48,0.45
1787901428.4,-14.26,-20.35,34.8,0.52,0.83,2.05,0.79,0.28,0.42,1.08,1.44,0.35,0.26,0.21,0.22,0.25,0.33,0.49,0.44
1787901428.9,-14.23,-20.33,34.6,0.43,0.56,1.50,1.06,0.87,0.28,0.77,1.61,0.44,0.32,0.27,0.29,0.28,0.45,0.41,0.38
1787901431.0,-14.23,-20.33,47.3,0.55,1.06,3.00,0.85,0.31,0.50,1.58,0.68,0.38,0.27,0.26,0.26,0.39,0.44,0.34,0.43
1787901431.5,-14.10,-20.19,47.7,0.54,1.05,3.00,0.85,0.27,0.53,1.58,0.69,0.37,0.26,0.27,0.28,0.39,0.45,0.34,0.42
1787901432.2,-14.07,-20.17,46.3,0.42,0.75,3.00,0.72,0.88,0.31,1.67,0.93,0.48,0.33,0.30,0.30,0.46,0.36,0.32,0.34
1787901435.3,-14.07,-20.17,83.3,1.78,0.99,0.86,0.25,0.82,1.62,0.48,0.36,0.32,0.30,0.40,0.43,0.30,0.36,0.38,0.51
1787901435.8,-14.06,-19.98,79.9,1.78,0.98,0.85,0.26,0.82,1.61,0.48,0.37,0.34,0.29,0.41,0.41,0.30,0.36,0.39,0.51
1787901436.3,-14.03,-19.75,82.1,1.86,0.90,0.80,1.22,0.31,1.69,0.69,0.43,0.40,0.37,0.51,0.31,0.33,0.31,0.37,0.65
1787901436.7,-13.97,-19.53,82.0,1.60,1.13,0.71,0.92,2.37,1.76,0.84,0.58,0.48,0.43,0.57,0.34,0.30,0.31,0.33,0.57
1787901437.1,-13.93,-19.32,82.4,1.30,1.10,0.53,0.79,1.94,0.41,1.04,0.67,0.56,0.53,0.58,0.36,0.27,0.28,0.27,0.53
1787901437.6,-13.89,-19.10,78.0,1.60,1.21,0.46,0.69,1.76,0.68,1.12,0.74,0.64,0.65,0.44,0.30,0.29,0.24,0.35,0.50
1787901438.0,-13.85,-18.88,79.3,1.11,1.43,0.55,0.60,1.33,1.34,0.50,0.82,0.73,0.72,0.47,0.30,0.24,0.22,0.33,0.44
1787901438.5,-13.79,-18.61,84.6,1.03,1.33,0.53,0.35,0.88,3.00,0.58,0.91,0.82,0.82,0.41,0.26,0.21,0.26,0.29,0.44
1787901439.2,-13.76,-18.33,85.5,1.19,1.28,0.52,0.36,0.61,2.99,0.67,1.00,0.89,0.93,0.39,0.21,0.24,0.24,0.27,0.43
1787901439.6,-13.75,-18.26,82.2,1.07,1.59,0.61,0.42,0.29,2.57,0.88,0.64,1.01,0.77,0.28,0.28,0.21,0.20,0.24,0.33
1787901445.6,-13.74,-18.26,209.8,1.15,0.70,1.02,1.03,0.32,0.26,0.23,0.19,0.20,0.34,0.76,2.71,0.68,0.43,0.34,2.83
1787901446.0,-13.90,-18.35,208.2,1.15,0.71,1.00,1.00,0.29,0.26,0.22,0.18,0.21,0.34,0.75,2.72,0.68,0.45,0.32,2.81
1787901446.5,-14.14,-18.47,205.4,1.17,0.62,1.01,0.91,0.66,0.31,0.30,0.30,0.30,0.41,0.82,2.99,0.64,0.37,0.24,2.75
1787901447.0,-14.34,-18.57,207.3,1.10,0.57,0.96,0.91,0.72,0.48,0.37,0.36,0.37,0.47,0.98,3.00,0.41,0.22,0.41,2.70
1787901447.4,-14.54,-18.67,205.8,0.99,0.49,0.43,0.89,0.97,0.54,0.38,0.46,0.47,0.54,1.23,1.29,0.31,0.18,0.40,2.62
1787901447.9,-14.73,-18.77,203.4,0.97,0.55,0.44,0.81,0.94,0.71,0.51,0.52,0.54,0.62,1.44,0.77,0.16,0.30,0.40,2.56
1787901448.3,-14.93,-18.87,203.0,0.90,0.49,0.35,0.34,0.84,0.76,0.61,0.58,0.62,0.73,1.49,0.17,0.23,0.32,0.47,2.47
1787901448.9,-14.97,-18.89,207.5,0.81,0.41,0.31,0.35,0.84,0.91,0.68,0.63,0.69,0.90,0.22,0.24,0.28,0.29,0.50,2.40
1787901455.6,-14.96,-18.87,54.1,1.00,0.23,0.24,0.28,0.31,0.79,2.35,0.74,0.39,0.31,0.35,0.84,0.79,0.68,0.69,0.72
1787901461.7,-14.94,-18.87,183.0,2.37,0.79,0.39,0.27,0.34,0.85,0.84,0.69,0.64,0.70,0.91,0.23,0.26,0.31,0.30,0.54
1787901462.1,-15.13,-18.87,182.5,2.41,0.79,0.41,0.29,0.35,0.86,0.84,0.69,0.64,0.69,0.92,0.22,0.26,0.29,0.32,0.53
1787901462.5,-15.35,-18.88,181.3,2.32,0.89,0.39,0.35,0.28,0.37,1.06,0.77,0.67,0.78,0.98,0.26,0.28,0.25,0.29,0.48
1787901463.0,-15.57,-18.88,178.2,2.23,0.87,0.52,0.34,0.29,0.39,1.08,0.89,0.75,0.82,0.32,0.28,0.24,0.21,0.30,0.55
1787901463.5,-15.82,-18.86,178.4,1.74,1.10,0.56,0.33,0.33,0.31,0.45,0.98,0.84,0.92,0.33,0.29,0.21,0.21,0.24,0.53
1787901464.1,-16.13,-18.87,177.6,2.07,1.00,0.51,0.35,0.30,0.37,0.50,1.08,0.93,1.05,0.38,0.20,0.21,0.22,0.24,0.53
1787901464.6,-16.39,-18.87,177.4,1.94,2.58,0.49,0.44,0.33,0.32,0.43,1.17,1.02,1.16,0.28,0.23,0.19,0.19,0.27,0.46
1787901465.1,-16.62,-18.87,177.1,1.87,2.60,0.51,0.40,0.38,0.32,0.46,1.26,1.11,0.60,0.28,0.20,0.17,0.22,0.31,0.44
1787901465.6,-16.69,-18.87,179.4,1.38,2.53,0.50,0.38,0.37,0.37,0.42,0.79,1.22,0.68,0.25,0.18,0.18,0.23,0.26,0.38
1787901472.2,-16.71,-18.86,332.4,0.58,1.26,0.72,0.30,0.20,0.19,0.42,0.25,0.35,0.94,1.48,0.57,0.40,0.38,0.39,0.40
1787901472.7,-16.70,-18.86,332.0,0.59,1.23,0.71,0.31,0.21,0.19,0.23,0.24,0.33,0.94,1.50,0.55,0.40,0.40,0.37,0.39
1787901475.3,-16.71,-18.86,353.0,1.27,1.29,0.34,0.19,0.18,0.22,0.24,0.32,0.49,1.77,0.72,0.45,0.38,0.39,0.39,0.56
1787901475.9,-16.45,-18.92,348.3,1.28,1.29,0.34,0.19,0.17,0.23,0.25,0.32,0.48,1.77,0.73,0.44,0.36,0.40,0.38,0.56
1787901476.4,-16.19,-19.00,345.9,1.17,1.15,0.53,0.28,0.18,0.19,0.26,0.36,0.55,1.86,0.62,0.42,0.37,0.32,0.34,0.46
1787901477.0,-16.09,-19.01,349.8,1.08,1.07,0.51,0.31,0.25,0.23,0.25,0.43,0.61,1.96,0.61,0.43,0.31,0.25,0.34,0.37
1787901479.3,-16.10,-19.01,1.9,1.00,1.18,0.41,0.26,0.23,0.24,0.36,0.58,2.01,0.89,0.43,0.35,0.25,0.28,0.35,1.11
1787901479.8,-15.91,-19.02,0.0,1.00,1.17,0.42,0.25,0.24,0.23,0.38,0.58,1.99,0.89,0.45,0.37,0.26,0.29,0.35,1.13
1787901480.2,-15.69,-19.02,359.7,0.94,1.00,0.41,0.28,0.24,0.24,0.32,0.55,2.06,1.01,0.47,0.31,0.25,0.31,0.33,1.07
1787901480.7,-15.46,-19.03,356.7,0.83,0.95,0.39,0.34,0.25,0.27,0.32,0.60,2.14,0.82,0.49,0.30,0.26,0.28,0.41,0.99
1787901481.1,-15.24,-19.05,358.2,0.77,0.85,1.03,0.34,0.27,0.27,0.32,0.61,1.83,0.87,0.49,0.29,0.30,0.23,0.37,0.92
1787901481.5,-15.02,-19.05,357.8,0.70,0.75,0.89,0.34,0.32,0.27,0.34,0.55,1.89,0.90,0.35,0.29,0.20,0.31,0.97,0.83
1787901482.0,-14.80,-19.05,356.5,0.61,0.69,0.82,0.31,0.29,0.34,0.34,0.54,2.37,0.81,0.36,0.25,0.30,0.28,1.00,0.74
1787901482.4,-14.58,-19.05,359.5,0.52,0.64,0.77,1.22,0.27,0.33,0.38,0.57,2.45,0.84,0.42,0.30,0.27,0.77,0.91,0.63
1787901482.9,-14.54,-19.05,0.0,0.45,0.55,0.65,1.12,3.00,0.30,0.42,0.61,2.52,0.88,0.31,0.31,0.68,0.73,0.76,0.52
1787901487.0,-14.54,-19.06,60.1,0.89,2.69,0.28,0.41,0.51,1.20,1.13,0.47,0.34,0.24,0.75,0.88,0.61,0.48,0.53,0.59
1787901487.4,-14.44,-18.90,55.8,0.89,2.68,0.28,0.42,0.52,1.22,1.12,0.44,0.35,0.26,0.74,0.89,0.59,0.49,0.52,0.60
1787901487.9,-14.32,-18.72,52.7,0.69,1.75,0.51,0.27,0.43,0.99,2.23,0.54,0.40,0.33,0.80,0.90,0.53,0.41,0.49,0.52
1787901488.4,-14.18,-18.53,56.7,0.62,1.65,0.76,0.20,0.35,0.67,2.35,0.69,0.48,0.87,0.83,0.68,0.49,0.38,0.44,0.46
1787901488.9,-14.12,-18.45,53.7,0.48,1.32,1.19,0.39,0.22,0.41,2.67,1.02,0.58,0.94,0.90,0.68,0.37,0.37,0.34,0.38
1787901496.2,-14.11,-18.43,229.1,0.59,0.99,0.93,0.74,0.45,0.34,0.35,0.36,0.44,0.92,3.00,0.41,0.26,0.21,2.70,1.13
1787901496.6,-14.23,-18.57,229.8,0.57,0.98,0.92,0.73,0.46,0.37,0.35,0.35,0.45,0.92,3.00,0.43,0.27,0.21,2.69,1.15
1787901497.1,-14.26,-18.60,227.4,0.49,0.44,0.88,0.95,0.51,0.36,0.42,0.43,0.56,1.01,2.98,0.40,0.18,0.44,2.62,1.07
1787901503.5,-14.26,-18.58,74.1,1.40,0.96,0.30,0.19,0.48,2.60,0.89,0.49,0.92,0.85,0.75,0.40,0.39,0.42,0.43,0.55
1787901503.9,-14.19,-18.40,77.2,1.41,0.96,0.30,0.20,0.46,2.62,0.94,0.50,0.92,0.88,0.74,0.51,0.37,0.42,0.42,0.55
1787901504.4,-14.13,-18.19,70.1,1.13,2.36,0.36,0.20,0.16,2.68,1.11,0.59,0.51,0.95,0.78,0.51,0.39,0.38,0.39,0.49
1787901504.8,-14.05,-17.98,71.7,0.95,3.00,0.38,0.29,0.19,0.16,1.31,0.77,0.58,1.01,0.79,0.41,0.39,0.34,0.42,0.43
1787901505.2,-13.98,-17.77,74.6,0.89,2.99,0.51,0.28,0.25,0.20,1.44,0.85,0.66,1.04,0.80,0.43,0.36,0.30,0.38,0.46
1787901505.7,-13.91,-17.56,71.1,0.73,2.98,0.51,0.29,0.27,0.26,0.25,0.92,0.74,1.13,0.68,0.44,0.30,0.30,0.28,0.41
1787901506.2,-13.90,-17.52,68.4,0.65,3.00,0.60,0.38,0.27,0.29,0.30,1.04,0.82,1.19,0.53,0.38,0.27,0.29,0.24,0.35
1787901508.7,-13.90,-17.53,90.9,3.00,0.66,0.44,0.26,0.29,0.31,0.32,0.89,1.23,0.73,0.42,0.28,0.28,0.24,0.32,0.59
1787901509.1,-13.89,-17.34,88.3,2.98,0.66,0.41,0.26,0.30,0.29,0.31,0.91,1.24,0.74,0.41,0.28,0.28,0.23,0.33,0.61
1787901509.6,-13.88,-17.12,84.2,2.40,0.80,0.40,0.29,0.25,0.30,0.36,0.95,1.33,0.82,0.41,0.31,0.20,0.24,0.31,0.53
1787901510.2,-13.85,-16.83,87.3,1.65,1.01,0.48,0.33,0.27,0.28,0.39,1.02,1.40,0.90,0.36,0.25,0.20,0.24,0.30,0.46
1787901510.7,-13.85,-16.60,86.0,1.85,1.10,0.42,0.29,0.31,0.29,0.39,0.55,1.50,0.76,0.40,0.24,0.23,0.25,0.32,0.44
1787901511.1,-13.82,-16.32,85.9,1.79,1.03,0.43,0.36,0.27,0.33,0.34,0.60,1.59,0.82,0.30,0.21,0.22,0.25,0.27,0.49
1787901511.6,-13.80,-16.10,84.0,1.22,1.25,0.48,0.33,0.31,0.32,0.38,0.64,1.67,0.87,0.34,0.24,0.23,0.24,0.24,0.42
1787901512.1,-13.80,-16.07,79.5,1.10,1.37,0.45,0.34,0.34,0.30,0.41,0.64,1.74,0.96,0.33,0.25,0.21,0.19,0.23,0.38
1787901519.5,-13.79,-16.04,256.0,1.36,1.51,0.38,0.27,0.22,0.20,0.19,0.35,0.53,2.75,0.69,0.36,0.31,0.35,0.39,0.49
1787901520.0,-13.85,-16.22,257.1,1.35,1.50,0.39,0.25,0.21,0.18,0.19,0.35,0.53,2.75,0.69,0.39,0.31,0.32,0.38,0.49
1787901520.5,-13.91,-16.44,254.1,1.26,1.72,0.40,0.27,0.21,0.24,0.23,0.35,0.61,2.82,0.52,0.32,0.36,0.27,0.36,0.49
1787901521.0,-13.92,-16.48,252.3,1.24,1.57,0.53,0.31,0.24,0.24,0.28,0.31,0.64,2.84,0.56,0.34,0.28,0.28,0.31,0.42
1787901527.7,-13.93,-16.46,96.5,2.12,0.52,0.35,0.25,0.31,0.32,0.49,1.19,1.62,0.52,0.30,0.24,0.25,0.28,0.36,0.70
1787901528.1,-13.94,-16.27,94.7,2.14,0.54,0.34,0.25,0.28,0.30,0.46,1.19,1.63,0.54,0.29,0.23,0.28,0.31,0.37,0.70
1787901528.6,-13.97,-16.04,96.3,2.76,0.51,0.30,0.31,0.26,0.33,0.36,1.30,1.66,0.60,0.34,0.27,0.27,0.28,0.39,0.62
1787901529.0,-13.99,-15.82,98.0,2.69,0.64,0.31,0.24,0.26,0.25,0.38,0.75,1.74,0.51,0.33,0.30,0.25,0.26,0.38,0.71
1787901529.5,-14.01,-15.56,92.5,2.61,0.60,0.33,0.23,0.22,0.27,0.43,0.77,1.81,0.54,0.37,0.28,0.23,0.31,0.42,0.65
1787901530.0,-14.02,-15.34,92.3,2.52,0.65,0.30,0.26,0.23,0.30,0.32,0.82,1.89,0.61,0.39,0.27,0.26,0.30,0.38,0.63
1787901530.4,-14.04,-15.12,92.9,2.45,0.63,0.40,0.25,0.21,0.24,0.40,0.66,1.97,0.65,0.38,0.28,0.29,0.34,0.33,0.60
1787901530.8,-14.05,-14.90,91.8,2.37,0.58,0.38,0.21,0.24,0.20,0.31,0.73,2.06,0.62,0.34,0.29,0.27,0.31,0.38,0.78
1787901531.3,-14.07,-14.68,92.1,2.30,0.53,0.33,0.31,0.19,0.25,0.31,0.72,2.12,0.67,0.35,0.28,0.30,0.25,0.36,0.71
1787901531.8,-14.10,-14.41,93.0,2.25,0.68,0.36,0.27,0.26,0.23,0.34,0.60,2.23,0.71,0.39,0.33,0.21,0.31,0.33,0.65
1787901532.3,-14.11,-14.18,91.3,2.19,0.62,0.35,0.29,0.27,0.27,0.28,0.68,2.32,0.77,0.38,0.26,0.26,0.28,0.31,0.60
1787901532.7,-14.11,-14.15,92.5,2.09,0.62,0.31,0.27,0.23,0.31,0.30,0.53,2.40,0.65,0.41,0.26,0.27,0.25,0.42,0.61
1787901539.6,-14.11,-14.13,266.7,1.97,1.06,0.44,0.25,0.23,0.24,0.28,0.51,1.32,0.91,0.52,0.30,0.26,0.28,0.31,0.47
1787901540.0,-14.12,-14.31,261.5,1.99,1.05,0.45,0.26,0.28,0.23,0.29,0.50,1.31,0.91,0.52,0.31,0.25,0.27,0.31,0.45
1787901540.5,-14.13,-14.36,264.0,1.29,1.26,0.48,0.37,0.24,0.29,0.30,0.53,1.34,0.99,0.35,0.30,0.25,0.29,0.25,0.41
1787901547.6,-14.13,-14.38,69.6,0.79,2.15,0.59,0.31,0.22,0.27,0.25,0.33,0.68,2.35,0.59,0.40,0.24,0.28,0.30,0.42
1787901548.0,-14.07,-14.20,72.4,0.76,2.16,0.61,0.32,0.22,0.25,0.24,0.34,0.68,2.36,0.60,0.40,0.25,0.27,0.30,0.41
1787901548.6,-14.06,-14.16,74.2,0.61,2.02,0.59,0.32,0.27,0.25,0.31,0.30,0.74,2.38,0.58,0.41,0.25,0.24,0.24,0.39
1787901550.4,-14.06,-14.16,86.7,1.30,0.94,0.51,0.30,0.25,0.27,0.30,0.48,1.98,1.01,0.44,0.26,0.27,0.23,0.26,0.48
1787901550.8,-14.04,-13.98,80.8,1.33,0.92,0.53,0.30,0.26,0.28,0.32,0.47,1.99,1.02,0.43,0.26,0.27,0.24,0.27,0.51
1787901551.3,-14.01,-13.71,80.2,1.19,1.21,0.48,0.31,0.28,0.28,0.38,0.41,1.46,1.13,0.46,0.30,0.22,0.20,0.29,0.41
1787901552.1,-13.99,-13.56,85.7,1.09,1.09,0.49,0.40,0.25,0.32,0.34,0.48,2.19,1.00,0.36,0.22,0.19,0.23,0.30,0.35
1787901552.6,-13.99,-13.57,85.6,1.10,1.11,0.50,0.40,0.29,0.33,0.36,0.49,2.19,0.98,0.39,0.21,0.20,0.23,0.29,0.36
1787901554.3,-13.99,-13.57,96.9,1.87,0.70,0.40,0.32,0.29,0.32,0.47,0.74,2.65,0.42,0.26,0.20,0.21,0.26,0.29,0.68
1787901554.8,-14.00,-13.38,97.9,1.86,0.72,0.41,0.33,0.28,0.34,0.47,0.76,2.64,0.43,0.25,0.20,0.21,0.26,0.31,0.65
1787901555.2,-14.03,-13.16,90.7,1.81,0.64,0.37,0.35,0.27,0.35,0.40,0.76,2.70,0.46,0.23,0.22,0.23,0.26,0.28,0.62
1787901555.7,-14.05,-12.93,93.2,1.73,0.59,0.39,0.32,0.33,0.29,0.42,0.80,2.76,0.51,0.27,0.26,0.24,0.22,0.28,0.60
1787901556.2,-14.06,-12.66,93.7,1.67,0.67,0.36,0.29,0.32,0.33,0.42,0.70,2.84,0.58,0.30,0.25,0.20,0.20,0.28,0.53
1787901556.6,-14.08,-12.44,94.0,1.57,0.75,0.42,0.30,0.26,0.36,0.38,0.77,2.92,0.47,0.34,0.19,0.18,0.20,0.34,0.54
1787901557.1,-14.08,-12.22,96.9,1.45,0.71,0.37,0.29,0.28,0.29,0.42,0.81,3.00,0.51,0.36,0.21,0.19,0.21,0.33,0.61
1787901557.6,-14.09,-12.00,95.9,1.42,0.66,0.37,0.34,0.26,0.29,0.49,0.74,3.00,0.52,0.26,0.20,0.21,0.25,0.32,0.58
1787901558.0,-14.07,-11.72,92.5,1.31,0.78,0.37,0.29,0.29,0.27,0.40,0.77,3.00,0.61,0.27,0.24,0.24,0.24,0.28,0.51
1787901558.5,-14.08,-11.50,94.0,1.19,1.24,0.41,0.31,0.26,0.33,0.40,0.64,2.99,0.64,0.29,0.25,0.24,0.22,0.29,0.43
1787901559.0,-14.09,-11.46,94.5,1.12,1.15,0.40,0.28,0.26,0.33,0.39,0.71,3.00,0.50,0.31,0.25,0.22,0.22,0.35,0.41
1787901566.1,-14.08,-11.48,277.0,1.87,0.38,0.28,0.26,0.18,0.23,0.36,0.69,1.05,0.67,0.38,0.28,0.24,0.35,0.46,0.99
1787901566.6,-14.08,-11.48,276.8,1.87,0.38,0.29,0.23,0.20,0.22,0.35,0.67,1.07,0.66,0.38,0.27,0.26,0.35,0.47,1.00
1787901572.9,-14.09,-11.50,67.2,0.39,1.07,1.14,0.41,0.27,0.26,0.29,0.34,0.72,2.98,0.69,0.32,0.26,0.22,0.20,0.30
1787901579.6,-14.09,-11.52,275.3,3.00,0.44,0.31,0.23,0.19,0.22,0.32,0.62,1.13,1.20,0.40,0.26,0.27,0.34,0.43,0.90
1787901580.0,-14.07,-11.70,273.6,3.00,0.43,0.29,0.25,0.21,0.20,0.34,0.60,1.15,1.21,0.40,0.29,0.26,0.35,0.42,0.90
1787901580.5,-14.06,-11.92,274.8,3.00,0.62,0.26,0.24,0.20,0.23,0.30,0.42,1.22,0.78,0.42,0.29,0.27,0.33,0.41,0.84
1787901580.9,-14.05,-12.15,273.5,3.00,0.59,0.25,0.19,0.23,0.23,0.27,0.50,1.26,0.84,0.38,0.27,0.32,0.31,0.40,0.77
1787901581.3,-14.03,-12.37,273.6,3.00,0.55,0.24,0.20,0.19,0.27,0.27,0.54,1.32,0.85,0.40,0.33,0.29,0.34,0.49,0.72
1787901581.8,-14.01,-12.59,273.3,3.00,0.49,0.28,0.19,0.18,0.23,0.34,0.59,1.45,0.69,0.36,0.32,0.30,0.31,0.47,0.85
1787901582.2,-14.00,-12.81,273.6,2.94,0.47,0.35,0.20,0.20,0.21,0.31,0.49,1.52,0.74,0.41,0.32,0.30,0.38,0.40,0.76
1787901582.7,-13.99,-13.03,276.2,2.86,0.60,0.34,0.25,0.19,0.19,0.26,0.49,1.59,0.81,0.43,0.31,0.28,0.35,0.37,0.72
1787901583.1,-13.98,-13.25,272.4,2.80,0.55,0.29,0.25,0.23,0.18,0.26,0.54,1.66,0.71,0.39,0.29,0.28,0.29,0.43,0.67
1787901583.6,-13.98,-13.53,272.3,2.73,0.67,0.27,0.24,0.25,0.24,0.27,0.57,1.70,0.77,0.40,0.36,0.31,0.28,0.39,0.58
1787901584.1,-13.96,-13.75,276.2,2.61,0.62,0.30,0.18,0.22,0.26,0.28,0.64,1.70,0.68,0.38,0.37,0.26,0.32,0.45,0.71
1787901584.5,-13.95,-13.97,270.5,2.55,0.59,0.33,0.17,0.18,0.25,0.32,0.51,1.94,0.75,0.44,0.29,0.31,0.31,0.45,0.68
1787901585.0,-13.95,-14.01,276.2,2.46,0.57,0.26,0.22,0.18,0.20,0.35,0.49,2.03,0.67,0.47,0.31,0.30,0.32,0.35,0.65
1787901592.2,-13.95,-14.03,88.8,1.98,0.85,0.50,0.31,0.30,0.29,0.37,0.57,2.49,0.84,0.28,0.27,0.21,0.20,0.30,0.43
1787901592.8,-13.93,-13.84,79.2,1.99,0.85,0.49,0.30,0.30,0.27,0.37,0.55,2.48,0.85,0.29,0.26,0.21,0.17,0.30,0.43
1787901593.3,-13.92,-13.81,85.7,1.10,1.18,0.52,0.41,0.29,0.31,0.38,0.47,2.14,1.01,0.32,0.24,0.18,0.20,0.30,0.37
1787901593.8,-13.92,-13.81,82.2,1.10,1.19,0.50,0.42,0.28,0.32,0.38,0.46,2.15,1.01,0.33,0.24,0.18,0.21,0.30,0.37
1787901595.8,-13.92,-13.81,96.4,1.86,0.59,0.44,0.27,0.31,0.32,0.44,0.92,2.33,0.52,0.32,0.18,0.16,0.26,0.32,0.72
1787901596.2,-13.95,-13.62,92.0,1.87,0.59,0.45,0.26,0.33,0.33,0.43,0.92,2.33,0.51,0.32,0.19,0.19,0.26,0.36,0.73
1787901596.7,-13.96,-13.36,87.5,1.81,0.67,0.41,0.36,0.26,0.35,0.49,0.78,2.66,0.40,0.27,0.20,0.22,0.28,0.29,0.66
1787901597.2,-13.97,-13.09,91.7,1.71,0.72,0.40,0.32,0.32,0.28,0.41,0.60,2.73,0.51,0.27,0.23,0.25,0.24,0.25,0.59
1787901597.7,-13.97,-12.87,90.4,1.60,0.83,0.39,0.32,0.33,0.32,0.40,0.66,2.82,0.57,0.30,0.28,0.22,0.21,0.25,0.52
1787901598.1,-13.96,-12.64,91.1,1.54,0.84,0.47,0.34,0.28,0.37,0.36,0.70,2.93,0.64,0.33,0.28,0.19,0.20,0.24,0.48
1787901598.6,-13.97,-12.42,86.3,1.45,0.77,0.40,0.32,0.31,0.34,0.41,0.77,3.00,0.55,0.36,0.18,0.18,0.20,0.30,0.43
1787901599.2,-13.99,-12.10,88.3,1.32,0.90,0.42,0.36,0.28,0.32,0.48,0.69,2.99,0.54,0.25,0.19,0.17,0.21,0.27,0.45
1787901599.6,-13.99,-11.88,92.5,1.28,0.87,0.42,0.29,0.32,0.33,0.48,0.78,3.00,0.57,0.23,0.18,0.20,0.23,0.26,0.51
1787901600.1,-13.99,-11.66,93.3,1.17,1.26,0.46,0.33,0.30,0.33,0.39,0.69,3.00,0.59,0.25,0.21,0.21,0.20,0.21,0.44
1787901600.7,-13.99,-11.57,91.3,1.09,1.17,0.43,0.32,0.29,0.35,0.40,0.71,3.00,0.69,0.28,0.23,0.20,0.18,0.25,0.37
1787901607.9,-13.99,-11.59,276.5,3.00,0.39,0.26,0.21,0.16,0.20,0.30,0.38,1.16,1.18,0.44,0.31,0.28,0.37,0.47,0.95
1787901608.5,-13.99,-11.59,272.2,2.99,0.36,0.26,0.22,0.17,0.18,0.31,0.37,1.18,1.20,0.43,0.30,0.28,0.36,0.46,0.96
1787901609.1,-13.99,-11.59,276.5,2.99,0.38,0.23,0.19,0.18,0.17,0.29,0.38,1.15,1.21,0.44,0.32,0.26,0.37,0.45,0.94
1787901616.4,-13.99,-11.61,90.5,1.09,1.16,0.44,0.32,0.28,0.36,0.38,0.71,3.00,0.69,0.28,0.23,0.20,0.17,0.24,0.36
1787901623.9,-13.99,-11.63,273.8,3.00,0.40,0.26,0.21,0.18,0.18,0.29,0.37,1.15,1.18,0.43,0.32,0.27,0.37,0.48,0.93
1787901624.4,-13.99,-11.64,275.9,2.99,0.38,0.27,0.21,0.19,0.16,0.30,0.39,1.15,1.18,0.44,0.32,0.27,0.37,0.47,0.92
1787901624.9,-13.99,-11.64,273.1,3.00,0.39,0.25,0.20,0.16,0.20,0.27,0.37,1.17,1.18,0.43,0.31,0.28,0.38,0.46,0.94
1787901625.4,-13.99,-11.64,278.0,2.99,0.39,0.27,0.22,0.18,0.16,0.29,0.37,1.17,1.20,0.43,0.32,0.27,0.36,0.44,0.92
1787901631.9,-14.00,-11.62,104.1,1.16,0.48,0.35,0.30,0.30,0.34,0.67,1.50,0.79,0.30,0.25,0.20,0.18,0.23,0.36,0.80
1787901632.3,-14.05,-11.44,104.3,1.17,0.45,0.37,0.29,0.30,0.35,0.68,1.49,0.79,0.31,0.25,0.20,0.17,0.21,0.35,0.80
1787901632.8,-14.09,-11.22,99.4,1.04,0.59,0.37,0.28,0.27,0.38,0.51,1.24,1.11,0.36,0.27,0.21,0.18,0.25,0.30,0.98
1787901633.2,-14.13,-10.99,102.8,0.95,0.57,0.31,0.29,0.27,0.30,0.46,1.15,1.24,0.41,0.26,0.21,0.21,0.25,0.28,0.92
1787901633.7,-14.16,-10.77,97.8,0.85,1.02,0.30,0.30,0.27,0.30,0.48,1.13,1.70,0.47,0.26,0.25,0.26,0.21,0.40,0.90
1787901634.2,-14.20,-10.55,96.0,0.79,0.90,0.38,0.24,0.29,0.26,0.36,0.97,2.12,0.52,0.27,0.28,0.18,0.23,0.37,0.83
1787901634.7,-14.24,-10.28,95.3,0.70,0.77,0.34,0.30,0.23,0.31,0.36,0.82,2.42,0.56,0.34,0.23,0.21,0.30,0.37,0.73
1787901635.1,-14.28,-10.06,101.0,0.63,0.71,1.00,0.28,0.26,0.24,0.36,0.88,2.33,0.49,0.33,0.22,0.29,0.30,0.34,0.64
1787901635.5,-14.33,-9.84,98.4,0.52,0.63,0.93,0.25,0.27,0.26,0.40,0.97,1.63,0.49,0.27,0.30,0.24,0.28,0.49,0.55
1787901636.1,-14.35,-9.75,101.7,0.41,0.53,0.83,0.71,0.22,0.29,0.30,0.86,1.74,0.54,0.36,0.26,0.26,0.27,0.49,0.42
1787901640.2,-14.34,-9.76,166.3,0.82,0.25,0.27,0.32,0.58,2.99,0.63,0.33,0.32,0.27,0.25,0.45,0.46,0.48,0.54,0.74
1787901646.3,-14.34,-9.74,295.5,0.70,0.34,0.31,0.28,0.25,0.41,0.45,0.49,0.49,0.61,0.83,0.77,0.25,0.29,0.52,3.00
1787901649.0,-14.34,-9.74,277.2,3.00,0.60,0.33,0.30,0.26,0.27,0.44,0.45,0.47,0.52,0.78,0.80,0.22,0.27,0.31,0.64
1787901651.3,-14.34,-9.74,302.0,0.78,0.33,0.30,0.25,0.26,0.41,0.45,0.49,0.51,0.60,0.84,0.78,0.27,0.29,0.52,2.99
1787901657.6,-14.36,-9.73,150.0,0.85,0.73,0.25,0.32,0.30,1.05,1.42,0.53,0.34,0.27,0.24,0.29,0.49,0.48,0.43,0.55
1787901658.1,-14.52,-9.63,147.1,0.86,0.72,0.24,0.30,0.33,1.05,1.41,0.55,0.34,0.28,0.23,0.28,0.50,0.45,0.44,0.54
1787901658.5,-14.69,-9.50,151.6,0.77,0.66,1.17,0.21,0.27,0.65,2.13,0.64,0.42,0.35,0.30,0.42,0.48,0.47,0.43,0.48
1787901658.9,-14.89,-9.39,145.1,0.70,0.60,0.62,1.31,0.18,0.35,2.19,0.72,0.48,0.40,0.38,0.49,0.43,0.35,0.43,0.41
1787901659.5,-14.92,-9.37,151.8,0.62,0.56,0.57,1.26,0.84,0.15,2.66,0.85,0.57,0.44,0.49,0.55,0.45,0.33,0.32,0.35
1787901661.9,-14.92,-9.37,169.4,0.61,0.57,1.20,0.85,0.13,3.00,1.02,0.60,0.47,0.44,0.54,0.44,0.33,0.34,0.35,0.61
1787901662.5,-15.10,-9.33,167.3,0.58,0.54,1.18,0.86,0.15,3.00,1.02,0.56,0.48,0.45,0.55,0.44,0.30,0.34,0.33,0.58
1787901662.9,-15.31,-9.26,164.1,0.52,0.47,1.10,1.51,0.71,0.23,1.12,0.64,0.55,0.53,0.55,0.35,0.34,0.31,0.32,0.53
1787901663.6,-15.35,-9.25,164.9,0.45,0.36,0.44,1.37,0.76,0.71,0.26,0.75,0.63,0.62,0.53,0.35,0.32,0.26,0.34,0.47
1787901670.4,-15.33,-9.25,11.8,0.66,0.51,0.36,0.29,0.24,0.35,0.48,0.41,0.38,1.06,1.47,0.71,0.73,1.23,0.71,0.60
1787901670.8,-15.14,-9.21,9.0,0.64,0.53,0.34,0.27,0.26,0.38,0.51,0.42,0.36,1.04,1.45,0.71,0.74,1.20,0.71,0.60
1787901671.3,-14.92,-9.17,9.2,0.56,0.45,0.31,0.28,0.26,0.27,0.51,0.52,0.44,1.12,1.50,0.73,0.27,1.12,0.66,0.53
1787901671.9,-14.89,-9.16,3.0,0.49,0.49,0.38,0.26,0.28,0.27,0.53,0.59,0.53,1.20,1.64,0.81,3.00,0.92,0.61,0.42
1787901678.8,-14.87,-9.17,167.2,0.61,0.50,1.20,1.52,0.75,2.98,1.17,0.60,0.53,0.44,0.52,0.39,0.27,0.24,0.26,0.36
1787901685.5,-14.88,-9.16,313.5,0.61,0.52,0.43,0.51,0.37,0.25,0.28,0.28,0.28,0.61,0.54,0.59,1.34,0.83,0.42,1.61
1787901685.9,-14.76,-9.29,311.9,0.61,0.50,0.44,0.51,0.38,0.23,0.28,0.26,0.29,0.61,0.55,0.59,1.33,0.84,0.43,1.59
1787901686.3,-14.60,-9.45,309.6,0.58,0.47,0.39,0.46,0.47,0.40,0.28,0.35,0.37,0.69,0.58,0.63,1.35,0.20,0.42,1.54
1787901686.8,-14.46,-9.62,307.8,0.64,0.46,0.34,0.35,0.46,0.40,0.28,0.40,0.44,0.74,0.62,1.24,0.17,0.29,0.76,1.49
1787901687.3,-14.44,-9.65,310.8,0.55,0.38,0.31,0.28,0.42,0.49,0.49,0.47,0.51,0.80,0.69,0.22,0.28,0.30,1.34,1.11
1787901687.8,-14.44,-9.66,311.1,0.55,0.39,0.30,0.29,0.42,0.47,0.48,0.49,0.50,0.82,0.69,0.20,0.27,0.32,1.34,1.10
1787901690.0,-14.43,-9.66,293.5,0.90,0.39,0.36,0.30,0.31,0.45,0.44,0.45,0.49,0.60,0.79,0.72,0.20,0.29,0.47,3.00
1787901691.8,-14.43,-9.66,278.6,1.79,0.61,0.39,0.35,0.30,0.34,0.52,0.50,0.42,0.51,0.81,0.70,0.19,0.24,0.29,0.67
1787901692.3,-14.41,-9.84,278.5,1.76,0.60,0.37,0.32,0.28,0.36,0.53,0.49,0.42,0.52,0.83,0.70,0.20,0.25,0.27,0.68
1787901692.7,-14.40,-10.07,278.0,3.00,0.65,0.32,0.33,0.29,0.29,0.49,0.51,0.47,0.57,0.85,0.72,0.19,0.26,0.24,0.56
1787901693.2,-14.36,-10.34,277.3,3.00,0.68,0.43,0.28,0.33,0.32,0.40,0.59,0.59,0.67,0.93,0.23,0.21,0.20,0.32,0.52
1787901693.7,-14.34,-10.56,275.6,3.00,0.69,0.40,0.27,0.27,0.33,0.39,0.72,0.66,0.74,0.28,0.25,0.19,0.19,0.27,0.64
1787901694.1,-14.33,-10.78,271.4,3.00,0.64,0.39,0.34,0.24,0.32,0.39,0.79,0.75,0.81,0.30,0.20,0.18,0.25,0.27,0.58
1787901694.6,-14.31,-11.00,274.8,3.00,0.64,0.36,0.32,0.28,0.24,0.44,0.84,0.82,0.90,0.31,0.20,0.21,0.20,0.29,0.56
1787901695.0,-14.29,-11.22,276.0,3.00,0.62,0.43,0.28,0.30,0.29,0.46,0.87,0.93,1.00,0.26,0.24,0.21,0.20,0.26,0.59
1787901695.4,-14.26,-11.44,273.1,2.99,0.77,0.38,0.29,0.27,0.34,0.33,0.67,0.99,0.54,0.28,0.21,0.19,0.21,0.35,0.74
1787901695.9,-14.25,-11.66,277.8,3.00,0.78,0.39,0.29,0.25,0.31,0.39,0.69,1.09,0.60,0.31,0.22,0.18,0.20,0.29,0.68
1787901696.3,-14.22,-11.88,276.2,2.99,0.73,0.34,0.31,0.28,0.29,0.44,0.72,1.17,0.44,0.27,0.20,0.22,0.26,0.29,0.61
1787901696.8,-14.21,-12.10,273.7,3.00,0.67,0.34,0.28,0.29,0.30,0.41,0.78,1.22,0.49,0.27,0.20,0.22,0.21,0.32,0.57
1787901697.3,-14.20,-12.16,274.4,3.00,0.62,0.33,0.27,0.28,0.35,0.40,0.84,1.30,0.56,0.27,0.26,0.19,0.23,0.40,0.73
1787901697.7,-14.20,-12.16,272.1,2.99,0.60,0.32,0.26,0.29,0.33,0.38,0.85,1.30,0.53,0.26,0.26,0.21,0.26,0.43,0.71
1787901698.1,-14.17,-12.34,276.8,3.00,0.59,0.33,0.26,0.28,0.34,0.41,0.85,1.30,0.55,0.25,0.26,0.21,0.24,0.43,0.70
1787901698.6,-14.15,-12.56,274.6,3.00,0.58,0.42,0.27,0.23,0.33,0.40,0.66,1.38,0.49,0.29,0.23,0.23,0.24,0.40,0.65
1787901699.1,-14.15,-12.83,271.9,2.95,0.71,0.40,0.27,0.24,0.27,0.40,0.73,1.49,0.51,0.35,0.24,0.23,0.29,0.36,0.61
1787901699.5,-14.13,-13.05,275.1,2.91,0.64,0.38,0.32,0.22,0.26,0.36,0.64,1.63,0.60,0.29,0.24,0.24,0.32,0.29,0.55
1787901700.0,-14.13,-13.27,271.0,2.82,0.88,0.36,0.32,0.31,0.26,0.33,0.62,1.68,0.54,0.31,0.26,0.28,0.26,0.28,0.61
1787901700.4,-14.11,-13.49,272.4,2.73,0.85,0.39,0.30,0.32,0.29,0.33,0.66,1.75,0.60,0.33,0.31,0.27,0.23,0.33,0.55
1787901700.9,-14.10,-13.72,269.3,2.65,0.78,0.41,0.27,0.29,0.33,0.37,0.72,1.85,0.62,0.33,0.30,0.27,0.27,0.31,0.49
1787901701.4,-14.10,-14.00,270.3,2.57,0.81,0.41,0.30,0.25,0.31,0.38,0.67,1.92,0.60,0.39,0.22,0.21,0.24,0.30,0.43
1787901701.8,-14.09,-14.22,269.9,2.46,0.92,0.48,0.33,0.28,0.26,0.42,0.60,2.00,0.62,0.40,0.23,0.21,0.23,0.35,0.49
1787901702.3,-14.09,-14.45,270.7,2.42,0.87,0.44,0.28,0.31,0.30,0.42,0.63,2.10,0.58,0.29,0.23,0.19,0.27,0.27,0.45
1787901702.8,-14.09,-14.48,271.1,2.34,0.83,0.45,0.38,0.30,0.32,0.34,0.63,2.18,0.61,0.33,0.21,0.23,0.21,0.21,0.41
1787901703.2,-14.09,-14.48,272.0,2.32,0.82,0.46,0.38,0.29,0.30,0.35,0.63,2.19,0.61,0.32,0.20,0.22,0.23,0.23,0.42
1787901703.6,-14.10,-14.67,269.2,2.33,0.83,0.45,0.38,0.29,0.31,0.36,0.64,2.18,0.62,0.34,0.21,0.22,0.24,0.22,0.41
1787901704.1,-14.10,-14.70,269.3,2.23,0.89,0.44,0.36,0.25,0.32,0.36,0.68,2.23,0.67,0.33,0.24,0.20,0.17,0.26,0.37
1787901711.3,-14.10,-14.72,84.7,1.46,0.86,0.38,0.25,0.25,0.16,0.19,0.32,1.18,1.47,0.52,0.39,0.32,0.31,0.33,0.59
1787901711.8,-14.07,-14.54,80.4,1.46,0.84,0.38,0.26,0.25,0.17,0.20,0.31,1.17,1.47,0.52,0.39,0.35,0.30,0.35,0.61
1787901712.3,-14.02,-14.27,79.3,1.37,0.97,0.35,0.28,0.22,0.26,0.22,0.36,1.25,1.54,0.49,0.37,0.25,0.30,0.30,0.56
1787901712.8,-14.00,-14.05,79.3,1.26,0.94,0.50,0.29,0.24,0.24,0.30,0.40,1.33,1.33,0.54,0.29,0.29,0.26,0.27,0.50
1787901713.2,-13.95,-13.83,79.2,1.18,1.24,0.47,0.29,0.25,0.24,0.33,0.38,1.15,1.33,0.49,0.28,0.26,0.22,0.32,0.43
1787901713.7,-13.95,-13.79,78.5,1.08,1.94,0.52,0.41,0.24,0.29,0.30,0.43,1.19,1.27,0.41,0.32,0.20,0.22,0.31,0.39
1787901716.2,-13.95,-13.79,95.0,1.89,0.56,0.42,0.25,0.27,0.27,0.41,0.72,2.62,0.56,0.34,0.20,0.20,0.29,0.35,0.77
1787901716.7,-13.97,-13.61,96.5,1.87,0.56,0.40,0.26,0.31,0.28,0.42,0.71,2.59,0.54,0.35,0.23,0.20,0.31,0.36,0.76
1787901717.1,-13.99,-13.39,89.9,1.82,0.68,0.36,0.32,0.22,0.30,0.42,0.70,2.65,0.61,0.30,0.24,0.24,0.30,0.33,0.71
1787901717.6,-13.99,-13.13,92.2,1.75,0.62,0.35,0.33,0.27,0.26,0.39,0.70,2.73,0.71,0.29,0.24,0.28,0.27,0.27,0.62
1787901718.2,-13.99,-12.83,90.1,1.64,0.69,0.34,0.28,0.29,0.31,0.35,0.67,2.84,0.58,0.35,0.29,0.23,0.21,0.29,0.55
1787901718.7,-13.98,-12.61,91.6,1.52,0.81,0.43,0.29,0.28,0.36,0.34,0.71,2.92,0.64,0.34,0.29,0.20,0.23,0.28,0.53
1787901719.1,-13.98,-12.39,89.4,1.44,0.75,0.38,0.26,0.27,0.30,0.39,0.63,3.00,0.72,0.40,0.24,0.21,0.23,0.33,0.49
1787901719.5,-14.00,-12.17,92.2,1.36,0.70,0.34,0.32,0.26,0.27,0.42,0.67,3.00,0.64,0.39,0.22,0.20,0.24,0.33,0.55
1787901720.0,-14.01,-11.95,96.7,1.29,0.87,0.39,0.28,0.29,0.32,0.39,0.69,3.00,0.61,0.28,0.19,0.22,0.27,0.29,0.55
1787901720.5,-14.03,-11.70,92.6,1.26,0.75,0.35,0.25,0.32,0.28,0.38,0.81,3.00,0.58,0.27,0.22,0.24,0.26,0.31,0.50
1787901721.0,-14.03,-11.41,94.1,1.16,1.17,0.41,0.27,0.22,0.32,0.36,0.72,3.00,0.70,0.30,0.26,0.24,0.22,0.34,0.41
1787901721.6,-14.03,-11.38,91.8,1.09,1.08,0.37,0.28,0.25,0.26,0.37,0.75,3.00,0.49,0.34,0.24,0.18,0.23,0.31,0.57
1787901728.8,-14.03,-11.36,265.4,2.03,0.82,0.34,0.27,0.18,0.21,0.29,0.34,1.03,1.08,0.38,0.34,0.25,0.25,0.37,0.55
1787901729.2,-14.06,-11.54,262.9,2.06,0.81,0.34,0.27,0.21,0.22,0.30,0.32,1.04,1.10,0.40,0.34,0.26,0.27,0.38,0.53
1787901729.7,-14.09,-11.76,263.9,1.69,0.83,0.34,0.28,0.23,0.22,0.28,0.37,1.12,1.16,0.43,0.27,0.26,0.25,0.33,0.65
1787901730.2,-14.12,-12.03,262.5,1.28,1.00,0.37,0.27,0.26,0.24,0.27,0.46,1.22,1.24,0.46,0.29,0.22,0.28,0.30,0.57
1787901730.8,-14.15,-12.25,264.9,1.23,1.24,0.50,0.28,0.25,0.29,0.31,0.51,1.30,1.32,0.38,0.24,0.26,0.24,0.32,0.52
1787901731.2,-14.18,-12.52,260.9,1.12,1.30,0.52,0.29,0.25,0.27,0.34,0.48,1.41,1.41,0.33,0.31,0.21,0.22,0.26,0.45
1787901731.7,-14.19,-12.56,260.4,0.81,1.49,0.48,0.39,0.28,0.26,0.37,0.48,1.46,1.49,0.35,0.22,0.21,0.19,0.32,0.37
1787901732.2,-14.19,-12.56,261.8,0.82,1.51,0.48,0.38,0.28,0.28,0.39,0.49,1.44,1.47,0.36,0.24,0.23,0.21,0.33,0.37
1787901739.4,-14.19,-12.54,83.3,1.44,0.70,0.33,0.22,0.21,0.19,0.34,0.37,1.93,1.09,0.46,0.34,0.27,0.26,0.40,0.66
1787901740.0,-14.18,-12.33,87.7,1.44,0.70,0.35,0.20,0.21,0.20,0.35,0.39,1.92,1.07,0.46,0.34,0.28,0.28,0.40,0.65
1787901740.4,-14.15,-12.08,89.7,1.33,0.64,0.28,0.29,0.19,0.22,0.25,0.45,2.02,1.06,0.51,0.28,0.26,0.31,0.38,0.61
1787901740.9,-14.14,-11.86,89.6,1.26,0.82,0.34,0.20,0.24,0.21,0.29,0.50,2.11,0.92,0.46,0.29,0.27,0.31,0.35,0.61
1787901741.3,-14.12,-11.64,85.8,1.21,1.25,0.32,0.22,0.22,0.25,0.29,0.56,2.21,0.96,0.38,0.28,0.28,0.28,0.33,0.49
1787901741.7,-14.10,-11.42,87.2,1.10,1.17,0.39,0.24,0.20,0.25,0.28,0.62,1.94,1.03,0.38,0.30,0.27,0.24,0.34,0.43
1787901742.2,-14.10,-11.38,87.5,1.02,1.11,0.37,0.28,0.24,0.21,0.34,0.50,1.76,0.88,0.38,0.30,0.25,0.22,0.32,0.37
1787901742.8,-14.10,-11.38,85.3,1.01,1.09,0.36,0.27,0.25,0.20,0.34,0.49,1.76,0.87,0.38,0.32,0.23,0.24,0.34,0.37
1787901749.4,-14.09,-11.40,291.6,0.81,0.36,0.28,0.24,0.26,0.36,0.56,1.06,1.11,0.36,0.26,0.23,0.24,0.34,0.72,3.00
1787901755.9,-14.09,-11.41,81.9,1.06,1.09,0.39,0.31,0.24,0.21,0.33,0.47,1.24,1.13,0.39,0.32,0.24,0.24,0.32,0.36
1787901756.3,-14.09,-11.41,84.1,1.07,1.09,0.37,0.29,0.22,0.21,0.32,0.47,1.22,1.12,0.38,0.32,0.24,0.25,0.34,0.36
1787901756.8,-14.10,-11.41,77.9,1.05,1.10,0.38,0.29,0.23,0.23,0.33,0.48,1.23,1.13,0.41,0.31,0.24,0.24,0.33,0.37
1787901757.5,-14.09,-11.41,80.3,1.07,1.10,0.38,0.30,0.23,0.22,0.33,0.47,1.21,1.13,0.40,0.33,0.25,0.23,0.33,0.35
1787901764.3,-14.09,-11.43,291.7,0.82,0.38,0.30,0.24,0.23,0.34,0.38,1.01,1.09,0.35,0.28,0.24,0.21,0.35,0.51,2.31
1787901771.2,-14.09,-11.45,85.4,1.01,1.10,0.39,0.28,0.25,0.23,0.34,0.50,1.45,1.10,0.41,0.32,0.25,0.26,0.33,0.35
1787901777.7,-14.08,-11.47,290.2,0.79,0.36,0.29,0.23,0.24,0.34,0.57,1.04,1.11,0.36,0.26,0.23,0.22,0.35,0.57,3.00
1787901784.0,-14.09,-11.49,74.2,0.73,1.03,0.58,0.35,0.23,0.22,0.27,0.37,0.94,2.06,0.47,0.34,0.27,0.24,0.30,0.34
1787901784.5,-14.09,-11.49,77.2,0.74,1.04,0.57,0.32,0.24,0.23,0.29,0.36,0.95,2.07,0.46,0.35,0.26,0.25,0.31,0.35
1787901790.7,-14.08,-11.51,288.9,0.81,0.38,0.30,0.24,0.25,0.32,0.56,1.01,1.11,0.36,0.26,0.26,0.21,0.34,0.50,2.96
1787901797.5,-14.08,-11.53,79.6,1.06,1.10,0.38,0.30,0.26,0.21,0.33,0.47,1.23,1.13,0.40,0.33,0.24,0.25,0.34,0.35
1787901804.3,-14.08,-11.55,293.5,0.82,0.35,0.28,0.23,0.24,0.34,0.55,1.02,1.11,0.35,0.28,0.24,0.24,0.35,0.53,2.96
1787901806.7,-14.08,-11.55,274.7,2.99,0.55,0.35,0.28,0.23,0.27,0.35,0.64,1.11,1.11,0.34,0.24,0.24,0.25,0.53,0.73
1787901807.2,-14.07,-11.73,272.6,2.99,0.54,0.35,0.29,0.23,0.27,0.33,0.63,1.10,1.13,0.34,0.27,0.25,0.24,0.35,0.74
1787901807.8,-14.08,-12.04,270.9,2.99,0.71,0.32,0.29,0.26,0.23,0.35,0.44,1.18,1.20,0.38,0.26,0.21,0.31,0.31,0.63
1787901808.2,-14.09,-12.26,267.9,3.00,0.69,0.34,0.25,0.27,0.29,0.31,0.51,1.22,0.84,0.35,0.23,0.29,0.26,0.33,0.57
1787901808.7,-14.10,-12.49,270.4,3.00,0.86,0.39,0.26,0.24,0.30,0.32,0.57,1.29,0.83,0.35,0.28,0.24,0.23,0.32,0.51
1787901809.1,-14.10,-12.71,268.8,3.00,0.83,0.47,0.25,0.23,0.27,0.35,0.60,1.36,0.70,0.33,0.30,0.22,0.25,0.36,0.44
1787901809.6,-14.14,-12.98,269.1,2.96,1.02,0.42,0.32,0.25,0.24,0.37,0.56,1.44,0.74,0.38,0.22,0.23,0.22,0.34,0.52
1787901810.1,-14.15,-13.21,270.6,1.83,1.03,0.41,0.37,0.28,0.27,0.33,0.55,1.55,0.81,0.38,0.26,0.21,0.28,0.29,0.47
1787901810.6,-14.17,-13.46,266.5,2.35,0.96,0.42,0.34,0.33,0.26,0.35,0.62,1.63,0.67,0.31,0.22,0.28,0.25,0.24,0.45
1787901811.2,-14.17,-13.50,262.8,1.62,1.18,0.51,0.33,0.34,0.35,0.34,0.64,1.74,0.61,0.30,0.27,0.24,0.21,0.27,0.46
1787901818.2,-14.17,-13.53,81.1,1.02,1.77,0.37,0.27,0.26,0.19,0.21,0.31,0.59,2.01,0.53,0.35,0.24,0.34,0.34,0.46
1787901818.6,-14.13,-13.34,75.7,0.99,1.76,0.38,0.28,0.26,0.18,0.21,0.32,0.57,2.00,0.54,0.34,0.31,0.36,0.34,0.47
1787901819.0,-14.07,-13.13,77.0,0.91,1.71,0.50,0.26,0.24,0.25,0.23,0.37,0.62,2.80,0.57,0.36,0.33,0.28,0.30,0.41
1787901819.5,-14.01,-12.92,70.5,0.83,1.58,0.50,0.32,0.25,0.27,0.28,0.34,0.69,2.88,0.59,0.36,0.29,0.25,0.26,0.41
1787901820.0,-13.99,-12.88,69.3,0.74,1.52,0.58,0.39,0.27,0.26,0.38,0.37,0.77,2.95,0.47,0.36,0.24,0.22,0.22,0.39
1787901822.4,-13.99,-12.88,93.9,1.52,0.76,0.42,0.28,0.27,0.35,0.36,0.73,2.95,0.67,0.38,0.27,0.20,0.24,0.32,0.52
1787901822.8,-14.00,-12.69,93.1,1.55,0.74,0.41,0.27,0.27,0.34,0.36,0.74,2.94,0.65,0.39,0.26,0.20,0.24,0.31,0.52
1787901823.3,-14.00,-12.47,92.8,1.42,0.71,0.37,0.29,0.26,0.28,0.40,0.65,3.00,0.73,0.40,0.22,0.20,0.22,0.34,0.50
1787901823.7,-14.00,-12.25,92.4,1.33,0.92,0.38,0.33,0.27,0.29,0.43,0.64,3.00,0.79,0.35,0.22,0.21,0.22,0.30,0.52
1787901824.3,-14.01,-12.01,91.6,1.25,1.32,0.39,0.26,0.29,0.28,0.35,0.57,3.00,0.63,0.29,0.22,0.24,0.25,0.27,0.51
1787901824.7,-14.02,-11.74,92.9,1.19,1.25,0.44,0.29,0.26,0.30,0.40,0.67,2.99,0.65,0.28,0.25,0.21,0.22,0.27,0.42
1787901825.3,-14.02,-11.70,92.2,1.10,1.15,0.42,0.30,0.25,0.32,0.36,0.73,3.00,0.67,0.30,0.24,0.20,0.22,0.32,0.38
1787901832.4,-14.02,-11.68,268.1,2.33,0.78,0.30,0.24,0.20,0.18,0.25,0.35,1.10,1.15,0.44,0.32,0.30,0.26,0.36,0.70
1787901832.9,-14.02,-11.86,265.6,2.28,0.76,0.30,0.27,0.20,0.21,0.27,0.37,1.10,1.18,0.42,0.31,0.27,0.28,0.36,0.69
1787901833.4,-14.05,-12.13,262.4,2.22,0.71,0.31,0.26,0.22,0.23,0.26,0.41,1.19,1.23,0.47,0.31,0.25,0.31,0.36,0.60
1787901833.8,-14.08,-12.35,269.5,1.80,0.91,0.35,0.24,0.23,0.24,0.27,0.48,1.28,1.31,0.45,0.27,0.30,0.27,0.33,0.55
1787901834.3,-14.10,-12.57,262.1,1.50,0.87,0.47,0.26,0.21,0.27,0.31,0.45,1.34,1.39,0.43,0.30,0.25,0.26,0.33,0.47
1787901834.7,-14.14,-12.79,265.6,1.38,1.16,0.47,0.27,0.23,0.22,0.33,0.43,1.42,1.47,0.36,0.34,0.23,0.24,0.36,0.43
1787901835.2,-14.14,-12.83,266.1,1.07,1.38,0.45,0.34,0.23,0.25,0.31,0.46,1.21,1.52,0.41,0.26,0.23,0.24,0.34,0.38
1787901837.8,-14.14,-12.83,281.0,2.16,0.48,0.37,0.25,0.25,0.29,0.44,0.80,1.54,0.40,0.27,0.23,0.22,0.34,0.35,0.78
1787901838.2,-14.11,-13.02,280.4,2.17,0.49,0.38,0.24,0.25,0.27,0.43,0.79,1.54,0.41,0.25,0.25,0.20,0.33,0.35,0.77
1787901838.8,-14.06,-13.29,276.7,2.63,0.59,0.35,0.30,0.21,0.26,0.41,0.82,1.59,0.50,0.29,0.24,0.30,0.28,0.40,0.70
1787901839.2,-14.02,-13.51,281.3,2.53,0.51,0.30,0.27,0.26,0.25,0.36,0.89,1.68,0.51,0.31,0.29,0.31,0.25,0.41,0.80
1787901839.6,-13.99,-13.73,278.0,2.75,0.49,0.28,0.25,0.29,0.27,0.34,0.74,1.75,0.60,0.32,0.34,0.24,0.29,0.40,0.76
1787901840.1,-13.96,-13.95,272.9,2.67,0.61,0.31,0.21,0.25,0.32,0.34,0.72,1.80,0.55,0.37,0.28,0.25,0.31,0.47,0.71
1787901840.5,-13.95,-14.18,279.0,2.58,0.60,0.33,0.21,0.20,0.28,0.37,0.74,1.89,0.59,0.43,0.24,0.27,0.28,0.40,0.69
1787901841.0,-13.93,-14.40,276.3,2.51,0.57,0.28,0.27,0.23,0.20,0.39,0.62,1.96,0.63,0.36,0.31,0.27,0.33,0.36,0.81
1787901841.4,-13.91,-14.62,275.5,2.44,0.51,0.37,0.24,0.22,0.21,0.34,0.61,2.08,0.60,0.34,0.30,0.28,0.32,0.42,0.79
1787901841.9,-13.88,-14.84,276.1,2.33,0.48,0.31,0.20,0.23,0.24,0.27,0.61,2.13,0.65,0.39,0.31,0.33,0.27,0.41,0.90
1787901842.3,-13.84,-15.06,278.0,2.26,0.47,0.30,0.28,0.17,0.24,0.30,0.65,2.22,0.72,0.40,0.31,0.29,0.30,0.39,0.90
1787901842.7,-13.80,-15.28,279.0,2.19,0.57,0.31,0.24,0.27,0.21,0.32,0.70,2.29,0.77,0.38,0.33,0.24,0.31,0.37,0.87
1787901843.3,-13.80,-15.32,278.1,2.12,0.49,0.26,0.23,0.22,0.26,0.27,0.75,2.41,0.60,0.42,0.26,0.28,0.30,0.48,1.02
1787901850.6,-13.80,-15.30,107.3,1.24,0.54,0.39,0.26,0.26,0.32,0.50,2.09,0.98,0.38,0.27,0.22,0.25,0.26,0.41,1.24
1787901851.0,-13.85,-15.12,101.3,1.26,0.55,0.39,0.26,0.28,0.29,0.49,2.11,0.98,0.38,0.25,0.23,0.26,0.24,0.39,1.27
1787901851.4,-13.90,-14.90,102.7,1.52,0.52,0.35,0.23,0.25,0.31,0.52,1.74,1.37,0.40,0.29,0.25,0.26,0.22,0.37,0.92
1787901851.9,-13.95,-14.68,105.4,2.26,0.48,0.34,0.32,0.23,0.29,0.39,1.13,1.51,0.43,0.32,0.29,0.21,0.30,0.34,0.92
1787901852.3,-13.98,-14.46,103.8,1.46,0.61,0.34,0.27,0.28,0.23,0.38,1.20,1.55,0.47,0.34,0.21,0.26,0.28,0.40,1.03
1787901852.9,-14.04,-14.15,98.7,2.08,0.53,0.28,0.27,0.23,0.31,0.32,0.79,2.13,0.53,0.38,0.30,0.26,0.26,0.46,0.95
1787901853.4,-14.08,-13.94,96.0,2.02,0.47,0.27,0.27,0.24,0.28,0.34,0.82,2.51,0.61,0.28,0.27,0.22,0.30,0.45,0.91
1787901853.8,-14.11,-13.71,95.6,1.92,0.49,0.38,0.21,0.25,0.26,0.41,0.61,2.60,0.65,0.37,0.26,0.26,0.34,0.40,0.83
1787901854.3,-14.15,-13.49,97.3,1.84,0.47,0.33,0.25,0.18,0.28,0.31,0.69,2.70,0.66,0.36,0.26,0.31,0.34,0.40,1.00
1787901854.7,-14.21,-13.28,97.9,1.77,0.40,0.28,0.29,0.22,0.23,0.34,0.56,2.77,0.56,0.33,0.28,0.32,0.31,0.41,0.96
1787901855.2,-14.25,-13.06,97.1,1.67,0.49,0.27,0.23,0.27,0.23,0.34,0.63,2.84,0.57,0.37,0.35,0.29,0.28,0.46,0.90
1787901855.6,-14.25,-13.02,104.3,1.61,0.42,0.23,0.19,0.24,0.27,0.28,0.71,2.58,0.63,0.40,0.33,0.28,0.31,0.51,1.11
1787901862.6,-14.26,-13.00,272.0,2.85,0.66,0.40,0.36,0.26,0.31,0.48,0.81,1.55,0.44,0.26,0.20,0.22,0.27,0.26,0.67
1787901863.1,-14.25,-13.19,274.2,2.85,0.65,0.40,0.37,0.26,0.30,0.45,0.82,1.55,0.45,0.27,0.21,0.23,0.27,0.27,0.66
1787901863.5,-14.23,-13.41,274.7,2.80,0.85,0.39,0.35,0.31,0.27,0.38,0.82,1.66,0.50,0.30,0.22,0.26,0.22,0.24,0.58
1787901864.0,-14.20,-13.63,272.6,2.72,0.85,0.43,0.30,0.35,0.30,0.39,0.71,1.77,0.55,0.27,0.27,0.22,0.18,0.29,0.52
1787901864.5,-14.20,-13.85,270.4,2.65,0.82,0.45,0.32,0.31,0.37,0.36,0.71,1.87,0.62,0.33,0.27,0.17,0.22,0.28,0.48
1787901865.1,-14.21,-13.94,267.8,2.53,1.07,0.55,0.37,0.28,0.34,0.41,0.66,1.87,0.57,0.39,0.19,0.19,0.20,0.22,0.36
1787901871.6,-14.21,-13.92,99.0,1.17,0.39,0.21,0.16,0.23,0.23,0.36,0.60,2.33,0.68,0.40,0.31,0.31,0.39,0.47,1.14
1787901891.8,-0.00,0.00,105.8,0.77,0.38,0.20,0.18,0.20,0.21,0.36,0.88,1.79,0.58,0.40,0.30,0.31,0.40,0.50,1.48
1787901898.8,-0.00,0.02,275.9,2.52,0.73,0.38,0.18,0.29,0.37,0.43,0.86,1.90,0.43,0.34,0.19,0.21,0.21,0.33,0.43
1787901899.3,0.02,-0.16,276.3,2.53,0.70,0.39,0.32,0.27,0.38,0.42,0.89,1.91,0.41,0.33,0.18,0.20,0.23,0.34,0.43
1787901899.8,0.07,-0.42,276.7,2.46,0.76,0.48,0.36,0.28,0.30,0.47,0.90,1.97,0.51,0.25,0.23,0.20,0.20,0.29,0.51
1787901900.3,0.10,-0.69,275.2,2.33,0.82,0.45,0.29,0.33,0.32,0.50,0.88,2.06,0.55,0.28,0.22,0.20,0.24,0.23,0.45
1787901900.8,0.12,-0.91,276.2,2.27,0.78,0.45,0.38,0.32,0.31,0.40,0.76,2.13,0.59,0.29,0.22,0.23,0.20,0.26,0.41
1787901901.2,0.14,-1.14,270.2,2.20,0.73,0.44,0.33,0.30,0.35,0.40,0.74,2.23,0.44,0.27,0.26,0.18,0.17,0.28,0.56
1787901901.7,0.16,-1.41,271.7,2.09,0.79,0.37,0.35,0.32,0.28,0.41,0.79,2.33,0.50,0.31,0.18,0.17,0.23,0.23,0.47
1787901902.2,0.18,-1.66,274.1,2.04,0.73,0.45,0.33,0.30,0.36,0.45,0.82,2.43,0.58,0.36,0.19,0.19,0.18,0.21,0.59
1787901902.7,0.19,-1.88,275.4,1.92,0.66,0.44,0.30,0.32,0.36,0.39,0.91,2.49,0.47,0.24,0.19,0.18,0.18,0.33,0.59
1787901903.1,0.21,-2.10,271.0,1.88,0.83,0.44,0.35,0.29,0.37,0.45,0.67,2.65,0.54,0.28,0.20,0.16,0.25,0.25,0.49
1787901903.6,0.21,-2.32,270.3,1.79,0.91,0.42,0.37,0.31,0.32,0.46,0.73,2.73,0.42,0.26,0.19,0.22,0.22,0.24,0.49
1787901904.0,0.21,-2.36,272.5,1.74,0.94,0.45,0.34,0.33,0.29,0.46,0.77,2.81,0.43,0.23,0.24,0.22,0.18,0.30,0.58
1787901904.5,0.21,-2.36,270.5,1.71,0.90,0.42,0.33,0.35,0.32,0.46,0.77,2.78,0.44,0.23,0.22,0.21,0.19,0.31,0.59
1787901904.9,0.22,-2.55,270.7,1.72,0.91,0.44,0.35,0.34,0.32,0.47,0.78,2.79,0.44,0.25,0.23,0.20,0.18,0.31,0.58
1787901905.4,0.21,-2.77,269.2,1.65,0.88,0.41,0.32,0.35,0.34,0.41,0.66,2.82,0.50,0.27,0.25,0.18,0.22,0.28,0.57
1787901905.8,0.21,-3.00,270.9,1.56,1.06,0.53,0.37,0.30,0.35,0.38,0.73,2.90,0.58,0.33,0.17,0.20,0.23,0.23,0.47
1787901906.2,0.20,-3.22,265.2,1.46,1.17,0.49,0.32,0.34,0.34,0.43,0.77,2.98,0.61,0.25,0.24,0.20,0.20,0.23,0.43
1787901906.7,0.19,-3.26,263.6,1.39,1.18,0.59,0.41,0.31,0.34,0.45,0.71,2.30,0.51,0.26,0.23,0.17,0.17,0.25,0.35
1787901909.3,0.19,-3.26,285.3,1.45,0.66,0.42,0.32,0.36,0.41,0.54,1.51,0.74,0.28,0.24,0.19,0.18,0.23,0.37,0.95
1787901909.7,0.25,-3.44,284.9,1.45,0.69,0.43,0.30,0.32,0.42,0.56,1.49,0.74,0.29,0.26,0.19,0.18,0.21,0.34,0.97
1787901910.2,0.29,-3.66,283.9,1.37,0.60,0.37,0.33,0.29,0.38,0.56,1.58,0.81,0.33,0.23,0.19,0.21,0.27,0.33,1.33
1787901910.6,0.34,-3.88,282.4,1.29,0.56,0.39,0.33,0.28,0.34,0.56,1.27,0.92,0.39,0.23,0.21,0.23,0.26,0.95,1.33
1787901911.1,0.40,-4.09,287.8,1.18,0.50,0.38,0.29,0.35,0.29,0.46,1.08,1.46,0.47,0.26,0.26,0.27,0.26,0.91,1.20
1787901911.5,0.45,-4.31,287.7,1.14,0.42,0.37,0.28,0.30,0.32,0.47,1.19,1.07,0.43,0.29,0.26,0.21,1.20,0.73,1.06
1787901912.0,0.46,-4.35,288.7,1.05,0.39,0.34,0.27,0.27,0.38,0.48,1.27,1.01,0.40,0.33,0.24,2.50,0.88,0.66,1.01
1787901918.4,0.46,-4.37,71.5,0.82,2.99,0.62,0.36,0.26,2.76,1.24,0.67,1.08,0.98,0.57,0.36,0.32,0.28,0.30,0.38
1787901924.4,0.47,-4.36,202.8,1.69,0.80,0.60,1.01,0.75,0.35,0.32,0.26,0.26,0.38,0.58,3.00,0.66,0.37,0.30,0.23
1787901928.1,0.47,-4.35,262.7,1.01,1.05,0.48,0.35,0.28,0.29,0.38,0.40,1.25,1.13,0.44,0.35,0.26,2.56,0.93,0.70
1787901928.6,0.44,-4.54,253.4,1.00,1.05,0.48,0.33,0.30,0.26,0.35,0.38,1.24,1.15,0.43,0.35,0.25,2.56,0.92,0.69
1787901929.0,0.39,-4.76,256.5,0.97,0.89,0.64,0.32,0.35,0.32,0.32,0.41,0.91,2.35,0.46,0.33,0.26,2.74,1.10,0.61
1787901929.5,0.33,-4.97,253.1,0.90,0.82,0.64,0.42,0.32,0.35,0.35,0.50,0.97,2.46,0.46,0.25,0.52,2.66,0.83,0.56
1787901929.9,0.26,-5.18,255.3,0.83,0.78,0.85,0.42,0.31,0.34,0.38,0.56,1.00,2.94,0.49,0.34,0.61,2.65,0.69,0.47
1787901930.5,0.25,-5.21,253.7,0.76,0.72,0.80,0.51,0.40,0.33,0.46,0.51,1.10,2.59,0.35,0.53,0.80,2.65,0.56,0.34
1787901934.3,0.24,-5.21,196.7,1.20,0.41,0.30,0.69,0.67,0.59,0.43,0.36,0.35,0.46,0.69,1.81,0.66,0.34,0.54,1.29
1787901939.5,0.24,-5.20,93.1,3.00,0.54,0.48,0.72,2.65,0.60,0.40,0.77,0.71,0.77,0.54,0.40,0.32,0.44,0.50,0.85
1787901939.9,0.23,-5.02,87.7,3.00,0.52,0.46,0.72,2.68,0.61,0.40,0.78,0.72,0.78,0.54,0.42,0.31,0.41,0.48,0.84
1787901940.4,0.24,-4.79,87.4,3.00,0.54,0.28,0.53,1.83,1.06,0.45,0.36,0.79,0.83,0.58,0.41,0.33,0.41,0.45,0.75
1787901940.8,0.25,-4.57,85.7,2.86,0.51,0.23,0.40,1.21,1.32,0.64,0.46,0.85,0.91,0.59,0.35,0.38,0.39,0.48,0.71
1787901941.3,0.26,-4.34,85.9,2.40,0.67,0.34,0.17,0.49,3.00,0.74,0.60,0.93,0.98,0.54,0.38,0.38,0.36,0.47,0.63
1787901941.7,0.26,-4.12,86.1,2.67,0.60,0.32,0.24,0.17,3.00,0.84,0.66,1.01,1.07,0.56,0.40,0.35,0.34,0.40,0.73
1787901942.1,0.27,-3.90,83.7,2.54,0.73,0.31,0.25,0.20,0.17,1.06,0.74,1.09,1.16,0.47,0.41,0.33,0.38,0.36,0.70
1787901942.6,0.27,-3.68,82.7,2.21,0.69,0.34,0.23,0.25,0.21,0.22,0.78,1.16,1.23,0.51,0.37,0.33,0.33,0.39,0.64
1787901943.2,0.27,-3.34,85.8,2.08,0.74,0.40,0.25,0.23,0.25,0.27,0.89,1.26,1.08,0.53,0.34,0.34,0.27,0.37,0.59
1787901943.8,0.30,-3.04,85.1,1.96,0.75,0.32,0.29,0.25,0.23,0.34,0.45,1.38,1.11,0.48,0.38,0.26,0.30,0.38,0.54
1787901944.4,0.33,-2.79,80.3,1.89,0.93,0.40,0.27,0.27,0.26,0.32,0.47,1.46,1.02,0.44,0.26,0.25,0.24,0.37,0.54
1787901944.8,0.33,-2.73,84.4,1.30,1.07,0.36,0.33,0.24,0.28,0.31,0.52,1.56,1.28,0.49,0.30,0.24,0.28,0.32,0.50
1787901951.2,0.34,-2.75,295.0,0.79,0.32,0.26,0.25,0.28,0.34,0.67,2.90,0.61,0.35,0.26,0.25,0.31,0.34,0.62,1.57
1787901952.9,0.34,-2.75,281.8,1.32,0.51,0.30,0.23,0.26,0.30,0.44,0.99,1.38,0.40,0.35,0.26,0.29,0.29,0.51,1.61
1787901953.4,0.39,-2.93,284.2,1.31,0.49,0.28,0.24,0.26,0.32,0.42,1.00,1.39,0.42,0.33,0.23,0.30,0.31,0.49,1.62
1787901953.8,0.44,-3.15,282.1,1.23,0.44,0.24,0.24,0.24,0.32,0.40,1.00,1.48,0.43,0.29,0.29,0.27,0.34,0.48,1.51
1787901954.2,0.50,-3.36,285.0,1.44,0.46,0.32,0.20,0.22,0.24,0.39,0.83,1.91,0.50,0.34,0.32,0.28,0.35,0.47,1.47
1787901954.7,0.54,-3.58,282.9,1.38,0.45,0.30,0.17,0.18,0.23,0.41,0.89,1.96,0.56,0.38,0.30,0.29,0.37,1.11,1.35
1787901955.1,0.58,-3.80,273.6,1.32,0.49,0.25,0.26,0.17,0.21,0.31,0.80,2.08,0.62,0.43,0.30,0.33,0.36,1.02,1.29
1787901955.6,0.63,-4.06,276.7,1.21,0.42,0.26,0.21,0.23,0.20,0.30,0.66,2.54,0.70,0.41,0.35,0.34,0.35,0.86,1.19
1787901956.1,0.63,-4.10,280.2,1.11,0.36,0.27,0.19,0.18,0.26,0.23,0.69,3.00,0.65,0.41,0.36,0.32,1.34,0.81,1.13
1787901963.3,0.64,-4.12,92.8,3.00,0.82,0.45,0.40,0.33,1.82,0.89,1.19,1.06,0.41,0.32,0.21,0.18,0.23,0.24,0.42
1787901963.7,0.63,-3.93,88.7,2.99,0.80,0.47,0.39,0.34,1.80,0.92,1.19,1.05,0.40,0.32,0.23,0.18,0.22,0.24,0.41
1787901964.2,0.63,-3.89,91.3,2.50,0.98,0.52,0.35,0.36,0.33,1.02,0.80,1.14,0.46,0.34,0.19,0.20,0.19,0.19,0.38
1787901970.1,0.64,-3.88,220.9,1.31,0.89,1.19,0.88,0.38,0.21,0.18,0.23,0.18,0.35,1.05,1.47,0.54,0.38,0.37,0.32
1787901970.6,0.64,-3.88,219.0,1.32,0.88,1.19,0.85,0.38,0.21,0.20,0.21,0.18,0.34,1.05,1.48,0.55,0.38,0.37,0.36
1787901971.1,0.64,-3.88,222.1,1.31,0.91,1.20,0.88,0.38,0.22,0.18,0.22,0.18,0.33,1.06,1.47,0.55,0.41,0.36,0.36
1787901971.6,0.64,-3.88,220.3,1.30,0.88,1.19,0.86,0.39,0.25,0.18,0.23,0.19,0.33,1.06,1.49,0.55,0.36,0.37,0.36
1787901972.1,0.64,-3.88,219.0,1.31,0.87,1.17,0.86,0.38,0.23,0.20,0.23,0.20,0.32,1.04,1.48,0.55,0.38,0.34,0.34
1787901972.5,0.64,-3.88,217.6,1.31,0.89,1.20,0.87,0.38,0.22,0.18,0.24,0.19,0.32,1.04,1.48,0.55,0.37,0.36,0.32
1787901973.1,0.64,-3.88,215.4,1.31,0.89,1.20,0.88,0.36,0.20,0.19,0.22,0.20,0.33,1.05,1.48,0.52,0.39,0.36,0.35
1787901975.2,0.77,-3.36,256.8,1.28,0.97,0.24,0.15,0.14,0.13,0.10,0.09,0.28,3.00,0.85,0.56,0.43,0.46,0.44,0.95
1787901977.3,0.77,-3.36,272.1,1.22,0.44,0.15,0.16,0.14,0.10,0.07,0.22,0.98,1.35,0.61,0.45,0.46,0.45,1.11,1.36
1787901977.7,0.77,-3.55,266.5,1.21,0.42,0.14,0.16,0.15,0.10,0.11,0.22,1.01,1.34,0.58,0.45,0.42,0.42,1.12,1.33
1787901978.2,0.77,-3.59,270.7,1.13,0.35,0.18,0.11,0.13,0.17,0.17,0.17,1.08,1.28,0.61,0.44,0.46,0.41,1.04,1.29
1787901984.7,0.76,-3.58,119.6,0.86,0.58,0.42,0.42,1.61,0.89,1.21,1.16,0.34,0.14,0.09,0.13,0.16,0.16,0.21,3.00
1787901985.2,0.68,-3.41,116.6,0.89,0.58,0.43,0.41,1.61,0.89,1.19,1.18,0.34,0.15,0.12,0.14,0.17,0.16,0.20,2.99
1787901985.6,0.58,-3.21,117.6,0.95,0.53,0.38,0.38,0.40,1.06,1.33,1.21,0.42,0.17,0.18,0.19,0.15,0.13,0.30,3.00
1787901986.0,0.49,-3.00,117.5,0.76,0.48,0.39,0.35,0.40,1.09,1.39,1.28,0.50,0.22,0.23,0.11,0.14,0.24,0.51,3.00
1787901986.6,0.38,-2.77,110.1,0.79,0.42,0.36,0.29,0.33,0.43,1.05,1.33,0.59,0.30,0.18,0.17,0.21,0.28,0.47,3.00
1787901987.0,0.29,-2.56,114.6,0.71,0.46,0.32,0.29,0.29,0.41,1.08,1.43,0.69,0.39,0.22,0.22,0.23,0.33,0.58,2.98
1787901987.5,0.28,-2.53,116.7,0.62,0.39,0.24,0.28,0.26,0.36,0.56,1.51,0.77,0.44,0.28,0.23,0.31,0.36,0.71,2.92
1787901989.8,0.28,-2.53,102.0,3.00,0.46,0.35,0.25,0.26,0.27,0.45,1.14,1.51,0.62,0.29,0.26,0.24,0.34,0.39,0.75
1787901990.2,0.24,-2.35,100.8,2.98,0.48,0.38,0.26,0.27,0.27,0.46,1.14,1.53,0.63,0.29,0.27,0.27,0.32,0.38,0.74
1787901990.7,0.21,-2.13,97.0,2.89,0.52,0.32,0.24,0.25,0.27,0.35,1.23,1.59,0.56,0.33,0.24,0.29,0.30,0.40,0.71
1787901991.1,0.17,-1.91,97.2,2.81,0.48,0.28,0.28,0.20,0.30,0.34,0.71,1.66,0.62,0.35,0.30,0.30,0.28,0.45,0.82
1787901991.6,0.14,-1.68,97.4,2.73,0.43,0.28,0.24,0.27,0.23,0.38,0.72,1.76,0.67,0.35,0.31,0.28,0.29,0.45,0.77
1787901992.0,0.14,-1.65,98.8,2.66,0.39,0.27,0.20,0.21,0.24,0.38,0.79,1.84,0.54,0.39,0.33,0.27,0.34,0.50,0.97
1787901994.5,0.14,-1.65,76.5,1.06,1.45,0.36,0.25,0.19,0.23,0.26,0.41,0.83,1.90,0.54,0.39,0.28,0.27,0.34,0.46
1787901995.0,0.18,-1.47,74.1,1.06,1.47,0.37,0.24,0.18,0.24,0.27,0.42,0.83,1.87,0.54,0.38,0.28,0.27,0.36,0.46
1787901995.5,0.24,-1.25,78.3,0.91,2.59,0.52,0.28,0.22,0.21,0.30,0.33,0.86,1.94,0.56,0.38,0.27,0.28,0.31,0.40
1787901995.9,0.26,-1.21,76.2,0.85,2.50,0.61,0.30,0.27,0.25,0.25,0.39,0.92,2.03,0.50,0.29,0.26,0.25,0.33,0.32
1787901998.3,0.26,-1.22,95.0,2.53,0.67,0.43,0.27,0.23,0.25,0.40,0.69,1.97,0.61,0.36,0.25,0.27,0.29,0.31,0.54
1787901998.8,0.25,-1.03,92.2,2.54,0.66,0.43,0.29,0.25,0.25,0.40,0.68,1.96,0.63,0.36,0.24,0.25,0.28,0.33,0.53
1787901999.2,0.24,-0.81,95.3,2.44,0.83,0.41,0.24,0.24,0.27,0.41,0.68,2.06,0.59,0.33,0.27,0.25,0.29,0.26,0.52
1787901999.8,0.22,-0.54,96.3,2.35,0.76,0.38,0.33,0.22,0.29,0.34,0.77,2.14,0.61,0.34,0.27,0.27,0.23,0.33,0.69
1787902000.2,0.21,-0.31,92.6,2.24,0.72,0.40,0.29,0.28,0.25,0.35,0.61,2.23,0.69,0.36,0.28,0.21,0.27,0.30,0.62
1787902000.6,0.19,-0.09,92.9,2.14,0.77,0.38,0.31,0.30,0.25,0.36,0.64,2.30,0.72,0.34,0.25,0.25,0.26,0.27,0.56
1787902001.1,0.19,0.13,91.3,2.04,0.74,0.35,0.32,0.28,0.32,0.30,0.54,2.39,0.66,0.40,0.23,0.26,0.24,0.28,0.51
1787902001.5,0.18,0.35,93.7,1.96,0.83,0.48,0.29,0.28,0.30,0.36,0.57,2.50,0.61,0.28,0.27,0.21,0.21,0.34,0.47
1787902002.0,0.18,0.57,90.5,1.88,0.76,0.43,0.27,0.27,0.30,0.46,0.64,2.56,0.67,0.33,0.24,0.18,0.23,0.35,0.49
1787902002.4,0.18,0.79,93.5,1.80,0.71,0.41,0.37,0.24,0.33,0.38,0.64,2.66,0.69,0.36,0.21,0.22,0.27,0.30,0.45
1787902002.8,0.18,1.01,89.3,1.73,0.85,0.42,0.33,0.31,0.30,0.38,0.56,2.72,0.74,0.30,0.21,0.27,0.26,0.26,0.45
1787902003.3,0.18,1.05,87.4,1.68,0.92,0.42,0.32,0.35,0.29,0.40,0.63,2.80,0.75,0.27,0.26,0.24,0.21,0.22,0.48
1787902010.7,0.18,1.07,260.7,1.71,0.94,0.31,0.24,0.24,0.18,0.21,0.31,0.90,1.71,0.56,0.37,0.34,0.31,0.35,0.61
1787902011.1,0.15,0.89,259.7,1.70,0.93,0.31,0.25,0.25,0.21,0.22,0.31,0.90,1.71,0.55,0.36,0.33,0.31,0.35,0.60
1787902011.6,0.10,0.67,260.7,1.63,1.15,0.42,0.23,0.23,0.25,0.26,0.36,0.97,1.77,0.46,0.33,0.33,0.27,0.36,0.55
1787902012.0,0.05,0.45,256.9,1.03,1.57,0.41,0.27,0.22,0.25,0.30,0.34,1.02,1.86,0.51,0.38,0.27,0.27,0.32,0.48
1787902012.5,0.00,0.24,258.1,0.90,1.84,0.56,0.34,0.25,0.23,0.33,0.39,0.91,1.94,0.49,0.39,0.25,0.25,0.28,0.41
1787902012.9,-0.00,0.20,258.0,0.85,1.75,0.58,0.30,0.29,0.26,0.33,0.46,1.17,1.27,0.47,0.25,0.25,0.22,0.28,0.34
1787902019.3,-0.01,0.22,114.2,0.82,0.45,0.24,0.26,0.22,0.36,0.36,2.47,1.00,0.52,0.34,0.26,0.25,0.38,0.50,1.98
1787902019.7,-0.07,0.39,106.6,0.80,0.45,0.26,0.23,0.21,0.32,0.37,2.50,1.00,0.50,0.32,0.26,0.27,0.44,0.52,1.98
1787902020.2,-0.08,0.44,101.9,0.77,0.40,0.21,0.20,0.21,0.24,0.39,1.20,1.24,0.58,0.40,0.28,0.32,0.40,0.52,1.59
1787902020.7,-0.08,0.44,107.2,0.75,0.38,0.24,0.20,0.23,0.24,0.38,1.21,1.21,0.55,0.38,0.26,0.31,0.39,0.53,1.58
1787902022.6,-0.08,0.44,92.8,1.88,0.50,0.37,0.19,0.21,0.22,0.33,0.42,2.53,0.74,0.39,0.29,0.31,0.38,0.43,0.82
1787902023.1,-0.09,0.67,94.0,1.84,0.50,0.33,0.18,0.22,0.22,0.33,0.41,2.54,0.74,0.42,0.30,0.28,0.37,0.41,0.82
1787902023.5,-0.11,0.89,92.1,1.82,0.46,0.32,0.26,0.15,0.23,0.28,0.47,2.66,0.80,0.45,0.29,0.33,0.35,0.41,0.76
1787902024.0,-0.11,1.11,93.5,1.79,0.58,0.29,0.28,0.25,0.18,0.29,0.52,2.74,0.85,0.44,0.31,0.35,0.31,0.36,0.70
1787902024.4,-0.12,1.34,92.8,1.67,0.51,0.30,0.23,0.26,0.24,0.25,0.58,2.83,0.89,0.38,0.34,0.31,0.29,0.39,0.77
1787902024.9,-0.14,1.55,92.7,1.61,0.45,0.26,0.21,0.19,0.27,0.28,0.51,2.91,0.85,0.39,0.37,0.28,0.30,0.43,0.78
1787902025.4,-0.15,1.83,94.8,1.50,0.49,0.33,0.21,0.18,0.24,0.34,0.57,3.00,0.74,0.45,0.31,0.28,0.29,0.42,0.74
1787902025.9,-0.18,2.10,90.9,1.44,0.61,0.27,0.24,0.18,0.23,0.27,0.44,2.99,0.82,0.47,0.29,0.27,0.33,0.36,0.63
1787902026.4,-0.17,2.32,89.3,1.34,0.56,0.28,0.22,0.22,0.20,0.27,0.51,3.00,0.89,0.44,0.29,0.28,0.33,0.35,0.58
1787902026.8,-0.16,2.54,91.5,1.26,0.53,0.29,0.20,0.25,0.21,0.30,0.56,2.99,0.77,0.37,0.28,0.30,0.32,0.37,0.53
1787902027.3,-0.16,2.77,87.0,1.19,0.65,0.29,0.21,0.17,0.25,0.25,0.62,3.00,0.75,0.36,0.32,0.28,0.28,0.42,0.68
1787902027.7,-0.16,2.80,90.5,1.14,1.10,0.34,0.22,0.21,0.20,0.32,0.52,3.00,0.80,0.38,0.34,0.26,0.29,0.38,0.65
1787902028.3,-0.16,2.80,91.0,1.13,1.09,0.34,0.23,0.20,0.20,0.32,0.52,3.00,0.80,0.37,0.33,0.26,0.30,0.38,0.63
1787902028.8,-0.15,2.99,87.2,1.14,1.10,0.32,0.23,0.20,0.19,0.31,0.48,3.00,0.81,0.40,0.33,0.27,0.32,0.35,0.61
1787902029.2,-0.15,3.21,86.0,0.99,1.02,0.31,0.28,0.18,0.21,0.22,0.43,2.39,0.90,0.42,0.28,0.25,0.28,0.32,0.57
1787902029.7,-0.13,3.47,84.0,0.87,0.94,0.43,0.26,0.25,0.22,0.27,0.47,1.69,0.96,0.45,0.30,0.28,0.28,0.25,0.50
1787902030.2,-0.11,3.69,86.3,0.78,0.86,0.42,0.26,0.24,0.26,0.29,0.54,1.47,1.04,0.43,0.30,0.28,0.20,0.36,0.47
1787902030.7,-0.11,3.73,83.0,0.70,0.78,1.01,0.32,0.23,0.26,0.30,0.44,1.55,0.85,0.36,0.31,0.20,0.23,0.33,0.38
1787902031.1,-0.11,3.73,84.9,0.70,0.77,1.02,0.34,0.24,0.27,0.31,0.46,1.57,0.86,0.36,0.30,0.20,0.22,0.32,0.41
1787902031.5,-0.10,3.90,86.1,0.70,0.78,1.00,0.32,0.22,0.25,0.31,0.43,1.56,0.86,0.38,0.30,0.18,0.21,0.30,0.40
1787902032.0,-0.10,4.14,89.3,0.66,0.72,0.94,0.30,0.27,0.25,0.36,0.49,2.82,0.71,0.36,0.20,0.22,0.26,0.30,0.54
1787902032.4,-0.08,4.36,86.4,0.60,0.61,0.72,0.91,0.29,0.29,0.35,0.54,2.88,0.75,0.37,0.23,0.26,0.25,0.24,0.52
1787902032.9,-0.07,4.40,86.2,0.47,0.49,0.63,0.91,0.28,0.32,0.33,0.54,2.89,0.82,0.27,0.27,0.19,0.20,0.20,0.47
1787902036.3,-0.07,4.40,123.0,0.59,0.93,0.81,0.29,0.32,0.47,1.28,1.35,0.46,0.26,0.23,0.22,0.20,0.40,0.46,0.52
1787902036.9,-0.20,4.59,124.6,0.60,0.91,0.80,0.30,0.32,0.49,1.25,1.36,0.47,0.24,0.22,0.20,0.21,0.40,0.48,0.51
1787902037.4,-0.25,4.67,123.8,0.47,0.70,0.80,0.76,0.26,0.35,0.69,2.72,0.60,0.36,0.29,0.24,0.28,0.43,0.41,0.39
1787902041.2,-0.25,4.67,162.8,0.84,0.78,0.27,0.33,0.58,3.00,0.62,0.36,0.28,0.24,0.27,0.41,0.39,0.40,0.47,0.53
1787902041.7,-0.42,4.73,162.0,0.82,0.76,0.25,0.34,0.58,3.00,0.64,0.37,0.27,0.25,0.26,0.41,0.38,0.41,0.46,0.54
1787902042.1,-0.63,4.79,158.1,0.75,0.67,1.25,0.26,0.34,2.99,0.91,0.44,0.37,0.28,0.39,0.48,0.43,0.35,0.41,0.53
1787902042.5,-0.84,4.87,161.5,0.69,0.57,1.21,1.54,0.30,3.00,1.05,0.53,0.45,0.38,0.48,0.43,0.43,0.36,0.37,0.55
1787902043.0,-1.05,4.93,164.4,0.60,0.52,1.18,1.48,0.70,0.37,1.19,0.59,0.53,0.45,0.55,0.44,0.33,0.31,0.34,0.55
1787902043.5,-1.26,4.99,163.3,0.52,0.42,1.10,1.40,0.71,0.71,1.31,0.71,0.60,0.53,0.62,0.48,0.33,0.27,0.28,0.51
1787902044.0,-1.35,5.02,161.4,0.42,0.34,0.41,1.19,0.81,0.79,0.34,0.96,0.69,0.65,0.55,0.35,0.28,0.22,0.30,0.43
1787902048.5,-1.35,5.03,245.6,1.58,0.70,0.57,1.03,0.75,0.62,0.67,0.35,0.29,0.24,0.22,0.38,0.44,0.36,0.37,1.08
1787902049.0,-1.42,4.86,243.0,1.58,0.72,0.57,1.03,0.77,0.61,0.68,0.37,0.30,0.24,0.25,0.40,0.42,0.38,0.38,1.08
1787902049.4,-1.53,4.67,240.7,1.51,0.64,0.69,0.28,0.75,0.66,0.74,0.59,0.35,0.31,0.36,0.45,0.41,0.33,0.37,1.04
1787902049.9,-1.64,4.42,244.2,1.39,0.59,0.63,0.46,0.25,0.74,0.75,0.70,0.49,0.38,0.46,0.49,0.30,0.27,0.30,0.96
1787902050.4,-1.76,4.23,242.4,1.30,0.55,0.55,0.48,0.31,0.28,0.77,0.75,0.56,0.46,0.54,0.46,0.25,0.26,0.74,0.91
1787902050.8,-1.87,4.04,237.2,1.23,0.48,0.46,0.58,0.43,0.29,0.28,0.84,0.63,0.54,0.60,0.28,0.26,0.21,0.77,0.87
1787902051.4,-1.90,3.97,239.2,1.12,0.39,0.35,0.47,0.43,0.40,0.37,1.04,0.75,0.65,0.65,0.29,0.22,0.55,0.68,0.78
1787902058.8,-1.92,3.95,55.9,0.77,0.62,0.66,0.29,0.18,0.45,0.68,0.73,1.01,0.40,0.37,0.47,0.51,0.44,0.36,1.00
1787902059.3,-1.81,4.10,57.4,0.76,0.62,0.66,0.29,0.20,0.44,0.68,0.74,1.00,0.38,0.38,0.45,0.51,0.43,0.34,1.03
1787902059.7,-1.67,4.28,55.2,0.69,0.55,0.62,0.35,0.25,0.18,0.69,0.77,1.09,0.46,0.41,0.51,0.42,0.33,0.33,0.95
1787902060.2,-1.50,4.49,56.5,0.59,0.48,0.52,0.54,0.27,0.27,0.30,0.77,1.17,0.57,0.50,0.56,0.40,0.25,0.27,0.87
1787902060.8,-1.34,4.72,55.1,0.51,0.41,0.41,0.51,0.43,0.29,0.33,0.91,1.28,0.63,0.64,0.45,0.24,0.19,0.68,0.80
1787902061.4,-1.33,4.74,54.4,0.45,0.35,0.31,0.46,0.46,0.36,0.36,0.98,1.35,0.69,0.65,0.28,0.20,0.68,0.62,0.70
1787902067.5,-1.33,4.72,262.0,0.61,0.64,0.24,0.72,0.63,0.68,0.57,0.41,0.33,0.34,0.49,0.47,0.34,0.39,1.07,1.49
1787902067.9,-1.36,4.54,266.3,0.61,0.66,0.24,0.73,0.64,0.70,0.58,0.43,0.32,0.33,0.49,0.48,0.33,0.40,1.07,1.51
1787902068.6,-1.40,4.25,259.2,0.53,0.56,0.35,0.16,0.14,0.66,0.66,0.52,0.43,0.45,0.57,0.41,0.38,0.90,1.06,0.64
1787902069.0,-1.42,4.18,258.8,0.43,0.46,0.32,0.22,0.16,0.17,0.82,0.60,0.53,0.58,0.62,0.37,0.39,0.88,0.98,0.55
1787902072.2,-1.42,4.18,224.9,1.09,0.54,0.45,0.47,0.31,0.18,0.18,0.19,0.73,0.60,0.53,0.63,0.55,0.38,0.40,0.89
1787902072.7,-1.56,4.05,218.8,1.08,0.54,0.45,0.48,0.32,0.17,0.18,0.18,0.76,0.60,0.52,0.62,0.55,0.38,0.40,0.88
1787902073.1,-1.72,3.89,218.9,0.92,0.45,0.35,0.46,0.42,0.33,0.20,0.24,0.92,0.70,0.54,0.66,0.38,0.32,0.64,0.83
1787902073.5,-1.90,3.76,217.7,0.84,1.16,0.38,0.35,0.43,0.38,0.34,0.28,0.99,0.74,0.63,0.69,0.35,0.27,0.72,0.75
1787902074.0,-2.07,3.62,212.5,0.74,1.07,0.33,0.30,0.44,0.47,0.43,0.34,1.06,0.82,0.69,0.72,0.29,0.29,0.66,0.66
1787902074.4,-2.25,3.48,220.4,0.68,0.98,0.29,0.29,0.29,0.50,0.46,0.42,1.14,0.89,0.78,0.36,0.25,0.46,0.58,0.58
1787902074.9,-2.42,3.34,217.3,0.61,0.89,1.23,0.25,0.26,0.46,0.50,0.50,1.21,0.92,0.84,0.28,0.35,0.45,0.56,0.51
1787902075.5,-2.49,3.29,218.0,0.50,0.73,1.21,0.38,0.20,0.29,0.62,0.64,1.33,1.00,0.89,0.32,0.42,0.51,0.50,0.42
1787902082.3,-2.48,3.30,58.6,0.95,0.34,0.30,0.41,0.48,0.48,0.44,0.48,0.75,1.22,0.40,0.21,0.30,0.61,0.61,1.33
1787902084.0,-2.48,3.31,48.1,1.23,0.89,0.31,0.37,0.43,0.47,0.43,0.47,0.55,0.87,1.13,0.18,0.29,0.37,0.58,0.61
1787902084.5,-2.36,3.44,46.7,1.23,0.91,0.32,0.38,0.42,0.47,0.43,0.50,0.53,0.89,1.14,0.18,0.27,0.34,0.61,0.61
1787902085.0,-2.16,3.64,49.2,1.14,0.79,0.40,0.25,0.39,0.53,0.55,0.53,0.62,0.96,0.48,0.26,0.29,0.58,0.56,0.54
1787902085.4,-2.01,3.79,45.4,1.06,0.73,0.74,0.21,0.28,0.46,0.58,0.57,0.71,1.33,0.30,0.33,0.44,0.50,0.51,0.50
1787902085.9,-1.85,3.95,52.9,0.97,0.67,0.70,0.30,0.19,0.43,0.62,0.62,0.77,1.40,0.36,0.34,0.48,0.43,0.42,0.44
1787902086.4,-1.82,3.98,43.8,0.88,0.63,0.66,0.53,0.27,0.22,0.65,0.74,0.86,1.52,0.43,0.44,0.54,0.41,0.33,0.37
1787902090.0,-1.82,3.97,89.3,0.62,0.58,0.28,0.20,0.66,0.73,0.82,1.21,0.43,0.41,0.52,0.42,0.32,0.35,0.89,0.67
1787902090.5,-1.81,4.16,84.5,0.65,0.57,0.28,0.21,0.65,0.72,0.82,1.23,0.41,0.41,0.53,0.43,0.32,0.36,0.89,0.68
1787902090.9,-1.79,4.39,86.2,0.54,0.58,0.25,0.23,0.20,0.75,0.85,1.22,0.51,0.47,0.59,0.43,0.32,0.81,0.85,0.62
1787902091.4,-1.78,4.43,83.9,0.44,0.49,0.39,0.22,0.21,0.22,0.82,1.22,0.57,0.59,0.56,0.35,0.32,0.83,0.78,0.50
1787902097.7,-1.77,4.44,234.2,1.00,0.60,0.54,0.61,0.49,0.32,0.79,0.92,0.59,0.40,0.49,0.45,0.21,0.22,0.20,0.80
1787902098.2,-1.88,4.31,229.7,0.98,0.60,0.50,0.62,0.47,0.33,0.77,0.92,0.58,0.42,0.49,0.45,0.23,0.22,0.20,0.81
1787902098.8,-2.11,4.07,227.8,0.83,1.56,0.49,0.55,0.55,0.41,0.40,0.97,0.69,0.51,0.56,0.23,0.17,0.15,0.19,0.71
1787902099.2,-2.26,3.90,227.5,0.75,1.20,0.42,0.42,0.58,0.53,0.43,1.06,0.80,0.61,0.61,0.19,0.11,0.18,0.56,0.63
1787902099.8,-2.44,3.70,227.0,0.65,1.08,0.36,0.41,0.55,0.56,0.53,1.10,0.90,0.69,0.25,0.15,0.17,0.34,0.49,0.52
1787902100.2,-2.59,3.53,230.2,0.58,0.99,1.26,0.33,0.39,0.65,0.59,0.60,0.96,0.79,0.19,0.19,0.32,0.47,0.48,0.45
1787902100.7,-2.61,3.50,230.8,0.50,0.89,1.21,0.29,0.37,0.63,0.66,0.67,1.03,0.29,0.22,0.32,0.32,0.41,0.42,0.39
1787902102.7,-2.61,3.50,242.4,0.74,1.27,0.50,0.31,0.39,0.62,0.61,1.21,0.85,0.23,0.28,0.34,0.44,0.43,0.37,0.49
1787902103.1,-2.70,3.34,240.8,0.74,1.30,0.49,0.31,0.40,0.63,0.61,1.19,0.85,0.23,0.27,0.34,0.44,0.43,0.40,0.48
1787902103.6,-2.81,3.15,239.6,0.64,1.30,0.51,0.25,0.36,0.70,0.68,1.38,0.92,0.30,0.35,0.37,0.38,0.38,0.33,0.41
1787902104.0,-2.84,3.11,239.5,0.57,1.15,1.62,0.40,0.25,0.43,0.79,1.49,1.00,0.36,0.42,0.48,0.39,0.28,0.32,0.37
1787902106.3,-2.84,3.11,257.7,0.80,1.09,0.39,0.27,0.40,0.74,0.81,1.11,0.40,0.43,0.41,0.40,0.32,0.30,0.34,0.46
1787902106.8,-2.87,2.93,259.5,0.80,1.08,0.40,0.23,0.39,0.73,0.83,1.11,0.38,0.42,0.43,0.38,0.32,0.32,0.35,0.44
1787902107.3,-2.92,2.71,257.1,0.69,1.02,0.38,0.34,0.23,0.74,0.82,1.25,0.46,0.50,0.43,0.42,0.28,0.29,0.32,0.44
1787902107.7,-2.97,2.49,255.9,0.62,0.94,0.54,0.32,0.29,0.21,0.82,1.33,0.54,0.55,0.50,0.33,0.28,0.25,0.24,0.41
1787902108.2,-2.98,2.46,254.0,0.53,0.90,1.57,0.28,0.29,0.28,0.91,1.42,0.63,0.62,0.55,0.30,0.25,0.19,0.23,0.34
1787902110.6,-2.98,2.46,273.0,0.94,1.49,0.40,0.29,0.30,0.28,1.56,1.24,0.63,0.66,0.32,0.25,0.20,0.19,0.33,0.46
1787902111.1,-2.97,2.27,272.2,0.92,1.48,0.41,0.28,0.29,0.28,1.59,1.25,0.66,0.65,0.32,0.28,0.20,0.19,0.34,0.46
1787902111.5,-2.97,2.04,271.1,0.86,0.82,0.44,0.25,0.27,0.31,1.03,1.29,0.72,0.73,0.32,0.24,0.18,0.22,0.30,0.41
1787902112.0,-2.97,2.00,267.8,0.74,0.71,1.36,0.35,0.23,0.31,0.36,1.41,0.77,0.81,0.37,0.21,0.19,0.23,0.24,0.34
1787902112.5,-2.97,2.00,266.4,0.75,0.73,1.35,0.35,0.22,0.33,0.37,1.44,0.79,0.81,0.37,0.20,0.19,0.24,0.26,0.35
1787902116.0,-2.98,2.01,309.2,1.47,0.37,0.24,0.29,0.34,1.56,0.77,0.79,0.40,0.23,0.20,0.22,0.27,0.31,0.75,0.71
1787902118.1,-2.98,2.01,291.7,0.75,1.15,0.34,0.25,0.35,0.38,1.38,0.80,0.66,0.32,0.19,0.21,0.24,0.26,0.38,0.76
1787902118.5,-2.90,1.84,292.3,0.74,1.16,0.32,0.25,0.32,0.37,1.39,0.80,0.68,0.35,0.21,0.21,0.24,0.26,0.38,0.75
1787902118.9,-2.79,1.64,294.2,0.64,1.09,0.30,0.23,0.24,0.34,1.46,0.87,0.76,0.37,0.24,0.25,0.25,0.27,0.34,0.69
1787902119.4,-2.70,1.43,293.7,0.59,1.17,0.85,0.24,0.21,0.33,1.58,0.93,0.83,0.36,0.28,0.27,0.25,0.27,0.57,0.61
1787902119.8,-2.62,1.23,294.3,0.52,1.15,0.83,0.22,0.22,0.23,0.48,0.98,0.91,0.39,0.33,0.26,0.29,0.26,0.55,0.54
1787902120.3,-2.60,1.19,294.8,0.44,1.09,0.76,0.66,0.19,0.25,0.49,1.07,0.98,0.44,0.35,0.29,0.23,0.40,0.51,0.41
1787902127.1,-2.61,1.17,88.2,1.06,1.07,0.46,0.34,0.28,0.25,0.31,0.49,0.43,0.40,1.10,0.76,0.66,0.20,0.26,0.29
1787902133.2,-2.59,1.16,315.4,1.04,0.76,0.70,0.22,0.25,0.50,1.09,0.94,0.42,0.31,0.28,0.26,0.41,0.50,0.40,0.43
1787902133.8,-2.44,1.04,317.4,1.03,0.77,0.68,0.19,0.25,0.53,1.10,0.95,0.44,0.33,0.29,0.23,0.41,0.47,0.42,0.43
1787902134.3,-2.41,1.02,314.5,0.97,0.69,0.57,0.69,0.18,0.28,1.10,1.07,0.51,0.38,0.29,0.30,0.46,0.44,0.34,0.37
1787902137.8,-2.42,1.02,357.2,0.58,0.66,0.85,0.26,1.71,1.16,0.56,0.43,0.31,0.29,0.43,0.45,0.36,0.33,1.08,0.72
1787902138.3,-2.23,0.99,354.4,0.61,0.65,0.84,0.26,1.70,1.16,0.56,0.43,0.33,0.29,0.45,0.48,0.35,0.35,1.10,0.71
1787902138.8,-1.97,0.97,349.8,0.54,0.58,0.64,0.72,0.23,1.18,0.82,0.57,0.43,0.36,0.54,0.48,0.30,0.36,0.96,0.64
1787902139.5,-1.80,0.95,351.2,0.43,0.40,0.52,0.78,0.73,0.46,1.18,0.70,0.57,0.51,0.63,0.35,0.33,0.86,0.83,0.49
1787902143.3,-1.79,0.94,309.4,0.64,0.47,0.39,0.44,0.54,0.46,0.72,0.44,0.96,0.71,0.55,0.55,0.60,0.36,0.84,0.89
1787902143.7,-1.67,0.80,312.2,0.64,0.47,0.39,0.44,0.53,0.79,0.71,0.46,0.97,0.69,0.56,0.55,0.58,0.34,0.83,0.88
1787902144.3,-1.62,0.74,309.6,0.54,0.41,0.39,0.30,0.46,0.74,0.78,0.55,1.08,0.79,0.58,0.64,0.36,0.29,0.75,0.81
1787902149.7,-1.63,0.73,53.9,0.58,0.75,0.74,0.27,0.81,0.65,0.59,0.58,0.28,0.77,0.77,0.78,0.47,0.41,0.32,0.41
1787902150.1,-1.51,0.88,50.9,0.57,0.75,0.75,0.28,0.79,0.64,0.58,0.57,0.28,0.76,0.77,0.77,0.46,0.39,0.31,0.43
1787902150.6,-1.49,0.91,50.1,0.49,0.73,0.69,0.49,0.27,0.72,0.61,0.72,0.39,0.86,0.82,0.76,0.39,0.35,0.27,0.35
1787902156.4,-1.48,0.89,280.7,0.86,0.53,0.36,0.31,0.25,0.38,0.51,0.67,0.68,0.45,0.82,0.69,0.66,0.64,0.35,0.81
1787902156.8,-1.44,0.71,283.6,0.86,0.54,0.35,0.30,0.26,0.37,0.51,0.67,0.68,0.46,0.82,0.69,0.64,0.64,0.37,0.79
1787902157.3,-1.41,0.46,279.2,0.79,0.50,0.34,0.33,0.26,0.32,0.53,0.74,0.73,0.42,0.88,0.67,0.71,0.39,0.90,0.73
1787902157.9,-1.34,0.16,279.2,0.67,0.62,0.36,0.27,0.32,0.27,0.46,0.92,0.88,0.45,0.93,0.66,0.70,0.23,0.82,0.62
1787902158.5,-1.29,-0.11,281.2,0.56,0.57,0.29,0.28,0.32,0.35,0.35,1.01,0.98,1.54,0.96,0.70,0.53,1.14,0.71,0.50
1787902158.9,-1.27,-0.33,280.2,0.50,0.51,0.40,0.25,0.26,0.30,0.41,1.09,1.05,1.57,0.91,0.39,2.33,0.89,0.57,0.42
1787902159.5,-1.26,-0.37,283.4,0.39,0.40,0.37,0.23,0.24,0.28,0.40,0.88,1.14,1.65,0.95,0.50,2.32,0.72,0.44,0.34
1787902166.7,-1.27,-0.35,106.0,1.17,1.37,0.30,0.56,1.52,0.65,0.38,0.34,0.40,0.43,0.34,0.22,0.25,0.30,0.45,1.16
1787902167.3,-1.31,-0.17,103.1,1.16,1.36,0.30,0.56,1.52,0.65,0.38,0.34,0.40,0.42,0.35,0.22,0.29,0.30,0.45,1.16
1787902167.7,-1.36,0.05,101.2,1.10,1.35,0.83,0.42,2.06,0.79,0.51,0.41,0.47,0.52,0.37,0.26,0.28,0.32,0.45,1.09
1787902168.2,-1.41,0.27,105.3,0.99,1.45,0.85,0.71,2.32,1.08,0.66,0.47,0.55,0.56,0.29,0.30,0.28,0.35,0.39,1.01
1787902168.7,-1.46,0.51,100.5,0.94,1.42,0.86,0.67,0.29,1.14,0.76,0.57,0.65,0.56,0.35,0.29,0.30,0.31,0.53,0.91
1787902169.3,-1.49,0.62,104.9,0.80,0.36,0.86,0.63,0.68,0.30,0.86,0.68,0.76,0.67,0.37,0.35,0.31,0.33,0.56,0.78
1787902175.5,-1.48,0.64,232.1,0.27,0.75,0.71,0.78,0.43,0.32,0.31,0.27,0.46,0.85,0.81,0.55,0.89,0.70,0.65,0.55
1787902178.8,-1.48,0.64,268.8,0.68,0.77,0.45,0.34,0.35,0.28,0.42,0.62,0.82,0.64,1.11,0.80,0.61,0.67,0.30,0.84
1787902179.3,-1.49,0.45,268.9,0.67,0.77,0.46,0.34,0.34,0.28,0.42,0.60,0.82,0.64,1.11,0.78,0.61,0.68,0.27,0.85
1787902179.7,-1.49,0.23,267.4,0.61,0.69,0.59,0.38,0.32,0.33,0.34,0.65,0.89,0.67,1.12,0.75,0.61,0.57,0.18,0.77
1787902180.1,-1.51,0.01,268.6,0.51,0.60,0.55,0.37,0.32,0.37,0.39,0.72,0.97,0.73,1.12,0.75,0.66,0.16,0.90,0.66
1787902180.6,-1.51,-0.04,265.3,0.44,0.53,0.58,0.36,0.36,0.32,0.42,0.76,1.03,0.56,1.02,0.64,0.36,1.46,0.75,0.55
1787902183.8,-1.52,-0.04,228.9,0.67,0.49,0.44,0.55,0.50,0.32,0.33,0.39,0.43,0.84,1.05,1.65,0.95,0.66,0.44,1.25
1787902184.3,-1.64,-0.18,228.2,0.66,0.49,0.45,0.55,0.50,0.33,0.35,0.40,0.45,0.84,1.04,1.65,0.93,0.64,0.43,1.27
1787902184.7,-1.81,-0.32,226.8,0.58,0.45,0.37,0.48,0.56,0.48,0.40,0.39,0.50,0.92,1.07,1.69,0.15,0.28,2.12,1.21
1787902185.2,-2.02,-0.51,221.4,0.54,0.44,0.34,0.33,0.49,0.55,0.43,0.48,0.61,0.97,1.14,0.16,0.22,0.28,1.42,1.25
1787902185.7,-2.05,-0.53,221.2,0.45,0.39,0.30,0.29,0.38,0.63,0.56,0.56,0.70,1.22,0.23,0.25,0.26,0.39,1.97,1.02
1787902187.9,-2.05,-0.53,205.7,0.79,0.41,0.35,0.28,0.27,0.48,0.58,0.47,0.57,0.70,1.28,0.23,0.26,0.28,0.56,1.93
1787902188.5,-2.05,-0.53,208.3,0.80,0.41,0.37,0.28,0.26,0.51,0.57,0.48,0.57,0.71,1.26,0.25,0.26,0.29,0.53,1.94
1787902191.0,-2.05,-0.53,192.7,2.01,0.77,0.40,0.33,0.28,0.29,0.52,0.60,0.51,0.59,0.87,0.23,0.24,0.26,0.29,0.76
1787902191.5,-2.27,-0.55,187.2,2.03,0.76,0.40,0.33,0.28,0.30,0.52,0.59,0.50,0.60,0.88,0.22,0.25,0.26,0.27,0.77
1787902192.0,-2.52,-0.59,185.0,1.87,0.72,0.36,0.34,0.31,0.31,0.39,0.67,0.60,0.69,0.95,0.26,0.25,0.22,0.26,0.68
1787902192.4,-2.74,-0.61,189.6,1.79,0.65,0.41,0.29,0.33,0.33,0.39,0.79,0.68,0.79,0.31,0.28,0.22,0.21,0.30,0.64
1787902192.8,-2.96,-0.66,186.1,1.75,0.65,0.37,0.27,0.30,0.35,0.40,0.86,0.76,0.91,0.33,0.22,0.19,0.22,0.31,0.70
1787902193.3,-3.18,-0.69,188.2,1.67,0.58,0.44,0.31,0.24,0.35,0.39,0.88,0.84,0.91,0.34,0.20,0.20,0.25,0.31,0.71
1787902193.8,-3.43,-0.72,187.3,1.57,0.65,0.43,0.28,0.29,0.29,0.42,0.90,0.91,1.05,0.25,0.22,0.25,0.22,0.40,0.68
1787902194.3,-3.67,-0.77,186.0,1.50,0.64,0.35,0.33,0.27,0.29,0.48,0.90,1.01,0.59,0.28,0.24,0.23,0.26,0.36,0.82
1787902194.7,-3.90,-0.80,188.0,1.44,0.61,0.30,0.33,0.27,0.32,0.35,0.71,1.09,0.61,0.31,0.22,0.21,0.30,0.35,0.76
1787902195.2,-4.11,-0.84,192.6,1.35,0.56,0.35,0.25,0.32,0.29,0.39,0.73,1.19,0.67,0.33,0.23,0.29,0.27,0.40,0.71
1787902195.6,-4.34,-0.85,190.0,1.28,0.47,0.35,0.23,0.28,0.30,0.39,0.80,1.27,0.48,0.32,0.28,0.26,0.28,0.38,1.76
1787902196.1,-4.38,-0.86,186.2,1.20,0.43,0.34,0.28,0.21,0.33,0.37,0.81,1.33,0.52,0.30,0.30,0.25,0.31,0.40,1.69
1787902198.3,-4.38,-0.86,169.1,1.15,0.95,0.40,0.30,0.23,0.23,0.35,0.47,1.32,1.39,0.44,0.34,0.26,0.26,0.31,0.52
1787902198.8,-4.56,-0.83,172.6,1.15,0.93,0.39,0.28,0.27,0.24,0.35,0.48,1.34,1.38,0.43,0.32,0.27,0.24,0.33,0.53
1787902199.2,-4.79,-0.81,176.3,1.09,1.10,0.38,0.35,0.28,0.24,0.35,0.45,1.04,1.44,0.42,0.32,0.23,0.25,0.28,0.49
1787902199.7,-5.01,-0.77,170.7,1.02,1.03,0.51,0.32,0.31,0.29,0.30,0.51,1.10,1.53,0.42,0.26,0.24,0.24,0.27,0.41
1787902200.2,-5.10,-0.75,170.1,1.48,0.96,0.50,0.33,0.30,0.32,0.36,0.56,1.14,1.63,0.46,0.27,0.22,0.21,0.28,0.33
1787902202.7,-5.09,-0.75,187.2,0.87,0.65,0.40,0.30,0.31,0.35,0.57,1.03,1.62,0.47,0.26,0.23,0.19,0.28,0.31,1.43
1787902203.1,-5.28,-0.77,185.5,0.87,0.64,0.41,0.28,0.33,0.34,0.54,1.05,1.64,0.47,0.27,0.22,0.20,0.26,0.31,1.42
1787902203.6,-5.50,-0.80,189.5,0.78,0.60,0.37,0.26,0.29,0.30,0.40,0.81,1.67,0.53,0.32,0.22,0.24,0.26,0.29,1.42
1787902204.0,-5.73,-0.85,189.5,0.72,0.56,0.33,0.31,0.23,0.36,0.45,0.90,1.78,0.43,0.27,0.25,0.25,0.23,1.58,1.29
1787902204.5,-5.96,-0.88,187.0,0.63,0.51,0.28,0.29,0.27,0.25,0.46,0.94,1.86,0.47,0.29,0.27,0.20,0.23,1.47,0.68
1787902204.9,-6.19,-0.90,186.2,0.53,0.62,0.39,0.24,0.27,0.27,0.44,0.87,1.93,0.54,0.35,0.25,0.20,0.77,1.40,0.62
1787902205.5,-6.23,-0.91,184.0,0.45,0.56,0.35,0.26,0.22,0.29,0.33,0.72,1.97,0.58,0.36,0.24,0.50,0.83,1.34,0.51
1787902208.9,-6.23,-0.90,143.0,1.19,0.52,0.49,0.51,0.34,0.23,0.24,0.31,0.51,1.12,2.04,0.42,0.29,0.24,0.76,0.85
1787902209.5,-6.39,-0.79,146.3,1.20,0.53,0.49,0.50,0.32,0.23,0.23,0.32,0.50,1.10,2.03,0.42,0.28,0.22,0.78,0.85
1787902209.9,-6.56,-0.65,144.5,1.14,0.43,0.41,0.53,0.35,0.35,0.29,0.36,0.40,1.16,2.06,0.44,0.21,0.35,0.72,0.78
1787902210.4,-6.59,-0.63,138.0,1.16,0.91,0.41,0.40,0.49,0.36,0.35,0.39,0.48,1.12,2.13,0.24,0.20,0.36,0.64,0.71
1787902210.9,-6.60,-0.63,141.6,1.17,0.92,0.40,0.41,0.50,0.35,0.35,0.39,0.45,1.14,2.14,0.25,0.22,0.35,0.65,0.70
1787902211.3,-6.75,-0.52,140.6,1.15,0.93,0.41,0.41,0.48,0.35,0.35,0.39,0.49,1.14,2.14,0.24,0.21,0.36,0.64,0.70
1787902211.8,-6.97,-0.37,143.5,1.05,0.81,0.33,0.34,0.49,0.40,0.41,0.43,0.56,1.37,0.84,0.24,0.32,0.56,0.54,1.13
1787902212.4,-7.18,-0.19,144.8,0.95,0.72,0.22,0.30,0.31,0.50,0.47,0.52,0.68,1.71,0.29,0.24,0.51,0.56,0.51,1.06
1787902212.9,-7.39,-0.03,141.6,0.88,0.64,0.67,0.15,0.29,0.53,0.50,0.59,0.76,1.81,0.37,0.37,0.60,0.45,0.48,1.03
1787902213.3,-7.56,0.11,141.3,0.80,0.59,0.60,0.66,0.85,0.33,0.58,0.66,0.84,1.90,0.45,0.51,0.54,0.39,0.40,0.97
1787902213.8,-7.74,0.25,144.1,0.68,0.52,0.56,0.65,0.82,0.71,0.62,0.74,0.91,0.49,0.43,0.55,0.45,0.40,0.82,0.96
1787902214.2,-7.90,0.40,143.3,0.63,0.50,0.48,0.55,0.78,0.77,0.29,0.81,1.02,0.56,0.49,0.62,0.37,0.33,0.82,0.91
1787902214.7,-8.07,0.54,142.9,0.53,0.44,0.37,0.46,0.61,0.78,0.59,0.86,1.08,0.65,0.64,0.56,0.36,1.28,0.74,0.84
1787902215.2,-8.11,0.56,142.6,0.46,0.34,0.34,0.42,0.60,0.87,0.79,0.89,1.17,0.72,0.70,0.38,1.61,1.30,0.64,0.78
1787902222.6,-8.09,0.55,319.2,1.38,0.71,0.69,0.37,1.59,1.30,0.62,0.77,0.42,0.35,0.32,0.43,0.61,0.83,0.79,0.94
1787902223.0,-7.94,0.44,325.1,1.36,0.73,0.70,0.38,1.60,1.28,0.60,0.73,0.44,0.37,0.32,0.46,0.60,0.82,0.83,0.93
1787902223.5,-7.75,0.31,324.6,1.28,0.65,0.66,0.39,0.32,1.29,0.73,0.82,0.44,0.43,0.38,0.49,0.61,0.81,0.41,0.89
1787902223.9,-7.57,0.19,327.3,1.19,0.57,0.51,0.56,0.33,0.28,0.80,0.89,0.62,0.50,0.48,0.56,0.79,0.79,0.29,0.81
1787902224.4,-7.35,0.02,323.6,1.12,0.49,0.47,0.54,0.37,0.36,0.83,0.95,0.67,0.53,0.56,0.65,0.84,0.69,0.65,0.75
1787902224.9,-7.18,-0.11,324.4,0.84,1.93,0.42,0.52,0.53,0.38,0.39,1.02,0.81,0.61,0.62,0.67,0.16,0.34,0.56,0.64
1787902225.3,-7.00,-0.24,327.1,0.77,1.84,0.38,0.35,0.57,0.43,0.46,1.04,0.85,0.66,0.69,0.17,0.29,0.58,0.53,0.60
1787902225.8,-6.81,-0.36,324.6,0.87,1.77,0.27,0.33,0.50,0.55,0.49,1.09,0.92,0.72,0.24,0.31,0.34,0.51,0.51,0.53
1787902226.2,-6.63,-0.50,324.7,0.80,1.70,0.25,0.27,0.31,0.56,0.48,1.14,0.95,0.81,0.32,0.34,0.50,0.42,0.47,0.50
1787902226.6,-6.44,-0.62,327.3,0.69,1.31,0.82,0.19,0.29,0.59,0.57,0.66,1.11,0.89,0.39,0.34,0.52,0.42,0.39,0.42
1787902227.1,-6.26,-0.76,322.8,0.63,1.23,1.22,0.38,0.17,0.31,0.66,0.72,1.16,0.42,0.43,0.53,0.40,0.37,0.33,0.42
1787902227.6,-6.23,-0.78,323.6,0.53,1.01,2.06,0.42,0.23,0.20,0.69,0.80,1.27,0.49,0.45,0.55,0.36,0.32,0.27,0.35
1787902234.3,-6.22,-0.80,118.6,0.75,1.33,1.07,0.49,0.55,0.37,0.33,0.25,0.34,0.36,0.72,1.97,0.48,0.30,0.21,0.42
1787902234.8,-6.29,-0.63,115.3,0.75,1.34,1.04,0.48,0.56,0.36,0.33,0.27,0.34,0.36,0.72,1.98,0.49,0.30,0.20,0.45
1787902235.3,-6.41,-0.39,113.2,0.67,1.29,0.98,0.47,0.44,0.55,0.40,0.36,0.42,0.45,1.06,2.05,0.38,0.14,0.17,0.61
1787902235.7,-6.50,-0.19,115.3,0.55,1.38,1.00,0.40,0.44,0.57,0.45,0.44,0.47,0.65,1.11,2.08,0.10,0.14,0.23,0.56
1787902236.5,-6.56,-0.06,113.3,0.44,1.26,0.93,0.89,0.40,0.44,0.56,0.55,0.61,0.82,0.14,0.15,0.20,0.17,0.40,0.46
1787902240.2,-6.56,-0.06,155.3,0.93,0.89,0.36,0.47,0.60,0.57,0.59,0.81,0.14,0.13,0.19,0.18,0.38,0.45,0.39,1.25
1787902240.6,-6.73,0.00,161.1,0.94,0.90,0.39,0.45,0.60,0.59,0.59,0.79,0.16,0.15,0.17,0.17,0.39,0.46,0.42,1.25
1787902241.2,-6.94,0.08,160.5,0.86,0.83,0.84,0.42,0.66,0.59,0.58,0.83,0.22,0.24,0.21,0.23,0.41,0.41,0.43,1.21
1787902241.8,-7.29,0.22,161.9,0.72,0.72,0.79,0.26,0.42,0.59,0.65,0.81,0.33,0.35,0.32,0.46,0.42,0.33,0.37,1.03
1787902242.2,-7.50,0.29,163.7,0.64,0.57,0.69,0.86,0.24,0.66,0.74,0.88,0.43,0.38,0.48,0.46,0.31,0.34,0.80,0.83
1787902242.7,-7.71,0.36,159.1,0.56,0.51,0.59,0.80,0.81,0.46,0.79,0.95,0.50,0.45,0.53,0.45,0.32,0.27,0.78,0.74
1787902243.2,-7.75,0.38,159.6,0.47,0.42,0.53,0.64,0.80,0.39,0.76,1.03,0.59,0.50,0.62,0.34,0.25,0.73,0.79,0.63
1787902249.7,-7.76,0.39,313.6,0.91,1.63,0.54,0.59,0.33,0.30,1.26,0.73,0.73,0.47,0.45,0.50,0.66,0.90,0.73,0.73
1787902250.2,-7.64,0.25,311.7,0.92,1.60,0.53,0.59,0.34,0.29,1.25,0.71,0.69,0.48,0.44,0.51,0.64,0.89,0.75,0.73
1787902250.6,-7.50,0.07,310.2,0.82,1.30,0.53,0.58,0.52,0.37,0.32,0.80,0.89,0.57,0.49,0.53,0.64,0.82,0.34,0.68
1787902251.1,-7.37,-0.11,307.9,0.70,1.17,0.45,0.42,0.58,0.38,0.40,0.88,1.03,0.62,0.50,0.58,0.62,0.73,0.34,0.59
1787902251.5,-7.24,-0.29,308.4,0.66,1.02,2.46,0.45,0.55,0.55,0.44,0.94,1.11,0.69,0.59,0.65,0.77,0.27,0.32,0.51
1787902252.0,-7.10,-0.47,308.5,0.55,0.94,2.41,0.39,0.40,0.58,0.47,0.53,1.20,0.76,0.70,0.14,0.21,0.26,0.51,0.47
1787902252.4,-7.08,-0.50,312.0,0.47,0.68,1.94,0.35,0.41,0.61,0.56,0.58,1.29,0.83,0.17,0.23,0.25,0.42,0.41,0.43
1787902259.8,-7.07,-0.52,117.0,1.16,0.88,0.73,0.20,0.24,0.21,0.45,0.36,0.45,0.64,1.29,1.19,0.38,0.42,0.63,0.60
1787902260.2,-7.15,-0.35,113.7,1.15,0.88,0.74,0.20,0.24,0.22,0.44,0.35,0.47,0.64,1.30,1.19,0.39,0.41,0.65,0.57
1787902260.8,-7.26,-0.10,113.5,0.99,0.95,0.68,0.67,0.15,0.26,0.29,0.46,0.54,0.72,1.36,0.34,0.41,0.55,0.57,0.49
1787902261.3,-7.35,0.13,111.4,0.94,0.89,0.69,0.64,0.70,0.17,0.32,0.55,0.63,0.81,1.42,0.39,0.39,0.56,0.43,0.46
1787902261.9,-7.38,0.18,112.2,0.81,0.81,0.62,0.58,0.66,0.85,0.81,0.69,0.73,0.89,1.65,0.44,0.50,0.46,0.32,0.34
1787902267.8,-7.38,0.20,237.9,0.80,0.42,0.65,0.77,1.21,0.46,0.40,0.52,0.34,0.36,0.85,0.98,0.69,0.57,0.61,0.68
1787902268.3,-7.48,0.03,238.1,0.80,0.40,0.67,0.76,1.22,0.44,0.38,0.52,0.33,0.34,0.84,1.00,0.66,0.56,0.63,0.67
1787902268.8,-7.50,-0.00,236.7,0.76,0.16,0.58,0.70,1.09,0.49,0.48,0.57,0.47,0.43,0.92,1.03,0.63,0.51,0.56,0.60
1787902272.3,-7.51,-0.00,198.7,0.58,0.73,0.69,0.32,0.59,0.72,1.22,0.47,0.44,0.62,0.38,0.40,0.86,0.80,0.61,0.55
1787902272.7,-7.69,-0.06,194.4,0.59,0.74,0.71,0.32,0.57,0.72,1.23,0.48,0.45,0.63,0.39,0.41,0.89,0.83,0.61,0.54
1787902273.2,-7.91,-0.12,199.4,0.51,0.56,0.66,0.56,0.15,0.72,1.16,0.56,0.52,0.64,0.47,1.46,0.88,0.76,0.55,0.50
1787902273.8,-7.95,-0.13,194.1,0.43,0.48,0.72,0.63,0.42,0.20,0.99,2.69,0.61,0.72,0.53,1.47,0.93,0.67,0.42,0.43
1787902277.9,-7.95,-0.12,260.2,0.62,0.56,0.20,0.16,2.13,0.65,0.75,0.54,1.48,0.87,0.73,0.51,0.41,0.40,0.48,0.64
1787902278.3,-8.00,-0.30,255.0,0.59,0.58,0.18,0.14,2.12,0.65,0.73,0.51,1.49,0.87,0.74,0.48,0.38,0.41,0.49,0.63
1787902278.8,-8.06,-0.56,259.7,0.51,0.47,0.35,0.15,0.14,0.67,0.81,0.61,1.55,0.97,0.77,0.42,0.42,0.41,0.40,0.57
1787902279.4,-8.08,-0.63,251.6,0.42,0.38,0.25,0.28,0.13,0.16,0.20,0.83,1.63,1.04,0.65,0.44,0.37,0.37,0.35,0.51
1787902285.9,-8.08,-0.61,107.1,1.14,0.50,0.42,0.37,0.32,0.45,0.48,0.46,0.39,0.27,0.20,0.12,0.18,0.89,0.70,1.11
1787902286.4,-8.14,-0.43,106.7,1.15,0.50,0.41,0.37,0.33,0.46,0.47,0.45,0.40,0.27,0.20,0.13,0.18,0.88,0.73,1.10
1787902286.8,-8.21,-0.16,105.6,1.06,0.53,0.37,0.32,0.35,0.35,0.56,0.51,0.47,0.36,0.20,0.20,0.74,0.86,0.64,1.01
1787902287.3,-8.27,0.05,106.8,0.98,0.47,0.31,0.30,0.30,0.39,0.55,0.57,0.55,0.43,0.25,2.77,0.70,0.78,0.52,0.94
1787902287.7,-8.34,0.26,104.9,0.90,0.41,0.28,0.27,0.30,0.36,0.42,0.62,0.64,0.33,1.11,0.76,0.80,0.55,1.60,0.90
1787902288.2,-8.35,0.30,106.3,0.82,0.39,0.29,0.22,0.29,0.33,0.49,0.72,0.73,0.39,1.38,0.81,0.81,0.52,1.56,0.81
1787902293.2,-8.34,0.30,20.4,0.81,0.48,1.46,0.76,0.79,0.36,0.29,0.20,0.30,0.35,0.49,0.71,0.73,0.39,1.50,0.80
1787902293.7,-8.16,0.36,15.4,0.79,0.49,1.46,0.76,0.81,0.37,0.29,0.21,0.28,0.34,0.47,0.71,0.74,0.39,1.49,0.80
1787902294.1,-7.94,0.42,17.2,0.73,0.45,1.48,0.76,0.79,0.56,0.35,0.30,0.36,0.42,0.55,0.75,0.61,0.91,1.39,0.73
1787902294.6,-7.90,0.43,13.5,0.67,0.36,0.29,1.30,0.69,0.79,0.45,0.44,0.41,0.51,0.79,0.82,0.36,0.90,1.37,0.64
1787902299.4,-7.90,0.42,97.5,0.76,0.85,0.55,0.45,0.36,0.47,0.60,0.77,0.74,0.84,1.08,0.64,0.62,0.59,0.36,1.29
1787902299.8,-7.92,0.61,95.2,0.73,0.85,0.54,0.45,0.36,0.46,0.58,0.78,0.76,0.84,1.07,0.64,0.62,0.57,0.34,1.26
1787902300.2,-7.93,0.83,93.5,0.68,0.76,0.56,0.40,0.39,0.49,0.65,0.93,0.83,0.89,1.14,0.68,0.68,0.34,0.24,1.21
1787902300.7,-7.95,1.06,93.6,0.59,0.68,0.52,0.40,0.40,0.40,0.61,1.02,0.90,0.98,1.35,0.64,0.64,0.27,1.52,1.14
1787902301.1,-7.99,1.27,98.0,0.50,0.55,0.53,0.45,0.37,0.42,0.60,1.10,0.98,1.10,1.46,0.65,0.14,0.67,1.45,1.06
1787902301.7,-8.00,1.31,94.8,0.44,0.42,0.58,0.39,0.36,0.46,0.65,1.17,0.92,1.17,0.80,0.20,0.66,0.64,1.18,1.03
1787902303.8,-8.00,1.31,86.0,0.40,0.41,0.55,0.42,0.42,0.37,0.47,0.82,1.09,1.05,1.32,0.70,0.44,0.67,0.73,1.09
1787902309.1,-7.98,1.31,337.5,0.19,0.64,0.63,1.45,1.01,0.41,0.40,0.56,0.42,0.40,0.40,0.47,0.88,1.09,1.11,1.46
1787902313.7,-7.99,1.30,47.9,1.43,0.98,0.43,0.39,0.56,0.40,0.39,0.40,0.48,0.85,1.05,1.14,1.49,0.18,0.64,0.64
1787902314.1,-7.86,1.44,44.1,1.39,0.99,0.42,0.40,0.57,0.41,0.39,0.41,0.47,0.86,1.06,1.12,1.50,0.18,0.63,0.65
1787902314.6,-7.65,1.60,43.2,2.12,0.99,0.39,0.38,0.46,0.54,0.47,0.46,0.57,0.95,1.11,1.20,0.17,0.38,0.57,0.56
1787902315.2,-7.46,1.78,41.8,2.08,0.91,0.83,0.34,0.36,0.63,0.52,0.52,0.63,1.04,1.18,0.20,0.28,0.35,0.49,0.47
1787902315.7,-7.43,1.80,39.2,2.09,0.89,0.81,0.32,0.33,0.38,0.58,0.62,0.76,1.15,0.26,0.24,0.33,0.49,0.46,0.38
1787902316.2,-7.43,1.80,41.0,2.09,0.89,0.81,0.34,0.34,0.39,0.58,0.61,0.73,1.16,0.24,0.23,0.34,0.49,0.46,0.41
1787902316.7,-7.43,1.80,44.6,2.09,0.89,0.81,0.34,0.34,0.39,0.58,0.60,0.72,1.14,0.26,0.23,0.32,0.50,0.45,0.40
1787902317.2,-7.43,1.80,41.6,2.11,0.87,0.81,0.34,0.32,0.37,0.57,0.61,0.73,1.15,0.26,0.24,0.34,0.50,0.47,0.39
1787902319.3,-7.43,1.80,58.2,0.92,0.79,0.54,0.31,0.38,0.64,0.61,0.71,1.10,0.26,0.21,0.35,0.46,0.47,0.39,0.43
1787902319.7,-7.32,1.96,60.8,0.94,0.78,0.56,0.29,0.37,0.63,0.63,0.69,1.09,0.27,0.23,0.32,0.45,0.47,0.39,0.46
1787902320.3,-7.17,2.19,52.4,0.83,0.68,0.69,0.29,0.30,0.69,0.66,0.73,1.15,0.34,0.34,0.36,0.47,0.41,0.31,2.08
1787902320.7,-7.03,2.37,55.9,0.75,0.64,0.64,0.45,0.26,0.37,0.70,0.76,1.12,0.42,0.42,0.41,0.43,0.31,0.25,2.00
1787902321.2,-6.89,2.55,52.9,0.67,0.57,0.62,0.63,0.41,0.27,0.78,0.83,1.18,0.43,0.47,0.52,0.40,0.21,0.22,1.92
1787902321.6,-6.76,2.73,52.7,0.59,0.53,0.47,0.57,0.43,0.30,0.49,0.92,1.28,0.50,0.49,0.49,0.21,0.18,1.20,1.85
1787902322.1,-6.61,2.90,51.9,0.52,0.48,0.41,0.50,0.43,0.45,0.34,0.98,1.28,0.61,0.54,0.23,0.16,0.20,1.13,1.79
1787902322.5,-6.59,2.94,48.5,0.46,0.40,0.37,0.48,0.57,0.45,0.41,1.03,1.41,0.69,0.63,0.15,0.20,0.49,1.07,1.70
1787902329.7,-6.58,2.95,224.1,1.21,0.69,0.60,0.19,0.17,0.23,1.07,1.14,0.62,0.43,0.36,0.36,0.49,0.47,0.45,0.45
1787902330.2,-6.71,2.83,223.3,1.22,0.69,0.58,0.19,0.18,0.24,1.07,1.12,0.62,0.42,0.38,0.36,0.50,0.43,0.48,0.46
1787902330.6,-6.88,2.67,218.0,1.11,0.68,0.61,0.60,0.18,0.18,1.15,1.20,0.71,0.49,0.44,0.49,0.59,0.44,0.36,0.89
1787902331.1,-7.05,2.52,222.7,1.05,1.69,0.57,0.56,0.36,0.20,1.15,1.24,0.78,0.54,0.43,0.50,0.42,0.39,0.28,0.82
1787902331.5,-7.23,2.38,220.8,0.93,1.58,0.49,0.48,0.48,0.27,0.23,1.27,0.88,0.58,0.51,0.50,0.39,0.26,0.25,0.74
1787902332.0,-7.40,2.24,219.6,0.81,1.32,0.41,0.47,0.56,0.43,0.31,1.29,0.97,0.66,0.60,0.63,0.39,0.20,0.35,0.66
1787902332.6,-7.62,2.02,222.9,0.69,1.22,0.37,0.37,0.44,0.51,0.41,0.41,1.08,0.74,0.70,0.43,0.15,0.27,0.61,0.60
1787902333.0,-7.79,1.88,221.7,0.63,1.11,1.33,0.31,0.42,0.58,0.48,0.48,1.15,0.81,0.69,0.18,0.23,0.27,0.54,0.55
1787902333.5,-7.95,1.72,219.4,0.59,1.03,1.28,0.28,0.35,0.60,0.58,0.55,1.21,0.80,0.22,0.27,0.24,0.49,0.45,0.48
1787902333.9,-8.12,1.57,224.5,0.53,0.87,1.27,1.26,0.28,0.48,0.66,0.59,1.29,0.87,0.29,0.25,0.32,0.48,0.39,0.44
1787902334.5,-8.14,1.54,221.5,0.46,0.77,1.22,1.16,1.48,0.31,0.71,0.67,1.36,0.95,0.34,0.30,0.46,0.36,0.33,0.34
1787902338.0,-8.14,1.55,265.7,1.15,1.16,1.42,0.30,0.71,0.65,1.41,0.94,0.34,0.28,0.44,0.38,0.34,0.33,0.39,0.69
1787902338.4,-8.16,1.36,263.9,1.14,1.14,1.42,0.31,0.71,0.65,1.39,0.95,0.34,0.29,0.45,0.41,0.34,0.33,0.41,0.70
1787902338.9,-8.19,1.14,260.3,1.08,0.68,1.35,0.79,0.52,0.71,2.51,1.06,0.42,0.34,0.52,0.35,0.35,0.29,0.41,0.64
1787902339.3,-8.22,0.92,257.4,1.04,0.87,1.16,0.82,0.75,0.76,0.80,1.18,0.49,0.43,0.58,0.38,0.35,0.29,0.36,0.59
1787902339.8,-8.25,0.69,260.0,1.00,0.93,1.09,1.59,0.71,0.40,0.80,1.35,0.57,0.53,0.61,0.38,0.28,0.31,0.31,0.50
1787902340.2,-8.28,0.47,263.7,0.90,0.87,1.04,1.54,0.72,0.74,0.83,1.40,0.67,0.64,0.47,0.31,0.27,0.28,0.31,0.55
1787902340.7,-8.32,0.20,260.4,0.74,0.77,0.42,1.49,0.79,0.79,0.41,1.46,0.73,0.78,0.47,0.29,0.24,0.24,0.34,0.53
1787902341.2,-8.35,-0.02,260.1,0.69,0.67,0.37,1.15,0.78,0.85,0.53,1.58,0.85,0.85,0.39,0.28,0.20,0.29,0.31,0.45
1787902341.9,-8.35,-0.11,260.7,0.57,0.60,0.47,0.31,2.83,0.76,0.66,1.69,0.93,0.94,0.39,0.23,0.26,0.23,0.33,0.35
1787902349.1,-8.36,-0.09,93.2,0.85,0.63,0.27,0.23,0.26,0.26,0.35,0.57,0.59,0.61,0.34,0.32,0.80,0.89,0.60,1.50
1787902349.5,-8.35,0.10,91.5,0.84,0.61,0.27,0.24,0.23,0.26,0.34,0.59,0.57,0.62,0.35,0.31,0.81,0.90,0.62,1.51
1787902350.0,-8.36,0.32,88.3,0.78,0.62,0.34,0.18,0.23,0.26,0.33,0.43,0.66,0.69,0.37,1.50,0.81,0.85,0.55,1.50
1787902350.4,-8.34,0.54,88.8,0.68,0.79,0.31,0.26,0.20,0.26,0.30,0.49,0.72,0.78,0.40,1.56,0.79,0.83,0.41,1.42
1787902350.9,-8.34,0.77,87.5,0.61,0.71,0.35,0.25,0.25,0.21,0.36,0.57,0.79,0.70,0.40,1.85,0.73,0.49,1.00,1.30
1787902351.3,-8.33,0.99,90.7,0.55,0.65,0.37,0.24,0.24,0.26,0.28,0.61,0.79,0.78,1.15,0.87,0.82,0.30,2.43,1.23
1787902351.9,-8.33,1.03,90.7,0.47,0.57,0.34,0.28,0.22,0.24,0.29,0.60,0.96,0.68,1.24,0.86,0.80,0.82,1.61,1.15
1787902353.9,-8.33,1.03,103.4,0.52,0.42,0.30,0.22,0.22,0.30,0.49,1.05,0.97,1.16,1.69,0.82,0.81,0.87,1.23,0.52
1787902354.3,-8.37,1.21,107.7,0.54,0.44,0.32,0.22,0.22,0.29,0.49,1.04,0.99,1.15,1.69,0.81,0.82,0.88,1.23,0.51
1787902354.8,-8.38,1.26,104.0,0.46,0.49,0.26,0.23,0.21,0.28,0.35,1.12,1.07,1.25,0.93,0.30,0.83,2.66,1.11,0.42
1787902359.0,-8.37,1.26,40.3,2.60,1.08,0.40,0.47,0.45,0.28,0.24,0.20,0.27,0.35,1.13,1.08,1.26,0.92,0.36,0.82
1787902359.5,-8.23,1.38,35.2,2.60,1.07,0.41,0.45,0.46,0.27,0.22,0.20,0.28,0.36,1.12,1.10,1.27,0.92,0.36,0.83
1787902359.9,-8.04,1.50,34.4,2.59,1.06,0.41,0.34,0.47,0.31,0.31,0.27,0.34,0.59,1.16,0.78,1.28,0.89,0.55,0.73
1787902360.6,-7.77,1.70,37.5,2.44,1.02,0.33,0.32,0.30,0.52,0.38,0.40,0.46,0.72,1.19,1.16,1.41,0.27,0.67,0.62
1787902361.2,-7.52,1.85,31.6,2.40,0.96,0.82,0.28,0.30,0.52,0.45,0.48,0.52,0.84,1.24,1.19,0.23,0.39,0.57,0.52
1787902361.6,-7.34,1.98,36.0,2.24,0.93,0.79,0.29,0.28,0.32,0.58,0.56,0.62,0.94,1.34,0.26,0.37,0.40,0.51,0.42
1787902362.1,-7.30,2.00,33.2,2.13,0.85,0.69,0.74,0.23,0.31,0.67,0.61,0.68,1.05,0.34,0.29,0.36,0.50,0.45,0.36
1787902364.1,-7.30,2.00,50.7,1.04,0.76,0.69,0.28,0.26,0.35,0.58,0.65,0.88,1.46,0.27,0.37,0.47,0.47,0.40,0.39
1787902371.0,-7.32,1.98,232.6,1.01,1.37,0.31,0.36,0.50,0.46,0.35,0.40,0.87,0.70,0.70,0.26,0.31,0.66,0.59,0.67
1787902371.4,-7.44,1.84,228.3,1.01,1.38,0.28,0.36,0.48,0.45,0.36,0.41,0.85,0.69,0.70,0.25,0.30,0.65,0.61,0.66
1787902371.8,-7.59,1.67,228.0,0.88,1.35,0.25,0.28,0.34,0.50,0.45,0.44,1.13,0.79,0.76,0.27,0.32,0.64,0.55,0.57
1787902372.3,-7.73,1.51,228.3,0.78,1.32,0.95,0.18,0.32,0.54,0.53,0.49,1.22,0.85,0.61,0.34,0.35,0.58,0.51,0.56
1787902372.7,-7.88,1.34,231.2,0.73,1.20,0.74,1.19,0.17,0.37,0.57,0.54,1.28,0.92,0.35,0.37,0.54,0.47,0.47,0.47
1787902373.2,-8.06,1.15,227.9,0.51,0.91,1.03,1.18,1.51,0.18,0.64,0.64,1.38,1.00,0.44,0.41,0.59,0.41,0.38,0.41
1787902373.9,-8.16,1.06,228.4,0.51,0.77,1.02,1.04,1.30,0.69,0.36,0.74,1.50,1.13,0.47,0.57,0.42,0.35,0.28,0.34
1787902380.9,-8.14,1.07,58.8,1.29,0.54,0.43,0.58,0.38,0.31,0.30,0.35,0.55,1.07,1.01,1.14,1.62,0.74,0.73,0.77
1787902381.5,-8.04,1.23,58.2,1.28,0.51,0.44,0.59,0.39,0.31,0.30,0.35,0.55,1.06,1.01,1.14,1.63,0.74,0.71,0.75
1787902381.9,-7.93,1.43,60.6,1.21,0.45,0.40,0.55,0.39,0.38,0.34,0.41,0.64,1.13,0.68,1.17,0.84,0.23,0.71,0.72
1787902382.3,-7.81,1.62,57.9,1.13,0.90,0.37,0.38,0.55,0.41,0.39,0.48,0.72,1.12,0.87,1.32,0.22,0.45,0.64,0.65
1787902382.8,-7.69,1.80,55.1,1.05,0.88,0.34,0.31,0.53,0.44,0.46,0.52,0.78,1.19,1.15,0.21,0.37,0.60,0.57,2.32
1787902383.2,-7.57,1.99,57.8,0.97,0.82,0.25,0.28,0.31,0.51,0.50,0.55,0.87,1.26,0.26,0.26,0.39,0.56,0.48,2.26
1787902383.7,-7.45,2.18,56.6,0.90,0.75,0.28,0.22,0.27,0.57,0.53,0.62,0.94,1.36,0.29,0.41,0.54,0.52,0.43,2.23
1787902384.1,-7.33,2.37,55.3,0.81,0.66,0.47,0.18,0.23,0.32,0.56,0.66,1.02,1.45,0.35,0.45,0.54,0.42,0.38,2.21
1787902384.6,-7.19,2.54,54.4,0.75,0.56,0.56,0.38,0.17,0.27,0.65,0.73,1.07,1.50,0.46,0.48,0.52,0.36,0.35,2.08
1787902385.0,-7.06,2.72,52.3,0.69,0.49,0.54,0.37,0.33,0.20,0.38,0.80,1.13,0.52,0.56,0.58,0.46,0.29,1.31,2.01
1787902385.4,-6.93,2.90,55.9,0.58,0.45,0.49,0.52,0.34,0.27,0.26,0.86,1.26,0.57,0.58,0.60,0.30,0.24,1.24,2.01
1787902386.0,-6.77,3.12,51.8,0.52,0.41,0.40,0.52,0.34,0.37,0.31,0.91,1.30,0.64,0.60,0.54,0.26,0.35,1.14,1.92
1787902386.4,-6.75,3.15,54.1,0.41,0.31,0.28,0.38,0.49,0.36,0.38,0.42,1.41,0.70,0.68,0.27,0.30,1.22,1.09,0.69
1787902389.7,-6.75,3.16,12.8,1.18,0.61,0.40,0.30,0.28,0.39,0.45,0.39,0.35,1.07,1.61,0.75,0.72,0.25,0.30,1.14
1787902390.3,-6.54,3.20,8.2,1.14,0.59,0.40,0.31,0.29,0.38,0.46,0.38,0.38,1.03,1.61,0.75,0.71,0.25,0.30,1.15
1787902390.7,-6.30,3.24,15.1,1.02,1.69,0.33,0.29,0.30,0.30,0.48,0.43,0.49,1.10,1.59,0.79,0.25,0.24,0.45,1.09
1787902391.2,-6.04,3.29,12.4,0.95,1.59,0.30,0.31,0.28,0.32,0.50,0.52,0.58,1.20,1.75,0.72,0.23,0.23,0.43,0.96
1787902391.7,-5.82,3.33,15.3,0.87,1.56,0.38,0.24,0.29,0.30,0.53,0.63,0.65,1.29,0.90,0.24,0.21,0.35,0.41,0.88
1787902392.1,-5.60,3.37,15.1,0.81,1.49,0.36,0.27,0.22,0.30,0.41,0.74,0.73,1.38,0.33,0.22,0.28,0.33,0.99,0.82
1787902392.6,-5.38,3.42,14.0,0.71,1.43,0.29,0.30,0.23,0.28,0.40,0.82,0.81,1.46,0.31,0.28,0.30,0.32,0.89,0.82
1787902393.1,-5.12,3.47,7.4,0.63,1.25,0.92,0.26,0.29,0.22,0.40,0.92,0.90,1.56,0.31,0.34,0.30,0.87,0.82,0.64
1787902393.7,-4.85,3.54,13.4,0.51,1.15,0.91,0.76,0.25,0.31,0.29,0.85,1.01,1.66,0.36,0.33,0.80,0.85,0.71,0.56
1787902394.2,-4.81,3.54,12.1,0.46,1.06,0.86,0.69,0.72,0.27,0.35,0.74,1.08,0.61,0.44,0.32,0.82,0.91,0.53,0.44
1787902401.4,-4.79,3.54,185.1,1.05,1.70,0.45,0.34,0.81,0.82,0.69,0.48,0.39,0.46,1.07,0.81,0.72,0.25,0.37,0.56
1787902401.8,-4.99,3.54,183.3,1.05,1.70,0.45,0.34,0.79,0.82,0.69,0.49,0.38,0.47,1.08,0.82,0.72,0.24,0.37,0.56
1787902402.3,-5.21,3.52,183.7,0.97,1.61,0.41,0.38,0.31,0.86,0.78,0.56,0.47,1.14,1.02,0.77,0.21,0.28,0.31,0.54
1787902402.7,-5.43,3.54,177.2,0.87,1.48,0.41,0.35,0.32,0.89,0.86,0.67,0.54,1.20,0.99,0.25,0.23,0.26,0.24,0.53
1787902403.2,-5.65,3.55,176.4,0.79,0.86,1.77,0.30,0.37,0.32,1.01,0.77,0.63,1.25,1.07,0.24,0.26,0.20,0.24,0.45
1787902403.6,-5.87,3.54,182.1,0.71,0.74,1.58,0.33,0.30,0.36,0.97,0.89,0.71,1.33,1.09,0.27,0.20,0.18,0.28,0.42
1787902404.1,-5.91,3.54,179.2,0.64,0.68,1.51,0.37,0.27,0.38,0.42,1.02,0.79,1.42,0.33,0.19,0.15,0.23,0.25,0.35
1787902410.7,-5.93,3.55,324.6,1.03,0.85,0.85,0.33,0.28,0.14,0.20,0.22,0.33,0.68,0.69,1.36,0.93,0.30,0.34,0.40
1787902416.9,-5.94,3.54,200.7,0.68,1.49,0.95,0.27,0.37,0.41,1.01,0.80,1.44,0.33,0.21,0.18,0.22,0.25,0.36,0.65
1787902417.4,-6.12,3.48,199.3,0.68,1.48,0.94,0.31,0.38,0.43,0.98,0.79,1.43,0.36,0.21,0.13,0.22,0.24,0.34,0.64
1787902417.8,-6.33,3.41,197.9,0.63,1.32,0.89,0.31,0.28,0.42,1.07,0.92,1.46,0.41,0.20,0.21,0.22,0.26,0.49,0.55
1787902418.3,-6.54,3.34,195.0,0.63,1.23,0.90,0.76,0.28,0.35,0.58,1.02,1.53,0.45,0.26,0.26,0.24,0.26,0.46,0.48
1787902418.8,-6.61,3.32,196.5,0.46,1.12,1.72,0.79,0.29,0.30,0.54,1.10,1.62,0.37,0.32,0.24,0.24,0.38,0.51,0.41
1787902422.2,-6.61,3.32,232.4,1.48,0.79,0.78,0.29,0.50,1.12,1.07,0.57,0.33,0.25,0.27,0.26,0.41,0.38,0.49,0.46
1787902422.7,-6.72,3.17,229.5,1.48,0.79,0.78,0.28,0.50,1.12,1.05,0.57,0.32,0.26,0.25,0.26,0.41,0.41,0.48,0.46
1787902423.2,-6.89,2.96,229.9,1.24,0.72,0.70,0.27,0.28,1.23,1.07,1.81,0.41,0.32,0.28,0.40,0.50,0.35,0.40,0.41
1787902423.7,-6.92,2.93,229.8,1.12,0.67,0.64,0.58,0.24,0.34,1.21,1.82,0.50,0.41,0.37,0.42,0.45,0.36,0.31,0.33
1787902424.4,-6.92,2.93,230.3,1.12,0.67,0.63,0.59,0.26,0.32,1.21,1.82,0.53,0.41,0.37,0.41,0.43,0.36,0.29,0.35
1787902426.4,-6.92,2.93,245.0,1.59,0.67,0.66,0.26,0.26,1.19,1.26,0.70,0.46,0.37,0.44,0.51,0.35,0.33,0.29,0.99
1787902426.9,-7.00,2.76,241.4,1.59,0.66,0.65,0.28,0.27,1.20,1.25,0.70,0.45,0.35,0.43,0.51,0.35,0.33,0.33,0.98
1787902427.4,-7.10,2.57,242.8,1.47,0.57,0.57,0.48,0.25,0.31,1.30,0.79,0.52,0.43,0.49,0.39,0.35,0.25,0.79,0.92
1787902427.8,-7.22,2.38,238.5,1.39,0.48,0.50,0.53,0.29,0.27,1.26,0.88,0.60,0.49,0.54,0.37,0.27,0.23,0.72,0.86
1787902428.3,-7.35,2.15,241.4,1.29,0.41,0.46,0.51,0.47,0.31,0.33,2.01,0.74,0.59,0.62,0.40,0.21,0.36,0.65,0.77
1787902429.0,-7.39,2.07,238.7,1.18,0.33,0.31,0.37,0.50,0.43,0.37,2.16,0.85,0.72,0.49,0.24,0.31,0.66,0.62,0.73
1787902435.8,-7.40,2.05,50.2,1.06,0.73,0.68,0.25,0.25,0.33,0.60,0.63,0.82,1.49,0.31,0.41,0.48,0.48,0.37,0.40
1787902442.9,-7.42,2.04,235.9,0.99,1.37,0.31,0.38,0.52,0.46,0.37,2.10,0.84,0.68,0.68,0.26,0.29,0.38,0.58,0.67
1787902443.4,-7.53,1.89,235.5,0.99,1.39,0.30,0.40,0.50,0.47,0.38,2.10,0.85,0.68,0.69,0.24,0.29,0.37,0.60,0.66
1787902443.8,-7.66,1.71,233.9,0.92,1.31,0.26,0.35,0.39,0.49,0.44,0.47,0.94,0.75,0.54,0.25,0.31,0.62,0.56,0.59
1787902444.3,-7.80,1.54,235.0,0.83,1.28,1.20,0.22,0.37,0.54,0.52,0.51,1.02,0.83,0.32,0.32,0.36,0.57,0.54,0.53
1787902444.9,-8.00,1.29,230.5,0.72,1.24,0.72,1.21,0.19,0.38,0.60,0.58,1.14,0.94,0.36,0.34,0.53,0.43,0.44,0.46
1787902445.3,-8.14,1.12,233.8,0.62,1.14,1.05,1.17,0.83,0.20,0.65,0.65,1.22,1.04,0.43,0.42,0.56,0.42,0.37,0.44
1787902445.8,-8.16,1.09,229.4,0.54,0.99,0.98,1.11,1.51,0.69,0.29,0.73,1.28,1.12,0.46,0.58,0.41,0.37,0.30,0.38
1787902452.7,-8.15,1.11,61.2,1.17,0.50,0.43,0.61,0.38,0.30,0.32,0.37,0.66,1.00,0.64,1.19,0.82,0.72,0.76,0.80
1787902453.2,-8.05,1.27,56.6,1.16,0.52,0.43,0.62,0.38,0.31,0.32,0.37,0.65,0.99,0.61,1.19,0.83,0.74,0.73,0.79
1787902453.6,-7.94,1.46,54.1,1.16,0.43,0.43,0.54,0.41,0.39,0.34,0.42,0.67,1.06,0.66,1.24,0.82,0.24,0.68,0.74
1787902454.1,-7.82,1.65,56.1,1.12,0.89,0.37,0.35,0.54,0.42,0.39,0.51,0.74,1.15,1.13,1.32,0.21,0.46,0.62,0.66
1787902454.5,-7.70,1.84,57.4,1.05,0.87,0.32,0.31,0.52,0.44,0.46,0.52,0.79,1.20,1.17,0.23,0.38,0.59,0.55,2.31
1787902455.0,-7.58,2.03,53.8,0.95,0.80,0.24,0.28,0.31,0.55,0.52,0.56,0.86,1.29,0.26,0.29,0.41,0.57,0.48,2.26
1787902455.4,-7.46,2.22,61.2,0.88,0.74,0.47,0.19,0.27,0.60,0.54,0.60,0.97,1.40,0.32,0.42,0.58,0.52,0.48,2.24
1787902455.8,-7.34,2.41,55.5,0.80,0.62,0.64,0.22,0.15,0.30,0.57,0.68,1.04,1.46,0.39,0.46,0.53,0.40,0.38,2.16
1787902456.3,-7.22,2.60,56.2,0.72,0.56,0.58,0.37,0.17,0.18,0.64,0.75,1.17,0.46,0.50,0.53,0.50,0.33,1.36,2.06
1787902456.9,-7.04,2.85,53.0,0.59,0.42,0.48,0.38,0.36,0.21,0.21,0.84,1.24,0.55,0.57,0.59,0.50,0.28,1.25,1.95
1787902457.5,-6.99,2.93,57.0,0.51,0.38,0.42,0.48,0.32,0.36,0.27,0.92,1.34,0.60,0.61,0.54,0.27,0.63,1.18,0.78
1787902464.8,-7.00,2.91,240.8,1.53,0.63,0.61,0.31,0.24,1.24,1.24,0.74,0.44,0.36,0.45,0.52,0.34,0.33,0.28,0.93
1787902465.2,-7.10,2.76,235.9,1.52,0.64,0.62,0.32,0.24,1.25,1.24,0.73,0.46,0.36,0.44,0.50,0.35,0.35,0.29,0.95
1787902465.7,-7.27,2.54,236.6,1.27,0.56,0.55,0.58,0.27,0.27,1.22,1.94,0.60,0.46,0.48,0.50,0.35,0.25,0.24,0.86
1787902466.2,-7.41,2.36,231.0,1.12,1.57,0.52,0.56,0.49,0.29,0.43,2.00,0.68,0.53,0.54,0.35,0.28,0.18,0.40,0.76
1787902466.6,-7.54,2.18,232.3,0.88,1.47,0.41,0.45,0.54,0.40,0.34,2.04,0.77,0.59,0.59,0.37,0.17,0.18,0.64,0.71
1787902467.3,-7.72,1.97,231.8,0.94,1.38,0.34,0.44,0.57,0.51,0.41,2.15,0.87,0.69,0.45,0.17,0.23,0.31,0.53,0.62
1787902467.7,-7.88,1.74,236.0,0.75,1.38,1.25,0.29,0.41,0.59,0.49,2.25,0.96,0.80,0.23,0.27,0.28,0.57,0.49,0.55
1787902468.2,-8.01,1.56,231.7,0.62,1.31,0.77,0.22,0.39,0.61,0.56,0.58,1.05,0.89,0.29,0.30,0.47,0.47,0.45,0.47
1787902468.6,-8.14,1.39,234.3,0.67,1.25,0.77,1.26,0.23,0.45,0.64,0.67,1.12,0.95,0.34,0.30,0.53,0.38,0.41,0.41
1787902469.2,-8.20,1.33,233.0,0.49,1.08,1.06,1.20,0.87,0.24,0.73,0.72,1.22,0.42,0.38,0.50,0.43,0.35,0.30,0.36
1787902475.8,-8.21,1.32,19.5,0.69,1.41,1.01,0.43,0.41,0.55,0.34,0.34,0.33,0.42,0.85,1.14,1.10,1.39,0.74,0.68
1787902476.2,-8.03,1.39,24.3,0.69,1.40,1.02,0.42,0.41,0.52,0.37,0.32,0.33,0.42,0.85,1.14,1.08,1.41,0.75,0.70
1787902476.7,-7.83,1.48,21.7,0.61,1.37,0.97,0.41,0.38,0.53,0.41,0.43,0.41,0.48,0.89,1.12,1.16,1.51,0.21,0.64
1787902477.1,-7.62,1.56,24.8,0.54,1.34,0.98,0.44,0.40,0.45,0.55,0.52,0.47,0.60,1.17,1.13,0.14,0.16,0.35,0.56
1787902477.7,-7.58,1.57,23.3,0.46,2.14,0.96,0.87,0.35,0.41,0.67,0.55,0.55,0.69,1.21,0.15,0.14,0.27,0.29,0.47
1787902481.1,-7.58,1.57,61.9,1.02,0.91,0.34,0.40,0.66,0.54,0.56,0.67,1.07,0.15,0.14,0.22,0.30,0.48,0.47,0.53
1787902481.7,-7.48,1.73,60.6,1.01,0.91,0.34,0.40,0.66,0.57,0.56,0.68,1.05,0.16,0.15,0.20,0.30,0.48,0.48,0.52
1787902482.1,-7.37,1.92,52.4,0.95,0.79,0.57,0.33,0.39,0.61,0.63,0.70,1.08,0.21,0.21,0.30,0.33,0.45,0.40,0.44
1787902482.6,-7.25,2.12,56.4,0.85,0.72,0.75,0.28,0.35,0.68,0.66,0.76,1.17,0.29,0.32,0.34,0.45,0.43,0.32,2.16
1787902483.1,-7.13,2.35,59.3,0.78,0.63,0.65,0.44,0.25,0.40,0.71,0.81,1.26,0.35,0.41,0.44,0.41,0.30,0.26,2.11
1787902483.5,-7.01,2.55,56.1,0.68,0.58,0.61,0.42,0.29,0.27,0.73,0.86,1.34,0.44,0.42,0.51,0.34,0.23,0.23,2.04
1787902484.0,-6.89,2.74,59.9,0.61,0.51,0.57,0.59,0.42,0.28,0.81,0.91,1.44,0.50,0.47,0.47,0.23,0.19,1.18,1.93
1787902484.5,-6.73,2.97,59.8,0.51,0.44,0.47,0.55,0.41,0.36,0.36,0.96,1.51,0.61,0.57,0.23,0.17,0.25,1.11,1.82
1787902485.0,-6.71,3.00,58.6,0.43,0.35,0.33,0.47,0.54,0.45,0.40,1.06,1.59,0.72,0.66,0.17,0.23,1.16,1.06,1.74
1787902492.2,-6.72,2.99,246.0,0.73,0.62,0.21,0.19,0.25,1.09,1.13,0.60,0.43,0.36,0.34,0.51,0.42,0.44,0.45,1.21
1787902492.6,-6.79,2.81,249.2,0.73,0.63,0.24,0.19,0.26,1.09,1.15,0.63,0.43,0.37,0.36,0.48,0.42,0.46,0.44,1.21
1787902493.3,-6.92,2.52,245.8,0.62,0.56,0.60,0.18,0.16,1.14,1.20,0.73,0.51,0.43,0.49,0.58,0.45,0.35,0.88,1.13
1787902493.7,-7.02,2.33,244.1,0.56,0.53,0.50,0.38,0.17,0.16,1.16,1.67,0.59,0.52,0.58,0.47,0.43,0.32,0.83,1.03
1787902494.2,-7.14,2.14,244.1,1.54,0.44,0.39,0.41,0.28,0.19,0.22,1.93,0.69,0.59,0.62,0.47,0.32,0.43,0.80,0.95
1787902494.6,-7.16,2.10,243.1,1.46,0.34,0.35,0.44,0.38,0.27,0.24,2.06,0.76,0.64,0.69,0.47,0.28,0.77,0.75,0.90
1787902501.9,-7.16,2.12,68.7,0.77,0.67,0.74,0.31,0.38,0.77,0.79,0.90,0.38,0.37,0.34,0.46,0.37,0.77,0.26,1.75
1787902502.3,-7.09,2.30,69.8,0.79,0.65,0.73,0.33,0.37,0.75,0.76,0.92,0.38,0.35,0.33,0.47,0.35,0.27,0.25,1.78
1787902502.8,-6.99,2.50,65.6,0.69,0.57,0.63,0.47,0.29,0.47,0.81,0.98,0.45,0.44,0.39,0.42,0.28,0.19,0.23,0.97
1787902503.2,-6.91,2.71,65.7,0.62,0.50,0.56,0.43,0.39,0.30,0.82,1.04,0.55,0.53,0.51,0.40,0.19,0.16,1.23,0.86
1787902503.7,-6.82,2.93,64.1,0.54,0.43,0.49,0.55,0.42,0.31,0.86,1.10,0.62,0.58,0.58,0.20,0.17,0.28,1.22,0.75
1787902504.2,-6.80,2.96,64.4,0.45,0.38,0.42,0.51,0.41,0.42,0.40,1.17,0.69,0.62,0.56,0.18,0.25,1.11,1.17,0.65
1787902507.8,-6.80,2.96,23.9,1.76,0.67,0.44,0.40,0.44,0.55,0.40,0.41,0.41,1.17,0.69,0.58,0.27,0.18,0.26,1.11
1787902508.3,-6.62,3.02,24.6,1.76,0.63,0.42,0.36,0.44,0.56,0.41,0.39,0.41,1.19,0.69,0.60,0.28,0.20,0.26,1.13
1787902509.0,-6.31,3.13,21.1,1.06,0.56,0.38,0.33,0.33,0.48,0.54,0.55,0.51,1.25,0.72,0.63,0.18,0.18,0.43,1.03
1787902509.5,-6.08,3.22,16.9,0.96,1.34,0.33,0.35,0.32,0.35,0.68,0.59,0.57,1.33,0.79,0.20,0.19,0.22,0.40,0.94
1787902509.9,-5.86,3.28,16.2,0.88,1.27,0.39,0.28,0.32,0.37,0.61,0.65,0.67,1.45,0.25,0.19,0.20,0.32,0.97,0.88
1787902510.4,-5.65,3.36,19.9,0.82,1.39,0.34,0.29,0.26,0.33,0.63,0.65,0.75,1.51,0.26,0.20,0.30,0.32,0.97,0.79
1787902510.8,-5.44,3.44,20.0,0.73,1.29,0.31,0.30,0.23,0.34,0.49,0.76,0.84,0.39,0.26,0.29,0.28,0.92,0.83,0.70
1787902511.3,-5.23,3.51,15.5,0.65,1.23,0.81,0.24,0.31,0.26,0.46,0.86,0.90,0.46,0.34,0.31,0.30,0.97,0.70,0.59
1787902511.7,-5.02,3.59,23.3,0.56,1.21,0.85,0.23,0.26,0.29,0.46,0.97,0.99,0.48,0.38,0.31,0.80,0.93,0.62,0.49
1787902512.4,-4.94,3.61,19.9,0.48,1.13,0.76,0.72,0.21,0.30,0.34,1.08,1.11,0.47,0.41,1.32,0.86,0.74,0.51,0.39
1787902516.5,-4.93,3.61,317.7,0.70,0.48,0.39,0.48,1.04,0.80,0.70,0.20,0.33,0.37,1.01,1.66,0.47,0.36,1.30,0.83
1787902516.9,-4.79,3.49,318.4,0.71,0.49,0.40,0.46,1.06,0.78,0.72,0.21,0.32,0.38,1.02,1.65,0.48,0.36,1.30,0.84
1787902517.4,-4.63,3.33,311.0,0.63,0.44,0.32,0.41,1.14,0.80,0.78,0.28,0.40,0.46,1.07,1.71,0.46,0.30,0.76,0.75
1787902517.8,-4.60,3.31,319.1,0.57,0.35,0.31,0.30,0.44,0.90,0.79,0.86,0.48,0.68,1.16,0.54,0.34,1.35,0.70,0.67
1787902523.6,-4.62,3.30,191.1,1.15,0.48,0.27,1.24,0.74,0.76,0.48,0.36,0.30,0.37,1.12,0.84,0.82,0.38,0.49,1.06
1787902524.1,-4.81,3.28,187.5,1.16,0.47,0.28,1.23,0.73,0.77,0.47,0.34,0.30,0.37,1.11,0.82,0.84,0.37,0.50,1.06
1787902524.6,-5.03,3.26,188.9,1.12,0.43,0.32,1.27,0.70,0.72,0.60,0.45,0.40,0.46,1.16,0.89,0.82,0.35,0.46,0.81
1787902525.0,-5.25,3.23,186.5,1.03,0.43,0.35,1.27,1.16,0.76,0.69,0.51,0.47,0.55,1.20,0.94,0.31,0.41,0.39,0.93
1787902525.5,-5.48,3.21,181.7,0.95,0.46,0.28,0.25,0.18,0.81,0.79,0.59,0.53,0.64,1.11,0.83,0.34,0.36,0.48,0.90
1787902525.9,-5.70,3.20,178.4,0.88,1.47,0.24,0.24,0.25,0.22,0.95,0.72,0.64,0.70,1.14,0.34,0.35,0.31,0.46,0.92
1787902526.4,-5.92,3.18,187.6,0.81,1.38,0.27,0.19,0.24,0.25,0.27,0.84,0.71,0.78,1.13,0.36,0.33,0.35,0.44,0.86
1787902526.8,-6.15,3.17,184.5,0.75,1.25,1.66,0.20,0.18,0.27,0.30,0.92,0.82,1.44,1.19,0.41,0.26,0.36,0.43,0.78
1787902527.2,-6.37,3.15,186.1,0.64,1.19,1.60,0.21,0.15,0.18,0.33,1.03,0.89,1.52,0.46,0.30,0.32,0.32,0.41,0.67
1787902527.7,-6.60,3.14,183.0,0.58,1.19,1.50,0.79,0.21,0.18,0.31,1.08,0.96,1.59,0.48,0.32,0.31,0.36,0.51,0.57
1787902528.2,-6.64,3.14,183.2,0.48,0.49,1.29,0.74,0.69,0.22,0.24,0.53,1.03,1.67,0.39,0.38,0.30,0.29,0.46,0.43
1787902535.5,-6.62,3.14,14.2,1.03,1.70,0.37,0.33,0.33,0.42,0.57,0.44,0.46,1.10,1.58,0.75,0.27,0.24,0.28,1.11
1787902535.9,-6.44,3.16,7.8,1.04,1.70,0.36,0.33,0.30,0.41,0.58,0.44,0.46,1.10,1.61,0.75,0.25,0.23,0.27,1.11
1787902536.3,-6.21,3.20,11.8,0.91,1.64,0.46,0.33,0.30,0.32,0.49,0.51,0.54,1.14,1.60,0.78,0.22,0.21,0.40,1.07
1787902536.8,-5.99,3.24,8.4,0.85,1.55,0.44,0.28,0.32,0.33,0.52,0.62,0.61,1.25,1.76,0.24,0.20,0.22,0.38,0.97
1787902537.3,-5.72,3.27,8.9,0.76,1.44,0.40,0.30,0.27,0.33,0.41,0.74,0.70,1.33,0.29,0.21,0.18,0.31,0.35,0.86
1787902537.8,-5.50,3.30,12.4,0.67,1.35,1.01,0.34,0.25,0.32,0.45,0.84,0.80,1.41,0.27,0.24,0.28,0.28,0.95,0.75
1787902538.2,-5.28,3.32,5.5,0.60,1.26,1.01,0.30,0.32,0.27,0.43,0.89,0.88,1.48,0.27,0.29,0.26,0.28,0.85,0.66
1787902538.7,-5.24,3.33,5.5,0.51,1.20,1.00,0.82,0.29,0.34,0.42,0.85,0.99,1.58,0.34,0.29,0.24,0.81,0.76,0.61
1787902546.2,-5.21,3.33,182.1,0.97,1.55,0.32,0.32,0.23,0.82,0.81,0.63,0.54,0.62,1.19,0.84,0.29,0.36,0.32,0.62
1787902546.7,-5.40,3.32,178.1,0.96,1.54,0.33,0.30,0.24,0.81,0.81,0.59,0.51,0.62,1.19,0.83,0.29,0.36,0.32,0.65
1787902547.3,-5.65,3.32,179.8,0.87,1.40,0.32,0.28,0.30,0.27,0.96,0.71,0.62,0.68,1.21,0.33,0.32,0.31,0.39,0.56
1787902547.8,-5.93,3.32,177.4,0.73,0.79,1.70,0.23,0.27,0.33,0.34,0.88,0.62,0.79,1.21,0.33,0.26,0.24,0.34,0.68
1787902548.2,-6.16,3.31,178.8,0.64,0.69,1.48,0.30,0.22,0.29,0.34,0.97,0.83,0.85,1.17,0.34,0.22,0.30,0.33,0.59
1787902548.8,-6.40,3.32,178.7,0.58,0.61,1.45,0.87,0.22,0.25,0.40,1.03,0.87,1.51,0.42,0.22,0.25,0.25,0.31,0.55
1787902549.4,-6.51,3.31,177.0,0.47,0.48,1.24,0.86,0.78,0.27,0.31,1.16,1.02,1.61,0.31,0.31,0.25,0.24,0.38,0.55
1787902556.7,-6.53,3.32,351.5,1.04,1.04,0.50,0.28,0.24,0.25,0.25,0.45,0.45,0.51,1.19,1.76,0.77,0.28,0.29,0.51
1787902557.1,-6.34,3.29,350.1,1.04,1.04,0.50,0.28,0.22,0.24,0.26,0.45,0.46,0.51,1.18,1.77,0.76,0.29,0.31,0.51
1787902557.6,-6.13,3.23,346.9,0.95,0.96,1.53,0.26,0.25,0.25,0.29,0.48,0.55,0.58,1.22,1.77,0.27,0.24,0.31,0.43
1787902558.0,-6.09,3.22,345.4,0.91,0.83,1.55,0.40,0.23,0.29,0.31,0.41,0.66,0.65,1.30,0.93,0.24,0.20,0.33,0.37
1787902558.5,-6.09,3.22,347.7,0.88,0.82,1.55,0.40,0.25,0.30,0.33,0.40,0.67,0.64,1.29,0.95,0.25,0.22,0.33,0.40
1787902559.2,-6.04,3.21,347.5,0.86,0.80,1.52,0.40,0.27,0.29,0.31,0.40,0.68,0.67,1.31,0.94,0.23,0.20,0.33,0.36
1787902559.7,-6.04,3.20,347.5,0.85,0.79,1.52,0.40,0.24,0.28,0.31,0.40,0.68,0.69,1.29,0.93,0.22,0.21,0.32,0.39
1787902560.1,-6.04,3.21,346.4,0.88,0.79,1.50,0.40,0.25,0.28,0.30,0.40,0.69,0.68,1.30,0.92,0.24,0.21,0.32,0.37
1787902560.7,-6.04,3.20,346.6,0.86,0.81,1.52,0.40,0.26,0.28,0.30,0.41,0.68,0.69,1.32,0.94,0.24,0.20,0.34,0.37
1787902565.8,-6.05,3.19,237.5,0.27,0.22,0.20,0.34,1.04,0.85,0.85,1.51,0.38,0.25,0.30,0.32,0.58,0.64,0.66,1.33
1787902571.1,-6.06,3.20,343.3,0.92,0.79,1.46,0.40,0.29,0.27,0.32,0.40,0.73,0.71,1.27,1.71,0.22,0.21,0.31,0.36
1787902573.3,-6.06,3.20,355.7,0.85,0.88,1.20,0.37,0.25,0.30,0.37,0.60,0.66,0.68,1.46,0.25,0.20,0.23,0.34,1.00
1787902573.8,-5.88,3.19,354.1,0.87,0.87,1.22,0.37,0.24,0.30,0.35,0.60,0.64,0.67,1.46,0.26,0.20,0.26,0.33,0.98
1787902574.3,-5.65,3.17,356.6,0.79,0.87,1.40,0.34,0.29,0.28,0.36,0.66,0.71,0.75,1.51,0.26,0.20,0.29,0.31,0.92
1787902575.0,-5.33,3.15,353.7,0.67,0.65,1.41,1.00,0.34,0.30,0.41,0.54,0.82,0.86,0.34,0.23,0.24,0.23,0.83,0.82
1787902575.5,-5.03,3.13,355.2,0.56,0.51,1.23,0.96,0.36,0.39,0.34,0.59,0.94,1.46,0.31,0.27,0.22,0.19,0.77,0.71
1787902576.0,-4.99,3.13,351.0,0.49,0.41,0.57,0.99,0.85,0.34,0.44,0.62,1.03,1.53,0.35,0.21,0.20,0.70,0.78,0.60
1787902583.3,-5.01,3.13,177.1,1.04,1.59,0.32,0.20,1.18,0.73,0.79,0.57,0.49,0.42,1.21,0.98,0.89,0.38,0.43,0.69
1787902583.8,-5.20,3.15,172.2,1.04,1.57,0.34,0.19,1.19,0.72,0.81,0.56,0.50,0.43,1.20,0.96,0.89,0.37,0.43,0.70
1787902584.2,-5.42,3.16,173.6,0.93,1.48,0.31,0.27,0.18,0.69,0.78,0.67,0.56,0.52,1.29,0.95,0.36,0.41,0.38,0.66
1787902592.7,-0.00,0.00,163.5,0.16,0.11,0.09,0.11,0.30,0.88,1.01,0.61,1.50,1.38,0.20,0.17,0.14,0.10,0.10,0.17
1787902599.9,0.02,-0.00,349.6,1.43,0.52,0.18,0.16,0.09,0.10,0.12,0.15,0.15,0.11,0.09,0.29,1.93,0.98,0.82,0.67
1787902600.4,0.21,-0.04,350.3,1.44,0.53,0.20,0.17,0.11,0.08,0.12,0.17,0.14,0.10,0.11,0.28,1.94,0.97,0.84,0.67
1787902600.8,0.44,-0.08,347.7,1.34,0.47,0.16,0.13,0.15,0.14,0.14,0.21,0.22,0.18,0.21,0.34,1.94,0.91,0.55,0.63
1787902601.3,0.69,-0.13,349.9,1.26,1.41,0.29,0.15,0.11,0.15,0.22,0.21,0.33,0.25,0.37,0.44,1.96,0.86,0.42,0.68
1787902601.8,0.91,-0.18,348.2,1.15,1.13,0.33,0.16,0.15,0.13,0.18,0.27,0.41,0.34,0.41,1.34,0.87,0.86,0.41,0.63
1787902602.3,1.18,-0.25,345.3,1.09,1.06,0.27,0.26,0.16,0.15,0.16,0.35,0.48,0.45,0.48,1.54,0.86,0.42,0.35,0.57
1787902602.8,1.39,-0.30,346.1,1.01,0.99,0.46,0.22,0.23,0.20,0.23,0.28,0.60,0.56,0.58,1.60,0.89,0.32,0.32,0.50
1787902603.2,1.62,-0.36,346.7,0.93,0.89,1.55,0.37,0.22,0.28,0.24,0.32,0.68,0.65,1.23,1.72,0.29,0.25,0.35,0.44
1787902603.7,1.83,-0.41,347.1,0.85,0.78,1.44,0.35,0.24,0.24,0.29,0.38,0.73,0.74,1.33,0.99,0.24,0.24,0.36,1.13
1787902604.1,2.05,-0.45,352.3,0.77,0.69,1.35,0.37,0.34,0.24,0.35,0.45,0.80,0.79,1.39,0.31,0.23,0.28,0.31,0.94
1787902604.6,2.32,-0.50,345.4,0.67,0.61,1.27,1.05,0.34,0.35,0.29,0.47,0.90,0.85,1.48,0.22,0.26,0.23,0.25,0.85
1787902605.2,2.40,-0.52,346.0,0.59,0.53,0.62,1.06,0.86,0.37,0.36,0.52,1.01,0.91,0.31,0.28,0.23,0.17,0.77,0.73
1787902612.3,2.42,-0.53,162.2,0.88,0.99,0.48,0.28,0.23,0.19,0.75,0.85,0.62,0.58,0.60,1.28,0.97,0.35,0.43,0.49
1787902612.8,2.25,-0.46,159.7,0.86,0.99,0.46,0.28,0.24,0.17,0.74,0.85,0.61,0.57,0.60,1.30,0.97,0.35,0.41,0.48
1787902613.2,2.05,-0.37,155.4,0.61,0.89,1.39,0.28,0.28,0.25,0.21,0.89,0.76,0.65,0.67,1.32,0.94,0.35,0.33,0.42
1787902613.7,2.01,-0.35,154.4,0.50,0.76,0.82,0.39,0.26,0.28,0.27,0.89,0.86,0.72,0.73,1.32,0.32,0.31,0.25,0.35
1787902617.2,2.01,-0.35,195.4,0.78,1.55,0.24,0.27,0.29,0.29,0.86,0.71,0.69,1.43,0.35,0.32,0.25,0.34,0.47,0.83
1787902617.6,1.83,-0.39,190.1,0.79,1.55,0.25,0.27,0.30,0.32,0.86,0.72,0.70,1.43,0.36,0.32,0.25,0.35,0.48,0.80
1787902618.1,1.61,-0.43,190.2,0.72,1.38,0.30,0.21,0.28,0.30,0.95,0.79,0.75,1.47,0.37,0.34,0.22,0.34,0.45,0.75
1787902618.5,1.39,-0.47,190.7,0.67,1.29,0.89,0.21,0.21,0.31,0.36,0.86,0.80,1.55,0.40,0.26,0.29,0.34,0.41,0.66
1787902619.1,1.18,-0.50,188.6,0.58,1.22,1.75,0.22,0.22,0.20,0.38,0.98,0.88,1.63,0.46,0.28,0.30,0.34,0.52,0.54
1787902619.6,1.04,-0.52,191.5,0.47,1.11,1.58,0.78,0.23,0.23,0.28,1.10,1.00,1.70,0.35,0.34,0.30,0.35,0.55,0.45
1787902623.3,1.05,-0.52,235.0,1.49,0.76,0.24,0.23,0.26,1.14,0.96,1.72,0.33,0.35,0.32,0.33,0.49,0.45,0.47,1.07
1787902623.8,0.94,-0.67,234.5,1.52,0.76,0.25,0.24,0.28,1.12,1.00,1.73,0.34,0.35,0.32,0.32,0.47,0.44,0.50,1.07
1787902624.2,0.80,-0.84,230.4,1.41,0.68,0.65,0.16,0.21,0.50,1.08,1.73,0.44,0.41,0.36,0.46,0.57,0.43,0.41,1.00
1787902624.6,0.67,-1.02,231.0,1.32,0.61,0.56,0.46,0.17,0.21,1.16,1.78,0.51,0.47,0.40,0.51,0.46,0.45,0.33,0.95
1787902625.1,0.52,-1.19,230.1,1.21,0.55,0.52,0.55,0.23,0.19,1.19,1.87,0.60,0.51,0.50,0.55,0.40,0.34,0.32,0.90
1787902625.6,0.34,-1.40,231.2,1.11,0.47,0.48,0.49,0.46,0.26,0.23,1.96,0.72,0.59,0.58,0.62,0.40,0.25,0.48,0.79
1787902626.1,0.20,-1.57,232.2,1.08,0.43,0.41,0.40,0.48,0.37,0.29,2.03,0.76,0.63,0.62,0.42,0.40,0.35,0.48,0.74
1787902626.7,-0.01,-1.83,228.4,0.97,1.37,0.30,0.40,0.51,0.47,0.37,0.42,0.89,0.71,0.69,0.25,0.28,0.35,0.58,0.63
1787902627.2,-0.18,-2.02,227.4,0.72,1.37,0.24,0.26,0.38,0.52,0.49,0.47,1.15,0.81,0.78,0.26,0.31,0.61,0.51,0.56
1787902627.8,-0.34,-2.24,231.4,0.73,1.28,0.76,0.19,0.21,0.42,0.58,0.54,1.11,0.88,0.33,0.35,0.51,0.49,0.48,0.49
1787902628.2,-0.49,-2.41,227.0,0.67,1.17,1.00,1.20,0.18,0.41,0.63,0.63,1.16,0.97,0.40,0.36,0.56,0.42,0.41,0.44
1787902628.7,-0.51,-2.43,233.3,0.59,1.03,1.03,1.16,1.54,0.71,0.67,0.67,1.24,1.07,0.45,0.49,0.53,0.41,0.33,0.40
1787902633.5,-0.52,-2.43,315.1,1.48,0.67,0.67,0.68,1.43,1.03,0.47,0.43,0.55,0.38,0.36,0.37,0.43,0.83,1.05,1.08
1787902634.0,-0.40,-2.57,314.6,1.49,0.69,0.66,0.69,1.43,1.02,0.45,0.40,0.57,0.40,0.34,0.36,0.44,0.84,1.07,1.08
1787902634.4,-0.25,-2.73,313.0,1.26,0.62,0.30,0.68,2.23,1.11,0.51,0.46,0.66,0.45,0.39,0.43,0.60,1.00,1.00,1.02
1787902634.8,-0.09,-2.89,315.2,1.18,0.68,0.58,0.22,0.65,1.21,1.06,0.54,0.71,0.53,0.44,0.45,0.61,0.98,0.94,0.94
1787902635.3,0.06,-3.05,319.0,1.10,0.59,0.55,0.27,0.20,0.14,1.15,0.62,0.80,0.58,0.49,0.49,0.72,1.02,0.51,0.91
1787902635.7,0.21,-3.22,315.1,1.01,0.53,0.46,0.48,0.22,0.22,0.18,0.70,0.89,0.61,0.55,0.61,0.76,0.87,0.53,0.87
1787902636.2,0.35,-3.39,312.4,0.95,0.43,0.36,0.45,0.39,0.25,0.27,0.25,0.89,0.65,0.59,0.67,0.77,0.88,0.76,0.81
1787902636.8,0.44,-3.49,312.1,0.83,0.36,0.35,0.30,0.40,0.39,0.30,0.33,1.07,0.74,0.64,0.74,0.93,0.42,0.62,0.69
1787902641.3,0.43,-3.50,236.5,0.83,0.45,0.64,0.71,1.01,0.35,0.32,0.42,0.40,0.33,0.33,0.37,0.89,0.73,0.72,0.80
1787902641.8,0.43,-3.50,230.5,0.28,0.44,0.62,0.69,1.03,0.34,0.31,0.43,0.42,0.35,0.33,0.87,0.88,0.73,0.72,0.79
1787902646.8,0.42,-3.50,150.4,0.86,0.72,0.71,0.75,0.36,0.71,0.66,0.74,1.10,0.36,0.29,0.42,0.42,0.30,0.36,0.90
1787902647.2,0.28,-3.37,136.8,0.88,0.70,0.71,0.76,0.34,0.72,0.64,0.74,1.11,0.36,0.29,0.44,0.42,0.29,0.38,0.89
1787902647.7,0.10,-3.23,140.3,0.82,0.65,0.63,0.75,0.93,0.43,0.65,0.75,1.12,0.42,0.35,0.45,0.40,0.26,0.29,0.80
1787902648.1,-0.06,-3.08,140.1,0.73,0.59,0.53,0.67,0.89,0.88,0.73,0.84,1.17,0.51,0.47,0.51,0.26,0.25,0.24,0.74
1787902648.5,-0.23,-2.94,142.9,0.65,0.50,0.47,0.59,0.72,0.88,0.56,0.89,1.26,0.56,0.57,0.45,0.24,0.19,0.66,0.73
1787902649.1,-0.44,-2.78,139.3,0.56,0.43,0.47,0.51,0.73,0.91,0.49,0.96,1.35,0.58,0.60,0.28,0.16,1.17,0.62,0.72
1787902649.6,-0.47,-2.75,139.9,0.47,0.39,0.36,0.38,0.56,1.02,0.94,1.04,1.43,0.63,0.64,0.72,1.49,1.14,0.56,0.65
1787902656.0,-0.48,-2.74,290.0,0.93,1.24,0.74,0.67,0.21,0.80,1.20,0.56,0.54,0.64,0.44,0.35,0.39,0.55,0.76,0.98
1787902656.5,-0.42,-2.92,289.7,0.92,1.24,0.75,0.66,0.21,0.78,1.21,0.58,0.54,0.61,0.42,0.36,0.39,0.55,0.75,1.00
1787902656.9,-0.35,-3.13,291.5,0.85,1.09,0.69,0.62,0.34,0.21,1.30,0.64,0.59,0.66,0.44,0.40,0.39,0.53,0.87,0.91
1787902657.4,-0.27,-3.36,287.9,0.78,0.95,1.69,0.55,0.62,0.32,0.24,1.20,0.67,0.63,0.46,0.43,0.43,0.56,0.86,0.79
1787902657.8,-0.21,-3.58,290.7,0.68,0.84,1.37,0.59,0.64,0.42,0.37,1.33,0.76,0.68,0.49,0.42,0.48,0.60,0.86,0.72
1787902658.3,-0.13,-3.79,286.4,0.62,0.76,1.30,0.57,0.57,0.59,0.42,1.40,0.85,0.75,0.53,0.46,0.50,0.56,0.71,0.63
1787902658.8,-0.12,-3.83,287.8,0.56,0.70,1.13,0.52,0.50,0.68,0.46,0.42,0.89,0.79,0.57,0.52,0.51,0.57,0.65,0.23
1787902662.1,-0.13,-3.82,329.6,0.91,2.56,0.53,0.64,0.47,0.42,0.91,0.86,0.56,0.51,0.50,0.52,0.74,0.58,0.35,0.69
1787902662.6,0.02,-3.92,325.9,0.92,2.55,0.54,0.64,0.47,0.46,0.90,0.85,0.60,0.46,0.51,0.56,0.74,0.61,0.34,0.68
1787902663.1,0.23,-4.06,326.2,0.91,2.61,0.54,0.64,0.47,0.44,0.91,0.83,0.58,0.52,0.52,0.53,0.74,0.55,0.58,0.69
1787902663.5,0.42,-4.17,330.1,0.92,2.57,0.51,0.65,0.46,0.43,0.92,0.84,0.59,0.52,0.52,0.54,0.73,0.56,0.55,0.69
1787902664.0,0.62,-4.29,330.4,0.93,2.58,0.53,0.66,0.46,0.42,0.91,0.83,0.59,0.51,0.51,0.55,0.70,0.56,0.57,0.69
1787902664.4,0.82,-4.38,332.2,0.93,2.58,0.52,0.64,0.46,0.44,0.93,0.85,0.59,0.51,0.51,0.53,0.72,0.57,0.58,0.69
1787902664.9,1.01,-4.52,327.1,1.12,2.58,0.51,0.63,0.46,0.41,0.90,0.83,0.57,0.50,0.53,0.56,0.63,0.24,0.55,0.70
1787902665.6,1.31,-4.72,326.8,0.92,2.60,0.54,0.64,0.47,0.43,0.92,0.85,0.61,0.49,0.53,0.54,0.71,0.58,0.58,0.68
1787902666.0,1.49,-4.86,326.9,0.91,2.53,0.54,0.64,0.48,0.44,0.93,0.97,0.60,0.48,0.50,0.54,0.77,0.56,0.33,0.68
1787902666.5,1.67,-4.99,321.2,0.89,2.49,0.54,0.64,0.45,0.43,0.92,0.98,0.59,0.51,0.51,0.58,0.76,0.59,0.34,0.68
1787902667.0,1.85,-5.11,329.0,0.91,2.50,0.53,0.63,0.48,0.43,0.91,1.00,0.60,0.49,0.52,0.55,0.77,0.56,0.34,0.68
1787902667.5,1.92,-5.16,324.7,0.89,2.16,0.55,0.64,0.47,0.44,0.92,1.01,0.58,0.48,0.50,0.57,0.73,0.57,0.32,0.66
1787902673.9,1.93,-5.18,117.5,1.02,0.62,0.46,0.51,0.57,0.74,0.65,0.14,0.61,0.88,1.68,0.55,0.64,0.60,0.46,0.93
1787902674.4,1.85,-5.01,116.8,1.03,0.62,0.47,0.49,0.55,0.72,0.68,0.15,0.62,0.86,1.70,0.54,0.64,0.60,0.47,0.93
1787902674.8,1.75,-4.81,116.0,0.96,0.62,0.49,0.48,0.51,0.72,0.69,0.26,0.65,0.93,1.70,0.56,0.65,0.43,0.41,0.85
1787902675.3,1.67,-4.61,115.0,0.85,0.64,0.49,0.41,0.46,0.60,0.82,0.70,0.69,0.99,1.77,0.56,0.63,0.39,0.31,0.77
1787902675.7,1.58,-4.40,114.5,0.77,0.59,0.39,0.39,0.46,0.60,0.90,0.76,0.78,1.10,0.66,0.59,0.57,0.32,1.31,0.70
1787902676.1,1.50,-4.19,112.3,0.67,0.52,0.38,0.38,0.34,0.51,0.88,0.88,0.86,1.18,0.70,0.69,0.34,0.81,1.24,0.65
1787902676.6,1.41,-3.99,114.7,0.62,0.46,0.39,0.31,0.36,0.51,0.75,0.98,0.86,1.27,0.75,0.68,0.74,2.29,1.14,0.57
1787902677.0,1.32,-3.78,115.9,0.51,0.51,0.36,0.30,0.35,0.38,0.77,1.08,1.02,1.32,0.74,0.23,0.75,1.51,1.11,0.46
1787902677.5,1.31,-3.75,114.0,0.44,0.47,0.29,0.29,0.28,0.40,0.80,1.13,1.11,1.42,0.75,0.73,0.72,1.44,0.43,0.36
1787902684.3,1.32,-3.76,319.6,1.58,0.26,0.75,0.73,1.23,0.43,0.36,0.45,0.46,0.33,0.30,0.29,0.38,0.83,1.16,1.14
1787902686.4,1.32,-3.76,305.2,1.24,0.90,0.31,0.78,0.81,1.13,0.43,0.34,0.48,0.32,0.33,0.29,0.31,0.41,1.11,1.08
1787902687.0,1.43,-3.92,303.6,1.24,0.91,0.35,0.77,0.79,1.12,0.41,0.35,0.49,0.31,0.31,0.27,0.32,0.41,1.10,1.10
1787902687.4,1.53,-4.12,297.3,1.17,1.62,0.73,0.70,0.72,1.26,0.48,0.41,0.56,0.40,0.36,0.30,0.40,0.58,1.10,1.02
1787902687.9,1.62,-4.32,300.3,1.07,1.48,0.64,0.33,0.73,1.48,1.15,0.51,0.63,0.43,0.37,0.35,0.37,0.59,1.04,0.96
1787902688.4,1.77,-4.55,298.8,0.98,1.35,0.62,0.62,0.31,1.53,1.16,0.64,0.73,0.54,0.39,0.41,0.48,0.71,0.91,0.53
1787902689.0,1.80,-4.58,299.3,0.90,1.26,0.61,0.61,0.33,0.30,1.24,0.70,0.81,0.59,0.47,0.41,0.53,0.65,0.81,0.38
1787902691.3,1.80,-4.58,318.6,1.08,0.61,0.58,0.53,0.32,1.29,0.70,0.79,0.61,0.44,0.47,0.53,0.66,0.83,0.42,0.87
1787902691.7,1.93,-4.71,314.8,1.07,0.62,0.60,0.53,0.29,1.29,0.70,0.79,0.60,0.45,0.42,0.52,0.66,0.82,0.42,0.88
1787902692.2,2.08,-4.87,312.7,1.00,0.53,0.48,0.55,0.30,0.30,0.82,0.75,0.69,0.53,0.46,0.53,0.66,0.81,0.26,0.81
1787902692.6,2.25,-5.03,308.1,0.90,1.62,0.47,0.52,0.49,0.35,0.32,0.80,0.78,0.60,0.53,0.61,0.84,0.78,0.42,0.74
1787902693.2,2.43,-5.23,309.5,0.82,1.43,0.40,0.35,0.53,0.42,0.41,0.92,0.91,0.71,0.64,0.69,0.84,0.33,0.62,0.65
1787902693.6,2.57,-5.41,309.9,0.73,1.10,0.34,0.37,0.48,0.51,0.42,0.45,1.10,0.78,0.71,0.73,0.25,0.32,0.53,0.59
1787902694.1,2.72,-5.58,311.1,0.62,0.97,2.35,0.30,0.34,0.56,0.48,0.53,1.22,0.84,0.76,0.23,0.31,0.48,0.45,0.51
1787902694.5,2.87,-5.74,310.8,0.54,0.88,2.27,0.26,0.33,0.54,0.59,0.59,1.30,0.88,0.28,0.32,0.27,0.48,0.38,0.42
1787902695.0,2.90,-5.77,308.3,0.44,0.76,2.21,0.51,0.22,0.37,0.66,0.68,1.36,0.92,0.34,0.33,0.45,0.36,0.36,0.36
1787902702.7,2.92,-5.78,128.7,1.40,0.98,0.33,0.32,0.45,0.40,0.36,0.37,0.41,0.71,1.81,0.71,0.23,0.38,0.65,0.66
1787902703.1,2.92,-5.79,127.5,1.40,0.97,0.32,0.33,0.46,0.38,0.37,0.34,0.41,0.72,1.80,0.71,0.24,0.36,0.64,0.66
1787902703.5,2.81,-5.63,124.4,1.38,0.97,0.35,0.30,0.46,0.38,0.35,0.36,0.41,0.69,1.80,0.71,0.24,0.35,0.63,0.67
1787902704.0,2.68,-5.44,125.8,1.30,0.91,0.29,0.32,0.27,0.49,0.39,0.43,0.47,0.79,1.82,0.33,0.31,0.35,0.61,0.60
1787902704.4,2.54,-5.27,129.6,1.23,0.84,0.78,0.23,0.32,0.49,0.46,0.50,0.54,0.88,2.31,0.30,0.33,0.53,0.54,0.54
1787902704.9,2.42,-5.08,132.3,1.15,0.81,0.70,0.74,0.22,0.32,0.56,0.57,0.62,1.04,2.37,0.35,0.35,0.51,0.39,0.47
1787902705.5,2.40,-5.05,128.4,1.06,0.72,0.62,0.67,0.74,0.35,0.63,0.60,0.70,1.12,0.37,0.36,0.49,0.46,0.34,0.39
1787902712.7,2.41,-5.06,312.3,0.80,1.42,0.40,0.35,0.48,0.45,0.36,0.39,1.09,0.68,0.64,0.71,0.83,0.36,0.62,0.65
1787902713.1,2.52,-5.21,309.3,0.83,1.39,0.40,0.35,0.48,0.46,0.38,0.39,1.05,0.72,0.63,0.69,0.86,0.36,0.64,0.66
1787902713.5,2.65,-5.39,307.3,0.70,1.07,0.31,0.36,0.43,0.49,0.38,0.46,1.14,0.77,0.71,0.72,0.25,0.35,0.56,0.61
1787902714.1,2.82,-5.60,308.5,0.55,0.89,2.32,0.27,0.33,0.52,0.54,0.54,1.22,0.86,0.80,0.24,0.31,0.49,0.43,0.52
1787902714.5,2.97,-5.77,310.3,0.53,0.83,2.25,0.25,0.32,0.36,0.61,0.60,1.32,0.91,0.29,0.36,0.30,0.49,0.40,0.42
1787902715.0,3.00,-5.81,312.6,0.46,0.72,2.20,0.53,0.23,0.36,0.64,0.66,1.41,1.00,0.37,0.34,0.49,0.35,0.37,0.33
1787902722.1,2.99,-5.79,140.1,1.18,0.92,0.39,0.34,0.49,0.34,0.35,0.32,0.47,0.85,2.15,0.45,0.24,0.38,0.67,0.69
1787902722.5,2.84,-5.67,137.4,1.17,0.90,0.38,0.32,0.50,0.32,0.35,0.34,0.48,0.87,2.14,0.48,0.25,0.38,0.67,0.71
1787902722.9,2.68,-5.52,135.5,1.12,0.82,0.30,0.32,0.46,0.38,0.42,0.38,0.55,0.94,2.19,0.24,0.34,0.59,0.58,0.64
1787902723.4,2.52,-5.36,138.9,1.04,0.77,0.23,0.32,0.29,0.49,0.44,0.48,0.63,1.26,2.29,0.32,0.36,0.57,0.49,1.10
1787902723.8,2.35,-5.20,133.0,0.96,0.72,0.68,0.18,0.27,0.49,0.45,0.54,0.70,1.33,0.33,0.37,0.53,0.55,0.49,1.01
1787902724.3,2.19,-5.05,133.7,0.90,0.70,0.67,0.69,0.16,0.31,0.55,0.62,0.78,1.42,0.39,0.36,0.53,0.47,0.43,0.94
1787902724.8,2.04,-4.88,136.6,0.83,0.64,0.58,0.64,0.82,0.16,0.63,0.65,0.88,1.49,0.48,0.48,0.51,0.36,0.38,0.87
1787902725.3,1.86,-4.68,130.6,0.73,0.55,0.45,0.55,0.64,0.78,0.28,0.69,0.94,1.57,0.52,0.57,0.51,0.34,1.30,0.76
1787902725.7,1.69,-4.52,134.8,0.65,0.48,0.43,0.51,0.62,0.91,0.74,0.76,1.03,1.69,0.51,0.59,0.34,0.25,0.79,0.70
1787902726.2,1.66,-4.49,134.0,0.54,0.40,0.40,0.40,0.57,0.89,0.83,0.83,1.13,0.68,0.62,0.36,0.27,1.29,0.66,0.70
1787902731.5,1.67,-4.48,235.5,0.68,0.87,0.43,0.96,1.44,0.59,0.63,0.32,1.38,1.23,0.62,0.79,0.50,0.39,0.37,0.51
1787902732.0,1.54,-4.65,236.9,0.66,0.88,0.44,0.96,1.45,0.58,0.61,0.30,1.37,1.22,0.64,0.80,0.51,0.40,0.35,0.50
1787902732.4,1.41,-4.84,234.0,0.56,0.76,0.78,0.89,1.32,0.70,0.74,0.42,1.59,1.32,0.68,0.61,0.39,0.35,0.31,0.42
1787902732.9,1.39,-4.88,235.6,0.51,0.73,0.65,0.36,1.11,0.72,0.72,0.52,1.72,1.39,0.77,0.58,0.36,0.28,0.33,0.36
1787902739.6,1.39,-4.86,81.7,0.81,0.87,0.48,0.36,0.26,0.34,0.40,0.49,0.70,0.70,0.33,1.36,0.76,0.78,0.49,1.56
1787902740.1,1.40,-4.67,81.3,0.79,0.87,0.46,0.36,0.26,0.34,0.40,0.51,0.69,0.69,0.35,1.36,0.74,0.80,0.50,1.54
1787902740.5,1.44,-4.46,81.3,0.74,0.73,0.54,0.32,0.30,0.29,0.39,0.56,0.77,0.79,0.36,1.40,0.76,0.74,0.44,1.48
1787902741.0,1.47,-4.23,79.7,0.65,0.62,0.52,0.35,0.32,0.31,0.42,0.62,0.85,0.72,0.99,1.50,0.68,0.72,0.29,1.40
1787902741.4,1.50,-4.01,80.2,0.58,0.53,0.65,0.42,0.34,0.34,0.36,0.67,0.92,0.58,1.07,1.58,0.67,0.35,0.77,1.31
1787902741.9,1.56,-3.76,80.3,0.51,0.42,0.59,0.41,0.36,0.34,0.40,0.68,1.00,0.63,1.16,0.79,0.72,0.71,0.73,1.23
1787902742.5,1.56,-3.72,80.5,0.42,0.36,0.52,0.45,0.40,0.34,0.43,0.68,1.11,0.68,1.26,0.81,0.44,0.68,0.72,1.09
1787902749.8,1.56,-3.74,264.3,1.17,1.08,1.36,0.18,0.51,0.65,2.29,1.04,0.42,0.38,0.53,0.41,0.38,0.35,0.46,0.88
1787902750.2,1.54,-3.95,269.1,1.15,1.08,1.35,0.17,0.50,0.67,2.31,1.04,0.40,0.35,0.53,0.41,0.40,0.36,0.46,0.84
1787902750.7,1.49,-4.17,260.9,1.06,1.00,1.27,0.78,0.36,0.71,0.77,1.13,0.49,0.44,0.62,0.42,0.36,0.38,0.42,0.80
1787902751.1,1.46,-4.38,264.6,0.92,0.55,1.07,0.78,0.67,0.34,0.75,1.32,0.58,0.51,0.67,0.45,0.32,0.37,0.39,0.71
1787902751.6,1.43,-4.65,261.5,0.87,0.52,1.00,1.54,0.64,0.62,0.24,1.39,0.65,0.60,0.53,0.37,0.34,0.32,0.46,0.63
1787902752.3,1.36,-4.95,264.4,0.76,0.60,0.93,1.45,0.72,0.73,0.45,1.51,0.79,0.80,0.53,0.36,0.28,0.35,0.41,0.55
1787902752.7,1.33,-5.17,264.2,0.64,0.66,0.31,1.09,0.71,0.73,0.54,0.39,0.85,0.88,0.58,0.40,0.31,0.33,0.40,0.50
1787902753.2,1.30,-5.45,260.6,0.56,0.53,0.43,0.24,2.76,0.71,0.79,0.53,0.94,0.99,0.47,0.30,0.32,0.31,0.39,0.56
1787902753.7,1.30,-5.49,261.1,0.47,0.47,0.37,0.23,0.25,0.77,0.90,0.65,1.03,1.04,0.47,0.34,0.29,0.30,0.33,0.49
1787902760.2,1.29,-5.47,108.1,0.74,0.32,0.33,0.30,0.32,0.31,0.56,0.54,0.51,0.37,0.22,0.22,0.76,0.71,1.67,0.97
1787902766.2,1.30,-5.46,242.8,0.50,0.46,0.48,0.39,0.21,0.24,0.78,0.88,0.63,1.04,1.06,0.48,0.34,0.29,0.30,0.33
1787902773.2,1.30,-5.44,79.0,0.50,1.05,0.47,0.34,0.29,0.31,0.31,0.51,0.48,0.45,0.39,0.22,0.26,0.80,0.88,0.64
1787902773.6,1.34,-5.26,81.5,1.01,1.06,0.48,0.33,0.27,0.30,0.31,0.50,0.46,0.48,0.36,0.20,0.25,0.77,0.88,0.62
1787902774.1,1.37,-5.04,83.1,0.93,1.00,0.46,0.30,0.32,0.29,0.37,0.54,0.54,0.54,0.43,0.25,2.79,0.71,0.80,0.53
1787902774.5,1.40,-4.82,83.3,0.87,0.91,0.45,0.35,0.29,0.32,0.43,0.63,0.61,0.64,0.30,1.10,0.72,0.74,0.56,1.60
1787902775.2,1.44,-4.49,83.4,0.76,0.80,0.54,0.35,0.30,0.35,0.41,0.54,0.74,0.61,0.33,1.42,0.72,0.75,0.46,1.50
