1787896245.8,0.00,0.00,196.4,0.30,0.28,0.45,1.94,1.03,0.48,0.28,0.28,0.26,0.31,0.54,1.71,0.91,0.34,0.29,0.23,tick=76495 goal=0
1787896249.6,-0.00,-0.00,254.3,0.74,2.40,0.57,0.39,0.26,0.30,0.26,0.49,0.96,2.10,0.56,0.32,0.25,0.26,0.28,0.30,tick=76882 goal=0
1787896255.8,-0.01,0.02,105.2,0.74,0.33,0.29,0.21,0.27,0.23,0.43,2.35,1.00,0.49,0.28,0.29,0.26,0.32,0.56,2.10,tick=77489 goal=0
1787896261.9,-0.01,0.02,252.7,0.95,1.71,0.53,0.39,0.26,0.26,0.28,0.49,1.01,1.39,0.56,0.29,0.24,0.25,0.26,0.37,tick=78129 goal=0
1787896262.1,-0.03,-0.05,255.0,0.73,2.42,0.57,0.38,0.24,0.29,0.29,0.48,1.00,2.13,0.57,0.32,0.23,0.25,0.27,0.35,tick=78158 goal=0
1787896262.7,-0.06,-0.13,254.0,0.66,2.35,0.69,0.38,0.28,0.30,0.30,0.45,1.00,2.17,0.58,0.31,0.23,0.27,0.23,0.31,tick=78192 goal=0
1787896269.5,-0.06,-0.11,91.5,2.20,0.59,0.32,0.22,0.27,0.23,0.30,0.65,2.33,0.70,0.41,0.26,0.31,0.30,0.45,0.98,tick=78897 goal=0
1787896269.7,-0.06,-0.05,91.5,2.14,0.57,0.29,0.21,0.22,0.24,0.24,0.66,2.31,0.73,0.40,0.27,0.32,0.32,0.49,0.93,tick=78919 goal=0
1787896269.9,-0.06,0.01,92.6,2.11,0.58,0.31,0.23,0.23,0.26,0.23,0.49,2.32,0.76,0.41,0.25,0.33,0.32,0.49,0.93,tick=78940 goal=0
1787896270.1,-0.07,0.07,92.3,2.06,0.54,0.29,0.22,0.21,0.24,0.26,0.50,2.34,0.78,0.43,0.26,0.31,0.29,0.50,0.90,tick=78960 goal=0
1787896270.3,-0.08,0.13,94.3,2.04,0.52,0.29,0.23,0.21,0.28,0.26,0.50,2.38,0.79,0.44,0.28,0.27,0.30,0.49,0.91,tick=78981 goal=0
1787896270.7,-0.08,0.22,91.5,2.00,0.50,0.27,0.22,0.21,0.25,0.27,0.49,2.39,0.76,0.46,0.30,0.28,0.29,0.46,0.89,tick=79012 goal=0
1787896270.9,-0.08,0.28,89.9,1.99,0.49,0.26,0.23,0.18,0.23,0.32,0.49,2.43,0.69,0.45,0.33,0.28,0.29,0.47,0.89,tick=79033 goal=0
1787896271.1,-0.08,0.34,89.2,1.96,0.46,0.24,0.25,0.21,0.22,0.32,0.53,2.44,0.68,0.46,0.35,0.27,0.31,0.46,0.88,tick=79054 goal=0
1787896271.3,-0.08,0.39,92.1,1.94,0.47,0.25,0.23,0.23,0.21,0.33,0.51,2.46,0.71,0.36,0.33,0.27,0.34,0.44,0.87,tick=79074 goal=0
1787896271.5,-0.09,0.46,90.6,1.94,0.45,0.25,0.20,0.21,0.21,0.34,0.54,2.48,0.68,0.34,0.32,0.26,0.33,0.44,0.86,tick=79095 goal=0
1787896271.8,-0.09,0.55,94.6,1.93,0.45,0.33,0.21,0.22,0.21,0.38,0.55,2.50,0.70,0.38,0.33,0.27,0.36,0.43,0.86,tick=79116 goal=0
1787896272.1,-0.09,0.62,94.7,1.85,0.48,0.35,0.19,0.20,0.22,0.30,0.45,2.55,0.72,0.41,0.30,0.28,0.36,0.41,0.86,tick=79154 goal=0
1787896272.3,-0.09,0.68,94.0,1.85,0.47,0.36,0.19,0.20,0.23,0.30,0.45,2.57,0.73,0.42,0.30,0.28,0.37,0.41,0.83,tick=79175 goal=0
1787896272.5,-0.10,0.75,88.7,1.84,0.47,0.34,0.20,0.17,0.24,0.27,0.45,2.59,0.75,0.44,0.28,0.31,0.38,0.40,0.82,tick=79196 goal=0
1787896272.8,-0.10,0.83,92.5,1.82,0.47,0.32,0.21,0.15,0.23,0.29,0.46,2.60,0.76,0.43,0.28,0.32,0.37,0.41,0.81,tick=79217 goal=0
1787896273.0,-0.09,0.89,94.0,1.76,0.44,0.30,0.25,0.17,0.22,0.28,0.50,2.65,0.79,0.44,0.28,0.34,0.34,0.39,0.77,tick=79247 goal=0
1787896273.2,-0.10,0.95,88.2,1.75,0.46,0.27,0.26,0.17,0.20,0.29,0.51,2.66,0.81,0.43,0.31,0.34,0.35,0.41,0.78,tick=79268 goal=0
1787896273.4,-0.10,1.01,91.6,1.71,0.46,0.25,0.28,0.20,0.18,0.30,0.52,2.70,0.81,0.41,0.31,0.35,0.32,0.41,0.80,tick=79289 goal=0
1787896273.6,-0.10,1.07,90.3,1.71,0.55,0.25,0.27,0.21,0.18,0.30,0.54,2.73,0.82,0.43,0.33,0.33,0.32,0.41,0.80,tick=79310 goal=0
1787896273.8,-0.10,1.13,90.6,1.69,0.52,0.26,0.26,0.26,0.18,0.30,0.57,2.73,0.82,0.41,0.31,0.34,0.31,0.39,0.86,tick=79331 goal=0
1787896274.0,-0.10,1.19,92.3,1.67,0.52,0.27,0.24,0.23,0.21,0.29,0.58,2.76,0.85,0.38,0.34,0.35,0.31,0.41,0.88,tick=79352 goal=0
1787896274.3,-0.10,1.25,90.8,1.64,0.49,0.25,0.22,0.25,0.22,0.24,0.58,2.78,0.80,0.38,0.34,0.33,0.29,0.39,0.87,tick=79372 goal=0
1787896274.5,-0.10,1.31,88.1,1.62,0.50,0.28,0.20,0.24,0.23,0.24,0.61,2.81,0.82,0.39,0.36,0.31,0.29,0.41,0.86,tick=79394 goal=0
1787896274.7,-0.10,1.37,87.9,1.60,0.47,0.27,0.19,0.23,0.25,0.24,0.60,2.83,0.84,0.39,0.37,0.31,0.30,0.44,0.84,tick=79415 goal=0
1787896274.9,-0.11,1.43,89.3,1.56,0.45,0.28,0.22,0.23,0.26,0.26,0.49,2.84,0.83,0.40,0.37,0.31,0.32,0.46,0.84,tick=79435 goal=0
1787896275.1,-0.11,1.49,90.6,1.56,0.44,0.26,0.20,0.21,0.26,0.27,0.51,2.87,0.72,0.39,0.37,0.29,0.31,0.46,0.82,tick=79456 goal=0
1787896275.3,-0.11,1.55,91.5,1.54,0.42,0.24,0.20,0.19,0.27,0.27,0.53,2.87,0.68,0.42,0.36,0.28,0.31,0.47,0.82,tick=79477 goal=0
1787896275.5,-0.11,1.61,90.5,1.50,0.42,0.23,0.21,0.17,0.26,0.29,0.53,2.90,0.71,0.41,0.35,0.27,0.30,0.48,0.79,tick=79498 goal=0
1787896275.7,-0.11,1.67,89.1,1.49,0.36,0.24,0.22,0.18,0.27,0.28,0.53,2.91,0.70,0.44,0.35,0.27,0.32,0.46,0.79,tick=79519 goal=0
1787896275.9,-0.12,1.73,92.5,1.47,0.36,0.24,0.20,0.19,0.27,0.30,0.55,2.92,0.73,0.46,0.32,0.29,0.32,0.48,0.77,tick=79539 goal=0
1787896276.1,-0.12,1.79,91.8,1.43,0.36,0.27,0.19,0.17,0.20,0.33,0.56,2.95,0.75,0.48,0.30,0.27,0.32,0.46,0.74,tick=79560 goal=0
1787896276.3,-0.12,1.85,91.3,1.43,0.36,0.27,0.17,0.18,0.19,0.35,0.56,2.98,0.76,0.48,0.31,0.28,0.33,0.44,0.73,tick=79581 goal=0
1787896276.5,-0.13,1.91,90.1,1.41,0.42,0.30,0.19,0.17,0.20,0.35,0.58,3.00,0.75,0.47,0.29,0.27,0.34,0.45,0.73,tick=79602 goal=0
1787896276.8,-0.13,1.97,92.2,1.37,0.43,0.28,0.18,0.17,0.18,0.36,0.58,2.99,0.77,0.49,0.30,0.27,0.38,0.45,0.72,tick=79623 goal=0
1787896277.0,-0.13,2.04,92.4,1.36,0.43,0.27,0.17,0.18,0.20,0.33,0.43,3.00,0.81,0.48,0.29,0.27,0.36,0.43,0.68,tick=79643 goal=0
1787896277.2,-0.13,2.11,90.3,1.33,0.43,0.25,0.23,0.16,0.23,0.28,0.46,3.00,0.83,0.47,0.30,0.30,0.38,0.42,0.68,tick=79672 goal=0
1787896277.5,-0.13,2.17,92.3,1.31,0.41,0.23,0.21,0.16,0.21,0.25,0.47,3.00,0.84,0.46,0.31,0.30,0.38,0.41,0.88,tick=79692 goal=0
1787896277.8,-0.13,2.23,91.5,1.30,0.51,0.22,0.21,0.16,0.21,0.24,0.49,3.00,0.79,0.42,0.32,0.32,0.35,0.43,0.82,tick=79713 goal=0
1787896278.1,-0.14,2.34,91.8,1.26,0.44,0.21,0.21,0.18,0.16,0.27,0.51,2.98,0.66,0.39,0.31,0.33,0.35,0.47,0.86,tick=79744 goal=0
1787896278.3,-0.14,2.43,94.2,1.23,0.47,0.19,0.18,0.20,0.18,0.27,0.53,3.00,0.68,0.37,0.33,0.32,0.35,0.49,0.85,tick=79773 goal=0
1787896278.5,-0.15,2.48,92.1,1.22,0.44,0.22,0.16,0.20,0.20,0.29,0.56,3.00,0.71,0.39,0.32,0.34,0.35,0.50,0.86,tick=79801 goal=0
1787896278.8,-0.15,2.55,91.1,1.17,0.45,0.21,0.14,0.19,0.22,0.25,0.56,3.00,0.73,0.41,0.33,0.32,0.31,0.48,0.84,tick=79828 goal=0
1787896279.0,-0.15,2.61,94.2,1.14,0.43,0.24,0.15,0.17,0.22,0.22,0.60,2.98,0.76,0.40,0.35,0.32,0.34,0.48,0.81,tick=79848 goal=0
1787896279.2,-0.15,2.67,95.3,1.13,0.41,0.23,0.15,0.14,0.21,0.25,0.59,2.98,0.75,0.41,0.36,0.32,0.32,0.47,0.78,tick=79869 goal=0
1787896279.4,-0.15,2.73,89.5,1.10,0.42,0.22,0.19,0.14,0.22,0.25,0.61,3.00,0.77,0.41,0.35,0.31,0.32,0.45,0.78,tick=79890 goal=0
1787896279.7,-0.15,2.82,92.0,1.09,0.37,0.22,0.18,0.15,0.18,0.27,0.61,3.00,0.78,0.42,0.37,0.29,0.36,0.45,0.78,tick=79921 goal=0
1787896280.1,-0.15,2.91,92.0,1.05,0.36,0.24,0.15,0.16,0.15,0.28,0.46,3.00,0.81,0.40,0.35,0.31,0.32,0.41,0.75,tick=79952 goal=0
1787896280.4,-0.15,2.97,91.6,1.02,0.35,0.27,0.16,0.15,0.15,0.30,0.47,2.99,0.81,0.42,0.37,0.30,0.35,0.40,0.74,tick=79973 goal=0
1787896280.6,-0.15,3.06,90.1,0.99,0.51,0.26,0.18,0.18,0.16,0.29,0.48,3.00,0.83,0.45,0.34,0.28,0.37,0.40,0.75,tick=80004 goal=0
1787896280.8,-0.16,3.12,93.3,0.96,0.50,0.25,0.17,0.17,0.17,0.20,0.48,3.00,0.85,0.43,0.33,0.30,0.39,0.38,0.93,tick=80024 goal=0
1787896281.0,-0.16,3.18,91.4,0.95,0.50,0.24,0.19,0.15,0.19,0.21,0.49,3.00,0.85,0.45,0.33,0.33,0.36,0.48,0.94,tick=80045 goal=0
1787896281.2,-0.16,3.24,94.4,0.91,0.46,0.23,0.20,0.15,0.17,0.19,0.44,3.00,0.89,0.45,0.34,0.32,0.36,0.49,0.93,tick=80066 goal=0
1787896281.4,-0.16,3.30,96.3,0.89,0.46,0.23,0.18,0.15,0.18,0.20,0.43,3.00,0.88,0.48,0.31,0.31,0.36,0.51,0.92,tick=80087 goal=0
1787896281.9,-0.16,3.36,90.7,0.88,0.45,0.18,0.21,0.16,0.19,0.23,0.45,2.99,0.88,0.48,0.33,0.33,0.31,0.48,0.92,tick=80108 goal=0
1787896288.8,-0.16,3.37,266.2,1.60,1.00,0.51,0.34,0.33,0.34,0.36,0.61,0.98,0.94,0.23,0.23,0.18,0.17,0.21,0.41,tick=80825 goal=0
1787896289.0,-0.17,3.32,266.3,1.32,1.01,0.49,0.34,0.31,0.33,0.34,0.61,0.99,0.98,0.24,0.21,0.17,0.15,0.20,0.39,tick=80847 goal=0
1787896289.4,-0.17,3.23,265.8,1.33,1.01,0.51,0.37,0.31,0.36,0.33,0.62,1.00,0.97,0.24,0.22,0.16,0.15,0.19,0.39,tick=80878 goal=0
1787896289.6,-0.18,3.14,260.9,1.56,1.05,0.48,0.39,0.30,0.35,0.37,0.65,1.08,1.01,0.25,0.18,0.14,0.15,0.19,0.35,tick=80909 goal=0
1787896289.8,-0.19,3.08,264.3,1.52,1.14,0.47,0.39,0.30,0.36,0.38,0.66,1.09,1.03,0.28,0.16,0.15,0.16,0.16,0.35,tick=80930 goal=0
1787896290.4,-0.19,3.01,266.6,1.46,1.14,0.47,0.40,0.32,0.34,0.40,0.67,1.10,1.05,0.29,0.17,0.15,0.15,0.18,0.32,tick=80964 goal=0
1787896291.0,-0.19,3.00,261.1,1.45,1.16,0.47,0.38,0.31,0.34,0.39,0.66,1.09,1.06,0.28,0.17,0.15,0.16,0.17,0.33,tick=81018 goal=0
1787896291.4,-0.19,2.99,265.4,1.22,1.15,0.49,0.40,0.32,0.34,0.40,0.68,1.13,1.07,0.28,0.17,0.16,0.12,0.18,0.31,tick=81062 goal=0
1787896291.9,-0.19,2.98,265.8,1.23,1.15,0.47,0.39,0.32,0.34,0.40,0.70,1.11,1.09,0.28,0.15,0.15,0.14,0.18,0.31,tick=81107 goal=0
1787896292.4,-0.20,2.98,264.9,1.23,1.12,0.49,0.37,0.32,0.33,0.38,0.67,1.11,1.09,0.28,0.17,0.15,0.16,0.17,0.32,tick=81161 goal=0
1787896292.9,-0.20,2.97,264.0,1.21,1.15,0.48,0.41,0.32,0.35,0.41,0.65,1.13,0.63,0.27,0.15,0.15,0.14,0.21,0.30,tick=81205 goal=0
1787896293.3,-0.20,2.96,264.2,1.21,1.13,0.48,0.38,0.31,0.33,0.42,0.66,1.12,0.64,0.28,0.16,0.17,0.15,0.22,0.33,tick=81249 goal=0
1787896293.7,-0.20,2.95,266.1,1.20,1.15,0.50,0.40,0.33,0.35,0.42,0.68,1.12,0.64,0.28,0.16,0.15,0.14,0.24,0.32,tick=81294 goal=0
1787896294.2,-0.20,2.94,260.7,1.19,1.13,0.50,0.40,0.33,0.34,0.41,0.67,1.10,0.64,0.29,0.16,0.15,0.15,0.24,0.29,tick=81338 goal=0
1787896294.6,-0.20,2.93,265.0,1.21,1.12,0.48,0.41,0.34,0.32,0.44,0.69,1.12,0.62,0.28,0.15,0.15,0.15,0.24,0.33,tick=81382 goal=0
1787896295.1,-0.20,2.92,261.5,1.19,1.12,0.48,0.40,0.33,0.33,0.42,0.69,1.14,0.63,0.27,0.16,0.12,0.13,0.24,0.30,tick=81426 goal=0
1787896295.5,-0.20,2.91,262.8,1.19,1.12,0.50,0.40,0.34,0.34,0.42,0.67,1.14,0.62,0.27,0.16,0.15,0.13,0.24,0.28,tick=81470 goal=0
1787896296.1,-0.20,2.90,262.3,1.18,1.14,0.52,0.40,0.32,0.34,0.42,0.68,1.12,0.63,0.27,0.18,0.16,0.14,0.25,0.30,tick=81515 goal=0
1787896296.6,-0.20,2.89,261.6,1.17,1.13,0.51,0.40,0.34,0.32,0.44,0.68,1.13,0.64,0.28,0.15,0.15,0.13,0.25,0.29,tick=81579 goal=0
1787896297.1,-0.20,2.88,263.9,1.19,1.14,0.49,0.39,0.33,0.33,0.42,0.66,1.12,0.63,0.28,0.18,0.14,0.12,0.23,0.31,tick=81633 goal=0
1787896297.6,-0.21,2.87,263.1,1.18,1.13,0.49,0.39,0.35,0.34,0.44,0.67,1.14,0.64,0.27,0.16,0.15,0.14,0.23,0.30,tick=81677 goal=0
1787896298.0,-0.21,2.87,263.0,1.17,1.13,0.49,0.39,0.35,0.32,0.44,0.67,1.15,0.62,0.28,0.18,0.12,0.12,0.22,0.29,tick=81721 goal=0
1787896298.6,-0.21,2.82,261.7,1.16,1.14,0.50,0.40,0.34,0.34,0.44,0.68,1.16,0.63,0.26,0.16,0.12,0.13,0.25,0.28,tick=81776 goal=0
1787896299.0,-0.21,2.82,266.5,1.17,1.31,0.51,0.37,0.35,0.33,0.43,0.67,1.15,0.63,0.24,0.17,0.13,0.14,0.24,0.28,tick=81823 goal=0
1787896300.7,-0.21,2.81,276.9,3.00,0.75,0.42,0.37,0.31,0.37,0.46,1.11,1.13,0.34,0.19,0.15,0.11,0.18,0.23,0.65,tick=82013 goal=0
1787896301.1,-0.20,2.72,276.8,3.00,0.75,0.41,0.37,0.34,0.36,0.48,1.11,1.16,0.38,0.19,0.15,0.13,0.20,0.23,0.61,tick=82045 goal=0
1787896301.5,-0.18,2.58,272.6,3.00,0.72,0.41,0.34,0.36,0.34,0.50,1.14,1.22,0.37,0.19,0.11,0.17,0.19,0.22,0.58,tick=82096 goal=0
1787896301.7,-0.17,2.52,274.8,3.00,0.71,0.39,0.34,0.34,0.34,0.51,0.92,1.26,0.38,0.18,0.15,0.19,0.18,0.27,0.56,tick=82116 goal=0
1787896301.9,-0.17,2.46,276.8,3.00,0.68,0.40,0.33,0.35,0.37,0.53,0.94,1.26,0.32,0.15,0.15,0.19,0.18,0.27,0.54,tick=82137 goal=0
1787896302.1,-0.16,2.40,276.7,3.00,0.67,0.39,0.32,0.34,0.34,0.53,0.95,1.28,0.34,0.17,0.18,0.20,0.17,0.27,0.55,tick=82158 goal=0
1787896302.4,-0.15,2.34,272.4,3.00,0.65,0.39,0.30,0.34,0.35,0.54,0.95,1.32,0.34,0.20,0.22,0.17,0.17,0.27,0.51,tick=82179 goal=0
1787896302.6,-0.15,2.25,276.0,2.99,0.63,0.38,0.30,0.32,0.36,0.50,0.96,1.35,0.33,0.19,0.22,0.17,0.18,0.28,0.53,tick=82210 goal=0
1787896302.8,-0.14,2.19,273.5,3.00,0.66,0.40,0.32,0.32,0.37,0.47,0.92,1.34,0.36,0.22,0.20,0.16,0.21,0.25,0.48,tick=82231 goal=0
1787896303.0,-0.13,2.14,273.9,2.99,0.66,0.42,0.32,0.30,0.36,0.46,0.95,1.37,0.38,0.22,0.19,0.16,0.21,0.34,0.47,tick=82252 goal=0
1787896303.3,-0.13,2.06,275.5,3.00,0.67,0.47,0.30,0.30,0.38,0.45,0.94,1.38,0.38,0.24,0.19,0.18,0.19,0.37,0.62,tick=82278 goal=0
1787896303.5,-0.12,2.00,277.7,3.00,0.76,0.47,0.29,0.29,0.37,0.43,0.96,1.39,0.38,0.29,0.18,0.18,0.22,0.35,0.59,tick=82299 goal=0
1787896303.7,-0.12,1.94,273.6,3.00,0.75,0.47,0.30,0.30,0.36,0.46,0.96,1.44,0.31,0.29,0.17,0.18,0.22,0.36,0.60,tick=82320 goal=0
1787896303.9,-0.11,1.88,271.2,3.00,0.74,0.45,0.30,0.28,0.35,0.46,0.96,1.48,0.35,0.28,0.18,0.20,0.20,0.34,0.59,tick=82342 goal=0
1787896304.2,-0.11,1.82,273.2,3.00,0.71,0.44,0.30,0.30,0.35,0.46,0.99,1.50,0.34,0.22,0.21,0.20,0.21,0.33,0.60,tick=82363 goal=0
1787896304.4,-0.10,1.76,272.3,2.99,0.71,0.44,0.30,0.28,0.33,0.47,0.79,1.50,0.38,0.22,0.21,0.20,0.26,0.34,0.59,tick=82384 goal=0
1787896304.6,-0.09,1.70,275.1,2.96,0.68,0.42,0.33,0.30,0.34,0.48,0.80,1.52,0.37,0.21,0.21,0.19,0.28,0.29,0.58,tick=82405 goal=0
1787896304.8,-0.09,1.64,275.1,2.95,0.70,0.40,0.33,0.28,0.31,0.50,0.81,1.54,0.38,0.26,0.19,0.19,0.30,0.28,0.69,tick=82426 goal=0
1787896305.0,-0.08,1.58,276.2,2.93,0.66,0.40,0.32,0.28,0.31,0.47,0.81,1.55,0.42,0.24,0.20,0.19,0.29,0.29,0.69,tick=82447 goal=0
1787896305.2,-0.08,1.52,273.5,2.94,0.66,0.39,0.35,0.28,0.30,0.50,0.84,1.60,0.41,0.25,0.19,0.21,0.27,0.27,0.68,tick=82468 goal=0
1787896305.4,-0.07,1.46,272.8,2.91,0.63,0.39,0.36,0.28,0.32,0.52,0.84,1.60,0.44,0.25,0.20,0.24,0.27,0.28,0.67,tick=82489 goal=0
1787896305.6,-0.07,1.40,273.9,2.89,0.62,0.37,0.36,0.28,0.32,0.48,0.85,1.64,0.47,0.26,0.20,0.24,0.26,0.25,0.64,tick=82510 goal=0
1787896305.9,-0.06,1.31,273.5,2.83,0.61,0.37,0.34,0.29,0.30,0.43,0.89,1.66,0.51,0.27,0.23,0.26,0.23,0.29,0.62,tick=82540 goal=0
1787896306.2,-0.05,1.22,272.4,2.79,0.61,0.36,0.34,0.30,0.28,0.43,0.90,1.67,0.50,0.26,0.26,0.25,0.22,0.34,0.60,tick=82571 goal=0
1787896306.5,-0.04,1.17,273.8,2.77,0.73,0.34,0.34,0.31,0.30,0.40,0.94,1.70,0.42,0.27,0.27,0.23,0.21,0.34,0.57,tick=82592 goal=0
1787896306.7,-0.04,1.11,273.4,2.77,0.72,0.36,0.31,0.32,0.31,0.39,0.94,1.75,0.40,0.26,0.28,0.23,0.20,0.33,0.57,tick=82613 goal=0
1787896306.9,-0.03,1.04,275.1,2.75,0.71,0.34,0.31,0.32,0.30,0.43,0.97,1.76,0.41,0.28,0.26,0.20,0.20,0.33,0.55,tick=82634 goal=0
1787896307.1,-0.03,0.98,277.4,2.72,0.68,0.37,0.29,0.33,0.32,0.41,0.97,1.80,0.44,0.30,0.29,0.20,0.22,0.34,0.54,tick=82655 goal=0
1787896307.3,-0.02,0.92,272.5,2.72,0.68,0.38,0.29,0.31,0.32,0.41,0.99,1.81,0.45,0.30,0.28,0.20,0.25,0.34,0.53,tick=82676 goal=0
1787896307.5,-0.02,0.86,271.5,2.69,0.67,0.38,0.27,0.31,0.35,0.39,0.87,1.81,0.45,0.32,0.26,0.18,0.25,0.31,0.52,tick=82697 goal=0
1787896307.7,-0.02,0.80,278.0,2.62,0.70,0.39,0.27,0.29,0.34,0.39,0.81,1.83,0.47,0.35,0.23,0.20,0.27,0.31,0.53,tick=82718 goal=0
1787896308.0,-0.01,0.73,267.4,2.64,0.69,0.40,0.27,0.29,0.36,0.41,0.82,1.86,0.46,0.34,0.20,0.19,0.25,0.35,0.65,tick=82739 goal=0
1787896308.3,-0.01,0.64,275.6,2.63,0.68,0.39,0.26,0.24,0.37,0.39,0.83,1.90,0.49,0.36,0.21,0.22,0.25,0.39,0.60,tick=82775 goal=0
1787896308.5,-0.00,0.58,270.3,2.57,0.64,0.38,0.27,0.26,0.34,0.41,0.84,1.91,0.49,0.39,0.21,0.25,0.26,0.38,0.62,tick=82796 goal=0
1787896308.7,0.00,0.52,277.2,2.58,0.65,0.38,0.28,0.27,0.33,0.43,0.88,1.95,0.47,0.36,0.22,0.23,0.23,0.36,0.61,tick=82817 goal=0
1787896308.9,0.01,0.46,275.9,2.55,0.64,0.35,0.29,0.25,0.33,0.42,0.88,1.98,0.48,0.30,0.24,0.24,0.23,0.36,0.63,tick=82837 goal=0
1787896309.1,0.01,0.40,273.6,2.50,0.62,0.31,0.30,0.25,0.31,0.44,0.87,1.99,0.49,0.27,0.23,0.22,0.25,0.35,0.60,tick=82858 goal=0
1787896309.3,0.01,0.34,273.7,2.50,0.62,0.30,0.31,0.26,0.27,0.44,0.87,1.98,0.50,0.25,0.24,0.23,0.27,0.34,0.61,tick=82879 goal=0
1787896309.5,0.02,0.28,272.3,2.46,0.61,0.32,0.31,0.25,0.26,0.45,0.90,2.03,0.50,0.28,0.26,0.23,0.30,0.31,0.60,tick=82900 goal=0
1787896309.7,0.02,0.22,274.0,2.45,0.59,0.43,0.28,0.26,0.26,0.45,0.89,2.04,0.52,0.27,0.26,0.21,0.31,0.29,0.58,tick=82921 goal=0
1787896310.0,0.03,0.16,278.0,2.45,0.58,0.41,0.28,0.28,0.26,0.45,0.90,2.08,0.54,0.29,0.28,0.22,0.28,0.26,0.74,tick=82943 goal=0
1787896310.2,0.03,0.10,272.7,2.42,0.57,0.40,0.26,0.27,0.28,0.47,0.91,2.10,0.55,0.31,0.24,0.24,0.30,0.27,0.74,tick=82964 goal=0
1787896310.4,0.04,0.04,274.4,2.37,0.57,0.41,0.24,0.29,0.27,0.45,0.76,2.11,0.57,0.32,0.25,0.28,0.27,0.28,0.71,tick=82985 goal=0
1787896310.6,0.04,-0.02,277.8,2.40,0.55,0.38,0.23,0.29,0.28,0.43,0.92,2.15,0.57,0.33,0.23,0.27,0.26,0.35,0.70,tick=83005 goal=0
1787896310.8,0.05,-0.08,273.1,2.37,0.56,0.37,0.26,0.29,0.28,0.39,0.77,2.15,0.61,0.33,0.22,0.28,0.22,0.35,0.70,tick=83026 goal=0
1787896311.0,0.06,-0.14,273.0,2.34,0.55,0.36,0.26,0.27,0.29,0.37,0.78,2.18,0.60,0.32,0.26,0.28,0.22,0.36,0.71,tick=83047 goal=0
1787896311.2,0.06,-0.20,274.1,2.32,0.57,0.35,0.31,0.25,0.29,0.36,0.78,2.20,0.64,0.33,0.27,0.26,0.22,0.35,0.71,tick=83068 goal=0
1787896311.5,0.07,-0.29,276.2,2.29,0.57,0.36,0.32,0.22,0.29,0.34,0.78,2.23,0.63,0.33,0.28,0.24,0.21,0.34,0.84,tick=83089 goal=0
1787896311.7,0.08,-0.34,273.9,2.25,0.59,0.37,0.30,0.21,0.30,0.38,0.81,2.25,0.47,0.32,0.28,0.22,0.25,0.34,0.85,tick=83118 goal=0
1787896311.9,0.09,-0.40,275.1,2.25,0.61,0.35,0.30,0.22,0.30,0.36,0.75,2.27,0.48,0.32,0.30,0.20,0.27,0.36,0.84,tick=83139 goal=0
1787896312.1,0.09,-0.46,271.4,2.23,0.61,0.34,0.30,0.25,0.29,0.36,0.74,2.27,0.49,0.31,0.31,0.21,0.28,0.33,0.81,tick=83160 goal=0
1787896312.3,0.10,-0.52,274.8,2.20,0.61,0.33,0.27,0.27,0.24,0.35,0.75,2.31,0.52,0.31,0.28,0.19,0.29,0.34,0.82,tick=83180 goal=0
1787896312.6,0.11,-0.60,271.6,2.19,0.60,0.34,0.26,0.29,0.24,0.38,0.77,2.34,0.52,0.35,0.27,0.23,0.28,0.34,0.82,tick=83201 goal=0
1787896313.1,0.12,-0.67,273.8,2.12,0.58,0.31,0.26,0.30,0.25,0.39,0.77,2.37,0.52,0.36,0.22,0.23,0.25,0.45,0.95,tick=83233 goal=0
1787896320.0,0.11,-0.64,106.0,1.19,0.48,0.35,0.20,0.24,0.28,0.48,1.70,1.31,0.48,0.32,0.27,0.29,0.27,0.44,1.29,tick=83944 goal=0
1787896320.2,0.10,-0.58,104.0,1.16,0.47,0.33,0.21,0.25,0.27,0.49,1.72,1.31,0.49,0.33,0.27,0.28,0.29,0.43,1.27,tick=83966 goal=0
1787896320.4,0.09,-0.52,104.5,1.13,0.46,0.30,0.18,0.23,0.27,0.51,1.75,1.39,0.49,0.33,0.29,0.26,0.33,0.43,1.26,tick=83987 goal=0
1787896320.6,0.08,-0.46,101.0,1.15,0.46,0.31,0.25,0.21,0.28,0.35,1.14,1.43,0.52,0.34,0.31,0.25,0.34,0.40,1.19,tick=84008 goal=0
1787896320.8,0.07,-0.40,98.3,1.13,0.45,0.30,0.26,0.19,0.28,0.35,1.13,1.44,0.48,0.35,0.33,0.24,0.34,0.41,1.21,tick=84029 goal=0
1787896321.1,0.05,-0.32,101.0,1.09,0.42,0.28,0.28,0.18,0.28,0.35,1.14,1.48,0.48,0.35,0.33,0.24,0.34,0.44,1.17,tick=84057 goal=0
1787896321.3,0.04,-0.26,99.9,1.27,0.42,0.27,0.28,0.23,0.21,0.34,1.14,1.53,0.52,0.36,0.33,0.26,0.32,0.45,1.16,tick=84078 goal=0
1787896321.5,0.03,-0.21,99.7,1.42,0.41,0.28,0.25,0.24,0.21,0.33,0.89,2.00,0.55,0.37,0.32,0.28,0.30,0.46,1.11,tick=84098 goal=0
1787896321.7,0.02,-0.15,102.4,1.41,0.40,0.29,0.24,0.23,0.19,0.36,0.89,2.03,0.55,0.38,0.28,0.29,0.31,0.49,1.08,tick=84119 goal=0
1787896321.9,0.01,-0.09,99.9,1.38,0.37,0.26,0.23,0.24,0.20,0.35,0.93,2.02,0.54,0.36,0.26,0.29,0.31,0.53,1.10,tick=84140 goal=0
1787896322.2,-0.00,0.00,97.5,1.36,0.38,0.28,0.22,0.24,0.23,0.34,0.91,2.02,0.52,0.39,0.28,0.31,0.30,0.52,1.09,tick=84171 goal=0
1787896322.6,-0.01,0.09,98.1,1.36,0.53,0.31,0.19,0.23,0.26,0.28,0.74,2.12,0.55,0.41,0.28,0.31,0.30,0.52,1.07,tick=84202 goal=0
1787896322.8,-0.02,0.15,100.9,1.33,0.52,0.27,0.22,0.21,0.28,0.24,0.75,2.17,0.58,0.43,0.32,0.29,0.30,0.50,1.06,tick=84223 goal=0
1787896323.0,-0.02,0.21,97.5,1.33,0.51,0.27,0.23,0.19,0.27,0.29,0.76,2.16,0.59,0.43,0.34,0.30,0.32,0.51,1.07,tick=84243 goal=0
1787896323.3,-0.04,0.29,100.1,1.30,0.48,0.25,0.22,0.20,0.28,0.28,0.76,2.22,0.59,0.44,0.34,0.29,0.33,0.49,1.21,tick=84264 goal=0
1787896323.5,-0.04,0.35,98.2,2.02,0.47,0.23,0.23,0.21,0.23,0.30,0.57,2.51,0.64,0.36,0.33,0.30,0.34,0.50,1.20,tick=84295 goal=0
1787896323.7,-0.05,0.41,95.0,1.99,0.44,0.24,0.22,0.20,0.22,0.31,0.57,2.53,0.66,0.34,0.34,0.27,0.36,0.49,1.18,tick=84316 goal=0
1787896323.9,-0.06,0.47,92.9,1.99,0.43,0.21,0.21,0.22,0.20,0.35,0.56,2.56,0.68,0.37,0.30,0.28,0.38,0.45,1.15,tick=84337 goal=0
1787896324.1,-0.06,0.53,94.0,1.97,0.41,0.22,0.20,0.20,0.23,0.35,0.59,2.58,0.67,0.38,0.31,0.29,0.39,0.45,1.15,tick=84358 goal=0
1787896324.4,-0.07,0.59,96.5,1.95,0.39,0.23,0.17,0.21,0.20,0.35,0.58,2.59,0.69,0.38,0.30,0.29,0.40,0.45,1.14,tick=84378 goal=0
1787896324.7,-0.08,0.70,98.5,1.18,0.38,0.29,0.17,0.21,0.21,0.38,0.64,2.64,0.69,0.41,0.31,0.30,0.39,0.45,1.12,tick=84408 goal=0
1787896325.3,-0.09,0.77,101.0,1.12,0.35,0.30,0.14,0.17,0.23,0.28,0.63,2.36,0.70,0.43,0.29,0.34,0.38,0.49,1.09,tick=84440 goal=0
1787896332.2,-0.08,0.74,282.5,1.16,0.46,0.35,0.29,0.34,0.40,0.66,1.85,0.67,0.35,0.25,0.18,0.21,0.24,0.40,1.53,tick=85166 goal=0
1787896332.5,-0.06,0.65,282.9,1.24,0.59,0.37,0.29,0.35,0.40,0.55,1.88,0.69,0.36,0.20,0.18,0.21,0.24,0.40,1.49,tick=85198 goal=0
1787896332.8,-0.04,0.58,283.3,1.21,0.58,0.36,0.28,0.31,0.40,0.54,1.89,0.75,0.38,0.20,0.20,0.24,0.23,0.39,1.23,tick=85219 goal=0
1787896333.0,-0.03,0.51,287.5,1.20,0.54,0.36,0.27,0.28,0.39,0.50,1.58,0.76,0.39,0.21,0.20,0.23,0.25,0.36,1.43,tick=85247 goal=0
1787896333.2,-0.01,0.46,282.1,1.22,0.54,0.36,0.30,0.26,0.40,0.48,1.54,0.83,0.41,0.23,0.22,0.22,0.26,0.35,1.13,tick=85268 goal=0
1787896333.4,0.00,0.40,284.2,1.40,0.52,0.34,0.29,0.26,0.35,0.47,1.26,0.84,0.44,0.24,0.24,0.22,0.29,0.34,1.11,tick=85289 goal=0
1787896333.6,0.01,0.34,283.3,1.69,0.58,0.31,0.29,0.28,0.34,0.47,1.24,1.05,0.47,0.23,0.24,0.21,0.29,0.32,1.06,tick=85310 goal=0
1787896333.8,0.03,0.28,279.9,1.69,0.54,0.31,0.28,0.25,0.32,0.47,1.25,1.22,0.48,0.25,0.25,0.21,0.32,0.31,1.05,tick=85331 goal=0
1787896334.0,0.04,0.22,277.8,1.66,0.53,0.31,0.32,0.26,0.29,0.49,1.25,1.26,0.50,0.28,0.24,0.21,0.32,0.32,1.05,tick=85352 goal=0
1787896334.4,0.05,0.13,280.7,1.65,0.54,0.29,0.29,0.25,0.28,0.51,1.27,1.26,0.51,0.29,0.23,0.24,0.29,0.33,1.02,tick=85372 goal=0
1787896334.6,0.07,0.07,276.3,1.62,0.51,0.39,0.28,0.25,0.28,0.52,1.27,1.33,0.54,0.30,0.23,0.25,0.27,0.39,1.03,tick=85403 goal=0
1787896334.8,0.08,0.01,283.5,1.59,0.50,0.38,0.24,0.28,0.28,0.51,1.07,1.33,0.53,0.29,0.25,0.27,0.28,0.38,1.01,tick=85425 goal=0
1787896335.0,0.09,-0.05,278.0,1.60,0.50,0.37,0.23,0.27,0.28,0.50,1.05,1.38,0.53,0.31,0.24,0.31,0.25,0.39,0.98,tick=85446 goal=0
1787896335.2,0.11,-0.10,281.0,1.56,0.49,0.34,0.21,0.26,0.29,0.48,1.08,1.40,0.57,0.32,0.26,0.28,0.23,0.38,1.19,tick=85467 goal=0
1787896335.4,0.12,-0.16,281.6,1.51,0.48,0.34,0.22,0.26,0.29,0.46,1.09,1.41,0.42,0.32,0.25,0.25,0.22,0.39,1.20,tick=85488 goal=0
1787896335.6,0.12,-0.22,279.7,1.51,0.46,0.33,0.25,0.25,0.28,0.39,1.08,1.44,0.45,0.30,0.30,0.25,0.22,0.39,1.18,tick=85509 goal=0
1787896335.8,0.14,-0.28,278.2,1.50,0.44,0.31,0.28,0.23,0.30,0.37,1.09,1.47,0.46,0.33,0.30,0.25,0.28,0.39,1.15,tick=85530 goal=0
1787896336.1,0.15,-0.36,277.9,1.47,0.43,0.32,0.29,0.21,0.29,0.35,1.11,1.46,0.46,0.29,0.31,0.22,0.29,0.38,1.15,tick=85551 goal=0
1787896336.3,0.16,-0.42,281.3,1.45,0.44,0.34,0.30,0.20,0.29,0.35,1.11,1.51,0.48,0.33,0.31,0.21,0.29,0.37,1.15,tick=85579 goal=0
1787896336.5,0.17,-0.48,280.0,1.42,0.43,0.32,0.28,0.22,0.28,0.36,0.89,1.53,0.48,0.35,0.28,0.22,0.30,0.40,1.15,tick=85599 goal=0
1787896336.7,0.18,-0.54,279.0,1.41,0.46,0.30,0.26,0.25,0.23,0.38,0.90,1.55,0.51,0.34,0.26,0.23,0.29,0.51,1.12,tick=85621 goal=0
1787896337.0,0.20,-0.60,279.7,1.39,0.46,0.29,0.27,0.26,0.22,0.38,0.87,1.57,0.51,0.36,0.22,0.26,0.30,0.51,1.14,tick=85642 goal=0
1787896337.2,0.21,-0.66,277.0,1.35,0.45,0.29,0.24,0.27,0.23,0.36,0.92,1.57,0.52,0.37,0.24,0.27,0.30,0.49,1.71,tick=85663 goal=0
1787896337.4,0.22,-0.72,278.9,1.31,0.43,0.26,0.23,0.27,0.23,0.39,0.96,1.26,0.54,0.40,0.24,0.27,0.31,0.47,1.69,tick=85684 goal=0
1787896337.6,0.23,-0.78,279.4,1.29,0.44,0.26,0.26,0.24,0.24,0.36,0.85,1.61,0.56,0.39,0.26,0.26,0.30,0.47,1.66,tick=85705 goal=0
1787896337.8,0.25,-0.84,280.2,1.29,0.45,0.25,0.25,0.23,0.29,0.42,0.87,1.63,0.56,0.42,0.26,0.27,0.29,0.48,1.65,tick=85726 goal=0
1787896338.0,0.26,-0.89,280.7,1.25,0.44,0.26,0.24,0.22,0.29,0.40,0.87,1.51,0.58,0.36,0.30,0.27,0.31,0.46,1.62,tick=85746 goal=0
1787896338.2,0.27,-0.95,281.8,1.21,0.43,0.24,0.24,0.22,0.28,0.30,0.89,1.48,0.55,0.32,0.29,0.29,0.34,0.56,1.60,tick=85767 goal=0
1787896338.5,0.29,-1.03,279.4,1.19,0.40,0.23,0.19,0.23,0.31,0.32,0.91,1.39,0.54,0.33,0.31,0.28,0.39,0.59,2.03,tick=85796 goal=0
1787896338.7,0.30,-1.09,279.2,1.17,0.39,0.21,0.20,0.24,0.27,0.32,0.92,1.54,0.54,0.32,0.28,0.28,0.41,0.60,1.52,tick=85817 goal=0
1787896338.9,0.30,-1.15,282.5,1.15,0.41,0.22,0.20,0.21,0.24,0.33,0.89,1.73,0.56,0.34,0.30,0.27,0.39,0.59,1.52,tick=85838 goal=0
1787896339.1,0.32,-1.22,279.6,1.13,0.38,0.24,0.19,0.21,0.25,0.34,0.94,1.59,0.55,0.34,0.29,0.28,0.38,0.56,1.98,tick=85862 goal=0
1787896339.4,0.33,-1.28,278.4,1.13,0.35,0.25,0.18,0.19,0.24,0.38,0.94,1.80,0.60,0.34,0.29,0.30,0.37,0.57,1.95,tick=85882 goal=0
1787896339.6,0.33,-1.33,281.1,1.13,0.35,0.25,0.17,0.19,0.23,0.37,0.64,1.84,0.60,0.40,0.31,0.29,0.37,0.55,1.46,tick=85903 goal=0
1787896339.8,0.34,-1.40,281.8,1.09,0.37,0.25,0.17,0.16,0.23,0.40,0.66,1.84,0.61,0.40,0.30,0.35,0.37,0.56,1.93,tick=85924 goal=0
1787896340.3,0.36,-1.46,280.9,1.06,0.31,0.26,0.17,0.18,0.21,0.41,0.68,1.87,0.62,0.39,0.30,0.38,0.35,0.55,1.87,tick=85948 goal=0
1787896342.0,0.36,-1.47,266.8,1.84,0.48,0.29,0.20,0.16,0.18,0.27,0.40,1.88,1.10,0.43,0.34,0.29,0.35,0.49,0.79,tick=86146 goal=0
1787896342.2,0.36,-1.53,269.1,1.79,0.47,0.29,0.21,0.16,0.17,0.26,0.44,1.90,1.11,0.45,0.34,0.32,0.34,0.48,0.78,tick=86169 goal=0
1787896342.4,0.36,-1.59,268.8,1.80,0.46,0.29,0.23,0.19,0.18,0.26,0.46,1.92,0.92,0.45,0.33,0.33,0.32,0.47,0.76,tick=86189 goal=0
1787896342.6,0.35,-1.65,268.9,1.76,0.45,0.28,0.23,0.17,0.18,0.24,0.46,1.94,0.93,0.45,0.32,0.35,0.31,0.46,0.76,tick=86210 goal=0
1787896342.8,0.35,-1.71,263.9,1.76,0.64,0.25,0.23,0.21,0.18,0.24,0.49,1.93,0.97,0.45,0.31,0.36,0.33,0.43,0.74,tick=86231 goal=0
1787896343.1,0.34,-1.77,267.6,1.72,0.63,0.26,0.21,0.22,0.19,0.24,0.51,1.93,0.97,0.48,0.32,0.35,0.32,0.43,0.72,tick=86252 goal=0
1787896343.3,0.34,-1.83,264.4,1.72,0.62,0.25,0.24,0.21,0.21,0.22,0.52,1.98,0.98,0.47,0.34,0.34,0.32,0.43,0.69,tick=86273 goal=0
1787896343.5,0.33,-1.88,266.1,1.68,0.60,0.28,0.22,0.23,0.22,0.21,0.45,2.01,0.97,0.45,0.32,0.32,0.34,0.42,0.69,tick=86293 goal=0
1787896343.7,0.32,-1.94,266.8,1.68,0.58,0.28,0.22,0.22,0.22,0.23,0.43,2.02,0.99,0.48,0.34,0.32,0.34,0.39,0.67,tick=86314 goal=0
1787896344.0,0.32,-2.03,267.4,1.64,0.58,0.29,0.22,0.20,0.22,0.26,0.46,2.06,0.99,0.42,0.35,0.30,0.36,0.39,0.66,tick=86335 goal=0
1787896344.2,0.32,-2.09,265.8,1.62,0.70,0.30,0.20,0.21,0.23,0.25,0.46,2.06,1.02,0.44,0.39,0.28,0.35,0.40,0.65,tick=86363 goal=0
1787896344.4,0.31,-2.14,263.4,1.61,0.75,0.29,0.20,0.20,0.23,0.27,0.47,2.09,1.03,0.44,0.39,0.29,0.34,0.40,0.66,tick=86384 goal=0
1787896344.6,0.31,-2.20,263.9,1.58,0.76,0.26,0.23,0.21,0.23,0.29,0.46,2.09,1.07,0.41,0.38,0.30,0.34,0.40,0.64,tick=86405 goal=0
1787896344.8,0.31,-2.26,263.0,1.56,0.76,0.25,0.23,0.19,0.23,0.30,0.43,2.11,1.06,0.41,0.35,0.30,0.36,0.42,1.15,tick=86426 goal=0
1787896345.0,0.30,-2.33,267.6,1.55,0.76,0.26,0.23,0.20,0.22,0.29,0.41,2.14,1.08,0.44,0.31,0.33,0.33,0.40,1.15,tick=86447 goal=0
1787896345.2,0.30,-2.39,266.9,1.53,0.73,0.26,0.23,0.21,0.21,0.29,0.41,2.16,1.09,0.44,0.31,0.33,0.28,0.45,1.13,tick=86468 goal=0
1787896345.4,0.29,-2.44,266.7,1.50,0.72,0.39,0.23,0.19,0.19,0.31,0.40,2.19,0.98,0.44,0.30,0.34,0.32,0.45,1.11,tick=86489 goal=0
1787896345.6,0.29,-2.50,267.7,1.48,0.71,0.38,0.20,0.22,0.21,0.32,0.41,2.20,0.96,0.44,0.34,0.32,0.31,0.43,1.10,tick=86510 goal=0
1787896345.9,0.28,-2.58,264.6,1.46,0.70,0.37,0.18,0.21,0.21,0.31,0.42,2.23,0.96,0.47,0.32,0.31,0.31,0.43,1.09,tick=86531 goal=0
1787896346.1,0.28,-2.65,264.9,1.41,0.69,0.35,0.20,0.19,0.21,0.28,0.43,2.25,0.81,0.49,0.35,0.29,0.32,0.44,1.05,tick=86560 goal=0
1787896346.3,0.27,-2.71,270.6,1.40,0.65,0.34,0.20,0.19,0.22,0.29,0.45,2.27,0.83,0.51,0.36,0.29,0.30,0.40,1.03,tick=86580 goal=0
1787896346.5,0.27,-2.77,267.9,1.41,0.63,0.35,0.23,0.18,0.21,0.27,0.47,2.30,0.82,0.49,0.36,0.28,0.31,0.39,1.02,tick=86602 goal=0
1787896346.8,0.27,-2.83,265.2,1.35,0.62,0.31,0.29,0.18,0.23,0.28,0.49,2.33,0.81,0.41,0.35,0.27,0.32,0.38,1.02,tick=86623 goal=0
1787896347.1,0.26,-2.92,266.1,1.34,0.62,0.32,0.30,0.18,0.23,0.26,0.48,2.33,0.83,0.42,0.35,0.28,0.33,0.39,0.99,tick=86655 goal=0
1787896347.3,0.26,-2.98,265.5,1.33,0.60,0.37,0.28,0.21,0.22,0.28,0.52,2.37,0.85,0.40,0.34,0.28,0.34,0.36,0.95,tick=86676 goal=0
1787896347.5,0.25,-3.04,264.2,1.28,0.58,0.38,0.26,0.22,0.21,0.29,0.52,2.41,0.86,0.43,0.30,0.31,0.31,0.35,0.95,tick=86697 goal=0
1787896347.7,0.25,-3.10,264.0,1.28,0.75,0.39,0.28,0.25,0.20,0.30,0.51,2.42,0.87,0.45,0.31,0.29,0.32,0.34,0.93,tick=86718 goal=0
1787896347.9,0.25,-3.16,264.2,1.24,0.73,0.39,0.25,0.26,0.19,0.31,0.55,2.48,0.87,0.42,0.31,0.30,0.32,0.36,0.89,tick=86740 goal=0
1787896348.1,0.24,-3.22,268.9,1.23,0.72,0.42,0.25,0.26,0.20,0.30,0.57,2.50,0.78,0.47,0.29,0.30,0.31,1.11,0.86,tick=86761 goal=0
1787896348.5,0.24,-3.31,267.4,1.18,0.71,0.41,0.23,0.27,0.24,0.30,0.57,2.52,0.72,0.47,0.31,0.30,0.31,1.06,0.84,tick=86792 goal=0
1787896348.7,0.24,-3.37,267.1,1.15,0.70,0.41,0.25,0.22,0.26,0.25,0.58,2.98,0.73,0.45,0.32,0.31,0.29,1.02,0.80,tick=86813 goal=0
1787896348.9,0.23,-3.43,265.7,1.14,0.68,0.40,0.28,0.22,0.28,0.27,0.59,2.58,0.77,0.43,0.32,0.32,0.30,0.97,0.75,tick=86834 goal=0
1787896349.1,0.23,-3.49,264.9,1.11,0.80,0.40,0.27,0.22,0.29,0.28,0.57,2.60,0.77,0.43,0.34,0.28,0.27,0.94,0.74,tick=86854 goal=0
1787896349.3,0.22,-3.55,263.7,1.10,0.77,0.39,0.27,0.23,0.28,0.30,0.53,2.61,0.77,0.41,0.36,0.30,0.28,0.94,0.73,tick=86876 goal=0
1787896349.6,0.22,-3.64,263.9,1.09,0.79,0.36,0.29,0.26,0.28,0.31,0.47,2.61,0.81,0.42,0.33,0.28,3.00,0.92,0.69,tick=86896 goal=0
1787896349.8,0.21,-3.70,266.1,1.06,0.77,0.35,0.34,0.24,0.24,0.33,0.49,2.63,0.81,0.41,0.35,0.27,3.00,0.88,0.66,tick=86927 goal=0
1787896350.0,0.21,-3.76,266.5,1.02,0.77,0.34,0.31,0.28,0.25,0.33,0.51,2.64,0.81,0.40,0.35,0.24,3.00,0.85,0.65,tick=86948 goal=0
1787896350.2,0.20,-3.82,265.8,1.00,0.76,0.34,0.32,0.26,0.24,0.36,0.54,2.70,0.85,0.41,0.32,0.26,1.79,0.83,0.65,tick=86969 goal=0
1787896350.4,0.20,-3.88,267.4,0.96,0.73,0.32,0.33,0.28,0.25,0.37,0.54,2.76,0.87,0.41,0.31,0.27,1.73,0.81,1.06,tick=86990 goal=0
1787896350.6,0.20,-3.94,266.2,0.97,0.72,0.31,0.32,0.27,0.26,0.36,0.55,2.73,0.87,0.41,0.30,0.58,1.70,0.78,1.03,tick=87011 goal=0
1787896350.9,0.20,-4.00,265.8,0.97,0.72,0.32,0.31,0.29,0.25,0.40,0.52,2.76,0.75,0.43,0.29,0.61,1.47,0.66,1.03,tick=87032 goal=0
1787896351.1,0.19,-4.06,263.0,0.94,0.71,0.38,0.27,0.29,0.29,0.35,0.49,2.76,0.74,0.42,0.29,0.80,1.43,0.61,1.02,tick=87053 goal=0
1787896351.4,0.18,-4.12,264.4,0.90,0.94,0.41,0.26,0.29,0.28,0.33,0.46,2.77,0.77,0.46,0.28,1.21,1.40,0.62,0.97,tick=87074 goal=0
1787896351.6,0.18,-4.21,265.2,0.89,0.91,0.41,0.24,0.30,0.29,0.34,0.49,2.51,0.80,0.43,0.28,1.34,1.36,0.60,0.94,tick=87105 goal=0
1787896351.8,0.17,-4.27,266.2,0.85,0.91,0.42,0.25,0.28,0.29,0.34,0.49,2.83,0.80,0.44,0.34,1.37,1.22,0.60,0.91,tick=87126 goal=0
1787896352.0,0.17,-4.33,265.1,0.84,0.89,0.40,0.23,0.27,0.29,0.37,0.52,2.57,0.82,0.44,0.50,1.39,1.19,0.55,0.92,tick=87147 goal=0
1787896352.2,0.16,-4.39,264.7,0.81,0.88,0.38,0.27,0.26,0.29,0.37,0.54,2.61,0.82,0.42,0.53,1.40,1.16,0.55,0.92,tick=87168 goal=0
1787896352.4,0.16,-4.44,267.4,0.78,0.83,0.38,0.27,0.25,0.30,0.34,0.56,2.89,0.85,0.36,0.56,1.97,1.11,0.55,0.90,tick=87188 goal=0
1787896352.7,0.16,-4.51,265.2,0.77,0.84,0.38,0.27,0.24,0.32,0.37,0.55,2.95,0.84,0.34,0.58,2.02,1.11,0.49,0.84,tick=87209 goal=0
1787896352.9,0.15,-4.59,269.6,0.73,0.79,0.42,0.30,0.22,0.32,0.38,0.55,2.98,0.86,0.36,0.59,2.75,0.74,0.45,0.84,tick=87238 goal=0
1787896353.2,0.15,-4.66,267.0,0.74,0.77,0.43,0.32,0.25,0.29,0.38,0.62,2.98,0.87,0.37,0.65,2.75,0.71,0.38,0.81,tick=87261 goal=0
1787896353.4,0.14,-4.74,266.7,0.67,0.73,0.41,0.30,0.24,0.25,0.38,0.65,3.00,0.75,0.41,0.72,2.75,0.66,0.33,0.75,tick=87291 goal=0
1787896353.7,0.14,-4.80,268.9,0.66,0.69,0.42,0.30,0.26,0.25,0.40,0.65,3.00,0.73,0.46,0.75,2.77,0.49,1.00,0.75,tick=87311 goal=0
1787896353.9,0.13,-4.86,263.5,0.65,0.70,0.43,0.29,0.27,0.25,0.41,0.66,3.00,0.73,0.48,0.80,2.75,0.46,0.97,0.72,tick=87333 goal=0
1787896354.3,0.12,-4.93,265.3,0.61,0.68,0.41,0.30,0.29,0.25,0.39,0.68,2.74,0.76,0.51,0.84,2.76,0.45,0.95,0.72,tick=87354 goal=0
1787896358.5,0.11,-4.93,185.9,2.47,0.42,0.82,0.62,0.57,0.70,0.41,0.29,0.28,0.28,0.46,0.71,3.00,0.62,0.64,1.21,tick=87793 goal=0
1787896358.7,0.05,-4.93,181.4,2.46,0.41,0.83,0.61,0.58,0.70,0.41,0.30,0.30,0.28,0.50,0.77,3.00,0.45,0.64,1.18,tick=87815 goal=0
1787896358.9,-0.01,-4.93,181.4,2.66,0.41,0.86,0.63,0.60,0.70,0.46,0.33,0.32,0.30,0.48,0.79,2.99,0.43,0.62,1.18,tick=87835 goal=0
1787896359.1,-0.07,-4.93,181.9,2.64,0.37,0.83,0.65,0.62,0.68,0.45,0.35,0.35,0.35,0.51,0.93,2.98,0.43,0.61,1.13,tick=87857 goal=0
1787896359.3,-0.13,-4.93,182.3,2.60,0.36,0.86,0.66,0.62,0.67,0.49,0.38,0.37,0.35,0.56,0.97,3.00,0.43,0.62,1.11,tick=87878 goal=0
1787896359.8,-0.20,-4.94,177.6,2.61,0.34,0.21,0.67,0.60,0.64,0.51,0.42,0.39,0.40,0.56,0.99,3.00,0.42,0.58,1.10,tick=87903 goal=0
1787896364.6,-0.20,-4.92,95.2,1.02,0.46,0.60,1.24,1.58,0.31,0.20,0.62,0.61,0.72,0.52,0.40,0.37,0.49,0.59,1.29,tick=88402 goal=0
1787896364.8,-0.20,-4.86,92.5,1.20,0.42,0.58,1.22,2.22,0.34,0.23,0.67,0.63,0.72,0.50,0.41,0.36,0.49,0.60,1.26,tick=88423 goal=0
1787896365.0,-0.21,-4.80,96.5,0.96,0.39,0.55,1.17,2.16,0.35,0.23,0.68,0.68,0.78,0.52,0.41,0.38,0.48,0.64,1.27,tick=88444 goal=0
1787896365.3,-0.21,-4.74,94.5,1.16,0.36,0.53,1.09,2.37,0.35,0.30,0.73,0.68,0.77,0.53,0.42,0.35,0.49,0.66,1.24,tick=88466 goal=0
1787896365.5,-0.22,-4.65,92.4,1.15,0.36,0.50,0.99,2.61,0.54,0.38,0.75,0.72,0.82,0.55,0.42,0.36,0.48,0.68,1.20,tick=88497 goal=0
1787896366.0,-0.23,-4.58,94.1,1.12,0.29,0.47,0.78,2.59,0.57,0.41,0.77,0.74,0.85,0.56,0.42,0.36,0.48,0.66,1.20,tick=88521 goal=0
1787896370.6,-0.22,-4.58,183.2,2.64,0.63,0.39,0.78,0.71,0.79,0.56,0.45,0.35,0.47,0.57,1.10,3.00,0.28,0.46,0.68,tick=89001 goal=0
1787896370.8,-0.28,-4.59,180.7,2.61,0.64,0.37,0.31,0.71,0.79,0.61,0.46,0.39,0.51,0.61,1.11,3.00,0.29,0.44,0.68,tick=89024 goal=0
1787896371.0,-0.34,-4.59,177.6,2.58,0.67,0.37,0.29,0.71,0.76,0.63,0.49,0.41,0.54,0.66,1.12,3.00,0.29,0.43,0.65,tick=89044 goal=0
1787896371.2,-0.40,-4.59,182.0,2.57,0.85,0.35,0.30,0.71,0.76,0.65,0.50,0.43,0.55,0.70,1.16,3.00,0.29,0.42,0.65,tick=89065 goal=0
1787896371.4,-0.46,-4.59,176.0,2.56,0.86,0.33,0.32,0.71,0.74,0.68,0.52,0.45,0.56,0.73,1.17,3.00,0.30,0.42,0.63,tick=89086 goal=0
1787896371.6,-0.53,-4.59,180.5,2.53,0.83,0.30,0.32,0.70,0.76,0.69,0.54,0.48,0.57,0.73,1.22,0.28,0.31,0.41,0.62,tick=89108 goal=0
1787896371.8,-0.59,-4.59,180.1,2.50,0.82,0.31,0.32,0.27,0.77,0.75,0.56,0.49,0.59,0.76,1.27,0.26,0.32,0.40,0.61,tick=89129 goal=0
1787896372.1,-0.67,-4.58,178.7,2.49,0.81,0.39,0.29,0.28,0.78,0.85,0.59,0.52,0.61,0.77,1.42,0.26,0.34,0.39,0.59,tick=89159 goal=0
1787896372.3,-0.73,-4.58,179.6,2.44,0.80,0.39,0.28,0.28,0.77,0.92,0.62,0.55,0.65,0.78,1.42,0.27,0.33,0.36,0.58,tick=89180 goal=0
1787896372.5,-0.79,-4.57,177.4,2.44,0.79,0.41,0.26,0.28,0.78,0.91,0.66,0.57,0.67,0.79,1.58,0.28,0.35,0.35,0.58,tick=89201 goal=0
1787896372.8,-0.85,-4.58,179.6,2.42,0.78,0.38,0.26,0.30,0.81,0.97,0.67,0.59,0.67,0.80,0.30,0.32,0.36,0.35,0.66,tick=89222 goal=0
1787896373.0,-0.91,-4.57,178.7,2.39,0.77,0.38,0.25,0.29,0.29,0.97,0.71,0.61,0.71,0.85,0.29,0.28,0.33,0.34,0.71,tick=89243 goal=0
1787896373.2,-0.97,-4.57,178.0,2.38,0.75,0.37,0.26,0.28,0.29,1.00,0.74,0.64,0.74,0.87,0.29,0.31,0.32,0.34,0.72,tick=89264 goal=0
1787896373.4,-1.04,-4.57,178.9,2.34,0.75,0.36,0.29,0.28,0.29,1.03,0.76,0.63,0.75,0.90,0.28,0.33,0.30,0.35,0.69,tick=89285 goal=0
1787896373.6,-1.10,-4.57,179.7,2.33,0.73,0.34,0.33,0.22,0.31,1.01,0.80,0.67,0.79,0.96,0.29,0.30,0.30,0.36,0.71,tick=89306 goal=0
1787896373.9,-1.19,-4.56,176.0,2.30,0.83,0.36,0.30,0.23,0.32,1.02,0.83,0.68,0.78,1.00,0.31,0.31,0.28,0.35,0.67,tick=89337 goal=0
1787896374.1,-1.25,-4.56,176.3,2.28,0.81,0.36,0.31,0.25,0.33,1.06,0.85,0.73,0.82,1.03,0.33,0.32,0.27,0.34,0.69,tick=89358 goal=0
1787896374.3,-1.31,-4.56,178.9,2.25,0.81,0.36,0.29,0.24,0.29,1.05,0.87,0.73,0.85,0.38,0.32,0.29,0.26,0.35,0.66,tick=89379 goal=0
1787896374.7,-1.42,-4.55,177.2,2.22,0.79,0.39,0.27,0.27,0.26,0.40,0.91,0.77,0.86,0.39,0.34,0.29,0.26,0.33,0.67,tick=89410 goal=0
1787896374.9,-1.48,-4.54,173.3,2.17,0.79,0.47,0.28,0.27,0.26,0.40,0.95,0.80,0.90,0.38,0.33,0.25,0.27,0.32,0.61,tick=89441 goal=0
1787896375.1,-1.54,-4.54,177.1,2.17,0.80,0.47,0.28,0.27,0.29,0.40,0.95,0.82,0.92,0.39,0.34,0.27,0.29,0.34,0.62,tick=89461 goal=0
1787896375.4,-1.60,-4.54,179.8,2.14,0.80,0.47,0.28,0.27,0.29,0.42,0.99,0.83,0.94,0.39,0.34,0.23,0.28,0.31,0.61,tick=89482 goal=0
1787896375.6,-1.66,-4.54,177.5,2.11,0.78,0.49,0.28,0.26,0.29,0.42,1.01,0.86,0.96,0.41,0.35,0.24,0.27,0.30,0.61,tick=89503 goal=0
1787896375.8,-1.72,-4.54,178.4,2.08,0.96,0.47,0.27,0.27,0.30,0.45,1.03,0.88,0.97,0.42,0.31,0.24,0.26,0.33,0.60,tick=89524 goal=0
1787896376.0,-1.78,-4.53,178.6,2.09,0.78,0.48,0.29,0.25,0.32,0.31,1.05,0.91,1.01,0.43,0.28,0.23,0.27,0.30,0.57,tick=89545 goal=0
1787896376.3,-1.86,-4.53,175.4,2.06,0.76,0.45,0.28,0.25,0.32,0.32,1.07,0.92,1.05,0.41,0.26,0.24,0.25,0.31,0.62,tick=89566 goal=0
1787896376.5,-1.93,-4.53,178.7,2.05,0.91,0.44,0.33,0.25,0.29,0.34,1.09,0.95,1.07,0.44,0.27,0.24,0.23,0.35,0.61,tick=89595 goal=0
1787896376.7,-1.99,-4.53,176.5,2.00,0.89,0.42,0.34,0.24,0.28,0.35,1.12,0.99,1.11,0.45,0.25,0.25,0.24,0.38,0.60,tick=89616 goal=0
1787896376.9,-2.05,-4.52,183.5,1.99,0.88,0.42,0.35,0.25,0.26,0.35,1.15,1.02,1.14,0.41,0.26,0.23,0.25,0.39,0.57,tick=89636 goal=0
1787896377.2,-2.11,-4.52,176.3,1.97,0.89,0.42,0.35,0.26,0.26,0.40,1.14,1.02,1.16,0.42,0.27,0.24,0.23,0.39,0.58,tick=89658 goal=0
1787896377.4,-2.20,-4.52,177.2,1.93,0.86,0.40,0.37,0.27,0.28,0.41,1.19,1.06,1.22,0.37,0.26,0.22,0.25,0.38,0.53,tick=89689 goal=0
1787896377.6,-2.26,-4.52,178.9,1.91,0.87,0.40,0.38,0.29,0.27,0.42,1.21,1.08,1.24,0.35,0.25,0.21,0.27,0.39,0.53,tick=89710 goal=0
1787896377.9,-2.35,-4.52,175.2,1.89,0.85,0.41,0.35,0.31,0.29,0.40,1.23,1.11,1.29,0.34,0.26,0.22,0.26,0.39,0.52,tick=89741 goal=0
1787896378.3,-2.44,-4.51,179.5,1.85,0.84,0.42,0.35,0.33,0.28,0.37,1.25,1.15,0.67,0.35,0.25,0.24,0.28,0.36,0.48,tick=89772 goal=0
1787896378.6,-2.52,-4.51,181.3,1.83,0.80,0.44,0.35,0.32,0.30,0.38,1.28,1.17,0.68,0.36,0.23,0.23,0.29,0.35,0.48,tick=89793 goal=0
1787896378.8,-2.59,-4.51,178.4,1.80,0.80,0.43,0.32,0.34,0.31,0.34,0.74,1.20,0.67,0.34,0.25,0.26,0.29,0.34,0.45,tick=89824 goal=0
1787896379.0,-2.64,-4.52,181.4,1.77,2.24,0.40,0.32,0.35,0.33,0.37,0.76,1.23,0.70,0.35,0.24,0.26,0.30,0.34,0.45,tick=89844 goal=0
1787896379.2,-2.70,-4.51,179.8,1.77,2.21,0.40,0.31,0.31,0.33,0.36,0.58,1.24,0.72,0.34,0.25,0.26,0.28,0.34,0.43,tick=89865 goal=0
1787896379.5,-2.79,-4.51,179.8,1.72,2.19,0.39,0.30,0.32,0.34,0.34,0.58,1.28,0.71,0.32,0.26,0.29,0.29,0.36,0.42,tick=89896 goal=0
1787896379.7,-2.85,-4.51,181.4,1.69,2.18,0.38,0.30,0.31,0.36,0.40,0.61,1.29,0.73,0.33,0.26,0.28,0.27,0.32,0.42,tick=89917 goal=0
1787896379.9,-2.91,-4.51,179.1,1.69,2.25,0.41,0.34,0.31,0.37,0.39,0.63,1.32,0.76,0.32,0.28,0.27,0.27,0.30,0.41,tick=89938 goal=0
1787896380.1,-2.97,-4.51,180.9,1.67,2.18,0.40,0.35,0.30,0.36,0.41,0.65,1.34,0.79,0.33,0.28,0.26,0.26,0.30,0.53,tick=89958 goal=0
1787896380.4,-3.05,-4.50,177.3,1.63,2.22,0.41,0.33,0.29,0.37,0.41,0.66,1.35,0.79,0.31,0.28,0.26,0.27,0.30,0.52,tick=89980 goal=0
1787896380.6,-3.12,-4.50,178.5,1.60,2.35,0.47,0.33,0.30,0.33,0.40,0.68,1.38,0.80,0.33,0.29,0.25,0.27,0.28,0.52,tick=90009 goal=0
1787896380.8,-3.18,-4.50,174.1,1.59,2.34,0.50,0.30,0.29,0.34,0.43,0.68,1.39,0.81,0.34,0.30,0.26,0.24,0.26,0.51,tick=90030 goal=0
1787896381.0,-3.24,-4.50,177.6,1.56,2.31,0.50,0.30,0.29,0.33,0.45,0.71,1.43,0.86,0.35,0.29,0.25,0.24,0.23,0.49,tick=90051 goal=0
1787896381.3,-3.30,-4.50,176.3,1.55,2.30,0.51,0.30,0.31,0.29,0.45,0.71,1.44,0.86,0.36,0.30,0.24,0.24,0.21,0.50,tick=90072 goal=0
1787896381.5,-3.36,-4.50,175.8,1.54,2.28,0.51,0.33,0.30,0.32,0.46,0.64,1.47,0.64,0.36,0.28,0.24,0.23,0.21,0.48,tick=90093 goal=0
1787896381.7,-3.42,-4.49,178.7,1.51,2.25,0.50,0.30,0.30,0.31,0.47,0.64,1.47,0.68,0.37,0.28,0.23,0.20,0.20,0.47,tick=90114 goal=0
1787896381.9,-3.48,-4.49,178.8,1.50,2.24,0.49,0.31,0.32,0.32,0.46,0.64,1.52,0.66,0.37,0.27,0.26,0.19,0.21,0.43,tick=90135 goal=0
1787896382.1,-3.54,-4.49,176.4,1.43,2.21,0.48,0.31,0.29,0.32,0.48,0.65,1.53,0.66,0.36,0.28,0.22,0.19,0.22,0.44,tick=90156 goal=0
1787896382.3,-3.60,-4.49,175.9,1.42,2.21,0.45,0.33,0.29,0.32,0.48,0.67,1.53,0.66,0.37,0.26,0.20,0.17,0.23,0.43,tick=90177 goal=0
1787896382.5,-3.66,-4.48,178.8,1.42,2.19,0.46,0.35,0.27,0.35,0.45,0.65,1.56,0.65,0.38,0.28,0.18,0.16,0.25,0.40,tick=90198 goal=0
1787896383.0,-3.72,-4.48,176.1,1.41,2.18,0.46,0.39,0.29,0.34,0.45,0.66,1.57,0.61,0.37,0.25,0.17,0.16,0.27,0.43,tick=90219 goal=0
1787896389.9,-3.70,-4.48,3.5,1.67,0.51,0.32,0.23,0.17,0.17,0.29,0.58,1.36,1.90,0.44,0.32,0.28,0.35,0.54,0.87,tick=90938 goal=0
1787896390.1,-3.64,-4.47,3.9,1.67,0.48,0.32,0.21,0.17,0.17,0.29,0.58,1.41,1.91,0.45,0.32,0.28,0.34,0.52,0.86,tick=90960 goal=0
1787896390.3,-3.58,-4.47,1.5,1.62,0.48,0.34,0.25,0.18,0.19,0.26,0.60,1.42,1.96,0.45,0.32,0.30,0.34,0.52,0.84,tick=90981 goal=0
1787896390.6,-3.52,-4.47,2.5,1.58,0.50,0.34,0.25,0.22,0.17,0.21,0.44,1.46,1.99,0.46,0.34,0.30,0.32,0.53,0.82,tick=91002 goal=0
1787896390.8,-3.43,-4.47,1.0,1.55,0.53,0.35,0.26,0.23,0.20,0.19,0.46,1.47,2.04,0.49,0.32,0.30,0.34,0.51,0.80,tick=91031 goal=0
1787896391.1,-3.37,-4.47,356.7,1.50,0.54,0.35,0.24,0.22,0.19,0.21,0.47,1.52,2.08,0.49,0.32,0.31,0.34,0.50,0.78,tick=91052 goal=0
1787896391.3,-3.31,-4.47,1.1,1.47,0.58,0.34,0.25,0.21,0.23,0.20,0.47,1.51,2.05,0.49,0.32,0.33,0.34,0.47,0.76,tick=91073 goal=0
1787896391.5,-3.23,-4.47,2.4,1.46,0.57,0.33,0.28,0.23,0.24,0.23,0.51,1.56,2.09,0.50,0.35,0.32,0.35,0.45,0.74,tick=91101 goal=0
1787896391.8,-3.17,-4.47,0.2,1.43,0.58,0.31,0.27,0.23,0.23,0.25,0.49,1.59,2.12,0.51,0.33,0.32,0.36,0.45,0.70,tick=91122 goal=0
1787896392.0,-3.11,-4.47,358.1,1.43,0.55,0.32,0.27,0.24,0.24,0.26,0.52,1.60,2.11,0.47,0.33,0.31,0.38,0.44,0.72,tick=91144 goal=0
1787896392.2,-3.05,-4.47,0.5,1.39,0.56,0.31,0.27,0.24,0.25,0.26,0.52,1.63,2.12,0.45,0.34,0.31,0.38,0.43,0.71,tick=91165 goal=0
1787896392.4,-2.99,-4.47,359.3,1.36,0.56,0.29,0.27,0.25,0.26,0.29,0.35,1.66,2.14,0.41,0.35,0.32,0.39,0.42,0.69,tick=91186 goal=0
1787896392.6,-2.93,-4.48,359.3,1.34,0.72,0.31,0.26,0.25,0.24,0.28,0.36,1.67,2.18,0.41,0.36,0.31,0.39,0.41,0.68,tick=91207 goal=0
1787896392.8,-2.87,-4.48,0.6,1.32,0.71,0.28,0.25,0.25,0.25,0.30,0.34,1.69,2.18,0.41,0.34,0.33,0.37,0.40,0.66,tick=91228 goal=0
1787896393.0,-2.81,-4.48,358.5,1.31,0.72,0.30,0.22,0.24,0.26,0.31,0.39,1.69,2.19,0.42,0.33,0.33,0.39,0.38,0.81,tick=91249 goal=0
1787896393.3,-2.72,-4.48,357.3,1.28,0.68,0.29,0.23,0.24,0.28,0.32,0.42,1.75,2.21,0.44,0.32,0.37,0.36,0.41,1.38,tick=91280 goal=0
1787896393.5,-2.66,-4.48,3.5,1.24,0.68,0.29,0.23,0.22,0.27,0.32,0.41,1.77,2.22,0.42,0.33,0.34,0.35,0.38,1.35,tick=91301 goal=0
1787896393.8,-2.60,-4.48,0.4,1.23,0.66,0.31,0.22,0.23,0.28,0.32,0.42,1.79,2.25,0.44,0.35,0.34,0.34,0.40,1.33,tick=91322 goal=0
1787896394.0,-2.54,-4.48,2.8,1.21,0.66,0.32,0.21,0.24,0.27,0.32,0.45,1.81,2.24,0.43,0.34,0.36,0.34,0.40,1.31,tick=91343 goal=0
1787896394.2,-2.48,-4.47,359.8,1.17,0.64,0.30,0.21,0.22,0.28,0.33,0.46,1.83,0.84,0.44,0.34,0.35,0.33,0.41,1.28,tick=91364 goal=0
1787896394.5,-2.39,-4.47,1.2,1.13,0.63,0.31,0.22,0.19,0.27,0.34,0.47,1.87,0.86,0.46,0.39,0.34,0.30,0.44,1.25,tick=91395 goal=0
1787896394.7,-2.33,-4.47,357.7,1.11,0.61,0.30,0.22,0.20,0.26,0.34,0.48,1.87,0.87,0.46,0.37,0.30,0.30,0.44,1.25,tick=91416 goal=0
1787896394.9,-2.27,-4.47,355.6,1.10,0.62,0.28,0.24,0.21,0.24,0.34,0.49,1.90,0.87,0.43,0.38,0.32,0.30,0.42,1.22,tick=91437 goal=0
1787896395.1,-2.21,-4.47,1.9,1.09,0.60,0.29,0.23,0.20,0.23,0.36,0.51,1.91,0.86,0.42,0.38,0.31,0.29,0.42,1.20,tick=91458 goal=0
1787896395.3,-2.15,-4.47,4.9,1.07,0.60,0.28,0.25,0.21,0.23,0.36,0.51,1.93,0.89,0.44,0.38,0.30,0.30,0.44,1.18,tick=91479 goal=0
1787896395.5,-2.09,-4.47,0.2,1.03,1.21,0.32,0.27,0.23,0.21,0.34,0.56,1.97,0.89,0.44,0.40,0.29,0.33,0.40,1.16,tick=91500 goal=0
1787896395.7,-2.03,-4.47,2.3,1.02,1.17,0.34,0.23,0.22,0.23,0.37,0.56,1.99,0.91,0.42,0.39,0.28,0.30,0.37,1.16,tick=91521 goal=0
1787896396.0,-1.97,-4.47,1.7,1.00,1.15,0.40,0.27,0.22,0.20,0.34,0.59,2.02,0.91,0.45,0.36,0.28,0.32,0.37,1.12,tick=91542 goal=0
1787896396.2,-1.91,-4.47,0.9,1.00,1.15,0.39,0.23,0.22,0.23,0.33,0.60,2.02,0.91,0.46,0.36,0.28,0.35,0.36,1.09,tick=91563 goal=0
1787896396.4,-1.85,-4.47,358.9,0.96,1.11,0.39,0.24,0.22,0.23,0.30,0.59,2.06,0.92,0.48,0.34,0.27,0.34,0.49,1.08,tick=91584 goal=0
1787896396.7,-1.74,-4.47,2.5,0.93,1.03,0.40,0.24,0.23,0.21,0.28,0.57,2.10,0.95,0.49,0.31,0.28,0.34,0.48,1.05,tick=91620 goal=0
1787896396.9,-1.68,-4.47,1.9,0.88,0.99,0.40,0.25,0.23,0.22,0.29,0.58,2.10,0.84,0.50,0.30,0.28,0.31,0.46,1.03,tick=91641 goal=0
1787896397.1,-1.62,-4.47,357.3,0.85,0.96,0.37,0.28,0.22,0.23,0.29,0.59,2.12,0.80,0.49,0.32,0.29,0.31,0.46,1.01,tick=91662 goal=0
1787896397.4,-1.56,-4.47,356.9,0.83,0.93,0.35,0.28,0.20,0.25,0.27,0.60,2.13,1.02,0.52,0.29,0.30,0.28,0.42,0.99,tick=91683 goal=0
1787896397.6,-1.50,-4.48,359.3,0.81,0.90,0.34,0.31,0.23,0.24,0.30,0.58,2.14,0.82,0.54,0.29,0.32,0.27,0.42,0.98,tick=91703 goal=0
1787896397.8,-1.44,-4.48,358.8,0.82,0.87,0.36,0.33,0.23,0.23,0.30,0.60,2.20,0.83,0.52,0.31,0.32,0.28,0.41,0.94,tick=91724 goal=0
1787896398.0,-1.38,-4.48,358.5,0.80,0.89,0.35,0.30,0.25,0.23,0.30,0.61,2.20,0.84,0.49,0.31,0.31,0.28,1.06,0.91,tick=91745 goal=0
1787896398.2,-1.32,-4.48,0.6,0.77,0.85,0.34,0.31,0.27,0.24,0.30,0.64,2.24,0.83,0.42,0.31,0.31,0.34,1.10,0.89,tick=91766 goal=0
1787896398.4,-1.26,-4.48,0.3,0.74,0.82,0.32,0.28,0.25,0.23,0.30,0.64,2.27,0.83,0.38,0.31,0.28,0.35,1.10,0.82,tick=91787 goal=0
1787896398.6,-1.20,-4.48,0.7,0.72,0.81,0.34,0.30,0.27,0.23,0.32,0.67,2.26,0.83,0.39,0.33,0.27,0.37,1.11,0.81,tick=91807 goal=0
1787896398.8,-1.15,-4.48,0.2,0.70,0.78,1.01,0.28,0.28,0.25,0.32,0.67,2.29,0.83,0.39,0.35,0.26,0.33,1.08,0.79,tick=91828 goal=0
1787896399.0,-1.09,-4.48,359.5,0.70,0.78,0.97,0.27,0.28,0.27,0.33,0.69,2.32,0.78,0.40,0.35,0.28,0.34,1.05,0.74,tick=91849 goal=0
1787896399.2,-1.03,-4.48,3.0,0.66,0.76,0.98,0.27,0.29,0.28,0.32,0.66,2.35,0.77,0.40,0.34,0.30,0.33,1.05,0.71,tick=91870 goal=0
1787896399.4,-0.96,-4.48,359.8,0.66,0.73,0.92,0.24,0.27,0.29,0.32,0.55,2.38,0.79,0.38,0.31,0.33,0.34,1.00,0.73,tick=91891 goal=0
1787896399.6,-0.90,-4.48,359.1,0.63,0.72,0.89,0.23,0.27,0.31,0.29,0.55,2.39,0.78,0.42,0.27,0.36,0.83,0.97,0.69,tick=91912 goal=0
1787896399.9,-0.85,-4.49,3.5,0.59,0.68,0.85,0.24,0.24,0.30,0.32,0.55,2.41,0.81,0.39,0.28,0.34,0.81,0.94,0.67,tick=91932 goal=0
1787896400.1,-0.79,-4.49,0.5,0.59,0.67,0.79,0.25,0.25,0.29,0.33,0.56,2.42,0.81,0.40,0.30,0.34,0.81,0.89,0.66,tick=91953 goal=0
1787896400.3,-0.73,-4.49,358.4,0.56,0.64,0.77,1.55,0.25,0.32,0.33,0.55,2.45,0.81,0.42,0.32,0.32,0.82,0.80,0.63,tick=91974 goal=0
1787896400.6,-0.64,-4.50,358.1,0.54,0.63,0.74,1.52,0.22,0.31,0.36,0.55,2.48,0.83,0.44,0.32,0.31,0.80,0.74,0.62,tick=92005 goal=0
1787896400.8,-0.58,-4.50,359.5,0.50,0.59,0.73,1.52,0.23,0.28,0.37,0.56,2.50,0.85,0.42,0.37,0.33,0.79,0.71,0.58,tick=92026 goal=0
1787896401.1,-0.49,-4.49,0.7,0.50,0.59,0.71,1.33,0.23,0.28,0.38,0.57,2.54,0.88,0.44,0.38,0.72,0.80,0.69,0.56,tick=92046 goal=0
1787896401.3,-0.44,-4.49,4.9,0.46,0.52,0.69,1.32,0.86,0.27,0.40,0.60,2.55,0.88,0.37,0.35,0.76,0.81,0.68,0.55,tick=92075 goal=0
1787896401.8,-0.37,-4.48,2.2,0.43,0.52,0.67,1.21,1.10,0.26,0.42,0.62,2.57,0.88,0.37,0.34,0.75,0.83,0.62,0.51,tick=92099 goal=0
1787896409.1,-0.36,-4.48,178.3,2.60,0.89,0.38,0.36,0.74,0.80,0.64,0.51,0.44,0.52,0.68,1.14,3.00,0.25,0.40,0.60,tick=92856 goal=0
1787896409.3,-0.42,-4.48,182.3,2.54,0.89,0.35,0.35,0.74,0.78,0.69,0.54,0.47,0.53,0.70,1.15,3.00,0.27,0.39,0.59,tick=92877 goal=0
1787896409.6,-0.51,-4.48,178.3,2.51,0.89,0.46,0.35,0.31,0.79,0.70,0.55,0.47,0.59,0.71,1.17,0.24,0.29,0.36,0.56,tick=92908 goal=0
1787896409.8,-0.57,-4.47,179.8,2.48,0.88,0.45,0.33,0.29,0.77,0.75,0.57,0.51,0.59,0.74,1.20,0.24,0.28,0.38,0.53,tick=92929 goal=0
1787896410.0,-0.62,-4.47,176.6,2.45,0.89,0.44,0.31,0.31,0.80,0.85,0.61,0.52,0.61,0.72,1.30,0.22,0.29,0.36,0.52,tick=92950 goal=0
1787896410.2,-0.69,-4.47,178.5,2.43,0.86,0.44,0.31,0.31,0.83,0.93,0.61,0.56,0.65,0.74,1.40,0.24,0.31,0.34,0.51,tick=92971 goal=0
1787896410.4,-0.75,-4.46,177.1,2.44,0.86,0.42,0.29,0.34,0.81,0.94,0.64,0.56,0.66,0.79,1.42,0.23,0.30,0.34,0.54,tick=92992 goal=0
1787896410.7,-0.80,-4.45,175.2,2.39,0.87,0.41,0.26,0.34,0.82,0.96,0.67,0.58,0.68,0.80,0.27,0.25,0.30,0.32,0.54,tick=93012 goal=0
1787896411.0,-0.89,-4.45,176.7,2.37,0.93,0.41,0.30,0.35,0.33,1.02,0.70,0.60,0.71,0.83,0.26,0.25,0.31,0.30,0.51,tick=93043 goal=0
1787896411.2,-0.95,-4.45,177.2,2.36,0.94,0.40,0.35,0.30,0.32,1.05,0.76,0.63,0.73,0.85,0.24,0.27,0.28,0.28,0.48,tick=93063 goal=0
1787896411.4,-1.01,-4.44,179.0,2.31,0.94,0.43,0.36,0.29,0.35,1.05,0.77,0.64,0.73,0.86,0.25,0.28,0.27,0.29,0.47,tick=93084 goal=0
1787896411.6,-1.07,-4.44,177.1,2.30,0.91,0.40,0.33,0.24,0.34,1.07,0.79,0.68,0.76,0.95,0.27,0.27,0.26,0.29,0.48,tick=93105 goal=0
1787896411.8,-1.13,-4.44,175.4,2.29,0.89,0.43,0.33,0.25,0.36,1.06,0.81,0.71,0.79,0.97,0.28,0.27,0.24,0.29,0.50,tick=93126 goal=0
1787896412.1,-1.22,-4.44,180.2,2.25,0.87,0.40,0.35,0.26,0.35,1.07,0.84,0.72,0.82,0.34,0.27,0.28,0.25,0.32,0.60,tick=93147 goal=0
1787896412.3,-1.28,-4.44,179.5,2.22,0.86,0.47,0.32,0.30,0.37,1.09,0.87,0.77,0.84,0.31,0.29,0.27,0.21,0.31,0.63,tick=93178 goal=0
1787896412.5,-1.34,-4.43,175.4,2.22,0.86,0.52,0.32,0.30,0.32,1.10,0.91,0.79,0.85,0.32,0.30,0.25,0.24,0.30,0.60,tick=93199 goal=0
1787896412.7,-1.40,-4.43,178.6,2.21,0.85,0.51,0.32,0.33,0.26,0.44,0.93,0.79,0.88,0.35,0.30,0.22,0.22,0.29,0.61,tick=93219 goal=0
1787896413.0,-1.47,-4.43,174.9,2.18,0.83,0.53,0.31,0.32,0.29,0.42,0.94,0.83,0.91,0.34,0.30,0.21,0.24,0.28,0.58,tick=93241 goal=0
1787896413.3,-1.57,-4.43,178.9,2.14,1.03,0.52,0.29,0.29,0.30,0.45,0.98,0.87,0.94,0.34,0.28,0.21,0.24,0.29,0.58,tick=93269 goal=0
1787896413.5,-1.62,-4.42,177.1,2.10,1.05,0.52,0.31,0.29,0.33,0.47,1.01,0.86,0.94,0.37,0.27,0.22,0.23,0.28,0.54,tick=93298 goal=0
1787896413.7,-1.68,-4.42,179.0,2.08,1.02,0.51,0.33,0.32,0.33,0.46,1.05,0.89,1.00,0.39,0.27,0.18,0.21,0.27,0.54,tick=93318 goal=0
1787896413.9,-1.74,-4.42,174.7,2.08,1.01,0.50,0.34,0.28,0.35,0.47,1.07,0.92,1.03,0.39,0.22,0.21,0.22,0.25,0.54,tick=93339 goal=0
1787896414.1,-1.80,-4.42,178.7,2.06,1.00,0.48,0.35,0.28,0.36,0.47,1.07,0.92,1.05,0.40,0.21,0.23,0.22,0.26,0.51,tick=93360 goal=0
1787896414.3,-1.86,-4.42,177.8,2.03,0.98,0.48,0.38,0.28,0.34,0.38,1.09,0.97,1.05,0.40,0.22,0.23,0.19,0.26,0.53,tick=93381 goal=0
1787896414.6,-1.95,-4.42,175.0,1.99,1.00,0.49,0.38,0.28,0.30,0.38,1.12,0.97,1.11,0.40,0.25,0.21,0.20,0.28,0.51,tick=93401 goal=0
1787896414.9,-2.02,-4.42,178.0,1.98,0.97,0.48,0.38,0.29,0.32,0.39,1.14,1.02,1.17,0.36,0.22,0.22,0.19,0.31,0.52,tick=93430 goal=0
1787896415.1,-2.09,-4.41,177.9,1.96,0.93,0.45,0.40,0.30,0.32,0.40,1.16,1.06,0.62,0.30,0.24,0.21,0.21,0.34,0.52,tick=93459 goal=0
1787896415.4,-2.14,-4.41,176.7,1.94,0.95,0.47,0.39,0.32,0.32,0.43,1.18,1.05,0.59,0.30,0.25,0.19,0.20,0.33,0.49,tick=93480 goal=0
1787896415.7,-2.26,-4.42,177.9,1.87,2.41,0.51,0.38,0.35,0.31,0.44,1.23,1.09,0.61,0.29,0.23,0.19,0.20,0.32,0.48,tick=93521 goal=0
1787896415.9,-2.32,-4.41,178.7,1.86,2.40,0.50,0.38,0.35,0.33,0.45,1.25,1.11,0.62,0.30,0.22,0.19,0.24,0.33,0.46,tick=93541 goal=0
1787896416.2,-2.38,-4.41,180.2,1.84,2.40,0.48,0.38,0.36,0.30,0.45,1.27,1.15,0.63,0.32,0.21,0.20,0.23,0.32,0.44,tick=93562 goal=0
1787896416.4,-2.47,-4.41,177.5,1.81,2.44,0.49,0.36,0.39,0.35,0.39,1.28,1.15,0.64,0.31,0.22,0.19,0.24,0.32,0.45,tick=93583 goal=0
1787896416.6,-2.52,-4.41,174.9,1.81,2.43,0.48,0.35,0.38,0.35,0.41,1.32,1.20,0.65,0.29,0.20,0.20,0.24,0.29,0.41,tick=93611 goal=0
1787896416.9,-2.58,-4.40,177.0,1.76,2.37,0.47,0.36,0.37,0.35,0.40,1.35,1.23,0.67,0.29,0.21,0.20,0.23,0.27,0.40,tick=93632 goal=0
1787896417.1,-2.67,-4.40,181.7,1.78,2.38,0.46,0.38,0.37,0.37,0.41,0.83,1.24,0.70,0.26,0.21,0.23,0.27,0.29,0.39,tick=93653 goal=0
1787896417.3,-2.72,-4.40,177.0,1.72,2.30,0.46,0.36,0.36,0.38,0.42,0.83,1.26,0.68,0.27,0.19,0.22,0.24,0.27,0.36,tick=93682 goal=0
1787896417.9,-2.79,-4.40,177.7,1.71,2.30,0.43,0.35,0.34,0.40,0.41,0.82,1.29,0.69,0.27,0.24,0.25,0.25,0.28,0.35,tick=93706 goal=0
1787896419.4,-2.79,-4.40,194.2,1.44,0.63,0.40,0.32,0.40,0.38,0.61,1.35,1.34,0.31,0.23,0.22,0.22,0.24,0.34,0.89,tick=93888 goal=0
1787896419.6,-2.85,-4.41,195.3,1.44,0.65,0.42,0.31,0.38,0.40,0.62,1.37,1.38,0.34,0.24,0.26,0.23,0.26,0.32,0.86,tick=93910 goal=0
1787896419.8,-2.91,-4.42,189.2,1.44,0.62,0.37,0.31,0.37,0.40,0.56,1.36,1.39,0.34,0.26,0.24,0.23,0.24,0.30,0.83,tick=93931 goal=0
1787896420.0,-2.97,-4.43,193.7,1.44,0.64,0.37,0.31,0.34,0.42,0.53,1.39,1.42,0.35,0.26,0.26,0.24,0.27,0.29,0.81,tick=93952 goal=0
1787896420.4,-3.06,-4.45,187.9,1.60,0.63,0.37,0.33,0.34,0.43,0.49,1.46,1.45,0.37,0.29,0.26,0.21,0.27,0.27,0.80,tick=93983 goal=0
1787896420.6,-3.12,-4.47,188.1,1.58,0.59,0.35,0.33,0.33,0.43,0.48,1.46,1.48,0.35,0.30,0.26,0.23,0.26,0.27,0.75,tick=94003 goal=0
1787896420.8,-3.17,-4.48,189.2,1.55,0.61,0.36,0.32,0.29,0.43,0.48,1.50,1.50,0.38,0.30,0.26,0.24,0.24,0.28,0.75,tick=94024 goal=0
1787896421.1,-3.25,-4.49,190.4,1.53,0.57,0.36,0.32,0.30,0.39,0.48,1.52,1.51,0.41,0.31,0.26,0.24,0.24,0.26,0.75,tick=94045 goal=0
1787896421.3,-3.31,-4.50,186.3,1.50,1.47,0.38,0.29,0.31,0.37,0.51,1.52,1.54,0.43,0.33,0.26,0.23,0.21,0.25,0.73,tick=94074 goal=0
1787896421.5,-3.37,-4.51,188.5,1.49,1.43,0.38,0.29,0.29,0.35,0.51,1.59,1.54,0.43,0.33,0.25,0.25,0.23,0.33,0.70,tick=94094 goal=0
1787896421.7,-3.43,-4.52,189.3,1.45,1.42,0.41,0.30,0.30,0.34,0.53,1.62,1.58,0.44,0.34,0.26,0.23,0.20,0.37,0.69,tick=94115 goal=0
1787896421.9,-3.49,-4.53,189.4,1.43,1.44,0.40,0.27,0.30,0.33,0.52,1.64,1.62,0.45,0.33,0.27,0.21,0.22,0.39,0.67,tick=94136 goal=0
1787896422.1,-3.55,-4.54,189.9,1.42,1.41,0.39,0.28,0.29,0.34,0.54,1.65,1.62,0.46,0.34,0.26,0.21,0.19,0.39,0.67,tick=94157 goal=0
1787896422.3,-3.61,-4.54,193.2,1.39,1.52,0.41,0.26,0.30,0.32,0.54,1.67,1.65,0.47,0.34,0.25,0.19,0.19,0.37,0.66,tick=94178 goal=0
1787896422.5,-3.67,-4.55,191.9,1.37,1.55,0.39,0.29,0.26,0.30,0.55,1.69,1.65,0.51,0.31,0.26,0.19,0.21,0.38,0.65,tick=94199 goal=0
1787896422.7,-3.73,-4.56,191.6,1.37,1.51,0.39,0.28,0.26,0.34,0.54,1.71,1.70,0.51,0.34,0.22,0.18,0.23,0.38,0.89,tick=94220 goal=0
1787896422.9,-3.79,-4.57,188.2,1.35,1.52,0.38,0.29,0.26,0.34,0.55,0.94,1.71,0.51,0.33,0.22,0.19,0.26,0.35,0.86,tick=94240 goal=0
1787896423.1,-3.84,-4.58,190.2,1.32,1.53,0.39,0.30,0.24,0.34,0.53,0.97,1.73,0.53,0.32,0.20,0.20,0.28,0.35,0.87,tick=94261 goal=0
1787896423.4,-3.91,-4.59,188.3,1.29,1.53,0.35,0.30,0.26,0.32,0.45,0.96,1.74,0.54,0.32,0.19,0.19,0.31,0.35,0.85,tick=94282 goal=0
1787896423.6,-3.99,-4.60,191.1,1.26,1.50,0.35,0.30,0.25,0.30,0.42,0.97,1.79,0.57,0.34,0.20,0.22,0.31,0.36,0.83,tick=94312 goal=0
1787896423.9,-4.05,-4.61,190.2,1.24,1.49,0.33,0.30,0.27,0.29,0.42,0.98,1.81,0.57,0.33,0.22,0.23,0.31,0.44,0.85,tick=94333 goal=0
1787896424.1,-4.11,-4.63,185.9,1.22,1.46,0.33,0.30,0.28,0.27,0.42,1.01,1.83,0.59,0.30,0.23,0.24,0.31,0.46,0.83,tick=94354 goal=0
1787896424.3,-4.17,-4.63,187.4,1.20,1.47,0.89,0.28,0.28,0.27,0.42,1.05,1.86,0.59,0.26,0.22,0.25,0.28,0.44,1.14,tick=94375 goal=0
1787896424.6,-4.26,-4.65,188.3,1.19,1.46,0.89,0.28,0.27,0.30,0.41,1.04,1.87,0.60,0.27,0.24,0.27,0.29,0.44,1.13,tick=94405 goal=0
1787896424.8,-4.31,-4.65,187.8,1.14,1.43,0.88,0.27,0.29,0.28,0.41,0.87,1.90,0.61,0.28,0.24,0.28,0.28,0.41,1.10,tick=94426 goal=0
1787896425.0,-4.37,-4.67,188.7,1.13,1.41,0.90,0.25,0.28,0.30,0.42,0.87,1.92,0.61,0.27,0.27,0.24,0.26,0.41,1.09,tick=94447 goal=0
1787896425.2,-4.43,-4.67,190.8,1.09,1.40,0.89,0.25,0.27,0.29,0.37,0.85,1.95,0.62,0.28,0.30,0.28,0.29,0.39,1.06,tick=94468 goal=0
1787896425.4,-4.49,-4.68,185.9,1.08,1.42,0.90,0.25,0.26,0.31,0.34,0.85,1.97,0.64,0.28,0.27,0.27,0.29,0.36,1.06,tick=94489 goal=0
1787896425.6,-4.55,-4.69,187.2,1.06,1.44,0.92,0.73,0.26,0.31,0.35,0.85,1.97,0.65,0.31,0.29,0.25,0.31,0.37,1.04,tick=94510 goal=0
1787896425.8,-4.61,-4.70,187.5,1.02,1.52,0.96,0.74,0.25,0.30,0.36,0.88,1.98,0.65,0.33,0.29,0.23,0.32,0.37,1.01,tick=94531 goal=0
1787896426.0,-4.67,-4.71,187.1,1.00,1.51,0.95,0.73,0.24,0.31,0.34,0.88,2.03,0.65,0.31,0.29,0.25,0.35,0.34,1.05,tick=94552 goal=0
1787896426.3,-4.73,-4.72,189.3,0.97,1.52,0.97,0.78,0.24,0.29,0.36,0.90,2.07,0.65,0.34,0.29,0.25,0.31,0.34,0.99,tick=94573 goal=0
1787896426.5,-4.79,-4.72,191.0,0.97,1.51,0.94,0.77,0.44,0.30,0.36,0.89,2.07,0.65,0.34,0.30,0.28,0.32,0.46,1.00,tick=94593 goal=0
1787896426.7,-4.85,-4.73,187.3,0.93,1.50,0.95,0.78,0.45,0.29,0.38,0.91,2.09,0.65,0.34,0.28,0.28,0.30,0.46,0.99,tick=94615 goal=0
1787896426.9,-4.91,-4.74,186.2,0.89,1.46,0.95,0.78,0.47,0.29,0.39,0.92,2.12,0.66,0.39,0.26,0.28,0.30,0.46,0.98,tick=94635 goal=0
1787896427.1,-4.97,-4.75,187.7,0.91,1.47,0.94,0.73,0.73,0.25,0.41,0.90,2.13,0.67,0.37,0.27,0.32,0.28,0.45,0.96,tick=94656 goal=0
1787896427.3,-5.03,-4.75,186.0,0.88,1.45,0.91,0.71,0.72,0.25,0.40,0.94,2.16,0.49,0.37,0.28,0.30,0.28,0.46,0.91,tick=94677 goal=0
1787896427.5,-5.09,-4.76,186.8,0.85,0.44,0.91,0.71,0.74,0.29,0.39,0.94,2.18,0.51,0.38,0.30,0.31,0.26,0.46,0.89,tick=94698 goal=0
1787896427.7,-5.15,-4.76,186.6,0.83,0.41,0.89,0.72,0.74,0.41,0.40,0.77,2.20,0.50,0.38,0.31,0.29,0.28,0.46,0.89,tick=94719 goal=0
1787896427.9,-5.21,-4.77,191.7,0.83,0.41,0.86,0.70,0.72,0.43,0.40,0.80,2.22,0.51,0.35,0.33,0.27,0.30,0.45,0.86,tick=94740 goal=0
1787896428.1,-5.27,-4.78,187.6,0.80,0.40,0.88,0.70,0.69,0.45,0.38,0.78,2.23,0.50,0.35,0.32,0.25,0.33,0.46,0.84,tick=94761 goal=0
1787896428.3,-5.33,-4.79,192.3,0.78,0.39,0.84,0.69,0.68,0.48,0.36,0.79,2.27,0.53,0.35,0.34,0.24,0.36,0.46,0.85,tick=94782 goal=0
1787896428.6,-5.39,-4.80,191.5,0.76,0.42,0.84,0.70,0.67,0.51,0.33,0.79,2.29,0.56,0.34,0.33,0.25,0.36,0.42,0.81,tick=94803 goal=0
1787896428.8,-5.45,-4.81,194.9,0.74,0.39,0.83,0.69,0.68,0.50,0.33,0.81,2.32,0.56,0.36,0.31,0.28,0.36,0.43,0.80,tick=94823 goal=0
1787896429.0,-5.50,-4.82,187.3,0.71,0.41,0.81,0.69,0.68,0.52,0.37,0.83,2.34,0.59,0.39,0.30,0.28,0.35,0.44,0.79,tick=94844 goal=0
1787896429.2,-5.56,-4.83,184.8,0.70,0.41,0.81,0.72,0.67,0.52,0.39,0.68,2.34,0.59,0.40,0.29,0.29,0.35,0.48,0.73,tick=94865 goal=0
1787896429.4,-5.63,-4.85,186.4,0.67,0.42,0.80,0.69,0.70,0.69,0.43,0.66,2.39,0.60,0.41,0.26,0.31,0.35,0.58,0.72,tick=94888 goal=0
1787896429.7,-5.72,-4.86,189.4,0.64,0.38,0.79,0.71,0.70,0.76,0.48,0.69,2.38,0.62,0.42,0.26,0.32,0.37,0.59,0.71,tick=94909 goal=0
1787896429.9,-5.77,-4.87,187.3,0.63,0.38,0.22,0.71,0.70,0.77,0.54,0.67,2.41,0.63,0.41,0.27,0.33,0.35,0.60,0.68,tick=94937 goal=0
1787896430.1,-5.83,-4.87,188.0,0.60,0.36,0.21,0.72,0.68,0.79,0.56,0.69,2.41,0.66,0.44,0.30,0.34,0.34,0.60,0.64,tick=94958 goal=0
1787896430.6,-5.89,-4.88,191.1,0.57,0.33,0.21,0.71,0.67,0.78,0.58,0.71,2.46,0.66,0.40,0.32,0.33,0.32,0.60,0.63,tick=94982 goal=0
1787896437.5,-5.90,-4.88,1.7,2.36,0.75,0.45,0.29,0.32,0.34,0.53,0.64,0.55,0.36,0.27,0.73,0.65,0.71,0.58,0.49,tick=95692 goal=0
1787896437.7,-5.84,-4.88,0.4,2.36,0.70,0.45,0.29,0.32,0.35,0.47,0.67,0.57,0.37,0.24,0.75,0.64,0.71,0.55,0.59,tick=95714 goal=0
1787896437.9,-5.77,-4.88,3.4,2.34,0.71,0.45,0.29,0.35,0.34,0.41,0.66,0.60,0.36,0.22,0.75,0.67,0.71,0.55,0.58,tick=95739 goal=0
1787896438.1,-5.71,-4.88,359.6,2.34,0.71,0.44,0.30,0.31,0.34,0.40,0.72,0.63,0.41,0.26,0.75,0.64,0.72,0.54,0.58,tick=95760 goal=0
1787896438.3,-5.65,-4.88,2.7,2.32,0.95,0.43,0.32,0.28,0.36,0.39,0.74,0.66,0.42,0.25,0.77,0.66,0.74,0.50,0.55,tick=95781 goal=0
1787896438.6,-5.59,-4.88,359.9,2.31,1.03,0.45,0.36,0.27,0.35,0.39,0.77,0.66,0.45,0.99,0.77,0.66,0.73,0.51,0.55,tick=95802 goal=0
1787896438.8,-5.53,-4.88,0.2,2.29,1.01,0.42,0.36,0.27,0.35,0.38,0.77,0.70,0.46,0.98,0.77,0.66,0.73,0.47,0.55,tick=95823 goal=0
1787896439.1,-5.47,-4.89,358.6,2.29,1.00,0.44,0.36,0.27,0.37,0.42,0.78,0.71,0.48,0.97,0.75,0.70,0.72,0.45,0.52,tick=95844 goal=0
1787896439.3,-5.38,-4.88,357.6,2.22,1.03,0.48,0.37,0.28,0.33,0.43,0.82,0.73,0.49,0.96,0.74,0.71,0.72,0.38,0.50,tick=95875 goal=0
1787896439.6,-5.29,-4.88,357.0,2.21,1.01,0.50,0.34,0.29,0.31,0.42,0.82,0.76,0.51,0.97,0.73,0.69,0.48,0.33,0.49,tick=95896 goal=0
1787896439.8,-5.24,-4.88,358.4,2.18,1.00,0.49,0.34,0.32,0.29,0.45,0.83,0.77,0.53,0.97,0.72,0.67,0.46,0.27,0.48,tick=95924 goal=0
1787896440.0,-5.18,-4.88,1.1,2.16,1.00,0.48,0.31,0.34,0.27,0.44,0.83,0.81,0.54,0.91,0.71,0.66,0.42,0.25,0.47,tick=95945 goal=0
1787896440.3,-5.11,-4.88,0.8,2.14,0.96,0.46,0.33,0.35,0.28,0.45,0.86,0.82,0.48,0.88,0.72,0.64,0.42,0.26,0.45,tick=95966 goal=0
1787896440.5,-5.04,-4.88,1.9,2.11,0.94,0.45,0.33,0.35,0.31,0.46,0.90,0.86,0.46,0.89,0.70,0.64,0.38,0.28,0.44,tick=95994 goal=0
1787896440.7,-4.98,-4.88,0.9,2.10,0.93,0.43,0.33,0.35,0.31,0.47,0.89,0.89,0.47,0.90,0.70,0.65,0.37,0.30,0.43,tick=96015 goal=0
1787896440.9,-4.90,-4.88,359.9,2.07,0.95,0.40,0.36,0.33,0.33,0.45,0.90,0.91,0.48,0.93,0.72,0.68,0.20,0.30,0.41,tick=96041 goal=0
1787896441.2,-4.84,-4.88,357.5,2.04,0.92,0.40,0.37,0.30,0.34,0.43,0.92,0.93,1.72,0.93,0.71,0.67,0.18,0.30,0.42,tick=96062 goal=0
1787896441.4,-4.78,-4.88,359.6,2.02,0.92,0.40,0.37,0.30,0.34,0.38,0.91,0.95,1.75,0.96,0.72,0.44,0.20,0.29,0.39,tick=96084 goal=0
1787896441.6,-4.72,-4.88,359.1,2.01,0.91,0.41,0.37,0.32,0.36,0.35,0.71,0.97,1.76,0.98,0.74,0.42,0.20,0.30,0.39,tick=96105 goal=0
1787896441.9,-4.63,-4.88,358.7,1.97,0.93,0.41,0.36,0.32,0.37,0.36,0.71,1.02,1.79,0.96,0.75,0.19,0.23,0.27,0.40,tick=96136 goal=0
1787896442.1,-4.57,-4.88,2.8,1.94,0.91,0.44,0.35,0.33,0.36,0.38,0.71,1.03,1.80,0.99,0.75,0.19,0.24,0.28,0.46,tick=96157 goal=0
1787896442.3,-4.51,-4.88,356.4,1.92,0.95,0.49,0.33,0.34,0.34,0.40,0.72,1.07,1.80,1.00,0.76,0.20,0.25,0.24,0.46,tick=96179 goal=0
1787896442.5,-4.45,-4.88,0.4,1.90,1.01,0.53,0.34,0.34,0.34,0.44,0.72,1.08,1.82,1.01,0.18,0.20,0.23,0.24,0.46,tick=96200 goal=0
1787896442.7,-4.39,-4.88,1.5,1.90,1.00,0.55,0.34,0.35,0.31,0.43,0.73,1.11,1.86,1.02,0.20,0.20,0.24,0.25,0.45,tick=96221 goal=0
1787896443.0,-4.33,-4.88,0.0,1.84,1.00,0.53,0.31,0.34,0.33,0.47,0.77,1.12,1.78,1.00,0.19,0.19,0.21,0.23,0.44,tick=96242 goal=0
1787896443.2,-4.26,-4.89,1.1,1.83,0.99,0.52,0.31,0.33,0.33,0.44,0.77,1.14,1.82,1.03,0.21,0.21,0.19,0.21,0.40,tick=96266 goal=0
1787896443.4,-4.20,-4.89,355.2,1.82,0.95,0.55,0.29,0.34,0.37,0.49,0.78,1.14,1.81,0.99,0.21,0.22,0.20,0.23,0.42,tick=96287 goal=0
1787896443.6,-4.14,-4.89,0.4,1.80,0.96,0.55,0.32,0.30,0.36,0.48,0.79,1.17,1.79,0.27,0.21,0.20,0.20,0.20,0.40,tick=96308 goal=0
1787896443.8,-4.08,-4.89,359.4,1.78,0.96,0.56,0.34,0.29,0.38,0.48,0.78,1.22,1.77,0.26,0.21,0.20,0.20,0.20,0.41,tick=96329 goal=0
1787896444.0,-4.02,-4.89,357.0,1.76,1.17,0.58,0.36,0.30,0.37,0.46,0.80,1.22,1.78,0.25,0.24,0.19,0.17,0.22,0.42,tick=96350 goal=0
1787896444.2,-3.96,-4.89,0.2,1.75,1.14,0.57,0.38,0.28,0.35,0.42,0.80,1.28,1.87,0.28,0.23,0.17,0.15,0.22,0.42,tick=96371 goal=0
1787896444.5,-3.90,-4.89,358.7,1.73,1.13,0.58,0.42,0.30,0.36,0.45,0.78,1.30,1.87,0.26,0.23,0.15,0.16,0.22,0.49,tick=96392 goal=0
1787896444.7,-3.83,-4.90,358.0,1.69,1.12,0.58,0.39,0.29,0.36,0.41,0.65,1.31,1.83,0.28,0.21,0.15,0.17,0.24,0.51,tick=96413 goal=0
1787896444.9,-3.77,-4.89,358.4,1.66,1.11,0.55,0.40,0.30,0.35,0.44,0.67,1.31,1.83,0.32,0.21,0.15,0.16,0.25,0.53,tick=96434 goal=0
1787896445.1,-3.72,-4.90,357.1,1.68,1.09,0.54,0.41,0.33,0.34,0.45,0.68,1.33,1.84,0.28,0.18,0.16,0.17,0.23,0.50,tick=96454 goal=0
1787896445.3,-3.66,-4.89,357.3,1.64,1.08,0.54,0.41,0.34,0.33,0.48,0.68,1.36,1.85,0.31,0.16,0.17,0.18,0.23,0.48,tick=96476 goal=0
1787896445.5,-3.59,-4.90,1.4,1.61,1.09,0.53,0.43,0.34,0.32,0.47,0.71,1.37,1.83,0.29,0.15,0.14,0.18,0.22,0.48,tick=96497 goal=0
1787896445.7,-3.54,-4.90,1.8,1.59,1.04,0.53,0.43,0.34,0.31,0.47,0.73,1.39,1.73,0.27,0.15,0.15,0.19,0.22,0.48,tick=96518 goal=0
1787896445.9,-3.48,-4.90,357.6,1.55,1.02,0.52,0.41,0.36,0.32,0.48,0.72,1.42,0.43,0.23,0.15,0.15,0.18,0.21,0.46,tick=96539 goal=0
1787896446.1,-3.42,-4.90,358.3,1.54,1.01,0.50,0.43,0.38,0.32,0.49,0.75,1.43,0.45,0.21,0.17,0.18,0.16,0.23,0.43,tick=96559 goal=0
1787896446.3,-3.36,-4.90,359.2,1.51,0.99,0.50,0.44,0.37,0.32,0.51,0.77,1.47,0.47,0.21,0.16,0.19,0.17,0.26,0.44,tick=96581 goal=0
1787896446.5,-3.29,-4.89,357.1,1.49,0.99,0.50,0.44,0.37,0.33,0.51,0.78,1.48,0.47,0.20,0.17,0.18,0.16,0.28,0.42,tick=96602 goal=0
1787896446.8,-3.24,-4.90,1.9,1.49,0.98,0.50,0.44,0.38,0.36,0.45,0.78,1.51,0.48,0.22,0.17,0.17,0.17,0.27,0.40,tick=96623 goal=0
1787896447.0,-3.15,-4.90,0.2,1.46,1.59,0.50,0.43,0.37,0.38,0.41,0.79,1.54,0.51,0.22,0.18,0.16,0.18,0.29,0.38,tick=96651 goal=0
1787896447.3,-3.09,-4.90,0.6,1.46,1.57,0.53,0.44,0.37,0.38,0.42,0.81,1.56,0.51,0.22,0.18,0.16,0.17,0.30,0.37,tick=96672 goal=0
1787896447.5,-3.03,-4.90,4.3,1.42,1.58,0.51,0.42,0.41,0.41,0.42,0.85,1.60,0.52,0.21,0.17,0.16,0.21,0.28,0.38,tick=96693 goal=0
1787896448.0,-2.97,-4.90,1.8,1.39,1.53,0.53,0.42,0.41,0.40,0.40,0.86,1.60,0.53,0.21,0.17,0.15,0.19,0.28,0.34,tick=96717 goal=0
1787896450.2,-2.96,-4.90,13.7,1.45,0.59,0.40,0.40,0.39,0.41,0.68,1.67,0.58,0.25,0.19,0.14,0.18,0.27,0.32,1.38,tick=96961 goal=0
1787896450.4,-2.91,-4.88,17.1,1.42,0.57,0.41,0.38,0.39,0.40,0.69,1.67,0.62,0.27,0.19,0.18,0.21,0.29,0.32,1.35,tick=96983 goal=0
1787896450.7,-2.82,-4.86,18.1,1.39,0.54,0.38,0.40,0.40,0.40,0.70,1.68,0.64,0.27,0.19,0.18,0.22,0.26,0.31,1.36,tick=97004 goal=0
1787896450.9,-2.76,-4.84,17.4,1.36,0.54,0.37,0.35,0.39,0.42,0.68,1.68,0.67,0.30,0.21,0.20,0.22,0.26,0.32,1.33,tick=97035 goal=0
1787896451.2,-2.68,-4.81,17.4,1.36,0.52,0.36,0.36,0.38,0.43,0.70,1.75,0.68,0.31,0.22,0.22,0.24,0.25,0.32,1.31,tick=97056 goal=0
1787896451.4,-2.62,-4.80,16.1,1.31,0.51,0.38,0.33,0.37,0.44,0.67,1.78,0.74,0.33,0.20,0.25,0.24,0.26,0.36,1.29,tick=97086 goal=0
1787896451.6,-2.56,-4.78,15.0,1.30,0.53,0.36,0.33,0.37,0.43,0.52,1.79,0.76,0.34,0.25,0.24,0.25,0.24,0.47,1.25,tick=97107 goal=0
1787896451.8,-2.51,-4.76,18.8,1.28,0.49,0.34,0.30,0.35,0.42,0.53,1.80,0.77,0.32,0.26,0.27,0.23,0.24,0.47,1.21,tick=97128 goal=0
1787896452.1,-2.42,-4.73,16.2,1.24,0.55,0.34,0.30,0.36,0.41,0.51,1.84,0.77,0.34,0.25,0.26,0.23,0.25,0.45,1.20,tick=97148 goal=0
1787896452.3,-2.37,-4.72,17.9,1.21,0.55,0.35,0.29,0.33,0.41,0.53,1.85,0.83,0.34,0.28,0.26,0.22,0.25,0.44,1.19,tick=97179 goal=0
1787896452.5,-2.31,-4.70,18.3,1.22,0.59,0.36,0.28,0.32,0.41,0.53,1.86,0.87,0.35,0.30,0.27,0.22,0.25,0.41,1.17,tick=97201 goal=0
1787896452.7,-2.25,-4.69,16.0,1.18,0.57,0.33,0.28,0.31,0.40,0.55,1.91,2.63,0.39,0.33,0.27,0.23,0.27,0.39,1.14,tick=97221 goal=0
1787896453.0,-2.19,-4.67,17.6,1.15,0.55,0.34,0.28,0.28,0.40,0.55,1.91,2.64,0.37,0.34,0.26,0.22,0.28,0.41,1.13,tick=97242 goal=0
1787896453.2,-2.14,-4.65,14.9,1.13,0.53,0.30,0.29,0.27,0.40,0.57,1.92,2.68,0.39,0.33,0.25,0.21,0.30,0.41,1.13,tick=97263 goal=0
1787896453.5,-2.06,-4.63,16.2,1.12,0.52,0.31,0.25,0.28,0.39,0.55,1.59,2.69,0.41,0.35,0.26,0.21,0.34,0.54,1.07,tick=97284 goal=0
1787896453.7,-2.00,-4.61,19.0,1.11,0.50,0.30,0.27,0.27,0.38,0.54,1.55,2.73,0.43,0.36,0.26,0.23,0.36,0.53,1.04,tick=97313 goal=0
1787896453.9,-1.94,-4.60,16.9,1.09,0.51,0.29,0.28,0.26,0.35,0.52,1.56,2.73,0.43,0.35,0.26,0.25,0.34,1.18,1.02,tick=97334 goal=0
1787896454.1,-1.88,-4.58,17.0,1.05,0.47,0.27,0.26,0.27,0.31,0.53,1.58,2.76,0.45,0.35,0.25,0.24,0.32,1.13,1.00,tick=97354 goal=0
1787896454.4,-1.79,-4.56,17.2,1.01,0.45,0.31,0.25,0.24,0.30,0.52,1.28,2.81,0.48,0.34,0.24,0.28,0.30,1.08,0.98,tick=97386 goal=0
1787896454.6,-1.74,-4.54,16.1,1.00,0.42,0.32,0.23,0.26,0.26,0.52,1.28,2.83,0.50,0.34,0.27,0.30,0.30,1.06,0.96,tick=97406 goal=0
1787896454.8,-1.68,-4.52,15.2,0.96,0.40,0.32,0.24,0.26,0.29,0.51,1.28,2.98,0.50,0.33,0.27,0.33,0.30,1.05,0.94,tick=97427 goal=0
1787896455.1,-1.59,-4.50,17.5,0.94,0.39,0.34,0.21,0.23,0.26,0.49,1.31,2.92,0.55,0.33,0.27,0.29,0.43,1.01,0.89,tick=97459 goal=0
1787896455.3,-1.53,-4.48,16.2,0.92,0.39,0.33,0.21,0.23,0.29,0.50,1.33,2.93,0.55,0.32,0.30,0.31,0.42,0.99,0.87,tick=97479 goal=0
1787896455.5,-1.47,-4.47,18.1,0.90,0.37,0.32,0.22,0.21,0.26,0.50,1.37,2.90,0.54,0.32,0.32,0.29,0.42,0.98,0.82,tick=97501 goal=0
1787896456.1,-1.41,-4.45,17.4,0.87,0.35,0.31,0.24,0.21,0.26,0.40,1.33,2.93,0.57,0.33,0.33,0.29,0.42,0.95,0.81,tick=97525 goal=0
1787896463.1,-1.44,-4.46,200.7,0.81,0.52,0.32,0.32,0.29,1.12,0.92,0.81,0.90,0.32,0.30,0.24,0.23,0.29,0.62,2.21,tick=98257 goal=0
1787896463.4,-1.52,-4.49,201.7,0.80,0.50,0.30,0.32,0.28,0.41,0.97,0.83,0.91,0.34,0.31,0.22,0.24,0.32,0.61,2.17,tick=98288 goal=0
1787896463.6,-1.58,-4.51,200.9,0.84,0.51,0.29,0.28,0.29,0.44,0.99,0.84,0.91,0.39,0.32,0.21,0.26,0.30,0.59,2.12,tick=98309 goal=0
1787896463.8,-1.63,-4.53,200.6,0.79,0.48,0.29,0.24,0.28,0.42,1.02,0.84,0.94,0.39,0.33,0.24,0.25,0.31,0.59,2.13,tick=98330 goal=0
1787896464.1,-1.71,-4.56,196.9,1.01,0.47,0.29,0.25,0.29,0.42,1.02,0.91,0.97,0.43,0.32,0.25,0.27,0.29,0.60,2.07,tick=98359 goal=0
1787896464.3,-1.77,-4.58,197.8,0.97,0.47,0.25,0.24,0.29,0.29,1.04,0.92,1.01,0.45,0.30,0.27,0.28,0.32,0.60,2.07,tick=98380 goal=0
1787896464.5,-1.83,-4.60,199.6,0.97,0.46,0.29,0.23,0.30,0.29,1.05,0.96,1.01,0.45,0.29,0.26,0.26,0.32,0.58,2.03,tick=98401 goal=0
1787896464.8,-1.89,-4.62,200.4,0.95,0.43,0.29,0.22,0.24,0.31,1.08,0.98,1.03,0.47,0.31,0.28,0.27,0.36,0.61,2.04,tick=98422 goal=0
1787896465.0,-1.94,-4.64,200.0,0.94,0.44,0.30,0.24,0.24,0.30,1.10,0.98,1.04,0.48,0.29,0.27,0.29,0.39,0.60,2.01,tick=98443 goal=0
1787896465.2,-2.00,-4.65,198.3,0.92,0.41,0.31,0.22,0.23,0.31,1.14,1.03,1.10,0.52,0.29,0.28,0.27,0.41,0.61,2.00,tick=98464 goal=0
1787896465.4,-2.06,-4.67,197.8,0.90,0.39,0.31,0.20,0.25,0.33,0.54,1.04,1.10,0.53,0.32,0.29,0.29,0.42,0.58,1.98,tick=98485 goal=0
1787896465.6,-2.12,-4.69,199.6,0.87,0.36,0.32,0.23,0.19,0.32,0.55,1.07,1.13,0.53,0.32,0.31,0.28,0.42,0.60,1.95,tick=98506 goal=0
1787896465.9,-2.20,-4.71,197.5,0.86,0.37,0.31,0.23,0.21,0.25,0.37,1.12,1.13,0.56,0.32,0.28,0.30,0.43,0.58,1.94,tick=98527 goal=0
1787896466.4,-2.27,-4.72,197.5,0.82,0.34,0.30,0.21,0.19,0.24,0.40,1.13,1.19,0.59,0.37,0.32,0.32,0.45,0.57,1.90,tick=98562 goal=0
1787896473.1,-2.28,-4.73,7.4,1.15,0.62,0.36,0.30,0.30,0.40,0.52,1.11,1.43,0.46,0.33,0.26,0.23,0.22,0.37,1.14,tick=99257 goal=0
1787896473.4,-2.20,-4.71,6.6,1.15,0.59,0.37,0.34,0.29,0.38,0.53,1.12,1.48,0.44,0.31,0.24,0.20,0.23,0.36,1.13,tick=99287 goal=0
1787896473.6,-2.14,-4.71,8.2,1.12,0.58,0.35,0.33,0.27,0.37,0.53,1.16,1.48,0.41,0.32,0.24,0.21,0.23,0.37,1.10,tick=99308 goal=0
1787896473.8,-2.08,-4.70,7.0,1.10,0.56,0.37,0.31,0.29,0.35,0.52,1.17,1.49,0.43,0.35,0.24,0.20,0.24,0.33,1.07,tick=99329 goal=0
1787896474.0,-2.02,-4.68,7.1,1.08,0.58,0.40,0.32,0.29,0.35,0.49,1.02,1.68,0.44,0.36,0.24,0.21,0.27,0.33,1.05,tick=99350 goal=0
1787896474.2,-1.96,-4.68,8.0,1.06,0.56,0.40,0.30,0.27,0.32,0.49,1.01,1.71,0.46,0.35,0.22,0.23,0.31,0.33,1.04,tick=99371 goal=0
1787896474.5,-1.90,-4.67,7.7,1.05,0.57,0.43,0.28,0.30,0.31,0.52,1.01,1.59,0.47,0.35,0.22,0.22,0.31,0.46,0.99,tick=99393 goal=0
1787896474.7,-1.84,-4.66,9.4,1.00,1.12,0.43,0.28,0.29,0.30,0.52,1.01,1.59,0.49,0.34,0.23,0.21,0.30,0.45,0.98,tick=99414 goal=0
1787896474.9,-1.78,-4.65,7.1,0.99,1.09,0.42,0.27,0.30,0.31,0.52,1.02,1.80,0.49,0.34,0.22,0.23,0.28,0.43,0.95,tick=99435 goal=0
1787896475.2,-1.69,-4.63,11.0,0.97,1.05,0.42,0.28,0.29,0.33,0.52,0.82,1.81,0.51,0.31,0.24,0.25,0.26,0.45,0.93,tick=99456 goal=0
1787896475.4,-1.64,-4.62,13.1,0.95,1.04,0.39,0.28,0.26,0.30,0.51,0.86,1.68,0.52,0.28,0.24,0.28,0.27,0.45,0.90,tick=99485 goal=0
1787896475.6,-1.58,-4.61,7.8,0.92,1.01,0.39,0.29,0.26,0.30,0.51,0.82,1.69,0.54,0.26,0.23,0.26,0.24,1.13,0.90,tick=99506 goal=0
1787896475.8,-1.52,-4.60,5.1,0.88,1.00,0.39,0.31,0.24,0.29,0.47,0.86,1.69,0.53,0.27,0.26,0.25,0.31,1.08,0.87,tick=99528 goal=0
1787896476.0,-1.46,-4.59,10.2,0.87,0.99,0.35,0.32,0.26,0.31,0.43,0.86,1.73,0.55,0.31,0.26,0.25,0.37,1.05,0.84,tick=99548 goal=0
1787896476.2,-1.40,-4.58,5.9,0.86,0.97,0.35,0.34,0.27,0.33,0.39,0.84,1.92,0.57,0.32,0.28,0.24,0.36,1.05,0.83,tick=99570 goal=0
1787896476.4,-1.34,-4.57,9.7,0.82,0.95,0.33,0.35,0.27,0.29,0.40,0.87,1.94,0.59,0.28,0.29,0.24,0.35,0.99,0.83,tick=99591 goal=0
1787896476.7,-1.28,-4.56,10.3,0.81,0.93,0.33,0.33,0.28,0.30,0.39,0.88,1.95,0.61,0.31,0.30,0.23,0.35,0.94,0.78,tick=99612 goal=0
1787896476.9,-1.22,-4.56,8.9,0.79,0.91,0.29,0.31,0.29,0.27,0.41,0.87,2.00,0.62,0.33,0.29,0.24,0.33,0.92,0.80,tick=99633 goal=0
1787896477.1,-1.16,-4.55,9.4,0.77,0.88,0.31,0.30,0.29,0.28,0.38,0.89,2.02,0.66,0.33,0.28,0.29,0.33,0.87,0.76,tick=99654 goal=0
1787896477.3,-1.10,-4.54,4.1,0.75,0.81,0.32,0.27,0.32,0.29,0.40,0.87,2.05,0.66,0.31,0.25,0.31,0.33,0.86,0.73,tick=99675 goal=0
1787896477.5,-1.04,-4.53,6.7,0.72,0.81,1.13,0.26,0.29,0.29,0.41,0.90,2.09,0.67,0.35,0.24,0.31,0.83,0.83,0.71,tick=99695 goal=0
1787896477.7,-0.98,-4.51,8.7,0.72,0.78,1.13,0.25,0.30,0.31,0.41,0.93,2.10,0.68,0.35,0.26,0.32,0.85,0.79,0.70,tick=99718 goal=0
1787896477.9,-0.92,-4.50,7.9,0.69,0.77,1.08,0.25,0.29,0.32,0.41,0.93,2.10,0.66,0.37,0.28,0.33,0.84,0.78,0.66,tick=99739 goal=0
1787896478.1,-0.86,-4.49,5.5,0.65,0.71,1.02,0.24,0.28,0.31,0.39,0.93,2.13,0.67,0.37,0.30,0.29,0.83,0.76,0.64,tick=99760 goal=0
1787896478.3,-0.80,-4.49,5.5,0.64,0.67,0.92,0.25,0.26,0.32,0.38,0.90,2.17,0.68,0.40,0.31,0.29,0.85,0.75,0.64,tick=99781 goal=0
1787896478.7,-0.71,-4.47,6.5,0.61,0.65,0.92,0.24,0.25,0.33,0.39,0.90,2.18,0.54,0.34,0.34,0.33,0.88,0.72,0.59,tick=99803 goal=0
1787896478.9,-0.65,-4.46,10.0,0.57,0.63,0.87,2.14,0.23,0.34,0.37,0.94,2.19,0.53,0.31,0.36,0.76,0.88,0.70,0.55,tick=99834 goal=0
1787896479.1,-0.59,-4.45,12.6,0.56,0.60,0.87,2.14,0.21,0.33,0.39,0.96,2.23,0.55,0.35,0.35,0.76,0.92,0.68,0.51,tick=99855 goal=0
1787896479.3,-0.53,-4.44,10.6,0.54,0.59,0.84,2.12,0.21,0.31,0.40,0.97,2.06,0.56,0.34,0.33,0.80,0.94,0.64,0.49,tick=99876 goal=0
1787896479.5,-0.47,-4.43,8.1,0.53,0.56,0.82,2.08,0.23,0.27,0.40,1.01,2.99,0.55,0.38,0.32,0.80,0.92,0.59,0.45,tick=99897 goal=0
1787896479.7,-0.41,-4.42,12.0,0.51,0.54,0.80,2.08,0.22,0.27,0.41,1.00,2.99,0.57,0.39,0.34,0.82,0.91,0.56,0.43,tick=99918 goal=0
1787896480.0,-0.32,-4.41,9.2,0.49,0.51,0.69,1.78,0.49,0.24,0.43,1.00,3.00,0.56,0.39,0.81,0.80,0.88,0.53,0.40,tick=99949 goal=0
1787896480.6,-0.26,-4.39,6.9,0.45,0.48,0.61,1.71,0.59,0.21,0.43,1.01,3.00,0.58,0.42,0.83,0.78,0.83,0.48,0.38,tick=99983 goal=0
1787896487.9,-0.24,-4.39,184.7,2.59,0.62,0.44,0.83,0.80,0.91,0.55,0.39,0.44,0.45,0.61,1.45,1.05,0.21,0.41,0.65,tick=100733 goal=0
1787896488.1,-0.30,-4.40,183.5,2.57,0.65,0.43,0.36,0.80,0.91,0.59,0.45,0.46,0.50,0.62,1.33,1.05,0.23,0.40,0.63,tick=100754 goal=0
1787896488.4,-0.39,-4.41,181.1,2.54,0.68,0.38,0.34,0.76,0.91,0.63,0.47,0.47,0.52,0.67,1.46,0.83,0.21,0.38,0.61,tick=100785 goal=0
1787896488.6,-0.45,-4.41,183.3,2.51,0.84,0.37,0.37,0.79,0.89,0.67,0.49,0.48,0.53,0.67,1.51,0.54,0.27,0.38,0.63,tick=100805 goal=0
1787896488.8,-0.51,-4.41,181.3,2.50,0.84,0.35,0.36,0.77,0.85,0.67,0.52,0.51,0.56,0.70,1.50,0.22,0.26,0.36,0.60,tick=100827 goal=0
1787896489.0,-0.57,-4.42,181.8,2.45,0.83,0.36,0.36,0.75,0.85,0.72,0.56,0.53,0.59,0.72,1.53,0.23,0.28,0.38,0.58,tick=100848 goal=0
1787896489.2,-0.63,-4.42,184.5,2.45,0.81,0.46,0.37,0.32,0.84,0.71,0.60,0.55,0.62,0.74,1.53,0.22,0.29,0.36,0.58,tick=100869 goal=0
1787896489.4,-0.69,-4.42,180.4,2.42,0.83,0.43,0.35,0.32,0.81,0.74,0.60,0.57,0.62,0.81,1.55,0.24,0.29,0.35,0.58,tick=100890 goal=0
1787896489.7,-0.76,-4.43,183.4,2.43,0.82,0.44,0.32,0.34,0.82,0.78,0.63,0.57,0.66,0.85,0.25,0.25,0.31,0.35,0.55,tick=100910 goal=0
1787896489.9,-0.83,-4.43,183.0,2.40,0.80,0.42,0.30,0.35,0.85,0.81,0.67,0.61,0.67,0.91,0.23,0.25,0.30,0.32,0.56,tick=100939 goal=0
1787896490.1,-0.89,-4.44,180.6,2.36,0.77,0.40,0.29,0.33,0.84,0.84,0.68,0.65,0.70,0.94,0.23,0.28,0.29,0.34,0.73,tick=100960 goal=0
1787896490.3,-0.95,-4.44,180.7,2.34,0.78,0.39,0.27,0.35,0.86,0.90,0.70,0.66,0.71,0.96,0.24,0.27,0.29,0.31,0.74,tick=100980 goal=0
1787896490.5,-1.01,-4.44,182.6,2.32,0.76,0.38,0.30,0.33,0.35,0.95,0.74,0.66,0.74,0.96,0.25,0.27,0.27,0.31,0.72,tick=101001 goal=0
1787896490.8,-1.07,-4.45,186.2,2.31,0.73,0.39,0.32,0.31,0.34,1.02,0.76,0.70,0.76,1.00,0.26,0.28,0.27,0.33,0.72,tick=101022 goal=0
1787896491.1,-1.13,-4.45,181.1,2.27,0.71,0.39,0.34,0.27,0.35,1.02,0.77,0.73,0.82,0.30,0.29,0.29,0.26,0.35,0.71,tick=101043 goal=0
1787896491.3,-1.22,-4.46,182.5,2.25,0.71,0.39,0.33,0.26,0.35,1.08,0.80,0.78,0.84,0.31,0.27,0.26,0.25,0.34,0.71,tick=101074 goal=0
1787896491.5,-1.28,-4.46,182.6,2.21,0.69,0.35,0.32,0.27,0.37,1.09,0.82,0.77,0.87,0.31,0.29,0.24,0.23,0.33,0.69,tick=101095 goal=0
1787896491.7,-1.34,-4.46,184.1,2.21,0.71,0.36,0.32,0.26,0.38,1.14,0.83,0.82,0.89,0.31,0.30,0.23,0.24,0.31,0.70,tick=101116 goal=0
1787896492.0,-1.42,-4.46,182.5,2.19,0.76,0.39,0.27,0.28,0.34,1.18,0.89,0.82,0.92,0.32,0.30,0.23,0.23,0.32,0.69,tick=101145 goal=0
1787896492.4,-1.53,-4.47,181.6,2.11,0.72,0.45,0.29,0.31,0.30,1.16,0.92,0.88,1.01,0.36,0.28,0.21,0.27,0.30,0.69,tick=101183 goal=0
1787896492.6,-1.59,-4.48,182.3,2.10,0.72,0.46,0.29,0.31,0.30,0.45,0.93,0.90,1.03,0.37,0.28,0.22,0.26,0.31,0.68,tick=101204 goal=0
1787896492.8,-1.65,-4.48,182.2,2.09,0.71,0.46,0.28,0.28,0.29,0.45,0.93,0.92,1.05,0.36,0.26,0.22,0.26,0.32,0.67,tick=101225 goal=0
1787896493.1,-1.72,-4.48,180.9,2.06,0.69,0.47,0.29,0.28,0.30,0.45,0.99,0.94,1.07,0.39,0.25,0.24,0.25,0.31,0.66,tick=101248 goal=0
1787896493.4,-1.82,-4.48,182.5,2.05,0.71,0.46,0.29,0.27,0.36,0.47,1.04,0.97,1.11,0.39,0.25,0.23,0.25,0.33,0.64,tick=101283 goal=0
1787896493.6,-1.88,-4.49,181.5,2.01,0.70,0.45,0.30,0.27,0.33,0.46,1.05,0.97,1.11,0.41,0.24,0.23,0.23,0.34,0.61,tick=101305 goal=0
1787896493.8,-1.94,-4.49,176.8,2.01,0.68,0.43,0.32,0.26,0.33,0.35,1.10,0.98,1.15,0.41,0.25,0.25,0.23,0.39,0.61,tick=101326 goal=0
1787896494.0,-2.00,-4.49,182.8,1.97,0.68,0.44,0.34,0.26,0.32,0.39,1.13,1.02,1.16,0.39,0.25,0.23,0.21,0.38,0.60,tick=101346 goal=0
1787896494.2,-2.06,-4.49,182.2,1.93,0.66,0.42,0.34,0.27,0.29,0.38,1.11,1.05,0.56,0.35,0.27,0.22,0.23,0.38,0.60,tick=101367 goal=0
1787896494.4,-2.12,-4.49,182.4,1.95,0.81,0.42,0.35,0.27,0.30,0.39,1.17,1.08,0.57,0.33,0.26,0.21,0.24,0.39,0.59,tick=101388 goal=0
1787896494.6,-2.18,-4.50,181.4,1.93,0.82,0.42,0.35,0.27,0.31,0.40,1.17,1.09,0.59,0.32,0.25,0.21,0.23,0.40,0.57,tick=101409 goal=0
1787896494.8,-2.24,-4.50,186.4,1.90,0.82,0.40,0.37,0.31,0.28,0.40,1.19,1.09,0.57,0.32,0.26,0.21,0.28,0.39,0.53,tick=101430 goal=0
1787896495.1,-2.30,-4.50,184.2,1.85,0.80,0.40,0.36,0.31,0.28,0.42,1.19,1.15,0.61,0.32,0.25,0.22,0.26,0.40,0.53,tick=101452 goal=0
1787896495.3,-2.36,-4.50,183.3,1.83,0.79,0.40,0.35,0.31,0.29,0.45,1.24,1.17,0.63,0.35,0.22,0.23,0.31,0.38,0.51,tick=101473 goal=0
1787896495.6,-2.48,-4.51,184.2,1.81,0.77,0.38,0.34,0.31,0.30,0.44,1.24,1.17,0.61,0.32,0.24,0.22,0.30,0.37,0.51,tick=101494 goal=0
1787896495.9,-2.55,-4.52,183.9,1.79,0.75,0.42,0.33,0.33,0.31,0.38,1.29,1.25,0.64,0.33,0.25,0.23,0.30,0.35,0.49,tick=101540 goal=0
1787896496.1,-2.61,-4.52,183.9,1.75,0.74,0.41,0.32,0.33,0.31,0.40,1.31,1.27,0.66,0.33,0.23,0.27,0.31,0.36,0.49,tick=101561 goal=0
1787896496.3,-2.67,-4.52,184.8,1.73,0.74,0.41,0.30,0.34,0.32,0.38,1.32,1.27,0.69,0.33,0.26,0.28,0.31,0.38,0.50,tick=101581 goal=0
1787896496.6,-2.73,-4.53,183.8,1.72,0.73,0.40,0.32,0.33,0.32,0.37,1.35,1.30,0.68,0.31,0.25,0.26,0.28,0.35,0.65,tick=101602 goal=0
1787896496.8,-2.79,-4.53,183.0,1.70,0.72,0.36,0.28,0.30,0.34,0.36,1.36,1.32,0.71,0.29,0.27,0.27,0.29,0.35,0.65,tick=101623 goal=0
1787896497.1,-2.88,-4.53,187.9,1.69,0.71,0.40,0.30,0.31,0.36,0.37,0.81,1.33,0.72,0.29,0.27,0.28,0.26,0.34,0.63,tick=101644 goal=0
1787896497.3,-2.94,-4.53,182.5,1.65,1.89,0.37,0.29,0.30,0.37,0.40,0.65,1.37,0.76,0.32,0.30,0.29,0.27,0.34,0.61,tick=101675 goal=0
1787896497.5,-3.00,-4.53,181.7,1.63,1.90,0.37,0.29,0.31,0.36,0.37,0.65,1.37,0.76,0.32,0.28,0.28,0.28,0.32,0.61,tick=101696 goal=0
1787896497.8,-3.09,-4.53,182.4,1.62,2.06,0.36,0.32,0.27,0.36,0.42,0.68,1.36,0.77,0.34,0.28,0.28,0.26,0.29,0.56,tick=101717 goal=0
1787896498.0,-3.14,-4.53,181.5,1.58,1.89,0.38,0.31,0.28,0.34,0.43,0.69,1.43,0.58,0.34,0.30,0.26,0.26,0.27,0.58,tick=101745 goal=0
1787896498.2,-3.20,-4.53,180.1,1.57,2.04,0.41,0.31,0.28,0.33,0.42,0.71,1.44,0.60,0.35,0.30,0.25,0.25,0.29,0.54,tick=101766 goal=0
1787896498.4,-3.26,-4.54,179.9,1.54,2.02,0.42,0.29,0.28,0.31,0.42,0.73,1.44,0.59,0.34,0.29,0.27,0.26,0.26,0.54,tick=101787 goal=0
1787896498.7,-3.35,-4.53,180.9,1.52,2.02,0.46,0.29,0.29,0.31,0.45,0.73,1.48,0.63,0.36,0.30,0.25,0.23,0.25,0.54,tick=101808 goal=0
1787896498.9,-3.41,-4.54,182.7,1.49,1.99,0.46,0.28,0.28,0.30,0.43,0.78,1.50,0.62,0.38,0.28,0.25,0.21,0.25,0.53,tick=101837 goal=0
1787896499.1,-3.47,-4.53,181.7,1.47,1.95,0.46,0.29,0.30,0.30,0.47,0.78,1.53,0.62,0.39,0.29,0.23,0.24,0.27,0.66,tick=101857 goal=0
1787896499.3,-3.52,-4.54,178.3,1.43,1.95,0.43,0.27,0.30,0.32,0.49,0.78,1.58,0.63,0.39,0.28,0.21,0.21,0.28,0.65,tick=101878 goal=0
1787896499.5,-3.58,-4.54,184.4,1.42,1.94,0.42,0.28,0.26,0.31,0.47,0.70,1.59,0.60,0.40,0.26,0.22,0.19,0.32,0.63,tick=101899 goal=0
1787896499.7,-3.64,-4.54,180.9,1.39,1.91,0.41,0.31,0.26,0.32,0.46,0.70,1.60,0.58,0.39,0.26,0.23,0.20,0.34,0.60,tick=101920 goal=0
1787896500.3,-3.73,-4.54,184.0,1.35,1.89,0.40,0.31,0.26,0.33,0.46,0.74,1.67,0.55,0.38,0.28,0.18,0.18,0.34,0.60,tick=101949 goal=0
1787896506.8,-3.74,-4.54,350.3,1.64,1.07,0.45,0.31,0.21,0.18,0.26,0.38,1.39,1.12,1.30,0.37,0.28,0.30,0.34,0.58,tick=102624 goal=0
1787896507.0,-3.69,-4.54,352.5,1.63,1.08,0.43,0.30,0.25,0.19,0.22,0.40,1.39,1.14,1.35,0.38,0.26,0.30,0.35,0.56,tick=102646 goal=0
1787896507.2,-3.62,-4.55,351.8,1.60,1.06,0.46,0.31,0.26,0.20,0.22,0.41,1.42,1.15,0.48,0.37,0.27,0.31,0.33,0.54,tick=102668 goal=0
1787896507.4,-3.56,-4.56,352.7,1.60,1.63,0.42,0.31,0.26,0.21,0.25,0.44,1.41,1.17,0.48,0.35,0.26,0.29,0.33,0.53,tick=102689 goal=0
1787896507.6,-3.50,-4.57,349.4,1.54,1.60,0.46,0.35,0.27,0.24,0.22,0.45,1.07,1.21,0.49,0.33,0.25,0.29,0.35,0.52,tick=102710 goal=0
1787896507.9,-3.42,-4.59,347.2,1.56,1.57,0.42,0.35,0.29,0.27,0.25,0.47,1.07,1.22,0.50,0.30,0.26,0.28,0.34,0.49,tick=102741 goal=0
1787896508.2,-3.35,-4.60,348.1,1.52,1.55,0.43,0.36,0.28,0.28,0.26,0.47,1.09,1.24,0.50,0.28,0.28,0.25,0.35,0.46,tick=102762 goal=0
1787896508.4,-3.28,-4.62,354.1,1.47,1.51,0.46,0.36,0.30,0.28,0.27,0.50,1.12,1.24,0.49,0.29,0.28,0.25,0.36,0.45,tick=102783 goal=0
1787896508.6,-3.22,-4.63,349.3,1.48,1.50,0.46,0.34,0.29,0.30,0.31,0.47,1.12,1.27,0.51,0.30,0.28,0.24,0.35,0.41,tick=102812 goal=0
1787896508.9,-3.16,-4.64,350.7,1.45,1.44,0.48,0.34,0.31,0.28,0.31,0.49,1.16,1.27,0.51,0.29,0.27,0.27,0.36,0.41,tick=102833 goal=0
1787896509.1,-3.10,-4.65,351.0,1.44,1.46,0.51,0.35,0.34,0.30,0.33,0.48,1.24,1.16,0.48,0.28,0.23,0.26,0.37,0.42,tick=102853 goal=0
1787896509.3,-3.04,-4.66,352.3,1.40,1.44,0.53,0.32,0.34,0.32,0.35,0.41,1.22,2.67,0.46,0.28,0.25,0.26,0.34,0.40,tick=102874 goal=0
1787896509.6,-2.95,-4.66,351.6,1.35,1.42,0.52,0.34,0.33,0.33,0.34,0.40,1.61,2.71,0.37,0.28,0.23,0.28,0.31,0.38,tick=102905 goal=0
1787896509.8,-2.89,-4.67,351.3,1.34,1.39,0.50,0.33,0.32,0.32,0.37,0.45,1.68,2.73,0.35,0.27,0.23,0.28,0.30,0.38,tick=102926 goal=0
1787896510.0,-2.83,-4.68,353.6,1.34,1.36,0.51,0.34,0.34,0.34,0.37,0.44,1.71,2.79,0.35,0.27,0.22,0.28,0.29,0.39,tick=102947 goal=0
1787896510.3,-2.76,-4.69,348.6,1.30,1.35,0.51,0.32,0.32,0.34,0.40,0.45,1.71,2.78,0.35,0.27,0.23,0.29,0.27,0.38,tick=102968 goal=0
1787896510.5,-2.69,-4.70,349.9,1.29,1.33,0.51,0.34,0.34,0.35,0.39,0.48,1.75,2.77,0.36,0.23,0.24,0.28,0.27,0.39,tick=102997 goal=0
1787896510.7,-2.63,-4.71,353.7,1.26,1.30,0.58,0.35,0.30,0.36,0.41,0.48,1.79,2.77,0.39,0.24,0.26,0.27,0.25,0.38,tick=103018 goal=0
1787896510.9,-2.57,-4.72,353.2,1.23,1.28,0.61,0.34,0.30,0.36,0.41,0.49,1.79,2.58,0.39,0.23,0.28,0.26,0.26,0.46,tick=103038 goal=0
1787896511.2,-2.48,-4.73,350.5,1.22,1.25,0.63,0.39,0.31,0.35,0.42,0.51,1.81,2.58,0.37,0.26,0.25,0.24,0.22,0.44,tick=103059 goal=0
1787896511.5,-2.41,-4.73,352.6,1.19,1.23,0.63,0.39,0.31,0.36,0.42,0.53,1.44,2.91,0.36,0.27,0.26,0.20,0.23,0.41,tick=103094 goal=0
1787896511.7,-2.35,-4.75,351.5,1.18,1.19,0.62,0.37,0.33,0.34,0.44,0.55,1.47,2.93,0.34,0.29,0.24,0.19,0.22,0.38,tick=103115 goal=0
1787896511.9,-2.30,-4.76,351.0,1.15,1.19,0.62,0.38,0.34,0.33,0.44,0.54,1.50,2.90,0.33,0.27,0.23,0.19,0.22,0.37,tick=103136 goal=0
1787896512.4,-2.23,-4.77,351.7,1.13,1.16,0.61,0.39,0.35,0.34,0.45,0.57,1.52,2.94,0.32,0.30,0.22,0.20,0.21,0.37,tick=103160 goal=0
1787896518.9,-2.26,-4.78,197.0,0.81,0.30,0.27,0.18,0.17,0.18,0.36,1.12,1.19,0.60,0.39,0.33,0.36,0.48,0.60,1.93,tick=103805 goal=0
1787896526.1,-2.24,-4.77,11.7,1.15,0.61,0.40,0.34,0.32,0.45,0.58,1.22,2.94,0.34,0.30,0.22,0.17,0.22,0.34,1.11,tick=104559 goal=0
1787896526.3,-2.18,-4.76,10.3,1.14,0.61,0.40,0.34,0.32,0.42,0.57,1.20,2.98,0.36,0.29,0.22,0.15,0.20,0.34,1.10,tick=104581 goal=0
1787896526.5,-2.12,-4.75,11.5,1.10,0.60,0.43,0.34,0.31,0.41,0.58,1.20,3.00,0.38,0.32,0.20,0.18,0.21,0.33,1.10,tick=104601 goal=0
1787896526.8,-2.06,-4.74,8.5,1.07,0.61,0.43,0.34,0.32,0.40,0.57,1.21,2.99,0.39,0.30,0.18,0.17,0.22,0.31,1.06,tick=104623 goal=0
1787896527.0,-2.00,-4.73,7.9,1.06,1.17,0.47,0.35,0.32,0.38,0.57,1.23,2.99,0.39,0.31,0.20,0.17,0.26,0.29,1.03,tick=104644 goal=0
1787896527.2,-1.94,-4.71,11.3,1.06,1.13,0.43,0.32,0.30,0.36,0.59,1.25,2.99,0.42,0.29,0.20,0.19,0.28,0.31,0.99,tick=104665 goal=0
1787896527.4,-1.88,-4.70,15.7,1.01,1.11,0.45,0.30,0.31,0.35,0.59,1.26,3.00,0.43,0.27,0.18,0.20,0.28,0.30,0.99,tick=104685 goal=0
1787896527.6,-1.82,-4.68,10.4,1.01,1.09,0.43,0.31,0.30,0.34,0.56,1.26,3.00,0.46,0.26,0.21,0.20,0.25,0.43,0.95,tick=104708 goal=0
1787896527.8,-1.77,-4.67,8.9,0.98,1.08,0.46,0.30,0.32,0.34,0.55,1.28,2.99,0.47,0.24,0.21,0.22,0.26,0.40,0.94,tick=104729 goal=0
1787896528.0,-1.70,-4.66,6.9,0.95,1.08,0.44,0.34,0.31,0.34,0.57,1.10,2.99,0.47,0.25,0.21,0.24,0.22,0.41,0.93,tick=104750 goal=0
1787896528.2,-1.65,-4.65,9.6,0.95,1.07,0.43,0.32,0.31,0.34,0.57,1.10,3.00,0.50,0.25,0.21,0.26,0.24,0.41,0.90,tick=104770 goal=0
1787896528.4,-1.59,-4.64,10.8,0.92,1.06,0.40,0.34,0.29,0.35,0.56,1.11,2.99,0.53,0.25,0.22,0.24,0.22,1.13,0.85,tick=104791 goal=0
1787896528.7,-1.53,-4.63,8.0,0.89,1.03,0.39,0.33,0.26,0.34,0.54,1.10,3.00,0.51,0.27,0.23,0.23,0.24,1.08,0.86,tick=104812 goal=0
1787896528.9,-1.47,-4.62,9.1,0.87,1.02,0.39,0.34,0.29,0.34,0.52,1.15,3.00,0.54,0.27,0.24,0.22,0.34,1.06,0.83,tick=104833 goal=0
1787896529.1,-1.41,-4.61,6.5,0.86,1.00,0.35,0.34,0.29,0.33,0.46,0.89,3.00,0.56,0.29,0.26,0.22,0.33,1.02,0.83,tick=104854 goal=0
1787896529.3,-1.35,-4.60,9.6,0.84,0.96,0.35,0.35,0.28,0.34,0.45,0.90,3.00,0.58,0.30,0.28,0.19,0.34,0.99,0.80,tick=104876 goal=0
1787896529.5,-1.29,-4.59,10.9,0.80,0.94,0.35,0.35,0.28,0.33,0.43,0.91,1.80,0.58,0.29,0.28,0.21,0.32,0.95,0.77,tick=104897 goal=0
1787896529.7,-1.23,-4.58,7.3,0.78,0.92,0.34,0.32,0.32,0.31,0.41,0.92,1.83,0.57,0.30,0.25,0.24,0.32,0.90,0.74,tick=104918 goal=0
1787896529.9,-1.17,-4.57,11.0,0.76,0.88,0.33,0.31,0.32,0.31,0.42,0.93,1.83,0.60,0.32,0.23,0.26,0.29,0.86,0.74,tick=104939 goal=0
1787896530.1,-1.11,-4.56,12.9,0.74,0.84,1.21,0.32,0.33,0.30,0.43,0.94,1.84,0.58,0.33,0.21,0.30,0.30,0.82,0.72,tick=104960 goal=0
1787896530.3,-1.05,-4.55,11.9,0.72,0.79,1.20,0.28,0.32,0.32,0.43,0.95,3.00,0.45,0.33,0.22,0.29,0.82,0.82,0.71,tick=104981 goal=0
1787896530.6,-0.99,-4.55,13.2,0.71,0.80,1.18,0.28,0.32,0.32,0.46,1.00,3.00,0.46,0.35,0.26,0.30,0.80,0.77,0.67,tick=105002 goal=0
1787896530.8,-0.93,-4.54,8.6,0.67,0.75,1.09,0.28,0.33,0.32,0.42,0.97,2.04,0.48,0.35,0.27,0.29,0.81,0.78,0.67,tick=105024 goal=0
1787896531.1,-0.84,-4.52,7.1,0.65,0.69,1.01,0.28,0.30,0.33,0.42,1.01,2.04,0.48,0.31,0.30,0.29,0.81,0.76,0.63,tick=105045 goal=0
1787896531.4,-0.75,-4.51,6.6,0.61,0.65,0.92,0.27,0.27,0.36,0.40,0.99,1.99,0.48,0.27,0.34,0.31,0.87,0.73,0.59,tick=105086 goal=0
1787896531.6,-0.69,-4.50,10.7,0.61,0.62,0.89,2.19,0.26,0.35,0.38,1.03,3.00,0.50,0.32,0.33,0.74,0.89,0.72,0.57,tick=105107 goal=0
1787896531.8,-0.63,-4.49,10.7,0.56,0.60,0.89,2.16,0.24,0.34,0.41,1.04,2.99,0.51,0.31,0.32,0.74,0.89,0.67,0.54,tick=105128 goal=0
1787896532.0,-0.57,-4.48,7.4,0.56,0.58,0.86,2.15,0.25,0.33,0.40,1.05,3.00,0.51,0.34,0.30,0.78,0.91,0.64,0.51,tick=105149 goal=0
1787896532.3,-0.50,-4.47,10.5,0.53,0.56,0.82,2.11,0.24,0.31,0.44,1.04,2.99,0.53,0.34,0.30,0.77,0.92,0.61,0.50,tick=105173 goal=0
1787896532.5,-0.45,-4.46,9.9,0.49,0.54,0.72,1.79,0.25,0.30,0.41,1.03,3.00,0.53,0.38,0.31,0.78,0.90,0.58,0.50,tick=105193 goal=0
1787896532.8,-0.36,-4.44,5.5,0.51,0.52,0.68,1.71,0.52,0.28,0.45,1.01,2.27,0.54,0.40,0.33,0.79,0.91,0.55,0.45,tick=105214 goal=0
1787896533.1,-0.28,-4.43,8.3,0.46,0.48,0.66,1.52,0.81,0.27,0.46,1.03,3.00,0.57,0.42,0.79,0.76,0.83,0.48,0.38,tick=105253 goal=0
1787896533.6,-0.21,-4.41,11.0,0.40,0.47,0.62,1.49,0.84,0.28,0.43,1.03,2.18,0.60,0.41,0.80,0.76,0.80,0.46,0.37,tick=105277 goal=0
1787896537.6,-0.21,-4.41,70.8,1.11,1.42,0.25,0.41,0.67,2.62,0.65,0.43,0.83,0.78,0.89,0.52,0.41,0.38,0.44,0.63,tick=105701 goal=0
1787896537.8,-0.19,-4.36,67.1,1.07,2.54,0.39,0.32,0.55,2.62,0.70,0.46,0.85,0.81,0.90,0.50,0.38,0.38,0.44,0.60,tick=105723 goal=0
1787896538.0,-0.17,-4.30,68.9,1.03,3.00,0.42,0.26,0.51,2.65,1.00,0.47,0.87,0.83,0.92,0.49,0.34,0.38,0.42,0.58,tick=105745 goal=0
1787896538.2,-0.15,-4.24,68.7,1.00,3.00,0.43,0.23,0.47,2.67,1.02,0.50,0.89,0.85,0.93,0.49,0.33,0.39,0.40,0.55,tick=105766 goal=0
1787896538.4,-0.13,-4.19,70.6,0.98,3.00,0.44,0.23,0.46,2.69,1.02,0.51,0.91,0.86,0.94,0.49,0.33,0.40,0.41,0.54,tick=105787 goal=0
1787896538.6,-0.11,-4.13,70.0,0.97,3.00,0.44,0.22,0.44,2.69,1.06,0.53,0.94,0.88,0.94,0.48,0.32,0.38,0.38,0.52,tick=105808 goal=0
1787896538.8,-0.08,-4.07,67.5,0.92,3.00,0.42,0.23,0.43,2.71,1.11,0.54,0.95,0.91,0.93,0.46,0.33,0.37,0.38,0.51,tick=105829 goal=0
1787896539.1,-0.05,-4.00,66.3,0.89,3.00,0.46,0.30,0.20,1.33,1.18,0.58,0.96,0.92,0.96,0.47,0.34,0.36,0.36,0.47,tick=105857 goal=0
1787896539.3,-0.03,-3.94,67.9,0.85,2.99,0.54,0.32,0.19,1.29,1.30,0.64,0.53,0.95,0.76,0.45,0.34,0.34,0.33,0.43,tick=105878 goal=0
1787896539.5,-0.01,-3.88,66.2,0.84,3.00,0.61,0.33,0.20,1.31,1.34,0.66,0.99,0.95,0.75,0.38,0.35,0.34,0.31,0.43,tick=105899 goal=0
1787896539.7,0.01,-3.83,69.4,0.80,3.00,0.63,0.35,0.23,0.74,1.36,0.76,1.04,0.97,0.75,0.38,0.37,0.32,0.31,0.41,tick=105921 goal=0
1787896540.0,0.04,-3.78,65.7,0.77,2.99,0.64,0.36,0.24,0.22,1.42,0.79,0.60,0.99,0.75,0.35,0.36,0.32,0.33,0.38,tick=105942 goal=0
1787896540.2,0.07,-3.72,67.5,0.76,3.00,0.62,0.36,0.28,0.23,1.49,0.81,0.62,1.01,0.77,0.36,0.34,0.30,0.31,0.37,tick=105963 goal=0
1787896540.8,0.11,-3.63,70.9,0.72,3.00,0.60,0.36,0.31,0.22,1.68,0.85,0.65,1.03,0.76,0.36,0.33,0.30,0.32,0.32,tick=105998 goal=0
1787896543.1,0.11,-3.63,87.5,3.00,0.79,0.36,0.31,0.24,3.00,0.86,0.68,1.06,0.81,0.38,0.34,0.27,0.29,0.32,0.64,tick=106257 goal=0
1787896543.4,0.12,-3.55,87.3,2.61,0.78,0.36,0.31,0.27,0.24,0.93,0.72,1.09,0.85,0.38,0.32,0.27,0.31,0.31,0.62,tick=106287 goal=0
1787896543.6,0.13,-3.49,88.9,2.57,0.76,0.37,0.30,0.27,0.25,0.94,0.76,1.11,0.85,0.40,0.30,0.24,0.32,0.31,0.63,tick=106308 goal=0
1787896543.8,0.13,-3.42,84.7,2.54,0.75,0.39,0.29,0.28,0.26,0.97,0.79,1.13,0.86,0.42,0.32,0.25,0.33,0.28,0.59,tick=106329 goal=0
1787896544.0,0.14,-3.36,83.3,2.52,0.77,0.42,0.28,0.28,0.25,1.03,0.81,1.15,0.88,0.43,0.30,0.28,0.30,0.30,0.61,tick=106351 goal=0
1787896544.3,0.15,-3.30,85.0,2.24,0.72,0.45,0.28,0.29,0.28,1.15,0.84,1.19,0.90,0.45,0.31,0.28,0.27,0.27,0.59,tick=106371 goal=0
1787896544.5,0.15,-3.24,82.8,2.18,0.81,0.47,0.28,0.30,0.28,1.24,0.85,1.19,0.92,0.46,0.29,0.28,0.25,0.31,0.59,tick=106393 goal=0
1787896544.8,0.16,-3.15,83.2,1.85,0.91,0.44,0.29,0.28,0.30,0.31,0.86,1.22,0.93,0.46,0.29,0.29,0.25,0.31,0.56,tick=106414 goal=0
1787896545.1,0.17,-3.07,84.7,1.78,0.89,0.43,0.29,0.25,0.31,0.31,0.90,1.27,0.94,0.45,0.29,0.30,0.19,0.31,0.56,tick=106452 goal=0
1787896546.0,0.00,0.00,85.3,2.02,0.87,0.38,0.35,0.26,0.30,0.37,0.96,1.34,0.84,0.42,0.33,0.20,0.23,0.27,0.51,tick=106522 goal=0
1787896552.9,-0.00,-0.02,269.1,1.30,0.59,0.35,0.30,0.20,0.25,0.30,0.53,2.99,0.79,0.38,0.33,0.27,0.33,0.37,0.99,tick=107239 goal=0
1787896553.1,-0.01,-0.08,267.1,1.30,0.61,0.39,0.30,0.23,0.24,0.29,0.55,2.43,0.83,0.40,0.31,0.27,0.33,0.37,0.96,tick=107261 goal=0
1787896553.3,-0.01,-0.15,265.7,1.29,0.77,0.40,0.29,0.26,0.22,0.28,0.55,2.42,0.84,0.43,0.30,0.28,0.33,0.33,0.94,tick=107282 goal=0
1787896553.5,-0.01,-0.21,265.0,1.28,0.77,0.40,0.28,0.26,0.22,0.31,0.56,2.41,0.87,0.43,0.30,0.29,0.30,0.33,0.94,tick=107303 goal=0
1787896553.7,-0.02,-0.27,264.4,1.25,0.77,0.43,0.28,0.29,0.20,0.30,0.55,2.46,0.86,0.45,0.30,0.30,0.31,0.34,0.91,tick=107324 goal=0
1787896554.1,-0.03,-0.36,266.3,1.23,0.86,0.45,0.28,0.30,0.23,0.30,0.54,2.46,0.80,0.44,0.30,0.30,0.32,0.34,0.88,tick=107356 goal=0
1787896554.3,-0.03,-0.42,266.3,1.20,0.90,0.42,0.29,0.28,0.25,0.31,0.56,2.50,0.76,0.46,0.28,0.28,0.29,1.09,0.84,tick=107376 goal=0
1787896554.5,-0.04,-0.48,261.6,1.19,0.90,0.44,0.29,0.25,0.28,0.25,0.57,2.53,0.74,0.43,0.30,0.31,0.28,1.04,0.82,tick=107397 goal=0
1787896554.8,-0.04,-0.57,262.9,1.14,0.86,0.41,0.29,0.24,0.29,0.26,0.59,2.55,0.76,0.41,0.30,0.29,0.26,0.98,0.78,tick=107428 goal=0
1787896555.0,-0.05,-0.62,267.4,1.14,0.83,0.41,0.30,0.23,0.32,0.29,0.53,2.27,0.79,0.41,0.30,0.26,0.26,0.96,0.76,tick=107449 goal=0
1787896555.2,-0.06,-0.68,263.7,1.11,0.85,0.39,0.32,0.27,0.31,0.30,0.50,2.29,0.81,0.41,0.32,0.26,0.24,0.94,0.73,tick=107470 goal=0
1787896555.5,-0.06,-0.77,266.6,1.09,0.82,0.39,0.34,0.26,0.28,0.30,0.52,2.40,0.80,0.40,0.32,0.26,3.00,0.90,0.70,tick=107501 goal=0
1787896555.8,-0.07,-0.85,267.8,1.03,0.79,0.37,0.34,0.27,0.26,0.32,0.52,2.65,0.82,0.39,0.31,0.24,2.99,0.84,0.64,tick=107521 goal=0
1787896556.2,-0.07,-0.97,263.8,1.00,0.77,0.34,0.34,0.30,0.27,0.37,0.55,2.69,0.87,0.40,0.28,0.23,1.80,0.79,0.59,tick=107570 goal=0
1787896556.4,-0.08,-1.03,261.5,0.97,1.02,0.38,0.32,0.30,0.30,0.41,0.55,2.45,0.88,0.41,0.30,0.52,1.78,0.80,0.60,tick=107591 goal=0
1787896556.6,-0.08,-1.09,266.2,0.94,1.01,0.43,0.30,0.30,0.30,0.40,0.56,2.41,0.89,0.40,0.27,0.54,1.73,0.77,0.56,tick=107612 goal=0
1787896556.8,-0.09,-1.15,262.1,0.93,0.98,0.45,0.30,0.30,0.30,0.37,0.54,2.43,0.74,0.42,0.25,0.61,1.70,0.74,0.54,tick=107633 goal=0
1787896557.1,-0.10,-1.22,263.4,0.91,0.97,0.43,0.29,0.31,0.33,0.36,0.49,2.54,0.75,0.43,0.26,0.81,1.43,0.61,0.97,tick=107659 goal=0
1787896557.5,-0.11,-1.34,263.3,0.89,0.94,0.44,0.27,0.32,0.30,0.35,0.51,2.80,0.78,0.42,0.30,1.32,1.34,0.59,0.94,tick=107688 goal=0
1787896557.7,-0.11,-1.40,262.7,0.86,0.88,0.43,0.28,0.28,0.33,0.35,0.52,2.56,0.81,0.41,0.46,1.33,1.30,0.56,0.91,tick=107719 goal=0
1787896557.9,-0.12,-1.46,263.0,0.83,0.87,0.41,0.28,0.27,0.33,0.36,0.54,2.59,0.83,0.39,0.51,1.36,1.18,0.53,0.92,tick=107740 goal=0
1787896558.1,-0.12,-1.51,266.2,0.80,0.85,0.45,0.32,0.25,0.33,0.36,0.55,2.64,0.83,0.35,0.53,1.40,1.13,0.51,0.87,tick=107761 goal=0
1787896558.3,-0.13,-1.57,265.7,0.79,0.81,0.46,0.30,0.26,0.34,0.39,0.57,2.63,0.83,0.33,0.56,1.91,1.09,0.53,0.85,tick=107782 goal=0
1787896558.5,-0.13,-1.63,262.3,0.76,0.80,0.46,0.35,0.25,0.35,0.40,0.60,2.70,0.85,0.32,0.59,1.91,1.08,0.50,0.83,tick=107802 goal=0
1787896558.7,-0.14,-1.69,265.1,0.74,0.80,0.46,0.33,0.25,0.30,0.38,0.60,2.92,0.84,0.37,0.59,1.97,0.82,0.45,0.81,tick=107823 goal=0
1787896559.0,-0.14,-1.75,267.1,0.74,0.77,0.47,0.35,0.26,0.31,0.41,0.62,2.66,0.87,0.37,0.62,1.97,0.73,0.43,0.80,tick=107844 goal=0
1787896559.2,-0.15,-1.81,262.4,0.71,0.74,0.48,0.32,0.29,0.27,0.40,0.63,2.25,0.90,0.40,0.64,1.97,0.69,0.39,0.80,tick=107866 goal=0
1787896559.4,-0.15,-1.87,264.8,0.67,0.70,0.47,0.34,0.28,0.26,0.42,0.64,2.24,0.76,0.41,0.65,2.29,0.64,0.34,0.75,tick=107886 goal=0
1787896559.6,-0.16,-1.93,266.1,0.66,0.67,0.45,0.33,0.32,0.27,0.43,0.66,2.24,0.74,0.46,0.70,2.29,0.64,0.31,0.75,tick=107907 goal=0
1787896559.8,-0.16,-2.00,262.8,0.64,0.66,0.46,0.33,0.32,0.27,0.43,0.70,2.27,0.76,0.50,0.76,2.71,0.45,0.30,0.70,tick=107929 goal=0
1787896560.0,-0.17,-2.05,263.3,0.62,0.62,0.44,0.36,0.30,0.28,0.42,0.71,2.29,0.73,0.55,0.81,2.73,0.42,0.99,0.70,tick=107949 goal=0
1787896560.2,-0.18,-2.11,267.3,0.59,0.60,0.46,0.37,0.32,0.27,0.42,0.71,2.31,0.77,0.59,0.85,2.73,0.41,0.95,0.67,tick=107971 goal=0
1787896560.4,-0.18,-2.17,262.7,0.57,0.55,0.46,0.37,0.31,0.30,0.41,0.61,2.35,0.77,0.63,0.86,2.72,0.38,0.89,0.67,tick=107991 goal=0
1787896560.6,-0.19,-2.23,262.4,0.56,0.53,0.54,0.38,0.29,0.29,0.37,0.61,2.39,0.77,0.67,0.91,2.72,0.39,0.86,0.64,tick=108012 goal=0
1787896560.8,-0.20,-2.29,263.8,0.55,0.51,0.57,0.37,0.31,0.33,0.36,0.61,2.44,0.79,0.69,0.95,2.75,0.24,0.82,0.60,tick=108033 goal=0
1787896561.0,-0.20,-2.35,267.9,0.51,0.48,0.56,0.37,0.30,0.34,0.34,0.67,2.86,0.78,0.70,1.10,2.75,1.71,0.78,0.56,tick=108053 goal=0
1787896561.3,-0.21,-2.41,264.3,0.48,0.47,0.59,0.35,0.32,0.32,0.38,0.65,2.86,0.78,0.69,1.14,2.75,1.73,0.78,0.53,tick=108075 goal=0
1787896561.5,-0.22,-2.47,265.4,0.45,0.43,0.55,0.35,0.34,0.34,0.37,0.69,2.90,0.80,0.73,1.20,0.40,1.66,0.74,0.52,tick=108095 goal=0
1787896561.7,-0.23,-2.55,264.5,0.43,0.40,0.56,0.33,0.34,0.33,0.38,0.69,2.98,0.60,0.77,1.25,0.26,1.61,0.70,0.47,tick=108124 goal=0
1787896562.3,-0.23,-2.56,262.8,0.44,0.39,0.55,0.34,0.34,0.33,0.39,0.69,2.98,0.60,0.76,1.24,0.28,1.59,0.68,0.46,tick=108147 goal=0
1787896567.9,-0.25,-2.55,133.3,0.79,1.39,0.82,1.16,0.55,0.42,0.44,0.41,0.54,0.34,0.33,0.36,0.41,0.89,0.68,0.63,tick=108734 goal=0
1787896568.1,-0.29,-2.50,135.9,0.76,1.34,0.27,1.19,0.58,0.44,0.46,0.44,0.54,0.37,0.35,0.38,0.44,0.88,3.00,0.61,tick=108756 goal=0
1787896568.4,-0.35,-2.44,131.2,0.76,1.30,0.32,1.27,0.70,0.51,0.45,0.43,0.58,0.39,0.37,0.39,0.50,0.88,3.00,0.59,tick=108785 goal=0
1787896568.6,-0.39,-2.40,134.3,0.69,1.23,0.35,1.53,0.68,0.54,0.48,0.47,0.63,0.40,0.35,0.39,0.55,0.90,3.00,0.56,tick=108805 goal=0
1787896568.8,-0.44,-2.36,133.6,0.68,1.20,0.33,1.53,0.73,0.57,0.49,0.48,0.62,0.42,0.38,0.43,0.58,0.87,3.00,0.54,tick=108828 goal=0
1787896569.0,-0.48,-2.31,131.8,0.67,1.17,2.57,0.15,0.74,0.56,0.49,0.52,0.65,0.47,0.40,0.42,0.60,0.86,3.00,0.53,tick=108850 goal=0
1787896569.2,-0.52,-2.27,132.7,0.64,1.11,2.58,0.26,0.78,0.56,0.49,0.52,0.70,0.46,0.40,0.43,0.60,0.87,2.97,0.50,tick=108871 goal=0
1787896569.4,-0.56,-2.22,130.8,0.62,1.07,2.59,0.26,0.12,0.58,0.51,0.55,0.70,0.47,0.43,0.43,0.61,0.89,2.99,0.47,tick=108892 goal=0
1787896569.7,-0.60,-2.17,128.0,0.57,1.03,2.59,0.25,0.14,0.59,0.52,0.55,0.73,0.52,0.46,0.44,0.60,0.99,3.00,0.46,tick=108914 goal=0
1787896569.9,-0.65,-2.13,130.7,0.55,0.98,2.59,0.26,0.21,0.13,0.54,0.60,0.75,0.53,0.46,0.43,0.64,1.00,3.00,0.45,tick=108935 goal=0
1787896570.1,-0.69,-2.08,129.2,0.54,0.93,2.57,0.27,0.23,0.15,0.56,0.59,0.78,0.56,0.49,0.47,0.64,0.99,3.00,0.45,tick=108956 goal=0
1787896570.4,-0.74,-2.02,127.7,0.51,0.88,2.53,0.42,0.24,0.16,0.59,0.63,0.79,0.58,0.50,0.49,0.65,0.99,2.98,0.44,tick=108978 goal=0
1787896570.6,-0.78,-1.96,129.5,0.48,0.72,2.51,0.49,0.23,0.24,0.18,0.65,0.83,0.59,0.52,0.51,0.65,1.09,2.99,0.42,tick=109010 goal=0
1787896570.9,-0.84,-1.90,128.0,0.46,0.65,2.48,0.79,0.24,0.25,0.20,0.70,0.87,0.62,0.54,0.57,0.68,1.14,0.35,0.43,tick=109039 goal=0
1787896571.1,-0.87,-1.85,131.3,0.43,0.63,2.47,0.82,0.23,0.26,0.20,0.70,0.90,0.64,0.53,0.61,0.70,1.19,0.31,0.35,tick=109060 goal=0
1787896571.5,-0.88,-1.84,131.9,0.41,0.66,2.48,0.79,0.24,0.26,0.22,0.71,0.89,0.64,0.55,0.60,0.73,1.20,0.32,0.39,tick=109064 goal=0
1787896574.7,-0.88,-1.84,169.4,1.51,1.00,0.37,0.25,0.22,0.68,0.83,0.64,0.56,0.56,0.67,0.98,2.98,0.35,0.41,0.57,tick=109419 goal=0
1787896574.9,-0.94,-1.83,167.3,1.45,1.00,0.37,0.24,0.24,0.68,0.85,0.68,0.58,0.56,0.69,1.02,0.34,0.36,0.41,0.57,tick=109442 goal=0
1787896575.1,-1.00,-1.82,168.2,1.42,1.03,0.37,0.22,0.27,0.23,0.87,0.70,0.61,0.61,0.71,1.13,0.34,0.37,0.40,0.53,tick=109463 goal=0
1787896575.3,-1.06,-1.82,169.8,1.39,1.03,0.36,0.21,0.26,0.22,0.80,0.71,0.61,0.67,0.74,1.16,0.30,0.37,0.38,0.54,tick=109484 goal=0
1787896575.7,-1.15,-1.80,172.9,1.36,1.00,0.36,0.21,0.24,0.26,0.79,0.74,0.64,0.67,0.77,1.21,0.33,0.38,0.38,0.54,tick=109505 goal=0
1787896576.0,-1.24,-1.79,168.7,1.34,1.28,0.36,0.28,0.21,0.25,0.78,0.77,0.68,0.70,0.83,1.25,0.32,0.36,0.36,0.52,tick=109546 goal=0
1787896576.2,-1.30,-1.78,170.7,1.03,3.00,0.36,0.29,0.19,0.29,0.30,0.80,0.71,0.73,0.86,1.27,0.32,0.35,0.33,0.47,tick=109567 goal=0
1787896576.5,-1.38,-1.76,167.6,0.98,2.99,0.40,0.30,0.21,0.25,0.28,0.84,0.75,0.78,0.91,0.37,0.34,0.33,0.33,0.47,tick=109598 goal=0
1787896576.8,-1.47,-1.73,168.1,0.93,3.00,0.56,0.28,0.25,0.21,0.30,0.90,0.81,0.80,0.94,0.34,0.34,0.29,0.32,0.46,tick=109629 goal=0
1787896577.0,-1.53,-1.72,170.2,0.93,3.00,0.55,0.28,0.27,0.20,0.30,0.93,0.80,0.84,0.96,0.33,0.34,0.28,0.33,0.45,tick=109650 goal=0
1787896577.2,-1.59,-1.71,168.8,0.91,3.00,0.57,0.28,0.27,0.22,0.35,0.96,0.81,0.84,0.98,0.34,0.34,0.28,0.31,0.44,tick=109672 goal=0
1787896577.4,-1.65,-1.70,169.3,0.89,3.00,0.58,0.30,0.28,0.24,0.36,0.98,0.84,0.85,0.98,0.36,0.33,0.28,0.30,0.46,tick=109693 goal=0
1787896577.6,-1.71,-1.68,171.4,0.85,2.99,0.56,0.29,0.25,0.25,0.35,1.02,0.86,0.88,1.00,0.34,0.31,0.27,0.30,0.45,tick=109714 goal=0
1787896577.9,-1.77,-1.67,170.7,0.84,2.99,0.54,0.28,0.27,0.28,0.34,1.09,0.89,0.90,1.02,0.37,0.28,0.25,0.29,0.49,tick=109735 goal=0
1787896578.1,-1.85,-1.66,166.5,0.78,1.85,0.53,0.32,0.28,0.30,0.26,1.15,0.89,0.94,1.03,0.37,0.25,0.26,0.29,0.49,tick=109763 goal=0
1787896578.5,-1.94,-1.64,165.5,0.75,1.85,0.56,0.37,0.26,0.31,0.28,1.18,0.92,0.96,1.04,0.36,0.22,0.26,0.28,0.46,tick=109794 goal=0
1787896578.7,-1.99,-1.63,164.7,0.73,1.82,0.55,0.42,0.27,0.28,0.31,0.51,0.97,0.98,0.46,0.36,0.23,0.24,0.27,0.44,tick=109815 goal=0
1787896578.9,-2.05,-1.61,165.6,0.72,1.79,0.55,0.42,0.26,0.28,0.35,0.54,0.99,0.99,0.46,0.34,0.22,0.22,0.27,0.46,tick=109836 goal=0
1787896579.1,-2.11,-1.59,164.7,0.71,1.76,0.55,0.44,0.29,0.28,0.34,0.56,1.01,1.02,0.45,0.28,0.23,0.23,0.23,0.44,tick=109857 goal=0
1787896579.3,-2.17,-1.58,169.4,0.69,1.74,0.57,0.44,0.28,0.29,0.38,0.56,1.04,1.06,0.45,0.26,0.24,0.21,0.24,0.44,tick=109878 goal=0
1787896579.5,-2.23,-1.57,171.8,0.70,1.73,0.59,0.43,0.30,0.27,0.37,0.54,1.06,1.05,0.48,0.27,0.23,0.22,0.22,0.46,tick=109899 goal=0
1787896579.7,-2.29,-1.56,170.5,0.67,1.72,0.61,0.44,0.31,0.30,0.40,0.58,1.05,1.11,0.46,0.25,0.23,0.20,0.23,0.41,tick=109920 goal=0
1787896579.9,-2.35,-1.54,166.1,0.67,1.69,0.59,0.41,0.33,0.28,0.41,0.58,1.10,1.10,0.49,0.25,0.20,0.19,0.26,0.42,tick=109941 goal=0
1787896580.1,-2.40,-1.53,169.8,0.62,1.68,0.58,0.40,0.36,0.29,0.39,0.59,1.11,1.12,0.46,0.26,0.21,0.20,0.25,0.40,tick=109962 goal=0
1787896580.3,-2.47,-1.52,171.0,0.63,1.67,0.57,0.41,0.37,0.30,0.40,0.61,1.15,1.16,0.47,0.26,0.18,0.20,0.26,0.38,tick=109983 goal=0
1787896580.6,-2.52,-1.51,168.8,0.85,1.63,0.57,0.42,0.38,0.30,0.37,0.64,1.16,1.17,0.36,0.24,0.17,0.20,0.27,0.39,tick=110004 goal=0
1787896580.8,-2.58,-1.49,166.3,0.82,1.61,0.58,0.42,0.40,0.31,0.38,0.65,1.18,1.17,0.32,0.22,0.18,0.19,0.26,0.35,tick=110025 goal=0
1787896581.0,-2.64,-1.48,173.6,0.79,1.63,0.58,0.42,0.40,0.33,0.39,0.52,1.23,1.20,0.32,0.23,0.18,0.19,0.26,0.36,tick=110046 goal=0
1787896581.3,-2.73,-1.47,169.2,0.78,1.58,0.65,0.40,0.39,0.36,0.38,0.51,1.23,1.22,0.31,0.20,0.17,0.20,0.27,0.34,tick=110077 goal=0
1787896581.6,-2.74,-1.46,167.9,0.76,1.57,0.68,0.41,0.41,0.37,0.38,0.55,1.24,1.23,0.33,0.18,0.17,0.19,0.28,0.34,tick=110081 goal=0
1787896583.6,-2.78,-1.47,186.3,1.81,0.79,0.46,0.38,0.38,0.37,0.54,1.30,1.26,0.37,0.21,0.17,0.20,0.24,0.30,0.43,tick=110303 goal=0
1787896583.8,-2.84,-1.47,183.6,1.77,0.80,0.48,0.38,0.39,0.36,0.54,1.32,1.29,0.39,0.23,0.19,0.19,0.24,0.30,0.42,tick=110325 goal=0
1787896584.1,-2.92,-1.47,183.0,1.77,2.02,0.49,0.36,0.38,0.37,0.52,1.36,1.31,0.40,0.21,0.18,0.19,0.20,0.28,0.39,tick=110346 goal=0
1787896584.3,-2.99,-1.48,179.0,1.74,2.05,0.45,0.35,0.40,0.39,0.47,1.39,1.35,0.43,0.23,0.19,0.23,0.24,0.30,0.36,tick=110377 goal=0
1787896584.5,-3.05,-1.48,181.3,1.74,2.17,0.47,0.37,0.40,0.39,0.44,1.42,1.34,0.43,0.21,0.21,0.22,0.23,0.28,0.35,tick=110398 goal=0
1787896584.9,-3.09,-1.48,182.1,1.72,2.16,0.46,0.37,0.37,0.41,0.45,1.40,1.37,0.44,0.24,0.21,0.22,0.21,0.28,0.35,tick=110411 goal=0
1787896587.0,-3.09,-1.48,200.5,2.47,0.52,0.39,0.34,0.40,0.43,0.82,1.29,0.71,0.26,0.21,0.23,0.23,0.25,0.33,1.68,tick=110651 goal=0
1787896587.2,-3.15,-1.50,201.8,2.45,0.55,0.38,0.33,0.41,0.42,0.67,1.32,0.75,0.28,0.23,0.22,0.22,0.28,0.30,1.67,tick=110673 goal=0
1787896587.5,-3.21,-1.52,199.5,2.48,0.57,0.35,0.32,0.39,0.40,0.66,1.34,0.78,0.28,0.24,0.24,0.20,0.25,0.32,1.65,tick=110695 goal=0
1787896587.7,-3.27,-1.54,198.3,2.45,0.56,0.35,0.32,0.40,0.43,0.67,1.35,0.79,0.29,0.26,0.22,0.22,0.26,0.32,1.64,tick=110716 goal=0
1787896587.9,-3.33,-1.55,197.6,2.43,0.55,0.35,0.30,0.37,0.42,0.68,1.39,0.81,0.32,0.27,0.25,0.22,0.28,0.30,1.60,tick=110736 goal=0
1787896588.1,-3.38,-1.57,197.7,2.60,0.53,0.34,0.30,0.33,0.42,0.70,1.42,0.85,0.32,0.29,0.24,0.24,0.26,0.32,1.58,tick=110757 goal=0
1787896588.3,-3.44,-1.58,195.7,2.58,0.53,0.33,0.32,0.33,0.45,0.60,1.43,0.84,0.32,0.29,0.24,0.24,0.24,0.44,1.55,tick=110778 goal=0
1787896588.5,-3.50,-1.60,196.4,2.57,0.53,0.31,0.31,0.33,0.43,0.59,1.49,0.87,0.36,0.30,0.24,0.25,0.25,0.48,1.53,tick=110799 goal=0
1787896588.7,-3.56,-1.62,198.5,2.55,0.51,0.29,0.30,0.29,0.45,0.55,1.51,0.90,0.37,0.30,0.28,0.24,0.23,0.47,1.52,tick=110821 goal=0
1787896588.9,-3.61,-1.64,196.0,2.56,0.49,0.29,0.27,0.31,0.43,0.50,1.52,0.94,0.37,0.32,0.25,0.23,0.22,0.47,1.48,tick=110842 goal=0
1787896589.1,-3.67,-1.66,198.4,2.53,0.47,0.31,0.27,0.27,0.42,0.52,1.57,0.97,0.41,0.33,0.25,0.24,0.22,0.46,1.48,tick=110863 goal=0
1787896589.3,-3.73,-1.68,193.0,2.54,0.48,0.29,0.28,0.30,0.38,0.52,1.54,0.99,0.42,0.31,0.27,0.23,0.23,0.47,1.46,tick=110884 goal=0
1787896589.6,-3.79,-1.69,198.3,2.48,0.46,0.29,0.26,0.27,0.35,0.54,1.58,0.99,0.44,0.34,0.26,0.21,0.24,0.47,1.46,tick=110905 goal=0
1787896589.8,-3.85,-1.71,194.6,2.44,0.43,0.29,0.26,0.29,0.35,0.55,1.62,1.03,0.45,0.33,0.27,0.20,0.28,0.46,1.43,tick=110927 goal=0
1787896590.0,-3.90,-1.73,200.8,2.43,0.43,0.32,0.23,0.28,0.32,0.55,1.63,1.06,0.46,0.34,0.25,0.21,0.31,0.47,1.42,tick=110948 goal=0
1787896590.2,-3.96,-1.75,197.8,2.40,0.42,0.32,0.21,0.27,0.31,0.55,1.65,1.06,0.47,0.32,0.23,0.21,0.33,0.56,1.40,tick=110969 goal=0
1787896590.4,-4.02,-1.77,195.9,0.88,0.40,0.30,0.22,0.25,0.30,0.57,1.66,1.08,0.51,0.33,0.22,0.21,0.34,0.55,1.36,tick=110990 goal=0
1787896590.6,-4.08,-1.79,197.7,2.41,0.40,0.31,0.23,0.23,0.30,0.57,1.69,1.11,0.52,0.34,0.25,0.25,0.35,0.54,1.34,tick=111011 goal=0
1787896590.8,-4.13,-1.80,196.2,0.84,0.37,0.32,0.23,0.22,0.30,0.57,1.71,1.13,0.51,0.34,0.23,0.25,0.36,0.56,1.34,tick=111032 goal=0
1787896591.0,-4.19,-1.82,195.8,0.83,1.20,0.30,0.23,0.21,0.29,0.58,1.73,1.15,0.53,0.35,0.23,0.27,0.35,0.53,1.35,tick=111053 goal=0
1787896591.3,-4.25,-1.84,195.6,0.82,1.18,0.28,0.24,0.19,0.27,0.58,1.72,1.17,0.54,0.36,0.25,0.29,0.35,0.51,1.28,tick=111075 goal=0
1787896591.5,-4.31,-1.86,199.5,2.31,1.17,0.26,0.24,0.20,0.27,0.45,1.75,1.17,0.56,0.33,0.23,0.29,0.35,0.51,1.28,tick=111098 goal=0
1787896591.7,-4.37,-1.88,197.2,2.25,1.13,0.27,0.24,0.22,0.25,0.41,1.76,1.22,0.56,0.31,0.26,0.31,0.35,0.51,1.28,tick=111119 goal=0
1787896592.0,-4.45,-1.91,198.0,2.19,1.11,0.24,0.24,0.22,0.22,0.40,1.81,1.24,0.57,0.30,0.29,0.32,0.38,0.51,1.23,tick=111150 goal=0
1787896592.2,-4.51,-1.93,198.7,2.20,1.12,0.24,0.23,0.22,0.23,0.41,1.83,1.26,0.57,0.29,0.30,0.33,0.42,0.67,1.19,tick=111171 goal=0
1787896592.4,-4.57,-1.95,197.8,2.19,1.10,0.21,0.21,0.22,0.23,0.39,1.88,1.29,0.59,0.29,0.31,0.32,0.44,0.68,1.19,tick=111192 goal=0
1787896592.7,-4.64,-1.97,198.3,0.67,1.08,0.22,0.21,0.21,0.24,0.37,1.17,1.32,0.60,0.32,0.35,0.31,0.42,0.67,1.15,tick=111213 goal=0
1787896592.9,-4.71,-1.99,196.1,0.62,1.03,0.79,0.21,0.23,0.23,0.30,1.16,1.36,0.59,0.33,0.33,0.31,0.45,0.66,1.11,tick=111244 goal=0
1787896593.2,-4.77,-2.01,198.1,0.62,1.01,0.76,0.17,0.21,0.23,0.30,1.14,1.37,0.59,0.36,0.35,0.32,0.44,0.65,1.11,tick=111265 goal=0
1787896593.4,-4.83,-2.03,197.9,2.10,1.02,0.74,0.16,0.20,0.24,0.30,1.18,1.39,0.60,0.35,0.36,0.31,0.40,0.66,1.08,tick=111286 goal=0
1787896593.6,-4.88,-2.05,198.7,2.06,0.99,0.72,0.15,0.18,0.25,0.29,1.19,1.39,0.61,0.37,0.34,0.35,0.41,0.66,1.07,tick=111307 goal=0
1787896593.8,-4.94,-2.06,195.3,2.05,0.99,0.71,0.44,0.17,0.26,0.30,1.19,1.44,0.63,0.40,0.36,0.40,0.39,0.67,1.02,tick=111328 goal=0
1787896594.0,-5.00,-2.08,198.6,2.08,0.95,0.71,0.62,0.16,0.22,0.31,0.98,1.46,0.63,0.40,0.34,0.38,0.41,0.66,1.01,tick=111350 goal=0
1787896594.2,-5.06,-2.10,197.1,0.50,0.95,0.68,0.62,0.14,0.21,0.29,0.95,1.50,0.64,0.43,0.34,0.39,0.39,0.67,0.99,tick=111372 goal=0
1787896594.4,-5.12,-2.12,195.8,0.46,0.93,0.67,0.60,0.30,0.18,0.32,0.96,1.48,0.67,0.44,0.37,0.39,0.41,0.66,0.98,tick=111393 goal=0
1787896594.6,-5.18,-2.14,196.3,0.47,0.91,0.68,0.60,0.33,0.14,0.29,0.98,1.53,0.64,0.44,0.35,0.38,0.46,0.83,0.93,tick=111414 goal=0
1787896594.9,-5.24,-2.16,196.6,0.44,0.91,0.68,0.60,0.37,0.18,0.33,0.98,1.57,0.57,0.46,0.36,0.36,0.49,0.88,0.92,tick=111435 goal=0
1787896595.2,-5.25,-2.16,196.7,0.43,0.93,0.69,0.61,0.37,0.17,0.30,1.00,1.55,0.58,0.47,0.38,0.38,0.50,0.87,0.91,tick=111439 goal=0
1787896598.3,-5.26,-2.16,156.2,0.97,0.89,1.62,0.86,0.66,0.58,0.34,0.18,0.35,2.11,1.02,0.51,0.42,0.39,0.37,0.55,tick=111780 goal=0
1787896598.5,-5.32,-2.13,158.5,0.96,0.86,1.63,0.86,0.63,0.58,0.36,0.18,0.37,2.12,1.02,0.49,0.40,0.41,0.34,0.53,tick=111802 goal=0
1787896598.7,-5.37,-2.11,153.9,0.94,0.83,1.62,0.87,0.65,0.59,0.37,0.20,0.40,2.17,1.04,0.49,0.38,0.39,0.34,0.49,tick=111823 goal=0
1787896599.0,-5.43,-2.09,157.4,0.91,0.80,0.39,0.84,0.68,0.62,0.41,0.24,0.43,2.17,1.04,0.48,0.37,0.35,0.33,0.47,tick=111844 goal=0
1787896599.3,-5.51,-2.06,157.1,0.85,0.78,0.53,0.89,0.71,0.65,0.45,0.30,0.44,2.19,1.05,0.51,0.35,0.35,0.32,0.45,tick=111874 goal=0
1787896599.5,-5.57,-2.03,152.9,0.83,0.76,0.53,0.97,0.74,0.68,0.47,0.30,0.47,2.22,1.03,0.50,0.36,0.31,0.31,0.45,tick=111896 goal=0
1787896599.7,-5.62,-2.01,155.6,0.80,0.77,0.50,1.01,0.73,0.68,0.70,0.38,0.50,2.25,1.04,0.50,0.35,0.28,0.31,0.42,tick=111917 goal=0
1787896599.9,-5.68,-1.98,161.6,0.78,0.74,0.51,0.99,0.78,0.74,0.74,0.43,0.51,2.26,1.07,0.49,0.35,0.28,0.33,0.41,tick=111938 goal=0
1787896600.1,-5.73,-1.96,158.3,0.75,0.73,0.51,1.05,0.80,0.70,0.76,0.47,0.54,2.28,1.05,0.48,0.37,0.26,0.33,0.41,tick=111959 goal=0
1787896600.3,-5.78,-1.93,157.4,0.73,0.70,0.48,1.03,0.82,0.70,0.73,0.47,0.55,2.29,1.03,0.41,0.35,0.25,0.34,0.38,tick=111980 goal=0
1787896600.5,-5.84,-1.91,158.9,0.72,0.69,0.47,0.32,0.81,0.68,0.73,0.50,0.56,2.30,0.94,0.41,0.32,0.23,0.32,0.38,tick=112001 goal=0
1787896600.7,-5.90,-1.89,157.5,0.72,0.67,0.47,0.32,0.80,0.70,0.78,0.53,0.61,2.33,0.67,0.39,0.30,0.23,0.30,0.36,tick=112022 goal=0
1787896600.9,-5.95,-1.87,155.5,0.66,0.65,0.46,0.34,0.81,0.68,0.77,0.54,0.63,2.33,0.66,0.39,0.23,0.24,0.30,0.34,tick=112043 goal=0
1787896601.4,-5.97,-1.86,157.5,0.67,0.65,0.47,0.34,0.79,0.70,0.80,0.57,0.63,2.35,0.66,0.40,0.23,0.24,0.30,0.34,tick=112046 goal=0
1787896605.4,-5.96,-1.86,243.2,0.82,0.73,0.74,0.57,0.42,1.26,1.43,0.43,0.33,0.25,0.28,0.32,0.59,0.70,0.67,0.43,tick=112492 goal=0
1787896605.7,-5.99,-1.92,236.8,0.81,0.72,0.72,0.57,0.45,1.21,1.51,0.55,0.36,0.26,0.29,0.33,0.60,0.68,0.66,0.42,tick=112515 goal=0
1787896605.9,-6.03,-1.97,235.4,0.78,0.71,0.71,0.63,0.47,0.97,1.80,0.59,0.39,0.26,0.33,0.35,0.62,0.67,0.65,0.42,tick=112536 goal=0
1787896606.1,-6.06,-2.02,235.1,0.76,0.70,0.70,0.75,0.50,0.93,1.82,0.60,0.40,0.29,0.34,0.34,0.64,0.65,0.64,0.35,tick=112556 goal=0
1787896606.3,-6.10,-2.07,240.0,0.74,0.69,0.69,0.77,0.54,0.70,1.82,0.64,0.43,0.33,0.35,0.36,0.64,0.63,0.60,0.32,tick=112578 goal=0
1787896606.6,-6.10,-2.07,235.9,0.76,0.69,0.69,0.77,0.54,0.70,2.43,0.67,0.45,0.32,0.35,0.37,0.66,0.65,0.59,0.30,tick=112581 goal=0
1787896610.5,-6.09,-2.10,301.2,0.72,0.54,0.60,2.41,0.74,0.46,0.31,0.37,0.35,0.59,0.67,0.58,0.36,0.20,0.71,0.64,tick=113003 goal=0
1787896610.7,-6.06,-2.15,293.3,0.68,0.53,0.39,2.35,0.75,0.49,0.34,0.38,0.37,0.62,0.69,0.60,0.33,0.84,0.68,0.59,tick=113024 goal=0
1787896611.0,-6.03,-2.21,293.7,0.64,0.52,0.40,2.32,1.01,0.52,0.36,0.40,0.41,0.66,0.69,0.62,0.30,0.81,0.68,0.57,tick=113046 goal=0
1787896611.2,-6.01,-2.26,298.6,0.63,0.47,0.40,2.35,1.10,0.52,0.39,0.42,0.44,0.66,0.71,0.62,0.18,0.75,0.65,0.58,tick=113067 goal=0
1787896611.4,-5.98,-2.32,291.0,0.60,0.46,0.40,2.35,1.19,0.58,0.45,0.43,0.45,0.70,0.71,0.41,1.35,0.74,0.62,0.54,tick=113087 goal=0
1787896611.6,-5.95,-2.37,297.8,0.57,0.45,0.40,2.36,1.23,0.67,0.48,0.43,0.48,0.73,0.72,0.39,1.35,0.70,0.60,0.54,tick=113109 goal=0
1787896611.9,-5.91,-2.45,295.5,0.52,0.41,0.40,1.59,1.24,0.69,0.55,0.46,0.53,0.74,0.76,0.39,1.22,0.65,0.57,0.49,tick=113141 goal=0
1787896612.1,-5.89,-2.51,294.7,0.51,0.40,0.41,0.61,1.27,0.73,0.56,0.47,0.51,0.75,0.73,0.27,1.19,0.63,0.56,0.48,tick=113162 goal=0
1787896612.3,-5.86,-2.57,294.0,0.47,0.40,0.39,0.31,1.37,0.71,0.58,0.48,0.56,0.79,0.74,0.34,1.19,0.63,0.52,0.47,tick=113183 goal=0
1787896612.6,-5.84,-2.62,298.4,0.45,0.39,0.38,0.31,1.48,0.73,0.59,0.48,0.56,0.80,0.74,1.69,1.15,0.61,0.49,0.48,tick=113204 goal=0
1787896612.8,-5.81,-2.68,297.5,0.45,0.39,0.36,0.31,1.47,0.74,0.60,0.52,0.60,0.83,0.74,1.72,1.12,0.59,0.46,0.45,tick=113225 goal=0
1787896613.1,-5.78,-2.76,293.3,0.41,0.40,0.34,0.32,1.47,0.77,0.61,0.53,0.62,0.88,0.71,1.68,0.96,0.59,0.44,0.45,tick=113246 goal=0
1787896613.4,-5.77,-2.77,293.0,0.41,0.41,0.32,0.31,1.51,0.78,0.62,0.54,0.63,0.88,0.28,1.69,0.93,0.56,0.42,0.43,tick=113260 goal=0
1787896617.9,-5.78,-2.78,212.6,0.75,0.53,0.36,0.42,0.49,0.32,0.33,0.29,1.21,0.75,0.61,0.59,0.65,0.89,0.35,1.75,tick=113740 goal=0
1787896618.1,-5.84,-2.81,214.1,0.74,0.51,0.36,0.41,0.44,0.32,0.34,0.31,1.23,0.77,0.65,0.64,0.66,0.89,0.65,1.73,tick=113763 goal=0
1787896618.4,-5.91,-2.85,212.0,0.69,0.50,0.35,0.38,0.40,0.39,0.36,0.35,1.26,0.79,0.64,0.64,0.73,0.86,1.21,1.71,tick=113791 goal=0
1787896618.6,-5.96,-2.88,213.8,0.64,0.48,0.36,0.40,0.39,0.47,0.39,0.38,1.28,0.79,0.64,0.65,0.78,0.26,1.19,1.64,tick=113812 goal=0
1787896618.8,-6.02,-2.92,210.6,0.64,0.46,0.33,0.40,0.38,0.50,0.35,0.39,1.28,0.82,0.62,0.66,0.81,0.26,1.18,1.61,tick=113834 goal=0
1787896619.1,-6.07,-2.95,214.0,0.64,0.45,0.33,0.32,0.37,0.50,0.39,0.41,1.33,0.84,0.65,0.66,0.82,0.24,1.17,1.66,tick=113855 goal=0
1787896619.3,-6.12,-2.98,214.7,0.66,0.43,0.34,0.30,0.38,0.52,0.39,0.46,1.35,0.84,0.64,0.66,0.85,0.27,1.14,1.57,tick=113876 goal=0
1787896619.5,-6.17,-3.01,208.0,0.61,0.41,0.30,0.30,0.39,0.53,0.39,0.47,1.38,0.84,0.63,0.68,0.21,0.29,1.13,1.54,tick=113897 goal=0
1787896619.7,-6.22,-3.04,215.5,0.58,0.41,0.30,0.29,0.38,0.53,0.40,0.48,1.40,0.86,0.65,0.68,0.25,0.32,1.12,1.29,tick=113917 goal=0
1787896620.0,-6.30,-3.08,214.9,0.55,0.37,0.31,0.25,0.38,0.49,0.43,0.52,1.42,0.86,0.67,0.67,0.25,0.47,1.08,1.22,tick=113949 goal=0
1787896620.2,-6.35,-3.12,212.3,0.56,0.36,0.31,0.26,0.30,0.41,0.49,0.53,1.47,0.88,0.69,0.23,0.24,0.49,1.06,1.21,tick=113970 goal=0
1787896620.4,-6.40,-3.15,212.4,0.53,0.32,0.32,0.26,0.27,0.39,0.53,0.54,1.51,0.90,0.74,0.24,0.25,0.48,1.03,1.21,tick=113991 goal=0
1787896620.8,-6.41,-3.16,213.3,0.54,0.31,0.29,0.27,0.28,0.41,0.53,0.58,1.49,0.89,0.73,0.23,0.26,0.47,1.04,1.21,tick=113994 goal=0
1787896622.4,-6.42,-3.16,198.4,0.91,0.34,0.32,0.27,0.27,0.36,0.54,0.47,0.57,1.18,0.86,0.77,0.25,0.28,1.16,1.50,tick=114186 goal=0
1787896622.7,-6.44,-3.16,198.2,0.89,0.34,0.31,0.29,0.25,0.32,0.55,0.50,0.54,1.20,0.87,0.75,0.26,0.31,1.17,1.49,tick=114191 goal=0
1787896625.5,-6.44,-3.16,171.9,1.50,0.92,0.35,0.33,0.28,0.24,0.31,0.42,0.47,0.56,1.28,0.85,0.77,0.25,0.27,1.21,tick=114499 goal=0
1787896625.9,-6.53,-3.15,168.6,1.46,1.00,0.39,0.30,0.31,0.27,0.27,0.45,0.54,0.61,1.31,0.86,0.77,0.24,0.27,1.20,tick=114522 goal=0
1787896626.1,-6.63,-3.14,169.1,1.41,1.09,0.50,0.30,0.29,0.28,0.30,0.49,0.57,0.64,1.33,0.88,0.23,0.23,0.37,1.17,tick=114564 goal=0
1787896626.4,-6.69,-3.13,168.5,1.39,1.08,0.52,0.28,0.29,0.30,0.32,0.49,0.60,0.64,1.36,0.90,0.23,0.20,0.35,1.13,tick=114585 goal=0
1787896626.6,-6.75,-3.11,166.1,1.37,1.07,0.50,0.26,0.29,0.33,0.32,0.51,0.63,0.68,1.35,0.88,0.23,0.21,0.35,1.10,tick=114605 goal=0
1787896626.8,-6.81,-3.10,171.5,1.35,1.04,0.49,0.27,0.28,0.32,0.33,0.53,0.64,0.68,1.20,0.85,0.22,0.21,0.34,1.07,tick=114626 goal=0
1787896627.0,-6.87,-3.10,172.4,1.33,1.04,0.50,0.27,0.26,0.31,0.34,0.54,0.64,0.68,1.17,0.25,0.19,0.21,0.34,1.06,tick=114648 goal=0
1787896627.2,-6.93,-3.09,169.8,1.31,1.02,0.49,0.31,0.26,0.32,0.36,0.56,0.68,0.71,1.18,0.25,0.18,0.24,0.30,1.03,tick=114668 goal=0
1787896627.4,-6.98,-3.08,170.0,1.29,1.03,0.49,0.35,0.25,0.33,0.33,0.56,0.72,0.73,1.19,0.23,0.17,0.25,0.33,1.02,tick=114689 goal=0
1787896627.6,-7.05,-3.07,167.3,1.27,1.23,0.49,0.37,0.25,0.32,0.36,0.58,0.72,0.77,1.18,0.24,0.20,0.26,0.29,0.99,tick=114710 goal=0
1787896627.8,-7.10,-3.05,170.6,1.24,1.24,0.50,0.37,0.27,0.31,0.38,0.51,0.75,0.77,1.21,0.22,0.19,0.26,0.28,0.96,tick=114731 goal=0
1787896628.0,-7.16,-3.04,170.0,1.23,1.26,0.57,0.37,0.28,0.28,0.38,0.47,0.79,0.79,1.20,0.18,0.22,0.27,0.27,0.94,tick=114752 goal=0
1787896628.2,-7.22,-3.03,170.7,1.20,1.25,0.58,0.37,0.29,0.28,0.41,0.50,0.80,0.83,0.33,0.20,0.21,0.24,0.25,0.91,tick=114773 goal=0
1787896628.4,-7.28,-3.02,167.0,1.19,1.25,0.58,0.40,0.30,0.29,0.41,0.51,0.83,0.82,0.34,0.20,0.23,0.23,0.27,0.84,tick=114794 goal=0
1787896628.7,-7.34,-3.01,173.4,1.17,1.20,0.59,0.41,0.33,0.29,0.42,0.52,0.83,0.85,0.33,0.23,0.23,0.23,0.26,0.82,tick=114814 goal=0
1787896629.0,-7.42,-2.99,172.2,1.14,1.17,0.59,0.40,0.33,0.28,0.41,0.53,0.87,0.88,0.29,0.24,0.23,0.23,1.13,0.76,tick=114837 goal=0
1787896629.2,-7.49,-2.98,172.5,1.10,1.13,0.58,0.38,0.36,0.29,0.42,0.56,0.89,2.98,0.25,0.25,0.24,0.21,1.05,0.70,tick=114868 goal=0
1787896629.4,-7.55,-2.97,167.5,1.10,1.10,0.59,0.36,0.35,0.31,0.40,0.56,0.91,3.00,0.28,0.26,0.21,0.21,1.02,0.70,tick=114889 goal=0
1787896629.6,-7.61,-2.95,171.4,1.07,1.10,0.59,0.38,0.36,0.31,0.39,0.57,0.94,3.00,0.26,0.27,0.19,0.20,1.01,0.66,tick=114910 goal=0
1787896629.9,-7.69,-2.94,169.9,1.05,1.06,0.57,0.40,0.37,0.33,0.38,0.60,1.01,3.00,0.26,0.28,0.20,0.20,0.96,0.64,tick=114938 goal=0
1787896630.1,-7.75,-2.93,170.1,1.02,1.03,0.60,0.40,0.35,0.33,0.35,0.59,1.00,2.99,0.32,0.26,0.20,1.17,0.93,0.61,tick=114959 goal=0
1787896630.3,-7.81,-2.91,167.5,1.00,1.02,0.60,0.43,0.37,0.37,0.36,0.61,1.00,2.98,0.30,0.25,0.18,1.18,0.90,0.59,tick=114980 goal=0
1787896630.5,-7.86,-2.90,169.7,0.99,0.99,0.62,0.45,0.37,0.37,0.38,0.64,1.01,3.00,0.33,0.21,0.18,1.14,0.88,0.59,tick=115001 goal=0
1787896630.7,-7.92,-2.89,167.1,0.95,0.98,0.66,0.46,0.36,0.38,0.38,0.65,1.06,3.00,0.35,0.19,0.31,1.16,0.86,0.54,tick=115022 goal=0
1787896630.9,-7.98,-2.88,166.9,0.93,0.97,0.64,0.46,0.35,0.38,0.39,0.67,1.10,2.99,0.34,0.20,0.34,1.16,0.85,0.53,tick=115043 goal=0
1787896631.1,-8.04,-2.87,174.2,0.91,0.95,0.67,0.46,0.36,0.39,0.41,0.64,1.10,2.99,0.35,0.20,0.40,1.14,0.80,0.53,tick=115064 goal=0
1787896631.4,-8.10,-2.85,169.8,0.89,0.92,0.65,0.45,0.36,0.39,0.44,0.68,1.14,3.00,0.34,0.20,0.41,1.14,0.78,0.48,tick=115085 goal=0
1787896631.6,-8.16,-2.84,168.6,0.87,0.92,0.64,0.45,0.36,0.39,0.44,0.70,1.13,0.47,0.31,0.20,0.47,1.17,0.73,0.46,tick=115106 goal=0
1787896631.8,-8.22,-2.84,169.1,0.84,0.89,0.61,0.45,0.38,0.39,0.44,0.73,1.15,0.48,0.25,0.31,1.19,1.15,0.69,0.45,tick=115127 goal=0
1787896632.0,-8.28,-2.82,170.0,0.82,0.87,0.59,0.43,0.39,0.40,0.47,0.75,1.17,0.48,0.26,0.35,1.16,1.16,0.67,0.41,tick=115148 goal=0
1787896632.2,-8.34,-2.81,170.6,0.79,0.86,0.56,0.46,0.41,0.38,0.46,0.75,1.16,0.47,0.26,0.37,1.17,1.18,0.66,0.39,tick=115169 goal=0
1787896632.4,-8.40,-2.81,171.9,0.78,0.86,0.57,0.44,0.41,0.37,0.49,0.77,1.20,0.49,0.27,0.39,1.16,1.17,0.62,0.39,tick=115190 goal=0
1787896632.6,-8.46,-2.80,168.3,0.76,0.85,0.56,0.45,0.43,0.37,0.51,0.79,1.22,0.51,0.28,0.41,1.17,1.12,0.59,0.34,tick=115211 goal=0
1787896633.0,-8.49,-2.79,165.4,0.77,0.82,0.55,0.43,0.41,0.37,0.50,0.78,1.24,0.53,0.30,0.43,1.16,1.11,0.56,0.34,tick=115222 goal=0
1787896636.4,-8.50,-2.78,110.5,0.78,0.36,0.29,0.75,0.78,0.55,0.43,0.43,0.41,0.52,0.89,1.27,0.51,0.34,0.49,1.12,tick=115584 goal=0
1787896636.6,-8.52,-2.72,113.0,0.75,0.34,0.31,0.74,0.79,0.55,0.44,0.45,0.44,0.56,0.94,1.30,0.32,0.35,0.51,1.09,tick=115607 goal=0
1787896637.0,-8.53,-2.71,111.6,0.74,0.34,0.29,0.74,0.81,0.56,0.43,0.46,0.44,0.55,0.95,1.31,0.31,0.36,0.55,1.07,tick=115611 goal=0
1787896638.9,-8.53,-2.70,96.7,1.09,0.65,0.33,0.27,0.73,0.83,0.56,0.44,0.44,0.50,0.60,1.20,1.58,0.29,0.39,1.17,tick=115837 goal=0
1787896639.1,-8.53,-2.64,93.7,1.04,0.65,0.32,0.28,0.75,0.82,0.59,0.47,0.47,0.52,0.61,1.33,0.58,0.29,0.38,1.15,tick=115860 goal=0
1787896639.3,-8.54,-2.57,95.3,1.04,0.65,0.32,0.28,0.75,0.81,0.59,0.48,0.49,0.55,0.63,1.35,0.56,0.30,0.36,1.14,tick=115881 goal=0
1787896639.6,-8.54,-2.50,88.2,0.97,0.64,0.31,0.29,0.74,0.81,0.62,0.52,0.51,0.58,0.67,1.39,0.53,0.30,0.35,1.12,tick=115909 goal=0
1787896639.8,-8.54,-2.43,89.7,0.96,0.63,0.33,0.27,0.25,0.83,0.62,0.54,0.54,0.59,0.69,1.38,0.51,0.31,0.34,1.09,tick=115929 goal=0
1787896640.0,-8.55,-2.37,88.6,0.94,0.63,0.42,0.28,0.26,0.85,0.65,0.57,0.58,0.61,0.74,1.39,0.26,0.31,0.34,1.08,tick=115951 goal=0
1787896640.3,-8.55,-2.29,90.1,0.92,0.60,0.42,0.24,0.27,0.82,0.68,0.57,0.58,0.64,0.80,1.39,0.26,0.31,0.31,1.06,tick=115972 goal=0
1787896640.5,-8.55,-2.23,91.1,0.90,0.61,0.42,0.23,0.26,0.27,0.87,0.64,0.62,0.67,0.83,1.40,0.27,0.29,0.30,1.01,tick=116003 goal=0
1787896640.9,-8.55,-2.17,88.6,0.88,0.60,0.44,0.24,0.26,0.27,0.86,0.66,0.63,0.69,0.88,1.41,0.28,0.29,0.32,1.00,tick=116024 goal=0
1787896641.1,-8.55,-2.08,88.3,0.84,0.59,0.42,0.27,0.24,0.29,0.91,0.70,0.67,0.72,0.93,1.41,0.28,0.28,0.29,0.99,tick=116055 goal=0
1787896641.3,-8.55,-2.02,87.1,0.83,0.62,0.44,0.29,0.22,0.29,0.92,0.71,0.70,0.74,0.96,0.29,0.26,0.25,0.32,0.96,tick=116076 goal=0
1787896641.5,-8.55,-1.96,89.9,0.80,0.70,0.41,0.30,0.21,0.27,0.92,0.75,0.71,0.76,0.99,0.30,0.27,0.25,0.33,0.94,tick=116097 goal=0
1787896641.7,-8.55,-1.90,88.5,0.77,0.72,0.42,0.34,0.23,0.29,0.95,0.78,0.74,0.78,1.01,0.31,0.27,0.23,0.32,0.91,tick=116118 goal=0
1787896641.9,-8.54,-1.84,89.9,0.77,0.71,0.42,0.34,0.25,0.27,0.35,0.82,0.76,0.82,1.03,0.30,0.25,0.23,0.34,0.89,tick=116139 goal=0
1787896642.1,-8.54,-1.78,89.5,0.73,0.71,0.42,0.33,0.24,0.25,0.34,0.84,0.78,0.81,1.02,0.30,0.25,0.23,0.34,0.89,tick=116160 goal=0
1787896642.3,-8.54,-1.71,92.6,0.71,0.70,0.39,0.33,0.26,0.25,0.34,0.88,0.80,0.83,1.07,0.30,0.23,0.23,1.03,0.86,tick=116181 goal=0
1787896642.6,-8.54,-1.65,89.7,0.70,0.69,0.42,0.32,0.28,0.26,0.38,0.87,0.84,0.88,1.10,0.29,0.22,0.24,1.03,0.84,tick=116204 goal=0
1787896642.8,-8.54,-1.57,90.5,0.68,0.69,0.37,0.34,0.30,0.26,0.37,0.91,0.85,0.89,0.39,0.29,0.20,0.24,0.97,0.80,tick=116233 goal=0
1787896643.0,-8.54,-1.51,84.8,0.64,0.66,0.36,0.32,0.29,0.26,0.38,0.93,0.88,0.92,0.38,0.26,0.21,0.24,0.94,0.74,tick=116254 goal=0
1787896643.3,-8.54,-1.45,89.2,0.60,0.65,0.36,0.32,0.30,0.27,0.35,0.94,0.90,0.94,0.38,0.25,0.23,0.24,0.91,0.72,tick=116275 goal=0
1787896643.5,-8.54,-1.39,91.7,0.61,0.63,0.33,0.31,0.32,0.30,0.31,0.95,0.93,0.94,0.39,0.27,0.22,0.25,0.90,0.71,tick=116295 goal=0
1787896643.7,-8.54,-1.32,87.9,0.59,0.63,0.33,0.31,0.30,0.31,0.33,0.96,0.93,0.97,0.39,0.23,0.23,1.59,0.86,0.67,tick=116317 goal=0
1787896643.9,-8.54,-1.27,90.6,0.56,0.59,0.34,0.30,0.29,0.32,0.31,0.98,0.95,1.00,0.38,0.22,0.23,1.55,0.85,0.67,tick=116338 goal=0
1787896644.1,-8.53,-1.21,89.3,0.55,0.58,0.31,0.31,0.29,0.30,0.33,1.01,0.97,1.02,0.39,0.25,0.23,1.55,0.84,0.65,tick=116359 goal=0
1787896644.3,-8.53,-1.15,89.8,0.51,0.59,0.32,0.28,0.29,0.31,0.35,1.02,1.00,1.02,0.38,0.22,0.23,1.55,0.81,0.60,tick=116380 goal=0
1787896644.5,-8.53,-1.08,89.8,0.50,0.55,0.34,0.28,0.29,0.34,0.35,1.02,1.02,1.03,0.35,0.23,0.24,1.51,0.79,0.59,tick=116401 goal=0
1787896644.7,-8.53,-1.03,88.8,0.47,0.55,0.34,0.29,0.29,0.34,0.34,1.06,1.02,1.07,0.32,0.26,0.29,1.50,0.72,0.56,tick=116422 goal=0
1787896645.0,-8.53,-0.94,91.0,0.43,0.51,0.36,0.26,0.29,0.33,0.39,1.08,1.08,1.09,0.31,0.25,0.37,1.33,0.65,0.54,tick=116453 goal=0
1787896645.4,-8.53,-0.92,91.2,0.43,0.50,0.38,0.27,0.28,0.31,0.39,1.08,1.09,1.09,0.31,0.24,1.09,1.32,0.64,0.54,tick=116457 goal=0
1787896649.3,-8.52,-0.92,23.8,0.94,0.61,0.53,0.43,0.49,0.33,0.24,0.29,0.35,0.39,1.13,1.04,0.55,0.29,0.25,2.70,tick=116877 goal=0
1787896649.5,-8.46,-0.89,27.2,0.94,0.57,0.53,0.43,0.49,0.38,0.25,0.32,0.37,0.42,1.12,1.04,0.55,0.26,0.24,2.68,tick=116900 goal=0
1787896649.7,-8.41,-0.86,28.2,1.11,0.57,0.51,0.42,0.49,0.40,0.28,0.34,0.39,0.43,1.15,1.04,0.52,0.25,0.22,2.67,tick=116921 goal=0
1787896649.9,-8.35,-0.83,25.2,1.11,0.58,0.47,0.42,0.46,0.46,0.32,0.35,0.44,0.46,1.17,1.08,0.50,0.22,0.23,2.67,tick=116943 goal=0
1787896650.1,-8.30,-0.81,24.0,1.09,0.52,0.46,0.42,0.43,0.49,0.32,0.33,0.42,0.48,1.17,1.08,0.34,0.21,0.24,2.65,tick=116964 goal=0
1787896650.4,-8.24,-0.78,27.3,1.08,0.55,0.47,0.42,0.43,0.47,0.34,0.37,0.43,0.49,1.19,1.08,0.25,0.18,0.26,2.62,tick=116985 goal=0
1787896650.6,-8.19,-0.76,27.3,1.04,0.53,0.45,0.43,0.43,0.51,0.40,0.39,0.46,0.53,1.19,1.10,0.24,0.17,0.24,2.60,tick=117006 goal=0
1787896650.8,-8.13,-0.74,26.2,1.03,0.53,0.45,0.43,0.42,0.52,0.42,0.40,0.49,0.56,1.21,1.12,0.20,0.18,0.25,2.58,tick=117027 goal=0
1787896651.0,-8.07,-0.72,24.9,1.00,0.51,0.43,0.43,0.40,0.53,0.43,0.42,0.51,0.58,1.19,1.13,0.18,0.19,0.25,2.56,tick=117048 goal=0
1787896651.2,-8.02,-0.69,25.0,0.99,0.51,0.44,0.43,0.39,0.54,0.48,0.44,0.52,0.60,1.20,1.14,0.16,0.18,0.48,2.53,tick=117069 goal=0
1787896651.4,-7.96,-0.66,20.2,0.96,0.54,0.44,0.39,0.38,0.54,0.49,0.46,0.56,0.62,1.22,1.16,0.16,0.18,0.49,2.50,tick=117090 goal=0
1787896651.6,-7.91,-0.64,19.8,0.95,0.53,0.42,0.38,0.38,0.55,0.53,0.46,0.57,0.66,1.22,0.24,0.18,0.20,0.48,2.48,tick=117111 goal=0
1787896651.8,-7.85,-0.62,22.5,0.91,0.52,0.41,0.37,0.40,0.51,0.55,0.48,0.57,0.70,1.22,0.17,0.17,0.20,0.49,2.48,tick=117132 goal=0
1787896652.0,-7.80,-0.59,27.3,0.90,0.49,0.38,0.37,0.39,0.47,0.56,0.51,0.62,0.75,1.24,0.17,0.16,0.19,0.50,2.44,tick=117153 goal=0
1787896652.3,-7.74,-0.57,25.1,0.88,0.47,0.36,0.36,0.39,0.44,0.57,0.52,0.64,0.80,1.25,0.16,0.17,0.22,0.53,2.43,tick=117174 goal=0
1787896652.5,-7.69,-0.54,20.9,0.85,0.47,0.34,0.36,0.42,0.43,0.62,0.51,0.65,0.82,1.26,0.19,0.17,0.24,0.53,2.40,tick=117196 goal=0
1787896652.7,-7.63,-0.52,25.0,0.84,0.44,0.31,0.34,0.39,0.42,0.63,0.54,0.69,0.88,0.22,0.20,0.17,0.34,0.54,2.36,tick=117217 goal=0
1787896653.0,-7.56,-0.49,27.5,0.81,0.42,0.31,0.35,0.38,0.43,0.63,0.57,0.70,0.89,0.23,0.18,0.19,0.37,0.71,2.36,tick=117238 goal=0
1787896653.2,-7.50,-0.46,25.1,0.79,0.40,0.29,0.32,0.34,0.41,0.64,0.60,0.72,0.92,0.26,0.17,0.20,0.36,0.69,2.33,tick=117269 goal=0
1787896653.4,-7.44,-0.43,26.1,0.75,0.40,0.28,0.33,0.34,0.43,0.66,0.61,0.77,0.96,0.27,0.19,0.22,0.37,0.69,2.32,tick=117290 goal=0
1787896653.6,-7.38,-0.41,20.0,0.74,0.36,0.28,0.29,0.32,0.43,0.66,0.64,0.76,0.99,0.24,0.19,0.22,0.36,0.67,2.29,tick=117311 goal=0
1787896653.8,-7.33,-0.39,24.5,0.72,0.36,0.28,0.26,0.34,0.43,0.70,0.65,0.81,1.00,0.25,0.20,0.29,0.40,0.68,2.30,tick=117332 goal=0
1787896654.0,-7.27,-0.36,29.0,0.69,0.34,0.31,0.25,0.32,0.42,0.73,0.67,0.82,1.02,0.25,0.21,0.31,0.40,0.68,2.26,tick=117353 goal=0
1787896654.4,-7.26,-0.35,25.0,0.68,0.34,0.29,0.25,0.31,0.43,0.71,0.69,0.81,1.01,0.23,0.22,0.33,0.40,0.68,2.26,tick=117357 goal=0
1787896656.5,-7.26,-0.35,8.6,2.29,0.47,0.34,0.26,0.26,0.33,0.46,0.74,0.69,0.86,0.34,0.23,0.23,0.34,0.40,0.89,tick=117597 goal=0
1787896656.8,-7.18,-0.34,9.9,2.24,0.46,0.31,0.30,0.23,0.31,0.46,0.75,0.71,0.89,0.34,0.24,0.25,0.35,0.42,0.86,tick=117620 goal=0
1787896657.0,-7.10,-0.33,5.1,2.22,0.62,0.31,0.28,0.23,0.31,0.46,0.77,0.74,0.93,0.34,0.22,0.30,0.33,0.37,0.88,tick=117651 goal=0
1787896657.2,-7.04,-0.32,6.6,2.18,0.59,0.30,0.27,0.24,0.32,0.45,0.80,0.74,0.95,0.32,0.25,0.29,0.32,0.41,0.86,tick=117672 goal=0
1787896657.4,-6.98,-0.31,10.8,2.20,0.58,0.30,0.27,0.25,0.27,0.45,0.81,0.80,0.96,0.32,0.25,0.32,0.32,0.48,0.85,tick=117693 goal=0
1787896657.7,-6.92,-0.31,12.0,2.19,0.58,0.29,0.26,0.26,0.27,0.43,0.83,0.80,0.98,0.29,0.29,0.31,0.31,0.51,1.04,tick=117714 goal=0
1787896657.9,-6.86,-0.30,7.4,2.15,0.56,0.32,0.24,0.26,0.27,0.43,0.85,0.83,1.00,0.32,0.30,0.32,0.33,0.51,1.02,tick=117736 goal=0
1787896658.1,-6.80,-0.29,7.9,2.12,0.53,0.29,0.23,0.26,0.28,0.44,0.87,0.86,1.02,0.32,0.29,0.32,0.31,0.51,1.04,tick=117757 goal=0
1787896658.3,-6.74,-0.28,8.9,2.10,0.53,0.27,0.23,0.23,0.26,0.41,0.86,0.88,1.03,0.32,0.31,0.31,0.33,0.51,1.00,tick=117778 goal=0
1787896658.5,-6.68,-0.28,9.1,2.10,0.53,0.26,0.24,0.24,0.28,0.44,0.71,0.90,1.06,0.30,0.32,0.28,0.30,0.49,0.99,tick=117799 goal=0
1787896658.7,-6.62,-0.27,3.4,2.08,0.51,0.27,0.23,0.22,0.28,0.42,0.71,0.89,1.07,0.34,0.34,0.31,0.30,0.45,0.97,tick=117820 goal=0
1787896658.9,-6.56,-0.27,10.2,2.04,0.49,0.25,0.22,0.22,0.28,0.32,0.70,0.94,1.11,0.34,0.34,0.29,0.31,0.43,0.97,tick=117841 goal=0
1787896659.1,-6.50,-0.26,5.7,2.01,0.50,0.27,0.23,0.23,0.29,0.31,0.73,0.95,1.12,0.35,0.35,0.29,0.32,0.44,0.96,tick=117862 goal=0
1787896659.3,-6.44,-0.25,7.5,2.00,0.55,0.30,0.22,0.23,0.26,0.32,0.75,0.97,1.14,0.35,0.34,0.26,0.37,0.44,0.93,tick=117883 goal=0
1787896659.5,-6.38,-0.25,9.5,1.96,0.52,0.36,0.22,0.21,0.25,0.34,0.76,0.99,1.15,0.38,0.34,0.28,0.40,0.42,0.92,tick=117904 goal=0
1787896659.8,-6.32,-0.25,5.2,1.95,0.50,0.36,0.20,0.21,0.23,0.35,0.77,1.04,1.16,0.40,0.33,0.28,0.40,0.42,0.89,tick=117925 goal=0
1787896660.0,-6.26,-0.25,5.1,1.92,0.51,0.35,0.19,0.21,0.24,0.35,0.76,1.03,0.64,0.41,0.33,0.27,0.39,0.42,0.89,tick=117946 goal=0
1787896660.2,-6.20,-0.24,4.2,1.91,0.49,0.34,0.21,0.19,0.24,0.36,0.80,1.04,0.64,0.43,0.32,0.29,0.40,0.46,0.91,tick=117967 goal=0
1787896660.4,-6.14,-0.23,7.0,1.89,0.46,0.34,0.20,0.19,0.23,0.38,0.81,1.07,0.58,0.42,0.31,0.31,0.36,0.48,0.88,tick=117988 goal=0
1787896660.6,-6.08,-0.23,5.8,1.86,0.55,0.29,0.22,0.18,0.23,0.38,0.82,1.09,0.55,0.44,0.31,0.33,0.36,0.50,0.88,tick=118009 goal=0
1787896660.8,-6.02,-0.22,7.4,1.85,0.55,0.31,0.27,0.17,0.21,0.33,0.81,1.15,0.55,0.45,0.31,0.33,0.35,0.48,0.86,tick=118030 goal=0
1787896661.0,-5.96,-0.21,5.1,1.83,0.56,0.29,0.27,0.17,0.18,0.32,0.82,1.13,0.57,0.45,0.28,0.36,0.34,0.47,0.86,tick=118051 goal=0
1787896661.2,-5.90,-0.21,5.3,1.82,0.53,0.28,0.28,0.18,0.19,0.29,0.82,1.16,0.59,0.46,0.31,0.37,0.32,0.47,0.86,tick=118072 goal=0
1787896661.5,-5.84,-0.20,3.7,1.80,0.51,0.28,0.27,0.23,0.20,0.29,0.76,1.18,0.59,0.43,0.31,0.35,0.32,0.47,0.85,tick=118093 goal=0
1787896661.9,-5.72,-0.18,3.4,1.75,0.49,0.26,0.23,0.25,0.22,0.28,0.76,1.21,0.59,0.42,0.35,0.35,0.32,0.44,0.84,tick=118135 goal=0
1787896662.1,-5.66,-0.18,6.7,1.72,0.45,0.28,0.24,0.27,0.21,0.26,0.74,1.26,0.63,0.42,0.37,0.32,0.35,0.45,0.84,tick=118156 goal=0
1787896662.3,-5.60,-0.17,4.1,1.69,0.45,0.28,0.20,0.25,0.23,0.25,0.58,1.29,0.64,0.41,0.37,0.32,0.37,0.44,0.82,tick=118177 goal=0
1787896662.5,-5.54,-0.16,4.2,1.69,0.42,0.28,0.20,0.24,0.24,0.27,0.59,1.30,0.68,0.41,0.39,0.29,0.36,0.46,0.82,tick=118198 goal=0
1787896662.7,-5.48,-0.16,2.9,1.68,0.44,0.28,0.20,0.21,0.27,0.26,0.61,1.33,0.68,0.40,0.41,0.29,0.38,0.47,0.81,tick=118220 goal=0
1787896662.9,-5.42,-0.15,6.1,1.64,0.40,0.29,0.21,0.21,0.28,0.26,0.62,1.34,0.71,0.41,0.38,0.30,0.36,0.51,0.78,tick=118241 goal=0
1787896663.1,-5.36,-0.15,5.9,1.64,0.39,0.29,0.22,0.20,0.27,0.28,0.63,1.35,0.69,0.41,0.38,0.30,0.35,0.56,0.81,tick=118262 goal=0
1787896663.3,-5.30,-0.15,3.0,1.59,0.34,0.31,0.22,0.21,0.28,0.28,0.63,1.39,0.71,0.43,0.35,0.33,0.34,0.54,0.80,tick=118284 goal=0
1787896663.7,-5.28,-0.15,4.9,1.60,0.36,0.31,0.22,0.17,0.28,0.29,0.65,1.37,0.74,0.45,0.37,0.31,0.35,0.55,0.80,tick=118287 goal=0
1787896665.8,-5.28,-0.15,344.3,1.06,1.57,0.35,0.29,0.23,0.21,0.29,0.30,0.66,1.39,0.70,0.41,0.33,0.34,0.36,0.55,tick=118532 goal=0
1787896666.1,-5.21,-0.16,343.3,1.04,1.55,0.34,0.33,0.24,0.20,0.29,0.30,0.69,1.43,0.71,0.44,0.33,0.33,0.36,0.54,tick=118555 goal=0
1787896666.3,-5.15,-0.18,343.1,0.98,1.54,0.36,0.32,0.22,0.23,0.28,0.35,0.72,1.44,0.71,0.45,0.30,0.32,0.34,0.52,tick=118577 goal=0
1787896666.5,-5.10,-0.20,341.7,0.94,1.53,0.50,0.30,0.24,0.23,0.25,0.36,0.73,1.47,0.74,0.44,0.28,0.32,0.31,0.51,tick=118598 goal=0
1787896666.7,-5.04,-0.22,340.6,0.73,1.49,0.52,0.30,0.24,0.24,0.25,0.41,0.74,1.46,0.74,0.45,0.30,0.32,0.30,0.51,tick=118619 goal=0
1787896666.9,-4.98,-0.24,346.4,0.68,1.49,0.49,0.29,0.29,0.23,0.24,0.37,0.73,1.48,0.75,0.46,0.28,0.29,0.30,0.47,tick=118640 goal=0
1787896667.1,-4.92,-0.26,340.5,0.65,1.45,0.50,0.27,0.28,0.23,0.24,0.42,0.75,1.50,0.75,0.43,0.33,0.29,0.31,0.43,tick=118661 goal=0
1787896667.3,-4.87,-0.27,340.2,0.62,1.43,0.55,0.27,0.30,0.26,0.27,0.45,0.76,1.53,0.74,0.43,0.29,0.25,0.31,0.41,tick=118682 goal=0
1787896667.5,-4.81,-0.30,341.8,0.58,1.41,0.56,0.27,0.29,0.27,0.30,0.45,0.68,1.54,0.68,0.33,0.29,0.26,0.29,0.41,tick=118703 goal=0
1787896667.9,-4.73,-0.32,344.0,0.56,1.36,0.55,0.38,0.28,0.29,0.31,0.44,0.70,1.56,0.59,0.30,0.28,0.24,0.31,0.37,tick=118734 goal=0
1787896668.1,-4.67,-0.34,345.0,0.53,1.36,0.54,0.37,0.27,0.32,0.31,0.47,0.85,1.60,0.58,0.33,0.26,0.23,0.32,0.38,tick=118755 goal=0
1787896668.4,-4.57,-0.37,343.0,0.53,1.33,0.53,0.40,0.25,0.34,0.32,0.49,0.89,1.65,0.58,0.33,0.24,0.25,0.31,0.34,tick=118792 goal=0
1787896668.8,-4.56,-0.38,342.4,0.49,1.31,0.53,0.38,0.25,0.32,0.30,0.47,0.90,1.66,0.58,0.32,0.21,0.23,0.30,0.34,tick=118796 goal=0
1787896670.4,-4.55,-0.38,352.4,1.35,1.35,0.43,0.30,0.28,0.33,0.35,0.56,1.68,0.91,0.36,0.28,0.21,0.27,0.33,0.40,tick=118986 goal=0
1787896670.7,-4.46,-0.39,354.7,1.15,1.32,0.43,0.35,0.28,0.33,0.38,0.59,1.71,0.93,0.36,0.26,0.22,0.27,0.28,0.37,tick=119018 goal=0
1787896671.0,-4.37,-0.40,353.6,1.05,1.27,0.43,0.36,0.25,0.35,0.40,0.60,1.73,0.96,0.36,0.24,0.24,0.26,0.27,0.36,tick=119050 goal=0
1787896671.2,-4.31,-0.40,350.5,1.07,1.26,0.44,0.37,0.27,0.35,0.38,0.63,1.75,0.97,0.37,0.22,0.24,0.26,0.26,0.36,tick=119071 goal=0
1787896671.4,-4.25,-0.40,354.5,1.01,1.23,0.43,0.34,0.26,0.32,0.40,0.65,1.78,0.96,0.38,0.24,0.25,0.26,0.24,0.33,tick=119092 goal=0
1787896671.8,-4.23,-0.41,352.1,0.99,1.24,0.43,0.33,0.26,0.32,0.39,0.65,1.80,0.99,0.37,0.25,0.25,0.23,0.25,0.34,tick=119096 goal=0
1787896674.0,-4.23,-0.40,10.2,1.23,0.46,0.34,0.32,0.27,0.38,0.61,1.50,1.08,0.41,0.25,0.24,0.27,0.25,0.31,0.89,tick=119344 goal=0
1787896674.2,-4.17,-0.39,11.5,1.21,0.45,0.34,0.32,0.26,0.37,0.49,1.48,1.10,0.42,0.25,0.26,0.22,0.24,0.31,0.87,tick=119366 goal=0
1787896674.4,-4.11,-0.38,13.3,1.20,0.44,0.32,0.32,0.26,0.39,0.50,1.49,1.13,0.44,0.25,0.27,0.24,0.24,0.31,0.88,tick=119387 goal=0
1787896674.6,-4.05,-0.37,9.1,1.17,0.40,0.32,0.31,0.25,0.40,0.50,1.51,1.14,0.47,0.24,0.27,0.23,0.23,0.31,0.85,tick=119408 goal=0
1787896674.8,-3.99,-0.36,16.1,1.15,0.40,0.32,0.31,0.26,0.39,0.52,1.53,1.15,0.47,0.30,0.26,0.23,0.25,0.32,0.88,tick=119429 goal=0
1787896675.0,-3.93,-0.35,8.6,1.12,0.38,0.33,0.29,0.27,0.33,0.52,1.55,1.16,0.47,0.30,0.27,0.23,0.22,0.30,0.84,tick=119450 goal=0
1787896675.2,-3.87,-0.33,11.5,1.11,0.41,0.31,0.28,0.28,0.28,0.53,1.55,1.18,0.45,0.32,0.25,0.19,0.22,0.30,0.85,tick=119472 goal=0
1787896675.4,-3.81,-0.32,10.3,1.09,0.52,0.29,0.28,0.27,0.28,0.48,1.55,1.20,0.42,0.32,0.28,0.21,0.21,0.33,0.83,tick=119493 goal=0
1787896675.6,-3.75,-0.31,13.2,1.08,0.52,0.27,0.25,0.28,0.27,0.49,1.21,1.22,0.42,0.33,0.26,0.22,0.23,0.34,0.83,tick=119514 goal=0
1787896675.9,-3.69,-0.30,16.5,1.07,0.52,0.28,0.25,0.27,0.29,0.47,1.24,1.25,0.42,0.35,0.26,0.21,0.25,0.41,0.83,tick=119535 goal=0
1787896676.1,-3.63,-0.28,15.2,1.02,0.48,0.25,0.24,0.27,0.30,0.50,1.25,1.28,0.44,0.36,0.24,0.23,0.24,0.45,1.04,tick=119556 goal=0
1787896676.3,-3.57,-0.27,13.8,1.02,0.48,0.25,0.23,0.25,0.30,0.49,1.28,1.27,0.44,0.36,0.21,0.23,0.25,0.45,1.00,tick=119576 goal=0
1787896676.5,-3.51,-0.26,16.8,0.96,0.48,0.23,0.23,0.24,0.32,0.52,1.27,1.33,0.44,0.35,0.22,0.23,0.22,0.45,0.99,tick=119598 goal=0
1787896676.9,-3.40,-0.23,10.3,0.93,0.45,0.20,0.21,0.25,0.33,0.34,1.14,1.35,0.48,0.35,0.22,0.22,0.26,0.46,0.96,tick=119637 goal=0
1787896677.1,-3.35,-0.22,12.9,0.94,0.44,0.21,0.19,0.22,0.32,0.34,0.97,1.38,0.50,0.29,0.23,0.20,0.26,0.46,0.91,tick=119658 goal=0
1787896677.3,-3.29,-0.20,12.6,0.89,0.42,0.22,0.18,0.21,0.26,0.38,1.01,1.39,0.51,0.31,0.24,0.23,0.30,0.43,0.90,tick=119679 goal=0
1787896677.5,-3.23,-0.19,13.1,0.87,0.41,0.23,0.17,0.20,0.27,0.38,1.00,1.41,0.54,0.32,0.24,0.23,0.30,0.43,0.88,tick=119700 goal=0
1787896677.8,-3.14,-0.17,12.4,0.84,0.39,0.26,0.15,0.20,0.24,0.41,1.01,1.43,0.54,0.31,0.23,0.23,0.35,0.48,0.83,tick=119731 goal=0
1787896678.0,-3.08,-0.16,12.0,0.82,0.93,0.28,0.15,0.18,0.24,0.41,1.01,1.47,0.57,0.31,0.24,0.25,0.34,0.50,0.81,tick=119752 goal=0
1787896678.2,-3.03,-0.15,9.7,0.79,0.90,0.28,0.17,0.15,0.23,0.42,1.06,1.50,0.57,0.31,0.23,0.24,0.33,0.48,0.79,tick=119773 goal=0
1787896678.5,-2.97,-0.14,12.4,0.78,0.89,0.27,0.16,0.16,0.20,0.40,1.04,1.54,0.59,0.30,0.25,0.27,0.35,0.48,0.76,tick=119794 goal=0
1787896678.7,-2.88,-0.13,10.1,0.76,0.83,0.27,0.19,0.14,0.18,0.35,1.05,1.59,0.61,0.33,0.25,0.29,0.34,0.48,0.74,tick=119823 goal=0
1787896678.9,-2.82,-0.12,7.5,0.74,0.81,0.26,0.21,0.16,0.16,0.31,1.09,1.59,0.63,0.31,0.25,0.30,0.33,0.48,0.71,tick=119844 goal=0
1787896679.2,-2.76,-0.10,10.8,0.69,0.81,0.25,0.21,0.15,0.16,0.30,0.92,1.61,0.64,0.32,0.29,0.29,0.36,0.45,0.69,tick=119865 goal=0
1787896679.4,-2.70,-0.09,12.9,0.68,0.80,0.23,0.21,0.17,0.17,0.32,0.91,1.64,0.66,0.31,0.27,0.31,0.33,0.47,0.67,tick=119886 goal=0
1787896679.6,-2.64,-0.08,13.1,0.67,0.76,0.23,0.23,0.19,0.18,0.25,0.93,1.63,0.68,0.33,0.31,0.31,0.33,0.45,0.63,tick=119907 goal=0
1787896679.8,-2.59,-0.07,10.5,0.65,0.74,0.22,0.20,0.19,0.20,0.22,0.94,1.66,0.66,0.32,0.32,0.30,0.35,0.44,0.62,tick=119928 goal=0
1787896680.0,-2.53,-0.06,11.8,0.63,0.75,0.79,0.20,0.20,0.19,0.20,0.64,1.69,0.67,0.34,0.31,0.33,0.34,0.44,0.58,tick=119949 goal=0
1787896680.2,-2.47,-0.05,13.8,0.60,0.72,0.76,0.17,0.19,0.20,0.19,0.64,1.73,0.71,0.34,0.33,0.30,0.37,0.43,0.58,tick=119970 goal=0
1787896680.4,-2.41,-0.03,10.5,0.58,0.70,0.79,0.17,0.19,0.19,0.22,0.65,1.74,0.59,0.35,0.33,0.31,0.37,0.45,0.55,tick=119991 goal=0
1787896680.6,-2.35,-0.02,12.3,0.57,0.67,0.81,0.17,0.19,0.23,0.22,0.65,1.77,0.59,0.35,0.32,0.32,0.38,0.45,0.53,tick=120012 goal=0
1787896680.8,-2.29,-0.01,9.9,0.53,0.64,0.82,0.71,0.18,0.20,0.23,0.67,2.55,0.59,0.36,0.32,0.31,0.38,0.48,0.49,tick=120033 goal=0
1787896681.0,-2.23,-0.00,6.1,0.52,0.61,0.83,0.69,0.18,0.21,0.23,0.67,2.54,0.63,0.38,0.35,0.32,0.37,0.53,0.49,tick=120054 goal=0
1787896681.4,-2.14,0.01,12.5,0.51,0.57,0.83,0.69,0.65,0.20,0.26,0.67,2.59,0.61,0.41,0.33,0.34,0.34,0.55,0.45,tick=120085 goal=0
1787896681.6,-2.08,0.02,11.0,0.47,0.54,0.81,0.70,0.66,0.18,0.26,0.72,2.59,0.61,0.40,0.34,0.35,0.33,0.56,0.43,tick=120106 goal=0
1787896681.9,-2.00,0.04,9.6,0.42,0.49,0.80,0.65,0.67,0.15,0.28,0.74,1.93,0.59,0.43,0.33,0.34,0.31,0.55,0.41,tick=120136 goal=0
1787896682.2,-1.99,0.04,6.7,0.43,0.47,0.78,0.65,0.66,0.17,0.28,0.72,1.93,0.58,0.42,0.35,0.36,0.33,0.53,0.40,tick=120139 goal=0
1787896685.2,-1.99,0.04,46.1,0.56,0.66,0.68,0.67,0.25,0.33,2.56,0.94,0.43,0.37,0.33,0.32,0.46,0.43,0.43,0.41,tick=120464 goal=0
1787896685.4,-1.95,0.09,46.5,0.54,0.65,0.69,0.65,0.20,0.31,2.59,0.98,0.47,0.39,0.36,0.33,0.50,0.39,0.39,0.40,tick=120487 goal=0
1787896685.6,-1.90,0.13,47.2,0.53,0.62,0.66,0.64,0.87,0.30,2.61,1.00,0.48,0.41,0.36,0.34,0.51,0.40,0.41,0.38,tick=120508 goal=0
1787896685.8,-1.86,0.18,47.4,0.50,0.63,0.64,0.64,0.84,0.29,2.62,1.04,0.52,0.41,0.39,0.35,0.52,0.40,0.39,0.35,tick=120529 goal=0
1787896686.0,-1.82,0.22,41.2,0.47,0.62,0.60,0.63,0.81,0.27,2.62,1.10,0.55,0.45,0.41,0.37,0.52,0.37,0.37,0.36,tick=120550 goal=0
1787896686.2,-1.77,0.26,46.3,0.44,0.60,0.57,0.62,0.81,1.36,1.51,1.27,0.57,0.45,0.42,0.39,0.51,0.35,0.35,0.33,tick=120572 goal=0
1787896686.6,-1.76,0.27,45.6,0.45,0.61,0.58,0.62,0.81,1.34,0.43,1.27,0.57,0.45,0.42,0.37,0.51,0.37,0.34,0.33,tick=120575 goal=0
1787896691.7,-1.76,0.27,152.7,1.19,0.38,1.57,0.59,0.47,0.42,0.37,0.53,0.34,0.35,0.33,0.46,0.65,0.58,0.34,0.76,tick=121119 goal=0
1787896691.9,-1.82,0.29,155.0,1.17,0.35,1.57,0.64,0.50,0.43,0.40,0.55,0.40,0.35,0.34,0.46,0.63,0.57,0.60,0.73,tick=121141 goal=0
1787896692.2,-1.87,0.33,148.3,1.14,0.33,1.87,0.65,0.52,0.42,0.42,0.56,0.41,0.39,0.36,0.47,0.63,0.57,0.57,0.73,tick=121162 goal=0
1787896692.6,-1.90,0.35,151.2,0.97,0.28,1.88,0.71,0.52,0.45,0.41,0.54,0.43,0.39,0.36,0.47,0.61,0.56,0.56,0.70,tick=121175 goal=0
1787896694.6,-1.91,0.35,133.7,0.74,1.23,0.33,1.51,0.61,0.53,0.45,0.43,0.58,0.41,0.39,0.41,0.48,0.59,0.58,0.58,tick=121410 goal=0
1787896694.8,-1.96,0.40,133.6,0.70,1.13,0.27,1.53,0.66,0.52,0.45,0.43,0.62,0.44,0.41,0.42,0.50,0.55,0.55,0.55,tick=121433 goal=0
1787896695.0,-1.99,0.44,132.9,0.71,1.14,0.27,1.57,0.68,0.54,0.46,0.43,0.60,0.45,0.42,0.41,0.48,0.54,0.54,0.56,tick=121454 goal=0
1787896695.4,-2.07,0.52,130.2,0.70,1.13,0.26,1.59,0.68,0.53,0.45,0.46,0.59,0.43,0.39,0.41,0.49,0.56,0.55,0.55,tick=121492 goal=0
1787896695.6,-2.11,0.57,128.6,0.69,1.13,0.26,1.81,0.72,0.55,0.46,0.45,0.59,0.43,0.43,0.41,0.48,0.54,0.55,0.56,tick=121513 goal=0
1787896695.9,-2.14,0.61,130.8,0.70,1.11,0.25,1.86,0.73,0.53,0.45,0.45,0.61,0.43,0.41,0.41,0.49,0.55,0.55,0.55,tick=121534 goal=0
1787896696.2,-2.19,0.68,128.2,0.68,1.12,0.24,1.86,0.73,0.55,0.46,0.44,0.59,0.46,0.41,0.41,0.49,0.55,0.56,0.54,tick=121556 goal=0
1787896696.4,-2.24,0.73,125.3,0.67,1.11,0.25,1.85,0.74,0.54,0.44,0.44,0.58,0.46,0.41,0.41,0.47,0.57,0.55,0.56,tick=121586 goal=0
1787896696.6,-2.28,0.78,127.3,0.66,0.91,0.11,1.87,0.74,0.55,0.46,0.47,0.57,0.45,0.41,0.39,0.47,0.55,0.55,0.55,tick=121608 goal=0
1787896696.8,-2.32,0.83,127.1,0.66,0.88,0.09,1.88,0.73,0.54,0.47,0.45,0.57,0.44,0.41,0.40,0.48,0.58,0.54,0.54,tick=121629 goal=0
1787896697.0,-2.36,0.88,130.0,0.67,0.88,0.09,1.88,0.75,0.56,0.47,0.46,0.57,0.43,0.44,0.40,0.48,0.56,0.54,0.54,tick=121650 goal=0
1787896697.2,-2.39,0.92,129.5,0.66,0.89,0.09,1.90,0.73,0.57,0.46,0.43,0.57,0.43,0.41,0.40,0.47,0.56,0.53,0.53,tick=121671 goal=0
1787896697.4,-2.43,0.97,126.5,0.65,0.88,0.11,1.92,0.74,0.54,0.46,0.45,0.56,0.44,0.42,0.39,0.47,0.58,0.54,0.55,tick=121692 goal=0
1787896697.6,-2.46,1.02,127.7,0.61,0.88,0.12,1.93,0.76,0.54,0.46,0.43,0.57,0.42,0.42,0.39,0.47,0.59,0.56,0.54,tick=121713 goal=0
1787896698.0,-2.52,1.10,129.7,0.64,0.89,0.10,1.91,0.77,0.52,0.43,0.46,0.57,0.46,0.41,0.40,0.47,0.57,0.53,0.55,tick=121747 goal=0
1787896698.2,-2.56,1.15,128.6,0.64,0.89,0.11,1.90,0.75,0.56,0.47,0.46,0.56,0.45,0.42,0.37,0.47,0.58,0.55,0.54,tick=121768 goal=0
1787896698.5,-2.60,1.21,130.1,0.66,0.89,0.10,1.89,0.73,0.54,0.45,0.45,0.60,0.45,0.42,0.39,0.50,0.56,0.54,0.56,tick=121796 goal=0
1787896698.8,-2.66,1.28,127.9,0.65,0.89,0.10,1.88,0.74,0.52,0.45,0.44,0.58,0.43,0.40,0.41,0.47,0.58,0.54,0.54,tick=121828 goal=0
1787896699.0,-2.70,1.33,129.4,0.64,0.89,0.09,1.91,0.74,0.53,0.44,0.45,0.57,0.43,0.42,0.39,0.46,0.57,0.56,0.54,tick=121849 goal=0
1787896699.2,-2.74,1.38,129.4,0.65,0.88,0.11,1.93,0.77,0.55,0.47,0.47,0.58,0.43,0.42,0.39,0.48,0.57,0.55,0.57,tick=121870 goal=0
1787896699.4,-2.78,1.42,129.1,0.63,0.89,0.08,1.91,0.76,0.53,0.46,0.45,0.56,0.44,0.43,0.40,0.46,0.59,0.54,0.54,tick=121891 goal=0
1787896699.6,-2.81,1.47,133.6,0.65,0.89,0.10,1.91,0.75,0.55,0.43,0.43,0.56,0.44,0.42,0.39,0.47,0.57,0.55,0.55,tick=121912 goal=0
1787896699.8,-2.85,1.52,131.7,0.64,0.89,0.12,1.90,0.75,0.55,0.45,0.45,0.56,0.46,0.41,0.38,0.47,0.56,0.55,0.54,tick=121933 goal=0
1787896700.1,-2.90,1.58,127.8,0.66,0.88,0.09,1.90,0.73,0.54,0.45,0.48,0.58,0.45,0.44,0.40,0.49,0.58,0.55,0.54,tick=121962 goal=0
1787896700.5,-2.96,1.65,128.3,0.66,0.90,0.11,1.89,0.75,0.53,0.47,0.45,0.58,0.43,0.44,0.40,0.46,0.56,0.55,0.56,tick=121983 goal=0
1787896700.8,-3.01,1.72,128.9,0.68,0.91,0.08,1.88,0.74,0.55,0.45,0.45,0.58,0.44,0.41,0.39,0.48,0.56,0.54,0.55,tick=122024 goal=0
1787896701.0,-3.05,1.77,132.0,0.68,0.91,0.10,1.89,0.73,0.54,0.45,0.43,0.58,0.45,0.43,0.41,0.50,0.55,0.55,0.54,tick=122045 goal=0
1787896701.2,-3.09,1.82,130.5,0.67,0.91,0.11,1.88,0.74,0.54,0.47,0.45,0.59,0.44,0.41,0.38,0.48,0.56,0.55,0.56,tick=122067 goal=0
1787896701.4,-3.13,1.86,124.9,0.67,0.91,0.11,1.88,0.73,0.54,0.44,0.46,0.59,0.43,0.41,0.40,0.48,0.58,0.56,0.54,tick=122088 goal=0
1787896701.7,-3.19,1.93,129.3,0.68,0.92,0.08,1.88,0.73,0.56,0.45,0.44,0.58,0.43,0.41,0.41,0.47,0.55,0.54,0.55,tick=122119 goal=0
1787896701.9,-3.23,1.98,125.0,0.65,0.90,0.11,1.90,0.75,0.56,0.46,0.47,0.56,0.43,0.42,0.39,0.47,0.57,0.57,0.55,tick=122140 goal=0
1787896702.1,-3.27,2.03,130.8,0.67,0.87,0.10,1.87,0.74,0.53,0.45,0.45,0.59,0.42,0.41,0.42,0.48,0.57,0.56,0.53,tick=122163 goal=0
1787896702.3,-3.31,2.07,129.1,0.66,0.90,0.09,1.87,0.74,0.54,0.46,0.44,0.57,0.44,0.41,0.40,0.48,0.56,0.54,0.55,tick=122184 goal=0
1787896702.6,-3.35,2.12,128.0,0.67,0.93,0.09,1.88,0.72,0.54,0.46,0.47,0.59,0.43,0.42,0.40,0.47,0.56,0.55,0.55,tick=122205 goal=0
1787896702.8,-3.40,2.18,129.2,0.69,1.09,0.22,1.87,0.74,0.56,0.45,0.46,0.57,0.44,0.41,0.41,0.47,0.57,0.57,0.56,tick=122234 goal=0
1787896703.1,-3.44,2.23,126.1,0.68,1.11,0.26,1.85,0.72,0.55,0.47,0.45,0.60,0.42,0.40,0.39,0.48,0.57,0.56,0.55,tick=122255 goal=0
1787896703.3,-3.48,2.28,132.3,0.69,1.10,0.25,1.86,0.73,0.55,0.45,0.45,0.58,0.43,0.42,0.41,0.47,0.57,0.54,0.55,tick=122276 goal=0
1787896703.5,-3.51,2.33,131.3,0.67,1.10,0.25,1.86,0.71,0.53,0.45,0.46,0.58,0.43,0.38,0.41,0.48,0.56,0.55,0.57,tick=122297 goal=0
1787896703.7,-3.55,2.37,128.5,0.67,1.10,0.23,1.86,0.72,0.54,0.44,0.45,0.58,0.45,0.40,0.40,0.48,0.55,0.56,0.56,tick=122318 goal=0
1787896703.9,-3.59,2.42,127.8,0.67,0.94,0.08,1.88,0.75,0.55,0.44,0.45,0.59,0.42,0.42,0.41,0.48,0.56,0.55,0.54,tick=122339 goal=0
1787896704.1,-3.63,2.46,131.8,0.67,0.91,0.10,1.86,0.74,0.54,0.44,0.45,0.57,0.43,0.41,0.40,0.47,0.56,0.57,0.57,tick=122360 goal=0
1787896704.3,-3.67,2.51,128.9,0.67,0.91,0.09,1.89,0.73,0.55,0.46,0.45,0.58,0.45,0.42,0.39,0.48,0.58,0.55,0.56,tick=122382 goal=0
1787896704.5,-3.71,2.56,128.8,0.68,0.93,0.25,1.87,0.74,0.56,0.47,0.44,0.60,0.44,0.42,0.40,0.49,0.55,0.53,0.56,tick=122403 goal=0
1787896705.1,-3.76,2.63,131.9,0.69,1.11,0.27,1.87,0.72,0.56,0.47,0.45,0.59,0.42,0.40,0.40,0.47,0.56,0.54,0.56,tick=122432 goal=0
1787896709.4,-3.75,2.63,213.5,0.99,0.55,0.47,0.45,0.51,0.44,0.44,0.40,0.48,0.65,0.55,0.56,0.56,0.87,2.33,2.65,tick=122883 goal=0
1787896709.6,-3.81,2.60,209.9,0.97,0.54,0.44,0.45,0.46,0.46,0.42,0.40,0.50,0.66,0.54,0.55,0.57,0.87,0.21,2.62,tick=122906 goal=0
1787896709.8,-3.86,2.57,209.5,0.98,0.52,0.46,0.45,0.43,0.48,0.42,0.39,0.50,0.68,0.54,0.58,0.57,0.88,0.21,2.59,tick=122927 goal=0
1787896710.1,-3.94,2.52,212.7,0.95,0.53,0.46,0.42,0.42,0.53,0.44,0.40,0.52,0.71,0.57,0.60,0.60,0.89,0.25,2.59,tick=122958 goal=0
1787896710.3,-3.99,2.49,211.8,0.96,0.52,0.43,0.42,0.41,0.53,0.44,0.43,0.51,0.71,0.58,0.58,0.62,0.12,0.27,2.58,tick=122979 goal=0
1787896710.5,-4.04,2.46,208.4,0.94,0.50,0.43,0.41,0.40,0.56,0.44,0.45,0.53,0.75,0.62,0.59,0.65,0.16,0.26,2.54,tick=123000 goal=0
1787896710.7,-4.09,2.43,209.5,0.92,0.47,0.42,0.39,0.42,0.61,0.46,0.45,0.55,0.79,0.61,0.62,0.08,0.18,0.25,2.52,tick=123021 goal=0
1787896710.9,-4.14,2.40,207.3,0.91,0.45,0.43,0.38,0.41,0.60,0.46,0.47,0.59,0.79,0.62,0.62,0.13,0.19,0.23,2.50,tick=123043 goal=0
1787896711.2,-4.20,2.37,208.9,0.89,0.45,0.39,0.37,0.41,0.57,0.48,0.51,0.60,0.79,0.65,0.10,0.14,0.19,0.24,2.48,tick=123064 goal=0
1787896711.5,-4.28,2.32,206.9,0.85,0.42,0.38,0.37,0.40,0.46,0.51,0.55,0.61,0.82,0.66,0.12,0.17,0.18,0.23,2.45,tick=123096 goal=0
1787896711.7,-4.33,2.29,206.8,0.84,0.40,0.38,0.34,0.39,0.44,0.54,0.55,0.64,0.84,0.12,0.16,0.16,0.20,0.25,2.45,tick=123117 goal=0
1787896711.9,-4.38,2.26,209.3,0.80,0.40,0.36,0.33,0.38,0.44,0.56,0.59,0.68,0.83,0.17,0.15,0.17,0.18,0.47,2.41,tick=123138 goal=0
1787896712.1,-4.44,2.24,210.2,0.78,0.38,0.35,0.33,0.38,0.44,0.56,0.62,0.70,0.83,0.15,0.18,0.18,0.19,0.60,2.43,tick=123159 goal=0
1787896712.3,-4.49,2.21,208.3,0.76,0.38,0.34,0.31,0.35,0.43,0.61,0.59,0.71,0.87,0.17,0.21,0.17,0.18,0.58,2.40,tick=123180 goal=0
1787896712.6,-4.57,2.16,209.5,0.72,0.32,0.31,0.31,0.33,0.45,0.64,0.65,0.74,0.86,0.23,0.19,0.17,0.21,0.57,2.40,tick=123211 goal=0
1787896712.9,-4.58,2.16,210.1,0.73,0.34,0.31,0.32,0.32,0.43,0.65,0.64,0.73,0.86,0.18,0.20,0.15,0.20,0.57,2.40,tick=123214 goal=0
1787896715.1,-4.58,2.16,192.7,1.62,0.67,0.31,0.32,0.30,0.35,0.44,0.60,0.66,0.75,0.21,0.20,0.20,0.20,0.24,0.98,tick=123455 goal=0
1787896715.3,-4.66,2.14,194.5,1.60,0.65,0.31,0.28,0.31,0.34,0.47,0.66,0.69,0.79,0.22,0.21,0.18,0.17,0.33,1.15,tick=123484 goal=0
1787896715.6,-4.72,2.13,192.0,1.60,0.63,0.30,0.28,0.30,0.33,0.47,0.65,0.70,0.79,0.24,0.22,0.15,0.16,0.33,1.14,tick=123505 goal=0
1787896715.8,-4.78,2.12,188.9,1.55,0.60,0.29,0.26,0.29,0.33,0.47,0.71,0.73,0.82,0.23,0.20,0.15,0.18,0.35,1.10,tick=123526 goal=0
1787896716.2,-4.87,2.10,191.9,1.56,0.61,0.30,0.24,0.28,0.35,0.48,0.71,0.76,0.85,0.26,0.20,0.17,0.17,0.34,1.08,tick=123547 goal=0
1787896716.4,-4.96,2.08,191.8,1.52,0.60,0.31,0.24,0.25,0.35,0.50,0.74,0.79,0.88,0.27,0.17,0.16,0.22,0.42,1.06,tick=123588 goal=0
1787896716.6,-5.02,2.07,191.7,1.50,0.57,0.33,0.24,0.26,0.35,0.49,0.78,0.80,0.93,0.28,0.17,0.16,0.25,0.42,1.04,tick=123609 goal=0
1787896716.8,-5.08,2.05,191.3,1.47,0.56,0.30,0.22,0.24,0.36,0.50,0.81,0.84,0.94,0.27,0.18,0.17,0.26,0.41,1.03,tick=123630 goal=0
1787896717.0,-5.13,2.04,188.2,1.45,0.55,0.30,0.23,0.21,0.34,0.44,0.86,0.81,0.41,0.25,0.17,0.20,0.24,0.41,1.02,tick=123651 goal=0
1787896717.2,-5.20,2.03,193.7,1.44,0.51,0.28,0.22,0.23,0.32,0.43,0.87,0.86,0.41,0.24,0.17,0.23,0.27,0.41,1.01,tick=123671 goal=0
1787896717.4,-5.26,2.02,194.5,1.40,0.52,0.30,0.24,0.21,0.28,0.45,0.90,0.89,0.42,0.23,0.19,0.23,0.26,0.36,0.98,tick=123693 goal=0
1787896717.7,-5.32,2.00,190.7,1.38,0.49,0.32,0.24,0.23,0.26,0.44,0.94,0.92,0.44,0.21,0.20,0.23,0.29,0.36,0.98,tick=123715 goal=0
1787896717.9,-5.37,1.99,192.0,1.35,0.48,0.34,0.23,0.22,0.26,0.45,0.94,0.94,0.46,0.21,0.20,0.23,0.32,0.34,0.97,tick=123736 goal=0
1787896718.1,-5.43,1.98,196.1,1.35,0.46,0.34,0.22,0.23,0.24,0.44,0.96,0.96,0.46,0.22,0.22,0.23,0.33,0.35,1.13,tick=123757 goal=0
1787896718.3,-5.49,1.97,190.5,1.35,0.44,0.36,0.23,0.20,0.23,0.44,1.00,0.96,0.47,0.24,0.23,0.24,0.32,0.34,1.09,tick=123778 goal=0
1787896718.5,-5.55,1.95,191.5,1.33,0.46,0.36,0.23,0.23,0.20,0.44,0.80,1.01,0.48,0.24,0.24,0.25,0.31,0.50,1.10,tick=123799 goal=0
1787896718.7,-5.61,1.94,191.5,1.30,0.43,0.35,0.21,0.23,0.23,0.42,0.78,1.00,0.50,0.26,0.24,0.27,0.30,0.49,1.22,tick=123820 goal=0
1787896718.9,-5.67,1.93,191.6,1.27,0.44,0.35,0.24,0.23,0.24,0.38,0.80,1.04,0.52,0.28,0.24,0.29,0.29,0.49,1.24,tick=123841 goal=0
1787896719.1,-5.73,1.92,193.7,1.26,0.48,0.35,0.24,0.22,0.24,0.33,0.78,1.07,0.53,0.29,0.25,0.29,0.26,0.50,1.21,tick=123862 goal=0
1787896719.3,-5.79,1.91,192.4,1.29,0.48,0.33,0.26,0.23,0.24,0.30,0.81,1.08,0.56,0.29,0.27,0.29,0.27,0.48,1.18,tick=123883 goal=0
1787896719.6,-5.87,1.89,192.7,1.28,0.50,0.33,0.27,0.23,0.23,0.30,0.82,1.10,0.54,0.30,0.28,0.28,0.27,0.48,1.14,tick=123912 goal=0
1787896719.8,-5.93,1.88,190.6,1.23,0.47,0.29,0.29,0.23,0.23,0.30,0.82,1.14,0.43,0.34,0.29,0.26,0.30,0.49,1.16,tick=123933 goal=0
1787896720.1,-5.99,1.87,189.8,1.19,0.48,0.28,0.29,0.21,0.23,0.32,0.84,1.13,0.41,0.32,0.29,0.25,0.39,0.51,1.13,tick=123954 goal=0
1787896720.3,-6.05,1.86,187.1,1.15,0.46,0.28,0.29,0.24,0.22,0.30,0.87,1.19,0.41,0.32,0.31,0.25,0.39,0.50,1.45,tick=123975 goal=0
1787896720.5,-6.11,1.84,192.9,1.13,0.43,0.26,0.29,0.24,0.22,0.30,0.86,1.19,0.43,0.33,0.31,0.25,0.39,0.48,1.47,tick=123998 goal=0
1787896720.8,-6.18,1.83,191.1,1.10,0.44,0.24,0.26,0.26,0.25,0.30,0.88,1.23,0.43,0.33,0.30,0.27,0.38,0.50,1.47,tick=124019 goal=0
1787896721.0,-6.26,1.81,190.3,1.07,0.40,0.25,0.21,0.27,0.25,0.31,0.90,1.25,0.44,0.36,0.29,0.29,0.37,0.60,1.44,tick=124050 goal=0
1787896721.2,-6.32,1.80,192.9,1.03,0.41,0.23,0.23,0.24,0.26,0.30,0.90,1.28,0.48,0.38,0.26,0.31,0.36,0.59,1.45,tick=124071 goal=0
1787896721.4,-6.38,1.79,193.7,1.02,0.37,0.24,0.20,0.26,0.27,0.29,0.80,1.30,0.47,0.38,0.28,0.35,0.37,0.61,1.46,tick=124092 goal=0
1787896721.6,-6.44,1.77,190.1,0.97,0.36,0.25,0.19,0.23,0.28,0.29,0.82,1.32,0.49,0.40,0.26,0.37,0.37,0.58,1.44,tick=124113 goal=0
1787896721.9,-6.49,1.76,191.3,0.99,0.34,0.26,0.19,0.22,0.28,0.31,0.81,1.34,0.48,0.40,0.30,0.35,0.40,0.57,1.42,tick=124134 goal=0
1787896722.2,-6.51,1.76,188.8,0.97,0.33,0.24,0.18,0.20,0.27,0.30,0.82,1.33,0.52,0.41,0.28,0.35,0.39,0.55,1.43,tick=124138 goal=0
1787896723.4,-6.51,1.76,180.8,1.64,0.56,0.30,0.20,0.18,0.26,0.30,0.40,1.27,0.82,0.43,0.31,0.35,0.34,0.51,0.79,tick=124288 goal=0
1787896723.6,-6.58,1.76,184.2,1.62,0.55,0.31,0.22,0.19,0.26,0.31,0.42,1.32,0.85,0.43,0.28,0.34,0.33,0.52,0.89,tick=124310 goal=0
1787896723.9,-6.67,1.76,181.2,1.59,0.53,0.28,0.22,0.19,0.21,0.34,0.42,1.33,0.84,0.46,0.31,0.36,0.35,0.53,0.86,tick=124342 goal=0
1787896724.1,-6.73,1.76,180.8,1.54,0.53,0.26,0.23,0.17,0.22,0.31,0.43,1.37,0.66,0.46,0.31,0.34,0.35,0.50,0.85,tick=124363 goal=0
1787896724.3,-6.79,1.75,177.8,1.54,0.52,0.27,0.23,0.18,0.20,0.34,0.42,1.37,0.66,0.47,0.33,0.33,0.35,0.50,0.84,tick=124384 goal=0
1787896724.6,-6.85,1.75,182.1,1.51,0.49,0.25,0.21,0.19,0.19,0.34,0.45,1.39,0.64,0.44,0.37,0.34,0.33,0.48,0.84,tick=124405 goal=0
1787896724.9,-6.91,1.75,183.5,1.50,0.48,0.26,0.23,0.21,0.21,0.31,0.44,1.43,0.66,0.40,0.38,0.31,0.33,0.47,0.82,tick=124426 goal=0
1787896725.1,-7.00,1.75,182.9,1.49,0.48,0.34,0.23,0.23,0.21,0.32,0.49,1.47,0.67,0.38,0.40,0.35,0.35,0.44,0.82,tick=124457 goal=0
1787896725.3,-7.06,1.74,182.4,1.45,0.48,0.35,0.20,0.21,0.20,0.32,0.47,1.47,0.69,0.37,0.40,0.32,0.39,0.42,0.83,tick=124478 goal=0
1787896725.5,-7.12,1.74,182.4,1.43,0.52,0.35,0.20,0.21,0.20,0.26,0.51,1.52,0.71,0.39,0.37,0.34,0.38,0.41,0.96,tick=124499 goal=0
1787896725.7,-7.18,1.74,181.7,1.42,0.59,0.35,0.19,0.21,0.22,0.26,0.51,1.52,0.74,0.41,0.34,0.32,0.42,0.41,0.95,tick=124520 goal=0
1787896725.9,-7.24,1.74,182.3,1.40,0.62,0.35,0.19,0.19,0.25,0.27,0.53,1.54,0.75,0.43,0.36,0.33,0.38,0.40,0.91,tick=124542 goal=0
1787896726.1,-7.30,1.73,180.6,1.37,0.58,0.32,0.22,0.19,0.24,0.27,0.53,1.57,0.75,0.43,0.36,0.32,0.40,0.40,0.92,tick=124563 goal=0
1787896726.5,-7.42,1.72,182.2,1.32,0.56,0.31,0.24,0.17,0.20,0.28,0.57,1.62,0.77,0.47,0.35,0.32,0.34,0.43,0.98,tick=124604 goal=0
1787896726.8,-7.48,1.72,181.4,1.31,0.55,0.28,0.27,0.19,0.21,0.29,0.58,1.64,0.77,0.49,0.36,0.35,0.36,0.43,0.97,tick=124625 goal=0
1787896727.0,-7.55,1.73,183.3,1.27,0.55,0.28,0.27,0.20,0.19,0.30,0.59,1.64,0.77,0.48,0.36,0.35,0.34,0.42,0.94,tick=124647 goal=0
1787896727.2,-7.60,1.72,177.5,1.26,0.55,0.26,0.26,0.22,0.18,0.30,0.61,1.67,0.78,0.52,0.34,0.37,0.30,0.42,0.95,tick=124668 goal=0
1787896727.4,-7.67,1.72,181.3,1.24,0.54,0.25,0.24,0.24,0.20,0.31,0.61,1.70,0.80,0.54,0.34,0.35,0.30,0.43,0.94,tick=124689 goal=0
1787896727.6,-7.72,1.72,180.2,1.23,0.51,0.27,0.24,0.26,0.21,0.28,0.60,1.71,0.81,0.52,0.35,0.35,0.31,0.42,0.92,tick=124710 goal=0
1787896727.8,-7.79,1.72,178.0,1.18,0.50,0.29,0.21,0.25,0.23,0.26,0.46,1.74,0.81,0.45,0.34,0.35,0.30,0.43,0.91,tick=124731 goal=0
1787896728.0,-7.85,1.71,180.6,1.17,0.48,0.30,0.19,0.25,0.24,0.25,0.48,1.76,0.85,0.46,0.36,0.32,0.30,0.46,0.92,tick=124752 goal=0
1787896728.3,-7.93,1.72,182.0,1.15,0.47,0.32,0.22,0.22,0.28,0.25,0.45,1.78,0.85,0.47,0.39,0.29,0.31,0.47,0.87,tick=124783 goal=0
1787896728.6,-7.99,1.72,181.4,1.09,0.44,0.33,0.18,0.22,0.26,0.26,0.48,1.81,0.86,0.45,0.41,0.27,0.34,0.48,0.86,tick=124804 goal=0
1787896728.8,-8.05,1.71,178.6,1.09,0.45,0.34,0.19,0.18,0.26,0.28,0.49,1.84,0.72,0.47,0.40,0.27,0.33,0.46,0.86,tick=124825 goal=0
1787896729.0,-8.11,1.71,180.2,1.09,0.44,0.36,0.23,0.19,0.26,0.30,0.49,1.85,0.72,0.46,0.40,0.29,0.32,0.46,0.85,tick=124846 goal=0
1787896729.2,-8.17,1.72,176.9,1.05,0.43,0.34,0.22,0.17,0.26,0.29,0.51,1.89,0.72,0.43,0.40,0.29,0.32,0.44,0.82,tick=124867 goal=0
1787896729.4,-8.24,1.72,179.3,1.03,0.43,0.33,0.22,0.19,0.21,0.30,0.53,1.91,0.73,0.44,0.36,0.28,0.32,0.44,0.81,tick=124888 goal=0
1787896729.7,-8.30,1.72,184.4,1.01,0.42,0.33,0.24,0.19,0.21,0.34,0.54,1.93,0.74,0.45,0.33,0.31,0.33,0.41,0.80,tick=124909 goal=0
1787896729.9,-8.38,1.71,180.6,0.99,0.52,0.31,0.25,0.19,0.21,0.34,0.57,1.95,0.76,0.47,0.29,0.30,0.36,0.42,0.80,tick=124940 goal=0
1787896730.1,-8.44,1.71,174.2,0.96,1.08,0.31,0.28,0.20,0.19,0.34,0.57,1.97,0.76,0.47,0.31,0.29,0.36,0.49,0.77,tick=124961 goal=0
1787896730.3,-8.51,1.71,179.6,0.94,1.07,0.28,0.27,0.20,0.21,0.35,0.45,2.00,0.80,0.48,0.30,0.31,0.37,0.48,0.78,tick=124983 goal=0
1787896730.5,-8.57,1.71,180.4,0.92,1.04,0.26,0.27,0.21,0.23,0.33,0.45,2.01,0.81,0.50,0.31,0.31,0.34,0.49,0.75,tick=125004 goal=0
1787896730.8,-8.63,1.71,180.9,0.88,1.03,0.26,0.26,0.23,0.23,0.25,0.45,2.04,0.84,0.50,0.32,0.32,0.35,0.49,0.75,tick=125025 goal=0
1787896731.0,-8.69,1.71,181.5,0.87,1.00,0.25,0.23,0.23,0.22,0.27,0.48,2.07,0.87,0.54,0.32,0.32,0.36,0.48,0.83,tick=125046 goal=0
1787896731.4,-8.80,1.71,178.5,0.84,1.00,0.25,0.23,0.27,0.24,0.28,0.49,2.08,0.88,0.53,0.32,0.34,0.33,0.49,0.85,tick=125077 goal=0
1787896731.6,-8.87,1.70,174.9,0.83,0.97,0.23,0.18,0.24,0.27,0.27,0.51,2.12,0.92,0.39,0.32,0.34,0.31,0.49,0.85,tick=125109 goal=0
1787896731.9,-8.93,1.70,180.2,0.77,0.92,0.23,0.22,0.22,0.28,0.28,0.54,2.17,0.95,0.39,0.32,0.33,0.32,0.49,0.81,tick=125131 goal=0
1787896732.1,-9.02,1.70,177.2,0.76,0.91,0.26,0.18,0.21,0.25,0.28,0.56,2.19,0.96,0.41,0.33,0.32,0.36,0.48,0.81,tick=125162 goal=0
1787896732.3,-9.08,1.70,175.9,0.73,0.88,0.27,0.18,0.21,0.25,0.31,0.58,2.22,0.96,0.40,0.35,0.33,0.38,0.50,0.78,tick=125183 goal=0
1787896732.5,-9.14,1.71,182.1,0.71,0.86,0.27,0.17,0.19,0.27,0.30,0.58,2.22,0.98,0.43,0.36,0.30,0.38,0.50,0.75,tick=125204 goal=0
1787896732.8,-9.20,1.71,180.8,0.69,0.83,0.31,0.17,0.17,0.24,0.32,0.59,2.27,0.88,0.43,0.35,0.30,0.37,0.48,0.74,tick=125225 goal=0
1787896733.1,-9.29,1.71,180.2,0.66,0.82,0.99,0.19,0.17,0.23,0.33,0.62,2.27,0.90,0.43,0.37,0.30,0.36,0.47,0.73,tick=125246 goal=0
1787896733.3,-9.35,1.70,179.1,0.63,0.78,0.96,0.19,0.14,0.21,0.33,0.63,2.29,0.81,0.42,0.34,0.33,0.36,0.45,0.69,tick=125277 goal=0
1787896733.8,-9.42,1.70,183.4,0.61,0.74,0.94,0.21,0.15,0.18,0.34,0.50,2.30,0.83,0.42,0.34,0.33,0.37,0.45,0.69,tick=125298 goal=0
1787896735.9,-9.42,1.70,196.8,0.71,0.81,0.25,0.16,0.16,0.32,0.43,1.44,1.10,0.47,0.38,0.32,0.35,0.45,0.68,0.62,tick=125523 goal=0
1787896736.1,-9.51,1.68,196.8,0.66,0.73,0.23,0.16,0.18,0.25,0.41,1.32,1.15,0.48,0.38,0.35,0.37,0.41,0.66,0.58,tick=125556 goal=0
1787896736.3,-9.57,1.66,190.7,0.64,0.74,1.37,0.17,0.17,0.19,0.42,1.33,1.19,0.52,0.38,0.35,0.38,0.42,0.66,0.58,tick=125578 goal=0
1787896736.6,-9.66,1.64,196.3,0.61,0.67,1.35,0.19,0.15,0.17,0.42,1.04,1.43,0.54,0.38,0.37,0.38,0.42,0.59,0.52,tick=125609 goal=0
1787896736.8,-9.71,1.62,193.3,0.59,0.68,1.33,0.19,0.18,0.17,0.39,1.04,1.46,0.55,0.38,0.40,0.40,0.43,0.59,0.52,tick=125630 goal=0
1787896737.0,-9.77,1.60,191.5,0.55,0.66,1.31,0.31,0.17,0.17,0.42,1.04,1.46,0.56,0.39,0.38,0.40,0.42,0.60,0.49,tick=125651 goal=0
1787896737.2,-9.83,1.58,194.9,0.54,0.64,1.29,1.18,0.18,0.18,0.26,0.87,1.49,0.56,0.39,0.38,0.40,0.41,0.56,0.48,tick=125672 goal=0
1787896737.4,-9.89,1.57,192.9,0.53,0.59,1.27,1.15,0.17,0.16,0.24,0.87,1.33,0.58,0.41,0.39,0.37,0.43,0.55,0.46,tick=125693 goal=0
1787896737.7,-9.95,1.56,192.5,0.52,0.59,1.27,1.15,0.17,0.21,0.22,0.91,1.34,0.60,0.41,0.41,0.39,0.43,0.54,0.44,tick=125714 goal=0
1787896737.9,-10.00,1.54,195.5,0.52,0.57,1.25,1.18,0.17,0.18,0.22,0.90,1.55,0.58,0.44,0.41,0.38,0.43,0.52,0.40,tick=125735 goal=0
1787896738.1,-10.06,1.53,196.6,0.46,0.57,1.24,1.18,0.27,0.19,0.21,0.92,1.59,0.61,0.45,0.40,0.40,0.46,0.49,0.39,tick=125756 goal=0
1787896738.3,-10.12,1.51,196.6,0.43,0.53,0.76,1.16,0.35,0.16,0.23,0.92,1.61,0.62,0.49,0.40,0.39,0.48,0.46,0.37,tick=125777 goal=0
1787896738.6,-10.14,1.51,190.5,0.43,0.55,0.76,1.17,0.56,0.18,0.23,0.90,1.63,0.63,0.47,0.42,0.38,0.48,0.47,0.35,tick=125781 goal=0
1787896742.6,-10.14,1.52,261.3,1.16,0.56,0.18,0.21,0.75,1.74,0.65,0.47,0.42,0.39,0.47,0.47,0.36,0.45,0.55,0.72,tick=126211 goal=0
1787896742.8,-10.15,1.45,257.7,1.16,1.12,0.20,0.20,0.75,1.78,0.69,0.50,0.46,0.40,0.50,0.46,0.34,0.43,0.52,0.72,tick=126233 goal=0
1787896743.1,-10.16,1.38,258.7,1.11,1.11,0.19,0.18,0.29,1.84,0.73,0.52,0.46,0.41,0.53,0.45,0.38,0.43,0.48,0.71,tick=126260 goal=0
1787896743.3,-10.18,1.32,262.0,1.12,1.08,0.20,0.14,0.23,2.65,0.77,0.54,0.49,0.45,0.56,0.44,0.35,0.43,0.49,0.69,tick=126281 goal=0
1787896743.5,-10.19,1.26,258.6,1.08,1.08,0.17,0.14,0.20,2.64,0.81,0.55,0.49,0.46,0.57,0.43,0.38,0.41,0.46,1.25,tick=126302 goal=0
1787896743.7,-10.20,1.20,262.7,1.06,1.04,0.18,0.15,0.12,2.66,0.83,0.56,0.53,0.48,0.58,0.41,0.37,0.41,0.43,1.23,tick=126323 goal=0
1787896743.9,-10.21,1.14,258.3,1.03,1.02,0.20,0.15,0.12,2.66,0.87,0.59,0.56,0.49,0.58,0.42,0.38,0.40,0.44,1.21,tick=126344 goal=0
1787896744.3,-10.23,1.08,258.0,0.97,1.00,0.20,0.14,0.14,0.25,0.90,0.61,0.58,0.52,0.60,0.40,0.41,0.41,0.43,1.20,tick=126365 goal=0
1787896744.6,-10.26,0.97,259.3,0.96,0.98,0.33,0.14,0.14,0.16,1.14,0.69,0.61,0.56,0.62,0.40,0.38,0.41,0.39,1.17,tick=126404 goal=0
1787896744.8,-10.27,0.92,259.3,0.95,0.96,0.36,0.16,0.14,0.15,1.18,0.74,0.63,0.58,0.64,0.38,0.40,0.41,0.37,1.19,tick=126425 goal=0
1787896745.0,-10.28,0.86,255.7,0.91,0.91,0.36,0.17,0.15,0.14,1.24,0.79,0.67,0.60,0.64,0.42,0.41,0.41,0.35,1.14,tick=126446 goal=0
1787896745.2,-10.30,0.80,254.3,0.88,0.91,0.36,0.18,0.15,0.16,0.19,0.82,0.69,0.62,0.64,0.42,0.39,0.39,0.37,1.13,tick=126467 goal=0
1787896745.4,-10.32,0.74,255.3,0.86,0.86,0.36,0.22,0.15,0.15,0.18,0.86,0.70,0.63,0.66,0.41,0.39,0.36,0.35,1.09,tick=126488 goal=0
1787896745.6,-10.33,0.68,256.7,0.86,0.84,0.94,0.26,0.15,0.15,0.20,0.86,0.74,0.66,0.64,0.43,0.38,0.34,0.37,1.08,tick=126509 goal=0
1787896745.8,-10.35,0.63,252.2,0.84,0.82,0.90,0.27,0.17,0.14,0.19,0.90,0.73,0.67,0.65,0.41,0.38,0.34,0.36,1.05,tick=126530 goal=0
1787896746.0,-10.37,0.57,251.9,0.81,0.79,0.87,0.28,0.19,0.17,0.20,0.91,0.76,0.69,0.65,0.43,0.39,0.31,0.36,1.00,tick=126551 goal=0
1787896746.2,-10.38,0.51,253.8,0.78,0.78,0.84,0.28,0.21,0.14,0.19,0.92,0.79,0.71,0.61,0.43,0.38,0.29,0.39,0.96,tick=126572 goal=0
1787896746.4,-10.40,0.45,261.3,0.78,0.75,0.82,0.26,0.24,0.18,0.19,0.97,0.80,0.75,0.53,0.41,0.37,0.27,0.36,0.85,tick=126592 goal=0
1787896746.6,-10.41,0.40,255.4,0.75,0.71,0.81,0.27,0.22,0.19,0.20,0.99,0.84,0.77,0.53,0.43,0.34,0.26,0.36,0.82,tick=126613 goal=0
1787896746.8,-10.42,0.34,254.1,0.72,0.70,0.78,0.27,0.22,0.20,0.22,0.34,0.86,0.79,0.53,0.40,0.32,0.28,0.33,0.79,tick=126634 goal=0
1787896747.1,-10.43,0.28,255.9,0.71,0.70,0.76,1.11,0.27,0.20,0.22,0.35,0.89,0.81,0.53,0.40,0.29,0.28,0.34,0.79,tick=126655 goal=0
1787896747.3,-10.45,0.22,255.6,0.69,0.65,0.74,1.05,0.24,0.23,0.25,0.34,0.90,0.84,0.53,0.40,0.26,0.26,0.34,0.77,tick=126677 goal=0
1787896747.5,-10.46,0.15,257.1,0.69,0.63,0.73,1.02,0.26,0.23,0.25,0.36,0.91,0.87,0.53,0.43,0.27,0.28,0.33,0.76,tick=126698 goal=0
1787896747.7,-10.48,0.10,254.5,0.64,0.62,0.73,1.03,0.25,0.26,0.27,0.37,0.92,0.90,0.55,0.42,0.25,0.29,0.89,0.70,tick=126719 goal=0
1787896747.9,-10.49,0.04,254.8,0.60,0.57,0.70,0.98,0.27,0.27,0.26,0.35,0.96,0.91,0.54,0.40,0.26,0.29,0.89,0.71,tick=126740 goal=0
1787896748.1,-10.51,-0.02,256.2,0.58,0.56,0.69,0.97,1.28,0.25,0.28,0.35,1.00,0.94,0.55,0.37,0.26,0.29,0.85,0.65,tick=126762 goal=0
1787896748.3,-10.53,-0.08,254.8,0.59,0.56,0.67,0.93,1.27,0.28,0.29,0.35,1.01,0.96,0.57,0.33,0.25,0.27,0.84,0.65,tick=126783 goal=0
1787896748.6,-10.54,-0.14,254.8,0.57,0.53,0.64,0.93,1.27,0.27,0.31,0.37,1.03,0.99,0.55,0.28,0.26,0.25,0.85,0.64,tick=126804 goal=0
1787896748.8,-10.56,-0.20,254.7,0.50,0.54,0.62,0.91,1.28,0.28,0.33,0.37,1.04,0.99,0.56,0.27,0.28,0.23,0.84,0.65,tick=126825 goal=0
1787896749.0,-10.57,-0.25,254.8,0.51,0.53,0.60,0.87,1.30,0.28,0.34,0.40,1.05,1.05,0.56,0.27,0.24,0.74,0.82,0.61,tick=126846 goal=0
1787896749.2,-10.58,-0.31,258.7,0.48,0.48,0.58,0.84,1.35,0.34,0.33,0.41,1.09,1.04,0.54,0.28,0.25,0.73,0.86,0.59,tick=126867 goal=0
1787896749.5,-10.61,-0.39,258.5,0.47,0.48,0.56,0.72,1.36,0.53,0.35,0.42,1.12,1.07,0.53,0.28,0.27,0.71,0.81,0.56,tick=126895 goal=0
1787896749.8,-10.63,-0.48,256.1,0.42,0.45,0.52,0.64,1.37,0.58,0.36,0.43,1.15,1.08,0.55,0.28,0.22,0.70,0.77,0.56,tick=126926 goal=0
1787896750.1,-10.63,-0.49,254.7,0.44,0.44,0.51,0.62,1.38,0.58,0.35,0.46,1.16,1.12,0.52,0.27,0.73,0.67,0.76,0.53,tick=126929 goal=0
1787896754.9,-10.63,-0.49,341.2,1.39,0.59,0.32,0.43,1.15,1.10,0.53,0.29,0.73,0.68,0.78,0.52,0.42,0.67,0.49,0.59,tick=127439 goal=0
1787896755.2,-10.55,-0.51,342.1,1.36,2.98,0.29,0.40,1.20,1.10,0.61,0.32,0.26,0.70,0.76,0.55,0.42,0.43,0.50,0.59,tick=127471 goal=0
1787896755.4,-10.48,-0.53,341.4,1.33,3.00,0.27,0.39,1.18,1.10,0.65,0.32,0.28,0.72,0.79,0.53,0.43,0.43,0.48,0.58,tick=127493 goal=0
1787896755.9,-10.35,-0.58,339.4,1.13,1.21,0.28,0.34,0.60,1.09,0.72,0.39,0.31,0.77,0.80,0.53,0.43,0.38,0.46,0.54,tick=127544 goal=0
1787896756.2,-10.27,-0.61,341.7,1.08,1.18,0.42,0.27,0.42,1.11,0.80,0.42,0.36,0.82,0.84,0.50,0.44,0.35,0.44,0.53,tick=127572 goal=0
1787896756.4,-10.22,-0.63,335.2,1.05,1.15,0.42,0.22,0.37,1.13,0.81,0.47,0.39,0.81,0.84,0.49,0.43,0.37,0.43,0.50,tick=127593 goal=0
1787896756.6,-10.16,-0.65,338.5,1.01,1.14,0.42,0.23,0.38,1.13,0.87,0.48,0.41,0.85,0.83,0.48,0.44,0.36,0.43,0.49,tick=127614 goal=0
1787896756.9,-10.10,-0.67,343.1,0.99,1.15,0.39,0.21,0.35,1.17,0.88,0.51,0.43,0.86,0.65,0.47,0.40,0.38,0.43,0.50,tick=127635 goal=0
1787896757.1,-10.04,-0.69,340.3,0.96,1.10,0.38,0.23,0.32,1.18,0.92,0.55,0.44,0.88,0.69,0.48,0.39,0.36,0.41,0.51,tick=127656 goal=0
1787896757.3,-9.99,-0.71,339.2,0.96,1.11,0.39,0.23,0.23,1.21,0.95,0.58,0.46,0.89,0.68,0.46,0.36,0.38,0.40,0.53,tick=127678 goal=0
1787896757.6,-9.90,-0.74,339.8,0.92,1.08,0.36,0.30,0.18,1.21,1.12,0.65,0.49,0.94,0.70,0.47,0.34,0.36,0.37,0.51,tick=127709 goal=0
1787896757.8,-9.85,-0.76,341.7,0.90,1.07,0.35,0.32,0.22,0.48,1.18,0.71,0.53,0.95,0.70,0.49,0.34,0.36,0.34,0.53,tick=127730 goal=0
1787896758.0,-9.79,-0.78,341.9,0.88,1.03,0.36,0.33,0.22,0.43,1.21,0.77,0.54,0.99,0.71,0.49,0.31,0.33,0.34,0.54,tick=127751 goal=0
1787896758.2,-9.73,-0.80,339.7,0.85,1.04,0.40,0.31,0.20,0.21,1.23,0.81,0.57,1.02,0.73,0.47,0.31,0.34,0.32,0.51,tick=127772 goal=0
1787896758.4,-9.68,-0.82,337.7,0.82,0.99,0.46,0.30,0.28,0.23,1.27,0.82,0.60,1.05,0.73,0.46,0.33,0.32,0.30,0.51,tick=127793 goal=0
1787896758.6,-9.62,-0.84,339.5,0.81,0.98,1.83,0.30,0.29,0.21,1.29,0.85,0.61,1.06,0.73,0.41,0.34,0.30,0.29,0.50,tick=127814 goal=0
1787896758.9,-9.56,-0.87,343.7,0.78,0.95,1.82,0.28,0.27,0.23,1.31,0.87,0.65,1.11,0.74,0.39,0.32,0.30,0.28,0.48,tick=127835 goal=0
1787896759.1,-9.51,-0.89,339.1,0.76,0.92,1.84,0.27,0.27,0.24,1.35,0.90,0.66,1.13,0.66,0.37,0.33,0.27,0.26,0.46,tick=127856 goal=0
1787896759.3,-9.45,-0.91,340.3,0.74,0.93,1.81,0.28,0.28,0.27,0.28,0.94,0.69,1.18,0.62,0.34,0.33,0.25,0.27,0.46,tick=127877 goal=0
1787896759.5,-9.40,-0.93,339.1,0.74,0.89,1.81,0.27,0.30,0.26,0.30,0.95,0.70,1.20,0.62,0.35,0.30,0.22,0.25,0.43,tick=127898 goal=0
1787896759.7,-9.34,-0.95,342.2,0.70,0.86,1.83,0.28,0.28,0.30,0.29,0.96,0.73,1.20,0.61,0.35,0.31,0.22,0.28,0.40,tick=127919 goal=0
1787896760.0,-9.27,-0.99,337.0,0.67,0.80,1.90,0.33,0.27,0.32,0.29,1.00,0.77,1.24,0.62,0.35,0.27,0.22,0.27,0.39,tick=127947 goal=0
1787896760.2,-9.21,-1.00,343.5,0.64,0.78,1.94,0.35,0.25,0.33,0.31,1.05,0.78,1.24,0.62,0.38,0.26,0.21,0.28,0.38,tick=127968 goal=0
1787896760.5,-9.13,-1.03,340.0,0.61,0.76,1.98,0.37,0.26,0.32,0.31,1.08,0.80,1.27,0.63,0.33,0.21,0.20,0.29,0.33,tick=127997 goal=0
1787896761.0,-9.09,-1.05,340.1,0.59,0.73,2.01,1.03,0.26,0.31,0.34,1.11,0.82,1.28,0.63,0.36,0.22,0.20,0.28,0.33,tick=128009 goal=0
1787896764.2,-9.10,-1.05,36.2,1.27,0.32,0.27,0.36,0.36,0.87,1.27,0.93,0.40,0.26,0.18,0.23,0.31,0.42,0.80,0.81,tick=128364 goal=0
1787896764.6,-9.08,-1.04,32.7,1.27,0.32,0.27,0.34,0.36,0.87,1.28,0.93,0.40,0.24,0.20,0.24,0.32,0.40,0.80,0.81,tick=128369 goal=0
1787896766.7,-9.08,-1.04,20.1,0.80,1.20,0.28,0.28,0.33,1.16,0.86,1.22,0.71,0.37,0.23,0.20,0.28,0.32,0.55,0.72,tick=128619 goal=0
1787896767.0,-9.01,-1.01,15.9,0.77,1.17,0.29,0.23,0.35,0.38,0.87,1.25,0.73,0.41,0.23,0.21,0.28,0.33,0.55,0.68,tick=128645 goal=0
1787896767.2,-8.95,-0.99,17.3,0.72,1.18,0.27,0.23,0.33,0.35,0.89,1.28,0.78,0.43,0.21,0.21,0.28,0.34,0.55,0.66,tick=128666 goal=0
1787896767.4,-8.89,-0.97,19.4,0.71,1.14,0.29,0.22,0.31,0.37,0.91,1.31,0.80,0.44,0.25,0.23,0.31,0.30,0.54,0.65,tick=128687 goal=0
1787896767.7,-8.81,-0.95,18.6,0.70,1.13,0.27,0.24,0.23,0.36,0.95,1.35,0.87,0.46,0.26,0.29,0.30,0.32,0.54,0.61,tick=128715 goal=0
1787896767.9,-8.76,-0.93,15.8,0.68,1.11,0.25,0.21,0.22,0.37,0.97,1.39,0.89,0.46,0.25,0.28,0.30,0.33,0.52,0.62,tick=128736 goal=0
1787896768.1,-8.70,-0.91,16.7,0.65,1.10,0.76,0.20,0.22,0.35,1.01,1.39,0.90,0.44,0.26,0.29,0.30,0.33,0.52,0.58,tick=128757 goal=0
1787896768.3,-8.64,-0.90,19.9,0.62,1.08,0.79,0.20,0.19,0.35,1.09,1.40,0.95,0.48,0.30,0.30,0.28,0.32,0.51,0.57,tick=128778 goal=0
1787896768.5,-8.58,-0.88,17.6,0.61,1.08,0.83,0.21,0.19,0.36,1.13,1.42,1.07,0.49,0.30,0.33,0.29,0.33,0.59,0.53,tick=128801 goal=0
1787896768.7,-8.52,-0.86,13.7,0.57,1.10,0.83,0.20,0.20,0.25,1.13,1.45,1.11,0.51,0.33,0.32,0.31,0.34,0.61,0.53,tick=128821 goal=0
1787896768.9,-8.46,-0.85,16.4,0.57,1.10,0.83,0.71,0.20,0.24,0.47,1.47,1.14,0.50,0.33,0.35,0.29,0.38,0.60,0.53,tick=128842 goal=0
1787896769.1,-8.41,-0.83,14.0,0.53,1.23,0.82,0.72,0.21,0.22,0.44,1.50,1.17,0.52,0.36,0.34,0.29,0.41,0.60,0.48,tick=128863 goal=0
1787896769.3,-8.35,-0.82,13.0,0.51,1.22,0.81,0.69,0.21,0.21,0.47,1.50,1.18,0.51,0.36,0.33,0.30,0.39,0.61,0.46,tick=128884 goal=0
1787896769.6,-8.29,-0.80,15.6,0.50,1.20,0.78,0.69,0.20,0.21,0.46,1.51,1.20,0.46,0.37,0.32,0.30,0.41,0.58,0.44,tick=128905 goal=0
1787896769.8,-8.23,-0.78,12.4,0.48,1.21,0.77,0.67,0.63,0.21,0.47,1.53,1.23,0.46,0.37,0.32,0.30,0.42,0.55,0.44,tick=128926 goal=0
1787896770.1,-8.17,-0.77,13.8,0.46,1.20,0.77,0.63,0.66,0.22,0.29,1.57,1.24,0.47,0.40,0.31,0.31,0.38,0.53,0.41,tick=128947 goal=0
1787896770.3,-8.10,-0.75,17.8,0.43,1.20,0.74,0.62,0.66,0.22,0.28,1.12,1.28,0.50,0.41,0.32,0.33,0.38,0.48,0.40,tick=128976 goal=0
1787896770.6,-8.08,-0.74,16.3,0.41,1.21,0.75,0.62,0.65,0.21,0.27,1.14,1.26,0.48,0.43,0.33,0.34,0.38,0.48,0.40,tick=128979 goal=0
1787896773.3,-8.08,-0.74,51.8,0.88,0.70,0.68,0.74,0.26,1.15,1.66,0.75,0.44,0.36,0.29,0.40,0.49,0.40,0.45,1.50,tick=129274 goal=0
1787896773.5,-8.04,-0.70,48.8,0.86,0.70,0.67,0.68,0.21,0.56,1.68,0.79,0.46,0.37,0.33,0.40,0.52,0.38,0.42,1.51,tick=129297 goal=0
1787896773.7,-8.00,-0.65,50.9,0.82,0.69,0.64,0.65,0.85,0.33,1.68,0.81,0.48,0.38,0.34,0.39,0.52,0.36,0.39,1.50,tick=129317 goal=0
1787896773.9,-7.96,-0.61,47.9,0.82,0.67,0.62,0.63,0.88,0.30,1.63,0.85,0.51,0.40,0.36,0.40,0.52,0.36,0.38,1.51,tick=129338 goal=0
1787896774.2,-7.90,-0.54,47.3,0.80,0.66,0.59,0.61,0.89,0.28,1.65,0.88,0.53,0.41,0.39,0.41,0.49,0.37,0.36,1.50,tick=129369 goal=0
1787896774.4,-7.86,-0.49,48.0,0.77,0.63,0.54,0.60,0.86,0.22,1.65,0.92,0.57,0.42,0.45,0.41,0.43,0.36,0.34,1.39,tick=129391 goal=0
1787896774.7,-7.81,-0.43,47.6,0.76,0.59,0.52,0.60,0.87,0.71,1.67,0.96,0.57,0.46,0.45,0.45,0.35,0.35,0.31,1.32,tick=129412 goal=0
1787896775.0,-7.75,-0.36,50.1,0.71,0.57,0.47,0.58,0.83,0.78,1.72,1.14,0.64,0.48,0.49,0.51,0.33,0.35,0.29,1.29,tick=129450 goal=0
1787896775.2,-7.71,-0.31,47.8,0.70,0.54,0.44,0.54,0.84,0.81,1.75,1.18,0.66,0.51,0.50,0.54,0.32,0.31,0.27,1.24,tick=129471 goal=0
1787896775.4,-7.67,-0.27,48.8,0.67,0.51,0.43,0.54,0.84,0.85,0.35,1.18,0.67,0.51,0.52,0.56,0.34,0.30,2.26,1.22,tick=129492 goal=0
1787896775.7,-7.62,-0.21,49.0,0.62,0.49,0.43,0.53,0.71,0.86,0.49,1.25,0.69,0.53,0.52,0.59,0.33,0.26,2.22,1.18,tick=129520 goal=0
1787896775.9,-7.57,-0.16,46.8,0.60,0.48,0.43,0.53,0.63,0.90,0.52,1.26,0.73,0.55,0.54,0.57,0.33,0.23,2.22,1.14,tick=129542 goal=0
1787896776.2,-7.53,-0.11,49.3,0.59,0.46,0.43,0.51,0.59,0.87,0.55,1.29,0.75,0.55,0.52,0.38,0.31,0.22,2.20,1.12,tick=129565 goal=0
1787896776.4,-7.50,-0.06,49.5,0.57,0.44,0.42,0.47,0.56,0.90,0.57,1.32,0.77,0.56,0.53,0.35,0.31,0.23,2.17,1.07,tick=129586 goal=0
1787896776.6,-7.46,-0.02,48.3,0.53,0.41,0.41,0.44,0.57,0.92,0.61,1.36,0.79,0.60,0.56,0.36,0.26,0.38,2.13,1.05,tick=129607 goal=0
1787896776.8,-7.41,0.03,50.6,0.51,0.40,0.38,0.39,0.54,0.92,0.85,1.37,0.81,0.62,0.57,0.35,0.22,0.39,2.12,1.02,tick=129628 goal=0
1787896777.1,-7.37,0.07,51.5,0.49,0.39,0.39,0.34,0.54,0.94,0.86,1.40,0.82,0.64,0.59,0.36,0.18,0.41,2.11,1.00,tick=129649 goal=0
1787896777.3,-7.31,0.14,49.7,0.47,0.36,0.38,0.32,0.52,0.96,0.88,1.46,0.86,0.66,0.64,0.36,0.24,0.42,2.07,0.93,tick=129680 goal=0
1787896777.5,-7.27,0.18,50.8,0.45,0.35,0.36,0.32,0.54,0.95,0.89,1.45,0.89,0.68,0.65,0.34,0.25,0.42,2.09,0.91,tick=129701 goal=0
1787896777.7,-7.23,0.23,48.6,0.42,0.34,0.34,0.31,0.48,0.97,0.88,1.48,0.91,0.70,0.67,0.21,0.32,0.45,2.04,0.90,tick=129722 goal=0
1787896778.1,-7.22,0.24,50.1,0.43,0.33,0.35,0.33,0.49,0.95,0.91,1.53,0.92,0.71,0.67,0.21,0.32,0.44,2.05,0.89,tick=129725 goal=0
1787896783.5,-7.22,0.23,155.8,0.86,0.89,0.49,0.93,0.70,0.64,0.36,0.29,0.41,2.08,0.96,0.42,0.37,0.33,0.34,0.46,tick=130283 goal=0
1787896783.7,-7.30,0.27,154.2,0.84,0.88,0.60,0.96,0.74,0.67,0.41,0.29,0.43,2.14,0.96,0.43,0.33,0.32,0.30,0.43,tick=130315 goal=0
1787896784.1,-7.41,0.32,153.4,0.79,0.88,0.60,1.05,0.76,0.68,0.45,0.29,0.47,2.16,0.98,0.44,0.31,0.31,0.26,0.42,tick=130355 goal=0
1787896784.3,-7.46,0.34,157.5,0.76,0.82,0.59,1.07,0.77,0.71,0.49,0.29,0.51,2.17,0.96,0.44,0.30,0.30,0.23,0.38,tick=130376 goal=0
1787896784.5,-7.52,0.37,155.9,0.77,0.84,0.60,1.09,0.81,0.73,0.49,0.31,0.52,2.20,0.98,0.41,0.31,0.28,0.23,0.38,tick=130398 goal=0
1787896784.7,-7.57,0.39,156.3,0.74,0.81,0.58,1.08,0.84,0.76,0.54,0.33,0.55,2.22,0.95,0.43,0.31,0.27,0.20,0.36,tick=130419 goal=0
1787896784.9,-7.63,0.42,157.0,0.70,0.78,0.59,1.13,0.85,0.76,0.56,0.34,0.57,2.22,0.94,0.39,0.28,0.25,0.21,0.35,tick=130440 goal=0
1787896785.1,-7.69,0.44,156.6,0.68,0.78,0.59,0.38,0.85,0.77,0.79,0.36,0.58,2.25,0.87,0.34,0.30,0.20,0.20,0.34,tick=130462 goal=0
1787896785.5,-7.70,0.45,156.0,0.67,0.78,0.59,0.38,0.87,0.74,0.81,0.37,0.59,2.28,0.60,0.35,0.29,0.20,0.22,0.35,tick=130467 goal=0
1787896787.6,-7.70,0.45,174.7,0.78,0.78,0.43,0.87,0.72,0.76,0.50,0.55,1.50,1.10,0.42,0.30,0.21,0.20,0.31,0.40,tick=130706 goal=0
1787896787.8,-7.77,0.46,173.7,0.77,0.73,0.48,0.85,0.74,0.76,0.53,0.56,1.51,1.13,0.43,0.30,0.20,0.21,0.29,0.38,tick=130729 goal=0
1787896788.2,-7.88,0.47,171.3,0.73,0.68,0.48,0.85,0.76,0.74,0.58,0.56,1.31,1.18,0.38,0.29,0.17,0.23,0.29,0.36,tick=130767 goal=0
1787896788.4,-7.94,0.48,174.1,0.69,0.69,0.49,0.32,0.77,0.78,0.60,0.53,1.28,1.24,0.39,0.29,0.18,0.24,0.26,0.33,tick=130788 goal=0
1787896788.9,-7.97,0.48,170.6,0.69,0.63,0.45,0.32,0.79,0.79,0.61,0.53,1.30,1.25,0.37,0.29,0.18,0.26,0.27,0.33,tick=130799 goal=0
1787896789.0,-7.97,0.49,166.6,0.69,0.64,0.47,0.33,0.79,0.77,0.61,0.52,1.29,1.25,0.38,0.27,0.18,0.23,0.27,0.33,tick=130848 goal=0
1787896789.3,-7.99,0.49,172.1,0.70,0.63,0.44,0.32,0.78,0.79,0.62,0.51,1.30,1.25,0.40,0.23,0.19,0.22,0.26,0.32,tick=130853 goal=0
1787896789.5,-8.03,0.50,168.9,0.68,0.64,0.44,0.33,0.80,0.80,0.61,0.52,1.31,1.22,0.38,0.21,0.20,0.23,0.27,0.33,tick=130892 goal=0
1787896790.1,-8.04,0.50,171.6,0.67,0.63,0.44,0.32,0.81,0.79,0.62,0.51,1.31,1.24,0.40,0.22,0.18,0.26,0.25,0.32,tick=130905 goal=0
1787896794.9,-8.04,0.50,256.5,0.85,0.79,0.66,0.46,1.23,2.40,0.41,0.24,0.20,0.24,0.25,0.30,0.65,0.62,0.45,0.35,tick=131436 goal=0
1787896795.1,-8.05,0.44,262.2,0.83,0.78,0.82,0.49,0.94,2.40,0.52,0.30,0.21,0.26,0.27,0.33,0.67,0.60,0.43,0.34,tick=131459 goal=0
1787896795.4,-8.05,0.43,254.8,0.81,0.79,0.80,0.50,0.91,2.42,0.50,0.31,0.22,0.25,0.27,0.33,0.68,0.60,0.42,0.33,tick=131462 goal=0
1787896795.5,-8.06,0.43,254.9,0.82,0.79,0.84,0.47,0.93,2.41,0.53,0.31,0.20,0.26,0.27,0.31,0.67,0.60,0.43,0.31,tick=131501 goal=0
1787896795.9,-8.06,0.41,251.9,0.80,0.75,0.83,0.51,0.92,2.39,0.55,0.31,0.20,0.26,0.29,0.35,0.66,0.59,0.43,0.31,tick=131506 goal=0
1787896796.0,-8.06,0.40,258.4,0.81,0.77,0.84,0.51,0.94,2.42,0.56,0.32,0.21,0.26,0.28,0.37,0.67,0.59,0.42,0.30,tick=131545 goal=0
1787896796.3,-8.07,0.39,257.9,0.80,0.77,0.81,0.52,0.93,2.42,0.58,0.36,0.25,0.28,0.29,0.37,0.67,0.62,0.42,0.29,tick=131550 goal=0
1787896796.4,-8.07,0.38,246.2,0.78,0.74,0.80,0.51,0.91,2.42,0.58,0.33,0.23,0.28,0.28,0.37,0.64,0.59,0.39,0.30,tick=131589 goal=0
1787896796.7,-8.07,0.36,254.9,0.80,0.73,0.81,0.52,0.77,2.41,0.58,0.37,0.23,0.30,0.29,0.39,0.67,0.61,0.41,0.28,tick=131593 goal=0
1787896796.8,-8.07,0.36,254.1,0.80,0.75,0.81,0.53,0.74,2.42,0.60,0.37,0.23,0.30,0.30,0.43,0.68,0.62,0.40,0.28,tick=131632 goal=0
1787896797.2,-8.08,0.34,254.2,0.79,0.72,0.83,0.55,0.75,2.42,0.62,0.38,0.24,0.30,0.30,0.45,0.67,0.61,0.40,0.26,tick=131637 goal=0
1787896801.4,-8.09,0.34,173.8,0.67,0.61,0.41,0.26,0.74,0.78,0.60,0.47,1.29,0.30,0.46,0.28,0.27,0.30,0.30,0.61,tick=132087 goal=0
1787896801.6,-8.16,0.35,171.2,0.63,0.62,0.38,0.24,0.73,0.76,0.77,0.50,1.31,1.49,0.46,0.27,0.28,0.29,0.31,0.57,tick=132110 goal=0
1787896801.8,-8.21,0.36,170.4,0.62,0.58,0.36,0.27,0.77,0.75,0.83,0.54,1.30,1.52,0.47,0.26,0.29,0.28,0.27,0.55,tick=132131 goal=0
1787896802.0,-8.27,0.37,169.6,0.60,0.54,0.35,0.31,0.78,0.73,0.83,0.59,1.30,1.56,0.48,0.27,0.29,0.27,0.27,0.54,tick=132152 goal=0
1787896802.3,-8.36,0.39,169.5,0.56,0.50,0.36,0.30,0.24,0.70,0.88,0.63,1.08,1.58,0.49,0.28,0.28,0.25,0.26,0.52,tick=132181 goal=0
1787896802.5,-8.42,0.40,170.6,0.55,0.48,0.32,0.30,0.25,0.73,0.88,0.69,1.09,1.59,0.48,0.29,0.28,0.24,0.26,0.51,tick=132202 goal=0
1787896802.7,-8.47,0.41,168.5,0.53,0.47,0.32,0.30,0.26,0.73,0.88,0.69,1.10,1.62,0.49,0.29,0.25,0.23,0.25,0.47,tick=132223 goal=0
1787896803.1,-8.55,0.42,170.3,0.51,0.46,0.32,0.32,0.27,0.74,0.89,0.72,1.18,1.43,0.49,0.30,0.26,0.21,0.28,0.46,tick=132243 goal=0
1787896803.4,-8.64,0.43,170.0,0.47,0.42,0.40,0.29,0.28,0.26,0.88,0.73,1.43,1.41,0.33,0.30,0.23,0.20,0.30,0.43,tick=132275 goal=0
1787896803.6,-8.71,0.45,168.8,0.46,0.38,0.41,0.25,0.29,0.26,0.87,0.78,1.46,1.43,0.36,0.30,0.22,0.19,0.32,0.43,tick=132306 goal=0
1787896803.8,-8.77,0.46,170.9,0.42,0.35,0.42,0.23,0.29,0.27,0.87,0.81,1.47,1.44,0.36,0.28,0.20,0.19,0.32,0.42,tick=132327 goal=0
1787896804.1,-8.78,0.46,168.2,0.42,0.36,0.40,0.25,0.27,0.27,0.89,0.81,1.47,1.43,0.35,0.28,0.21,0.22,0.32,0.42,tick=132331 goal=0
1787896810.1,-8.79,0.47,323.1,0.79,0.96,2.09,0.38,0.31,0.19,0.19,0.29,0.40,0.44,0.35,0.43,0.27,0.28,0.26,0.89,tick=132957 goal=0
1787896810.3,-8.74,0.43,322.0,0.77,0.94,2.64,0.36,0.33,0.25,0.20,0.30,0.42,0.44,0.39,0.43,0.25,0.28,0.24,0.87,tick=132980 goal=0
1787896810.5,-8.69,0.40,323.4,0.76,0.90,2.61,0.55,0.33,0.27,0.20,0.29,0.44,0.46,0.39,0.43,0.26,0.28,0.24,0.83,tick=133001 goal=0
1787896810.7,-8.64,0.36,324.1,0.71,0.88,2.59,0.57,0.32,0.25,0.24,0.29,0.46,0.49,0.41,0.38,0.25,0.27,0.23,0.81,tick=133022 goal=0
1787896810.9,-8.60,0.33,322.7,0.71,0.84,2.59,0.57,0.32,0.28,0.26,0.31,0.49,0.49,0.42,0.38,0.24,0.23,0.22,0.78,tick=133043 goal=0
1787896811.1,-8.55,0.29,324.3,0.71,0.82,2.57,0.56,0.34,0.30,0.25,0.31,0.51,0.49,0.45,0.30,0.26,0.22,0.21,0.78,tick=133064 goal=0
1787896811.4,-8.50,0.25,323.3,0.67,0.83,2.56,0.60,0.34,0.34,0.28,0.34,0.54,0.52,0.46,0.30,0.25,0.20,0.67,0.77,tick=133085 goal=0
1787896811.6,-8.45,0.22,326.9,0.65,0.81,2.53,0.57,0.33,0.34,0.30,0.33,0.54,0.53,0.49,0.28,0.26,0.16,0.66,0.78,tick=133106 goal=0
1787896811.8,-8.40,0.18,325.0,0.63,0.79,2.53,0.63,0.34,0.34,0.33,0.36,0.57,0.55,0.51,0.29,0.22,0.17,0.64,0.75,tick=133128 goal=0
1787896812.0,-8.35,0.15,321.0,0.60,0.72,2.52,0.69,0.34,0.36,0.32,0.35,0.61,0.56,0.53,0.28,0.20,0.70,0.62,0.75,tick=133149 goal=0
1787896812.2,-8.30,0.11,327.3,0.59,0.70,2.51,0.70,0.40,0.35,0.36,0.38,0.61,0.58,0.55,0.29,0.17,0.70,0.62,0.77,tick=133170 goal=0
1787896812.4,-8.25,0.08,320.0,0.58,0.68,2.50,0.72,0.48,0.37,0.37,0.38,0.63,0.60,0.37,0.28,0.17,0.68,0.61,0.75,tick=133191 goal=0
1787896812.6,-8.20,0.05,322.9,0.56,0.62,2.48,0.73,0.51,0.36,0.36,0.41,0.64,0.61,0.36,0.27,0.72,0.68,0.61,0.71,tick=133212 goal=0
1787896812.8,-8.15,0.02,323.6,0.52,0.61,2.45,0.73,0.49,0.36,0.40,0.41,0.68,0.62,0.35,0.20,0.67,0.63,0.62,0.73,tick=133233 goal=0
1787896813.2,-8.10,-0.02,322.8,0.50,0.43,2.42,0.73,0.52,0.35,0.44,0.45,0.69,0.63,0.38,0.17,0.68,0.62,0.61,0.70,tick=133255 goal=0
1787896813.4,-8.02,-0.07,327.0,0.46,0.36,2.41,0.74,0.52,0.39,0.47,0.45,0.74,0.65,0.37,1.11,0.67,0.58,0.59,0.67,tick=133287 goal=0
1787896813.6,-7.97,-0.10,325.5,0.43,0.36,2.39,0.75,0.54,0.41,0.46,0.48,0.74,0.68,0.38,0.98,0.67,0.56,0.60,0.65,tick=133308 goal=0
1787896813.9,-7.96,-0.11,326.6,0.43,0.34,2.39,0.74,0.51,0.39,0.46,0.48,0.76,0.66,0.37,0.99,0.66,0.56,0.60,0.66,tick=133311 goal=0
1787896817.4,-7.96,-0.12,267.4,0.52,0.54,0.57,0.45,0.59,1.78,0.70,0.53,0.40,0.45,0.52,0.76,0.66,0.18,0.91,0.65,tick=133689 goal=0
1787896817.6,-7.96,-0.18,263.2,0.50,0.53,0.59,0.43,0.35,1.82,0.70,0.53,0.41,0.49,0.57,0.77,0.66,1.67,0.88,0.63,tick=133712 goal=0
1787896817.8,-7.97,-0.25,265.8,0.48,0.52,0.62,0.41,0.34,2.44,0.74,0.57,0.45,0.51,0.63,0.77,0.46,1.67,0.85,0.62,tick=133733 goal=0
1787896818.1,-7.98,-0.30,265.0,0.46,0.51,0.61,0.39,0.38,2.42,0.79,0.56,0.45,0.53,0.65,0.80,0.41,1.65,0.83,0.60,tick=133754 goal=0
1787896818.3,-7.99,-0.37,269.9,0.46,0.49,0.58,0.37,0.37,2.43,0.80,0.60,0.47,0.53,0.68,0.78,0.24,1.65,0.80,0.56,tick=133776 goal=0
1787896818.5,-7.99,-0.43,264.1,0.41,0.49,0.55,0.41,0.38,2.44,0.86,0.63,0.50,0.57,0.73,0.79,0.28,1.42,0.75,0.53,tick=133798 goal=0
1787896818.9,-7.99,-0.44,263.8,0.43,0.47,0.55,0.41,0.40,2.43,0.90,0.65,0.50,0.57,0.74,0.79,0.29,1.41,0.75,0.53,tick=133810 goal=0
1787896822.1,-7.98,-0.45,304.8,0.48,0.38,0.40,0.35,1.22,0.73,0.56,0.58,0.62,0.82,0.74,1.68,0.84,0.56,0.41,0.47,tick=134159 goal=0
1787896822.3,-7.94,-0.51,299.0,0.43,0.39,0.41,0.35,1.25,0.75,0.61,0.60,0.63,0.86,0.28,1.70,0.84,0.54,0.41,0.45,tick=134184 goal=0
1787896822.7,-7.94,-0.53,300.6,0.46,0.39,0.37,0.34,1.25,0.76,0.61,0.61,0.65,0.84,0.29,1.70,0.85,0.54,0.41,0.43,tick=134187 goal=0
1787896826.5,-7.94,-0.54,236.5,0.50,0.36,0.43,0.50,0.34,0.39,0.36,1.07,0.65,0.54,0.61,0.78,0.83,1.20,1.37,0.59,tick=134594 goal=0
1787896826.7,-7.97,-0.59,241.9,0.48,0.37,0.41,0.46,0.36,0.38,0.38,1.13,0.70,0.56,0.64,0.80,0.21,1.19,1.36,0.56,tick=134615 goal=0
1787896826.9,-8.00,-0.65,239.7,0.47,0.34,0.42,0.38,0.43,0.39,0.37,1.21,0.75,0.60,0.65,0.83,0.25,1.19,1.37,0.55,tick=134639 goal=0
1787896827.2,-8.01,-0.66,236.1,0.46,0.33,0.39,0.41,0.45,0.40,0.37,1.23,0.76,0.59,0.65,0.82,0.26,1.18,1.36,0.56,tick=134642 goal=0
1787896829.3,-8.03,-0.68,221.2,0.50,0.43,0.32,0.38,0.45,0.37,0.40,0.40,0.94,0.72,0.59,0.66,0.87,0.29,1.64,1.08,tick=134874 goal=0
1787896829.5,-8.08,-0.73,223.8,0.48,0.42,0.32,0.38,0.39,0.42,0.41,0.40,1.07,0.72,0.62,0.65,0.20,0.31,1.61,1.07,tick=134898 goal=0
1787896829.7,-8.13,-0.77,223.4,0.46,0.40,0.30,0.30,0.38,0.48,0.40,0.41,1.12,0.74,0.64,0.67,0.22,0.51,1.60,1.04,tick=134919 goal=0
1787896829.9,-8.18,-0.80,222.5,0.43,0.38,0.26,0.30,0.37,0.52,0.42,0.45,1.14,0.78,0.67,0.68,0.27,0.51,1.58,1.02,tick=134940 goal=0
1787896830.4,-8.20,-0.83,222.1,0.43,0.38,0.27,0.28,0.37,0.53,0.40,0.46,1.15,0.78,0.70,0.67,0.27,0.51,1.57,1.02,tick=134951 goal=0
1787896833.8,-8.21,-0.83,182.1,1.61,0.71,0.39,0.34,0.28,0.34,0.40,0.47,0.46,0.48,0.95,0.76,0.71,0.23,0.28,1.11,tick=135322 goal=0
1787896834.0,-8.28,-0.83,179.5,1.55,0.71,0.38,0.35,0.26,0.29,0.38,0.51,0.49,1.94,0.95,0.75,0.71,0.22,0.26,1.11,tick=135345 goal=0
1787896834.2,-8.36,-0.83,182.5,1.50,0.70,0.38,0.36,0.29,0.30,0.39,0.55,0.50,1.98,0.96,0.74,0.69,0.22,0.26,1.08,tick=135374 goal=0
1787896834.6,-8.43,-0.83,183.1,1.50,0.70,0.34,0.38,0.30,0.28,0.42,0.59,0.53,2.01,0.99,0.74,0.68,0.22,0.26,1.04,tick=135395 goal=0
1787896834.8,-8.53,-0.83,179.0,1.45,0.83,0.36,0.34,0.30,0.31,0.45,0.61,0.56,2.01,0.99,0.68,0.20,0.18,0.39,1.02,tick=135425 goal=0
1787896835.0,-8.59,-0.84,182.6,1.41,0.85,0.37,0.33,0.34,0.30,0.45,0.66,0.58,2.04,1.00,0.70,0.20,0.18,0.36,1.01,tick=135453 goal=0
1787896835.3,-8.65,-0.84,179.0,1.39,0.82,0.36,0.31,0.33,0.30,0.46,0.67,0.59,2.04,1.01,0.71,0.20,0.17,0.36,0.97,tick=135475 goal=0
1787896835.6,-8.74,-0.84,181.7,1.35,0.80,0.45,0.31,0.34,0.32,0.39,0.70,0.64,2.11,1.01,0.22,0.20,0.19,0.35,0.96,tick=135506 goal=0
1787896835.8,-8.80,-0.83,180.9,1.34,0.79,0.44,0.27,0.34,0.33,0.36,0.70,0.65,1.89,1.01,0.21,0.17,0.23,0.35,0.96,tick=135527 goal=0
1787896836.0,-8.86,-0.83,182.8,1.33,0.77,0.45,0.28,0.32,0.33,0.38,0.74,0.68,1.89,0.96,0.22,0.19,0.27,0.33,0.92,tick=135548 goal=0
1787896836.2,-8.92,-0.83,179.4,1.30,0.77,0.45,0.29,0.30,0.35,0.40,0.76,0.70,1.91,0.97,0.21,0.19,0.28,0.31,0.88,tick=135569 goal=0
1787896836.4,-8.98,-0.84,182.7,1.26,0.76,0.43,0.27,0.29,0.35,0.41,0.75,0.73,1.93,0.96,0.20,0.20,0.29,0.32,0.85,tick=135590 goal=0
1787896836.7,-9.06,-0.84,184.4,1.25,0.76,0.42,0.30,0.27,0.36,0.38,0.79,0.75,1.91,0.28,0.20,0.22,0.28,0.32,0.84,tick=135618 goal=0
1787896836.9,-9.12,-0.84,182.7,1.24,0.73,0.45,0.30,0.27,0.35,0.40,0.79,0.76,1.88,0.30,0.20,0.23,0.27,1.08,0.82,tick=135639 goal=0
1787896837.2,-9.21,-0.84,182.9,1.22,0.69,0.42,0.33,0.26,0.35,0.41,0.83,0.82,1.77,0.26,0.21,0.28,0.25,1.06,0.80,tick=135670 goal=0
1787896837.4,-9.27,-0.85,180.8,1.23,0.66,0.40,0.31,0.25,0.35,0.42,0.85,0.87,1.74,0.24,0.24,0.29,0.26,1.00,0.76,tick=135690 goal=0
1787896837.6,-9.33,-0.85,182.1,1.20,0.65,0.39,0.29,0.26,0.32,0.45,0.75,0.87,1.76,0.24,0.23,0.26,0.25,0.96,0.75,tick=135711 goal=0
1787896837.8,-9.39,-0.86,186.3,1.19,0.65,0.37,0.34,0.26,0.31,0.45,0.75,0.90,1.77,0.26,0.26,0.27,0.25,0.95,0.73,tick=135732 goal=0
1787896838.0,-9.45,-0.86,185.5,1.16,0.66,0.36,0.34,0.27,0.29,0.44,0.75,0.91,1.80,0.26,0.27,0.24,0.26,0.94,0.69,tick=135754 goal=0
1787896838.3,-9.51,-0.86,181.8,1.13,0.69,0.38,0.35,0.28,0.27,0.46,0.76,0.94,1.82,0.25,0.30,0.25,1.35,0.91,0.69,tick=135774 goal=0
1787896838.5,-9.57,-0.87,183.6,1.12,0.73,0.34,0.34,0.29,0.26,0.49,0.77,0.95,1.81,0.27,0.29,0.23,1.36,0.90,0.65,tick=135795 goal=0
1787896838.7,-9.63,-0.87,179.9,1.07,0.74,0.39,0.33,0.30,0.27,0.46,0.80,0.96,1.85,0.31,0.30,0.23,1.32,0.88,0.65,tick=135816 goal=0
1787896838.9,-9.69,-0.88,183.3,1.06,0.73,0.41,0.32,0.31,0.28,0.49,0.81,0.98,1.85,0.32,0.28,0.22,1.31,0.84,0.59,tick=135837 goal=0
1787896839.1,-9.75,-0.88,186.7,1.03,0.70,0.44,0.31,0.30,0.28,0.47,0.84,1.00,0.49,0.32,0.26,0.25,1.25,0.78,1.12,tick=135858 goal=0
1787896839.3,-9.81,-0.89,181.7,1.04,0.69,0.43,0.32,0.32,0.32,0.45,0.84,1.02,0.52,0.34,0.27,0.48,1.22,0.73,1.10,tick=135879 goal=0
1787896839.5,-9.87,-0.89,180.1,1.01,0.69,0.44,0.29,0.30,0.31,0.41,0.86,1.06,0.51,0.37,0.26,0.50,1.20,0.66,1.06,tick=135900 goal=0
1787896839.7,-9.93,-0.89,184.6,0.98,0.67,0.44,0.27,0.33,0.32,0.35,0.71,1.08,0.53,0.38,0.25,1.25,1.17,0.63,1.08,tick=135920 goal=0
1787896839.9,-9.99,-0.90,184.2,0.94,0.65,0.41,0.28,0.31,0.34,0.37,0.71,1.09,0.53,0.40,0.25,1.29,1.06,0.60,1.02,tick=135942 goal=0
1787896840.1,-10.05,-0.90,182.0,0.93,0.65,0.40,0.28,0.30,0.34,0.37,0.74,1.11,0.43,0.39,0.27,1.27,0.98,0.59,1.00,tick=135963 goal=0
1787896840.3,-10.11,-0.90,184.1,0.93,0.62,0.40,0.29,0.27,0.34,0.35,0.75,1.15,0.43,0.37,0.28,1.26,0.93,0.54,0.95,tick=135983 goal=0
1787896840.5,-10.17,-0.90,184.1,0.91,0.59,0.40,0.33,0.26,0.35,0.38,0.75,1.17,0.48,0.34,0.39,1.25,0.91,0.52,0.93,tick=136004 goal=0
1787896840.8,-10.23,-0.90,182.0,0.89,0.56,0.37,0.32,0.27,0.34,0.38,0.74,1.17,0.48,0.33,0.42,1.21,0.89,0.48,0.91,tick=136025 goal=0
1787896841.0,-10.29,-0.91,183.3,0.85,0.56,0.36,0.33,0.25,0.34,0.39,0.78,1.19,0.50,0.32,0.48,1.21,0.89,0.49,0.89,tick=136046 goal=0
1787896841.2,-10.35,-0.91,184.2,0.81,0.54,0.36,0.33,0.26,0.31,0.41,0.75,1.23,0.52,0.32,0.50,1.22,0.85,0.45,0.85,tick=136067 goal=0
1787896841.4,-10.41,-0.91,179.7,0.79,0.54,0.36,0.33,0.30,0.31,0.42,0.76,1.25,0.55,0.35,0.50,1.20,0.83,0.46,0.83,tick=136088 goal=0
1787896841.8,-10.47,-0.91,181.1,0.78,0.53,0.38,0.31,0.29,0.31,0.43,0.78,1.24,0.55,0.34,0.53,1.21,0.78,0.42,0.81,tick=136109 goal=0
1787896842.0,-10.59,-0.91,181.4,0.74,0.48,0.38,0.32,0.29,0.28,0.45,0.82,1.31,0.59,0.39,0.69,1.21,0.71,0.35,0.76,tick=136150 goal=0
1787896842.3,-10.67,-0.92,179.8,0.69,0.64,0.41,0.28,0.33,0.28,0.45,0.82,1.33,0.64,0.44,1.31,1.21,0.46,0.94,0.71,tick=136179 goal=0
1787896842.5,-10.73,-0.92,183.9,0.66,0.64,0.41,0.30,0.31,0.30,0.43,0.83,1.34,0.64,0.49,1.32,1.20,0.42,0.90,0.72,tick=136200 goal=0
1787896842.8,-10.81,-0.92,180.4,0.66,0.62,0.39,0.29,0.29,0.30,0.40,0.83,1.36,0.64,0.51,1.33,1.22,0.38,0.86,0.68,tick=136228 goal=0
1787896843.0,-10.87,-0.92,182.6,0.64,0.60,0.37,0.28,0.28,0.32,0.43,0.84,1.39,0.66,0.55,1.36,1.23,0.38,0.84,0.64,tick=136249 goal=0
1787896843.2,-10.93,-0.92,184.6,0.61,0.59,0.36,0.28,0.28,0.34,0.40,0.66,1.39,0.67,0.58,1.37,1.24,0.34,0.82,0.65,tick=136270 goal=0
1787896843.4,-10.99,-0.93,185.6,0.61,0.58,0.33,0.28,0.27,0.35,0.36,0.66,1.43,0.68,0.63,1.37,1.24,1.35,0.80,0.59,tick=136291 goal=0
1787896843.6,-11.05,-0.93,180.7,0.58,0.57,0.33,0.28,0.27,0.34,0.38,0.66,1.47,0.70,0.62,1.36,1.22,1.34,0.78,0.59,tick=136312 goal=0
1787896844.1,-11.12,-0.93,181.7,0.55,0.55,0.32,0.29,0.26,0.33,0.39,0.68,1.48,0.72,0.64,1.35,1.21,1.33,0.75,0.56,tick=136333 goal=0
1787896848.6,-11.12,-0.92,97.8,0.36,1.02,0.70,0.56,0.58,0.52,0.32,0.28,0.27,0.35,0.42,1.01,1.48,0.53,0.69,1.31,tick=136806 goal=0
1787896848.9,-11.12,-0.90,99.4,0.35,1.00,0.71,0.56,0.59,0.52,0.32,0.31,0.28,0.37,0.44,1.04,1.46,0.53,0.70,1.29,tick=136811 goal=0
1787896850.8,-11.12,-0.90,112.0,1.33,0.74,0.57,0.54,0.59,0.32,0.33,0.28,0.36,0.38,0.69,1.49,0.57,0.66,1.33,0.84,tick=137028 goal=0
1787896851.0,-11.15,-0.84,116.2,1.31,0.73,0.54,0.51,0.58,0.33,0.32,0.31,0.38,0.41,0.73,1.51,0.56,0.64,1.32,0.85,tick=137051 goal=0
1787896851.2,-11.17,-0.78,112.0,1.27,0.71,0.53,0.50,0.54,0.34,0.36,0.32,0.39,0.44,0.96,1.53,0.53,0.67,1.30,0.35,tick=137072 goal=0
1787896851.4,-11.19,-0.72,112.0,1.28,0.70,0.53,0.48,0.55,0.49,0.38,0.34,0.42,0.48,1.02,1.52,0.53,0.66,1.28,0.31,tick=137093 goal=0
1787896851.8,-11.20,-0.71,114.9,1.26,0.70,0.54,0.47,0.54,0.50,0.38,0.32,0.42,0.47,1.02,1.56,0.54,0.63,1.28,0.31,tick=137097 goal=0
1787896852.1,-11.20,-0.70,113.7,1.25,0.67,0.52,0.47,0.55,0.52,0.38,0.33,0.41,0.49,1.00,1.54,0.52,0.64,1.29,0.30,tick=137146 goal=0
1787896852.4,-11.22,-0.66,114.9,1.21,0.69,0.50,0.50,0.57,0.52,0.37,0.35,0.42,0.49,1.04,1.54,0.55,0.65,1.26,0.28,tick=137161 goal=0
1787896854.5,-11.22,-0.66,130.8,0.72,0.57,0.51,0.55,0.54,0.35,0.36,0.37,0.48,0.72,1.47,0.54,0.61,1.34,1.15,1.15,tick=137395 goal=0
1787896854.7,-11.26,-0.61,134.2,0.71,0.56,0.50,0.56,0.54,0.36,0.40,0.40,0.48,0.77,1.50,0.56,0.62,1.29,0.27,1.14,tick=137418 goal=0
1787896854.9,-11.30,-0.57,130.8,0.66,0.55,0.47,0.52,0.55,0.36,0.40,0.41,0.53,0.80,1.55,0.56,0.65,1.27,0.13,1.13,tick=137439 goal=0
1787896855.1,-11.34,-0.52,133.6,0.66,0.52,0.46,0.51,0.54,0.36,0.41,0.43,0.51,0.83,1.57,0.58,0.65,1.28,0.36,1.14,tick=137460 goal=0
1787896855.3,-11.38,-0.48,129.8,0.66,0.52,0.45,0.46,0.57,0.37,0.42,0.40,0.53,0.81,1.56,0.59,0.68,0.08,0.36,1.13,tick=137481 goal=0
1787896855.5,-11.42,-0.43,131.5,0.64,0.52,0.43,0.40,0.55,0.43,0.42,0.44,0.53,0.83,1.57,0.61,0.68,0.12,0.35,1.10,tick=137502 goal=0
1787896855.7,-11.46,-0.38,128.5,0.61,0.50,0.42,0.39,0.53,0.49,0.44,0.42,0.58,0.85,1.57,0.62,0.10,0.11,0.36,1.10,tick=137523 goal=0
1787896856.0,-11.49,-0.33,127.2,0.60,0.49,0.38,0.39,0.51,0.52,0.43,0.46,0.58,0.86,1.60,0.65,0.11,0.13,0.39,1.08,tick=137544 goal=0
1787896856.2,-11.53,-0.28,126.8,0.58,0.48,0.39,0.41,0.51,0.53,0.44,0.46,0.63,0.87,1.61,0.10,0.11,0.23,0.37,1.07,tick=137566 goal=0
1787896856.4,-11.57,-0.24,128.1,0.59,0.49,0.36,0.41,0.50,0.55,0.42,0.51,0.64,0.92,1.64,0.11,0.10,0.26,0.84,1.03,tick=137587 goal=0
1787896856.6,-11.60,-0.19,128.1,0.54,0.47,0.35,0.38,0.50,0.54,0.42,0.51,0.65,0.94,1.65,0.13,0.13,0.27,1.02,1.01,tick=137608 goal=0
1787896856.9,-11.65,-0.13,126.1,0.53,0.44,0.34,0.37,0.51,0.56,0.45,0.53,0.67,0.94,0.14,0.12,0.16,0.28,0.99,1.01,tick=137630 goal=0
1787896857.2,-11.72,-0.05,128.0,0.49,0.39,0.33,0.34,0.38,0.57,0.47,0.56,0.71,1.01,0.15,0.16,0.24,0.27,0.97,0.96,tick=137671 goal=0
1787896857.4,-11.75,0.00,126.0,0.49,0.39,0.32,0.30,0.36,0.59,0.50,0.57,0.74,1.22,0.17,0.18,0.27,0.28,0.92,0.96,tick=137692 goal=0
1787896857.6,-11.79,0.05,130.3,0.45,0.38,0.32,0.29,0.36,0.63,0.52,0.60,0.76,1.26,0.17,0.21,0.25,0.29,0.90,0.96,tick=137713 goal=0
1787896858.0,-11.82,0.10,129.4,0.42,0.35,0.27,0.28,0.36,0.60,0.59,0.63,0.79,0.21,0.19,0.22,0.25,0.31,0.91,0.94,tick=137735 goal=0
1787896858.0,-11.85,0.13,130.3,0.40,0.34,0.28,0.27,0.34,0.56,0.61,0.64,0.79,0.25,0.22,0.27,0.26,0.36,0.89,0.92,tick=137749 goal=0
1787896860.0,-11.86,0.16,112.5,0.58,0.35,0.30,0.27,0.28,0.36,0.63,0.56,0.67,0.86,0.22,0.24,0.25,0.26,0.65,0.91,tick=137953 goal=0
1787896860.3,-11.89,0.22,114.3,0.60,0.33,0.30,0.28,0.26,0.36,0.66,0.58,0.68,0.89,0.23,0.24,0.26,0.26,0.65,0.89,tick=137975 goal=0
1787896860.3,-11.89,0.23,112.9,0.59,0.34,0.30,0.28,0.26,0.37,0.64,0.56,0.69,0.89,0.24,0.25,0.26,0.26,0.66,0.90,tick=137978 goal=0
1787896862.5,-11.90,0.27,96.4,0.83,0.52,0.31,0.30,0.26,0.29,0.37,0.62,0.59,0.73,1.04,0.22,0.24,0.23,0.28,0.79,tick=138185 goal=0
1787896862.7,-11.91,0.33,94.0,0.81,0.49,0.30,0.29,0.29,0.27,0.40,0.67,0.61,0.76,0.30,0.23,0.25,0.24,0.29,0.87,tick=138216 goal=0
1787896862.9,-11.91,0.39,95.6,0.79,0.50,0.31,0.28,0.27,0.26,0.39,0.71,0.63,0.80,0.30,0.26,0.24,0.21,0.31,0.85,tick=138237 goal=0
1787896863.1,-11.92,0.45,98.3,0.76,0.47,0.30,0.26,0.27,0.28,0.40,0.70,0.67,0.81,0.28,0.26,0.24,0.21,0.32,0.81,tick=138258 goal=0
1787896863.3,-11.93,0.51,94.5,0.74,0.48,0.30,0.27,0.27,0.26,0.37,0.74,0.67,0.82,0.28,0.29,0.24,0.20,0.32,0.81,tick=138278 goal=0
1787896863.5,-11.93,0.57,95.0,0.73,0.47,0.30,0.24,0.28,0.31,0.36,0.77,0.69,0.84,0.31,0.26,0.24,0.23,0.30,0.80,tick=138300 goal=0
1787896863.7,-11.94,0.63,93.9,0.71,0.46,0.31,0.26,0.27,0.29,0.33,0.78,0.73,0.89,0.29,0.28,0.21,0.20,0.32,0.76,tick=138321 goal=0
1787896863.9,-11.94,0.69,93.5,0.69,0.67,0.34,0.25,0.26,0.31,0.33,0.73,0.73,0.91,0.29,0.28,0.22,0.22,0.32,0.75,tick=138342 goal=0
1787896864.1,-11.95,0.75,92.0,0.68,0.68,0.32,0.25,0.25,0.31,0.34,0.73,0.76,0.94,0.33,0.28,0.20,0.22,0.33,0.71,tick=138363 goal=0
1787896864.3,-11.95,0.81,91.3,0.68,0.68,0.32,0.25,0.23,0.30,0.34,0.73,0.77,0.94,0.33,0.25,0.18,0.21,0.36,0.70,tick=138384 goal=0
1787896864.6,-11.95,0.87,91.2,0.64,0.66,0.33,0.23,0.24,0.28,0.37,0.58,0.80,0.96,0.34,0.22,0.19,0.22,0.40,0.67,tick=138405 goal=0
1787896864.8,-11.95,0.93,88.5,0.60,0.68,0.31,0.24,0.22,0.29,0.36,0.59,0.82,0.99,0.35,0.21,0.20,0.22,0.40,0.65,tick=138426 goal=0
1787896865.0,-11.96,0.99,91.1,0.60,0.68,0.30,0.25,0.21,0.27,0.37,0.61,0.83,1.03,0.36,0.21,0.20,0.22,0.39,0.62,tick=138447 goal=0
1787896865.2,-11.96,1.05,91.4,0.57,0.61,0.30,0.26,0.22,0.26,0.39,0.63,0.86,1.07,0.35,0.20,0.20,0.22,0.41,0.60,tick=138468 goal=0
1787896865.4,-11.96,1.11,90.9,0.55,0.59,0.28,0.27,0.24,0.25,0.39,0.64,0.87,1.08,0.37,0.21,0.21,0.24,0.39,0.58,tick=138489 goal=0
1787896865.6,-11.96,1.17,92.5,0.53,0.58,0.28,0.23,0.23,0.24,0.39,0.65,0.91,1.11,0.36,0.23,0.21,0.27,0.40,0.57,tick=138510 goal=0
1787896865.8,-11.97,1.23,95.1,0.52,0.54,0.28,0.25,0.23,0.23,0.41,0.68,0.93,1.13,0.30,0.23,0.19,0.27,0.39,0.51,tick=138532 goal=0
1787896866.0,-11.97,1.29,93.1,0.50,0.52,0.28,0.25,0.23,0.23,0.40,0.69,0.96,1.16,0.27,0.23,0.22,0.31,0.38,0.49,tick=138553 goal=0
1787896866.2,-11.97,1.35,94.7,0.45,0.50,0.27,0.23,0.22,0.24,0.38,0.71,0.96,0.56,0.25,0.24,0.22,0.30,0.38,0.47,tick=138574 goal=0
1787896866.3,-11.97,1.37,95.8,0.47,0.48,0.28,0.21,0.23,0.24,0.38,0.70,0.96,0.55,0.25,0.23,0.23,0.31,0.37,0.47,tick=138581 goal=0
1787896872.4,-11.96,1.34,303.9,0.47,0.25,0.21,0.25,0.34,0.43,0.47,0.70,0.51,0.27,0.24,0.24,0.26,0.47,1.01,1.07,tick=139183 goal=0
1787896872.4,-11.95,1.33,302.7,0.47,0.23,0.20,0.24,0.33,0.43,0.48,0.44,0.52,0.24,0.24,0.23,0.29,0.47,1.01,1.08,tick=139188 goal=0
1787896879.4,-11.97,1.35,128.6,0.46,0.23,0.23,0.24,0.29,0.49,1.05,1.08,0.42,0.24,0.22,0.27,0.34,0.53,0.49,0.42,tick=139891 goal=0
1787896879.5,-11.98,1.37,127.1,0.46,0.23,0.23,0.23,0.28,0.49,1.06,1.10,0.45,0.24,0.20,0.26,0.33,0.54,0.51,0.45,tick=139897 goal=0
1787896882.1,-11.98,1.37,75.2,0.47,0.43,0.50,0.23,0.22,0.26,0.27,0.45,0.95,1.05,0.49,0.24,0.21,0.22,0.32,0.41,tick=140161 goal=0
1787896887.7,-11.97,1.32,286.5,1.09,0.41,0.24,0.23,0.27,0.34,0.51,0.49,0.47,0.44,0.24,0.24,0.22,0.28,0.52,1.07,tick=140723 goal=0
1787896888.0,-11.94,1.24,286.5,1.06,0.42,0.22,0.20,0.22,0.32,0.53,0.51,0.48,0.49,0.27,0.27,0.23,0.33,0.50,1.02,tick=140752 goal=0
1787896888.4,-11.92,1.14,287.0,0.99,0.41,0.21,0.19,0.20,0.30,0.42,0.54,0.50,0.51,0.28,0.25,0.25,0.37,0.48,0.98,tick=140783 goal=0
1787896888.6,-11.90,1.07,286.0,0.96,0.38,0.19,0.18,0.17,0.28,0.42,0.57,0.54,0.51,0.31,0.26,0.25,0.38,0.47,0.97,tick=140814 goal=0
1787896888.9,-11.88,1.01,285.0,0.96,0.39,0.19,0.18,0.17,0.26,0.43,0.56,0.56,0.48,0.31,0.26,0.26,0.38,0.50,0.94,tick=140835 goal=0
1787896889.2,-11.87,0.95,284.2,0.93,0.36,0.21,0.15,0.17,0.23,0.43,0.60,0.59,0.44,0.33,0.24,0.26,0.37,0.49,0.94,tick=140856 goal=0
1787896889.4,-11.85,0.87,281.0,0.90,0.34,0.26,0.15,0.16,0.20,0.40,0.63,0.61,0.44,0.33,0.28,0.29,0.39,0.55,0.90,tick=140887 goal=0
1787896889.4,-11.85,0.86,281.7,0.89,0.34,0.25,0.16,0.17,0.21,0.44,0.62,0.61,0.46,0.33,0.27,0.29,0.37,0.56,0.90,tick=140890 goal=0
1787896895.9,-11.85,0.85,77.7,0.64,0.62,0.49,0.33,0.27,0.29,0.38,0.48,0.88,0.87,0.33,0.26,0.14,0.16,0.19,0.41,tick=141539 goal=0
1787896896.1,-11.85,0.91,78.6,0.61,0.63,0.58,0.34,0.26,0.28,0.39,0.47,0.90,0.92,0.33,0.22,0.15,0.15,0.18,0.40,tick=141562 goal=0
1787896896.3,-11.84,0.97,77.2,0.61,0.63,0.60,0.33,0.28,0.29,0.39,0.47,0.94,0.93,0.36,0.17,0.15,0.15,0.21,0.39,tick=141582 goal=0
1787896896.5,-11.82,1.03,81.2,0.56,0.57,0.61,0.33,0.30,0.27,0.40,0.48,0.95,0.96,0.36,0.15,0.15,0.16,0.19,0.36,tick=141603 goal=0
1787896896.7,-11.81,1.09,77.9,0.56,0.55,0.62,0.33,0.29,0.28,0.38,0.48,0.98,0.98,0.37,0.17,0.16,0.14,0.20,0.34,tick=141624 goal=0
1787896896.8,-11.81,1.10,77.3,0.55,0.54,0.62,0.32,0.31,0.27,0.39,0.49,0.97,0.96,0.37,0.16,0.17,0.16,0.19,0.35,tick=141628 goal=0
1787896900.2,-11.81,1.10,121.0,0.61,0.34,0.30,0.27,0.36,0.46,0.95,0.99,0.41,0.17,0.16,0.15,0.17,0.34,0.55,0.56,tick=141970 goal=0
1787896900.3,-11.82,1.12,119.1,0.59,0.33,0.29,0.29,0.37,0.48,0.94,1.01,0.37,0.16,0.14,0.14,0.21,0.34,0.55,0.55,tick=141975 goal=0
1787896903.6,-11.81,1.13,73.6,0.55,0.56,0.61,0.33,0.29,0.27,0.35,0.47,0.94,0.99,0.40,0.17,0.15,0.15,0.20,0.34,tick=142306 goal=0
1787896903.6,-11.81,1.14,72.4,0.53,0.56,0.58,0.33,0.30,0.29,0.34,0.48,0.96,1.00,0.40,0.18,0.14,0.15,0.17,0.34,tick=142311 goal=0
1787896905.6,-11.81,1.15,92.5,0.57,0.57,0.36,0.32,0.28,0.34,0.46,0.87,0.93,0.40,0.18,0.15,0.14,0.17,0.32,0.57,tick=142507 goal=0
1787896905.8,-11.82,1.21,92.1,0.52,0.53,0.36,0.31,0.30,0.31,0.46,0.88,0.96,0.42,0.18,0.17,0.15,0.21,0.30,0.53,tick=142529 goal=0
1787896906.0,-11.82,1.27,88.7,0.53,0.51,0.40,0.28,0.30,0.32,0.47,0.78,0.99,0.45,0.20,0.16,0.16,0.22,0.29,0.52,tick=142550 goal=0
1787896906.3,-11.82,1.35,94.4,0.47,0.47,0.46,0.31,0.30,0.30,0.48,0.75,1.01,0.46,0.19,0.16,0.17,0.23,0.31,0.49,tick=142579 goal=0
1787896906.5,-11.82,1.41,90.1,0.45,0.45,0.48,0.28,0.31,0.28,0.48,0.76,1.00,0.49,0.21,0.17,0.18,0.24,0.30,0.47,tick=142601 goal=0
1787896906.6,-11.82,1.42,93.7,0.45,0.43,0.49,0.27,0.29,0.30,0.47,0.77,1.02,0.50,0.22,0.17,0.17,0.26,0.28,0.46,tick=142604 goal=0
1787896913.5,-11.82,1.38,278.8,1.09,0.25,0.19,0.16,0.19,0.25,0.30,0.42,0.45,0.48,0.40,0.28,0.31,0.31,0.53,1.07,tick=143291 goal=0
1787896913.6,-11.81,1.35,276.9,1.07,0.42,0.17,0.16,0.17,0.24,0.31,0.47,0.48,0.48,0.39,0.29,0.33,0.30,0.52,1.07,tick=143308 goal=0
1787896913.7,-11.81,1.34,275.6,1.09,0.42,0.17,0.15,0.17,0.24,0.30,0.45,0.49,0.49,0.37,0.27,0.32,0.33,0.54,1.04,tick=143318 goal=0
1787896913.9,-11.80,1.27,274.8,1.06,0.42,0.17,0.15,0.17,0.23,0.33,0.48,0.51,0.53,0.36,0.31,0.30,0.32,0.52,1.02,tick=143340 goal=0
1787896914.2,-11.79,1.19,280.6,1.02,0.41,0.17,0.14,0.15,0.21,0.31,0.53,0.54,0.56,0.35,0.33,0.30,0.35,0.49,0.98,tick=143371 goal=0
1787896914.5,-11.79,1.12,277.1,1.00,0.37,0.15,0.17,0.15,0.17,0.34,0.55,0.56,0.61,0.36,0.33,0.28,0.38,0.47,0.96,tick=143395 goal=0
1787896914.7,-11.78,1.06,280.3,0.97,0.35,0.14,0.14,0.14,0.15,0.34,0.55,0.58,0.61,0.36,0.32,0.29,0.40,0.50,0.97,tick=143416 goal=0
1787896914.9,-11.77,1.00,275.7,0.95,0.35,0.14,0.13,0.12,0.14,0.33,0.60,0.59,0.64,0.36,0.33,0.30,0.39,0.49,0.94,tick=143437 goal=0
1787896915.2,-11.76,0.91,279.7,0.92,0.34,0.16,0.11,0.13,0.14,0.32,0.64,0.62,0.67,0.39,0.34,0.30,0.43,0.48,0.92,tick=143468 goal=0
1787896915.2,-11.76,0.90,278.4,0.91,0.32,0.14,0.09,0.12,0.14,0.30,0.63,0.64,0.67,0.39,0.32,0.29,0.40,0.52,0.92,tick=143471 goal=0
1787896921.5,-11.76,0.89,70.8,0.49,0.64,0.66,0.38,0.34,0.29,0.39,0.45,0.92,0.91,0.38,0.25,0.12,0.12,0.15,0.21,tick=144099 goal=0
1787896921.6,-11.75,0.91,71.7,0.45,0.63,0.64,0.38,0.34,0.29,0.40,0.45,0.91,0.91,0.34,0.26,0.10,0.13,0.14,0.21,tick=144105 goal=0
1787896923.5,-11.75,0.91,87.0,0.60,0.58,0.43,0.36,0.30,0.36,0.43,0.64,0.83,0.97,0.30,0.12,0.13,0.14,0.17,0.41,tick=144301 goal=0
1787896923.7,-11.75,0.98,85.8,0.57,0.58,0.51,0.34,0.32,0.33,0.43,0.64,0.88,0.98,0.28,0.12,0.12,0.13,0.18,0.39,tick=144324 goal=0
1787896924.0,-11.74,1.04,86.5,0.53,0.53,0.56,0.35,0.33,0.32,0.45,0.66,0.90,1.02,0.20,0.13,0.11,0.15,0.17,0.36,tick=144345 goal=0
1787896924.2,-11.74,1.10,86.2,0.52,0.54,0.60,0.35,0.33,0.31,0.44,0.70,0.93,1.02,0.14,0.12,0.13,0.13,0.20,0.36,tick=144365 goal=0
1787896924.4,-11.73,1.16,85.4,0.50,0.51,0.57,0.35,0.33,0.33,0.46,0.69,0.95,0.47,0.17,0.13,0.12,0.14,0.23,0.35,tick=144387 goal=0
1787896924.6,-11.73,1.22,90.4,0.47,0.50,0.58,0.34,0.33,0.33,0.48,0.73,0.94,0.47,0.18,0.12,0.12,0.12,0.25,0.34,tick=144409 goal=0
1787896924.7,-11.73,1.23,86.6,0.47,0.49,0.56,0.34,0.35,0.31,0.48,0.73,0.96,0.45,0.16,0.13,0.12,0.13,0.23,0.32,tick=144423 goal=0
1787896927.9,-11.72,1.23,125.3,0.56,0.35,0.34,0.34,0.43,0.60,1.06,1.04,0.18,0.13,0.11,0.13,0.23,0.30,0.47,0.50,tick=144733 goal=0
1787896928.2,-11.78,1.31,125.8,0.55,0.32,0.32,0.33,0.39,0.55,1.06,1.05,0.19,0.17,0.14,0.16,0.25,0.33,0.45,0.45,tick=144756 goal=0
1787896928.2,-11.79,1.32,126.0,0.54,0.33,0.31,0.30,0.34,0.54,1.05,1.04,0.21,0.17,0.15,0.16,0.22,0.31,0.46,0.48,tick=144769 goal=0
1787896934.5,-11.79,1.33,274.5,1.07,0.22,0.18,0.14,0.17,0.23,0.30,0.45,0.49,0.50,0.40,0.29,0.29,0.34,0.52,1.05,tick=145397 goal=0
1787896934.5,-11.79,1.31,278.6,1.08,0.41,0.18,0.13,0.16,0.23,0.29,0.47,0.48,0.50,0.40,0.30,0.31,0.32,0.52,1.05,tick=145403 goal=0
1787896934.7,-11.79,1.30,273.3,1.08,0.41,0.18,0.14,0.16,0.21,0.28,0.47,0.48,0.52,0.40,0.29,0.32,0.34,0.52,1.05,tick=145413 goal=0
1787896934.9,-11.78,1.24,274.8,1.04,0.41,0.17,0.14,0.15,0.21,0.29,0.53,0.51,0.52,0.39,0.33,0.32,0.34,0.51,1.03,tick=145436 goal=0
1787896935.1,-11.78,1.18,274.4,1.00,0.40,0.15,0.15,0.13,0.17,0.29,0.54,0.54,0.55,0.36,0.32,0.29,0.34,0.50,0.99,tick=145457 goal=0
1787896935.3,-11.77,1.12,275.0,0.99,0.38,0.15,0.15,0.12,0.16,0.30,0.57,0.54,0.56,0.35,0.33,0.32,0.35,0.49,0.98,tick=145478 goal=0
1787896935.5,-11.77,1.06,273.2,0.99,0.38,0.16,0.14,0.12,0.12,0.28,0.59,0.57,0.60,0.36,0.33,0.31,0.36,0.49,0.96,tick=145499 goal=0
1787896935.7,-11.77,1.00,273.5,0.95,0.35,0.15,0.14,0.13,0.15,0.27,0.47,0.60,0.62,0.38,0.33,0.32,0.40,0.46,0.94,tick=145520 goal=0
1787896935.9,-11.76,0.94,271.6,0.93,0.35,0.16,0.11,0.11,0.14,0.24,0.47,0.62,0.64,0.38,0.34,0.30,0.39,0.46,0.93,tick=145541 goal=0
1787896936.1,-11.76,0.87,268.1,0.89,0.33,0.24,0.12,0.09,0.16,0.20,0.46,0.63,0.67,0.40,0.35,0.30,0.39,0.45,0.89,tick=145563 goal=0
1787896936.3,-11.76,0.86,268.7,0.89,0.35,0.24,0.10,0.10,0.12,0.19,0.45,0.65,0.68,0.39,0.32,0.28,0.39,0.46,0.89,tick=145566 goal=0
1787896943.3,-11.76,0.89,97.1,0.64,0.69,0.39,0.33,0.31,0.40,0.49,0.90,0.93,0.32,0.21,0.11,0.12,0.15,0.23,0.64,tick=146277 goal=0
1787896943.6,-11.76,0.98,96.2,0.61,0.66,0.38,0.33,0.29,0.38,0.47,0.90,0.94,0.34,0.18,0.12,0.13,0.16,0.31,0.63,tick=146307 goal=0
1787896943.8,-11.77,1.04,94.9,0.60,0.65,0.37,0.34,0.29,0.39,0.47,0.95,0.96,0.35,0.14,0.11,0.13,0.15,0.32,0.60,tick=146328 goal=0
1787896944.0,-11.78,1.10,95.9,0.58,0.62,0.36,0.31,0.30,0.36,0.49,0.95,0.97,0.38,0.15,0.11,0.16,0.15,0.31,0.57,tick=146349 goal=0
1787896944.2,-11.78,1.16,94.0,0.55,0.57,0.37,0.32,0.29,0.34,0.50,1.00,1.01,0.40,0.17,0.14,0.13,0.15,0.31,0.55,tick=146370 goal=0
1787896944.4,-11.78,1.22,96.0,0.53,0.53,0.36,0.31,0.32,0.32,0.50,1.02,1.01,0.39,0.17,0.14,0.12,0.19,0.29,0.54,tick=146391 goal=0
1787896944.6,-11.79,1.28,95.5,0.51,0.52,0.40,0.31,0.31,0.33,0.49,1.03,1.04,0.41,0.18,0.14,0.15,0.22,0.33,0.49,tick=146412 goal=0
1787896944.8,-11.80,1.34,97.6,0.47,0.50,0.40,0.29,0.32,0.34,0.51,1.05,1.06,0.42,0.18,0.16,0.16,0.23,0.28,0.47,tick=146433 goal=0
1787896945.0,-11.80,1.40,97.7,0.48,0.46,0.42,0.28,0.31,0.32,0.51,0.97,1.07,0.43,0.20,0.17,0.15,0.23,0.29,0.43,tick=146454 goal=0
1787896945.4,-11.81,1.49,97.0,0.45,0.42,0.45,0.28,0.29,0.31,0.52,1.00,1.11,0.27,0.18,0.16,0.17,0.23,0.29,0.40,tick=146475 goal=0
1787896945.6,-11.82,1.55,95.3,0.41,0.40,0.45,0.29,0.31,0.33,0.53,1.04,1.16,0.28,0.18,0.16,0.20,0.24,0.27,0.38,tick=146506 goal=0
1787896945.6,-11.82,1.56,97.2,0.41,0.40,0.45,0.26,0.29,0.32,0.52,1.05,1.14,0.28,0.20,0.17,0.20,0.22,0.29,0.39,tick=146509 goal=0
1787896952.4,-11.82,1.57,267.2,1.06,0.54,0.23,0.18,0.17,0.22,0.26,0.43,0.38,0.38,0.49,0.32,0.26,0.34,0.40,0.65,tick=147188 goal=0
1787896952.6,-11.83,1.51,269.3,1.07,0.53,0.22,0.15,0.16,0.21,0.27,0.45,0.40,0.40,0.52,0.31,0.30,0.34,0.39,0.64,tick=147210 goal=0
1787896952.9,-11.83,1.43,267.8,1.05,0.54,0.19,0.18,0.16,0.21,0.29,0.49,0.42,0.44,0.53,0.30,0.29,0.32,0.41,0.63,tick=147239 goal=0
1787896953.2,-11.83,1.34,266.2,1.05,1.12,0.20,0.17,0.16,0.20,0.26,0.41,0.46,0.44,0.53,0.30,0.29,0.30,0.43,0.61,tick=147260 goal=0
1787896953.5,-11.84,1.25,266.9,1.00,1.06,0.18,0.16,0.15,0.16,0.30,0.40,0.49,0.49,0.53,0.30,0.30,0.29,0.42,0.61,tick=147301 goal=0
1787896953.7,-11.84,1.19,263.8,0.98,1.03,0.24,0.16,0.16,0.16,0.28,0.40,0.51,0.51,0.52,0.30,0.29,0.27,0.44,0.65,tick=147321 goal=0
1787896953.9,-11.84,1.13,263.7,0.95,1.00,0.34,0.17,0.16,0.16,0.28,0.41,0.54,0.52,0.51,0.30,0.30,0.27,0.42,0.64,tick=147342 goal=0
1787896954.2,-11.85,1.07,262.4,0.94,0.98,0.34,0.14,0.16,0.15,0.26,0.42,0.57,0.54,0.49,0.31,0.28,0.28,0.41,0.62,tick=147363 goal=0
1787896954.4,-11.86,0.98,264.7,0.92,0.94,0.34,0.18,0.15,0.16,0.23,0.43,0.58,0.57,0.43,0.31,0.27,0.29,0.39,0.58,tick=147394 goal=0
1787896954.7,-11.87,0.92,262.8,0.93,0.94,0.33,0.20,0.16,0.17,0.21,0.44,0.59,0.60,0.39,0.31,0.27,0.29,0.38,0.58,tick=147415 goal=0
1787896955.0,-11.88,0.85,266.2,0.93,0.90,0.33,0.23,0.15,0.15,0.20,0.45,0.63,0.64,0.38,0.32,0.26,0.30,0.39,0.58,tick=147436 goal=0
1787896955.2,-11.89,0.78,264.0,0.84,0.87,0.30,0.26,0.15,0.17,0.22,0.49,0.67,0.67,0.39,0.30,0.24,0.32,0.37,0.55,tick=147467 goal=0
1787896955.4,-11.89,0.71,266.1,0.82,0.85,0.30,0.28,0.17,0.15,0.22,0.48,0.67,0.70,0.41,0.29,0.27,0.33,0.34,0.53,tick=147488 goal=0
1787896955.6,-11.90,0.66,260.4,0.78,0.83,0.31,0.26,0.19,0.17,0.21,0.50,0.71,0.71,0.41,0.28,0.27,0.33,0.33,0.53,tick=147508 goal=0
1787896955.8,-11.90,0.59,267.5,0.78,0.80,0.32,0.25,0.21,0.17,0.21,0.51,0.71,0.75,0.41,0.28,0.28,0.33,0.32,0.52,tick=147531 goal=0
1787896956.1,-11.91,0.50,264.7,0.73,0.77,0.34,0.24,0.23,0.18,0.21,0.54,0.75,0.80,0.42,0.28,0.29,0.33,0.32,0.63,tick=147562 goal=0
1787896956.3,-11.92,0.44,263.8,0.72,0.75,0.93,0.25,0.23,0.20,0.20,0.53,0.79,0.81,0.42,0.28,0.29,0.28,0.33,0.62,tick=147583 goal=0
1787896956.6,-11.93,0.36,263.1,0.69,0.73,0.86,0.23,0.24,0.23,0.22,0.54,0.83,0.85,0.41,0.31,0.30,0.28,0.34,0.60,tick=147613 goal=0
1787896956.9,-11.94,0.28,265.9,0.65,0.70,0.84,0.25,0.23,0.25,0.22,0.39,0.84,0.87,0.40,0.30,0.30,0.27,0.33,0.57,tick=147642 goal=0
1787896957.1,-11.95,0.22,266.2,0.65,0.67,0.84,0.24,0.23,0.27,0.26,0.40,0.85,0.88,0.36,0.30,0.27,0.26,0.34,0.58,tick=147663 goal=0
1787896957.3,-11.95,0.16,260.6,0.61,0.66,0.82,0.25,0.21,0.25,0.25,0.40,0.88,0.91,0.34,0.30,0.28,0.23,0.35,0.56,tick=147684 goal=0
1787896957.6,-11.96,0.10,264.3,0.59,0.62,0.81,1.36,0.23,0.25,0.28,0.41,0.92,0.93,0.35,0.31,0.26,0.24,0.34,0.54,tick=147705 goal=0
1787896957.8,-11.96,0.04,265.6,0.55,0.62,0.79,1.35,0.21,0.27,0.28,0.42,0.96,0.94,0.37,0.31,0.27,0.24,0.31,0.61,tick=147726 goal=0
1787896958.0,-11.96,-0.03,266.1,0.52,0.59,0.76,1.30,0.23,0.25,0.32,0.43,0.96,0.69,0.40,0.31,0.24,0.26,0.32,0.59,tick=147747 goal=0
1787896958.2,-11.96,-0.09,267.3,0.51,0.57,0.72,1.09,0.22,0.24,0.32,0.40,0.98,0.70,0.39,0.31,0.23,0.25,0.31,0.57,tick=147768 goal=0
1787896958.7,-11.96,-0.20,267.7,0.49,0.56,0.70,1.03,1.78,0.21,0.36,0.40,1.03,0.69,0.40,0.28,0.23,0.26,0.29,0.51,tick=147816 goal=0
1787897041.3,-11.96,-0.20,69.3,0.48,0.96,0.64,0.37,0.31,0.25,0.29,0.36,0.56,0.51,0.62,0.79,1.45,0.20,0.26,0.28,tick=156081 goal=0
1787897043.3,-11.96,-0.20,82.0,0.93,0.96,0.40,0.34,0.27,0.28,0.34,0.57,0.56,0.60,0.76,1.11,0.20,0.24,0.29,0.33,tick=156275 goal=0
1787897043.5,-11.95,-0.14,84.0,0.90,0.95,0.41,0.34,0.28,0.27,0.36,0.57,0.59,0.62,0.76,1.28,0.20,0.23,0.27,0.33,tick=156295 goal=0
1787897045.3,-11.95,-0.11,97.6,0.89,0.54,0.35,0.32,0.25,0.32,0.49,0.60,0.58,0.69,0.99,0.20,0.21,0.27,0.28,0.77,tick=156472 goal=0
1787897045.6,-11.97,-0.01,96.7,0.83,0.53,0.34,0.29,0.27,0.30,0.38,0.65,0.62,0.74,1.05,0.21,0.22,0.27,0.26,0.73,tick=156510 goal=0
1787897045.9,-11.97,0.07,100.6,0.84,0.53,0.31,0.30,0.28,0.28,0.40,0.66,0.64,0.76,0.28,0.22,0.26,0.25,0.28,0.75,tick=156538 goal=0
1787897046.2,-11.98,0.16,98.5,0.78,0.50,0.31,0.30,0.30,0.28,0.42,0.69,0.65,0.81,0.28,0.23,0.23,0.22,0.26,0.85,tick=156567 goal=0
1787897046.5,-11.99,0.24,96.0,0.76,0.48,0.31,0.28,0.29,0.29,0.42,0.74,0.66,0.83,0.28,0.23,0.23,0.22,0.31,0.82,tick=156595 goal=0
1787897046.8,-12.01,0.36,99.1,0.73,0.47,0.29,0.26,0.28,0.30,0.41,0.74,0.74,0.91,0.28,0.27,0.20,0.20,0.33,0.76,tick=156633 goal=0
1787897047.1,-12.02,0.44,95.9,0.71,0.43,0.32,0.25,0.28,0.32,0.38,0.77,0.76,0.95,0.29,0.25,0.18,0.21,0.33,0.74,tick=156662 goal=0
1787897047.4,-12.03,0.53,97.4,0.66,0.45,0.34,0.24,0.26,0.32,0.37,0.84,0.80,0.99,0.30,0.25,0.17,0.22,0.40,0.71,tick=156691 goal=0
1787897047.7,-12.04,0.61,95.7,0.64,0.60,0.33,0.22,0.23,0.31,0.38,0.84,0.83,1.01,0.33,0.21,0.18,0.23,0.43,0.69,tick=156719 goal=0
1787897048.0,-12.06,0.70,98.7,0.61,0.60,0.29,0.24,0.23,0.32,0.37,0.79,0.84,1.06,0.35,0.20,0.20,0.23,0.42,0.63,tick=156748 goal=0
1787897048.4,-12.07,0.81,98.1,0.56,0.61,0.30,0.26,0.22,0.30,0.39,0.82,0.86,1.06,0.35,0.20,0.21,0.24,0.41,0.60,tick=156786 goal=0
1787897048.7,-12.08,0.90,93.6,0.54,0.59,0.27,0.23,0.23,0.26,0.41,0.85,0.91,1.10,0.34,0.21,0.22,0.28,0.42,0.56,tick=156815 goal=0
1787897048.9,-12.09,0.98,97.1,0.50,0.56,0.25,0.23,0.23,0.24,0.42,0.70,0.93,0.48,0.27,0.22,0.22,0.32,0.40,0.52,tick=156843 goal=0
1787897049.2,-12.09,1.07,92.9,0.47,0.52,0.26,0.23,0.23,0.26,0.42,0.70,0.98,0.50,0.27,0.23,0.21,0.31,0.38,0.48,tick=156872 goal=0
1787897049.6,-12.10,1.15,95.9,0.45,0.52,0.24,0.24,0.24,0.23,0.40,0.73,1.00,0.53,0.26,0.22,0.24,0.33,0.40,0.48,tick=156900 goal=0
1787897049.9,-12.11,1.27,94.3,0.40,0.46,0.26,0.21,0.23,0.24,0.35,0.76,1.05,0.56,0.29,0.23,0.27,0.31,0.41,0.43,tick=156939 goal=0
1787897050.1,-12.12,1.32,96.5,0.39,0.44,0.26,0.20,0.22,0.24,0.32,0.78,1.07,0.55,0.28,0.25,0.27,0.32,0.43,0.42,tick=156957 goal=0
1787897056.2,-12.10,1.30,307.4,0.34,0.25,0.25,0.30,0.33,0.46,0.42,0.37,0.46,0.21,0.19,0.23,0.25,0.49,1.08,1.13,tick=157572 goal=0
1787897056.4,-12.07,1.25,305.0,0.36,0.25,0.23,0.28,0.32,0.47,0.43,0.39,0.46,0.23,0.23,0.26,0.27,0.50,1.09,1.11,tick=157592 goal=0
1787897058.0,-12.06,1.24,294.1,0.57,0.27,0.23,0.25,0.30,0.35,0.43,0.43,0.45,0.36,0.23,0.24,0.26,0.32,0.59,1.00,tick=157747 goal=0
1787897058.2,-12.04,1.19,294.4,0.56,0.28,0.21,0.22,0.30,0.33,0.45,0.45,0.44,0.37,0.25,0.24,0.26,0.34,0.62,1.00,tick=157766 goal=0
1787897058.4,-12.04,1.18,291.9,0.56,0.25,0.20,0.22,0.30,0.34,0.43,0.45,0.45,0.39,0.23,0.26,0.25,0.36,0.65,1.01,tick=157787 goal=0
1787897058.6,-12.01,1.13,291.5,0.56,0.24,0.20,0.20,0.26,0.32,0.48,0.48,0.47,0.38,0.27,0.26,0.26,0.39,0.70,0.99,tick=157807 goal=0
1787897058.8,-12.01,1.12,292.1,0.56,0.23,0.20,0.20,0.26,0.33,0.48,0.47,0.46,0.38,0.25,0.25,0.26,0.40,0.71,0.96,tick=157828 goal=0
1787897059.0,-11.99,1.07,295.5,0.56,0.22,0.20,0.19,0.24,0.32,0.51,0.50,0.47,0.38,0.28,0.27,0.26,0.40,0.70,0.96,tick=157848 goal=0
1787897059.3,-11.97,1.03,291.6,0.57,0.22,0.20,0.18,0.26,0.33,0.53,0.48,0.50,0.40,0.27,0.28,0.26,0.44,0.71,0.98,tick=157884 goal=0
1787897059.5,-11.95,0.97,290.6,1.12,0.21,0.18,0.18,0.18,0.32,0.57,0.54,0.51,0.38,0.30,0.29,0.26,0.44,0.69,0.93,tick=157902 goal=0
1787897059.8,-11.95,0.97,288.3,1.10,0.20,0.18,0.15,0.21,0.33,0.56,0.53,0.51,0.37,0.29,0.28,0.28,0.43,0.70,0.91,tick=157923 goal=0
1787897059.9,-11.92,0.91,291.5,1.08,0.24,0.15,0.15,0.21,0.30,0.47,0.56,0.54,0.39,0.30,0.29,0.29,0.44,0.69,0.91,tick=157944 goal=0
1787897060.2,-11.92,0.90,291.0,1.07,0.23,0.17,0.16,0.17,0.31,0.46,0.55,0.54,0.38,0.30,0.28,0.30,0.43,0.69,0.90,tick=157965 goal=0
1787897060.4,-11.90,0.84,291.5,1.04,0.29,0.15,0.15,0.16,0.27,0.45,0.55,0.55,0.39,0.32,0.28,0.32,0.42,0.66,0.88,tick=157985 goal=0
1787897063.9,-11.90,0.83,249.8,0.85,0.89,0.41,0.20,0.15,0.14,0.17,0.32,0.61,0.58,0.59,0.37,0.33,0.28,0.33,0.44,tick=158336 goal=0
1787897064.2,-11.94,0.75,242.4,0.83,0.86,1.03,0.33,0.17,0.14,0.18,0.31,0.51,0.61,0.63,0.33,0.32,0.28,0.32,0.40,tick=158366 goal=0
1787897064.5,-11.97,0.67,248.9,0.80,0.83,1.01,0.31,0.18,0.15,0.19,0.31,0.66,0.64,0.63,0.33,0.30,0.25,0.32,0.37,tick=158395 goal=0
1787897064.7,-12.00,0.59,250.8,0.78,0.78,0.97,0.31,0.21,0.17,0.21,0.33,0.71,0.68,0.69,0.34,0.25,0.24,0.33,0.38,tick=158423 goal=0
1787897065.0,-12.04,0.50,250.3,0.74,0.75,0.93,0.31,0.27,0.17,0.21,0.31,0.72,0.68,0.67,0.33,0.25,0.24,0.31,0.34,tick=158452 goal=0
1787897065.2,-12.05,0.45,248.4,0.71,0.75,0.93,0.30,0.26,0.18,0.21,0.29,0.74,0.70,0.66,0.33,0.23,0.26,0.31,0.35,tick=158471 goal=0
1787897065.5,-12.05,0.44,250.9,0.72,0.73,0.90,0.29,0.29,0.21,0.20,0.30,0.73,0.69,0.68,0.35,0.24,0.25,0.31,0.37,tick=158491 goal=0
1787897065.9,-12.09,0.31,254.2,0.67,0.68,0.84,0.32,0.28,0.23,0.24,0.32,0.80,0.72,0.46,0.30,0.23,0.26,0.27,0.32,tick=158537 goal=0
1787897066.4,-12.14,0.17,250.0,0.63,0.66,0.78,1.09,0.28,0.29,0.26,0.35,0.84,0.75,0.45,0.26,0.22,0.23,0.23,0.28,tick=158586 goal=0
1787897066.9,-12.14,0.16,250.2,0.63,0.67,0.76,1.08,0.29,0.31,0.24,0.36,0.85,0.77,0.44,0.25,0.25,0.25,0.23,0.29,tick=158637 goal=0
1787897067.5,-12.20,0.02,250.5,0.56,0.65,0.72,0.94,0.30,0.31,0.30,0.35,0.80,0.81,0.46,0.26,0.25,0.21,0.19,0.26,tick=158687 goal=0
1787897069.6,-12.20,0.02,266.5,0.68,0.73,0.89,0.34,0.32,0.30,0.33,0.69,0.88,0.51,0.24,0.26,0.21,0.21,0.23,0.36,tick=158910 goal=0
1787897070.3,-12.22,-0.17,263.2,0.62,0.64,0.82,1.36,0.27,0.34,0.34,0.72,0.93,0.55,0.30,0.28,0.19,0.18,0.24,0.34,tick=158970 goal=0
1787897070.8,-12.22,-0.35,265.3,0.54,0.51,0.68,1.07,0.30,0.31,0.40,0.59,1.01,0.58,0.33,0.20,0.15,0.16,0.24,0.42,tick=159029 goal=0
1787897074.2,-12.22,-0.35,300.8,0.60,0.88,1.92,0.29,0.37,0.44,0.98,0.98,0.32,0.25,0.16,0.15,0.23,0.25,0.52,0.48,tick=159372 goal=0
1787897074.8,-12.12,-0.51,299.8,0.55,0.76,1.70,0.28,0.32,0.39,1.07,1.03,0.41,0.28,0.21,0.22,0.25,0.25,0.47,0.40,tick=159432 goal=0
1787897075.4,-12.05,-0.67,296.0,0.47,0.68,1.35,1.03,0.27,0.41,0.86,1.06,0.48,0.33,0.23,0.25,0.26,0.38,0.44,0.35,tick=159490 goal=0
1787897076.0,-11.98,-0.83,293.1,0.41,0.59,0.96,1.73,0.81,0.29,0.49,1.15,0.57,0.38,0.27,0.24,0.34,0.42,0.41,0.30,tick=159549 goal=0
1787897076.6,-11.90,-0.96,295.4,0.35,0.53,0.90,1.73,0.80,0.29,0.49,1.21,0.63,0.37,0.31,0.26,0.34,0.35,0.32,0.26,tick=159607 goal=0
1787897080.0,-11.91,-0.96,337.8,0.78,1.68,0.76,0.27,0.48,1.17,0.85,0.49,0.31,0.26,0.37,0.43,0.38,0.25,0.36,0.40,tick=159944 goal=0
1787897080.6,-11.74,-1.04,328.8,0.58,1.66,0.90,0.79,0.26,1.23,1.25,0.59,0.39,0.32,0.41,0.38,0.29,0.24,0.31,0.36,tick=160004 goal=0
1787897081.1,-11.59,-1.12,334.4,0.47,1.64,0.91,0.74,1.45,0.51,1.27,0.69,0.46,0.36,0.42,0.40,0.21,0.27,0.26,0.32,tick=160063 goal=0
1787897081.6,-11.45,-1.19,336.7,0.46,1.64,0.86,0.73,1.46,0.28,1.31,0.73,0.49,0.42,0.45,0.24,0.22,0.25,0.25,0.33,tick=160112 goal=0
1787897083.7,-11.44,-1.19,341.0,0.72,1.58,0.65,0.80,1.35,1.29,0.92,0.59,0.48,0.48,0.41,0.23,0.25,0.25,0.25,0.39,tick=160304 goal=0
1787897084.2,-11.24,-1.25,343.3,0.63,1.50,0.77,0.70,1.41,0.44,1.09,0.73,0.57,0.55,0.47,0.25,0.22,0.19,0.23,0.33,tick=160374 goal=0
1787897084.7,-11.11,-1.31,340.3,0.55,1.41,0.77,0.63,1.43,1.28,1.44,0.83,0.61,0.58,0.31,0.28,0.18,0.19,0.25,0.27,tick=160422 goal=0
1787897091.1,-11.14,-1.31,188.3,0.57,0.29,0.27,0.20,0.17,0.23,0.28,0.59,1.48,0.74,0.67,1.40,0.51,1.11,0.75,0.57,tick=161061 goal=0
1787897091.6,-11.29,-1.33,187.6,0.51,0.23,0.23,0.19,0.16,0.22,0.32,0.61,1.53,0.78,0.73,1.41,0.43,1.05,0.66,0.54,tick=161111 goal=0
1787897098.8,-11.27,-1.33,342.8,0.60,1.51,0.78,0.74,1.41,0.44,1.07,0.68,0.51,0.51,0.25,0.27,0.21,0.17,0.21,0.30,tick=161815 goal=0
1787897099.2,-11.13,-1.37,340.9,0.55,1.41,0.77,0.64,1.45,1.02,1.41,0.81,0.61,0.56,0.27,0.24,0.17,0.14,0.23,0.26,tick=161874 goal=0
1787897106.2,-11.15,-1.37,188.0,0.57,0.26,0.20,0.17,0.15,0.21,0.25,0.55,1.46,0.75,0.69,1.45,0.91,1.13,0.72,0.57,tick=162564 goal=0
1787897106.8,-11.31,-1.38,187.2,0.53,0.21,0.23,0.16,0.14,0.17,0.27,0.56,1.50,0.81,0.73,1.45,0.47,1.07,0.67,0.52,tick=162614 goal=0
1787897113.5,-11.32,-1.38,337.3,0.48,1.45,0.85,0.70,1.49,1.02,1.43,0.78,0.57,0.53,0.24,0.23,0.18,0.15,0.17,0.27,tick=163301 goal=0
1787897114.0,-11.18,-1.43,335.8,0.29,1.44,0.98,0.59,1.48,1.35,1.47,0.86,0.64,0.58,0.27,0.23,0.13,0.13,0.15,0.22,tick=163352 goal=0
1787897120.9,-11.21,-1.43,185.0,0.56,0.27,0.18,0.14,0.11,0.17,0.23,0.31,1.40,0.85,0.61,1.52,1.36,1.49,0.85,0.60,tick=164035 goal=0
1787897121.4,-11.36,-1.44,177.2,0.52,0.22,0.19,0.12,0.12,0.13,0.23,0.30,1.50,0.88,0.69,1.52,1.38,1.45,0.79,0.52,tick=164085 goal=0
1787897128.4,-11.33,-1.43,13.2,1.52,0.83,0.76,1.47,1.39,1.02,0.62,0.52,0.54,0.17,0.20,0.14,0.14,0.13,0.26,0.58,tick=164789 goal=0
1787897128.7,-11.24,-1.42,8.0,1.48,0.79,0.71,1.46,0.50,1.09,0.68,0.55,0.56,0.25,0.18,0.13,0.14,0.17,0.24,0.53,tick=164819 goal=0
1787897129.0,-11.15,-1.41,9.6,1.44,0.78,0.67,1.47,0.97,1.16,0.76,0.58,0.57,0.26,0.17,0.13,0.13,0.19,0.24,0.52,tick=164847 goal=0
1787897129.3,-11.07,-1.40,5.4,1.40,0.75,0.63,1.45,1.03,1.21,0.82,0.60,0.62,0.29,0.18,0.17,0.14,0.21,0.22,0.52,tick=164876 goal=0
1787897129.5,-10.98,-1.39,3.8,1.33,0.72,0.54,1.48,1.36,1.46,0.89,0.63,0.65,0.33,0.18,0.17,0.17,0.20,0.20,0.49,tick=164904 goal=0
1787897129.9,-10.87,-1.37,4.9,1.32,0.70,0.48,1.48,1.35,0.46,0.93,0.71,0.68,0.33,0.18,0.18,0.18,0.17,0.20,0.47,tick=164942 goal=0
1787897130.2,-10.78,-1.37,7.7,1.29,0.69,0.48,1.44,1.38,0.52,0.96,0.76,0.71,0.37,0.20,0.18,0.19,0.16,0.23,0.46,tick=164971 goal=0
1787897130.5,-10.69,-1.36,4.2,1.25,0.68,0.49,0.70,1.36,0.55,0.97,0.79,0.73,0.36,0.20,0.20,0.17,0.14,0.31,0.43,tick=164999 goal=0
1787897130.8,-10.61,-1.35,3.7,1.24,0.68,0.49,0.64,1.36,0.58,1.00,0.83,0.76,0.33,0.22,0.21,0.16,0.17,0.28,0.44,tick=165028 goal=0
1787897131.2,-10.51,-1.33,4.4,1.19,0.71,0.46,0.63,1.33,0.62,1.06,0.84,0.81,0.34,0.25,0.19,0.13,0.17,0.29,0.45,tick=165056 goal=0
1787897131.5,-10.41,-1.32,6.9,1.13,0.69,0.51,0.54,1.30,0.85,1.08,0.89,0.84,0.35,0.26,0.17,0.15,0.20,0.28,0.64,tick=165094 goal=0
1787897131.7,-10.33,-1.31,5.0,1.12,1.98,0.51,0.39,1.33,0.92,0.52,0.90,0.86,0.36,0.27,0.15,0.17,0.24,0.28,0.63,tick=165123 goal=0
1787897132.3,-10.15,-1.31,6.8,1.06,1.94,0.48,0.35,1.35,1.01,0.59,0.90,0.94,0.38,0.22,0.19,0.20,0.22,0.25,0.59,tick=165181 goal=0
1787897133.0,-9.94,-1.30,5.0,0.98,1.95,0.44,0.39,1.36,1.08,0.69,1.02,1.00,0.41,0.22,0.20,0.20,0.20,0.24,0.56,tick=165240 goal=0
1787897133.6,-9.77,-1.29,2.7,0.90,1.91,0.37,0.38,0.33,1.31,0.74,1.11,1.08,0.46,0.24,0.24,0.18,0.18,0.23,0.55,tick=165308 goal=0
1787897134.2,-9.59,-1.29,2.0,0.84,1.94,0.40,0.34,0.36,1.43,0.93,1.21,1.13,0.52,0.27,0.22,0.17,0.16,0.36,0.51,tick=165367 goal=0
1787897134.8,-9.41,-1.27,3.1,0.79,1.85,0.38,0.31,0.37,0.37,1.02,1.27,1.19,0.40,0.28,0.17,0.16,0.21,0.35,0.64,tick=165426 goal=0
1787897135.4,-9.24,-1.25,1.9,0.73,1.95,1.04,0.28,0.33,0.38,1.09,1.34,1.25,0.43,0.29,0.17,0.18,0.26,0.29,0.57,tick=165484 goal=0
1787897135.9,-9.07,-1.22,6.4,0.64,1.86,1.03,0.31,0.27,0.39,1.14,1.39,1.33,0.43,0.20,0.21,0.22,0.24,0.28,0.56,tick=165543 goal=0
1787897143.0,-9.05,-1.23,158.2,0.94,1.34,0.48,0.22,0.16,0.21,0.24,0.26,0.51,0.63,0.73,1.14,0.33,0.29,0.41,1.20,tick=166245 goal=0
1787897143.6,-9.22,-1.17,158.9,0.86,1.29,0.65,0.35,0.20,0.19,0.28,0.32,0.56,0.63,2.26,1.12,0.28,0.28,0.34,1.16,tick=166305 goal=0
1787897144.1,-9.39,-1.10,155.9,0.81,1.21,0.64,0.36,0.28,0.22,0.25,0.35,0.62,0.77,2.29,0.34,0.24,0.31,0.29,1.11,tick=166364 goal=0
1787897144.7,-9.56,-1.03,152.8,0.75,1.12,0.83,0.37,0.32,0.25,0.25,0.40,0.69,0.82,2.36,0.31,0.26,0.29,0.27,1.04,tick=166422 goal=0
1787897145.3,-9.72,-0.96,151.9,0.69,1.10,0.80,0.51,0.37,0.32,0.26,0.43,0.63,0.88,2.39,0.28,0.27,0.23,0.26,0.97,tick=166481 goal=0
1787897145.9,-9.88,-0.88,153.9,0.61,1.02,0.81,0.53,0.34,0.37,0.34,0.46,0.67,0.94,2.40,0.29,0.23,0.19,1.24,0.89,tick=166541 goal=0
1787897146.5,-10.04,-0.81,153.7,0.55,0.98,0.93,0.52,0.37,0.37,0.36,0.52,0.89,1.05,0.34,0.30,0.19,0.35,1.24,0.78,tick=166600 goal=0
1787897147.2,-10.22,-0.74,156.0,0.50,0.94,0.93,0.53,0.44,0.39,0.41,0.49,0.94,1.12,0.35,0.19,0.18,1.17,1.16,0.69,tick=166658 goal=0
1787897147.8,-10.39,-0.65,155.4,0.42,0.85,0.90,0.64,0.49,0.39,0.41,0.49,1.00,1.18,0.41,0.16,0.34,1.14,1.08,0.63,tick=166727 goal=0
1787897148.3,-10.51,-0.57,153.9,0.37,0.82,0.87,0.63,0.49,0.44,0.47,0.54,0.89,1.25,0.42,0.26,0.37,1.11,1.04,0.58,tick=166775 goal=0
1787897151.0,-10.52,-0.57,133.1,0.56,0.38,0.79,0.86,0.63,0.49,0.43,0.48,0.54,1.08,1.22,0.24,0.29,0.39,1.09,0.84,tick=167052 goal=0
1787897151.7,-10.65,-0.40,129.5,0.52,0.30,0.28,0.84,0.65,0.53,0.52,0.53,0.63,1.15,1.26,0.26,0.31,0.51,1.04,0.74,tick=167122 goal=0
1787897152.2,-10.75,-0.29,125.7,0.45,0.27,0.26,0.73,0.81,0.61,0.57,0.55,0.64,1.18,0.61,0.30,0.34,1.07,0.98,0.69,tick=167171 goal=0
1787897154.5,-10.76,-0.28,116.7,0.61,0.33,0.24,0.73,0.84,0.65,0.56,0.57,0.61,0.72,1.41,0.29,0.34,0.34,1.08,0.95,tick=167393 goal=0
1787897154.9,-10.82,-0.14,116.8,0.56,0.40,0.23,0.23,0.23,0.81,0.63,0.61,0.65,0.81,1.45,0.30,0.33,0.36,1.04,0.92,tick=167443 goal=0
1787897155.6,-10.82,-0.14,113.7,0.55,0.39,0.21,0.23,0.24,0.82,0.63,0.61,0.66,0.78,1.45,0.31,0.34,0.37,1.03,0.92,tick=167504 goal=0
1787897156.2,-10.90,0.05,111.3,0.49,0.35,0.19,0.18,0.21,0.86,0.74,0.68,0.72,0.89,1.48,0.35,0.32,0.45,0.97,0.84,tick=167570 goal=0
1787897156.8,-10.97,0.21,112.8,0.44,0.30,0.22,0.15,0.18,0.24,0.75,0.69,0.78,1.01,0.37,0.35,0.35,1.14,0.91,0.80,tick=167629 goal=0
1787897157.4,-11.02,0.37,112.0,0.37,0.26,0.23,0.14,0.12,0.18,0.77,0.78,0.83,1.11,0.41,0.36,0.36,1.06,0.85,0.74,tick=167685 goal=0
1787897159.9,-11.02,0.38,94.3,0.77,0.33,0.24,0.21,0.16,0.13,0.23,0.81,0.79,0.90,1.17,0.40,0.35,0.38,0.98,0.82,tick=167937 goal=0
1787897160.5,-11.04,0.55,94.9,0.65,0.31,0.23,0.18,0.19,0.15,0.18,0.87,0.89,0.94,1.22,0.41,0.32,0.38,0.87,0.77,tick=167995 goal=0
1787897161.0,-11.04,0.56,94.3,0.68,0.32,0.23,0.20,0.22,0.16,0.16,0.85,0.85,0.95,1.22,0.41,0.34,1.69,0.88,0.75,tick=168046 goal=0
1787897161.5,-11.06,0.72,91.7,0.64,0.29,0.22,0.18,0.19,0.19,0.20,0.38,0.92,1.00,1.28,0.38,0.34,1.67,0.84,0.72,tick=168097 goal=0
1787897162.0,-11.06,0.73,89.3,0.62,0.27,0.22,0.18,0.19,0.19,0.20,0.42,0.90,1.00,1.27,0.39,0.34,1.67,0.81,0.69,tick=168148 goal=0
1787897162.5,-11.07,0.88,92.5,0.55,0.27,0.20,0.19,0.20,0.21,0.24,0.40,0.94,1.04,0.51,0.36,0.37,1.50,0.78,0.65,tick=168198 goal=0
1787897163.0,-11.07,0.88,90.2,0.55,0.27,0.21,0.18,0.17,0.20,0.24,0.39,0.97,1.04,0.55,0.35,0.36,1.48,0.78,0.63,tick=168250 goal=0
1787897163.5,-11.06,1.04,92.0,0.48,0.38,0.17,0.19,0.17,0.20,0.24,0.30,1.00,1.11,0.54,0.36,0.43,1.43,0.73,0.59,tick=168300 goal=0
1787897165.6,-11.06,1.05,74.2,0.51,0.53,0.21,0.17,0.17,0.17,0.23,0.26,0.52,1.03,1.12,0.49,0.35,2.86,0.99,0.66,tick=168509 goal=0
1787897292.6,-11.06,1.05,257.5,0.96,0.94,1.05,0.48,0.34,0.52,1.00,0.71,0.57,0.56,0.23,0.19,0.17,0.19,0.20,0.23,tick=181180 goal=0
1787897292.7,-11.06,1.05,262.3,0.96,0.93,1.09,0.48,0.35,0.54,1.00,0.72,0.57,0.55,0.23,0.20,0.17,0.18,0.22,0.23,tick=181219 goal=0
1787897293.0,-11.06,1.03,259.3,0.95,0.94,1.06,0.49,0.33,0.49,1.04,0.73,0.56,0.55,0.21,0.20,0.19,0.19,0.22,0.21,tick=181224 goal=0
1787897293.2,-11.06,1.02,259.9,0.94,0.92,1.06,0.47,0.33,0.47,1.05,0.74,0.57,0.55,0.24,0.20,0.17,0.20,0.22,0.20,tick=181263 goal=0
1787897293.5,-11.07,1.01,257.7,0.96,0.92,1.05,0.48,0.36,0.42,1.04,0.73,0.57,0.55,0.23,0.19,0.17,0.20,0.20,0.21,tick=181268 goal=0
1787897293.6,-11.07,1.00,258.7,0.94,0.93,1.05,0.47,0.34,0.44,1.07,0.75,0.56,0.54,0.22,0.20,0.17,0.20,0.18,0.19,tick=181306 goal=0
1787897293.9,-11.07,0.99,257.3,0.96,0.91,1.05,0.47,0.35,0.38,1.05,0.74,0.58,0.58,0.22,0.21,0.16,0.18,0.18,0.22,tick=181311 goal=0
1787897294.0,-11.07,0.98,252.5,0.95,0.92,1.05,0.49,0.35,0.37,1.06,0.73,0.58,0.57,0.25,0.21,0.16,0.17,0.20,0.20,tick=181350 goal=0
1787897294.4,-11.07,0.97,255.5,0.94,0.91,1.02,0.48,0.33,0.38,1.05,0.76,0.58,0.57,0.25,0.19,0.17,0.18,0.20,0.20,tick=181354 goal=0
1787897296.6,-11.07,0.96,280.2,0.93,1.01,0.50,0.37,0.38,1.35,0.80,0.62,0.61,0.25,0.20,0.19,0.18,0.17,0.20,0.93,tick=181609 goal=0
1787897296.8,-11.07,0.90,279.0,0.91,0.99,0.51,0.37,0.34,1.37,0.83,0.67,0.64,0.27,0.22,0.19,0.18,0.17,0.17,0.92,tick=181632 goal=0
1787897297.0,-11.06,0.84,277.8,0.90,0.99,0.49,0.38,0.36,1.42,0.85,0.72,0.66,0.27,0.22,0.19,0.20,0.17,0.17,0.88,tick=181653 goal=0
1787897297.2,-11.06,0.78,275.9,0.87,0.94,1.26,0.40,0.34,1.52,0.87,0.73,0.69,0.30,0.22,0.18,0.19,0.16,0.17,0.86,tick=181674 goal=0
1787897297.5,-11.05,0.72,274.9,0.85,0.93,1.25,0.41,0.33,1.55,0.88,0.76,0.71,0.31,0.23,0.21,0.18,0.13,0.17,0.85,tick=181695 goal=0
1787897297.7,-11.05,0.66,274.4,0.85,0.91,1.21,0.40,0.34,0.41,0.91,0.79,0.73,0.31,0.22,0.20,0.16,0.14,0.19,0.83,tick=181716 goal=0
1787897297.9,-11.04,0.60,274.8,0.79,0.88,1.20,0.39,0.33,0.41,0.94,0.83,0.74,0.35,0.24,0.19,0.14,0.12,0.23,0.82,tick=181736 goal=0
1787897298.2,-11.03,0.51,275.3,0.77,0.86,1.13,0.41,0.33,0.41,1.02,0.83,0.77,0.34,0.23,0.20,0.12,0.14,0.23,0.78,tick=181758 goal=0
1787897298.4,-11.03,0.44,271.6,0.74,0.82,1.10,0.40,0.34,0.37,1.06,0.87,0.79,0.36,0.27,0.17,0.11,0.16,0.25,0.77,tick=181792 goal=0
1787897298.6,-11.03,0.38,272.6,0.72,0.81,1.09,0.40,0.38,0.36,1.10,0.89,0.85,0.38,0.26,0.14,0.12,0.15,0.24,0.76,tick=181813 goal=0
1787897298.9,-11.02,0.32,277.4,0.70,0.79,1.07,0.39,0.38,0.36,1.10,0.92,0.84,0.41,0.25,0.12,0.13,0.19,0.22,0.73,tick=181834 goal=0
1787897299.1,-11.02,0.26,272.3,0.68,0.74,1.04,1.40,0.38,0.36,1.13,0.93,0.86,0.42,0.25,0.12,0.15,0.17,0.22,0.71,tick=181855 goal=0
1787897299.4,-11.01,0.18,273.0,0.67,0.71,1.00,1.44,0.39,0.36,1.17,0.96,0.91,0.41,0.17,0.17,0.14,0.17,0.78,0.68,tick=181884 goal=0
1787897299.6,-11.01,0.12,276.5,0.64,0.72,0.99,1.41,0.38,0.37,1.19,0.98,0.93,0.39,0.17,0.15,0.18,0.17,0.77,0.63,tick=181905 goal=0
1787897299.9,-11.00,0.06,273.9,0.60,0.67,0.94,1.43,0.37,0.37,1.20,1.00,0.94,0.41,0.17,0.15,0.17,0.17,0.77,0.61,tick=181926 goal=0
1787897300.2,-10.99,-0.05,275.5,0.56,0.62,0.81,1.46,0.36,0.39,0.54,1.06,0.99,0.42,0.17,0.18,0.17,0.75,0.69,0.56,tick=181965 goal=0
1787897300.5,-10.99,-0.14,272.9,0.53,0.58,0.73,1.45,0.35,0.40,0.51,1.09,1.01,0.46,0.21,0.17,0.17,0.75,0.57,0.53,tick=181996 goal=0
1787897300.7,-10.98,-0.20,273.3,0.52,0.52,0.71,1.44,0.38,0.41,0.49,1.11,1.05,0.46,0.19,0.18,0.65,0.72,0.56,0.50,tick=182017 goal=0
1787897300.9,-10.98,-0.26,277.5,0.51,0.51,0.68,1.45,0.62,0.41,0.47,1.11,1.06,0.46,0.22,0.18,0.66,0.71,0.52,0.48,tick=182038 goal=0
1787897301.1,-10.97,-0.32,276.6,0.48,0.46,0.64,1.28,0.62,0.40,0.47,1.13,1.07,0.47,0.21,0.18,0.65,0.72,0.51,0.47,tick=182059 goal=0
1787897301.3,-10.97,-0.38,276.0,0.48,0.46,0.63,1.26,0.66,0.41,0.47,1.16,1.07,0.31,0.24,0.69,0.65,0.72,0.50,0.44,tick=182080 goal=0
1787897301.5,-10.96,-0.45,275.8,0.44,0.44,0.61,1.24,2.99,0.39,0.49,1.18,1.13,0.32,0.24,0.69,0.64,0.73,0.49,0.41,tick=182101 goal=0
1787897301.9,-10.96,-0.46,276.7,0.42,0.41,0.60,1.22,1.69,0.40,0.49,1.18,1.14,0.31,0.25,0.69,0.63,0.72,0.48,0.43,tick=182104 goal=0
1787897306.8,-10.98,-0.45,168.0,0.63,0.67,0.68,0.50,0.39,0.42,0.47,0.64,1.38,0.62,0.41,0.56,1.18,0.73,0.28,0.18,tick=182630 goal=0
1787897307.2,-11.00,-0.45,170.5,0.64,0.64,0.68,0.48,0.39,0.40,0.47,0.65,1.41,0.62,0.43,0.57,1.17,0.75,0.29,0.19,tick=182635 goal=0
1787897309.3,-11.00,-0.45,186.2,0.60,0.71,0.46,0.40,0.40,0.44,0.62,1.43,0.68,0.41,0.51,1.20,1.08,0.30,0.20,0.66,tick=182876 goal=0
1787897309.5,-11.06,-0.46,186.6,0.58,0.70,0.46,0.40,0.41,0.42,0.64,1.30,0.69,0.46,0.53,1.20,1.05,0.26,0.18,0.63,tick=182899 goal=0
1787897309.8,-11.12,-0.47,187.8,0.57,0.69,0.46,0.39,0.42,0.44,0.64,1.31,0.73,0.49,0.58,1.19,0.76,0.24,0.76,0.62,tick=182920 goal=0
1787897310.0,-11.21,-0.48,186.6,0.55,0.66,0.41,0.40,0.40,0.44,0.64,1.31,0.74,0.51,0.67,1.19,0.72,0.20,0.72,0.55,tick=182951 goal=0
1787897310.3,-11.30,-0.49,185.2,0.52,0.62,0.39,0.41,0.38,0.45,0.64,1.31,0.77,0.51,0.69,1.20,0.30,0.14,0.68,0.54,tick=182971 goal=0
1787897310.5,-11.36,-0.50,185.2,0.49,0.57,0.37,0.41,0.39,0.46,0.63,1.33,0.83,0.57,0.72,1.20,0.27,1.16,0.69,0.52,tick=183002 goal=0
1787897310.7,-11.42,-0.51,185.4,0.45,0.55,0.48,0.39,0.37,0.46,0.64,1.35,3.00,0.59,0.77,1.20,0.12,0.98,0.65,0.49,tick=183023 goal=0
1787897311.0,-11.50,-0.52,186.7,0.43,0.52,0.50,0.37,0.38,0.44,0.63,1.21,2.99,0.62,1.46,1.18,1.14,0.91,0.63,0.48,tick=183052 goal=0
1787897311.1,-11.51,-0.52,188.4,0.42,0.53,0.51,0.38,0.37,0.46,0.61,1.19,3.00,0.62,1.47,1.18,1.13,0.91,0.63,0.47,tick=183055 goal=0
1787897314.8,-11.51,-0.51,122.0,0.77,0.55,0.46,0.49,0.58,0.36,0.41,0.37,0.50,0.73,1.58,0.76,0.63,1.32,0.12,1.14,tick=183427 goal=0
1787897315.0,-11.56,-0.46,127.0,0.76,0.57,0.43,0.43,0.54,0.42,0.41,0.41,0.51,0.75,1.59,0.59,0.63,1.34,0.14,1.11,tick=183450 goal=0
1787897315.3,-11.60,-0.40,128.0,0.71,0.55,0.43,0.40,0.54,0.47,0.42,0.42,0.54,0.78,1.55,0.58,0.65,0.11,0.35,1.09,tick=183471 goal=0
1787897315.5,-11.65,-0.34,125.3,0.67,0.51,0.41,0.39,0.50,0.53,0.42,0.42,0.56,0.82,1.58,0.62,0.10,0.12,0.34,1.09,tick=183502 goal=0
1787897566.6,-11.65,-0.31,95.9,0,0,0,0,0,0,0,0,0,0,0,0,0,0,0,0,tick=208612 goal=0,0,0,10.360000000000014
1787897566.9,-11.65,-0.27,98.4,0,0,0,0,0,0,0,0,0,0,0,0,0,0,0,0,tick=208635 goal=0,0,0,8
1787897567.1,-11.66,-0.24,92.9,0,0,0,0,0,0,0,0,0,0,0,0,0,0,0,0,tick=208659 goal=0,0,0,24.625
1787897567.3,-11.66,-0.21,89.7,0,0,0,0,0,0,0,0,0,0,0,0,0,0,0,0,tick=208682 goal=0,0,0,25.283
1787897567.6,-11.66,-0.18,85.5,0,0,0,0,0,0,0,0,0,0,0,0,0,0,0,0,tick=208705 goal=0,0,0,25.223
1787897567.8,-11.65,-0.15,90.2,0,0,0,0,0,0,0,0,0,0,0,0,0,0,0,0,tick=208728 goal=0,0,0,25.537000000000003
1787897568.0,-11.65,-0.12,92.9,0,0,0,0,0,0,0,0,0,0,0,0,0,0,0,0,tick=208751 goal=0,0,0,0
1787897568.3,-11.65,-0.10,90.8,0,0,0,0,0,0,0,0,0,0,0,0,0,0,0,0,tick=208775 goal=0,0,0,9.340000000000032
1787897568.5,-11.65,-0.07,86.6,0,0,0,0,0,0,0,0,0,0,0,0,0,0,0,0,tick=208798 goal=0,0,0,8
1787897568.7,-11.65,-0.04,92.3,0,0,0,0,0,0,0,0,0,0,0,0,0,0,0,0,tick=208821 goal=0,0,0,8
1787897568.9,-11.65,-0.01,88.5,0,0,0,0,0,0,0,0,0,0,0,0,0,0,0,0,tick=208844 goal=0,0,0,8
1787897569.2,-11.65,0.02,92.3,0,0,0,0,0,0,0,0,0,0,0,0,0,0,0,0,tick=208867 goal=0,0,0,0
1787897569.4,-11.65,0.05,86.0,0,0,0,0,0,0,0,0,0,0,0,0,0,0,0,0,tick=208890 goal=0,0,0,0
1787897569.6,-11.65,0.08,87.6,0,0,0,0,0,0,0,0,0,0,0,0,0,0,0,0,tick=208913 goal=0,0,0,25.704
1787897569.9,-11.65,0.11,86.4,0,0,0,0,0,0,0,0,0,0,0,0,0,0,0,0,tick=208937 goal=0,0,0,25.526
1787897570.1,-11.65,0.14,92.9,0,0,0,0,0,0,0,0,0,0,0,0,0,0,0,0,tick=208960 goal=0,0,0,25.305
1787897570.3,-11.65,0.17,89.5,0,0,0,0,0,0,0,0,0,0,0,0,0,0,0,0,tick=208983 goal=0,0,0,25.854
1787897570.8,-11.65,0.20,89.2,0,0,0,0,0,0,0,0,0,0,0,0,0,0,0,0,tick=209016 goal=0,0,0,14.580000000000041
1787897571.0,-11.64,0.25,89.7,0,0,0,0,0,0,0,0,0,0,0,0,0,0,0,0,tick=209047 goal=0,0,0,0
1787897571.2,-11.64,0.28,87.0,0,0,0,0,0,0,0,0,0,0,0,0,0,0,0,0,tick=209070 goal=0,0,0,8
1787897571.5,-11.64,0.32,92.0,0,0,0,0,0,0,0,0,0,0,0,0,0,0,0,0,tick=209102 goal=0,0,0,0
1787897571.8,-11.64,0.35,90.1,0,0,0,0,0,0,0,0,0,0,0,0,0,0,0,0,tick=209125 goal=0,0,0,8
1787897572.1,-11.64,0.38,90.1,0,0,0,0,0,0,0,0,0,0,0,0,0,0,0,0,tick=209158 goal=0,0,0,0
1787897572.3,-11.64,0.42,87.4,0,0,0,0,0,0,0,0,0,0,0,0,0,0,0,0,tick=209181 goal=0,0,0,9.600000000000023
1787897572.5,-11.64,0.45,90.5,0,0,0,0,0,0,0,0,0,0,0,0,0,0,0,0,tick=209204 goal=0,0,0,0
1787897572.8,-11.64,0.48,87.1,0,0,0,0,0,0,0,0,0,0,0,0,0,0,0,0,tick=209228 goal=0,0,0,26.056
1787897573.0,-11.64,0.51,89.9,0,0,0,0,0,0,0,0,0,0,0,0,0,0,0,0,tick=209251 goal=0,0,0,25.667
1787897573.2,-11.64,0.54,87.9,0,0,0,0,0,0,0,0,0,0,0,0,0,0,0,0,tick=209274 goal=0,0,0,25.825
1787897573.6,-11.64,0.58,89.7,0,0,0,0,0,0,0,0,0,0,0,0,0,0,0,0,tick=209305 goal=0,0,0,27.276
1787897573.8,-11.64,0.61,92.8,0,0,0,0,0,0,0,0,0,0,0,0,0,0,0,0,tick=209329 goal=0,0,0,0
1787897574.0,-11.64,0.64,88.5,0,0,0,0,0,0,0,0,0,0,0,0,0,0,0,0,tick=209352 goal=0,0,0,27.012999999999998
1787897574.4,-11.64,0.68,91.3,0,0,0,0,0,0,0,0,0,0,0,0,0,0,0,0,tick=209385 goal=0,0,0,28.816
1787897574.6,-11.64,0.71,89.7,0,0,0,0,0,0,0,0,0,0,0,0,0,0,0,0,tick=209408 goal=0,0,0,29
1787897574.8,-11.64,0.74,90.2,0,0,0,0,0,0,0,0,0,0,0,0,0,0,0,0,tick=209431 goal=0,0,0,29
1787897575.2,-11.63,0.78,89.5,0,0,0,0,0,0,0,0,0,0,0,0,0,0,0,0,tick=209464 goal=0,0,0,29
1787897575.5,-11.63,0.82,89.2,0,0,0,0,0,0,0,0,0,0,0,0,0,0,0,0,tick=209496 goal=0,0,0,29
1787897575.7,-11.63,0.86,86.2,0,0,0,0,0,0,0,0,0,0,0,0,0,0,0,0,tick=209519 goal=0,0,0,29
1787897575.9,-11.63,0.88,90.6,0,0,0,0,0,0,0,0,0,0,0,0,0,0,0,0,tick=209542 goal=0,0,0,25.258
1787897576.2,-11.63,0.91,87.7,0,0,0,0,0,0,0,0,0,0,0,0,0,0,0,0,tick=209566 goal=0,0,0,27.008
1787897576.4,-11.63,0.94,87.2,0,0,0,0,0,0,0,0,0,0,0,0,0,0,0,0,tick=209589 goal=0,0,0,0
1787897576.6,-11.63,0.97,91.0,0,0,0,0,0,0,0,0,0,0,0,0,0,0,0,0,tick=209612 goal=0,0,0,-15.399999999999977
1787897576.9,-11.63,1.00,88.5,0,0,0,0,0,0,0,0,0,0,0,0,0,0,0,0,tick=209635 goal=0,0,0,-15.799999999999955
1787897577.1,-11.63,1.03,89.1,0,0,0,0,0,0,0,0,0,0,0,0,0,0,0,0,tick=209659 goal=0,0,0,-17.899999999999977
1787897577.3,-11.63,1.06,88.9,0,0,0,0,0,0,0,0,0,0,0,0,0,0,0,0,tick=209682 goal=0,0,0,-9.899999999999977
1787897577.6,-11.63,1.09,89.6,0,0,0,0,0,0,0,0,0,0,0,0,0,0,0,0,tick=209705 goal=0,0,0,-11.600000000000023
1787897577.8,-11.63,1.12,91.9,0,0,0,0,0,0,0,0,0,0,0,0,0,0,0,0,tick=209728 goal=0,0,0,-11.299999999999955
1787897578.1,-11.63,1.15,87.0,0,0,0,0,0,0,0,0,0,0,0,0,0,0,0,0,tick=209752 goal=0,0,0,-13.399999999999977
1787897578.3,-11.63,1.19,87.0,0,0,0,0,0,0,0,0,0,0,0,0,0,0,0,0,tick=209782 goal=0,0,0,-9.899999999999977
1787897585.1,-11.61,1.14,279.0,0,0,0,0,0,0,0,0,0,0,0,0,0,0,0,0,tick=210461 goal=0,0,0,-9.399999999999977
1787897585.4,-11.61,1.11,275.4,0,0,0,0,0,0,0,0,0,0,0,0,0,0,0,0,tick=210485 goal=0,0,0,-8
1787897585.7,-11.61,1.07,272.1,0,0,0,0,0,0,0,0,0,0,0,0,0,0,0,0,tick=210518 goal=0,0,0,-8
1787897585.9,-11.60,1.04,270.1,0,0,0,0,0,0,0,0,0,0,0,0,0,0,0,0,tick=210541 goal=0,0,0,-9.5
1787897586.1,-11.60,1.01,272.5,0,0,0,0,0,0,0,0,0,0,0,0,0,0,0,0,tick=210564 goal=0,0,0,-8
1787897586.4,-11.60,0.98,274.1,0,0,0,0,0,0,0,0,0,0,0,0,0,0,0,0,tick=210587 goal=0,0,0,-8
1787897586.6,-11.60,0.95,271.1,0,0,0,0,0,0,0,0,0,0,0,0,0,0,0,0,tick=210611 goal=0,0,0,-8
1787897586.9,-11.60,0.92,266.4,0,0,0,0,0,0,0,0,0,0,0,0,0,0,0,0,tick=210634 goal=0,0,0,0
1787897587.2,-11.60,0.88,270.5,0,0,0,0,0,0,0,0,0,0,0,0,0,0,0,0,tick=210665 goal=0,0,0,-13.799999999999955
1787897587.4,-11.61,0.85,267.7,0,0,0,0,0,0,0,0,0,0,0,0,0,0,0,0,tick=210688 goal=0,0,0,-13.100000000000023
1787897587.6,-11.61,0.82,268.6,0,0,0,0,0,0,0,0,0,0,0,0,0,0,0,0,tick=210711 goal=0,0,0,-12.5
1787897587.8,-11.61,0.79,269.4,0,0,0,0,0,0,0,0,0,0,0,0,0,0,0,0,tick=210734 goal=0,0,0,-8.5
1787897588.1,-11.61,0.76,267.1,0,0,0,0,0,0,0,0,0,0,0,0,0,0,0,0,tick=210757 goal=0,0,0,-9.200000000000045
1787897588.3,-11.61,0.73,270.9,0,0,0,0,0,0,0,0,0,0,0,0,0,0,0,0,tick=210780 goal=0,0,0,-9.700000000000045
1787897588.5,-11.61,0.70,270.1,0,0,0,0,0,0,0,0,0,0,0,0,0,0,0,0,tick=210804 goal=0,0,0,-10.5
1787897588.8,-11.61,0.67,270.0,0,0,0,0,0,0,0,0,0,0,0,0,0,0,0,0,tick=210827 goal=0,0,0,-8.799999999999955
1787897589.0,-11.61,0.64,268.0,0,0,0,0,0,0,0,0,0,0,0,0,0,0,0,0,tick=210850 goal=0,0,0,-10.0
1787897589.3,-11.61,0.60,266.1,0,0,0,0,0,0,0,0,0,0,0,0,0,0,0,0,tick=210883 goal=0,0,0,-8
1787897589.6,-11.61,0.57,269.6,0,0,0,0,0,0,0,0,0,0,0,0,0,0,0,0,tick=210906 goal=0,0,0,-8.100000000000023
1787897589.8,-11.61,0.54,269.6,0,0,0,0,0,0,0,0,0,0,0,0,0,0,0,0,tick=210930 goal=0,0,0,-8
1787897590.0,-11.62,0.51,269.2,0,0,0,0,0,0,0,0,0,0,0,0,0,0,0,0,tick=210953 goal=0,0,0,55
1787897590.3,-11.61,0.47,269.6,0,0,0,0,0,0,0,0,0,0,0,0,0,0,0,0,tick=210983 goal=0,0,0,55
1787897590.6,-11.62,0.44,268.1,0,0,0,0,0,0,0,0,0,0,0,0,0,0,0,0,tick=211007 goal=0,0,0,55
1787897590.8,-11.62,0.41,267.4,0,0,0,0,0,0,0,0,0,0,0,0,0,0,0,0,tick=211030 goal=0,0,0,40.299999999999955
1787897591.1,-11.62,0.38,266.3,0,0,0,0,0,0,0,0,0,0,0,0,0,0,0,0,tick=211055 goal=0,0,0,39.5
1787897591.3,-11.62,0.35,265.9,0,0,0,0,0,0,0,0,0,0,0,0,0,0,0,0,tick=211078 goal=0,0,0,26.299999999999955
1787897591.6,-11.62,0.31,266.7,0,0,0,0,0,0,0,0,0,0,0,0,0,0,0,0,tick=211111 goal=0,0,0,17.399999999999977
1787897591.9,-11.62,0.28,269.2,0,0,0,0,0,0,0,0,0,0,0,0,0,0,0,0,tick=211135 goal=0,0,0,-8
1787897592.1,-11.62,0.25,270.2,0,0,0,0,0,0,0,0,0,0,0,0,0,0,0,0,tick=211158 goal=0,0,0,0
1787897592.4,-11.62,0.22,272.0,0,0,0,0,0,0,0,0,0,0,0,0,0,0,0,0,tick=211191 goal=0,0,0,55
1787897592.7,-11.62,0.18,267.5,0,0,0,0,0,0,0,0,0,0,0,0,0,0,0,0,tick=211212 goal=0,0,0,55
1787897592.9,-11.62,0.14,271.2,0,0,0,0,0,0,0,0,0,0,0,0,0,0,0,0,tick=211243 goal=0,0,0,55
1787897593.2,-11.62,0.11,268.6,0,0,0,0,0,0,0,0,0,0,0,0,0,0,0,0,tick=211267 goal=0,0,0,41.89999999999998
1787897593.4,-11.62,0.08,268.2,0,0,0,0,0,0,0,0,0,0,0,0,0,0,0,0,tick=211291 goal=0,0,0,23.100000000000023
1787897593.6,-11.62,0.05,269.6,0,0,0,0,0,0,0,0,0,0,0,0,0,0,0,0,tick=211314 goal=0,0,0,15.799999999999955
1787897593.9,-11.63,0.02,270.2,0,0,0,0,0,0,0,0,0,0,0,0,0,0,0,0,tick=211337 goal=0,0,0,13.600000000000023
1787897594.1,-11.62,-0.01,271.4,0,0,0,0,0,0,0,0,0,0,0,0,0,0,0,0,tick=211361 goal=0,0,0,9.600000000000023
1787897594.3,-11.62,-0.04,267.8,0,0,0,0,0,0,0,0,0,0,0,0,0,0,0,0,tick=211384 goal=0,0,0,8
1787897594.6,-11.62,-0.07,268.8,0,0,0,0,0,0,0,0,0,0,0,0,0,0,0,0,tick=211407 goal=0,0,0,8
1787897594.8,-11.62,-0.10,269.7,0,0,0,0,0,0,0,0,0,0,0,0,0,0,0,0,tick=211430 goal=0,0,0,26.36
1787897595.1,-11.62,-0.14,269.7,0,0,0,0,0,0,0,0,0,0,0,0,0,0,0,0,tick=211463 goal=0,0,0,26.838
1787897595.4,-11.62,-0.17,268.4,0,0,0,0,0,0,0,0,0,0,0,0,0,0,0,0,tick=211487 goal=0,0,0,27.391
1787897595.6,-11.62,-0.20,273.4,0,0,0,0,0,0,0,0,0,0,0,0,0,0,0,0,tick=211510 goal=0,0,0,0
1787897595.8,-11.62,-0.23,272.1,0,0,0,0,0,0,0,0,0,0,0,0,0,0,0,0,tick=211533 goal=0,0,0,26.012
1787897596.1,-11.62,-0.26,264.0,0,0,0,0,0,0,0,0,0,0,0,0,0,0,0,0,tick=211556 goal=0,0,0,24.713
1787897603.4,-11.62,-0.25,86.2,0,0,0,0,0,0,0,0,0,0,0,0,0,0,0,0,tick=212290 goal=0,0,0,-9.159999999999968
1787897603.6,-11.62,-0.22,90.0,0,0,0,0,0,0,0,0,0,0,0,0,0,0,0,0,tick=212313 goal=0,0,0,-8
1787897603.9,-11.61,-0.19,89.5,0,0,0,0,0,0,0,0,0,0,0,0,0,0,0,0,tick=212336 goal=0,0,0,-12.0
1787897604.1,-11.61,-0.16,87.0,0,0,0,0,0,0,0,0,0,0,0,0,0,0,0,0,tick=212359 goal=0,0,0,-14.399999999999977
1787897604.3,-11.61,-0.13,84.5,0,0,0,0,0,0,0,0,0,0,0,0,0,0,0,0,tick=212382 goal=0,0,0,-9.5
1787897604.6,-11.61,-0.10,83.8,0,0,0,0,0,0,0,0,0,0,0,0,0,0,0,0,tick=212406 goal=0,0,0,0
1787897604.8,-11.61,-0.07,91.9,0,0,0,0,0,0,0,0,0,0,0,0,0,0,0,0,tick=212429 goal=0,0,0,-15.600000000000023
1787897605.0,-11.61,-0.04,87.6,0,0,0,0,0,0,0,0,0,0,0,0,0,0,0,0,tick=212452 goal=0,0,0,-10.100000000000023
1787897605.3,-11.61,-0.01,86.9,0,0,0,0,0,0,0,0,0,0,0,0,0,0,0,0,tick=212476 goal=0,0,0,-8
1787897605.5,-11.61,0.02,86.9,0,0,0,0,0,0,0,0,0,0,0,0,0,0,0,0,tick=212499 goal=0,0,0,-8
1787897605.7,-11.61,0.05,89.7,0,0,0,0,0,0,0,0,0,0,0,0,0,0,0,0,tick=212522 goal=0,0,0,-8.299999999999955
1787897606.0,-11.61,0.08,91.3,0,0,0,0,0,0,0,0,0,0,0,0,0,0,0,0,tick=212545 goal=0,0,0,-8
1787897606.3,-11.61,0.11,88.7,0,0,0,0,0,0,0,0,0,0,0,0,0,0,0,0,tick=212579 goal=0,0,0,55
1787897606.5,-11.61,0.15,89.0,0,0,0,0,0,0,0,0,0,0,0,0,0,0,0,0,tick=212602 goal=0,0,0,55
1787897606.8,-11.61,0.18,91.5,0,0,0,0,0,0,0,0,0,0,0,0,0,0,0,0,tick=212625 goal=0,0,0,55
1787897607.0,-11.61,0.21,89.4,0,0,0,0,0,0,0,0,0,0,0,0,0,0,0,0,tick=212649 goal=0,0,0,49.700000000000045
1787897607.2,-11.61,0.24,91.4,0,0,0,0,0,0,0,0,0,0,0,0,0,0,0,0,tick=212672 goal=0,0,0,46.200000000000045
1787897607.5,-11.60,0.27,88.5,0,0,0,0,0,0,0,0,0,0,0,0,0,0,0,0,tick=212695 goal=0,0,0,34.0
1787897607.8,-11.60,0.30,92.3,0,0,0,0,0,0,0,0,0,0,0,0,0,0,0,0,tick=212718 goal=0,0,0,23.200000000000045
1787897608.0,-11.60,0.34,89.5,0,0,0,0,0,0,0,0,0,0,0,0,0,0,0,0,tick=212750 goal=0,0,0,12.100000000000023
1787897608.2,-11.60,0.37,85.6,0,0,0,0,0,0,0,0,0,0,0,0,0,0,0,0,tick=212773 goal=0,0,0,10.200000000000045
1787897608.5,-11.60,0.40,91.1,0,0,0,0,0,0,0,0,0,0,0,0,0,0,0,0,tick=212796 goal=0,0,0,8.899999999999977
1787897608.8,-11.60,0.44,92.1,0,0,0,0,0,0,0,0,0,0,0,0,0,0,0,0,tick=212829 goal=0,0,0,8.600000000000023
1787897609.0,-11.60,0.47,92.5,0,0,0,0,0,0,0,0,0,0,0,0,0,0,0,0,tick=212852 goal=0,0,0,0
1787897609.3,-11.60,0.50,86.9,0,0,0,0,0,0,0,0,0,0,0,0,0,0,0,0,tick=212876 goal=0,0,0,27.360999999999997
1787897609.5,-11.60,0.53,89.3,0,0,0,0,0,0,0,0,0,0,0,0,0,0,0,0,tick=212899 goal=0,0,0,26.985
1787897609.7,-11.60,0.56,91.6,0,0,0,0,0,0,0,0,0,0,0,0,0,0,0,0,tick=212922 goal=0,0,0,26.752000000000002
1787897610.0,-11.60,0.59,87.3,0,0,0,0,0,0,0,0,0,0,0,0,0,0,0,0,tick=212945 goal=0,0,0,26.449
1787897610.2,-11.60,0.62,91.6,0,0,0,0,0,0,0,0,0,0,0,0,0,0,0,0,tick=212968 goal=0,0,0,-8
1787897610.4,-11.60,0.65,91.6,0,0,0,0,0,0,0,0,0,0,0,0,0,0,0,0,tick=212992 goal=0,0,0,-8
1787897610.7,-11.60,0.68,91.1,0,0,0,0,0,0,0,0,0,0,0,0,0,0,0,0,tick=213015 goal=0,0,0,26.507
1787897610.9,-11.60,0.70,85.9,0,0,0,0,0,0,0,0,0,0,0,0,0,0,0,0,tick=213038 goal=0,0,0,26.925
1787897611.1,-11.60,0.73,90.9,0,0,0,0,0,0,0,0,0,0,0,0,0,0,0,0,tick=213061 goal=0,0,0,25.932
1787897611.4,-11.60,0.76,87.9,0,0,0,0,0,0,0,0,0,0,0,0,0,0,0,0,tick=213084 goal=0,0,0,25.396
1787897611.6,-11.60,0.79,89.0,0,0,0,0,0,0,0,0,0,0,0,0,0,0,0,0,tick=213108 goal=0,0,0,25.56
1787897611.9,-11.60,0.84,91.0,0,0,0,0,0,0,0,0,0,0,0,0,0,0,0,0,tick=213141 goal=0,0,0,25.445
1787897612.2,-11.60,0.88,89.3,0,0,0,0,0,0,0,0,0,0,0,0,0,0,0,0,tick=213174 goal=0,0,0,25.491
1787897612.5,-11.60,0.91,89.7,0,0,0,0,0,0,0,0,0,0,0,0,0,0,0,0,tick=213197 goal=0,0,0,25.403
1787897612.8,-11.60,0.95,87.0,0,0,0,0,0,0,0,0,0,0,0,0,0,0,0,0,tick=213230 goal=0,0,0,25.941
1787897613.0,-11.60,0.98,89.5,0,0,0,0,0,0,0,0,0,0,0,0,0,0,0,0,tick=213254 goal=0,0,0,-8
1787897613.3,-11.59,1.01,87.6,0,0,0,0,0,0,0,0,0,0,0,0,0,0,0,0,tick=213277 goal=0,0,0,-8
1787897613.5,-11.59,1.04,87.4,0,0,0,0,0,0,0,0,0,0,0,0,0,0,0,0,tick=213300 goal=0,0,0,0
1787897613.7,-11.59,1.07,88.9,0,0,0,0,0,0,0,0,0,0,0,0,0,0,0,0,tick=213323 goal=0,0,0,-8
1787897614.0,-11.59,1.10,88.5,0,0,0,0,0,0,0,0,0,0,0,0,0,0,0,0,tick=213346 goal=0,0,0,-8
1787897614.3,-11.59,1.14,89.3,0,0,0,0,0,0,0,0,0,0,0,0,0,0,0,0,tick=213377 goal=0,0,0,-8.779999999999973
1787897614.6,-11.59,1.17,87.8,0,0,0,0,0,0,0,0,0,0,0,0,0,0,0,0,tick=213401 goal=0,0,0,-8
1787897614.8,-11.59,1.21,91.6,0,0,0,0,0,0,0,0,0,0,0,0,0,0,0,0,tick=213432 goal=0,0,0,-8
1787897615.2,-11.59,1.24,91.1,0,0,0,0,0,0,0,0,0,0,0,0,0,0,0,0,tick=213465 goal=0,0,0,-8
1787897615.4,-11.59,1.28,94.4,0,0,0,0,0,0,0,0,0,0,0,0,0,0,0,0,tick=213486 goal=0,0,0,-8
1787897622.6,-11.59,1.27,265.0,0,0,0,0,0,0,0,0,0,0,0,0,0,0,0,0,tick=214204 goal=0,0,0,-8
1787897622.8,-11.59,1.24,265.1,0,0,0,0,0,0,0,0,0,0,0,0,0,0,0,0,tick=214228 goal=0,0,0,0
1787897623.3,-11.59,1.20,268.3,0,0,0,0,0,0,0,0,0,0,0,0,0,0,0,0,tick=214268 goal=0,0,0,-13.100000000000023
1787897623.6,-11.59,1.14,270.2,0,0,0,0,0,0,0,0,0,0,0,0,0,0,0,0,tick=214307 goal=0,0,0,-11.899999999999977
1787897623.8,-11.59,1.11,266.7,0,0,0,0,0,0,0,0,0,0,0,0,0,0,0,0,tick=214330 goal=0,0,0,-8
1787897624.0,-11.60,1.08,268.6,0,0,0,0,0,0,0,0,0,0,0,0,0,0,0,0,tick=214353 goal=0,0,0,-13.100000000000023
1787897624.3,-11.60,1.05,270.1,0,0,0,0,0,0,0,0,0,0,0,0,0,0,0,0,tick=214377 goal=0,0,0,-12.700000000000045
1787897624.6,-11.60,1.03,267.1,0,0,0,0,0,0,0,0,0,0,0,0,0,0,0,0,tick=214400 goal=0,0,0,-13.399999999999977
1787897624.8,-11.60,0.98,270.3,0,0,0,0,0,0,0,0,0,0,0,0,0,0,0,0,tick=214431 goal=0,0,0,-8.600000000000023
1787897625.0,-11.60,0.96,272.0,0,0,0,0,0,0,0,0,0,0,0,0,0,0,0,0,tick=214454 goal=0,0,0,-8.200000000000045
1787897625.3,-11.60,0.93,266.9,0,0,0,0,0,0,0,0,0,0,0,0,0,0,0,0,tick=214477 goal=0,0,0,-8.700000000000045
1787897625.5,-11.60,0.90,268.9,0,0,0,0,0,0,0,0,0,0,0,0,0,0,0,0,tick=214501 goal=0,0,0,-8
1787897625.8,-11.60,0.87,268.8,0,0,0,0,0,0,0,0,0,0,0,0,0,0,0,0,tick=214525 goal=0,0,0,0
1787897626.0,-11.60,0.84,270.0,0,0,0,0,0,0,0,0,0,0,0,0,0,0,0,0,tick=214548 goal=0,0,0,-9.799999999999955
1787897626.3,-11.60,0.80,270.1,0,0,0,0,0,0,0,0,0,0,0,0,0,0,0,0,tick=214580 goal=0,0,0,-13.100000000000023
1787897626.5,-11.60,0.77,269.1,0,0,0,0,0,0,0,0,0,0,0,0,0,0,0,0,tick=214604 goal=0,0,0,-8
1787897626.9,-11.60,0.72,269.4,0,0,0,0,0,0,0,0,0,0,0,0,0,0,0,0,tick=214637 goal=0,0,0,-12.299999999999955
1787897627.1,-11.60,0.70,267.7,0,0,0,0,0,0,0,0,0,0,0,0,0,0,0,0,tick=214660 goal=0,0,0,-11.0
1787897627.3,-11.60,0.66,269.2,0,0,0,0,0,0,0,0,0,0,0,0,0,0,0,0,tick=214684 goal=0,0,0,-11.600000000000023
1787897627.6,-11.60,0.63,268.2,0,0,0,0,0,0,0,0,0,0,0,0,0,0,0,0,tick=214707 goal=0,0,0,-9.600000000000023
1787897627.8,-11.60,0.60,269.8,0,0,0,0,0,0,0,0,0,0,0,0,0,0,0,0,tick=214731 goal=0,0,0,-8
1787897628.1,-11.60,0.57,271.9,0,0,0,0,0,0,0,0,0,0,0,0,0,0,0,0,tick=214754 goal=0,0,0,0
1787897628.3,-11.60,0.54,268.4,0,0,0,0,0,0,0,0,0,0,0,0,0,0,0,0,tick=214778 goal=0,0,0,-14.700000000000045
1787897628.5,-11.60,0.52,268.1,0,0,0,0,0,0,0,0,0,0,0,0,0,0,0,0,tick=214801 goal=0,0,0,-18.100000000000023
1787897628.8,-11.60,0.49,273.6,0,0,0,0,0,0,0,0,0,0,0,0,0,0,0,0,tick=214825 goal=0,0,0,-12.600000000000023
1787897629.0,-11.60,0.46,269.9,0,0,0,0,0,0,0,0,0,0,0,0,0,0,0,0,tick=214848 goal=0,0,0,-12.899999999999977
1787897629.2,-11.60,0.42,268.9,0,0,0,0,0,0,0,0,0,0,0,0,0,0,0,0,tick=214871 goal=0,0,0,-11.200000000000045
1787897629.4,-11.60,0.40,267.9,0,0,0,0,0,0,0,0,0,0,0,0,0,0,0,0,tick=214894 goal=0,0,0,-8
1787897629.7,-11.60,0.37,268.4,0,0,0,0,0,0,0,0,0,0,0,0,0,0,0,0,tick=214917 goal=0,0,0,-10.399999999999977
1787897629.9,-11.60,0.34,268.6,0,0,0,0,0,0,0,0,0,0,0,0,0,0,0,0,tick=214941 goal=0,0,0,-8
1787897630.2,-11.60,0.31,270.1,0,0,0,0,0,0,0,0,0,0,0,0,0,0,0,0,tick=214965 goal=0,0,0,-12.5
1787897630.4,-11.61,0.28,267.4,0,0,0,0,0,0,0,0,0,0,0,0,0,0,0,0,tick=214988 goal=0,0,0,0
1787897630.6,-11.61,0.25,270.3,0,0,0,0,0,0,0,0,0,0,0,0,0,0,0,0,tick=215012 goal=0,0,0,-11.299999999999955
1787897631.0,-11.61,0.22,269.4,0,0,0,0,0,0,0,0,0,0,0,0,0,0,0,0,tick=215045 goal=0,0,0,-8.200000000000045
1787897631.3,-11.60,0.16,267.9,0,0,0,0,0,0,0,0,0,0,0,0,0,0,0,0,tick=215078 goal=0,0,0,-8
1787897631.5,-11.60,0.13,269.1,0,0,0,0,0,0,0,0,0,0,0,0,0,0,0,0,tick=215101 goal=0,0,0,-8
1787897631.8,-11.61,0.10,271.6,0,0,0,0,0,0,0,0,0,0,0,0,0,0,0,0,tick=215124 goal=0,0,0,-8
1787897632.0,-11.61,0.08,270.3,0,0,0,0,0,0,0,0,0,0,0,0,0,0,0,0,tick=215148 goal=0,0,0,24.959
1787897632.2,-11.61,0.05,269.7,0,0,0,0,0,0,0,0,0,0,0,0,0,0,0,0,tick=215171 goal=0,0,0,24.717
1787897632.4,-11.61,0.01,264.0,0,0,0,0,0,0,0,0,0,0,0,0,0,0,0,0,tick=215194 goal=0,0,0,25.454
1787897632.7,-11.61,-0.01,270.9,0,0,0,0,0,0,0,0,0,0,0,0,0,0,0,0,tick=215217 goal=0,0,0,9.399999999999977
1787897632.9,-11.61,-0.04,268.6,0,0,0,0,0,0,0,0,0,0,0,0,0,0,0,0,tick=215240 goal=0,0,0,8
1787897633.1,-11.61,-0.07,266.7,0,0,0,0,0,0,0,0,0,0,0,0,0,0,0,0,tick=215263 goal=0,0,0,0
1787897633.5,-11.61,-0.11,265.2,0,0,0,0,0,0,0,0,0,0,0,0,0,0,0,0,tick=215295 goal=0,0,0,25.791
1787897633.9,-11.61,-0.16,268.5,0,0,0,0,0,0,0,0,0,0,0,0,0,0,0,0,tick=215336 goal=0,0,0,24.997
1787897634.1,-11.62,-0.19,268.9,0,0,0,0,0,0,0,0,0,0,0,0,0,0,0,0,tick=215360 goal=0,0,0,25.785
1787897634.3,-11.62,-0.22,269.6,0,0,0,0,0,0,0,0,0,0,0,0,0,0,0,0,tick=215383 goal=0,0,0,25.996000000000002
1787897641.1,-11.61,-0.22,76.3,0,0,0,0,0,0,0,0,0,0,0,0,0,0,0,0,tick=216056 goal=0,0,0,32.200000000000045
1787897641.3,-11.61,-0.19,84.0,0,0,0,0,0,0,0,0,0,0,0,0,0,0,0,0,tick=216080 goal=0,0,0,24.399999999999977
1787897641.5,-11.61,-0.15,84.4,0,0,0,0,0,0,0,0,0,0,0,0,0,0,0,0,tick=216104 goal=0,0,0,15.299999999999955
1787897641.8,-11.61,-0.13,83.6,0,0,0,0,0,0,0,0,0,0,0,0,0,0,0,0,tick=216127 goal=0,0,0,13.100000000000023
1787897642.1,-11.60,-0.10,86.0,0,0,0,0,0,0,0,0,0,0,0,0,0,0,0,0,tick=216150 goal=0,0,0,10.799999999999955
1787897642.3,-11.60,-0.06,88.0,0,0,0,0,0,0,0,0,0,0,0,0,0,0,0,0,tick=216181 goal=0,0,0,11.200000000000045
1787897642.5,-11.60,-0.03,85.3,0,0,0,0,0,0,0,0,0,0,0,0,0,0,0,0,tick=216204 goal=0,0,0,8
1787897642.8,-11.59,0.00,87.4,0,0,0,0,0,0,0,0,0,0,0,0,0,0,0,0,tick=216227 goal=0,0,0,8
1787897643.0,-11.59,0.03,84.3,0,0,0,0,0,0,0,0,0,0,0,0,0,0,0,0,tick=216250 goal=0,0,0,28.597
1787897643.2,-11.59,0.06,87.7,0,0,0,0,0,0,0,0,0,0,0,0,0,0,0,0,tick=216274 goal=0,0,0,26.259999999999998
1787897643.5,-11.59,0.09,89.1,0,0,0,0,0,0,0,0,0,0,0,0,0,0,0,0,tick=216297 goal=0,0,0,26.966
1787897643.7,-11.59,0.12,88.7,0,0,0,0,0,0,0,0,0,0,0,0,0,0,0,0,tick=216320 goal=0,0,0,25.659
1787897643.9,-11.59,0.15,86.6,0,0,0,0,0,0,0,0,0,0,0,0,0,0,0,0,tick=216343 goal=0,0,0,0
1787897644.2,-11.59,0.18,88.0,0,0,0,0,0,0,0,0,0,0,0,0,0,0,0,0,tick=216368 goal=0,0,0,0
1787897644.5,-11.59,0.21,92.7,0,0,0,0,0,0,0,0,0,0,0,0,0,0,0,0,tick=216391 goal=0,0,0,25.901999999999997
1787897644.7,-11.59,0.25,88.0,0,0,0,0,0,0,0,0,0,0,0,0,0,0,0,0,tick=216422 goal=0,0,0,25.613
1787897645.0,-11.58,0.29,89.8,0,0,0,0,0,0,0,0,0,0,0,0,0,0,0,0,tick=216453 goal=0,0,0,25.549
1787897645.3,-11.58,0.32,90.1,0,0,0,0,0,0,0,0,0,0,0,0,0,0,0,0,tick=216476 goal=0,0,0,24.542
1787897645.5,-11.58,0.35,89.3,0,0,0,0,0,0,0,0,0,0,0,0,0,0,0,0,tick=216499 goal=0,0,0,25.572
1787897645.7,-11.58,0.37,90.9,0,0,0,0,0,0,0,0,0,0,0,0,0,0,0,0,tick=216522 goal=0,0,0,0
1787897646.0,-11.58,0.40,92.6,0,0,0,0,0,0,0,0,0,0,0,0,0,0,0,0,tick=216546 goal=0,0,0,8
1787897646.2,-11.58,0.44,91.8,0,0,0,0,0,0,0,0,0,0,0,0,0,0,0,0,tick=216569 goal=0,0,0,24.779
1787897646.4,-11.58,0.46,89.4,0,0,0,0,0,0,0,0,0,0,0,0,0,0,0,0,tick=216592 goal=0,0,0,24.683
1787897646.7,-11.58,0.49,90.8,0,0,0,0,0,0,0,0,0,0,0,0,0,0,0,0,tick=216616 goal=0,0,0,26.689
1787897646.9,-11.58,0.52,88.6,0,0,0,0,0,0,0,0,0,0,0,0,0,0,0,0,tick=216639 goal=0,0,0,22.0
1787897647.1,-11.58,0.55,92.4,0,0,0,0,0,0,0,0,0,0,0,0,0,0,0,0,tick=216662 goal=0,0,0,0
1787897647.4,-11.58,0.58,88.0,0,0,0,0,0,0,0,0,0,0,0,0,0,0,0,0,tick=216685 goal=0,0,0,8
1787897647.6,-11.58,0.61,92.2,0,0,0,0,0,0,0,0,0,0,0,0,0,0,0,0,tick=216708 goal=0,0,0,8
1787897647.8,-11.58,0.64,90.8,0,0,0,0,0,0,0,0,0,0,0,0,0,0,0,0,tick=216731 goal=0,0,0,11.580000000000041
1787897648.1,-11.58,0.67,95.3,0,0,0,0,0,0,0,0,0,0,0,0,0,0,0,0,tick=216755 goal=0,0,0,10.279999999999973
1787897648.3,-11.58,0.70,89.6,0,0,0,0,0,0,0,0,0,0,0,0,0,0,0,0,tick=216778 goal=0,0,0,8.379999999999995
1787897648.5,-11.58,0.73,86.3,0,0,0,0,0,0,0,0,0,0,0,0,0,0,0,0,tick=216801 goal=0,0,0,8
1787897648.7,-11.58,0.76,92.5,0,0,0,0,0,0,0,0,0,0,0,0,0,0,0,0,tick=216824 goal=0,0,0,8
1787897649.1,-11.58,0.80,93.2,0,0,0,0,0,0,0,0,0,0,0,0,0,0,0,0,tick=216857 goal=0,0,0,8
1787897649.3,-11.58,0.83,89.9,0,0,0,0,0,0,0,0,0,0,0,0,0,0,0,0,tick=216881 goal=0,0,0,25.64
1787897649.5,-11.58,0.86,89.9,0,0,0,0,0,0,0,0,0,0,0,0,0,0,0,0,tick=216904 goal=0,0,0,25.884
1787897649.9,-11.58,0.90,88.4,0,0,0,0,0,0,0,0,0,0,0,0,0,0,0,0,tick=216936 goal=0,0,0,25.240000000000002
1787897650.2,-11.58,0.95,91.4,0,0,0,0,0,0,0,0,0,0,0,0,0,0,0,0,tick=216969 goal=0,0,0,26.405
1787897650.4,-11.58,0.98,86.0,0,0,0,0,0,0,0,0,0,0,0,0,0,0,0,0,tick=216992 goal=0,0,0,25.376
1787897650.7,-11.58,1.00,91.7,0,0,0,0,0,0,0,0,0,0,0,0,0,0,0,0,tick=217015 goal=0,0,0,25.366
1787897650.9,-11.58,1.03,89.0,0,0,0,0,0,0,0,0,0,0,0,0,0,0,0,0,tick=217038 goal=0,0,0,26.381999999999998
1787897651.1,-11.58,1.07,86.6,0,0,0,0,0,0,0,0,0,0,0,0,0,0,0,0,tick=217061 goal=0,0,0,25.512
1787897651.4,-11.58,1.10,87.8,0,0,0,0,0,0,0,0,0,0,0,0,0,0,0,0,tick=217088 goal=0,0,0,0
1787897651.7,-11.58,1.14,96.0,0,0,0,0,0,0,0,0,0,0,0,0,0,0,0,0,tick=217121 goal=0,0,0,8
1787897651.9,-11.58,1.17,89.4,0,0,0,0,0,0,0,0,0,0,0,0,0,0,0,0,tick=217144 goal=0,0,0,0
1787897652.2,-11.58,1.20,87.8,0,0,0,0,0,0,0,0,0,0,0,0,0,0,0,0,tick=217167 goal=0,0,0,26.346
1787897652.5,-11.58,1.24,88.9,0,0,0,0,0,0,0,0,0,0,0,0,0,0,0,0,tick=217199 goal=0,0,0,25.564
1787897652.7,-11.58,1.27,87.1,0,0,0,0,0,0,0,0,0,0,0,0,0,0,0,0,tick=217223 goal=0,0,0,26.664
1787897653.0,-11.58,1.30,90.0,0,0,0,0,0,0,0,0,0,0,0,0,0,0,0,0,tick=217246 goal=0,0,0,26.501
1787897659.9,-11.58,1.24,273.5,0,0,0,0,0,0,0,0,0,0,0,0,0,0,0,0,tick=217938 goal=0,0,0,28.632
1787897660.2,-11.57,1.20,275.3,0,0,0,0,0,0,0,0,0,0,0,0,0,0,0,0,tick=217971 goal=0,0,0,27.825
1787897660.6,-11.57,1.17,268.8,0,0,0,0,0,0,0,0,0,0,0,0,0,0,0,0,tick=218005 goal=0,0,0,28.769
1787897660.8,-11.57,1.12,267.7,0,0,0,0,0,0,0,0,0,0,0,0,0,0,0,0,tick=218028 goal=0,0,0,29
1787897661.1,-11.57,1.08,268.0,0,0,0,0,0,0,0,0,0,0,0,0,0,0,0,0,tick=218061 goal=0,0,0,29
1787897661.3,-11.57,1.05,272.9,0,0,0,0,0,0,0,0,0,0,0,0,0,0,0,0,tick=218084 goal=0,0,0,24.655
1787897661.6,-11.57,1.02,271.5,0,0,0,0,0,0,0,0,0,0,0,0,0,0,0,0,tick=218107 goal=0,0,0,29
1787897661.8,-11.57,0.99,274.8,0,0,0,0,0,0,0,0,0,0,0,0,0,0,0,0,tick=218131 goal=0,0,0,28.869
1787897662.0,-11.57,0.96,272.0,0,0,0,0,0,0,0,0,0,0,0,0,0,0,0,0,tick=218154 goal=0,0,0,29
1787897662.3,-11.57,0.94,268.7,0,0,0,0,0,0,0,0,0,0,0,0,0,0,0,0,tick=218177 goal=0,0,0,29
1787897662.5,-11.57,0.91,273.2,0,0,0,0,0,0,0,0,0,0,0,0,0,0,0,0,tick=218200 goal=0,0,0,29
1787897662.7,-11.57,0.88,269.4,0,0,0,0,0,0,0,0,0,0,0,0,0,0,0,0,tick=218223 goal=0,0,0,0
1787897663.0,-11.57,0.85,270.6,0,0,0,0,0,0,0,0,0,0,0,0,0,0,0,0,tick=218246 goal=0,0,0,-16.200000000000045
1787897663.3,-11.57,0.81,267.7,0,0,0,0,0,0,0,0,0,0,0,0,0,0,0,0,tick=218278 goal=0,0,0,-13.399999999999977
1787897663.6,-11.58,0.77,265.3,0,0,0,0,0,0,0,0,0,0,0,0,0,0,0,0,tick=218311 goal=0,0,0,-16.700000000000045
1787897663.8,-11.58,0.74,270.0,0,0,0,0,0,0,0,0,0,0,0,0,0,0,0,0,tick=218334 goal=0,0,0,-13.299999999999955
1787897664.3,-11.58,0.69,271.8,0,0,0,0,0,0,0,0,0,0,0,0,0,0,0,0,tick=218377 goal=0,0,0,-15.200000000000045
1787897664.5,-11.58,0.65,268.9,0,0,0,0,0,0,0,0,0,0,0,0,0,0,0,0,tick=218398 goal=0,0,0,-14.299999999999955
1787897664.8,-11.58,0.62,269.0,0,0,0,0,0,0,0,0,0,0,0,0,0,0,0,0,tick=218429 goal=0,0,0,-13.299999999999955
1787897665.0,-11.58,0.59,268.6,0,0,0,0,0,0,0,0,0,0,0,0,0,0,0,0,tick=218452 goal=0,0,0,-9.600000000000023
1787897665.3,-11.58,0.55,267.9,0,0,0,0,0,0,0,0,0,0,0,0,0,0,0,0,tick=218476 goal=0,0,0,-10.200000000000045
1787897665.5,-11.58,0.53,271.2,0,0,0,0,0,0,0,0,0,0,0,0,0,0,0,0,tick=218499 goal=0,0,0,-11.0
1787897665.7,-11.57,0.50,266.7,0,0,0,0,0,0,0,0,0,0,0,0,0,0,0,0,tick=218522 goal=0,0,0,-8
1787897666.0,-11.57,0.47,271.0,0,0,0,0,0,0,0,0,0,0,0,0,0,0,0,0,tick=218545 goal=0,0,0,-9.200000000000045
1787897666.2,-11.57,0.44,271.6,0,0,0,0,0,0,0,0,0,0,0,0,0,0,0,0,tick=218569 goal=0,0,0,-19.0
1787897666.4,-11.57,0.41,270.6,0,0,0,0,0,0,0,0,0,0,0,0,0,0,0,0,tick=218592 goal=0,0,0,-13.200000000000045
1787897666.7,-11.57,0.38,269.7,0,0,0,0,0,0,0,0,0,0,0,0,0,0,0,0,tick=218615 goal=0,0,0,-13.200000000000045
1787897666.9,-11.57,0.35,270.2,0,0,0,0,0,0,0,0,0,0,0,0,0,0,0,0,tick=218639 goal=0,0,0,-11.899999999999977
1787897667.1,-11.57,0.32,273.5,0,0,0,0,0,0,0,0,0,0,0,0,0,0,0,0,tick=218663 goal=0,0,0,-12.899999999999977
1787897667.4,-11.57,0.29,268.9,0,0,0,0,0,0,0,0,0,0,0,0,0,0,0,0,tick=218687 goal=0,0,0,0
1787897667.6,-11.57,0.26,269.6,0,0,0,0,0,0,0,0,0,0,0,0,0,0,0,0,tick=218710 goal=0,0,0,55
1787897667.8,-11.57,0.23,269.1,0,0,0,0,0,0,0,0,0,0,0,0,0,0,0,0,tick=218733 goal=0,0,0,55
1787897668.1,-11.57,0.20,269.0,0,0,0,0,0,0,0,0,0,0,0,0,0,0,0,0,tick=218761 goal=0,0,0,55
1787897668.3,-11.58,0.16,268.3,0,0,0,0,0,0,0,0,0,0,0,0,0,0,0,0,tick=218784 goal=0,0,0,-10.5
1787897668.6,-11.58,0.13,269.0,0,0,0,0,0,0,0,0,0,0,0,0,0,0,0,0,tick=218807 goal=0,0,0,-8.299999999999955
1787897668.8,-11.58,0.11,268.5,0,0,0,0,0,0,0,0,0,0,0,0,0,0,0,0,tick=218830 goal=0,0,0,0
1787897669.0,-11.58,0.08,265.6,0,0,0,0,0,0,0,0,0,0,0,0,0,0,0,0,tick=218853 goal=0,0,0,55
1787897669.4,-11.58,0.04,271.0,0,0,0,0,0,0,0,0,0,0,0,0,0,0,0,0,tick=218887 goal=0,0,0,55
1787897669.7,-11.58,0.01,266.6,0,0,0,0,0,0,0,0,0,0,0,0,0,0,0,0,tick=218920 goal=0,0,0,55
1787897669.9,-11.58,-0.04,266.6,0,0,0,0,0,0,0,0,0,0,0,0,0,0,0,0,tick=218943 goal=0,0,0,22.399999999999977
1787897670.2,-11.58,-0.07,270.0,0,0,0,0,0,0,0,0,0,0,0,0,0,0,0,0,tick=218966 goal=0,0,0,19.299999999999955
1787897670.4,-11.58,-0.10,269.2,0,0,0,0,0,0,0,0,0,0,0,0,0,0,0,0,tick=218990 goal=0,0,0,14.299999999999955
1787897670.6,-11.58,-0.13,270.6,0,0,0,0,0,0,0,0,0,0,0,0,0,0,0,0,tick=219013 goal=0,0,0,11.700000000000045
1787897670.9,-11.58,-0.16,269.7,0,0,0,0,0,0,0,0,0,0,0,0,0,0,0,0,tick=219036 goal=0,0,0,9.5
1787897671.1,-11.58,-0.19,271.7,0,0,0,0,0,0,0,0,0,0,0,0,0,0,0,0,tick=219059 goal=0,0,0,27.451
1787897671.3,-11.59,-0.21,266.2,0,0,0,0,0,0,0,0,0,0,0,0,0,0,0,0,tick=219082 goal=0,0,0,26.73
1787897671.6,-11.59,-0.24,266.4,0,0,0,0,0,0,0,0,0,0,0,0,0,0,0,0,tick=219105 goal=0,0,0,26.557000000000002
1787897671.8,-11.59,-0.27,268.2,0,0,0,0,0,0,0,0,0,0,0,0,0,0,0,0,tick=219129 goal=0,0,0,26.57
1787897678.6,-11.59,-0.22,92.6,0,0,0,0,0,0,0,0,0,0,0,0,0,0,0,0,tick=219811 goal=0,0,0,55
1787897678.8,-11.60,-0.19,94.1,0,0,0,0,0,0,0,0,0,0,0,0,0,0,0,0,tick=219834 goal=0,0,0,55
1787897679.1,-11.60,-0.16,88.5,0,0,0,0,0,0,0,0,0,0,0,0,0,0,0,0,tick=219857 goal=0,0,0,55
1787897679.3,-11.60,-0.13,92.6,0,0,0,0,0,0,0,0,0,0,0,0,0,0,0,0,tick=219881 goal=0,0,0,55
1787897679.5,-11.60,-0.10,93.0,0,0,0,0,0,0,0,0,0,0,0,0,0,0,0,0,tick=219904 goal=0,0,0,45.60000000000002
1787897679.9,-11.60,-0.06,88.9,0,0,0,0,0,0,0,0,0,0,0,0,0,0,0,0,tick=219937 goal=0,0,0,33.700000000000045
1787897680.1,-11.60,-0.03,89.2,0,0,0,0,0,0,0,0,0,0,0,0,0,0,0,0,tick=219960 goal=0,0,0,32.700000000000045
1787897680.3,-11.60,0.00,85.9,0,0,0,0,0,0,0,0,0,0,0,0,0,0,0,0,tick=219984 goal=0,0,0,31.5
1787897680.6,-11.60,0.03,91.4,0,0,0,0,0,0,0,0,0,0,0,0,0,0,0,0,tick=220007 goal=0,0,0,17.299999999999955
1787897680.8,-11.60,0.06,91.2,0,0,0,0,0,0,0,0,0,0,0,0,0,0,0,0,tick=220030 goal=0,0,0,18.200000000000045
1787897681.0,-11.60,0.09,88.6,0,0,0,0,0,0,0,0,0,0,0,0,0,0,0,0,tick=220053 goal=0,0,0,10.399999999999977
1787897681.3,-11.60,0.12,90.0,0,0,0,0,0,0,0,0,0,0,0,0,0,0,0,0,tick=220076 goal=0,0,0,11.899999999999977
1787897681.5,-11.60,0.15,90.2,0,0,0,0,0,0,0,0,0,0,0,0,0,0,0,0,tick=220100 goal=0,0,0,8
1787897688.1,-11.59,0.10,278.1,0,0,0,0,0,0,0,0,0,0,0,0,0,0,0,0,tick=220759 goal=0,0,0,-10.200000000000045
1787897688.3,-11.59,0.07,275.3,0,0,0,0,0,0,0,0,0,0,0,0,0,0,0,0,tick=220782 goal=0,0,0,-14.600000000000023
1787897688.7,-11.59,0.03,272.2,0,0,0,0,0,0,0,0,0,0,0,0,0,0,0,0,tick=220816 goal=0,0,0,-10.799999999999955
1787897688.9,-11.59,-0.00,271.4,0,0,0,0,0,0,0,0,0,0,0,0,0,0,0,0,tick=220839 goal=0,0,0,-8
1787897689.1,-11.58,-0.03,268.8,0,0,0,0,0,0,0,0,0,0,0,0,0,0,0,0,tick=220862 goal=0,0,0,0
1787897689.4,-11.58,-0.06,269.8,0,0,0,0,0,0,0,0,0,0,0,0,0,0,0,0,tick=220887 goal=0,0,0,55
1787897689.6,-11.58,-0.10,272.2,0,0,0,0,0,0,0,0,0,0,0,0,0,0,0,0,tick=220910 goal=0,0,0,55
1787897689.8,-11.58,-0.12,270.1,0,0,0,0,0,0,0,0,0,0,0,0,0,0,0,0,tick=220933 goal=0,0,0,55
1787897690.1,-11.58,-0.15,265.6,0,0,0,0,0,0,0,0,0,0,0,0,0,0,0,0,tick=220956 goal=0,0,0,55
1787897690.3,-11.58,-0.18,267.8,0,0,0,0,0,0,0,0,0,0,0,0,0,0,0,0,tick=220979 goal=0,0,0,45.299999999999955
1787897690.5,-11.58,-0.21,271.4,0,0,0,0,0,0,0,0,0,0,0,0,0,0,0,0,tick=221003 goal=0,0,0,32.799999999999955
1787897690.8,-11.58,-0.24,271.2,0,0,0,0,0,0,0,0,0,0,0,0,0,0,0,0,tick=221026 goal=0,0,0,29.600000000000023
1787897691.0,-11.58,-0.27,270.1,0,0,0,0,0,0,0,0,0,0,0,0,0,0,0,0,tick=221049 goal=0,0,0,25.399999999999977
1787897691.2,-11.58,-0.30,268.7,0,0,0,0,0,0,0,0,0,0,0,0,0,0,0,0,tick=221073 goal=0,0,0,22.0
1787897691.5,-11.58,-0.33,268.8,0,0,0,0,0,0,0,0,0,0,0,0,0,0,0,0,tick=221096 goal=0,0,0,12.899999999999977
