0.00,0.00|0.07,1.25;-0.23,0.65;-0.22,0.25;-0.22,0.11;-0.23,0.01;-0.24,-0.21;-0.26,-0.55;0.23,-0.64;0.22,-0.24;0.26,-0.12;0.28,-0.01;0.26,0.09;0.16,0.15;0.10,0.22
-0.01,0.05|-0.31,1.22;-0.23,0.34;-0.24,0.18;-0.19,0.07;-0.26,-0.01;-0.24,-0.12;-0.33,-0.49;0.17,-0.68;0.21,-0.24;0.25,-0.10;0.26,0.01;0.25,0.12;0.16,0.18;0.10,0.24;0.15,1.20
-0.03,0.10|-0.27,0.36;-0.25,0.20;-0.21,0.11;-0.24,0.02;-0.23,-0.08;-0.24,-0.33;0.24,-0.68;0.22,-0.18;0.26,-0.05;0.27,0.08;0.21,0.18;0.13,0.24;0.06,0.29;0.03,1.22;-0.42,1.19
-0.03,0.10|-0.23,0.15;-0.22,0.07;-0.28,-0.04;-0.23,-0.15;-0.22,-0.56;0.29,-0.48;0.23,-0.11;0.26,0.01;0.23,0.13;0.22,0.24;0.09,0.25;0.19,0.87;-0.16,1.22;-0.23,0.46;-0.23,0.25
-0.03,0.10|-0.24,0.03;-0.25,-0.10;-0.18,-1.89;0.29,-0.89;0.23,-0.20;0.26,-0.05;0.27,0.07;0.23,0.18;0.14,0.24;0.07,0.30;0.06,1.18;-0.38,1.18;-0.27,0.38;-0.25,0.21;-0.20,0.11
-0.03,0.10|-0.25,-0.18;-0.22,-0.57;0.28,-0.46;0.24,-0.12;0.28,0.01;0.23,0.13;0.24,0.24;0.09,0.24;0.19,0.85;-0.15,1.22;-0.23,0.46;-0.22,0.25;-0.22,0.15;-0.23,0.08;-0.29,-0.05
-0.03,0.09|-0.21,-1.03;0.22,-0.97;0.22,-0.26;0.25,-0.09;0.21,0.14;0.17,0.23;0.10,0.28;0.15,1.18;-0.29,1.23;-0.25,0.40;-0.24,0.22;-0.22,0.12;-0.24,0.03;-0.24,-0.07;-0.24,-0.27
-0.03,-0.06|0.16,-1.99;0.26,-0.59;0.21,-0.25;0.25,-0.14;0.25,-0.03;0.22,0.07;0.15,0.15;0.23,0.77;-0.15,1.18;-0.24,0.34;-0.24,0.12;-0.22,0.00;-0.27,-0.08;-0.23,-0.17;-0.27,-0.35;-0.28,-0.88
-0.01,-0.15|0.27,-0.94;0.24,-0.43;0.25,-0.27;0.26,-0.17;0.27,-0.05;0.24,0.07;0.12,0.11;0.06,1.10;-0.26,0.57;-0.23,0.10;-0.20,-0.06;-0.26,-0.14;-0.23,-0.23;-0.25,-0.37;-0.24,-0.64
0.03,-0.24|0.25,-0.73;0.24,-0.44;0.25,-0.32;0.29,-0.23;0.28,-0.13;0.29,0.03;0.15,0.08;0.00,1.11;-0.18,0.24;-0.16,-0.06;-0.25,-0.12;-0.24,-0.24;-0.23,-0.35;-0.32,-0.60;-0.33,-1.15;0.06,-2.03
0.03,-0.24|0.25,-0.36;0.27,-0.26;0.31,-0.15;0.26,-0.05;0.18,0.04;0.17,1.03;-0.34,1.03;-0.20,0.05;-0.19,-0.12;-0.24,-0.20;-0.19,-0.30;-0.23,-0.69;0.27,-1.07;0.24,-0.50
0.03,-0.23|0.30,-0.20;0.28,-0.10;0.26,0.06;0.12,0.11;-0.12,1.06;-0.24,0.24;-0.17,-0.08;-0.25,-0.16;-0.21,-0.26;-0.23,-0.38;-0.28,-0.61;-0.24,-1.15;0.24,-2.10;0.29,-0.71;0.25,-0.41;0.25,-0.30
0.02,-0.24|0.28,-0.06;0.21,0.05;0.26,1.02;-0.25,1.09;-0.18,0.07;-0.20,-0.09;-0.26,-0.18;-0.23,-0.29;-0.24,-0.41;-0.27,-0.68;-0.38,-2.33;0.20,-1.10;0.22,-0.52;0.23,-0.38;0.27,-0.28;0.29,-0.18
0.02,-0.24|0.13,0.10;-0.10,1.05;-0.24,0.25;-0.18,-0.07;-0.24,-0.16;-0.21,-0.26;-0.23,-0.37;-0.28,-0.60;-0.26,-1.14;0.28,-0.74;0.24,-0.42;0.24,-0.31;0.30,-0.21;0.29,-0.10
0.02,-0.18|-0.06,1.12;-0.23,0.33;-0.23,0.05;-0.20,-0.10;-0.24,-0.19;-0.21,-0.29;-0.21,-0.44;-0.21,-0.87;0.30,-0.73;0.25,-0.37;0.25,-0.25;0.29,-0.16;0.27,-0.06;0.23,0.06;0.13,0.14
0.02,-0.09|-0.19,1.15;-0.23,0.31;-0.21,0.07;-0.21,-0.04;-0.26,-0.14;-0.21,-0.23;-0.28,-0.51;-0.21,-1.10;0.30,-1.75;0.30,-0.55;0.24,-0.25;0.28,-0.15;0.29,-0.04;0.25,0.06;0.21,0.18;0.21,0.76
-0.00,0.00|-0.40,1.13;-0.26,0.29;-0.23,0.11;-0.22,0.01;-0.25,-0.09;-0.20,-0.18;-0.27,-0.55;-0.12,-2.21;0.32,-0.92;0.25,-0.28;0.27,-0.13;0.28,-0.01;0.25,0.09;0.24,0.22;0.11,0.23;0.06,1.15
-0.04,0.09|-0.23,0.48;-0.23,0.26;-0.24,0.16;-0.22,0.08;-0.29,-0.03;-0.24,-0.14;-0.25,-0.54;0.27,-0.53;0.23,-0.15;0.26,-0.01;0.25,0.11;0.24,0.22;0.13,0.27;0.22,0.83;-0.11,1.21
-0.03,0.09|-0.24,0.22;-0.22,0.12;-0.28,0.03;-0.27,-0.07;-0.28,-0.29;-0.39,-1.84;0.18,-0.91;0.19,-0.25;0.24,-0.09;0.24,0.04;0.23,0.14;0.20,0.25;0.11,0.31;0.17,1.18;-0.27,1.22;-0.25,0.40
-0.03,0.09|-0.22,0.07;-0.28,-0.05;-0.26,-0.19;-0.24,-0.58;0.27,-0.49;0.23,-0.13;0.27,-0.01;0.24,0.11;0.22,0.22;0.13,0.28;0.21,0.86;-0.14,1.20;-0.22,0.44;-0.23,0.25;-0.24,0.15
-0.03,0.09|-0.24,-0.09;-0.23,-0.28;-0.17,-1.32;0.28,-0.93;0.22,-0.22;0.26,-0.07;0.28,0.06;0.24,0.17;0.22,0.29;0.09,0.31;0.08,1.19;-0.36,1.19;-0.28,0.39;-0.25,0.20;-0.20,0.10;-0.25,0.02
-0.03,0.09|-0.29,-0.57;0.24,-0.53;0.23,-0.16;0.26,-0.02;0.23,0.09;0.24,0.20;0.15,0.27;0.26,0.81;-0.04,1.20;-0.18,0.46;-0.22,0.28;-0.23,0.17;-0.24,0.09;-0.30,-0.03;-0.26,-0.15
-0.03,0.00|0.24,-0.67;0.21,-0.24;0.24,-0.11;0.26,0.00;0.23,0.11;0.18,0.22;0.09,0.31;-0.04,1.19;-0.22,0.44;-0.23,0.20;-0.22,0.08;-0.24,0.00;-0.28,-0.10;-0.24,-0.21;-0.26,-0.55
-0.02,-0.13|0.22,-1.43;0.25,-0.55;0.23,-0.30;0.26,-0.19;0.27,-0.08;0.24,0.04;0.18,0.16;0.24,1.09;-0.25,1.12;-0.22,0.18;-0.20,-0.00;-0.25,-0.08;-0.24,-0.17;-0.25,-0.27;-0.31,-0.55;-0.24,-1.14
0.01,-0.22|0.25,-0.76;0.23,-0.42;0.25,-0.31;0.29,-0.21;0.27,-0.10;0.24,0.02;0.14,0.12;-0.02,1.07;-0.22,0.29;-0.21,-0.01;-0.22,-0.13;-0.22,-0.22;-0.23,-0.33;-0.23,-0.48;-0.25,-0.90
0.04,-0.28|0.27,-0.59;0.27,-0.42;0.27,-0.31;0.31,-0.21;0.30,-0.09;0.26,0.09;0.22,1.01;-0.30,1.02;-0.19,0.03;-0.21,-0.13;-0.22,-0.25;-0.21,-0.35;-0.20,-0.47;-0.21,-0.72;0.26,-1.12
0.04,-0.28|0.25,-0.35;0.27,-0.27;0.30,-0.15;0.25,-0.04;0.17,0.07;-0.03,1.03;-0.21,0.24;-0.18,-0.08;-0.24,-0.18;-0.21,-0.29;-0.22,-0.40;-0.29,-0.64;-0.22,-1.01;0.28,-0.78;0.26,-0.48
0.04,-0.28|0.29,-0.22;0.28,-0.11;0.29,0.10;0.28,1.02;-0.24,1.05;-0.20,0.07;-0.19,-0.13;-0.24,-0.23;-0.20,-0.33;-0.20,-0.44;-0.23,-0.69;-0.19,-1.54;0.29,-1.45;0.31,-0.67;0.25,-0.42;0.25,-0.32
0.04,-0.28|0.27,-0.06;0.19,0.08;0.06,1.08;-0.18,0.26;-0.18,-0.06;-0.22,-0.17;-0.21,-0.28;-0.22,-0.38;-0.30,-0.61;-0.26,-0.95;0.25,-0.83;0.25,-0.50;0.24,-0.37;0.27,-0.28;0.31,-0.17
0.04,-0.28|0.10,0.16;-0.29,1.02;-0.21,0.05;-0.22,-0.13;-0.25,-0.24;-0.21,-0.34;-0.20,-0.45;-0.22,-0.72;-0.14,-1.47;0.34,-1.49;0.34,-0.69;0.27,-0.42;0.25,-0.31;0.28,-0.22;0.27,-0.11;0.26,0.09
0.03,-0.22|-0.10,1.02;-0.24,0.29;-0.20,-0.03;-0.23,-0.14;-0.21,-0.24;-0.23,-0.36;-0.28,-0.61;-0.19,-0.99;0.31,-0.72;0.26,-0.40;0.26,-0.28;0.31,-0.19;0.29,-0.07;0.24,0.05;0.14,0.15
0.02,-0.12|-0.26,1.12;-0.23,0.24;-0.19,0.01;-0.25,-0.08;-0.24,-0.18;-0.23,-0.30;-0.28,-0.59;-0.21,-1.44;0.23,-1.07;0.24,-0.44;0.24,-0.26;0.28,-0.17;0.29,-0.06;0.24,0.03;0.20,0.16;0.23,1.13
-0.01,-0.03|-0.27,0.63;-0.22,0.19;-0.23,0.06;-0.23,-0.03;-0.25,-0.13;-0.25,-0.26;-0.25,-0.60;0.25,-0.69;0.23,-0.28;0.25,-0.14;0.27,-0.04;0.24,0.07;0.25,0.22;0.11,0.25;0.01,1.20
-0.02,0.01|-0.25,0.21;-0.23,0.08;-0.22,-0.00;-0.25,-0.10;-0.23,-0.23;-0.22,-0.57;0.29,-0.64;0.24,-0.23;0.25,-0.09;0.26,0.02;0.23,0.13;0.20,0.26;0.08,0.29;-0.09,1.24;-0.32,0.62
-0.02,0.00|-0.18,0.05;-0.24,-0.02;-0.25,-0.12;-0.27,-0.30;-0.28,-0.85;0.16,-1.90;0.25,-0.50;0.22,-0.19;0.28,-0.09;0.24,0.03;0.26,0.15;0.16,0.22;0.31,1.08;-0.13,1.20;-0.23,0.39;-0.24,0.18
-0.02,0.00|-0.26,-0.10;-0.26,-0.25;-0.24,-0.57;0.26,-0.62;0.22,-0.23;0.27,-0.11;0.26,0.01;0.24,0.12;0.18,0.21;0.10,0.32;-0.05,1.19;-0.21,0.44;-0.22,0.20;-0.21,0.08;-0.25,-0.00
-0.02,0.01|-0.23,-0.32;-0.23,-1.07;0.27,-1.41;0.23,-0.36;0.24,-0.16;0.27,-0.05;0.24,0.06;0.24,0.18;0.13,0.23;0.22,1.18;-0.25,1.19;-0.27,0.38;-0.23,0.15;-0.21,0.04;-0.26,-0.04;-0.23,-0.14
-0.02,-0.03|-0.21,-1.12;0.27,-1.32;0.21,-0.37;0.24,-0.20;0.28,-0.08;0.25,0.03;0.22,0.14;0.14,0.23;0.18,1.14;-0.29,1.15;-0.26,0.31;-0.22,0.09;-0.22,0.00;-0.21,-0.17;-0.25,-0.38
-0.03,-0.12|0.25,-0.71;0.24,-0.36;0.23,-0.21;0.27,-0.10;0.24,0.01;0.09,0.22;-0.09,1.08;-0.24,0.33;-0.24,0.07;-0.27,-0.13;-0.24,-0.22;-0.24,-0.35;-0.23,-0.68
-0.01,-0.22|0.21,-1.10;0.25,-0.57;0.22,-0.36;0.25,-0.26;0.28,-0.15;0.25,-0.03;0.18,0.10;0.18,1.04;-0.33,1.06;-0.22,0.07;-0.22,-0.09;-0.26,-0.18;-0.23,-0.27;-0.25,-0.40;-0.27,-0.65;-0.32,-2.28
0.02,-0.30|0.25,-0.80;0.23,-0.49;0.26,-0.39;0.26,-0.29;0.30,-0.17;0.27,-0.03;0.16,0.09;-0.03,1.03;-0.21,0.20;-0.20,-0.10;-0.25,-0.20;-0.22,-0.31;-0.23,-0.42;-0.31,-0.66;-0.29,-1.16;0.12,-2.69
0.02,-0.30|0.23,-0.40;0.27,-0.32;0.28,-0.21;0.27,-0.08;0.20,0.08;0.09,1.00;-0.26,0.51;-0.21,-0.04;-0.23,-0.18;-0.21,-0.29;-0.22,-0.39;-0.21,-0.51;-0.21,-0.77;0.30,-1.10;0.27,-0.59
0.02,-0.30|0.26,-0.27;0.29,-0.15;0.25,-0.00;0.13,0.10;-0.13,1.06;-0.21,0.10;-0.21,-0.12;-0.24,-0.23;-0.20,-0.32;-0.24,-0.44;-0.28,-0.67;-0.25,-1.21;0.21,-2.08;0.27,-0.77;0.23,-0.47;0.23,-0.36
0.01,-0.30|0.26,-0.10;0.23,0.08;0.17,1.00;-0.36,1.02;-0.22,0.00;-0.24,-0.16;-0.22,-0.27;-0.23,-0.37;-0.22,-0.49;-0.23,-0.75;-0.24,-2.44;0.25,-1.14;0.25,-0.43;0.26,-0.33;0.29,-0.22
0.01,-0.30|0.17,0.07;0.03,1.01;-0.20,0.23;-0.18,-0.10;-0.23,-0.20;-0.23,-0.30;-0.24,-0.41;-0.32,-0.63;-0.27,-0.96;0.21,-0.81;0.22,-0.52;0.21,-0.39;0.25,-0.31;0.29,-0.19;0.27,-0.06
0.01,-0.26|0.01,1.09;-0.20,0.26;-0.20,-0.04;-0.23,-0.16;-0.22,-0.26;-0.22,-0.36;-0.23,-0.50;-0.25,-0.91;0.25,-0.82;0.24,-0.48;0.24,-0.35;0.28,-0.26;0.29,-0.14;0.24,-0.02;0.17,0.11
0.01,-0.16|-0.20,1.12;-0.25,0.26;-0.20,-0.01;-0.23,-0.10;-0.24,-0.20;-0.24,-0.31;-0.30,-0.58;-0.22,-1.14;0.29,-1.87;0.23,-0.32;0.25,-0.22;0.28,-0.11;0.27,0.01;0.24,0.16;0.10,0.25
-0.01,-0.07|-0.39,1.10;-0.24,0.20;-0.22,0.04;-0.22,-0.05;-0.24,-0.14;-0.20,-0.23;-0.29,-0.59;-0.17,-1.93;0.28,-1.00;0.22,-0.34;0.23,-0.20;0.28,-0.09;0.25,0.02;0.22,0.13;0.11,0.18;0.09,1.11
-0.05,0.02|-0.22,0.45;-0.24,0.21;-0.24,0.10;-0.23,0.02;-0.27,-0.07;-0.25,-0.18;-0.28,-0.54;0.23,-0.64;0.20,-0.22;0.23,-0.09;0.25,0.02;0.20,0.12;0.16,0.23;0.22,0.68;-0.05,1.21
-0.05,0.02|-0.24,0.17;-0.21,0.07;-0.29,-0.01;-0.29,-0.30;-0.33,-1.04;0.13,-1.31;0.18,-0.37;0.21,-0.17;0.27,-0.06;0.24,0.06;0.25,0.20;0.11,0.23;0.25,1.14;-0.21,1.21;-0.26,0.39
-0.04,0.02|-0.23,0.02;-0.27,-0.07;-0.22,-0.16;-0.27,-0.54;0.25,-0.66;0.20,-0.21;0.25,-0.09;0.25,0.03;0.22,0.14;0.16,0.24;0.07,0.32;-0.07,1.24;-0.24,0.47;-0.24,0.21;-0.24,0.10
-0.04,0.03|-0.24,-0.10;-0.27,-0.29;-0.29,-1.05;0.18,-1.35;0.19,-0.35;0.22,-0.16;0.25,-0.04;0.23,0.07;0.24,0.20;0.12,0.24;0.23,1.17;-0.24,1.22;-0.27,0.39;-0.24,0.17;-0.22,0.07;-0.27,-0.01
-0.04,0.03|-0.27,-0.54;0.24,-0.62;0.20,-0.21;0.26,-0.09;0.26,0.03;0.21,0.13;0.17,0.24;0.23,0.71;-0.05,1.19;-0.22,0.46;-0.23,0.21;-0.22,0.10;-0.23,0.03;-0.28,-0.07;-0.25,-0.19
-0.05,-0.05|0.20,-0.75;0.21,-0.34;0.23,-0.19;0.25,-0.07;0.23,0.05;0.24,0.21;0.08,0.24;0.01,1.22;-0.22,0.41;-0.25,0.16;-0.22,0.03;-0.25,-0.04;-0.27,-0.13;-0.28,-0.25;-0.30,-0.58
-0.04,-0.16|0.20,-1.75;0.26,-0.66;0.21,-0.34;0.23,-0.23;0.27,-0.11;0.22,-0.00;0.18,0.14;0.27,1.07;-0.23,1.13;-0.23,0.15;-0.22,-0.03;-0.25,-0.11;-0.27,-0.20;-0.26,-0.29;-0.33,-0.55;-0.28,-1.13
-0.01,-0.25|0.23,-0.82;0.22,-0.47;0.23,-0.35;0.25,-0.25;0.27,-0.13;0.23,-0.01;0.13,0.11;-0.03,1.05;-0.23,0.26;-0.20,-0.07;-0.26,-0.15;-0.24,-0.26;-0.24,-0.35;-0.24,-0.49;-0.27,-0.91
0.01,-0.31|0.24,-0.58;0.22,-0.42;0.25,-0.33;0.28,-0.23;0.25,-0.11;0.21,0.06;0.14,1.03;-0.17,0.29;-0.19,-0.05;-0.24,-0.17;-0.22,-0.28;-0.23,-0.38;-0.25,-0.52;-0.22,-0.76;0.21,-0.95
0.01,-0.31|0.23,-0.37;0.28,-0.28;0.27,-0.17;0.25,-0.02;0.14,0.10;-0.12,1.03;-0.23,0.15;-0.20,-0.13;-0.25,-0.23;-0.22,-0.33;-0.23,-0.44;-0.28,-0.67;-0.25,-1.19;0.25,-2.62;0.27,-0.79;0.22,-0.48
0.01,-0.31|0.29,-0.23;0.26,-0.11;0.21,0.05;0.17,1.01;-0.16,0.31;-0.20,-0.04;-0.23,-0.17;-0.23,-0.28;-0.24,-0.37;-0.24,-0.50;-0.25,-0.76;0.23,-1.11;0.25,-0.61;0.24,-0.43;0.26,-0.34
0.01,-0.31|0.28,0.00;0.15,0.11;-0.09,1.05;-0.19,0.09;-0.19,-0.14;-0.26,-0.22;-0.21,-0.32;-0.24,-0.43;-0.30,-0.67;-0.28,-1.18;0.13,-2.05;0.25,-0.79;0.21,-0.49;0.24,-0.38;0.28,-0.29;0.29,-0.17
0.01,-0.30|0.18,0.97;-0.21,0.52;-0.22,-0.01;-0.22,-0.17;-0.22,-0.27;-0.24,-0.37;-0.23,-0.49;-0.24,-0.73;0.22,-1.13;0.27,-0.65;0.24,-0.44;0.25,-0.34;0.28,-0.23;0.27,-0.11;0.22,0.06
0.01,-0.21|-0.14,1.07;-0.26,0.28;-0.20,-0.04;-0.24,-0.14;-0.21,-0.23;-0.25,-0.35;-0.28,-0.57;-0.22,-0.98;0.29,-0.72;0.24,-0.39;0.24,-0.28;0.28,-0.18;0.26,-0.07;0.23,0.07;0.11,0.17
-0.01,-0.11|-0.34,1.11;-0.24,0.20;-0.21,0.00;-0.24,-0.08;-0.24,-0.17;-0.24,-0.29;-0.28,-0.58;-0.17,-1.35;0.33,-1.35;0.25,-0.44;0.25,-0.26;0.25,-0.15;0.26,-0.04;0.23,0.07;0.15,0.17;0.15,1.12
-0.03,-0.02|-0.23,0.64;-0.22,0.22;-0.21,0.08;-0.24,0.00;-0.27,-0.09;-0.25,-0.19;-0.31,-0.54;0.18,-0.73;0.24,-0.17;0.27,-0.05;0.24,0.07;0.26,0.22;0.11,0.24;0.09,1.21
-0.04,-0.01|-0.23,0.17;-0.23,0.06;-0.24,-0.02;-0.26,-0.12;-0.25,-0.25;-0.24,-0.60;0.26,-0.63;0.22,-0.23;0.25,-0.11;0.24,0.01;0.22,0.12;0.16,0.21;0.21,0.69;-0.10,1.16;-0.23,0.41
-0.03,-0.01|-0.22,0.03;-0.29,-0.06;-0.24,-0.15;-0.34,-0.48;-0.28,-1.37;0.18,-0.99;0.19,-0.33;0.22,-0.17;0.26,-0.06;0.25,0.05;0.24,0.18;0.11,0.21;0.18,1.14;-0.29,1.17;-0.25,0.31;-0.24,0.13
-0.03,-0.01|-0.26,-0.24;-0.25,-0.57;0.24,-0.64;0.21,-0.24;0.27,-0.13;0.28,-0.00;0.23,0.11;0.17,0.21;0.09,0.29;-0.05,1.18;-0.21,0.41;-0.23,0.18;-0.23,0.07;-0.25,-0.01
-0.03,-0.01|-0.25,-0.37;-0.24,-1.31;0.20,-0.98;0.23,-0.36;0.23,-0.17;0.27,-0.05;0.23,0.05;0.24,0.19;0.12,0.24;0.16,1.14;-0.31,1.17;-0.23,0.12;-0.23,0.03;-0.26,-0.06;-0.23,-0.15
-0.04,-0.07|-0.23,-1.40;0.21,-1.04;0.21,-0.40;0.22,-0.22;0.26,-0.11;0.25,0.01;0.21,0.13;0.11,0.20;0.12,1.10;-0.36,1.15;-0.24,0.19;-0.23,0.04;-0.25,-0.04;-0.28,-0.13;-0.25,-0.22;-0.32,-0.53
-0.05,-0.15|0.24,-0.71;0.21,-0.37;0.21,-0.23;0.26,-0.13;0.22,-0.01;0.20,0.15;0.22,0.70;-0.16,1.12;-0.27,0.28;-0.23,-0.00;-0.25,-0.09;-0.27,-0.17;-0.24,-0.26;-0.25,-0.40;-0.28,-0.89
-0.02,-0.26|0.24,-0.96;0.24,-0.53;0.21,-0.36;0.24,-0.27;0.27,-0.15;0.23,-0.02;0.14,0.11;0.02,1.10;-0.24,0.30;-0.23,-0.05;-0.25,-0.15;-0.26,-0.25;-0.24,-0.34;-0.24,-0.46;-0.24,-0.73
0.02,-0.35|0.27,-0.79;0.23,-0.51;0.25,-0.41;0.24,-0.32;0.27,-0.20;0.25,-0.05;0.13,0.07;-0.15,1.02;-0.21,0.06;-0.21,-0.17;-0.23,-0.28;-0.21,-0.37;-0.23,-0.49;-0.26,-0.71;-0.23,-1.23;0.30,-2.64
0.02,-0.35|0.23,-0.47;0.25,-0.38;0.27,-0.28;0.28,-0.14;0.25,0.06;0.18,0.98;-0.21,0.49;-0.20,-0.07;-0.24,-0.20;-0.20,-0.32;-0.25,-0.42;-0.24,-0.55;-0.22,-0.77;0.24,-1.14;0.28,-0.69
0.02,-0.35|0.28,-0.34;0.29,-0.22;0.27,-0.07;0.17,0.07;-0.03,1.02;-0.18,0.09;-0.20,-0.15;-0.25,-0.25;-0.21,-0.36;-0.23,-0.46;-0.30,-0.69;-0.30,-1.19;0.10,-2.67;0.23,-0.82;0.23,-0.54;0.23,-0.43
0.01,-0.35|0.28,-0.13;0.23,0.05;0.16,0.98;-0.17,0.29;-0.18,-0.11;-0.25,-0.21;-0.22,-0.32;-0.24,-0.42;-0.28,-0.58;-0.23,-0.78;0.24,-1.14;0.28,-0.68;0.23,-0.47;0.23,-0.37;0.29,-0.27
0.01,-0.35|0.13,0.09;-0.15,1.02;-0.20,0.02;-0.21,-0.18;-0.26,-0.27;-0.24,-0.49;-0.27,-0.70;-0.24,-1.22;0.21,-2.07;0.27,-0.81;0.24,-0.53;0.25,-0.42;0.27,-0.32;0.29,-0.20;0.26,-0.04
0.01,-0.28|-0.07,1.02;-0.24,0.24;-0.18,-0.11;-0.25,-0.19;-0.22,-0.29;-0.23,-0.39;-0.29,-0.62;-0.22,-0.95;0.26,-0.79;0.25,-0.48;0.24,-0.36;0.27,-0.26;0.29,-0.14;0.25,-0.02;0.14,0.10
0.01,-0.19|-0.18,1.11;-0.21,0.17;-0.20,-0.04;-0.24,-0.13;-0.22,-0.23;-0.24,-0.34;-0.29,-0.59;-0.24,-1.15;0.24,-1.76;0.29,-0.66;0.24,-0.37;0.25,-0.25;0.27,-0.15;0.27,-0.03;0.25,0.14;0.31,1.01
-0.01,-0.10|-0.33,1.13;-0.20,0.16;-0.21,0.02;-0.25,-0.06;-0.25,-0.16;-0.25,-0.27;-0.30,-0.57;-0.33,-2.23;0.22,-1.02;0.21,-0.40;0.22,-0.24;0.27,-0.14;0.26,-0.03;0.25,0.10;0.14,0.16;0.16,1.10
-0.04,-0.03|-0.21,0.35;-0.22,0.15;-0.21,0.04;-0.28,-0.03;-0.25,-0.12;-0.27,-0.26;-0.34,-0.80;0.00,-1.97;0.21,-0.61;0.20,-0.26;0.24,-0.14;0.24,-0.02;0.25,0.10;0.30,0.83;-0.06,1.21
-0.04,-0.03|-0.23,0.07;-0.24,-0.01;-0.27,-0.10;-0.24,-0.20;-0.31,-0.56;0.20,-0.75;0.20,-0.31;0.24,-0.17;0.25,-0.05;0.23,0.06;0.25,0.22;0.10,0.26;0.05,1.21;-0.26,0.64
-0.04,-0.03|-0.29,-0.07;-0.24,-0.15;-0.25,-0.31;-0.24,-0.87;0.23,-1.76;0.27,-0.54;0.23,-0.22;0.26,-0.10;0.24,0.02;0.22,0.13;0.14,0.22;0.24,1.12;-0.22,1.17;-0.26,0.35;-0.26,0.14;-0.22,0.02
-0.03,-0.02|-0.23,-0.22;-0.26,-0.59;0.24,-0.69;0.24,-0.29;0.26,-0.14;0.28,-0.02;0.23,0.08;0.23,0.23;0.09,0.27;-0.03,1.23;-0.23,0.45;-0.22,0.16;-0.23,0.06;-0.24,-0.02;-0.26,-0.12
-0.04,-0.04|0.19,-1.94;0.26,-0.57;0.22,-0.24;0.26,-0.12;0.24,-0.00;0.22,0.10;0.15,0.20;0.27,1.06;-0.19,1.20;-0.25,0.34;-0.25,0.13;-0.23,0.02;-0.27,-0.07;-0.24,-0.15;-0.25,-0.32
-0.05,-0.13|0.25,-0.75;0.23,-0.38;0.23,-0.23;0.25,-0.11;0.23,0.00;0.22,0.17;0.07,0.21;-0.11,1.14;-0.25,0.30;-0.25,0.06;-0.24,-0.06;-0.28,-0.14;-0.25,-0.22;-0.26,-0.36;-0.24,-0.66
-0.03,-0.24|0.21,-1.10;0.28,-0.64;0.21,-0.37;0.23,-0.27;0.27,-0.15;0.24,-0.02;0.15,0.10;0.11,1.03;-0.26,0.57;-0.24,0.02;-0.23,-0.13;-0.27,-0.21;-0.23,-0.29;-0.26,-0.41;-0.28,-0.67;-0.24,-2.03
0.00,-0.33|0.24,-0.81;0.23,-0.52;0.23,-0.41;0.26,-0.31;0.29,-0.19;0.25,-0.05;0.13,0.06;-0.09,1.00;-0.22,0.11;-0.21,-0.15;-0.26,-0.24;-0.22,-0.35;-0.22,-0.44;-0.30,-0.68;-0.28,-1.18;0.17,-2.67
0.02,-0.35|0.22,-0.53;0.23,-0.43;0.29,-0.34;0.31,-0.21;0.28,-0.06;0.16,0.08;-0.08,1.04;-0.17,0.02;-0.20,-0.16;-0.22,-0.28;-0.23,-0.37;-0.23,-0.48;-0.28,-0.70;-0.28,-1.25;0.13,-1.88;0.25,-0.81
0.02,-0.35|0.24,-0.35;0.28,-0.24;0.25,-0.11;0.17,0.04;-0.00,1.03;-0.23,0.22;-0.20,-0.14;-0.26,-0.25;-0.22,-0.36;-0.24,-0.46;-0.27,-0.64;-0.22,-0.94;0.29,-1.00;0.25,-0.45
0.01,-0.35|0.28,-0.18;0.25,-0.02;0.11,0.08;-0.22,1.00;-0.21,0.00;-0.22,-0.19;-0.23,-0.30;-0.20,-0.39;-0.23,-0.51;-0.25,-0.73;-0.19,-1.24;0.31,-2.06;0.28,-0.78;0.23,-0.51;0.26,-0.41;0.26,-0.31
0.01,-0.36|0.23,0.03;0.17,0.99;-0.16,0.26;-0.17,-0.13;-0.25,-0.21;-0.22,-0.33;-0.24,-0.43;-0.28,-0.59;-0.23,-0.79;0.23,-1.15;0.28,-0.69;0.24,-0.48;0.22,-0.38;0.29,-0.28;0.28,-0.15
0.01,-0.33|0.07,1.08;-0.20,0.25;-0.18,-0.12;-0.26,-0.20;-0.21,-0.32;-0.25,-0.43;-0.31,-0.62;-0.28,-0.95;0.22,-0.89;0.23,-0.56;0.22,-0.43;0.26,-0.34;0.30,-0.22;0.26,-0.10;0.19,0.06
0.00,-0.23|-0.15,1.07;-0.21,0.14;-0.20,-0.07;-0.26,-0.16;-0.23,-0.26;-0.23,-0.36;-0.30,-0.61;-0.26,-1.16;0.19,-1.86;0.27,-0.71;0.24,-0.42;0.23,-0.30;0.28,-0.20;0.26,-0.09;0.27,0.10;0.12,0.18
-0.02,-0.14|-0.40,1.09;-0.22,0.11;-0.21,-0.04;-0.27,-0.11;-0.25,-0.21;-0.24,-0.32;-0.28,-0.63;-0.16,-1.72;0.27,-1.05;0.23,-0.44;0.22,-0.26;0.26,-0.16;0.25,-0.06;0.24,0.07;0.14,0.16;0.10,1.08
-0.05,-0.04|-0.21,0.43;-0.23,0.17;-0.22,0.05;-0.26,-0.03;-0.30,-0.13;-0.27,-0.23;-0.30,-0.56;0.18,-0.73;0.21,-0.34;0.22,-0.17;0.27,-0.06;0.23,0.05;0.23,0.20;0.10,0.26;0.04,1.22
-0.05,-0.04|-0.24,0.11;-0.21,0.01;-0.30,-0.07;-0.24,-0.15;-0.26,-0.31;-0.29,-0.88;0.15,-1.79;0.24,-0.56;0.19,-0.23;0.24,-0.12;0.25,-0.01;0.23,0.11;0.14,0.20;0.28,1.13;-0.19,1.18;-0.26,0.35
-0.05,-0.04|-0.24,-0.02;-0.29,-0.11;-0.26,-0.21;-0.33,-0.55;0.16,-0.80;0.18,-0.33;0.21,-0.19;0.27,-0.08;0.23,0.03;0.25,0.19;0.11,0.24;0.12,1.21;-0.23,0.63;-0.22,0.19;-0.21,0.05
-0.04,-0.04|-0.25,-0.17;-0.24,-0.31;-0.23,-0.86;0.28,-1.99;0.29,-0.57;0.21,-0.22;0.26,-0.11;0.24,0.00;0.21,0.12;0.13,0.20;0.16,0.84;-0.24,1.18;-0.27,0.32;-0.25,0.11;-0.22,0.00;-0.28,-0.08
-0.04,-0.04|-0.26,-0.57;0.27,-0.76;0.24,-0.31;0.23,-0.15;0.28,-0.04;0.23,0.08;0.23,0.23;0.07,0.25;-0.05,1.22;-0.31,0.60;-0.26,0.18;-0.22,0.03;-0.24,-0.04;-0.26,-0.13;-0.24,-0.24
-0.07,-0.13|-0.22,-1.40;0.27,-1.35;0.24,-0.52;0.19,-0.27;0.26,-0.17;0.23,-0.05;0.21,0.09;0.11,0.18;0.09,1.08;-0.40,1.09;-0.25,0.11;-0.24,-0.03;-0.28,-0.10;-0.26,-0.18;-0.26,-0.28;-0.32,-0.57
-0.07,-0.23|0.17,-2.06;0.22,-0.73;0.20,-0.43;0.20,-0.30;0.23,-0.19;0.23,-0.06;0.20,0.11;0.20,0.74;-0.23,1.08;-0.23,0.06;-0.23,-0.10;-0.30,-0.16;-0.27,-0.25;-0.26,-0.34;-0.34,-0.58;-0.27,-0.98
-0.04,-0.32|0.23,-0.87;0.24,-0.56;0.23,-0.41;0.24,-0.30;0.27,-0.17;0.22,-0.02;0.10,0.09;-0.12,1.01;-0.30,0.21;-0.22,-0.15;-0.28,-0.23;-0.25,-0.33;-0.25,-0.42;-0.28,-0.59;-0.25,-0.92
0.00,-0.40|0.28,-0.81;0.24,-0.56;0.22,-0.44;0.25,-0.35;0.28,-0.21;0.24,-0.04;0.11,0.12;-0.27,1.00;-0.22,-0.06;-0.24,-0.24;-0.25,-0.35;-0.25,-0.45;-0.23,-0.55;-0.24,-0.76;-0.22,-1.49;0.29,-1.85
0.01,-0.41|0.23,-0.52;0.27,-0.43;0.26,-0.33;0.28,-0.18;0.22,0.00;0.13,0.96;-0.19,0.22;-0.20,-0.16;-0.25,-0.27;-0.22,-0.39;-0.24,-0.48;-0.30,-0.66;-0.27,-0.93;0.25,-1.16;0.29,-0.75
0.01,-0.41|0.25,-0.40;0.28,-0.28;0.26,-0.13;0.16,0.02;-0.05,1.00;-0.18,0.00;-0.23,-0.19;-0.22,-0.32;-0.23,-0.42;-0.24,-0.52;-0.28,-0.72;-0.30,-1.23;0.10,-2.72;0.22,-0.88;0.21,-0.59;0.25,-0.50
0.00,-0.41|0.28,-0.21;0.26,0.01;0.22,0.94;-0.15,0.24;-0.18,-0.16;-0.24,-0.26;-0.23,-0.37;-0.25,-0.47;-0.31,-0.63;-0.25,-0.81;0.19,-1.20;0.27,-0.78;0.22,-0.45;0.28,-0.34
0.00,-0.41|0.12,0.04;-0.19,0.96;-0.24,-0.00;-0.24,-0.23;-0.24,-0.35;-0.25,-0.44;-0.22,-0.54;-0.25,-0.74;-0.22,-1.26;0.32,-2.70;0.26,-0.86;0.25,-0.60;0.24,-0.47;0.24,-0.38;0.27,-0.25;0.24,-0.09
0.00,-0.36|-0.12,1.00;-0.27,0.17;-0.21,-0.18;-0.25,-0.28;-0.21,-0.38;-0.23,-0.48;-0.26,-0.67;-0.21,-1.03;0.26,-0.86;0.25,-0.56;0.23,-0.43;0.25,-0.33;0.28,-0.21;0.23,-0.08;0.14,0.08
-0.01,-0.26|-0.17,1.07;-0.20,0.07;-0.20,-0.11;-0.26,-0.19;-0.23,-0.29;-0.24,-0.39;-0.31,-0.64;-0.27,-1.20;0.15,-1.57;0.26,-0.74;0.21,-0.44;0.24,-0.33;0.27,-0.23;0.27,-0.10;0.28,0.10;0.35,1.01
-0.03,-0.17|-0.38,1.07;-0.24,0.09;-0.21,-0.07;-0.27,-0.15;-0.25,-0.24;-0.24,-0.34;-0.28,-0.63;-0.27,-2.26;0.23,-1.07;0.23,-0.50;0.21,-0.31;0.25,-0.21;0.26,-0.09;0.24,0.04;0.15,0.15;0.11,1.04
-0.06,-0.08|-0.23,0.39;-0.24,0.12;-0.22,-0.00;-0.28,-0.07;-0.26,-0.16;-0.26,-0.27;-0.29,-0.59;0.20,-0.79;0.20,-0.36;0.20,-0.20;0.25,-0.09;0.23,0.03;0.23,0.19;0.08,0.22;-0.01,1.18
-0.06,-0.08|-0.24,0.08;-0.23,-0.02;-0.30,-0.10;-0.25,-0.18;-0.28,-0.33;-0.32,-0.86;0.08,-1.96;0.22,-0.64;0.18,-0.29;0.23,-0.17;0.24,-0.06;0.21,0.06;0.16,0.17;0.31,1.04;-0.15,1.16;-0.25,0.31
-0.06,-0.08|-0.27,-0.06;-0.26,-0.14;-0.28,-0.26;-0.32,-0.57;0.17,-0.82;0.19,-0.38;0.21,-0.22;0.25,-0.11;0.24,0.01;0.06,1.20;-0.21,0.41;-0.23,0.13;-0.22,0.01
-0.05,-0.08|-0.27,-0.21;-0.26,-0.36;-0.30,-1.06;0.19,-1.76;0.25,-0.59;0.20,-0.27;0.24,-0.15;0.25,-0.03;0.23,0.09;0.15,0.20;0.25,1.12;-0.24,1.15;-0.26,0.26;-0.24,0.06;-0.23,-0.04;-0.29,-0.11
-0.05,-0.08|-0.28,-0.58;0.29,-0.98;0.22,-0.36;0.23,-0.20;0.26,-0.09;0.22,0.03;0.22,0.18;0.08,0.22;-0.01,1.17;-0.24,0.41;-0.25,0.13;-0.21,-0.00;-0.26,-0.07;-0.26,-0.16;-0.25,-0.26
-0.06,-0.12|0.22,-0.89;0.21,-0.41;0.22,-0.25;0.26,-0.14;0.24,-0.01;0.23,0.14;0.10,0.21;0.00,1.16;-0.24,0.37;-0.25,0.09;-0.25,-0.03;-0.28,-0.11;-0.26,-0.20;-0.25,-0.30;-0.29,-0.63
-0.05,-0.23|0.22,-1.58;0.26,-0.69;0.21,-0.40;0.22,-0.28;0.27,-0.17;0.24,-0.04;0.17,0.10;0.21,1.04;-0.31,1.08;-0.23,0.04;-0.23,-0.10;-0.30,-0.18;-0.26,-0.27;-0.28,-0.38;-0.31,-0.62;-0.24,-1.20
-0.02,-0.32|0.21,-0.86;0.21,-0.54;0.25,-0.43;0.23,-0.32;0.28,-0.19;0.25,-0.05;0.14,0.06;-0.02,1.00;-0.23,0.18;-0.21,-0.13;-0.24,-0.23;-0.21,-0.32;-0.24,-0.41;-0.32,-0.63;-0.28,-0.96
0.01,-0.37|0.30,-0.70;0.24,-0.49;0.25,-0.39;0.30,-0.28;0.27,-0.15;0.23,0.05;0.12,0.98;-0.19,0.27;-0.17,-0.15;-0.25,-0.24;-0.21,-0.36;-0.22,-0.45;-0.28,-0.63;-0.20,-0.80;0.26,-1.13
0.01,-0.37|0.25,-0.42;0.24,-0.33;0.28,-0.20;0.23,-0.07;0.11,0.07;-0.23,0.99;-0.22,-0.01;-0.23,-0.20;-0.23,-0.32;-0.22,-0.41;-0.21,-0.51;-0.25,-0.75;-0.18,-1.25;0.31,-2.07;0.29,-0.80
0.01,-0.37|0.28,-0.29;0.29,-0.15;0.24,0.04;0.16,0.97;-0.17,0.26;-0.18,-0.14;-0.26,-0.23;-0.19,-0.35;-0.22,-0.44;-0.28,-0.60;-0.24,-0.82;0.24,-1.17;0.30,-0.74;0.23,-0.49;0.25,-0.40
0.01,-0.37|0.24,-0.07;0.12,0.05;-0.17,0.99;-0.23,0.03;-0.22,-0.20;-0.25,-0.31;-0.25,-0.41;-0.22,-0.50;-0.27,-0.73;-0.22,-1.23;0.31,-2.68;0.28,-0.84;0.25,-0.56;0.25,-0.44;0.27,-0.34;0.30,-0.21
0.01,-0.36|0.25,0.97;-0.29,1.01;-0.23,-0.02;-0.23,-0.21;-0.22,-0.32;-0.22,-0.41;-0.21,-0.51;-0.25,-0.76;-0.19,-1.49;0.28,-1.59;0.30,-0.78;0.24,-0.51;0.24,-0.40;0.25,-0.31;0.29,-0.17;0.25,0.01
0.02,-0.27|0.00,1.07;-0.21,0.26;-0.19,-0.07;-0.26,-0.16;-0.20,-0.27;-0.24,-0.37;-0.26,-0.55;-0.25,-0.93;0.25,-0.81;0.24,-0.48;0.24,-0.36;0.27,-0.26;0.28,-0.15;0.25,-0.03;0.15,0.08
0.01,-0.17|-0.19,1.12;-0.24,0.24;-0.19,-0.03;-0.24,-0.11;-0.23,-0.21;-0.22,-0.31;-0.29,-0.58;-0.23,-1.15;0.26,-1.81;0.30,-0.65;0.23,-0.33;0.25,-0.23;0.27,-0.13;0.26,-0.02;0.24,0.14;0.10,0.21
-0.01,-0.07|-0.24,1.15;-0.20,0.22;-0.20,0.05;-0.24,-0.03;-0.26,-0.12;-0.26,-0.24;-0.33,-0.54;-0.46,-2.21;0.17,-1.03;0.21,-0.41;0.24,-0.25;0.28,-0.14;0.25,-0.03;0.26,0.10;0.16,0.17;0.23,1.08
-0.04,0.01|-0.22,0.43;-0.24,0.20;-0.23,0.09;-0.24,0.01;-0.27,-0.09;-0.26,-0.22;-0.27,-0.56;0.24,-0.63;0.20,-0.22;0.25,-0.10;0.26,0.02;0.22,0.13;0.16,0.22;0.24,0.73;-0.06,1.15
-0.04,0.01|-0.24,0.15;-0.22,0.05;-0.29,-0.03;-0.25,-0.12;-0.28,-0.32;-0.33,-1.28;0.14,-1.01;0.18,-0.34;0.21,-0.16;0.26,-0.06;0.23,0.06;0.25,0.20;0.12,0.25;0.21,1.12;-0.25,1.20;-0.24,0.32
-0.04,0.01|-0.26,-0.00;-0.26,-0.10;-0.26,-0.25;-0.25,-0.62;0.26,-0.58;0.21,-0.20;0.25,-0.08;0.26,0.03;0.22,0.14;0.15,0.23;0.23,0.80;-0.12,1.18;-0.23,0.39;-0.23,0.18;-0.22,0.07
-0.04,0.01|-0.25,-0.15;-0.33,-0.48;-0.39,-2.23;0.19,-0.94;0.19,-0.30;0.23,-0.15;0.26,-0.03;0.25,0.08;0.26,0.23;0.11,0.25;0.15,1.17;-0.32,1.18;-0.23,0.28;-0.23,0.13;-0.22,0.04;-0.28,-0.05
-0.03,0.02|-0.28,-0.81;0.17,-1.98;0.27,-0.55;0.23,-0.20;0.28,-0.08;0.24,0.04;0.23,0.16;0.13,0.21;0.22,0.87;-0.16,1.20;-0.24,0.40;-0.25,0.19;-0.21,0.07;-0.25,-0.01;-0.25,-0.10;-0.26,-0.26
-0.04,-0.07|0.17,-0.72;0.20,-0.36;0.22,-0.21;0.26,-0.09;0.25,0.03;0.24,0.17;0.11,0.24;0.04,1.13;-0.20,0.38;-0.23,0.14;-0.22,0.02;-0.29,-0.06;-0.28,-0.15;-0.27,-0.27;-0.32,-0.62
-0.03,-0.19|0.12,-1.10;0.21,-0.58;0.22,-0.37;0.24,-0.26;0.28,-0.14;0.24,-0.03;0.19,0.11;0.26,1.02;-0.24,1.11;-0.21,0.09;-0.22,-0.06;-0.26,-0.14;-0.25,-0.23;-0.28,-0.35;-0.33,-0.61;-0.39,-1.72
0.00,-0.27|0.23,-0.80;0.22,-0.49;0.23,-0.36;0.26,-0.27;0.29,-0.15;0.25,-0.02;0.15,0.10;-0.02,1.01;-0.22,0.23;-0.18,-0.10;-0.25,-0.17;-0.23,-0.28;-0.25,-0.38;-0.32,-0.60;-0.27,-0.96
0.03,-0.32|0.24,-0.56;0.23,-0.42;0.24,-0.33;0.29,-0.23;0.27,-0.10;0.21,0.06;0.12,1.06;-0.18,0.28;-0.18,-0.08;-0.25,-0.18;-0.21,-0.30;-0.25,-0.41;-0.28,-0.59;-0.26,-0.89;0.22,-0.88
0.02,-0.32|0.24,-0.37;0.28,-0.28;0.28,-0.16;0.26,0.01;0.13,0.14;-0.19,1.04;-0.20,0.05;-0.19,-0.16;-0.24,-0.25;-0.20,-0.35;-0.22,-0.46;-0.26,-0.70;-0.21,-1.28;0.26,-1.82;0.30,-0.77;0.23,-0.47
0.02,-0.32|0.29,-0.19;0.26,-0.06;0.16,0.07;-0.04,1.10;-0.24,0.23;-0.21,-0.11;-0.24,-0.22;-0.19,-0.33;-0.22,-0.43;-0.27,-0.63;-0.21,-0.96;0.27,-0.86;0.26,-0.53;0.26,-0.40;0.26,-0.31
0.02,-0.32|0.27,0.04;0.12,0.15;-0.21,1.04;-0.20,0.03;-0.22,-0.15;-0.23,-0.26;-0.23,-0.36;-0.23,-0.48;-0.26,-0.71;-0.24,-1.46;0.23,-1.56;0.29,-0.75;0.24,-0.48;0.24,-0.37;0.27,-0.28;0.29,-0.15
0.02,-0.32|0.03,1.02;-0.22,0.26;-0.21,-0.09;-0.26,-0.20;-0.20,-0.31;-0.23,-0.42;-0.23,-0.55;-0.18,-0.79;0.29,-1.00;0.26,-0.57;0.26,-0.42;0.26,-0.32;0.30,-0.20;0.25,-0.09;0.17,0.05
0.01,-0.22|-0.17,1.06;-0.26,0.24;-0.19,-0.07;-0.24,-0.16;-0.22,-0.26;-0.23,-0.37;-0.28,-0.62;-0.22,-1.14;0.35,-2.58;0.30,-0.70;0.24,-0.40;0.26,-0.29;0.29,-0.18;0.27,-0.07;0.11,0.16
-0.00,-0.14|-0.26,1.14;-0.21,0.18;-0.20,-0.01;-0.25,-0.09;-0.22,-0.18;-0.23,-0.29;-0.30,-0.58;-0.24,-1.39;0.24,-1.30;0.23,-0.48;0.24,-0.29;0.28,-0.19;0.27,-0.08;0.25,0.03;0.18,0.13;0.24,1.11
-0.03,-0.04|-0.28,0.63;-0.24,0.18;-0.22,0.04;-0.23,-0.04;-0.26,-0.13;-0.24,-0.24;-0.27,-0.58;0.23,-0.73;0.22,-0.31;0.23,-0.16;0.26,-0.05;0.23,0.05;0.25,0.22;0.11,0.25;0.01,1.22
-0.04,-0.02|-0.23,0.16;-0.21,0.04;-0.25,-0.03;-0.25,-0.12;-0.25,-0.26;-0.24,-0.58;0.25,-0.65;0.22,-0.26;0.25,-0.13;0.25,-0.01;0.23,0.10;0.19,0.22;0.08,0.29;-0.08,1.17;-0.23,0.40
-0.03,-0.03|-0.20,0.01;-0.29,-0.07;-0.24,-0.16;-0.25,-0.34;-0.26,-1.08;0.21,-1.39;0.21,-0.40;0.21,-0.19;0.25,-0.09;0.25,0.03;0.23,0.14;0.13,0.21;0.22,1.14;-0.25,1.20;-0.26,0.33;-0.24,0.12
-0.03,-0.02|-0.25,-0.11;-0.26,-0.25;-0.27,-0.57;0.22,-0.66;0.22,-0.28;0.25,-0.15;0.26,-0.03;0.22,0.07;0.24,0.23;0.10,0.27;0.00,1.21;-0.21,0.43;-0.22,0.18;-0.22,0.06;-0.25,-0.02
-0.03,-0.02|-0.24,-0.31;-0.24,-0.89;0.24,-1.80;0.28,-0.54;0.22,-0.21;0.27,-0.10;0.23,0.02;0.24,0.14;0.15,0.22;0.25,1.09;-0.21,1.18;-0.27,0.37;-0.25,0.14;-0.20,0.02;-0.29,-0.06;-0.24,-0.15
-0.04,-0.05|-0.24,-1.10;0.24,-1.43;0.24,-0.47;0.21,-0.22;0.27,-0.12;0.24,0.00;0.23,0.13;0.12,0.18;0.20,1.13;-0.28,1.17;-0.27,0.30;-0.24,0.08;-0.23,-0.02;-0.27,-0.10;-0.24,-0.19;-0.25,-0.37
-0.04,-0.15|0.20,-0.72;0.20,-0.39;0.22,-0.26;0.26,-0.15;0.25,-0.03;0.25,0.14;0.10,0.20;-0.04,1.07;-0.22,0.29;-0.23,0.03;-0.24,-0.07;-0.27,-0.15;-0.25,-0.24;-0.27,-0.38;-0.26,-0.69
-0.02,-0.25|0.23,-1.11;0.28,-0.61;0.22,-0.38;0.26,-0.28;0.27,-0.16;0.24,-0.03;0.17,0.10;0.11,1.02;-0.26,0.54;-0.23,0.01;-0.25,-0.12;-0.25,-0.22;-0.23,-0.31;-0.24,-0.42;-0.26,-0.69
0.01,-0.33|0.24,-0.82;0.22,-0.52;0.24,-0.41;0.26,-0.32;0.29,-0.20;0.26,-0.06;0.16,0.07;-0.05,1.01;-0.22,0.16;-0.20,-0.14;-0.23,-0.24;-0.21,-0.34;-0.24,-0.45;-0.30,-0.68;-0.29,-1.17
0.03,-0.36|0.22,-0.56;0.23,-0.44;0.25,-0.36;0.32,-0.24;0.28,-0.11;0.20,0.05;0.04,0.99;-0.19,0.18;-0.17,-0.15;-0.23,-0.25;-0.21,-0.35;-0.22,-0.46;-0.31,-0.68;-0.32,-1.18;0.23,-0.84
0.03,-0.36|0.31,-0.31;0.32,-0.18;0.35,0.08;-0.17,1.03;-0.17,-0.02;-0.21,-0.18;-0.21,-0.29;-0.23,-0.39;-0.23,-0.51;-0.26,-0.74;-0.47,-2.32;0.15,-1.20;0.26,-0.76;0.23,-0.50
0.02,-0.36|0.30,-0.20;0.25,-0.07;0.13,0.05;-0.14,0.97;-0.27,0.17;-0.19,-0.19;-0.25,-0.28;-0.19,-0.38;-0.21,-0.49;-0.25,-0.70;-0.17,-1.06;0.29,-0.83;0.27,-0.55;0.26,-0.42;0.26,-0.33
0.02,-0.36|0.28,0.07;0.25,1.02;-0.29,0.99;-0.20,-0.05;-0.22,-0.21;-0.19,-0.32;-0.22,-0.41;-0.22,-0.53;-0.22,-0.75;-0.26,-2.05;0.27,-1.40;0.30,-0.75;0.24,-0.49;0.24,-0.39;0.28,-0.30;0.28,-0.17
0.02,-0.34|0.06,1.05;-0.20,0.25;-0.18,-0.12;-0.24,-0.22;-0.23,-0.43;-0.28,-0.62;-0.24,-0.93;0.24,-0.91;0.28,-0.61;0.25,-0.44;0.26,-0.34;0.28,-0.24;0.27,-0.10
0.02,-0.24|-0.16,1.10;-0.23,0.20;-0.19,-0.07;-0.24,-0.17;-0.21,-0.27;-0.24,-0.39;-0.29,-0.63;-0.23,-1.16;0.26,-2.03;0.30,-0.72;0.25,-0.41;0.26,-0.30;0.30,-0.20;0.27,-0.09;0.25,0.07;0.12,0.17
-0.00,-0.14|-0.29,1.11;-0.20,0.14;-0.19,-0.03;-0.25,-0.10;-0.23,-0.20;-0.28,-0.60;-0.22,-1.45;0.22,-1.08;0.25,-0.49;0.24,-0.29;0.26,-0.19;0.27,-0.08;0.25,0.03;0.17,0.14;0.20,1.09
-0.03,-0.05|-0.20,0.43;-0.23,0.17;-0.21,0.04;-0.26,-0.04;-0.27,-0.13;-0.24,-0.24;-0.28,-0.58;0.22,-0.73;0.22,-0.32;0.26,-0.18;0.28,-0.06;0.24,0.05;0.25,0.21;0.11,0.25;0.02,1.20
-0.04,-0.02|-0.25,0.17;-0.21,0.04;-0.24,-0.03;-0.26,-0.12;-0.24,-0.25;-0.24,-0.58;0.26,-0.67;0.22,-0.26;0.24,-0.12;0.23,-0.01;0.23,0.10;0.19,0.23;0.08,0.30;-0.09,1.19;-0.24,0.41
-0.00,-0.00|-0.17,-1.29;0.29,-1.09;0.38,-0.49;0.35,-0.20;0.33,-0.04;0.35,0.09;0.40,0.30;0.40,0.70;0.28,2.12;-0.13,0.49;-0.17,0.23;-0.15,0.08;-0.13,0.02;-0.15,-0.04;-0.18,-0.14;-0.15,-0.25
0.01,-0.12|0.43,-1.37;0.40,-0.56;0.39,-0.31;0.41,-0.14;0.33,-0.01;0.34,0.16;0.31,0.48;-0.17,0.44;-0.18,0.11;-0.13,-0.04;-0.16,-0.10;-0.18,-0.18;-0.16,-0.26;-0.11,-0.36;-0.08,-1.37
0.05,-0.21|0.34,-0.72;0.41,-0.49;0.39,-0.31;0.40,-0.17;0.39,-0.02;0.43,0.26;0.41,1.04;-0.05,0.69;-0.14,0.13;-0.10,-0.09;-0.15,-0.15;-0.16,-0.24;-0.14,-0.32;-0.51,-0.93;-0.29,-1.43;0.20,-1.43
0.11,-0.28|0.44,-0.63;0.42,-0.42;0.44,-0.29;0.37,-0.19;0.41,0.00;0.41,0.39;-0.06,0.17;-0.08,-0.09;-0.11,-0.18;-0.13,-0.28;-0.09,-0.36;-0.60,-0.96;-0.23,-1.03;0.08,-1.45;0.42,-1.09
0.17,-0.36|0.43,-0.73;0.47,-0.56;0.45,-0.41;0.49,-0.29;0.41,-0.20;0.41,0.02;0.37,0.77;-0.04,0.62;-0.10,0.02;-0.07,-0.21;-0.09,-0.31;-0.08,-0.41;-0.87,-1.08;-0.26,-1.02;-0.03,-1.48;0.42,-1.51
0.21,-0.44|0.51,-1.04;0.50,-0.69;0.47,-0.53;0.47,-0.43;0.49,-0.30;0.41,-0.21;0.44,0.22;0.05,1.88;-0.06,0.10;-0.05,-0.22;-0.05,-0.46;-0.02,-0.56;-0.38,-1.12;-0.01,-1.11;0.29,-1.52
0.24,-0.54|0.48,-1.61;0.46,-0.84;0.52,-0.72;0.50,-0.58;0.47,-0.49;0.50,-0.35;0.47,-0.18;0.44,0.64;-0.01,0.56;-0.07,-0.10;-0.05,-0.35;-0.05,-0.49;-0.02,-0.59;-0.68,-1.18;-0.16,-1.17;0.06,-1.56
0.25,-0.63|0.30,-1.61;0.48,-1.12;0.49,-0.84;0.52,-0.72;0.49,-0.61;0.47,-0.52;0.48,-0.37;0.50,0.09;-0.02,-0.06;-0.03,-0.38;-0.05,-0.52;-1.17,-0.71;-0.88,-1.17;-0.22,-1.16;-0.11,-1.64
0.24,-0.76|0.12,-1.70;0.51,-1.73;0.49,-1.09;0.49,-0.90;0.50,-0.79;0.49,-0.69;0.48,-0.57;0.43,-0.42;0.40,0.55;-0.02,0.18;-0.04,-0.40;-0.06,-0.59;-0.31,-0.69;-0.39,-1.25;-0.04,-1.25
0.21,-0.87|-0.09,-1.74;0.26,-1.73;0.47,-1.42;0.42,-1.06;0.46,-0.96;0.51,-0.86;0.47,-0.75;0.51,-0.53;0.49,-0.07;-0.03,-0.37;-0.05,-0.64;-0.27,-0.71;-0.58,-1.25;-0.20,-1.33
0.17,-0.96|-0.24,-1.79;0.11,-1.80;0.45,-1.82;0.44,-1.28;0.41,-1.08;0.46,-0.98;0.44,-0.87;0.43,-0.73;0.40,-0.48;-0.08,-0.23;-0.10,-0.66;-0.25,-0.76;-1.17,-0.87;-0.99,-1.35;-0.26,-1.34
0.11,-1.05|-0.10,-1.39;-0.02,-1.84;0.29,-1.81;0.44,-1.50;0.44,-1.25;0.39,-1.09;0.46,-0.97;0.42,-0.82;0.40,-0.58;0.34,0.37;-0.13,-0.01;-0.23,-0.84;-0.70,-0.92;-0.32,-1.36
0.05,-1.12|-0.22,-1.46;-0.17,-1.89;0.14,-1.88;0.46,-1.86;0.39,-1.40;0.39,-1.22;0.38,-1.09;0.42,-0.92;0.38,-0.71;0.34,-0.14;-0.18,-0.71;-0.27,-0.86;-0.64,-0.92;-0.49,-1.42
-0.02,-1.19|-0.33,-1.44;-0.38,-1.85;-0.10,-1.91;0.20,-1.94;0.33,-1.63;0.34,-1.39;0.32,-1.23;0.39,-1.07;0.35,-0.89;0.37,-0.48;-0.17,-0.69;-0.27,-0.88;-0.54,-0.91;-0.70,-1.39
-0.07,-1.23|-0.30,-1.51;-0.28,-1.97;0.01,-1.93;0.32,-1.93;0.36,-1.57;0.34,-1.35;0.28,-1.19;0.34,-1.01;0.35,-0.71;0.27,-0.07;-0.20,-0.08;-0.23,-0.94;-0.48,-0.90;-1.04,-0.95;-2.45,-1.49;-0.53,-1.49
-0.08,-1.26|-0.43,-1.88;-0.16,-1.94;0.11,-1.94;0.26,-1.69;0.29,-1.46;0.29,-1.30;0.35,-1.13;0.35,-0.91;0.36,-0.48;-0.16,-0.96;-0.69,-0.92;-0.64,-1.41;-0.39,-1.50
-0.10,-1.30|-0.42,-1.92;-0.15,-1.95;0.11,-1.94;0.26,-1.73;0.28,-1.49;0.29,-1.33;0.33,-1.16;0.32,-0.94;0.37,-0.36;-0.21,-0.97;-0.44,-0.91;-0.78,-0.95;-0.61,-1.47;-0.36,-1.52
-0.13,-1.35|-0.26,-1.56;-0.23,-1.96;0.02,-1.98;0.32,-1.98;0.32,-1.63;0.32,-1.42;0.27,-1.26;0.32,-1.03;0.27,-0.70;0.24,0.94;-0.22,-1.00;-0.42,-0.95;-0.70,-1.00;-1.90,-1.07;-1.03,-1.57;-0.39,-1.54
-0.14,-1.36|-0.23,-1.96;0.02,-2.00;0.32,-1.99;0.31,-1.63;0.29,-1.43;0.26,-1.26;0.31,-1.04;0.26,-0.70;-0.23,-0.99;-0.44,-0.95;-0.72,-1.01;-1.94,-1.09;-0.69,-1.50;-0.39,-1.55;-0.25,-1.55
-0.13,-1.45|-0.09,-2.06;0.17,-2.06;0.26,-1.80;0.29,-1.60;0.28,-1.43;0.31,-1.23;0.29,-0.97;0.29,-0.22;-0.20,-0.44;-0.35,-1.01;-0.59,-1.05;-1.31,-1.05;-0.40,-1.58;-0.25,-1.59;-0.34,-2.07
-0.12,-1.55|-0.01,-2.09;0.27,-2.13;0.26,-1.80;0.28,-1.63;0.30,-1.47;0.35,-0.86;-0.21,-1.09;-0.45,-1.05;-0.81,-1.08;-0.41,-1.61;-0.23,-1.62;-0.22,-2.06
-0.08,-1.63|0.12,-2.10;0.36,-2.06;0.32,-1.79;0.32,-1.63;0.29,-1.47;0.34,-1.20;0.30,-0.67;-0.31,-1.11;-0.60,-1.14;-1.27,-1.17;-0.39,-1.64;-1.21,-2.12;-0.58,-2.15;-0.28,-2.14;-0.07,-2.13
-0.06,-1.73|-0.00,-2.18;0.19,-2.16;0.38,-2.07;0.35,-1.84;0.31,-1.68;0.30,-1.52;0.33,-1.22;0.29,-0.42;-0.22,-0.56;-0.40,-1.14;-0.73,-1.21;-1.68,-1.30;-1.62,-1.93;-0.84,-2.18;-0.39,-2.16;-0.18,-2.16
-0.07,-1.83|-0.10,-2.22;0.05,-2.21;0.28,-2.24;0.30,-2.02;0.35,-1.86;0.31,-1.71;0.27,-1.54;0.29,-1.13;-0.26,-1.24;-0.57,-1.24;-1.16,-1.27;-0.32,-1.81;-1.57,-2.31;-0.57,-2.26;-0.27,-2.24
-0.08,-1.92|-0.17,-2.25;-0.04,-2.28;0.10,-2.23;0.36,-2.26;0.28,-2.02;0.34,-1.86;0.31,-1.69;0.35,-1.36;0.30,-0.47;-0.21,-1.01;-0.47,-1.25;-0.22,-1.81;-0.50,-1.81;-1.71,-2.14;-0.69,-2.28;-0.36,-2.28
-0.12,-2.01|-0.24,-2.31;-0.12,-2.32;0.00,-2.31;0.18,-2.30;0.34,-2.20;0.28,-2.01;0.29,-1.84;0.27,-1.62;0.27,-1.05;-0.43,-1.28;-0.28,-1.86;-0.50,-1.85;-1.67,-2.02;-0.91,-2.34;-0.41,-2.30
-0.14,-2.05|-0.21,-2.32;-0.10,-2.32;0.03,-2.32;0.30,-2.37;0.24,-2.14;0.32,-1.98;0.30,-1.78;0.33,-1.40;0.34,-0.11;-0.25,-1.34;-0.24,-1.88;-0.34,-1.90;-0.87,-1.87;-1.71,-2.29;-0.60,-2.33;-0.35,-2.33
-0.14,-2.04|-0.03,-2.36;0.08,-2.29;0.31,-2.26;0.28,-2.07;0.30,-1.89;0.27,-1.68;0.32,-1.09;-0.41,-1.28;-0.30,-1.86;-0.53,-1.86;-1.66,-1.96;-0.89,-2.31;-0.43,-2.30;-0.26,-2.30;-0.16,-2.31
-0.14,-2.04|0.29,-2.39;0.25,-2.16;0.31,-2.00;0.30,-1.80;0.35,-1.44;0.42,-0.17;-0.22,-1.32;-0.24,-1.86;-0.33,-1.89;-0.86,-1.83;-1.69,-2.20;-0.64,-2.31;-0.37,-2.33;-0.22,-2.31;-0.11,-2.34;0.01,-2.33
-0.14,-2.04|0.27,-2.10;0.29,-1.93;0.30,-1.71;0.40,-1.13;-0.34,-1.26;-0.28,-1.87;-1.66,-1.82;-0.94,-2.24;-0.46,-2.28;-0.30,-2.30;-0.19,-2.32;-0.07,-2.35;0.06,-2.31;0.30,-2.30
-0.15,-2.04|0.28,-1.79;0.33,-1.41;0.30,-0.31;-0.25,-1.34;-0.24,-1.88;-0.33,-1.91;-0.82,-1.87;-1.67,-2.26;-0.64,-2.33;-0.36,-2.33;-0.22,-2.34;-0.10,-2.33;0.02,-2.32;0.26,-2.35;0.27,-2.15;0.30,-1.98
-0.12,-2.01|0.26,-1.66;0.31,-1.08;-0.39,-1.29;-0.26,-1.86;-0.50,-1.84;-1.68,-1.96;-0.90,-2.31;-0.41,-2.29;-0.24,-2.29;-0.12,-2.31;0.00,-2.32;0.17,-2.32;0.33,-2.21;0.28,-2.02;0.28,-1.86
-0.05,-1.95|0.32,-1.65;0.30,-1.31;0.16,0.20;-0.25,-1.30;-0.57,-1.32;-0.25,-1.85;-0.82,-1.88;-1.53,-2.41;-0.51,-2.34;-0.22,-2.28;-0.08,-2.29;0.05,-2.28;0.21,-2.26;0.38,-2.18;0.33,-1.99;0.32,-1.84
0.03,-1.90|0.37,-1.71;0.33,-1.51;0.33,-0.76;-0.14,-0.66;-0.37,-1.22;-0.77,-1.30;-0.24,-1.83;-1.66,-2.15;-0.59,-2.28;-0.26,-2.29;-0.06,-2.26;0.23,-2.24;0.40,-2.18;0.36,-1.99;0.37,-1.86
0.12,-1.86|0.41,-1.74;0.41,-1.57;0.41,-1.17;-0.13,-1.25;-0.47,-1.26;-1.23,-1.30;-1.57,-1.86;-0.78,-2.24;-0.25,-2.24;-0.03,-2.24;0.12,-2.23;0.28,-2.23;0.45,-2.18;0.39,-1.97;0.44,-1.86
0.15,-1.85|0.42,-1.61;0.44,-1.22;-0.08,-1.22;-1.14,-1.25;-0.78,-1.81;-0.78,-2.19;-0.26,-2.23;-0.02,-2.23;0.14,-2.22;0.30,-2.25;0.47,-2.19;0.42,-1.97;0.44,-1.86;0.42,-1.75
0.16,-1.82|0.41,-1.18;-0.10,-1.23;-0.44,-1.25;-1.18,-1.31;-1.39,-1.87;-0.76,-2.24;-0.23,-2.24;0.01,-2.21;0.18,-2.21;0.35,-2.23;0.50,-2.13;0.44,-1.92;0.45,-1.81;0.42,-1.71;0.41,-1.55
0.20,-1.73|0.40,-0.91;-0.07,0.01;-0.13,-1.20;-0.53,-1.20;-1.56,-1.31;-1.53,-2.00;-0.62,-2.23;-0.15,-2.20;0.09,-2.18;0.26,-2.14;0.47,-2.18;0.43,-1.91;0.48,-1.80;0.45,-1.69;0.46,-1.57;0.40,-1.45
0.21,-1.65|0.45,0.36;-0.02,-0.81;-0.24,-1.07;-0.67,-1.15;-1.50,-2.13;-0.42,-2.15;-0.03,-2.09;0.16,-2.14;0.36,-2.16;0.43,-1.92;0.49,-1.80;0.46,-1.68;0.47,-1.57;0.43,-1.48;0.49,-1.15
0.22,-1.53|-0.00,-1.03;-0.31,-1.02;-1.08,-1.03;-0.25,-1.54;-0.95,-2.04;-0.26,-2.03;0.01,-2.07;0.23,-2.04;0.46,-2.09;0.46,-1.75;0.45,-1.62;0.48,-1.52;0.43,-1.43;0.51,-1.22;0.48,-0.84
0.20,-1.42|-0.05,-0.46;-0.11,-1.02;-0.51,-1.01;-0.25,-1.54;-0.57,-2.00;-0.15,-2.01;0.11,-2.04;0.36,-2.05;0.43,-1.73;0.45,-1.57;0.46,-1.46;0.43,-1.36;0.49,-1.21;0.47,-0.96;0.51,0.81
0.15,-1.32|-0.12,-0.79;-0.30,-0.93;-0.95,-0.97;-0.25,-1.53;-0.43,-2.00;-0.06,-1.98;0.20,-1.94;0.48,-1.95;0.44,-1.56;0.45,-1.41;0.40,-1.30;0.44,-1.17;0.45,-0.96;0.41,-0.51
0.11,-1.23|-0.11,-0.70;-0.25,-0.86;-0.63,-0.92;-0.31,-1.41;-0.12,-1.46;-0.17,-1.92;0.11,-1.91;0.41,-1.96;0.41,-1.53;0.42,-1.36;0.36,-1.23;0.45,-1.09;0.43,-0.91
0.08,-1.15|-0.11,-0.61;-0.14,-0.90;-0.46,-0.88;-0.60,-1.38;-0.26,-1.45;-0.28,-1.88;0.03,-1.89;0.34,-1.91;0.40,-1.51;0.39,-1.30;0.34,-1.16;0.42,-1.03;0.41,-0.85;0.41,-0.47
0.05,-1.06|-0.16,-0.55;-0.14,-0.87;-0.44,-0.85;-1.82,-1.05;-0.94,-1.46;-0.29,-1.39;-0.28,-1.85;0.05,-1.84;0.38,-1.86;0.43,-1.44;0.38,-1.20;0.36,-1.06;0.41,-0.91;0.35,-0.76;0.33,-0.39
0.05,-1.06|-0.22,-0.84;-0.63,-0.86;-0.52,-1.37;-0.24,-1.42;-0.18,-1.84;0.13,-1.83;0.36,-1.62;0.38,-1.33;0.33,-1.14;0.39,-1.02;0.39,-0.87;0.41,-0.61;0.35,-0.02;-0.10,0.32;-0.18,-0.65
0.02,-1.05|-0.38,-0.81;-1.30,-0.87;-1.06,-1.34;-0.37,-1.35;-0.17,-1.37;-0.08,-1.84;0.24,-1.84;0.37,-1.50;0.37,-1.25;0.34,-1.09;0.40,-0.94;0.36,-0.79;0.39,-0.41;-0.12,-0.53;-0.12,-0.86
-0.02,-1.03|-0.51,-0.85;-0.91,-1.43;-0.34,-1.37;-0.31,-1.81;0.01,-1.84;0.35,-1.84;0.36,-1.38;0.34,-1.16;0.35,-1.02;0.36,-0.86;0.38,-0.61;0.34,-0.09;-0.20,-0.62;-0.21,-0.85
-0.06,-1.02|-0.64,-0.83;-0.66,-1.33;-0.36,-1.37;-0.32,-1.83;0.01,-1.85;0.37,-1.85;0.33,-1.34;0.31,-1.13;0.36,-0.98;0.35,-0.81;0.33,-0.55;0.33,0.20;-0.17,0.31;-0.17,-0.79;-0.32,-0.80
-0.10,-1.00|-0.59,-0.82;-0.93,-1.38;-0.40,-1.33;-0.24,-1.37;-0.07,-1.82;0.29,-1.86;0.30,-1.38;0.26,-1.14;0.35,-0.99;0.33,-0.81;0.32,-0.55;0.35,0.21;-0.14,0.04;-0.18,-0.82;-0.33,-0.78
-0.16,-0.98|-0.62,-0.84;-0.98,-1.43;-0.42,-1.31;-0.27,-1.36;-0.07,-1.81;0.30,-1.81;0.30,-1.35;0.26,-1.11;0.32,-0.93;0.27,-0.75;0.23,-0.50;0.25,0.40;-0.24,-0.19;-0.24,-0.82;-0.42,-0.77
-0.20,-0.97|-1.22,-0.83;-0.66,-1.32;-0.42,-1.35;-0.25,-1.35;0.01,-1.78;0.24,-1.55;0.27,-1.24;0.23,-1.03;0.27,-0.84;0.25,-0.20;-0.24,-0.82;-0.32,-0.81;-0.53,-0.77
-0.29,-0.96|-1.07,-1.38;-0.61,-1.35;-0.42,-1.38;-0.21,-1.77;0.16,-1.81;0.23,-1.39;0.17,-1.10;0.25,-0.91;0.20,-0.70;0.20,-0.36;0.14,0.48;-0.31,-0.81;-0.38,-0.80;-0.55,-0.75;-0.79,-0.81
-0.41,-0.99|-1.23,-1.33;-0.74,-1.32;-0.55,-1.32;-0.41,-1.34;-0.09,-1.78;0.13,-1.54;0.15,-1.23;0.17,-0.99;0.16,-0.76;0.17,-0.42;-0.34,-0.82;-0.41,-0.81;-0.50,-0.77;-0.61,-0.79;-0.86,-0.80
-0.49,-1.03|-1.13,-1.38;-0.77,-1.38;-0.58,-1.36;-0.45,-1.38;-0.04,-1.87;0.10,-1.51;0.08,-1.20;0.15,-0.97;0.20,-0.66;0.19,-0.20;-0.42,-0.83;-0.51,-0.81;-0.61,-0.80;-0.74,-0.82;-1.33,-0.78;-2.62,-1.25
-0.57,-1.09|-0.96,-1.35;-0.78,-1.41;-0.63,-1.40;-0.51,-1.40;-0.02,-1.91;0.08,-1.52;0.04,-1.21;0.12,-0.96;0.10,-0.65;-0.42,-0.87;-0.52,-0.85;-0.62,-0.80;-0.72,-0.85;-0.94,-0.84;-1.59,-0.88;-1.88,-1.34
-0.64,-1.15|-0.92,-1.39;-0.78,-1.42;-0.66,-1.42;-0.54,-1.44;0.03,-1.92;0.07,-1.50;-0.00,-1.19;0.07,-0.91;0.01,-0.58;-0.51,-0.88;-0.62,-0.85;-0.74,-0.84;-0.84,-0.92;-1.13,-0.90;-2.98,-0.99;-1.47,-1.43
-0.71,-1.21|-0.96,-1.43;-0.84,-1.47;-0.72,-1.39;-0.61,-1.49;-0.07,-1.92;0.04,-1.57;-0.00,-1.25;0.02,-0.95;-0.03,-0.60;-0.57,-0.92;-0.69,-0.86;-0.82,-0.91;-0.97,-0.92;-1.34,-0.90;-3.01,-1.08;-1.51,-1.49
-0.73,-1.22|-0.84,-1.48;-0.73,-1.41;-0.63,-1.49;-0.05,-1.93;0.02,-1.55;-0.06,-1.24;0.02,-0.93;-0.06,-0.58;-0.60,-0.92;-0.72,-0.88;-0.85,-0.92;-1.01,-0.93;-1.40,-0.93;-3.02,-1.17;-1.39,-1.48;-0.96,-1.45
-0.73,-1.22|-0.71,-1.43;-0.60,-1.47;0.02,-1.86;-0.02,-1.45;-0.01,-1.16;-0.01,-0.85;0.04,-0.32;-0.63,-0.90;-0.76,-0.86;-0.88,-0.93;-1.06,-0.93;-1.61,-0.93;-2.75,-1.38;-1.26,-1.49;-0.92,-1.44;-0.79,-1.42
-0.73,-1.22|-0.10,-1.98;-0.01,-1.60;-0.04,-1.28;0.02,-0.99;-0.01,-0.62;-0.57,-0.92;-0.70,-0.87;-0.82,-0.94;-0.99,-0.90;-1.36,-0.88;-3.04,-0.99;-1.39,-1.42;-0.97,-1.41;-0.87,-1.48;-0.75,-1.41;-0.65,-1.50
-0.69,-1.23|0.02,-1.47;-0.01,-1.19;0.01,-0.89;-0.00,-0.45;-0.58,-0.90;-0.71,-0.87;-0.83,-0.94;-1.02,-0.94;-1.51,-0.95;-2.98,-1.38;-1.25,-1.51;-0.88,-1.45;-0.76,-1.45;-0.67,-1.48;0.07,-1.90
-0.53,-1.27|0.10,-1.33;0.13,-1.07;0.13,-0.73;0.09,-0.12;-0.49,-0.94;-0.64,-0.89;-0.78,-0.96;-1.18,-0.92;-2.90,-1.02;-1.25,-1.48;-0.78,-1.47;-0.62,-1.44;-0.55,-1.53;-0.46,-1.50;0.06,-1.98;0.11,-1.61
-0.42,-1.27|0.10,-1.21;0.17,-0.94;0.11,-0.60;0.10,0.55;-0.46,-0.96;-0.62,-0.91;-0.82,-0.95;-1.44,-0.97;-2.54,-1.50;-0.77,-1.46;-0.58,-1.46;-0.49,-1.51;-0.40,-1.47;-0.07,-1.90;0.13,-1.71;0.13,-1.43
-0.33,-1.26|0.16,-1.29;0.25,-1.06;0.25,-0.74;0.22,-0.12;-0.31,-0.96;-0.46,-0.87;-0.62,-0.93;-1.10,-0.89;-0.81,-1.43;-0.54,-1.45;-0.44,-1.51;-0.34,-1.49;-0.10,-1.91;0.19,-1.84;0.20,-1.51
-0.23,-1.27|0.25,-1.39;0.22,-1.20;0.26,-0.97;0.24,-0.63;0.30,0.92;-0.28,-0.96;-0.46,-0.89;-0.69,-0.94;-1.44,-0.98;-1.31,-1.44;-0.48,-1.42;-0.40,-1.51;-0.40,-1.98;-0.12,-1.95;0.20,-1.97;0.24,-1.61
-0.14,-1.30|0.28,-1.52;0.28,-1.33;0.30,-1.15;0.29,-0.92;0.31,-0.40;-0.26,-0.96;-0.48,-0.91;-0.79,-0.97;-0.63,-1.46;-0.39,-1.51;-0.25,-1.51;-0.19,-1.95;0.06,-1.94;0.23,-1.74
-0.07,-1.35|0.33,-1.63;0.34,-1.44;0.26,-1.29;0.35,-1.09;0.35,-0.77;0.31,0.23;-0.18,-0.66;-0.29,-0.97;-0.54,-1.00;-1.29,-1.06;-1.22,-1.53;-0.37,-1.54;-0.20,-1.54;-0.21,-1.95;0.04,-1.98;0.34,-2.01
0.01,-1.41|0.35,-1.75;0.35,-1.55;0.36,-1.40;0.32,-1.28;0.37,-1.04;0.30,-0.69;-0.16,-1.02;-0.92,-1.03;-0.33,-1.55;-0.25,-2.03;0.01,-2.02;0.26,-2.02
0.06,-1.48|0.42,-2.05;0.40,-1.72;0.38,-1.55;0.37,-1.43;0.36,-1.29;0.38,-1.03;0.34,-0.22;-0.12,-0.44;-0.21,-1.06;-0.48,-1.10;-1.56,-1.12;-0.34,-1.55;-0.13,-1.60;-0.33,-2.03;-0.06,-2.03;0.15,-2.02
0.10,-1.56|0.34,-2.12;0.39,-1.84;0.42,-1.69;0.41,-1.56;0.39,-1.44;0.43,-1.23;0.40,-0.84;-0.10,-1.07;-0.38,-1.08;-1.01,-1.10;-1.37,-2.17;-0.47,-2.13;-0.11,-2.06;0.10,-2.09
0.12,-1.67|0.18,-2.11;0.41,-2.18;0.38,-1.87;0.45,-1.76;0.42,-1.63;0.43,-1.50;0.45,-1.24;0.41,-0.63;-0.04,-0.28;-0.16,-1.15;-0.54,-1.14;-1.56,-1.19;-0.11,-1.69;-0.74,-2.15;-0.26,-2.15;-0.01,-2.13
0.13,-1.76|0.13,-2.20;0.32,-2.22;0.44,-2.08;0.40,-1.87;0.40,-1.76;0.42,-1.64;0.38,-1.51;0.46,-0.97;-0.10,-1.21;-0.44,-1.20;-1.16,-1.22;-0.22,-1.76;-0.83,-2.16;-0.28,-2.17;-0.05,-2.20
0.12,-1.86|0.07,-2.24;0.22,-2.21;0.42,-2.26;0.39,-2.02;0.43,-1.90;0.41,-1.78;0.42,-1.64;0.44,-1.31;0.38,0.00;-0.11,-0.98;-0.37,-1.21;-0.97,-1.22;-0.21,-1.81;-1.49,-2.28;-0.33,-2.21;-0.09,-2.22
0.11,-1.95|0.03,-2.30;0.16,-2.26;0.32,-2.31;0.44,-2.20;0.39,-2.02;0.42,-1.90;0.38,-1.78;0.36,-1.60;0.34,-0.95;-0.14,-0.49;-0.33,-1.25;-0.76,-1.34;-0.24,-1.87;-1.58,-2.24;-0.48,-2.32;-0.12,-2.27
0.09,-2.02|0.04,-2.35;0.16,-2.30;0.33,-2.34;0.43,-2.22;0.36,-2.06;0.40,-1.94;0.39,-1.79;0.35,-1.57;0.36,-0.11;-0.15,-1.09;-0.42,-1.34;-0.17,-1.86;-0.78,-1.90;-1.11,-2.33;-0.27,-2.29;-0.08,-2.31
0.09,-2.02|0.22,-2.30;0.44,-2.33;0.39,-2.13;0.39,-2.00;0.39,-1.87;0.38,-1.70;0.42,-1.09;-0.26,-1.29;-0.66,-1.34;-0.25,-1.90;-1.58,-2.10;-0.57,-2.33;-0.19,-2.33;-0.03,-2.34;0.10,-2.30
0.08,-2.01|0.42,-2.23;0.36,-2.06;0.41,-1.94;0.41,-1.79;0.44,-1.45;0.42,-0.13;-0.12,-1.07;-0.42,-1.30;-0.17,-1.85;-0.76,-1.87;-1.12,-2.28;-0.32,-2.30;-0.09,-2.29;0.03,-2.34;0.15,-2.30
0.08,-2.01|0.42,-2.01;0.41,-1.88;0.40,-1.70;0.47,-1.09;-0.23,-1.26;-0.64,-1.30;-0.25,-1.88;-1.61,-2.01;-0.58,-2.29;-0.21,-2.31;-0.04,-2.32;0.08,-2.32;0.20,-2.30;0.39,-2.33;0.36,-2.13
0.08,-2.02|0.39,-1.82;0.38,-1.59;0.50,-0.15;-0.09,-1.04;-0.39,-1.27;-0.15,-1.85;-0.74,-1.83;-1.47,-2.28;-0.33,-2.28;-0.10,-2.28;0.01,-2.34;0.13,-2.31;0.30,-2.36;0.43,-2.26;0.35,-2.08;0.42,-1.96
0.08,-2.01|0.41,-1.32;-0.16,-1.33;-0.53,-1.33;-0.20,-1.87;-1.58,-1.93;-0.79,-2.32;-0.26,-2.32;-0.06,-2.30;0.07,-2.33;0.18,-2.26;0.39,-2.34;0.39,-2.15;0.38,-2.02;0.40,-1.89;0.40,-1.72
0.12,-1.92|0.40,-1.21;-0.16,-1.26;-0.54,-1.28;-0.14,-1.82;-1.55,-1.95;-0.74,-2.29;-0.23,-2.28;-0.02,-2.28;0.13,-2.25;0.28,-2.28;0.46,-2.25;0.37,-2.02;0.42,-1.92;0.40,-1.80;0.39,-1.64
0.15,-1.83|0.37,-0.94;-0.10,-0.14;-0.23,-1.20;-0.60,-1.27;-1.79,-1.35;-1.60,-2.09;-0.55,-2.25;-0.15,-2.24;0.05,-2.23;0.21,-2.19;0.40,-2.24;0.41,-2.02;0.42,-1.89;0.42,-1.79;0.43,-1.66;0.37,-1.52
0.17,-1.74|0.38,0.30;-0.08,-0.90;-0.31,-1.14;-0.89,-1.16;-0.29,-1.69;-1.46,-2.22;-0.42,-2.22;-0.06,-2.16;0.13,-2.17;0.31,-2.19;0.48,-2.11;0.44,-1.88;0.44,-1.76;0.42,-1.66;0.42,-1.53;0.45,-1.21
0.17,-1.58|-0.04,-1.05;-0.34,-1.06;-1.04,-1.08;-0.31,-1.58;-1.03,-2.08;-0.30,-2.06;-0.04,-2.10;0.17,-2.08;0.41,-2.15;0.43,-1.84;0.44,-1.69;0.45,-1.58;0.45,-1.47;0.48,-1.28;0.47,-0.87
0.17,-1.48|-0.04,-0.25;-0.10,-1.05;-0.42,-1.06;-1.55,-1.08;-0.27,-1.56;-0.76,-2.06;-0.23,-2.04;0.03,-2.05;0.26,-2.04;0.41,-1.88;0.45,-1.69;0.42,-1.55;0.43,-1.44;0.40,-1.34;0.46,-1.08;0.45,-0.26
0.14,-1.39|-0.07,-0.70;-0.21,-0.97;-0.60,-1.00;-0.28,-1.52;-0.60,-2.00;-0.19,-2.02;0.08,-2.03;0.34,-2.05;0.41,-1.72;0.42,-1.54;0.43,-1.42;0.37,-1.33;0.46,-1.14;0.46,-0.79
0.10,-1.30|-0.13,-0.78;-0.31,-0.92;-0.70,-0.99;-0.29,-1.48;-0.54,-1.99;-0.14,-1.95;0.12,-1.97;0.41,-2.00;0.42,-1.61;0.40,-1.42;0.37,-1.30;0.43,-1.16;0.43,-0.96;0.41,-0.50
0.07,-1.22|-0.15,-0.66;-0.23,-0.91;-0.59,-0.93;-0.51,-1.44;-0.20,-1.47;-0.25,-1.93;0.05,-1.94;0.35,-1.95;0.39,-1.36;0.31,-1.22;0.41,-1.08;0.38,-0.91;0.39,-0.49
0.03,-1.13|-0.13,-0.57;-0.16,-0.89;-0.45,-0.86;-1.85,-0.92;-0.98,-1.42;-0.32,-1.41;-0.35,-1.84;-0.05,-1.90;0.26,-1.90;0.36,-1.54;0.36,-1.31;0.32,-1.16;0.42,-1.01;0.39,-0.84;0.33,-0.59
0.02,-1.07|-0.19,-0.64;-0.22,-0.86;-0.56,-0.87;-0.59,-1.37;-0.30,-1.43;-0.25,-1.87;0.07,-1.84;0.40,-1.85;0.36,-1.36;0.34,-1.18;0.38,-1.04;0.36,-0.90;0.40,-0.63;0.35,-0.07
0.02,-1.07|-0.41,-0.82;-1.27,-0.89;-1.18,-1.38;-0.35,-1.35;-0.18,-1.41;-0.09,-1.84;0.22,-1.85;0.37,-1.54;0.38,-1.28;0.33,-1.11;0.41,-0.97;0.35,-0.82;0.33,-0.54;-0.13,-0.48;-0.14,-0.86
-0.02,-1.06|-0.48,-0.83;-0.94,-1.38;-0.35,-1.36;-0.38,-1.82;-0.06,-1.85;0.28,-1.89;0.35,-1.46;0.33,-1.22;0.35,-1.08;0.37,-0.92;0.38,-0.70;0.41,-0.18;-0.18,-0.60;-0.20,-0.85
-0.05,-1.04|-0.70,-0.85;-0.60,-1.34;-0.33,-1.39;-0.29,-1.84;0.03,-1.83;0.35,-1.79;0.32,-1.34;0.28,-1.14;0.36,-1.00;0.34,-0.83;0.33,-0.58;0.37,0.36;-0.15,-0.04;-0.16,-0.85;-0.37,-0.78
-0.10,-1.03|-0.70,-0.83;-0.69,-1.33;-0.39,-1.36;-0.35,-1.81;-0.03,-1.85;0.32,-1.85;0.28,-1.35;0.26,-1.14;0.34,-0.99;0.33,-0.81;0.29,-0.57;0.31,0.22;-0.18,0.01;-0.20,-0.82;-0.39,-0.78
-0.14,-1.01|-0.63,-0.84;-0.98,-1.40;-0.44,-1.34;-0.27,-1.36;-0.10,-1.83;0.25,-1.84;0.28,-1.40;0.23,-1.14;0.31,-0.99;0.30,-0.80;0.28,-0.53;0.29,0.21;-0.20,0.03;-0.23,-0.82;-0.39,-0.79
-0.19,-0.99|-0.63,-0.82;-1.05,-1.36;-0.47,-1.28;-0.34,-1.37;-0.18,-1.81;0.18,-1.84;0.27,-1.43;0.23,-1.15;0.29,-0.98;0.26,-0.79;0.24,-0.53;0.28,0.23;-0.21,0.02;-0.27,-0.82;-0.43,-0.76
-0.23,-0.98|-1.39,-0.85;-1.41,-1.33;-0.67,-1.33;-0.44,-1.37;-0.31,-1.80;0.01,-1.78;0.22,-1.53;0.24,-1.03;0.25,-0.83;0.25,-0.59;0.26,-0.08;-0.27,-0.83;-0.38,-0.79;-0.57,-0.79
-0.32,-0.98|-0.79,-1.31;-0.54,-1.32;-0.39,-1.37;-0.14,-1.81;0.22,-1.77;0.18,-1.30;0.15,-1.07;0.21,-0.87;0.24,-0.59;0.21,-0.15;-0.36,-0.82;-0.48,-0.77;-0.60,-0.81;-1.32,-0.81
-0.41,-1.02|-1.14,-1.39;-0.71,-1.37;-0.52,-1.37;-0.38,-1.36;-0.00,-1.81;0.16,-1.50;0.12,-1.19;0.18,-0.97;0.15,-0.73;0.14,-0.36;-0.34,-0.81;-0.43,-0.80;-0.54,-0.76;-0.66,-0.81;-0.94,-0.85
-0.49,-1.06|-0.95,-1.34;-0.74,-1.40;-0.57,-1.40;-0.44,-1.39;0.01,-1.89;0.11,-1.51;0.08,-1.21;0.14,-0.97;0.18,-0.66;0.16,-0.19;-0.44,-0.85;-0.53,-0.80;-0.64,-0.81;-0.77,-0.86;-1.44,-0.83
-0.57,-1.12|-0.91,-1.38;-0.72,-1.40;-0.60,-1.42;-0.49,-1.39;0.04,-1.89;0.09,-1.49;0.05,-1.19;0.08,-0.93;0.07,-0.62;-0.43,-0.87;-0.54,-0.87;-0.65,-0.83;-0.76,-0.87;-0.97,-0.89;-1.92,-0.95;-1.81,-1.46
-0.64,-1.18|-0.91,-1.42;-0.77,-1.45;-0.66,-1.42;-0.55,-1.46;0.01,-1.92;0.07,-1.52;-0.01,-1.22;0.05,-0.94;0.01,-0.60;-0.52,-0.92;-0.62,-0.88;-0.74,-0.89;-0.86,-0.93;-1.14,-0.94;-2.98,-1.03;-1.47,-1.46
-0.72,-1.24|-0.98,-1.43;-0.87,-1.49;-0.75,-1.41;-0.66,-1.49;-0.53,-1.49;-0.01,-1.66;-0.00,-1.34;0.03,-1.05;0.02,-0.68;-0.54,-0.94;-0.67,-0.89;-0.80,-0.93;-0.95,-0.93;-1.30,-0.89;-2.56,-0.98;-1.57,-1.46
-0.74,-1.25|-0.88,-1.48;-0.77,-1.43;-0.67,-1.52;-0.57,-1.49;-0.04,-1.68;0.01,-1.37;0.02,-1.07;0.01,-0.71;-0.55,-0.95;-0.68,-0.89;-0.82,-0.92;-0.98,-0.92;-1.31,-0.90;-2.28,-1.01;-1.59,-1.45;-1.00,-1.44
-0.74,-1.25|-0.71,-1.46;-0.60,-1.50;0.05,-1.87;-0.01,-1.45;-0.07,-1.17;-0.04,-0.85;-0.06,-0.38;-0.65,-0.93;-0.78,-0.90;-0.90,-0.97;-1.09,-0.98;-1.63,-1.00;-3.00,-1.52;-1.27,-1.55;-0.91,-1.47;-0.80,-1.46
-0.74,-1.25|-0.56,-1.47;-0.02,-1.63;-0.02,-1.32;0.02,-1.02;-0.04,-0.67;-0.57,-0.94;-0.71,-0.91;-0.83,-0.93;-0.99,-0.94;-1.35,-0.92;-3.03,-1.02;-1.54,-1.49;-0.98,-1.45;-0.88,-1.51;-0.76,-1.44;-0.66,-1.51
-0.73,-1.25|0.01,-1.45;-0.07,-1.16;-0.02,-0.84;-0.08,-0.40;-0.64,-0.91;-0.78,-0.91;-0.90,-0.96;-1.09,-0.97;-1.61,-1.01;-2.97,-1.53;-1.29,-1.56;-0.89,-1.45;-0.79,-1.45;-0.70,-1.47;-0.60,-1.49;0.07,-1.87
-0.59,-1.28|0.06,-1.30;0.07,-1.03;0.07,-0.66;0.02,0.06;-0.58,-0.95;-0.72,-0.92;-0.87,-0.98;-1.29,-0.96;-2.96,-1.20;-1.27,-1.54;-0.83,-1.51;-0.66,-1.43;-0.59,-1.54;-0.51,-1.48;0.04,-1.95;0.09,-1.58
-0.46,-1.27|0.07,-1.21;0.10,-0.95;0.04,-0.63;-0.02,0.35;-0.51,-0.95;-0.66,-0.92;-0.85,-0.98;-1.40,-1.02;-0.84,-1.49;-0.61,-1.46;-0.53,-1.51;-0.44,-1.49;-0.11,-1.90;0.19,-1.78;0.14,-1.44
-0.37,-1.26|0.13,-1.23;0.21,-0.97;0.17,-0.64;0.23,0.52;-0.39,-0.94;-0.56,-0.88;-0.75,-0.93;-1.41,-0.91;-0.75,-1.45;-0.54,-1.46;-0.45,-1.50;-0.33,-1.93;-0.05,-1.91;0.14,-1.71;0.15,-1.44
-0.27,-1.27|0.21,-1.31;0.26,-1.11;0.21,-0.87;0.19,-0.40;-0.37,-0.94;-0.57,-0.91;-0.84,-0.96;-2.36,-1.06;-1.09,-1.51;-0.50,-1.45;-0.40,-1.50;-0.34,-1.94;-0.06,-1.95;0.25,-1.91;0.25,-1.55
-0.17,-1.29|0.28,-1.45;0.24,-1.27;0.30,-1.06;0.31,-0.75;0.25,-0.09;-0.23,-0.33;-0.33,-0.97;-0.55,-0.95;-1.15,-0.95;-0.62,-1.50;-0.39,-1.53;-0.40,-1.95;-0.14,-1.96;0.15,-1.96;0.25,-1.67
-0.09,-1.33|0.32,-1.58;0.31,-1.39;0.27,-1.24;0.34,-1.02;0.29,-0.69;-0.23,-0.75;-0.38,-0.94;-0.68,-0.98;-1.91,-1.05;-0.70,-1.48;-0.35,-1.52;-0.46,-1.94;-0.19,-1.97;0.07,-1.97;0.35,-1.93
-0.01,-1.40|0.32,-1.74;0.33,-1.54;0.35,-1.40;0.32,-1.26;0.36,-1.03;0.34,-0.57;-0.16,-1.03;-0.43,-0.97;-0.99,-0.97;-0.36,-1.53;-0.18,-1.55;-0.28,-2.01;-0.02,-2.01;0.24,-2.02
0.05,-1.47|0.40,-2.01;0.39,-1.70;0.37,-1.53;0.37,-1.41;0.40,-1.24;0.37,-0.99;0.38,0.18;-0.15,-0.47;-0.25,-1.03;-0.59,-1.04;-1.81,-1.10;-0.33,-1.54;-0.80,-2.03;-0.31,-2.01;-0.07,-2.05;0.15,-2.01
0.09,-1.56|0.29,-2.12;0.36,-1.86;0.42,-1.71;0.38,-1.57;0.39,-1.46;0.45,-1.24;0.43,-0.86;-0.08,-1.07;-0.36,-1.06;-1.00,-1.04;-1.45,-2.10;-0.50,-2.09;-0.15,-2.05;0.06,-2.09
0.12,-1.65|0.22,-2.10;0.46,-2.12;0.38,-1.82;0.40,-1.70;0.42,-1.58;0.39,-1.45;0.40,-1.19;0.33,-0.30;-0.15,-0.54;-0.27,-1.12;-0.65,-1.18;-1.89,-1.33;-1.61,-2.06;-0.60,-2.17;-0.20,-2.16;0.04,-2.15
0.12,-1.75|0.12,-2.17;0.32,-2.22;0.40,-2.02;0.41,-1.87;0.40,-1.75;0.42,-1.62;0.37,-1.50;0.45,-0.95;-0.12,-1.18;-0.44,-1.20;-1.21,-1.21;-0.23,-1.75;-0.81,-2.15;-0.29,-2.17;-0.04,-2.16
0.11,-1.84|0.06,-2.24;0.21,-2.19;0.41,-2.24;0.37,-1.99;0.42,-1.88;0.40,-1.77;0.39,-1.63;0.43,-1.29;-0.11,-1.00;-0.38,-1.20;-1.01,-1.19;-0.22,-1.80;-1.16,-2.18;-0.33,-2.18;-0.10,-2.21
0.10,-1.94|0.02,-2.29;0.16,-2.25;0.34,-2.30;0.43,-2.16;0.37,-1.99;0.41,-1.88;0.40,-1.73;0.35,-1.56;0.37,-0.58;-0.15,-0.68;-0.36,-1.24;-0.81,-1.32;-0.25,-1.87;-1.56,-2.25;-0.47,-2.31;-0.11,-2.24
0.07,-2.00|0.01,-2.33;0.13,-2.28;0.31,-2.36;0.41,-2.24;0.37,-2.07;0.40,-1.94;0.41,-1.79;0.37,-1.57;0.48,-0.12;-0.10,-1.05;-0.40,-1.28;-0.15,-1.85;-0.75,-1.83;-1.18,-2.24;-0.34,-2.27;-0.12,-2.29
0.07,-2.00|0.20,-2.30;0.40,-2.32;0.37,-2.12;0.40,-2.00;0.38,-1.87;0.39,-1.68;0.39,-1.23;-0.22,-1.30;-0.63,-1.30;-0.24,-1.88;-1.57,-2.01;-0.65,-2.30;-0.25,-2.32;-0.04,-2.29;0.08,-2.31
0.07,-2.00|0.42,-2.23;0.36,-2.05;0.40,-1.93;0.37,-1.79;0.33,-1.60;0.34,-0.52;-0.15,-1.00;-0.42,-1.29;-1.00,-1.31;-0.71,-1.86;-1.57,-2.36;-0.34,-2.28;-0.12,-2.30;0.01,-2.32;0.13,-2.27;0.29,-2.31
0.07,-2.00|0.37,-2.01;0.38,-1.88;0.39,-1.70;0.41,-1.25;-0.20,-1.27;-0.59,-1.29;-0.22,-1.87;-1.58,-1.94;-0.73,-2.30;-0.26,-2.31;-0.07,-2.31;0.06,-2.30;0.18,-2.30;0.39,-2.34;0.35,-2.13
0.07,-2.00|0.36,-1.78;0.32,-1.56;0.30,-0.23;-0.19,-1.05;-0.45,-1.33;-0.15,-1.87;-0.75,-1.89;-1.48,-2.42;-0.31,-2.29;-0.10,-2.30;0.03,-2.32;0.14,-2.27;0.32,-2.33;0.42,-2.21;0.36,-2.04;0.40,-1.91
0.07,-2.00|0.40,-1.27;-0.19,-1.30;-0.56,-1.31;-0.22,-1.86;-1.60,-1.93;-0.77,-2.30;-0.28,-2.32;-0.07,-2.30;0.06,-2.33;0.17,-2.27;0.37,-2.33;0.35,-2.13;0.37,-2.01;0.38,-1.88;0.39,-1.70
0.10,-1.91|0.43,-1.03;-0.19,-1.26;-0.57,-1.28;-0.19,-1.80;-1.57,-1.97;-0.72,-2.28;-0.24,-2.28;-0.03,-2.26;0.12,-2.24;0.27,-2.26;0.43,-2.21;0.35,-2.00;0.43,-1.90;0.39,-1.78;0.37,-1.62
0.13,-1.82|0.37,-0.90;-0.07,-0.38;-0.25,-1.18;-0.65,-1.24;-0.33,-1.70;-1.61,-2.07;-0.55,-2.22;-0.16,-2.21;0.03,-2.23;0.19,-2.21;0.38,-2.24;0.39,-2.01;0.42,-1.90;0.42,-1.78;0.40,-1.66;0.37,-1.50
0.15,-1.73|0.37,0.35;-0.10,-0.87;-0.33,-1.13;-0.92,-1.15;-0.30,-1.68;-1.46,-2.20;-0.41,-2.18;-0.08,-2.16;0.10,-2.18;0.47,-2.12;0.41,-1.87;0.43,-1.76;0.41,-1.65;0.38,-1.54;0.44,-1.20
0.15,-1.57|-0.06,-1.05;-0.36,-1.05;-1.06,-1.06;-0.32,-1.56;-1.03,-2.05;-0.30,-2.02;-0.05,-2.06;0.15,-2.07;0.38,-2.12;0.41,-1.82;0.40,-1.67;0.43,-1.57;0.40,-1.46;0.47,-1.25;0.46,-0.84
0.14,-1.47|-0.00,-0.43;-0.11,-1.03;-0.43,-1.04;-1.72,-0.99;-0.30,-1.53;-0.78,-2.01;-0.28,-2.03;-0.00,-2.04;0.23,-2.04;0.37,-1.84;0.42,-1.67;0.41,-1.53;0.38,-1.43;0.38,-1.33;0.47,-1.04;0.47,-0.22
0.12,-1.37|-0.13,-0.74;-0.28,-0.96;-0.66,-1.03;-0.29,-1.53;-0.54,-2.01;-0.15,-1.99;0.11,-1.99;0.38,-2.03;0.41,-1.68;0.38,-1.48;0.40,-1.37;0.34,-1.28;0.43,-1.07;0.39,-0.73
0.08,-1.29|-0.18,-0.75;-0.34,-0.91;-0.74,-1.00;-0.31,-1.47;-0.54,-1.97;-0.15,-1.93;0.11,-1.94;0.41,-1.98;0.41,-1.58;0.38,-1.39;0.35,-1.27;0.40,-1.13;0.39,-0.94;0.36,-0.50
0.04,-1.20|-0.18,-0.67;-0.26,-0.91;-0.61,-0.94;-0.51,-1.44;-0.24,-1.49;-0.24,-1.92;0.05,-1.95;0.36,-1.93;0.41,-1.55;0.38,-1.33;0.33,-1.20;0.41,-1.04;0.36,-0.88;0.33,-0.48
0.02,-1.12|-0.15,-0.52;-0.17,-0.88;-0.44,-0.87;-1.29,-0.97;-1.04,-1.42;-0.35,-1.41;-0.38,-1.85;-0.07,-1.86;0.23,-1.86;0.36,-1.55;0.36,-1.31;0.30,-1.15;0.39,-1.01;0.35,-0.85;0.31,-0.58
0.01,-1.08|-0.13,-0.85;-0.37,-0.81;-1.08,-0.81;-0.38,-1.32;-0.23,-1.40;-0.17,-1.81;0.12,-1.80;0.31,-1.58;0.34,-1.32;0.30,-1.15;0.39,-1.02;0.37,-0.86;0.36,-0.60;0.36,0.37;-0.12,-0.26
0.01,-1.08|-0.49,-0.84;-0.92,-1.41;-0.35,-1.40;-0.36,-1.84;-0.03,-1.84;0.30,-1.91;0.37,-1.48;0.35,-1.24;0.34,-1.10;0.38,-0.95;0.34,-0.78;0.34,-0.37;-0.16,-0.60;-0.20,-0.85
-0.02,-1.07|-0.71,-0.86;-0.59,-1.37;-0.31,-1.41;-0.26,-1.84;0.05,-1.84;0.36,-1.78;0.32,-1.35;0.30,-1.16;0.36,-1.03;0.35,-0.87;0.35,-0.61;0.36,0.19;-0.13,0.02;-0.16,-0.81;-0.35,-0.80
-0.07,-1.05|-0.72,-0.83;-0.64,-1.33;-0.36,-1.39;-0.33,-1.83;-0.01,-1.83;0.32,-1.81;0.29,-1.35;0.28,-1.16;0.34,-1.02;0.34,-0.85;0.32,-0.60;0.39,0.32;-0.14,-0.00;-0.18,-0.82;-0.38,-0.77
-0.11,-1.03|-0.76,-0.83;-2.48,-1.27;-0.68,-1.33;-0.38,-1.37;-0.35,-1.84;-0.03,-1.82;0.31,-1.81;0.27,-1.33;0.22,-1.13;0.33,-0.98;0.29,-0.81;0.28,-0.55;0.31,0.38;-0.19,-0.20;-0.21,-0.84;-0.42,-0.77
-0.17,-1.01|-0.64,-0.84;-1.00,-1.41;-0.44,-1.31;-0.30,-1.37;-0.12,-1.84;0.23,-1.84;0.28,-1.41;0.25,-1.15;0.28,-0.98;0.26,-0.54;0.27,0.22;-0.22,0.05;-0.25,-0.82;-0.43,-0.77
-0.22,-0.99|-0.62,-0.84;-1.11,-1.39;-0.59,-1.39;-0.37,-1.39;-0.19,-1.79;0.15,-1.80;0.27,-1.44;0.23,-1.16;0.24,-0.97;0.24,-0.78;0.22,-0.52;0.18,0.07;-0.30,-0.81;-0.46,-0.77
-0.26,-0.97|-1.43,-0.82;-1.39,-1.28;-0.71,-1.32;-0.47,-1.34;-0.37,-1.78;-0.05,-1.78;0.16,-1.53;0.21,-1.25;0.21,-1.04;0.25,-0.84;0.26,-0.58;0.26,-0.07;-0.31,-0.80;-0.42,-0.76;-0.59,-0.78
-0.36,-0.98|-2.57,-1.25;-1.04,-1.37;-0.60,-1.29;-0.46,-1.36;-0.25,-1.81;0.13,-1.84;0.15,-1.37;0.13,-1.11;0.20,-0.91;0.20,-0.66;0.18,-0.30;0.20,1.05;-0.38,-0.81;-0.47,-0.77;-0.60,-0.79;-0.95,-0.81
-0.45,-1.01|-1.25,-1.33;-0.79,-1.34;-0.59,-1.34;-0.46,-1.37;-0.14,-1.78;0.09,-1.56;0.12,-1.25;0.15,-1.01;0.12,-0.78;0.14,-0.42;-0.38,-0.83;-0.45,-0.84;-0.55,-0.76;-0.65,-0.81;-0.91,-0.82
-0.54,-1.06|-1.15,-1.42;-0.78,-1.37;-0.62,-1.37;-0.49,-1.40;-0.08,-1.83;0.08,-1.52;0.06,-1.21;0.11,-0.96;0.12,-0.66;0.11,-0.18;-0.49,-0.85;-0.58,-0.81;-0.68,-0.82;-0.81,-0.86;-1.43,-0.83;-2.64,-1.36
-0.63,-1.11|-0.99,-1.36;-0.83,-1.42;-0.67,-1.37;-0.56,-1.43;-0.06,-1.92;0.03,-1.53;0.01,-1.23;0.06,-0.96;0.07,-0.63;-0.48,-0.89;-0.57,-0.83;-0.69,-0.82;-0.79,-0.87;-1.01,-0.86;-1.92,-0.87;-1.88,-1.38
-0.69,-1.17|-0.97,-1.42;-0.83,-1.47;-0.70,-1.40;-0.59,-1.45;-0.02,-1.88;0.05,-1.50;-0.02,-1.19;0.01,-0.90;-0.07,-0.58;-0.57,-0.89;-0.68,-0.85;-0.80,-0.88;-0.93,-0.92;-1.19,-0.94;-3.02,-1.09;-1.54,-1.48
-0.77,-1.22|-1.08,-1.41;-0.93,-1.44;-0.82,-1.41;-0.73,-1.48;-0.61,-1.49;-0.10,-1.74;-0.03,-1.42;0.01,-1.12;0.04,-0.76;-0.67,-0.88;-0.81,-0.92;-0.95,-0.91;-1.19,-0.90;-2.19,-0.84;-1.96,-1.38
-0.77,-1.22|-0.84,-1.48;-0.75,-1.41;-0.63,-1.48;0.05,-1.88;-0.01,-1.44;-0.08,-1.15;-0.06,-0.84;-0.11,-0.40;-0.67,-0.90;-0.80,-0.89;-0.92,-0.95;-1.10,-0.96;-1.59,-0.99;-3.01,-1.47;-1.34,-1.54;-0.95,-1.45
-0.77,-1.22|-0.71,-1.48;-0.59,-1.47;-0.05,-1.66;-0.03,-1.34;0.02,-1.03;-0.02,-0.68;-0.58,-0.92;-0.71,-0.87;-0.84,-0.91;-0.98,-0.93;-1.25,-0.92;-2.25,-0.98;-1.70,-1.44;-1.06,-1.43;-0.92,-1.46;-0.80,-1.43
-0.77,-1.22|-0.00,-1.94;-0.04,-1.50;-0.09,-1.20;-0.03,-0.89;-0.06,-0.47;-0.65,-0.90;-0.78,-0.87;-0.89,-0.95;-1.07,-0.94;-1.53,-0.93;-3.00,-1.28;-1.36,-1.48;-0.97,-1.44;-0.87,-1.48;-0.76,-1.42;-0.64,-1.50
-0.72,-1.25|-0.01,-1.57;-0.04,-1.27;0.01,-0.98;0.03,-0.55;-0.58,-0.95;-0.71,-0.89;-0.84,-0.93;-1.03,-0.92;-1.52,-0.89;-2.98,-1.18;-1.31,-1.47;-0.92,-1.44;-0.80,-1.43;-0.72,-1.45;-0.62,-1.50;-0.02,-1.99
-0.56,-1.28|0.07,-1.35;0.11,-1.08;0.11,-0.74;0.07,-0.13;-0.53,-0.93;-0.68,-0.90;-0.83,-0.95;-1.22,-0.92;-2.94,-1.02;-1.28,-1.49;-0.82,-1.48;-0.64,-1.42;-0.59,-1.53;-0.50,-1.50;0.01,-1.99;0.06,-1.62
-0.44,-1.28|0.09,-1.19;0.14,-0.92;0.12,-0.49;0.07,0.90;-0.50,-0.92;-0.66,-0.93;-0.88,-0.97;-1.51,-1.03;-0.78,-1.49;-0.59,-1.48;-0.51,-1.54;-0.41,-1.52;-0.05,-1.91;0.12,-1.69;0.12,-1.41
-0.35,-1.27|0.15,-1.28;0.21,-1.06;0.21,-0.74;0.16,-0.12;-0.34,-0.96;-0.49,-0.91;-0.65,-0.95;-1.15,-0.92;-0.83,-1.46;-0.55,-1.46;-0.45,-1.51;-0.35,-1.48;-0.09,-1.94;0.19,-1.83;0.17,-1.50
-0.25,-1.28|0.23,-1.39;0.18,-1.21;0.25,-0.97;0.20,-0.65;0.23,0.84;-0.31,-0.95;-0.48,-0.91;-0.69,-0.97;-1.42,-1.01;-1.39,-1.48;-0.52,-1.45;-0.42,-1.53;-0.41,-1.96;-0.13,-1.98;0.18,-1.97;0.21,-1.61
-0.16,-1.31|0.25,-1.51;0.26,-1.33;0.28,-1.15;0.26,-0.92;0.23,-0.47;-0.28,-0.98;-0.50,-0.95;-0.83,-1.00;-0.66,-1.49;-0.39,-1.52;-0.26,-1.52;-0.19,-1.96;0.06,-1.94;0.24,-1.75
-0.08,-1.36|0.32,-1.65;0.30,-1.45;0.28,-1.30;0.32,-1.11;0.33,-0.78;0.29,0.25;-0.20,-0.68;-0.32,-0.97;-0.58,-1.01;-1.37,-1.07;-1.07,-1.53;-0.38,-1.55;-0.55,-2.03;-0.22,-1.97;0.03,-1.97;0.33,-2.01
-0.01,-1.43|0.30,-1.80;0.35,-1.62;0.35,-1.47;0.30,-1.34;0.37,-1.12;0.35,-0.77;-0.19,-0.83;-0.39,-0.96;-0.73,-1.05;-0.37,-1.54;-0.18,-1.58;-0.32,-2.02;-0.06,-2.03;0.17,-2.00
0.05,-1.51|0.36,-2.08;0.37,-1.77;0.35,-1.60;0.37,-1.48;0.33,-1.36;0.40,-1.08;0.40,-0.34;-0.09,-0.19;-0.19,-1.06;-0.49,-1.07;-1.27,-1.11;-0.35,-1.55;-0.89,-2.01;-0.36,-2.01;-0.11,-2.05;0.10,-2.05
0.09,-1.60|0.24,-2.10;0.36,-1.92;0.39,-1.76;0.37,-1.62;0.40,-1.50;0.36,-1.37;0.39,-1.01;-0.14,-0.86;-0.35,-1.07;-0.87,-1.09;-1.59,-2.11;-0.54,-2.12;-0.18,-2.10;0.03,-2.14
0.10,-1.69|0.13,-2.13;0.35,-2.20;0.35,-1.91;0.41,-1.79;0.37,-1.67;0.40,-1.54;0.45,-1.29;0.39,-0.84;-0.01,-0.02;-0.16,-1.16;-0.53,-1.14;-1.52,-1.14;-0.22,-1.71;-0.79,-2.13;-0.30,-2.14;-0.05,-2.13
0.11,-1.79|0.08,-2.21;0.26,-2.22;0.41,-2.14;0.39,-1.93;0.41,-1.81;0.40,-1.69;0.38,-1.55;0.41,-1.17;-0.09,-1.21;-0.41,-1.20;-1.13,-1.19;-0.23,-1.77;-1.05,-2.19;-0.31,-2.16;-0.09,-2.19
0.10,-1.88|0.03,-2.25;0.17,-2.22;0.38,-2.29;0.34,-2.03;0.40,-1.93;0.38,-1.82;0.41,-1.66;0.44,-1.33;0.43,0.01;-0.10,-0.99;-0.38,-1.21;-0.99,-1.19;-0.69,-1.74;-1.47,-2.23;-0.35,-2.19;-0.11,-2.21
0.08,-1.97|0.12,-2.28;0.27,-2.31;0.41,-2.23;0.36,-2.05;0.40,-1.93;0.36,-1.81;0.34,-1.63;0.33,-1.01;-0.12,-0.46;-0.35,-1.23;-0.74,-1.35;-0.27,-1.88;-1.63,-2.19;-0.53,-2.32;-0.15,-2.27
0.04,-2.06|-0.09,-2.32;0.02,-2.34;0.12,-2.30;0.33,-2.39;0.36,-2.21;0.34,-2.08;0.38,-1.94;0.37,-1.77;0.41,-1.33;-0.21,-1.30;-0.61,-1.30;-0.27,-1.90;-1.57,-1.94;-0.69,-2.30;-0.28,-2.33
0.03,-2.09|-0.01,-2.36;0.09,-2.34;0.23,-2.36;0.38,-2.30;0.32,-2.13;0.36,-2.00;0.35,-1.85;0.40,-1.46;0.35,0.14;-0.15,-1.38;-0.51,-1.37;-0.26,-1.92;-1.38,-1.89;-0.89,-2.32;-0.33,-2.35;-0.11,-2.32
0.03,-2.09|0.14,-2.32;0.35,-2.38;0.36,-2.20;0.35,-2.07;0.35,-1.93;0.35,-1.73;0.37,-1.12;-0.10,0.27;-0.35,-1.30;-0.18,-1.90;-0.67,-1.84;-1.68,-2.18;-0.55,-2.36;-0.20,-2.34;-0.07,-2.35;0.04,-2.38
0.02,-2.08|0.40,-2.28;0.31,-2.11;0.35,-1.98;0.34,-1.82;0.36,-1.44;0.21,0.22;-0.21,-1.35;-0.56,-1.40;-0.27,-1.93;-1.39,-1.97;-0.84,-2.36;-0.31,-2.36;-0.11,-2.34;-0.00,-2.38;0.10,-2.32;0.25,-2.35
0.02,-2.08|0.35,-2.05;0.35,-1.91;0.32,-1.71;0.33,-1.06;-0.17,-0.23;-0.40,-1.30;-0.20,-1.91;-0.70,-1.87;-1.68,-2.26;-0.53,-2.38;-0.18,-2.33;-0.06,-2.35;0.05,-2.36;0.15,-2.31;0.38,-2.37;0.34,-2.18
0.02,-2.08|0.33,-1.83;0.35,-1.46;0.21,-0.09;-0.20,-1.37;-0.55,-1.40;-0.25,-1.94;-1.35,-1.95;-0.88,-2.36;-0.32,-2.36;-0.11,-2.34;-0.01,-2.38;0.10,-2.34;0.25,-2.36;0.37,-2.27;0.32,-2.11;0.37,-1.98
0.02,-2.08|0.38,-1.35;-0.23,-1.34;-0.61,-1.35;-0.31,-1.91;-1.61,-1.97;-0.80,-2.36;-0.30,-2.36;-0.10,-2.33;0.00,-2.37;0.11,-2.33;0.30,-2.39;0.38,-2.25;0.32,-2.10;0.37,-1.96;0.36,-1.78
0.06,-1.99|0.35,-1.07;-0.30,-1.29;-0.69,-1.35;-0.25,-1.89;-1.61,-2.12;-0.64,-2.34;-0.24,-2.34;-0.05,-2.33;0.08,-2.30;0.19,-2.25;0.41,-2.28;0.35,-2.08;0.39,-1.96;0.35,-1.84;0.33,-1.66
0.09,-1.90|0.36,-0.98;-0.08,-0.39;-0.29,-1.21;-0.69,-1.28;-0.22,-1.81;-1.64,-2.09;-0.57,-2.26;-0.19,-2.24;-0.02,-2.26;0.12,-2.22;0.30,-2.28;0.39,-2.14;0.36,-1.98;0.39,-1.86;0.39,-1.73;0.33,-1.59
0.11,-1.81|0.50,-0.05;-0.06,-0.87;-0.31,-1.15;-0.78,-1.18;-0.32,-1.72;-1.59,-2.11;-0.51,-2.20;-0.15,-2.18;0.01,-2.24;0.17,-2.19;0.39,-2.26;0.34,-1.97;0.41,-1.88;0.38,-1.76;0.39,-1.63;0.45,-1.33
0.12,-1.65|-0.08,-0.86;-0.32,-1.06;-0.91,-1.03;-1.48,-2.05;-0.48,-2.10;-0.15,-2.11;0.05,-2.15;0.25,-2.17;0.34,-1.94;0.41,-1.82;0.38,-1.69;0.42,-1.57;0.37,-1.47;0.45,-1.10
0.12,-1.50|-0.12,-1.05;-0.42,-1.06;-1.16,-1.11;-1.24,-1.63;-1.03,-2.11;-0.32,-2.03;-0.05,-2.04;0.17,-2.03;0.42,-2.07;0.41,-1.74;0.41,-1.59;0.39,-1.48;0.36,-1.38;0.42,-1.15;0.35,-0.78
0.11,-1.41|-0.09,-0.40;-0.15,-1.02;-0.47,-1.03;-1.58,-1.07;-0.33,-1.50;-0.80,-2.01;-0.30,-2.01;-0.01,-2.02;0.22,-1.99;0.35,-1.78;0.40,-1.60;0.38,-1.46;0.35,-1.36;0.41,-1.21;0.40,-0.97;0.42,0.16
0.09,-1.32|-0.10,-0.66;-0.20,-0.96;-0.58,-0.95;-0.37,-1.45;-0.16,-1.51;-0.28,-1.97;0.01,-1.96;0.28,-2.02;0.36,-1.67;0.37,-1.48;0.37,-1.36;0.33,-1.25;0.42,-1.06;0.41,-0.74
0.05,-1.24|-0.15,-0.67;-0.24,-0.92;-0.61,-0.93;-0.53,-1.45;-0.20,-1.47;-0.27,-1.94;0.03,-1.92;0.32,-1.95;0.38,-1.59;0.37,-1.38;0.31,-1.25;0.39,-1.11;0.38,-0.93;0.34,-0.63
0.03,-1.15|-0.17,-0.59;-0.19,-0.91;-0.47,-0.91;-1.90,-1.05;-0.95,-1.49;-0.32,-1.46;-0.33,-1.90;-0.01,-1.88;0.29,-1.91;0.38,-1.54;0.38,-1.32;0.31,-1.16;0.39,-1.02;0.35,-0.85;0.30,-0.58
0.01,-1.10|-0.21,-0.72;-0.35,-0.82;-0.72,-0.90;-0.54,-1.41;-0.24,-1.42;-0.19,-1.84;0.11,-1.85;0.32,-1.64;0.34,-1.35;0.31,-1.18;0.34,-1.05;0.36,-0.89;0.37,-0.63;0.30,-0.01;-0.16,0.25
0.01,-1.10|-0.45,-0.84;-1.84,-0.87;-0.99,-1.37;-0.36,-1.38;-0.40,-1.83;-0.08,-1.87;0.23,-1.90;0.34,-1.52;0.35,-1.29;0.29,-1.13;0.38,-1.00;0.36,-0.83;0.32,-0.56;-0.14,-0.54;-0.16,-0.88
-0.01,-1.09|-0.79,-0.88;-2.22,-1.39;-0.54,-1.39;-0.26,-1.41;-0.22,-1.86;0.09,-1.84;0.30,-1.62;0.31,-1.33;0.32,-1.17;0.36,-1.03;0.34,-0.88;0.35,-0.61;0.36,0.33;-0.16,-0.04;-0.17,-0.82;-0.38,-0.81
-0.07,-1.06|-0.57,-0.86;-0.75,-1.35;-0.39,-1.39;-0.38,-1.84;-0.06,-1.85;0.27,-1.85;0.30,-1.42;0.30,-1.21;0.31,-1.06;0.33,-0.89;0.36,-0.63;0.32,-0.10;-0.24,-0.65;-0.29,-0.84
-0.11,-1.04|-0.55,-0.86;-1.04,-1.42;-0.42,-1.35;-0.25,-1.38;-0.12,-1.84;0.22,-1.85;0.31,-1.47;0.27,-1.20;0.28,-1.04;0.32,-0.86;0.32,-0.61;0.28,-0.10;-0.27,-0.65;-0.30,-0.85
-0.15,-1.02|-0.74,-0.83;-0.75,-1.32;-0.44,-1.36;-0.27,-1.38;-0.10,-1.83;0.26,-1.85;0.25,-1.38;0.24,-1.16;0.30,-0.99;0.27,-0.81;0.26,-0.56;0.31,0.33;-0.22,-0.00;-0.25,-0.82;-0.44,-0.77
-0.20,-1.00|-0.78,-0.80;-0.79,-1.29;-0.48,-1.31;-0.33,-1.36;-0.15,-1.84;0.21,-1.87;0.20,-1.36;0.20,-1.15;0.27,-0.98;0.25,-0.79;0.22,-0.54;0.28,0.38;-0.23,-0.44;-0.30,-0.80;-0.47,-0.77
-0.25,-0.98|-0.76,-0.78;-1.09,-1.35;-0.53,-1.27;-0.40,-1.36;-0.24,-1.81;0.13,-1.85;0.22,-1.44;0.18,-1.15;0.26,-0.97;0.23,-0.77;0.18,-0.53;0.28,0.37;-0.26,-0.21;-0.33,-0.81;-0.50,-0.75
-0.32,-0.98|-1.13,-1.37;-0.66,-1.36;-0.46,-1.39;-0.27,-1.80;0.08,-1.82;0.20,-1.44;0.15,-1.14;0.24,-0.95;0.18,-0.74;0.13,-0.48;0.17,0.41;-0.33,-0.80;-0.40,-0.80;-0.57,-0.76;-0.81,-0.81
-0.42,-1.00|-1.31,-1.37;-0.78,-1.36;-0.57,-1.36;-0.43,-1.35;-0.10,-1.79;0.12,-1.55;0.13,-1.24;0.12,-0.78;0.08,-0.51;0.10,0.25;-0.42,-0.83;-0.51,-0.79;-0.65,-0.77;-0.86,-0.82
-0.51,-1.04|-1.19,-1.37;-0.80,-1.37;-0.63,-1.37;-0.49,-1.37;-0.12,-1.86;0.04,-1.54;0.06,-1.25;0.13,-1.01;0.12,-0.74;0.13,-0.34;-0.43,-0.82;-0.52,-0.81;-0.63,-0.78;-0.74,-0.83;-1.32,-0.76;-2.72,-1.16
-0.59,-1.09|-1.03,-1.33;-0.82,-1.38;-0.68,-1.38;-0.56,-1.42;-0.15,-1.90;0.01,-1.58;0.03,-1.28;0.08,-1.02;0.12,-0.70;0.15,-0.18;-0.52,-0.85;-0.62,-0.82;-0.73,-0.84;-0.92,-0.83;-1.52,-0.82
-0.67,-1.15|-0.98,-1.39;-0.83,-1.43;-0.70,-1.40;-0.58,-1.47;-0.08,-1.91;0.01,-1.54;-0.01,-1.23;0.05,-0.96;-0.00,-0.64;-0.52,-0.89;-0.63,-0.86;-0.74,-0.86;-0.86,-0.89;-1.09,-0.90;-2.20,-0.95;-1.63,-1.41
-0.74,-1.20|-1.00,-1.42;-0.88,-1.46;-0.76,-1.39;-0.66,-1.46;-0.17,-1.89;-0.03,-1.59;-0.03,-1.28;-0.00,-0.99;-0.03,-0.63;-0.58,-0.92;-0.70,-0.88;-0.83,-0.90;-0.97,-0.91;-1.29,-0.90;-2.61,-1.01;-1.58,-1.46
-0.76,-1.22|-0.90,-1.47;-0.78,-1.39;-0.69,-1.50;-0.56,-1.48;-0.06,-1.63;-0.04,-1.32;0.00,-1.02;-0.04,-0.68;-0.59,-0.94;-0.71,-0.86;-0.84,-0.91;-0.98,-0.93;-1.31,-0.90;-2.32,-1.00;-1.64,-1.45;-1.03,-1.42
-0.76,-1.22|-0.76,-1.44;-0.65,-1.48;-0.05,-1.95;-0.05,-1.52;-0.07,-1.23;-0.02,-0.92;-0.00,-0.48;-0.63,-0.91;-0.75,-0.86;-0.88,-0.91;-1.05,-0.91;-1.56,-0.87;-3.00,-1.19;-1.35,-1.45;-0.97,-1.42;-0.86,-1.44
-0.76,-1.22|-0.55,-1.48;-0.05,-1.62;-0.06,-1.30;-0.01,-1.01;-0.05,-0.66;-0.59,-0.91;-0.72,-0.86;-0.84,-0.91;-0.99,-0.92;-1.27,-0.93;-2.30,-1.02;-1.63,-1.46;-1.04,-1.43;-0.90,-1.47;-0.78,-1.41
-0.74,-1.23|-0.03,-1.62;-0.06,-1.31;-0.00,-1.02;-0.04,-0.68;-0.57,-0.93;-0.70,-0.86;-0.83,-0.91;-0.99,-0.92;-1.39,-0.87;-3.03,-0.97;-1.43,-1.43;-0.98,-1.43;-0.87,-1.47;-0.76,-1.44;-0.66,-1.51;-0.14,-1.98
-0.59,-1.28|0.05,-1.38;0.06,-1.13;0.05,-0.82;0.06,-0.23;-0.53,-0.94;-0.67,-0.89;-0.81,-0.96;-1.08,-0.97;-2.15,-1.01;-1.52,-1.49;-0.86,-1.47;-0.68,-1.43;-0.63,-1.51;-0.53,-1.51;-0.12,-1.93;0.04,-1.67
-0.46,-1.28|0.08,-1.24;0.13,-0.98;0.08,-0.65;0.06,0.33;-0.49,-0.93;-0.65,-0.90;-0.84,-0.96;-1.45,-0.97;-2.64,-1.47;-0.81,-1.47;-0.59,-1.45;-0.53,-1.53;-0.44,-1.47;0.10,-1.75;0.11,-1.46
-0.36,-1.27|0.11,-1.28;0.19,-1.05;0.20,-0.72;0.19,0.04;-0.36,-0.96;-0.52,-0.90;-0.67,-0.96;-1.22,-0.91;-0.80,-1.45;-0.55,-1.46;-0.46,-1.51;-0.37,-1.91;-0.10,-1.93;0.12,-1.76;0.14,-1.49
-0.27,-1.28|0.22,-1.37;0.19,-1.18;0.23,-0.94;0.16,-0.62;0.13,0.94;-0.34,-0.94;-0.53,-0.91;-0.78,-0.96;-1.76,-1.02;-1.35,-1.52;-0.43,-1.54;-0.39,-1.97;-0.12,-1.95;0.21,-1.97;0.22,-1.60
-0.18,-1.31|0.24,-1.50;0.23,-1.32;0.28,-1.13;0.25,-0.90;-0.32,-0.97;-0.54,-0.94;-1.05,-0.93;-0.65,-1.50;-0.41,-1.53;-0.45,-1.92;-0.19,-1.95;0.07,-1.96;0.20,-1.72
-0.10,-1.36|0.29,-1.67;0.27,-1.47;0.25,-1.32;0.35,-1.12;0.34,-0.81;0.34,0.19;-0.21,-0.40;-0.32,-0.97;-0.55,-1.01;-1.31,-1.02;-1.27,-1.50;-0.39,-1.52;-0.25,-1.55;-0.27,-1.98;-0.03,-1.99;0.27,-2.02
-0.03,-1.43|0.29,-1.78;0.34,-1.60;0.34,-1.44;0.29,-1.31;0.34,-1.08;0.28,-0.75;-0.19,-1.01;-0.44,-0.99;-0.81,-1.08;-0.37,-1.56;-0.21,-1.60;-0.31,-2.04;-0.05,-2.04;0.19,-2.02
0.02,-1.50|0.40,-2.05;0.36,-1.72;0.32,-1.56;0.35,-1.43;0.30,-1.31;0.33,-1.03;0.26,-0.24;-0.20,-0.45;-0.28,-1.06;-0.59,-1.10;-1.63,-1.19;-0.39,-1.59;-0.84,-2.09;-0.33,-2.04;-0.08,-2.05;0.13,-2.04
0.06,-1.59|0.19,-2.13;0.31,-1.93;0.36,-1.78;0.34,-1.63;0.37,-1.51;0.38,-1.35;0.47,-0.92;-0.11,-0.88;-0.35,-1.03;-0.92,-0.99;-1.56,-1.98;-0.59,-2.06;-0.24,-2.08;-0.02,-2.10
0.07,-1.68|0.13,-2.13;0.35,-2.17;0.35,-1.89;0.39,-1.77;0.36,-1.65;0.36,-1.52;0.41,-1.25;0.36,-0.66;-0.10,-0.30;-0.23,-1.15;-0.61,-1.15;-1.65,-1.20;-0.26,-1.72;-0.79,-2.17;-0.30,-2.15;-0.05,-2.14
0.08,-1.78|0.05,-2.20;0.22,-2.18;0.40,-2.15;0.35,-1.91;0.38,-1.80;0.38,-1.68;0.33,-1.56;0.39,-1.15;-0.12,-1.20;-0.46,-1.17;-1.15,-1.18;-0.25,-1.76;-1.06,-2.17;-0.35,-2.16;-0.11,-2.17
0.07,-1.87|-0.02,-2.26;0.12,-2.22;0.33,-2.30;0.33,-2.06;0.37,-1.94;0.38,-1.82;0.40,-1.67;0.43,-1.37;0.50,-0.06;-0.36,-1.18;-0.96,-1.13;-0.28,-1.79;-1.54,-2.13;-0.40,-2.16;-0.17,-2.21
0.05,-1.96|-0.04,-2.30;0.09,-2.26;0.24,-2.29;0.39,-2.22;0.32,-2.04;0.37,-1.92;0.34,-1.79;0.31,-1.62;0.31,-0.98;-0.16,-0.47;-0.38,-1.24;-0.79,-1.33;-0.46,-1.83;-1.63,-2.19;-0.54,-2.30;-0.19,-2.27
0.01,-2.05|-0.10,-2.33;0.02,-2.33;0.12,-2.30;0.33,-2.36;0.36,-2.19;0.32,-2.05;0.32,-1.92;0.33,-1.72;0.32,-1.28;-0.30,-1.33;-0.70,-1.37;-0.46,-1.87;-1.61,-2.08;-0.69,-2.36;-0.29,-2.36
-0.01,-2.09|-0.04,-2.35;0.06,-2.33;0.20,-2.36;0.37,-2.31;0.28,-2.13;0.34,-2.00;0.34,-1.82;0.36,-1.45;0.29,0.21;-0.57,-1.35;-0.30,-1.92;-1.42,-1.91;-0.89,-2.33;-0.33,-2.34;-0.14,-2.33
-0.01,-2.09|0.11,-2.32;0.32,-2.38;0.35,-2.21;0.32,-2.07;0.33,-1.93;0.31,-1.73;0.33,-1.12;-0.39,-1.30;-0.20,-1.92;-0.49,-1.92;-1.70,-2.19;-0.58,-2.37;-0.23,-2.34;-0.10,-2.35;0.01,-2.37
-0.01,-2.09|0.37,-2.32;0.31,-2.14;0.32,-2.01;0.31,-1.86;0.36,-1.49;0.31,-0.13;-0.19,-1.33;-0.52,-1.37;-0.27,-1.92;-1.16,-1.90;-1.11,-2.35;-0.38,-2.35;-0.16,-2.33;-0.05,-2.34;0.05,-2.34;0.18,-2.35
-0.01,-2.09|0.30,-2.07;0.32,-1.93;0.31,-1.73;0.28,-1.26;-0.36,-1.35;-0.76,-1.41;-0.49,-1.92;-1.64,-2.17;-0.63,-2.38;-0.28,-2.38;-0.10,-2.35;0.00,-2.36;0.10,-2.32;0.29,-2.36;0.34,-2.21
-0.01,-2.09|0.32,-1.88;0.29,-1.65;0.42,-0.18;-0.14,-1.36;-0.48,-1.35;-0.27,-1.90;-0.87,-1.89;-1.22,-2.30;-0.39,-2.32;-0.18,-2.32;-0.07,-2.36;0.03,-2.34;0.13,-2.32;0.35,-2.34;0.29,-2.16;0.35,-2.03
-0.01,-2.08|0.40,-1.41;-0.19,-1.32;-0.58,-1.30;-0.31,-1.90;-1.62,-1.83;-0.88,-2.29;-0.35,-2.33;-0.16,-2.32;-0.05,-2.35;0.05,-2.34;0.21,-2.38;0.34,-2.30;0.30,-2.13;0.36,-1.99;0.35,-1.82
0.03,-2.00|0.35,-1.26;-0.24,-1.31;-0.63,-1.32;-0.26,-1.87;-1.59,-1.97;-0.81,-2.33;-0.30,-2.32;-0.11,-2.31;0.02,-2.30;0.14,-2.29;0.35,-2.34;0.34,-2.14;0.37,-2.01;0.34,-1.88;0.35,-1.69
0.06,-1.91|0.36,-1.02;-0.27,-1.25;-0.65,-1.29;-0.22,-1.82;-1.62,-2.02;-0.67,-2.28;-0.27,-2.29;-0.05,-2.25;0.09,-2.26;0.40,-2.21;0.34,-2.01;0.36,-1.89;0.34,-1.78;0.35,-1.59
0.09,-1.82|0.30,-0.51;-0.19,-0.62;-0.36,-1.19;-0.76,-1.29;-0.35,-1.74;-1.61,-2.22;-0.53,-2.26;-0.17,-2.23;0.02,-2.24;0.17,-2.17;0.38,-2.22;0.34,-1.97;0.38,-1.86;0.36,-1.75;0.38,-1.61;0.37,-1.35
0.10,-1.72|0.42,0.08;-0.09,-0.86;-0.32,-1.12;-0.84,-1.12;-0.36,-1.64;-0.53,-2.16;-0.15,-2.13;0.02,-2.18;0.20,-2.15;0.38,-2.12;0.37,-1.89;0.37,-1.77;0.39,-1.66;0.38,-1.53;0.43,-1.21
0.11,-1.57|-0.13,-0.89;-0.37,-1.04;-1.02,-1.04;-1.14,-2.02;-0.40,-2.04;-0.12,-2.07;0.09,-2.07;0.32,-2.12;0.35,-1.82;0.40,-1.70;0.38,-1.58;0.39,-1.46;0.43,-1.28;0.43,-0.87
0.10,-1.45|-0.09,0.07;-0.12,-1.05;-0.45,-1.03;-1.26,-1.08;-0.61,-1.54;-0.84,-2.00;-0.32,-2.01;-0.05,-2.01;0.18,-1.99;0.42,-1.99;0.40,-1.68;0.38,-1.52;0.37,-1.42;0.34,-1.31;0.38,-1.09;0.41,-0.33
0.08,-1.36|-0.10,-0.66;-0.21,-0.97;-0.60,-0.96;-0.37,-1.48;-0.72,-1.97;-0.29,-2.00;-0.01,-2.00;0.26,-2.03;0.34,-1.70;0.35,-1.51;0.37,-1.40;0.33,-1.29;0.42,-1.10;0.43,-0.77
0.05,-1.27|-0.15,-0.69;-0.30,-0.87;-0.68,-0.91;-0.40,-1.42;-0.21,-1.50;-0.27,-1.92;0.01,-1.93;0.30,-1.99;0.36,-1.61;0.35,-1.41;0.31,-1.28;0.36,-1.16;0.39,-0.97;0.36,-0.64
0.02,-1.18|-0.19,-0.62;-0.23,-0.91;-0.54,-0.92;-0.64,-1.42;-0.31,-1.48;-0.32,-1.91;-0.01,-1.94;0.30,-1.94;0.35,-1.54;0.35,-1.33;0.31,-1.19;0.38,-1.05;0.34,-0.88;0.30,-0.58
-0.01,-1.09|-0.20,-0.30;-0.17,-0.87;-1.28,-0.89;-1.22,-1.38;-0.39,-1.36;-0.20,-1.40;-0.13,-1.85;0.18,-1.86;0.32,-1.54;0.34,-1.30;0.30,-1.13;0.37,-0.99;0.34,-0.83;0.30,-0.58;0.32,1.04
-0.01,-1.08|-0.23,-0.86;-0.55,-0.85;-0.64,-1.34;-0.35,-1.42;-0.34,-1.87;-0.02,-1.87;0.32,-1.89;0.29,-1.39;0.28,-1.21;0.31,-1.09;0.36,-0.94;0.33,-0.75;0.38,-0.17;-0.19,-0.62
-0.03,-1.07|-0.50,-0.82;-2.30,-0.85;-1.03,-1.38;-0.39,-1.37;-0.43,-1.82;-0.11,-1.86;0.22,-1.89;0.31,-1.49;0.31,-1.25;0.27,-1.10;0.35,-0.96;0.32,-0.79;0.33,-0.40;-0.18,-0.57;-0.21,-0.85
-0.08,-1.05|-0.52,-0.83;-1.38,-0.96;-1.14,-1.41;-0.44,-1.36;-0.25,-1.39;-0.13,-1.83;0.18,-1.82;0.30,-1.49;0.32,-1.25;0.27,-1.08;0.34,-0.91;0.27,-0.75;0.26,-0.37;-0.24,-0.57;-0.25,-0.85
-0.12,-1.04|-0.57,-0.84;-1.03,-1.40;-0.43,-1.34;-0.26,-1.38;-0.13,-1.82;0.21,-1.85;0.29,-1.46;0.28,-1.21;0.27,-1.04;0.28,-0.87;0.31,-0.62;0.28,-0.12;-0.29,-0.62;-0.31,-0.84
-0.16,-1.02|-0.62,-0.84;-1.07,-1.41;-0.48,-1.34;-0.30,-1.38;-0.15,-1.80;0.19,-1.84;0.27,-1.44;0.23,-1.17;0.26,-1.01;0.27,-0.83;0.25,-0.59;-0.25,-0.82;-0.39,-0.80
-0.20,-1.00|-0.85,-0.83;-2.52,-1.31;-0.74,-1.31;-0.46,-1.34;-0.30,-1.36;-0.09,-1.82;0.26,-1.80;0.22,-1.33;0.19,-1.11;0.27,-0.94;0.23,-0.76;0.19,-0.49;0.23,0.61;-0.27,-0.49;-0.31,-0.82;-0.51,-0.77
-0.25,-0.98|-0.67,-0.81;-1.13,-1.36;-0.58,-1.31;-0.41,-1.38;-0.24,-1.79;0.11,-1.83;0.23,-1.45;0.19,-1.16;0.24,-0.97;0.20,-0.78;0.20,-0.52;0.22,0.20;-0.27,0.07;-0.33,-0.80;-0.49,-0.75
-0.31,-0.98|-1.11,-1.41;-0.63,-1.37;-0.43,-1.37;-0.23,-1.79;0.13,-1.80;0.24,-1.43;0.18,-1.13;0.21,-0.93;0.17,-0.73;0.10,-0.48;0.12,0.42;-0.35,-0.48;-0.41,-0.78;-0.57,-0.76;-0.79,-0.83
-0.42,-1.00|-1.32,-1.28;-0.79,-1.31;-0.59,-1.33;-0.45,-1.35;-0.17,-1.80;0.08,-1.60;0.12,-1.28;0.14,-1.05;0.13,-0.83;0.14,-0.54;0.21,0.17;-0.40,-0.82;-0.48,-0.78;-0.61,-0.77;-0.82,-0.79
-0.50,-1.04|-1.15,-1.45;-0.75,-1.40;-0.58,-1.40;-0.44,-1.39;-0.01,-1.82;0.10,-1.47;0.08,-1.18;0.13,-0.94;0.07,-0.69;0.04,-0.28;-0.44,-0.81;-0.53,-0.84;-0.66,-0.78;-0.78,-0.84;-1.31,-0.86;-2.66,-1.41
-0.58,-1.09|-0.97,-1.36;-0.79,-1.42;-0.64,-1.41;-0.51,-1.40;-0.03,-1.87;0.07,-1.51;0.05,-1.20;0.07,-0.95;0.09,-0.63;0.05,-0.11;-0.54,-0.86;-0.64,-0.82;-0.76,-0.84;-0.94,-0.86;-1.57,-0.92
-0.65,-1.15|-0.96,-1.39;-0.82,-1.45;-0.68,-1.41;-0.57,-1.44;-0.04,-1.91;0.02,-1.52;-0.02,-1.22;0.04,-0.95;0.02,-0.61;-0.51,-0.89;-0.62,-0.88;-0.74,-0.85;-0.86,-0.89;-1.06,-0.92;-2.18,-0.98;-1.62,-1.43
-0.73,-1.21|-1.00,-1.43;-0.87,-1.47;-0.75,-1.43;-0.65,-1.48;-0.16,-1.91;-0.03,-1.58;-0.04,-1.28;-0.00,-0.99;-0.05,-0.65;-0.58,-0.93;-0.70,-0.88;-0.83,-0.88;-0.96,-0.93;-1.25,-0.93;-2.59,-1.03;-1.58,-1.47
-0.74,-1.22|-0.82,-1.44;-0.73,-1.43;-0.62,-1.47;0.03,-1.90;0.01,-1.47;-0.10,-1.18;-0.03,-0.87;-0.08,-0.47;-0.63,-0.91;-0.76,-0.87;-0.89,-0.91;-1.05,-0.94;-1.49,-0.96;-3.04,-1.36;-1.34,-1.51;-0.94,-1.45
-0.74,-1.21|-0.70,-1.47;-0.59,-1.46;-0.08,-1.69;-0.03,-1.39;0.00,-1.10;0.02,-0.75;-0.52,-0.92;-0.66,-0.89;-0.79,-0.86;-0.91,-0.93;-1.12,-0.94;-1.99,-0.91;-2.01,-1.41;-1.05,-1.40;-0.91,-1.45;-0.79,-1.41
-0.74,-1.21|-0.03,-1.96;-0.03,-1.52;-0.07,-1.23;-0.00,-0.92;-0.02,-0.52;-0.61,-0.90;-0.73,-0.87;-0.86,-0.91;-1.04,-0.90;-1.46,-0.89;-3.03,-1.16;-0.95,-1.41;-0.84,-1.44;-0.75,-1.44;-0.64,-1.48
-0.66,-1.25|-0.01,-1.51;-0.05,-1.24;0.03,-0.95;0.02,-0.55;-0.54,-0.95;-0.66,-0.88;-0.80,-0.92;-1.00,-0.92;-1.48,-0.92;-2.99,-1.27;-1.25,-1.50;-0.87,-1.46;-0.73,-1.42;-0.66,-1.49;-0.56,-1.49;0.01,-1.91
-0.51,-1.28|0.08,-1.36;0.12,-1.12;0.11,-0.82;0.12,-0.22;-0.46,-0.96;-0.60,-0.90;-0.75,-0.95;-1.04,-0.96;-1.25,-1.47;-0.79,-1.49;-0.64,-1.50;-0.54,-1.51;-0.33,-1.96;0.04,-2.00;0.08,-1.63
-0.41,-1.28|0.08,-1.25;0.16,-1.00;0.12,-0.67;0.19,0.50;-0.43,-0.95;-0.60,-0.89;-0.80,-0.94;-1.46,-0.93;-0.78,-1.46;-0.57,-1.46;-0.48,-1.50;-0.37,-1.94;-0.08,-1.95;0.09,-1.72;0.12,-1.46
-0.31,-1.28|0.17,-1.36;0.21,-1.15;0.20,-0.90;0.20,-0.43;-0.39,-0.95;-0.58,-0.92;-0.85,-0.96;-1.12,-1.49;-0.53,-1.45;-0.44,-1.50;-0.41,-1.97;-0.14,-1.95;0.20,-1.96;0.18,-1.58
-0.21,-1.31|0.23,-1.45;0.18,-1.27;0.25,-1.07;0.24,-0.76;0.16,-0.11;-0.30,-0.34;-0.39,-0.96;-0.60,-0.98;-1.21,-1.00;-0.52,-1.47;-0.41,-1.54;-0.42,-1.95;-0.16,-1.96;0.13,-1.97;0.21,-1.66
-0.13,-1.36|0.28,-1.63;0.28,-1.43;0.22,-1.28;0.28,-1.08;0.26,-0.76;0.22,0.49;-0.26,-0.73;-0.40,-0.96;-0.65,-1.02;-1.69,-1.06;-1.06,-1.55;-0.41,-1.55;-0.55,-2.00;-0.24,-1.96;-0.00,-1.97;0.30,-1.98
-0.06,-1.42|0.28,-1.73;0.28,-1.54;0.32,-1.40;0.26,-1.27;0.31,-1.01;0.27,-0.51;-0.24,-1.04;-0.51,-1.01;-1.12,-1.03;-0.40,-1.57;-0.62,-2.03;-0.28,-2.02;-0.03,-2.02;0.23,-2.05
-0.00,-1.49|0.36,-1.98;0.35,-1.70;0.30,-1.54;0.31,-1.41;0.33,-1.25;0.30,-0.99;0.26,0.18;-0.19,-0.72;-0.34,-1.03;-0.68,-1.08;-1.91,-1.19;-0.37,-1.58;-0.82,-2.09;-0.34,-2.04;-0.09,-2.07;0.13,-2.02
0.04,-1.58|0.25,-2.10;0.33,-1.87;0.36,-1.72;0.36,-1.58;0.33,-1.47;0.39,-1.24;0.36,-0.85;-0.15,-1.08;-0.42,-1.09;-1.04,-1.10;-1.48,-2.17;-0.53,-2.13;-0.17,-2.08;0.03,-2.10
0.07,-1.67|0.15,-2.11;0.38,-2.16;0.36,-1.87;0.37,-1.74;0.37,-1.62;0.35,-1.49;0.38,-1.20;0.33,-0.38;-0.16,-0.52;-0.29,-1.13;-0.66,-1.18;-1.87,-1.28;-1.64,-2.00;-0.72,-2.19;-0.27,-2.17;-0.03,-2.14
0.07,-1.77|0.05,-2.19;0.22,-2.19;0.38,-2.11;0.35,-1.90;0.40,-1.79;0.37,-1.66;0.33,-1.53;0.37,-1.12;-0.15,-1.19;-0.47,-1.19;-1.20,-1.19;-0.28,-1.76;-0.89,-2.13;-0.36,-2.17;-0.11,-2.17
0.06,-1.87|0.02,-2.26;0.15,-2.20;0.38,-2.27;0.32,-2.01;0.38,-1.91;0.33,-1.80;0.35,-1.64;0.37,-1.31;0.28,0.04;-0.19,-1.01;-0.45,-1.23;-1.07,-1.25;-0.73,-1.78;-1.49,-2.32;-0.36,-2.20;-0.14,-2.24
0.04,-1.97|-0.05,-2.29;0.07,-2.28;0.22,-2.29;0.39,-2.24;0.33,-2.05;0.35,-1.93;0.34,-1.80;0.30,-1.64;0.31,-1.01;-0.17,-0.18;-0.36,-1.24;-0.76,-1.33;-0.29,-1.87;-1.68,-2.17;-0.57,-2.31;-0.22,-2.29
0.01,-2.05|-0.13,-2.33;-0.02,-2.33;0.09,-2.31;0.27,-2.36;0.35,-2.23;0.32,-2.08;0.35,-1.94;0.36,-1.76;0.38,-1.33;-0.23,-1.31;-0.62,-1.31;-0.30,-1.89;-1.59,-1.92;-0.84,-2.32;-0.32,-2.33
0.01,-2.05|0.02,-2.31;0.13,-2.33;0.34,-2.36;0.32,-2.17;0.33,-2.04;0.32,-1.91;0.32,-1.71;0.36,-1.08;-0.07,-0.48;-0.36,-1.27;-0.18,-1.89;-0.71,-1.80;-1.68,-2.13;-0.58,-2.33;-0.21,-2.29;-0.10,-2.34
0.01,-2.05|0.26,-2.35;0.36,-2.23;0.32,-2.08;0.33,-1.95;0.34,-1.77;0.33,-1.41;-0.23,-1.34;-0.59,-1.36;-0.29,-1.90;-1.47,-1.94;-0.87,-2.34;-0.32,-2.33;-0.13,-2.32;-0.02,-2.34;0.08,-2.30
0.00,-2.05|0.30,-2.14;0.33,-2.02;0.33,-1.88;0.31,-1.67;0.30,-1.07;-0.18,-0.18;-0.41,-1.29;-0.80,-1.39;-1.71,-2.22;-0.57,-2.36;-0.22,-2.32;-0.08,-2.33;0.03,-2.33;0.14,-2.31;0.37,-2.35
0.00,-2.05|0.34,-1.97;0.33,-1.82;0.38,-1.44;0.33,-0.11;-0.16,-1.33;-0.52,-1.32;-0.25,-1.89;-0.88,-1.90;-1.13,-2.31;-0.37,-2.31;-0.17,-2.32;-0.05,-2.36;0.06,-2.31;0.21,-2.35;0.36,-2.27;0.29,-2.10
-0.00,-2.05|0.33,-1.70;-0.34,-1.31;-0.73,-1.37;-1.64,-2.10;-0.66,-2.35;-0.28,-2.35;-0.10,-2.32;0.01,-2.36;0.11,-2.30;0.32,-2.35;0.34,-2.18;0.30,-2.04;0.32,-1.91
0.01,-2.01|0.30,-1.27;-0.29,-1.33;-0.69,-1.35;-0.29,-1.90;-1.62,-2.06;-0.82,-2.39;-0.30,-2.34;-0.10,-2.30;0.02,-2.34;0.13,-2.28;0.33,-2.32;0.34,-2.14;0.34,-2.01;0.33,-1.87;0.32,-1.69
0.05,-1.93|0.39,-1.05;-0.24,-1.27;-0.64,-1.27;-0.23,-1.81;-1.58,-1.97;-0.76,-2.29;-0.28,-2.28;-0.08,-2.26;0.06,-2.27;0.20,-2.26;0.37,-2.23;0.32,-2.03;0.39,-1.92;0.33,-1.80;0.36,-1.61
0.08,-1.83|0.30,-0.91;-0.15,-0.40;-0.31,-1.20;-0.72,-1.26;-0.36,-1.73;-1.68,-2.12;-0.60,-2.26;-0.22,-2.25;-0.01,-2.23;0.14,-2.22;0.35,-2.26;0.33,-2.01;0.39,-1.91;0.39,-1.78;0.38,-1.65;0.33,-1.49
0.10,-1.74|0.35,0.05;-0.13,-0.85;-0.36,-1.13;-0.82,-1.20;-0.34,-1.68;-1.59,-2.18;-0.51,-2.20;-0.13,-2.14;0.04,-2.18;0.21,-2.15;0.41,-2.15;0.36,-1.89;0.40,-1.78;0.38,-1.67;0.37,-1.54;0.41,-1.22
0.11,-1.60|-0.15,-0.91;-0.38,-1.09;-1.02,-1.09;-1.16,-2.09;-0.38,-2.07;-0.10,-2.08;0.10,-2.10;0.32,-2.15;0.36,-1.86;0.41,-1.73;0.37,-1.61;0.39,-1.49;0.35,-1.38;0.43,-0.90
0.11,-1.48|-0.08,0.13;-0.13,-1.05;-0.43,-1.06;-1.25,-1.10;-0.37,-1.54;-0.85,-2.02;-0.31,-2.02;-0.05,-2.05;0.17,-2.02;0.42,-2.03;0.40,-1.71;0.37,-1.55;0.39,-1.45;0.33,-1.36;0.40,-1.11;0.37,-0.57
0.09,-1.39|-0.19,-0.45;-0.20,-1.03;-0.54,-1.05;-1.88,-1.20;-0.35,-1.53;-0.74,-2.07;-0.24,-2.02;0.03,-2.03;0.28,-2.00;0.37,-1.73;0.39,-1.55;0.38,-1.42;0.32,-1.32;0.40,-1.14;0.35,-0.92;0.26,0.27
0.06,-1.30|-0.15,-0.69;-0.28,-0.92;-0.66,-0.95;-0.35,-1.44;-0.65,-1.93;-0.26,-1.95;0.02,-1.95;0.30,-1.99;0.36,-1.63;0.36,-1.44;0.33,-1.31;0.35,-1.20;0.40,-0.99;0.36,-0.68
0.03,-1.21|-0.18,-0.66;-0.25,-0.92;-0.64,-0.92;-0.56,-1.44;-0.24,-1.47;-0.29,-1.93;0.01,-1.92;0.31,-1.93;0.36,-1.56;0.35,-1.36;0.30,-1.22;0.38,-1.08;0.35,-0.91;0.30,-0.61
-0.00,-1.12|-0.21,-0.56;-0.21,-0.89;-0.48,-0.89;-1.88,-1.03;-1.00,-1.48;-0.34,-1.43;-0.35,-1.85;-0.04,-1.87;0.27,-1.88;0.37,-1.53;0.34,-1.28;0.30,-1.13;0.36,-0.99;0.33,-0.82;0.27,-0.55
-0.02,-1.05|-0.19,-0.55;-0.20,-0.85;-0.48,-0.83;-1.92,-0.93;-1.01,-1.38;-0.38,-1.36;-0.40,-1.81;-0.08,-1.85;0.25,-1.87;0.34,-1.46;0.31,-1.22;0.30,-1.07;0.35,-0.92;0.30,-0.76;0.31,-0.38
-0.02,-1.05|-0.27,-0.83;-0.60,-0.85;-0.64,-1.35;-0.35,-1.41;-0.31,-1.85;0.02,-1.81;0.34,-1.81;0.31,-1.34;0.28,-1.16;0.34,-1.03;0.34,-0.87;0.36,-0.62;0.32,-0.06;-0.15,1.27;-0.23,-0.63
-0.04,-1.04|-0.58,-0.86;-0.65,-1.35;-0.35,-1.40;-0.30,-1.84;0.02,-1.85;0.35,-1.82;0.30,-1.33;0.28,-1.15;0.32,-1.02;0.33,-0.86;0.33,-0.62;0.29,-0.06;-0.24,-0.64;-0.26,-0.85
-0.08,-1.02|-0.54,-0.78;-1.00,-1.31;-0.44,-1.32;-0.48,-1.78;-0.16,-1.81;0.18,-1.89;0.25,-1.42;0.25,-1.20;0.28,-1.06;0.33,-0.90;0.36,-0.66;0.40,-0.11;-0.21,-0.61;-0.27,-0.80
-0.13,-1.01|-0.58,-0.81;-1.05,-1.37;-0.45,-1.32;-0.29,-1.37;-0.14,-1.82;0.20,-1.84;0.24,-1.16;0.29,-1.01;0.28,-0.84;0.29,-0.60;0.28,-0.05;-0.27,-0.66;-0.32,-0.82
-0.17,-0.99|-0.75,-0.81;-0.77,-1.31;-0.44,-1.33;-0.28,-1.35;-0.09,-1.83;0.28,-1.84;0.22,-1.31;0.23,-1.11;0.28,-0.95;0.25,-0.77;0.22,-0.52;0.26,0.40;-0.25,-0.19;-0.27,-0.81;-0.45,-0.76
-0.23,-0.97|-0.58,-0.79;-2.01,-0.80;-1.31,-1.30;-0.68,-1.34;-0.44,-1.35;-0.31,-1.78;0.01,-1.79;0.19,-1.49;0.21,-1.21;0.21,-1.02;0.24,-0.83;0.24,-0.58;0.26,-0.04;-0.28,-0.81;-0.40,-0.77
-0.29,-0.95|-0.67,-0.80;-1.18,-1.32;-0.68,-1.33;-0.47,-1.37;-0.29,-1.77;0.06,-1.80;0.20,-1.44;0.18,-1.15;0.23,-0.95;0.20,-0.75;0.14,-0.51;0.20,0.24;-0.29,-0.16;-0.36,-0.80;-0.49,-0.75
0.00,0.01|0.34,-0.82;0.53,-0.53;0.50,-0.20;0.55,0.01;0.50,0.21;0.46,0.46;0.50,1.17;0.00,0.16;-0.06,0.16;-0.18,0.19;-0.31,0.15;-1.71,0.03;-1.04,-0.40;-0.38,-0.36;-0.17,-0.39;-0.00,-0.41
0.22,-0.44|0.57,-1.11;0.61,-0.77;0.61,-0.57;0.57,-0.41;0.67,-0.20;0.68,0.11;0.70,1.11;0.15,0.24;-0.00,-0.03;-0.24,-0.06;-1.02,-0.06;-0.79,-0.53;-0.09,-0.60;0.05,-0.64;0.03,-1.04;0.27,-1.07
0.37,-0.73|0.45,-1.17;0.71,-1.24;0.67,-0.93;0.69,-0.79;0.68,-0.67;0.65,-0.55;0.71,-0.22;0.72,0.97;0.20,0.15;0.00,-0.16;-0.37,-0.23;-1.89,-0.26;-1.33,-1.05;-0.35,-1.20;0.04,-1.22;0.27,-1.20
0.37,-1.05|0.33,-1.38;0.45,-1.34;0.65,-1.40;0.69,-1.23;0.68,-1.08;0.70,-0.95;0.68,-0.80;0.70,-0.44;0.17,-0.38;0.14,-0.93;-0.49,-0.96;-0.76,-1.39;-0.00,-1.35;0.20,-1.36
0.36,-1.06|0.64,0.34;0.11,0.18;-0.11,-0.37;-0.63,-0.40;-0.38,-0.92;-1.28,-1.39;-0.19,-1.43;0.15,-1.37;0.29,-1.40;0.42,-1.37;0.56,-1.37;0.72,-1.31;0.66,-1.13;0.68,-1.00;0.68,-0.85;0.62,-0.67
0.21,-0.58|0.14,0.17;-0.05,-0.09;-0.33,-0.13;-1.31,-0.10;-0.14,-0.61;-0.00,-0.69;-0.27,-1.14;0.04,-1.10;0.26,-1.17;0.52,-1.20;0.58,-0.90;0.60,-0.71;0.59,-0.55;0.62,-0.37;0.62,-0.09;0.71,1.02
0.14,-0.27|0.59,0.87;0.12,0.86;0.02,0.00;-0.20,0.06;-0.57,0.01;-0.35,-0.49;-0.11,-0.53;0.04,-0.54;0.16,-1.00;0.48,-1.04;0.57,-0.69;0.58,-0.44;0.53,-0.27;0.60,-0.07;0.61,0.21
0.33,0.08|0.62,0.60;0.52,1.70;0.13,0.79;0.10,0.38;0.16,0.18;-0.18,0.14;-0.24,-0.37;0.05,-0.41;0.22,-0.80;0.57,-0.78;0.72,-0.42;0.65,-0.10;0.71,0.03;0.68,0.18;0.67,0.34
0.51,0.34|0.75,0.76;0.75,2.22;0.29,1.17;0.27,0.66;0.22,0.51;0.26,0.38;-0.17,-0.19;0.19,-0.22;0.38,-0.70;0.73,-0.43;0.73,0.07;0.77,0.20;0.79,0.31;0.77,0.41;0.78,0.55
0.56,0.42|0.63,-0.66;0.74,0.07;0.82,0.19;0.81,0.34;0.78,0.43;0.83,0.55;0.76,0.64;0.80,1.12;0.30,0.97;0.29,0.66;0.25,0.53;0.29,0.40;-0.60,-0.15;0.06,-0.15;0.20,-0.65
0.49,-0.04|0.24,-0.86;0.57,-0.85;0.76,-0.55;0.76,-0.26;0.71,-0.11;0.78,-0.01;0.78,0.11;0.75,0.27;0.75,0.79;0.24,0.45;0.22,0.19;-0.04,0.13;-0.22,-0.41;0.16,-0.44
0.37,-0.35|0.02,-1.02;0.31,-1.06;0.61,-1.08;0.69,-0.72;0.68,-0.51;0.68,-0.37;0.72,-0.24;0.72,-0.05;0.68,0.25;0.19,0.24;0.07,0.01;-0.29,-0.00;-0.21,-0.53;0.12,-0.56
0.34,-0.42|-0.01,-0.60;-0.22,-1.08;0.14,-1.04;0.39,-1.05;0.68,-1.09;0.68,-0.71;0.70,-0.54;0.63,-0.40;0.72,-0.23;0.68,-0.01;0.70,0.69;0.22,1.05;0.16,-0.07;-0.11,-0.04;-0.83,-0.04
0.01,-0.42|-0.42,-0.56;-0.20,-0.60;-0.09,-0.61;-0.04,-1.04;0.21,-1.05;0.52,-1.02;0.50,-0.67;0.49,-0.46;0.57,-0.24;0.55,0.03;0.57,0.66;-0.11,-0.03;-0.29,-0.06;-0.80,-0.00
-0.42,-0.38|-1.90,-0.12;-1.27,-0.57;-0.67,-0.55;-0.55,-0.58;-0.45,-0.52;-0.38,-0.59;-0.28,-0.59;0.26,-0.82;0.30,-0.51;0.34,-0.22;0.34,0.15;-0.21,-0.05;-0.36,-0.01;-0.50,-0.01;-0.65,-0.05;-0.98,-0.02
-0.98,-0.30|-3.01,-0.05;-1.90,-0.55;-1.29,-0.54;-1.11,-0.54;-1.00,-0.49;-0.91,-0.53;-0.79,-0.54;-0.54,-0.55;0.03,-0.43;0.04,-0.02;-0.58,0.00;-0.81,-0.01;-0.94,-0.00;-1.05,-0.02;-1.22,0.01;-1.52,0.01
-1.17,-0.28|-3.09,-0.18;-2.00,-0.57;-1.45,-0.53;-1.32,-0.57;-1.19,-0.54;-1.10,-0.50;-0.99,-0.49;-0.81,-0.45;-0.06,-0.33;-0.09,0.11;-0.77,0.08;-1.03,0.03;-1.16,-0.01;-1.27,-0.01;-1.45,0.03;-1.68,-0.04
-1.52,-0.24|-3.25,-0.05;-1.84,-0.50;-1.65,-0.49;-1.55,-0.54;-1.43,-0.55;-1.32,-0.49;-1.03,-0.51;-0.22,-0.38;-0.25,0.13;-1.17,0.04;-1.38,0.01;-1.48,0.05;-1.60,0.06;-1.73,0.03;-1.88,-0.04
-1.85,-0.19|-2.70,-0.04;-3.11,-0.47;-2.30,-0.50;-2.02,-0.45;-1.90,-0.49;-1.79,-0.47;-1.44,-0.46;-0.42,-0.45;-0.42,0.12;-1.52,0.04;-1.68,0.07;-1.80,0.07;-1.90,0.05;-2.00,0.02;-2.11,-0.03
-1.87,-0.18|-1.08,0.12;-1.63,0.04;-1.75,0.09;-1.86,0.08;-2.05,0.01;-2.33,0.03;-3.45,-0.13;-4.02,-1.00;-2.21,-0.51;-2.00,-0.47;-1.88,-0.48;-1.75,-0.49;-1.57,-0.49;-1.22,-0.47;-0.44,-0.22
-1.55,-0.12|-0.23,0.02;-1.18,0.08;-1.40,0.06;-1.49,0.09;-1.58,0.12;-1.67,0.10;-1.82,0.10;-1.97,0.00;-3.24,-0.30;-2.20,-0.47;-1.82,-0.46;-1.65,-0.45;-1.51,-0.48;-1.38,-0.45;-1.17,-0.43;-0.22,-0.52
-1.17,-0.09|-0.05,-0.06;-0.69,0.12;-0.99,0.09;-1.09,0.11;-1.17,0.07;-1.24,0.08;-1.40,0.14;-1.64,0.09;-3.08,-0.14;-1.97,-0.45;-1.48,-0.42;-1.31,-0.46;-1.16,-0.40;-1.03,-0.40;-0.84,-0.39;-0.06,-0.51
-0.83,-0.07|0.12,-0.03;-0.48,0.10;-0.64,0.14;-0.77,0.10;-0.84,0.11;-0.91,0.10;-1.02,0.11;-1.44,0.16;-2.90,-0.15;-1.49,-0.37;-1.18,-0.44;-0.95,-0.39;-0.82,-0.44;-0.68,-0.40;0.07,-0.90;0.09,-0.41
-0.36,-0.05|0.36,0.02;0.37,0.35;-0.22,0.12;-0.30,0.16;-0.38,0.18;-0.46,0.14;-0.54,0.11;-0.78,0.08;-2.65,-0.27;-1.07,-0.43;-0.64,-0.39;-0.47,-0.42;-0.32,-0.43;0.08,-0.87;0.33,-0.61;0.35,-0.26
-0.34,-0.05|0.36,-0.91;0.32,-0.41;0.32,-0.12;0.34,0.16;0.35,0.52;-0.26,0.12;-0.32,0.15;-0.41,0.17;-0.49,0.13;-0.65,0.12;-1.38,0.06;-1.57,-0.41;-0.80,-0.41;-0.54,-0.41;-0.38,-0.38;-0.23,-0.43
-0.23,-0.23|0.16,-0.94;0.38,-0.73;0.40,-0.42;0.41,-0.17;0.40,0.11;0.38,0.52;-0.15,0.03;-0.26,0.06;-0.39,0.07;-0.55,0.02;-1.11,0.02;-2.38,-0.46;-0.80,-0.54;-0.45,-0.51;-0.31,-0.49;-0.20,-0.53
-0.23,-0.24|-0.54,-0.50;-0.35,-0.47;-0.26,-0.54;-0.14,-0.52;0.39,-0.98;0.42,-0.58;0.40,-0.29;0.44,-0.03;0.39,0.28;0.33,0.84;-0.21,0.04;-0.33,0.08;-0.44,0.01;-0.68,-0.01;-1.80,-0.10;-1.19,-0.54
-0.23,-0.23|0.19,-0.95;0.37,-0.69;0.40,-0.40;0.43,-0.14;0.40,0.14;0.43,0.64;-0.16,0.03;-0.28,0.08;-0.40,0.06;-0.59,0.03;-1.18,0.01;-0.61,-0.45;-0.45,-0.52;-0.30,-0.50;-0.19,-0.53
-0.23,-0.23|0.20,-0.96;0.37,-0.69;0.40,-0.40;0.45,-0.14;0.42,0.15;0.43,0.64;-0.17,0.01;-0.28,0.09;-0.40,0.05;-0.59,0.04;-1.19,0.02;-0.61,-0.46;-0.44,-0.52;-0.30,-0.50;-0.19,-0.50
-0.23,-0.23|0.13,-0.95;0.34,-0.72;0.39,-0.44;0.45,-0.18;0.43,0.10;0.46,0.58;-0.16,0.00;-0.26,0.09;-0.38,0.05;-0.56,0.05;-1.17,0.07;-0.64,-0.44;-0.47,-0.51;-0.32,-0.50;-0.21,-0.52
-0.23,-0.23|0.19,-0.94;0.39,-0.69;0.41,-0.40;0.43,-0.14;0.39,0.14;0.42,0.64;-0.28,0.07;-0.40,0.05;-0.59,0.03;-1.21,0.01;-0.64,-0.48;-0.43,-0.51;-0.30,-0.50;-0.19,-0.53
-0.23,-0.23|0.25,-0.91;0.43,-0.65;0.41,-0.35;0.42,-0.09;0.38,0.20;0.34,0.66;-0.18,0.04;-0.30,0.08;-0.42,0.04;-0.62,0.01;-1.23,-0.06;-0.61,-0.50;-0.42,-0.53;-0.28,-0.52;-0.16,-0.53
-0.23,-0.25|-0.23,0.03;-0.35,0.04;-0.49,0.01;-0.94,0.05;-2.62,-0.24;-0.93,-0.53;-0.49,-0.50;-0.32,-0.46;-0.24,-0.54;0.07,-0.98;0.44,-0.93;0.40,-0.51;0.34,-0.25;0.41,0.02;0.35,0.34;-0.12,0.03
-0.23,-0.25|-1.25,-0.51;-0.55,-0.49;-0.36,-0.48;-0.27,-0.54;-0.16,-0.53;0.33,-0.99;0.41,-0.63;0.40,-0.34;0.42,-0.08;0.42,0.24;0.39,0.79;-0.19,0.03;-0.32,0.08;-0.44,0.03;-0.67,0.01;-1.58,-0.06
-0.46,-0.32|0.21,-0.84;0.28,-0.52;0.33,-0.21;0.33,0.14;-0.25,-0.04;-0.37,0.03;-0.50,-0.00;-0.64,0.00;-0.86,-0.01;-1.65,0.01;-1.72,-0.48;-0.79,-0.50;-0.63,-0.54;-0.52,-0.52;-0.44,-0.54;-0.32,-0.57
-0.46,-0.32|0.29,-0.63;0.25,-0.32;0.30,0.00;0.29,0.44;-0.33,0.00;-0.46,0.03;-0.58,-0.03;-0.75,-0.03;-1.21,-0.01;-2.71,-0.32;-1.05,-0.56;-0.68,-0.53;-0.56,-0.56;-0.46,-0.49;-0.35,-0.58;0.26,-1.03
0.01,-0.42|0.51,-0.47;0.52,-0.26;0.53,0.02;0.56,0.65;-0.12,-0.03;-0.30,-0.06;-0.77,-0.02;-0.43,-0.56;-0.20,-0.59;-0.11,-0.63;-0.05,-1.03;0.20,-1.05;0.52,-1.04;0.53,-0.70
0.32,-0.50|0.67,-0.59;0.67,-0.45;0.66,-0.30;0.67,-0.05;0.64,0.70;0.16,0.74;0.09,-0.10;-0.19,-0.10;-0.92,-0.16;-0.92,-0.66;0.00,-0.68;-0.16,-1.12;0.17,-1.09;0.40,-1.08;0.68,-1.12;0.68,-0.77
0.41,-0.52|0.69,-0.86;0.73,-0.69;0.71,-0.55;0.69,-0.44;0.73,-0.26;0.67,-0.03;0.57,1.36;0.17,0.25;0.06,-0.11;-0.30,-0.15;-1.89,-0.33;0.02,-0.65;-0.38,-1.19;0.09,-1.14;0.36,-1.14;0.59,-1.10
0.49,-0.84|0.53,-1.23;0.74,-1.31;0.72,-1.03;0.76,-0.92;0.77,-0.81;0.75,-0.71;0.71,-0.58;0.76,-0.02;0.21,-0.28;-0.16,-0.27;-1.18,-0.29;-1.20,-0.97;-0.40,-1.29;0.11,-1.28;0.36,-1.26
0.48,-1.05|0.13,-0.92;-1.27,-1.11;-0.21,-1.36;0.20,-1.35;0.35,-1.39;0.49,-1.36;0.63,-1.39;0.76,-1.31;0.71,-1.14;0.75,-1.04;0.74,-0.93;0.74,-0.76;0.75,-0.31;0.17,-0.38;-0.25,-0.37
0.35,-0.97|-1.28,-1.04;-0.48,-1.36;0.02,-1.34;0.22,-1.33;0.37,-1.34;0.50,-1.30;0.72,-1.31;0.66,-1.08;0.69,-0.96;0.68,-0.82;0.65,-0.65;0.68,-0.08;0.06,-0.33;-0.32,-0.35;0.10,-0.88
0.35,-0.97|-0.76,-1.32;-0.04,-1.30;0.17,-1.32;0.32,-1.35;0.45,-1.29;0.68,-1.36;0.65,-1.13;0.70,-1.00;0.69,-0.87;0.66,-0.71;0.70,-0.31;0.15,-0.33;-0.17,-0.35;-0.87,-0.33;-0.50,-0.90
0.29,-0.98|-0.57,-1.34;-0.07,-1.34;0.15,-1.33;0.29,-1.38;0.42,-1.30;0.67,-1.36;0.62,-1.12;0.66,-0.99;0.64,-0.84;0.62,-0.66;0.65,-0.12;0.02,-0.33;-0.34,-0.35;0.10,-0.91;-1.33,-0.98
-0.12,-1.11|-0.54,-1.42;-0.27,-1.36;-0.16,-1.42;-0.05,-1.38;0.10,-1.41;0.28,-1.35;0.44,-1.20;0.46,-0.97;0.41,-0.73;0.39,-0.27;-0.09,-0.96;-0.15,-0.98;-0.21,-0.98;-0.38,-0.95;-0.74,-1.02;-1.50,-1.45
-0.12,-1.11|-0.75,-1.38;-0.43,-1.42;-0.24,-1.41;-0.12,-1.37;0.15,-1.39;0.47,-1.36;0.44,-1.12;0.44,-0.89;0.48,-0.51;0.47,0.30;-0.12,-0.96;-0.18,-0.97;-0.32,-0.92;-0.61,-0.91;-1.53,-1.11
-0.42,-1.21|-1.56,-1.53;-0.77,-1.49;-0.58,-1.49;-0.44,-1.40;-0.35,-1.46;-0.25,-1.44;-0.00,-1.45;0.32,-1.30;0.29,-1.01;0.23,-0.70;-0.30,-1.00;-0.40,-1.00;-0.50,-0.95;-0.58,-1.01;-0.82,-0.99;-1.51,-1.08
-0.74,-1.29|-1.81,-1.51;-1.06,-1.51;-0.87,-1.49;-0.78,-1.48;-0.70,-1.51;-0.64,-1.44;-0.44,-1.49;0.17,-1.47;0.14,-1.11;0.07,-0.74;-0.56,-1.01;-0.70,-1.04;-0.80,-1.01;-0.93,-1.01;-1.07,-1.08;-1.69,-1.11
-0.91,-1.32|-1.93,-1.28;-1.44,-1.51;-1.13,-1.52;-1.00,-1.51;-0.92,-1.53;-0.85,-1.51;-0.75,-1.50;-0.52,-1.50;0.07,-1.36;0.05,-0.96;-0.62,-1.04;-0.79,-1.05;-0.90,-1.02;-1.03,-1.01;-1.14,-1.08;-1.45,-1.07
-1.24,-1.23|-1.89,-1.07;-2.14,-1.36;-1.65,-1.47;-1.44,-1.50;-1.30,-1.44;-1.20,-1.49;-1.11,-1.46;-0.93,-1.46;-0.52,-1.41;-0.12,-1.06;-0.81,-0.97;-1.06,-0.98;-1.18,-0.96;-1.27,-1.02;-1.34,-1.06;-1.54,-1.01
-1.56,-1.15|-2.25,-1.01;-2.29,-1.30;-2.06,-1.49;-1.74,-1.41;-1.62,-1.45;-1.52,-1.36;-1.35,-1.46;-1.12,-1.44;-0.23,-1.40;-0.26,-0.87;-1.26,-0.94;-1.47,-1.01;-1.54,-1.02;-1.60,-0.97;-1.69,-0.95;-1.86,-0.95
-1.90,-1.10|-2.41,-1.03;-2.47,-1.25;-2.32,-1.42;-2.08,-1.40;-1.94,-1.40;-1.81,-1.41;-1.68,-1.38;-1.32,-1.43;-0.41,-1.29;-1.30,-0.93;-1.73,-0.97;-1.81,-0.94;-1.88,-0.93;-1.94,-0.95;-2.04,-0.91;-2.16,-0.94
-1.95,-1.09|-2.46,-1.13;-2.42,-1.34;-2.26,-1.45;-2.04,-1.38;-1.92,-1.39;-1.79,-1.39;-1.54,-1.43;-0.79,-1.46;-0.43,-0.96;-1.74,-0.98;-1.81,-0.93;-1.90,-0.93;-1.96,-0.95;-2.04,-0.91;-2.15,-0.92;-2.45,-0.93
-2.24,-1.16|-1.94,-1.00;-2.09,-0.97;-2.19,-0.98;-2.27,-0.95;-2.35,-0.98;-2.43,-1.01;-2.57,-1.07;-2.61,-1.20;-2.59,-1.35;-2.48,-1.46;-2.34,-1.50;-2.22,-1.41;-2.10,-1.42;-1.91,-1.43;-1.39,-1.41;-0.60,-0.99
-2.24,-1.16|-0.58,-1.40;-1.49,-0.97;-1.98,-0.97;-2.14,-1.00;-2.21,-0.97;-2.30,-0.94;-2.37,-0.99;-2.55,-0.98;-2.54,-1.12;-2.62,-1.26;-2.57,-1.41;-2.42,-1.47;-2.28,-1.46;-2.18,-1.41;-2.03,-1.44;-1.74,-1.46
-2.00,-1.24|-1.30,-1.44;-0.48,-1.06;-1.49,-0.95;-1.84,-1.02;-1.94,-1.00;-2.03,-1.01;-2.14,-0.99;-2.26,-1.04;-2.49,-1.10;-2.51,-1.30;-2.45,-1.48;-2.26,-1.56;-2.07,-1.46;-1.98,-1.45;-1.87,-1.47;-1.76,-1.43
-1.98,-1.25|-2.50,-1.32;-2.37,-1.47;-2.17,-1.50;-2.04,-1.46;-1.96,-1.48;-1.84,-1.51;-1.62,-1.54;-0.80,-1.58;-0.45,-1.07;-1.68,-1.08;-1.81,-1.03;-1.91,-1.01;-2.01,-1.01;-2.13,-0.98;-2.27,-1.03;-2.41,-1.13
-2.30,-1.27|-2.66,-1.28;-2.62,-1.41;-2.54,-1.52;-2.42,-1.57;-2.30,-1.52;-2.22,-1.47;-2.09,-1.48;-1.89,-1.44;-0.66,-1.25;-1.62,-0.98;-2.05,-1.01;-2.20,-1.02;-2.30,-1.02;-2.40,-1.05;-2.51,-1.06;-2.58,-1.16
-2.32,-1.26|-2.18,-1.02;-2.29,-0.99;-2.39,-1.03;-2.48,-1.06;-2.65,-1.08;-2.62,-1.23;-2.66,-1.36;-2.60,-1.48;-2.47,-1.52;-2.36,-1.55;-2.26,-1.49;-2.18,-1.45;-1.96,-1.47;-1.13,-1.42;-1.33,-0.99
-2.32,-1.26|-0.63,-1.12;-1.94,-1.06;-2.10,-1.00;-2.24,-1.00;-2.34,-1.01;-2.44,-1.04;-2.60,-1.03;-2.59,-1.18;-2.67,-1.29;-2.63,-1.42;-2.53,-1.51;-2.41,-1.54;-2.30,-1.51;-2.21,-1.47;-2.05,-1.49;-1.66,-1.47
-1.99,-1.29|-0.45,-1.44;-1.17,-1.04;-1.74,-1.08;-1.85,-1.02;-1.97,-1.03;-2.07,-1.02;-2.19,-1.04;-2.44,-1.05;-2.46,-1.24;-2.45,-1.43;-2.30,-1.54;-2.10,-1.48;-2.01,-1.48;-1.93,-1.50;-1.82,-1.50;-1.57,-1.52
-1.67,-1.31|-0.29,-1.51;-0.85,-1.10;-1.31,-1.04;-1.55,-1.10;-1.64,-1.07;-1.74,-1.04;-1.89,-1.03;-2.11,-1.06;-2.29,-1.23;-2.29,-1.48;-1.88,-1.47;-1.78,-1.49;-1.70,-1.53;-1.63,-1.49;-1.52,-1.51;-1.30,-1.53
-1.34,-1.35|-0.12,-1.34;-0.18,-0.86;-1.06,-1.06;-1.21,-1.02;-1.44,-1.11;-1.61,-1.08;-1.92,-1.11;-2.18,-1.35;-1.98,-1.61;-1.56,-1.56;-1.40,-1.49;-1.34,-1.52;-1.26,-1.54;-1.17,-1.52;-0.98,-1.50
-1.02,-1.36|-0.01,-1.36;-0.01,-0.94;-0.72,-1.05;-0.90,-1.06;-1.02,-1.03;-1.14,-1.09;-1.26,-1.12;-1.71,-1.08;-2.03,-1.36;-1.44,-1.54;-1.20,-1.54;-1.10,-1.56;-1.02,-1.57;-0.95,-1.53;-0.85,-1.53;-0.60,-1.53
-0.81,-1.36|0.08,-1.40;0.12,-1.02;-0.54,-1.12;-0.66,-1.04;-0.80,-1.08;-0.92,-1.04;-1.04,-1.10;-1.53,-1.01;-1.93,-1.30;-1.15,-1.48;-1.02,-1.55;-0.89,-1.53;-0.82,-1.53;-0.74,-1.54;-0.67,-1.51;-0.46,-1.52
-0.49,-1.35|0.22,-1.29;0.26,-0.97;0.25,-0.48;-0.40,-1.08;-0.51,-1.05;-0.64,-1.06;-0.84,-1.06;-1.39,-1.07;-1.73,-1.46;-0.88,-1.56;-0.65,-1.55;-0.54,-1.51;-0.47,-1.51;-0.40,-1.53;-0.29,-1.52;0.01,-1.51
-0.16,-1.35|0.42,-1.37;0.44,-1.12;0.37,-0.85;0.42,-0.07;-0.15,-1.07;-0.26,-1.07;-0.41,-1.08;-0.73,-1.09;-1.59,-1.30;-0.72,-1.56;-0.31,-1.49;-0.25,-1.55;-0.16,-1.53;-0.10,-1.51;0.02,-1.53;0.18,-1.50
0.16,-1.31|0.59,-1.13;0.57,-0.90;0.54,-0.41;-0.19,-0.47;-0.05,-1.09;-0.47,-1.04;-1.37,-1.31;-0.41,-1.55;-0.04,-1.51;0.09,-1.49;0.16,-1.52;0.25,-1.53;0.34,-1.49;0.62,-1.50;0.56,-1.31
0.39,-1.20|0.12,-0.47;-0.28,-0.47;0.04,-1.04;-1.25,-1.13;-0.36,-1.47;0.09,-1.47;0.27,-1.46;0.37,-1.47;0.47,-1.42;0.64,-1.48;0.73,-1.36;0.65,-1.21;0.73,-1.08;0.69,-0.92;0.71,-0.51
0.17,-0.70|-0.10,-0.14;-0.41,-0.18;-1.38,-0.16;-0.13,-0.71;0.05,-0.75;-0.28,-1.20;-0.00,-1.19;0.20,-1.22;0.42,-1.21;0.55,-1.04;0.60,-0.85;0.61,-0.67;0.56,-0.51;0.63,-0.18;0.70,0.81;0.12,0.11
0.10,-0.38|-1.96,-0.57;-0.18,-0.53;-0.10,-0.63;0.03,-0.61;0.16,-1.07;0.47,-1.09;0.56,-0.76;0.55,-0.52;0.51,-0.35;0.58,-0.13;0.57,0.18;0.58,1.14;0.05,0.23;-0.09,-0.02;-0.29,-0.06;-1.00,-0.04
0.08,-0.38|-0.41,-0.56;-0.13,-0.57;-0.03,-0.60;0.05,-1.06;0.31,-1.02;0.58,-0.94;0.55,-0.61;0.54,-0.40;0.57,-0.20;0.52,0.02;0.54,0.62;-0.05,-0.05;-0.25,-0.03;-0.54,-0.10
-0.22,-0.20|-0.45,0.03;-0.87,0.07;-2.60,-0.20;-0.92,-0.49;-0.50,-0.49;-0.32,-0.45;-0.22,-0.52;0.10,-0.96;0.37,-0.78;0.40,-0.46;0.37,-0.20;0.40,0.05;0.40,0.42;-0.12,0.03;-0.22,0.06;-0.33,0.09
-0.25,-0.16|-0.12,0.08;-0.23,0.06;-0.33,0.10;-0.42,0.05;-0.62,0.04;-1.25,-0.05;-0.63,-0.46;-0.44,-0.49;-0.29,-0.49;-0.16,-0.47;0.37,-0.92;0.44,-0.53;0.36,-0.22;0.40,0.03;0.38,0.35
-0.25,-0.16|0.40,-0.38;0.39,-0.12;0.37,0.15;0.37,0.55;-0.18,0.06;-0.26,0.08;-0.38,0.10;-0.48,0.05;-0.92,0.07;-2.61,-0.31;-0.95,-0.50;-0.51,-0.46;-0.34,-0.43;-0.23,-0.49;0.12,-0.91;0.37,-0.70
0.15,-0.25|0.59,-0.37;0.58,-0.19;0.59,0.01;0.57,0.31;0.54,1.23;0.06,0.35;-0.00,0.01;-0.22,0.03;-0.82,0.01;-2.14,-0.56;-0.32,-0.52;-0.08,-0.54;-0.05,-1.00;0.24,-0.98;0.58,-0.99;0.62,-0.61
0.35,-0.35|0.75,1.14;0.20,0.78;0.18,-0.05;-0.09,-0.01;-0.88,-0.02;-0.95,-0.53;-0.01,-0.56;-0.17,-1.03;0.18,-1.02;0.44,-1.01;0.71,-0.97;0.67,-0.59;0.69,-0.44;0.64,-0.31;0.71,-0.14;0.74,0.16
0.33,-0.18|0.13,0.26;0.07,0.06;-0.24,0.03;-0.28,-0.46;0.01,-0.53;0.04,-0.97;0.37,-0.94;0.70,-0.96;0.67,-0.49;0.66,-0.30;0.63,-0.16;0.69,-0.01;0.67,0.19;0.67,0.76
0.33,-0.14|0.15,0.37;0.14,0.07;-0.12,0.07;-1.55,-0.05;-0.69,-0.50;-0.02,-0.46;-0.04,-0.91;0.29,-0.93;0.61,-0.94;0.70,-0.55;0.67,-0.30;0.64,-0.16;0.69,-0.01;0.64,0.14;0.64,0.52
0.32,-0.08|0.21,1.25;0.12,0.31;0.09,0.12;-0.20,0.09;-0.32,-0.41;-0.01,-0.47;0.06,-0.89;0.38,-0.87;0.63,-0.68;0.67,-0.38;0.62,-0.18;0.67,-0.05;0.68,0.10;0.68,0.34;0.65,0.93
0.32,-0.06|0.15,0.40;0.17,0.10;-0.11,0.14;-0.68,-0.43;-0.05,-0.40;-0.06,-0.87;0.28,-0.91;0.63,-0.91;0.65,-0.42;0.61,-0.20;0.68,-0.07;0.67,0.07;0.71,0.30;0.69,0.74
0.31,-0.01|0.17,1.76;0.12,0.37;0.14,0.13;-0.16,0.14;-0.41,-0.37;-0.03,-0.40;0.02,-0.88;0.37,-0.85;0.62,-0.63;0.66,-0.31;0.62,-0.11;0.70,0.02;0.65,0.16;0.67,0.41;0.64,1.01
0.30,0.03|0.12,0.47;0.14,0.18;-0.09,0.19;-1.02,0.02;-0.85,-0.46;-0.08,-0.36;0.12,-0.41;0.30,-0.87;0.66,-0.84;0.66,-0.33;0.63,-0.11;0.68,0.03;0.65,0.17;0.68,0.40;0.64,0.84
0.29,0.09|0.21,2.48;0.12,0.47;0.14,0.23;-0.11,0.24;-0.70,-0.36;-0.08,-0.31;-0.05,-0.82;0.32,-0.80;0.61,-0.61;0.65,-0.24;0.66,-0.05;0.66,0.10;0.64,0.25;0.63,0.45;0.64,1.02
0.28,0.14|0.64,1.10;0.19,2.53;0.12,0.49;0.15,0.26;0.10,0.21;-0.72,-0.32;-0.09,-0.26;0.10,-0.34;0.32,-0.79;0.60,-0.55;0.64,-0.19;0.63,0.01;0.65,0.15;0.63,0.30;0.61,0.49
0.45,0.41|0.71,0.85;0.67,1.87;0.23,1.29;0.22,0.72;0.20,0.56;0.21,0.45;0.23,0.36;-0.40,-0.22;0.07,-0.23;0.29,-0.66;0.72,-0.68;0.69,0.09;0.77,0.22;0.75,0.36;0.74,0.48;0.72,0.61
0.49,0.47|0.75,1.10;0.26,1.03;0.24,0.72;0.20,0.59;0.21,0.47;0.26,0.37;-0.14,-0.17;0.23,-0.17;0.50,-0.60;0.76,0.20;0.78,0.35;0.73,0.47;0.71,0.69
0.50,0.48|0.60,2.25;0.21,1.29;0.20,0.81;0.22,0.62;0.20,0.50;0.25,0.39;-0.26,-0.19;0.15,-0.23;0.43,-0.63;0.79,-0.36;0.78,0.16;0.78,0.34;0.75,0.47;0.78,0.58;0.71,0.67;0.71,0.92
0.51,1.01|0.30,1.57;0.27,1.27;0.22,1.14;0.26,1.01;0.23,0.90;0.22,0.73;0.10,0.09;0.47,-0.35;0.74,0.41;0.75,0.75;0.73,0.91;0.74,1.00;0.74,1.09;0.78,1.26;0.80,1.63
0.51,1.56|0.33,2.12;0.31,1.80;0.23,1.71;0.26,1.58;0.21,1.46;0.24,1.33;0.22,0.99;0.39,-0.06;0.74,0.89;0.75,1.29;0.74,1.45;0.77,1.54;0.77,1.65;0.76,1.77;0.79,2.10
0.52,2.01|0.26,2.65;0.29,2.24;0.30,2.10;0.29,2.01;0.23,1.89;0.27,1.77;0.20,1.27;0.50,0.16;0.73,1.48;0.77,1.74;0.76,1.90;0.74,2.00;0.79,2.11;0.82,2.30;0.76,2.58
0.53,2.40|0.22,3.18;0.26,2.68;0.33,2.48;0.26,2.40;0.28,2.30;0.25,2.12;0.26,1.77;0.50,0.33;0.75,1.84;0.77,2.15;0.77,2.29;0.78,2.39;0.81,2.51;0.72,2.58;0.74,2.88
0.53,2.92|0.49,5.06;0.27,3.51;0.27,3.16;0.27,3.02;0.23,2.91;0.28,2.81;0.27,2.65;0.27,2.27;0.57,0.60;0.75,2.41;0.78,2.68;0.72,2.84;0.78,2.92;0.75,3.02;0.73,3.13;0.75,3.48
0.52,3.39|0.35,5.25;0.26,3.88;0.21,3.66;0.27,3.47;0.25,3.37;0.26,3.26;0.25,3.07;0.79,2.89;0.79,3.17;0.74,3.33;0.74,3.41;0.78,3.53;0.75,3.68;0.74,4.11
0.52,3.53|0.53,5.36;0.27,4.12;0.25,3.79;0.21,3.66;0.30,3.53;0.24,3.41;0.24,3.26;0.26,2.92;0.76,2.94;0.76,3.28;0.72,3.44;0.77,3.53;0.79,3.64;0.76,3.77;0.79,4.18
0.53,4.01|0.49,5.65;0.33,4.45;0.27,4.25;0.24,4.12;0.24,4.00;0.23,3.88;0.30,3.78;0.27,3.35;0.78,3.43;0.78,3.77;0.80,3.91;0.74,4.02;0.73,4.10;0.75,4.25;0.75,4.58
0.53,4.34|0.48,5.80;0.41,4.61;0.28,4.57;0.28,4.43;0.26,4.33;0.29,4.23;0.24,4.03;0.29,3.70;0.75,3.86;0.80,4.08;0.74,4.26;0.74,4.35;0.77,4.45;0.78,4.61;0.76,4.95
0.53,4.34|0.80,5.24;0.38,5.77;0.38,4.61;0.27,4.56;0.30,4.41;0.27,4.32;0.26,4.20;0.26,4.01;0.27,3.49;0.68,2.82;0.75,3.92;0.72,4.19;0.75,4.28;0.77,4.37;0.79,4.49;0.77,4.64
0.60,4.54|0.26,3.94;0.75,3.98;0.76,4.34;0.76,4.44;0.79,4.51;0.82,4.60;0.80,4.70;0.84,4.97;0.74,5.79;0.23,5.83;0.45,4.71;0.34,4.68;0.28,4.57;0.30,4.45;0.30,4.30
0.48,4.24|0.29,3.47;0.75,3.80;0.78,4.02;0.72,4.18;0.72,4.28;0.75,4.40;0.73,4.58;0.65,4.95;0.42,4.63;0.28,4.57;0.20,4.44;0.25,4.30;0.24,4.21;0.23,4.09;0.25,3.94
0.43,4.09|0.72,4.71;0.52,5.64;0.29,4.49;0.22,4.33;0.21,4.20;0.22,4.10;0.17,4.00;0.19,3.88;0.21,3.64;0.75,3.16;0.71,3.77;0.75,3.94;0.68,4.08;0.68,4.18;0.75,4.38
0.54,4.40|0.70,5.01;0.34,5.77;0.40,4.63;0.30,4.58;0.28,4.46;0.28,4.36;0.31,4.26;0.27,4.03;0.32,3.53;0.87,2.13;0.79,3.97;0.75,4.24;0.76,4.34;0.75,4.43;0.79,4.54;0.76,4.69
0.62,4.71|0.80,5.50;0.41,5.92;0.53,4.85;0.48,4.81;0.36,4.77;0.29,4.65;0.31,4.51;0.27,4.21;0.34,3.48;0.79,3.75;0.79,4.44;0.80,4.58;0.84,4.66;0.84,4.75;0.81,4.83;0.82,4.99
0.69,4.95|0.80,4.55;0.85,4.75;0.87,4.85;0.85,4.93;0.85,5.00;0.84,5.07;0.85,5.24;0.82,6.04;0.38,6.09;0.63,5.04;0.59,5.01;0.55,4.97;0.34,4.86;0.37,4.70;0.33,4.31
0.69,4.95|0.32,4.04;0.82,4.65;0.87,4.77;0.87,4.88;0.83,4.95;0.85,5.02;0.87,5.13;0.82,5.28;0.68,6.08;0.23,6.04;0.62,5.02;0.61,4.99;0.40,4.95;0.31,4.79;0.34,4.59
0.53,4.67|0.25,4.19;0.36,3.40;0.75,4.39;0.75,4.54;0.80,4.63;0.78,4.74;0.75,4.83;0.77,5.08;0.70,5.90;0.49,4.84;0.24,5.05;0.30,4.81;0.25,4.71;0.29,4.61;0.29,4.49
0.51,4.64|0.27,4.11;0.73,4.04;0.73,4.41;0.74,4.53;0.77,4.63;0.77,4.74;0.75,4.86;0.73,5.12;0.52,4.85;0.44,4.84;0.27,4.90;0.29,4.74;0.26,4.65;0.29,4.56;0.27,4.42
0.41,4.33|0.21,3.50;0.68,2.62;0.69,3.87;0.72,4.10;0.70,4.26;0.70,4.37;0.73,4.52;0.70,4.71;0.51,4.70;0.19,5.76;0.26,4.59;0.20,4.49;0.23,4.37;0.21,4.29;0.23,4.21;0.19,4.01
0.36,4.12|0.22,4.47;0.21,4.28;0.17,4.20;0.20,4.12;0.12,4.03;0.15,3.92;0.16,3.66;0.70,3.26;0.66,3.80;0.72,3.96;0.65,4.11;0.66,4.24;0.71,4.46;0.68,4.84
0.37,4.12|0.26,3.39;0.75,2.58;0.68,3.70;0.73,3.90;0.67,4.08;0.66,4.19;0.68,4.35;0.65,4.58;0.45,4.62;0.18,4.88;0.16,4.40;0.19,4.23;0.21,4.15;0.20,4.08;0.14,3.95;0.22,3.87
0.37,4.12|0.24,3.38;0.72,2.56;0.67,3.69;0.72,3.90;0.68,4.07;0.67,4.19;0.68,4.34;0.67,4.59;0.45,4.60;0.20,4.87;0.16,4.42;0.20,4.23;0.19,4.15;0.18,4.08;0.13,3.96;0.21,3.87
0.37,4.11|0.27,3.37;0.76,2.60;0.68,3.70;0.74,3.89;0.68,4.07;0.66,4.19;0.67,4.34;0.66,4.61;0.44,4.62;0.18,4.85;0.16,4.38;0.19,4.22;0.21,4.13;0.19,4.06;0.16,3.95;0.21,3.85
0.36,4.09|0.21,4.45;0.20,4.26;0.19,4.16;0.18,4.09;0.14,4.00;0.16,3.90;0.17,3.65;0.71,3.23;0.67,3.78;0.73,3.94;0.65,4.09;0.66,4.22;0.69,4.43;0.66,4.82;0.36,5.64
0.37,4.10|0.19,2.56;0.67,3.03;0.66,3.73;0.71,3.90;0.67,4.06;0.67,4.18;0.72,4.38;0.70,4.69;0.54,5.59;0.21,4.63;0.21,4.29;0.19,4.19;0.20,4.11;0.16,4.04;0.16,3.93;0.22,3.84
0.37,4.10|0.23,2.52;0.70,3.05;0.67,3.74;0.73,3.91;0.66,4.07;0.66,4.19;0.70,4.38;0.68,4.71;0.49,5.61;0.20,4.62;0.20,4.30;0.19,4.19;0.20,4.11;0.17,4.03;0.15,3.91;0.23,3.84
0.36,4.10|0.21,4.88;0.15,4.41;0.17,4.22;0.20,4.13;0.19,4.06;0.13,3.95;0.20,3.86;0.21,3.39;0.76,1.98;0.71,3.55;0.72,3.85;0.65,4.03;0.65,4.15;0.66,4.29;0.66,4.55;0.48,4.69
0.42,4.55|0.72,5.84;0.20,5.86;0.25,4.83;0.24,4.67;0.23,4.59;0.24,4.52;0.21,4.41;0.16,4.17;0.21,3.60;0.69,3.00;0.72,4.07;0.69,4.36;0.69,4.49;0.74,4.60;0.72,4.74;0.66,4.89
0.47,4.73|0.26,4.16;0.75,4.14;0.72,4.51;0.75,4.63;0.76,4.75;0.71,4.85;0.72,5.02;0.58,5.05;0.40,5.91;0.25,5.18;0.25,4.93;0.27,4.80;0.20,4.72;0.25,4.63;0.25,4.49
0.40,4.43|0.26,3.53;0.75,2.98;0.72,3.99;0.68,4.25;0.67,4.38;0.72,4.50;0.70,4.64;0.66,4.84;0.62,5.77;0.25,5.07;0.24,4.66;0.17,4.57;0.24,4.45;0.21,4.38;0.22,4.29;0.18,4.06
0.36,4.10|0.27,3.06;0.76,2.82;0.68,3.72;0.72,3.91;0.67,4.07;0.67,4.19;0.68,4.37;0.65,4.66;0.49,5.59;0.19,4.64;0.20,4.28;0.19,4.19;0.19,4.11;0.18,4.04;0.15,3.92;0.22,3.83
0.36,4.09|0.21,3.07;0.69,2.78;0.66,3.69;0.73,3.87;0.67,4.05;0.67,4.17;0.72,4.36;0.68,4.63;0.58,5.58;0.22,4.64;0.22,4.28;0.20,4.19;0.19,4.12;0.19,4.05;0.15,3.94;0.21,3.83
0.36,4.08|0.21,2.54;0.68,3.00;0.65,3.73;0.72,3.89;0.67,4.05;0.66,4.17;0.70,4.36;0.69,4.69;0.51,5.61;0.20,4.60;0.21,4.26;0.17,4.18;0.19,4.10;0.17,4.02;0.16,3.92;0.23,3.83
0.36,4.08|0.68,2.99;0.65,3.72;0.72,3.88;0.67,4.05;0.66,4.17;0.71,4.36;0.69,4.70;0.52,5.61;0.20,4.62;0.21,4.26;0.19,4.17;0.20,4.10;0.15,4.02;0.17,3.93;0.21,3.81
0.35,3.76|0.67,2.93;0.67,3.43;0.67,3.62;0.72,3.75;0.66,3.88;0.66,4.07;0.68,4.52;0.37,5.42;0.21,4.09;0.19,3.92;0.15,3.84;0.14,3.76;0.20,3.70;0.18,3.60;0.14,3.28
0.36,3.44|0.68,2.75;0.67,3.15;0.65,3.33;0.67,3.45;0.71,3.60;0.66,3.76;0.66,4.25;0.30,5.29;0.21,3.78;0.13,3.65;0.23,3.49;0.19,3.43;0.17,3.35;0.20,3.26;0.22,3.06
0.36,3.11|0.63,2.23;0.67,2.73;0.65,2.95;0.68,3.08;0.67,3.21;0.74,3.43;0.77,3.89;0.55,5.14;0.21,3.59;0.21,3.29;0.17,3.21;0.15,3.04;0.16,2.95;0.17,2.75
0.36,3.10|0.09,0.71;0.66,2.05;0.71,2.65;0.63,2.95;0.70,3.06;0.65,3.18;0.73,3.39;0.69,3.69;0.59,5.09;0.21,3.28;0.16,3.20;0.19,3.11;0.18,3.04;0.15,2.93;0.22,2.84
0.35,3.09|0.18,3.01;0.20,2.92;0.20,2.69;0.73,2.28;0.71,2.77;0.67,2.98;0.68,3.10;0.65,3.23;0.70,3.47;0.67,3.94;0.27,5.12;0.15,3.54;0.17,3.26;0.17,3.16;0.18,3.08
0.36,3.09|0.70,2.09;0.72,2.69;0.66,2.95;0.68,3.07;0.66,3.20;0.72,3.42;0.65,3.70;0.48,5.13;0.19,3.59;0.20,3.28;0.15,3.19;0.20,3.10;0.18,3.03;0.17,2.93;0.22,2.82
0.40,2.65|0.72,0.44;0.74,2.08;0.73,2.40;0.73,2.56;0.68,2.69;0.74,2.85;0.66,2.99;0.68,3.74;0.18,4.16;0.18,3.02;0.18,2.81;0.20,2.70;0.25,2.62;0.23,2.54;0.23,2.41;0.22,1.92
0.45,2.08|0.73,0.15;0.74,1.59;0.77,1.85;0.73,2.01;0.75,2.13;0.75,2.26;0.69,2.40;0.70,3.04;0.21,3.82;0.21,2.50;0.24,2.25;0.25,2.14;0.29,2.06;0.19,1.93;0.25,1.82;0.24,1.25
0.50,1.59|0.60,-0.02;0.77,1.04;0.78,1.35;0.76,1.51;0.78,1.61;0.75,1.72;0.76,1.89;0.71,2.22;0.27,2.04;0.28,1.78;0.23,1.68;0.25,1.58;0.23,1.46;0.27,1.34;0.28,0.97
0.50,1.59|0.12,-0.04;0.69,0.42;0.71,1.25;0.74,1.42;0.78,1.52;0.79,1.64;0.76,1.75;0.83,2.06;0.79,2.85;0.33,2.58;0.30,1.90;0.27,1.75;0.28,1.64;0.26,1.55;0.23,1.42;0.20,1.18
0.41,1.28|0.15,0.20;0.64,-0.22;0.76,0.70;0.70,1.07;0.73,1.20;0.71,1.32;0.74,1.48;0.70,1.66;0.67,2.30;0.19,2.74;0.22,1.59;0.24,1.41;0.20,1.33;0.18,1.24;0.22,1.16;0.18,0.97
0.33,0.96|0.20,0.06;0.67,-0.38;0.71,0.45;0.67,0.75;0.68,0.91;0.68,1.04;0.66,1.20;0.63,1.46;0.56,2.52;0.14,1.71;0.16,1.19;0.17,1.06;0.18,0.98;0.18,0.92;0.15,0.83;0.18,0.72
0.32,0.95|0.43,2.92;0.21,1.26;0.14,1.15;0.18,1.02;0.17,0.96;0.16,0.90;0.13,0.78;0.16,0.62;0.24,-0.40;0.62,0.10;0.67,0.57;0.71,0.76;0.63,0.94;0.68,1.08;0.72,1.31;0.73,1.81
0.41,1.38|0.71,3.46;0.26,1.97;0.22,1.64;0.24,1.48;0.20,1.41;0.19,1.33;0.22,1.24;0.18,1.01;0.18,-0.15;0.72,0.13;0.73,0.95;0.71,1.20;0.73,1.47;0.72,1.61;0.76,1.97
0.49,1.74|0.71,2.86;0.23,3.05;0.25,2.10;0.30,1.87;0.21,1.80;0.26,1.70;0.24,1.57;0.27,1.40;0.24,0.45;0.78,0.31;0.74,1.37;0.80,1.68;0.75,1.80;0.75,1.92;0.77,2.17
0.56,2.07|0.79,3.20;0.34,3.24;0.27,2.50;0.30,2.24;0.31,2.12;0.31,2.02;0.28,1.88;0.26,1.63;0.17,0.19;0.77,0.95;0.78,1.73;0.78,1.91;0.76,2.02;0.83,2.12;0.80,2.22;0.78,2.39
0.60,2.39|0.81,3.98;0.33,3.41;0.30,2.78;0.30,2.56;0.34,2.42;0.32,2.31;0.33,2.18;0.28,1.83;0.33,0.32;0.79,1.68;0.80,2.13;0.84,2.25;0.82,2.36;0.84,2.45;0.81,2.55;0.81,2.74
0.62,2.44|0.84,1.97;0.83,2.25;0.85,2.36;0.85,2.45;0.83,2.54;0.78,2.62;0.79,2.91;0.52,4.81;0.27,3.19;0.32,2.72;0.35,2.54;0.32,2.43;0.34,2.31;0.28,2.07;0.28,1.51;0.71,0.33
0.62,2.44|0.29,0.34;0.81,1.67;0.83,2.15;0.83,2.31;0.84,2.40;0.88,2.50;0.80,2.57;0.82,2.77;0.77,3.37;0.32,3.66;0.29,2.88;0.28,2.64;0.36,2.48;0.32,2.37;0.38,2.27;0.36,2.01
0.51,2.14|0.27,1.53;0.54,0.22;0.75,1.58;0.81,1.85;0.76,2.04;0.75,2.14;0.77,2.25;0.77,2.41;0.73,2.69;0.25,2.74;0.30,2.34;0.27,2.23;0.29,2.13;0.30,2.05;0.27,1.89
0.47,2.04|0.31,0.16;0.80,0.99;0.75,1.70;0.77,1.88;0.72,2.02;0.76,2.13;0.79,2.30;0.74,2.55;0.66,4.21;0.25,2.76;0.28,2.26;0.25,2.15;0.28,2.06;0.24,1.97;0.23,1.83;0.25,1.60
0.49,1.63|0.73,-0.04;0.80,1.10;0.75,1.43;0.77,1.56;0.78,1.67;0.74,1.78;0.75,1.98;0.69,2.40;0.26,3.24;0.26,2.02;0.28,1.78;0.20,1.70;0.27,1.60;0.22,1.47;0.27,1.33;0.17,0.38
0.51,1.09|0.51,-0.29;0.76,0.48;0.77,0.83;0.72,1.00;0.75,1.09;0.74,1.18;0.80,1.37;0.82,1.84;0.51,3.08;0.31,1.57;0.28,1.32;0.24,1.20;0.25,1.09;0.24,0.98;0.22,0.80;0.11,0.12
0.52,0.61|0.61,-0.52;0.74,0.17;0.79,0.37;0.75,0.53;0.81,0.63;0.75,0.73;0.77,0.90;0.73,1.26;0.35,2.76;0.27,1.09;0.27,0.82;0.23,0.70;0.22,0.59;0.26,0.48;-0.10,-0.11;0.14,-0.57
0.52,0.53|0.52,-0.55;0.74,-0.01;0.78,0.28;0.78,0.43;0.79,0.53;0.78,0.64;0.78,0.79;0.79,1.19;0.52,2.72;0.30,1.06;0.29,0.77;0.25,0.65;0.26,0.53;0.28,0.43;-0.13,-0.12;0.06,-0.58
0.49,0.03|0.31,-0.84;0.66,-0.85;0.76,-0.37;0.72,-0.12;0.77,-0.02;0.78,0.09;0.76,0.21;0.75,0.41;0.74,1.22;0.26,1.25;0.23,0.44;0.25,0.20;-0.07,0.15;-0.13,-0.38;0.21,-0.38
0.39,-0.28|0.11,-0.98;0.40,-1.00;0.71,-1.03;0.69,-0.58;0.70,-0.41;0.65,-0.28;0.74,-0.13;0.72,0.05;0.70,0.50;0.17,0.23;0.06,0.04;-0.34,0.01;-0.18,-0.53;0.15,-0.53
0.35,-0.38|-0.67,-0.60;0.00,-0.62;-0.06,-1.01;0.23,-1.03;0.48,-1.01;0.65,-0.82;0.68,-0.59;0.69,-0.44;0.64,-0.32;0.72,-0.13;0.72,0.19;0.65,1.19;0.16,0.53;0.13,-0.06;-0.16,-0.05;-0.97,-0.13
0.02,-0.40|-2.26,-0.50;-0.39,-0.59;-0.16,-0.60;-0.06,-0.61;0.04,-1.03;0.32,-1.04;0.48,-0.82;0.50,-0.58;0.49,-0.38;0.56,-0.15;0.55,0.18;0.58,1.14;0.00,-0.08;-0.17,0.01;-0.36,-0.06;-0.96,-0.04
-0.04,-0.41|-1.09,-0.60;-0.17,-0.60;-0.08,-0.60;0.08,-1.03;0.39,-1.07;0.49,-0.77;0.50,-0.52;0.45,-0.32;0.50,-0.06;0.47,0.33;0.43,1.81;-0.10,-0.05;-0.30,-0.01;-0.53,-0.07;-1.24,-0.15
-0.06,-0.41|-0.97,-0.61;-0.27,-0.56;-0.20,-0.63;-0.10,-0.62;0.08,-1.07;0.40,-1.08;0.49,-0.77;0.49,-0.51;0.43,-0.31;0.49,-0.04;0.47,0.41;-0.14,-0.05;-0.31,-0.05;-0.56,-0.08;-1.53,-0.14
-0.06,-0.41|-0.96,-0.60;-0.24,-0.54;-0.19,-0.62;-0.10,-0.61;0.08,-1.06;0.40,-1.08;0.48,-0.76;0.48,-0.51;0.45,-0.30;0.49,-0.03;0.46,0.39;-0.14,-0.04;-0.32,-0.04;-0.58,-0.08;-1.52,-0.14
-0.07,-0.41|-0.04,-0.09;-0.19,-0.02;-0.35,-0.07;-0.88,0.01;-0.47,-0.54;-0.25,-0.56;-0.18,-0.62;-0.08,-0.59;0.15,-1.07;0.48,-1.05;0.47,-0.68;0.46,-0.45;0.53,-0.22;0.55,0.11;0.53,0.75
-0.05,-0.27|-0.12,0.00;-0.27,0.03;-0.50,0.00;-1.21,-0.10;-1.14,-0.55;-0.41,-0.54;-0.20,-0.53;-0.09,-0.54;0.14,-0.99;0.51,-1.00;0.51,-0.60;0.48,-0.34;0.52,-0.12;0.46,0.12;0.46,0.59
-0.05,-0.26|0.45,0.88;-0.04,0.00;-0.17,0.04;-0.34,0.04;-0.63,-0.01;-0.82,-0.56;-0.29,-0.49;-0.18,-0.55;-0.05,-0.53;0.22,-0.96;0.47,-0.80;0.46,-0.49;0.45,-0.27;0.49,-0.05;0.49,0.26
-0.04,-0.27|-1.10,-0.59;-0.40,-0.56;-0.19,-0.54;-0.07,-0.54;0.18,-1.01;0.54,-0.99;0.52,-0.57;0.46,-0.32;0.51,-0.10;0.46,0.14;0.42,0.60;-0.12,-0.00;-0.29,0.03;-0.51,-0.02;-1.21,-0.15
-0.09,-0.28|0.43,1.88;-0.13,0.01;-0.28,0.04;-0.46,-0.01;-1.13,-0.03;-0.46,-0.51;-0.25,-0.50;-0.15,-0.56;0.03,-0.99;0.36,-1.00;0.46,-0.67;0.49,-0.41;0.48,-0.19;0.47,0.06;0.44,0.46
-0.09,-0.28|0.39,1.87;-0.13,0.00;-0.29,0.05;-0.45,-0.02;-1.14,-0.04;-0.46,-0.52;-0.25,-0.51;-0.15,-0.56;0.04,-1.00;0.38,-1.00;0.46,-0.66;0.49,-0.41;0.47,-0.18;0.48,0.08;0.45,0.48
-0.09,-0.28|0.53,1.86;-0.12,0.02;-0.27,0.05;-0.43,-0.00;-1.11,0.02;-0.47,-0.49;-0.25,-0.48;-0.17,-0.56;-0.00,-0.98;0.34,-1.04;0.45,-0.70;0.47,-0.44;0.47,-0.21;0.47,0.03;0.48,0.44
-0.08,-0.27|0.38,1.90;-0.14,0.02;-0.29,0.05;-0.46,-0.01;-1.12,-0.05;-0.46,-0.51;-0.24,-0.50;-0.14,-0.55;0.05,-0.99;0.41,-1.03;0.48,-0.66;0.49,-0.39;0.47,-0.17;0.47,0.09;0.44,0.49
-0.08,-0.27|0.34,1.90;-0.14,0.00;-0.29,0.05;-0.45,-0.02;-1.12,-0.06;-0.48,-0.54;-0.24,-0.51;-0.14,-0.55;0.06,-0.98;0.41,-0.99;0.50,-0.65;0.49,-0.38;0.49,-0.15;0.44,0.09;0.42,0.50
-0.08,-0.27|0.52,1.87;-0.11,0.00;-0.27,0.07;-0.42,0.00;-1.11,0.03;-0.48,-0.49;-0.28,-0.51;-0.17,-0.56;0.00,-0.97;0.35,-1.04;0.44,-0.68;0.46,-0.42;0.50,-0.20;0.48,0.05;0.49,0.46
-0.08,-0.27|0.44,1.90;-0.13,0.01;-0.27,0.05;-0.44,-0.00;-1.12,-0.01;-0.47,-0.50;-0.24,-0.49;-0.16,-0.57;0.03,-0.97;0.38,-1.02;0.48,-0.68;0.46,-0.40;0.49,-0.18;0.47,0.07;0.46,0.48
-0.08,-0.27|0.41,1.92;-0.13,0.02;-0.27,0.04;-0.45,-0.01;-1.14,-0.03;-0.47,-0.51;-0.25,-0.50;-0.15,-0.55;0.04,-0.97;0.39,-1.01;0.50,-0.68;0.48,-0.39;0.48,-0.17;0.46,0.08;0.44,0.48
-0.08,-0.27|0.41,1.90;-0.13,0.00;-0.28,0.05;-0.44,-0.01;-0.46,-0.50;-0.25,-0.50;-0.15,-0.56;0.04,-0.98;0.38,-1.00;0.47,-0.66;0.48,-0.40;0.49,-0.17;0.47,0.08;0.45,0.49
-0.08,-0.27|0.25,1.93;-0.15,0.00;-0.30,0.03;-0.46,-0.04;-1.15,-0.11;-0.46,-0.54;-0.24,-0.52;-0.13,-0.56;0.09,-0.97;0.44,-0.97;0.51,-0.62;0.49,-0.35;0.47,-0.13;0.43,0.11;0.40,0.53
-0.08,-0.26|0.37,1.93;-0.13,0.01;-0.29,0.05;-0.44,-0.02;-1.13,-0.05;-0.46,-0.52;-0.24,-0.49;-0.14,-0.57;0.05,-0.96;0.41,-1.01;0.48,-0.65;0.49,-0.38;0.47,-0.16;0.45,0.09;0.42,0.48
-0.08,-0.27|0.46,1.90;-0.12,0.00;-0.28,0.07;-0.45,0.01;-1.12,-0.00;-0.45,-0.49;-0.24,-0.48;-0.15,-0.55;0.02,-0.98;0.36,-1.01;0.47,-0.68;0.48,-0.41;0.50,-0.18;0.46,0.06;0.46,0.47
-0.08,-0.27|0.61,1.84;-0.10,0.03;-0.26,0.07;-0.42,0.02;-1.08,0.06;-0.47,-0.46;-0.27,-0.49;-0.18,-0.56;-0.03,-0.98;0.31,-1.04;0.43,-0.71;0.45,-0.44;0.50,-0.22;0.48,0.02;0.50,0.42
-0.08,-0.27|0.45,1.91;-0.12,0.01;-0.28,0.05;-0.45,0.00;-1.12,-0.01;-0.46,-0.49;-0.25,-0.50;-0.16,-0.58;0.37,-1.02;0.47,-0.67;0.46,-0.40;0.48,-0.18;0.46,0.06;0.45,0.46
-0.08,-0.27|0.38,1.92;-0.13,0.01;-0.29,0.06;-0.46,-0.01;-1.12,-0.05;-0.46,-0.51;-0.25,-0.51;-0.14,-0.56;0.05,-0.97;0.39,-0.98;0.48,-0.65;0.46,-0.38;0.48,-0.16;0.45,0.08;0.44,0.49
-0.08,-0.27|0.48,1.89;-0.12,0.02;-0.28,0.06;-0.44,0.00;-1.13,0.01;-0.46,-0.49;-0.25,-0.49;-0.16,-0.56;0.02,-0.99;0.36,-1.02;0.45,-0.67;0.46,-0.41;0.49,-0.19;0.47,0.06;0.47,0.47
-0.08,-0.27|0.46,1.89;-0.12,0.01;-0.27,0.05;-0.43,-0.01;-1.13,-0.00;-0.48,-0.50;-0.26,-0.50;-0.16,-0.56;0.02,-0.98;0.38,-1.04;0.47,-0.68;0.48,-0.41;0.49,-0.18;0.47,0.06;0.46,0.46
-0.08,-0.26|0.38,1.89;-0.13,0.02;-0.29,0.05;-0.45,-0.01;-1.13,-0.04;-0.47,-0.51;-0.24,-0.49;-0.14,-0.56;0.05,-0.97;0.40,-1.00;0.49,-0.66;0.47,-0.38;0.47,-0.16;0.45,0.08;0.43,0.48
-0.08,-0.27|0.42,1.90;-0.13,0.00;-0.28,0.05;-0.44,-0.01;-0.46,-0.50;-0.24,-0.49;-0.15,-0.56;0.04,-0.98;0.39,-1.03;0.47,-0.66;0.45,-0.39;0.49,-0.17;0.46,0.07;0.44,0.46
-0.08,-0.27|0.40,1.89;-0.13,0.01;-0.28,0.05;-0.45,-0.01;-1.13,-0.03;-0.46,-0.51;-0.25,-0.51;-0.15,-0.57;0.04,-0.98;0.39,-1.01;0.48,-0.66;0.47,-0.39;0.46,-0.17;0.45,0.07;0.45,0.49
-0.08,-0.27|0.45,1.90;-0.12,0.01;-0.28,0.06;-0.44,-0.00;-1.12,-0.01;-0.46,-0.49;-0.25,-0.49;-0.15,-0.56;0.03,-0.98;0.36,-1.00;0.46,-0.67;0.49,-0.41;0.49,-0.18;0.46,0.06;0.47,0.49
-0.08,-0.26|0.36,1.93;-0.14,0.01;-0.28,0.03;-0.45,-0.02;-1.14,-0.05;-0.45,-0.51;-0.24,-0.51;-0.14,-0.56;0.05,-0.96;0.41,-1.00;0.47,-0.63;0.47,-0.38;0.46,-0.16;0.45,0.09;0.42,0.49
-0.08,-0.26|0.41,1.89;-0.13,0.02;-0.29,0.06;-0.44,-0.01;-1.13,-0.03;-0.47,-0.51;-0.24,-0.49;-0.15,-0.58;0.39,-1.01;0.48,-0.66;0.47,-0.39;0.48,-0.17;0.46,0.07;0.46,0.50
-0.08,-0.27|0.42,1.88;-0.13,0.02;-0.28,0.05;-0.44,-0.01;-1.11,-0.02;-0.48,-0.51;-0.24,-0.49;-0.15,-0.57;0.03,-0.97;0.37,-1.00;0.46,-0.66;0.47,-0.40;0.48,-0.17;0.47,0.08;0.45,0.47
-0.08,-0.27|0.49,1.88;-0.12,0.01;-0.28,0.07;-0.44,0.01;-1.14,0.01;-0.47,-0.49;-0.26,-0.50;-0.16,-0.56;0.02,-0.99;0.36,-1.03;0.46,-0.68;0.48,-0.41;0.51,-0.19;0.48,0.06;0.48,0.47
-0.08,-0.27|0.35,1.92;-0.14,0.02;-0.29,0.04;-0.44,-0.03;-1.14,-0.06;-0.46,-0.52;-0.24,-0.51;-0.14,-0.56;0.06,-0.98;0.41,-0.99;0.47,-0.64;0.48,-0.38;0.47,-0.15;0.45,0.09;0.43,0.51
-0.08,-0.27|0.38,1.91;-0.13,0.02;-0.28,0.04;-0.44,-0.02;-1.13,-0.04;-0.45,-0.51;-0.25,-0.51;-0.14,-0.56;0.05,-0.98;0.39,-0.99;0.50,-0.67;0.48,-0.38;0.49,-0.16;0.45,0.08;0.44,0.49
-0.08,-0.27|0.44,1.89;-0.13,0.02;-0.26,0.03;-0.44,-0.01;-1.14,-0.01;-0.48,-0.51;-0.24,-0.49;-0.15,-0.55;0.03,-0.99;0.38,-1.02;0.47,-0.67;0.48,-0.40;0.49,-0.18;0.47,0.07;0.46,0.48
-0.08,-0.27|0.41,1.91;-0.13,0.00;-0.29,0.07;-0.45,-0.01;-1.12,-0.03;-0.46,-0.50;-0.24,-0.50;-0.15,-0.55;0.04,-0.98;0.38,-1.01;0.48,-0.66;0.46,-0.39;0.47,-0.17;0.45,0.49
-0.08,-0.27|0.51,1.88;-0.12,0.03;-0.27,0.06;-0.44,0.01;-1.11,0.01;-0.47,-0.49;-0.26,-0.49;-0.17,-0.57;0.01,-1.00;0.35,-1.03;0.46,-0.69;0.48,-0.42;0.49,-0.19;0.47,0.05;0.48,0.46
-0.08,-0.27|0.46,1.89;-0.12,0.02;-0.27,0.04;-0.43,-0.01;-1.12,-0.01;-0.46,-0.49;-0.26,-0.50;-0.15,-0.55;0.02,-0.99;0.37,-1.02;0.46,-0.67;0.48,-0.41;0.49,-0.18;0.46,0.06;0.48,0.49
-0.08,-0.27|0.49,1.88;-0.27,0.05;-0.42,-0.01;-1.11,0.01;-0.49,-0.50;-0.25,-0.48;-0.15,-0.53;0.01,-0.99;0.36,-1.03;0.47,-0.69;0.47,-0.41;0.48,-0.19;0.47,0.05;0.48,0.46
-0.08,-0.25|0.44,1.89;-0.12,0.02;-0.27,0.07;-0.41,-0.00;-1.11,0.00;-0.47,-0.49;-0.25,-0.48;-0.15,-0.55;0.03,-0.96;0.38,-1.01;0.48,-0.65;0.47,-0.38;0.49,-0.16;0.45,0.07;0.47,0.50
-0.08,-0.25|0.31,1.91;-0.13,0.00;-0.28,0.05;-0.43,-0.02;-1.14,-0.06;-0.47,-0.52;-0.24,-0.50;-0.14,-0.57;0.08,-0.99;0.43,-0.98;0.51,-0.63;0.48,-0.35;0.49,-0.13;0.45,0.12;0.42,0.52
-0.08,-0.25|0.45,1.91;-0.12,0.01;-0.27,0.06;-0.40,-0.01;-1.11,0.01;-0.49,-0.50;-0.26,-0.49;-0.15,-0.55;0.03,-0.98;0.39,-1.02;0.48,-0.66;0.47,-0.38;0.48,-0.16;0.47,0.08;0.47,0.50
-0.08,-0.25|0.56,1.87;-0.11,0.03;-0.25,0.07;-0.41,0.03;-1.08,0.06;-0.49,-0.47;-0.26,-0.48;-0.17,-0.54;-0.01,-0.98;0.35,-1.04;0.45,-0.68;0.46,-0.41;0.49,-0.19;0.48,0.05;0.50,0.46
-0.08,-0.25|0.48,1.88;-0.12,0.03;-0.27,0.07;-0.41,0.00;-1.11,0.02;-0.47,-0.48;-0.26,-0.48;-0.16,-0.55;0.02,-0.98;0.37,-1.01;0.47,-0.67;0.46,-0.39;0.49,-0.17;0.47,0.07;0.46,0.46
-0.08,-0.25|0.46,1.89;-0.12,0.02;-0.26,0.06;-0.42,0.00;-1.11,0.01;-0.48,-0.49;-0.26,-0.49;-0.15,-0.55;0.03,-1.00;0.37,-1.00;0.48,-0.66;0.45,-0.38;0.50,-0.16;0.46,0.08;0.46,0.48
-0.08,-0.25|0.51,1.88;-0.11,0.03;-0.26,0.07;-0.41,0.01;-1.10,0.04;-0.48,-0.47;-0.27,-0.49;-0.16,-0.55;0.01,-0.98;0.36,-1.03;0.47,-0.40;0.49,-0.18;0.48,0.07;0.49,0.48
-0.08,-0.25|0.48,1.90;-0.12,0.03;-0.26,0.07;-0.42,0.01;-1.09,0.02;-0.49,-0.49;-0.24,-0.46;-0.15,-0.54;0.02,-0.98;0.37,-1.02;0.47,-0.66;0.49,-0.39;0.49,-0.17;0.48,0.08;0.48,0.49
-0.08,-0.25|0.29,1.92;-0.15,0.05;-0.29,0.05;-0.43,-0.02;-1.12,-0.07;-0.44,-0.51;-0.24,-0.50;-0.13,-0.55;0.09,-0.98;0.43,-0.97;0.51,-0.62;0.48,-0.34;0.49,-0.12;0.43,0.12;0.41,0.52
-0.08,-0.24|0.46,1.86;-0.11,0.01;-0.26,0.07;-0.40,0.01;-1.08,0.02;-2.04,-0.52;-0.49,-0.48;-0.25,-0.47;-0.16,-0.56;0.03,-0.96;0.37,-0.99;0.46,-0.63;0.48,-0.38;0.50,-0.15;0.46,0.08;0.47,0.49
-0.08,-0.24|0.46,1.87;-0.11,-0.00;-0.24,0.04;-0.41,0.01;-1.08,0.02;-2.04,-0.52;-0.50,-0.49;-0.27,-0.49;-0.15,-0.55;0.03,-0.96;0.38,-1.00;0.48,-0.65;0.47,-0.38;0.49,-0.15;0.46,0.08;0.46,0.48
-0.08,-0.24|0.46,1.87;-0.11,0.02;-0.26,0.08;-0.41,0.01;-1.08,0.02;-2.04,-0.52;-0.50,-0.49;-0.25,-0.47;-0.16,-0.56;0.03,-0.99;0.37,-0.99;0.47,-0.65;0.47,-0.38;0.48,-0.16;0.47,0.09;0.46,0.48
-0.08,-0.24|0.35,1.88;-0.13,0.03;-0.28,0.07;-0.40,-0.02;-1.07,-0.04;-2.03,-0.62;-0.49,-0.51;-0.24,-0.49;-0.14,-0.54;0.07,-0.97;0.42,-0.98;0.50,-0.62;0.48,-0.35;0.49,-0.13;0.45,0.11;0.43,0.51
-0.08,-0.24|0.42,1.88;-0.12,0.03;-0.26,0.05;-0.40,-0.00;-1.07,-0.00;-2.05,-0.56;-0.49,-0.49;-0.25,-0.48;-0.14,-0.53;0.05,-0.99;0.39,-0.99;0.48,-0.64;0.48,-0.37;0.50,-0.14;0.46,0.10;0.45,0.50
-0.07,-0.24|-0.18,-0.56;-0.05,-0.52;0.27,-0.93;0.46,-0.71;0.47,-0.42;0.42,-0.21;0.47,0.02;0.42,0.31;0.44,1.23;-0.08,0.02;-0.22,0.07;-0.35,0.01;-0.70,-0.02;-0.77,-0.58;-0.28,-0.48
-0.08,-0.24|0.53,1.87;-0.10,0.01;-0.25,0.08;-0.39,0.02;-1.08,0.05;-0.26,-0.46;-0.16,-0.53;0.01,-0.96;0.36,-1.02;0.46,-0.67;0.46,-0.39;0.51,-0.17;0.48,0.07;0.51,0.50
-0.08,-0.24|0.40,1.90;-0.12,0.03;-0.27,0.07;-0.42,0.00;-1.12,-0.01;-0.49,-0.50;-0.25,-0.49;-0.15,-0.55;0.05,-0.96;0.41,-1.01;0.49,-0.63;0.47,-0.36;0.48,-0.14;0.48,0.12;0.44,0.50
-0.08,-0.24|0.57,1.87;-0.10,0.02;-0.24,0.07;-0.39,0.02;-1.08,0.07;-0.51,-0.47;-0.25,-0.45;-0.17,-0.54;-0.01,-0.96;0.34,-1.02;0.46,-0.68;0.44,-0.40;0.49,-0.18;0.49,0.06;0.51,0.47
-0.08,-0.24|0.51,1.89;-0.11,0.03;-0.25,0.07;-0.40,0.02;-1.09,0.04;-0.49,-0.47;-0.26,-0.47;-0.16,-0.53;0.02,-0.98;0.37,-1.02;0.46,-0.65;0.46,-0.38;0.50,-0.16;0.48,0.08;0.48,0.47
-0.08,-0.24|0.42,1.91;-0.12,0.01;-0.27,0.07;-0.41,-0.00;-1.10,-0.00;-0.46,-0.48;-0.25,-0.48;-0.14,-0.52;0.05,-0.97;0.41,-1.02;0.49,-0.64;0.47,-0.36;0.49,-0.14;0.45,0.10;0.45,0.51
-0.08,-0.24|0.54,1.86;-0.10,0.01;-0.24,0.07;-0.38,0.01;-1.10,0.06;-0.50,-0.47;-0.26,-0.47;-0.16,-0.53;0.00,-0.96;0.35,-1.01;0.46,-0.67;0.46,-0.39;0.50,-0.17;0.48,0.07;0.48,0.45
-0.08,-0.24|0.47,1.89;-0.11,0.02;-0.27,0.08;-0.41,0.01;-1.10,0.02;-0.50,-0.49;-0.26,-0.48;-0.15,-0.53;0.03,-0.98;0.38,-1.01;0.48,-0.65;0.47,-0.38;0.51,-0.15;0.48,0.09;0.46,0.49
-0.08,-0.24|0.52,1.90;-0.11,0.02;-0.25,0.08;-0.40,0.02;-1.10,0.05;-0.48,-0.47;-0.26,-0.48;-0.16,-0.55;0.01,-0.98;0.37,-1.03;0.48,-0.67;0.48,-0.39;0.51,-0.17;0.47,0.07;0.49,0.48
-0.08,-0.24|0.53,1.90;-0.11,0.02;-0.26,0.09;-0.40,0.02;-1.10,0.05;-0.49,-0.47;-0.26,-0.47;-0.16,-0.54;0.01,-0.98;0.36,-1.02;0.48,-0.68;0.48,-0.39;0.49,-0.17;0.46,0.06;0.48,0.47
-0.08,-0.24|0.30,1.92;-0.14,0.04;-0.28,0.05;-0.41,-0.02;-1.11,-0.05;-0.47,-0.51;-0.24,-0.50;-0.13,-0.56;0.08,-0.95;0.45,-0.99;0.51,-0.61;0.47,-0.33;0.49,-0.11;0.45,0.13;0.41,0.53
-0.08,-0.24|0.54,1.86;-0.10,0.02;-0.25,0.09;-0.40,0.02;-1.07,0.05;-0.49,-0.47;-0.28,-0.49;-0.16,-0.53;0.00,-0.97;0.35,-1.02;0.46,-0.67;0.46,-0.39;0.51,-0.17;0.48,0.07;0.49,0.47
-0.08,-0.24|0.50,1.89;-0.11,0.05;-0.26,0.09;-0.41,0.02;-1.07,0.03;-0.49,-0.47;-0.25,-0.47;-0.16,-0.55;0.02,-0.97;0.38,-1.03;0.49,-0.68;0.46,-0.38;0.49,-0.16;0.47,0.08;0.48,0.48
-0.08,-0.24|0.61,1.87;-0.10,0.03;-0.23,0.06;-0.39,0.03;-1.07,0.09;-0.51,-0.46;-0.27,-0.47;-0.17,-0.53;-0.02,-0.98;0.33,-1.03;0.46,-0.69;0.45,-0.41;0.52,-0.19;0.49,0.05;0.52,0.46
-0.08,-0.24|0.56,1.86;-0.10,0.02;-0.25,0.08;-0.39,0.02;-1.07,0.07;-0.50,-0.46;-0.26,-0.46;-0.17,-0.54;-0.00,-0.98;0.35,-1.04;0.44,-0.66;0.47,-0.40;0.50,-0.18;0.47,0.05;0.51,0.47
-0.08,-0.24|0.52,1.88;-0.11,0.02;-0.25,0.07;-0.41,0.03;-1.09,0.05;-0.50,-0.47;-0.26,-0.47;-0.16,-0.54;0.01,-0.97;0.37,-1.03;0.46,-0.66;0.46,-0.39;0.51,-0.17;0.47,0.07;0.47,0.46
-0.08,-0.24|0.32,1.93;-0.13,0.01;-0.29,0.07;-0.42,-0.01;-1.11,-0.05;-0.47,-0.51;-0.23,-0.48;-0.14,-0.57;0.08,-0.97;0.43,-0.97;0.51,-0.61;0.47,-0.34;0.50,-0.11;0.44,0.12;0.42,0.53
-0.08,-0.24|0.46,1.90;-0.12,0.03;-0.27,0.09;-0.41,0.01;-1.10,0.02;-0.49,-0.49;-0.25,-0.47;-0.15,-0.54;0.03,-0.97;0.39,-1.01;0.48,-0.65;0.48,-0.38;0.51,-0.15;0.47,0.09;0.46,0.49
-0.08,-0.24|0.54,1.89;-0.25,0.08;-0.39,0.02;-1.09,0.06;-0.50,-0.47;-0.26,-0.47;-0.16,-0.53;0.00,-0.97;0.36,-1.03;0.47,-0.67;0.47,-0.39;0.51,-0.17;0.48,0.07;0.50,0.48
-0.07,-0.22|0.39,1.93;-0.12,0.02;-0.27,0.09;-0.40,0.01;-1.08,-0.00;-0.49,-0.49;-0.25,-0.47;-0.14,-0.52;0.06,-0.94;0.43,-1.00;0.49,-0.61;0.46,-0.33;0.51,-0.11;0.46,0.13;0.45,0.53
-0.07,-0.22|0.42,1.92;-0.12,0.05;-0.27,0.09;-0.39,0.01;-1.08,0.01;-0.48,-0.47;-0.25,-0.46;-0.14,-0.52;0.05,-0.94;0.41,-0.98;0.49,-0.62;0.48,-0.34;0.50,-0.12;0.48,0.12;0.45,0.51
-0.07,-0.22|0.42,1.91;-0.11,0.02;-0.26,0.08;-0.40,0.01;-1.09,0.02;-0.48,-0.47;-0.25,-0.46;-0.14,-0.53;0.05,-0.95;0.41,-1.00;0.51,-0.63;0.45,-0.34;0.51,-0.12;0.45,0.11;0.46,0.52
-0.07,-0.22|0.53,1.90;-0.10,0.04;-0.24,0.09;-0.38,0.03;-1.06,0.06;-0.51,-0.46;-0.26,-0.46;-0.16,-0.52;0.02,-0.97;0.37,-1.01;0.47,-0.64;0.44,-0.36;0.50,-0.15;0.48,0.09;0.50,0.51
-0.07,-0.22|0.50,1.91;-0.10,0.02;-0.25,0.09;-0.37,0.01;-1.07,0.05;-0.49,-0.46;-0.16,-0.54;0.03,-0.97;0.39,-1.01;0.48,-0.64;0.46,-0.36;0.51,-0.14;0.49,0.10;0.48,0.50
-0.07,-0.22|0.61,1.88;-0.09,0.04;-0.23,0.09;-0.37,0.03;-1.07,0.11;-0.51,-0.44;-0.27,-0.45;-0.17,-0.51;-0.01,-0.95;0.34,-1.03;0.45,-0.66;0.46,-0.39;0.53,-0.17;0.50,0.07;0.52,0.47
-0.07,-0.22|0.46,1.91;-0.11,0.03;-0.25,0.07;-0.38,0.01;-1.07,0.03;-0.51,-0.48;-0.26,-0.47;0.04,-0.95;0.39,-0.98;0.48,-0.63;0.48,-0.36;0.52,-0.13;0.46,0.10;0.46,0.50
-0.07,-0.22|0.39,1.92;-0.12,0.04;-0.26,0.08;-0.41,0.02;-1.08,-0.00;-0.48,-0.48;-0.25,-0.47;-0.14,-0.53;0.06,-0.96;0.42,-0.98;0.50,-0.61;0.47,-0.33;0.50,-0.11;0.43,0.11;0.44,0.52
-0.07,-0.22|0.42,1.93;-0.11,0.02;-0.26,0.08;-0.41,0.02;-1.07,0.01;-0.50,-0.48;-0.26,-0.48;-0.14,-0.52;0.05,-0.95;0.42,-1.00;0.49,-0.62;0.47,-0.34;0.53,-0.12;0.48,0.12;0.45,0.51
-0.07,-0.22|0.52,1.90;-0.10,0.04;-0.25,0.09;-0.38,0.02;-1.08,0.06;-0.51,-0.46;-0.26,-0.45;-0.16,-0.54;0.02,-0.96;0.38,-1.02;0.49,-0.66;0.47,-0.37;0.52,-0.14;0.47,0.09;0.48,0.49
-0.07,-0.22|0.43,1.92;-0.11,0.03;-0.26,0.08;-0.39,0.01;-1.10,0.02;-0.50,-0.48;-0.26,-0.48;-0.15,-0.54;0.05,-0.96;0.41,-0.99;0.48,-0.61;0.46,-0.34;0.51,-0.12;0.46,0.11;0.45,0.51
-0.07,-0.22|0.51,1.90;-0.10,0.04;-0.25,0.09;-0.38,0.02;-1.07,0.06;-0.50,-0.46;-0.25,-0.45;-0.16,-0.53;0.02,-0.96;0.38,-1.02;0.47,-0.64;0.48,-0.37;0.52,-0.14;0.46,0.09;0.47,0.48
-0.07,-0.22|0.34,1.93;-0.12,0.02;-0.27,0.08;-0.40,-0.00;-1.10,-0.02;-0.49,-0.50;-0.23,-0.46;-0.13,-0.54;0.08,-0.95;0.45,-0.99;0.51,-0.60;0.46,-0.32;0.49,-0.10;0.45,0.14;0.43,0.54
-0.07,-0.22|0.46,1.92;-0.11,0.02;-0.24,0.07;-0.40,0.03;-1.07,0.03;-0.50,-0.48;-0.26,-0.47;-0.15,-0.53;0.04,-0.95;0.40,-1.00;0.48,-0.63;0.46,-0.35;0.50,-0.13;0.47,0.11;0.46,0.50
-0.07,-0.22|0.57,1.89;-0.10,0.03;-0.23,0.09;-0.37,0.03;-1.07,0.09;-0.53,-0.46;-0.26,-0.44;-0.17,-0.54;0.00,-0.97;0.36,-1.02;0.47,-0.66;0.46,-0.38;0.50,-0.16;0.48,0.08;0.50,0.48
-0.07,-0.22|0.42,1.93;-0.11,0.03;-0.25,0.07;-0.40,0.02;-1.09,0.02;-0.48,-0.47;-0.25,-0.47;-0.14,-0.54;0.05,-0.95;0.40,-0.97;0.50,-0.63;0.45,-0.34;0.51,-0.12;0.46,0.12;0.46,0.53
-0.07,-0.22|0.48,1.90;-0.11,0.05;-0.25,0.08;-0.38,0.01;-1.06,0.04;-0.51,-0.48;-0.26,-0.46;-0.15,-0.53;0.03,-0.95;0.39,-1.00;0.48,-0.63;0.45,-0.35;0.50,-0.14;0.48,0.11;0.47,0.50
-0.07,-0.22|0.45,1.89;-0.11,0.03;-0.26,0.09;-0.39,0.02;-1.06,0.03;-0.49,-0.47;-0.25,-0.46;-0.15,-0.53;0.04,-0.97;0.39,-0.99;0.48,-0.63;0.47,-0.35;0.48,-0.13;0.47,0.11;0.47,0.51
-0.07,-0.22|0.46,1.91;-0.11,0.04;-0.25,0.09;-0.41,0.03;-1.09,0.03;-0.48,-0.47;-0.24,-0.45;-0.15,-0.54;0.04,-0.96;0.41,-1.01;0.48,-0.62;0.47,-0.35;0.50,-0.13;0.45,0.10;0.46,0.50
-0.07,-0.22|0.55,1.88;-0.10,0.03;-0.24,0.09;-0.39,0.04;-1.06,0.08;-0.52,-0.46;-0.26,-0.45;-0.16,-0.52;0.01,-0.97;0.35,-1.00;0.47,-0.66;0.46,-0.37;0.51,-0.16;0.50,0.09;0.50,0.48
-0.07,-0.22|0.45,1.91;-0.11,0.03;-0.25,0.08;-0.38,0.01;-1.09,0.03;-0.50,-0.48;-0.24,-0.45;-0.15,-0.53;0.05,-0.97;0.41,-1.01;0.49,-0.63;0.46,-0.35;0.51,-0.13;0.46,0.11;0.46,0.50
-0.07,-0.22|0.42,1.92;-0.11,0.04;-0.26,0.08;-0.40,0.02;-1.11,0.02;-0.49,-0.48;-0.25,-0.46;-0.14,-0.52;0.05,-0.96;0.41,-0.99;0.49,-0.62;0.47,-0.34;0.50,-0.12;0.46,0.11;0.45,0.52
-0.07,-0.22|0.52,1.91;-0.10,0.04;-0.25,0.10;-0.38,0.02;-1.06,0.05;-0.49,-0.46;-0.24,-0.44;-0.16,-0.53;0.02,-0.97;0.39,-1.02;0.47,-0.64;0.47,-0.37;0.52,-0.14;0.47,0.09;0.48,0.49
-0.07,-0.22|0.51,1.89;-0.10,0.04;-0.24,0.07;-0.40,0.04;-1.07,0.06;-0.50,-0.46;-0.26,-0.46;-0.16,-0.54;0.02,-0.97;0.38,-1.02;0.46,-0.63;0.46,-0.36;0.52,-0.14;0.48,0.10;0.48,0.49
-0.07,-0.22|0.58,1.87;-0.09,0.02;-0.23,0.09;-0.37,0.03;-1.05,0.09;-0.52,-0.45;-0.26,-0.44;-0.17,-0.52;-0.00,-0.96;0.35,-1.02;0.45,-0.65;0.45,-0.38;0.52,-0.16;0.47,0.07;0.51,0.48
-0.07,-0.22|0.42,1.93;-0.11,0.03;-0.28,0.11;-0.40,0.01;-1.10,0.02;-0.50,-0.49;-0.25,-0.47;-0.14,-0.53;0.06,-0.96;0.41,-0.99;0.48,-0.61;0.51,-0.12;0.45,0.11;0.46,0.53
-0.07,-0.22|0.45,1.92;-0.11,0.04;-0.26,0.09;-0.40,0.02;-1.06,0.02;-0.49,-0.47;-0.25,-0.46;-0.15,-0.53;0.05,-0.98;0.40,-0.99;0.48,-0.62;0.47,-0.35;0.52,-0.13;0.46,0.11;0.46,0.52
-0.07,-0.22|0.48,1.89;-0.11,0.04;-0.25,0.09;-0.39,0.02;-1.09,0.05;-0.49,-0.46;-0.25,-0.45;-0.15,-0.52;0.03,-0.97;0.39,-1.00;0.46,-0.62;0.46,-0.35;0.50,-0.14;0.49,0.11;0.48,0.51
-0.07,-0.22|0.59,1.89;-0.09,0.03;-0.24,0.10;-0.38,0.04;-1.06,0.09;-0.50,-0.44;-0.26,-0.45;-0.17,-0.54;-0.01,-0.95;0.35,-1.03;0.45,-0.65;0.47,-0.39;0.52,-0.16;0.49,0.07;0.52,0.49
-0.07,-0.22|0.46,1.91;-0.11,0.03;-0.26,0.09;-0.39,0.01;-1.10,0.04;-0.49,-0.47;-0.25,-0.46;-0.15,-0.52;0.04,-0.95;0.40,-0.99;0.49,-0.63;0.45,-0.35;0.50,-0.13;0.46,0.10;0.46,0.50
-0.07,-0.22|0.54,1.86;-0.10,0.03;-0.25,0.11;-0.40,0.04;-1.07,0.07;-0.50,-0.45;-0.27,-0.46;-0.15,-0.50;0.01,-0.97;0.36,-1.01;0.46,-0.64;0.46,-0.37;0.53,-0.15;0.47,0.08;0.50,0.49
-0.07,-0.22|-0.85,-0.54;-0.36,-0.52;-0.20,-0.53;-0.07,-0.50;0.22,-0.93;0.46,-0.76;0.46,-0.45;0.45,-0.23;0.48,-0.00;0.47,0.30;0.48,1.06;-0.06,0.01;-0.18,0.06;-0.33,0.04;-0.60,0.00
-0.10,-0.23|0.47,-0.04;0.46,0.26;0.52,1.03;-0.09,0.02;-0.21,0.08;-0.35,0.05;-0.62,0.02;-0.89,-0.50;-0.42,-0.51;-0.25,-0.53;-0.12,-0.51;0.14,-0.96;0.44,-0.85;0.44,-0.50;0.41,-0.27
0.21,-0.17|0.63,-0.04;0.61,0.17;0.63,0.65;0.07,0.26;0.01,0.07;-0.21,0.05;-1.62,-0.02;-0.75,-0.48;-0.11,-0.44;0.05,-0.49;0.15,-0.94;0.46,-0.94;0.61,-0.64;0.63,-0.39;0.58,-0.20
0.47,-0.05|0.27,0.45;0.24,0.18;-0.02,0.15;-0.28,-0.36;0.08,-0.44;0.13,-0.86;0.47,-0.85;0.71,-0.63;0.73,-0.32;0.71,-0.16;0.78,-0.06;0.77,0.07;0.77,0.23;0.76,0.62
0.44,0.04|0.18,0.96;0.18,0.37;0.23,0.16;-0.31,0.12;-1.21,-0.44;-0.11,-0.40;0.20,-0.40;0.34,-0.83;0.70,-0.87;0.74,-0.33;0.69,-0.10;0.75,0.00;0.75,0.12;0.71,0.25;0.68,0.47;0.66,1.97
0.42,0.08|0.18,0.74;0.16,0.37;0.22,0.17;-0.84,0.14;-0.85,-0.38;-0.01,-0.32;0.01,-0.80;0.38,-0.85;0.76,-0.84;0.73,-0.26;0.70,-0.05;0.74,0.07;0.73,0.20;0.75,0.38;0.68,0.64
0.40,0.12|0.23,0.77;0.18,0.42;0.21,0.23;-0.33,0.22;-1.21,-0.30;-0.18,-0.32;0.14,-0.34;0.27,-0.81;0.65,-0.84;0.70,-0.27;0.68,-0.04;0.73,0.07;0.76,0.38;0.72,0.66
0.39,0.17|0.68,-0.81;0.69,-0.21;0.71,-0.01;0.72,0.13;0.68,0.25;0.74,0.45;0.69,0.71;0.20,0.81;0.17,0.44;0.20,0.27;-0.14,0.22;-1.23,-0.31;-0.20,-0.31;0.12,-0.33;0.29,-0.78
0.36,-0.17|0.18,-0.92;0.48,-0.92;0.66,-0.65;0.69,-0.41;0.65,-0.24;0.73,-0.11;0.69,0.04;0.69,0.30;0.69,1.25;0.22,0.68;0.18,0.11;-0.04,0.11;-0.76,0.08;-1.32,-0.45;-0.06,-0.43;0.13,-0.50
0.30,-0.38|-0.32,-0.51;-0.02,-0.60;-0.11,-1.00;0.18,-1.04;0.44,-1.06;0.60,-0.83;0.64,-0.60;0.64,-0.44;0.64,-0.31;0.70,-0.11;0.68,0.19;0.18,0.22;0.05,-0.01;-0.26,-0.01;-1.96,0.05
0.11,-0.42|-1.39,-0.63;-0.16,-0.58;-0.05,-0.63;-0.07,-1.11;0.20,-1.07;0.51,-1.10;0.55,-0.75;0.57,-0.53;0.51,-0.36;0.59,-0.13;0.55,0.17;0.51,1.15;0.06,-0.06;-0.13,-0.02;-0.31,-0.10;-1.06,-0.11
0.08,-0.42|-0.79,-0.58;-0.18,-0.59;-0.07,-0.63;-0.06,-1.07;0.20,-1.09;0.53,-1.11;0.54,-0.74;0.54,-0.52;0.52,-0.34;0.58,-0.10;0.52,0.23;0.01,-0.08;-0.18,-0.02;-0.47,-0.04;-1.64,-0.06
0.06,-0.43|-0.46,-0.58;-0.17,-0.61;-0.05,-0.63;-0.01,-1.05;0.25,-1.07;0.57,-1.06;0.56,-0.70;0.54,-0.48;0.51,-0.30;0.55,-0.04;0.52,0.39;-0.04,-0.07;-0.24,-0.04;-0.52,-0.10
0.06,-0.43|-0.48,-0.57;-0.17,-0.60;-0.05,-0.62;-0.02,-1.06;0.23,-1.05;0.56,-1.08;0.55,-0.71;0.55,-0.49;0.53,-0.30;0.54,-0.07;-0.03,-0.08;-0.22,-0.04;-0.53,-0.08
0.06,-0.42|0.05,0.25;-0.11,-0.03;-0.29,-0.08;-0.89,-0.04;-0.37,-0.60;-0.15,-0.63;-0.02,-0.61;0.06,-1.06;0.33,-1.06;0.49,-0.85;0.51,-0.61;0.50,-0.42;0.56,-0.21;0.59,0.12;0.58,0.87
0.05,-0.33|-0.48,-0.48;-0.20,-0.52;-0.09,-0.58;-0.03,-1.00;0.24,-1.01;0.44,-0.83;0.49,-0.58;0.50,-0.38;0.57,-0.18;0.61,0.12;0.62,0.69;-0.04,-0.01;-0.23,0.02;-0.57,0.02
0.02,-0.35|-0.36,-0.57;-0.16,-0.59;-0.04,-0.58;0.12,-1.04;0.45,-1.08;0.50,-0.71;0.52,-0.48;0.51,-0.28;0.52,-0.05;0.50,0.29;0.57,1.78;-0.03,-0.04;-0.20,0.02;-0.37,-0.05;-1.10,-0.06;-1.43,-0.55
-0.00,-0.35|-0.01,-0.04;-0.16,-0.01;-0.33,-0.05;-0.44,-0.55;-0.20,-0.57;-0.10,-0.60;0.02,-1.01;0.29,-0.99;0.48,-0.80;0.48,-0.53;0.46,-0.34;0.53,-0.11;0.52,0.21;0.47,0.90
0.00,-0.27|0.52,1.16;-0.01,-0.01;-0.13,0.02;-0.31,0.01;-0.67,-0.03;-0.50,-0.51;-0.21,-0.50;-0.10,-0.57;0.04,-0.97;0.33,-0.96;0.48,-0.71;0.51,-0.46;0.46,-0.25;0.51,-0.03;0.49,0.27
0.01,-0.28|-0.83,-0.53;-0.23,-0.47;-0.15,-0.57;-0.07,-0.99;0.21,-0.98;0.50,-0.89;0.48,-0.54;0.46,-0.33;0.55,-0.12;0.57,0.17;0.55,0.71;-0.08,0.01;-0.26,0.04;-0.54,0.02
-0.24,-0.16|-0.90,-0.52;-0.50,-0.48;-0.33,-0.47;-0.20,-0.49;0.16,-0.90;0.37,-0.66;0.40,-0.35;0.42,-0.09;0.36,0.17;0.36,0.58;-0.18,0.05;-0.27,0.10;-0.37,0.08;-0.47,0.03;-0.99,0.06;-2.59,-0.41
-0.29,-0.20|-2.37,-0.45;-0.88,-0.54;-0.52,-0.50;-0.36,-0.47;-0.25,-0.52;0.12,-0.92;0.34,-0.69;0.37,-0.38;0.41,-0.11;0.39,0.19;0.40,0.68;-0.22,0.04;-0.32,0.08;-0.42,0.04;-0.61,0.05;-1.19,0.05
-0.84,-0.22|-2.91,-0.18;-1.48,-0.47;-1.17,-0.54;-0.95,-0.47;-0.85,-0.50;-0.73,-0.49;-0.52,-0.55;0.07,-0.61;0.09,-0.23;0.16,0.18;-0.56,0.06;-0.74,0.01;-0.84,0.02;-0.94,0.03;-1.07,0.02;-1.45,0.05
-1.37,-0.24|-3.14,-0.43;-2.02,-0.60;-1.59,-0.52;-1.46,-0.54;-1.33,-0.57;-1.24,-0.47;-1.03,-0.50;-0.15,-0.59;-0.16,-0.10;-0.82,0.07;-1.16,0.03;-1.31,-0.02;-1.40,0.03;-1.52,0.04;-1.66,-0.00;-1.88,-0.09
-1.79,-0.25|-3.41,-0.29;-3.69,-1.09;-2.04,-0.51;-1.91,-0.55;-1.79,-0.53;-1.65,-0.58;-1.51,-0.53;-1.18,-0.49;-0.42,-0.22;-1.05,0.08;-1.56,-0.00;-1.68,0.03;-1.80,0.01;-1.92,0.02;-2.01,-0.04;-2.33,-0.05
-2.24,-0.25|-3.64,-0.22;-4.23,-1.02;-2.54,-0.54;-2.37,-0.55;-2.25,-0.49;-2.13,-0.52;-1.99,-0.50;-1.68,-0.49;-0.64,-0.28;-1.56,0.02;-1.93,0.06;-2.13,0.02;-2.24,-0.05;-2.31,-0.08;-2.46,-0.02;-2.75,-0.02
-2.62,-0.25|-3.78,-0.29;-4.27,-1.00;-3.38,-1.06;-2.74,-0.56;-2.61,-0.56;-2.49,-0.54;-2.33,-0.53;-1.91,-0.52;-0.77,-0.19;-2.03,0.02;-2.44,-0.06;-2.55,-0.06;-2.63,-0.02;-2.73,-0.01;-2.87,-0.02;-3.08,-0.08
-3.11,-0.28|-4.02,-0.34;-3.55,-0.50;-3.75,-1.02;-3.08,-0.77;-2.96,-0.57;-2.79,-0.56;-2.19,-0.60;-1.00,-0.15;-2.75,-0.11;-2.90,-0.05;-3.03,-0.05;-3.12,-0.03;-3.22,-0.04;-3.42,-0.01;-3.98,0.01
-3.30,-0.32|-3.84,-0.56;-3.95,-1.01;-3.56,-1.02;-3.27,-1.02;-3.10,-0.74;-3.01,-0.59;-2.64,-0.56;-1.14,-0.25;-2.82,-0.10;-3.04,-0.04;-3.20,-0.05;-3.30,-0.06;-3.40,-0.09;-3.58,-0.05;-4.03,-0.04;-4.12,-0.34
-3.59,-0.54|-4.37,-1.17;-3.93,-1.18;-3.65,-1.15;-3.41,-1.14;-3.28,-0.92;-3.24,-0.73;-2.16,-0.11;-3.12,-0.16;-3.38,-0.15;-3.56,-0.23;-3.71,-0.14;-3.86,-0.22;-4.25,-0.19;-4.25,-0.47;-3.99,-0.66
-3.78,-0.69|-4.39,-0.43;-4.12,-0.68;-3.92,-0.74;-4.36,-1.26;-4.02,-1.26;-3.78,-1.20;-3.56,-1.22;-3.37,-1.10;-3.30,-0.89;-2.62,-0.22;-3.36,-0.28;-3.62,-0.31;-3.78,-0.24;-3.94,-0.28;-4.26,-0.20
-4.06,-0.52|-4.41,-0.14;-4.54,-0.30;-4.49,-0.51;-4.28,-0.61;-4.22,-0.67;-4.14,-0.69;-4.06,-0.65;-3.82,-1.19;-3.50,-1.14;-3.49,-0.79;-3.25,-0.23;-3.70,-0.20;-3.88,-0.14;-4.04,-0.19;-4.18,-0.18
-4.29,-0.30|-4.59,-0.06;-4.67,-0.19;-4.61,-0.34;-4.61,-0.48;-4.44,-0.49;-4.36,-0.52;-4.26,-0.57;-4.16,-0.55;-3.66,-0.82;-3.42,-0.56;-3.91,-0.10;-4.08,-0.05;-4.23,-0.09;-4.32,-0.08;-4.45,-0.02
-4.36,-0.24|-3.67,0.00;-4.08,0.00;-4.35,-0.05;-4.44,-0.00;-4.56,-0.02;-4.68,-0.09;-4.70,-0.22;-4.65,-0.34;-4.64,-0.49;-4.46,-0.45;-4.37,-0.49;-4.25,-0.54;-3.72,-0.95;-3.59,-0.61;-2.41,-0.35
-4.04,-0.21|-3.59,0.01;-3.86,-0.01;-3.97,-0.01;-4.05,-0.05;-4.12,-0.05;-4.31,0.03;-4.52,-0.04;-4.54,-0.24;-4.48,-0.43;-4.27,-0.47;-4.15,-0.53;-4.02,-0.51;-3.66,-0.98;-3.48,-0.70;-3.21,-0.49
-3.65,-0.28|-3.02,-0.55;-1.33,-0.31;-3.10,-0.06;-3.40,-0.04;-3.57,-0.10;-3.65,-0.05;-3.75,-0.03;-3.86,-0.07;-4.25,-0.02;-4.30,-0.27;-4.10,-0.46;-3.92,-0.54;-3.98,-1.05;-3.66,-1.01;-3.35,-1.04;-3.28,-0.66
-3.34,-0.39|-2.31,-0.59;-1.17,0.04;-2.92,-0.11;-3.15,-0.11;-3.27,-0.07;-3.39,-0.12;-3.53,-0.10;-3.72,-0.13;-4.19,-0.22;-4.13,-0.54;-4.44,-1.12;-3.81,-1.10;-3.47,-1.07;-3.20,-1.09;-3.10,-0.74;-2.98,-0.63
-3.01,-0.45|-2.04,-0.61;-1.55,-0.11;-2.50,-0.08;-2.81,-0.12;-3.09,-0.10;-3.22,-0.16;-3.53,-0.13;-4.03,-0.28;-3.71,-0.61;-3.95,-1.12;-3.42,-1.11;-3.12,-1.08;-2.97,-0.63;-2.86,-0.65;-2.73,-0.63
-2.89,-0.47|-3.54,-1.17;-3.14,-1.16;-2.88,-0.65;-2.80,-0.67;-2.68,-0.66;-2.42,-0.65;-0.97,-0.41;-2.10,-0.12;-2.61,-0.18;-2.76,-0.13;-2.90,-0.15;-3.04,-0.12;-3.18,-0.20;-3.83,-0.12;-3.91,-0.51;-4.34,-1.13
-3.28,-0.72|-4.24,-1.21;-3.76,-1.28;-3.45,-1.24;-3.24,-1.25;-3.15,-0.98;-3.09,-0.89;-3.11,-0.78;-1.15,-0.56;-2.32,-0.24;-2.91,-0.29;-3.13,-0.29;-3.31,-0.29;-3.53,-0.23;-3.85,-0.24;-4.14,-0.44;-3.76,-0.76
-3.64,-0.96|-4.13,-1.30;-3.71,-1.36;-3.54,-1.39;-3.33,-1.40;-3.35,-1.14;-3.27,-1.02;-2.82,-0.39;-3.29,-0.42;-3.54,-0.44;-3.76,-0.37;-4.08,-0.31;-4.31,-0.52;-4.83,-0.74;-4.97,-1.24
-3.91,-1.14|-4.28,-1.42;-4.11,-1.47;-3.96,-1.48;-3.84,-1.43;-3.66,-1.48;-3.41,-1.44;-3.44,-1.21;-3.42,-1.01;-3.10,-0.53;-3.51,-0.46;-3.81,-0.44;-3.96,-0.95;-4.03,-0.98;-4.29,-0.92;-5.41,-0.93;-5.04,-1.43
-4.05,-1.26|-5.53,-1.28;-4.61,-1.50;-4.25,-1.47;-4.16,-1.55;-3.94,-1.53;-3.76,-1.55;-3.47,-1.50;-3.50,-1.26;-2.39,-0.56;-3.33,-0.53;-3.77,-0.59;-4.05,-1.01;-4.15,-1.03;-4.36,-0.96;-5.00,-0.88
-4.61,-1.25|-5.78,-1.12;-5.42,-1.48;-4.91,-1.49;-4.76,-1.52;-4.63,-1.48;-4.54,-1.47;-4.37,-1.54;-4.17,-1.49;-3.80,-1.33;-4.31,-1.00;-4.48,-1.00;-4.58,-0.95;-4.68,-1.00;-5.29,-0.40;-5.28,-0.88
-5.10,-1.19|-6.00,-1.04;-5.99,-1.40;-5.47,-1.46;-5.29,-1.50;-5.14,-1.45;-5.03,-1.48;-4.90,-1.47;-4.57,-1.53;-4.02,-1.37;-4.75,-0.95;-4.95,-0.95;-5.02,-0.73;-5.38,0.04;-5.56,-0.55;-5.54,-0.92
-5.41,-1.10|-6.16,-0.87;-6.16,-1.17;-6.05,-1.44;-5.68,-1.42;-5.52,-1.45;-5.38,-1.43;-5.23,-1.44;-5.04,-1.42;-4.55,-1.38;-4.14,-0.99;-4.95,-0.86;-5.15,-0.80;-5.20,-0.45;-5.51,0.04;-5.73,-0.48;-5.71,-0.85
-5.54,-1.05|-5.53,0.12;-5.78,-0.44;-5.76,-0.82;-6.22,-0.76;-6.19,-1.04;-6.23,-1.33;-5.88,-1.39;-5.68,-1.38;-5.54,-1.43;-5.40,-1.38;-5.16,-1.43;-4.67,-1.41;-4.20,-1.05;-5.17,-0.90;-5.21,-0.73;-5.04,0.14
-5.45,-0.68|-5.54,0.28;-5.72,-0.16;-5.67,-0.49;-5.72,-0.60;-5.70,-0.70;-6.18,-1.07;-5.86,-1.18;-5.62,-1.24;-5.39,-1.22;-5.15,-1.24;-4.77,-1.24;-4.15,-1.07;-5.17,-0.65;-5.16,-0.53;-5.24,-0.42;-5.14,0.33
-5.48,-0.32|-5.50,0.47;-5.66,0.08;-5.72,-0.10;-5.66,-0.33;-5.73,-0.43;-6.11,-0.98;-5.75,-1.02;-5.47,-1.04;-5.15,-1.08;-4.67,-1.09;-5.22,-0.42;-5.23,-0.32;-5.22,-0.21;-4.79,0.41;-5.17,0.49
-5.54,0.01|-5.65,0.63;-5.71,0.28;-5.78,0.18;-5.76,0.06;-5.78,-0.03;-5.72,-0.11;-5.75,-0.30;-5.72,-0.87;-5.37,-0.87;-4.98,-0.83;-5.20,-0.21;-5.27,-0.04;-5.25,0.07;-4.62,0.61;-5.09,0.67;-5.40,0.66
-5.54,0.12|-5.21,-0.27;-5.26,-0.02;-5.25,0.10;-4.00,0.63;-4.87,0.70;-5.25,0.71;-5.50,0.65;-5.71,0.65;-5.72,0.33;-5.75,0.23;-5.75,0.14;-5.79,0.04;-5.75,-0.05;-5.76,-0.30;-5.61,-0.81;-5.22,-0.85
-5.52,0.10|-4.80,0.65;-5.19,0.66;-5.45,0.65;-5.67,0.65;-5.68,0.31;-5.74,0.22;-5.77,0.13;-5.78,0.03;-5.73,-0.06;-5.76,-0.30;-5.65,-0.85;-5.27,-0.89;-5.24,-0.28;-5.26,-0.06;-5.25,0.06;-3.72,0.57
-5.22,0.42|-4.93,0.85;-5.13,0.87;-5.29,0.80;-5.51,0.85;-5.57,0.65;-5.54,0.48;-5.62,0.34;-5.63,0.14;-5.61,-0.17;-5.45,-0.72;-5.00,-0.70;-5.10,0.23;-5.07,0.31;-4.57,0.28;-3.53,0.74;-4.63,0.81
-5.05,0.68|-4.81,0.97;-4.96,0.98;-5.08,0.99;-5.20,0.96;-5.42,0.99;-5.47,0.81;-5.48,0.64;-5.55,0.42;-5.55,0.08;-5.44,-0.55;-5.02,0.36;-4.93,0.45;-4.70,0.39;-4.16,0.41;-3.47,0.83;-4.59,0.93
-5.04,0.70|-4.38,0.92;-4.76,0.94;-4.89,1.00;-5.02,1.01;-5.13,0.98;-5.25,0.95;-5.46,0.91;-5.50,0.55;-5.52,0.29;-5.64,-0.51;-5.12,-0.51;-4.96,0.46;-4.84,0.48;-4.50,0.43
-4.72,0.78|-3.62,0.93;-4.39,0.97;-4.58,0.96;-4.65,1.04;-4.75,1.04;-4.88,1.06;-5.02,1.01;-5.31,0.93;-5.31,0.70;-5.42,0.37;-5.59,-0.37;-4.79,0.50;-4.68,0.52;-4.53,0.46;-4.30,0.46;-3.42,0.44
-4.38,0.83|-2.16,0.90;-4.05,0.98;-4.21,1.01;-4.30,1.05;-4.38,1.02;-4.47,1.05;-4.65,1.09;-4.93,1.04;-5.12,0.81;-5.23,0.45;-4.67,0.53;-4.49,0.55;-4.37,0.49;-4.23,0.49;-3.96,0.44;-3.33,0.43
-4.06,0.85|-3.63,1.07;-3.92,1.01;-4.00,1.03;-4.07,1.02;-4.16,1.05;-4.26,1.02;-4.66,1.04;-4.99,0.78;-5.04,0.35;-4.30,0.56;-4.18,0.49;-4.03,0.52;-3.90,0.54;-3.69,0.53;-3.13,0.55
-3.69,0.85|-1.82,0.79;-3.49,1.04;-3.61,1.04;-3.69,0.99;-3.76,1.02;-3.86,1.03;-4.25,1.11;-4.80,0.89;-4.87,0.41;-4.04,0.53;-3.84,0.52;-3.70,0.51;-3.56,0.50;-3.35,0.49;-2.92,0.50
-3.54,0.84|-4.02,0.55;-3.79,0.50;-3.62,0.52;-3.48,0.48;-3.36,0.54;-3.13,0.54;-2.32,0.56;-2.59,1.00;-3.21,1.05;-3.40,1.05;-3.49,1.07;-3.57,1.01;-3.64,0.99;-3.76,1.00;-4.40,1.04;-4.74,0.65
-3.83,0.69|-4.29,0.45;-4.06,0.41;-3.91,0.42;-3.81,0.45;-3.68,0.40;-3.56,0.46;-3.03,0.43;-1.90,0.84;-3.21,1.00;-3.56,1.00;-3.75,0.91;-3.85,0.93;-3.96,0.94;-4.12,0.94;-4.58,0.93;-4.84,0.60
-4.00,0.62|-3.01,0.44;-2.82,0.87;-3.58,0.91;-3.83,0.88;-3.95,0.92;-4.06,0.92;-4.20,0.92;-4.53,0.97;-4.96,0.80;-5.01,0.41;-4.25,0.46;-4.16,0.39;-4.05,0.39;-3.96,0.41;-3.86,0.42;-3.66,0.40
-3.67,0.61|-1.86,0.58;-2.85,0.94;-3.35,0.92;-3.52,0.97;-3.67,0.88;-3.79,0.89;-3.98,0.93;-4.46,0.95;-4.77,0.63;-4.11,0.44;-3.94,0.35;-3.76,0.41;-3.68,0.40;-3.57,0.35;-3.47,0.40;-3.21,0.41
-3.25,0.60|-1.64,0.65;-2.56,0.92;-2.93,0.94;-3.13,0.93;-3.26,0.94;-3.39,0.92;-3.55,0.89;-4.08,0.92;-4.57,0.57;-3.78,0.37;-3.46,0.39;-3.35,0.34;-3.25,0.44;-3.16,0.41;-3.04,0.41;-2.72,0.40
-2.87,0.61|-1.46,0.67;-2.26,0.89;-2.59,0.92;-2.75,0.93;-2.89,0.93;-3.01,0.91;-3.21,0.91;-3.64,0.88;-4.37,0.54;-3.33,0.39;-3.06,0.41;-2.95,0.39;-2.86,0.39;-2.79,0.44;-2.60,0.36;-2.46,0.45
-2.55,0.62|-1.31,0.62;-1.84,0.91;-2.26,0.91;-2.44,0.89;-2.55,0.95;-2.68,0.94;-2.86,0.92;-3.27,0.91;-4.24,0.61;-3.11,0.38;-2.77,0.40;-2.63,0.42;-2.55,0.40;-2.44,0.37;-2.33,0.40;-2.16,0.46
-2.50,0.61|-3.09,0.89;-4.21,0.70;-3.10,0.39;-2.75,0.38;-2.58,0.42;-2.51,0.39;-2.41,0.36;-2.32,0.40;-2.19,0.46;-1.21,0.54;-1.27,1.04;-2.16,0.91;-2.34,0.94;-2.48,0.87;-2.61,0.94;-2.78,0.92
-2.79,0.74|-3.36,0.96;-4.34,0.71;-3.51,0.42;-3.05,0.46;-2.89,0.46;-2.78,0.47;-2.66,0.46;-2.50,0.46;-2.24,0.52;-1.39,0.76;-2.28,0.95;-2.60,0.93;-2.68,0.99;-2.79,1.01;-2.89,0.98;-3.10,1.04
-3.08,0.85|-2.42,1.04;-2.83,1.05;-2.97,1.05;-3.06,1.04;-3.14,1.04;-3.27,1.08;-3.37,1.00;-4.23,0.98;-4.54,0.42;-3.56,0.47;-3.30,0.46;-3.12,0.54;-2.99,0.52;-2.84,0.55;-2.58,0.57;-1.51,0.68
-3.06,0.86|-1.51,0.86;-2.74,0.99;-2.85,1.07;-2.98,1.04;-3.06,1.06;-3.14,1.04;-3.28,1.07;-3.41,1.00;-4.51,0.85;-3.78,0.56;-3.38,0.53;-3.21,0.50;-3.06,0.52;-2.92,0.53;-2.68,0.48;-2.38,0.58
-2.72,0.78|-1.62,0.50;-1.36,0.97;-2.38,0.98;-2.59,0.96;-2.66,1.02;-2.75,1.02;-2.86,1.02;-3.07,1.05;-3.93,1.10;-4.38,0.55;-3.21,0.49;-2.94,0.49;-2.79,0.51;-2.68,0.48;-2.52,0.44;-2.36,0.51
-2.40,0.72|-1.43,0.56;-1.20,1.00;-2.10,0.94;-2.24,0.98;-2.37,0.94;-2.46,0.94;-2.59,0.98;-2.77,0.95;-3.83,0.95;-3.51,0.46;-2.76,0.46;-2.57,0.46;-2.45,0.43;-2.33,0.42;-2.24,0.49;-2.08,0.52
-2.08,0.66|-1.04,0.46;-1.02,0.88;-1.78,0.87;-1.92,0.90;-2.03,0.93;-2.14,0.96;-2.25,0.91;-2.54,0.96;-3.77,0.99;-3.19,0.43;-2.39,0.45;-2.26,0.38;-2.12,0.44;-2.04,0.47;-1.75,0.45
-1.75,0.64|-0.90,0.63;-0.90,0.98;-1.45,0.94;-1.65,0.87;-1.75,0.87;-1.86,0.89;-2.02,0.91;-2.42,0.92;-3.85,0.65;-2.38,0.38;-2.02,0.37;-1.75,0.46;-1.69,0.49;-1.57,0.45;-1.34,0.46
-1.57,0.63|-0.77,0.75;-0.76,1.12;-1.36,0.92;-1.51,0.87;-1.61,0.88;-1.73,0.89;-1.97,0.91;-2.80,0.92;-2.97,0.41;-1.97,0.39;-1.70,0.45;-1.61,0.48;-1.55,0.45;-1.46,0.44;-1.29,0.42;-1.01,0.49
-1.08,0.76|-0.52,0.95;-0.55,1.23;-0.73,1.46;-1.07,0.96;-1.16,0.99;-1.25,0.96;-1.47,0.96;-3.21,0.91;-2.09,0.43;-1.34,0.53;-1.20,0.52;-1.10,0.49;-1.00,0.52;-0.87,0.52;-0.72,0.58;-0.57,0.73
-0.77,0.87|-0.41,1.06;-0.31,1.44;-0.58,1.51;-0.84,1.55;-1.15,1.56;-1.03,1.08;-1.52,1.09;-2.73,0.66;-1.23,0.62;-1.03,0.54;-0.86,0.57;-0.74,0.55;-0.63,0.60;-0.39,0.56;-0.41,0.76;-0.38,0.91
-0.59,0.99|-1.26,1.58;-0.94,1.11;-1.49,0.55;-0.92,0.61;-0.72,0.62;-0.57,0.65;-0.43,0.67;-0.31,0.74;-0.29,0.89;-0.28,1.01;-0.32,1.12;-0.29,1.34;-0.38,1.60;-0.63,1.64;-0.89,1.61
-0.70,1.08|-0.40,1.64;-0.64,1.64;-0.86,1.63;-1.17,1.66;-1.74,1.65;-1.06,1.12;-2.23,0.64;-1.19,0.69;-0.95,0.64;-0.75,0.66;-0.59,0.71;-0.36,0.65;-0.36,0.89;-0.33,1.04;-0.37,1.18;-0.33,1.38
-0.67,1.39|-0.68,1.83;-0.85,1.81;-1.09,1.80;-1.76,1.82;-1.67,1.38;-0.86,1.31;-1.16,0.89;-0.90,0.81;-0.66,0.83;-0.41,0.79;-0.36,1.09;-0.34,1.26;-0.33,1.40;-0.34,1.54;-0.28,1.80;-0.52,1.77
-0.68,1.63|-0.35,1.22;-0.36,1.45;-0.32,1.59;-0.37,1.72;-0.35,1.91;-0.55,1.87;-0.66,1.95;-0.78,1.94;-0.93,1.91;-1.23,1.91;-1.37,1.41;-0.94,1.42;-1.05,0.93;-0.75,0.93;-0.48,0.98
-0.50,1.36|-0.29,0.80;-0.25,1.10;-0.25,1.25;-0.29,1.36;-0.22,1.47;-0.28,1.57;-0.31,1.79;-0.49,1.76;-0.67,1.82;-0.87,1.76;-1.35,1.75;-0.74,1.28;-1.07,0.83;-0.76,0.79;-0.52,0.85
-0.47,1.03|-0.47,0.69;-0.30,0.64;-0.26,0.83;-0.24,0.94;-0.23,1.03;-0.25,1.12;-0.20,1.30;-0.22,1.63;-0.47,1.59;-0.71,1.62;-1.01,1.58;-1.73,1.56;-2.08,1.03;-1.55,0.59;-0.89,0.61;-0.63,0.63
-0.48,0.91|-1.25,1.56;-0.94,1.05;-1.07,0.60;-0.77,0.57;-0.59,0.58;-0.46,0.63;-0.31,0.58;-0.27,0.73;-0.26,0.84;-0.23,0.93;-0.23,1.03;-0.22,1.21;-0.27,1.57;-0.54,1.57;-0.82,1.56
-0.58,1.00|-0.91,1.58;-1.37,1.61;-0.95,1.10;-1.16,0.66;-0.88,0.60;-0.68,0.62;-0.54,0.65;-0.36,0.61;-0.32,0.80;-0.30,0.92;-0.27,1.04;-0.31,1.15;-0.30,1.36;-0.42,1.57;-0.66,1.64
-0.82,1.34|-1.01,1.76;-1.29,1.78;-1.96,1.77;-1.73,1.31;-0.96,1.28;-1.29,0.83;-1.03,0.78;-0.80,0.79;-0.59,0.84;-0.44,1.00;-0.38,1.18;-0.43,1.36;-0.42,1.52;-0.42,1.78;-0.67,1.75;-0.84,1.80
-0.92,1.63|-2.04,1.87;-2.10,1.41;-1.33,1.37;-1.06,1.43;-0.96,1.43;-0.79,0.94;-0.47,0.94;-0.44,1.30;-0.45,1.53;-0.49,1.71;-0.45,1.94;-0.74,1.90;-0.85,1.96;-0.98,1.93;-1.09,1.90;-1.36,1.93
-1.24,1.68|-1.93,1.49;-1.56,1.43;-1.41,1.39;-1.27,1.46;-1.18,1.47;-0.66,0.94;-0.62,1.33;-0.59,1.60;-0.58,1.87;-0.92,1.94;-1.08,1.97;-1.21,1.94;-1.30,1.90;-1.47,1.97;-1.70,1.94
-1.61,1.70|-2.10,1.51;-1.87,1.46;-1.72,1.44;-1.62,1.38;-1.51,1.42;-1.40,1.47;-0.80,1.32;-1.03,1.91;-1.34,1.94;-1.50,1.93;-1.60,1.95;-1.71,1.97;-1.85,1.96;-2.22,1.98
-2.12,1.72|-4.50,1.88;-2.72,1.52;-2.36,1.51;-2.26,1.44;-2.13,1.49;-2.03,1.45;-1.85,1.41;-1.57,1.45;-1.04,1.64;-1.36,1.97;-1.85,1.95;-2.00,1.95;-2.10,1.96;-2.18,1.92;-2.35,1.99;-2.61,1.97
-2.43,1.73|-4.78,1.65;-2.90,1.52;-2.66,1.48;-2.52,1.49;-2.42,1.42;-2.32,1.48;-2.14,1.45;-1.21,1.27;-1.26,1.77;-1.96,1.94;-2.20,1.97;-2.37,1.90;-2.44,1.93;-2.56,2.00;-2.68,1.96;-3.08,1.97
-2.83,1.72|-4.92,1.82;-3.49,1.48;-3.06,1.52;-2.94,1.48;-2.84,1.49;-2.76,1.51;-2.56,1.42;-2.15,1.40;-1.41,1.65;-2.21,1.95;-2.63,1.91;-2.71,1.97;-2.82,1.95;-2.92,1.96;-3.04,1.95;-3.47,2.02
-3.36,1.72|-5.20,1.65;-3.95,1.45;-3.60,1.45;-3.45,1.46;-3.35,1.49;-3.24,1.46;-3.11,1.48;-1.69,1.78;-2.91,1.92;-3.14,1.96;-3.28,1.93;-3.37,1.99;-3.48,1.99;-3.66,2.00;-4.07,1.98
-3.82,1.71|-5.43,1.51;-4.22,1.48;-3.89,1.46;-3.79,1.42;-3.68,1.46;-3.59,1.53;-3.22,1.54;-1.87,1.95;-3.37,1.97;-3.60,1.99;-3.75,1.96;-3.86,2.00;-3.97,1.98;-4.15,1.97;-4.55,1.92
-3.94,1.71|-5.93,2.05;-5.07,1.45;-4.28,1.47;-4.08,1.48;-3.98,1.46;-3.88,1.46;-3.76,1.45;-3.65,1.53;-2.66,1.49;-2.70,1.99;-3.60,1.95;-3.75,2.01;-3.89,1.98;-4.00,2.00;-4.11,1.94;-4.35,1.97
-4.25,1.82|-4.78,2.02;-5.64,1.77;-4.92,1.52;-4.49,1.56;-4.37,1.50;-4.24,1.54;-4.11,1.51;-3.90,1.49;-3.52,1.54;-2.08,1.89;-3.79,2.03;-4.05,2.04;-4.16,2.07;-4.26,2.01;-4.35,2.04;-4.50,2.05
-4.34,1.86|-3.95,1.53;-2.87,1.40;-3.41,1.94;-4.05,2.01;-4.16,2.07;-4.28,2.05;-4.35,2.03;-4.47,2.12;-4.59,2.07;-5.05,2.09;-5.70,1.75;-4.89,1.58;-4.57,1.59;-4.44,1.55;-4.32,1.58;-4.16,1.51
-4.06,1.70|-3.60,1.45;-2.03,1.48;-3.28,1.93;-3.69,2.00;-3.92,1.96;-4.03,1.98;-4.14,1.96;-4.31,2.01;-4.58,1.99;-5.49,1.86;-4.82,1.48;-4.34,1.48;-4.19,1.47;-4.09,1.47;-3.99,1.45;-3.86,1.45
-4.01,1.67|-5.43,1.42;-4.34,1.46;-4.15,1.47;-4.05,1.45;-3.97,1.44;-3.84,1.40;-3.76,1.49;-3.32,1.52;-2.24,1.98;-3.59,1.93;-3.79,1.98;-3.94,1.98;-4.06,1.96;-4.19,1.95;-4.41,1.95;-5.92,2.09
-4.43,1.70|-5.69,1.80;-5.08,1.49;-4.69,1.48;-4.53,1.51;-4.45,1.46;-4.36,1.48;-4.22,1.45;-3.98,1.47;-2.21,1.52;-3.69,1.94;-4.11,1.98;-4.29,1.98;-4.41,1.96;-4.54,2.03;-4.67,1.98;-4.90,1.94
-4.75,1.73|-5.86,1.92;-5.87,1.48;-5.12,1.47;-4.88,1.53;-4.79,1.50;-4.70,1.52;-4.57,1.48;-4.34,1.48;-3.46,1.51;-3.64,1.99;-4.35,2.02;-4.59,2.00;-4.70,2.05;-4.81,1.98;-4.95,2.02;-5.06,1.93
-5.11,1.77|-6.02,1.83;-5.92,1.50;-5.40,1.52;-5.25,1.50;-5.13,1.55;-5.03,1.53;-4.92,1.55;-4.55,1.48;-4.42,2.00;-4.79,2.04;-5.00,2.00;-5.10,2.00;-5.19,2.01;-5.27,1.95;-6.47,2.45
-5.52,1.78|-6.25,1.56;-5.86,1.51;-5.65,1.54;-5.54,1.53;-5.44,1.51;-5.33,1.55;-4.97,1.49;-4.67,2.04;-5.23,2.02;-5.40,2.00;-5.50,1.97;-5.60,2.03;-5.68,1.98;-6.70,2.41;-6.20,1.85
-5.74,1.69|-6.79,2.46;-6.30,1.83;-6.38,1.59;-6.03,1.51;-5.91,1.46;-5.79,1.47;-5.71,1.49;-5.58,1.44;-5.46,1.49;-4.66,1.43;-4.13,1.94;-5.31,1.95;-5.57,1.92;-5.67,1.97;-5.78,1.93;-6.23,2.49
-6.06,1.94|-6.91,2.58;-6.48,2.05;-6.54,1.88;-6.52,1.67;-6.32,1.60;-6.15,1.60;-6.02,1.59;-5.84,1.55;-5.61,1.60;-4.15,1.44;-5.25,2.05;-5.79,2.10;-5.98,2.05;-6.00,2.18;-6.15,2.57;-6.49,2.66
-6.36,2.11|-7.13,2.60;-7.15,2.25;-6.62,2.05;-6.70,1.86;-6.64,1.66;-6.43,1.66;-6.26,1.69;-6.07,1.70;-5.76,1.73;-4.28,1.74;-6.15,2.15;-6.16,2.24;-6.13,2.46;-6.26,2.65;-6.49,2.70;-6.76,2.68
-6.70,2.41|-7.01,2.79;-7.30,2.74;-7.25,2.47;-7.30,2.23;-6.84,2.30;-6.79,2.24;-6.75,1.83;-6.53,1.85;-6.23,1.84;-5.71,1.88;-6.31,2.37;-6.33,2.52;-6.36,2.69;-6.49,2.80;-6.65,2.87;-6.82,2.83
-6.93,2.60|-7.32,1.16;-6.84,1.92;-6.56,1.96;-6.08,1.95;-6.42,2.46;-6.39,2.67;-6.46,2.86;-6.68,2.92;-6.84,2.92;-6.97,2.94;-7.10,2.91;-7.35,2.93;-7.45,2.74;-7.38,2.54;-7.40,2.33;-7.42,1.96
-7.01,2.05|-7.40,-0.07;-6.88,1.46;-6.58,1.43;-6.11,1.47;-6.49,1.96;-6.43,2.18;-6.75,2.46;-6.94,2.48;-7.10,2.47;-7.35,2.55;-7.49,2.36;-7.44,2.13;-7.46,1.96;-7.42,1.77;-7.48,1.32
-7.08,1.49|-7.34,-0.65;-6.91,0.91;-6.62,0.91;-6.13,0.96;-6.53,1.43;-6.52,1.65;-6.58,1.89;-6.84,1.93;-7.03,1.91;-7.20,1.92;-7.42,1.93;-7.56,1.76;-7.53,1.55;-7.53,1.37;-7.48,1.18;-7.51,0.73
-7.13,1.11|-7.39,-1.02;-6.96,0.50;-6.67,0.52;-6.17,0.56;-6.60,1.04;-6.57,1.26;-6.63,1.49;-6.89,1.53;-7.08,1.53;-7.25,1.55;-7.49,1.56;-7.61,1.38;-7.57,1.16;-7.60,0.98;-7.53,0.79;-7.58,0.31
-7.18,0.65|-7.20,0.27;-6.96,0.05;-6.66,0.08;-6.07,0.13;-6.64,0.62;-6.64,0.84;-6.70,1.09;-6.97,1.11;-7.16,1.08;-7.33,1.08;-7.58,1.08;-7.68,0.88;-7.63,0.67;-7.61,0.49;-7.65,0.22;-7.63,-0.33
-7.22,0.27|-7.47,-1.85;-7.05,-0.34;-6.23,-0.29;-6.68,0.20;-6.65,0.43;-6.71,0.66;-6.98,0.69;-7.17,0.70;-7.58,0.73;-7.71,0.54;-7.66,0.32;-7.67,0.14;-7.64,-0.06;-7.67,-0.53
-7.27,-0.25|-7.31,-0.64;-7.09,-0.87;-6.79,-0.85;-6.24,-0.82;-6.75,-0.31;-6.72,-0.09;-6.77,0.14;-7.02,0.19;-7.22,0.18;-7.39,0.18;-7.64,0.22;-7.73,0.01;-7.70,-0.20;-7.73,-0.38;-7.75,-0.63;-7.78,-1.18
-7.28,-0.39|-6.58,-0.97;-5.53,-0.93;-6.82,-0.35;-6.97,-0.02;-7.14,0.06;-7.32,0.05;-7.51,0.04;-7.72,-0.03;-7.68,-0.27;-7.72,-0.43;-7.70,-0.61;-7.76,-0.97;-7.70,-1.76;-7.27,-0.50;-6.99,-0.93
-6.94,-0.58|-5.98,-1.05;-6.57,-0.60;-6.62,-0.47;-6.60,-0.28;-6.70,-0.09;-6.90,-0.05;-7.12,-0.05;-7.42,-0.03;-7.58,-0.26;-7.52,-0.54;-7.09,-0.63;-7.07,-0.70;-7.14,-0.99;-6.97,-1.09;-6.77,-1.05;-6.50,-1.08
-6.61,-0.79|-6.15,-1.20;-5.28,-1.25;-5.34,-0.71;-6.42,-0.70;-6.44,-0.60;-6.46,-0.35;-6.64,-0.21;-6.91,-0.16;-7.33,-0.15;-7.38,-0.52;-6.91,-0.81;-6.99,-0.97;-6.94,-1.16;-6.75,-1.21;-6.58,-1.17;-6.41,-1.19
-6.37,-1.02|-6.03,-1.32;-5.51,-1.31;-4.55,-0.89;-6.06,-0.86;-6.16,-0.78;-6.30,-0.80;-6.42,-0.30;-6.73,-0.29;-7.26,-0.25;-6.79,-0.88;-6.85,-1.05;-6.82,-1.24;-6.62,-1.31;-6.46,-1.29;-6.35,-1.30;-6.24,-1.29
-6.36,-1.03|-5.91,-1.28;-5.57,-0.79;-6.10,-0.81;-6.26,-0.85;-6.33,-0.71;-6.58,-0.31;-6.95,-0.30;-7.23,-0.56;-6.80,-0.98;-6.86,-1.18;-6.71,-1.31;-6.50,-1.27;-6.39,-1.32;-6.28,-1.29;-6.15,-1.29
-6.06,-1.15|-5.38,-1.38;-5.44,-0.84;-5.88,-0.94;-5.96,-0.86;-6.08,-0.89;-6.47,-0.34;-7.03,-0.31;-6.64,-0.96;-6.74,-1.20;-6.52,-1.38;-6.26,-1.38;-6.13,-1.35;-6.05,-1.35;-5.94,-1.40;-5.82,-1.37
-6.03,-1.17|-6.65,-1.35;-6.28,-1.37;-6.15,-1.38;-6.05,-1.36;-5.97,-1.37;-5.86,-1.38;-5.75,-1.33;-4.90,-1.30;-4.85,-0.83;-5.64,-0.86;-5.89,-0.91;-6.00,-0.89;-6.11,-0.89;-6.66,-0.39;-7.16,-0.55;-6.65,-1.10
-6.35,-1.19|-6.83,-1.19;-6.80,-1.37;-6.57,-1.40;-6.43,-1.37;-6.35,-1.41;-6.28,-1.37;-6.18,-1.36;-5.97,-1.35;-5.52,-0.85;-6.08,-0.91;-6.24,-0.91;-6.35,-0.77;-6.68,-0.39;-7.17,-0.37;-6.81,-0.99
-6.67,-1.12|-6.96,-1.03;-7.03,-1.15;-6.99,-1.28;-6.87,-1.35;-6.75,-1.36;-6.66,-1.33;-6.55,-1.37;-6.39,-1.37;-6.02,-1.34;-4.67,-0.97;-6.22,-0.89;-6.44,-0.85;-6.46,-0.48;-6.73,-0.32;-7.07,-0.34;-6.97,-0.87
-6.69,-1.11|-5.71,-0.78;-6.33,-0.80;-6.51,-0.74;-6.64,-0.37;-6.95,-0.35;-7.37,-0.33;-6.95,-0.98;-6.98,-1.09;-7.02,-1.22;-6.96,-1.35;-6.82,-1.37;-6.70,-1.33;-6.62,-1.31;-6.49,-1.34;-6.23,-1.34;-5.16,-1.21
-6.61,-1.08|-6.23,-0.84;-6.42,-0.81;-6.44,-0.34;-6.75,-0.29;-7.09,-0.32;-6.94,-0.84;-6.91,-1.01;-6.98,-1.14;-6.95,-1.29;-6.79,-1.33;-6.66,-1.31;-6.57,-1.31;-6.46,-1.33;-6.25,-1.33;-5.27,-1.39
-6.51,-1.05|-5.33,-0.81;-6.16,-0.81;-6.36,-0.82;-6.40,-0.50;-6.66,-0.32;-7.01,-0.30;-7.38,-0.47;-6.86,-0.98;-6.93,-1.13;-6.89,-1.30;-6.71,-1.35;-6.56,-1.28;-6.46,-1.32;-6.34,-1.30;-6.09,-1.33;-5.18,-1.31
-6.37,-1.00|-5.10,-1.24;-5.22,-0.76;-6.09,-0.81;-6.25,-0.82;-6.32,-0.73;-6.51,-0.33;-6.86,-0.28;-7.29,-0.40;-6.82,-0.91;-6.86,-1.10;-6.80,-1.29;-6.56,-1.29;-6.43,-1.30;-6.31,-1.29;-6.19,-1.26;-5.94,-1.28
-6.06,-1.12|-5.39,-1.38;-5.42,-0.84;-5.87,-0.93;-5.95,-0.86;-6.06,-0.87;-6.41,-0.31;-6.96,-0.25;-6.65,-0.89;-6.72,-1.13;-6.55,-1.34;-6.27,-1.35;-6.14,-1.34;-6.05,-1.34;-5.95,-1.38;-5.80,-1.36
-5.97,-1.15|-5.01,-0.94;-5.61,-0.90;-5.82,-0.93;-5.92,-0.87;-6.03,-0.88;-6.57,-0.29;-7.04,-0.46;-6.63,-1.03;-6.63,-1.30;-6.24,-1.34;-6.09,-1.34;-6.00,-1.36;-5.92,-1.37;-5.81,-1.37;-5.63,-1.37
-5.47,-1.12|-4.89,-0.85;-5.19,-0.81;-5.38,-0.87;-5.48,-0.82;-5.57,-0.92;-5.76,-0.86;-6.81,-0.65;-6.43,-1.17;-5.95,-1.35;-5.69,-1.36;-5.55,-1.37;-5.46,-1.30;-5.36,-1.36;-5.23,-1.34;-4.69,-1.40
-4.99,-1.08|-4.52,-0.87;-4.79,-0.86;-4.88,-0.79;-5.00,-0.79;-5.10,-0.83;-5.26,-0.82;-6.55,-0.49;-6.16,-1.11;-5.49,-1.30;-5.17,-1.28;-5.07,-1.29;-4.86,-1.36;-4.68,-1.37;-4.36,-1.31
-4.54,-1.07|-2.41,-0.94;-4.09,-0.85;-4.32,-0.82;-4.44,-0.78;-4.56,-0.83;-4.66,-0.83;-4.82,-0.82;-5.10,-0.88;-5.98,-1.16;-5.16,-1.37;-4.77,-1.33;-4.64,-1.37;-4.53,-1.32;-4.40,-1.36;-4.23,-1.35;-3.85,-1.31
-4.46,-1.07|-2.34,-1.07;-4.01,-0.88;-4.25,-0.86;-4.35,-0.81;-4.46,-0.82;-4.55,-0.84;-4.73,-0.80;-5.02,-0.83;-5.91,-1.07;-4.95,-1.27;-4.70,-1.31;-4.57,-1.34;-4.46,-1.33;-4.34,-1.37;-4.17,-1.36;-3.81,-1.34
-4.12,-1.06|-2.20,-1.07;-3.64,-0.87;-3.87,-0.82;-4.02,-0.83;-4.12,-0.81;-4.23,-0.78;-4.36,-0.82;-4.73,-0.80;-5.74,-1.05;-4.67,-1.28;-4.36,-1.30;-4.24,-1.34;-4.12,-1.37;-4.01,-1.32;-3.87,-1.31;-3.38,-1.37
-3.69,-1.07|-1.98,-0.91;-3.25,-0.84;-3.50,-0.85;-3.63,-0.88;-3.71,-0.79;-3.81,-0.83;-3.98,-0.82;-4.40,-0.84;-5.54,-1.23;-4.28,-1.38;-3.93,-1.36;-3.77,-1.35;-3.66,-1.30;-3.55,-1.32;-3.39,-1.32;-2.73,-1.37
-3.33,-1.06|-1.83,-1.06;-2.80,-0.84;-3.11,-0.84;-3.25,-0.86;-3.33,-0.85;-3.42,-0.86;-3.59,-0.80;-5.29,-1.06;-4.06,-1.36;-3.66,-1.39;-3.44,-1.32;-3.33,-1.32;-3.23,-1.32;-3.02,-1.38;-2.57,-1.38
-2.94,-1.08|-2.33,-0.87;-2.66,-0.83;-2.85,-0.89;-2.92,-0.84;-3.01,-0.87;-3.13,-0.86;-3.44,-0.83;-5.13,-0.94;-3.72,-1.34;-3.24,-1.34;-3.06,-1.33;-2.95,-1.29;-2.83,-1.39;-2.71,-1.33;-2.32,-1.38;-1.57,-1.16
-2.78,-1.02|-2.23,-0.90;-2.53,-0.84;-2.70,-0.89;-2.75,-0.87;-2.83,-0.79;-2.93,-0.81;-3.09,-0.82;-5.04,-0.63;-3.67,-1.22;-3.13,-1.27;-2.93,-1.26;-2.83,-1.33;-2.71,-1.32;-2.54,-1.36;-2.23,-1.37;-1.53,-1.23
-2.76,-1.02|-2.74,-1.38;-2.63,-1.30;-2.39,-1.35;-1.50,-1.47;-1.51,-0.96;-2.32,-0.81;-2.58,-0.82;-2.71,-0.89;-2.77,-0.87;-2.87,-0.79;-2.96,-0.84;-3.34,-0.81;-5.10,-1.14;-3.45,-1.35;-3.02,-1.30;-2.85,-1.28
-2.76,-1.02|-2.24,-0.88;-2.52,-0.83;-2.70,-0.91;-2.74,-0.86;-2.82,-0.80;-2.92,-0.81;-3.09,-0.82;-3.69,-1.26;-3.14,-1.31;-2.91,-1.28;-2.81,-1.34;-2.68,-1.33;-2.51,-1.34;-2.21,-1.34
-2.28,-1.06|-1.30,-1.09;-1.65,-0.82;-2.06,-0.86;-2.17,-0.82;-2.28,-0.86;-2.37,-0.83;-2.44,-0.90;-2.73,-0.87;-2.94,-1.32;-2.57,-1.34;-2.39,-1.32;-2.29,-1.35;-2.16,-1.38;-1.98,-1.37;-1.25,-1.52
-1.70,-1.09|-0.99,-1.16;-1.00,-0.88;-1.39,-0.83;-1.59,-0.89;-1.69,-0.92;-1.77,-0.89;-1.89,-0.87;-2.11,-0.88;-2.35,-1.29;-2.03,-1.36;-1.87,-1.40;-1.73,-1.40;-1.63,-1.35;-1.09,-1.84;-0.98,-1.48
-1.26,-1.11|-0.74,-0.99;-0.97,-0.90;-1.11,-0.86;-1.22,-0.85;-1.32,-0.86;-1.42,-0.89;-1.67,-0.86;-2.88,-0.85;-2.13,-1.32;-1.64,-1.39;-1.41,-1.35;-1.31,-1.39;-1.09,-1.83;-0.78,-1.77;-0.80,-1.39;-0.76,-1.19
-0.93,-1.12|-0.60,-1.17;-0.60,-1.04;-0.63,-0.90;-0.81,-0.92;-0.90,-0.89;-1.00,-0.84;-1.13,-0.86;-1.29,-0.90;-3.09,-0.78;-1.90,-1.35;-1.24,-1.35;-1.37,-1.83;-1.05,-1.87;-0.76,-1.84;-0.62,-1.55;-0.65,-1.30
-0.88,-1.13|-0.82,-1.81;-0.60,-1.68;-0.58,-1.38;-0.57,-1.23;-0.63,-1.11;-0.55,-0.96;-0.66,-0.88;-0.81,-0.92;-0.90,-0.89;-1.01,-0.86;-1.16,-0.89;-1.55,-0.91;-1.48,-1.44;-1.10,-1.39;-1.12,-1.88
-0.91,-1.28|-0.83,-1.88;-0.62,-1.50;-0.63,-1.35;-0.61,-1.23;-0.58,-1.08;-0.68,-0.96;-0.84,-0.98;-0.97,-0.93;-1.12,-0.94;-1.29,-1.00;-2.17,-0.96;-1.90,-1.42;-1.18,-1.44;-1.36,-1.88;-1.07,-1.91
-1.03,-1.66|-1.27,-2.14;-1.07,-2.13;-0.90,-2.06;-0.67,-2.08;-0.67,-1.84;-0.68,-1.69;-0.67,-1.54;-0.71,-1.38;-0.79,-1.18;-0.99,-1.11;-1.21,-1.14;-1.50,-1.12;-2.10,-1.12;-1.35,-1.64;-2.51,-2.14;-1.53,-2.09
-1.11,-1.97|-1.17,-2.27;-1.05,-2.29;-0.95,-2.21;-0.71,-2.24;-0.75,-2.04;-0.70,-1.89;-0.69,-1.33;-0.99,-1.30;-1.26,-1.29;-1.24,-1.79;-1.39,-1.79;-2.29,-1.75;-2.57,-2.28;-1.50,-2.24;-1.32,-2.29
-1.12,-2.00|-1.98,-2.34;-1.41,-2.27;-1.26,-2.30;-1.13,-2.29;-1.02,-2.28;-0.90,-2.24;-0.74,-2.18;-0.74,-2.01;-0.73,-1.85;-0.70,-1.60;-0.83,-1.34;-1.11,-1.28;-1.38,-1.35;-1.32,-1.80;-1.46,-1.86
-1.19,-1.99|-1.96,-2.39;-1.44,-2.29;-1.29,-2.31;-1.17,-2.28;-1.05,-2.26;-0.92,-2.21;-0.77,-2.12;-0.76,-1.95;-0.80,-1.78;-0.81,-1.53;-0.99,-1.33;-1.26,-1.29;-1.29,-1.81;-1.42,-1.80;-1.54,-1.88
-1.25,-1.98|-3.09,-2.16;-1.73,-2.24;-1.48,-2.27;-1.34,-2.28;-1.22,-2.29;-1.09,-2.28;-0.86,-2.30;-0.82,-2.11;-0.77,-1.94;-0.76,-1.72;-0.71,-1.33;-1.27,-1.82;-1.36,-1.78;-1.46,-1.81;-1.93,-1.78
-1.56,-2.08|-2.27,-2.38;-1.78,-2.31;-1.66,-2.32;-1.56,-2.37;-1.45,-2.35;-1.33,-2.31;-1.14,-2.25;-0.96,-2.07;-0.96,-1.82;-0.92,-1.42;-1.47,-1.84;-1.57,-1.83;-1.65,-1.87;-1.74,-1.91;-2.10,-1.87;-3.93,-2.11
-1.75,-2.15|-3.23,-2.40;-2.21,-2.43;-1.88,-2.33;-1.80,-2.34;-1.72,-2.36;-1.60,-2.39;-1.44,-2.38;-1.02,-2.32;-1.02,-2.03;-1.01,-1.68;-1.57,-1.89;-1.70,-1.90;-1.79,-1.94;-1.91,-1.91;-2.15,-1.87;-2.86,-1.89
-2.28,-2.14|-4.27,-2.01;-2.91,-2.36;-2.57,-2.40;-2.41,-2.40;-2.30,-2.34;-2.22,-2.34;-2.12,-2.33;-1.83,-2.37;-1.31,-2.21;-1.30,-1.81;-2.04,-1.93;-2.17,-1.91;-2.27,-1.89;-2.38,-1.85;-2.49,-1.91;-2.87,-1.85
-2.85,-2.13|-4.56,-2.20;-3.08,-2.38;-2.93,-2.37;-2.84,-2.42;-2.72,-2.40;-2.62,-2.35;-2.17,-2.38;-1.58,-2.09;-2.43,-1.94;-2.59,-1.86;-2.76,-1.90;-2.86,-1.84;-2.98,-1.85;-3.14,-1.86;-3.58,-1.86
-3.27,-2.12|-4.76,-2.03;-4.00,-2.37;-3.60,-2.41;-3.40,-2.37;-3.29,-2.39;-3.20,-2.35;-3.01,-2.42;-2.81,-2.35;-1.81,-2.21;-2.66,-1.91;-3.02,-1.89;-3.13,-1.82;-3.26,-1.86;-3.36,-1.87;-3.54,-1.82;-3.81,-1.86
-3.83,-2.09|-5.02,-2.01;-4.40,-2.28;-4.16,-2.38;-3.95,-2.34;-3.85,-2.41;-3.74,-2.37;-3.58,-2.38;-3.20,-2.41;-2.09,-2.21;-3.28,-1.91;-3.54,-1.84;-3.70,-1.82;-3.81,-1.82;-3.90,-1.88;-4.04,-1.86;-4.46,-1.78
-4.39,-2.08|-5.31,-2.06;-5.35,-2.45;-4.63,-2.31;-4.52,-2.38;-4.40,-2.38;-4.29,-2.34;-4.09,-2.40;-3.79,-2.35;-2.35,-2.14;-3.64,-1.79;-4.06,-1.77;-4.38,-1.84;-4.49,-1.82;-4.59,-1.87;-4.97,-1.82
-4.78,-2.07|-5.53,-2.20;-5.52,-2.54;-4.96,-2.33;-4.83,-2.29;-4.73,-2.36;-4.60,-2.36;-4.28,-2.42;-3.55,-2.34;-3.79,-1.89;-4.45,-1.86;-4.61,-1.83;-4.73,-1.84;-4.82,-1.84;-4.96,-1.79;-5.17,-1.80;-5.52,-1.91
-5.24,-2.19|-5.74,-2.31;-5.78,-2.57;-5.44,-3.41;-5.19,-2.42;-5.12,-2.37;-4.85,-2.43;-4.15,-2.37;-4.01,-1.90;-4.82,-1.88;-5.06,-1.89;-5.19,-1.85;-5.32,-1.85;-5.46,-1.89;-5.71,-1.90;-5.72,-2.11
-5.56,-2.27|-5.94,-2.40;-5.95,-2.60;-6.11,-3.36;-5.65,-3.42;-5.45,-2.61;-5.41,-2.45;-5.26,-2.42;-3.17,-2.45;-4.55,-1.94;-5.18,-1.95;-5.37,-1.89;-5.53,-1.91;-5.67,-1.95;-5.85,-1.93;-5.89,-2.10;-5.85,-2.25
-5.56,-2.27|-5.85,-3.41;-5.39,-3.44;-5.42,-2.50;-5.34,-2.43;-4.86,-2.45;-3.73,-2.00;-4.99,-1.93;-5.28,-1.90;-5.46,-1.87;-5.61,-1.94;-5.77,-1.91;-5.89,-2.02;-5.86,-2.19;-5.89,-2.32;-5.94,-2.50;-5.89,-2.71
-5.57,-2.35|-4.59,-2.50;-4.18,-2.01;-5.04,-1.96;-5.33,-1.95;-5.51,-1.93;-5.66,-1.99;-5.85,-1.97;-5.90,-2.15;-5.88,-2.30;-5.95,-2.44;-5.96,-2.64;-5.93,-2.94;-5.74,-3.50;-5.29,-3.47;-5.42,-2.55;-5.36,-2.47
-5.56,-2.35|-5.51,-3.45;-5.42,-2.66;-5.41,-2.50;-5.28,-2.45;-4.82,-2.00;-5.22,-1.97;-5.42,-1.95;-5.58,-1.95;-5.75,-1.97;-5.90,-2.05;-5.87,-2.24;-5.91,-2.37;-5.94,-2.53;-5.97,-3.48
-5.56,-2.37|-5.84,-3.49;-5.39,-3.49;-5.44,-2.56;-5.36,-2.51;-4.62,-2.59;-4.98,-2.01;-5.27,-1.97;-5.46,-1.93;-5.62,-1.98;-5.82,-1.95;-5.89,-2.13;-5.87,-2.29;-5.96,-2.43;-5.98,-2.62;-5.97,-2.93
-5.56,-2.44|-5.69,-3.54;-5.26,-3.50;-5.42,-2.61;-5.42,-2.52;-4.85,-2.52;-4.17,-2.04;-5.02,-2.00;-5.30,-1.96;-5.51,-1.97;-5.67,-2.05;-5.87,-2.06;-5.87,-2.27;-5.90,-2.40;-5.93,-2.54;-5.93,-2.73;-6.11,-3.43
-5.67,-2.84|-6.04,-3.72;-5.67,-3.70;-5.31,-3.70;-5.43,-3.08;-5.49,-2.91;-5.48,-2.84;-5.46,-2.75;-5.03,-2.20;-5.38,-2.16;-5.66,-2.21;-5.92,-2.22;-5.93,-2.57;-5.99,-2.70;-6.00,-2.84;-5.95,-2.95;-5.96,-3.13
-5.80,-3.22|-5.71,-3.89;-5.41,-3.89;-4.93,-3.88;-5.49,-3.30;-5.55,-3.18;-5.54,-3.07;-5.16,-2.38;-5.57,-2.36;-5.91,-2.37;-6.04,-2.80;-6.08,-3.00;-6.00,-3.16;-6.04,-3.25;-6.05,-3.36;-6.32,-3.89
-5.87,-3.67|-5.91,-4.13;-5.74,-4.10;-5.51,-4.11;-5.08,-4.09;-4.54,-3.80;-5.55,-3.57;-5.56,-3.42;-5.59,-3.15;-5.76,-2.59;-6.08,-2.98;-6.05,-3.45;-6.08,-3.55;-6.53,-3.60;-6.52,-3.86;-6.43,-4.13;-6.13,-4.16
-5.93,-3.88|-4.62,-4.07;-5.32,-3.73;-5.55,-3.60;-5.28,-2.80;-5.77,-2.76;-6.08,-3.27;-6.10,-3.65;-6.58,-3.49;-6.58,-3.79;-6.60,-4.05;-6.27,-4.14;-6.12,-4.20;-5.98,-4.23;-5.84,-4.24;-5.63,-4.28;-5.22,-4.30
-5.62,-3.79|-6.19,-4.08;-5.92,-4.14;-5.76,-4.21;-5.60,-4.16;-5.42,-4.20;-5.12,-4.22;-4.40,-4.19;-5.37,-3.66;-5.41,-3.55;-5.26,-2.66;-5.71,-2.68;-5.95,-3.16;-5.92,-3.54;-6.42,-3.54;-6.42,-3.86
-6.08,-3.80|-6.64,-3.58;-6.64,-3.81;-6.66,-4.05;-6.37,-4.10;-6.24,-4.20;-6.07,-4.17;-5.91,-4.19;-5.67,-4.19;-5.12,-4.17;-4.62,-3.77;-5.66,-3.62;-5.69,-3.39;-5.63,-2.66;-6.10,-2.66;-6.17,-3.58;-6.62,-3.28
-6.42,-3.70|-6.91,-3.59;-6.90,-3.78;-6.96,-4.04;-6.65,-4.02;-6.52,-4.10;-6.36,-4.11;-6.15,-4.14;-5.84,-4.12;-4.91,-4.06;-5.69,-3.59;-5.93,-3.40;-5.66,-2.65;-6.17,-2.64;-6.46,-3.49;-6.88,-2.96;-6.95,-3.32
-6.74,-3.63|-7.23,-3.74;-7.25,-3.99;-6.96,-3.98;-6.82,-4.05;-6.66,-4.02;-6.46,-4.03;-6.15,-4.01;-5.19,-3.90;-6.02,-3.47;-6.26,-3.29;-6.03,-2.51;-6.55,-2.54;-6.79,-3.43;-7.26,-2.91;-7.30,-3.28
-7.07,-3.56|-7.56,-3.44;-7.54,-3.63;-7.61,-3.89;-7.30,-3.88;-7.17,-3.97;-7.00,-3.96;-6.82,-3.97;-6.48,-3.99;-5.58,-3.92;-6.35,-3.45;-6.57,-3.26;-6.30,-2.52;-6.80,-2.50;-7.10,-3.36;-7.52,-2.81;-7.59,-3.17
-7.09,-3.56|-7.61,-3.60;-7.61,-3.82;-7.43,-3.95;-7.23,-3.97;-7.06,-3.93;-6.88,-3.97;-6.60,-3.98;-5.82,-3.97;-6.58,-3.30;-6.63,-3.02;-6.72,-2.41;-7.11,-3.31;-7.64,-2.48;-7.59,-3.13;-7.56,-3.40
-7.41,-3.56|-7.77,-3.50;-7.75,-3.64;-7.77,-3.82;-7.66,-3.96;-7.46,-3.89;-7.32,-3.95;-7.11,-3.99;-6.75,-3.97;-5.79,-3.84;-7.28,-3.47;-7.33,-3.10;-7.66,-2.47;-7.76,-3.08;-7.77,-3.34
-7.49,-3.54|-7.73,-2.77;-7.81,-3.15;-7.79,-3.39;-7.82,-3.51;-7.79,-3.63;-7.82,-3.81;-7.71,-3.93;-7.53,-3.86;-7.37,-3.95;-7.13,-4.00;-6.71,-3.97;-5.80,-3.72;-6.80,-3.34;-7.33,-3.41;-7.32,-3.22;-7.38,-2.46
-7.49,-3.41|-7.85,-2.39;-7.81,-3.06;-7.83,-3.25;-7.81,-3.40;-7.81,-3.53;-7.82,-3.70;-7.72,-3.89;-7.51,-3.82;-7.33,-3.87;-7.05,-3.90;-6.61,-3.84;-5.77,-3.51;-7.34,-3.36;-7.35,-3.11;-7.44,-2.38
-7.64,-3.13|-7.87,-2.68;-7.88,-2.92;-7.90,-3.04;-7.88,-3.25;-7.87,-3.39;-7.83,-3.69;-7.61,-3.66;-7.34,-3.74;-6.90,-3.78;-7.42,-3.20;-7.38,-3.11;-7.38,-3.00;-7.44,-2.90;-7.34,-2.25;-7.70,-2.27
-7.66,-3.10|-7.83,-2.24;-7.87,-2.78;-7.91,-2.93;-7.92,-3.05;-7.90,-3.15;-7.88,-3.26;-7.86,-3.41;-7.78,-3.72;-7.52,-3.74;-7.22,-3.75;-6.76,-3.69;-7.42,-3.15;-7.39,-3.05;-7.41,-2.94;-7.44,-2.78;-7.49,-2.23
-7.68,-2.77|-7.70,-2.06;-7.87,-2.35;-7.90,-2.56;-7.88,-2.69;-7.91,-2.78;-7.93,-2.88;-7.88,-2.98;-7.86,-3.26;-7.65,-3.52;-7.32,-3.56;-7.42,-3.01;-7.39,-2.88;-7.45,-2.76;-7.47,-2.68;-7.45,-2.53;-7.40,-2.04
-7.68,-2.34|-7.71,-1.86;-7.91,-1.86;-7.85,-2.19;-7.90,-2.26;-7.89,-2.35;-7.85,-2.42;-7.94,-2.63;-7.90,-2.96;-7.63,-3.28;-7.18,-3.37;-7.43,-2.56;-7.47,-2.41;-7.43,-2.32;-7.39,-2.20;-7.42,-2.04;-7.51,-1.85
-7.68,-2.00|-7.67,-1.67;-7.79,-1.71;-7.94,-1.73;-7.88,-1.92;-7.85,-2.00;-7.88,-2.08;-7.87,-2.19;-7.89,-2.50;-7.70,-3.18;-7.21,-3.18;-7.44,-2.25;-7.42,-2.12;-7.39,-2.01;-7.40,-1.89;-7.41,-1.75;-7.54,-1.69
-7.67,-1.95|-7.38,-2.47;-7.44,-2.13;-7.38,-2.03;-7.37,-1.92;-7.37,-1.79;-7.44,-1.67;-7.57,-1.62;-7.69,-1.67;-7.82,-1.66;-7.94,-1.73;-7.86,-1.89;-7.84,-1.97;-7.88,-2.07;-7.88,-2.21;-7.91,-2.77;-7.54,-3.16
-7.67,-1.95|-7.23,-3.12;-7.42,-2.21;-7.42,-2.06;-7.37,-1.96;-7.40,-1.85;-7.42,-1.73;-7.53,-1.66;-7.65,-1.62;-7.77,-1.67;-7.92,-1.68;-7.92,-1.84;-7.85,-1.94;-7.85,-2.02;-7.87,-2.14;-7.88,-2.43;-7.70,-3.13
-7.61,-2.28|-7.53,-3.32;-7.39,-2.72;-7.43,-2.44;-7.41,-2.35;-7.40,-2.27;-7.33,-2.14;-7.37,-2.00;-7.46,-1.81;-7.65,-1.82;-7.85,-1.81;-7.81,-2.11;-7.85,-2.21;-7.88,-2.30;-7.84,-2.40;-7.90,-2.61;-7.90,-3.15
-7.59,-2.71|-7.60,-3.46;-7.26,-3.55;-7.38,-2.93;-7.36,-2.81;-7.42,-2.71;-7.43,-2.64;-7.41,-2.53;-7.37,-2.18;-7.58,-2.00;-7.87,-2.02;-7.84,-2.45;-7.82,-2.61;-7.87,-2.70;-7.88,-2.82;-7.84,-2.95;-7.88,-3.38
-7.58,-3.23|-7.56,-3.72;-7.33,-3.76;-6.99,-3.76;-6.06,-3.77;-7.37,-3.21;-7.34,-3.11;-7.38,-3.00;-7.34,-2.55;-7.63,-2.26;-7.85,-2.67;-7.85,-2.98;-7.88,-3.12;-7.83,-3.24;-7.86,-3.36;-7.83,-3.50;-7.77,-3.75
-7.57,-3.45|-7.37,-3.90;-7.08,-3.92;-6.36,-3.92;-6.56,-3.43;-7.41,-3.38;-7.33,-3.20;-7.41,-3.04;-7.59,-2.36;-7.83,-2.85;-7.88,-3.15;-7.82,-3.35;-7.85,-3.45;-7.81,-3.56;-7.86,-3.75;-7.75,-3.90;-7.56,-3.83
-7.41,-3.72|-7.05,-4.04;-6.65,-3.98;-5.76,-3.63;-6.79,-3.42;-6.84,-3.09;-7.32,-3.46;-7.47,-2.53;-7.80,-2.91;-7.83,-3.34;-7.76,-3.59;-7.76,-3.74;-7.76,-3.89;-7.67,-4.01;-7.49,-3.97;-7.39,-4.03;-7.26,-4.03
-7.33,-3.78|-6.69,-4.07;-5.77,-3.82;-6.68,-3.53;-6.78,-3.25;-6.78,-2.53;-7.31,-2.56;-7.79,-2.61;-7.76,-3.34;-7.74,-3.60;-7.71,-3.78;-7.71,-3.93;-7.61,-4.05;-7.44,-4.01;-7.34,-4.07;-7.23,-4.05;-7.04,-4.09
-6.92,-3.81|-5.54,-3.58;-6.49,-3.54;-6.56,-3.30;-6.63,-2.53;-7.06,-2.98;-7.50,-2.89;-7.59,-3.34;-7.53,-3.67;-7.23,-4.00;-7.12,-4.09;-6.98,-4.07;-6.87,-4.10;-6.74,-4.09;-6.53,-4.09;-5.92,-4.04
-6.60,-3.75|-5.87,-3.56;-6.33,-3.55;-6.36,-3.34;-6.42,-2.51;-6.83,-2.85;-6.87,-3.39;-7.39,-3.28;-7.39,-3.64;-7.37,-3.95;-6.99,-4.05;-6.77,-4.04;-6.64,-4.08;-6.52,-4.05;-6.35,-4.07;-6.01,-4.09;-5.40,-3.92
-6.50,-3.72|-6.54,-2.55;-6.82,-3.01;-6.83,-3.41;-7.30,-3.42;-7.37,-3.76;-6.99,-3.95;-6.77,-4.02;-6.62,-4.05;-6.48,-4.03;-6.34,-4.07;-6.16,-4.03;-5.54,-4.08;-5.31,-3.68;-6.06,-3.53;-6.30,-3.51;-6.33,-3.27
-6.61,-3.34|-6.82,-2.71;-6.92,-2.98;-6.88,-3.21;-6.87,-3.32;-7.43,-3.62;-7.07,-3.74;-6.85,-3.82;-6.64,-3.87;-6.42,-3.90;-6.18,-3.83;-5.53,-3.87;-6.08,-3.37;-6.34,-3.25;-6.37,-3.13;-6.14,-2.38;-6.54,-2.34
-6.64,-3.29|-6.86,-2.63;-6.94,-2.94;-6.88,-3.17;-6.91,-3.27;-7.38,-3.54;-7.25,-3.83;-6.88,-3.79;-6.67,-3.86;-6.44,-3.85;-6.20,-3.79;-5.56,-3.82;-6.36,-3.31;-6.35,-3.19;-6.40,-3.08;-6.18,-2.35;-6.57,-2.32
-6.66,-3.23|-6.92,-2.36;-6.96,-2.87;-6.88,-3.11;-6.92,-3.21;-6.92,-3.31;-7.32,-3.77;-6.98,-3.82;-6.72,-3.81;-6.50,-3.77;-6.23,-3.76;-5.64,-3.79;-6.35,-3.27;-6.38,-3.15;-6.43,-3.05;-6.15,-2.29;-6.56,-2.26
-6.68,-2.90|-6.71,-2.16;-6.90,-2.44;-6.96,-2.65;-6.98,-2.79;-6.90,-2.91;-6.92,-3.02;-6.90,-3.15;-6.96,-3.66;-6.65,-3.68;-6.34,-3.63;-5.89,-3.62;-6.38,-3.01;-6.41,-2.89;-6.45,-2.79;-5.98,-2.13;-6.39,-2.10
-6.70,-2.57|-6.77,-1.98;-6.89,-2.23;-6.94,-2.39;-6.95,-2.51;-6.97,-2.61;-6.91,-2.70;-6.92,-2.86;-6.95,-3.47;-6.59,-3.46;-6.21,-3.43;-6.39,-2.81;-6.43,-2.65;-6.41,-2.54;-5.56,-1.93;-6.22,-1.95;-6.52,-1.91
-6.71,-2.24|-6.67,-1.83;-6.84,-1.80;-6.92,-1.98;-6.90,-2.14;-6.93,-2.22;-6.95,-2.32;-6.97,-2.46;-6.89,-2.58;-6.82,-3.30;-6.39,-3.32;-6.41,-2.62;-6.42,-2.40;-6.28,-2.29;-5.22,-1.80;-6.19,-1.82;-6.45,-1.76
-6.64,-1.98|-5.17,-1.69;-6.20,-1.69;-6.41,-1.64;-6.58,-1.68;-6.71,-1.67;-6.85,-1.68;-6.91,-1.81;-6.87,-1.94;-6.86,-2.02;-6.91,-2.37;-6.89,-3.18;-6.41,-3.18;-6.41,-2.33;-6.32,-2.20;-5.59,-2.20
-6.52,-2.00|-5.15,-1.65;-6.12,-1.70;-6.32,-1.66;-6.47,-1.65;-6.59,-1.71;-6.75,-1.69;-6.83,-1.82;-6.80,-1.96;-6.83,-2.08;-6.86,-2.26;-6.79,-2.46;-6.69,-3.18;-6.22,-3.20;-6.33,-2.25;-6.24,-2.17;-5.44,-2.16
-6.40,-2.01|-5.68,-1.73;-6.08,-1.70;-6.25,-1.67;-6.39,-1.67;-6.51,-1.71;-6.71,-1.68;-6.76,-1.85;-6.73,-2.01;-6.80,-2.17;-6.79,-2.39;-6.90,-3.19;-6.41,-3.18;-6.28,-2.30;-6.21,-2.20;-5.85,-2.24
-6.35,-2.02|-5.72,-1.73;-6.05,-1.70;-6.22,-1.68;-6.36,-1.66;-6.48,-1.73;-6.69,-1.70;-6.72,-1.87;-6.71,-2.03;-6.78,-2.21;-6.75,-2.44;-6.79,-3.18;-6.31,-3.25;-6.25,-2.22;-6.15,-2.20;-5.76,-2.24
-6.28,-2.03|-5.68,-1.75;-6.01,-1.73;-6.16,-1.69;-6.42,-1.71;-6.65,-1.68;-6.70,-1.87;-6.69,-2.04;-6.74,-2.24;-6.69,-2.47;-6.71,-3.19;-6.23,-3.23;-6.19,-2.23;-6.09,-2.20;-5.70,-2.24
-6.18,-2.03|-5.30,-1.70;-5.82,-1.70;-6.02,-1.68;-6.17,-1.67;-6.31,-1.68;-6.48,-1.71;-6.67,-1.81;-6.63,-2.01;-6.69,-2.22;-6.66,-2.47;-6.72,-3.20;-6.20,-2.37;-6.11,-2.22;-6.02,-2.20;-5.70,-2.25
-5.78,-1.97|-4.72,-1.74;-5.39,-1.70;-5.59,-1.67;-5.73,-1.69;-5.86,-1.62;-6.03,-1.62;-6.22,-1.68;-6.45,-1.85;-6.48,-2.12;-6.46,-2.44;-5.92,-2.18;-5.82,-2.16;-5.74,-2.17;-5.58,-2.25;-5.42,-2.20;-4.52,-2.19
-5.35,-1.91|-3.23,-1.84;-4.83,-1.67;-5.15,-1.70;-5.26,-1.66;-5.36,-1.66;-5.47,-1.65;-5.67,-1.60;-6.17,-1.59;-6.22,-1.93;-6.27,-2.32;-5.56,-2.13;-5.45,-2.18;-5.34,-2.20;-5.23,-2.17;-5.00,-2.24;-4.64,-2.17
-4.79,-1.88|-2.98,-1.84;-4.26,-1.64;-4.57,-1.65;-4.68,-1.59;-4.80,-1.65;-4.89,-1.66;-5.03,-1.65;-5.55,-1.58;-5.92,-1.90;-5.30,-2.10;-5.10,-2.19;-4.90,-2.14;-4.79,-2.21;-4.67,-2.16;-4.49,-2.17;-4.08,-2.16
-4.68,-1.87|-2.94,-1.85;-4.19,-1.66;-4.43,-1.62;-4.58,-1.62;-4.68,-1.59;-4.77,-1.68;-4.91,-1.65;-5.37,-1.60;-5.89,-1.89;-5.22,-2.10;-4.96,-2.16;-4.80,-2.16;-4.68,-2.20;-4.57,-2.14;-4.39,-2.16;-4.00,-2.15
-4.24,-1.88|-2.74,-1.95;-3.68,-1.68;-3.98,-1.64;-4.13,-1.64;-4.23,-1.63;-4.34,-1.61;-4.48,-1.62;-4.86,-1.59;-5.67,-1.81;-4.94,-2.13;-4.56,-2.17;-4.36,-2.13;-4.25,-2.16;-4.14,-2.15;-3.94,-2.21;-3.70,-2.13
-3.78,-1.89|-2.49,-1.91;-3.33,-1.71;-3.54,-1.66;-3.70,-1.71;-3.78,-1.63;-3.88,-1.62;-4.02,-1.64;-4.31,-1.66;-5.44,-1.86;-4.38,-2.12;-4.05,-2.14;-3.89,-2.14;-3.79,-2.18;-3.65,-2.21;-3.53,-2.14;-3.10,-2.19
-3.39,-1.91|-2.32,-1.99;-2.26,-1.53;-3.15,-1.70;-3.27,-1.68;-3.37,-1.65;-3.46,-1.71;-3.65,-1.60;-4.02,-1.59;-5.27,-1.77;-4.15,-2.16;-3.65,-2.14;-3.54,-2.21;-3.41,-2.21;-3.32,-2.13;-3.19,-2.14;-2.86,-2.17
-3.16,-1.91|-2.21,-1.93;-2.15,-1.51;-2.99,-1.74;-3.07,-1.69;-3.16,-1.66;-3.27,-1.65;-3.38,-1.69;-3.76,-1.65;-5.14,-1.87;-3.77,-2.15;-3.46,-2.19;-3.29,-2.19;-3.17,-2.14;-3.08,-2.13;-2.95,-2.13;-2.60,-2.16
-2.65,-1.91|-1.94,-1.94;-1.92,-1.64;-2.41,-1.69;-2.54,-1.66;-2.64,-1.70;-2.73,-1.71;-2.87,-1.67;-3.14,-1.69;-4.89,-1.83;-3.28,-2.14;-2.90,-2.14;-2.75,-2.12;-2.66,-2.15;-2.56,-2.17;-2.43,-2.15;-2.18,-2.13
-2.29,-1.92|-1.75,-1.91;-1.75,-1.69;-1.76,-1.38;-2.00,-1.20;-2.29,-1.67;-2.40,-1.68;-2.50,-1.71;-2.90,-1.67;-3.00,-2.22;-2.51,-2.13;-2.29,-2.18;-2.19,-2.16;-2.05,-2.15;-1.72,-2.15
-1.98,-1.88|-1.57,-1.72;-1.54,-1.46;-1.66,-1.17;-1.96,-1.14;-2.24,-1.19;-2.20,-1.64;-2.33,-1.72;-2.82,-2.20;-2.27,-2.15;-2.09,-2.12;-1.98,-2.15;-1.88,-2.13;-1.78,-2.08;-1.59,-2.05;-1.59,-1.89
-1.79,-1.80|-2.38,-1.12;-2.15,-1.62;-3.30,-1.69;-2.87,-2.16;-2.17,-2.13;-1.94,-2.10;-1.81,-2.10;-1.71,-2.05;-1.55,-2.08;-1.52,-1.94;-1.50,-1.82;-1.48,-1.70;-1.52,-1.57;-1.48,-1.17;-1.74,-1.14;-2.02,-1.12
-1.95,-1.64|-1.56,-1.01;-1.85,-1.05;-2.10,-1.02;-2.36,-1.07;-2.09,-1.55;-2.27,-1.59;-3.87,-2.11;-2.50,-2.04;-2.20,-2.06;-2.01,-2.03;-1.86,-2.00;-1.70,-1.98;-1.58,-1.86;-1.57,-1.70;-1.59,-1.55;-1.56,-1.36
-1.83,-1.36|-1.79,-0.88;-1.99,-0.88;-2.22,-0.91;-2.88,-0.83;-2.85,-1.29;-3.17,-1.81;-2.35,-1.81;-2.09,-1.88;-1.87,-1.88;-1.66,-1.88;-1.56,-1.67;-1.51,-1.52;-1.53,-1.38;-1.47,-1.24;-1.42,-1.00;-1.62,-0.95
-1.84,-1.05|-2.41,-1.25;-2.06,-1.24;-2.18,-1.75;-1.88,-1.74;-1.60,-1.73;-1.51,-1.41;-1.55,-1.19;-1.49,-1.07;-1.53,-0.94;-1.52,-0.76;-1.71,-0.78;-1.83,-0.72;-1.96,-0.72;-2.12,-0.74;-2.54,-0.72
-1.93,-1.06|-2.14,-1.77;-1.86,-1.72;-1.57,-1.72;-1.53,-1.38;-1.56,-1.17;-1.54,-1.02;-1.53,-0.84;-1.69,-0.76;-1.84,-0.75;-1.96,-0.72;-2.09,-0.75;-2.24,-0.80;-2.69,-0.83;-2.40,-1.31;-2.09,-1.26
-1.93,-1.06|-2.58,-1.24;-2.15,-1.23;-2.31,-1.72;-2.02,-1.72;-1.76,-1.69;-1.60,-1.49;-1.59,-1.25;-1.53,-1.11;-1.60,-0.97;-1.53,-0.75;-1.78,-0.79;-1.89,-0.73;-2.02,-0.74;-2.16,-0.77;-2.48,-0.75
-1.93,-1.06|-2.09,-1.22;-2.20,-1.72;-1.93,-1.74;-1.63,-1.77;-1.57,-1.41;-1.60,-1.19;-1.55,-1.06;-1.50,-0.88;-1.68,-0.81;-1.81,-0.78;-1.93,-0.70;-2.07,-0.73;-2.21,-0.78;-2.69,-0.75;-3.88,-1.06;-2.41,-1.26
-1.93,-1.06|-3.27,-1.17;-2.37,-1.28;-2.09,-1.25;-2.15,-1.73;-1.88,-1.74;-1.58,-1.75;-1.56,-1.38;-1.57,-1.18;-1.57,-1.03;-1.51,-0.85;-1.69,-0.78;-1.83,-0.77;-1.96,-0.69;-2.10,-0.73;-2.25,-0.78;-2.72,-0.80
-2.25,-1.14|-2.72,-1.30;-2.49,-1.35;-2.32,-1.28;-2.26,-1.30;-2.03,-1.77;-1.71,-1.76;-1.71,-1.41;-1.71,-1.18;-1.72,-0.96;-1.90,-0.84;-2.06,-0.75;-2.23,-0.80;-2.35,-0.83;-2.57,-0.78;-2.84,-0.85
-2.61,-1.14|-4.86,-0.79;-3.18,-1.27;-2.82,-1.29;-2.73,-1.34;-2.64,-1.32;-2.57,-1.30;-2.51,-1.27;-1.91,-1.56;-1.92,-1.24;-1.87,-0.96;-2.17,-0.81;-2.38,-0.77;-2.56,-0.84;-2.70,-0.77;-2.85,-0.80;-3.08,-0.84
-2.98,-1.09|-3.42,-1.22;-3.17,-1.24;-3.07,-1.25;-3.01,-1.29;-2.92,-1.30;-2.82,-1.30;-2.70,-1.25;-2.11,-1.19;-2.04,-0.82;-2.53,-0.73;-2.82,-0.81;-2.94,-0.76;-3.07,-0.79;-3.21,-0.80;-3.53,-0.79
-3.43,-1.03|-5.77,-0.80;-3.96,-1.19;-3.63,-1.19;-3.57,-1.28;-3.46,-1.24;-3.38,-1.23;-3.24,-1.27;-2.99,-1.27;-2.30,-1.15;-2.58,-0.77;-3.10,-0.76;-3.29,-0.76;-3.41,-0.76;-3.50,-0.80;-3.68,-0.73;-4.09,-0.68
-3.78,-1.01|-5.95,-0.73;-4.47,-1.20;-4.02,-1.20;-3.87,-1.18;-3.80,-1.21;-3.71,-1.28;-3.61,-1.23;-3.25,-1.32;-2.49,-1.18;-2.79,-0.75;-3.43,-0.75;-3.66,-0.80;-3.74,-0.74;-3.85,-0.74;-3.99,-0.73;-4.32,-0.70
-4.28,-0.96|-6.22,-0.93;-5.00,-1.25;-4.58,-1.26;-4.37,-1.17;-4.28,-1.22;-4.19,-1.19;-4.09,-1.16;-3.84,-1.15;-2.73,-0.99;-3.52,-0.66;-4.01,-0.71;-4.16,-0.69;-4.27,-0.72;-4.37,-0.73;-4.54,-0.70;-4.85,-0.72
-4.77,-0.93|-6.46,-0.67;-5.51,-1.11;-5.09,-1.16;-4.92,-1.18;-4.81,-1.21;-4.71,-1.15;-4.57,-1.19;-4.38,-1.16;-2.99,-1.20;-4.16,-0.78;-4.48,-0.72;-4.62,-0.69;-4.73,-0.66;-4.83,-0.68;-4.97,-0.64
-4.95,-0.91|-6.56,-0.89;-5.55,-1.15;-5.20,-1.15;-5.07,-1.18;-4.96,-1.20;-4.85,-1.17;-4.73,-1.14;-4.44,-1.14;-3.05,-0.94;-4.34,-0.67;-4.72,-0.69;-4.82,-0.61;-4.95,-0.71;-5.06,-0.65;-5.18,-0.68;-5.50,-0.68
-5.50,-0.90|-6.80,-0.73;-6.23,-1.10;-5.80,-1.13;-5.64,-1.14;-5.54,-1.16;-5.43,-1.18;-5.26,-1.21;-5.05,-1.15;-3.31,-1.17;-4.93,-0.74;-5.23,-0.69;-5.36,-0.64;-5.48,-0.68;-5.58,-0.63;-5.73,-0.61;-5.98,-0.63
-5.89,-0.89|-7.01,-0.88;-6.64,-1.19;-6.15,-1.14;-6.00,-1.15;-5.90,-1.12;-5.78,-1.18;-5.66,-1.13;-5.32,-1.13;-5.21,-0.61;-5.64,-0.64;-5.79,-0.65;-5.89,-0.62;-5.99,-0.66;-6.13,-0.65;-6.28,-0.73
-6.21,-0.87|-7.17,-0.81;-6.88,-1.10;-6.51,-1.14;-6.35,-1.15;-6.23,-1.11;-6.13,-1.11;-5.93,-1.19;-5.54,-1.21;-5.59,-0.66;-5.95,-0.64;-6.11,-0.66;-6.20,-0.65;-6.30,-0.62;-6.36,-0.70;-6.62,-0.67
-6.46,-0.86|-7.30,-0.84;-7.21,-1.15;-6.75,-1.13;-6.59,-1.15;-6.47,-1.14;-6.36,-1.12;-6.22,-1.12;-5.79,-1.17;-5.83,-0.62;-6.23,-0.64;-6.36,-0.64;-6.45,-0.64;-6.52,-0.70;-6.67,-0.64;-7.80,-0.26
-6.94,-0.89|-7.57,-0.87;-7.55,-1.12;-7.19,-1.13;-7.05,-1.14;-6.94,-1.13;-6.82,-1.18;-6.68,-1.15;-6.25,-1.19;-6.31,-0.64;-6.77,-0.73;-6.83,-0.65;-6.93,-0.68;-7.02,-0.68;-7.67,-0.13;-7.96,-0.44
-7.33,-0.88|-7.72,-0.86;-7.77,-1.04;-7.65,-1.18;-7.45,-1.14;-7.34,-1.16;-7.23,-1.16;-7.11,-1.12;-6.86,-1.11;-6.49,-0.58;-7.05,-0.63;-7.23,-0.67;-7.30,-0.30;-7.60,-0.13;-7.96,-0.18;-8.19,-0.47
-7.53,-0.84|-8.03,-0.14;-8.34,-0.34;-7.80,-0.79;-7.88,-0.92;-7.83,-1.06;-7.72,-1.14;-7.57,-1.12;-7.46,-1.11;-7.31,-1.13;-7.03,-1.14;-6.09,-1.07;-6.56,-0.60;-7.28,-0.66;-7.34,-0.53;-7.41,-0.13;-7.70,-0.11
-7.78,-0.40|-8.02,0.12;-8.35,0.13;-8.40,-0.17;-8.41,-0.42;-7.94,-0.47;-7.92,-0.55;-7.95,-0.87;-7.76,-0.93;-7.54,-0.90;-7.21,-0.92;-6.43,-0.89;-7.46,-0.38;-7.49,-0.27;-7.49,-0.08;-7.61,0.07;-7.80,0.12
-7.94,-0.11|-8.18,0.23;-8.53,0.26;-8.47,-0.02;-8.48,-0.24;-8.45,-0.48;-8.04,-0.28;-8.04,-0.73;-7.78,-0.78;-7.48,-0.75;-6.95,-0.73;-7.56,-0.17;-7.50,-0.01;-7.56,0.16;-7.75,0.19;-7.87,0.26;-8.01,0.23
-8.00,0.02|-6.98,-0.65;-7.62,-0.05;-7.56,0.11;-7.61,0.29;-7.83,0.29;-7.95,0.30;-8.06,0.30;-8.20,0.31;-8.45,0.32;-8.56,0.13;-8.53,-0.09;-8.51,-0.33;-8.55,-0.81;-8.06,-0.27;-7.85,-0.73;-7.53,-0.68
-7.76,-0.21|-6.91,-0.81;-7.45,-0.28;-7.46,-0.16;-7.44,-0.01;-7.50,0.16;-7.68,0.16;-7.84,0.20;-8.03,0.21;-8.37,0.22;-8.38,-0.07;-8.41,-0.32;-7.97,-0.34;-7.92,-0.43;-7.90,-0.81;-7.67,-0.77;-7.38,-0.82
-7.69,-0.27|-8.38,-0.25;-8.35,-0.52;-7.89,-0.46;-7.92,-0.78;-7.71,-0.88;-7.47,-0.84;-7.15,-0.84;-6.53,-0.79;-7.41,-0.27;-7.44,-0.17;-7.42,-0.01;-7.50,0.17;-7.68,0.14;-7.86,0.15;-8.07,0.13;-8.40,0.04
-8.13,-0.22|-8.57,-0.15;-8.57,-0.33;-8.55,-0.53;-8.58,-0.97;-8.44,-2.35;-7.97,-0.86;-7.68,-0.81;-7.23,-0.75;-7.63,-0.29;-7.59,-0.08;-7.67,0.14;-7.90,0.18;-8.08,0.18;-8.25,0.22;-8.48,0.24;-8.62,0.07
-8.38,-0.21|-6.69,-0.76;-7.82,-0.17;-7.81,0.08;-8.01,0.22;-8.25,0.20;-8.41,0.16;-8.61,0.24;-8.73,0.09;-8.67,-0.12;-8.72,-0.24;-8.71,-0.38;-8.65,-0.53;-8.72,-1.26;-8.21,-2.26;-8.23,-0.50;-7.71,-0.78
-8.02,-0.36|-6.28,-0.99;-7.52,-0.34;-7.48,-0.11;-7.66,0.03;-7.86,0.07;-8.04,0.08;-8.24,0.11;-8.42,0.01;-8.38,-0.22;-8.44,-0.38;-8.42,-0.55;-8.49,-0.87;-8.49,-1.64;-8.00,-0.67;-7.75,-0.93;-7.40,-0.93
-7.70,-0.47|-5.96,-1.13;-7.18,-0.46;-7.17,-0.23;-7.35,-0.09;-7.55,-0.06;-7.72,-0.03;-7.91,-0.00;-8.10,-0.09;-8.08,-0.33;-8.14,-0.48;-8.12,-0.65;-8.19,-0.99;-8.20,-1.76;-7.69,-0.77;-7.45,-1.04;-7.09,-1.05
-7.39,-0.59|-6.03,-1.18;-6.86,-0.60;-6.83,-0.37;-6.99,-0.20;-7.20,-0.16;-7.38,-0.11;-7.56,-0.16;-7.79,-0.17;-7.77,-0.42;-7.84,-0.58;-7.82,-0.75;-7.88,-1.06;-7.86,-1.67;-7.40,-0.94;-7.16,-1.18;-6.84,-1.16
-7.07,-0.71|-5.73,-1.33;-6.53,-0.73;-6.51,-0.50;-6.67,-0.33;-6.87,-0.27;-7.05,-0.23;-7.23,-0.28;-7.46,-0.29;-7.44,-0.54;-7.52,-0.69;-7.49,-0.86;-7.58,-1.17;-7.56,-1.76;-7.09,-1.06;-6.85,-1.31;-6.53,-1.29
-6.97,-0.75|-7.13,-2.87;-6.89,-1.00;-6.50,-1.30;-6.00,-1.24;-6.42,-0.79;-6.39,-0.56;-6.47,-0.32;-6.73,-0.27;-6.94,-0.29;-7.10,-0.34;-7.34,-0.31;-7.45,-0.51;-7.40,-0.71;-7.40,-0.89;-7.32,-1.05;-7.35,-1.50
-6.97,-0.75|-7.35,-2.12;-6.93,-1.05;-6.66,-1.30;-6.27,-1.29;-5.16,-1.25;-6.49,-0.69;-6.45,-0.45;-6.65,-0.35;-6.85,-0.32;-7.03,-0.30;-7.24,-0.27;-7.40,-0.41;-7.34,-0.65;-7.38,-0.80;-7.37,-0.98;-7.42,-1.33
-6.97,-0.77|-7.43,-1.81;-6.98,-1.14;-6.74,-1.36;-6.41,-1.35;-5.63,-1.35;-6.42,-0.77;-6.40,-0.54;-6.55,-0.35;-6.78,-0.32;-6.97,-0.32;-7.14,-0.35;-7.38,-0.34;-7.34,-0.61;-7.40,-0.93;-7.44,-1.21
-6.98,-0.80|-7.37,-1.60;-7.10,-2.93;-6.91,-1.03;-6.46,-1.38;-5.91,-1.31;-6.39,-0.83;-6.39,-0.59;-6.49,-0.36;-6.76,-0.32;-6.96,-0.34;-7.14,-0.38;-7.39,-0.35;-7.39,-0.61;-7.41,-0.78;-7.40,-0.95;-7.34,-1.12
-7.01,-0.87|-7.10,-2.99;-6.91,-1.12;-6.55,-1.36;-6.04,-1.32;-6.42,-0.89;-6.43,-0.65;-6.50,-0.40;-6.78,-0.38;-6.99,-0.42;-7.16,-0.45;-7.41,-0.42;-7.47,-0.65;-7.42,-0.85;-7.40,-1.01;-7.33,-1.16;-7.35,-1.61
-7.01,-0.87|-7.35,-2.24;-6.96,-1.16;-6.68,-1.41;-6.22,-1.45;-4.85,-1.41;-6.49,-0.79;-6.48,-0.56;-6.69,-0.44;-6.89,-0.42;-7.07,-0.43;-7.31,-0.36;-7.43,-0.55;-7.39,-0.77;-7.39,-0.92;-7.38,-1.09;-7.43,-1.44
-7.01,-0.87|-6.29,-1.42;-5.15,-1.37;-6.47,-0.80;-6.49,-0.57;-6.68,-0.45;-6.90,-0.45;-7.29,-0.38;-7.43,-0.55;-7.38,-0.78;-7.41,-0.93;-7.38,-1.09;-7.43,-1.43;-7.37,-2.22;-6.97,-1.20;-6.96,-0.96
-7.01,-0.88|-7.43,-1.58;-7.32,-2.99;-6.95,-1.13;-6.59,-1.45;-6.05,-1.46;-6.43,-0.97;-6.41,-0.73;-6.48,-0.49;-6.74,-0.43;-6.94,-0.42;-7.11,-0.46;-7.36,-0.41;-7.41,-0.64;-7.41,-0.82;-7.41,-0.98;-7.37,-1.15
-7.22,-1.11|-7.58,-2.07;-7.15,-3.01;-7.10,-1.37;-7.04,-1.28;-7.04,-1.18;-7.07,-1.10;-6.53,-0.79;-6.76,-0.61;-7.02,-0.56;-7.24,-0.58;-7.48,-0.54;-7.47,-0.88;-7.53,-0.99;-7.54,-1.12;-7.50,-1.23;-7.58,-1.49
-7.31,-1.42|-7.61,-2.27;-7.22,-3.17;-7.12,-1.81;-7.15,-1.56;-7.11,-1.49;-7.07,-1.40;-7.09,-1.31;-6.73,-0.77;-7.06,-0.71;-7.35,-0.65;-7.50,-1.03;-7.54,-1.22;-7.56,-1.33;-7.50,-1.43;-7.62,-1.57;-7.60,-1.74
-7.38,-1.74|-7.52,-2.69;-7.04,-3.08;-7.04,-2.19;-7.14,-1.88;-7.17,-1.77;-7.19,-1.69;-7.11,-1.54;-6.88,-0.90;-7.25,-0.85;-7.59,-0.89;-7.59,-1.45;-7.54,-1.64;-7.60,-1.70;-7.64,-1.80;-7.63,-1.92;-7.58,-2.07
-7.44,-2.06|-7.59,-3.18;-7.11,-3.28;-7.12,-2.48;-7.11,-2.25;-7.15,-2.09;-7.17,-1.98;-7.20,-1.87;-7.17,-1.59;-7.31,-1.05;-7.62,-1.40;-7.61,-1.84;-7.68,-1.92;-7.65,-2.03;-7.67,-2.12;-7.63,-2.20;-7.67,-2.45
-7.48,-2.38|-7.62,-3.71;-7.17,-3.41;-7.13,-2.80;-7.12,-2.57;-7.12,-2.41;-7.19,-2.29;-7.19,-2.14;-7.16,-1.78;-7.36,-1.22;-7.60,-1.96;-7.69,-2.12;-7.68,-2.27;-7.64,-2.36;-7.63,-2.42;-7.70,-2.56;-7.68,-2.74
-7.49,-2.59|-7.22,-3.58;-7.16,-3.02;-7.16,-2.78;-7.10,-2.64;-7.15,-2.50;-7.18,-2.35;-7.22,-2.14;-7.32,-1.32;-7.62,-2.09;-7.67,-2.36;-7.64,-2.50;-7.67,-2.57;-7.69,-2.65;-7.68,-2.74;-7.67,-2.91;-7.65,-3.81
-7.34,-2.87|-7.08,-3.39;-7.08,-3.09;-7.05,-2.97;-7.06,-2.85;-7.03,-2.71;-7.10,-2.59;-7.15,-2.28;-7.46,-1.41;-7.62,-2.34;-7.55,-2.69;-7.62,-2.78;-7.62,-2.90;-7.61,-3.01;-7.61,-3.19;-7.56,-3.55;-7.26,-3.93
-7.28,-2.99|-7.04,-3.41;-7.05,-3.16;-7.02,-3.06;-7.04,-2.95;-7.03,-2.84;-7.05,-2.67;-7.12,-2.39;-7.49,-1.45;-7.59,-2.45;-7.54,-2.79;-7.59,-2.90;-7.57,-3.02;-7.59,-3.16;-7.51,-3.28;-7.53,-3.91;-7.15,-3.95
-7.29,-2.98|-7.08,-2.48;-7.27,-1.52;-7.56,-2.30;-7.55,-2.72;-7.62,-2.84;-7.58,-2.98;-7.57,-3.10;-7.57,-3.26;-7.55,-3.59;-7.30,-4.04;-7.06,-3.55;-7.06,-3.22;-7.04,-3.09;-7.04,-2.99;-7.01,-2.87;-7.03,-2.73
-7.22,-2.75|-7.03,-3.36;-7.01,-3.00;-7.02,-2.85;-6.99,-2.77;-6.97,-2.67;-7.01,-2.57;-7.03,-2.40;-7.08,-1.36;-7.46,-1.92;-7.52,-2.37;-7.50,-2.59;-7.56,-2.71;-7.55,-2.84;-7.57,-3.03;-7.52,-3.31;-7.33,-3.91
-7.18,-3.07|-7.19,-4.00;-7.02,-3.47;-7.02,-3.23;-6.99,-3.15;-6.99,-3.07;-7.00,-3.00;-6.95,-2.84;-7.01,-2.67;-7.16,-1.54;-7.47,-2.34;-7.46,-2.77;-7.52,-2.92;-7.50,-3.06;-7.54,-3.21;-7.47,-3.35;-7.54,-3.91
-7.16,-3.39|-7.14,-4.16;-7.01,-3.74;-7.03,-3.52;-7.03,-3.44;-6.99,-3.39;-6.97,-3.31;-6.97,-3.19;-6.97,-2.90;-7.21,-1.70;-7.54,-2.55;-7.53,-3.05;-7.47,-3.27;-7.55,-3.40;-7.44,-3.52;-7.49,-3.74;-7.49,-4.24
-7.17,-3.71|-7.14,-4.32;-6.99,-4.09;-7.00,-3.87;-6.99,-3.78;-7.03,-3.71;-7.03,-3.65;-7.00,-3.52;-6.96,-3.13;-7.27,-1.89;-7.51,-3.00;-7.51,-3.41;-7.55,-3.58;-7.46,-3.73;-7.48,-3.86;-7.44,-4.02;-7.41,-4.40
-7.16,-4.00|-7.47,-4.46;-7.27,-4.55;-7.07,-4.46;-7.00,-4.24;-7.01,-4.10;-7.00,-4.03;-7.00,-3.97;-7.01,-3.90;-7.03,-3.81;-6.99,-3.20;-7.46,-2.33;-7.54,-3.41;-7.48,-3.78;-7.45,-3.94;-7.48,-4.06;-7.44,-4.18
-7.19,-4.04|-7.49,-4.43;-7.34,-4.57;-7.14,-4.48;-7.06,-4.28;-7.00,-4.19;-7.03,-4.08;-7.00,-4.02;-7.00,-3.93;-7.05,-3.86;-6.97,-3.23;-7.41,-2.34;-7.53,-3.45;-7.45,-3.84;-7.48,-3.96;-7.50,-4.08;-7.48,-4.20
-7.35,-4.32|-7.51,-4.68;-7.36,-4.71;-7.24,-4.62;-7.10,-4.59;-7.14,-4.42;-7.05,-4.33;-7.11,-4.23;-7.10,-4.09;-7.07,-3.73;-7.26,-2.18;-7.63,-3.55;-7.56,-4.09;-7.58,-4.21;-7.53,-4.31;-7.56,-4.40;-7.59,-4.55
-7.39,-4.39|-7.55,-4.05;-7.59,-4.21;-7.57,-4.33;-7.55,-4.40;-7.64,-4.51;-7.59,-4.62;-7.51,-4.72;-7.37,-4.75;-7.26,-4.66;-7.12,-4.64;-7.18,-4.47;-7.08,-4.38;-7.12,-4.27;-7.10,-4.08;-7.05,-3.46;-7.50,-2.16
-7.39,-4.39|-7.68,-3.02;-7.58,-4.11;-7.61,-4.25;-7.56,-4.36;-7.57,-4.43;-7.62,-4.55;-7.58,-4.69;-7.45,-4.75;-7.32,-4.73;-7.22,-4.65;-7.11,-4.57;-7.15,-4.44;-7.11,-4.33;-7.13,-4.21;-7.14,-4.01;-7.19,-3.33
-7.37,-3.89|-7.55,-3.23;-7.62,-3.57;-7.55,-3.79;-7.57,-3.87;-7.57,-3.94;-7.57,-4.04;-7.63,-4.34;-7.46,-4.49;-7.24,-4.42;-7.13,-4.21;-7.12,-4.04;-7.08,-3.93;-7.10,-3.82;-7.09,-3.68;-7.01,-3.27
-7.36,-3.34|-7.38,-1.64;-7.57,-2.84;-7.62,-3.09;-7.59,-3.25;-7.62,-3.35;-7.59,-3.44;-7.53,-3.52;-7.54,-3.82;-7.34,-4.22;-7.11,-3.92;-7.09,-3.61;-7.12,-3.44;-7.07,-3.34;-7.07,-3.22;-7.05,-3.02;-7.11,-2.72
-7.35,-2.87|-7.41,-1.44;-7.63,-2.27;-7.57,-2.68;-7.60,-2.78;-7.63,-2.88;-7.60,-2.98;-7.62,-3.16;-7.54,-3.38;-7.31,-3.99;-7.06,-3.50;-7.08,-3.12;-7.07,-2.98;-7.07,-2.86;-7.03,-2.72;-7.10,-2.60;-7.17,-2.36
-7.34,-2.53|-7.17,-1.28;-7.53,-1.81;-7.60,-2.18;-7.60,-2.37;-7.56,-2.50;-7.61,-2.60;-7.61,-2.74;-7.61,-3.00;-7.51,-3.80;-7.12,-3.35;-7.07,-2.88;-7.06,-2.68;-7.05,-2.57;-7.08,-2.46;-7.11,-2.35;-7.13,-2.17
-7.32,-2.08|-7.31,-1.06;-7.57,-1.45;-7.55,-1.84;-7.62,-1.95;-7.59,-2.08;-7.56,-2.18;-7.56,-2.32;-7.61,-2.78;-7.33,-3.61;-7.06,-2.71;-7.02,-2.38;-7.10,-2.17;-7.09,-2.08;-7.12,-2.00;-7.14,-1.90;-7.11,-1.58
-7.33,-1.63|-7.40,-0.79;-7.56,-1.20;-7.57,-1.43;-7.53,-1.57;-7.60,-1.65;-7.61,-1.78;-7.59,-1.94;-7.57,-2.38;-7.19,-3.30;-7.05,-2.18;-7.08,-1.84;-7.15,-1.69;-7.14,-1.62;-7.06,-1.49;-7.10,-1.36;-7.07,-0.82
-7.33,-1.36|-6.79,-0.76;-7.09,-0.69;-7.37,-0.64;-7.49,-1.01;-7.53,-1.18;-7.58,-1.27;-7.53,-1.37;-7.53,-1.45;-7.61,-1.66;-7.64,-2.21;-7.25,-3.15;-7.13,-1.78;-7.16,-1.51;-7.11,-1.44;-7.08,-1.35;-7.10,-1.25
-7.33,-1.36|-7.19,-2.45;-7.12,-1.72;-7.15,-1.50;-7.10,-1.42;-7.07,-1.33;-7.11,-1.24;-6.82,-0.72;-7.13,-0.68;-7.41,-0.63;-7.51,-1.02;-7.53,-1.20;-7.57,-1.29;-7.51,-1.38;-7.64,-1.54;-7.63,-1.75;-7.63,-2.45
-7.31,-1.82|-7.50,-3.47;-7.10,-2.07;-7.10,-1.93;-7.13,-1.84;-7.13,-1.77;-7.07,-1.63;-6.81,-0.92;-7.20,-0.95;-7.47,-1.22;-7.54,-1.52;-7.53,-1.69;-7.61,-1.78;-7.59,-1.89;-7.58,-2.03;-7.63,-2.40
-7.33,-2.37|-7.30,-3.74;-7.10,-2.90;-7.08,-2.61;-7.05,-2.48;-7.09,-2.37;-7.12,-2.28;-7.12,-2.15;-7.11,-1.80;-7.36,-1.18;-7.53,-1.93;-7.64,-2.08;-7.62,-2.26;-7.57,-2.38;-7.58,-2.48;-7.56,-2.96
-7.32,-2.79|-7.30,-3.93;-7.07,-3.37;-7.08,-3.03;-7.09,-2.88;-7.04,-2.79;-7.03,-2.67;-7.08,-2.55;-7.12,-2.31;-7.34,-1.38;-7.58,-2.19;-7.58,-2.54;-7.58,-2.69;-7.63,-2.80;-7.58,-2.90;-7.61,-3.09;-7.58,-3.44
-7.33,-2.86|-7.51,-1.82;-7.57,-2.48;-7.56,-2.70;-7.62,-2.80;-7.59,-2.91;-7.60,-3.04;-7.57,-3.21;-7.56,-3.95;-7.17,-3.73;-7.13,-3.17;-7.05,-3.05;-7.09,-2.91;-7.04,-2.81;-7.03,-2.67;-7.09,-2.52;-7.02,-1.45
-7.35,-2.47|-7.37,-1.24;-7.54,-2.03;-7.61,-2.22;-7.60,-2.37;-7.57,-2.47;-7.62,-2.59;-7.60,-2.73;-7.57,-3.03;-7.33,-3.78;-7.08,-2.73;-7.05,-2.59;-7.06,-2.47;-7.13,-2.37;-7.11,-2.22;-7.10,-1.84
-7.35,-2.13|-7.40,-1.05;-7.58,-1.65;-7.61,-1.89;-7.59,-2.05;-7.61,-2.14;-7.57,-2.23;-7.61,-2.41;-7.62,-2.85;-7.30,-3.59;-7.08,-2.73;-7.05,-2.42;-7.11,-2.22;-7.10,-2.12;-7.11,-2.02;-7.17,-1.93;-6.96,-1.07
-7.37,-1.80|-7.50,-0.88;-7.57,-1.47;-7.54,-1.68;-7.63,-1.74;-7.63,-1.96;-7.59,-2.09;-7.60,-2.68;-7.18,-3.23;-7.08,-2.30;-7.11,-2.01;-7.14,-1.87;-7.19,-1.78;-7.13,-1.66;-7.12,-1.47;-7.14,-0.90
-7.41,-1.48|-7.37,-0.73;-7.55,-1.07;-7.57,-1.30;-7.59,-1.39;-7.55,-1.47;-7.61,-1.55;-7.67,-1.71;-7.62,-1.92;-7.50,-3.29;-7.14,-2.23;-7.16,-1.75;-7.20,-1.58;-7.16,-1.49;-7.11,-1.37;-6.65,-0.80;-7.07,-0.77
-7.39,-1.36|-7.32,-3.22;-7.07,-2.05;-7.19,-1.55;-7.14,-1.45;-7.09,-1.35;-7.14,-1.24;-6.80,-0.72;-7.14,-0.67;-7.42,-0.66;-7.55,-1.02;-7.56,-1.20;-7.60,-1.28;-7.55,-1.36;-7.54,-1.43;-7.65,-1.63;-7.59,-1.90
-7.40,-1.86|-7.54,-3.47;-7.14,-2.68;-7.05,-2.27;-7.14,-1.99;-7.13,-1.89;-7.19,-1.80;-7.12,-1.64;-6.91,-0.93;-7.32,-0.98;-7.58,-1.28;-7.55,-1.67;-7.60,-1.76;-7.65,-1.84;-7.63,-1.94;-7.62,-2.05;-7.64,-2.34
-7.41,-2.21|-7.41,-3.66;-7.13,-2.88;-7.10,-2.52;-7.08,-2.35;-7.14,-2.21;-7.15,-2.10;-7.18,-1.98;-6.94,-1.09;-7.41,-1.10;-7.55,-1.86;-7.64,-1.98;-7.63,-2.12;-7.63,-2.21;-7.59,-2.28;-7.63,-2.42;-7.61,-2.68
-7.42,-2.62|-7.53,-3.86;-7.19,-3.35;-7.13,-2.97;-7.14,-2.77;-7.08,-2.65;-7.12,-2.53;-7.12,-2.37;-7.05,-1.93;-7.30,-1.28;-7.57,-2.14;-7.61,-2.39;-7.58,-2.54;-7.62,-2.60;-7.68,-2.71;-7.64,-2.81;-7.65,-3.06
-7.42,-2.87|-7.13,-1.42;-7.63,-1.81;-7.64,-2.54;-7.62,-2.74;-7.66,-2.82;-7.65,-2.91;-7.62,-3.00;-7.62,-3.17;-7.56,-3.56;-7.22,-3.90;-7.08,-3.39;-7.10,-3.09;-7.11,-2.94;-7.10,-2.81;-7.11,-2.66;-7.16,-2.48
-7.36,-2.55|-7.12,-1.25;-7.56,-1.64;-7.64,-2.15;-7.60,-2.40;-7.58,-2.51;-7.60,-2.61;-7.62,-2.74;-7.63,-2.97;-7.53,-3.45;-7.11,-3.75;-7.09,-2.96;-7.07,-2.74;-7.06,-2.61;-7.07,-2.49;-7.11,-2.38;-7.14,-2.21
-7.32,-2.20|-7.26,-1.13;-7.56,-1.51;-7.56,-1.93;-7.60,-2.06;-7.59,-2.18;-7.55,-2.28;-7.58,-2.43;-7.61,-2.80;-7.40,-3.64;-7.09,-2.85;-7.04,-2.50;-7.04,-2.33;-7.11,-2.21;-7.10,-2.12;-7.14,-2.04;-7.08,-1.70
-7.31,-1.79|-7.32,-0.91;-7.54,-1.27;-7.54,-1.56;-7.55,-1.69;-7.62,-1.79;-7.58,-1.91;-7.56,-2.05;-7.57,-2.45;-7.28,-3.44;-7.05,-2.38;-7.09,-2.00;-7.09,-1.88;-7.13,-1.78;-7.14,-1.71;-7.07,-1.54;-6.96,-0.90
-7.30,-1.36|-6.77,-0.76;-7.07,-0.71;-7.34,-0.65;-7.48,-0.99;-7.53,-1.15;-7.55,-1.27;-7.53,-1.37;-7.53,-1.47;-7.58,-1.68;-7.60,-2.23;-7.19,-3.15;-7.09,-1.78;-7.14,-1.50;-7.09,-1.43;-7.05,-1.34;-7.09,-1.26
-7.29,-1.36|-7.53,-2.50;-7.10,-2.40;-7.09,-1.66;-7.13,-1.47;-7.08,-1.41;-7.05,-1.32;-7.10,-1.24;-6.83,-0.70;-7.14,-0.69;-7.42,-0.65;-7.51,-1.02;-7.51,-1.21;-7.54,-1.31;-7.49,-1.40;-7.61,-1.57;-7.58,-1.78
-7.39,-1.66|-7.63,-2.33;-7.31,-3.34;-7.10,-2.28;-7.13,-1.89;-7.16,-1.74;-7.19,-1.65;-7.10,-1.52;-7.14,-1.39;-7.10,-0.84;-7.44,-0.78;-7.59,-1.23;-7.58,-1.49;-7.57,-1.60;-7.63,-1.67;-7.66,-1.78;-7.64,-1.93
-7.46,-1.85|-7.59,-1.24;-7.58,-1.67;-7.63,-1.74;-7.68,-1.81;-7.66,-1.90;-7.64,-1.98;-7.63,-2.12;-7.61,-2.72;-7.16,-3.21;-7.11,-2.35;-7.15,-2.05;-7.17,-1.90;-7.22,-1.80;-7.17,-1.66;-6.90,-0.99;-7.29,-0.93
-7.45,-1.85|-7.17,-2.62;-7.11,-2.21;-7.16,-1.98;-7.21,-1.86;-7.20,-1.76;-7.11,-1.54;-7.04,-0.97;-7.41,-0.89;-7.59,-1.47;-7.58,-1.71;-7.67,-1.75;-7.67,-1.84;-7.67,-1.93;-7.66,-2.04;-7.70,-2.39;-7.51,-3.49
-7.36,-2.16|-7.12,-3.34;-7.08,-2.58;-7.04,-2.38;-7.11,-2.21;-7.12,-2.12;-7.13,-2.01;-7.10,-1.77;-7.14,-1.06;-7.51,-1.39;-7.64,-1.98;-7.61,-2.12;-7.59,-2.21;-7.55,-2.30;-7.62,-2.56;-7.57,-3.23
-7.29,-2.48|-7.07,-3.50;-7.03,-2.86;-7.03,-2.65;-7.01,-2.53;-7.06,-2.43;-7.09,-2.33;-7.11,-2.19;-7.07,-1.23;-7.56,-1.25;-7.58,-2.07;-7.59,-2.29;-7.55,-2.43;-7.56,-2.54;-7.59,-2.69;-7.60,-2.95;-7.47,-3.47
-7.25,-2.80|-7.19,-3.86;-7.08,-3.16;-7.04,-2.87;-7.00,-2.78;-6.98,-2.67;-7.03,-2.55;-7.07,-2.28;-7.33,-1.38;-7.52,-2.23;-7.50,-2.57;-7.53,-2.70;-7.58,-2.82;-7.53,-2.93;-7.55,-3.13;-7.63,-3.90
-7.21,-3.11|-7.06,-4.01;-7.04,-3.38;-7.01,-3.26;-6.99,-3.16;-6.99,-3.08;-7.01,-2.99;-6.98,-2.79;-7.07,-2.49;-7.48,-1.54;-7.55,-2.58;-7.53,-2.88;-7.56,-3.04;-7.52,-3.17;-7.52,-3.31;-7.48,-3.50;-7.43,-4.09
-7.18,-3.34|-7.36,-4.22;-7.06,-3.95;-6.99,-3.64;-7.04,-3.44;-7.02,-3.37;-6.98,-3.30;-6.97,-3.20;-6.94,-2.98;-7.04,-2.58;-7.45,-2.03;-7.48,-2.90;-7.53,-3.11;-7.51,-3.28;-7.53,-3.41;-7.45,-3.52;-7.49,-3.80
-7.31,-3.65|-7.56,-4.23;-7.32,-4.36;-7.13,-4.10;-7.08,-3.89;-7.07,-3.76;-7.11,-3.66;-7.09,-3.57;-7.05,-3.41;-7.05,-3.07;-7.27,-1.83;-7.54,-3.06;-7.57,-3.38;-7.59,-3.53;-7.52,-3.65;-7.54,-3.74;-7.55,-3.89
-7.36,-3.78|-7.59,-2.90;-7.60,-3.47;-7.59,-3.65;-7.54,-3.76;-7.56,-3.83;-7.59,-3.95;-7.54,-4.09;-7.46,-4.43;-7.22,-4.34;-7.11,-4.12;-7.10,-3.94;-7.10,-3.82;-7.13,-3.72;-7.09,-3.58;-7.03,-3.22;-7.09,-1.88
-7.40,-3.44|-7.48,-1.69;-7.60,-3.02;-7.63,-3.23;-7.63,-3.35;-7.63,-3.45;-7.56,-3.52;-7.60,-3.66;-7.56,-3.91;-7.36,-4.26;-7.14,-3.97;-7.11,-3.70;-7.15,-3.53;-7.14,-3.43;-7.09,-3.29;-7.07,-3.08;-7.13,-2.69
-7.41,-3.08|-7.43,-1.48;-7.63,-2.87;-7.65,-2.99;-7.62,-3.09;-7.63,-3.18;-7.64,-3.31;-7.62,-3.60;-7.41,-4.07;-7.12,-3.77;-7.16,-3.33;-7.10,-3.21;-7.09,-3.08;-7.11,-2.96;-7.09,-2.75;-7.16,-2.46
-7.43,-2.55|-7.37,-1.28;-7.60,-2.08;-7.64,-2.32;-7.60,-2.47;-7.60,-2.55;-7.68,-2.65;-7.67,-2.77;-7.64,-3.02;-7.48,-3.85;-7.14,-3.32;-7.10,-2.90;-7.11,-2.70;-7.10,-2.57;-7.13,-2.44;-7.13,-2.28;-7.12,-1.88
-7.41,-2.28|-7.58,-3.26;-7.11,-3.60;-7.07,-2.75;-7.08,-2.48;-7.12,-2.32;-7.14,-2.21;-7.16,-2.10;-7.19,-1.92;-7.21,-1.10;-7.59,-1.48;-7.62,-1.97;-7.65,-2.13;-7.65,-2.24;-7.60,-2.32;-7.61,-2.42;-7.63,-2.63
-7.40,-2.68|-7.32,-3.83;-7.16,-3.15;-7.10,-2.93;-7.12,-2.77;-7.05,-2.65;-7.12,-2.54;-7.13,-2.36;-6.96,-1.34;-7.50,-1.29;-7.65,-2.19;-7.59,-2.51;-7.61,-2.61;-7.64,-2.69;-7.64,-2.80;-7.62,-2.93;-7.61,-3.31
-7.37,-3.20|-7.36,-4.13;-7.10,-3.83;-7.13,-3.43;-7.10,-3.31;-7.07,-3.20;-7.10,-3.08;-7.04,-2.86;-7.11,-2.54;-7.40,-1.54;-7.61,-2.65;-7.62,-2.96;-7.61,-3.11;-7.61,-3.20;-7.64,-3.32;-7.56,-3.40;-7.57,-3.71
-7.36,-3.55|-7.30,-4.31;-7.11,-4.04;-7.08,-3.79;-7.09,-3.64;-7.13,-3.53;-7.11,-3.42;-7.11,-3.25;-7.15,-2.89;-7.51,-1.76;-7.61,-3.34;-7.65,-3.46;-7.59,-3.57;-7.54,-3.64;-7.54,-3.76;-7.50,-3.98
-7.36,-3.79|-7.59,-3.83;-7.59,-3.93;-7.56,-4.06;-7.52,-4.42;-7.28,-4.35;-7.15,-4.15;-7.12,-3.98;-7.06,-3.87;-7.10,-3.75;-7.11,-3.64;-7.07,-3.40;-7.11,-2.79;-7.53,-2.67;-7.59,-3.41;-7.62,-3.60;-7.53,-3.75
-7.37,-3.79|-7.07,-1.89;-7.62,-2.76;-7.60,-3.47;-7.58,-3.66;-7.55,-3.76;-7.60,-3.84;-7.59,-3.95;-7.55,-4.07;-7.47,-4.43;-7.24,-4.35;-7.12,-4.13;-7.12,-3.94;-7.10,-3.83;-7.13,-3.73;-7.10,-3.59;-7.08,-3.32
-7.29,-3.47|-7.48,-1.72;-7.55,-3.00;-7.58,-3.24;-7.58,-3.38;-7.55,-3.50;-7.51,-3.59;-7.57,-3.82;-7.51,-4.25;-7.20,-4.19;-7.08,-3.84;-7.05,-3.66;-7.08,-3.53;-7.07,-3.44;-7.05,-3.34;-7.05,-3.18
-7.22,-3.15|-7.11,-2.45;-7.51,-1.93;-7.54,-2.70;-7.54,-2.95;-7.52,-3.10;-7.55,-3.23;-7.50,-3.35;-7.50,-3.61;-7.37,-4.11;-7.06,-3.83;-7.06,-3.37;-7.03,-3.26;-7.01,-3.18;-7.00,-3.09;-7.03,-3.00;-7.01,-2.80
-7.17,-2.81|-6.94,-1.41;-7.42,-1.76;-7.51,-2.34;-7.47,-2.63;-7.55,-2.75;-7.52,-2.89;-7.58,-3.10;-7.50,-3.34;-7.36,-3.97;-7.02,-3.43;-6.99,-3.06;-7.00,-2.92;-6.97,-2.84;-6.97,-2.76;-6.96,-2.66;-7.01,-2.55
-7.16,-2.74|-7.28,-1.36;-7.47,-2.14;-7.52,-2.44;-7.50,-2.63;-7.55,-2.77;-7.53,-2.93;-7.50,-3.14;-7.43,-3.57;-7.07,-3.81;-7.00,-3.06;-6.98,-2.89;-6.97,-2.80;-6.95,-2.72;-6.97,-2.64;-7.01,-2.56;-7.03,-2.33
-7.27,-2.39|-7.52,-1.58;-7.57,-2.02;-7.57,-2.23;-7.56,-2.36;-7.55,-2.47;-7.59,-2.66;-7.57,-2.97;-7.39,-3.75;-7.10,-2.93;-7.04,-2.66;-7.00,-2.53;-7.02,-2.41;-7.08,-2.32;-7.06,-2.21;-7.11,-2.08;-7.17,-1.20
-7.36,-2.07|-7.51,-1.35;-7.54,-1.81;-7.64,-1.89;-7.60,-2.03;-7.62,-2.13;-7.57,-2.22;-7.63,-2.49;-7.57,-3.18;-7.13,-3.14;-7.10,-2.45;-7.08,-2.25;-7.12,-2.11;-7.12,-2.02;-7.16,-1.94;-7.08,-1.64;-7.17,-1.03
-7.36,-2.04|-7.61,-2.78;-7.26,-3.50;-7.08,-2.60;-7.06,-2.31;-7.13,-2.12;-7.10,-2.03;-7.14,-1.94;-7.14,-1.79;-7.01,-1.03;-7.42,-0.99;-7.57,-1.61;-7.60,-1.83;-7.63,-1.95;-7.62,-2.06;-7.59,-2.16;-7.61,-2.34
-7.41,-2.36|-7.60,-3.71;-7.13,-3.43;-7.10,-2.78;-7.11,-2.54;-7.09,-2.40;-7.14,-2.29;-7.14,-2.15;-7.17,-1.95;-7.25,-1.18;-7.59,-1.69;-7.66,-2.03;-7.65,-2.22;-7.62,-2.33;-7.60,-2.41;-7.65,-2.54;-7.63,-2.72
-7.44,-2.70|-7.52,-3.89;-7.14,-3.59;-7.14,-3.04;-7.11,-2.86;-7.09,-2.72;-7.10,-2.58;-7.15,-2.44;-7.20,-2.21;-7.35,-1.38;-7.63,-2.15;-7.64,-2.47;-7.62,-2.61;-7.64,-2.68;-7.69,-2.78;-7.65,-2.88;-7.64,-3.10
-7.48,-3.03|-7.58,-3.71;-7.24,-3.99;-7.13,-3.49;-7.16,-3.22;-7.14,-3.08;-7.15,-2.94;-7.10,-2.74;-7.19,-2.54;-7.25,-1.47;-7.66,-2.31;-7.66,-2.78;-7.69,-2.90;-7.68,-3.00;-7.66,-3.07;-7.69,-3.18;-7.64,-3.29
-7.49,-3.04|-7.21,-2.06;-7.63,-1.83;-7.64,-2.77;-7.71,-2.87;-7.71,-2.98;-7.68,-3.06;-7.68,-3.14;-7.67,-3.27;-7.63,-3.50;-7.38,-4.07;-7.12,-3.72;-7.18,-3.29;-7.13,-3.15;-7.15,-3.00;-7.12,-2.83;-7.18,-2.65
-7.40,-2.72|-7.02,-1.38;-7.53,-1.66;-7.66,-2.26;-7.59,-2.57;-7.63,-2.66;-7.66,-2.75;-7.62,-2.85;-7.66,-3.06;-7.61,-3.47;-7.26,-3.82;-7.16,-3.15;-7.10,-2.95;-7.10,-2.80;-7.06,-2.68;-7.10,-2.55;-7.12,-2.37
-7.32,-2.40|-7.06,-1.20;-7.54,-1.18;-7.57,-2.01;-7.61,-2.20;-7.57,-2.35;-7.55,-2.45;-7.60,-2.59;-7.57,-2.78;-7.52,-3.35;-7.08,-3.65;-7.05,-2.82;-7.04,-2.59;-7.03,-2.46;-7.09,-2.36;-7.10,-2.26;-7.13,-2.13
-7.29,-2.27|-7.07,-2.30;-7.09,-2.21;-7.09,-2.12;-7.02,-1.79;-7.16,-1.17;-7.50,-1.51;-7.55,-1.94;-7.57,-2.12;-7.56,-2.24;-7.54,-2.35;-7.63,-2.55;-7.62,-2.88;-7.44,-3.69;-7.11,-2.87;-7.04,-2.58;-7.03,-2.41
-7.28,-2.28|-7.25,-3.62;-7.05,-2.81;-7.02,-2.38;-7.06,-2.27;-7.08,-2.19;-7.10,-2.09;-7.06,-1.70;-7.31,-1.13;-7.53,-1.72;-7.59,-1.99;-7.59,-2.16;-7.55,-2.28;-7.55,-2.39;-7.59,-2.60;-7.53,-2.92
-7.32,-2.73|-7.52,-3.89;-7.12,-3.61;-7.09,-3.05;-7.09,-2.88;-7.04,-2.78;-7.03,-2.66;-7.06,-2.54;-7.08,-2.34;-7.09,-1.35;-7.51,-1.89;-7.59,-2.35;-7.54,-2.59;-7.61,-2.68;-7.63,-2.80;-7.58,-2.91;-7.58,-3.14
-7.37,-3.05|-7.46,-4.06;-7.13,-3.80;-7.14,-3.32;-7.09,-3.19;-7.07,-3.07;-7.08,-2.96;-7.05,-2.79;-7.14,-2.61;-7.23,-1.50;-7.59,-2.32;-7.59,-2.78;-7.65,-2.90;-7.62,-3.02;-7.59,-3.12;-7.62,-3.25;-7.53,-3.36
-7.40,-3.37|-7.44,-4.24;-7.12,-4.15;-7.10,-3.71;-7.13,-3.50;-7.12,-3.39;-7.09,-3.27;-7.12,-3.12;-7.15,-2.87;-7.30,-1.67;-7.69,-2.54;-7.67,-3.07;-7.62,-3.27;-7.66,-3.36;-7.61,-3.45;-7.55,-3.51;-7.60,-3.79
-7.43,-3.70|-7.46,-4.38;-7.21,-4.28;-7.11,-4.04;-7.12,-3.84;-7.14,-3.71;-7.18,-3.60;-7.11,-3.40;-7.14,-3.05;-7.36,-1.86;-7.64,-3.14;-7.64,-3.47;-7.65,-3.60;-7.56,-3.69;-7.59,-3.76;-7.60,-3.86;-7.57,-4.01
-7.44,-3.77|-7.49,-2.23;-7.62,-3.38;-7.66,-3.57;-7.58,-3.72;-7.61,-3.78;-7.61,-3.85;-7.64,-3.98;-7.69,-4.41;-7.43,-4.43;-7.20,-4.33;-7.16,-4.05;-7.15,-3.89;-7.15,-3.77;-7.16,-3.65;-7.10,-3.41;-7.10,-2.86
-7.39,-3.25|-7.27,-1.59;-7.65,-2.46;-7.63,-2.97;-7.62,-3.14;-7.61,-3.23;-7.66,-3.33;-7.59,-3.42;-7.57,-3.60;-7.46,-4.16;-7.12,-4.08;-7.10,-3.59;-7.15,-3.37;-7.10,-3.27;-7.08,-3.15;-7.08,-2.98;-7.14,-2.75
-7.35,-2.92|-7.58,-2.26;-7.57,-2.67;-7.60,-2.80;-7.62,-2.90;-7.61,-3.01;-7.63,-3.16;-7.52,-3.26;-7.42,-4.00;-7.09,-3.69;-7.11,-3.19;-7.07,-3.06;-7.08,-2.94;-7.07,-2.82;-7.07,-2.67;-7.12,-2.44
-7.32,-2.58|-7.16,-1.28;-7.53,-1.82;-7.59,-2.24;-7.55,-2.45;-7.56,-2.55;-7.60,-2.66;-7.60,-2.80;-7.59,-3.05;-7.48,-3.83;-7.11,-3.37;-7.06,-2.92;-7.08,-2.72;-7.03,-2.62;-7.05,-2.51;-7.10,-2.41;-7.12,-2.23
-7.29,-2.27|-7.27,-1.16;-7.57,-1.55;-7.58,-1.96;-7.56,-2.15;-7.57,-2.26;-7.53,-2.36;-7.60,-2.55;-7.56,-2.87;-7.33,-3.69;-7.06,-2.87;-7.02,-2.55;-7.02,-2.39;-7.08,-2.27;-7.08,-2.18;-7.10,-2.08;-7.07,-1.76
-7.29,-1.85|-7.33,-0.93;-7.56,-1.27;-7.49,-1.67;-7.57,-1.75;-7.60,-1.86;-7.58,-1.98;-7.54,-2.12;-7.55,-2.54;-7.23,-3.46;-7.04,-2.40;-7.08,-2.04;-7.08,-1.93;-7.11,-1.84;-7.15,-1.79;-7.07,-1.60;-6.95,-0.91
-7.30,-1.41|-7.28,-0.74;-7.55,-0.76;-7.56,-1.13;-7.55,-1.30;-7.50,-1.40;-7.53,-1.49;-7.59,-1.68;-7.53,-1.92;-7.35,-3.24;-7.04,-2.09;-7.14,-1.58;-7.13,-1.48;-7.08,-1.41;-7.06,-1.31;-6.60,-0.74;-6.98,-0.70
-7.27,-0.97|-7.11,-0.46;-7.32,-0.46;-7.51,-0.51;-7.48,-0.80;-7.54,-0.89;-7.52,-0.99;-7.52,-1.10;-7.59,-1.36;-7.59,-2.02;-7.11,-2.60;-7.11,-1.26;-7.05,-1.15;-7.09,-1.02;-6.61,-0.90;-6.57,-0.60;-6.88,-0.49
-7.16,-0.78|-6.53,-0.81;-6.57,-0.57;-6.77,-0.42;-6.99,-0.40;-7.15,-0.40;-7.31,-0.37;-7.48,-0.43;-7.46,-0.64;-7.47,-0.77;-7.47,-0.89;-7.46,-1.05;-7.50,-1.49;-7.26,-2.96;-7.03,-1.14;-5.90,-1.37
-6.77,-0.91|-6.31,-0.97;-6.32,-0.78;-6.36,-0.58;-6.55,-0.51;-6.73,-0.49;-6.91,-0.45;-7.16,-0.43;-7.29,-1.06;-7.34,-1.37;-6.84,-1.03;-6.80,-1.12;-6.60,-1.51;-6.32,-1.48;-5.80,-1.45
-6.54,-0.96|-5.40,-1.53;-6.19,-0.99;-6.23,-0.86;-6.21,-0.68;-6.32,-0.53;-6.50,-0.47;-6.70,-0.47;-6.99,-0.45;-7.19,-0.64;-7.16,-0.92;-6.72,-1.02;-6.70,-1.10;-6.76,-1.39;-6.58,-1.52;-6.37,-1.48;-6.06,-1.52
-6.25,-1.19|-5.88,-1.63;-5.47,-1.60;-6.04,-1.12;-6.07,-1.04;-6.05,-0.81;-6.20,-0.63;-6.44,-0.60;-6.75,-0.60;-7.06,-0.78;-6.56,-1.17;-6.55,-1.29;-6.63,-1.51;-6.47,-1.62;-6.28,-1.58
-6.05,-1.44|-4.70,-1.71;-5.15,-1.26;-5.74,-1.24;-5.95,-1.28;-6.00,-1.15;-6.19,-0.75;-6.55,-0.71;-6.95,-0.85;-6.45,-1.37;-6.54,-1.54;-6.48,-1.73;-6.27,-1.76;-6.11,-1.72;-5.99,-1.76;-5.87,-1.72;-5.63,-1.73
-5.74,-1.50|-4.58,-1.80;-4.67,-1.34;-5.37,-1.28;-5.59,-1.30;-5.69,-1.28;-5.77,-1.29;-6.19,-0.76;-6.74,-0.76;-6.27,-1.37;-6.38,-1.60;-6.18,-1.77;-5.94,-1.77;-5.81,-1.76;-5.71,-1.75;-5.57,-1.79;-5.41,-1.75
-5.41,-1.55|-4.02,-1.83;-4.34,-1.34;-5.06,-1.31;-5.24,-1.29;-5.37,-1.36;-5.47,-1.27;-5.56,-1.31;-6.57,-0.77;-6.13,-1.40;-6.18,-1.70;-5.77,-1.78;-5.57,-1.78;-5.46,-1.80;-5.36,-1.81;-5.26,-1.77;-5.07,-1.77
-5.09,-1.59|-4.17,-1.29;-4.74,-1.29;-4.95,-1.32;-5.07,-1.31;-5.17,-1.34;-5.33,-1.31;-6.47,-0.89;-5.99,-1.52;-5.88,-1.85;-5.35,-1.81;-5.21,-1.82;-5.11,-1.79;-5.03,-1.77;-4.93,-1.78;-4.66,-1.81
-4.67,-1.61|-3.96,-1.34;-4.34,-1.30;-4.53,-1.30;-4.66,-1.29;-4.77,-1.34;-4.94,-1.33;-5.21,-1.37;-5.84,-1.59;-5.21,-1.83;-4.86,-1.79;-4.75,-1.80;-4.67,-1.79;-4.58,-1.85;-4.48,-1.81;-4.12,-1.85
-4.55,-1.62|-2.18,-1.56;-3.90,-1.33;-4.24,-1.30;-4.44,-1.33;-4.56,-1.30;-4.66,-1.37;-4.86,-1.32;-5.17,-1.38;-5.77,-1.65;-5.05,-1.84;-4.73,-1.81;-4.61,-1.79;-4.54,-1.82;-4.44,-1.86;-4.36,-1.80;-4.01,-1.82
-4.10,-1.59|-2.03,-1.52;-3.57,-1.35;-3.86,-1.33;-3.99,-1.29;-4.11,-1.31;-4.22,-1.32;-4.41,-1.30;-4.68,-1.37;-5.56,-1.64;-4.53,-1.79;-4.31,-1.82;-4.18,-1.80;-4.09,-1.83;-3.99,-1.84;-3.82,-1.85;-3.52,-1.81
-3.60,-1.59|-1.76,-1.67;-2.98,-1.37;-3.32,-1.33;-3.45,-1.28;-3.59,-1.34;-3.70,-1.33;-3.85,-1.32;-4.16,-1.33;-5.23,-1.52;-4.25,-1.83;-3.86,-1.82;-3.72,-1.84;-3.61,-1.87;-3.52,-1.81;-3.43,-1.78;-3.19,-1.78
-3.24,-1.59|-1.55,-1.56;-2.80,-1.40;-3.00,-1.34;-3.14,-1.36;-3.24,-1.31;-3.36,-1.30;-3.57,-1.27;-4.03,-1.28;-5.10,-1.62;-3.69,-1.78;-3.48,-1.85;-3.31,-1.77;-3.23,-1.81;-3.13,-1.83;-3.01,-1.80;-2.36,-1.93
-3.04,-1.58|-1.42,-1.62;-2.33,-1.31;-2.76,-1.31;-2.93,-1.33;-3.04,-1.35;-3.14,-1.34;-3.30,-1.32;-3.61,-1.33;-4.99,-1.54;-3.62,-1.81;-3.34,-1.87;-3.14,-1.81;-3.05,-1.82;-2.95,-1.82;-2.85,-1.79;-2.54,-1.80
-2.51,-1.59|-1.25,-1.48;-1.98,-1.32;-2.29,-1.32;-2.45,-1.39;-2.64,-1.34;-2.78,-1.36;-3.29,-1.34;-4.77,-1.78;-2.95,-1.82;-2.70,-1.81;-2.58,-1.80;-2.49,-1.80;-2.37,-1.86;-2.27,-1.79;-1.87,-1.79
-2.08,-1.60|-0.99,-1.64;-1.34,-1.32;-1.80,-1.34;-1.96,-1.34;-2.07,-1.34;-2.16,-1.39;-2.34,-1.32;-2.60,-1.36;-2.64,-1.81;-2.31,-1.81;-2.20,-1.86;-2.09,-1.81;-1.99,-1.84;-1.81,-1.89;-1.56,-1.84
-1.53,-1.61|-0.69,-1.67;-0.89,-1.40;-1.22,-1.34;-1.42,-1.39;-1.51,-1.35;-1.63,-1.32;-1.77,-1.34;-2.12,-1.32;-2.07,-1.79;-1.77,-1.82;-1.65,-1.86;-1.55,-1.90;-1.44,-1.88;-1.34,-1.83;-0.71,-2.01
-0.97,-1.67|-0.43,-1.72;-0.38,-1.48;-0.67,-1.41;-0.81,-1.35;-0.95,-1.36;-1.06,-1.41;-1.23,-1.36;-1.55,-1.37;-1.51,-1.84;-1.27,-1.92;-1.07,-1.85;-0.99,-1.86;-0.77,-2.33;-0.52,-2.21;-0.48,-1.92
-0.65,-1.74|-0.31,-1.87;-0.31,-1.59;-0.31,-1.38;-0.53,-1.42;-0.66,-1.38;-0.80,-1.40;-0.94,-1.46;-1.39,-1.45;-1.14,-1.95;-0.82,-1.92;-0.92,-2.42;-0.64,-2.40;-0.37,-2.38;-0.28,-2.10
-0.53,-1.80|-0.26,-2.26;-0.21,-2.04;-0.25,-1.87;-0.18,-1.75;-0.25,-1.64;-0.26,-1.44;-0.44,-1.46;-0.58,-1.41;-0.74,-1.43;-0.95,-1.48;-1.78,-1.47;-1.51,-1.93;-0.77,-1.94;-0.98,-2.39;-0.68,-2.39;-0.45,-2.37
-0.43,-2.11|-0.41,-2.51;-0.20,-2.58;-0.20,-2.32;-0.18,-2.20;-0.21,-2.09;-0.18,-1.99;-0.20,-1.85;-0.26,-1.62;-0.46,-1.59;-0.69,-1.58;-1.05,-1.56;-2.00,-1.57;-0.96,-2.14;-1.44,-2.60;-0.86,-2.59;-0.60,-2.58
-0.45,-2.37|-1.21,-2.69;-0.79,-2.71;-0.59,-2.72;-0.45,-2.65;-0.32,-2.67;-0.20,-2.61;-0.21,-2.46;-0.18,-2.37;-0.21,-2.27;-0.19,-2.10;-0.19,-1.72;-0.45,-1.74;-0.73,-1.70;-1.11,-1.71;-0.83,-2.21
-0.77,-2.38|-1.70,-2.75;-1.09,-2.69;-0.93,-2.75;-0.78,-2.70;-0.65,-2.69;-0.51,-2.66;-0.38,-2.55;-0.36,-2.39;-0.37,-2.22;-0.37,-1.99;-0.51,-1.76;-0.76,-1.70;-1.02,-1.76;-0.94,-2.21;-1.05,-2.26
-0.78,-2.38|-2.56,-2.80;-1.21,-2.69;-0.99,-2.73;-0.83,-2.71;-0.70,-2.70;-0.57,-2.67;-0.34,-2.65;-0.36,-2.45;-0.37,-2.29;-0.33,-2.06;-0.38,-1.73;-0.67,-1.71;-0.94,-1.71;-0.87,-2.25;-1.02,-2.23;-1.53,-2.26
-1.14,-2.49|-1.81,-2.81;-1.36,-2.73;-1.24,-2.77;-1.13,-2.78;-1.01,-2.77;-0.84,-2.77;-0.52,-2.71;-0.53,-2.46;-0.57,-2.22;-0.51,-1.78;-1.07,-2.30;-1.15,-2.26;-1.23,-2.30;-1.31,-2.34;-1.71,-2.29;-3.52,-2.61
-1.17,-2.50|-2.15,-2.79;-1.48,-2.75;-1.30,-2.75;-1.20,-2.78;-0.96,-2.77;-0.79,-2.71;-0.59,-2.57;-0.56,-2.33;-0.57,-2.03;-1.06,-2.31;-1.14,-2.26;-1.23,-2.29;-1.31,-2.33;-1.53,-2.31;-2.82,-2.32
-1.56,-2.58|-3.06,-2.78;-2.02,-2.85;-1.72,-2.80;-1.61,-2.79;-1.53,-2.80;-1.42,-2.81;-1.27,-2.80;-0.75,-2.79;-0.74,-2.47;-0.73,-2.10;-1.35,-2.31;-1.50,-2.38;-1.58,-2.37;-1.70,-2.33;-1.89,-2.33;-2.55,-2.32
-1.91,-2.61|-3.92,-2.66;-2.44,-2.85;-2.16,-2.88;-1.98,-2.81;-1.90,-2.80;-1.82,-2.80;-1.72,-2.78;-1.29,-2.85;-0.90,-2.58;-0.88,-2.15;-1.71,-2.40;-1.81,-2.36;-1.91,-2.34;-2.04,-2.32;-2.16,-2.37;-2.69,-2.31
-2.30,-2.63|-4.16,-2.79;-2.70,-2.83;-2.48,-2.83;-2.38,-2.88;-2.28,-2.89;-2.19,-2.84;-2.08,-2.82;-1.62,-2.85;-1.10,-2.53;-1.89,-2.41;-2.07,-2.35;-2.20,-2.31;-2.32,-2.38;-2.48,-2.29;-2.65,-2.34;-3.31,-2.31
-2.67,-2.66|-4.24,-2.67;-3.17,-2.87;-2.87,-2.86;-2.76,-2.88;-2.67,-2.85;-2.57,-2.88;-2.42,-2.90;-2.27,-2.82;-1.32,-2.64;-2.10,-2.41;-2.36,-2.33;-2.57,-2.40;-2.67,-2.31;-2.80,-2.36;-3.02,-2.32;-3.47,-2.33
-3.20,-2.61|-4.56,-2.55;-3.81,-2.83;-3.44,-2.83;-3.34,-2.91;-3.21,-2.83;-3.13,-2.82;-2.98,-2.85;-2.68,-2.86;-1.56,-2.69;-2.46,-2.35;-2.87,-2.31;-3.07,-2.33;-3.19,-2.31;-3.31,-2.30;-3.42,-2.37;-3.78,-2.34
-3.67,-2.59|-4.76,-2.64;-4.23,-2.85;-3.92,-2.87;-3.76,-2.84;-3.66,-2.82;-3.53,-2.88;-3.43,-2.81;-3.13,-2.79;-1.82,-2.52;-3.07,-2.32;-3.41,-2.32;-3.55,-2.28;-3.68,-2.36;-3.78,-2.34;-3.97,-2.31;-4.43,-2.31
-4.18,-2.58|-5.01,-2.51;-5.11,-2.88;-4.39,-2.76;-4.29,-2.79;-4.20,-2.85;-4.09,-2.84;-3.97,-2.82;-3.70,-2.82;-2.07,-2.75;-3.35,-2.31;-3.92,-2.35;-4.04,-2.31;-4.15,-2.28;-4.27,-2.30;-4.46,-2.25;-4.74,-2.29
-4.61,-2.55|-5.24,-2.51;-5.27,-2.78;-5.22,-3.09;-4.74,-2.82;-4.62,-2.76;-4.54,-2.76;-4.35,-2.83;-3.99,-2.84;-2.51,-2.66;-3.77,-2.25;-4.34,-2.30;-4.48,-2.28;-4.60,-2.28;-4.71,-2.27;-4.86,-2.27;-5.13,-2.30
-5.01,-2.52|-5.42,-2.53;-5.50,-2.74;-5.46,-2.99;-5.48,-3.73;-5.00,-2.90;-4.89,-2.78;-4.72,-2.79;-4.15,-2.85;-4.54,-2.31;-4.77,-2.27;-4.91,-2.25;-5.02,-2.22;-5.13,-2.25;-5.31,-2.23;-5.44,-2.35
-5.25,-2.56|-5.52,-3.78;-5.02,-3.84;-5.08,-2.82;-4.96,-2.77;-4.04,-2.83;-3.85,-2.32;-4.85,-2.31;-5.04,-2.26;-5.18,-2.26;-5.29,-2.31;-5.43,-2.28;-5.55,-2.35;-5.56,-2.49;-5.52,-2.61;-5.60,-2.78;-5.57,-3.02
-5.24,-2.68|-5.11,-3.88;-5.08,-2.98;-5.02,-2.86;-4.57,-2.88;-4.62,-2.34;-4.95,-2.32;-5.14,-2.31;-5.28,-2.37;-5.43,-2.34;-5.54,-2.44;-5.54,-2.60;-5.54,-2.71;-5.62,-2.89;-5.57,-3.09;-5.58,-3.84
-5.23,-2.72|-5.22,-3.86;-5.10,-3.03;-5.06,-2.89;-4.64,-2.96;-4.54,-2.42;-4.90,-2.37;-5.08,-2.34;-5.24,-2.37;-5.39,-2.34;-5.53,-2.43;-5.50,-2.61;-5.54,-2.72;-5.60,-2.87;-5.60,-3.09;-5.69,-3.86
-5.23,-2.75|-5.26,-3.87;-5.10,-3.09;-5.06,-2.93;-4.91,-2.89;-4.45,-2.46;-4.86,-2.41;-5.06,-2.37;-5.22,-2.39;-5.37,-2.38;-5.53,-2.43;-5.53,-2.62;-5.55,-2.74;-5.59,-2.89;-5.58,-3.08;-5.72,-3.86
-5.22,-2.78|-5.39,-3.92;-4.94,-3.90;-5.06,-2.99;-4.99,-2.91;-4.24,-2.92;-3.81,-2.41;-4.69,-2.38;-4.99,-2.38;-5.16,-2.35;-5.31,-2.43;-5.51,-2.39;-5.56,-2.58;-5.52,-2.74;-5.57,-2.87;-5.60,-3.06;-5.56,-3.35
-5.22,-2.87|-5.34,-3.96;-4.91,-3.93;-5.07,-3.06;-5.05,-2.96;-4.22,-2.97;-3.84,-2.45;-4.68,-2.43;-4.97,-2.40;-5.18,-2.41;-5.35,-2.46;-5.53,-2.49;-5.52,-2.70;-5.55,-2.83;-5.59,-2.97;-5.57,-3.15;-5.76,-3.85
-5.22,-2.93|-5.41,-4.01;-4.99,-3.96;-5.08,-3.14;-5.06,-3.03;-4.96,-2.98;-3.75,-2.61;-4.62,-2.51;-4.92,-2.45;-5.14,-2.44;-5.32,-2.47;-5.51,-2.53;-5.50,-2.75;-5.57,-2.87;-5.61,-3.02;-5.58,-3.18;-5.82,-3.87
-5.35,-3.29|-5.73,-4.16;-5.37,-4.18;-5.01,-4.15;-5.11,-3.54;-5.13,-3.38;-5.14,-3.29;-5.12,-3.20;-4.70,-2.66;-5.07,-2.64;-5.34,-2.66;-5.59,-2.69;-5.60,-3.03;-5.66,-3.15;-5.67,-3.28;-5.62,-3.39;-5.64,-3.57
-5.47,-3.65|-5.59,-4.33;-5.32,-4.30;-5.00,-4.30;-4.38,-4.32;-5.15,-3.70;-5.18,-3.58;-5.21,-3.46;-4.97,-2.84;-5.33,-2.79;-5.67,-2.83;-5.73,-3.29;-5.74,-3.48;-5.66,-3.62;-5.66,-3.69;-5.69,-3.80;-5.86,-4.27
-5.53,-4.10|-5.57,-4.55;-5.39,-4.55;-5.15,-4.56;-4.72,-4.53;-4.22,-4.22;-5.19,-4.00;-5.20,-3.83;-5.24,-3.55;-5.44,-3.03;-5.74,-3.44;-5.72,-4.00;-6.19,-4.04;-6.17,-4.30;-6.10,-4.57;-5.79,-4.58
-5.61,-4.38|-5.08,-4.69;-4.28,-4.57;-4.98,-4.21;-5.20,-4.07;-4.94,-3.24;-5.45,-3.21;-5.71,-4.00;-6.19,-3.61;-6.23,-4.01;-6.22,-4.29;-6.25,-4.54;-5.93,-4.62;-5.79,-4.67;-5.66,-4.68;-5.52,-4.72;-5.38,-4.69
-5.28,-4.34|-4.77,-4.21;-5.05,-4.17;-5.04,-3.94;-5.11,-3.13;-5.50,-3.50;-5.55,-3.99;-6.08,-3.87;-6.08,-4.23;-6.09,-4.55;-5.71,-4.67;-5.47,-4.67;-5.33,-4.67;-5.19,-4.68;-5.03,-4.68;-4.60,-4.74;-4.10,-4.51
-5.28,-4.34|-4.05,-4.34;-4.82,-4.15;-5.07,-4.13;-5.09,-3.88;-5.28,-3.19;-5.58,-3.61;-5.57,-4.05;-6.06,-4.02;-6.05,-4.34;-5.98,-4.64;-5.58,-4.65;-5.42,-4.69;-5.28,-4.67;-5.12,-4.71;-4.96,-4.66;-4.46,-4.68
-5.19,-4.33|-6.05,-4.47;-5.70,-4.64;-5.43,-4.67;-5.28,-4.68;-5.14,-4.65;-4.98,-4.69;-4.77,-4.64;-3.99,-4.63;-4.85,-4.12;-5.04,-4.12;-5.08,-3.85;-5.38,-3.16;-5.57,-3.71;-5.56,-4.07;-6.01,-4.14
-5.51,-4.25|-5.17,-4.09;-5.20,-3.90;-5.11,-3.10;-5.58,-3.09;-5.66,-3.94;-5.72,-4.07;-6.17,-4.02;-6.14,-4.29;-6.14,-4.56;-5.84,-4.62;-5.64,-4.62;-5.49,-4.65;-5.33,-4.62;-5.09,-4.63;-4.38,-4.64
-5.28,-4.20|-6.04,-4.32;-5.95,-4.61;-5.58,-4.61;-5.39,-4.65;-5.22,-4.58;-5.03,-4.62;-4.73,-4.61;-4.03,-4.50;-4.75,-4.12;-5.07,-4.07;-5.07,-3.91;-5.01,-3.04;-5.46,-3.11;-5.64,-3.62;-5.58,-3.99;-6.08,-4.01
-5.44,-4.16|-4.68,-4.63;-4.16,-4.36;-5.09,-4.08;-5.13,-3.93;-5.16,-3.70;-5.28,-3.08;-5.62,-3.46;-5.64,-3.90;-5.67,-4.03;-6.14,-4.06;-6.20,-4.35;-5.88,-4.48;-5.68,-4.56;-5.51,-4.60;-5.34,-4.57;-5.12,-4.61
-5.24,-4.22|-4.03,-4.54;-5.02,-4.09;-5.04,-3.96;-4.93,-3.06;-5.39,-3.11;-5.59,-3.61;-5.58,-3.96;-6.05,-4.00;-6.05,-4.33;-5.78,-4.54;-5.52,-4.59;-5.35,-4.64;-5.19,-4.59;-5.00,-4.62;-4.68,-4.64
-5.12,-4.23|-6.01,-4.16;-6.02,-4.53;-5.53,-4.58;-5.33,-4.65;-5.14,-4.57;-4.98,-4.64;-4.80,-4.59;-4.26,-4.67;-3.94,-4.32;-4.74,-4.11;-4.94,-4.08;-4.97,-3.94;-5.03,-3.06;-5.46,-3.18;-5.54,-3.73;-5.52,-4.03
-5.42,-4.16|-6.16,-4.41;-5.83,-4.51;-5.62,-4.56;-5.45,-4.61;-5.28,-4.58;-5.04,-4.60;-4.55,-4.59;-4.10,-4.25;-5.12,-4.06;-5.12,-3.90;-4.90,-3.11;-5.35,-3.11;-5.65,-3.50;-5.63,-3.93;-5.67,-4.04;-6.15,-4.11
-5.85,-4.28|-6.39,-4.37;-6.32,-4.57;-6.04,-4.55;-5.93,-4.64;-5.79,-4.62;-5.61,-4.66;-5.30,-4.66;-4.34,-4.60;-5.09,-4.14;-5.34,-3.94;-5.06,-3.12;-5.61,-3.14;-6.07,-3.10;-6.33,-3.54;-6.37,-3.91;-6.33,-4.17
-6.18,-4.26|-6.53,-4.21;-6.53,-4.35;-6.53,-4.51;-6.40,-4.62;-6.22,-4.54;-6.09,-4.63;-5.92,-4.63;-5.53,-4.66;-4.51,-4.53;-5.50,-4.10;-5.56,-3.81;-6.05,-4.06;-6.02,-3.27;-6.45,-3.11;-6.51,-3.81;-6.49,-4.07
-6.22,-4.25|-6.55,-3.58;-6.58,-3.94;-6.53,-4.15;-6.52,-4.27;-6.57,-4.43;-6.51,-4.58;-6.34,-4.61;-6.20,-4.58;-6.05,-4.60;-5.80,-4.62;-5.35,-4.55;-4.53,-4.14;-5.53,-3.91;-6.07,-4.08;-6.08,-3.82;-6.30,-3.09
-6.22,-4.08|-5.57,-4.58;-4.53,-4.55;-5.54,-4.00;-6.07,-4.00;-6.02,-3.83;-6.06,-3.52;-6.35,-3.03;-6.49,-3.59;-6.56,-3.81;-6.51,-4.00;-6.54,-4.12;-6.58,-4.29;-6.52,-4.47;-6.33,-4.48;-6.15,-4.57;-5.97,-4.52
-5.99,-4.32|-5.58,-4.66;-4.83,-4.68;-5.40,-4.01;-5.04,-3.17;-5.94,-4.16;-6.10,-3.12;-6.39,-3.57;-6.42,-3.97;-6.43,-4.19;-6.43,-4.36;-6.43,-4.56;-6.23,-4.62;-5.96,-4.63;-5.80,-4.68
-5.50,-4.37|-4.16,-4.32;-4.97,-4.13;-5.18,-4.02;-5.05,-3.14;-5.55,-3.18;-5.68,-3.98;-6.16,-4.12;-6.16,-4.39;-6.12,-4.65;-5.80,-4.69;-5.61,-4.66;-5.49,-4.71;-5.37,-4.66;-5.14,-4.71;-4.70,-4.67
-5.10,-4.37|-3.94,-4.32;-4.71,-4.19;-4.91,-4.16;-4.96,-3.99;-5.16,-3.16;-5.48,-3.56;-5.48,-4.02;-5.98,-4.05;-5.99,-4.41;-5.66,-4.63;-5.39,-4.69;-5.21,-4.68;-5.09,-4.66;-4.95,-4.70;-4.82,-4.63;-4.19,-4.70
-4.82,-4.38|-5.34,-3.19;-5.42,-3.80;-5.37,-4.16;-5.80,-4.40;-5.49,-4.67;-5.14,-4.71;-4.94,-4.67;-4.81,-4.72;-4.69,-4.67;-4.49,-4.70;-4.05,-4.69;-3.82,-4.36;-4.39,-4.19;-4.59,-4.15;-4.73,-4.14;-4.82,-4.15
-4.82,-4.37|-3.82,-4.24;-4.54,-4.21;-4.64,-4.14;-4.77,-4.17;-4.99,-3.14;-5.32,-3.51;-5.32,-3.99;-5.83,-4.11;-5.86,-4.52;-5.33,-4.67;-5.05,-4.67;-4.90,-4.69;-4.78,-4.67;-4.65,-4.65;-4.38,-4.70;-3.81,-4.64
-4.80,-4.37|-3.84,-4.41;-2.81,-3.64;-4.58,-4.17;-4.68,-4.12;-4.79,-4.16;-5.23,-3.19;-5.37,-3.75;-5.36,-4.11;-5.82,-4.33;-5.50,-4.63;-5.18,-4.72;-4.95,-4.70;-4.81,-4.71;-4.68,-4.68;-4.48,-4.71;-4.18,-4.66
-4.44,-4.46|-3.63,-4.69;-3.61,-4.36;-2.99,-3.65;-4.28,-4.25;-4.38,-4.24;-4.48,-4.17;-4.59,-4.20;-5.24,-3.83;-5.16,-4.26;-5.66,-4.60;-4.99,-4.77;-4.69,-4.77;-4.52,-4.72;-4.41,-4.71;-4.27,-4.77;-4.10,-4.73
-4.12,-4.55|-3.45,-4.68;-3.46,-4.42;-2.80,-3.66;-3.59,-3.76;-4.07,-4.29;-4.17,-4.31;-4.34,-4.22;-5.09,-3.90;-5.50,-4.27;-5.18,-4.76;-4.52,-4.82;-4.26,-4.76;-4.17,-4.80;-4.07,-4.80;-3.98,-4.76;-3.82,-4.75
-3.79,-4.58|-3.32,-4.52;-2.46,-3.84;-3.18,-3.80;-3.59,-3.86;-3.88,-3.83;-3.95,-4.31;-4.21,-4.24;-5.31,-4.15;-5.00,-4.72;-4.10,-4.75;-3.86,-4.80;-3.77,-4.77;-3.68,-4.78;-3.53,-4.79;-3.31,-4.72
-3.53,-4.53|-3.53,-3.80;-3.82,-3.82;-3.78,-4.27;-4.69,-4.05;-5.24,-4.53;-3.97,-4.71;-3.80,-4.80;-3.62,-4.76;-3.53,-4.76;-3.43,-4.77;-3.28,-4.77;-3.19,-4.66;-3.23,-4.52;-3.18,-4.38;-2.83,-3.82;-3.22,-3.78
-3.55,-4.42|-3.42,-3.69;-3.70,-3.71;-4.03,-3.72;-3.84,-4.23;-4.76,-4.19;-4.90,-4.69;-3.97,-4.70;-3.78,-4.76;-3.61,-4.70;-3.49,-4.73;-3.37,-4.69;-3.19,-4.65;-3.26,-4.47;-3.17,-4.34;-2.44,-3.66;-3.07,-3.69
-3.59,-3.99|-3.52,-3.57;-3.70,-3.49;-3.89,-3.56;-4.25,-3.56;-4.24,-3.87;-5.24,-4.34;-4.33,-4.50;-3.94,-4.53;-3.69,-4.49;-3.48,-4.52;-3.25,-4.49;-3.24,-4.22;-3.23,-4.05;-2.97,-3.55;-3.29,-3.52
-3.51,-3.70|-4.18,-4.38;-3.79,-4.39;-3.50,-4.35;-3.22,-4.38;-3.18,-4.03;-1.21,-3.69;-2.56,-3.31;-3.19,-3.38;-3.36,-3.35;-3.51,-3.41;-3.65,-3.35;-3.81,-3.40;-4.19,-3.42;-4.17,-3.70;-3.90,-3.87
-3.57,-3.77|-2.25,-3.92;-2.38,-3.43;-3.10,-3.39;-3.36,-3.38;-3.54,-3.44;-3.68,-3.39;-3.84,-3.43;-4.21,-3.41;-4.21,-3.69;-3.94,-3.87;-4.33,-4.37;-3.92,-4.39;-3.64,-4.36;-3.41,-4.36;-3.26,-4.17;-3.25,-3.95
-3.41,-3.80|-3.95,-3.83;-4.56,-4.35;-3.90,-4.35;-3.38,-4.41;-3.21,-4.22;-3.11,-4.07;-2.93,-3.97;-1.12,-3.69;-2.58,-3.41;-3.07,-3.43;-3.26,-3.40;-3.42,-3.48;-3.59,-3.40;-3.84,-3.41;-4.16,-3.53
-3.56,-3.81|-2.94,-3.90;-1.80,-3.38;-3.04,-3.43;-3.31,-3.40;-3.51,-3.46;-3.66,-3.40;-3.82,-3.45;-4.20,-3.42;-4.24,-3.70;-3.95,-3.90;-4.36,-4.40;-3.93,-4.42;-3.65,-4.40;-3.42,-4.39;-3.18,-4.04
-3.41,-3.83|-1.15,-3.54;-2.62,-3.38;-3.08,-3.41;-3.29,-3.39;-3.46,-3.48;-3.64,-3.43;-3.97,-3.40;-4.17,-3.63;-3.90,-3.90;-4.47,-4.45;-3.86,-4.41;-3.57,-4.42;-3.18,-4.23;-3.10,-4.07;-2.94,-3.96
-3.09,-3.81|-0.97,-3.52;-2.29,-3.34;-2.80,-3.42;-2.99,-3.43;-3.15,-3.40;-3.28,-3.48;-3.56,-3.45;-4.03,-3.56;-3.74,-3.89;-4.12,-4.41;-3.58,-4.45;-3.26,-4.44;-3.01,-4.41;-2.93,-4.08;-2.94,-3.92;-2.71,-3.91
-2.72,-3.68|-2.04,-3.29;-2.47,-3.36;-2.63,-3.35;-2.76,-3.36;-2.90,-3.38;-3.07,-3.41;-3.76,-3.40;-3.81,-3.83;-4.07,-4.46;-2.77,-3.87;-2.70,-3.87;-2.60,-3.88;-2.53,-3.83;-2.23,-3.81;-0.85,-3.43
-2.42,-3.56|-1.67,-3.28;-2.10,-3.26;-2.32,-3.33;-2.41,-3.34;-2.52,-3.30;-2.67,-3.30;-2.91,-3.34;-3.67,-3.52;-4.30,-4.27;-3.21,-4.31;-2.54,-3.83;-2.43,-3.82;-2.34,-3.77;-2.18,-3.81;-1.81,-3.84;-0.72,-3.61
-2.10,-3.46|-1.13,-3.23;-1.77,-3.22;-1.95,-3.21;-2.07,-3.24;-2.14,-3.30;-2.23,-3.28;-2.45,-3.25;-3.49,-3.24;-3.18,-3.72;-2.49,-3.74;-2.27,-3.75;-2.14,-3.72;-2.03,-3.77;-1.88,-3.76;-1.60,-3.77;-0.49,-3.72
-1.97,-3.43|-0.45,-3.54;-1.10,-3.15;-1.68,-3.19;-1.83,-3.17;-1.95,-3.20;-2.03,-3.23;-2.09,-3.29;-2.36,-3.24;-3.44,-3.32;-2.35,-3.76;-2.11,-3.72;-1.99,-3.75;-1.87,-3.72;-1.68,-3.76;-1.44,-3.70
-1.63,-3.50|-0.26,-3.79;-0.26,-3.25;-1.22,-3.24;-1.46,-3.25;-1.57,-3.20;-1.69,-3.21;-1.81,-3.23;-1.93,-3.30;-2.49,-3.32;-2.99,-3.76;-2.12,-3.82;-1.81,-3.77;-1.68,-3.75;-1.58,-3.80;-1.44,-3.80;-1.29,-3.73
-1.32,-3.57|-0.13,-3.83;-0.07,-3.34;-0.79,-3.23;-1.11,-3.27;-1.26,-3.31;-1.37,-3.28;-1.52,-3.26;-1.72,-3.29;-2.34,-3.35;-2.67,-3.82;-1.68,-3.80;-1.48,-3.80;-1.37,-3.83;-1.27,-3.84;-1.18,-3.78;-0.95,-3.83
-0.99,-3.63|0.04,-3.76;0.06,-3.34;-0.54,-3.28;-0.81,-3.32;-0.95,-3.30;-1.07,-3.34;-1.26,-3.29;-1.54,-3.32;-2.95,-3.39;-1.86,-3.87;-1.29,-3.87;-1.12,-3.86;-1.01,-3.80;-0.95,-3.79;-0.83,-3.83;-0.71,-3.79
-0.54,-3.67|0.27,-3.76;0.30,-3.43;0.26,-3.04;-0.33,-3.29;-0.50,-3.30;-0.63,-3.34;-0.80,-3.34;-1.22,-3.30;-2.76,-3.43;-1.11,-3.84;-0.72,-3.82;-0.63,-3.84;-0.56,-3.87;-0.50,-3.81;-0.35,-3.91;0.23,-4.10
-0.48,-3.68|0.31,-3.70;0.31,-3.38;0.24,-3.00;-0.32,-3.32;-0.47,-3.29;-0.60,-3.36;-0.79,-3.35;-1.20,-3.36;-2.75,-3.61;-1.04,-3.89;-0.66,-3.85;-0.57,-3.86;-0.49,-3.83;-0.44,-3.80;-0.30,-3.87;0.28,-4.02
0.01,-3.66|0.56,-3.38;0.53,-3.04;0.51,-2.10;-0.02,-3.31;-0.17,-3.30;-0.36,-3.34;-0.94,-3.35;-0.36,-3.85;-0.16,-3.86;-0.06,-3.88;0.06,-4.28;0.33,-4.27;0.53,-4.10;0.53,-3.83
0.34,-3.68|0.70,-3.72;0.69,-3.58;0.73,-3.36;0.69,-3.03;0.17,-3.12;-0.00,-3.27;-0.32,-3.33;-0.19,-3.84;0.07,-3.90;-0.01,-4.34;0.27,-4.33;0.53,-4.32;0.67,-4.09;0.68,-3.87
0.44,-3.70|0.81,-2.57;0.33,-2.23;0.25,-3.33;-0.02,-3.30;-0.79,-3.29;-0.90,-3.79;0.07,-3.88;-0.10,-4.32;0.24,-4.30;0.48,-4.30;0.75,-4.32;0.75,-3.96;0.76,-3.80;0.74,-3.67;0.79,-3.52;0.77,-3.31
0.40,-3.44|0.77,-2.43;0.34,-2.05;0.21,-3.04;0.08,-3.15;-0.29,-3.19;-0.18,-3.71;0.09,-3.78;0.13,-4.17;0.43,-4.21;0.73,-4.16;0.70,-3.72;0.73,-3.43;0.76,-3.27;0.78,-3.02
0.43,-3.20|0.24,-4.07;0.59,-4.07;0.76,-3.72;0.70,-3.39;0.77,-3.27;0.77,-3.14;0.75,-2.99;0.71,-2.79;0.72,-1.85;0.26,-2.25;0.22,-2.88;-0.07,-3.09;-0.19,-3.59;0.11,-3.66
0.33,-3.51|0.06,-4.28;0.37,-4.27;0.70,-4.28;0.72,-3.86;0.70,-3.65;0.67,-3.49;0.72,-3.32;0.72,-3.07;0.68,-2.49;0.18,-1.13;0.19,-3.25;-0.03,-3.20;-0.36,-3.28;-0.22,-3.78;0.05,-3.83
0.24,-3.70|0.68,-3.08;0.75,-1.53;0.14,-3.10;-0.03,-3.27;-0.29,-3.32;-1.36,-3.32;-0.70,-3.85;-0.05,-3.88;0.11,-3.88;0.09,-4.32;0.34,-4.31;0.65,-4.36;0.66,-4.00;0.64,-3.79;0.62,-3.64;0.69,-3.42
0.33,-3.42|0.17,-2.97;0.12,-3.20;-0.15,-3.19;-0.58,-3.74;-0.01,-3.73;-0.03,-4.17;0.29,-4.21;0.62,-4.24;0.70,-3.84;0.68,-3.59;0.66,-3.44;0.71,-3.28;0.72,-3.06;0.75,-2.54
0.33,-3.40|0.59,-1.68;0.14,-2.63;0.17,-3.18;-0.06,-3.16;-0.79,-3.23;-0.17,-3.76;0.10,-3.76;0.21,-4.17;0.51,-4.16;0.70,-3.91;0.70,-3.62;0.66,-3.45;0.73,-3.30;0.69,-3.13;0.63,-2.90
0.32,-3.32|0.24,-2.85;0.20,-3.13;-0.05,-3.06;-0.95,-3.05;-0.85,-3.54;-0.10,-3.59;0.09,-3.66;0.16,-4.12;0.49,-4.21;0.64,-3.80;0.64,-3.53;0.70,-3.39;0.72,-3.24;0.77,-3.02;0.78,-2.65
0.33,-3.27|-0.60,-3.72;-0.01,-3.65;0.02,-4.13;0.37,-4.14;0.73,-4.12;0.69,-3.60;0.64,-3.39;0.75,-3.25;0.71,-3.09;0.69,-2.87;0.67,-2.31;0.20,-1.03;0.14,-2.89;0.17,-3.13;-0.12,-3.12
-0.03,-3.36|-0.46,-3.67;-0.22,-3.66;-0.09,-3.73;0.16,-4.18;0.52,-4.13;0.48,-3.67;0.48,-3.44;0.54,-3.22;0.54,-2.95;0.53,-2.44;-0.00,-3.18;-0.07,-3.19;-0.21,-3.11;-0.32,-3.17;-1.08,-3.18;-1.47,-3.69
-0.12,-3.42|0.43,-4.23;0.50,-3.82;0.46,-3.53;0.50,-3.29;0.51,-3.00;0.49,-2.51;-0.07,-3.19;-0.17,-3.16;-0.29,-3.16;-0.42,-3.21;-1.10,-3.23;-0.55,-3.71;-0.32,-3.72;-0.05,-3.74
0.18,-3.68|0.61,-3.87;0.61,-3.69;0.65,-3.50;0.61,-3.27;0.65,-2.61;0.04,-3.32;-0.18,-3.31;-0.29,-3.87;-0.06,-3.92;0.09,-3.89;0.17,-4.31;0.42,-4.29;0.59,-4.10
0.43,-3.90|0.74,-4.27;0.76,-4.07;0.73,-3.93;0.73,-3.81;0.74,-3.64;0.78,-3.25;0.21,-3.19;0.01,-3.40;-0.39,-3.47;0.07,-4.01;-0.24,-4.46;0.15,-4.44;0.38,-4.44;0.60,-4.44
0.48,-4.22|0.48,-4.59;0.63,-4.58;0.81,-4.55;0.75,-4.33;0.77,-4.22;0.75,-4.10;0.74,-3.95;0.75,-3.55;0.22,-3.62;-0.11,-3.64;-0.86,-3.68;-1.23,-4.23;-0.43,-4.61;0.09,-4.61;0.33,-4.59
0.46,-4.36|0.15,-4.21;-1.22,-4.29;-0.40,-4.67;0.11,-4.68;0.33,-4.65;0.45,-4.67;0.57,-4.64;0.78,-4.70;0.74,-4.49;0.75,-4.37;0.75,-4.25;0.78,-4.06;0.78,-3.68;0.21,-3.67;-0.16,-3.68
0.44,-4.34|-0.63,-3.61;-0.37,-4.17;-1.14,-4.64;0.02,-4.62;0.23,-4.65;0.37,-4.67;0.67,-4.70;0.76,-4.57;0.72,-4.40;0.77,-4.28;0.75,-4.14;0.73,-3.93;0.83,-2.48;0.26,-3.38;-0.03,-3.62
0.35,-4.28|0.18,-3.64;-0.14,-3.63;0.16,-4.16;-0.47,-4.16;-0.79,-4.57;-0.05,-4.57;0.16,-4.60;0.30,-4.64;0.43,-4.61;0.64,-4.67;0.67,-4.46;0.69,-4.32;0.70,-4.18;0.71,-4.00;0.73,-3.62
0.25,-3.83|0.17,-2.81;0.02,-3.38;-0.25,-3.40;-0.99,-3.42;-0.89,-3.92;-0.01,-3.96;-0.25,-4.41;0.06,-4.39;0.29,-4.41;0.56,-4.43;0.63,-4.15;0.65,-3.95;0.67,-3.79;0.66,-3.62;0.65,-3.35;0.67,-2.52
0.19,-3.51|0.12,-3.00;0.02,-3.22;-0.19,-3.22;-0.97,-3.21;-1.31,-3.72;-0.24,-3.77;-0.03,-3.81;0.01,-4.22;0.30,-4.25;0.63,-4.23;0.62,-3.82;0.62,-3.62;0.66,-3.44;0.64,-3.24;0.62,-2.94;0.73,-1.42
0.19,-3.48|0.62,-3.15;0.57,-2.82;0.47,-1.36;0.07,-3.00;0.01,-3.23;-0.20,-3.25;-0.96,-3.32;-1.31,-3.88;-0.24,-3.81;-0.00,-3.82;0.10,-4.22;0.39,-4.21;0.70,-4.14;0.65,-3.74;0.61,-3.53;0.66,-3.35
-0.00,-0.00|-0.86,-0.39;-0.35,-0.37;-0.13,-0.36;0.01,-0.43;0.19,-0.42;0.18,-0.16;0.17,-0.06;0.14,0.00;0.15,0.07;0.54,0.58;0.22,0.59;-0.02,0.59;-0.30,0.66;-0.32,0.30;-0.34,0.13;-0.87,-0.03
-0.41,-0.17|-1.03,-0.52;-1.03,-0.98;-0.49,-0.48;-0.37,-0.45;-0.22,-0.49;-0.00,-0.47;0.00,-0.28;-0.05,-0.12;-0.03,0.05;0.09,0.48;-0.23,0.48;-0.50,0.56;-0.55,0.09;-0.65,0.02;-1.02,0.00;-1.07,-0.25
-0.64,-0.30|-0.25,0.43;-0.56,0.50;-0.71,-0.05;-0.87,-0.01;-1.08,-0.06;-1.21,-0.24;-1.14,-0.45;-1.12,-0.69;-1.09,-1.14;-0.67,-0.54;-0.56,-0.55;-0.47,-0.52;-0.19,-0.55;-0.16,-0.35;-0.17,-0.16;0.21,0.39
-0.38,-0.01|0.35,0.56;-0.04,0.59;-0.53,0.53;-0.54,0.19;-0.59,0.11;-1.01,0.07;-1.01,-0.50;-0.96,-1.03;-0.43,-0.41;-0.29,-0.36;-0.08,-0.40;0.02,-0.24;-0.02,-0.06;-0.02,0.09
-0.14,0.19|0.62,0.58;0.27,0.67;0.01,0.67;-0.18,0.75;-0.39,0.68;-0.37,0.39;-0.42,0.28;-0.89,0.13;-0.89,-0.20;-0.90,-0.71;-0.31,-0.33;-0.10,-0.31;0.11,-0.30;0.15,-0.06;0.09,0.12;0.11,0.21
-0.13,0.18|-0.90,-0.37;-0.83,-0.93;-0.21,-0.31;-0.02,-0.33;0.12,0.02;0.09,0.14;0.59,0.35;0.50,0.64;0.20,0.71;-0.05,0.65;-0.42,0.59;-0.39,0.34;-0.41,0.23;-0.96,-0.01
-0.52,-0.05|-1.07,-0.53;-1.02,-1.06;-0.54,-0.42;-0.40,-0.39;-0.18,-0.44;-0.08,-0.27;-0.08,-0.08;-0.10,0.08;0.23,0.59;-0.22,0.55;-0.47,0.64;-0.60,0.19;-0.62,0.06;-0.86,0.12;-1.08,-0.01;-1.08,-0.24
-0.71,-0.22|-1.14,-0.67;-1.07,-1.16;-0.69,-0.76;-0.58,-0.51;-0.46,-0.45;-0.15,-0.43;-0.14,-0.20;-0.19,0.01;-0.05,0.48;-0.44,0.49;-0.72,0.00;-0.79,-0.04;-0.96,0.02;-1.21,-0.03;-1.24,-0.23;-1.15,-0.42
-0.92,-0.46|-1.25,-0.81;-1.21,-1.24;-0.88,-1.59;-0.76,-0.80;-0.75,-0.61;-0.57,-0.59;-0.26,-0.44;-0.30,-0.18;-0.17,0.34;-0.59,0.42;-0.93,-0.15;-1.08,-0.10;-1.26,-0.13;-1.32,-0.31;-1.27,-0.47;-1.31,-0.64
-1.12,-0.66|-1.25,-1.74;-0.67,-2.29;-0.90,-0.94;-0.91,-0.77;-0.67,-0.71;-0.34,-0.44;0.00,0.22;-1.06,-0.21;-1.23,-0.25;-1.37,-0.33;-1.39,-0.50;-1.38,-0.62;-1.38,-0.73;-1.36,-0.85;-1.40,-1.15
-1.08,-0.82|-1.01,-1.74;-0.92,-1.12;-0.86,-1.01;-0.86,-0.89;-0.85,-0.80;-0.37,-0.46;-0.23,0.17;-0.91,-0.31;-1.12,-0.28;-1.34,-0.30;-1.41,-0.53;-1.36,-0.73;-1.39,-0.84;-1.32,-0.94;-1.37,-1.16;-1.29,-1.47
-1.10,-1.16|-1.14,-1.98;-0.61,-2.52;-0.88,-1.41;-0.92,-1.25;-0.86,-1.18;-0.86,-1.08;-0.54,0.02;-1.06,-0.45;-1.35,-0.45;-1.36,-0.87;-1.36,-1.04;-1.36,-1.15;-1.39,-1.27;-1.37,-1.41;-1.31,-1.62
-1.13,-1.49|-1.24,-2.15;-0.99,-2.09;-0.33,-2.61;-0.36,-1.97;-0.90,-1.53;-0.94,-1.45;-0.87,-1.31;-0.92,-1.15;-0.99,-0.65;-1.33,-0.65;-1.41,-1.10;-1.36,-1.35;-1.39,-1.45;-1.39,-1.55;-1.37,-1.67;-1.30,-1.76
-1.14,-1.52|-1.10,-0.61;-1.40,-0.81;-1.35,-1.30;-1.36,-1.42;-1.42,-1.51;-1.38,-1.61;-1.36,-1.72;-1.41,-2.08;-1.18,-2.18;-0.92,-2.15;-0.45,-2.29;-0.90,-1.64;-0.92,-1.53;-0.94,-1.45;-0.87,-1.28;-0.51,-0.18
-1.09,-1.07|-0.98,-0.45;-1.23,-0.45;-1.41,-0.62;-1.37,-0.89;-1.33,-1.03;-1.34,-1.12;-1.38,-1.27;-1.36,-1.48;-1.25,-1.95;-0.91,-1.91;-0.86,-1.41;-0.91,-1.19;-0.87,-1.11;-0.87,-1.02;-0.89,-0.93;-0.38,0.04
-1.05,-0.81|-0.46,-2.31;-0.85,-1.01;-0.83,-0.91;-0.85,-0.82;-0.29,-0.51;-0.01,0.19;-0.60,0.22;-1.04,-0.28;-1.24,-0.32;-1.36,-0.49;-1.35,-0.68;-1.37,-0.81;-1.32,-0.92;-1.36,-1.11;-1.30,-1.39;-1.06,-1.80
-1.05,-0.81|-0.35,-2.29;-0.83,-1.01;-0.82,-0.89;-0.87,-0.81;-0.30,-0.46;-0.08,0.25;-0.67,0.25;-1.07,-0.28;-1.28,-0.32;-1.39,-0.50;-1.34,-0.71;-1.36,-0.83;-1.30,-0.93;-1.34,-1.13;-1.25,-1.39;-1.00,-1.79
-1.05,-0.81|-0.86,-1.74;-0.88,-1.06;-0.81,-0.97;-0.84,-0.85;-0.33,-0.67;-0.37,-0.36;-0.35,0.23;-0.95,-0.30;-1.15,-0.29;-1.35,-0.36;-1.37,-0.60;-1.35,-0.75;-1.34,-0.87;-1.32,-1.00;-1.32,-1.22;-1.25,-1.82
-1.05,-0.82|-0.30,-0.52;-0.01,0.20;-0.61,0.21;-1.05,-0.30;-1.25,-0.34;-1.37,-0.49;-1.34,-0.70;-1.37,-0.82;-1.31,-0.92;-1.35,-1.12;-1.28,-1.37;-1.06,-1.82;-0.45,-2.31;-0.85,-1.03;-0.83,-0.91;-0.85,-0.82
-1.05,-0.82|-0.30,-0.53;-0.01,0.18;-0.60,0.21;-1.04,-0.30;-1.25,-0.33;-1.38,-0.48;-1.34,-0.70;-1.37,-0.82;-1.32,-0.93;-1.35,-1.11;-1.29,-1.38;-1.07,-1.82;-0.47,-2.31;-0.86,-1.01;-0.82,-0.92;-0.85,-0.83
-1.05,-0.82|-0.45,0.22;-0.98,-0.31;-1.19,-0.30;-1.36,-0.42;-1.37,-0.64;-1.35,-0.78;-1.34,-0.90;-1.30,-1.01;-1.31,-1.27;-1.19,-1.82;-0.80,-1.78;-0.88,-1.05;-0.82,-0.96;-0.85,-0.85;-0.36,-0.64;-0.36,-0.29
-0.94,-0.53|-0.82,-0.16;-0.97,-0.15;-1.13,-0.16;-1.29,-0.24;-1.35,-0.40;-1.27,-0.56;-1.29,-0.72;-1.28,-0.94;-1.19,-1.33;-0.84,-1.62;-0.77,-0.85;-0.81,-0.64;-0.59,-0.64;-0.30,-0.48;-0.29,-0.19;-0.18,0.36
-0.89,-0.41|-0.25,-0.55;-0.24,-0.29;0.25,0.33;-0.34,0.39;-0.82,-0.10;-0.95,-0.09;-1.10,-0.09;-1.27,-0.15;-1.32,-0.32;-1.25,-0.48;-1.27,-0.66;-1.27,-0.97;-1.14,-1.61;-0.80,-0.86;-0.77,-0.58;-0.60,-0.61
-0.86,-0.43|-1.13,-0.10;-1.26,-0.21;-1.26,-0.39;-1.26,-0.55;-1.24,-0.74;-1.25,-1.17;-0.97,-1.58;-0.75,-0.79;-0.70,-0.62;-0.56,-0.59;-0.24,-0.49;-0.26,-0.25;0.10,0.36;-0.42,0.38;-0.83,-0.14;-0.97,-0.06
-1.01,-0.28|-0.32,-0.44;-0.33,-0.17;0.07,0.39;-0.84,-0.04;-0.96,-0.06;-1.05,0.02;-1.16,-0.02;-1.32,-0.05;-1.35,-0.20;-1.32,-0.33;-1.30,-0.68;-1.30,-1.53;-0.73,-2.00;-0.84,-0.54;-0.67,-0.52
-0.93,-0.31|-0.27,-0.44;-0.29,-0.18;0.20,0.45;-0.45,0.42;-0.88,-0.07;-0.99,-0.04;-1.12,-0.04;-1.31,-0.06;-1.32,-0.24;-1.28,-0.38;-1.30,-0.56;-1.27,-0.82;-1.18,-1.56;-0.82,-0.85;-0.78,-0.54;-0.61,-0.52
-0.75,-0.37|-0.18,-0.49;-0.16,-0.26;0.32,0.33;-0.18,0.47;-0.57,0.49;-0.80,-0.11;-0.96,-0.04;-1.13,-0.11;-1.23,-0.27;-1.17,-0.45;-1.19,-0.66;-1.18,-0.99;-1.01,-1.60;-0.67,-0.79;-0.62,-0.57;-0.50,-0.54
-0.74,-0.37|-0.16,-0.53;-0.17,-0.30;-0.20,-0.06;-0.13,0.42;-0.51,0.48;-0.78,-0.10;-0.93,-0.04;-1.10,-0.09;-1.22,-0.24;-1.20,-0.43;-1.21,-0.64;-1.20,-0.97;-1.07,-1.60;-0.71,-0.62;-0.62,-0.59;-0.50,-0.56
-0.71,-0.39|-1.16,-0.18;-1.20,-0.37;-1.20,-0.57;-1.14,-0.79;-1.10,-1.24;-0.73,-0.88;-0.63,-0.60;-0.53,-0.58;-0.26,-0.60;-0.17,-0.41;-0.20,-0.21;0.15,0.40;-0.35,0.38;-0.69,-0.09;-0.81,-0.11;-0.98,-0.09
-1.03,-0.34|-1.34,-0.38;-1.36,-0.53;-1.32,-0.72;-1.37,-1.54;-0.89,-1.57;-0.82,-0.71;-0.70,-0.60;-0.32,-0.54;-0.32,-0.26;0.23,0.35;-0.45,0.38;-0.95,-0.09;-1.06,-0.02;-1.18,-0.08;-1.32,-0.11;-1.40,-0.24
-1.05,-0.35|-1.32,-1.18;-0.95,-1.55;-0.84,-0.76;-0.75,-0.60;-0.33,-0.58;-0.32,-0.29;0.22,0.31;-0.46,0.35;-0.97,-0.10;-1.08,-0.03;-1.19,-0.07;-1.31,-0.12;-1.38,-0.24;-1.34,-0.37;-1.36,-0.51;-1.34,-0.69
-1.01,-0.66|-0.64,-2.19;-0.83,-0.90;-0.83,-0.77;-0.67,-0.72;-0.30,-0.49;0.20,0.21;-0.45,0.25;-0.94,-0.24;-1.12,-0.20;-1.32,-0.23;-1.38,-0.43;-1.32,-0.61;-1.33,-0.74;-1.31,-0.88;-1.30,-1.14;-1.18,-1.75
-1.01,-0.66|-0.32,-0.58;-0.35,-0.29;-0.24,0.31;-0.89,-0.23;-1.06,-0.21;-1.24,-0.24;-1.34,-0.40;-1.31,-0.58;-1.34,-0.70;-1.31,-0.83;-1.33,-1.06;-1.23,-1.43;-0.90,-1.66;-0.85,-0.96;-0.81,-0.82;-0.84,-0.71
-1.01,-0.67|-0.63,-2.27;-0.81,-0.94;-0.85,-0.77;-0.64,-0.73;-0.25,-0.49;0.20,0.20;-0.45,0.22;-0.94,-0.25;-1.11,-0.20;-1.30,-0.26;-1.36,-0.45;-1.31,-0.62;-1.34,-0.74;-1.29,-0.87;-1.33,-1.19;-1.18,-1.76
-0.99,-0.70|-0.85,-1.73;-0.82,-0.99;-0.83,-0.83;-0.83,-0.74;-0.32,-0.61;-0.32,-0.31;-0.27,0.26;-0.88,-0.26;-1.06,-0.21;-1.26,-0.24;-1.36,-0.43;-1.32,-0.62;-1.33,-0.75;-1.29,-0.88;-1.32,-1.14;-1.27,-1.75
-0.99,-0.74|-0.82,-1.74;-0.83,-0.99;-0.79,-0.88;-0.83,-0.77;-0.31,-0.62;-0.30,0.22;-0.88,-0.27;-1.08,-0.20;-1.29,-0.25;-1.36,-0.47;-1.31,-0.66;-1.32,-0.79;-1.27,-0.91;-1.32,-1.20;-1.23,-1.77
-0.99,-0.74|-0.82,-1.73;-0.83,-0.99;-0.81,-0.86;-0.84,-0.77;-0.32,-0.32;-0.30,0.23;-0.88,-0.28;-1.08,-0.21;-1.28,-0.27;-1.36,-0.47;-1.30,-0.67;-1.31,-0.79;-1.29,-0.93;-1.32,-1.21;-1.22,-1.78
-0.99,-0.74|-0.79,-1.74;-0.82,-0.99;-0.81,-0.86;-0.82,-0.77;-0.30,-0.60;-0.33,-0.30;-0.33,0.25;-0.89,-0.27;-1.09,-0.22;-1.30,-0.27;-1.31,-0.67;-1.32,-0.80;-1.29,-0.94;-1.29,-1.19;-1.20,-1.80
-0.99,-0.75|-0.28,-0.73;-0.31,-0.44;-0.14,0.16;-0.60,0.29;-1.00,-0.24;-1.20,-0.27;-1.34,-0.42;-1.31,-0.62;-1.34,-0.76;-1.30,-0.88;-1.34,-1.12;-1.25,-1.43;-0.96,-1.73;-0.85,-1.05;-0.79,-0.93;-0.84,-0.80
-0.99,-0.75|-0.30,-0.59;-0.31,-0.26;-0.36,0.25;-0.91,-0.26;-1.11,-0.22;-1.32,-0.27;-1.38,-0.50;-1.31,-0.69;-1.32,-0.82;-1.27,-0.95;-1.28,-1.21;-1.17,-1.79;-0.76,-1.76;-0.82,-0.98;-0.80,-0.87;-0.85,-0.77
-0.99,-0.75|-0.80,-1.26;-0.79,-0.96;-0.82,-0.83;-0.83,-0.76;-0.26,-0.49;0.07,0.20;-0.52,0.21;-0.96,-0.26;-1.16,-0.25;-1.32,-0.37;-1.33,-0.58;-1.32,-0.73;-1.30,-0.86;-1.29,-1.02;-1.26,-1.32;-1.04,-1.79
-0.98,-0.75|-0.84,-1.73;-0.84,-0.99;-0.79,-0.89;-0.82,-0.79;-0.31,-0.65;-0.33,-0.36;-0.26,0.22;-0.87,-0.30;-1.06,-0.24;-1.27,-0.27;-1.37,-0.46;-1.32,-0.66;-1.33,-0.80;-1.28,-0.92;-1.31,-1.19;-1.24,-1.76
-0.98,-0.75|-0.82,-1.73;-0.83,-0.99;-0.79,-0.88;-0.83,-0.78;-0.32,-0.64;-0.33,-0.34;-0.28,0.24;-0.88,-0.29;-1.07,-0.24;-1.29,-0.26;-1.37,-0.47;-1.31,-0.67;-1.32,-0.80;-1.28,-0.93;-1.31,-1.21;-1.22,-1.77
-0.99,-0.74|-0.63,-0.74;-0.29,-0.43;-0.02,0.27;-0.60,0.26;-1.00,-0.27;-1.19,-0.29;-1.34,-0.42;-1.31,-0.62;-1.33,-0.75;-1.27,-0.87;-1.32,-1.09;-1.24,-1.38;-0.86,-1.04;-0.78,-0.94;-0.84,-0.80
-0.98,-0.75|-0.69,-2.23;-0.83,-0.98;-0.79,-0.88;-0.85,-0.78;-0.30,-0.61;-0.30,-0.29;-0.32,0.23;-0.89,-0.27;-1.09,-0.22;-1.31,-0.26;-1.37,-0.49;-1.31,-0.68;-1.31,-0.81;-1.28,-0.94;-1.29,-1.21;-1.19,-1.78
-0.98,-0.75|-0.75,-2.26;-0.83,-1.01;-0.80,-0.88;-0.84,-0.78;-0.31,-0.64;-0.27,-0.31;-0.29,0.20;-0.87,-0.29;-1.06,-0.23;-1.28,-0.26;-1.37,-0.47;-1.31,-0.67;-1.33,-0.80;-1.30,-0.94;-1.33,-1.22
-0.98,-0.76|-0.58,-2.29;-0.81,-0.98;-0.79,-0.87;-0.84,-0.78;-0.29,-0.58;-0.31,-0.25;-0.42,0.20;-0.92,-0.28;-1.11,-0.27;-1.31,-0.33;-1.35,-0.54;-1.33,-0.71;-1.31,-0.85;-1.28,-0.99;-1.29,-1.29;-1.12,-1.80
-0.98,-0.76|-0.61,-2.29;-0.82,-0.99;-0.81,-0.87;-0.83,-0.78;-0.28,-0.59;-0.30,-0.26;-0.40,0.19;-0.91,-0.28;-1.10,-0.25;-1.30,-0.32;-1.35,-0.53;-1.32,-0.71;-1.32,-0.84;-1.28,-0.98;-1.30,-1.28;-1.15,-1.80
-0.01,0.00|0.84,0.94;0.16,0.48;-0.04,0.52;-0.23,0.47;-0.36,0.32;-0.32,0.11;-0.36,-0.02;-0.30,-0.14;-0.35,-0.38;-0.26,-0.72;0.04,-0.95;0.12,-0.27;0.20,-0.19;0.16,-0.06;0.70,0.04;0.67,0.33
0.13,0.28|0.56,1.09;0.16,0.61;0.02,0.65;-0.15,0.63;-0.27,0.50;-0.25,0.32;-0.29,0.15;-0.24,-0.02;-0.25,-0.44;0.02,-0.83;0.25,-0.09;0.26,0.13;0.41,0.14;0.74,0.22;0.75,0.47;1.11,1.09
0.14,0.30|0.78,1.12;0.24,0.64;0.10,0.62;-0.05,0.64;-0.24,0.60;-0.32,0.43;-0.26,0.25;-0.25,0.08;-0.28,-0.24;-0.18,-0.85;0.19,-0.15;0.22,0.16;0.37,0.12;0.77,0.12;0.77,0.38;0.74,0.64
0.46,0.65|1.39,1.23;0.92,1.29;0.62,1.35;0.41,0.94;0.36,0.81;0.17,0.86;-0.08,0.78;-0.14,0.55;-0.14,0.28;-0.13,-0.17;0.39,0.33;0.52,0.29;0.68,0.30;0.92,0.32;0.93,0.54;0.89,0.72
0.74,0.83|1.54,1.37;1.12,1.40;0.85,1.38;0.61,1.45;0.55,1.11;0.53,0.97;0.46,0.88;-0.01,0.67;0.02,0.34;0.08,-0.18;0.65,0.37;0.83,0.41;1.03,0.41;1.10,0.59;1.02,0.77;1.03,0.89
0.74,0.83|1.20,1.36;0.92,1.36;0.70,1.45;0.52,1.26;0.54,1.00;0.53,0.90;0.01,0.77;0.00,0.45;0.02,-0.01;0.59,0.37;0.77,0.43;0.97,0.38;1.04,0.57;1.04,0.73;1.03,0.85;1.60,1.26
0.96,1.10|1.26,1.53;1.04,1.49;0.87,1.57;0.67,1.54;0.67,1.30;0.66,1.16;0.13,0.95;0.10,0.54;0.16,-0.05;0.85,0.58;1.06,0.52;1.17,0.76;1.14,0.97;1.64,0.95;1.67,1.23;1.53,1.46
1.08,1.29|1.74,1.53;1.38,1.56;1.23,1.61;1.09,1.58;0.94,1.67;0.72,1.68;0.71,1.46;0.73,1.31;0.69,1.15;0.21,0.51;0.76,0.63;1.04,0.58;1.18,1.01;1.20,1.15;1.73,0.98;1.68,1.26
1.40,1.36|1.87,1.38;1.89,1.60;1.67,1.66;1.49,1.64;1.38,1.64;1.27,1.61;1.01,1.70;0.85,1.55;0.89,1.33;0.34,0.85;0.39,0.23;1.16,0.68;1.42,0.93;1.89,0.33;1.85,0.95;1.85,1.20
1.68,1.32|0.48,0.29;1.51,0.98;1.61,0.45;2.02,0.30;1.99,0.96;2.01,1.15;1.96,1.30;2.04,1.44;2.01,1.60;1.84,1.64;1.70,1.58;1.58,1.63;1.43,1.61;1.03,1.65;1.05,1.37;0.45,0.92
1.58,1.24|1.87,-1.02;1.93,0.63;1.98,0.93;1.93,1.15;1.94,1.29;1.98,1.47;1.82,1.56;1.66,1.55;1.53,1.60;1.39,1.58;1.05,1.65;0.95,1.41;0.93,1.16;0.42,0.58;1.46,1.09;1.49,0.90
1.59,1.10|1.93,-0.28;1.96,0.59;1.98,0.86;1.96,1.04;1.93,1.18;2.00,1.40;1.83,1.48;1.65,1.48;1.48,1.53;1.29,1.51;0.97,1.47;0.98,1.19;0.39,0.80;1.47,1.01;1.46,0.88;1.48,0.39
1.60,1.03|1.96,0.14;1.93,0.70;1.98,0.87;1.97,1.03;1.96,1.18;1.98,1.41;1.80,1.51;1.60,1.47;1.41,1.49;1.08,1.55;0.96,1.29;0.94,1.03;1.48,0.98;1.45,0.88;1.49,0.77;1.59,0.28
1.75,0.78|2.01,-0.02;2.04,0.44;2.02,0.64;2.06,0.76;2.02,0.87;2.01,1.00;2.02,1.32;1.79,1.37;1.56,1.35;1.19,1.43;1.55,0.88;1.53,0.80;1.53,0.71;1.57,0.63;1.56,0.41;1.70,0.13
1.83,0.47|2.02,-0.30;2.04,0.18;2.09,0.32;2.03,0.44;2.09,0.54;2.11,0.68;2.07,0.86;1.95,1.21;1.65,1.22;1.24,1.30;1.55,0.65;1.62,0.51;1.61,0.42;1.59,0.30;1.60,0.09
1.88,0.16|2.02,-1.13;2.10,-0.25;2.07,0.00;2.11,0.09;2.14,0.19;2.05,0.25;2.13,0.47;2.13,1.02;1.78,1.03;1.36,1.10;1.65,0.34;1.60,0.24;1.61,0.13;1.60,0.01;1.66,-0.12;1.55,-0.98
1.92,-0.17|2.08,-1.29;2.10,-0.47;2.14,-0.33;2.11,-0.22;2.09,-0.15;2.14,-0.04;2.11,0.07;2.10,0.49;1.78,0.86;1.63,0.34;1.62,0.06;1.65,-0.10;1.67,-0.21;1.72,-0.29;1.77,-0.38;1.62,-1.36
1.95,-0.44|2.14,-1.08;2.12,-0.65;2.14,-0.55;2.15,-0.46;2.15,-0.38;2.10,-0.32;2.14,-0.08;2.06,0.74;1.57,0.76;1.64,-0.07;1.64,-0.28;1.66,-0.42;1.78,-0.50;1.64,-0.70
1.85,-0.85|1.61,-1.93;2.11,-2.35;2.09,-1.24;2.05,-0.99;2.04,-0.90;2.05,-0.82;2.10,-0.69;2.07,-0.54;2.05,0.05;1.61,0.54;1.60,-0.46;1.74,-0.78;1.61,-0.80;1.59,-0.90;1.58,-1.02;1.59,-1.22
1.75,-1.17|1.53,-1.87;1.92,-3.32;1.99,-1.64;2.03,-1.41;2.03,-1.26;2.00,-1.15;2.02,-1.04;2.06,-0.82;2.01,-0.39;1.63,0.41;1.65,-0.96;1.55,-0.99;1.54,-1.10;1.49,-1.19;1.48,-1.31;1.54,-1.42
1.68,-1.50|1.50,-2.61;1.97,-2.71;1.99,-1.92;1.94,-1.66;2.02,-1.55;2.00,-1.42;1.95,-1.30;2.01,-0.96;1.95,0.22;1.59,-1.10;1.49,-1.23;1.47,-1.37;1.42,-1.46;1.51,-1.63;1.48,-1.82
1.65,-1.67|1.47,-2.63;1.93,-2.95;1.93,-2.07;1.95,-1.86;1.96,-1.72;2.01,-1.59;1.95,-1.45;2.00,-1.11;1.97,0.12;1.54,-1.18;1.48,-1.42;1.41,-1.51;1.48,-1.64;1.49,-1.70;1.45,-1.81;1.45,-1.98
1.61,-1.99|1.41,-3.47;1.94,-2.42;1.95,-2.18;1.93,-2.03;1.92,-1.90;1.99,-1.69;1.94,-1.40;1.86,-0.07;1.46,-1.46;1.49,-1.83;1.46,-1.90;1.43,-1.96;1.43,-2.03;1.42,-2.13;1.45,-2.25
1.60,-2.02|1.92,-4.22;1.94,-2.59;1.90,-2.25;1.98,-2.12;1.92,-1.98;1.96,-1.81;1.91,-1.61;1.91,-0.82;1.51,-1.37;1.39,-1.67;1.46,-1.91;1.43,-1.98;1.44,-2.05;1.44,-2.12;1.43,-2.26;1.47,-2.55
1.72,-2.38|1.99,-3.13;2.01,-2.70;2.05,-2.54;1.98,-2.40;2.00,-2.28;1.98,-2.15;1.99,-1.81;1.83,-0.17;1.51,-1.79;1.49,-2.12;1.52,-2.29;1.47,-2.37;1.52,-2.45;1.53,-2.56;1.54,-2.77;1.60,-4.69
1.84,-2.71|2.03,-3.43;2.05,-2.99;2.06,-2.84;2.10,-2.74;2.08,-2.64;2.06,-2.54;2.04,-2.35;2.09,-0.79;1.60,-1.80;1.56,-2.34;1.53,-2.53;1.60,-2.68;1.58,-2.78;1.57,-2.91;1.56,-3.19;1.55,-4.83
1.89,-2.88|1.64,-4.87;2.03,-3.41;2.04,-3.08;2.09,-3.00;2.08,-2.90;2.16,-2.81;2.08,-2.73;2.11,-2.48;2.17,-0.51;1.65,-2.02;1.61,-2.53;1.65,-2.75;1.59,-2.85;1.60,-2.96;1.52,-3.17;1.53,-3.52
1.79,-3.33|1.51,-4.71;2.08,-4.83;2.04,-3.70;2.07,-3.51;2.05,-3.38;2.01,-3.29;2.05,-3.16;2.05,-2.94;2.00,-2.31;1.54,-2.01;1.56,-2.98;1.54,-3.16;1.57,-3.28;1.49,-3.39;1.54,-3.49;1.53,-3.72
1.73,-3.65|1.45,-5.28;1.95,-4.63;1.97,-3.98;1.98,-3.81;2.02,-3.70;2.01,-3.58;2.00,-3.46;2.05,-3.14;2.01,-1.99;1.51,-2.70;1.53,-3.36;1.48,-3.49;1.50,-3.61;1.50,-3.70;1.47,-3.83;1.46,-4.07
1.68,-3.98|1.28,-5.40;1.82,-5.18;1.91,-4.39;1.92,-4.17;1.95,-4.06;2.00,-3.80;2.05,-3.50;2.19,-2.18;1.60,-3.29;1.48,-3.63;1.50,-3.84;1.44,-3.91;1.44,-4.01;1.45,-4.10;1.40,-4.33
1.65,-4.18|1.86,-5.56;2.00,-4.75;1.97,-4.41;1.92,-4.24;1.95,-4.13;1.94,-4.00;1.94,-3.77;1.91,-3.11;1.39,-2.51;1.41,-3.78;1.42,-4.01;1.42,-4.12;1.45,-4.21;1.44,-4.30;1.44,-4.46;1.42,-5.11
1.73,-4.56|1.90,-5.49;1.99,-4.95;1.97,-4.72;2.00,-4.62;2.01,-4.51;1.99,-4.39;2.06,-4.09;2.09,-2.92;1.57,-3.64;1.50,-4.19;1.50,-4.39;1.46,-4.50;1.45,-4.61;1.49,-4.71;1.24,-5.27;1.47,-5.74
1.81,-4.88|1.97,-5.94;1.99,-5.18;2.06,-5.06;2.03,-4.93;2.03,-4.84;2.06,-4.72;2.00,-4.62;2.01,-4.07;1.52,-2.97;1.49,-4.35;1.50,-4.65;1.50,-4.80;0.77,-5.50;1.37,-5.47;1.55,-5.90
1.76,-5.37|1.56,-6.13;1.87,-6.16;2.00,-5.78;1.99,-5.54;1.97,-5.42;2.02,-5.33;2.03,-5.21;1.99,-5.06;2.01,-4.39;1.50,-3.58;1.47,-4.89;1.46,-5.15;0.96,-5.16;1.27,-5.66;1.16,-6.16
1.72,-5.46|1.49,-4.60;1.48,-5.15;1.21,-5.17;-0.21,-5.21;0.67,-5.74;1.32,-5.77;1.30,-6.19;1.62,-6.20;1.93,-6.25;1.98,-5.80;1.97,-5.60;1.93,-5.49;1.99,-5.39;2.01,-5.24;2.01,-4.95;2.00,-3.32
1.67,-5.34|0.34,-5.16;0.43,-5.67;1.26,-5.65;1.22,-6.11;1.56,-6.17;1.88,-6.16;1.94,-5.70;1.91,-5.48;1.94,-5.38;1.99,-5.26;1.96,-5.12;1.94,-4.89;1.96,-3.24;1.44,-5.04;1.24,-5.09
1.35,-5.31|0.12,-5.21;0.24,-5.67;0.94,-5.66;1.16,-5.70;1.29,-6.09;1.61,-6.09;1.79,-5.81;1.81,-5.54;1.80,-5.34;1.82,-5.15;1.83,-4.90;1.80,-4.42;1.30,-5.13;1.19,-5.12;0.99,-5.12
1.20,-5.27|-1.05,-5.57;0.50,-5.68;0.95,-5.60;1.09,-5.66;1.31,-6.10;1.70,-6.13;1.72,-5.67;1.68,-5.40;1.75,-5.19;1.74,-4.95;1.70,-4.61;1.73,-3.26;1.17,-5.10;1.08,-5.06;0.95,-5.08;0.64,-5.12
1.03,-5.34|1.66,-5.74;1.60,-5.44;1.65,-5.20;1.67,-4.90;1.63,-4.40;1.07,-5.13;0.98,-5.09;0.86,-5.09;0.74,-5.15;0.09,-5.17;0.59,-5.65;0.81,-5.70;0.97,-5.69;1.11,-5.67
1.10,-5.46|0.28,-5.74;0.80,-5.72;0.97,-5.73;1.08,-5.74;1.35,-6.21;1.70,-6.14;1.68,-5.75;1.62,-5.49;1.69,-5.26;1.67,-4.96;1.64,-4.36;1.11,-5.19;0.99,-5.14;0.86,-5.19;0.60,-5.22
1.03,-5.49|-0.60,-5.33;0.10,-5.77;0.71,-5.75;0.91,-5.71;1.00,-5.77;1.63,-6.23;1.64,-5.82;1.59,-5.55;1.66,-5.30;1.67,-4.97;1.61,-4.41;0.93,-5.18;0.81,-5.22;0.55,-5.24
0.71,-5.42|-0.49,-5.14;0.23,-5.72;0.54,-5.66;0.65,-5.70;0.76,-5.68;0.91,-5.73;1.43,-5.94;1.48,-5.60;1.51,-5.30;1.49,-4.95;0.89,-5.18;0.79,-5.12;0.67,-5.17;0.56,-5.17;0.37,-5.18
0.53,-5.40|-1.31,-5.70;0.03,-5.71;0.34,-5.66;0.46,-5.67;0.57,-5.68;0.74,-5.73;1.41,-6.03;1.40,-5.60;1.45,-5.25;1.36,-4.88;0.73,-5.12;0.58,-5.15;0.49,-5.16;0.38,-5.16;0.23,-5.18;-0.25,-5.21
0.12,-5.45|-1.62,-5.51;-0.39,-5.68;-0.13,-5.72;0.02,-5.72;0.13,-5.66;0.24,-5.71;0.41,-5.71;1.16,-5.84;1.23,-5.41;0.62,-5.22;0.33,-5.22;0.21,-5.20;0.11,-5.19;0.00,-5.19;-0.21,-5.14;-0.69,-5.14
0.02,-5.45|1.16,-5.15;0.40,-5.16;0.17,-5.19;0.05,-5.20;-0.05,-5.17;-0.22,-5.14;-0.45,-5.17;-1.88,-5.18;-0.84,-5.67;-0.28,-5.67;-0.15,-5.74;-0.02,-5.71;0.08,-5.67;0.23,-5.73;0.53,-5.75;1.10,-5.60
0.32,-5.37|1.30,-5.13;0.66,-5.12;0.45,-5.15;0.36,-5.16;0.27,-5.15;0.18,-5.16;-0.09,-5.11;-0.90,-5.18;-0.08,-5.66;0.12,-5.70;0.28,-5.64;0.40,-5.69;0.52,-5.63;1.23,-5.92;1.27,-5.51
0.51,-5.33|-0.23,-5.65;0.15,-5.71;0.40,-5.63;0.52,-5.67;0.64,-5.61;1.37,-6.15;1.37,-5.66;1.39,-5.31;1.43,-4.93;0.74,-5.09;0.61,-5.08;0.51,-5.14;0.42,-5.13;0.32,-5.14;-0.03,-5.12;-1.64,-5.37
0.20,-5.46|-0.41,-5.70;-0.09,-5.74;0.08,-5.74;0.20,-5.69;0.30,-5.71;0.44,-5.71;1.22,-5.90;1.19,-5.48;1.26,-5.05;0.53,-5.14;0.31,-5.21;0.21,-5.20;0.11,-5.22;-0.08,-5.16;-0.36,-5.21;-1.77,-5.42
0.04,-5.50|1.15,-5.11;0.18,-5.21;0.05,-5.24;-0.06,-5.20;-0.24,-5.18;-0.47,-5.25;-1.90,-5.39;-0.75,-5.77;-0.22,-5.74;-0.10,-5.79;0.03,-5.75;0.12,-5.72;0.23,-5.72;0.56,-5.75;1.13,-5.56
0.37,-5.41|1.32,-5.22;0.71,-5.18;0.56,-5.13;0.42,-5.17;0.32,-5.16;0.22,-5.18;-0.07,-5.12;-0.86,-5.17;-0.05,-5.70;0.19,-5.68;0.32,-5.66;0.43,-5.72;0.53,-5.66;1.29,-6.03;1.32,-5.60
0.54,-5.38|1.34,-5.48;1.41,-5.14;0.81,-5.17;0.69,-5.12;0.57,-5.16;0.48,-5.15;0.36,-5.15;0.03,-5.09;-1.61,-5.11;-0.27,-5.60;0.13,-5.70;0.39,-5.65;0.50,-5.68;0.61,-5.63;0.80,-5.71;1.38,-5.86
1.07,-5.44|1.60,-5.96;1.64,-5.67;1.64,-5.44;1.67,-5.18;1.63,-4.86;1.66,-3.97;1.06,-5.18;0.93,-5.11;0.81,-5.19;0.32,-5.14;0.79,-5.73;0.96,-5.72;1.07,-5.73;1.38,-6.16
1.40,-5.57|1.81,-5.75;1.80,-5.58;1.86,-5.40;1.81,-5.19;1.84,-4.59;1.28,-5.25;1.06,-5.21;0.74,-5.28;0.90,-5.77;1.15,-5.82;1.11,-6.23;1.39,-6.25;1.66,-6.23;1.79,-5.98
-0.01,-0.01|-1.79,0.37;-0.66,-0.13;-0.33,-0.22;-0.41,-0.59;-0.14,-0.65;0.11,-0.61;0.36,-0.57;0.34,-0.25;0.33,-0.08;0.31,0.05;0.39,0.25;0.39,0.57;0.39,1.84;-0.13,0.68;-0.24,0.36;-0.53,0.35
-0.36,0.14|-0.70,0.42;-1.37,0.46;-2.39,-0.03;-0.74,-0.06;-0.54,-0.07;-0.45,-0.14;-0.31,-0.56;-0.01,-0.56;0.13,-0.29;0.15,0.18;0.20,0.42;0.17,0.77;0.21,1.91;-0.39,0.42;-0.54,0.48
-0.45,0.22|-1.85,0.40;-1.48,-0.06;-0.78,-0.03;-0.60,-0.03;-0.50,-0.11;-0.25,-0.54;0.12,-0.53;0.14,-0.13;0.10,0.14;0.17,0.38;0.17,0.69;0.13,1.23;-0.42,0.47;-0.53,0.50;-0.67,0.50;-0.88,0.46
-0.78,0.25|-2.24,0.49;-1.96,-0.02;-1.22,-0.06;-0.94,-0.00;-0.82,-0.01;-0.70,-0.08;-0.24,-0.50;-0.04,-0.21;-0.05,0.13;-0.00,0.43;-0.04,0.78;-0.63,0.49;-0.73,0.54;-0.84,0.50;-0.95,0.50;-1.14,0.48
-0.96,0.28|-3.11,0.60;-2.04,0.01;-1.40,-0.05;-1.12,0.01;-1.01,-0.03;-0.89,-0.00;-0.72,-0.06;-0.15,-0.21;-0.16,0.15;-0.09,0.49;-0.69,0.48;-0.79,0.55;-0.93,0.51;-1.01,0.49;-1.12,0.49;-1.45,0.57
-1.41,0.30|-3.35,0.38;-2.30,-0.02;-1.58,-0.06;-1.42,0.02;-1.31,0.02;-1.14,0.00;-0.36,-0.18;-0.37,0.26;-0.30,0.71;-1.17,0.53;-1.30,0.54;-1.40,0.51;-1.48,0.49;-1.65,0.56;-1.89,0.52
-1.48,0.31|-0.36,0.56;-1.11,0.57;-1.35,0.51;-1.44,0.52;-1.52,0.49;-1.83,0.54;-2.56,0.50;-1.95,-0.01;-1.69,-0.02;-1.54,-0.04;-1.41,0.00;-1.24,-0.02;-0.95,-0.02;-0.38,0.12
-1.12,0.33|-0.19,0.31;-0.15,0.71;-0.87,0.58;-1.04,0.52;-1.12,0.50;-1.20,0.54;-1.30,0.51;-1.65,0.56;-3.23,0.38;-1.88,0.04;-1.50,-0.03;-1.25,0.04;-1.13,0.02;-1.00,0.02;-0.78,-0.02;-0.22,-0.07
-0.95,0.33|-0.10,0.09;-0.09,0.43;-0.12,0.80;-0.77,0.56;-0.89,0.55;-0.97,0.50;-1.07,0.53;-1.18,0.51;-1.68,0.53;-3.13,0.07;-1.52,0.01;-1.18,0.04;-1.04,0.01;-0.92,0.03;-0.74,-0.04;-0.11,-0.34
-0.46,0.14|-1.29,-0.07;-0.78,-0.09;-0.59,-0.08;-0.50,-0.12;-0.27,-0.59;0.11,-0.62;0.12,-0.21;0.13,0.05;0.15,0.29;0.19,0.62;0.17,1.19;-0.41,0.44;-0.55,0.50;-0.68,0.44;-0.95,0.44
-0.52,0.12|-1.90,0.40;-1.50,-0.07;-0.82,-0.08;-0.64,-0.06;-0.57,-0.14;-0.47,-0.11;-0.04,-0.60;0.09,-0.29;0.10,-0.01;0.13,0.25;0.12,0.54;0.15,1.11;-0.45,0.43;-0.59,0.48;-0.72,0.43;-0.95,0.41
-0.82,0.21|-1.71,0.43;-1.32,-0.09;-1.00,-0.03;-0.90,-0.10;-0.79,-0.03;-0.65,-0.09;-0.12,-0.31;-0.04,0.02;-0.02,0.33;-0.01,0.70;-0.62,0.48;-0.75,0.52;-0.86,0.47;-0.97,0.46;-1.14,0.44
-1.00,0.26|-0.12,0.48;-0.70,0.48;-0.82,0.55;-0.97,0.49;-1.06,0.49;-1.16,0.49;-1.48,0.55;-3.13,0.59;-2.06,0.00;-1.43,-0.05;-1.16,0.00;-1.05,-0.05;-0.93,-0.03;-0.76,-0.06;-0.16,-0.25;-0.20,0.14
-0.56,0.35|0.10,0.46;0.10,0.77;-0.44,0.52;-0.52,0.54;-0.60,0.59;-0.70,0.57;-0.81,0.52;-1.44,0.55;-2.44,0.02;-1.17,-0.03;-0.80,0.00;-0.63,0.03;-0.50,0.00;-0.02,-0.50;0.09,-0.11;0.03,0.22
-0.49,0.35|-1.55,0.05;-0.89,0.04;-0.66,0.05;-0.54,-0.02;-0.26,-0.47;0.12,-0.42;0.08,0.03;0.11,0.28;0.13,0.52;0.09,0.81;-0.39,0.53;-0.47,0.53;-0.55,0.58;-0.67,0.58;-0.86,0.56;-2.08,0.54
-0.61,0.26|-1.89,-0.05;-0.99,-0.01;-0.80,-0.05;-0.65,-0.02;-0.53,-0.06;-0.03,-0.52;0.06,-0.14;0.03,0.17;0.09,0.44;0.06,0.76;-0.48,0.48;-0.57,0.54;-0.68,0.55;-0.78,0.50;-0.99,0.49;-1.60,0.41
-1.06,0.19|-1.48,-0.08;-1.23,-0.04;-1.11,-0.04;-1.01,-0.09;-0.20,-0.41;-0.16,-0.01;-0.13,0.36;-0.67,0.45;-0.85,0.50;-1.01,0.45;-1.11,0.45;-1.23,0.45;-1.51,0.50;-2.33,0.47
-1.12,0.19|-0.15,0.42;-0.76,0.45;-0.91,0.52;-1.08,0.44;-1.18,0.46;-1.29,0.44;-1.61,0.50;-2.76,0.46;-2.15,-0.05;-1.51,-0.09;-1.26,-0.03;-1.15,-0.03;-1.05,-0.09;-0.97,-0.02;-0.25,-0.35
-0.64,0.27|0.09,0.37;0.09,0.70;-0.47,0.49;-0.58,0.49;-0.67,0.56;-0.76,0.49;-0.94,0.50;-1.53,0.51;-2.49,0.02;-1.23,-0.07;-0.87,-0.04;-0.70,0.02;-0.59,-0.06;-0.20,-0.48;0.02,-0.23;0.05,0.09
-0.61,0.27|-2.94,0.41;-1.34,0.02;-0.89,0.02;-0.73,0.02;-0.63,-0.09;-0.33,-0.53;-0.04,-0.38;0.02,-0.04;0.07,0.22;0.07,0.50;0.12,0.90;-0.50,0.49;-0.59,0.53;-0.70,0.55;-0.82,0.51;-1.27,0.59
0.00,-0.00|-0.27,1.07;-0.35,0.47;-0.32,0.19;-0.31,0.04;-0.29,-0.07;-0.32,-0.24;-0.19,-0.32;-0.30,-2.05;0.19,-0.74;0.19,-0.25;0.20,-0.12;0.18,-0.03;0.16,0.04;0.18,0.13;0.16,0.27;0.15,1.04
-0.11,0.33|-0.45,1.21;-0.39,0.63;-0.34,0.43;-0.37,0.34;-0.34,0.24;-0.35,0.10;-0.32,-0.15;0.08,-0.17;0.11,0.09;0.12,0.23;0.14,0.32;0.11,0.41;0.14,0.57;0.11,0.81;-0.08,1.26
-0.22,0.65|-0.38,1.40;-0.41,0.92;-0.45,0.80;-0.37,0.67;-0.41,0.60;-0.43,0.49;-0.43,0.31;-0.33,-0.01;-0.02,-0.22;0.03,0.29;0.08,0.46;0.00,0.61;0.09,0.71;0.10,0.86;0.15,1.22;-0.08,1.44
-0.29,0.97|-0.52,1.54;-0.91,1.62;-0.45,1.04;-0.48,0.98;-0.47,0.90;-0.42,0.85;-0.46,0.60;-0.01,0.24;0.05,0.62;0.00,0.84;0.07,0.96;0.04,1.10;0.11,1.36;-0.06,1.51;-0.28,1.52
-0.42,1.27|-0.56,1.69;-0.87,1.80;-1.02,1.58;-1.03,1.33;-0.52,1.24;-0.53,1.18;-0.54,1.05;-0.51,0.32;-0.11,0.28;-0.03,0.80;-0.01,1.06;-0.04,1.24;-0.04,1.39;0.01,1.64;-0.20,1.71;-0.39,1.69
-0.55,1.51|-1.59,1.02;-1.56,0.40;-0.80,0.83;-0.53,1.10;-0.08,0.50;-0.12,1.11;-0.08,1.34;-0.09,1.53;-0.06,1.73;-0.26,1.83;-0.45,1.78;-0.56,1.83;-0.68,1.78;-0.95,1.88;-1.12,1.72;-1.05,1.49
-0.84,1.33|-1.76,0.94;-1.09,0.72;-0.84,0.72;-0.67,0.94;-0.72,1.21;-0.21,1.08;-0.26,1.34;-0.19,1.61;-0.42,1.77;-0.67,1.75;-0.85,1.70;-1.02,1.76;-1.24,1.73;-1.19,1.47;-1.24,1.33
-1.04,1.24|-1.82,0.58;-1.32,0.71;-1.09,0.72;-0.87,0.69;-0.80,0.96;-0.84,1.14;-0.33,1.18;-0.29,1.48;-0.51,1.70;-0.81,1.69;-1.01,1.68;-1.21,1.75;-1.34,1.60;-1.30,1.38;-1.35,1.27;-1.90,0.97
-1.31,0.96|-1.90,-0.03;-1.38,0.53;-1.23,0.62;-1.02,0.56;-0.95,0.74;-0.96,0.91;-0.97,1.04;-0.52,1.54;-0.95,1.55;-1.22,1.57;-1.46,1.58;-1.47,1.18;-1.47,1.05;-1.84,1.04;-2.01,0.78;-1.96,0.48
-1.44,0.76|-2.01,-0.09;-1.50,0.45;-1.38,0.47;-1.25,0.48;-1.00,0.46;-0.99,0.67;-1.05,0.83;-0.50,1.37;-0.95,1.47;-1.29,1.47;-1.51,1.14;-1.56,0.96;-1.78,0.99;-2.01,0.88;-2.03,0.65;-2.03,0.37
-1.44,0.75|-2.05,0.28;-2.10,-0.41;-1.48,0.44;-1.37,0.47;-1.18,0.41;-1.05,0.53;-0.98,0.69;-1.05,0.86;-0.63,1.38;-1.07,1.41;-1.35,1.50;-1.53,1.07;-1.62,0.97;-1.86,0.99;-2.08,0.83;-2.05,0.58
-1.76,0.54|-2.20,0.30;-2.18,0.02;-2.12,-0.65;-1.66,0.36;-1.53,0.35;-1.21,0.37;-1.14,0.60;-1.20,0.84;-1.10,1.35;-1.50,1.38;-1.79,0.85;-1.94,0.88;-2.10,0.82;-2.23,0.68;-2.18,0.50
-2.02,0.41|-2.29,-0.20;-2.04,-0.72;-1.86,0.01;-1.80,0.19;-1.73,0.29;-1.31,0.40;-1.35,0.67;-1.04,1.34;-1.84,0.81;-2.01,0.80;-2.16,0.79;-2.31,0.72;-2.37,0.57;-2.30,0.42;-2.35,0.29;-2.29,0.15
-2.08,0.29|-2.30,-0.41;-1.99,-0.71;-1.91,-0.04;-1.81,0.06;-1.87,0.22;-1.36,0.66;-1.30,1.23;-1.95,0.71;-2.12,0.75;-2.32,0.73;-2.39,0.55;-2.37,0.38;-2.38,0.26;-2.36,0.14;-2.36,-0.05
-2.15,-0.02|-2.36,-0.91;-2.00,-0.90;-1.91,-0.40;-1.93,-0.18;-1.85,-0.09;-1.90,0.02;-1.39,0.46;-1.41,1.02;-2.01,0.59;-2.25,0.56;-2.42,0.41;-2.40,0.16;-2.40,0.04;-2.37,-0.06;-2.40,-0.17;-2.39,-0.35
-2.20,-0.34|-2.34,-1.08;-2.05,-1.06;-1.44,-1.47;-1.93,-0.52;-1.98,-0.39;-1.91,-0.28;-1.92,-0.15;-2.06,0.42;-2.36,0.42;-2.42,-0.03;-2.39,-0.22;-2.40,-0.31;-2.44,-0.39;-2.43,-0.50;-2.41,-0.66
-2.23,-0.55|-1.62,-1.71;-1.43,-1.21;-1.94,-0.64;-1.98,-0.53;-1.94,-0.39;-1.97,-0.23;-1.96,0.33;-2.31,0.31;-2.45,-0.14;-2.41,-0.40;-2.45,-0.48;-2.44,-0.57;-2.42,-0.65;-2.40,-0.75;-2.42,-1.15;-2.17,-1.19
-2.02,-0.89|-1.47,-1.90;-1.38,-1.41;-1.42,-1.07;-1.86,-0.88;-1.84,-0.79;-1.88,-0.72;-1.56,0.67;-2.13,0.16;-2.33,-0.33;-2.34,-0.64;-2.31,-0.81;-2.30,-0.92;-2.25,-1.02;-2.35,-1.30;-2.17,-1.39;-1.98,-1.30
-1.84,-1.16|-1.24,-1.99;-1.26,-1.52;-1.24,-1.26;-1.24,-1.02;-1.26,-0.74;-1.44,-0.50;-1.79,-0.86;-2.12,0.00;-2.21,-0.65;-2.24,-0.92;-2.19,-1.11;-2.20,-1.25;-2.23,-1.44;-2.06,-1.52;-1.89,-1.45;-1.77,-1.47
-1.81,-1.20|-1.31,-1.69;-1.27,-1.41;-1.31,-1.19;-1.22,-0.94;-1.19,-0.55;-1.73,-0.98;-1.84,-0.01;-2.19,-0.34;-2.23,-0.81;-2.20,-1.06;-2.15,-1.21;-2.25,-1.40;-2.11,-1.52;-1.91,-1.47;-1.81,-1.46;-1.44,-2.05
-1.49,-1.31|-1.08,-1.42;-1.15,-1.26;-1.07,-1.07;-1.03,-0.71;-1.28,-0.53;-1.56,-0.76;-2.11,-0.24;-2.08,-0.86;-2.03,-1.17;-2.05,-1.39;-1.94,-1.58;-1.64,-1.51;-1.68,-2.06;-1.39,-2.05;-1.09,-1.98;-1.08,-1.62
-1.28,-1.43|-1.49,-0.88;-1.92,-0.76;-1.95,-1.13;-1.95,-1.41;-1.81,-1.64;-1.46,-1.60;-1.57,-2.11;-1.29,-2.12;-1.00,-2.13;-0.98,-1.73;-1.00,-1.55;-0.96,-1.43;-1.03,-1.33;-0.96,-1.13;-0.93,-0.64;-1.26,-0.59
-1.35,-1.28|-1.30,-2.04;-1.01,-1.98;-1.03,-1.56;-1.00,-1.40;-1.05,-1.27;-1.01,-1.12;-0.99,-0.88;-1.09,-0.55;-1.39,-0.57;-1.56,-0.84;-1.98,-0.72;-2.00,-1.06;-1.93,-1.32;-1.92,-1.56;-1.55,-1.51;-1.61,-2.04
-1.38,-1.75|-1.42,-2.25;-1.20,-2.31;-1.03,-2.16;-1.06,-1.91;-1.06,-1.78;-1.03,-1.64;-1.09,-1.51;-1.04,-1.11;-1.29,-0.75;-1.53,-1.26;-2.00,-1.00;-1.95,-1.45;-2.01,-1.69;-2.98,-2.25;-2.03,-2.30;-1.67,-2.30
-1.41,-2.08|-1.49,-2.40;-1.35,-2.48;-1.17,-2.47;-1.06,-2.33;-1.09,-2.15;-1.05,-2.02;-1.02,-1.84;-0.98,-1.48;-1.15,-0.97;-1.68,-0.37;-1.98,-1.15;-1.68,-1.88;-2.35,-1.85;-2.79,-2.29;-1.92,-2.39;-1.65,-2.41
-1.43,-2.16|-2.55,-2.56;-1.84,-2.53;-1.58,-2.48;-1.45,-2.44;-1.31,-2.49;-1.14,-2.48;-1.05,-2.34;-1.10,-2.17;-1.06,-2.02;-1.08,-1.84;-1.10,-1.46;-1.37,-0.94;-2.02,-0.52;-1.60,-1.97;-1.78,-1.99;-2.98,-2.08
-1.56,-2.14|-2.47,-2.40;-1.96,-2.45;-1.74,-2.46;-1.60,-2.44;-1.48,-2.45;-1.28,-2.50;-1.13,-2.38;-1.16,-2.19;-1.13,-2.02;-1.11,-1.78;-1.09,-1.29;-1.43,-0.98;-1.62,-1.95;-1.74,-1.92;-1.89,-1.96;-3.62,-1.90
-1.86,-2.27|-2.56,-2.53;-2.11,-2.51;-1.99,-2.56;-1.87,-2.50;-1.77,-2.51;-1.62,-2.53;-1.31,-2.53;-1.30,-2.30;-1.28,-2.06;-1.85,-1.99;-1.96,-2.01;-2.07,-2.05;-2.54,-1.96;-3.80,-2.19
-1.95,-2.31|-3.03,-2.50;-2.32,-2.55;-2.12,-2.56;-2.01,-2.57;-1.91,-2.54;-1.81,-2.53;-1.56,-2.59;-1.32,-2.46;-1.35,-2.21;-1.29,-1.90;-1.29,-1.38;-1.89,-2.02;-2.00,-2.05;-2.10,-2.08;-2.34,-2.04
-2.38,-2.33|-4.06,-2.38;-2.86,-2.54;-2.60,-2.56;-2.46,-2.54;-2.38,-2.53;-2.26,-2.60;-2.15,-2.55;-1.72,-2.58;-1.53,-2.31;-1.56,-1.96;-2.10,-2.03;-2.29,-2.07;-2.39,-2.09;-2.51,-2.05;-2.66,-2.07;-3.09,-2.06
-2.81,-2.32|-4.23,-2.28;-3.42,-2.55;-3.05,-2.55;-2.94,-2.61;-2.82,-2.55;-2.72,-2.55;-2.61,-2.53;-2.32,-2.54;-1.72,-2.35;-1.73,-1.91;-2.56,-2.08;-2.69,-2.05;-2.80,-2.07;-2.92,-2.04;-3.07,-2.04;-3.50,-2.01
-2.97,-2.32|-4.31,-2.25;-3.52,-2.51;-3.18,-2.51;-3.10,-2.59;-2.98,-2.59;-2.89,-2.53;-2.77,-2.54;-2.43,-2.57;-1.79,-2.37;-1.79,-1.90;-2.69,-2.07;-2.85,-2.06;-2.96,-2.06;-3.07,-2.02;-3.23,-2.03;-3.64,-2.00
-3.34,-2.30|-4.49,-2.18;-3.96,-2.48;-3.63,-2.54;-3.46,-2.53;-3.36,-2.50;-3.25,-2.60;-3.14,-2.54;-2.89,-2.54;-1.97,-2.44;-2.53,-2.06;-3.03,-2.05;-3.19,-2.03;-3.31,-2.04;-3.42,-2.02;-3.57,-2.01;-3.87,-2.01
-3.83,-2.26|-4.75,-2.25;-4.47,-2.52;-4.03,-2.46;-3.93,-2.50;-3.83,-2.54;-3.73,-2.52;-3.63,-2.47;-3.32,-2.48;-2.21,-2.29;-3.15,-1.99;-3.52,-1.96;-3.72,-2.01;-3.83,-2.00;-3.93,-2.00;-4.10,-1.99;-5.30,-1.63
0.01,-0.00|-0.39,-0.48;-0.31,-0.98;0.09,-1.04;0.10,-0.18;0.16,-0.14;0.17,-0.06;0.17,0.01;0.17,0.08;0.16,0.17;0.16,0.47;-0.03,0.46;-0.23,0.46;-0.32,0.27;-0.38,0.12;-0.33,-0.03;-0.85,-0.44
-0.26,-0.32|-0.47,-0.65;-0.41,-1.16;-0.06,-1.19;0.00,-0.69;0.03,-0.50;-0.04,-0.36;0.03,-0.25;0.04,-0.10;0.08,0.22;-0.15,0.30;-0.40,0.32;-0.50,0.03;-0.46,-0.19;-0.94,-0.20;-0.94,-0.47;-0.79,-0.69
-0.44,-0.52|-0.36,0.23;-0.58,-0.04;-1.03,0.21;-1.02,-0.21;-0.97,-0.47;-1.07,-0.71;-0.70,-0.74;-0.57,-0.76;-0.52,-1.24;-0.21,-1.32;-0.11,-0.94;-0.08,-0.72;-0.08,-0.56;-0.08,-0.42;-0.02,-0.19;-0.03,0.21
-0.42,-0.21|-0.40,0.36;-0.56,0.15;-0.55,-0.07;-0.56,-0.15;-1.02,-0.19;-1.01,-0.43;-0.90,-0.66;-0.59,-0.60;-0.44,-1.10;-0.07,-1.13;-0.07,-0.58;-0.09,-0.35;-0.07,-0.22;-0.05,-0.07;-0.08,0.11;-0.18,0.34
-0.35,0.11|-0.17,0.49;-0.33,0.53;-0.51,0.55;-0.52,0.30;-0.57,0.21;-0.52,0.11;-0.49,0.06;-0.95,-0.44;-0.60,-0.44;-0.39,-0.95;-0.08,-0.63;-0.08,-0.19;-0.00,-0.05;-0.01,0.09;-0.01,0.23;0.04,0.47
-0.23,0.38|-0.44,0.17;-0.53,-0.31;-0.24,-0.81;0.09,-0.41;0.06,0.08;0.04,0.37;0.09,0.51;0.07,0.67;-0.12,0.63;-0.23,0.68;-0.34,0.65;-0.47,0.62;-0.43,0.46;-0.49,0.38;-0.47,0.28
-0.23,0.38|-0.04,-0.50;0.01,0.03;0.04,0.21;0.04,0.33;0.09,0.45;0.11,0.61;-0.08,0.62;-0.17,0.71;-0.29,0.66;-0.43,0.68;-0.42,0.51;-0.46,0.42;-0.49,0.33;-0.45,0.23;-0.66,-0.28;-0.45,-0.79
-0.14,0.13|0.09,-0.96;0.04,-0.12;0.09,-0.02;0.11,0.09;0.11,0.18;0.07,0.27;0.12,0.53;-0.06,0.53;-0.23,0.56;-0.42,0.54;-0.41,0.31;-0.47,0.19;-0.40,0.08;-0.89,-0.39;-0.50,-0.42;-0.34,-0.93
-0.15,-0.22|-0.31,-1.10;0.05,-1.14;0.08,-0.56;0.03,-0.34;0.04,-0.26;0.07,-0.18;0.08,-0.07;0.06,0.09;-0.04,0.33;-0.26,0.35;-0.41,0.16;-0.43,-0.04;-0.91,-0.08;-0.82,-0.36;-0.79,-0.66;-0.41,-0.62
-0.28,-0.53|-0.62,-1.28;-0.31,-1.29;0.01,-1.31;0.01,-0.84;0.03,-0.68;-0.01,-0.55;-0.03,-0.44;0.03,-0.25;0.05,0.19;-0.25,0.26;-0.47,-0.02;-0.99,0.24;-0.97,-0.22;-0.91,-0.51;-0.95,-0.78;-0.52,-0.76
-0.31,-0.58|-0.98,-0.07;-0.92,-0.42;-0.97,-0.68;-0.62,-0.77;-0.85,-1.30;-0.49,-1.29;-0.20,-1.36;-0.06,-1.00;-0.03,-0.79;0.02,-0.67;-0.04,-0.55;0.01,-0.40;0.02,-0.15;-0.12,0.15;-0.42,0.18;-0.49,-0.27
-0.47,-0.39|-0.33,-1.23;-0.06,-1.05;-0.12,-0.64;-0.09,-0.48;-0.09,-0.32;-0.06,-0.13;-0.05,0.22;-0.32,0.31;-0.56,0.11;-0.58,-0.22;-1.05,0.02;-1.04,-0.26;-1.03,-0.48;-0.99,-0.71;-0.68,-0.67;-0.66,-1.21
-0.43,-0.90|-0.37,-1.46;-0.12,-1.47;-0.11,-1.16;-0.08,-1.00;-0.05,-0.86;-0.10,-0.72;-0.06,-0.44;-0.17,0.01;-0.53,0.04;-1.10,0.32;-1.04,-0.41;-0.99,-0.74;-0.68,-0.93;-0.53,-0.96;-0.89,-1.47;-0.59,-1.47
-0.43,-1.25|-0.50,-1.61;-0.35,-1.67;-0.15,-1.67;-0.05,-1.50;-0.10,-1.31;-0.06,-1.18;-0.03,-0.99;-0.02,-0.65;-0.20,-0.14;-0.75,0.41;-1.00,-0.38;-0.68,-1.08;-1.12,-1.11;-1.80,-1.51;-0.95,-1.59;-0.68,-1.62
-0.46,-1.39|-1.35,-1.75;-0.82,-1.75;-0.59,-1.70;-0.46,-1.67;-0.31,-1.75;-0.15,-1.71;-0.04,-1.57;-0.13,-1.40;-0.07,-1.24;-0.09,-1.03;-0.09,-0.54;-0.44,-0.20;-1.09,0.18;-0.67,-1.18;-0.84,-1.23;-2.66,-1.37
-0.64,-1.37|-1.91,-1.62;-1.10,-1.68;-0.89,-1.74;-0.70,-1.68;-0.58,-1.67;-0.39,-1.76;-0.18,-1.46;-0.16,-1.28;-0.15,-1.05;-0.16,-0.65;-0.40,-0.18;-0.68,-1.18;-0.78,-1.16;-0.89,-1.21;-1.53,-1.19
-0.95,-1.47|-1.64,-1.73;-1.22,-1.73;-1.09,-1.78;-0.96,-1.77;-0.85,-1.74;-0.72,-1.72;-0.36,-1.50;-0.34,-1.25;-0.38,-0.95;-0.84,-1.23;-0.94,-1.19;-1.04,-1.22;-1.12,-1.28;-1.41,-1.26;-2.86,-1.39
-1.26,-1.58|-1.84,-1.77;-1.52,-1.81;-1.36,-1.78;-1.28,-1.82;-1.18,-1.84;-1.09,-1.79;-0.89,-1.78;-0.45,-1.66;-0.48,-1.34;-0.53,-0.98;-1.08,-1.25;-1.24,-1.32;-1.34,-1.33;-1.50,-1.29;-1.81,-1.30;-3.03,-1.42
-1.33,-1.60|-3.07,-1.72;-1.79,-1.83;-1.52,-1.82;-1.39,-1.80;-1.31,-1.81;-1.21,-1.84;-1.10,-1.80;-0.65,-1.83;-0.49,-1.55;-0.54,-1.22;-1.05,-1.29;-1.22,-1.31;-1.34,-1.35;-1.46,-1.32;-1.64,-1.33;-2.14,-1.33
-1.71,-1.55|-3.24,-1.34;-2.45,-1.74;-1.99,-1.76;-1.87,-1.82;-1.74,-1.76;-1.65,-1.80;-1.55,-1.76;-1.31,-1.78;-0.71,-1.69;-0.72,-1.29;-1.29,-1.23;-1.56,-1.29;-1.67,-1.28;-1.78,-1.29;-1.95,-1.23;-2.22,-1.25
-2.11,-1.50|-3.45,-1.37;-2.68,-1.67;-2.40,-1.74;-2.22,-1.70;-2.14,-1.81;-2.03,-1.76;-1.88,-1.77;-1.56,-1.79;-0.88,-1.61;-0.86,-1.11;-1.82,-1.26;-1.99,-1.28;-2.08,-1.24;-2.18,-1.25;-2.32,-1.24;-2.67,-1.20
0.00,-0.00|-0.77,0.25;-0.78,-0.06;-0.25,-0.13;-0.25,-0.30;-0.20,-0.61;0.17,-2.22;0.18,-0.36;0.27,-0.23;0.21,-0.07;0.22,0.01;0.24,0.12;0.26,0.30;0.11,0.33;-0.03,0.37;-0.19,0.39;-0.42,0.36
-0.50,0.05|-0.99,0.14;-1.54,-0.17;-1.53,-0.66;-0.91,-0.57;-0.62,-0.59;-0.36,-0.61;-0.05,-0.61;-0.01,-0.27;-0.01,-0.04;0.00,0.16;-0.04,0.37;-0.27,0.40;-0.43,0.41;-0.57,0.39;-0.78,0.46;-1.01,0.39
-0.83,0.06|-1.19,0.05;-1.71,-0.33;-1.75,-0.91;-1.07,-0.56;-0.81,-0.58;-0.71,-0.21;-0.67,-0.09;-0.17,-0.20;-0.20,0.07;-0.16,0.35;-0.52,0.38;-0.70,0.40;-0.84,0.40;-1.02,0.49;-1.18,0.39;-1.13,0.17
-0.89,0.06|-1.69,-0.69;-1.17,-0.57;-0.91,-0.59;-0.71,-0.42;-0.71,-0.14;-0.20,-0.26;-0.23,0.03;-0.17,0.33;-0.53,0.39;-0.73,0.41;-0.88,0.41;-1.05,0.48;-1.21,0.40;-1.18,0.19;-1.19,0.07;-1.77,-0.28
-1.20,-0.28|-1.86,-1.31;-1.28,-0.73;-1.10,-0.73;-0.88,-0.74;-0.81,-0.52;-0.88,-0.33;-0.42,-0.10;-0.49,0.22;-0.86,0.25;-1.10,0.27;-1.32,0.29;-1.34,-0.07;-1.39,-0.16;-1.42,-0.24;-1.90,-0.77
-1.37,-0.57|-1.94,-1.43;-1.43,-0.86;-1.31,-0.85;-1.17,-0.86;-0.92,-0.86;-0.93,-0.65;-0.96,-0.48;-0.44,0.07;-0.93,0.11;-1.24,0.17;-1.44,-0.23;-1.50,-0.38;-1.73,-0.33;-1.94,-0.46;-1.96,-0.69;-1.95,-0.96
-1.38,-0.58|-1.98,-1.14;-1.95,-1.85;-1.39,-0.89;-1.28,-0.86;-1.07,-0.92;-0.96,-0.77;-0.94,-0.59;-0.94,-0.41;-0.64,0.12;-1.09,0.08;-1.36,0.16;-1.47,-0.35;-1.56,-0.40;-1.82,-0.39;-2.03,-0.56;-1.98,-0.81
-1.71,-0.80|-2.15,-0.97;-2.14,-1.21;-2.10,-1.68;-1.73,-1.94;-1.64,-0.98;-1.50,-1.01;-1.21,-1.02;-1.08,-0.81;-1.12,-0.57;-0.95,-0.07;-1.35,0.03;-1.70,-0.50;-1.85,-0.44;-2.00,-0.50;-2.14,-0.61;-2.14,-0.79
-1.93,-0.90|-2.24,-1.53;-2.00,-2.03;-1.79,-1.31;-1.75,-1.11;-1.62,-1.06;-1.24,-0.95;-1.25,-0.67;-1.04,-0.11;-1.76,-0.55;-1.91,-0.52;-2.06,-0.52;-2.22,-0.58;-2.29,-0.73;-2.24,-0.89;-2.26,-1.02;-2.21,-1.15
-2.05,-1.21|-2.24,-1.84;-1.95,-2.15;-1.80,-1.67;-1.80,-1.41;-1.79,-1.28;-1.83,-1.18;-1.31,-0.81;-1.22,-0.20;-1.89,-0.70;-2.10,-0.67;-2.28,-0.78;-2.30,-1.00;-2.33,-1.12;-2.32,-1.23;-2.27,-1.32;-2.32,-1.54
-2.13,-1.52|-2.33,-2.32;-2.02,-2.31;-1.39,-2.77;-1.89,-1.70;-1.87,-1.59;-1.82,-1.48;-1.85,-1.35;-1.97,-0.85;-2.24,-0.84;-2.33,-1.20;-2.35,-1.37;-2.32,-1.48;-2.33,-1.55;-2.36,-1.66;-2.33,-1.79
-2.18,-1.71|-1.94,-2.42;-1.44,-2.56;-1.90,-1.85;-1.92,-1.73;-1.82,-1.59;-0.87,-0.57;-1.54,-0.43;-2.13,-0.93;-2.33,-1.26;-2.34,-1.54;-2.35,-1.63;-2.37,-1.70;-2.39,-1.79;-2.36,-1.87;-2.35,-2.05;-2.23,-2.47
-1.96,-2.12|-1.48,-3.19;-1.30,-2.75;-1.33,-2.36;-1.75,-2.11;-1.76,-2.03;-1.81,-1.95;-1.40,-0.68;-1.98,-1.09;-2.23,-1.50;-2.26,-1.83;-2.28,-1.99;-2.26,-2.12;-2.22,-2.23;-2.22,-2.39;-2.16,-2.64;-1.95,-2.62
-1.81,-2.41|-1.23,-3.30;-1.24,-2.80;-1.23,-2.53;-1.18,-2.30;-1.13,-1.97;-1.69,-2.25;-1.74,-2.09;-2.02,-1.26;-2.18,-1.84;-2.22,-2.13;-2.17,-2.33;-2.13,-2.47;-2.21,-2.67;-2.07,-2.79;-1.88,-2.74;-1.74,-2.75
-1.75,-2.51|-1.15,-2.30;-1.11,-1.95;-1.65,-2.30;-1.67,-1.35;-2.11,-1.43;-2.14,-2.06;-2.14,-2.32;-2.09,-2.48;-2.18,-2.65;-2.12,-2.82;-1.90,-2.81;-1.77,-2.79;-1.46,-3.38;-1.19,-3.15;-1.20,-2.78;-1.25,-2.54
-1.46,-2.36|-1.01,-2.16;-0.98,-1.87;-1.22,-1.76;-1.47,-1.76;-1.52,-2.23;-2.02,-1.81;-2.05,-2.12;-1.96,-2.36;-2.02,-2.60;-1.87,-2.77;-1.61,-2.72;-1.45,-3.21;-1.08,-3.25;-1.05,-2.76;-1.03,-2.53;-1.05,-2.35
-1.27,-2.32|-0.96,-2.88;-0.92,-2.60;-0.98,-2.41;-0.91,-2.28;-0.91,-2.12;-0.90,-1.86;-1.10,-1.75;-1.33,-1.76;-1.45,-1.99;-1.42,-2.20;-1.93,-2.13;-1.86,-2.39;-1.92,-2.68;-1.57,-2.70;-1.54,-3.24;-1.16,-3.28
-1.23,-2.82|-1.27,-3.49;-1.00,-3.49;-0.95,-3.13;-0.94,-2.96;-0.88,-2.84;-0.98,-2.73;-0.89,-2.51;-0.83,-2.01;-1.17,-1.97;-1.42,-2.25;-1.84,-2.12;-1.87,-2.50;-1.90,-2.77;-1.57,-2.93;-1.95,-3.45;-1.54,-3.45
-1.24,-3.24|-1.26,-3.68;-1.06,-3.73;-0.94,-3.57;-0.98,-3.37;-0.93,-3.26;-0.95,-3.14;-0.94,-2.96;-0.91,-2.54;-1.20,-2.16;-1.80,-1.72;-1.92,-2.51;-1.85,-2.96;-1.73,-3.22;-1.74,-3.70;-1.43,-3.66
-1.29,-3.50|-1.92,-1.93;-1.50,-3.28;-1.70,-3.32;-3.43,-3.48;-1.99,-3.78;-1.64,-3.85;-1.41,-3.78;-1.29,-3.81;-1.14,-3.86;-0.95,-3.83;-0.93,-3.65;-1.00,-3.50;-0.96,-3.37;-0.93,-3.15;-0.93,-2.65;-1.28,-2.35
-1.28,-3.50|-2.80,-3.25;-2.35,-3.75;-1.74,-3.83;-1.47,-3.81;-1.33,-3.79;-1.19,-3.87;-1.03,-3.85;-0.95,-3.70;-1.00,-3.55;-0.94,-3.42;-0.97,-3.28;-0.99,-3.03;-1.09,-2.34;-1.69,-1.79;-1.43,-3.30;-1.62,-3.29
-1.33,-3.48|-1.40,-2.77;-1.44,-3.29;-1.62,-3.25;-2.10,-3.25;-2.75,-3.62;-1.82,-3.74;-1.58,-3.79;-1.42,-3.78;-1.30,-3.85;-1.13,-3.86;-1.02,-3.74;-1.01,-3.58;-1.00,-3.45;-0.98,-3.29;-0.98,-3.05;-0.99,-2.37
-1.33,-3.48|-3.50,-3.45;-2.23,-3.84;-1.69,-3.84;-1.46,-3.78;-1.33,-3.78;-1.19,-3.84;-1.00,-3.82;-0.93,-3.65;-1.02,-3.49;-0.98,-3.35;-0.95,-3.12;-0.96,-2.64;-1.31,-2.32;-1.94,-1.92;-1.52,-3.28;-1.71,-3.32
-1.41,-3.46|-1.72,-1.76;-1.54,-3.25;-1.69,-3.26;-2.34,-3.26;-2.75,-3.70;-1.89,-3.76;-1.64,-3.79;-1.48,-3.75;-1.35,-3.78;-1.17,-3.83;-1.05,-3.70;-1.05,-3.53;-1.01,-3.38;-1.00,-3.19;-0.98,-2.83;-1.16,-2.31
-1.41,-3.46|-3.59,-3.55;-2.06,-3.76;-1.73,-3.82;-1.52,-3.77;-1.39,-3.77;-1.03,-3.81;-0.99,-3.61;-1.04,-3.44;-1.04,-3.29;-1.03,-3.05;-1.00,-2.34;-1.45,-2.49;-1.50,-3.27;-1.63,-3.25;-1.84,-3.30
-1.48,-3.45|-3.60,-3.49;-2.30,-3.81;-1.82,-3.80;-1.60,-3.76;-1.47,-3.75;-1.31,-3.84;-1.11,-3.81;-1.01,-3.64;-1.09,-3.44;-1.06,-3.27;-1.08,-3.04;-1.03,-2.31;-1.50,-2.51;-1.56,-3.27;-1.68,-3.25;-1.84,-3.31
-1.53,-3.44|-3.65,-3.57;-2.30,-3.81;-1.85,-3.80;-1.65,-3.78;-1.52,-3.76;-1.35,-3.82;-1.12,-3.81;-1.05,-3.61;-1.09,-3.42;-1.09,-3.23;-1.13,-2.99;-1.15,-2.33;-1.58,-2.68;-1.62,-3.26;-1.76,-3.25;-2.00,-3.28
-1.59,-3.44|-3.60,-3.40;-2.41,-3.76;-1.94,-3.77;-1.74,-3.78;-1.60,-3.77;-1.46,-3.78;-1.21,-3.84;-1.08,-3.67;-1.13,-3.45;-1.13,-3.26;-1.14,-3.00;-1.11,-2.33;-1.59,-3.28;-1.68,-3.22;-1.79,-3.24;-1.94,-3.29
-1.98,-3.54|-2.85,-3.84;-2.32,-3.84;-2.12,-3.83;-2.00,-3.86;-1.88,-3.83;-1.75,-3.80;-1.36,-3.83;-1.32,-3.58;-1.33,-3.31;-1.37,-3.00;-1.86,-3.30;-1.96,-3.29;-2.04,-3.34;-2.13,-3.36;-2.38,-3.34;-3.85,-3.42
-2.29,-3.63|-3.02,-3.85;-2.64,-3.91;-2.41,-3.85;-2.31,-3.84;-2.21,-3.89;-2.08,-3.89;-1.89,-3.84;-1.42,-3.71;-1.47,-3.38;-1.96,-3.35;-2.15,-3.36;-2.27,-3.40;-2.36,-3.40;-2.49,-3.39;-2.80,-3.36;-4.03,-3.47
-2.61,-3.70|-3.61,-3.83;-2.94,-3.89;-2.81,-3.95;-2.67,-3.90;-2.59,-3.90;-2.50,-3.89;-2.30,-3.94;-1.72,-3.94;-1.64,-3.57;-2.09,-3.40;-2.42,-3.44;-2.54,-3.41;-2.65,-3.40;-2.80,-3.38;-3.00,-3.40;-4.62,-3.16
-2.79,-3.72|-4.26,-3.55;-3.40,-3.90;-3.01,-3.90;-2.92,-3.96;-2.81,-3.90;-2.74,-3.90;-2.64,-3.91;-2.39,-3.94;-1.71,-3.84;-1.71,-3.41;-2.33,-3.36;-2.62,-3.42;-2.75,-3.42;-2.88,-3.40;-3.03,-3.41;-3.34,-3.42
-3.13,-3.62|-4.82,-2.95;-4.44,-3.64;-3.57,-3.81;-3.37,-3.86;-3.22,-3.83;-3.13,-3.91;-3.02,-3.88;-2.86,-3.88;-2.47,-3.89;-1.92,-3.60;-2.66,-3.42;-2.89,-3.36;-3.03,-3.35;-3.14,-3.32;-3.24,-3.37;-3.43,-3.33
-3.45,-3.52|-5.05,-3.13;-4.58,-3.70;-3.78,-3.72;-3.66,-3.81;-3.41,-3.78;-3.23,-3.86;-3.05,-3.81;-2.12,-3.83;-2.04,-3.29;-3.13,-3.32;-3.25,-3.25;-3.40,-3.32;-3.48,-3.29;-3.58,-3.29;-3.81,-3.25
-3.78,-3.45|-4.69,-3.24;-4.74,-3.61;-4.18,-3.71;-3.94,-3.69;-3.85,-3.80;-3.72,-3.75;-3.29,-3.79;-2.22,-3.80;-3.08,-3.33;-3.51,-3.28;-3.64,-3.25;-3.73,-3.23;-3.81,-3.26;-3.92,-3.22;-4.05,-3.25
-4.11,-3.39|-4.86,-3.26;-4.91,-3.57;-4.59,-3.72;-4.31,-3.70;-4.17,-3.69;-4.04,-3.73;-3.87,-3.73;-3.50,-3.78;-2.34,-3.70;-3.48,-3.25;-4.02,-3.23;-4.08,-3.19;-4.16,-3.19;-4.23,-3.23;-5.37,-2.59
-4.26,-3.35|-4.93,-3.22;-4.97,-3.49;-4.71,-3.65;-4.47,-3.65;-4.34,-3.72;-4.21,-3.64;-4.02,-3.72;-3.62,-3.79;-2.44,-3.72;-3.60,-3.22;-4.07,-3.23;-4.14,-3.17;-4.23,-3.16;-4.29,-3.20;-4.35,-3.22;-5.37,-2.61
-4.73,-3.31|-5.16,-3.20;-5.13,-3.37;-5.23,-3.61;-4.96,-3.62;-4.81,-3.63;-4.68,-3.65;-4.51,-3.67;-4.16,-3.73;-2.70,-3.82;-4.14,-3.22;-4.55,-3.20;-4.64,-3.18;-4.65,-2.98;-4.82,-2.69;-5.47,-2.06;-5.60,-2.66
-5.03,-3.21|-5.77,-2.83;-5.34,-3.19;-5.34,-3.31;-5.40,-3.53;-5.21,-3.56;-5.07,-3.61;-4.91,-3.59;-4.68,-3.63;-3.98,-3.76;-2.81,-3.40;-4.80,-3.14;-4.77,-2.99;-4.75,-2.66;-4.99,-2.64;-5.23,-2.60;-5.75,-2.36
-5.08,-3.19|-5.79,-2.62;-5.34,-3.12;-5.39,-3.23;-5.32,-3.33;-5.40,-3.59;-5.19,-3.56;-5.03,-3.62;-4.86,-3.59;-4.48,-3.68;-3.33,-3.71;-4.53,-3.13;-4.79,-3.04;-4.86,-2.92;-4.90,-2.59;-5.71,-2.03
-5.08,-3.19|-5.82,-2.16;-5.83,-2.73;-5.34,-3.15;-5.38,-3.26;-5.31,-3.36;-5.34,-3.61;-5.14,-3.55;-4.99,-3.61;-4.78,-3.62;-4.33,-3.66;-2.84,-3.57;-4.80,-3.13;-4.79,-2.99;-4.78,-2.72;-4.98,-2.60;-5.22,-2.58
-5.26,-2.84|-5.78,-1.91;-5.90,-2.34;-5.89,-2.67;-5.96,-2.93;-5.42,-2.94;-5.46,-3.10;-5.42,-3.42;-5.19,-3.39;-4.95,-3.39;-4.47,-3.46;-3.01,-3.47;-4.87,-2.80;-4.94,-2.66;-4.96,-2.46;-5.16,-2.48;-5.31,-2.40
-5.39,-2.59|-4.97,-2.79;-4.99,-2.61;-4.93,-2.43;-5.06,-2.30;-5.26,-2.34;-5.37,-2.28;-5.65,-1.83;-6.01,-1.89;-5.94,-2.32;-5.94,-2.56;-6.00,-2.80;-6.02,-3.16;-5.74,-3.33;-5.14,-3.31;-4.78,-3.27
-5.18,-2.80|-5.83,-2.10;-5.86,-2.49;-5.90,-2.78;-5.91,-3.07;-5.45,-3.05;-5.43,-3.36;-5.20,-3.37;-4.96,-3.38;-4.63,-3.39;-3.78,-3.44;-4.83,-2.81;-4.90,-2.70;-4.85,-2.50;-4.98,-2.38;-5.16,-2.43;-5.32,-2.41
-5.51,-2.55|-5.98,-2.30;-6.01,-2.50;-6.07,-2.72;-6.14,-3.06;-5.90,-3.28;-5.56,-3.04;-5.28,-3.31;-4.90,-3.30;-5.07,-2.78;-5.08,-2.59;-4.99,-2.39;-5.27,-2.35;-5.37,-2.28;-5.49,-2.30;-5.73,-1.83;-5.97,-1.99
-5.82,-2.41|-6.17,-2.14;-6.21,-2.31;-6.14,-2.46;-6.23,-2.65;-6.19,-2.90;-6.03,-3.20;-5.76,-2.86;-5.36,-3.21;-4.70,-3.28;-5.18,-2.59;-5.17,-2.33;-5.50,-2.23;-4.94,-1.27;-5.49,-1.19;-5.90,-1.76;-6.17,-1.80
-5.93,-2.31|-5.79,-2.77;-5.25,-3.14;-5.26,-2.67;-5.23,-2.38;-5.53,-2.19;-5.26,-1.77;-5.32,-1.18;-5.86,-1.67;-6.14,-1.62;-6.23,-1.94;-6.21,-2.16;-6.24,-2.28;-6.22,-2.40;-6.28,-2.60;-6.24,-2.90;-6.02,-3.20
-5.78,-2.65|-5.51,-3.35;-5.08,-3.39;-3.77,-3.56;-5.22,-2.67;-5.17,-2.42;-5.46,-2.35;-5.22,-1.41;-5.75,-1.84;-6.10,-1.80;-6.11,-2.30;-6.15,-2.48;-6.22,-2.64;-6.24,-2.83;-6.31,-3.15;-6.06,-3.28;-5.79,-3.19
-5.75,-2.73|-6.05,-1.83;-6.15,-2.26;-6.17,-2.52;-6.19,-2.69;-6.18,-2.87;-6.15,-3.07;-6.06,-3.34;-5.80,-3.33;-5.69,-2.93;-5.23,-3.34;-4.33,-3.45;-5.13,-2.77;-5.12,-2.52;-5.39,-2.41;-5.57,-2.36;-5.69,-1.87
-5.87,-2.23|-5.93,-1.68;-6.21,-1.60;-6.21,-1.95;-6.18,-2.14;-6.23,-2.27;-6.24,-2.43;-6.28,-2.73;-6.13,-3.07;-5.80,-2.96;-5.39,-3.13;-4.71,-3.18;-5.25,-2.42;-5.25,-2.17;-5.19,-1.86;-5.00,-1.16;-5.53,-1.11
-5.92,-1.88|-5.92,-1.49;-6.13,-1.39;-6.17,-1.63;-6.24,-1.75;-6.20,-1.88;-6.26,-2.02;-6.21,-2.18;-6.31,-2.86;-5.91,-2.93;-5.45,-2.98;-4.73,-3.04;-5.20,-2.17;-5.19,-1.87;-5.23,-1.58;-5.05,-0.99;-5.74,-1.45
-5.91,-1.73|-6.11,-2.85;-5.76,-2.39;-5.08,-2.90;-5.66,-1.88;-5.21,-1.85;-5.24,-1.58;-4.75,-0.91;-5.39,-0.90;-5.85,-1.36;-5.98,-1.42;-6.18,-1.35;-6.19,-1.55;-6.24,-1.67;-6.20,-1.79;-6.25,-1.97;-6.28,-2.31
-5.82,-2.23|-5.75,-2.97;-5.33,-3.14;-4.68,-3.17;-5.22,-2.41;-5.17,-2.17;-5.63,-2.13;-4.95,-1.17;-5.47,-1.08;-5.88,-1.65;-6.16,-1.60;-6.18,-1.94;-6.14,-2.14;-6.18,-2.27;-6.20,-2.43;-6.25,-2.75;-6.08,-3.09
-5.75,-2.59|-5.71,-2.91;-5.34,-3.32;-5.13,-2.76;-5.11,-2.51;-5.25,-2.30;-5.52,-2.28;-5.39,-1.28;-5.84,-1.86;-6.10,-1.98;-6.11,-2.31;-6.12,-2.49;-6.19,-2.64;-6.21,-2.85;-6.21,-3.18;-5.96,-3.34
-5.74,-2.72|-6.21,-3.28;-5.96,-3.40;-5.72,-3.01;-5.40,-3.39;-4.96,-3.39;-5.16,-2.91;-5.18,-2.68;-5.16,-2.42;-5.46,-2.39;-5.30,-1.36;-5.81,-1.90;-6.07,-2.08;-6.11,-2.41;-6.11,-2.60;-6.20,-2.76;-6.21,-2.96
-5.96,-2.96|-6.25,-3.18;-6.27,-3.49;-6.04,-3.54;-5.83,-3.48;-5.85,-3.12;-5.78,-3.07;-5.27,-2.78;-5.34,-2.49;-5.69,-2.48;-5.83,-1.98;-6.23,-1.97;-6.25,-2.59;-6.27,-2.78;-6.27,-2.92;-6.31,-3.05
-6.08,-3.07|-6.29,-2.71;-6.34,-2.87;-6.35,-3.00;-6.38,-3.11;-6.32,-3.20;-6.36,-3.43;-6.20,-3.49;-6.03,-3.51;-5.90,-3.39;-5.86,-3.24;-5.84,-3.13;-5.29,-2.97;-5.29,-2.62;-5.68,-2.54;-5.81,-2.04;-6.22,-2.00
-6.10,-2.64|-6.04,-1.87;-6.29,-2.06;-6.32,-2.38;-6.28,-2.55;-6.32,-2.62;-6.34,-2.72;-6.37,-2.88;-6.31,-3.07;-6.14,-3.31;-5.87,-3.32;-5.85,-2.92;-4.70,-3.33;-5.29,-2.69;-5.28,-2.36;-5.71,-2.30;-5.46,-1.35
-6.04,-2.13|-5.96,-1.63;-6.19,-1.53;-6.26,-1.83;-6.24,-2.01;-6.25,-2.10;-6.30,-2.19;-6.27,-2.30;-6.37,-2.68;-6.18,-3.03;-5.85,-2.92;-5.34,-3.09;-5.31,-2.57;-5.23,-2.26;-5.22,-1.93;-5.42,-1.11
-6.02,-1.81|-5.99,-1.47;-6.15,-1.38;-6.27,-1.51;-6.27,-1.67;-6.28,-1.78;-6.23,-1.87;-6.28,-2.02;-6.32,-2.37;-6.12,-2.90;-5.81,-2.48;-5.11,-2.90;-5.31,-2.18;-5.23,-1.88;-5.29,-1.58;-5.03,-0.98;-5.81,-1.41
-6.01,-1.68|-5.21,-0.87;-5.88,-1.36;-6.01,-1.41;-6.16,-1.32;-6.27,-1.43;-6.24,-1.59;-6.28,-1.68;-6.22,-1.77;-6.29,-1.96;-6.34,-2.49;-6.00,-2.85;-5.51,-2.87;-4.75,-2.93;-5.49,-1.90;-5.22,-1.68
-5.83,-1.66|-5.76,-1.32;-5.88,-1.40;-6.05,-1.32;-6.21,-1.40;-6.15,-1.59;-6.16,-1.72;-6.15,-1.87;-6.13,-2.09;-6.10,-2.88;-5.69,-2.43;-5.11,-2.79;-5.59,-1.83;-5.14,-1.81;-5.16,-1.54
-5.40,-1.61|-5.00,-1.43;-4.60,-0.76;-5.10,-0.83;-5.42,-0.80;-5.53,-1.31;-5.66,-1.36;-6.00,-1.38;-5.97,-1.62;-5.93,-1.84;-5.98,-2.22;-5.86,-2.82;-5.39,-1.81;-5.30,-1.81;-5.16,-1.83;-4.92,-1.78;-4.92,-1.59
-5.17,-1.45|-4.52,-0.69;-4.94,-0.76;-5.22,-0.74;-5.39,-1.01;-5.42,-1.23;-5.82,-1.24;-5.81,-1.50;-5.82,-1.78;-5.87,-2.28;-5.26,-1.74;-5.14,-1.77;-5.02,-1.74;-4.82,-1.75;-4.79,-1.57;-4.86,-1.43;-4.88,-1.30
-5.09,-1.37|-5.04,-0.67;-5.26,-0.87;-5.29,-1.14;-5.44,-1.19;-5.82,-1.32;-5.79,-1.61;-5.82,-2.00;-5.25,-1.70;-5.11,-1.73;-4.98,-1.69;-4.79,-1.71;-4.75,-1.54;-4.82,-1.39;-4.82,-1.28;-4.32,-0.70;-4.76,-0.71
-5.11,-1.26|-4.65,-0.69;-4.93,-0.65;-5.17,-0.65;-5.33,-0.86;-5.29,-1.11;-5.46,-1.16;-5.79,-1.33;-5.78,-1.63;-5.83,-2.16;-5.22,-1.64;-5.06,-1.70;-4.91,-1.62;-4.76,-1.54;-4.81,-1.34;-4.84,-1.23;-3.35,-0.29
-4.75,-0.94|-4.48,-0.52;-4.68,-0.52;-4.85,-0.52;-5.07,-0.50;-5.11,-0.72;-5.13,-0.88;-5.13,-1.03;-5.57,-1.53;-5.56,-2.23;-4.85,-1.55;-4.62,-1.52;-4.64,-1.10;-4.65,-1.01;-4.56,-0.98;-3.68,-0.70;-3.22,0.14
-4.55,-0.68|-4.33,-0.40;-4.46,-0.38;-4.59,-0.36;-4.73,-0.37;-5.00,-0.32;-5.00,-0.55;-5.03,-0.73;-5.54,-1.23;-5.61,-2.00;-4.75,-1.37;-4.53,-0.88;-4.45,-0.87;-4.22,-0.95;-3.56,-0.97;-3.56,-0.57;-3.13,0.11
-4.47,-0.59|-3.47,-0.45;-3.98,-0.30;-4.30,-0.37;-4.40,-0.31;-4.51,-0.34;-4.62,-0.34;-4.85,-0.31;-4.96,-0.47;-5.01,-0.67;-5.49,-1.20;-5.54,-2.01;-4.66,-1.33;-4.44,-0.85;-4.35,-0.81;-4.12,-0.86;-3.50,-0.85
-3.92,-0.61|-3.24,-0.62;-2.69,-0.12;-3.14,0.16;-3.81,-0.34;-3.92,-0.29;-4.01,-0.40;-4.20,-0.33;-4.58,-0.32;-4.74,-0.60;-5.18,-1.11;-4.18,-0.86;-4.02,-0.84;-3.93,-0.91;-3.82,-0.88;-3.21,-1.34;-3.21,-0.91
-3.51,-0.63|-3.07,-0.64;-2.99,-0.42;-2.68,0.17;-3.16,0.17;-3.50,-0.34;-3.63,-0.31;-3.74,-0.38;-4.11,-0.36;-4.55,-0.60;-5.00,-1.21;-3.78,-0.89;-3.62,-0.89;-3.53,-1.86;-3.22,-1.38;-3.01,-1.15;-3.02,-0.84
-3.21,-0.65|-2.67,0.05;-3.01,0.12;-3.31,0.13;-3.38,-0.35;-3.59,-0.36;-4.35,-0.34;-4.87,-0.87;-3.64,-0.89;-3.39,-0.89;-3.53,-1.86;-3.11,-1.39;-2.90,-1.18;-2.90,-0.89;-2.87,-0.74;-2.91,-0.61;-2.85,-0.44
-3.00,-0.17|-2.87,0.38;-3.10,0.38;-3.32,0.34;-3.74,0.35;-5.30,0.37;-4.22,-0.37;-4.72,-1.23;-3.39,-0.71;-3.35,-1.66;-2.85,-1.10;-2.74,-0.60;-2.79,-0.32;-2.72,-0.24;-2.26,-0.05;-2.29,0.27;-2.64,0.34
-2.94,0.18|-2.81,0.53;-2.95,0.49;-3.12,0.57;-3.39,0.58;-4.19,0.63;-4.02,0.13;-4.75,-0.67;-3.53,-0.47;-3.52,-1.41;-2.89,-0.92;-2.77,-0.20;-2.73,-0.02;-2.51,0.02;-2.19,0.21;-2.23,0.51;-2.64,0.50
-2.92,0.22|-3.31,0.07;-3.58,-0.41;-3.66,-1.46;-2.94,-0.95;-2.77,-0.15;-2.72,0.02;-2.50,0.04;-2.18,0.21;-2.21,0.50;-2.60,0.53;-2.78,0.53;-2.91,0.53;-3.06,0.60;-3.23,0.55;-3.72,0.58
-2.94,0.22|-3.32,0.10;-3.69,-0.42;-3.29,-0.45;-3.04,-0.99;-2.73,-0.03;-2.55,0.02;-2.20,0.16;-2.21,0.46;-2.61,0.51;-2.78,0.53;-2.91,0.55;-3.06,0.58;-3.23,0.56;-3.68,0.60
-3.04,0.17|-4.82,0.53;-3.66,0.05;-3.51,-0.52;-3.37,-1.49;-2.82,-0.94;-2.82,-0.17;-2.76,-0.02;-2.29,0.02;-2.28,0.33;-2.45,0.57;-2.82,0.51;-2.97,0.54;-3.12,0.57;-3.28,0.53;-3.57,0.52
-3.11,0.18|-4.78,0.58;-3.99,0.04;-3.34,0.04;-3.58,-0.47;-3.51,-1.48;-2.94,-0.93;-2.87,-0.22;-2.79,-0.06;-2.35,-0.01;-2.29,0.30;-2.52,0.54;-2.87,0.51;-3.03,0.49;-3.17,0.56;-3.32,0.52;-3.60,0.53
-3.17,0.18|-4.55,0.64;-4.32,0.10;-3.43,0.05;-3.71,-0.44;-3.39,-0.48;-3.08,-0.99;-2.86,-0.44;-2.83,-0.11;-2.63,0.00;-2.30,0.24;-2.45,0.54;-2.87,0.53;-3.07,0.48;-3.19,0.55;-3.34,0.54;-3.58,0.54
-3.57,0.33|-4.00,0.64;-5.02,0.67;-4.51,0.18;-3.89,0.13;-3.69,0.17;-3.61,0.14;-3.54,0.14;-3.05,-0.51;-3.05,-0.04;-2.55,0.10;-2.53,0.50;-3.11,0.62;-3.35,0.64;-3.50,0.64;-3.62,0.61;-3.76,0.64
-3.70,0.43|-2.60,0.43;-3.15,0.66;-3.44,0.69;-3.60,0.68;-3.70,0.66;-3.81,0.70;-3.91,0.65;-4.33,0.69;-6.05,0.43;-4.33,0.17;-3.97,0.16;-3.80,0.19;-3.70,0.18;-3.59,0.17;-3.10,-0.17;-2.96,0.12
-3.24,0.34|-2.71,0.10;-2.34,0.32;-2.44,0.65;-2.95,0.62;-3.14,0.57;-3.24,0.65;-3.35,0.62;-3.54,0.64;-3.87,0.61;-3.90,0.08;-3.46,0.13;-3.59,-0.46;-3.27,-0.91;-2.84,-0.70;-2.88,-0.04
-2.97,0.16|-2.74,0.00;-2.26,0.01;-2.24,0.30;-2.38,0.55;-2.74,0.50;-2.89,0.53;-3.04,0.53;-3.22,0.55;-3.51,0.53;-5.19,0.62;-3.38,0.08;-4.74,-1.00;-3.44,-0.54;-3.21,-1.00;-2.75,-0.96;-2.77,-0.14
-2.97,0.15|-3.29,-0.48;-3.06,-1.01;-2.76,-0.48;-2.74,-0.12;-2.62,-0.02;-2.23,0.10;-2.24,0.39;-2.58,0.48;-2.79,0.49;-2.94,0.49;-3.09,0.54;-3.28,0.52;-3.85,0.61;-3.30,0.05;-3.68,-0.46
-3.30,-0.19|-3.70,-0.68;-3.44,-0.68;-3.20,-1.20;-2.91,-0.92;-2.90,-0.52;-2.92,-0.31;-2.42,-0.11;-2.38,0.30;-2.86,0.34;-3.15,0.30;-3.35,0.37;-3.61,0.39;-3.39,-0.12;-3.61,-0.10;-4.37,-0.30;-4.90,-1.05
-3.47,-0.52|-3.63,-0.85;-3.54,-1.81;-3.19,-1.30;-2.98,-1.06;-2.97,-0.76;-3.05,-0.54;-2.99,-0.35;-2.63,0.23;-3.11,0.23;-3.42,0.20;-3.54,-0.30;-3.68,-0.28;-3.93,-0.29;-4.46,-0.46;-4.95,-1.03;-3.79,-0.81
-3.50,-0.57|-3.09,-1.37;-3.04,-0.95;-3.03,-0.72;-3.01,-0.53;-2.49,-0.05;-2.92,0.11;-3.26,0.15;-3.51,-0.34;-3.65,-0.26;-3.76,-0.34;-4.50,-0.24;-3.93,-0.79;-3.75,-0.87;-3.59,-0.85;-3.43,-1.35
-3.22,-0.76|-2.90,-0.98;-2.87,-0.83;-2.93,-0.70;-2.85,-0.51;-2.69,0.04;-3.05,0.09;-3.39,0.08;-3.46,-0.39;-3.66,-0.47;-4.36,-0.53;-4.85,-1.07;-3.58,-0.99;-3.89,-1.74;-3.46,-1.94;-3.09,-1.44;-2.90,-1.25
-3.05,-1.02|-2.86,-1.53;-2.77,-1.33;-2.81,-1.13;-2.80,-1.03;-2.81,-0.93;-2.85,-0.84;-2.62,-0.10;-3.01,-0.10;-3.40,-0.05;-3.49,-0.54;-4.13,-0.52;-4.26,-0.97;-3.79,-1.29;-3.76,-1.67;-3.53,-2.04;-3.08,-1.60
-2.97,-1.34|-2.91,-1.68;-2.78,-1.64;-2.75,-1.49;-2.71,-1.40;-2.75,-1.30;-2.77,-1.22;-2.77,-1.05;-2.72,-0.23;-3.17,-0.19;-3.40,-0.67;-3.88,-0.71;-3.41,-1.25;-3.73,-1.48;-3.75,-1.84;-3.55,-2.17;-3.06,-1.76
-2.96,-1.46|-3.70,-1.76;-3.70,-2.19;-3.10,-1.80;-2.96,-1.81;-2.84,-1.74;-2.75,-1.66;-2.73,-1.55;-2.71,-1.46;-2.73,-1.36;-2.79,-1.29;-2.80,-1.08;-2.95,-0.27;-3.44,-0.28;-3.56,-0.85;-3.28,-1.32;-3.80,-1.45
-3.24,-1.39|-3.98,-1.94;-3.70,-2.16;-3.29,-1.74;-3.15,-1.75;-2.97,-1.76;-2.92,-1.58;-2.87,-1.45;-2.90,-1.31;-2.88,-1.12;-2.59,-0.31;-3.07,-0.26;-3.41,-0.72;-3.77,-0.68;-3.48,-1.25;-3.91,-1.29;-3.86,-1.55
-3.59,-1.69|-4.09,-2.17;-3.88,-2.35;-3.61,-2.38;-3.52,-1.88;-3.37,-1.93;-3.22,-1.86;-3.08,-1.71;-3.06,-1.49;-3.08,-1.21;-3.02,-0.42;-3.59,-1.41;-3.70,-1.42;-3.92,-1.35;-4.10,-1.47;-4.00,-1.68;-4.03,-1.86
-3.84,-1.90|-4.21,-2.29;-4.07,-2.49;-3.83,-2.53;-3.57,-2.52;-3.21,-2.51;-3.63,-1.99;-3.21,-1.89;-3.18,-1.61;-3.22,-1.26;-3.28,-0.46;-3.85,-1.53;-4.03,-1.47;-4.21,-1.55;-4.16,-1.78;-4.16,-1.91;-4.17,-2.05
-3.94,-2.01|-3.46,-2.53;-3.21,-2.34;-3.44,-2.03;-3.21,-1.74;-3.26,-1.37;-3.28,-0.56;-3.93,-1.59;-4.12,-1.53;-4.27,-1.65;-4.18,-1.90;-4.23,-2.00;-4.22,-2.11;-4.28,-2.33;-4.18,-2.54;-3.96,-2.52;-3.75,-2.52
-3.65,-2.27|-3.15,-2.71;-3.05,-2.48;-3.10,-2.23;-3.49,-2.19;-3.07,-1.61;-3.12,-0.68;-3.69,-1.70;-3.96,-1.64;-4.06,-1.91;-4.08,-2.13;-4.05,-2.30;-4.08,-2.48;-4.00,-2.67;-3.79,-2.67;-3.63,-2.66;-3.45,-2.69
-3.45,-2.53|-3.20,-2.80;-3.01,-2.74;-2.93,-2.56;-2.98,-2.36;-3.17,-2.28;-3.34,-2.32;-3.43,-2.31;-3.68,-1.86;-4.02,-1.89;-3.96,-2.28;-4.00,-2.50;-4.02,-2.73;-3.72,-2.77;-3.58,-2.81;-3.46,-2.81
-3.44,-2.55|-3.92,-2.84;-3.65,-2.84;-3.50,-2.81;-3.39,-2.84;-3.29,-2.79;-3.06,-2.82;-2.99,-2.66;-2.93,-2.47;-2.99,-2.28;-3.29,-2.35;-3.38,-2.31;-3.47,-2.33;-3.89,-1.81;-3.96,-2.17;-3.97,-2.42;-4.03,-2.64
-3.75,-2.49|-4.12,-2.27;-4.12,-2.44;-4.13,-2.78;-3.90,-2.75;-3.79,-2.79;-3.68,-2.77;-3.51,-2.81;-3.23,-2.80;-3.10,-2.58;-3.13,-2.33;-3.50,-2.31;-3.19,-1.56;-3.49,-0.72;-3.93,-1.79;-4.18,-1.91
-3.84,-2.43|-4.18,-2.59;-4.13,-2.74;-3.95,-2.71;-3.70,-2.74;-3.50,-2.75;-3.21,-2.67;-3.16,-2.41;-3.52,-2.28;-3.11,-1.65;-3.21,-0.75;-3.86,-1.81;-4.16,-1.72;-4.14,-2.15;-4.17,-2.31;-4.23,-2.44
-3.95,-2.46|-3.18,-1.66;-3.28,-0.75;-3.96,-1.79;-4.24,-1.79;-4.21,-2.21;-4.21,-2.36;-4.28,-2.47;-4.24,-2.59;-4.22,-2.74;-4.04,-2.70;-3.94,-2.76;-3.82,-2.75;-3.60,-2.79;-3.26,-2.73;-3.18,-2.44;-3.59,-2.30
-3.76,-2.31|-4.17,-1.69;-4.11,-2.07;-4.15,-2.23;-4.16,-2.38;-4.14,-2.56;-4.01,-2.68;-3.84,-2.69;-3.69,-2.69;-3.50,-2.71;-3.16,-2.71;-3.09,-2.45;-3.13,-2.19;-3.60,-2.20;-3.19,-1.47;-3.42,-0.66;-3.87,-1.73
-3.93,-2.04|-4.12,-1.52;-4.23,-1.71;-4.18,-1.92;-4.22,-2.03;-4.21,-2.14;-4.27,-2.35;-4.18,-2.56;-3.96,-2.57;-3.75,-2.55;-3.41,-2.62;-3.22,-2.38;-3.41,-2.07;-3.19,-1.78;-3.23,-1.41;-3.71,-1.58;-3.91,-1.62
-4.01,-1.78|-3.91,-2.42;-3.62,-2.42;-3.30,-2.29;-3.44,-1.91;-3.24,-1.65;-3.25,-1.31;-3.79,-1.47;-3.93,-1.47;-4.06,-1.42;-4.23,-1.42;-4.29,-1.57;-4.23,-1.72;-4.25,-1.81;-4.27,-1.93;-4.32,-2.20;-4.16,-2.40
-3.81,-2.16|-3.64,-2.64;-3.34,-2.69;-3.15,-2.48;-3.48,-2.18;-3.14,-1.93;-3.09,-1.53;-3.08,-0.66;-3.77,-1.65;-4.01,-1.56;-4.13,-1.79;-4.14,-2.00;-4.17,-2.14;-4.25,-2.31;-4.23,-2.53;-3.99,-2.54;-3.83,-2.62
-3.71,-2.47|-3.59,-2.77;-3.44,-2.75;-3.13,-2.71;-3.07,-2.47;-3.19,-2.25;-3.53,-2.28;-3.02,-0.79;-3.72,-1.78;-4.02,-1.75;-4.10,-2.09;-4.12,-2.30;-4.13,-2.47;-4.10,-2.63;-4.01,-2.77;-3.83,-2.74;-3.71,-2.76
-3.72,-2.47|-3.23,-2.82;-3.10,-2.62;-3.10,-2.37;-3.45,-2.31;-3.58,-2.28;-3.32,-0.81;-3.82,-1.82;-4.14,-1.78;-4.10,-2.19;-4.09,-2.38;-4.17,-2.54;-4.17,-2.75;-3.90,-2.73;-3.79,-2.78;-3.67,-2.76;-3.52,-2.80
-3.51,-2.59|-3.41,-2.33;-3.55,-1.83;-3.89,-1.79;-3.96,-2.18;-3.98,-2.42;-4.02,-2.62;-3.97,-2.81;-3.72,-2.82;-3.59,-2.83;-3.49,-2.83;-3.39,-2.84;-3.18,-2.88;-3.06,-2.75;-2.96,-2.56;-3.03,-2.37;-3.31,-2.37
-3.50,-2.60|-4.08,-2.55;-4.06,-2.78;-3.74,-2.80;-3.62,-2.83;-3.52,-2.81;-3.42,-2.86;-3.32,-2.81;-3.03,-2.84;-2.97,-2.64;-2.99,-2.44;-3.17,-2.31;-3.37,-2.35;-3.35,-0.80;-3.74,-1.84;-3.98,-2.02;-4.00,-2.34
-3.81,-2.47|-4.18,-2.23;-4.13,-2.41;-4.20,-2.55;-4.19,-2.74;-3.98,-2.74;-3.86,-2.76;-3.75,-2.76;-3.60,-2.77;-3.41,-2.73;-3.15,-2.59;-3.16,-2.33;-3.53,-2.28;-3.23,-1.57;-3.50,-0.76;-3.95,-1.79;-4.23,-1.86
-3.89,-2.41|-4.20,-2.08;-4.21,-2.27;-4.18,-2.40;-4.25,-2.55;-4.22,-2.73;-4.02,-2.70;-3.90,-2.72;-3.76,-2.74;-3.58,-2.74;-3.20,-2.72;-3.13,-2.43;-3.51,-2.27;-3.24,-1.79;-3.14,-0.74;-3.87,-1.75;-4.15,-1.73
-4.01,-2.11|-4.08,-1.56;-4.28,-1.63;-4.22,-1.95;-4.24,-2.05;-4.26,-2.15;-4.27,-2.27;-4.26,-2.45;-4.13,-2.56;-3.94,-2.61;-3.72,-2.61;-3.33,-2.64;-3.20,-2.33;-3.30,-2.02;-3.24,-1.67;-2.84,-0.60;-3.87,-1.61
-4.05,-1.79|-4.09,-1.42;-4.25,-1.43;-4.31,-1.58;-4.23,-1.74;-4.25,-1.81;-4.28,-1.91;-4.25,-2.03;-4.24,-2.42;-3.99,-2.42;-3.70,-2.44;-3.31,-2.40;-3.52,-1.95;-3.30,-1.72;-3.28,-1.38;-2.92,-0.41;-3.95,-1.47
-4.05,-1.73|-3.74,-1.91;-3.30,-1.83;-3.28,-1.52;-3.33,-1.17;-3.87,-1.42;-4.01,-1.44;-4.15,-1.36;-4.29,-1.42;-4.29,-1.60;-4.26,-1.71;-4.27,-1.79;-4.27,-1.90;-4.31,-2.19;-4.13,-2.36;-3.87,-2.41;-3.52,-2.41
-3.79,-1.93|-3.20,-2.46;-3.55,-2.02;-3.17,-1.90;-3.17,-1.63;-3.10,-1.16;-3.64,-1.52;-3.81,-1.54;-4.02,-1.45;-4.18,-1.59;-4.11,-1.82;-4.13,-1.95;-4.13,-2.10;-4.18,-2.38;-3.97,-2.45;-3.75,-2.51;-3.51,-2.51
-3.79,-1.94|-4.16,-2.49;-3.90,-2.48;-3.68,-2.49;-3.44,-2.48;-3.14,-2.38;-3.38,-2.02;-3.18,-1.83;-3.17,-1.54;-2.79,-0.48;-3.70,-1.52;-3.86,-1.54;-4.09,-1.48;-4.17,-1.68;-4.11,-1.87;-4.16,-2.01;-4.15,-2.18
-3.95,-2.22|-4.11,-2.64;-3.94,-2.63;-3.77,-2.63;-3.52,-2.62;-3.24,-2.49;-3.23,-2.20;-3.25,-1.91;-3.26,-1.48;-3.35,-0.63;-3.97,-1.70;-4.21,-1.64;-4.19,-1.99;-4.24,-2.11;-4.21,-2.23;-4.26,-2.36;-4.22,-2.51
-4.03,-2.43|-3.27,-2.72;-3.23,-2.40;-3.64,-2.25;-3.30,-1.65;-3.40,-0.74;-4.06,-1.75;-4.33,-1.78;-4.27,-2.21;-4.26,-2.35;-4.28,-2.44;-4.33,-2.56;-4.30,-2.72;-4.15,-2.75;-4.02,-2.71;-3.89,-2.73;-3.68,-2.75
-3.67,-2.45|-3.04,-2.42;-3.21,-2.23;-3.49,-2.25;-3.07,-0.77;-3.71,-1.77;-4.01,-1.74;-4.06,-2.09;-4.10,-2.29;-4.16,-2.47;-4.12,-2.66;-3.91,-2.71;-3.78,-2.74;-3.66,-2.75;-3.53,-2.76;-3.36,-2.73;-3.11,-2.65
-3.35,-2.44|-2.89,-2.51;-2.92,-2.34;-3.04,-2.21;-3.26,-2.29;-3.32,-2.24;-3.40,-2.24;-3.85,-1.73;-3.92,-2.08;-3.93,-2.34;-3.98,-2.58;-3.75,-2.73;-3.56,-2.77;-3.40,-2.76;-3.28,-2.75;-3.13,-2.75;-2.95,-2.69
-3.09,-2.54|-3.74,-1.79;-3.78,-2.19;-3.81,-2.48;-3.84,-2.78;-3.39,-2.79;-3.23,-2.81;-3.11,-2.78;-3.00,-2.82;-2.84,-2.84;-2.81,-2.68;-2.76,-2.56;-2.78,-2.43;-2.82,-2.30;-2.96,-2.26;-3.08,-2.34;-3.17,-2.31
-3.09,-2.54|-3.76,-1.80;-3.78,-2.21;-3.83,-2.50;-3.39,-2.80;-3.22,-2.81;-3.11,-2.79;-3.00,-2.80;-2.83,-2.83;-2.83,-2.66;-2.75,-2.55;-2.80,-2.43;-2.84,-2.31;-2.97,-2.27;-3.08,-2.33;-3.17,-2.33
-3.10,-2.54|-3.73,-1.75;-3.79,-2.16;-3.84,-2.46;-3.83,-2.76;-3.39,-2.78;-3.25,-2.82;-3.12,-2.78;-3.01,-2.83;-2.85,-2.84;-2.83,-2.68;-2.75,-2.57;-2.77,-2.44;-2.81,-2.30;-2.96,-2.28;-3.08,-2.35;-3.17,-2.30
-3.09,-2.54|-3.76,-1.80;-3.79,-2.20;-3.84,-2.50;-3.82,-2.79;-3.38,-2.79;-3.23,-2.82;-3.11,-2.79;-2.99,-2.83;-2.85,-2.82;-2.81,-2.67;-2.75,-2.56;-2.77,-2.42;-2.82,-2.29;-2.96,-2.26;-3.08,-2.34;-3.17,-2.31
-3.09,-2.54|-3.79,-1.81;-3.81,-2.22;-3.83,-2.52;-3.81,-2.81;-3.37,-2.80;-3.23,-2.85;-3.10,-2.82;-2.99,-2.82;-2.83,-2.81;-2.80,-2.67;-2.75,-2.55;-2.79,-2.42;-2.84,-2.29;-2.97,-2.26;-3.09,-2.34;-3.18,-2.31
-3.09,-2.54|-3.73,-1.77;-3.79,-2.17;-3.81,-2.47;-3.85,-2.77;-3.40,-2.79;-3.24,-2.81;-3.12,-2.79;-3.01,-2.83;-2.84,-2.84;-2.81,-2.69;-2.76,-2.57;-2.77,-2.44;-2.82,-2.31;-2.95,-2.27;-3.08,-2.35;-3.16,-2.31
-3.09,-2.54|-3.76,-1.77;-3.80,-2.19;-3.83,-2.49;-3.83,-2.78;-3.39,-2.80;-3.24,-2.82;-3.11,-2.80;-3.00,-2.80;-2.84,-2.82;-2.83,-2.67;-2.76,-2.56;-2.78,-2.43;-2.82,-2.30;-2.96,-2.27;-3.08,-2.34;-3.17,-2.31
-3.10,-2.54|-3.76,-1.80;-3.83,-2.50;-3.83,-2.80;-3.39,-2.80;-3.23,-2.82;-3.11,-2.79;-2.99,-2.82;-2.84,-2.82;-2.82,-2.67;-2.76,-2.55;-2.79,-2.43;-2.81,-2.28;-2.96,-2.26;-3.08,-2.32;-3.18,-2.31
-3.09,-2.54|-3.76,-1.80;-3.78,-2.21;-3.82,-2.50;-3.83,-2.80;-3.39,-2.81;-3.23,-2.82;-3.11,-2.79;-2.99,-2.83;-2.83,-2.83;-2.82,-2.67;-2.76,-2.56;-2.77,-2.42;-2.83,-2.30;-2.97,-2.27;-3.08,-2.36;-3.17,-2.33
-3.09,-2.54|-3.78,-1.81;-3.81,-2.22;-3.83,-2.52;-3.81,-2.81;-3.37,-2.80;-3.22,-2.82;-3.10,-2.80;-2.99,-2.81;-2.82,-2.83;-2.82,-2.66;-2.76,-2.55;-2.79,-2.42;-2.83,-2.29;-2.97,-2.25;-3.09,-2.33;-3.18,-2.32
-3.09,-2.54|-3.71,-1.74;-3.76,-2.16;-3.83,-2.44;-3.83,-2.74;-3.41,-2.78;-3.25,-2.81;-3.13,-2.79;-3.01,-2.83;-2.86,-2.84;-2.82,-2.69;-2.74,-2.58;-2.76,-2.45;-2.81,-2.32;-2.94,-2.26;-3.07,-2.35;-3.16,-2.31
-3.09,-2.54|-3.77,-1.79;-3.80,-2.20;-3.84,-2.50;-3.82,-2.80;-3.38,-2.79;-3.23,-2.83;-3.11,-2.80;-2.99,-2.83;-2.84,-2.81;-2.81,-2.67;-2.77,-2.42;-2.82,-2.29;-2.96,-2.25;-3.08,-2.34;-3.17,-2.32
-3.09,-2.54|-3.73,-1.77;-3.78,-2.18;-3.82,-2.47;-3.84,-2.77;-3.40,-2.79;-3.24,-2.82;-3.12,-2.78;-3.00,-2.83;-2.85,-2.83;-2.83,-2.68;-2.76,-2.57;-2.77,-2.44;-2.81,-2.30;-2.96,-2.29;-3.08,-2.34;-3.16,-2.32
-3.10,-2.54|-3.81,-1.81;-3.82,-2.23;-3.83,-2.53;-3.80,-2.82;-3.36,-2.80;-3.21,-2.82;-3.10,-2.79;-2.98,-2.82;-2.82,-2.81;-2.82,-2.65;-2.75,-2.54;-2.79,-2.41;-2.84,-2.29;-2.98,-2.27;-3.09,-2.35;-3.18,-2.34
-3.10,-2.54|-3.74,-1.76;-3.78,-2.17;-3.83,-2.47;-3.84,-2.76;-3.40,-2.79;-3.24,-2.82;-3.12,-2.77;-3.00,-2.83;-2.86,-2.82;-2.83,-2.67;-2.73,-2.57;-2.77,-2.44;-2.83,-2.31;-2.95,-2.26;-3.08,-2.33;-3.16,-2.31
-3.09,-2.54|-3.78,-1.80;-3.80,-2.21;-3.82,-2.51;-3.81,-2.80;-3.37,-2.79;-3.22,-2.82;-3.10,-2.79;-3.00,-2.80;-2.83,-2.82;-2.82,-2.66;-2.75,-2.55;-2.79,-2.42;-2.84,-2.30;-2.97,-2.27;-3.09,-2.34;-3.18,-2.31
-3.09,-2.54|-3.76,-1.79;-3.80,-2.19;-3.84,-2.49;-3.83,-2.79;-3.37,-2.78;-3.23,-2.82;-3.11,-2.80;-3.00,-2.82;-2.85,-2.81;-2.82,-2.67;-2.75,-2.56;-2.79,-2.43;-2.83,-2.30;-2.97,-2.28;-3.08,-2.33;-3.17,-2.31
-3.10,-2.54|-3.73,-1.78;-3.78,-2.18;-3.81,-2.47;-3.82,-2.76;-3.40,-2.79;-3.23,-2.79;-3.12,-2.80;-3.01,-2.82;-2.85,-2.83;-2.84,-2.67;-2.75,-2.57;-2.79,-2.44;-2.82,-2.30;-2.95,-2.25;-3.08,-2.33;-3.16,-2.33
-3.10,-2.54|-3.76,-1.78;-3.80,-2.19;-3.83,-2.49;-3.83,-2.79;-3.39,-2.80;-3.23,-2.82;-3.11,-2.77;-2.99,-2.83;-2.84,-2.83;-2.82,-2.67;-2.78,-2.56;-2.79,-2.43;-2.82,-2.30;-2.97,-2.27;-3.08,-2.33;-3.17,-2.31
-3.10,-2.54|-3.74,-1.79;-3.78,-2.19;-3.83,-2.48;-3.83,-2.78;-3.40,-2.80;-3.23,-2.81;-3.11,-2.77;-3.00,-2.83;-2.84,-2.83;-2.82,-2.68;-2.76,-2.56;-2.77,-2.43;-2.82,-2.30;-2.96,-2.28;-3.08,-2.36;-3.17,-2.32
-3.09,-2.54|-3.77,-1.77;-3.79,-2.20;-3.81,-2.49;-3.82,-2.79;-3.39,-2.80;-3.24,-2.83;-3.11,-2.77;-3.00,-2.83;-2.85,-2.82;-2.82,-2.67;-2.73,-2.56;-2.79,-2.43;-2.84,-2.31;-2.96,-2.27;-3.08,-2.34;-3.17,-2.31
-3.09,-2.54|-3.77,-1.82;-3.81,-2.22;-3.82,-2.52;-3.82,-2.81;-3.37,-2.79;-3.23,-2.84;-3.10,-2.77;-2.99,-2.82;-2.83,-2.82;-2.82,-2.66;-2.77,-2.55;-2.79,-2.42;-2.84,-2.29;-2.97,-2.26;-3.09,-2.35;-3.18,-2.30
-3.09,-2.54|-3.71,-1.74;-3.76,-2.15;-3.85,-2.44;-3.83,-2.73;-3.40,-2.77;-3.25,-2.80;-3.13,-2.77;-3.02,-2.82;-2.86,-2.84;-2.82,-2.70;-2.76,-2.58;-2.76,-2.45;-2.81,-2.32;-2.94,-2.28;-3.07,-2.35;-3.16,-2.30
-3.09,-2.54|-3.77,-1.78;-3.78,-2.20;-3.82,-2.49;-3.81,-2.78;-3.38,-2.79;-3.23,-2.82;-3.11,-2.81;-3.00,-2.81;-2.84,-2.83;-2.83,-2.67;-2.77,-2.56;-2.78,-2.43;-2.83,-2.30;-2.97,-2.28;-3.08,-2.34;-3.17,-2.31
-3.09,-2.54|-3.75,-1.78;-3.79,-2.19;-3.82,-2.49;-3.82,-2.78;-3.40,-2.80;-3.23,-2.80;-3.11,-2.78;-3.00,-2.83;-2.84,-2.83;-2.82,-2.67;-2.74,-2.56;-2.78,-2.43;-2.83,-2.30;-2.96,-2.27;-3.08,-2.36;-3.17,-2.31
-3.09,-2.54|-3.75,-1.80;-3.80,-2.20;-3.83,-2.50;-3.84,-2.80;-3.38,-2.79;-3.22,-2.81;-3.11,-2.79;-2.99,-2.83;-2.84,-2.82;-2.81,-2.68;-2.75,-2.56;-2.79,-2.43;-2.81,-2.28;-2.97,-2.27;-3.08,-2.34;-3.17,-2.31
-3.09,-2.54|-3.75,-1.78;-3.79,-2.18;-3.82,-2.48;-3.84,-2.78;-3.39,-2.79;-3.24,-2.82;-3.11,-2.79;-2.99,-2.84;-2.84,-2.83;-2.81,-2.68;-2.78,-2.56;-2.77,-2.43;-2.83,-2.31;-2.96,-2.27;-3.08,-2.35;-3.16,-2.33
-3.10,-2.54|-3.79,-1.82;-3.80,-2.23;-3.83,-2.53;-3.83,-2.83;-3.37,-2.80;-3.22,-2.83;-3.10,-2.78;-2.99,-2.81;-2.84,-2.80;-2.83,-2.65;-2.76,-2.54;-2.79,-2.42;-2.83,-2.28;-2.97,-2.24;-3.09,-2.35;-3.18,-2.32
-3.10,-2.54|-3.77,-1.78;-3.78,-2.21;-3.84,-2.49;-3.84,-2.80;-3.39,-2.80;-3.23,-2.81;-3.11,-2.79;-2.99,-2.83;-2.83,-2.83;-2.82,-2.67;-2.76,-2.56;-2.78,-2.43;-2.81,-2.28;-2.96,-2.26;-3.08,-2.34;-3.17,-2.32
-3.09,-2.54|-3.74,-1.76;-3.78,-2.18;-3.83,-2.47;-3.83,-2.77;-3.38,-2.78;-3.23,-2.80;-3.12,-2.78;-3.00,-2.82;-2.86,-2.82;-2.82,-2.68;-2.78,-2.57;-2.79,-2.44;-2.82,-2.30;-2.95,-2.26;-3.08,-2.36;-3.17,-2.31
-3.09,-2.53|-2.88,-2.28;-3.01,-2.27;-3.11,-2.35;-3.20,-2.32;-3.87,-1.87;-3.82,-2.29;-3.86,-2.59;-3.57,-2.77;-3.33,-2.80;-3.19,-2.84;-3.08,-2.77;-2.94,-2.82;-2.81,-2.77;-2.80,-2.62;-2.72,-2.50;-2.79,-2.37
-3.10,-2.54|-3.29,-2.32;-3.80,-2.19;-3.79,-2.50;-3.83,-2.79;-3.42,-2.83;-3.23,-2.82;-3.11,-2.82;-3.00,-2.80;-2.83,-2.83;-2.84,-2.66;-2.75,-2.56;-2.77,-2.42;-2.82,-2.29;-2.96,-2.25;-3.08,-2.33;-3.17,-2.34
-3.09,-2.54|-3.78,-2.38;-3.82,-2.66;-3.49,-2.79;-3.28,-2.80;-3.15,-2.79;-3.05,-2.79;-2.84,-2.72;-2.76,-2.61;-2.74,-2.48;-2.80,-2.35;-2.91,-2.28;-3.04,-2.31;-3.13,-2.33;-3.24,-2.31;-3.75,-2.07
-3.59,-2.49|-4.08,-2.32;-4.13,-2.52;-4.09,-2.73;-3.81,-2.74;-3.69,-2.78;-3.57,-2.78;-3.45,-2.78;-3.29,-2.76;-3.07,-2.67;-2.99,-2.45;-3.12,-2.26;-3.43,-2.30;-3.52,-2.27;-3.64,-1.80;-3.96,-1.74;-4.04,-2.09
-3.87,-2.32|-4.17,-2.11;-4.19,-2.25;-4.21,-2.38;-4.20,-2.53;-4.12,-2.69;-3.94,-2.64;-3.80,-2.70;-3.62,-2.70;-3.28,-2.72;-3.15,-2.47;-3.19,-2.19;-3.18,-1.87;-3.26,-1.42;-3.74,-1.71;-3.98,-1.71;-4.25,-1.74
-3.91,-2.29|-4.19,-2.03;-4.21,-2.17;-4.19,-2.29;-4.26,-2.44;-4.26,-2.64;-4.05,-2.63;-3.91,-2.69;-3.76,-2.65;-3.53,-2.66;-3.23,-2.56;-3.20,-2.28;-3.66,-2.18;-3.19,-1.55;-3.27,-0.68;-3.92,-1.74;-4.18,-1.67
-3.93,-2.27|-3.72,-1.67;-3.96,-1.70;-4.22,-1.65;-4.20,-2.02;-4.23,-2.16;-4.19,-2.28;-4.28,-2.43;-4.28,-2.65;-4.06,-2.61;-3.91,-2.65;-3.75,-2.66;-3.50,-2.66;-3.23,-2.52;-3.23,-2.23;-3.20,-1.93;-3.23,-1.50
-3.69,-1.91|-3.14,-0.49;-3.70,-1.49;-3.86,-1.53;-4.14,-1.48;-4.07,-1.76;-4.08,-1.92;-4.08,-2.08;-4.09,-2.32;-3.89,-2.43;-3.68,-2.49;-3.44,-2.48;-3.09,-2.49;-3.52,-1.98;-3.12,-1.90;-3.09,-1.65;-3.12,-1.31
-3.60,-1.66|-2.73,-0.39;-3.32,-0.35;-3.65,-1.37;-3.77,-1.40;-4.05,-1.35;-4.05,-1.57;-4.04,-1.75;-4.04,-1.95;-4.07,-2.35;-3.75,-2.37;-3.46,-2.39;-3.45,-1.89;-3.28,-1.88;-3.10,-1.77;-3.03,-1.56;-3.04,-1.30
-3.33,-1.34|-2.97,-1.00;-2.83,-0.23;-3.30,-0.17;-3.60,-0.65;-3.92,-0.72;-3.57,-1.23;-3.96,-1.32;-3.88,-1.55;-3.89,-1.86;-3.70,-2.15;-3.34,-1.70;-3.18,-1.74;-3.02,-1.67;-2.94,-1.52;-2.90,-1.35;-2.95,-1.19
-3.18,-1.03|-3.14,-0.06;-3.35,-0.55;-3.59,-0.58;-4.34,-0.49;-4.35,-0.98;-3.84,-1.28;-3.83,-1.63;-3.62,-2.00;-3.20,-1.58;-3.00,-1.52;-2.87,-1.36;-2.84,-1.18;-2.88,-1.04;-2.85,-0.91;-2.92,-0.80;-2.73,-0.07
-3.17,-0.66|-3.18,0.16;-3.52,0.16;-3.53,-0.31;-3.95,-0.35;-4.36,-0.68;-3.65,-0.87;-3.39,-0.89;-3.63,-1.82;-3.16,-1.41;-2.86,-1.38;-2.86,-0.96;-2.86,-0.78;-2.89,-0.66;-2.85,-0.52;-2.41,0.12;-2.86,0.11
-3.18,-0.29|-3.42,-0.70;-3.31,-1.17;-2.95,-1.17;-2.90,-0.67;-2.91,-0.45;-2.84,-0.34;-2.31,-0.07;-2.41,0.29;-2.83,0.29;-3.10,0.29;-3.34,0.34;-3.65,0.33;-3.40,-0.16;-4.37,-0.12;-4.36,-0.59;-3.66,-0.65
-3.32,-0.59|-3.43,-0.86;-3.32,-1.34;-3.03,-1.29;-2.88,-1.03;-2.94,-0.75;-2.99,-0.59;-2.92,-0.42;-2.53,0.20;-3.00,0.18;-3.32,0.19;-3.43,-0.31;-3.61,-0.30;-3.90,-0.34;-4.44,-0.58;-4.90,-1.24;-3.63,-0.90
-3.32,-0.59|-3.75,-0.79;-3.54,-0.83;-3.75,-1.78;-3.29,-1.37;-2.96,-1.36;-2.97,-0.92;-2.92,-0.74;-2.97,-0.58;-2.91,-0.40;-2.71,0.08;-3.06,0.14;-3.36,0.19;-3.45,-0.31;-3.63,-0.31;-4.31,-0.23;-4.40,-0.64
-3.36,-0.62|-3.96,-0.83;-3.67,-0.90;-3.48,-0.86;-3.40,-1.34;-3.12,-1.31;-2.93,-1.09;-2.96,-0.81;-3.00,-0.64;-2.93,-0.46;-2.51,0.16;-3.00,0.16;-3.32,0.17;-3.46,-0.34;-3.66,-0.29;-3.99,-0.32;-4.51,-0.56
-3.48,-0.68|-5.03,-1.13;-3.76,-0.90;-3.60,-0.90;-3.61,-1.87;-3.26,-1.40;-3.04,-1.22;-3.03,-0.92;-3.01,-0.73;-3.00,-0.54;-2.51,0.10;-3.04,0.12;-3.39,0.15;-3.57,-0.34;-3.72,-0.37;-4.06,-0.36;-4.52,-0.56
-3.60,-0.72|-4.53,-0.60;-5.03,-1.11;-3.83,-0.90;-3.73,-0.96;-3.62,-0.91;-3.41,-1.40;-3.11,-1.36;-3.03,-1.05;-3.06,-0.79;-3.12,-0.60;-2.58,0.06;-3.13,0.09;-3.55,-0.36;-3.69,-0.36;-3.82,-0.43;-4.15,-0.40
-3.77,-0.60|-4.66,-0.34;-4.64,-0.70;-5.15,-1.36;-3.95,-0.82;-3.86,-0.89;-3.74,-0.85;-3.36,-1.34;-3.15,-1.10;-3.15,-0.78;-3.18,-0.53;-2.66,0.02;-3.18,0.15;-3.70,-0.33;-3.81,-0.27;-3.92,-0.34;-4.11,-0.33
-4.08,-0.52|-4.76,-0.39;-4.81,-0.66;-5.35,-1.37;-4.26,-0.78;-4.13,-0.75;-4.02,-0.86;-3.90,-0.80;-3.30,-1.04;-3.30,-0.67;-3.29,-0.36;-3.08,0.15;-3.89,-0.23;-4.04,-0.31;-4.13,-0.30;-4.26,-0.26;-4.44,-0.29
-4.41,-0.46|-4.93,-0.40;-4.98,-0.62;-5.41,-1.25;-4.86,-1.27;-4.44,-0.76;-4.34,-0.71;-4.12,-0.82;-3.43,-1.00;-3.43,-0.57;-2.94,-0.04;-4.07,-0.19;-4.30,-0.26;-4.38,-0.22;-4.47,-0.25;-4.57,-0.25;-4.81,-0.24
-4.73,-0.46|-5.18,-0.52;-5.11,-0.69;-5.74,-1.83;-4.93,-1.26;-4.62,-1.20;-4.55,-0.75;-4.28,-0.79;-3.64,-0.73;-3.12,-0.21;-4.44,-0.28;-4.56,-0.23;-4.68,-0.25;-4.76,-0.27;-4.90,-0.18;-5.10,-0.19;-5.09,-0.37
-4.85,-0.48|-5.71,-1.43;-5.10,-1.18;-4.81,-1.25;-4.71,-0.77;-4.56,-0.74;-3.72,-0.88;-3.67,-0.42;-4.48,-0.31;-4.65,-0.26;-4.77,-0.25;-4.86,-0.28;-4.99,-0.19;-5.16,-0.20;-5.12,-0.38;-5.25,-0.50;-5.16,-0.63
-5.08,-0.82|-5.90,-2.26;-5.15,-1.41;-4.92,-1.40;-4.76,-1.24;-4.83,-0.97;-3.81,-0.98;-3.27,-0.32;-4.61,-0.45;-4.84,-0.40;-5.03,-0.38;-5.20,-0.40;-5.26,-0.59;-5.33,-0.68;-5.28,-0.80;-5.30,-0.88;-5.77,-1.36
-5.26,-1.15|-5.83,-2.57;-5.25,-1.55;-5.08,-1.55;-4.87,-1.53;-4.90,-1.29;-4.91,-1.14;-3.35,-0.33;-4.72,-0.60;-5.04,-0.60;-5.26,-0.55;-5.41,-0.79;-5.39,-1.02;-5.48,-1.05;-5.89,-1.15;-5.89,-1.41;-5.87,-1.77
-5.36,-1.37|-5.96,-1.49;-5.92,-1.74;-5.98,-2.28;-5.64,-2.74;-5.31,-1.64;-5.15,-1.70;-4.90,-1.68;-4.92,-1.46;-4.97,-1.29;-3.48,-0.13;-4.87,-0.64;-5.21,-0.63;-5.45,-0.89;-5.48,-1.18;-5.61,-1.20;-5.96,-1.25
-5.47,-1.36|-5.48,-1.08;-5.56,-1.16;-5.66,-1.18;-5.99,-1.16;-5.97,-1.37;-6.00,-1.59;-5.97,-1.88;-5.98,-2.67;-5.46,-1.67;-5.33,-1.67;-5.17,-1.65;-4.95,-1.56;-5.03,-1.35;-3.46,-0.48;-4.83,-0.69;-5.20,-0.67
-5.47,-1.36|-5.75,-1.23;-5.99,-1.34;-5.98,-1.54;-6.00,-1.84;-6.05,-2.59;-5.52,-2.39;-5.37,-1.64;-5.18,-1.68;-4.97,-1.60;-5.02,-1.39;-4.77,-0.73;-5.16,-0.71;-5.43,-0.65;-5.54,-1.16;-5.65,-1.17
-5.46,-1.36|-5.74,-2.63;-5.41,-1.67;-5.23,-1.72;-5.00,-1.68;-4.98,-1.47;-5.00,-1.28;-4.47,-0.73;-5.00,-0.71;-5.31,-0.67;-5.49,-1.17;-5.60,-1.15;-5.68,-1.20;-6.01,-1.24;-6.00,-1.45;-6.03,-1.72;-6.10,-2.27
-5.46,-1.37|-5.58,-2.63;-5.38,-1.65;-5.20,-1.68;-4.96,-1.63;-4.95,-1.42;-5.01,-1.23;-4.56,-0.63;-5.09,-0.67;-5.40,-0.67;-5.52,-1.19;-5.72,-1.23;-6.01,-1.32;-6.00,-1.53;-6.00,-1.81;-6.00,-2.38
-5.46,-1.37|-5.98,-1.66;-6.02,-2.08;-5.83,-2.65;-5.43,-1.68;-5.27,-1.72;-5.11,-1.65;-4.93,-1.52;-5.02,-1.32;-3.55,-0.30;-4.90,-0.65;-5.25,-0.62;-5.49,-1.15;-5.58,-1.18;-5.67,-1.21;-6.03,-1.21;-5.98,-1.43
-5.76,-1.50|-6.11,-1.71;-6.13,-1.99;-6.07,-2.70;-5.58,-2.72;-5.62,-1.74;-5.37,-1.79;-5.11,-1.66;-5.17,-1.41;-5.20,-0.75;-5.70,-1.24;-5.89,-1.28;-6.12,-1.23;-6.12,-1.41;-6.16,-1.55
-5.89,-1.59|-5.62,-1.76;-5.18,-1.72;-5.24,-1.44;-4.72,-0.77;-5.39,-0.80;-5.84,-1.27;-5.95,-1.33;-6.13,-1.25;-6.24,-1.37;-6.17,-1.54;-6.20,-1.65;-6.20,-1.80;-6.18,-2.04;-6.10,-2.74;-5.72,-2.35;-5.08,-2.76
-5.78,-1.65|-5.13,-1.78;-5.16,-1.53;-3.92,-0.41;-5.24,-0.84;-5.71,-1.32;-5.84,-1.35;-6.04,-1.26;-6.15,-1.40;-6.16,-1.58;-6.15,-1.73;-6.16,-1.91;-6.22,-2.31;-6.00,-2.81;-5.55,-2.77;-5.00,-2.81;-5.56,-1.80
-5.77,-1.65|-5.19,-2.34;-5.37,-1.86;-5.11,-1.71;-5.17,-1.46;-4.78,-0.81;-5.33,-0.80;-5.74,-1.30;-5.87,-1.35;-6.08,-1.29;-6.10,-1.49;-6.16,-1.62;-6.13,-1.77;-6.17,-1.99;-6.20,-2.47;-5.87,-2.78;-5.39,-2.85
-5.75,-1.68|-5.31,-1.80;-5.11,-1.60;-5.17,-1.35;-5.06,-0.79;-5.66,-1.35;-5.79,-1.32;-5.93,-1.37;-6.18,-1.35;-6.12,-1.58;-6.13,-1.73;-6.14,-1.90;-6.18,-2.23;-6.07,-2.82;-5.66,-2.41;-5.12,-2.79;-5.57,-1.82
-5.75,-1.68|-4.70,-2.84;-5.38,-1.86;-5.11,-1.71;-5.18,-1.48;-4.75,-0.78;-5.34,-0.83;-5.73,-1.34;-5.86,-1.39;-6.09,-1.31;-6.12,-1.51;-6.15,-1.66;-6.11,-1.81;-6.11,-2.01;-6.14,-2.51;-5.81,-2.82;-5.34,-2.82
-5.74,-1.70|-6.13,-2.08;-6.22,-2.82;-5.75,-2.68;-5.30,-2.80;-5.60,-1.84;-5.33,-1.87;-5.08,-1.70;-5.15,-1.46;-4.94,-0.91;-5.36,-0.81;-5.74,-1.33;-5.87,-1.39;-6.13,-1.30;-6.09,-1.55;-6.15,-1.69;-6.12,-1.85
-5.93,-1.83|-5.84,-1.39;-6.01,-1.45;-6.23,-1.39;-6.21,-1.65;-6.23,-1.78;-6.20,-1.89;-6.24,-2.05;-6.26,-2.34;-6.13,-2.89;-5.78,-2.53;-5.22,-2.87;-5.18,-2.32;-5.65,-1.89;-5.20,-1.68;-5.31,-0.88
-5.79,-1.54|-5.36,-0.79;-5.75,-1.24;-5.85,-1.30;-6.02,-1.24;-6.18,-1.31;-6.12,-1.50;-6.16,-1.64;-6.14,-1.81;-6.18,-2.21;-5.95,-2.77;-5.47,-2.71;-5.63,-1.75;-5.36,-1.79;-5.10,-1.63;-5.20,-1.38;-4.75,-0.73
-5.79,-1.53|-5.35,-0.79;-5.75,-1.26;-5.85,-1.31;-6.03,-1.22;-6.18,-1.30;-6.11,-1.49;-6.17,-1.63;-6.14,-1.80;-6.19,-2.21;-5.96,-2.77;-5.48,-2.72;-5.63,-1.74;-5.38,-1.77;-5.12,-1.63;-5.18,-1.38;-4.74,-0.74
-5.78,-1.53|-5.15,-1.77;-5.14,-1.51;-3.62,-0.55;-5.05,-0.75;-5.68,-1.26;-5.79,-1.27;-5.88,-1.31;-6.10,-1.23;-6.11,-1.41;-6.16,-1.55;-6.12,-1.69;-6.15,-1.93;-6.20,-2.65;-5.74,-2.75;-5.24,-2.72;-5.56,-1.74
-5.77,-1.54|-5.30,-1.76;-5.12,-1.57;-5.15,-1.32;-4.96,-0.81;-5.64,-1.27;-5.76,-1.27;-5.85,-1.31;-6.05,-1.22;-6.15,-1.36;-6.14,-1.52;-6.12,-1.66;-6.18,-1.90;-6.19,-2.41;-5.84,-2.72;-5.34,-2.77;-5.58,-1.75
-5.77,-1.54|-5.31,-1.76;-5.10,-1.57;-5.16,-1.32;-4.94,-0.79;-5.65,-1.29;-5.76,-1.25;-5.86,-1.30;-6.06,-1.22;-6.16,-1.35;-6.14,-1.52;-6.14,-1.67;-6.17,-1.89;-6.18,-2.40;-5.84,-2.74;-5.34,-2.77;-5.57,-1.76
-5.76,-1.55|-6.17,-1.53;-6.11,-1.67;-6.16,-1.90;-6.21,-2.45;-5.84,-2.73;-5.35,-2.77;-5.58,-1.76;-5.30,-1.78;-5.12,-1.59;-5.14,-1.34;-4.94,-0.83;-5.63,-1.28;-5.75,-1.27;-5.85,-1.30;-6.06,-1.22;-6.13,-1.38
-5.94,-1.61|-6.22,-1.99;-6.24,-2.80;-5.79,-2.64;-5.26,-2.77;-5.70,-1.79;-5.36,-1.76;-5.22,-1.51;-5.33,-0.80;-5.86,-1.29;-5.98,-1.36;-6.15,-1.26;-6.25,-1.38;-6.19,-1.55;-6.23,-1.66;-6.19,-1.76
-5.94,-1.61|-5.43,-1.80;-5.20,-1.58;-5.20,-0.81;-5.82,-1.27;-5.95,-1.34;-6.10,-1.26;-6.25,-1.32;-6.20,-1.51;-6.26,-1.62;-6.20,-1.72;-6.25,-1.93;-6.27,-2.47;-5.91,-2.76;-5.41,-2.78;-5.25,-2.25
-5.83,-1.67|-6.17,-2.50;-5.83,-2.80;-5.35,-2.82;-5.20,-2.29;-5.39,-1.85;-5.13,-1.66;-5.21,-1.40;-5.03,-0.85;-5.70,-1.33;-5.84,-1.32;-5.97,-1.34;-6.19,-1.32;-6.16,-1.54;-6.17,-1.67;-6.16,-1.81
-5.96,-2.08|-6.03,-3.02;-5.78,-2.62;-5.19,-2.97;-5.24,-2.44;-5.18,-2.14;-5.20,-1.83;-5.43,-1.02;-5.92,-1.52;-6.16,-1.49;-6.24,-1.76;-6.23,-1.95;-6.23,-2.06;-6.25,-2.18;-6.21,-2.30;-6.26,-2.68
-6.02,-2.61|-6.08,-3.31;-5.85,-3.15;-5.81,-2.87;-4.69,-3.31;-5.24,-2.68;-5.24,-2.37;-5.63,-2.28;-5.34,-1.30;-5.95,-1.82;-6.28,-1.78;-6.26,-2.32;-6.27,-2.48;-6.29,-2.59;-6.35,-2.88;-6.33,-3.20
-6.07,-3.03|-6.18,-3.43;-6.01,-3.48;-5.88,-3.37;-5.80,-3.24;-5.86,-3.08;-5.30,-2.94;-5.27,-2.59;-5.65,-2.50;-5.62,-1.46;-6.19,-1.94;-6.32,-2.56;-6.35,-2.80;-6.34,-2.95;-6.36,-3.06;-6.35,-3.38
-6.12,-3.13|-6.36,-3.56;-6.17,-3.53;-6.01,-3.51;-5.92,-3.38;-5.82,-3.30;-5.89,-3.16;-5.86,-3.06;-5.39,-2.57;-5.79,-2.56;-5.99,-2.07;-6.30,-2.49;-6.35,-2.84;-6.35,-3.00;-6.39,-3.10;-6.37,-3.20;-6.40,-3.36
-6.22,-3.33|-6.30,-2.37;-6.41,-2.97;-6.42,-3.16;-6.45,-3.25;-6.38,-3.34;-6.46,-3.45;-6.42,-3.57;-6.31,-3.60;-6.19,-3.66;-6.07,-3.62;-5.96,-3.54;-5.88,-3.43;-5.97,-3.30;-5.30,-2.85;-5.67,-2.67;-5.85,-2.15
-6.20,-3.01|-6.11,-2.05;-6.36,-2.51;-6.39,-2.78;-6.41,-2.90;-6.41,-2.99;-6.44,-3.08;-6.37,-3.15;-6.41,-3.41;-6.24,-3.45;-6.06,-3.46;-5.93,-3.33;-5.94,-3.14;-5.89,-3.04;-5.42,-2.77;-5.61,-2.51;-5.40,-1.48
-6.03,-2.58|-4.93,-1.27;-5.79,-1.80;-6.10,-1.77;-6.29,-2.09;-6.28,-2.36;-6.24,-2.51;-6.34,-2.60;-6.32,-2.73;-6.32,-2.92;-6.25,-3.26;-5.98,-3.25;-5.85,-2.93;-5.17,-3.31;-5.27,-2.51;-5.55,-2.33
-5.82,-2.32|-4.82,-1.14;-5.43,-1.10;-5.87,-1.70;-6.18,-1.63;-6.17,-2.03;-6.18,-2.21;-6.17,-2.35;-6.21,-2.52;-6.22,-2.80;-6.07,-3.12;-5.77,-2.99;-5.38,-3.17;-4.77,-3.21;-5.15,-2.54;-5.14,-2.27;-5.50,-2.16
-5.77,-2.25|-5.48,-2.11;-5.37,-1.10;-5.81,-1.61;-6.09,-1.58;-6.13,-1.93;-6.14,-2.12;-6.18,-2.28;-6.19,-2.46;-6.20,-2.75;-6.06,-3.10;-5.72,-3.01;-5.34,-3.12;-4.76,-3.14;-5.14,-2.46;-5.12,-2.21
-5.74,-2.24|-5.17,-2.38;-5.16,-2.16;-5.50,-2.10;-4.93,-1.16;-5.45,-1.11;-5.83,-1.65;-6.12,-1.61;-6.12,-1.96;-6.14,-2.14;-6.11,-2.30;-6.18,-2.50;-6.16,-2.81;-5.97,-3.15;-5.68,-2.68;-5.22,-3.11;-4.37,-3.26
-5.42,-2.43|-4.64,-3.28;-4.96,-2.65;-5.02,-2.45;-4.96,-2.27;-5.24,-2.27;-5.31,-2.20;-5.41,-2.20;-5.67,-1.74;-5.93,-1.87;-5.95,-2.19;-5.97,-2.41;-6.01,-2.65;-6.08,-3.03;-5.79,-3.24;-5.45,-3.20;-5.14,-3.20
-5.20,-2.68|-4.33,-3.37;-4.86,-2.77;-4.90,-2.64;-4.84,-2.48;-4.93,-2.34;-5.11,-2.38;-5.24,-2.29;-5.65,-1.87;-5.88,-2.14;-5.88,-2.48;-5.91,-2.76;-5.87,-3.05;-5.45,-2.99;-5.39,-3.33;-5.12,-3.36;-4.84,-3.33
-5.14,-2.72|-4.52,-3.43;-4.88,-2.85;-4.81,-2.74;-4.90,-2.64;-4.82,-2.44;-4.95,-2.35;-5.11,-2.40;-5.26,-2.34;-5.84,-1.91;-5.82,-2.38;-5.89,-2.67;-5.90,-2.98;-5.41,-2.96;-5.42,-3.28;-5.18,-3.31;-4.93,-3.33
-5.13,-2.72|-4.57,-3.47;-4.88,-2.87;-4.81,-2.77;-4.88,-2.65;-4.81,-2.47;-4.93,-2.37;-5.09,-2.38;-5.23,-2.34;-5.76,-1.88;-5.80,-2.33;-5.87,-2.62;-5.91,-2.92;-5.42,-2.94;-5.44,-3.24;-5.22,-3.29;-4.97,-3.35
-5.14,-2.72|-4.49,-3.41;-4.86,-2.84;-4.81,-2.73;-4.89,-2.63;-4.83,-2.43;-4.96,-2.32;-5.12,-2.40;-5.27,-2.36;-5.85,-1.95;-5.82,-2.40;-5.90,-2.69;-5.89,-3.00;-5.39,-2.96;-5.40,-3.30;-5.16,-3.32;-4.91,-3.33
-5.11,-2.75|-5.29,-3.33;-5.06,-3.39;-4.76,-3.43;-4.30,-3.44;-4.85,-2.83;-4.84,-2.73;-4.79,-2.59;-4.82,-2.40;-4.99,-2.37;-5.14,-2.35;-5.56,-1.87;-5.81,-2.15;-5.81,-2.53;-5.88,-2.81;-5.36,-2.88;-5.37,-3.06
-5.23,-2.99|-5.46,-3.43;-5.27,-3.42;-5.07,-3.49;-4.79,-3.50;-4.08,-3.57;-4.82,-3.02;-4.87,-2.87;-4.85,-2.65;-4.98,-2.49;-5.20,-2.51;-5.56,-2.01;-5.88,-2.24;-5.89,-2.66;-5.93,-2.94;-5.41,-3.05;-5.45,-3.17
-5.23,-2.99|-5.13,-3.49;-4.92,-3.46;-4.41,-3.53;-2.91,-3.44;-4.90,-2.92;-4.92,-2.77;-4.93,-2.52;-5.14,-2.53;-5.34,-2.48;-5.91,-1.99;-5.89,-2.55;-5.94,-2.85;-5.40,-3.02;-5.46,-3.14;-5.39,-3.22;-5.32,-3.45
-5.14,-3.29|-5.00,-3.64;-4.79,-3.64;-4.29,-3.65;-2.88,-3.32;-4.81,-3.16;-4.83,-2.99;-4.87,-2.65;-5.13,-2.68;-5.58,-2.18;-5.84,-2.57;-5.35,-3.20;-5.43,-3.28;-5.35,-3.37;-5.41,-3.55;-5.27,-3.60;-5.14,-3.61
-5.13,-3.30|-4.63,-3.60;-2.86,-3.65;-4.56,-3.16;-4.83,-3.08;-4.82,-2.78;-5.04,-2.66;-5.30,-2.64;-5.81,-2.38;-5.37,-3.15;-5.41,-3.26;-5.36,-3.36;-5.45,-3.53;-5.33,-3.61;-5.18,-3.60;-5.05,-3.65;-4.90,-3.61
-4.78,-3.37|-2.66,-3.63;-4.23,-3.22;-4.58,-3.21;-4.67,-3.18;-4.70,-2.69;-4.98,-2.66;-5.62,-2.30;-5.62,-2.90;-5.24,-3.31;-5.26,-3.50;-5.14,-3.66;-4.94,-3.65;-4.82,-3.68;-4.70,-3.66;-4.54,-3.68;-4.14,-3.73
-4.36,-3.49|-3.64,-3.83;-2.52,-3.58;-3.83,-3.30;-4.13,-3.29;-4.23,-3.21;-4.35,-3.27;-4.45,-3.25;-5.39,-2.36;-5.45,-2.98;-4.95,-3.46;-4.85,-3.67;-4.61,-3.72;-4.46,-3.71;-4.37,-3.74;-4.27,-3.73;-4.10,-3.78
-4.05,-3.62|-3.38,-3.84;-2.35,-3.51;-3.48,-3.34;-3.79,-3.32;-3.95,-3.34;-4.07,-3.28;-4.19,-3.32;-5.27,-2.54;-4.84,-3.35;-4.91,-3.67;-4.37,-3.77;-4.23,-3.82;-4.10,-3.76;-4.04,-3.80;-3.93,-3.86;-3.80,-3.83
-3.89,-3.67|-3.23,-3.90;-2.27,-3.57;-3.37,-3.42;-3.63,-3.38;-3.79,-3.37;-3.91,-3.36;-4.06,-3.32;-5.17,-2.52;-4.75,-3.37;-4.80,-3.72;-4.20,-3.82;-4.00,-3.80;-3.96,-3.86;-3.88,-3.88;-3.79,-3.87;-3.68,-3.85
-3.89,-3.67|-3.20,-3.87;-2.27,-3.49;-3.39,-3.39;-3.63,-3.35;-3.79,-3.34;-3.93,-3.34;-4.08,-3.33;-5.22,-2.59;-4.76,-3.41;-4.78,-3.76;-4.20,-3.83;-4.00,-3.81;-3.94,-3.84;-3.87,-3.88;-3.78,-3.87;-3.66,-3.85
-3.89,-3.67|-3.20,-3.87;-2.27,-3.49;-3.37,-3.38;-3.64,-3.36;-3.80,-3.36;-3.92,-3.34;-4.07,-3.33;-5.22,-2.59;-4.76,-3.41;-4.79,-3.77;-4.20,-3.84;-3.99,-3.80;-3.94,-3.84;-3.86,-3.90;-3.79,-3.84;-3.66,-3.85
-3.89,-3.67|-3.24,-3.89;-2.25,-3.57;-3.36,-3.41;-3.64,-3.39;-3.78,-3.36;-3.91,-3.36;-4.06,-3.31;-5.16,-2.54;-4.75,-3.37;-4.78,-3.72;-4.20,-3.82;-4.00,-3.79;-3.95,-3.83;-3.88,-3.87;-3.79,-3.87;-3.67,-3.86
-3.89,-3.67|-3.21,-3.89;-2.25,-3.54;-3.37,-3.40;-3.64,-3.38;-3.79,-3.35;-3.91,-3.35;-4.06,-3.32;-5.19,-2.55;-4.76,-3.38;-4.80,-3.74;-4.00,-3.80;-3.95,-3.85;-3.87,-3.87;-3.79,-3.86;-3.67,-3.86
-3.89,-3.67|-3.20,-3.87;-2.26,-3.50;-3.37,-3.39;-3.65,-3.37;-3.79,-3.33;-3.92,-3.34;-4.07,-3.33;-5.21,-2.59;-4.76,-3.40;-4.80,-3.76;-4.20,-3.83;-4.00,-3.80;-3.94,-3.84;-3.87,-3.87;-3.78,-3.87;-3.66,-3.85
-3.89,-3.67|-3.22,-3.88;-2.24,-3.53;-3.37,-3.40;-3.64,-3.37;-3.79,-3.36;-3.92,-3.34;-4.06,-3.33;-5.20,-2.55;-4.77,-3.38;-4.80,-3.74;-4.20,-3.83;-3.99,-3.79;-3.95,-3.86;-3.87,-3.90;-3.79,-3.85;-3.66,-3.86
-3.89,-3.67|-3.22,-3.86;-2.25,-3.48;-3.37,-3.38;-3.65,-3.37;-3.80,-3.37;-3.92,-3.36;-4.07,-3.34;-5.22,-2.61;-4.77,-3.41;-4.80,-3.77;-4.19,-3.83;-4.00,-3.80;-3.94,-3.85;-3.87,-3.88;-3.79,-3.85;-3.66,-3.85
-3.89,-3.67|-3.23,-3.90;-2.24,-3.58;-3.36,-3.42;-3.64,-3.39;-3.78,-3.35;-3.91,-3.34;-4.05,-3.32;-5.16,-2.52;-4.75,-3.36;-4.82,-3.72;-4.20,-3.82;-3.99,-3.78;-3.95,-3.85;-3.88,-3.88;-3.79,-3.87;-3.68,-3.86
-3.89,-3.67|-3.22,-3.89;-2.25,-3.56;-3.37,-3.41;-3.64,-3.39;-3.78,-3.34;-4.06,-3.33;-5.17,-2.54;-4.74,-3.38;-4.81,-3.73;-4.20,-3.82;-3.99,-3.78;-3.95,-3.84;-3.88,-3.88;-3.79,-3.88;-3.67,-3.86
-3.89,-3.67|-3.21,-3.90;-2.25,-3.57;-3.36,-3.41;-3.63,-3.38;-3.78,-3.35;-3.91,-3.35;-4.05,-3.33;-5.18,-2.51;-4.77,-3.36;-4.80,-3.72;-4.21,-3.82;-4.00,-3.79;-3.95,-3.84;-3.88,-3.89;-3.79,-3.87;-3.68,-3.85
-3.89,-3.67|-3.19,-3.87;-2.27,-3.48;-3.38,-3.38;-3.65,-3.36;-3.80,-3.35;-3.93,-3.36;-4.07,-3.35;-5.22,-2.61;-4.77,-3.42;-4.81,-3.77;-4.20,-3.84;-4.00,-3.81;-3.94,-3.83;-3.86,-3.89;-3.79,-3.85;-3.66,-3.85
-3.89,-3.67|-3.23,-3.89;-2.25,-3.55;-3.36,-3.40;-3.64,-3.39;-3.78,-3.33;-3.91,-3.35;-4.06,-3.33;-5.18,-2.54;-4.75,-3.38;-4.80,-3.73;-4.21,-3.83;-3.99,-3.78;-3.94,-3.83;-3.87,-3.89;-3.79,-3.86;-3.68,-3.85
-3.89,-3.67|-3.22,-3.84;-2.27,-3.43;-3.37,-3.36;-3.65,-3.34;-3.81,-3.35;-3.94,-3.35;-4.08,-3.34;-5.25,-2.65;-4.77,-3.44;-4.78,-3.80;-4.18,-3.84;-3.99,-3.81;-3.94,-3.87;-3.86,-3.88;-3.77,-3.86;-3.67,-3.83
-3.89,-3.67|-3.22,-3.87;-2.27,-3.50;-3.38,-3.39;-3.65,-3.37;-3.79,-3.35;-3.92,-3.36;-4.07,-3.32;-5.22,-2.59;-4.77,-3.40;-4.80,-3.76;-4.19,-3.83;-3.99,-3.79;-3.94,-3.83;-3.87,-3.88;-3.79,-3.85;-3.67,-3.85
-3.89,-3.67|-3.21,-3.88;-2.25,-3.52;-3.36,-3.39;-3.64,-3.37;-3.79,-3.35;-3.92,-3.34;-4.07,-3.32;-5.20,-2.56;-4.75,-3.39;-4.81,-3.75;-4.19,-3.82;-3.99,-3.79;-3.94,-3.85;-3.87,-3.89;-3.78,-3.87;-3.67,-3.85
-3.89,-3.67|-3.19,-3.89;-2.25,-3.54;-3.37,-3.40;-3.64,-3.38;-3.79,-3.36;-3.91,-3.35;-4.07,-3.32;-5.20,-2.54;-4.75,-3.39;-4.81,-3.74;-4.20,-3.82;-4.00,-3.79;-3.95,-3.84;-3.87,-3.89;-3.79,-3.86;-3.66,-3.87
-3.88,-3.68|-4.23,-3.34;-4.74,-3.33;-4.82,-3.69;-4.22,-3.82;-3.99,-3.79;-3.95,-3.85;-3.88,-3.88;-3.80,-3.87;-3.69,-3.87;-3.33,-3.90;-3.25,-3.41;-3.60,-3.39;-3.75,-3.36;-3.88,-3.38;-4.04,-3.32
-4.01,-3.55|-4.84,-3.42;-4.63,-3.70;-4.28,-3.75;-4.13,-3.74;-4.04,-3.74;-3.94,-3.82;-3.81,-3.82;-3.49,-3.87;-2.32,-3.81;-3.20,-3.35;-3.69,-3.32;-3.85,-3.29;-3.97,-3.30;-4.08,-3.25;-4.20,-3.28;-5.27,-2.78
-4.44,-3.53|-5.00,-3.56;-4.82,-3.71;-4.63,-3.74;-4.51,-3.73;-4.43,-3.76;-4.33,-3.74;-4.12,-3.80;-3.64,-3.80;-2.53,-3.41;-3.95,-3.29;-4.21,-3.27;-4.35,-3.26;-4.46,-3.28;-4.79,-2.80;-5.53,-2.57;-5.04,-3.32
-4.77,-3.51|-5.20,-3.46;-5.25,-3.65;-5.02,-3.71;-4.90,-3.75;-4.80,-3.73;-4.71,-3.73;-4.58,-3.76;-4.45,-3.69;-2.67,-3.78;-3.86,-3.27;-4.43,-3.25;-4.63,-3.28;-4.71,-3.04;-4.97,-2.79;-5.69,-2.32;-5.19,-3.28
-4.98,-3.46|-4.77,-2.76;-5.05,-2.70;-5.68,-2.16;-5.28,-3.22;-5.32,-3.36;-5.29,-3.49;-5.35,-3.66;-5.13,-3.65;-5.06,-3.73;-4.95,-3.71;-4.85,-3.70;-4.63,-3.74;-3.70,-3.84;-3.90,-3.35;-4.57,-3.24;-4.73,-3.15
-4.97,-3.44|-4.76,-2.74;-5.04,-2.77;-5.65,-2.18;-5.78,-2.78;-5.30,-3.34;-5.26,-3.47;-5.34,-3.64;-5.15,-3.66;-5.04,-3.69;-4.94,-3.70;-4.83,-3.68;-4.63,-3.71;-3.90,-3.75;-2.78,-3.20;-4.52,-3.19;-4.79,-3.21
-4.97,-3.44|-4.74,-2.74;-5.02,-2.75;-5.62,-2.15;-5.76,-2.76;-5.31,-3.32;-5.24,-3.46;-5.34,-3.63;-5.16,-3.67;-5.05,-3.69;-4.94,-3.71;-4.84,-3.69;-4.63,-3.72;-3.90,-3.78;-2.81,-3.26;-4.51,-3.20;-4.77,-3.21
-4.96,-3.42|-4.80,-2.99;-4.99,-2.73;-5.50,-2.26;-5.76,-2.69;-5.32,-3.29;-5.28,-3.44;-5.33,-3.59;-5.21,-3.69;-5.05,-3.67;-4.95,-3.72;-4.85,-3.66;-4.64,-3.72;-4.20,-3.70;-2.81,-3.34;-4.45,-3.19;-4.77,-3.21
-4.96,-3.42|-4.81,-3.02;-4.98,-2.73;-5.48,-2.25;-5.75,-2.68;-5.28,-3.30;-5.27,-3.43;-5.34,-3.59;-5.22,-3.69;-5.05,-3.66;-4.95,-3.71;-4.85,-3.67;-4.64,-3.72;-4.20,-3.71;-2.80,-3.37;-4.46,-3.20;-4.78,-3.23
-4.96,-3.42|-4.79,-3.00;-4.96,-2.73;-5.46,-2.23;-5.72,-2.67;-5.29,-3.29;-5.26,-3.42;-5.35,-3.59;-5.23,-3.69;-5.06,-3.67;-4.96,-3.71;-4.86,-3.68;-4.66,-3.72;-4.20,-3.74;-2.79,-3.41;-4.47,-3.22;-4.77,-3.23
-4.96,-3.43|-5.75,-2.42;-5.28,-3.25;-5.32,-3.38;-5.28,-3.68;-5.09,-3.66;-5.00,-3.71;-4.89,-3.68;-4.76,-3.69;-4.55,-3.66;-2.78,-3.69;-4.22,-3.22;-4.71,-3.23;-4.75,-3.05;-4.87,-2.68;-5.17,-2.69
-5.05,-3.33|-4.90,-2.65;-5.17,-2.62;-5.80,-2.14;-5.82,-2.79;-5.36,-3.26;-5.33,-3.38;-5.39,-3.54;-5.28,-3.65;-5.00,-3.66;-4.86,-3.63;-4.62,-3.64;-3.38,-3.71;-4.25,-3.19;-4.81,-3.18;-4.82,-3.00
-5.03,-3.28|-5.77,-2.70;-5.34,-3.19;-5.33,-3.32;-5.39,-3.48;-5.28,-3.60;-5.12,-3.60;-4.98,-3.64;-4.83,-3.62;-4.59,-3.62;-3.32,-3.75;-4.28,-3.19;-4.80,-3.15;-4.79,-2.97;-4.85,-2.63;-5.11,-2.60;-5.71,-2.09
-5.05,-3.27|-5.81,-2.78;-5.36,-3.21;-5.33,-3.33;-5.39,-3.50;-5.27,-3.61;-5.11,-3.58;-4.97,-3.62;-4.82,-3.60;-4.42,-3.67;-2.82,-3.66;-4.50,-3.14;-4.82,-3.10;-4.84,-2.93;-4.93,-2.60;-5.20,-2.61;-5.82,-2.16
-5.08,-3.25|-5.78,-2.76;-5.35,-3.19;-5.36,-3.30;-5.41,-3.46;-5.33,-3.61;-5.15,-3.57;-5.01,-3.62;-4.84,-3.62;-4.42,-3.70;-2.86,-3.73;-4.52,-3.15;-4.80,-3.07;-4.84,-2.91;-4.93,-2.58;-5.19,-2.61;-5.75,-2.20
-5.08,-3.25|-5.80,-2.81;-5.34,-3.21;-5.37,-3.32;-5.40,-3.49;-5.30,-3.62;-5.12,-3.57;-4.99,-3.60;-4.83,-3.58;-4.42,-3.65;-2.83,-3.59;-4.52,-3.11;-4.83,-3.07;-4.87,-2.90;-4.98,-2.61;-5.23,-2.62;-5.80,-2.26
-5.07,-3.25|-5.77,-2.77;-5.34,-3.19;-5.36,-3.30;-5.41,-3.47;-5.32,-3.60;-5.15,-3.58;-5.00,-3.64;-4.84,-3.61;-4.44,-3.69;-2.88,-3.72;-4.53,-3.15;-4.80,-3.08;-4.83,-2.90;-4.94,-2.61;-5.19,-2.60;-5.74,-2.22
-5.08,-3.25|-5.83,-2.85;-5.37,-3.22;-5.34,-3.33;-5.39,-3.51;-5.27,-3.61;-5.11,-3.58;-4.97,-3.60;-4.82,-3.56;-4.37,-3.62;-2.81,-3.47;-4.53,-3.08;-4.83,-3.05;-4.89,-2.90;-5.01,-2.59;-5.27,-2.61;-5.84,-2.32
-5.07,-3.24|-4.82,-3.10;-4.83,-2.94;-4.88,-2.62;-5.13,-2.64;-5.64,-2.17;-5.81,-2.63;-5.33,-3.16;-5.39,-3.27;-5.31,-3.36;-5.36,-3.59;-5.18,-3.57;-5.04,-3.62;-4.90,-3.58;-4.65,-3.59;-3.91,-3.60;-3.71,-3.11
-5.08,-3.24|-4.84,-2.63;-5.09,-2.66;-5.57,-2.15;-5.87,-2.49;-5.36,-3.14;-5.38,-3.25;-5.32,-3.35;-5.37,-3.55;-5.21,-3.58;-5.07,-3.60;-4.92,-3.59;-4.70,-3.60;-4.22,-3.57;-2.87,-3.18;-4.81,-3.12;-4.82,-2.97
-5.01,-3.06|-4.83,-2.56;-5.04,-2.58;-5.49,-2.07;-5.80,-2.37;-5.78,-2.80;-5.31,-3.08;-5.33,-3.22;-5.34,-3.44;-5.14,-3.46;-4.98,-3.53;-4.79,-3.50;-4.44,-3.57;-3.43,-3.60;-4.74,-3.05;-4.77,-2.95;-4.80,-2.83
-5.00,-3.05|-4.82,-2.53;-5.03,-2.57;-5.48,-2.06;-5.77,-2.37;-5.77,-2.78;-5.29,-3.07;-5.31,-3.20;-5.36,-3.45;-5.14,-3.45;-4.97,-3.54;-4.79,-3.49;-4.42,-3.58;-3.45,-3.60;-4.78,-3.04;-4.77,-2.94;-4.81,-2.84
-5.00,-3.06|-5.20,-2.51;-5.76,-2.23;-5.30,-3.04;-5.34,-3.18;-5.36,-3.39;-5.21,-3.49;-5.02,-3.49;-4.85,-3.49;-4.60,-3.49;-3.93,-3.56;-4.80,-2.98;-4.78,-2.85;-4.76,-2.53;-4.98,-2.52
-5.14,-2.77|-5.50,-1.89;-5.81,-2.10;-5.85,-2.47;-5.91,-2.77;-5.87,-3.07;-5.41,-3.04;-5.40,-3.37;-5.15,-3.36;-4.90,-3.37;-4.48,-3.45;-4.87,-2.89;-4.82,-2.78;-4.89,-2.67;-4.83,-2.47;-4.97,-2.37;-5.14,-2.39
-5.29,-2.54|-4.55,-3.29;-4.92,-2.70;-4.95,-2.55;-4.88,-2.38;-5.01,-2.27;-5.18,-2.30;-5.28,-2.25;-5.40,-2.27;-5.96,-1.87;-5.91,-2.28;-5.89,-2.54;-5.96,-2.82;-5.95,-3.20;-5.46,-2.96;-5.29,-3.21;-5.01,-3.23
-5.13,-2.96|-4.93,-3.45;-4.65,-3.44;-3.79,-3.52;-4.88,-2.96;-4.83,-2.83;-4.79,-2.62;-4.93,-2.48;-5.13,-2.51;-5.52,-2.00;-5.84,-2.23;-5.82,-2.67;-5.90,-2.95;-5.41,-3.07;-5.36,-3.18;-5.34,-3.45;-5.13,-3.47
-4.96,-3.24|-4.76,-3.58;-4.52,-3.57;-3.38,-3.65;-4.21,-3.13;-4.77,-3.12;-4.76,-2.97;-4.81,-2.66;-5.04,-2.65;-5.64,-2.08;-5.75,-2.64;-5.29,-3.15;-5.31,-3.29;-5.32,-3.45;-5.25,-3.62;-5.05,-3.58;-4.91,-3.61
-4.91,-3.37|-5.71,-2.90;-5.32,-3.31;-5.24,-3.46;-5.30,-3.67;-5.06,-3.63;-4.95,-3.68;-4.83,-3.65;-4.65,-3.70;-4.32,-3.71;-2.74,-3.67;-4.39,-3.23;-4.69,-3.20;-4.71,-3.03;-4.81,-2.67;-5.10,-2.65;-5.68,-2.35
-5.05,-3.26|-4.93,-2.60;-5.19,-2.61;-5.71,-2.31;-5.76,-2.80;-5.35,-3.21;-5.32,-3.32;-5.39,-3.50;-5.26,-3.59;-5.11,-3.61;-4.97,-3.62;-4.79,-3.63;-4.39,-3.69;-2.83,-3.66;-4.52,-3.14;-4.80,-3.09;-4.82,-2.91
-4.98,-3.06|-4.79,-2.55;-5.00,-2.57;-5.45,-2.06;-5.75,-2.36;-5.77,-2.78;-5.30,-3.08;-5.30,-3.22;-5.34,-3.46;-5.12,-3.48;-4.95,-3.53;-4.76,-3.52;-4.39,-3.59;-3.43,-3.62;-4.75,-3.05;-4.74,-2.95;-4.79,-2.86
-4.98,-3.06|-4.82,-2.56;-5.02,-2.57;-5.50,-2.07;-5.78,-2.39;-5.78,-2.81;-5.29,-3.09;-5.29,-3.23;-5.32,-3.47;-5.10,-3.47;-4.93,-3.52;-4.74,-3.52;-4.37,-3.57;-3.40,-3.55;-4.76,-3.04;-4.74,-2.94;-4.80,-2.85
-4.98,-3.06|-4.80,-2.57;-5.00,-2.59;-5.44,-2.06;-5.76,-2.35;-5.75,-2.78;-5.28,-3.08;-5.31,-3.22;-5.34,-3.46;-5.12,-3.47;-4.95,-3.53;-4.77,-3.51;-4.40,-3.58;-3.42,-3.63;-4.76,-3.05;-4.75,-2.95;-4.79,-2.86
-4.98,-3.06|-4.78,-2.55;-4.99,-2.58;-5.43,-2.06;-5.75,-2.34;-5.75,-2.77;-5.29,-3.07;-5.32,-3.22;-5.36,-3.47;-5.12,-3.46;-4.96,-3.53;-4.76,-3.54;-4.40,-3.60;-3.43,-3.65;-4.77,-3.06;-4.74,-2.95;-4.77,-2.84
-4.97,-3.05|-4.78,-2.56;-4.98,-2.58;-5.42,-2.05;-5.74,-2.31;-5.76,-2.74;-5.29,-3.06;-5.32,-3.21;-5.34,-3.44;-5.12,-3.44;-4.96,-3.54;-4.77,-3.51;-4.40,-3.60;-3.42,-3.65;-4.77,-3.05;-4.73,-2.95;-4.79,-2.86
-4.97,-3.05|-5.11,-2.51;-5.75,-2.00;-5.77,-2.57;-5.83,-2.92;-5.32,-3.14;-5.26,-3.26;-5.25,-3.52;-5.04,-3.50;-4.86,-3.49;-4.62,-3.53;-4.20,-3.52;-2.74,-3.40;-4.79,-3.01;-4.74,-2.89;-4.81,-2.78;-4.89,-2.52
-5.11,-2.76|-5.29,-2.39;-5.82,-2.13;-5.84,-2.51;-5.87,-2.81;-5.36,-2.89;-5.38,-3.07;-5.32,-3.38;-5.07,-3.38;-4.82,-3.37;-4.38,-3.42;-4.85,-2.85;-4.79,-2.75;-4.88,-2.66;-4.81,-2.44;-4.96,-2.36;-5.13,-2.40
0.00,0.00|0.15,-1.09;0.21,-0.36;0.20,-0.15;0.43,-0.11;0.77,0.11;1.27,0.75;0.63,0.84;0.10,0.37;-0.06,0.41;-0.22,0.38;-0.27,0.21;-0.29,0.08;-0.27,-0.04;-0.28,-0.16;-0.26,-0.34;-0.21,-0.80
0.02,-0.06|-0.21,-1.15;0.31,-1.62;0.22,-0.37;0.23,-0.20;0.44,-0.15;0.82,0.09;1.28,0.76;0.60,0.80;0.10,0.34;-0.06,0.37;-0.26,0.37;-0.32,0.17;-0.25,-0.01;-0.26,-0.11;-0.27,-0.25;-0.29,-0.52
-0.09,-0.37|-0.31,-0.89;-0.09,-1.31;0.53,-1.86;0.14,-0.60;0.18,-0.48;0.15,-0.37;0.73,-0.03;0.88,0.61;0.13,0.16;-0.09,0.21;-0.29,0.11;-0.30,-0.17;-0.33,-0.28;-0.32,-0.37;-0.31,-0.46;-0.35,-0.63
-0.18,-0.58|-0.24,-1.43;0.09,-1.41;0.12,-0.92;0.08,-0.71;0.17,-0.61;0.12,-0.48;1.06,0.48;0.16,0.08;-0.12,0.11;-0.35,-0.04;-0.37,-0.36;-0.36,-0.49;-0.35,-0.56;-0.33,-0.63;-0.39,-0.76;-0.36,-0.93
-0.13,-1.01|-0.11,-1.61;0.40,-2.20;0.60,-1.70;0.15,-1.11;0.12,-1.00;0.12,-0.90;0.15,-0.72;0.42,0.39;-0.15,-0.10;-0.33,-0.54;-0.30,-0.84;-0.33,-0.93;-0.36,-1.01;-0.35,-1.11;-0.30,-1.19
-0.09,-1.37|-0.04,-1.76;0.49,-2.37;0.62,-1.91;0.59,-1.55;0.70,-1.27;0.17,-1.22;0.21,-0.98;0.19,-0.34;-0.23,-0.29;-0.29,-1.02;-0.32,-1.19;-0.32,-1.31;-0.28,-1.40;-0.29,-1.49;-0.35,-1.72;-0.20,-1.81
-0.02,-1.56|0.65,-1.70;0.69,-1.43;0.22,-1.41;0.19,-1.26;0.22,-0.43;-0.22,-0.51;-0.28,-1.16;-0.25,-1.40;-0.22,-1.52;-0.22,-1.60;-0.33,-1.77;-0.23,-1.87;-0.09,-1.90;0.04,-1.86;0.58,-2.46;0.65,-2.01
0.14,-1.53|0.76,-1.97;0.77,-1.67;0.79,-1.42;0.80,-1.12;0.29,-1.33;0.29,-0.90;-0.05,-0.37;-0.17,-1.03;-0.18,-1.30;-0.18,-1.45;-0.13,-1.58;-0.23,-1.76;-0.10,-1.87;0.07,-1.85;0.19,-1.84;0.69,-2.40
0.49,-1.72|0.97,-1.88;0.90,-1.70;0.97,-1.49;1.02,-1.12;0.75,-0.95;0.47,-1.44;-0.04,-0.64;-0.04,-1.25;0.01,-1.55;-0.03,-1.75;0.01,-1.95;0.32,-1.91;0.41,-1.95;0.53,-2.44;0.87,-2.50;0.91,-2.09
0.78,-1.86|1.08,-2.13;1.08,-1.97;1.10,-1.85;1.04,-1.74;1.11,-1.50;1.07,-1.06;0.74,-1.08;0.61,-1.50;0.13,-1.27;0.16,-1.64;0.10,-1.90;0.50,-2.00;0.21,-2.50;0.55,-2.52;0.82,-2.58;1.06,-2.45
0.80,-1.88|1.11,-1.39;0.93,-1.09;0.61,-1.05;0.03,-0.80;0.09,-1.44;0.18,-1.78;0.13,-2.04;0.35,-2.59;0.69,-2.51;0.96,-2.61;1.06,-2.25;1.11,-2.08;1.11,-1.94;1.09,-1.82;1.03,-1.72
0.80,-1.89|0.52,-1.37;0.10,-1.31;0.15,-1.69;0.11,-1.95;0.54,-2.03;0.23,-2.57;0.59,-2.56;0.86,-2.59;1.13,-2.51;1.10,-2.14;1.08,-1.98;1.11,-1.86;1.03,-1.77;1.09,-1.54;1.06,-1.04;0.72,-1.07
0.73,-1.76|0.74,-0.97;0.52,-1.24;0.02,-1.04;0.09,-1.48;0.14,-1.75;0.10,-2.01;0.51,-1.97;0.39,-2.54;0.71,-2.48;1.01,-2.49;1.06,-2.10;1.05,-1.90;1.07,-1.77;1.02,-1.65;1.05,-1.45;1.05,-1.00
0.73,-1.42|0.76,-0.82;0.59,-1.04;0.59,-1.27;0.09,-1.12;0.12,-1.39;0.05,-1.67;0.31,-1.80;0.56,-1.79;0.69,-2.33;1.02,-2.23;1.05,-1.77;1.01,-1.55;1.05,-1.44;1.09,-1.29;1.08,-1.10;0.98,-0.89
0.77,-1.10|0.91,-0.70;0.75,-0.67;0.58,-0.69;0.57,-0.92;0.56,-1.02;0.59,-1.11;0.57,-1.19;0.24,-1.68;0.58,-1.64;0.82,-2.20;1.08,-1.76;1.02,-1.33;1.11,-1.22;1.11,-1.08;1.09,-0.95;1.12,-0.72
0.86,-0.85|1.13,-1.65;1.13,-1.16;1.13,-0.99;1.13,-0.87;1.20,-0.73;1.19,-0.56;0.99,-0.57;0.88,-0.53;0.76,-0.56;0.65,-0.62;0.64,-0.75;0.58,-0.84;0.62,-0.94;0.65,-1.04;0.55,-1.49;0.79,-2.04
0.93,-1.16|1.14,-2.14;1.19,-1.54;1.15,-1.31;1.19,-1.21;1.20,-1.10;1.16,-1.00;1.22,-0.71;1.00,-0.72;0.82,-0.71;0.71,-0.86;0.63,-0.98;0.67,-1.12;0.25,-1.32;0.18,-1.69;0.61,-1.66;0.75,-2.16
0.89,-1.54|0.63,-2.35;0.97,-2.45;1.14,-2.01;1.15,-1.76;1.12,-1.61;1.11,-1.52;1.16,-1.40;1.16,-1.22;1.09,-0.90;0.84,-0.87;0.66,-1.08;0.67,-1.35;0.17,-1.31;0.23,-1.59;0.23,-1.88;0.61,-1.86
0.81,-1.84|0.18,-1.16;0.14,-1.54;0.15,-1.82;0.44,-1.99;0.10,-2.52;0.50,-2.53;0.79,-2.56;1.08,-2.54;1.09,-2.14;1.07,-1.96;1.12,-1.85;1.06,-1.75;1.12,-1.55;1.17,-1.05;0.84,-0.99;0.60,-1.28
0.58,-1.54|0.07,-0.74;0.02,-1.15;0.06,-1.42;0.04,-1.63;0.08,-1.86;0.39,-1.82;0.40,-2.35;0.74,-2.41;0.92,-2.07;0.97,-1.81;0.95,-1.62;1.02,-1.46;1.04,-1.24;1.02,-0.90;0.73,-0.87;0.51,-1.13
0.52,-1.43|0.43,-2.30;0.79,-2.36;0.93,-1.94;0.97,-1.68;0.93,-1.48;0.99,-1.29;1.04,-1.01;0.83,-0.86;0.58,-0.84;0.49,-1.33;0.01,-0.80;-0.02,-1.14;-0.00,-1.38;-0.00,-1.59;0.04,-1.82;0.34,-1.76
0.52,-1.60|-0.03,-0.88;-0.03,-1.28;0.04,-1.54;-0.02,-1.74;0.11,-1.91;0.37,-1.86;0.48,-1.89;0.75,-2.45;0.91,-2.11;0.94,-1.84;0.95,-1.66;0.98,-1.48;0.99,-1.24;0.91,-0.92;0.61,-0.92;0.47,-1.42
0.53,-1.59|0.94,-2.02;0.98,-1.79;0.91,-1.60;0.98,-1.41;0.96,-1.18;0.81,-0.93;0.54,-0.90;0.06,-0.41;0.04,-1.09;-0.01,-1.36;0.05,-1.59;-0.03,-1.82;0.18,-1.93;0.40,-1.88;0.52,-2.36;0.86,-2.42
0.75,-1.83|1.05,-2.11;1.08,-1.96;1.08,-1.82;1.02,-1.71;1.13,-1.41;1.02,-1.09;0.71,-1.03;0.61,-1.54;0.12,-1.25;0.16,-1.62;0.09,-1.86;0.47,-1.96;0.60,-1.99;0.50,-2.50;0.78,-2.56;1.03,-2.45
0.90,-2.12|0.95,-2.70;1.15,-2.60;1.12,-2.31;1.13,-2.19;1.12,-2.10;1.17,-1.98;1.09,-1.89;1.19,-1.19;0.82,-1.20;0.66,-1.66;0.16,-1.49;0.23,-1.90;0.62,-2.14;-0.14,-2.65;0.42,-2.68;0.73,-2.64
0.89,-2.45|0.82,-2.84;0.98,-2.87;1.12,-2.77;1.10,-2.58;1.09,-2.48;1.14,-2.39;1.12,-2.29;1.13,-2.08;1.08,-1.37;0.70,-1.55;0.23,-1.50;0.67,-2.31;-0.19,-2.26;-0.42,-2.74;0.35,-2.83;0.67,-2.79
0.88,-2.48|-0.11,-2.90;0.51,-2.86;0.75,-2.81;0.89,-2.87;1.05,-2.88;1.13,-2.72;1.09,-2.56;1.10,-2.48;1.13,-2.38;1.14,-2.22;1.06,-2.04;0.88,-1.31;0.63,-1.88;0.12,-1.72;0.48,-2.31;-1.42,-2.49
0.71,-2.48|-1.51,-2.42;-0.23,-2.84;0.31,-2.87;0.57,-2.79;0.70,-2.84;0.87,-2.90;1.06,-2.85;1.09,-2.65;1.02,-2.36;1.04,-2.17;1.08,-1.66;0.74,-1.33;0.08,-0.84;0.56,-2.32;0.36,-2.33
0.66,-2.47|-0.21,-2.87;0.28,-2.88;0.53,-2.82;0.67,-2.82;0.85,-2.89;1.00,-2.80;1.01,-2.61;1.01,-2.46;1.00,-2.32;1.01,-2.11;1.09,-1.36;0.63,-1.36;0.08,-1.17;0.49,-2.31;0.30,-2.33;-1.47,-2.53
0.30,-2.58|-0.17,-2.88;0.06,-2.93;0.23,-2.90;0.35,-2.86;0.50,-2.90;0.76,-2.90;0.87,-2.71;0.85,-2.48;0.87,-2.22;0.88,-1.76;0.35,-2.38;0.26,-2.35;0.16,-2.37;0.05,-2.41;-0.69,-2.37;-0.91,-2.80
0.09,-2.71|0.73,-2.95;0.70,-2.69;0.73,-2.42;0.76,-1.98;0.19,-2.44;0.08,-2.41;-0.02,-2.47;-0.20,-2.44;-0.72,-2.40;-1.83,-2.77;-0.52,-2.98;-0.12,-2.93;-0.02,-2.98;0.09,-2.96;0.19,-2.93;0.33,-2.94
0.40,-2.78|0.92,-2.81;0.88,-2.62;0.91,-2.34;0.92,-1.76;0.43,-2.47;0.30,-2.46;0.16,-2.49;-0.17,-2.49;-1.59,-2.63;-0.15,-2.96;0.13,-3.01;0.30,-2.98;0.39,-2.95;0.47,-2.97;0.61,-3.02;0.87,-3.01
0.71,-2.72|0.14,-2.44;-1.44,-2.58;0.15,-2.91;0.46,-2.94;0.61,-2.92;0.69,-2.94;0.81,-3.03;0.94,-2.99;1.04,-2.89;1.03,-2.62;1.03,-2.44;1.08,-1.97;0.79,-1.47;0.14,-1.05;0.44,-2.41
0.53,-2.61|-1.58,-2.41;-0.33,-2.87;0.17,-2.91;0.37,-2.90;0.62,-2.92;0.83,-2.97;0.94,-2.83;0.93,-2.64;0.96,-2.47;0.99,-2.22;1.08,-1.56;0.63,-1.43;0.45,-2.37;0.32,-2.36;0.17,-2.42
0.40,-2.58|-0.82,-2.81;-0.03,-2.86;0.17,-2.92;0.34,-2.87;0.45,-2.84;0.63,-2.93;0.88,-2.90;0.90,-2.68;0.90,-2.48;0.92,-2.23;0.65,-1.37;0.36,-2.35;0.25,-2.34;0.14,-2.40;-0.92,-2.30
0.10,-2.68|-0.54,-2.93;-0.14,-2.91;-0.02,-2.95;0.10,-2.96;0.20,-2.92;0.32,-2.90;0.76,-2.96;0.72,-2.69;0.75,-2.42;0.76,-2.04;0.21,-2.42;0.11,-2.41;0.01,-2.44;-0.12,-2.44;-0.54,-2.40;-1.75,-2.64
-0.00,-0.00|0.51,0.23;0.71,0.75;-0.01,0.37;-0.19,0.41;-0.44,0.41;-1.01,0.38;-1.04,-0.03;-0.32,-0.15;-0.16,-0.16;-0.07,-0.18;0.02,-0.66;0.29,-0.65;0.45,-0.43;0.44,-0.17;0.42,0.01
0.25,0.11|0.60,0.35;0.73,0.87;0.39,0.89;0.07,0.90;0.06,0.39;-0.15,0.37;-0.90,0.31;-1.39,-0.26;-0.13,-0.16;-0.41,-0.93;0.04,-1.11;0.41,-0.60;0.60,-0.38;0.57,-0.09;0.61,0.05;0.55,0.18
0.26,0.12|0.98,0.92;0.54,0.91;0.22,0.91;0.12,0.42;-0.09,0.44;-0.55,0.40;-0.90,0.05;-0.19,-0.10;0.05,-0.12;-0.15,-1.05;0.31,-0.65;0.61,-0.60;0.59,-0.17;0.61,-0.00;0.55,0.13;0.62,0.29
0.50,0.53|0.76,1.10;0.52,1.09;0.28,1.10;-0.04,1.10;-0.85,1.14;-0.80,0.57;-0.02,0.04;-0.17,-0.93;0.47,-0.42;0.75,-0.15;0.67,0.35;0.70,0.43;0.73,0.52;1.24,0.81;1.15,1.14
0.56,0.86|1.25,1.06;1.11,1.30;0.78,1.25;0.61,1.29;0.43,1.31;0.24,1.26;-0.23,1.29;-0.76,0.47;-0.13,0.30;0.23,0.24;0.44,-0.28;0.73,0.29;0.75,0.63;0.78,0.75;1.25,0.79
0.69,0.87|1.36,0.95;1.34,1.23;0.98,1.24;0.80,1.26;0.64,1.30;0.45,1.31;0.12,1.33;-0.96,1.36;0.20,0.82;-1.19,-0.15;0.20,0.28;0.37,-0.22;0.79,-0.04;0.82,0.64;0.86,0.74;1.03,0.78
0.74,0.87|1.39,0.96;1.34,1.22;1.01,1.23;0.84,1.26;0.68,1.28;0.48,1.31;0.13,1.33;-0.99,1.33;0.26,0.81;-1.18,-0.25;0.28,0.27;0.45,-0.22;0.78,0.55;0.85,0.67;0.92,0.73;1.07,0.79
1.08,1.01|1.50,1.20;1.40,1.35;1.19,1.30;1.07,1.33;0.92,1.37;0.67,1.39;-0.14,1.48;-0.22,0.98;-1.04,0.07;0.44,0.35;1.01,0.83;1.17,0.81;1.25,0.84;1.47,0.86;1.57,1.02
1.35,1.11|1.16,0.87;1.28,0.86;1.37,0.90;1.49,0.86;1.63,0.90;1.67,1.03;1.65,1.15;1.64,1.28;1.58,1.41;1.42,1.40;1.32,1.36;1.20,1.38;0.97,1.41;0.34,1.39;-0.08,0.94
1.34,1.12|1.12,1.37;0.87,1.36;-0.39,0.56;0.41,0.33;1.21,0.86;1.32,0.86;1.41,0.89;1.58,0.83;1.62,0.97;1.68,1.09;1.61,1.20;1.66,1.38;1.49,1.42;1.36,1.38;1.26,1.37
1.35,1.12|1.15,0.88;1.27,0.85;1.37,0.91;1.49,0.85;1.62,0.89;1.66,1.02;1.67,1.15;1.64,1.27;1.58,1.40;1.43,1.40;1.32,1.36;1.20,1.38;0.97,1.42;0.18,1.46;-0.09,0.97
1.33,1.11|0.92,1.36;0.57,0.93;0.33,0.39;1.18,0.87;1.29,0.86;1.38,0.90;1.52,0.84;1.62,0.93;1.67,1.05;1.63,1.18;1.65,1.34;1.52,1.41;1.38,1.40;1.27,1.36;1.14,1.37
1.29,1.14|0.37,0.41;1.14,0.88;1.26,0.88;1.35,0.92;1.52,0.85;1.59,0.98;1.66,1.10;1.60,1.23;1.60,1.40;1.44,1.43;1.31,1.39;1.21,1.40;1.08,1.41;0.72,1.46;-0.41,0.65
1.29,1.14|0.40,0.36;1.15,0.88;1.27,0.88;1.36,0.92;1.53,0.87;1.59,1.00;1.64,1.12;1.57,1.24;1.58,1.40;1.42,1.42;1.30,1.38;1.20,1.41;1.06,1.40;0.69,1.44;-0.38,0.57
1.28,1.14|0.41,0.32;1.15,0.86;1.27,0.87;1.36,0.93;1.54,0.86;1.61,0.99;1.65,1.13;1.60,1.26;1.56,1.41;1.41,1.43;1.29,1.40;1.18,1.38;1.04,1.39;0.70,1.40;-0.36,0.51
1.25,1.12|0.40,0.31;1.13,0.86;1.24,0.87;1.33,0.90;1.50,0.85;1.60,0.96;1.63,1.10;1.55,1.40;1.39,1.42;1.26,1.36;1.15,1.38;0.95,1.44;0.66,1.38;-0.39,0.49
1.25,1.12|0.41,0.31;1.14,0.88;1.25,0.87;1.34,0.90;1.48,0.87;1.59,0.96;1.63,1.11;1.56,1.23;1.55,1.40;1.39,1.42;1.26,1.37;1.16,1.36;0.64,1.39;-0.38,0.49
1.25,1.12|0.38,0.38;1.12,0.87;1.23,0.88;1.32,0.90;1.48,0.85;1.57,0.95;1.65,1.08;1.59,1.22;1.56,1.38;1.41,1.42;1.27,1.36;1.17,1.38;0.97,1.45;0.63,1.44;-0.41,0.59
1.25,1.12|0.39,0.36;1.12,0.85;1.24,0.87;1.32,0.91;1.50,0.83;1.59,0.95;1.66,1.09;1.57,1.23;1.56,1.39;1.39,1.39;1.27,1.38;1.16,1.38;0.97,1.44;0.64,1.42;-0.38,0.56
1.25,1.12|0.43,0.32;1.14,0.85;1.25,0.86;1.49,0.87;1.58,0.97;1.63,1.11;1.56,1.24;1.54,1.40;1.38,1.41;1.26,1.36;1.15,1.36;0.96,1.42;0.61,1.40;-0.37,0.47
1.25,1.12|0.42,0.33;1.14,0.86;1.24,0.85;1.34,0.89;1.49,0.86;1.59,0.96;1.63,1.10;1.57,1.24;1.55,1.40;1.39,1.42;1.26,1.36;1.15,1.37;0.96,1.42;0.63,1.40;-0.39,0.49
1.25,1.12|0.89,1.39;0.11,1.43;-0.14,0.95;0.06,-0.41;1.17,0.85;1.27,0.89;1.37,0.89;1.55,0.88;1.60,1.02;1.62,1.16;1.61,1.32;1.48,1.42;1.32,1.38;1.22,1.36;1.09,1.39
0.94,1.22|-1.03,1.54;0.04,1.01;-0.09,0.48;-0.14,-0.53;0.74,-0.03;1.01,0.91;1.15,0.94;1.44,0.92;1.48,1.14;1.43,1.34;1.28,1.47;1.06,1.41;0.97,1.43;0.89,1.43;0.77,1.46;0.52,1.48
0.57,1.23|0.11,0.99;-0.09,0.44;0.01,-0.54;0.68,-0.00;0.78,0.82;0.93,0.93;1.26,1.02;1.22,1.29;1.08,1.50;0.76,1.46;0.65,1.48;0.55,1.45;0.46,1.45;0.29,1.47;-0.06,1.43
0.46,1.24|1.08,0.88;1.23,1.14;1.16,1.43;0.71,1.43;0.60,1.48;0.48,1.42;0.38,1.51;0.27,1.48;-0.02,1.52;-0.35,1.02;0.14,0.99;-0.00,0.44;0.29,-0.06;0.65,0.50;0.70,0.92
0.61,1.07|1.25,0.89;1.25,1.15;1.16,1.38;0.84,1.36;0.69,1.38;0.57,1.33;0.42,1.40;0.19,1.40;-0.92,1.49;-0.47,0.94;-1.26,0.02;0.04,0.35;0.13,-0.62;0.73,0.04;0.78,0.76;0.91,0.83
0.65,1.05|1.25,0.76;1.32,1.01;1.33,1.29;0.93,1.30;0.79,1.33;0.67,1.38;0.52,1.41;0.33,1.39;-0.34,1.51;-0.77,0.53;-0.04,0.42;-0.10,-0.55;0.59,-0.14;0.77,0.72;0.89,0.78
0.67,1.04|1.31,0.93;1.28,1.18;1.13,1.37;0.86,1.34;0.72,1.34;0.61,1.32;0.43,1.38;0.09,1.40;0.19,0.93;0.24,0.35;0.47,-0.16;0.76,0.66;0.83,0.82;0.99,0.84
0.73,1.01|1.32,0.84;1.36,1.08;1.35,1.35;0.96,1.31;0.82,1.33;0.69,1.37;0.57,1.31;0.32,1.34;-0.42,1.35;-0.39,0.89;-1.16,-0.02;0.14,0.27;0.38,-0.18;0.83,0.06;0.83,0.84;0.98,0.81
0.76,1.00|1.34,0.81;1.38,1.05;1.37,1.31;1.03,1.32;0.87,1.34;0.73,1.36;0.62,1.28;0.35,1.35;-0.37,1.36;-0.43,0.90;-1.16,0.01;0.15,0.27;0.23,-0.67;0.80,0.60;0.86,0.81;0.99,0.80
0.77,0.99|1.37,0.97;1.33,1.20;1.18,1.37;0.92,1.32;0.78,1.31;0.65,1.32;0.45,1.34;0.05,1.32;0.39,0.85;0.06,0.33;0.00,-0.70;0.73,-0.15;0.88,0.72;0.95,0.80;1.09,0.85
0.81,0.99|1.40,0.94;1.36,1.17;1.22,1.34;0.97,1.30;0.83,1.32;0.69,1.32;0.49,1.35;0.08,1.35;-0.62,0.51;0.06,0.34;0.01,-0.62;0.73,-0.12;0.87,0.81;0.99,0.78;1.12,0.83
0.84,0.98|1.43,0.96;1.38,1.19;1.21,1.32;0.98,1.27;0.85,1.33;0.71,1.32;0.48,1.36;-0.08,1.39;-0.64,0.42;0.12,0.30;0.11,-0.64;0.83,0.63;0.91,0.80;1.03,0.78;1.31,0.77
1.16,1.05|1.54,1.16;1.52,1.34;1.33,1.35;1.19,1.31;1.08,1.34;0.90,1.38;0.56,1.37;-0.45,0.57;0.30,0.35;1.05,0.84;1.14,0.83;1.23,0.83;1.31,0.86;1.53,0.85;1.57,1.00
1.33,1.09|0.95,1.41;0.37,1.39;-0.34,0.94;1.14,0.86;1.25,0.84;1.35,0.89;1.45,0.86;1.62,0.84;1.65,0.99;1.66,1.12;1.62,1.23;1.59,1.39;1.44,1.42;1.31,1.36;1.19,1.37
1.28,1.13|-0.37,0.37;0.56,0.36;1.18,0.85;1.37,0.93;1.56,0.87;1.62,1.01;1.63,1.15;1.59,1.27;1.55,1.42;1.40,1.44;1.27,1.36;1.18,1.36;0.96,1.43;0.62,1.38
0.76,0.93|-0.65,0.49;0.03,0.31;-0.06,-0.64;0.66,-0.17;0.84,0.67;0.90,0.76;1.03,0.78;1.36,0.87;1.34,1.11;1.22,1.31;0.94,1.26;0.80,1.28;0.66,1.27;0.42,1.33;-0.07,1.37
0.52,0.84|1.24,1.22;0.83,1.22;0.65,1.28;0.48,1.25;-0.01,1.27;-1.28,1.39;0.15,0.80;-1.31,-0.14;0.02,0.23;0.05,-0.71;0.62,-0.23;0.68,0.54;0.72,0.68;0.91,0.72;1.28,0.91
0.79,1.01|1.34,1.30;1.02,1.29;0.88,1.31;0.76,1.38;0.60,1.36;-0.93,1.52;0.22,0.95;-1.24,-0.09;0.27,0.37;0.44,-0.16;0.83,0.65;0.91,0.79;1.03,0.81;1.34,0.84;1.37,1.06
1.09,1.15|1.52,1.35;1.35,1.43;1.18,1.39;1.08,1.39;0.99,1.38;0.83,1.40;0.31,1.45;-0.50,0.43;0.35,0.36;0.62,-0.09;1.10,0.84;1.20,0.90;1.40,0.86;1.50,1.00;1.51,1.17
1.25,1.20|0.60,0.37;1.17,0.90;1.28,0.92;1.40,0.94;1.59,0.94;1.62,1.10;1.58,1.24;1.59,1.40;1.46,1.47;1.31,1.42;1.22,1.40;1.13,1.41;0.93,1.45;0.37,1.44
1.24,1.20|1.48,0.87;1.58,1.00;1.62,1.14;1.58,1.28;1.55,1.43;1.39,1.44;1.27,1.39;1.19,1.39;1.08,1.41;0.89,1.41;-0.73,1.50;0.44,1.00;0.26,0.47;0.18,-0.55;1.19,0.90;1.30,0.95
1.24,1.20|1.13,0.90;1.25,0.90;1.36,0.93;1.57,0.90;1.59,1.07;1.59,1.21;1.58,1.36;1.47,1.45;1.32,1.41;1.23,1.39;1.14,1.40;0.95,1.46;0.59,1.43;-0.88,0.20;0.54,0.42
1.24,1.19|0.07,-0.56;1.18,0.89;1.29,0.92;1.43,0.91;1.57,0.97;1.64,1.12;1.56,1.26;1.59,1.43;1.42,1.47;1.28,1.39;1.20,1.39;1.09,1.42;0.90,1.42;-0.13,1.47;-0.12,0.93;0.08,0.42
1.21,1.16|0.16,-0.27;1.14,0.88;1.25,0.90;1.36,0.91;1.57,0.89;1.58,1.06;1.56,1.21;1.59,1.38;1.42,1.45;1.26,1.38;1.18,1.37;1.06,1.41;0.88,1.40;0.29,1.38;-0.42,0.91
1.21,1.16|1.51,0.85;1.57,1.01;1.61,1.16;1.57,1.30;1.48,1.42;1.32,1.42;1.21,1.38;1.12,1.39;0.94,1.44;0.59,1.43;-0.43,0.51;0.39,0.37;1.09,0.89;1.21,0.89;1.30,0.93
1.21,1.16|0.06,-0.43;1.14,0.86;1.25,0.90;1.38,0.89;1.57,0.89;1.60,1.06;1.57,1.21;1.60,1.39;1.41,1.43;1.27,1.40;1.18,1.37;1.07,1.38;0.87,1.40;-0.11,1.47;-0.15,0.94
1.20,1.15|0.10,-0.44;1.14,0.88;1.25,0.89;1.36,0.91;1.56,0.90;1.58,1.06;1.57,1.38;1.41,1.44;1.26,1.38;1.16,1.37;1.05,1.38;0.87,1.38;0.06,1.40;-0.15,0.90
1.20,1.15|1.59,1.33;1.45,1.42;1.29,1.38;1.19,1.39;1.08,1.42;0.91,1.43;0.36,1.48;0.51,0.43;1.09,0.89;1.20,0.88;1.31,0.91;1.51,0.85;1.57,1.01;1.56,1.16
1.33,1.21|1.14,0.89;1.28,0.90;1.57,0.90;1.63,1.03;1.67,1.17;1.61,1.29;1.61,1.43;1.47,1.46;1.35,1.39;1.27,1.41;1.17,1.42;0.95,1.43;-0.68,1.48;0.51,0.99;0.32,0.44
1.30,1.17|0.09,-0.54;1.23,0.86;1.34,0.92;1.50,0.86;1.60,0.95;1.66,1.09;1.62,1.23;1.64,1.39;1.50,1.45;1.35,1.40;1.26,1.39;1.16,1.39;0.94,1.43;0.10,1.44;-0.09,0.93;0.10,0.41
1.27,1.15|1.43,1.42;1.30,1.38;1.21,1.36;1.08,1.39;0.88,1.37;0.52,0.95;0.31,0.41;1.11,0.88;1.23,0.86;1.33,0.90;1.49,0.86;1.60,0.96;1.64,1.10;1.58,1.23;1.58,1.38
1.27,1.14|0.01,-0.33;1.18,0.86;1.29,0.91;1.41,0.88;1.59,0.87;1.62,1.03;1.60,1.16;1.62,1.32;1.50,1.40;1.36,1.39;1.26,1.37;1.14,1.40;0.94,1.43;0.35,1.44;-0.20,1.03
0.77,0.88|-1.21,0.09;0.13,0.25;0.10,-0.67;0.76,-0.24;0.85,0.68;0.93,0.72;1.07,0.75;1.39,0.87;1.36,1.11;1.18,1.27;0.93,1.23;0.78,1.28;0.63,1.24;-0.34,1.36;-0.39,0.89
0.55,0.78|1.28,1.16;0.89,1.18;0.69,1.23;0.51,1.20;0.30,1.26;-0.03,1.26;-1.60,1.45;-0.03,0.73;-1.31,-0.19;0.07,0.20;0.22,-0.27;0.64,-0.29;0.68,0.52;0.73,0.63;0.89,0.67;1.29,0.85
0.82,0.97|1.34,1.30;1.02,1.26;0.75,1.36;0.56,1.36;0.21,1.39;0.29,0.87;-0.14,0.35;-0.17,-0.47;0.57,-0.20;0.87,0.67;0.94,0.78;1.04,0.82;1.36,0.85;1.39,1.07
1.10,1.13|1.53,1.34;1.36,1.42;1.18,1.36;1.08,1.38;0.97,1.38;0.82,1.37;0.24,1.41;-1.02,0.07;0.45,0.38;1.01,0.86;1.12,0.84;1.23,0.88;1.42,0.85;1.52,0.99;1.52,1.16
1.25,1.18|-0.04,-0.28;1.15,0.88;1.27,0.93;1.39,0.90;1.57,0.90;1.60,1.06;1.58,1.20;1.62,1.36;1.48,1.44;1.32,1.39;1.24,1.39;1.13,1.43;0.95,1.44;0.36,1.49;-0.39,1.08
1.23,1.17|1.61,1.10;1.57,1.24;1.55,1.39;1.39,1.41;1.27,1.37;1.18,1.40;1.06,1.41;0.86,1.41;0.46,1.01;0.21,0.47;0.14,-0.50;1.17,0.88;1.28,0.93;1.44,0.86;1.55,0.96
1.37,1.15|0.22,-0.24;1.28,0.86;1.39,0.91;1.51,0.88;1.65,0.92;1.68,1.06;1.66,1.18;1.63,1.29;1.59,1.43;1.44,1.41;1.34,1.37;1.25,1.37;1.08,1.39;0.62,1.38
1.35,1.14|1.30,0.87;1.40,0.90;1.54,0.86;1.62,0.96;1.68,1.07;1.63,1.19;1.66,1.35;1.53,1.41;1.40,1.39;1.30,1.37;1.17,1.40;0.96,1.39;-0.60,1.51;0.52,0.97;0.31,0.43;1.17,0.87
1.34,1.13|0.76,1.43;-0.37,0.58;0.46,0.38;1.20,0.86;1.32,0.90;1.42,0.89;1.57,0.86;1.65,0.98;1.67,1.11;1.62,1.22;1.63,1.37;1.49,1.42;1.36,1.38;1.27,1.36;1.14,1.37
1.29,1.16|0.07,-0.42;1.21,0.87;1.32,0.92;1.46,0.87;1.59,0.93;1.64,1.07;1.60,1.20;1.64,1.36;1.50,1.43;1.36,1.39;1.26,1.40;1.15,1.41;0.95,1.43;0.17,1.47;-0.10,0.98
0.80,0.90|-1.10,-0.07;0.22,0.22;0.27,-0.76;0.83,0.56;0.86,0.79;0.98,0.75;1.09,0.81;1.38,0.95;1.34,1.18;1.17,1.34;0.92,1.28;0.77,1.27;0.63,1.24;0.37,1.27;-0.36,1.28;-0.38,0.81
0.57,0.81|1.23,1.03;1.11,1.29;0.78,1.24;0.60,1.26;0.41,1.27;0.18,1.25;-0.42,1.29;-0.72,0.36;-0.05,0.26;-0.19,-0.76;0.51,-0.29;0.75,0.29;0.76,0.60;0.75,0.72;1.25,0.77
0.90,1.00|1.35,1.35;1.06,1.28;0.94,1.32;0.79,1.37;0.66,1.30;0.21,1.38;0.38,0.85;0.09,0.36;-0.03,-0.68;0.77,-0.12;0.95,0.80;1.05,0.81;1.16,0.85;1.42,0.94;1.40,1.14
1.18,1.16|1.58,1.33;1.44,1.43;1.27,1.38;1.18,1.40;1.08,1.40;0.89,1.44;0.34,1.49;-1.02,0.21;0.48,0.44;1.08,0.90;1.18,0.90;1.29,0.91;1.49,0.85;1.56,1.00;1.58,1.16
1.27,1.20|1.64,1.12;1.59,1.26;1.60,1.42;1.45,1.46;1.32,1.42;1.23,1.40;1.11,1.44;0.92,1.44;-0.66,1.60;0.23,0.51;1.09,0.93;1.21,0.89;1.32,0.93;1.49,0.88;1.58,0.99
1.31,1.19|1.62,1.22;1.62,1.35;1.53,1.46;1.39,1.46;1.29,1.38;1.21,1.38;1.04,1.42;0.60,1.41;0.63,0.37;1.22,0.89;1.34,0.92;1.45,0.92;1.64,0.92;1.66,1.08
1.33,1.19|1.34,1.39;1.25,1.39;1.12,1.41;0.89,1.38;-0.34,0.55;0.50,0.41;1.19,0.88;1.32,0.90;1.43,0.92;1.60,0.90;1.65,1.04;1.66,1.18;1.63,1.30;1.58,1.42;1.46,1.47
1.34,1.18|0.35,0.43;1.17,0.90;1.30,0.90;1.40,0.95;1.56,0.89;1.63,1.01;1.68,1.14;1.63,1.26;1.64,1.42;1.50,1.46;1.37,1.40;1.28,1.41;1.16,1.41;0.94,1.42;-0.65,1.45;0.51,0.97
1.30,1.15|0.41,0.34;1.17,0.86;1.29,0.88;1.38,0.92;1.56,0.87;1.61,1.01;1.66,1.14;1.59,1.26;1.58,1.41;1.42,1.42;1.31,1.38;1.21,1.39;1.09,1.39;0.71,1.43;-0.37,0.55
1.28,1.14|0.43,0.39;1.15,0.87;1.27,0.89;1.36,0.90;1.54,0.84;1.61,0.97;1.65,1.11;1.58,1.24;1.57,1.39;1.42,1.42;1.30,1.37;1.20,1.39;1.05,1.40;0.66,1.44;-0.39,0.57
1.28,1.13|0.47,0.36;1.16,0.87;1.27,0.89;1.37,0.91;1.54,0.86;1.61,0.99;1.64,1.13;1.58,1.25;1.56,1.40;1.40,1.41;1.29,1.39;1.19,1.38;1.02,1.41;0.66,1.41;-0.37,0.50
1.28,1.14|0.47,0.34;1.17,0.87;1.28,0.87;1.37,0.92;1.56,0.85;1.61,1.00;1.66,1.13;1.59,1.26;1.57,1.41;1.40,1.42;1.29,1.37;1.19,1.38;1.04,1.38;0.65,1.41;-0.38,0.47
1.28,1.14|0.46,0.36;1.17,0.88;1.27,0.87;1.37,0.92;1.53,0.87;1.60,0.99;1.64,1.13;1.59,1.25;1.57,1.41;1.41,1.42;1.29,1.36;1.18,1.39;1.04,1.39;0.66,1.41;-0.38,0.50
1.28,1.14|0.39,0.42;1.15,0.89;1.25,0.88;1.35,0.90;1.52,0.84;1.59,0.97;1.65,1.10;1.58,1.22;1.60,1.39;1.43,1.41;1.21,1.38;1.06,1.40;0.67,1.47;-0.42,0.64
1.28,1.14|0.49,0.35;1.17,0.86;1.28,0.87;1.37,0.92;1.55,0.86;1.60,1.00;1.64,1.13;1.57,1.25;1.58,1.43;1.40,1.43;1.28,1.36;1.19,1.37;1.03,1.39;0.66,1.40;-0.36,0.46
1.28,1.14|0.44,0.39;1.15,0.87;1.27,0.88;1.36,0.91;1.52,0.86;1.60,0.98;1.63,1.11;1.59,1.24;1.58,1.40;1.42,1.42;1.30,1.37;1.20,1.38;1.04,1.41;0.65,1.44;-0.40,0.56
1.28,1.14|0.40,0.43;1.14,0.89;1.25,0.88;1.35,0.91;1.52,0.83;1.58,0.97;1.63,1.10;1.60,1.23;1.58,1.38;1.43,1.41;1.31,1.37;1.20,1.41;1.05,1.42;0.68,1.47;-0.43,0.64
1.28,1.14|1.22,0.86;1.32,0.91;1.44,0.88;1.60,0.91;1.64,1.05;1.60,1.19;1.62,1.34;1.49,1.43;1.35,1.40;1.25,1.35;1.12,1.40;0.93,1.39;0.12,1.41;-0.10,0.91;0.14,-0.45
1.28,1.14|1.15,0.87;1.27,0.89;1.35,0.93;1.53,0.86;1.61,0.98;1.66,1.11;1.58,1.24;1.58,1.40;1.42,1.42;1.30,1.40;1.20,1.37;1.05,1.40;0.69,1.43;-0.39,0.57;0.42,0.38
1.28,1.14|0.03,-0.35;1.19,0.85;1.30,0.88;1.41,0.90;1.59,0.87;1.63,1.03;1.62,1.17;1.61,1.31;1.51,1.41;1.37,1.40;1.26,1.37;1.15,1.40;0.95,1.42;0.34,1.43;-0.38,0.99
1.28,1.14|0.88,1.38;0.51,0.95;0.29,0.42;1.12,0.88;1.24,0.87;1.33,0.90;1.49,0.85;1.66,1.08;1.60,1.21;1.63,1.39;1.45,1.42;1.32,1.39;1.22,1.37;1.10,1.38
1.25,1.15|0.57,0.40;1.15,0.88;1.27,0.89;1.36,0.92;1.56,0.88;1.61,1.03;1.61,1.17;1.60,1.32;1.50,1.43;1.34,1.40;1.24,1.37;1.13,1.40;0.94,1.44;0.38,1.47
1.25,1.16|1.51,0.87;1.59,1.00;1.64,1.14;1.56,1.27;1.56,1.43;1.40,1.45;1.27,1.40;1.17,1.40;1.05,1.39;0.83,1.37;0.54,0.92;0.35,0.36;1.12,0.89;1.24,0.89;1.33,0.92
1.25,1.16|0.11,-0.16;1.16,0.87;1.27,0.89;1.37,0.92;1.58,0.88;1.62,1.03;1.60,1.18;1.60,1.33;1.49,1.44;1.33,1.39;1.24,1.38;1.13,1.40;0.93,1.43;0.36,1.45
1.25,1.16|0.05,-0.11;1.15,0.89;1.26,0.92;1.36,0.92;1.56,0.87;1.59,1.03;1.60,1.17;1.60,1.31;1.50,1.42;1.35,1.40;1.25,1.38;1.14,1.42;0.94,1.45;0.37,1.49
1.25,1.16|0.02,-0.08;1.14,0.87;1.25,0.90;1.35,0.91;1.55,0.86;1.61,1.01;1.59,1.16;1.61,1.30;1.50,1.41;1.36,1.41;1.25,1.36;1.15,1.41;0.96,1.45;0.38,1.52
1.24,1.15|1.56,0.97;1.64,1.10;1.57,1.24;1.55,1.40;1.40,1.43;1.27,1.37;1.18,1.40;1.04,1.41;0.85,1.38;0.49,0.95;0.28,0.41;1.10,0.90;1.21,0.87;1.31,0.92;1.47,0.86
1.35,1.10|1.10,1.37;0.67,1.42;-0.38,0.48;0.57,0.39;1.22,0.83;1.34,0.87;1.42,0.89;1.59,0.84;1.64,0.96;1.68,1.08;1.62,1.19;1.66,1.38;1.50,1.41;1.36,1.37;1.25,1.36
1.36,1.10|0.36,0.40;1.20,0.86;1.32,0.87;1.40,0.88;1.54,0.84;1.62,0.93;1.69,1.04;1.64,1.16;1.65,1.30;1.54,1.39;1.41,1.40;1.30,1.35;1.16,1.38;0.95,1.36;-0.64,1.44;0.54,0.91
1.35,1.10|0.63,1.38;-0.36,0.36;0.62,0.34;1.25,0.83;1.35,0.89;1.44,0.88;1.61,0.84;1.64,0.98;1.68,1.10;1.61,1.21;1.63,1.38;1.48,1.42;1.35,1.37;1.24,1.35;1.08,1.36
1.26,1.16|1.54,1.39;1.39,1.41;1.28,1.37;1.18,1.41;0.98,1.49;0.63,1.49;-0.46,0.63;0.42,0.47;1.12,0.91;1.23,0.89;1.32,0.94;1.51,0.85;1.58,0.98;1.61,1.12;1.61,1.26
1.26,1.16|1.51,1.43;1.35,1.42;1.25,1.38;1.15,1.37;0.95,1.44;0.60,1.39;-0.36,0.39;0.52,0.35;1.15,0.87;1.27,0.89;1.36,0.94;1.56,0.88;1.62,1.03;1.62,1.17;1.59,1.31
1.26,1.15|0.10,-0.59;1.21,0.88;1.31,0.90;1.44,0.88;1.57,0.94;1.63,1.08;1.57,1.21;1.62,1.39;1.45,1.44;1.31,1.39;1.22,1.38;1.11,1.38;0.91,1.39;-0.16,1.43;0.22,0.94;0.20,0.44
1.26,1.15|0.11,-0.57;1.21,0.88;1.31,0.92;1.45,0.86;1.57,0.94;1.64,1.08;1.59,1.21;1.60,1.37;1.46,1.45;1.31,1.38;1.22,1.38;1.10,1.40;0.91,1.39;-0.16,1.44;0.22,0.94;0.20,0.44
1.26,1.15|0.13,-0.59;1.21,0.87;1.31,0.93;1.45,0.88;1.58,0.94;1.63,1.08;1.59,1.22;1.61,1.39;1.45,1.43;1.31,1.39;1.21,1.39;1.10,1.39;0.90,1.39;-0.17,1.42;0.21,0.93;0.21,0.43
1.26,1.15|0.09,-0.56;1.21,0.89;1.31,0.91;1.45,0.86;1.58,0.93;1.64,1.07;1.60,1.21;1.63,1.39;1.45,1.42;1.31,1.38;1.22,1.38;1.10,1.40;0.91,1.39;-0.15,1.45;0.20,0.95;0.19,0.46
1.26,1.15|0.06,-0.55;1.20,0.88;1.30,0.92;1.44,0.86;1.57,0.93;1.64,1.06;1.60,1.21;1.64,1.39;1.46,1.43;1.32,1.38;1.22,1.38;1.12,1.38;0.91,1.40;-0.14,1.47;0.23,0.97;0.20,0.48
1.26,1.15|0.11,-0.59;1.20,0.85;1.31,0.93;1.45,0.87;1.58,0.94;1.65,1.07;1.59,1.22;1.62,1.39;1.45,1.43;1.31,1.37;1.22,1.39;1.09,1.40;0.89,1.40;-0.15,1.43;0.22,0.94;0.21,0.44
1.26,1.14|0.11,-0.60;1.21,0.87;1.30,0.92;1.45,0.86;1.59,0.92;1.63,1.07;1.59,1.21;1.61,1.38;1.46,1.45;1.30,1.38;1.21,1.37;1.08,1.40;0.90,1.37;-0.14,1.41;0.20,0.92;0.16,0.39
1.26,1.14|0.05,-0.57;1.19,0.87;1.30,0.90;1.41,0.89;1.62,1.06;1.61,1.20;1.62,1.37;1.46,1.43;1.31,1.39;1.22,1.38;1.09,1.40;0.90,1.39;-0.13,1.46;0.19,0.96;0.13,0.43
1.26,1.14|0.14,-0.60;1.20,0.85;1.31,0.90;1.44,0.88;1.59,0.93;1.63,1.07;1.59,1.21;1.60,1.38;1.45,1.44;1.30,1.39;1.21,1.37;1.08,1.39;0.88,1.38;-0.15,1.40;0.22,0.92;0.16,0.38
1.25,1.14|1.37,0.91;1.58,0.87;1.62,1.03;1.60,1.17;1.61,1.33;1.50,1.44;1.32,1.38;1.23,1.37;1.12,1.39;0.93,1.40;0.31,1.42;-0.16,1.00;0.01,-0.37;1.17,0.87;1.28,0.87
1.25,1.13|1.12,0.88;1.23,0.87;1.32,0.91;1.49,0.85;1.59,0.96;1.62,1.10;1.56,1.23;1.55,1.39;1.40,1.43;1.18,1.37;1.03,1.40;0.69,1.42;-0.45,0.59;0.35,0.36
1.24,1.13|1.12,1.39;0.93,1.42;0.37,1.45;0.55,0.38;1.15,0.88;1.25,0.87;1.35,0.90;1.54,0.86;1.59,1.00;1.61,1.15;1.58,1.29;1.51,1.42;1.34,1.39;1.23,1.38
1.25,1.13|0.35,0.37;1.12,0.87;1.23,0.85;1.33,0.89;1.48,0.86;1.59,0.95;1.63,1.10;1.57,1.23;1.55,1.39;1.40,1.41;1.27,1.38;1.17,1.39;1.01,1.41;0.68,1.42;-0.44,0.59
1.25,1.13|0.33,0.39;1.11,0.88;1.22,0.86;1.32,0.89;1.48,0.84;1.59,0.94;1.63,1.09;1.58,1.23;1.56,1.38;1.41,1.42;1.28,1.37;1.18,1.37;1.03,1.41;0.69,1.44;-0.45,0.63
1.25,1.13|0.38,0.34;1.12,0.86;1.24,0.86;1.32,0.93;1.50,0.85;1.58,0.98;1.61,1.11;1.56,1.24;1.56,1.41;1.39,1.43;1.26,1.38;1.16,1.40;1.02,1.39;0.69,1.40;-0.41,0.54
1.23,1.11|0.37,0.30;1.12,0.87;1.22,0.86;1.32,0.89;1.46,0.87;1.57,0.96;1.62,1.10;1.57,1.24;1.54,1.41;1.37,1.42;1.24,1.37;1.14,1.36;0.95,1.41;0.66,1.37;-0.40,0.50
1.23,1.11|0.31,0.39;1.10,0.87;1.20,0.85;1.30,0.87;1.44,0.85;1.58,0.91;1.62,1.07;1.58,1.21;1.57,1.38;1.40,1.42;1.26,1.34;1.16,1.39;0.96,1.46;0.68,1.43;-0.46,0.65
1.23,1.11|0.33,0.35;1.10,0.85;1.21,0.86;1.30,0.90;1.44,0.86;1.57,0.94;1.65,1.08;1.56,1.22;1.55,1.39;1.38,1.41;1.25,1.34;1.15,1.36;0.95,1.44;0.66,1.41;-0.44,0.58
1.23,1.11|0.32,0.36;1.10,0.86;1.21,0.87;1.30,0.89;1.46,0.84;1.56,0.94;1.61,1.08;1.57,1.22;1.56,1.38;1.40,1.42;1.16,1.36;0.95,1.45;0.67,1.41;-0.45,0.60
1.23,1.11|0.34,0.35;1.11,0.87;1.21,0.85;1.31,0.89;1.46,0.85;1.58,0.94;1.62,1.09;1.58,1.23;1.54,1.38;1.38,1.42;1.25,1.36;1.15,1.37;0.97,1.42;0.67,1.40;-0.43,0.57
1.23,1.11|0.26,0.47;1.08,0.88;1.18,0.84;1.27,0.90;1.42,0.83;1.60,1.04;1.58,1.18;1.60,1.36;1.41,1.38;1.28,1.34;1.18,1.39;1.00,1.47;0.69,1.47;-0.50,0.77
1.23,1.11|0.34,0.36;1.10,0.86;1.21,0.86;1.30,0.89;1.45,0.86;1.56,0.95;1.62,1.08;1.56,1.22;1.55,1.39;1.38,1.41;1.25,1.37;1.15,1.37;0.97,1.43;0.66,1.41;-0.44,0.58
1.23,1.11|0.37,0.33;1.12,0.88;1.22,0.85;1.31,0.90;1.46,0.87;1.56,0.96;1.63,1.10;1.58,1.24;1.55,1.41;1.38,1.44;1.24,1.37;1.14,1.38;0.96,1.41;0.66,1.38;-0.42,0.52
1.23,1.11|0.33,0.42;1.09,0.88;1.20,0.85;1.29,0.89;1.43,0.85;1.55,0.93;1.63,1.06;1.58,1.21;1.57,1.37;1.39,1.39;1.26,1.35;1.16,1.38;0.98,1.44;0.69,1.43;-0.47,0.66
1.23,1.12|0.31,0.38;1.10,0.88;1.20,0.85;1.30,0.87;1.45,0.84;1.56,0.93;1.62,1.07;1.57,1.21;1.57,1.38;1.39,1.40;1.26,1.36;1.16,1.39;0.98,1.44;0.68,1.43;-0.46,0.64
1.23,1.11|1.10,0.86;1.21,0.85;1.30,0.89;1.45,0.86;1.56,0.95;1.63,1.08;1.57,1.22;1.55,1.38;1.39,1.41;1.25,1.36;1.15,1.38;0.98,1.42;0.67,1.41;-0.44,0.58
1.23,1.11|0.29,0.40;1.09,0.87;1.20,0.86;1.29,0.88;1.44,0.84;1.56,0.92;1.63,1.06;1.58,1.21;1.58,1.38;1.40,1.41;1.26,1.35;1.16,1.38;0.98,1.45;0.68,1.43;-0.47,0.67
1.23,1.11|0.33,0.34;1.11,0.88;1.21,0.83;1.31,0.88;1.46,0.86;1.57,0.94;1.64,1.09;1.56,1.22;1.56,1.40;1.39,1.42;1.25,1.36;1.15,1.36;0.96,1.43;0.66,1.40;-0.44,0.56
1.23,1.11|0.34,0.36;1.10,0.86;1.21,0.86;1.30,0.89;1.45,0.86;1.57,0.94;1.62,1.08;1.57,1.22;1.57,1.40;1.38,1.41;1.25,1.36;1.15,1.37;0.96,1.43;0.66,1.41;-0.45,0.57
1.23,1.11|0.33,0.34;1.10,0.86;1.21,0.86;1.45,0.86;1.57,0.94;1.61,1.09;1.56,1.22;1.55,1.39;1.38,1.41;1.25,1.36;1.15,1.37;0.96,1.43;0.66,1.40;-0.44,0.57
1.23,1.12|1.36,0.90;1.58,0.87;1.61,1.03;1.58,1.18;1.62,1.36;1.46,1.43;1.29,1.35;1.20,1.35;1.07,1.40;0.88,1.38;-0.13,1.46;-0.10,0.92;0.06,0.41;0.08,-0.45;1.16,0.83;1.27,0.89
1.22,1.12|1.50,1.41;1.32,1.38;1.22,1.36;1.11,1.38;0.91,1.43;0.38,1.45;-0.96,0.17;0.51,0.38;1.12,0.87;1.23,0.84;1.32,0.91;1.52,0.83;1.58,0.98;1.60,1.13;1.60,1.29
1.23,1.12|1.58,0.89;1.62,1.05;1.56,1.19;1.61,1.38;1.43,1.42;1.28,1.35;1.18,1.36;1.07,1.36;0.85,1.37;-0.15,1.39;0.18,0.90;0.11,0.36;0.11,-0.59;1.18,0.85;1.28,0.90;1.38,0.90
1.23,1.12|1.13,0.87;1.23,0.88;1.32,0.91;1.50,0.84;1.58,0.97;1.62,1.11;1.58,1.26;1.53,1.41;1.35,1.40;1.23,1.35;1.12,1.38;0.94,1.42;0.52,1.42;-0.91,0.24;0.50,0.40
1.23,1.12|-0.05,-0.33;1.14,0.86;1.25,0.87;1.34,0.89;1.54,0.85;1.60,0.99;1.59,1.14;1.61,1.30;1.48,1.40;1.31,1.35;1.22,1.35;1.10,1.39;0.91,1.40;0.12,1.50;-0.16,1.03
1.23,1.12|-0.06,-0.33;1.14,0.86;1.25,0.86;1.34,0.89;1.53,0.85;1.59,0.99;1.58,1.13;1.60,1.29;1.48,1.40;1.32,1.37;1.22,1.36;1.10,1.39;0.90,1.41;0.11,1.51;-0.14,1.04
1.22,1.12|1.04,1.36;0.85,1.34;-0.71,1.38;0.46,0.92;0.25,0.38;0.19,-0.65;1.19,0.85;1.28,0.89;1.40,0.89;1.57,0.91;1.61,1.06;1.56,1.20;1.59,1.39;1.42,1.44;1.26,1.36;1.16,1.38
1.23,1.12|1.49,1.41;1.32,1.37;1.22,1.36;1.10,1.40;0.90,1.42;0.37,1.44;-0.94,0.12;0.54,0.38;1.13,0.87;1.24,0.87;1.32,0.92;1.52,0.85;1.57,0.99;1.59,1.14;1.58,1.29
1.23,1.12|0.06,-0.62;1.18,0.85;1.28,0.89;1.39,0.89;1.57,0.89;1.61,1.04;1.57,1.18;1.60,1.36;1.44,1.43;1.29,1.38;1.18,1.36;1.06,1.38;0.86,1.36;-0.18,1.40;0.20,0.91;0.15,0.39
1.23,1.12|1.58,0.99;1.60,1.14;1.61,1.30;1.50,1.41;1.32,1.36;1.22,1.36;1.11,1.39;0.90,1.43;0.33,1.45;-0.42,1.06;0.04,-0.17;1.14,0.88;1.24,0.86;1.34,0.89;1.53,0.84
1.35,1.08|1.14,1.35;0.91,1.33;-0.41,0.60;0.39,0.34;1.21,0.84;1.32,0.86;1.41,0.88;1.56,0.82;1.63,0.92;1.69,1.04;1.63,1.16;1.67,1.33;1.53,1.40;1.39,1.38;1.28,1.34
1.35,1.08|0.95,1.36;-0.07,1.40;0.23,0.89;0.21,0.36;1.18,0.84;1.30,0.83;1.39,0.88;1.49,0.86;1.62,0.89;1.68,1.01;1.66,1.14;1.62,1.25;1.58,1.40;1.42,1.39;1.31,1.34;1.18,1.35
1.26,1.15|0.03,-0.35;1.18,0.87;1.29,0.91;1.40,0.89;1.59,0.88;1.63,1.04;1.60,1.18;1.62,1.34;1.49,1.43;1.34,1.39;1.24,1.37;1.13,1.41;0.92,1.43;0.34,1.43;-0.38,0.99
1.26,1.15|1.08,1.40;0.86,1.39;0.51,0.97;0.29,0.45;1.09,0.88;1.21,0.85;1.32,0.91;1.47,0.85;1.58,0.95;1.62,1.09;1.60,1.23;1.59,1.39;1.43,1.43;1.29,1.36;1.20,1.38
1.26,1.15|0.91,1.41;-0.11,1.52;0.19,1.01;0.08,0.47;-0.01,-0.51;1.18,0.87;1.29,0.89;1.41,0.89;1.57,0.91;1.63,1.05;1.61,1.20;1.47,1.43;1.32,1.38;1.23,1.37;1.12,1.39
1.26,1.15|0.43,0.38;1.14,0.88;1.25,0.88;1.35,0.92;1.52,0.88;1.59,1.00;1.63,1.14;1.61,1.28;1.55,1.41;1.39,1.43;1.27,1.39;1.18,1.39;0.98,1.46;0.64,1.44;-0.39,0.54
1.26,1.15|0.44,0.39;1.14,0.88;1.25,0.88;1.35,0.93;1.54,0.85;1.61,0.99;1.62,1.13;1.59,1.27;1.55,1.42;1.40,1.43;1.27,1.37;1.18,1.39;0.99,1.45;0.65,1.44;-0.40,0.54
1.26,1.15|0.41,0.40;1.14,0.90;1.25,0.88;1.35,0.91;1.53,0.85;1.60,0.99;1.64,1.13;1.58,1.43;1.39,1.41;1.28,1.38;1.18,1.40;1.00,1.45;0.65,1.45
1.27,1.15|0.45,0.35;1.15,0.87;1.26,0.88;1.35,0.94;1.54,0.87;1.61,1.00;1.58,1.28;1.55,1.43;1.38,1.42;1.27,1.36;1.17,1.38;0.98,1.45;0.65,1.41;-0.36,0.50
1.26,1.14|0.42,0.35;1.14,0.87;1.25,0.87;1.34,0.93;1.51,0.88;1.59,0.99;1.64,1.13;1.58,1.26;1.54,1.41;1.38,1.42;1.26,1.38;1.16,1.39;0.97,1.44;0.64,1.42;-0.39,0.51
1.26,1.14|0.41,0.35;1.14,0.88;1.25,0.86;1.34,0.92;1.51,0.87;1.60,0.99;1.64,1.13;1.59,1.27;1.54,1.41;1.38,1.42;1.26,1.37;1.17,1.37;0.97,1.45;0.63,1.42;-0.39,0.52
1.26,1.14|0.43,0.32;1.15,0.88;1.25,0.87;1.34,0.94;1.54,0.86;1.61,1.00;1.66,1.14;1.58,1.27;1.53,1.42;1.37,1.43;1.26,1.36;1.16,1.38;0.96,1.44;0.63,1.40;-0.37,0.47
1.26,1.14|0.37,0.40;1.12,0.89;1.23,0.88;1.32,0.93;1.50,0.85;1.58,0.97;1.63,1.11;1.59,1.25;1.57,1.40;1.40,1.42;1.28,1.36;1.18,1.40;0.99,1.45;0.65,1.46;-0.43,0.61
1.26,1.14|0.37,0.41;1.12,0.88;1.23,0.87;1.32,0.93;1.50,0.85;1.58,0.97;1.64,1.11;1.58,1.24;1.56,1.39;1.40,1.41;1.28,1.37;1.18,1.39;1.00,1.46;0.68,1.45;-0.42,0.63
1.26,1.14|0.40,0.38;1.13,0.87;1.24,0.88;1.33,0.93;1.50,0.87;1.58,0.98;1.62,1.12;1.56,1.25;1.55,1.40;1.39,1.41;1.27,1.37;1.17,1.39;0.98,1.45;0.64,1.44;-0.41,0.56
1.25,1.13|0.38,0.35;1.12,0.87;1.23,0.87;1.32,0.92;1.50,0.86;1.58,0.98;1.62,1.12;1.57,1.25;1.57,1.43;1.38,1.42;1.26,1.36;1.15,1.40;0.96,1.45;0.64,1.42;-0.41,0.54
1.24,1.14|1.57,0.93;1.63,1.07;1.57,1.21;1.61,1.39;1.43,1.42;1.29,1.38;1.19,1.38;0.88,1.37;-0.68,1.50;0.46,0.97;0.25,0.46;0.13,-0.58;1.19,0.86;1.29,0.93;1.42,0.88
1.26,1.13|1.12,0.87;1.23,0.87;1.32,0.91;1.49,0.86;1.57,0.97;1.65,1.09;1.57,1.23;1.57,1.40;1.41,1.43;1.28,1.37;1.17,1.39;1.04,1.39;0.69,1.42;0.57,0.91;0.35,0.36
1.26,1.13|0.52,0.42;1.15,0.88;1.25,0.86;1.35,0.90;1.51,0.86;1.60,0.97;1.61,1.12;1.59,1.26;1.54,1.40;1.37,1.38;1.26,1.34;1.15,1.41;0.96,1.43;0.58,1.42;-0.91,0.28
1.26,1.13|0.54,0.38;1.16,0.88;1.26,0.87;1.35,0.91;1.52,0.87;1.60,0.99;1.63,1.13;1.59,1.27;1.53,1.41;1.36,1.40;1.25,1.36;1.14,1.38;0.93,1.44;0.57,1.40;-0.88,0.19
1.25,1.12|0.89,1.38;-0.64,1.54;0.47,0.98;0.21,0.46;0.08,-0.56;1.19,0.86;1.29,0.90;1.41,0.87;1.58,0.90;1.61,1.05;1.59,1.19;1.60,1.35;1.46,1.43;1.30,1.36;1.20,1.38;1.08,1.39
0.95,1.23|-1.10,1.51;0.06,1.00;-0.08,0.45;-0.10,-0.55;0.77,-0.01;1.02,0.93;1.15,0.96;1.42,0.95;1.49,1.15;1.45,1.36;1.28,1.48;1.05,1.41;0.98,1.45;0.89,1.43;0.77,1.46;0.53,1.47
0.56,1.23|-0.82,0.98;0.17,0.97;-0.00,0.41;0.16,-0.59;0.75,0.93;0.94,0.96;1.25,1.08;1.24,1.35;0.88,1.43;0.71,1.43;0.63,1.50;0.53,1.43;0.40,1.48;0.25,1.44;-0.46,1.45
0.47,1.22|1.16,0.90;1.20,1.19;1.11,1.45;0.70,1.43;0.59,1.48;0.48,1.41;0.25,1.46;-0.08,1.48;-0.16,0.99;0.19,0.97;0.11,0.46;0.41,-0.11;0.64,0.73;0.74,0.92
0.66,1.04|1.32,1.10;1.24,1.34;0.89,1.31;0.76,1.34;0.47,1.39;-0.88,1.50;-0.42,0.93;-1.23,0.03;0.08,0.32;0.31,-0.14;0.76,0.05;0.81,0.76;0.93,0.82;1.28,0.85
1.04,1.13|1.50,1.26;1.38,1.39;1.17,1.36;1.08,1.38;0.97,1.39;0.82,1.42;0.49,1.45;0.41,0.96;0.16,0.45;0.10,-0.50;1.01,0.86;1.12,0.86;1.22,0.91;1.46,0.89;1.53,1.07
1.31,1.21|1.36,1.43;1.27,1.42;1.18,1.40;0.96,1.45;0.37,1.41;-0.33,0.91;0.17,-0.43;1.24,0.90;1.36,0.94;1.50,0.91;1.62,0.99;1.67,1.13;1.60,1.26;1.62,1.41;1.49,1.47
1.32,1.20|0.61,0.39;1.21,0.89;1.34,0.94;1.46,0.91;1.63,0.93;1.67,1.09;1.63,1.23;1.61,1.35;1.54,1.46;1.40,1.46;1.30,1.39;1.21,1.41;1.08,1.41;0.67,1.42;-0.82,0.14
1.28,1.16|0.03,-0.34;1.19,0.88;1.30,0.90;1.42,0.89;1.59,0.91;1.64,1.05;1.61,1.19;1.63,1.34;1.50,1.43;1.35,1.40;1.26,1.37;1.15,1.41;0.93,1.45;0.36,1.45;-0.17,1.03
1.28,1.16|-0.03,-0.30;1.18,0.88;1.29,0.91;1.41,0.89;1.58,0.89;1.62,1.04;1.62,1.18;1.64,1.34;1.51,1.42;1.37,1.41;1.27,1.38;1.16,1.41;0.35,1.49;-0.19,1.08
1.28,1.16|0.09,-0.40;1.20,0.86;1.31,0.92;1.43,0.90;1.61,0.91;1.66,1.06;1.60,1.21;1.61,1.36;1.49,1.44;1.25,1.38;1.14,1.40;0.93,1.43;0.33,1.41;-0.20,0.96
1.26,1.14|0.18,-0.26;1.19,0.86;1.30,0.89;1.40,0.90;1.60,0.89;1.62,1.05;1.60,1.19;1.60,1.34;1.49,1.43;1.23,1.36;1.11,1.40;0.91,1.42;0.35,1.39;-0.44,0.92
1.26,1.14|0.16,-0.24;1.19,0.87;1.29,0.90;1.39,0.91;1.58,0.89;1.63,1.04;1.60,1.18;1.61,1.33;1.49,1.43;1.34,1.40;1.24,1.36;1.12,1.40;0.91,1.42;0.34,1.41;-0.44,0.95
1.26,1.14|1.18,0.87;1.29,0.89;1.40,0.90;1.60,0.87;1.62,1.04;1.60,1.18;1.61,1.33;1.49,1.43;1.34,1.39;1.24,1.36;1.12,1.40;0.92,1.42;0.34,1.41;-0.45,0.96
1.26,1.14|0.08,-0.16;1.17,0.88;1.28,0.88;1.38,0.90;1.57,0.87;1.60,1.02;1.62,1.16;1.62,1.31;1.51,1.42;1.36,1.40;1.25,1.36;1.13,1.42;0.93,1.45;0.38,1.46;-0.49,1.06
1.26,1.14|0.10,-0.21;1.17,0.88;1.28,0.92;1.39,0.90;1.57,0.87;1.63,1.02;1.61,1.17;1.60,1.31;1.51,1.43;1.34,1.39;1.25,1.37;1.13,1.41;0.94,1.42;0.37,1.44;-0.46,1.01
1.26,1.14|0.09,-0.21;1.17,0.86;1.28,0.91;1.38,0.90;1.58,0.87;1.61,1.03;1.59,1.17;1.60,1.31;1.51,1.43;1.34,1.38;1.25,1.36;1.14,1.39;0.92,1.44;0.36,1.44;-0.46,1.02
1.26,1.14|0.17,-0.27;1.18,0.85;1.29,0.90;1.40,0.91;1.61,0.88;1.61,1.05;1.60,1.19;1.62,1.35;1.50,1.45;1.33,1.39;1.24,1.36;1.12,1.40;0.93,1.40;0.35,1.39;-0.44,0.92
1.26,1.14|0.04,-0.12;1.15,0.86;1.26,0.87;1.36,0.90;1.55,0.85;1.62,0.99;1.60,1.14;1.62,1.29;1.52,1.41;1.35,1.38;1.25,1.35;1.14,1.40;0.94,1.45;0.37,1.49;-0.50,1.11
1.25,1.13|0.18,-0.24;1.17,0.86;1.28,0.89;1.38,0.89;1.57,0.87;1.61,1.02;1.61,1.17;1.61,1.33;1.48,1.42;1.32,1.39;1.22,1.37;1.10,1.39;0.91,1.39;0.35,1.38;-0.47,0.92
1.25,1.13|0.15,-0.27;1.17,0.85;1.28,0.86;1.37,0.91;1.57,0.88;1.62,1.02;1.60,1.17;1.58,1.32;1.49,1.43;1.33,1.41;1.22,1.35;1.10,1.38;0.90,1.40;0.32,1.38;-0.45,0.92
1.25,1.13|0.15,-0.24;1.17,0.87;1.27,0.89;1.36,0.92;1.56,0.87;1.62,1.02;1.61,1.17;1.58,1.31;1.49,1.42;1.33,1.39;1.22,1.34;1.12,1.37;0.90,1.41;0.35,1.39;-0.48,0.94
1.24,1.13|0.98,1.43;0.67,1.41;-0.42,0.57;0.36,0.36;1.12,0.87;1.22,0.84;1.31,0.91;1.47,0.86;1.58,0.96;1.62,1.10;1.57,1.24;1.56,1.40;1.38,1.40;1.26,1.36;1.16,1.37
1.25,1.13|0.06,0.45;-0.00,-0.49;1.18,0.86;1.28,0.90;1.39,0.88;1.56,0.88;1.61,1.03;1.61,1.17;1.62,1.34;1.47,1.42;1.31,1.37;1.22,1.36;1.10,1.39;0.92,1.38;-0.11,1.49;0.05,0.97
0.78,0.85|-1.16,-0.08;0.25,0.26;0.41,-0.22;0.80,0.53;0.86,0.69;0.93,0.72;1.07,0.75;1.40,0.88;1.35,1.12;1.16,1.27;0.93,1.26;0.76,1.31;0.58,1.28;0.30,1.29;-0.80,1.41;0.25,0.82
0.53,0.73|1.23,0.96;1.07,1.20;0.76,1.18;0.56,1.18;0.36,1.24;0.06,1.28;-0.67,1.34;0.14,0.76;-0.82,0.29;-0.08,0.21;-0.22,-0.75;0.45,-0.31;0.69,0.24;0.71,0.52;0.74,0.63;1.21,0.68
