08:27:55 {"d0": "0", "d3": "tick=1116722 goal=0 here=0 tx=4491:lost", "d5": "0"}
08:27:57 {"d0": "0", "d3": "tick=1116922 goal=0 here=0 tx=4494:busy", "d5": "0"}
08:27:59 {"d0": "0", "d3": "tick=1117122 goal=0 here=0 tx=4497:lost", "d5": "0"}
08:28:01 {"d0": "0", "d3": "tick=1117322 goal=0 here=0 tx=4500:busy", "d5": "0"}
08:28:03 {"d0": "0", "d3": "tick=1117522 goal=0 here=0 tx=4502:busy", "d5": "0"}
08:28:05 {"d0": "0", "d3": "tick=1117722 goal=0 here=0 tx=4505:lost", "d5": "0"}
08:28:07 {"d0": "0", "d3": "tick=1117922 goal=0 here=0 tx=4508:busy", "d5": "0"}
08:28:09 {"d0": "0", "d3": "tick=1118122 goal=0 here=0 tx=4511:lost", "d5": "0"}
08:28:11 {"d0": "0", "d3": "tick=1118322 goal=0 here=0 tx=4514:busy", "d5": "0"}
08:28:13 {"d0": "0", "d3": "tick=1118522 goal=0 here=0 tx=4517:lost", "d5": "0"}
08:28:15 {"d0": "0", "d3": "tick=1118722 goal=0 here=0 tx=4520:busy", "d5": "0"}
08:28:17 {"d0": "0", "d3": "tick=1118925 goal=0 here=0 tx=4522:busy", "d5": "0"}
08:28:19 {"d0": "0", "d3": "tick=1119127 goal=0 here=0 tx=4525:lost", "d5": "0"}
08:28:21 {"d0": "0", "d3": "tick=1119327 goal=0 here=0 tx=4528:busy", "d5": "0"}
08:28:23 {"d0": "0", "d3": "tick=1119527 goal=0 here=0 tx=4531:lost", "d5": "0"}
08:28:25 {"d0": "0", "d3": "tick=1119727 goal=0 here=0 tx=4534:busy", "d5": "0"}
08:28:27 {"d0": "0", "d3": "", "d5": "0"}
08:28:29 {"d0": "0", "d3": "tick=1120128 goal=0 here=0 tx=4540:busy", "d5": "0"}
08:28:31 {"d0": "0", "d3": "tick=1120328 goal=0 here=0 tx=4542:busy", "d5": "0"}
08:28:33 {"d0": "0", "d3": "tick=1120528 goal=0 here=0 tx=4545:lost", "d5": "0"}
08:28:35 {"d0": "0", "d3": "tick=1120728 goal=0 here=0 tx=4548:busy", "d5": "0"}
08:28:37 {"d0": "0", "d3": "tick=1120928 goal=0 here=0 tx=4551:lost", "d5": "0"}
08:28:39 {"d0": "0", "d3": "tick=1121128 goal=0 here=0 tx=4554:busy", "d5": "0"}
08:28:41 {"d0": "0", "d3": "tick=1121328 goal=0 here=0 tx=4557:lost", "d5": "0"}
08:28:43 {"d0": "0", "d3": "tick=1121528 goal=0 here=0 tx=4560:busy", "d5": "0"}
08:28:45 {"d0": "0", "d3": "tick=1121728 goal=0 here=0 tx=4562:busy", "d5": "0"}
08:28:47 {"d0": "0", "d3": "tick=1121928 goal=0 here=0 tx=4565:lost", "d5": "0"}
08:28:49 {"d0": "0", "d3": "tick=1122128 goal=0 here=0 tx=4568:busy", "d5": "0"}
08:28:51 {"d0": "0", "d3": "tick=1122328 goal=0 here=0 tx=4571:lost", "d5": "0"}
08:28:53 {"d0": "0", "d3": "tick=1122528 goal=0 here=0 tx=4574:busy", "d5": "0"}
08:28:55 {"d0": "0", "d3": "tick=1122728 goal=0 here=0 tx=4577:lost", "d5": "0"}
08:28:57 {"d0": "0", "d3": "tick=1122928 goal=0 here=0 tx=4580:busy", "d5": "0"}
08:28:59 {"d0": "0", "d3": "", "d5": "0"}
08:29:01 {"d0": "0", "d3": "tick=1123329 goal=0 here=0 tx=4584:busy", "d5": "0"}
08:29:03 {"d0": "0", "d3": "tick=1123529 goal=0 here=0 tx=4587:lost", "d5": "0"}
08:29:05 {"d0": "0", "d3": "tick=1123729 goal=0 here=0 tx=4590:busy", "d5": "0"}
08:29:07 {"d0": "0", "d3": "tick=1123929 goal=0 here=0 tx=4593:lost", "d5": "1"}
08:29:09 {"d0": "0", "d3": "tick=1124129 goal=0 here=0 tx=4595:lost", "d5": "1"}
08:29:11 {"d0": "0", "d3": "tick=1124329 goal=0 here=0 tx=4598:busy", "d5": "1"}
08:29:13 {"d0": "0", "d3": "tick=1124529 goal=0 here=0 tx=4601:lost", "d5": "1"}
08:29:15 {"d0": "0", "d3": "tick=1124730 goal=0 here=0 tx=4604:busy", "d5": "1"}
08:29:17 {"d0": "0", "d3": "tick=1124930 goal=0 here=0 tx=4607:lost", "d5": "1"}
08:29:19 {"d0": "0", "d3": "tick=1125130 goal=0 here=0 tx=4610:busy", "d5": "1"}
08:29:21 {"d0": "0", "d3": "tick=1125330 goal=0 here=0 tx=4613:lost", "d5": "0"}
08:29:23 {"d0": "0", "d3": "tick=1125530 goal=0 here=0 tx=4615:lost", "d5": "0"}
08:29:25 {"d0": "0", "d3": "tick=1125730 goal=0 here=0 tx=4618:busy", "d5": "0"}
08:29:27 {"d0": "0", "d3": "tick=1125930 goal=0 here=0 tx=4621:lost", "d5": "0"}
08:29:29 {"d0": "0", "d3": "tick=1126128 goal=0 here=0 tx=4624:busy", "d5": "1"}
08:29:31 {"d0": "0", "d3": "tick=1126333 goal=0 here=0 tx=4627:lost", "d5": "0"}
08:29:33 {"d0": "0", "d3": "tick=1126533 goal=0 here=0 tx=4630:busy", "d5": "1"}
08:29:35 {"d0": "0", "d3": "tick=1126734 goal=0 here=0 tx=4633:lost", "d5": "1"}
08:29:37 {"d0": "0", "d3": "tick=1126934 goal=0 here=0 tx=4635:lost", "d5": "1"}
08:29:39 {"d0": "0", "d3": "tick=1127134 goal=0 here=0 tx=4638:busy", "d5": "1"}
08:29:41 {"d0": "0", "d3": "tick=1127334 goal=0 here=0 tx=4641:lost", "d5": "1"}
08:29:43 {"d0": "0", "d3": "tick=1127534 goal=0 here=0 tx=4644:busy", "d5": "1"}
08:29:45 {"d0": "0", "d3": "tick=1127734 goal=0 here=0 tx=4647:lost", "d5": "0"}
08:29:47 {"d0": "0", "d3": "tick=1127934 goal=0 here=0 tx=4650:busy", "d5": "0"}
08:29:49 {"d0": "0", "d3": "tick=1128134 goal=0 here=0 tx=4653:lost", "d5": "0"}
08:29:51 {"d0": "0", "d3": "tick=1128334 goal=0 here=0 tx=4655:lost", "d5": "1"}
08:29:53 {"d0": "0", "d3": "tick=1128534 goal=0 here=0 tx=4658:busy", "d5": "0"}
08:29:55 {"d0": "0", "d3": "tick=1128735 goal=0 here=0 tx=4661:lost", "d5": "1"}
08:29:57 {"d0": "0", "d3": "tick=1128935 goal=0 here=0 tx=4664:busy", "d5": "1"}
08:29:59 {"d0": "0", "d3": "tick=1129135 goal=0 here=0 tx=4667:lost", "d5": "1"}
08:30:01 {"d0": "0", "d3": "tick=1129335 goal=0 here=0 tx=4670:busy", "d5": "1"}
08:30:03 {"d0": "0", "d3": "tick=1129535 goal=0 here=0 tx=4673:lost", "d5": "1"}
08:30:05 {"d0": "0", "d3": "tick=1129736 goal=0 here=0 tx=4675:lost", "d5": "1"}
08:30:07 {"d0": "0", "d3": "tick=1129936 goal=0 here=0 tx=4678:busy", "d5": "0"}
08:30:09 {"d0": "0", "d3": "tick=1130136 goal=0 here=0 tx=4681:lost", "d5": "0"}
08:30:11 {"d0": "0", "d3": "tick=1130336 goal=0 here=0 tx=4684:busy", "d5": "0"}
08:30:13 {"d0": "0", "d3": "tick=1130536 goal=0 here=0 tx=4687:lost", "d5": "0"}
08:30:15 {"d0": "0", "d3": "tick=1130736 goal=0 here=0 tx=4690:busy", "d5": "1"}
08:30:17 {"d0": "0", "d3": "tick=1130936 goal=0 here=0 tx=4693:lost", "d5": "0"}
08:30:19 {"d0": "0", "d3": "tick=1131136 goal=0 here=0 tx=4695:lost", "d5": "1"}
08:30:21 {"d0": "0", "d3": "tick=1131336 goal=0 here=0 tx=4698:busy", "d5": "1"}
08:30:23 {"d0": "0", "d3": "tick=1131536 goal=0 here=0 tx=4701:lost", "d5": "1"}
08:30:25 {"d0": "0", "d3": "tick=1131737 goal=0 here=0 tx=4704:busy", "d5": "1"}
08:30:27 {"d0": "0", "d3": "tick=1131937 goal=0 here=0 tx=4707:lost", "d5": "1"}
08:30:29 {"d0": "0", "d3": "tick=1132137 goal=0 here=0 tx=4710:busy", "d5": "1"}
08:30:31 {"d0": "0", "d3": "tick=1132337 goal=0 here=0 tx=4713:lost", "d5": "0"}
08:30:33 {"d0": "0", "d3": "tick=1132537 goal=0 here=0 tx=4715:lost", "d5": "0"}
08:30:35 {"d0": "0", "d3": "tick=1132737 goal=0 here=0 tx=4718:busy", "d5": "0"}
08:30:37 {"d0": "0", "d3": "tick=1132937 goal=0 here=0 tx=4721:lost", "d5": "0"}
08:30:39 {"d0": "0", "d3": "tick=1133137 goal=0 here=0 tx=4724:busy", "d5": "1"}
08:30:41 {"d0": "0", "d3": "tick=1133337 goal=0 here=0 tx=4727:lost", "d5": "1"}
08:30:43 {"d0": "0", "d3": "tick=1133537 goal=0 here=0 tx=4730:busy", "d5": "1"}
08:30:45 {"d0": "0", "d3": "tick=1133738 goal=0 here=0 tx=4732:busy", "d5": "1"}
08:30:47 {"d0": "0", "d3": "tick=1133938 goal=0 here=0 tx=4734:busy", "d5": "0"}
08:30:49 {"d0": "0", "d3": "tick=1134138 goal=0 here=0 tx=4737:lost", "d5": "0"}
08:30:51 {"d0": "0", "d3": "tick=1134338 goal=0 here=0 tx=4740:busy", "d5": "0"}
08:30:53 {"d0": "0", "d3": "tick=1134538 goal=0 here=0 tx=4743:lost", "d5": "1"}
08:30:55 {"d0": "0", "d3": "tick=1134738 goal=0 here=0 tx=4746:busy", "d5": "1"}
08:30:57 {"d0": "0", "d3": "tick=1134939 goal=0 here=0 tx=4749:lost", "d5": "1"}
08:30:59 {"d0": "0", "d3": "tick=1135139 goal=0 here=0 tx=4751:lost", "d5": "1"}
08:31:01 {"d0": "0", "d3": "tick=1135339 goal=0 here=0 tx=4754:busy", "d5": "1"}
08:31:03 {"d0": "0", "d3": "tick=1135539 goal=0 here=0 tx=4757:lost", "d5": "0"}
08:31:05 {"d0": "0", "d3": "tick=1135739 goal=0 here=0 tx=4760:busy", "d5": "1"}
08:31:07 {"d0": "0", "d3": "tick=1135939 goal=0 here=0 tx=4763:lost", "d5": "0"}
08:31:09 {"d0": "0", "d3": "tick=1136139 goal=0 here=0 tx=4766:busy", "d5": "1"}
08:31:11 {"d0": "0", "d3": "tick=1136339 goal=0 here=0 tx=4769:lost", "d5": "1"}
08:31:13 {"d0": "0", "d3": "tick=1136539 goal=0 here=0 tx=4771:lost", "d5": "1"}
08:31:15 {"d0": "0", "d3": "tick=1136739 goal=0 here=0 tx=4774:busy", "d5": "1"}
08:31:17 {"d0": "0", "d3": "tick=1136939 goal=0 here=0 tx=4777:lost", "d5": "1"}
08:31:19 {"d0": "0", "d3": "tick=1137140 goal=0 here=0 tx=4780:busy", "d5": "1"}
08:31:21 {"d0": "0", "d3": "tick=1137340 goal=0 here=0 tx=4783:lost", "d5": "0"}
08:31:23 {"d0": "0", "d3": "tick=1137540 goal=0 here=0 tx=4786:busy", "d5": ""}
08:31:25 {"d0": "0", "d3": "tick=1137740 goal=0 here=0 tx=4789:lost", "d5": "0"}
08:31:27 {"d0": "0", "d3": "tick=1137940 goal=0 here=0 tx=4791:lost", "d5": "0"}
08:31:29 {"d0": "0", "d3": "tick=1138140 goal=0 here=0 tx=4794:busy", "d5": "1"}
08:31:31 {"d0": "0", "d3": "tick=1138340 goal=0 here=0 tx=4797:lost", "d5": "1"}
08:31:33 {"d0": "0", "d3": "tick=1138541 goal=0 here=0 tx=4800:busy", "d5": "1"}
08:31:35 {"d0": "0", "d3": "tick=1138741 goal=0 here=0 tx=4803:lost", "d5": "1"}
08:31:37 {"d0": "0", "d3": "tick=1138941 goal=0 here=0 tx=4806:busy", "d5": "1"}
08:31:39 {"d0": "0", "d3": "", "d5": "0"}
08:31:41 {"d0": "0", "d3": "tick=1139342 goal=0 here=0 tx=4812:busy", "d5": "0"}
08:31:43 {"d0": "0", "d3": "tick=1139542 goal=0 here=0 tx=4814:busy", "d5": "0"}
08:31:45 {"d0": "0", "d3": "tick=1139742 goal=0 here=0 tx=4817:lost", "d5": "1"}
08:31:47 {"d0": "0", "d3": "tick=1139942 goal=0 here=0 tx=4820:busy", "d5": "1"}
08:31:49 {"d0": "0", "d3": "tick=1140142 goal=0 here=0 tx=4823:lost", "d5": "1"}
08:31:51 {"d0": "0", "d3": "tick=1140342 goal=0 here=0 tx=4826:busy", "d5": "1"}
08:31:53 {"d0": "0", "d3": "tick=1140542 goal=0 here=0 tx=4829:lost", "d5": ""}
08:31:55 {"d0": "0", "d3": "tick=1140743 goal=0 here=0 tx=4832:busy", "d5": "0"}
08:31:57 {"d0": "0", "d3": "tick=1140943 goal=0 here=0 tx=4834:busy", "d5": "1"}
08:31:59 {"d0": "0", "d3": "tick=1141143 goal=0 here=0 tx=4837:lost", "d5": "1"}
08:32:01 {"d0": "0", "d3": "tick=1141343 goal=0 here=0 tx=4840:busy", "d5": "0"}
08:32:03 {"d0": "0", "d3": "tick=1141543 goal=0 here=0 tx=4843:lost", "d5": "1"}
08:32:05 {"d0": "0", "d3": "tick=1141743 goal=0 here=0 tx=4846:busy", "d5": "1"}
08:32:07 {"d0": "0", "d3": "tick=1141943 goal=0 here=0 tx=4849:lost", "d5": "1"}
08:32:09 {"d0": "0", "d3": "tick=1142143 goal=0 here=0 tx=4852:busy", "d5": "1"}
08:32:11 {"d0": "0", "d3": "tick=1142343 goal=0 here=0 tx=4854:busy", "d5": "1"}
08:32:13 {"d0": "0", "d3": "tick=1142543 goal=0 here=0 tx=4857:lost", "d5": "0"}
08:32:15 {"d0": "0", "d3": "tick=1142743 goal=0 here=0 tx=4860:busy", "d5": "0"}
08:32:17 {"d0": "0", "d3": "tick=1142943 goal=0 here=0 tx=4863:lost", "d5": "0"}
08:32:19 {"d0": "0", "d3": "tick=1143143 goal=0 here=0 tx=4866:busy", "d5": "0"}
08:32:21 {"d0": "0", "d3": "tick=1143343 goal=0 here=0 tx=4869:lost", "d5": "1"}
08:32:23 {"d0": "0", "d3": "tick=1143543 goal=0 here=0 tx=4872:busy", "d5": "1"}
08:32:25 {"d0": "0", "d3": "tick=1143743 goal=0 here=0 tx=4874:busy", "d5": "1"}
08:32:27 {"d0": "0", "d3": "tick=1143944 goal=0 here=0 tx=4877:lost", "d5": "1"}
08:32:29 {"d0": "0", "d3": "tick=1144144 goal=0 here=0 tx=4880:busy", "d5": "1"}
08:32:31 {"d0": "0", "d3": "tick=1144344 goal=0 here=0 tx=4883:lost", "d5": "0"}
08:32:33 {"d0": "0", "d3": "tick=1144544 goal=0 here=0 tx=4886:busy", "d5": "1"}
08:32:35 {"d0": "0", "d3": "tick=1144744 goal=0 here=0 tx=4889:lost", "d5": "1"}
08:32:37 {"d0": "0", "d3": "tick=1144944 goal=0 here=0 tx=4892:busy", "d5": "1"}
08:32:39 {"d0": "0", "d3": "tick=1145144 goal=0 here=0 tx=4894:busy", "d5": "1"}
08:32:41 {"d0": "0", "d3": "tick=1145344 goal=0 here=0 tx=4897:lost", "d5": "1"}
08:32:43 {"d0": "0", "d3": "tick=1145544 goal=0 here=0 tx=4900:busy", "d5": "1"}
08:32:45 {"d0": "0", "d3": "tick=1145744 goal=0 here=0 tx=4903:lost", "d5": "1"}
08:32:47 {"d0": "0", "d3": "tick=1145944 goal=0 here=0 tx=4906:busy", "d5": "0"}
08:32:49 {"d0": "0", "d3": "tick=1146144 goal=0 here=0 tx=4909:lost", "d5": "0"}
08:32:51 {"d0": "0", "d3": "tick=1146344 goal=0 here=0 tx=4912:busy", "d5": "0"}
08:32:53 {"d0": "0", "d3": "tick=1146544 goal=0 here=0 tx=4914:busy", "d5": "0"}
08:32:55 {"d0": "0", "d3": "tick=1146744 goal=0 here=0 tx=4917:lost", "d5": "1"}
08:32:57 {"d0": "0", "d3": "tick=1146944 goal=0 here=0 tx=4920:busy", "d5": "1"}
08:32:59 {"d0": "0", "d3": "tick=1147145 goal=0 here=0 tx=4923:lost", "d5": "1"}
08:33:01 {"d0": "0", "d3": "tick=1147345 goal=0 here=0 tx=4926:busy", "d5": "1"}
08:33:03 {"d0": "0", "d3": "tick=1147545 goal=0 here=0 tx=4929:lost", "d5": "1"}
08:33:05 {"d0": "0", "d3": "tick=1147745 goal=0 here=0 tx=4932:busy", "d5": "0"}
08:33:07 {"d0": "0", "d3": "tick=1147945 goal=0 here=0 tx=4934:busy", "d5": "1"}
08:33:09 {"d0": "0", "d3": "tick=1148145 goal=0 here=0 tx=4937:lost", "d5": "1"}
08:33:11 {"d0": "0", "d3": "tick=1148345 goal=0 here=0 tx=4940:busy", "d5": "0"}
08:33:13 {"d0": "0", "d3": "tick=1148545 goal=0 here=0 tx=4943:lost", "d5": "1"}
08:33:15 {"d0": "0", "d3": "tick=1148745 goal=0 here=0 tx=4946:busy", "d5": "1"}
08:33:17 {"d0": "0", "d3": "tick=1148945 goal=0 here=0 tx=4949:lost", "d5": "1"}
08:33:19 {"d0": "0", "d3": "", "d5": "1"}
08:33:21 {"d0": "0", "d3": "tick=1149345 goal=0 here=0 tx=4954:busy", "d5": "1"}
08:33:23 {"d0": "0", "d3": "tick=1149545 goal=0 here=0 tx=4957:lost", "d5": "0"}
08:33:25 {"d0": "0", "d3": "tick=1149745 goal=0 here=0 tx=4960:busy", "d5": "0"}
08:33:27 {"d0": "0", "d3": "tick=1149945 goal=0 here=0 tx=4963:lost", "d5": "0"}
08:33:29 {"d0": "0", "d3": "tick=1150146 goal=0 here=0 tx=4966:busy", "d5": "1"}
08:33:31 {"d0": "0", "d3": "tick=1150346 goal=0 here=0 tx=4969:lost", "d5": "1"}
08:33:33 {"d0": "0", "d3": "tick=1150546 goal=0 here=0 tx=4972:busy", "d5": "1"}
08:33:35 {"d0": "", "d3": "tick=1150746 goal=0 here=0 tx=4974:busy", "d5": "1"}
08:33:37 {"d0": "0", "d3": "tick=1150946 goal=0 here=0 tx=4977:lost", "d5": "1"}
08:33:39 {"d0": "0", "d3": "tick=1151146 goal=0 here=0 tx=4980:busy", "d5": "0"}
08:33:41 {"d0": "0", "d3": "", "d5": "0"}
08:33:43 {"d0": "0", "d3": "tick=1151546 goal=0 here=0 tx=4986:busy", "d5": "1"}
08:33:45 {"d0": "0", "d3": "tick=1151746 goal=0 here=0 tx=4989:lost", "d5": "1"}
08:33:47 {"d0": "0", "d3": "tick=1151946 goal=0 here=0 tx=4992:busy", "d5": "1"}
08:33:49 {"d0": "0", "d3": "tick=1152146 goal=0 here=0 tx=4994:busy", "d5": "1"}
08:33:51 {"d0": "0", "d3": "tick=1152346 goal=0 here=0 tx=4997:lost", "d5": "1"}
08:33:53 {"d0": "0", "d3": "tick=1152546 goal=0 here=0 tx=5000:busy", "d5": "1"}
08:33:55 {"d0": "0", "d3": "tick=1152746 goal=0 here=0 tx=5003:lost", "d5": "1"}
08:33:57 {"d0": "0", "d3": "tick=1152946 goal=0 here=0 tx=5006:busy", "d5": "0"}
08:33:59 {"d0": "0", "d3": "tick=1153146 goal=0 here=0 tx=5009:lost", "d5": "0"}
08:34:01 {"d0": "0", "d3": "tick=1153347 goal=0 here=0 tx=5012:busy", "d5": "0"}
08:34:03 {"d0": "0", "d3": "tick=1153547 goal=0 here=0 tx=5014:busy", "d5": "0"}
08:34:05 {"d0": "0", "d3": "tick=1153747 goal=0 here=0 tx=5017:lost", "d5": "1"}
08:34:07 {"d0": "0", "d3": "tick=1153947 goal=0 here=0 tx=5020:busy", "d5": "1"}
08:34:09 {"d0": "0", "d3": "tick=1154147 goal=0 here=0 tx=5023:lost", "d5": "1"}
08:34:11 {"d0": "0", "d3": "tick=1154347 goal=0 here=0 tx=5026:busy", "d5": "1"}
08:34:13 {"d0": "0", "d3": "tick=1154547 goal=0 here=0 tx=5029:lost", "d5": "1"}
08:34:15 {"d0": "0", "d3": "tick=1154747 goal=0 here=0 tx=5032:busy", "d5": "1"}
08:34:17 {"d0": "0", "d3": "tick=1154947 goal=0 here=0 tx=5034:busy", "d5": "1"}
08:34:19 {"d0": "0", "d3": "tick=1155147 goal=0 here=0 tx=5037:lost", "d5": "0"}
08:34:21 {"d0": "0", "d3": "tick=1155348 goal=0 here=0 tx=5040:busy", "d5": "1"}
08:34:23 {"d0": "0", "d3": "tick=1155548 goal=0 here=0 tx=5041:ok", "d5": "1"}
08:34:25 {"d0": "0", "d3": "tick=1155748 goal=0 here=0 tx=5041:ok", "d5": "1"}
08:34:27 {"d0": "0", "d3": "tick=1155948 goal=0 here=0 tx=5041:ok", "d5": "1"}
08:34:29 {"d0": "0", "d3": "tick=1156148 goal=0 here=0 tx=5041:ok", "d5": "1"}
08:34:31 {"d0": "0", "d3": "tick=1156348 goal=0 here=0 tx=5041:ok", "d5": "1"}
08:34:33 {"d0": "0", "d3": "tick=1156549 goal=0 here=0 tx=5041:ok", "d5": "1"}
08:34:35 {"d0": "", "d3": "tick=1156749 goal=0 here=0 tx=5041:ok", "d5": "1"}
08:34:37 {"d0": "0", "d3": "tick=1156949 goal=0 here=0 tx=5041:ok", "d5": "1"}
08:34:39 {"d0": "0", "d3": "tick=1157149 goal=0 here=0 tx=5041:ok", "d5": "1"}
08:34:41 {"d0": "0", "d3": "tick=1157349 goal=0 here=0 tx=5041:ok", "d5": "1"}
08:34:43 {"d0": "0", "d3": "tick=1157549 goal=0 here=0 tx=5041:ok", "d5": "1"}
08:34:45 {"d0": "0", "d3": "tick=1157749 goal=0 here=0 tx=5041:ok", "d5": "1"}
08:34:47 {"d0": "0", "d3": "", "d5": "1"}
08:34:49 {"d0": "0", "d3": "tick=1158149 goal=0 here=0 tx=5041:ok", "d5": "1"}
08:34:51 {"d0": "0", "d3": "tick=1158350 goal=0 here=0 tx=5041:ok", "d5": "1"}
08:34:53 {"d0": "0", "d3": "tick=1158550 goal=0 here=0 tx=5041:ok", "d5": "1"}
08:34:55 {"d0": "0", "d3": "tick=1158750 goal=0 here=0 tx=5041:ok", "d5": "1"}
08:34:57 {"d0": "0", "d3": "tick=1158950 goal=0 here=0 tx=5041:ok", "d5": "1"}
08:34:59 {"d0": "0", "d3": "tick=1159150 goal=0 here=0 tx=5043:busy", "d5": "0"}
08:35:01 {"d0": "0", "d3": "tick=1159350 goal=0 here=0 tx=5046:ok", "d5": "0"}
08:35:03 {"d0": "0", "d3": "tick=1159550 goal=0 here=0 tx=5049:busy", "d5": ""}
08:35:05 {"d0": "0", "d3": "tick=1159750 goal=0 here=0 tx=5051:busy", "d5": "0"}
08:35:07 {"d0": "0", "d3": "tick=1159950 goal=0 here=0 tx=5054:ok", "d5": "1"}
08:35:09 {"d0": "0", "d3": "tick=1160150 goal=0 here=0 tx=5057:busy", "d5": "1"}
08:35:11 {"d0": "0", "d3": "tick=1160351 goal=0 here=0 tx=5060:ok", "d5": "1"}
08:35:13 {"d0": "0", "d3": "", "d5": "1"}
08:35:15 {"d0": "0", "d3": "tick=1160751 goal=0 here=0 tx=5066:ok", "d5": "1"}
08:35:17 {"d0": "0", "d3": "tick=1160951 goal=0 here=0 tx=5069:busy", "d5": "1"}
08:35:19 {"d0": "0", "d3": "tick=1161151 goal=0 here=0 tx=5071:busy", "d5": "1"}
08:35:21 {"d0": "0", "d3": "tick=1161351 goal=0 here=0 tx=5074:ok", "d5": "1"}
08:35:23 {"d0": "0", "d3": "tick=1161551 goal=0 here=0 tx=5077:busy", "d5": "1"}
08:35:25 {"d0": "0", "d3": "tick=1161751 goal=0 here=0 tx=5080:ok", "d5": "1"}
08:35:27 {"d0": "0", "d3": "tick=1161951 goal=0 here=0 tx=5083:busy", "d5": "1"}
08:35:29 {"d0": "0", "d3": "tick=1162152 goal=0 here=0 tx=5086:ok", "d5": "1"}
08:35:31 {"d0": "0", "d3": "tick=1162352 goal=0 here=0 tx=5089:busy", "d5": "1"}
08:35:33 {"d0": "0", "d3": "tick=1162552 goal=0 here=0 tx=5091:busy", "d5": "0"}
08:35:35 {"d0": "0", "d3": "tick=1162752 goal=0 here=0 tx=5094:ok", "d5": "0"}
08:35:37 {"d0": "0", "d3": "tick=1162952 goal=0 here=0 tx=5097:busy", "d5": "0"}
08:35:39 {"d0": "0", "d3": "tick=1163152 goal=0 here=0 tx=5100:ok", "d5": "0"}
08:35:41 {"d0": "0", "d3": "tick=1163353 goal=0 here=0 tx=5103:busy", "d5": "1"}
08:35:43 {"d0": "0", "d3": "tick=1163553 goal=0 here=0 tx=5106:ok", "d5": "1"}
08:35:45 {"d0": "0", "d3": "tick=1163753 goal=0 here=0 tx=5109:busy", "d5": "1"}
08:35:47 {"d0": "0", "d3": "tick=1163953 goal=0 here=0 tx=5111:busy", "d5": "1"}
08:35:49 {"d0": "0", "d3": "tick=1164153 goal=0 here=0 tx=5114:ok", "d5": "1"}
08:35:51 {"d0": "0", "d3": "tick=1164353 goal=0 here=0 tx=5117:busy", "d5": "0"}
08:35:53 {"d0": "0", "d3": "tick=1164553 goal=0 here=0 tx=5120:ok", "d5": "1"}
08:35:55 {"d0": "0", "d3": "tick=1164753 goal=0 here=0 tx=5123:busy", "d5": "1"}
08:35:57 {"d0": "0", "d3": "tick=1164953 goal=0 here=0 tx=5126:ok", "d5": "0"}
08:35:59 {"d0": "0", "d3": "tick=1165153 goal=0 here=0 tx=5128:ok", "d5": ""}
08:36:01 {"d0": "0", "d3": "tick=1165353 goal=0 here=0 tx=5131:busy", "d5": "1"}
08:36:03 {"d0": "0", "d3": "tick=1165553 goal=0 here=0 tx=5134:ok", "d5": "1"}
08:36:05 {"d0": "0", "d3": "tick=1165753 goal=0 here=0 tx=5137:busy", "d5": "1"}
08:36:07 {"d0": "0", "d3": "tick=1165954 goal=0 here=0 tx=5140:ok", "d5": "1"}
08:36:09 {"d0": "0", "d3": "tick=1166154 goal=0 here=0 tx=5143:busy", "d5": "0"}
08:36:11 {"d0": "0", "d3": "tick=1166354 goal=0 here=0 tx=5146:ok", "d5": "0"}
08:36:13 {"d0": "0", "d3": "tick=1166554 goal=0 here=0 tx=5148:ok", "d5": "0"}
08:36:15 {"d0": "0", "d3": "tick=1166755 goal=0 here=0 tx=5151:busy", "d5": "1"}
08:36:17 {"d0": "0", "d3": "tick=1166955 goal=0 here=0 tx=5154:ok", "d5": "1"}
08:36:19 {"d0": "0", "d3": "tick=1167155 goal=0 here=0 tx=5157:busy", "d5": "1"}
08:36:21 {"d0": "0", "d3": "tick=1167355 goal=0 here=0 tx=5160:ok", "d5": "1"}
08:36:23 {"d0": "0", "d3": "tick=1167555 goal=0 here=0 tx=5163:busy", "d5": "1"}
08:36:25 {"d0": "0", "d3": "tick=1167755 goal=0 here=0 tx=5166:ok", "d5": "0"}
08:36:27 {"d0": "0", "d3": "tick=1167955 goal=0 here=0 tx=5168:ok", "d5": "0"}
08:36:29 {"d0": "0", "d3": "tick=1168156 goal=0 here=0 tx=5171:busy", "d5": "0"}
08:36:31 {"d0": "0", "d3": "tick=1168356 goal=0 here=0 tx=5174:ok", "d5": "0"}
08:36:33 {"d0": "0", "d3": "tick=1168556 goal=0 here=0 tx=5177:busy", "d5": "0"}
08:36:35 {"d0": "0", "d3": "tick=1168756 goal=0 here=0 tx=5180:ok", "d5": "0"}
08:36:37 {"d0": "0", "d3": "tick=1168956 goal=0 here=0 tx=5183:busy", "d5": "0"}
08:36:39 {"d0": "0", "d3": "tick=1169156 goal=0 here=0 tx=5186:ok", "d5": "0"}
08:36:41 {"d0": "0", "d3": "tick=1169356 goal=0 here=0 tx=5188:ok", "d5": "0"}
08:36:43 {"d0": "0", "d3": "tick=1169556 goal=0 here=0 tx=5191:busy", "d5": "0"}
08:36:45 {"d0": "0", "d3": "tick=1169757 goal=0 here=0 tx=5194:ok", "d5": "0"}
08:36:47 {"d0": "0", "d3": "tick=1169957 goal=0 here=0 tx=5197:busy", "d5": "0"}
08:36:49 {"d0": "0", "d3": "tick=1170157 goal=0 here=0 tx=5200:ok", "d5": "0"}
08:36:51 {"d0": "0", "d3": "tick=1170357 goal=0 here=0 tx=5203:busy", "d5": "0"}
08:36:53 {"d0": "0", "d3": "tick=1170557 goal=0 here=0 tx=5206:ok", "d5": "0"}
08:36:55 {"d0": "0", "d3": "tick=1170757 goal=0 here=0 tx=5208:ok", "d5": "0"}
08:36:57 {"d0": "0", "d3": "tick=1170957 goal=0 here=0 tx=5211:busy", "d5": "0"}
08:36:59 {"d0": "0", "d3": "tick=1171157 goal=0 here=0 tx=5214:ok", "d5": "0"}
08:37:01 {"d0": "0", "d3": "tick=1171357 goal=0 here=0 tx=5217:busy", "d5": "0"}
08:37:03 {"d0": "0", "d3": "tick=1171557 goal=0 here=0 tx=5220:ok", "d5": "0"}
08:37:05 {"d0": "0", "d3": "tick=1171758 goal=0 here=0 tx=5223:busy", "d5": "0"}
08:37:07 {"d0": "0", "d3": "tick=1171958 goal=0 here=0 tx=5226:ok", "d5": "0"}
08:37:09 {"d0": "0", "d3": "tick=1172158 goal=0 here=0 tx=5228:ok", "d5": "0"}
08:37:11 {"d0": "0", "d3": "tick=1172358 goal=0 here=0 tx=5231:busy", "d5": "0"}
08:37:13 {"d0": "0", "d3": "tick=1172558 goal=0 here=0 tx=5234:ok", "d5": "0"}
08:37:15 {"d0": "0", "d3": "tick=1172758 goal=0 here=0 tx=5237:busy", "d5": "0"}
08:37:17 {"d0": "0", "d3": "tick=1172958 goal=0 here=0 tx=5240:ok", "d5": "0"}
08:37:19 {"d0": "0", "d3": "tick=1173158 goal=0 here=0 tx=5243:busy", "d5": "0"}
08:37:21 {"d0": "0", "d3": "tick=1173358 goal=0 here=0 tx=5246:ok", "d5": "0"}
08:37:23 {"d0": "0", "d3": "tick=1173558 goal=0 here=0 tx=5248:ok", "d5": "0"}
08:37:25 {"d0": "0", "d3": "tick=1173759 goal=0 here=0 tx=5251:busy", "d5": "0"}
08:37:27 {"d0": "0", "d3": "tick=1173959 goal=0 here=0 tx=5254:ok", "d5": ""}
08:37:29 {"d0": "0", "d3": "tick=1174159 goal=0 here=0 tx=5257:busy", "d5": "0"}
08:37:31 {"d0": "0", "d3": "tick=1174359 goal=0 here=0 tx=5260:ok", "d5": "0"}
08:37:33 {"d0": "0", "d3": "tick=1174559 goal=0 here=0 tx=5263:busy", "d5": "0"}
08:37:35 {"d0": "0", "d3": "tick=1174759 goal=0 here=0 tx=5266:ok", "d5": "0"}
08:37:37 {"d0": "0", "d3": "tick=1174959 goal=0 here=0 tx=5268:ok", "d5": "0"}
08:37:39 {"d0": "0", "d3": "tick=1175159 goal=0 here=0 tx=5271:busy", "d5": "1"}
08:37:41 {"d0": "0", "d3": "tick=1175359 goal=0 here=0 tx=5274:ok", "d5": "1"}
08:37:43 {"d0": "0", "d3": "tick=1175560 goal=0 here=0 tx=5277:busy", "d5": "1"}
08:37:45 {"d0": "0", "d3": "tick=1175760 goal=0 here=0 tx=5280:ok", "d5": "1"}
08:37:47 {"d0": "0", "d3": "tick=1175960 goal=0 here=0 tx=5283:busy", "d5": "1"}
08:37:49 {"d0": "0", "d3": "tick=1176160 goal=0 here=0 tx=5286:ok", "d5": "0"}
08:37:51 {"d0": "0", "d3": "tick=1176360 goal=0 here=0 tx=5288:ok", "d5": "0"}
08:37:53 {"d0": "0", "d3": "tick=1176560 goal=0 here=0 tx=5291:busy", "d5": "1"}
08:37:55 {"d0": "0", "d3": "tick=1176760 goal=0 here=0 tx=5294:ok", "d5": "1"}
08:37:57 {"d0": "0", "d3": "tick=1176961 goal=0 here=0 tx=5297:busy", "d5": "1"}
08:37:59 {"d0": "0", "d3": "tick=1177161 goal=0 here=0 tx=5300:ok", "d5": "1"}
08:38:01 {"d0": "0", "d3": "tick=1177361 goal=0 here=0 tx=5303:busy", "d5": "1"}
08:38:03 {"d0": "0", "d3": "tick=1177561 goal=0 here=0 tx=5306:ok", "d5": ""}
08:38:05 {"d0": "0", "d3": "tick=1177761 goal=0 here=0 tx=5308:ok", "d5": "1"}
08:38:07 {"d0": "0", "d3": "", "d5": "0"}
08:38:09 {"d0": "0", "d3": "tick=1178161 goal=0 here=0 tx=5314:ok", "d5": "0"}
08:38:11 {"d0": "0", "d3": "tick=1178361 goal=0 here=0 tx=5317:busy", "d5": "1"}
08:38:13 {"d0": "0", "d3": "tick=1178561 goal=0 here=0 tx=5320:ok", "d5": "0"}
08:38:15 {"d0": "0", "d3": "tick=1178762 goal=0 here=0 tx=5323:busy", "d5": "1"}
08:38:17 {"d0": "0", "d3": "tick=1178962 goal=0 here=0 tx=5325:busy", "d5": "1"}
08:38:19 {"d0": "0", "d3": "tick=1179162 goal=0 here=0 tx=5328:ok", "d5": "1"}
08:38:21 {"d0": "0", "d3": "tick=1179362 goal=0 here=0 tx=5331:busy", "d5": ""}
08:38:23 {"d0": "0", "d3": "tick=1179562 goal=0 here=0 tx=5333:busy", "d5": "1"}
08:38:25 {"d0": "0", "d3": "tick=1179762 goal=0 here=0 tx=5333:busy", "d5": "1"}
08:38:27 {"d0": "0", "d3": "tick=1179962 goal=0 here=0 tx=5333:busy", "d5": "1"}
08:38:29 {"d0": "0", "d3": "tick=1180162 goal=0 here=0 tx=5333:busy", "d5": "1"}
08:38:31 {"d0": "0", "d3": "tick=1180362 goal=0 here=0 tx=5333:busy", "d5": "1"}
08:38:33 {"d0": "0", "d3": "tick=1180562 goal=0 here=0 tx=5333:busy", "d5": "1"}
08:38:35 {"d0": "0", "d3": "tick=1180762 goal=0 here=0 tx=5333:busy", "d5": "1"}
08:38:37 {"d0": "0", "d3": "tick=1180962 goal=0 here=0 tx=5333:busy", "d5": "1"}
08:38:39 {"d0": "0", "d3": "tick=1181162 goal=0 here=0 tx=5334:ok", "d5": "0"}
08:38:41 {"d0": "0", "d3": "tick=1181363 goal=0 here=0 tx=5337:busy", "d5": "0"}
08:38:43 {"d0": "0", "d3": "tick=1181563 goal=0 here=0 tx=5340:ok", "d5": "0"}
08:38:45 {"d0": "0", "d3": "tick=1181763 goal=0 here=0 tx=5343:busy", "d5": "0"}
08:38:47 {"d0": "0", "d3": "tick=1181963 goal=0 here=0 tx=5346:ok", "d5": "1"}
08:38:49 {"d0": "0", "d3": "tick=1182164 goal=0 here=0 tx=5348:ok", "d5": "1"}
08:38:51 {"d0": "0", "d3": "tick=1182364 goal=0 here=0 tx=5351:busy", "d5": "1"}
08:38:53 {"d0": "0", "d3": "tick=1182564 goal=0 here=0 tx=5354:ok", "d5": "1"}
08:38:55 {"d0": "", "d3": "tick=1182764 goal=0 here=0 tx=5357:busy", "d5": "1"}
08:38:57 {"d0": "0", "d3": "tick=1182964 goal=0 here=0 tx=5360:ok", "d5": "0"}
08:38:59 {"d0": "0", "d3": "tick=1183164 goal=0 here=0 tx=5363:busy", "d5": "0"}
08:39:01 {"d0": "0", "d3": "tick=1183365 goal=0 here=0 tx=5366:ok", "d5": "0"}
08:39:03 {"d0": "0", "d3": "tick=1183565 goal=0 here=0 tx=5368:ok", "d5": "0"}
08:39:05 {"d0": "0", "d3": "tick=1183765 goal=0 here=0 tx=5371:busy", "d5": "1"}
08:39:07 {"d0": "0", "d3": "tick=1183965 goal=0 here=0 tx=5374:ok", "d5": "1"}
08:39:09 {"d0": "0", "d3": "tick=1184165 goal=0 here=0 tx=5377:busy", "d5": "1"}
08:39:11 {"d0": "0", "d3": "tick=1184365 goal=0 here=0 tx=5380:ok", "d5": "1"}
08:39:13 {"d0": "0", "d3": "tick=1184565 goal=0 here=0 tx=5383:busy", "d5": "0"}
08:39:15 {"d0": "0", "d3": "tick=1184766 goal=0 here=0 tx=5386:ok", "d5": "0"}
08:39:17 {"d0": "0", "d3": "tick=1184966 goal=0 here=0 tx=5388:ok", "d5": "1"}
08:39:19 {"d0": "0", "d3": "tick=1185166 goal=0 here=0 tx=5391:busy", "d5": "1"}
08:39:21 {"d0": "0", "d3": "tick=1185366 goal=0 here=0 tx=5394:ok", "d5": "1"}
08:39:23 {"d0": "0", "d3": "tick=1185566 goal=0 here=0 tx=5397:busy", "d5": "1"}
08:39:25 {"d0": "0", "d3": "tick=1185766 goal=0 here=0 tx=5400:ok", "d5": "1"}
08:39:27 {"d0": "0", "d3": "tick=1185966 goal=0 here=0 tx=5403:busy", "d5": "1"}
08:39:29 {"d0": "0", "d3": "tick=1186167 goal=0 here=0 tx=5405:busy", "d5": "1"}
08:39:31 {"d0": "0", "d3": "tick=1186367 goal=0 here=0 tx=5408:ok", "d5": "0"}
08:39:33 {"d0": "0", "d3": "tick=1186567 goal=0 here=0 tx=5411:busy", "d5": "0"}
08:39:35 {"d0": "0", "d3": "tick=1186767 goal=0 here=0 tx=5414:ok", "d5": "0"}
08:39:37 {"d0": "0", "d3": "tick=1186967 goal=0 here=0 tx=5417:busy", "d5": "0"}
08:39:39 {"d0": "0", "d3": "tick=1187167 goal=0 here=0 tx=5420:ok", "d5": "1"}
08:39:41 {"d0": "0", "d3": "tick=1187367 goal=0 here=0 tx=5423:busy", "d5": "1"}
08:39:43 {"d0": "0", "d3": "tick=1187567 goal=0 here=0 tx=5425:busy", "d5": "1"}
08:39:45 {"d0": "0", "d3": "tick=1187767 goal=0 here=0 tx=5428:ok", "d5": "1"}
08:39:47 {"d0": "0", "d3": "tick=1187968 goal=0 here=0 tx=5431:busy", "d5": "1"}
08:39:49 {"d0": "0", "d3": "tick=1188168 goal=0 here=0 tx=5434:ok", "d5": "1"}
08:39:51 {"d0": "0", "d3": "tick=1188368 goal=0 here=0 tx=5437:busy", "d5": ""}
08:39:53 {"d0": "0", "d3": "tick=1188568 goal=0 here=0 tx=5440:ok", "d5": "1"}
08:39:55 {"d0": "0", "d3": "tick=1188768 goal=0 here=0 tx=5443:busy", "d5": "1"}
08:39:57 {"d0": "0", "d3": "tick=1188968 goal=0 here=0 tx=5445:busy", "d5": "1"}
08:39:59 {"d0": "0", "d3": "tick=1189168 goal=0 here=0 tx=5448:ok", "d5": "1"}
08:40:01 {"d0": "0", "d3": "tick=1189368 goal=0 here=0 tx=5451:busy", "d5": "1"}
08:40:03 {"d0": "0", "d3": "tick=1189568 goal=0 here=0 tx=5454:ok", "d5": "1"}
08:40:05 {"d0": "0", "d3": "tick=1189768 goal=0 here=0 tx=5457:busy", "d5": ""}
08:40:07 {"d0": "0", "d3": "tick=1189968 goal=0 here=0 tx=5460:ok", "d5": "0"}
08:40:09 {"d0": "0", "d3": "tick=1190167 goal=0 here=0 tx=5463:busy", "d5": "0"}
08:40:11 {"d0": "0", "d3": "tick=1190370 goal=0 here=0 tx=5465:busy", "d5": "0"}
08:40:13 {"d0": "0", "d3": "tick=1190570 goal=0 here=0 tx=5468:ok", "d5": "0"}
08:40:15 {"d0": "0", "d3": "tick=1190770 goal=0 here=0 tx=5471:busy", "d5": "0"}
08:40:17 {"d0": "0", "d3": "tick=1190970 goal=0 here=0 tx=5474:ok", "d5": "0"}
08:40:19 {"d0": "0", "d3": "tick=1191171 goal=0 here=0 tx=5477:busy", "d5": "0"}
08:40:21 {"d0": "0", "d3": "tick=1191371 goal=0 here=0 tx=5480:ok", "d5": "0"}
08:40:23 {"d0": "0", "d3": "tick=1191571 goal=0 here=0 tx=5483:busy", "d5": "0"}
08:40:25 {"d0": "0", "d3": "tick=1191771 goal=0 here=0 tx=5485:busy", "d5": "0"}
08:40:27 {"d0": "0", "d3": "tick=1191971 goal=0 here=0 tx=5488:ok", "d5": "0"}
08:40:29 {"d0": "0", "d3": "tick=1192171 goal=0 here=0 tx=5491:busy", "d5": "0"}
08:40:31 {"d0": "0", "d3": "tick=1192371 goal=0 here=0 tx=5494:ok", "d5": "0"}
08:40:33 {"d0": "0", "d3": "tick=1192571 goal=0 here=0 tx=5497:busy", "d5": "0"}
08:40:35 {"d0": "0", "d3": "tick=1192771 goal=0 here=0 tx=5500:ok", "d5": "0"}
08:40:37 {"d0": "0", "d3": "tick=1192971 goal=0 here=0 tx=5503:busy", "d5": "0"}
08:40:39 {"d0": "0", "d3": "tick=1193171 goal=0 here=0 tx=5505:busy", "d5": "0"}
08:40:41 {"d0": "0", "d3": "tick=1193371 goal=0 here=0 tx=5508:ok", "d5": "0"}
08:40:43 {"d0": "0", "d3": "tick=1193572 goal=0 here=0 tx=5511:busy", "d5": "0"}
08:40:45 {"d0": "0", "d3": "tick=1193772 goal=0 here=0 tx=5514:ok", "d5": ""}
08:40:47 {"d0": "0", "d3": "tick=1193972 goal=0 here=0 tx=5517:busy", "d5": "0"}
08:40:49 {"d0": "0", "d3": "tick=1194172 goal=0 here=0 tx=5520:ok", "d5": "0"}
08:40:51 {"d0": "0", "d3": "tick=1194372 goal=0 here=0 tx=5523:busy", "d5": "0"}
08:40:53 {"d0": "0", "d3": "tick=1194572 goal=0 here=0 tx=5525:busy", "d5": "0"}
08:40:55 {"d0": "0", "d3": "tick=1194772 goal=0 here=0 tx=5528:ok", "d5": "0"}
08:40:57 {"d0": "0", "d3": "tick=1194972 goal=0 here=0 tx=5531:busy", "d5": "1"}
08:40:59 {"d0": "0", "d3": "tick=1195172 goal=0 here=0 tx=5534:ok", "d5": "1"}
08:41:01 {"d0": "0", "d3": "tick=1195373 goal=0 here=0 tx=5536:ok", "d5": "1"}
08:41:03 {"d0": "0", "d3": "tick=1195573 goal=0 here=0 tx=5536:ok", "d5": "1"}
08:41:05 {"d0": "0", "d3": "tick=1195773 goal=0 here=0 tx=5536:ok", "d5": "1"}
08:41:07 {"d0": "0", "d3": "tick=1195973 goal=0 here=0 tx=5536:ok", "d5": "1"}
08:41:09 {"d0": "0", "d3": "tick=1196173 goal=0 here=0 tx=5536:ok", "d5": "1"}
08:41:11 {"d0": "0", "d3": "tick=1196373 goal=0 here=0 tx=5536:ok", "d5": "1"}
08:41:13 {"d0": "0", "d3": "tick=1196573 goal=0 here=0 tx=5536:ok", "d5": "1"}
08:41:15 {"d0": "0", "d3": "tick=1196773 goal=0 here=0 tx=5536:ok", "d5": "1"}
08:41:17 {"d0": "0", "d3": "tick=1196973 goal=0 here=0 tx=5536:ok", "d5": "1"}
08:41:19 {"d0": "0", "d3": "tick=1197173 goal=0 here=0 tx=5536:ok", "d5": "1"}
08:41:21 {"d0": "0", "d3": "tick=1197373 goal=0 here=0 tx=5536:ok", "d5": "1"}
08:41:23 {"d0": "0", "d3": "tick=1197573 goal=0 here=0 tx=5539:ok", "d5": "0"}
08:41:25 {"d0": "0", "d3": "tick=1197774 goal=0 here=0 tx=5542:busy", "d5": "1"}
08:41:27 {"d0": "0", "d3": "tick=1197974 goal=0 here=0 tx=5545:ok", "d5": "1"}
08:41:29 {"d0": "0", "d3": "", "d5": "1"}
08:41:31 {"d0": "0", "d3": "tick=1198374 goal=0 here=0 tx=5551:ok", "d5": "1"}
08:41:33 {"d0": "0", "d3": "tick=1198574 goal=0 here=0 tx=5554:busy", "d5": "1"}
08:41:35 {"d0": "0", "d3": "tick=1198774 goal=0 here=0 tx=5556:busy", "d5": "1"}
08:41:37 {"d0": "0", "d3": "tick=1198974 goal=0 here=0 tx=5559:ok", "d5": "1"}
08:41:39 {"d0": "0", "d3": "tick=1199174 goal=0 here=0 tx=5562:busy", "d5": "0"}
08:41:41 {"d0": "0", "d3": "tick=1199375 goal=0 here=0 tx=5565:ok", "d5": "0"}
08:41:43 {"d0": "0", "d3": "tick=1199575 goal=0 here=0 tx=5568:busy", "d5": "0"}
08:41:45 {"d0": "0", "d3": "tick=1199775 goal=0 here=0 tx=5571:ok", "d5": "0"}
08:41:47 {"d0": "0", "d3": "tick=1199976 goal=0 here=0 tx=5574:busy", "d5": "0"}
08:41:49 {"d0": "0", "d3": "tick=1200176 goal=0 here=0 tx=5576:busy", "d5": "1"}
08:41:51 {"d0": "0", "d3": "tick=1200376 goal=0 here=0 tx=5579:ok", "d5": "1"}
08:41:53 {"d0": "0", "d3": "tick=1200576 goal=0 here=0 tx=5582:busy", "d5": "1"}
08:41:55 {"d0": "0", "d3": "tick=1200776 goal=0 here=0 tx=5585:ok", "d5": "1"}
08:41:57 {"d0": "0", "d3": "tick=1200976 goal=0 here=0 tx=5588:busy", "d5": "1"}
08:41:59 {"d0": "0", "d3": "tick=1201176 goal=0 here=0 tx=5591:ok", "d5": "0"}
08:42:01 {"d0": "0", "d3": "tick=1201376 goal=0 here=0 tx=5594:busy", "d5": "0"}
08:42:03 {"d0": "0", "d3": "tick=1201576 goal=0 here=0 tx=5596:busy", "d5": "0"}
08:42:05 {"d0": "0", "d3": "tick=1201777 goal=0 here=0 tx=5599:ok", "d5": "0"}
08:42:07 {"d0": "0", "d3": "tick=1201977 goal=0 here=0 tx=5602:busy", "d5": "0"}
08:42:09 {"d0": "0", "d3": "tick=1202177 goal=0 here=0 tx=5605:ok", "d5": "1"}
08:42:11 {"d0": "0", "d3": "tick=1202377 goal=0 here=0 tx=5608:busy", "d5": "1"}
08:42:13 {"d0": "0", "d3": "tick=1202577 goal=0 here=0 tx=5611:ok", "d5": "1"}
08:42:15 {"d0": "0", "d3": "tick=1202777 goal=0 here=0 tx=5614:busy", "d5": "1"}
08:42:17 {"d0": "0", "d3": "", "d5": "1"}
08:42:19 {"d0": "0", "d3": "tick=1203177 goal=0 here=0 tx=5619:ok", "d5": "0"}
08:42:21 {"d0": "0", "d3": "tick=1203378 goal=0 here=0 tx=5622:busy", "d5": "1"}
08:42:23 {"d0": "0", "d3": "tick=1203578 goal=0 here=0 tx=5625:ok", "d5": "1"}
08:42:25 {"d0": "0", "d3": "tick=1203778 goal=0 here=0 tx=5628:busy", "d5": "1"}
08:42:27 {"d0": "0", "d3": "tick=1203978 goal=0 here=0 tx=5631:ok", "d5": "1"}
08:42:29 {"d0": "0", "d3": "tick=1204178 goal=0 here=0 tx=5634:busy", "d5": "1"}
08:42:31 {"d0": "0", "d3": "tick=1204378 goal=0 here=0 tx=5636:busy", "d5": "1"}
08:42:33 {"d0": "0", "d3": "tick=1204578 goal=0 here=0 tx=5639:ok", "d5": "1"}
08:42:35 {"d0": "0", "d3": "tick=1204779 goal=0 here=0 tx=5642:busy", "d5": "1"}
08:42:37 {"d0": "0", "d3": "tick=1204979 goal=0 here=0 tx=5645:ok", "d5": "0"}
08:42:39 {"d0": "0", "d3": "tick=1205179 goal=0 here=0 tx=5648:busy", "d5": "0"}
08:42:41 {"d0": "0", "d3": "tick=1205379 goal=0 here=0 tx=5651:ok", "d5": "0"}
08:42:43 {"d0": "0", "d3": "tick=1205579 goal=0 here=0 tx=5654:busy", "d5": "1"}
08:42:45 {"d0": "0", "d3": "tick=1205779 goal=0 here=0 tx=5656:busy", "d5": "1"}
08:42:47 {"d0": "0", "d3": "tick=1205979 goal=0 here=0 tx=5659:ok", "d5": "1"}
08:42:49 {"d0": "0", "d3": "", "d5": "1"}
08:42:51 {"d0": "0", "d3": "tick=1206380 goal=0 here=0 tx=5665:ok", "d5": "1"}
08:42:53 {"d0": "0", "d3": "tick=1206580 goal=0 here=0 tx=5668:busy", "d5": "1"}
08:42:55 {"d0": "0", "d3": "tick=1206780 goal=0 here=0 tx=5671:ok", "d5": "1"}
08:42:57 {"d0": "0", "d3": "tick=1206980 goal=0 here=0 tx=5674:busy", "d5": "0"}
08:42:59 {"d0": "0", "d3": "tick=1207180 goal=0 here=0 tx=5676:busy", "d5": "0"}
08:43:01 {"d0": "0", "d3": "tick=1207380 goal=0 here=0 tx=5679:ok", "d5": "0"}
08:43:03 {"d0": "0", "d3": "tick=1207580 goal=0 here=0 tx=5682:busy", "d5": "0"}
08:43:05 {"d0": "0", "d3": "tick=1207780 goal=0 here=0 tx=5685:ok", "d5": "1"}
08:43:07 {"d0": "0", "d3": "tick=1207980 goal=0 here=0 tx=5688:busy", "d5": "1"}
08:43:09 {"d0": "0", "d3": "tick=1208180 goal=0 here=0 tx=5691:ok", "d5": "1"}
08:43:11 {"d0": "0", "d3": "tick=1208380 goal=0 here=0 tx=5694:busy", "d5": "1"}
08:43:13 {"d0": "0", "d3": "tick=1208580 goal=0 here=0 tx=5696:busy", "d5": "1"}
08:43:15 {"d0": "", "d3": "tick=1208780 goal=0 here=0 tx=5699:ok", "d5": "1"}
08:43:17 {"d0": "0", "d3": "tick=1208980 goal=0 here=0 tx=5702:busy", "d5": "0"}
08:43:19 {"d0": "0", "d3": "tick=1209180 goal=0 here=0 tx=5705:ok", "d5": "0"}
08:43:21 {"d0": "0", "d3": "tick=1209381 goal=0 here=0 tx=5708:busy", "d5": "0"}
08:43:23 {"d0": "0", "d3": "tick=1209581 goal=0 here=0 tx=5711:ok", "d5": "0"}
08:43:25 {"d0": "0", "d3": "tick=1209781 goal=0 here=0 tx=5714:busy", "d5": "0"}
08:43:27 {"d0": "0", "d3": "tick=1209981 goal=0 here=0 tx=5716:busy", "d5": "0"}
08:43:29 {"d0": "0", "d3": "tick=1210181 goal=0 here=0 tx=5719:ok", "d5": "1"}
08:43:32 {"d0": "0", "d3": "tick=1210381 goal=0 here=0 tx=5722:busy", "d5": "1"}
08:43:34 {"d0": "0", "d3": "tick=1210581 goal=0 here=0 tx=5725:ok", "d5": "1"}
08:43:36 {"d0": "0", "d3": "tick=1210781 goal=0 here=0 tx=5728:busy", "d5": "1"}
08:43:38 {"d0": "0", "d3": "tick=1210981 goal=0 here=0 tx=5731:ok", "d5": "1"}
08:43:40 {"d0": "0", "d3": "tick=1211181 goal=0 here=0 tx=5734:busy", "d5": "0"}
08:43:42 {"d0": "0", "d3": "tick=1211381 goal=0 here=0 tx=5736:busy", "d5": "0"}
08:43:44 {"d0": "0", "d3": "tick=1211581 goal=0 here=0 tx=5739:ok", "d5": "0"}
08:43:46 {"d0": "0", "d3": "tick=1211782 goal=0 here=0 tx=5742:busy", "d5": "1"}
08:43:48 {"d0": "0", "d3": "tick=1211982 goal=0 here=0 tx=5745:ok", "d5": "1"}
08:43:50 {"d0": "0", "d3": "tick=1212182 goal=0 here=0 tx=5748:busy", "d5": "1"}
08:43:52 {"d0": "0", "d3": "tick=1212382 goal=0 here=0 tx=5751:ok", "d5": "1"}
08:43:54 {"d0": "0", "d3": "tick=1212582 goal=0 here=0 tx=5754:busy", "d5": "1"}
08:43:56 {"d0": "0", "d3": "tick=1212782 goal=0 here=0 tx=5756:busy", "d5": "1"}
08:43:58 {"d0": "0", "d3": "tick=1212982 goal=0 here=0 tx=5759:ok", "d5": "1"}
08:44:00 {"d0": "0", "d3": "tick=1213183 goal=0 here=0 tx=5762:busy", "d5": "0"}
08:44:02 {"d0": "0", "d3": "tick=1213383 goal=0 here=0 tx=5765:ok", "d5": "0"}
08:44:04 {"d0": "0", "d3": "tick=1213583 goal=0 here=0 tx=5768:busy", "d5": "0"}
08:44:06 {"d0": "0", "d3": "tick=1213783 goal=0 here=0 tx=5771:ok", "d5": "1"}
08:44:08 {"d0": "0", "d3": "tick=1213983 goal=0 here=0 tx=5774:busy", "d5": "1"}
08:44:10 {"d0": "0", "d3": "tick=1214183 goal=0 here=0 tx=5776:busy", "d5": "1"}
08:44:12 {"d0": "0", "d3": "tick=1214383 goal=0 here=0 tx=5779:ok", "d5": "1"}
08:44:14 {"d0": "0", "d3": "tick=1214583 goal=0 here=0 tx=5782:busy", "d5": "1"}
08:44:16 {"d0": "0", "d3": "tick=1214783 goal=0 here=0 tx=5785:ok", "d5": "1"}
08:44:18 {"d0": "0", "d3": "tick=1214983 goal=0 here=0 tx=5788:busy", "d5": "1"}
08:44:20 {"d0": "0", "d3": "tick=1215184 goal=0 here=0 tx=5791:ok", "d5": "0"}
08:44:22 {"d0": "0", "d3": "", "d5": "0"}
08:44:24 {"d0": "0", "d3": "tick=1215584 goal=0 here=0 tx=5797:ok", "d5": "0"}
08:44:26 {"d0": "0", "d3": "tick=1215784 goal=0 here=0 tx=5799:ok", "d5": "0"}
08:44:28 {"d0": "0", "d3": "tick=1215984 goal=0 here=0 tx=5802:busy", "d5": "0"}
08:44:30 {"d0": "0", "d3": "tick=1216184 goal=0 here=0 tx=5805:ok", "d5": "1"}
08:44:32 {"d0": "0", "d3": "tick=1216385 goal=0 here=0 tx=5808:busy", "d5": "1"}
08:44:34 {"d0": "0", "d3": "tick=1216585 goal=0 here=0 tx=5811:ok", "d5": "1"}
08:44:36 {"d0": "0", "d3": "tick=1216785 goal=0 here=0 tx=5814:busy", "d5": "1"}
08:44:38 {"d0": "0", "d3": "tick=1216985 goal=0 here=0 tx=5817:ok", "d5": "1"}
08:44:40 {"d0": "0", "d3": "tick=1217185 goal=0 here=0 tx=5819:ok", "d5": "0"}
08:44:42 {"d0": "0", "d3": "tick=1217385 goal=0 here=0 tx=5822:busy", "d5": "0"}
08:44:44 {"d0": "0", "d3": "tick=1217585 goal=0 here=0 tx=5825:ok", "d5": "0"}
08:44:46 {"d0": "0", "d3": "tick=1217785 goal=0 here=0 tx=5828:busy", "d5": "1"}
08:44:48 {"d0": "0", "d3": "tick=1217985 goal=0 here=0 tx=5831:ok", "d5": "1"}
08:44:50 {"d0": "0", "d3": "tick=1218185 goal=0 here=0 tx=5834:busy", "d5": "1"}
08:44:52 {"d0": "0", "d3": "tick=1218385 goal=0 here=0 tx=5837:ok", "d5": "1"}
08:44:54 {"d0": "0", "d3": "tick=1218586 goal=0 here=0 tx=5839:ok", "d5": "1"}
08:44:56 {"d0": "0", "d3": "tick=1218786 goal=0 here=0 tx=5842:busy", "d5": "1"}
08:44:58 {"d0": "0", "d3": "tick=1218986 goal=0 here=0 tx=5845:ok", "d5": "1"}
08:45:00 {"d0": "0", "d3": "tick=1219186 goal=0 here=0 tx=5848:busy", "d5": "0"}
08:45:02 {"d0": "0", "d3": "tick=1219386 goal=0 here=0 tx=5851:ok", "d5": "0"}
08:45:04 {"d0": "0", "d3": "tick=1219586 goal=0 here=0 tx=5854:busy", "d5": "0"}
08:45:06 {"d0": "0", "d3": "tick=1219786 goal=0 here=0 tx=5857:ok", "d5": "1"}
08:45:08 {"d0": "0", "d3": "tick=1219987 goal=0 here=0 tx=5859:ok", "d5": "1"}
08:45:10 {"d0": "0", "d3": "tick=1220188 goal=0 here=0 tx=5862:busy", "d5": "1"}
08:45:12 {"d0": "0", "d3": "tick=1220392 goal=0 here=0 tx=5865:ok", "d5": "1"}
08:45:14 {"d0": "0", "d3": "tick=1220592 goal=0 here=0 tx=5868:busy", "d5": "1"}
08:45:16 {"d0": "0", "d3": "tick=1220793 goal=0 here=0 tx=5871:ok", "d5": "1"}
08:45:18 {"d0": "0", "d3": "tick=1220993 goal=0 here=0 tx=5874:busy", "d5": "1"}
08:45:20 {"d0": "0", "d3": "tick=1221193 goal=0 here=0 tx=5877:ok", "d5": "0"}
08:45:22 {"d0": "0", "d3": "tick=1221393 goal=0 here=0 tx=5879:ok", "d5": "0"}
08:45:24 {"d0": "0", "d3": "tick=1221593 goal=0 here=0 tx=5882:busy", "d5": "0"}
08:45:26 {"d0": "0", "d3": "tick=1221793 goal=0 here=0 tx=5885:ok", "d5": "0"}
08:45:28 {"d0": "0", "d3": "tick=1221993 goal=0 here=0 tx=5888:busy", "d5": "0"}
08:45:30 {"d0": "0", "d3": "tick=1222193 goal=0 here=0 tx=5891:ok", "d5": "0"}
08:45:32 {"d0": "0", "d3": "tick=1222393 goal=0 here=0 tx=5894:busy", "d5": "1"}
08:45:34 {"d0": "0", "d3": "tick=1222593 goal=0 here=0 tx=5897:ok", "d5": "1"}
08:45:36 {"d0": "0", "d3": "tick=1222793 goal=0 here=0 tx=5899:ok", "d5": "1"}
08:45:38 {"d0": "0", "d3": "tick=1222993 goal=0 here=0 tx=5902:busy", "d5": "1"}
08:45:40 {"d0": "0", "d3": "tick=1223193 goal=0 here=0 tx=5905:ok", "d5": "0"}
08:45:42 {"d0": "0", "d3": "tick=1223393 goal=0 here=0 tx=5908:busy", "d5": "1"}
08:45:44 {"d0": "0", "d3": "tick=1223593 goal=0 here=0 tx=5911:ok", "d5": "1"}
08:45:46 {"d0": "0", "d3": "tick=1223793 goal=0 here=0 tx=5914:busy", "d5": "0"}
08:45:48 {"d0": "0", "d3": "tick=1223993 goal=0 here=0 tx=5917:ok", "d5": "1"}
08:45:50 {"d0": "0", "d3": "tick=1224194 goal=0 here=0 tx=5919:ok", "d5": "1"}
08:45:52 {"d0": "0", "d3": "tick=1224394 goal=0 here=0 tx=5922:busy", "d5": "1"}
08:45:54 {"d0": "0", "d3": "tick=1224594 goal=0 here=0 tx=5925:ok", "d5": "1"}
08:45:56 {"d0": "0", "d3": "tick=1224794 goal=0 here=0 tx=5928:busy", "d5": "1"}
08:45:58 {"d0": "0", "d3": "tick=1224994 goal=0 here=0 tx=5931:ok", "d5": "1"}
08:46:00 {"d0": "0", "d3": "tick=1225194 goal=0 here=0 tx=5934:busy", "d5": "1"}
08:46:02 {"d0": "0", "d3": "tick=1225394 goal=0 here=0 tx=5937:ok", "d5": "1"}
08:46:04 {"d0": "0", "d3": "tick=1225595 goal=0 here=0 tx=5939:ok", "d5": "1"}
08:46:06 {"d0": "0", "d3": "tick=1225795 goal=0 here=0 tx=5942:busy", "d5": "0"}
08:46:08 {"d0": "0", "d3": "tick=1225995 goal=0 here=0 tx=5945:ok", "d5": "0"}
08:46:10 {"d0": "0", "d3": "tick=1226195 goal=0 here=0 tx=5948:busy", "d5": "0"}
08:46:12 {"d0": "0", "d3": "tick=1226395 goal=0 here=0 tx=5951:ok", "d5": "0"}
08:46:14 {"d0": "0", "d3": "tick=1226595 goal=0 here=0 tx=5954:busy", "d5": "1"}
08:46:16 {"d0": "0", "d3": "tick=1226795 goal=0 here=0 tx=5957:ok", "d5": "1"}
08:46:18 {"d0": "0", "d3": "", "d5": "1"}
08:46:20 {"d0": "0", "d3": "tick=1227196 goal=0 here=0 tx=5962:busy", "d5": "1"}
08:46:22 {"d0": "0", "d3": "tick=1227396 goal=0 here=0 tx=5965:ok", "d5": "1"}
08:46:24 {"d0": "0", "d3": "tick=1227596 goal=0 here=0 tx=5968:busy", "d5": "0"}
08:46:26 {"d0": "0", "d3": "tick=1227796 goal=0 here=0 tx=5971:ok", "d5": "0"}
08:46:28 {"d0": "0", "d3": "tick=1227996 goal=0 here=0 tx=5974:busy", "d5": "0"}
08:46:30 {"d0": "0", "d3": "tick=1228196 goal=0 here=0 tx=5977:ok", "d5": "0"}
08:46:32 {"d0": "0", "d3": "tick=1228396 goal=0 here=0 tx=5979:ok", "d5": "0"}
08:46:34 {"d0": "0", "d3": "tick=1228596 goal=0 here=0 tx=5982:busy", "d5": "0"}
08:46:36 {"d0": "0", "d3": "tick=1228796 goal=0 here=0 tx=5985:ok", "d5": "1"}
08:46:38 {"d0": "0", "d3": "tick=1228997 goal=0 here=0 tx=5988:busy", "d5": "1"}
08:46:40 {"d0": "0", "d3": "tick=1229197 goal=0 here=0 tx=5991:ok", "d5": "1"}
08:46:42 {"d0": "0", "d3": "tick=1229397 goal=0 here=0 tx=5994:busy", "d5": "1"}
08:46:44 {"d0": "0", "d3": "tick=1229597 goal=0 here=0 tx=5997:ok", "d5": "1"}
08:46:46 {"d0": "0", "d3": "tick=1229797 goal=0 here=0 tx=6000:busy", "d5": "0"}
08:46:48 {"d0": "0", "d3": "tick=1229997 goal=0 here=0 tx=6002:busy", "d5": "0"}
08:46:50 {"d0": "0", "d3": "tick=1230197 goal=0 here=0 tx=6005:ok", "d5": "0"}
08:46:52 {"d0": "0", "d3": "tick=1230397 goal=0 here=0 tx=6008:busy", "d5": "1"}
08:46:54 {"d0": "0", "d3": "tick=1230597 goal=0 here=0 tx=6011:ok", "d5": "1"}
08:46:56 {"d0": "0", "d3": "tick=1230797 goal=0 here=0 tx=6014:busy", "d5": "1"}
08:46:58 {"d0": "0", "d3": "tick=1230997 goal=0 here=0 tx=6017:ok", "d5": "1"}
08:47:00 {"d0": "0", "d3": "tick=1231197 goal=0 here=0 tx=6020:busy", "d5": "1"}
08:47:02 {"d0": "0", "d3": "tick=1231397 goal=0 here=0 tx=6022:busy", "d5": "1"}
08:47:04 {"d0": "0", "d3": "tick=1231598 goal=0 here=0 tx=6025:ok", "d5": "1"}
08:47:06 {"d0": "0", "d3": "tick=1231798 goal=0 here=0 tx=6028:busy", "d5": "0"}
08:47:08 {"d0": "0", "d3": "tick=1231998 goal=0 here=0 tx=6031:ok", "d5": "0"}
08:47:10 {"d0": "0", "d3": "tick=1232198 goal=0 here=0 tx=6034:busy", "d5": ""}
08:47:12 {"d0": "0", "d3": "tick=1232398 goal=0 here=0 tx=6037:ok", "d5": "0"}
08:47:14 {"d0": "0", "d3": "", "d5": "1"}
08:47:16 {"d0": "0", "d3": "tick=1232798 goal=0 here=0 tx=6042:busy", "d5": "1"}
08:47:18 {"d0": "0", "d3": "tick=1232998 goal=0 here=0 tx=6045:ok", "d5": "1"}
08:47:20 {"d0": "0", "d3": "tick=1233198 goal=0 here=0 tx=6048:busy", "d5": "1"}
08:47:22 {"d0": "0", "d3": "tick=1233398 goal=0 here=0 tx=6051:ok", "d5": "1"}
08:47:24 {"d0": "0", "d3": "tick=1233598 goal=0 here=0 tx=6054:busy", "d5": "1"}
08:47:26 {"d0": "0", "d3": "tick=1233798 goal=0 here=0 tx=6057:ok", "d5": "0"}
08:47:28 {"d0": "0", "d3": "tick=1233998 goal=0 here=0 tx=6060:busy", "d5": "0"}
08:47:30 {"d0": "0", "d3": "tick=1234198 goal=0 here=0 tx=6062:busy", "d5": "0"}
08:47:32 {"d0": "0", "d3": "tick=1234398 goal=0 here=0 tx=6065:ok", "d5": "0"}
08:47:34 {"d0": "0", "d3": "tick=1234599 goal=0 here=0 tx=6068:busy", "d5": "1"}
08:47:36 {"d0": "0", "d3": "tick=1234799 goal=0 here=0 tx=6071:ok", "d5": "0"}
08:47:38 {"d0": "0", "d3": "tick=1234999 goal=0 here=0 tx=6074:busy", "d5": "1"}
08:47:40 {"d0": "0", "d3": "tick=1235199 goal=0 here=0 tx=6077:ok", "d5": "1"}
08:47:42 {"d0": "0", "d3": "tick=1235399 goal=0 here=0 tx=6080:busy", "d5": "1"}
08:47:44 {"d0": "0", "d3": "tick=1235599 goal=0 here=0 tx=6082:busy", "d5": "1"}
08:47:46 {"d0": "0", "d3": "tick=1235799 goal=0 here=0 tx=6085:ok", "d5": "1"}
08:47:48 {"d0": "0", "d3": "tick=1235999 goal=0 here=0 tx=6088:busy", "d5": "0"}
08:47:50 {"d0": "0", "d3": "tick=1236199 goal=0 here=0 tx=6091:ok", "d5": "0"}
08:47:52 {"d0": "0", "d3": "tick=1236400 goal=0 here=0 tx=6094:busy", "d5": "0"}
08:47:54 {"d0": "0", "d3": "tick=1236600 goal=0 here=0 tx=6097:ok", "d5": "0"}
08:47:56 {"d0": "0", "d3": "", "d5": "0"}
08:47:58 {"d0": "0", "d3": "tick=1237000 goal=0 here=0 tx=6102:busy", "d5": "1"}
08:48:00 {"d0": "0", "d3": "tick=1237200 goal=0 here=0 tx=6105:ok", "d5": "1"}
08:48:02 {"d0": "0", "d3": "tick=1237400 goal=0 here=0 tx=6108:busy", "d5": "1"}
08:48:04 {"d0": "0", "d3": "tick=1237601 goal=0 here=0 tx=6111:ok", "d5": "1"}
08:48:06 {"d0": "0", "d3": "tick=1237801 goal=0 here=0 tx=6114:busy", "d5": "1"}
08:48:08 {"d0": "0", "d3": "tick=1238001 goal=0 here=0 tx=6117:ok", "d5": "1"}
08:48:10 {"d0": "0", "d3": "tick=1238201 goal=0 here=0 tx=6120:busy", "d5": "1"}
08:48:12 {"d0": "0", "d3": "tick=1238401 goal=0 here=0 tx=6122:busy", "d5": "1"}
08:48:14 {"d0": "0", "d3": "tick=1238601 goal=0 here=0 tx=6125:ok", "d5": "1"}
08:48:16 {"d0": "0", "d3": "tick=1238801 goal=0 here=0 tx=6128:busy", "d5": "1"}
08:48:18 {"d0": "0", "d3": "tick=1239001 goal=0 here=0 tx=6131:ok", "d5": "1"}
08:48:20 {"d0": "0", "d3": "tick=1239201 goal=0 here=0 tx=6134:busy", "d5": "1"}
08:48:22 {"d0": "0", "d3": "tick=1239401 goal=0 here=0 tx=6137:ok", "d5": "1"}
08:48:24 {"d0": "0", "d3": "tick=1239601 goal=0 here=0 tx=6140:busy", "d5": "0"}
08:48:26 {"d0": "0", "d3": "tick=1239801 goal=0 here=0 tx=6142:busy", "d5": "0"}
08:48:28 {"d0": "0", "d3": "tick=1240002 goal=0 here=0 tx=6145:ok", "d5": "0"}
08:48:30 {"d0": "0", "d3": "tick=1240202 goal=0 here=0 tx=6148:busy", "d5": "0"}
08:48:32 {"d0": "0", "d3": "tick=1240402 goal=0 here=0 tx=6151:ok", "d5": "0"}
08:48:34 {"d0": "0", "d3": "tick=1240602 goal=0 here=0 tx=6154:busy", "d5": "0"}
08:48:36 {"d0": "0", "d3": "tick=1240802 goal=0 here=0 tx=6157:ok", "d5": "1"}
08:48:38 {"d0": "0", "d3": "tick=1241002 goal=0 here=0 tx=6160:busy", "d5": "1"}
08:48:40 {"d0": "0", "d3": "tick=1241202 goal=0 here=0 tx=6162:busy", "d5": "1"}
08:48:42 {"d0": "0", "d3": "tick=1241402 goal=0 here=0 tx=6165:ok", "d5": "1"}
08:48:44 {"d0": "0", "d3": "tick=1241602 goal=0 here=0 tx=6168:busy", "d5": "1"}
08:48:46 {"d0": "0", "d3": "", "d5": "0"}
08:48:48 {"d0": "0", "d3": "tick=1242002 goal=0 here=0 tx=6174:busy", "d5": "0"}
08:48:50 {"d0": "0", "d3": "tick=1242203 goal=0 here=0 tx=6177:ok", "d5": "0"}
08:48:52 {"d0": "0", "d3": "tick=1242403 goal=0 here=0 tx=6180:busy", "d5": "1"}
08:48:54 {"d0": "0", "d3": "tick=1242603 goal=0 here=0 tx=6182:busy", "d5": "1"}
08:48:56 {"d0": "0", "d3": "tick=1242803 goal=0 here=0 tx=6185:ok", "d5": "1"}
08:48:58 {"d0": "0", "d3": "tick=1243003 goal=0 here=0 tx=6188:busy", "d5": "1"}
08:49:00 {"d0": "0", "d3": "tick=1243203 goal=0 here=0 tx=6191:ok", "d5": "1"}
08:49:02 {"d0": "0", "d3": "tick=1243403 goal=0 here=0 tx=6194:busy", "d5": "1"}
08:49:04 {"d0": "", "d3": "tick=1243604 goal=0 here=0 tx=6197:ok", "d5": "1"}
08:49:06 {"d0": "0", "d3": "tick=1243804 goal=0 here=0 tx=6200:busy", "d5": "0"}
08:49:08 {"d0": "0", "d3": "tick=1244004 goal=0 here=0 tx=6202:busy", "d5": "0"}
08:49:10 {"d0": "0", "d3": "tick=1244204 goal=0 here=0 tx=6205:ok", "d5": "0"}
08:49:12 {"d0": "0", "d3": "tick=1244404 goal=0 here=0 tx=6208:busy", "d5": "1"}
08:49:14 {"d0": "0", "d3": "tick=1244604 goal=0 here=0 tx=6211:ok", "d5": "1"}
08:49:16 {"d0": "0", "d3": "tick=1244804 goal=0 here=0 tx=6214:busy", "d5": "1"}
08:49:18 {"d0": "0", "d3": "tick=1245004 goal=0 here=0 tx=6217:ok", "d5": "1"}
08:49:20 {"d0": "0", "d3": "tick=1245204 goal=0 here=0 tx=6220:busy", "d5": "1"}
08:49:22 {"d0": "0", "d3": "tick=1245404 goal=0 here=0 tx=6222:busy", "d5": "1"}
08:49:24 {"d0": "0", "d3": "tick=1245605 goal=0 here=0 tx=6225:ok", "d5": ""}
08:49:26 {"d0": "0", "d3": "tick=1245805 goal=0 here=0 tx=6228:busy", "d5": "0"}
08:49:28 {"d0": "0", "d3": "tick=1246005 goal=0 here=0 tx=6231:ok", "d5": "0"}
08:49:30 {"d0": "0", "d3": "tick=1246205 goal=0 here=0 tx=6234:busy", "d5": "0"}
08:49:32 {"d0": "0", "d3": "tick=1246405 goal=0 here=0 tx=6237:ok", "d5": "0"}
08:49:34 {"d0": "0", "d3": "tick=1246605 goal=0 here=0 tx=6240:busy", "d5": "0"}
08:49:36 {"d0": "0", "d3": "tick=1246805 goal=0 here=0 tx=6242:busy", "d5": "1"}
08:49:38 {"d0": "0", "d3": "tick=1247005 goal=0 here=0 tx=6245:ok", "d5": "1"}
08:49:40 {"d0": "0", "d3": "tick=1247206 goal=0 here=0 tx=6248:busy", "d5": "1"}
08:49:42 {"d0": "0", "d3": "tick=1247406 goal=0 here=0 tx=6251:ok", "d5": "1"}
08:49:44 {"d0": "0", "d3": "tick=1247606 goal=0 here=0 tx=6254:busy", "d5": "1"}
08:49:46 {"d0": "0", "d3": "tick=1247806 goal=0 here=0 tx=6257:ok", "d5": "0"}
08:49:48 {"d0": "0", "d3": "", "d5": "0"}
08:49:50 {"d0": "0", "d3": "tick=1248206 goal=0 here=0 tx=6262:busy", "d5": "0"}
08:49:52 {"d0": "0", "d3": "tick=1248406 goal=0 here=0 tx=6265:ok", "d5": "1"}
08:49:54 {"d0": "0", "d3": "tick=1248606 goal=0 here=0 tx=6268:busy", "d5": "1"}
08:49:56 {"d0": "0", "d3": "tick=1248806 goal=0 here=0 tx=6271:ok", "d5": "1"}
08:49:58 {"d0": "0", "d3": "tick=1249006 goal=0 here=0 tx=6274:busy", "d5": "1"}
08:50:00 {"d0": "0", "d3": "tick=1249206 goal=0 here=0 tx=6277:ok", "d5": "1"}
08:50:02 {"d0": "0", "d3": "tick=1249406 goal=0 here=0 tx=6280:busy", "d5": "1"}
08:50:04 {"d0": "0", "d3": "tick=1249606 goal=0 here=0 tx=6282:busy", "d5": "1"}
08:50:06 {"d0": "0", "d3": "tick=1249807 goal=0 here=0 tx=6285:ok", "d5": "0"}
08:50:08 {"d0": "0", "d3": "tick=1250007 goal=0 here=0 tx=6288:busy", "d5": "0"}
08:50:10 {"d0": "0", "d3": "", "d5": "0"}
08:50:12 {"d0": "0", "d3": "tick=1250407 goal=0 here=0 tx=6294:busy", "d5": "0"}
08:50:14 {"d0": "0", "d3": "tick=1250607 goal=0 here=0 tx=6297:ok", "d5": "1"}
08:50:16 {"d0": "0", "d3": "tick=1250807 goal=0 here=0 tx=6300:busy", "d5": "1"}
08:50:18 {"d0": "0", "d3": "tick=1251007 goal=0 here=0 tx=6302:busy", "d5": "1"}
08:50:20 {"d0": "0", "d3": "tick=1251207 goal=0 here=0 tx=6305:ok", "d5": "1"}
08:50:22 {"d0": "0", "d3": "tick=1251408 goal=0 here=0 tx=6308:busy", "d5": "1"}
08:50:24 {"d0": "0", "d3": "tick=1251608 goal=0 here=0 tx=6311:ok", "d5": "1"}
08:50:26 {"d0": "0", "d3": "tick=1251808 goal=0 here=0 tx=6314:busy", "d5": "0"}
08:50:28 {"d0": "0", "d3": "tick=1252008 goal=0 here=0 tx=6317:ok", "d5": "0"}
08:50:30 {"d0": "0", "d3": "tick=1252208 goal=0 here=0 tx=6320:busy", "d5": "0"}
08:50:32 {"d0": "0", "d3": "tick=1252408 goal=0 here=0 tx=6322:busy", "d5": "0"}
08:50:34 {"d0": "0", "d3": "tick=1252608 goal=0 here=0 tx=6325:ok", "d5": "1"}
08:50:36 {"d0": "0", "d3": "tick=1252808 goal=0 here=0 tx=6328:busy", "d5": "1"}
08:50:38 {"d0": "0", "d3": "tick=1253008 goal=0 here=0 tx=6331:ok", "d5": "1"}
08:50:40 {"d0": "", "d3": "tick=1253208 goal=0 here=0 tx=6334:busy", "d5": "1"}
08:50:42 {"d0": "0", "d3": "tick=1253408 goal=0 here=0 tx=6337:ok", "d5": ""}
08:50:44 {"d0": "0", "d3": "tick=1253608 goal=0 here=0 tx=6340:busy", "d5": "0"}
08:50:46 {"d0": "0", "d3": "tick=1253809 goal=0 here=0 tx=6342:busy", "d5": "0"}
08:50:48 {"d0": "0", "d3": "tick=1254009 goal=0 here=0 tx=6345:ok", "d5": "0"}
08:50:50 {"d0": "0", "d3": "tick=1254209 goal=0 here=0 tx=6348:busy", "d5": "0"}
08:50:52 {"d0": "0", "d3": "tick=1254409 goal=0 here=0 tx=6351:ok", "d5": "0"}
08:50:54 {"d0": "0", "d3": "tick=1254609 goal=0 here=0 tx=6354:busy", "d5": "1"}
08:50:56 {"d0": "0", "d3": "tick=1254809 goal=0 here=0 tx=6357:ok", "d5": "1"}
08:50:58 {"d0": "0", "d3": "tick=1255009 goal=0 here=0 tx=6360:busy", "d5": "1"}
08:51:00 {"d0": "0", "d3": "tick=1255209 goal=0 here=0 tx=6362:busy", "d5": "1"}
08:51:02 {"d0": "0", "d3": "tick=1255409 goal=0 here=0 tx=6365:ok", "d5": "1"}
08:51:04 {"d0": "0", "d3": "tick=1255609 goal=0 here=0 tx=6368:busy", "d5": "0"}
08:51:06 {"d0": "0", "d3": "", "d5": "0"}
08:51:08 {"d0": "0", "d3": "tick=1256010 goal=0 here=0 tx=6374:busy", "d5": "0"}
08:51:10 {"d0": "0", "d3": "tick=1256210 goal=0 here=0 tx=6377:ok", "d5": ""}
08:51:12 {"d0": "0", "d3": "tick=1256410 goal=0 here=0 tx=6380:busy", "d5": "1"}
08:51:14 {"d0": "0", "d3": "tick=1256610 goal=0 here=0 tx=6382:busy", "d5": "1"}
08:51:16 {"d0": "0", "d3": "tick=1256810 goal=0 here=0 tx=6385:ok", "d5": "1"}
08:51:18 {"d0": "0", "d3": "tick=1257010 goal=0 here=0 tx=6388:busy", "d5": "1"}
08:51:20 {"d0": "0", "d3": "tick=1257210 goal=0 here=0 tx=6391:ok", "d5": "1"}
08:51:22 {"d0": "0", "d3": "tick=1257411 goal=0 here=0 tx=6394:busy", "d5": ""}
08:51:24 {"d0": "", "d3": "tick=1257611 goal=0 here=0 tx=6397:ok", "d5": "0"}
08:51:26 {"d0": "0", "d3": "tick=1257811 goal=0 here=0 tx=6400:busy", "d5": "0"}
08:51:28 {"d0": "0", "d3": "tick=1258011 goal=0 here=0 tx=6402:busy", "d5": "0"}
08:51:30 {"d0": "0", "d3": "tick=1258212 goal=0 here=0 tx=6405:ok", "d5": "0"}
08:51:32 {"d0": "0", "d3": "tick=1258412 goal=0 here=0 tx=6408:busy", "d5": "1"}
08:51:34 {"d0": "0", "d3": "tick=1258612 goal=0 here=0 tx=6411:ok", "d5": "0"}
08:51:36 {"d0": "0", "d3": "tick=1258812 goal=0 here=0 tx=6414:busy", "d5": "1"}
08:51:38 {"d0": "0", "d3": "", "d5": "1"}
08:51:40 {"d0": "0", "d3": "tick=1259212 goal=0 here=0 tx=6420:busy", "d5": "1"}
08:51:42 {"d0": "0", "d3": "tick=1259412 goal=0 here=0 tx=6422:busy", "d5": "1"}
08:51:44 {"d0": "0", "d3": "tick=1259612 goal=0 here=0 tx=6425:ok", "d5": "1"}
08:51:46 {"d0": "0", "d3": "tick=1259812 goal=0 here=0 tx=6428:busy", "d5": "1"}
08:51:48 {"d0": "0", "d3": "tick=1260012 goal=0 here=0 tx=6431:ok", "d5": "1"}
08:51:50 {"d0": "0", "d3": "tick=1260212 goal=0 here=0 tx=6434:busy", "d5": "1"}
08:51:52 {"d0": "", "d3": "tick=1260415 goal=0 here=0 tx=6437:ok", "d5": "1"}
08:51:54 {"d0": "0", "d3": "tick=1260615 goal=0 here=0 tx=6440:busy", "d5": "1"}
08:51:56 {"d0": "0", "d3": "tick=1260815 goal=0 here=0 tx=6443:ok", "d5": "1"}
08:51:58 {"d0": "0", "d3": "tick=1261015 goal=0 here=0 tx=6445:ok", "d5": "1"}
08:52:00 {"d0": "0", "d3": "tick=1261216 goal=0 here=0 tx=6448:busy", "d5": "1"}
08:52:02 {"d0": "0", "d3": "tick=1261416 goal=0 here=0 tx=6451:ok", "d5": "0"}
08:52:04 {"d0": "0", "d3": "tick=1261616 goal=0 here=0 tx=6454:busy", "d5": "0"}
08:52:06 {"d0": "0", "d3": "tick=1261816 goal=0 here=0 tx=6457:ok", "d5": "0"}
08:52:08 {"d0": "0", "d3": "tick=1262016 goal=0 here=0 tx=6460:busy", "d5": ""}
08:52:10 {"d0": "0", "d3": "tick=1262216 goal=0 here=0 tx=6463:ok", "d5": "0"}
08:52:12 {"d0": "0", "d3": "tick=1262416 goal=0 here=0 tx=6465:ok", "d5": "1"}
08:52:14 {"d0": "0", "d3": "tick=1262616 goal=0 here=0 tx=6468:busy", "d5": "1"}
08:52:16 {"d0": "0", "d3": "tick=1262816 goal=0 here=0 tx=6471:ok", "d5": "1"}
08:52:18 {"d0": "0", "d3": "tick=1263016 goal=0 here=0 tx=6474:busy", "d5": "1"}
08:52:20 {"d0": "0", "d3": "tick=1263216 goal=0 here=0 tx=6477:ok", "d5": "1"}
08:52:22 {"d0": "0", "d3": "tick=1263416 goal=0 here=0 tx=6480:busy", "d5": "0"}
08:52:24 {"d0": "0", "d3": "tick=1263616 goal=0 here=0 tx=6483:ok", "d5": "0"}
08:52:26 {"d0": "0", "d3": "tick=1263816 goal=0 here=0 tx=6485:ok", "d5": "0"}
08:52:28 {"d0": "0", "d3": "tick=1264016 goal=0 here=0 tx=6488:busy", "d5": "0"}
08:52:30 {"d0": "0", "d3": "tick=1264217 goal=0 here=0 tx=6491:ok", "d5": "1"}
08:52:32 {"d0": "", "d3": "tick=1264417 goal=0 here=0 tx=6494:busy", "d5": "0"}
08:52:34 {"d0": "0", "d3": "tick=1264617 goal=0 here=0 tx=6497:ok", "d5": "1"}
08:52:36 {"d0": "0", "d3": "", "d5": "1"}
08:52:38 {"d0": "0", "d3": "tick=1265017 goal=0 here=0 tx=6503:ok", "d5": "1"}
08:52:40 {"d0": "0", "d3": "tick=1265218 goal=0 here=0 tx=6505:ok", "d5": "1"}
08:52:42 {"d0": "0", "d3": "tick=1265418 goal=0 here=0 tx=6508:busy", "d5": "1"}
08:52:44 {"d0": "0", "d3": "tick=1265618 goal=0 here=0 tx=6511:ok", "d5": "0"}
08:52:46 {"d0": "0", "d3": "tick=1265818 goal=0 here=0 tx=6514:busy", "d5": "0"}
08:52:48 {"d0": "0", "d3": "tick=1266018 goal=0 here=0 tx=6517:ok", "d5": "0"}
08:52:50 {"d0": "0", "d3": "tick=1266218 goal=0 here=0 tx=6520:busy", "d5": "1"}
08:52:52 {"d0": "0", "d3": "tick=1266418 goal=0 here=0 tx=6523:ok", "d5": "1"}
08:52:54 {"d0": "0", "d3": "tick=1266618 goal=0 here=0 tx=6525:ok", "d5": "1"}
08:52:56 {"d0": "0", "d3": "tick=1266819 goal=0 here=0 tx=6528:busy", "d5": "1"}
08:52:58 {"d0": "0", "d3": "tick=1267019 goal=0 here=0 tx=6531:ok", "d5": "1"}
08:53:00 {"d0": "0", "d3": "tick=1267219 goal=0 here=0 tx=6534:busy", "d5": "1"}
08:53:02 {"d0": "0", "d3": "tick=1267419 goal=0 here=0 tx=6537:ok", "d5": "1"}
08:53:04 {"d0": "0", "d3": "tick=1267619 goal=0 here=0 tx=6540:busy", "d5": "0"}
08:53:06 {"d0": "0", "d3": "", "d5": "0"}
08:53:08 {"d0": "0", "d3": "tick=1268019 goal=0 here=0 tx=6545:ok", "d5": "0"}
08:53:10 {"d0": "0", "d3": "tick=1268219 goal=0 here=0 tx=6548:busy", "d5": "0"}
08:53:12 {"d0": "0", "d3": "tick=1268420 goal=0 here=0 tx=6551:ok", "d5": "0"}
08:53:14 {"d0": "0", "d3": "tick=1268620 goal=0 here=0 tx=6554:busy", "d5": "1"}
08:53:16 {"d0": "0", "d3": "tick=1268820 goal=0 here=0 tx=6557:ok", "d5": "1"}
08:53:18 {"d0": "0", "d3": "tick=1269020 goal=0 here=0 tx=6560:busy", "d5": "1"}
08:53:20 {"d0": "0", "d3": "tick=1269220 goal=0 here=0 tx=6563:ok", "d5": "1"}
08:53:22 {"d0": "0", "d3": "tick=1269420 goal=0 here=0 tx=6565:ok", "d5": "1"}
08:53:24 {"d0": "0", "d3": "tick=1269620 goal=0 here=0 tx=6568:busy", "d5": "0"}
08:53:26 {"d0": "0", "d3": "tick=1269820 goal=0 here=0 tx=6571:ok", "d5": "0"}
08:53:28 {"d0": "0", "d3": "tick=1270022 goal=0 here=0 tx=6574:busy", "d5": "0"}
08:53:30 {"d0": "0", "d3": "tick=1270222 goal=0 here=0 tx=6577:ok", "d5": "1"}
08:53:32 {"d0": "", "d3": "tick=1270422 goal=0 here=0 tx=6580:busy", "d5": "0"}
08:53:34 {"d0": "0", "d3": "tick=1270622 goal=0 here=0 tx=6583:ok", "d5": "1"}
08:53:36 {"d0": "0", "d3": "tick=1270822 goal=0 here=0 tx=6585:ok", "d5": "1"}
08:53:38 {"d0": "0", "d3": "tick=1271022 goal=0 here=0 tx=6588:busy", "d5": "1"}
08:53:40 {"d0": "0", "d3": "tick=1271223 goal=0 here=0 tx=6591:ok", "d5": "1"}
08:53:42 {"d0": "0", "d3": "tick=1271423 goal=0 here=0 tx=6594:busy", "d5": "1"}
08:53:44 {"d0": "0", "d3": "tick=1271623 goal=0 here=0 tx=6597:ok", "d5": "0"}
08:53:46 {"d0": "0", "d3": "tick=1271823 goal=0 here=0 tx=6600:busy", "d5": "0"}
08:53:48 {"d0": "0", "d3": "tick=1272023 goal=0 here=0 tx=6603:ok", "d5": "0"}
08:53:50 {"d0": "0", "d3": "tick=1272223 goal=0 here=0 tx=6605:ok", "d5": "1"}
08:53:52 {"d0": "0", "d3": "tick=1272423 goal=0 here=0 tx=6608:busy", "d5": "1"}
08:53:54 {"d0": "0", "d3": "tick=1272623 goal=0 here=0 tx=6611:ok", "d5": "1"}
08:53:56 {"d0": "0", "d3": "tick=1272823 goal=0 here=0 tx=6614:busy", "d5": "1"}
08:53:58 {"d0": "0", "d3": "tick=1273023 goal=0 here=0 tx=6617:ok", "d5": "1"}
08:54:00 {"d0": "0", "d3": "tick=1273223 goal=0 here=0 tx=6620:busy", "d5": "1"}
08:54:02 {"d0": "0", "d3": "tick=1273423 goal=0 here=0 tx=6623:ok", "d5": "1"}
08:54:04 {"d0": "0", "d3": "tick=1273623 goal=0 here=0 tx=6625:ok", "d5": "0"}
08:54:06 {"d0": "0", "d3": "tick=1273823 goal=0 here=0 tx=6628:busy", "d5": "0"}
08:54:08 {"d0": "0", "d3": "tick=1274024 goal=0 here=0 tx=6631:ok", "d5": "0"}
08:54:10 {"d0": "0", "d3": "tick=1274224 goal=0 here=0 tx=6634:busy", "d5": "0"}
08:54:12 {"d0": "0", "d3": "tick=1274424 goal=0 here=0 tx=6637:ok", "d5": "0"}
08:54:14 {"d0": "0", "d3": "tick=1274624 goal=0 here=0 tx=6640:busy", "d5": "1"}
08:54:16 {"d0": "0", "d3": "tick=1274824 goal=0 here=0 tx=6643:ok", "d5": "1"}
08:54:18 {"d0": "0", "d3": "tick=1275024 goal=0 here=0 tx=6645:ok", "d5": "1"}
08:54:20 {"d0": "0", "d3": "tick=1275224 goal=0 here=0 tx=6648:busy", "d5": "1"}
08:54:22 {"d0": "0", "d3": "tick=1275424 goal=0 here=0 tx=6651:ok", "d5": "1"}
08:54:24 {"d0": "0", "d3": "tick=1275624 goal=0 here=0 tx=6654:busy", "d5": "0"}
08:54:26 {"d0": "0", "d3": "tick=1275824 goal=0 here=0 tx=6657:ok", "d5": "0"}
08:54:28 {"d0": "0", "d3": "tick=1276024 goal=0 here=0 tx=6660:busy", "d5": "0"}
08:54:30 {"d0": "0", "d3": "tick=1276224 goal=0 here=0 tx=6663:ok", "d5": "0"}
08:54:32 {"d0": "0", "d3": "tick=1276424 goal=0 here=0 tx=6665:ok", "d5": "0"}
08:54:34 {"d0": "0", "d3": "tick=1276625 goal=0 here=0 tx=6668:busy", "d5": "1"}
08:54:36 {"d0": "0", "d3": "tick=1276825 goal=0 here=0 tx=6671:ok", "d5": "1"}
08:54:38 {"d0": "0", "d3": "tick=1277025 goal=0 here=0 tx=6674:busy", "d5": "1"}
08:54:40 {"d0": "0", "d3": "tick=1277225 goal=0 here=0 tx=6677:ok", "d5": "1"}
08:54:42 {"d0": "0", "d3": "tick=1277425 goal=0 here=0 tx=6678:busy", "d5": "1"}
08:54:44 {"d0": "0", "d3": "tick=1277625 goal=0 here=0 tx=6678:busy", "d5": "1"}
08:54:46 {"d0": "0", "d3": "tick=1277825 goal=0 here=0 tx=6678:busy", "d5": "1"}
08:54:48 {"d0": "0", "d3": "tick=1278025 goal=0 here=0 tx=6678:busy", "d5": "1"}
08:54:50 {"d0": "0", "d3": "tick=1278225 goal=0 here=0 tx=6678:busy", "d5": "1"}
08:54:52 {"d0": "0", "d3": "tick=1278425 goal=0 here=0 tx=6678:busy", "d5": "1"}
08:54:54 {"d0": "0", "d3": "tick=1278625 goal=0 here=0 tx=6678:busy", "d5": "1"}
08:54:56 {"d0": "0", "d3": "tick=1278825 goal=0 here=0 tx=6678:busy", "d5": "1"}
08:54:58 {"d0": "0", "d3": "tick=1279025 goal=0 here=0 tx=6678:busy", "d5": "1"}
08:55:00 {"d0": "0", "d3": "tick=1279225 goal=0 here=0 tx=6678:busy", "d5": "1"}
08:55:02 {"d0": "0", "d3": "tick=1279425 goal=0 here=0 tx=6680:busy", "d5": "0"}
08:55:04 {"d0": "0", "d3": "tick=1279626 goal=0 here=0 tx=6683:ok", "d5": "0"}
08:55:06 {"d0": "0", "d3": "tick=1279825 goal=0 here=0 tx=6686:busy", "d5": "0"}
08:55:08 {"d0": "0", "d3": "tick=1280026 goal=0 here=0 tx=6688:busy", "d5": "1"}
08:55:10 {"d0": "0", "d3": "tick=1280226 goal=0 here=0 tx=6691:ok", "d5": "1"}
08:55:12 {"d0": "0", "d3": "tick=1280426 goal=0 here=0 tx=6694:busy", "d5": "1"}
08:55:14 {"d0": "0", "d3": "tick=1280626 goal=0 here=0 tx=6697:ok", "d5": "1"}
08:55:16 {"d0": "0", "d3": "tick=1280826 goal=0 here=0 tx=6700:busy", "d5": "0"}
08:55:18 {"d0": "0", "d3": "tick=1281026 goal=0 here=0 tx=6703:ok", "d5": "0"}
08:55:20 {"d0": "0", "d3": "tick=1281227 goal=0 here=0 tx=6706:busy", "d5": "0"}
08:55:22 {"d0": "0", "d3": "tick=1281427 goal=0 here=0 tx=6708:busy", "d5": "0"}
08:55:24 {"d0": "0", "d3": "tick=1281628 goal=0 here=0 tx=6711:ok", "d5": "1"}
08:55:26 {"d0": "0", "d3": "tick=1281828 goal=0 here=0 tx=6714:busy", "d5": "1"}
08:55:28 {"d0": "0", "d3": "tick=1282028 goal=0 here=0 tx=6717:ok", "d5": "1"}
08:55:30 {"d0": "0", "d3": "tick=1282229 goal=0 here=0 tx=6720:busy", "d5": "1"}
08:55:32 {"d0": "0", "d3": "tick=1282429 goal=0 here=0 tx=6723:ok", "d5": "0"}
08:55:34 {"d0": "0", "d3": "tick=1282629 goal=0 here=0 tx=6726:busy", "d5": "0"}
08:55:36 {"d0": "0", "d3": "", "d5": "0"}
08:55:38 {"d0": "0", "d3": "tick=1283029 goal=0 here=0 tx=6731:ok", "d5": "1"}
08:55:40 {"d0": "0", "d3": "tick=1283229 goal=0 here=0 tx=6734:busy", "d5": "1"}
08:55:42 {"d0": "0", "d3": "tick=1283429 goal=0 here=0 tx=6737:ok", "d5": "1"}
08:55:44 {"d0": "0", "d3": "tick=1283629 goal=0 here=0 tx=6740:busy", "d5": "1"}
08:55:46 {"d0": "0", "d3": "tick=1283829 goal=0 here=0 tx=6743:ok", "d5": "0"}
08:55:48 {"d0": "0", "d3": "tick=1284029 goal=0 here=0 tx=6746:busy", "d5": "0"}
08:55:50 {"d0": "0", "d3": "tick=1284229 goal=0 here=0 tx=6748:busy", "d5": "0"}
08:55:52 {"d0": "0", "d3": "tick=1284429 goal=0 here=0 tx=6751:ok", "d5": "1"}
08:55:54 {"d0": "0", "d3": "tick=1284629 goal=0 here=0 tx=6754:busy", "d5": "1"}
08:55:56 {"d0": "0", "d3": "tick=1284830 goal=0 here=0 tx=6757:ok", "d5": "1"}
08:55:58 {"d0": "0", "d3": "tick=1285030 goal=0 here=0 tx=6760:busy", "d5": ""}
08:56:00 {"d0": "0", "d3": "tick=1285230 goal=0 here=0 tx=6763:ok", "d5": "0"}
08:56:02 {"d0": "0", "d3": "", "d5": "0"}
08:56:04 {"d0": "0", "d3": "tick=1285630 goal=0 here=0 tx=6768:busy", "d5": "0"}
08:56:06 {"d0": "0", "d3": "tick=1285830 goal=0 here=0 tx=6771:ok", "d5": "1"}
08:56:08 {"d0": "0", "d3": "tick=1286030 goal=0 here=0 tx=6774:busy", "d5": "1"}
08:56:10 {"d0": "0", "d3": "tick=1286230 goal=0 here=0 tx=6777:ok", "d5": "1"}
08:56:12 {"d0": "0", "d3": "tick=1286431 goal=0 here=0 tx=6780:busy", "d5": "1"}
08:56:14 {"d0": "0", "d3": "tick=1286631 goal=0 here=0 tx=6783:ok", "d5": "0"}
08:56:16 {"d0": "0", "d3": "tick=1286831 goal=0 here=0 tx=6786:busy", "d5": "0"}
08:56:18 {"d0": "0", "d3": "tick=1287031 goal=0 here=0 tx=6788:busy", "d5": "0"}
08:56:20 {"d0": "0", "d3": "tick=1287231 goal=0 here=0 tx=6791:ok", "d5": "0"}
08:56:22 {"d0": "0", "d3": "tick=1287431 goal=0 here=0 tx=6794:busy", "d5": "1"}
08:56:24 {"d0": "0", "d3": "tick=1287631 goal=0 here=0 tx=6797:ok", "d5": "1"}
08:56:26 {"d0": "0", "d3": "tick=1287831 goal=0 here=0 tx=6800:busy", "d5": "1"}
08:56:28 {"d0": "0", "d3": "tick=1288031 goal=0 here=0 tx=6803:ok", "d5": "1"}
08:56:30 {"d0": "0", "d3": "tick=1288231 goal=0 here=0 tx=6806:busy", "d5": "0"}
08:56:32 {"d0": "0", "d3": "tick=1288431 goal=0 here=0 tx=6808:busy", "d5": "0"}
08:56:34 {"d0": "0", "d3": "tick=1288631 goal=0 here=0 tx=6811:ok", "d5": "0"}
08:56:36 {"d0": "0", "d3": "tick=1288831 goal=0 here=0 tx=6814:busy", "d5": "1"}
08:56:38 {"d0": "0", "d3": "tick=1289031 goal=0 here=0 tx=6817:ok", "d5": "1"}
08:56:40 {"d0": "0", "d3": "tick=1289231 goal=0 here=0 tx=6820:busy", "d5": "1"}
08:56:42 {"d0": "0", "d3": "tick=1289431 goal=0 here=0 tx=6823:ok", "d5": "1"}
08:56:44 {"d0": "0", "d3": "tick=1289632 goal=0 here=0 tx=6826:busy", "d5": "0"}
08:56:46 {"d0": "0", "d3": "tick=1289832 goal=0 here=0 tx=6828:busy", "d5": "0"}
08:56:48 {"d0": "0", "d3": "tick=1290032 goal=0 here=0 tx=6831:ok", "d5": "0"}
08:56:50 {"d0": "0", "d3": "tick=1290232 goal=0 here=0 tx=6834:busy", "d5": "0"}
08:56:52 {"d0": "0", "d3": "tick=1290432 goal=0 here=0 tx=6837:ok", "d5": "0"}
08:56:54 {"d0": "0", "d3": "tick=1290632 goal=0 here=0 tx=6840:busy", "d5": "0"}
08:56:56 {"d0": "0", "d3": "tick=1290832 goal=0 here=0 tx=6843:ok", "d5": "0"}
08:56:58 {"d0": "0", "d3": "tick=1291032 goal=0 here=0 tx=6846:busy", "d5": "0"}
08:57:00 {"d0": "0", "d3": "tick=1291232 goal=0 here=0 tx=6848:busy", "d5": "0"}
08:57:02 {"d0": "0", "d3": "tick=1291432 goal=0 here=0 tx=6851:ok", "d5": "0"}
08:57:04 {"d0": "0", "d3": "tick=1291632 goal=0 here=0 tx=6854:busy", "d5": "0"}
08:57:06 {"d0": "0", "d3": "tick=1291832 goal=0 here=0 tx=6857:ok", "d5": "0"}
08:57:08 {"d0": "0", "d3": "tick=1292033 goal=0 here=0 tx=6860:busy", "d5": "0"}
08:57:10 {"d0": "0", "d3": "tick=1292233 goal=0 here=0 tx=6863:ok", "d5": "0"}
08:57:12 {"d0": "0", "d3": "tick=1292433 goal=0 here=0 tx=6866:busy", "d5": "0"}
08:57:14 {"d0": "0", "d3": "tick=1292633 goal=0 here=0 tx=6868:busy", "d5": "0"}
08:57:16 {"d0": "0", "d3": "tick=1292833 goal=0 here=0 tx=6871:ok", "d5": "0"}
08:57:18 {"d0": "0", "d3": "tick=1293033 goal=0 here=0 tx=6874:busy", "d5": "0"}
08:57:20 {"d0": "0", "d3": "tick=1293233 goal=0 here=0 tx=6877:ok", "d5": "0"}
08:57:22 {"d0": "0", "d3": "tick=1293433 goal=0 here=0 tx=6880:busy", "d5": "0"}
08:57:24 {"d0": "0", "d3": "tick=1293634 goal=0 here=0 tx=6883:lost", "d5": "0"}
08:57:26 {"d0": "0", "d3": "", "d5": "0"}
08:57:28 {"d0": "0", "d3": "tick=1294034 goal=0 here=0 tx=6888:busy", "d5": "0"}
08:57:30 {"d0": "0", "d3": "tick=1294234 goal=0 here=0 tx=6891:lost", "d5": "0"}
08:57:32 {"d0": "0", "d3": "tick=1294434 goal=0 here=0 tx=6894:busy", "d5": "0"}
08:57:34 {"d0": "0", "d3": "tick=1294634 goal=0 here=0 tx=6897:lost", "d5": "0"}
08:57:36 {"d0": "0", "d3": "tick=1294834 goal=0 here=0 tx=6900:busy", "d5": "0"}
08:57:38 {"d0": "0", "d3": "tick=1295034 goal=0 here=0 tx=6903:lost", "d5": "0"}
08:57:40 {"d0": "0", "d3": "tick=1295234 goal=0 here=0 tx=6906:busy", "d5": "0"}
08:57:42 {"d0": "0", "d3": "tick=1295434 goal=0 here=0 tx=6908:busy", "d5": "0"}
08:57:44 {"d0": "0", "d3": "tick=1295634 goal=0 here=0 tx=6911:lost", "d5": "0"}
08:57:46 {"d0": "0", "d3": "tick=1295834 goal=0 here=0 tx=6914:busy", "d5": "0"}
08:57:48 {"d0": "0", "d3": "tick=1296034 goal=0 here=0 tx=6917:lost", "d5": "0"}
08:57:50 {"d0": "0", "d3": "tick=1296235 goal=0 here=0 tx=6920:busy", "d5": "0"}
08:57:52 {"d0": "0", "d3": "tick=1296435 goal=0 here=0 tx=6923:lost", "d5": "0"}
08:57:54 {"d0": "0", "d3": "tick=1296635 goal=0 here=0 tx=6926:busy", "d5": "0"}
08:57:56 {"d0": "0", "d3": "tick=1296835 goal=0 here=0 tx=6928:busy", "d5": "0"}
08:57:58 {"d0": "0", "d3": "tick=1297035 goal=0 here=0 tx=6931:lost", "d5": "0"}
08:58:00 {"d0": "0", "d3": "tick=1297235 goal=0 here=0 tx=6934:busy", "d5": "0"}
08:58:02 {"d0": "0", "d3": "tick=1297435 goal=0 here=0 tx=6937:lost", "d5": "0"}
08:58:04 {"d0": "", "d3": "tick=1297636 goal=0 here=0 tx=6940:busy", "d5": "0"}
08:58:06 {"d0": "0", "d3": "tick=1297836 goal=0 here=0 tx=6943:lost", "d5": "0"}
08:58:08 {"d0": "0", "d3": "tick=1298036 goal=0 here=0 tx=6946:busy", "d5": "0"}
08:58:10 {"d0": "0", "d3": "tick=1298236 goal=0 here=0 tx=6948:busy", "d5": "0"}
08:58:12 {"d0": "0", "d3": "tick=1298436 goal=0 here=0 tx=6951:lost", "d5": "0"}
08:58:14 {"d0": "0", "d3": "tick=1298636 goal=0 here=0 tx=6954:busy", "d5": "0"}
08:58:16 {"d0": "0", "d3": "tick=1298836 goal=0 here=0 tx=6957:lost", "d5": "0"}
08:58:18 {"d0": "0", "d3": "tick=1299037 goal=0 here=0 tx=6960:busy", "d5": "0"}
08:58:20 {"d0": "0", "d3": "tick=1299237 goal=0 here=0 tx=6963:lost", "d5": "0"}
08:58:22 {"d0": "0", "d3": "tick=1299437 goal=0 here=0 tx=6966:busy", "d5": "0"}
08:58:24 {"d0": "0", "d3": "tick=1299637 goal=0 here=0 tx=6968:busy", "d5": "0"}
08:58:26 {"d0": "0", "d3": "tick=1299837 goal=0 here=0 tx=6971:lost", "d5": "0"}
08:58:28 {"d0": "0", "d3": "tick=1300037 goal=0 here=0 tx=6974:busy", "d5": "0"}
08:58:30 {"d0": "0", "d3": "tick=1300237 goal=0 here=0 tx=6977:lost", "d5": "0"}
08:58:32 {"d0": "0", "d3": "tick=1300437 goal=0 here=0 tx=6980:busy", "d5": "0"}
08:58:34 {"d0": "0", "d3": "tick=1300637 goal=0 here=0 tx=6983:lost", "d5": "0"}
08:58:36 {"d0": "0", "d3": "tick=1300838 goal=0 here=0 tx=6986:busy", "d5": "0"}
08:58:38 {"d0": "0", "d3": "tick=1301038 goal=0 here=0 tx=6988:busy", "d5": "0"}
08:58:40 {"d0": "0", "d3": "tick=1301238 goal=0 here=0 tx=6991:lost", "d5": "0"}
08:58:42 {"d0": "0", "d3": "tick=1301438 goal=0 here=0 tx=6994:busy", "d5": "0"}
08:58:44 {"d0": "0", "d3": "tick=1301638 goal=0 here=0 tx=6997:lost", "d5": "0"}
08:58:46 {"d0": "0", "d3": "tick=1301838 goal=0 here=0 tx=7000:busy", "d5": "0"}
08:58:48 {"d0": "0", "d3": "tick=1302038 goal=0 here=0 tx=7003:lost", "d5": "0"}
08:58:50 {"d0": "0", "d3": "tick=1302238 goal=0 here=0 tx=7006:busy", "d5": "0"}
08:58:52 {"d0": "0", "d3": "tick=1302438 goal=0 here=0 tx=7008:busy", "d5": "0"}
08:58:54 {"d0": "0", "d3": "tick=1302639 goal=0 here=0 tx=7011:lost", "d5": "0"}
08:58:56 {"d0": "0", "d3": "tick=1302839 goal=0 here=0 tx=7014:busy", "d5": "0"}
08:58:58 {"d0": "0", "d3": "tick=1303039 goal=0 here=0 tx=7017:lost", "d5": "0"}
08:59:00 {"d0": "0", "d3": "tick=1303239 goal=0 here=0 tx=7020:busy", "d5": "0"}
08:59:02 {"d0": "0", "d3": "tick=1303439 goal=0 here=0 tx=7023:lost", "d5": "0"}
08:59:04 {"d0": "0", "d3": "tick=1303639 goal=0 here=0 tx=7026:busy", "d5": "0"}
08:59:06 {"d0": "0", "d3": "tick=1303839 goal=0 here=0 tx=7028:busy", "d5": "0"}
08:59:08 {"d0": "0", "d3": "tick=1304039 goal=0 here=0 tx=7031:lost", "d5": "0"}
08:59:10 {"d0": "0", "d3": "tick=1304239 goal=0 here=0 tx=7034:busy", "d5": "0"}
08:59:12 {"d0": "0", "d3": "tick=1304439 goal=0 here=0 tx=7037:lost", "d5": "0"}
08:59:14 {"d0": "0", "d3": "tick=1304639 goal=0 here=0 tx=7040:busy", "d5": "0"}
08:59:16 {"d0": "0", "d3": "tick=1304840 goal=0 here=0 tx=7043:lost", "d5": "0"}
08:59:18 {"d0": "0", "d3": "tick=1305040 goal=0 here=0 tx=7046:busy", "d5": "0"}
08:59:20 {"d0": "0", "d3": "tick=1305240 goal=0 here=0 tx=7048:busy", "d5": "0"}
08:59:22 {"d0": "0", "d3": "tick=1305440 goal=0 here=0 tx=7051:lost", "d5": "0"}
08:59:24 {"d0": "0", "d3": "tick=1305640 goal=0 here=0 tx=7054:busy", "d5": "0"}
08:59:26 {"d0": "0", "d3": "tick=1305840 goal=0 here=0 tx=7057:lost", "d5": "0"}
08:59:28 {"d0": "0", "d3": "tick=1306040 goal=0 here=0 tx=7060:busy", "d5": "0"}
08:59:30 {"d0": "0", "d3": "tick=1306241 goal=0 here=0 tx=7063:lost", "d5": "0"}
08:59:32 {"d0": "0", "d3": "tick=1306441 goal=0 here=0 tx=7066:busy", "d5": "0"}
08:59:34 {"d0": "0", "d3": "tick=1306641 goal=0 here=0 tx=7068:busy", "d5": "0"}
08:59:36 {"d0": "0", "d3": "tick=1306841 goal=0 here=0 tx=7071:lost", "d5": "0"}
08:59:38 {"d0": "0", "d3": "tick=1307041 goal=0 here=0 tx=7074:busy", "d5": "0"}
08:59:40 {"d0": "0", "d3": "tick=1307241 goal=0 here=0 tx=7077:lost", "d5": "0"}
08:59:42 {"d0": "0", "d3": "tick=1307441 goal=0 here=0 tx=7080:busy", "d5": "0"}
08:59:44 {"d0": "0", "d3": "tick=1307641 goal=0 here=0 tx=7083:lost", "d5": "0"}
08:59:46 {"d0": "0", "d3": "tick=1307841 goal=0 here=0 tx=7086:busy", "d5": "0"}
08:59:48 {"d0": "0", "d3": "tick=1308042 goal=0 here=0 tx=7088:busy", "d5": "0"}
08:59:50 {"d0": "0", "d3": "tick=1308242 goal=0 here=0 tx=7091:lost", "d5": "0"}
08:59:52 {"d0": "0", "d3": "tick=1308442 goal=0 here=0 tx=7094:busy", "d5": "0"}
08:59:54 {"d0": "0", "d3": "tick=1308642 goal=0 here=0 tx=7097:lost", "d5": "0"}
08:59:56 {"d0": "0", "d3": "tick=1308842 goal=0 here=0 tx=7100:busy", "d5": "0"}
08:59:58 {"d0": "0", "d3": "tick=1309042 goal=0 here=0 tx=7103:lost", "d5": "0"}
09:00:00 {"d0": "0", "d3": "tick=1309242 goal=0 here=0 tx=7106:busy", "d5": "0"}
09:00:02 {"d0": "0", "d3": "tick=1309442 goal=0 here=0 tx=7109:lost", "d5": "0"}
09:00:04 {"d0": "0", "d3": "tick=1309642 goal=0 here=0 tx=7111:lost", "d5": "0"}
09:00:06 {"d0": "0", "d3": "tick=1309842 goal=0 here=0 tx=7114:busy", "d5": "0"}
09:00:08 {"d0": "0", "d3": "tick=1310042 goal=0 here=0 tx=7117:lost", "d5": "0"}
09:00:10 {"d0": "0", "d3": "tick=1310243 goal=0 here=0 tx=7120:busy", "d5": "0"}
09:00:12 {"d0": "0", "d3": "tick=1310443 goal=0 here=0 tx=7123:lost", "d5": "0"}
09:00:14 {"d0": "0", "d3": "tick=1310643 goal=0 here=0 tx=7126:busy", "d5": "0"}
09:00:16 {"d0": "0", "d3": "tick=1310843 goal=0 here=0 tx=7129:lost", "d5": "0"}
09:00:18 {"d0": "0", "d3": "tick=1311043 goal=0 here=0 tx=7131:lost", "d5": "0"}
09:00:20 {"d0": "0", "d3": "tick=1311243 goal=0 here=0 tx=7134:busy", "d5": ""}
09:00:22 {"d0": "0", "d3": "tick=1311443 goal=0 here=0 tx=7137:lost", "d5": "0"}
09:00:24 {"d0": "0", "d3": "tick=1311643 goal=0 here=0 tx=7140:busy", "d5": "0"}
09:00:26 {"d0": "0", "d3": "tick=1311843 goal=0 here=0 tx=7143:lost", "d5": ""}
09:00:28 {"d0": "0", "d3": "tick=1312044 goal=0 here=0 tx=7146:busy", "d5": "0"}
09:00:30 {"d0": "0", "d3": "tick=1312244 goal=0 here=0 tx=7149:lost", "d5": "0"}
09:00:32 {"d0": "0", "d3": "", "d5": "0"}
09:00:34 {"d0": "0", "d3": "tick=1312645 goal=0 here=0 tx=7154:busy", "d5": "0"}
09:00:36 {"d0": "0", "d3": "tick=1312845 goal=0 here=0 tx=7157:lost", "d5": "0"}
09:00:38 {"d0": "0", "d3": "tick=1313045 goal=0 here=0 tx=7160:busy", "d5": "0"}
09:00:40 {"d0": "0", "d3": "tick=1313245 goal=0 here=0 tx=7163:lost", "d5": "0"}
09:00:42 {"d0": "0", "d3": "tick=1313445 goal=0 here=0 tx=7166:busy", "d5": "0"}
09:00:44 {"d0": "0", "d3": "tick=1313645 goal=0 here=0 tx=7169:lost", "d5": "0"}
09:00:46 {"d0": "0", "d3": "tick=1313845 goal=0 here=0 tx=7171:lost", "d5": "0"}
09:00:48 {"d0": "0", "d3": "tick=1314045 goal=0 here=0 tx=7174:busy", "d5": "0"}
09:00:50 {"d0": "0", "d3": "tick=1314245 goal=0 here=0 tx=7177:lost", "d5": "0"}
09:00:52 {"d0": "0", "d3": "tick=1314445 goal=0 here=0 tx=7180:busy", "d5": "0"}
09:00:54 {"d0": "0", "d3": "tick=1314646 goal=0 here=0 tx=7183:lost", "d5": "0"}
09:00:56 {"d0": "0", "d3": "tick=1314846 goal=0 here=0 tx=7186:busy", "d5": "0"}
09:00:58 {"d0": "0", "d3": "tick=1315046 goal=0 here=0 tx=7189:lost", "d5": "0"}
09:01:00 {"d0": "0", "d3": "tick=1315246 goal=0 here=0 tx=7191:lost", "d5": "0"}
09:01:02 {"d0": "0", "d3": "tick=1315446 goal=0 here=0 tx=7194:busy", "d5": "0"}
09:01:04 {"d0": "0", "d3": "tick=1315646 goal=0 here=0 tx=7197:lost", "d5": "0"}
09:01:06 {"d0": "0", "d3": "tick=1315846 goal=0 here=0 tx=7200:busy", "d5": "0"}
09:01:08 {"d0": "0", "d3": "tick=1316046 goal=0 here=0 tx=7203:lost", "d5": "0"}
09:01:10 {"d0": "0", "d3": "tick=1316246 goal=0 here=0 tx=7206:busy", "d5": "0"}
09:01:12 {"d0": "0", "d3": "tick=1316446 goal=0 here=0 tx=7209:lost", "d5": "0"}
09:01:14 {"d0": "0", "d3": "tick=1316647 goal=0 here=0 tx=7211:lost", "d5": "0"}
09:01:16 {"d0": "0", "d3": "tick=1316847 goal=0 here=0 tx=7214:busy", "d5": "0"}
09:01:18 {"d0": "0", "d3": "tick=1317047 goal=0 here=0 tx=7217:lost", "d5": "0"}
09:01:20 {"d0": "0", "d3": "tick=1317247 goal=0 here=0 tx=7220:busy", "d5": "0"}
09:01:22 {"d0": "0", "d3": "tick=1317447 goal=0 here=0 tx=7223:lost", "d5": "0"}
09:01:24 {"d0": "0", "d3": "tick=1317647 goal=0 here=0 tx=7226:busy", "d5": "0"}
09:01:26 {"d0": "0", "d3": "tick=1317847 goal=0 here=0 tx=7229:lost", "d5": "0"}
09:01:28 {"d0": "0", "d3": "tick=1318048 goal=0 here=0 tx=7231:lost", "d5": ""}
09:01:30 {"d0": "0", "d3": "tick=1318248 goal=0 here=0 tx=7234:busy", "d5": "0"}
09:01:32 {"d0": "0", "d3": "tick=1318448 goal=0 here=0 tx=7237:lost", "d5": "0"}
09:01:34 {"d0": "0", "d3": "tick=1318648 goal=0 here=0 tx=7240:busy", "d5": "0"}
09:01:36 {"d0": "0", "d3": "tick=1318848 goal=0 here=0 tx=7243:lost", "d5": "0"}
09:01:38 {"d0": "0", "d3": "tick=1319048 goal=0 here=0 tx=7246:busy", "d5": "0"}
09:01:40 {"d0": "0", "d3": "tick=1319248 goal=0 here=0 tx=7249:lost", "d5": "0"}
09:01:42 {"d0": "0", "d3": "tick=1319449 goal=0 here=0 tx=7251:lost", "d5": "0"}
09:01:44 {"d0": "0", "d3": "tick=1319649 goal=0 here=0 tx=7254:busy", "d5": "0"}
09:01:46 {"d0": "0", "d3": "tick=1319849 goal=0 here=0 tx=7257:lost", "d5": "0"}
09:01:48 {"d0": "0", "d3": "tick=1320049 goal=0 here=0 tx=7260:busy", "d5": "0"}
09:01:50 {"d0": "0", "d3": "tick=1320249 goal=0 here=0 tx=7263:lost", "d5": "0"}
09:01:52 {"d0": "0", "d3": "tick=1320449 goal=0 here=0 tx=7266:busy", "d5": "0"}
09:01:54 {"d0": "0", "d3": "tick=1320650 goal=0 here=0 tx=7269:lost", "d5": "0"}
09:01:56 {"d0": "0", "d3": "tick=1320850 goal=0 here=0 tx=7271:lost", "d5": "0"}
09:01:58 {"d0": "0", "d3": "tick=1321050 goal=0 here=0 tx=7274:busy", "d5": "0"}
09:02:00 {"d0": "0", "d3": "tick=1321250 goal=0 here=0 tx=7277:lost", "d5": "0"}
09:02:02 {"d0": "0", "d3": "tick=1321450 goal=0 here=0 tx=7280:busy", "d5": "0"}
09:02:04 {"d0": "0", "d3": "tick=1321650 goal=0 here=0 tx=7283:lost", "d5": "0"}
09:02:06 {"d0": "0", "d3": "tick=1321850 goal=0 here=0 tx=7286:busy", "d5": "0"}
09:02:08 {"d0": "0", "d3": "tick=1322050 goal=0 here=0 tx=7289:lost", "d5": "0"}
09:02:10 {"d0": "0", "d3": "tick=1322250 goal=0 here=0 tx=7291:lost", "d5": ""}
09:02:12 {"d0": "0", "d3": "tick=1322451 goal=0 here=0 tx=7294:busy", "d5": "0"}
09:02:14 {"d0": "0", "d3": "", "d5": "0"}
09:02:16 {"d0": "0", "d3": "tick=1322851 goal=0 here=0 tx=7300:busy", "d5": "0"}
09:02:18 {"d0": "0", "d3": "tick=1323051 goal=0 here=0 tx=7303:lost", "d5": "0"}
09:02:20 {"d0": "0", "d3": "tick=1323251 goal=0 here=0 tx=7306:busy", "d5": "0"}
09:02:22 {"d0": "0", "d3": "tick=1323451 goal=0 here=0 tx=7309:lost", "d5": "0"}
09:02:24 {"d0": "0", "d3": "tick=1323652 goal=0 here=0 tx=7312:busy", "d5": "0"}
09:02:26 {"d0": "0", "d3": "tick=1323857 goal=0 here=0 tx=7314:busy", "d5": "0"}
09:02:28 {"d0": "0", "d3": "tick=1324058 goal=0 here=0 tx=7317:lost", "d5": "0"}
09:02:30 {"d0": "0", "d3": "tick=1324253 goal=0 here=0 tx=7320:busy", "d5": "0"}
09:02:32 {"d0": "0", "d3": "tick=1324458 goal=0 here=0 tx=7323:lost", "d5": "0"}
09:02:34 {"d0": "0", "d3": "tick=1324658 goal=0 here=0 tx=7326:busy", "d5": "0"}
09:02:36 {"d0": "0", "d3": "tick=1324858 goal=0 here=0 tx=7329:lost", "d5": "0"}
09:02:38 {"d0": "0", "d3": "tick=1325058 goal=0 here=0 tx=7332:busy", "d5": "0"}
09:02:40 {"d0": "0", "d3": "tick=1325258 goal=0 here=0 tx=7334:busy", "d5": "0"}
09:02:42 {"d0": "0", "d3": "tick=1325458 goal=0 here=0 tx=7337:lost", "d5": "0"}
09:02:44 {"d0": "0", "d3": "tick=1325658 goal=0 here=0 tx=7340:busy", "d5": "0"}
09:02:46 {"d0": "0", "d3": "tick=1325858 goal=0 here=0 tx=7343:lost", "d5": "0"}
09:02:48 {"d0": "0", "d3": "tick=1326059 goal=0 here=0 tx=7346:busy", "d5": "0"}
09:02:50 {"d0": "0", "d3": "tick=1326259 goal=0 here=0 tx=7349:lost", "d5": "0"}
09:02:52 {"d0": "0", "d3": "tick=1326459 goal=0 here=0 tx=7352:busy", "d5": "0"}
09:02:54 {"d0": "0", "d3": "tick=1326659 goal=0 here=0 tx=7354:busy", "d5": "0"}
09:02:56 {"d0": "0", "d3": "tick=1326859 goal=0 here=0 tx=7357:lost", "d5": "0"}
09:02:58 {"d0": "0", "d3": "tick=1327059 goal=0 here=0 tx=7360:busy", "d5": "0"}
09:03:00 {"d0": "0", "d3": "tick=1327259 goal=0 here=0 tx=7363:lost", "d5": "0"}
09:03:02 {"d0": "0", "d3": "tick=1327459 goal=0 here=0 tx=7366:busy", "d5": "0"}
09:03:04 {"d0": "0", "d3": "tick=1327659 goal=0 here=0 tx=7369:lost", "d5": "0"}
09:03:06 {"d0": "0", "d3": "tick=1327859 goal=0 here=0 tx=7372:busy", "d5": "0"}
09:03:08 {"d0": "0", "d3": "tick=1328059 goal=0 here=0 tx=7374:busy", "d5": "0"}
09:03:10 {"d0": "0", "d3": "tick=1328260 goal=0 here=0 tx=7377:lost", "d5": "0"}
09:03:12 {"d0": "0", "d3": "tick=1328460 goal=0 here=0 tx=7380:busy", "d5": "0"}
09:03:14 {"d0": "0", "d3": "tick=1328660 goal=0 here=0 tx=7383:lost", "d5": "0"}
09:03:16 {"d0": "0", "d3": "tick=1328860 goal=0 here=0 tx=7386:busy", "d5": "0"}
09:03:18 {"d0": "0", "d3": "tick=1329060 goal=0 here=0 tx=7389:lost", "d5": ""}
09:03:20 {"d0": "0", "d3": "tick=1329260 goal=0 here=0 tx=7392:busy", "d5": "0"}
09:03:22 {"d0": "0", "d3": "tick=1329460 goal=0 here=0 tx=7394:busy", "d5": "0"}
09:03:24 {"d0": "0", "d3": "tick=1329660 goal=0 here=0 tx=7397:lost", "d5": "0"}
09:03:26 {"d0": "0", "d3": "tick=1329860 goal=0 here=0 tx=7400:busy", "d5": "0"}
09:03:28 {"d0": "0", "d3": "", "d5": "0"}
09:03:30 {"d0": "0", "d3": "tick=1330260 goal=0 here=0 tx=7406:busy", "d5": "0"}
09:03:32 {"d0": "0", "d3": "tick=1330461 goal=0 here=0 tx=7409:lost", "d5": "0"}
09:03:34 {"d0": "0", "d3": "tick=1330661 goal=0 here=0 tx=7412:busy", "d5": "0"}
09:03:36 {"d0": "0", "d3": "tick=1330861 goal=0 here=0 tx=7414:busy", "d5": "0"}
09:03:38 {"d0": "0", "d3": "tick=1331061 goal=0 here=0 tx=7417:lost", "d5": "0"}
09:03:40 {"d0": "0", "d3": "tick=1331261 goal=0 here=0 tx=7420:busy", "d5": "0"}
09:03:42 {"d0": "0", "d3": "tick=1331461 goal=0 here=0 tx=7423:lost", "d5": "0"}
09:03:44 {"d0": "0", "d3": "tick=1331662 goal=0 here=0 tx=7426:busy", "d5": "0"}
09:03:46 {"d0": "0", "d3": "tick=1331862 goal=0 here=0 tx=7429:lost", "d5": "0"}
09:03:48 {"d0": "0", "d3": "tick=1332062 goal=0 here=0 tx=7432:busy", "d5": "0"}
09:03:50 {"d0": "0", "d3": "tick=1332262 goal=0 here=0 tx=7434:busy", "d5": "0"}
09:03:52 {"d0": "0", "d3": "tick=1332462 goal=0 here=0 tx=7437:lost", "d5": "0"}
09:03:54 {"d0": "0", "d3": "tick=1332662 goal=0 here=0 tx=7440:busy", "d5": "0"}
09:03:56 {"d0": "0", "d3": "tick=1332862 goal=0 here=0 tx=7443:lost", "d5": ""}
09:03:58 {"d0": "0", "d3": "tick=1333062 goal=0 here=0 tx=7446:busy", "d5": "0"}
09:04:00 {"d0": "0", "d3": "tick=1333262 goal=0 here=0 tx=7447:lost", "d5": "0"}
09:04:02 {"d0": "0", "d3": "tick=1333462 goal=0 here=0 tx=7447:lost", "d5": "0"}
09:04:04 {"d0": "0", "d3": "tick=1333663 goal=0 here=0 tx=7447:lost", "d5": "0"}
09:04:06 {"d0": "0", "d3": "tick=1333863 goal=0 here=0 tx=7447:lost", "d5": "0"}
09:04:08 {"d0": "0", "d3": "tick=1334063 goal=0 here=0 tx=7447:lost", "d5": "0"}
09:04:10 {"d0": "0", "d3": "tick=1334263 goal=0 here=0 tx=7447:lost", "d5": "0"}
09:04:12 {"d0": "0", "d3": "tick=1334463 goal=0 here=0 tx=7447:lost", "d5": "0"}
09:04:14 {"d0": "0", "d3": "tick=1334664 goal=0 here=0 tx=7447:lost", "d5": "1"}
09:04:16 {"d0": "0", "d3": "tick=1334864 goal=0 here=0 tx=7447:lost", "d5": "1"}
09:04:18 {"d0": "0", "d3": "tick=1335064 goal=0 here=0 tx=7447:lost", "d5": "1"}
09:04:20 {"d0": "0", "d3": "tick=1335264 goal=0 here=0 tx=7447:lost", "d5": "1"}
09:04:22 {"d0": "0", "d3": "tick=1335464 goal=0 here=0 tx=7447:lost", "d5": "1"}
09:04:24 {"d0": "0", "d3": "tick=1335664 goal=0 here=0 tx=7447:lost", "d5": "1"}
09:04:26 {"d0": "0", "d3": "tick=1335864 goal=0 here=0 tx=7447:lost", "d5": "1"}
09:04:28 {"d0": "0", "d3": "tick=1336064 goal=0 here=0 tx=7447:lost", "d5": "1"}
09:04:30 {"d0": "0", "d3": "tick=1336264 goal=0 here=0 tx=7448:lost", "d5": "0"}
09:04:32 {"d0": "0", "d3": "tick=1336464 goal=0 here=0 tx=7451:busy", "d5": "0"}
09:04:34 {"d0": "0", "d3": "tick=1336664 goal=0 here=0 tx=7454:lost", "d5": ""}
09:04:36 {"d0": "0", "d3": "tick=1336864 goal=0 here=0 tx=7457:busy", "d5": "0"}
09:04:38 {"d0": "0", "d3": "tick=1337064 goal=0 here=0 tx=7460:lost", "d5": "1"}
09:04:40 {"d0": "0", "d3": "tick=1337265 goal=0 here=0 tx=7463:busy", "d5": "1"}
09:04:42 {"d0": "0", "d3": "tick=1337465 goal=0 here=0 tx=7465:busy", "d5": "1"}
09:04:44 {"d0": "0", "d3": "tick=1337665 goal=0 here=0 tx=7468:lost", "d5": "0"}
09:04:46 {"d0": "0", "d3": "tick=1337865 goal=0 here=0 tx=7471:busy", "d5": "0"}
09:04:48 {"d0": "0", "d3": "tick=1338065 goal=0 here=0 tx=7474:lost", "d5": "0"}
09:04:50 {"d0": "0", "d3": "tick=1338265 goal=0 here=0 tx=7477:busy", "d5": "1"}
09:04:52 {"d0": "0", "d3": "tick=1338465 goal=0 here=0 tx=7480:lost", "d5": "1"}
09:04:54 {"d0": "0", "d3": "tick=1338665 goal=0 here=0 tx=7483:busy", "d5": "1"}
09:04:56 {"d0": "0", "d3": "tick=1338865 goal=0 here=0 tx=7485:busy", "d5": "0"}
09:04:58 {"d0": "0", "d3": "tick=1339065 goal=0 here=0 tx=7488:lost", "d5": "0"}
09:05:00 {"d0": "0", "d3": "tick=1339266 goal=0 here=0 tx=7491:busy", "d5": "0"}
09:05:02 {"d0": "0", "d3": "tick=1339466 goal=0 here=0 tx=7494:lost", "d5": "0"}
09:05:04 {"d0": "0", "d3": "tick=1339666 goal=0 here=0 tx=7497:busy", "d5": ""}
09:05:06 {"d0": "0", "d3": "tick=1339866 goal=0 here=0 tx=7500:lost", "d5": "1"}
09:05:08 {"d0": "0", "d3": "tick=1340066 goal=0 here=0 tx=7503:busy", "d5": "1"}
09:05:10 {"d0": "0", "d3": "tick=1340266 goal=0 here=0 tx=7505:busy", "d5": "0"}
09:05:12 {"d0": "0", "d3": "tick=1340466 goal=0 here=0 tx=7508:lost", "d5": "0"}
09:05:14 {"d0": "0", "d3": "tick=1340666 goal=0 here=0 tx=7511:busy", "d5": "0"}
09:05:16 {"d0": "0", "d3": "tick=1340866 goal=0 here=0 tx=7514:lost", "d5": "1"}
09:05:18 {"d0": "0", "d3": "tick=1341066 goal=0 here=0 tx=7517:busy", "d5": "1"}
09:05:20 {"d0": "0", "d3": "tick=1341266 goal=0 here=0 tx=7520:lost", "d5": "1"}
09:05:22 {"d0": "", "d3": "tick=1341466 goal=0 here=0 tx=7523:busy", "d5": "0"}
09:05:24 {"d0": "0", "d3": "tick=1341666 goal=0 here=0 tx=7525:busy", "d5": "0"}
09:05:26 {"d0": "0", "d3": "tick=1341867 goal=0 here=0 tx=7528:lost", "d5": ""}
09:05:28 {"d0": "0", "d3": "tick=1342067 goal=0 here=0 tx=7531:busy", "d5": "0"}
09:05:30 {"d0": "0", "d3": "tick=1342267 goal=0 here=0 tx=7534:lost", "d5": "0"}
09:05:32 {"d0": "0", "d3": "tick=1342467 goal=0 here=0 tx=7537:busy", "d5": "0"}
09:05:34 {"d0": "0", "d3": "tick=1342667 goal=0 here=0 tx=7540:lost", "d5": "0"}
09:05:36 {"d0": "0", "d3": "tick=1342867 goal=0 here=0 tx=7543:busy", "d5": "0"}
09:05:38 {"d0": "0", "d3": "tick=1343067 goal=0 here=0 tx=7545:busy", "d5": "0"}
09:05:40 {"d0": "0", "d3": "tick=1343267 goal=0 here=0 tx=7548:lost", "d5": ""}
09:05:42 {"d0": "0", "d3": "tick=1343467 goal=0 here=0 tx=7551:busy", "d5": "0"}
09:05:44 {"d0": "0", "d3": "tick=1343667 goal=0 here=0 tx=7554:lost", "d5": "0"}
09:05:46 {"d0": "0", "d3": "tick=1343867 goal=0 here=0 tx=7557:busy", "d5": "0"}
09:05:48 {"d0": "0", "d3": "tick=1344067 goal=0 here=0 tx=7560:lost", "d5": "0"}
09:05:50 {"d0": "0", "d3": "tick=1344267 goal=0 here=0 tx=7563:busy", "d5": "0"}
09:05:52 {"d0": "0", "d3": "tick=1344467 goal=0 here=0 tx=7565:busy", "d5": "0"}
09:05:54 {"d0": "0", "d3": "tick=1344668 goal=0 here=0 tx=7568:lost", "d5": "0"}
09:05:56 {"d0": "0", "d3": "tick=1344868 goal=0 here=0 tx=7571:busy", "d5": "0"}
09:05:58 {"d0": "0", "d3": "tick=1345068 goal=0 here=0 tx=7574:lost", "d5": "0"}
09:06:00 {"d0": "0", "d3": "tick=1345268 goal=0 here=0 tx=7577:busy", "d5": "0"}
09:06:02 {"d0": "0", "d3": "tick=1345468 goal=0 here=0 tx=7580:lost", "d5": "0"}
09:06:04 {"d0": "0", "d3": "tick=1345668 goal=0 here=0 tx=7583:busy", "d5": "0"}
09:06:06 {"d0": "0", "d3": "tick=1345868 goal=0 here=0 tx=7585:busy", "d5": "0"}
09:06:08 {"d0": "0", "d3": "tick=1346068 goal=0 here=0 tx=7588:lost", "d5": "0"}
09:06:10 {"d0": "0", "d3": "tick=1346268 goal=0 here=0 tx=7591:busy", "d5": "0"}
09:06:12 {"d0": "0", "d3": "tick=1346468 goal=0 here=0 tx=7594:lost", "d5": "0"}
09:06:14 {"d0": "0", "d3": "tick=1346668 goal=0 here=0 tx=7597:busy", "d5": "0"}
09:06:16 {"d0": "0", "d3": "tick=1346868 goal=0 here=0 tx=7600:lost", "d5": "0"}
09:06:18 {"d0": "0", "d3": "tick=1347068 goal=0 here=0 tx=7603:busy", "d5": "0"}
09:06:20 {"d0": "0", "d3": "tick=1347269 goal=0 here=0 tx=7605:busy", "d5": "0"}
09:06:22 {"d0": "0", "d3": "tick=1347469 goal=0 here=0 tx=7608:lost", "d5": "0"}
09:06:24 {"d0": "0", "d3": "tick=1347669 goal=0 here=0 tx=7611:busy", "d5": ""}
09:06:26 {"d0": "0", "d3": "tick=1347869 goal=0 here=0 tx=7614:lost", "d5": "0"}
09:06:28 {"d0": "0", "d3": "tick=1348069 goal=0 here=0 tx=7617:busy", "d5": "0"}
09:06:30 {"d0": "0", "d3": "tick=1348269 goal=0 here=0 tx=7620:lost", "d5": "0"}
09:06:32 {"d0": "0", "d3": "tick=1348469 goal=0 here=0 tx=7623:busy", "d5": "0"}
09:06:34 {"d0": "0", "d3": "tick=1348669 goal=0 here=0 tx=7625:busy", "d5": "0"}
09:06:36 {"d0": "0", "d3": "tick=1348869 goal=0 here=0 tx=7628:lost", "d5": "0"}
09:06:38 {"d0": "", "d3": "tick=1349069 goal=0 here=0 tx=7631:busy", "d5": "0"}
09:06:40 {"d0": "0", "d3": "tick=1349269 goal=0 here=0 tx=7634:lost", "d5": "0"}
09:06:42 {"d0": "0", "d3": "tick=1349469 goal=0 here=0 tx=7637:busy", "d5": "0"}
09:06:44 {"d0": "0", "d3": "tick=1349669 goal=0 here=0 tx=7640:lost", "d5": "0"}
09:06:46 {"d0": "0", "d3": "tick=1349869 goal=0 here=0 tx=7643:busy", "d5": "0"}
09:06:48 {"d0": "0", "d3": "tick=1350069 goal=0 here=0 tx=7645:busy", "d5": "0"}
09:06:50 {"d0": "0", "d3": "tick=1350269 goal=0 here=0 tx=7648:lost", "d5": "0"}
09:06:52 {"d0": "0", "d3": "tick=1350470 goal=0 here=0 tx=7651:busy", "d5": "0"}
09:06:54 {"d0": "0", "d3": "tick=1350670 goal=0 here=0 tx=7654:lost", "d5": "0"}
09:06:56 {"d0": "0", "d3": "tick=1350870 goal=0 here=0 tx=7657:busy", "d5": "0"}
09:06:58 {"d0": "0", "d3": "tick=1351070 goal=0 here=0 tx=7660:lost", "d5": "0"}
09:07:00 {"d0": "0", "d3": "tick=1351270 goal=0 here=0 tx=7663:busy", "d5": "0"}
09:07:02 {"d0": "0", "d3": "tick=1351470 goal=0 here=0 tx=7665:busy", "d5": "0"}
09:07:04 {"d0": "0", "d3": "tick=1351670 goal=0 here=0 tx=7668:lost", "d5": "0"}
09:07:06 {"d0": "0", "d3": "tick=1351870 goal=0 here=0 tx=7671:busy", "d5": "0"}
09:07:08 {"d0": "0", "d3": "tick=1352070 goal=0 here=0 tx=7674:lost", "d5": "0"}
09:07:10 {"d0": "0", "d3": "tick=1352270 goal=0 here=0 tx=7677:busy", "d5": "0"}
09:07:12 {"d0": "0", "d3": "tick=1352470 goal=0 here=0 tx=7680:lost", "d5": "0"}
09:07:14 {"d0": "0", "d3": "tick=1352670 goal=0 here=0 tx=7683:busy", "d5": "0"}
09:07:16 {"d0": "0", "d3": "tick=1352870 goal=0 here=0 tx=7685:busy", "d5": "0"}
09:07:18 {"d0": "0", "d3": "tick=1353070 goal=0 here=0 tx=7688:lost", "d5": "0"}
09:07:20 {"d0": "0", "d3": "tick=1353270 goal=0 here=0 tx=7691:busy", "d5": "0"}
09:07:22 {"d0": "0", "d3": "tick=1353471 goal=0 here=0 tx=7694:lost", "d5": "0"}
09:07:24 {"d0": "0", "d3": "tick=1353671 goal=0 here=0 tx=7697:busy", "d5": "0"}
09:07:26 {"d0": "0", "d3": "tick=1353871 goal=0 here=0 tx=7700:lost", "d5": "0"}
09:07:28 {"d0": "0", "d3": "tick=1354071 goal=0 here=0 tx=7703:busy", "d5": "0"}
09:07:30 {"d0": "0", "d3": "tick=1354271 goal=0 here=0 tx=7705:busy", "d5": "0"}
09:07:32 {"d0": "0", "d3": "tick=1354471 goal=0 here=0 tx=7708:lost", "d5": "0"}
09:07:34 {"d0": "0", "d3": "tick=1354671 goal=0 here=0 tx=7711:busy", "d5": "0"}
09:07:36 {"d0": "0", "d3": "tick=1354871 goal=0 here=0 tx=7714:lost", "d5": "0"}
09:07:38 {"d0": "0", "d3": "tick=1355071 goal=0 here=0 tx=7717:busy", "d5": "0"}
09:07:40 {"d0": "0", "d3": "tick=1355271 goal=0 here=0 tx=7720:lost", "d5": "0"}
09:07:42 {"d0": "0", "d3": "tick=1355471 goal=0 here=0 tx=7723:busy", "d5": "0"}
09:07:44 {"d0": "0", "d3": "tick=1355671 goal=0 here=0 tx=7725:busy", "d5": "0"}
09:07:46 {"d0": "0", "d3": "tick=1355871 goal=0 here=0 tx=7728:lost", "d5": "0"}
09:07:48 {"d0": "0", "d3": "tick=1356071 goal=0 here=0 tx=7731:busy", "d5": "0"}
09:07:50 {"d0": "0", "d3": "tick=1356271 goal=0 here=0 tx=7734:lost", "d5": "0"}
09:07:52 {"d0": "0", "d3": "tick=1356472 goal=0 here=0 tx=7737:busy", "d5": "0"}
09:07:54 {"d0": "0", "d3": "tick=1356672 goal=0 here=0 tx=7740:lost", "d5": "0"}
09:07:56 {"d0": "0", "d3": "tick=1356872 goal=0 here=0 tx=7743:busy", "d5": "0"}
09:07:58 {"d0": "0", "d3": "tick=1357072 goal=0 here=0 tx=7745:busy", "d5": "0"}
09:08:00 {"d0": "0", "d3": "tick=1357272 goal=0 here=0 tx=7748:lost", "d5": "0"}
09:08:02 {"d0": "0", "d3": "tick=1357472 goal=0 here=0 tx=7751:busy", "d5": "0"}
09:08:04 {"d0": "0", "d3": "tick=1357672 goal=0 here=0 tx=7754:lost", "d5": "0"}
09:08:06 {"d0": "0", "d3": "tick=1357872 goal=0 here=0 tx=7757:busy", "d5": "0"}
09:08:08 {"d0": "0", "d3": "tick=1358072 goal=0 here=0 tx=7760:lost", "d5": "0"}
09:08:10 {"d0": "0", "d3": "tick=1358272 goal=0 here=0 tx=7763:busy", "d5": "0"}
09:08:12 {"d0": "0", "d3": "tick=1358472 goal=0 here=0 tx=7766:lost", "d5": "0"}
09:08:14 {"d0": "0", "d3": "tick=1358672 goal=0 here=0 tx=7768:lost", "d5": "0"}
09:08:16 {"d0": "0", "d3": "tick=1358872 goal=0 here=0 tx=7771:busy", "d5": "0"}
09:08:18 {"d0": "0", "d3": "tick=1359072 goal=0 here=0 tx=7774:lost", "d5": "0"}
09:08:20 {"d0": "0", "d3": "tick=1359273 goal=0 here=0 tx=7777:busy", "d5": "0"}
09:08:22 {"d0": "0", "d3": "tick=1359473 goal=0 here=0 tx=7780:lost", "d5": "0"}
09:08:24 {"d0": "0", "d3": "tick=1359673 goal=0 here=0 tx=7783:busy", "d5": "0"}
09:08:26 {"d0": "0", "d3": "tick=1359873 goal=0 here=0 tx=7786:lost", "d5": "0"}
09:08:28 {"d0": "0", "d3": "tick=1360073 goal=0 here=0 tx=7788:lost", "d5": "0"}
09:08:30 {"d0": "0", "d3": "tick=1360273 goal=0 here=0 tx=7791:busy", "d5": ""}
09:08:32 {"d0": "0", "d3": "tick=1360473 goal=0 here=0 tx=7794:lost", "d5": "0"}
09:08:34 {"d0": "0", "d3": "tick=1360673 goal=0 here=0 tx=7797:busy", "d5": "0"}
09:08:36 {"d0": "0", "d3": "tick=1360873 goal=0 here=0 tx=7800:lost", "d5": "0"}
09:08:38 {"d0": "0", "d3": "tick=1361073 goal=0 here=0 tx=7803:busy", "d5": "0"}
09:08:40 {"d0": "0", "d3": "tick=1361273 goal=0 here=0 tx=7806:lost", "d5": "0"}
09:08:42 {"d0": "0", "d3": "tick=1361473 goal=0 here=0 tx=7808:lost", "d5": "0"}
09:08:44 {"d0": "0", "d3": "tick=1361673 goal=0 here=0 tx=7811:busy", "d5": "0"}
09:08:46 {"d0": "0", "d3": "tick=1361874 goal=0 here=0 tx=7814:lost", "d5": "0"}
09:08:48 {"d0": "0", "d3": "", "d5": "0"}
09:08:50 {"d0": "0", "d3": "tick=1362274 goal=0 here=0 tx=7820:lost", "d5": "0"}
09:08:52 {"d0": "0", "d3": "tick=1362474 goal=0 here=0 tx=7823:busy", "d5": "0"}
09:08:54 {"d0": "0", "d3": "tick=1362674 goal=0 here=0 tx=7826:lost", "d5": "0"}
09:08:56 {"d0": "0", "d3": "tick=1362874 goal=0 here=0 tx=7828:lost", "d5": "0"}
09:08:58 {"d0": "0", "d3": "tick=1363074 goal=0 here=0 tx=7831:busy", "d5": "0"}
09:09:00 {"d0": "0", "d3": "tick=1363274 goal=0 here=0 tx=7834:lost", "d5": "0"}
09:09:02 {"d0": "0", "d3": "tick=1363474 goal=0 here=0 tx=7837:busy", "d5": "0"}
09:09:04 {"d0": "0", "d3": "tick=1363674 goal=0 here=0 tx=7840:lost", "d5": "0"}
09:09:06 {"d0": "0", "d3": "tick=1363874 goal=0 here=0 tx=7843:busy", "d5": "0"}
09:09:08 {"d0": "0", "d3": "tick=1364074 goal=0 here=0 tx=7846:lost", "d5": "0"}
09:09:10 {"d0": "0", "d3": "tick=1364274 goal=0 here=0 tx=7848:lost", "d5": "0"}
09:09:12 {"d0": "0", "d3": "tick=1364474 goal=0 here=0 tx=7851:busy", "d5": "0"}
09:09:14 {"d0": "0", "d3": "tick=1364675 goal=0 here=0 tx=7854:lost", "d5": "0"}
09:09:16 {"d0": "0", "d3": "tick=1364875 goal=0 here=0 tx=7857:busy", "d5": "0"}
09:09:18 {"d0": "0", "d3": "tick=1365075 goal=0 here=0 tx=7860:lost", "d5": "0"}
09:09:20 {"d0": "0", "d3": "tick=1365275 goal=0 here=0 tx=7863:busy", "d5": "0"}
09:09:22 {"d0": "0", "d3": "tick=1365475 goal=0 here=0 tx=7866:lost", "d5": "0"}
09:09:24 {"d0": "0", "d3": "tick=1365675 goal=0 here=0 tx=7868:lost", "d5": "0"}
09:09:26 {"d0": "0", "d3": "tick=1365875 goal=0 here=0 tx=7871:busy", "d5": "0"}
09:09:28 {"d0": "0", "d3": "tick=1366075 goal=0 here=0 tx=7874:lost", "d5": "0"}
09:09:30 {"d0": "0", "d3": "tick=1366275 goal=0 here=0 tx=7877:busy", "d5": "0"}
09:09:32 {"d0": "0", "d3": "tick=1366475 goal=0 here=0 tx=7880:lost", "d5": "0"}
09:09:34 {"d0": "0", "d3": "tick=1366675 goal=0 here=0 tx=7883:busy", "d5": "0"}
09:09:36 {"d0": "0", "d3": "tick=1366875 goal=0 here=0 tx=7886:lost", "d5": "0"}
09:09:38 {"d0": "0", "d3": "tick=1367076 goal=0 here=0 tx=7888:lost", "d5": "0"}
09:09:40 {"d0": "0", "d3": "tick=1367276 goal=0 here=0 tx=7891:busy", "d5": "0"}
09:09:42 {"d0": "0", "d3": "tick=1367476 goal=0 here=0 tx=7894:lost", "d5": "0"}
09:09:44 {"d0": "0", "d3": "tick=1367676 goal=0 here=0 tx=7897:busy", "d5": "0"}
09:09:46 {"d0": "0", "d3": "tick=1367876 goal=0 here=0 tx=7900:lost", "d5": "0"}
09:09:48 {"d0": "0", "d3": "tick=1368076 goal=0 here=0 tx=7903:busy", "d5": "0"}
09:09:50 {"d0": "0", "d3": "tick=1368276 goal=0 here=0 tx=7906:lost", "d5": "0"}
09:09:52 {"d0": "0", "d3": "tick=1368476 goal=0 here=0 tx=7908:lost", "d5": "0"}
09:09:54 {"d0": "0", "d3": "tick=1368676 goal=0 here=0 tx=7911:busy", "d5": "0"}
09:09:56 {"d0": "0", "d3": "tick=1368876 goal=0 here=0 tx=7914:lost", "d5": "0"}
09:09:58 {"d0": "0", "d3": "tick=1369076 goal=0 here=0 tx=7917:busy", "d5": "0"}
09:10:00 {"d0": "0", "d3": "tick=1369276 goal=0 here=0 tx=7920:lost", "d5": "0"}
09:10:02 {"d0": "0", "d3": "tick=1369476 goal=0 here=0 tx=7923:busy", "d5": ""}
09:10:04 {"d0": "0", "d3": "tick=1369677 goal=0 here=0 tx=7926:lost", "d5": "0"}
09:10:06 {"d0": "0", "d3": "tick=1369877 goal=0 here=0 tx=7928:lost", "d5": "0"}
09:10:08 {"d0": "0", "d3": "tick=1370077 goal=0 here=0 tx=7931:busy", "d5": "0"}
09:10:10 {"d0": "0", "d3": "tick=1370277 goal=0 here=0 tx=7934:lost", "d5": "0"}
09:10:12 {"d0": "0", "d3": "tick=1370477 goal=0 here=0 tx=7937:busy", "d5": "0"}
09:10:14 {"d0": "0", "d3": "tick=1370677 goal=0 here=0 tx=7940:lost", "d5": "0"}
09:10:16 {"d0": "0", "d3": "tick=1370877 goal=0 here=0 tx=7943:busy", "d5": "0"}
09:10:18 {"d0": "0", "d3": "tick=1371077 goal=0 here=0 tx=7946:lost", "d5": "0"}
09:10:20 {"d0": "0", "d3": "tick=1371277 goal=0 here=0 tx=7948:lost", "d5": "0"}
09:10:22 {"d0": "0", "d3": "tick=1371477 goal=0 here=0 tx=7951:busy", "d5": "0"}
09:10:24 {"d0": "0", "d3": "tick=1371677 goal=0 here=0 tx=7954:lost", "d5": "0"}
09:10:26 {"d0": "0", "d3": "tick=1371877 goal=0 here=0 tx=7957:busy", "d5": "0"}
09:10:28 {"d0": "0", "d3": "tick=1372077 goal=0 here=0 tx=7960:lost", "d5": "0"}
09:10:30 {"d0": "0", "d3": "tick=1372277 goal=0 here=0 tx=7963:busy", "d5": "0"}
09:10:32 {"d0": "0", "d3": "tick=1372477 goal=0 here=0 tx=7966:lost", "d5": "0"}
09:10:34 {"d0": "0", "d3": "tick=1372678 goal=0 here=0 tx=7968:lost", "d5": "0"}
09:10:36 {"d0": "0", "d3": "tick=1372878 goal=0 here=0 tx=7971:busy", "d5": "0"}
09:10:38 {"d0": "0", "d3": "tick=1373078 goal=0 here=0 tx=7974:lost", "d5": ""}
09:10:40 {"d0": "0", "d3": "tick=1373278 goal=0 here=0 tx=7977:busy", "d5": "0"}
09:10:42 {"d0": "0", "d3": "tick=1373478 goal=0 here=0 tx=7980:lost", "d5": "0"}
09:10:44 {"d0": "0", "d3": "tick=1373678 goal=0 here=0 tx=7983:busy", "d5": "0"}
09:10:46 {"d0": "0", "d3": "tick=1373878 goal=0 here=0 tx=7986:lost", "d5": "0"}
09:10:48 {"d0": "0", "d3": "tick=1374078 goal=0 here=0 tx=7988:lost", "d5": "1"}
09:10:50 {"d0": "0", "d3": "tick=1374278 goal=0 here=0 tx=7991:busy", "d5": "1"}
09:10:52 {"d0": "0", "d3": "tick=1374478 goal=0 here=0 tx=7994:lost", "d5": "1"}
09:10:54 {"d0": "0", "d3": "tick=1374679 goal=0 here=0 tx=7997:busy", "d5": "0"}
09:10:56 {"d0": "", "d3": "tick=1374879 goal=0 here=0 tx=8000:lost", "d5": "0"}
09:10:58 {"d0": "0", "d3": "tick=1375079 goal=0 here=0 tx=8003:busy", "d5": "0"}
09:11:00 {"d0": "0", "d3": "tick=1375279 goal=0 here=0 tx=8006:lost", "d5": "1"}
09:11:02 {"d0": "0", "d3": "tick=1375479 goal=0 here=0 tx=8008:lost", "d5": "1"}
09:11:04 {"d0": "", "d3": "tick=1375679 goal=0 here=0 tx=8011:busy", "d5": "1"}
09:11:06 {"d0": "0", "d3": "tick=1375879 goal=0 here=0 tx=8014:lost", "d5": "0"}
09:11:08 {"d0": "0", "d3": "tick=1376080 goal=0 here=0 tx=8017:busy", "d5": "0"}
09:11:10 {"d0": "0", "d3": "tick=1376280 goal=0 here=0 tx=8020:lost", "d5": "0"}
09:11:12 {"d0": "0", "d3": "tick=1376480 goal=0 here=0 tx=8023:busy", "d5": "0"}
09:11:14 {"d0": "0", "d3": "tick=1376680 goal=0 here=0 tx=8026:lost", "d5": "1"}
09:11:16 {"d0": "0", "d3": "tick=1376880 goal=0 here=0 tx=8028:lost", "d5": "1"}
09:11:18 {"d0": "0", "d3": "tick=1377080 goal=0 here=0 tx=8031:busy", "d5": "1"}
09:11:20 {"d0": "0", "d3": "tick=1377280 goal=0 here=0 tx=8034:lost", "d5": "0"}
09:11:22 {"d0": "0", "d3": "tick=1377481 goal=0 here=0 tx=8037:busy", "d5": "0"}
09:11:24 {"d0": "0", "d3": "tick=1377681 goal=0 here=0 tx=8040:lost", "d5": "1"}
09:11:26 {"d0": "0", "d3": "tick=1377881 goal=0 here=0 tx=8043:busy", "d5": "0"}
09:11:28 {"d0": "0", "d3": "tick=1378081 goal=0 here=0 tx=8046:lost", "d5": "1"}
09:11:30 {"d0": "0", "d3": "tick=1378281 goal=0 here=0 tx=8048:lost", "d5": "0"}
09:11:33 {"d0": "0", "d3": "tick=1378481 goal=0 here=0 tx=8051:busy", "d5": "1"}
09:11:35 {"d0": "0", "d3": "tick=1378681 goal=0 here=0 tx=8054:lost", "d5": "0"}
09:11:37 {"d0": "0", "d3": "tick=1378881 goal=0 here=0 tx=8057:busy", "d5": "0"}
09:11:39 {"d0": "0", "d3": "tick=1379081 goal=0 here=0 tx=8060:lost", "d5": "0"}
09:11:41 {"d0": "0", "d3": "tick=1379282 goal=0 here=0 tx=8063:busy", "d5": "1"}
09:11:43 {"d0": "", "d3": "tick=1379482 goal=0 here=0 tx=8066:lost", "d5": "0"}
09:11:45 {"d0": "0", "d3": "tick=1379682 goal=0 here=0 tx=8068:lost", "d5": "0"}
09:11:47 {"d0": "0", "d3": "tick=1379882 goal=0 here=0 tx=8071:busy", "d5": "0"}
09:11:49 {"d0": "0", "d3": "tick=1380082 goal=0 here=0 tx=8074:lost", "d5": "1"}
09:11:51 {"d0": "0", "d3": "tick=1380282 goal=0 here=0 tx=8077:busy", "d5": "1"}
09:11:53 {"d0": "0", "d3": "tick=1380482 goal=0 here=0 tx=8080:lost", "d5": "1"}
09:11:55 {"d0": "0", "d3": "tick=1380682 goal=0 here=0 tx=8083:busy", "d5": "1"}
09:11:57 {"d0": "0", "d3": "tick=1380883 goal=0 here=0 tx=8086:lost", "d5": "0"}
09:11:59 {"d0": "0", "d3": "tick=1381083 goal=0 here=0 tx=8088:lost", "d5": "1"}
09:12:01 {"d0": "0", "d3": "tick=1381283 goal=0 here=0 tx=8091:busy", "d5": "0"}
09:12:03 {"d0": "0", "d3": "tick=1381483 goal=0 here=0 tx=8094:lost", "d5": ""}
09:12:05 {"d0": "0", "d3": "tick=1381683 goal=0 here=0 tx=8097:busy", "d5": "0"}
09:12:07 {"d0": "0", "d3": "tick=1381883 goal=0 here=0 tx=8100:lost", "d5": "0"}
09:12:09 {"d0": "0", "d3": "tick=1382083 goal=0 here=0 tx=8103:busy", "d5": "0"}
09:12:11 {"d0": "0", "d3": "tick=1382283 goal=0 here=0 tx=8106:lost", "d5": "1"}
09:12:13 {"d0": "0", "d3": "tick=1382484 goal=0 here=0 tx=8108:lost", "d5": "1"}
09:12:15 {"d0": "0", "d3": "tick=1382684 goal=0 here=0 tx=8111:busy", "d5": "1"}
09:12:17 {"d0": "0", "d3": "tick=1382884 goal=0 here=0 tx=8114:lost", "d5": "1"}
09:12:19 {"d0": "", "d3": "tick=1383084 goal=0 here=0 tx=8117:busy", "d5": "0"}
09:12:21 {"d0": "0", "d3": "tick=1383284 goal=0 here=0 tx=8120:lost", "d5": "1"}
09:12:23 {"d0": "0", "d3": "tick=1383484 goal=0 here=0 tx=8123:busy", "d5": "1"}
09:12:25 {"d0": "0", "d3": "tick=1383684 goal=0 here=0 tx=8126:lost", "d5": "1"}
09:12:27 {"d0": "0", "d3": "tick=1383884 goal=0 here=0 tx=8128:lost", "d5": "0"}
09:12:29 {"d0": "0", "d3": "tick=1384084 goal=0 here=0 tx=8131:busy", "d5": "0"}
09:12:31 {"d0": "0", "d3": "tick=1384285 goal=0 here=0 tx=8134:lost", "d5": "0"}
09:12:33 {"d0": "0", "d3": "tick=1384485 goal=0 here=0 tx=8137:busy", "d5": "0"}
09:12:35 {"d0": "0", "d3": "tick=1384685 goal=0 here=0 tx=8140:lost", "d5": "1"}
09:12:37 {"d0": "0", "d3": "tick=1384885 goal=0 here=0 tx=8143:busy", "d5": "0"}
09:12:39 {"d0": "0", "d3": "tick=1385084 goal=0 here=0 tx=8146:lost", "d5": "1"}
09:12:41 {"d0": "0", "d3": "tick=1385290 goal=0 here=0 tx=8149:busy", "d5": "0"}
09:12:43 {"d0": "0", "d3": "tick=1385490 goal=0 here=0 tx=8151:busy", "d5": "1"}
09:12:45 {"d0": "0", "d3": "tick=1385691 goal=0 here=0 tx=8154:lost", "d5": "1"}
09:12:47 {"d0": "0", "d3": "tick=1385891 goal=0 here=0 tx=8157:busy", "d5": "1"}
09:12:49 {"d0": "0", "d3": "tick=1386091 goal=0 here=0 tx=8160:lost", "d5": "1"}
09:12:51 {"d0": "0", "d3": "tick=1386291 goal=0 here=0 tx=8163:busy", "d5": "1"}
09:12:53 {"d0": "0", "d3": "tick=1386491 goal=0 here=0 tx=8166:lost", "d5": "0"}
09:12:55 {"d0": "0", "d3": "", "d5": "0"}
09:12:57 {"d0": "0", "d3": "tick=1386891 goal=0 here=0 tx=8171:busy", "d5": "0"}
09:12:59 {"d0": "0", "d3": "tick=1387091 goal=0 here=0 tx=8174:lost", "d5": "0"}
09:13:01 {"d0": "0", "d3": "tick=1387291 goal=0 here=0 tx=8177:busy", "d5": "1"}
09:13:03 {"d0": "0", "d3": "tick=1387491 goal=0 here=0 tx=8180:lost", "d5": ""}
09:13:05 {"d0": "0", "d3": "tick=1387691 goal=0 here=0 tx=8183:busy", "d5": "1"}
09:13:07 {"d0": "0", "d3": "tick=1387891 goal=0 here=0 tx=8186:lost", "d5": "0"}
09:13:09 {"d0": "0", "d3": "tick=1388092 goal=0 here=0 tx=8189:busy", "d5": "0"}
09:13:11 {"d0": "0", "d3": "tick=1388292 goal=0 here=0 tx=8191:busy", "d5": "1"}
09:13:13 {"d0": "0", "d3": "tick=1388492 goal=0 here=0 tx=8194:lost", "d5": "1"}
09:13:15 {"d0": "0", "d3": "tick=1388692 goal=0 here=0 tx=8197:busy", "d5": "1"}
09:13:17 {"d0": "", "d3": "tick=1388892 goal=0 here=0 tx=8200:lost", "d5": "1"}
09:13:19 {"d0": "0", "d3": "tick=1389092 goal=0 here=0 tx=8203:busy", "d5": "0"}
09:13:21 {"d0": "0", "d3": "tick=1389292 goal=0 here=0 tx=8206:lost", "d5": "0"}
09:13:23 {"d0": "0", "d3": "tick=1389492 goal=0 here=0 tx=8209:busy", "d5": "0"}
09:13:25 {"d0": "0", "d3": "tick=1389693 goal=0 here=0 tx=8211:busy", "d5": "0"}
09:13:27 {"d0": "0", "d3": "tick=1389893 goal=0 here=0 tx=8214:lost", "d5": "0"}
09:13:29 {"d0": "0", "d3": "tick=1390093 goal=0 here=0 tx=8217:busy", "d5": "1"}
09:13:31 {"d0": "0", "d3": "tick=1390293 goal=0 here=0 tx=8220:lost", "d5": "0"}
09:13:33 {"d0": "0", "d3": "", "d5": "0"}
09:13:35 {"d0": "0", "d3": "tick=1390693 goal=0 here=0 tx=8226:lost", "d5": "1"}
09:13:37 {"d0": "0", "d3": "tick=1390893 goal=0 here=0 tx=8229:busy", "d5": "1"}
09:13:39 {"d0": "0", "d3": "tick=1391093 goal=0 here=0 tx=8231:busy", "d5": "0"}
09:13:41 {"d0": "0", "d3": "tick=1391293 goal=0 here=0 tx=8234:lost", "d5": "1"}
09:13:43 {"d0": "0", "d3": "tick=1391493 goal=0 here=0 tx=8237:busy", "d5": "1"}
09:13:45 {"d0": "0", "d3": "tick=1391693 goal=0 here=0 tx=8240:lost", "d5": "0"}
09:13:47 {"d0": "0", "d3": "tick=1391894 goal=0 here=0 tx=8243:busy", "d5": "0"}
09:13:49 {"d0": "0", "d3": "tick=1392094 goal=0 here=0 tx=8246:lost", "d5": "0"}
09:13:51 {"d0": "0", "d3": "tick=1392294 goal=0 here=0 tx=8249:busy", "d5": "0"}
09:13:53 {"d0": "0", "d3": "tick=1392494 goal=0 here=0 tx=8251:busy", "d5": "0"}
09:13:55 {"d0": "0", "d3": "tick=1392694 goal=0 here=0 tx=8254:lost", "d5": "0"}
09:13:57 {"d0": "0", "d3": "tick=1392894 goal=0 here=0 tx=8257:busy", "d5": "1"}
09:13:59 {"d0": "0", "d3": "tick=1393094 goal=0 here=0 tx=8260:lost", "d5": "0"}
09:14:01 {"d0": "0", "d3": "", "d5": "0"}
09:14:03 {"d0": "0", "d3": "tick=1393494 goal=0 here=0 tx=8266:lost", "d5": "1"}
09:14:05 {"d0": "", "d3": "tick=1393694 goal=0 here=0 tx=8269:busy", "d5": "1"}
09:14:07 {"d0": "0", "d3": "tick=1393894 goal=0 here=0 tx=8271:busy", "d5": "1"}
09:14:09 {"d0": "0", "d3": "tick=1394095 goal=0 here=0 tx=8274:lost", "d5": "1"}
09:14:11 {"d0": "0", "d3": "tick=1394295 goal=0 here=0 tx=8277:busy", "d5": "1"}
09:14:13 {"d0": "0", "d3": "tick=1394495 goal=0 here=0 tx=8280:lost", "d5": "0"}
09:14:15 {"d0": "0", "d3": "tick=1394695 goal=0 here=0 tx=8283:busy", "d5": "0"}
09:14:17 {"d0": "0", "d3": "", "d5": "0"}
09:14:19 {"d0": "0", "d3": "tick=1395095 goal=0 here=0 tx=8289:busy", "d5": "0"}
09:14:21 {"d0": "0", "d3": "tick=1395295 goal=0 here=0 tx=8291:busy", "d5": "0"}
09:14:23 {"d0": "0", "d3": "tick=1395495 goal=0 here=0 tx=8292:lost", "d5": "1"}
09:14:25 {"d0": "0", "d3": "tick=1395695 goal=0 here=0 tx=8292:lost", "d5": "1"}
09:14:27 {"d0": "0", "d3": "tick=1395895 goal=0 here=0 tx=8292:lost", "d5": "0"}
09:14:29 {"d0": "0", "d3": "tick=1396096 goal=0 here=0 tx=8292:lost", "d5": "1"}
09:14:31 {"d0": "0", "d3": "tick=1396296 goal=0 here=0 tx=8292:lost", "d5": "1"}
09:14:33 {"d0": "0", "d3": "tick=1396496 goal=0 here=0 tx=8292:lost", "d5": "1"}
09:14:35 {"d0": "0", "d3": "tick=1396696 goal=0 here=0 tx=8292:lost", "d5": "1"}
09:14:37 {"d0": "0", "d3": "tick=1396896 goal=0 here=0 tx=8292:lost", "d5": "1"}
09:14:39 {"d0": "0", "d3": "tick=1397096 goal=0 here=0 tx=8292:lost", "d5": "1"}
09:14:41 {"d0": "0", "d3": "tick=1397296 goal=0 here=0 tx=8292:lost", "d5": "1"}
09:14:43 {"d0": "0", "d3": "tick=1397496 goal=0 here=0 tx=8292:lost", "d5": "0"}
09:14:45 {"d0": "0", "d3": "tick=1397696 goal=0 here=0 tx=8292:lost", "d5": "1"}
09:14:47 {"d0": "0", "d3": "tick=1397896 goal=0 here=0 tx=8292:lost", "d5": "1"}
09:14:49 {"d0": "0", "d3": "tick=1398096 goal=0 here=0 tx=8292:lost", "d5": "1"}
09:14:51 {"d0": "0", "d3": "tick=1398296 goal=0 here=0 tx=8292:lost", "d5": "1"}
09:14:53 {"d0": "0", "d3": "tick=1398496 goal=0 here=0 tx=8292:lost", "d5": ""}
09:14:55 {"d0": "0", "d3": "tick=1398696 goal=0 here=0 tx=8292:lost", "d5": "1"}
09:14:57 {"d0": "0", "d3": "tick=1398897 goal=0 here=0 tx=8292:lost", "d5": "1"}
09:14:59 {"d0": "0", "d3": "tick=1399097 goal=0 here=0 tx=8292:lost", "d5": "1"}
09:15:01 {"d0": "0", "d3": "tick=1399297 goal=0 here=0 tx=8292:lost", "d5": "1"}
09:15:03 {"d0": "0", "d3": "tick=1399497 goal=0 here=0 tx=8292:lost", "d5": "1"}
09:15:05 {"d0": "0", "d3": "tick=1399698 goal=0 here=0 tx=8292:lost", "d5": "1"}
09:15:07 {"d0": "0", "d3": "tick=1399898 goal=0 here=0 tx=8292:lost", "d5": "1"}
09:15:09 {"d0": "0", "d3": "tick=1400098 goal=0 here=0 tx=8292:lost", "d5": "1"}
09:15:11 {"d0": "0", "d3": "tick=1400298 goal=0 here=0 tx=8292:lost", "d5": "1"}
09:15:13 {"d0": "0", "d3": "tick=1400498 goal=0 here=0 tx=8292:lost", "d5": "1"}
09:15:15 {"d0": "0", "d3": "tick=1400698 goal=0 here=0 tx=8292:lost", "d5": "1"}
09:15:17 {"d0": "0", "d3": "tick=1400899 goal=0 here=0 tx=8292:lost", "d5": "1"}
09:15:19 {"d0": "0", "d3": "tick=1401099 goal=0 here=0 tx=8292:lost", "d5": ""}
09:15:21 {"d0": "0", "d3": "tick=1401299 goal=0 here=0 tx=8292:lost", "d5": "1"}
09:15:23 {"d0": "0", "d3": "tick=1401499 goal=0 here=0 tx=8292:lost", "d5": "1"}
09:15:25 {"d0": "0", "d3": "tick=1401699 goal=0 here=0 tx=8292:lost", "d5": "1"}
09:15:27 {"d0": "0", "d3": "tick=1401899 goal=0 here=0 tx=8292:lost", "d5": "1"}
09:15:29 {"d0": "0", "d3": "tick=1402099 goal=0 here=0 tx=8292:lost", "d5": ""}
09:15:31 {"d0": "0", "d3": "tick=1402299 goal=0 here=0 tx=8292:lost", "d5": "1"}
09:15:33 {"d0": "0", "d3": "tick=1402500 goal=0 here=0 tx=8292:lost", "d5": "1"}
09:15:35 {"d0": "0", "d3": "tick=1402700 goal=0 here=0 tx=8292:lost", "d5": "1"}
09:15:37 {"d0": "0", "d3": "tick=1402900 goal=0 here=0 tx=8292:lost", "d5": "1"}
09:15:39 {"d0": "0", "d3": "tick=1403100 goal=0 here=0 tx=8292:lost", "d5": "1"}
09:15:41 {"d0": "0", "d3": "tick=1403300 goal=0 here=0 tx=8292:lost", "d5": "1"}
09:15:43 {"d0": "0", "d3": "tick=1403500 goal=0 here=0 tx=8292:lost", "d5": "1"}
09:15:45 {"d0": "0", "d3": "tick=1403700 goal=0 here=0 tx=8292:lost", "d5": "1"}
09:15:47 {"d0": "0", "d3": "tick=1403900 goal=0 here=0 tx=8292:lost", "d5": "1"}
09:15:49 {"d0": "0", "d3": "tick=1404102 goal=0 here=0 tx=8292:lost", "d5": "1"}
09:15:51 {"d0": "0", "d3": "tick=1404305 goal=0 here=0 tx=8292:lost", "d5": "1"}
09:15:53 {"d0": "0", "d3": "tick=1404505 goal=0 here=0 tx=8292:lost", "d5": "1"}
09:15:55 {"d0": "0", "d3": "tick=1404706 goal=0 here=0 tx=8293:lost", "d5": "0"}
09:15:57 {"d0": "0", "d3": "tick=1404906 goal=0 here=0 tx=8296:busy", "d5": "0"}
09:15:59 {"d0": "0", "d3": "tick=1405106 goal=0 here=0 tx=8299:lost", "d5": "0"}
09:16:01 {"d0": "0", "d3": "tick=1405306 goal=0 here=0 tx=8302:busy", "d5": "0"}
09:16:03 {"d0": "0", "d3": "tick=1405506 goal=0 here=0 tx=8304:busy", "d5": "1"}
09:16:05 {"d0": "0", "d3": "tick=1405706 goal=0 here=0 tx=8307:lost", "d5": "1"}
09:16:07 {"d0": "0", "d3": "", "d5": "1"}
09:16:09 {"d0": "0", "d3": "tick=1406106 goal=0 here=0 tx=8313:lost", "d5": "0"}
09:16:11 {"d0": "0", "d3": "tick=1406306 goal=0 here=0 tx=8316:busy", "d5": "0"}
09:16:13 {"d0": "0", "d3": "tick=1406507 goal=0 here=0 tx=8319:lost", "d5": "0"}
09:16:15 {"d0": "0", "d3": "tick=1406707 goal=0 here=0 tx=8322:busy", "d5": "0"}
09:16:17 {"d0": "0", "d3": "tick=1406907 goal=0 here=0 tx=8324:busy", "d5": "1"}
09:16:19 {"d0": "0", "d3": "tick=1407107 goal=0 here=0 tx=8327:lost", "d5": "1"}
09:16:21 {"d0": "0", "d3": "tick=1407307 goal=0 here=0 tx=8330:busy", "d5": "0"}
09:16:23 {"d0": "0", "d3": "tick=1407507 goal=0 here=0 tx=8333:lost", "d5": "0"}
09:16:25 {"d0": "0", "d3": "tick=1407707 goal=0 here=0 tx=8336:busy", "d5": "0"}
09:16:27 {"d0": "0", "d3": "tick=1407907 goal=0 here=0 tx=8339:lost", "d5": "0"}
09:16:29 {"d0": "0", "d3": "tick=1408107 goal=0 here=0 tx=8342:busy", "d5": "0"}
09:16:31 {"d0": "0", "d3": "tick=1408307 goal=0 here=0 tx=8344:busy", "d5": "0"}
09:16:33 {"d0": "0", "d3": "tick=1408508 goal=0 here=0 tx=8347:lost", "d5": "0"}
09:16:35 {"d0": "0", "d3": "tick=1408708 goal=0 here=0 tx=8350:busy", "d5": "1"}
09:16:37 {"d0": "0", "d3": "tick=1408908 goal=0 here=0 tx=8353:lost", "d5": "0"}
09:16:39 {"d0": "0", "d3": "tick=1409108 goal=0 here=0 tx=8356:busy", "d5": "0"}
09:16:41 {"d0": "0", "d3": "tick=1409308 goal=0 here=0 tx=8359:lost", "d5": "0"}
09:16:43 {"d0": "0", "d3": "tick=1409508 goal=0 here=0 tx=8362:busy", "d5": "0"}
09:16:45 {"d0": "0", "d3": "tick=1409708 goal=0 here=0 tx=8364:busy", "d5": "0"}
09:16:47 {"d0": "0", "d3": "tick=1409908 goal=0 here=0 tx=8367:lost", "d5": "0"}
09:16:49 {"d0": "0", "d3": "tick=1410108 goal=0 here=0 tx=8370:busy", "d5": "0"}
09:16:51 {"d0": "0", "d3": "tick=1410308 goal=0 here=0 tx=8373:lost", "d5": "0"}
09:16:53 {"d0": "0", "d3": "tick=1410508 goal=0 here=0 tx=8376:busy", "d5": "0"}
09:16:55 {"d0": "0", "d3": "tick=1410709 goal=0 here=0 tx=8379:lost", "d5": "0"}
09:16:57 {"d0": "0", "d3": "tick=1410909 goal=0 here=0 tx=8382:busy", "d5": "0"}
09:16:59 {"d0": "0", "d3": "tick=1411109 goal=0 here=0 tx=8384:busy", "d5": "1"}
09:17:01 {"d0": "0", "d3": "tick=1411309 goal=0 here=0 tx=8387:lost", "d5": "1"}
09:17:03 {"d0": "0", "d3": "tick=1411509 goal=0 here=0 tx=8390:busy", "d5": "0"}
09:17:05 {"d0": "0", "d3": "tick=1411709 goal=0 here=0 tx=8393:lost", "d5": "0"}
09:17:07 {"d0": "0", "d3": "tick=1411909 goal=0 here=0 tx=8396:busy", "d5": "0"}
09:17:09 {"d0": "0", "d3": "tick=1412109 goal=0 here=0 tx=8399:lost", "d5": "0"}
09:17:11 {"d0": "0", "d3": "tick=1412309 goal=0 here=0 tx=8402:busy", "d5": "0"}
09:17:13 {"d0": "0", "d3": "tick=1412509 goal=0 here=0 tx=8404:busy", "d5": "0"}
09:17:15 {"d0": "0", "d3": "tick=1412709 goal=0 here=0 tx=8407:lost", "d5": "1"}
09:17:17 {"d0": "0", "d3": "tick=1412909 goal=0 here=0 tx=8410:busy", "d5": "1"}
09:17:19 {"d0": "0", "d3": "tick=1413109 goal=0 here=0 tx=8414:busy", "d5": "1"}
09:17:21 {"d0": "0", "d3": "tick=1413309 goal=0 here=0 tx=8417:busy", "d5": "1"}
09:17:23 {"d0": "0", "d3": "tick=1413510 goal=0 here=0 tx=8420:lost", "d5": "1"}
09:17:25 {"d0": "0", "d3": "tick=1413710 goal=0 here=0 tx=8423:busy", "d5": "1"}
09:17:27 {"d0": "0", "d3": "tick=1413910 goal=0 here=0 tx=8425:busy", "d5": "1"}
09:17:29 {"d0": "0", "d3": "tick=1414110 goal=0 here=0 tx=8428:lost", "d5": "0"}
09:17:31 {"d0": "0", "d3": "tick=1414310 goal=0 here=0 tx=8431:busy", "d5": "1"}
09:17:33 {"d0": "0", "d3": "tick=1414510 goal=0 here=0 tx=8434:lost", "d5": "1"}
09:17:35 {"d0": "0", "d3": "tick=1414710 goal=0 here=0 tx=8437:busy", "d5": "1"}
09:17:37 {"d0": "0", "d3": "tick=1414911 goal=0 here=0 tx=8440:lost", "d5": "1"}
09:17:39 {"d0": "0", "d3": "tick=1415111 goal=0 here=0 tx=8443:busy", "d5": "0"}
09:17:41 {"d0": "0", "d3": "tick=1415311 goal=0 here=0 tx=8445:busy", "d5": "0"}
09:17:43 {"d0": "0", "d3": "tick=1415511 goal=0 here=0 tx=8448:lost", "d5": "0"}
09:17:45 {"d0": "0", "d3": "tick=1415711 goal=0 here=0 tx=8451:busy", "d5": "0"}
09:17:47 {"d0": "0", "d3": "tick=1415911 goal=0 here=0 tx=8454:lost", "d5": "0"}
09:17:49 {"d0": "0", "d3": "tick=1416111 goal=0 here=0 tx=8457:busy", "d5": "0"}
09:17:51 {"d0": "0", "d3": "tick=1416311 goal=0 here=0 tx=8460:lost", "d5": "0"}
09:17:53 {"d0": "0", "d3": "tick=1416511 goal=0 here=0 tx=8463:busy", "d5": "1"}
09:17:55 {"d0": "0", "d3": "tick=1416711 goal=0 here=0 tx=8465:busy", "d5": "0"}
09:17:57 {"d0": "0", "d3": "tick=1416911 goal=0 here=0 tx=8468:lost", "d5": "0"}
09:17:59 {"d0": "0", "d3": "tick=1417112 goal=0 here=0 tx=8471:busy", "d5": "0"}
09:18:01 {"d0": "0", "d3": "tick=1417312 goal=0 here=0 tx=8474:lost", "d5": "0"}
09:18:03 {"d0": "0", "d3": "tick=1417512 goal=0 here=0 tx=8477:busy", "d5": "1"}
09:18:05 {"d0": "0", "d3": "tick=1417712 goal=0 here=0 tx=8480:lost", "d5": "1"}
09:18:07 {"d0": "0", "d3": "tick=1417912 goal=0 here=0 tx=8483:busy", "d5": "1"}
09:18:09 {"d0": "0", "d3": "", "d5": "0"}
09:18:11 {"d0": "0", "d3": "tick=1418312 goal=0 here=0 tx=8488:lost", "d5": "0"}
09:18:13 {"d0": "0", "d3": "tick=1418512 goal=0 here=0 tx=8491:busy", "d5": "0"}
09:18:15 {"d0": "0", "d3": "tick=1418712 goal=0 here=0 tx=8494:lost", "d5": "1"}
09:18:17 {"d0": "0", "d3": "tick=1418912 goal=0 here=0 tx=8497:busy", "d5": "1"}
09:18:19 {"d0": "0", "d3": "tick=1419112 goal=0 here=0 tx=8500:lost", "d5": "1"}
09:18:21 {"d0": "0", "d3": "tick=1419312 goal=0 here=0 tx=8503:busy", "d5": ""}
09:18:23 {"d0": "0", "d3": "tick=1419512 goal=0 here=0 tx=8506:lost", "d5": "0"}
09:18:25 {"d0": "0", "d3": "tick=1419712 goal=0 here=0 tx=8508:lost", "d5": "0"}
09:18:27 {"d0": "0", "d3": "tick=1419912 goal=0 here=0 tx=8511:busy", "d5": "0"}
09:18:29 {"d0": "0", "d3": "tick=1420113 goal=0 here=0 tx=8514:lost", "d5": "0"}
09:18:31 {"d0": "0", "d3": "tick=1420313 goal=0 here=0 tx=8517:busy", "d5": "0"}
09:18:33 {"d0": "0", "d3": "tick=1420513 goal=0 here=0 tx=8520:lost", "d5": "0"}
09:18:35 {"d0": "0", "d3": "tick=1420713 goal=0 here=0 tx=8523:busy", "d5": "1"}
09:18:37 {"d0": "0", "d3": "tick=1420913 goal=0 here=0 tx=8526:lost", "d5": "0"}
09:18:39 {"d0": "0", "d3": "tick=1421113 goal=0 here=0 tx=8528:lost", "d5": "1"}
09:18:41 {"d0": "0", "d3": "tick=1421313 goal=0 here=0 tx=8531:busy", "d5": "1"}
09:18:43 {"d0": "0", "d3": "tick=1421514 goal=0 here=0 tx=8534:lost", "d5": "1"}
09:18:45 {"d0": "0", "d3": "tick=1421714 goal=0 here=0 tx=8537:busy", "d5": "1"}
09:18:47 {"d0": "0", "d3": "tick=1421914 goal=0 here=0 tx=8540:lost", "d5": "1"}
09:18:49 {"d0": "0", "d3": "", "d5": "0"}
09:18:51 {"d0": "0", "d3": "tick=1422314 goal=0 here=0 tx=8547:lost", "d5": "0"}
09:18:53 {"d0": "0", "d3": "tick=1422514 goal=0 here=0 tx=8549:lost", "d5": "0"}
09:18:55 {"d0": "0", "d3": "tick=1422714 goal=0 here=0 tx=8552:busy", "d5": "0"}
09:18:57 {"d0": "0", "d3": "tick=1422914 goal=0 here=0 tx=8555:lost", "d5": "1"}
09:18:59 {"d0": "0", "d3": "tick=1423115 goal=0 here=0 tx=8556:busy", "d5": "1"}
09:19:01 {"d0": "0", "d3": "tick=1423315 goal=0 here=0 tx=8556:busy", "d5": ""}
09:19:03 {"d0": "0", "d3": "tick=1423515 goal=0 here=0 tx=8556:busy", "d5": "1"}
09:19:05 {"d0": "0", "d3": "tick=1423715 goal=0 here=0 tx=8556:busy", "d5": "1"}
09:19:07 {"d0": "0", "d3": "tick=1423915 goal=0 here=0 tx=8556:busy", "d5": "1"}
09:19:09 {"d0": "0", "d3": "tick=1424115 goal=0 here=0 tx=8556:busy", "d5": "1"}
09:19:11 {"d0": "0", "d3": "tick=1424315 goal=0 here=0 tx=8556:busy", "d5": "1"}
09:19:13 {"d0": "0", "d3": "tick=1424515 goal=0 here=0 tx=8556:busy", "d5": "1"}
09:19:15 {"d0": "0", "d3": "tick=1424715 goal=0 here=0 tx=8556:busy", "d5": "1"}
09:19:17 {"d0": "0", "d3": "tick=1424916 goal=0 here=0 tx=8556:busy", "d5": "1"}
09:19:19 {"d0": "0", "d3": "tick=1425116 goal=0 here=0 tx=8556:busy", "d5": "1"}
09:19:21 {"d0": "0", "d3": "tick=1425316 goal=0 here=0 tx=8556:busy", "d5": "1"}
09:19:23 {"d0": "0", "d3": "tick=1425516 goal=0 here=0 tx=8557:lost", "d5": "0"}
09:19:25 {"d0": "0", "d3": "tick=1425717 goal=0 here=0 tx=8560:busy", "d5": "0"}
09:19:27 {"d0": "0", "d3": "tick=1425917 goal=0 here=0 tx=8563:lost", "d5": "0"}
09:19:29 {"d0": "0", "d3": "tick=1426117 goal=0 here=0 tx=8566:busy", "d5": "1"}
09:19:31 {"d0": "0", "d3": "tick=1426317 goal=0 here=0 tx=8569:lost", "d5": "1"}
09:19:33 {"d0": "0", "d3": "tick=1426517 goal=0 here=0 tx=8572:busy", "d5": "1"}
09:19:35 {"d0": "0", "d3": "tick=1426717 goal=0 here=0 tx=8574:busy", "d5": "1"}
09:19:37 {"d0": "0", "d3": "tick=1426917 goal=0 here=0 tx=8577:lost", "d5": "0"}
09:19:39 {"d0": "0", "d3": "tick=1427117 goal=0 here=0 tx=8580:busy", "d5": "0"}
09:19:41 {"d0": "0", "d3": "tick=1427318 goal=0 here=0 tx=8583:lost", "d5": "0"}
09:19:43 {"d0": "0", "d3": "tick=1427520 goal=0 here=0 tx=8586:busy", "d5": "0"}
09:19:45 {"d0": "0", "d3": "tick=1427724 goal=0 here=0 tx=8589:lost", "d5": "0"}
09:19:47 {"d0": "0", "d3": "tick=1427924 goal=0 here=0 tx=8592:busy", "d5": "1"}
09:19:49 {"d0": "0", "d3": "", "d5": "1"}
09:19:51 {"d0": "0", "d3": "tick=1428324 goal=0 here=0 tx=8597:lost", "d5": "0"}
09:19:53 {"d0": "0", "d3": "tick=1428524 goal=0 here=0 tx=8600:busy", "d5": "0"}
09:19:55 {"d0": "0", "d3": "tick=1428724 goal=0 here=0 tx=8603:lost", "d5": "0"}
09:19:57 {"d0": "0", "d3": "tick=1428924 goal=0 here=0 tx=8606:busy", "d5": "1"}
09:19:59 {"d0": "0", "d3": "tick=1429124 goal=0 here=0 tx=8609:lost", "d5": "0"}
09:20:01 {"d0": "0", "d3": "tick=1429325 goal=0 here=0 tx=8612:busy", "d5": "0"}
09:20:03 {"d0": "0", "d3": "tick=1429525 goal=0 here=0 tx=8614:busy", "d5": "1"}
09:20:05 {"d0": "0", "d3": "tick=1429725 goal=0 here=0 tx=8617:lost", "d5": "1"}
09:20:07 {"d0": "0", "d3": "tick=1429925 goal=0 here=0 tx=8620:busy", "d5": "1"}
09:20:09 {"d0": "0", "d3": "tick=1430125 goal=0 here=0 tx=8623:lost", "d5": "1"}
09:20:11 {"d0": "0", "d3": "tick=1430325 goal=0 here=0 tx=8626:busy", "d5": "1"}
09:20:13 {"d0": "0", "d3": "tick=1430525 goal=0 here=0 tx=8629:lost", "d5": "1"}
09:20:15 {"d0": "0", "d3": "tick=1430725 goal=0 here=0 tx=8632:busy", "d5": "1"}
09:20:17 {"d0": "0", "d3": "tick=1430926 goal=0 here=0 tx=8634:busy", "d5": "0"}
09:20:19 {"d0": "0", "d3": "tick=1431126 goal=0 here=0 tx=8637:lost", "d5": "0"}
09:20:21 {"d0": "0", "d3": "tick=1431326 goal=0 here=0 tx=8640:busy", "d5": "1"}
09:20:23 {"d0": "0", "d3": "tick=1431526 goal=0 here=0 tx=8643:lost", "d5": ""}
09:20:25 {"d0": "0", "d3": "tick=1431726 goal=0 here=0 tx=8646:busy", "d5": "0"}
09:20:27 {"d0": "0", "d3": "tick=1431926 goal=0 here=0 tx=8649:lost", "d5": "0"}
09:20:29 {"d0": "0", "d3": "tick=1432126 goal=0 here=0 tx=8652:busy", "d5": "1"}
09:20:31 {"d0": "0", "d3": "tick=1432326 goal=0 here=0 tx=8654:busy", "d5": "1"}
09:20:33 {"d0": "0", "d3": "tick=1432526 goal=0 here=0 tx=8657:lost", "d5": "1"}
09:20:35 {"d0": "0", "d3": "tick=1432726 goal=0 here=0 tx=8660:busy", "d5": "0"}
09:20:37 {"d0": "0", "d3": "tick=1432927 goal=0 here=0 tx=8663:lost", "d5": "0"}
09:20:39 {"d0": "0", "d3": "tick=1433127 goal=0 here=0 tx=8666:busy", "d5": "1"}
09:20:41 {"d0": "0", "d3": "tick=1433327 goal=0 here=0 tx=8669:lost", "d5": "1"}
09:20:43 {"d0": "0", "d3": "tick=1433527 goal=0 here=0 tx=8672:busy", "d5": "1"}
09:20:45 {"d0": "0", "d3": "", "d5": "1"}
09:20:47 {"d0": "", "d3": "tick=1433927 goal=0 here=0 tx=8677:lost", "d5": "0"}
09:20:49 {"d0": "", "d3": "tick=1434128 goal=0 here=0 tx=8680:busy", "d5": "1"}
09:20:51 {"d0": "0", "d3": "tick=1434328 goal=0 here=0 tx=8683:lost", "d5": "0"}
09:20:53 {"d0": "0", "d3": "tick=1434528 goal=0 here=0 tx=8686:busy", "d5": "0"}
09:20:55 {"d0": "0", "d3": "tick=1434728 goal=0 here=0 tx=8689:lost", "d5": "1"}
09:20:57 {"d0": "0", "d3": "tick=1434928 goal=0 here=0 tx=8692:busy", "d5": "0"}
09:20:59 {"d0": "0", "d3": "tick=1435128 goal=0 here=0 tx=8694:busy", "d5": "0"}
09:21:01 {"d0": "0", "d3": "tick=1435328 goal=0 here=0 tx=8697:lost", "d5": "0"}
09:21:03 {"d0": "0", "d3": "tick=1435530 goal=0 here=0 tx=8700:busy", "d5": "1"}
09:21:05 {"d0": "0", "d3": "tick=1435731 goal=0 here=0 tx=8703:lost", "d5": "0"}
09:21:07 {"d0": "0", "d3": "tick=1435931 goal=0 here=0 tx=8706:busy", "d5": "0"}
09:21:09 {"d0": "0", "d3": "tick=1436131 goal=0 here=0 tx=8709:lost", "d5": "0"}
09:21:11 {"d0": "0", "d3": "tick=1436331 goal=0 here=0 tx=8712:busy", "d5": ""}
09:21:13 {"d0": "0", "d3": "tick=1436529 goal=0 here=0 tx=8715:lost", "d5": "0"}
09:21:15 {"d0": "0", "d3": "tick=1436733 goal=0 here=0 tx=8717:lost", "d5": "0"}
09:21:17 {"d0": "0", "d3": "tick=1436933 goal=0 here=0 tx=8720:busy", "d5": "0"}
09:21:19 {"d0": "0", "d3": "tick=1437134 goal=0 here=0 tx=8723:lost", "d5": "0"}
09:21:21 {"d0": "", "d3": "tick=1437334 goal=0 here=0 tx=8726:busy", "d5": "0"}
09:21:23 {"d0": "0", "d3": "tick=1437534 goal=0 here=0 tx=8729:lost", "d5": "0"}
09:21:25 {"d0": "0", "d3": "tick=1437734 goal=0 here=0 tx=8732:busy", "d5": "0"}
09:21:27 {"d0": "0", "d3": "tick=1437934 goal=0 here=0 tx=8735:lost", "d5": "0"}
09:21:29 {"d0": "0", "d3": "tick=1438134 goal=0 here=0 tx=8737:lost", "d5": "0"}
09:21:31 {"d0": "0", "d3": "tick=1438334 goal=0 here=0 tx=8740:busy", "d5": "0"}
09:21:33 {"d0": "0", "d3": "tick=1438535 goal=0 here=0 tx=8743:lost", "d5": "0"}
09:21:35 {"d0": "0", "d3": "tick=1438735 goal=0 here=0 tx=8746:busy", "d5": "0"}
09:21:37 {"d0": "0", "d3": "tick=1438935 goal=0 here=0 tx=8749:lost", "d5": "0"}
09:21:39 {"d0": "0", "d3": "tick=1439135 goal=0 here=0 tx=8752:busy", "d5": "0"}
09:21:41 {"d0": "0", "d3": "tick=1439335 goal=0 here=0 tx=8755:lost", "d5": "0"}
09:21:43 {"d0": "0", "d3": "tick=1439536 goal=0 here=0 tx=8757:lost", "d5": "0"}
09:21:45 {"d0": "0", "d3": "tick=1439736 goal=0 here=0 tx=8760:busy", "d5": "0"}
09:21:47 {"d0": "0", "d3": "tick=1439936 goal=0 here=0 tx=8763:lost", "d5": "0"}
09:21:49 {"d0": "0", "d3": "tick=1440136 goal=0 here=0 tx=8766:busy", "d5": "0"}
09:21:51 {"d0": "0", "d3": "tick=1440336 goal=0 here=0 tx=8769:lost", "d5": "0"}
09:21:53 {"d0": "0", "d3": "tick=1440536 goal=0 here=0 tx=8772:busy", "d5": "0"}
09:21:55 {"d0": "0", "d3": "tick=1440736 goal=0 here=0 tx=8775:lost", "d5": "0"}
09:21:57 {"d0": "0", "d3": "tick=1440936 goal=0 here=0 tx=8777:lost", "d5": "0"}
09:21:59 {"d0": "0", "d3": "tick=1441136 goal=0 here=0 tx=8780:busy", "d5": "0"}
09:22:01 {"d0": "0", "d3": "tick=1441336 goal=0 here=0 tx=8783:lost", "d5": "0"}
09:22:03 {"d0": "0", "d3": "tick=1441536 goal=0 here=0 tx=8786:busy", "d5": "0"}
09:22:05 {"d0": "0", "d3": "tick=1441736 goal=0 here=0 tx=8789:lost", "d5": "0"}
09:22:07 {"d0": "0", "d3": "tick=1441936 goal=0 here=0 tx=8792:busy", "d5": "0"}
09:22:09 {"d0": "0", "d3": "tick=1442137 goal=0 here=0 tx=8795:lost", "d5": "0"}
09:22:11 {"d0": "0", "d3": "tick=1442337 goal=0 here=0 tx=8797:lost", "d5": "0"}
09:22:13 {"d0": "0", "d3": "tick=1442537 goal=0 here=0 tx=8800:busy", "d5": "0"}
09:22:15 {"d0": "0", "d3": "tick=1442737 goal=0 here=0 tx=8803:lost", "d5": "0"}
09:22:17 {"d0": "0", "d3": "tick=1442935 goal=0 here=0 tx=8806:busy", "d5": "0"}
09:22:19 {"d0": "0", "d3": "tick=1443138 goal=0 here=0 tx=8809:lost", "d5": "0"}
09:22:21 {"d0": "0", "d3": "tick=1443338 goal=0 here=0 tx=8812:busy", "d5": "0"}
09:22:23 {"d0": "0", "d3": "tick=1443538 goal=0 here=0 tx=8815:lost", "d5": "0"}
09:22:25 {"d0": "0", "d3": "tick=1443739 goal=0 here=0 tx=8817:lost", "d5": "0"}
09:22:27 {"d0": "0", "d3": "tick=1443939 goal=0 here=0 tx=8820:busy", "d5": "0"}
09:22:29 {"d0": "0", "d3": "tick=1444139 goal=0 here=0 tx=8823:lost", "d5": "0"}
09:22:31 {"d0": "0", "d3": "tick=1444339 goal=0 here=0 tx=8826:busy", "d5": "0"}
09:22:33 {"d0": "0", "d3": "tick=1444539 goal=0 here=0 tx=8829:lost", "d5": "0"}
09:22:35 {"d0": "0", "d3": "tick=1444739 goal=0 here=0 tx=8832:busy", "d5": "0"}
09:22:37 {"d0": "0", "d3": "tick=1444939 goal=0 here=0 tx=8835:lost", "d5": "0"}
09:22:39 {"d0": "0", "d3": "tick=1445139 goal=0 here=0 tx=8837:lost", "d5": "0"}
09:22:41 {"d0": "0", "d3": "tick=1445339 goal=0 here=0 tx=8840:busy", "d5": "0"}
09:22:43 {"d0": "0", "d3": "tick=1445539 goal=0 here=0 tx=8843:lost", "d5": "0"}
09:22:45 {"d0": "0", "d3": "tick=1445739 goal=0 here=0 tx=8846:busy", "d5": "0"}
09:22:47 {"d0": "0", "d3": "tick=1445939 goal=0 here=0 tx=8849:lost", "d5": "0"}
09:22:49 {"d0": "0", "d3": "tick=1446139 goal=0 here=0 tx=8852:busy", "d5": "0"}
09:22:51 {"d0": "0", "d3": "tick=1446339 goal=0 here=0 tx=8855:lost", "d5": "0"}
09:22:53 {"d0": "0", "d3": "tick=1446539 goal=0 here=0 tx=8857:lost", "d5": "0"}
09:22:55 {"d0": "0", "d3": "tick=1446740 goal=0 here=0 tx=8860:busy", "d5": "0"}
09:22:57 {"d0": "0", "d3": "tick=1446940 goal=0 here=0 tx=8863:lost", "d5": "0"}
09:22:59 {"d0": "0", "d3": "tick=1447141 goal=0 here=0 tx=8866:busy", "d5": "0"}
09:23:01 {"d0": "0", "d3": "tick=1447341 goal=0 here=0 tx=8869:lost", "d5": "0"}
09:23:03 {"d0": "0", "d3": "tick=1447541 goal=0 here=0 tx=8872:busy", "d5": "0"}
09:23:05 {"d0": "0", "d3": "tick=1447741 goal=0 here=0 tx=8875:lost", "d5": "0"}
09:23:07 {"d0": "0", "d3": "tick=1447941 goal=0 here=0 tx=8877:lost", "d5": "0"}
09:23:09 {"d0": "0", "d3": "tick=1448141 goal=0 here=0 tx=8880:busy", "d5": "0"}
09:23:11 {"d0": "0", "d3": "tick=1448341 goal=0 here=0 tx=8883:lost", "d5": "0"}
09:23:13 {"d0": "0", "d3": "tick=1448541 goal=0 here=0 tx=8886:busy", "d5": "0"}
09:23:15 {"d0": "0", "d3": "tick=1448742 goal=0 here=0 tx=8889:lost", "d5": "0"}
09:23:17 {"d0": "0", "d3": "tick=1448942 goal=0 here=0 tx=8892:busy", "d5": "0"}
09:23:19 {"d0": "0", "d3": "tick=1449142 goal=0 here=0 tx=8895:lost", "d5": "0"}
09:23:21 {"d0": "0", "d3": "tick=1449342 goal=0 here=0 tx=8898:busy", "d5": "0"}
09:23:23 {"d0": "0", "d3": "tick=1449542 goal=0 here=0 tx=8900:busy", "d5": "0"}
09:23:25 {"d0": "0", "d3": "tick=1449742 goal=0 here=0 tx=8903:lost", "d5": "0"}
09:23:27 {"d0": "0", "d3": "tick=1449942 goal=0 here=0 tx=8906:busy", "d5": "0"}
09:23:29 {"d0": "0", "d3": "tick=1450143 goal=0 here=0 tx=8909:lost", "d5": "0"}
09:23:31 {"d0": "0", "d3": "tick=1450343 goal=0 here=0 tx=8912:busy", "d5": "0"}
09:23:33 {"d0": "0", "d3": "tick=1450543 goal=0 here=0 tx=8915:lost", "d5": "0"}
09:23:35 {"d0": "0", "d3": "", "d5": "0"}
